#FORMAT=WebAnno TSV 3.3
#T_SP=custom.Span|label


#Text=bilden, welche ſofort ſich auf den Faſern niederſchlagen werden;
#Text=iſt die Flüſſig-
#Text=keit derart, daß bei ihrer elektrolytiſchen Behandlung bleichende Produkte
#Text=auftreten, ſo werden dieſe ſofort ihren bleichenden Einfluß auf die Faſern
#Text=ausüben.
1-1	1-7	bilden	_	
1-2	7-8	,	_	
1-3	9-15	welche	_	
1-4	16-22	ſofort	_	
1-5	23-27	ſich	_	
1-6	28-31	auf	_	
1-7	32-35	den	_	
1-8	36-42	Faſern	_	
1-9	43-57	niederſchlagen	_	
1-10	58-64	werden	_	
1-11	64-65	;	_	
1-12	66-69	iſt	_	
1-13	70-73	die	_	
1-14	74-81	Flüſſig	_	
1-15	81-82	-	_	
1-16	83-87	keit	_	
1-17	88-94	derart	_	
1-18	94-95	,	_	
1-19	96-99	daß	_	
1-20	100-103	bei	_	
1-21	104-109	ihrer	_	
1-22	110-126	elektrolytiſchen	_	
1-23	127-137	Behandlung	_	
1-24	138-148	bleichende	_	
1-25	149-157	Produkte	_	
1-26	158-167	auftreten	_	
1-27	167-168	,	_	
1-28	169-171	ſo	_	
1-29	172-178	werden	_	
1-30	179-184	dieſe	_	
1-31	185-191	ſofort	_	
1-32	192-197	ihren	_	
1-33	198-209	bleichenden	_	
1-34	210-217	Einfluß	_	
1-35	218-221	auf	_	
1-36	222-225	die	_	
1-37	226-232	Faſern	_	
1-38	233-240	ausüben	_	
1-39	240-241	.	_	

#Text=Werden gefärbte Zeuge mit Löſungen getränkt, bei deren Elektro-
#Text=lyſe Produkte auftreten, welche den Farbſtoff zerſtören, ſo tritt Aetzung ein;
#Text=
#Text=wird aber eine derartig ätzende Löſung zugleich mit Anilinſalz verſetzt, ſo
#Text=
#Text=tritt auf der geätzten Stelle gleichzeitig die Bildung von Anilinſchwarz auf.
2-1	242-248	Werden	_	
2-2	249-257	gefärbte	_	
2-3	258-263	Zeuge	_	
2-4	264-267	mit	_	
2-5	268-276	Löſungen	_	
2-6	277-285	getränkt	_	
2-7	285-286	,	_	
2-8	287-290	bei	_	
2-9	291-296	deren	_	
2-10	297-304	Elektro	_	
2-11	304-305	-	_	
2-12	306-310	lyſe	_	
2-13	311-319	Produkte	_	
2-14	320-329	auftreten	_	
2-15	329-330	,	_	
2-16	331-337	welche	_	
2-17	338-341	den	_	
2-18	342-351	Farbſtoff	_	
2-19	352-361	zerſtören	_	
2-20	361-362	,	_	
2-21	363-365	ſo	_	
2-22	366-371	tritt	_	
2-23	372-379	Aetzung	_	
2-24	380-383	ein	_	
2-25	383-384	;	_	
2-26	386-390	wird	_	
2-27	391-395	aber	_	
2-28	396-400	eine	_	
2-29	401-409	derartig	_	
2-30	410-417	ätzende	_	
2-31	418-424	Löſung	_	
2-32	425-433	zugleich	_	
2-33	434-437	mit	_	
2-34	438-448	Anilinſalz	_	
2-35	449-457	verſetzt	_	
2-36	457-458	,	_	
2-37	459-461	ſo	_	
2-38	463-468	tritt	_	
2-39	469-472	auf	_	
2-40	473-476	der	_	
2-41	477-485	geätzten	_	
2-42	486-492	Stelle	_	
2-43	493-505	gleichzeitig	_	
2-44	506-509	die	_	
2-45	510-517	Bildung	_	
2-46	518-521	von	_	
2-47	522-535	Anilinſchwarz	_	
2-48	536-539	auf	_	
2-49	539-540	.	_	

#Text=Ja, es iſt ſogar gelungen, die Indigoküpe erſt auf der Faſer ſelbſt zu
#Text=erzeugen, d. h. alſo den Indigo- auf der Faſer in Indigweiß zu verwandeln.
3-1	542-544	Ja	_	
3-2	544-545	,	_	
3-3	546-548	es	_	
3-4	549-552	iſt	_	
3-5	553-558	ſogar	_	
3-6	559-567	gelungen	_	
3-7	567-568	,	_	
3-8	569-572	die	_	
3-9	573-583	Indigoküpe	_	
3-10	584-588	erſt	_	
3-11	589-592	auf	_	
3-12	593-596	der	_	
3-13	597-602	Faſer	_	
3-14	603-609	ſelbſt	_	
3-15	610-612	zu	_	
3-16	613-621	erzeugen	_	
3-17	621-622	,	_	
3-18	623-624	d	_	
3-19	624-625	.	_	
3-20	626-627	h	_	
3-21	627-628	.	_	
3-22	629-633	alſo	_	
3-23	634-637	den	_	
3-24	638-644	Indigo	_	
3-25	644-645	-	_	
3-26	646-649	auf	_	
3-27	650-653	der	_	
3-28	654-659	Faſer	_	
3-29	660-662	in	_	
3-30	663-672	Indigweiß	_	
3-31	673-675	zu	_	
3-32	676-686	verwandeln	_	
3-33	686-687	.	_	

#Text=Herr Profeſſor Dr.
4-1	689-693	Herr	_	
4-2	694-703	Profeſſor	_	
4-3	704-706	Dr	_	
4-4	706-707	.	_	

#Text=Goppelsröder verwendete zu dieſem
#Text=Zwecke
#Text=eine
#Text=Miſchung von fein geriebenem Indigo mit einer wäſſerigen Löſung eines
#Text=Aetzalkalis, mit welcher das zu färbende Zeug getränkt wurde.
5-1	708-720	Goppelsröder	_	
5-2	721-731	verwendete	_	
5-3	732-734	zu	_	
5-4	735-741	dieſem	_	
5-5	742-748	Zwecke	_	
5-6	749-753	eine	_	
5-7	754-762	Miſchung	_	
5-8	763-766	von	_	
5-9	767-771	fein	_	
5-10	772-782	geriebenem	_	
5-11	783-789	Indigo	_	
5-12	790-793	mit	_	
5-13	794-799	einer	_	
5-14	800-810	wäſſerigen	_	
5-15	811-817	Löſung	_	
5-16	818-823	eines	_	
5-17	824-835	Aetzalkalis	_	
5-18	835-836	,	_	
5-19	837-840	mit	_	
5-20	841-848	welcher	_	
5-21	849-852	das	_	
5-22	853-855	zu	_	
5-23	856-864	färbende	_	
5-24	865-869	Zeug	_	
5-25	870-878	getränkt	_	
5-26	879-884	wurde	_	
5-27	884-885	.	_	

#Text=Das ſo ge-
#Text=tränkte Zeug wurde zwiſchen zwei als Elektroden wirkende Metallplatten ge-
#Text=legt und nun der galvaniſche Strom durchgeleitet;
#Text=dabei löſt ſich der Indigo
#Text=zu Indigweiß und dringt in Löſung in die Faſer, während ſich auf der
#Text=Faſeroberfläche der eigentümliche Kupferglanz der Küpe zeigte unter gleich-
#Text=zeitiger Entwickelung des charakteriſtiſchen Küpengeruchs.
6-1	886-889	Das	_	
6-2	890-892	ſo	_	
6-3	893-895	ge	_	
6-4	895-896	-	_	
6-5	897-904	tränkte	_	
6-6	905-909	Zeug	_	
6-7	910-915	wurde	_	
6-8	916-924	zwiſchen	_	
6-9	925-929	zwei	_	
6-10	930-933	als	_	
6-11	934-944	Elektroden	_	
6-12	945-953	wirkende	_	
6-13	954-967	Metallplatten	_	
6-14	968-970	ge	_	
6-15	970-971	-	_	
6-16	972-976	legt	_	
6-17	977-980	und	_	
6-18	981-984	nun	_	
6-19	985-988	der	_	
6-20	989-1000	galvaniſche	_	
6-21	1001-1006	Strom	_	
6-22	1007-1020	durchgeleitet	_	
6-23	1020-1021	;	_	
6-24	1022-1027	dabei	_	
6-25	1028-1032	löſt	_	
6-26	1033-1037	ſich	_	
6-27	1038-1041	der	_	
6-28	1042-1048	Indigo	_	
6-29	1049-1051	zu	_	
6-30	1052-1061	Indigweiß	_	
6-31	1062-1065	und	_	
6-32	1066-1072	dringt	_	
6-33	1073-1075	in	_	
6-34	1076-1082	Löſung	_	
6-35	1083-1085	in	_	
6-36	1086-1089	die	_	
6-37	1090-1095	Faſer	_	
6-38	1095-1096	,	_	
6-39	1097-1104	während	_	
6-40	1105-1109	ſich	_	
6-41	1110-1113	auf	_	
6-42	1114-1117	der	_	
6-43	1118-1133	Faſeroberfläche	Smell\_Source	
6-44	1134-1137	der	_	
6-45	1138-1151	eigentümliche	_	
6-46	1152-1163	Kupferglanz	_	
6-47	1164-1167	der	_	
6-48	1168-1172	Küpe	_	
6-49	1173-1179	zeigte	_	
6-50	1180-1185	unter	_	
6-51	1186-1192	gleich	_	
6-52	1192-1193	-	_	
6-53	1194-1202	zeitiger	_	
6-54	1203-1215	Entwickelung	_	
6-55	1216-1219	des	_	
6-56	1220-1238	charakteriſtiſchen	Quality	
6-57	1239-1251	Küpengeruchs	Smell\_Word	
6-58	1251-1252	.	_	

#Text=Wird derart be-
#Text=handeltes Zeug der Luft ausgeſetzt, ſo wird das Indigweiß wieder in Blau
#Text=
#Text=\f
#Text=[558/0606
#Text=]
#Text=verwandelt, welches ebenſo ſolid auf der Faſer fixiert iſt, wie das auf der
#Text=Küpe angeblaute.
7-1	1253-1257	Wird	_	
7-2	1258-1264	derart	_	
7-3	1265-1267	be	_	
7-4	1267-1268	-	_	
7-5	1269-1278	handeltes	_	
7-6	1279-1283	Zeug	_	
7-7	1284-1287	der	_	
7-8	1288-1292	Luft	_	
7-9	1293-1303	ausgeſetzt	_	
7-10	1303-1304	,	_	
7-11	1305-1307	ſo	_	
7-12	1308-1312	wird	_	
7-13	1313-1316	das	_	
7-14	1317-1326	Indigweiß	_	
7-15	1327-1333	wieder	_	
7-16	1334-1336	in	_	
7-17	1337-1341	Blau	_	
7-18	1345-1346	[	_	
7-19	1346-1349	558	_	
7-20	1349-1350	/	_	
7-21	1350-1354	0606	_	
7-22	1355-1356	]	_	
7-23	1357-1367	verwandelt	_	
7-24	1367-1368	,	_	
7-25	1369-1376	welches	_	
7-26	1377-1383	ebenſo	_	
7-27	1384-1389	ſolid	_	
7-28	1390-1393	auf	_	
7-29	1394-1397	der	_	
7-30	1398-1403	Faſer	_	
7-31	1404-1411	fixiert	_	
7-32	1412-1415	iſt	_	
7-33	1415-1416	,	_	
7-34	1417-1420	wie	_	
7-35	1421-1424	das	_	
7-36	1425-1428	auf	_	
7-37	1429-1432	der	_	
7-38	1433-1437	Küpe	_	
7-39	1438-1448	angeblaute	_	
7-40	1448-1449	.	_	

#Text=Aehnlich wie der Indigo verhalten ſich aber auch Indophenol,
#Text=Coeruleïn, Alizarinblau und Alizarinſchwarz.
8-1	1452-1460	Aehnlich	_	
8-2	1461-1464	wie	_	
8-3	1465-1468	der	_	
8-4	1469-1475	Indigo	_	
8-5	1476-1485	verhalten	_	
8-6	1486-1490	ſich	_	
8-7	1491-1495	aber	_	
8-8	1496-1500	auch	_	
8-9	1501-1511	Indophenol	_	
8-10	1511-1512	,	_	
8-11	1513-1522	Coeruleïn	_	
8-12	1522-1523	,	_	
8-13	1524-1536	Alizarinblau	_	
8-14	1537-1540	und	_	
8-15	1541-1556	Alizarinſchwarz	_	
8-16	1556-1557	.	_	

#Text=Bei den letzteren 3
#Text=
#Text=kommt uns das nicht ſo zu Bewußtſein, weil uns die Farbenfabriken die-
#Text=ſelben bereits in Küpenform liefern, denn die Farbſtoffe Coeruleïn S, Alizarin-
#Text=blau S, Alizarinſchwarz S ſind nichts anders, als die Hypoſulfitverbindungen
#Text=der betreffenden unlöslichen indifferenten Stoffe, und deren einfache wäſſerige
#Text=Löſungen ſind thatſächlich nichts anderes, als konzentrierte Coeruleïn- ꝛc.
9-1	1558-1561	Bei	_	
9-2	1562-1565	den	_	
9-3	1566-1575	letzteren	_	
9-4	1576-1577	3	_	
9-5	1579-1584	kommt	_	
9-6	1585-1588	uns	_	
9-7	1589-1592	das	_	
9-8	1593-1598	nicht	_	
9-9	1599-1601	ſo	_	
9-10	1602-1604	zu	_	
9-11	1605-1615	Bewußtſein	_	
9-12	1615-1616	,	_	
9-13	1617-1621	weil	_	
9-14	1622-1625	uns	_	
9-15	1626-1629	die	_	
9-16	1630-1644	Farbenfabriken	_	
9-17	1645-1648	die	_	
9-18	1648-1649	-	_	
9-19	1650-1656	ſelben	_	
9-20	1657-1664	bereits	_	
9-21	1665-1667	in	_	
9-22	1668-1677	Küpenform	_	
9-23	1678-1685	liefern	_	
9-24	1685-1686	,	_	
9-25	1687-1691	denn	_	
9-26	1692-1695	die	_	
9-27	1696-1706	Farbſtoffe	_	
9-28	1707-1716	Coeruleïn	_	
9-29	1717-1718	S	_	
9-30	1718-1719	,	_	
9-31	1720-1728	Alizarin	_	
9-32	1728-1729	-	_	
9-33	1730-1734	blau	_	
9-34	1735-1736	S	_	
9-35	1736-1737	,	_	
9-36	1738-1753	Alizarinſchwarz	_	
9-37	1754-1755	S	_	
9-38	1756-1760	ſind	_	
9-39	1761-1767	nichts	_	
9-40	1768-1774	anders	_	
9-41	1774-1775	,	_	
9-42	1776-1779	als	_	
9-43	1780-1783	die	_	
9-44	1784-1806	Hypoſulfitverbindungen	_	
9-45	1807-1810	der	_	
9-46	1811-1823	betreffenden	_	
9-47	1824-1835	unlöslichen	_	
9-48	1836-1849	indifferenten	_	
9-49	1850-1856	Stoffe	_	
9-50	1856-1857	,	_	
9-51	1858-1861	und	_	
9-52	1862-1867	deren	_	
9-53	1868-1876	einfache	_	
9-54	1877-1886	wäſſerige	_	
9-55	1887-1895	Löſungen	_	
9-56	1896-1900	ſind	_	
9-57	1901-1913	thatſächlich	_	
9-58	1914-1920	nichts	_	
9-59	1921-1928	anderes	_	
9-60	1928-1929	,	_	
9-61	1930-1933	als	_	
9-62	1934-1947	konzentrierte	_	
9-63	1948-1957	Coeruleïn	_	
9-64	1957-1958	-	_	
9-65	1959-1961	ꝛc	_	
9-66	1961-1962	.	_	

#Text=Küpen.
10-1	1964-1969	Küpen	_	
10-2	1969-1970	.	_	

#Text=Weiteres über das Küpenverhältnis dieſer Farbſtoffe vergl.
11-1	1971-1979	Weiteres	_	
11-2	1980-1984	über	_	
11-3	1985-1988	das	_	
11-4	1989-2004	Küpenverhältnis	_	
11-5	2005-2011	dieſer	_	
11-6	2012-2022	Farbſtoffe	_	
11-7	2023-2028	vergl	_	
11-8	2028-2029	.	_	

#Text=Erſter
#Text=Teil § 73, b, 8;
#Text=§ 75, a, 1 und Zweiter Teil § 49.
12-1	2030-2036	Erſter	_	
12-2	2037-2041	Teil	_	
12-3	2042-2043	§	_	
12-4	2044-2046	73	_	
12-5	2046-2047	,	_	
12-6	2048-2049	b	_	
12-7	2049-2050	,	_	
12-8	2051-2052	8	_	
12-9	2052-2053	;	_	
12-10	2054-2055	§	_	
12-11	2056-2058	75	_	
12-12	2058-2059	,	_	
12-13	2060-2061	a	_	
12-14	2061-2062	,	_	
12-15	2063-2064	1	_	
12-16	2065-2068	und	_	
12-17	2069-2076	Zweiter	_	
12-18	2077-2081	Teil	_	
12-19	2082-2083	§	_	
12-20	2084-2086	49	_	
12-21	2086-2087	.	_	

#Text=Bezüglich des Indophenols, welches die auf dasſelbe geſetzten Hoffnungen
#Text=nur unvollkommen erfüllt hat, haben Ende Februar 1889 *) die Herren
#Text=Durand, Huguenin & Comp. in Baſel die intereſſante Beobachtung gemacht,
#Text=daß eine gemiſchte Indigo-Indophenolküpe ausgezeichnete Reſultate liefert.
13-1	2089-2098	Bezüglich	_	
13-2	2099-2102	des	_	
13-3	2103-2114	Indophenols	_	
13-4	2114-2115	,	_	
13-5	2116-2123	welches	_	
13-6	2124-2127	die	_	
13-7	2128-2131	auf	_	
13-8	2132-2140	dasſelbe	_	
13-9	2141-2150	geſetzten	_	
13-10	2151-2161	Hoffnungen	_	
13-11	2162-2165	nur	_	
13-12	2166-2178	unvollkommen	_	
13-13	2179-2186	erfüllt	_	
13-14	2187-2190	hat	_	
13-15	2190-2191	,	_	
13-16	2192-2197	haben	_	
13-17	2198-2202	Ende	_	
13-18	2203-2210	Februar	_	
13-19	2211-2215	1889	_	
13-20	2216-2217	*	_	
13-21	2217-2218	)	_	
13-22	2219-2222	die	_	
13-23	2223-2229	Herren	_	
13-24	2230-2236	Durand	_	
13-25	2236-2237	,	_	
13-26	2238-2246	Huguenin	_	
13-27	2247-2248	&	_	
13-28	2249-2253	Comp	_	
13-29	2253-2254	.	_	
13-30	2255-2257	in	_	
13-31	2258-2263	Baſel	_	
13-32	2264-2267	die	_	
13-33	2268-2280	intereſſante	_	
13-34	2281-2292	Beobachtung	_	
13-35	2293-2300	gemacht	_	
13-36	2300-2301	,	_	
13-37	2302-2305	daß	_	
13-38	2306-2310	eine	_	
13-39	2311-2320	gemiſchte	_	
13-40	2321-2342	Indigo-Indophenolküpe	_	
13-41	2343-2357	ausgezeichnete	_	
13-42	2358-2367	Reſultate	_	
13-43	2368-2375	liefert	_	
13-44	2375-2376	.	_	
