#FORMAT=WebAnno TSV 3.3


#Text=13 Et ornata es auro et argento, et vestita es bysso et polymito et multicoloribus : similam, et mel, et oleum comedisti : et decora facta es vehementer nimis, et profecisti in regnum.
#Text=14 Et egressum est nomen tuum in gentes propter speciem tuam, quia perfecta eras in decore meo quem posueram super te, dicit Dominus Deus.
#Text=15 Et habens fiduciam in pulchritudine tua, fornicata es in nomine tuo : et exposuisti fornicationem tuam omni transeunti, ut ejus fieres.
#Text=16 Et sumens de vestimentis tuis, fecisti tibi excelsa hinc inde consuta, et fornicata es super eis sicut non est factum, neque futurum est.
#Text=17 Et tulisti vasa decoris tui de auro meo atque argento meo, quæ dedi tibi, et fecisti tibi imagines masculinas, et fornicata es in eis.
#Text=18 Et sumpsisti vestimenta tua multicoloria, et operuisti illas, et oleum meum et thymiama meum posuisti coram eis.
#Text=19 Et panem meum quem dedi tibi, similam, et oleum, et mel, quibus enutrivi te, posuisti in conspectu eorum in odorem suavitatis : et factum est, ait Dominus Deus.
#Text=20 Et tulisti filios tuos et filias tuas quas generasti mihi, et immolasti eis ad devorandum.
1-1	2-4	13	
1-2	5-7	Et	
1-3	8-14	ornata	
1-4	15-17	es	
1-5	18-22	auro	
1-6	23-25	et	
1-7	26-33	argento	
1-8	33-34	,	
1-9	35-37	et	
1-10	38-45	vestita	
1-11	46-48	es	
1-12	49-54	bysso	
1-13	55-57	et	
1-14	58-66	polymito	
1-15	67-69	et	
1-16	70-84	multicoloribus	
1-17	85-86	:	
1-18	87-94	similam	
1-19	94-95	,	
1-20	96-98	et	
1-21	99-102	mel	
1-22	102-103	,	
1-23	104-106	et	
1-24	107-112	oleum	
1-25	113-122	comedisti	
1-26	123-124	:	
1-27	125-127	et	
1-28	128-134	decora	
1-29	135-140	facta	
1-30	141-143	es	
1-31	144-154	vehementer	
1-32	155-160	nimis	
1-33	160-161	,	
1-34	162-164	et	
1-35	165-175	profecisti	
1-36	176-178	in	
1-37	179-185	regnum	
1-38	185-186	.	
1-39	187-189	14	
1-40	190-192	Et	
1-41	193-201	egressum	
1-42	202-205	est	
1-43	206-211	nomen	
1-44	212-216	tuum	
1-45	217-219	in	
1-46	220-226	gentes	
1-47	227-234	propter	
1-48	235-242	speciem	
1-49	243-247	tuam	
1-50	247-248	,	
1-51	249-253	quia	
1-52	254-262	perfecta	
1-53	263-267	eras	
1-54	268-270	in	
1-55	271-277	decore	
1-56	278-281	meo	
1-57	282-286	quem	
1-58	287-295	posueram	
1-59	296-301	super	
1-60	302-304	te	
1-61	304-305	,	
1-62	306-311	dicit	
1-63	312-319	Dominus	
1-64	320-324	Deus	
1-65	324-325	.	
1-66	326-328	15	
1-67	329-331	Et	
1-68	332-338	habens	
1-69	339-347	fiduciam	
1-70	348-350	in	
1-71	351-364	pulchritudine	
1-72	365-368	tua	
1-73	368-369	,	
1-74	370-379	fornicata	
1-75	380-382	es	
1-76	383-385	in	
1-77	386-392	nomine	
1-78	393-396	tuo	
1-79	397-398	:	
1-80	399-401	et	
1-81	402-412	exposuisti	
1-82	413-426	fornicationem	
1-83	427-431	tuam	
1-84	432-436	omni	
1-85	437-447	transeunti	
1-86	447-448	,	
1-87	449-451	ut	
1-88	452-456	ejus	
1-89	457-463	fieres	
1-90	463-464	.	
1-91	465-467	16	
1-92	468-470	Et	
1-93	471-477	sumens	
1-94	478-480	de	
1-95	481-492	vestimentis	
1-96	493-497	tuis	
1-97	497-498	,	
1-98	499-506	fecisti	
1-99	507-511	tibi	
1-100	512-519	excelsa	
1-101	520-524	hinc	
1-102	525-529	inde	
1-103	530-537	consuta	
1-104	537-538	,	
1-105	539-541	et	
1-106	542-551	fornicata	
1-107	552-554	es	
1-108	555-560	super	
1-109	561-564	eis	
1-110	565-570	sicut	
1-111	571-574	non	
1-112	575-578	est	
1-113	579-585	factum	
1-114	585-586	,	
1-115	587-592	neque	
1-116	593-600	futurum	
1-117	601-604	est	
1-118	604-605	.	
1-119	606-608	17	
1-120	609-611	Et	
1-121	612-619	tulisti	
1-122	620-624	vasa	
1-123	625-632	decoris	
1-124	633-636	tui	
1-125	637-639	de	
1-126	640-644	auro	
1-127	645-648	meo	
1-128	649-654	atque	
1-129	655-662	argento	
1-130	663-666	meo	
1-131	666-667	,	
1-132	668-671	quæ	
1-133	672-676	dedi	
1-134	677-681	tibi	
1-135	681-682	,	
1-136	683-685	et	
1-137	686-693	fecisti	
1-138	694-698	tibi	
1-139	699-707	imagines	
1-140	708-718	masculinas	
1-141	718-719	,	
1-142	720-722	et	
1-143	723-732	fornicata	
1-144	733-735	es	
1-145	736-738	in	
1-146	739-742	eis	
1-147	742-743	.	
1-148	744-746	18	
1-149	747-749	Et	
1-150	750-759	sumpsisti	
1-151	760-770	vestimenta	
1-152	771-774	tua	
1-153	775-787	multicoloria	
1-154	787-788	,	
1-155	789-791	et	
1-156	792-801	operuisti	
1-157	802-807	illas	
1-158	807-808	,	
1-159	809-811	et	
1-160	812-817	oleum	
1-161	818-822	meum	
1-162	823-825	et	
1-163	826-834	thymiama	
1-164	835-839	meum	
1-165	840-848	posuisti	
1-166	849-854	coram	
1-167	855-858	eis	
1-168	858-859	.	
1-169	860-862	19	
1-170	863-865	Et	
1-171	866-871	panem	
1-172	872-876	meum	
1-173	877-881	quem	
1-174	882-886	dedi	
1-175	887-891	tibi	
1-176	891-892	,	
1-177	893-900	similam	
1-178	900-901	,	
1-179	902-904	et	
1-180	905-910	oleum	
1-181	910-911	,	
1-182	912-914	et	
1-183	915-918	mel	
1-184	918-919	,	
1-185	920-926	quibus	
1-186	927-935	enutrivi	
1-187	936-938	te	
1-188	938-939	,	
1-189	940-948	posuisti	
1-190	949-951	in	
1-191	952-961	conspectu	
1-192	962-967	eorum	
1-193	968-970	in	
1-194	971-977	odorem	
1-195	978-988	suavitatis	
1-196	989-990	:	
1-197	991-993	et	
1-198	994-1000	factum	
1-199	1001-1004	est	
1-200	1004-1005	,	
1-201	1006-1009	ait	
1-202	1010-1017	Dominus	
1-203	1018-1022	Deus	
1-204	1022-1023	.	
1-205	1024-1026	20	
1-206	1027-1029	Et	
1-207	1030-1037	tulisti	
1-208	1038-1044	filios	
1-209	1045-1049	tuos	
1-210	1050-1052	et	
1-211	1053-1059	filias	
1-212	1060-1064	tuas	
1-213	1065-1069	quas	
1-214	1070-1079	generasti	
1-215	1080-1084	mihi	
1-216	1084-1085	,	
1-217	1086-1088	et	
1-218	1089-1098	immolasti	
1-219	1099-1102	eis	
1-220	1103-1105	ad	
1-221	1106-1116	devorandum	
1-222	1116-1117	.	

#Text=Numquid parva est fornicatio tua ?
2-1	1118-1125	Numquid	
2-2	1126-1131	parva	
2-3	1132-1135	est	
2-4	1136-1146	fornicatio	
2-5	1147-1150	tua	
2-6	1151-1152	?	

#Text=21 Immolasti filios meos, et dedisti, illos consecrans, eis.
#Text=22 Et post omnes abominationes tuas et fornicationes, non es recordata dierum adolescentiæ tuæ, quando eras nuda et confusione plena, conculcata in sanguine tuo.
#Text=23 Et accidit post omnem malitiam tuam (væ, væ tibi !
3-1	1153-1155	21	
3-2	1156-1165	Immolasti	
3-3	1166-1172	filios	
3-4	1173-1177	meos	
3-5	1177-1178	,	
3-6	1179-1181	et	
3-7	1182-1189	dedisti	
3-8	1189-1190	,	
3-9	1191-1196	illos	
3-10	1197-1207	consecrans	
3-11	1207-1208	,	
3-12	1209-1212	eis	
3-13	1212-1213	.	
3-14	1214-1216	22	
3-15	1217-1219	Et	
3-16	1220-1224	post	
3-17	1225-1230	omnes	
3-18	1231-1244	abominationes	
3-19	1245-1249	tuas	
3-20	1250-1252	et	
3-21	1253-1266	fornicationes	
3-22	1266-1267	,	
3-23	1268-1271	non	
3-24	1272-1274	es	
3-25	1275-1284	recordata	
3-26	1285-1291	dierum	
3-27	1292-1304	adolescentiæ	
3-28	1305-1308	tuæ	
3-29	1308-1309	,	
3-30	1310-1316	quando	
3-31	1317-1321	eras	
3-32	1322-1326	nuda	
3-33	1327-1329	et	
3-34	1330-1340	confusione	
3-35	1341-1346	plena	
3-36	1346-1347	,	
3-37	1348-1358	conculcata	
3-38	1359-1361	in	
3-39	1362-1370	sanguine	
3-40	1371-1374	tuo	
3-41	1374-1375	.	
3-42	1376-1378	23	
3-43	1379-1381	Et	
3-44	1382-1389	accidit	
3-45	1390-1394	post	
3-46	1395-1400	omnem	
3-47	1401-1409	malitiam	
3-48	1410-1414	tuam	
3-49	1415-1416	(	
3-50	1416-1418	væ	
3-51	1418-1419	,	
3-52	1420-1422	væ	
3-53	1423-1427	tibi	
3-54	1428-1429	!	

#Text=ait Dominus Deus), 24 et ædificasti tibi lupanar, et fecisti tibi prostibulum in cunctis plateis.
#Text=25 Ad omne caput viæ ædificasti signum prostitutionis tuæ, et abominabilem fecisti decorem tuum : et divisisti pedes tuos omni transeunti, et multiplicasti fornicationes tuas : 26 et fornicata es cum filiis Ægypti, vicinis tuis, magnarum carnium : et multiplicasti fornicationem tuam ad irritandum me.
#Text=27 Ecce ego extendam manum meam super te, et auferam justificationem tuam, et dabo te in animas odientium te filiarum Palæstinarum, quæ erubescunt in via tua scelerata.
#Text=28 Et fornicata es in filiis Assyriorum eo quod necdum fueris expleta : et postquam fornicata es, nec sic es satiata : 29 et multiplicasti fornicationem tuam in terra Chanaan cum Chaldæis, et nec sic satiata es.
#Text=30 In quo mundabo cor tuum, ait Dominus Deus, cum facias omnia hæc opera mulieris meretricis et procacis ?
4-1	1430-1433	ait	
4-2	1434-1441	Dominus	
4-3	1442-1446	Deus	
4-4	1446-1447	)	
4-5	1447-1448	,	
4-6	1449-1451	24	
4-7	1452-1454	et	
4-8	1455-1465	ædificasti	
4-9	1466-1470	tibi	
4-10	1471-1478	lupanar	
4-11	1478-1479	,	
4-12	1480-1482	et	
4-13	1483-1490	fecisti	
4-14	1491-1495	tibi	
4-15	1496-1507	prostibulum	
4-16	1508-1510	in	
4-17	1511-1518	cunctis	
4-18	1519-1526	plateis	
4-19	1526-1527	.	
4-20	1528-1530	25	
4-21	1531-1533	Ad	
4-22	1534-1538	omne	
4-23	1539-1544	caput	
4-24	1545-1548	viæ	
4-25	1549-1559	ædificasti	
4-26	1560-1566	signum	
4-27	1567-1581	prostitutionis	
4-28	1582-1585	tuæ	
4-29	1585-1586	,	
4-30	1587-1589	et	
4-31	1590-1602	abominabilem	
4-32	1603-1610	fecisti	
4-33	1611-1618	decorem	
4-34	1619-1623	tuum	
4-35	1624-1625	:	
4-36	1626-1628	et	
4-37	1629-1638	divisisti	
4-38	1639-1644	pedes	
4-39	1645-1649	tuos	
4-40	1650-1654	omni	
4-41	1655-1665	transeunti	
4-42	1665-1666	,	
4-43	1667-1669	et	
4-44	1670-1683	multiplicasti	
4-45	1684-1697	fornicationes	
4-46	1698-1702	tuas	
4-47	1703-1704	:	
4-48	1705-1707	26	
4-49	1708-1710	et	
4-50	1711-1720	fornicata	
4-51	1721-1723	es	
4-52	1724-1727	cum	
4-53	1728-1734	filiis	
4-54	1735-1741	Ægypti	
4-55	1741-1742	,	
4-56	1743-1750	vicinis	
4-57	1751-1755	tuis	
4-58	1755-1756	,	
4-59	1757-1765	magnarum	
4-60	1766-1773	carnium	
4-61	1774-1775	:	
4-62	1776-1778	et	
4-63	1779-1792	multiplicasti	
4-64	1793-1806	fornicationem	
4-65	1807-1811	tuam	
4-66	1812-1814	ad	
4-67	1815-1825	irritandum	
4-68	1826-1828	me	
4-69	1828-1829	.	
4-70	1830-1832	27	
4-71	1833-1837	Ecce	
4-72	1838-1841	ego	
4-73	1842-1850	extendam	
4-74	1851-1856	manum	
4-75	1857-1861	meam	
4-76	1862-1867	super	
4-77	1868-1870	te	
4-78	1870-1871	,	
4-79	1872-1874	et	
4-80	1875-1882	auferam	
4-81	1883-1898	justificationem	
4-82	1899-1903	tuam	
4-83	1903-1904	,	
4-84	1905-1907	et	
4-85	1908-1912	dabo	
4-86	1913-1915	te	
4-87	1916-1918	in	
4-88	1919-1925	animas	
4-89	1926-1935	odientium	
4-90	1936-1938	te	
4-91	1939-1947	filiarum	
4-92	1948-1960	Palæstinarum	
4-93	1960-1961	,	
4-94	1962-1965	quæ	
4-95	1966-1976	erubescunt	
4-96	1977-1979	in	
4-97	1980-1983	via	
4-98	1984-1987	tua	
4-99	1988-1997	scelerata	
4-100	1997-1998	.	
4-101	1999-2001	28	
4-102	2002-2004	Et	
4-103	2005-2014	fornicata	
4-104	2015-2017	es	
4-105	2018-2020	in	
4-106	2021-2027	filiis	
4-107	2028-2038	Assyriorum	
4-108	2039-2041	eo	
4-109	2042-2046	quod	
4-110	2047-2053	necdum	
4-111	2054-2060	fueris	
4-112	2061-2068	expleta	
4-113	2069-2070	:	
4-114	2071-2073	et	
4-115	2074-2082	postquam	
4-116	2083-2092	fornicata	
4-117	2093-2095	es	
4-118	2095-2096	,	
4-119	2097-2100	nec	
4-120	2101-2104	sic	
4-121	2105-2107	es	
4-122	2108-2115	satiata	
4-123	2116-2117	:	
4-124	2118-2120	29	
4-125	2121-2123	et	
4-126	2124-2137	multiplicasti	
4-127	2138-2151	fornicationem	
4-128	2152-2156	tuam	
4-129	2157-2159	in	
4-130	2160-2165	terra	
4-131	2166-2173	Chanaan	
4-132	2174-2177	cum	
4-133	2178-2186	Chaldæis	
4-134	2186-2187	,	
4-135	2188-2190	et	
4-136	2191-2194	nec	
4-137	2195-2198	sic	
4-138	2199-2206	satiata	
4-139	2207-2209	es	
4-140	2209-2210	.	
4-141	2211-2213	30	
4-142	2214-2216	In	
4-143	2217-2220	quo	
4-144	2221-2228	mundabo	
4-145	2229-2232	cor	
4-146	2233-2237	tuum	
4-147	2237-2238	,	
4-148	2239-2242	ait	
4-149	2243-2250	Dominus	
4-150	2251-2255	Deus	
4-151	2255-2256	,	
4-152	2257-2260	cum	
4-153	2261-2267	facias	
4-154	2268-2273	omnia	
4-155	2274-2277	hæc	
4-156	2278-2283	opera	
4-157	2284-2292	mulieris	
4-158	2293-2303	meretricis	
4-159	2304-2306	et	
4-160	2307-2315	procacis	
4-161	2316-2317	?	

#Text=31 Quia fabricasti lupanar tuum in capite omnis viæ, et excelsum tuum fecisti in omni platea : nec facta es quasi meretrix fastidio augens pretium, 32 sed quasi mulier adultera, quæ super virum suum inducit alienos.
#Text=33 Omnibus meretricibus dantur mercedes : tu autem dedisti mercedes cunctis amatoribus tuis, et dona donabas eis, ut intrarent ad te undique ad fornicandum tecum.
#Text=34 Factumque est in te contra consuetudinem mulierum in fornicationibus tuis, et post te non erit fornicatio : in eo enim quod dedisti mercedes, et mercedes non accepisti, factum est in te contrarium.
5-1	2318-2320	31	
5-2	2321-2325	Quia	
5-3	2326-2336	fabricasti	
5-4	2337-2344	lupanar	
5-5	2345-2349	tuum	
5-6	2350-2352	in	
5-7	2353-2359	capite	
5-8	2360-2365	omnis	
5-9	2366-2369	viæ	
5-10	2369-2370	,	
5-11	2371-2373	et	
5-12	2374-2382	excelsum	
5-13	2383-2387	tuum	
5-14	2388-2395	fecisti	
5-15	2396-2398	in	
5-16	2399-2403	omni	
5-17	2404-2410	platea	
5-18	2411-2412	:	
5-19	2413-2416	nec	
5-20	2417-2422	facta	
5-21	2423-2425	es	
5-22	2426-2431	quasi	
5-23	2432-2440	meretrix	
5-24	2441-2449	fastidio	
5-25	2450-2456	augens	
5-26	2457-2464	pretium	
5-27	2464-2465	,	
5-28	2466-2468	32	
5-29	2469-2472	sed	
5-30	2473-2478	quasi	
5-31	2479-2485	mulier	
5-32	2486-2494	adultera	
5-33	2494-2495	,	
5-34	2496-2499	quæ	
5-35	2500-2505	super	
5-36	2506-2511	virum	
5-37	2512-2516	suum	
5-38	2517-2524	inducit	
5-39	2525-2532	alienos	
5-40	2532-2533	.	
5-41	2534-2536	33	
5-42	2537-2544	Omnibus	
5-43	2545-2557	meretricibus	
5-44	2558-2564	dantur	
5-45	2565-2573	mercedes	
5-46	2574-2575	:	
5-47	2576-2578	tu	
5-48	2579-2584	autem	
5-49	2585-2592	dedisti	
5-50	2593-2601	mercedes	
5-51	2602-2609	cunctis	
5-52	2610-2620	amatoribus	
5-53	2621-2625	tuis	
5-54	2625-2626	,	
5-55	2627-2629	et	
5-56	2630-2634	dona	
5-57	2635-2642	donabas	
5-58	2643-2646	eis	
5-59	2646-2647	,	
5-60	2648-2650	ut	
5-61	2651-2660	intrarent	
5-62	2661-2663	ad	
5-63	2664-2666	te	
5-64	2667-2674	undique	
5-65	2675-2677	ad	
5-66	2678-2689	fornicandum	
5-67	2690-2695	tecum	
5-68	2695-2696	.	
5-69	2697-2699	34	
5-70	2700-2709	Factumque	
5-71	2710-2713	est	
5-72	2714-2716	in	
5-73	2717-2719	te	
5-74	2720-2726	contra	
5-75	2727-2740	consuetudinem	
5-76	2741-2749	mulierum	
5-77	2750-2752	in	
5-78	2753-2768	fornicationibus	
5-79	2769-2773	tuis	
5-80	2773-2774	,	
5-81	2775-2777	et	
5-82	2778-2782	post	
5-83	2783-2785	te	
5-84	2786-2789	non	
5-85	2790-2794	erit	
5-86	2795-2805	fornicatio	
5-87	2806-2807	:	
5-88	2808-2810	in	
5-89	2811-2813	eo	
5-90	2814-2818	enim	
5-91	2819-2823	quod	
5-92	2824-2831	dedisti	
5-93	2832-2840	mercedes	
5-94	2840-2841	,	
5-95	2842-2844	et	
5-96	2845-2853	mercedes	
5-97	2854-2857	non	
5-98	2858-2867	accepisti	
5-99	2867-2868	,	
5-100	2869-2875	factum	
5-101	2876-2879	est	
5-102	2880-2882	in	
5-103	2883-2885	te	
5-104	2886-2896	contrarium	
5-105	2896-2897	.	
