#FORMAT=WebAnno TSV 3.3


#Text=ende dat haar
#Text=pypkens, door het uytsyperende water, souden komen toe te vallen, of te sluyten.
1-1	0-4	ende	
1-2	5-8	dat	
1-3	9-13	haar	
1-4	14-21	pypkens	
1-5	21-22	,	
1-6	23-27	door	
1-7	28-31	het	
1-8	32-44	uytsyperende	
1-9	45-50	water	
1-10	50-51	,	
1-11	52-58	souden	
1-12	59-64	komen	
1-13	65-68	toe	
1-14	69-71	te	
1-15	72-78	vallen	
1-16	78-79	,	
1-17	80-82	of	
1-18	83-85	te	
1-19	86-93	sluyten	
1-20	93-94	.	

#Text=Men kan de beschreeven Long-pypen niet beeter ondersoeken, dan als deese
#Text=Wurmen eenige daagen doot syn geweest, ende dat haare ingewanden swartagtig
#Text=syn geworden:
#Text=want als dan vertoonen sy haar seer vermaekelyk aan het gesigt.
2-1	97-100	Men	
2-2	101-104	kan	
2-3	105-107	de	
2-4	108-119	beschreeven	
2-5	120-130	Long-pypen	
2-6	131-135	niet	
2-7	136-142	beeter	
2-8	143-154	ondersoeken	
2-9	154-155	,	
2-10	156-159	dan	
2-11	160-163	als	
2-12	164-169	deese	
2-13	170-176	Wurmen	
2-14	177-183	eenige	
2-15	184-190	daagen	
2-16	191-195	doot	
2-17	196-199	syn	
2-18	200-207	geweest	
2-19	207-208	,	
2-20	209-213	ende	
2-21	214-217	dat	
2-22	218-223	haare	
2-23	224-234	ingewanden	
2-24	235-245	swartagtig	
2-25	246-249	syn	
2-26	250-258	geworden	
2-27	258-259	:	
2-28	260-264	want	
2-29	265-268	als	
2-30	269-272	dan	
2-31	273-282	vertoonen	
2-32	283-285	sy	
2-33	286-290	haar	
2-34	291-295	seer	
2-35	296-307	vermaekelyk	
2-36	308-311	aan	
2-37	312-315	het	
2-38	316-322	gesigt	
2-39	322-323	.	

#Text=Het welk geschiet, alsoo sy peerel-vervig, ende als opgekookt silver, van couleur
#Text=syn.
3-1	326-329	Het	
3-2	330-334	welk	
3-3	335-343	geschiet	
3-4	343-344	,	
3-5	345-350	alsoo	
3-6	351-353	sy	
3-7	354-367	peerel-vervig	
3-8	367-368	,	
3-9	369-373	ende	
3-10	374-377	als	
3-11	378-387	opgekookt	
3-12	388-394	silver	
3-13	394-395	,	
3-14	396-399	van	
3-15	400-407	couleur	
3-16	408-411	syn	
3-17	411-412	.	

#Text=Ende om dat se door haar harde ende styve stoffe, daar sy uyt bestaan, soo
#Text=licht de verrotting niet en syn onderwerpen;
#Text=om welke reeden sy ook haar figuur
#Text=ende ronte op die tyt behouden.
4-1	413-417	Ende	
4-2	418-420	om	
4-3	421-424	dat	
4-4	425-427	se	
4-5	428-432	door	
4-6	433-437	haar	
4-7	438-443	harde	
4-8	444-448	ende	
4-9	449-454	styve	
4-10	455-461	stoffe	
4-11	461-462	,	
4-12	463-467	daar	
4-13	468-470	sy	
4-14	471-474	uyt	
4-15	475-482	bestaan	
4-16	482-483	,	
4-17	484-487	soo	
4-18	488-493	licht	
4-19	494-496	de	
4-20	497-507	verrotting	
4-21	508-512	niet	
4-22	513-515	en	
4-23	516-519	syn	
4-24	520-531	onderwerpen	
4-25	531-532	;	
4-26	533-535	om	
4-27	536-541	welke	
4-28	542-548	reeden	
4-29	549-551	sy	
4-30	552-555	ook	
4-31	556-560	haar	
4-32	561-567	figuur	
4-33	568-572	ende	
4-34	573-578	ronte	
4-35	579-581	op	
4-36	582-585	die	
4-37	586-589	tyt	
4-38	590-598	behouden	
4-39	598-599	.	

#Text=Wanneer men deese Wurmen op de Borst ende de Buyk met een vergrootglas
#Text=besiet, soo schynt de geheele buyk met silver-blanke aderen doorweven.
5-1	602-609	Wanneer	
5-2	610-613	men	
5-3	614-619	deese	
5-4	620-626	Wurmen	
5-5	627-629	op	
5-6	630-632	de	
5-7	633-638	Borst	
5-8	639-643	ende	
5-9	644-646	de	
5-10	647-651	Buyk	
5-11	652-655	met	
5-12	656-659	een	
5-13	660-672	vergrootglas	
5-14	673-679	besiet	
5-15	679-680	,	
5-16	681-684	soo	
5-17	685-691	schynt	
5-18	692-694	de	
5-19	695-702	geheele	
5-20	703-707	buyk	
5-21	708-711	met	
5-22	712-725	silver-blanke	
5-23	726-732	aderen	
5-24	733-742	doorweven	
5-25	742-743	.	

#Text=Maar, om
#Text=nu te weten, of 'er waarelyk lucht in is, soo hoeft men niet anders te doen, als deselve
#Text=in een druppeltje water te leggen, ende haar met de punt van een naald toe te
#Text=drukken; waar door de verborgen lucht datelyk sal openbaar worden.
6-1	744-748	Maar	
6-2	748-749	,	
6-3	750-752	om	
6-4	753-755	nu	
6-5	756-758	te	
6-6	759-764	weten	
6-7	764-765	,	
6-8	766-768	of	
6-9	769-770	'	
6-10	770-772	er	
6-11	773-781	waarelyk	
6-12	782-787	lucht	
6-13	788-790	in	
6-14	791-793	is	
6-15	793-794	,	
6-16	795-798	soo	
6-17	799-804	hoeft	
6-18	805-808	men	
6-19	809-813	niet	
6-20	814-820	anders	
6-21	821-823	te	
6-22	824-828	doen	
6-23	828-829	,	
6-24	830-833	als	
6-25	834-841	deselve	
6-26	842-844	in	
6-27	845-848	een	
6-28	849-859	druppeltje	
6-29	860-865	water	
6-30	866-868	te	
6-31	869-875	leggen	
6-32	875-876	,	
6-33	877-881	ende	
6-34	882-886	haar	
6-35	887-890	met	
6-36	891-893	de	
6-37	894-898	punt	
6-38	899-902	van	
6-39	903-906	een	
6-40	907-912	naald	
6-41	913-916	toe	
6-42	917-919	te	
6-43	920-927	drukken	
6-44	927-928	;	
6-45	929-933	waar	
6-46	934-938	door	
6-47	939-941	de	
6-48	942-951	verborgen	
6-49	952-957	lucht	
6-50	958-965	datelyk	
6-51	966-969	sal	
6-52	970-978	openbaar	
6-53	979-985	worden	
6-54	985-986	.	

#Text=Soo wanneer
#Text=deese
#Text=Dierkens onder het water ontleet worden, ende dat men eenige derselve
#Text=long-pypkens met een fijn schaarken afknipt, soo dry-
#Text=
#Text=
#Text=Jan Swammerdam, Bybel der natuure of historie der insecten.
7-1	987-990	Soo	
7-2	991-998	wanneer	
7-3	999-1004	deese	
7-4	1005-1013	Dierkens	
7-5	1014-1019	onder	
7-6	1020-1023	het	
7-7	1024-1029	water	
7-8	1030-1037	ontleet	
7-9	1038-1044	worden	
7-10	1044-1045	,	
7-11	1046-1050	ende	
7-12	1051-1054	dat	
7-13	1055-1058	men	
7-14	1059-1065	eenige	
7-15	1066-1074	derselve	
7-16	1075-1087	long-pypkens	
7-17	1088-1091	met	
7-18	1092-1095	een	
7-19	1096-1100	fijn	
7-20	1101-1110	schaarken	
7-21	1111-1118	afknipt	
7-22	1118-1119	,	
7-23	1120-1123	soo	
7-24	1124-1127	dry	
7-25	1127-1128	-	
7-26	1131-1134	Jan	
7-27	1135-1145	Swammerdam	
7-28	1145-1146	,	
7-29	1147-1152	Bybel	
7-30	1153-1156	der	
7-31	1157-1164	natuure	
7-32	1165-1167	of	
7-33	1168-1176	historie	
7-34	1177-1180	der	
7-35	1181-1189	insecten	
7-36	1189-1190	.	

#Text=Deel 1
#Text=
#Text=\f252
#Text=re est circa abruptos earundem ramulos, qui
#Text=suis extremis tunc semper sursum
#Text=feruntur.
8-1	1191-1195	Deel	
8-2	1196-1197	1	
8-3	1200-1203	252	
8-4	1204-1206	re	
8-5	1207-1210	est	
8-6	1211-1216	circa	
8-7	1217-1225	abruptos	
8-8	1226-1234	earundem	
8-9	1235-1242	ramulos	
8-10	1242-1243	,	
8-11	1244-1247	qui	
8-12	1248-1252	suis	
8-13	1253-1261	extremis	
8-14	1262-1266	tunc	
8-15	1267-1273	semper	
8-16	1274-1280	sursum	
8-17	1281-1289	feruntur	
8-18	1289-1290	.	

#Text=In exsiccato & per medium fracto Verme memoratae Fistulae levissimo
#Text=
#Text=negotio
#Text=deteguntur;
#Text=quoniam vi cincinnatorum suorum annulorum semper patulae
#Text=permanent, quamvis reliquae partes omnes valide exarescant.
9-1	1291-1293	In	
9-2	1294-1303	exsiccato	
9-3	1304-1305	&	
9-4	1306-1309	per	
9-5	1310-1316	medium	
9-6	1317-1323	fracto	
9-7	1324-1329	Verme	
9-8	1330-1339	memoratae	
9-9	1340-1348	Fistulae	
9-10	1349-1358	levissimo	
9-11	1360-1367	negotio	
9-12	1368-1378	deteguntur	
9-13	1378-1379	;	
9-14	1380-1387	quoniam	
9-15	1388-1390	vi	
9-16	1391-1404	cincinnatorum	
9-17	1405-1411	suorum	
9-18	1412-1421	annulorum	
9-19	1422-1428	semper	
9-20	1429-1436	patulae	
9-21	1437-1446	permanent	
9-22	1446-1447	,	
9-23	1448-1455	quamvis	
9-24	1456-1464	reliquae	
9-25	1465-1471	partes	
9-26	1472-1477	omnes	
9-27	1478-1484	valide	
9-28	1485-1495	exarescant	
9-29	1495-1496	.	
