#FORMAT=WebAnno TSV 3.3


#Text=Aperta enim & nuda ipſi ſunt
#Text=omnia, quantumvis operta & abdita videantur.
1-1	0-6	Aperta	
1-2	7-11	enim	
1-3	12-13	&	
1-4	14-18	nuda	
1-5	19-23	ipſi	
1-6	24-28	ſunt	
1-7	29-34	omnia	
1-8	34-35	,	
1-9	36-46	quantumvis	
1-10	47-53	operta	
1-11	54-55	&	
1-12	56-62	abdita	
1-13	63-72	videantur	
1-14	72-73	.	

#Text=Quam-
#Text=
#Text=
#Text=F ij\f
#Text=[84/0152
#Text=]
#Text=
#Text=Nachdenkliche Beſchreibung
#Text=
#Text=
#Text=
#Text=Quamobrem etiam peccantes neque reſpicientes
#Text=
#Text=excipient fluvii quidam perpetui, ignem terribilem
#Text=ebullientes, quorum flumina nihil ſuntaliud, quam
#Text=
#Text=flammæ ad ſupplicium fluctuantes.
2-1	76-80	Quam	
2-2	80-81	-	
2-3	84-85	F	
2-4	86-88	ij	
2-5	90-91	[	
2-6	91-93	84	
2-7	93-94	/	
2-8	94-98	0152	
2-9	99-100	]	
2-10	102-115	Nachdenkliche	
2-11	116-128	Beſchreibung	
2-12	132-141	Quamobrem	
2-13	142-147	etiam	
2-14	148-157	peccantes	
2-15	158-163	neque	
2-16	164-176	reſpicientes	
2-17	178-187	excipient	
2-18	188-194	fluvii	
2-19	195-201	quidam	
2-20	202-210	perpetui	
2-21	210-211	,	
2-22	212-217	ignem	
2-23	218-228	terribilem	
2-24	229-240	ebullientes	
2-25	240-241	,	
2-26	242-248	quorum	
2-27	249-256	flumina	
2-28	257-262	nihil	
2-29	263-272	ſuntaliud	
2-30	272-273	,	
2-31	274-278	quam	
2-32	280-286	flammæ	
2-33	287-289	ad	
2-34	290-300	ſupplicium	
2-35	301-312	fluctuantes	
2-36	312-313	.	

#Text=Welches den Verdamten auch ihren Leib
#Text=und Seel durchqwillet)
#Text=Ein ſolches Feur wird und
#Text=ſol in der Hoͤlle ſein/ welches unſeren Leib mit aͤuſſerlich-
#Text=
#Text=en durchdringenden Feur Schmertzen wird marteren
#Text=
#Text=und angreiffen/ mit grauſamen Feurſtichen den gantzen
#Text=Leib/ alle Glieder/ Mark und Bein durchdringen und
#Text=mit Qwaal durchqwillen/ und ſolches wird eine weſent-
#Text=liche/ wunderbare aͤuſſerliche Gluet und Flamme
#Text=
#Text=ſein: Auch wird in der Hoͤlle ein ſolches Feur ſein/ wel-
#Text=ches zugleich unſere arme unſichtbare Seele/ als ein
#Text=geiſtliches Weſen/ mit ſchmertzlicher Angſt und Qwaal
#Text=
#Text=wird mit anfaſſen/ und in dieſe ewige feurig-eiferige
#Text=Gluet mit verſetzen/ und alſo dieſe grauſame Marter-
#Text=qwaal des Leibes/ und dieſe grauſame Angſtqwaal
#Text=der Seel durch einander qwillend machen.
3-1	317-324	Welches	
3-2	325-328	den	
3-3	329-338	Verdamten	
3-4	339-343	auch	
3-5	344-349	ihren	
3-6	350-354	Leib	
3-7	355-358	und	
3-8	359-363	Seel	
3-9	364-376	durchqwillet	
3-10	376-377	)	
3-11	378-381	Ein	
3-12	382-389	ſolches	
3-13	390-394	Feur	
3-14	395-399	wird	
3-15	400-403	und	
3-16	404-407	ſol	
3-17	408-410	in	
3-18	411-414	der	
3-19	415-421	Hoͤlle	
3-20	422-426	ſein	
3-21	426-427	/	
3-22	428-435	welches	
3-23	436-443	unſeren	
3-24	444-448	Leib	
3-25	449-452	mit	
3-26	453-464	aͤuſſerlich	
3-27	464-465	-	
3-28	467-469	en	
3-29	470-485	durchdringenden	
3-30	486-490	Feur	
3-31	491-501	Schmertzen	
3-32	502-506	wird	
3-33	507-515	marteren	
3-34	517-520	und	
3-35	521-531	angreiffen	
3-36	531-532	/	
3-37	533-536	mit	
3-38	537-546	grauſamen	
3-39	547-558	Feurſtichen	
3-40	559-562	den	
3-41	563-570	gantzen	
3-42	571-575	Leib	
3-43	575-576	/	
3-44	577-581	alle	
3-45	582-589	Glieder	
3-46	589-590	/	
3-47	591-595	Mark	
3-48	596-599	und	
3-49	600-604	Bein	
3-50	605-617	durchdringen	
3-51	618-621	und	
3-52	622-625	mit	
3-53	626-631	Qwaal	
3-54	632-644	durchqwillen	
3-55	644-645	/	
3-56	646-649	und	
3-57	650-657	ſolches	
3-58	658-662	wird	
3-59	663-667	eine	
3-60	668-674	weſent	
3-61	674-675	-	
3-62	676-681	liche	
3-63	681-682	/	
3-64	683-693	wunderbare	
3-65	694-706	aͤuſſerliche	
3-66	707-712	Gluet	
3-67	713-716	und	
3-68	717-723	Flamme	
3-69	725-729	ſein	
3-70	729-730	:	
3-71	731-735	Auch	
3-72	736-740	wird	
3-73	741-743	in	
3-74	744-747	der	
3-75	748-754	Hoͤlle	
3-76	755-758	ein	
3-77	759-766	ſolches	
3-78	767-771	Feur	
3-79	772-776	ſein	
3-80	776-777	/	
3-81	778-781	wel	
3-82	781-782	-	
3-83	783-787	ches	
3-84	788-796	zugleich	
3-85	797-803	unſere	
3-86	804-808	arme	
3-87	809-820	unſichtbare	
3-88	821-826	Seele	
3-89	826-827	/	
3-90	828-831	als	
3-91	832-835	ein	
3-92	836-847	geiſtliches	
3-93	848-853	Weſen	
3-94	853-854	/	
3-95	855-858	mit	
3-96	859-873	ſchmertzlicher	
3-97	874-879	Angſt	
3-98	880-883	und	
3-99	884-889	Qwaal	
3-100	891-895	wird	
3-101	896-899	mit	
3-102	900-908	anfaſſen	
3-103	908-909	/	
3-104	910-913	und	
3-105	914-916	in	
3-106	917-922	dieſe	
3-107	923-928	ewige	
3-108	929-944	feurig-eiferige	
3-109	945-950	Gluet	
3-110	951-954	mit	
3-111	955-964	verſetzen	
3-112	964-965	/	
3-113	966-969	und	
3-114	970-974	alſo	
3-115	975-980	dieſe	
3-116	981-989	grauſame	
3-117	990-996	Marter	
3-118	996-997	-	
3-119	998-1003	qwaal	
3-120	1004-1007	des	
3-121	1008-1014	Leibes	
3-122	1014-1015	/	
3-123	1016-1019	und	
3-124	1020-1025	dieſe	
3-125	1026-1034	grauſame	
3-126	1035-1045	Angſtqwaal	
3-127	1046-1049	der	
3-128	1050-1054	Seel	
3-129	1055-1060	durch	
3-130	1061-1069	einander	
3-131	1070-1078	qwillend	
3-132	1079-1085	machen	
3-133	1085-1086	.	

#Text=Der HErꝛ Chriſtus ſagt ſelbſt Luc.
#Text=12. v. 5.
4-1	1090-1093	Der	
4-2	1094-1098	HErꝛ	
4-3	1099-1107	Chriſtus	
4-4	1108-1112	ſagt	
4-5	1113-1119	ſelbſt	
4-6	1120-1123	Luc	
4-7	1123-1124	.	
4-8	1125-1127	12	
4-9	1127-1128	.	
4-10	1129-1130	v	
4-11	1130-1131	.	
4-12	1132-1133	5	
4-13	1133-1134	.	

#Text=Jch
#Text=wil euch zeigen fuͤr welchem ihr euch fuͤrchten ſollet/
#Text=fuͤrch-
#Text=tet euch fuͤr dem/ der/ nach dem er getoͤdtet hat/ auch
#Text=Macht hat zu werfen in die Hoͤlle.
5-1	1135-1138	Jch	
5-2	1139-1142	wil	
5-3	1143-1147	euch	
5-4	1148-1154	zeigen	
5-5	1155-1159	fuͤr	
5-6	1160-1167	welchem	
5-7	1168-1171	ihr	
5-8	1172-1176	euch	
5-9	1177-1186	fuͤrchten	
5-10	1187-1193	ſollet	
5-11	1193-1194	/	
5-12	1195-1201	fuͤrch	
5-13	1201-1202	-	
5-14	1203-1206	tet	
5-15	1207-1211	euch	
5-16	1212-1216	fuͤr	
5-17	1217-1220	dem	
5-18	1220-1221	/	
5-19	1222-1225	der	
5-20	1225-1226	/	
5-21	1227-1231	nach	
5-22	1232-1235	dem	
5-23	1236-1238	er	
5-24	1239-1248	getoͤdtet	
5-25	1249-1252	hat	
5-26	1252-1253	/	
5-27	1254-1258	auch	
5-28	1259-1264	Macht	
5-29	1265-1268	hat	
5-30	1269-1271	zu	
5-31	1272-1278	werfen	
5-32	1279-1281	in	
5-33	1282-1285	die	
5-34	1286-1292	Hoͤlle	
5-35	1292-1293	.	

#Text=Ja/ ich ſage euch/
6-1	1294-1296	Ja	
6-2	1296-1297	/	
6-3	1298-1301	ich	
6-4	1302-1306	ſage	
6-5	1307-1311	euch	
6-6	1311-1312	/	
