#FORMAT=WebAnno TSV 3.3


#Text=moeder.
1-1	3-9	moeder	
1-2	9-10	.	

#Text=Ook een Jacht-woord, betekenende den ingang van het hol van enen Das,
#Text=Vos, of ander Dier.
2-1	11-14	Ook	
2-2	15-18	een	
2-3	19-30	Jacht-woord	
2-4	30-31	,	
2-5	32-43	betekenende	
2-6	44-47	den	
2-7	48-54	ingang	
2-8	55-58	van	
2-9	59-62	het	
2-10	63-66	hol	
2-11	67-70	van	
2-12	71-75	enen	
2-13	76-79	Das	
2-14	79-80	,	
2-15	81-84	Vos	
2-16	84-85	,	
2-17	86-88	of	
2-18	89-94	ander	
2-19	95-99	Dier	
2-20	99-100	.	

#Text=moeder.
3-1	102-108	moeder	
3-2	108-109	.	

#Text=Zie lyfmoeder.
4-1	110-113	Zie	
4-2	114-123	lyfmoeder	
4-3	123-124	.	

#Text=moederspel.
5-1	126-136	moederspel	
5-2	136-137	.	

#Text=Zie lyfmoeder.
6-1	138-141	Zie	
6-2	142-151	lyfmoeder	
6-3	151-152	.	

#Text=moeder-kruid.
7-1	154-166	moeder-kruid	
7-2	166-167	.	

#Text=In de Apotheken genaamt Matricaria, parthenium, en by sommigen
#Text=
#Text=M.
8-1	168-170	In	
8-2	171-173	de	
8-3	174-183	Apotheken	
8-4	184-191	genaamt	
8-5	192-202	Matricaria	
8-6	202-203	,	
8-7	204-214	parthenium	
8-8	214-215	,	
8-9	216-218	en	
8-10	219-221	by	
8-11	222-230	sommigen	
8-12	232-233	M	
8-13	233-234	.	

#Text=Noel Chomel, Huishoudelyk woordboek
#Text=
#Text=\f602
#Text=ook Amaracus.
9-1	235-239	Noel	
9-2	240-246	Chomel	
9-3	246-247	,	
9-4	248-260	Huishoudelyk	
9-5	261-270	woordboek	
9-6	273-276	602	
9-7	277-280	ook	
9-8	281-289	Amaracus	
9-9	289-290	.	

#Text=Is ene Plant die heel kleine bladeren heeft, wat gelykende naar die
#Text=van Koriander.
10-1	291-293	Is	
10-2	294-297	ene	
10-3	298-303	Plant	
10-4	304-307	die	
10-5	308-312	heel	
10-6	313-319	kleine	
10-7	320-328	bladeren	
10-8	329-334	heeft	
10-9	334-335	,	
10-10	336-339	wat	
10-11	340-349	gelykende	
10-12	350-354	naar	
10-13	355-358	die	
10-14	359-362	van	
10-15	363-372	Koriander	
10-16	372-373	.	

#Text=Hare bloem is van buiten wit, van binnen geel.
11-1	374-378	Hare	
11-2	379-384	bloem	
11-3	385-387	is	
11-4	388-391	van	
11-5	392-398	buiten	
11-6	399-402	wit	
11-7	402-403	,	
11-8	404-407	van	
11-9	408-414	binnen	
11-10	415-419	geel	
11-11	419-420	.	

#Text=De reuk van ’t kruid
#Text=is leelyk, de smaak bitter.
12-1	421-423	De	
12-2	424-428	reuk	
12-3	429-432	van	
12-4	433-434	’	
12-5	434-435	t	
12-6	436-441	kruid	
12-7	442-444	is	
12-8	445-451	leelyk	
12-9	451-452	,	
12-10	453-455	de	
12-11	456-461	smaak	
12-12	462-468	bitter	
12-13	468-469	.	

#Text=Het wordt Moeder-kruid genaamt, om dat het meest in alle
#Text=Ziekten der Moeder met veel vrucht gebruikt wordt.
13-1	470-473	Het	
13-2	474-479	wordt	
13-3	480-492	Moeder-kruid	
13-4	493-500	genaamt	
13-5	500-501	,	
13-6	502-504	om	
13-7	505-508	dat	
13-8	509-512	het	
13-9	513-518	meest	
13-10	519-521	in	
13-11	522-526	alle	
13-12	527-534	Ziekten	
13-13	535-538	der	
13-14	539-545	Moeder	
13-15	546-549	met	
13-16	550-554	veel	
13-17	555-561	vrucht	
13-18	562-570	gebruikt	
13-19	571-576	wordt	
13-20	576-577	.	

#Text=Daar zyn twederhande soorten
#Text=van, het ene heeft enkele bloemen, het andere dubbele:
#Text=het is ’t laatste, dat men in
#Text=de Tuinen teelt.
14-1	578-582	Daar	
14-2	583-586	zyn	
14-3	587-598	twederhande	
14-4	599-606	soorten	
14-5	607-610	van	
14-6	610-611	,	
14-7	612-615	het	
14-8	616-619	ene	
14-9	620-625	heeft	
14-10	626-632	enkele	
14-11	633-640	bloemen	
14-12	640-641	,	
14-13	642-645	het	
14-14	646-652	andere	
14-15	653-660	dubbele	
14-16	660-661	:	
14-17	662-665	het	
14-18	666-668	is	
14-19	669-670	’	
14-20	670-671	t	
14-21	672-679	laatste	
14-22	679-680	,	
14-23	681-684	dat	
14-24	685-688	men	
14-25	689-691	in	
14-26	692-694	de	
14-27	695-701	Tuinen	
14-28	702-707	teelt	
14-29	707-708	.	

#Text=Men gebruikt’er in de Geneeskunde anders niet van, dan de
#Text=Stam-bladeren en Bloemen.
15-1	709-712	Men	
15-2	713-721	gebruikt	
15-3	721-722	’	
15-4	722-724	er	
15-5	725-727	in	
15-6	728-730	de	
15-7	731-742	Geneeskunde	
15-8	743-749	anders	
15-9	750-754	niet	
15-10	755-758	van	
15-11	758-759	,	
15-12	760-763	dan	
15-13	764-766	de	
15-14	767-780	Stam-bladeren	
15-15	781-783	en	
15-16	784-791	Bloemen	
15-17	791-792	.	

#Text=Krachten van ’t Moeder-kruid.
16-1	795-803	Krachten	
16-2	804-807	van	
16-3	808-809	’	
16-4	809-810	t	
16-5	811-823	Moeder-kruid	
16-6	823-824	.	

#Text=Het is openende en verdunnende, dryft de Maanstonden der Vrouwen af;
#Text=als mede
#Text=de Nageboorte, ja zelfs doet het de dode Vrucht uit Moeders lighaam verlossen.
17-1	827-830	Het	
17-2	831-833	is	
17-3	834-842	openende	
17-4	843-845	en	
17-5	846-857	verdunnende	
17-6	857-858	,	
17-7	859-864	dryft	
17-8	865-867	de	
17-9	868-879	Maanstonden	
17-10	880-883	der	
17-11	884-891	Vrouwen	
17-12	892-894	af	
17-13	894-895	;	
17-14	896-899	als	
17-15	900-904	mede	
17-16	905-907	de	
17-17	908-918	Nageboorte	
17-18	918-919	,	
17-19	920-922	ja	
17-20	923-928	zelfs	
17-21	929-933	doet	
17-22	934-937	het	
17-23	938-940	de	
17-24	941-945	dode	
17-25	946-952	Vrucht	
17-26	953-956	uit	
17-27	957-964	Moeders	
17-28	965-972	lighaam	
17-29	973-982	verlossen	
17-30	982-983	.	

#Text=Nog
#Text=wordt het onder de Steenbrekende middelen gebruikt, (zo daar enige zyn.)
18-1	984-987	Nog	
18-2	988-993	wordt	
18-3	994-997	het	
18-4	998-1003	onder	
18-5	1004-1006	de	
18-6	1007-1020	Steenbrekende	
18-7	1021-1029	middelen	
18-8	1030-1038	gebruikt	
18-9	1038-1039	,	
18-10	1040-1041	(	
18-11	1041-1043	zo	
18-12	1044-1048	daar	
18-13	1049-1054	enige	
18-14	1055-1058	zyn	
18-15	1058-1059	.	
18-16	1059-1060	)	
