#FORMAT=WebAnno TSV 3.3


#Text=6 Ingressusque Moyses et Aaron, dimissa multitudine, tabernaculum fœderis, corruerunt proni in terram, clamaveruntque ad Dominum, atque dixerunt : Domine Deus, audi clamorem hujus populi, et aperi eis thesaurum tuum fontem aquæ vivæ, ut satiati, cesset murmuratio eorum.
1-1	2-3	6	
1-2	4-16	Ingressusque	
1-3	17-23	Moyses	
1-4	24-26	et	
1-5	27-32	Aaron	
1-6	32-33	,	
1-7	34-41	dimissa	
1-8	42-53	multitudine	
1-9	53-54	,	
1-10	55-67	tabernaculum	
1-11	68-75	fœderis	
1-12	75-76	,	
1-13	77-87	corruerunt	
1-14	88-93	proni	
1-15	94-96	in	
1-16	97-103	terram	
1-17	103-104	,	
1-18	105-119	clamaveruntque	
1-19	120-122	ad	
1-20	123-130	Dominum	
1-21	130-131	,	
1-22	132-137	atque	
1-23	138-146	dixerunt	
1-24	147-148	:	
1-25	149-155	Domine	
1-26	156-160	Deus	
1-27	160-161	,	
1-28	162-166	audi	
1-29	167-175	clamorem	
1-30	176-181	hujus	
1-31	182-188	populi	
1-32	188-189	,	
1-33	190-192	et	
1-34	193-198	aperi	
1-35	199-202	eis	
1-36	203-212	thesaurum	
1-37	213-217	tuum	
1-38	218-224	fontem	
1-39	225-229	aquæ	
1-40	230-234	vivæ	
1-41	234-235	,	
1-42	236-238	ut	
1-43	239-246	satiati	
1-44	246-247	,	
1-45	248-254	cesset	
1-46	255-265	murmuratio	
1-47	266-271	eorum	
1-48	271-272	.	

#Text=Et apparuit gloria Domini super eos.
#Text=7 Locutusque est Dominus ad Moysen, dicens : 8 Tolle virgam, et congrega populum, tu et Aaron frater tuus, et loquimini ad petram coram eis, et illa dabit aquas.
2-1	273-275	Et	
2-2	276-284	apparuit	
2-3	285-291	gloria	
2-4	292-298	Domini	
2-5	299-304	super	
2-6	305-308	eos	
2-7	308-309	.	
2-8	310-311	7	
2-9	312-322	Locutusque	
2-10	323-326	est	
2-11	327-334	Dominus	
2-12	335-337	ad	
2-13	338-344	Moysen	
2-14	344-345	,	
2-15	346-352	dicens	
2-16	353-354	:	
2-17	355-356	8	
2-18	357-362	Tolle	
2-19	363-369	virgam	
2-20	369-370	,	
2-21	371-373	et	
2-22	374-382	congrega	
2-23	383-390	populum	
2-24	390-391	,	
2-25	392-394	tu	
2-26	395-397	et	
2-27	398-403	Aaron	
2-28	404-410	frater	
2-29	411-415	tuus	
2-30	415-416	,	
2-31	417-419	et	
2-32	420-429	loquimini	
2-33	430-432	ad	
2-34	433-439	petram	
2-35	440-445	coram	
2-36	446-449	eis	
2-37	449-450	,	
2-38	451-453	et	
2-39	454-458	illa	
2-40	459-464	dabit	
2-41	465-470	aquas	
2-42	470-471	.	

#Text=Cumque eduxeris aquam de petra, bibet omnis multitudo et jumenta ejus.
#Text=9 Tulit igitur Moyses virgam, quæ erat in conspectu Domini, sicut præceperat ei, 10 congregata multitudine ante petram : dixitque eis : Audite, rebelles et increduli : num de petra hac vobis aquam poterimus ejicere ?
3-1	472-478	Cumque	
3-2	479-487	eduxeris	
3-3	488-493	aquam	
3-4	494-496	de	
3-5	497-502	petra	
3-6	502-503	,	
3-7	504-509	bibet	
3-8	510-515	omnis	
3-9	516-525	multitudo	
3-10	526-528	et	
3-11	529-536	jumenta	
3-12	537-541	ejus	
3-13	541-542	.	
3-14	543-544	9	
3-15	545-550	Tulit	
3-16	551-557	igitur	
3-17	558-564	Moyses	
3-18	565-571	virgam	
3-19	571-572	,	
3-20	573-576	quæ	
3-21	577-581	erat	
3-22	582-584	in	
3-23	585-594	conspectu	
3-24	595-601	Domini	
3-25	601-602	,	
3-26	603-608	sicut	
3-27	609-619	præceperat	
3-28	620-622	ei	
3-29	622-623	,	
3-30	624-626	10	
3-31	627-637	congregata	
3-32	638-649	multitudine	
3-33	650-654	ante	
3-34	655-661	petram	
3-35	662-663	:	
3-36	664-672	dixitque	
3-37	673-676	eis	
3-38	677-678	:	
3-39	679-685	Audite	
3-40	685-686	,	
3-41	687-695	rebelles	
3-42	696-698	et	
3-43	699-708	increduli	
3-44	709-710	:	
3-45	711-714	num	
3-46	715-717	de	
3-47	718-723	petra	
3-48	724-727	hac	
3-49	728-733	vobis	
3-50	734-739	aquam	
3-51	740-749	poterimus	
3-52	750-757	ejicere	
3-53	758-759	?	

#Text=11 Cumque elevasset Moyses manum, percutiens virga bis silicem, egressæ sunt aquæ largissimæ, ita ut populus biberet et jumenta.
#Text=12 Dixitque Dominus ad Moysen et Aaron : Quia non credidistis mihi, ut sanctificaretis me coram filiis Israël, non introducetis hos populos in terram, quam dabo eis.
#Text=13 Hæc est aqua contradictionis, ubi jurgati sunt filii Israël contra Dominum, et sanctificatus est in eis.
#Text=14 Misit interea nuntios Moyses de Cades ad regem Edom, qui dicerent : Hæc mandat frater tuus Israël : Nosti omnem laborem qui apprehendit nos, 15 quomodo descenderint patres nostri in Ægyptum, et habitaverimus ibi multo tempore, afflixerintque nos Ægyptii, et patres nostros : 16 et quomodo clamaverimus ad Dominum, et exaudierit nos, miseritque angelum, qui eduxerit nos de Ægypto.
4-1	760-762	11	
4-2	763-769	Cumque	
4-3	770-779	elevasset	
4-4	780-786	Moyses	
4-5	787-792	manum	
4-6	792-793	,	
4-7	794-804	percutiens	
4-8	805-810	virga	
4-9	811-814	bis	
4-10	815-822	silicem	
4-11	822-823	,	
4-12	824-831	egressæ	
4-13	832-836	sunt	
4-14	837-841	aquæ	
4-15	842-852	largissimæ	
4-16	852-853	,	
4-17	854-857	ita	
4-18	858-860	ut	
4-19	861-868	populus	
4-20	869-876	biberet	
4-21	877-879	et	
4-22	880-887	jumenta	
4-23	887-888	.	
4-24	889-891	12	
4-25	892-900	Dixitque	
4-26	901-908	Dominus	
4-27	909-911	ad	
4-28	912-918	Moysen	
4-29	919-921	et	
4-30	922-927	Aaron	
4-31	928-929	:	
4-32	930-934	Quia	
4-33	935-938	non	
4-34	939-950	credidistis	
4-35	951-955	mihi	
4-36	955-956	,	
4-37	957-959	ut	
4-38	960-975	sanctificaretis	
4-39	976-978	me	
4-40	979-984	coram	
4-41	985-991	filiis	
4-42	992-998	Israël	
4-43	998-999	,	
4-44	1000-1003	non	
4-45	1004-1016	introducetis	
4-46	1017-1020	hos	
4-47	1021-1028	populos	
4-48	1029-1031	in	
4-49	1032-1038	terram	
4-50	1038-1039	,	
4-51	1040-1044	quam	
4-52	1045-1049	dabo	
4-53	1050-1053	eis	
4-54	1053-1054	.	
4-55	1055-1057	13	
4-56	1058-1061	Hæc	
4-57	1062-1065	est	
4-58	1066-1070	aqua	
4-59	1071-1086	contradictionis	
4-60	1086-1087	,	
4-61	1088-1091	ubi	
4-62	1092-1099	jurgati	
4-63	1100-1104	sunt	
4-64	1105-1110	filii	
4-65	1111-1117	Israël	
4-66	1118-1124	contra	
4-67	1125-1132	Dominum	
4-68	1132-1133	,	
4-69	1134-1136	et	
4-70	1137-1150	sanctificatus	
4-71	1151-1154	est	
4-72	1155-1157	in	
4-73	1158-1161	eis	
4-74	1161-1162	.	
4-75	1163-1165	14	
4-76	1166-1171	Misit	
4-77	1172-1179	interea	
4-78	1180-1187	nuntios	
4-79	1188-1194	Moyses	
4-80	1195-1197	de	
4-81	1198-1203	Cades	
4-82	1204-1206	ad	
4-83	1207-1212	regem	
4-84	1213-1217	Edom	
4-85	1217-1218	,	
4-86	1219-1222	qui	
4-87	1223-1231	dicerent	
4-88	1232-1233	:	
4-89	1234-1237	Hæc	
4-90	1238-1244	mandat	
4-91	1245-1251	frater	
4-92	1252-1256	tuus	
4-93	1257-1263	Israël	
4-94	1264-1265	:	
4-95	1266-1271	Nosti	
4-96	1272-1277	omnem	
4-97	1278-1285	laborem	
4-98	1286-1289	qui	
4-99	1290-1301	apprehendit	
4-100	1302-1305	nos	
4-101	1305-1306	,	
4-102	1307-1309	15	
4-103	1310-1317	quomodo	
4-104	1318-1330	descenderint	
4-105	1331-1337	patres	
4-106	1338-1344	nostri	
4-107	1345-1347	in	
4-108	1348-1355	Ægyptum	
4-109	1355-1356	,	
4-110	1357-1359	et	
4-111	1360-1373	habitaverimus	
4-112	1374-1377	ibi	
4-113	1378-1383	multo	
4-114	1384-1391	tempore	
4-115	1391-1392	,	
4-116	1393-1407	afflixerintque	
4-117	1408-1411	nos	
4-118	1412-1419	Ægyptii	
4-119	1419-1420	,	
4-120	1421-1423	et	
4-121	1424-1430	patres	
4-122	1431-1438	nostros	
4-123	1439-1440	:	
4-124	1441-1443	16	
4-125	1444-1446	et	
4-126	1447-1454	quomodo	
4-127	1455-1467	clamaverimus	
4-128	1468-1470	ad	
4-129	1471-1478	Dominum	
4-130	1478-1479	,	
4-131	1480-1482	et	
4-132	1483-1493	exaudierit	
4-133	1494-1497	nos	
4-134	1497-1498	,	
4-135	1499-1509	miseritque	
4-136	1510-1517	angelum	
4-137	1517-1518	,	
4-138	1519-1522	qui	
4-139	1523-1531	eduxerit	
4-140	1532-1535	nos	
4-141	1536-1538	de	
4-142	1539-1545	Ægypto	
4-143	1545-1546	.	

#Text=Ecce in urbe Cades, quæ est in extremis finibus tuis, positi, 17 obsecramus ut nobis transire liceat per terram tuam.
5-1	1547-1551	Ecce	
5-2	1552-1554	in	
5-3	1555-1559	urbe	
5-4	1560-1565	Cades	
5-5	1565-1566	,	
5-6	1567-1570	quæ	
5-7	1571-1574	est	
5-8	1575-1577	in	
5-9	1578-1586	extremis	
5-10	1587-1594	finibus	
5-11	1595-1599	tuis	
5-12	1599-1600	,	
5-13	1601-1607	positi	
5-14	1607-1608	,	
5-15	1609-1611	17	
5-16	1612-1622	obsecramus	
5-17	1623-1625	ut	
5-18	1626-1631	nobis	
5-19	1632-1640	transire	
5-20	1641-1647	liceat	
5-21	1648-1651	per	
5-22	1652-1658	terram	
5-23	1659-1663	tuam	
5-24	1663-1664	.	

#Text=Non ibimus per agros, nec per vineas ; non bibemus aquas de puteis tuis : sed gradiemur via publica, nec ad dexteram nec ad sinistram declinantes, donec transeamus terminos tuos.
#Text=18 Cui respondit Edom : Non transibis per me, alioquin armatus occurram tibi.
#Text=19 Dixeruntque filii Israël : Per tritam gradiemur viam : et si biberimus aquas tuas, nos et pecora nostra, dabimus quod justum est : nulla erit in pretio difficultas, tantum velociter transeamus.
#Text=20 At ille respondit : Non transibis.
6-1	1665-1668	Non	
6-2	1669-1675	ibimus	
6-3	1676-1679	per	
6-4	1680-1685	agros	
6-5	1685-1686	,	
6-6	1687-1690	nec	
6-7	1691-1694	per	
6-8	1695-1701	vineas	
6-9	1702-1703	;	
6-10	1704-1707	non	
6-11	1708-1715	bibemus	
6-12	1716-1721	aquas	
6-13	1722-1724	de	
6-14	1725-1731	puteis	
6-15	1732-1736	tuis	
6-16	1737-1738	:	
6-17	1739-1742	sed	
6-18	1743-1752	gradiemur	
6-19	1753-1756	via	
6-20	1757-1764	publica	
6-21	1764-1765	,	
6-22	1766-1769	nec	
6-23	1770-1772	ad	
6-24	1773-1781	dexteram	
6-25	1782-1785	nec	
6-26	1786-1788	ad	
6-27	1789-1798	sinistram	
6-28	1799-1810	declinantes	
6-29	1810-1811	,	
6-30	1812-1817	donec	
6-31	1818-1828	transeamus	
6-32	1829-1837	terminos	
6-33	1838-1842	tuos	
6-34	1842-1843	.	
6-35	1844-1846	18	
6-36	1847-1850	Cui	
6-37	1851-1860	respondit	
6-38	1861-1865	Edom	
6-39	1866-1867	:	
6-40	1868-1871	Non	
6-41	1872-1881	transibis	
6-42	1882-1885	per	
6-43	1886-1888	me	
6-44	1888-1889	,	
6-45	1890-1898	alioquin	
6-46	1899-1906	armatus	
6-47	1907-1915	occurram	
6-48	1916-1920	tibi	
6-49	1920-1921	.	
6-50	1922-1924	19	
6-51	1925-1936	Dixeruntque	
6-52	1937-1942	filii	
6-53	1943-1949	Israël	
6-54	1950-1951	:	
6-55	1952-1955	Per	
6-56	1956-1962	tritam	
6-57	1963-1972	gradiemur	
6-58	1973-1977	viam	
6-59	1978-1979	:	
6-60	1980-1982	et	
6-61	1983-1985	si	
6-62	1986-1995	biberimus	
6-63	1996-2001	aquas	
6-64	2002-2006	tuas	
6-65	2006-2007	,	
6-66	2008-2011	nos	
6-67	2012-2014	et	
6-68	2015-2021	pecora	
6-69	2022-2028	nostra	
6-70	2028-2029	,	
6-71	2030-2037	dabimus	
6-72	2038-2042	quod	
6-73	2043-2049	justum	
6-74	2050-2053	est	
6-75	2054-2055	:	
6-76	2056-2061	nulla	
6-77	2062-2066	erit	
6-78	2067-2069	in	
6-79	2070-2076	pretio	
6-80	2077-2088	difficultas	
6-81	2088-2089	,	
6-82	2090-2096	tantum	
6-83	2097-2106	velociter	
6-84	2107-2117	transeamus	
6-85	2117-2118	.	
6-86	2119-2121	20	
6-87	2122-2124	At	
6-88	2125-2129	ille	
6-89	2130-2139	respondit	
6-90	2140-2141	:	
6-91	2142-2145	Non	
6-92	2146-2155	transibis	
6-93	2155-2156	.	

#Text=Statimque egressus est obvius, cum infinita multitudine, et manu forti, 21 nec voluit acquiescere deprecanti, ut concederet transitum per fines suos.
7-1	2157-2166	Statimque	
7-2	2167-2175	egressus	
7-3	2176-2179	est	
7-4	2180-2186	obvius	
7-5	2186-2187	,	
7-6	2188-2191	cum	
7-7	2192-2200	infinita	
7-8	2201-2212	multitudine	
7-9	2212-2213	,	
7-10	2214-2216	et	
7-11	2217-2221	manu	
7-12	2222-2227	forti	
7-13	2227-2228	,	
7-14	2229-2231	21	
7-15	2232-2235	nec	
7-16	2236-2242	voluit	
7-17	2243-2254	acquiescere	
7-18	2255-2265	deprecanti	
7-19	2265-2266	,	
7-20	2267-2269	ut	
7-21	2270-2280	concederet	
7-22	2281-2290	transitum	
7-23	2291-2294	per	
7-24	2295-2300	fines	
7-25	2301-2305	suos	
7-26	2305-2306	.	

#Text=Quam ob rem divertit ab eo Israël.
#Text=22 Cumque castra movissent de Cades, venerunt in montem Hor, qui est in finibus terræ Edom : 23 ubi locutus est Dominus ad Moysen : 24 Pergat, inquit, Aaron ad populos suos : non enim intrabit terram, quam dedi filiis Israël, eo quod incredulus fuerit ori meo, ad aquas contradictionis.
#Text=25 Tolle Aaron et filium ejus cum eo, et duces eos in montem Hor.
#Text=26 Cumque nudaveris patrem veste sua, indues ea Eleazarum filium ejus : Aaron colligetur, et morietur ibi.
#Text=27 Fecit Moyses ut præceperat Dominus : et ascenderunt in montem Hor coram omni multitudine.
8-1	2307-2311	Quam	
8-2	2312-2314	ob	
8-3	2315-2318	rem	
8-4	2319-2327	divertit	
8-5	2328-2330	ab	
8-6	2331-2333	eo	
8-7	2334-2340	Israël	
8-8	2340-2341	.	
8-9	2342-2344	22	
8-10	2345-2351	Cumque	
8-11	2352-2358	castra	
8-12	2359-2368	movissent	
8-13	2369-2371	de	
8-14	2372-2377	Cades	
8-15	2377-2378	,	
8-16	2379-2387	venerunt	
8-17	2388-2390	in	
8-18	2391-2397	montem	
8-19	2398-2401	Hor	
8-20	2401-2402	,	
8-21	2403-2406	qui	
8-22	2407-2410	est	
8-23	2411-2413	in	
8-24	2414-2421	finibus	
8-25	2422-2427	terræ	
8-26	2428-2432	Edom	
8-27	2433-2434	:	
8-28	2435-2437	23	
8-29	2438-2441	ubi	
8-30	2442-2449	locutus	
8-31	2450-2453	est	
8-32	2454-2461	Dominus	
8-33	2462-2464	ad	
8-34	2465-2471	Moysen	
8-35	2472-2473	:	
8-36	2474-2476	24	
8-37	2477-2483	Pergat	
8-38	2483-2484	,	
8-39	2485-2491	inquit	
8-40	2491-2492	,	
8-41	2493-2498	Aaron	
8-42	2499-2501	ad	
8-43	2502-2509	populos	
8-44	2510-2514	suos	
8-45	2515-2516	:	
8-46	2517-2520	non	
8-47	2521-2525	enim	
8-48	2526-2534	intrabit	
8-49	2535-2541	terram	
8-50	2541-2542	,	
8-51	2543-2547	quam	
8-52	2548-2552	dedi	
8-53	2553-2559	filiis	
8-54	2560-2566	Israël	
8-55	2566-2567	,	
8-56	2568-2570	eo	
8-57	2571-2575	quod	
8-58	2576-2586	incredulus	
8-59	2587-2593	fuerit	
8-60	2594-2597	ori	
8-61	2598-2601	meo	
8-62	2601-2602	,	
8-63	2603-2605	ad	
8-64	2606-2611	aquas	
8-65	2612-2627	contradictionis	
8-66	2627-2628	.	
8-67	2629-2631	25	
8-68	2632-2637	Tolle	
8-69	2638-2643	Aaron	
8-70	2644-2646	et	
8-71	2647-2653	filium	
8-72	2654-2658	ejus	
8-73	2659-2662	cum	
8-74	2663-2665	eo	
8-75	2665-2666	,	
8-76	2667-2669	et	
8-77	2670-2675	duces	
8-78	2676-2679	eos	
8-79	2680-2682	in	
8-80	2683-2689	montem	
8-81	2690-2693	Hor	
8-82	2693-2694	.	
8-83	2695-2697	26	
8-84	2698-2704	Cumque	
8-85	2705-2714	nudaveris	
8-86	2715-2721	patrem	
8-87	2722-2727	veste	
8-88	2728-2731	sua	
8-89	2731-2732	,	
8-90	2733-2739	indues	
8-91	2740-2742	ea	
8-92	2743-2752	Eleazarum	
8-93	2753-2759	filium	
8-94	2760-2764	ejus	
8-95	2765-2766	:	
8-96	2767-2772	Aaron	
8-97	2773-2783	colligetur	
8-98	2783-2784	,	
8-99	2785-2787	et	
8-100	2788-2796	morietur	
8-101	2797-2800	ibi	
8-102	2800-2801	.	
8-103	2802-2804	27	
8-104	2805-2810	Fecit	
8-105	2811-2817	Moyses	
8-106	2818-2820	ut	
8-107	2821-2831	præceperat	
8-108	2832-2839	Dominus	
8-109	2840-2841	:	
8-110	2842-2844	et	
8-111	2845-2856	ascenderunt	
8-112	2857-2859	in	
8-113	2860-2866	montem	
8-114	2867-2870	Hor	
8-115	2871-2876	coram	
8-116	2877-2881	omni	
8-117	2882-2893	multitudine	
8-118	2893-2894	.	
