#FORMAT=WebAnno TSV 3.3
#T_SP=custom.Span|label
#T_RL=custom.Relation|label|BT_custom.Span


#Text=Hingegen brauchen es die Englaͤn-
#Text=der haͤuffig und in Menge, eben als
#Text=wie die Wilden, die es unter dem Na-
#Text=men Melaguetta unter die Chocolate
#Text=thun.
1-1	2-10	Hingegen	_	_	_	
1-2	11-19	brauchen	_	_	_	
1-3	20-22	es	_	_	_	
1-4	23-26	die	_	_	_	
1-5	27-34	Englaͤn	_	_	_	
1-6	34-35	-	_	_	_	
1-7	36-39	der	_	_	_	
1-8	40-48	haͤuffig	_	_	_	
1-9	49-52	und	_	_	_	
1-10	53-55	in	_	_	_	
1-11	56-61	Menge	_	_	_	
1-12	61-62	,	_	_	_	
1-13	63-67	eben	_	_	_	
1-14	68-71	als	_	_	_	
1-15	72-75	wie	_	_	_	
1-16	76-79	die	_	_	_	
1-17	80-86	Wilden	_	_	_	
1-18	86-87	,	_	_	_	
1-19	88-91	die	_	_	_	
1-20	92-94	es	_	_	_	
1-21	95-100	unter	_	_	_	
1-22	101-104	dem	_	_	_	
1-23	105-107	Na	_	_	_	
1-24	107-108	-	_	_	_	
1-25	109-112	men	_	_	_	
1-26	113-123	Melaguetta	_	_	_	
1-27	124-129	unter	_	_	_	
1-28	130-133	die	_	_	_	
1-29	134-143	Chocolate	_	_	_	
1-30	144-148	thun	_	_	_	
1-31	148-149	.	_	_	_	

#Text=Melaguetta.
2-1	152-162	Melaguetta	_	_	_	
2-2	162-163	.	_	_	_	

#Text=Die Englaͤnder nennen dieſe Frucht
#Text=
#Text=Pfeffer aus Jamaica, die Hollaͤn-
#Text=der Amomi/ wir aber, die Frucht des
#Text=Jndianiſchen Holtzes, und insge-
#Text=mein, wiewohl es unrecht iſt, Naͤglein-
#Text=korn.
3-1	166-169	Die	_	_	_	
3-2	170-180	Englaͤnder	_	_	_	
3-3	181-187	nennen	_	_	_	
3-4	188-193	dieſe	_	_	_	
3-5	194-200	Frucht	_	_	_	
3-6	202-209	Pfeffer	_	_	_	
3-7	210-213	aus	_	_	_	
3-8	214-221	Jamaica	_	_	_	
3-9	221-222	,	_	_	_	
3-10	223-226	die	_	_	_	
3-11	227-234	Hollaͤn	_	_	_	
3-12	234-235	-	_	_	_	
3-13	236-239	der	_	_	_	
3-14	240-245	Amomi	_	_	_	
3-15	245-246	/	_	_	_	
3-16	247-250	wir	_	_	_	
3-17	251-255	aber	_	_	_	
3-18	255-256	,	_	_	_	
3-19	257-260	die	_	_	_	
3-20	261-267	Frucht	_	_	_	
3-21	268-271	des	_	_	_	
3-22	272-284	Jndianiſchen	_	_	_	
3-23	285-292	Holtzes	_	_	_	
3-24	292-293	,	_	_	_	
3-25	294-297	und	_	_	_	
3-26	298-303	insge	_	_	_	
3-27	303-304	-	_	_	_	
3-28	305-309	mein	_	_	_	
3-29	309-310	,	_	_	_	
3-30	311-318	wiewohl	_	_	_	
3-31	319-321	es	_	_	_	
3-32	322-329	unrecht	_	_	_	
3-33	330-333	iſt	_	_	_	
3-34	333-334	,	_	_	_	
3-35	335-343	Naͤglein	_	_	_	
3-36	343-344	-	_	_	_	
3-37	345-349	korn	_	_	_	
3-38	349-350	.	_	_	_	

#Text=Pfeffer aus
#Text=Jamaica,
#Text=A-
#Text=momi, Fꝛucht
#Text=
#Text=des Jndiani-
#Text=ſchen Holtzes,
#Text=Naͤgleinkorn.
4-1	354-361	Pfeffer	_	_	_	
4-2	362-365	aus	_	_	_	
4-3	366-373	Jamaica	_	_	_	
4-4	373-374	,	_	_	_	
4-5	375-376	A	_	_	_	
4-6	376-377	-	_	_	_	
4-7	378-382	momi	_	_	_	
4-8	382-383	,	_	_	_	
4-9	384-390	Fꝛucht	_	_	_	
4-10	392-395	des	_	_	_	
4-11	396-403	Jndiani	_	_	_	
4-12	403-404	-	_	_	_	
4-13	405-410	ſchen	_	_	_	
4-14	411-418	Holtzes	_	_	_	
4-15	418-419	,	_	_	_	
4-16	420-432	Naͤgleinkorn	_	_	_	
4-17	432-433	.	_	_	_	

#Text=Betreffend die Bluͤte, welche dem
#Text=Bericht nach, ſehr ſchoͤn ſeyn ſoll, von
#Text=der habe ich darum nichts melden wol-
#Text=len, weil mir von ihrer Geſtalt und Far-
#Text=be nichts bewuſt iſt.
5-1	435-445	Betreffend	_	_	_	
5-2	446-449	die	_	_	_	
5-3	450-456	Bluͤte	_	_	_	
5-4	456-457	,	_	_	_	
5-5	458-464	welche	_	_	_	
5-6	465-468	dem	_	_	_	
5-7	469-476	Bericht	_	_	_	
5-8	477-481	nach	_	_	_	
5-9	481-482	,	_	_	_	
5-10	483-487	ſehr	_	_	_	
5-11	488-494	ſchoͤn	_	_	_	
5-12	495-499	ſeyn	_	_	_	
5-13	500-504	ſoll	_	_	_	
5-14	504-505	,	_	_	_	
5-15	506-509	von	_	_	_	
5-16	510-513	der	_	_	_	
5-17	514-518	habe	_	_	_	
5-18	519-522	ich	_	_	_	
5-19	523-528	darum	_	_	_	
5-20	529-535	nichts	_	_	_	
5-21	536-542	melden	_	_	_	
5-22	543-546	wol	_	_	_	
5-23	546-547	-	_	_	_	
5-24	548-551	len	_	_	_	
5-25	551-552	,	_	_	_	
5-26	553-557	weil	_	_	_	
5-27	558-561	mir	_	_	_	
5-28	562-565	von	_	_	_	
5-29	566-571	ihrer	_	_	_	
5-30	572-579	Geſtalt	_	_	_	
5-31	580-583	und	_	_	_	
5-32	584-587	Far	_	_	_	
5-33	587-588	-	_	_	_	
5-34	589-591	be	_	_	_	
5-35	592-598	nichts	_	_	_	
5-36	599-605	bewuſt	_	_	_	
5-37	606-609	iſt	_	_	_	
5-38	609-610	.	_	_	_	

#Text=Diß eintzige will
#Text=ich noch gedencken, wie daß man mich
#Text=verſichert habe, es waͤren unter allen
#Text=Baͤumen in Oſt- und Weſtindien, das
#Text=Lichtholtz oder der falſche Sandel,
#Text=und das Jndianiſche Holtz, die zwey
#Text=ſchoͤnſten und wohlriechendeſten.
6-1	611-614	Diß	_	_	_	
6-2	615-623	eintzige	_	_	_	
6-3	624-628	will	_	_	_	
6-4	629-632	ich	_	_	_	
6-5	633-637	noch	_	_	_	
6-6	638-647	gedencken	_	_	_	
6-7	647-648	,	_	_	_	
6-8	649-652	wie	_	_	_	
6-9	653-656	daß	_	_	_	
6-10	657-660	man	_	_	_	
6-11	661-665	mich	_	_	_	
6-12	666-676	verſichert	_	_	_	
6-13	677-681	habe	_	_	_	
6-14	681-682	,	_	_	_	
6-15	683-685	es	_	_	_	
6-16	686-692	waͤren	_	_	_	
6-17	693-698	unter	_	_	_	
6-18	699-704	allen	_	_	_	
6-19	705-712	Baͤumen	_	_	_	
6-20	713-715	in	_	_	_	
6-21	716-719	Oſt	_	_	_	
6-22	719-720	-	_	_	_	
6-23	721-724	und	_	_	_	
6-24	725-735	Weſtindien	_	_	_	
6-25	735-736	,	_	_	_	
6-26	737-740	das	_	_	_	
6-27	741-751	Lichtholtz	Smell\_Source	_	_	
6-28	752-756	oder	_	_	_	
6-29	757-760	der	_	_	_	
6-30	761-768	falſche	_	_	_	
6-31	769-775	Sandel	_	_	_	
6-32	775-776	,	_	_	_	
6-33	777-780	und	_	_	_	
6-34	781-784	das	_	_	_	
6-35	785-796	Jndianiſche	Smell\_Source[1]	_	_	
6-36	797-802	Holtz	Smell\_Source[1]	_	_	
6-37	802-803	,	_	_	_	
6-38	804-807	die	_	_	_	
6-39	808-812	zwey	_	_	_	
6-40	813-823	ſchoͤnſten	_	_	_	
6-41	824-827	und	_	_	_	
6-42	828-845	wohlriechendeſten	Smell\_Word[2]|Quality[3]	*|*|*	6-42[3_2]|6-27[0_2]|6-35[1_2]	
6-43	845-846	.	_	_	_	

#Text=Das achtzehende Capitel.
7-1	851-854	Das	_	_	_	
7-2	855-866	achtzehende	_	_	_	
7-3	867-874	Capitel	_	_	_	
7-4	874-875	.	_	_	_	

#Text=Vom Fuſtel oder Gelbholtze.
8-1	878-881	Vom	_	_	_	
8-2	882-888	Fuſtel	_	_	_	
8-3	889-893	oder	_	_	_	
8-4	894-904	Gelbholtze	_	_	_	
8-5	904-905	.	_	_	_	

#Text=DJeſes Holtz, welches wir insgemein
#Text=Fuſtel heiſſen, iſt der Stamm und
#Text=die Wurtzel eines Strauches, von den
#Text=Botanicis Coccygria Theophraſti, auch
#Text=Cotinus Plinii genennet.
9-1	909-915	DJeſes	_	_	_	
9-2	916-921	Holtz	_	_	_	
9-3	921-922	,	_	_	_	
9-4	923-930	welches	_	_	_	
9-5	931-934	wir	_	_	_	
9-6	935-944	insgemein	_	_	_	
9-7	945-951	Fuſtel	_	_	_	
9-8	952-959	heiſſen	_	_	_	
9-9	959-960	,	_	_	_	
9-10	961-964	iſt	_	_	_	
9-11	965-968	der	_	_	_	
9-12	969-974	Stamm	_	_	_	
9-13	975-978	und	_	_	_	
9-14	979-982	die	_	_	_	
9-15	983-990	Wurtzel	_	_	_	
9-16	991-996	eines	_	_	_	
9-17	997-1006	Strauches	_	_	_	
9-18	1006-1007	,	_	_	_	
9-19	1008-1011	von	_	_	_	
9-20	1012-1015	den	_	_	_	
9-21	1016-1025	Botanicis	_	_	_	
9-22	1026-1035	Coccygria	_	_	_	
9-23	1036-1047	Theophraſti	_	_	_	
9-24	1047-1048	,	_	_	_	
9-25	1049-1053	auch	_	_	_	
9-26	1054-1061	Cotinus	_	_	_	
9-27	1062-1068	Plinii	_	_	_	
9-28	1069-1077	genennet	_	_	_	
9-29	1077-1078	.	_	_	_	

#Text=Seine Blaͤtter
#Text=ſind gruͤn, und bey nahe gar rund;
#Text=nach
#Text=denenſelben kommt die Bluͤte, die an-
#Text=fangs als wie ein dunckelgruͤn Traͤub-
#Text=lein ſiehet, ſich aber endlich als ein Fecher
#Text=
#Text=ausbreitet: unter der Wolle ſeiner
#Text=Kaͤtzlein finden ſich ſchwartze Koͤrner,
#Text=wie ein Hertz geſtaltet.
10-1	1079-1084	Seine	_	_	_	
10-2	1085-1093	Blaͤtter	_	_	_	
10-3	1094-1098	ſind	_	_	_	
10-4	1099-1104	gruͤn	_	_	_	
10-5	1104-1105	,	_	_	_	
10-6	1106-1109	und	_	_	_	
10-7	1110-1113	bey	_	_	_	
10-8	1114-1118	nahe	_	_	_	
10-9	1119-1122	gar	_	_	_	
10-10	1123-1127	rund	_	_	_	
10-11	1127-1128	;	_	_	_	
10-12	1129-1133	nach	_	_	_	
10-13	1134-1145	denenſelben	_	_	_	
10-14	1146-1151	kommt	_	_	_	
10-15	1152-1155	die	_	_	_	
10-16	1156-1162	Bluͤte	_	_	_	
10-17	1162-1163	,	_	_	_	
10-18	1164-1167	die	_	_	_	
10-19	1168-1170	an	_	_	_	
10-20	1170-1171	-	_	_	_	
10-21	1172-1177	fangs	_	_	_	
10-22	1178-1181	als	_	_	_	
10-23	1182-1185	wie	_	_	_	
10-24	1186-1189	ein	_	_	_	
10-25	1190-1202	dunckelgruͤn	_	_	_	
10-26	1203-1209	Traͤub	_	_	_	
10-27	1209-1210	-	_	_	_	
10-28	1211-1215	lein	_	_	_	
10-29	1216-1222	ſiehet	_	_	_	
10-30	1222-1223	,	_	_	_	
10-31	1224-1228	ſich	_	_	_	
10-32	1229-1233	aber	_	_	_	
10-33	1234-1241	endlich	_	_	_	
10-34	1242-1245	als	_	_	_	
10-35	1246-1249	ein	_	_	_	
10-36	1250-1256	Fecher	_	_	_	
10-37	1258-1268	ausbreitet	_	_	_	
10-38	1268-1269	:	_	_	_	
10-39	1270-1275	unter	_	_	_	
10-40	1276-1279	der	_	_	_	
10-41	1280-1285	Wolle	_	_	_	
10-42	1286-1292	ſeiner	_	_	_	
10-43	1293-1302	Kaͤtzlein	_	_	_	
10-44	1303-1309	finden	_	_	_	
10-45	1310-1314	ſich	_	_	_	
10-46	1315-1324	ſchwartze	_	_	_	
10-47	1325-1332	Koͤrner	_	_	_	
10-48	1332-1333	,	_	_	_	
10-49	1334-1337	wie	_	_	_	
10-50	1338-1341	ein	_	_	_	
10-51	1342-1347	Hertz	_	_	_	
10-52	1348-1357	geſtaltet	_	_	_	
10-53	1357-1358	.	_	_	_	

#Text=Die Wurtzeln
#Text=und der Stamm dieſes Strauches, wel-
#Text=che uns die Jtaliener und die aus Pro-
#Text=vence, nachdem ſie dieſelben vorher ge-
#Text=ſchaͤlet, fuͤr Fuſtelholtz verkauffen, ſollen
#Text=gelb und trucken ſeyn, und aus Pro-
#Text=vence kommen, denn dieſe beſſer als die
#Text=
#Text=Jta-
#Text=
#Text=
#Text=Siehe Fig.
11-1	1359-1362	Die	_	_	_	
11-2	1363-1371	Wurtzeln	_	_	_	
11-3	1372-1375	und	_	_	_	
11-4	1376-1379	der	_	_	_	
11-5	1380-1385	Stamm	_	_	_	
11-6	1386-1392	dieſes	_	_	_	
11-7	1393-1402	Strauches	_	_	_	
11-8	1402-1403	,	_	_	_	
11-9	1404-1407	wel	_	_	_	
11-10	1407-1408	-	_	_	_	
11-11	1409-1412	che	_	_	_	
11-12	1413-1416	uns	_	_	_	
11-13	1417-1420	die	_	_	_	
11-14	1421-1430	Jtaliener	_	_	_	
11-15	1431-1434	und	_	_	_	
11-16	1435-1438	die	_	_	_	
11-17	1439-1442	aus	_	_	_	
11-18	1443-1446	Pro	_	_	_	
11-19	1446-1447	-	_	_	_	
11-20	1448-1453	vence	_	_	_	
11-21	1453-1454	,	_	_	_	
11-22	1455-1462	nachdem	_	_	_	
11-23	1463-1466	ſie	_	_	_	
11-24	1467-1476	dieſelben	_	_	_	
11-25	1477-1483	vorher	_	_	_	
11-26	1484-1486	ge	_	_	_	
11-27	1486-1487	-	_	_	_	
11-28	1488-1496	ſchaͤlet	_	_	_	
11-29	1496-1497	,	_	_	_	
11-30	1498-1502	fuͤr	_	_	_	
11-31	1503-1514	Fuſtelholtz	_	_	_	
11-32	1515-1525	verkauffen	_	_	_	
11-33	1525-1526	,	_	_	_	
11-34	1527-1533	ſollen	_	_	_	
11-35	1534-1538	gelb	_	_	_	
11-36	1539-1542	und	_	_	_	
11-37	1543-1550	trucken	_	_	_	
11-38	1551-1555	ſeyn	_	_	_	
11-39	1555-1556	,	_	_	_	
11-40	1557-1560	und	_	_	_	
11-41	1561-1564	aus	_	_	_	
11-42	1565-1568	Pro	_	_	_	
11-43	1568-1569	-	_	_	_	
11-44	1570-1575	vence	_	_	_	
11-45	1576-1582	kommen	_	_	_	
11-46	1582-1583	,	_	_	_	
11-47	1584-1588	denn	_	_	_	
11-48	1589-1594	dieſe	_	_	_	
11-49	1595-1601	beſſer	_	_	_	
11-50	1602-1605	als	_	_	_	
11-51	1606-1609	die	_	_	_	
11-52	1611-1614	Jta	_	_	_	
11-53	1614-1615	-	_	_	_	
11-54	1618-1623	Siehe	_	_	_	
11-55	1624-1627	Fig	_	_	_	
11-56	1627-1628	.	_	_	_	
