#FORMAT=WebAnno TSV 3.3


#Text=Hingegen brauchen es die Englaͤn-
#Text=der haͤuffig und in Menge, eben als
#Text=wie die Wilden, die es unter dem Na-
#Text=men Melaguetta unter die Chocolate
#Text=thun.
1-1	2-10	Hingegen	
1-2	11-19	brauchen	
1-3	20-22	es	
1-4	23-26	die	
1-5	27-34	Englaͤn	
1-6	34-35	-	
1-7	36-39	der	
1-8	40-48	haͤuffig	
1-9	49-52	und	
1-10	53-55	in	
1-11	56-61	Menge	
1-12	61-62	,	
1-13	63-67	eben	
1-14	68-71	als	
1-15	72-75	wie	
1-16	76-79	die	
1-17	80-86	Wilden	
1-18	86-87	,	
1-19	88-91	die	
1-20	92-94	es	
1-21	95-100	unter	
1-22	101-104	dem	
1-23	105-107	Na	
1-24	107-108	-	
1-25	109-112	men	
1-26	113-123	Melaguetta	
1-27	124-129	unter	
1-28	130-133	die	
1-29	134-143	Chocolate	
1-30	144-148	thun	
1-31	148-149	.	

#Text=Melaguetta.
2-1	152-162	Melaguetta	
2-2	162-163	.	

#Text=Die Englaͤnder nennen dieſe Frucht
#Text=
#Text=Pfeffer aus Jamaica, die Hollaͤn-
#Text=der Amomi/ wir aber, die Frucht des
#Text=Jndianiſchen Holtzes, und insge-
#Text=mein, wiewohl es unrecht iſt, Naͤglein-
#Text=korn.
3-1	166-169	Die	
3-2	170-180	Englaͤnder	
3-3	181-187	nennen	
3-4	188-193	dieſe	
3-5	194-200	Frucht	
3-6	202-209	Pfeffer	
3-7	210-213	aus	
3-8	214-221	Jamaica	
3-9	221-222	,	
3-10	223-226	die	
3-11	227-234	Hollaͤn	
3-12	234-235	-	
3-13	236-239	der	
3-14	240-245	Amomi	
3-15	245-246	/	
3-16	247-250	wir	
3-17	251-255	aber	
3-18	255-256	,	
3-19	257-260	die	
3-20	261-267	Frucht	
3-21	268-271	des	
3-22	272-284	Jndianiſchen	
3-23	285-292	Holtzes	
3-24	292-293	,	
3-25	294-297	und	
3-26	298-303	insge	
3-27	303-304	-	
3-28	305-309	mein	
3-29	309-310	,	
3-30	311-318	wiewohl	
3-31	319-321	es	
3-32	322-329	unrecht	
3-33	330-333	iſt	
3-34	333-334	,	
3-35	335-343	Naͤglein	
3-36	343-344	-	
3-37	345-349	korn	
3-38	349-350	.	

#Text=Pfeffer aus
#Text=Jamaica,
#Text=A-
#Text=momi, Fꝛucht
#Text=
#Text=des Jndiani-
#Text=ſchen Holtzes,
#Text=Naͤgleinkorn.
4-1	354-361	Pfeffer	
4-2	362-365	aus	
4-3	366-373	Jamaica	
4-4	373-374	,	
4-5	375-376	A	
4-6	376-377	-	
4-7	378-382	momi	
4-8	382-383	,	
4-9	384-390	Fꝛucht	
4-10	392-395	des	
4-11	396-403	Jndiani	
4-12	403-404	-	
4-13	405-410	ſchen	
4-14	411-418	Holtzes	
4-15	418-419	,	
4-16	420-432	Naͤgleinkorn	
4-17	432-433	.	

#Text=Betreffend die Bluͤte, welche dem
#Text=Bericht nach, ſehr ſchoͤn ſeyn ſoll, von
#Text=der habe ich darum nichts melden wol-
#Text=len, weil mir von ihrer Geſtalt und Far-
#Text=be nichts bewuſt iſt.
5-1	435-445	Betreffend	
5-2	446-449	die	
5-3	450-456	Bluͤte	
5-4	456-457	,	
5-5	458-464	welche	
5-6	465-468	dem	
5-7	469-476	Bericht	
5-8	477-481	nach	
5-9	481-482	,	
5-10	483-487	ſehr	
5-11	488-494	ſchoͤn	
5-12	495-499	ſeyn	
5-13	500-504	ſoll	
5-14	504-505	,	
5-15	506-509	von	
5-16	510-513	der	
5-17	514-518	habe	
5-18	519-522	ich	
5-19	523-528	darum	
5-20	529-535	nichts	
5-21	536-542	melden	
5-22	543-546	wol	
5-23	546-547	-	
5-24	548-551	len	
5-25	551-552	,	
5-26	553-557	weil	
5-27	558-561	mir	
5-28	562-565	von	
5-29	566-571	ihrer	
5-30	572-579	Geſtalt	
5-31	580-583	und	
5-32	584-587	Far	
5-33	587-588	-	
5-34	589-591	be	
5-35	592-598	nichts	
5-36	599-605	bewuſt	
5-37	606-609	iſt	
5-38	609-610	.	

#Text=Diß eintzige will
#Text=ich noch gedencken, wie daß man mich
#Text=verſichert habe, es waͤren unter allen
#Text=Baͤumen in Oſt- und Weſtindien, das
#Text=Lichtholtz oder der falſche Sandel,
#Text=und das Jndianiſche Holtz, die zwey
#Text=ſchoͤnſten und wohlriechendeſten.
6-1	611-614	Diß	
6-2	615-623	eintzige	
6-3	624-628	will	
6-4	629-632	ich	
6-5	633-637	noch	
6-6	638-647	gedencken	
6-7	647-648	,	
6-8	649-652	wie	
6-9	653-656	daß	
6-10	657-660	man	
6-11	661-665	mich	
6-12	666-676	verſichert	
6-13	677-681	habe	
6-14	681-682	,	
6-15	683-685	es	
6-16	686-692	waͤren	
6-17	693-698	unter	
6-18	699-704	allen	
6-19	705-712	Baͤumen	
6-20	713-715	in	
6-21	716-719	Oſt	
6-22	719-720	-	
6-23	721-724	und	
6-24	725-735	Weſtindien	
6-25	735-736	,	
6-26	737-740	das	
6-27	741-751	Lichtholtz	
6-28	752-756	oder	
6-29	757-760	der	
6-30	761-768	falſche	
6-31	769-775	Sandel	
6-32	775-776	,	
6-33	777-780	und	
6-34	781-784	das	
6-35	785-796	Jndianiſche	
6-36	797-802	Holtz	
6-37	802-803	,	
6-38	804-807	die	
6-39	808-812	zwey	
6-40	813-823	ſchoͤnſten	
6-41	824-827	und	
6-42	828-845	wohlriechendeſten	
6-43	845-846	.	

#Text=Das achtzehende Capitel.
7-1	851-854	Das	
7-2	855-866	achtzehende	
7-3	867-874	Capitel	
7-4	874-875	.	

#Text=Vom Fuſtel oder Gelbholtze.
8-1	878-881	Vom	
8-2	882-888	Fuſtel	
8-3	889-893	oder	
8-4	894-904	Gelbholtze	
8-5	904-905	.	

#Text=DJeſes Holtz, welches wir insgemein
#Text=Fuſtel heiſſen, iſt der Stamm und
#Text=die Wurtzel eines Strauches, von den
#Text=Botanicis Coccygria Theophraſti, auch
#Text=Cotinus Plinii genennet.
9-1	909-915	DJeſes	
9-2	916-921	Holtz	
9-3	921-922	,	
9-4	923-930	welches	
9-5	931-934	wir	
9-6	935-944	insgemein	
9-7	945-951	Fuſtel	
9-8	952-959	heiſſen	
9-9	959-960	,	
9-10	961-964	iſt	
9-11	965-968	der	
9-12	969-974	Stamm	
9-13	975-978	und	
9-14	979-982	die	
9-15	983-990	Wurtzel	
9-16	991-996	eines	
9-17	997-1006	Strauches	
9-18	1006-1007	,	
9-19	1008-1011	von	
9-20	1012-1015	den	
9-21	1016-1025	Botanicis	
9-22	1026-1035	Coccygria	
9-23	1036-1047	Theophraſti	
9-24	1047-1048	,	
9-25	1049-1053	auch	
9-26	1054-1061	Cotinus	
9-27	1062-1068	Plinii	
9-28	1069-1077	genennet	
9-29	1077-1078	.	

#Text=Seine Blaͤtter
#Text=ſind gruͤn, und bey nahe gar rund;
#Text=nach
#Text=denenſelben kommt die Bluͤte, die an-
#Text=fangs als wie ein dunckelgruͤn Traͤub-
#Text=lein ſiehet, ſich aber endlich als ein Fecher
#Text=
#Text=ausbreitet: unter der Wolle ſeiner
#Text=Kaͤtzlein finden ſich ſchwartze Koͤrner,
#Text=wie ein Hertz geſtaltet.
10-1	1079-1084	Seine	
10-2	1085-1093	Blaͤtter	
10-3	1094-1098	ſind	
10-4	1099-1104	gruͤn	
10-5	1104-1105	,	
10-6	1106-1109	und	
10-7	1110-1113	bey	
10-8	1114-1118	nahe	
10-9	1119-1122	gar	
10-10	1123-1127	rund	
10-11	1127-1128	;	
10-12	1129-1133	nach	
10-13	1134-1145	denenſelben	
10-14	1146-1151	kommt	
10-15	1152-1155	die	
10-16	1156-1162	Bluͤte	
10-17	1162-1163	,	
10-18	1164-1167	die	
10-19	1168-1170	an	
10-20	1170-1171	-	
10-21	1172-1177	fangs	
10-22	1178-1181	als	
10-23	1182-1185	wie	
10-24	1186-1189	ein	
10-25	1190-1202	dunckelgruͤn	
10-26	1203-1209	Traͤub	
10-27	1209-1210	-	
10-28	1211-1215	lein	
10-29	1216-1222	ſiehet	
10-30	1222-1223	,	
10-31	1224-1228	ſich	
10-32	1229-1233	aber	
10-33	1234-1241	endlich	
10-34	1242-1245	als	
10-35	1246-1249	ein	
10-36	1250-1256	Fecher	
10-37	1258-1268	ausbreitet	
10-38	1268-1269	:	
10-39	1270-1275	unter	
10-40	1276-1279	der	
10-41	1280-1285	Wolle	
10-42	1286-1292	ſeiner	
10-43	1293-1302	Kaͤtzlein	
10-44	1303-1309	finden	
10-45	1310-1314	ſich	
10-46	1315-1324	ſchwartze	
10-47	1325-1332	Koͤrner	
10-48	1332-1333	,	
10-49	1334-1337	wie	
10-50	1338-1341	ein	
10-51	1342-1347	Hertz	
10-52	1348-1357	geſtaltet	
10-53	1357-1358	.	

#Text=Die Wurtzeln
#Text=und der Stamm dieſes Strauches, wel-
#Text=che uns die Jtaliener und die aus Pro-
#Text=vence, nachdem ſie dieſelben vorher ge-
#Text=ſchaͤlet, fuͤr Fuſtelholtz verkauffen, ſollen
#Text=gelb und trucken ſeyn, und aus Pro-
#Text=vence kommen, denn dieſe beſſer als die
#Text=
#Text=Jta-
#Text=
#Text=
#Text=Siehe Fig.
11-1	1359-1362	Die	
11-2	1363-1371	Wurtzeln	
11-3	1372-1375	und	
11-4	1376-1379	der	
11-5	1380-1385	Stamm	
11-6	1386-1392	dieſes	
11-7	1393-1402	Strauches	
11-8	1402-1403	,	
11-9	1404-1407	wel	
11-10	1407-1408	-	
11-11	1409-1412	che	
11-12	1413-1416	uns	
11-13	1417-1420	die	
11-14	1421-1430	Jtaliener	
11-15	1431-1434	und	
11-16	1435-1438	die	
11-17	1439-1442	aus	
11-18	1443-1446	Pro	
11-19	1446-1447	-	
11-20	1448-1453	vence	
11-21	1453-1454	,	
11-22	1455-1462	nachdem	
11-23	1463-1466	ſie	
11-24	1467-1476	dieſelben	
11-25	1477-1483	vorher	
11-26	1484-1486	ge	
11-27	1486-1487	-	
11-28	1488-1496	ſchaͤlet	
11-29	1496-1497	,	
11-30	1498-1502	fuͤr	
11-31	1503-1514	Fuſtelholtz	
11-32	1515-1525	verkauffen	
11-33	1525-1526	,	
11-34	1527-1533	ſollen	
11-35	1534-1538	gelb	
11-36	1539-1542	und	
11-37	1543-1550	trucken	
11-38	1551-1555	ſeyn	
11-39	1555-1556	,	
11-40	1557-1560	und	
11-41	1561-1564	aus	
11-42	1565-1568	Pro	
11-43	1568-1569	-	
11-44	1570-1575	vence	
11-45	1576-1582	kommen	
11-46	1582-1583	,	
11-47	1584-1588	denn	
11-48	1589-1594	dieſe	
11-49	1595-1601	beſſer	
11-50	1602-1605	als	
11-51	1606-1609	die	
11-52	1611-1614	Jta	
11-53	1614-1615	-	
11-54	1618-1623	Siehe	
11-55	1624-1627	Fig	
11-56	1627-1628	.	
