#FORMAT=WebAnno TSV 3.3


#Text=(
#Text=
#Text=
#Text=
#Text=murrham potius,quàm myr sham innuere videtur,cum apertè Mura habeant.
1-1	2-3	(	
1-2	7-14	murrham	
1-3	15-21	potius	
1-4	21-22	,	
1-5	22-26	quàm	
1-6	27-30	myr	
1-7	31-35	sham	
1-8	36-43	innuere	
1-9	44-51	videtur	
1-10	51-52	,	
1-11	52-55	cum	
1-12	56-62	apertè	
1-13	63-67	Mura	
1-14	68-75	habeant	
1-15	75-76	.	

#Text=Iam ( cò redeo, vnde disceffi) quae valetudinis , non odoris, ac deliciarum causa condica fuerunt vnguenta , suauem spiralle.
#Text=odorem
#Text=
#Text=ceffe non fuir.
2-1	77-80	Iam	
2-2	81-82	(	
2-3	83-85	cò	
2-4	86-91	redeo	
2-5	91-92	,	
2-6	93-97	vnde	
2-7	98-106	disceffi	
2-8	106-107	)	
2-9	108-112	quae	
2-10	113-124	valetudinis	
2-11	125-126	,	
2-12	127-130	non	
2-13	131-137	odoris	
2-14	137-138	,	
2-15	139-141	ac	
2-16	142-152	deliciarum	
2-17	153-158	causa	
2-18	159-166	condica	
2-19	167-174	fuerunt	
2-20	175-183	vnguenta	
2-21	184-185	,	
2-22	186-192	suauem	
2-23	193-201	spiralle	
2-24	201-202	.	
2-25	203-209	odorem	
2-26	211-216	ceffe	
2-27	217-220	non	
2-28	221-225	fuir	
2-29	225-226	.	

#Text=Deinde & Secundò a. illud animaduersione di-
#Text=
#Text=gnum eft , vnguenta omnis geueris hominibus vsur paca,
#Text=
#Text=nobilibus ac plebeijs, diuitibus & pauperibus.
#Text=ergo no omnia eximia ac prae
#Text=
#Text=Itantissima .
3-1	227-233	Deinde	
3-2	234-235	&	
3-3	236-243	Secundò	
3-4	244-245	a	
3-5	245-246	.	
3-6	247-252	illud	
3-7	253-267	animaduersione	
3-8	268-270	di	
3-9	270-271	-	
3-10	273-277	gnum	
3-11	278-281	eft	
3-12	282-283	,	
3-13	284-292	vnguenta	
3-14	293-298	omnis	
3-15	299-306	geueris	
3-16	307-316	hominibus	
3-17	317-321	vsur	
3-18	322-326	paca	
3-19	326-327	,	
3-20	329-338	nobilibus	
3-21	339-341	ac	
3-22	342-350	plebeijs	
3-23	350-351	,	
3-24	352-361	diuitibus	
3-25	362-363	&	
3-26	364-374	pauperibus	
3-27	374-375	.	
3-28	376-380	ergo	
3-29	381-383	no	
3-30	384-389	omnia	
3-31	390-396	eximia	
3-32	397-399	ac	
3-33	400-404	prae	
3-34	406-417	Itantissima	
3-35	418-419	.	

#Text=Praeterea din Tertiò ani- uerfis partibus adhibita,
#Text=
#Text=naribus, capillis; manibus, pedibus, ceterisque.
4-1	420-429	Praeterea	
4-2	430-433	din	
4-3	434-440	Tertiò	
4-4	441-444	ani	
4-5	444-445	-	
4-6	446-452	uerfis	
4-7	453-461	partibus	
4-8	462-470	adhibita	
4-9	470-471	,	
4-10	473-480	naribus	
4-11	480-481	,	
4-12	482-490	capillis	
4-13	490-491	;	
4-14	492-499	manibus	
4-15	499-500	,	
4-16	501-508	pedibus	
4-17	508-509	,	
4-18	510-520	ceterisque	
4-19	520-521	.	

#Text=Non
#Text=
#Text=
#Text=
#Text=nimaduer.
#Text=maduer
#Text=
#Text=
#Text=
#Text=
#Text=
#Text=maduer.
#Text=igitur verifimile est, omnia fuisse vniusmodi, fed alias alijs magis minusue suauia .
5-1	522-525	Non	
5-2	529-537	nimaduer	
5-3	537-538	.	
5-4	539-545	maduer	
5-5	551-557	maduer	
5-6	557-558	.	
5-7	559-565	igitur	
5-8	566-576	verifimile	
5-9	577-580	est	
5-10	580-581	,	
5-11	582-587	omnia	
5-12	588-594	fuisse	
5-13	595-604	vniusmodi	
5-14	604-605	,	
5-15	606-609	fed	
5-16	610-615	alias	
5-17	616-621	alijs	
5-18	622-627	magis	
5-19	628-635	minusue	
5-20	636-642	suauia	
5-21	643-644	.	

#Text=Quartò perpendendum eft, Quarto ani in condiendis odoramentis adhibita fuisse aliqua vel inodora , vel ingratè acutès que olencia , vt cetera suauitate praedita quasi torpes scentia ac fepulta excitent atque acuant.
#Text=eft enim lons go experimento aut casu compertum , vt quaedam etiam iniucundè olencia odoratis gratiam conciliét.
6-1	645-651	Quartò	
6-2	652-664	perpendendum	
6-3	665-668	eft	
6-4	668-669	,	
6-5	670-676	Quarto	
6-6	677-680	ani	
6-7	681-683	in	
6-8	684-694	condiendis	
6-9	695-706	odoramentis	
6-10	707-715	adhibita	
6-11	716-722	fuisse	
6-12	723-729	aliqua	
6-13	730-733	vel	
6-14	734-741	inodora	
6-15	742-743	,	
6-16	744-747	vel	
6-17	748-755	ingratè	
6-18	756-762	acutès	
6-19	763-766	que	
6-20	767-774	olencia	
6-21	775-776	,	
6-22	777-779	vt	
6-23	780-786	cetera	
6-24	787-796	suauitate	
6-25	797-805	praedita	
6-26	806-811	quasi	
6-27	812-818	torpes	
6-28	819-826	scentia	
6-29	827-829	ac	
6-30	830-837	fepulta	
6-31	838-846	excitent	
6-32	847-852	atque	
6-33	853-859	acuant	
6-34	859-860	.	
6-35	861-864	eft	
6-36	865-869	enim	
6-37	870-874	lons	
6-38	875-877	go	
6-39	878-889	experimento	
6-40	890-893	aut	
6-41	894-898	casu	
6-42	899-908	compertum	
6-43	909-910	,	
6-44	911-913	vt	
6-45	914-921	quaedam	
6-46	922-927	etiam	
6-47	928-937	iniucundè	
6-48	938-945	olencia	
6-49	946-954	odoratis	
6-50	955-962	gratiam	
6-51	963-972	conciliét	
6-52	972-973	.	

#Text=Sic aquis florum arancio.. rum & rofarum myrchi a: qua addi solet ab ijs , qui fuaue illud odoramentum,
#Text=
#Text=
#Text=
#Text=
#Text=
#Text=conciliant fuauem o doremed.
7-1	974-977	Sic	
7-2	978-983	aquis	
7-3	984-990	florum	
7-4	991-998	arancio	
7-5	998-999	.	
7-6	999-1000	.	
7-7	1001-1004	rum	
7-8	1005-1006	&	
7-9	1007-1014	rofarum	
7-10	1015-1021	myrchi	
7-11	1022-1023	a	
7-12	1023-1024	:	
7-13	1025-1028	qua	
7-14	1029-1033	addi	
7-15	1034-1039	solet	
7-16	1040-1042	ab	
7-17	1043-1046	ijs	
7-18	1047-1048	,	
7-19	1049-1052	qui	
7-20	1053-1058	fuaue	
7-21	1059-1064	illud	
7-22	1065-1076	odoramentum	
7-23	1076-1077	,	
7-24	1083-1093	conciliant	
7-25	1094-1100	fuauem	
7-26	1101-1102	o	
7-27	1103-1110	doremed	
7-28	1110-1111	.	

#Text=Acqua d'Angeli vulgo appel-
#Text=
#Text=Jatum, condiunt.
8-1	1112-1117	Acqua	
8-2	1118-1126	d'Angeli	
8-3	1127-1132	vulgo	
8-4	1133-1138	appel	
8-5	1138-1139	-	
8-6	1141-1146	Jatum	
8-7	1146-1147	,	
8-8	1148-1156	condiunt	
8-9	1156-1157	.	

#Text=Sic inos
#Text=
#Text=
#Text=
#Text=feho & aquaé rofaceæ vini *** latex igne extractus .
9-1	1158-1161	Sic	
9-2	1162-1166	inos	
9-3	1170-1174	feho	
9-4	1175-1176	&	
9-5	1177-1182	aquaé	
9-6	1183-1190	rofaceæ	
9-7	1191-1195	vini	
9-8	1196-1197	*	
9-9	1197-1198	*	
9-10	1198-1199	*	
9-11	1200-1205	latex	
9-12	1206-1210	igne	
9-13	1211-1220	extractus	
9-14	1221-1222	.	

#Text=Imò
#Text=
#Text=verò interdum adduntur au Putida etiä liqua verè putida grauiter
#Text=
#Text=que olentia , quae miram
#Text=
#Text=conciliant fragrantiam ,
#Text=
#Text=Quis enim crederet, effoem
#Text=
#Text=tum iam molahum ac tem.
#Text=poris diuturnitate confe.
#Text=tum , aur fiţu etiam & mu-
#Text=
#Text=core inquinarum, grauiter
#Text=
#Text=que proinde rodolentem,
#Text=
#Text=ab ferido excremento acui
#Text=
#Text=excitari & in pristinum sua-
#Text=
#Text=uemque odorem vindicari?
10-1	1223-1226	Imò	
10-2	1228-1232	verò	
10-3	1233-1241	interdum	
10-4	1242-1250	adduntur	
10-5	1251-1253	au	
10-6	1254-1260	Putida	
10-7	1261-1265	etiä	
10-8	1266-1271	liqua	
10-9	1272-1276	verè	
10-10	1277-1283	putida	
10-11	1284-1292	grauiter	
10-12	1294-1297	que	
10-13	1298-1305	olentia	
10-14	1306-1307	,	
10-15	1308-1312	quae	
10-16	1313-1318	miram	
10-17	1320-1330	conciliant	
10-18	1331-1342	fragrantiam	
10-19	1343-1344	,	
10-20	1346-1350	Quis	
10-21	1351-1355	enim	
10-22	1356-1364	crederet	
10-23	1364-1365	,	
10-24	1366-1372	effoem	
10-25	1374-1377	tum	
10-26	1378-1381	iam	
10-27	1382-1389	molahum	
10-28	1390-1392	ac	
10-29	1393-1396	tem	
10-30	1396-1397	.	
10-31	1398-1403	poris	
10-32	1404-1416	diuturnitate	
10-33	1417-1422	confe	
10-34	1422-1423	.	
10-35	1424-1427	tum	
10-36	1428-1429	,	
10-37	1430-1433	aur	
10-38	1434-1438	fiţu	
10-39	1439-1444	etiam	
10-40	1445-1446	&	
10-41	1447-1449	mu	
10-42	1449-1450	-	
10-43	1452-1456	core	
10-44	1457-1467	inquinarum	
10-45	1467-1468	,	
10-46	1469-1477	grauiter	
10-47	1479-1482	que	
10-48	1483-1490	proinde	
10-49	1491-1501	rodolentem	
10-50	1501-1502	,	
10-51	1504-1506	ab	
10-52	1507-1513	ferido	
10-53	1514-1524	excremento	
10-54	1525-1529	acui	
10-55	1531-1539	excitari	
10-56	1540-1541	&	
10-57	1542-1544	in	
10-58	1545-1554	pristinum	
10-59	1555-1558	sua	
10-60	1558-1559	-	
10-61	1561-1567	uemque	
10-62	1568-1574	odorem	
10-63	1575-1584	vindicari	
10-64	1584-1585	?	

#Text=Papno vrina leniter perfu-
#Text=
#Text=for exceptus moschus, iam
#Text=
#Text=
#Text=
#Text=ef
#Text=
#Text=
#Text=
#Text=1
#Text=
#Text=
#Text=
#Text=
#Text=
#Text=maduer.
11-1	1586-1591	Papno	
11-2	1592-1597	vrina	
11-3	1598-1605	leniter	
11-4	1606-1611	perfu	
11-5	1611-1612	-	
11-6	1614-1617	for	
11-7	1618-1626	exceptus	
11-8	1627-1634	moschus	
11-9	1634-1635	,	
11-10	1636-1639	iam	
11-11	1643-1645	ef	
11-12	1649-1650	1	
11-13	1656-1662	maduer	
11-14	1662-1663	.	

#Text=L
#Text=
#Text=
#Text=
#Text=effoetus mucidusue, ita na-
#Text=
#Text=tiuum resumit recuperac-
#Text=
#Text=que odorem , vt vel emun-
#Text=
#Text=cae yel mucosae naris quis-
#Text=
#Text=que fateretur pracstancifli,
#Text=
#Text=mum eum efle, nuper ex i.
12-1	1664-1665	L	
12-2	1669-1677	effoetus	
12-3	1678-1687	mucidusue	
12-4	1687-1688	,	
12-5	1689-1692	ita	
12-6	1693-1695	na	
12-7	1695-1696	-	
12-8	1698-1703	tiuum	
12-9	1704-1711	resumit	
12-10	1712-1721	recuperac	
12-11	1721-1722	-	
12-12	1724-1727	que	
12-13	1728-1734	odorem	
12-14	1735-1736	,	
12-15	1737-1739	vt	
12-16	1740-1743	vel	
12-17	1744-1748	emun	
12-18	1748-1749	-	
12-19	1751-1754	cae	
12-20	1755-1758	yel	
12-21	1759-1766	mucosae	
12-22	1767-1772	naris	
12-23	1773-1777	quis	
12-24	1777-1778	-	
12-25	1780-1783	que	
12-26	1784-1793	fateretur	
12-27	1794-1807	pracstancifli	
12-28	1807-1808	,	
12-29	1810-1813	mum	
12-30	1814-1817	eum	
12-31	1818-1822	efle	
12-32	1822-1823	,	
12-33	1824-1829	nuper	
12-34	1830-1832	ex	
12-35	1833-1834	i	
12-36	1834-1835	.	

#Text=pfa animalis vomica prom-
#Text=
#Text=ptum.
13-1	1837-1840	pfa	
13-2	1841-1849	animalis	
13-3	1850-1856	vomica	
13-4	1857-1861	prom	
13-5	1861-1862	-	
13-6	1864-1868	ptum	
13-7	1868-1869	.	

#Text=Vnde quincto loco Quinto ani,
#Text=
#Text=animaduertendum eft,non
#Text=
#Text=nulla apud antiquos fuauia
#Text=
#Text=dicta effe, non quia ex ses
#Text=
#Text=suauia sint, sed quia alijs
#Text=
#Text=mista suauitatem pariant.
14-1	1870-1874	Vnde	
14-2	1875-1882	quincto	
14-3	1883-1887	loco	
14-4	1888-1894	Quinto	
14-5	1895-1898	ani	
14-6	1898-1899	,	
14-7	1901-1916	animaduertendum	
14-8	1917-1920	eft	
14-9	1920-1921	,	
14-10	1921-1924	non	
14-11	1926-1931	nulla	
14-12	1932-1936	apud	
14-13	1937-1945	antiquos	
14-14	1946-1952	fuauia	
14-15	1954-1959	dicta	
14-16	1960-1964	effe	
14-17	1964-1965	,	
14-18	1966-1969	non	
14-19	1970-1974	quia	
14-20	1975-1977	ex	
14-21	1978-1981	ses	
14-22	1983-1989	suauia	
14-23	1990-1994	sint	
14-24	1994-1995	,	
14-25	1996-1999	sed	
14-26	2000-2004	quia	
14-27	2005-2010	alijs	
14-28	2012-2017	mista	
14-29	2018-2028	suauitatem	
14-30	2029-2036	pariant	
14-31	2036-2037	.	
