#FORMAT=WebAnno TSV 3.3


#Text=19 Omnemque ejus adipem tollet, et adolebit super altare : 20 sic faciens et de hoc vitulo quomodo fecit et prius : et rogante pro eis sacerdote, propitius erit eis Dominus.
#Text=21 Ipsum autem vitulum efferet extra castra, atque comburet sicut et priorem vitulum : quia est pro peccato multitudinis.
#Text=22 Si peccaverit princeps, et fecerit unum e pluribus per ignorantiam, quod Domini lege prohibetur : 23 et postea intellexerit peccatum suum, offeret hostiam Domino, hircum de capris immaculatum.
#Text=24 Ponetque manum suam super caput ejus : cumque immolaverit eum in loco ubi solet mactari holocaustum coram Domino, quia pro peccato est, 25 tinget sacerdos digitum in sanguine hostiæ pro peccato, tangens cornua altaris holocausti, et reliquum fundens ad basim ejus.
#Text=26 Adipem vero adolebit supra, sicut in victimis pacificorum fieri solet : rogabitque pro eo sacerdos, et pro peccato ejus, et dimittetur ei.
#Text=27 Quod si peccaverit anima per ignorantiam, de populo terræ, ut faciat quidquam de his, quæ Domini lege prohibentur, atque delinquat, 28 et cognoverit peccatum suum, offeret capram immaculatam.
#Text=29 Ponetque manum super caput hostiæ quæ pro peccato est, et immolabit eam in loco holocausti.
#Text=30 Tolletque sacerdos de sanguine in digito suo : et tangens cornua altaris holocausti, reliquum fundet ad basim ejus.
#Text=31 Omnem autem adipem auferens, sicut auferri solet de victimis pacificorum, adolebit super altare in odorem suavitatis Domino : rogabitque pro eo, et dimittetur ei.
#Text=32 Sin autem de pecoribus obtulerit victimam pro peccato, ovem scilicet immaculatam : 33 ponet manum super caput ejus, et immolabit eam in loco ubi solent cædi holocaustorum hostiæ.
#Text=34 Sumetque sacerdos de sanguine ejus digito suo, et tangens cornua altaris holocausti, reliquum fundet ad basim ejus.
#Text=35 Omnem quoque adipem auferens, sicut auferri solet adeps arietis, qui immolatur pro pacificis, cremabit super altare in incensum Domini : rogabitque pro eo, et pro peccato ejus, et dimittetur ei.
1-1	2-4	19	
1-2	5-13	Omnemque	
1-3	14-18	ejus	
1-4	19-25	adipem	
1-5	26-32	tollet	
1-6	32-33	,	
1-7	34-36	et	
1-8	37-45	adolebit	
1-9	46-51	super	
1-10	52-58	altare	
1-11	59-60	:	
1-12	61-63	20	
1-13	64-67	sic	
1-14	68-75	faciens	
1-15	76-78	et	
1-16	79-81	de	
1-17	82-85	hoc	
1-18	86-92	vitulo	
1-19	93-100	quomodo	
1-20	101-106	fecit	
1-21	107-109	et	
1-22	110-115	prius	
1-23	116-117	:	
1-24	118-120	et	
1-25	121-128	rogante	
1-26	129-132	pro	
1-27	133-136	eis	
1-28	137-146	sacerdote	
1-29	146-147	,	
1-30	148-157	propitius	
1-31	158-162	erit	
1-32	163-166	eis	
1-33	167-174	Dominus	
1-34	174-175	.	
1-35	176-178	21	
1-36	179-184	Ipsum	
1-37	185-190	autem	
1-38	191-198	vitulum	
1-39	199-206	efferet	
1-40	207-212	extra	
1-41	213-219	castra	
1-42	219-220	,	
1-43	221-226	atque	
1-44	227-235	comburet	
1-45	236-241	sicut	
1-46	242-244	et	
1-47	245-252	priorem	
1-48	253-260	vitulum	
1-49	261-262	:	
1-50	263-267	quia	
1-51	268-271	est	
1-52	272-275	pro	
1-53	276-283	peccato	
1-54	284-296	multitudinis	
1-55	296-297	.	
1-56	298-300	22	
1-57	301-303	Si	
1-58	304-314	peccaverit	
1-59	315-323	princeps	
1-60	323-324	,	
1-61	325-327	et	
1-62	328-335	fecerit	
1-63	336-340	unum	
1-64	341-342	e	
1-65	343-351	pluribus	
1-66	352-355	per	
1-67	356-367	ignorantiam	
1-68	367-368	,	
1-69	369-373	quod	
1-70	374-380	Domini	
1-71	381-385	lege	
1-72	386-396	prohibetur	
1-73	397-398	:	
1-74	399-401	23	
1-75	402-404	et	
1-76	405-411	postea	
1-77	412-424	intellexerit	
1-78	425-433	peccatum	
1-79	434-438	suum	
1-80	438-439	,	
1-81	440-447	offeret	
1-82	448-455	hostiam	
1-83	456-462	Domino	
1-84	462-463	,	
1-85	464-470	hircum	
1-86	471-473	de	
1-87	474-480	capris	
1-88	481-492	immaculatum	
1-89	492-493	.	
1-90	494-496	24	
1-91	497-505	Ponetque	
1-92	506-511	manum	
1-93	512-516	suam	
1-94	517-522	super	
1-95	523-528	caput	
1-96	529-533	ejus	
1-97	534-535	:	
1-98	536-542	cumque	
1-99	543-554	immolaverit	
1-100	555-558	eum	
1-101	559-561	in	
1-102	562-566	loco	
1-103	567-570	ubi	
1-104	571-576	solet	
1-105	577-584	mactari	
1-106	585-596	holocaustum	
1-107	597-602	coram	
1-108	603-609	Domino	
1-109	609-610	,	
1-110	611-615	quia	
1-111	616-619	pro	
1-112	620-627	peccato	
1-113	628-631	est	
1-114	631-632	,	
1-115	633-635	25	
1-116	636-642	tinget	
1-117	643-651	sacerdos	
1-118	652-659	digitum	
1-119	660-662	in	
1-120	663-671	sanguine	
1-121	672-678	hostiæ	
1-122	679-682	pro	
1-123	683-690	peccato	
1-124	690-691	,	
1-125	692-699	tangens	
1-126	700-706	cornua	
1-127	707-714	altaris	
1-128	715-725	holocausti	
1-129	725-726	,	
1-130	727-729	et	
1-131	730-738	reliquum	
1-132	739-746	fundens	
1-133	747-749	ad	
1-134	750-755	basim	
1-135	756-760	ejus	
1-136	760-761	.	
1-137	762-764	26	
1-138	765-771	Adipem	
1-139	772-776	vero	
1-140	777-785	adolebit	
1-141	786-791	supra	
1-142	791-792	,	
1-143	793-798	sicut	
1-144	799-801	in	
1-145	802-810	victimis	
1-146	811-822	pacificorum	
1-147	823-828	fieri	
1-148	829-834	solet	
1-149	835-836	:	
1-150	837-847	rogabitque	
1-151	848-851	pro	
1-152	852-854	eo	
1-153	855-863	sacerdos	
1-154	863-864	,	
1-155	865-867	et	
1-156	868-871	pro	
1-157	872-879	peccato	
1-158	880-884	ejus	
1-159	884-885	,	
1-160	886-888	et	
1-161	889-899	dimittetur	
1-162	900-902	ei	
1-163	902-903	.	
1-164	904-906	27	
1-165	907-911	Quod	
1-166	912-914	si	
1-167	915-925	peccaverit	
1-168	926-931	anima	
1-169	932-935	per	
1-170	936-947	ignorantiam	
1-171	947-948	,	
1-172	949-951	de	
1-173	952-958	populo	
1-174	959-964	terræ	
1-175	964-965	,	
1-176	966-968	ut	
1-177	969-975	faciat	
1-178	976-984	quidquam	
1-179	985-987	de	
1-180	988-991	his	
1-181	991-992	,	
1-182	993-996	quæ	
1-183	997-1003	Domini	
1-184	1004-1008	lege	
1-185	1009-1020	prohibentur	
1-186	1020-1021	,	
1-187	1022-1027	atque	
1-188	1028-1037	delinquat	
1-189	1037-1038	,	
1-190	1039-1041	28	
1-191	1042-1044	et	
1-192	1045-1055	cognoverit	
1-193	1056-1064	peccatum	
1-194	1065-1069	suum	
1-195	1069-1070	,	
1-196	1071-1078	offeret	
1-197	1079-1085	capram	
1-198	1086-1097	immaculatam	
1-199	1097-1098	.	
1-200	1099-1101	29	
1-201	1102-1110	Ponetque	
1-202	1111-1116	manum	
1-203	1117-1122	super	
1-204	1123-1128	caput	
1-205	1129-1135	hostiæ	
1-206	1136-1139	quæ	
1-207	1140-1143	pro	
1-208	1144-1151	peccato	
1-209	1152-1155	est	
1-210	1155-1156	,	
1-211	1157-1159	et	
1-212	1160-1169	immolabit	
1-213	1170-1173	eam	
1-214	1174-1176	in	
1-215	1177-1181	loco	
1-216	1182-1192	holocausti	
1-217	1192-1193	.	
1-218	1194-1196	30	
1-219	1197-1206	Tolletque	
1-220	1207-1215	sacerdos	
1-221	1216-1218	de	
1-222	1219-1227	sanguine	
1-223	1228-1230	in	
1-224	1231-1237	digito	
1-225	1238-1241	suo	
1-226	1242-1243	:	
1-227	1244-1246	et	
1-228	1247-1254	tangens	
1-229	1255-1261	cornua	
1-230	1262-1269	altaris	
1-231	1270-1280	holocausti	
1-232	1280-1281	,	
1-233	1282-1290	reliquum	
1-234	1291-1297	fundet	
1-235	1298-1300	ad	
1-236	1301-1306	basim	
1-237	1307-1311	ejus	
1-238	1311-1312	.	
1-239	1313-1315	31	
1-240	1316-1321	Omnem	
1-241	1322-1327	autem	
1-242	1328-1334	adipem	
1-243	1335-1343	auferens	
1-244	1343-1344	,	
1-245	1345-1350	sicut	
1-246	1351-1358	auferri	
1-247	1359-1364	solet	
1-248	1365-1367	de	
1-249	1368-1376	victimis	
1-250	1377-1388	pacificorum	
1-251	1388-1389	,	
1-252	1390-1398	adolebit	
1-253	1399-1404	super	
1-254	1405-1411	altare	
1-255	1412-1414	in	
1-256	1415-1421	odorem	
1-257	1422-1432	suavitatis	
1-258	1433-1439	Domino	
1-259	1440-1441	:	
1-260	1442-1452	rogabitque	
1-261	1453-1456	pro	
1-262	1457-1459	eo	
1-263	1459-1460	,	
1-264	1461-1463	et	
1-265	1464-1474	dimittetur	
1-266	1475-1477	ei	
1-267	1477-1478	.	
1-268	1479-1481	32	
1-269	1482-1485	Sin	
1-270	1486-1491	autem	
1-271	1492-1494	de	
1-272	1495-1504	pecoribus	
1-273	1505-1514	obtulerit	
1-274	1515-1523	victimam	
1-275	1524-1527	pro	
1-276	1528-1535	peccato	
1-277	1535-1536	,	
1-278	1537-1541	ovem	
1-279	1542-1550	scilicet	
1-280	1551-1562	immaculatam	
1-281	1563-1564	:	
1-282	1565-1567	33	
1-283	1568-1573	ponet	
1-284	1574-1579	manum	
1-285	1580-1585	super	
1-286	1586-1591	caput	
1-287	1592-1596	ejus	
1-288	1596-1597	,	
1-289	1598-1600	et	
1-290	1601-1610	immolabit	
1-291	1611-1614	eam	
1-292	1615-1617	in	
1-293	1618-1622	loco	
1-294	1623-1626	ubi	
1-295	1627-1633	solent	
1-296	1634-1638	cædi	
1-297	1639-1652	holocaustorum	
1-298	1653-1659	hostiæ	
1-299	1659-1660	.	
1-300	1661-1663	34	
1-301	1664-1672	Sumetque	
1-302	1673-1681	sacerdos	
1-303	1682-1684	de	
1-304	1685-1693	sanguine	
1-305	1694-1698	ejus	
1-306	1699-1705	digito	
1-307	1706-1709	suo	
1-308	1709-1710	,	
1-309	1711-1713	et	
1-310	1714-1721	tangens	
1-311	1722-1728	cornua	
1-312	1729-1736	altaris	
1-313	1737-1747	holocausti	
1-314	1747-1748	,	
1-315	1749-1757	reliquum	
1-316	1758-1764	fundet	
1-317	1765-1767	ad	
1-318	1768-1773	basim	
1-319	1774-1778	ejus	
1-320	1778-1779	.	
1-321	1780-1782	35	
1-322	1783-1788	Omnem	
1-323	1789-1795	quoque	
1-324	1796-1802	adipem	
1-325	1803-1811	auferens	
1-326	1811-1812	,	
1-327	1813-1818	sicut	
1-328	1819-1826	auferri	
1-329	1827-1832	solet	
1-330	1833-1838	adeps	
1-331	1839-1846	arietis	
1-332	1846-1847	,	
1-333	1848-1851	qui	
1-334	1852-1861	immolatur	
1-335	1862-1865	pro	
1-336	1866-1875	pacificis	
1-337	1875-1876	,	
1-338	1877-1885	cremabit	
1-339	1886-1891	super	
1-340	1892-1898	altare	
1-341	1899-1901	in	
1-342	1902-1910	incensum	
1-343	1911-1917	Domini	
1-344	1918-1919	:	
1-345	1920-1930	rogabitque	
1-346	1931-1934	pro	
1-347	1935-1937	eo	
1-348	1937-1938	,	
1-349	1939-1941	et	
1-350	1942-1945	pro	
1-351	1946-1953	peccato	
1-352	1954-1958	ejus	
1-353	1958-1959	,	
1-354	1960-1962	et	
1-355	1963-1973	dimittetur	
1-356	1974-1976	ei	
1-357	1976-1977	.	

#Text=Caput 5
#Text=
#Text=
#Text=1 Si peccaverit anima, et audierit vocem jurantis, testisque fuerit quod aut ipse vidit, aut conscius est : nisi indicaverit, portabit iniquitatem suam.
#Text=2 Anima quæ tetigerit aliquid immundum, sive quod occisum a bestia est, aut per se mortuum, aut quodlibet aliud reptile : et oblita fuerit immunditiæ suæ, rea est, et deliquit : 3 et si tetigerit quidquam de immunditia hominis juxta omnem impuritatem, qua pollui solet, oblitaque cognoverit postea, subjacebit delicto.
#Text=4 Anima, quæ juraverit, et protulerit labiis suis, ut vel male quid faceret, vel bene, et idipsum juramento et sermone firmaverit, oblitaque postea intellexerit delictum suum, 5 agat pœnitentiam pro peccato, 6 et offerat de gregibus agnam sive capram, orabitque pro ea sacerdos et pro peccato ejus.
#Text=7 Sin autem non potuerit offerre pecus, offerat duos turtures, vel duos pullos columbarum Domino, unum pro peccato, et alterum in holocaustum, 8 dabitque eos sacerdoti : qui primum offerens pro peccato, retorquebit caput ejus ad pennulas, ita ut collo hæreat, et non penitus abrumpatur.
#Text=9 Et asperget de sanguine ejus parietem altaris ; quidquid autem reliquum fuerit, faciet distillare ad fundamentum ejus, quia pro peccato est.
#Text=10 Alterum vero adolebit in holocaustum, ut fieri solet : rogabitque pro eo sacerdos et pro peccato ejus, et dimittetur ei.
#Text=11 Quod si non quiverit manus ejus duos offerre turtures, aut duos pullos columbarum, offeret pro peccato suo similæ partem ephi decimam : non mittet in eam oleum, nec thuris aliquid imponet, quia pro peccato est.
#Text=12 Tradetque eam sacerdoti : qui plenum ex ea pugillum hauriens, cremabit super altare in monimentum ejus qui obtulerit, 13 rogans pro illo et expians : reliquam vero partem ipse habebit in munere.
2-1	1978-1983	Caput	
2-2	1984-1985	5	
2-3	1988-1989	1	
2-4	1990-1992	Si	
2-5	1993-2003	peccaverit	
2-6	2004-2009	anima	
2-7	2009-2010	,	
2-8	2011-2013	et	
2-9	2014-2022	audierit	
2-10	2023-2028	vocem	
2-11	2029-2037	jurantis	
2-12	2037-2038	,	
2-13	2039-2048	testisque	
2-14	2049-2055	fuerit	
2-15	2056-2060	quod	
2-16	2061-2064	aut	
2-17	2065-2069	ipse	
2-18	2070-2075	vidit	
2-19	2075-2076	,	
2-20	2077-2080	aut	
2-21	2081-2089	conscius	
2-22	2090-2093	est	
2-23	2094-2095	:	
2-24	2096-2100	nisi	
2-25	2101-2112	indicaverit	
2-26	2112-2113	,	
2-27	2114-2122	portabit	
2-28	2123-2134	iniquitatem	
2-29	2135-2139	suam	
2-30	2139-2140	.	
2-31	2141-2142	2	
2-32	2143-2148	Anima	
2-33	2149-2152	quæ	
2-34	2153-2162	tetigerit	
2-35	2163-2170	aliquid	
2-36	2171-2179	immundum	
2-37	2179-2180	,	
2-38	2181-2185	sive	
2-39	2186-2190	quod	
2-40	2191-2198	occisum	
2-41	2199-2200	a	
2-42	2201-2207	bestia	
2-43	2208-2211	est	
2-44	2211-2212	,	
2-45	2213-2216	aut	
2-46	2217-2220	per	
2-47	2221-2223	se	
2-48	2224-2231	mortuum	
2-49	2231-2232	,	
2-50	2233-2236	aut	
2-51	2237-2246	quodlibet	
2-52	2247-2252	aliud	
2-53	2253-2260	reptile	
2-54	2261-2262	:	
2-55	2263-2265	et	
2-56	2266-2272	oblita	
2-57	2273-2279	fuerit	
2-58	2280-2290	immunditiæ	
2-59	2291-2294	suæ	
2-60	2294-2295	,	
2-61	2296-2299	rea	
2-62	2300-2303	est	
2-63	2303-2304	,	
2-64	2305-2307	et	
2-65	2308-2316	deliquit	
2-66	2317-2318	:	
2-67	2319-2320	3	
2-68	2321-2323	et	
2-69	2324-2326	si	
2-70	2327-2336	tetigerit	
2-71	2337-2345	quidquam	
2-72	2346-2348	de	
2-73	2349-2359	immunditia	
2-74	2360-2367	hominis	
2-75	2368-2373	juxta	
2-76	2374-2379	omnem	
2-77	2380-2391	impuritatem	
2-78	2391-2392	,	
2-79	2393-2396	qua	
2-80	2397-2403	pollui	
2-81	2404-2409	solet	
2-82	2409-2410	,	
2-83	2411-2420	oblitaque	
2-84	2421-2431	cognoverit	
2-85	2432-2438	postea	
2-86	2438-2439	,	
2-87	2440-2450	subjacebit	
2-88	2451-2458	delicto	
2-89	2458-2459	.	
2-90	2460-2461	4	
2-91	2462-2467	Anima	
2-92	2467-2468	,	
2-93	2469-2472	quæ	
2-94	2473-2482	juraverit	
2-95	2482-2483	,	
2-96	2484-2486	et	
2-97	2487-2497	protulerit	
2-98	2498-2504	labiis	
2-99	2505-2509	suis	
2-100	2509-2510	,	
2-101	2511-2513	ut	
2-102	2514-2517	vel	
2-103	2518-2522	male	
2-104	2523-2527	quid	
2-105	2528-2535	faceret	
2-106	2535-2536	,	
2-107	2537-2540	vel	
2-108	2541-2545	bene	
2-109	2545-2546	,	
2-110	2547-2549	et	
2-111	2550-2557	idipsum	
2-112	2558-2567	juramento	
2-113	2568-2570	et	
2-114	2571-2578	sermone	
2-115	2579-2589	firmaverit	
2-116	2589-2590	,	
2-117	2591-2600	oblitaque	
2-118	2601-2607	postea	
2-119	2608-2620	intellexerit	
2-120	2621-2629	delictum	
2-121	2630-2634	suum	
2-122	2634-2635	,	
2-123	2636-2637	5	
2-124	2638-2642	agat	
2-125	2643-2654	pœnitentiam	
2-126	2655-2658	pro	
2-127	2659-2666	peccato	
2-128	2666-2667	,	
2-129	2668-2669	6	
2-130	2670-2672	et	
2-131	2673-2680	offerat	
2-132	2681-2683	de	
2-133	2684-2692	gregibus	
2-134	2693-2698	agnam	
2-135	2699-2703	sive	
2-136	2704-2710	capram	
2-137	2710-2711	,	
2-138	2712-2721	orabitque	
2-139	2722-2725	pro	
2-140	2726-2728	ea	
2-141	2729-2737	sacerdos	
2-142	2738-2740	et	
2-143	2741-2744	pro	
2-144	2745-2752	peccato	
2-145	2753-2757	ejus	
2-146	2757-2758	.	
2-147	2759-2760	7	
2-148	2761-2764	Sin	
2-149	2765-2770	autem	
2-150	2771-2774	non	
2-151	2775-2783	potuerit	
2-152	2784-2791	offerre	
2-153	2792-2797	pecus	
2-154	2797-2798	,	
2-155	2799-2806	offerat	
2-156	2807-2811	duos	
2-157	2812-2820	turtures	
2-158	2820-2821	,	
2-159	2822-2825	vel	
2-160	2826-2830	duos	
2-161	2831-2837	pullos	
2-162	2838-2848	columbarum	
2-163	2849-2855	Domino	
2-164	2855-2856	,	
2-165	2857-2861	unum	
2-166	2862-2865	pro	
2-167	2866-2873	peccato	
2-168	2873-2874	,	
2-169	2875-2877	et	
2-170	2878-2885	alterum	
2-171	2886-2888	in	
2-172	2889-2900	holocaustum	
2-173	2900-2901	,	
2-174	2902-2903	8	
2-175	2904-2912	dabitque	
2-176	2913-2916	eos	
2-177	2917-2926	sacerdoti	
2-178	2927-2928	:	
2-179	2929-2932	qui	
2-180	2933-2939	primum	
2-181	2940-2948	offerens	
2-182	2949-2952	pro	
2-183	2953-2960	peccato	
2-184	2960-2961	,	
2-185	2962-2973	retorquebit	
2-186	2974-2979	caput	
2-187	2980-2984	ejus	
2-188	2985-2987	ad	
2-189	2988-2996	pennulas	
2-190	2996-2997	,	
2-191	2998-3001	ita	
2-192	3002-3004	ut	
2-193	3005-3010	collo	
2-194	3011-3017	hæreat	
2-195	3017-3018	,	
2-196	3019-3021	et	
2-197	3022-3025	non	
2-198	3026-3033	penitus	
2-199	3034-3044	abrumpatur	
2-200	3044-3045	.	
2-201	3046-3047	9	
2-202	3048-3050	Et	
2-203	3051-3059	asperget	
2-204	3060-3062	de	
2-205	3063-3071	sanguine	
2-206	3072-3076	ejus	
2-207	3077-3085	parietem	
2-208	3086-3093	altaris	
2-209	3094-3095	;	
2-210	3096-3104	quidquid	
2-211	3105-3110	autem	
2-212	3111-3119	reliquum	
2-213	3120-3126	fuerit	
2-214	3126-3127	,	
2-215	3128-3134	faciet	
2-216	3135-3145	distillare	
2-217	3146-3148	ad	
2-218	3149-3160	fundamentum	
2-219	3161-3165	ejus	
2-220	3165-3166	,	
2-221	3167-3171	quia	
2-222	3172-3175	pro	
2-223	3176-3183	peccato	
2-224	3184-3187	est	
2-225	3187-3188	.	
2-226	3189-3191	10	
2-227	3192-3199	Alterum	
2-228	3200-3204	vero	
2-229	3205-3213	adolebit	
2-230	3214-3216	in	
2-231	3217-3228	holocaustum	
2-232	3228-3229	,	
2-233	3230-3232	ut	
2-234	3233-3238	fieri	
2-235	3239-3244	solet	
2-236	3245-3246	:	
2-237	3247-3257	rogabitque	
2-238	3258-3261	pro	
2-239	3262-3264	eo	
2-240	3265-3273	sacerdos	
2-241	3274-3276	et	
2-242	3277-3280	pro	
2-243	3281-3288	peccato	
2-244	3289-3293	ejus	
2-245	3293-3294	,	
2-246	3295-3297	et	
2-247	3298-3308	dimittetur	
2-248	3309-3311	ei	
2-249	3311-3312	.	
2-250	3313-3315	11	
2-251	3316-3320	Quod	
2-252	3321-3323	si	
2-253	3324-3327	non	
2-254	3328-3336	quiverit	
2-255	3337-3342	manus	
2-256	3343-3347	ejus	
2-257	3348-3352	duos	
2-258	3353-3360	offerre	
2-259	3361-3369	turtures	
2-260	3369-3370	,	
2-261	3371-3374	aut	
2-262	3375-3379	duos	
2-263	3380-3386	pullos	
2-264	3387-3397	columbarum	
2-265	3397-3398	,	
2-266	3399-3406	offeret	
2-267	3407-3410	pro	
2-268	3411-3418	peccato	
2-269	3419-3422	suo	
2-270	3423-3429	similæ	
2-271	3430-3436	partem	
2-272	3437-3441	ephi	
2-273	3442-3449	decimam	
2-274	3450-3451	:	
2-275	3452-3455	non	
2-276	3456-3462	mittet	
2-277	3463-3465	in	
2-278	3466-3469	eam	
2-279	3470-3475	oleum	
2-280	3475-3476	,	
2-281	3477-3480	nec	
2-282	3481-3487	thuris	
2-283	3488-3495	aliquid	
2-284	3496-3503	imponet	
2-285	3503-3504	,	
2-286	3505-3509	quia	
2-287	3510-3513	pro	
2-288	3514-3521	peccato	
2-289	3522-3525	est	
2-290	3525-3526	.	
2-291	3527-3529	12	
2-292	3530-3539	Tradetque	
2-293	3540-3543	eam	
2-294	3544-3553	sacerdoti	
2-295	3554-3555	:	
2-296	3556-3559	qui	
2-297	3560-3566	plenum	
2-298	3567-3569	ex	
2-299	3570-3572	ea	
2-300	3573-3581	pugillum	
2-301	3582-3590	hauriens	
2-302	3590-3591	,	
2-303	3592-3600	cremabit	
2-304	3601-3606	super	
2-305	3607-3613	altare	
2-306	3614-3616	in	
2-307	3617-3627	monimentum	
2-308	3628-3632	ejus	
2-309	3633-3636	qui	
2-310	3637-3646	obtulerit	
2-311	3646-3647	,	
2-312	3648-3650	13	
2-313	3651-3657	rogans	
2-314	3658-3661	pro	
2-315	3662-3666	illo	
2-316	3667-3669	et	
2-317	3670-3677	expians	
2-318	3678-3679	:	
2-319	3680-3688	reliquam	
2-320	3689-3693	vero	
2-321	3694-3700	partem	
2-322	3701-3705	ipse	
2-323	3706-3713	habebit	
2-324	3714-3716	in	
2-325	3717-3723	munere	
2-326	3723-3724	.	
