#FORMAT=WebAnno TSV 3.3


#Text=Thans zal ik den verder nadenkenden slechts het volgende leveren:
#Text=
#Text=1)
#Text=Het eerste, wat onze opmerkzaamheid kan onledig houden, is de wonderbare overeenstemming der inrigting van den Dampkring of Atmosphaere met het oogmerk der levende wezens.
1-1	2-7	Thans	
1-2	8-11	zal	
1-3	12-14	ik	
1-4	15-18	den	
1-5	19-25	verder	
1-6	26-37	nadenkenden	
1-7	38-45	slechts	
1-8	46-49	het	
1-9	50-58	volgende	
1-10	59-66	leveren	
1-11	66-67	:	
1-12	69-70	1	
1-13	70-71	)	
1-14	72-75	Het	
1-15	76-82	eerste	
1-16	82-83	,	
1-17	84-87	wat	
1-18	88-92	onze	
1-19	93-107	opmerkzaamheid	
1-20	108-111	kan	
1-21	112-119	onledig	
1-22	120-126	houden	
1-23	126-127	,	
1-24	128-130	is	
1-25	131-133	de	
1-26	134-144	wonderbare	
1-27	145-160	overeenstemming	
1-28	161-164	der	
1-29	165-174	inrigting	
1-30	175-178	van	
1-31	179-182	den	
1-32	183-192	Dampkring	
1-33	193-195	of	
1-34	196-207	Atmosphaere	
1-35	208-211	met	
1-36	212-215	het	
1-37	216-223	oogmerk	
1-38	224-227	der	
1-39	228-235	levende	
1-40	236-242	wezens	
1-41	242-243	.	

#Text=De natuur bereidde een zonderling mengsel van luchtsoorten en dampen, hetwelk de gansche aarde, onder den naam van dampkring, als een kleed, omhult, schier door alle andere stoffen henen dringt, en naauwelijks met de grootste moeite uit eene kleine ruimte kan gedreven worden.
2-1	244-246	De	
2-2	247-253	natuur	
2-3	254-262	bereidde	
2-4	263-266	een	
2-5	267-277	zonderling	
2-6	278-285	mengsel	
2-7	286-289	van	
2-8	290-302	luchtsoorten	
2-9	303-305	en	
2-10	306-312	dampen	
2-11	312-313	,	
2-12	314-321	hetwelk	
2-13	322-324	de	
2-14	325-332	gansche	
2-15	333-338	aarde	
2-16	338-339	,	
2-17	340-345	onder	
2-18	346-349	den	
2-19	350-354	naam	
2-20	355-358	van	
2-21	359-368	dampkring	
2-22	368-369	,	
2-23	370-373	als	
2-24	374-377	een	
2-25	378-383	kleed	
2-26	383-384	,	
2-27	385-391	omhult	
2-28	391-392	,	
2-29	393-399	schier	
2-30	400-404	door	
2-31	405-409	alle	
2-32	410-416	andere	
2-33	417-424	stoffen	
2-34	425-430	henen	
2-35	431-437	dringt	
2-36	437-438	,	
2-37	439-441	en	
2-38	442-453	naauwelijks	
2-39	454-457	met	
2-40	458-460	de	
2-41	461-469	grootste	
2-42	470-476	moeite	
2-43	477-480	uit	
2-44	481-485	eene	
2-45	486-492	kleine	
2-46	493-499	ruimte	
2-47	500-503	kan	
2-48	504-512	gedreven	
2-49	513-519	worden	
2-50	519-520	.	

#Text=Elk der vaste deelen dezer stof waarborgt der bewerktuigde en levende schepsels bijzondere nuttigheid.
3-1	521-524	Elk	
3-2	525-528	der	
3-3	529-534	vaste	
3-4	535-541	deelen	
3-5	542-547	dezer	
3-6	548-552	stof	
3-7	553-562	waarborgt	
3-8	563-566	der	
3-9	567-579	bewerktuigde	
3-10	580-582	en	
3-11	583-590	levende	
3-12	591-600	schepsels	
3-13	601-611	bijzondere	
3-14	612-622	nuttigheid	
3-15	622-623	.	

#Text=Want het inademen dezer dampkringslucht is inzonderheid voor het leven der dieren en menschen volstrekt noodzakelijk.
4-1	624-628	Want	
4-2	629-632	het	
4-3	633-641	inademen	
4-4	642-647	dezer	
4-5	648-663	dampkringslucht	
4-6	664-666	is	
4-7	667-679	inzonderheid	
4-8	680-684	voor	
4-9	685-688	het	
4-10	689-694	leven	
4-11	695-698	der	
4-12	699-705	dieren	
4-13	706-708	en	
4-14	709-717	menschen	
4-15	718-727	volstrekt	
4-16	728-740	noodzakelijk	
4-17	740-741	.	

#Text=De dieren, die in het water, op de aarde en in de lucht leven, moeten sterven, zoo haast hun deze lucht benomen wordt.
5-1	742-744	De	
5-2	745-751	dieren	
5-3	751-752	,	
5-4	753-756	die	
5-5	757-759	in	
5-6	760-763	het	
5-7	764-769	water	
5-8	769-770	,	
5-9	771-773	op	
5-10	774-776	de	
5-11	777-782	aarde	
5-12	783-785	en	
5-13	786-788	in	
5-14	789-791	de	
5-15	792-797	lucht	
5-16	798-803	leven	
5-17	803-804	,	
5-18	805-811	moeten	
5-19	812-819	sterven	
5-20	819-820	,	
5-21	821-824	zoo	
5-22	825-830	haast	
5-23	831-834	hun	
5-24	835-839	deze	
5-25	840-845	lucht	
5-26	846-853	benomen	
5-27	854-859	wordt	
5-28	859-860	.	

#Text=De zoo overvloedige werktuigen van den adem, welke wij aan de dieren bespeuren, zijn alle zoo ingerigt, dat zij deze dampkringslucht inzwelgen, de voedende deelen in het ligchaam behouden, en de schadelijke weder uitdrijven kunnen.
6-1	861-863	De	
6-2	864-867	zoo	
6-3	868-880	overvloedige	
6-4	881-891	werktuigen	
6-5	892-895	van	
6-6	896-899	den	
6-7	900-904	adem	
6-8	904-905	,	
6-9	906-911	welke	
6-10	912-915	wij	
6-11	916-919	aan	
6-12	920-922	de	
6-13	923-929	dieren	
6-14	930-939	bespeuren	
6-15	939-940	,	
6-16	941-945	zijn	
6-17	946-950	alle	
6-18	951-954	zoo	
6-19	955-963	ingerigt	
6-20	963-964	,	
6-21	965-968	dat	
6-22	969-972	zij	
6-23	973-977	deze	
6-24	978-993	dampkringslucht	
6-25	994-1003	inzwelgen	
6-26	1003-1004	,	
6-27	1005-1007	de	
6-28	1008-1016	voedende	
6-29	1017-1023	deelen	
6-30	1024-1026	in	
6-31	1027-1030	het	
6-32	1031-1039	ligchaam	
6-33	1040-1048	behouden	
6-34	1048-1049	,	
6-35	1050-1052	en	
6-36	1053-1055	de	
6-37	1056-1067	schadelijke	
6-38	1068-1073	weder	
6-39	1074-1084	uitdrijven	
6-40	1085-1091	kunnen	
6-41	1091-1092	.	

#Text=De menschen, viervoetige dieren en vogels ademen door longen;
#Text=de visschen door kieuwen; de wormen en insekten door luchtpijpen, die bij eenigen aan den staart, bij anderen aan den kop, aan de zijde, enz. geplaatst zijn, en waardoor zij niet alleen in- maar ook uitademen, zoo als reaumur en bonnet duidelijk hebben aangetoond.
7-1	1093-1095	De	
7-2	1096-1104	menschen	
7-3	1104-1105	,	
7-4	1106-1117	viervoetige	
7-5	1118-1124	dieren	
7-6	1125-1127	en	
7-7	1128-1134	vogels	
7-8	1135-1141	ademen	
7-9	1142-1146	door	
7-10	1147-1153	longen	
7-11	1153-1154	;	
7-12	1155-1157	de	
7-13	1158-1166	visschen	
7-14	1167-1171	door	
7-15	1172-1179	kieuwen	
7-16	1179-1180	;	
7-17	1181-1183	de	
7-18	1184-1190	wormen	
7-19	1191-1193	en	
7-20	1194-1202	insekten	
7-21	1203-1207	door	
7-22	1208-1219	luchtpijpen	
7-23	1219-1220	,	
7-24	1221-1224	die	
7-25	1225-1228	bij	
7-26	1229-1236	eenigen	
7-27	1237-1240	aan	
7-28	1241-1244	den	
7-29	1245-1251	staart	
7-30	1251-1252	,	
7-31	1253-1256	bij	
7-32	1257-1264	anderen	
7-33	1265-1268	aan	
7-34	1269-1272	den	
7-35	1273-1276	kop	
7-36	1276-1277	,	
7-37	1278-1281	aan	
7-38	1282-1284	de	
7-39	1285-1290	zijde	
7-40	1290-1291	,	
7-41	1292-1295	enz	
7-42	1295-1296	.	
7-43	1297-1306	geplaatst	
7-44	1307-1311	zijn	
7-45	1311-1312	,	
7-46	1313-1315	en	
7-47	1316-1324	waardoor	
7-48	1325-1328	zij	
7-49	1329-1333	niet	
7-50	1334-1340	alleen	
7-51	1341-1343	in	
7-52	1343-1344	-	
7-53	1345-1349	maar	
7-54	1350-1353	ook	
7-55	1354-1363	uitademen	
7-56	1363-1364	,	
7-57	1365-1368	zoo	
7-58	1369-1372	als	
7-59	1373-1380	reaumur	
7-60	1381-1383	en	
7-61	1384-1390	bonnet	
7-62	1391-1400	duidelijk	
7-63	1401-1407	hebben	
7-64	1408-1418	aangetoond	
7-65	1418-1419	.	

#Text=Smeert men deze luchtpijpen der insekten digt, zoo moeten zij binnen korter tijd sterven, dan wanneer men hen in eene luchtledige plaats zet.
8-1	1420-1426	Smeert	
8-2	1427-1430	men	
8-3	1431-1435	deze	
8-4	1436-1447	luchtpijpen	
8-5	1448-1451	der	
8-6	1452-1460	insekten	
8-7	1461-1465	digt	
8-8	1465-1466	,	
8-9	1467-1470	zoo	
8-10	1471-1477	moeten	
8-11	1478-1481	zij	
8-12	1482-1488	binnen	
8-13	1489-1495	korter	
8-14	1496-1500	tijd	
8-15	1501-1508	sterven	
8-16	1508-1509	,	
8-17	1510-1513	dan	
8-18	1514-1521	wanneer	
8-19	1522-1525	men	
8-20	1526-1529	hen	
8-21	1530-1532	in	
8-22	1533-1537	eene	
8-23	1538-1549	luchtledige	
8-24	1550-1556	plaats	
8-25	1557-1560	zet	
8-26	1560-1561	.	

#Text=De lucht is niet alleen om te leven, maar ook voor de groeijing der aardgewassen noodzakelijk.
9-1	1562-1564	De	
9-2	1565-1570	lucht	
9-3	1571-1573	is	
9-4	1574-1578	niet	
9-5	1579-1585	alleen	
9-6	1586-1588	om	
9-7	1589-1591	te	
9-8	1592-1597	leven	
9-9	1597-1598	,	
9-10	1599-1603	maar	
9-11	1604-1607	ook	
9-12	1608-1612	voor	
9-13	1613-1615	de	
9-14	1616-1625	groeijing	
9-15	1626-1629	der	
9-16	1630-1642	aardgewassen	
9-17	1643-1655	noodzakelijk	
9-18	1655-1656	.	

#Text=Al de planten zijn met ontelbare luchtvaten en adem- of luchtscheppende werktuigen voorzien, waardoor zij de dampkringslucht inzwelgen en andere van zich geven.
10-1	1657-1659	Al	
10-2	1660-1662	de	
10-3	1663-1670	planten	
10-4	1671-1675	zijn	
10-5	1676-1679	met	
10-6	1680-1689	ontelbare	
10-7	1690-1700	luchtvaten	
10-8	1701-1703	en	
10-9	1704-1708	adem	
10-10	1708-1709	-	
10-11	1710-1712	of	
10-12	1713-1728	luchtscheppende	
10-13	1729-1739	werktuigen	
10-14	1740-1748	voorzien	
10-15	1748-1749	,	
10-16	1750-1758	waardoor	
10-17	1759-1762	zij	
10-18	1763-1765	de	
10-19	1766-1781	dampkringslucht	
10-20	1782-1791	inzwelgen	
10-21	1792-1794	en	
10-22	1795-1801	andere	
10-23	1802-1805	van	
10-24	1806-1810	zich	
10-25	1811-1816	geven	
10-26	1816-1817	.	

#Text=Plaatst de planten onder de klok eener luchtpomp, en ontneemt ze de haar omringende lucht;
#Text=zoo wordt de lucht, die in elk deel harer zelfstandigheid besloten is, daar spoedig uitgetrokken, de bloesems en bladeren verwelken, en de gansche plant sterft, wanneer men haar eenigen tijd in dezen toestand laat.
11-1	1818-1825	Plaatst	
11-2	1826-1828	de	
11-3	1829-1836	planten	
11-4	1837-1842	onder	
11-5	1843-1845	de	
11-6	1846-1850	klok	
11-7	1851-1856	eener	
11-8	1857-1866	luchtpomp	
11-9	1866-1867	,	
11-10	1868-1870	en	
11-11	1871-1879	ontneemt	
11-12	1880-1882	ze	
11-13	1883-1885	de	
11-14	1886-1890	haar	
11-15	1891-1901	omringende	
11-16	1902-1907	lucht	
11-17	1907-1908	;	
11-18	1909-1912	zoo	
11-19	1913-1918	wordt	
11-20	1919-1921	de	
11-21	1922-1927	lucht	
11-22	1927-1928	,	
11-23	1929-1932	die	
11-24	1933-1935	in	
11-25	1936-1939	elk	
11-26	1940-1944	deel	
11-27	1945-1950	harer	
11-28	1951-1966	zelfstandigheid	
11-29	1967-1975	besloten	
11-30	1976-1978	is	
11-31	1978-1979	,	
11-32	1980-1984	daar	
11-33	1985-1992	spoedig	
11-34	1993-2005	uitgetrokken	
11-35	2005-2006	,	
11-36	2007-2009	de	
11-37	2010-2018	bloesems	
11-38	2019-2021	en	
11-39	2022-2030	bladeren	
11-40	2031-2040	verwelken	
11-41	2040-2041	,	
11-42	2042-2044	en	
11-43	2045-2047	de	
11-44	2048-2055	gansche	
11-45	2056-2061	plant	
11-46	2062-2068	sterft	
11-47	2068-2069	,	
11-48	2070-2077	wanneer	
11-49	2078-2081	men	
11-50	2082-2086	haar	
11-51	2087-2094	eenigen	
11-52	2095-2099	tijd	
11-53	2100-2102	in	
11-54	2103-2108	dezen	
11-55	2109-2117	toestand	
11-56	2118-2122	laat	
11-57	2122-2123	.	

#Text=De eigenschap, om het 1 ven en den wasdom te onderhouden, bezit de dampkringslucht echter maar alleen binnen eenen zekeren kring, namelijk binnen dien omtrek der aarde, waar levende schepsels of
#Text=[p. 339]
#Text=aard- en plantgewassen zijn kunnen.
12-1	2126-2128	De	
12-2	2129-2139	eigenschap	
12-3	2139-2140	,	
12-4	2141-2143	om	
12-5	2144-2147	het	
12-6	2148-2149	1	
12-7	2150-2153	ven	
12-8	2154-2156	en	
12-9	2157-2160	den	
12-10	2161-2167	wasdom	
12-11	2168-2170	te	
12-12	2171-2182	onderhouden	
12-13	2182-2183	,	
12-14	2184-2189	bezit	
12-15	2190-2192	de	
12-16	2193-2208	dampkringslucht	
12-17	2209-2215	echter	
12-18	2216-2220	maar	
12-19	2221-2227	alleen	
12-20	2228-2234	binnen	
12-21	2235-2240	eenen	
12-22	2241-2248	zekeren	
12-23	2249-2254	kring	
12-24	2254-2255	,	
12-25	2256-2264	namelijk	
12-26	2265-2271	binnen	
12-27	2272-2276	dien	
12-28	2277-2283	omtrek	
12-29	2284-2287	der	
12-30	2288-2293	aarde	
12-31	2293-2294	,	
12-32	2295-2299	waar	
12-33	2300-2307	levende	
12-34	2308-2317	schepsels	
12-35	2318-2320	of	
12-36	2321-2322	[	
12-37	2322-2323	p	
12-38	2323-2324	.	
12-39	2325-2328	339	
12-40	2328-2329	]	
12-41	2330-2334	aard	
12-42	2334-2335	-	
12-43	2336-2338	en	
12-44	2339-2352	plantgewassen	
12-45	2353-2357	zijn	
12-46	2358-2364	kunnen	
12-47	2364-2365	.	

#Text=Op eene grootere hoogte, waar zij verdunt, verliest zij deze volmaaktheid, gelijk men reeds op de toppen der hooge bergen kan bespeuren, even zoo behoudt zij, gelijk in de onderaardsche holen, voor het minst slechts zoo veel kracht, om het leven te bewaren, als voor de schepsels noodig is, die zich in dergelijke oorden onthouden.
13-1	2366-2368	Op	
13-2	2369-2373	eene	
13-3	2374-2382	grootere	
13-4	2383-2389	hoogte	
13-5	2389-2390	,	
13-6	2391-2395	waar	
13-7	2396-2399	zij	
13-8	2400-2407	verdunt	
13-9	2407-2408	,	
13-10	2409-2417	verliest	
13-11	2418-2421	zij	
13-12	2422-2426	deze	
13-13	2427-2439	volmaaktheid	
13-14	2439-2440	,	
13-15	2441-2447	gelijk	
13-16	2448-2451	men	
13-17	2452-2457	reeds	
13-18	2458-2460	op	
13-19	2461-2463	de	
13-20	2464-2470	toppen	
13-21	2471-2474	der	
13-22	2475-2480	hooge	
13-23	2481-2487	bergen	
13-24	2488-2491	kan	
13-25	2492-2501	bespeuren	
13-26	2501-2502	,	
13-27	2503-2507	even	
13-28	2508-2511	zoo	
13-29	2512-2519	behoudt	
13-30	2520-2523	zij	
13-31	2523-2524	,	
13-32	2525-2531	gelijk	
13-33	2532-2534	in	
13-34	2535-2537	de	
13-35	2538-2551	onderaardsche	
13-36	2552-2557	holen	
13-37	2557-2558	,	
13-38	2559-2563	voor	
13-39	2564-2567	het	
13-40	2568-2573	minst	
13-41	2574-2581	slechts	
13-42	2582-2585	zoo	
13-43	2586-2590	veel	
13-44	2591-2597	kracht	
13-45	2597-2598	,	
13-46	2599-2601	om	
13-47	2602-2605	het	
13-48	2606-2611	leven	
13-49	2612-2614	te	
13-50	2615-2622	bewaren	
13-51	2622-2623	,	
13-52	2624-2627	als	
13-53	2628-2632	voor	
13-54	2633-2635	de	
13-55	2636-2645	schepsels	
13-56	2646-2652	noodig	
13-57	2653-2655	is	
13-58	2655-2656	,	
13-59	2657-2660	die	
13-60	2661-2665	zich	
13-61	2666-2668	in	
13-62	2669-2679	dergelijke	
13-63	2680-2686	oorden	
13-64	2687-2696	onthouden	
13-65	2696-2697	.	

#Text=Zij is derhalve alleen daar, naar de behoeften der schepsels ingerigt, waar dezelve in haar moeten leven en zich bewegen.
14-1	2698-2701	Zij	
14-2	2702-2704	is	
14-3	2705-2713	derhalve	
14-4	2714-2720	alleen	
14-5	2721-2725	daar	
14-6	2725-2726	,	
14-7	2727-2731	naar	
14-8	2732-2734	de	
14-9	2735-2744	behoeften	
14-10	2745-2748	der	
14-11	2749-2758	schepsels	
14-12	2759-2767	ingerigt	
14-13	2767-2768	,	
14-14	2769-2773	waar	
14-15	2774-2781	dezelve	
14-16	2782-2784	in	
14-17	2785-2789	haar	
14-18	2790-2796	moeten	
14-19	2797-2802	leven	
14-20	2803-2805	en	
14-21	2806-2810	zich	
14-22	2811-2818	bewegen	
14-23	2818-2819	.	

#Text=Ware zij zwaarder dan zij is, zoo zou zij alles verwoesten, en de beweging der dieren, op de aarde en in de lucht levende, moeijelijk of zelfs geheel onmogelijk gemaakt worden.
15-1	2820-2824	Ware	
15-2	2825-2828	zij	
15-3	2829-2837	zwaarder	
15-4	2838-2841	dan	
15-5	2842-2845	zij	
15-6	2846-2848	is	
15-7	2848-2849	,	
15-8	2850-2853	zoo	
15-9	2854-2857	zou	
15-10	2858-2861	zij	
15-11	2862-2867	alles	
15-12	2868-2878	verwoesten	
15-13	2878-2879	,	
15-14	2880-2882	en	
15-15	2883-2885	de	
15-16	2886-2894	beweging	
15-17	2895-2898	der	
15-18	2899-2905	dieren	
15-19	2905-2906	,	
15-20	2907-2909	op	
15-21	2910-2912	de	
15-22	2913-2918	aarde	
15-23	2919-2921	en	
15-24	2922-2924	in	
15-25	2925-2927	de	
15-26	2928-2933	lucht	
15-27	2934-2941	levende	
15-28	2941-2942	,	
15-29	2943-2953	moeijelijk	
15-30	2954-2956	of	
15-31	2957-2962	zelfs	
15-32	2963-2969	geheel	
15-33	2970-2980	onmogelijk	
15-34	2981-2988	gemaakt	
15-35	2989-2995	worden	
15-36	2995-2996	.	
