#FORMAT=WebAnno TSV 3.3


#Text=cur reliquistis Dominum Deum Israël, ædificantes altare sacrilegum, et a cultu illius recedentes ?
1-1	2-5	cur	
1-2	6-17	reliquistis	
1-3	18-25	Dominum	
1-4	26-30	Deum	
1-5	31-37	Israël	
1-6	37-38	,	
1-7	39-50	ædificantes	
1-8	51-57	altare	
1-9	58-68	sacrilegum	
1-10	68-69	,	
1-11	70-72	et	
1-12	73-74	a	
1-13	75-80	cultu	
1-14	81-87	illius	
1-15	88-98	recedentes	
1-16	99-100	?	

#Text=17 an parum vobis est quod peccastis in Beelphegor, et usque in præsentem diem macula hujus sceleris in nobis permanet, multique de populo corruerunt ?
2-1	101-103	17	
2-2	104-106	an	
2-3	107-112	parum	
2-4	113-118	vobis	
2-5	119-122	est	
2-6	123-127	quod	
2-7	128-137	peccastis	
2-8	138-140	in	
2-9	141-151	Beelphegor	
2-10	151-152	,	
2-11	153-155	et	
2-12	156-161	usque	
2-13	162-164	in	
2-14	165-174	præsentem	
2-15	175-179	diem	
2-16	180-186	macula	
2-17	187-192	hujus	
2-18	193-201	sceleris	
2-19	202-204	in	
2-20	205-210	nobis	
2-21	211-219	permanet	
2-22	219-220	,	
2-23	221-229	multique	
2-24	230-232	de	
2-25	233-239	populo	
2-26	240-250	corruerunt	
2-27	251-252	?	

#Text=18 Et vos hodie reliquistis Dominum, et cras in universum Israël ira ejus desæviet.
#Text=19 Quod si putatis immundam esse terram possessionis vestræ, transite ad terram, in qua tabernaculum Domini est, et habitate inter nos : tantum ut a Domino et a nostro consortio non recedatis, ædificato altari præter altare Domini Dei nostri.
#Text=20 Nonne Achan filius Zare præteriit mandatum Domini, et super omnem populum Israël ira ejus incubuit ?
3-1	253-255	18	
3-2	256-258	Et	
3-3	259-262	vos	
3-4	263-268	hodie	
3-5	269-280	reliquistis	
3-6	281-288	Dominum	
3-7	288-289	,	
3-8	290-292	et	
3-9	293-297	cras	
3-10	298-300	in	
3-11	301-310	universum	
3-12	311-317	Israël	
3-13	318-321	ira	
3-14	322-326	ejus	
3-15	327-335	desæviet	
3-16	335-336	.	
3-17	337-339	19	
3-18	340-344	Quod	
3-19	345-347	si	
3-20	348-355	putatis	
3-21	356-364	immundam	
3-22	365-369	esse	
3-23	370-376	terram	
3-24	377-389	possessionis	
3-25	390-396	vestræ	
3-26	396-397	,	
3-27	398-406	transite	
3-28	407-409	ad	
3-29	410-416	terram	
3-30	416-417	,	
3-31	418-420	in	
3-32	421-424	qua	
3-33	425-437	tabernaculum	
3-34	438-444	Domini	
3-35	445-448	est	
3-36	448-449	,	
3-37	450-452	et	
3-38	453-461	habitate	
3-39	462-467	inter	
3-40	468-471	nos	
3-41	472-473	:	
3-42	474-480	tantum	
3-43	481-483	ut	
3-44	484-485	a	
3-45	486-492	Domino	
3-46	493-495	et	
3-47	496-497	a	
3-48	498-504	nostro	
3-49	505-514	consortio	
3-50	515-518	non	
3-51	519-528	recedatis	
3-52	528-529	,	
3-53	530-539	ædificato	
3-54	540-546	altari	
3-55	547-553	præter	
3-56	554-560	altare	
3-57	561-567	Domini	
3-58	568-571	Dei	
3-59	572-578	nostri	
3-60	578-579	.	
3-61	580-582	20	
3-62	583-588	Nonne	
3-63	589-594	Achan	
3-64	595-601	filius	
3-65	602-606	Zare	
3-66	607-616	præteriit	
3-67	617-625	mandatum	
3-68	626-632	Domini	
3-69	632-633	,	
3-70	634-636	et	
3-71	637-642	super	
3-72	643-648	omnem	
3-73	649-656	populum	
3-74	657-663	Israël	
3-75	664-667	ira	
3-76	668-672	ejus	
3-77	673-681	incubuit	
3-78	682-683	?	

#Text=et ille erat unus homo, atque utinam solum periisset in scelere suo.
#Text=21 Responderuntque filii Ruben et Gad, et dimidia tribus Manasse, principibus legationis Israël : 22 Fortissimus Deus Dominus, fortissimus Deus Dominus, ipse novit, et Israël simul intelliget : si prævaricationis animo hoc altare construximus, non custodiat nos, sed puniat nos in præsenti : 23 et si ea mente fecimus ut holocausta, et sacrificium, et pacificas victimas super eo imponeremus, ipse quærat et judicet : 24 et non ea magis cogitatione atque tractatu, ut diceremus : Cras dicent filii vestri filiis nostris : Quid vobis et Domino Deo Israël ?
4-1	684-686	et	
4-2	687-691	ille	
4-3	692-696	erat	
4-4	697-701	unus	
4-5	702-706	homo	
4-6	706-707	,	
4-7	708-713	atque	
4-8	714-720	utinam	
4-9	721-726	solum	
4-10	727-736	periisset	
4-11	737-739	in	
4-12	740-747	scelere	
4-13	748-751	suo	
4-14	751-752	.	
4-15	753-755	21	
4-16	756-771	Responderuntque	
4-17	772-777	filii	
4-18	778-783	Ruben	
4-19	784-786	et	
4-20	787-790	Gad	
4-21	790-791	,	
4-22	792-794	et	
4-23	795-802	dimidia	
4-24	803-809	tribus	
4-25	810-817	Manasse	
4-26	817-818	,	
4-27	819-830	principibus	
4-28	831-841	legationis	
4-29	842-848	Israël	
4-30	849-850	:	
4-31	851-853	22	
4-32	854-865	Fortissimus	
4-33	866-870	Deus	
4-34	871-878	Dominus	
4-35	878-879	,	
4-36	880-891	fortissimus	
4-37	892-896	Deus	
4-38	897-904	Dominus	
4-39	904-905	,	
4-40	906-910	ipse	
4-41	911-916	novit	
4-42	916-917	,	
4-43	918-920	et	
4-44	921-927	Israël	
4-45	928-933	simul	
4-46	934-944	intelliget	
4-47	945-946	:	
4-48	947-949	si	
4-49	950-965	prævaricationis	
4-50	966-971	animo	
4-51	972-975	hoc	
4-52	976-982	altare	
4-53	983-995	construximus	
4-54	995-996	,	
4-55	997-1000	non	
4-56	1001-1010	custodiat	
4-57	1011-1014	nos	
4-58	1014-1015	,	
4-59	1016-1019	sed	
4-60	1020-1026	puniat	
4-61	1027-1030	nos	
4-62	1031-1033	in	
4-63	1034-1042	præsenti	
4-64	1043-1044	:	
4-65	1045-1047	23	
4-66	1048-1050	et	
4-67	1051-1053	si	
4-68	1054-1056	ea	
4-69	1057-1062	mente	
4-70	1063-1070	fecimus	
4-71	1071-1073	ut	
4-72	1074-1084	holocausta	
4-73	1084-1085	,	
4-74	1086-1088	et	
4-75	1089-1100	sacrificium	
4-76	1100-1101	,	
4-77	1102-1104	et	
4-78	1105-1114	pacificas	
4-79	1115-1123	victimas	
4-80	1124-1129	super	
4-81	1130-1132	eo	
4-82	1133-1144	imponeremus	
4-83	1144-1145	,	
4-84	1146-1150	ipse	
4-85	1151-1157	quærat	
4-86	1158-1160	et	
4-87	1161-1168	judicet	
4-88	1169-1170	:	
4-89	1171-1173	24	
4-90	1174-1176	et	
4-91	1177-1180	non	
4-92	1181-1183	ea	
4-93	1184-1189	magis	
4-94	1190-1201	cogitatione	
4-95	1202-1207	atque	
4-96	1208-1216	tractatu	
4-97	1216-1217	,	
4-98	1218-1220	ut	
4-99	1221-1230	diceremus	
4-100	1231-1232	:	
4-101	1233-1237	Cras	
4-102	1238-1244	dicent	
4-103	1245-1250	filii	
4-104	1251-1257	vestri	
4-105	1258-1264	filiis	
4-106	1265-1272	nostris	
4-107	1273-1274	:	
4-108	1275-1279	Quid	
4-109	1280-1285	vobis	
4-110	1286-1288	et	
4-111	1289-1295	Domino	
4-112	1296-1299	Deo	
4-113	1300-1306	Israël	
4-114	1307-1308	?	

#Text=25 terminum posuit Dominus inter nos et vos, o filii Ruben, et filii Gad, Jordanem fluvium, et idcirco partem non habetis in Domino : et per hanc occasionem avertent filii vestri filios nostros a timore Domini.
5-1	1309-1311	25	
5-2	1312-1320	terminum	
5-3	1321-1327	posuit	
5-4	1328-1335	Dominus	
5-5	1336-1341	inter	
5-6	1342-1345	nos	
5-7	1346-1348	et	
5-8	1349-1352	vos	
5-9	1352-1353	,	
5-10	1354-1355	o	
5-11	1356-1361	filii	
5-12	1362-1367	Ruben	
5-13	1367-1368	,	
5-14	1369-1371	et	
5-15	1372-1377	filii	
5-16	1378-1381	Gad	
5-17	1381-1382	,	
5-18	1383-1391	Jordanem	
5-19	1392-1399	fluvium	
5-20	1399-1400	,	
5-21	1401-1403	et	
5-22	1404-1411	idcirco	
5-23	1412-1418	partem	
5-24	1419-1422	non	
5-25	1423-1430	habetis	
5-26	1431-1433	in	
5-27	1434-1440	Domino	
5-28	1441-1442	:	
5-29	1443-1445	et	
5-30	1446-1449	per	
5-31	1450-1454	hanc	
5-32	1455-1465	occasionem	
5-33	1466-1474	avertent	
5-34	1475-1480	filii	
5-35	1481-1487	vestri	
5-36	1488-1494	filios	
5-37	1495-1502	nostros	
5-38	1503-1504	a	
5-39	1505-1511	timore	
5-40	1512-1518	Domini	
5-41	1518-1519	.	

#Text=Putavimus itaque melius, 26 et diximus : Exstruamus nobis altare, non in holocausta, neque ad victimas offerendas, 27 sed in testimonium inter nos et vos, et sobolem nostram vestramque progeniem, ut serviamus Domino, et juris nostri sit offerre et holocausta, et victimas, et pacificas hostias : et nequaquam dicant cras filii vestri filiis nostris : Non est vobis pars in Domino.
#Text=28 Quod si voluerint dicere, respondebunt eis : Ecce altare Domini, quod fecerunt patres nostri, non in holocausta, neque in sacrificium, sed in testimonium nostrum ac vestrum.
#Text=29 Absit a nobis hoc scelus, ut recedamus a Domino, et ejus vestigia relinquamus, exstructo altari ad holocausta, et sacrificia, et victimas offerendas, præter altare Domini Dei nostri, quod exstructum est ante tabernaculum ejus.
#Text=30 Quibus auditis, Phinees sacerdos, et principes legationis Israël, qui erant cum eo, placati sunt : et verba filiorum Ruben, et Gad, et dimidiæ tribus Manasse, libentissime susceperunt.
#Text=31 Dixitque Phinees filius Eleazari sacerdos ad eos : Nunc scimus quod nobiscum sit Dominus, quoniam alieni estis a prævaricatione hac, et liberastis filios Israël de manu Domini.
#Text=32 Reversusque est cum principibus a filiis Ruben et Gad de terra Galaad, finium Chanaan, ad filios Israël, et retulit eis.
#Text=33 Placuitque sermo cunctis audientibus.
6-1	1520-1529	Putavimus	
6-2	1530-1536	itaque	
6-3	1537-1543	melius	
6-4	1543-1544	,	
6-5	1545-1547	26	
6-6	1548-1550	et	
6-7	1551-1558	diximus	
6-8	1559-1560	:	
6-9	1561-1571	Exstruamus	
6-10	1572-1577	nobis	
6-11	1578-1584	altare	
6-12	1584-1585	,	
6-13	1586-1589	non	
6-14	1590-1592	in	
6-15	1593-1603	holocausta	
6-16	1603-1604	,	
6-17	1605-1610	neque	
6-18	1611-1613	ad	
6-19	1614-1622	victimas	
6-20	1623-1633	offerendas	
6-21	1633-1634	,	
6-22	1635-1637	27	
6-23	1638-1641	sed	
6-24	1642-1644	in	
6-25	1645-1656	testimonium	
6-26	1657-1662	inter	
6-27	1663-1666	nos	
6-28	1667-1669	et	
6-29	1670-1673	vos	
6-30	1673-1674	,	
6-31	1675-1677	et	
6-32	1678-1685	sobolem	
6-33	1686-1693	nostram	
6-34	1694-1704	vestramque	
6-35	1705-1714	progeniem	
6-36	1714-1715	,	
6-37	1716-1718	ut	
6-38	1719-1728	serviamus	
6-39	1729-1735	Domino	
6-40	1735-1736	,	
6-41	1737-1739	et	
6-42	1740-1745	juris	
6-43	1746-1752	nostri	
6-44	1753-1756	sit	
6-45	1757-1764	offerre	
6-46	1765-1767	et	
6-47	1768-1778	holocausta	
6-48	1778-1779	,	
6-49	1780-1782	et	
6-50	1783-1791	victimas	
6-51	1791-1792	,	
6-52	1793-1795	et	
6-53	1796-1805	pacificas	
6-54	1806-1813	hostias	
6-55	1814-1815	:	
6-56	1816-1818	et	
6-57	1819-1828	nequaquam	
6-58	1829-1835	dicant	
6-59	1836-1840	cras	
6-60	1841-1846	filii	
6-61	1847-1853	vestri	
6-62	1854-1860	filiis	
6-63	1861-1868	nostris	
6-64	1869-1870	:	
6-65	1871-1874	Non	
6-66	1875-1878	est	
6-67	1879-1884	vobis	
6-68	1885-1889	pars	
6-69	1890-1892	in	
6-70	1893-1899	Domino	
6-71	1899-1900	.	
6-72	1901-1903	28	
6-73	1904-1908	Quod	
6-74	1909-1911	si	
6-75	1912-1921	voluerint	
6-76	1922-1928	dicere	
6-77	1928-1929	,	
6-78	1930-1942	respondebunt	
6-79	1943-1946	eis	
6-80	1947-1948	:	
6-81	1949-1953	Ecce	
6-82	1954-1960	altare	
6-83	1961-1967	Domini	
6-84	1967-1968	,	
6-85	1969-1973	quod	
6-86	1974-1982	fecerunt	
6-87	1983-1989	patres	
6-88	1990-1996	nostri	
6-89	1996-1997	,	
6-90	1998-2001	non	
6-91	2002-2004	in	
6-92	2005-2015	holocausta	
6-93	2015-2016	,	
6-94	2017-2022	neque	
6-95	2023-2025	in	
6-96	2026-2037	sacrificium	
6-97	2037-2038	,	
6-98	2039-2042	sed	
6-99	2043-2045	in	
6-100	2046-2057	testimonium	
6-101	2058-2065	nostrum	
6-102	2066-2068	ac	
6-103	2069-2076	vestrum	
6-104	2076-2077	.	
6-105	2078-2080	29	
6-106	2081-2086	Absit	
6-107	2087-2088	a	
6-108	2089-2094	nobis	
6-109	2095-2098	hoc	
6-110	2099-2105	scelus	
6-111	2105-2106	,	
6-112	2107-2109	ut	
6-113	2110-2119	recedamus	
6-114	2120-2121	a	
6-115	2122-2128	Domino	
6-116	2128-2129	,	
6-117	2130-2132	et	
6-118	2133-2137	ejus	
6-119	2138-2146	vestigia	
6-120	2147-2158	relinquamus	
6-121	2158-2159	,	
6-122	2160-2169	exstructo	
6-123	2170-2176	altari	
6-124	2177-2179	ad	
6-125	2180-2190	holocausta	
6-126	2190-2191	,	
6-127	2192-2194	et	
6-128	2195-2205	sacrificia	
6-129	2205-2206	,	
6-130	2207-2209	et	
6-131	2210-2218	victimas	
6-132	2219-2229	offerendas	
6-133	2229-2230	,	
6-134	2231-2237	præter	
6-135	2238-2244	altare	
6-136	2245-2251	Domini	
6-137	2252-2255	Dei	
6-138	2256-2262	nostri	
6-139	2262-2263	,	
6-140	2264-2268	quod	
6-141	2269-2279	exstructum	
6-142	2280-2283	est	
6-143	2284-2288	ante	
6-144	2289-2301	tabernaculum	
6-145	2302-2306	ejus	
6-146	2306-2307	.	
6-147	2308-2310	30	
6-148	2311-2317	Quibus	
6-149	2318-2325	auditis	
6-150	2325-2326	,	
6-151	2327-2334	Phinees	
6-152	2335-2343	sacerdos	
6-153	2343-2344	,	
6-154	2345-2347	et	
6-155	2348-2357	principes	
6-156	2358-2368	legationis	
6-157	2369-2375	Israël	
6-158	2375-2376	,	
6-159	2377-2380	qui	
6-160	2381-2386	erant	
6-161	2387-2390	cum	
6-162	2391-2393	eo	
6-163	2393-2394	,	
6-164	2395-2402	placati	
6-165	2403-2407	sunt	
6-166	2408-2409	:	
6-167	2410-2412	et	
6-168	2413-2418	verba	
6-169	2419-2427	filiorum	
6-170	2428-2433	Ruben	
6-171	2433-2434	,	
6-172	2435-2437	et	
6-173	2438-2441	Gad	
6-174	2441-2442	,	
6-175	2443-2445	et	
6-176	2446-2453	dimidiæ	
6-177	2454-2460	tribus	
6-178	2461-2468	Manasse	
6-179	2468-2469	,	
6-180	2470-2482	libentissime	
6-181	2483-2494	susceperunt	
6-182	2494-2495	.	
6-183	2496-2498	31	
6-184	2499-2507	Dixitque	
6-185	2508-2515	Phinees	
6-186	2516-2522	filius	
6-187	2523-2531	Eleazari	
6-188	2532-2540	sacerdos	
6-189	2541-2543	ad	
6-190	2544-2547	eos	
6-191	2548-2549	:	
6-192	2550-2554	Nunc	
6-193	2555-2561	scimus	
6-194	2562-2566	quod	
6-195	2567-2575	nobiscum	
6-196	2576-2579	sit	
6-197	2580-2587	Dominus	
6-198	2587-2588	,	
6-199	2589-2596	quoniam	
6-200	2597-2603	alieni	
6-201	2604-2609	estis	
6-202	2610-2611	a	
6-203	2612-2626	prævaricatione	
6-204	2627-2630	hac	
6-205	2630-2631	,	
6-206	2632-2634	et	
6-207	2635-2645	liberastis	
6-208	2646-2652	filios	
6-209	2653-2659	Israël	
6-210	2660-2662	de	
6-211	2663-2667	manu	
6-212	2668-2674	Domini	
6-213	2674-2675	.	
6-214	2676-2678	32	
6-215	2679-2690	Reversusque	
6-216	2691-2694	est	
6-217	2695-2698	cum	
6-218	2699-2710	principibus	
6-219	2711-2712	a	
6-220	2713-2719	filiis	
6-221	2720-2725	Ruben	
6-222	2726-2728	et	
6-223	2729-2732	Gad	
6-224	2733-2735	de	
6-225	2736-2741	terra	
6-226	2742-2748	Galaad	
6-227	2748-2749	,	
6-228	2750-2756	finium	
6-229	2757-2764	Chanaan	
6-230	2764-2765	,	
6-231	2766-2768	ad	
6-232	2769-2775	filios	
6-233	2776-2782	Israël	
6-234	2782-2783	,	
6-235	2784-2786	et	
6-236	2787-2794	retulit	
6-237	2795-2798	eis	
6-238	2798-2799	.	
6-239	2800-2802	33	
6-240	2803-2813	Placuitque	
6-241	2814-2819	sermo	
6-242	2820-2827	cunctis	
6-243	2828-2839	audientibus	
6-244	2839-2840	.	

#Text=Et laudaverunt Deum filii Israël, et nequaquam ultra dixerunt, ut ascenderent contra eos, atque pugnarent, et delerent terram possessionis eorum.
#Text=34 Vocaveruntque filii Ruben, et filii Gad, altare quod exstruxerant, Testimonium nostrum, quod Dominus ipse sit Deus.
7-1	2841-2843	Et	
7-2	2844-2855	laudaverunt	
7-3	2856-2860	Deum	
7-4	2861-2866	filii	
7-5	2867-2873	Israël	
7-6	2873-2874	,	
7-7	2875-2877	et	
7-8	2878-2887	nequaquam	
7-9	2888-2893	ultra	
7-10	2894-2902	dixerunt	
7-11	2902-2903	,	
7-12	2904-2906	ut	
7-13	2907-2918	ascenderent	
7-14	2919-2925	contra	
7-15	2926-2929	eos	
7-16	2929-2930	,	
7-17	2931-2936	atque	
7-18	2937-2946	pugnarent	
7-19	2946-2947	,	
7-20	2948-2950	et	
7-21	2951-2959	delerent	
7-22	2960-2966	terram	
7-23	2967-2979	possessionis	
7-24	2980-2985	eorum	
7-25	2985-2986	.	
7-26	2987-2989	34	
7-27	2990-3003	Vocaveruntque	
7-28	3004-3009	filii	
7-29	3010-3015	Ruben	
7-30	3015-3016	,	
7-31	3017-3019	et	
7-32	3020-3025	filii	
7-33	3026-3029	Gad	
7-34	3029-3030	,	
7-35	3031-3037	altare	
7-36	3038-3042	quod	
7-37	3043-3055	exstruxerant	
7-38	3055-3056	,	
7-39	3057-3068	Testimonium	
7-40	3069-3076	nostrum	
7-41	3076-3077	,	
7-42	3078-3082	quod	
7-43	3083-3090	Dominus	
7-44	3091-3095	ipse	
7-45	3096-3099	sit	
7-46	3100-3104	Deus	
7-47	3104-3105	.	

#Text=Caput 23
#Text=
#Text=
#Text=1 Evoluto autem multo tempore, postquam pacem dederat Dominus Israëli, subjectis in gyro nationibus universis, et Josue jam longævo, et persenilis ætatis, 2 vocavit Josue omnem Israëlem, majoresque natu, et principes ac duces, et magistros, dixitque ad eos : Ego senui, et progressioris ætatis sum : 3 vosque cernitis omnia, quæ fecerit Dominus Deus vester cunctis per circuitum nationibus, quomodo pro vobis ipse pugnaverit : 4 et nunc quia vobis sorte divisit omnem terram, ab orientali parte Jordanis usque ad mare magnum, multæque adhuc supersunt nationes : 5 Dominus Deus vester disperdet eas et auferet a facie vestra, et possidebitis terram, sicut vobis pollicitus est.
#Text=6 Tantum confortamini, et estote solliciti, ut custodiatis cuncta quæ scripta sunt in volumine legis Moysi : et non declinetis ab eis neque ad dexteram neque ad sinistram : 7 ne postquam intraveritis ad gentes quæ inter vos futuræ sunt, juretis in nomine deorum earum, et serviatis eis, et adoretis illos : 8 sed adhæreatis Domino Deo vestro : quod fecistis usque in diem hanc.
#Text=9 Et tunc auferet Dominus Deus in conspectu vestro gentes magnas et robustissimas, et nullus vobis resistere poterit.
8-1	3106-3111	Caput	
8-2	3112-3114	23	
8-3	3117-3118	1	
8-4	3119-3126	Evoluto	
8-5	3127-3132	autem	
8-6	3133-3138	multo	
8-7	3139-3146	tempore	
8-8	3146-3147	,	
8-9	3148-3156	postquam	
8-10	3157-3162	pacem	
8-11	3163-3170	dederat	
8-12	3171-3178	Dominus	
8-13	3179-3186	Israëli	
8-14	3186-3187	,	
8-15	3188-3197	subjectis	
8-16	3198-3200	in	
8-17	3201-3205	gyro	
8-18	3206-3216	nationibus	
8-19	3217-3226	universis	
8-20	3226-3227	,	
8-21	3228-3230	et	
8-22	3231-3236	Josue	
8-23	3237-3240	jam	
8-24	3241-3248	longævo	
8-25	3248-3249	,	
8-26	3250-3252	et	
8-27	3253-3263	persenilis	
8-28	3264-3270	ætatis	
8-29	3270-3271	,	
8-30	3272-3273	2	
8-31	3274-3281	vocavit	
8-32	3282-3287	Josue	
8-33	3288-3293	omnem	
8-34	3294-3302	Israëlem	
8-35	3302-3303	,	
8-36	3304-3314	majoresque	
8-37	3315-3319	natu	
8-38	3319-3320	,	
8-39	3321-3323	et	
8-40	3324-3333	principes	
8-41	3334-3336	ac	
8-42	3337-3342	duces	
8-43	3342-3343	,	
8-44	3344-3346	et	
8-45	3347-3356	magistros	
8-46	3356-3357	,	
8-47	3358-3366	dixitque	
8-48	3367-3369	ad	
8-49	3370-3373	eos	
8-50	3374-3375	:	
8-51	3376-3379	Ego	
8-52	3380-3385	senui	
8-53	3385-3386	,	
8-54	3387-3389	et	
8-55	3390-3403	progressioris	
8-56	3404-3410	ætatis	
8-57	3411-3414	sum	
8-58	3415-3416	:	
8-59	3417-3418	3	
8-60	3419-3425	vosque	
8-61	3426-3434	cernitis	
8-62	3435-3440	omnia	
8-63	3440-3441	,	
8-64	3442-3445	quæ	
8-65	3446-3453	fecerit	
8-66	3454-3461	Dominus	
8-67	3462-3466	Deus	
8-68	3467-3473	vester	
8-69	3474-3481	cunctis	
8-70	3482-3485	per	
8-71	3486-3495	circuitum	
8-72	3496-3506	nationibus	
8-73	3506-3507	,	
8-74	3508-3515	quomodo	
8-75	3516-3519	pro	
8-76	3520-3525	vobis	
8-77	3526-3530	ipse	
8-78	3531-3541	pugnaverit	
8-79	3542-3543	:	
8-80	3544-3545	4	
8-81	3546-3548	et	
8-82	3549-3553	nunc	
8-83	3554-3558	quia	
8-84	3559-3564	vobis	
8-85	3565-3570	sorte	
8-86	3571-3578	divisit	
8-87	3579-3584	omnem	
8-88	3585-3591	terram	
8-89	3591-3592	,	
8-90	3593-3595	ab	
8-91	3596-3605	orientali	
8-92	3606-3611	parte	
8-93	3612-3620	Jordanis	
8-94	3621-3626	usque	
8-95	3627-3629	ad	
8-96	3630-3634	mare	
8-97	3635-3641	magnum	
8-98	3641-3642	,	
8-99	3643-3651	multæque	
8-100	3652-3657	adhuc	
8-101	3658-3667	supersunt	
8-102	3668-3676	nationes	
8-103	3677-3678	:	
8-104	3679-3680	5	
8-105	3681-3688	Dominus	
8-106	3689-3693	Deus	
8-107	3694-3700	vester	
8-108	3701-3710	disperdet	
8-109	3711-3714	eas	
8-110	3715-3717	et	
8-111	3718-3725	auferet	
8-112	3726-3727	a	
8-113	3728-3733	facie	
8-114	3734-3740	vestra	
8-115	3740-3741	,	
8-116	3742-3744	et	
8-117	3745-3757	possidebitis	
8-118	3758-3764	terram	
8-119	3764-3765	,	
8-120	3766-3771	sicut	
8-121	3772-3777	vobis	
8-122	3778-3788	pollicitus	
8-123	3789-3792	est	
8-124	3792-3793	.	
8-125	3794-3795	6	
8-126	3796-3802	Tantum	
8-127	3803-3815	confortamini	
8-128	3815-3816	,	
8-129	3817-3819	et	
8-130	3820-3826	estote	
8-131	3827-3836	solliciti	
8-132	3836-3837	,	
8-133	3838-3840	ut	
8-134	3841-3852	custodiatis	
8-135	3853-3859	cuncta	
8-136	3860-3863	quæ	
8-137	3864-3871	scripta	
8-138	3872-3876	sunt	
8-139	3877-3879	in	
8-140	3880-3888	volumine	
8-141	3889-3894	legis	
8-142	3895-3900	Moysi	
8-143	3901-3902	:	
8-144	3903-3905	et	
8-145	3906-3909	non	
8-146	3910-3920	declinetis	
8-147	3921-3923	ab	
8-148	3924-3927	eis	
8-149	3928-3933	neque	
8-150	3934-3936	ad	
8-151	3937-3945	dexteram	
8-152	3946-3951	neque	
8-153	3952-3954	ad	
8-154	3955-3964	sinistram	
8-155	3965-3966	:	
8-156	3967-3968	7	
8-157	3969-3971	ne	
8-158	3972-3980	postquam	
8-159	3981-3993	intraveritis	
8-160	3994-3996	ad	
8-161	3997-4003	gentes	
8-162	4004-4007	quæ	
8-163	4008-4013	inter	
8-164	4014-4017	vos	
8-165	4018-4024	futuræ	
8-166	4025-4029	sunt	
8-167	4029-4030	,	
8-168	4031-4038	juretis	
8-169	4039-4041	in	
8-170	4042-4048	nomine	
8-171	4049-4055	deorum	
8-172	4056-4061	earum	
8-173	4061-4062	,	
8-174	4063-4065	et	
8-175	4066-4075	serviatis	
8-176	4076-4079	eis	
8-177	4079-4080	,	
8-178	4081-4083	et	
8-179	4084-4092	adoretis	
8-180	4093-4098	illos	
8-181	4099-4100	:	
8-182	4101-4102	8	
8-183	4103-4106	sed	
8-184	4107-4117	adhæreatis	
8-185	4118-4124	Domino	
8-186	4125-4128	Deo	
8-187	4129-4135	vestro	
8-188	4136-4137	:	
8-189	4138-4142	quod	
8-190	4143-4151	fecistis	
8-191	4152-4157	usque	
8-192	4158-4160	in	
8-193	4161-4165	diem	
8-194	4166-4170	hanc	
8-195	4170-4171	.	
8-196	4172-4173	9	
8-197	4174-4176	Et	
8-198	4177-4181	tunc	
8-199	4182-4189	auferet	
8-200	4190-4197	Dominus	
8-201	4198-4202	Deus	
8-202	4203-4205	in	
8-203	4206-4215	conspectu	
8-204	4216-4222	vestro	
8-205	4223-4229	gentes	
8-206	4230-4236	magnas	
8-207	4237-4239	et	
8-208	4240-4253	robustissimas	
8-209	4253-4254	,	
8-210	4255-4257	et	
8-211	4258-4264	nullus	
8-212	4265-4270	vobis	
8-213	4271-4280	resistere	
8-214	4281-4288	poterit	
8-215	4288-4289	.	
