#FORMAT=WebAnno TSV 3.3


#Text=En Nederlandt was blij voor al haer droef ghesucht:
#Text=
#Text=
#Text=Haer wonden waeren
#Text=heel: sij wierdt rijck ende machtigh.
1-1	2-4	En	
1-2	5-15	Nederlandt	
1-3	16-19	was	
1-4	20-24	blij	
1-5	25-29	voor	
1-6	30-32	al	
1-7	33-37	haer	
1-8	38-43	droef	
1-9	44-52	ghesucht	
1-10	52-53	:	
1-11	56-60	Haer	
1-12	61-67	wonden	
1-13	68-74	waeren	
1-14	75-79	heel	
1-15	79-80	:	
1-16	81-84	sij	
1-17	85-91	wierdt	
1-18	92-97	rijck	
1-19	98-102	ende	
1-20	103-111	machtigh	
1-21	111-112	.	

#Text=Soo wordt een Landt verlost door Godes hulpe crachtigh.
2-1	114-117	Soo	
2-2	118-123	wordt	
2-3	124-127	een	
2-4	128-133	Landt	
2-5	134-141	verlost	
2-6	142-146	door	
2-7	147-152	Godes	
2-8	153-158	hulpe	
2-9	159-168	crachtigh	
2-10	168-169	.	

#Text=X I I.
3-1	171-172	X	
3-2	173-174	I	
3-3	175-176	I	
3-4	176-177	.	

#Text=Och in de Kercken al men Loofde Godes
#Text=naem:
#Text=
#Text=De * Schaepkens hadden rust, en quaemen daer te saem.
4-1	179-182	Och	
4-2	183-185	in	
4-3	186-188	de	
4-4	189-196	Kercken	
4-5	197-199	al	
4-6	200-203	men	
4-7	204-210	Loofde	
4-8	211-216	Godes	
4-9	217-221	naem	
4-10	221-222	:	
4-11	224-226	De	
4-12	227-228	*	
4-13	229-239	Schaepkens	
4-14	240-246	hadden	
4-15	247-251	rust	
4-16	251-252	,	
4-17	253-255	en	
4-18	256-263	quaemen	
4-19	264-268	daer	
4-20	269-271	te	
4-21	272-276	saem	
4-22	276-277	.	

#Text=Die wegh ghevluchtet was om Heyligh Woordt des Heeren,
#Text=Dien sagh men wederom met groote bljdtschap keeren.
5-1	280-283	Die	
5-2	284-288	wegh	
5-3	289-300	ghevluchtet	
5-4	301-304	was	
5-5	305-307	om	
5-6	308-315	Heyligh	
5-7	316-322	Woordt	
5-8	323-326	des	
5-9	327-333	Heeren	
5-10	333-334	,	
5-11	335-339	Dien	
5-12	340-344	sagh	
5-13	345-348	men	
5-14	349-356	wederom	
5-15	357-360	met	
5-16	361-367	groote	
5-17	368-378	bljdtschap	
5-18	379-385	keeren	
5-19	385-386	.	

#Text=Doen * lachte Nederlandt: sij custe haere vrucht,
#Text=
#Text=En sprack;
#Text=Om onse sondt wy quaemen in ghesucht:
#Text=
#Text=
#Text=Nu commen wij tot dreligh't door CHRISTVM onsen
#Text=Heere:
#Text=Laet ons sond haeten seer, en minnen
#Text=Godes Leere.
6-1	389-393	Doen	
6-2	394-395	*	
6-3	396-402	lachte	
6-4	403-413	Nederlandt	
6-5	413-414	:	
6-6	415-418	sij	
6-7	419-424	custe	
6-8	425-430	haere	
6-9	431-437	vrucht	
6-10	437-438	,	
6-11	440-442	En	
6-12	443-449	sprack	
6-13	449-450	;	
6-14	451-453	Om	
6-15	454-458	onse	
6-16	459-464	sondt	
6-17	465-467	wy	
6-18	468-475	quaemen	
6-19	476-478	in	
6-20	479-487	ghesucht	
6-21	487-488	:	
6-22	491-493	Nu	
6-23	494-500	commen	
6-24	501-504	wij	
6-25	505-508	tot	
6-26	509-518	dreligh't	
6-27	519-523	door	
6-28	524-532	CHRISTVM	
6-29	533-538	onsen	
6-30	539-544	Heere	
6-31	544-545	:	
6-32	546-550	Laet	
6-33	551-554	ons	
6-34	555-559	sond	
6-35	560-566	haeten	
6-36	567-571	seer	
6-37	571-572	,	
6-38	573-575	en	
6-39	576-582	minnen	
6-40	583-588	Godes	
6-41	589-594	Leere	
6-42	594-595	.	

#Text=Daer was geen twijvel aen, men soude dat wel doen.
7-1	597-601	Daer	
7-2	602-605	was	
7-3	606-610	geen	
7-4	611-618	twijvel	
7-5	619-622	aen	
7-6	622-623	,	
7-7	624-627	men	
7-8	628-633	soude	
7-9	634-637	dat	
7-10	638-641	wel	
7-11	642-646	doen	
7-12	646-647	.	
