#FORMAT=WebAnno TSV 3.3


#Text=36 Facies et laminam de auro purissimo, in qua sculpes opere cælatoris, Sanctum Domino.
#Text=37 Ligabisque eam vitta hyacinthina, et erit super tiaram, 38 imminens fronti pontificis.
1-1	2-4	36	
1-2	5-11	Facies	
1-3	12-14	et	
1-4	15-22	laminam	
1-5	23-25	de	
1-6	26-30	auro	
1-7	31-40	purissimo	
1-8	40-41	,	
1-9	42-44	in	
1-10	45-48	qua	
1-11	49-56	sculpes	
1-12	57-62	opere	
1-13	63-72	cælatoris	
1-14	72-73	,	
1-15	74-81	Sanctum	
1-16	82-88	Domino	
1-17	88-89	.	
1-18	90-92	37	
1-19	93-103	Ligabisque	
1-20	104-107	eam	
1-21	108-113	vitta	
1-22	114-125	hyacinthina	
1-23	125-126	,	
1-24	127-129	et	
1-25	130-134	erit	
1-26	135-140	super	
1-27	141-147	tiaram	
1-28	147-148	,	
1-29	149-151	38	
1-30	152-160	imminens	
1-31	161-167	fronti	
1-32	168-178	pontificis	
1-33	178-179	.	

#Text=Portabitque Aaron iniquitates eorum, quæ obtulerunt et sanctificaverunt filii Israël, in cunctis muneribus et donariis suis.
2-1	180-191	Portabitque	
2-2	192-197	Aaron	
2-3	198-209	iniquitates	
2-4	210-215	eorum	
2-5	215-216	,	
2-6	217-220	quæ	
2-7	221-231	obtulerunt	
2-8	232-234	et	
2-9	235-251	sanctificaverunt	
2-10	252-257	filii	
2-11	258-264	Israël	
2-12	264-265	,	
2-13	266-268	in	
2-14	269-276	cunctis	
2-15	277-286	muneribus	
2-16	287-289	et	
2-17	290-298	donariis	
2-18	299-303	suis	
2-19	303-304	.	

#Text=Erit autem lamina semper in fronte ejus, ut placatus sit eis Dominus.
#Text=39 Stringesque tunicam bysso, et tiaram byssinam facies, et balteum opere plumarii.
#Text=40 Porro filiis Aaron tunicas lineas parabis et balteos ac tiaras in gloriam et decorem : 41 vestiesque his omnibus Aaron fratrem tuum et filios ejus cum eo.
3-1	305-309	Erit	
3-2	310-315	autem	
3-3	316-322	lamina	
3-4	323-329	semper	
3-5	330-332	in	
3-6	333-339	fronte	
3-7	340-344	ejus	
3-8	344-345	,	
3-9	346-348	ut	
3-10	349-357	placatus	
3-11	358-361	sit	
3-12	362-365	eis	
3-13	366-373	Dominus	
3-14	373-374	.	
3-15	375-377	39	
3-16	378-389	Stringesque	
3-17	390-397	tunicam	
3-18	398-403	bysso	
3-19	403-404	,	
3-20	405-407	et	
3-21	408-414	tiaram	
3-22	415-423	byssinam	
3-23	424-430	facies	
3-24	430-431	,	
3-25	432-434	et	
3-26	435-442	balteum	
3-27	443-448	opere	
3-28	449-457	plumarii	
3-29	457-458	.	
3-30	459-461	40	
3-31	462-467	Porro	
3-32	468-474	filiis	
3-33	475-480	Aaron	
3-34	481-488	tunicas	
3-35	489-495	lineas	
3-36	496-503	parabis	
3-37	504-506	et	
3-38	507-514	balteos	
3-39	515-517	ac	
3-40	518-524	tiaras	
3-41	525-527	in	
3-42	528-535	gloriam	
3-43	536-538	et	
3-44	539-546	decorem	
3-45	547-548	:	
3-46	549-551	41	
3-47	552-562	vestiesque	
3-48	563-566	his	
3-49	567-574	omnibus	
3-50	575-580	Aaron	
3-51	581-588	fratrem	
3-52	589-593	tuum	
3-53	594-596	et	
3-54	597-603	filios	
3-55	604-608	ejus	
3-56	609-612	cum	
3-57	613-615	eo	
3-58	615-616	.	

#Text=Et cunctorum consecrabis manus, sanctificabisque illos, ut sacerdotio fungantur mihi.
#Text=42 Facies et feminalia linea, ut operiant carnem turpitudinis suæ, a renibus usque ad femora : 43 et utentur eis Aaron et filii ejus quando ingredientur tabernaculum testimonii, vel quando appropinquant ad altare ut ministrent in sanctuario, ne iniquitatis rei moriantur.
4-1	617-619	Et	
4-2	620-629	cunctorum	
4-3	630-641	consecrabis	
4-4	642-647	manus	
4-5	647-648	,	
4-6	649-665	sanctificabisque	
4-7	666-671	illos	
4-8	671-672	,	
4-9	673-675	ut	
4-10	676-686	sacerdotio	
4-11	687-696	fungantur	
4-12	697-701	mihi	
4-13	701-702	.	
4-14	703-705	42	
4-15	706-712	Facies	
4-16	713-715	et	
4-17	716-725	feminalia	
4-18	726-731	linea	
4-19	731-732	,	
4-20	733-735	ut	
4-21	736-744	operiant	
4-22	745-751	carnem	
4-23	752-764	turpitudinis	
4-24	765-768	suæ	
4-25	768-769	,	
4-26	770-771	a	
4-27	772-779	renibus	
4-28	780-785	usque	
4-29	786-788	ad	
4-30	789-795	femora	
4-31	796-797	:	
4-32	798-800	43	
4-33	801-803	et	
4-34	804-811	utentur	
4-35	812-815	eis	
4-36	816-821	Aaron	
4-37	822-824	et	
4-38	825-830	filii	
4-39	831-835	ejus	
4-40	836-842	quando	
4-41	843-855	ingredientur	
4-42	856-868	tabernaculum	
4-43	869-879	testimonii	
4-44	879-880	,	
4-45	881-884	vel	
4-46	885-891	quando	
4-47	892-905	appropinquant	
4-48	906-908	ad	
4-49	909-915	altare	
4-50	916-918	ut	
4-51	919-929	ministrent	
4-52	930-932	in	
4-53	933-943	sanctuario	
4-54	943-944	,	
4-55	945-947	ne	
4-56	948-959	iniquitatis	
4-57	960-963	rei	
4-58	964-973	moriantur	
4-59	973-974	.	

#Text=Legitimum sempiternum erit Aaron, et semini ejus post eum.
5-1	975-984	Legitimum	
5-2	985-996	sempiternum	
5-3	997-1001	erit	
5-4	1002-1007	Aaron	
5-5	1007-1008	,	
5-6	1009-1011	et	
5-7	1012-1018	semini	
5-8	1019-1023	ejus	
5-9	1024-1028	post	
5-10	1029-1032	eum	
5-11	1032-1033	.	

#Text=Caput 29
#Text=
#Text=
#Text=1 Sed et hoc facies, ut mihi in sacerdotio consecrentur.
6-1	1034-1039	Caput	
6-2	1040-1042	29	
6-3	1045-1046	1	
6-4	1047-1050	Sed	
6-5	1051-1053	et	
6-6	1054-1057	hoc	
6-7	1058-1064	facies	
6-8	1064-1065	,	
6-9	1066-1068	ut	
6-10	1069-1073	mihi	
6-11	1074-1076	in	
6-12	1077-1087	sacerdotio	
6-13	1088-1100	consecrentur	
6-14	1100-1101	.	

#Text=Tolle vitulum de armento, et arietes duos immaculatos, 2 panesque azymos, et crustulam absque fermento, quæ conspersa sit oleo, lagana quoque azyma oleo lita : de simila triticea cuncta facies.
#Text=3 Et posita in canistro offeres : vitulum autem et duos arietes.
#Text=4 Et Aaron ac filios ejus applicabis ad ostium tabernaculi testimonii.
7-1	1102-1107	Tolle	
7-2	1108-1115	vitulum	
7-3	1116-1118	de	
7-4	1119-1126	armento	
7-5	1126-1127	,	
7-6	1128-1130	et	
7-7	1131-1138	arietes	
7-8	1139-1143	duos	
7-9	1144-1155	immaculatos	
7-10	1155-1156	,	
7-11	1157-1158	2	
7-12	1159-1167	panesque	
7-13	1168-1174	azymos	
7-14	1174-1175	,	
7-15	1176-1178	et	
7-16	1179-1188	crustulam	
7-17	1189-1195	absque	
7-18	1196-1204	fermento	
7-19	1204-1205	,	
7-20	1206-1209	quæ	
7-21	1210-1219	conspersa	
7-22	1220-1223	sit	
7-23	1224-1228	oleo	
7-24	1228-1229	,	
7-25	1230-1236	lagana	
7-26	1237-1243	quoque	
7-27	1244-1249	azyma	
7-28	1250-1254	oleo	
7-29	1255-1259	lita	
7-30	1260-1261	:	
7-31	1262-1264	de	
7-32	1265-1271	simila	
7-33	1272-1280	triticea	
7-34	1281-1287	cuncta	
7-35	1288-1294	facies	
7-36	1294-1295	.	
7-37	1296-1297	3	
7-38	1298-1300	Et	
7-39	1301-1307	posita	
7-40	1308-1310	in	
7-41	1311-1319	canistro	
7-42	1320-1327	offeres	
7-43	1328-1329	:	
7-44	1330-1337	vitulum	
7-45	1338-1343	autem	
7-46	1344-1346	et	
7-47	1347-1351	duos	
7-48	1352-1359	arietes	
7-49	1359-1360	.	
7-50	1361-1362	4	
7-51	1363-1365	Et	
7-52	1366-1371	Aaron	
7-53	1372-1374	ac	
7-54	1375-1381	filios	
7-55	1382-1386	ejus	
7-56	1387-1397	applicabis	
7-57	1398-1400	ad	
7-58	1401-1407	ostium	
7-59	1408-1419	tabernaculi	
7-60	1420-1430	testimonii	
7-61	1430-1431	.	

#Text=Cumque laveris patrem cum filiis suis aqua, 5 indues Aaron vestimentis suis, id est, linea et tunica, et superhumerali et rationali, quod constringes balteo.
#Text=6 Et pones tiaram in capite ejus, et laminam sanctam super tiaram, 7 et oleum unctionis fundes super caput ejus : atque hoc ritu consecrabitur.
#Text=8 Filios quoque illius applicabis, et indues tunicis lineis, cingesque balteo, 9 Aaron scilicet et liberos ejus, et impones eis mitras : eruntque sacerdotes mihi religione perpetua.
8-1	1432-1438	Cumque	
8-2	1439-1446	laveris	
8-3	1447-1453	patrem	
8-4	1454-1457	cum	
8-5	1458-1464	filiis	
8-6	1465-1469	suis	
8-7	1470-1474	aqua	
8-8	1474-1475	,	
8-9	1476-1477	5	
8-10	1478-1484	indues	
8-11	1485-1490	Aaron	
8-12	1491-1502	vestimentis	
8-13	1503-1507	suis	
8-14	1507-1508	,	
8-15	1509-1511	id	
8-16	1512-1515	est	
8-17	1515-1516	,	
8-18	1517-1522	linea	
8-19	1523-1525	et	
8-20	1526-1532	tunica	
8-21	1532-1533	,	
8-22	1534-1536	et	
8-23	1537-1550	superhumerali	
8-24	1551-1553	et	
8-25	1554-1563	rationali	
8-26	1563-1564	,	
8-27	1565-1569	quod	
8-28	1570-1581	constringes	
8-29	1582-1588	balteo	
8-30	1588-1589	.	
8-31	1590-1591	6	
8-32	1592-1594	Et	
8-33	1595-1600	pones	
8-34	1601-1607	tiaram	
8-35	1608-1610	in	
8-36	1611-1617	capite	
8-37	1618-1622	ejus	
8-38	1622-1623	,	
8-39	1624-1626	et	
8-40	1627-1634	laminam	
8-41	1635-1642	sanctam	
8-42	1643-1648	super	
8-43	1649-1655	tiaram	
8-44	1655-1656	,	
8-45	1657-1658	7	
8-46	1659-1661	et	
8-47	1662-1667	oleum	
8-48	1668-1677	unctionis	
8-49	1678-1684	fundes	
8-50	1685-1690	super	
8-51	1691-1696	caput	
8-52	1697-1701	ejus	
8-53	1702-1703	:	
8-54	1704-1709	atque	
8-55	1710-1713	hoc	
8-56	1714-1718	ritu	
8-57	1719-1732	consecrabitur	
8-58	1732-1733	.	
8-59	1734-1735	8	
8-60	1736-1742	Filios	
8-61	1743-1749	quoque	
8-62	1750-1756	illius	
8-63	1757-1767	applicabis	
8-64	1767-1768	,	
8-65	1769-1771	et	
8-66	1772-1778	indues	
8-67	1779-1786	tunicis	
8-68	1787-1793	lineis	
8-69	1793-1794	,	
8-70	1795-1804	cingesque	
8-71	1805-1811	balteo	
8-72	1811-1812	,	
8-73	1813-1814	9	
8-74	1815-1820	Aaron	
8-75	1821-1829	scilicet	
8-76	1830-1832	et	
8-77	1833-1840	liberos	
8-78	1841-1845	ejus	
8-79	1845-1846	,	
8-80	1847-1849	et	
8-81	1850-1857	impones	
8-82	1858-1861	eis	
8-83	1862-1868	mitras	
8-84	1869-1870	:	
8-85	1871-1879	eruntque	
8-86	1880-1890	sacerdotes	
8-87	1891-1895	mihi	
8-88	1896-1905	religione	
8-89	1906-1914	perpetua	
8-90	1914-1915	.	

#Text=Postquam initiaveris manus eorum, 10 applicabis et vitulum coram tabernaculo testimonii.
9-1	1916-1924	Postquam	
9-2	1925-1936	initiaveris	
9-3	1937-1942	manus	
9-4	1943-1948	eorum	
9-5	1948-1949	,	
9-6	1950-1952	10	
9-7	1953-1963	applicabis	
9-8	1964-1966	et	
9-9	1967-1974	vitulum	
9-10	1975-1980	coram	
9-11	1981-1992	tabernaculo	
9-12	1993-2003	testimonii	
9-13	2003-2004	.	

#Text=Imponentque Aaron et filii ejus manus super caput illius, 11 et mactabis eum in conspectu Domini, juxta ostium tabernaculi testimonii.
#Text=12 Sumptumque de sanguine vituli, pones super cornua altaris digito tuo, reliquum autem sanguinem fundes juxta basim ejus.
#Text=13 Sumes et adipem totum qui operit intestina, et reticulum jecoris, ac duos renes, et adipem qui super eos est, et offeres incensum super altare : 14 carnes vero vituli et corium et fimum combures foris extra castra, eo quod pro peccato sit.
10-1	2005-2016	Imponentque	
10-2	2017-2022	Aaron	
10-3	2023-2025	et	
10-4	2026-2031	filii	
10-5	2032-2036	ejus	
10-6	2037-2042	manus	
10-7	2043-2048	super	
10-8	2049-2054	caput	
10-9	2055-2061	illius	
10-10	2061-2062	,	
10-11	2063-2065	11	
10-12	2066-2068	et	
10-13	2069-2077	mactabis	
10-14	2078-2081	eum	
10-15	2082-2084	in	
10-16	2085-2094	conspectu	
10-17	2095-2101	Domini	
10-18	2101-2102	,	
10-19	2103-2108	juxta	
10-20	2109-2115	ostium	
10-21	2116-2127	tabernaculi	
10-22	2128-2138	testimonii	
10-23	2138-2139	.	
10-24	2140-2142	12	
10-25	2143-2153	Sumptumque	
10-26	2154-2156	de	
10-27	2157-2165	sanguine	
10-28	2166-2172	vituli	
10-29	2172-2173	,	
10-30	2174-2179	pones	
10-31	2180-2185	super	
10-32	2186-2192	cornua	
10-33	2193-2200	altaris	
10-34	2201-2207	digito	
10-35	2208-2211	tuo	
10-36	2211-2212	,	
10-37	2213-2221	reliquum	
10-38	2222-2227	autem	
10-39	2228-2237	sanguinem	
10-40	2238-2244	fundes	
10-41	2245-2250	juxta	
10-42	2251-2256	basim	
10-43	2257-2261	ejus	
10-44	2261-2262	.	
10-45	2263-2265	13	
10-46	2266-2271	Sumes	
10-47	2272-2274	et	
10-48	2275-2281	adipem	
10-49	2282-2287	totum	
10-50	2288-2291	qui	
10-51	2292-2298	operit	
10-52	2299-2308	intestina	
10-53	2308-2309	,	
10-54	2310-2312	et	
10-55	2313-2322	reticulum	
10-56	2323-2330	jecoris	
10-57	2330-2331	,	
10-58	2332-2334	ac	
10-59	2335-2339	duos	
10-60	2340-2345	renes	
10-61	2345-2346	,	
10-62	2347-2349	et	
10-63	2350-2356	adipem	
10-64	2357-2360	qui	
10-65	2361-2366	super	
10-66	2367-2370	eos	
10-67	2371-2374	est	
10-68	2374-2375	,	
10-69	2376-2378	et	
10-70	2379-2386	offeres	
10-71	2387-2395	incensum	
10-72	2396-2401	super	
10-73	2402-2408	altare	
10-74	2409-2410	:	
10-75	2411-2413	14	
10-76	2414-2420	carnes	
10-77	2421-2425	vero	
10-78	2426-2432	vituli	
10-79	2433-2435	et	
10-80	2436-2442	corium	
10-81	2443-2445	et	
10-82	2446-2451	fimum	
10-83	2452-2460	combures	
10-84	2461-2466	foris	
10-85	2467-2472	extra	
10-86	2473-2479	castra	
10-87	2479-2480	,	
10-88	2481-2483	eo	
10-89	2484-2488	quod	
10-90	2489-2492	pro	
10-91	2493-2500	peccato	
10-92	2501-2504	sit	
10-93	2504-2505	.	
