#FORMAT=WebAnno TSV 3.3
#T_SP=custom.Span|label
#T_RL=custom.Relation|label|BT_custom.Span


#Text=darzu mit langen geraden Ruthen oder Aeſt-
#Text=lein umbfangen/ welche/ da ſie noch jung
#Text=ſind/ ein gantz viereckichte und gruͤne Rin-
#Text=den haben.
1-1	3-8	darzu	_	_	_	
1-2	9-12	mit	_	_	_	
1-3	13-19	langen	_	_	_	
1-4	20-27	geraden	_	_	_	
1-5	28-34	Ruthen	_	_	_	
1-6	35-39	oder	_	_	_	
1-7	40-44	Aeſt	_	_	_	
1-8	44-45	-	_	_	_	
1-9	46-50	lein	_	_	_	
1-10	51-60	umbfangen	_	_	_	
1-11	60-61	/	_	_	_	
1-12	62-68	welche	_	_	_	
1-13	68-69	/	_	_	_	
1-14	70-72	da	_	_	_	
1-15	73-76	ſie	_	_	_	
1-16	77-81	noch	_	_	_	
1-17	82-86	jung	_	_	_	
1-18	87-91	ſind	_	_	_	
1-19	91-92	/	_	_	_	
1-20	93-96	ein	_	_	_	
1-21	97-102	gantz	_	_	_	
1-22	103-115	viereckichte	_	_	_	
1-23	116-119	und	_	_	_	
1-24	120-126	gruͤne	_	_	_	
1-25	127-130	Rin	_	_	_	
1-26	130-131	-	_	_	_	
1-27	132-135	den	_	_	_	
1-28	136-141	haben	_	_	_	
1-29	141-142	.	_	_	_	

#Text=Jm Fruͤhling erſcheinet ſeine
#Text=weiſſe oder bleiche vier-blaͤttige/ mit vier
#Text=kleineren
#Text=gruͤnlichten Blaͤttlein underſtuͤtzte
#Text=
#Text=Bluͤht/ darauff folgen ſchoͤne Roſin-rothe
#Text=
#Text=Beer/ mit vier Ecken/ wie in der Rauten/
#Text=
#Text=in welchen
#Text=vier ablang-runde bittere Koͤrn-
#Text=lein verſchloſſen ligen/ ein jedes under einem
#Text=duͤnnen gold-gaͤlben Haͤutlein.
2-1	143-145	Jm	_	_	_	
2-2	146-155	Fruͤhling	_	_	_	
2-3	156-166	erſcheinet	_	_	_	
2-4	167-172	ſeine	_	_	_	
2-5	173-179	weiſſe	_	_	_	
2-6	180-184	oder	_	_	_	
2-7	185-192	bleiche	_	_	_	
2-8	193-207	vier-blaͤttige	_	_	_	
2-9	207-208	/	_	_	_	
2-10	209-212	mit	_	_	_	
2-11	213-217	vier	_	_	_	
2-12	218-227	kleineren	_	_	_	
2-13	228-240	gruͤnlichten	_	_	_	
2-14	241-251	Blaͤttlein	_	_	_	
2-15	252-265	underſtuͤtzte	_	_	_	
2-16	267-273	Bluͤht	_	_	_	
2-17	273-274	/	_	_	_	
2-18	275-282	darauff	_	_	_	
2-19	283-289	folgen	_	_	_	
2-20	290-297	ſchoͤne	_	_	_	
2-21	298-309	Roſin-rothe	_	_	_	
2-22	311-315	Beer	_	_	_	
2-23	315-316	/	_	_	_	
2-24	317-320	mit	_	_	_	
2-25	321-325	vier	_	_	_	
2-26	326-331	Ecken	_	_	_	
2-27	331-332	/	_	_	_	
2-28	333-336	wie	_	_	_	
2-29	337-339	in	_	_	_	
2-30	340-343	der	_	_	_	
2-31	344-350	Rauten	_	_	_	
2-32	350-351	/	_	_	_	
2-33	353-355	in	_	_	_	
2-34	356-363	welchen	_	_	_	
2-35	364-368	vier	_	_	_	
2-36	369-381	ablang-runde	_	_	_	
2-37	382-389	bittere	_	_	_	
2-38	390-395	Koͤrn	_	_	_	
2-39	395-396	-	_	_	_	
2-40	397-401	lein	_	_	_	
2-41	402-414	verſchloſſen	_	_	_	
2-42	415-420	ligen	_	_	_	
2-43	420-421	/	_	_	_	
2-44	422-425	ein	_	_	_	
2-45	426-431	jedes	_	_	_	
2-46	432-437	under	_	_	_	
2-47	438-443	einem	_	_	_	
2-48	444-451	duͤnnen	_	_	_	
2-49	452-464	gold-gaͤlben	_	_	_	
2-50	465-474	Haͤutlein	_	_	_	
2-51	474-475	.	_	_	_	

#Text=Das Holtz
#Text=
#Text=iſt ſteiff/ feſt/ gelb/ wie der Burbaum.
3-1	476-479	Das	_	_	_	
3-2	480-485	Holtz	_	_	_	
3-3	487-490	iſt	_	_	_	
3-4	491-497	ſteiff	_	_	_	
3-5	497-498	/	_	_	_	
3-6	499-503	feſt	_	_	_	
3-7	503-504	/	_	_	_	
3-8	505-509	gelb	_	_	_	
3-9	509-510	/	_	_	_	
3-10	511-514	wie	_	_	_	
3-11	515-518	der	_	_	_	
3-12	519-526	Burbaum	_	_	_	
3-13	526-527	.	_	_	_	

#Text=Die
#Text=Weiber laſſen ihnen Spindeln darvon dre-
#Text=hen.
4-1	528-531	Die	_	_	_	
4-2	532-538	Weiber	_	_	_	
4-3	539-545	laſſen	_	_	_	
4-4	546-551	ihnen	_	_	_	
4-5	552-560	Spindeln	_	_	_	
4-6	561-567	darvon	_	_	_	
4-7	568-571	dre	_	_	_	
4-8	571-572	-	_	_	_	
4-9	573-576	hen	_	_	_	
4-10	576-577	.	_	_	_	

#Text=Das gantze Gewaͤchs/ dieweil es noch
#Text=gruͤn iſt/ riechet ſtarck und uͤbel/ inſonder-
#Text=heit aber die Rinde und Bluͤht.
5-1	578-581	Das	_	_	_	
5-2	582-588	gantze	_	_	_	
5-3	589-597	Gewaͤchs	Smell\_Source	*|*|*	5-6[2_0]|5-21|5-23	
5-4	597-598	/	_	_	_	
5-5	599-606	dieweil	Circumstances[1]	_	_	
5-6	607-609	es	Circumstances[1]|Smell\_Source[2]	_	_	
5-7	610-614	noch	Circumstances[1]	_	_	
5-8	615-620	gruͤn	Circumstances[1]	_	_	
5-9	621-624	iſt	Circumstances[1]	_	_	
5-10	624-625	/	_	_	_	
5-11	626-633	riechet	Smell\_Word	_	_	
5-12	634-640	ſtarck	Quality	*	5-11	
5-13	641-644	und	_	_	_	
5-14	645-650	uͤbel	Quality	*	5-11	
5-15	650-651	/	_	_	_	
5-16	652-660	inſonder	_	_	_	
5-17	660-661	-	_	_	_	
5-18	662-666	heit	_	_	_	
5-19	667-671	aber	_	_	_	
5-20	672-675	die	_	_	_	
5-21	676-681	Rinde	Smell\_Source	_	_	
5-22	682-685	und	_	_	_	
5-23	686-692	Bluͤht	Smell\_Source	_	_	
5-24	692-693	.	_	_	_	

#Text=Die Blaͤt-
#Text=ter und Frucht iſt den Ziegen und Schaafen
#Text=eine toͤdtliche Speiß/
#Text=daher ſie weder von
#Text=Menſchen noch Vieh ſoll gebrauchet werden.
6-1	694-697	Die	_	_	_	
6-2	698-703	Blaͤt	_	_	_	
6-3	703-704	-	_	_	_	
6-4	705-708	ter	_	_	_	
6-5	709-712	und	_	_	_	
6-6	713-719	Frucht	_	_	_	
6-7	720-723	iſt	_	_	_	
6-8	724-727	den	_	_	_	
6-9	728-734	Ziegen	_	_	_	
6-10	735-738	und	_	_	_	
6-11	739-747	Schaafen	_	_	_	
6-12	748-752	eine	_	_	_	
6-13	753-763	toͤdtliche	_	_	_	
6-14	764-769	Speiß	_	_	_	
6-15	769-770	/	_	_	_	
6-16	771-776	daher	_	_	_	
6-17	777-780	ſie	_	_	_	
6-18	781-786	weder	_	_	_	
6-19	787-790	von	_	_	_	
6-20	791-799	Menſchen	_	_	_	
6-21	800-804	noch	_	_	_	
6-22	805-809	Vieh	_	_	_	
6-23	810-814	ſoll	_	_	_	
6-24	815-825	gebrauchet	_	_	_	
6-25	826-832	werden	_	_	_	
6-26	832-833	.	_	_	_	

#Text=Eigenſchafft.
7-1	837-849	Eigenſchafft	_	_	_	
7-2	849-850	.	_	_	_	

#Text=Der Spindelbaum/ wie auch ſeine Frucht
#Text=oder Beere/ haben ein ſcharff etzendes/ mit
#Text=unlieblichem Schwefel vermiſchtes Saltz in
#Text=ſich/
#Text=daher ſie die Eigenſchafft haben ſtarck
#Text=uͤber ſich und under ſich zu purgieren/ oder
#Text=auch gar Entzuͤndungen zu machen/
#Text=wenn
#Text=ſie ſolten innerlich gebraucht werden.
8-1	853-856	Der	_	_	_	
8-2	857-868	Spindelbaum	_	_	_	
8-3	868-869	/	_	_	_	
8-4	870-873	wie	_	_	_	
8-5	874-878	auch	_	_	_	
8-6	879-884	ſeine	_	_	_	
8-7	885-891	Frucht	_	_	_	
8-8	892-896	oder	_	_	_	
8-9	897-902	Beere	_	_	_	
8-10	902-903	/	_	_	_	
8-11	904-909	haben	_	_	_	
8-12	910-913	ein	_	_	_	
8-13	914-921	ſcharff	_	_	_	
8-14	922-930	etzendes	_	_	_	
8-15	930-931	/	_	_	_	
8-16	932-935	mit	_	_	_	
8-17	936-948	unlieblichem	_	_	_	
8-18	949-957	Schwefel	_	_	_	
8-19	958-969	vermiſchtes	_	_	_	
8-20	970-975	Saltz	_	_	_	
8-21	976-978	in	_	_	_	
8-22	979-983	ſich	_	_	_	
8-23	983-984	/	_	_	_	
8-24	985-990	daher	_	_	_	
8-25	991-994	ſie	_	_	_	
8-26	995-998	die	_	_	_	
8-27	999-1011	Eigenſchafft	_	_	_	
8-28	1012-1017	haben	_	_	_	
8-29	1018-1024	ſtarck	_	_	_	
8-30	1025-1030	uͤber	_	_	_	
8-31	1031-1035	ſich	_	_	_	
8-32	1036-1039	und	_	_	_	
8-33	1040-1045	under	_	_	_	
8-34	1046-1050	ſich	_	_	_	
8-35	1051-1053	zu	_	_	_	
8-36	1054-1063	purgieren	_	_	_	
8-37	1063-1064	/	_	_	_	
8-38	1065-1069	oder	_	_	_	
8-39	1070-1074	auch	_	_	_	
8-40	1075-1078	gar	_	_	_	
8-41	1079-1092	Entzuͤndungen	_	_	_	
8-42	1093-1095	zu	_	_	_	
8-43	1096-1102	machen	_	_	_	
8-44	1102-1103	/	_	_	_	
8-45	1104-1108	wenn	_	_	_	
8-46	1109-1112	ſie	_	_	_	
8-47	1113-1119	ſolten	_	_	_	
8-48	1120-1129	innerlich	_	_	_	
8-49	1130-1139	gebraucht	_	_	_	
8-50	1140-1146	werden	_	_	_	
8-51	1146-1147	.	_	_	_	

#Text=Es
9-1	1148-1150	Es	_	_	_	
