#FORMAT=WebAnno TSV 3.3
#T_SP=custom.Span|label


#Text=Beleuchtung.
1-1	1-12	Beleuchtung	_	
1-2	12-13	.	_	

#Text=je ſtärker der Druck der Spiralfeder iſt.
2-1	17-19	je	_	
2-2	20-27	ſtärker	_	
2-3	28-31	der	_	
2-4	32-37	Druck	_	
2-5	38-41	der	_	
2-6	42-53	Spiralfeder	_	
2-7	54-57	iſt	_	
2-8	57-58	.	_	

#Text=Auch die Moderateurlampe
#Text=
#Text=arbeitet mit überfließendem Öl und hat eine ſehr konſtante Lichtſtärke,
#Text=ſo daß man ihre Flamme ſogar bei den weiter unten zu beſprechenden
#Text=photometriſchen Beſtimmungen als Normalflamme gebraucht hat.
3-1	59-63	Auch	_	
3-2	64-67	die	_	
3-3	68-83	Moderateurlampe	_	
3-4	85-93	arbeitet	_	
3-5	94-97	mit	_	
3-6	98-112	überfließendem	_	
3-7	113-115	Öl	_	
3-8	116-119	und	_	
3-9	120-123	hat	_	
3-10	124-128	eine	_	
3-11	129-133	ſehr	_	
3-12	134-143	konſtante	_	
3-13	144-155	Lichtſtärke	_	
3-14	155-156	,	_	
3-15	157-159	ſo	_	
3-16	160-163	daß	_	
3-17	164-167	man	_	
3-18	168-172	ihre	_	
3-19	173-179	Flamme	_	
3-20	180-185	ſogar	_	
3-21	186-189	bei	_	
3-22	190-193	den	_	
3-23	194-200	weiter	_	
3-24	201-206	unten	_	
3-25	207-209	zu	_	
3-26	210-223	beſprechenden	_	
3-27	224-239	photometriſchen	_	
3-28	240-252	Beſtimmungen	_	
3-29	253-256	als	_	
3-30	257-269	Normalflamme	_	
3-31	270-279	gebraucht	_	
3-32	280-283	hat	_	
3-33	283-284	.	_	

#Text=Alle beſchriebenen Lampen ſind durch die dem Brennſtoff der
#Text=Jetztzeit, dem Petroleum, entſprechenden Konſtruktionen faſt ganz ver-
#Text=drängt.
4-1	288-292	Alle	_	
4-2	293-306	beſchriebenen	_	
4-3	307-313	Lampen	_	
4-4	314-318	ſind	_	
4-5	319-324	durch	_	
4-6	325-328	die	_	
4-7	329-332	dem	_	
4-8	333-343	Brennſtoff	_	
4-9	344-347	der	_	
4-10	348-357	Jetztzeit	_	
4-11	357-358	,	_	
4-12	359-362	dem	_	
4-13	363-372	Petroleum	_	
4-14	372-373	,	_	
4-15	374-388	entſprechenden	_	
4-16	389-403	Konſtruktionen	_	
4-17	404-408	faſt	_	
4-18	409-413	ganz	_	
4-19	414-417	ver	_	
4-20	417-418	-	_	
4-21	419-425	drängt	_	
4-22	425-426	.	_	

#Text=Die verſchiedenen Erdöle ſetzen verſchiedene Lampen voraus.
5-1	427-430	Die	_	
5-2	431-444	verſchiedenen	_	
5-3	445-451	Erdöle	_	
5-4	452-458	ſetzen	_	
5-5	459-471	verſchiedene	_	
5-6	472-478	Lampen	_	
5-7	479-485	voraus	_	
5-8	485-486	.	_	

#Text=Wenn ſchon die flüchtigſten Öle, z.
6-1	488-492	Wenn	_	
6-2	493-498	ſchon	_	
6-3	499-502	die	_	
6-4	503-515	flüchtigſten	_	
6-5	516-519	Öle	_	
6-6	519-520	,	_	
6-7	521-522	z	_	
6-8	522-523	.	_	

#Text=B. das Ligroin und die ihm ähn-
#Text=lichen Mineralöle, ganz beſondere Lampen erfordern, wenn ſie nicht
#Text=gefahrbringend ſein ſollen, ſo ſind auch die Öle mittlerer Flüchtigkeit,
#Text=vor allen anderen das gereinigte Petroleum, derart dünnflüſſig, daß
#Text=ſie bedeutend leichter durch den Docht in die Höhe geſaugt werden,
#Text=als das dickflüſſige Rüböl.
7-1	524-525	B	_	
7-2	525-526	.	_	
7-3	527-530	das	_	
7-4	531-538	Ligroin	_	
7-5	539-542	und	_	
7-6	543-546	die	_	
7-7	547-550	ihm	_	
7-8	551-554	ähn	_	
7-9	554-555	-	_	
7-10	556-562	lichen	_	
7-11	563-573	Mineralöle	_	
7-12	573-574	,	_	
7-13	575-579	ganz	_	
7-14	580-589	beſondere	_	
7-15	590-596	Lampen	_	
7-16	597-606	erfordern	_	
7-17	606-607	,	_	
7-18	608-612	wenn	_	
7-19	613-616	ſie	_	
7-20	617-622	nicht	_	
7-21	623-637	gefahrbringend	_	
7-22	638-642	ſein	_	
7-23	643-649	ſollen	_	
7-24	649-650	,	_	
7-25	651-653	ſo	_	
7-26	654-658	ſind	_	
7-27	659-663	auch	_	
7-28	664-667	die	_	
7-29	668-671	Öle	_	
7-30	672-681	mittlerer	_	
7-31	682-694	Flüchtigkeit	_	
7-32	694-695	,	_	
7-33	696-699	vor	_	
7-34	700-705	allen	_	
7-35	706-713	anderen	_	
7-36	714-717	das	_	
7-37	718-728	gereinigte	_	
7-38	729-738	Petroleum	_	
7-39	738-739	,	_	
7-40	740-746	derart	_	
7-41	747-758	dünnflüſſig	_	
7-42	758-759	,	_	
7-43	760-763	daß	_	
7-44	764-767	ſie	_	
7-45	768-777	bedeutend	_	
7-46	778-786	leichter	_	
7-47	787-792	durch	_	
7-48	793-796	den	_	
7-49	797-802	Docht	_	
7-50	803-805	in	_	
7-51	806-809	die	_	
7-52	810-814	Höhe	_	
7-53	815-822	geſaugt	_	
7-54	823-829	werden	_	
7-55	829-830	,	_	
7-56	831-834	als	_	
7-57	835-838	das	_	
7-58	839-851	dickflüſſige	_	
7-59	852-857	Rüböl	_	
7-60	857-858	.	_	

#Text=Hierzu kommt noch, daß die Flamme,
#Text=wenn ſie ihre volle Intenſität entwickeln ſoll, viel ſtärkeren Luftzug
#Text=
#Text=erfordert.
8-1	859-865	Hierzu	_	
8-2	866-871	kommt	_	
8-3	872-876	noch	_	
8-4	876-877	,	_	
8-5	878-881	daß	_	
8-6	882-885	die	_	
8-7	886-892	Flamme	_	
8-8	892-893	,	_	
8-9	894-898	wenn	_	
8-10	899-902	ſie	_	
8-11	903-907	ihre	_	
8-12	908-913	volle	_	
8-13	914-924	Intenſität	_	
8-14	925-935	entwickeln	_	
8-15	936-940	ſoll	_	
8-16	940-941	,	_	
8-17	942-946	viel	_	
8-18	947-956	ſtärkeren	_	
8-19	957-964	Luftzug	_	
8-20	966-975	erfordert	_	
8-21	975-976	.	_	

#Text=Nur wenn dieſer durchaus richtig reguliert wird, erhält man
#Text=eine hell brennende, geruchloſe Flamme.
9-1	977-980	Nur	_	
9-2	981-985	wenn	_	
9-3	986-992	dieſer	_	
9-4	993-1001	durchaus	_	
9-5	1002-1009	richtig	_	
9-6	1010-1019	reguliert	_	
9-7	1020-1024	wird	_	
9-8	1024-1025	,	_	
9-9	1026-1032	erhält	_	
9-10	1033-1036	man	Perceiver	
9-11	1037-1041	eine	_	
9-12	1042-1046	hell	_	
9-13	1047-1056	brennende	_	
9-14	1056-1057	,	_	
9-15	1058-1068	geruchloſe	Quality[1]|Smell\_Word[2]	
9-16	1069-1075	Flamme	Smell\_Source	
9-17	1075-1076	.	_	

#Text=Alle Erdöllampen ſind aus den angeführten Gründen Sauglampen.
10-1	1080-1084	Alle	_	
10-2	1085-1096	Erdöllampen	_	
10-3	1097-1101	ſind	_	
10-4	1102-1105	aus	_	
10-5	1106-1109	den	_	
10-6	1110-1121	angeführten	_	
10-7	1122-1129	Gründen	_	
10-8	1130-1140	Sauglampen	_	
10-9	1140-1141	.	_	

#Text=Es iſt dies der Sicherheit halber von der größten Wichtigkeit;
#Text=denn
#Text=nur dadurch, daß es möglich iſt, den Ölbehälter ziemlich tief zu legen,
#Text=wird eine Erhitzung desſelben und damit die Möglichkeit der Bildung
#Text=exploſiver Dämpfe vermieden.
11-1	1144-1146	Es	_	
11-2	1147-1150	iſt	_	
11-3	1151-1155	dies	_	
11-4	1156-1159	der	_	
11-5	1160-1170	Sicherheit	_	
11-6	1171-1177	halber	_	
11-7	1178-1181	von	_	
11-8	1182-1185	der	_	
11-9	1186-1193	größten	_	
11-10	1194-1205	Wichtigkeit	_	
11-11	1205-1206	;	_	
11-12	1207-1211	denn	_	
11-13	1212-1215	nur	_	
11-14	1216-1223	dadurch	_	
11-15	1223-1224	,	_	
11-16	1225-1228	daß	_	
11-17	1229-1231	es	_	
11-18	1232-1239	möglich	_	
11-19	1240-1243	iſt	_	
11-20	1243-1244	,	_	
11-21	1245-1248	den	_	
11-22	1249-1259	Ölbehälter	_	
11-23	1260-1268	ziemlich	_	
11-24	1269-1273	tief	_	
11-25	1274-1276	zu	_	
11-26	1277-1282	legen	_	
11-27	1282-1283	,	_	
11-28	1284-1288	wird	_	
11-29	1289-1293	eine	_	
11-30	1294-1303	Erhitzung	_	
11-31	1304-1313	desſelben	_	
11-32	1314-1317	und	_	
11-33	1318-1323	damit	_	
11-34	1324-1327	die	_	
11-35	1328-1339	Möglichkeit	_	
11-36	1340-1343	der	_	
11-37	1344-1351	Bildung	_	
11-38	1352-1362	exploſiver	_	
11-39	1363-1369	Dämpfe	_	
11-40	1370-1379	vermieden	_	
11-41	1379-1380	.	_	

#Text=Zur Kühlung trägt überdies noch die
#Text=zur Verbrennung zugeführte Luft bei, welche längs des Brenners
#Text=aufſteigt.
12-1	1381-1384	Zur	_	
12-2	1385-1392	Kühlung	_	
12-3	1393-1398	trägt	_	
12-4	1399-1407	überdies	_	
12-5	1408-1412	noch	_	
12-6	1413-1416	die	_	
12-7	1417-1420	zur	_	
12-8	1421-1432	Verbrennung	_	
12-9	1433-1443	zugeführte	_	
12-10	1444-1448	Luft	_	
12-11	1449-1452	bei	_	
12-12	1452-1453	,	_	
12-13	1454-1460	welche	_	
12-14	1461-1466	längs	_	
12-15	1467-1470	des	_	
12-16	1471-1479	Brenners	_	
12-17	1480-1489	aufſteigt	_	
12-18	1489-1490	.	_	

#Text=Der einfachſte Brenner für Erdöl iſt wieder der Flachbrenner,
#Text=welcher zur Beförderung des Luftzuges mit einer oben der Länge nach
#Text=aufgeſchlitzten halbkugelförmigen Kappe von Metall bedeckt wird und
#Text=einen bauchigen, beſſer noch einen in ſeinem bauchigen Teil etwas flach-
#Text=gedrückten Cylinder vorausſetzt.
13-1	1494-1497	Der	_	
13-2	1498-1508	einfachſte	_	
13-3	1509-1516	Brenner	_	
13-4	1517-1520	für	_	
13-5	1521-1526	Erdöl	_	
13-6	1527-1530	iſt	_	
13-7	1531-1537	wieder	_	
13-8	1538-1541	der	_	
13-9	1542-1554	Flachbrenner	_	
13-10	1554-1555	,	_	
13-11	1556-1563	welcher	_	
13-12	1564-1567	zur	_	
13-13	1568-1579	Beförderung	_	
13-14	1580-1583	des	_	
13-15	1584-1593	Luftzuges	_	
13-16	1594-1597	mit	_	
13-17	1598-1603	einer	_	
13-18	1604-1608	oben	_	
13-19	1609-1612	der	_	
13-20	1613-1618	Länge	_	
13-21	1619-1623	nach	_	
13-22	1624-1639	aufgeſchlitzten	_	
13-23	1640-1657	halbkugelförmigen	_	
13-24	1658-1663	Kappe	_	
13-25	1664-1667	von	_	
13-26	1668-1674	Metall	_	
13-27	1675-1682	bedeckt	_	
13-28	1683-1687	wird	_	
13-29	1688-1691	und	_	
13-30	1692-1697	einen	_	
13-31	1698-1707	bauchigen	_	
13-32	1707-1708	,	_	
13-33	1709-1715	beſſer	_	
13-34	1716-1720	noch	_	
13-35	1721-1726	einen	_	
13-36	1727-1729	in	_	
13-37	1730-1736	ſeinem	_	
13-38	1737-1746	bauchigen	_	
13-39	1747-1751	Teil	_	
13-40	1752-1757	etwas	_	
13-41	1758-1763	flach	_	
13-42	1763-1764	-	_	
13-43	1765-1775	gedrückten	_	
13-44	1776-1784	Cylinder	_	
13-45	1785-1796	vorausſetzt	_	
13-46	1796-1797	.	_	
