#FORMAT=WebAnno TSV 3.3


#Text=6. do
#Text=
#Text=
#Text=
#Text=
#Text=
#Text=que narium meatus, fupra palatum ad: faucium ifthmos, ut C. 1.
#Text=%.
#Text=2. diximus, reflexos, impetuole ad pulmones ruit: quoniam autem major ejus est copia, quam quæ tam subito angustias istas trajicere queat, fieri, ut mihi quidem videtur, non poterit, quin insignis ejusdem portio , odoratis effluviis gravida, ad superiores narium meatus, verfus os cribrofum divergere cogatur, & majori, quam aliàs , impetu, narium tunicas, cavernulis, & labyrintheis du&ibus prætenfas, feriat , illiso odor res altius imprimat.
1-1	2-3	6	
1-2	3-4	.	
1-3	5-7	do	
1-4	13-16	que	
1-5	17-23	narium	
1-6	24-30	meatus	
1-7	30-31	,	
1-8	32-37	fupra	
1-9	38-45	palatum	
1-10	46-48	ad	
1-11	48-49	:	
1-12	50-57	faucium	
1-13	58-65	ifthmos	
1-14	65-66	,	
1-15	67-69	ut	
1-16	70-71	C	
1-17	71-72	.	
1-18	73-74	1	
1-19	74-75	.	
1-20	76-77	%	
1-21	77-78	.	
1-22	79-80	2	
1-23	80-81	.	
1-24	82-89	diximus	
1-25	89-90	,	
1-26	91-99	reflexos	
1-27	99-100	,	
1-28	101-110	impetuole	
1-29	111-113	ad	
1-30	114-122	pulmones	
1-31	123-127	ruit	
1-32	127-128	:	
1-33	129-136	quoniam	
1-34	137-142	autem	
1-35	143-148	major	
1-36	149-153	ejus	
1-37	154-157	est	
1-38	158-163	copia	
1-39	163-164	,	
1-40	165-169	quam	
1-41	170-173	quæ	
1-42	174-177	tam	
1-43	178-184	subito	
1-44	185-194	angustias	
1-45	195-200	istas	
1-46	201-210	trajicere	
1-47	211-216	queat	
1-48	216-217	,	
1-49	218-223	fieri	
1-50	223-224	,	
1-51	225-227	ut	
1-52	228-232	mihi	
1-53	233-239	quidem	
1-54	240-247	videtur	
1-55	247-248	,	
1-56	249-252	non	
1-57	253-260	poterit	
1-58	260-261	,	
1-59	262-266	quin	
1-60	267-275	insignis	
1-61	276-283	ejusdem	
1-62	284-290	portio	
1-63	291-292	,	
1-64	293-301	odoratis	
1-65	302-311	effluviis	
1-66	312-319	gravida	
1-67	319-320	,	
1-68	321-323	ad	
1-69	324-334	superiores	
1-70	335-341	narium	
1-71	342-348	meatus	
1-72	348-349	,	
1-73	350-356	verfus	
1-74	357-359	os	
1-75	360-369	cribrofum	
1-76	370-379	divergere	
1-77	380-387	cogatur	
1-78	387-388	,	
1-79	389-390	&	
1-80	391-397	majori	
1-81	397-398	,	
1-82	399-403	quam	
1-83	404-409	aliàs	
1-84	410-411	,	
1-85	412-418	impetu	
1-86	418-419	,	
1-87	420-426	narium	
1-88	427-434	tunicas	
1-89	434-435	,	
1-90	436-446	cavernulis	
1-91	446-447	,	
1-92	448-449	&	
1-93	450-462	labyrintheis	
1-94	463-465	du	
1-95	465-466	&	
1-96	466-470	ibus	
1-97	471-480	prætenfas	
1-98	480-481	,	
1-99	482-488	feriat	
1-100	489-490	,	
1-101	491-497	illiso	
1-102	498-502	odor	
1-103	503-506	res	
1-104	507-513	altius	
1-105	514-522	imprimat	
1-106	522-523	.	

#Text=Sed hæc mea faltem eft con je&ura, quam fi ullo modo cum sana ratione, & experimentis pugnare, aliquis mihi demonstrave ric, majori facilitate rejiciam, quam admisi.
#Text=9.
#Text=3.
2-1	524-527	Sed	
2-2	528-531	hæc	
2-3	532-535	mea	
2-4	536-542	faltem	
2-5	543-546	eft	
2-6	547-550	con	
2-7	551-553	je	
2-8	553-554	&	
2-9	554-557	ura	
2-10	557-558	,	
2-11	559-563	quam	
2-12	564-566	fi	
2-13	567-571	ullo	
2-14	572-576	modo	
2-15	577-580	cum	
2-16	581-585	sana	
2-17	586-593	ratione	
2-18	593-594	,	
2-19	595-596	&	
2-20	597-609	experimentis	
2-21	610-617	pugnare	
2-22	617-618	,	
2-23	619-626	aliquis	
2-24	627-631	mihi	
2-25	632-643	demonstrave	
2-26	644-647	ric	
2-27	647-648	,	
2-28	649-655	majori	
2-29	656-666	facilitate	
2-30	667-675	rejiciam	
2-31	675-676	,	
2-32	677-681	quam	
2-33	682-688	admisi	
2-34	688-689	.	
2-35	690-691	9	
2-36	691-692	.	
2-37	693-694	3	
2-38	694-695	.	

#Text=Quomodo aër odoratorum effluvia excipere, & ex uno loco in alium transvehere quer at, facile perspiciet ille, cui ex physicis nocum fuerit: aërem esse corpus liquidum, rarum, admo.
#Text=dum porosum, elastica vi præditum, intestino, & jugi, particularum inter le motu agitatum, omnią corpora fublunaria ambiens, & eorundem poris, meatibus atop rimulis facile fese insinuans.
3-1	696-703	Quomodo	
3-2	704-707	aër	
3-3	708-718	odoratorum	
3-4	719-727	effluvia	
3-5	728-736	excipere	
3-6	736-737	,	
3-7	738-739	&	
3-8	740-742	ex	
3-9	743-746	uno	
3-10	747-751	loco	
3-11	752-754	in	
3-12	755-760	alium	
3-13	761-772	transvehere	
3-14	773-777	quer	
3-15	778-780	at	
3-16	780-781	,	
3-17	782-788	facile	
3-18	789-799	perspiciet	
3-19	800-804	ille	
3-20	804-805	,	
3-21	806-809	cui	
3-22	810-812	ex	
3-23	813-821	physicis	
3-24	822-827	nocum	
3-25	828-834	fuerit	
3-26	834-835	:	
3-27	836-841	aërem	
3-28	842-846	esse	
3-29	847-853	corpus	
3-30	854-862	liquidum	
3-31	862-863	,	
3-32	864-869	rarum	
3-33	869-870	,	
3-34	871-875	admo	
3-35	875-876	.	
3-36	877-880	dum	
3-37	881-888	porosum	
3-38	888-889	,	
3-39	890-898	elastica	
3-40	899-901	vi	
3-41	902-910	præditum	
3-42	910-911	,	
3-43	912-921	intestino	
3-44	921-922	,	
3-45	923-924	&	
3-46	925-929	jugi	
3-47	929-930	,	
3-48	931-943	particularum	
3-49	944-949	inter	
3-50	950-952	le	
3-51	953-957	motu	
3-52	958-966	agitatum	
3-53	966-967	,	
3-54	968-973	omnią	
3-55	974-981	corpora	
3-56	982-992	fublunaria	
3-57	993-1000	ambiens	
3-58	1000-1001	,	
3-59	1002-1003	&	
3-60	1004-1012	eorundem	
3-61	1013-1018	poris	
3-62	1018-1019	,	
3-63	1020-1028	meatibus	
3-64	1029-1033	atop	
3-65	1034-1041	rimulis	
3-66	1042-1048	facile	
3-67	1049-1053	fese	
3-68	1054-1063	insinuans	
3-69	1063-1064	.	

#Text=Quas aëris qualitates., cum ante biennium & quod excurrit, in publica disputatione de Respiratione Hur mana, sub Experientiflimo Domino Præside habita, firmis argumentis demonstratas fuisse meminerim,
#Text=
#Text=1.1.,..
4-1	1065-1069	Quas	
4-2	1070-1075	aëris	
4-3	1076-1086	qualitates	
4-4	1086-1087	.	
4-5	1087-1088	,	
4-6	1089-1092	cum	
4-7	1093-1097	ante	
4-8	1098-1106	biennium	
4-9	1107-1108	&	
4-10	1109-1113	quod	
4-11	1114-1122	excurrit	
4-12	1122-1123	,	
4-13	1124-1126	in	
4-14	1127-1134	publica	
4-15	1135-1147	disputatione	
4-16	1148-1150	de	
4-17	1151-1163	Respiratione	
4-18	1164-1167	Hur	
4-19	1168-1172	mana	
4-20	1172-1173	,	
4-21	1174-1177	sub	
4-22	1178-1193	Experientiflimo	
4-23	1194-1200	Domino	
4-24	1201-1208	Præside	
4-25	1209-1215	habita	
4-26	1215-1216	,	
4-27	1217-1223	firmis	
4-28	1224-1234	argumentis	
4-29	1235-1247	demonstratas	
4-30	1248-1254	fuisse	
4-31	1255-1264	meminerim	
4-32	1264-1265	,	
4-33	1267-1270	1.1	
4-34	1270-1271	.	
4-35	1271-1272	,	
4-36	1272-1273	.	
4-37	1273-1274	.	

#Text=as fufiore
#Text=
#Text=
#Text=
#Text=
#Text=
#Text=(2) fafiore explicatione non profequor, ut tenuibus fa caltatibus meis parcam, nec a&tum agam.
5-1	1278-1280	as	
5-2	1281-1288	fufiore	
5-3	1294-1295	(	
5-4	1295-1296	2	
5-5	1296-1297	)	
5-6	1298-1305	fafiore	
5-7	1306-1318	explicatione	
5-8	1319-1322	non	
5-9	1323-1332	profequor	
5-10	1332-1333	,	
5-11	1334-1336	ut	
5-12	1337-1345	tenuibus	
5-13	1346-1348	fa	
5-14	1349-1359	caltatibus	
5-15	1360-1364	meis	
5-16	1365-1371	parcam	
5-17	1371-1372	,	
5-18	1373-1376	nec	
5-19	1377-1378	a	
5-20	1378-1379	&	
5-21	1379-1382	tum	
5-22	1383-1387	agam	
5-23	1387-1388	.	

#Text=CAPUT IV.
6-1	1389-1394	CAPUT	
6-2	1395-1397	IV	
6-3	1397-1398	.	

#Text=De
#Text=
#Text=Modo, quo odores percipimus.
7-1	1399-1401	De	
7-2	1403-1407	Modo	
7-3	1407-1408	,	
7-4	1409-1412	quo	
7-5	1413-1419	odores	
7-6	1420-1430	percipimus	
7-7	1430-1431	.	

#Text=B.
8-1	1432-1433	B	
8-2	1433-1434	.	

#Text=I.
9-1	1435-1436	I	
9-2	1436-1437	.	

#Text=Jt fub uno afpe&u ponantur, quæ de odoratûs
#Text=
#Text=Y modo dicenda funt, brevem eorum repetitio
#Text=
#Text=neu, quæ fparfim hactenos diximus, inftituere libet.
10-1	1439-1441	Jt	
10-2	1442-1445	fub	
10-3	1446-1449	uno	
10-4	1450-1454	afpe	
10-5	1454-1455	&	
10-6	1455-1456	u	
10-7	1457-1465	ponantur	
10-8	1465-1466	,	
10-9	1467-1470	quæ	
10-10	1471-1473	de	
10-11	1474-1482	odoratûs	
10-12	1484-1485	Y	
10-13	1486-1490	modo	
10-14	1491-1498	dicenda	
10-15	1499-1503	funt	
10-16	1503-1504	,	
10-17	1505-1511	brevem	
10-18	1512-1517	eorum	
10-19	1518-1527	repetitio	
10-20	1529-1532	neu	
10-21	1532-1533	,	
10-22	1534-1537	quæ	
10-23	1538-1545	fparfim	
10-24	1546-1554	hactenos	
10-25	1555-1562	diximus	
10-26	1562-1563	,	
10-27	1564-1574	inftituere	
10-28	1575-1580	libet	
10-29	1580-1581	.	

#Text=Sabtilia itaque, & corporibos odoratis vel laxius
#Text=
#Text=inhærentia , vel intime conjuncta effluvia falino-lul
#Text=
#Text=phurea., jugi materiæ fubtilis, uplurimum etiam
#Text=
#Text=aëris interni, motu, paulatim à reliqua compage
#Text=
#Text=sua diffociantur, divelluntur, & per proximos po-
#Text=
#Text=ros ac meatus exturbantur.
#Text=: Ur autem undam un-
#Text=
#Text=da trpdit: ita etiam effluvia jam exturbata, ab iis
#Text=
#Text=quæ à tergo feqvuntur femper ulterius protrudun-
#Text=
#Text=tur, adeo ut ferilim magnum, & haud raro incredj-
#Text=
#Text=bile, aëris fpatium occupent.
11-1	1582-1590	Sabtilia	
11-2	1591-1597	itaque	
11-3	1597-1598	,	
11-4	1599-1600	&	
11-5	1601-1611	corporibos	
11-6	1612-1620	odoratis	
11-7	1621-1624	vel	
11-8	1625-1631	laxius	
11-9	1633-1643	inhærentia	
11-10	1644-1645	,	
11-11	1646-1649	vel	
11-12	1650-1656	intime	
11-13	1657-1666	conjuncta	
11-14	1667-1675	effluvia	
11-15	1676-1686	falino-lul	
11-16	1688-1694	phurea	
11-17	1694-1695	.	
11-18	1695-1696	,	
11-19	1697-1701	jugi	
11-20	1702-1709	materiæ	
11-21	1710-1718	fubtilis	
11-22	1718-1719	,	
11-23	1720-1729	uplurimum	
11-24	1730-1735	etiam	
11-25	1737-1742	aëris	
11-26	1743-1750	interni	
11-27	1750-1751	,	
11-28	1752-1756	motu	
11-29	1756-1757	,	
11-30	1758-1766	paulatim	
11-31	1767-1768	à	
11-32	1769-1776	reliqua	
11-33	1777-1784	compage	
11-34	1786-1789	sua	
11-35	1790-1802	diffociantur	
11-36	1802-1803	,	
11-37	1804-1815	divelluntur	
11-38	1815-1816	,	
11-39	1817-1818	&	
11-40	1819-1822	per	
11-41	1823-1831	proximos	
11-42	1832-1834	po	
11-43	1834-1835	-	
11-44	1837-1840	ros	
11-45	1841-1843	ac	
11-46	1844-1850	meatus	
11-47	1851-1862	exturbantur	
11-48	1862-1863	.	
11-49	1864-1865	:	
11-50	1866-1868	Ur	
11-51	1869-1874	autem	
11-52	1875-1880	undam	
11-53	1881-1883	un	
11-54	1883-1884	-	
11-55	1886-1888	da	
11-56	1889-1895	trpdit	
11-57	1895-1896	:	
11-58	1897-1900	ita	
11-59	1901-1906	etiam	
11-60	1907-1915	effluvia	
11-61	1916-1919	jam	
11-62	1920-1929	exturbata	
11-63	1929-1930	,	
11-64	1931-1933	ab	
11-65	1934-1937	iis	
11-66	1939-1942	quæ	
11-67	1943-1944	à	
11-68	1945-1950	tergo	
11-69	1951-1960	feqvuntur	
11-70	1961-1967	femper	
11-71	1968-1976	ulterius	
11-72	1977-1986	protrudun	
11-73	1986-1987	-	
11-74	1989-1992	tur	
11-75	1992-1993	,	
11-76	1994-1998	adeo	
11-77	1999-2001	ut	
11-78	2002-2009	ferilim	
11-79	2010-2016	magnum	
11-80	2016-2017	,	
11-81	2018-2019	&	
11-82	2020-2024	haud	
11-83	2025-2029	raro	
11-84	2030-2037	incredj	
11-85	2037-2038	-	
11-86	2040-2044	bile	
11-87	2044-2045	,	
11-88	2046-2051	aëris	
11-89	2052-2059	fpatium	
11-90	2060-2068	occupent	
11-91	2068-2069	.	

#Text=Quando igitur ifta
#Text=
#Text=quocg aëris portio, quæ inspirationis tempore, per
#Text=
#Text=nares ad pulmones tendit, ejusmodi particulis odo;
#Text=
#Text=riferis imbata eft, illa easdem ad narium interiora
#Text=
#Text=fecum vehit: quæ poftquam eo pervenerunt, ex.
#Text=tremitates nerveas papillarium processuum, tunicis
#Text=
#Text=fupra descriptis infertas , titillant, vellicant, pun-
#Text=
#Text=
#Text=
#Text=gunt,
#Text=
#Text=
#Text=
#Text=
#Text=
#Text=gunt, & variis aliis modis commovent.
12-1	2070-2076	Quando	
12-2	2077-2083	igitur	
12-3	2084-2088	ifta	
12-4	2090-2095	quocg	
12-5	2096-2101	aëris	
12-6	2102-2108	portio	
12-7	2108-2109	,	
12-8	2110-2113	quæ	
12-9	2114-2127	inspirationis	
12-10	2128-2135	tempore	
12-11	2135-2136	,	
12-12	2137-2140	per	
12-13	2142-2147	nares	
12-14	2148-2150	ad	
12-15	2151-2159	pulmones	
12-16	2160-2166	tendit	
12-17	2166-2167	,	
12-18	2168-2176	ejusmodi	
12-19	2177-2187	particulis	
12-20	2188-2191	odo	
12-21	2191-2192	;	
12-22	2194-2201	riferis	
12-23	2202-2208	imbata	
12-24	2209-2212	eft	
12-25	2212-2213	,	
12-26	2214-2218	illa	
12-27	2219-2225	easdem	
12-28	2226-2228	ad	
12-29	2229-2235	narium	
12-30	2236-2245	interiora	
12-31	2247-2252	fecum	
12-32	2253-2258	vehit	
12-33	2258-2259	:	
12-34	2260-2263	quæ	
12-35	2264-2272	poftquam	
12-36	2273-2275	eo	
12-37	2276-2287	pervenerunt	
12-38	2287-2288	,	
12-39	2289-2291	ex	
12-40	2291-2292	.	
12-41	2293-2303	tremitates	
12-42	2304-2311	nerveas	
12-43	2312-2323	papillarium	
12-44	2324-2334	processuum	
12-45	2334-2335	,	
12-46	2336-2343	tunicis	
12-47	2345-2350	fupra	
12-48	2351-2361	descriptis	
12-49	2362-2370	infertas	
12-50	2371-2372	,	
12-51	2373-2382	titillant	
12-52	2382-2383	,	
12-53	2384-2393	vellicant	
12-54	2393-2394	,	
12-55	2395-2398	pun	
12-56	2398-2399	-	
12-57	2403-2407	gunt	
12-58	2407-2408	,	
12-59	2414-2418	gunt	
12-60	2418-2419	,	
12-61	2420-2421	&	
12-62	2422-2428	variis	
12-63	2429-2434	aliis	
12-64	2435-2440	modis	
12-65	2441-2450	commovent	
12-66	2450-2451	.	

#Text=Quem motum autem receperunt fibrillæ, eum etiam recipiune earum incolæ spiritus animales, qui porro eundem ad cerebrum usog continuant, ibidemque, in medullæ cerebri oblongatæ principio , fenfum iftum, quem odoratum vocamus, excitant.
13-1	2452-2456	Quem	
13-2	2457-2462	motum	
13-3	2463-2468	autem	
13-4	2469-2479	receperunt	
13-5	2480-2488	fibrillæ	
13-6	2488-2489	,	
13-7	2490-2493	eum	
13-8	2494-2499	etiam	
13-9	2500-2509	recipiune	
13-10	2510-2515	earum	
13-11	2516-2522	incolæ	
13-12	2523-2531	spiritus	
13-13	2532-2540	animales	
13-14	2540-2541	,	
13-15	2542-2545	qui	
13-16	2546-2551	porro	
13-17	2552-2558	eundem	
13-18	2559-2561	ad	
13-19	2562-2570	cerebrum	
13-20	2571-2575	usog	
13-21	2576-2586	continuant	
13-22	2586-2587	,	
13-23	2588-2597	ibidemque	
13-24	2597-2598	,	
13-25	2599-2601	in	
13-26	2602-2609	medullæ	
13-27	2610-2617	cerebri	
13-28	2618-2627	oblongatæ	
13-29	2628-2637	principio	
13-30	2638-2639	,	
13-31	2640-2646	fenfum	
13-32	2647-2652	iftum	
13-33	2652-2653	,	
13-34	2654-2658	quem	
13-35	2659-2667	odoratum	
13-36	2668-2675	vocamus	
13-37	2675-2676	,	
13-38	2677-2685	excitant	
13-39	2685-2686	.	

#Text=Ads modum enim verifimile est, quod hæc cerebri portio fenforium fit commune, ad quod, tanquam communem alveum ; omnes motus in fenforiis externis inchoati, ac per neryos propagati, conflu.
#Text=ant.
14-1	2687-2690	Ads	
14-2	2691-2696	modum	
14-3	2697-2701	enim	
14-4	2702-2712	verifimile	
14-5	2713-2716	est	
14-6	2716-2717	,	
14-7	2718-2722	quod	
14-8	2723-2726	hæc	
14-9	2727-2734	cerebri	
14-10	2735-2741	portio	
14-11	2742-2751	fenforium	
14-12	2752-2755	fit	
14-13	2756-2763	commune	
14-14	2763-2764	,	
14-15	2765-2767	ad	
14-16	2768-2772	quod	
14-17	2772-2773	,	
14-18	2774-2781	tanquam	
14-19	2782-2790	communem	
14-20	2791-2797	alveum	
14-21	2798-2799	;	
14-22	2800-2805	omnes	
14-23	2806-2811	motus	
14-24	2812-2814	in	
14-25	2815-2824	fenforiis	
14-26	2825-2833	externis	
14-27	2834-2842	inchoati	
14-28	2842-2843	,	
14-29	2844-2846	ac	
14-30	2847-2850	per	
14-31	2851-2857	neryos	
14-32	2858-2867	propagati	
14-33	2867-2868	,	
14-34	2869-2875	conflu	
14-35	2875-2876	.	
14-36	2877-2880	ant	
14-37	2880-2881	.	
