#FORMAT=WebAnno TSV 3.3
#T_SP=custom.Span|label
#T_RL=custom.Relation|label|BT_custom.Span


#Text=Vom Roſenzucker.
1-1	4-7	Vom	_	_	_	
1-2	8-19	Roſenzucker	_	_	_	
1-3	19-20	.	_	_	_	

#Text=DJeſer
#Text=Zucker wird von weiſſem
#Text=wohlgelaͤuterten Zucker gemacht,
#Text=welcher ſo lange mit Roſenwaſſer ge-
#Text=kocht wird, bis er eine Morſellenconſi-
#Text=ſtentz bekommen: hernach werden
#Text=Morſellen und Taͤfflein in beliebiger
#Text=
#Text=Groͤſſe daraus bereitet, oder auch wohl
#Text=nur kleine Koͤrner, indem er ſo lange ge-
#Text=ſchwungen wird, biß er erkaltet und
#Text=trucken worden.
2-1	24-30	DJeſer	_	_	_	
2-2	31-37	Zucker	_	_	_	
2-3	38-42	wird	_	_	_	
2-4	43-46	von	_	_	_	
2-5	47-54	weiſſem	_	_	_	
2-6	55-71	wohlgelaͤuterten	_	_	_	
2-7	72-78	Zucker	_	_	_	
2-8	79-86	gemacht	_	_	_	
2-9	86-87	,	_	_	_	
2-10	88-95	welcher	_	_	_	
2-11	96-98	ſo	_	_	_	
2-12	99-104	lange	_	_	_	
2-13	105-108	mit	_	_	_	
2-14	109-120	Roſenwaſſer	_	_	_	
2-15	121-123	ge	_	_	_	
2-16	123-124	-	_	_	_	
2-17	125-130	kocht	_	_	_	
2-18	131-135	wird	_	_	_	
2-19	135-136	,	_	_	_	
2-20	137-140	bis	_	_	_	
2-21	141-143	er	_	_	_	
2-22	144-148	eine	_	_	_	
2-23	149-163	Morſellenconſi	_	_	_	
2-24	163-164	-	_	_	_	
2-25	165-171	ſtentz	_	_	_	
2-26	172-180	bekommen	_	_	_	
2-27	180-181	:	_	_	_	
2-28	182-189	hernach	_	_	_	
2-29	190-196	werden	_	_	_	
2-30	197-206	Morſellen	_	_	_	
2-31	207-210	und	_	_	_	
2-32	211-220	Taͤfflein	_	_	_	
2-33	221-223	in	_	_	_	
2-34	224-234	beliebiger	_	_	_	
2-35	236-243	Groͤſſe	_	_	_	
2-36	244-250	daraus	_	_	_	
2-37	251-259	bereitet	_	_	_	
2-38	259-260	,	_	_	_	
2-39	261-265	oder	_	_	_	
2-40	266-270	auch	_	_	_	
2-41	271-275	wohl	_	_	_	
2-42	276-279	nur	_	_	_	
2-43	280-286	kleine	_	_	_	
2-44	287-294	Koͤrner	_	_	_	
2-45	294-295	,	_	_	_	
2-46	296-301	indem	_	_	_	
2-47	302-304	er	_	_	_	
2-48	305-307	ſo	_	_	_	
2-49	308-313	lange	_	_	_	
2-50	314-316	ge	_	_	_	
2-51	316-317	-	_	_	_	
2-52	318-327	ſchwungen	_	_	_	
2-53	328-332	wird	_	_	_	
2-54	332-333	,	_	_	_	
2-55	334-337	biß	_	_	_	
2-56	338-340	er	_	_	_	
2-57	341-349	erkaltet	_	_	_	
2-58	350-353	und	_	_	_	
2-59	354-361	trucken	_	_	_	
2-60	362-368	worden	_	_	_	
2-61	368-369	.	_	_	_	

#Text=Der Roſenzucker iſt anders nichts
#Text=als Zucker, dem der Geruch und Eigen-
#Text=ſchaft des Roſenwaſſers mitgetheilet
#Text=
#Text=worden, dannenhero er mit gar gutem
#Text=Fug denenjenigen kan verordnet
#Text=wer-
#Text=den, welche die Molcken trincken.
3-1	373-376	Der	_	_	_	
3-2	377-388	Roſenzucker	_	_	_	
3-3	389-392	iſt	_	_	_	
3-4	393-399	anders	_	_	_	
3-5	400-406	nichts	_	_	_	
3-6	407-410	als	_	_	_	
3-7	411-417	Zucker	_	_	_	
3-8	417-418	,	_	_	_	
3-9	419-422	dem	_	_	_	
3-10	423-426	der	_	_	_	
3-11	427-433	Geruch	_	_	_	
3-12	434-437	und	_	_	_	
3-13	438-443	Eigen	_	_	_	
3-14	443-444	-	_	_	_	
3-15	445-451	ſchaft	_	_	_	
3-16	452-455	des	_	_	_	
3-17	456-468	Roſenwaſſers	_	_	_	
3-18	469-481	mitgetheilet	_	_	_	
3-19	483-489	worden	_	_	_	
3-20	489-490	,	_	_	_	
3-21	491-501	dannenhero	_	_	_	
3-22	502-504	er	_	_	_	
3-23	505-508	mit	_	_	_	
3-24	509-512	gar	_	_	_	
3-25	513-518	gutem	_	_	_	
3-26	519-522	Fug	_	_	_	
3-27	523-535	denenjenigen	_	_	_	
3-28	536-539	kan	_	_	_	
3-29	540-549	verordnet	_	_	_	
3-30	550-553	wer	_	_	_	
3-31	553-554	-	_	_	_	
3-32	555-558	den	_	_	_	
3-33	558-559	,	_	_	_	
3-34	560-566	welche	_	_	_	
3-35	567-570	die	_	_	_	
3-36	571-578	Molcken	_	_	_	
3-37	579-587	trincken	_	_	_	
3-38	587-588	.	_	_	_	

#Text=Man ſoll aber ſolche Roſenzucker-
#Text=taͤfflein nehmen, welche trucken,
#Text=und wohl zubereitet ſind, die nicht gar
#Text=zu geſchwinde brechen, auch wie Roſen
#Text=riechen und ſchmecken.
4-1	592-595	Man	_	_	_	
4-2	596-600	ſoll	_	_	_	
4-3	601-605	aber	_	_	_	
4-4	606-612	ſolche	_	_	_	
4-5	613-624	Roſenzucker	Smell\_Source[1]	*	4-28[0_1]	
4-6	624-625	-	Smell\_Source[1]	_	_	
4-7	626-635	taͤfflein	Smell\_Source[1]	_	_	
4-8	636-642	nehmen	_	_	_	
4-9	642-643	,	_	_	_	
4-10	644-650	welche	_	_	_	
4-11	651-658	trucken	_	_	_	
4-12	658-659	,	_	_	_	
4-13	660-663	und	_	_	_	
4-14	664-668	wohl	_	_	_	
4-15	669-679	zubereitet	_	_	_	
4-16	680-684	ſind	_	_	_	
4-17	684-685	,	_	_	_	
4-18	686-689	die	_	_	_	
4-19	690-695	nicht	_	_	_	
4-20	696-699	gar	_	_	_	
4-21	700-702	zu	_	_	_	
4-22	703-713	geſchwinde	_	_	_	
4-23	714-721	brechen	_	_	_	
4-24	721-722	,	_	_	_	
4-25	723-727	auch	_	_	_	
4-26	728-731	wie	Effect[2]	_	_	
4-27	732-737	Roſen	Effect[2]	_	_	
4-28	738-745	riechen	Smell\_Word	*	4-26[2_0]	
4-29	746-749	und	_	_	_	
4-30	750-759	ſchmecken	_	_	_	
4-31	759-760	.	_	_	_	

#Text=Die Roſen-
#Text=zuckerkoͤrner ſollen gleicher geſtalt
#Text=weiß und trucken ſeyn, darneben erſt
#Text=
#Text=beſagten Geruch und Geſchmack ha-
#Text=ben.
5-1	761-764	Die	_	_	_	
5-2	765-770	Roſen	Smell\_Source[3]	*	5-16[0_3]	
5-3	770-771	-	Smell\_Source[3]	_	_	
5-4	772-785	zuckerkoͤrner	Smell\_Source[3]	_	_	
5-5	786-792	ſollen	_	_	_	
5-6	793-801	gleicher	_	_	_	
5-7	802-809	geſtalt	_	_	_	
5-8	810-814	weiß	_	_	_	
5-9	815-818	und	_	_	_	
5-10	819-826	trucken	_	_	_	
5-11	827-831	ſeyn	_	_	_	
5-12	831-832	,	_	_	_	
5-13	833-841	darneben	_	_	_	
5-14	842-846	erſt	_	_	_	
5-15	848-856	beſagten	_	_	_	
5-16	857-863	Geruch	Smell\_Word	_	_	
5-17	864-867	und	_	_	_	
5-18	868-877	Geſchmack	_	_	_	
5-19	878-880	ha	_	_	_	
5-20	880-881	-	_	_	_	
5-21	882-885	ben	_	_	_	
5-22	885-886	.	_	_	_	

#Text=Das
#Text=
#Text=H 2\f
#Text=[0122
#Text=]
#Text=
#Text=
#Text=Der Spezereyen und Materialien
#Text=
#Text=
#Text=
#Text=Das acht und viertzigſte Capitel.
6-1	891-894	Das	_	_	_	
6-2	896-897	H	_	_	_	
6-3	898-899	2	_	_	_	
6-4	901-902	[	_	_	_	
6-5	902-906	0122	_	_	_	
6-6	907-908	]	_	_	_	
6-7	911-914	Der	_	_	_	
6-8	915-925	Spezereyen	_	_	_	
6-9	926-929	und	_	_	_	
6-10	930-941	Materialien	_	_	_	
6-11	945-948	Das	_	_	_	
6-12	949-953	acht	_	_	_	
6-13	954-957	und	_	_	_	
6-14	958-969	viertzigſte	_	_	_	
6-15	970-977	Capitel	_	_	_	
6-16	977-978	.	_	_	_	

#Text=Bruſtkuͤchlein aus Portugall.
7-1	980-994	Bruſtkuͤchlein	_	_	_	
7-2	995-998	aus	_	_	_	
7-3	999-1008	Portugall	_	_	_	
7-4	1008-1009	.	_	_	_	
