#FORMAT=WebAnno TSV 3.3


#Text=Hebr.
#Text=9.25.
1-1	0-4	Hebr	
1-2	4-5	.	
1-3	6-10	9.25	
1-4	10-11	.	

#Text=Maer D. in het tweede deel, namelick, het Heylige der heyligen, gelijck voren.
#Text=in den tweeden
#Text=[tabernakel gingh
#Text=] alleen de Hoogepriester Namelick, op den tienden
#Text=dagh der sevender maent Thisri, op den solemneelen dagh des vastens, ende der versoeninge van ’t gantsche volck.
2-1	12-16	Maer	
2-2	17-18	D	
2-3	18-19	.	
2-4	20-22	in	
2-5	23-26	het	
2-6	27-33	tweede	
2-7	34-38	deel	
2-8	38-39	,	
2-9	40-48	namelick	
2-10	48-49	,	
2-11	50-53	het	
2-12	54-61	Heylige	
2-13	62-65	der	
2-14	66-74	heyligen	
2-15	74-75	,	
2-16	76-83	gelijck	
2-17	84-89	voren	
2-18	89-90	.	
2-19	91-93	in	
2-20	94-97	den	
2-21	98-105	tweeden	
2-22	106-107	[	
2-23	107-117	tabernakel	
2-24	118-123	gingh	
2-25	124-125	]	
2-26	126-132	alleen	
2-27	133-135	de	
2-28	136-149	Hoogepriester	
2-29	150-158	Namelick	
2-30	158-159	,	
2-31	160-162	op	
2-32	163-166	den	
2-33	167-174	tienden	
2-34	175-179	dagh	
2-35	180-183	der	
2-36	184-192	sevender	
2-37	193-198	maent	
2-38	199-205	Thisri	
2-39	205-206	,	
2-40	207-209	op	
2-41	210-213	den	
2-42	214-225	solemneelen	
2-43	226-230	dagh	
2-44	231-234	des	
2-45	235-242	vastens	
2-46	242-243	,	
2-47	244-248	ende	
2-48	249-252	der	
2-49	253-264	versoeninge	
2-50	265-268	van	
2-51	269-270	’	
2-52	270-271	t	
2-53	272-280	gantsche	
2-54	281-286	volck	
2-55	286-287	.	

#Text=Siet
#Text=Levit.
#Text=16.29, etc. eenmael des jaers, Namelick, van de offerande der versoeninge, die buyten den tabernakel, op den grooten altaer in den voorhof, was geslachtet, ende geoffert:
#Text=waer van het bloet na de ontsteeckinge van het reuckwerck in het voorseyde wieroockvat, door den Priester in het Heylige der heylighen voor de Arke ende Genadenstoel gebracht wiert, ende wiert de Genadenstoel daer mede tot seven mael besprenght, na dat hy met het reuckwerck, als met een wolcke was overdeckt:
#Text=gelijck Levit.
#Text=cap.
#Text=16.
#Text=vers 11, etc. te sien is.
3-1	288-292	Siet	
3-2	293-298	Levit	
3-3	298-299	.	
3-4	300-305	16.29	
3-5	305-306	,	
3-6	307-310	etc	
3-7	310-311	.	
3-8	312-319	eenmael	
3-9	320-323	des	
3-10	324-329	jaers	
3-11	329-330	,	
3-12	331-339	Namelick	
3-13	339-340	,	
3-14	341-344	van	
3-15	345-347	de	
3-16	348-357	offerande	
3-17	358-361	der	
3-18	362-373	versoeninge	
3-19	373-374	,	
3-20	375-378	die	
3-21	379-385	buyten	
3-22	386-389	den	
3-23	390-400	tabernakel	
3-24	400-401	,	
3-25	402-404	op	
3-26	405-408	den	
3-27	409-416	grooten	
3-28	417-423	altaer	
3-29	424-426	in	
3-30	427-430	den	
3-31	431-438	voorhof	
3-32	438-439	,	
3-33	440-443	was	
3-34	444-454	geslachtet	
3-35	454-455	,	
3-36	456-460	ende	
3-37	461-469	geoffert	
3-38	469-470	:	
3-39	471-475	waer	
3-40	476-479	van	
3-41	480-483	het	
3-42	484-489	bloet	
3-43	490-492	na	
3-44	493-495	de	
3-45	496-509	ontsteeckinge	
3-46	510-513	van	
3-47	514-517	het	
3-48	518-528	reuckwerck	
3-49	529-531	in	
3-50	532-535	het	
3-51	536-545	voorseyde	
3-52	546-557	wieroockvat	
3-53	557-558	,	
3-54	559-563	door	
3-55	564-567	den	
3-56	568-576	Priester	
3-57	577-579	in	
3-58	580-583	het	
3-59	584-591	Heylige	
3-60	592-595	der	
3-61	596-605	heylighen	
3-62	606-610	voor	
3-63	611-613	de	
3-64	614-618	Arke	
3-65	619-623	ende	
3-66	624-636	Genadenstoel	
3-67	637-645	gebracht	
3-68	646-651	wiert	
3-69	651-652	,	
3-70	653-657	ende	
3-71	658-663	wiert	
3-72	664-666	de	
3-73	667-679	Genadenstoel	
3-74	680-684	daer	
3-75	685-689	mede	
3-76	690-693	tot	
3-77	694-699	seven	
3-78	700-704	mael	
3-79	705-715	besprenght	
3-80	715-716	,	
3-81	717-719	na	
3-82	720-723	dat	
3-83	724-726	hy	
3-84	727-730	met	
3-85	731-734	het	
3-86	735-745	reuckwerck	
3-87	745-746	,	
3-88	747-750	als	
3-89	751-754	met	
3-90	755-758	een	
3-91	759-765	wolcke	
3-92	766-769	was	
3-93	770-779	overdeckt	
3-94	779-780	:	
3-95	781-788	gelijck	
3-96	789-794	Levit	
3-97	794-795	.	
3-98	796-799	cap	
3-99	799-800	.	
3-100	801-803	16	
3-101	803-804	.	
3-102	805-809	vers	
3-103	810-812	11	
3-104	812-813	,	
3-105	814-817	etc	
3-106	817-818	.	
3-107	819-821	te	
3-108	822-826	sien	
3-109	827-829	is	
3-110	829-830	.	

#Text=Welcke
#Text=schaduwe ende voorbeelt de Apostel in ’t vervolgh van stuck tot stuck gaet verklaren.
#Text=niet sonder bloet, welck hy offerde voor hemselven ende [voor] des volcks Gr. onwetenheden, ofte, onbedachtsaemheden:
#Text=waer door verstaen worden niet alleen de sonden, die eygentlick uyt onwetenheyt gedaen worden, maer oock alle soorten van sonden, gelijck uyt de plaetse Levit.
#Text=16.16.
4-1	831-837	Welcke	
4-2	838-846	schaduwe	
4-3	847-851	ende	
4-4	852-861	voorbeelt	
4-5	862-864	de	
4-6	865-872	Apostel	
4-7	873-875	in	
4-8	876-877	’	
4-9	877-878	t	
4-10	879-887	vervolgh	
4-11	888-891	van	
4-12	892-897	stuck	
4-13	898-901	tot	
4-14	902-907	stuck	
4-15	908-912	gaet	
4-16	913-922	verklaren	
4-17	922-923	.	
4-18	924-928	niet	
4-19	929-935	sonder	
4-20	936-941	bloet	
4-21	941-942	,	
4-22	943-948	welck	
4-23	949-951	hy	
4-24	952-959	offerde	
4-25	960-964	voor	
4-26	965-974	hemselven	
4-27	975-979	ende	
4-28	980-981	[	
4-29	981-985	voor	
4-30	985-986	]	
4-31	987-990	des	
4-32	991-997	volcks	
4-33	998-1000	Gr	
4-34	1000-1001	.	
4-35	1002-1014	onwetenheden	
4-36	1014-1015	,	
4-37	1016-1020	ofte	
4-38	1020-1021	,	
4-39	1022-1040	onbedachtsaemheden	
4-40	1040-1041	:	
4-41	1042-1046	waer	
4-42	1047-1051	door	
4-43	1052-1060	verstaen	
4-44	1061-1067	worden	
4-45	1068-1072	niet	
4-46	1073-1079	alleen	
4-47	1080-1082	de	
4-48	1083-1089	sonden	
4-49	1089-1090	,	
4-50	1091-1094	die	
4-51	1095-1105	eygentlick	
4-52	1106-1109	uyt	
4-53	1110-1121	onwetenheyt	
4-54	1122-1128	gedaen	
4-55	1129-1135	worden	
4-56	1135-1136	,	
4-57	1137-1141	maer	
4-58	1142-1146	oock	
4-59	1147-1151	alle	
4-60	1152-1159	soorten	
4-61	1160-1163	van	
4-62	1164-1170	sonden	
4-63	1170-1171	,	
4-64	1172-1179	gelijck	
4-65	1180-1183	uyt	
4-66	1184-1186	de	
4-67	1187-1194	plaetse	
4-68	1195-1200	Levit	
4-69	1200-1201	.	
4-70	1202-1207	16.16	
4-71	1207-1208	.	
