#FORMAT=WebAnno TSV 3.3
#T_SP=custom.Span|label
#T_RL=custom.Relation|label|BT_custom.Span


#Text=Es iſt aber der Thee ein gruͤnes, duͤnnes
#Text=
#Text=Blaͤttlein/ das an dem einem Ende
#Text=ſpitzig zulaͤufft, am andern aber in et-
#Text=was rund iſt, und umher ausgekerbet:
#Text=
#Text=mitten durch das Blat laufft ein mittel-
#Text=maͤßiger Nerve, aus dem ein Hauffen
#Text=kleine Aederlein entſtehen.
1-1	3-5	Es	_	_	_	
1-2	6-9	iſt	_	_	_	
1-3	10-14	aber	_	_	_	
1-4	15-18	der	_	_	_	
1-5	19-23	Thee	_	_	_	
1-6	24-27	ein	_	_	_	
1-7	28-35	gruͤnes	_	_	_	
1-8	35-36	,	_	_	_	
1-9	37-44	duͤnnes	_	_	_	
1-10	46-56	Blaͤttlein	_	_	_	
1-11	56-57	/	_	_	_	
1-12	58-61	das	_	_	_	
1-13	62-64	an	_	_	_	
1-14	65-68	dem	_	_	_	
1-15	69-74	einem	_	_	_	
1-16	75-79	Ende	_	_	_	
1-17	80-87	ſpitzig	_	_	_	
1-18	88-97	zulaͤufft	_	_	_	
1-19	97-98	,	_	_	_	
1-20	99-101	am	_	_	_	
1-21	102-108	andern	_	_	_	
1-22	109-113	aber	_	_	_	
1-23	114-116	in	_	_	_	
1-24	117-119	et	_	_	_	
1-25	119-120	-	_	_	_	
1-26	121-124	was	_	_	_	
1-27	125-129	rund	_	_	_	
1-28	130-133	iſt	_	_	_	
1-29	133-134	,	_	_	_	
1-30	135-138	und	_	_	_	
1-31	139-144	umher	_	_	_	
1-32	145-156	ausgekerbet	_	_	_	
1-33	156-157	:	_	_	_	
1-34	159-165	mitten	_	_	_	
1-35	166-171	durch	_	_	_	
1-36	172-175	das	_	_	_	
1-37	176-180	Blat	_	_	_	
1-38	181-187	laufft	_	_	_	
1-39	188-191	ein	_	_	_	
1-40	192-198	mittel	_	_	_	
1-41	198-199	-	_	_	_	
1-42	200-208	maͤßiger	_	_	_	
1-43	209-214	Nerve	_	_	_	
1-44	214-215	,	_	_	_	
1-45	216-219	aus	_	_	_	
1-46	220-223	dem	_	_	_	
1-47	224-227	ein	_	_	_	
1-48	228-235	Hauffen	_	_	_	
1-49	236-242	kleine	_	_	_	
1-50	243-252	Aederlein	_	_	_	
1-51	253-262	entſtehen	_	_	_	
1-52	262-263	.	_	_	_	

#Text=Nach die-
#Text=ſen Blaͤttern kommen die Knoͤpfe, de-
#Text=ren ieder ſo dicke als die Spitze des Fin-
#Text=gers iſt, einer gantz ſonderlichen Geſtalt;
#Text=
#Text=darinne ſind zwey oder drey Fruͤchte, die
#Text=wie die Arecafruͤchte ſehen, zu befinden,
#Text=welche auswendig und inwendig maͤuſe-
#Text=fahl, und einen weiſſen Kern, der gar
#Text=leichtlich vermodert, in ſich enthalten.
2-1	264-268	Nach	_	_	_	
2-2	269-272	die	_	_	_	
2-3	272-273	-	_	_	_	
2-4	274-277	ſen	_	_	_	
2-5	278-287	Blaͤttern	_	_	_	
2-6	288-294	kommen	_	_	_	
2-7	295-298	die	_	_	_	
2-8	299-306	Knoͤpfe	_	_	_	
2-9	306-307	,	_	_	_	
2-10	308-310	de	_	_	_	
2-11	310-311	-	_	_	_	
2-12	312-315	ren	_	_	_	
2-13	316-321	ieder	_	_	_	
2-14	322-324	ſo	_	_	_	
2-15	325-330	dicke	_	_	_	
2-16	331-334	als	_	_	_	
2-17	335-338	die	_	_	_	
2-18	339-345	Spitze	_	_	_	
2-19	346-349	des	_	_	_	
2-20	350-353	Fin	_	_	_	
2-21	353-354	-	_	_	_	
2-22	355-359	gers	_	_	_	
2-23	360-363	iſt	_	_	_	
2-24	363-364	,	_	_	_	
2-25	365-370	einer	_	_	_	
2-26	371-376	gantz	_	_	_	
2-27	377-389	ſonderlichen	_	_	_	
2-28	390-397	Geſtalt	_	_	_	
2-29	397-398	;	_	_	_	
2-30	400-407	darinne	_	_	_	
2-31	408-412	ſind	_	_	_	
2-32	413-417	zwey	_	_	_	
2-33	418-422	oder	_	_	_	
2-34	423-427	drey	_	_	_	
2-35	428-436	Fruͤchte	_	_	_	
2-36	436-437	,	_	_	_	
2-37	438-441	die	_	_	_	
2-38	442-445	wie	_	_	_	
2-39	446-449	die	_	_	_	
2-40	450-463	Arecafruͤchte	_	_	_	
2-41	464-469	ſehen	_	_	_	
2-42	469-470	,	_	_	_	
2-43	471-473	zu	_	_	_	
2-44	474-482	befinden	_	_	_	
2-45	482-483	,	_	_	_	
2-46	484-490	welche	_	_	_	
2-47	491-500	auswendig	_	_	_	
2-48	501-504	und	_	_	_	
2-49	505-513	inwendig	_	_	_	
2-50	514-520	maͤuſe	_	_	_	
2-51	520-521	-	_	_	_	
2-52	522-526	fahl	_	_	_	
2-53	526-527	,	_	_	_	
2-54	528-531	und	_	_	_	
2-55	532-537	einen	_	_	_	
2-56	538-545	weiſſen	_	_	_	
2-57	546-550	Kern	_	_	_	
2-58	550-551	,	_	_	_	
2-59	552-555	der	_	_	_	
2-60	556-559	gar	_	_	_	
2-61	560-570	leichtlich	_	_	_	
2-62	571-580	vermodert	_	_	_	
2-63	580-581	,	_	_	_	
2-64	582-584	in	_	_	_	
2-65	585-589	ſich	_	_	_	
2-66	590-599	enthalten	_	_	_	
2-67	599-600	.	_	_	_	

#Text=Siehe Fig.
#Text=124.
3-1	603-608	Siehe	_	_	_	
3-2	609-612	Fig	_	_	_	
3-3	612-613	.	_	_	_	
3-4	614-617	124	_	_	_	
3-5	617-618	.	_	_	_	

#Text=Der Japaniſche Thee iſt von dem
#Text=Sineſiſchen nur darinne unterſchie-
#Text=den, daß er viel kleinere Blaͤtter hat,
#Text=auch weit angenehmer ſchmeckt und
#Text=riechet: weil er nun zugleich insgemein
#Text=lieblich gruͤne ſiehet, ſo erhoͤhet dieſer be-
#Text=ſondere Geruch, Geſchmack und Farbe
#Text=
#Text=ſeinen Werth dermaſſen daß ein Pfund
#Text=aufrichtiger Japaniſcher Thee, der ſo
#Text=kleine Blaͤtter, und erſterwaͤhnte Farbe
#Text=
#Text=nebſt einem angenehmen Heugeruche
#Text=
#Text=hat, und dabey auch wie Veilgen riecht,
#Text=unter 150. bis 200.
4-1	621-624	Der	_	_	_	
4-2	625-635	Japaniſche	_	_	_	
4-3	636-640	Thee	_	_	_	
4-4	641-644	iſt	_	_	_	
4-5	645-648	von	_	_	_	
4-6	649-652	dem	_	_	_	
4-7	653-664	Sineſiſchen	_	_	_	
4-8	665-668	nur	_	_	_	
4-9	669-676	darinne	_	_	_	
4-10	677-687	unterſchie	_	_	_	
4-11	687-688	-	_	_	_	
4-12	689-692	den	_	_	_	
4-13	692-693	,	_	_	_	
4-14	694-697	daß	_	_	_	
4-15	698-700	er	_	_	_	
4-16	701-705	viel	_	_	_	
4-17	706-714	kleinere	_	_	_	
4-18	715-723	Blaͤtter	Smell\_Source	_	_	
4-19	724-727	hat	_	_	_	
4-20	727-728	,	_	_	_	
4-21	729-733	auch	_	_	_	
4-22	734-738	weit	Quality	_	_	
4-23	739-749	angenehmer	Quality	*	4-22	
4-24	750-758	ſchmeckt	_	_	_	
4-25	759-762	und	_	_	_	
4-26	763-770	riechet	Smell\_Word	*|*	4-18|4-23	
4-27	770-771	:	_	_	_	
4-28	772-776	weil	_	_	_	
4-29	777-779	er	Smell\_Source	_	_	
4-30	780-783	nun	_	_	_	
4-31	784-792	zugleich	_	_	_	
4-32	793-802	insgemein	_	_	_	
4-33	803-811	lieblich	_	_	_	
4-34	812-818	gruͤne	_	_	_	
4-35	819-825	ſiehet	_	_	_	
4-36	825-826	,	_	_	_	
4-37	827-829	ſo	_	_	_	
4-38	830-838	erhoͤhet	_	_	_	
4-39	839-845	dieſer	_	_	_	
4-40	846-848	be	Quality[1]	_	_	
4-41	848-849	-	Quality[1]	_	_	
4-42	850-857	ſondere	Quality[1]	_	_	
4-43	858-864	Geruch	Smell\_Word	*|*	4-29|4-40[1_0]	
4-44	864-865	,	_	_	_	
4-45	866-875	Geſchmack	_	_	_	
4-46	876-879	und	_	_	_	
4-47	880-885	Farbe	_	_	_	
4-48	887-893	ſeinen	_	_	_	
4-49	894-899	Werth	_	_	_	
4-50	900-909	dermaſſen	_	_	_	
4-51	910-913	daß	_	_	_	
4-52	914-917	ein	_	_	_	
4-53	918-923	Pfund	_	_	_	
4-54	924-936	aufrichtiger	_	_	_	
4-55	937-948	Japaniſcher	Smell\_Source[2]	_	_	
4-56	949-953	Thee	Smell\_Source[2]	_	_	
4-57	953-954	,	_	_	_	
4-58	955-958	der	_	_	_	
4-59	959-961	ſo	_	_	_	
4-60	962-968	kleine	_	_	_	
4-61	969-977	Blaͤtter	_	_	_	
4-62	977-978	,	_	_	_	
4-63	979-982	und	_	_	_	
4-64	983-996	erſterwaͤhnte	_	_	_	
4-65	997-1002	Farbe	_	_	_	
4-66	1004-1009	nebſt	_	_	_	
4-67	1010-1015	einem	_	_	_	
4-68	1016-1026	angenehmen	Quality	_	_	
4-69	1027-1037	Heugeruche	Smell\_Word	*|*|*	4-55[2_0]|4-68|4-75[3_0]	
4-70	1039-1042	hat	_	_	_	
4-71	1042-1043	,	_	_	_	
4-72	1044-1047	und	_	_	_	
4-73	1048-1053	dabey	_	_	_	
4-74	1054-1058	auch	_	_	_	
4-75	1059-1062	wie	Effect[3]	_	_	
4-76	1063-1070	Veilgen	Effect[3]	_	_	
4-77	1071-1077	riecht	Effect[3]|Smell\_Word[4]	_	_	
4-78	1077-1078	,	_	_	_	
4-79	1079-1084	unter	_	_	_	
4-80	1085-1088	150	_	_	_	
4-81	1088-1089	.	_	_	_	
4-82	1090-1093	bis	_	_	_	
4-83	1094-1097	200	_	_	_	
4-84	1097-1098	.	_	_	_	

#Text=Francken
#Text=nicht kan
#Text=verſchaffet werden.
5-1	1099-1107	Francken	_	_	_	
5-2	1108-1113	nicht	_	_	_	
5-3	1114-1117	kan	_	_	_	
5-4	1118-1129	verſchaffet	_	_	_	
5-5	1130-1136	werden	_	_	_	
5-6	1136-1137	.	_	_	_	

#Text=Daß alſo gar ein
#Text=groſſer Unterſcheid zwiſchen dieſem und
#Text=
#Text=dem Chineſiſchen Thee, von welchem der
#Text=allerbeſte iederzeit zwey dritte Theile
#Text=
#Text=weniger gilt.
6-1	1138-1141	Daß	_	_	_	
6-2	1142-1146	alſo	_	_	_	
6-3	1147-1150	gar	_	_	_	
6-4	1151-1154	ein	_	_	_	
6-5	1155-1162	groſſer	_	_	_	
6-6	1163-1174	Unterſcheid	_	_	_	
6-7	1175-1183	zwiſchen	_	_	_	
6-8	1184-1190	dieſem	_	_	_	
6-9	1191-1194	und	_	_	_	
6-10	1196-1199	dem	_	_	_	
6-11	1200-1212	Chineſiſchen	_	_	_	
6-12	1213-1217	Thee	_	_	_	
6-13	1217-1218	,	_	_	_	
6-14	1219-1222	von	_	_	_	
6-15	1223-1230	welchem	_	_	_	
6-16	1231-1234	der	_	_	_	
6-17	1235-1245	allerbeſte	_	_	_	
6-18	1246-1255	iederzeit	_	_	_	
6-19	1256-1260	zwey	_	_	_	
6-20	1261-1267	dritte	_	_	_	
6-21	1268-1274	Theile	_	_	_	
6-22	1276-1283	weniger	_	_	_	
6-23	1284-1288	gilt	_	_	_	
6-24	1288-1289	.	_	_	_	

#Text=Der Thee, den uns die Hollaͤnder/
#Text=
#Text=Englaͤnder und andere zufuͤhren, das
#Text=ſind kleine zuſammen gerollte Blaͤttlein,
#Text=wie wir ſie verkauffen;
#Text=die Art aber und
#Text=Weiſe, den Thee zuzurichten, iſt dieſe:
#Text=
#Text=wenn die Chineſer und Japaner den
#Text=Thee geſammlet haben, laſſen ſie ihn
7-1	1293-1296	Der	_	_	_	
7-2	1297-1301	Thee	_	_	_	
7-3	1301-1302	,	_	_	_	
7-4	1303-1306	den	_	_	_	
7-5	1307-1310	uns	_	_	_	
7-6	1311-1314	die	_	_	_	
7-7	1315-1325	Hollaͤnder	_	_	_	
7-8	1325-1326	/	_	_	_	
7-9	1328-1338	Englaͤnder	_	_	_	
7-10	1339-1342	und	_	_	_	
7-11	1343-1349	andere	_	_	_	
7-12	1350-1359	zufuͤhren	_	_	_	
7-13	1359-1360	,	_	_	_	
7-14	1361-1364	das	_	_	_	
7-15	1365-1369	ſind	_	_	_	
7-16	1370-1376	kleine	_	_	_	
7-17	1377-1385	zuſammen	_	_	_	
7-18	1386-1394	gerollte	_	_	_	
7-19	1395-1405	Blaͤttlein	_	_	_	
7-20	1405-1406	,	_	_	_	
7-21	1407-1410	wie	_	_	_	
7-22	1411-1414	wir	_	_	_	
7-23	1415-1418	ſie	_	_	_	
7-24	1419-1429	verkauffen	_	_	_	
7-25	1429-1430	;	_	_	_	
7-26	1431-1434	die	_	_	_	
7-27	1435-1438	Art	_	_	_	
7-28	1439-1443	aber	_	_	_	
7-29	1444-1447	und	_	_	_	
7-30	1448-1453	Weiſe	_	_	_	
7-31	1453-1454	,	_	_	_	
7-32	1455-1458	den	_	_	_	
7-33	1459-1463	Thee	_	_	_	
7-34	1464-1475	zuzurichten	_	_	_	
7-35	1475-1476	,	_	_	_	
7-36	1477-1480	iſt	_	_	_	
7-37	1481-1486	dieſe	_	_	_	
7-38	1486-1487	:	_	_	_	
7-39	1489-1493	wenn	_	_	_	
7-40	1494-1497	die	_	_	_	
7-41	1498-1506	Chineſer	_	_	_	
7-42	1507-1510	und	_	_	_	
7-43	1511-1518	Japaner	_	_	_	
7-44	1519-1522	den	_	_	_	
7-45	1523-1527	Thee	_	_	_	
7-46	1528-1537	geſammlet	_	_	_	
7-47	1538-1543	haben	_	_	_	
7-48	1543-1544	,	_	_	_	
7-49	1545-1551	laſſen	_	_	_	
7-50	1552-1555	ſie	_	_	_	
7-51	1556-1559	ihn	_	_	_	
