#FORMAT=WebAnno TSV 3.3


#Text=bens , que aliquam faltem posibilitatem , sane rationi con,
#Text=
#Text=Spicuam, & cum phenomenis connexionem offentent, ut
#Text=
#Text=prudenter ac fideliter monet Cel: Joh.
1-1	2-6	bens	
1-2	7-8	,	
1-3	9-12	que	
1-4	13-20	aliquam	
1-5	21-27	faltem	
1-6	28-41	posibilitatem	
1-7	42-43	,	
1-8	44-48	sane	
1-9	49-56	rationi	
1-10	57-60	con	
1-11	60-61	,	
1-12	63-70	Spicuam	
1-13	70-71	,	
1-14	72-73	&	
1-15	74-77	cum	
1-16	78-88	phenomenis	
1-17	89-100	connexionem	
1-18	101-110	offentent	
1-19	110-111	,	
1-20	112-114	ut	
1-21	116-125	prudenter	
1-22	126-128	ac	
1-23	129-138	fideliter	
1-24	139-144	monet	
1-25	145-148	Cel	
1-26	148-149	:	
1-27	150-153	Joh	
1-28	153-154	.	

#Text=Christoph.
2-1	155-164	Christoph	
2-2	164-165	.	

#Text=Sturmius.
3-1	166-174	Sturmius	
3-2	174-175	.	

#Text=(i) In primis itaq requiritur , ut diligens
#Text=
#Text=Naturæ speculator, veritatis amore potiffimum fla
#Text=
#Text=grans; corporum naturalium phænomena & effe-
#Text=
#Text=aus, tam quos fponte , quam quos interveniente
#Text=
#Text=artificio edunt, curiose observet, antequam de eo-
#Text=
#Text=rundem operandi modis, & qualitatibus, sensus ex-
#Text=
#Text=ternos fugientibus, certi aliquid pronunciet.
4-1	176-177	(	
4-2	177-178	i	
4-3	178-179	)	
4-4	180-182	In	
4-5	183-189	primis	
4-6	190-194	itaq	
4-7	195-205	requiritur	
4-8	206-207	,	
4-9	208-210	ut	
4-10	211-219	diligens	
4-11	221-227	Naturæ	
4-12	228-238	speculator	
4-13	238-239	,	
4-14	240-249	veritatis	
4-15	250-255	amore	
4-16	256-266	potiffimum	
4-17	267-270	fla	
4-18	272-277	grans	
4-19	277-278	;	
4-20	279-287	corporum	
4-21	288-298	naturalium	
4-22	299-308	phænomena	
4-23	309-310	&	
4-24	311-315	effe	
4-25	315-316	-	
4-26	318-321	aus	
4-27	321-322	,	
4-28	323-326	tam	
4-29	327-331	quos	
4-30	332-338	fponte	
4-31	339-340	,	
4-32	341-345	quam	
4-33	346-350	quos	
4-34	351-364	interveniente	
4-35	366-375	artificio	
4-36	376-381	edunt	
4-37	381-382	,	
4-38	383-390	curiose	
4-39	391-399	observet	
4-40	399-400	,	
4-41	401-409	antequam	
4-42	410-412	de	
4-43	413-415	eo	
4-44	415-416	-	
4-45	418-424	rundem	
4-46	425-433	operandi	
4-47	434-439	modis	
4-48	439-440	,	
4-49	441-442	&	
4-50	443-455	qualitatibus	
4-51	455-456	,	
4-52	457-463	sensus	
4-53	464-466	ex	
4-54	466-467	-	
4-55	469-475	ternos	
4-56	476-487	fugientibus	
4-57	487-488	,	
4-58	489-494	certi	
4-59	495-502	aliquid	
4-60	503-513	pronunciet	
4-61	513-514	.	

#Text=Hanc
#Text=
#Text=etiam nos methodum, in præsentis argumenti eno,
#Text=
#Text=
#Text=
#Text=datio(i) in preliminar, ad pbyfic.
#Text=ele&tiv.
#Text=mus.
#Text=datione observaturi , objectorum odoriferorum phænomena â Viris Celeberrimis, ut Boyle, Sturmio, le Grand, du Hamel, Rohaolc aliis annotata , paucis enarrabimus, ut eo melius & certius horum corporum operandi modos explicare quea
#Text=
#Text=V. 2.
5-1	515-519	Hanc	
5-2	521-526	etiam	
5-3	527-530	nos	
5-4	531-539	methodum	
5-5	539-540	,	
5-6	541-543	in	
5-7	544-553	præsentis	
5-8	554-563	argumenti	
5-9	564-567	eno	
5-10	567-568	,	
5-11	572-577	datio	
5-12	577-578	(	
5-13	578-579	i	
5-14	579-580	)	
5-15	581-583	in	
5-16	584-594	preliminar	
5-17	594-595	,	
5-18	596-598	ad	
5-19	599-605	pbyfic	
5-20	605-606	.	
5-21	607-610	ele	
5-22	610-611	&	
5-23	611-614	tiv	
5-24	614-615	.	
5-25	616-619	mus	
5-26	619-620	.	
5-27	621-628	datione	
5-28	629-640	observaturi	
5-29	641-642	,	
5-30	643-653	objectorum	
5-31	654-666	odoriferorum	
5-32	667-676	phænomena	
5-33	677-678	â	
5-34	679-684	Viris	
5-35	685-697	Celeberrimis	
5-36	697-698	,	
5-37	699-701	ut	
5-38	702-707	Boyle	
5-39	707-708	,	
5-40	709-716	Sturmio	
5-41	716-717	,	
5-42	718-720	le	
5-43	721-726	Grand	
5-44	726-727	,	
5-45	728-730	du	
5-46	731-736	Hamel	
5-47	736-737	,	
5-48	738-745	Rohaolc	
5-49	746-751	aliis	
5-50	752-760	annotata	
5-51	761-762	,	
5-52	763-769	paucis	
5-53	770-781	enarrabimus	
5-54	781-782	,	
5-55	783-785	ut	
5-56	786-788	eo	
5-57	789-795	melius	
5-58	796-797	&	
5-59	798-805	certius	
5-60	806-811	horum	
5-61	812-820	corporum	
5-62	821-829	operandi	
5-63	830-835	modos	
5-64	836-845	explicare	
5-65	846-850	quea	
5-66	852-853	V	
5-67	853-854	.	
5-68	855-856	2	
5-69	856-857	.	

#Text=Præcipua autem corporum iftorum phænomena hæc funt: (1) Fluidorum & Succoforum corporum odores facilius percipiuntur, quam soli.
#Text=dorum & ficcorvm.
#Text=(2) Fluida inajori copia odores fuos reddunt, eoso per amplius fpatium diffundunt, si agitentur, quam li quiescere finantur.
#Text=(3) Calor moderatus efficit ut odores majori vehementia in nares impingant, quam ordinario.
#Text=(4) Odores ut plurimum sursum versus fortius, quam deorfum, & ad latera, vires suas exserunt.
#Text=(5) Solida haud raro odores suos prorsus celant, nisi fricencur, limentur, contundantur, aut alio modo diffolvantur ac agitentur.
#Text=(6) Contrario nobis vento, odores e regione oppofita spirantes, facilius & validius percipimus, quam vento nobis fecundo.
6-1	858-866	Præcipua	
6-2	867-872	autem	
6-3	873-881	corporum	
6-4	882-889	iftorum	
6-5	890-899	phænomena	
6-6	900-903	hæc	
6-7	904-908	funt	
6-8	908-909	:	
6-9	910-911	(	
6-10	911-912	1	
6-11	912-913	)	
6-12	914-923	Fluidorum	
6-13	924-925	&	
6-14	926-936	Succoforum	
6-15	937-945	corporum	
6-16	946-952	odores	
6-17	953-961	facilius	
6-18	962-974	percipiuntur	
6-19	974-975	,	
6-20	976-980	quam	
6-21	981-985	soli	
6-22	985-986	.	
6-23	987-992	dorum	
6-24	993-994	&	
6-25	995-1003	ficcorvm	
6-26	1003-1004	.	
6-27	1005-1006	(	
6-28	1006-1007	2	
6-29	1007-1008	)	
6-30	1009-1015	Fluida	
6-31	1016-1023	inajori	
6-32	1024-1029	copia	
6-33	1030-1036	odores	
6-34	1037-1041	fuos	
6-35	1042-1049	reddunt	
6-36	1049-1050	,	
6-37	1051-1055	eoso	
6-38	1056-1059	per	
6-39	1060-1067	amplius	
6-40	1068-1075	fpatium	
6-41	1076-1086	diffundunt	
6-42	1086-1087	,	
6-43	1088-1090	si	
6-44	1091-1100	agitentur	
6-45	1100-1101	,	
6-46	1102-1106	quam	
6-47	1107-1109	li	
6-48	1110-1119	quiescere	
6-49	1120-1128	finantur	
6-50	1128-1129	.	
6-51	1130-1131	(	
6-52	1131-1132	3	
6-53	1132-1133	)	
6-54	1134-1139	Calor	
6-55	1140-1149	moderatus	
6-56	1150-1157	efficit	
6-57	1158-1160	ut	
6-58	1161-1167	odores	
6-59	1168-1174	majori	
6-60	1175-1185	vehementia	
6-61	1186-1188	in	
6-62	1189-1194	nares	
6-63	1195-1204	impingant	
6-64	1204-1205	,	
6-65	1206-1210	quam	
6-66	1211-1220	ordinario	
6-67	1220-1221	.	
6-68	1222-1223	(	
6-69	1223-1224	4	
6-70	1224-1225	)	
6-71	1226-1232	Odores	
6-72	1233-1235	ut	
6-73	1236-1244	plurimum	
6-74	1245-1251	sursum	
6-75	1252-1258	versus	
6-76	1259-1266	fortius	
6-77	1266-1267	,	
6-78	1268-1272	quam	
6-79	1273-1280	deorfum	
6-80	1280-1281	,	
6-81	1282-1283	&	
6-82	1284-1286	ad	
6-83	1287-1293	latera	
6-84	1293-1294	,	
6-85	1295-1300	vires	
6-86	1301-1305	suas	
6-87	1306-1314	exserunt	
6-88	1314-1315	.	
6-89	1316-1317	(	
6-90	1317-1318	5	
6-91	1318-1319	)	
6-92	1320-1326	Solida	
6-93	1327-1331	haud	
6-94	1332-1336	raro	
6-95	1337-1343	odores	
6-96	1344-1348	suos	
6-97	1349-1356	prorsus	
6-98	1357-1363	celant	
6-99	1363-1364	,	
6-100	1365-1369	nisi	
6-101	1370-1379	fricencur	
6-102	1379-1380	,	
6-103	1381-1389	limentur	
6-104	1389-1390	,	
6-105	1391-1403	contundantur	
6-106	1403-1404	,	
6-107	1405-1408	aut	
6-108	1409-1413	alio	
6-109	1414-1418	modo	
6-110	1419-1431	diffolvantur	
6-111	1432-1434	ac	
6-112	1435-1444	agitentur	
6-113	1444-1445	.	
6-114	1446-1447	(	
6-115	1447-1448	6	
6-116	1448-1449	)	
6-117	1450-1459	Contrario	
6-118	1460-1465	nobis	
6-119	1466-1471	vento	
6-120	1471-1472	,	
6-121	1473-1479	odores	
6-122	1480-1481	e	
6-123	1482-1489	regione	
6-124	1490-1498	oppofita	
6-125	1499-1508	spirantes	
6-126	1508-1509	,	
6-127	1510-1518	facilius	
6-128	1519-1520	&	
6-129	1521-1529	validius	
6-130	1530-1540	percipimus	
6-131	1540-1541	,	
6-132	1542-1546	quam	
6-133	1547-1552	vento	
6-134	1553-1558	nobis	
6-135	1559-1566	fecundo	
6-136	1566-1567	.	

#Text=Sic Illuftris, fimus Kenelmus Digby, Angliæ quondam Comes, & Magnæ Britanniæ Cancellarius, (k) refert: se maritimas Hispaniæ oras præternavigando, ter vel quater observalle, nautas, duobus vel tribus ante diebus, quam in conspectum iftarum terrarum pro
#Text=
#Text=veheren(k) Sturm.
#Text=phyf.
#Text=ele&t.
#Text=c. 6. p. 33.7.
7-1	1568-1571	Sic	
7-2	1572-1581	Illuftris	
7-3	1581-1582	,	
7-4	1583-1588	fimus	
7-5	1589-1597	Kenelmus	
7-6	1598-1603	Digby	
7-7	1603-1604	,	
7-8	1605-1611	Angliæ	
7-9	1612-1619	quondam	
7-10	1620-1625	Comes	
7-11	1625-1626	,	
7-12	1627-1628	&	
7-13	1629-1634	Magnæ	
7-14	1635-1644	Britanniæ	
7-15	1645-1657	Cancellarius	
7-16	1657-1658	,	
7-17	1659-1660	(	
7-18	1660-1661	k	
7-19	1661-1662	)	
7-20	1663-1669	refert	
7-21	1669-1670	:	
7-22	1671-1673	se	
7-23	1674-1683	maritimas	
7-24	1684-1692	Hispaniæ	
7-25	1693-1697	oras	
7-26	1698-1713	præternavigando	
7-27	1713-1714	,	
7-28	1715-1718	ter	
7-29	1719-1722	vel	
7-30	1723-1729	quater	
7-31	1730-1740	observalle	
7-32	1740-1741	,	
7-33	1742-1748	nautas	
7-34	1748-1749	,	
7-35	1750-1756	duobus	
7-36	1757-1760	vel	
7-37	1761-1767	tribus	
7-38	1768-1772	ante	
7-39	1773-1779	diebus	
7-40	1779-1780	,	
7-41	1781-1785	quam	
7-42	1786-1788	in	
7-43	1789-1799	conspectum	
7-44	1800-1807	iftarum	
7-45	1808-1816	terrarum	
7-46	1817-1820	pro	
7-47	1822-1829	veheren	
7-48	1829-1830	(	
7-49	1830-1831	k	
7-50	1831-1832	)	
7-51	1833-1838	Sturm	
7-52	1838-1839	.	
7-53	1840-1844	phyf	
7-54	1844-1845	.	
7-55	1846-1849	ele	
7-56	1849-1850	&	
7-57	1850-1851	t	
7-58	1851-1852	.	
7-59	1853-1854	c	
7-60	1854-1855	.	
7-61	1856-1857	6	
7-62	1857-1858	.	
7-63	1859-1860	p	
7-64	1860-1861	.	
7-65	1862-1866	33.7	
7-66	1866-1867	.	

#Text=the (7) veherentur , ex fragrantissimo rorismarini odore, ad ungvem quasi tenuisse, quod triginta vel quadraginta adhuc milliaribus ab iftis regionibus remoci effent, addito se ipfum quoque hunc odorem æque valide percepisse, ac fi avulsum rorismarini ramum manibus tenuisset; hoc tamen fimul notat Illustrissimus Vir, quod vento tum temporis usus fit adverso.
#Text=(7) Plantæ in regionibus calidis natæ, fortioribus præditæ sunt odoribus, quam illæ, quæ sub asperiori cælo gignuntur.
8-1	1873-1876	the	
8-2	1877-1878	(	
8-3	1878-1879	7	
8-4	1879-1880	)	
8-5	1881-1891	veherentur	
8-6	1892-1893	,	
8-7	1894-1896	ex	
8-8	1897-1911	fragrantissimo	
8-9	1912-1923	rorismarini	
8-10	1924-1929	odore	
8-11	1929-1930	,	
8-12	1931-1933	ad	
8-13	1934-1940	ungvem	
8-14	1941-1946	quasi	
8-15	1947-1955	tenuisse	
8-16	1955-1956	,	
8-17	1957-1961	quod	
8-18	1962-1970	triginta	
8-19	1971-1974	vel	
8-20	1975-1986	quadraginta	
8-21	1987-1992	adhuc	
8-22	1993-2004	milliaribus	
8-23	2005-2007	ab	
8-24	2008-2013	iftis	
8-25	2014-2024	regionibus	
8-26	2025-2031	remoci	
8-27	2032-2038	effent	
8-28	2038-2039	,	
8-29	2040-2046	addito	
8-30	2047-2049	se	
8-31	2050-2055	ipfum	
8-32	2056-2062	quoque	
8-33	2063-2067	hunc	
8-34	2068-2074	odorem	
8-35	2075-2079	æque	
8-36	2080-2086	valide	
8-37	2087-2097	percepisse	
8-38	2097-2098	,	
8-39	2099-2101	ac	
8-40	2102-2104	fi	
8-41	2105-2112	avulsum	
8-42	2113-2124	rorismarini	
8-43	2125-2130	ramum	
8-44	2131-2138	manibus	
8-45	2139-2148	tenuisset	
8-46	2148-2149	;	
8-47	2150-2153	hoc	
8-48	2154-2159	tamen	
8-49	2160-2165	fimul	
8-50	2166-2171	notat	
8-51	2172-2186	Illustrissimus	
8-52	2187-2190	Vir	
8-53	2190-2191	,	
8-54	2192-2196	quod	
8-55	2197-2202	vento	
8-56	2203-2206	tum	
8-57	2207-2215	temporis	
8-58	2216-2220	usus	
8-59	2221-2224	fit	
8-60	2225-2232	adverso	
8-61	2232-2233	.	
8-62	2234-2235	(	
8-63	2235-2236	7	
8-64	2236-2237	)	
8-65	2238-2244	Plantæ	
8-66	2245-2247	in	
8-67	2248-2258	regionibus	
8-68	2259-2266	calidis	
8-69	2267-2271	natæ	
8-70	2271-2272	,	
8-71	2273-2284	fortioribus	
8-72	2285-2292	præditæ	
8-73	2293-2297	sunt	
8-74	2298-2306	odoribus	
8-75	2306-2307	,	
8-76	2308-2312	quam	
8-77	2313-2317	illæ	
8-78	2317-2318	,	
8-79	2319-2322	quæ	
8-80	2323-2326	sub	
8-81	2327-2336	asperiori	
8-82	2337-2341	cælo	
8-83	2342-2351	gignuntur	
8-84	2351-2352	.	
