{"_context" : {
    "_types" : {
      "DocumentMetaData" : {
        "_feature_types" : {"sofa" : "_ref" } }, 
      "Relation" : {
        "_feature_types" : {"sofa" : "_ref",  "Dependent" : "_ref",  "Governor" : "_ref" } }, 
      "Sentence" : {
        "_feature_types" : {"sofa" : "_ref" } }, 
      "Sofa" : {
        "_feature_types" : {"sofaArray" : "_ref" } }, 
      "Span" : {
        "_feature_types" : {"sofa" : "_ref" } }, 
      "TagsetDescription" : {
        "_feature_types" : {"sofa" : "_ref",  "tags" : "_ref" } }, 
      "Token" : {
        "_feature_types" : {"sofa" : "_ref",  "parent" : "_ref",  "lemma" : "_ref",  "stem" : "_ref",  "pos" : "_ref",  "morph" : "_ref",  "form" : "_ref" } }, 
      "DocumentAnnotation" : {
        "_feature_types" : {"sofa" : "_ref" }, 
        "_subtypes" : ["DocumentMetaData" ] }, 
      "Annotation" : {
        "_feature_types" : {"sofa" : "_ref" }, 
        "_subtypes" : ["DocumentAnnotation",  "Relation",  "Sentence",  "Span",  "TagsetDescription",  "Token" ] }, 
      "AnnotationBase" : {
        "_feature_types" : {"sofa" : "_ref" }, 
        "_subtypes" : ["Annotation" ] }, 
      "TOP" : {
        "_subtypes" : ["AnnotationBase",  "Sofa" ] } } }, 
  "_views" : {
    "_InitialView" : {
      "Relation" : [
        {"sofa" : 1,  "begin" : 903,  "end" : 908,  "Dependent" : 5842,  "Governor" : 5837 }, 
        {"sofa" : 1,  "begin" : 903,  "end" : 908,  "Dependent" : 5842,  "Governor" : 5832 }, 
        {"sofa" : 1,  "begin" : 903,  "end" : 908,  "Dependent" : 5842,  "Governor" : 5827 }, 
        {"sofa" : 1,  "begin" : 903,  "end" : 908,  "Dependent" : 5842,  "Governor" : 5822 }, 
        {"sofa" : 1,  "begin" : 903,  "end" : 908,  "Dependent" : 5842,  "Governor" : 5875 }, 
        {"sofa" : 1,  "begin" : 1270,  "end" : 1272,  "Dependent" : 5892,  "Governor" : 5897,  "label" : "Anaphoric" }, 
        {"sofa" : 1,  "begin" : 1303,  "end" : 1310,  "Dependent" : 5887,  "Governor" : 5892 }, 
        {"sofa" : 1,  "begin" : 1303,  "end" : 1310,  "Dependent" : 5887,  "Governor" : 5921 }, 
        {"sofa" : 1,  "begin" : 1334,  "end" : 1339,  "Dependent" : 5938,  "Governor" : 5943 }, 
        {"sofa" : 1,  "begin" : 1334,  "end" : 1339,  "Dependent" : 5938,  "Governor" : 5933 }, 
        {"sofa" : 1,  "begin" : 1334,  "end" : 1339,  "Dependent" : 5938,  "Governor" : 5892 }, 
        {"sofa" : 1,  "begin" : 1410,  "end" : 1412,  "Dependent" : 5974,  "Governor" : 5969,  "label" : "Anaphoric" }, 
        {"sofa" : 1,  "begin" : 1496,  "end" : 1501,  "Dependent" : 6001,  "Governor" : 5996 }, 
        {"sofa" : 1,  "begin" : 1496,  "end" : 1501,  "Dependent" : 6001,  "Governor" : 5974 }, 
        {"sofa" : 1,  "begin" : 1496,  "end" : 1501,  "Dependent" : 6001,  "Governor" : 6020 }, 
        {"sofa" : 1,  "begin" : 1923,  "end" : 1925,  "Dependent" : 6042,  "Governor" : 6037,  "label" : "Anaphoric" }, 
        {"sofa" : 1,  "begin" : 1934,  "end" : 1939,  "Dependent" : 6032,  "Governor" : 6054 }, 
        {"sofa" : 1,  "begin" : 1934,  "end" : 1939,  "Dependent" : 6032,  "Governor" : 6042 } ], 
      "Span" : [5875,  5822,  5827,  5832,  5837,  5842,  5897,  5892,  5921,  5887,  5933,  5938,  5943,  5969,  5974,  5996,  6001,  6020,  6037,  6042,  6032,  6054 ], 
      "DocumentMetaData" : [
        {"sofa" : 1,  "end" : 2052,  "language" : "x-unspecified",  "documentTitle" : "057E%20Charles%20Lillie%201822%20The%20British%20Perfumer__716_distribution_PER.txt",  "documentId" : "teresa",  "documentUri" : "file:/home/dhuser/alessio/inception/repository/project/29/document/8704/source/teresa",  "collectionId" : "file:/home/dhuser/alessio/inception/repository/project/29/document/8704/source/",  "documentBaseUri" : "file:/home/dhuser/alessio/inception/repository/project/29/document/8704/source/",  "isLastSegment" : false } ], 
      "TagsetDescription" : [
        {"sofa" : 1,  "layer" : "webanno.custom.Emotions",  "name" : "Emotion Labels",  "input" : false }, 
        {"sofa" : 1,  "layer" : "custom.Relation",  "name" : "Relation labels",  "input" : false }, 
        {"sofa" : 1,  "layer" : "custom.Span",  "name" : "Smell labels",  "input" : false } ], 
      "Sentence" : [
        {"sofa" : 1,  "end" : 13 }, 
        {"sofa" : 1,  "begin" : 17,  "end" : 154 }, 
        {"sofa" : 1,  "begin" : 156,  "end" : 357 }, 
        {"sofa" : 1,  "begin" : 358,  "end" : 692 }, 
        {"sofa" : 1,  "begin" : 693,  "end" : 909 }, 
        {"sofa" : 1,  "begin" : 912,  "end" : 1097 }, 
        {"sofa" : 1,  "begin" : 1098,  "end" : 1138 }, 
        {"sofa" : 1,  "begin" : 1141,  "end" : 1269 }, 
        {"sofa" : 1,  "begin" : 1270,  "end" : 1349 }, 
        {"sofa" : 1,  "begin" : 1352,  "end" : 1532 }, 
        {"sofa" : 1,  "begin" : 1533,  "end" : 1661 }, 
        {"sofa" : 1,  "begin" : 1664,  "end" : 1688 }, 
        {"sofa" : 1,  "begin" : 1691,  "end" : 1816 }, 
        {"sofa" : 1,  "begin" : 1818,  "end" : 2049 } ], 
      "Token" : [
        {"sofa" : 1,  "end" : 3 }, 
        {"sofa" : 1,  "begin" : 4,  "end" : 8 }, 
        {"sofa" : 1,  "begin" : 9,  "end" : 12 }, 
        {"sofa" : 1,  "begin" : 12,  "end" : 13 }, 
        {"sofa" : 1,  "begin" : 17,  "end" : 19 }, 
        {"sofa" : 1,  "begin" : 20,  "end" : 23 }, 
        {"sofa" : 1,  "begin" : 24,  "end" : 31 }, 
        {"sofa" : 1,  "begin" : 32,  "end" : 34 }, 
        {"sofa" : 1,  "begin" : 35,  "end" : 38 }, 
        {"sofa" : 1,  "begin" : 39,  "end" : 45 }, 
        {"sofa" : 1,  "begin" : 46,  "end" : 53 }, 
        {"sofa" : 1,  "begin" : 54,  "end" : 56 }, 
        {"sofa" : 1,  "begin" : 57,  "end" : 65 }, 
        {"sofa" : 1,  "begin" : 67,  "end" : 70 }, 
        {"sofa" : 1,  "begin" : 71,  "end" : 74 }, 
        {"sofa" : 1,  "begin" : 75,  "end" : 79 }, 
        {"sofa" : 1,  "begin" : 80,  "end" : 84 }, 
        {"sofa" : 1,  "begin" : 84,  "end" : 85 }, 
        {"sofa" : 1,  "begin" : 86,  "end" : 91 }, 
        {"sofa" : 1,  "begin" : 92,  "end" : 94 }, 
        {"sofa" : 1,  "begin" : 95,  "end" : 96 }, 
        {"sofa" : 1,  "begin" : 97,  "end" : 105 }, 
        {"sofa" : 1,  "begin" : 106,  "end" : 117 }, 
        {"sofa" : 1,  "begin" : 118,  "end" : 120 }, 
        {"sofa" : 1,  "begin" : 122,  "end" : 127 }, 
        {"sofa" : 1,  "begin" : 128,  "end" : 130 }, 
        {"sofa" : 1,  "begin" : 131,  "end" : 138 }, 
        {"sofa" : 1,  "begin" : 139,  "end" : 140 }, 
        {"sofa" : 1,  "begin" : 141,  "end" : 145 }, 
        {"sofa" : 1,  "begin" : 146,  "end" : 153 }, 
        {"sofa" : 1,  "begin" : 153,  "end" : 154 }, 
        {"sofa" : 1,  "begin" : 156,  "end" : 158 }, 
        {"sofa" : 1,  "begin" : 159,  "end" : 164 }, 
        {"sofa" : 1,  "begin" : 165,  "end" : 167 }, 
        {"sofa" : 1,  "begin" : 168,  "end" : 175 }, 
        {"sofa" : 1,  "begin" : 176,  "end" : 178 }, 
        {"sofa" : 1,  "begin" : 179,  "end" : 185 }, 
        {"sofa" : 1,  "begin" : 186,  "end" : 190 }, 
        {"sofa" : 1,  "begin" : 190,  "end" : 191 }, 
        {"sofa" : 1,  "begin" : 192,  "end" : 197 }, 
        {"sofa" : 1,  "begin" : 198,  "end" : 200 }, 
        {"sofa" : 1,  "begin" : 201,  "end" : 203 }, 
        {"sofa" : 1,  "begin" : 205,  "end" : 211 }, 
        {"sofa" : 1,  "begin" : 212,  "end" : 213 }, 
        {"sofa" : 1,  "begin" : 214,  "end" : 218 }, 
        {"sofa" : 1,  "begin" : 219,  "end" : 221 }, 
        {"sofa" : 1,  "begin" : 222,  "end" : 224 }, 
        {"sofa" : 1,  "begin" : 225,  "end" : 226 }, 
        {"sofa" : 1,  "begin" : 227,  "end" : 231 }, 
        {"sofa" : 1,  "begin" : 232,  "end" : 236 }, 
        {"sofa" : 1,  "begin" : 237,  "end" : 242 }, 
        {"sofa" : 1,  "begin" : 243,  "end" : 249 }, 
        {"sofa" : 1,  "begin" : 249,  "end" : 250 }, 
        {"sofa" : 1,  "begin" : 252,  "end" : 255 }, 
        {"sofa" : 1,  "begin" : 256,  "end" : 258 }, 
        {"sofa" : 1,  "begin" : 259,  "end" : 268 }, 
        {"sofa" : 1,  "begin" : 269,  "end" : 276 }, 
        {"sofa" : 1,  "begin" : 277,  "end" : 281 }, 
        {"sofa" : 1,  "begin" : 282,  "end" : 286 }, 
        {"sofa" : 1,  "begin" : 287,  "end" : 292 }, 
        {"sofa" : 1,  "begin" : 294,  "end" : 299 }, 
        {"sofa" : 1,  "begin" : 300,  "end" : 303 }, 
        {"sofa" : 1,  "begin" : 304,  "end" : 309 }, 
        {"sofa" : 1,  "begin" : 310,  "end" : 312 }, 
        {"sofa" : 1,  "begin" : 313,  "end" : 317 }, 
        {"sofa" : 1,  "begin" : 318,  "end" : 321 }, 
        {"sofa" : 1,  "begin" : 322,  "end" : 325 }, 
        {"sofa" : 1,  "begin" : 326,  "end" : 332 }, 
        {"sofa" : 1,  "begin" : 333,  "end" : 334 }, 
        {"sofa" : 1,  "begin" : 334,  "end" : 342 }, 
        {"sofa" : 1,  "begin" : 342,  "end" : 343 }, 
        {"sofa" : 1,  "begin" : 344,  "end" : 346 }, 
        {"sofa" : 1,  "begin" : 347,  "end" : 351 }, 
        {"sofa" : 1,  "begin" : 352,  "end" : 356 }, 
        {"sofa" : 1,  "begin" : 356,  "end" : 357 }, 
        {"sofa" : 1,  "begin" : 358,  "end" : 362 }, 
        {"sofa" : 1,  "begin" : 363,  "end" : 367 }, 
        {"sofa" : 1,  "begin" : 368,  "end" : 370 }, 
        {"sofa" : 1,  "begin" : 371,  "end" : 381 }, 
        {"sofa" : 1,  "begin" : 382,  "end" : 386 }, 
        {"sofa" : 1,  "begin" : 387,  "end" : 389 }, 
        {"sofa" : 1,  "begin" : 390,  "end" : 393 }, 
        {"sofa" : 1,  "begin" : 394,  "end" : 403 }, 
        {"sofa" : 1,  "begin" : 404,  "end" : 406 }, 
        {"sofa" : 1,  "begin" : 407,  "end" : 416 }, 
        {"sofa" : 1,  "begin" : 417,  "end" : 424 }, 
        {"sofa" : 1,  "begin" : 424,  "end" : 425 }, 
        {"sofa" : 1,  "begin" : 426,  "end" : 428 }, 
        {"sofa" : 1,  "begin" : 429,  "end" : 431 }, 
        {"sofa" : 1,  "begin" : 432,  "end" : 435 }, 
        {"sofa" : 1,  "begin" : 436,  "end" : 437 }, 
        {"sofa" : 1,  "begin" : 438,  "end" : 443 }, 
        {"sofa" : 1,  "begin" : 444,  "end" : 446 }, 
        {"sofa" : 1,  "begin" : 447,  "end" : 450 }, 
        {"sofa" : 1,  "begin" : 451,  "end" : 453 }, 
        {"sofa" : 1,  "begin" : 454,  "end" : 459 }, 
        {"sofa" : 1,  "begin" : 460,  "end" : 469 }, 
        {"sofa" : 1,  "begin" : 470,  "end" : 473 }, 
        {"sofa" : 1,  "begin" : 474,  "end" : 479 }, 
        {"sofa" : 1,  "begin" : 480,  "end" : 481 }, 
        {"sofa" : 1,  "begin" : 482,  "end" : 489 }, 
        {"sofa" : 1,  "begin" : 489,  "end" : 490 }, 
        {"sofa" : 1,  "begin" : 491,  "end" : 494 }, 
        {"sofa" : 1,  "begin" : 495,  "end" : 500 }, 
        {"sofa" : 1,  "begin" : 501,  "end" : 503 }, 
        {"sofa" : 1,  "begin" : 504,  "end" : 508 }, 
        {"sofa" : 1,  "begin" : 509,  "end" : 514 }, 
        {"sofa" : 1,  "begin" : 515,  "end" : 519 }, 
        {"sofa" : 1,  "begin" : 519,  "end" : 520 }, 
        {"sofa" : 1,  "begin" : 521,  "end" : 523 }, 
        {"sofa" : 1,  "begin" : 524,  "end" : 531 }, 
        {"sofa" : 1,  "begin" : 532,  "end" : 541 }, 
        {"sofa" : 1,  "begin" : 541,  "end" : 542 }, 
        {"sofa" : 1,  "begin" : 543,  "end" : 545 }, 
        {"sofa" : 1,  "begin" : 546,  "end" : 548 }, 
        {"sofa" : 1,  "begin" : 549,  "end" : 552 }, 
        {"sofa" : 1,  "begin" : 553,  "end" : 556 }, 
        {"sofa" : 1,  "begin" : 557,  "end" : 565 }, 
        {"sofa" : 1,  "begin" : 565,  "end" : 566 }, 
        {"sofa" : 1,  "begin" : 567,  "end" : 570 }, 
        {"sofa" : 1,  "begin" : 571,  "end" : 575 }, 
        {"sofa" : 1,  "begin" : 576,  "end" : 584 }, 
        {"sofa" : 1,  "begin" : 585,  "end" : 587 }, 
        {"sofa" : 1,  "begin" : 588,  "end" : 591 }, 
        {"sofa" : 1,  "begin" : 592,  "end" : 596 }, 
        {"sofa" : 1,  "begin" : 597,  "end" : 601 }, 
        {"sofa" : 1,  "begin" : 602,  "end" : 604 }, 
        {"sofa" : 1,  "begin" : 605,  "end" : 607 }, 
        {"sofa" : 1,  "begin" : 608,  "end" : 612 }, 
        {"sofa" : 1,  "begin" : 613,  "end" : 615 }, 
        {"sofa" : 1,  "begin" : 616,  "end" : 619 }, 
        {"sofa" : 1,  "begin" : 620,  "end" : 622 }, 
        {"sofa" : 1,  "begin" : 623,  "end" : 631 }, 
        {"sofa" : 1,  "begin" : 632,  "end" : 634 }, 
        {"sofa" : 1,  "begin" : 635,  "end" : 640 }, 
        {"sofa" : 1,  "begin" : 641,  "end" : 645 }, 
        {"sofa" : 1,  "begin" : 646,  "end" : 649 }, 
        {"sofa" : 1,  "begin" : 650,  "end" : 661 }, 
        {"sofa" : 1,  "begin" : 662,  "end" : 664 }, 
        {"sofa" : 1,  "begin" : 665,  "end" : 666 }, 
        {"sofa" : 1,  "begin" : 667,  "end" : 672 }, 
        {"sofa" : 1,  "begin" : 673,  "end" : 678 }, 
        {"sofa" : 1,  "begin" : 679,  "end" : 681 }, 
        {"sofa" : 1,  "begin" : 682,  "end" : 685 }, 
        {"sofa" : 1,  "begin" : 686,  "end" : 691 }, 
        {"sofa" : 1,  "begin" : 691,  "end" : 692 }, 
        {"sofa" : 1,  "begin" : 693,  "end" : 696 }, 
        {"sofa" : 1,  "begin" : 697,  "end" : 701 }, 
        {"sofa" : 1,  "begin" : 702,  "end" : 707 }, 
        {"sofa" : 1,  "begin" : 708,  "end" : 712 }, 
        {"sofa" : 1,  "begin" : 713,  "end" : 715 }, 
        {"sofa" : 1,  "begin" : 716,  "end" : 718 }, 
        {"sofa" : 1,  "begin" : 719,  "end" : 722 }, 
        {"sofa" : 1,  "begin" : 723,  "end" : 729 }, 
        {"sofa" : 1,  "begin" : 730,  "end" : 732 }, 
        {"sofa" : 1,  "begin" : 733,  "end" : 735 }, 
        {"sofa" : 1,  "begin" : 736,  "end" : 739 }, 
        {"sofa" : 1,  "begin" : 740,  "end" : 745 }, 
        {"sofa" : 1,  "begin" : 746,  "end" : 752 }, 
        {"sofa" : 1,  "begin" : 753,  "end" : 754 }, 
        {"sofa" : 1,  "begin" : 755,  "end" : 757 }, 
        {"sofa" : 1,  "begin" : 758,  "end" : 760 }, 
        {"sofa" : 1,  "begin" : 761,  "end" : 770 }, 
        {"sofa" : 1,  "begin" : 771,  "end" : 777 }, 
        {"sofa" : 1,  "begin" : 778,  "end" : 780 }, 
        {"sofa" : 1,  "begin" : 780,  "end" : 781 }, 
        {"sofa" : 1,  "begin" : 782,  "end" : 784 }, 
        {"sofa" : 1,  "begin" : 785,  "end" : 794 }, 
        {"sofa" : 1,  "begin" : 795,  "end" : 797 }, 
        {"sofa" : 1,  "begin" : 798,  "end" : 801 }, 
        {"sofa" : 1,  "begin" : 802,  "end" : 805 }, 
        {"sofa" : 1,  "begin" : 805,  "end" : 806 }, 
        {"sofa" : 1,  "begin" : 807,  "end" : 809 }, 
        {"sofa" : 1,  "begin" : 810,  "end" : 813 }, 
        {"sofa" : 1,  "begin" : 814,  "end" : 818 }, 
        {"sofa" : 1,  "begin" : 819,  "end" : 821 }, 
        {"sofa" : 1,  "begin" : 822,  "end" : 828 }, 
        {"sofa" : 1,  "begin" : 829,  "end" : 834 }, 
        {"sofa" : 1,  "begin" : 835,  "end" : 840 }, 
        {"sofa" : 1,  "begin" : 840,  "end" : 841 }, 
        {"sofa" : 1,  "begin" : 842,  "end" : 845 }, 
        {"sofa" : 1,  "begin" : 846,  "end" : 849 }, 
        {"sofa" : 1,  "begin" : 850,  "end" : 851 }, 
        {"sofa" : 1,  "begin" : 852,  "end" : 856 }, 
        {"sofa" : 1,  "begin" : 857,  "end" : 863 }, 
        {"sofa" : 1,  "begin" : 863,  "end" : 864 }, 
        {"sofa" : 1,  "begin" : 865,  "end" : 869 }, 
        {"sofa" : 1,  "begin" : 869,  "end" : 870 }, 
        {"sofa" : 1,  "begin" : 871,  "end" : 874 }, 
        {"sofa" : 1,  "begin" : 875,  "end" : 884 }, 
        {"sofa" : 1,  "begin" : 884,  "end" : 885 }, 
        {"sofa" : 1,  "begin" : 886,  "end" : 892 }, 
        {"sofa" : 1,  "begin" : 893,  "end" : 901 }, 
        {"sofa" : 1,  "begin" : 901,  "end" : 902 }, 
        {"sofa" : 1,  "begin" : 903,  "end" : 908 }, 
        {"sofa" : 1,  "begin" : 908,  "end" : 909 }, 
        {"sofa" : 1,  "begin" : 912,  "end" : 915 }, 
        {"sofa" : 1,  "begin" : 916,  "end" : 920 }, 
        {"sofa" : 1,  "begin" : 921,  "end" : 929 }, 
        {"sofa" : 1,  "begin" : 930,  "end" : 934 }, 
        {"sofa" : 1,  "begin" : 935,  "end" : 940 }, 
        {"sofa" : 1,  "begin" : 941,  "end" : 942 }, 
        {"sofa" : 1,  "begin" : 942,  "end" : 947 }, 
        {"sofa" : 1,  "begin" : 947,  "end" : 948 }, 
        {"sofa" : 1,  "begin" : 949,  "end" : 951 }, 
        {"sofa" : 1,  "begin" : 952,  "end" : 961 }, 
        {"sofa" : 1,  "begin" : 962,  "end" : 964 }, 
        {"sofa" : 1,  "begin" : 965,  "end" : 968 }, 
        {"sofa" : 1,  "begin" : 969,  "end" : 974 }, 
        {"sofa" : 1,  "begin" : 975,  "end" : 985 }, 
        {"sofa" : 1,  "begin" : 985,  "end" : 986 }, 
        {"sofa" : 1,  "begin" : 987,  "end" : 989 }, 
        {"sofa" : 1,  "begin" : 990,  "end" : 992 }, 
        {"sofa" : 1,  "begin" : 993,  "end" : 996 }, 
        {"sofa" : 1,  "begin" : 997,  "end" : 1000 }, 
        {"sofa" : 1,  "begin" : 1001,  "end" : 1005 }, 
        {"sofa" : 1,  "begin" : 1005,  "end" : 1006 }, 
        {"sofa" : 1,  "begin" : 1007,  "end" : 1009 }, 
        {"sofa" : 1,  "begin" : 1010,  "end" : 1019 }, 
        {"sofa" : 1,  "begin" : 1020,  "end" : 1022 }, 
        {"sofa" : 1,  "begin" : 1023,  "end" : 1030 }, 
        {"sofa" : 1,  "begin" : 1030,  "end" : 1031 }, 
        {"sofa" : 1,  "begin" : 1032,  "end" : 1034 }, 
        {"sofa" : 1,  "begin" : 1035,  "end" : 1043 }, 
        {"sofa" : 1,  "begin" : 1043,  "end" : 1044 }, 
        {"sofa" : 1,  "begin" : 1045,  "end" : 1047 }, 
        {"sofa" : 1,  "begin" : 1048,  "end" : 1058 }, 
        {"sofa" : 1,  "begin" : 1059,  "end" : 1061 }, 
        {"sofa" : 1,  "begin" : 1062,  "end" : 1066 }, 
        {"sofa" : 1,  "begin" : 1067,  "end" : 1069 }, 
        {"sofa" : 1,  "begin" : 1070,  "end" : 1072 }, 
        {"sofa" : 1,  "begin" : 1073,  "end" : 1075 }, 
        {"sofa" : 1,  "begin" : 1076,  "end" : 1079 }, 
        {"sofa" : 1,  "begin" : 1080,  "end" : 1083 }, 
        {"sofa" : 1,  "begin" : 1084,  "end" : 1090 }, 
        {"sofa" : 1,  "begin" : 1090,  "end" : 1091 }, 
        {"sofa" : 1,  "begin" : 1092,  "end" : 1096 }, 
        {"sofa" : 1,  "begin" : 1096,  "end" : 1097 }, 
        {"sofa" : 1,  "begin" : 1098,  "end" : 1102 }, 
        {"sofa" : 1,  "begin" : 1102,  "end" : 1103 }, 
        {"sofa" : 1,  "begin" : 1104,  "end" : 1112 }, 
        {"sofa" : 1,  "begin" : 1112,  "end" : 1113 }, 
        {"sofa" : 1,  "begin" : 1114,  "end" : 1116 }, 
        {"sofa" : 1,  "begin" : 1117,  "end" : 1125 }, 
        {"sofa" : 1,  "begin" : 1126,  "end" : 1130 }, 
        {"sofa" : 1,  "begin" : 1131,  "end" : 1137 }, 
        {"sofa" : 1,  "begin" : 1137,  "end" : 1138 }, 
        {"sofa" : 1,  "begin" : 1141,  "end" : 1144 }, 
        {"sofa" : 1,  "begin" : 1145,  "end" : 1149 }, 
        {"sofa" : 1,  "begin" : 1150,  "end" : 1157 }, 
        {"sofa" : 1,  "begin" : 1158,  "end" : 1162 }, 
        {"sofa" : 1,  "begin" : 1162,  "end" : 1163 }, 
        {"sofa" : 1,  "begin" : 1164,  "end" : 1166 }, 
        {"sofa" : 1,  "begin" : 1167,  "end" : 1170 }, 
        {"sofa" : 1,  "begin" : 1170,  "end" : 1171 }, 
        {"sofa" : 1,  "begin" : 1172,  "end" : 1181 }, 
        {"sofa" : 1,  "begin" : 1182,  "end" : 1187 }, 
        {"sofa" : 1,  "begin" : 1187,  "end" : 1188 }, 
        {"sofa" : 1,  "begin" : 1189,  "end" : 1191 }, 
        {"sofa" : 1,  "begin" : 1192,  "end" : 1196 }, 
        {"sofa" : 1,  "begin" : 1197,  "end" : 1202 }, 
        {"sofa" : 1,  "begin" : 1202,  "end" : 1203 }, 
        {"sofa" : 1,  "begin" : 1204,  "end" : 1207 }, 
        {"sofa" : 1,  "begin" : 1208,  "end" : 1211 }, 
        {"sofa" : 1,  "begin" : 1212,  "end" : 1216 }, 
        {"sofa" : 1,  "begin" : 1219,  "end" : 1221 }, 
        {"sofa" : 1,  "begin" : 1222,  "end" : 1225 }, 
        {"sofa" : 1,  "begin" : 1226,  "end" : 1231 }, 
        {"sofa" : 1,  "begin" : 1232,  "end" : 1237 }, 
        {"sofa" : 1,  "begin" : 1238,  "end" : 1240 }, 
        {"sofa" : 1,  "begin" : 1241,  "end" : 1246 }, 
        {"sofa" : 1,  "begin" : 1246,  "end" : 1247 }, 
        {"sofa" : 1,  "begin" : 1248,  "end" : 1252 }, 
        {"sofa" : 1,  "begin" : 1253,  "end" : 1257 }, 
        {"sofa" : 1,  "begin" : 1258,  "end" : 1262 }, 
        {"sofa" : 1,  "begin" : 1263,  "end" : 1268 }, 
        {"sofa" : 1,  "begin" : 1268,  "end" : 1269 }, 
        {"sofa" : 1,  "begin" : 1270,  "end" : 1272 }, 
        {"sofa" : 1,  "begin" : 1273,  "end" : 1276 }, 
        {"sofa" : 1,  "begin" : 1277,  "end" : 1281 }, 
        {"sofa" : 1,  "begin" : 1281,  "end" : 1282 }, 
        {"sofa" : 1,  "begin" : 1283,  "end" : 1287 }, 
        {"sofa" : 1,  "begin" : 1288,  "end" : 1291 }, 
        {"sofa" : 1,  "begin" : 1292,  "end" : 1295 }, 
        {"sofa" : 1,  "begin" : 1296,  "end" : 1302 }, 
        {"sofa" : 1,  "begin" : 1303,  "end" : 1310 }, 
        {"sofa" : 1,  "begin" : 1310,  "end" : 1311 }, 
        {"sofa" : 1,  "begin" : 1312,  "end" : 1313 }, 
        {"sofa" : 1,  "begin" : 1314,  "end" : 1318 }, 
        {"sofa" : 1,  "begin" : 1319,  "end" : 1333 }, 
        {"sofa" : 1,  "begin" : 1334,  "end" : 1339 }, 
        {"sofa" : 1,  "begin" : 1340,  "end" : 1342 }, 
        {"sofa" : 1,  "begin" : 1343,  "end" : 1348 }, 
        {"sofa" : 1,  "begin" : 1348,  "end" : 1349 }, 
        {"sofa" : 1,  "begin" : 1352,  "end" : 1354 }, 
        {"sofa" : 1,  "begin" : 1355,  "end" : 1358 }, 
        {"sofa" : 1,  "begin" : 1359,  "end" : 1362 }, 
        {"sofa" : 1,  "begin" : 1363,  "end" : 1368 }, 
        {"sofa" : 1,  "begin" : 1369,  "end" : 1376 }, 
        {"sofa" : 1,  "begin" : 1376,  "end" : 1377 }, 
        {"sofa" : 1,  "begin" : 1378,  "end" : 1380 }, 
        {"sofa" : 1,  "begin" : 1381,  "end" : 1387 }, 
        {"sofa" : 1,  "begin" : 1388,  "end" : 1393 }, 
        {"sofa" : 1,  "begin" : 1394,  "end" : 1398 }, 
        {"sofa" : 1,  "begin" : 1398,  "end" : 1399 }, 
        {"sofa" : 1,  "begin" : 1400,  "end" : 1402 }, 
        {"sofa" : 1,  "begin" : 1403,  "end" : 1407 }, 
        {"sofa" : 1,  "begin" : 1408,  "end" : 1409 }, 
        {"sofa" : 1,  "begin" : 1410,  "end" : 1412 }, 
        {"sofa" : 1,  "begin" : 1413,  "end" : 1415 }, 
        {"sofa" : 1,  "begin" : 1416,  "end" : 1425 }, 
        {"sofa" : 1,  "begin" : 1426,  "end" : 1430 }, 
        {"sofa" : 1,  "begin" : 1431,  "end" : 1436 }, 
        {"sofa" : 1,  "begin" : 1437,  "end" : 1440 }, 
        {"sofa" : 1,  "begin" : 1441,  "end" : 1448 }, 
        {"sofa" : 1,  "begin" : 1449,  "end" : 1450 }, 
        {"sofa" : 1,  "begin" : 1451,  "end" : 1455 }, 
        {"sofa" : 1,  "begin" : 1456,  "end" : 1468 }, 
        {"sofa" : 1,  "begin" : 1469,  "end" : 1472 }, 
        {"sofa" : 1,  "begin" : 1473,  "end" : 1484 }, 
        {"sofa" : 1,  "begin" : 1485,  "end" : 1495 }, 
        {"sofa" : 1,  "begin" : 1496,  "end" : 1501 }, 
        {"sofa" : 1,  "begin" : 1501,  "end" : 1502 }, 
        {"sofa" : 1,  "begin" : 1503,  "end" : 1511 }, 
        {"sofa" : 1,  "begin" : 1512,  "end" : 1515 }, 
        {"sofa" : 1,  "begin" : 1516,  "end" : 1520 }, 
        {"sofa" : 1,  "begin" : 1521,  "end" : 1524 }, 
        {"sofa" : 1,  "begin" : 1525,  "end" : 1531 }, 
        {"sofa" : 1,  "begin" : 1531,  "end" : 1532 }, 
        {"sofa" : 1,  "begin" : 1533,  "end" : 1537 }, 
        {"sofa" : 1,  "begin" : 1538,  "end" : 1542 }, 
        {"sofa" : 1,  "begin" : 1543,  "end" : 1545 }, 
        {"sofa" : 1,  "begin" : 1546,  "end" : 1548 }, 
        {"sofa" : 1,  "begin" : 1549,  "end" : 1551 }, 
        {"sofa" : 1,  "begin" : 1552,  "end" : 1558 }, 
        {"sofa" : 1,  "begin" : 1559,  "end" : 1564 }, 
        {"sofa" : 1,  "begin" : 1564,  "end" : 1565 }, 
        {"sofa" : 1,  "begin" : 1566,  "end" : 1570 }, 
        {"sofa" : 1,  "begin" : 1571,  "end" : 1574 }, 
        {"sofa" : 1,  "begin" : 1575,  "end" : 1580 }, 
        {"sofa" : 1,  "begin" : 1581,  "end" : 1585 }, 
        {"sofa" : 1,  "begin" : 1586,  "end" : 1592 }, 
        {"sofa" : 1,  "begin" : 1593,  "end" : 1595 }, 
        {"sofa" : 1,  "begin" : 1596,  "end" : 1600 }, 
        {"sofa" : 1,  "begin" : 1601,  "end" : 1606 }, 
        {"sofa" : 1,  "begin" : 1607,  "end" : 1609 }, 
        {"sofa" : 1,  "begin" : 1609,  "end" : 1610 }, 
        {"sofa" : 1,  "begin" : 1611,  "end" : 1618 }, 
        {"sofa" : 1,  "begin" : 1618,  "end" : 1619 }, 
        {"sofa" : 1,  "begin" : 1620,  "end" : 1624 }, 
        {"sofa" : 1,  "begin" : 1625,  "end" : 1629 }, 
        {"sofa" : 1,  "begin" : 1630,  "end" : 1632 }, 
        {"sofa" : 1,  "begin" : 1633,  "end" : 1639 }, 
        {"sofa" : 1,  "begin" : 1640,  "end" : 1645 }, 
        {"sofa" : 1,  "begin" : 1646,  "end" : 1648 }, 
        {"sofa" : 1,  "begin" : 1649,  "end" : 1653 }, 
        {"sofa" : 1,  "begin" : 1654,  "end" : 1656 }, 
        {"sofa" : 1,  "begin" : 1657,  "end" : 1660 }, 
        {"sofa" : 1,  "begin" : 1660,  "end" : 1661 }, 
        {"sofa" : 1,  "begin" : 1664,  "end" : 1667 }, 
        {"sofa" : 1,  "begin" : 1668,  "end" : 1672 }, 
        {"sofa" : 1,  "begin" : 1673,  "end" : 1677 }, 
        {"sofa" : 1,  "begin" : 1678,  "end" : 1679 }, 
        {"sofa" : 1,  "begin" : 1680,  "end" : 1682 }, 
        {"sofa" : 1,  "begin" : 1683,  "end" : 1687 }, 
        {"sofa" : 1,  "begin" : 1687,  "end" : 1688 }, 
        {"sofa" : 1,  "begin" : 1691,  "end" : 1695 }, 
        {"sofa" : 1,  "begin" : 1696,  "end" : 1699 }, 
        {"sofa" : 1,  "begin" : 1700,  "end" : 1704 }, 
        {"sofa" : 1,  "begin" : 1705,  "end" : 1707 }, 
        {"sofa" : 1,  "begin" : 1708,  "end" : 1713 }, 
        {"sofa" : 1,  "begin" : 1714,  "end" : 1717 }, 
        {"sofa" : 1,  "begin" : 1718,  "end" : 1720 }, 
        {"sofa" : 1,  "begin" : 1721,  "end" : 1724 }, 
        {"sofa" : 1,  "begin" : 1725,  "end" : 1728 }, 
        {"sofa" : 1,  "begin" : 1728,  "end" : 1729 }, 
        {"sofa" : 1,  "begin" : 1730,  "end" : 1733 }, 
        {"sofa" : 1,  "begin" : 1734,  "end" : 1737 }, 
        {"sofa" : 1,  "begin" : 1738,  "end" : 1741 }, 
        {"sofa" : 1,  "begin" : 1742,  "end" : 1744 }, 
        {"sofa" : 1,  "begin" : 1745,  "end" : 1748 }, 
        {"sofa" : 1,  "begin" : 1749,  "end" : 1751 }, 
        {"sofa" : 1,  "begin" : 1752,  "end" : 1756 }, 
        {"sofa" : 1,  "begin" : 1757,  "end" : 1762 }, 
        {"sofa" : 1,  "begin" : 1763,  "end" : 1769 }, 
        {"sofa" : 1,  "begin" : 1769,  "end" : 1770 }, 
        {"sofa" : 1,  "begin" : 1771,  "end" : 1773 }, 
        {"sofa" : 1,  "begin" : 1774,  "end" : 1780 }, 
        {"sofa" : 1,  "begin" : 1781,  "end" : 1785 }, 
        {"sofa" : 1,  "begin" : 1786,  "end" : 1790 }, 
        {"sofa" : 1,  "begin" : 1791,  "end" : 1793 }, 
        {"sofa" : 1,  "begin" : 1794,  "end" : 1799 }, 
        {"sofa" : 1,  "begin" : 1800,  "end" : 1802 }, 
        {"sofa" : 1,  "begin" : 1803,  "end" : 1804 }, 
        {"sofa" : 1,  "begin" : 1805,  "end" : 1808 }, 
        {"sofa" : 1,  "begin" : 1809,  "end" : 1815 }, 
        {"sofa" : 1,  "begin" : 1815,  "end" : 1816 }, 
        {"sofa" : 1,  "begin" : 1818,  "end" : 1822 }, 
        {"sofa" : 1,  "begin" : 1823,  "end" : 1829 }, 
        {"sofa" : 1,  "begin" : 1830,  "end" : 1834 }, 
        {"sofa" : 1,  "begin" : 1835,  "end" : 1837 }, 
        {"sofa" : 1,  "begin" : 1838,  "end" : 1840 }, 
        {"sofa" : 1,  "begin" : 1841,  "end" : 1846 }, 
        {"sofa" : 1,  "begin" : 1847,  "end" : 1850 }, 
        {"sofa" : 1,  "begin" : 1851,  "end" : 1853 }, 
        {"sofa" : 1,  "begin" : 1854,  "end" : 1861 }, 
        {"sofa" : 1,  "begin" : 1862,  "end" : 1871 }, 
        {"sofa" : 1,  "begin" : 1872,  "end" : 1884 }, 
        {"sofa" : 1,  "begin" : 1884,  "end" : 1885 }, 
        {"sofa" : 1,  "begin" : 1886,  "end" : 1888 }, 
        {"sofa" : 1,  "begin" : 1889,  "end" : 1893 }, 
        {"sofa" : 1,  "begin" : 1894,  "end" : 1896 }, 
        {"sofa" : 1,  "begin" : 1897,  "end" : 1907 }, 
        {"sofa" : 1,  "begin" : 1908,  "end" : 1916 }, 
        {"sofa" : 1,  "begin" : 1917,  "end" : 1918 }, 
        {"sofa" : 1,  "begin" : 1919,  "end" : 1922 }, 
        {"sofa" : 1,  "begin" : 1923,  "end" : 1925 }, 
        {"sofa" : 1,  "begin" : 1926,  "end" : 1929 }, 
        {"sofa" : 1,  "begin" : 1930,  "end" : 1933 }, 
        {"sofa" : 1,  "begin" : 1934,  "end" : 1939 }, 
        {"sofa" : 1,  "begin" : 1940,  "end" : 1942 }, 
        {"sofa" : 1,  "begin" : 1943,  "end" : 1946 }, 
        {"sofa" : 1,  "begin" : 1947,  "end" : 1953 }, 
        {"sofa" : 1,  "begin" : 1954,  "end" : 1959 }, 
        {"sofa" : 1,  "begin" : 1960,  "end" : 1962 }, 
        {"sofa" : 1,  "begin" : 1963,  "end" : 1966 }, 
        {"sofa" : 1,  "begin" : 1967,  "end" : 1971 }, 
        {"sofa" : 1,  "begin" : 1971,  "end" : 1972 }, 
        {"sofa" : 1,  "begin" : 1973,  "end" : 1980 }, 
        {"sofa" : 1,  "begin" : 1981,  "end" : 1985 }, 
        {"sofa" : 1,  "begin" : 1986,  "end" : 1988 }, 
        {"sofa" : 1,  "begin" : 1989,  "end" : 1992 }, 
        {"sofa" : 1,  "begin" : 1993,  "end" : 2005 }, 
        {"sofa" : 1,  "begin" : 2006,  "end" : 2017 }, 
        {"sofa" : 1,  "begin" : 2018,  "end" : 2023 }, 
        {"sofa" : 1,  "begin" : 2024,  "end" : 2027 }, 
        {"sofa" : 1,  "begin" : 2028,  "end" : 2034 }, 
        {"sofa" : 1,  "begin" : 2035,  "end" : 2037 }, 
        {"sofa" : 1,  "begin" : 2038,  "end" : 2040 }, 
        {"sofa" : 1,  "begin" : 2041,  "end" : 2048 }, 
        {"sofa" : 1,  "begin" : 2048,  "end" : 2049 } ] } }, 
  "_referenced_fss" : {
    "1" : {"_type" : "Sofa",  "sofaNum" : 1,  "sofaID" : "_InitialView",  "mimeType" : "text",  "sofaString" : "The Musk Rat. \n\n\nIn the Memoirs of the French Academy of Sciences \nfor the year 1725, there is a complete description of \npiece of cookery , from Holland. \nIt comes to England in leaden pots, sewed up in \ncanvas : this is of a very deep brick colour, \nand is assuredly nothing else than blood \ndried and mixed up with oil and spirit\n(tincture) of true musk.\nThis sort is frequently sold to the perfumers by pretended\nsailors, at so low a price as two or three\nshillings per ounce ; whereas, one ounce\nof true China musk, at sixteen shillings, is\nby far the cheapest, for this quantity of the\ntrue musk is as much as may be supposed\nto enter into the composition of a whole\npound of the other.\nThe true China musk\nis of the colour of an old brown nutmeg : it\nis generally rolled up, or contained in the\npod, in the form of little round pills, and\nhas a very strong, fine, and agreeable,\nthough singular, smell.\n\n\nThe musk imported from China (which,\nif possessed of the above characters, is by\nfar the best) is contained in caddies, or\ncabinets, in quantities of from 20 to 50 and\n100 ounces, each.\nSome, likewise, is\nimported from Bengal.\n\n\nThe true Russian musk, in pod, mentioned above, is more loose, and has none\n\n\nof the round balls or pills, like that from\nChina.\nIt has also, with its own proper\nperfume, a very distinguishing smell of\nurine.\n\n\nAs for the other Russian, or rather Dutch\nmusk, in pots ; it is generally very moist\nand exhales a most disagreeable and predominant ammoniacal smell, whenever the\npots are opened.\nThis sort is of so little\nvalue, that any thing need hardly be said\nabout it, further, than that it should never\nbe used at all.\n\n\nThe Musk Bags , or Pods.\n\n\nWhen the musk is taken out of the pod,\nthe pod may be cut in very small pieces, or\ngrated very fine by means of a tin grater.\n\nThis powder will be of great use in several\nperfumery compositions, as will be afterwards directed ; for it has the odour of the\nfinest parts of the musk, without that of the\ndisagreeable ingredients which may happen to be present.\n\n\n" }, 
    "5842" : {"_type" : "Span",  "sofa" : 1,  "begin" : 903,  "end" : 908,  "label" : "Smell_Word" }, 
    "5837" : {"_type" : "Span",  "sofa" : 1,  "begin" : 893,  "end" : 901,  "label" : "Quality" }, 
    "5832" : {"_type" : "Span",  "sofa" : 1,  "begin" : 875,  "end" : 884,  "label" : "Quality" }, 
    "5827" : {"_type" : "Span",  "sofa" : 1,  "begin" : 865,  "end" : 869,  "label" : "Quality" }, 
    "5822" : {"_type" : "Span",  "sofa" : 1,  "begin" : 852,  "end" : 863,  "label" : "Quality" }, 
    "5875" : {"_type" : "Span",  "sofa" : 1,  "begin" : 693,  "end" : 712,  "label" : "Smell_Source" }, 
    "5892" : {"_type" : "Span",  "sofa" : 1,  "begin" : 1270,  "end" : 1272,  "label" : "Smell_Source" }, 
    "5897" : {"_type" : "Span",  "sofa" : 1,  "begin" : 1141,  "end" : 1162,  "label" : "Smell_Source" }, 
    "5887" : {"_type" : "Span",  "sofa" : 1,  "begin" : 1303,  "end" : 1310,  "label" : "Smell_Word" }, 
    "5921" : {"_type" : "Span",  "sofa" : 1,  "begin" : 1292,  "end" : 1302,  "label" : "Quality" }, 
    "5938" : {"_type" : "Span",  "sofa" : 1,  "begin" : 1334,  "end" : 1339,  "label" : "Smell_Word" }, 
    "5943" : {"_type" : "Span",  "sofa" : 1,  "begin" : 1340,  "end" : 1348,  "label" : "Evoked_Odorant" }, 
    "5933" : {"_type" : "Span",  "sofa" : 1,  "begin" : 1312,  "end" : 1333,  "label" : "Quality" }, 
    "5974" : {"_type" : "Span",  "sofa" : 1,  "begin" : 1410,  "end" : 1412,  "label" : "Smell_Source" }, 
    "5969" : {"_type" : "Span",  "sofa" : 1,  "begin" : 1359,  "end" : 1398,  "label" : "Smell_Source" }, 
    "6001" : {"_type" : "Span",  "sofa" : 1,  "begin" : 1496,  "end" : 1501,  "label" : "Smell_Word" }, 
    "5996" : {"_type" : "Span",  "sofa" : 1,  "begin" : 1449,  "end" : 1495,  "label" : "Quality" }, 
    "6020" : {"_type" : "Span",  "sofa" : 1,  "begin" : 1503,  "end" : 1531,  "label" : "Circumstances" }, 
    "6042" : {"_type" : "Span",  "sofa" : 1,  "begin" : 1923,  "end" : 1925,  "label" : "Odour_Carrier" }, 
    "6037" : {"_type" : "Span",  "sofa" : 1,  "begin" : 1818,  "end" : 1829,  "label" : "Odour_Carrier" }, 
    "6032" : {"_type" : "Span",  "sofa" : 1,  "begin" : 1934,  "end" : 1939,  "label" : "Smell_Word" }, 
    "6054" : {"_type" : "Span",  "sofa" : 1,  "begin" : 1940,  "end" : 1971,  "label" : "Smell_Source" } } }