#FORMAT=WebAnno TSV 3.3


#Text=De Hofzon ziet men voor de middag ondergaan.
1-1	3-5	De	
1-2	6-12	Hofzon	
1-3	13-17	ziet	
1-4	18-21	men	
1-5	22-26	voor	
1-6	27-29	de	
1-7	30-36	middag	
1-8	37-46	ondergaan	
1-9	46-47	.	

#Text=De Britsche Roos is in haar uchtend afgevallen.
2-1	49-51	De	
2-2	52-60	Britsche	
2-3	61-65	Roos	
2-4	66-68	is	
2-5	69-71	in	
2-6	72-76	haar	
2-7	77-84	uchtend	
2-8	85-95	afgevallen	
2-9	95-96	.	

#Text=Zoo klaagt de Vyvernimf in haare waterwallen;
#Text=
#Text=
#Text=En wekt all' andre goôn.
#Text=deez' krabt zijn boezem
#Text=op.
3-1	98-101	Zoo	
3-2	102-108	klaagt	
3-3	109-111	de	
3-4	112-121	Vyvernimf	
3-5	122-124	in	
3-6	125-130	haare	
3-7	131-142	waterwallen	
3-8	142-143	;	
3-9	146-148	En	
3-10	149-153	wekt	
3-11	154-157	all	
3-12	157-158	'	
3-13	159-164	andre	
3-14	165-169	goôn	
3-15	169-170	.	
3-16	171-175	deez	
3-17	175-176	'	
3-18	177-182	krabt	
3-19	183-187	zijn	
3-20	188-194	boezem	
3-21	195-197	op	
3-22	197-198	.	

#Text=Die rukt het slymig hair nit ziju beslibde kop.
4-1	201-204	Die	
4-2	205-209	rukt	
4-3	210-213	het	
4-4	214-220	slymig	
4-5	221-225	hair	
4-6	226-229	nit	
4-7	230-234	ziju	
4-8	235-243	beslibde	
4-9	244-247	kop	
4-10	247-248	.	

#Text=Zulk een vervult de lucht met een erbarmlijk steenen.
5-1	251-255	Zulk	
5-2	256-259	een	
5-3	260-267	vervult	
5-4	268-270	de	
5-5	271-276	lucht	
5-6	277-280	met	
5-7	281-284	een	
5-8	285-295	erbarmlijk	
5-9	296-303	steenen	
5-10	303-304	.	

#Text=Het zuchten, karmen, en het klaagen, dat met weenen
#Text=Deurmengt wordt, strekt de Doodt een lieflijk maatgezang.
6-1	307-310	Het	
6-2	311-318	zuchten	
6-3	318-319	,	
6-4	320-326	karmen	
6-5	326-327	,	
6-6	328-330	en	
6-7	331-334	het	
6-8	335-342	klaagen	
6-9	342-343	,	
6-10	344-347	dat	
6-11	348-351	met	
6-12	352-358	weenen	
6-13	359-368	Deurmengt	
6-14	369-374	wordt	
6-15	374-375	,	
6-16	376-382	strekt	
6-17	383-385	de	
6-18	386-391	Doodt	
6-19	392-395	een	
6-20	396-404	lieflijk	
6-21	405-415	maatgezang	
6-22	415-416	.	

#Text=De Vyverbron begon, in haaren ommevang,
#Text=Geheel te zwellen, door een reegenvlaag van traanen.
7-1	419-421	De	
7-2	422-431	Vyverbron	
7-3	432-437	begon	
7-4	437-438	,	
7-5	439-441	in	
7-6	442-448	haaren	
7-7	449-457	ommevang	
7-8	457-458	,	
7-9	459-465	Geheel	
7-10	466-468	te	
7-11	469-476	zwellen	
7-12	476-477	,	
7-13	478-482	door	
7-14	483-486	een	
7-15	487-498	reegenvlaag	
7-16	499-502	van	
7-17	503-510	traanen	
7-18	510-511	.	

#Text=De naare rouwgalm klonk tot in de lindelaanen.
8-1	514-516	De	
8-2	517-522	naare	
8-3	523-531	rouwgalm	
8-4	532-537	klonk	
8-5	538-541	tot	
8-6	542-544	in	
8-7	545-547	de	
8-8	548-559	lindelaanen	
8-9	559-560	.	

#Text=Wie voert mijn geesten van de droevig' Amstelstroom?
9-1	563-566	Wie	
9-2	567-572	voert	
9-3	573-577	mijn	
9-4	578-585	geesten	
9-5	586-589	van	
9-6	590-592	de	
9-7	593-600	droevig	
9-8	600-601	'	
9-9	602-614	Amstelstroom	
9-10	614-615	?	
