#FORMAT=WebAnno TSV 3.3


#Text=Indien nu ymand dit volgende leest by de Aard-Beschryvers, als eerst by Burnet,
#Text=p. 47.
1-1	2-8	Indien	
1-2	9-11	nu	
1-3	12-17	ymand	
1-4	18-21	dit	
1-5	22-30	volgende	
1-6	31-36	leest	
1-7	37-39	by	
1-8	40-42	de	
1-9	43-59	Aard-Beschryvers	
1-10	59-60	,	
1-11	61-64	als	
1-12	65-70	eerst	
1-13	71-73	by	
1-14	74-80	Burnet	
1-15	80-81	,	
1-16	82-83	p	
1-17	83-84	.	
1-18	85-87	47	
1-19	87-88	.	

#Text=Daar is geen vast land van de oude of nieuwe wereld, geen oudt Eiland of het
#Text=beeft syne gebergten.
2-1	89-93	Daar	
2-2	94-96	is	
2-3	97-101	geen	
2-4	102-106	vast	
2-5	107-111	land	
2-6	112-115	van	
2-7	116-118	de	
2-8	119-123	oude	
2-9	124-126	of	
2-10	127-133	nieuwe	
2-11	134-140	wereld	
2-12	140-141	,	
2-13	142-146	geen	
2-14	147-151	oudt	
2-15	152-158	Eiland	
2-16	159-161	of	
2-17	162-165	het	
2-18	166-171	beeft	
2-19	172-176	syne	
2-20	177-186	gebergten	
2-21	186-187	.	

#Text=Ten anderen by Varenus L.I.C.X. §.
#Text=2.
3-1	188-191	Ten	
3-2	192-199	anderen	
3-3	200-202	by	
3-4	203-210	Varenus	
3-5	211-218	L.I.C.X	
3-6	218-219	.	
3-7	220-221	§	
3-8	221-222	.	
3-9	223-224	2	
3-10	224-225	.	

#Text=In de meeste eilanden,
#Text=en in zee uitloepende gedeelten der aarden, syn de gebergten soodanigh gelegen,
#Text=dat sy midden daar doorgaan, en deselve in twee deelen deilen:
#Text=het welk aldaar met
#Text=veel exempelen bewesen werd.
4-1	226-228	In	
4-2	229-231	de	
4-3	232-238	meeste	
4-4	239-247	eilanden	
4-5	247-248	,	
4-6	249-251	en	
4-7	252-254	in	
4-8	255-258	zee	
4-9	259-270	uitloepende	
4-10	271-280	gedeelten	
4-11	281-284	der	
4-12	285-291	aarden	
4-13	291-292	,	
4-14	293-296	syn	
4-15	297-299	de	
4-16	300-309	gebergten	
4-17	310-319	soodanigh	
4-18	320-327	gelegen	
4-19	327-328	,	
4-20	329-332	dat	
4-21	333-335	sy	
4-22	336-342	midden	
4-23	343-347	daar	
4-24	348-356	doorgaan	
4-25	356-357	,	
4-26	358-360	en	
4-27	361-368	deselve	
4-28	369-371	in	
4-29	372-376	twee	
4-30	377-383	deelen	
4-31	384-390	deilen	
4-32	390-391	:	
4-33	392-395	het	
4-34	396-400	welk	
4-35	401-407	aldaar	
4-36	408-411	met	
4-37	412-416	veel	
4-38	417-426	exempelen	
4-39	427-434	bewesen	
4-40	435-439	werd	
4-41	439-440	.	

#Text=Kan hy nogh voortgaan te denken, dat dit by geval
#Text=
#Text=
#Text=aldus toegekomen is?
5-1	441-444	Kan	
5-2	445-447	hy	
5-3	448-452	nogh	
5-4	453-462	voortgaan	
5-5	463-465	te	
5-6	466-472	denken	
5-7	472-473	,	
5-8	474-477	dat	
5-9	478-481	dit	
5-10	482-484	by	
5-11	485-490	geval	
5-12	493-498	aldus	
5-13	499-509	toegekomen	
5-14	510-512	is	
5-15	512-513	?	

#Text=schoon hy moet bekennen, dat ymand, die de grootste sorge
#Text=voor de behoudenisse deser eilanden soude moeten dragen, de bergen op geen
#Text=dienstiger wyse soude hebben kunnen in deselve schikken, als nu geschiet is; om tot
#Text=middel te dienen, waar door de omleggende landen soude kunnen bevogtigt werden;
#Text=
#Text=en de dampen, die andersints door winden verspreit souden werden, juist aldaar te
#Text=vergaderen, en van nut te doen syn.
6-1	514-520	schoon	
6-2	521-523	hy	
6-3	524-528	moet	
6-4	529-537	bekennen	
6-5	537-538	,	
6-6	539-542	dat	
6-7	543-548	ymand	
6-8	548-549	,	
6-9	550-553	die	
6-10	554-556	de	
6-11	557-565	grootste	
6-12	566-571	sorge	
6-13	572-576	voor	
6-14	577-579	de	
6-15	580-592	behoudenisse	
6-16	593-598	deser	
6-17	599-607	eilanden	
6-18	608-613	soude	
6-19	614-620	moeten	
6-20	621-627	dragen	
6-21	627-628	,	
6-22	629-631	de	
6-23	632-638	bergen	
6-24	639-641	op	
6-25	642-646	geen	
6-26	647-657	dienstiger	
6-27	658-662	wyse	
6-28	663-668	soude	
6-29	669-675	hebben	
6-30	676-682	kunnen	
6-31	683-685	in	
6-32	686-693	deselve	
6-33	694-702	schikken	
6-34	702-703	,	
6-35	704-707	als	
6-36	708-710	nu	
6-37	711-719	geschiet	
6-38	720-722	is	
6-39	722-723	;	
6-40	724-726	om	
6-41	727-730	tot	
6-42	731-737	middel	
6-43	738-740	te	
6-44	741-747	dienen	
6-45	747-748	,	
6-46	749-753	waar	
6-47	754-758	door	
6-48	759-761	de	
6-49	762-772	omleggende	
6-50	773-779	landen	
6-51	780-785	soude	
6-52	786-792	kunnen	
6-53	793-802	bevogtigt	
6-54	803-809	werden	
6-55	809-810	;	
6-56	812-814	en	
6-57	815-817	de	
6-58	818-824	dampen	
6-59	824-825	,	
6-60	826-829	die	
6-61	830-840	andersints	
6-62	841-845	door	
6-63	846-852	winden	
6-64	853-862	verspreit	
6-65	863-869	souden	
6-66	870-876	werden	
6-67	876-877	,	
6-68	878-883	juist	
6-69	884-890	aldaar	
6-70	891-893	te	
6-71	894-904	vergaderen	
6-72	904-905	,	
6-73	906-908	en	
6-74	909-912	van	
6-75	913-916	nut	
6-76	917-919	te	
6-77	920-924	doen	
6-78	925-928	syn	
6-79	928-929	.	

#Text=Kan ymand geen Wysheit, geen Magt, geen Goedertierentheit des grooten Makers
#Text=en Regeerders hier in sien uitblinken?
7-1	932-935	Kan	
7-2	936-941	ymand	
7-3	942-946	geen	
7-4	947-954	Wysheit	
7-5	954-955	,	
7-6	956-960	geen	
7-7	961-965	Magt	
7-8	965-966	,	
7-9	967-971	geen	
7-10	972-989	Goedertierentheit	
7-11	990-993	des	
7-12	994-1001	grooten	
7-13	1002-1008	Makers	
7-14	1009-1011	en	
7-15	1012-1022	Regeerders	
7-16	1023-1027	hier	
7-17	1028-1030	in	
7-18	1031-1035	sien	
7-19	1036-1046	uitblinken	
7-20	1046-1047	?	

#Text=dat om zee-wateren, die sout en onvrugtbaar
#Text=syn, soet te maken, en over den Aardkloot daar het nodigh is, te verdeilen, soo gedugte
#Text=saken in grootheit en kragt, dagelyks gedwongen werden daar toe te dienen;
#Text=dat de
#Text=zee'n, de bergen, de lugt, de dampen, en winden, de sonne om dese groote weldaad
#Text=aan de bewoonders der Aaide te doen, alle het hare moeten toebrengen niet alleen,
#Text=maar ook yder van haar de behoorlyke en vereiste hoedanig heden daar toe besitten;
#Text=
#Text=soo dat, indien de zee niet genoegsaam in grootheit en breedheit, de bergen niet
#Text=hoogh genoegh en ter bequamer plaatse gelegen, de lugt niet
#Text=
#Text=
#Text=Bernard Nieuwentijt, Het regt gebruik der werelt beschouwingen
#Text=
#Text=
#Text=\f
#Text=433
#Text=elasticq en daar door beneden dikker als boven, de dampen niet ligt genoegh, de
#Text=winden niet magtigh genoegh om deselve voort te dryven; de Sonne niet in de vereiste
#Text=distantie, om niet te veel nogh te weinigh warmte te geven, geplaast waren; dit groote
#Text=werk van desen omloop der wateren, en met deselve het leven van meest alle dieren
#Text=en menschen reets over langh een einde hadde genomen, en den ganschen Aardkloot
#Text=tot een woestyne gelaten.
8-1	1048-1051	dat	
8-2	1052-1054	om	
8-3	1055-1066	zee-wateren	
8-4	1066-1067	,	
8-5	1068-1071	die	
8-6	1072-1076	sout	
8-7	1077-1079	en	
8-8	1080-1091	onvrugtbaar	
8-9	1092-1095	syn	
8-10	1095-1096	,	
8-11	1097-1101	soet	
8-12	1102-1104	te	
8-13	1105-1110	maken	
8-14	1110-1111	,	
8-15	1112-1114	en	
8-16	1115-1119	over	
8-17	1120-1123	den	
8-18	1124-1133	Aardkloot	
8-19	1134-1138	daar	
8-20	1139-1142	het	
8-21	1143-1149	nodigh	
8-22	1150-1152	is	
8-23	1152-1153	,	
8-24	1154-1156	te	
8-25	1157-1166	verdeilen	
8-26	1166-1167	,	
8-27	1168-1171	soo	
8-28	1172-1179	gedugte	
8-29	1180-1185	saken	
8-30	1186-1188	in	
8-31	1189-1198	grootheit	
8-32	1199-1201	en	
8-33	1202-1207	kragt	
8-34	1207-1208	,	
8-35	1209-1217	dagelyks	
8-36	1218-1227	gedwongen	
8-37	1228-1234	werden	
8-38	1235-1239	daar	
8-39	1240-1243	toe	
8-40	1244-1246	te	
8-41	1247-1253	dienen	
8-42	1253-1254	;	
8-43	1255-1258	dat	
8-44	1259-1261	de	
8-45	1262-1267	zee'n	
8-46	1267-1268	,	
8-47	1269-1271	de	
8-48	1272-1278	bergen	
8-49	1278-1279	,	
8-50	1280-1282	de	
8-51	1283-1287	lugt	
8-52	1287-1288	,	
8-53	1289-1291	de	
8-54	1292-1298	dampen	
8-55	1298-1299	,	
8-56	1300-1302	en	
8-57	1303-1309	winden	
8-58	1309-1310	,	
8-59	1311-1313	de	
8-60	1314-1319	sonne	
8-61	1320-1322	om	
8-62	1323-1327	dese	
8-63	1328-1334	groote	
8-64	1335-1342	weldaad	
8-65	1343-1346	aan	
8-66	1347-1349	de	
8-67	1350-1360	bewoonders	
8-68	1361-1364	der	
8-69	1365-1370	Aaide	
8-70	1371-1373	te	
8-71	1374-1378	doen	
8-72	1378-1379	,	
8-73	1380-1384	alle	
8-74	1385-1388	het	
8-75	1389-1393	hare	
8-76	1394-1400	moeten	
8-77	1401-1411	toebrengen	
8-78	1412-1416	niet	
8-79	1417-1423	alleen	
8-80	1423-1424	,	
8-81	1425-1429	maar	
8-82	1430-1433	ook	
8-83	1434-1438	yder	
8-84	1439-1442	van	
8-85	1443-1447	haar	
8-86	1448-1450	de	
8-87	1451-1461	behoorlyke	
8-88	1462-1464	en	
8-89	1465-1473	vereiste	
8-90	1474-1482	hoedanig	
8-91	1483-1488	heden	
8-92	1489-1493	daar	
8-93	1494-1497	toe	
8-94	1498-1506	besitten	
8-95	1506-1507	;	
8-96	1509-1512	soo	
8-97	1513-1516	dat	
8-98	1516-1517	,	
8-99	1518-1524	indien	
8-100	1525-1527	de	
8-101	1528-1531	zee	
8-102	1532-1536	niet	
8-103	1537-1547	genoegsaam	
8-104	1548-1550	in	
8-105	1551-1560	grootheit	
8-106	1561-1563	en	
8-107	1564-1573	breedheit	
8-108	1573-1574	,	
8-109	1575-1577	de	
8-110	1578-1584	bergen	
8-111	1585-1589	niet	
8-112	1590-1595	hoogh	
8-113	1596-1603	genoegh	
8-114	1604-1606	en	
8-115	1607-1610	ter	
8-116	1611-1619	bequamer	
8-117	1620-1627	plaatse	
8-118	1628-1635	gelegen	
8-119	1635-1636	,	
8-120	1637-1639	de	
8-121	1640-1644	lugt	
8-122	1645-1649	niet	
8-123	1652-1659	Bernard	
8-124	1660-1671	Nieuwentijt	
8-125	1671-1672	,	
8-126	1673-1676	Het	
8-127	1677-1681	regt	
8-128	1682-1689	gebruik	
8-129	1690-1693	der	
8-130	1694-1700	werelt	
8-131	1701-1714	beschouwingen	
8-132	1719-1722	433	
8-133	1723-1731	elasticq	
8-134	1732-1734	en	
8-135	1735-1739	daar	
8-136	1740-1744	door	
8-137	1745-1752	beneden	
8-138	1753-1759	dikker	
8-139	1760-1763	als	
8-140	1764-1769	boven	
8-141	1769-1770	,	
8-142	1771-1773	de	
8-143	1774-1780	dampen	
8-144	1781-1785	niet	
8-145	1786-1790	ligt	
8-146	1791-1798	genoegh	
8-147	1798-1799	,	
8-148	1800-1802	de	
8-149	1803-1809	winden	
8-150	1810-1814	niet	
8-151	1815-1822	magtigh	
8-152	1823-1830	genoegh	
8-153	1831-1833	om	
8-154	1834-1841	deselve	
8-155	1842-1847	voort	
8-156	1848-1850	te	
8-157	1851-1857	dryven	
8-158	1857-1858	;	
8-159	1859-1861	de	
8-160	1862-1867	Sonne	
8-161	1868-1872	niet	
8-162	1873-1875	in	
8-163	1876-1878	de	
8-164	1879-1887	vereiste	
8-165	1888-1897	distantie	
8-166	1897-1898	,	
8-167	1899-1901	om	
8-168	1902-1906	niet	
8-169	1907-1909	te	
8-170	1910-1914	veel	
8-171	1915-1919	nogh	
8-172	1920-1922	te	
8-173	1923-1930	weinigh	
8-174	1931-1937	warmte	
8-175	1938-1940	te	
8-176	1941-1946	geven	
8-177	1946-1947	,	
8-178	1948-1956	geplaast	
8-179	1957-1962	waren	
8-180	1962-1963	;	
8-181	1964-1967	dit	
8-182	1968-1974	groote	
8-183	1975-1979	werk	
8-184	1980-1983	van	
8-185	1984-1989	desen	
8-186	1990-1996	omloop	
8-187	1997-2000	der	
8-188	2001-2008	wateren	
8-189	2008-2009	,	
8-190	2010-2012	en	
8-191	2013-2016	met	
8-192	2017-2024	deselve	
8-193	2025-2028	het	
8-194	2029-2034	leven	
8-195	2035-2038	van	
8-196	2039-2044	meest	
8-197	2045-2049	alle	
8-198	2050-2056	dieren	
8-199	2057-2059	en	
8-200	2060-2068	menschen	
8-201	2069-2074	reets	
8-202	2075-2079	over	
8-203	2080-2085	langh	
8-204	2086-2089	een	
8-205	2090-2095	einde	
8-206	2096-2101	hadde	
8-207	2102-2109	genomen	
8-208	2109-2110	,	
8-209	2111-2113	en	
8-210	2114-2117	den	
8-211	2118-2126	ganschen	
8-212	2127-2136	Aardkloot	
8-213	2137-2140	tot	
8-214	2141-2144	een	
8-215	2145-2153	woestyne	
8-216	2154-2161	gelaten	
8-217	2161-2162	.	
