#FORMAT=WebAnno TSV 3.3


#Text=Om te begrypen, hoe dat geschiede,
#Text=moetenwe zeggen, dat het ontrent drie voeten langte hebben moet, en anderhalve
#Text=voet breedte, drie vier duimen van het dun eind moet het hebben drie vier duimen
#Text=dikte.
1-1	2-4	Om	
1-2	5-7	te	
1-3	8-16	begrypen	
1-4	16-17	,	
1-5	18-21	hoe	
1-6	22-25	dat	
1-7	26-35	geschiede	
1-8	35-36	,	
1-9	37-45	moetenwe	
1-10	46-52	zeggen	
1-11	52-53	,	
1-12	54-57	dat	
1-13	58-61	het	
1-14	62-69	ontrent	
1-15	70-74	drie	
1-16	75-81	voeten	
1-17	82-88	langte	
1-18	89-95	hebben	
1-19	96-100	moet	
1-20	100-101	,	
1-21	102-104	en	
1-22	105-115	anderhalve	
1-23	116-120	voet	
1-24	121-128	breedte	
1-25	128-129	,	
1-26	130-134	drie	
1-27	135-139	vier	
1-28	140-146	duimen	
1-29	147-150	van	
1-30	151-154	het	
1-31	155-158	dun	
1-32	159-163	eind	
1-33	164-168	moet	
1-34	169-172	het	
1-35	173-179	hebben	
1-36	180-184	drie	
1-37	185-189	vier	
1-38	190-196	duimen	
1-39	197-202	dikte	
1-40	202-203	.	

#Text=Binnen deze plaats maakt men een gat, dat maar een duim dikte heeft; waar
#Text=door de lucht gaat.
2-1	204-210	Binnen	
2-2	211-215	deze	
2-3	216-222	plaats	
2-4	223-228	maakt	
2-5	229-232	men	
2-6	233-236	een	
2-7	237-240	gat	
2-8	240-241	,	
2-9	242-245	dat	
2-10	246-250	maar	
2-11	251-254	een	
2-12	255-259	duim	
2-13	260-265	dikte	
2-14	266-271	heeft	
2-15	271-272	;	
2-16	273-277	waar	
2-17	278-282	door	
2-18	283-285	de	
2-19	286-291	lucht	
2-20	292-296	gaat	
2-21	296-297	.	

#Text=By dat gat, aan ’t dun eind van de Blaasbalk is een stuk leder, dat
#Text=als een zwik is, die tegen ’t gat schiet, als men den Blaasbalk oplicht, om lucht in te
#Text=halen en dus maakt, dat het geen reeds in ’t Vat is, daar niet weder uit kan in de
#Text=Blaasbalk komen.
3-1	298-300	By	
3-2	301-304	dat	
3-3	305-308	gat	
3-4	308-309	,	
3-5	310-313	aan	
3-6	314-315	’	
3-7	315-316	t	
3-8	317-320	dun	
3-9	321-325	eind	
3-10	326-329	van	
3-11	330-332	de	
3-12	333-342	Blaasbalk	
3-13	343-345	is	
3-14	346-349	een	
3-15	350-354	stuk	
3-16	355-360	leder	
3-17	360-361	,	
3-18	362-365	dat	
3-19	366-369	als	
3-20	370-373	een	
3-21	374-378	zwik	
3-22	379-381	is	
3-23	381-382	,	
3-24	383-386	die	
3-25	387-392	tegen	
3-26	393-394	’	
3-27	394-395	t	
3-28	396-399	gat	
3-29	400-406	schiet	
3-30	406-407	,	
3-31	408-411	als	
3-32	412-415	men	
3-33	416-419	den	
3-34	420-429	Blaasbalk	
3-35	430-437	oplicht	
3-36	437-438	,	
3-37	439-441	om	
3-38	442-447	lucht	
3-39	448-450	in	
3-40	451-453	te	
3-41	454-459	halen	
3-42	460-462	en	
3-43	463-466	dus	
3-44	467-472	maakt	
3-45	472-473	,	
3-46	474-477	dat	
3-47	478-481	het	
3-48	482-486	geen	
3-49	487-492	reeds	
3-50	493-495	in	
3-51	496-497	’	
3-52	497-498	t	
3-53	499-502	Vat	
3-54	503-505	is	
3-55	505-506	,	
3-56	507-511	daar	
3-57	512-516	niet	
3-58	517-522	weder	
3-59	523-526	uit	
3-60	527-530	kan	
3-61	531-533	in	
3-62	534-536	de	
3-63	537-546	Blaasbalk	
3-64	547-552	komen	
3-65	552-553	.	

#Text=Op ’t eind van den Blaasbalk heeft men een houtten Pyp van een
#Text=voet lang; zy staat recht overeind, en is zeer dicht vast aan ’t dun eind van de
#Text=Blaasbalk, en daar aan vast gelymd, om de lucht in ’t Vat te doen geleiden.
4-1	554-556	Op	
4-2	557-558	’	
4-3	558-559	t	
4-4	560-564	eind	
4-5	565-568	van	
4-6	569-572	den	
4-7	573-582	Blaasbalk	
4-8	583-588	heeft	
4-9	589-592	men	
4-10	593-596	een	
4-11	597-604	houtten	
4-12	605-608	Pyp	
4-13	609-612	van	
4-14	613-616	een	
4-15	617-621	voet	
4-16	622-626	lang	
4-17	626-627	;	
4-18	628-630	zy	
4-19	631-636	staat	
4-20	637-642	recht	
4-21	643-651	overeind	
4-22	651-652	,	
4-23	653-655	en	
4-24	656-658	is	
4-25	659-663	zeer	
4-26	664-669	dicht	
4-27	670-674	vast	
4-28	675-678	aan	
4-29	679-680	’	
4-30	680-681	t	
4-31	682-685	dun	
4-32	686-690	eind	
4-33	691-694	van	
4-34	695-697	de	
4-35	698-707	Blaasbalk	
4-36	707-708	,	
4-37	709-711	en	
4-38	712-716	daar	
4-39	717-720	aan	
4-40	721-725	vast	
4-41	726-732	gelymd	
4-42	732-733	,	
4-43	734-736	om	
4-44	737-739	de	
4-45	740-745	lucht	
4-46	746-748	in	
4-47	749-750	’	
4-48	750-751	t	
4-49	752-755	Vat	
4-50	756-758	te	
4-51	759-763	doen	
4-52	764-772	geleiden	
4-53	772-773	.	

#Text=Die
#Text=houtten
#Text=Pyp is van buiten rond, zy steekt twe duimen boven de Blaasbalk uit, en dit
#Text=deel is half rond
#Text=, om te kunnen met een hamer geslagen worden met zyn dunne eind,
#Text=dat rond en spichtig is, in het bomgat van ’t Vat, dat men ledig wil maken, Aan ’t
#Text=boveneind van de houtten
#Text=Pyp is een yzeren Ring, waar aan een yzeren haak is, om
#Text=de Blaasbalk op de hoepelen vast te zetten, en te maken, dat de lucht daar van ’t eind
#Text=niet doe opspringen, uit het bomgat.
5-1	774-777	Die	
5-2	778-785	houtten	
5-3	786-789	Pyp	
5-4	790-792	is	
5-5	793-796	van	
5-6	797-803	buiten	
5-7	804-808	rond	
5-8	808-809	,	
5-9	810-812	zy	
5-10	813-819	steekt	
5-11	820-823	twe	
5-12	824-830	duimen	
5-13	831-836	boven	
5-14	837-839	de	
5-15	840-849	Blaasbalk	
5-16	850-853	uit	
5-17	853-854	,	
5-18	855-857	en	
5-19	858-861	dit	
5-20	862-866	deel	
5-21	867-869	is	
5-22	870-874	half	
5-23	875-879	rond	
5-24	880-881	,	
5-25	882-884	om	
5-26	885-887	te	
5-27	888-894	kunnen	
5-28	895-898	met	
5-29	899-902	een	
5-30	903-908	hamer	
5-31	909-917	geslagen	
5-32	918-924	worden	
5-33	925-928	met	
5-34	929-932	zyn	
5-35	933-938	dunne	
5-36	939-943	eind	
5-37	943-944	,	
5-38	945-948	dat	
5-39	949-953	rond	
5-40	954-956	en	
5-41	957-965	spichtig	
5-42	966-968	is	
5-43	968-969	,	
5-44	970-972	in	
5-45	973-976	het	
5-46	977-983	bomgat	
5-47	984-987	van	
5-48	988-989	’	
5-49	989-990	t	
5-50	991-994	Vat	
5-51	994-995	,	
5-52	996-999	dat	
5-53	1000-1003	men	
5-54	1004-1009	ledig	
5-55	1010-1013	wil	
5-56	1014-1019	maken	
5-57	1019-1020	,	
5-58	1021-1024	Aan	
5-59	1025-1026	’	
5-60	1026-1027	t	
5-61	1028-1037	boveneind	
5-62	1038-1041	van	
5-63	1042-1044	de	
5-64	1045-1052	houtten	
5-65	1053-1056	Pyp	
5-66	1057-1059	is	
5-67	1060-1063	een	
5-68	1064-1070	yzeren	
5-69	1071-1075	Ring	
5-70	1075-1076	,	
5-71	1077-1081	waar	
5-72	1082-1085	aan	
5-73	1086-1089	een	
5-74	1090-1096	yzeren	
5-75	1097-1101	haak	
5-76	1102-1104	is	
5-77	1104-1105	,	
5-78	1106-1108	om	
5-79	1109-1111	de	
5-80	1112-1121	Blaasbalk	
5-81	1122-1124	op	
5-82	1125-1127	de	
5-83	1128-1136	hoepelen	
5-84	1137-1141	vast	
5-85	1142-1144	te	
5-86	1145-1151	zetten	
5-87	1151-1152	,	
5-88	1153-1155	en	
5-89	1156-1158	te	
5-90	1159-1164	maken	
5-91	1164-1165	,	
5-92	1166-1169	dat	
5-93	1170-1172	de	
5-94	1173-1178	lucht	
5-95	1179-1183	daar	
5-96	1184-1187	van	
5-97	1188-1189	’	
5-98	1189-1190	t	
5-99	1191-1195	eind	
5-100	1196-1200	niet	
5-101	1201-1204	doe	
5-102	1205-1215	opspringen	
5-103	1215-1216	,	
5-104	1217-1220	uit	
5-105	1221-1224	het	
5-106	1225-1231	bomgat	
5-107	1231-1232	.	

#Text=Wat men met deze Blaasbalk doet.
6-1	1235-1238	Wat	
6-2	1239-1242	men	
6-3	1243-1246	met	
6-4	1247-1251	deze	
6-5	1252-1261	Blaasbalk	
6-6	1262-1266	doet	
6-7	1266-1267	.	

#Text=De lucht, die men gedurig in ’t Vat blaast, door middel van de Blaasbalk, dringt
#Text=gelyklyk en sterk op de oppervlakte van de Wyn, zo wyd als het Vat is, zonder den
#Text=Wyn in ’t minste te roeren; en noodzaaktze om de persing der lucht te ontgaan, door
#Text=de ledere Buis de vlucht in ’t Vat te nemen, dat men vullen wil.
7-1	1270-1272	De	
7-2	1273-1278	lucht	
7-3	1278-1279	,	
7-4	1280-1283	die	
7-5	1284-1287	men	
7-6	1288-1295	gedurig	
7-7	1296-1298	in	
7-8	1299-1300	’	
7-9	1300-1301	t	
7-10	1302-1305	Vat	
7-11	1306-1312	blaast	
7-12	1312-1313	,	
7-13	1314-1318	door	
7-14	1319-1325	middel	
7-15	1326-1329	van	
7-16	1330-1332	de	
7-17	1333-1342	Blaasbalk	
7-18	1342-1343	,	
7-19	1344-1350	dringt	
7-20	1351-1359	gelyklyk	
7-21	1360-1362	en	
7-22	1363-1368	sterk	
7-23	1369-1371	op	
7-24	1372-1374	de	
7-25	1375-1386	oppervlakte	
7-26	1387-1390	van	
7-27	1391-1393	de	
7-28	1394-1397	Wyn	
7-29	1397-1398	,	
7-30	1399-1401	zo	
7-31	1402-1405	wyd	
7-32	1406-1409	als	
7-33	1410-1413	het	
7-34	1414-1417	Vat	
7-35	1418-1420	is	
7-36	1420-1421	,	
7-37	1422-1428	zonder	
7-38	1429-1432	den	
7-39	1433-1436	Wyn	
7-40	1437-1439	in	
7-41	1440-1441	’	
7-42	1441-1442	t	
7-43	1443-1449	minste	
7-44	1450-1452	te	
7-45	1453-1459	roeren	
7-46	1459-1460	;	
7-47	1461-1463	en	
7-48	1464-1475	noodzaaktze	
7-49	1476-1478	om	
7-50	1479-1481	de	
7-51	1482-1489	persing	
7-52	1490-1493	der	
7-53	1494-1499	lucht	
7-54	1500-1502	te	
7-55	1503-1510	ontgaan	
7-56	1510-1511	,	
7-57	1512-1516	door	
7-58	1517-1519	de	
7-59	1520-1526	ledere	
7-60	1527-1531	Buis	
7-61	1532-1534	de	
7-62	1535-1541	vlucht	
7-63	1542-1544	in	
7-64	1545-1546	’	
7-65	1546-1547	t	
7-66	1548-1551	Vat	
7-67	1552-1554	te	
7-68	1555-1560	nemen	
7-69	1560-1561	,	
7-70	1562-1565	dat	
7-71	1566-1569	men	
7-72	1570-1576	vullen	
7-73	1577-1580	wil	
7-74	1580-1581	.	

#Text=Zo haast men de
#Text=Wyn in ’t lediggemaakte
#Text=Vat hoort sissen, moet men niet
#Text=
#Text=M.
8-1	1582-1584	Zo	
8-2	1585-1590	haast	
8-3	1591-1594	men	
8-4	1595-1597	de	
8-5	1598-1601	Wyn	
8-6	1602-1604	in	
8-7	1605-1606	’	
8-8	1606-1607	t	
8-9	1608-1621	lediggemaakte	
8-10	1622-1625	Vat	
8-11	1626-1631	hoort	
8-12	1632-1638	sissen	
8-13	1638-1639	,	
8-14	1640-1644	moet	
8-15	1645-1648	men	
8-16	1649-1653	niet	
8-17	1655-1656	M	
8-18	1656-1657	.	

#Text=Noel Chomel, Huishoudelyk woordboek
#Text=
#Text=\f
#Text=1374
#Text=meer blazen, de Buis wegnemen, ’t Stuk sluiten, dat men heeft vol gemaakt, en in
#Text=een Bak, die onder de leeggemaakte Ton gezet wordt, den Wyn ontfangen, die’er in
#Text=is overgebleven, en naaulyks tien, of twaalf pinten kan bedragen.
9-1	1658-1662	Noel	
9-2	1663-1669	Chomel	
9-3	1669-1670	,	
9-4	1671-1683	Huishoudelyk	
9-5	1684-1693	woordboek	
9-6	1697-1701	1374	
9-7	1702-1706	meer	
9-8	1707-1713	blazen	
9-9	1713-1714	,	
9-10	1715-1717	de	
9-11	1718-1722	Buis	
9-12	1723-1731	wegnemen	
9-13	1731-1732	,	
9-14	1733-1734	’	
9-15	1734-1735	t	
9-16	1736-1740	Stuk	
9-17	1741-1748	sluiten	
9-18	1748-1749	,	
9-19	1750-1753	dat	
9-20	1754-1757	men	
9-21	1758-1763	heeft	
9-22	1764-1767	vol	
9-23	1768-1775	gemaakt	
9-24	1775-1776	,	
9-25	1777-1779	en	
9-26	1780-1782	in	
9-27	1783-1786	een	
9-28	1787-1790	Bak	
9-29	1790-1791	,	
9-30	1792-1795	die	
9-31	1796-1801	onder	
9-32	1802-1804	de	
9-33	1805-1817	leeggemaakte	
9-34	1818-1821	Ton	
9-35	1822-1827	gezet	
9-36	1828-1833	wordt	
9-37	1833-1834	,	
9-38	1835-1838	den	
9-39	1839-1842	Wyn	
9-40	1843-1852	ontfangen	
9-41	1852-1853	,	
9-42	1854-1857	die	
9-43	1857-1858	’	
9-44	1858-1860	er	
9-45	1861-1863	in	
9-46	1864-1866	is	
9-47	1867-1879	overgebleven	
9-48	1879-1880	,	
9-49	1881-1883	en	
9-50	1884-1892	naaulyks	
9-51	1893-1897	tien	
9-52	1897-1898	,	
9-53	1899-1901	of	
9-54	1902-1908	twaalf	
9-55	1909-1915	pinten	
9-56	1916-1919	kan	
9-57	1920-1928	bedragen	
9-58	1928-1929	.	

#Text=Wy moeten aanmerken, dat hoemen den Wyn meer oversteekt, hoe hy schooner
#Text=is;
#Text=maar men doet het gemeenlyk maar twe, of drie malen.
10-1	1931-1933	Wy	
10-2	1934-1940	moeten	
10-3	1941-1950	aanmerken	
10-4	1950-1951	,	
10-5	1952-1955	dat	
10-6	1956-1962	hoemen	
10-7	1963-1966	den	
10-8	1967-1970	Wyn	
10-9	1971-1975	meer	
10-10	1976-1986	oversteekt	
10-11	1986-1987	,	
10-12	1988-1991	hoe	
10-13	1992-1994	hy	
10-14	1995-2003	schooner	
10-15	2004-2006	is	
10-16	2006-2007	;	
10-17	2008-2012	maar	
10-18	2013-2016	men	
10-19	2017-2021	doet	
10-20	2022-2025	het	
10-21	2026-2035	gemeenlyk	
10-22	2036-2040	maar	
10-23	2041-2044	twe	
10-24	2044-2045	,	
10-25	2046-2048	of	
10-26	2049-2053	drie	
10-27	2054-2059	malen	
10-28	2059-2060	.	

#Text=Maar zo menigmaal, als
#Text=men ze oversteekt moet men ze lymen; uitgenomen de laatste reis; wanneer menze
#Text=maar een snarsje moet geven, of een derde minder Lym dan te voren.
11-1	2061-2065	Maar	
11-2	2066-2068	zo	
11-3	2069-2078	menigmaal	
11-4	2078-2079	,	
11-5	2080-2083	als	
11-6	2084-2087	men	
11-7	2088-2090	ze	
11-8	2091-2101	oversteekt	
11-9	2102-2106	moet	
11-10	2107-2110	men	
11-11	2111-2113	ze	
11-12	2114-2119	lymen	
11-13	2119-2120	;	
11-14	2121-2131	uitgenomen	
11-15	2132-2134	de	
11-16	2135-2142	laatste	
11-17	2143-2147	reis	
11-18	2147-2148	;	
11-19	2149-2156	wanneer	
11-20	2157-2162	menze	
11-21	2163-2167	maar	
11-22	2168-2171	een	
11-23	2172-2179	snarsje	
11-24	2180-2184	moet	
11-25	2185-2190	geven	
11-26	2190-2191	,	
11-27	2192-2194	of	
11-28	2195-2198	een	
11-29	2199-2204	derde	
11-30	2205-2211	minder	
11-31	2212-2215	Lym	
11-32	2216-2219	dan	
11-33	2220-2222	te	
11-34	2223-2228	voren	
11-35	2228-2229	.	

#Text=Hoe men den Wyn zwavelt.
12-1	2233-2236	Hoe	
12-2	2237-2240	men	
12-3	2241-2244	den	
12-4	2245-2248	Wyn	
12-5	2249-2256	zwavelt	
12-6	2256-2257	.	
