#FORMAT=WebAnno TSV 3.3


#Text=reuk is;
#Text=dan van den reuk en smaak
#Text=
#Text=is niet te oordeelen.
1-1	2-6	reuk	
1-2	7-9	is	
1-3	9-10	;	
1-4	11-14	dan	
1-5	15-18	van	
1-6	19-22	den	
1-7	23-27	reuk	
1-8	28-30	en	
1-9	31-36	smaak	
1-10	38-40	is	
1-11	41-45	niet	
1-12	46-48	te	
1-13	49-58	oordeelen	
1-14	58-59	.	

#Text=Als deeze waassem in een glazen of anderen
#Text=Distilleerhelm
#Text=opgevangen word, kan men uit dien aanslag wederom Zwavel bekomen, die
#Text=andermaal, in de lugt aangestoken zynde, ontvlamt
#Text=
#Text=J. le Francq van Berkhey, Natuurlyke historie van Holland.
2-1	60-63	Als	
2-2	64-69	deeze	
2-3	70-77	waassem	
2-4	78-80	in	
2-5	81-84	een	
2-6	85-91	glazen	
2-7	92-94	of	
2-8	95-102	anderen	
2-9	103-117	Distilleerhelm	
2-10	118-128	opgevangen	
2-11	129-133	word	
2-12	133-134	,	
2-13	135-138	kan	
2-14	139-142	men	
2-15	143-146	uit	
2-16	147-151	dien	
2-17	152-159	aanslag	
2-18	160-167	wederom	
2-19	168-174	Zwavel	
2-20	175-182	bekomen	
2-21	182-183	,	
2-22	184-187	die	
2-23	188-197	andermaal	
2-24	197-198	,	
2-25	199-201	in	
2-26	202-204	de	
2-27	205-209	lugt	
2-28	210-221	aangestoken	
2-29	222-227	zynde	
2-30	227-228	,	
2-31	229-237	ontvlamt	
2-32	239-240	J	
2-33	240-241	.	
2-34	242-244	le	
2-35	245-251	Francq	
2-36	252-255	van	
2-37	256-263	Berkhey	
2-38	263-264	,	
2-39	265-275	Natuurlyke	
2-40	276-284	historie	
2-41	285-288	van	
2-42	289-296	Holland	
2-43	296-297	.	

#Text=Deel 2
#Text=
#Text=\f
#Text=922
#Text=+
#Text=
#Text=
#Text=en verteert.
3-1	298-302	Deel	
3-2	303-304	2	
3-3	308-311	922	
3-4	312-313	+	
3-5	316-318	en	
3-6	319-327	verteert	
3-7	327-328	.	

#Text=De Zwavelvlam is altoos van een blaauwen helderen gloed, met eene
#Text=witte flikkering vermengd, en doet 's menschen aanschyn verbleeken: dog dezelve +DELFSTOFFEN.
4-1	329-331	De	
4-2	332-342	Zwavelvlam	
4-3	343-345	is	
4-4	346-352	altoos	
4-5	353-356	van	
4-6	357-360	een	
4-7	361-369	blaauwen	
4-8	370-378	helderen	
4-9	379-384	gloed	
4-10	384-385	,	
4-11	386-389	met	
4-12	390-394	eene	
4-13	395-400	witte	
4-14	401-411	flikkering	
4-15	412-420	vermengd	
4-16	420-421	,	
4-17	422-424	en	
4-18	425-429	doet	
4-19	430-431	'	
4-20	431-432	s	
4-21	433-441	menschen	
4-22	442-450	aanschyn	
4-23	451-461	verbleeken	
4-24	461-462	:	
4-25	463-466	dog	
4-26	467-474	dezelve	
4-27	475-476	+	
4-28	476-487	DELFSTOFFEN	
4-29	487-488	.	

#Text=slaat op Zilver of andere Metaalen niet aan;
#Text=ook deelt ze haren reuk niet mede aan
#Text=die Stoffen: waar uit volgt, dat, zoo de Zwavel aan Koper eenigen blaauwen aanslag,
#Text=of aan Zilver eenen zwartagtigen aanslag schyne te geeven, dit niet het Zwavel zuur
#Text=of deszelfs fyne Geest zy, maar slegts eene aardagtige Stoffe, die zig afscheid; ook
#Text=moet men den aanslag, hier bedoeld, tot gezuiverde Zwavel bepalen;
#Text='t welk egter
#Text=anders, buiten de Alcohol, alle, en zelfs de fynste olyen en geesten doen.
5-1	490-495	slaat	
5-2	496-498	op	
5-3	499-505	Zilver	
5-4	506-508	of	
5-5	509-515	andere	
5-6	516-524	Metaalen	
5-7	525-529	niet	
5-8	530-533	aan	
5-9	533-534	;	
5-10	535-538	ook	
5-11	539-544	deelt	
5-12	545-547	ze	
5-13	548-553	haren	
5-14	554-558	reuk	
5-15	559-563	niet	
5-16	564-568	mede	
5-17	569-572	aan	
5-18	573-576	die	
5-19	577-584	Stoffen	
5-20	584-585	:	
5-21	586-590	waar	
5-22	591-594	uit	
5-23	595-600	volgt	
5-24	600-601	,	
5-25	602-605	dat	
5-26	605-606	,	
5-27	607-610	zoo	
5-28	611-613	de	
5-29	614-620	Zwavel	
5-30	621-624	aan	
5-31	625-630	Koper	
5-32	631-638	eenigen	
5-33	639-647	blaauwen	
5-34	648-655	aanslag	
5-35	655-656	,	
5-36	657-659	of	
5-37	660-663	aan	
5-38	664-670	Zilver	
5-39	671-676	eenen	
5-40	677-689	zwartagtigen	
5-41	690-697	aanslag	
5-42	698-704	schyne	
5-43	705-707	te	
5-44	708-714	geeven	
5-45	714-715	,	
5-46	716-719	dit	
5-47	720-724	niet	
5-48	725-728	het	
5-49	729-735	Zwavel	
5-50	736-740	zuur	
5-51	741-743	of	
5-52	744-752	deszelfs	
5-53	753-757	fyne	
5-54	758-763	Geest	
5-55	764-766	zy	
5-56	766-767	,	
5-57	768-772	maar	
5-58	773-779	slegts	
5-59	780-784	eene	
5-60	785-795	aardagtige	
5-61	796-802	Stoffe	
5-62	802-803	,	
5-63	804-807	die	
5-64	808-811	zig	
5-65	812-820	afscheid	
5-66	820-821	;	
5-67	822-825	ook	
5-68	826-830	moet	
5-69	831-834	men	
5-70	835-838	den	
5-71	839-846	aanslag	
5-72	846-847	,	
5-73	848-852	hier	
5-74	853-860	bedoeld	
5-75	860-861	,	
5-76	862-865	tot	
5-77	866-876	gezuiverde	
5-78	877-883	Zwavel	
5-79	884-891	bepalen	
5-80	891-892	;	
5-81	893-894	'	
5-82	894-895	t	
5-83	896-900	welk	
5-84	901-906	egter	
5-85	907-913	anders	
5-86	913-914	,	
5-87	915-921	buiten	
5-88	922-924	de	
5-89	925-932	Alcohol	
5-90	932-933	,	
5-91	934-938	alle	
5-92	938-939	,	
5-93	940-942	en	
5-94	943-948	zelfs	
5-95	949-951	de	
5-96	952-958	fynste	
5-97	959-964	olyen	
5-98	965-967	en	
5-99	968-975	geesten	
5-100	976-980	doen	
5-101	980-981	.	

#Text=Als de vlam
#Text=eerst in de Zwavel ontstaat, is de reuk gantsch anders, dan wanneer ze doorbrand:
#Text=
#Text=
#Text=want eerst geeft ze een kennelyken Zwavelreuk van zig, maar daar na bespeurt men
#Text=een allerscherpsten Zuuren Geest, die allen Dieren doodlyk is;
#Text=houdende de Zwavel
#Text=het Vitrioolzuur dermaate in zig verbonden, dat het op geenerleie wyze in water kan
#Text=gesmolten worden.
#Text=(4)
#Text=Zwavel bemint het vaste Alkalyn, vereenigt zig daar mede
#Text=op een zagt vuur, en vormt het Zwavel smout, (Hepar Sulphuris.)
6-1	982-985	Als	
6-2	986-988	de	
6-3	989-993	vlam	
6-4	994-999	eerst	
6-5	1000-1002	in	
6-6	1003-1005	de	
6-7	1006-1012	Zwavel	
6-8	1013-1021	ontstaat	
6-9	1021-1022	,	
6-10	1023-1025	is	
6-11	1026-1028	de	
6-12	1029-1033	reuk	
6-13	1034-1041	gantsch	
6-14	1042-1048	anders	
6-15	1048-1049	,	
6-16	1050-1053	dan	
6-17	1054-1061	wanneer	
6-18	1062-1064	ze	
6-19	1065-1074	doorbrand	
6-20	1074-1075	:	
6-21	1078-1082	want	
6-22	1083-1088	eerst	
6-23	1089-1094	geeft	
6-24	1095-1097	ze	
6-25	1098-1101	een	
6-26	1102-1112	kennelyken	
6-27	1113-1123	Zwavelreuk	
6-28	1124-1127	van	
6-29	1128-1131	zig	
6-30	1131-1132	,	
6-31	1133-1137	maar	
6-32	1138-1142	daar	
6-33	1143-1145	na	
6-34	1146-1154	bespeurt	
6-35	1155-1158	men	
6-36	1159-1162	een	
6-37	1163-1178	allerscherpsten	
6-38	1179-1185	Zuuren	
6-39	1186-1191	Geest	
6-40	1191-1192	,	
6-41	1193-1196	die	
6-42	1197-1202	allen	
6-43	1203-1209	Dieren	
6-44	1210-1217	doodlyk	
6-45	1218-1220	is	
6-46	1220-1221	;	
6-47	1222-1230	houdende	
6-48	1231-1233	de	
6-49	1234-1240	Zwavel	
6-50	1241-1244	het	
6-51	1245-1257	Vitrioolzuur	
6-52	1258-1266	dermaate	
6-53	1267-1269	in	
6-54	1270-1273	zig	
6-55	1274-1283	verbonden	
6-56	1283-1284	,	
6-57	1285-1288	dat	
6-58	1289-1292	het	
6-59	1293-1295	op	
6-60	1296-1306	geenerleie	
6-61	1307-1311	wyze	
6-62	1312-1314	in	
6-63	1315-1320	water	
6-64	1321-1324	kan	
6-65	1325-1334	gesmolten	
6-66	1335-1341	worden	
6-67	1341-1342	.	
6-68	1343-1344	(	
6-69	1344-1345	4	
6-70	1345-1346	)	
6-71	1347-1353	Zwavel	
6-72	1354-1360	bemint	
6-73	1361-1364	het	
6-74	1365-1370	vaste	
6-75	1371-1378	Alkalyn	
6-76	1378-1379	,	
6-77	1380-1389	vereenigt	
6-78	1390-1393	zig	
6-79	1394-1398	daar	
6-80	1399-1403	mede	
6-81	1404-1406	op	
6-82	1407-1410	een	
6-83	1411-1415	zagt	
6-84	1416-1420	vuur	
6-85	1420-1421	,	
6-86	1422-1424	en	
6-87	1425-1430	vormt	
6-88	1431-1434	het	
6-89	1435-1441	Zwavel	
6-90	1442-1447	smout	
6-91	1447-1448	,	
6-92	1449-1450	(	
6-93	1450-1455	Hepar	
6-94	1456-1465	Sulphuris	
6-95	1465-1466	.	
6-96	1466-1467	)	

#Text=Door deeze
#Text=vermenging word de Zwavel indiervoegen veranderd, dat zy zig in 't water ontbind,
#Text=en in de open lugt week word;
#Text=zoo dat zy, met het water vereenigd, door lekpapier
#Text=heenen lekt, als een smeerig Smout of Zeep.
7-1	1468-1472	Door	
7-2	1473-1478	deeze	
7-3	1479-1489	vermenging	
7-4	1490-1494	word	
7-5	1495-1497	de	
7-6	1498-1504	Zwavel	
7-7	1505-1517	indiervoegen	
7-8	1518-1527	veranderd	
7-9	1527-1528	,	
7-10	1529-1532	dat	
7-11	1533-1535	zy	
7-12	1536-1539	zig	
7-13	1540-1542	in	
7-14	1543-1544	'	
7-15	1544-1545	t	
7-16	1546-1551	water	
7-17	1552-1559	ontbind	
7-18	1559-1560	,	
7-19	1561-1563	en	
7-20	1564-1566	in	
7-21	1567-1569	de	
7-22	1570-1574	open	
7-23	1575-1579	lugt	
7-24	1580-1584	week	
7-25	1585-1589	word	
7-26	1589-1590	;	
7-27	1591-1594	zoo	
7-28	1595-1598	dat	
7-29	1599-1601	zy	
7-30	1601-1602	,	
7-31	1603-1606	met	
7-32	1607-1610	het	
7-33	1611-1616	water	
7-34	1617-1626	vereenigd	
7-35	1626-1627	,	
7-36	1628-1632	door	
7-37	1633-1642	lekpapier	
7-38	1643-1649	heenen	
7-39	1650-1654	lekt	
7-40	1654-1655	,	
7-41	1656-1659	als	
7-42	1660-1663	een	
7-43	1664-1671	smeerig	
7-44	1672-1677	Smout	
7-45	1678-1680	of	
7-46	1681-1685	Zeep	
7-47	1685-1686	.	
