#FORMAT=WebAnno TSV 3.3
#T_SP=custom.Span|label
#T_RL=custom.Relation|label|BT_custom.Span


#Text=Hauptbeſchreibung erſten Theils fuͤnfftes
#Text=Buch.
1-1	3-20	Hauptbeſchreibung	_	_	_	
1-2	21-27	erſten	_	_	_	
1-3	28-34	Theils	_	_	_	
1-4	35-44	fuͤnfftes	_	_	_	
1-5	45-49	Buch	_	_	_	
1-6	49-50	.	_	_	_	

#Text=ſehr lieblich anzuſchauen, waͤchſt
#Text=haͤuf-
#Text=fig in der Jnſel Candien, davon es auch
#Text=den Zunamen hat erhalten.
2-1	54-58	ſehr	_	_	_	
2-2	59-67	lieblich	_	_	_	
2-3	68-79	anzuſchauen	_	_	_	
2-4	79-80	,	_	_	_	
2-5	81-88	waͤchſt	_	_	_	
2-6	89-94	haͤuf	_	_	_	
2-7	94-95	-	_	_	_	
2-8	96-99	fig	_	_	_	
2-9	100-102	in	_	_	_	
2-10	103-106	der	_	_	_	
2-11	107-112	Jnſel	_	_	_	
2-12	113-120	Candien	_	_	_	
2-13	120-121	,	_	_	_	
2-14	122-127	davon	_	_	_	
2-15	128-130	es	_	_	_	
2-16	131-135	auch	_	_	_	
2-17	136-139	den	_	_	_	
2-18	140-147	Zunamen	_	_	_	
2-19	148-151	hat	_	_	_	
2-20	152-160	erhalten	_	_	_	
2-21	160-161	.	_	_	_	

#Text=Man ſoll den Diptam erwehlen, wel-
#Text=cher friſch iſt, daran die Blaͤtter weiß,
#Text=breit, weich und wollicht ſind, und der
#Text=einen lieblichen aromatiſchen Geſchmack
#Text=
#Text=hat.
3-1	165-168	Man	_	_	_	
3-2	169-173	ſoll	_	_	_	
3-3	174-177	den	_	_	_	
3-4	178-184	Diptam	_	_	_	
3-5	185-193	erwehlen	_	_	_	
3-6	193-194	,	_	_	_	
3-7	195-198	wel	_	_	_	
3-8	198-199	-	_	_	_	
3-9	200-204	cher	_	_	_	
3-10	205-211	friſch	_	_	_	
3-11	212-215	iſt	_	_	_	
3-12	215-216	,	_	_	_	
3-13	217-222	daran	_	_	_	
3-14	223-226	die	_	_	_	
3-15	227-235	Blaͤtter	_	_	_	
3-16	236-240	weiß	_	_	_	
3-17	240-241	,	_	_	_	
3-18	242-247	breit	_	_	_	
3-19	247-248	,	_	_	_	
3-20	249-254	weich	_	_	_	
3-21	255-258	und	_	_	_	
3-22	259-267	wollicht	_	_	_	
3-23	268-272	ſind	_	_	_	
3-24	272-273	,	_	_	_	
3-25	274-277	und	_	_	_	
3-26	278-281	der	_	_	_	
3-27	282-287	einen	_	_	_	
3-28	288-298	lieblichen	_	_	_	
3-29	299-311	aromatiſchen	_	_	_	
3-30	312-321	Geſchmack	_	_	_	
3-31	323-326	hat	_	_	_	
3-32	326-327	.	_	_	_	

#Text=Auch ſoll man den Diptam, der
#Text=die meiſten blaulichten Bluͤmlein hat,
#Text=dem andern vorziehen;
#Text=hingegen den
#Text=wegwerffen, der kleine Blaͤttlein hat, die
#Text=
#Text=nicht wollicht ſind, und darunter mehr
#Text=kleine Hoͤltzlein und Spaͤnlein, als Blaͤt-
#Text=ter befindlich.
4-1	328-332	Auch	_	_	_	
4-2	333-337	ſoll	_	_	_	
4-3	338-341	man	_	_	_	
4-4	342-345	den	_	_	_	
4-5	346-352	Diptam	_	_	_	
4-6	352-353	,	_	_	_	
4-7	354-357	der	_	_	_	
4-8	358-361	die	_	_	_	
4-9	362-369	meiſten	_	_	_	
4-10	370-381	blaulichten	_	_	_	
4-11	382-391	Bluͤmlein	_	_	_	
4-12	392-395	hat	_	_	_	
4-13	395-396	,	_	_	_	
4-14	397-400	dem	_	_	_	
4-15	401-407	andern	_	_	_	
4-16	408-417	vorziehen	_	_	_	
4-17	417-418	;	_	_	_	
4-18	419-427	hingegen	_	_	_	
4-19	428-431	den	_	_	_	
4-20	432-442	wegwerffen	_	_	_	
4-21	442-443	,	_	_	_	
4-22	444-447	der	_	_	_	
4-23	448-454	kleine	_	_	_	
4-24	455-465	Blaͤttlein	_	_	_	
4-25	466-469	hat	_	_	_	
4-26	469-470	,	_	_	_	
4-27	471-474	die	_	_	_	
4-28	476-481	nicht	_	_	_	
4-29	482-490	wollicht	_	_	_	
4-30	491-495	ſind	_	_	_	
4-31	495-496	,	_	_	_	
4-32	497-500	und	_	_	_	
4-33	501-509	darunter	_	_	_	
4-34	510-514	mehr	_	_	_	
4-35	515-521	kleine	_	_	_	
4-36	522-532	Hoͤltzlein	_	_	_	
4-37	533-536	und	_	_	_	
4-38	537-546	Spaͤnlein	_	_	_	
4-39	546-547	,	_	_	_	
4-40	548-551	als	_	_	_	
4-41	552-557	Blaͤt	_	_	_	
4-42	557-558	-	_	_	_	
4-43	559-562	ter	_	_	_	
4-44	563-573	befindlich	_	_	_	
4-45	573-574	.	_	_	_	

#Text=Der Cretiſche Diptam wird eini-
#Text=ger maſſen zur Artzney gebraucht, weil
#Text=er hitzig und aromatiſch iſt:
#Text=er wird auch
#Text=zum Theriac genommen, dazu er dann
#Text=keiner andern Zurichtung von noͤthen
#Text=
#Text=hat, als daß er, wie gemeldet, ausgeſucht,
#Text=und von den Reißlein und andern Unra-
#Text=the geſaubert werde.
5-1	578-581	Der	_	_	_	
5-2	582-591	Cretiſche	Smell\_Source[1]	_	_	
5-3	592-598	Diptam	Smell\_Source[1]	_	_	
5-4	599-603	wird	_	_	_	
5-5	604-608	eini	_	_	_	
5-6	608-609	-	_	_	_	
5-7	610-613	ger	_	_	_	
5-8	614-620	maſſen	_	_	_	
5-9	621-624	zur	_	_	_	
5-10	625-632	Artzney	_	_	_	
5-11	633-642	gebraucht	_	_	_	
5-12	642-643	,	_	_	_	
5-13	644-648	weil	_	_	_	
5-14	649-651	er	_	_	_	
5-15	652-658	hitzig	_	_	_	
5-16	659-662	und	_	_	_	
5-17	663-673	aromatiſch	Smell\_Word	*	5-2[1_0]	
5-18	674-677	iſt	_	_	_	
5-19	677-678	:	_	_	_	
5-20	679-681	er	_	_	_	
5-21	682-686	wird	_	_	_	
5-22	687-691	auch	_	_	_	
5-23	692-695	zum	_	_	_	
5-24	696-703	Theriac	_	_	_	
5-25	704-712	genommen	_	_	_	
5-26	712-713	,	_	_	_	
5-27	714-718	dazu	_	_	_	
5-28	719-721	er	_	_	_	
5-29	722-726	dann	_	_	_	
5-30	727-733	keiner	_	_	_	
5-31	734-740	andern	_	_	_	
5-32	741-751	Zurichtung	_	_	_	
5-33	752-755	von	_	_	_	
5-34	756-763	noͤthen	_	_	_	
5-35	765-768	hat	_	_	_	
5-36	768-769	,	_	_	_	
5-37	770-773	als	_	_	_	
5-38	774-777	daß	_	_	_	
5-39	778-780	er	_	_	_	
5-40	780-781	,	_	_	_	
5-41	782-785	wie	_	_	_	
5-42	786-794	gemeldet	_	_	_	
5-43	794-795	,	_	_	_	
5-44	796-806	ausgeſucht	_	_	_	
5-45	806-807	,	_	_	_	
5-46	808-811	und	_	_	_	
5-47	812-815	von	_	_	_	
5-48	816-819	den	_	_	_	
5-49	820-828	Reißlein	_	_	_	
5-50	829-832	und	_	_	_	
5-51	833-839	andern	_	_	_	
5-52	840-844	Unra	_	_	_	
5-53	844-845	-	_	_	_	
5-54	846-849	the	_	_	_	
5-55	850-859	geſaubert	_	_	_	
5-56	860-865	werde	_	_	_	
5-57	865-866	.	_	_	_	

#Text=Das andere Capitel.
6-1	871-874	Das	_	_	_	
6-2	875-881	andere	_	_	_	
6-3	882-889	Capitel	_	_	_	
6-4	889-890	.	_	_	_	

#Text=Vom Berg-Poley.
7-1	893-896	Vom	_	_	_	
7-2	897-907	Berg-Poley	_	_	_	
7-3	907-908	.	_	_	_	

#Text=POlium montanum iſt ein Gewaͤchs,
#Text=des halben Fuſſes hoch, hat kleine,
#Text=dicke, ausgekerbte Blaͤtter, die oben und
#Text=unten mit einer goldgelben Wolle bele-
#Text=get ſind: die Bluͤmlein, welche ſich wie
#Text=Sternlein ausbreiten, ſind goldfarben,
#Text=ſehr lieblich anzuſehen.
8-1	911-917	POlium	_	_	_	
8-2	918-926	montanum	_	_	_	
8-3	927-930	iſt	_	_	_	
8-4	931-934	ein	_	_	_	
8-5	935-943	Gewaͤchs	_	_	_	
8-6	943-944	,	_	_	_	
8-7	945-948	des	_	_	_	
8-8	949-955	halben	_	_	_	
8-9	956-962	Fuſſes	_	_	_	
8-10	963-967	hoch	_	_	_	
8-11	967-968	,	_	_	_	
8-12	969-972	hat	_	_	_	
8-13	973-979	kleine	_	_	_	
8-14	979-980	,	_	_	_	
8-15	981-986	dicke	_	_	_	
8-16	986-987	,	_	_	_	
8-17	988-999	ausgekerbte	_	_	_	
8-18	1000-1008	Blaͤtter	_	_	_	
8-19	1008-1009	,	_	_	_	
8-20	1010-1013	die	_	_	_	
8-21	1014-1018	oben	_	_	_	
8-22	1019-1022	und	_	_	_	
8-23	1023-1028	unten	_	_	_	
8-24	1029-1032	mit	_	_	_	
8-25	1033-1038	einer	_	_	_	
8-26	1039-1049	goldgelben	_	_	_	
8-27	1050-1055	Wolle	_	_	_	
8-28	1056-1060	bele	_	_	_	
8-29	1060-1061	-	_	_	_	
8-30	1062-1065	get	_	_	_	
8-31	1066-1070	ſind	_	_	_	
8-32	1070-1071	:	_	_	_	
8-33	1072-1075	die	_	_	_	
8-34	1076-1085	Bluͤmlein	_	_	_	
8-35	1085-1086	,	_	_	_	
8-36	1087-1093	welche	_	_	_	
8-37	1094-1098	ſich	_	_	_	
8-38	1099-1102	wie	_	_	_	
8-39	1103-1112	Sternlein	_	_	_	
8-40	1113-1123	ausbreiten	_	_	_	
8-41	1123-1124	,	_	_	_	
8-42	1125-1129	ſind	_	_	_	
8-43	1130-1140	goldfarben	_	_	_	
8-44	1140-1141	,	_	_	_	
8-45	1142-1146	ſehr	_	_	_	
8-46	1147-1155	lieblich	_	_	_	
8-47	1156-1165	anzuſehen	_	_	_	
8-48	1165-1166	.	_	_	_	

#Text=Dieſes
9-1	1170-1176	Dieſes	_	_	_	
