#FORMAT=WebAnno TSV 3.3


#Text=21
#Text=
#Text=
#Text=Ick hebbe kennisse van allen, beyde van verborgen ende openbare dingen: want de wijsheyt, die van alle dingen een konstenaresse is, heeft’se my geleert.
#Text=
#Text=22
#Text=
#Text=Want in haer
#Text=is een geest die verstandigh is, heyligh, eenigh, veeldeeligh, subtijl, veerdigh, hel, onbesmet, klaer, onverseerlick, beminnende het goet, scherp, die niet en kan verhindert worden, weldadigh,
#Text=23
#Text=Vriendelick, vast, seker, onbekommert, die alles vermagh, die op alles siet, ende die door alle verstandige, reyne, subtijle geesten gaet.
#Text=
#Text=24
#Text=
#Text=Want de wijsheyt is beweeghlicker dan alle beweginge:
#Text=ende vaert door, ende gaet door alle dingen van wegen hare reynigheyt.
#Text=
#Text=25
#Text=
#Text=Want sy is een damp der kracht Godts, ende een suyvere uytvloeyinge der heerlickheyt des Almachtigen: daerom en valt in haer niets dat besmet is.
#Text=
#Text=26
#Text=
#Text=Want sy is een afschijnsel des eeuwigen lichts, ende een onbevleckte spiegel van Godts werckende kracht, ende een beelt sijner goedigheyt.
#Text=
#Text=27
#Text=
#Text=Ende
#Text=eenigh
#Text=zijnde kan sy alles doen:
#Text=ende blijvende in haer selven, vernieuwt sy alle dingen:
#Text=ende van geslachte tot geslachte, in de heylige zielen overgaende, maeckt sy vrienden Godts ende Propheten.
#Text=
#Text=28
1-1	3-5	21	
1-2	8-11	Ick	
1-3	12-17	hebbe	
1-4	18-26	kennisse	
1-5	27-30	van	
1-6	31-36	allen	
1-7	36-37	,	
1-8	38-43	beyde	
1-9	44-47	van	
1-10	48-57	verborgen	
1-11	58-62	ende	
1-12	63-71	openbare	
1-13	72-78	dingen	
1-14	78-79	:	
1-15	80-84	want	
1-16	85-87	de	
1-17	88-96	wijsheyt	
1-18	96-97	,	
1-19	98-101	die	
1-20	102-105	van	
1-21	106-110	alle	
1-22	111-117	dingen	
1-23	118-121	een	
1-24	122-135	konstenaresse	
1-25	136-138	is	
1-26	138-139	,	
1-27	140-145	heeft	
1-28	145-146	’	
1-29	146-148	se	
1-30	149-151	my	
1-31	152-159	geleert	
1-32	159-160	.	
1-33	162-164	22	
1-34	166-170	Want	
1-35	171-173	in	
1-36	174-178	haer	
1-37	179-181	is	
1-38	182-185	een	
1-39	186-191	geest	
1-40	192-195	die	
1-41	196-207	verstandigh	
1-42	208-210	is	
1-43	210-211	,	
1-44	212-219	heyligh	
1-45	219-220	,	
1-46	221-227	eenigh	
1-47	227-228	,	
1-48	229-240	veeldeeligh	
1-49	240-241	,	
1-50	242-249	subtijl	
1-51	249-250	,	
1-52	251-259	veerdigh	
1-53	259-260	,	
1-54	261-264	hel	
1-55	264-265	,	
1-56	266-274	onbesmet	
1-57	274-275	,	
1-58	276-281	klaer	
1-59	281-282	,	
1-60	283-296	onverseerlick	
1-61	296-297	,	
1-62	298-308	beminnende	
1-63	309-312	het	
1-64	313-317	goet	
1-65	317-318	,	
1-66	319-325	scherp	
1-67	325-326	,	
1-68	327-330	die	
1-69	331-335	niet	
1-70	336-338	en	
1-71	339-342	kan	
1-72	343-353	verhindert	
1-73	354-360	worden	
1-74	360-361	,	
1-75	362-371	weldadigh	
1-76	371-372	,	
1-77	373-375	23	
1-78	376-387	Vriendelick	
1-79	387-388	,	
1-80	389-393	vast	
1-81	393-394	,	
1-82	395-400	seker	
1-83	400-401	,	
1-84	402-413	onbekommert	
1-85	413-414	,	
1-86	415-418	die	
1-87	419-424	alles	
1-88	425-432	vermagh	
1-89	432-433	,	
1-90	434-437	die	
1-91	438-440	op	
1-92	441-446	alles	
1-93	447-451	siet	
1-94	451-452	,	
1-95	453-457	ende	
1-96	458-461	die	
1-97	462-466	door	
1-98	467-471	alle	
1-99	472-483	verstandige	
1-100	483-484	,	
1-101	485-490	reyne	
1-102	490-491	,	
1-103	492-500	subtijle	
1-104	501-508	geesten	
1-105	509-513	gaet	
1-106	513-514	.	
1-107	516-518	24	
1-108	520-524	Want	
1-109	525-527	de	
1-110	528-536	wijsheyt	
1-111	537-539	is	
1-112	540-553	beweeghlicker	
1-113	554-557	dan	
1-114	558-562	alle	
1-115	563-572	beweginge	
1-116	572-573	:	
1-117	574-578	ende	
1-118	579-584	vaert	
1-119	585-589	door	
1-120	589-590	,	
1-121	591-595	ende	
1-122	596-600	gaet	
1-123	601-605	door	
1-124	606-610	alle	
1-125	611-617	dingen	
1-126	618-621	van	
1-127	622-627	wegen	
1-128	628-632	hare	
1-129	633-643	reynigheyt	
1-130	643-644	.	
1-131	646-648	25	
1-132	650-654	Want	
1-133	655-657	sy	
1-134	658-660	is	
1-135	661-664	een	
1-136	665-669	damp	
1-137	670-673	der	
1-138	674-680	kracht	
1-139	681-686	Godts	
1-140	686-687	,	
1-141	688-692	ende	
1-142	693-696	een	
1-143	697-704	suyvere	
1-144	705-717	uytvloeyinge	
1-145	718-721	der	
1-146	722-734	heerlickheyt	
1-147	735-738	des	
1-148	739-750	Almachtigen	
1-149	750-751	:	
1-150	752-758	daerom	
1-151	759-761	en	
1-152	762-766	valt	
1-153	767-769	in	
1-154	770-774	haer	
1-155	775-780	niets	
1-156	781-784	dat	
1-157	785-791	besmet	
1-158	792-794	is	
1-159	794-795	.	
1-160	797-799	26	
1-161	801-805	Want	
1-162	806-808	sy	
1-163	809-811	is	
1-164	812-815	een	
1-165	816-827	afschijnsel	
1-166	828-831	des	
1-167	832-840	eeuwigen	
1-168	841-847	lichts	
1-169	847-848	,	
1-170	849-853	ende	
1-171	854-857	een	
1-172	858-869	onbevleckte	
1-173	870-877	spiegel	
1-174	878-881	van	
1-175	882-887	Godts	
1-176	888-897	werckende	
1-177	898-904	kracht	
1-178	904-905	,	
1-179	906-910	ende	
1-180	911-914	een	
1-181	915-920	beelt	
1-182	921-927	sijner	
1-183	928-938	goedigheyt	
1-184	938-939	.	
1-185	941-943	27	
1-186	945-949	Ende	
1-187	950-956	eenigh	
1-188	957-963	zijnde	
1-189	964-967	kan	
1-190	968-970	sy	
1-191	971-976	alles	
1-192	977-981	doen	
1-193	981-982	:	
1-194	983-987	ende	
1-195	988-997	blijvende	
1-196	998-1000	in	
1-197	1001-1005	haer	
1-198	1006-1012	selven	
1-199	1012-1013	,	
1-200	1014-1023	vernieuwt	
1-201	1024-1026	sy	
1-202	1027-1031	alle	
1-203	1032-1038	dingen	
1-204	1038-1039	:	
1-205	1040-1044	ende	
1-206	1045-1048	van	
1-207	1049-1058	geslachte	
1-208	1059-1062	tot	
1-209	1063-1072	geslachte	
1-210	1072-1073	,	
1-211	1074-1076	in	
1-212	1077-1079	de	
1-213	1080-1087	heylige	
1-214	1088-1094	zielen	
1-215	1095-1105	overgaende	
1-216	1105-1106	,	
1-217	1107-1113	maeckt	
1-218	1114-1116	sy	
1-219	1117-1125	vrienden	
1-220	1126-1131	Godts	
1-221	1132-1136	ende	
1-222	1137-1146	Propheten	
1-223	1146-1147	.	
1-224	1149-1151	28	
