#FORMAT=WebAnno TSV 3.3


#Text=Wilt gy zwarte hebben, neem Galnoten en Vitriool, kook het in ’t water, daar gy
#Text=de aarde mede besproejen zult;
#Text=men moet het des nachts niet in de open lucht laten
#Text=staan, op dat het niet en vervliege.
1-1	3-7	Wilt	
1-2	8-10	gy	
1-3	11-17	zwarte	
1-4	18-24	hebben	
1-5	24-25	,	
1-6	26-30	neem	
1-7	31-39	Galnoten	
1-8	40-42	en	
1-9	43-51	Vitriool	
1-10	51-52	,	
1-11	53-57	kook	
1-12	58-61	het	
1-13	62-64	in	
1-14	65-66	’	
1-15	66-67	t	
1-16	68-73	water	
1-17	73-74	,	
1-18	75-79	daar	
1-19	80-82	gy	
1-20	83-85	de	
1-21	86-91	aarde	
1-22	92-96	mede	
1-23	97-107	besproejen	
1-24	108-112	zult	
1-25	112-113	;	
1-26	114-117	men	
1-27	118-122	moet	
1-28	123-126	het	
1-29	127-130	des	
1-30	131-137	nachts	
1-31	138-142	niet	
1-32	143-145	in	
1-33	146-148	de	
1-34	149-153	open	
1-35	154-159	lucht	
1-36	160-165	laten	
1-37	166-171	staan	
1-38	171-172	,	
1-39	173-175	op	
1-40	176-179	dat	
1-41	180-183	het	
1-42	184-188	niet	
1-43	189-191	en	
1-44	192-201	vervliege	
1-45	201-202	.	

#Text=Om de waarheid te zeggen, de Bloemen neemt niet gans en al de natuurlyke kleur
#Text=aan van die, welke gy hem geeft;
#Text=zo dat zy schynen van twe kleuren gemengd te
#Text=wezen.
2-1	205-207	Om	
2-2	208-210	de	
2-3	211-219	waarheid	
2-4	220-222	te	
2-5	223-229	zeggen	
2-6	229-230	,	
2-7	231-233	de	
2-8	234-241	Bloemen	
2-9	242-247	neemt	
2-10	248-252	niet	
2-11	253-257	gans	
2-12	258-260	en	
2-13	261-263	al	
2-14	264-266	de	
2-15	267-277	natuurlyke	
2-16	278-283	kleur	
2-17	284-287	aan	
2-18	288-291	van	
2-19	292-295	die	
2-20	295-296	,	
2-21	297-302	welke	
2-22	303-305	gy	
2-23	306-309	hem	
2-24	310-315	geeft	
2-25	315-316	;	
2-26	317-319	zo	
2-27	320-323	dat	
2-28	324-326	zy	
2-29	327-334	schynen	
2-30	335-338	van	
2-31	339-342	twe	
2-32	343-350	kleuren	
2-33	351-358	gemengd	
2-34	359-361	te	
2-35	362-367	wezen	
2-36	367-368	.	

#Text=Wilt gy ze hebben van drie kleuren, zult gy ze ’s morgens met het water van de
#Text=kleur besproejen, welke gy wilt aan enen kant van den Boom, en de andere kant met
#Text=het water van een andere kleur den volgenden dag.
3-1	370-374	Wilt	
3-2	375-377	gy	
3-3	378-380	ze	
3-4	381-387	hebben	
3-5	388-391	van	
3-6	392-396	drie	
3-7	397-404	kleuren	
3-8	404-405	,	
3-9	406-410	zult	
3-10	411-413	gy	
3-11	414-416	ze	
3-12	417-418	’	
3-13	418-419	s	
3-14	420-427	morgens	
3-15	428-431	met	
3-16	432-435	het	
3-17	436-441	water	
3-18	442-445	van	
3-19	446-448	de	
3-20	449-454	kleur	
3-21	455-465	besproejen	
3-22	465-466	,	
3-23	467-472	welke	
3-24	473-475	gy	
3-25	476-480	wilt	
3-26	481-484	aan	
3-27	485-489	enen	
3-28	490-494	kant	
3-29	495-498	van	
3-30	499-502	den	
3-31	503-507	Boom	
3-32	507-508	,	
3-33	509-511	en	
3-34	512-514	de	
3-35	515-521	andere	
3-36	522-526	kant	
3-37	527-530	met	
3-38	531-534	het	
3-39	535-540	water	
3-40	541-544	van	
3-41	545-548	een	
3-42	549-555	andere	
3-43	556-561	kleur	
3-44	562-565	den	
3-45	566-575	volgenden	
3-46	576-579	dag	
3-47	579-580	.	

#Text=Week ze daar by met enig ander
#Text=gekleurd water: maar zo, dat gy van hout verandert.
4-1	581-585	Week	
4-2	586-588	ze	
4-3	589-593	daar	
4-4	594-596	by	
4-5	597-600	met	
4-6	601-605	enig	
4-7	606-611	ander	
4-8	612-620	gekleurd	
4-9	621-626	water	
4-10	626-627	:	
4-11	628-632	maar	
4-12	633-635	zo	
4-13	635-636	,	
4-14	637-640	dat	
4-15	641-643	gy	
4-16	644-647	van	
4-17	648-652	hout	
4-18	653-662	verandert	
4-19	662-663	.	

#Text=Dit zal geschieden, zo gy daar
#Text=van ’s avonds giet aan de zelfde kant; en dus schynt die Plant na zyne eigen natuurlyke
#Text=kleur, en zal hebben drie kleuren, uit welke drie anderen kunnen voortkomen.
5-1	664-667	Dit	
5-2	668-671	zal	
5-3	672-682	geschieden	
5-4	682-683	,	
5-5	684-686	zo	
5-6	687-689	gy	
5-7	690-694	daar	
5-8	695-698	van	
5-9	699-700	’	
5-10	700-701	s	
5-11	702-708	avonds	
5-12	709-713	giet	
5-13	714-717	aan	
5-14	718-720	de	
5-15	721-727	zelfde	
5-16	728-732	kant	
5-17	732-733	;	
5-18	734-736	en	
5-19	737-740	dus	
5-20	741-747	schynt	
5-21	748-751	die	
5-22	752-757	Plant	
5-23	758-760	na	
5-24	761-765	zyne	
5-25	766-771	eigen	
5-26	772-782	natuurlyke	
5-27	783-788	kleur	
5-28	788-789	,	
5-29	790-792	en	
5-30	793-796	zal	
5-31	797-803	hebben	
5-32	804-808	drie	
5-33	809-816	kleuren	
5-34	816-817	,	
5-35	818-821	uit	
5-36	822-827	welke	
5-37	828-832	drie	
5-38	833-840	anderen	
5-39	841-847	kunnen	
5-40	848-858	voortkomen	
5-41	858-859	.	

#Text=M.
6-1	862-863	M	
6-2	863-864	.	

#Text=Noel Chomel, Huishoudelyk woordboek
#Text=
#Text=\f
#Text=Om Rosen van goede geur te hebben.
7-1	865-869	Noel	
7-2	870-876	Chomel	
7-3	876-877	,	
7-4	878-890	Huishoudelyk	
7-5	891-900	woordboek	
7-6	904-906	Om	
7-7	907-912	Rosen	
7-8	913-916	van	
7-9	917-922	goede	
7-10	923-927	geur	
7-11	928-930	te	
7-12	931-937	hebben	
7-13	937-938	.	

#Text=De Rosen zyn van beter geur, als gy’er Look by plant; want gelykze alle hunne kragt
#Text=door de koude verliezen, zo krygen zy ze weder door de warmte.
8-1	940-942	De	
8-2	943-948	Rosen	
8-3	949-952	zyn	
8-4	953-956	van	
8-5	957-962	beter	
8-6	963-967	geur	
8-7	967-968	,	
8-8	969-972	als	
8-9	973-975	gy	
8-10	975-976	’	
8-11	976-978	er	
8-12	979-983	Look	
8-13	984-986	by	
8-14	987-992	plant	
8-15	992-993	;	
8-16	994-998	want	
8-17	999-1006	gelykze	
8-18	1007-1011	alle	
8-19	1012-1017	hunne	
8-20	1018-1023	kragt	
8-21	1024-1028	door	
8-22	1029-1031	de	
8-23	1032-1037	koude	
8-24	1038-1047	verliezen	
8-25	1047-1048	,	
8-26	1049-1051	zo	
8-27	1052-1058	krygen	
8-28	1059-1061	zy	
8-29	1062-1064	ze	
8-30	1065-1070	weder	
8-31	1071-1075	door	
8-32	1076-1078	de	
8-33	1079-1085	warmte	
8-34	1085-1086	.	

#Text=Om de Rosen een gans jaar rood te bewaren.
9-1	1090-1092	Om	
9-2	1093-1095	de	
9-3	1096-1101	Rosen	
9-4	1102-1105	een	
9-5	1106-1110	gans	
9-6	1111-1115	jaar	
9-7	1116-1120	rood	
9-8	1121-1123	te	
9-9	1124-1131	bewaren	
9-10	1131-1132	.	

#Text=Men moet de Rosen afplukken, als zy half open zyn, daar na hebben een Pot van
#Text=aarde, die wel is gebakken, en ze in den Oven weder over doen bakken.
10-1	1135-1138	Men	
10-2	1139-1143	moet	
10-3	1144-1146	de	
10-4	1147-1152	Rosen	
10-5	1153-1162	afplukken	
10-6	1162-1163	,	
10-7	1164-1167	als	
10-8	1168-1170	zy	
10-9	1171-1175	half	
10-10	1176-1180	open	
10-11	1181-1184	zyn	
10-12	1184-1185	,	
10-13	1186-1190	daar	
10-14	1191-1193	na	
10-15	1194-1200	hebben	
10-16	1201-1204	een	
10-17	1205-1208	Pot	
10-18	1209-1212	van	
10-19	1213-1218	aarde	
10-20	1218-1219	,	
10-21	1220-1223	die	
10-22	1224-1227	wel	
10-23	1228-1230	is	
10-24	1231-1239	gebakken	
10-25	1239-1240	,	
10-26	1241-1243	en	
10-27	1244-1246	ze	
10-28	1247-1249	in	
10-29	1250-1253	den	
10-30	1254-1258	Oven	
10-31	1259-1264	weder	
10-32	1265-1269	over	
10-33	1270-1274	doen	
10-34	1275-1281	bakken	
10-35	1281-1282	.	

#Text=Neem daar
#Text=na uwe Rosen en zet ze overeind, drukkende den enen tegen den anderen.
11-1	1283-1287	Neem	
11-2	1288-1292	daar	
11-3	1293-1295	na	
11-4	1296-1299	uwe	
11-5	1300-1305	Rosen	
11-6	1306-1308	en	
11-7	1309-1312	zet	
11-8	1313-1315	ze	
11-9	1316-1324	overeind	
11-10	1324-1325	,	
11-11	1326-1335	drukkende	
11-12	1336-1339	den	
11-13	1340-1344	enen	
11-14	1345-1350	tegen	
11-15	1351-1354	den	
11-16	1355-1362	anderen	
11-17	1362-1363	.	

#Text=Maak daar
#Text=een laag van, en strooi’er Nagels en Spykers overheen, die, als Spykers van Latten
#Text=zyn, ga daar mede voort, tot dat de Pot vol is.
12-1	1364-1368	Maak	
12-2	1369-1373	daar	
12-3	1374-1377	een	
12-4	1378-1382	laag	
12-5	1383-1386	van	
12-6	1386-1387	,	
12-7	1388-1390	en	
12-8	1391-1397	strooi	
12-9	1397-1398	’	
12-10	1398-1400	er	
12-11	1401-1407	Nagels	
12-12	1408-1410	en	
12-13	1411-1418	Spykers	
12-14	1419-1427	overheen	
12-15	1427-1428	,	
12-16	1429-1432	die	
12-17	1432-1433	,	
12-18	1434-1437	als	
12-19	1438-1445	Spykers	
12-20	1446-1449	van	
12-21	1450-1456	Latten	
12-22	1457-1460	zyn	
12-23	1460-1461	,	
12-24	1462-1464	ga	
12-25	1465-1469	daar	
12-26	1470-1474	mede	
12-27	1475-1480	voort	
12-28	1480-1481	,	
12-29	1482-1485	tot	
12-30	1486-1489	dat	
12-31	1490-1492	de	
12-32	1493-1496	Pot	
12-33	1497-1500	vol	
12-34	1501-1503	is	
12-35	1503-1504	.	

#Text=De laatste laag moet van Nagels zyn.
13-1	1505-1507	De	
13-2	1508-1515	laatste	
13-3	1516-1520	laag	
13-4	1521-1525	moet	
13-5	1526-1529	van	
13-6	1530-1536	Nagels	
13-7	1537-1540	zyn	
13-8	1540-1541	.	

#Text=Sluit eindlyk de Pot zo wel, dat’er gene lucht uitkome.
14-1	1543-1548	Sluit	
14-2	1549-1556	eindlyk	
14-3	1557-1559	de	
14-4	1560-1563	Pot	
14-5	1564-1566	zo	
14-6	1567-1570	wel	
14-7	1570-1571	,	
14-8	1572-1575	dat	
14-9	1575-1576	’	
14-10	1576-1578	er	
14-11	1579-1583	gene	
14-12	1584-1589	lucht	
14-13	1590-1597	uitkome	
14-14	1597-1598	.	

#Text=Deze Spykers, die men over
#Text=Kruidnagels heen moet leggen, dienen, om de hoogrode kleur der Rozen te bewaren;
15-1	1599-1603	Deze	
15-2	1604-1611	Spykers	
15-3	1611-1612	,	
15-4	1613-1616	die	
15-5	1617-1620	men	
15-6	1621-1625	over	
15-7	1626-1637	Kruidnagels	
15-8	1638-1642	heen	
15-9	1643-1647	moet	
15-10	1648-1654	leggen	
15-11	1654-1655	,	
15-12	1656-1662	dienen	
15-13	1662-1663	,	
15-14	1664-1666	om	
15-15	1667-1669	de	
15-16	1670-1678	hoogrode	
15-17	1679-1684	kleur	
15-18	1685-1688	der	
15-19	1689-1694	Rozen	
15-20	1695-1697	te	
15-21	1698-1705	bewaren	
15-22	1705-1706	;	
