#FORMAT=WebAnno TSV 3.3
#T_SP=custom.Span|label
#T_RL=custom.Relation|label|BT_custom.Span


#Text=Nous auousés vies de nos Peres vn exemple
#Text=à ce propros, d’vn Ange qui c iduisoit
#Text=vn bon Hermite à dessein de le rendre capable
#Text=de la consideration das Iugemens
#Text=de Dieu, ils passerent prés vn corps mort
#Text=estendu dans le chemin, l’Ange passant ne
#Text=fist mine de sentir aucune puanteur, tout
#Text=incontinent apres ils rencontrerent vn
#Text=ieune muguet bien peigné, & parfumé,
#Text=l’Ange à son abord se print au nez, se bouchant
#Text=
#Text=les narines, l’Hermite aduisa cela,
#Text=& s’enquist que vouloit dire que rencontrant
#Text=vne charongne puante il n’auoit pas
#Text=faict semblant de rien sentir de mal, &
#Text=abordant ce ieune homme si bien ciueté
#Text=& parfumé, il s’estoit bouché le nez?
1-1	0-4	Nous	_	_	_	
1-2	5-12	auousés	_	_	_	
1-3	13-17	vies	_	_	_	
1-4	18-20	de	_	_	_	
1-5	21-24	nos	_	_	_	
1-6	25-30	Peres	_	_	_	
1-7	31-33	vn	_	_	_	
1-8	34-41	exemple	_	_	_	
1-9	42-43	à	_	_	_	
1-10	44-46	ce	_	_	_	
1-11	47-54	propros	_	_	_	
1-12	54-55	,	_	_	_	
1-13	56-57	d	_	_	_	
1-14	57-58	’	_	_	_	
1-15	58-60	vn	_	_	_	
1-16	61-65	Ange	_	_	_	
1-17	66-69	qui	_	_	_	
1-18	70-71	c	_	_	_	
1-19	72-80	iduisoit	_	_	_	
1-20	81-83	vn	_	_	_	
1-21	84-87	bon	_	_	_	
1-22	88-95	Hermite	_	_	_	
1-23	96-97	à	_	_	_	
1-24	98-105	dessein	_	_	_	
1-25	106-108	de	_	_	_	
1-26	109-111	le	_	_	_	
1-27	112-118	rendre	_	_	_	
1-28	119-126	capable	_	_	_	
1-29	127-129	de	_	_	_	
1-30	130-132	la	_	_	_	
1-31	133-146	consideration	_	_	_	
1-32	147-150	das	_	_	_	
1-33	151-159	Iugemens	_	_	_	
1-34	160-162	de	_	_	_	
1-35	163-167	Dieu	_	_	_	
1-36	167-168	,	_	_	_	
1-37	169-172	ils	_	_	_	
1-38	173-182	passerent	_	_	_	
1-39	183-187	prés	_	_	_	
1-40	188-190	vn	_	_	_	
1-41	191-196	corps	_	_	_	
1-42	197-201	mort	_	_	_	
1-43	202-209	estendu	_	_	_	
1-44	210-214	dans	_	_	_	
1-45	215-217	le	_	_	_	
1-46	218-224	chemin	_	_	_	
1-47	224-225	,	_	_	_	
1-48	226-227	l	_	_	_	
1-49	227-228	’	_	_	_	
1-50	228-232	Ange	Perceiver	_	_	
1-51	233-240	passant	_	_	_	
1-52	241-243	ne	_	_	_	
1-53	244-248	fist	_	_	_	
1-54	249-253	mine	_	_	_	
1-55	254-256	de	_	_	_	
1-56	257-263	sentir	Smell\_Word	*	1-50	
1-57	264-270	aucune	Quality	_	_	
1-58	271-279	puanteur	Smell\_Word	*|*	1-50|1-57	
1-59	279-280	,	_	_	_	
1-60	281-285	tout	_	_	_	
1-61	286-297	incontinent	_	_	_	
1-62	298-303	apres	_	_	_	
1-63	304-307	ils	_	_	_	
1-64	308-321	rencontrerent	_	_	_	
1-65	322-324	vn	_	_	_	
1-66	325-330	ieune	_	_	_	
1-67	331-337	muguet	Smell\_Source	_	_	
1-68	338-342	bien	_	_	_	
1-69	343-349	peigné	_	_	_	
1-70	349-350	,	_	_	_	
1-71	351-352	&	_	_	_	
1-72	353-360	parfumé	Smell\_Word	*|*|*	1-67|1-76|1-85[1_0]	
1-73	360-361	,	_	_	_	
1-74	362-363	l	_	_	_	
1-75	363-364	’	_	_	_	
1-76	364-368	Ange	Perceiver	_	_	
1-77	369-370	à	_	_	_	
1-78	371-374	son	_	_	_	
1-79	375-380	abord	_	_	_	
1-80	381-383	se	_	_	_	
1-81	384-389	print	_	_	_	
1-82	390-392	au	_	_	_	
1-83	393-396	nez	_	_	_	
1-84	396-397	,	_	_	_	
1-85	398-400	se	Effect[1]	_	_	
1-86	401-409	bouchant	Effect[1]	_	_	
1-87	411-414	les	Effect[1]	_	_	
1-88	415-422	narines	Effect[1]	_	_	
1-89	422-423	,	_	_	_	
1-90	424-425	l	_	_	_	
1-91	425-426	’	_	_	_	
1-92	426-433	Hermite	_	_	_	
1-93	434-440	aduisa	_	_	_	
1-94	441-445	cela	_	_	_	
1-95	445-446	,	_	_	_	
1-96	447-448	&	_	_	_	
1-97	449-450	s	_	_	_	
1-98	450-451	’	_	_	_	
1-99	451-458	enquist	_	_	_	
1-100	459-462	que	_	_	_	
1-101	463-470	vouloit	_	_	_	
1-102	471-475	dire	_	_	_	
1-103	476-479	que	_	_	_	
1-104	480-491	rencontrant	_	_	_	
1-105	492-495	vne	_	_	_	
1-106	496-505	charongne	Smell\_Source	_	_	
1-107	506-512	puante	Quality[2]|Smell\_Word[3]	*|*	1-107[2_3]|1-106[0_3]	
1-108	513-515	il	_	_	_	
1-109	516-517	n	_	_	_	
1-110	517-518	’	_	_	_	
1-111	518-523	auoit	_	_	_	
1-112	524-527	pas	_	_	_	
1-113	528-533	faict	_	_	_	
1-114	534-542	semblant	_	_	_	
1-115	543-545	de	_	_	_	
1-116	546-550	rien	_	_	_	
1-117	551-557	sentir	_	_	_	
1-118	558-560	de	_	_	_	
1-119	561-564	mal	_	_	_	
1-120	564-565	,	_	_	_	
1-121	566-567	&	_	_	_	
1-122	568-576	abordant	_	_	_	
1-123	577-579	ce	_	_	_	
1-124	580-585	ieune	_	_	_	
1-125	586-591	homme	Smell\_Source	_	_	
1-126	592-594	si	_	_	_	
1-127	595-599	bien	_	_	_	
1-128	600-606	ciueté	_	_	_	
1-129	607-608	&	_	_	_	
1-130	609-616	parfumé	Smell\_Word	*	1-125	
1-131	616-617	,	_	_	_	
1-132	618-620	il	_	_	_	
1-133	621-622	s	_	_	_	
1-134	622-623	’	_	_	_	
1-135	623-629	estoit	_	_	_	
1-136	630-636	bouché	_	_	_	
1-137	637-639	le	_	_	_	
1-138	640-643	nez	_	_	_	
1-139	643-644	?	_	_	_	

#Text=Le
#Text=veux tu sçauoir, dit l’Ange, c’est homme
#Text=chargé de pechez pût infiniment deuant
#Text=ceux qui sont de son party, & rien
#Text=autre chose que le peché est des-agreable
#Text=à Dieu.
2-1	645-647	Le	_	_	_	
2-2	648-652	veux	_	_	_	
2-3	653-655	tu	_	_	_	
2-4	656-663	sçauoir	_	_	_	
2-5	663-664	,	_	_	_	
2-6	665-668	dit	_	_	_	
2-7	669-670	l	_	_	_	
2-8	670-671	’	_	_	_	
2-9	671-675	Ange	_	_	_	
2-10	675-676	,	_	_	_	
2-11	677-678	c	_	_	_	
2-12	678-679	’	_	_	_	
2-13	679-682	est	_	_	_	
2-14	683-688	homme	_	_	_	
2-15	689-695	chargé	_	_	_	
2-16	696-698	de	_	_	_	
2-17	699-705	pechez	_	_	_	
2-18	706-709	pût	_	_	_	
2-19	710-720	infiniment	_	_	_	
2-20	721-727	deuant	_	_	_	
2-21	728-732	ceux	_	_	_	
2-22	733-736	qui	_	_	_	
2-23	737-741	sont	_	_	_	
2-24	742-744	de	_	_	_	
2-25	745-748	son	_	_	_	
2-26	749-754	party	_	_	_	
2-27	754-755	,	_	_	_	
2-28	756-757	&	_	_	_	
2-29	758-762	rien	_	_	_	
2-30	763-768	autre	_	_	_	
2-31	769-774	chose	_	_	_	
2-32	775-778	que	_	_	_	
2-33	779-781	le	_	_	_	
2-34	782-787	peché	_	_	_	
2-35	788-791	est	_	_	_	
2-36	792-804	des-agreable	_	_	_	
2-37	805-806	à	_	_	_	
2-38	807-811	Dieu	_	_	_	
2-39	811-812	.	_	_	_	

#Text=Helas!
3-1	814-819	Helas	_	_	_	
3-2	819-820	!	_	_	_	

#Text=mes freres pecheurs, combien de
#Text=puantes & mauuaises vapeurs montent
#Text=d icy bas, qui desplaisent à Dieu, aux nges,
#Text=aux Saincts, & Sainctes de Paradis:
#Text=Et Iesus Christ t’illuminera, voila vn autre
#Text=grand effect du peché, c’est qu’il aueugle,
#Text=Il est vray ement ainsi pecheurs que vous
#Text=ne voyez pas la tres-agreable lumiere, Et
#Text=tomberent de ses yeux comme des escailles, &
#Text=recout la veuë, escrit sainct Luc és Actes
#Text=des Apostres, parlant de S.
4-1	821-824	mes	_	_	_	
4-2	825-831	freres	_	_	_	
4-3	832-840	pecheurs	_	_	_	
4-4	840-841	,	_	_	_	
4-5	842-849	combien	_	_	_	
4-6	850-852	de	_	_	_	
4-7	853-860	puantes	Quality[4]|Smell\_Word[5]	*|*|*|*	4-9[0_5]|4-7[4_5]|4-10[0_5]|4-12[6_5]	
4-8	861-862	&	_	_	_	
4-9	863-872	mauuaises	Quality	_	_	
4-10	873-880	vapeurs	Smell\_Source	_	_	
4-11	881-888	montent	_	_	_	
4-12	889-890	d	Location[6]	_	_	
4-13	891-894	icy	Location[6]	_	_	
4-14	895-898	bas	Location[6]	_	_	
4-15	898-899	,	_	_	_	
4-16	900-903	qui	_	_	_	
4-17	904-915	desplaisent	_	_	_	
4-18	916-917	à	_	_	_	
4-19	918-922	Dieu	_	_	_	
4-20	922-923	,	_	_	_	
4-21	924-927	aux	_	_	_	
4-22	928-932	nges	_	_	_	
4-23	932-933	,	_	_	_	
4-24	934-937	aux	_	_	_	
4-25	938-945	Saincts	_	_	_	
4-26	945-946	,	_	_	_	
4-27	947-948	&	_	_	_	
4-28	949-957	Sainctes	_	_	_	
4-29	958-960	de	_	_	_	
4-30	961-968	Paradis	_	_	_	
4-31	968-969	:	_	_	_	
4-32	970-972	Et	_	_	_	
4-33	973-978	Iesus	_	_	_	
4-34	979-985	Christ	_	_	_	
4-35	986-987	t	_	_	_	
4-36	987-988	’	_	_	_	
4-37	988-998	illuminera	_	_	_	
4-38	998-999	,	_	_	_	
4-39	1000-1005	voila	_	_	_	
4-40	1006-1008	vn	_	_	_	
4-41	1009-1014	autre	_	_	_	
4-42	1015-1020	grand	_	_	_	
4-43	1021-1027	effect	_	_	_	
4-44	1028-1030	du	_	_	_	
4-45	1031-1036	peché	_	_	_	
4-46	1036-1037	,	_	_	_	
4-47	1038-1039	c	_	_	_	
4-48	1039-1040	’	_	_	_	
4-49	1040-1043	est	_	_	_	
4-50	1044-1046	qu	_	_	_	
4-51	1046-1047	’	_	_	_	
4-52	1047-1049	il	_	_	_	
4-53	1050-1057	aueugle	_	_	_	
4-54	1057-1058	,	_	_	_	
4-55	1059-1061	Il	_	_	_	
4-56	1062-1065	est	_	_	_	
4-57	1066-1070	vray	_	_	_	
4-58	1071-1076	ement	_	_	_	
4-59	1077-1082	ainsi	_	_	_	
4-60	1083-1091	pecheurs	_	_	_	
4-61	1092-1095	que	_	_	_	
4-62	1096-1100	vous	_	_	_	
4-63	1101-1103	ne	_	_	_	
4-64	1104-1109	voyez	_	_	_	
4-65	1110-1113	pas	_	_	_	
4-66	1114-1116	la	_	_	_	
4-67	1117-1130	tres-agreable	_	_	_	
4-68	1131-1138	lumiere	_	_	_	
4-69	1138-1139	,	_	_	_	
4-70	1140-1142	Et	_	_	_	
4-71	1143-1152	tomberent	_	_	_	
4-72	1153-1155	de	_	_	_	
4-73	1156-1159	ses	_	_	_	
4-74	1160-1164	yeux	_	_	_	
4-75	1165-1170	comme	_	_	_	
4-76	1171-1174	des	_	_	_	
4-77	1175-1184	escailles	_	_	_	
4-78	1184-1185	,	_	_	_	
4-79	1186-1187	&	_	_	_	
4-80	1188-1194	recout	_	_	_	
4-81	1195-1197	la	_	_	_	
4-82	1198-1202	veuë	_	_	_	
4-83	1202-1203	,	_	_	_	
4-84	1204-1210	escrit	_	_	_	
4-85	1211-1217	sainct	_	_	_	
4-86	1218-1221	Luc	_	_	_	
4-87	1222-1224	és	_	_	_	
4-88	1225-1230	Actes	_	_	_	
4-89	1231-1234	des	_	_	_	
4-90	1235-1243	Apostres	_	_	_	
4-91	1243-1244	,	_	_	_	
4-92	1245-1252	parlant	_	_	_	
4-93	1253-1255	de	_	_	_	
4-94	1256-1257	S	_	_	_	
4-95	1257-1258	.	_	_	_	

#Text=Paul quand
#Text=Dieu le conuertit, lors qu’il persecutoit
#Text=les Chrestiens.
5-1	1259-1263	Paul	_	_	_	
5-2	1264-1269	quand	_	_	_	
5-3	1270-1274	Dieu	_	_	_	
5-4	1275-1277	le	_	_	_	
5-5	1278-1287	conuertit	_	_	_	
5-6	1287-1288	,	_	_	_	
5-7	1289-1293	lors	_	_	_	
5-8	1294-1296	qu	_	_	_	
5-9	1296-1297	’	_	_	_	
5-10	1297-1299	il	_	_	_	
5-11	1300-1311	persecutoit	_	_	_	
5-12	1312-1315	les	_	_	_	
5-13	1316-1326	Chrestiens	_	_	_	
5-14	1326-1327	.	_	_	_	
