#FORMAT=WebAnno TSV 3.3


#Text=soo sal men bevinden, dat de punt des kokers, heel stomp van bovenen
#Text=is, als een willigen boom, die alle syn takken syn afgekapt, en hier en daar sal men
#Text=+
#Text=eenige spitze puntkens, nagelkens, of klaauwkens, daar op gewaar worden d, die
#Text=van een doorlughtig castanie bruyn couleur syn, gelyk als de koker en den angel +d
1-1	2-5	soo	
1-2	6-9	sal	
1-3	10-13	men	
1-4	14-22	bevinden	
1-5	22-23	,	
1-6	24-27	dat	
1-7	28-30	de	
1-8	31-35	punt	
1-9	36-39	des	
1-10	40-46	kokers	
1-11	46-47	,	
1-12	48-52	heel	
1-13	53-58	stomp	
1-14	59-62	van	
1-15	63-70	bovenen	
1-16	71-73	is	
1-17	73-74	,	
1-18	75-78	als	
1-19	79-82	een	
1-20	83-91	willigen	
1-21	92-96	boom	
1-22	96-97	,	
1-23	98-101	die	
1-24	102-106	alle	
1-25	107-110	syn	
1-26	111-117	takken	
1-27	118-121	syn	
1-28	122-130	afgekapt	
1-29	130-131	,	
1-30	132-134	en	
1-31	135-139	hier	
1-32	140-142	en	
1-33	143-147	daar	
1-34	148-151	sal	
1-35	152-155	men	
1-36	156-157	+	
1-37	158-164	eenige	
1-38	165-171	spitze	
1-39	172-180	puntkens	
1-40	180-181	,	
1-41	182-191	nagelkens	
1-42	191-192	,	
1-43	193-195	of	
1-44	196-206	klaauwkens	
1-45	206-207	,	
1-46	208-212	daar	
1-47	213-215	op	
1-48	216-222	gewaar	
1-49	223-229	worden	
1-50	230-231	d	
1-51	231-232	,	
1-52	233-236	die	
1-53	237-240	van	
1-54	241-244	een	
1-55	245-256	doorlughtig	
1-56	257-265	castanie	
1-57	266-271	bruyn	
1-58	272-279	couleur	
1-59	280-283	syn	
1-60	283-284	,	
1-61	285-290	gelyk	
1-62	291-294	als	
1-63	295-297	de	
1-64	298-303	koker	
1-65	304-306	en	
1-66	307-310	den	
1-67	311-316	angel	
1-68	317-318	+	
1-69	318-319	d	

#Text=.
2-1	319-320	.	

#Text=+
#Text=
#Text=haar;
#Text=meede vertoonen.
3-1	322-323	+	
3-2	325-329	haar	
3-3	329-330	;	
3-4	331-336	meede	
3-5	337-346	vertoonen	
3-6	346-347	.	

#Text=Wat gebruyk deese klaaukens mogelyk hebben, daar
#Text=+
#Text=den angel dan krom geboogen synde, e, sig in het midden vertoont:
#Text=dat sal ik
#Text=
#Text=
#Text=e.
4-1	348-351	Wat	
4-2	352-359	gebruyk	
4-3	360-365	deese	
4-4	366-375	klaaukens	
4-5	376-383	mogelyk	
4-6	384-390	hebben	
4-7	390-391	,	
4-8	392-396	daar	
4-9	397-398	+	
4-10	399-402	den	
4-11	403-408	angel	
4-12	409-412	dan	
4-13	413-417	krom	
4-14	418-426	geboogen	
4-15	427-432	synde	
4-16	432-433	,	
4-17	434-435	e	
4-18	435-436	,	
4-19	437-440	sig	
4-20	441-443	in	
4-21	444-447	het	
4-22	448-454	midden	
4-23	455-463	vertoont	
4-24	463-464	:	
4-25	465-468	dat	
4-26	469-472	sal	
4-27	473-475	ik	
4-28	478-479	e	
4-29	479-480	.	

#Text=datelyk seggen.
5-1	482-489	datelyk	
5-2	490-496	seggen	
5-3	496-497	.	

#Text=Het uyterlyke vel van de koker, daar den angel opstaat, en met
#Text=sijn punt deur uytgepuylt is;
#Text=het selve is van maaksel als de vordere huyt van de
#Text=Luys, die hem bekleet, bestaande uit striepen en deurluchtige bolleties, als ik nader
#Text=van de huyt seggen sal.
6-1	498-501	Het	
6-2	502-511	uyterlyke	
6-3	512-515	vel	
6-4	516-519	van	
6-5	520-522	de	
6-6	523-528	koker	
6-7	528-529	,	
6-8	530-534	daar	
6-9	535-538	den	
6-10	539-544	angel	
6-11	545-552	opstaat	
6-12	552-553	,	
6-13	554-556	en	
6-14	557-560	met	
6-15	561-565	sijn	
6-16	566-570	punt	
6-17	571-575	deur	
6-18	576-586	uytgepuylt	
6-19	587-589	is	
6-20	589-590	;	
6-21	591-594	het	
6-22	595-600	selve	
6-23	601-603	is	
6-24	604-607	van	
6-25	608-615	maaksel	
6-26	616-619	als	
6-27	620-622	de	
6-28	623-630	vordere	
6-29	631-635	huyt	
6-30	636-639	van	
6-31	640-642	de	
6-32	643-647	Luys	
6-33	647-648	,	
6-34	649-652	die	
6-35	653-656	hem	
6-36	657-664	bekleet	
6-37	664-665	,	
6-38	666-675	bestaande	
6-39	676-679	uit	
6-40	680-688	striepen	
6-41	689-691	en	
6-42	692-704	deurluchtige	
6-43	705-714	bolleties	
6-44	714-715	,	
6-45	716-719	als	
6-46	720-722	ik	
6-47	723-728	nader	
6-48	729-732	van	
6-49	733-735	de	
6-50	736-740	huyt	
6-51	741-747	seggen	
6-52	748-751	sal	
6-53	751-752	.	

#Text=Soo men nu dit deel van het hooft
#Text=des Luys op die tyt besier, als hy op de hant gezet
#Text=
#Text=wort, en een sweetgaatken soekt, om zyn angel in te steeken, soo siet men
#Text=een
#Text=bleek castanie root en door-
#Text=
#Text=
#Text=Jan Swammerdam, Bybel der natuure of historie der insecten.
7-1	755-758	Soo	
7-2	759-762	men	
7-3	763-765	nu	
7-4	766-769	dit	
7-5	770-774	deel	
7-6	775-778	van	
7-7	779-782	het	
7-8	783-788	hooft	
7-9	789-792	des	
7-10	793-797	Luys	
7-11	798-800	op	
7-12	801-804	die	
7-13	805-808	tyt	
7-14	809-815	besier	
7-15	815-816	,	
7-16	817-820	als	
7-17	821-823	hy	
7-18	824-826	op	
7-19	827-829	de	
7-20	830-834	hant	
7-21	835-840	gezet	
7-22	842-846	wort	
7-23	846-847	,	
7-24	848-850	en	
7-25	851-854	een	
7-26	855-867	sweetgaatken	
7-27	868-873	soekt	
7-28	873-874	,	
7-29	875-877	om	
7-30	878-881	zyn	
7-31	882-887	angel	
7-32	888-890	in	
7-33	891-893	te	
7-34	894-901	steeken	
7-35	901-902	,	
7-36	903-906	soo	
7-37	907-911	siet	
7-38	912-915	men	
7-39	916-919	een	
7-40	920-925	bleek	
7-41	926-934	castanie	
7-42	935-939	root	
7-43	940-942	en	
7-44	943-947	door	
7-45	947-948	-	
7-46	951-954	Jan	
7-47	955-965	Swammerdam	
7-48	965-966	,	
7-49	967-972	Bybel	
7-50	973-976	der	
7-51	977-984	natuure	
7-52	985-987	of	
7-53	988-996	historie	
7-54	997-1000	der	
7-55	1001-1009	insecten	
7-56	1009-1010	.	

#Text=Deel 1
#Text=
#Text=\f75
#Text=dam visui sese offert ex pallide spadiceo rubra, per caput transparens, quae antica
#Text=parte profundius colorata est;
#Text=quum ibi loci lincola illa aliud nihil sit, quam ipsa vagina,
#Text=atque intus absconditus
#Text=aculeus.
8-1	1011-1015	Deel	
8-2	1016-1017	1	
8-3	1020-1022	75	
8-4	1023-1026	dam	
8-5	1027-1032	visui	
8-6	1033-1037	sese	
8-7	1038-1044	offert	
8-8	1045-1047	ex	
8-9	1048-1055	pallide	
8-10	1056-1064	spadiceo	
8-11	1065-1070	rubra	
8-12	1070-1071	,	
8-13	1072-1075	per	
8-14	1076-1081	caput	
8-15	1082-1093	transparens	
8-16	1093-1094	,	
8-17	1095-1099	quae	
8-18	1100-1106	antica	
8-19	1107-1112	parte	
8-20	1113-1123	profundius	
8-21	1124-1132	colorata	
8-22	1133-1136	est	
8-23	1136-1137	;	
8-24	1138-1142	quum	
8-25	1143-1146	ibi	
8-26	1147-1151	loci	
8-27	1152-1159	lincola	
8-28	1160-1164	illa	
8-29	1165-1170	aliud	
8-30	1171-1176	nihil	
8-31	1177-1180	sit	
8-32	1180-1181	,	
8-33	1182-1186	quam	
8-34	1187-1191	ipsa	
8-35	1192-1198	vagina	
8-36	1198-1199	,	
8-37	1200-1205	atque	
8-38	1206-1211	intus	
8-39	1212-1223	absconditus	
8-40	1224-1231	aculeus	
8-41	1231-1232	.	
