#FORMAT=WebAnno TSV 3.3
#T_SP=custom.Span|label
#T_RL=custom.Relation|label|BT_custom.Span


#Text=ſo hebet die ſchoͤnſten und laͤngſten auff/ und verpflantzt ſie auffs Fruͤhjahr.
1-1	0-2	ſo	_	_	_	
1-2	3-8	hebet	_	_	_	
1-3	9-12	die	_	_	_	
1-4	13-23	ſchoͤnſten	_	_	_	
1-5	24-27	und	_	_	_	
1-6	28-37	laͤngſten	_	_	_	
1-7	38-42	auff	_	_	_	
1-8	42-43	/	_	_	_	
1-9	44-47	und	_	_	_	
1-10	48-59	verpflantzt	_	_	_	
1-11	60-63	ſie	_	_	_	
1-12	64-69	auffs	_	_	_	
1-13	70-79	Fruͤhjahr	_	_	_	
1-14	79-80	.	_	_	_	

#Text=Wenn ſie ſchieſſen/ muß man ſie auch mit ſtaͤbeln wieder den wind befeſtigen: und
#Text=wan ſie zeitig/ ſchneidet man ſie ab/ trucknet ſie/ bindet ſie in buͤndlein zu verwah-
#Text=ren.
2-1	82-86	Wenn	_	_	_	
2-2	87-90	ſie	_	_	_	
2-3	91-100	ſchieſſen	_	_	_	
2-4	100-101	/	_	_	_	
2-5	102-105	muß	_	_	_	
2-6	106-109	man	_	_	_	
2-7	110-113	ſie	_	_	_	
2-8	114-118	auch	_	_	_	
2-9	119-122	mit	_	_	_	
2-10	123-131	ſtaͤbeln	_	_	_	
2-11	132-138	wieder	_	_	_	
2-12	139-142	den	_	_	_	
2-13	143-147	wind	_	_	_	
2-14	148-158	befeſtigen	_	_	_	
2-15	158-159	:	_	_	_	
2-16	160-163	und	_	_	_	
2-17	164-167	wan	_	_	_	
2-18	168-171	ſie	_	_	_	
2-19	172-178	zeitig	_	_	_	
2-20	178-179	/	_	_	_	
2-21	180-189	ſchneidet	_	_	_	
2-22	190-193	man	_	_	_	
2-23	194-197	ſie	_	_	_	
2-24	198-200	ab	_	_	_	
2-25	200-201	/	_	_	_	
2-26	202-210	trucknet	_	_	_	
2-27	211-214	ſie	_	_	_	
2-28	214-215	/	_	_	_	
2-29	216-222	bindet	_	_	_	
2-30	223-226	ſie	_	_	_	
2-31	227-229	in	_	_	_	
2-32	230-239	buͤndlein	_	_	_	
2-33	240-242	zu	_	_	_	
2-34	243-249	verwah	_	_	_	
2-35	249-250	-	_	_	_	
2-36	251-254	ren	_	_	_	
2-37	254-255	.	_	_	_	

#Text=Belangend den Hollauch/ der wird uͤmb Jacobi aus der erden genommen/
#Text=die
#Text=zwiebeln zerriſſen/ und uͤmb Michaelis einzeln wieder verpflanzet/
#Text=ſo hat man junge
#Text=
#Text=auffs
#Text=
#Text=\f
#Text=[131/0165
#Text=]
#Text=
#Text=Erzehlung der Kuͤchen-gewaͤchs.
3-1	259-268	Belangend	_	_	_	
3-2	269-272	den	_	_	_	
3-3	273-281	Hollauch	Smell\_Source	_	_	
3-4	281-282	/	_	_	_	
3-5	283-286	der	_	_	_	
3-6	287-291	wird	_	_	_	
3-7	292-296	uͤmb	_	_	_	
3-8	297-303	Jacobi	_	_	_	
3-9	304-307	aus	_	_	_	
3-10	308-311	der	_	_	_	
3-11	312-317	erden	_	_	_	
3-12	318-326	genommen	_	_	_	
3-13	326-327	/	_	_	_	
3-14	328-331	die	_	_	_	
3-15	332-340	zwiebeln	_	_	_	
3-16	341-350	zerriſſen	_	_	_	
3-17	350-351	/	_	_	_	
3-18	352-355	und	_	_	_	
3-19	356-360	uͤmb	_	_	_	
3-20	361-370	Michaelis	_	_	_	
3-21	371-378	einzeln	_	_	_	
3-22	379-385	wieder	_	_	_	
3-23	386-397	verpflanzet	_	_	_	
3-24	397-398	/	_	_	_	
3-25	399-401	ſo	_	_	_	
3-26	402-405	hat	_	_	_	
3-27	406-409	man	_	_	_	
3-28	410-415	junge	_	_	_	
3-29	417-422	auffs	_	_	_	
3-30	426-427	[	_	_	_	
3-31	427-430	131	_	_	_	
3-32	430-431	/	_	_	_	
3-33	431-435	0165	_	_	_	
3-34	436-437	]	_	_	_	
3-35	439-448	Erzehlung	_	_	_	
3-36	449-452	der	_	_	_	
3-37	453-469	Kuͤchen-gewaͤchs	_	_	_	
3-38	469-470	.	_	_	_	

#Text=auffs Fruͤhjahr: wiewol die verpflantzung auch wol im Fruͤhling geſchehen kan.
4-1	474-479	auffs	_	_	_	
4-2	480-489	Fruͤhjahr	_	_	_	
4-3	489-490	:	_	_	_	
4-4	491-497	wiewol	_	_	_	
4-5	498-501	die	_	_	_	
4-6	502-515	verpflantzung	_	_	_	
4-7	516-520	auch	_	_	_	
4-8	521-524	wol	_	_	_	
4-9	525-527	im	_	_	_	
4-10	528-537	Fruͤhling	_	_	_	
4-11	538-547	geſchehen	_	_	_	
4-12	548-551	kan	_	_	_	
4-13	551-552	.	_	_	_	

#Text=Er iſt am ſchmack und geruch etwas gelinder/ als die andern arten/ derowegen die blaͤt-
#Text=
#Text=ter deſſelben ſehr breuchlich/ die ſpeiſen damit ſchmackhafftig zu machen.
5-1	555-557	Er	_	_	_	
5-2	558-561	iſt	_	_	_	
5-3	562-564	am	_	_	_	
5-4	565-572	ſchmack	_	_	_	
5-5	573-576	und	_	_	_	
5-6	577-583	geruch	Smell\_Word	*|*	3-3|5-7[1_0]	
5-7	584-589	etwas	Quality[1]	_	_	
5-8	590-598	gelinder	Quality[1]	_	_	
5-9	598-599	/	_	_	_	
5-10	600-603	als	_	_	_	
5-11	604-607	die	_	_	_	
5-12	608-614	andern	_	_	_	
5-13	615-620	arten	_	_	_	
5-14	620-621	/	_	_	_	
5-15	622-631	derowegen	_	_	_	
5-16	632-635	die	_	_	_	
5-17	636-641	blaͤt	_	_	_	
5-18	641-642	-	_	_	_	
5-19	644-647	ter	_	_	_	
5-20	648-657	deſſelben	_	_	_	
5-21	658-662	ſehr	_	_	_	
5-22	663-673	breuchlich	_	_	_	
5-23	673-674	/	_	_	_	
5-24	675-678	die	_	_	_	
5-25	679-686	ſpeiſen	_	_	_	
5-26	687-692	damit	_	_	_	
5-27	693-707	ſchmackhafftig	_	_	_	
5-28	708-710	zu	_	_	_	
5-29	711-717	machen	_	_	_	
5-30	717-718	.	_	_	_	

#Text=Noch eins iſt an zumercken/ wenn man Lauch abſchneidet/ daß man auff die
#Text=abgeſchnittene ſtengel ſand oder truckene erde ſtrewe/
#Text=damit theils der regen abgewen-
#Text=det werde/ theils die natuͤrliche feuchte nicht zu ſehr heraus flieſſe.
6-1	722-726	Noch	_	_	_	
6-2	727-731	eins	_	_	_	
6-3	732-735	iſt	_	_	_	
6-4	736-738	an	_	_	_	
6-5	739-748	zumercken	_	_	_	
6-6	748-749	/	_	_	_	
6-7	750-754	wenn	_	_	_	
6-8	755-758	man	_	_	_	
6-9	759-764	Lauch	_	_	_	
6-10	765-776	abſchneidet	_	_	_	
6-11	776-777	/	_	_	_	
6-12	778-781	daß	_	_	_	
6-13	782-785	man	_	_	_	
6-14	786-790	auff	_	_	_	
6-15	791-794	die	_	_	_	
6-16	795-809	abgeſchnittene	_	_	_	
6-17	810-817	ſtengel	_	_	_	
6-18	818-822	ſand	_	_	_	
6-19	823-827	oder	_	_	_	
6-20	828-836	truckene	_	_	_	
6-21	837-841	erde	_	_	_	
6-22	842-848	ſtrewe	_	_	_	
6-23	848-849	/	_	_	_	
6-24	850-855	damit	_	_	_	
6-25	856-862	theils	_	_	_	
6-26	863-866	der	_	_	_	
6-27	867-872	regen	_	_	_	
6-28	873-880	abgewen	_	_	_	
6-29	880-881	-	_	_	_	
6-30	882-885	det	_	_	_	
6-31	886-891	werde	_	_	_	
6-32	891-892	/	_	_	_	
6-33	893-899	theils	_	_	_	
6-34	900-903	die	_	_	_	
6-35	904-915	natuͤrliche	_	_	_	
6-36	916-923	feuchte	_	_	_	
6-37	924-929	nicht	_	_	_	
6-38	930-932	zu	_	_	_	
6-39	933-937	ſehr	_	_	_	
6-40	938-944	heraus	_	_	_	
6-41	945-952	flieſſe	_	_	_	
6-42	952-953	.	_	_	_	

#Text=XVII.
7-1	957-961	XVII	_	_	_	
7-2	961-962	.	_	_	_	

#Text=Erdartſchocken.
8-1	963-977	Erdartſchocken	_	_	_	
8-2	977-978	.	_	_	_	

#Text=Helianthemum vel Helenium Indicum tuberoſum, C.
9-1	980-992	Helianthemum	_	_	_	
9-2	993-996	vel	_	_	_	
9-3	997-1005	Helenium	_	_	_	
9-4	1006-1013	Indicum	_	_	_	
9-5	1014-1023	tuberoſum	_	_	_	
9-6	1023-1024	,	_	_	_	
9-7	1025-1026	C	_	_	_	
9-8	1026-1027	.	_	_	_	

#Text=B.
10-1	1028-1029	B	_	_	_	
10-2	1029-1030	.	_	_	_	

#Text=Chryſanthemum
#Text=latifolium Braſilianum, Eid.
#Text=in Prodr.
11-1	1031-1044	Chryſanthemum	_	_	_	
11-2	1045-1055	latifolium	_	_	_	
11-3	1056-1067	Braſilianum	_	_	_	
11-4	1067-1068	,	_	_	_	
11-5	1069-1072	Eid	_	_	_	
11-6	1072-1073	.	_	_	_	
11-7	1074-1076	in	_	_	_	
11-8	1077-1082	Prodr	_	_	_	
11-9	1082-1083	.	_	_	_	
