{"_context" : {
    "_types" : {
      "DocumentMetaData" : {
        "_feature_types" : {"sofa" : "_ref" } }, 
      "Relation" : {
        "_feature_types" : {"sofa" : "_ref",  "Dependent" : "_ref",  "Governor" : "_ref" } }, 
      "Sentence" : {
        "_feature_types" : {"sofa" : "_ref" } }, 
      "Sofa" : {
        "_feature_types" : {"sofaArray" : "_ref" } }, 
      "Span" : {
        "_feature_types" : {"sofa" : "_ref" } }, 
      "TagsetDescription" : {
        "_feature_types" : {"sofa" : "_ref",  "tags" : "_ref" } }, 
      "Token" : {
        "_feature_types" : {"sofa" : "_ref",  "parent" : "_ref",  "lemma" : "_ref",  "stem" : "_ref",  "pos" : "_ref",  "morph" : "_ref",  "form" : "_ref" } }, 
      "DocumentAnnotation" : {
        "_feature_types" : {"sofa" : "_ref" }, 
        "_subtypes" : ["DocumentMetaData" ] }, 
      "Annotation" : {
        "_feature_types" : {"sofa" : "_ref" }, 
        "_subtypes" : ["DocumentAnnotation",  "Relation",  "Sentence",  "Span",  "TagsetDescription",  "Token" ] }, 
      "AnnotationBase" : {
        "_feature_types" : {"sofa" : "_ref" }, 
        "_subtypes" : ["Annotation" ] }, 
      "TOP" : {
        "_subtypes" : ["AnnotationBase",  "Sofa" ] } } }, 
  "_views" : {
    "_InitialView" : {
      "Relation" : [
        {"sofa" : 1,  "begin" : 294,  "end" : 299,  "Dependent" : 2453,  "Governor" : 2458 }, 
        {"sofa" : 1,  "begin" : 294,  "end" : 299,  "Dependent" : 2453,  "Governor" : 2448 } ], 
      "Span" : [2458,  2448,  2453 ], 
      "DocumentMetaData" : [
        {"sofa" : 1,  "end" : 998,  "language" : "x-unspecified",  "documentTitle" : "055E%20William%20Babington%201811%20A%20syllabus%20of%20a%20course%20of%20lectures__51_distribution_SCIE.txt",  "documentId" : "teresa",  "documentUri" : "file:/home/dhuser/alessio/inception/repository/project/29/document/8702/source/teresa",  "collectionId" : "file:/home/dhuser/alessio/inception/repository/project/29/document/8702/source/",  "documentBaseUri" : "file:/home/dhuser/alessio/inception/repository/project/29/document/8702/source/",  "isLastSegment" : false } ], 
      "TagsetDescription" : [
        {"sofa" : 1,  "layer" : "webanno.custom.Emotions",  "name" : "Emotion Labels",  "input" : false }, 
        {"sofa" : 1,  "layer" : "custom.Relation",  "name" : "Relation labels",  "input" : false }, 
        {"sofa" : 1,  "layer" : "custom.Span",  "name" : "Smell labels",  "input" : false } ], 
      "Sentence" : [
        {"sofa" : 1,  "begin" : 1,  "end" : 18 }, 
        {"sofa" : 1,  "begin" : 20,  "end" : 134 }, 
        {"sofa" : 1,  "begin" : 136,  "end" : 161 }, 
        {"sofa" : 1,  "begin" : 163,  "end" : 449 }, 
        {"sofa" : 1,  "begin" : 449,  "end" : 450 }, 
        {"sofa" : 1,  "begin" : 452,  "end" : 539 }, 
        {"sofa" : 1,  "begin" : 540,  "end" : 614 }, 
        {"sofa" : 1,  "begin" : 616,  "end" : 701 }, 
        {"sofa" : 1,  "begin" : 703,  "end" : 992 }, 
        {"sofa" : 1,  "begin" : 993,  "end" : 996 } ], 
      "Token" : [
        {"sofa" : 1,  "begin" : 1,  "end" : 3 }, 
        {"sofa" : 1,  "begin" : 4,  "end" : 12 }, 
        {"sofa" : 1,  "begin" : 13,  "end" : 17 }, 
        {"sofa" : 1,  "begin" : 17,  "end" : 18 }, 
        {"sofa" : 1,  "begin" : 20,  "end" : 28 }, 
        {"sofa" : 1,  "begin" : 29,  "end" : 31 }, 
        {"sofa" : 1,  "begin" : 32,  "end" : 43 }, 
        {"sofa" : 1,  "begin" : 44,  "end" : 51 }, 
        {"sofa" : 1,  "begin" : 52,  "end" : 54 }, 
        {"sofa" : 1,  "begin" : 55,  "end" : 59 }, 
        {"sofa" : 1,  "begin" : 59,  "end" : 60 }, 
        {"sofa" : 1,  "begin" : 61,  "end" : 63 }, 
        {"sofa" : 1,  "begin" : 64,  "end" : 69 }, 
        {"sofa" : 1,  "begin" : 70,  "end" : 77 }, 
        {"sofa" : 1,  "begin" : 78,  "end" : 80 }, 
        {"sofa" : 1,  "begin" : 81,  "end" : 86 }, 
        {"sofa" : 1,  "begin" : 87,  "end" : 95 }, 
        {"sofa" : 1,  "begin" : 96,  "end" : 98 }, 
        {"sofa" : 1,  "begin" : 99,  "end" : 102 }, 
        {"sofa" : 1,  "begin" : 103,  "end" : 114 }, 
        {"sofa" : 1,  "begin" : 115,  "end" : 117 }, 
        {"sofa" : 1,  "begin" : 118,  "end" : 121 }, 
        {"sofa" : 1,  "begin" : 122,  "end" : 128 }, 
        {"sofa" : 1,  "begin" : 129,  "end" : 133 }, 
        {"sofa" : 1,  "begin" : 133,  "end" : 134 }, 
        {"sofa" : 1,  "begin" : 136,  "end" : 139 }, 
        {"sofa" : 1,  "begin" : 140,  "end" : 146 }, 
        {"sofa" : 1,  "begin" : 147,  "end" : 151 }, 
        {"sofa" : 1,  "begin" : 152,  "end" : 159 }, 
        {"sofa" : 1,  "begin" : 160,  "end" : 161 }, 
        {"sofa" : 1,  "begin" : 163,  "end" : 165 }, 
        {"sofa" : 1,  "begin" : 166,  "end" : 170 }, 
        {"sofa" : 1,  "begin" : 171,  "end" : 176 }, 
        {"sofa" : 1,  "begin" : 177,  "end" : 184 }, 
        {"sofa" : 1,  "begin" : 185,  "end" : 189 }, 
        {"sofa" : 1,  "begin" : 190,  "end" : 203 }, 
        {"sofa" : 1,  "begin" : 204,  "end" : 207 }, 
        {"sofa" : 1,  "begin" : 208,  "end" : 209 }, 
        {"sofa" : 1,  "begin" : 210,  "end" : 213 }, 
        {"sofa" : 1,  "begin" : 214,  "end" : 219 }, 
        {"sofa" : 1,  "begin" : 220,  "end" : 226 }, 
        {"sofa" : 1,  "begin" : 227,  "end" : 229 }, 
        {"sofa" : 1,  "begin" : 230,  "end" : 234 }, 
        {"sofa" : 1,  "begin" : 235,  "end" : 243 }, 
        {"sofa" : 1,  "begin" : 244,  "end" : 247 }, 
        {"sofa" : 1,  "begin" : 248,  "end" : 258 }, 
        {"sofa" : 1,  "begin" : 258,  "end" : 259 }, 
        {"sofa" : 1,  "begin" : 260,  "end" : 268 }, 
        {"sofa" : 1,  "begin" : 269,  "end" : 271 }, 
        {"sofa" : 1,  "begin" : 272,  "end" : 278 }, 
        {"sofa" : 1,  "begin" : 279,  "end" : 280 }, 
        {"sofa" : 1,  "begin" : 281,  "end" : 283 }, 
        {"sofa" : 1,  "begin" : 284,  "end" : 285 }, 
        {"sofa" : 1,  "begin" : 286,  "end" : 293 }, 
        {"sofa" : 1,  "begin" : 294,  "end" : 299 }, 
        {"sofa" : 1,  "begin" : 300,  "end" : 301 }, 
        {"sofa" : 1,  "begin" : 302,  "end" : 314 }, 
        {"sofa" : 1,  "begin" : 315,  "end" : 316 }, 
        {"sofa" : 1,  "begin" : 317,  "end" : 328 }, 
        {"sofa" : 1,  "begin" : 329,  "end" : 331 }, 
        {"sofa" : 1,  "begin" : 332,  "end" : 337 }, 
        {"sofa" : 1,  "begin" : 337,  "end" : 338 }, 
        {"sofa" : 1,  "begin" : 339,  "end" : 348 }, 
        {"sofa" : 1,  "begin" : 349,  "end" : 351 }, 
        {"sofa" : 1,  "begin" : 352,  "end" : 354 }, 
        {"sofa" : 1,  "begin" : 355,  "end" : 360 }, 
        {"sofa" : 1,  "begin" : 361,  "end" : 371 }, 
        {"sofa" : 1,  "begin" : 372,  "end" : 373 }, 
        {"sofa" : 1,  "begin" : 374,  "end" : 380 }, 
        {"sofa" : 1,  "begin" : 381,  "end" : 386 }, 
        {"sofa" : 1,  "begin" : 387,  "end" : 393 }, 
        {"sofa" : 1,  "begin" : 393,  "end" : 394 }, 
        {"sofa" : 1,  "begin" : 395,  "end" : 403 }, 
        {"sofa" : 1,  "begin" : 404,  "end" : 407 }, 
        {"sofa" : 1,  "begin" : 408,  "end" : 412 }, 
        {"sofa" : 1,  "begin" : 413,  "end" : 420 }, 
        {"sofa" : 1,  "begin" : 421,  "end" : 433 }, 
        {"sofa" : 1,  "begin" : 434,  "end" : 436 }, 
        {"sofa" : 1,  "begin" : 437,  "end" : 446 }, 
        {"sofa" : 1,  "begin" : 447,  "end" : 449 }, 
        {"sofa" : 1,  "begin" : 449,  "end" : 450 }, 
        {"sofa" : 1,  "begin" : 452,  "end" : 453 }, 
        {"sofa" : 1,  "begin" : 456,  "end" : 464 }, 
        {"sofa" : 1,  "begin" : 465,  "end" : 473 }, 
        {"sofa" : 1,  "begin" : 474,  "end" : 476 }, 
        {"sofa" : 1,  "begin" : 477,  "end" : 484 }, 
        {"sofa" : 1,  "begin" : 485,  "end" : 487 }, 
        {"sofa" : 1,  "begin" : 488,  "end" : 490 }, 
        {"sofa" : 1,  "begin" : 491,  "end" : 498 }, 
        {"sofa" : 1,  "begin" : 499,  "end" : 506 }, 
        {"sofa" : 1,  "begin" : 507,  "end" : 517 }, 
        {"sofa" : 1,  "begin" : 518,  "end" : 526 }, 
        {"sofa" : 1,  "begin" : 527,  "end" : 531 }, 
        {"sofa" : 1,  "begin" : 532,  "end" : 538 }, 
        {"sofa" : 1,  "begin" : 538,  "end" : 539 }, 
        {"sofa" : 1,  "begin" : 540,  "end" : 544 }, 
        {"sofa" : 1,  "begin" : 545,  "end" : 555 }, 
        {"sofa" : 1,  "begin" : 556,  "end" : 558 }, 
        {"sofa" : 1,  "begin" : 559,  "end" : 568 }, 
        {"sofa" : 1,  "begin" : 569,  "end" : 573 }, 
        {"sofa" : 1,  "begin" : 573,  "end" : 574 }, 
        {"sofa" : 1,  "begin" : 575,  "end" : 577 }, 
        {"sofa" : 1,  "begin" : 578,  "end" : 583 }, 
        {"sofa" : 1,  "begin" : 584,  "end" : 588 }, 
        {"sofa" : 1,  "begin" : 589,  "end" : 597 }, 
        {"sofa" : 1,  "begin" : 598,  "end" : 600 }, 
        {"sofa" : 1,  "begin" : 601,  "end" : 613 }, 
        {"sofa" : 1,  "begin" : 613,  "end" : 614 }, 
        {"sofa" : 1,  "begin" : 616,  "end" : 620 }, 
        {"sofa" : 1,  "begin" : 621,  "end" : 624 }, 
        {"sofa" : 1,  "begin" : 625,  "end" : 628 }, 
        {"sofa" : 1,  "begin" : 629,  "end" : 631 }, 
        {"sofa" : 1,  "begin" : 632,  "end" : 638 }, 
        {"sofa" : 1,  "begin" : 639,  "end" : 641 }, 
        {"sofa" : 1,  "begin" : 642,  "end" : 645 }, 
        {"sofa" : 1,  "begin" : 646,  "end" : 652 }, 
        {"sofa" : 1,  "begin" : 652,  "end" : 653 }, 
        {"sofa" : 1,  "begin" : 654,  "end" : 657 }, 
        {"sofa" : 1,  "begin" : 658,  "end" : 660 }, 
        {"sofa" : 1,  "begin" : 661,  "end" : 664 }, 
        {"sofa" : 1,  "begin" : 665,  "end" : 670 }, 
        {"sofa" : 1,  "begin" : 671,  "end" : 673 }, 
        {"sofa" : 1,  "begin" : 674,  "end" : 677 }, 
        {"sofa" : 1,  "begin" : 678,  "end" : 689 }, 
        {"sofa" : 1,  "begin" : 690,  "end" : 700 }, 
        {"sofa" : 1,  "begin" : 700,  "end" : 701 }, 
        {"sofa" : 1,  "begin" : 703,  "end" : 710 }, 
        {"sofa" : 1,  "begin" : 711,  "end" : 713 }, 
        {"sofa" : 1,  "begin" : 714,  "end" : 715 }, 
        {"sofa" : 1,  "begin" : 716,  "end" : 721 }, 
        {"sofa" : 1,  "begin" : 722,  "end" : 732 }, 
        {"sofa" : 1,  "begin" : 733,  "end" : 735 }, 
        {"sofa" : 1,  "begin" : 736,  "end" : 743 }, 
        {"sofa" : 1,  "begin" : 744,  "end" : 750 }, 
        {"sofa" : 1,  "begin" : 751,  "end" : 752 }, 
        {"sofa" : 1,  "begin" : 752,  "end" : 754 }, 
        {"sofa" : 1,  "begin" : 755,  "end" : 762 }, 
        {"sofa" : 1,  "begin" : 763,  "end" : 771 }, 
        {"sofa" : 1,  "begin" : 772,  "end" : 776 }, 
        {"sofa" : 1,  "begin" : 777,  "end" : 779 }, 
        {"sofa" : 1,  "begin" : 780,  "end" : 785 }, 
        {"sofa" : 1,  "begin" : 786,  "end" : 789 }, 
        {"sofa" : 1,  "begin" : 790,  "end" : 793 }, 
        {"sofa" : 1,  "begin" : 793,  "end" : 794 }, 
        {"sofa" : 1,  "begin" : 795,  "end" : 798 }, 
        {"sofa" : 1,  "begin" : 799,  "end" : 805 }, 
        {"sofa" : 1,  "begin" : 806,  "end" : 808 }, 
        {"sofa" : 1,  "begin" : 809,  "end" : 814 }, 
        {"sofa" : 1,  "begin" : 815,  "end" : 817 }, 
        {"sofa" : 1,  "begin" : 818,  "end" : 827 }, 
        {"sofa" : 1,  "begin" : 827,  "end" : 828 }, 
        {"sofa" : 1,  "begin" : 829,  "end" : 831 }, 
        {"sofa" : 1,  "begin" : 832,  "end" : 838 }, 
        {"sofa" : 1,  "begin" : 839,  "end" : 843 }, 
        {"sofa" : 1,  "begin" : 844,  "end" : 846 }, 
        {"sofa" : 1,  "begin" : 847,  "end" : 856 }, 
        {"sofa" : 1,  "begin" : 857,  "end" : 859 }, 
        {"sofa" : 1,  "begin" : 860,  "end" : 868 }, 
        {"sofa" : 1,  "begin" : 869,  "end" : 871 }, 
        {"sofa" : 1,  "begin" : 872,  "end" : 883 }, 
        {"sofa" : 1,  "begin" : 884,  "end" : 887 }, 
        {"sofa" : 1,  "begin" : 888,  "end" : 900 }, 
        {"sofa" : 1,  "begin" : 901,  "end" : 903 }, 
        {"sofa" : 1,  "begin" : 904,  "end" : 908 }, 
        {"sofa" : 1,  "begin" : 908,  "end" : 909 }, 
        {"sofa" : 1,  "begin" : 910,  "end" : 923 }, 
        {"sofa" : 1,  "begin" : 924,  "end" : 926 }, 
        {"sofa" : 1,  "begin" : 927,  "end" : 930 }, 
        {"sofa" : 1,  "begin" : 931,  "end" : 936 }, 
        {"sofa" : 1,  "begin" : 937,  "end" : 940 }, 
        {"sofa" : 1,  "begin" : 941,  "end" : 948 }, 
        {"sofa" : 1,  "begin" : 949,  "end" : 959 }, 
        {"sofa" : 1,  "begin" : 960,  "end" : 962 }, 
        {"sofa" : 1,  "begin" : 963,  "end" : 965 }, 
        {"sofa" : 1,  "begin" : 966,  "end" : 970 }, 
        {"sofa" : 1,  "begin" : 971,  "end" : 972 }, 
        {"sofa" : 1,  "begin" : 972,  "end" : 978 }, 
        {"sofa" : 1,  "begin" : 979,  "end" : 989 }, 
        {"sofa" : 1,  "begin" : 990,  "end" : 991 }, 
        {"sofa" : 1,  "begin" : 991,  "end" : 992 }, 
        {"sofa" : 1,  "begin" : 993,  "end" : 994 }, 
        {"sofa" : 1,  "begin" : 994,  "end" : 995 }, 
        {"sofa" : 1,  "begin" : 995,  "end" : 996 } ] } }, 
  "_referenced_fss" : {
    "1" : {"_type" : "Sofa",  "sofaNum" : 1,  "sofaID" : "_InitialView",  "mimeType" : "text",  "sofaString" : "\nOf Muriatic Acid.\n\nObtained by decomposing Muriate of Soda,\nby means similar to those employed in the preparation of the Nitric Acid.\n\nIts purest form Gaseous .\n\nIn this state heavier than Atmospherical Air ;\n100 cubic inches at mean pressure and temperture, weighing 39 grains ; of a pungent odour ;\nirrespirable ; destructive to Flame, imparting to\nit under extinction a bright green colour; inflames the skin without discolouring or corroding it.  ' \n\nFormerly supposed to consist of an unknown\nradical intimately combined with Oxygen. Late\nresearches of Professor Davy, by which this\ndoctrine is controverted.\n\nWhen dry has no action on the Metals, nor\non any other of the Combustible Substances.\n\nExposed to a moist atmosphere it becomes\ncloudy —Is readily absorbed both by Water and\nIce, the latter of which it liquefies: in either\ncase it occasions an increase of Temperature and\naugmentation of Bulk, communicating to the\nwater the general properties of an Acid (Acidam\nMuriaticum P. L.)\n\n" }, 
    "2453" : {"_type" : "Span",  "sofa" : 1,  "begin" : 294,  "end" : 299,  "label" : "Smell_Word" }, 
    "2458" : {"_type" : "Span",  "sofa" : 1,  "begin" : 4,  "end" : 17,  "label" : "Smell_Source" }, 
    "2448" : {"_type" : "Span",  "sofa" : 1,  "begin" : 286,  "end" : 293,  "label" : "Quality" } } }