#FORMAT=WebAnno TSV 3.3


#Text=772 En communicatie.
#Text=773
#Text=Bewysen, waarom hier alleen uit de Natuur-kunde en niet uit de Metaphysica
#Text=genomen.
#Text=21 Neemt Godt selft in syn Woord niet uit Metaphysche redeneeringen,
#Text=maar uit syne werken.
#Text=21
#Text=Bewys-maniere, van Godts volmaaktheden hier gebruikt in het gemeen aangetoont.
#Text=
#Text=23 Middelen om die kragtigh aan te dringen.
#Text=27
#Text=Van de bovenmenschelyke af komst
#Text=der H.
1-1	0-3	772	
1-2	4-6	En	
1-3	7-19	communicatie	
1-4	19-20	.	
1-5	21-24	773	
1-6	25-32	Bewysen	
1-7	32-33	,	
1-8	34-40	waarom	
1-9	41-45	hier	
1-10	46-52	alleen	
1-11	53-56	uit	
1-12	57-59	de	
1-13	60-72	Natuur-kunde	
1-14	73-75	en	
1-15	76-80	niet	
1-16	81-84	uit	
1-17	85-87	de	
1-18	88-99	Metaphysica	
1-19	100-107	genomen	
1-20	107-108	.	
1-21	109-111	21	
1-22	112-117	Neemt	
1-23	118-122	Godt	
1-24	123-128	selft	
1-25	129-131	in	
1-26	132-135	syn	
1-27	136-141	Woord	
1-28	142-146	niet	
1-29	147-150	uit	
1-30	151-162	Metaphysche	
1-31	163-176	redeneeringen	
1-32	176-177	,	
1-33	178-182	maar	
1-34	183-186	uit	
1-35	187-191	syne	
1-36	192-198	werken	
1-37	198-199	.	
1-38	200-202	21	
1-39	203-216	Bewys-maniere	
1-40	216-217	,	
1-41	218-221	van	
1-42	222-227	Godts	
1-43	228-241	volmaaktheden	
1-44	242-246	hier	
1-45	247-255	gebruikt	
1-46	256-258	in	
1-47	259-262	het	
1-48	263-269	gemeen	
1-49	270-280	aangetoont	
1-50	280-281	.	
1-51	283-285	23	
1-52	286-294	Middelen	
1-53	295-297	om	
1-54	298-301	die	
1-55	302-310	kragtigh	
1-56	311-314	aan	
1-57	315-317	te	
1-58	318-325	dringen	
1-59	325-326	.	
1-60	327-329	27	
1-61	330-333	Van	
1-62	334-336	de	
1-63	337-353	bovenmenschelyke	
1-64	354-356	af	
1-65	357-362	komst	
1-66	363-366	der	
1-67	367-368	H	
1-68	368-369	.	

#Text=Schriften in het gemeen aangetoont.
#Text=27 En tegen den Alcoran aangedrongen.
#Text=
#Text=29 Uitv lugten tegen de laatste beantwoord.
#Text=30
#Text=Bladeren, gestel en nuitigheden.
#Text=589 hare groote uitwasemingen.
#Text=591
#Text=Blase, waarom van het sout der blaasvogt niet lyd.
#Text=111
#Text=Bloed, desselfs omloop, ook in een aal getoont.
#Text=101
#Text=Hoe dikwils in een uur omloopt
#Text=101
#Text=Waarom voortloopt, schoont het hart sigh los laat.
#Text=103
#Text=Waarom in de hair-vaten
#Text=sagter loopt.
#Text=106 Desselfs gebruiken in het gemeen.
#Text=109 Dient tot beweeginge der
#Text=spieren.
2-1	370-379	Schriften	
2-2	380-382	in	
2-3	383-386	het	
2-4	387-393	gemeen	
2-5	394-404	aangetoont	
2-6	404-405	.	
2-7	406-408	27	
2-8	409-411	En	
2-9	412-417	tegen	
2-10	418-421	den	
2-11	422-429	Alcoran	
2-12	430-442	aangedrongen	
2-13	442-443	.	
2-14	445-447	29	
2-15	448-452	Uitv	
2-16	453-459	lugten	
2-17	460-465	tegen	
2-18	466-468	de	
2-19	469-476	laatste	
2-20	477-487	beantwoord	
2-21	487-488	.	
2-22	489-491	30	
2-23	492-500	Bladeren	
2-24	500-501	,	
2-25	502-508	gestel	
2-26	509-511	en	
2-27	512-523	nuitigheden	
2-28	523-524	.	
2-29	525-528	589	
2-30	529-533	hare	
2-31	534-540	groote	
2-32	541-554	uitwasemingen	
2-33	554-555	.	
2-34	556-559	591	
2-35	560-565	Blase	
2-36	565-566	,	
2-37	567-573	waarom	
2-38	574-577	van	
2-39	578-581	het	
2-40	582-586	sout	
2-41	587-590	der	
2-42	591-600	blaasvogt	
2-43	601-605	niet	
2-44	606-609	lyd	
2-45	609-610	.	
2-46	611-614	111	
2-47	615-620	Bloed	
2-48	620-621	,	
2-49	622-630	desselfs	
2-50	631-637	omloop	
2-51	637-638	,	
2-52	639-642	ook	
2-53	643-645	in	
2-54	646-649	een	
2-55	650-653	aal	
2-56	654-661	getoont	
2-57	661-662	.	
2-58	663-666	101	
2-59	667-670	Hoe	
2-60	671-678	dikwils	
2-61	679-681	in	
2-62	682-685	een	
2-63	686-689	uur	
2-64	690-697	omloopt	
2-65	698-701	101	
2-66	702-708	Waarom	
2-67	709-719	voortloopt	
2-68	719-720	,	
2-69	721-728	schoont	
2-70	729-732	het	
2-71	733-737	hart	
2-72	738-742	sigh	
2-73	743-746	los	
2-74	747-751	laat	
2-75	751-752	.	
2-76	753-756	103	
2-77	757-763	Waarom	
2-78	764-766	in	
2-79	767-769	de	
2-80	770-780	hair-vaten	
2-81	781-787	sagter	
2-82	788-793	loopt	
2-83	793-794	.	
2-84	795-798	106	
2-85	799-807	Desselfs	
2-86	808-817	gebruiken	
2-87	818-820	in	
2-88	821-824	het	
2-89	825-831	gemeen	
2-90	831-832	.	
2-91	833-836	109	
2-92	837-842	Dient	
2-93	843-846	tot	
2-94	847-857	beweeginge	
2-95	858-861	der	
2-96	862-869	spieren	
2-97	869-870	.	
