#FORMAT=WebAnno TSV 3.3
#T_SP=custom.Span|label
#T_RL=custom.Relation|label|BT_custom.Span


#Text=En indiquant dans notre numéro du 20 Vendémiaire IV, 105. le procédé usité pour faire avec les baies du génévrier, une boisson salutaire qui peut remplacer celles donc nous devons le sacrifice aux défenseurs de la Patrie; nous avons prouvé la nécessité de multiplier fa culture du ge névrier , trop négligé dans ce District.
1-1	0-2	En	_	_	_	
1-2	3-12	indiquant	_	_	_	
1-3	13-17	dans	_	_	_	
1-4	18-23	notre	_	_	_	
1-5	24-30	numéro	_	_	_	
1-6	31-33	du	_	_	_	
1-7	34-36	20	_	_	_	
1-8	37-48	Vendémiaire	_	_	_	
1-9	49-51	IV	_	_	_	
1-10	51-52	,	_	_	_	
1-11	53-56	105	_	_	_	
1-12	56-57	.	_	_	_	
1-13	58-60	le	_	_	_	
1-14	61-68	procédé	_	_	_	
1-15	69-74	usité	_	_	_	
1-16	75-79	pour	_	_	_	
1-17	80-85	faire	_	_	_	
1-18	86-90	avec	_	_	_	
1-19	91-94	les	_	_	_	
1-20	95-100	baies	_	_	_	
1-21	101-103	du	_	_	_	
1-22	104-113	génévrier	_	_	_	
1-23	113-114	,	_	_	_	
1-24	115-118	une	_	_	_	
1-25	119-126	boisson	_	_	_	
1-26	127-136	salutaire	_	_	_	
1-27	137-140	qui	_	_	_	
1-28	141-145	peut	_	_	_	
1-29	146-155	remplacer	_	_	_	
1-30	156-162	celles	_	_	_	
1-31	163-167	donc	_	_	_	
1-32	168-172	nous	_	_	_	
1-33	173-179	devons	_	_	_	
1-34	180-182	le	_	_	_	
1-35	183-192	sacrifice	_	_	_	
1-36	193-196	aux	_	_	_	
1-37	197-207	défenseurs	_	_	_	
1-38	208-210	de	_	_	_	
1-39	211-213	la	_	_	_	
1-40	214-220	Patrie	_	_	_	
1-41	220-221	;	_	_	_	
1-42	222-226	nous	_	_	_	
1-43	227-232	avons	_	_	_	
1-44	233-239	prouvé	_	_	_	
1-45	240-242	la	_	_	_	
1-46	243-252	nécessité	_	_	_	
1-47	253-255	de	_	_	_	
1-48	256-266	multiplier	_	_	_	
1-49	267-269	fa	_	_	_	
1-50	270-277	culture	_	_	_	
1-51	278-280	du	_	_	_	
1-52	281-283	ge	_	_	_	
1-53	284-291	névrier	_	_	_	
1-54	292-293	,	_	_	_	
1-55	294-298	trop	_	_	_	
1-56	299-306	négligé	_	_	_	
1-57	307-311	dans	_	_	_	
1-58	312-314	ce	_	_	_	
1-59	315-323	District	_	_	_	
1-60	323-324	.	_	_	_	

#Text=Nous croyons devoir la rappeler encore , parce que la saison de commencer ces plantations, approche,
#Text=
#Text=Procedé pour faire Je vinaigre de petit - tait.
2-1	325-329	Nous	_	_	_	
2-2	330-337	croyons	_	_	_	
2-3	338-344	devoir	_	_	_	
2-4	345-347	la	_	_	_	
2-5	348-356	rappeler	_	_	_	
2-6	357-363	encore	_	_	_	
2-7	364-365	,	_	_	_	
2-8	366-371	parce	_	_	_	
2-9	372-375	que	_	_	_	
2-10	376-378	la	_	_	_	
2-11	379-385	saison	_	_	_	
2-12	386-388	de	_	_	_	
2-13	389-398	commencer	_	_	_	
2-14	399-402	ces	_	_	_	
2-15	403-414	plantations	_	_	_	
2-16	414-415	,	_	_	_	
2-17	416-424	approche	_	_	_	
2-18	424-425	,	_	_	_	
2-19	427-434	Procedé	_	_	_	
2-20	435-439	pour	_	_	_	
2-21	440-445	faire	_	_	_	
2-22	446-448	Je	_	_	_	
2-23	449-457	vinaigre	_	_	_	
2-24	458-460	de	_	_	_	
2-25	461-466	petit	_	_	_	
2-26	467-468	-	_	_	_	
2-27	469-473	tait	_	_	_	
2-28	473-474	.	_	_	_	

#Text=Par le C.
3-1	476-479	Par	_	_	_	
3-2	480-482	le	_	_	_	
3-3	483-484	C	_	_	_	
3-4	484-485	.	_	_	_	

#Text=Benoist , cultivateur du Département de la' Meurthe,
#Text=
#Text=Le vinaigre de petit - lait , n'exige pas beaucoup de soins; la nature y participe presque autant que dans la ferment- nation du vin ; le grand agent , c'est la fermentation.
4-1	486-493	Benoist	_	_	_	
4-2	494-495	,	_	_	_	
4-3	496-507	cultivateur	_	_	_	
4-4	508-510	du	_	_	_	
4-5	511-522	Département	_	_	_	
4-6	523-525	de	_	_	_	
4-7	526-528	la	_	_	_	
4-8	528-529	'	_	_	_	
4-9	530-537	Meurthe	_	_	_	
4-10	537-538	,	_	_	_	
4-11	540-542	Le	_	_	_	
4-12	543-551	vinaigre	_	_	_	
4-13	552-554	de	_	_	_	
4-14	555-560	petit	_	_	_	
4-15	561-562	-	_	_	_	
4-16	563-567	lait	_	_	_	
4-17	568-569	,	_	_	_	
4-18	570-577	n'exige	_	_	_	
4-19	578-581	pas	_	_	_	
4-20	582-590	beaucoup	_	_	_	
4-21	591-593	de	_	_	_	
4-22	594-599	soins	_	_	_	
4-23	599-600	;	_	_	_	
4-24	601-603	la	_	_	_	
4-25	604-610	nature	_	_	_	
4-26	611-612	y	_	_	_	
4-27	613-622	participe	_	_	_	
4-28	623-630	presque	_	_	_	
4-29	631-637	autant	_	_	_	
4-30	638-641	que	_	_	_	
4-31	642-646	dans	_	_	_	
4-32	647-649	la	_	_	_	
4-33	650-657	ferment	_	_	_	
4-34	657-658	-	_	_	_	
4-35	659-665	nation	_	_	_	
4-36	666-668	du	_	_	_	
4-37	669-672	vin	_	_	_	
4-38	673-674	;	_	_	_	
4-39	675-677	le	_	_	_	
4-40	678-683	grand	_	_	_	
4-41	684-689	agent	_	_	_	
4-42	690-691	,	_	_	_	
4-43	692-697	c'est	_	_	_	
4-44	698-700	la	Circumstances[1]	_	_	
4-45	701-713	fermentation	Circumstances[1]	_	_	
4-46	713-714	.	_	_	_	

#Text=Prenez un local à l'aspect du midi , bien fermé; districtbuez des chantiers de caves; garnirez -les de tonneaux posés sur leurs fonds; ôtez les fonds supérieurs; remplissez à moitié les tonneaux de petit- ia,i f t , à mesure que vous on jtÿez de chaque fromage ^ calculez combien cette moitié remplie, contient de mesures, la mesure decipquapte pintes" de Paris ; prenez une cuyelle à lait , mettez - y une Ohopine de petit-lait,, t delayez-y autant de livres de miel commun que vous avez de mesure
5-1	716-722	Prenez	_	_	_	
5-2	723-725	un	_	_	_	
5-3	726-731	local	_	_	_	
5-4	732-733	à	_	_	_	
5-5	734-742	l'aspect	_	_	_	
5-6	743-745	du	_	_	_	
5-7	746-750	midi	_	_	_	
5-8	751-752	,	_	_	_	
5-9	753-757	bien	_	_	_	
5-10	758-763	fermé	_	_	_	
5-11	763-764	;	_	_	_	
5-12	765-777	districtbuez	_	_	_	
5-13	778-781	des	_	_	_	
5-14	782-791	chantiers	_	_	_	
5-15	792-794	de	_	_	_	
5-16	795-800	caves	_	_	_	
5-17	800-801	;	_	_	_	
5-18	802-810	garnirez	_	_	_	
5-19	811-812	-	_	_	_	
5-20	812-815	les	_	_	_	
5-21	816-818	de	_	_	_	
5-22	819-827	tonneaux	_	_	_	
5-23	828-833	posés	_	_	_	
5-24	834-837	sur	_	_	_	
5-25	838-843	leurs	_	_	_	
5-26	844-849	fonds	_	_	_	
5-27	849-850	;	_	_	_	
5-28	851-855	ôtez	_	_	_	
5-29	856-859	les	_	_	_	
5-30	860-865	fonds	_	_	_	
5-31	866-876	supérieurs	_	_	_	
5-32	876-877	;	_	_	_	
5-33	878-888	remplissez	_	_	_	
5-34	889-890	à	_	_	_	
5-35	891-897	moitié	_	_	_	
5-36	898-901	les	_	_	_	
5-37	902-910	tonneaux	_	_	_	
5-38	911-913	de	_	_	_	
5-39	914-919	petit	_	_	_	
5-40	919-920	-	_	_	_	
5-41	921-923	ia	_	_	_	
5-42	923-924	,	_	_	_	
5-43	924-925	i	_	_	_	
5-44	926-927	f	_	_	_	
5-45	928-929	t	_	_	_	
5-46	930-931	,	_	_	_	
5-47	932-933	à	_	_	_	
5-48	934-940	mesure	_	_	_	
5-49	941-944	que	_	_	_	
5-50	945-949	vous	_	_	_	
5-51	950-952	on	_	_	_	
5-52	953-958	jtÿez	_	_	_	
5-53	959-961	de	_	_	_	
5-54	962-968	chaque	_	_	_	
5-55	969-976	fromage	_	_	_	
5-56	977-978	^	_	_	_	
5-57	979-987	calculez	_	_	_	
5-58	988-995	combien	_	_	_	
5-59	996-1001	cette	_	_	_	
5-60	1002-1008	moitié	_	_	_	
5-61	1009-1016	remplie	_	_	_	
5-62	1016-1017	,	_	_	_	
5-63	1018-1026	contient	_	_	_	
5-64	1027-1029	de	_	_	_	
5-65	1030-1037	mesures	_	_	_	
5-66	1037-1038	,	_	_	_	
5-67	1039-1041	la	_	_	_	
5-68	1042-1048	mesure	_	_	_	
5-69	1049-1060	decipquapte	_	_	_	
5-70	1061-1067	pintes	_	_	_	
5-71	1067-1068	"	_	_	_	
5-72	1069-1071	de	_	_	_	
5-73	1072-1077	Paris	_	_	_	
5-74	1078-1079	;	_	_	_	
5-75	1080-1086	prenez	_	_	_	
5-76	1087-1090	une	_	_	_	
5-77	1091-1098	cuyelle	_	_	_	
5-78	1099-1100	à	_	_	_	
5-79	1101-1105	lait	_	_	_	
5-80	1106-1107	,	_	_	_	
5-81	1108-1114	mettez	_	_	_	
5-82	1115-1116	-	_	_	_	
5-83	1117-1118	y	_	_	_	
5-84	1119-1122	une	_	_	_	
5-85	1123-1130	Ohopine	_	_	_	
5-86	1131-1133	de	_	_	_	
5-87	1134-1144	petit-lait	_	_	_	
5-88	1144-1145	,	_	_	_	
5-89	1145-1146	,	_	_	_	
5-90	1147-1148	t	_	_	_	
5-91	1149-1158	delayez-y	_	_	_	
5-92	1159-1165	autant	_	_	_	
5-93	1166-1168	de	_	_	_	
5-94	1169-1175	livres	_	_	_	
5-95	1176-1178	de	_	_	_	
5-96	1179-1183	miel	_	_	_	
5-97	1184-1190	commun	_	_	_	
5-98	1191-1194	que	_	_	_	
5-99	1195-1199	vous	_	_	_	
5-100	1200-1204	avez	_	_	_	
5-101	1205-1207	de	_	_	_	
5-102	1208-1214	mesure	_	_	_	

#Text=.
6-1	1214-1215	.	_	_	_	

#Text=[..] couvrez chaque tonneau d'une toile grossière, tendue, et lin peu moins claire que la toile d'emballage; mettez dans le local un fourneau, alimentez - le avec des mottes de tannëür ou autres combes* tables les plus économiques ; maintenez la chaleur de manière que le thermomètre soit toujours entre vingt et vingtièmes degrés, au- dessus de la congélation ; lés trois ou quatre premiers jours * remuez tous les tonneaux avec le balai; puis laissez le fermenter; sous peu vous obtiendrez une odeur de vin ^ puis une de vinaigre; et quand, après l'avoir sentie forte et très - agréable , elle ne vous pifroîtra plus augmenter, en cave 2 le vinaigre dans dès tonneau* pleins, et laissez -le se clarifier, il deviendra d'une belle couleur, et très - bon pour la cuisine ordinaire ; mai^il con- servira long-térms un arrière-goût dé petit-lait, point les personnes qui ne sauront ce qti'Ou leur sert, si oh ne le parfume pas avec dé l'estragon, de l'ail , de là deûr de sureau ou du baume (ü).
7-1	1217-1218	[	_	_	_	
7-2	1218-1219	.	_	_	_	
7-3	1219-1220	.	_	_	_	
7-4	1220-1221	]	_	_	_	
7-5	1222-1229	couvrez	_	_	_	
7-6	1230-1236	chaque	_	_	_	
7-7	1237-1244	tonneau	_	_	_	
7-8	1245-1250	d'une	_	_	_	
7-9	1251-1256	toile	_	_	_	
7-10	1257-1266	grossière	_	_	_	
7-11	1266-1267	,	_	_	_	
7-12	1268-1274	tendue	_	_	_	
7-13	1274-1275	,	_	_	_	
7-14	1276-1278	et	_	_	_	
7-15	1279-1282	lin	_	_	_	
7-16	1283-1286	peu	_	_	_	
7-17	1287-1292	moins	_	_	_	
7-18	1293-1299	claire	_	_	_	
7-19	1300-1303	que	_	_	_	
7-20	1304-1306	la	_	_	_	
7-21	1307-1312	toile	_	_	_	
7-22	1313-1324	d'emballage	_	_	_	
7-23	1324-1325	;	_	_	_	
7-24	1326-1332	mettez	_	_	_	
7-25	1333-1337	dans	_	_	_	
7-26	1338-1340	le	_	_	_	
7-27	1341-1346	local	_	_	_	
7-28	1347-1349	un	_	_	_	
7-29	1350-1358	fourneau	_	_	_	
7-30	1358-1359	,	_	_	_	
7-31	1360-1369	alimentez	_	_	_	
7-32	1370-1371	-	_	_	_	
7-33	1372-1374	le	_	_	_	
7-34	1375-1379	avec	_	_	_	
7-35	1380-1383	des	_	_	_	
7-36	1384-1390	mottes	_	_	_	
7-37	1391-1393	de	_	_	_	
7-38	1394-1401	tannëür	_	_	_	
7-39	1402-1404	ou	_	_	_	
7-40	1405-1411	autres	_	_	_	
7-41	1412-1418	combes	_	_	_	
7-42	1418-1419	*	_	_	_	
7-43	1420-1426	tables	_	_	_	
7-44	1427-1430	les	_	_	_	
7-45	1431-1435	plus	_	_	_	
7-46	1436-1447	économiques	_	_	_	
7-47	1448-1449	;	_	_	_	
7-48	1450-1459	maintenez	_	_	_	
7-49	1460-1462	la	_	_	_	
7-50	1463-1470	chaleur	_	_	_	
7-51	1471-1473	de	_	_	_	
7-52	1474-1481	manière	_	_	_	
7-53	1482-1485	que	_	_	_	
7-54	1486-1488	le	_	_	_	
7-55	1489-1500	thermomètre	_	_	_	
7-56	1501-1505	soit	_	_	_	
7-57	1506-1514	toujours	_	_	_	
7-58	1515-1520	entre	_	_	_	
7-59	1521-1526	vingt	_	_	_	
7-60	1527-1529	et	_	_	_	
7-61	1530-1540	vingtièmes	_	_	_	
7-62	1541-1547	degrés	_	_	_	
7-63	1547-1548	,	_	_	_	
7-64	1549-1551	au	_	_	_	
7-65	1551-1552	-	_	_	_	
7-66	1553-1559	dessus	_	_	_	
7-67	1560-1562	de	_	_	_	
7-68	1563-1565	la	_	_	_	
7-69	1566-1577	congélation	_	_	_	
7-70	1578-1579	;	_	_	_	
7-71	1580-1583	lés	_	_	_	
7-72	1584-1589	trois	_	_	_	
7-73	1590-1592	ou	_	_	_	
7-74	1593-1599	quatre	_	_	_	
7-75	1600-1608	premiers	_	_	_	
7-76	1609-1614	jours	_	_	_	
7-77	1615-1616	*	_	_	_	
7-78	1617-1623	remuez	_	_	_	
7-79	1624-1628	tous	_	_	_	
7-80	1629-1632	les	_	_	_	
7-81	1633-1641	tonneaux	_	_	_	
7-82	1642-1646	avec	_	_	_	
7-83	1647-1649	le	_	_	_	
7-84	1650-1655	balai	_	_	_	
7-85	1655-1656	;	_	_	_	
7-86	1657-1661	puis	_	_	_	
7-87	1662-1669	laissez	_	_	_	
7-88	1670-1672	le	_	_	_	
7-89	1673-1682	fermenter	_	_	_	
7-90	1682-1683	;	_	_	_	
7-91	1684-1688	sous	_	_	_	
7-92	1689-1692	peu	_	_	_	
7-93	1693-1697	vous	Perceiver	_	_	
7-94	1698-1708	obtiendrez	_	_	_	
7-95	1709-1712	une	_	_	_	
7-96	1713-1718	odeur	Smell\_Word	*|Anaphoric|*|*	7-98|7-101|7-93|4-44[1_0]	
7-97	1719-1721	de	_	_	_	
7-98	1722-1725	vin	Smell\_Source	_	_	
7-99	1726-1727	^	_	_	_	
7-100	1728-1732	puis	Time	_	_	
7-101	1733-1736	une	Smell\_Word	*|*|*|*|*	7-100|7-103|7-111|7-113[2_0]|7-93	
7-102	1737-1739	de	_	_	_	
7-103	1740-1748	vinaigre	Smell\_Source	_	_	
7-104	1748-1749	;	_	_	_	
7-105	1750-1752	et	_	_	_	
7-106	1753-1758	quand	_	_	_	
7-107	1758-1759	,	_	_	_	
7-108	1760-1765	après	_	_	_	
7-109	1766-1773	l'avoir	_	_	_	
7-110	1774-1780	sentie	_	_	_	
7-111	1781-1786	forte	Quality	_	_	
7-112	1787-1789	et	_	_	_	
7-113	1790-1794	très	Quality[2]	_	_	
7-114	1795-1796	-	Quality[2]	_	_	
7-115	1797-1805	agréable	Quality[2]	_	_	
7-116	1806-1807	,	_	_	_	
7-117	1808-1812	elle	_	_	_	
7-118	1813-1815	ne	_	_	_	
7-119	1816-1820	vous	_	_	_	
7-120	1821-1830	pifroîtra	_	_	_	
7-121	1831-1835	plus	_	_	_	
7-122	1836-1845	augmenter	_	_	_	
7-123	1845-1846	,	_	_	_	
7-124	1847-1849	en	_	_	_	
7-125	1850-1854	cave	_	_	_	
7-126	1855-1856	2	_	_	_	
7-127	1857-1859	le	_	_	_	
7-128	1860-1868	vinaigre	_	_	_	
7-129	1869-1873	dans	_	_	_	
7-130	1874-1877	dès	_	_	_	
7-131	1878-1885	tonneau	_	_	_	
7-132	1885-1886	*	_	_	_	
7-133	1887-1893	pleins	_	_	_	
7-134	1893-1894	,	_	_	_	
7-135	1895-1897	et	_	_	_	
7-136	1898-1905	laissez	_	_	_	
7-137	1906-1907	-	_	_	_	
7-138	1907-1909	le	_	_	_	
7-139	1910-1912	se	_	_	_	
7-140	1913-1922	clarifier	_	_	_	
7-141	1922-1923	,	_	_	_	
7-142	1924-1926	il	_	_	_	
7-143	1927-1936	deviendra	_	_	_	
7-144	1937-1942	d'une	_	_	_	
7-145	1943-1948	belle	_	_	_	
7-146	1949-1956	couleur	_	_	_	
7-147	1956-1957	,	_	_	_	
7-148	1958-1960	et	_	_	_	
7-149	1961-1965	très	_	_	_	
7-150	1966-1967	-	_	_	_	
7-151	1968-1971	bon	_	_	_	
7-152	1972-1976	pour	_	_	_	
7-153	1977-1979	la	_	_	_	
7-154	1980-1987	cuisine	_	_	_	
7-155	1988-1997	ordinaire	_	_	_	
7-156	1998-1999	;	_	_	_	
7-157	2000-2003	mai	_	_	_	
7-158	2003-2004	^	_	_	_	
7-159	2004-2006	il	_	_	_	
7-160	2007-2010	con	_	_	_	
7-161	2010-2011	-	_	_	_	
7-162	2012-2019	servira	_	_	_	
7-163	2020-2030	long-térms	_	_	_	
7-164	2031-2033	un	_	_	_	
7-165	2034-2046	arrière-goût	_	_	_	
7-166	2047-2049	dé	_	_	_	
7-167	2050-2060	petit-lait	_	_	_	
7-168	2060-2061	,	_	_	_	
7-169	2062-2067	point	_	_	_	
7-170	2068-2071	les	_	_	_	
7-171	2072-2081	personnes	_	_	_	
7-172	2082-2085	qui	_	_	_	
7-173	2086-2088	ne	_	_	_	
7-174	2089-2096	sauront	_	_	_	
7-175	2097-2099	ce	_	_	_	
7-176	2100-2106	qti'Ou	_	_	_	
7-177	2107-2111	leur	_	_	_	
7-178	2112-2116	sert	_	_	_	
7-179	2116-2117	,	_	_	_	
7-180	2118-2120	si	_	_	_	
7-181	2121-2123	oh	_	_	_	
7-182	2124-2126	ne	_	_	_	
7-183	2127-2129	le	_	_	_	
7-184	2130-2137	parfume	_	_	_	
7-185	2138-2141	pas	_	_	_	
7-186	2142-2146	avec	_	_	_	
7-187	2147-2149	dé	_	_	_	
7-188	2150-2160	l'estragon	_	_	_	
7-189	2160-2161	,	_	_	_	
7-190	2162-2164	de	_	_	_	
7-191	2165-2170	l'ail	_	_	_	
7-192	2171-2172	,	_	_	_	
7-193	2173-2175	de	_	_	_	
7-194	2176-2178	là	_	_	_	
7-195	2179-2183	deûr	_	_	_	
7-196	2184-2186	de	_	_	_	
7-197	2187-2193	sureau	_	_	_	
7-198	2194-2196	ou	_	_	_	
7-199	2197-2199	du	_	_	_	
7-200	2200-2205	baume	_	_	_	
7-201	2206-2207	(	_	_	_	
7-202	2207-2208	ü	_	_	_	
7-203	2208-2209	)	_	_	_	
7-204	2209-2210	.	_	_	_	

#Text=Alors il prend mieux le prfuirt que lé vinaigre dé vin , et il deviènt parfait, mèmè pour les salades.
8-1	2211-2216	Alors	_	_	_	
8-2	2217-2219	il	_	_	_	
8-3	2220-2225	prend	_	_	_	
8-4	2226-2231	mieux	_	_	_	
8-5	2232-2234	le	_	_	_	
8-6	2235-2242	prfuirt	_	_	_	
8-7	2243-2246	que	_	_	_	
8-8	2247-2249	lé	_	_	_	
8-9	2250-2258	vinaigre	_	_	_	
8-10	2259-2261	dé	_	_	_	
8-11	2262-2265	vin	_	_	_	
8-12	2266-2267	,	_	_	_	
8-13	2268-2270	et	_	_	_	
8-14	2271-2273	il	_	_	_	
8-15	2274-2281	deviènt	_	_	_	
8-16	2282-2289	parfait	_	_	_	
8-17	2289-2290	,	_	_	_	
8-18	2291-2295	mèmè	_	_	_	
8-19	2296-2300	pour	_	_	_	
8-20	2301-2304	les	_	_	_	
8-21	2305-2312	salades	_	_	_	
8-22	2312-2313	.	_	_	_	
