#FORMAT=WebAnno TSV 3.3


#Text=18 Magna etiam pars populi de Ephraim, et Manasse, et Issachar, et Zabulon, quæ sanctificata non fuerat, comedit Phase non juxta quod scriptum est : et oravit pro eis Ezechias, dicens : Dominus bonus propitiabitur 19 cunctis, qui in toto corde requirunt Dominum Deum patrum suorum : et non imputabit eis quod minus sanctificati sunt.
#Text=20 Quem exaudivit Dominus, et placatus est populo.
#Text=21 Feceruntque filii Israël, qui inventi sunt in Jerusalem, solemnitatem azymorum septem diebus in lætitia magna, laudantes Dominum per singulos dies : Levitæ quoque et sacerdotes per organa quæ suo officio congruebant.
#Text=22 Et locutus est Ezechias ad cor omnium Levitarum qui habebant intelligentiam bonam super Domino : et comederunt septem diebus solemnitatis, immolantes victimas pacificorum, et laudantes Dominum Deum patrum suorum.
#Text=23 Placuitque universæ multitudini ut celebrarent etiam alios dies septem : quod et fecerunt cum ingenti gaudio.
#Text=24 Ezechias enim rex Juda præbuerat multitudini mille tauros, et septem millia ovium : principes vero dederant populo tauros mille, et oves decem millia : sanctificata est ergo sacerdotum plurima multitudo.
#Text=25 Et hilaritate perfusa omnis turba Juda, tam sacerdotum et Levitarum, quam universæ frequentiæ quæ venerat ex Israël : proselytorum quoque de terra Israël, et habitantium in Juda.
#Text=26 Factaque est grandis celebritas in Jerusalem, qualis a diebus Salomonis filii David regis Israël in ea urbe non fuerat.
#Text=27 Surrexerunt autem sacerdotes atque Levitæ benedicentes populo : et exaudita est vox eorum, pervenitque oratio in habitaculum sanctum cæli.
1-1	2-4	18	
1-2	5-10	Magna	
1-3	11-16	etiam	
1-4	17-21	pars	
1-5	22-28	populi	
1-6	29-31	de	
1-7	32-39	Ephraim	
1-8	39-40	,	
1-9	41-43	et	
1-10	44-51	Manasse	
1-11	51-52	,	
1-12	53-55	et	
1-13	56-64	Issachar	
1-14	64-65	,	
1-15	66-68	et	
1-16	69-76	Zabulon	
1-17	76-77	,	
1-18	78-81	quæ	
1-19	82-94	sanctificata	
1-20	95-98	non	
1-21	99-105	fuerat	
1-22	105-106	,	
1-23	107-114	comedit	
1-24	115-120	Phase	
1-25	121-124	non	
1-26	125-130	juxta	
1-27	131-135	quod	
1-28	136-144	scriptum	
1-29	145-148	est	
1-30	149-150	:	
1-31	151-153	et	
1-32	154-160	oravit	
1-33	161-164	pro	
1-34	165-168	eis	
1-35	169-177	Ezechias	
1-36	177-178	,	
1-37	179-185	dicens	
1-38	186-187	:	
1-39	188-195	Dominus	
1-40	196-201	bonus	
1-41	202-215	propitiabitur	
1-42	216-218	19	
1-43	219-226	cunctis	
1-44	226-227	,	
1-45	228-231	qui	
1-46	232-234	in	
1-47	235-239	toto	
1-48	240-245	corde	
1-49	246-255	requirunt	
1-50	256-263	Dominum	
1-51	264-268	Deum	
1-52	269-275	patrum	
1-53	276-282	suorum	
1-54	283-284	:	
1-55	285-287	et	
1-56	288-291	non	
1-57	292-301	imputabit	
1-58	302-305	eis	
1-59	306-310	quod	
1-60	311-316	minus	
1-61	317-329	sanctificati	
1-62	330-334	sunt	
1-63	334-335	.	
1-64	336-338	20	
1-65	339-343	Quem	
1-66	344-353	exaudivit	
1-67	354-361	Dominus	
1-68	361-362	,	
1-69	363-365	et	
1-70	366-374	placatus	
1-71	375-378	est	
1-72	379-385	populo	
1-73	385-386	.	
1-74	387-389	21	
1-75	390-401	Feceruntque	
1-76	402-407	filii	
1-77	408-414	Israël	
1-78	414-415	,	
1-79	416-419	qui	
1-80	420-427	inventi	
1-81	428-432	sunt	
1-82	433-435	in	
1-83	436-445	Jerusalem	
1-84	445-446	,	
1-85	447-459	solemnitatem	
1-86	460-468	azymorum	
1-87	469-475	septem	
1-88	476-482	diebus	
1-89	483-485	in	
1-90	486-493	lætitia	
1-91	494-499	magna	
1-92	499-500	,	
1-93	501-510	laudantes	
1-94	511-518	Dominum	
1-95	519-522	per	
1-96	523-531	singulos	
1-97	532-536	dies	
1-98	537-538	:	
1-99	539-545	Levitæ	
1-100	546-552	quoque	
1-101	553-555	et	
1-102	556-566	sacerdotes	
1-103	567-570	per	
1-104	571-577	organa	
1-105	578-581	quæ	
1-106	582-585	suo	
1-107	586-593	officio	
1-108	594-605	congruebant	
1-109	605-606	.	
1-110	607-609	22	
1-111	610-612	Et	
1-112	613-620	locutus	
1-113	621-624	est	
1-114	625-633	Ezechias	
1-115	634-636	ad	
1-116	637-640	cor	
1-117	641-647	omnium	
1-118	648-657	Levitarum	
1-119	658-661	qui	
1-120	662-670	habebant	
1-121	671-685	intelligentiam	
1-122	686-691	bonam	
1-123	692-697	super	
1-124	698-704	Domino	
1-125	705-706	:	
1-126	707-709	et	
1-127	710-720	comederunt	
1-128	721-727	septem	
1-129	728-734	diebus	
1-130	735-747	solemnitatis	
1-131	747-748	,	
1-132	749-759	immolantes	
1-133	760-768	victimas	
1-134	769-780	pacificorum	
1-135	780-781	,	
1-136	782-784	et	
1-137	785-794	laudantes	
1-138	795-802	Dominum	
1-139	803-807	Deum	
1-140	808-814	patrum	
1-141	815-821	suorum	
1-142	821-822	.	
1-143	823-825	23	
1-144	826-836	Placuitque	
1-145	837-845	universæ	
1-146	846-857	multitudini	
1-147	858-860	ut	
1-148	861-872	celebrarent	
1-149	873-878	etiam	
1-150	879-884	alios	
1-151	885-889	dies	
1-152	890-896	septem	
1-153	897-898	:	
1-154	899-903	quod	
1-155	904-906	et	
1-156	907-915	fecerunt	
1-157	916-919	cum	
1-158	920-927	ingenti	
1-159	928-934	gaudio	
1-160	934-935	.	
1-161	936-938	24	
1-162	939-947	Ezechias	
1-163	948-952	enim	
1-164	953-956	rex	
1-165	957-961	Juda	
1-166	962-971	præbuerat	
1-167	972-983	multitudini	
1-168	984-989	mille	
1-169	990-996	tauros	
1-170	996-997	,	
1-171	998-1000	et	
1-172	1001-1007	septem	
1-173	1008-1014	millia	
1-174	1015-1020	ovium	
1-175	1021-1022	:	
1-176	1023-1032	principes	
1-177	1033-1037	vero	
1-178	1038-1046	dederant	
1-179	1047-1053	populo	
1-180	1054-1060	tauros	
1-181	1061-1066	mille	
1-182	1066-1067	,	
1-183	1068-1070	et	
1-184	1071-1075	oves	
1-185	1076-1081	decem	
1-186	1082-1088	millia	
1-187	1089-1090	:	
1-188	1091-1103	sanctificata	
1-189	1104-1107	est	
1-190	1108-1112	ergo	
1-191	1113-1123	sacerdotum	
1-192	1124-1131	plurima	
1-193	1132-1141	multitudo	
1-194	1141-1142	.	
1-195	1143-1145	25	
1-196	1146-1148	Et	
1-197	1149-1159	hilaritate	
1-198	1160-1167	perfusa	
1-199	1168-1173	omnis	
1-200	1174-1179	turba	
1-201	1180-1184	Juda	
1-202	1184-1185	,	
1-203	1186-1189	tam	
1-204	1190-1200	sacerdotum	
1-205	1201-1203	et	
1-206	1204-1213	Levitarum	
1-207	1213-1214	,	
1-208	1215-1219	quam	
1-209	1220-1228	universæ	
1-210	1229-1239	frequentiæ	
1-211	1240-1243	quæ	
1-212	1244-1251	venerat	
1-213	1252-1254	ex	
1-214	1255-1261	Israël	
1-215	1262-1263	:	
1-216	1264-1276	proselytorum	
1-217	1277-1283	quoque	
1-218	1284-1286	de	
1-219	1287-1292	terra	
1-220	1293-1299	Israël	
1-221	1299-1300	,	
1-222	1301-1303	et	
1-223	1304-1315	habitantium	
1-224	1316-1318	in	
1-225	1319-1323	Juda	
1-226	1323-1324	.	
1-227	1325-1327	26	
1-228	1328-1336	Factaque	
1-229	1337-1340	est	
1-230	1341-1348	grandis	
1-231	1349-1359	celebritas	
1-232	1360-1362	in	
1-233	1363-1372	Jerusalem	
1-234	1372-1373	,	
1-235	1374-1380	qualis	
1-236	1381-1382	a	
1-237	1383-1389	diebus	
1-238	1390-1399	Salomonis	
1-239	1400-1405	filii	
1-240	1406-1411	David	
1-241	1412-1417	regis	
1-242	1418-1424	Israël	
1-243	1425-1427	in	
1-244	1428-1430	ea	
1-245	1431-1435	urbe	
1-246	1436-1439	non	
1-247	1440-1446	fuerat	
1-248	1446-1447	.	
1-249	1448-1450	27	
1-250	1451-1462	Surrexerunt	
1-251	1463-1468	autem	
1-252	1469-1479	sacerdotes	
1-253	1480-1485	atque	
1-254	1486-1492	Levitæ	
1-255	1493-1505	benedicentes	
1-256	1506-1512	populo	
1-257	1513-1514	:	
1-258	1515-1517	et	
1-259	1518-1526	exaudita	
1-260	1527-1530	est	
1-261	1531-1534	vox	
1-262	1535-1540	eorum	
1-263	1540-1541	,	
1-264	1542-1553	pervenitque	
1-265	1554-1560	oratio	
1-266	1561-1563	in	
1-267	1564-1575	habitaculum	
1-268	1576-1583	sanctum	
1-269	1584-1588	cæli	
1-270	1588-1589	.	

#Text=Caput 31
#Text=
#Text=
#Text=1 Cumque hæc fuissent rite celebrata, egressus est omnis Israël qui inventus fuerat in urbibus Juda, et fregerunt simulacra, succideruntque lucos, demoliti sunt excelsa, et altaria destruxerunt, non solum de universo Juda et Benjamin, sed et de Ephraim quoque et Manasse, donec penitus everterent : reversique sunt omnes filii Israël in possessiones et civitates suas.
#Text=2 Ezechias autem constituit turmas sacerdotales et Leviticas per divisiones suas, unumquemque in officio proprio, tam sacerdotum videlicet quam Levitarum, ad holocausta et pacifica, ut ministrarent et confiterentur, canerentque in portis castrorum Domini.
#Text=3 Pars autem regis erat, ut de propria ejus substantia offerretur holocaustum, mane semper et vespere : sabbatis quoque, et calendis, et solemnitatibus ceteris, sicut scriptum est in lege Moysi.
#Text=4 Præcepit etiam populo habitantium Jerusalem ut darent partes sacerdotibus et Levitis, ut possent vacare legi Domini.
#Text=5 Quod cum percrebruisset in auribus multitudinis, plurimas obtulere primitias filii Israël frumenti, vini, et olei : mellis quoque, et omnium quæ gignit humus, decimas obtulerunt.
#Text=6 Sed et filii Israël et Juda qui habitabant in urbibus Juda, obtulerunt decimas boum et ovium, decimasque sanctorum quæ voverant Domino Deo suo : atque universa portantes, fecerunt acervos plurimos.
#Text=7 Mense tertio cœperunt acervorum jacere fundamenta, et mense septimo compleverunt eos.
#Text=8 Cumque ingressi fuissent Ezechias et principes ejus, viderunt acervos, et benedixerunt Domino ac populo Israël.
#Text=9 Interrogavitque Ezechias sacerdotes et Levitas, cur ita jacerent acervi.
#Text=10 Respondit illi Azarias sacerdos primus de stirpe Sadoc, dicens : Ex quo cœperunt offerri primitiæ in domo Domini, comedimus, et saturati sumus, et remanserunt plurima, eo quod benedixerit Dominus populo suo : reliquarum autem copia est ista, quam cernis.
#Text=11 Præcepit igitur Ezechias ut præpararent horrea in domo Domini.
2-1	1590-1595	Caput	
2-2	1596-1598	31	
2-3	1601-1602	1	
2-4	1603-1609	Cumque	
2-5	1610-1613	hæc	
2-6	1614-1622	fuissent	
2-7	1623-1627	rite	
2-8	1628-1637	celebrata	
2-9	1637-1638	,	
2-10	1639-1647	egressus	
2-11	1648-1651	est	
2-12	1652-1657	omnis	
2-13	1658-1664	Israël	
2-14	1665-1668	qui	
2-15	1669-1677	inventus	
2-16	1678-1684	fuerat	
2-17	1685-1687	in	
2-18	1688-1695	urbibus	
2-19	1696-1700	Juda	
2-20	1700-1701	,	
2-21	1702-1704	et	
2-22	1705-1714	fregerunt	
2-23	1715-1724	simulacra	
2-24	1724-1725	,	
2-25	1726-1740	succideruntque	
2-26	1741-1746	lucos	
2-27	1746-1747	,	
2-28	1748-1756	demoliti	
2-29	1757-1761	sunt	
2-30	1762-1769	excelsa	
2-31	1769-1770	,	
2-32	1771-1773	et	
2-33	1774-1781	altaria	
2-34	1782-1794	destruxerunt	
2-35	1794-1795	,	
2-36	1796-1799	non	
2-37	1800-1805	solum	
2-38	1806-1808	de	
2-39	1809-1817	universo	
2-40	1818-1822	Juda	
2-41	1823-1825	et	
2-42	1826-1834	Benjamin	
2-43	1834-1835	,	
2-44	1836-1839	sed	
2-45	1840-1842	et	
2-46	1843-1845	de	
2-47	1846-1853	Ephraim	
2-48	1854-1860	quoque	
2-49	1861-1863	et	
2-50	1864-1871	Manasse	
2-51	1871-1872	,	
2-52	1873-1878	donec	
2-53	1879-1886	penitus	
2-54	1887-1897	everterent	
2-55	1898-1899	:	
2-56	1900-1910	reversique	
2-57	1911-1915	sunt	
2-58	1916-1921	omnes	
2-59	1922-1927	filii	
2-60	1928-1934	Israël	
2-61	1935-1937	in	
2-62	1938-1950	possessiones	
2-63	1951-1953	et	
2-64	1954-1963	civitates	
2-65	1964-1968	suas	
2-66	1968-1969	.	
2-67	1970-1971	2	
2-68	1972-1980	Ezechias	
2-69	1981-1986	autem	
2-70	1987-1997	constituit	
2-71	1998-2004	turmas	
2-72	2005-2017	sacerdotales	
2-73	2018-2020	et	
2-74	2021-2030	Leviticas	
2-75	2031-2034	per	
2-76	2035-2045	divisiones	
2-77	2046-2050	suas	
2-78	2050-2051	,	
2-79	2052-2063	unumquemque	
2-80	2064-2066	in	
2-81	2067-2074	officio	
2-82	2075-2082	proprio	
2-83	2082-2083	,	
2-84	2084-2087	tam	
2-85	2088-2098	sacerdotum	
2-86	2099-2108	videlicet	
2-87	2109-2113	quam	
2-88	2114-2123	Levitarum	
2-89	2123-2124	,	
2-90	2125-2127	ad	
2-91	2128-2138	holocausta	
2-92	2139-2141	et	
2-93	2142-2150	pacifica	
2-94	2150-2151	,	
2-95	2152-2154	ut	
2-96	2155-2167	ministrarent	
2-97	2168-2170	et	
2-98	2171-2184	confiterentur	
2-99	2184-2185	,	
2-100	2186-2197	canerentque	
2-101	2198-2200	in	
2-102	2201-2207	portis	
2-103	2208-2217	castrorum	
2-104	2218-2224	Domini	
2-105	2224-2225	.	
2-106	2226-2227	3	
2-107	2228-2232	Pars	
2-108	2233-2238	autem	
2-109	2239-2244	regis	
2-110	2245-2249	erat	
2-111	2249-2250	,	
2-112	2251-2253	ut	
2-113	2254-2256	de	
2-114	2257-2264	propria	
2-115	2265-2269	ejus	
2-116	2270-2280	substantia	
2-117	2281-2291	offerretur	
2-118	2292-2303	holocaustum	
2-119	2303-2304	,	
2-120	2305-2309	mane	
2-121	2310-2316	semper	
2-122	2317-2319	et	
2-123	2320-2327	vespere	
2-124	2328-2329	:	
2-125	2330-2338	sabbatis	
2-126	2339-2345	quoque	
2-127	2345-2346	,	
2-128	2347-2349	et	
2-129	2350-2358	calendis	
2-130	2358-2359	,	
2-131	2360-2362	et	
2-132	2363-2377	solemnitatibus	
2-133	2378-2385	ceteris	
2-134	2385-2386	,	
2-135	2387-2392	sicut	
2-136	2393-2401	scriptum	
2-137	2402-2405	est	
2-138	2406-2408	in	
2-139	2409-2413	lege	
2-140	2414-2419	Moysi	
2-141	2419-2420	.	
2-142	2421-2422	4	
2-143	2423-2431	Præcepit	
2-144	2432-2437	etiam	
2-145	2438-2444	populo	
2-146	2445-2456	habitantium	
2-147	2457-2466	Jerusalem	
2-148	2467-2469	ut	
2-149	2470-2476	darent	
2-150	2477-2483	partes	
2-151	2484-2496	sacerdotibus	
2-152	2497-2499	et	
2-153	2500-2507	Levitis	
2-154	2507-2508	,	
2-155	2509-2511	ut	
2-156	2512-2519	possent	
2-157	2520-2526	vacare	
2-158	2527-2531	legi	
2-159	2532-2538	Domini	
2-160	2538-2539	.	
2-161	2540-2541	5	
2-162	2542-2546	Quod	
2-163	2547-2550	cum	
2-164	2551-2565	percrebruisset	
2-165	2566-2568	in	
2-166	2569-2576	auribus	
2-167	2577-2589	multitudinis	
2-168	2589-2590	,	
2-169	2591-2599	plurimas	
2-170	2600-2608	obtulere	
2-171	2609-2618	primitias	
2-172	2619-2624	filii	
2-173	2625-2631	Israël	
2-174	2632-2640	frumenti	
2-175	2640-2641	,	
2-176	2642-2646	vini	
2-177	2646-2647	,	
2-178	2648-2650	et	
2-179	2651-2655	olei	
2-180	2656-2657	:	
2-181	2658-2664	mellis	
2-182	2665-2671	quoque	
2-183	2671-2672	,	
2-184	2673-2675	et	
2-185	2676-2682	omnium	
2-186	2683-2686	quæ	
2-187	2687-2693	gignit	
2-188	2694-2699	humus	
2-189	2699-2700	,	
2-190	2701-2708	decimas	
2-191	2709-2719	obtulerunt	
2-192	2719-2720	.	
2-193	2721-2722	6	
2-194	2723-2726	Sed	
2-195	2727-2729	et	
2-196	2730-2735	filii	
2-197	2736-2742	Israël	
2-198	2743-2745	et	
2-199	2746-2750	Juda	
2-200	2751-2754	qui	
2-201	2755-2765	habitabant	
2-202	2766-2768	in	
2-203	2769-2776	urbibus	
2-204	2777-2781	Juda	
2-205	2781-2782	,	
2-206	2783-2793	obtulerunt	
2-207	2794-2801	decimas	
2-208	2802-2806	boum	
2-209	2807-2809	et	
2-210	2810-2815	ovium	
2-211	2815-2816	,	
2-212	2817-2827	decimasque	
2-213	2828-2837	sanctorum	
2-214	2838-2841	quæ	
2-215	2842-2850	voverant	
2-216	2851-2857	Domino	
2-217	2858-2861	Deo	
2-218	2862-2865	suo	
2-219	2866-2867	:	
2-220	2868-2873	atque	
2-221	2874-2882	universa	
2-222	2883-2892	portantes	
2-223	2892-2893	,	
2-224	2894-2902	fecerunt	
2-225	2903-2910	acervos	
2-226	2911-2919	plurimos	
2-227	2919-2920	.	
2-228	2921-2922	7	
2-229	2923-2928	Mense	
2-230	2929-2935	tertio	
2-231	2936-2944	cœperunt	
2-232	2945-2954	acervorum	
2-233	2955-2961	jacere	
2-234	2962-2972	fundamenta	
2-235	2972-2973	,	
2-236	2974-2976	et	
2-237	2977-2982	mense	
2-238	2983-2990	septimo	
2-239	2991-3003	compleverunt	
2-240	3004-3007	eos	
2-241	3007-3008	.	
2-242	3009-3010	8	
2-243	3011-3017	Cumque	
2-244	3018-3026	ingressi	
2-245	3027-3035	fuissent	
2-246	3036-3044	Ezechias	
2-247	3045-3047	et	
2-248	3048-3057	principes	
2-249	3058-3062	ejus	
2-250	3062-3063	,	
2-251	3064-3072	viderunt	
2-252	3073-3080	acervos	
2-253	3080-3081	,	
2-254	3082-3084	et	
2-255	3085-3097	benedixerunt	
2-256	3098-3104	Domino	
2-257	3105-3107	ac	
2-258	3108-3114	populo	
2-259	3115-3121	Israël	
2-260	3121-3122	.	
2-261	3123-3124	9	
2-262	3125-3140	Interrogavitque	
2-263	3141-3149	Ezechias	
2-264	3150-3160	sacerdotes	
2-265	3161-3163	et	
2-266	3164-3171	Levitas	
2-267	3171-3172	,	
2-268	3173-3176	cur	
2-269	3177-3180	ita	
2-270	3181-3189	jacerent	
2-271	3190-3196	acervi	
2-272	3196-3197	.	
2-273	3198-3200	10	
2-274	3201-3210	Respondit	
2-275	3211-3215	illi	
2-276	3216-3223	Azarias	
2-277	3224-3232	sacerdos	
2-278	3233-3239	primus	
2-279	3240-3242	de	
2-280	3243-3249	stirpe	
2-281	3250-3255	Sadoc	
2-282	3255-3256	,	
2-283	3257-3263	dicens	
2-284	3264-3265	:	
2-285	3266-3268	Ex	
2-286	3269-3272	quo	
2-287	3273-3281	cœperunt	
2-288	3282-3289	offerri	
2-289	3290-3298	primitiæ	
2-290	3299-3301	in	
2-291	3302-3306	domo	
2-292	3307-3313	Domini	
2-293	3313-3314	,	
2-294	3315-3324	comedimus	
2-295	3324-3325	,	
2-296	3326-3328	et	
2-297	3329-3337	saturati	
2-298	3338-3343	sumus	
2-299	3343-3344	,	
2-300	3345-3347	et	
2-301	3348-3359	remanserunt	
2-302	3360-3367	plurima	
2-303	3367-3368	,	
2-304	3369-3371	eo	
2-305	3372-3376	quod	
2-306	3377-3388	benedixerit	
2-307	3389-3396	Dominus	
2-308	3397-3403	populo	
2-309	3404-3407	suo	
2-310	3408-3409	:	
2-311	3410-3420	reliquarum	
2-312	3421-3426	autem	
2-313	3427-3432	copia	
2-314	3433-3436	est	
2-315	3437-3441	ista	
2-316	3441-3442	,	
2-317	3443-3447	quam	
2-318	3448-3454	cernis	
2-319	3454-3455	.	
2-320	3456-3458	11	
2-321	3459-3467	Præcepit	
2-322	3468-3474	igitur	
2-323	3475-3483	Ezechias	
2-324	3484-3486	ut	
2-325	3487-3498	præpararent	
2-326	3499-3505	horrea	
2-327	3506-3508	in	
2-328	3509-3513	domo	
2-329	3514-3520	Domini	
2-330	3520-3521	.	
