#FORMAT=WebAnno TSV 3.3
#T_SP=custom.Span|label
#T_RL=custom.Relation|label|BT_custom.Span


#Text=rechnen, die acht Flascos 1 Oel geben.
1-1	3-10	rechnen	_	_	_	
1-2	10-11	,	_	_	_	
1-3	12-15	die	_	_	_	
1-4	16-20	acht	_	_	_	
1-5	21-28	Flascos	_	_	_	
1-6	29-30	1	_	_	_	
1-7	31-34	Oel	_	_	_	
1-8	35-40	geben	_	_	_	
1-9	40-41	.	_	_	_	

#Text=Der Flasco gilt zwei
#Text=einen halben Silberreal oder 32 Sous.
2-1	42-45	Der	_	_	_	
2-2	46-52	Flasco	_	_	_	
2-3	53-57	gilt	_	_	_	
2-4	58-62	zwei	_	_	_	
2-5	63-68	einen	_	_	_	
2-6	69-75	halben	_	_	_	
2-7	76-86	Silberreal	_	_	_	
2-8	87-91	oder	_	_	_	
2-9	92-94	32	_	_	_	
2-10	95-99	Sous	_	_	_	
2-11	99-100	.	_	_	_	

#Text=In der Provence
#Text=
#Text=gibt ein dreißigjähriger Oelbaum zwanzig Pfund oder ſieben
#Text=Flascos Oel, alſo etwas weniger als der Kokosbaum.
3-1	101-103	In	_	_	_	
3-2	104-107	der	_	_	_	
3-3	108-116	Provence	_	_	_	
3-4	118-122	gibt	_	_	_	
3-5	123-126	ein	_	_	_	
3-6	127-142	dreißigjähriger	_	_	_	
3-7	143-150	Oelbaum	_	_	_	
3-8	151-158	zwanzig	_	_	_	
3-9	159-164	Pfund	_	_	_	
3-10	165-169	oder	_	_	_	
3-11	170-176	ſieben	_	_	_	
3-12	177-184	Flascos	_	_	_	
3-13	185-188	Oel	_	_	_	
3-14	188-189	,	_	_	_	
3-15	190-194	alſo	_	_	_	
3-16	195-200	etwas	_	_	_	
3-17	201-208	weniger	_	_	_	
3-18	209-212	als	_	_	_	
3-19	213-216	der	_	_	_	
3-20	217-226	Kokosbaum	_	_	_	
3-21	226-227	.	_	_	_	

#Text=Es
#Text=gibt im Meerbuſen von Cariaco Hacienden mit 8000 bis 9000
#Text=Kokosbäumen;
#Text=ihr maleriſcher Anblick erinnert an die herr-
#Text=lichen Dattelpflanzungen bei Elche in Murcia, wo auf 20 qkm
#Text=
#Text=über 70000
#Text=Palmſtämme bei einander ſtehen.
4-1	228-230	Es	_	_	_	
4-2	231-235	gibt	_	_	_	
4-3	236-238	im	_	_	_	
4-4	239-248	Meerbuſen	_	_	_	
4-5	249-252	von	_	_	_	
4-6	253-260	Cariaco	_	_	_	
4-7	261-270	Hacienden	_	_	_	
4-8	271-274	mit	_	_	_	
4-9	275-279	8000	_	_	_	
4-10	280-283	bis	_	_	_	
4-11	284-288	9000	_	_	_	
4-12	289-300	Kokosbäumen	_	_	_	
4-13	300-301	;	_	_	_	
4-14	302-305	ihr	_	_	_	
4-15	306-317	maleriſcher	_	_	_	
4-16	318-325	Anblick	_	_	_	
4-17	326-334	erinnert	_	_	_	
4-18	335-337	an	_	_	_	
4-19	338-341	die	_	_	_	
4-20	342-346	herr	_	_	_	
4-21	346-347	-	_	_	_	
4-22	348-354	lichen	_	_	_	
4-23	355-372	Dattelpflanzungen	_	_	_	
4-24	373-376	bei	_	_	_	
4-25	377-382	Elche	_	_	_	
4-26	383-385	in	_	_	_	
4-27	386-392	Murcia	_	_	_	
4-28	392-393	,	_	_	_	
4-29	394-396	wo	_	_	_	
4-30	397-400	auf	_	_	_	
4-31	401-403	20	_	_	_	
4-32	404-407	qkm	_	_	_	
4-33	409-413	über	_	_	_	
4-34	414-419	70000	_	_	_	
4-35	420-430	Palmſtämme	_	_	_	
4-36	431-434	bei	_	_	_	
4-37	435-443	einander	_	_	_	
4-38	444-450	ſtehen	_	_	_	
4-39	450-451	.	_	_	_	

#Text=Der Kokosbaum
#Text=trägt nur bis zum dreißigſten bis vierzigſten Jahre reichlich,
#Text=dann nimmt der Ertrag ab und ein hundertjähriger Stamm
#Text=iſt zwar nicht ganz unfruchtbar, bringt aber ſehr wenig mehr
#Text=ein.
5-1	452-455	Der	_	_	_	
5-2	456-465	Kokosbaum	_	_	_	
5-3	466-471	trägt	_	_	_	
5-4	472-475	nur	_	_	_	
5-5	476-479	bis	_	_	_	
5-6	480-483	zum	_	_	_	
5-7	484-495	dreißigſten	_	_	_	
5-8	496-499	bis	_	_	_	
5-9	500-511	vierzigſten	_	_	_	
5-10	512-517	Jahre	_	_	_	
5-11	518-527	reichlich	_	_	_	
5-12	527-528	,	_	_	_	
5-13	529-533	dann	_	_	_	
5-14	534-539	nimmt	_	_	_	
5-15	540-543	der	_	_	_	
5-16	544-550	Ertrag	_	_	_	
5-17	551-553	ab	_	_	_	
5-18	554-557	und	_	_	_	
5-19	558-561	ein	_	_	_	
5-20	562-577	hundertjähriger	_	_	_	
5-21	578-583	Stamm	_	_	_	
5-22	584-587	iſt	_	_	_	
5-23	588-592	zwar	_	_	_	
5-24	593-598	nicht	_	_	_	
5-25	599-603	ganz	_	_	_	
5-26	604-615	unfruchtbar	_	_	_	
5-27	615-616	,	_	_	_	
5-28	617-623	bringt	_	_	_	
5-29	624-628	aber	_	_	_	
5-30	629-633	ſehr	_	_	_	
5-31	634-639	wenig	_	_	_	
5-32	640-644	mehr	_	_	_	
5-33	645-648	ein	_	_	_	
5-34	648-649	.	_	_	_	

#Text=In der Stadt Cumana wird ſehr viel Kokosnußöl ge-
#Text=ſchlagen;
#Text=es iſt klar, geruchlos und ein gutes Brennmaterial.
6-1	650-652	In	Location[1]	_	_	
6-2	653-656	der	Location[1]	_	_	
6-3	657-662	Stadt	Location[1]	_	_	
6-4	663-669	Cumana	Location[1]	_	_	
6-5	670-674	wird	_	_	_	
6-6	675-679	ſehr	_	_	_	
6-7	680-684	viel	_	_	_	
6-8	685-695	Kokosnußöl	Smell\_Source	_	_	
6-9	696-698	ge	_	_	_	
6-10	698-699	-	_	_	_	
6-11	700-708	ſchlagen	_	_	_	
6-12	708-709	;	_	_	_	
6-13	710-712	es	_	_	_	
6-14	713-716	iſt	_	_	_	
6-15	717-721	klar	_	_	_	
6-16	721-722	,	_	_	_	
6-17	723-732	geruchlos	Smell\_Word[2]|Quality[3]	*|*|*	6-17[3_2]|6-8[0_2]|6-1[1_2]	
6-18	733-736	und	_	_	_	
6-19	737-740	ein	_	_	_	
6-20	741-746	gutes	_	_	_	
6-21	747-760	Brennmaterial	_	_	_	
6-22	760-761	.	_	_	_	

#Text=Der Handel damit iſt ſo lebhaft als auf der Weſtküſte von
#Text=Afrika der Handel mit Palmöl, das von Elays guineensis
#Text=kommt.
7-1	764-767	Der	_	_	_	
7-2	768-774	Handel	_	_	_	
7-3	775-780	damit	_	_	_	
7-4	781-784	iſt	_	_	_	
7-5	785-787	ſo	_	_	_	
7-6	788-795	lebhaft	_	_	_	
7-7	796-799	als	_	_	_	
7-8	800-803	auf	_	_	_	
7-9	804-807	der	_	_	_	
7-10	808-817	Weſtküſte	_	_	_	
7-11	818-821	von	_	_	_	
7-12	822-828	Afrika	_	_	_	
7-13	829-832	der	_	_	_	
7-14	833-839	Handel	_	_	_	
7-15	840-843	mit	_	_	_	
7-16	844-850	Palmöl	_	_	_	
7-17	850-851	,	_	_	_	
7-18	852-855	das	_	_	_	
7-19	856-859	von	_	_	_	
7-20	860-865	Elays	_	_	_	
7-21	866-876	guineensis	_	_	_	
7-22	877-882	kommt	_	_	_	
7-23	882-883	.	_	_	_	

#Text=Dieſes iſt ein Speiſeöl.
8-1	884-890	Dieſes	_	_	_	
8-2	891-894	iſt	_	_	_	
8-3	895-898	ein	_	_	_	
8-4	899-907	Speiſeöl	_	_	_	
8-5	907-908	.	_	_	_	

#Text=In Cumana ſah ich mehr
#Text=
#Text=
#Text=1
#Text=Der Flasco zu 70 bis 80 Pariſer Kubikzoll
9-1	909-911	In	_	_	_	
9-2	912-918	Cumana	_	_	_	
9-3	919-922	ſah	_	_	_	
9-4	923-926	ich	_	_	_	
9-5	927-931	mehr	_	_	_	
9-6	934-935	1	_	_	_	
9-7	936-939	Der	_	_	_	
9-8	940-946	Flasco	_	_	_	
9-9	947-949	zu	_	_	_	
9-10	950-952	70	_	_	_	
9-11	953-956	bis	_	_	_	
9-12	957-959	80	_	_	_	
9-13	960-967	Pariſer	_	_	_	
9-14	968-977	Kubikzoll	_	_	_	

#Text=.
10-1	977-978	.	_	_	_	

#Text=[297/0313
#Text=]
#Text=
#Text=als einmal Pirogen ankommen, die mit 3000 Kokosnüſſen
#Text=beladen waren.
11-1	982-983	[	_	_	_	
11-2	983-986	297	_	_	_	
11-3	986-987	/	_	_	_	
11-4	987-991	0313	_	_	_	
11-5	992-993	]	_	_	_	
11-6	995-998	als	_	_	_	
11-7	999-1005	einmal	_	_	_	
11-8	1006-1013	Pirogen	_	_	_	
11-9	1014-1022	ankommen	_	_	_	
11-10	1022-1023	,	_	_	_	
11-11	1024-1027	die	_	_	_	
11-12	1028-1031	mit	_	_	_	
11-13	1032-1036	3000	_	_	_	
11-14	1037-1048	Kokosnüſſen	_	_	_	
11-15	1049-1056	beladen	_	_	_	
11-16	1057-1062	waren	_	_	_	
11-17	1062-1063	.	_	_	_	

#Text=Ein Baum von gutem Ertrag gibt ein jähr-
#Text=liches Einkommen von 2½ Piaſtern (14 Franken 5 Sous),
#Text=da aber auf den Haciendas de coco Stämme von verſchiede-
#Text=nem Alter durcheinander ſtehen, ſo wird bei Schätzungen durch
#Text=Sachverſtändige das Kapital nur zu 4 Piaſtern angenommen.
12-1	1064-1067	Ein	_	_	_	
12-2	1068-1072	Baum	_	_	_	
12-3	1073-1076	von	_	_	_	
12-4	1077-1082	gutem	_	_	_	
12-5	1083-1089	Ertrag	_	_	_	
12-6	1090-1094	gibt	_	_	_	
12-7	1095-1098	ein	_	_	_	
12-8	1099-1103	jähr	_	_	_	
12-9	1103-1104	-	_	_	_	
12-10	1105-1111	liches	_	_	_	
12-11	1112-1121	Einkommen	_	_	_	
12-12	1122-1125	von	_	_	_	
12-13	1126-1128	2½	_	_	_	
12-14	1129-1137	Piaſtern	_	_	_	
12-15	1138-1139	(	_	_	_	
12-16	1139-1141	14	_	_	_	
12-17	1142-1149	Franken	_	_	_	
12-18	1150-1151	5	_	_	_	
12-19	1152-1156	Sous	_	_	_	
12-20	1156-1157	)	_	_	_	
12-21	1157-1158	,	_	_	_	
12-22	1159-1161	da	_	_	_	
12-23	1162-1166	aber	_	_	_	
12-24	1167-1170	auf	_	_	_	
12-25	1171-1174	den	_	_	_	
12-26	1175-1184	Haciendas	_	_	_	
12-27	1185-1187	de	_	_	_	
12-28	1188-1192	coco	_	_	_	
12-29	1193-1199	Stämme	_	_	_	
12-30	1200-1203	von	_	_	_	
12-31	1204-1214	verſchiede	_	_	_	
12-32	1214-1215	-	_	_	_	
12-33	1216-1219	nem	_	_	_	
12-34	1220-1225	Alter	_	_	_	
12-35	1226-1239	durcheinander	_	_	_	
12-36	1240-1246	ſtehen	_	_	_	
12-37	1246-1247	,	_	_	_	
12-38	1248-1250	ſo	_	_	_	
12-39	1251-1255	wird	_	_	_	
12-40	1256-1259	bei	_	_	_	
12-41	1260-1271	Schätzungen	_	_	_	
12-42	1272-1277	durch	_	_	_	
12-43	1278-1293	Sachverſtändige	_	_	_	
12-44	1294-1297	das	_	_	_	
12-45	1298-1305	Kapital	_	_	_	
12-46	1306-1309	nur	_	_	_	
12-47	1310-1312	zu	_	_	_	
12-48	1313-1314	4	_	_	_	
12-49	1315-1323	Piaſtern	_	_	_	
12-50	1324-1334	angenommen	_	_	_	
12-51	1334-1335	.	_	_	_	
