#FORMAT=WebAnno TSV 3.3


#Text=Caput 35
#Text=
#Text=
#Text=1 Igitur congregata omni turba filiorum Israël, dixit ad eos : Hæc sunt quæ jussit Dominus fieri.
#Text=2 Sex diebus facietis opus : septimus dies erit vobis sanctus, sabbatum, et requies Domini : qui fecerit opus in eo, occidetur.
#Text=3 Non succendetis ignem in omnibus habitaculis vestris per diem sabbati.
#Text=4 Et ait Moyses ad omnem catervam filiorum Israël : Iste est sermo quem præcepit Dominus, dicens : 5 Separate apud vos primitias Domino.
1-1	2-7	Caput	
1-2	8-10	35	
1-3	13-14	1	
1-4	15-21	Igitur	
1-5	22-32	congregata	
1-6	33-37	omni	
1-7	38-43	turba	
1-8	44-52	filiorum	
1-9	53-59	Israël	
1-10	59-60	,	
1-11	61-66	dixit	
1-12	67-69	ad	
1-13	70-73	eos	
1-14	74-75	:	
1-15	76-79	Hæc	
1-16	80-84	sunt	
1-17	85-88	quæ	
1-18	89-95	jussit	
1-19	96-103	Dominus	
1-20	104-109	fieri	
1-21	109-110	.	
1-22	111-112	2	
1-23	113-116	Sex	
1-24	117-123	diebus	
1-25	124-132	facietis	
1-26	133-137	opus	
1-27	138-139	:	
1-28	140-148	septimus	
1-29	149-153	dies	
1-30	154-158	erit	
1-31	159-164	vobis	
1-32	165-172	sanctus	
1-33	172-173	,	
1-34	174-182	sabbatum	
1-35	182-183	,	
1-36	184-186	et	
1-37	187-194	requies	
1-38	195-201	Domini	
1-39	202-203	:	
1-40	204-207	qui	
1-41	208-215	fecerit	
1-42	216-220	opus	
1-43	221-223	in	
1-44	224-226	eo	
1-45	226-227	,	
1-46	228-237	occidetur	
1-47	237-238	.	
1-48	239-240	3	
1-49	241-244	Non	
1-50	245-256	succendetis	
1-51	257-262	ignem	
1-52	263-265	in	
1-53	266-273	omnibus	
1-54	274-285	habitaculis	
1-55	286-293	vestris	
1-56	294-297	per	
1-57	298-302	diem	
1-58	303-310	sabbati	
1-59	310-311	.	
1-60	312-313	4	
1-61	314-316	Et	
1-62	317-320	ait	
1-63	321-327	Moyses	
1-64	328-330	ad	
1-65	331-336	omnem	
1-66	337-345	catervam	
1-67	346-354	filiorum	
1-68	355-361	Israël	
1-69	362-363	:	
1-70	364-368	Iste	
1-71	369-372	est	
1-72	373-378	sermo	
1-73	379-383	quem	
1-74	384-392	præcepit	
1-75	393-400	Dominus	
1-76	400-401	,	
1-77	402-408	dicens	
1-78	409-410	:	
1-79	411-412	5	
1-80	413-421	Separate	
1-81	422-426	apud	
1-82	427-430	vos	
1-83	431-440	primitias	
1-84	441-447	Domino	
1-85	447-448	.	

#Text=Omnis voluntarius et prono animo offerat eas Domino : aurum et argentum, et æs, 6 hyacinthum et purpuram, coccumque bis tinctum, et byssum, pilos caprarum, 7 pellesque arietum rubricatas, et janthinas, ligna setim, 8 et oleum ad luminaria concinnanda, et ut conficiatur unguentum, et thymiama suavissimum, 9 lapides onychinos, et gemmas ad ornatum superhumeralis et rationalis.
#Text=10 Quisque vestrum sapiens est, veniat, et faciat quod Dominus imperavit : 11 tabernaculum scilicet, et tectum ejus, atque operimentum, annulos, et tabulata cum vectibus, paxillos, et bases : 12 arcam et vectes, propitiatorium, et velum, quod ante illud oppanditur : 13 mensam cum vectibus et vasis, et propositionis panibus : 14 candelabrum ad luminaria sustentanda, vasa illius et lucernas, et oleum ad nutrimenta ignium : 15 altare thymiamatis, et vectes, et oleum unctionis et thymiama ex aromatibus : tentorium ad ostium tabernaculi : 16 altare holocausti, et craticulam ejus æneam cum vectibus et vasis suis : labrum et basim ejus : 17 cortinas atrii cum columnis et basibus, tentorium in foribus vestibuli, 18 paxillos tabernaculi et atrii cum funiculis suis : 19 vestimenta, quorum usus est in ministerio sanctuarii, vestes Aaron pontificis ac filiorum ejus, ut sacerdotio fungantur mihi.
#Text=20 Egressaque omnis multitudo filiorum Israël de conspectu Moysi, 21 obtulerunt mente promptissima atque devota primitias Domino, ad faciendum opus tabernaculi testimonii.
2-1	449-454	Omnis	
2-2	455-466	voluntarius	
2-3	467-469	et	
2-4	470-475	prono	
2-5	476-481	animo	
2-6	482-489	offerat	
2-7	490-493	eas	
2-8	494-500	Domino	
2-9	501-502	:	
2-10	503-508	aurum	
2-11	509-511	et	
2-12	512-520	argentum	
2-13	520-521	,	
2-14	522-524	et	
2-15	525-527	æs	
2-16	527-528	,	
2-17	529-530	6	
2-18	531-541	hyacinthum	
2-19	542-544	et	
2-20	545-553	purpuram	
2-21	553-554	,	
2-22	555-564	coccumque	
2-23	565-568	bis	
2-24	569-576	tinctum	
2-25	576-577	,	
2-26	578-580	et	
2-27	581-587	byssum	
2-28	587-588	,	
2-29	589-594	pilos	
2-30	595-603	caprarum	
2-31	603-604	,	
2-32	605-606	7	
2-33	607-616	pellesque	
2-34	617-624	arietum	
2-35	625-635	rubricatas	
2-36	635-636	,	
2-37	637-639	et	
2-38	640-649	janthinas	
2-39	649-650	,	
2-40	651-656	ligna	
2-41	657-662	setim	
2-42	662-663	,	
2-43	664-665	8	
2-44	666-668	et	
2-45	669-674	oleum	
2-46	675-677	ad	
2-47	678-687	luminaria	
2-48	688-699	concinnanda	
2-49	699-700	,	
2-50	701-703	et	
2-51	704-706	ut	
2-52	707-718	conficiatur	
2-53	719-728	unguentum	
2-54	728-729	,	
2-55	730-732	et	
2-56	733-741	thymiama	
2-57	742-753	suavissimum	
2-58	753-754	,	
2-59	755-756	9	
2-60	757-764	lapides	
2-61	765-774	onychinos	
2-62	774-775	,	
2-63	776-778	et	
2-64	779-785	gemmas	
2-65	786-788	ad	
2-66	789-796	ornatum	
2-67	797-811	superhumeralis	
2-68	812-814	et	
2-69	815-825	rationalis	
2-70	825-826	.	
2-71	827-829	10	
2-72	830-837	Quisque	
2-73	838-845	vestrum	
2-74	846-853	sapiens	
2-75	854-857	est	
2-76	857-858	,	
2-77	859-865	veniat	
2-78	865-866	,	
2-79	867-869	et	
2-80	870-876	faciat	
2-81	877-881	quod	
2-82	882-889	Dominus	
2-83	890-899	imperavit	
2-84	900-901	:	
2-85	902-904	11	
2-86	905-917	tabernaculum	
2-87	918-926	scilicet	
2-88	926-927	,	
2-89	928-930	et	
2-90	931-937	tectum	
2-91	938-942	ejus	
2-92	942-943	,	
2-93	944-949	atque	
2-94	950-961	operimentum	
2-95	961-962	,	
2-96	963-970	annulos	
2-97	970-971	,	
2-98	972-974	et	
2-99	975-983	tabulata	
2-100	984-987	cum	
2-101	988-996	vectibus	
2-102	996-997	,	
2-103	998-1006	paxillos	
2-104	1006-1007	,	
2-105	1008-1010	et	
2-106	1011-1016	bases	
2-107	1017-1018	:	
2-108	1019-1021	12	
2-109	1022-1027	arcam	
2-110	1028-1030	et	
2-111	1031-1037	vectes	
2-112	1037-1038	,	
2-113	1039-1053	propitiatorium	
2-114	1053-1054	,	
2-115	1055-1057	et	
2-116	1058-1063	velum	
2-117	1063-1064	,	
2-118	1065-1069	quod	
2-119	1070-1074	ante	
2-120	1075-1080	illud	
2-121	1081-1091	oppanditur	
2-122	1092-1093	:	
2-123	1094-1096	13	
2-124	1097-1103	mensam	
2-125	1104-1107	cum	
2-126	1108-1116	vectibus	
2-127	1117-1119	et	
2-128	1120-1125	vasis	
2-129	1125-1126	,	
2-130	1127-1129	et	
2-131	1130-1143	propositionis	
2-132	1144-1151	panibus	
2-133	1152-1153	:	
2-134	1154-1156	14	
2-135	1157-1168	candelabrum	
2-136	1169-1171	ad	
2-137	1172-1181	luminaria	
2-138	1182-1193	sustentanda	
2-139	1193-1194	,	
2-140	1195-1199	vasa	
2-141	1200-1206	illius	
2-142	1207-1209	et	
2-143	1210-1218	lucernas	
2-144	1218-1219	,	
2-145	1220-1222	et	
2-146	1223-1228	oleum	
2-147	1229-1231	ad	
2-148	1232-1242	nutrimenta	
2-149	1243-1249	ignium	
2-150	1250-1251	:	
2-151	1252-1254	15	
2-152	1255-1261	altare	
2-153	1262-1273	thymiamatis	
2-154	1273-1274	,	
2-155	1275-1277	et	
2-156	1278-1284	vectes	
2-157	1284-1285	,	
2-158	1286-1288	et	
2-159	1289-1294	oleum	
2-160	1295-1304	unctionis	
2-161	1305-1307	et	
2-162	1308-1316	thymiama	
2-163	1317-1319	ex	
2-164	1320-1330	aromatibus	
2-165	1331-1332	:	
2-166	1333-1342	tentorium	
2-167	1343-1345	ad	
2-168	1346-1352	ostium	
2-169	1353-1364	tabernaculi	
2-170	1365-1366	:	
2-171	1367-1369	16	
2-172	1370-1376	altare	
2-173	1377-1387	holocausti	
2-174	1387-1388	,	
2-175	1389-1391	et	
2-176	1392-1402	craticulam	
2-177	1403-1407	ejus	
2-178	1408-1413	æneam	
2-179	1414-1417	cum	
2-180	1418-1426	vectibus	
2-181	1427-1429	et	
2-182	1430-1435	vasis	
2-183	1436-1440	suis	
2-184	1441-1442	:	
2-185	1443-1449	labrum	
2-186	1450-1452	et	
2-187	1453-1458	basim	
2-188	1459-1463	ejus	
2-189	1464-1465	:	
2-190	1466-1468	17	
2-191	1469-1477	cortinas	
2-192	1478-1483	atrii	
2-193	1484-1487	cum	
2-194	1488-1496	columnis	
2-195	1497-1499	et	
2-196	1500-1507	basibus	
2-197	1507-1508	,	
2-198	1509-1518	tentorium	
2-199	1519-1521	in	
2-200	1522-1529	foribus	
2-201	1530-1539	vestibuli	
2-202	1539-1540	,	
2-203	1541-1543	18	
2-204	1544-1552	paxillos	
2-205	1553-1564	tabernaculi	
2-206	1565-1567	et	
2-207	1568-1573	atrii	
2-208	1574-1577	cum	
2-209	1578-1587	funiculis	
2-210	1588-1592	suis	
2-211	1593-1594	:	
2-212	1595-1597	19	
2-213	1598-1608	vestimenta	
2-214	1608-1609	,	
2-215	1610-1616	quorum	
2-216	1617-1621	usus	
2-217	1622-1625	est	
2-218	1626-1628	in	
2-219	1629-1639	ministerio	
2-220	1640-1650	sanctuarii	
2-221	1650-1651	,	
2-222	1652-1658	vestes	
2-223	1659-1664	Aaron	
2-224	1665-1675	pontificis	
2-225	1676-1678	ac	
2-226	1679-1687	filiorum	
2-227	1688-1692	ejus	
2-228	1692-1693	,	
2-229	1694-1696	ut	
2-230	1697-1707	sacerdotio	
2-231	1708-1717	fungantur	
2-232	1718-1722	mihi	
2-233	1722-1723	.	
2-234	1724-1726	20	
2-235	1727-1737	Egressaque	
2-236	1738-1743	omnis	
2-237	1744-1753	multitudo	
2-238	1754-1762	filiorum	
2-239	1763-1769	Israël	
2-240	1770-1772	de	
2-241	1773-1782	conspectu	
2-242	1783-1788	Moysi	
2-243	1788-1789	,	
2-244	1790-1792	21	
2-245	1793-1803	obtulerunt	
2-246	1804-1809	mente	
2-247	1810-1822	promptissima	
2-248	1823-1828	atque	
2-249	1829-1835	devota	
2-250	1836-1845	primitias	
2-251	1846-1852	Domino	
2-252	1852-1853	,	
2-253	1854-1856	ad	
2-254	1857-1866	faciendum	
2-255	1867-1871	opus	
2-256	1872-1883	tabernaculi	
2-257	1884-1894	testimonii	
2-258	1894-1895	.	

#Text=Quidquid ad cultum et ad vestes sanctas necessarium erat, 22 viri cum mulieribus præbuerunt, armillas et inaures, annulos et dextralia : omne vas aureum in donaria Domini separatum est.
#Text=23 Si quis habebat hyacinthum, et purpuram, coccumque bis tinctum, byssum et pilos caprarum, pelles arietum rubricatas, et janthinas, 24 argenti, ærisque metalla, obtulerunt Domino, lignaque setim in varios usus.
#Text=25 Sed et mulieres doctæ, quæ neverant, dederunt hyacinthum, purpuram, et vermiculum, ac byssum, 26 et pilos caprarum, sponte propria cuncta tribuentes.
#Text=27 Principes vero obtulerunt lapides onychinos, et gemmas ad superhumerale et rationale, 28 aromataque et oleum ad luminaria concinnanda, et ad præparandum unguentum, ac thymiama odoris suavissimi componendum.
#Text=29 Omnes viri et mulieres mente devota obtulerunt donaria, ut fierent opera, quæ jusserat Dominus per manum Moysi.
3-1	1896-1904	Quidquid	
3-2	1905-1907	ad	
3-3	1908-1914	cultum	
3-4	1915-1917	et	
3-5	1918-1920	ad	
3-6	1921-1927	vestes	
3-7	1928-1935	sanctas	
3-8	1936-1947	necessarium	
3-9	1948-1952	erat	
3-10	1952-1953	,	
3-11	1954-1956	22	
3-12	1957-1961	viri	
3-13	1962-1965	cum	
3-14	1966-1976	mulieribus	
3-15	1977-1987	præbuerunt	
3-16	1987-1988	,	
3-17	1989-1997	armillas	
3-18	1998-2000	et	
3-19	2001-2008	inaures	
3-20	2008-2009	,	
3-21	2010-2017	annulos	
3-22	2018-2020	et	
3-23	2021-2030	dextralia	
3-24	2031-2032	:	
3-25	2033-2037	omne	
3-26	2038-2041	vas	
3-27	2042-2048	aureum	
3-28	2049-2051	in	
3-29	2052-2059	donaria	
3-30	2060-2066	Domini	
3-31	2067-2076	separatum	
3-32	2077-2080	est	
3-33	2080-2081	.	
3-34	2082-2084	23	
3-35	2085-2087	Si	
3-36	2088-2092	quis	
3-37	2093-2100	habebat	
3-38	2101-2111	hyacinthum	
3-39	2111-2112	,	
3-40	2113-2115	et	
3-41	2116-2124	purpuram	
3-42	2124-2125	,	
3-43	2126-2135	coccumque	
3-44	2136-2139	bis	
3-45	2140-2147	tinctum	
3-46	2147-2148	,	
3-47	2149-2155	byssum	
3-48	2156-2158	et	
3-49	2159-2164	pilos	
3-50	2165-2173	caprarum	
3-51	2173-2174	,	
3-52	2175-2181	pelles	
3-53	2182-2189	arietum	
3-54	2190-2200	rubricatas	
3-55	2200-2201	,	
3-56	2202-2204	et	
3-57	2205-2214	janthinas	
3-58	2214-2215	,	
3-59	2216-2218	24	
3-60	2219-2226	argenti	
3-61	2226-2227	,	
3-62	2228-2235	ærisque	
3-63	2236-2243	metalla	
3-64	2243-2244	,	
3-65	2245-2255	obtulerunt	
3-66	2256-2262	Domino	
3-67	2262-2263	,	
3-68	2264-2272	lignaque	
3-69	2273-2278	setim	
3-70	2279-2281	in	
3-71	2282-2288	varios	
3-72	2289-2293	usus	
3-73	2293-2294	.	
3-74	2295-2297	25	
3-75	2298-2301	Sed	
3-76	2302-2304	et	
3-77	2305-2313	mulieres	
3-78	2314-2319	doctæ	
3-79	2319-2320	,	
3-80	2321-2324	quæ	
3-81	2325-2333	neverant	
3-82	2333-2334	,	
3-83	2335-2343	dederunt	
3-84	2344-2354	hyacinthum	
3-85	2354-2355	,	
3-86	2356-2364	purpuram	
3-87	2364-2365	,	
3-88	2366-2368	et	
3-89	2369-2379	vermiculum	
3-90	2379-2380	,	
3-91	2381-2383	ac	
3-92	2384-2390	byssum	
3-93	2390-2391	,	
3-94	2392-2394	26	
3-95	2395-2397	et	
3-96	2398-2403	pilos	
3-97	2404-2412	caprarum	
3-98	2412-2413	,	
3-99	2414-2420	sponte	
3-100	2421-2428	propria	
3-101	2429-2435	cuncta	
3-102	2436-2446	tribuentes	
3-103	2446-2447	.	
3-104	2448-2450	27	
3-105	2451-2460	Principes	
3-106	2461-2465	vero	
3-107	2466-2476	obtulerunt	
3-108	2477-2484	lapides	
3-109	2485-2494	onychinos	
3-110	2494-2495	,	
3-111	2496-2498	et	
3-112	2499-2505	gemmas	
3-113	2506-2508	ad	
3-114	2509-2522	superhumerale	
3-115	2523-2525	et	
3-116	2526-2535	rationale	
3-117	2535-2536	,	
3-118	2537-2539	28	
3-119	2540-2550	aromataque	
3-120	2551-2553	et	
3-121	2554-2559	oleum	
3-122	2560-2562	ad	
3-123	2563-2572	luminaria	
3-124	2573-2584	concinnanda	
3-125	2584-2585	,	
3-126	2586-2588	et	
3-127	2589-2591	ad	
3-128	2592-2603	præparandum	
3-129	2604-2613	unguentum	
3-130	2613-2614	,	
3-131	2615-2617	ac	
3-132	2618-2626	thymiama	
3-133	2627-2633	odoris	
3-134	2634-2644	suavissimi	
3-135	2645-2656	componendum	
3-136	2656-2657	.	
3-137	2658-2660	29	
3-138	2661-2666	Omnes	
3-139	2667-2671	viri	
3-140	2672-2674	et	
3-141	2675-2683	mulieres	
3-142	2684-2689	mente	
3-143	2690-2696	devota	
3-144	2697-2707	obtulerunt	
3-145	2708-2715	donaria	
3-146	2715-2716	,	
3-147	2717-2719	ut	
3-148	2720-2727	fierent	
3-149	2728-2733	opera	
3-150	2733-2734	,	
3-151	2735-2738	quæ	
3-152	2739-2747	jusserat	
3-153	2748-2755	Dominus	
3-154	2756-2759	per	
3-155	2760-2765	manum	
3-156	2766-2771	Moysi	
3-157	2771-2772	.	

#Text=Cuncti filii Israël voluntaria Domino dedicaverunt.
#Text=30 Dixitque Moyses ad filios Israël : Ecce, vocavit Dominus ex nomine Beseleel filium Uri, filii Hur de tribu Juda, 31 implevitque eum spiritu Dei, sapientia et intelligentia, et scientia et omni doctrina, 32 ad excogitandum, et faciendum opus in auro, et argento, et ære, 33 sculpendisque lapidibus, et opere carpentario, quidquid fabre adinveniri potest, 34 dedit in corde ejus : Ooliab quoque filium Achisamech de tribu Dan : 35 ambos erudivit sapientia, ut faciant opera abietarii, polymitarii, ac plumarii, de hyacintho ac purpura, coccoque bis tincto, et bysso, et texant omnia, ac nova quæque reperiant.
4-1	2773-2779	Cuncti	
4-2	2780-2785	filii	
4-3	2786-2792	Israël	
4-4	2793-2803	voluntaria	
4-5	2804-2810	Domino	
4-6	2811-2823	dedicaverunt	
4-7	2823-2824	.	
4-8	2825-2827	30	
4-9	2828-2836	Dixitque	
4-10	2837-2843	Moyses	
4-11	2844-2846	ad	
4-12	2847-2853	filios	
4-13	2854-2860	Israël	
4-14	2861-2862	:	
4-15	2863-2867	Ecce	
4-16	2867-2868	,	
4-17	2869-2876	vocavit	
4-18	2877-2884	Dominus	
4-19	2885-2887	ex	
4-20	2888-2894	nomine	
4-21	2895-2903	Beseleel	
4-22	2904-2910	filium	
4-23	2911-2914	Uri	
4-24	2914-2915	,	
4-25	2916-2921	filii	
4-26	2922-2925	Hur	
4-27	2926-2928	de	
4-28	2929-2934	tribu	
4-29	2935-2939	Juda	
4-30	2939-2940	,	
4-31	2941-2943	31	
4-32	2944-2955	implevitque	
4-33	2956-2959	eum	
4-34	2960-2967	spiritu	
4-35	2968-2971	Dei	
4-36	2971-2972	,	
4-37	2973-2982	sapientia	
4-38	2983-2985	et	
4-39	2986-2999	intelligentia	
4-40	2999-3000	,	
4-41	3001-3003	et	
4-42	3004-3012	scientia	
4-43	3013-3015	et	
4-44	3016-3020	omni	
4-45	3021-3029	doctrina	
4-46	3029-3030	,	
4-47	3031-3033	32	
4-48	3034-3036	ad	
4-49	3037-3049	excogitandum	
4-50	3049-3050	,	
4-51	3051-3053	et	
4-52	3054-3063	faciendum	
4-53	3064-3068	opus	
4-54	3069-3071	in	
4-55	3072-3076	auro	
4-56	3076-3077	,	
4-57	3078-3080	et	
4-58	3081-3088	argento	
4-59	3088-3089	,	
4-60	3090-3092	et	
4-61	3093-3096	ære	
4-62	3096-3097	,	
4-63	3098-3100	33	
4-64	3101-3114	sculpendisque	
4-65	3115-3124	lapidibus	
4-66	3124-3125	,	
4-67	3126-3128	et	
4-68	3129-3134	opere	
4-69	3135-3146	carpentario	
4-70	3146-3147	,	
4-71	3148-3156	quidquid	
4-72	3157-3162	fabre	
4-73	3163-3173	adinveniri	
4-74	3174-3180	potest	
4-75	3180-3181	,	
4-76	3182-3184	34	
4-77	3185-3190	dedit	
4-78	3191-3193	in	
4-79	3194-3199	corde	
4-80	3200-3204	ejus	
4-81	3205-3206	:	
4-82	3207-3213	Ooliab	
4-83	3214-3220	quoque	
4-84	3221-3227	filium	
4-85	3228-3238	Achisamech	
4-86	3239-3241	de	
4-87	3242-3247	tribu	
4-88	3248-3251	Dan	
4-89	3252-3253	:	
4-90	3254-3256	35	
4-91	3257-3262	ambos	
4-92	3263-3271	erudivit	
4-93	3272-3281	sapientia	
4-94	3281-3282	,	
4-95	3283-3285	ut	
4-96	3286-3293	faciant	
4-97	3294-3299	opera	
4-98	3300-3309	abietarii	
4-99	3309-3310	,	
4-100	3311-3322	polymitarii	
4-101	3322-3323	,	
4-102	3324-3326	ac	
4-103	3327-3335	plumarii	
4-104	3335-3336	,	
4-105	3337-3339	de	
4-106	3340-3349	hyacintho	
4-107	3350-3352	ac	
4-108	3353-3360	purpura	
4-109	3360-3361	,	
4-110	3362-3370	coccoque	
4-111	3371-3374	bis	
4-112	3375-3381	tincto	
4-113	3381-3382	,	
4-114	3383-3385	et	
4-115	3386-3391	bysso	
4-116	3391-3392	,	
4-117	3393-3395	et	
4-118	3396-3402	texant	
4-119	3403-3408	omnia	
4-120	3408-3409	,	
4-121	3410-3412	ac	
4-122	3413-3417	nova	
4-123	3418-3424	quæque	
4-124	3425-3434	reperiant	
4-125	3434-3435	.	

#Text=Caput 36
#Text=
#Text=
#Text=1 Fecit ergo Beseleel, et Ooliab, et omnis vir sapiens, quibus dedit Dominus sapientiam et intellectum, ut scirent fabre operari quæ in usus sanctuarii necessaria sunt, et quæ præcepit Dominus.
#Text=2 Cumque vocasset eos Moyses et omnem eruditum virum, cui dederat Dominus sapientiam, et qui sponte sua obtulerant se ad faciendum opus, 3 tradidit eis universa donaria filiorum Israël.
5-1	3436-3441	Caput	
5-2	3442-3444	36	
5-3	3447-3448	1	
5-4	3449-3454	Fecit	
5-5	3455-3459	ergo	
5-6	3460-3468	Beseleel	
5-7	3468-3469	,	
5-8	3470-3472	et	
5-9	3473-3479	Ooliab	
5-10	3479-3480	,	
5-11	3481-3483	et	
5-12	3484-3489	omnis	
5-13	3490-3493	vir	
5-14	3494-3501	sapiens	
5-15	3501-3502	,	
5-16	3503-3509	quibus	
5-17	3510-3515	dedit	
5-18	3516-3523	Dominus	
5-19	3524-3534	sapientiam	
5-20	3535-3537	et	
5-21	3538-3549	intellectum	
5-22	3549-3550	,	
5-23	3551-3553	ut	
5-24	3554-3561	scirent	
5-25	3562-3567	fabre	
5-26	3568-3575	operari	
5-27	3576-3579	quæ	
5-28	3580-3582	in	
5-29	3583-3587	usus	
5-30	3588-3598	sanctuarii	
5-31	3599-3609	necessaria	
5-32	3610-3614	sunt	
5-33	3614-3615	,	
5-34	3616-3618	et	
5-35	3619-3622	quæ	
5-36	3623-3631	præcepit	
5-37	3632-3639	Dominus	
5-38	3639-3640	.	
5-39	3641-3642	2	
5-40	3643-3649	Cumque	
5-41	3650-3658	vocasset	
5-42	3659-3662	eos	
5-43	3663-3669	Moyses	
5-44	3670-3672	et	
5-45	3673-3678	omnem	
5-46	3679-3687	eruditum	
5-47	3688-3693	virum	
5-48	3693-3694	,	
5-49	3695-3698	cui	
5-50	3699-3706	dederat	
5-51	3707-3714	Dominus	
5-52	3715-3725	sapientiam	
5-53	3725-3726	,	
5-54	3727-3729	et	
5-55	3730-3733	qui	
5-56	3734-3740	sponte	
5-57	3741-3744	sua	
5-58	3745-3755	obtulerant	
5-59	3756-3758	se	
5-60	3759-3761	ad	
5-61	3762-3771	faciendum	
5-62	3772-3776	opus	
5-63	3776-3777	,	
5-64	3778-3779	3	
5-65	3780-3788	tradidit	
5-66	3789-3792	eis	
5-67	3793-3801	universa	
5-68	3802-3809	donaria	
5-69	3810-3818	filiorum	
5-70	3819-3825	Israël	
5-71	3825-3826	.	

#Text=Qui cum instarent operi, quotidie mane vota populus offerebat.
#Text=4 Unde artifices venire compulsi, 5 dixerunt Moysi : Plus offert populus quam necessarium est.
#Text=6 Jussit ergo Moyses præconis voce cantari : Nec vir, nec mulier quidquam offerat ultra in opere sanctuarii.
6-1	3827-3830	Qui	
6-2	3831-3834	cum	
6-3	3835-3844	instarent	
6-4	3845-3850	operi	
6-5	3850-3851	,	
6-6	3852-3860	quotidie	
6-7	3861-3865	mane	
6-8	3866-3870	vota	
6-9	3871-3878	populus	
6-10	3879-3888	offerebat	
6-11	3888-3889	.	
6-12	3890-3891	4	
6-13	3892-3896	Unde	
6-14	3897-3906	artifices	
6-15	3907-3913	venire	
6-16	3914-3922	compulsi	
6-17	3922-3923	,	
6-18	3924-3925	5	
6-19	3926-3934	dixerunt	
6-20	3935-3940	Moysi	
6-21	3941-3942	:	
6-22	3943-3947	Plus	
6-23	3948-3954	offert	
6-24	3955-3962	populus	
6-25	3963-3967	quam	
6-26	3968-3979	necessarium	
6-27	3980-3983	est	
6-28	3983-3984	.	
6-29	3985-3986	6	
6-30	3987-3993	Jussit	
6-31	3994-3998	ergo	
6-32	3999-4005	Moyses	
6-33	4006-4014	præconis	
6-34	4015-4019	voce	
6-35	4020-4027	cantari	
6-36	4028-4029	:	
6-37	4030-4033	Nec	
6-38	4034-4037	vir	
6-39	4037-4038	,	
6-40	4039-4042	nec	
6-41	4043-4049	mulier	
6-42	4050-4058	quidquam	
6-43	4059-4066	offerat	
6-44	4067-4072	ultra	
6-45	4073-4075	in	
6-46	4076-4081	opere	
6-47	4082-4092	sanctuarii	
6-48	4092-4093	.	

#Text=Sicque cessatum est a muneribus offerendis, 7 eo quod oblata sufficerent et superabundarent.
7-1	4094-4100	Sicque	
7-2	4101-4109	cessatum	
7-3	4110-4113	est	
7-4	4114-4115	a	
7-5	4116-4125	muneribus	
7-6	4126-4136	offerendis	
7-7	4136-4137	,	
7-8	4138-4139	7	
7-9	4140-4142	eo	
7-10	4143-4147	quod	
7-11	4148-4154	oblata	
7-12	4155-4166	sufficerent	
7-13	4167-4169	et	
7-14	4170-4185	superabundarent	
7-15	4185-4186	.	
