#FORMAT=WebAnno TSV 3.3
#T_SP=custom.Span|label
#T_RL=custom.Relation|label|BT_custom.Span


#Text=D. 2.
1-1	2-3	D	_	_	_	
1-2	3-4	.	_	_	_	
1-3	5-6	2	_	_	_	
1-4	6-7	.	_	_	_	

#Text=Restat quorundam phænomenorum cap: 2.
#Text=).
#Text=2. commemoratorum , explicatio, ad quam nos conferimus, ut promiffi nostri fummam qualitercung compleamus.
2-1	8-14	Restat	_	_	_	
2-2	15-24	quorundam	_	_	_	
2-3	25-37	phænomenorum	_	_	_	
2-4	38-41	cap	_	_	_	
2-5	41-42	:	_	_	_	
2-6	43-44	2	_	_	_	
2-7	44-45	.	_	_	_	
2-8	46-47	)	_	_	_	
2-9	47-48	.	_	_	_	
2-10	49-50	2	_	_	_	
2-11	50-51	.	_	_	_	
2-12	52-66	commemoratorum	_	_	_	
2-13	67-68	,	_	_	_	
2-14	69-79	explicatio	_	_	_	
2-15	79-80	,	_	_	_	
2-16	81-83	ad	_	_	_	
2-17	84-88	quam	_	_	_	
2-18	89-92	nos	_	_	_	
2-19	93-103	conferimus	_	_	_	
2-20	103-104	,	_	_	_	
2-21	105-107	ut	_	_	_	
2-22	108-116	promiffi	_	_	_	
2-23	117-123	nostri	_	_	_	
2-24	124-130	fummam	_	_	_	
2-25	131-143	qualitercung	_	_	_	
2-26	144-154	compleamus	_	_	_	
2-27	154-155	.	_	_	_	

#Text=Phænom: itaque X inde proficisci credimus, quod narium membrana, illisque infertæ , tam piæ matris, quam processuum papillarium, fibrillæ non eandem apud omnes na&tæ fint conftitutionem.
3-1	156-162	Phænom	_	_	_	
3-2	162-163	:	_	_	_	
3-3	164-170	itaque	_	_	_	
3-4	171-172	X	_	_	_	
3-5	173-177	inde	_	_	_	
3-6	178-188	proficisci	_	_	_	
3-7	189-197	credimus	_	_	_	
3-8	197-198	,	_	_	_	
3-9	199-203	quod	_	_	_	
3-10	204-210	narium	_	_	_	
3-11	211-219	membrana	_	_	_	
3-12	219-220	,	_	_	_	
3-13	221-229	illisque	_	_	_	
3-14	230-237	infertæ	_	_	_	
3-15	238-239	,	_	_	_	
3-16	240-243	tam	_	_	_	
3-17	244-247	piæ	_	_	_	
3-18	248-254	matris	_	_	_	
3-19	254-255	,	_	_	_	
3-20	256-260	quam	_	_	_	
3-21	261-271	processuum	_	_	_	
3-22	272-283	papillarium	_	_	_	
3-23	283-284	,	_	_	_	
3-24	285-293	fibrillæ	_	_	_	
3-25	294-297	non	_	_	_	
3-26	298-304	eandem	_	_	_	
3-27	305-309	apud	_	_	_	
3-28	310-315	omnes	_	_	_	
3-29	316-318	na	_	_	_	
3-30	318-319	&	_	_	_	
3-31	319-321	tæ	_	_	_	
3-32	322-326	fint	_	_	_	
3-33	327-341	conftitutionem	_	_	_	
3-34	341-342	.	_	_	_	

#Text=Ue enim infignis inter in
#Text=
#Text=fantis
#Text=
#Text=
#Text=
#Text=(r).
#Text=v.
4-1	343-345	Ue	_	_	_	
4-2	346-350	enim	_	_	_	
4-3	351-359	infignis	_	_	_	
4-4	360-365	inter	_	_	_	
4-5	366-368	in	_	_	_	
4-6	370-376	fantis	_	_	_	
4-7	380-381	(	_	_	_	
4-8	381-382	r	_	_	_	
4-9	382-383	)	_	_	_	
4-10	383-384	.	_	_	_	
4-11	385-386	v	_	_	_	
4-12	386-387	.	_	_	_	

#Text=Bobr.
#Text=circo anatom-phyfiol progimn.
#Text=28.
5-1	388-392	Bobr	_	_	_	
5-2	392-393	.	_	_	_	
5-3	394-399	circo	_	_	_	
5-4	400-414	anatom-phyfiol	_	_	_	
5-5	415-422	progimn	_	_	_	
5-6	422-423	.	_	_	_	
5-7	424-426	28	_	_	_	
5-8	426-427	.	_	_	_	

#Text=po n. 441. circa finem.
#Text=ob ( 23 ) fantis, & hominis adulti, corpus; reperitur differen tia: ita haut exigua etiam inter adultorum cor pora observatur diversitas: testibus myopum & presbytarum oculis: teste præterea admiranda ista vultuum, lineamentorum , vocisque varietate, quæ tanta est, ut inter tot hominum myriades, rariffime conspiciantur duo , ita prorfus fibi fimiles; ac olim in fabula Amphitruoni erat Jupiter, &So fiæ Mercurius.
6-1	429-431	po	_	_	_	
6-2	432-433	n	_	_	_	
6-3	433-434	.	_	_	_	
6-4	435-438	441	_	_	_	
6-5	438-439	.	_	_	_	
6-6	440-445	circa	_	_	_	
6-7	446-451	finem	_	_	_	
6-8	451-452	.	_	_	_	
6-9	453-455	ob	_	_	_	
6-10	456-457	(	_	_	_	
6-11	458-460	23	_	_	_	
6-12	461-462	)	_	_	_	
6-13	463-469	fantis	_	_	_	
6-14	469-470	,	_	_	_	
6-15	471-472	&	_	_	_	
6-16	473-480	hominis	_	_	_	
6-17	481-487	adulti	_	_	_	
6-18	487-488	,	_	_	_	
6-19	489-495	corpus	_	_	_	
6-20	495-496	;	_	_	_	
6-21	497-506	reperitur	_	_	_	
6-22	507-515	differen	_	_	_	
6-23	516-519	tia	_	_	_	
6-24	519-520	:	_	_	_	
6-25	521-524	ita	_	_	_	
6-26	525-529	haut	_	_	_	
6-27	530-536	exigua	_	_	_	
6-28	537-542	etiam	_	_	_	
6-29	543-548	inter	_	_	_	
6-30	549-558	adultorum	_	_	_	
6-31	559-562	cor	_	_	_	
6-32	563-567	pora	_	_	_	
6-33	568-578	observatur	_	_	_	
6-34	579-589	diversitas	_	_	_	
6-35	589-590	:	_	_	_	
6-36	591-599	testibus	_	_	_	
6-37	600-606	myopum	_	_	_	
6-38	607-608	&	_	_	_	
6-39	609-620	presbytarum	_	_	_	
6-40	621-627	oculis	_	_	_	
6-41	627-628	:	_	_	_	
6-42	629-634	teste	_	_	_	
6-43	635-643	præterea	_	_	_	
6-44	644-653	admiranda	_	_	_	
6-45	654-658	ista	_	_	_	
6-46	659-666	vultuum	_	_	_	
6-47	666-667	,	_	_	_	
6-48	668-681	lineamentorum	_	_	_	
6-49	682-683	,	_	_	_	
6-50	684-692	vocisque	_	_	_	
6-51	693-702	varietate	_	_	_	
6-52	702-703	,	_	_	_	
6-53	704-707	quæ	_	_	_	
6-54	708-713	tanta	_	_	_	
6-55	714-717	est	_	_	_	
6-56	717-718	,	_	_	_	
6-57	719-721	ut	_	_	_	
6-58	722-727	inter	_	_	_	
6-59	728-731	tot	_	_	_	
6-60	732-739	hominum	_	_	_	
6-61	740-748	myriades	_	_	_	
6-62	748-749	,	_	_	_	
6-63	750-759	rariffime	_	_	_	
6-64	760-773	conspiciantur	_	_	_	
6-65	774-777	duo	_	_	_	
6-66	778-779	,	_	_	_	
6-67	780-783	ita	_	_	_	
6-68	784-791	prorfus	_	_	_	
6-69	792-796	fibi	_	_	_	
6-70	797-804	fimiles	_	_	_	
6-71	804-805	;	_	_	_	
6-72	806-808	ac	_	_	_	
6-73	809-813	olim	_	_	_	
6-74	814-816	in	_	_	_	
6-75	817-823	fabula	_	_	_	
6-76	824-835	Amphitruoni	_	_	_	
6-77	836-840	erat	_	_	_	
6-78	841-848	Jupiter	_	_	_	
6-79	848-849	,	_	_	_	
6-80	850-851	&	_	_	_	
6-81	851-853	So	_	_	_	
6-82	854-857	fiæ	_	_	_	
6-83	858-867	Mercurius	_	_	_	
6-84	867-868	.	_	_	_	

#Text=Pofito autem eo , quod aliter in uno homine ato in alio, partes odorạcûs organa constituentes fefe habeant, fponte fequitur, quod eadem effluvia, quæ apud unum hominem lenem tremorem & titillationem in odoratûs organis excitant, apud alium è contrario vehementiorem motum, fibrillas narium vario detorquendo, producere , (s) adeog ingrati odoris cauffa, per ac, cidens, existere queant.
7-1	869-875	Pofito	_	_	_	
7-2	876-881	autem	_	_	_	
7-3	882-884	eo	_	_	_	
7-4	885-886	,	_	_	_	
7-5	887-891	quod	_	_	_	
7-6	892-898	aliter	_	_	_	
7-7	899-901	in	_	_	_	
7-8	902-905	uno	_	_	_	
7-9	906-912	homine	_	_	_	
7-10	913-916	ato	_	_	_	
7-11	917-919	in	_	_	_	
7-12	920-924	alio	_	_	_	
7-13	924-925	,	_	_	_	
7-14	926-932	partes	_	_	_	
7-15	933-941	odorạcûs	Smell\_Word	*	7-16	
7-16	942-948	organa	Perceiver	_	_	
7-17	949-962	constituentes	_	_	_	
7-18	963-967	fefe	_	_	_	
7-19	968-975	habeant	_	_	_	
7-20	975-976	,	_	_	_	
7-21	977-983	fponte	_	_	_	
7-22	984-992	fequitur	_	_	_	
7-23	992-993	,	_	_	_	
7-24	994-998	quod	_	_	_	
7-25	999-1004	eadem	_	_	_	
7-26	1005-1013	effluvia	Smell\_Word[1]|Smell\_Source[2]	*|*|*|*|*|*	7-26[2_1]|7-36[5_1]|7-29[4_1]|7-29[3_1]|7-41[7_1]|7-41[6_1]	
7-27	1013-1014	,	_	_	_	
7-28	1015-1018	quæ	_	_	_	
7-29	1019-1023	apud	Effect[3]|Perceiver[4]	_	_	
7-30	1024-1028	unum	Effect[3]|Perceiver[4]	_	_	
7-31	1029-1036	hominem	Effect[3]|Perceiver[4]	_	_	
7-32	1037-1042	lenem	Effect[3]	_	_	
7-33	1043-1051	tremorem	Effect[3]	_	_	
7-34	1052-1053	&	Effect[3]	_	_	
7-35	1054-1067	titillationem	Effect[3]	_	_	
7-36	1068-1070	in	Effect[3]|Perceiver[5]	_	_	
7-37	1071-1079	odoratûs	Effect[3]|Perceiver[5]	_	_	
7-38	1080-1087	organis	Effect[3]|Perceiver[5]	_	_	
7-39	1088-1096	excitant	Effect[3]	_	_	
7-40	1096-1097	,	Effect[3]	_	_	
7-41	1098-1102	apud	Effect[6]|Perceiver[7]	_	_	
7-42	1103-1108	alium	Effect[6]|Perceiver[7]	_	_	
7-43	1109-1110	è	Effect[6]	_	_	
7-44	1111-1120	contrario	Effect[6]	_	_	
7-45	1121-1134	vehementiorem	Effect[6]	_	_	
7-46	1135-1140	motum	Effect[6]	_	_	
7-47	1140-1141	,	Effect[6]	_	_	
7-48	1142-1151	fibrillas	Effect[6]	_	_	
7-49	1152-1158	narium	Effect[6]	_	_	
7-50	1159-1164	vario	Effect[6]	_	_	
7-51	1165-1176	detorquendo	Effect[6]	_	_	
7-52	1176-1177	,	Effect[6]	_	_	
7-53	1178-1187	producere	Effect[6]	_	_	
7-54	1188-1189	,	Effect[6]	_	_	
7-55	1190-1191	(	Effect[6]	_	_	
7-56	1191-1192	s	Effect[6]	_	_	
7-57	1192-1193	)	Effect[6]	_	_	
7-58	1194-1199	adeog	Effect[6]	_	_	
7-59	1200-1207	ingrati	Effect[6]|Quality[8]	_	_	
7-60	1208-1214	odoris	Effect[6]|Smell\_Word[9]	*	7-59[8_9]	
7-61	1215-1221	cauffa	Effect[6]	_	_	
7-62	1221-1222	,	Effect[6]	_	_	
7-63	1223-1226	per	Effect[6]	_	_	
7-64	1227-1229	ac	Effect[6]	_	_	
7-65	1229-1230	,	Effect[6]	_	_	
7-66	1231-1237	cidens	Effect[6]	_	_	
7-67	1237-1238	,	Effect[6]	_	_	
7-68	1239-1247	existere	Effect[6]	_	_	
7-69	1248-1254	queant	Effect[6]	_	_	
7-70	1254-1255	.	_	_	_	

#Text=Ceterum non nego fieri posse, ut, fine ulla odoratûs organi culpa,
#Text=
#Text=odore, quo unus dele&tatur , alter offendatur.
8-1	1256-1263	Ceterum	_	_	_	
8-2	1264-1267	non	_	_	_	
8-3	1268-1272	nego	_	_	_	
8-4	1273-1278	fieri	_	_	_	
8-5	1279-1284	posse	_	_	_	
8-6	1284-1285	,	_	_	_	
8-7	1286-1288	ut	_	_	_	
8-8	1288-1289	,	_	_	_	
8-9	1290-1294	fine	_	_	_	
8-10	1295-1299	ulla	_	_	_	
8-11	1300-1308	odoratûs	Smell\_Word	*	8-12	
8-12	1309-1315	organi	Perceiver	_	_	
8-13	1316-1321	culpa	_	_	_	
8-14	1321-1322	,	_	_	_	
8-15	1324-1329	odore	Smell\_Word	*|*|*	8-18[11_0]|8-23[12_0]|8-17[10_0]	
8-16	1329-1330	,	_	_	_	
8-17	1331-1334	quo	Effect[10]	_	_	
8-18	1335-1339	unus	Effect[10]|Perceiver[11]	_	_	
8-19	1340-1344	dele	Effect[10]	_	_	
8-20	1344-1345	&	Effect[10]	_	_	
8-21	1345-1350	tatur	Effect[10]	_	_	
8-22	1351-1352	,	Effect[10]	_	_	
8-23	1353-1358	alter	Effect[10]|Perceiver[12]	_	_	
8-24	1359-1369	offendatur	Effect[10]	_	_	
8-25	1369-1370	.	Effect[10]	_	_	

#Text=Sic e. g. li hauftum vini adufti, in quo angvillam fuffocaver ris, illis exhibeas, qui nimio hujus liquoris amore laborant, tantum interdum hujus vini odium in illis excitabis, uc ad odorem ejus expallefcant.
9-1	1371-1374	Sic	_	_	_	
9-2	1375-1376	e	_	_	_	
9-3	1376-1377	.	_	_	_	
9-4	1378-1379	g	_	_	_	
9-5	1379-1380	.	_	_	_	
9-6	1381-1383	li	_	_	_	
9-7	1384-1391	hauftum	_	_	_	
9-8	1392-1396	vini	Smell\_Source[13]	_	_	
9-9	1397-1403	adufti	Smell\_Source[13]	_	_	
9-10	1403-1404	,	_	_	_	
9-11	1405-1407	in	_	_	_	
9-12	1408-1411	quo	_	_	_	
9-13	1412-1421	angvillam	_	_	_	
9-14	1422-1432	fuffocaver	_	_	_	
9-15	1433-1436	ris	_	_	_	
9-16	1436-1437	,	_	_	_	
9-17	1438-1443	illis	Perceiver	Anaphoric	9-20[14_0]	
9-18	1444-1452	exhibeas	_	_	_	
9-19	1452-1453	,	_	_	_	
9-20	1454-1457	qui	Perceiver[14]	_	_	
9-21	1458-1463	nimio	Perceiver[14]	_	_	
9-22	1464-1469	hujus	Perceiver[14]	_	_	
9-23	1470-1478	liquoris	Perceiver[14]	_	_	
9-24	1479-1484	amore	Perceiver[14]	_	_	
9-25	1485-1493	laborant	Perceiver[14]	_	_	
9-26	1493-1494	,	Perceiver[14]	_	_	
9-27	1495-1501	tantum	_	_	_	
9-28	1502-1510	interdum	_	_	_	
9-29	1511-1516	hujus	_	_	_	
9-30	1517-1521	vini	_	_	_	
9-31	1522-1527	odium	_	_	_	
9-32	1528-1530	in	_	_	_	
9-33	1531-1536	illis	_	_	_	
9-34	1537-1546	excitabis	_	_	_	
9-35	1546-1547	,	_	_	_	
9-36	1548-1550	uc	_	_	_	
9-37	1551-1553	ad	_	_	_	
9-38	1554-1560	odorem	Smell\_Word	*|*|*	9-39|9-17|9-40	
9-39	1561-1565	ejus	Smell\_Source	Anaphoric	9-8[13_0]	
9-40	1566-1578	expallefcant	Effect	_	_	
9-41	1578-1579	.	_	_	_	

#Text=Sic etiam vini rhenani odor, quamvis ægrotos, etiam animam agentes , refocillet , nauseam tamen haut raro illis movet, qui cum tali vino vo
#Text=
#Text=mico(s) 2 Crannen differt; de bom: 6. ú..
10-1	1580-1583	Sic	_	_	_	
10-2	1584-1589	etiam	_	_	_	
10-3	1590-1594	vini	Smell\_Source[15]	_	_	
10-4	1595-1602	rhenani	Smell\_Source[15]	_	_	
10-5	1603-1607	odor	Smell\_Word	*|*|*|*|*	10-3[15_0]|10-8[16_0]|10-8[17_0]|10-20[19_0]|10-16[18_0]	
10-6	1607-1608	,	_	_	_	
10-7	1609-1616	quamvis	_	_	_	
10-8	1617-1624	ægrotos	Effect[16]|Perceiver[17]	_	_	
10-9	1624-1625	,	Effect[16]	_	_	
10-10	1626-1631	etiam	Effect[16]	_	_	
10-11	1632-1638	animam	Effect[16]	_	_	
10-12	1639-1646	agentes	Effect[16]	_	_	
10-13	1647-1648	,	Effect[16]	_	_	
10-14	1649-1659	refocillet	Effect[16]	_	_	
10-15	1660-1661	,	_	_	_	
10-16	1662-1669	nauseam	Effect[18]	Same\_span	11-1[22_18]	
10-17	1670-1675	tamen	Effect[18]	_	_	
10-18	1676-1680	haut	Effect[18]	_	_	
10-19	1681-1685	raro	Effect[18]	_	_	
10-20	1686-1691	illis	Effect[18]|Perceiver[19]	Anaphoric	10-23[20_19]	
10-21	1692-1697	movet	Effect[18]	_	_	
10-22	1697-1698	,	Effect[18]	_	_	
10-23	1699-1702	qui	Effect[18]|Perceiver[20]	Same\_span	11-1[21_20]	
10-24	1703-1706	cum	Effect[18]|Perceiver[20]	_	_	
10-25	1707-1711	tali	Effect[18]|Perceiver[20]	_	_	
10-26	1712-1716	vino	Effect[18]|Perceiver[20]	_	_	
10-27	1717-1719	vo	Effect[18]|Perceiver[20]	_	_	
10-28	1721-1725	mico	_	_	_	
10-29	1725-1726	(	_	_	_	
10-30	1726-1727	s	_	_	_	
10-31	1727-1728	)	_	_	_	
10-32	1729-1730	2	_	_	_	
10-33	1731-1738	Crannen	_	_	_	
10-34	1739-1746	differt	_	_	_	
10-35	1746-1747	;	_	_	_	
10-36	1748-1750	de	_	_	_	
10-37	1751-1754	bom	_	_	_	
10-38	1754-1755	:	_	_	_	
10-39	1756-1757	6	_	_	_	
10-40	1757-1758	.	_	_	_	
10-41	1759-1760	ú	_	_	_	
10-42	1760-1761	.	_	_	_	
10-43	1761-1762	.	_	_	_	

#Text=mitorium potarunt.
11-1	1768-1776	mitorium	Perceiver[21]|Effect[22]	_	_	
11-2	1777-1785	potarunt	Perceiver[21]|Effect[22]	_	_	
11-3	1785-1786	.	Perceiver[21]	_	_	

#Text=Verum enim vero in talibus cafibus, judicium, fallaciam non causfæ pro caulla committens, accufandum , non vero culpandum odoratûs organum.
12-1	1787-1792	Verum	_	_	_	
12-2	1793-1797	enim	_	_	_	
12-3	1798-1802	vero	_	_	_	
12-4	1803-1805	in	_	_	_	
12-5	1806-1813	talibus	_	_	_	
12-6	1814-1821	cafibus	_	_	_	
12-7	1821-1822	,	_	_	_	
12-8	1823-1831	judicium	_	_	_	
12-9	1831-1832	,	_	_	_	
12-10	1833-1842	fallaciam	_	_	_	
12-11	1843-1846	non	_	_	_	
12-12	1847-1853	causfæ	_	_	_	
12-13	1854-1857	pro	_	_	_	
12-14	1858-1864	caulla	_	_	_	
12-15	1865-1875	committens	_	_	_	
12-16	1875-1876	,	_	_	_	
12-17	1877-1887	accufandum	_	_	_	
12-18	1888-1889	,	_	_	_	
12-19	1890-1893	non	_	_	_	
12-20	1894-1898	vero	_	_	_	
12-21	1899-1908	culpandum	_	_	_	
12-22	1909-1917	odoratûs	Smell\_Word	*	12-23	
12-23	1918-1925	organum	Perceiver	_	_	
12-24	1925-1926	.	_	_	_	

#Text=Dum enim turbas, poft vini hauftum, in nobis excitatas, & vomitorio, vel angvillæ tribuendas, vino per errorem imputamus, infontem condemnamus, ejuso odio corripimur.
13-1	1927-1930	Dum	_	_	_	
13-2	1931-1935	enim	_	_	_	
13-3	1936-1942	turbas	_	_	_	
13-4	1942-1943	,	_	_	_	
13-5	1944-1948	poft	_	_	_	
13-6	1949-1953	vini	_	_	_	
13-7	1954-1961	hauftum	_	_	_	
13-8	1961-1962	,	_	_	_	
13-9	1963-1965	in	_	_	_	
13-10	1966-1971	nobis	_	_	_	
13-11	1972-1981	excitatas	_	_	_	
13-12	1981-1982	,	_	_	_	
13-13	1983-1984	&	_	_	_	
13-14	1985-1994	vomitorio	_	_	_	
13-15	1994-1995	,	_	_	_	
13-16	1996-1999	vel	_	_	_	
13-17	2000-2008	angvillæ	_	_	_	
13-18	2009-2019	tribuendas	_	_	_	
13-19	2019-2020	,	_	_	_	
13-20	2021-2025	vino	_	_	_	
13-21	2026-2029	per	_	_	_	
13-22	2030-2037	errorem	_	_	_	
13-23	2038-2047	imputamus	_	_	_	
13-24	2047-2048	,	_	_	_	
13-25	2049-2057	infontem	_	_	_	
13-26	2058-2069	condemnamus	_	_	_	
13-27	2069-2070	,	_	_	_	
13-28	2071-2076	ejuso	_	_	_	
13-29	2077-2081	odio	_	_	_	
13-30	2082-2092	corripimur	_	_	_	
13-31	2092-2093	.	_	_	_	

#Text=Hæc ita fe habere cernimus in pueris, qui liti potius perirent, quam unicum cerevifiæ hauftum capererent,ex eodem vitro, ex quo purgans as.
#Text=fumferunt medicamen.
14-1	2094-2097	Hæc	_	_	_	
14-2	2098-2101	ita	_	_	_	
14-3	2102-2104	fe	_	_	_	
14-4	2105-2111	habere	_	_	_	
14-5	2112-2120	cernimus	_	_	_	
14-6	2121-2123	in	_	_	_	
14-7	2124-2130	pueris	_	_	_	
14-8	2130-2131	,	_	_	_	
14-9	2132-2135	qui	_	_	_	
14-10	2136-2140	liti	_	_	_	
14-11	2141-2147	potius	_	_	_	
14-12	2148-2156	perirent	_	_	_	
14-13	2156-2157	,	_	_	_	
14-14	2158-2162	quam	_	_	_	
14-15	2163-2169	unicum	_	_	_	
14-16	2170-2179	cerevifiæ	_	_	_	
14-17	2180-2187	hauftum	_	_	_	
14-18	2188-2198	capererent	_	_	_	
14-19	2198-2199	,	_	_	_	
14-20	2199-2201	ex	_	_	_	
14-21	2202-2207	eodem	_	_	_	
14-22	2208-2213	vitro	_	_	_	
14-23	2213-2214	,	_	_	_	
14-24	2215-2217	ex	_	_	_	
14-25	2218-2221	quo	_	_	_	
14-26	2222-2229	purgans	_	_	_	
14-27	2230-2232	as	_	_	_	
14-28	2232-2233	.	_	_	_	
14-29	2234-2243	fumferunt	_	_	_	
14-30	2244-2253	medicamen	_	_	_	
14-31	2253-2254	.	_	_	_	

#Text=Sed his miffis, porro nocare lubet, tantam consvetudinis , vim, etiam in odoratum efle , ut ingrati odores, tetërrimig fetores tandem sine moleftia ferri queant.
#Text=rum provinciarum rufticis, accendi cespitis fumus pullam moleftiam creat ; quamvis delicatioribus intolerabilis videatur: fullones rancidi olei fui fce tore non offenduntur, ( cum tamen alii eundem detestentur: Sic tantum abeft ut Indi, ab Afa fatida, ob teterrimum fororem noftratibus Dyfwels Zråd dicta, abhorreant, ut eâ etiam in alimento rum condicura utantur.
15-1	2255-2258	Sed	_	_	_	
15-2	2259-2262	his	_	_	_	
15-3	2263-2269	miffis	_	_	_	
15-4	2269-2270	,	_	_	_	
15-5	2271-2276	porro	_	_	_	
15-6	2277-2283	nocare	_	_	_	
15-7	2284-2289	lubet	_	_	_	
15-8	2289-2290	,	_	_	_	
15-9	2291-2297	tantam	Circumstances[23]	_	_	
15-10	2298-2311	consvetudinis	Circumstances[23]	_	_	
15-11	2312-2313	,	Circumstances[23]	_	_	
15-12	2314-2317	vim	Circumstances[23]	_	_	
15-13	2317-2318	,	Circumstances[23]	_	_	
15-14	2319-2324	etiam	Circumstances[23]	_	_	
15-15	2325-2327	in	Circumstances[23]	_	_	
15-16	2328-2336	odoratum	Circumstances[23]|Smell\_Word[24]	_	_	
15-17	2337-2341	efle	Circumstances[23]	_	_	
15-18	2342-2343	,	_	_	_	
15-19	2344-2346	ut	_	_	_	
15-20	2347-2354	ingrati	Quality	_	_	
15-21	2355-2361	odores	Smell\_Word	*|*|*	15-20|15-25[25_0]|15-9[23_0]	
15-22	2361-2362	,	_	_	_	
15-23	2363-2373	tetërrimig	Quality	_	_	
15-24	2374-2381	fetores	Smell\_Word	*|*|*	15-23|15-25[25_0]|15-9[23_0]	
15-25	2382-2388	tandem	Effect[25]	_	_	
15-26	2389-2393	sine	Effect[25]	_	_	
15-27	2394-2402	moleftia	Effect[25]	_	_	
15-28	2403-2408	ferri	Effect[25]	_	_	
15-29	2409-2415	queant	Effect[25]	_	_	
15-30	2415-2416	.	_	_	_	
15-31	2417-2420	rum	_	_	_	
15-32	2421-2433	provinciarum	Perceiver[26]	_	_	
15-33	2434-2442	rufticis	Perceiver[26]	_	_	
15-34	2442-2443	,	_	_	_	
15-35	2444-2451	accendi	Smell\_Source[27]	_	_	
15-36	2452-2460	cespitis	Smell\_Source[27]	_	_	
15-37	2461-2466	fumus	Smell\_Word[28]|Odour\_Carrier[29]	*|*|*|*|*|*|*	15-35[27_28]|15-37[29_28]|15-38[30_28]|15-32[26_28]|15-43[32_28]|15-44[33_28]|15-43[31_28]	
15-38	2467-2473	pullam	Effect[30]	_	_	
15-39	2474-2483	moleftiam	Effect[30]	_	_	
15-40	2484-2489	creat	Effect[30]	_	_	
15-41	2490-2491	;	_	_	_	
15-42	2492-2499	quamvis	_	_	_	
15-43	2500-2514	delicatioribus	Effect[31]|Perceiver[32]	_	_	
15-44	2515-2528	intolerabilis	Effect[31]|Quality[33]	_	_	
15-45	2529-2537	videatur	Effect[31]	_	_	
15-46	2537-2538	:	_	_	_	
15-47	2539-2547	fullones	Perceiver[34]|Effect[35]	Same\_span	15-53[38_35]	
15-48	2548-2555	rancidi	Smell\_Source[36]	_	_	
15-49	2556-2560	olei	Smell\_Source[36]	_	_	
15-50	2561-2564	fui	Smell\_Source[36]	_	_	
15-51	2565-2568	fce	Smell\_Word[37]	*|*|*	15-47[34_37]|15-47[35_37]|15-48[36_37]	
15-52	2569-2573	tore	Smell\_Word[37]	_	_	
15-53	2574-2577	non	Effect[38]	_	_	
15-54	2578-2589	offenduntur	Effect[38]	_	_	
15-55	2589-2590	,	_	_	_	
15-56	2591-2592	(	_	_	_	
15-57	2593-2596	cum	_	_	_	
15-58	2597-2602	tamen	_	_	_	
15-59	2603-2607	alii	Perceiver[39]|Effect[40]	Same\_span	15-61[0_40]	
15-60	2608-2614	eundem	Smell\_Word	Anaphoric|*|*	15-51[37_0]|15-59[39_0]|15-59[40_0]	
15-61	2615-2626	detestentur	Effect	_	_	
15-62	2626-2627	:	_	_	_	
15-63	2628-2631	Sic	_	_	_	
15-64	2632-2638	tantum	_	_	_	
15-65	2639-2644	abeft	_	_	_	
15-66	2645-2647	ut	_	_	_	
15-67	2648-2652	Indi	Perceiver[41]|Effect[42]	Same\_span	15-81[0_42]	
15-68	2652-2653	,	_	_	_	
15-69	2654-2656	ab	_	_	_	
15-70	2657-2660	Afa	Smell\_Source	_	_	
15-71	2661-2667	fatida	Smell\_Word[43]|Quality[44]	*|*|*|*	15-71[44_43]|15-70[0_43]|15-67[41_43]|15-67[42_43]	
15-72	2667-2668	,	_	_	_	
15-73	2669-2671	ob	_	_	_	
15-74	2672-2682	teterrimum	Quality	_	_	
15-75	2683-2690	fororem	Smell\_Word[45]|Quality[46]	*|*|*	15-75[46_45]|15-74[0_45]|15-67[42_45]	
15-76	2691-2702	noftratibus	_	_	_	
15-77	2703-2710	Dyfwels	_	_	_	
15-78	2711-2715	Zråd	_	_	_	
15-79	2716-2721	dicta	_	_	_	
15-80	2721-2722	,	_	_	_	
15-81	2723-2733	abhorreant	Effect	_	_	
15-82	2733-2734	,	_	_	_	
15-83	2735-2737	ut	_	_	_	
15-84	2738-2740	eâ	_	_	_	
15-85	2741-2746	etiam	_	_	_	
15-86	2747-2749	in	_	_	_	
15-87	2750-2758	alimento	_	_	_	
15-88	2759-2762	rum	_	_	_	
15-89	2763-2772	condicura	_	_	_	
15-90	2773-2780	utantur	_	_	_	
15-91	2780-2781	.	_	_	_	
