#FORMAT=WebAnno TSV 3.3


#Text=Qui respondit : Et ego novi : silete.
#Text=4 Dixit autem Elias ad Eliseum : Sede hic, quia Dominus misit me in Jericho.
1-1	2-5	Qui	
1-2	6-15	respondit	
1-3	16-17	:	
1-4	18-20	Et	
1-5	21-24	ego	
1-6	25-29	novi	
1-7	30-31	:	
1-8	32-38	silete	
1-9	38-39	.	
1-10	40-41	4	
1-11	42-47	Dixit	
1-12	48-53	autem	
1-13	54-59	Elias	
1-14	60-62	ad	
1-15	63-70	Eliseum	
1-16	71-72	:	
1-17	73-77	Sede	
1-18	78-81	hic	
1-19	81-82	,	
1-20	83-87	quia	
1-21	88-95	Dominus	
1-22	96-101	misit	
1-23	102-104	me	
1-24	105-107	in	
1-25	108-115	Jericho	
1-26	115-116	.	

#Text=Et ille ait : Vivit Dominus, et vivit anima tua, quia non derelinquam te.
2-1	117-119	Et	
2-2	120-124	ille	
2-3	125-128	ait	
2-4	129-130	:	
2-5	131-136	Vivit	
2-6	137-144	Dominus	
2-7	144-145	,	
2-8	146-148	et	
2-9	149-154	vivit	
2-10	155-160	anima	
2-11	161-164	tua	
2-12	164-165	,	
2-13	166-170	quia	
2-14	171-174	non	
2-15	175-186	derelinquam	
2-16	187-189	te	
2-17	189-190	.	

#Text=Cumque venissent Jericho, 5 accesserunt filii prophetarum qui erant in Jericho, ad Eliseum, et dixerunt ei : Numquid nosti quia Dominus hodie tollet dominum tuum a te ?
3-1	191-197	Cumque	
3-2	198-207	venissent	
3-3	208-215	Jericho	
3-4	215-216	,	
3-5	217-218	5	
3-6	219-230	accesserunt	
3-7	231-236	filii	
3-8	237-248	prophetarum	
3-9	249-252	qui	
3-10	253-258	erant	
3-11	259-261	in	
3-12	262-269	Jericho	
3-13	269-270	,	
3-14	271-273	ad	
3-15	274-281	Eliseum	
3-16	281-282	,	
3-17	283-285	et	
3-18	286-294	dixerunt	
3-19	295-297	ei	
3-20	298-299	:	
3-21	300-307	Numquid	
3-22	308-313	nosti	
3-23	314-318	quia	
3-24	319-326	Dominus	
3-25	327-332	hodie	
3-26	333-339	tollet	
3-27	340-347	dominum	
3-28	348-352	tuum	
3-29	353-354	a	
3-30	355-357	te	
3-31	358-359	?	

#Text=Et ait : Et ego novi : silete.
#Text=6 Dixit autem ei Elias : Sede hic, quia Dominus misit me usque ad Jordanem.
4-1	360-362	Et	
4-2	363-366	ait	
4-3	367-368	:	
4-4	369-371	Et	
4-5	372-375	ego	
4-6	376-380	novi	
4-7	381-382	:	
4-8	383-389	silete	
4-9	389-390	.	
4-10	391-392	6	
4-11	393-398	Dixit	
4-12	399-404	autem	
4-13	405-407	ei	
4-14	408-413	Elias	
4-15	414-415	:	
4-16	416-420	Sede	
4-17	421-424	hic	
4-18	424-425	,	
4-19	426-430	quia	
4-20	431-438	Dominus	
4-21	439-444	misit	
4-22	445-447	me	
4-23	448-453	usque	
4-24	454-456	ad	
4-25	457-465	Jordanem	
4-26	465-466	.	

#Text=Qui ait : Vivit Dominus, et vivit anima tua, quia non derelinquam te.
5-1	467-470	Qui	
5-2	471-474	ait	
5-3	475-476	:	
5-4	477-482	Vivit	
5-5	483-490	Dominus	
5-6	490-491	,	
5-7	492-494	et	
5-8	495-500	vivit	
5-9	501-506	anima	
5-10	507-510	tua	
5-11	510-511	,	
5-12	512-516	quia	
5-13	517-520	non	
5-14	521-532	derelinquam	
5-15	533-535	te	
5-16	535-536	.	

#Text=Ierunt igitur ambo pariter, 7 et quinquaginta viri de filiis prophetarum secuti sunt eos, qui et steterunt e contra, longe : illi autem ambo stabant super Jordanem.
#Text=8 Tulitque Elias pallium suum, et involvit illud, et percussit aquas : quæ divisæ sunt in utramque partem, et transierunt ambo per siccum.
#Text=9 Cumque transissent, Elias dixit ad Eliseum : Postula quod vis ut faciam tibi, antequam tollar a te.
6-1	537-543	Ierunt	
6-2	544-550	igitur	
6-3	551-555	ambo	
6-4	556-563	pariter	
6-5	563-564	,	
6-6	565-566	7	
6-7	567-569	et	
6-8	570-582	quinquaginta	
6-9	583-587	viri	
6-10	588-590	de	
6-11	591-597	filiis	
6-12	598-609	prophetarum	
6-13	610-616	secuti	
6-14	617-621	sunt	
6-15	622-625	eos	
6-16	625-626	,	
6-17	627-630	qui	
6-18	631-633	et	
6-19	634-643	steterunt	
6-20	644-645	e	
6-21	646-652	contra	
6-22	652-653	,	
6-23	654-659	longe	
6-24	660-661	:	
6-25	662-666	illi	
6-26	667-672	autem	
6-27	673-677	ambo	
6-28	678-685	stabant	
6-29	686-691	super	
6-30	692-700	Jordanem	
6-31	700-701	.	
6-32	702-703	8	
6-33	704-712	Tulitque	
6-34	713-718	Elias	
6-35	719-726	pallium	
6-36	727-731	suum	
6-37	731-732	,	
6-38	733-735	et	
6-39	736-744	involvit	
6-40	745-750	illud	
6-41	750-751	,	
6-42	752-754	et	
6-43	755-764	percussit	
6-44	765-770	aquas	
6-45	771-772	:	
6-46	773-776	quæ	
6-47	777-783	divisæ	
6-48	784-788	sunt	
6-49	789-791	in	
6-50	792-800	utramque	
6-51	801-807	partem	
6-52	807-808	,	
6-53	809-811	et	
6-54	812-823	transierunt	
6-55	824-828	ambo	
6-56	829-832	per	
6-57	833-839	siccum	
6-58	839-840	.	
6-59	841-842	9	
6-60	843-849	Cumque	
6-61	850-861	transissent	
6-62	861-862	,	
6-63	863-868	Elias	
6-64	869-874	dixit	
6-65	875-877	ad	
6-66	878-885	Eliseum	
6-67	886-887	:	
6-68	888-895	Postula	
6-69	896-900	quod	
6-70	901-904	vis	
6-71	905-907	ut	
6-72	908-914	faciam	
6-73	915-919	tibi	
6-74	919-920	,	
6-75	921-929	antequam	
6-76	930-936	tollar	
6-77	937-938	a	
6-78	939-941	te	
6-79	941-942	.	

#Text=Dixitque Eliseus : Obsecro ut fiat in me duplex spiritus tuus.
#Text=10 Qui respondit : Rem difficilem postulasti : attamen si videris me quando tollar a te, erit tibi quod petisti : si autem non videris, non erit.
#Text=11 Cumque pergerent, et incedentes sermocinarentur, ecce currus igneus, et equi ignei diviserunt utrumque : et ascendit Elias per turbinem in cælum.
#Text=12 Eliseus autem videbat, et clamabat : Pater mi, pater mi, currus Israël, et auriga ejus.
7-1	943-951	Dixitque	
7-2	952-959	Eliseus	
7-3	960-961	:	
7-4	962-969	Obsecro	
7-5	970-972	ut	
7-6	973-977	fiat	
7-7	978-980	in	
7-8	981-983	me	
7-9	984-990	duplex	
7-10	991-999	spiritus	
7-11	1000-1004	tuus	
7-12	1004-1005	.	
7-13	1006-1008	10	
7-14	1009-1012	Qui	
7-15	1013-1022	respondit	
7-16	1023-1024	:	
7-17	1025-1028	Rem	
7-18	1029-1039	difficilem	
7-19	1040-1050	postulasti	
7-20	1051-1052	:	
7-21	1053-1060	attamen	
7-22	1061-1063	si	
7-23	1064-1071	videris	
7-24	1072-1074	me	
7-25	1075-1081	quando	
7-26	1082-1088	tollar	
7-27	1089-1090	a	
7-28	1091-1093	te	
7-29	1093-1094	,	
7-30	1095-1099	erit	
7-31	1100-1104	tibi	
7-32	1105-1109	quod	
7-33	1110-1117	petisti	
7-34	1118-1119	:	
7-35	1120-1122	si	
7-36	1123-1128	autem	
7-37	1129-1132	non	
7-38	1133-1140	videris	
7-39	1140-1141	,	
7-40	1142-1145	non	
7-41	1146-1150	erit	
7-42	1150-1151	.	
7-43	1152-1154	11	
7-44	1155-1161	Cumque	
7-45	1162-1171	pergerent	
7-46	1171-1172	,	
7-47	1173-1175	et	
7-48	1176-1186	incedentes	
7-49	1187-1202	sermocinarentur	
7-50	1202-1203	,	
7-51	1204-1208	ecce	
7-52	1209-1215	currus	
7-53	1216-1222	igneus	
7-54	1222-1223	,	
7-55	1224-1226	et	
7-56	1227-1231	equi	
7-57	1232-1237	ignei	
7-58	1238-1248	diviserunt	
7-59	1249-1257	utrumque	
7-60	1258-1259	:	
7-61	1260-1262	et	
7-62	1263-1271	ascendit	
7-63	1272-1277	Elias	
7-64	1278-1281	per	
7-65	1282-1290	turbinem	
7-66	1291-1293	in	
7-67	1294-1299	cælum	
7-68	1299-1300	.	
7-69	1301-1303	12	
7-70	1304-1311	Eliseus	
7-71	1312-1317	autem	
7-72	1318-1325	videbat	
7-73	1325-1326	,	
7-74	1327-1329	et	
7-75	1330-1338	clamabat	
7-76	1339-1340	:	
7-77	1341-1346	Pater	
7-78	1347-1349	mi	
7-79	1349-1350	,	
7-80	1351-1356	pater	
7-81	1357-1359	mi	
7-82	1359-1360	,	
7-83	1361-1367	currus	
7-84	1368-1374	Israël	
7-85	1374-1375	,	
7-86	1376-1378	et	
7-87	1379-1385	auriga	
7-88	1386-1390	ejus	
7-89	1390-1391	.	

#Text=Et non vidit eum amplius : apprehenditque vestimenta sua, et scidit illa in duas partes.
#Text=13 Et levavit pallium Eliæ, quod ceciderat ei : reversusque stetit super ripam Jordanis, 14 et pallio Eliæ, quod ceciderat ei, percussit aquas, et non sunt divisæ : et dixit : Ubi est Deus Eliæ etiam nunc ?
8-1	1392-1394	Et	
8-2	1395-1398	non	
8-3	1399-1404	vidit	
8-4	1405-1408	eum	
8-5	1409-1416	amplius	
8-6	1417-1418	:	
8-7	1419-1433	apprehenditque	
8-8	1434-1444	vestimenta	
8-9	1445-1448	sua	
8-10	1448-1449	,	
8-11	1450-1452	et	
8-12	1453-1459	scidit	
8-13	1460-1464	illa	
8-14	1465-1467	in	
8-15	1468-1472	duas	
8-16	1473-1479	partes	
8-17	1479-1480	.	
8-18	1481-1483	13	
8-19	1484-1486	Et	
8-20	1487-1494	levavit	
8-21	1495-1502	pallium	
8-22	1503-1507	Eliæ	
8-23	1507-1508	,	
8-24	1509-1513	quod	
8-25	1514-1523	ceciderat	
8-26	1524-1526	ei	
8-27	1527-1528	:	
8-28	1529-1540	reversusque	
8-29	1541-1547	stetit	
8-30	1548-1553	super	
8-31	1554-1559	ripam	
8-32	1560-1568	Jordanis	
8-33	1568-1569	,	
8-34	1570-1572	14	
8-35	1573-1575	et	
8-36	1576-1582	pallio	
8-37	1583-1587	Eliæ	
8-38	1587-1588	,	
8-39	1589-1593	quod	
8-40	1594-1603	ceciderat	
8-41	1604-1606	ei	
8-42	1606-1607	,	
8-43	1608-1617	percussit	
8-44	1618-1623	aquas	
8-45	1623-1624	,	
8-46	1625-1627	et	
8-47	1628-1631	non	
8-48	1632-1636	sunt	
8-49	1637-1643	divisæ	
8-50	1644-1645	:	
8-51	1646-1648	et	
8-52	1649-1654	dixit	
8-53	1655-1656	:	
8-54	1657-1660	Ubi	
8-55	1661-1664	est	
8-56	1665-1669	Deus	
8-57	1670-1674	Eliæ	
8-58	1675-1680	etiam	
8-59	1681-1685	nunc	
8-60	1686-1687	?	

#Text=Percussitque aquas, et divisæ sunt huc atque illuc, et transiit Eliseus.
#Text=15 Videntes autem filii prophetarum qui erant in Jericho e contra, dixerunt : Requievit spiritus Eliæ super Eliseum.
9-1	1688-1700	Percussitque	
9-2	1701-1706	aquas	
9-3	1706-1707	,	
9-4	1708-1710	et	
9-5	1711-1717	divisæ	
9-6	1718-1722	sunt	
9-7	1723-1726	huc	
9-8	1727-1732	atque	
9-9	1733-1738	illuc	
9-10	1738-1739	,	
9-11	1740-1742	et	
9-12	1743-1751	transiit	
9-13	1752-1759	Eliseus	
9-14	1759-1760	.	
9-15	1761-1763	15	
9-16	1764-1772	Videntes	
9-17	1773-1778	autem	
9-18	1779-1784	filii	
9-19	1785-1796	prophetarum	
9-20	1797-1800	qui	
9-21	1801-1806	erant	
9-22	1807-1809	in	
9-23	1810-1817	Jericho	
9-24	1818-1819	e	
9-25	1820-1826	contra	
9-26	1826-1827	,	
9-27	1828-1836	dixerunt	
9-28	1837-1838	:	
9-29	1839-1848	Requievit	
9-30	1849-1857	spiritus	
9-31	1858-1862	Eliæ	
9-32	1863-1868	super	
9-33	1869-1876	Eliseum	
9-34	1876-1877	.	

#Text=Et venientes in occursum ejus, adoraverunt eum proni in terram, 16 dixeruntque illi : Ecce cum servis tuis sunt quinquaginta viri fortes qui possunt ire, et quærere dominum tuum, ne forte tulerit eum spiritus Domini, et projecerit eum in unum montium, aut in unam vallium.
10-1	1878-1880	Et	
10-2	1881-1890	venientes	
10-3	1891-1893	in	
10-4	1894-1902	occursum	
10-5	1903-1907	ejus	
10-6	1907-1908	,	
10-7	1909-1920	adoraverunt	
10-8	1921-1924	eum	
10-9	1925-1930	proni	
10-10	1931-1933	in	
10-11	1934-1940	terram	
10-12	1940-1941	,	
10-13	1942-1944	16	
10-14	1945-1956	dixeruntque	
10-15	1957-1961	illi	
10-16	1962-1963	:	
10-17	1964-1968	Ecce	
10-18	1969-1972	cum	
10-19	1973-1979	servis	
10-20	1980-1984	tuis	
10-21	1985-1989	sunt	
10-22	1990-2002	quinquaginta	
10-23	2003-2007	viri	
10-24	2008-2014	fortes	
10-25	2015-2018	qui	
10-26	2019-2026	possunt	
10-27	2027-2030	ire	
10-28	2030-2031	,	
10-29	2032-2034	et	
10-30	2035-2042	quærere	
10-31	2043-2050	dominum	
10-32	2051-2055	tuum	
10-33	2055-2056	,	
10-34	2057-2059	ne	
10-35	2060-2065	forte	
10-36	2066-2073	tulerit	
10-37	2074-2077	eum	
10-38	2078-2086	spiritus	
10-39	2087-2093	Domini	
10-40	2093-2094	,	
10-41	2095-2097	et	
10-42	2098-2108	projecerit	
10-43	2109-2112	eum	
10-44	2113-2115	in	
10-45	2116-2120	unum	
10-46	2121-2128	montium	
10-47	2128-2129	,	
10-48	2130-2133	aut	
10-49	2134-2136	in	
10-50	2137-2141	unam	
10-51	2142-2149	vallium	
10-52	2149-2150	.	

#Text=Qui ait : Nolite mittere.
11-1	2151-2154	Qui	
11-2	2155-2158	ait	
11-3	2159-2160	:	
11-4	2161-2167	Nolite	
11-5	2168-2175	mittere	
11-6	2175-2176	.	
