#FORMAT=WebAnno TSV 3.3
#T_SP=custom.Span|label
#T_RL=custom.Relation|label|BT_custom.Span


#Text=geeft mijn Nardus is een seer kostelick kruyt, met welckes olie, men de Princen ende treffelicke persoonen pleeght te overstorten, als sy over tafel saten.
1-1	2-7	geeft	_	_	_	
1-2	8-12	mijn	_	_	_	
1-3	13-19	Nardus	_	_	_	
1-4	20-22	is	_	_	_	
1-5	23-26	een	_	_	_	
1-6	27-31	seer	_	_	_	
1-7	32-41	kostelick	_	_	_	
1-8	42-47	kruyt	_	_	_	
1-9	47-48	,	_	_	_	
1-10	49-52	met	_	_	_	
1-11	53-60	welckes	_	_	_	
1-12	61-65	olie	_	_	_	
1-13	65-66	,	_	_	_	
1-14	67-70	men	_	_	_	
1-15	71-73	de	_	_	_	
1-16	74-81	Princen	_	_	_	
1-17	82-86	ende	_	_	_	
1-18	87-98	treffelicke	_	_	_	
1-19	99-108	persoonen	_	_	_	
1-20	109-116	pleeght	_	_	_	
1-21	117-119	te	_	_	_	
1-22	120-131	overstorten	_	_	_	
1-23	131-132	,	_	_	_	
1-24	133-136	als	_	_	_	
1-25	137-139	sy	_	_	_	
1-26	140-144	over	_	_	_	
1-27	145-150	tafel	_	_	_	
1-28	151-156	saten	_	_	_	
1-29	156-157	.	_	_	_	

#Text=Siet
#Text=Marc.
#Text=c. 14.
#Text=versen 3, 8.
2-1	158-162	Siet	_	_	_	
2-2	163-167	Marc	_	_	_	
2-3	167-168	.	_	_	_	
2-4	169-170	c	_	_	_	
2-5	170-171	.	_	_	_	
2-6	172-174	14	_	_	_	
2-7	174-175	.	_	_	_	
2-8	176-182	versen	_	_	_	
2-9	183-184	3	_	_	_	
2-10	184-185	,	_	_	_	
2-11	186-187	8	_	_	_	
2-12	187-188	.	_	_	_	

#Text=Ioan.
#Text=12.3, 7.
3-1	189-193	Ioan	_	_	_	
3-2	193-194	.	_	_	_	
3-3	195-199	12.3	_	_	_	
3-4	199-200	,	_	_	_	
3-5	201-202	7	_	_	_	
3-6	202-203	.	_	_	_	

#Text=Hier by wort de Heylige Geest vergeleken, van wegen sijne welrieckende gaven, dewelcke na Christi hemelvaert veel overvloediger zijn uytgestort, als daer te voren, Ioan.
#Text=7.39.
#Text=nardus sijnen reuck.
#Text=
#Text=13
#Text=D. de gedachtenisse van Christi liefde, die hy met sijn bitter lijden aen my is bewijsende, is my als een lieflick tuylken, ofte rieckerken van myrrhe, om mijn herte te verquicken.
4-1	204-208	Hier	_	_	_	
4-2	209-211	by	_	_	_	
4-3	212-216	wort	_	_	_	
4-4	217-219	de	_	_	_	
4-5	220-227	Heylige	_	_	_	
4-6	228-233	Geest	_	_	_	
4-7	234-244	vergeleken	_	_	_	
4-8	244-245	,	_	_	_	
4-9	246-249	van	_	_	_	
4-10	250-255	wegen	_	_	_	
4-11	256-261	sijne	_	_	_	
4-12	262-274	welrieckende	Quality	_	_	
4-13	275-280	gaven	Smell\_Source	*|*	4-12|4-15[1_0]	
4-14	280-281	,	_	_	_	
4-15	282-290	dewelcke	Effect[1]	_	_	
4-16	291-293	na	Effect[1]	_	_	
4-17	294-301	Christi	Effect[1]	_	_	
4-18	302-312	hemelvaert	Effect[1]	_	_	
4-19	313-317	veel	Effect[1]	_	_	
4-20	318-331	overvloediger	Effect[1]	_	_	
4-21	332-336	zijn	Effect[1]	_	_	
4-22	337-347	uytgestort	Effect[1]	_	_	
4-23	347-348	,	_	_	_	
4-24	349-352	als	_	_	_	
4-25	353-357	daer	_	_	_	
4-26	358-360	te	_	_	_	
4-27	361-366	voren	_	_	_	
4-28	366-367	,	_	_	_	
4-29	368-372	Ioan	_	_	_	
4-30	372-373	.	_	_	_	
4-31	374-378	7.39	_	_	_	
4-32	378-379	.	_	_	_	
4-33	380-386	nardus	Smell\_Source	*	4-40[2_0]	
4-34	387-393	sijnen	_	_	_	
4-35	394-399	reuck	Smell\_Word	_	_	
4-36	399-400	.	_	_	_	
4-37	402-404	13	_	_	_	
4-38	405-406	D	_	_	_	
4-39	406-407	.	_	_	_	
4-40	408-410	de	Effect[2]	_	_	
4-41	411-424	gedachtenisse	Effect[2]	_	_	
4-42	425-428	van	Effect[2]	_	_	
4-43	429-436	Christi	Effect[2]	_	_	
4-44	437-443	liefde	Effect[2]	_	_	
4-45	443-444	,	Effect[2]	_	_	
4-46	445-448	die	Effect[2]	_	_	
4-47	449-451	hy	Effect[2]	_	_	
4-48	452-455	met	Effect[2]	_	_	
4-49	456-460	sijn	Effect[2]	_	_	
4-50	461-467	bitter	Effect[2]	_	_	
4-51	468-474	lijden	Effect[2]	_	_	
4-52	475-478	aen	Effect[2]	_	_	
4-53	479-481	my	Effect[2]	_	_	
4-54	482-484	is	Effect[2]	_	_	
4-55	485-495	bewijsende	Effect[2]	_	_	
4-56	495-496	,	_	_	_	
4-57	497-499	is	_	_	_	
4-58	500-502	my	_	_	_	
4-59	503-506	als	_	_	_	
4-60	507-510	een	_	_	_	
4-61	511-519	lieflick	_	_	_	
4-62	520-527	tuylken	_	_	_	
4-63	527-528	,	_	_	_	
4-64	529-533	ofte	_	_	_	
4-65	534-544	rieckerken	*	_	_	
4-66	545-548	van	_	_	_	
4-67	549-555	myrrhe	Smell\_Source	*|*	4-69[3_0]|4-65	
4-68	555-556	,	_	_	_	
4-69	557-559	om	Effect[3]	_	_	
4-70	560-564	mijn	Effect[3]	_	_	
4-71	565-570	herte	Effect[3]	_	_	
4-72	571-573	te	Effect[3]	_	_	
4-73	574-584	verquicken	Effect[3]	_	_	
4-74	584-585	.	Effect[3]	_	_	

#Text=Myrrhe is een seer goede ende lieflicke specerije, droogue, ofte gomme, welcke eertijts gebruyckt wiert om de kleederen der Princen te parfumeeren, ende andersins.
5-1	586-592	Myrrhe	Smell\_Source	*|*	5-19[4_0]|5-7	
5-2	593-595	is	_	_	_	
5-3	596-599	een	_	_	_	
5-4	600-604	seer	_	_	_	
5-5	605-610	goede	_	_	_	
5-6	611-615	ende	_	_	_	
5-7	616-625	lieflicke	Quality	_	_	
5-8	626-635	specerije	_	_	_	
5-9	635-636	,	_	_	_	
5-10	637-644	droogue	_	_	_	
5-11	644-645	,	_	_	_	
5-12	646-650	ofte	_	_	_	
5-13	651-656	gomme	_	_	_	
5-14	656-657	,	_	_	_	
5-15	658-664	welcke	_	_	_	
5-16	665-673	eertijts	_	_	_	
5-17	674-683	gebruyckt	_	_	_	
5-18	684-689	wiert	_	_	_	
5-19	690-692	om	Effect[4]	_	_	
5-20	693-695	de	Effect[4]	_	_	
5-21	696-705	kleederen	Effect[4]	_	_	
5-22	706-709	der	Effect[4]	_	_	
5-23	710-717	Princen	Effect[4]	_	_	
5-24	718-720	te	Effect[4]	_	_	
5-25	721-732	parfumeeren	Effect[4]	_	_	
5-26	732-733	,	_	_	_	
5-27	734-738	ende	_	_	_	
5-28	739-748	andersins	_	_	_	
5-29	748-749	.	_	_	_	

#Text=Siet de aenteeckeninge Exod.
#Text=cap. 30. op vers 23.
#Text=ende Psalm 45.9.
6-1	750-754	Siet	_	_	_	
6-2	755-757	de	_	_	_	
6-3	758-772	aenteeckeninge	_	_	_	
6-4	773-777	Exod	_	_	_	
6-5	777-778	.	_	_	_	
6-6	779-782	cap	_	_	_	
6-7	782-783	.	_	_	_	
6-8	784-786	30	_	_	_	
6-9	786-787	.	_	_	_	
6-10	788-790	op	_	_	_	
6-11	791-795	vers	_	_	_	
6-12	796-798	23	_	_	_	
6-13	798-799	.	_	_	_	
6-14	800-804	ende	_	_	_	
6-15	805-810	Psalm	_	_	_	
6-16	811-815	45.9	_	_	_	
6-17	815-816	.	_	_	_	

#Text=Gemenght zijnde met wijn, maecktse eenen seer lieflicken dranck, om ’t herte te verstercken, ende ’t bloet te suyveren, soo Plinius getuyght.
7-1	817-825	Gemenght	_	_	_	
7-2	826-832	zijnde	_	_	_	
7-3	833-836	met	_	_	_	
7-4	837-841	wijn	_	_	_	
7-5	841-842	,	_	_	_	
7-6	843-851	maecktse	_	_	_	
7-7	852-857	eenen	_	_	_	
7-8	858-862	seer	_	_	_	
7-9	863-873	lieflicken	_	_	_	
7-10	874-880	dranck	_	_	_	
7-11	880-881	,	_	_	_	
7-12	882-884	om	_	_	_	
7-13	885-886	’	_	_	_	
7-14	886-887	t	_	_	_	
7-15	888-893	herte	_	_	_	
7-16	894-896	te	_	_	_	
7-17	897-908	verstercken	_	_	_	
7-18	908-909	,	_	_	_	
7-19	910-914	ende	_	_	_	
7-20	915-916	’	_	_	_	
7-21	916-917	t	_	_	_	
7-22	918-923	bloet	_	_	_	
7-23	924-926	te	_	_	_	
7-24	927-935	suyveren	_	_	_	
7-25	935-936	,	_	_	_	
7-26	937-940	soo	_	_	_	
7-27	941-948	Plinius	_	_	_	
7-28	949-957	getuyght	_	_	_	
7-29	957-958	.	_	_	_	

#Text=Sy wiert oock, nevens andre specerijen, gebruyckt om de doode lichamen te balsemen, Ioan.
#Text=19.
#Text=vers 39.
8-1	959-961	Sy	_	_	_	
8-2	962-967	wiert	_	_	_	
8-3	968-972	oock	_	_	_	
8-4	972-973	,	_	_	_	
8-5	974-980	nevens	_	_	_	
8-6	981-986	andre	_	_	_	
8-7	987-997	specerijen	_	_	_	
8-8	997-998	,	_	_	_	
8-9	999-1008	gebruyckt	_	_	_	
8-10	1009-1011	om	_	_	_	
8-11	1012-1014	de	_	_	_	
8-12	1015-1020	doode	_	_	_	
8-13	1021-1029	lichamen	_	_	_	
8-14	1030-1032	te	_	_	_	
8-15	1033-1041	balsemen	_	_	_	
8-16	1041-1042	,	_	_	_	
8-17	1043-1047	Ioan	_	_	_	
8-18	1047-1048	.	_	_	_	
8-19	1049-1051	19	_	_	_	
8-20	1051-1052	.	_	_	_	
8-21	1053-1057	vers	_	_	_	
8-22	1058-1060	39	_	_	_	
8-23	1060-1061	.	_	_	_	

#Text=In somma, het is een edel kruyt, ’t welck weerdigh is Koningen tot een present te schencken.
9-1	1062-1064	In	_	_	_	
9-2	1065-1070	somma	_	_	_	
9-3	1070-1071	,	_	_	_	
9-4	1072-1075	het	_	_	_	
9-5	1076-1078	is	_	_	_	
9-6	1079-1082	een	_	_	_	
9-7	1083-1087	edel	_	_	_	
9-8	1088-1093	kruyt	_	_	_	
9-9	1093-1094	,	_	_	_	
9-10	1095-1096	’	_	_	_	
9-11	1096-1097	t	_	_	_	
9-12	1098-1103	welck	_	_	_	
9-13	1104-1112	weerdigh	_	_	_	
9-14	1113-1115	is	_	_	_	
9-15	1116-1124	Koningen	_	_	_	
9-16	1125-1128	tot	_	_	_	
9-17	1129-1132	een	_	_	_	
9-18	1133-1140	present	_	_	_	
9-19	1141-1143	te	_	_	_	
9-20	1144-1153	schencken	_	_	_	
9-21	1153-1154	.	_	_	_	
