#FORMAT=WebAnno TSV 3.3
#T_SP=custom.Span|label
#T_RL=custom.Relation|label|BT_custom.Span


#Text=Nam omnes depingere, fuerat infinitum.
1-1	2-5	Nam	_	_	_	
1-2	6-11	omnes	_	_	_	
1-3	12-21	depingere	_	_	_	
1-4	21-22	,	_	_	_	
1-5	23-29	fuerat	_	_	_	
1-6	30-39	infinitum	_	_	_	
1-7	39-40	.	_	_	_	

#Text=Christus primum habet locum, porrecta manu sedens in monte.
2-1	41-49	Christus	_	_	_	
2-2	50-56	primum	_	_	_	
2-3	57-62	habet	_	_	_	
2-4	63-68	locum	_	_	_	
2-5	68-69	,	_	_	_	
2-6	70-78	porrecta	_	_	_	
2-7	79-83	manu	_	_	_	
2-8	84-90	sedens	_	_	_	
2-9	91-93	in	_	_	_	
2-10	94-99	monte	_	_	_	
2-11	99-100	.	_	_	_	

#Text=Capiti imminet pater, dicens: Ipsum audite.
3-1	101-107	Capiti	_	_	_	
3-2	108-115	imminet	_	_	_	
3-3	116-121	pater	_	_	_	
3-4	121-122	,	_	_	_	
3-5	123-129	dicens	_	_	_	
3-6	129-130	:	_	_	_	
3-7	131-136	Ipsum	_	_	_	
3-8	137-143	audite	_	_	_	
3-9	143-144	.	_	_	_	

#Text=Spiritus sanctus expansis alis multa luce complectitur illum.
#Text=ti.
4-1	145-153	Spiritus	_	_	_	
4-2	154-161	sanctus	_	_	_	
4-3	162-170	expansis	_	_	_	
4-4	171-175	alis	_	_	_	
4-5	176-181	multa	_	_	_	
4-6	182-186	luce	_	_	_	
4-7	187-199	complectitur	_	_	_	
4-8	200-205	illum	_	_	_	
4-9	205-206	.	_	_	_	
4-10	207-209	ti	_	_	_	
4-11	209-210	.	_	_	_	

#Text=Opus, ita me Deus bene amet, Apelle dignum.
#Text=eu.
5-1	211-215	Opus	_	_	_	
5-2	215-216	,	_	_	_	
5-3	217-220	ita	_	_	_	
5-4	221-223	me	_	_	_	
5-5	224-228	Deus	_	_	_	
5-6	229-233	bene	_	_	_	
5-7	234-238	amet	_	_	_	
5-8	238-239	,	_	_	_	
5-9	240-246	Apelle	_	_	_	
5-10	247-253	dignum	_	_	_	
5-11	253-254	.	_	_	_	
5-12	255-257	eu	_	_	_	
5-13	257-258	.	_	_	_	

#Text=Adiunctum est bibliothecae museion quoddam angustum, sed elegans, quod submota tabula ostendit foculum, si quid offenderit frigus.
6-1	259-268	Adiunctum	_	_	_	
6-2	269-272	est	_	_	_	
6-3	273-285	bibliothecae	Location[1]	_	_	
6-4	286-293	museion	Location[1]	_	_	
6-5	294-301	quoddam	Location[1]	_	_	
6-6	302-310	angustum	Location[1]	_	_	
6-7	310-311	,	_	_	_	
6-8	312-315	sed	_	_	_	
6-9	316-323	elegans	_	_	_	
6-10	323-324	,	_	_	_	
6-11	325-329	quod	_	_	_	
6-12	330-337	submota	_	_	_	
6-13	338-344	tabula	_	_	_	
6-14	345-353	ostendit	_	_	_	
6-15	354-361	foculum	_	_	_	
6-16	361-362	,	_	_	_	
6-17	363-365	si	_	_	_	
6-18	366-370	quid	_	_	_	
6-19	371-381	offenderit	_	_	_	
6-20	382-388	frigus	_	_	_	
6-21	388-389	.	_	_	_	

#Text=In aestate videtur solidus paries.
#Text=ti.
7-1	390-392	In	_	_	_	
7-2	393-400	aestate	_	_	_	
7-3	401-408	videtur	_	_	_	
7-4	409-416	solidus	_	_	_	
7-5	417-423	paries	_	_	_	
7-6	423-424	.	_	_	_	
7-7	425-427	ti	_	_	_	
7-8	427-428	.	_	_	_	

#Text=Hic mihi gemmea videntur omnia.
8-1	429-432	Hic	Location	Anaphoric	6-3[1_0]	
8-2	433-437	mihi	_	_	_	
8-3	438-444	gemmea	_	_	_	
8-4	445-453	videntur	_	_	_	
8-5	454-459	omnia	_	_	_	
8-6	459-460	.	_	_	_	

#Text=Est et mira odoris gratia.
#Text=eu.
9-1	461-464	Est	_	_	_	
9-2	465-467	et	_	_	_	
9-3	468-472	mira	Quality	_	_	
9-4	473-479	odoris	Smell\_Word	*|*	9-5|8-1	
9-5	480-486	gratia	Quality	Same\_span	9-3	
9-6	486-487	.	_	_	_	
9-7	488-490	eu	_	_	_	
9-8	490-491	.	_	_	_	

#Text=Hoc mihi praecipue studio est, ut niteat domus, et bene oleat.
10-1	492-495	Hoc	_	_	_	
10-2	496-500	mihi	_	_	_	
10-3	501-510	praecipue	_	_	_	
10-4	511-517	studio	_	_	_	
10-5	518-521	est	_	_	_	
10-6	521-522	,	_	_	_	
10-7	523-525	ut	_	_	_	
10-8	526-532	niteat	_	_	_	
10-9	533-538	domus	Smell\_Source	_	_	
10-10	538-539	,	_	_	_	
10-11	540-542	et	_	_	_	
10-12	543-547	bene	Quality	_	_	
10-13	548-553	oleat	Smell\_Word	*|*	10-12|10-9	
10-14	553-554	.	_	_	_	

#Text=Utraque res minimo constat.
11-1	555-562	Utraque	_	_	_	
11-2	563-566	res	_	_	_	
11-3	567-573	minimo	_	_	_	
11-4	574-581	constat	_	_	_	
11-5	581-582	.	_	_	_	

#Text=Habet bibliotheca suum ambulacrum pensile, spectans in hortum; et huic adhaeret sacellum.
#Text=ti.
12-1	583-588	Habet	_	_	_	
12-2	589-600	bibliotheca	_	_	_	
12-3	601-605	suum	_	_	_	
12-4	606-616	ambulacrum	_	_	_	
12-5	617-624	pensile	_	_	_	
12-6	624-625	,	_	_	_	
12-7	626-634	spectans	_	_	_	
12-8	635-637	in	_	_	_	
12-9	638-644	hortum	_	_	_	
12-10	644-645	;	_	_	_	
12-11	646-648	et	_	_	_	
12-12	649-653	huic	_	_	_	
12-13	654-662	adhaeret	_	_	_	
12-14	663-671	sacellum	_	_	_	
12-15	671-672	.	_	_	_	
12-16	673-675	ti	_	_	_	
12-17	675-676	.	_	_	_	

#Text=Locus numine dignus.
#Text=eu.
13-1	677-682	Locus	_	_	_	
13-2	683-689	numine	_	_	_	
13-3	690-696	dignus	_	_	_	
13-4	696-697	.	_	_	_	
13-5	698-700	eu	_	_	_	
13-6	700-701	.	_	_	_	

#Text=Nunc adeamus illa tria ambulacra, quae imminent iis, quae vidistis ad hortum domesticum spectantia.
14-1	702-706	Nunc	_	_	_	
14-2	707-714	adeamus	_	_	_	
14-3	715-719	illa	_	_	_	
14-4	720-724	tria	_	_	_	
14-5	725-734	ambulacra	_	_	_	
14-6	734-735	,	_	_	_	
14-7	736-740	quae	_	_	_	
14-8	741-749	imminent	_	_	_	
14-9	750-753	iis	_	_	_	
14-10	753-754	,	_	_	_	
14-11	755-759	quae	_	_	_	
14-12	760-768	vidistis	_	_	_	
14-13	769-771	ad	_	_	_	
14-14	772-778	hortum	_	_	_	
14-15	779-789	domesticum	_	_	_	
14-16	790-800	spectantia	_	_	_	
14-17	800-801	.	_	_	_	

#Text=In his superioribus utroque prospectus est, sed per fenestras, quae possunt occludi, praesertim in his parietibus, qui non spectant hortum interiorem, quo domus sit tutior.
15-1	802-804	In	_	_	_	
15-2	805-808	his	_	_	_	
15-3	809-821	superioribus	_	_	_	
15-4	822-829	utroque	_	_	_	
15-5	830-840	prospectus	_	_	_	
15-6	841-844	est	_	_	_	
15-7	844-845	,	_	_	_	
15-8	846-849	sed	_	_	_	
15-9	850-853	per	_	_	_	
15-10	854-863	fenestras	_	_	_	
15-11	863-864	,	_	_	_	
15-12	865-869	quae	_	_	_	
15-13	870-877	possunt	_	_	_	
15-14	878-885	occludi	_	_	_	
15-15	885-886	,	_	_	_	
15-16	887-897	praesertim	_	_	_	
15-17	898-900	in	_	_	_	
15-18	901-904	his	_	_	_	
15-19	905-915	parietibus	_	_	_	
15-20	915-916	,	_	_	_	
15-21	917-920	qui	_	_	_	
15-22	921-924	non	_	_	_	
15-23	925-933	spectant	_	_	_	
15-24	934-940	hortum	_	_	_	
15-25	941-951	interiorem	_	_	_	
15-26	951-952	,	_	_	_	
15-27	953-956	quo	_	_	_	
15-28	957-962	domus	_	_	_	
15-29	963-966	sit	_	_	_	
15-30	967-973	tutior	_	_	_	
15-31	973-974	.	_	_	_	

#Text=Hic ad laevam, quia plus est lucis, et paries raris fenestris interruptus, ordine depicta est tota vita Iesu ex narratione quatuor Evangelistarum, usque ad missum Spiritum sanctum, et primam praedicationem Apostolorum ex Actis.
16-1	975-978	Hic	_	_	_	
16-2	979-981	ad	_	_	_	
16-3	982-988	laevam	_	_	_	
16-4	988-989	,	_	_	_	
16-5	990-994	quia	_	_	_	
16-6	995-999	plus	_	_	_	
16-7	1000-1003	est	_	_	_	
16-8	1004-1009	lucis	_	_	_	
16-9	1009-1010	,	_	_	_	
16-10	1011-1013	et	_	_	_	
16-11	1014-1020	paries	_	_	_	
16-12	1021-1026	raris	_	_	_	
16-13	1027-1036	fenestris	_	_	_	
16-14	1037-1048	interruptus	_	_	_	
16-15	1048-1049	,	_	_	_	
16-16	1050-1056	ordine	_	_	_	
16-17	1057-1064	depicta	_	_	_	
16-18	1065-1068	est	_	_	_	
16-19	1069-1073	tota	_	_	_	
16-20	1074-1078	vita	_	_	_	
16-21	1079-1083	Iesu	_	_	_	
16-22	1084-1086	ex	_	_	_	
16-23	1087-1097	narratione	_	_	_	
16-24	1098-1105	quatuor	_	_	_	
16-25	1106-1120	Evangelistarum	_	_	_	
16-26	1120-1121	,	_	_	_	
16-27	1122-1127	usque	_	_	_	
16-28	1128-1130	ad	_	_	_	
16-29	1131-1137	missum	_	_	_	
16-30	1138-1146	Spiritum	_	_	_	
16-31	1147-1154	sanctum	_	_	_	
16-32	1154-1155	,	_	_	_	
16-33	1156-1158	et	_	_	_	
16-34	1159-1165	primam	_	_	_	
16-35	1166-1180	praedicationem	_	_	_	
16-36	1181-1192	Apostolorum	_	_	_	
16-37	1193-1195	ex	_	_	_	
16-38	1196-1201	Actis	_	_	_	
16-39	1201-1202	.	_	_	_	
