#FORMAT=WebAnno TSV 3.3
#T_SP=custom.Span|label
#T_RL=custom.Relation|label|BT_custom.Span


#Text=Beyde Baͤume wachſen in den Schwei-
#Text=tzeriſchen/ Schwaͤbiſchen und anderen Ge-
#Text=buͤrgen/ ſo wol Teutſchlands/ als anderer
#Text=
#Text=Laͤnderen Europæ, haͤuffig.
1-1	5-10	Beyde	_	_	_	
1-2	11-17	Baͤume	_	_	_	
1-3	18-25	wachſen	_	_	_	
1-4	26-28	in	_	_	_	
1-5	29-32	den	_	_	_	
1-6	33-39	Schwei	_	_	_	
1-7	39-40	-	_	_	_	
1-8	41-51	tzeriſchen	_	_	_	
1-9	51-52	/	_	_	_	
1-10	53-66	Schwaͤbiſchen	_	_	_	
1-11	67-70	und	_	_	_	
1-12	71-78	anderen	_	_	_	
1-13	79-81	Ge	_	_	_	
1-14	81-82	-	_	_	_	
1-15	83-90	buͤrgen	_	_	_	
1-16	90-91	/	_	_	_	
1-17	92-94	ſo	_	_	_	
1-18	95-98	wol	_	_	_	
1-19	99-111	Teutſchlands	_	_	_	
1-20	111-112	/	_	_	_	
1-21	113-116	als	_	_	_	
1-22	117-124	anderer	_	_	_	
1-23	126-135	Laͤnderen	_	_	_	
1-24	136-142	Europæ	_	_	_	
1-25	142-143	,	_	_	_	
1-26	144-152	haͤuffig	_	_	_	
1-27	152-153	.	_	_	_	

#Text=Gruͤnen ſtaͤts/
#Text=ſtoſſen aber im Meyen/ wenn die newen
#Text=blaͤtter herfuͤrtrucken/ die alten hinweg.
2-1	154-161	Gruͤnen	_	_	_	
2-2	162-168	ſtaͤts	_	_	_	
2-3	168-169	/	_	_	_	
2-4	170-177	ſtoſſen	_	_	_	
2-5	178-182	aber	_	_	_	
2-6	183-185	im	_	_	_	
2-7	186-191	Meyen	_	_	_	
2-8	191-192	/	_	_	_	
2-9	193-197	wenn	_	_	_	
2-10	198-201	die	_	_	_	
2-11	202-207	newen	_	_	_	
2-12	208-216	blaͤtter	_	_	_	
2-13	217-231	herfuͤrtrucken	_	_	_	
2-14	231-232	/	_	_	_	
2-15	233-236	die	_	_	_	
2-16	237-242	alten	_	_	_	
2-17	243-249	hinweg	_	_	_	
2-18	249-250	.	_	_	_	

#Text=Sie geben auch viel hartz von ſich/
#Text=welches
#Text=an etlichen Baͤumen von ſelbſten herauß
#Text=quillet/ und an denſelben groſſe baͤulen/
#Text=ſo
#Text=man Thannen-blatteren nennet/ auffwirffet/
#Text=
#Text=welche voll klares lauteren hartzes ſtecken/
#Text=ſo
#Text=ſich dem Terbenthin vergleicht/ und von
#Text=den Weidleuthen geſamlet wird/ zu heilung
#Text=allerhand Wunden und Schaͤden;
#Text=das/ ſo
#Text=auß dem weiſſen Thannen ſchwitzt/ riecht
#Text=lieblich/ iſt lauter faſt wie Weyrauch/ und
#Text=wird ins gem ein weiß hartz genennet.
3-1	253-256	Sie	_	_	_	
3-2	257-262	geben	_	_	_	
3-3	263-267	auch	_	_	_	
3-4	268-272	viel	_	_	_	
3-5	273-278	hartz	Smell\_Source	_	_	
3-6	279-282	von	_	_	_	
3-7	283-287	ſich	_	_	_	
3-8	287-288	/	_	_	_	
3-9	289-296	welches	_	_	_	
3-10	297-299	an	_	_	_	
3-11	300-308	etlichen	_	_	_	
3-12	309-316	Baͤumen	_	_	_	
3-13	317-320	von	_	_	_	
3-14	321-329	ſelbſten	_	_	_	
3-15	330-336	herauß	_	_	_	
3-16	337-344	quillet	_	_	_	
3-17	344-345	/	_	_	_	
3-18	346-349	und	_	_	_	
3-19	350-352	an	_	_	_	
3-20	353-362	denſelben	_	_	_	
3-21	363-369	groſſe	_	_	_	
3-22	370-377	baͤulen	_	_	_	
3-23	377-378	/	_	_	_	
3-24	379-381	ſo	_	_	_	
3-25	382-385	man	_	_	_	
3-26	386-403	Thannen-blatteren	_	_	_	
3-27	404-410	nennet	_	_	_	
3-28	410-411	/	_	_	_	
3-29	412-423	auffwirffet	_	_	_	
3-30	423-424	/	_	_	_	
3-31	426-432	welche	_	_	_	
3-32	433-437	voll	_	_	_	
3-33	438-444	klares	_	_	_	
3-34	445-453	lauteren	_	_	_	
3-35	454-461	hartzes	_	_	_	
3-36	462-469	ſtecken	_	_	_	
3-37	469-470	/	_	_	_	
3-38	471-473	ſo	_	_	_	
3-39	474-478	ſich	_	_	_	
3-40	479-482	dem	_	_	_	
3-41	483-493	Terbenthin	_	_	_	
3-42	494-504	vergleicht	_	_	_	
3-43	504-505	/	_	_	_	
3-44	506-509	und	_	_	_	
3-45	510-513	von	_	_	_	
3-46	514-517	den	_	_	_	
3-47	518-529	Weidleuthen	_	_	_	
3-48	530-538	geſamlet	_	_	_	
3-49	539-543	wird	_	_	_	
3-50	543-544	/	_	_	_	
3-51	545-547	zu	_	_	_	
3-52	548-555	heilung	_	_	_	
3-53	556-565	allerhand	_	_	_	
3-54	566-572	Wunden	_	_	_	
3-55	573-576	und	_	_	_	
3-56	577-585	Schaͤden	_	_	_	
3-57	585-586	;	_	_	_	
3-58	587-590	das	_	_	_	
3-59	590-591	/	_	_	_	
3-60	592-594	ſo	_	_	_	
3-61	595-598	auß	Location[1]	_	_	
3-62	599-602	dem	Location[1]	_	_	
3-63	603-610	weiſſen	Location[1]	_	_	
3-64	611-618	Thannen	Location[1]	_	_	
3-65	619-627	ſchwitzt	_	_	_	
3-66	627-628	/	_	_	_	
3-67	629-635	riecht	Smell\_Word	*|*|*	3-68|3-5|3-61[1_0]	
3-68	636-644	lieblich	Quality	_	_	
3-69	644-645	/	_	_	_	
3-70	646-649	iſt	_	_	_	
3-71	650-656	lauter	_	_	_	
3-72	657-661	faſt	_	_	_	
3-73	662-665	wie	_	_	_	
3-74	666-674	Weyrauch	_	_	_	
3-75	674-675	/	_	_	_	
3-76	676-679	und	_	_	_	
3-77	680-684	wird	_	_	_	
3-78	685-688	ins	_	_	_	
3-79	689-692	gem	_	_	_	
3-80	693-696	ein	_	_	_	
3-81	697-701	weiß	_	_	_	
3-82	702-707	hartz	_	_	_	
3-83	708-716	genennet	_	_	_	
3-84	716-717	.	_	_	_	

#Text=Son-
#Text=
#Text=ſten pfleget man das hartz auf folgende wei-
#Text=ſe zu ſamlen.
4-1	718-721	Son	_	_	_	
4-2	721-722	-	_	_	_	
4-3	724-728	ſten	_	_	_	
4-4	729-736	pfleget	_	_	_	
4-5	737-740	man	_	_	_	
4-6	741-744	das	_	_	_	
4-7	745-750	hartz	_	_	_	
4-8	751-754	auf	_	_	_	
4-9	755-763	folgende	_	_	_	
4-10	764-767	wei	_	_	_	
4-11	767-768	-	_	_	_	
4-12	769-771	ſe	_	_	_	
4-13	772-774	zu	_	_	_	
4-14	775-781	ſamlen	_	_	_	
4-15	781-782	.	_	_	_	

#Text=Jn dem abnehmenden Mond deß Mo-
#Text=nats Mey/ ſchneiden die Bauren an dem
#Text=Stammen dieſer Baͤumen/
#Text=ſo hoch ſie mit
#Text=der Axt langen koͤnnen/ die Rinden zwey
#Text=biß drey Finger breit ein/ und reiſſen alſo biß
#Text=
#Text=zwey ſchuhe hoch von der Erden/ die Rin-
#Text=den in bemelter breite herunder/ laſſen her-
#Text=nacher einer hand breit Rinden ſtehn/ ſchnei-
#Text=den demnach wider ein paar fingers breit
#Text=ein/ und reiſſen den Riemen biß unden
#Text=her-
#Text=ab;
#Text=und fahren alſo
#Text=biß rings
5-1	786-788	Jn	_	_	_	
5-2	789-792	dem	_	_	_	
5-3	793-804	abnehmenden	_	_	_	
5-4	805-809	Mond	_	_	_	
5-5	810-813	deß	_	_	_	
5-6	814-816	Mo	_	_	_	
5-7	816-817	-	_	_	_	
5-8	818-822	nats	_	_	_	
5-9	823-826	Mey	_	_	_	
5-10	826-827	/	_	_	_	
5-11	828-837	ſchneiden	_	_	_	
5-12	838-841	die	_	_	_	
5-13	842-848	Bauren	_	_	_	
5-14	849-851	an	_	_	_	
5-15	852-855	dem	_	_	_	
5-16	856-863	Stammen	_	_	_	
5-17	864-870	dieſer	_	_	_	
5-18	871-878	Baͤumen	_	_	_	
5-19	878-879	/	_	_	_	
5-20	880-882	ſo	_	_	_	
5-21	883-887	hoch	_	_	_	
5-22	888-891	ſie	_	_	_	
5-23	892-895	mit	_	_	_	
5-24	896-899	der	_	_	_	
5-25	900-903	Axt	_	_	_	
5-26	904-910	langen	_	_	_	
5-27	911-918	koͤnnen	_	_	_	
5-28	918-919	/	_	_	_	
5-29	920-923	die	_	_	_	
5-30	924-930	Rinden	_	_	_	
5-31	931-935	zwey	_	_	_	
5-32	936-939	biß	_	_	_	
5-33	940-944	drey	_	_	_	
5-34	945-951	Finger	_	_	_	
5-35	952-957	breit	_	_	_	
5-36	958-961	ein	_	_	_	
5-37	961-962	/	_	_	_	
5-38	963-966	und	_	_	_	
5-39	967-974	reiſſen	_	_	_	
5-40	975-979	alſo	_	_	_	
5-41	980-983	biß	_	_	_	
5-42	985-989	zwey	_	_	_	
5-43	990-996	ſchuhe	_	_	_	
5-44	997-1001	hoch	_	_	_	
5-45	1002-1005	von	_	_	_	
5-46	1006-1009	der	_	_	_	
5-47	1010-1015	Erden	_	_	_	
5-48	1015-1016	/	_	_	_	
5-49	1017-1020	die	_	_	_	
5-50	1021-1024	Rin	_	_	_	
5-51	1024-1025	-	_	_	_	
5-52	1026-1029	den	_	_	_	
5-53	1030-1032	in	_	_	_	
5-54	1033-1041	bemelter	_	_	_	
5-55	1042-1048	breite	_	_	_	
5-56	1049-1057	herunder	_	_	_	
5-57	1057-1058	/	_	_	_	
5-58	1059-1065	laſſen	_	_	_	
5-59	1066-1069	her	_	_	_	
5-60	1069-1070	-	_	_	_	
5-61	1071-1077	nacher	_	_	_	
5-62	1078-1083	einer	_	_	_	
5-63	1084-1088	hand	_	_	_	
5-64	1089-1094	breit	_	_	_	
5-65	1095-1101	Rinden	_	_	_	
5-66	1102-1107	ſtehn	_	_	_	
5-67	1107-1108	/	_	_	_	
5-68	1109-1115	ſchnei	_	_	_	
5-69	1115-1116	-	_	_	_	
5-70	1117-1120	den	_	_	_	
5-71	1121-1128	demnach	_	_	_	
5-72	1129-1134	wider	_	_	_	
5-73	1135-1138	ein	_	_	_	
5-74	1139-1143	paar	_	_	_	
5-75	1144-1151	fingers	_	_	_	
5-76	1152-1157	breit	_	_	_	
5-77	1158-1161	ein	_	_	_	
5-78	1161-1162	/	_	_	_	
5-79	1163-1166	und	_	_	_	
5-80	1167-1174	reiſſen	_	_	_	
5-81	1175-1178	den	_	_	_	
5-82	1179-1185	Riemen	_	_	_	
5-83	1186-1189	biß	_	_	_	
5-84	1190-1195	unden	_	_	_	
5-85	1196-1199	her	_	_	_	
5-86	1199-1200	-	_	_	_	
5-87	1201-1203	ab	_	_	_	
5-88	1203-1204	;	_	_	_	
5-89	1205-1208	und	_	_	_	
5-90	1209-1215	fahren	_	_	_	
5-91	1216-1220	alſo	_	_	_	
5-92	1221-1224	biß	_	_	_	
5-93	1225-1230	rings	_	_	_	
