#FORMAT=WebAnno TSV 3.3


#Text=eenige aan een watervalletje zich wassende;
#Text=andere zich
#Text=in de schaduwe van een fontein, of lommer der boomen te slaapen leggende.
1-1	2-8	eenige	
1-2	9-12	aan	
1-3	13-16	een	
1-4	17-30	watervalletje	
1-5	31-35	zich	
1-6	36-44	wassende	
1-7	44-45	;	
1-8	46-52	andere	
1-9	53-57	zich	
1-10	58-60	in	
1-11	61-63	de	
1-12	64-72	schaduwe	
1-13	73-76	van	
1-14	77-80	een	
1-15	81-88	fontein	
1-16	88-89	,	
1-17	90-92	of	
1-18	93-99	lommer	
1-19	100-103	der	
1-20	104-110	boomen	
1-21	111-113	te	
1-22	114-121	slaapen	
1-23	122-130	leggende	
1-24	130-131	.	

#Text=Ondertusschen zyn hunne beesten met hoopen hier en daar verspreid, weidende
#Text=in het groene gras.
2-1	133-146	Ondertusschen	
2-2	147-150	zyn	
2-3	151-156	hunne	
2-4	157-164	beesten	
2-5	165-168	met	
2-6	169-175	hoopen	
2-7	176-180	hier	
2-8	181-183	en	
2-9	184-188	daar	
2-10	189-198	verspreid	
2-11	198-199	,	
2-12	200-208	weidende	
2-13	209-211	in	
2-14	212-215	het	
2-15	216-222	groene	
2-16	223-227	gras	
2-17	227-228	.	

#Text=Zommige kaauwen eenige kruiden, om verkoelinge te zoeken;
#Text=
#Text=terwyl andere aan een rivier staan te drinken.
3-1	229-236	Zommige	
3-2	237-244	kaauwen	
3-3	245-251	eenige	
3-4	252-259	kruiden	
3-5	259-260	,	
3-6	261-263	om	
3-7	264-275	verkoelinge	
3-8	276-278	te	
3-9	279-285	zoeken	
3-10	285-286	;	
3-11	288-294	terwyl	
3-12	295-301	andere	
3-13	302-305	aan	
3-14	306-309	een	
3-15	310-316	rivier	
3-16	317-322	staan	
3-17	323-325	te	
3-18	326-333	drinken	
3-19	333-334	.	

#Text=Ook ziet men 'er eenige in de schaduwe
#Text=leggen.
4-1	335-338	Ook	
4-2	339-343	ziet	
4-3	344-347	men	
4-4	348-349	'	
4-5	349-351	er	
4-6	352-358	eenige	
4-7	359-361	in	
4-8	362-364	de	
4-9	365-373	schaduwe	
4-10	374-380	leggen	
4-11	380-381	.	

#Text=In een mistig weêr, daar de hoeders hunne kudden na huis toe dryyen; gaande
#Text=schroomachtig, met het hoofd in de schouders getrokken, en vooruit steekende;
#Text=
#Text=snel toekykende of 'er ook ergens een schaap of geit door de mist afgedwaald mogt
#Text=weezen:
#Text=waarom zy zich, voor, achter, en overal digt aan elkanderen houden.
5-1	384-386	In	
5-2	387-390	een	
5-3	391-397	mistig	
5-4	398-402	weêr	
5-5	402-403	,	
5-6	404-408	daar	
5-7	409-411	de	
5-8	412-419	hoeders	
5-9	420-425	hunne	
5-10	426-432	kudden	
5-11	433-435	na	
5-12	436-440	huis	
5-13	441-444	toe	
5-14	445-451	dryyen	
5-15	451-452	;	
5-16	453-459	gaande	
5-17	460-473	schroomachtig	
5-18	473-474	,	
5-19	475-478	met	
5-20	479-482	het	
5-21	483-488	hoofd	
5-22	489-491	in	
5-23	492-494	de	
5-24	495-504	schouders	
5-25	505-514	getrokken	
5-26	514-515	,	
5-27	516-518	en	
5-28	519-526	vooruit	
5-29	527-536	steekende	
5-30	536-537	;	
5-31	539-543	snel	
5-32	544-554	toekykende	
5-33	555-557	of	
5-34	558-559	'	
5-35	559-561	er	
5-36	562-565	ook	
5-37	566-572	ergens	
5-38	573-576	een	
5-39	577-583	schaap	
5-40	584-586	of	
5-41	587-591	geit	
5-42	592-596	door	
5-43	597-599	de	
5-44	600-604	mist	
5-45	605-615	afgedwaald	
5-46	616-620	mogt	
5-47	621-627	weezen	
5-48	627-628	:	
5-49	629-635	waarom	
5-50	636-638	zy	
5-51	639-643	zich	
5-52	643-644	,	
5-53	645-649	voor	
5-54	649-650	,	
5-55	651-657	achter	
5-56	657-658	,	
5-57	659-661	en	
5-58	662-668	overal	
5-59	669-673	digt	
5-60	674-677	aan	
5-61	678-688	elkanderen	
5-62	689-695	houden	
5-63	695-696	.	

#Text=De
#Text=jonge dochters, agter aan volgende, hebben doekjes of sluijers over het hoofd;
#Text=zommige den neus daar mede stoppende, om de stank van de mist.
6-1	697-699	De	
6-2	700-705	jonge	
6-3	706-714	dochters	
6-4	714-715	,	
6-5	716-721	agter	
6-6	722-725	aan	
6-7	726-734	volgende	
6-8	734-735	,	
6-9	736-742	hebben	
6-10	743-750	doekjes	
6-11	751-753	of	
6-12	754-762	sluijers	
6-13	763-767	over	
6-14	768-771	het	
6-15	772-777	hoofd	
6-16	777-778	;	
6-17	779-786	zommige	
6-18	787-790	den	
6-19	791-795	neus	
6-20	796-800	daar	
6-21	801-805	mede	
6-22	806-815	stoppende	
6-23	815-816	,	
6-24	817-819	om	
6-25	820-822	de	
6-26	823-828	stank	
6-27	829-832	van	
6-28	833-835	de	
6-29	836-840	mist	
6-30	840-841	.	

#Text=Gérard de Lairesse, Groot schilderboek
#Text=
#Text=\f251
#Text=
#Text=
#Text=Van de gesteltenis der Lucht, of des Hemels.
7-1	844-850	Gérard	
7-2	851-853	de	
7-3	854-862	Lairesse	
7-4	862-863	,	
7-5	864-869	Groot	
7-6	870-882	schilderboek	
7-7	885-888	251	
7-8	891-894	Van	
7-9	895-897	de	
7-10	898-909	gesteltenis	
7-11	910-913	der	
7-12	914-919	Lucht	
7-13	919-920	,	
7-14	921-923	of	
7-15	924-927	des	
7-16	928-934	Hemels	
7-17	934-935	.	

#Text=Twede Hoofdstuk
8-1	937-942	Twede	
8-2	943-952	Hoofdstuk	

#Text=.
9-1	952-953	.	

#Text=+
#Text=
#Text=
#Text=DE lucht is een verre uitgestrekte wydte, welke hooger of laager van ons schynt,
#Text=na dat dezelve veel of weinig met dampen bezet is.
10-1	955-956	+	
10-2	959-961	DE	
10-3	962-967	lucht	
10-4	968-970	is	
10-5	971-974	een	
10-6	975-980	verre	
10-7	981-993	uitgestrekte	
10-8	994-999	wydte	
10-9	999-1000	,	
10-10	1001-1006	welke	
10-11	1007-1013	hooger	
10-12	1014-1016	of	
10-13	1017-1023	laager	
10-14	1024-1027	van	
10-15	1028-1031	ons	
10-16	1032-1038	schynt	
10-17	1038-1039	,	
10-18	1040-1042	na	
10-19	1043-1046	dat	
10-20	1047-1054	dezelve	
10-21	1055-1059	veel	
10-22	1060-1062	of	
10-23	1063-1069	weinig	
10-24	1070-1073	met	
10-25	1074-1080	dampen	
10-26	1081-1086	bezet	
10-27	1087-1089	is	
10-28	1089-1090	.	

#Text=Nu is de lucht zekerlyk nooit +
#Text=De lucht is nooit zonder
#Text=dampen.
11-1	1091-1093	Nu	
11-2	1094-1096	is	
11-3	1097-1099	de	
11-4	1100-1105	lucht	
11-5	1106-1114	zekerlyk	
11-6	1115-1120	nooit	
11-7	1121-1122	+	
11-8	1123-1125	De	
11-9	1126-1131	lucht	
11-10	1132-1134	is	
11-11	1135-1140	nooit	
11-12	1141-1147	zonder	
11-13	1148-1154	dampen	
11-14	1154-1155	.	

#Text=zonder dampen:
#Text=want indien'er geene dampen waren, zou de lucht aan den
#Text=horizont, en boven ons, even blaauw zyn.
12-1	1157-1163	zonder	
12-2	1164-1170	dampen	
12-3	1170-1171	:	
12-4	1172-1176	want	
12-5	1177-1186	indien'er	
12-6	1187-1192	geene	
12-7	1193-1199	dampen	
12-8	1200-1205	waren	
12-9	1205-1206	,	
12-10	1207-1210	zou	
12-11	1211-1213	de	
12-12	1214-1219	lucht	
12-13	1220-1223	aan	
12-14	1224-1227	den	
12-15	1228-1236	horizont	
12-16	1236-1237	,	
12-17	1238-1240	en	
12-18	1241-1246	boven	
12-19	1247-1250	ons	
12-20	1250-1251	,	
12-21	1252-1256	even	
12-22	1257-1263	blaauw	
12-23	1264-1267	zyn	
12-24	1267-1268	.	
