#FORMAT=WebAnno TSV 3.3
#T_SP=custom.Span|label
#T_RL=custom.Relation|label|BT_custom.Span


#Text=eenige aan een watervalletje zich wassende;
#Text=andere zich
#Text=in de schaduwe van een fontein, of lommer der boomen te slaapen leggende.
1-1	2-8	eenige	_	_	_	
1-2	9-12	aan	_	_	_	
1-3	13-16	een	_	_	_	
1-4	17-30	watervalletje	_	_	_	
1-5	31-35	zich	_	_	_	
1-6	36-44	wassende	_	_	_	
1-7	44-45	;	_	_	_	
1-8	46-52	andere	_	_	_	
1-9	53-57	zich	_	_	_	
1-10	58-60	in	_	_	_	
1-11	61-63	de	_	_	_	
1-12	64-72	schaduwe	_	_	_	
1-13	73-76	van	_	_	_	
1-14	77-80	een	_	_	_	
1-15	81-88	fontein	_	_	_	
1-16	88-89	,	_	_	_	
1-17	90-92	of	_	_	_	
1-18	93-99	lommer	_	_	_	
1-19	100-103	der	_	_	_	
1-20	104-110	boomen	_	_	_	
1-21	111-113	te	_	_	_	
1-22	114-121	slaapen	_	_	_	
1-23	122-130	leggende	_	_	_	
1-24	130-131	.	_	_	_	

#Text=Ondertusschen zyn hunne beesten met hoopen hier en daar verspreid, weidende
#Text=in het groene gras.
2-1	133-146	Ondertusschen	_	_	_	
2-2	147-150	zyn	_	_	_	
2-3	151-156	hunne	_	_	_	
2-4	157-164	beesten	_	_	_	
2-5	165-168	met	_	_	_	
2-6	169-175	hoopen	_	_	_	
2-7	176-180	hier	_	_	_	
2-8	181-183	en	_	_	_	
2-9	184-188	daar	_	_	_	
2-10	189-198	verspreid	_	_	_	
2-11	198-199	,	_	_	_	
2-12	200-208	weidende	_	_	_	
2-13	209-211	in	_	_	_	
2-14	212-215	het	_	_	_	
2-15	216-222	groene	_	_	_	
2-16	223-227	gras	_	_	_	
2-17	227-228	.	_	_	_	

#Text=Zommige kaauwen eenige kruiden, om verkoelinge te zoeken;
#Text=
#Text=terwyl andere aan een rivier staan te drinken.
3-1	229-236	Zommige	_	_	_	
3-2	237-244	kaauwen	_	_	_	
3-3	245-251	eenige	_	_	_	
3-4	252-259	kruiden	_	_	_	
3-5	259-260	,	_	_	_	
3-6	261-263	om	_	_	_	
3-7	264-275	verkoelinge	_	_	_	
3-8	276-278	te	_	_	_	
3-9	279-285	zoeken	_	_	_	
3-10	285-286	;	_	_	_	
3-11	288-294	terwyl	_	_	_	
3-12	295-301	andere	_	_	_	
3-13	302-305	aan	_	_	_	
3-14	306-309	een	_	_	_	
3-15	310-316	rivier	_	_	_	
3-16	317-322	staan	_	_	_	
3-17	323-325	te	_	_	_	
3-18	326-333	drinken	_	_	_	
3-19	333-334	.	_	_	_	

#Text=Ook ziet men 'er eenige in de schaduwe
#Text=leggen.
4-1	335-338	Ook	_	_	_	
4-2	339-343	ziet	_	_	_	
4-3	344-347	men	_	_	_	
4-4	348-349	'	_	_	_	
4-5	349-351	er	_	_	_	
4-6	352-358	eenige	_	_	_	
4-7	359-361	in	_	_	_	
4-8	362-364	de	_	_	_	
4-9	365-373	schaduwe	_	_	_	
4-10	374-380	leggen	_	_	_	
4-11	380-381	.	_	_	_	

#Text=In een mistig weêr, daar de hoeders hunne kudden na huis toe dryyen; gaande
#Text=schroomachtig, met het hoofd in de schouders getrokken, en vooruit steekende;
#Text=
#Text=snel toekykende of 'er ook ergens een schaap of geit door de mist afgedwaald mogt
#Text=weezen:
#Text=waarom zy zich, voor, achter, en overal digt aan elkanderen houden.
5-1	384-386	In	_	_	_	
5-2	387-390	een	_	_	_	
5-3	391-397	mistig	_	_	_	
5-4	398-402	weêr	_	_	_	
5-5	402-403	,	_	_	_	
5-6	404-408	daar	_	_	_	
5-7	409-411	de	_	_	_	
5-8	412-419	hoeders	_	_	_	
5-9	420-425	hunne	_	_	_	
5-10	426-432	kudden	_	_	_	
5-11	433-435	na	_	_	_	
5-12	436-440	huis	_	_	_	
5-13	441-444	toe	_	_	_	
5-14	445-451	dryyen	_	_	_	
5-15	451-452	;	_	_	_	
5-16	453-459	gaande	_	_	_	
5-17	460-473	schroomachtig	_	_	_	
5-18	473-474	,	_	_	_	
5-19	475-478	met	_	_	_	
5-20	479-482	het	_	_	_	
5-21	483-488	hoofd	_	_	_	
5-22	489-491	in	_	_	_	
5-23	492-494	de	_	_	_	
5-24	495-504	schouders	_	_	_	
5-25	505-514	getrokken	_	_	_	
5-26	514-515	,	_	_	_	
5-27	516-518	en	_	_	_	
5-28	519-526	vooruit	_	_	_	
5-29	527-536	steekende	_	_	_	
5-30	536-537	;	_	_	_	
5-31	539-543	snel	_	_	_	
5-32	544-554	toekykende	_	_	_	
5-33	555-557	of	_	_	_	
5-34	558-559	'	_	_	_	
5-35	559-561	er	_	_	_	
5-36	562-565	ook	_	_	_	
5-37	566-572	ergens	_	_	_	
5-38	573-576	een	_	_	_	
5-39	577-583	schaap	_	_	_	
5-40	584-586	of	_	_	_	
5-41	587-591	geit	_	_	_	
5-42	592-596	door	_	_	_	
5-43	597-599	de	_	_	_	
5-44	600-604	mist	_	_	_	
5-45	605-615	afgedwaald	_	_	_	
5-46	616-620	mogt	_	_	_	
5-47	621-627	weezen	_	_	_	
5-48	627-628	:	_	_	_	
5-49	629-635	waarom	_	_	_	
5-50	636-638	zy	_	_	_	
5-51	639-643	zich	_	_	_	
5-52	643-644	,	_	_	_	
5-53	645-649	voor	_	_	_	
5-54	649-650	,	_	_	_	
5-55	651-657	achter	_	_	_	
5-56	657-658	,	_	_	_	
5-57	659-661	en	_	_	_	
5-58	662-668	overal	_	_	_	
5-59	669-673	digt	_	_	_	
5-60	674-677	aan	_	_	_	
5-61	678-688	elkanderen	_	_	_	
5-62	689-695	houden	_	_	_	
5-63	695-696	.	_	_	_	

#Text=De
#Text=jonge dochters, agter aan volgende, hebben doekjes of sluijers over het hoofd;
#Text=zommige den neus daar mede stoppende, om de stank van de mist.
6-1	697-699	De	Perceiver[1]	_	_	
6-2	700-705	jonge	Perceiver[1]	_	_	
6-3	706-714	dochters	Perceiver[1]	_	_	
6-4	714-715	,	_	_	_	
6-5	716-721	agter	_	_	_	
6-6	722-725	aan	_	_	_	
6-7	726-734	volgende	_	_	_	
6-8	734-735	,	_	_	_	
6-9	736-742	hebben	_	_	_	
6-10	743-750	doekjes	_	_	_	
6-11	751-753	of	_	_	_	
6-12	754-762	sluijers	_	_	_	
6-13	763-767	over	_	_	_	
6-14	768-771	het	_	_	_	
6-15	772-777	hoofd	_	_	_	
6-16	777-778	;	_	_	_	
6-17	779-786	zommige	Effect[2]	_	_	
6-18	787-790	den	Effect[2]	_	_	
6-19	791-795	neus	Effect[2]	_	_	
6-20	796-800	daar	Effect[2]	_	_	
6-21	801-805	mede	Effect[2]	_	_	
6-22	806-815	stoppende	Effect[2]	_	_	
6-23	815-816	,	_	_	_	
6-24	817-819	om	_	_	_	
6-25	820-822	de	_	_	_	
6-26	823-828	stank	Quality[3]|Smell\_Word[4]	*|*|*|*	6-17[2_4]|6-26[3_4]|6-27[5_4]|6-1[1_4]	
6-27	829-832	van	Smell\_Source[5]	_	_	
6-28	833-835	de	Smell\_Source[5]	_	_	
6-29	836-840	mist	Smell\_Source[5]	_	_	
6-30	840-841	.	_	_	_	

#Text=Gérard de Lairesse, Groot schilderboek
#Text=
#Text=\f251
#Text=
#Text=
#Text=Van de gesteltenis der Lucht, of des Hemels.
7-1	844-850	Gérard	_	_	_	
7-2	851-853	de	_	_	_	
7-3	854-862	Lairesse	_	_	_	
7-4	862-863	,	_	_	_	
7-5	864-869	Groot	_	_	_	
7-6	870-882	schilderboek	_	_	_	
7-7	885-888	251	_	_	_	
7-8	891-894	Van	_	_	_	
7-9	895-897	de	_	_	_	
7-10	898-909	gesteltenis	_	_	_	
7-11	910-913	der	_	_	_	
7-12	914-919	Lucht	_	_	_	
7-13	919-920	,	_	_	_	
7-14	921-923	of	_	_	_	
7-15	924-927	des	_	_	_	
7-16	928-934	Hemels	_	_	_	
7-17	934-935	.	_	_	_	

#Text=Twede Hoofdstuk
8-1	937-942	Twede	_	_	_	
8-2	943-952	Hoofdstuk	_	_	_	

#Text=.
9-1	952-953	.	_	_	_	

#Text=+
#Text=
#Text=
#Text=DE lucht is een verre uitgestrekte wydte, welke hooger of laager van ons schynt,
#Text=na dat dezelve veel of weinig met dampen bezet is.
10-1	955-956	+	_	_	_	
10-2	959-961	DE	_	_	_	
10-3	962-967	lucht	_	_	_	
10-4	968-970	is	_	_	_	
10-5	971-974	een	_	_	_	
10-6	975-980	verre	_	_	_	
10-7	981-993	uitgestrekte	_	_	_	
10-8	994-999	wydte	_	_	_	
10-9	999-1000	,	_	_	_	
10-10	1001-1006	welke	_	_	_	
10-11	1007-1013	hooger	_	_	_	
10-12	1014-1016	of	_	_	_	
10-13	1017-1023	laager	_	_	_	
10-14	1024-1027	van	_	_	_	
10-15	1028-1031	ons	_	_	_	
10-16	1032-1038	schynt	_	_	_	
10-17	1038-1039	,	_	_	_	
10-18	1040-1042	na	_	_	_	
10-19	1043-1046	dat	_	_	_	
10-20	1047-1054	dezelve	_	_	_	
10-21	1055-1059	veel	_	_	_	
10-22	1060-1062	of	_	_	_	
10-23	1063-1069	weinig	_	_	_	
10-24	1070-1073	met	_	_	_	
10-25	1074-1080	dampen	_	_	_	
10-26	1081-1086	bezet	_	_	_	
10-27	1087-1089	is	_	_	_	
10-28	1089-1090	.	_	_	_	

#Text=Nu is de lucht zekerlyk nooit +
#Text=De lucht is nooit zonder
#Text=dampen.
11-1	1091-1093	Nu	_	_	_	
11-2	1094-1096	is	_	_	_	
11-3	1097-1099	de	_	_	_	
11-4	1100-1105	lucht	_	_	_	
11-5	1106-1114	zekerlyk	_	_	_	
11-6	1115-1120	nooit	_	_	_	
11-7	1121-1122	+	_	_	_	
11-8	1123-1125	De	_	_	_	
11-9	1126-1131	lucht	_	_	_	
11-10	1132-1134	is	_	_	_	
11-11	1135-1140	nooit	_	_	_	
11-12	1141-1147	zonder	_	_	_	
11-13	1148-1154	dampen	_	_	_	
11-14	1154-1155	.	_	_	_	

#Text=zonder dampen:
#Text=want indien'er geene dampen waren, zou de lucht aan den
#Text=horizont, en boven ons, even blaauw zyn.
12-1	1157-1163	zonder	_	_	_	
12-2	1164-1170	dampen	_	_	_	
12-3	1170-1171	:	_	_	_	
12-4	1172-1176	want	_	_	_	
12-5	1177-1186	indien'er	_	_	_	
12-6	1187-1192	geene	_	_	_	
12-7	1193-1199	dampen	_	_	_	
12-8	1200-1205	waren	_	_	_	
12-9	1205-1206	,	_	_	_	
12-10	1207-1210	zou	_	_	_	
12-11	1211-1213	de	_	_	_	
12-12	1214-1219	lucht	_	_	_	
12-13	1220-1223	aan	_	_	_	
12-14	1224-1227	den	_	_	_	
12-15	1228-1236	horizont	_	_	_	
12-16	1236-1237	,	_	_	_	
12-17	1238-1240	en	_	_	_	
12-18	1241-1246	boven	_	_	_	
12-19	1247-1250	ons	_	_	_	
12-20	1250-1251	,	_	_	_	
12-21	1252-1256	even	_	_	_	
12-22	1257-1263	blaauw	_	_	_	
12-23	1264-1267	zyn	_	_	_	
12-24	1267-1268	.	_	_	_	
