#FORMAT=WebAnno TSV 3.3
#T_SP=custom.Span|label
#T_RL=custom.Relation|label|BT_custom.Span


#Text=Dieſes iſt ein klei-
#Text=nes Baͤumlein/ mit wenig blaͤttern/
#Text=ſo de-
#Text=nen an der Rauten oder Maſtixbaum gleich/
#Text=
#Text=und immerdar gruͤnen.
1-1	2-8	Dieſes	_	_	_	
1-2	9-12	iſt	_	_	_	
1-3	13-16	ein	_	_	_	
1-4	17-21	klei	_	_	_	
1-5	21-22	-	_	_	_	
1-6	23-26	nes	_	_	_	
1-7	27-36	Baͤumlein	_	_	_	
1-8	36-37	/	_	_	_	
1-9	38-41	mit	_	_	_	
1-10	42-47	wenig	_	_	_	
1-11	48-57	blaͤttern	_	_	_	
1-12	57-58	/	_	_	_	
1-13	59-61	ſo	_	_	_	
1-14	62-64	de	_	_	_	
1-15	64-65	-	_	_	_	
1-16	66-69	nen	_	_	_	
1-17	70-72	an	_	_	_	
1-18	73-76	der	_	_	_	
1-19	77-83	Rauten	_	_	_	
1-20	84-88	oder	_	_	_	
1-21	89-99	Maſtixbaum	_	_	_	
1-22	100-106	gleich	_	_	_	
1-23	106-107	/	_	_	_	
1-24	109-112	und	_	_	_	
1-25	113-121	immerdar	_	_	_	
1-26	122-129	gruͤnen	_	_	_	
1-27	129-130	.	_	_	_	

#Text=Sein holtz iſt gum-
#Text=moß/ oder hartzicht/ außwendig roͤthlicht/
#Text=
#Text=mit langen/ geraden/ duͤnnen/ gum̃oſiſchen/
#Text=
#Text=wolriechenden aͤſtlein/ welche den fingeren/
#Text=
#Text=mit denen man ſie anruͤhret/ ſtarck anklehen.
2-1	131-135	Sein	_	_	_	
2-2	136-141	holtz	_	_	_	
2-3	142-145	iſt	_	_	_	
2-4	146-149	gum	_	_	_	
2-5	149-150	-	_	_	_	
2-6	151-154	moß	_	_	_	
2-7	154-155	/	_	_	_	
2-8	156-160	oder	_	_	_	
2-9	161-170	hartzicht	_	_	_	
2-10	170-171	/	_	_	_	
2-11	172-181	außwendig	_	_	_	
2-12	182-192	roͤthlicht	_	_	_	
2-13	192-193	/	_	_	_	
2-14	195-198	mit	_	_	_	
2-15	199-205	langen	_	_	_	
2-16	205-206	/	_	_	_	
2-17	207-214	geraden	_	_	_	
2-18	214-215	/	_	_	_	
2-19	216-223	duͤnnen	_	_	_	
2-20	223-224	/	_	_	_	
2-21	225-237	gum̃oſiſchen	_	_	_	
2-22	237-238	/	_	_	_	
2-23	240-253	wolriechenden	Smell\_Word[1]|Quality[2]	*|*	2-23[2_1]|2-24[0_1]	
2-24	254-262	aͤſtlein	Smell\_Source	_	_	
2-25	262-263	/	_	_	_	
2-26	264-270	welche	_	_	_	
2-27	271-274	den	_	_	_	
2-28	275-283	fingeren	_	_	_	
2-29	283-284	/	_	_	_	
2-30	286-289	mit	_	_	_	
2-31	290-295	denen	_	_	_	
2-32	296-299	man	_	_	_	
2-33	300-303	ſie	_	_	_	
2-34	304-313	anruͤhret	_	_	_	
2-35	313-314	/	_	_	_	
2-36	315-321	ſtarck	_	_	_	
2-37	322-330	anklehen	_	_	_	
2-38	330-331	.	_	_	_	

#Text=Traͤgt weiſſe/ kleine/ wolriechende bluͤm-
#Text=
#Text=lein/
#Text=denen auch ein gelber/ in ſchwartz-ro-
#Text=then huͤlſen eingeſchloſſener/ wolriechender
#Text=Samen nachfolgt/ darinnen ein Honig-di-
#Text=
#Text=cker/ gelber/ bitter- und ſcharfflichter/ nach
#Text=dem Opobalſamo riechender ſafft enthalten;
#Text=
#Text=in dem uͤbrigen der figur und groͤſſe nach
#Text=der Frucht deß Terbenthin-baums gleich.
3-1	333-339	Traͤgt	_	_	_	
3-2	340-346	weiſſe	_	_	_	
3-3	346-347	/	_	_	_	
3-4	348-354	kleine	_	_	_	
3-5	354-355	/	_	_	_	
3-6	356-368	wolriechende	Smell\_Word[3]|Quality[4]	*|*	3-6[4_3]|3-7[5_3]	
3-7	369-374	bluͤm	Smell\_Source[5]	_	_	
3-8	374-375	-	Smell\_Source[5]	_	_	
3-9	377-381	lein	Smell\_Source[5]	_	_	
3-10	381-382	/	_	_	_	
3-11	383-388	denen	_	_	_	
3-12	389-393	auch	_	_	_	
3-13	394-397	ein	_	_	_	
3-14	398-404	gelber	_	_	_	
3-15	404-405	/	_	_	_	
3-16	406-408	in	_	_	_	
3-17	409-420	ſchwartz-ro	_	_	_	
3-18	420-421	-	_	_	_	
3-19	422-426	then	_	_	_	
3-20	427-434	huͤlſen	_	_	_	
3-21	435-451	eingeſchloſſener	_	_	_	
3-22	451-452	/	_	_	_	
3-23	453-466	wolriechender	Smell\_Word[6]|Quality[7]	*|*	3-23[7_6]|3-24[0_6]	
3-24	467-472	Samen	Smell\_Source	_	_	
3-25	473-482	nachfolgt	_	_	_	
3-26	482-483	/	_	_	_	
3-27	484-492	darinnen	Location	_	_	
3-28	493-496	ein	_	_	_	
3-29	497-505	Honig-di	_	_	_	
3-30	505-506	-	_	_	_	
3-31	508-512	cker	_	_	_	
3-32	512-513	/	_	_	_	
3-33	514-520	gelber	_	_	_	
3-34	520-521	/	_	_	_	
3-35	522-528	bitter	_	_	_	
3-36	528-529	-	_	_	_	
3-37	530-533	und	_	_	_	
3-38	534-548	ſcharfflichter	_	_	_	
3-39	548-549	/	_	_	_	
3-40	550-554	nach	_	_	_	
3-41	555-558	dem	_	_	_	
3-42	559-569	Opobalſamo	Evoked\_Odorant	_	_	
3-43	570-580	riechender	Smell\_Word	*|*|*	3-44|3-42|3-27	
3-44	581-586	ſafft	Smell\_Source	_	_	
3-45	587-596	enthalten	_	_	_	
3-46	596-597	;	_	_	_	
3-47	599-601	in	_	_	_	
3-48	602-605	dem	_	_	_	
3-49	606-614	uͤbrigen	_	_	_	
3-50	615-618	der	_	_	_	
3-51	619-624	figur	_	_	_	
3-52	625-628	und	_	_	_	
3-53	629-636	groͤſſe	_	_	_	
3-54	637-641	nach	_	_	_	
3-55	642-645	der	_	_	_	
3-56	646-652	Frucht	_	_	_	
3-57	653-656	deß	_	_	_	
3-58	657-673	Terbenthin-baums	_	_	_	
3-59	674-680	gleich	_	_	_	
3-60	680-681	.	_	_	_	

#Text=Waͤchſt von ſich ſelbſten in Reich Arabien/
#Text=
#Text=von dannen es in Aegypten gebracht/ und
#Text=heut zu tag alda gepflantzet wird.
4-1	683-690	Waͤchſt	_	_	_	
4-2	691-694	von	_	_	_	
4-3	695-699	ſich	_	_	_	
4-4	700-708	ſelbſten	_	_	_	
4-5	709-711	in	_	_	_	
4-6	712-717	Reich	_	_	_	
4-7	718-725	Arabien	_	_	_	
4-8	725-726	/	_	_	_	
4-9	728-731	von	_	_	_	
4-10	732-738	dannen	_	_	_	
4-11	739-741	es	_	_	_	
4-12	742-744	in	_	_	_	
4-13	745-753	Aegypten	_	_	_	
4-14	754-762	gebracht	_	_	_	
4-15	762-763	/	_	_	_	
4-16	764-767	und	_	_	_	
4-17	768-772	heut	_	_	_	
4-18	773-775	zu	_	_	_	
4-19	776-779	tag	_	_	_	
4-20	780-784	alda	_	_	_	
4-21	785-796	gepflantzet	_	_	_	
4-22	797-801	wird	_	_	_	
4-23	801-802	.	_	_	_	

#Text=Die verſchiedenen theil dieſes Gewaͤchſes
#Text=
#Text=geben auch verſchiedene Balſam/ wie denn
#Text=auß dem ſafft der Safftbalſam/
#Text=Opobalſa-
#Text=mum;
#Text=Auß den aͤſten/ der Xylobalſamum,
#Text=und auß der Frucht Carpobalſamum in den
#Text=Orientaliſchen Laͤndern bereitet wird.
5-1	806-809	Die	_	_	_	
5-2	810-823	verſchiedenen	_	_	_	
5-3	824-829	theil	_	_	_	
5-4	830-836	dieſes	_	_	_	
5-5	837-847	Gewaͤchſes	_	_	_	
5-6	849-854	geben	_	_	_	
5-7	855-859	auch	_	_	_	
5-8	860-872	verſchiedene	_	_	_	
5-9	873-879	Balſam	_	_	_	
5-10	879-880	/	_	_	_	
5-11	881-884	wie	_	_	_	
5-12	885-889	denn	_	_	_	
5-13	890-893	auß	_	_	_	
5-14	894-897	dem	_	_	_	
5-15	898-903	ſafft	_	_	_	
5-16	904-907	der	_	_	_	
5-17	908-919	Safftbalſam	_	_	_	
5-18	919-920	/	_	_	_	
5-19	921-929	Opobalſa	_	_	_	
5-20	929-930	-	_	_	_	
5-21	931-934	mum	_	_	_	
5-22	934-935	;	_	_	_	
5-23	936-939	Auß	_	_	_	
5-24	940-943	den	_	_	_	
5-25	944-950	aͤſten	_	_	_	
5-26	950-951	/	_	_	_	
5-27	952-955	der	_	_	_	
5-28	956-968	Xylobalſamum	_	_	_	
5-29	968-969	,	_	_	_	
5-30	970-973	und	_	_	_	
5-31	974-977	auß	_	_	_	
5-32	978-981	der	_	_	_	
5-33	982-988	Frucht	_	_	_	
5-34	989-1002	Carpobalſamum	_	_	_	
5-35	1003-1005	in	_	_	_	
5-36	1006-1009	den	_	_	_	
5-37	1010-1024	Orientaliſchen	_	_	_	
5-38	1025-1033	Laͤndern	_	_	_	
5-39	1034-1042	bereitet	_	_	_	
5-40	1043-1047	wird	_	_	_	
5-41	1047-1048	.	_	_	_	
