#FORMAT=WebAnno TSV 3.3
#T_SP=custom.Span|label
#T_RL=custom.Relation|label|BT_custom.Span


#Text=29 Unus orans, et unus maledicens : cujus vocem exaudiet Deus ?
1-1	2-4	29	_	_	_	
1-2	5-9	Unus	_	_	_	
1-3	10-15	orans	_	_	_	
1-4	15-16	,	_	_	_	
1-5	17-19	et	_	_	_	
1-6	20-24	unus	_	_	_	
1-7	25-35	maledicens	_	_	_	
1-8	36-37	:	_	_	_	
1-9	38-43	cujus	_	_	_	
1-10	44-49	vocem	_	_	_	
1-11	50-58	exaudiet	_	_	_	
1-12	59-63	Deus	_	_	_	
1-13	64-65	?	_	_	_	

#Text=30 Qui baptizatur a mortuo, et iterum tangit eum, quid proficit lavatio illius ?
2-1	66-68	30	_	_	_	
2-2	69-72	Qui	_	_	_	
2-3	73-83	baptizatur	_	_	_	
2-4	84-85	a	_	_	_	
2-5	86-92	mortuo	_	_	_	
2-6	92-93	,	_	_	_	
2-7	94-96	et	_	_	_	
2-8	97-103	iterum	_	_	_	
2-9	104-110	tangit	_	_	_	
2-10	111-114	eum	_	_	_	
2-11	114-115	,	_	_	_	
2-12	116-120	quid	_	_	_	
2-13	121-129	proficit	_	_	_	
2-14	130-137	lavatio	_	_	_	
2-15	138-144	illius	_	_	_	
2-16	145-146	?	_	_	_	

#Text=31 Sic homo qui jejunat in peccatis suis, et iterum eadem faciens : quid proficit humiliando se ?
3-1	147-149	31	_	_	_	
3-2	150-153	Sic	_	_	_	
3-3	154-158	homo	_	_	_	
3-4	159-162	qui	_	_	_	
3-5	163-170	jejunat	_	_	_	
3-6	171-173	in	_	_	_	
3-7	174-182	peccatis	_	_	_	
3-8	183-187	suis	_	_	_	
3-9	187-188	,	_	_	_	
3-10	189-191	et	_	_	_	
3-11	192-198	iterum	_	_	_	
3-12	199-204	eadem	_	_	_	
3-13	205-212	faciens	_	_	_	
3-14	213-214	:	_	_	_	
3-15	215-219	quid	_	_	_	
3-16	220-228	proficit	_	_	_	
3-17	229-239	humiliando	_	_	_	
3-18	240-242	se	_	_	_	
3-19	243-244	?	_	_	_	

#Text=orationem illius quis exaudiet ?
4-1	245-254	orationem	_	_	_	
4-2	255-261	illius	_	_	_	
4-3	262-266	quis	_	_	_	
4-4	267-275	exaudiet	_	_	_	
4-5	276-277	?	_	_	_	

#Text=Caput 35
#Text=
#Text=
#Text=1 Qui conservat legem multiplicat oblationem.
#Text=2 Sacrificium salutare est attendere mandatis, et discedere ab omni iniquitate.
#Text=3 Et propitiationem litare sacrificii super injustitias : et deprecatio pro peccatis, recedere ab injustitia.
#Text=4 Retribuet gratiam qui offert similaginem : et qui facit misericordiam offert sacrificium.
#Text=5 Beneplacitum est Domino recedere ab iniquitate : et deprecatio pro peccatis recedere ab injustitia.
#Text=6 Non apparebis ante conspectum Domini vacuus : 7 hæc enim omnia propter mandatum Dei fiunt.
#Text=8 Oblatio justi impinguat altare, et odor suavitatis est in conspectu Altissimi.
#Text=9 Sacrificium justi acceptum est, et memoriam ejus non obliviscetur Dominus.
#Text=10 Bono animo gloriam redde Deo, et non minuas primitias manuum tuarum.
#Text=11 In omni dato hilarem fac vultum tuum, et in exsultatione sanctifica decimas tuas.
#Text=12 Da Altissimo secundum datum ejus, et in bono oculo adinventionem facito manuum tuarum, 13 quoniam Dominus retribuens est, et septies tantum reddet tibi.
#Text=14 Noli offerre munera prava, non enim suscipiet illa.
#Text=15 Et noli inspicere sacrificium injustum, quoniam Dominus judex est, et non est apud illum gloria personæ.
#Text=16 Non accipiet Dominus personam in pauperem, et deprecationem læsi exaudiet.
#Text=17 Non despiciet preces pupilli, nec viduam, si effundat loquelam gemitus.
#Text=18 Nonne lacrimæ viduæ ad maxillam descendunt, et exclamatio ejus super deducentem eas ?
5-1	278-283	Caput	_	_	_	
5-2	284-286	35	_	_	_	
5-3	289-290	1	_	_	_	
5-4	291-294	Qui	_	_	_	
5-5	295-304	conservat	_	_	_	
5-6	305-310	legem	_	_	_	
5-7	311-322	multiplicat	_	_	_	
5-8	323-333	oblationem	_	_	_	
5-9	333-334	.	_	_	_	
5-10	335-336	2	_	_	_	
5-11	337-348	Sacrificium	_	_	_	
5-12	349-357	salutare	_	_	_	
5-13	358-361	est	_	_	_	
5-14	362-371	attendere	_	_	_	
5-15	372-380	mandatis	_	_	_	
5-16	380-381	,	_	_	_	
5-17	382-384	et	_	_	_	
5-18	385-394	discedere	_	_	_	
5-19	395-397	ab	_	_	_	
5-20	398-402	omni	_	_	_	
5-21	403-413	iniquitate	_	_	_	
5-22	413-414	.	_	_	_	
5-23	415-416	3	_	_	_	
5-24	417-419	Et	_	_	_	
5-25	420-434	propitiationem	_	_	_	
5-26	435-441	litare	_	_	_	
5-27	442-452	sacrificii	_	_	_	
5-28	453-458	super	_	_	_	
5-29	459-470	injustitias	_	_	_	
5-30	471-472	:	_	_	_	
5-31	473-475	et	_	_	_	
5-32	476-486	deprecatio	_	_	_	
5-33	487-490	pro	_	_	_	
5-34	491-499	peccatis	_	_	_	
5-35	499-500	,	_	_	_	
5-36	501-509	recedere	_	_	_	
5-37	510-512	ab	_	_	_	
5-38	513-523	injustitia	_	_	_	
5-39	523-524	.	_	_	_	
5-40	525-526	4	_	_	_	
5-41	527-536	Retribuet	_	_	_	
5-42	537-544	gratiam	_	_	_	
5-43	545-548	qui	_	_	_	
5-44	549-555	offert	_	_	_	
5-45	556-567	similaginem	_	_	_	
5-46	568-569	:	_	_	_	
5-47	570-572	et	_	_	_	
5-48	573-576	qui	_	_	_	
5-49	577-582	facit	_	_	_	
5-50	583-596	misericordiam	_	_	_	
5-51	597-603	offert	_	_	_	
5-52	604-615	sacrificium	_	_	_	
5-53	615-616	.	_	_	_	
5-54	617-618	5	_	_	_	
5-55	619-631	Beneplacitum	_	_	_	
5-56	632-635	est	_	_	_	
5-57	636-642	Domino	_	_	_	
5-58	643-651	recedere	_	_	_	
5-59	652-654	ab	_	_	_	
5-60	655-665	iniquitate	_	_	_	
5-61	666-667	:	_	_	_	
5-62	668-670	et	_	_	_	
5-63	671-681	deprecatio	_	_	_	
5-64	682-685	pro	_	_	_	
5-65	686-694	peccatis	_	_	_	
5-66	695-703	recedere	_	_	_	
5-67	704-706	ab	_	_	_	
5-68	707-717	injustitia	_	_	_	
5-69	717-718	.	_	_	_	
5-70	719-720	6	_	_	_	
5-71	721-724	Non	_	_	_	
5-72	725-734	apparebis	_	_	_	
5-73	735-739	ante	_	_	_	
5-74	740-750	conspectum	_	_	_	
5-75	751-757	Domini	_	_	_	
5-76	758-764	vacuus	_	_	_	
5-77	765-766	:	_	_	_	
5-78	767-768	7	_	_	_	
5-79	769-772	hæc	_	_	_	
5-80	773-777	enim	_	_	_	
5-81	778-783	omnia	_	_	_	
5-82	784-791	propter	_	_	_	
5-83	792-800	mandatum	_	_	_	
5-84	801-804	Dei	_	_	_	
5-85	805-810	fiunt	_	_	_	
5-86	810-811	.	_	_	_	
5-87	812-813	8	_	_	_	
5-88	814-821	Oblatio	_	_	_	
5-89	822-827	justi	_	_	_	
5-90	828-837	impinguat	_	_	_	
5-91	838-844	altare	Location	_	_	
5-92	844-845	,	_	_	_	
5-93	846-848	et	_	_	_	
5-94	849-853	odor	Smell\_Word	*|*|*	5-95|5-97[1_0]|5-91	
5-95	854-864	suavitatis	Quality	_	_	
5-96	865-868	est	_	_	_	
5-97	869-871	in	Perceiver[1]	_	_	
5-98	872-881	conspectu	Perceiver[1]	_	_	
5-99	882-891	Altissimi	Perceiver[1]	_	_	
5-100	891-892	.	_	_	_	
5-101	893-894	9	_	_	_	
5-102	895-906	Sacrificium	_	_	_	
5-103	907-912	justi	_	_	_	
5-104	913-921	acceptum	_	_	_	
5-105	922-925	est	_	_	_	
5-106	925-926	,	_	_	_	
5-107	927-929	et	_	_	_	
5-108	930-938	memoriam	_	_	_	
5-109	939-943	ejus	_	_	_	
5-110	944-947	non	_	_	_	
5-111	948-960	obliviscetur	_	_	_	
5-112	961-968	Dominus	_	_	_	
5-113	968-969	.	_	_	_	
5-114	970-972	10	_	_	_	
5-115	973-977	Bono	_	_	_	
5-116	978-983	animo	_	_	_	
5-117	984-991	gloriam	_	_	_	
5-118	992-997	redde	_	_	_	
5-119	998-1001	Deo	_	_	_	
5-120	1001-1002	,	_	_	_	
5-121	1003-1005	et	_	_	_	
5-122	1006-1009	non	_	_	_	
5-123	1010-1016	minuas	_	_	_	
5-124	1017-1026	primitias	_	_	_	
5-125	1027-1033	manuum	_	_	_	
5-126	1034-1040	tuarum	_	_	_	
5-127	1040-1041	.	_	_	_	
5-128	1042-1044	11	_	_	_	
5-129	1045-1047	In	_	_	_	
5-130	1048-1052	omni	_	_	_	
5-131	1053-1057	dato	_	_	_	
5-132	1058-1065	hilarem	_	_	_	
5-133	1066-1069	fac	_	_	_	
5-134	1070-1076	vultum	_	_	_	
5-135	1077-1081	tuum	_	_	_	
5-136	1081-1082	,	_	_	_	
5-137	1083-1085	et	_	_	_	
5-138	1086-1088	in	_	_	_	
5-139	1089-1101	exsultatione	_	_	_	
5-140	1102-1112	sanctifica	_	_	_	
5-141	1113-1120	decimas	_	_	_	
5-142	1121-1125	tuas	_	_	_	
5-143	1125-1126	.	_	_	_	
5-144	1127-1129	12	_	_	_	
5-145	1130-1132	Da	_	_	_	
5-146	1133-1142	Altissimo	_	_	_	
5-147	1143-1151	secundum	_	_	_	
5-148	1152-1157	datum	_	_	_	
5-149	1158-1162	ejus	_	_	_	
5-150	1162-1163	,	_	_	_	
5-151	1164-1166	et	_	_	_	
5-152	1167-1169	in	_	_	_	
5-153	1170-1174	bono	_	_	_	
5-154	1175-1180	oculo	_	_	_	
5-155	1181-1194	adinventionem	_	_	_	
5-156	1195-1201	facito	_	_	_	
5-157	1202-1208	manuum	_	_	_	
5-158	1209-1215	tuarum	_	_	_	
5-159	1215-1216	,	_	_	_	
5-160	1217-1219	13	_	_	_	
5-161	1220-1227	quoniam	_	_	_	
5-162	1228-1235	Dominus	_	_	_	
5-163	1236-1246	retribuens	_	_	_	
5-164	1247-1250	est	_	_	_	
5-165	1250-1251	,	_	_	_	
5-166	1252-1254	et	_	_	_	
5-167	1255-1262	septies	_	_	_	
5-168	1263-1269	tantum	_	_	_	
5-169	1270-1276	reddet	_	_	_	
5-170	1277-1281	tibi	_	_	_	
5-171	1281-1282	.	_	_	_	
5-172	1283-1285	14	_	_	_	
5-173	1286-1290	Noli	_	_	_	
5-174	1291-1298	offerre	_	_	_	
5-175	1299-1305	munera	_	_	_	
5-176	1306-1311	prava	_	_	_	
5-177	1311-1312	,	_	_	_	
5-178	1313-1316	non	_	_	_	
5-179	1317-1321	enim	_	_	_	
5-180	1322-1331	suscipiet	_	_	_	
5-181	1332-1336	illa	_	_	_	
5-182	1336-1337	.	_	_	_	
5-183	1338-1340	15	_	_	_	
5-184	1341-1343	Et	_	_	_	
5-185	1344-1348	noli	_	_	_	
5-186	1349-1358	inspicere	_	_	_	
5-187	1359-1370	sacrificium	_	_	_	
5-188	1371-1379	injustum	_	_	_	
5-189	1379-1380	,	_	_	_	
5-190	1381-1388	quoniam	_	_	_	
5-191	1389-1396	Dominus	_	_	_	
5-192	1397-1402	judex	_	_	_	
5-193	1403-1406	est	_	_	_	
5-194	1406-1407	,	_	_	_	
5-195	1408-1410	et	_	_	_	
5-196	1411-1414	non	_	_	_	
5-197	1415-1418	est	_	_	_	
5-198	1419-1423	apud	_	_	_	
5-199	1424-1429	illum	_	_	_	
5-200	1430-1436	gloria	_	_	_	
5-201	1437-1444	personæ	_	_	_	
5-202	1444-1445	.	_	_	_	
5-203	1446-1448	16	_	_	_	
5-204	1449-1452	Non	_	_	_	
5-205	1453-1461	accipiet	_	_	_	
5-206	1462-1469	Dominus	_	_	_	
5-207	1470-1478	personam	_	_	_	
5-208	1479-1481	in	_	_	_	
5-209	1482-1490	pauperem	_	_	_	
5-210	1490-1491	,	_	_	_	
5-211	1492-1494	et	_	_	_	
5-212	1495-1508	deprecationem	_	_	_	
5-213	1509-1513	læsi	_	_	_	
5-214	1514-1522	exaudiet	_	_	_	
5-215	1522-1523	.	_	_	_	
5-216	1524-1526	17	_	_	_	
5-217	1527-1530	Non	_	_	_	
5-218	1531-1540	despiciet	_	_	_	
5-219	1541-1547	preces	_	_	_	
5-220	1548-1555	pupilli	_	_	_	
5-221	1555-1556	,	_	_	_	
5-222	1557-1560	nec	_	_	_	
5-223	1561-1567	viduam	_	_	_	
5-224	1567-1568	,	_	_	_	
5-225	1569-1571	si	_	_	_	
5-226	1572-1580	effundat	_	_	_	
5-227	1581-1589	loquelam	_	_	_	
5-228	1590-1597	gemitus	_	_	_	
5-229	1597-1598	.	_	_	_	
5-230	1599-1601	18	_	_	_	
5-231	1602-1607	Nonne	_	_	_	
5-232	1608-1615	lacrimæ	_	_	_	
5-233	1616-1621	viduæ	_	_	_	
5-234	1622-1624	ad	_	_	_	
5-235	1625-1633	maxillam	_	_	_	
5-236	1634-1644	descendunt	_	_	_	
5-237	1644-1645	,	_	_	_	
5-238	1646-1648	et	_	_	_	
5-239	1649-1659	exclamatio	_	_	_	
5-240	1660-1664	ejus	_	_	_	
5-241	1665-1670	super	_	_	_	
5-242	1671-1681	deducentem	_	_	_	
5-243	1682-1685	eas	_	_	_	
5-244	1686-1687	?	_	_	_	
