#FORMAT=WebAnno TSV 3.3


#Text=Nog bewaar ik het Torreken, wiens Wurm de Muscus beurs verteert, dat ik om
#Text=syn duystere manier van Verandering meede in de Vierde Order beschreven heb,
#Text=en de fig. daar van gegeven in de XLV.
1-1	2-5	Nog	
1-2	6-12	bewaar	
1-3	13-15	ik	
1-4	16-19	het	
1-5	20-28	Torreken	
1-6	28-29	,	
1-7	30-35	wiens	
1-8	36-40	Wurm	
1-9	41-43	de	
1-10	44-50	Muscus	
1-11	51-56	beurs	
1-12	57-65	verteert	
1-13	65-66	,	
1-14	67-70	dat	
1-15	71-73	ik	
1-16	74-76	om	
1-17	77-80	syn	
1-18	81-89	duystere	
1-19	90-96	manier	
1-20	97-100	van	
1-21	101-112	Verandering	
1-22	113-118	meede	
1-23	119-121	in	
1-24	122-124	de	
1-25	125-131	Vierde	
1-26	132-137	Order	
1-27	138-148	beschreven	
1-28	149-152	heb	
1-29	152-153	,	
1-30	154-156	en	
1-31	157-159	de	
1-32	160-163	fig	
1-33	163-164	.	
1-34	165-169	daar	
1-35	170-173	van	
1-36	174-181	gegeven	
1-37	182-184	in	
1-38	185-187	de	
1-39	188-191	XLV	
1-40	191-192	.	

#Text=Tafel 32.
#Text=figuur.
2-1	193-198	Tafel	
2-2	199-201	32	
2-3	201-202	.	
2-4	203-209	figuur	
2-5	209-210	.	

#Text=Jan Swammerdam, Bybel der natuure of historie der insecten.
3-1	214-217	Jan	
3-2	218-228	Swammerdam	
3-3	228-229	,	
3-4	230-235	Bybel	
3-5	236-239	der	
3-6	240-247	natuure	
3-7	248-250	of	
3-8	251-259	historie	
3-9	260-263	der	
3-10	264-272	insecten	
3-11	272-273	.	

#Text=Deel 1
#Text=
#Text=\f
#Text=Ten laatsten soo plaats ik ook de Hydrocanthari, de grootste, de middelste, en de
#Text=kleenste, in deese Order, waarvan ik hier en daar verscheyde heerlyke
#Text=
#Text=ondervindingen voorgestelt heb.
4-1	274-278	Deel	
4-2	279-280	1	
4-3	284-287	Ten	
4-4	288-296	laatsten	
4-5	297-300	soo	
4-6	301-307	plaats	
4-7	308-310	ik	
4-8	311-314	ook	
4-9	315-317	de	
4-10	318-331	Hydrocanthari	
4-11	331-332	,	
4-12	333-335	de	
4-13	336-344	grootste	
4-14	344-345	,	
4-15	346-348	de	
4-16	349-358	middelste	
4-17	358-359	,	
4-18	360-362	en	
4-19	363-365	de	
4-20	366-374	kleenste	
4-21	374-375	,	
4-22	376-378	in	
4-23	379-384	deese	
4-24	385-390	Order	
4-25	390-391	,	
4-26	392-399	waarvan	
4-27	400-402	ik	
4-28	403-407	hier	
4-29	408-410	en	
4-30	411-415	daar	
4-31	416-426	verscheyde	
4-32	427-435	heerlyke	
4-33	437-451	ondervindingen	
4-34	452-463	voorgestelt	
4-35	464-467	heb	
4-36	467-468	.	

#Text=Van deese bewaar
#Text=ik vyf soorten, waar onder sig
#Text=bevint de alderkleenste, die Watervloy, of Water-Wyfke, gemenelyk genoemt wort:
#Text=
#Text=deese weet seer aardig, als hy sig onder het water begeeft, een belleken lucht in
#Text=syn start te besluyten.
5-1	469-472	Van	
5-2	473-478	deese	
5-3	479-485	bewaar	
5-4	486-488	ik	
5-5	489-492	vyf	
5-6	493-500	soorten	
5-7	500-501	,	
5-8	502-506	waar	
5-9	507-512	onder	
5-10	513-516	sig	
5-11	517-523	bevint	
5-12	524-526	de	
5-13	527-540	alderkleenste	
5-14	540-541	,	
5-15	542-545	die	
5-16	546-555	Watervloy	
5-17	555-556	,	
5-18	557-559	of	
5-19	560-571	Water-Wyfke	
5-20	571-572	,	
5-21	573-582	gemenelyk	
5-22	583-590	genoemt	
5-23	591-595	wort	
5-24	595-596	:	
5-25	598-603	deese	
5-26	604-608	weet	
5-27	609-613	seer	
5-28	614-620	aardig	
5-29	620-621	,	
5-30	622-625	als	
5-31	626-628	hy	
5-32	629-632	sig	
5-33	633-638	onder	
5-34	639-642	het	
5-35	643-648	water	
5-36	649-656	begeeft	
5-37	656-657	,	
5-38	658-661	een	
5-39	662-670	belleken	
5-40	671-676	lucht	
5-41	677-679	in	
5-42	680-683	syn	
5-43	684-689	start	
5-44	690-692	te	
5-45	693-702	besluyten	
5-46	702-703	.	

#Text=De Hydrocantharus zyne Teelleeden vertoon ik op de XXII.
6-1	704-706	De	
6-2	707-721	Hydrocantharus	
6-3	722-726	zyne	
6-4	727-737	Teelleeden	
6-5	738-745	vertoon	
6-6	746-748	ik	
6-7	749-751	op	
6-8	752-754	de	
6-9	755-759	XXII	
6-10	759-760	.	

#Text=Plaat
#Text=by de 5.
#Text=figuur, en syn Priem of Moortwurm, daar hy mogelyk uyt vergroeyt,
#Text=op de XXIX.
7-1	762-767	Plaat	
7-2	768-770	by	
7-3	771-773	de	
7-4	774-775	5	
7-5	775-776	.	
7-6	777-783	figuur	
7-7	783-784	,	
7-8	785-787	en	
7-9	788-791	syn	
7-10	792-797	Priem	
7-11	798-800	of	
7-12	801-810	Moortwurm	
7-13	810-811	,	
7-14	812-816	daar	
7-15	817-819	hy	
7-16	820-827	mogelyk	
7-17	828-831	uyt	
7-18	832-841	vergroeyt	
7-19	841-842	,	
7-20	843-845	op	
7-21	846-848	de	
7-22	849-853	XXIX	
7-23	853-854	.	

#Text=Plaat, by de 4. en 5.
#Text=fig.
8-1	855-860	Plaat	
8-2	860-861	,	
8-3	862-864	by	
8-4	865-867	de	
8-5	868-869	4	
8-6	869-870	.	
8-7	871-873	en	
8-8	874-875	5	
8-9	875-876	.	
8-10	877-880	fig	
8-11	880-881	.	

#Text=Jan Swammerdam, Bybel der natuure of historie der insecten.
9-1	884-887	Jan	
9-2	888-898	Swammerdam	
9-3	898-899	,	
9-4	900-905	Bybel	
9-5	906-909	der	
9-6	910-917	natuure	
9-7	918-920	of	
9-8	921-929	historie	
9-9	930-933	der	
9-10	934-942	insecten	
9-11	942-943	.	

#Text=Deel 1
#Text=
#Text=\f287
#Text=
#Text=Exemplum Tertii
#Text=Ordinis
10-1	944-948	Deel	
10-2	949-950	1	
10-3	953-956	287	
10-4	958-966	Exemplum	
10-5	967-973	Tertii	
10-6	974-981	Ordinis	
