#FORMAT=WebAnno TSV 3.3


#Text=7 Aperiet os suum in oratione, et pro delictis suis deprecabitur.
#Text=8 Si enim Dominus magnus voluerit, spiritu intelligentiæ replebit illum : 9 et ipse tamquam imbres mittet eloquia sapientiæ suæ, et in oratione confitebitur Domino : 10 et ipse diriget consilium ejus, et disciplinam, et in absconditis suis consiliabitur.
#Text=11 Ipse palam faciet disciplinam doctrinæ suæ, et in lege testamenti Domini gloriabitur.
#Text=12 Collaudabunt multi sapientiam ejus, et usque in sæculum non delebitur.
#Text=13 Non recedet memoria ejus, et nomen ejus requiretur a generatione in generationem.
#Text=14 Sapientiam ejus enarrabunt gentes, et laudem ejus enuntiabit ecclesia.
#Text=15 Si permanserit, nomen derelinquet plus quam mille : et si requieverit, proderit illi.
#Text=16 Adhuc consiliabor ut enarrem : ut furore enim repletus sum.
#Text=17 In voce dicit : Obaudite me, divini fructus, et quasi rosa plantata super rivos aquarum fructificate.
#Text=18 Quasi Libanus odorem suavitatis habete.
#Text=19 Florete flores quasi lilium : et date odorem, et frondete in gratiam : et collaudate canticum, et benedicite Dominum in operibus suis.
#Text=20 Date nomini ejus magnificentiam, et confitemini illi in voce labiorum vestrorum, et in canticis labiorum, et citharis : et sic dicetis in confessione : 21 Opera Domini universa bona valde.
#Text=22 In verbo ejus stetit aqua sicut congeries : et in sermone oris illius sicut exceptoria aquarum : 23 quoniam in præcepto ipsius placor fit, et non est minoratio in salute ipsius.
#Text=24 Opera omnis carnis coram illo, et non est quidquam absconditum ab oculis ejus.
#Text=25 A sæculo usque in sæculum respicit, et nihil est mirabile in conspectu ejus.
#Text=26 Non est dicere : Quid est hoc, aut quid est istud ?
1-1	2-3	7	
1-2	4-11	Aperiet	
1-3	12-14	os	
1-4	15-19	suum	
1-5	20-22	in	
1-6	23-31	oratione	
1-7	31-32	,	
1-8	33-35	et	
1-9	36-39	pro	
1-10	40-48	delictis	
1-11	49-53	suis	
1-12	54-66	deprecabitur	
1-13	66-67	.	
1-14	68-69	8	
1-15	70-72	Si	
1-16	73-77	enim	
1-17	78-85	Dominus	
1-18	86-92	magnus	
1-19	93-101	voluerit	
1-20	101-102	,	
1-21	103-110	spiritu	
1-22	111-124	intelligentiæ	
1-23	125-133	replebit	
1-24	134-139	illum	
1-25	140-141	:	
1-26	142-143	9	
1-27	144-146	et	
1-28	147-151	ipse	
1-29	152-159	tamquam	
1-30	160-166	imbres	
1-31	167-173	mittet	
1-32	174-181	eloquia	
1-33	182-191	sapientiæ	
1-34	192-195	suæ	
1-35	195-196	,	
1-36	197-199	et	
1-37	200-202	in	
1-38	203-211	oratione	
1-39	212-224	confitebitur	
1-40	225-231	Domino	
1-41	232-233	:	
1-42	234-236	10	
1-43	237-239	et	
1-44	240-244	ipse	
1-45	245-252	diriget	
1-46	253-262	consilium	
1-47	263-267	ejus	
1-48	267-268	,	
1-49	269-271	et	
1-50	272-283	disciplinam	
1-51	283-284	,	
1-52	285-287	et	
1-53	288-290	in	
1-54	291-302	absconditis	
1-55	303-307	suis	
1-56	308-321	consiliabitur	
1-57	321-322	.	
1-58	323-325	11	
1-59	326-330	Ipse	
1-60	331-336	palam	
1-61	337-343	faciet	
1-62	344-355	disciplinam	
1-63	356-364	doctrinæ	
1-64	365-368	suæ	
1-65	368-369	,	
1-66	370-372	et	
1-67	373-375	in	
1-68	376-380	lege	
1-69	381-391	testamenti	
1-70	392-398	Domini	
1-71	399-410	gloriabitur	
1-72	410-411	.	
1-73	412-414	12	
1-74	415-427	Collaudabunt	
1-75	428-433	multi	
1-76	434-444	sapientiam	
1-77	445-449	ejus	
1-78	449-450	,	
1-79	451-453	et	
1-80	454-459	usque	
1-81	460-462	in	
1-82	463-470	sæculum	
1-83	471-474	non	
1-84	475-484	delebitur	
1-85	484-485	.	
1-86	486-488	13	
1-87	489-492	Non	
1-88	493-500	recedet	
1-89	501-508	memoria	
1-90	509-513	ejus	
1-91	513-514	,	
1-92	515-517	et	
1-93	518-523	nomen	
1-94	524-528	ejus	
1-95	529-539	requiretur	
1-96	540-541	a	
1-97	542-553	generatione	
1-98	554-556	in	
1-99	557-569	generationem	
1-100	569-570	.	
1-101	571-573	14	
1-102	574-584	Sapientiam	
1-103	585-589	ejus	
1-104	590-600	enarrabunt	
1-105	601-607	gentes	
1-106	607-608	,	
1-107	609-611	et	
1-108	612-618	laudem	
1-109	619-623	ejus	
1-110	624-634	enuntiabit	
1-111	635-643	ecclesia	
1-112	643-644	.	
1-113	645-647	15	
1-114	648-650	Si	
1-115	651-662	permanserit	
1-116	662-663	,	
1-117	664-669	nomen	
1-118	670-681	derelinquet	
1-119	682-686	plus	
1-120	687-691	quam	
1-121	692-697	mille	
1-122	698-699	:	
1-123	700-702	et	
1-124	703-705	si	
1-125	706-717	requieverit	
1-126	717-718	,	
1-127	719-727	proderit	
1-128	728-732	illi	
1-129	732-733	.	
1-130	734-736	16	
1-131	737-742	Adhuc	
1-132	743-754	consiliabor	
1-133	755-757	ut	
1-134	758-765	enarrem	
1-135	766-767	:	
1-136	768-770	ut	
1-137	771-777	furore	
1-138	778-782	enim	
1-139	783-791	repletus	
1-140	792-795	sum	
1-141	795-796	.	
1-142	797-799	17	
1-143	800-802	In	
1-144	803-807	voce	
1-145	808-813	dicit	
1-146	814-815	:	
1-147	816-824	Obaudite	
1-148	825-827	me	
1-149	827-828	,	
1-150	829-835	divini	
1-151	836-843	fructus	
1-152	843-844	,	
1-153	845-847	et	
1-154	848-853	quasi	
1-155	854-858	rosa	
1-156	859-867	plantata	
1-157	868-873	super	
1-158	874-879	rivos	
1-159	880-887	aquarum	
1-160	888-900	fructificate	
1-161	900-901	.	
1-162	902-904	18	
1-163	905-910	Quasi	
1-164	911-918	Libanus	
1-165	919-925	odorem	
1-166	926-936	suavitatis	
1-167	937-943	habete	
1-168	943-944	.	
1-169	945-947	19	
1-170	948-955	Florete	
1-171	956-962	flores	
1-172	963-968	quasi	
1-173	969-975	lilium	
1-174	976-977	:	
1-175	978-980	et	
1-176	981-985	date	
1-177	986-992	odorem	
1-178	992-993	,	
1-179	994-996	et	
1-180	997-1005	frondete	
1-181	1006-1008	in	
1-182	1009-1016	gratiam	
1-183	1017-1018	:	
1-184	1019-1021	et	
1-185	1022-1032	collaudate	
1-186	1033-1041	canticum	
1-187	1041-1042	,	
1-188	1043-1045	et	
1-189	1046-1056	benedicite	
1-190	1057-1064	Dominum	
1-191	1065-1067	in	
1-192	1068-1076	operibus	
1-193	1077-1081	suis	
1-194	1081-1082	.	
1-195	1083-1085	20	
1-196	1086-1090	Date	
1-197	1091-1097	nomini	
1-198	1098-1102	ejus	
1-199	1103-1117	magnificentiam	
1-200	1117-1118	,	
1-201	1119-1121	et	
1-202	1122-1133	confitemini	
1-203	1134-1138	illi	
1-204	1139-1141	in	
1-205	1142-1146	voce	
1-206	1147-1155	labiorum	
1-207	1156-1165	vestrorum	
1-208	1165-1166	,	
1-209	1167-1169	et	
1-210	1170-1172	in	
1-211	1173-1181	canticis	
1-212	1182-1190	labiorum	
1-213	1190-1191	,	
1-214	1192-1194	et	
1-215	1195-1203	citharis	
1-216	1204-1205	:	
1-217	1206-1208	et	
1-218	1209-1212	sic	
1-219	1213-1220	dicetis	
1-220	1221-1223	in	
1-221	1224-1235	confessione	
1-222	1236-1237	:	
1-223	1238-1240	21	
1-224	1241-1246	Opera	
1-225	1247-1253	Domini	
1-226	1254-1262	universa	
1-227	1263-1267	bona	
1-228	1268-1273	valde	
1-229	1273-1274	.	
1-230	1275-1277	22	
1-231	1278-1280	In	
1-232	1281-1286	verbo	
1-233	1287-1291	ejus	
1-234	1292-1298	stetit	
1-235	1299-1303	aqua	
1-236	1304-1309	sicut	
1-237	1310-1319	congeries	
1-238	1320-1321	:	
1-239	1322-1324	et	
1-240	1325-1327	in	
1-241	1328-1335	sermone	
1-242	1336-1340	oris	
1-243	1341-1347	illius	
1-244	1348-1353	sicut	
1-245	1354-1364	exceptoria	
1-246	1365-1372	aquarum	
1-247	1373-1374	:	
1-248	1375-1377	23	
1-249	1378-1385	quoniam	
1-250	1386-1388	in	
1-251	1389-1397	præcepto	
1-252	1398-1404	ipsius	
1-253	1405-1411	placor	
1-254	1412-1415	fit	
1-255	1415-1416	,	
1-256	1417-1419	et	
1-257	1420-1423	non	
1-258	1424-1427	est	
1-259	1428-1437	minoratio	
1-260	1438-1440	in	
1-261	1441-1447	salute	
1-262	1448-1454	ipsius	
1-263	1454-1455	.	
1-264	1456-1458	24	
1-265	1459-1464	Opera	
1-266	1465-1470	omnis	
1-267	1471-1477	carnis	
1-268	1478-1483	coram	
1-269	1484-1488	illo	
1-270	1488-1489	,	
1-271	1490-1492	et	
1-272	1493-1496	non	
1-273	1497-1500	est	
1-274	1501-1509	quidquam	
1-275	1510-1521	absconditum	
1-276	1522-1524	ab	
1-277	1525-1531	oculis	
1-278	1532-1536	ejus	
1-279	1536-1537	.	
1-280	1538-1540	25	
1-281	1541-1542	A	
1-282	1543-1549	sæculo	
1-283	1550-1555	usque	
1-284	1556-1558	in	
1-285	1559-1566	sæculum	
1-286	1567-1575	respicit	
1-287	1575-1576	,	
1-288	1577-1579	et	
1-289	1580-1585	nihil	
1-290	1586-1589	est	
1-291	1590-1598	mirabile	
1-292	1599-1601	in	
1-293	1602-1611	conspectu	
1-294	1612-1616	ejus	
1-295	1616-1617	.	
1-296	1618-1620	26	
1-297	1621-1624	Non	
1-298	1625-1628	est	
1-299	1629-1635	dicere	
1-300	1636-1637	:	
1-301	1638-1642	Quid	
1-302	1643-1646	est	
1-303	1647-1650	hoc	
1-304	1650-1651	,	
1-305	1652-1655	aut	
1-306	1656-1660	quid	
1-307	1661-1664	est	
1-308	1665-1670	istud	
1-309	1671-1672	?	

#Text=omnia enim in tempore suo quærentur.
#Text=27 Benedictio illius quasi fluvius inundavit.
#Text=28 Quomodo cataclysmus aridam inebriavit, sic ira ipsius gentes quæ non exquisierunt eum hæreditabit.
#Text=29 Quomodo convertit aquas in siccitatem, et siccata est terra, et viæ illius viis illorum directæ sunt, sic peccatoribus offensiones in ira ejus.
2-1	1673-1678	omnia	
2-2	1679-1683	enim	
2-3	1684-1686	in	
2-4	1687-1694	tempore	
2-5	1695-1698	suo	
2-6	1699-1708	quærentur	
2-7	1708-1709	.	
2-8	1710-1712	27	
2-9	1713-1723	Benedictio	
2-10	1724-1730	illius	
2-11	1731-1736	quasi	
2-12	1737-1744	fluvius	
2-13	1745-1754	inundavit	
2-14	1754-1755	.	
2-15	1756-1758	28	
2-16	1759-1766	Quomodo	
2-17	1767-1778	cataclysmus	
2-18	1779-1785	aridam	
2-19	1786-1796	inebriavit	
2-20	1796-1797	,	
2-21	1798-1801	sic	
2-22	1802-1805	ira	
2-23	1806-1812	ipsius	
2-24	1813-1819	gentes	
2-25	1820-1823	quæ	
2-26	1824-1827	non	
2-27	1828-1840	exquisierunt	
2-28	1841-1844	eum	
2-29	1845-1856	hæreditabit	
2-30	1856-1857	.	
2-31	1858-1860	29	
2-32	1861-1868	Quomodo	
2-33	1869-1878	convertit	
2-34	1879-1884	aquas	
2-35	1885-1887	in	
2-36	1888-1898	siccitatem	
2-37	1898-1899	,	
2-38	1900-1902	et	
2-39	1903-1910	siccata	
2-40	1911-1914	est	
2-41	1915-1920	terra	
2-42	1920-1921	,	
2-43	1922-1924	et	
2-44	1925-1928	viæ	
2-45	1929-1935	illius	
2-46	1936-1940	viis	
2-47	1941-1948	illorum	
2-48	1949-1956	directæ	
2-49	1957-1961	sunt	
2-50	1961-1962	,	
2-51	1963-1966	sic	
2-52	1967-1979	peccatoribus	
2-53	1980-1991	offensiones	
2-54	1992-1994	in	
2-55	1995-1998	ira	
2-56	1999-2003	ejus	
2-57	2003-2004	.	
