{"_context" : {
    "_types" : {
      "DocumentMetaData" : {
        "_feature_types" : {"sofa" : "_ref" } }, 
      "Relation" : {
        "_feature_types" : {"sofa" : "_ref",  "Dependent" : "_ref",  "Governor" : "_ref" } }, 
      "Sentence" : {
        "_feature_types" : {"sofa" : "_ref" } }, 
      "Sofa" : {
        "_feature_types" : {"sofaArray" : "_ref" } }, 
      "Span" : {
        "_feature_types" : {"sofa" : "_ref" } }, 
      "TagsetDescription" : {
        "_feature_types" : {"sofa" : "_ref",  "tags" : "_ref" } }, 
      "Token" : {
        "_feature_types" : {"sofa" : "_ref",  "parent" : "_ref",  "lemma" : "_ref",  "stem" : "_ref",  "pos" : "_ref",  "morph" : "_ref",  "form" : "_ref" } }, 
      "DocumentAnnotation" : {
        "_feature_types" : {"sofa" : "_ref" }, 
        "_subtypes" : ["DocumentMetaData" ] }, 
      "Annotation" : {
        "_feature_types" : {"sofa" : "_ref" }, 
        "_subtypes" : ["DocumentAnnotation",  "Relation",  "Sentence",  "Span",  "TagsetDescription",  "Token" ] }, 
      "AnnotationBase" : {
        "_feature_types" : {"sofa" : "_ref" }, 
        "_subtypes" : ["Annotation" ] }, 
      "TOP" : {
        "_subtypes" : ["AnnotationBase",  "Sofa" ] } } }, 
  "_views" : {
    "_InitialView" : {
      "Relation" : [
        {"sofa" : 1,  "begin" : 212,  "end" : 217,  "Dependent" : 7894,  "Governor" : 7899 }, 
        {"sofa" : 1,  "begin" : 668,  "end" : 673,  "Dependent" : 7955,  "Governor" : 7986 }, 
        {"sofa" : 1,  "begin" : 668,  "end" : 673,  "Dependent" : 7955,  "Governor" : 7981 }, 
        {"sofa" : 1,  "begin" : 668,  "end" : 673,  "Dependent" : 7955,  "Governor" : 7899 }, 
        {"sofa" : 1,  "begin" : 668,  "end" : 673,  "Dependent" : 7955,  "Governor" : 8012 }, 
        {"sofa" : 1,  "begin" : 668,  "end" : 673,  "Dependent" : 7955,  "Governor" : 8024 }, 
        {"sofa" : 1,  "begin" : 913,  "end" : 915,  "Dependent" : 8046,  "Governor" : 8036 }, 
        {"sofa" : 1,  "begin" : 913,  "end" : 915,  "Dependent" : 8046,  "Governor" : 8041 }, 
        {"sofa" : 1,  "begin" : 913,  "end" : 915,  "Dependent" : 8046,  "Governor" : 7955,  "label" : "Anaphoric" }, 
        {"sofa" : 1,  "begin" : 1179,  "end" : 1184,  "Dependent" : 8077,  "Governor" : 8087 }, 
        {"sofa" : 1,  "begin" : 1179,  "end" : 1184,  "Dependent" : 8077,  "Governor" : 8082 }, 
        {"sofa" : 1,  "begin" : 1179,  "end" : 1184,  "Dependent" : 8077,  "Governor" : 8106 }, 
        {"sofa" : 1,  "begin" : 1179,  "end" : 1184,  "Dependent" : 8077,  "Governor" : 8118 }, 
        {"sofa" : 1,  "begin" : 1179,  "end" : 1184,  "Dependent" : 8077,  "Governor" : 8130 }, 
        {"sofa" : 1,  "begin" : 1475,  "end" : 1480,  "Dependent" : 8142,  "Governor" : 8152 }, 
        {"sofa" : 1,  "begin" : 1475,  "end" : 1480,  "Dependent" : 8142,  "Governor" : 8147 }, 
        {"sofa" : 1,  "begin" : 1475,  "end" : 1480,  "Dependent" : 8142,  "Governor" : 8171 }, 
        {"sofa" : 1,  "begin" : 1643,  "end" : 1645,  "Dependent" : 8205,  "Governor" : 8142,  "label" : "Anaphoric" }, 
        {"sofa" : 1,  "begin" : 1643,  "end" : 1645,  "Dependent" : 8205,  "Governor" : 8229 }, 
        {"sofa" : 1,  "begin" : 1643,  "end" : 1645,  "Dependent" : 8205,  "Governor" : 8248 }, 
        {"sofa" : 1,  "begin" : 1666,  "end" : 1675,  "Dependent" : 8188,  "Governor" : 8183 }, 
        {"sofa" : 1,  "begin" : 1914,  "end" : 1919,  "Dependent" : 8265,  "Governor" : 8260 }, 
        {"sofa" : 1,  "begin" : 1914,  "end" : 1919,  "Dependent" : 8265,  "Governor" : 8282 }, 
        {"sofa" : 1,  "begin" : 1914,  "end" : 1919,  "Dependent" : 8265,  "Governor" : 8277 }, 
        {"sofa" : 1,  "begin" : 2158,  "end" : 2163,  "Dependent" : 8306,  "Governor" : 8301 }, 
        {"sofa" : 1,  "begin" : 2158,  "end" : 2163,  "Dependent" : 8306,  "Governor" : 8323 }, 
        {"sofa" : 1,  "begin" : 2158,  "end" : 2163,  "Dependent" : 8306,  "Governor" : 8318 }, 
        {"sofa" : 1,  "begin" : 2158,  "end" : 2163,  "Dependent" : 8306,  "Governor" : 8333 }, 
        {"sofa" : 1,  "begin" : 2261,  "end" : 2266,  "Dependent" : 8364,  "Governor" : 8359 }, 
        {"sofa" : 1,  "begin" : 2261,  "end" : 2266,  "Dependent" : 8364,  "Governor" : 8376 }, 
        {"sofa" : 1,  "begin" : 2261,  "end" : 2266,  "Dependent" : 8364,  "Governor" : 8388 }, 
        {"sofa" : 1,  "begin" : 2406,  "end" : 2411,  "Dependent" : 8393,  "Governor" : 8410 }, 
        {"sofa" : 1,  "begin" : 2462,  "end" : 2468,  "Dependent" : 8432,  "Governor" : 8427 }, 
        {"sofa" : 1,  "begin" : 2713,  "end" : 2718,  "Dependent" : 8451,  "Governor" : 8456 }, 
        {"sofa" : 1,  "begin" : 2713,  "end" : 2718,  "Dependent" : 8451,  "Governor" : 8461 }, 
        {"sofa" : 1,  "begin" : 2713,  "end" : 2718,  "Dependent" : 8451,  "Governor" : 8480 }, 
        {"sofa" : 1,  "begin" : 2792,  "end" : 2797,  "Dependent" : 8492,  "Governor" : 8497 }, 
        {"sofa" : 1,  "begin" : 2840,  "end" : 2845,  "Dependent" : 8514,  "Governor" : 8524 }, 
        {"sofa" : 1,  "begin" : 2840,  "end" : 2845,  "Dependent" : 8514,  "Governor" : 8519 }, 
        {"sofa" : 1,  "begin" : 2840,  "end" : 2845,  "Dependent" : 8514,  "Governor" : 8529 }, 
        {"sofa" : 1,  "begin" : 2840,  "end" : 2845,  "Dependent" : 8514,  "Governor" : 8509 } ], 
      "Span" : [7894,  7899,  7955,  7981,  7986,  8012,  8024,  8036,  8046,  8041, 
        {"sofa" : 1,  "begin" : 1043,  "end" : 1049,  "label" : "Smell_Word" },  8082,  8077,  8087,  8106,  8118,  8130,  8152,  8142,  8147,  8171,  8248,  8205,  8183,  8188,  8229,  8282,  8277,  8260,  8265,  8301,  8306,  8318,  8323,  8333,  8359,  8364,  8376,  8388,  8393,  8410,  8427,  8432,  8451,  8456,  8461,  8480,  8492,  8497,  8509,  8514,  8519,  8524,  8529 ], 
      "DocumentMetaData" : [
        {"sofa" : 1,  "end" : 2885,  "language" : "x-unspecified",  "documentTitle" : "068E%20Alfred%20Swaine%20Taylor%201859%20On%20Poisons__531_distribution_LAW.txt",  "documentId" : "teresa",  "documentUri" : "file:/home/dhuser/alessio/inception/repository/project/29/document/10784/source/teresa",  "collectionId" : "file:/home/dhuser/alessio/inception/repository/project/29/document/10784/source/",  "documentBaseUri" : "file:/home/dhuser/alessio/inception/repository/project/29/document/10784/source/",  "isLastSegment" : false } ], 
      "TagsetDescription" : [
        {"sofa" : 1,  "layer" : "webanno.custom.Emotions",  "name" : "Emotion Labels",  "input" : false }, 
        {"sofa" : 1,  "layer" : "custom.Relation",  "name" : "Relation labels",  "input" : false }, 
        {"sofa" : 1,  "layer" : "custom.Span",  "name" : "Smell labels",  "input" : false } ], 
      "Sentence" : [
        {"sofa" : 1,  "begin" : 1,  "end" : 168 }, 
        {"sofa" : 1,  "begin" : 170,  "end" : 270 }, 
        {"sofa" : 1,  "begin" : 271,  "end" : 300 }, 
        {"sofa" : 1,  "begin" : 301,  "end" : 377 }, 
        {"sofa" : 1,  "begin" : 378,  "end" : 388 }, 
        {"sofa" : 1,  "begin" : 389,  "end" : 529 }, 
        {"sofa" : 1,  "begin" : 530,  "end" : 647 }, 
        {"sofa" : 1,  "begin" : 649,  "end" : 678 }, 
        {"sofa" : 1,  "begin" : 679,  "end" : 874 }, 
        {"sofa" : 1,  "begin" : 875,  "end" : 890 }, 
        {"sofa" : 1,  "begin" : 891,  "end" : 996 }, 
        {"sofa" : 1,  "begin" : 997,  "end" : 1349 }, 
        {"sofa" : 1,  "begin" : 1350,  "end" : 1428 }, 
        {"sofa" : 1,  "begin" : 1429,  "end" : 1631 }, 
        {"sofa" : 1,  "begin" : 1632,  "end" : 1749 }, 
        {"sofa" : 1,  "begin" : 1750,  "end" : 1940 }, 
        {"sofa" : 1,  "begin" : 1941,  "end" : 2051 }, 
        {"sofa" : 1,  "begin" : 2052,  "end" : 2073 }, 
        {"sofa" : 1,  "begin" : 2074,  "end" : 2225 }, 
        {"sofa" : 1,  "begin" : 2226,  "end" : 2342 }, 
        {"sofa" : 1,  "begin" : 2343,  "end" : 2347 }, 
        {"sofa" : 1,  "begin" : 2348,  "end" : 2354 }, 
        {"sofa" : 1,  "begin" : 2355,  "end" : 2382 }, 
        {"sofa" : 1,  "begin" : 2383,  "end" : 2469 }, 
        {"sofa" : 1,  "begin" : 2470,  "end" : 2518 }, 
        {"sofa" : 1,  "begin" : 2519,  "end" : 2615 }, 
        {"sofa" : 1,  "begin" : 2616,  "end" : 2814 }, 
        {"sofa" : 1,  "begin" : 2815,  "end" : 2882 } ], 
      "Token" : [
        {"sofa" : 1,  "begin" : 1,  "end" : 5 }, 
        {"sofa" : 1,  "begin" : 6,  "end" : 15 }, 
        {"sofa" : 1,  "begin" : 16,  "end" : 23 }, 
        {"sofa" : 1,  "begin" : 24,  "end" : 31 }, 
        {"sofa" : 1,  "begin" : 32,  "end" : 34 }, 
        {"sofa" : 1,  "begin" : 35,  "end" : 39 }, 
        {"sofa" : 1,  "begin" : 40,  "end" : 44 }, 
        {"sofa" : 1,  "begin" : 45,  "end" : 50 }, 
        {"sofa" : 1,  "begin" : 51,  "end" : 53 }, 
        {"sofa" : 1,  "begin" : 54,  "end" : 57 }, 
        {"sofa" : 1,  "begin" : 58,  "end" : 65 }, 
        {"sofa" : 1,  "begin" : 66,  "end" : 78 }, 
        {"sofa" : 1,  "begin" : 79,  "end" : 87 }, 
        {"sofa" : 1,  "begin" : 88,  "end" : 90 }, 
        {"sofa" : 1,  "begin" : 91,  "end" : 94 }, 
        {"sofa" : 1,  "begin" : 95,  "end" : 101 }, 
        {"sofa" : 1,  "begin" : 102,  "end" : 104 }, 
        {"sofa" : 1,  "begin" : 105,  "end" : 112 }, 
        {"sofa" : 1,  "begin" : 112,  "end" : 113 }, 
        {"sofa" : 1,  "begin" : 114,  "end" : 116 }, 
        {"sofa" : 1,  "begin" : 117,  "end" : 119 }, 
        {"sofa" : 1,  "begin" : 120,  "end" : 123 }, 
        {"sofa" : 1,  "begin" : 124,  "end" : 126 }, 
        {"sofa" : 1,  "begin" : 127,  "end" : 130 }, 
        {"sofa" : 1,  "begin" : 131,  "end" : 134 }, 
        {"sofa" : 1,  "begin" : 135,  "end" : 144 }, 
        {"sofa" : 1,  "begin" : 145,  "end" : 147 }, 
        {"sofa" : 1,  "begin" : 148,  "end" : 160 }, 
        {"sofa" : 1,  "begin" : 161,  "end" : 163 }, 
        {"sofa" : 1,  "begin" : 164,  "end" : 167 }, 
        {"sofa" : 1,  "begin" : 167,  "end" : 168 }, 
        {"sofa" : 1,  "begin" : 170,  "end" : 173 }, 
        {"sofa" : 1,  "begin" : 174,  "end" : 182 }, 
        {"sofa" : 1,  "begin" : 183,  "end" : 192 }, 
        {"sofa" : 1,  "begin" : 193,  "end" : 197 }, 
        {"sofa" : 1,  "begin" : 198,  "end" : 201 }, 
        {"sofa" : 1,  "begin" : 202,  "end" : 207 }, 
        {"sofa" : 1,  "begin" : 208,  "end" : 211 }, 
        {"sofa" : 1,  "begin" : 212,  "end" : 217 }, 
        {"sofa" : 1,  "begin" : 218,  "end" : 220 }, 
        {"sofa" : 1,  "begin" : 221,  "end" : 225 }, 
        {"sofa" : 1,  "begin" : 226,  "end" : 232 }, 
        {"sofa" : 1,  "begin" : 233,  "end" : 235 }, 
        {"sofa" : 1,  "begin" : 235,  "end" : 236 }, 
        {"sofa" : 1,  "begin" : 237,  "end" : 239 }, 
        {"sofa" : 1,  "begin" : 240,  "end" : 244 }, 
        {"sofa" : 1,  "begin" : 245,  "end" : 254 }, 
        {"sofa" : 1,  "begin" : 254,  "end" : 255 }, 
        {"sofa" : 1,  "begin" : 256,  "end" : 258 }, 
        {"sofa" : 1,  "begin" : 259,  "end" : 269 }, 
        {"sofa" : 1,  "begin" : 269,  "end" : 270 }, 
        {"sofa" : 1,  "begin" : 271,  "end" : 274 }, 
        {"sofa" : 1,  "begin" : 275,  "end" : 280 }, 
        {"sofa" : 1,  "begin" : 281,  "end" : 283 }, 
        {"sofa" : 1,  "begin" : 284,  "end" : 293 }, 
        {"sofa" : 1,  "begin" : 294,  "end" : 296 }, 
        {"sofa" : 1,  "begin" : 297,  "end" : 299 }, 
        {"sofa" : 1,  "begin" : 299,  "end" : 300 }, 
        {"sofa" : 1,  "begin" : 301,  "end" : 311 }, 
        {"sofa" : 1,  "begin" : 312,  "end" : 314 }, 
        {"sofa" : 1,  "begin" : 315,  "end" : 322 }, 
        {"sofa" : 1,  "begin" : 323,  "end" : 324 }, 
        {"sofa" : 1,  "begin" : 325,  "end" : 329 }, 
        {"sofa" : 1,  "begin" : 330,  "end" : 335 }, 
        {"sofa" : 1,  "begin" : 336,  "end" : 340 }, 
        {"sofa" : 1,  "begin" : 341,  "end" : 343 }, 
        {"sofa" : 1,  "begin" : 344,  "end" : 346 }, 
        {"sofa" : 1,  "begin" : 347,  "end" : 350 }, 
        {"sofa" : 1,  "begin" : 350,  "end" : 351 }, 
        {"sofa" : 1,  "begin" : 352,  "end" : 358 }, 
        {"sofa" : 1,  "begin" : 359,  "end" : 363 }, 
        {"sofa" : 1,  "begin" : 364,  "end" : 366 }, 
        {"sofa" : 1,  "begin" : 367,  "end" : 369 }, 
        {"sofa" : 1,  "begin" : 370,  "end" : 376 }, 
        {"sofa" : 1,  "begin" : 376,  "end" : 377 }, 
        {"sofa" : 1,  "begin" : 378,  "end" : 379 }, 
        {"sofa" : 1,  "begin" : 379,  "end" : 386 }, 
        {"sofa" : 1,  "begin" : 386,  "end" : 387 }, 
        {"sofa" : 1,  "begin" : 387,  "end" : 388 }, 
        {"sofa" : 1,  "begin" : 389,  "end" : 391 }, 
        {"sofa" : 1,  "begin" : 392,  "end" : 395 }, 
        {"sofa" : 1,  "begin" : 396,  "end" : 401 }, 
        {"sofa" : 1,  "begin" : 402,  "end" : 406 }, 
        {"sofa" : 1,  "begin" : 407,  "end" : 408 }, 
        {"sofa" : 1,  "begin" : 408,  "end" : 416 }, 
        {"sofa" : 1,  "begin" : 417,  "end" : 421 }, 
        {"sofa" : 1,  "begin" : 421,  "end" : 422 }, 
        {"sofa" : 1,  "begin" : 423,  "end" : 431 }, 
        {"sofa" : 1,  "begin" : 432,  "end" : 442 }, 
        {"sofa" : 1,  "begin" : 442,  "end" : 443 }, 
        {"sofa" : 1,  "begin" : 444,  "end" : 446 }, 
        {"sofa" : 1,  "begin" : 447,  "end" : 457 }, 
        {"sofa" : 1,  "begin" : 458,  "end" : 463 }, 
        {"sofa" : 1,  "begin" : 464,  "end" : 467 }, 
        {"sofa" : 1,  "begin" : 468,  "end" : 475 }, 
        {"sofa" : 1,  "begin" : 476,  "end" : 478 }, 
        {"sofa" : 1,  "begin" : 479,  "end" : 482 }, 
        {"sofa" : 1,  "begin" : 483,  "end" : 489 }, 
        {"sofa" : 1,  "begin" : 490,  "end" : 492 }, 
        {"sofa" : 1,  "begin" : 493,  "end" : 500 }, 
        {"sofa" : 1,  "begin" : 500,  "end" : 501 }, 
        {"sofa" : 1,  "begin" : 502,  "end" : 506 }, 
        {"sofa" : 1,  "begin" : 507,  "end" : 509 }, 
        {"sofa" : 1,  "begin" : 510,  "end" : 513 }, 
        {"sofa" : 1,  "begin" : 514,  "end" : 515 }, 
        {"sofa" : 1,  "begin" : 516,  "end" : 522 }, 
        {"sofa" : 1,  "begin" : 523,  "end" : 528 }, 
        {"sofa" : 1,  "begin" : 528,  "end" : 529 }, 
        {"sofa" : 1,  "begin" : 530,  "end" : 534 }, 
        {"sofa" : 1,  "begin" : 535,  "end" : 538 }, 
        {"sofa" : 1,  "begin" : 539,  "end" : 545 }, 
        {"sofa" : 1,  "begin" : 546,  "end" : 550 }, 
        {"sofa" : 1,  "begin" : 551,  "end" : 553 }, 
        {"sofa" : 1,  "begin" : 554,  "end" : 559 }, 
        {"sofa" : 1,  "begin" : 560,  "end" : 564 }, 
        {"sofa" : 1,  "begin" : 565,  "end" : 572 }, 
        {"sofa" : 1,  "begin" : 573,  "end" : 580 }, 
        {"sofa" : 1,  "begin" : 580,  "end" : 581 }, 
        {"sofa" : 1,  "begin" : 582,  "end" : 583 }, 
        {"sofa" : 1,  "begin" : 584,  "end" : 589 }, 
        {"sofa" : 1,  "begin" : 590,  "end" : 592 }, 
        {"sofa" : 1,  "begin" : 593,  "end" : 596 }, 
        {"sofa" : 1,  "begin" : 597,  "end" : 603 }, 
        {"sofa" : 1,  "begin" : 604,  "end" : 606 }, 
        {"sofa" : 1,  "begin" : 607,  "end" : 609 }, 
        {"sofa" : 1,  "begin" : 610,  "end" : 621 }, 
        {"sofa" : 1,  "begin" : 622,  "end" : 628 }, 
        {"sofa" : 1,  "begin" : 629,  "end" : 632 }, 
        {"sofa" : 1,  "begin" : 633,  "end" : 637 }, 
        {"sofa" : 1,  "begin" : 638,  "end" : 640 }, 
        {"sofa" : 1,  "begin" : 641,  "end" : 646 }, 
        {"sofa" : 1,  "begin" : 646,  "end" : 647 }, 
        {"sofa" : 1,  "begin" : 649,  "end" : 653 }, 
        {"sofa" : 1,  "begin" : 654,  "end" : 660 }, 
        {"sofa" : 1,  "begin" : 661,  "end" : 663 }, 
        {"sofa" : 1,  "begin" : 664,  "end" : 667 }, 
        {"sofa" : 1,  "begin" : 668,  "end" : 673 }, 
        {"sofa" : 1,  "begin" : 673,  "end" : 674 }, 
        {"sofa" : 1,  "begin" : 675,  "end" : 677 }, 
        {"sofa" : 1,  "begin" : 677,  "end" : 678 }, 
        {"sofa" : 1,  "begin" : 679,  "end" : 689 }, 
        {"sofa" : 1,  "begin" : 690,  "end" : 696 }, 
        {"sofa" : 1,  "begin" : 697,  "end" : 701 }, 
        {"sofa" : 1,  "begin" : 702,  "end" : 706 }, 
        {"sofa" : 1,  "begin" : 707,  "end" : 715 }, 
        {"sofa" : 1,  "begin" : 715,  "end" : 716 }, 
        {"sofa" : 1,  "begin" : 717,  "end" : 719 }, 
        {"sofa" : 1,  "begin" : 720,  "end" : 723 }, 
        {"sofa" : 1,  "begin" : 724,  "end" : 725 }, 
        {"sofa" : 1,  "begin" : 726,  "end" : 733 }, 
        {"sofa" : 1,  "begin" : 734,  "end" : 745 }, 
        {"sofa" : 1,  "begin" : 746,  "end" : 748 }, 
        {"sofa" : 1,  "begin" : 749,  "end" : 753 }, 
        {"sofa" : 1,  "begin" : 754,  "end" : 756 }, 
        {"sofa" : 1,  "begin" : 757,  "end" : 763 }, 
        {"sofa" : 1,  "begin" : 764,  "end" : 771 }, 
        {"sofa" : 1,  "begin" : 772,  "end" : 773 }, 
        {"sofa" : 1,  "begin" : 774,  "end" : 777 }, 
        {"sofa" : 1,  "begin" : 778,  "end" : 780 }, 
        {"sofa" : 1,  "begin" : 781,  "end" : 783 }, 
        {"sofa" : 1,  "begin" : 784,  "end" : 795 }, 
        {"sofa" : 1,  "begin" : 796,  "end" : 800 }, 
        {"sofa" : 1,  "begin" : 801,  "end" : 802 }, 
        {"sofa" : 1,  "begin" : 803,  "end" : 811 }, 
        {"sofa" : 1,  "begin" : 812,  "end" : 822 }, 
        {"sofa" : 1,  "begin" : 823,  "end" : 825 }, 
        {"sofa" : 1,  "begin" : 826,  "end" : 834 }, 
        {"sofa" : 1,  "begin" : 835,  "end" : 837 }, 
        {"sofa" : 1,  "begin" : 838,  "end" : 841 }, 
        {"sofa" : 1,  "begin" : 842,  "end" : 850 }, 
        {"sofa" : 1,  "begin" : 851,  "end" : 854 }, 
        {"sofa" : 1,  "begin" : 855,  "end" : 859 }, 
        {"sofa" : 1,  "begin" : 860,  "end" : 862 }, 
        {"sofa" : 1,  "begin" : 863,  "end" : 866 }, 
        {"sofa" : 1,  "begin" : 867,  "end" : 873 }, 
        {"sofa" : 1,  "begin" : 873,  "end" : 874 }, 
        {"sofa" : 1,  "begin" : 875,  "end" : 876 }, 
        {"sofa" : 1,  "begin" : 876,  "end" : 878 }, 
        {"sofa" : 1,  "begin" : 878,  "end" : 879 }, 
        {"sofa" : 1,  "begin" : 880,  "end" : 883 }, 
        {"sofa" : 1,  "begin" : 883,  "end" : 884 }, 
        {"sofa" : 1,  "begin" : 885,  "end" : 888 }, 
        {"sofa" : 1,  "begin" : 888,  "end" : 889 }, 
        {"sofa" : 1,  "begin" : 889,  "end" : 890 }, 
        {"sofa" : 1,  "begin" : 891,  "end" : 897 }, 
        {"sofa" : 1,  "begin" : 898,  "end" : 902 }, 
        {"sofa" : 1,  "begin" : 903,  "end" : 907 }, 
        {"sofa" : 1,  "begin" : 908,  "end" : 912 }, 
        {"sofa" : 1,  "begin" : 913,  "end" : 915 }, 
        {"sofa" : 1,  "begin" : 916,  "end" : 918 }, 
        {"sofa" : 1,  "begin" : 919,  "end" : 926 }, 
        {"sofa" : 1,  "begin" : 927,  "end" : 929 }, 
        {"sofa" : 1,  "begin" : 930,  "end" : 934 }, 
        {"sofa" : 1,  "begin" : 935,  "end" : 937 }, 
        {"sofa" : 1,  "begin" : 938,  "end" : 944 }, 
        {"sofa" : 1,  "begin" : 945,  "end" : 952 }, 
        {"sofa" : 1,  "begin" : 953,  "end" : 954 }, 
        {"sofa" : 1,  "begin" : 955,  "end" : 956 }, 
        {"sofa" : 1,  "begin" : 957,  "end" : 961 }, 
        {"sofa" : 1,  "begin" : 962,  "end" : 964 }, 
        {"sofa" : 1,  "begin" : 964,  "end" : 965 }, 
        {"sofa" : 1,  "begin" : 966,  "end" : 972 }, 
        {"sofa" : 1,  "begin" : 972,  "end" : 973 }, 
        {"sofa" : 1,  "begin" : 974,  "end" : 977 }, 
        {"sofa" : 1,  "begin" : 978,  "end" : 984 }, 
        {"sofa" : 1,  "begin" : 985,  "end" : 995 }, 
        {"sofa" : 1,  "begin" : 995,  "end" : 996 }, 
        {"sofa" : 1,  "begin" : 997,  "end" : 1002 }, 
        {"sofa" : 1,  "begin" : 1003,  "end" : 1005 }, 
        {"sofa" : 1,  "begin" : 1005,  "end" : 1006 }, 
        {"sofa" : 1,  "begin" : 1007,  "end" : 1014 }, 
        {"sofa" : 1,  "begin" : 1014,  "end" : 1015 }, 
        {"sofa" : 1,  "begin" : 1016,  "end" : 1017 }, 
        {"sofa" : 1,  "begin" : 1018,  "end" : 1028 }, 
        {"sofa" : 1,  "begin" : 1029,  "end" : 1036 }, 
        {"sofa" : 1,  "begin" : 1037,  "end" : 1042 }, 
        {"sofa" : 1,  "begin" : 1043,  "end" : 1049 }, 
        {"sofa" : 1,  "begin" : 1050,  "end" : 1051 }, 
        {"sofa" : 1,  "begin" : 1052,  "end" : 1055 }, 
        {"sofa" : 1,  "begin" : 1056,  "end" : 1059 }, 
        {"sofa" : 1,  "begin" : 1060,  "end" : 1070 }, 
        {"sofa" : 1,  "begin" : 1071,  "end" : 1073 }, 
        {"sofa" : 1,  "begin" : 1074,  "end" : 1077 }, 
        {"sofa" : 1,  "begin" : 1078,  "end" : 1089 }, 
        {"sofa" : 1,  "begin" : 1090,  "end" : 1092 }, 
        {"sofa" : 1,  "begin" : 1093,  "end" : 1096 }, 
        {"sofa" : 1,  "begin" : 1097,  "end" : 1103 }, 
        {"sofa" : 1,  "begin" : 1104,  "end" : 1106 }, 
        {"sofa" : 1,  "begin" : 1107,  "end" : 1110 }, 
        {"sofa" : 1,  "begin" : 1110,  "end" : 1111 }, 
        {"sofa" : 1,  "begin" : 1112,  "end" : 1115 }, 
        {"sofa" : 1,  "begin" : 1116,  "end" : 1119 }, 
        {"sofa" : 1,  "begin" : 1120,  "end" : 1124 }, 
        {"sofa" : 1,  "begin" : 1125,  "end" : 1134 }, 
        {"sofa" : 1,  "begin" : 1135,  "end" : 1140 }, 
        {"sofa" : 1,  "begin" : 1141,  "end" : 1150 }, 
        {"sofa" : 1,  "begin" : 1151,  "end" : 1157 }, 
        {"sofa" : 1,  "begin" : 1158,  "end" : 1160 }, 
        {"sofa" : 1,  "begin" : 1160,  "end" : 1161 }, 
        {"sofa" : 1,  "begin" : 1162,  "end" : 1166 }, 
        {"sofa" : 1,  "begin" : 1167,  "end" : 1170 }, 
        {"sofa" : 1,  "begin" : 1171,  "end" : 1178 }, 
        {"sofa" : 1,  "begin" : 1179,  "end" : 1184 }, 
        {"sofa" : 1,  "begin" : 1185,  "end" : 1187 }, 
        {"sofa" : 1,  "begin" : 1188,  "end" : 1194 }, 
        {"sofa" : 1,  "begin" : 1195,  "end" : 1202 }, 
        {"sofa" : 1,  "begin" : 1203,  "end" : 1208 }, 
        {"sofa" : 1,  "begin" : 1209,  "end" : 1217 }, 
        {"sofa" : 1,  "begin" : 1218,  "end" : 1220 }, 
        {"sofa" : 1,  "begin" : 1221,  "end" : 1231 }, 
        {"sofa" : 1,  "begin" : 1232,  "end" : 1234 }, 
        {"sofa" : 1,  "begin" : 1235,  "end" : 1239 }, 
        {"sofa" : 1,  "begin" : 1240,  "end" : 1247 }, 
        {"sofa" : 1,  "begin" : 1248,  "end" : 1250 }, 
        {"sofa" : 1,  "begin" : 1251,  "end" : 1259 }, 
        {"sofa" : 1,  "begin" : 1260,  "end" : 1263 }, 
        {"sofa" : 1,  "begin" : 1264,  "end" : 1272 }, 
        {"sofa" : 1,  "begin" : 1273,  "end" : 1275 }, 
        {"sofa" : 1,  "begin" : 1276,  "end" : 1283 }, 
        {"sofa" : 1,  "begin" : 1284,  "end" : 1288 }, 
        {"sofa" : 1,  "begin" : 1288,  "end" : 1289 }, 
        {"sofa" : 1,  "begin" : 1290,  "end" : 1300 }, 
        {"sofa" : 1,  "begin" : 1301,  "end" : 1303 }, 
        {"sofa" : 1,  "begin" : 1304,  "end" : 1309 }, 
        {"sofa" : 1,  "begin" : 1310,  "end" : 1317 }, 
        {"sofa" : 1,  "begin" : 1318,  "end" : 1321 }, 
        {"sofa" : 1,  "begin" : 1322,  "end" : 1331 }, 
        {"sofa" : 1,  "begin" : 1332,  "end" : 1334 }, 
        {"sofa" : 1,  "begin" : 1335,  "end" : 1342 }, 
        {"sofa" : 1,  "begin" : 1343,  "end" : 1348 }, 
        {"sofa" : 1,  "begin" : 1348,  "end" : 1349 }, 
        {"sofa" : 1,  "begin" : 1350,  "end" : 1354 }, 
        {"sofa" : 1,  "begin" : 1355,  "end" : 1366 }, 
        {"sofa" : 1,  "begin" : 1367,  "end" : 1374 }, 
        {"sofa" : 1,  "begin" : 1375,  "end" : 1378 }, 
        {"sofa" : 1,  "begin" : 1379,  "end" : 1383 }, 
        {"sofa" : 1,  "begin" : 1384,  "end" : 1386 }, 
        {"sofa" : 1,  "begin" : 1387,  "end" : 1389 }, 
        {"sofa" : 1,  "begin" : 1390,  "end" : 1399 }, 
        {"sofa" : 1,  "begin" : 1400,  "end" : 1404 }, 
        {"sofa" : 1,  "begin" : 1405,  "end" : 1413 }, 
        {"sofa" : 1,  "begin" : 1414,  "end" : 1416 }, 
        {"sofa" : 1,  "begin" : 1417,  "end" : 1421 }, 
        {"sofa" : 1,  "begin" : 1422,  "end" : 1427 }, 
        {"sofa" : 1,  "begin" : 1427,  "end" : 1428 }, 
        {"sofa" : 1,  "begin" : 1429,  "end" : 1434 }, 
        {"sofa" : 1,  "begin" : 1435,  "end" : 1438 }, 
        {"sofa" : 1,  "begin" : 1439,  "end" : 1443 }, 
        {"sofa" : 1,  "begin" : 1444,  "end" : 1447 }, 
        {"sofa" : 1,  "begin" : 1448,  "end" : 1451 }, 
        {"sofa" : 1,  "begin" : 1452,  "end" : 1458 }, 
        {"sofa" : 1,  "begin" : 1459,  "end" : 1461 }, 
        {"sofa" : 1,  "begin" : 1462,  "end" : 1470 }, 
        {"sofa" : 1,  "begin" : 1471,  "end" : 1474 }, 
        {"sofa" : 1,  "begin" : 1475,  "end" : 1480 }, 
        {"sofa" : 1,  "begin" : 1481,  "end" : 1483 }, 
        {"sofa" : 1,  "begin" : 1484,  "end" : 1491 }, 
        {"sofa" : 1,  "begin" : 1492,  "end" : 1496 }, 
        {"sofa" : 1,  "begin" : 1497,  "end" : 1501 }, 
        {"sofa" : 1,  "begin" : 1502,  "end" : 1504 }, 
        {"sofa" : 1,  "begin" : 1505,  "end" : 1511 }, 
        {"sofa" : 1,  "begin" : 1512,  "end" : 1514 }, 
        {"sofa" : 1,  "begin" : 1515,  "end" : 1520 }, 
        {"sofa" : 1,  "begin" : 1521,  "end" : 1531 }, 
        {"sofa" : 1,  "begin" : 1531,  "end" : 1532 }, 
        {"sofa" : 1,  "begin" : 1533,  "end" : 1540 }, 
        {"sofa" : 1,  "begin" : 1541,  "end" : 1546 }, 
        {"sofa" : 1,  "begin" : 1547,  "end" : 1551 }, 
        {"sofa" : 1,  "begin" : 1552,  "end" : 1557 }, 
        {"sofa" : 1,  "begin" : 1558,  "end" : 1560 }, 
        {"sofa" : 1,  "begin" : 1561,  "end" : 1566 }, 
        {"sofa" : 1,  "begin" : 1567,  "end" : 1574 }, 
        {"sofa" : 1,  "begin" : 1575,  "end" : 1576 }, 
        {"sofa" : 1,  "begin" : 1577,  "end" : 1582 }, 
        {"sofa" : 1,  "begin" : 1583,  "end" : 1589 }, 
        {"sofa" : 1,  "begin" : 1589,  "end" : 1590 }, 
        {"sofa" : 1,  "begin" : 1591,  "end" : 1596 }, 
        {"sofa" : 1,  "begin" : 1596,  "end" : 1597 }, 
        {"sofa" : 1,  "begin" : 1598,  "end" : 1601 }, 
        {"sofa" : 1,  "begin" : 1602,  "end" : 1612 }, 
        {"sofa" : 1,  "begin" : 1613,  "end" : 1624 }, 
        {"sofa" : 1,  "begin" : 1625,  "end" : 1627 }, 
        {"sofa" : 1,  "begin" : 1628,  "end" : 1630 }, 
        {"sofa" : 1,  "begin" : 1630,  "end" : 1631 }, 
        {"sofa" : 1,  "begin" : 1632,  "end" : 1636 }, 
        {"sofa" : 1,  "begin" : 1637,  "end" : 1641 }, 
        {"sofa" : 1,  "begin" : 1641,  "end" : 1642 }, 
        {"sofa" : 1,  "begin" : 1643,  "end" : 1645 }, 
        {"sofa" : 1,  "begin" : 1646,  "end" : 1650 }, 
        {"sofa" : 1,  "begin" : 1651,  "end" : 1654 }, 
        {"sofa" : 1,  "begin" : 1655,  "end" : 1661 }, 
        {"sofa" : 1,  "begin" : 1662,  "end" : 1665 }, 
        {"sofa" : 1,  "begin" : 1666,  "end" : 1675 }, 
        {"sofa" : 1,  "begin" : 1676,  "end" : 1682 }, 
        {"sofa" : 1,  "begin" : 1683,  "end" : 1685 }, 
        {"sofa" : 1,  "begin" : 1686,  "end" : 1689 }, 
        {"sofa" : 1,  "begin" : 1689,  "end" : 1690 }, 
        {"sofa" : 1,  "begin" : 1691,  "end" : 1694 }, 
        {"sofa" : 1,  "begin" : 1695,  "end" : 1703 }, 
        {"sofa" : 1,  "begin" : 1704,  "end" : 1710 }, 
        {"sofa" : 1,  "begin" : 1711,  "end" : 1712 }, 
        {"sofa" : 1,  "begin" : 1713,  "end" : 1718 }, 
        {"sofa" : 1,  "begin" : 1719,  "end" : 1721 }, 
        {"sofa" : 1,  "begin" : 1722,  "end" : 1734 }, 
        {"sofa" : 1,  "begin" : 1735,  "end" : 1737 }, 
        {"sofa" : 1,  "begin" : 1738,  "end" : 1741 }, 
        {"sofa" : 1,  "begin" : 1742,  "end" : 1748 }, 
        {"sofa" : 1,  "begin" : 1748,  "end" : 1749 }, 
        {"sofa" : 1,  "begin" : 1750,  "end" : 1755 }, 
        {"sofa" : 1,  "begin" : 1756,  "end" : 1761 }, 
        {"sofa" : 1,  "begin" : 1762,  "end" : 1768 }, 
        {"sofa" : 1,  "begin" : 1769,  "end" : 1771 }, 
        {"sofa" : 1,  "begin" : 1772,  "end" : 1774 }, 
        {"sofa" : 1,  "begin" : 1775,  "end" : 1777 }, 
        {"sofa" : 1,  "begin" : 1778,  "end" : 1785 }, 
        {"sofa" : 1,  "begin" : 1785,  "end" : 1786 }, 
        {"sofa" : 1,  "begin" : 1787,  "end" : 1788 }, 
        {"sofa" : 1,  "begin" : 1789,  "end" : 1792 }, 
        {"sofa" : 1,  "begin" : 1792,  "end" : 1793 }, 
        {"sofa" : 1,  "begin" : 1794,  "end" : 1796 }, 
        {"sofa" : 1,  "begin" : 1797,  "end" : 1802 }, 
        {"sofa" : 1,  "begin" : 1803,  "end" : 1809 }, 
        {"sofa" : 1,  "begin" : 1810,  "end" : 1812 }, 
        {"sofa" : 1,  "begin" : 1813,  "end" : 1814 }, 
        {"sofa" : 1,  "begin" : 1815,  "end" : 1819 }, 
        {"sofa" : 1,  "begin" : 1820,  "end" : 1822 }, 
        {"sofa" : 1,  "begin" : 1823,  "end" : 1832 }, 
        {"sofa" : 1,  "begin" : 1833,  "end" : 1835 }, 
        {"sofa" : 1,  "begin" : 1836,  "end" : 1840 }, 
        {"sofa" : 1,  "begin" : 1841,  "end" : 1845 }, 
        {"sofa" : 1,  "begin" : 1845,  "end" : 1846 }, 
        {"sofa" : 1,  "begin" : 1847,  "end" : 1849 }, 
        {"sofa" : 1,  "begin" : 1850,  "end" : 1856 }, 
        {"sofa" : 1,  "begin" : 1857,  "end" : 1860 }, 
        {"sofa" : 1,  "begin" : 1861,  "end" : 1872 }, 
        {"sofa" : 1,  "begin" : 1873,  "end" : 1875 }, 
        {"sofa" : 1,  "begin" : 1876,  "end" : 1877 }, 
        {"sofa" : 1,  "begin" : 1878,  "end" : 1882 }, 
        {"sofa" : 1,  "begin" : 1882,  "end" : 1883 }, 
        {"sofa" : 1,  "begin" : 1884,  "end" : 1888 }, 
        {"sofa" : 1,  "begin" : 1889,  "end" : 1896 }, 
        {"sofa" : 1,  "begin" : 1897,  "end" : 1900 }, 
        {"sofa" : 1,  "begin" : 1901,  "end" : 1909 }, 
        {"sofa" : 1,  "begin" : 1910,  "end" : 1913 }, 
        {"sofa" : 1,  "begin" : 1914,  "end" : 1919 }, 
        {"sofa" : 1,  "begin" : 1920,  "end" : 1925 }, 
        {"sofa" : 1,  "begin" : 1926,  "end" : 1932 }, 
        {"sofa" : 1,  "begin" : 1933,  "end" : 1935 }, 
        {"sofa" : 1,  "begin" : 1936,  "end" : 1939 }, 
        {"sofa" : 1,  "begin" : 1939,  "end" : 1940 }, 
        {"sofa" : 1,  "begin" : 1941,  "end" : 1945 }, 
        {"sofa" : 1,  "begin" : 1946,  "end" : 1950 }, 
        {"sofa" : 1,  "begin" : 1951,  "end" : 1955 }, 
        {"sofa" : 1,  "begin" : 1956,  "end" : 1958 }, 
        {"sofa" : 1,  "begin" : 1959,  "end" : 1963 }, 
        {"sofa" : 1,  "begin" : 1964,  "end" : 1965 }, 
        {"sofa" : 1,  "begin" : 1966,  "end" : 1974 }, 
        {"sofa" : 1,  "begin" : 1975,  "end" : 1977 }, 
        {"sofa" : 1,  "begin" : 1978,  "end" : 1982 }, 
        {"sofa" : 1,  "begin" : 1983,  "end" : 1990 }, 
        {"sofa" : 1,  "begin" : 1990,  "end" : 1991 }, 
        {"sofa" : 1,  "begin" : 1992,  "end" : 1994 }, 
        {"sofa" : 1,  "begin" : 1995,  "end" : 1997 }, 
        {"sofa" : 1,  "begin" : 1998,  "end" : 2002 }, 
        {"sofa" : 1,  "begin" : 2003,  "end" : 2007 }, 
        {"sofa" : 1,  "begin" : 2008,  "end" : 2014 }, 
        {"sofa" : 1,  "begin" : 2015,  "end" : 2017 }, 
        {"sofa" : 1,  "begin" : 2018,  "end" : 2022 }, 
        {"sofa" : 1,  "begin" : 2023,  "end" : 2035 }, 
        {"sofa" : 1,  "begin" : 2036,  "end" : 2040 }, 
        {"sofa" : 1,  "begin" : 2041,  "end" : 2050 }, 
        {"sofa" : 1,  "begin" : 2050,  "end" : 2051 }, 
        {"sofa" : 1,  "begin" : 2052,  "end" : 2054 }, 
        {"sofa" : 1,  "begin" : 2055,  "end" : 2056 }, 
        {"sofa" : 1,  "begin" : 2057,  "end" : 2061 }, 
        {"sofa" : 1,  "begin" : 2062,  "end" : 2066 }, 
        {"sofa" : 1,  "begin" : 2067,  "end" : 2069 }, 
        {"sofa" : 1,  "begin" : 2070,  "end" : 2072 }, 
        {"sofa" : 1,  "begin" : 2072,  "end" : 2073 }, 
        {"sofa" : 1,  "begin" : 2074,  "end" : 2084 }, 
        {"sofa" : 1,  "begin" : 2084,  "end" : 2085 }, 
        {"sofa" : 1,  "begin" : 2086,  "end" : 2088 }, 
        {"sofa" : 1,  "begin" : 2089,  "end" : 2094 }, 
        {"sofa" : 1,  "begin" : 2095,  "end" : 2096 }, 
        {"sofa" : 1,  "begin" : 2097,  "end" : 2100 }, 
        {"sofa" : 1,  "begin" : 2101,  "end" : 2104 }, 
        {"sofa" : 1,  "begin" : 2105,  "end" : 2114 }, 
        {"sofa" : 1,  "begin" : 2115,  "end" : 2116 }, 
        {"sofa" : 1,  "begin" : 2117,  "end" : 2122 }, 
        {"sofa" : 1,  "begin" : 2123,  "end" : 2127 }, 
        {"sofa" : 1,  "begin" : 2128,  "end" : 2130 }, 
        {"sofa" : 1,  "begin" : 2131,  "end" : 2138 }, 
        {"sofa" : 1,  "begin" : 2139,  "end" : 2143 }, 
        {"sofa" : 1,  "begin" : 2143,  "end" : 2144 }, 
        {"sofa" : 1,  "begin" : 2145,  "end" : 2150 }, 
        {"sofa" : 1,  "begin" : 2151,  "end" : 2154 }, 
        {"sofa" : 1,  "begin" : 2155,  "end" : 2157 }, 
        {"sofa" : 1,  "begin" : 2158,  "end" : 2163 }, 
        {"sofa" : 1,  "begin" : 2164,  "end" : 2166 }, 
        {"sofa" : 1,  "begin" : 2167,  "end" : 2170 }, 
        {"sofa" : 1,  "begin" : 2171,  "end" : 2177 }, 
        {"sofa" : 1,  "begin" : 2177,  "end" : 2178 }, 
        {"sofa" : 1,  "begin" : 2179,  "end" : 2183 }, 
        {"sofa" : 1,  "begin" : 2184,  "end" : 2187 }, 
        {"sofa" : 1,  "begin" : 2188,  "end" : 2195 }, 
        {"sofa" : 1,  "begin" : 2195,  "end" : 2196 }, 
        {"sofa" : 1,  "begin" : 2197,  "end" : 2200 }, 
        {"sofa" : 1,  "begin" : 2201,  "end" : 2203 }, 
        {"sofa" : 1,  "begin" : 2204,  "end" : 2207 }, 
        {"sofa" : 1,  "begin" : 2208,  "end" : 2212 }, 
        {"sofa" : 1,  "begin" : 2213,  "end" : 2215 }, 
        {"sofa" : 1,  "begin" : 2216,  "end" : 2219 }, 
        {"sofa" : 1,  "begin" : 2220,  "end" : 2224 }, 
        {"sofa" : 1,  "begin" : 2224,  "end" : 2225 }, 
        {"sofa" : 1,  "begin" : 2226,  "end" : 2229 }, 
        {"sofa" : 1,  "begin" : 2230,  "end" : 2237 }, 
        {"sofa" : 1,  "begin" : 2238,  "end" : 2243 }, 
        {"sofa" : 1,  "begin" : 2244,  "end" : 2247 }, 
        {"sofa" : 1,  "begin" : 2248,  "end" : 2256 }, 
        {"sofa" : 1,  "begin" : 2257,  "end" : 2260 }, 
        {"sofa" : 1,  "begin" : 2261,  "end" : 2266 }, 
        {"sofa" : 1,  "begin" : 2267,  "end" : 2269 }, 
        {"sofa" : 1,  "begin" : 2270,  "end" : 2273 }, 
        {"sofa" : 1,  "begin" : 2274,  "end" : 2280 }, 
        {"sofa" : 1,  "begin" : 2281,  "end" : 2283 }, 
        {"sofa" : 1,  "begin" : 2284,  "end" : 2287 }, 
        {"sofa" : 1,  "begin" : 2288,  "end" : 2292 }, 
        {"sofa" : 1,  "begin" : 2293,  "end" : 2298 }, 
        {"sofa" : 1,  "begin" : 2299,  "end" : 2306 }, 
        {"sofa" : 1,  "begin" : 2307,  "end" : 2312 }, 
        {"sofa" : 1,  "begin" : 2313,  "end" : 2317 }, 
        {"sofa" : 1,  "begin" : 2318,  "end" : 2321 }, 
        {"sofa" : 1,  "begin" : 2322,  "end" : 2329 }, 
        {"sofa" : 1,  "begin" : 2330,  "end" : 2332 }, 
        {"sofa" : 1,  "begin" : 2333,  "end" : 2336 }, 
        {"sofa" : 1,  "begin" : 2337,  "end" : 2341 }, 
        {"sofa" : 1,  "begin" : 2341,  "end" : 2342 }, 
        {"sofa" : 1,  "begin" : 2343,  "end" : 2344 }, 
        {"sofa" : 1,  "begin" : 2344,  "end" : 2346 }, 
        {"sofa" : 1,  "begin" : 2346,  "end" : 2347 }, 
        {"sofa" : 1,  "begin" : 2348,  "end" : 2353 }, 
        {"sofa" : 1,  "begin" : 2353,  "end" : 2354 }, 
        {"sofa" : 1,  "begin" : 2355,  "end" : 2362 }, 
        {"sofa" : 1,  "begin" : 2362,  "end" : 2363 }, 
        {"sofa" : 1,  "begin" : 2364,  "end" : 2367 }, 
        {"sofa" : 1,  "begin" : 2367,  "end" : 2368 }, 
        {"sofa" : 1,  "begin" : 2369,  "end" : 2373 }, 
        {"sofa" : 1,  "begin" : 2373,  "end" : 2374 }, 
        {"sofa" : 1,  "begin" : 2375,  "end" : 2376 }, 
        {"sofa" : 1,  "begin" : 2376,  "end" : 2377 }, 
        {"sofa" : 1,  "begin" : 2378,  "end" : 2380 }, 
        {"sofa" : 1,  "begin" : 2380,  "end" : 2381 }, 
        {"sofa" : 1,  "begin" : 2381,  "end" : 2382 }, 
        {"sofa" : 1,  "begin" : 2383,  "end" : 2385 }, 
        {"sofa" : 1,  "begin" : 2386,  "end" : 2391 }, 
        {"sofa" : 1,  "begin" : 2392,  "end" : 2401 }, 
        {"sofa" : 1,  "begin" : 2402,  "end" : 2405 }, 
        {"sofa" : 1,  "begin" : 2406,  "end" : 2411 }, 
        {"sofa" : 1,  "begin" : 2412,  "end" : 2415 }, 
        {"sofa" : 1,  "begin" : 2416,  "end" : 2418 }, 
        {"sofa" : 1,  "begin" : 2419,  "end" : 2428 }, 
        {"sofa" : 1,  "begin" : 2429,  "end" : 2431 }, 
        {"sofa" : 1,  "begin" : 2432,  "end" : 2442 }, 
        {"sofa" : 1,  "begin" : 2442,  "end" : 2443 }, 
        {"sofa" : 1,  "begin" : 2444,  "end" : 2451 }, 
        {"sofa" : 1,  "begin" : 2451,  "end" : 2452 }, 
        {"sofa" : 1,  "begin" : 2453,  "end" : 2455 }, 
        {"sofa" : 1,  "begin" : 2456,  "end" : 2461 }, 
        {"sofa" : 1,  "begin" : 2462,  "end" : 2468 }, 
        {"sofa" : 1,  "begin" : 2468,  "end" : 2469 }, 
        {"sofa" : 1,  "begin" : 2470,  "end" : 2472 }, 
        {"sofa" : 1,  "begin" : 2473,  "end" : 2474 }, 
        {"sofa" : 1,  "begin" : 2475,  "end" : 2479 }, 
        {"sofa" : 1,  "begin" : 2480,  "end" : 2492 }, 
        {"sofa" : 1,  "begin" : 2493,  "end" : 2495 }, 
        {"sofa" : 1,  "begin" : 2496,  "end" : 2498 }, 
        {"sofa" : 1,  "begin" : 2499,  "end" : 2501 }, 
        {"sofa" : 1,  "begin" : 2502,  "end" : 2505 }, 
        {"sofa" : 1,  "begin" : 2506,  "end" : 2510 }, 
        {"sofa" : 1,  "begin" : 2510,  "end" : 2511 }, 
        {"sofa" : 1,  "begin" : 2512,  "end" : 2514 }, 
        {"sofa" : 1,  "begin" : 2515,  "end" : 2517 }, 
        {"sofa" : 1,  "begin" : 2517,  "end" : 2518 }, 
        {"sofa" : 1,  "begin" : 2519,  "end" : 2523 }, 
        {"sofa" : 1,  "begin" : 2523,  "end" : 2524 }, 
        {"sofa" : 1,  "begin" : 2525,  "end" : 2526 }, 
        {"sofa" : 1,  "begin" : 2527,  "end" : 2530 }, 
        {"sofa" : 1,  "begin" : 2531,  "end" : 2540 }, 
        {"sofa" : 1,  "begin" : 2541,  "end" : 2542 }, 
        {"sofa" : 1,  "begin" : 2543,  "end" : 2548 }, 
        {"sofa" : 1,  "begin" : 2549,  "end" : 2553 }, 
        {"sofa" : 1,  "begin" : 2554,  "end" : 2556 }, 
        {"sofa" : 1,  "begin" : 2557,  "end" : 2564 }, 
        {"sofa" : 1,  "begin" : 2565,  "end" : 2569 }, 
        {"sofa" : 1,  "begin" : 2569,  "end" : 2570 }, 
        {"sofa" : 1,  "begin" : 2571,  "end" : 2574 }, 
        {"sofa" : 1,  "begin" : 2575,  "end" : 2578 }, 
        {"sofa" : 1,  "begin" : 2579,  "end" : 2587 }, 
        {"sofa" : 1,  "begin" : 2588,  "end" : 2595 }, 
        {"sofa" : 1,  "begin" : 2596,  "end" : 2599 }, 
        {"sofa" : 1,  "begin" : 2600,  "end" : 2607 }, 
        {"sofa" : 1,  "begin" : 2608,  "end" : 2609 }, 
        {"sofa" : 1,  "begin" : 2610,  "end" : 2614 }, 
        {"sofa" : 1,  "begin" : 2614,  "end" : 2615 }, 
        {"sofa" : 1,  "begin" : 2616,  "end" : 2618 }, 
        {"sofa" : 1,  "begin" : 2619,  "end" : 2622 }, 
        {"sofa" : 1,  "begin" : 2623,  "end" : 2628 }, 
        {"sofa" : 1,  "begin" : 2629,  "end" : 2633 }, 
        {"sofa" : 1,  "begin" : 2634,  "end" : 2636 }, 
        {"sofa" : 1,  "begin" : 2637,  "end" : 2638 }, 
        {"sofa" : 1,  "begin" : 2639,  "end" : 2644 }, 
        {"sofa" : 1,  "begin" : 2645,  "end" : 2649 }, 
        {"sofa" : 1,  "begin" : 2650,  "end" : 2657 }, 
        {"sofa" : 1,  "begin" : 2658,  "end" : 2668 }, 
        {"sofa" : 1,  "begin" : 2669,  "end" : 2670 }, 
        {"sofa" : 1,  "begin" : 2671,  "end" : 2674 }, 
        {"sofa" : 1,  "begin" : 2675,  "end" : 2683 }, 
        {"sofa" : 1,  "begin" : 2684,  "end" : 2687 }, 
        {"sofa" : 1,  "begin" : 2688,  "end" : 2692 }, 
        {"sofa" : 1,  "begin" : 2693,  "end" : 2696 }, 
        {"sofa" : 1,  "begin" : 2697,  "end" : 2702 }, 
        {"sofa" : 1,  "begin" : 2703,  "end" : 2707 }, 
        {"sofa" : 1,  "begin" : 2707,  "end" : 2708 }, 
        {"sofa" : 1,  "begin" : 2709,  "end" : 2712 }, 
        {"sofa" : 1,  "begin" : 2713,  "end" : 2718 }, 
        {"sofa" : 1,  "begin" : 2719,  "end" : 2721 }, 
        {"sofa" : 1,  "begin" : 2722,  "end" : 2735 }, 
        {"sofa" : 1,  "begin" : 2736,  "end" : 2740 }, 
        {"sofa" : 1,  "begin" : 2741,  "end" : 2744 }, 
        {"sofa" : 1,  "begin" : 2745,  "end" : 2750 }, 
        {"sofa" : 1,  "begin" : 2751,  "end" : 2761 }, 
        {"sofa" : 1,  "begin" : 2762,  "end" : 2773 }, 
        {"sofa" : 1,  "begin" : 2774,  "end" : 2777 }, 
        {"sofa" : 1,  "begin" : 2778,  "end" : 2787 }, 
        {"sofa" : 1,  "begin" : 2788,  "end" : 2791 }, 
        {"sofa" : 1,  "begin" : 2792,  "end" : 2797 }, 
        {"sofa" : 1,  "begin" : 2798,  "end" : 2800 }, 
        {"sofa" : 1,  "begin" : 2801,  "end" : 2808 }, 
        {"sofa" : 1,  "begin" : 2809,  "end" : 2813 }, 
        {"sofa" : 1,  "begin" : 2813,  "end" : 2814 }, 
        {"sofa" : 1,  "begin" : 2815,  "end" : 2817 }, 
        {"sofa" : 1,  "begin" : 2818,  "end" : 2825 }, 
        {"sofa" : 1,  "begin" : 2826,  "end" : 2829 }, 
        {"sofa" : 1,  "begin" : 2830,  "end" : 2834 }, 
        {"sofa" : 1,  "begin" : 2834,  "end" : 2835 }, 
        {"sofa" : 1,  "begin" : 2836,  "end" : 2839 }, 
        {"sofa" : 1,  "begin" : 2840,  "end" : 2845 }, 
        {"sofa" : 1,  "begin" : 2846,  "end" : 2848 }, 
        {"sofa" : 1,  "begin" : 2849,  "end" : 2852 }, 
        {"sofa" : 1,  "begin" : 2853,  "end" : 2857 }, 
        {"sofa" : 1,  "begin" : 2858,  "end" : 2861 }, 
        {"sofa" : 1,  "begin" : 2862,  "end" : 2864 }, 
        {"sofa" : 1,  "begin" : 2865,  "end" : 2869 }, 
        {"sofa" : 1,  "begin" : 2870,  "end" : 2881 }, 
        {"sofa" : 1,  "begin" : 2881,  "end" : 2882 } ] } }, 
  "_referenced_fss" : {
    "1" : {"_type" : "Sofa",  "sofaNum" : 1,  "sofaID" : "_InitialView",  "mimeType" : "text",  "sofaString" : "\nThis erroneous opinion appears to have been based on the effects\noccasionally produced by the poison on animals: it is not in any\nway supported by observations on man.\n\nThe evidence derivable from the taste and odour of this poison is,\nin some instances, of importance. The taste is described by Dr.\nChristison as pungent ; some state that it is hot, others that it is\nbitter. (Pereira.) In one fatal case (December 1856) deceased\ncomplained, on swallowing about two drachms of the poison by\nmistake, that it had a bitter taste. When the common acid is mixed with organic liquids, a taste is not likely to be perceptible unless the dose is large.\n\nWith regard to the odour, Dr. Christison states that when\ndiffused, it has a distant resemblance to that of bitter almonds ;\nbut it is accompanied with a peculiar impression of acridity on\nthe nostrils and back of the throat. (Op. cit. 752.) Orfila also\nsays that it is similar to that of bitter almonds : — this is, indeed,\nthe common impression. There is, however, a difference between\nthese odours ; but the difference is not perceptible to the senses\nof all, and the only practical point requiring notice is, that the\ndiluted odour of bitter almonds would probably be pronounced by\nmany persons to indicate the presence of prussic acid, especially\nif there existed any suspicion of violent death. Even experienced\nmedical men have to my knowledge been deceived on this point.\nThere are some who are unable to perceive the odour of prussic\nacid when it exists in large proportion, whether mixed with water\nor other liquids ; while others, again, are peculiarly susceptible\nof it. With some, it does not affect the olfactory nerves at all,\nbut produces merely a sense of constriction in the throat. These\nfacts appear to me to explain, — why, on being called to a case of\npoisoning by this acid, or during the examination of a body,\nsome medical men perceive the odour while others do not.\nWhen many have to\nform a judgment on this subject, it is much\nmore common to find disagreement than unanimity. In a case\nseen by Dr. Christison, in which a man had swallowed a large\ndose of prussic acid, there was no odour in the breath, near the\npatient, nor in any part of the room. Two persons could not\nperceive any odour in six ounces of the warm fluid freshly\ndrawn from the stomach by the pump. (Ed. Month. Journal,\nEeb. 1850, p. 97.) On other occasions the odour may be concealed by peppermint, tobacco, or other odours. In a case communicated to me in May 1850, by Mr. Rake, a man swallowed\na large dose of prussic acid, and was observed walking and\nsmoking a pipe. He was found dead in a privy very shortly\nafterwards ; but although the body was still warm, the smell of\ntobacco-smoke from the mouth completely overpowered and\nconcealed the odour of prussic acid. On opening the body, the\nsmell of the acid was at once perceptible.\n\n\n" }, 
    "7894" : {"_type" : "Span",  "sofa" : 1,  "begin" : 212,  "end" : 217,  "label" : "Smell_Word" }, 
    "7899" : {"_type" : "Span",  "sofa" : 1,  "begin" : 218,  "end" : 232,  "label" : "Smell_Source" }, 
    "7955" : {"_type" : "Span",  "sofa" : 1,  "begin" : 668,  "end" : 673,  "label" : "Smell_Word" }, 
    "7986" : {"_type" : "Span",  "sofa" : 1,  "begin" : 724,  "end" : 771,  "label" : "Evoked_Odorant" }, 
    "7981" : {"_type" : "Span",  "sofa" : 1,  "begin" : 702,  "end" : 715,  "label" : "Circumstances" }, 
    "8012" : {"_type" : "Span",  "sofa" : 1,  "begin" : 784,  "end" : 834,  "label" : "Effect" }, 
    "8024" : {"_type" : "Span",  "sofa" : 1,  "begin" : 835,  "end" : 850,  "label" : "Perceiver" }, 
    "8046" : {"_type" : "Span",  "sofa" : 1,  "begin" : 913,  "end" : 915,  "label" : "Smell_Word" }, 
    "8036" : {"_type" : "Span",  "sofa" : 1,  "begin" : 891,  "end" : 897,  "label" : "Perceiver" }, 
    "8041" : {"_type" : "Span",  "sofa" : 1,  "begin" : 919,  "end" : 952,  "label" : "Evoked_Odorant" }, 
    "8077" : {"_type" : "Span",  "sofa" : 1,  "begin" : 1179,  "end" : 1184,  "label" : "Smell_Word" }, 
    "8087" : {"_type" : "Span",  "sofa" : 1,  "begin" : 1185,  "end" : 1202,  "label" : "Smell_Source" }, 
    "8082" : {"_type" : "Span",  "sofa" : 1,  "begin" : 1171,  "end" : 1178,  "label" : "Quality" }, 
    "8106" : {"_type" : "Span",  "sofa" : 1,  "begin" : 1232,  "end" : 1247,  "label" : "Perceiver" }, 
    "8118" : {"_type" : "Span",  "sofa" : 1,  "begin" : 1276,  "end" : 1288,  "label" : "Odour_Carrier" }, 
    "8130" : {"_type" : "Span",  "sofa" : 1,  "begin" : 1290,  "end" : 1348,  "label" : "Circumstances" }, 
    "8142" : {"_type" : "Span",  "sofa" : 1,  "begin" : 1475,  "end" : 1480,  "label" : "Smell_Word" }, 
    "8152" : {"_type" : "Span",  "sofa" : 1,  "begin" : 1439,  "end" : 1443,  "label" : "Perceiver" }, 
    "8147" : {"_type" : "Span",  "sofa" : 1,  "begin" : 1481,  "end" : 1496,  "label" : "Smell_Source" }, 
    "8171" : {"_type" : "Span",  "sofa" : 1,  "begin" : 1497,  "end" : 1574,  "label" : "Circumstances" }, 
    "8205" : {"_type" : "Span",  "sofa" : 1,  "begin" : 1643,  "end" : 1645,  "label" : "Smell_Word" }, 
    "8229" : {"_type" : "Span",  "sofa" : 1,  "begin" : 1695,  "end" : 1748,  "label" : "Effect" }, 
    "8248" : {"_type" : "Span",  "sofa" : 1,  "begin" : 1637,  "end" : 1641,  "label" : "Perceiver" }, 
    "8188" : {"_type" : "Span",  "sofa" : 1,  "begin" : 1666,  "end" : 1675,  "label" : "Smell_Word" }, 
    "8183" : {"_type" : "Span",  "sofa" : 1,  "begin" : 1666,  "end" : 1675,  "label" : "Quality" }, 
    "8265" : {"_type" : "Span",  "sofa" : 1,  "begin" : 1914,  "end" : 1919,  "label" : "Smell_Word" }, 
    "8260" : {"_type" : "Span",  "sofa" : 1,  "begin" : 1884,  "end" : 1900 }, 
    "8282" : {"_type" : "Span",  "sofa" : 1,  "begin" : 1794,  "end" : 1845,  "label" : "Circumstances" }, 
    "8277" : {"_type" : "Span",  "sofa" : 1,  "begin" : 1850,  "end" : 1882,  "label" : "Circumstances" }, 
    "8306" : {"_type" : "Span",  "sofa" : 1,  "begin" : 2158,  "end" : 2163,  "label" : "Smell_Word" }, 
    "8301" : {"_type" : "Span",  "sofa" : 1,  "begin" : 2128,  "end" : 2143,  "label" : "Smell_Source" }, 
    "8323" : {"_type" : "Span",  "sofa" : 1,  "begin" : 2179,  "end" : 2195,  "label" : "Location" }, 
    "8318" : {"_type" : "Span",  "sofa" : 1,  "begin" : 2164,  "end" : 2177,  "label" : "Location" }, 
    "8333" : {"_type" : "Span",  "sofa" : 1,  "begin" : 2201,  "end" : 2224,  "label" : "Location" }, 
    "8364" : {"_type" : "Span",  "sofa" : 1,  "begin" : 2261,  "end" : 2266,  "label" : "Smell_Word" }, 
    "8359" : {"_type" : "Span",  "sofa" : 1,  "begin" : 2226,  "end" : 2237,  "label" : "Perceiver" }, 
    "8376" : {"_type" : "Span",  "sofa" : 1,  "begin" : 2267,  "end" : 2298,  "label" : "Odour_Carrier" }, 
    "8388" : {"_type" : "Span",  "sofa" : 1,  "begin" : 2299,  "end" : 2341,  "label" : "Circumstances" }, 
    "8393" : {"_type" : "Span",  "sofa" : 1,  "begin" : 2406,  "end" : 2411,  "label" : "Smell_Word" }, 
    "8410" : {"_type" : "Span",  "sofa" : 1,  "begin" : 2412,  "end" : 2468,  "label" : "Circumstances" }, 
    "8432" : {"_type" : "Span",  "sofa" : 1,  "begin" : 2462,  "end" : 2468,  "label" : "Smell_Word" }, 
    "8427" : {"_type" : "Span",  "sofa" : 1,  "begin" : 2456,  "end" : 2461,  "label" : "Quality" }, 
    "8451" : {"_type" : "Span",  "sofa" : 1,  "begin" : 2713,  "end" : 2718,  "label" : "Smell_Word" }, 
    "8456" : {"_type" : "Span",  "sofa" : 1,  "begin" : 2719,  "end" : 2735,  "label" : "Smell_Source" }, 
    "8461" : {"_type" : "Span",  "sofa" : 1,  "begin" : 2736,  "end" : 2750,  "label" : "Location" }, 
    "8480" : {"_type" : "Span",  "sofa" : 1,  "begin" : 2751,  "end" : 2813,  "label" : "Effect" }, 
    "8492" : {"_type" : "Span",  "sofa" : 1,  "begin" : 2792,  "end" : 2797,  "label" : "Smell_Word" }, 
    "8497" : {"_type" : "Span",  "sofa" : 1,  "begin" : 2798,  "end" : 2813,  "label" : "Smell_Source" }, 
    "8514" : {"_type" : "Span",  "sofa" : 1,  "begin" : 2840,  "end" : 2845,  "label" : "Smell_Word" }, 
    "8524" : {"_type" : "Span",  "sofa" : 1,  "begin" : 2862,  "end" : 2869,  "label" : "Time" }, 
    "8519" : {"_type" : "Span",  "sofa" : 1,  "begin" : 2846,  "end" : 2857,  "label" : "Smell_Source" }, 
    "8529" : {"_type" : "Span",  "sofa" : 1,  "begin" : 2870,  "end" : 2881,  "label" : "Quality" }, 
    "8509" : {"_type" : "Span",  "sofa" : 1,  "begin" : 2815,  "end" : 2834,  "label" : "Circumstances" } } }