#FORMAT=WebAnno TSV 3.3


#Text=Geslagt een van die geenen, die zig natuurlyk
#Text=BRAKKE KATTEKLAI.
1-1	2-9	Geslagt	
1-2	10-13	een	
1-3	14-17	van	
1-4	18-21	die	
1-5	22-28	geenen	
1-6	28-29	,	
1-7	30-33	die	
1-8	34-37	zig	
1-9	38-47	natuurlyk	
1-10	48-54	BRAKKE	
1-11	55-64	KATTEKLAI	
1-12	64-65	.	

#Text=onderscheiden.
2-1	67-80	onderscheiden	
2-2	80-81	.	

#Text=Deeze Brakke Klai is geheel ontaart, niet alleen van de gewenschte
#Text=vrugtbaarheid, maar ook van het nut, dat andere Klaigeslagten aan de konstige Potteen
#Text=Steenbakkeryen toebrengen.
3-1	82-87	Deeze	
3-2	88-94	Brakke	
3-3	95-99	Klai	
3-4	100-102	is	
3-5	103-109	geheel	
3-6	110-117	ontaart	
3-7	117-118	,	
3-8	119-123	niet	
3-9	124-130	alleen	
3-10	131-134	van	
3-11	135-137	de	
3-12	138-148	gewenschte	
3-13	149-162	vrugtbaarheid	
3-14	162-163	,	
3-15	164-168	maar	
3-16	169-172	ook	
3-17	173-176	van	
3-18	177-180	het	
3-19	181-184	nut	
3-20	184-185	,	
3-21	186-189	dat	
3-22	190-196	andere	
3-23	197-210	Klaigeslagten	
3-24	211-214	aan	
3-25	215-217	de	
3-26	218-226	konstige	
3-27	227-234	Potteen	
3-28	235-249	Steenbakkeryen	
3-29	250-260	toebrengen	
3-30	260-261	.	

#Text=Eene taaie aardstoffe verbind haar, door de
#Text=tusschenkomst van zouten en zwavelige brakke vettigheden tot eene onnutte en
#Text=onbruikbaare Klai.
4-1	262-266	Eene	
4-2	267-272	taaie	
4-3	273-283	aardstoffe	
4-4	284-291	verbind	
4-5	292-296	haar	
4-6	296-297	,	
4-7	298-302	door	
4-8	303-305	de	
4-9	306-319	tusschenkomst	
4-10	320-323	van	
4-11	324-330	zouten	
4-12	331-333	en	
4-13	334-343	zwavelige	
4-14	344-350	brakke	
4-15	351-362	vettigheden	
4-16	363-366	tot	
4-17	367-371	eene	
4-18	372-379	onnutte	
4-19	380-382	en	
4-20	383-395	onbruikbaare	
4-21	396-400	Klai	
4-22	400-401	.	

#Text=De zanddeelen zyn zwart, bedorven, en doortrokken van de
#Text=gemelde zouten, en een stinkenden aardmodder;
#Text=zoo dat derzelver korrels eene
#Text=blaauwe verwe aan het zuiver water mededeelen.
5-1	402-404	De	
5-2	405-415	zanddeelen	
5-3	416-419	zyn	
5-4	420-425	zwart	
5-5	425-426	,	
5-6	427-435	bedorven	
5-7	435-436	,	
5-8	437-439	en	
5-9	440-451	doortrokken	
5-10	452-455	van	
5-11	456-458	de	
5-12	459-466	gemelde	
5-13	467-473	zouten	
5-14	473-474	,	
5-15	475-477	en	
5-16	478-481	een	
5-17	482-492	stinkenden	
5-18	493-503	aardmodder	
5-19	503-504	;	
5-20	505-508	zoo	
5-21	509-512	dat	
5-22	513-522	derzelver	
5-23	523-530	korrels	
5-24	531-535	eene	
5-25	536-543	blaauwe	
5-26	544-549	verwe	
5-27	550-553	aan	
5-28	554-557	het	
5-29	558-564	zuiver	
5-30	565-570	water	
5-31	571-581	mededeelen	
5-32	581-582	.	

#Text=De algemeene eigenschap van dit
#Text=Geslagt is, dat de kluiten als steen opdroogen, en, gedroogd zynde, zig niet, dan na
#Text=eene zeer lange weeking en roering, en dat nog zeer taai, ontbinden laaten.
6-1	583-585	De	
6-2	586-595	algemeene	
6-3	596-606	eigenschap	
6-4	607-610	van	
6-5	611-614	dit	
6-6	615-622	Geslagt	
6-7	623-625	is	
6-8	625-626	,	
6-9	627-630	dat	
6-10	631-633	de	
6-11	634-641	kluiten	
6-12	642-645	als	
6-13	646-651	steen	
6-14	652-661	opdroogen	
6-15	661-662	,	
6-16	663-665	en	
6-17	665-666	,	
6-18	667-675	gedroogd	
6-19	676-681	zynde	
6-20	681-682	,	
6-21	683-686	zig	
6-22	687-691	niet	
6-23	691-692	,	
6-24	693-696	dan	
6-25	697-699	na	
6-26	700-704	eene	
6-27	705-709	zeer	
6-28	710-715	lange	
6-29	716-723	weeking	
6-30	724-726	en	
6-31	727-734	roering	
6-32	734-735	,	
6-33	736-738	en	
6-34	739-742	dat	
6-35	743-746	nog	
6-36	747-751	zeer	
6-37	752-756	taai	
6-38	756-757	,	
6-39	758-767	ontbinden	
6-40	768-774	laaten	
6-41	774-775	.	

#Text=De
#Text=klaideelen zyn insgelyks ontaart, en als 't ware in zwarte leemige aarde verkeerd,
#Text=welker hoeveelheid meest al die van het zand overtreft.
7-1	776-778	De	
7-2	779-789	klaideelen	
7-3	790-793	zyn	
7-4	794-803	insgelyks	
7-5	804-811	ontaart	
7-6	811-812	,	
7-7	813-815	en	
7-8	816-819	als	
7-9	820-821	'	
7-10	821-822	t	
7-11	823-827	ware	
7-12	828-830	in	
7-13	831-837	zwarte	
7-14	838-845	leemige	
7-15	846-851	aarde	
7-16	852-860	verkeerd	
7-17	860-861	,	
7-18	862-868	welker	
7-19	869-880	hoeveelheid	
7-20	881-886	meest	
7-21	887-889	al	
7-22	890-893	die	
7-23	894-897	van	
7-24	898-901	het	
7-25	902-906	zand	
7-26	907-916	overtreft	
7-27	916-917	.	

#Text=Ze bezit een grooten overvloed
#Text=van taaie zwavelige aardstof;
#Text=zoo dat ik van één pond deezer Klai wel tot een once
#Text=smout gekreegen heb; dog van een zwarter koleur en brandagtiger reuk dan die der
#Text=zuivere Klai.
8-1	918-920	Ze	
8-2	921-926	bezit	
8-3	927-930	een	
8-4	931-938	grooten	
8-5	939-948	overvloed	
8-6	949-952	van	
8-7	953-958	taaie	
8-8	959-968	zwavelige	
8-9	969-977	aardstof	
8-10	977-978	;	
8-11	979-982	zoo	
8-12	983-986	dat	
8-13	987-989	ik	
8-14	990-993	van	
8-15	994-997	één	
8-16	998-1002	pond	
8-17	1003-1009	deezer	
8-18	1010-1014	Klai	
8-19	1015-1018	wel	
8-20	1019-1022	tot	
8-21	1023-1026	een	
8-22	1027-1031	once	
8-23	1032-1037	smout	
8-24	1038-1047	gekreegen	
8-25	1048-1051	heb	
8-26	1051-1052	;	
8-27	1053-1056	dog	
8-28	1057-1060	van	
8-29	1061-1064	een	
8-30	1065-1072	zwarter	
8-31	1073-1079	koleur	
8-32	1080-1082	en	
8-33	1083-1095	brandagtiger	
8-34	1096-1100	reuk	
8-35	1101-1104	dan	
8-36	1105-1108	die	
8-37	1109-1112	der	
8-38	1113-1120	zuivere	
8-39	1121-1125	Klai	
8-40	1125-1126	.	

#Text=De Soor ten van dit Geslagt zyn de twee volgende.
9-1	1127-1129	De	
9-2	1130-1134	Soor	
9-3	1135-1138	ten	
9-4	1139-1142	van	
9-5	1143-1146	dit	
9-6	1147-1154	Geslagt	
9-7	1155-1158	zyn	
9-8	1159-1161	de	
9-9	1162-1166	twee	
9-10	1167-1175	volgende	
9-11	1175-1176	.	

#Text=J. le Francq van Berkhey, Natuurlyke historie van Holland.
10-1	1179-1180	J	
10-2	1180-1181	.	
10-3	1182-1184	le	
10-4	1185-1191	Francq	
10-5	1192-1195	van	
10-6	1196-1203	Berkhey	
10-7	1203-1204	,	
10-8	1205-1215	Natuurlyke	
10-9	1216-1224	historie	
10-10	1225-1228	van	
10-11	1229-1236	Holland	
10-12	1236-1237	.	

#Text=Deel 2
#Text=
#Text=\f340
#Text=+
#Text=
#Text=
#Text=Eerste Soort.
11-1	1238-1242	Deel	
11-2	1243-1244	2	
11-3	1247-1250	340	
11-4	1251-1252	+	
11-5	1255-1261	Eerste	
11-6	1262-1267	Soort	
11-7	1267-1268	.	

#Text=Zwarte veen-katteklai
12-1	1270-1276	Zwarte	
12-2	1277-1291	veen-katteklai	

#Text=.
13-1	1291-1292	.	

#Text=+
#Text=
#Text=DELFSTOFFEN
14-1	1295-1296	+	
14-2	1298-1309	DELFSTOFFEN	

#Text=.
15-1	1309-1310	.	

#Text=+
#Text=
#Text=Deeze word onder de Veenen gevonden, en is zoo zwart als het Veen zelve;
#Text=
#Text=mitsgaders dermaate taai, dat een baggerman +ze naauwlyks kan opvisschen, dewyl
#Text=+
16-1	1313-1314	+	
16-2	1316-1321	Deeze	
16-3	1322-1326	word	
16-4	1327-1332	onder	
16-5	1333-1335	de	
16-6	1336-1342	Veenen	
16-7	1343-1351	gevonden	
16-8	1351-1352	,	
16-9	1353-1355	en	
16-10	1356-1358	is	
16-11	1359-1362	zoo	
16-12	1363-1368	zwart	
16-13	1369-1372	als	
16-14	1373-1376	het	
16-15	1377-1381	Veen	
16-16	1382-1387	zelve	
16-17	1387-1388	;	
16-18	1390-1400	mitsgaders	
16-19	1401-1409	dermaate	
16-20	1410-1414	taai	
16-21	1414-1415	,	
16-22	1416-1419	dat	
16-23	1420-1423	een	
16-24	1424-1433	baggerman	
16-25	1434-1435	+	
16-26	1435-1437	ze	
16-27	1438-1447	naauwlyks	
16-28	1448-1451	kan	
16-29	1452-1462	opvisschen	
16-30	1462-1463	,	
16-31	1464-1469	dewyl	
16-32	1470-1471	+	
