#FORMAT=WebAnno TSV 3.3


#Text=96
#Text=leertse sijn
#Text=volk
#Text=alle Sabbaten.
1-1	2-4	96	
1-2	5-12	leertse	
1-3	13-17	sijn	
1-4	18-22	volk	
1-5	23-27	alle	
1-6	28-36	Sabbaten	
1-7	36-37	.	

#Text=Sy zijn ook geensins minder, maar noch groter dan
#Text=de geenen die God eerst door Moses en Aaron dede.
2-1	38-40	Sy	
2-2	41-45	zijn	
2-3	46-49	ook	
2-4	50-58	geensins	
2-5	59-65	minder	
2-6	65-66	,	
2-7	67-71	maar	
2-8	72-76	noch	
2-9	77-83	groter	
2-10	84-87	dan	
2-11	88-90	de	
2-12	91-97	geenen	
2-13	98-101	die	
2-14	102-105	God	
2-15	106-111	eerst	
2-16	112-116	door	
2-17	117-122	Moses	
2-18	123-125	en	
2-19	126-131	Aaron	
2-20	132-136	dede	
2-21	136-137	.	

#Text=De staven wierden slangen;
#Text=de
#Text=slangen staven:
#Text=maar menschen worden katten, wolven, en ik weet niet al wat meer.
3-1	138-140	De	
3-2	141-147	staven	
3-3	148-155	wierden	
3-4	156-163	slangen	
3-5	163-164	;	
3-6	165-167	de	
3-7	168-175	slangen	
3-8	176-182	staven	
3-9	182-183	:	
3-10	184-188	maar	
3-11	189-197	menschen	
3-12	198-204	worden	
3-13	205-211	katten	
3-14	211-212	,	
3-15	213-219	wolven	
3-16	219-220	,	
3-17	221-223	en	
3-18	224-226	ik	
3-19	227-231	weet	
3-20	232-236	niet	
3-21	237-239	al	
3-22	240-243	wat	
3-23	244-248	meer	
3-24	248-249	.	

#Text=Ook was 't maar eens dat die verscheppinge voor Farao gedaan wierd:
#Text=de Duivel
#Text=doetse elken Sabbath, en ook al den dagh.
4-1	252-255	Ook	
4-2	256-259	was	
4-3	260-261	'	
4-4	261-262	t	
4-5	263-267	maar	
4-6	268-272	eens	
4-7	273-276	dat	
4-8	277-280	die	
4-9	281-294	verscheppinge	
4-10	295-299	voor	
4-11	300-305	Farao	
4-12	306-312	gedaan	
4-13	313-318	wierd	
4-14	318-319	:	
4-15	320-322	de	
4-16	323-329	Duivel	
4-17	330-336	doetse	
4-18	337-342	elken	
4-19	343-350	Sabbath	
4-20	350-351	,	
4-21	352-354	en	
4-22	355-358	ook	
4-23	359-361	al	
4-24	362-365	den	
4-25	366-370	dagh	
4-26	370-371	.	

#Text=God voerde 't volk maar eenmaal door de
#Text=Roode Zee, en eens door den Iordaan; de Duivel voert de sijnen alle dagen door de
#Text=lucht; en dat onsigtbaar.
5-1	372-375	God	
5-2	376-382	voerde	
5-3	383-384	'	
5-4	384-385	t	
5-5	386-390	volk	
5-6	391-395	maar	
5-7	396-403	eenmaal	
5-8	404-408	door	
5-9	409-411	de	
5-10	412-417	Roode	
5-11	418-421	Zee	
5-12	421-422	,	
5-13	423-425	en	
5-14	426-430	eens	
5-15	431-435	door	
5-16	436-439	den	
5-17	440-447	Iordaan	
5-18	447-448	;	
5-19	449-451	de	
5-20	452-458	Duivel	
5-21	459-464	voert	
5-22	465-467	de	
5-23	468-474	sijnen	
5-24	475-479	alle	
5-25	480-485	dagen	
5-26	486-490	door	
5-27	491-493	de	
5-28	494-499	lucht	
5-29	499-500	;	
5-30	501-503	en	
5-31	504-507	dat	
5-32	508-518	onsigtbaar	
5-33	518-519	.	

#Text=Maar 't volk Israel ging so verborgen niet:
#Text=had Farao slecht
#Text=konnen by hen komen, sy souden sijnen ogen also weinig zijn ontkomen als sijne
#Text=handen.
6-1	520-524	Maar	
6-2	525-526	'	
6-3	526-527	t	
6-4	528-532	volk	
6-5	533-539	Israel	
6-6	540-544	ging	
6-7	545-547	so	
6-8	548-557	verborgen	
6-9	558-562	niet	
6-10	562-563	:	
6-11	564-567	had	
6-12	568-573	Farao	
6-13	574-580	slecht	
6-14	581-587	konnen	
6-15	588-590	by	
6-16	591-594	hen	
6-17	595-600	komen	
6-18	600-601	,	
6-19	602-604	sy	
6-20	605-611	souden	
6-21	612-618	sijnen	
6-22	619-623	ogen	
6-23	624-628	also	
6-24	629-635	weinig	
6-25	636-640	zijn	
6-26	641-649	ontkomen	
6-27	650-653	als	
6-28	654-659	sijne	
6-29	660-666	handen	
6-30	666-667	.	

#Text=Tien plagen hebben eerst d' Egyptenaars gedrukt:
#Text=de Duivel en sijn volk zijn
#Text=noch gedurig besig die te plagen diese willen.
7-1	668-672	Tien	
7-2	673-679	plagen	
7-3	680-686	hebben	
7-4	687-692	eerst	
7-5	693-694	d	
7-6	694-695	'	
7-7	696-707	Egyptenaars	
7-8	708-715	gedrukt	
7-9	715-716	:	
7-10	717-719	de	
7-11	720-726	Duivel	
7-12	727-729	en	
7-13	730-734	sijn	
7-14	735-739	volk	
7-15	740-744	zijn	
7-16	745-749	noch	
7-17	750-757	gedurig	
7-18	758-763	besig	
7-19	764-767	die	
7-20	768-770	te	
7-21	771-777	plagen	
7-22	778-783	diese	
7-23	784-790	willen	
7-24	790-791	.	

#Text=Een vreeslijk onweer eens
#Text=was een
#Text=van dese plagen: maar sulx verwekt de Duivel door de kollen dagelix; doen hen den
#Text=wind opknopen en verkopen, het gene Moses nooit het herte heeft gehad te
#Text=onderleggen of te denken:
#Text=maar 't was God die den oosten en den westen wind dan
#Text=telkens komen dede.
8-1	792-795	Een	
8-2	796-805	vreeslijk	
8-3	806-812	onweer	
8-4	813-817	eens	
8-5	818-821	was	
8-6	822-825	een	
8-7	826-829	van	
8-8	830-834	dese	
8-9	835-841	plagen	
8-10	841-842	:	
8-11	843-847	maar	
8-12	848-852	sulx	
8-13	853-860	verwekt	
8-14	861-863	de	
8-15	864-870	Duivel	
8-16	871-875	door	
8-17	876-878	de	
8-18	879-885	kollen	
8-19	886-893	dagelix	
8-20	893-894	;	
8-21	895-899	doen	
8-22	900-903	hen	
8-23	904-907	den	
8-24	908-912	wind	
8-25	913-921	opknopen	
8-26	922-924	en	
8-27	925-933	verkopen	
8-28	933-934	,	
8-29	935-938	het	
8-30	939-943	gene	
8-31	944-949	Moses	
8-32	950-955	nooit	
8-33	956-959	het	
8-34	960-965	herte	
8-35	966-971	heeft	
8-36	972-977	gehad	
8-37	978-980	te	
8-38	981-992	onderleggen	
8-39	993-995	of	
8-40	996-998	te	
8-41	999-1005	denken	
8-42	1005-1006	:	
8-43	1007-1011	maar	
8-44	1012-1013	'	
8-45	1013-1014	t	
8-46	1015-1018	was	
8-47	1019-1022	God	
8-48	1023-1026	die	
8-49	1027-1030	den	
8-50	1031-1037	oosten	
8-51	1038-1040	en	
8-52	1041-1044	den	
8-53	1045-1051	westen	
8-54	1052-1056	wind	
8-55	1057-1060	dan	
8-56	1061-1068	telkens	
8-57	1069-1074	komen	
8-58	1075-1079	dede	
8-59	1079-1080	.	

#Text=Exod.
#Text=10: 13, 19 en 14: 21.
9-1	1081-1085	Exod	
9-2	1085-1086	.	
9-3	1087-1089	10	
9-4	1089-1090	:	
9-5	1091-1093	13	
9-6	1093-1094	,	
9-7	1095-1097	19	
9-8	1098-1100	en	
9-9	1101-1103	14	
9-10	1103-1104	:	
9-11	1105-1107	21	
9-12	1107-1108	.	
