#FORMAT=WebAnno TSV 3.3


#Text=Simon Stevin, Wisconstighe gedachtenissen.
1-1	4-9	Simon	
1-2	10-16	Stevin	
1-3	16-17	,	
1-4	18-30	Wisconstighe	
1-5	31-45	gedachtenissen	
1-6	45-46	.	

#Text=Deel 1: van 't weereltschrift
#Text=
#Text=\f76
#Text=
#Text=4 Form.
2-1	47-51	Deel	
2-2	52-53	1	
2-3	53-54	:	
2-4	55-58	van	
2-5	59-60	'	
2-6	60-61	t	
2-7	62-76	weereltschrift	
2-8	79-81	76	
2-9	83-84	4	
2-10	85-89	Form	
2-11	89-90	.	

#Text=Al t'welck deur sijn selven openbaer genouch wesende, en behouven daer af gheen
#Text=
#Text=bewijste doen.
3-1	94-96	Al	
3-2	97-104	t'welck	
3-3	105-109	deur	
3-4	110-114	sijn	
3-5	115-121	selven	
3-6	122-130	openbaer	
3-7	131-138	genouch	
3-8	139-146	wesende	
3-9	146-147	,	
3-10	148-150	en	
3-11	151-159	behouven	
3-12	160-164	daer	
3-13	165-167	af	
3-14	168-173	gheen	
3-15	175-183	bewijste	
3-16	184-188	doen	
3-17	188-189	.	

#Text=TBESLVYT.
4-1	190-198	TBESLVYT	
4-2	198-199	.	

#Text=Wy hebben dan verclaert deur wat middel ghesien
#Text=wort
#Text=den dampcloot, en hoe die een oirsaeck is des dageraets na den eysch.
#Text=
#Text=
#Text=2 Voorstel.
5-1	200-202	Wy	
5-2	203-209	hebben	
5-3	210-213	dan	
5-4	214-223	verclaert	
5-5	224-228	deur	
5-6	229-232	wat	
5-7	233-239	middel	
5-8	240-247	ghesien	
5-9	248-252	wort	
5-10	253-256	den	
5-11	257-266	dampcloot	
5-12	266-267	,	
5-13	268-270	en	
5-14	271-274	hoe	
5-15	275-278	die	
5-16	279-282	een	
5-17	283-291	oirsaeck	
5-18	292-294	is	
5-19	295-298	des	
5-20	299-308	dageraets	
5-21	309-311	na	
5-22	312-315	den	
5-23	316-321	eysch	
5-24	321-322	.	
5-25	325-326	2	
5-26	327-335	Voorstel	
5-27	335-336	.	

#Text=Wesende ghegheven de leeghde vanden bovecant der Son onder den sichteinder,
#Text=ten tijde vant begin des dageraets:
#Text=Te vinden de damphooghde in sulcke deelen
#Text=
#Text=alsser
#Text=des Eertcloots halfmiddellijn 10000000 doet
6-1	338-345	Wesende	
6-2	346-355	ghegheven	
6-3	356-358	de	
6-4	359-366	leeghde	
6-5	367-373	vanden	
6-6	374-382	bovecant	
6-7	383-386	der	
6-8	387-390	Son	
6-9	391-396	onder	
6-10	397-400	den	
6-11	401-412	sichteinder	
6-12	412-413	,	
6-13	414-417	ten	
6-14	418-423	tijde	
6-15	424-428	vant	
6-16	429-434	begin	
6-17	435-438	des	
6-18	439-448	dageraets	
6-19	448-449	:	
6-20	450-452	Te	
6-21	453-459	vinden	
6-22	460-462	de	
6-23	463-474	damphooghde	
6-24	475-477	in	
6-25	478-484	sulcke	
6-26	485-491	deelen	
6-27	493-499	alsser	
6-28	500-503	des	
6-29	504-514	Eertcloots	
6-30	515-529	halfmiddellijn	
6-31	530-538	10000000	
6-32	539-543	doet	

#Text=.
7-1	543-544	.	

#Text=*
#Text=
#Text=TGHEGHEVEN.
8-1	546-547	*	
8-2	549-559	TGHEGHEVEN	
8-3	559-560	.	

#Text=Laet A B C D den Eertcloot sijn, diens middelpunt E, wisconstighen
#Text=sichteinder A D, de dampcloot daer rontom F G H I, en B het oogh eens sienders *Horizon mathematicus
9-1	561-565	Laet	
9-2	566-567	A	
9-3	568-569	B	
9-4	570-571	C	
9-5	572-573	D	
9-6	574-577	den	
9-7	578-587	Eertcloot	
9-8	588-592	sijn	
9-9	592-593	,	
9-10	594-599	diens	
9-11	600-610	middelpunt	
9-12	611-612	E	
9-13	612-613	,	
9-14	614-627	wisconstighen	
9-15	628-639	sichteinder	
9-16	640-641	A	
9-17	642-643	D	
9-18	643-644	,	
9-19	645-647	de	
9-20	648-657	dampcloot	
9-21	658-662	daer	
9-22	663-669	rontom	
9-23	670-671	F	
9-24	672-673	G	
9-25	674-675	H	
9-26	676-677	I	
9-27	677-678	,	
9-28	679-681	en	
9-29	682-683	B	
9-30	684-687	het	
9-31	688-692	oogh	
9-32	693-697	eens	
9-33	698-706	sienders	
9-34	707-708	*	
9-35	708-715	Horizon	
9-36	716-728	mathematicus	

#Text=.
10-1	728-729	.	

#Text=*
#Text=
#Text=op den Eertcloot, diens natuerlicken sichteinder G H, eyndende over beyden
#Text=
#Text=*
#Text=
#Text=sijden inden
#Text=omtreck des damps an G en H:
11-1	731-732	*	
11-2	734-736	op	
11-3	737-740	den	
11-4	741-750	Eertcloot	
11-5	750-751	,	
11-6	752-757	diens	
11-7	758-770	natuerlicken	
11-8	771-782	sichteinder	
11-9	783-784	G	
11-10	785-786	H	
11-11	786-787	,	
11-12	788-796	eyndende	
11-13	797-801	over	
11-14	802-808	beyden	
11-15	810-811	*	
11-16	813-819	sijden	
11-17	820-825	inden	
11-18	826-833	omtreck	
11-19	834-837	des	
11-20	838-843	damps	
11-21	844-846	an	
11-22	847-848	G	
11-23	849-851	en	
11-24	852-853	H	
11-25	853-854	:	
