#FORMAT=WebAnno TSV 3.3


#Text=De
#Text=Uyterlyke Deelen
#Text=der Wurm syn
#Text=, het Hooft, het Bekkeneel, de Hoornkens, de
#Text=Oogen, de Tanden, de Bek
#Text=, de Tong met syn hayrige vlieskens; die sig op de wyse,
#Text=als in de Kreeften, vertoonen: de Borst, de Beenen, de Nagelen, de Buyk met syn
#Text=toebehooren; de bovenste twalf Kuwen;
#Text=de onderste tien Vlot-Riemkens; de Staarten
#Text=met haare Aanhangselen; en eyndelyk de Openingen van de Longpypen onder de
#Text=Borst.
1-1	2-4	De	
1-2	5-14	Uyterlyke	
1-3	15-21	Deelen	
1-4	22-25	der	
1-5	26-30	Wurm	
1-6	31-34	syn	
1-7	35-36	,	
1-8	37-40	het	
1-9	41-46	Hooft	
1-10	46-47	,	
1-11	48-51	het	
1-12	52-61	Bekkeneel	
1-13	61-62	,	
1-14	63-65	de	
1-15	66-75	Hoornkens	
1-16	75-76	,	
1-17	77-79	de	
1-18	80-85	Oogen	
1-19	85-86	,	
1-20	87-89	de	
1-21	90-96	Tanden	
1-22	96-97	,	
1-23	98-100	de	
1-24	101-104	Bek	
1-25	105-106	,	
1-26	107-109	de	
1-27	110-114	Tong	
1-28	115-118	met	
1-29	119-122	syn	
1-30	123-130	hayrige	
1-31	131-140	vlieskens	
1-32	140-141	;	
1-33	142-145	die	
1-34	146-149	sig	
1-35	150-152	op	
1-36	153-155	de	
1-37	156-160	wyse	
1-38	160-161	,	
1-39	162-165	als	
1-40	166-168	in	
1-41	169-171	de	
1-42	172-180	Kreeften	
1-43	180-181	,	
1-44	182-191	vertoonen	
1-45	191-192	:	
1-46	193-195	de	
1-47	196-201	Borst	
1-48	201-202	,	
1-49	203-205	de	
1-50	206-212	Beenen	
1-51	212-213	,	
1-52	214-216	de	
1-53	217-224	Nagelen	
1-54	224-225	,	
1-55	226-228	de	
1-56	229-233	Buyk	
1-57	234-237	met	
1-58	238-241	syn	
1-59	242-253	toebehooren	
1-60	253-254	;	
1-61	255-257	de	
1-62	258-266	bovenste	
1-63	267-272	twalf	
1-64	273-278	Kuwen	
1-65	278-279	;	
1-66	280-282	de	
1-67	283-291	onderste	
1-68	292-296	tien	
1-69	297-310	Vlot-Riemkens	
1-70	310-311	;	
1-71	312-314	de	
1-72	315-323	Staarten	
1-73	324-327	met	
1-74	328-333	haare	
1-75	334-346	Aanhangselen	
1-76	346-347	;	
1-77	348-350	en	
1-78	351-359	eyndelyk	
1-79	360-362	de	
1-80	363-372	Openingen	
1-81	373-376	van	
1-82	377-379	de	
1-83	380-389	Longpypen	
1-84	390-395	onder	
1-85	396-398	de	
1-86	399-404	Borst	
1-87	404-405	.	

#Text=De Inwendige deelen in het Manneken sijn behalven het Bloet, ende de Vliesen,
#Text=de Spieren, het Vet, de Maagh, de Darmen, de Long-pypen, het Hart, de Rug-graat,
#Text=ende de Saat-vaaten.
2-1	408-410	De	
2-2	411-420	Inwendige	
2-3	421-427	deelen	
2-4	428-430	in	
2-5	431-434	het	
2-6	435-443	Manneken	
2-7	444-448	sijn	
2-8	449-457	behalven	
2-9	458-461	het	
2-10	462-467	Bloet	
2-11	467-468	,	
2-12	469-473	ende	
2-13	474-476	de	
2-14	477-484	Vliesen	
2-15	484-485	,	
2-16	486-488	de	
2-17	489-496	Spieren	
2-18	496-497	,	
2-19	498-501	het	
2-20	502-505	Vet	
2-21	505-506	,	
2-22	507-509	de	
2-23	510-515	Maagh	
2-24	515-516	,	
2-25	517-519	de	
2-26	520-526	Darmen	
2-27	526-527	,	
2-28	528-530	de	
2-29	531-541	Long-pypen	
2-30	541-542	,	
2-31	543-546	het	
2-32	547-551	Hart	
2-33	551-552	,	
2-34	553-555	de	
2-35	556-565	Rug-graat	
2-36	565-566	,	
2-37	567-571	ende	
2-38	572-574	de	
2-39	575-586	Saat-vaaten	
2-40	586-587	.	

#Text=In het Wyfken, daar ik alle deselve deelen bevinde, is alleen dit onderscheyt; dat,
#Text=in plaats van de Saat-blaaskens of Hom, aldaar de Kuyt of Eyerstok te sien is;
#Text=die
#Text=met dunne vlieskens, dewelke met seer veel lucht-pypkens doorweeven sijn,
#Text=omvangen wordt.
3-1	590-592	In	
3-2	593-596	het	
3-3	597-603	Wyfken	
3-4	603-604	,	
3-5	605-609	daar	
3-6	610-612	ik	
3-7	613-617	alle	
3-8	618-625	deselve	
3-9	626-632	deelen	
3-10	633-640	bevinde	
3-11	640-641	,	
3-12	642-644	is	
3-13	645-651	alleen	
3-14	652-655	dit	
3-15	656-667	onderscheyt	
3-16	667-668	;	
3-17	669-672	dat	
3-18	672-673	,	
3-19	674-676	in	
3-20	677-683	plaats	
3-21	684-687	van	
3-22	688-690	de	
3-23	691-705	Saat-blaaskens	
3-24	706-708	of	
3-25	709-712	Hom	
3-26	712-713	,	
3-27	714-720	aldaar	
3-28	721-723	de	
3-29	724-728	Kuyt	
3-30	729-731	of	
3-31	732-740	Eyerstok	
3-32	741-743	te	
3-33	744-748	sien	
3-34	749-751	is	
3-35	751-752	;	
3-36	753-756	die	
3-37	757-760	met	
3-38	761-766	dunne	
3-39	767-776	vlieskens	
3-40	776-777	,	
3-41	778-785	dewelke	
3-42	786-789	met	
3-43	790-794	seer	
3-44	795-799	veel	
3-45	800-813	lucht-pypkens	
3-46	814-824	doorweeven	
3-47	825-829	sijn	
3-48	829-830	,	
3-49	831-839	omvangen	
3-50	840-845	wordt	
3-51	845-846	.	

#Text=Maar alsoo ik de Inwendige deelen van het
#Text=
#Text=Jan Swammerdam, Bybel der natuure of historie der insecten.
4-1	849-853	Maar	
4-2	854-859	alsoo	
4-3	860-862	ik	
4-4	863-865	de	
4-5	866-875	Inwendige	
4-6	876-882	deelen	
4-7	883-886	van	
4-8	887-890	het	
4-9	892-895	Jan	
4-10	896-906	Swammerdam	
4-11	906-907	,	
4-12	908-913	Bybel	
4-13	914-917	der	
4-14	918-925	natuure	
4-15	926-928	of	
4-16	929-937	historie	
4-17	938-941	der	
4-18	942-950	insecten	
4-19	950-951	.	

#Text=Deel 1
#Text=
#Text=\f
#Text=247
#Text=Oculos, ob defectum
#Text=Vermium & Animalculorum
#Text=, haud satis accurate examinaverim;
#Text=
#Text=haud multa de iis, neque & de partibus Thoracis, utpote qui maximam partem
#Text=Musculis
#Text=Pedum & Alarum
#Text=repletur, sum dicturus.
5-1	952-956	Deel	
5-2	957-958	1	
5-3	962-965	247	
5-4	966-972	Oculos	
5-5	972-973	,	
5-6	974-976	ob	
5-7	977-985	defectum	
5-8	986-993	Vermium	
5-9	994-995	&	
5-10	996-1009	Animalculorum	
5-11	1010-1011	,	
5-12	1012-1016	haud	
5-13	1017-1022	satis	
5-14	1023-1031	accurate	
5-15	1032-1044	examinaverim	
5-16	1044-1045	;	
5-17	1047-1051	haud	
5-18	1052-1057	multa	
5-19	1058-1060	de	
5-20	1061-1064	iis	
5-21	1064-1065	,	
5-22	1066-1071	neque	
5-23	1072-1073	&	
5-24	1074-1076	de	
5-25	1077-1085	partibus	
5-26	1086-1094	Thoracis	
5-27	1094-1095	,	
5-28	1096-1102	utpote	
5-29	1103-1106	qui	
5-30	1107-1114	maximam	
5-31	1115-1121	partem	
5-32	1122-1130	Musculis	
5-33	1131-1136	Pedum	
5-34	1137-1138	&	
5-35	1139-1145	Alarum	
5-36	1146-1154	repletur	
5-37	1154-1155	,	
5-38	1156-1159	sum	
5-39	1160-1168	dicturus	
5-40	1168-1169	.	
