{"_context" : {
    "_types" : {
      "DocumentMetaData" : {
        "_feature_types" : {"sofa" : "_ref" } }, 
      "Sentence" : {
        "_feature_types" : {"sofa" : "_ref" } }, 
      "Sofa" : {
        "_feature_types" : {"sofaArray" : "_ref" } }, 
      "TagsetDescription" : {
        "_feature_types" : {"sofa" : "_ref",  "tags" : "_ref" } }, 
      "Token" : {
        "_feature_types" : {"sofa" : "_ref",  "parent" : "_ref",  "lemma" : "_ref",  "stem" : "_ref",  "pos" : "_ref",  "morph" : "_ref",  "form" : "_ref" } }, 
      "DocumentAnnotation" : {
        "_feature_types" : {"sofa" : "_ref" }, 
        "_subtypes" : ["DocumentMetaData" ] }, 
      "Annotation" : {
        "_feature_types" : {"sofa" : "_ref" }, 
        "_subtypes" : ["DocumentAnnotation",  "Sentence",  "TagsetDescription",  "Token" ] }, 
      "AnnotationBase" : {
        "_feature_types" : {"sofa" : "_ref" }, 
        "_subtypes" : ["Annotation" ] }, 
      "TOP" : {
        "_subtypes" : ["AnnotationBase",  "Sofa" ] } } }, 
  "_views" : {
    "_InitialView" : {
      "DocumentMetaData" : [
        {"sofa" : 1,  "end" : 1708,  "language" : "x-unspecified",  "documentTitle" : "078E%20E.%20T.%201734%20The%20Art%20and%20Mystery%20of%20vintners%20and%20wine%20coopers__64_distribution_HOUS.txt",  "documentId" : "satonelli",  "documentUri" : "file:/home/dhuser/alessio/inception/repository/project/29/document/11843/source/satonelli",  "collectionId" : "file:/home/dhuser/alessio/inception/repository/project/29/document/11843/source/",  "documentBaseUri" : "file:/home/dhuser/alessio/inception/repository/project/29/document/11843/source/",  "isLastSegment" : false } ], 
      "TagsetDescription" : [
        {"sofa" : 1,  "layer" : "webanno.custom.Emotions",  "name" : "Emotion Labels",  "input" : false }, 
        {"sofa" : 1,  "layer" : "custom.Relation",  "name" : "Relation labels",  "input" : false }, 
        {"sofa" : 1,  "layer" : "custom.Span",  "name" : "Smell labels",  "input" : false } ], 
      "Sentence" : [
        {"sofa" : 1,  "begin" : 3,  "end" : 147 }, 
        {"sofa" : 1,  "begin" : 148,  "end" : 384 }, 
        {"sofa" : 1,  "begin" : 386,  "end" : 622 }, 
        {"sofa" : 1,  "begin" : 624,  "end" : 661 }, 
        {"sofa" : 1,  "begin" : 662,  "end" : 869 }, 
        {"sofa" : 1,  "begin" : 871,  "end" : 911 }, 
        {"sofa" : 1,  "begin" : 912,  "end" : 1163 }, 
        {"sofa" : 1,  "begin" : 1165,  "end" : 1231 }, 
        {"sofa" : 1,  "begin" : 1232,  "end" : 1517 }, 
        {"sofa" : 1,  "begin" : 1518,  "end" : 1628 }, 
        {"sofa" : 1,  "begin" : 1629,  "end" : 1706 } ], 
      "Token" : [
        {"sofa" : 1,  "begin" : 3,  "end" : 6 }, 
        {"sofa" : 1,  "begin" : 7,  "end" : 12 }, 
        {"sofa" : 1,  "begin" : 13,  "end" : 17 }, 
        {"sofa" : 1,  "begin" : 18,  "end" : 20 }, 
        {"sofa" : 1,  "begin" : 21,  "end" : 26 }, 
        {"sofa" : 1,  "begin" : 27,  "end" : 32 }, 
        {"sofa" : 1,  "begin" : 33,  "end" : 40 }, 
        {"sofa" : 1,  "begin" : 41,  "end" : 43 }, 
        {"sofa" : 1,  "begin" : 44,  "end" : 49 }, 
        {"sofa" : 1,  "begin" : 49,  "end" : 50 }, 
        {"sofa" : 1,  "begin" : 51,  "end" : 61 }, 
        {"sofa" : 1,  "begin" : 62,  "end" : 69 }, 
        {"sofa" : 1,  "begin" : 69,  "end" : 70 }, 
        {"sofa" : 1,  "begin" : 71,  "end" : 76 }, 
        {"sofa" : 1,  "begin" : 77,  "end" : 79 }, 
        {"sofa" : 1,  "begin" : 80,  "end" : 89 }, 
        {"sofa" : 1,  "begin" : 89,  "end" : 90 }, 
        {"sofa" : 1,  "begin" : 91,  "end" : 94 }, 
        {"sofa" : 1,  "begin" : 95,  "end" : 99 }, 
        {"sofa" : 1,  "begin" : 100,  "end" : 108 }, 
        {"sofa" : 1,  "begin" : 109,  "end" : 111 }, 
        {"sofa" : 1,  "begin" : 112,  "end" : 117 }, 
        {"sofa" : 1,  "begin" : 118,  "end" : 121 }, 
        {"sofa" : 1,  "begin" : 122,  "end" : 127 }, 
        {"sofa" : 1,  "begin" : 127,  "end" : 128 }, 
        {"sofa" : 1,  "begin" : 129,  "end" : 132 }, 
        {"sofa" : 1,  "begin" : 133,  "end" : 135 }, 
        {"sofa" : 1,  "begin" : 136,  "end" : 140 }, 
        {"sofa" : 1,  "begin" : 141,  "end" : 146 }, 
        {"sofa" : 1,  "begin" : 146,  "end" : 147 }, 
        {"sofa" : 1,  "begin" : 148,  "end" : 151 }, 
        {"sofa" : 1,  "begin" : 152,  "end" : 165 }, 
        {"sofa" : 1,  "begin" : 166,  "end" : 168 }, 
        {"sofa" : 1,  "begin" : 168,  "end" : 169 }, 
        {"sofa" : 1,  "begin" : 170,  "end" : 174 }, 
        {"sofa" : 1,  "begin" : 175,  "end" : 178 }, 
        {"sofa" : 1,  "begin" : 179,  "end" : 183 }, 
        {"sofa" : 1,  "begin" : 184,  "end" : 191 }, 
        {"sofa" : 1,  "begin" : 192,  "end" : 196 }, 
        {"sofa" : 1,  "begin" : 197,  "end" : 202 }, 
        {"sofa" : 1,  "begin" : 202,  "end" : 203 }, 
        {"sofa" : 1,  "begin" : 204,  "end" : 207 }, 
        {"sofa" : 1,  "begin" : 208,  "end" : 213 }, 
        {"sofa" : 1,  "begin" : 214,  "end" : 219 }, 
        {"sofa" : 1,  "begin" : 220,  "end" : 227 }, 
        {"sofa" : 1,  "begin" : 228,  "end" : 233 }, 
        {"sofa" : 1,  "begin" : 234,  "end" : 236 }, 
        {"sofa" : 1,  "begin" : 237,  "end" : 240 }, 
        {"sofa" : 1,  "begin" : 241,  "end" : 246 }, 
        {"sofa" : 1,  "begin" : 247,  "end" : 249 }, 
        {"sofa" : 1,  "begin" : 250,  "end" : 251 }, 
        {"sofa" : 1,  "begin" : 252,  "end" : 258 }, 
        {"sofa" : 1,  "begin" : 258,  "end" : 259 }, 
        {"sofa" : 1,  "begin" : 260,  "end" : 265 }, 
        {"sofa" : 1,  "begin" : 266,  "end" : 270 }, 
        {"sofa" : 1,  "begin" : 271,  "end" : 278 }, 
        {"sofa" : 1,  "begin" : 279,  "end" : 282 }, 
        {"sofa" : 1,  "begin" : 283,  "end" : 291 }, 
        {"sofa" : 1,  "begin" : 292,  "end" : 299 }, 
        {"sofa" : 1,  "begin" : 299,  "end" : 300 }, 
        {"sofa" : 1,  "begin" : 301,  "end" : 303 }, 
        {"sofa" : 1,  "begin" : 304,  "end" : 305 }, 
        {"sofa" : 1,  "begin" : 305,  "end" : 308 }, 
        {"sofa" : 1,  "begin" : 309,  "end" : 317 }, 
        {"sofa" : 1,  "begin" : 318,  "end" : 320 }, 
        {"sofa" : 1,  "begin" : 321,  "end" : 334 }, 
        {"sofa" : 1,  "begin" : 334,  "end" : 335 }, 
        {"sofa" : 1,  "begin" : 336,  "end" : 339 }, 
        {"sofa" : 1,  "begin" : 340,  "end" : 345 }, 
        {"sofa" : 1,  "begin" : 346,  "end" : 353 }, 
        {"sofa" : 1,  "begin" : 354,  "end" : 357 }, 
        {"sofa" : 1,  "begin" : 358,  "end" : 361 }, 
        {"sofa" : 1,  "begin" : 362,  "end" : 364 }, 
        {"sofa" : 1,  "begin" : 365,  "end" : 369 }, 
        {"sofa" : 1,  "begin" : 370,  "end" : 373 }, 
        {"sofa" : 1,  "begin" : 374,  "end" : 378 }, 
        {"sofa" : 1,  "begin" : 379,  "end" : 383 }, 
        {"sofa" : 1,  "begin" : 383,  "end" : 384 }, 
        {"sofa" : 1,  "begin" : 386,  "end" : 388 }, 
        {"sofa" : 1,  "begin" : 389,  "end" : 393 }, 
        {"sofa" : 1,  "begin" : 394,  "end" : 399 }, 
        {"sofa" : 1,  "begin" : 400,  "end" : 406 }, 
        {"sofa" : 1,  "begin" : 407,  "end" : 410 }, 
        {"sofa" : 1,  "begin" : 411,  "end" : 418 }, 
        {"sofa" : 1,  "begin" : 419,  "end" : 424 }, 
        {"sofa" : 1,  "begin" : 424,  "end" : 425 }, 
        {"sofa" : 1,  "begin" : 426,  "end" : 430 }, 
        {"sofa" : 1,  "begin" : 431,  "end" : 437 }, 
        {"sofa" : 1,  "begin" : 438,  "end" : 440 }, 
        {"sofa" : 1,  "begin" : 441,  "end" : 452 }, 
        {"sofa" : 1,  "begin" : 452,  "end" : 453 }, 
        {"sofa" : 1,  "begin" : 454,  "end" : 457 }, 
        {"sofa" : 1,  "begin" : 458,  "end" : 468 }, 
        {"sofa" : 1,  "begin" : 468,  "end" : 469 }, 
        {"sofa" : 1,  "begin" : 470,  "end" : 472 }, 
        {"sofa" : 1,  "begin" : 473,  "end" : 477 }, 
        {"sofa" : 1,  "begin" : 478,  "end" : 482 }, 
        {"sofa" : 1,  "begin" : 483,  "end" : 489 }, 
        {"sofa" : 1,  "begin" : 489,  "end" : 490 }, 
        {"sofa" : 1,  "begin" : 491,  "end" : 494 }, 
        {"sofa" : 1,  "begin" : 495,  "end" : 501 }, 
        {"sofa" : 1,  "begin" : 502,  "end" : 504 }, 
        {"sofa" : 1,  "begin" : 505,  "end" : 510 }, 
        {"sofa" : 1,  "begin" : 511,  "end" : 515 }, 
        {"sofa" : 1,  "begin" : 515,  "end" : 516 }, 
        {"sofa" : 1,  "begin" : 517,  "end" : 524 }, 
        {"sofa" : 1,  "begin" : 525,  "end" : 528 }, 
        {"sofa" : 1,  "begin" : 529,  "end" : 531 }, 
        {"sofa" : 1,  "begin" : 532,  "end" : 536 }, 
        {"sofa" : 1,  "begin" : 537,  "end" : 541 }, 
        {"sofa" : 1,  "begin" : 542,  "end" : 544 }, 
        {"sofa" : 1,  "begin" : 545,  "end" : 549 }, 
        {"sofa" : 1,  "begin" : 550,  "end" : 554 }, 
        {"sofa" : 1,  "begin" : 555,  "end" : 556 }, 
        {"sofa" : 1,  "begin" : 557,  "end" : 562 }, 
        {"sofa" : 1,  "begin" : 562,  "end" : 563 }, 
        {"sofa" : 1,  "begin" : 564,  "end" : 567 }, 
        {"sofa" : 1,  "begin" : 568,  "end" : 572 }, 
        {"sofa" : 1,  "begin" : 573,  "end" : 580 }, 
        {"sofa" : 1,  "begin" : 581,  "end" : 585 }, 
        {"sofa" : 1,  "begin" : 586,  "end" : 589 }, 
        {"sofa" : 1,  "begin" : 590,  "end" : 594 }, 
        {"sofa" : 1,  "begin" : 594,  "end" : 595 }, 
        {"sofa" : 1,  "begin" : 596,  "end" : 599 }, 
        {"sofa" : 1,  "begin" : 600,  "end" : 603 }, 
        {"sofa" : 1,  "begin" : 604,  "end" : 608 }, 
        {"sofa" : 1,  "begin" : 609,  "end" : 613 }, 
        {"sofa" : 1,  "begin" : 614,  "end" : 615 }, 
        {"sofa" : 1,  "begin" : 616,  "end" : 621 }, 
        {"sofa" : 1,  "begin" : 621,  "end" : 622 }, 
        {"sofa" : 1,  "begin" : 624,  "end" : 626 }, 
        {"sofa" : 1,  "begin" : 627,  "end" : 636 }, 
        {"sofa" : 1,  "begin" : 637,  "end" : 642 }, 
        {"sofa" : 1,  "begin" : 643,  "end" : 646 }, 
        {"sofa" : 1,  "begin" : 647,  "end" : 652 }, 
        {"sofa" : 1,  "begin" : 653,  "end" : 660 }, 
        {"sofa" : 1,  "begin" : 660,  "end" : 661 }, 
        {"sofa" : 1,  "begin" : 662,  "end" : 666 }, 
        {"sofa" : 1,  "begin" : 667,  "end" : 669 }, 
        {"sofa" : 1,  "begin" : 670,  "end" : 680 }, 
        {"sofa" : 1,  "begin" : 681,  "end" : 684 }, 
        {"sofa" : 1,  "begin" : 685,  "end" : 690 }, 
        {"sofa" : 1,  "begin" : 690,  "end" : 691 }, 
        {"sofa" : 1,  "begin" : 692,  "end" : 695 }, 
        {"sofa" : 1,  "begin" : 696,  "end" : 701 }, 
        {"sofa" : 1,  "begin" : 702,  "end" : 704 }, 
        {"sofa" : 1,  "begin" : 705,  "end" : 710 }, 
        {"sofa" : 1,  "begin" : 711,  "end" : 715 }, 
        {"sofa" : 1,  "begin" : 715,  "end" : 716 }, 
        {"sofa" : 1,  "begin" : 717,  "end" : 721 }, 
        {"sofa" : 1,  "begin" : 722,  "end" : 724 }, 
        {"sofa" : 1,  "begin" : 725,  "end" : 732 }, 
        {"sofa" : 1,  "begin" : 732,  "end" : 733 }, 
        {"sofa" : 1,  "begin" : 734,  "end" : 738 }, 
        {"sofa" : 1,  "begin" : 739,  "end" : 743 }, 
        {"sofa" : 1,  "begin" : 744,  "end" : 748 }, 
        {"sofa" : 1,  "begin" : 748,  "end" : 749 }, 
        {"sofa" : 1,  "begin" : 750,  "end" : 753 }, 
        {"sofa" : 1,  "begin" : 754,  "end" : 758 }, 
        {"sofa" : 1,  "begin" : 759,  "end" : 764 }, 
        {"sofa" : 1,  "begin" : 765,  "end" : 768 }, 
        {"sofa" : 1,  "begin" : 769,  "end" : 774 }, 
        {"sofa" : 1,  "begin" : 775,  "end" : 781 }, 
        {"sofa" : 1,  "begin" : 782,  "end" : 785 }, 
        {"sofa" : 1,  "begin" : 786,  "end" : 789 }, 
        {"sofa" : 1,  "begin" : 790,  "end" : 794 }, 
        {"sofa" : 1,  "begin" : 795,  "end" : 799 }, 
        {"sofa" : 1,  "begin" : 800,  "end" : 803 }, 
        {"sofa" : 1,  "begin" : 804,  "end" : 808 }, 
        {"sofa" : 1,  "begin" : 808,  "end" : 809 }, 
        {"sofa" : 1,  "begin" : 810,  "end" : 814 }, 
        {"sofa" : 1,  "begin" : 815,  "end" : 818 }, 
        {"sofa" : 1,  "begin" : 819,  "end" : 822 }, 
        {"sofa" : 1,  "begin" : 823,  "end" : 826 }, 
        {"sofa" : 1,  "begin" : 826,  "end" : 827 }, 
        {"sofa" : 1,  "begin" : 828,  "end" : 831 }, 
        {"sofa" : 1,  "begin" : 832,  "end" : 834 }, 
        {"sofa" : 1,  "begin" : 835,  "end" : 840 }, 
        {"sofa" : 1,  "begin" : 841,  "end" : 845 }, 
        {"sofa" : 1,  "begin" : 846,  "end" : 848 }, 
        {"sofa" : 1,  "begin" : 849,  "end" : 853 }, 
        {"sofa" : 1,  "begin" : 854,  "end" : 858 }, 
        {"sofa" : 1,  "begin" : 859,  "end" : 861 }, 
        {"sofa" : 1,  "begin" : 862,  "end" : 868 }, 
        {"sofa" : 1,  "begin" : 868,  "end" : 869 }, 
        {"sofa" : 1,  "begin" : 871,  "end" : 873 }, 
        {"sofa" : 1,  "begin" : 874,  "end" : 879 }, 
        {"sofa" : 1,  "begin" : 880,  "end" : 883 }, 
        {"sofa" : 1,  "begin" : 884,  "end" : 889 }, 
        {"sofa" : 1,  "begin" : 890,  "end" : 893 }, 
        {"sofa" : 1,  "begin" : 894,  "end" : 899 }, 
        {"sofa" : 1,  "begin" : 900,  "end" : 902 }, 
        {"sofa" : 1,  "begin" : 903,  "end" : 909 }, 
        {"sofa" : 1,  "begin" : 910,  "end" : 911 }, 
        {"sofa" : 1,  "begin" : 912,  "end" : 916 }, 
        {"sofa" : 1,  "begin" : 917,  "end" : 919 }, 
        {"sofa" : 1,  "begin" : 920,  "end" : 923 }, 
        {"sofa" : 1,  "begin" : 924,  "end" : 928 }, 
        {"sofa" : 1,  "begin" : 929,  "end" : 936 }, 
        {"sofa" : 1,  "begin" : 937,  "end" : 941 }, 
        {"sofa" : 1,  "begin" : 942,  "end" : 948 }, 
        {"sofa" : 1,  "begin" : 948,  "end" : 949 }, 
        {"sofa" : 1,  "begin" : 950,  "end" : 954 }, 
        {"sofa" : 1,  "begin" : 955,  "end" : 964 }, 
        {"sofa" : 1,  "begin" : 964,  "end" : 965 }, 
        {"sofa" : 1,  "begin" : 966,  "end" : 969 }, 
        {"sofa" : 1,  "begin" : 970,  "end" : 974 }, 
        {"sofa" : 1,  "begin" : 975,  "end" : 985 }, 
        {"sofa" : 1,  "begin" : 986,  "end" : 994 }, 
        {"sofa" : 1,  "begin" : 995,  "end" : 997 }, 
        {"sofa" : 1,  "begin" : 998,  "end" : 1001 }, 
        {"sofa" : 1,  "begin" : 1002,  "end" : 1006 }, 
        {"sofa" : 1,  "begin" : 1007,  "end" : 1009 }, 
        {"sofa" : 1,  "begin" : 1010,  "end" : 1012 }, 
        {"sofa" : 1,  "begin" : 1013,  "end" : 1018 }, 
        {"sofa" : 1,  "begin" : 1018,  "end" : 1019 }, 
        {"sofa" : 1,  "begin" : 1020,  "end" : 1022 }, 
        {"sofa" : 1,  "begin" : 1023,  "end" : 1031 }, 
        {"sofa" : 1,  "begin" : 1031,  "end" : 1032 }, 
        {"sofa" : 1,  "begin" : 1033,  "end" : 1037 }, 
        {"sofa" : 1,  "begin" : 1038,  "end" : 1042 }, 
        {"sofa" : 1,  "begin" : 1043,  "end" : 1046 }, 
        {"sofa" : 1,  "begin" : 1047,  "end" : 1053 }, 
        {"sofa" : 1,  "begin" : 1054,  "end" : 1057 }, 
        {"sofa" : 1,  "begin" : 1058,  "end" : 1063 }, 
        {"sofa" : 1,  "begin" : 1064,  "end" : 1066 }, 
        {"sofa" : 1,  "begin" : 1067,  "end" : 1073 }, 
        {"sofa" : 1,  "begin" : 1074,  "end" : 1078 }, 
        {"sofa" : 1,  "begin" : 1078,  "end" : 1079 }, 
        {"sofa" : 1,  "begin" : 1081,  "end" : 1085 }, 
        {"sofa" : 1,  "begin" : 1086,  "end" : 1090 }, 
        {"sofa" : 1,  "begin" : 1091,  "end" : 1099 }, 
        {"sofa" : 1,  "begin" : 1100,  "end" : 1104 }, 
        {"sofa" : 1,  "begin" : 1105,  "end" : 1106 }, 
        {"sofa" : 1,  "begin" : 1107,  "end" : 1114 }, 
        {"sofa" : 1,  "begin" : 1115,  "end" : 1117 }, 
        {"sofa" : 1,  "begin" : 1118,  "end" : 1122 }, 
        {"sofa" : 1,  "begin" : 1122,  "end" : 1123 }, 
        {"sofa" : 1,  "begin" : 1125,  "end" : 1128 }, 
        {"sofa" : 1,  "begin" : 1129,  "end" : 1133 }, 
        {"sofa" : 1,  "begin" : 1134,  "end" : 1138 }, 
        {"sofa" : 1,  "begin" : 1139,  "end" : 1142 }, 
        {"sofa" : 1,  "begin" : 1143,  "end" : 1147 }, 
        {"sofa" : 1,  "begin" : 1147,  "end" : 1148 }, 
        {"sofa" : 1,  "begin" : 1149,  "end" : 1154 }, 
        {"sofa" : 1,  "begin" : 1155,  "end" : 1158 }, 
        {"sofa" : 1,  "begin" : 1159,  "end" : 1162 }, 
        {"sofa" : 1,  "begin" : 1162,  "end" : 1163 }, 
        {"sofa" : 1,  "begin" : 1165,  "end" : 1167 }, 
        {"sofa" : 1,  "begin" : 1168,  "end" : 1173 }, 
        {"sofa" : 1,  "begin" : 1174,  "end" : 1177 }, 
        {"sofa" : 1,  "begin" : 1178,  "end" : 1183 }, 
        {"sofa" : 1,  "begin" : 1184,  "end" : 1187 }, 
        {"sofa" : 1,  "begin" : 1188,  "end" : 1193 }, 
        {"sofa" : 1,  "begin" : 1194,  "end" : 1196 }, 
        {"sofa" : 1,  "begin" : 1197,  "end" : 1203 }, 
        {"sofa" : 1,  "begin" : 1204,  "end" : 1207 }, 
        {"sofa" : 1,  "begin" : 1208,  "end" : 1215 }, 
        {"sofa" : 1,  "begin" : 1216,  "end" : 1221 }, 
        {"sofa" : 1,  "begin" : 1222,  "end" : 1225 }, 
        {"sofa" : 1,  "begin" : 1226,  "end" : 1230 }, 
        {"sofa" : 1,  "begin" : 1230,  "end" : 1231 }, 
        {"sofa" : 1,  "begin" : 1232,  "end" : 1236 }, 
        {"sofa" : 1,  "begin" : 1237,  "end" : 1239 }, 
        {"sofa" : 1,  "begin" : 1240,  "end" : 1242 }, 
        {"sofa" : 1,  "begin" : 1243,  "end" : 1247 }, 
        {"sofa" : 1,  "begin" : 1248,  "end" : 1250 }, 
        {"sofa" : 1,  "begin" : 1251,  "end" : 1254 }, 
        {"sofa" : 1,  "begin" : 1255,  "end" : 1259 }, 
        {"sofa" : 1,  "begin" : 1259,  "end" : 1260 }, 
        {"sofa" : 1,  "begin" : 1261,  "end" : 1263 }, 
        {"sofa" : 1,  "begin" : 1264,  "end" : 1269 }, 
        {"sofa" : 1,  "begin" : 1270,  "end" : 1273 }, 
        {"sofa" : 1,  "begin" : 1274,  "end" : 1279 }, 
        {"sofa" : 1,  "begin" : 1279,  "end" : 1280 }, 
        {"sofa" : 1,  "begin" : 1281,  "end" : 1283 }, 
        {"sofa" : 1,  "begin" : 1284,  "end" : 1297 }, 
        {"sofa" : 1,  "begin" : 1298,  "end" : 1299 }, 
        {"sofa" : 1,  "begin" : 1300,  "end" : 1307 }, 
        {"sofa" : 1,  "begin" : 1307,  "end" : 1308 }, 
        {"sofa" : 1,  "begin" : 1309,  "end" : 1314 }, 
        {"sofa" : 1,  "begin" : 1315,  "end" : 1321 }, 
        {"sofa" : 1,  "begin" : 1322,  "end" : 1324 }, 
        {"sofa" : 1,  "begin" : 1325,  "end" : 1330 }, 
        {"sofa" : 1,  "begin" : 1330,  "end" : 1331 }, 
        {"sofa" : 1,  "begin" : 1332,  "end" : 1335 }, 
        {"sofa" : 1,  "begin" : 1336,  "end" : 1342 }, 
        {"sofa" : 1,  "begin" : 1342,  "end" : 1343 }, 
        {"sofa" : 1,  "begin" : 1344,  "end" : 1345 }, 
        {"sofa" : 1,  "begin" : 1346,  "end" : 1349 }, 
        {"sofa" : 1,  "begin" : 1350,  "end" : 1356 }, 
        {"sofa" : 1,  "begin" : 1356,  "end" : 1357 }, 
        {"sofa" : 1,  "begin" : 1358,  "end" : 1362 }, 
        {"sofa" : 1,  "begin" : 1363,  "end" : 1367 }, 
        {"sofa" : 1,  "begin" : 1368,  "end" : 1370 }, 
        {"sofa" : 1,  "begin" : 1371,  "end" : 1372 }, 
        {"sofa" : 1,  "begin" : 1373,  "end" : 1383 }, 
        {"sofa" : 1,  "begin" : 1384,  "end" : 1392 }, 
        {"sofa" : 1,  "begin" : 1393,  "end" : 1395 }, 
        {"sofa" : 1,  "begin" : 1396,  "end" : 1399 }, 
        {"sofa" : 1,  "begin" : 1400,  "end" : 1404 }, 
        {"sofa" : 1,  "begin" : 1405,  "end" : 1407 }, 
        {"sofa" : 1,  "begin" : 1408,  "end" : 1410 }, 
        {"sofa" : 1,  "begin" : 1411,  "end" : 1416 }, 
        {"sofa" : 1,  "begin" : 1416,  "end" : 1417 }, 
        {"sofa" : 1,  "begin" : 1418,  "end" : 1420 }, 
        {"sofa" : 1,  "begin" : 1421,  "end" : 1424 }, 
        {"sofa" : 1,  "begin" : 1425,  "end" : 1436 }, 
        {"sofa" : 1,  "begin" : 1437,  "end" : 1439 }, 
        {"sofa" : 1,  "begin" : 1440,  "end" : 1444 }, 
        {"sofa" : 1,  "begin" : 1444,  "end" : 1445 }, 
        {"sofa" : 1,  "begin" : 1446,  "end" : 1450 }, 
        {"sofa" : 1,  "begin" : 1451,  "end" : 1452 }, 
        {"sofa" : 1,  "begin" : 1452,  "end" : 1455 }, 
        {"sofa" : 1,  "begin" : 1456,  "end" : 1460 }, 
        {"sofa" : 1,  "begin" : 1460,  "end" : 1461 }, 
        {"sofa" : 1,  "begin" : 1462,  "end" : 1468 }, 
        {"sofa" : 1,  "begin" : 1469,  "end" : 1472 }, 
        {"sofa" : 1,  "begin" : 1473,  "end" : 1476 }, 
        {"sofa" : 1,  "begin" : 1477,  "end" : 1479 }, 
        {"sofa" : 1,  "begin" : 1480,  "end" : 1484 }, 
        {"sofa" : 1,  "begin" : 1485,  "end" : 1488 }, 
        {"sofa" : 1,  "begin" : 1489,  "end" : 1492 }, 
        {"sofa" : 1,  "begin" : 1492,  "end" : 1493 }, 
        {"sofa" : 1,  "begin" : 1494,  "end" : 1498 }, 
        {"sofa" : 1,  "begin" : 1499,  "end" : 1502 }, 
        {"sofa" : 1,  "begin" : 1503,  "end" : 1504 }, 
        {"sofa" : 1,  "begin" : 1505,  "end" : 1511 }, 
        {"sofa" : 1,  "begin" : 1512,  "end" : 1516 }, 
        {"sofa" : 1,  "begin" : 1516,  "end" : 1517 }, 
        {"sofa" : 1,  "begin" : 1518,  "end" : 1520 }, 
        {"sofa" : 1,  "begin" : 1521,  "end" : 1524 }, 
        {"sofa" : 1,  "begin" : 1525,  "end" : 1529 }, 
        {"sofa" : 1,  "begin" : 1530,  "end" : 1532 }, 
        {"sofa" : 1,  "begin" : 1533,  "end" : 1538 }, 
        {"sofa" : 1,  "begin" : 1539,  "end" : 1545 }, 
        {"sofa" : 1,  "begin" : 1545,  "end" : 1546 }, 
        {"sofa" : 1,  "begin" : 1547,  "end" : 1550 }, 
        {"sofa" : 1,  "begin" : 1551,  "end" : 1553 }, 
        {"sofa" : 1,  "begin" : 1554,  "end" : 1561 }, 
        {"sofa" : 1,  "begin" : 1562,  "end" : 1564 }, 
        {"sofa" : 1,  "begin" : 1565,  "end" : 1569 }, 
        {"sofa" : 1,  "begin" : 1570,  "end" : 1573 }, 
        {"sofa" : 1,  "begin" : 1574,  "end" : 1579 }, 
        {"sofa" : 1,  "begin" : 1580,  "end" : 1582 }, 
        {"sofa" : 1,  "begin" : 1583,  "end" : 1584 }, 
        {"sofa" : 1,  "begin" : 1585,  "end" : 1593 }, 
        {"sofa" : 1,  "begin" : 1593,  "end" : 1594 }, 
        {"sofa" : 1,  "begin" : 1595,  "end" : 1598 }, 
        {"sofa" : 1,  "begin" : 1599,  "end" : 1603 }, 
        {"sofa" : 1,  "begin" : 1604,  "end" : 1607 }, 
        {"sofa" : 1,  "begin" : 1608,  "end" : 1612 }, 
        {"sofa" : 1,  "begin" : 1613,  "end" : 1614 }, 
        {"sofa" : 1,  "begin" : 1615,  "end" : 1621 }, 
        {"sofa" : 1,  "begin" : 1622,  "end" : 1627 }, 
        {"sofa" : 1,  "begin" : 1627,  "end" : 1628 }, 
        {"sofa" : 1,  "begin" : 1629,  "end" : 1635 }, 
        {"sofa" : 1,  "begin" : 1636,  "end" : 1638 }, 
        {"sofa" : 1,  "begin" : 1639,  "end" : 1643 }, 
        {"sofa" : 1,  "begin" : 1644,  "end" : 1649 }, 
        {"sofa" : 1,  "begin" : 1650,  "end" : 1653 }, 
        {"sofa" : 1,  "begin" : 1654,  "end" : 1658 }, 
        {"sofa" : 1,  "begin" : 1659,  "end" : 1664 }, 
        {"sofa" : 1,  "begin" : 1664,  "end" : 1665 }, 
        {"sofa" : 1,  "begin" : 1666,  "end" : 1669 }, 
        {"sofa" : 1,  "begin" : 1670,  "end" : 1675 }, 
        {"sofa" : 1,  "begin" : 1676,  "end" : 1678 }, 
        {"sofa" : 1,  "begin" : 1679,  "end" : 1686 }, 
        {"sofa" : 1,  "begin" : 1687,  "end" : 1690 }, 
        {"sofa" : 1,  "begin" : 1691,  "end" : 1697 }, 
        {"sofa" : 1,  "begin" : 1698,  "end" : 1705 }, 
        {"sofa" : 1,  "begin" : 1705,  "end" : 1706 } ] } }, 
  "_referenced_fss" : {
    "1" : {"_type" : "Sofa",  "sofaNum" : 1,  "sofaID" : "_InitialView",  "mimeType" : "text",  "sofaString" : "\n\n\nThe first Buds of Ribes Nigra infused in Wines,\nespecially Rhenish, makes it diuretick, and more\nfragrant in Smell and Taste, and so doth Clary.\nThe Inconvenience is, that the Wine becomes more\nheady, for which Elder Flowers added to the Clary\nis a Remedy, which also betters the Fragancy\nthereof, as ’tis manifest in Elder-Vinegar; but these\nFlowers are apt to make the Wine ropy.\n\nTo help brown Malaga and Spanish Wines, take\nPowder of Orras-Roots, and Salt-Petre, of each\nfour Ounces, the Whites of eight Eggs, whereto\nadd as much Salt as will make a Brine, put this\nMixture into the Wine, and mix them with a Staff.\n\nTo meliorate muddy and tawny Clarets. Take of\nRain-water two Pints, the Yelks of eight Eggs,\nSalt an Handful, beat them well, let them stand\nsix Hours before you put them into the Cask,\nthen use the Rod, and in three Days it will come\nto itself.\n\nTo amend the Taste and Smell of Malaga .\nTake of the best Almonds four Pounds, make\ntherewith, and with sufficient Quantity of the\nWine to be cured, an Emulsion, then take the\nWhites and Yelks of twelve Eggs, \nbeat them together with a Handful of Salt, \nput them into the\nPipe, using the Rod.\n\nTo amend the Smell and Taste of French and\nRhenish which are foul. Take to an Auln of the\nWine, of Honey one Pound, of Elder-Flowers a\nHandful, Orras Powder an Ounce, one Nutmeg,\na few Cloves, boil them in a sufficient Quantity of\nthe Wine to be cured, to the Consumption of half;\nwhen ’tis cold, strain and use it with the Rod;\nsome add a little Salt. If the Wine be sweet enough,\nadd of Spirits of Wine one Pound to a Hogshead,\nand give the Cask a strong Scent. Spirit of Wine\nmakes any Wine brisk, and fines it without the\nformer Mixture.\n\n" } } }