#FORMAT=WebAnno TSV 3.3


#Text=de
#Text=onderhoudinge selfs en wyse om dit alles in den stant, waar in het door de scheppinge
#Text=gebragt is, te doen volduren, toont aan yder dagelyks soodanige wetten.
1-1	2-4	de	
1-2	5-18	onderhoudinge	
1-3	19-24	selfs	
1-4	25-27	en	
1-5	28-32	wyse	
1-6	33-35	om	
1-7	36-39	dit	
1-8	40-45	alles	
1-9	46-48	in	
1-10	49-52	den	
1-11	53-58	stant	
1-12	58-59	,	
1-13	60-64	waar	
1-14	65-67	in	
1-15	68-71	het	
1-16	72-76	door	
1-17	77-79	de	
1-18	80-90	scheppinge	
1-19	91-98	gebragt	
1-20	99-101	is	
1-21	101-102	,	
1-22	103-105	te	
1-23	106-110	doen	
1-24	111-119	volduren	
1-25	119-120	,	
1-26	121-126	toont	
1-27	127-130	aan	
1-28	131-135	yder	
1-29	136-144	dagelyks	
1-30	145-154	soodanige	
1-31	155-161	wetten	
1-32	161-162	.	

#Text=Welke een
#Text=Atheist, schoon anders de naam van een groot Philosooph sigh waardigh agtende,
#Text=niet ligt om syn tegensprekende gewisse te doen swygen, uit syne gronden
#Text=dat is uit
#Text=een los geval of andere onverstandige oorsaken sal kunnen afleiden.
2-1	163-168	Welke	
2-2	169-172	een	
2-3	173-180	Atheist	
2-4	180-181	,	
2-5	182-188	schoon	
2-6	189-195	anders	
2-7	196-198	de	
2-8	199-203	naam	
2-9	204-207	van	
2-10	208-211	een	
2-11	212-217	groot	
2-12	218-228	Philosooph	
2-13	229-233	sigh	
2-14	234-242	waardigh	
2-15	243-250	agtende	
2-16	250-251	,	
2-17	252-256	niet	
2-18	257-261	ligt	
2-19	262-264	om	
2-20	265-268	syn	
2-21	269-283	tegensprekende	
2-22	284-291	gewisse	
2-23	292-294	te	
2-24	295-299	doen	
2-25	300-306	swygen	
2-26	306-307	,	
2-27	308-311	uit	
2-28	312-316	syne	
2-29	317-324	gronden	
2-30	325-328	dat	
2-31	329-331	is	
2-32	332-335	uit	
2-33	336-339	een	
2-34	340-343	los	
2-35	344-349	geval	
2-36	350-352	of	
2-37	353-359	andere	
2-38	360-373	onverstandige	
2-39	374-382	oorsaken	
2-40	383-386	sal	
2-41	387-393	kunnen	
2-42	394-402	afleiden	
2-43	402-403	.	

#Text=Wil men een bewys daar van sien, hoe den grooten Bestierder uit een samen
#Text=vergaderingh van onnoemelyk veel verscheidenheden van deelen, die ons niet als
#Text=met de uiterste confusie onder een gemengt schynen, eenige bepaalde en tot syne
#Text=hooge oogmerken dienende, alleen tot malkander doet naderen; en met malkanderen
#Text=en andere saken, die tot haar onderhoud of wasdom sulks vereisschen, volgens de
#Text=daar in door syne voorsienigheit gelegde wetten doet vereenigen:
#Text=Men brege weder
#Text=in syne gedagten, het geen te voren van eenige saken reeds gesegt is.
3-1	405-408	Wil	
3-2	409-412	men	
3-3	413-416	een	
3-4	417-422	bewys	
3-5	423-427	daar	
3-6	428-431	van	
3-7	432-436	sien	
3-8	436-437	,	
3-9	438-441	hoe	
3-10	442-445	den	
3-11	446-453	grooten	
3-12	454-464	Bestierder	
3-13	465-468	uit	
3-14	469-472	een	
3-15	473-478	samen	
3-16	479-491	vergaderingh	
3-17	492-495	van	
3-18	496-506	onnoemelyk	
3-19	507-511	veel	
3-20	512-528	verscheidenheden	
3-21	529-532	van	
3-22	533-539	deelen	
3-23	539-540	,	
3-24	541-544	die	
3-25	545-548	ons	
3-26	549-553	niet	
3-27	554-557	als	
3-28	558-561	met	
3-29	562-564	de	
3-30	565-573	uiterste	
3-31	574-582	confusie	
3-32	583-588	onder	
3-33	589-592	een	
3-34	593-600	gemengt	
3-35	601-608	schynen	
3-36	608-609	,	
3-37	610-616	eenige	
3-38	617-625	bepaalde	
3-39	626-628	en	
3-40	629-632	tot	
3-41	633-637	syne	
3-42	638-643	hooge	
3-43	644-653	oogmerken	
3-44	654-662	dienende	
3-45	662-663	,	
3-46	664-670	alleen	
3-47	671-674	tot	
3-48	675-684	malkander	
3-49	685-689	doet	
3-50	690-697	naderen	
3-51	697-698	;	
3-52	699-701	en	
3-53	702-705	met	
3-54	706-717	malkanderen	
3-55	718-720	en	
3-56	721-727	andere	
3-57	728-733	saken	
3-58	733-734	,	
3-59	735-738	die	
3-60	739-742	tot	
3-61	743-747	haar	
3-62	748-757	onderhoud	
3-63	758-760	of	
3-64	761-767	wasdom	
3-65	768-773	sulks	
3-66	774-785	vereisschen	
3-67	785-786	,	
3-68	787-794	volgens	
3-69	795-797	de	
3-70	798-802	daar	
3-71	803-805	in	
3-72	806-810	door	
3-73	811-815	syne	
3-74	816-830	voorsienigheit	
3-75	831-838	gelegde	
3-76	839-845	wetten	
3-77	846-850	doet	
3-78	851-861	vereenigen	
3-79	861-862	:	
3-80	863-866	Men	
3-81	867-872	brege	
3-82	873-878	weder	
3-83	879-881	in	
3-84	882-886	syne	
3-85	887-895	gedagten	
3-86	895-896	,	
3-87	897-900	het	
3-88	901-905	geen	
3-89	906-908	te	
3-90	909-914	voren	
3-91	915-918	van	
3-92	919-925	eenige	
3-93	926-931	saken	
3-94	932-937	reeds	
3-95	938-944	gesegt	
3-96	945-947	is	
3-97	947-948	.	

#Text=Is de lugt niet een mengsel, ja een Chaos van hondert duisenden verscheiden
#Text=millioenen deelen?
4-1	950-952	Is	
4-2	953-955	de	
4-3	956-960	lugt	
4-4	961-965	niet	
4-5	966-969	een	
4-6	970-977	mengsel	
4-7	977-978	,	
4-8	979-981	ja	
4-9	982-985	een	
4-10	986-991	Chaos	
4-11	992-995	van	
4-12	996-1003	hondert	
4-13	1004-1013	duisenden	
4-14	1014-1025	verscheiden	
4-15	1026-1036	millioenen	
4-16	1037-1043	deelen	
4-17	1043-1044	?	

#Text=hoe veel dingen werden door vyer verbrand, en door verrottinge
#Text=ontbonden, die haren uitgaande rook met de lugt mengen?
5-1	1045-1048	hoe	
5-2	1049-1053	veel	
5-3	1054-1060	dingen	
5-4	1061-1067	werden	
5-5	1068-1072	door	
5-6	1073-1077	vyer	
5-7	1078-1086	verbrand	
5-8	1086-1087	,	
5-9	1088-1090	en	
5-10	1091-1095	door	
5-11	1096-1107	verrottinge	
5-12	1108-1117	ontbonden	
5-13	1117-1118	,	
5-14	1119-1122	die	
5-15	1123-1128	haren	
5-16	1129-1138	uitgaande	
5-17	1139-1143	rook	
5-18	1144-1147	met	
5-19	1148-1150	de	
5-20	1151-1155	lugt	
5-21	1156-1162	mengen	
5-22	1162-1163	?	

#Text=hoe veel menschen en
#Text=dieren wasemen daar in uit?
6-1	1164-1167	hoe	
6-2	1168-1172	veel	
6-3	1173-1181	menschen	
6-4	1182-1184	en	
6-5	1185-1191	dieren	
6-6	1192-1199	wasemen	
6-7	1200-1204	daar	
6-8	1205-1207	in	
6-9	1208-1211	uit	
6-10	1211-1212	?	

#Text=selfs volgens de experimenten van de Heer Boyle werden
#Text=meest alle saken, ook ys en sneeuw hoe kout sy ook syn, door uit wasemingh ligter;
#Text=en senden haar dampende deelen in de lugt.
7-1	1213-1218	selfs	
7-2	1219-1226	volgens	
7-3	1227-1229	de	
7-4	1230-1242	experimenten	
7-5	1243-1246	van	
7-6	1247-1249	de	
7-7	1250-1254	Heer	
7-8	1255-1260	Boyle	
7-9	1261-1267	werden	
7-10	1268-1273	meest	
7-11	1274-1278	alle	
7-12	1279-1284	saken	
7-13	1284-1285	,	
7-14	1286-1289	ook	
7-15	1290-1292	ys	
7-16	1293-1295	en	
7-17	1296-1302	sneeuw	
7-18	1303-1306	hoe	
7-19	1307-1311	kout	
7-20	1312-1314	sy	
7-21	1315-1318	ook	
7-22	1319-1322	syn	
7-23	1322-1323	,	
7-24	1324-1328	door	
7-25	1329-1332	uit	
7-26	1333-1342	wasemingh	
7-27	1343-1349	ligter	
7-28	1349-1350	;	
7-29	1351-1353	en	
7-30	1354-1360	senden	
7-31	1361-1365	haar	
7-32	1366-1374	dampende	
7-33	1375-1381	deelen	
7-34	1382-1384	in	
7-35	1385-1387	de	
7-36	1388-1392	lugt	
7-37	1392-1393	.	

#Text=Hoe veel welriekende bloemen, hoe veel
#Text=speceryen en andere saken vervullen deselve met hare reukdeelen?
8-1	1394-1397	Hoe	
8-2	1398-1402	veel	
8-3	1403-1414	welriekende	
8-4	1415-1422	bloemen	
8-5	1422-1423	,	
8-6	1424-1427	hoe	
8-7	1428-1432	veel	
8-8	1433-1442	speceryen	
8-9	1443-1445	en	
8-10	1446-1452	andere	
8-11	1453-1458	saken	
8-12	1459-1468	vervullen	
8-13	1469-1476	deselve	
8-14	1477-1480	met	
8-15	1481-1485	hare	
8-16	1486-1496	reukdeelen	
8-17	1496-1497	?	

#Text=soo dat men
#Text=eenige mylen verre van die eilanden, daar die wassen, de reuk van deselve in de lugt
#Text=volgens het verhaal van die het ondervonden hebben, somtyds gewaar werd.
9-1	1498-1501	soo	
9-2	1502-1505	dat	
9-3	1506-1509	men	
9-4	1510-1516	eenige	
9-5	1517-1522	mylen	
9-6	1523-1528	verre	
9-7	1529-1532	van	
9-8	1533-1536	die	
9-9	1537-1545	eilanden	
9-10	1545-1546	,	
9-11	1547-1551	daar	
9-12	1552-1555	die	
9-13	1556-1562	wassen	
9-14	1562-1563	,	
9-15	1564-1566	de	
9-16	1567-1571	reuk	
9-17	1572-1575	van	
9-18	1576-1583	deselve	
9-19	1584-1586	in	
9-20	1587-1589	de	
9-21	1590-1594	lugt	
9-22	1595-1602	volgens	
9-23	1603-1606	het	
9-24	1607-1614	verhaal	
9-25	1615-1618	van	
9-26	1619-1622	die	
9-27	1623-1626	het	
9-28	1627-1638	ondervonden	
9-29	1639-1645	hebben	
9-30	1645-1646	,	
9-31	1647-1654	somtyds	
9-32	1655-1661	gewaar	
9-33	1662-1666	werd	
9-34	1666-1667	.	

#Text=Daar
#Text=
#Text=werkende wynen in een kelder leggen, weet yder dat de lugt vol van hare dampen
#Text=en geesten is;
#Text='t geen ook in alles wat gist dus te syn bevonden werd.
10-1	1668-1672	Daar	
10-2	1674-1682	werkende	
10-3	1683-1688	wynen	
10-4	1689-1691	in	
10-5	1692-1695	een	
10-6	1696-1702	kelder	
10-7	1703-1709	leggen	
10-8	1709-1710	,	
10-9	1711-1715	weet	
10-10	1716-1720	yder	
10-11	1721-1724	dat	
10-12	1725-1727	de	
10-13	1728-1732	lugt	
10-14	1733-1736	vol	
10-15	1737-1740	van	
10-16	1741-1745	hare	
10-17	1746-1752	dampen	
10-18	1753-1755	en	
10-19	1756-1763	geesten	
10-20	1764-1766	is	
10-21	1766-1767	;	
10-22	1768-1769	'	
10-23	1769-1770	t	
10-24	1771-1775	geen	
10-25	1776-1779	ook	
10-26	1780-1782	in	
10-27	1783-1788	alles	
10-28	1789-1792	wat	
10-29	1793-1797	gist	
10-30	1798-1801	dus	
10-31	1802-1804	te	
10-32	1805-1808	syn	
10-33	1809-1817	bevonden	
10-34	1818-1822	werd	
10-35	1822-1823	.	

#Text=Hoe veel
#Text=water-dampen uit de zeën, rievieren, meiren, moerasschen;
#Text=hoe groote meenigte
#Text=swavelagtige en andere bytende en vergiftige uit de brandende bergen mengen sigh
#Text=met de lugt?
11-1	1824-1827	Hoe	
11-2	1828-1832	veel	
11-3	1833-1845	water-dampen	
11-4	1846-1849	uit	
11-5	1850-1852	de	
11-6	1853-1857	zeën	
11-7	1857-1858	,	
11-8	1859-1868	rievieren	
11-9	1868-1869	,	
11-10	1870-1876	meiren	
11-11	1876-1877	,	
11-12	1878-1889	moerasschen	
11-13	1889-1890	;	
11-14	1891-1894	hoe	
11-15	1895-1901	groote	
11-16	1902-1910	meenigte	
11-17	1911-1923	swavelagtige	
11-18	1924-1926	en	
11-19	1927-1933	andere	
11-20	1934-1941	bytende	
11-21	1942-1944	en	
11-22	1945-1955	vergiftige	
11-23	1956-1959	uit	
11-24	1960-1962	de	
11-25	1963-1972	brandende	
11-26	1973-1979	bergen	
11-27	1980-1986	mengen	
11-28	1987-1991	sigh	
11-29	1992-1995	met	
11-30	1996-1998	de	
11-31	1999-2003	lugt	
11-32	2003-2004	?	

#Text=het yser, dat meest over al ter wereld aan de lugt bloot gestelt synde in
#Text=roest verandert, geeft daar ontegensprekelyke blyken van.
12-1	2005-2008	het	
12-2	2009-2013	yser	
12-3	2013-2014	,	
12-4	2015-2018	dat	
12-5	2019-2024	meest	
12-6	2025-2029	over	
12-7	2030-2032	al	
12-8	2033-2036	ter	
12-9	2037-2043	wereld	
12-10	2044-2047	aan	
12-11	2048-2050	de	
12-12	2051-2055	lugt	
12-13	2056-2061	bloot	
12-14	2062-2069	gestelt	
12-15	2070-2075	synde	
12-16	2076-2078	in	
12-17	2079-2084	roest	
12-18	2085-2094	verandert	
12-19	2094-2095	,	
12-20	2096-2101	geeft	
12-21	2102-2106	daar	
12-22	2107-2124	ontegensprekelyke	
12-23	2125-2131	blyken	
12-24	2132-2135	van	
12-25	2135-2136	.	

#Text=Onder dese allen vermengt
#Text=sigh een onden-
#Text=
#Text=Bernard Nieuwentijt, Het regt gebruik der werelt beschouwingen
#Text=
#Text=\f
#Text=842
#Text=kelyke
#Text=veelheit van doorstralende ligt-deelen uit de Sonne, en andere Hemel-ligten;
13-1	2137-2142	Onder	
13-2	2143-2147	dese	
13-3	2148-2153	allen	
13-4	2154-2162	vermengt	
13-5	2163-2167	sigh	
13-6	2168-2171	een	
13-7	2172-2177	onden	
13-8	2177-2178	-	
13-9	2180-2187	Bernard	
13-10	2188-2199	Nieuwentijt	
13-11	2199-2200	,	
13-12	2201-2204	Het	
13-13	2205-2209	regt	
13-14	2210-2217	gebruik	
13-15	2218-2221	der	
13-16	2222-2228	werelt	
13-17	2229-2242	beschouwingen	
13-18	2246-2249	842	
13-19	2250-2256	kelyke	
13-20	2257-2265	veelheit	
13-21	2266-2269	van	
13-22	2270-2283	doorstralende	
13-23	2284-2295	ligt-deelen	
13-24	2296-2299	uit	
13-25	2300-2302	de	
13-26	2303-2308	Sonne	
13-27	2308-2309	,	
13-28	2310-2312	en	
13-29	2313-2319	andere	
13-30	2320-2332	Hemel-ligten	
13-31	2332-2333	;	
