#FORMAT=WebAnno TSV 3.3
#T_SP=custom.Span|label
#T_RL=custom.Relation|label|BT_custom.Span


#Text=Von der Contrayerva.
1-1	4-7	Von	_	_	_	
1-2	8-11	der	_	_	_	
1-3	12-23	Contrayerva	_	_	_	
1-4	23-24	.	_	_	_	

#Text=ES iſt die Contrayerva die Wurtzel
#Text=
#Text=eines Krautes, deſſen Blaͤtter auf der
#Text=Erde hinliegen, gruͤne, voller Adern
#Text=
#Text=und Nerven ſind, und wie ein Hertz
#Text=auſſehen: in deren Mitten ein Stengel,
#Text=gantz ohne Blaͤtter, empor ſteigt.
2-1	28-30	ES	_	_	_	
2-2	31-34	iſt	_	_	_	
2-3	35-38	die	_	_	_	
2-4	39-50	Contrayerva	_	_	_	
2-5	51-54	die	_	_	_	
2-6	55-62	Wurtzel	_	_	_	
2-7	64-69	eines	_	_	_	
2-8	70-77	Krautes	_	_	_	
2-9	77-78	,	_	_	_	
2-10	79-85	deſſen	_	_	_	
2-11	86-94	Blaͤtter	_	_	_	
2-12	95-98	auf	_	_	_	
2-13	99-102	der	_	_	_	
2-14	103-107	Erde	_	_	_	
2-15	108-117	hinliegen	_	_	_	
2-16	117-118	,	_	_	_	
2-17	119-125	gruͤne	_	_	_	
2-18	125-126	,	_	_	_	
2-19	127-133	voller	_	_	_	
2-20	134-139	Adern	_	_	_	
2-21	141-144	und	_	_	_	
2-22	145-151	Nerven	_	_	_	
2-23	152-156	ſind	_	_	_	
2-24	156-157	,	_	_	_	
2-25	158-161	und	_	_	_	
2-26	162-165	wie	_	_	_	
2-27	166-169	ein	_	_	_	
2-28	170-175	Hertz	_	_	_	
2-29	176-184	auſſehen	_	_	_	
2-30	184-185	:	_	_	_	
2-31	186-188	in	_	_	_	
2-32	189-194	deren	_	_	_	
2-33	195-201	Mitten	_	_	_	
2-34	202-205	ein	_	_	_	
2-35	206-213	Stengel	_	_	_	
2-36	213-214	,	_	_	_	
2-37	215-220	gantz	_	_	_	
2-38	221-225	ohne	_	_	_	
2-39	226-234	Blaͤtter	_	_	_	
2-40	234-235	,	_	_	_	
2-41	236-241	empor	_	_	_	
2-42	242-248	ſteigt	_	_	_	
2-43	248-249	.	_	_	_	

#Text=Sie
#Text=
#Text=wird aus Spanien gebracht.
3-1	250-253	Sie	_	_	_	
3-2	255-259	wird	_	_	_	
3-3	260-263	aus	_	_	_	
3-4	264-271	Spanien	_	_	_	
3-5	272-280	gebracht	_	_	_	
3-6	280-281	.	_	_	_	

#Text=Man ſoll aber ſolche Wurtzeln aus-
#Text=ſuchen, die fein friſch, voͤllig, voll lan-
#Text=ger Zaſern, knoticht und ſchwer ſind,
#Text=
#Text=von auſſen Kaſtanienbraun, inwendig
#Text=
#Text=weißgrau ſehen, und einen lieblichen
#Text=aromatiſchen Geruch haben.
4-1	285-288	Man	_	_	_	
4-2	289-293	ſoll	_	_	_	
4-3	294-298	aber	_	_	_	
4-4	299-305	ſolche	_	_	_	
4-5	306-314	Wurtzeln	Smell\_Source	_	_	
4-6	315-318	aus	_	_	_	
4-7	318-319	-	_	_	_	
4-8	320-326	ſuchen	_	_	_	
4-9	326-327	,	_	_	_	
4-10	328-331	die	_	_	_	
4-11	332-336	fein	_	_	_	
4-12	337-343	friſch	_	_	_	
4-13	343-344	,	_	_	_	
4-14	345-352	voͤllig	_	_	_	
4-15	352-353	,	_	_	_	
4-16	354-358	voll	_	_	_	
4-17	359-362	lan	_	_	_	
4-18	362-363	-	_	_	_	
4-19	364-367	ger	_	_	_	
4-20	368-374	Zaſern	_	_	_	
4-21	374-375	,	_	_	_	
4-22	376-384	knoticht	_	_	_	
4-23	385-388	und	_	_	_	
4-24	389-395	ſchwer	_	_	_	
4-25	396-400	ſind	_	_	_	
4-26	400-401	,	_	_	_	
4-27	403-406	von	_	_	_	
4-28	407-413	auſſen	_	_	_	
4-29	414-428	Kaſtanienbraun	_	_	_	
4-30	428-429	,	_	_	_	
4-31	430-438	inwendig	_	_	_	
4-32	440-448	weißgrau	_	_	_	
4-33	449-454	ſehen	_	_	_	
4-34	454-455	,	_	_	_	
4-35	456-459	und	_	_	_	
4-36	460-465	einen	_	_	_	
4-37	466-476	lieblichen	Quality	_	_	
4-38	477-489	aromatiſchen	Quality	_	_	
4-39	490-496	Geruch	Smell\_Word	*|*|*	4-38|4-37|4-5	
4-40	497-502	haben	_	_	_	
4-41	502-503	.	_	_	_	

#Text=Sie iſt ein maͤchtig alexiterium, das
#Text=allerley Gift aufs kraͤftigſte widerſte-
#Text=het;
#Text=deswegen iſt ſie auch von den Spa-
#Text=niern Contrayerva/ welches in ihrer
#Text=Sprache, ſoviel als Widergift bedeu-
#Text=tet, geheiſſen worden.
5-1	506-509	Sie	_	_	_	
5-2	510-513	iſt	_	_	_	
5-3	514-517	ein	_	_	_	
5-4	518-526	maͤchtig	_	_	_	
5-5	527-538	alexiterium	_	_	_	
5-6	538-539	,	_	_	_	
5-7	540-543	das	_	_	_	
5-8	544-552	allerley	_	_	_	
5-9	553-557	Gift	_	_	_	
5-10	558-562	aufs	_	_	_	
5-11	563-574	kraͤftigſte	_	_	_	
5-12	575-583	widerſte	_	_	_	
5-13	583-584	-	_	_	_	
5-14	585-588	het	_	_	_	
5-15	588-589	;	_	_	_	
5-16	590-598	deswegen	_	_	_	
5-17	599-602	iſt	_	_	_	
5-18	603-606	ſie	_	_	_	
5-19	607-611	auch	_	_	_	
5-20	612-615	von	_	_	_	
5-21	616-619	den	_	_	_	
5-22	620-623	Spa	_	_	_	
5-23	623-624	-	_	_	_	
5-24	625-630	niern	_	_	_	
5-25	631-642	Contrayerva	_	_	_	
5-26	642-643	/	_	_	_	
5-27	644-651	welches	_	_	_	
5-28	652-654	in	_	_	_	
5-29	655-660	ihrer	_	_	_	
5-30	661-668	Sprache	_	_	_	
5-31	668-669	,	_	_	_	
5-32	670-676	ſoviel	_	_	_	
5-33	677-680	als	_	_	_	
5-34	681-690	Widergift	_	_	_	
5-35	691-696	bedeu	_	_	_	
5-36	696-697	-	_	_	_	
5-37	698-701	tet	_	_	_	
5-38	701-702	,	_	_	_	
5-39	703-712	geheiſſen	_	_	_	
5-40	713-719	worden	_	_	_	
5-41	719-720	.	_	_	_	

#Text=Jn Peru waͤchſt noch eine Wurtzel,
#Text=
#Text=die
#Text=
#Text=
#Text=D 3\f
#Text=[0066
#Text=]
#Text=
#Text=
#Text=Der Spezereyen und Materialien
#Text=
#Text=
#Text=die dieſer erſten ziemlich gleich, welche
#Text=nach dem Ritter Franciſcus Drack/
#Text=
#Text=der ſie zu erſt nach England gebracht,
#Text=Drack oder Drackena genennet worden.
6-1	724-726	Jn	_	_	_	
6-2	727-731	Peru	_	_	_	
6-3	732-739	waͤchſt	_	_	_	
6-4	740-744	noch	_	_	_	
6-5	745-749	eine	_	_	_	
6-6	750-757	Wurtzel	_	_	_	
6-7	757-758	,	_	_	_	
6-8	760-763	die	_	_	_	
6-9	766-767	D	_	_	_	
6-10	768-769	3	_	_	_	
6-11	771-772	[	_	_	_	
6-12	772-776	0066	_	_	_	
6-13	777-778	]	_	_	_	
6-14	781-784	Der	_	_	_	
6-15	785-795	Spezereyen	_	_	_	
6-16	796-799	und	_	_	_	
6-17	800-811	Materialien	_	_	_	
6-18	814-817	die	_	_	_	
6-19	818-824	dieſer	_	_	_	
6-20	825-831	erſten	_	_	_	
6-21	832-840	ziemlich	_	_	_	
6-22	841-847	gleich	_	_	_	
6-23	847-848	,	_	_	_	
6-24	849-855	welche	_	_	_	
6-25	856-860	nach	_	_	_	
6-26	861-864	dem	_	_	_	
6-27	865-871	Ritter	_	_	_	
6-28	872-882	Franciſcus	_	_	_	
6-29	883-888	Drack	_	_	_	
6-30	888-889	/	_	_	_	
6-31	891-894	der	_	_	_	
6-32	895-898	ſie	_	_	_	
6-33	899-901	zu	_	_	_	
6-34	902-906	erſt	_	_	_	
6-35	907-911	nach	_	_	_	
6-36	912-919	England	_	_	_	
6-37	920-928	gebracht	_	_	_	
6-38	928-929	,	_	_	_	
6-39	930-935	Drack	_	_	_	
6-40	936-940	oder	_	_	_	
6-41	941-949	Drackena	_	_	_	
6-42	950-958	genennet	_	_	_	
6-43	959-965	worden	_	_	_	
6-44	965-966	.	_	_	_	
