#FORMAT=WebAnno TSV 3.3


#Text=Niet dat men soeck te maken
#Text=ydel vreught,
#Text=Door 't Soet gehoor, oft anders droefheyt suchtig,
#Text=Maer aldermeest te locken elck tot deught,
#Text=End' schricken doen van ondeugt seer beduchtig,
#Text=Door leersaem leer, hoe Deugden lof is vluchtig
#Text=Van elck, die niet te leven vroom en soeckt,
#Text=End' hoe in eer men siet vereert doorluchtigh,
#Text=Elck, die in Deugt t' opwassen hem verkloeckt.
#Text=
#Text=33.
1-1	2-6	Niet	
1-2	7-10	dat	
1-3	11-14	men	
1-4	15-20	soeck	
1-5	21-23	te	
1-6	24-29	maken	
1-7	30-34	ydel	
1-8	35-42	vreught	
1-9	42-43	,	
1-10	44-48	Door	
1-11	49-50	'	
1-12	50-51	t	
1-13	52-56	Soet	
1-14	57-63	gehoor	
1-15	63-64	,	
1-16	65-68	oft	
1-17	69-75	anders	
1-18	76-85	droefheyt	
1-19	86-93	suchtig	
1-20	93-94	,	
1-21	95-99	Maer	
1-22	100-110	aldermeest	
1-23	111-113	te	
1-24	114-120	locken	
1-25	121-125	elck	
1-26	126-129	tot	
1-27	130-136	deught	
1-28	136-137	,	
1-29	138-141	End	
1-30	141-142	'	
1-31	143-152	schricken	
1-32	153-157	doen	
1-33	158-161	van	
1-34	162-169	ondeugt	
1-35	170-174	seer	
1-36	175-184	beduchtig	
1-37	184-185	,	
1-38	186-190	Door	
1-39	191-199	leersaem	
1-40	200-204	leer	
1-41	204-205	,	
1-42	206-209	hoe	
1-43	210-217	Deugden	
1-44	218-221	lof	
1-45	222-224	is	
1-46	225-233	vluchtig	
1-47	234-237	Van	
1-48	238-242	elck	
1-49	242-243	,	
1-50	244-247	die	
1-51	248-252	niet	
1-52	253-255	te	
1-53	256-261	leven	
1-54	262-267	vroom	
1-55	268-270	en	
1-56	271-277	soeckt	
1-57	277-278	,	
1-58	279-282	End	
1-59	282-283	'	
1-60	284-287	hoe	
1-61	288-290	in	
1-62	291-294	eer	
1-63	295-298	men	
1-64	299-303	siet	
1-65	304-311	vereert	
1-66	312-324	doorluchtigh	
1-67	324-325	,	
1-68	326-330	Elck	
1-69	330-331	,	
1-70	332-335	die	
1-71	336-338	in	
1-72	339-344	Deugt	
1-73	345-346	t	
1-74	346-347	'	
1-75	348-356	opwassen	
1-76	357-360	hem	
1-77	361-371	verkloeckt	
1-78	371-372	.	
1-79	374-376	33	
1-80	376-377	.	

#Text=Maer Sin-rijc schoon moet zijn gemaect een werc
#Text=Soo 't sal met recht veel ander overtreffen,
#Text=Soet-vloeyigh, reyn, wel-sprekig, leersaem sterck,
#Text=Dat elck een kan vermaeck daer in beseffen,
#Text=Al sat' hy in een Schip wel-seyligh effen,
#Text='T welck geen' ontblijft, end' vele seylt voorby:
#Text=Alsoo sal oock seer veerdigh doen verheffen,
#Text=
#Text=In goet Gerucht, sulck werck zijn wercker vry.
#Text=
#Text=34.
2-1	378-382	Maer	
2-2	383-391	Sin-rijc	
2-3	392-398	schoon	
2-4	399-403	moet	
2-5	404-408	zijn	
2-6	409-416	gemaect	
2-7	417-420	een	
2-8	421-425	werc	
2-9	426-429	Soo	
2-10	430-431	'	
2-11	431-432	t	
2-12	433-436	sal	
2-13	437-440	met	
2-14	441-446	recht	
2-15	447-451	veel	
2-16	452-457	ander	
2-17	458-469	overtreffen	
2-18	469-470	,	
2-19	471-484	Soet-vloeyigh	
2-20	484-485	,	
2-21	486-490	reyn	
2-22	490-491	,	
2-23	492-503	wel-sprekig	
2-24	503-504	,	
2-25	505-513	leersaem	
2-26	514-520	sterck	
2-27	520-521	,	
2-28	522-525	Dat	
2-29	526-530	elck	
2-30	531-534	een	
2-31	535-538	kan	
2-32	539-547	vermaeck	
2-33	548-552	daer	
2-34	553-555	in	
2-35	556-564	beseffen	
2-36	564-565	,	
2-37	566-568	Al	
2-38	569-572	sat	
2-39	572-573	'	
2-40	574-576	hy	
2-41	577-579	in	
2-42	580-583	een	
2-43	584-589	Schip	
2-44	590-601	wel-seyligh	
2-45	602-607	effen	
2-46	607-608	,	
2-47	609-610	'	
2-48	610-611	T	
2-49	612-617	welck	
2-50	618-622	geen	
2-51	622-623	'	
2-52	624-633	ontblijft	
2-53	633-634	,	
2-54	635-638	end	
2-55	638-639	'	
2-56	640-644	vele	
2-57	645-650	seylt	
2-58	651-657	voorby	
2-59	657-658	:	
2-60	659-664	Alsoo	
2-61	665-668	sal	
2-62	669-673	oock	
2-63	674-678	seer	
2-64	679-687	veerdigh	
2-65	688-692	doen	
2-66	693-702	verheffen	
2-67	702-703	,	
2-68	705-707	In	
2-69	708-712	goet	
2-70	713-720	Gerucht	
2-71	720-721	,	
2-72	722-727	sulck	
2-73	728-733	werck	
2-74	734-738	zijn	
2-75	739-746	wercker	
2-76	747-750	vry	
2-77	750-751	.	
2-78	753-755	34	
2-79	755-756	.	

#Text=En sulc Gerucht sal niet verdwijnen swaer,
#Text=Maer voort en voort van eeuw' tot eeuw' gedeuren:
#Text=
#Text=
#Text=Want
#Text=beyde, Werck, end' Wercker, werden klaer
#Text=
#Text=Met Eer' omringht, ghelijck met vaste meuren:
#Text=End' als het lijf 't verdwijnen moet beseuren,
#Text=Den lof des Wercks sal dan vermeeren
#Text=schoon:
#Text=
#Text=
#Text=Want
#Text=Wercker sal, door Lesers lust, ghebeuren
#Text=
#Text=
#Text=Een altijt groen', end' blijvend' Eeren-kroon.
#Text=
#Text=35.
3-1	757-759	En	
3-2	760-764	sulc	
3-3	765-772	Gerucht	
3-4	773-776	sal	
3-5	777-781	niet	
3-6	782-792	verdwijnen	
3-7	793-798	swaer	
3-8	798-799	,	
3-9	800-804	Maer	
3-10	805-810	voort	
3-11	811-813	en	
3-12	814-819	voort	
3-13	820-823	van	
3-14	824-828	eeuw	
3-15	828-829	'	
3-16	830-833	tot	
3-17	834-838	eeuw	
3-18	838-839	'	
3-19	840-848	gedeuren	
3-20	848-849	:	
3-21	852-856	Want	
3-22	857-862	beyde	
3-23	862-863	,	
3-24	864-869	Werck	
3-25	869-870	,	
3-26	871-874	end	
3-27	874-875	'	
3-28	876-883	Wercker	
3-29	883-884	,	
3-30	885-891	werden	
3-31	892-897	klaer	
3-32	899-902	Met	
3-33	903-906	Eer	
3-34	906-907	'	
3-35	908-916	omringht	
3-36	916-917	,	
3-37	918-926	ghelijck	
3-38	927-930	met	
3-39	931-936	vaste	
3-40	937-943	meuren	
3-41	943-944	:	
3-42	945-948	End	
3-43	948-949	'	
3-44	950-953	als	
3-45	954-957	het	
3-46	958-962	lijf	
3-47	963-964	'	
3-48	964-965	t	
3-49	966-976	verdwijnen	
3-50	977-981	moet	
3-51	982-990	beseuren	
3-52	990-991	,	
3-53	992-995	Den	
3-54	996-999	lof	
3-55	1000-1003	des	
3-56	1004-1010	Wercks	
3-57	1011-1014	sal	
3-58	1015-1018	dan	
3-59	1019-1028	vermeeren	
3-60	1029-1035	schoon	
3-61	1035-1036	:	
3-62	1039-1043	Want	
3-63	1044-1051	Wercker	
3-64	1052-1055	sal	
3-65	1055-1056	,	
3-66	1057-1061	door	
3-67	1062-1068	Lesers	
3-68	1069-1073	lust	
3-69	1073-1074	,	
3-70	1075-1084	ghebeuren	
3-71	1087-1090	Een	
3-72	1091-1097	altijt	
3-73	1098-1103	groen	
3-74	1103-1104	'	
3-75	1104-1105	,	
3-76	1106-1109	end	
3-77	1109-1110	'	
3-78	1111-1119	blijvend	
3-79	1119-1120	'	
3-80	1121-1132	Eeren-kroon	
3-81	1132-1133	.	
3-82	1135-1137	35	
3-83	1137-1138	.	

#Text=Maer daer gewoel, end' onrust veel verkeert
#Text=
#Text=Men qualijck kan dees Eer' in Konst gewinnen:
4-1	1139-1143	Maer	
4-2	1144-1148	daer	
4-3	1149-1155	gewoel	
4-4	1155-1156	,	
4-5	1157-1160	end	
4-6	1160-1161	'	
4-7	1162-1168	onrust	
4-8	1169-1173	veel	
4-9	1174-1182	verkeert	
4-10	1184-1187	Men	
4-11	1188-1196	qualijck	
4-12	1197-1200	kan	
4-13	1201-1205	dees	
4-14	1206-1209	Eer	
4-15	1209-1210	'	
4-16	1211-1213	in	
4-17	1214-1219	Konst	
4-18	1220-1228	gewinnen	
4-19	1228-1229	:	
