#FORMAT=WebAnno TSV 3.3


#Text=over den mensche hadde uytghesproken, om te toonen, dat de onderhoudinghe ende vermenighvuldinge des menschelicken geslachts, midtsgaders alle heerschappije ende macht, die de mensche nae den val over de onvernuftighe dieren behouden hadde, soo wel na, als voor den Sundtvloedt, aen sijnen zegen hingh.
#Text=zeghende Noach ende sijne sonen; ende hy seyde tot hen:
#Text=Bov.
#Text=1.28.
#Text=ende 8.17.
1-1	2-6	over	
1-2	7-10	den	
1-3	11-18	mensche	
1-4	19-24	hadde	
1-5	25-38	uytghesproken	
1-6	38-39	,	
1-7	40-42	om	
1-8	43-45	te	
1-9	46-52	toonen	
1-10	52-53	,	
1-11	54-57	dat	
1-12	58-60	de	
1-13	61-75	onderhoudinghe	
1-14	76-80	ende	
1-15	81-98	vermenighvuldinge	
1-16	99-102	des	
1-17	103-116	menschelicken	
1-18	117-126	geslachts	
1-19	126-127	,	
1-20	128-139	midtsgaders	
1-21	140-144	alle	
1-22	145-158	heerschappije	
1-23	159-163	ende	
1-24	164-169	macht	
1-25	169-170	,	
1-26	171-174	die	
1-27	175-177	de	
1-28	178-185	mensche	
1-29	186-189	nae	
1-30	190-193	den	
1-31	194-197	val	
1-32	198-202	over	
1-33	203-205	de	
1-34	206-219	onvernuftighe	
1-35	220-226	dieren	
1-36	227-235	behouden	
1-37	236-241	hadde	
1-38	241-242	,	
1-39	243-246	soo	
1-40	247-250	wel	
1-41	251-253	na	
1-42	253-254	,	
1-43	255-258	als	
1-44	259-263	voor	
1-45	264-267	den	
1-46	268-279	Sundtvloedt	
1-47	279-280	,	
1-48	281-284	aen	
1-49	285-291	sijnen	
1-50	292-297	zegen	
1-51	298-303	hingh	
1-52	303-304	.	
1-53	305-313	zeghende	
1-54	314-319	Noach	
1-55	320-324	ende	
1-56	325-330	sijne	
1-57	331-336	sonen	
1-58	336-337	;	
1-59	338-342	ende	
1-60	343-345	hy	
1-61	346-351	seyde	
1-62	352-355	tot	
1-63	356-359	hen	
1-64	359-360	:	
1-65	361-364	Bov	
1-66	364-365	.	
1-67	366-370	1.28	
1-68	370-371	.	
1-69	372-376	ende	
1-70	377-381	8.17	
1-71	381-382	.	

#Text=Zijt vruchtbaer ende vermenighvuldiget, ende vervullet de aerde:
#Text=
#Text=2
#Text=Ende u-lieder vreese, ende u-lieder verschrickinge zy over al het gedierte der aerde, ende over al het gevogelte des hemels:
#Text=in al [kolom] wat sich op den aerdtbodem Ofte, kruypt, ende sich beweeght, als een onredelick dier.
#Text=roert, ende in alle visschen der zee:
#Text=sy zijn in uwe hant over gegeven.
#Text=
#Text=3
#Text=D. allerley eetbaer gedierte, op der aerde, in de lucht, ende in de wateren.
2-1	383-387	Zijt	
2-2	388-398	vruchtbaer	
2-3	399-403	ende	
2-4	404-421	vermenighvuldiget	
2-5	421-422	,	
2-6	423-427	ende	
2-7	428-437	vervullet	
2-8	438-440	de	
2-9	441-446	aerde	
2-10	446-447	:	
2-11	449-450	2	
2-12	451-455	Ende	
2-13	456-464	u-lieder	
2-14	465-471	vreese	
2-15	471-472	,	
2-16	473-477	ende	
2-17	478-486	u-lieder	
2-18	487-501	verschrickinge	
2-19	502-504	zy	
2-20	505-509	over	
2-21	510-512	al	
2-22	513-516	het	
2-23	517-525	gedierte	
2-24	526-529	der	
2-25	530-535	aerde	
2-26	535-536	,	
2-27	537-541	ende	
2-28	542-546	over	
2-29	547-549	al	
2-30	550-553	het	
2-31	554-563	gevogelte	
2-32	564-567	des	
2-33	568-574	hemels	
2-34	574-575	:	
2-35	576-578	in	
2-36	579-581	al	
2-37	582-583	[	
2-38	583-588	kolom	
2-39	588-589	]	
2-40	590-593	wat	
2-41	594-598	sich	
2-42	599-601	op	
2-43	602-605	den	
2-44	606-616	aerdtbodem	
2-45	617-621	Ofte	
2-46	621-622	,	
2-47	623-629	kruypt	
2-48	629-630	,	
2-49	631-635	ende	
2-50	636-640	sich	
2-51	641-649	beweeght	
2-52	649-650	,	
2-53	651-654	als	
2-54	655-658	een	
2-55	659-669	onredelick	
2-56	670-674	dier	
2-57	674-675	.	
2-58	676-681	roert	
2-59	681-682	,	
2-60	683-687	ende	
2-61	688-690	in	
2-62	691-695	alle	
2-63	696-704	visschen	
2-64	705-708	der	
2-65	709-712	zee	
2-66	712-713	:	
2-67	714-716	sy	
2-68	717-721	zijn	
2-69	722-724	in	
2-70	725-728	uwe	
2-71	729-733	hant	
2-72	734-738	over	
2-73	739-746	gegeven	
2-74	746-747	.	
2-75	749-750	3	
2-76	751-752	D	
2-77	752-753	.	
2-78	754-762	allerley	
2-79	763-770	eetbaer	
2-80	771-779	gedierte	
2-81	779-780	,	
2-82	781-783	op	
2-83	784-787	der	
2-84	788-793	aerde	
2-85	793-794	,	
2-86	795-797	in	
2-87	798-800	de	
2-88	801-806	lucht	
2-89	806-807	,	
2-90	808-812	ende	
2-91	813-815	in	
2-92	816-818	de	
2-93	819-826	wateren	
2-94	826-827	.	

#Text=Al wat sich roert, Want dat van selfs, ofte qualick gestorven is,
#Text=is door dese wet verboden.
#Text=dat levendigh is, zy u tot spijse:
#Text=ick heb het u al ghegeven gelijck Hebr.
#Text=het groensel, ofte, de groente des kruydts, als bov.
#Text=1.
#Text=vers 30.
3-1	828-830	Al	
3-2	831-834	wat	
3-3	835-839	sich	
3-4	840-845	roert	
3-5	845-846	,	
3-6	847-851	Want	
3-7	852-855	dat	
3-8	856-859	van	
3-9	860-865	selfs	
3-10	865-866	,	
3-11	867-871	ofte	
3-12	872-879	qualick	
3-13	880-889	gestorven	
3-14	890-892	is	
3-15	892-893	,	
3-16	894-896	is	
3-17	897-901	door	
3-18	902-906	dese	
3-19	907-910	wet	
3-20	911-919	verboden	
3-21	919-920	.	
3-22	921-924	dat	
3-23	925-934	levendigh	
3-24	935-937	is	
3-25	937-938	,	
3-26	939-941	zy	
3-27	942-943	u	
3-28	944-947	tot	
3-29	948-954	spijse	
3-30	954-955	:	
3-31	956-959	ick	
3-32	960-963	heb	
3-33	964-967	het	
3-34	968-969	u	
3-35	970-972	al	
3-36	973-981	ghegeven	
3-37	982-989	gelijck	
3-38	990-994	Hebr	
3-39	994-995	.	
3-40	996-999	het	
3-41	1000-1008	groensel	
3-42	1008-1009	,	
3-43	1010-1014	ofte	
3-44	1014-1015	,	
3-45	1016-1018	de	
3-46	1019-1026	groente	
3-47	1027-1030	des	
3-48	1031-1038	kruydts	
3-49	1038-1039	,	
3-50	1040-1043	als	
3-51	1044-1047	bov	
3-52	1047-1048	.	
3-53	1049-1050	1	
3-54	1050-1051	.	
3-55	1052-1056	vers	
3-56	1057-1059	30	
3-57	1059-1060	.	

#Text=D.
4-1	1061-1062	D	
4-2	1062-1063	.	

#Text=(na ’t gemeyn gevoelen) boven ’t groen kruydt, ende de vruchten, die ick u te voren tot spijse hadde verordent, geve ick u nu oock allerley levendig eetbaer gedierte.
5-1	1064-1065	(	
5-2	1065-1067	na	
5-3	1068-1069	’	
5-4	1069-1070	t	
5-5	1071-1077	gemeyn	
5-6	1078-1086	gevoelen	
5-7	1086-1087	)	
5-8	1088-1093	boven	
5-9	1094-1095	’	
5-10	1095-1096	t	
5-11	1097-1102	groen	
5-12	1103-1109	kruydt	
5-13	1109-1110	,	
5-14	1111-1115	ende	
5-15	1116-1118	de	
5-16	1119-1127	vruchten	
5-17	1127-1128	,	
5-18	1129-1132	die	
5-19	1133-1136	ick	
5-20	1137-1138	u	
5-21	1139-1141	te	
5-22	1142-1147	voren	
5-23	1148-1151	tot	
5-24	1152-1158	spijse	
5-25	1159-1164	hadde	
5-26	1165-1174	verordent	
5-27	1174-1175	,	
5-28	1176-1180	geve	
5-29	1181-1184	ick	
5-30	1185-1186	u	
5-31	1187-1189	nu	
5-32	1190-1194	oock	
5-33	1195-1203	allerley	
5-34	1204-1212	levendig	
5-35	1213-1220	eetbaer	
5-36	1221-1229	gedierte	
5-37	1229-1230	.	

#Text=Bov.
6-1	1231-1234	Bov	
6-2	1234-1235	.	
