#FORMAT=WebAnno TSV 3.3


#Text=5;
#Text=
#Text=
#Text=kan men 't ruim een Maand goedhouden, saus daar van maakende, daar in men de kost 
#Text=
#Text=doopt om den Eetus te verwekken, gelyk men anders met de Bocassan doed; in deze 
#Text=
#Text=peekel kan men geen gedaante van Wormtjes meer pekennen, want het schier 't eene-
#Text=
#Text=maal tot slym wegsmelt -inzonderheit wanneer men het water niet ter dege laat af-
#Text=
#Text=loopen.
1-1	2-3	5	
1-2	3-4	;	
1-3	7-10	kan	
1-4	11-14	men	
1-5	15-16	'	
1-6	16-17	t	
1-7	18-22	ruim	
1-8	23-26	een	
1-9	27-32	Maand	
1-10	33-43	goedhouden	
1-11	43-44	,	
1-12	45-49	saus	
1-13	50-54	daar	
1-14	55-58	van	
1-15	59-67	maakende	
1-16	67-68	,	
1-17	69-73	daar	
1-18	74-76	in	
1-19	77-80	men	
1-20	81-83	de	
1-21	84-88	kost	
1-22	91-96	doopt	
1-23	97-99	om	
1-24	100-103	den	
1-25	104-109	Eetus	
1-26	110-112	te	
1-27	113-122	verwekken	
1-28	122-123	,	
1-29	124-129	gelyk	
1-30	130-133	men	
1-31	134-140	anders	
1-32	141-144	met	
1-33	145-147	de	
1-34	148-156	Bocassan	
1-35	157-161	doed	
1-36	161-162	;	
1-37	163-165	in	
1-38	166-170	deze	
1-39	173-179	peekel	
1-40	180-183	kan	
1-41	184-187	men	
1-42	188-192	geen	
1-43	193-201	gedaante	
1-44	202-205	van	
1-45	206-214	Wormtjes	
1-46	215-219	meer	
1-47	220-228	pekennen	
1-48	228-229	,	
1-49	230-234	want	
1-50	235-238	het	
1-51	239-245	schier	
1-52	246-247	'	
1-53	247-248	t	
1-54	249-253	eene	
1-55	253-254	-	
1-56	256-260	maal	
1-57	261-264	tot	
1-58	265-269	slym	
1-59	270-278	wegsmelt	
1-60	279-280	-	
1-61	280-292	inzonderheit	
1-62	293-300	wanneer	
1-63	301-304	men	
1-64	305-308	het	
1-65	309-314	water	
1-66	315-319	niet	
1-67	320-323	ter	
1-68	324-328	dege	
1-69	329-333	laat	
1-70	334-336	af	
1-71	336-337	-	
1-72	339-345	loopen	
1-73	345-346	.	

#Text=Een ander manier om Bocassan te maaken, is dat men 't versch gevangene Eenandere 
#Text=
#Text=
#Text=Wawo niet veel handele zoo lang het noch leeft, maar zoetjes in de korven giet, en 4 
#Text=
#Text=zonder 't veel te schudden, aan land brengt;
#Text=men kookt eerst een sop van half wa-redden.
2-1	347-350	Een	
2-2	351-356	ander	
2-3	357-363	manier	
2-4	364-366	om	
2-5	367-375	Bocassan	
2-6	376-378	te	
2-7	379-385	maaken	
2-8	385-386	,	
2-9	387-389	is	
2-10	390-393	dat	
2-11	394-397	men	
2-12	398-399	'	
2-13	399-400	t	
2-14	401-407	versch	
2-15	408-417	gevangene	
2-16	418-427	Eenandere	
2-17	431-435	Wawo	
2-18	436-440	niet	
2-19	441-445	veel	
2-20	446-453	handele	
2-21	454-457	zoo	
2-22	458-462	lang	
2-23	463-466	het	
2-24	467-471	noch	
2-25	472-477	leeft	
2-26	477-478	,	
2-27	479-483	maar	
2-28	484-491	zoetjes	
2-29	492-494	in	
2-30	495-497	de	
2-31	498-504	korven	
2-32	505-509	giet	
2-33	509-510	,	
2-34	511-513	en	
2-35	514-515	4	
2-36	518-524	zonder	
2-37	525-526	'	
2-38	526-527	t	
2-39	528-532	veel	
2-40	533-535	te	
2-41	536-544	schudden	
2-42	544-545	,	
2-43	546-549	aan	
2-44	550-554	land	
2-45	555-561	brengt	
2-46	561-562	;	
2-47	563-566	men	
2-48	567-572	kookt	
2-49	573-578	eerst	
2-50	579-582	een	
2-51	583-586	sop	
2-52	587-590	van	
2-53	591-595	half	
2-54	596-605	wa-redden	
2-55	605-606	.	

#Text=ter en hale van 't voorschteeven Limoen zap of Azyn met Gember, Lanquas, Ritsjes, 
#Text=
#Text=en, dien het lust, ook met Look, en giethet alsdan daar over;
#Text=daar na neemt Amboins 
#Text=
#Text=zout, rookt het over 't vuur gansch droog, wryyft het kleen en strooit het daar over, 
#Text=
#Text=bewaart het in digte potjes dat geen lucht daar by komt, zoo hebt gy een goede Bocas-
#Text=
#Text=san ter indoopinge dienstig, dewelke men wel een Jaar goed kan houden, hoewel de 
#Text=
#Text=women gansch weg smelten.
3-1	609-612	ter	
3-2	613-615	en	
3-3	616-620	hale	
3-4	621-624	van	
3-5	625-626	'	
3-6	626-627	t	
3-7	628-641	voorschteeven	
3-8	642-648	Limoen	
3-9	649-652	zap	
3-10	653-655	of	
3-11	656-660	Azyn	
3-12	661-664	met	
3-13	665-671	Gember	
3-14	671-672	,	
3-15	673-680	Lanquas	
3-16	680-681	,	
3-17	682-689	Ritsjes	
3-18	689-690	,	
3-19	693-695	en	
3-20	695-696	,	
3-21	697-701	dien	
3-22	702-705	het	
3-23	706-710	lust	
3-24	710-711	,	
3-25	712-715	ook	
3-26	716-719	met	
3-27	720-724	Look	
3-28	724-725	,	
3-29	726-728	en	
3-30	729-736	giethet	
3-31	737-743	alsdan	
3-32	744-748	daar	
3-33	749-753	over	
3-34	753-754	;	
3-35	755-759	daar	
3-36	760-762	na	
3-37	763-768	neemt	
3-38	769-776	Amboins	
3-39	779-783	zout	
3-40	783-784	,	
3-41	785-790	rookt	
3-42	791-794	het	
3-43	795-799	over	
3-44	800-801	'	
3-45	801-802	t	
3-46	803-807	vuur	
3-47	808-814	gansch	
3-48	815-820	droog	
3-49	820-821	,	
3-50	822-828	wryyft	
3-51	829-832	het	
3-52	833-838	kleen	
3-53	839-841	en	
3-54	842-849	strooit	
3-55	850-853	het	
3-56	854-858	daar	
3-57	859-863	over	
3-58	863-864	,	
3-59	867-874	bewaart	
3-60	875-878	het	
3-61	879-881	in	
3-62	882-887	digte	
3-63	888-894	potjes	
3-64	895-898	dat	
3-65	899-903	geen	
3-66	904-909	lucht	
3-67	910-914	daar	
3-68	915-917	by	
3-69	918-922	komt	
3-70	922-923	,	
3-71	924-927	zoo	
3-72	928-932	hebt	
3-73	933-935	gy	
3-74	936-939	een	
3-75	940-945	goede	
3-76	946-951	Bocas	
3-77	951-952	-	
3-78	954-957	san	
3-79	958-961	ter	
3-80	962-972	indoopinge	
3-81	973-981	dienstig	
3-82	981-982	,	
3-83	983-990	dewelke	
3-84	991-994	men	
3-85	995-998	wel	
3-86	999-1002	een	
3-87	1003-1007	Jaar	
3-88	1008-1012	goed	
3-89	1013-1016	kan	
3-90	1017-1023	houden	
3-91	1023-1024	,	
3-92	1025-1031	hoewel	
3-93	1032-1034	de	
3-94	1037-1042	women	
3-95	1043-1049	gansch	
3-96	1050-1053	weg	
3-97	1054-1061	smelten	
3-98	1061-1062	.	

#Text=De derde manier van 't toebereiden geschied in den rook Derde wy 
#Text=
#Text=wanneer men de schoon gemaakte, en met de boven staande gesneedene kruiden WW 
#Text=
#Text=mengde Waxo, op een Pissang-blad, dunnetjes WWW 
#Text=
#Text=plad bedekt, en dan tussehen dun gespleete Bamboezen, of Gabba Gabben bindt, over 
#Text=
#Text=et yuur roost, en daar na in den rook hangt, wanneer men 't eeten wil, neemt men 
#Text=
#Text=het tussehen de bladeren uit, dat dan zoo dun is als Pannekoeken, breekt het in 
#Text=
#Text=stukken en doopt het in eenige saus.
4-1	1063-1065	De	
4-2	1066-1071	derde	
4-3	1072-1078	manier	
4-4	1079-1082	van	
4-5	1083-1084	'	
4-6	1084-1085	t	
4-7	1086-1097	toebereiden	
4-8	1098-1106	geschied	
4-9	1107-1109	in	
4-10	1110-1113	den	
4-11	1114-1118	rook	
4-12	1119-1124	Derde	
4-13	1125-1127	wy	
4-14	1130-1137	wanneer	
4-15	1138-1141	men	
4-16	1142-1144	de	
4-17	1145-1151	schoon	
4-18	1152-1160	gemaakte	
4-19	1160-1161	,	
4-20	1162-1164	en	
4-21	1165-1168	met	
4-22	1169-1171	de	
4-23	1172-1177	boven	
4-24	1178-1185	staande	
4-25	1186-1196	gesneedene	
4-26	1197-1204	kruiden	
4-27	1205-1207	WW	
4-28	1210-1216	mengde	
4-29	1217-1221	Waxo	
4-30	1221-1222	,	
4-31	1223-1225	op	
4-32	1226-1229	een	
4-33	1230-1242	Pissang-blad	
4-34	1242-1243	,	
4-35	1244-1253	dunnetjes	
4-36	1254-1257	WWW	
4-37	1260-1264	plad	
4-38	1265-1271	bedekt	
4-39	1271-1272	,	
4-40	1273-1275	en	
4-41	1276-1279	dan	
4-42	1280-1288	tussehen	
4-43	1289-1292	dun	
4-44	1293-1302	gespleete	
4-45	1303-1312	Bamboezen	
4-46	1312-1313	,	
4-47	1314-1316	of	
4-48	1317-1322	Gabba	
4-49	1323-1329	Gabben	
4-50	1330-1335	bindt	
4-51	1335-1336	,	
4-52	1337-1341	over	
4-53	1344-1346	et	
4-54	1347-1351	yuur	
4-55	1352-1357	roost	
4-56	1357-1358	,	
4-57	1359-1361	en	
4-58	1362-1366	daar	
4-59	1367-1369	na	
4-60	1370-1372	in	
4-61	1373-1376	den	
4-62	1377-1381	rook	
4-63	1382-1387	hangt	
4-64	1387-1388	,	
4-65	1389-1396	wanneer	
4-66	1397-1400	men	
4-67	1401-1402	'	
4-68	1402-1403	t	
4-69	1404-1409	eeten	
4-70	1410-1413	wil	
4-71	1413-1414	,	
4-72	1415-1420	neemt	
4-73	1421-1424	men	
4-74	1427-1430	het	
4-75	1431-1439	tussehen	
4-76	1440-1442	de	
4-77	1443-1451	bladeren	
4-78	1452-1455	uit	
4-79	1455-1456	,	
4-80	1457-1460	dat	
4-81	1461-1464	dan	
4-82	1465-1468	zoo	
4-83	1469-1472	dun	
4-84	1473-1475	is	
4-85	1476-1479	als	
4-86	1480-1491	Pannekoeken	
4-87	1491-1492	,	
4-88	1493-1499	breekt	
4-89	1500-1503	het	
4-90	1504-1506	in	
4-91	1509-1516	stukken	
4-92	1517-1519	en	
4-93	1520-1525	doopt	
4-94	1526-1529	het	
4-95	1530-1532	in	
4-96	1533-1539	eenige	
4-97	1540-1544	saus	
4-98	1544-1545	.	

#Text=Al het Wawo, inzonderheit
#Text=het ingepeekel-
#Text=
#Text=de, behoud zynen klipagtigen
#Text=reuk en smaak, daar zig de Liefhebbers niet aan 
#Text=
#Text=stooren, dog word die ook meest benomen door de voormoende Specerijen.
5-1	1546-1548	Al	
5-2	1549-1552	het	
5-3	1553-1557	Wawo	
5-4	1557-1558	,	
5-5	1559-1571	inzonderheit	
5-6	1572-1575	het	
5-7	1576-1586	ingepeekel	
5-8	1586-1587	-	
5-9	1589-1591	de	
5-10	1591-1592	,	
5-11	1593-1599	behoud	
5-12	1600-1605	zynen	
5-13	1606-1617	klipagtigen	
5-14	1618-1622	reuk	
5-15	1623-1625	en	
5-16	1626-1631	smaak	
5-17	1631-1632	,	
5-18	1633-1637	daar	
5-19	1638-1641	zig	
5-20	1642-1644	de	
5-21	1645-1656	Liefhebbers	
5-22	1657-1661	niet	
5-23	1662-1665	aan	
5-24	1668-1675	stooren	
5-25	1675-1676	,	
5-26	1677-1680	dog	
5-27	1681-1685	word	
5-28	1686-1689	die	
5-29	1690-1693	ook	
5-30	1694-1699	meest	
5-31	1700-1707	benomen	
5-32	1708-1712	door	
5-33	1713-1715	de	
5-34	1716-1726	voormoende	
5-35	1727-1737	Specerijen	
5-36	1737-1738	.	

#Text=Men 
#Text=
#Text=pevind ook dat het 't water afdryft, doch het word hen verbooden, die eenige 
#Text=
#Text=het
#Text=
#Text=zeerigheit aan 't lyf hebben, en wiens Beenen vol zweeren zyn moeten in zee 
#Text=
#Text=Wawo daar aan niet laaten komen, dewyl het meer verrotting veroorzaakt en de ge-
#Text=
#Text=neezing belet.
6-1	1739-1742	Men	
6-2	1745-1751	pevind	
6-3	1752-1755	ook	
6-4	1756-1759	dat	
6-5	1760-1763	het	
6-6	1764-1765	'	
6-7	1765-1766	t	
6-8	1767-1772	water	
6-9	1773-1780	afdryft	
6-10	1780-1781	,	
6-11	1782-1786	doch	
6-12	1787-1790	het	
6-13	1791-1795	word	
6-14	1796-1799	hen	
6-15	1800-1809	verbooden	
6-16	1809-1810	,	
6-17	1811-1814	die	
6-18	1815-1821	eenige	
6-19	1824-1827	het	
6-20	1829-1839	zeerigheit	
6-21	1840-1843	aan	
6-22	1844-1845	'	
6-23	1845-1846	t	
6-24	1847-1850	lyf	
6-25	1851-1857	hebben	
6-26	1857-1858	,	
6-27	1859-1861	en	
6-28	1862-1867	wiens	
6-29	1868-1874	Beenen	
6-30	1875-1878	vol	
6-31	1879-1886	zweeren	
6-32	1887-1890	zyn	
6-33	1891-1897	moeten	
6-34	1898-1900	in	
6-35	1901-1904	zee	
6-36	1907-1911	Wawo	
6-37	1912-1916	daar	
6-38	1917-1920	aan	
6-39	1921-1925	niet	
6-40	1926-1932	laaten	
6-41	1933-1938	komen	
6-42	1938-1939	,	
6-43	1940-1945	dewyl	
6-44	1946-1949	het	
6-45	1950-1954	meer	
6-46	1955-1965	verrotting	
6-47	1966-1977	veroorzaakt	
6-48	1978-1980	en	
6-49	1981-1983	de	
6-50	1984-1986	ge	
6-51	1986-1987	-	
6-52	1989-1996	neezing	
6-53	1997-2002	belet	
6-54	2002-2003	.	

#Text=p, tweede soorte die in de volgende volle Maan opkomt, en alreeds de gedaante wee niet 
#Text=
#Text=van Duizendbeenen heeft, word wegens haar afzienlykheit niet of zelden ge-8 
#Text=
#Text=geeten, vant men daar van wel geen zondering letzel bevind, doch by veele eene 
#Text=
#Text=groote duizeling en benauwtheit verwekt, daarom het beter is dat men 't geheel 
#Text=
#Text=en al myd.
7-1	2006-2007	p	
7-2	2007-2008	,	
7-3	2009-2015	tweede	
7-4	2016-2022	soorte	
7-5	2023-2026	die	
7-6	2027-2029	in	
7-7	2030-2032	de	
7-8	2033-2041	volgende	
7-9	2042-2047	volle	
7-10	2048-2052	Maan	
7-11	2053-2059	opkomt	
7-12	2059-2060	,	
7-13	2061-2063	en	
7-14	2064-2071	alreeds	
7-15	2072-2074	de	
7-16	2075-2083	gedaante	
7-17	2084-2087	wee	
7-18	2088-2092	niet	
7-19	2095-2098	van	
7-20	2099-2112	Duizendbeenen	
7-21	2113-2118	heeft	
7-22	2118-2119	,	
7-23	2120-2124	word	
7-24	2125-2131	wegens	
7-25	2132-2136	haar	
7-26	2137-2150	afzienlykheit	
7-27	2151-2155	niet	
7-28	2156-2158	of	
7-29	2159-2165	zelden	
7-30	2166-2168	ge	
7-31	2168-2169	-	
7-32	2169-2170	8	
7-33	2173-2179	geeten	
7-34	2179-2180	,	
7-35	2181-2185	vant	
7-36	2186-2189	men	
7-37	2190-2194	daar	
7-38	2195-2198	van	
7-39	2199-2202	wel	
7-40	2203-2207	geen	
7-41	2208-2217	zondering	
7-42	2218-2224	letzel	
7-43	2225-2231	bevind	
7-44	2231-2232	,	
7-45	2233-2237	doch	
7-46	2238-2240	by	
7-47	2241-2246	veele	
7-48	2247-2251	eene	
7-49	2254-2260	groote	
7-50	2261-2270	duizeling	
7-51	2271-2273	en	
7-52	2274-2285	benauwtheit	
7-53	2286-2293	verwekt	
7-54	2293-2294	,	
7-55	2295-2301	daarom	
7-56	2302-2305	het	
7-57	2306-2311	beter	
7-58	2312-2314	is	
7-59	2315-2318	dat	
7-60	2319-2322	men	
7-61	2323-2324	'	
7-62	2324-2325	t	
7-63	2326-2332	geheel	
7-64	2335-2337	en	
7-65	2338-2340	al	
7-66	2341-2344	myd	
7-67	2344-2345	.	

#Text=De latste soort vuurd by nagt in zee,
#Text=gevende een helder ligt 
#Text=
#Text=van zig, waarom ze te meer geschuwt word, dewyl ze deze eigenschap met de 
#Text=
#Text=Duizendbeenen gemeen heeft.
8-1	2346-2348	De	
8-2	2349-2355	latste	
8-3	2356-2361	soort	
8-4	2362-2367	vuurd	
8-5	2368-2370	by	
8-6	2371-2375	nagt	
8-7	2376-2378	in	
8-8	2379-2382	zee	
8-9	2382-2383	,	
8-10	2384-2391	gevende	
8-11	2392-2395	een	
8-12	2396-2402	helder	
8-13	2403-2407	ligt	
8-14	2410-2413	van	
8-15	2414-2417	zig	
8-16	2417-2418	,	
8-17	2419-2425	waarom	
8-18	2426-2428	ze	
8-19	2429-2431	te	
8-20	2432-2436	meer	
8-21	2437-2445	geschuwt	
8-22	2446-2450	word	
8-23	2450-2451	,	
8-24	2452-2457	dewyl	
8-25	2458-2460	ze	
8-26	2461-2465	deze	
8-27	2466-2476	eigenschap	
8-28	2477-2480	met	
8-29	2481-2483	de	
8-30	2486-2499	Duizendbeenen	
8-31	2500-2506	gemeen	
8-32	2507-2512	heeft	
8-33	2512-2513	.	

#Text=Tot naarder kenmisse van dit Schepzel, zal ik hier by 
#Text=
#Text=zetten, wanneer het regte Wawo gevangen is.
9-1	2514-2517	Tot	
9-2	2518-2525	naarder	
9-3	2526-2534	kenmisse	
9-4	2535-2538	van	
9-5	2539-2542	dit	
9-6	2543-2551	Schepzel	
9-7	2551-2552	,	
9-8	2553-2556	zal	
9-9	2557-2559	ik	
9-10	2560-2564	hier	
9-11	2565-2567	by	
9-12	2570-2576	zetten	
9-13	2576-2577	,	
9-14	2578-2585	wanneer	
9-15	2586-2589	het	
9-16	2590-2595	regte	
9-17	2596-2600	Wawo	
9-18	2601-2609	gevangen	
9-19	2610-2612	is	
9-20	2612-2613	.	

#Text=de aanteikeningen van zommige Jaaren 
#Text=
#Text=anno 1684 heeft men 't gehad den 3, 4 5 Maart, zynde de volle Maan op Lente 9-
#Text=
#Text=den eersten Maart geweest, het quam toenmaals in redelyke menigte voort, on-eea 
#Text=
#Text=Berg tot Hative Kitsjil tie, men schept het Sanver,
#Text=
#Text=der de klippen, van den rooden 
#Text=
#Text=zoo wel in de prauw zittende, als tot de midden toe in 't Water gaande, wanneer 1222 
#Text=
#Text=allen eene brandende Toortze in de hand houd, waar toe de Inlanders 2,
#Text=
#Text=iemant van 
#Text=
#Text=eene bevruchte Vrouw verkiezen, al zoude zy met de Toortze in de Prauw blyven 1684.
10-1	2616-2618	de	
10-2	2619-2633	aanteikeningen	
10-3	2634-2637	van	
10-4	2638-2645	zommige	
10-5	2646-2652	Jaaren	
10-6	2655-2659	anno	
10-7	2660-2664	1684	
10-8	2665-2670	heeft	
10-9	2671-2674	men	
10-10	2675-2676	'	
10-11	2676-2677	t	
10-12	2678-2683	gehad	
10-13	2684-2687	den	
10-14	2688-2689	3	
10-15	2689-2690	,	
10-16	2691-2692	4	
10-17	2693-2694	5	
10-18	2695-2700	Maart	
10-19	2700-2701	,	
10-20	2702-2707	zynde	
10-21	2708-2710	de	
10-22	2711-2716	volle	
10-23	2717-2721	Maan	
10-24	2722-2724	op	
10-25	2725-2730	Lente	
10-26	2731-2732	9	
10-27	2732-2733	-	
10-28	2735-2738	den	
10-29	2739-2746	eersten	
10-30	2747-2752	Maart	
10-31	2753-2760	geweest	
10-32	2760-2761	,	
10-33	2762-2765	het	
10-34	2766-2770	quam	
10-35	2771-2780	toenmaals	
10-36	2781-2783	in	
10-37	2784-2792	redelyke	
10-38	2793-2800	menigte	
10-39	2801-2806	voort	
10-40	2806-2807	,	
10-41	2808-2814	on-eea	
10-42	2817-2821	Berg	
10-43	2822-2825	tot	
10-44	2826-2832	Hative	
10-45	2833-2840	Kitsjil	
10-46	2841-2844	tie	
10-47	2844-2845	,	
10-48	2846-2849	men	
10-49	2850-2856	schept	
10-50	2857-2860	het	
10-51	2861-2867	Sanver	
10-52	2867-2868	,	
10-53	2870-2873	der	
10-54	2874-2876	de	
10-55	2877-2884	klippen	
10-56	2884-2885	,	
10-57	2886-2889	van	
10-58	2890-2893	den	
10-59	2894-2900	rooden	
10-60	2903-2906	zoo	
10-61	2907-2910	wel	
10-62	2911-2913	in	
10-63	2914-2916	de	
10-64	2917-2922	prauw	
10-65	2923-2931	zittende	
10-66	2931-2932	,	
10-67	2933-2936	als	
10-68	2937-2940	tot	
10-69	2941-2943	de	
10-70	2944-2950	midden	
10-71	2951-2954	toe	
10-72	2955-2957	in	
10-73	2958-2959	'	
10-74	2959-2960	t	
10-75	2961-2966	Water	
10-76	2967-2973	gaande	
10-77	2973-2974	,	
10-78	2975-2982	wanneer	
10-79	2983-2987	1222	
10-80	2990-2995	allen	
10-81	2996-3000	eene	
10-82	3001-3010	brandende	
10-83	3011-3018	Toortze	
10-84	3019-3021	in	
10-85	3022-3024	de	
10-86	3025-3029	hand	
10-87	3030-3034	houd	
10-88	3034-3035	,	
10-89	3036-3040	waar	
10-90	3041-3044	toe	
10-91	3045-3047	de	
10-92	3048-3057	Inlanders	
10-93	3058-3059	2	
10-94	3059-3060	,	
10-95	3062-3068	iemant	
10-96	3069-3072	van	
10-97	3075-3079	eene	
10-98	3080-3089	bevruchte	
10-99	3090-3095	Vrouw	
10-100	3096-3105	verkiezen	
10-101	3105-3106	,	
10-102	3107-3109	al	
10-103	3110-3115	zoude	
10-104	3116-3118	zy	
10-105	3119-3122	met	
10-106	3123-3125	de	
10-107	3126-3133	Toortze	
10-108	3134-3136	in	
10-109	3137-3139	de	
10-110	3140-3145	Prauw	
10-111	3146-3152	blyven	
10-112	3153-3157	1684	
10-113	3157-3158	.	

#Text=zitten.
11-1	3161-3167	zitten	
11-2	3167-3168	.	

#Text=Ano 168; was de volle Maan op den 20 Maart, wanneer de Zon in den Ram in-2 Onder-
#Text=
#Text=trad, voor en na de volle Maan was het zeer heet en stil weer, waarom men dit Jaar 8 
#Text=
#Text=weinig Wavo gezien heeft, want op den 22 Maart s' avonds, vertoonde zig dat klee-
#Text=
#Text=ne goedje
#Text=Wawo Ican genaamt, dewyl men 't zelve voor de Vissehen laat.
12-1	3171-3174	Ano	
12-2	3175-3178	168	
12-3	3178-3179	;	
12-4	3180-3183	was	
12-5	3184-3186	de	
12-6	3187-3192	volle	
12-7	3193-3197	Maan	
12-8	3198-3200	op	
12-9	3201-3204	den	
12-10	3205-3207	20	
12-11	3208-3213	Maart	
12-12	3213-3214	,	
12-13	3215-3222	wanneer	
12-14	3223-3225	de	
12-15	3226-3229	Zon	
12-16	3230-3232	in	
12-17	3233-3236	den	
12-18	3237-3240	Ram	
12-19	3241-3243	in	
12-20	3243-3244	-	
12-21	3244-3245	2	
12-22	3246-3251	Onder	
12-23	3251-3252	-	
12-24	3254-3258	trad	
12-25	3258-3259	,	
12-26	3260-3264	voor	
12-27	3265-3267	en	
12-28	3268-3270	na	
12-29	3271-3273	de	
12-30	3274-3279	volle	
12-31	3280-3284	Maan	
12-32	3285-3288	was	
12-33	3289-3292	het	
12-34	3293-3297	zeer	
12-35	3298-3302	heet	
12-36	3303-3305	en	
12-37	3306-3310	stil	
12-38	3311-3315	weer	
12-39	3315-3316	,	
12-40	3317-3323	waarom	
12-41	3324-3327	men	
12-42	3328-3331	dit	
12-43	3332-3336	Jaar	
12-44	3337-3338	8	
12-45	3341-3347	weinig	
12-46	3348-3352	Wavo	
12-47	3353-3359	gezien	
12-48	3360-3365	heeft	
12-49	3365-3366	,	
12-50	3367-3371	want	
12-51	3372-3374	op	
12-52	3375-3378	den	
12-53	3379-3381	22	
12-54	3382-3387	Maart	
12-55	3388-3389	s	
12-56	3389-3390	'	
12-57	3391-3397	avonds	
12-58	3397-3398	,	
12-59	3399-3408	vertoonde	
12-60	3409-3412	zig	
12-61	3413-3416	dat	
12-62	3417-3421	klee	
12-63	3421-3422	-	
12-64	3424-3426	ne	
12-65	3427-3433	goedje	
12-66	3434-3438	Wawo	
12-67	3439-3443	Ican	
12-68	3444-3451	genaamt	
12-69	3451-3452	,	
12-70	3453-3458	dewyl	
12-71	3459-3462	men	
12-72	3463-3464	'	
12-73	3464-3465	t	
12-74	3466-3471	zelve	
12-75	3472-3476	voor	
12-76	3477-3479	de	
12-77	3480-3488	Vissehen	
12-78	3489-3493	laat	
12-79	3493-3494	.	
