#FORMAT=WebAnno TSV 3.3


#Text=Ze worden gezuiverd in schoon water, als men daar wat
#Text=Wynsteen in doet, om het buitenste vel daar af te krygen, dan wryft men ze een voor
#Text=een zagtjes af, en konfyt ze, nemende een pond zuiker tegens een pond vrugr.
1-1	2-4	Ze	
1-2	5-11	worden	
1-3	12-21	gezuiverd	
1-4	22-24	in	
1-5	25-31	schoon	
1-6	32-37	water	
1-7	37-38	,	
1-8	39-42	als	
1-9	43-46	men	
1-10	47-51	daar	
1-11	52-55	wat	
1-12	56-64	Wynsteen	
1-13	65-67	in	
1-14	68-72	doet	
1-15	72-73	,	
1-16	74-76	om	
1-17	77-80	het	
1-18	81-90	buitenste	
1-19	91-94	vel	
1-20	95-99	daar	
1-21	100-102	af	
1-22	103-105	te	
1-23	106-112	krygen	
1-24	112-113	,	
1-25	114-117	dan	
1-26	118-123	wryft	
1-27	124-127	men	
1-28	128-130	ze	
1-29	131-134	een	
1-30	135-139	voor	
1-31	140-143	een	
1-32	144-151	zagtjes	
1-33	152-154	af	
1-34	154-155	,	
1-35	156-158	en	
1-36	159-165	konfyt	
1-37	166-168	ze	
1-38	168-169	,	
1-39	170-177	nemende	
1-40	178-181	een	
1-41	182-186	pond	
1-42	187-193	zuiker	
1-43	194-200	tegens	
1-44	201-204	een	
1-45	205-209	pond	
1-46	210-215	vrugr	
1-47	215-216	.	

#Text=Indien
#Text=men ze gestoofd wil eten, dan is een half pond zuiker tegens een pond vrugt genoeg.
2-1	217-223	Indien	
2-2	224-227	men	
2-3	228-230	ze	
2-4	231-239	gestoofd	
2-5	240-243	wil	
2-6	244-248	eten	
2-7	248-249	,	
2-8	250-253	dan	
2-9	254-256	is	
2-10	257-260	een	
2-11	261-265	half	
2-12	266-270	pond	
2-13	271-277	zuiker	
2-14	278-284	tegens	
2-15	285-288	een	
2-16	289-293	pond	
2-17	294-299	vrugt	
2-18	300-306	genoeg	
2-19	306-307	.	

#Text=Ander Konfyt van Abrikozen, die niet te groen nog te ryp zyn.
3-1	309-314	Ander	
3-2	315-321	Konfyt	
3-3	322-325	van	
3-4	326-335	Abrikozen	
3-5	335-336	,	
3-6	337-340	die	
3-7	341-345	niet	
3-8	346-348	te	
3-9	349-354	groen	
3-10	355-358	nog	
3-11	359-361	te	
3-12	362-365	ryp	
3-13	366-369	zyn	
3-14	369-370	.	

#Text=Neemt zoodanige Abrikozen, en zoo gy ze heel wilt houden, maakt eene kleine
#Text=opening met een mes, en stoot den steen met het zelve naar agteren uit;
#Text=als gy dan
#Text=vier pond op die wyze klaar gemaakt hebt, moet gy kokend water te vuur hebben,
#Text=en ze daar in werpen; dat noemt men blank maken.
4-1	372-377	Neemt	
4-2	378-387	zoodanige	
4-3	388-397	Abrikozen	
4-4	397-398	,	
4-5	399-401	en	
4-6	402-405	zoo	
4-7	406-408	gy	
4-8	409-411	ze	
4-9	412-416	heel	
4-10	417-421	wilt	
4-11	422-428	houden	
4-12	428-429	,	
4-13	430-435	maakt	
4-14	436-440	eene	
4-15	441-447	kleine	
4-16	448-455	opening	
4-17	456-459	met	
4-18	460-463	een	
4-19	464-467	mes	
4-20	467-468	,	
4-21	469-471	en	
4-22	472-477	stoot	
4-23	478-481	den	
4-24	482-487	steen	
4-25	488-491	met	
4-26	492-495	het	
4-27	496-501	zelve	
4-28	502-506	naar	
4-29	507-514	agteren	
4-30	515-518	uit	
4-31	518-519	;	
4-32	520-523	als	
4-33	524-526	gy	
4-34	527-530	dan	
4-35	531-535	vier	
4-36	536-540	pond	
4-37	541-543	op	
4-38	544-547	die	
4-39	548-552	wyze	
4-40	553-558	klaar	
4-41	559-566	gemaakt	
4-42	567-571	hebt	
4-43	571-572	,	
4-44	573-577	moet	
4-45	578-580	gy	
4-46	581-587	kokend	
4-47	588-593	water	
4-48	594-596	te	
4-49	597-601	vuur	
4-50	602-608	hebben	
4-51	608-609	,	
4-52	610-612	en	
4-53	613-615	ze	
4-54	616-620	daar	
4-55	621-623	in	
4-56	624-630	werpen	
4-57	630-631	;	
4-58	632-635	dat	
4-59	636-641	noemt	
4-60	642-645	men	
4-61	646-651	blank	
4-62	652-657	maken	
4-63	657-658	.	

#Text=Past dan wel op, dat ze in ’t water
#Text=niet aan stukken gaan, zoo dra ze dat dreigen te doen, zoo neemt ze met een
#Text=schuimspaan daar uit, en laat ze op een vergiet-test afdruipen.
5-1	659-663	Past	
5-2	664-667	dan	
5-3	668-671	wel	
5-4	672-674	op	
5-5	674-675	,	
5-6	676-679	dat	
5-7	680-682	ze	
5-8	683-685	in	
5-9	686-687	’	
5-10	687-688	t	
5-11	689-694	water	
5-12	695-699	niet	
5-13	700-703	aan	
5-14	704-711	stukken	
5-15	712-716	gaan	
5-16	716-717	,	
5-17	718-721	zoo	
5-18	722-725	dra	
5-19	726-728	ze	
5-20	729-732	dat	
5-21	733-740	dreigen	
5-22	741-743	te	
5-23	744-748	doen	
5-24	748-749	,	
5-25	750-753	zoo	
5-26	754-759	neemt	
5-27	760-762	ze	
5-28	763-766	met	
5-29	767-770	een	
5-30	771-782	schuimspaan	
5-31	783-787	daar	
5-32	788-791	uit	
5-33	791-792	,	
5-34	793-795	en	
5-35	796-800	laat	
5-36	801-803	ze	
5-37	804-806	op	
5-38	807-810	een	
5-39	811-823	vergiet-test	
5-40	824-833	afdruipen	
5-41	833-834	.	

#Text=Hebt dan vier pond
#Text=gekookte zuiker gereed, ’t geen tot vliegens toe dient te koken, (dat is, tot dat’er
#Text=vezels afvliegen, wanneer men iets daar van in eenen lepel neemt en daar in blaast
#Text=:)
#Text=
#Text=legt’er dan uwe Abrikozen een voor een zagtjes in, zet ze te vuur, en laat ze maar
#Text=twee of drie walmen opkoken, dan van ’t vuur af, en koud laten worden, zoo zullen
#Text=ze haar water ontlasten en de zuiker aannemen.
6-1	835-839	Hebt	
6-2	840-843	dan	
6-3	844-848	vier	
6-4	849-853	pond	
6-5	854-862	gekookte	
6-6	863-869	zuiker	
6-7	870-876	gereed	
6-8	876-877	,	
6-9	878-879	’	
6-10	879-880	t	
6-11	881-885	geen	
6-12	886-889	tot	
6-13	890-898	vliegens	
6-14	899-902	toe	
6-15	903-908	dient	
6-16	909-911	te	
6-17	912-917	koken	
6-18	917-918	,	
6-19	919-920	(	
6-20	920-923	dat	
6-21	924-926	is	
6-22	926-927	,	
6-23	928-931	tot	
6-24	932-935	dat	
6-25	935-936	’	
6-26	936-938	er	
6-27	939-945	vezels	
6-28	946-955	afvliegen	
6-29	955-956	,	
6-30	957-964	wanneer	
6-31	965-968	men	
6-32	969-973	iets	
6-33	974-978	daar	
6-34	979-982	van	
6-35	983-985	in	
6-36	986-991	eenen	
6-37	992-997	lepel	
6-38	998-1003	neemt	
6-39	1004-1006	en	
6-40	1007-1011	daar	
6-41	1012-1014	in	
6-42	1015-1021	blaast	
6-43	1022-1023	:	
6-44	1023-1024	)	
6-45	1026-1030	legt	
6-46	1030-1031	’	
6-47	1031-1033	er	
6-48	1034-1037	dan	
6-49	1038-1041	uwe	
6-50	1042-1051	Abrikozen	
6-51	1052-1055	een	
6-52	1056-1060	voor	
6-53	1061-1064	een	
6-54	1065-1072	zagtjes	
6-55	1073-1075	in	
6-56	1075-1076	,	
6-57	1077-1080	zet	
6-58	1081-1083	ze	
6-59	1084-1086	te	
6-60	1087-1091	vuur	
6-61	1091-1092	,	
6-62	1093-1095	en	
6-63	1096-1100	laat	
6-64	1101-1103	ze	
6-65	1104-1108	maar	
6-66	1109-1113	twee	
6-67	1114-1116	of	
6-68	1117-1121	drie	
6-69	1122-1128	walmen	
6-70	1129-1136	opkoken	
6-71	1136-1137	,	
6-72	1138-1141	dan	
6-73	1142-1145	van	
6-74	1146-1147	’	
6-75	1147-1148	t	
6-76	1149-1153	vuur	
6-77	1154-1156	af	
6-78	1156-1157	,	
6-79	1158-1160	en	
6-80	1161-1165	koud	
6-81	1166-1171	laten	
6-82	1172-1178	worden	
6-83	1178-1179	,	
6-84	1180-1183	zoo	
6-85	1184-1190	zullen	
6-86	1191-1193	ze	
6-87	1194-1198	haar	
6-88	1199-1204	water	
6-89	1205-1214	ontlasten	
6-90	1215-1217	en	
6-91	1218-1220	de	
6-92	1221-1227	zuiker	
6-93	1228-1236	aannemen	
6-94	1236-1237	.	

#Text=Voorts moet gy de zuiker weder laten
#Text=afdruipen, en ze weder doen koken:
#Text=Zes of agt walmen gekookt hebbende; de
#Text=Abrikozen al weder daar in, dewelke gy dus nog vyf of zes walmen moet laten koken,
#Text=en dan twee of drie uren rusten, of zoo gy wilt wagten tot ’s anderen daags, moet gy
#Text=ze weder te vuur zetten, dan voltoijen en ze vogtig met haren siroop in aarde Potten
#Text=bewaren.
7-1	1238-1244	Voorts	
7-2	1245-1249	moet	
7-3	1250-1252	gy	
7-4	1253-1255	de	
7-5	1256-1262	zuiker	
7-6	1263-1268	weder	
7-7	1269-1274	laten	
7-8	1275-1284	afdruipen	
7-9	1284-1285	,	
7-10	1286-1288	en	
7-11	1289-1291	ze	
7-12	1292-1297	weder	
7-13	1298-1302	doen	
7-14	1303-1308	koken	
7-15	1308-1309	:	
7-16	1310-1313	Zes	
7-17	1314-1316	of	
7-18	1317-1320	agt	
7-19	1321-1327	walmen	
7-20	1328-1335	gekookt	
7-21	1336-1344	hebbende	
7-22	1344-1345	;	
7-23	1346-1348	de	
7-24	1349-1358	Abrikozen	
7-25	1359-1361	al	
7-26	1362-1367	weder	
7-27	1368-1372	daar	
7-28	1373-1375	in	
7-29	1375-1376	,	
7-30	1377-1384	dewelke	
7-31	1385-1387	gy	
7-32	1388-1391	dus	
7-33	1392-1395	nog	
7-34	1396-1399	vyf	
7-35	1400-1402	of	
7-36	1403-1406	zes	
7-37	1407-1413	walmen	
7-38	1414-1418	moet	
7-39	1419-1424	laten	
7-40	1425-1430	koken	
7-41	1430-1431	,	
7-42	1432-1434	en	
7-43	1435-1438	dan	
7-44	1439-1443	twee	
7-45	1444-1446	of	
7-46	1447-1451	drie	
7-47	1452-1456	uren	
7-48	1457-1463	rusten	
7-49	1463-1464	,	
7-50	1465-1467	of	
7-51	1468-1471	zoo	
7-52	1472-1474	gy	
7-53	1475-1479	wilt	
7-54	1480-1486	wagten	
7-55	1487-1490	tot	
7-56	1491-1492	’	
7-57	1492-1493	s	
7-58	1494-1501	anderen	
7-59	1502-1507	daags	
7-60	1507-1508	,	
7-61	1509-1513	moet	
7-62	1514-1516	gy	
7-63	1517-1519	ze	
7-64	1520-1525	weder	
7-65	1526-1528	te	
7-66	1529-1533	vuur	
7-67	1534-1540	zetten	
7-68	1540-1541	,	
7-69	1542-1545	dan	
7-70	1546-1555	voltoijen	
7-71	1556-1558	en	
7-72	1559-1561	ze	
7-73	1562-1568	vogtig	
7-74	1569-1572	met	
7-75	1573-1578	haren	
7-76	1579-1585	siroop	
7-77	1586-1588	in	
7-78	1589-1594	aarde	
7-79	1595-1601	Potten	
7-80	1602-1609	bewaren	
7-81	1609-1610	.	

#Text=Wilt gy ze droog maken (’t geen men half zuiker noemt)
#Text=zoo moet gy ze,
#Text=na dat ze wel uitgelekt hebben, op leijen of schalien leggen, en dan met fyn gestoote
#Text=zuiker door een zyde doekje bestrooijen, en in een kachel of warme plaats zetten;
#Text=
#Text=zoo ze aan d’eene kant droog zyn, keert ze om, en zet ze op een zift of vergiet-test,
#Text=bestrooit ze wederom op de voorgaande wyze met zuiker, en wanneer ze geheel
#Text=droog en koud geworden zyn, legt ze in een houte doos met graauw papier daar
#Text=tusschen;
#Text=indien ze eenigen tyd daar na weder vogtig wierden, zoo hebt gy ze maar
#Text=versch papier te geven.
8-1	1611-1615	Wilt	
8-2	1616-1618	gy	
8-3	1619-1621	ze	
8-4	1622-1627	droog	
8-5	1628-1633	maken	
8-6	1634-1635	(	
8-7	1635-1636	’	
8-8	1636-1637	t	
8-9	1638-1642	geen	
8-10	1643-1646	men	
8-11	1647-1651	half	
8-12	1652-1658	zuiker	
8-13	1659-1664	noemt	
8-14	1664-1665	)	
8-15	1666-1669	zoo	
8-16	1670-1674	moet	
8-17	1675-1677	gy	
8-18	1678-1680	ze	
8-19	1680-1681	,	
8-20	1682-1684	na	
8-21	1685-1688	dat	
8-22	1689-1691	ze	
8-23	1692-1695	wel	
8-24	1696-1705	uitgelekt	
8-25	1706-1712	hebben	
8-26	1712-1713	,	
8-27	1714-1716	op	
8-28	1717-1723	leijen	
8-29	1724-1726	of	
8-30	1727-1735	schalien	
8-31	1736-1742	leggen	
8-32	1742-1743	,	
8-33	1744-1746	en	
8-34	1747-1750	dan	
8-35	1751-1754	met	
8-36	1755-1758	fyn	
8-37	1759-1767	gestoote	
8-38	1768-1774	zuiker	
8-39	1775-1779	door	
8-40	1780-1783	een	
8-41	1784-1788	zyde	
8-42	1789-1795	doekje	
8-43	1796-1807	bestrooijen	
8-44	1807-1808	,	
8-45	1809-1811	en	
8-46	1812-1814	in	
8-47	1815-1818	een	
8-48	1819-1825	kachel	
8-49	1826-1828	of	
8-50	1829-1834	warme	
8-51	1835-1841	plaats	
8-52	1842-1848	zetten	
8-53	1848-1849	;	
8-54	1851-1854	zoo	
8-55	1855-1857	ze	
8-56	1858-1861	aan	
8-57	1862-1863	d	
8-58	1863-1864	’	
8-59	1864-1868	eene	
8-60	1869-1873	kant	
8-61	1874-1879	droog	
8-62	1880-1883	zyn	
8-63	1883-1884	,	
8-64	1885-1890	keert	
8-65	1891-1893	ze	
8-66	1894-1896	om	
8-67	1896-1897	,	
8-68	1898-1900	en	
8-69	1901-1904	zet	
8-70	1905-1907	ze	
8-71	1908-1910	op	
8-72	1911-1914	een	
8-73	1915-1919	zift	
8-74	1920-1922	of	
8-75	1923-1935	vergiet-test	
8-76	1935-1936	,	
8-77	1937-1946	bestrooit	
8-78	1947-1949	ze	
8-79	1950-1957	wederom	
8-80	1958-1960	op	
8-81	1961-1963	de	
8-82	1964-1974	voorgaande	
8-83	1975-1979	wyze	
8-84	1980-1983	met	
8-85	1984-1990	zuiker	
8-86	1990-1991	,	
8-87	1992-1994	en	
8-88	1995-2002	wanneer	
8-89	2003-2005	ze	
8-90	2006-2012	geheel	
8-91	2013-2018	droog	
8-92	2019-2021	en	
8-93	2022-2026	koud	
8-94	2027-2035	geworden	
8-95	2036-2039	zyn	
8-96	2039-2040	,	
8-97	2041-2045	legt	
8-98	2046-2048	ze	
8-99	2049-2051	in	
8-100	2052-2055	een	
8-101	2056-2061	houte	
8-102	2062-2066	doos	
8-103	2067-2070	met	
8-104	2071-2077	graauw	
8-105	2078-2084	papier	
8-106	2085-2089	daar	
8-107	2090-2098	tusschen	
8-108	2098-2099	;	
8-109	2100-2106	indien	
8-110	2107-2109	ze	
8-111	2110-2117	eenigen	
8-112	2118-2121	tyd	
8-113	2122-2126	daar	
8-114	2127-2129	na	
8-115	2130-2135	weder	
8-116	2136-2142	vogtig	
8-117	2143-2150	wierden	
8-118	2150-2151	,	
8-119	2152-2155	zoo	
8-120	2156-2160	hebt	
8-121	2161-2163	gy	
8-122	2164-2166	ze	
8-123	2167-2171	maar	
8-124	2172-2178	versch	
8-125	2179-2185	papier	
8-126	2186-2188	te	
8-127	2189-2194	geven	
8-128	2194-2195	.	

#Text=Wilt gy ze in halve stukken maken, of in vierde deelen, het
#Text=staat u op dezelfde wyze vry.
9-1	2196-2200	Wilt	
9-2	2201-2203	gy	
9-3	2204-2206	ze	
9-4	2207-2209	in	
9-5	2210-2215	halve	
9-6	2216-2223	stukken	
9-7	2224-2229	maken	
9-8	2229-2230	,	
9-9	2231-2233	of	
9-10	2234-2236	in	
9-11	2237-2243	vierde	
9-12	2244-2250	deelen	
9-13	2250-2251	,	
9-14	2252-2255	het	
9-15	2256-2261	staat	
9-16	2262-2263	u	
9-17	2264-2266	op	
9-18	2267-2275	dezelfde	
9-19	2276-2280	wyze	
9-20	2281-2284	vry	
9-21	2284-2285	.	

#Text=Dus kund gy ook allerhande zoorten van Pruimen en
#Text=Perziken klaar maken.
10-1	2286-2289	Dus	
10-2	2290-2294	kund	
10-3	2295-2297	gy	
10-4	2298-2301	ook	
10-5	2302-2312	allerhande	
10-6	2313-2320	zoorten	
10-7	2321-2324	van	
10-8	2325-2332	Pruimen	
10-9	2333-2335	en	
10-10	2336-2344	Perziken	
10-11	2345-2350	klaar	
10-12	2351-2356	maken	
10-13	2356-2357	.	

#Text=Wanneer de Abrikozen hare volkome grootte hebben, worden ze gekonfyt met en
#Text=zonder schil.
11-1	2360-2367	Wanneer	
11-2	2368-2370	de	
11-3	2371-2380	Abrikozen	
11-4	2381-2385	hare	
11-5	2386-2393	volkome	
11-6	2394-2401	grootte	
11-7	2402-2408	hebben	
11-8	2408-2409	,	
11-9	2410-2416	worden	
11-10	2417-2419	ze	
11-11	2420-2428	gekonfyt	
11-12	2429-2432	met	
11-13	2433-2435	en	
11-14	2436-2442	zonder	
11-15	2443-2448	schil	
11-16	2448-2449	.	

#Text=Men stoot den steen uit de groensten uit, en laat ze een weinig opkoken,
#Text=om de raauste schil daar af te scheiden;
12-1	2450-2453	Men	
12-2	2454-2459	stoot	
12-3	2460-2463	den	
12-4	2464-2469	steen	
12-5	2470-2473	uit	
12-6	2474-2476	de	
12-7	2477-2486	groensten	
12-8	2487-2490	uit	
12-9	2490-2491	,	
12-10	2492-2494	en	
12-11	2495-2499	laat	
12-12	2500-2502	ze	
12-13	2503-2506	een	
12-14	2507-2513	weinig	
12-15	2514-2521	opkoken	
12-16	2521-2522	,	
12-17	2523-2525	om	
12-18	2526-2528	de	
12-19	2529-2536	raauste	
12-20	2537-2542	schil	
12-21	2543-2547	daar	
12-22	2548-2550	af	
12-23	2551-2553	te	
12-24	2554-2562	scheiden	
12-25	2562-2563	;	
