{"_context" : {
    "_types" : {
      "DocumentMetaData" : {
        "_feature_types" : {"sofa" : "_ref" } }, 
      "Relation" : {
        "_feature_types" : {"sofa" : "_ref",  "Dependent" : "_ref",  "Governor" : "_ref" } }, 
      "Sentence" : {
        "_feature_types" : {"sofa" : "_ref" } }, 
      "Sofa" : {
        "_feature_types" : {"sofaArray" : "_ref" } }, 
      "Span" : {
        "_feature_types" : {"sofa" : "_ref" } }, 
      "TagsetDescription" : {
        "_feature_types" : {"sofa" : "_ref",  "tags" : "_ref" } }, 
      "Token" : {
        "_feature_types" : {"sofa" : "_ref",  "parent" : "_ref",  "lemma" : "_ref",  "stem" : "_ref",  "pos" : "_ref",  "morph" : "_ref",  "form" : "_ref" } }, 
      "DocumentAnnotation" : {
        "_feature_types" : {"sofa" : "_ref" }, 
        "_subtypes" : ["DocumentMetaData" ] }, 
      "Annotation" : {
        "_feature_types" : {"sofa" : "_ref" }, 
        "_subtypes" : ["DocumentAnnotation",  "Relation",  "Sentence",  "Span",  "TagsetDescription",  "Token" ] }, 
      "AnnotationBase" : {
        "_feature_types" : {"sofa" : "_ref" }, 
        "_subtypes" : ["Annotation" ] }, 
      "TOP" : {
        "_subtypes" : ["AnnotationBase",  "Sofa" ] } } }, 
  "_views" : {
    "_InitialView" : {
      "Relation" : [
        {"sofa" : 1,  "begin" : 297,  "end" : 303,  "Dependent" : 3821,  "Governor" : 3826 }, 
        {"sofa" : 1,  "begin" : 297,  "end" : 303,  "Dependent" : 3821,  "Governor" : 3838 }, 
        {"sofa" : 1,  "begin" : 297,  "end" : 303,  "Dependent" : 3821,  "Governor" : 3850 }, 
        {"sofa" : 1,  "begin" : 297,  "end" : 303,  "Dependent" : 3821,  "Governor" : 3862 }, 
        {"sofa" : 1,  "begin" : 297,  "end" : 303,  "Dependent" : 3821,  "Governor" : 3874 }, 
        {"sofa" : 1,  "begin" : 514,  "end" : 519,  "Dependent" : 3886,  "Governor" : 3891 }, 
        {"sofa" : 1,  "begin" : 514,  "end" : 519,  "Dependent" : 3886,  "Governor" : 3903 }, 
        {"sofa" : 1,  "begin" : 514,  "end" : 519,  "Dependent" : 3886,  "Governor" : 3915 } ], 
      "Span" : [3838,  3821,  3826,  3850,  3862,  3874,  3891,  3886,  3903,  3915 ], 
      "DocumentMetaData" : [
        {"sofa" : 1,  "end" : 1679,  "language" : "x-unspecified",  "documentTitle" : "040E%20City%20of%20London%201921%20board%20of%20health%20report%20Wellcome%20Londons%20Pulse%20database__12_PUB.txt",  "documentId" : "satonelli",  "documentUri" : "file:/home/dhuser/alessio/inception/repository/project/29/document/8686/source/satonelli",  "collectionId" : "file:/home/dhuser/alessio/inception/repository/project/29/document/8686/source/",  "documentBaseUri" : "file:/home/dhuser/alessio/inception/repository/project/29/document/8686/source/",  "isLastSegment" : false } ], 
      "TagsetDescription" : [
        {"sofa" : 1,  "layer" : "webanno.custom.Emotions",  "name" : "Emotion Labels",  "input" : false }, 
        {"sofa" : 1,  "layer" : "custom.Relation",  "name" : "Relation labels",  "input" : false }, 
        {"sofa" : 1,  "layer" : "custom.Span",  "name" : "Smell labels",  "input" : false } ], 
      "Sentence" : [
        {"sofa" : 1,  "end" : 190 }, 
        {"sofa" : 1,  "begin" : 191,  "end" : 340 }, 
        {"sofa" : 1,  "begin" : 341,  "end" : 623 }, 
        {"sofa" : 1,  "begin" : 624,  "end" : 845 }, 
        {"sofa" : 1,  "begin" : 846,  "end" : 1026 }, 
        {"sofa" : 1,  "begin" : 1027,  "end" : 1180 }, 
        {"sofa" : 1,  "begin" : 1181,  "end" : 1278 }, 
        {"sofa" : 1,  "begin" : 1279,  "end" : 1600 }, 
        {"sofa" : 1,  "begin" : 1601,  "end" : 1678 } ], 
      "Token" : [
        {"sofa" : 1,  "end" : 3 }, 
        {"sofa" : 1,  "begin" : 4,  "end" : 13 }, 
        {"sofa" : 1,  "begin" : 14,  "end" : 16 }, 
        {"sofa" : 1,  "begin" : 17,  "end" : 21 }, 
        {"sofa" : 1,  "begin" : 22,  "end" : 26 }, 
        {"sofa" : 1,  "begin" : 27,  "end" : 30 }, 
        {"sofa" : 1,  "begin" : 31,  "end" : 37 }, 
        {"sofa" : 1,  "begin" : 38,  "end" : 42 }, 
        {"sofa" : 1,  "begin" : 43,  "end" : 46 }, 
        {"sofa" : 1,  "begin" : 47,  "end" : 55 }, 
        {"sofa" : 1,  "begin" : 56,  "end" : 58 }, 
        {"sofa" : 1,  "begin" : 59,  "end" : 60 }, 
        {"sofa" : 1,  "begin" : 61,  "end" : 67 }, 
        {"sofa" : 1,  "begin" : 68,  "end" : 70 }, 
        {"sofa" : 1,  "begin" : 71,  "end" : 83 }, 
        {"sofa" : 1,  "begin" : 84,  "end" : 94 }, 
        {"sofa" : 1,  "begin" : 95,  "end" : 98 }, 
        {"sofa" : 1,  "begin" : 99,  "end" : 107 }, 
        {"sofa" : 1,  "begin" : 108,  "end" : 119 }, 
        {"sofa" : 1,  "begin" : 120,  "end" : 122 }, 
        {"sofa" : 1,  "begin" : 123,  "end" : 127 }, 
        {"sofa" : 1,  "begin" : 128,  "end" : 130 }, 
        {"sofa" : 1,  "begin" : 131,  "end" : 136 }, 
        {"sofa" : 1,  "begin" : 137,  "end" : 141 }, 
        {"sofa" : 1,  "begin" : 141,  "end" : 142 }, 
        {"sofa" : 1,  "begin" : 143,  "end" : 146 }, 
        {"sofa" : 1,  "begin" : 147,  "end" : 151 }, 
        {"sofa" : 1,  "begin" : 152,  "end" : 166 }, 
        {"sofa" : 1,  "begin" : 167,  "end" : 172 }, 
        {"sofa" : 1,  "begin" : 173,  "end" : 177 }, 
        {"sofa" : 1,  "begin" : 178,  "end" : 181 }, 
        {"sofa" : 1,  "begin" : 182,  "end" : 189 }, 
        {"sofa" : 1,  "begin" : 189,  "end" : 190 }, 
        {"sofa" : 1,  "begin" : 191,  "end" : 192 }, 
        {"sofa" : 1,  "begin" : 193,  "end" : 203 }, 
        {"sofa" : 1,  "begin" : 204,  "end" : 206 }, 
        {"sofa" : 1,  "begin" : 207,  "end" : 208 }, 
        {"sofa" : 1,  "begin" : 209,  "end" : 219 }, 
        {"sofa" : 1,  "begin" : 220,  "end" : 229 }, 
        {"sofa" : 1,  "begin" : 230,  "end" : 232 }, 
        {"sofa" : 1,  "begin" : 233,  "end" : 236 }, 
        {"sofa" : 1,  "begin" : 237,  "end" : 246 }, 
        {"sofa" : 1,  "begin" : 247,  "end" : 252 }, 
        {"sofa" : 1,  "begin" : 253,  "end" : 265 }, 
        {"sofa" : 1,  "begin" : 266,  "end" : 273 }, 
        {"sofa" : 1,  "begin" : 274,  "end" : 284 }, 
        {"sofa" : 1,  "begin" : 285,  "end" : 289 }, 
        {"sofa" : 1,  "begin" : 290,  "end" : 292 }, 
        {"sofa" : 1,  "begin" : 293,  "end" : 296 }, 
        {"sofa" : 1,  "begin" : 297,  "end" : 303 }, 
        {"sofa" : 1,  "begin" : 304,  "end" : 306 }, 
        {"sofa" : 1,  "begin" : 307,  "end" : 314 }, 
        {"sofa" : 1,  "begin" : 315,  "end" : 320 }, 
        {"sofa" : 1,  "begin" : 321,  "end" : 333 }, 
        {"sofa" : 1,  "begin" : 334,  "end" : 339 }, 
        {"sofa" : 1,  "begin" : 339,  "end" : 340 }, 
        {"sofa" : 1,  "begin" : 341,  "end" : 345 }, 
        {"sofa" : 1,  "begin" : 346,  "end" : 349 }, 
        {"sofa" : 1,  "begin" : 350,  "end" : 358 }, 
        {"sofa" : 1,  "begin" : 359,  "end" : 361 }, 
        {"sofa" : 1,  "begin" : 362,  "end" : 368 }, 
        {"sofa" : 1,  "begin" : 369,  "end" : 371 }, 
        {"sofa" : 1,  "begin" : 372,  "end" : 375 }, 
        {"sofa" : 1,  "begin" : 376,  "end" : 383 }, 
        {"sofa" : 1,  "begin" : 384,  "end" : 386 }, 
        {"sofa" : 1,  "begin" : 387,  "end" : 393 }, 
        {"sofa" : 1,  "begin" : 394,  "end" : 396 }, 
        {"sofa" : 1,  "begin" : 397,  "end" : 399 }, 
        {"sofa" : 1,  "begin" : 400,  "end" : 409 }, 
        {"sofa" : 1,  "begin" : 410,  "end" : 416 }, 
        {"sofa" : 1,  "begin" : 416,  "end" : 417 }, 
        {"sofa" : 1,  "begin" : 418,  "end" : 425 }, 
        {"sofa" : 1,  "begin" : 426,  "end" : 430 }, 
        {"sofa" : 1,  "begin" : 431,  "end" : 434 }, 
        {"sofa" : 1,  "begin" : 435,  "end" : 437 }, 
        {"sofa" : 1,  "begin" : 438,  "end" : 443 }, 
        {"sofa" : 1,  "begin" : 444,  "end" : 448 }, 
        {"sofa" : 1,  "begin" : 449,  "end" : 454 }, 
        {"sofa" : 1,  "begin" : 455,  "end" : 458 }, 
        {"sofa" : 1,  "begin" : 459,  "end" : 465 }, 
        {"sofa" : 1,  "begin" : 466,  "end" : 472 }, 
        {"sofa" : 1,  "begin" : 473,  "end" : 477 }, 
        {"sofa" : 1,  "begin" : 477,  "end" : 478 }, 
        {"sofa" : 1,  "begin" : 479,  "end" : 482 }, 
        {"sofa" : 1,  "begin" : 483,  "end" : 488 }, 
        {"sofa" : 1,  "begin" : 489,  "end" : 493 }, 
        {"sofa" : 1,  "begin" : 494,  "end" : 496 }, 
        {"sofa" : 1,  "begin" : 497,  "end" : 503 }, 
        {"sofa" : 1,  "begin" : 504,  "end" : 505 }, 
        {"sofa" : 1,  "begin" : 506,  "end" : 513 }, 
        {"sofa" : 1,  "begin" : 514,  "end" : 519 }, 
        {"sofa" : 1,  "begin" : 520,  "end" : 523 }, 
        {"sofa" : 1,  "begin" : 524,  "end" : 531 }, 
        {"sofa" : 1,  "begin" : 532,  "end" : 540 }, 
        {"sofa" : 1,  "begin" : 541,  "end" : 548 }, 
        {"sofa" : 1,  "begin" : 548,  "end" : 549 }, 
        {"sofa" : 1,  "begin" : 550,  "end" : 557 }, 
        {"sofa" : 1,  "begin" : 558,  "end" : 561 }, 
        {"sofa" : 1,  "begin" : 562,  "end" : 566 }, 
        {"sofa" : 1,  "begin" : 567,  "end" : 573 }, 
        {"sofa" : 1,  "begin" : 574,  "end" : 576 }, 
        {"sofa" : 1,  "begin" : 577,  "end" : 579 }, 
        {"sofa" : 1,  "begin" : 580,  "end" : 586 }, 
        {"sofa" : 1,  "begin" : 587,  "end" : 589 }, 
        {"sofa" : 1,  "begin" : 590,  "end" : 596 }, 
        {"sofa" : 1,  "begin" : 597,  "end" : 600 }, 
        {"sofa" : 1,  "begin" : 601,  "end" : 603 }, 
        {"sofa" : 1,  "begin" : 604,  "end" : 607 }, 
        {"sofa" : 1,  "begin" : 608,  "end" : 613 }, 
        {"sofa" : 1,  "begin" : 614,  "end" : 622 }, 
        {"sofa" : 1,  "begin" : 622,  "end" : 623 }, 
        {"sofa" : 1,  "begin" : 624,  "end" : 626 }, 
        {"sofa" : 1,  "begin" : 627,  "end" : 635 }, 
        {"sofa" : 1,  "begin" : 636,  "end" : 643 }, 
        {"sofa" : 1,  "begin" : 644,  "end" : 653 }, 
        {"sofa" : 1,  "begin" : 654,  "end" : 657 }, 
        {"sofa" : 1,  "begin" : 658,  "end" : 662 }, 
        {"sofa" : 1,  "begin" : 663,  "end" : 671 }, 
        {"sofa" : 1,  "begin" : 672,  "end" : 674 }, 
        {"sofa" : 1,  "begin" : 675,  "end" : 678 }, 
        {"sofa" : 1,  "begin" : 679,  "end" : 683 }, 
        {"sofa" : 1,  "begin" : 684,  "end" : 688 }, 
        {"sofa" : 1,  "begin" : 689,  "end" : 699 }, 
        {"sofa" : 1,  "begin" : 700,  "end" : 708 }, 
        {"sofa" : 1,  "begin" : 708,  "end" : 709 }, 
        {"sofa" : 1,  "begin" : 710,  "end" : 715 }, 
        {"sofa" : 1,  "begin" : 716,  "end" : 726 }, 
        {"sofa" : 1,  "begin" : 726,  "end" : 727 }, 
        {"sofa" : 1,  "begin" : 728,  "end" : 731 }, 
        {"sofa" : 1,  "begin" : 732,  "end" : 734 }, 
        {"sofa" : 1,  "begin" : 735,  "end" : 746 }, 
        {"sofa" : 1,  "begin" : 747,  "end" : 754 }, 
        {"sofa" : 1,  "begin" : 755,  "end" : 761 }, 
        {"sofa" : 1,  "begin" : 762,  "end" : 764 }, 
        {"sofa" : 1,  "begin" : 765,  "end" : 768 }, 
        {"sofa" : 1,  "begin" : 769,  "end" : 773 }, 
        {"sofa" : 1,  "begin" : 774,  "end" : 779 }, 
        {"sofa" : 1,  "begin" : 780,  "end" : 785 }, 
        {"sofa" : 1,  "begin" : 785,  "end" : 786 }, 
        {"sofa" : 1,  "begin" : 787,  "end" : 789 }, 
        {"sofa" : 1,  "begin" : 790,  "end" : 795 }, 
        {"sofa" : 1,  "begin" : 796,  "end" : 803 }, 
        {"sofa" : 1,  "begin" : 804,  "end" : 808 }, 
        {"sofa" : 1,  "begin" : 809,  "end" : 815 }, 
        {"sofa" : 1,  "begin" : 816,  "end" : 820 }, 
        {"sofa" : 1,  "begin" : 821,  "end" : 830 }, 
        {"sofa" : 1,  "begin" : 831,  "end" : 834 }, 
        {"sofa" : 1,  "begin" : 835,  "end" : 844 }, 
        {"sofa" : 1,  "begin" : 844,  "end" : 845 }, 
        {"sofa" : 1,  "begin" : 846,  "end" : 848 }, 
        {"sofa" : 1,  "begin" : 849,  "end" : 851 }, 
        {"sofa" : 1,  "begin" : 852,  "end" : 855 }, 
        {"sofa" : 1,  "begin" : 856,  "end" : 865 }, 
        {"sofa" : 1,  "begin" : 866,  "end" : 872 }, 
        {"sofa" : 1,  "begin" : 873,  "end" : 877 }, 
        {"sofa" : 1,  "begin" : 878,  "end" : 882 }, 
        {"sofa" : 1,  "begin" : 883,  "end" : 889 }, 
        {"sofa" : 1,  "begin" : 890,  "end" : 896 }, 
        {"sofa" : 1,  "begin" : 897,  "end" : 899 }, 
        {"sofa" : 1,  "begin" : 900,  "end" : 910 }, 
        {"sofa" : 1,  "begin" : 910,  "end" : 911 }, 
        {"sofa" : 1,  "begin" : 912,  "end" : 920 }, 
        {"sofa" : 1,  "begin" : 921,  "end" : 923 }, 
        {"sofa" : 1,  "begin" : 924,  "end" : 931 }, 
        {"sofa" : 1,  "begin" : 932,  "end" : 934 }, 
        {"sofa" : 1,  "begin" : 935,  "end" : 939 }, 
        {"sofa" : 1,  "begin" : 940,  "end" : 942 }, 
        {"sofa" : 1,  "begin" : 943,  "end" : 947 }, 
        {"sofa" : 1,  "begin" : 948,  "end" : 950 }, 
        {"sofa" : 1,  "begin" : 951,  "end" : 959 }, 
        {"sofa" : 1,  "begin" : 960,  "end" : 961 }, 
        {"sofa" : 1,  "begin" : 962,  "end" : 970 }, 
        {"sofa" : 1,  "begin" : 971,  "end" : 973 }, 
        {"sofa" : 1,  "begin" : 974,  "end" : 982 }, 
        {"sofa" : 1,  "begin" : 983,  "end" : 985 }, 
        {"sofa" : 1,  "begin" : 986,  "end" : 989 }, 
        {"sofa" : 1,  "begin" : 990,  "end" : 998 }, 
        {"sofa" : 1,  "begin" : 999,  "end" : 1004 }, 
        {"sofa" : 1,  "begin" : 1005,  "end" : 1007 }, 
        {"sofa" : 1,  "begin" : 1008,  "end" : 1013 }, 
        {"sofa" : 1,  "begin" : 1014,  "end" : 1016 }, 
        {"sofa" : 1,  "begin" : 1017,  "end" : 1020 }, 
        {"sofa" : 1,  "begin" : 1021,  "end" : 1025 }, 
        {"sofa" : 1,  "begin" : 1025,  "end" : 1026 }, 
        {"sofa" : 1,  "begin" : 1027,  "end" : 1029 }, 
        {"sofa" : 1,  "begin" : 1030,  "end" : 1035 }, 
        {"sofa" : 1,  "begin" : 1036,  "end" : 1041 }, 
        {"sofa" : 1,  "begin" : 1042,  "end" : 1043 }, 
        {"sofa" : 1,  "begin" : 1044,  "end" : 1049 }, 
        {"sofa" : 1,  "begin" : 1050,  "end" : 1059 }, 
        {"sofa" : 1,  "begin" : 1060,  "end" : 1062 }, 
        {"sofa" : 1,  "begin" : 1063,  "end" : 1069 }, 
        {"sofa" : 1,  "begin" : 1070,  "end" : 1080 }, 
        {"sofa" : 1,  "begin" : 1081,  "end" : 1083 }, 
        {"sofa" : 1,  "begin" : 1084,  "end" : 1087 }, 
        {"sofa" : 1,  "begin" : 1088,  "end" : 1098 }, 
        {"sofa" : 1,  "begin" : 1099,  "end" : 1107 }, 
        {"sofa" : 1,  "begin" : 1108,  "end" : 1112 }, 
        {"sofa" : 1,  "begin" : 1113,  "end" : 1121 }, 
        {"sofa" : 1,  "begin" : 1122,  "end" : 1124 }, 
        {"sofa" : 1,  "begin" : 1125,  "end" : 1127 }, 
        {"sofa" : 1,  "begin" : 1128,  "end" : 1138 }, 
        {"sofa" : 1,  "begin" : 1139,  "end" : 1144 }, 
        {"sofa" : 1,  "begin" : 1145,  "end" : 1154 }, 
        {"sofa" : 1,  "begin" : 1155,  "end" : 1165 }, 
        {"sofa" : 1,  "begin" : 1166,  "end" : 1168 }, 
        {"sofa" : 1,  "begin" : 1169,  "end" : 1179 }, 
        {"sofa" : 1,  "begin" : 1179,  "end" : 1180 }, 
        {"sofa" : 1,  "begin" : 1181,  "end" : 1186 }, 
        {"sofa" : 1,  "begin" : 1187,  "end" : 1197 }, 
        {"sofa" : 1,  "begin" : 1198,  "end" : 1204 }, 
        {"sofa" : 1,  "begin" : 1205,  "end" : 1212 }, 
        {"sofa" : 1,  "begin" : 1213,  "end" : 1216 }, 
        {"sofa" : 1,  "begin" : 1217,  "end" : 1224 }, 
        {"sofa" : 1,  "begin" : 1225,  "end" : 1237 }, 
        {"sofa" : 1,  "begin" : 1238,  "end" : 1240 }, 
        {"sofa" : 1,  "begin" : 1241,  "end" : 1248 }, 
        {"sofa" : 1,  "begin" : 1249,  "end" : 1251 }, 
        {"sofa" : 1,  "begin" : 1252,  "end" : 1255 }, 
        {"sofa" : 1,  "begin" : 1256,  "end" : 1263 }, 
        {"sofa" : 1,  "begin" : 1264,  "end" : 1267 }, 
        {"sofa" : 1,  "begin" : 1268,  "end" : 1271 }, 
        {"sofa" : 1,  "begin" : 1272,  "end" : 1277 }, 
        {"sofa" : 1,  "begin" : 1277,  "end" : 1278 }, 
        {"sofa" : 1,  "begin" : 1279,  "end" : 1289 }, 
        {"sofa" : 1,  "begin" : 1289,  "end" : 1290 }, 
        {"sofa" : 1,  "begin" : 1291,  "end" : 1296 }, 
        {"sofa" : 1,  "begin" : 1297,  "end" : 1304 }, 
        {"sofa" : 1,  "begin" : 1305,  "end" : 1309 }, 
        {"sofa" : 1,  "begin" : 1310,  "end" : 1314 }, 
        {"sofa" : 1,  "begin" : 1315,  "end" : 1322 }, 
        {"sofa" : 1,  "begin" : 1323,  "end" : 1327 }, 
        {"sofa" : 1,  "begin" : 1328,  "end" : 1330 }, 
        {"sofa" : 1,  "begin" : 1331,  "end" : 1339 }, 
        {"sofa" : 1,  "begin" : 1340,  "end" : 1342 }, 
        {"sofa" : 1,  "begin" : 1343,  "end" : 1346 }, 
        {"sofa" : 1,  "begin" : 1347,  "end" : 1358 }, 
        {"sofa" : 1,  "begin" : 1359,  "end" : 1362 }, 
        {"sofa" : 1,  "begin" : 1363,  "end" : 1370 }, 
        {"sofa" : 1,  "begin" : 1371,  "end" : 1379 }, 
        {"sofa" : 1,  "begin" : 1380,  "end" : 1384 }, 
        {"sofa" : 1,  "begin" : 1385,  "end" : 1387 }, 
        {"sofa" : 1,  "begin" : 1388,  "end" : 1397 }, 
        {"sofa" : 1,  "begin" : 1398,  "end" : 1400 }, 
        {"sofa" : 1,  "begin" : 1401,  "end" : 1405 }, 
        {"sofa" : 1,  "begin" : 1406,  "end" : 1408 }, 
        {"sofa" : 1,  "begin" : 1409,  "end" : 1415 }, 
        {"sofa" : 1,  "begin" : 1416,  "end" : 1426 }, 
        {"sofa" : 1,  "begin" : 1427,  "end" : 1433 }, 
        {"sofa" : 1,  "begin" : 1434,  "end" : 1436 }, 
        {"sofa" : 1,  "begin" : 1437,  "end" : 1444 }, 
        {"sofa" : 1,  "begin" : 1445,  "end" : 1447 }, 
        {"sofa" : 1,  "begin" : 1448,  "end" : 1459 }, 
        {"sofa" : 1,  "begin" : 1460,  "end" : 1462 }, 
        {"sofa" : 1,  "begin" : 1463,  "end" : 1471 }, 
        {"sofa" : 1,  "begin" : 1472,  "end" : 1474 }, 
        {"sofa" : 1,  "begin" : 1475,  "end" : 1480 }, 
        {"sofa" : 1,  "begin" : 1481,  "end" : 1485 }, 
        {"sofa" : 1,  "begin" : 1486,  "end" : 1488 }, 
        {"sofa" : 1,  "begin" : 1489,  "end" : 1497 }, 
        {"sofa" : 1,  "begin" : 1498,  "end" : 1501 }, 
        {"sofa" : 1,  "begin" : 1502,  "end" : 1513 }, 
        {"sofa" : 1,  "begin" : 1514,  "end" : 1516 }, 
        {"sofa" : 1,  "begin" : 1517,  "end" : 1520 }, 
        {"sofa" : 1,  "begin" : 1521,  "end" : 1528 }, 
        {"sofa" : 1,  "begin" : 1529,  "end" : 1535 }, 
        {"sofa" : 1,  "begin" : 1535,  "end" : 1536 }, 
        {"sofa" : 1,  "begin" : 1537,  "end" : 1544 }, 
        {"sofa" : 1,  "begin" : 1545,  "end" : 1549 }, 
        {"sofa" : 1,  "begin" : 1550,  "end" : 1558 }, 
        {"sofa" : 1,  "begin" : 1559,  "end" : 1562 }, 
        {"sofa" : 1,  "begin" : 1563,  "end" : 1571 }, 
        {"sofa" : 1,  "begin" : 1572,  "end" : 1574 }, 
        {"sofa" : 1,  "begin" : 1575,  "end" : 1586 }, 
        {"sofa" : 1,  "begin" : 1587,  "end" : 1589 }, 
        {"sofa" : 1,  "begin" : 1590,  "end" : 1592 }, 
        {"sofa" : 1,  "begin" : 1593,  "end" : 1599 }, 
        {"sofa" : 1,  "begin" : 1599,  "end" : 1600 }, 
        {"sofa" : 1,  "begin" : 1601,  "end" : 1610 }, 
        {"sofa" : 1,  "begin" : 1611,  "end" : 1622 }, 
        {"sofa" : 1,  "begin" : 1623,  "end" : 1627 }, 
        {"sofa" : 1,  "begin" : 1628,  "end" : 1630 }, 
        {"sofa" : 1,  "begin" : 1631,  "end" : 1639 }, 
        {"sofa" : 1,  "begin" : 1640,  "end" : 1650 }, 
        {"sofa" : 1,  "begin" : 1651,  "end" : 1653 }, 
        {"sofa" : 1,  "begin" : 1654,  "end" : 1664 }, 
        {"sofa" : 1,  "begin" : 1665,  "end" : 1667 }, 
        {"sofa" : 1,  "begin" : 1668,  "end" : 1677 }, 
        {"sofa" : 1,  "begin" : 1677,  "end" : 1678 } ] } }, 
  "_referenced_fss" : {
    "1" : {"_type" : "Sofa",  "sofaNum" : 1,  "sofaID" : "_InitialView",  "mimeType" : "text",  "sofaString" : "The condition of food used and stored upon the premises is a matter of considerable importance and although examination of food is often made, the main responsibility rests upon the manager.\nA difficulty of a subsidiary character is the objection which neighbouring tenants frequently make to the smells of cooking which occasionally arise.\nWhen the nuisance is caused by the burning of refuse of an offensive nature, perhaps this can be dealt with under the Public Health Acts, but where this is simply a cooking smell and affects personal comfort, perhaps the only remedy is an action at common law by the party affected.\nIn previous reports attention has been directed to the fact that restaurant kitchens, being workplaces, may be established without notice of any kind being given, in which respect they differ from factories and workshops.\nIt is not necessary either that such places should be registered, although an attempt is made to keep as complete a register as possible of all kitchens known to exist in the City.\nIt would prove a great advantage to public sanitation if all restaurant kitchens were required to be registered under different conditions of occupation.\nThese conditions should specify the minimum requirements in respect of the matters set out above.\nSUGGESTION.\nwould suggest that when another Bill is promoted by the Corporation for general purposes that an endeavour be made to obtain additional powers in respect of regulations of kitchens in which food is prepared for consumption by the general public, whether such kitchens are attached to restaurants or to hotels.\nIncluding Inspections made by Sanitary Inspectors or Inspectors of Nuisances.\n" }, 
    "3821" : {"_type" : "Span",  "sofa" : 1,  "begin" : 297,  "end" : 303,  "label" : "Smell_Word" }, 
    "3826" : {"_type" : "Span",  "sofa" : 1,  "begin" : 304,  "end" : 314,  "label" : "Smell_Source" }, 
    "3838" : {"_type" : "Span",  "sofa" : 1,  "begin" : 253,  "end" : 273,  "label" : "Perceiver" }, 
    "3850" : {"_type" : "Span",  "sofa" : 1,  "begin" : 321,  "end" : 333,  "label" : "Time" }, 
    "3862" : {"_type" : "Span",  "sofa" : 1,  "begin" : 346,  "end" : 358,  "label" : "Effect" }, 
    "3874" : {"_type" : "Span",  "sofa" : 1,  "begin" : 400,  "end" : 409,  "label" : "Quality" }, 
    "3886" : {"_type" : "Span",  "sofa" : 1,  "begin" : 514,  "end" : 519,  "label" : "Smell_Word" }, 
    "3891" : {"_type" : "Span",  "sofa" : 1,  "begin" : 506,  "end" : 513,  "label" : "Smell_Source" }, 
    "3903" : {"_type" : "Span",  "sofa" : 1,  "begin" : 524,  "end" : 548,  "label" : "Effect" }, 
    "3915" : {"_type" : "Span",  "sofa" : 1,  "begin" : 604,  "end" : 622,  "label" : "Perceiver" } } }