#FORMAT=WebAnno TSV 3.3


#Text=13 Super capita montium sacrificabant, et super colles accendebant thymiama ; subtus quercum, et populum, et terebinthum, quia bona erat umbra ejus ; ideo fornicabuntur filiæ vestræ, et sponsæ vestræ adulteræ erunt.
#Text=14 Non visitabo super filias vestras cum fuerint fornicatæ, et super sponsas vestras cum adulteraverint, quoniam ipsi cum meretricibus conversabantur, et cum effeminatis sacrificabant ; et populus non intelligens vapulabit.
#Text=15 Si fornicaris tu, Israël, non delinquat saltem Juda ; et nolite ingredi in Galgala, et ne ascenderitis in Bethaven, neque juraveritis : Vivit Dominus !
1-1	2-4	13	
1-2	5-10	Super	
1-3	11-17	capita	
1-4	18-25	montium	
1-5	26-39	sacrificabant	
1-6	39-40	,	
1-7	41-43	et	
1-8	44-49	super	
1-9	50-56	colles	
1-10	57-68	accendebant	
1-11	69-77	thymiama	
1-12	78-79	;	
1-13	80-86	subtus	
1-14	87-94	quercum	
1-15	94-95	,	
1-16	96-98	et	
1-17	99-106	populum	
1-18	106-107	,	
1-19	108-110	et	
1-20	111-122	terebinthum	
1-21	122-123	,	
1-22	124-128	quia	
1-23	129-133	bona	
1-24	134-138	erat	
1-25	139-144	umbra	
1-26	145-149	ejus	
1-27	150-151	;	
1-28	152-156	ideo	
1-29	157-170	fornicabuntur	
1-30	171-176	filiæ	
1-31	177-183	vestræ	
1-32	183-184	,	
1-33	185-187	et	
1-34	188-194	sponsæ	
1-35	195-201	vestræ	
1-36	202-210	adulteræ	
1-37	211-216	erunt	
1-38	216-217	.	
1-39	218-220	14	
1-40	221-224	Non	
1-41	225-233	visitabo	
1-42	234-239	super	
1-43	240-246	filias	
1-44	247-254	vestras	
1-45	255-258	cum	
1-46	259-266	fuerint	
1-47	267-276	fornicatæ	
1-48	276-277	,	
1-49	278-280	et	
1-50	281-286	super	
1-51	287-294	sponsas	
1-52	295-302	vestras	
1-53	303-306	cum	
1-54	307-321	adulteraverint	
1-55	321-322	,	
1-56	323-330	quoniam	
1-57	331-335	ipsi	
1-58	336-339	cum	
1-59	340-352	meretricibus	
1-60	353-367	conversabantur	
1-61	367-368	,	
1-62	369-371	et	
1-63	372-375	cum	
1-64	376-387	effeminatis	
1-65	388-401	sacrificabant	
1-66	402-403	;	
1-67	404-406	et	
1-68	407-414	populus	
1-69	415-418	non	
1-70	419-430	intelligens	
1-71	431-440	vapulabit	
1-72	440-441	.	
1-73	442-444	15	
1-74	445-447	Si	
1-75	448-458	fornicaris	
1-76	459-461	tu	
1-77	461-462	,	
1-78	463-469	Israël	
1-79	469-470	,	
1-80	471-474	non	
1-81	475-484	delinquat	
1-82	485-491	saltem	
1-83	492-496	Juda	
1-84	497-498	;	
1-85	499-501	et	
1-86	502-508	nolite	
1-87	509-516	ingredi	
1-88	517-519	in	
1-89	520-527	Galgala	
1-90	527-528	,	
1-91	529-531	et	
1-92	532-534	ne	
1-93	535-547	ascenderitis	
1-94	548-550	in	
1-95	551-559	Bethaven	
1-96	559-560	,	
1-97	561-566	neque	
1-98	567-578	juraveritis	
1-99	579-580	:	
1-100	581-586	Vivit	
1-101	587-594	Dominus	
1-102	595-596	!	

#Text=16 Quoniam sicut vacca lasciviens declinavit Israël ; nunc pascet eos Dominus, quasi agnum in latitudine.
#Text=17 Particeps idolorum Ephraim : dimitte eum.
#Text=18 Separatum est convivium eorum ; fornicatione fornicati sunt : dilexerunt afferre ignominiam protectores ejus.
#Text=19 Ligavit eum spiritus in alis suis, et confundentur a sacrificiis suis.
2-1	597-599	16	
2-2	600-607	Quoniam	
2-3	608-613	sicut	
2-4	614-619	vacca	
2-5	620-630	lasciviens	
2-6	631-641	declinavit	
2-7	642-648	Israël	
2-8	649-650	;	
2-9	651-655	nunc	
2-10	656-662	pascet	
2-11	663-666	eos	
2-12	667-674	Dominus	
2-13	674-675	,	
2-14	676-681	quasi	
2-15	682-687	agnum	
2-16	688-690	in	
2-17	691-701	latitudine	
2-18	701-702	.	
2-19	703-705	17	
2-20	706-715	Particeps	
2-21	716-724	idolorum	
2-22	725-732	Ephraim	
2-23	733-734	:	
2-24	735-742	dimitte	
2-25	743-746	eum	
2-26	746-747	.	
2-27	748-750	18	
2-28	751-760	Separatum	
2-29	761-764	est	
2-30	765-774	convivium	
2-31	775-780	eorum	
2-32	781-782	;	
2-33	783-795	fornicatione	
2-34	796-805	fornicati	
2-35	806-810	sunt	
2-36	811-812	:	
2-37	813-823	dilexerunt	
2-38	824-831	afferre	
2-39	832-842	ignominiam	
2-40	843-854	protectores	
2-41	855-859	ejus	
2-42	859-860	.	
2-43	861-863	19	
2-44	864-871	Ligavit	
2-45	872-875	eum	
2-46	876-884	spiritus	
2-47	885-887	in	
2-48	888-892	alis	
2-49	893-897	suis	
2-50	897-898	,	
2-51	899-901	et	
2-52	902-914	confundentur	
2-53	915-916	a	
2-54	917-928	sacrificiis	
2-55	929-933	suis	
2-56	933-934	.	

#Text=Caput 5
#Text=
#Text=
#Text=1 Audite hoc, sacerdotes, et attendite, domus Israël, et domus regis, auscultate : quia vobis judicium est, quoniam laqueus facti estis speculationi, et rete expansum super Thabor.
#Text=2 Et victimas declinastis in profundum ; et ego eruditor omnium eorum.
#Text=3 Ego scio Ephraim, et Israël non est absconditus a me : quia nunc fornicatus est Ephraim ; contaminatus est Israël.
#Text=4 Non dabunt cogitationes suas ut revertantur ad Deum suum, quia spiritus fornicationum in medio eorum, et Dominum non cognoverunt.
#Text=5 Et respondebit arrogantia Israël in facie ejus, et Israël et Ephraim ruent in iniquitate sua : ruet etiam Judas cum eis.
#Text=6 In gregibus suis et in armentis suis vadent ad quærendum Dominum, et non invenient : ablatus est ab eis.
#Text=7 In Dominum prævaricati sunt, quia filios alienos genuerunt : nunc devorabit eos mensis, cum partibus suis.
#Text=8 Clangite buccina in Gabaa, tuba in Rama ; ululate in Bethaven, post tergum tuum, Benjamin.
#Text=9 Ephraim in desolatione erit in die correptionis ; in tribubus Israël ostendi fidem.
#Text=10 Facti sunt principes Juda quasi assumentes terminum ; super eos effundam quasi aquam iram meam.
#Text=11 Calumniam patiens est Ephraim, fractus judicio, quoniam cœpit abire post sordes.
#Text=12 Et ego quasi tinea Ephraim, et quasi putredo domui Juda.
#Text=13 Et vidit Ephraim languorem suum, et Juda vinculum suum ; et abiit Ephraim ad Assur, et misit ad regem ultorem : et ipse non poterit sanare vos, nec solvere poterit a vobis vinculum.
3-1	935-940	Caput	
3-2	941-942	5	
3-3	945-946	1	
3-4	947-953	Audite	
3-5	954-957	hoc	
3-6	957-958	,	
3-7	959-969	sacerdotes	
3-8	969-970	,	
3-9	971-973	et	
3-10	974-983	attendite	
3-11	983-984	,	
3-12	985-990	domus	
3-13	991-997	Israël	
3-14	997-998	,	
3-15	999-1001	et	
3-16	1002-1007	domus	
3-17	1008-1013	regis	
3-18	1013-1014	,	
3-19	1015-1025	auscultate	
3-20	1026-1027	:	
3-21	1028-1032	quia	
3-22	1033-1038	vobis	
3-23	1039-1047	judicium	
3-24	1048-1051	est	
3-25	1051-1052	,	
3-26	1053-1060	quoniam	
3-27	1061-1068	laqueus	
3-28	1069-1074	facti	
3-29	1075-1080	estis	
3-30	1081-1093	speculationi	
3-31	1093-1094	,	
3-32	1095-1097	et	
3-33	1098-1102	rete	
3-34	1103-1111	expansum	
3-35	1112-1117	super	
3-36	1118-1124	Thabor	
3-37	1124-1125	.	
3-38	1126-1127	2	
3-39	1128-1130	Et	
3-40	1131-1139	victimas	
3-41	1140-1151	declinastis	
3-42	1152-1154	in	
3-43	1155-1164	profundum	
3-44	1165-1166	;	
3-45	1167-1169	et	
3-46	1170-1173	ego	
3-47	1174-1182	eruditor	
3-48	1183-1189	omnium	
3-49	1190-1195	eorum	
3-50	1195-1196	.	
3-51	1197-1198	3	
3-52	1199-1202	Ego	
3-53	1203-1207	scio	
3-54	1208-1215	Ephraim	
3-55	1215-1216	,	
3-56	1217-1219	et	
3-57	1220-1226	Israël	
3-58	1227-1230	non	
3-59	1231-1234	est	
3-60	1235-1246	absconditus	
3-61	1247-1248	a	
3-62	1249-1251	me	
3-63	1252-1253	:	
3-64	1254-1258	quia	
3-65	1259-1263	nunc	
3-66	1264-1274	fornicatus	
3-67	1275-1278	est	
3-68	1279-1286	Ephraim	
3-69	1287-1288	;	
3-70	1289-1301	contaminatus	
3-71	1302-1305	est	
3-72	1306-1312	Israël	
3-73	1312-1313	.	
3-74	1314-1315	4	
3-75	1316-1319	Non	
3-76	1320-1326	dabunt	
3-77	1327-1339	cogitationes	
3-78	1340-1344	suas	
3-79	1345-1347	ut	
3-80	1348-1359	revertantur	
3-81	1360-1362	ad	
3-82	1363-1367	Deum	
3-83	1368-1372	suum	
3-84	1372-1373	,	
3-85	1374-1378	quia	
3-86	1379-1387	spiritus	
3-87	1388-1401	fornicationum	
3-88	1402-1404	in	
3-89	1405-1410	medio	
3-90	1411-1416	eorum	
3-91	1416-1417	,	
3-92	1418-1420	et	
3-93	1421-1428	Dominum	
3-94	1429-1432	non	
3-95	1433-1444	cognoverunt	
3-96	1444-1445	.	
3-97	1446-1447	5	
3-98	1448-1450	Et	
3-99	1451-1462	respondebit	
3-100	1463-1473	arrogantia	
3-101	1474-1480	Israël	
3-102	1481-1483	in	
3-103	1484-1489	facie	
3-104	1490-1494	ejus	
3-105	1494-1495	,	
3-106	1496-1498	et	
3-107	1499-1505	Israël	
3-108	1506-1508	et	
3-109	1509-1516	Ephraim	
3-110	1517-1522	ruent	
3-111	1523-1525	in	
3-112	1526-1536	iniquitate	
3-113	1537-1540	sua	
3-114	1541-1542	:	
3-115	1543-1547	ruet	
3-116	1548-1553	etiam	
3-117	1554-1559	Judas	
3-118	1560-1563	cum	
3-119	1564-1567	eis	
3-120	1567-1568	.	
3-121	1569-1570	6	
3-122	1571-1573	In	
3-123	1574-1582	gregibus	
3-124	1583-1587	suis	
3-125	1588-1590	et	
3-126	1591-1593	in	
3-127	1594-1602	armentis	
3-128	1603-1607	suis	
3-129	1608-1614	vadent	
3-130	1615-1617	ad	
3-131	1618-1627	quærendum	
3-132	1628-1635	Dominum	
3-133	1635-1636	,	
3-134	1637-1639	et	
3-135	1640-1643	non	
3-136	1644-1653	invenient	
3-137	1654-1655	:	
3-138	1656-1663	ablatus	
3-139	1664-1667	est	
3-140	1668-1670	ab	
3-141	1671-1674	eis	
3-142	1674-1675	.	
3-143	1676-1677	7	
3-144	1678-1680	In	
3-145	1681-1688	Dominum	
3-146	1689-1700	prævaricati	
3-147	1701-1705	sunt	
3-148	1705-1706	,	
3-149	1707-1711	quia	
3-150	1712-1718	filios	
3-151	1719-1726	alienos	
3-152	1727-1736	genuerunt	
3-153	1737-1738	:	
3-154	1739-1743	nunc	
3-155	1744-1753	devorabit	
3-156	1754-1757	eos	
3-157	1758-1764	mensis	
3-158	1764-1765	,	
3-159	1766-1769	cum	
3-160	1770-1778	partibus	
3-161	1779-1783	suis	
3-162	1783-1784	.	
3-163	1785-1786	8	
3-164	1787-1795	Clangite	
3-165	1796-1803	buccina	
3-166	1804-1806	in	
3-167	1807-1812	Gabaa	
3-168	1812-1813	,	
3-169	1814-1818	tuba	
3-170	1819-1821	in	
3-171	1822-1826	Rama	
3-172	1827-1828	;	
3-173	1829-1836	ululate	
3-174	1837-1839	in	
3-175	1840-1848	Bethaven	
3-176	1848-1849	,	
3-177	1850-1854	post	
3-178	1855-1861	tergum	
3-179	1862-1866	tuum	
3-180	1866-1867	,	
3-181	1868-1876	Benjamin	
3-182	1876-1877	.	
3-183	1878-1879	9	
3-184	1880-1887	Ephraim	
3-185	1888-1890	in	
3-186	1891-1902	desolatione	
3-187	1903-1907	erit	
3-188	1908-1910	in	
3-189	1911-1914	die	
3-190	1915-1927	correptionis	
3-191	1928-1929	;	
3-192	1930-1932	in	
3-193	1933-1941	tribubus	
3-194	1942-1948	Israël	
3-195	1949-1956	ostendi	
3-196	1957-1962	fidem	
3-197	1962-1963	.	
3-198	1964-1966	10	
3-199	1967-1972	Facti	
3-200	1973-1977	sunt	
3-201	1978-1987	principes	
3-202	1988-1992	Juda	
3-203	1993-1998	quasi	
3-204	1999-2009	assumentes	
3-205	2010-2018	terminum	
3-206	2019-2020	;	
3-207	2021-2026	super	
3-208	2027-2030	eos	
3-209	2031-2039	effundam	
3-210	2040-2045	quasi	
3-211	2046-2051	aquam	
3-212	2052-2056	iram	
3-213	2057-2061	meam	
3-214	2061-2062	.	
3-215	2063-2065	11	
3-216	2066-2075	Calumniam	
3-217	2076-2083	patiens	
3-218	2084-2087	est	
3-219	2088-2095	Ephraim	
3-220	2095-2096	,	
3-221	2097-2104	fractus	
3-222	2105-2112	judicio	
3-223	2112-2113	,	
3-224	2114-2121	quoniam	
3-225	2122-2127	cœpit	
3-226	2128-2133	abire	
3-227	2134-2138	post	
3-228	2139-2145	sordes	
3-229	2145-2146	.	
3-230	2147-2149	12	
3-231	2150-2152	Et	
3-232	2153-2156	ego	
3-233	2157-2162	quasi	
3-234	2163-2168	tinea	
3-235	2169-2176	Ephraim	
3-236	2176-2177	,	
3-237	2178-2180	et	
3-238	2181-2186	quasi	
3-239	2187-2194	putredo	
3-240	2195-2200	domui	
3-241	2201-2205	Juda	
3-242	2205-2206	.	
3-243	2207-2209	13	
3-244	2210-2212	Et	
3-245	2213-2218	vidit	
3-246	2219-2226	Ephraim	
3-247	2227-2236	languorem	
3-248	2237-2241	suum	
3-249	2241-2242	,	
3-250	2243-2245	et	
3-251	2246-2250	Juda	
3-252	2251-2259	vinculum	
3-253	2260-2264	suum	
3-254	2265-2266	;	
3-255	2267-2269	et	
3-256	2270-2275	abiit	
3-257	2276-2283	Ephraim	
3-258	2284-2286	ad	
3-259	2287-2292	Assur	
3-260	2292-2293	,	
3-261	2294-2296	et	
3-262	2297-2302	misit	
3-263	2303-2305	ad	
3-264	2306-2311	regem	
3-265	2312-2319	ultorem	
3-266	2320-2321	:	
3-267	2322-2324	et	
3-268	2325-2329	ipse	
3-269	2330-2333	non	
3-270	2334-2341	poterit	
3-271	2342-2348	sanare	
3-272	2349-2352	vos	
3-273	2352-2353	,	
3-274	2354-2357	nec	
3-275	2358-2365	solvere	
3-276	2366-2373	poterit	
3-277	2374-2375	a	
3-278	2376-2381	vobis	
3-279	2382-2390	vinculum	
3-280	2390-2391	.	
