#FORMAT=WebAnno TSV 3.3


#Text=traͤgt Beere zur Frucht/
#Text=welche trauben-weiß
#Text=beyſammen hangen.
1-1	3-9	traͤgt	
1-2	10-15	Beere	
1-3	16-19	zur	
1-4	20-26	Frucht	
1-5	26-27	/	
1-6	28-34	welche	
1-7	35-47	trauben-weiß	
1-8	48-57	beyſammen	
1-9	58-64	hangen	
1-10	64-65	.	

#Text=Jſt mit einer groſſen/
#Text=
#Text=dicken/ knorꝛichten Wurtzel begabet/
#Text=welche/
#Text=da ſie noch friſch/ zimlich ſchwaͤr/ und braun-
#Text=roͤthlichter Farbe/ auch etwas ſatt und zaͤhe
#Text=
#Text=von Holtz iſt; hat keinen ſonderlichen Ge-
#Text=ſchmack;
#Text=ſtreicht in der Erden hin und wi-
#Text=der herumb.
2-1	66-69	Jſt	
2-2	70-73	mit	
2-3	74-79	einer	
2-4	80-87	groſſen	
2-5	87-88	/	
2-6	90-96	dicken	
2-7	96-97	/	
2-8	98-109	knorꝛichten	
2-9	110-117	Wurtzel	
2-10	118-125	begabet	
2-11	125-126	/	
2-12	127-133	welche	
2-13	133-134	/	
2-14	135-137	da	
2-15	138-141	ſie	
2-16	142-146	noch	
2-17	147-153	friſch	
2-18	153-154	/	
2-19	155-162	zimlich	
2-20	163-170	ſchwaͤr	
2-21	170-171	/	
2-22	172-175	und	
2-23	176-181	braun	
2-24	181-182	-	
2-25	183-195	roͤthlichter	
2-26	196-201	Farbe	
2-27	201-202	/	
2-28	203-207	auch	
2-29	208-213	etwas	
2-30	214-218	ſatt	
2-31	219-222	und	
2-32	223-228	zaͤhe	
2-33	230-233	von	
2-34	234-239	Holtz	
2-35	240-243	iſt	
2-36	243-244	;	
2-37	245-248	hat	
2-38	249-255	keinen	
2-39	256-268	ſonderlichen	
2-40	269-271	Ge	
2-41	271-272	-	
2-42	273-280	ſchmack	
2-43	280-281	;	
2-44	282-290	ſtreicht	
2-45	291-293	in	
2-46	294-297	der	
2-47	298-303	Erden	
2-48	304-307	hin	
2-49	308-311	und	
2-50	312-314	wi	
2-51	314-315	-	
2-52	316-319	der	
2-53	320-326	herumb	
2-54	326-327	.	

#Text=Die beſte Wurtzel haltet man
#Text=dafuͤr/
#Text=welche friſch/ ohne geſchmack/ dick/
#Text=
#Text=feſt und ſchwer iſt/ auch mit einem fetten oͤ-
#Text=lichten Safft angefuͤllet/ und gantz nicht
#Text=wurmſtichig.
3-1	328-331	Die	
3-2	332-337	beſte	
3-3	338-345	Wurtzel	
3-4	346-352	haltet	
3-5	353-356	man	
3-6	357-363	dafuͤr	
3-7	363-364	/	
3-8	365-371	welche	
3-9	372-378	friſch	
3-10	378-379	/	
3-11	380-384	ohne	
3-12	385-394	geſchmack	
3-13	394-395	/	
3-14	396-400	dick	
3-15	400-401	/	
3-16	403-407	feſt	
3-17	408-411	und	
3-18	412-418	ſchwer	
3-19	419-422	iſt	
3-20	422-423	/	
3-21	424-428	auch	
3-22	429-432	mit	
3-23	433-438	einem	
3-24	439-445	fetten	
3-25	446-448	oͤ	
3-26	448-449	-	
3-27	450-457	lichten	
3-28	458-463	Safft	
3-29	464-475	angefuͤllet	
3-30	475-476	/	
3-31	477-480	und	
3-32	481-486	gantz	
3-33	487-492	nicht	
3-34	493-504	wurmſtichig	
3-35	504-505	.	

#Text=Das Waſſer/ darinnen die-
#Text=ſe Wurtzel gekochet/ ſoll ein aromatiſchen/
#Text=
#Text=ſcharff und bitterlichten/ auch etwas zuſam-
#Text=menziehenden geſchmack/ und eine gelblich-
#Text=
#Text=te farbe bekommen.
4-1	506-509	Das	
4-2	510-516	Waſſer	
4-3	516-517	/	
4-4	518-526	darinnen	
4-5	527-530	die	
4-6	530-531	-	
4-7	532-534	ſe	
4-8	535-542	Wurtzel	
4-9	543-551	gekochet	
4-10	551-552	/	
4-11	553-557	ſoll	
4-12	558-561	ein	
4-13	562-574	aromatiſchen	
4-14	574-575	/	
4-15	577-584	ſcharff	
4-16	585-588	und	
4-17	589-602	bitterlichten	
4-18	602-603	/	
4-19	604-608	auch	
4-20	609-614	etwas	
4-21	615-620	zuſam	
4-22	620-621	-	
4-23	622-634	menziehenden	
4-24	635-644	geſchmack	
4-25	644-645	/	
4-26	646-649	und	
4-27	650-654	eine	
4-28	655-663	gelblich	
4-29	663-664	-	
4-30	666-668	te	
4-31	669-674	farbe	
4-32	675-683	bekommen	
4-33	683-684	.	

#Text=Waͤchſt in dem Chine-
#Text=ſiſchen Reich/ in Malabar/ Cochin, Cran-
#Text=ganor, Coulan, Taner, und andern orten in
#Text=Oſtindien.
5-1	685-692	Waͤchſt	
5-2	693-695	in	
5-3	696-699	dem	
5-4	700-705	Chine	
5-5	705-706	-	
5-6	707-714	ſiſchen	
5-7	715-720	Reich	
5-8	720-721	/	
5-9	722-724	in	
5-10	725-732	Malabar	
5-11	732-733	/	
5-12	734-740	Cochin	
5-13	740-741	,	
5-14	742-746	Cran	
5-15	746-747	-	
5-16	748-753	ganor	
5-17	753-754	,	
5-18	755-761	Coulan	
5-19	761-762	,	
5-20	763-768	Taner	
5-21	768-769	,	
5-22	770-773	und	
5-23	774-780	andern	
5-24	781-786	orten	
5-25	787-789	in	
5-26	790-799	Oſtindien	
5-27	799-800	.	

#Text=Ja ſie wird heut zu tag auch
#Text=in America/ und ſonderlich in Braſilien
#Text=
#Text=und Mexico gefunden.
6-1	801-803	Ja	
6-2	804-807	ſie	
6-3	808-812	wird	
6-4	813-817	heut	
6-5	818-820	zu	
6-6	821-824	tag	
6-7	825-829	auch	
6-8	830-832	in	
6-9	833-840	America	
6-10	840-841	/	
6-11	842-845	und	
6-12	846-856	ſonderlich	
6-13	857-859	in	
6-14	860-869	Braſilien	
6-15	871-874	und	
6-16	875-881	Mexico	
6-17	882-890	gefunden	
6-18	890-891	.	

#Text=Eigenſchafft.
7-1	894-906	Eigenſchafft	
7-2	906-907	.	

#Text=Es wird meiſtens die Wurtzel dieſes Ge-
#Text=waͤchſes zur Artzney gezogen/ welche auch
#Text=von den Chineſiſchen Kauffleuthen erſt nach
#Text=dem 1535.
8-1	909-911	Es	
8-2	912-916	wird	
8-3	917-925	meiſtens	
8-4	926-929	die	
8-5	930-937	Wurtzel	
8-6	938-944	dieſes	
8-7	945-947	Ge	
8-8	947-948	-	
8-9	949-957	waͤchſes	
8-10	958-961	zur	
8-11	962-969	Artzney	
8-12	970-977	gezogen	
8-13	977-978	/	
8-14	979-985	welche	
8-15	986-990	auch	
8-16	991-994	von	
8-17	995-998	den	
8-18	999-1011	Chineſiſchen	
8-19	1012-1024	Kauffleuthen	
8-20	1025-1029	erſt	
8-21	1030-1034	nach	
8-22	1035-1038	dem	
8-23	1039-1043	1535	
8-24	1043-1044	.	

#Text=Jahr in Ruff gebracht worden.
9-1	1045-1049	Jahr	
9-2	1050-1052	in	
9-3	1053-1057	Ruff	
9-4	1058-1066	gebracht	
9-5	1067-1073	worden	
9-6	1073-1074	.	

#Text=Es hat dieſelbe einen ſaurlicht-fluͤchtigen
#Text=Geiſt/ neben etwas hartzichtem oͤl bey ſich
#Text=
#Text=verborgen.
10-1	1076-1078	Es	
10-2	1079-1082	hat	
10-3	1083-1091	dieſelbe	
10-4	1092-1097	einen	
10-5	1098-1119	ſaurlicht-fluͤchtigen	
10-6	1120-1125	Geiſt	
10-7	1125-1126	/	
10-8	1127-1132	neben	
10-9	1133-1138	etwas	
10-10	1139-1150	hartzichtem	
10-11	1151-1154	oͤl	
10-12	1155-1158	bey	
10-13	1159-1163	ſich	
10-14	1165-1174	verborgen	
10-15	1174-1175	.	

#Text=Daher auch die Eigenſchafft/
11-1	1176-1181	Daher	
11-2	1182-1186	auch	
11-3	1187-1190	die	
11-4	1191-1203	Eigenſchafft	
11-5	1203-1204	/	
