#FORMAT=WebAnno TSV 3.3
#T_SP=custom.Span|label
#T_RL=custom.Relation|label|BT_custom.Span


#Text=S.
1-1	2-3	S	_	_	_	
1-2	3-4	.	_	_	_	

#Text=XXII.
2-1	5-9	XXII	_	_	_	
2-2	9-10	.	_	_	_	

#Text=Ex hucusque allatis patet, odorem perfpirationis in morbis na medico clinicp haud effe negligendum.
3-1	11-13	Ex	_	_	_	
3-2	14-22	hucusque	_	_	_	
3-3	23-30	allatis	_	_	_	
3-4	31-36	patet	_	_	_	
3-5	36-37	,	_	_	_	
3-6	38-44	odorem	Smell\_Word	*|*	3-7|3-8[1_0]	
3-7	45-59	perfpirationis	Smell\_Source	_	_	
3-8	60-62	in	Circumstances[1]	_	_	
3-9	63-69	morbis	Circumstances[1]	_	_	
3-10	70-72	na	_	_	_	
3-11	73-79	medico	_	_	_	
3-12	80-87	clinicp	_	_	_	
3-13	88-92	haud	_	_	_	
3-14	93-97	effe	_	_	_	
3-15	98-109	negligendum	_	_	_	
3-16	109-110	.	_	_	_	

#Text=Saepe enim folus sufficit indicio, morbum quendam adesse, wet- imuninere ; faepius adhuc in connubio sliorum fignorum diagnofin et prognosin adiuvat.
4-1	111-116	Saepe	_	_	_	
4-2	117-121	enim	_	_	_	
4-3	122-127	folus	_	_	_	
4-4	128-136	sufficit	_	_	_	
4-5	137-144	indicio	_	_	_	
4-6	144-145	,	_	_	_	
4-7	146-152	morbum	_	_	_	
4-8	153-160	quendam	_	_	_	
4-9	161-167	adesse	_	_	_	
4-10	167-168	,	_	_	_	
4-11	169-172	wet	_	_	_	
4-12	172-173	-	_	_	_	
4-13	174-183	imuninere	_	_	_	
4-14	184-185	;	_	_	_	
4-15	186-193	faepius	_	_	_	
4-16	194-199	adhuc	_	_	_	
4-17	200-202	in	_	_	_	
4-18	203-211	connubio	_	_	_	
4-19	212-219	sliorum	_	_	_	
4-20	220-228	fignorum	_	_	_	
4-21	229-238	diagnofin	_	_	_	
4-22	239-241	et	_	_	_	
4-23	242-251	prognosin	_	_	_	
4-24	252-259	adiuvat	_	_	_	
4-25	259-260	.	_	_	_	

#Text=Probant etiam libri-.femiotici dignitatet- lignorum ex odore excretorum.
5-1	261-268	Probant	_	_	_	
5-2	269-274	etiam	_	_	_	
5-3	275-280	libri	_	_	_	
5-4	280-281	-	_	_	_	
5-5	281-282	.	_	_	_	
5-6	282-291	femiotici	_	_	_	
5-7	292-302	dignitatet	_	_	_	
5-8	302-303	-	_	_	_	
5-9	304-312	lignorum	_	_	_	
5-10	313-315	ex	_	_	_	
5-11	316-321	odore	Smell\_Word	_	_	
5-12	322-332	excretorum	_	_	_	
5-13	332-333	.	_	_	_	

#Text=Cautione tamnen opus eft,q, ne , hic in errores incidamus , qui diagnosin dubiam et prognofin falfam reddunt.
#Text=- Olfactus enim prae caeteris sensibus multis obnoxius est fallaciis.
6-1	334-342	Cautione	_	_	_	
6-2	343-349	tamnen	_	_	_	
6-3	350-354	opus	_	_	_	
6-4	355-358	eft	_	_	_	
6-5	358-359	,	_	_	_	
6-6	359-360	q	_	_	_	
6-7	360-361	,	_	_	_	
6-8	362-364	ne	_	_	_	
6-9	365-366	,	_	_	_	
6-10	367-370	hic	_	_	_	
6-11	371-373	in	_	_	_	
6-12	374-381	errores	_	_	_	
6-13	382-391	incidamus	_	_	_	
6-14	392-393	,	_	_	_	
6-15	394-397	qui	_	_	_	
6-16	398-407	diagnosin	_	_	_	
6-17	408-414	dubiam	_	_	_	
6-18	415-417	et	_	_	_	
6-19	418-427	prognofin	_	_	_	
6-20	428-434	falfam	_	_	_	
6-21	435-442	reddunt	_	_	_	
6-22	442-443	.	_	_	_	
6-23	444-445	-	_	_	_	
6-24	446-454	Olfactus	Smell\_Word	*	6-30[2_0]	
6-25	455-459	enim	_	_	_	
6-26	460-464	prae	_	_	_	
6-27	465-473	caeteris	_	_	_	
6-28	474-482	sensibus	_	_	_	
6-29	483-489	multis	_	_	_	
6-30	490-498	obnoxius	Quality[2]	_	_	
6-31	499-502	est	Quality[2]	_	_	
6-32	503-512	fallaciis	Quality[2]	_	_	
6-33	512-513	.	_	_	_	

#Text=Prinium igitur sedulo inquirendum est, vtrum odor practernafuralis et ingratus, quem prope aegrum sentimus, ab exhalatione cutanea pendeat, an a causis fortuitis
#Text=
#Text=.
7-1	514-521	Prinium	_	_	_	
7-2	522-528	igitur	_	_	_	
7-3	529-535	sedulo	_	_	_	
7-4	536-547	inquirendum	_	_	_	
7-5	548-551	est	_	_	_	
7-6	551-552	,	_	_	_	
7-7	553-558	vtrum	_	_	_	
7-8	559-563	odor	Smell\_Word	*|*|*|*|*	7-9[3_0]|7-14[4_0]|7-16|7-15[5_0]|7-18[6_0]	
7-9	564-580	practernafuralis	Quality[3]	_	_	
7-10	581-583	et	Quality[3]	_	_	
7-11	584-592	ingratus	Quality[3]	_	_	
7-12	592-593	,	_	_	_	
7-13	594-598	quem	_	_	_	
7-14	599-604	prope	Location[4]	_	_	
7-15	605-611	aegrum	Location[4]|Odour\_Carrier[5]	_	_	
7-16	612-620	sentimus	Perceiver	_	_	
7-17	620-621	,	_	_	_	
7-18	622-624	ab	Circumstances[6]	_	_	
7-19	625-636	exhalatione	Circumstances[6]	_	_	
7-20	637-644	cutanea	Circumstances[6]	_	_	
7-21	645-652	pendeat	Circumstances[6]	_	_	
7-22	652-653	,	Circumstances[6]	_	_	
7-23	654-656	an	Circumstances[6]	_	_	
7-24	657-658	a	Circumstances[6]	_	_	
7-25	659-665	causis	Circumstances[6]	_	_	
7-26	666-675	fortuitis	Circumstances[6]	_	_	
7-27	677-678	.	_	_	_	

#Text=Multa enim in cubiculo aegri conueniunt, quae interdum aerem foetore inficiunt, quamuis perfpi.
#Text=ratio nullo modo vitiata fit.
8-1	679-684	Multa	_	_	_	
8-2	685-689	enim	_	_	_	
8-3	690-692	in	Location[7]	_	_	
8-4	693-701	cubiculo	Location[7]	_	_	
8-5	702-707	aegri	Location[7]	_	_	
8-6	708-718	conueniunt	_	_	_	
8-7	718-719	,	_	_	_	
8-8	720-724	quae	_	_	_	
8-9	725-733	interdum	_	_	_	
8-10	734-739	aerem	Odour\_Carrier	_	_	
8-11	740-747	foetore	Smell\_Source[8]|Quality[9]	_	_	
8-12	748-757	inficiunt	Smell\_Word	*|*|*|*	8-10|8-11[8_0]|8-3[7_0]|8-11[9_0]	
8-13	757-758	,	_	_	_	
8-14	759-766	quamuis	_	_	_	
8-15	767-773	perfpi	_	_	_	
8-16	773-774	.	_	_	_	
8-17	775-780	ratio	_	_	_	
8-18	781-786	nullo	_	_	_	
8-19	787-791	modo	_	_	_	
8-20	792-799	vitiata	_	_	_	
8-21	800-803	fit	_	_	_	
8-22	803-804	.	_	_	_	

#Text=Quando autem, perspirationem ipfam graveolere, extra omnem dubitationis aleam pofitum eft, tunc meminille' nos oportet, dari quoque medicamenta 'et alimenta, quae fudori odorem infolitum impertire possunt (S.
9-1	805-811	Quando	_	_	_	
9-2	812-817	autem	_	_	_	
9-3	817-818	,	_	_	_	
9-4	819-833	perspirationem	Smell\_Source[10]	_	_	
9-5	834-839	ipfam	Smell\_Source[10]	_	_	
9-6	840-850	graveolere	Smell\_Word	*	9-4[10_0]	
9-7	850-851	,	_	_	_	
9-8	852-857	extra	_	_	_	
9-9	858-863	omnem	_	_	_	
9-10	864-876	dubitationis	_	_	_	
9-11	877-882	aleam	_	_	_	
9-12	883-890	pofitum	_	_	_	
9-13	891-894	eft	_	_	_	
9-14	894-895	,	_	_	_	
9-15	896-900	tunc	_	_	_	
9-16	901-910	meminille	_	_	_	
9-17	910-911	'	_	_	_	
9-18	912-915	nos	_	_	_	
9-19	916-923	oportet	_	_	_	
9-20	923-924	,	_	_	_	
9-21	925-929	dari	_	_	_	
9-22	930-936	quoque	_	_	_	
9-23	937-948	medicamenta	_	_	_	
9-24	949-950	'	_	_	_	
9-25	950-952	et	_	_	_	
9-26	953-961	alimenta	_	_	_	
9-27	961-962	,	_	_	_	
9-28	963-967	quae	_	_	_	
9-29	968-974	fudori	Smell\_Source	_	_	
9-30	975-981	odorem	Smell\_Word	*|*	9-29|9-31	
9-31	982-991	infolitum	Quality	_	_	
9-32	992-1001	impertire	_	_	_	
9-33	1002-1009	possunt	_	_	_	
9-34	1010-1011	(	_	_	_	
9-35	1011-1012	S	_	_	_	
9-36	1012-1013	.	_	_	_	

#Text=XI).
10-1	1014-1016	XI	_	_	_	
10-2	1016-1017	)	_	_	_	
10-3	1017-1018	.	_	_	_	

#Text=Nulla enim de odore perfpicationis ad Matuin aegri valet conseqüetitia, nisi haecomnia antea circumspiciamus,
#Text=
#Text=Quutin pòrro odores specifici în exanthematiņus nonnullis atque aliis morbis obseruandi , haud defcribi posfint, medico clinico olfactu erudito opus eft, quin igitur experientia et viu apud lectos aegro.
#Text=torum fibi adquirere ftudeat.
#Text=1
#Text=
#Text=
#Text=
#Text=Noli demum nimium credere fignis ex odore solo desumtis, ne.
#Text=que, vt breuibus opinionem exponam, immemor fis aurei dicti:
#Text=
#Text=Noscitur ex socio qui non cognoscitur ex se.
11-1	1019-1024	Nulla	_	_	_	
11-2	1025-1029	enim	_	_	_	
11-3	1030-1032	de	_	_	_	
11-4	1033-1038	odore	Smell\_Word	*	11-5	
11-5	1039-1053	perfpicationis	Smell\_Source	_	_	
11-6	1054-1056	ad	_	_	_	
11-7	1057-1063	Matuin	_	_	_	
11-8	1064-1069	aegri	_	_	_	
11-9	1070-1075	valet	_	_	_	
11-10	1076-1089	conseqüetitia	_	_	_	
11-11	1089-1090	,	_	_	_	
11-12	1091-1095	nisi	_	_	_	
11-13	1096-1105	haecomnia	_	_	_	
11-14	1106-1111	antea	_	_	_	
11-15	1112-1127	circumspiciamus	_	_	_	
11-16	1127-1128	,	_	_	_	
11-17	1130-1136	Quutin	_	_	_	
11-18	1137-1142	pòrro	_	_	_	
11-19	1143-1149	odores	Smell\_Word	*|*	11-20|11-21[11_0]	
11-20	1150-1159	specifici	Quality	_	_	
11-21	1160-1162	în	Circumstances[11]	_	_	
11-22	1163-1177	exanthematiņus	Circumstances[11]	_	_	
11-23	1178-1187	nonnullis	Circumstances[11]	_	_	
11-24	1188-1193	atque	Circumstances[11]	_	_	
11-25	1194-1199	aliis	Circumstances[11]	_	_	
11-26	1200-1206	morbis	Circumstances[11]	_	_	
11-27	1207-1217	obseruandi	_	_	_	
11-28	1218-1219	,	_	_	_	
11-29	1220-1224	haud	_	_	_	
11-30	1225-1233	defcribi	_	_	_	
11-31	1234-1241	posfint	_	_	_	
11-32	1241-1242	,	_	_	_	
11-33	1243-1249	medico	Quality[12]	_	_	
11-34	1250-1257	clinico	Quality[12]	_	_	
11-35	1258-1265	olfactu	Smell\_Word	*|*	11-33[12_0]|11-36	
11-36	1266-1273	erudito	Quality	_	_	
11-37	1274-1278	opus	_	_	_	
11-38	1279-1282	eft	_	_	_	
11-39	1282-1283	,	_	_	_	
11-40	1284-1288	quin	_	_	_	
11-41	1289-1295	igitur	_	_	_	
11-42	1296-1307	experientia	_	_	_	
11-43	1308-1310	et	_	_	_	
11-44	1311-1314	viu	_	_	_	
11-45	1315-1319	apud	_	_	_	
11-46	1320-1326	lectos	_	_	_	
11-47	1327-1332	aegro	_	_	_	
11-48	1332-1333	.	_	_	_	
11-49	1334-1339	torum	_	_	_	
11-50	1340-1344	fibi	_	_	_	
11-51	1345-1354	adquirere	_	_	_	
11-52	1355-1362	ftudeat	_	_	_	
11-53	1362-1363	.	_	_	_	
11-54	1364-1365	1	_	_	_	
11-55	1369-1373	Noli	_	_	_	
11-56	1374-1379	demum	_	_	_	
11-57	1380-1386	nimium	_	_	_	
11-58	1387-1394	credere	_	_	_	
11-59	1395-1401	fignis	_	_	_	
11-60	1402-1404	ex	_	_	_	
11-61	1405-1410	odore	Smell\_Word	_	_	
11-62	1411-1415	solo	_	_	_	
11-63	1416-1424	desumtis	_	_	_	
11-64	1424-1425	,	_	_	_	
11-65	1426-1428	ne	_	_	_	
11-66	1428-1429	.	_	_	_	
11-67	1430-1433	que	_	_	_	
11-68	1433-1434	,	_	_	_	
11-69	1435-1437	vt	_	_	_	
11-70	1438-1446	breuibus	_	_	_	
11-71	1447-1456	opinionem	_	_	_	
11-72	1457-1464	exponam	_	_	_	
11-73	1464-1465	,	_	_	_	
11-74	1466-1473	immemor	_	_	_	
11-75	1474-1477	fis	_	_	_	
11-76	1478-1483	aurei	_	_	_	
11-77	1484-1489	dicti	_	_	_	
11-78	1489-1490	:	_	_	_	
11-79	1492-1500	Noscitur	_	_	_	
11-80	1501-1503	ex	_	_	_	
11-81	1504-1509	socio	_	_	_	
11-82	1510-1513	qui	_	_	_	
11-83	1514-1517	non	_	_	_	
11-84	1518-1529	cognoscitur	_	_	_	
11-85	1530-1532	ex	_	_	_	
11-86	1533-1535	se	_	_	_	
11-87	1535-1536	.	_	_	_	

#Text=Signa ipsa, quae odores perspirationis varii in morbis praebent, Gigillatim hic recenseré, fuperfluum effet , quum partim huc et illuc in commentatione iam allata fint et praeterea aptior illis enuineran.
#Text=dis locus fit in pathologia atque femiotica fpeciali, vbi omnia fin.
#Text=gulorum morborum signa critice perlustrantur.
12-1	1537-1542	Signa	_	_	_	
12-2	1543-1547	ipsa	_	_	_	
12-3	1547-1548	,	_	_	_	
12-4	1549-1553	quae	_	_	_	
12-5	1554-1560	odores	Smell\_Word	*|*	12-8[14_0]|12-6[13_0]	
12-6	1561-1575	perspirationis	Smell\_Source[13]	_	_	
12-7	1576-1581	varii	Smell\_Source[13]	_	_	
12-8	1582-1584	in	Circumstances[14]	_	_	
12-9	1585-1591	morbis	Circumstances[14]	_	_	
12-10	1592-1600	praebent	_	_	_	
12-11	1600-1601	,	_	_	_	
12-12	1602-1612	Gigillatim	_	_	_	
12-13	1613-1616	hic	_	_	_	
12-14	1617-1626	recenseré	_	_	_	
12-15	1626-1627	,	_	_	_	
12-16	1628-1638	fuperfluum	_	_	_	
12-17	1639-1644	effet	_	_	_	
12-18	1645-1646	,	_	_	_	
12-19	1647-1651	quum	_	_	_	
12-20	1652-1658	partim	_	_	_	
12-21	1659-1662	huc	_	_	_	
12-22	1663-1665	et	_	_	_	
12-23	1666-1671	illuc	_	_	_	
12-24	1672-1674	in	_	_	_	
12-25	1675-1688	commentatione	_	_	_	
12-26	1689-1692	iam	_	_	_	
12-27	1693-1699	allata	_	_	_	
12-28	1700-1704	fint	_	_	_	
12-29	1705-1707	et	_	_	_	
12-30	1708-1717	praeterea	_	_	_	
12-31	1718-1724	aptior	_	_	_	
12-32	1725-1730	illis	_	_	_	
12-33	1731-1740	enuineran	_	_	_	
12-34	1740-1741	.	_	_	_	
12-35	1742-1745	dis	_	_	_	
12-36	1746-1751	locus	_	_	_	
12-37	1752-1755	fit	_	_	_	
12-38	1756-1758	in	_	_	_	
12-39	1759-1769	pathologia	_	_	_	
12-40	1770-1775	atque	_	_	_	
12-41	1776-1785	femiotica	_	_	_	
12-42	1786-1794	fpeciali	_	_	_	
12-43	1794-1795	,	_	_	_	
12-44	1796-1799	vbi	_	_	_	
12-45	1800-1805	omnia	_	_	_	
12-46	1806-1809	fin	_	_	_	
12-47	1809-1810	.	_	_	_	
12-48	1811-1818	gulorum	_	_	_	
12-49	1819-1827	morborum	_	_	_	
12-50	1828-1833	signa	_	_	_	
12-51	1834-1841	critice	_	_	_	
12-52	1842-1855	perlustrantur	_	_	_	
12-53	1855-1856	.	_	_	_	

#Text=Mirabuntur forfan lectores, me in pertractando argumento de odori perspirationis cutaneae prorsus ferë tacuiffe di perspiratione pul monali ciusque frequentiffime obseruando foetore, quum tamen ilta arctisfime cohaereat cum illa.
13-1	1857-1867	Mirabuntur	_	_	_	
13-2	1868-1874	forfan	_	_	_	
13-3	1875-1883	lectores	_	_	_	
13-4	1883-1884	,	_	_	_	
13-5	1885-1887	me	_	_	_	
13-6	1888-1890	in	_	_	_	
13-7	1891-1903	pertractando	_	_	_	
13-8	1904-1913	argumento	_	_	_	
13-9	1914-1916	de	_	_	_	
13-10	1917-1922	odori	Smell\_Word	*	13-11[15_0]	
13-11	1923-1937	perspirationis	Smell\_Source[15]	_	_	
13-12	1938-1946	cutaneae	Smell\_Source[15]	_	_	
13-13	1947-1954	prorsus	_	_	_	
13-14	1955-1959	ferë	_	_	_	
13-15	1960-1968	tacuiffe	_	_	_	
13-16	1969-1971	di	Smell\_Source[16]	_	_	
13-17	1972-1985	perspiratione	Smell\_Source[16]	_	_	
13-18	1986-1989	pul	Smell\_Source[16]	_	_	
13-19	1990-1996	monali	Smell\_Source[16]	_	_	
13-20	1997-2004	ciusque	Smell\_Source	Anaphoric	13-16[16_0]	
13-21	2005-2019	frequentiffime	_	_	_	
13-22	2020-2030	obseruando	_	_	_	
13-23	2031-2038	foetore	Smell\_Word[17]|Quality[18]	*|*	13-20[0_17]|13-23[18_17]	
13-24	2038-2039	,	_	_	_	
13-25	2040-2044	quum	_	_	_	
13-26	2045-2050	tamen	_	_	_	
13-27	2051-2055	ilta	_	_	_	
13-28	2056-2066	arctisfime	_	_	_	
13-29	2067-2076	cohaereat	_	_	_	
13-30	2077-2080	cum	_	_	_	
13-31	2081-2085	illa	_	_	_	
13-32	2085-2086	.	_	_	_	

#Text=Sed fciant, temporis angustiam me in-8* pediuisse, quo minus etiam de anima olente agerem, cuius caufas sy.
#Text=tem alio tempore euoluere et fimul de C.
14-1	2087-2090	Sed	_	_	_	
14-2	2091-2097	fciant	_	_	_	
14-3	2097-2098	,	_	_	_	
14-4	2099-2107	temporis	_	_	_	
14-5	2108-2117	angustiam	_	_	_	
14-6	2118-2120	me	_	_	_	
14-7	2121-2123	in	_	_	_	
14-8	2123-2124	-	_	_	_	
14-9	2124-2125	8	_	_	_	
14-10	2125-2126	*	_	_	_	
14-11	2127-2136	pediuisse	_	_	_	
14-12	2136-2137	,	_	_	_	
14-13	2138-2141	quo	_	_	_	
14-14	2142-2147	minus	_	_	_	
14-15	2148-2153	etiam	_	_	_	
14-16	2154-2156	de	_	_	_	
14-17	2157-2162	anima	Smell\_Source	_	_	
14-18	2163-2169	olente	Smell\_Word	*	14-17	
14-19	2170-2176	agerem	_	_	_	
14-20	2176-2177	,	_	_	_	
14-21	2178-2183	cuius	_	_	_	
14-22	2184-2190	caufas	_	_	_	
14-23	2191-2193	sy	_	_	_	
14-24	2193-2194	.	_	_	_	
14-25	2195-2198	tem	_	_	_	
14-26	2199-2203	alio	_	_	_	
14-27	2204-2211	tempore	_	_	_	
14-28	2212-2220	euoluere	_	_	_	
14-29	2221-2223	et	_	_	_	
14-30	2224-2229	fimul	_	_	_	
14-31	2230-2232	de	_	_	_	
14-32	2233-2234	C	_	_	_	
14-33	2234-2235	.	_	_	_	

#Text=L.
15-1	2236-2237	L	_	_	_	
15-2	2237-2238	.	_	_	_	

#Text=HOFFMANNI circa odores perfpirationis vtriusque opinionibus plura edisserere, mihi propofitum eft,
#Text=
#Text=
#Text=
#Text=
#Text=
#Text=THESES,
#Text=
#Text=
#Text=
#Text=
#Text=
#Text=.
16-1	2239-2248	HOFFMANNI	_	_	_	
16-2	2249-2254	circa	_	_	_	
16-3	2255-2261	odores	Smell\_Word	*	16-4[19_0]	
16-4	2262-2276	perfpirationis	Smell\_Source[19]	_	_	
16-5	2277-2286	vtriusque	Smell\_Source[19]	_	_	
16-6	2287-2298	opinionibus	_	_	_	
16-7	2299-2304	plura	_	_	_	
16-8	2305-2315	edisserere	_	_	_	
16-9	2315-2316	,	_	_	_	
16-10	2317-2321	mihi	_	_	_	
16-11	2322-2332	propofitum	_	_	_	
16-12	2333-2336	eft	_	_	_	
16-13	2336-2337	,	_	_	_	
16-14	2343-2349	THESES	_	_	_	
16-15	2349-2350	,	_	_	_	
16-16	2356-2357	.	_	_	_	
