#FORMAT=WebAnno TSV 3.3


#Text=Deselve syn onder het vel seer aardig geplaatst, synde het eerste
#Text=of voorste paar derselve naast de Snuit, die met alle syn deelen opwaarts staat,
#Text=tegens het Hooft van onderen aangeschikt, soodanig dat het uyterste der eerste
#Text=paar
#Text=Voeten om hoog is, ende de Deyen om laag.
1-1	2-9	Deselve	
1-2	10-13	syn	
1-3	14-19	onder	
1-4	20-23	het	
1-5	24-27	vel	
1-6	28-32	seer	
1-7	33-39	aardig	
1-8	40-49	geplaatst	
1-9	49-50	,	
1-10	51-56	synde	
1-11	57-60	het	
1-12	61-67	eerste	
1-13	68-70	of	
1-14	71-78	voorste	
1-15	79-83	paar	
1-16	84-92	derselve	
1-17	93-98	naast	
1-18	99-101	de	
1-19	102-107	Snuit	
1-20	107-108	,	
1-21	109-112	die	
1-22	113-116	met	
1-23	117-121	alle	
1-24	122-125	syn	
1-25	126-132	deelen	
1-26	133-141	opwaarts	
1-27	142-147	staat	
1-28	147-148	,	
1-29	149-155	tegens	
1-30	156-159	het	
1-31	160-165	Hooft	
1-32	166-169	van	
1-33	170-177	onderen	
1-34	178-189	aangeschikt	
1-35	189-190	,	
1-36	191-199	soodanig	
1-37	200-203	dat	
1-38	204-207	het	
1-39	208-216	uyterste	
1-40	217-220	der	
1-41	221-227	eerste	
1-42	228-232	paar	
1-43	233-239	Voeten	
1-44	240-242	om	
1-45	243-247	hoog	
1-46	248-250	is	
1-47	250-251	,	
1-48	252-256	ende	
1-49	257-259	de	
1-50	260-265	Deyen	
1-51	266-268	om	
1-52	269-273	laag	
1-53	273-274	.	

#Text=Hier aan volgen het tweede paar
#Text=
#Text=Jan Swammerdam, Bybel der natuure of historie der insecten.
2-1	275-279	Hier	
2-2	280-283	aan	
2-3	284-290	volgen	
2-4	291-294	het	
2-5	295-301	tweede	
2-6	302-306	paar	
2-7	308-311	Jan	
2-8	312-322	Swammerdam	
2-9	322-323	,	
2-10	324-329	Bybel	
2-11	330-333	der	
2-12	334-341	natuure	
2-13	342-344	of	
2-14	345-353	historie	
2-15	354-357	der	
2-16	358-366	insecten	
2-17	366-367	.	

#Text=Deel 1
#Text=
#Text=\f
#Text=Voeten, dat op deselve wyse geschikt is;
#Text=naast deese voeten worden de Vleugelen
#Text=geplaatst, te weeten, de kleene worden naast en wat onder de groote, geschikt.
3-1	368-372	Deel	
3-2	373-374	1	
3-3	378-384	Voeten	
3-4	384-385	,	
3-5	386-389	dat	
3-6	390-392	op	
3-7	393-400	deselve	
3-8	401-405	wyse	
3-9	406-414	geschikt	
3-10	415-417	is	
3-11	417-418	;	
3-12	419-424	naast	
3-13	425-430	deese	
3-14	431-437	voeten	
3-15	438-444	worden	
3-16	445-447	de	
3-17	448-457	Vleugelen	
3-18	458-467	geplaatst	
3-19	467-468	,	
3-20	469-471	te	
3-21	472-478	weeten	
3-22	478-479	,	
3-23	480-482	de	
3-24	483-489	kleene	
3-25	490-496	worden	
3-26	497-502	naast	
3-27	503-505	en	
3-28	506-509	wat	
3-29	510-515	onder	
3-30	516-518	de	
3-31	519-525	groote	
3-32	525-526	,	
3-33	527-535	geschikt	
3-34	535-536	.	

#Text=Ende
#Text=daar naa komt en volgt het agterste paar Beenen, dat op de wys van het eerste
#Text=ende het tweede paar Beenen onder het vel geplaatst is.
4-1	539-543	Ende	
4-2	544-548	daar	
4-3	549-552	naa	
4-4	553-557	komt	
4-5	558-560	en	
4-6	561-566	volgt	
4-7	567-570	het	
4-8	571-579	agterste	
4-9	580-584	paar	
4-10	585-591	Beenen	
4-11	591-592	,	
4-12	593-596	dat	
4-13	597-599	op	
4-14	600-602	de	
4-15	603-606	wys	
4-16	607-610	van	
4-17	611-614	het	
4-18	615-621	eerste	
4-19	622-626	ende	
4-20	627-630	het	
4-21	631-637	tweede	
4-22	638-642	paar	
4-23	643-649	Beenen	
4-24	650-655	onder	
4-25	656-659	het	
4-26	660-663	vel	
4-27	664-673	geplaatst	
4-28	674-676	is	
4-29	676-677	.	

#Text=Alle deese deelen syn
#Text=onder het vel eenigsins gevouwen ende rimpelig, ook wel ruym en meer als de helft
#Text=kleender ende korter als naderhant wanneer de Wurm een Popken genaamt wort
#Text=;
#Text=alwaarse, te weeten als nu de Wurm syn vel afstroopt, door lucht, ende vogtigheid
#Text=of bloet, merkelyk ende wonderbaarelyk uytgeset ende uytgerekt worden, welke
#Text=uytrekking, wanneer de Wurm door een peristaltique beweeging syn vel neerwaarts
#Text=
#Text=
#Text=Jan Swammerdam, Bybel der natuure of historie der insecten.
5-1	678-682	Alle	
5-2	683-688	deese	
5-3	689-695	deelen	
5-4	696-699	syn	
5-5	700-705	onder	
5-6	706-709	het	
5-7	710-713	vel	
5-8	714-723	eenigsins	
5-9	724-732	gevouwen	
5-10	733-737	ende	
5-11	738-746	rimpelig	
5-12	746-747	,	
5-13	748-751	ook	
5-14	752-755	wel	
5-15	756-760	ruym	
5-16	761-763	en	
5-17	764-768	meer	
5-18	769-772	als	
5-19	773-775	de	
5-20	776-781	helft	
5-21	782-790	kleender	
5-22	791-795	ende	
5-23	796-802	korter	
5-24	803-806	als	
5-25	807-816	naderhant	
5-26	817-824	wanneer	
5-27	825-827	de	
5-28	828-832	Wurm	
5-29	833-836	een	
5-30	837-843	Popken	
5-31	844-851	genaamt	
5-32	852-856	wort	
5-33	857-858	;	
5-34	859-867	alwaarse	
5-35	867-868	,	
5-36	869-871	te	
5-37	872-878	weeten	
5-38	879-882	als	
5-39	883-885	nu	
5-40	886-888	de	
5-41	889-893	Wurm	
5-42	894-897	syn	
5-43	898-901	vel	
5-44	902-911	afstroopt	
5-45	911-912	,	
5-46	913-917	door	
5-47	918-923	lucht	
5-48	923-924	,	
5-49	925-929	ende	
5-50	930-940	vogtigheid	
5-51	941-943	of	
5-52	944-949	bloet	
5-53	949-950	,	
5-54	951-959	merkelyk	
5-55	960-964	ende	
5-56	965-979	wonderbaarelyk	
5-57	980-988	uytgeset	
5-58	989-993	ende	
5-59	994-1003	uytgerekt	
5-60	1004-1010	worden	
5-61	1010-1011	,	
5-62	1012-1017	welke	
5-63	1018-1028	uytrekking	
5-64	1028-1029	,	
5-65	1030-1037	wanneer	
5-66	1038-1040	de	
5-67	1041-1045	Wurm	
5-68	1046-1050	door	
5-69	1051-1054	een	
5-70	1055-1068	peristaltique	
5-71	1069-1078	beweeging	
5-72	1079-1082	syn	
5-73	1083-1086	vel	
5-74	1087-1097	neerwaarts	
5-75	1100-1103	Jan	
5-76	1104-1114	Swammerdam	
5-77	1114-1115	,	
5-78	1116-1121	Bybel	
5-79	1122-1125	der	
5-80	1126-1133	natuure	
5-81	1134-1136	of	
5-82	1137-1145	historie	
5-83	1146-1149	der	
5-84	1150-1158	insecten	
5-85	1158-1159	.	

#Text=Deel 1
#Text=
#Text=\f423
#Text=quum enim omnes illae partes, subtilium
#Text=fibrillarum atque filamentorum interventu,
#Text=laxe
#Text=cuti adhaerescant;
#Text=hinc cutis eas, tanquam mobilium ope funiculorum, secum
#Text=protrahit, ipsaeque, hac ratione extensae, vicissim, chordae instar sua e trochlea
#Text=elabentis, e cute semet evolvunt.
6-1	1160-1164	Deel	
6-2	1165-1166	1	
6-3	1169-1172	423	
6-4	1173-1177	quum	
6-5	1178-1182	enim	
6-6	1183-1188	omnes	
6-7	1189-1194	illae	
6-8	1195-1201	partes	
6-9	1201-1202	,	
6-10	1203-1212	subtilium	
6-11	1213-1224	fibrillarum	
6-12	1225-1230	atque	
6-13	1231-1243	filamentorum	
6-14	1244-1254	interventu	
6-15	1254-1255	,	
6-16	1256-1260	laxe	
6-17	1261-1265	cuti	
6-18	1266-1278	adhaerescant	
6-19	1278-1279	;	
6-20	1280-1284	hinc	
6-21	1285-1290	cutis	
6-22	1291-1294	eas	
6-23	1294-1295	,	
6-24	1296-1303	tanquam	
6-25	1304-1312	mobilium	
6-26	1313-1316	ope	
6-27	1317-1328	funiculorum	
6-28	1328-1329	,	
6-29	1330-1335	secum	
6-30	1336-1345	protrahit	
6-31	1345-1346	,	
6-32	1347-1355	ipsaeque	
6-33	1355-1356	,	
6-34	1357-1360	hac	
6-35	1361-1368	ratione	
6-36	1369-1377	extensae	
6-37	1377-1378	,	
6-38	1379-1387	vicissim	
6-39	1387-1388	,	
6-40	1389-1396	chordae	
6-41	1397-1403	instar	
6-42	1404-1407	sua	
6-43	1408-1409	e	
6-44	1410-1418	trochlea	
6-45	1419-1428	elabentis	
6-46	1428-1429	,	
6-47	1430-1431	e	
6-48	1432-1436	cute	
6-49	1437-1442	semet	
6-50	1443-1451	evolvunt	
6-51	1451-1452	.	

#Text=Atque haec vera est ratio, ob quam hae partes
#Text=adeo regulariter in Nympha digestae atque extensae sunt, sive tam nitido firmiterque
#Text=determinato ordine, & mirifico situ constitutae: quemadmodum nunc secundum
#Text=
#Text=
#Text=+
7-1	1453-1458	Atque	
7-2	1459-1463	haec	
7-3	1464-1468	vera	
7-4	1469-1472	est	
7-5	1473-1478	ratio	
7-6	1478-1479	,	
7-7	1480-1482	ob	
7-8	1483-1487	quam	
7-9	1488-1491	hae	
7-10	1492-1498	partes	
7-11	1499-1503	adeo	
7-12	1504-1515	regulariter	
7-13	1516-1518	in	
7-14	1519-1525	Nympha	
7-15	1526-1534	digestae	
7-16	1535-1540	atque	
7-17	1541-1549	extensae	
7-18	1550-1554	sunt	
7-19	1554-1555	,	
7-20	1556-1560	sive	
7-21	1561-1564	tam	
7-22	1565-1571	nitido	
7-23	1572-1583	firmiterque	
7-24	1584-1595	determinato	
7-25	1596-1602	ordine	
7-26	1602-1603	,	
7-27	1604-1605	&	
7-28	1606-1614	mirifico	
7-29	1615-1619	situ	
7-30	1620-1631	constitutae	
7-31	1631-1632	:	
7-32	1633-1644	quemadmodum	
7-33	1645-1649	nunc	
7-34	1650-1658	secundum	
7-35	1661-1662	+	
