#FORMAT=WebAnno TSV 3.3


#Text=het gaet'er op een kerven,
#Text=En steecken.
#Text=al wat kan, wat toeleit op bederven,
#Text=
#Text=Op schenden,
#Text=rept zich nu, bederft, en treft, en schent.
1-1	2-5	het	
1-2	6-13	gaet'er	
1-3	14-16	op	
1-4	17-20	een	
1-5	21-27	kerven	
1-6	27-28	,	
1-7	29-31	En	
1-8	32-40	steecken	
1-9	40-41	.	
1-10	42-44	al	
1-11	45-48	wat	
1-12	49-52	kan	
1-13	52-53	,	
1-14	54-57	wat	
1-15	58-65	toeleit	
1-16	66-68	op	
1-17	69-77	bederven	
1-18	77-78	,	
1-19	80-82	Op	
1-20	83-91	schenden	
1-21	91-92	,	
1-22	93-97	rept	
1-23	98-102	zich	
1-24	103-105	nu	
1-25	105-106	,	
1-26	107-114	bederft	
1-27	114-115	,	
1-28	116-118	en	
1-29	119-124	treft	
1-30	124-125	,	
1-31	126-128	en	
1-32	129-135	schent	
1-33	135-136	.	

#Text=De broederschap heeft uit, en niemant ziet noch kent
#Text=Zijn medeburger meer.
#Text=men ziet 'er parle huiven,
#Text=Gekrolde vlechten hairs, en pluim, en pennen stuiven,
#Text=En schitteren, in 't vier der blixemen gezengt.
2-1	139-141	De	
2-2	142-154	broederschap	
2-3	155-160	heeft	
2-4	161-164	uit	
2-5	164-165	,	
2-6	166-168	en	
2-7	169-176	niemant	
2-8	177-181	ziet	
2-9	182-186	noch	
2-10	187-191	kent	
2-11	192-196	Zijn	
2-12	197-207	medeburger	
2-13	208-212	meer	
2-14	212-213	.	
2-15	214-217	men	
2-16	218-222	ziet	
2-17	223-224	'	
2-18	224-226	er	
2-19	227-232	parle	
2-20	233-239	huiven	
2-21	239-240	,	
2-22	241-249	Gekrolde	
2-23	250-258	vlechten	
2-24	259-264	hairs	
2-25	264-265	,	
2-26	266-268	en	
2-27	269-274	pluim	
2-28	274-275	,	
2-29	276-278	en	
2-30	279-285	pennen	
2-31	286-293	stuiven	
2-32	293-294	,	
2-33	295-297	En	
2-34	298-308	schitteren	
2-35	308-309	,	
2-36	310-312	in	
2-37	313-314	'	
2-38	314-315	t	
2-39	316-320	vier	
2-40	321-324	der	
2-41	325-333	blixemen	
2-42	334-341	gezengt	
2-43	341-342	.	

#Text=Men ziet turkoisblau, gout, en diamant gemengt,
#Text=En perlesnoer, en wat de hairlock kon vercieren.
3-1	345-348	Men	
3-2	349-353	ziet	
3-3	354-365	turkoisblau	
3-4	365-366	,	
3-5	367-371	gout	
3-6	371-372	,	
3-7	373-375	en	
3-8	376-383	diamant	
3-9	384-391	gemengt	
3-10	391-392	,	
3-11	393-395	En	
3-12	396-406	perlesnoer	
3-13	406-407	,	
3-14	408-410	en	
3-15	411-414	wat	
3-16	415-417	de	
3-17	418-426	hairlock	
3-18	427-430	kon	
3-19	431-440	vercieren	
3-20	440-441	.	

#Text=De vleugels, half geknot, gebroke pijlen zwieren
#Text=
#Text=Joost van den Vondel, Lucifer
#Text=
#Text=\f57
#Text=En zweven door de lucht.
#Text=een gruwzaem veltgeschrey
#Text=Verheft zich uit den stoet der groene lieverey;
#Text=
#Text=Daer lyt het kryghsheir last, geperst uit noot te deizen.
4-1	444-446	De	
4-2	447-455	vleugels	
4-3	455-456	,	
4-4	457-461	half	
4-5	462-468	geknot	
4-6	468-469	,	
4-7	470-477	gebroke	
4-8	478-484	pijlen	
4-9	485-492	zwieren	
4-10	494-499	Joost	
4-11	500-503	van	
4-12	504-507	den	
4-13	508-514	Vondel	
4-14	514-515	,	
4-15	516-523	Lucifer	
4-16	526-528	57	
4-17	529-531	En	
4-18	532-538	zweven	
4-19	539-543	door	
4-20	544-546	de	
4-21	547-552	lucht	
4-22	552-553	.	
4-23	554-557	een	
4-24	558-566	gruwzaem	
4-25	567-579	veltgeschrey	
4-26	580-587	Verheft	
4-27	588-592	zich	
4-28	593-596	uit	
4-29	597-600	den	
4-30	601-606	stoet	
4-31	607-610	der	
4-32	611-617	groene	
4-33	618-626	lieverey	
4-34	626-627	;	
4-35	629-633	Daer	
4-36	634-637	lyt	
4-37	638-641	het	
4-38	642-652	kryghsheir	
4-39	653-657	last	
4-40	657-658	,	
4-41	659-666	geperst	
4-42	667-670	uit	
4-43	671-675	noot	
4-44	676-678	te	
4-45	679-685	deizen	
4-46	685-686	.	

#Text=De dolle Lucifer hervat den stryt drie reizen,
#Text=
#Text=En stut de flaeute van zyn regement zoo trots,
#Text=Gelyck het zeegedruis al schuimende op een rots
#Text=Gestuit wort, reis op reis, en meer niet uit kan rechten.
5-1	689-691	De	
5-2	692-697	dolle	
5-3	698-705	Lucifer	
5-4	706-712	hervat	
5-5	713-716	den	
5-6	717-722	stryt	
5-7	723-727	drie	
5-8	728-734	reizen	
5-9	734-735	,	
5-10	737-739	En	
5-11	740-744	stut	
5-12	745-747	de	
5-13	748-755	flaeute	
5-14	756-759	van	
5-15	760-763	zyn	
5-16	764-772	regement	
5-17	773-776	zoo	
5-18	777-782	trots	
5-19	782-783	,	
5-20	784-790	Gelyck	
5-21	791-794	het	
5-22	795-805	zeegedruis	
5-23	806-808	al	
5-24	809-819	schuimende	
5-25	820-822	op	
5-26	823-826	een	
5-27	827-831	rots	
5-28	832-839	Gestuit	
5-29	840-844	wort	
5-30	844-845	,	
5-31	846-850	reis	
5-32	851-853	op	
5-33	854-858	reis	
5-34	858-859	,	
5-35	860-862	en	
5-36	863-867	meer	
5-37	868-872	niet	
5-38	873-876	uit	
5-39	877-880	kan	
5-40	881-888	rechten	
5-41	888-889	.	

#Text=Raf.
6-1	891-894	Raf	
6-2	894-895	.	

#Text=Gewis
#Text=het heeft wat in de Wanhoop af te vechten.
7-1	897-902	Gewis	
7-2	903-906	het	
7-3	907-912	heeft	
7-4	913-916	wat	
7-5	917-919	in	
7-6	920-922	de	
7-7	923-930	Wanhoop	
7-8	931-933	af	
7-9	934-936	te	
7-10	937-944	vechten	
7-11	944-945	.	

#Text=Uri.
8-1	947-950	Uri	
8-2	950-951	.	
