#FORMAT=WebAnno TSV 3.3


#Text=45 Et obscuratus est sol, et velum templi scissum est medium.
#Text=46 Et clamans voce magna Jesus ait : Pater, in manus tuas commendo spiritum meum.
1-1	2-4	45	
1-2	5-7	Et	
1-3	8-18	obscuratus	
1-4	19-22	est	
1-5	23-26	sol	
1-6	26-27	,	
1-7	28-30	et	
1-8	31-36	velum	
1-9	37-43	templi	
1-10	44-51	scissum	
1-11	52-55	est	
1-12	56-62	medium	
1-13	62-63	.	
1-14	64-66	46	
1-15	67-69	Et	
1-16	70-77	clamans	
1-17	78-82	voce	
1-18	83-88	magna	
1-19	89-94	Jesus	
1-20	95-98	ait	
1-21	99-100	:	
1-22	101-106	Pater	
1-23	106-107	,	
1-24	108-110	in	
1-25	111-116	manus	
1-26	117-121	tuas	
1-27	122-130	commendo	
1-28	131-139	spiritum	
1-29	140-144	meum	
1-30	144-145	.	

#Text=Et hæc dicens, expiravit.
#Text=47 Videns autem centurio quod factum fuerat, glorificavit Deum, dicens : Vere hic homo justus erat.
#Text=48 Et omnis turba eorum, qui simul aderant ad spectaculum istud, et videbant quæ fiebant, percutientes pectora sua revertebantur.
#Text=49 Stabant autem omnes noti ejus a longe, et mulieres, quæ secutæ eum erant a Galilæa, hæc videntes.
#Text=50 Et ecce vir nomine Joseph, qui erat decurio, vir bonus et justus : 51 hic non consenserat consilio, et actibus eorum : ab Arimathæa civitate Judææ, qui exspectabat et ipse regnum Dei : 52 hic accessit ad Pilatum et petiit corpus Jesu : 53 et depositum involvit sindone, et posuit eum in monumento exciso, in quo nondum quisquam positus fuerat.
#Text=54 Et dies erat parasceves, et sabbatum illucescebat.
#Text=55 Subsecutæ autem mulieres, quæ cum eo venerant de Galilæa, viderunt monumentum, et quemadmodum positum erat corpus ejus.
#Text=56 Et revertentes paraverunt aromata, et unguenta : et sabbato quidem siluerunt secundum mandatum.
2-1	146-148	Et	
2-2	149-152	hæc	
2-3	153-159	dicens	
2-4	159-160	,	
2-5	161-170	expiravit	
2-6	170-171	.	
2-7	172-174	47	
2-8	175-181	Videns	
2-9	182-187	autem	
2-10	188-196	centurio	
2-11	197-201	quod	
2-12	202-208	factum	
2-13	209-215	fuerat	
2-14	215-216	,	
2-15	217-229	glorificavit	
2-16	230-234	Deum	
2-17	234-235	,	
2-18	236-242	dicens	
2-19	243-244	:	
2-20	245-249	Vere	
2-21	250-253	hic	
2-22	254-258	homo	
2-23	259-265	justus	
2-24	266-270	erat	
2-25	270-271	.	
2-26	272-274	48	
2-27	275-277	Et	
2-28	278-283	omnis	
2-29	284-289	turba	
2-30	290-295	eorum	
2-31	295-296	,	
2-32	297-300	qui	
2-33	301-306	simul	
2-34	307-314	aderant	
2-35	315-317	ad	
2-36	318-329	spectaculum	
2-37	330-335	istud	
2-38	335-336	,	
2-39	337-339	et	
2-40	340-348	videbant	
2-41	349-352	quæ	
2-42	353-360	fiebant	
2-43	360-361	,	
2-44	362-374	percutientes	
2-45	375-382	pectora	
2-46	383-386	sua	
2-47	387-400	revertebantur	
2-48	400-401	.	
2-49	402-404	49	
2-50	405-412	Stabant	
2-51	413-418	autem	
2-52	419-424	omnes	
2-53	425-429	noti	
2-54	430-434	ejus	
2-55	435-436	a	
2-56	437-442	longe	
2-57	442-443	,	
2-58	444-446	et	
2-59	447-455	mulieres	
2-60	455-456	,	
2-61	457-460	quæ	
2-62	461-467	secutæ	
2-63	468-471	eum	
2-64	472-477	erant	
2-65	478-479	a	
2-66	480-487	Galilæa	
2-67	487-488	,	
2-68	489-492	hæc	
2-69	493-501	videntes	
2-70	501-502	.	
2-71	503-505	50	
2-72	506-508	Et	
2-73	509-513	ecce	
2-74	514-517	vir	
2-75	518-524	nomine	
2-76	525-531	Joseph	
2-77	531-532	,	
2-78	533-536	qui	
2-79	537-541	erat	
2-80	542-549	decurio	
2-81	549-550	,	
2-82	551-554	vir	
2-83	555-560	bonus	
2-84	561-563	et	
2-85	564-570	justus	
2-86	571-572	:	
2-87	573-575	51	
2-88	576-579	hic	
2-89	580-583	non	
2-90	584-595	consenserat	
2-91	596-604	consilio	
2-92	604-605	,	
2-93	606-608	et	
2-94	609-616	actibus	
2-95	617-622	eorum	
2-96	623-624	:	
2-97	625-627	ab	
2-98	628-637	Arimathæa	
2-99	638-646	civitate	
2-100	647-652	Judææ	
2-101	652-653	,	
2-102	654-657	qui	
2-103	658-669	exspectabat	
2-104	670-672	et	
2-105	673-677	ipse	
2-106	678-684	regnum	
2-107	685-688	Dei	
2-108	689-690	:	
2-109	691-693	52	
2-110	694-697	hic	
2-111	698-706	accessit	
2-112	707-709	ad	
2-113	710-717	Pilatum	
2-114	718-720	et	
2-115	721-727	petiit	
2-116	728-734	corpus	
2-117	735-739	Jesu	
2-118	740-741	:	
2-119	742-744	53	
2-120	745-747	et	
2-121	748-757	depositum	
2-122	758-766	involvit	
2-123	767-774	sindone	
2-124	774-775	,	
2-125	776-778	et	
2-126	779-785	posuit	
2-127	786-789	eum	
2-128	790-792	in	
2-129	793-802	monumento	
2-130	803-809	exciso	
2-131	809-810	,	
2-132	811-813	in	
2-133	814-817	quo	
2-134	818-824	nondum	
2-135	825-833	quisquam	
2-136	834-841	positus	
2-137	842-848	fuerat	
2-138	848-849	.	
2-139	850-852	54	
2-140	853-855	Et	
2-141	856-860	dies	
2-142	861-865	erat	
2-143	866-876	parasceves	
2-144	876-877	,	
2-145	878-880	et	
2-146	881-889	sabbatum	
2-147	890-902	illucescebat	
2-148	902-903	.	
2-149	904-906	55	
2-150	907-916	Subsecutæ	
2-151	917-922	autem	
2-152	923-931	mulieres	
2-153	931-932	,	
2-154	933-936	quæ	
2-155	937-940	cum	
2-156	941-943	eo	
2-157	944-952	venerant	
2-158	953-955	de	
2-159	956-963	Galilæa	
2-160	963-964	,	
2-161	965-973	viderunt	
2-162	974-984	monumentum	
2-163	984-985	,	
2-164	986-988	et	
2-165	989-1000	quemadmodum	
2-166	1001-1008	positum	
2-167	1009-1013	erat	
2-168	1014-1020	corpus	
2-169	1021-1025	ejus	
2-170	1025-1026	.	
2-171	1027-1029	56	
2-172	1030-1032	Et	
2-173	1033-1044	revertentes	
2-174	1045-1055	paraverunt	
2-175	1056-1063	aromata	
2-176	1063-1064	,	
2-177	1065-1067	et	
2-178	1068-1076	unguenta	
2-179	1077-1078	:	
2-180	1079-1081	et	
2-181	1082-1089	sabbato	
2-182	1090-1096	quidem	
2-183	1097-1106	siluerunt	
2-184	1107-1115	secundum	
2-185	1116-1124	mandatum	
2-186	1124-1125	.	

#Text=Caput 24
#Text=
#Text=
#Text=1 Una autem sabbati valde diluculo venerunt ad monumentum, portantes quæ paraverant aromata : 2 et invenerunt lapidem revolutum a monumento.
#Text=3 Et ingressæ non invenerunt corpus Domini Jesu.
#Text=4 Et factum est, dum mente consternatæ essent de isto, ecce duo viri steterunt secus illas in veste fulgenti.
#Text=5 Cum timerent autem, et declinarent vultum in terram, dixerunt ad illas : Quid quæritis viventem cum mortuis ?
3-1	1126-1131	Caput	
3-2	1132-1134	24	
3-3	1137-1138	1	
3-4	1139-1142	Una	
3-5	1143-1148	autem	
3-6	1149-1156	sabbati	
3-7	1157-1162	valde	
3-8	1163-1171	diluculo	
3-9	1172-1180	venerunt	
3-10	1181-1183	ad	
3-11	1184-1194	monumentum	
3-12	1194-1195	,	
3-13	1196-1205	portantes	
3-14	1206-1209	quæ	
3-15	1210-1220	paraverant	
3-16	1221-1228	aromata	
3-17	1229-1230	:	
3-18	1231-1232	2	
3-19	1233-1235	et	
3-20	1236-1246	invenerunt	
3-21	1247-1254	lapidem	
3-22	1255-1264	revolutum	
3-23	1265-1266	a	
3-24	1267-1276	monumento	
3-25	1276-1277	.	
3-26	1278-1279	3	
3-27	1280-1282	Et	
3-28	1283-1291	ingressæ	
3-29	1292-1295	non	
3-30	1296-1306	invenerunt	
3-31	1307-1313	corpus	
3-32	1314-1320	Domini	
3-33	1321-1325	Jesu	
3-34	1325-1326	.	
3-35	1327-1328	4	
3-36	1329-1331	Et	
3-37	1332-1338	factum	
3-38	1339-1342	est	
3-39	1342-1343	,	
3-40	1344-1347	dum	
3-41	1348-1353	mente	
3-42	1354-1365	consternatæ	
3-43	1366-1372	essent	
3-44	1373-1375	de	
3-45	1376-1380	isto	
3-46	1380-1381	,	
3-47	1382-1386	ecce	
3-48	1387-1390	duo	
3-49	1391-1395	viri	
3-50	1396-1405	steterunt	
3-51	1406-1411	secus	
3-52	1412-1417	illas	
3-53	1418-1420	in	
3-54	1421-1426	veste	
3-55	1427-1435	fulgenti	
3-56	1435-1436	.	
3-57	1437-1438	5	
3-58	1439-1442	Cum	
3-59	1443-1451	timerent	
3-60	1452-1457	autem	
3-61	1457-1458	,	
3-62	1459-1461	et	
3-63	1462-1473	declinarent	
3-64	1474-1480	vultum	
3-65	1481-1483	in	
3-66	1484-1490	terram	
3-67	1490-1491	,	
3-68	1492-1500	dixerunt	
3-69	1501-1503	ad	
3-70	1504-1509	illas	
3-71	1510-1511	:	
3-72	1512-1516	Quid	
3-73	1517-1525	quæritis	
3-74	1526-1534	viventem	
3-75	1535-1538	cum	
3-76	1539-1546	mortuis	
3-77	1547-1548	?	

#Text=6 non est hic, sed surrexit : recordamini qualiter locutus est vobis, cum adhuc in Galilæa esset, 7 dicens : Quia oportet Filium hominis tradi in manus hominum peccatorum, et crucifigi, et die tertia resurgere.
#Text=8 Et recordatæ sunt verborum ejus.
#Text=9 Et regressæ a monumento nuntiaverunt hæc omnia illis undecim, et ceteris omnibus.
#Text=10 Erat autem Maria Magdalene, et Joanna, et Maria Jacobi, et ceteræ quæ cum eis erant, quæ dicebant ad apostolos hæc.
#Text=11 Et visa sunt ante illos sicut deliramentum verba ista, et non crediderunt illis.
#Text=12 Petrus autem surgens cucurrit ad monumentum : et procumbens vidit linteamina sola posita, et abiit secum mirans quod factum fuerat.
4-1	1549-1550	6	
4-2	1551-1554	non	
4-3	1555-1558	est	
4-4	1559-1562	hic	
4-5	1562-1563	,	
4-6	1564-1567	sed	
4-7	1568-1576	surrexit	
4-8	1577-1578	:	
4-9	1579-1590	recordamini	
4-10	1591-1599	qualiter	
4-11	1600-1607	locutus	
4-12	1608-1611	est	
4-13	1612-1617	vobis	
4-14	1617-1618	,	
4-15	1619-1622	cum	
4-16	1623-1628	adhuc	
4-17	1629-1631	in	
4-18	1632-1639	Galilæa	
4-19	1640-1645	esset	
4-20	1645-1646	,	
4-21	1647-1648	7	
4-22	1649-1655	dicens	
4-23	1656-1657	:	
4-24	1658-1662	Quia	
4-25	1663-1670	oportet	
4-26	1671-1677	Filium	
4-27	1678-1685	hominis	
4-28	1686-1691	tradi	
4-29	1692-1694	in	
4-30	1695-1700	manus	
4-31	1701-1708	hominum	
4-32	1709-1719	peccatorum	
4-33	1719-1720	,	
4-34	1721-1723	et	
4-35	1724-1733	crucifigi	
4-36	1733-1734	,	
4-37	1735-1737	et	
4-38	1738-1741	die	
4-39	1742-1748	tertia	
4-40	1749-1758	resurgere	
4-41	1758-1759	.	
4-42	1760-1761	8	
4-43	1762-1764	Et	
4-44	1765-1774	recordatæ	
4-45	1775-1779	sunt	
4-46	1780-1788	verborum	
4-47	1789-1793	ejus	
4-48	1793-1794	.	
4-49	1795-1796	9	
4-50	1797-1799	Et	
4-51	1800-1808	regressæ	
4-52	1809-1810	a	
4-53	1811-1820	monumento	
4-54	1821-1833	nuntiaverunt	
4-55	1834-1837	hæc	
4-56	1838-1843	omnia	
4-57	1844-1849	illis	
4-58	1850-1857	undecim	
4-59	1857-1858	,	
4-60	1859-1861	et	
4-61	1862-1869	ceteris	
4-62	1870-1877	omnibus	
4-63	1877-1878	.	
4-64	1879-1881	10	
4-65	1882-1886	Erat	
4-66	1887-1892	autem	
4-67	1893-1898	Maria	
4-68	1899-1908	Magdalene	
4-69	1908-1909	,	
4-70	1910-1912	et	
4-71	1913-1919	Joanna	
4-72	1919-1920	,	
4-73	1921-1923	et	
4-74	1924-1929	Maria	
4-75	1930-1936	Jacobi	
4-76	1936-1937	,	
4-77	1938-1940	et	
4-78	1941-1947	ceteræ	
4-79	1948-1951	quæ	
4-80	1952-1955	cum	
4-81	1956-1959	eis	
4-82	1960-1965	erant	
4-83	1965-1966	,	
4-84	1967-1970	quæ	
4-85	1971-1979	dicebant	
4-86	1980-1982	ad	
4-87	1983-1992	apostolos	
4-88	1993-1996	hæc	
4-89	1996-1997	.	
4-90	1998-2000	11	
4-91	2001-2003	Et	
4-92	2004-2008	visa	
4-93	2009-2013	sunt	
4-94	2014-2018	ante	
4-95	2019-2024	illos	
4-96	2025-2030	sicut	
4-97	2031-2043	deliramentum	
4-98	2044-2049	verba	
4-99	2050-2054	ista	
4-100	2054-2055	,	
4-101	2056-2058	et	
4-102	2059-2062	non	
4-103	2063-2074	crediderunt	
4-104	2075-2080	illis	
4-105	2080-2081	.	
4-106	2082-2084	12	
4-107	2085-2091	Petrus	
4-108	2092-2097	autem	
4-109	2098-2105	surgens	
4-110	2106-2114	cucurrit	
4-111	2115-2117	ad	
4-112	2118-2128	monumentum	
4-113	2129-2130	:	
4-114	2131-2133	et	
4-115	2134-2144	procumbens	
4-116	2145-2150	vidit	
4-117	2151-2161	linteamina	
4-118	2162-2166	sola	
4-119	2167-2173	posita	
4-120	2173-2174	,	
4-121	2175-2177	et	
4-122	2178-2183	abiit	
4-123	2184-2189	secum	
4-124	2190-2196	mirans	
4-125	2197-2201	quod	
4-126	2202-2208	factum	
4-127	2209-2215	fuerat	
4-128	2215-2216	.	
