#FORMAT=WebAnno TSV 3.3


#Text=WWW (f
#Text=
#Text=de dn.
#Text=er beweert, dat de grauwen Amber een Leem, grauwe aarde of eenige aarde van an-
#Text=
#Text=dere verwe is.
1-1	4-7	WWW	
1-2	8-9	(	
1-3	9-10	f	
1-4	12-14	de	
1-5	15-17	dn	
1-6	17-18	.	
1-7	19-21	er	
1-8	22-29	beweert	
1-9	29-30	,	
1-10	31-34	dat	
1-11	35-37	de	
1-12	38-45	grauwen	
1-13	46-51	Amber	
1-14	52-55	een	
1-15	56-60	Leem	
1-16	60-61	,	
1-17	62-68	grauwe	
1-18	69-74	aarde	
1-19	75-77	of	
1-20	78-84	eenige	
1-21	85-90	aarde	
1-22	91-94	van	
1-23	95-97	an	
1-24	97-98	-	
1-25	100-104	dere	
1-26	105-110	verwe	
1-27	111-113	is	
1-28	113-114	.	

#Text='t Geen niet onwaarschynlyk voorkomt, gemerkt men heele groote
#Text=
#Text=
#Text=Ben su stukken Amber vindt.
2-1	115-116	'	
2-2	116-117	t	
2-3	118-122	Geen	
2-4	123-127	niet	
2-5	128-142	onwaarschynlyk	
2-6	143-151	voorkomt	
2-7	151-152	,	
2-8	153-160	gemerkt	
2-9	161-164	men	
2-10	165-170	heele	
2-11	171-177	groote	
2-12	180-183	Ben	
2-13	184-186	su	
2-14	187-194	stukken	
2-15	195-200	Amber	
2-16	201-206	vindt	
2-17	206-207	.	

#Text='t Is noch geen hondert jaaren geleden, dat 'er tusschen Ba-
#Text=
#Text=te Eg jonne en Lappreton een brok van 100 ponden gewigt wierd gevonden.
3-1	208-209	'	
3-2	209-210	t	
3-3	211-213	Is	
3-4	214-218	noch	
3-5	219-223	geen	
3-6	224-231	hondert	
3-7	232-238	jaaren	
3-8	239-246	geleden	
3-9	246-247	,	
3-10	248-251	dat	
3-11	252-253	'	
3-12	253-255	er	
3-13	256-264	tusschen	
3-14	265-267	Ba	
3-15	267-268	-	
3-16	270-272	te	
3-17	273-275	Eg	
3-18	276-281	jonne	
3-19	282-284	en	
3-20	285-294	Lappreton	
3-21	295-298	een	
3-22	299-303	brok	
3-23	304-307	van	
3-24	308-311	100	
3-25	312-318	ponden	
3-26	319-325	gewigt	
3-27	326-331	wierd	
3-28	332-340	gevonden	
3-29	340-341	.	

#Text=De zee worp
#Text=
#Text=2 ook een stuk van 35 ponden op de naburige kust van Buch, en naderhant een ander
#Text=
#Text=gedonden.
#Text=van elf ponden en een halfop de strand van Marenzyn op.
4-1	342-344	De	
4-2	345-348	zee	
4-3	349-353	worp	
4-4	355-356	2	
4-5	357-360	ook	
4-6	361-364	een	
4-7	365-369	stuk	
4-8	370-373	van	
4-9	374-376	35	
4-10	377-383	ponden	
4-11	384-386	op	
4-12	387-389	de	
4-13	390-398	naburige	
4-14	399-403	kust	
4-15	404-407	van	
4-16	408-412	Buch	
4-17	412-413	,	
4-18	414-416	en	
4-19	417-426	naderhant	
4-20	427-430	een	
4-21	431-436	ander	
4-22	438-446	gedonden	
4-23	446-447	.	
4-24	448-451	van	
4-25	452-455	elf	
4-26	456-462	ponden	
4-27	463-465	en	
4-28	466-469	een	
4-29	470-476	halfop	
4-30	477-479	de	
4-31	480-486	strand	
4-32	487-490	van	
4-33	491-499	Marenzyn	
4-34	500-502	op	
4-35	502-503	.	

#Text=Geygcen
#Text=Eduard Barbossa zegt in zyn boek van de Indien, dat d' Inwoonders van de Pa-
#Text=
#Text=gee 1 landuursche Eilanden, in de Indische zee, het daar voor houden, dat d' Amber het
#Text=
#Text=boi.
#Text=uitwerpzel van zekere groote vogelen is, die 's nachts op de rotzen na by de zee ko-
#Text=
#Text=men zitten.
5-1	506-513	Geygcen	
5-2	514-520	Eduard	
5-3	521-529	Barbossa	
5-4	530-534	zegt	
5-5	535-537	in	
5-6	538-541	zyn	
5-7	542-546	boek	
5-8	547-550	van	
5-9	551-553	de	
5-10	554-560	Indien	
5-11	560-561	,	
5-12	562-565	dat	
5-13	566-567	d	
5-14	567-568	'	
5-15	569-579	Inwoonders	
5-16	580-583	van	
5-17	584-586	de	
5-18	587-589	Pa	
5-19	589-590	-	
5-20	592-595	gee	
5-21	596-597	1	
5-22	598-609	landuursche	
5-23	610-618	Eilanden	
5-24	618-619	,	
5-25	620-622	in	
5-26	623-625	de	
5-27	626-634	Indische	
5-28	635-638	zee	
5-29	638-639	,	
5-30	640-643	het	
5-31	644-648	daar	
5-32	649-653	voor	
5-33	654-660	houden	
5-34	660-661	,	
5-35	662-665	dat	
5-36	666-667	d	
5-37	667-668	'	
5-38	669-674	Amber	
5-39	675-678	het	
5-40	680-683	boi	
5-41	683-684	.	
5-42	685-695	uitwerpzel	
5-43	696-699	van	
5-44	700-706	zekere	
5-45	707-713	groote	
5-46	714-721	vogelen	
5-47	722-724	is	
5-48	724-725	,	
5-49	726-729	die	
5-50	730-731	'	
5-51	731-732	s	
5-52	733-739	nachts	
5-53	740-742	op	
5-54	743-745	de	
5-55	746-752	rotzen	
5-56	753-755	na	
5-57	756-758	by	
5-58	759-761	de	
5-59	762-765	zee	
5-60	766-768	ko	
5-61	768-769	-	
5-62	771-774	men	
5-63	775-781	zitten	
5-64	781-782	.	

#Text=Dat de drek dezer vogelen door de lucht en de zon gezuivert word, en
#Text=
#Text=dat de zee by een onweer het weder opwerpt, daar by voegende, dat het niet zwaar-
#Text=
#Text=der te begrypen valt, dat een Vogel den Amber kakt, dan dat een ander Dier muskus 
#Text=
#Text=en civet voortbrengt.
6-1	783-786	Dat	
6-2	787-789	de	
6-3	790-794	drek	
6-4	795-800	dezer	
6-5	801-808	vogelen	
6-6	809-813	door	
6-7	814-816	de	
6-8	817-822	lucht	
6-9	823-825	en	
6-10	826-828	de	
6-11	829-832	zon	
6-12	833-842	gezuivert	
6-13	843-847	word	
6-14	847-848	,	
6-15	849-851	en	
6-16	853-856	dat	
6-17	857-859	de	
6-18	860-863	zee	
6-19	864-866	by	
6-20	867-870	een	
6-21	871-877	onweer	
6-22	878-881	het	
6-23	882-887	weder	
6-24	888-895	opwerpt	
6-25	895-896	,	
6-26	897-901	daar	
6-27	902-904	by	
6-28	905-913	voegende	
6-29	913-914	,	
6-30	915-918	dat	
6-31	919-922	het	
6-32	923-927	niet	
6-33	928-933	zwaar	
6-34	933-934	-	
6-35	936-939	der	
6-36	940-942	te	
6-37	943-951	begrypen	
6-38	952-956	valt	
6-39	956-957	,	
6-40	958-961	dat	
6-41	962-965	een	
6-42	966-971	Vogel	
6-43	972-975	den	
6-44	976-981	Amber	
6-45	982-986	kakt	
6-46	986-987	,	
6-47	988-991	dan	
6-48	992-995	dat	
6-49	996-999	een	
6-50	1000-1005	ander	
6-51	1006-1010	Dier	
6-52	1011-1017	muskus	
6-53	1020-1022	en	
6-54	1023-1028	civet	
6-55	1029-1040	voortbrengt	
6-56	1040-1041	.	

#Text=ceckn Simen
#Text=Lethi beweert, dat d' Amber uit zekete springen of bronnen van een grauw 
#Text=
#Text=vz 2 wemekend leem komt, 't zy dae ze in zee, of by de zee zyn.
7-1	1044-1049	ceckn	
7-2	1050-1055	Simen	
7-3	1056-1061	Lethi	
7-4	1062-1069	beweert	
7-5	1069-1070	,	
7-6	1071-1074	dat	
7-7	1075-1076	d	
7-8	1076-1077	'	
7-9	1078-1083	Amber	
7-10	1084-1087	uit	
7-11	1088-1094	zekete	
7-12	1095-1103	springen	
7-13	1104-1106	of	
7-14	1107-1114	bronnen	
7-15	1115-1118	van	
7-16	1119-1122	een	
7-17	1123-1128	grauw	
7-18	1131-1133	vz	
7-19	1134-1135	2	
7-20	1136-1144	wemekend	
7-21	1145-1149	leem	
7-22	1150-1154	komt	
7-23	1154-1155	,	
7-24	1156-1157	'	
7-25	1157-1158	t	
7-26	1159-1161	zy	
7-27	1162-1165	dae	
7-28	1166-1168	ze	
7-29	1169-1171	in	
7-30	1172-1175	zee	
7-31	1175-1176	,	
7-32	1177-1179	of	
7-33	1180-1182	by	
7-34	1183-1185	de	
7-35	1186-1189	zee	
7-36	1190-1193	zyn	
7-37	1193-1194	.	

#Text=Hy pryst zeer den 
#Text=
#Text=a roodachtigen en grauwen Amber, dieop Ceilon in Indien word gevonden, van gelyken
#Text=
#Text=als dien men in eene zekere zeestad vind Sycheon genaamt; en hy meent dat de zwar-
#Text=
#Text=te de slechtste van allen is.
8-1	1195-1197	Hy	
8-2	1198-1203	pryst	
8-3	1204-1208	zeer	
8-4	1209-1212	den	
8-5	1215-1216	a	
8-6	1217-1229	roodachtigen	
8-7	1230-1232	en	
8-8	1233-1240	grauwen	
8-9	1241-1246	Amber	
8-10	1246-1247	,	
8-11	1248-1253	dieop	
8-12	1254-1260	Ceilon	
8-13	1261-1263	in	
8-14	1264-1270	Indien	
8-15	1271-1275	word	
8-16	1276-1284	gevonden	
8-17	1284-1285	,	
8-18	1286-1289	van	
8-19	1290-1297	gelyken	
8-20	1299-1302	als	
8-21	1303-1307	dien	
8-22	1308-1311	men	
8-23	1312-1314	in	
8-24	1315-1319	eene	
8-25	1320-1326	zekere	
8-26	1327-1334	zeestad	
8-27	1335-1339	vind	
8-28	1340-1347	Sycheon	
8-29	1348-1355	genaamt	
8-30	1355-1356	;	
8-31	1357-1359	en	
8-32	1360-1362	hy	
8-33	1363-1368	meent	
8-34	1369-1372	dat	
8-35	1373-1375	de	
8-36	1376-1380	zwar	
8-37	1380-1381	-	
8-38	1383-1385	te	
8-39	1386-1388	de	
8-40	1389-1398	slechtste	
8-41	1399-1402	van	
8-42	1403-1408	allen	
8-43	1409-1411	is	
8-44	1411-1412	.	

#Text=Dit gevoelen hebben Falopius, onze Schryver, Agrikola,
#Text=
#Text=Garcias en zommige anderen gevolgt.
9-1	1413-1416	Dit	
9-2	1417-1425	gevoelen	
9-3	1426-1432	hebben	
9-4	1433-1441	Falopius	
9-5	1441-1442	,	
9-6	1443-1447	onze	
9-7	1448-1456	Schryver	
9-8	1456-1457	,	
9-9	1458-1466	Agrikola	
9-10	1466-1467	,	
9-11	1469-1476	Garcias	
9-12	1477-1479	en	
9-13	1480-1487	zommige	
9-14	1488-1495	anderen	
9-15	1496-1503	gevolgt	
9-16	1503-1504	.	

#Text=ee
#Text=Erasmus Stella zegt, in zyne Beschryvinge van Pruissen, dat men door ondervin-
#Text=
#Text=8 Ste dinge weet, dat d' Amber uit het slyk van zekere gebergten vloeit, door de kracht der
#Text=
#Text=1.
#Text=zonne uitgebroeit, dathetop 't gewas, aan den voet dezer bergen vallende, hard word, 
#Text=
#Text=en dat wanneer de zee hoog word, zy het wegsleept, en naderhant weer op de na-
#Text=
#Text=RARITEIT-RAMER.
10-1	1507-1509	ee	
10-2	1510-1517	Erasmus	
10-3	1518-1524	Stella	
10-4	1525-1529	zegt	
10-5	1529-1530	,	
10-6	1531-1533	in	
10-7	1534-1538	zyne	
10-8	1539-1551	Beschryvinge	
10-9	1552-1555	van	
10-10	1556-1564	Pruissen	
10-11	1564-1565	,	
10-12	1566-1569	dat	
10-13	1570-1573	men	
10-14	1574-1578	door	
10-15	1579-1587	ondervin	
10-16	1587-1588	-	
10-17	1590-1591	8	
10-18	1592-1595	Ste	
10-19	1596-1601	dinge	
10-20	1602-1606	weet	
10-21	1606-1607	,	
10-22	1608-1611	dat	
10-23	1612-1613	d	
10-24	1613-1614	'	
10-25	1615-1620	Amber	
10-26	1621-1624	uit	
10-27	1625-1628	het	
10-28	1629-1633	slyk	
10-29	1634-1637	van	
10-30	1638-1644	zekere	
10-31	1645-1654	gebergten	
10-32	1655-1661	vloeit	
10-33	1661-1662	,	
10-34	1663-1667	door	
10-35	1668-1670	de	
10-36	1671-1677	kracht	
10-37	1678-1681	der	
10-38	1683-1684	1	
10-39	1684-1685	.	
10-40	1686-1691	zonne	
10-41	1692-1703	uitgebroeit	
10-42	1703-1704	,	
10-43	1705-1713	dathetop	
10-44	1714-1715	'	
10-45	1715-1716	t	
10-46	1717-1722	gewas	
10-47	1722-1723	,	
10-48	1724-1727	aan	
10-49	1728-1731	den	
10-50	1732-1736	voet	
10-51	1737-1742	dezer	
10-52	1743-1749	bergen	
10-53	1750-1758	vallende	
10-54	1758-1759	,	
10-55	1760-1764	hard	
10-56	1765-1769	word	
10-57	1769-1770	,	
10-58	1773-1775	en	
10-59	1776-1779	dat	
10-60	1780-1787	wanneer	
10-61	1788-1790	de	
10-62	1791-1794	zee	
10-63	1795-1799	hoog	
10-64	1800-1804	word	
10-65	1804-1805	,	
10-66	1806-1808	zy	
10-67	1809-1812	het	
10-68	1813-1822	wegsleept	
10-69	1822-1823	,	
10-70	1824-1826	en	
10-71	1827-1836	naderhant	
10-72	1837-1841	weer	
10-73	1842-1844	op	
10-74	1845-1847	de	
10-75	1848-1850	na	
10-76	1850-1851	-	
10-77	1853-1867	RARITEIT-RAMER	
10-78	1867-1868	.	

#Text=III Boek.
#Text=331 
#Text=
#Text=buurige standen opwerpt.
11-1	1869-1872	III	
11-2	1873-1877	Boek	
11-3	1877-1878	.	
11-4	1879-1882	331	
11-5	1885-1892	buurige	
11-6	1893-1900	standen	
11-7	1901-1908	opwerpt	
11-8	1908-1909	.	
