#FORMAT=WebAnno TSV 3.3


#Text=Voor ons lag de lang verbeide kaap en niet verder 
#Text=dan vijf mijlen van bakboord van ons schip de Meelzak, een zonderling gevormde 
#Text=bazaltrug, die zich vijftien mijlen zuidelijk van het voorgebergte uit het water verheft;
#Text=
#Text=de vlakke kop, wit van guano, gelijkt op een geopenden meelzak.
1-1	2-6	Voor	
1-2	7-10	ons	
1-3	11-14	lag	
1-4	15-17	de	
1-5	18-22	lang	
1-6	23-31	verbeide	
1-7	32-36	kaap	
1-8	37-39	en	
1-9	40-44	niet	
1-10	45-51	verder	
1-11	53-56	dan	
1-12	57-61	vijf	
1-13	62-68	mijlen	
1-14	69-72	van	
1-15	73-81	bakboord	
1-16	82-85	van	
1-17	86-89	ons	
1-18	90-95	schip	
1-19	96-98	de	
1-20	99-106	Meelzak	
1-21	106-107	,	
1-22	108-111	een	
1-23	112-122	zonderling	
1-24	123-131	gevormde	
1-25	133-142	bazaltrug	
1-26	142-143	,	
1-27	144-147	die	
1-28	148-152	zich	
1-29	153-161	vijftien	
1-30	162-168	mijlen	
1-31	169-178	zuidelijk	
1-32	179-182	van	
1-33	183-186	het	
1-34	187-199	voorgebergte	
1-35	200-203	uit	
1-36	204-207	het	
1-37	208-213	water	
1-38	214-221	verheft	
1-39	221-222	;	
1-40	224-226	de	
1-41	227-233	vlakke	
1-42	234-237	kop	
1-43	237-238	,	
1-44	239-242	wit	
1-45	243-246	van	
1-46	247-252	guano	
1-47	252-253	,	
1-48	254-261	gelijkt	
1-49	262-264	op	
1-50	265-268	een	
1-51	269-278	geopenden	
1-52	279-286	meelzak	
1-53	286-287	.	

#Text=Ik herinner mij 
#Text=geen vergenoegder tijd, dan de vier-en-twintig uren, gedurende welke wij den 
#Text=verscheurden en verbrokkelden lava-oever langs voeren, welke de westkust van
#Text=Guldbrand Syssel vormt.
2-1	288-290	Ik	
2-2	291-299	herinner	
2-3	300-303	mij	
2-4	305-309	geen	
2-5	310-322	vergenoegder	
2-6	323-327	tijd	
2-7	327-328	,	
2-8	329-332	dan	
2-9	333-335	de	
2-10	336-351	vier-en-twintig	
2-11	352-356	uren	
2-12	356-357	,	
2-13	358-367	gedurende	
2-14	368-373	welke	
2-15	374-377	wij	
2-16	378-381	den	
2-17	383-395	verscheurden	
2-18	396-398	en	
2-19	399-412	verbrokkelden	
2-20	413-423	lava-oever	
2-21	424-429	langs	
2-22	430-436	voeren	
2-23	436-437	,	
2-24	438-443	welke	
2-25	444-446	de	
2-26	447-455	westkust	
2-27	456-459	van	
2-28	460-469	Guldbrand	
2-29	470-476	Syssel	
2-30	477-482	vormt	
2-31	482-483	.	

#Text=Het was niets dan visschen en schieten;
#Text=de teleskoop kwam 
#Text=niet uit onze handen;
#Text=wij konden niet klaar komen met plannen te ontwerpen, wat er 
#Text=al na onze aankomst te doen was.
3-1	484-487	Het	
3-2	488-491	was	
3-3	492-497	niets	
3-4	498-501	dan	
3-5	502-510	visschen	
3-6	511-513	en	
3-7	514-522	schieten	
3-8	522-523	;	
3-9	524-526	de	
3-10	527-536	teleskoop	
3-11	537-541	kwam	
3-12	543-547	niet	
3-13	548-551	uit	
3-14	552-556	onze	
3-15	557-563	handen	
3-16	563-564	;	
3-17	565-568	wij	
3-18	569-575	konden	
3-19	576-580	niet	
3-20	581-586	klaar	
3-21	587-592	komen	
3-22	593-596	met	
3-23	597-604	plannen	
3-24	605-607	te	
3-25	608-617	ontwerpen	
3-26	617-618	,	
3-27	619-622	wat	
3-28	623-625	er	
3-29	627-629	al	
3-30	630-632	na	
3-31	633-637	onze	
3-32	638-646	aankomst	
3-33	647-649	te	
3-34	650-654	doen	
3-35	655-658	was	
3-36	658-659	.	

#Text=Gelijk ANTAEUS, scheen ons SIGURDR in het gezigt 
#Text=van zijn vaderland een nieuw mensch, en de doctor was geheel buiten zich zelven, 
#Text=toen eene op het water slapende gans, die hij bespied had, juist op het oogenblik
#Text=wegvloog, toen de schoener op een schot afstands gekomen was.
4-1	660-666	Gelijk	
4-2	667-674	ANTAEUS	
4-3	674-675	,	
4-4	676-682	scheen	
4-5	683-686	ons	
4-6	687-694	SIGURDR	
4-7	695-697	in	
4-8	698-701	het	
4-9	702-708	gezigt	
4-10	710-713	van	
4-11	714-718	zijn	
4-12	719-728	vaderland	
4-13	729-732	een	
4-14	733-738	nieuw	
4-15	739-745	mensch	
4-16	745-746	,	
4-17	747-749	en	
4-18	750-752	de	
4-19	753-759	doctor	
4-20	760-763	was	
4-21	764-770	geheel	
4-22	771-777	buiten	
4-23	778-782	zich	
4-24	783-789	zelven	
4-25	789-790	,	
4-26	792-796	toen	
4-27	797-801	eene	
4-28	802-804	op	
4-29	805-808	het	
4-30	809-814	water	
4-31	815-823	slapende	
4-32	824-828	gans	
4-33	828-829	,	
4-34	830-833	die	
4-35	834-837	hij	
4-36	838-845	bespied	
4-37	846-849	had	
4-38	849-850	,	
4-39	851-856	juist	
4-40	857-859	op	
4-41	860-863	het	
4-42	864-873	oogenblik	
4-43	874-882	wegvloog	
4-44	882-883	,	
4-45	884-888	toen	
4-46	889-891	de	
4-47	892-900	schoener	
4-48	901-903	op	
4-49	904-907	een	
4-50	908-913	schot	
4-51	914-922	afstands	
4-52	923-930	gekomen	
4-53	931-934	was	
4-54	934-935	.	

#Text=Het panorama van Faxa-fiord is prachtig.
5-1	940-943	Het	
5-2	944-952	panorama	
5-3	953-956	van	
5-4	957-967	Faxa-fiord	
5-5	968-970	is	
5-6	971-979	prachtig	
5-7	979-980	.	

#Text=Vijftig mijlen van kaap tot kaap, de eene 
#Text=in een rotsigen puimsteenrug verloopende, de andere eindigende in eene pyramide 
#Text=van eeuwige sneeuw van vijf duizend voet hoog, terwijl in de daar tusschen liggende 
#Text=halve maan zich de toppen van honderd trotsche bergen verheffen.
6-1	981-988	Vijftig	
6-2	989-995	mijlen	
6-3	996-999	van	
6-4	1000-1004	kaap	
6-5	1005-1008	tot	
6-6	1009-1013	kaap	
6-7	1013-1014	,	
6-8	1015-1017	de	
6-9	1018-1022	eene	
6-10	1024-1026	in	
6-11	1027-1030	een	
6-12	1031-1039	rotsigen	
6-13	1040-1052	puimsteenrug	
6-14	1053-1064	verloopende	
6-15	1064-1065	,	
6-16	1066-1068	de	
6-17	1069-1075	andere	
6-18	1076-1086	eindigende	
6-19	1087-1089	in	
6-20	1090-1094	eene	
6-21	1095-1103	pyramide	
6-22	1105-1108	van	
6-23	1109-1116	eeuwige	
6-24	1117-1123	sneeuw	
6-25	1124-1127	van	
6-26	1128-1132	vijf	
6-27	1133-1140	duizend	
6-28	1141-1145	voet	
6-29	1146-1150	hoog	
6-30	1150-1151	,	
6-31	1152-1159	terwijl	
6-32	1160-1162	in	
6-33	1163-1165	de	
6-34	1166-1170	daar	
6-35	1171-1179	tusschen	
6-36	1180-1188	liggende	
6-37	1190-1195	halve	
6-38	1196-1200	maan	
6-39	1201-1205	zich	
6-40	1206-1208	de	
6-41	1209-1215	toppen	
6-42	1216-1219	van	
6-43	1220-1227	honderd	
6-44	1228-1236	trotsche	
6-45	1237-1243	bergen	
6-46	1244-1253	verheffen	
6-47	1253-1254	.	

#Text=Nadert men den 
#Text=oever, dan wordt men herinnerd aan de westkust van Schotland; maar hier is alles 
#Text=krachtiger, de athmosfeer zuiverder, het licht glansrijker, de lucht meer verfrisschend, 
#Text=de bergen steiler, meer verscheurd
#Text= tourment zouden de Franschen zeggen  en 
#Text=spitser.
7-1	1255-1261	Nadert	
7-2	1262-1265	men	
7-3	1266-1269	den	
7-4	1271-1276	oever	
7-5	1276-1277	,	
7-6	1278-1281	dan	
7-7	1282-1287	wordt	
7-8	1288-1291	men	
7-9	1292-1301	herinnerd	
7-10	1302-1305	aan	
7-11	1306-1308	de	
7-12	1309-1317	westkust	
7-13	1318-1321	van	
7-14	1322-1331	Schotland	
7-15	1331-1332	;	
7-16	1333-1337	maar	
7-17	1338-1342	hier	
7-18	1343-1345	is	
7-19	1346-1351	alles	
7-20	1353-1363	krachtiger	
7-21	1363-1364	,	
7-22	1365-1367	de	
7-23	1368-1378	athmosfeer	
7-24	1379-1388	zuiverder	
7-25	1388-1389	,	
7-26	1390-1393	het	
7-27	1394-1399	licht	
7-28	1400-1411	glansrijker	
7-29	1411-1412	,	
7-30	1413-1415	de	
7-31	1416-1421	lucht	
7-32	1422-1426	meer	
7-33	1427-1440	verfrisschend	
7-34	1440-1441	,	
7-35	1443-1445	de	
7-36	1446-1452	bergen	
7-37	1453-1460	steiler	
7-38	1460-1461	,	
7-39	1462-1466	meer	
7-40	1467-1477	verscheurd	
7-41	1479-1487	tourment	
7-42	1488-1494	zouden	
7-43	1495-1497	de	
7-44	1498-1507	Franschen	
7-45	1508-1514	zeggen	
7-46	1516-1518	en	
7-47	1520-1527	spitser	
7-48	1527-1528	.	

#Text=Tusschen den voet van het gebergte en de zee loopt eene vuilgroene glooijing, 
#Text=waarop verstrooid liggende huizen zigtbaar
#Text=
#Text=
#Text=
#Text=
#Text=worden.
8-1	1529-1537	Tusschen	
8-2	1538-1541	den	
8-3	1542-1546	voet	
8-4	1547-1550	van	
8-5	1551-1554	het	
8-6	1555-1563	gebergte	
8-7	1564-1566	en	
8-8	1567-1569	de	
8-9	1570-1573	zee	
8-10	1574-1579	loopt	
8-11	1580-1584	eene	
8-12	1585-1595	vuilgroene	
8-13	1596-1605	glooijing	
8-14	1605-1606	,	
8-15	1608-1614	waarop	
8-16	1615-1625	verstrooid	
8-17	1626-1634	liggende	
8-18	1635-1641	huizen	
8-19	1642-1650	zigtbaar	
8-20	1655-1661	worden	
8-21	1661-1662	.	

#Text=De muren en daken zijn geel en verouderd, alsof een lang vergeten land 
#Text=weder uit de zee was opgekomen.
9-1	1663-1665	De	
9-2	1666-1671	muren	
9-3	1672-1674	en	
9-4	1675-1680	daken	
9-5	1681-1685	zijn	
9-6	1686-1690	geel	
9-7	1691-1693	en	
9-8	1694-1703	verouderd	
9-9	1703-1704	,	
9-10	1705-1710	alsof	
9-11	1711-1714	een	
9-12	1715-1719	lang	
9-13	1720-1728	vergeten	
9-14	1729-1733	land	
9-15	1735-1740	weder	
9-16	1741-1744	uit	
9-17	1745-1747	de	
9-18	1748-1751	zee	
9-19	1752-1755	was	
9-20	1756-1765	opgekomen	
9-21	1765-1766	.	

#Text=De werkingen van licht en schaduw zijn de zuiverste, die ik ooit gezien heb, en 
#Text=het contrast der kleuren verwonderlijk.
10-1	1771-1773	De	
10-2	1774-1783	werkingen	
10-3	1784-1787	van	
10-4	1788-1793	licht	
10-5	1794-1796	en	
10-6	1797-1804	schaduw	
10-7	1805-1809	zijn	
10-8	1810-1812	de	
10-9	1813-1822	zuiverste	
10-10	1822-1823	,	
10-11	1824-1827	die	
10-12	1828-1830	ik	
10-13	1831-1835	ooit	
10-14	1836-1842	gezien	
10-15	1843-1846	heb	
10-16	1846-1847	,	
10-17	1848-1850	en	
10-18	1852-1855	het	
10-19	1856-1864	contrast	
10-20	1865-1868	der	
10-21	1869-1876	kleuren	
10-22	1877-1890	verwonderlijk	
10-23	1890-1891	.	

#Text=De breede voorzijde van den eenen berg
#Text=fonkelt in vurig goud, terwijl de naastbijzijnde in het donkerste purper gloeit, en 
#Text=daarover zich de verblindende sneeuw en ijstoppen op den azuurblaauwen hemel 
#Text=afteekenen.
11-1	1892-1894	De	
11-2	1895-1901	breede	
11-3	1902-1911	voorzijde	
11-4	1912-1915	van	
11-5	1916-1919	den	
11-6	1920-1925	eenen	
11-7	1926-1930	berg	
11-8	1931-1938	fonkelt	
11-9	1939-1941	in	
11-10	1942-1947	vurig	
11-11	1948-1952	goud	
11-12	1952-1953	,	
11-13	1954-1961	terwijl	
11-14	1962-1964	de	
11-15	1965-1979	naastbijzijnde	
11-16	1980-1982	in	
11-17	1983-1986	het	
11-18	1987-1996	donkerste	
11-19	1997-2003	purper	
11-20	2004-2010	gloeit	
11-21	2010-2011	,	
11-22	2012-2014	en	
11-23	2016-2024	daarover	
11-24	2025-2029	zich	
11-25	2030-2032	de	
11-26	2033-2045	verblindende	
11-27	2046-2052	sneeuw	
11-28	2053-2055	en	
11-29	2056-2065	ijstoppen	
11-30	2066-2068	op	
11-31	2069-2072	den	
11-32	2073-2086	azuurblaauwen	
11-33	2087-2092	hemel	
11-34	2094-2104	afteekenen	
11-35	2104-2105	.	

#Text=De sneeuw speelt intusschen in dit jaargetijde op IJsland eene armzalige 
#Text=rol, en kan op zijn hoogst als eene sierlijke omzooming in de verte eenig effect maken.
12-1	2106-2108	De	
12-2	2109-2115	sneeuw	
12-3	2116-2122	speelt	
12-4	2123-2133	intusschen	
12-5	2134-2136	in	
12-6	2137-2140	dit	
12-7	2141-2152	jaargetijde	
12-8	2153-2155	op	
12-9	2156-2163	IJsland	
12-10	2164-2168	eene	
12-11	2169-2178	armzalige	
12-12	2180-2183	rol	
12-13	2183-2184	,	
12-14	2185-2187	en	
12-15	2188-2191	kan	
12-16	2192-2194	op	
12-17	2195-2199	zijn	
12-18	2200-2206	hoogst	
12-19	2207-2210	als	
12-20	2211-2215	eene	
12-21	2216-2225	sierlijke	
12-22	2226-2235	omzooming	
12-23	2236-2238	in	
12-24	2239-2241	de	
12-25	2242-2247	verte	
12-26	2248-2253	eenig	
12-27	2254-2260	effect	
12-28	2261-2266	maken	
12-29	2266-2267	.	

#Text=Terwijl ik schrijf, staat de Thermometer op 21 C.
13-1	2270-2277	Terwijl	
13-2	2278-2280	ik	
13-3	2281-2288	schrijf	
13-4	2288-2289	,	
13-5	2290-2295	staat	
13-6	2296-2298	de	
13-7	2299-2310	Thermometer	
13-8	2311-2313	op	
13-9	2314-2316	21	
13-10	2317-2318	C	
13-11	2318-2319	.	

#Text=Gisteren avond bleven wij op het 
#Text=dek en speelden schaak, tot wij naar bed gingen, zonder dat het ons in de gedachte 
#Text=kwam onze jassen aan te trekken.
14-1	2320-2328	Gisteren	
14-2	2329-2334	avond	
14-3	2335-2341	bleven	
14-4	2342-2345	wij	
14-5	2346-2348	op	
14-6	2349-2352	het	
14-7	2354-2357	dek	
14-8	2358-2360	en	
14-9	2361-2369	speelden	
14-10	2370-2376	schaak	
14-11	2376-2377	,	
14-12	2378-2381	tot	
14-13	2382-2385	wij	
14-14	2386-2390	naar	
14-15	2391-2394	bed	
14-16	2395-2401	gingen	
14-17	2401-2402	,	
14-18	2403-2409	zonder	
14-19	2410-2413	dat	
14-20	2414-2417	het	
14-21	2418-2421	ons	
14-22	2422-2424	in	
14-23	2425-2427	de	
14-24	2428-2436	gedachte	
14-25	2438-2442	kwam	
14-26	2443-2447	onze	
14-27	2448-2454	jassen	
14-28	2455-2458	aan	
14-29	2459-2461	te	
14-30	2462-2469	trekken	
14-31	2469-2470	.	
