#FORMAT=WebAnno TSV 3.3
#T_SP=custom.Span|label
#T_RL=custom.Relation|label|BT_custom.Span


#Text=So waͤchſt auch
#Text=der Thee an vielen Orten in Japan;
#Text=
#Text=und dieſer wird nicht nur fuͤr beſſer ge-
#Text=halten als jener, ſondern auch wegen
#Text=ſeiner Guͤte und Vortrefflichkeit die
#Text=Blume vom Cha oder Thee genennet.
1-1	2-4	So	_	_	_	
1-2	5-12	waͤchſt	_	_	_	
1-3	13-17	auch	_	_	_	
1-4	18-21	der	_	_	_	
1-5	22-26	Thee	_	_	_	
1-6	27-29	an	_	_	_	
1-7	30-36	vielen	_	_	_	
1-8	37-42	Orten	_	_	_	
1-9	43-45	in	_	_	_	
1-10	46-51	Japan	_	_	_	
1-11	51-52	;	_	_	_	
1-12	54-57	und	_	_	_	
1-13	58-64	dieſer	_	_	_	
1-14	65-69	wird	_	_	_	
1-15	70-75	nicht	_	_	_	
1-16	76-79	nur	_	_	_	
1-17	80-84	fuͤr	_	_	_	
1-18	85-91	beſſer	_	_	_	
1-19	92-94	ge	_	_	_	
1-20	94-95	-	_	_	_	
1-21	96-102	halten	_	_	_	
1-22	103-106	als	_	_	_	
1-23	107-112	jener	_	_	_	
1-24	112-113	,	_	_	_	
1-25	114-121	ſondern	_	_	_	
1-26	122-126	auch	_	_	_	
1-27	127-132	wegen	_	_	_	
1-28	133-139	ſeiner	_	_	_	
1-29	140-145	Guͤte	_	_	_	
1-30	146-149	und	_	_	_	
1-31	150-166	Vortrefflichkeit	_	_	_	
1-32	167-170	die	_	_	_	
1-33	171-176	Blume	_	_	_	
1-34	177-180	vom	_	_	_	
1-35	181-184	Cha	_	_	_	
1-36	185-189	oder	_	_	_	
1-37	190-194	Thee	_	_	_	
1-38	195-203	genennet	_	_	_	
1-39	203-204	.	_	_	_	

#Text=Es iſt aber der Thee ein gruͤnes, duͤnnes
#Text=
#Text=Blaͤttlein/ das an dem einem Ende
#Text=ſpitzig zulaͤufft, am andern aber in et-
#Text=was rund iſt, und umher ausgekerbet:
#Text=
#Text=mitten durch das Blat laufft ein mittel-
#Text=maͤßiger Nerve, aus dem ein Hauffen
#Text=kleine Aederlein entſtehen.
2-1	206-208	Es	_	_	_	
2-2	209-212	iſt	_	_	_	
2-3	213-217	aber	_	_	_	
2-4	218-221	der	_	_	_	
2-5	222-226	Thee	_	_	_	
2-6	227-230	ein	_	_	_	
2-7	231-238	gruͤnes	_	_	_	
2-8	238-239	,	_	_	_	
2-9	240-247	duͤnnes	_	_	_	
2-10	249-259	Blaͤttlein	_	_	_	
2-11	259-260	/	_	_	_	
2-12	261-264	das	_	_	_	
2-13	265-267	an	_	_	_	
2-14	268-271	dem	_	_	_	
2-15	272-277	einem	_	_	_	
2-16	278-282	Ende	_	_	_	
2-17	283-290	ſpitzig	_	_	_	
2-18	291-300	zulaͤufft	_	_	_	
2-19	300-301	,	_	_	_	
2-20	302-304	am	_	_	_	
2-21	305-311	andern	_	_	_	
2-22	312-316	aber	_	_	_	
2-23	317-319	in	_	_	_	
2-24	320-322	et	_	_	_	
2-25	322-323	-	_	_	_	
2-26	324-327	was	_	_	_	
2-27	328-332	rund	_	_	_	
2-28	333-336	iſt	_	_	_	
2-29	336-337	,	_	_	_	
2-30	338-341	und	_	_	_	
2-31	342-347	umher	_	_	_	
2-32	348-359	ausgekerbet	_	_	_	
2-33	359-360	:	_	_	_	
2-34	362-368	mitten	_	_	_	
2-35	369-374	durch	_	_	_	
2-36	375-378	das	_	_	_	
2-37	379-383	Blat	_	_	_	
2-38	384-390	laufft	_	_	_	
2-39	391-394	ein	_	_	_	
2-40	395-401	mittel	_	_	_	
2-41	401-402	-	_	_	_	
2-42	403-411	maͤßiger	_	_	_	
2-43	412-417	Nerve	_	_	_	
2-44	417-418	,	_	_	_	
2-45	419-422	aus	_	_	_	
2-46	423-426	dem	_	_	_	
2-47	427-430	ein	_	_	_	
2-48	431-438	Hauffen	_	_	_	
2-49	439-445	kleine	_	_	_	
2-50	446-455	Aederlein	_	_	_	
2-51	456-465	entſtehen	_	_	_	
2-52	465-466	.	_	_	_	

#Text=Nach die-
#Text=ſen Blaͤttern kommen die Knoͤpfe, de-
#Text=ren ieder ſo dicke als die Spitze des Fin-
#Text=gers iſt, einer gantz ſonderlichen Geſtalt;
#Text=
#Text=darinne ſind zwey oder drey Fruͤchte, die
#Text=wie die Arecafruͤchte ſehen, zu befinden,
#Text=welche auswendig und inwendig maͤuſe-
#Text=fahl, und einen weiſſen Kern, der gar
#Text=leichtlich vermodert, in ſich enthalten.
3-1	467-471	Nach	_	_	_	
3-2	472-475	die	_	_	_	
3-3	475-476	-	_	_	_	
3-4	477-480	ſen	_	_	_	
3-5	481-490	Blaͤttern	_	_	_	
3-6	491-497	kommen	_	_	_	
3-7	498-501	die	_	_	_	
3-8	502-509	Knoͤpfe	_	_	_	
3-9	509-510	,	_	_	_	
3-10	511-513	de	_	_	_	
3-11	513-514	-	_	_	_	
3-12	515-518	ren	_	_	_	
3-13	519-524	ieder	_	_	_	
3-14	525-527	ſo	_	_	_	
3-15	528-533	dicke	_	_	_	
3-16	534-537	als	_	_	_	
3-17	538-541	die	_	_	_	
3-18	542-548	Spitze	_	_	_	
3-19	549-552	des	_	_	_	
3-20	553-556	Fin	_	_	_	
3-21	556-557	-	_	_	_	
3-22	558-562	gers	_	_	_	
3-23	563-566	iſt	_	_	_	
3-24	566-567	,	_	_	_	
3-25	568-573	einer	_	_	_	
3-26	574-579	gantz	_	_	_	
3-27	580-592	ſonderlichen	_	_	_	
3-28	593-600	Geſtalt	_	_	_	
3-29	600-601	;	_	_	_	
3-30	603-610	darinne	_	_	_	
3-31	611-615	ſind	_	_	_	
3-32	616-620	zwey	_	_	_	
3-33	621-625	oder	_	_	_	
3-34	626-630	drey	_	_	_	
3-35	631-639	Fruͤchte	_	_	_	
3-36	639-640	,	_	_	_	
3-37	641-644	die	_	_	_	
3-38	645-648	wie	_	_	_	
3-39	649-652	die	_	_	_	
3-40	653-666	Arecafruͤchte	_	_	_	
3-41	667-672	ſehen	_	_	_	
3-42	672-673	,	_	_	_	
3-43	674-676	zu	_	_	_	
3-44	677-685	befinden	_	_	_	
3-45	685-686	,	_	_	_	
3-46	687-693	welche	_	_	_	
3-47	694-703	auswendig	_	_	_	
3-48	704-707	und	_	_	_	
3-49	708-716	inwendig	_	_	_	
3-50	717-723	maͤuſe	_	_	_	
3-51	723-724	-	_	_	_	
3-52	725-729	fahl	_	_	_	
3-53	729-730	,	_	_	_	
3-54	731-734	und	_	_	_	
3-55	735-740	einen	_	_	_	
3-56	741-748	weiſſen	_	_	_	
3-57	749-753	Kern	_	_	_	
3-58	753-754	,	_	_	_	
3-59	755-758	der	_	_	_	
3-60	759-762	gar	_	_	_	
3-61	763-773	leichtlich	_	_	_	
3-62	774-783	vermodert	_	_	_	
3-63	783-784	,	_	_	_	
3-64	785-787	in	_	_	_	
3-65	788-792	ſich	_	_	_	
3-66	793-802	enthalten	_	_	_	
3-67	802-803	.	_	_	_	

#Text=Siehe Fig.
#Text=124.
4-1	806-811	Siehe	_	_	_	
4-2	812-815	Fig	_	_	_	
4-3	815-816	.	_	_	_	
4-4	817-820	124	_	_	_	
4-5	820-821	.	_	_	_	

#Text=Der Japaniſche Thee iſt von dem
#Text=Sineſiſchen nur darinne unterſchie-
#Text=den, daß er viel kleinere Blaͤtter hat,
#Text=auch weit angenehmer ſchmeckt und
#Text=riechet: weil er nun zugleich insgemein
#Text=lieblich gruͤne ſiehet, ſo erhoͤhet dieſer be-
#Text=ſondere Geruch, Geſchmack und Farbe
#Text=
#Text=ſeinen Werth dermaſſen daß ein Pfund
#Text=aufrichtiger Japaniſcher Thee, der ſo
#Text=kleine Blaͤtter, und erſterwaͤhnte Farbe
#Text=
#Text=nebſt einem angenehmen Heugeruche
#Text=
#Text=hat, und dabey auch wie Veilgen riecht,
#Text=unter 150. bis 200.
5-1	824-827	Der	_	_	_	
5-2	828-838	Japaniſche	Smell\_Source[1]	_	_	
5-3	839-843	Thee	Smell\_Source[1]	_	_	
5-4	844-847	iſt	_	_	_	
5-5	848-851	von	_	_	_	
5-6	852-855	dem	_	_	_	
5-7	856-867	Sineſiſchen	_	_	_	
5-8	868-871	nur	_	_	_	
5-9	872-879	darinne	_	_	_	
5-10	880-890	unterſchie	_	_	_	
5-11	890-891	-	_	_	_	
5-12	892-895	den	_	_	_	
5-13	895-896	,	_	_	_	
5-14	897-900	daß	_	_	_	
5-15	901-903	er	_	_	_	
5-16	904-908	viel	_	_	_	
5-17	909-917	kleinere	_	_	_	
5-18	918-926	Blaͤtter	_	_	_	
5-19	927-930	hat	_	_	_	
5-20	930-931	,	_	_	_	
5-21	932-936	auch	_	_	_	
5-22	937-941	weit	_	_	_	
5-23	942-952	angenehmer	Quality	_	_	
5-24	953-961	ſchmeckt	_	_	_	
5-25	962-965	und	_	_	_	
5-26	966-973	riechet	Smell\_Word	*|*	5-2[1_0]|5-23	
5-27	973-974	:	_	_	_	
5-28	975-979	weil	_	_	_	
5-29	980-982	er	_	_	_	
5-30	983-986	nun	_	_	_	
5-31	987-995	zugleich	_	_	_	
5-32	996-1005	insgemein	_	_	_	
5-33	1006-1014	lieblich	_	_	_	
5-34	1015-1021	gruͤne	_	_	_	
5-35	1022-1028	ſiehet	_	_	_	
5-36	1028-1029	,	_	_	_	
5-37	1030-1032	ſo	_	_	_	
5-38	1033-1041	erhoͤhet	Effect	Same\_span	5-48[3_0]	
5-39	1042-1048	dieſer	_	_	_	
5-40	1049-1051	be	Quality[2]	_	_	
5-41	1051-1052	-	Quality[2]	_	_	
5-42	1053-1060	ſondere	Quality[2]	_	_	
5-43	1061-1067	Geruch	Smell\_Word	*|*	5-2[1_0]|5-40[2_0]	
5-44	1067-1068	,	_	_	_	
5-45	1069-1078	Geſchmack	_	_	_	
5-46	1079-1082	und	_	_	_	
5-47	1083-1088	Farbe	_	_	_	
5-48	1090-1096	ſeinen	Effect[3]	Same\_span	5-79[6_3]	
5-49	1097-1102	Werth	Effect[3]	_	_	
5-50	1103-1112	dermaſſen	Effect[3]	_	_	
5-51	1113-1116	daß	Effect[3]	_	_	
5-52	1117-1120	ein	_	_	_	
5-53	1121-1126	Pfund	_	_	_	
5-54	1127-1139	aufrichtiger	_	_	_	
5-55	1140-1151	Japaniſcher	Smell\_Source[4]	_	_	
5-56	1152-1156	Thee	Smell\_Source[4]	_	_	
5-57	1156-1157	,	_	_	_	
5-58	1158-1161	der	_	_	_	
5-59	1162-1164	ſo	_	_	_	
5-60	1165-1171	kleine	_	_	_	
5-61	1172-1180	Blaͤtter	_	_	_	
5-62	1180-1181	,	_	_	_	
5-63	1182-1185	und	_	_	_	
5-64	1186-1199	erſterwaͤhnte	_	_	_	
5-65	1200-1205	Farbe	_	_	_	
5-66	1207-1212	nebſt	_	_	_	
5-67	1213-1218	einem	_	_	_	
5-68	1219-1229	angenehmen	_	_	_	
5-69	1230-1240	Heugeruche	_	_	_	
5-70	1242-1245	hat	_	_	_	
5-71	1245-1246	,	_	_	_	
5-72	1247-1250	und	_	_	_	
5-73	1251-1256	dabey	_	_	_	
5-74	1257-1261	auch	_	_	_	
5-75	1262-1265	wie	Evoked\_Odorant[5]	_	_	
5-76	1266-1273	Veilgen	Evoked\_Odorant[5]	_	_	
5-77	1274-1280	riecht	Smell\_Word	*|*	5-75[5_0]|5-55[4_0]	
5-78	1280-1281	,	_	_	_	
5-79	1282-1287	unter	Effect[6]	Same\_span	5-38[0_6]	
5-80	1288-1291	150	Effect[6]	_	_	
5-81	1291-1292	.	Effect[6]	_	_	
5-82	1293-1296	bis	Effect[6]	_	_	
5-83	1297-1300	200	Effect[6]	_	_	
5-84	1300-1301	.	Effect[6]	_	_	

#Text=Francken
#Text=nicht kan
#Text=verſchaffet werden.
6-1	1302-1310	Francken	Effect[6]	_	_	
6-2	1311-1316	nicht	Effect[6]	_	_	
6-3	1317-1320	kan	Effect[6]	_	_	
6-4	1321-1332	verſchaffet	Effect[6]	_	_	
6-5	1333-1339	werden	Effect[6]	_	_	
6-6	1339-1340	.	_	_	_	

#Text=Daß alſo gar ein
#Text=groſſer Unterſcheid zwiſchen dieſem und
#Text=
#Text=dem Chineſiſchen Thee, von welchem der
#Text=allerbeſte iederzeit zwey dritte Theile
#Text=
#Text=weniger gilt.
7-1	1341-1344	Daß	_	_	_	
7-2	1345-1349	alſo	_	_	_	
7-3	1350-1353	gar	_	_	_	
7-4	1354-1357	ein	_	_	_	
7-5	1358-1365	groſſer	_	_	_	
7-6	1366-1377	Unterſcheid	_	_	_	
7-7	1378-1386	zwiſchen	_	_	_	
7-8	1387-1393	dieſem	_	_	_	
7-9	1394-1397	und	_	_	_	
7-10	1399-1402	dem	_	_	_	
7-11	1403-1415	Chineſiſchen	_	_	_	
7-12	1416-1420	Thee	_	_	_	
7-13	1420-1421	,	_	_	_	
7-14	1422-1425	von	_	_	_	
7-15	1426-1433	welchem	_	_	_	
7-16	1434-1437	der	_	_	_	
7-17	1438-1448	allerbeſte	_	_	_	
7-18	1449-1458	iederzeit	_	_	_	
7-19	1459-1463	zwey	_	_	_	
7-20	1464-1470	dritte	_	_	_	
7-21	1471-1477	Theile	_	_	_	
7-22	1479-1486	weniger	_	_	_	
7-23	1487-1491	gilt	_	_	_	
7-24	1491-1492	.	_	_	_	

#Text=Der Thee, den uns die Hollaͤnder/
#Text=
#Text=Englaͤnder und andere zufuͤhren, das
#Text=ſind kleine zuſammen gerollte Blaͤttlein,
#Text=wie wir ſie verkauffen;
8-1	1496-1499	Der	_	_	_	
8-2	1500-1504	Thee	_	_	_	
8-3	1504-1505	,	_	_	_	
8-4	1506-1509	den	_	_	_	
8-5	1510-1513	uns	_	_	_	
8-6	1514-1517	die	_	_	_	
8-7	1518-1528	Hollaͤnder	_	_	_	
8-8	1528-1529	/	_	_	_	
8-9	1531-1541	Englaͤnder	_	_	_	
8-10	1542-1545	und	_	_	_	
8-11	1546-1552	andere	_	_	_	
8-12	1553-1562	zufuͤhren	_	_	_	
8-13	1562-1563	,	_	_	_	
8-14	1564-1567	das	_	_	_	
8-15	1568-1572	ſind	_	_	_	
8-16	1573-1579	kleine	_	_	_	
8-17	1580-1588	zuſammen	_	_	_	
8-18	1589-1597	gerollte	_	_	_	
8-19	1598-1608	Blaͤttlein	_	_	_	
8-20	1608-1609	,	_	_	_	
8-21	1610-1613	wie	_	_	_	
8-22	1614-1617	wir	_	_	_	
8-23	1618-1621	ſie	_	_	_	
8-24	1622-1632	verkauffen	_	_	_	
8-25	1632-1633	;	_	_	_	
