#FORMAT=WebAnno TSV 3.3
#T_SP=custom.Span|label
#T_RL=custom.Relation|label|BT_custom.Span


#Text=Cap.
1-1	2-5	Cap	_	_	_	
1-2	5-6	.	_	_	_	

#Text=XXIX.
2-1	10-14	XXIX	_	_	_	
2-2	14-15	.	_	_	_	

#Text=Americaniſche Hindbeer.
3-1	16-29	Americaniſche	Smell\_Source[1]	*|*	4-1[2_1]|8-2[0_1]	
3-2	30-38	Hindbeer	Smell\_Source[1]	_	_	
3-3	38-39	.	_	_	_	

#Text=Rubus Idæus Americanus.
4-1	41-46	Rubus	Smell\_Source[2]	_	_	
4-2	47-52	Idæus	Smell\_Source[2]	_	_	
4-3	53-63	Americanus	Smell\_Source[2]	_	_	
4-4	63-64	.	_	_	_	

#Text=Rubus
#Text=Idæus non ſpinoſus flore roſeo odorato,
#Text=Hort.
5-1	65-70	Rubus	_	_	_	
5-2	71-76	Idæus	_	_	_	
5-3	77-80	non	_	_	_	
5-4	81-89	ſpinoſus	_	_	_	
5-5	90-95	flore	_	_	_	
5-6	96-101	roſeo	_	_	_	
5-7	102-109	odorato	_	_	_	
5-8	109-110	,	_	_	_	
5-9	111-115	Hort	_	_	_	
5-10	115-116	.	_	_	_	

#Text=Lugd.
6-1	117-121	Lugd	_	_	_	
6-2	121-122	.	_	_	_	

#Text=Batav.
7-1	123-128	Batav	_	_	_	
7-2	128-129	.	_	_	_	

#Text=Dieſes geſtreuch iſt aus der Americaniſchen Provintz Canada
#Text=
#Text=erſtmahls nach Franckreich uͤbergebracht worden: iſt an geſtalt unſern einheimi-
#Text=ſchen Hindbeern faſt gleich/ aber ohn ſtacheln: auch ſind ſeine blumen groͤſſer/
#Text=roͤhtlich/
#Text=und eines anmuhtigen geruchs:
#Text=dahero es Rubus odoratus von Jacobo Cornuto
#Text=
#Text=Pariſienſi in Hiſtor.
8-1	130-136	Dieſes	_	_	_	
8-2	137-146	geſtreuch	Smell\_Source	*	8-33	
8-3	147-150	iſt	_	_	_	
8-4	151-154	aus	_	_	_	
8-5	155-158	der	_	_	_	
8-6	159-173	Americaniſchen	_	_	_	
8-7	174-182	Provintz	_	_	_	
8-8	183-189	Canada	_	_	_	
8-9	191-200	erſtmahls	_	_	_	
8-10	201-205	nach	_	_	_	
8-11	206-217	Franckreich	_	_	_	
8-12	218-231	uͤbergebracht	_	_	_	
8-13	232-238	worden	_	_	_	
8-14	238-239	:	_	_	_	
8-15	240-243	iſt	_	_	_	
8-16	244-246	an	_	_	_	
8-17	247-254	geſtalt	_	_	_	
8-18	255-261	unſern	_	_	_	
8-19	262-270	einheimi	_	_	_	
8-20	270-271	-	_	_	_	
8-21	272-277	ſchen	_	_	_	
8-22	278-287	Hindbeern	_	_	_	
8-23	288-292	faſt	_	_	_	
8-24	293-299	gleich	_	_	_	
8-25	299-300	/	_	_	_	
8-26	301-305	aber	_	_	_	
8-27	306-309	ohn	_	_	_	
8-28	310-318	ſtacheln	_	_	_	
8-29	318-319	:	_	_	_	
8-30	320-324	auch	_	_	_	
8-31	325-329	ſind	_	_	_	
8-32	330-335	ſeine	_	_	_	
8-33	336-342	blumen	Smell\_Source	_	_	
8-34	343-351	groͤſſer	_	_	_	
8-35	351-352	/	_	_	_	
8-36	353-362	roͤhtlich	_	_	_	
8-37	362-363	/	_	_	_	
8-38	364-367	und	_	_	_	
8-39	368-373	eines	_	_	_	
8-40	374-384	anmuhtigen	Quality	_	_	
8-41	385-392	geruchs	*[3]|Smell\_Word[4]	_	_	
8-42	392-393	:	_	_	_	
8-43	394-400	dahero	_	_	_	
8-44	401-403	es	_	_	_	
8-45	404-409	Rubus	_	_	_	
8-46	410-418	odoratus	_	_	_	
8-47	419-422	von	_	_	_	
8-48	423-429	Jacobo	_	_	_	
8-49	430-437	Cornuto	_	_	_	
8-50	439-449	Pariſienſi	_	_	_	
8-51	450-452	in	_	_	_	
8-52	453-459	Hiſtor	_	_	_	
8-53	459-460	.	_	_	_	

#Text=Plantar.
9-1	461-468	Plantar	_	_	_	
9-2	468-469	.	_	_	_	

#Text=Canadenſ. genennet wird.
10-1	470-478	Canadenſ	_	_	_	
10-2	478-479	.	_	_	_	
10-3	480-488	genennet	_	_	_	
10-4	489-493	wird	_	_	_	
10-5	493-494	.	_	_	_	

#Text=Es wuchert durch die wur-
#Text=zeln ſehr fort/
#Text=wenn es einmahl im garten ſtand gefaſſet hat/ wie andere arten von
#Text=Hind- und Brombeern.
11-1	495-497	Es	_	_	_	
11-2	498-505	wuchert	_	_	_	
11-3	506-511	durch	_	_	_	
11-4	512-515	die	_	_	_	
11-5	516-519	wur	_	_	_	
11-6	519-520	-	_	_	_	
11-7	521-525	zeln	_	_	_	
11-8	526-530	ſehr	_	_	_	
11-9	531-535	fort	_	_	_	
11-10	535-536	/	_	_	_	
11-11	537-541	wenn	_	_	_	
11-12	542-544	es	_	_	_	
11-13	545-552	einmahl	_	_	_	
11-14	553-555	im	_	_	_	
11-15	556-562	garten	_	_	_	
11-16	563-568	ſtand	_	_	_	
11-17	569-577	gefaſſet	_	_	_	
11-18	578-581	hat	_	_	_	
11-19	581-582	/	_	_	_	
11-20	583-586	wie	_	_	_	
11-21	587-593	andere	_	_	_	
11-22	594-599	arten	_	_	_	
11-23	600-603	von	_	_	_	
11-24	604-608	Hind	_	_	_	
11-25	608-609	-	_	_	_	
11-26	610-613	und	_	_	_	
11-27	614-623	Brombeern	_	_	_	
11-28	623-624	.	_	_	_	

#Text=XXX.
12-1	627-630	XXX	_	_	_	
12-2	630-631	.	_	_	_	

#Text=Meuſedorn.
13-1	632-641	Meuſedorn	_	_	_	
13-2	641-642	.	_	_	_	

#Text=Ruſcus, C.
14-1	644-650	Ruſcus	_	_	_	
14-2	650-651	,	_	_	_	
14-3	652-653	C	_	_	_	
14-4	653-654	.	_	_	_	

#Text=B.
15-1	655-656	B	_	_	_	
15-2	656-657	.	_	_	_	

#Text=Trag.
16-1	658-662	Trag	_	_	_	
16-2	662-663	.	_	_	_	
