#FORMAT=WebAnno TSV 3.3


#Text=4 Et ait illi Jesus : Vide, nemini dixeris : sed vade, ostende te sacerdoti, et offer munus, quod præcepit Moyses, in testimonium illis.
#Text=5 Cum autem introisset Capharnaum, accessit ad eum centurio, rogans eum, 6 et dicens : Domine, puer meus jacet in domo paralyticus, et male torquetur.
#Text=7 Et ait illi Jesus : Ego veniam, et curabo eum.
#Text=8 Et respondens centurio, ait : Domine, non sum dignus ut intres sub tectum meum : sed tantum dic verbo, et sanabitur puer meus.
#Text=9 Nam et ego homo sum sub potestate constitutus, habens sub me milites, et dico huic : Vade, et vadit : et alii : Veni, et venit : et servo meo : Fac hoc, et facit.
#Text=10 Audiens autem Jesus miratus est, et sequentibus se dixit : Amen dico vobis, non inveni tantam fidem in Israël.
#Text=11 Dico autem vobis, quod multi ab oriente et occidente venient, et recumbent cum Abraham, et Isaac, et Jacob in regno cælorum : 12 filii autem regni ejicientur in tenebras exteriores : ibi erit fletus et stridor dentium.
#Text=13 Et dixit Jesus centurioni : Vade, et sicut credidisti, fiat tibi.
1-1	2-3	4	
1-2	4-6	Et	
1-3	7-10	ait	
1-4	11-15	illi	
1-5	16-21	Jesus	
1-6	22-23	:	
1-7	24-28	Vide	
1-8	28-29	,	
1-9	30-36	nemini	
1-10	37-44	dixeris	
1-11	45-46	:	
1-12	47-50	sed	
1-13	51-55	vade	
1-14	55-56	,	
1-15	57-64	ostende	
1-16	65-67	te	
1-17	68-77	sacerdoti	
1-18	77-78	,	
1-19	79-81	et	
1-20	82-87	offer	
1-21	88-93	munus	
1-22	93-94	,	
1-23	95-99	quod	
1-24	100-108	præcepit	
1-25	109-115	Moyses	
1-26	115-116	,	
1-27	117-119	in	
1-28	120-131	testimonium	
1-29	132-137	illis	
1-30	137-138	.	
1-31	139-140	5	
1-32	141-144	Cum	
1-33	145-150	autem	
1-34	151-161	introisset	
1-35	162-172	Capharnaum	
1-36	172-173	,	
1-37	174-182	accessit	
1-38	183-185	ad	
1-39	186-189	eum	
1-40	190-198	centurio	
1-41	198-199	,	
1-42	200-206	rogans	
1-43	207-210	eum	
1-44	210-211	,	
1-45	212-213	6	
1-46	214-216	et	
1-47	217-223	dicens	
1-48	224-225	:	
1-49	226-232	Domine	
1-50	232-233	,	
1-51	234-238	puer	
1-52	239-243	meus	
1-53	244-249	jacet	
1-54	250-252	in	
1-55	253-257	domo	
1-56	258-269	paralyticus	
1-57	269-270	,	
1-58	271-273	et	
1-59	274-278	male	
1-60	279-288	torquetur	
1-61	288-289	.	
1-62	290-291	7	
1-63	292-294	Et	
1-64	295-298	ait	
1-65	299-303	illi	
1-66	304-309	Jesus	
1-67	310-311	:	
1-68	312-315	Ego	
1-69	316-322	veniam	
1-70	322-323	,	
1-71	324-326	et	
1-72	327-333	curabo	
1-73	334-337	eum	
1-74	337-338	.	
1-75	339-340	8	
1-76	341-343	Et	
1-77	344-354	respondens	
1-78	355-363	centurio	
1-79	363-364	,	
1-80	365-368	ait	
1-81	369-370	:	
1-82	371-377	Domine	
1-83	377-378	,	
1-84	379-382	non	
1-85	383-386	sum	
1-86	387-393	dignus	
1-87	394-396	ut	
1-88	397-403	intres	
1-89	404-407	sub	
1-90	408-414	tectum	
1-91	415-419	meum	
1-92	420-421	:	
1-93	422-425	sed	
1-94	426-432	tantum	
1-95	433-436	dic	
1-96	437-442	verbo	
1-97	442-443	,	
1-98	444-446	et	
1-99	447-456	sanabitur	
1-100	457-461	puer	
1-101	462-466	meus	
1-102	466-467	.	
1-103	468-469	9	
1-104	470-473	Nam	
1-105	474-476	et	
1-106	477-480	ego	
1-107	481-485	homo	
1-108	486-489	sum	
1-109	490-493	sub	
1-110	494-503	potestate	
1-111	504-515	constitutus	
1-112	515-516	,	
1-113	517-523	habens	
1-114	524-527	sub	
1-115	528-530	me	
1-116	531-538	milites	
1-117	538-539	,	
1-118	540-542	et	
1-119	543-547	dico	
1-120	548-552	huic	
1-121	553-554	:	
1-122	555-559	Vade	
1-123	559-560	,	
1-124	561-563	et	
1-125	564-569	vadit	
1-126	570-571	:	
1-127	572-574	et	
1-128	575-579	alii	
1-129	580-581	:	
1-130	582-586	Veni	
1-131	586-587	,	
1-132	588-590	et	
1-133	591-596	venit	
1-134	597-598	:	
1-135	599-601	et	
1-136	602-607	servo	
1-137	608-611	meo	
1-138	612-613	:	
1-139	614-617	Fac	
1-140	618-621	hoc	
1-141	621-622	,	
1-142	623-625	et	
1-143	626-631	facit	
1-144	631-632	.	
1-145	633-635	10	
1-146	636-643	Audiens	
1-147	644-649	autem	
1-148	650-655	Jesus	
1-149	656-663	miratus	
1-150	664-667	est	
1-151	667-668	,	
1-152	669-671	et	
1-153	672-683	sequentibus	
1-154	684-686	se	
1-155	687-692	dixit	
1-156	693-694	:	
1-157	695-699	Amen	
1-158	700-704	dico	
1-159	705-710	vobis	
1-160	710-711	,	
1-161	712-715	non	
1-162	716-722	inveni	
1-163	723-729	tantam	
1-164	730-735	fidem	
1-165	736-738	in	
1-166	739-745	Israël	
1-167	745-746	.	
1-168	747-749	11	
1-169	750-754	Dico	
1-170	755-760	autem	
1-171	761-766	vobis	
1-172	766-767	,	
1-173	768-772	quod	
1-174	773-778	multi	
1-175	779-781	ab	
1-176	782-789	oriente	
1-177	790-792	et	
1-178	793-802	occidente	
1-179	803-810	venient	
1-180	810-811	,	
1-181	812-814	et	
1-182	815-824	recumbent	
1-183	825-828	cum	
1-184	829-836	Abraham	
1-185	836-837	,	
1-186	838-840	et	
1-187	841-846	Isaac	
1-188	846-847	,	
1-189	848-850	et	
1-190	851-856	Jacob	
1-191	857-859	in	
1-192	860-865	regno	
1-193	866-873	cælorum	
1-194	874-875	:	
1-195	876-878	12	
1-196	879-884	filii	
1-197	885-890	autem	
1-198	891-896	regni	
1-199	897-907	ejicientur	
1-200	908-910	in	
1-201	911-919	tenebras	
1-202	920-930	exteriores	
1-203	931-932	:	
1-204	933-936	ibi	
1-205	937-941	erit	
1-206	942-948	fletus	
1-207	949-951	et	
1-208	952-959	stridor	
1-209	960-967	dentium	
1-210	967-968	.	
1-211	969-971	13	
1-212	972-974	Et	
1-213	975-980	dixit	
1-214	981-986	Jesus	
1-215	987-997	centurioni	
1-216	998-999	:	
1-217	1000-1004	Vade	
1-218	1004-1005	,	
1-219	1006-1008	et	
1-220	1009-1014	sicut	
1-221	1015-1025	credidisti	
1-222	1025-1026	,	
1-223	1027-1031	fiat	
1-224	1032-1036	tibi	
1-225	1036-1037	.	

#Text=Et sanatus est puer in illa hora.
#Text=14 Et cum venisset Jesus in domum Petri, vidit socrum ejus jacentem, et febricitantem : 15 et tetigit manum ejus, et dimisit eam febris, et surrexit, et ministrabat eis.
#Text=16 Vespere autem facto, obtulerunt ei multos dæmonia habentes : et ejiciebat spiritus verbo, et omnes male habentes curavit : 17 ut adimpleretur quod dictum est per Isaiam prophetam, dicentem : Ipse infirmitates nostras accepit : et ægrotationes nostras portavit.
#Text=18 Videns autem Jesus turbas multas circum se, jussit ire trans fretum.
#Text=19 Et accedens unus scriba, ait illi : Magister, sequar te, quocumque ieris.
#Text=20 Et dicit ei Jesus : Vulpes foveas habent, et volucres cæli nidos ; Filius autem hominis non habet ubi caput reclinet.
#Text=21 Alius autem de discipulis ejus ait illi : Domine, permitte me primum ire, et sepelire patrem meum.
#Text=22 Jesus autem ait illi : Sequere me, et dimitte mortuos sepelire mortuos suos.
#Text=23 Et ascendente eo in naviculam, secuti sunt eum discipuli ejus : 24 et ecce motus magnus factus est in mari, ita ut navicula operiretur fluctibus : ipse vero dormiebat.
#Text=25 Et accesserunt ad eum discipuli ejus, et suscitaverunt eum, dicentes : Domine, salva nos : perimus.
#Text=26 Et dicit eis Jesus : Quid timidi estis, modicæ fidei ?
2-1	1038-1040	Et	
2-2	1041-1048	sanatus	
2-3	1049-1052	est	
2-4	1053-1057	puer	
2-5	1058-1060	in	
2-6	1061-1065	illa	
2-7	1066-1070	hora	
2-8	1070-1071	.	
2-9	1072-1074	14	
2-10	1075-1077	Et	
2-11	1078-1081	cum	
2-12	1082-1090	venisset	
2-13	1091-1096	Jesus	
2-14	1097-1099	in	
2-15	1100-1105	domum	
2-16	1106-1111	Petri	
2-17	1111-1112	,	
2-18	1113-1118	vidit	
2-19	1119-1125	socrum	
2-20	1126-1130	ejus	
2-21	1131-1139	jacentem	
2-22	1139-1140	,	
2-23	1141-1143	et	
2-24	1144-1157	febricitantem	
2-25	1158-1159	:	
2-26	1160-1162	15	
2-27	1163-1165	et	
2-28	1166-1173	tetigit	
2-29	1174-1179	manum	
2-30	1180-1184	ejus	
2-31	1184-1185	,	
2-32	1186-1188	et	
2-33	1189-1196	dimisit	
2-34	1197-1200	eam	
2-35	1201-1207	febris	
2-36	1207-1208	,	
2-37	1209-1211	et	
2-38	1212-1220	surrexit	
2-39	1220-1221	,	
2-40	1222-1224	et	
2-41	1225-1236	ministrabat	
2-42	1237-1240	eis	
2-43	1240-1241	.	
2-44	1242-1244	16	
2-45	1245-1252	Vespere	
2-46	1253-1258	autem	
2-47	1259-1264	facto	
2-48	1264-1265	,	
2-49	1266-1276	obtulerunt	
2-50	1277-1279	ei	
2-51	1280-1286	multos	
2-52	1287-1294	dæmonia	
2-53	1295-1303	habentes	
2-54	1304-1305	:	
2-55	1306-1308	et	
2-56	1309-1318	ejiciebat	
2-57	1319-1327	spiritus	
2-58	1328-1333	verbo	
2-59	1333-1334	,	
2-60	1335-1337	et	
2-61	1338-1343	omnes	
2-62	1344-1348	male	
2-63	1349-1357	habentes	
2-64	1358-1365	curavit	
2-65	1366-1367	:	
2-66	1368-1370	17	
2-67	1371-1373	ut	
2-68	1374-1386	adimpleretur	
2-69	1387-1391	quod	
2-70	1392-1398	dictum	
2-71	1399-1402	est	
2-72	1403-1406	per	
2-73	1407-1413	Isaiam	
2-74	1414-1423	prophetam	
2-75	1423-1424	,	
2-76	1425-1433	dicentem	
2-77	1434-1435	:	
2-78	1436-1440	Ipse	
2-79	1441-1453	infirmitates	
2-80	1454-1461	nostras	
2-81	1462-1469	accepit	
2-82	1470-1471	:	
2-83	1472-1474	et	
2-84	1475-1487	ægrotationes	
2-85	1488-1495	nostras	
2-86	1496-1504	portavit	
2-87	1504-1505	.	
2-88	1506-1508	18	
2-89	1509-1515	Videns	
2-90	1516-1521	autem	
2-91	1522-1527	Jesus	
2-92	1528-1534	turbas	
2-93	1535-1541	multas	
2-94	1542-1548	circum	
2-95	1549-1551	se	
2-96	1551-1552	,	
2-97	1553-1559	jussit	
2-98	1560-1563	ire	
2-99	1564-1569	trans	
2-100	1570-1576	fretum	
2-101	1576-1577	.	
2-102	1578-1580	19	
2-103	1581-1583	Et	
2-104	1584-1592	accedens	
2-105	1593-1597	unus	
2-106	1598-1604	scriba	
2-107	1604-1605	,	
2-108	1606-1609	ait	
2-109	1610-1614	illi	
2-110	1615-1616	:	
2-111	1617-1625	Magister	
2-112	1625-1626	,	
2-113	1627-1633	sequar	
2-114	1634-1636	te	
2-115	1636-1637	,	
2-116	1638-1647	quocumque	
2-117	1648-1653	ieris	
2-118	1653-1654	.	
2-119	1655-1657	20	
2-120	1658-1660	Et	
2-121	1661-1666	dicit	
2-122	1667-1669	ei	
2-123	1670-1675	Jesus	
2-124	1676-1677	:	
2-125	1678-1684	Vulpes	
2-126	1685-1691	foveas	
2-127	1692-1698	habent	
2-128	1698-1699	,	
2-129	1700-1702	et	
2-130	1703-1711	volucres	
2-131	1712-1716	cæli	
2-132	1717-1722	nidos	
2-133	1723-1724	;	
2-134	1725-1731	Filius	
2-135	1732-1737	autem	
2-136	1738-1745	hominis	
2-137	1746-1749	non	
2-138	1750-1755	habet	
2-139	1756-1759	ubi	
2-140	1760-1765	caput	
2-141	1766-1774	reclinet	
2-142	1774-1775	.	
2-143	1776-1778	21	
2-144	1779-1784	Alius	
2-145	1785-1790	autem	
2-146	1791-1793	de	
2-147	1794-1804	discipulis	
2-148	1805-1809	ejus	
2-149	1810-1813	ait	
2-150	1814-1818	illi	
2-151	1819-1820	:	
2-152	1821-1827	Domine	
2-153	1827-1828	,	
2-154	1829-1837	permitte	
2-155	1838-1840	me	
2-156	1841-1847	primum	
2-157	1848-1851	ire	
2-158	1851-1852	,	
2-159	1853-1855	et	
2-160	1856-1864	sepelire	
2-161	1865-1871	patrem	
2-162	1872-1876	meum	
2-163	1876-1877	.	
2-164	1878-1880	22	
2-165	1881-1886	Jesus	
2-166	1887-1892	autem	
2-167	1893-1896	ait	
2-168	1897-1901	illi	
2-169	1902-1903	:	
2-170	1904-1911	Sequere	
2-171	1912-1914	me	
2-172	1914-1915	,	
2-173	1916-1918	et	
2-174	1919-1926	dimitte	
2-175	1927-1934	mortuos	
2-176	1935-1943	sepelire	
2-177	1944-1951	mortuos	
2-178	1952-1956	suos	
2-179	1956-1957	.	
2-180	1958-1960	23	
2-181	1961-1963	Et	
2-182	1964-1974	ascendente	
2-183	1975-1977	eo	
2-184	1978-1980	in	
2-185	1981-1990	naviculam	
2-186	1990-1991	,	
2-187	1992-1998	secuti	
2-188	1999-2003	sunt	
2-189	2004-2007	eum	
2-190	2008-2017	discipuli	
2-191	2018-2022	ejus	
2-192	2023-2024	:	
2-193	2025-2027	24	
2-194	2028-2030	et	
2-195	2031-2035	ecce	
2-196	2036-2041	motus	
2-197	2042-2048	magnus	
2-198	2049-2055	factus	
2-199	2056-2059	est	
2-200	2060-2062	in	
2-201	2063-2067	mari	
2-202	2067-2068	,	
2-203	2069-2072	ita	
2-204	2073-2075	ut	
2-205	2076-2084	navicula	
2-206	2085-2095	operiretur	
2-207	2096-2105	fluctibus	
2-208	2106-2107	:	
2-209	2108-2112	ipse	
2-210	2113-2117	vero	
2-211	2118-2127	dormiebat	
2-212	2127-2128	.	
2-213	2129-2131	25	
2-214	2132-2134	Et	
2-215	2135-2146	accesserunt	
2-216	2147-2149	ad	
2-217	2150-2153	eum	
2-218	2154-2163	discipuli	
2-219	2164-2168	ejus	
2-220	2168-2169	,	
2-221	2170-2172	et	
2-222	2173-2186	suscitaverunt	
2-223	2187-2190	eum	
2-224	2190-2191	,	
2-225	2192-2200	dicentes	
2-226	2201-2202	:	
2-227	2203-2209	Domine	
2-228	2209-2210	,	
2-229	2211-2216	salva	
2-230	2217-2220	nos	
2-231	2221-2222	:	
2-232	2223-2230	perimus	
2-233	2230-2231	.	
2-234	2232-2234	26	
2-235	2235-2237	Et	
2-236	2238-2243	dicit	
2-237	2244-2247	eis	
2-238	2248-2253	Jesus	
2-239	2254-2255	:	
2-240	2256-2260	Quid	
2-241	2261-2267	timidi	
2-242	2268-2273	estis	
2-243	2273-2274	,	
2-244	2275-2281	modicæ	
2-245	2282-2287	fidei	
2-246	2288-2289	?	

#Text=Tunc surgens imperavit ventis, et mari, et facta est tranquillitas magna.
3-1	2290-2294	Tunc	
3-2	2295-2302	surgens	
3-3	2303-2312	imperavit	
3-4	2313-2319	ventis	
3-5	2319-2320	,	
3-6	2321-2323	et	
3-7	2324-2328	mari	
3-8	2328-2329	,	
3-9	2330-2332	et	
3-10	2333-2338	facta	
3-11	2339-2342	est	
3-12	2343-2356	tranquillitas	
3-13	2357-2362	magna	
3-14	2362-2363	.	
