#FORMAT=WebAnno TSV 3.3


#Text=45 Et convenerunt qui erant de civitate, centum viginti millia virorum, et volebant interficere regem.
#Text=46 Et fugit rex in aulam : et occupaverunt qui erant de civitate, itinera civitatis, et cœperunt pugnare.
#Text=47 Et vocavit rex Judæos in auxilium, et convenerunt omnes simul ad eum, et dispersi sunt omnes per civitatem : 48 et occiderunt in illa die centum millia hominum, et succenderunt civitatem, et ceperunt spolia multa in die illa, et liberaverunt regem.
#Text=49 Et viderunt qui erant de civitate, quod obtinuissent Judæi civitatem sicut volebant : et infirmati sunt mente sua, et clamaverunt ad regem cum precibus, dicentes : 50 Da nobis dextras, et cessent Judæi oppugnare nos, et civitatem.
#Text=51 Et projecerunt arma sua, et fecerunt pacem, et glorificati sunt Judæi in conspectu regis, et in conspectu omnium qui erant in regno ejus, et nominati sunt in regno : et regressi sunt in Jerusalem habentes spolia multa.
#Text=52 Et sedit Demetrius rex in sede regni sui : et siluit terra in conspectu ejus.
#Text=53 Et mentitus est omnia quæcumque dixit, et abalienavit se a Jonatha, et non retribuit ei secundum beneficia quæ sibi tribuerat, et vexabat eum valde.
#Text=54 Post hæc autem reversus est Tryphon, et Antiochus cum eo puer adolescens, et regnavit, et imposuit sibi diadema.
#Text=55 Et congregati sunt ad eum omnes exercitus, quos disperserat Demetrius, et pugnaverunt contra eum : et fugit, et terga vertit.
#Text=56 Et accepit Tryphon bestias, et obtinuit Antiochiam.
#Text=57 Et scripsit Antiochus adolescens Jonathæ, dicens : Constituo tibi sacerdotium, et constituo te super quatuor civitates, ut sis de amicis regis.
#Text=58 Et misit illi vasa aurea in ministerium, et dedit ei potestatem bibendi in auro, et esse in purpura, et habere fibulam auream : 59 et Simonem fratrem ejus constituit ducem a terminis Tyri usque ad fines Ægypti.
#Text=60 Et exiit Jonathas, et perambulabat trans flumen civitates : et congregatus est ad eum omnis exercitus Syriæ in auxilium, et venit Ascalonem, et occurrerunt ei honorifice de civitate.
#Text=61 Et abiit inde Gazam : et concluserunt se qui erant Gazæ : et obsedit eam, et succendit quæ erant in circuitu civitatis, et prædatus est ea.
#Text=62 Et rogaverunt Gazenses Jonathan, et dedit illis dexteram : et accepit filios eorum obsides, et misit illos in Jerusalem : et perambulavit regionem usque Damascum.
#Text=63 Et audivit Jonathas quod prævaricati sunt principes Demetrii in Cades, quæ est in Galilæa, cum exercitu multo, volentes eum removere a negotio regni : 64 et occurrit illis : fratrem autem suum Simonem reliquit intra provinciam.
#Text=65 Et applicuit Simon ad Bethsuram, et expugnabat eam diebus multis, et conclusit eos.
#Text=66 Et postulaverunt ab eo dextras accipere, et dedit illis : et ejecit eos inde, et cepit civitatem, et posuit in ea præsidium.
#Text=67 Et Jonathas et castra ejus applicuerunt ad aquam Genesar, et ante lucem vigilaverunt in campo Asor : 68 et ecce castra alienigenarum occurrebant in campo, et tendebant ei insidias in montibus : ipse autem occurrit ex adverso.
#Text=69 Insidiæ vero exsurrexerunt de locis suis, et commiserunt prælium.
1-1	2-4	45	
1-2	5-7	Et	
1-3	8-19	convenerunt	
1-4	20-23	qui	
1-5	24-29	erant	
1-6	30-32	de	
1-7	33-41	civitate	
1-8	41-42	,	
1-9	43-49	centum	
1-10	50-57	viginti	
1-11	58-64	millia	
1-12	65-72	virorum	
1-13	72-73	,	
1-14	74-76	et	
1-15	77-85	volebant	
1-16	86-97	interficere	
1-17	98-103	regem	
1-18	103-104	.	
1-19	105-107	46	
1-20	108-110	Et	
1-21	111-116	fugit	
1-22	117-120	rex	
1-23	121-123	in	
1-24	124-129	aulam	
1-25	130-131	:	
1-26	132-134	et	
1-27	135-147	occupaverunt	
1-28	148-151	qui	
1-29	152-157	erant	
1-30	158-160	de	
1-31	161-169	civitate	
1-32	169-170	,	
1-33	171-178	itinera	
1-34	179-188	civitatis	
1-35	188-189	,	
1-36	190-192	et	
1-37	193-201	cœperunt	
1-38	202-209	pugnare	
1-39	209-210	.	
1-40	211-213	47	
1-41	214-216	Et	
1-42	217-224	vocavit	
1-43	225-228	rex	
1-44	229-235	Judæos	
1-45	236-238	in	
1-46	239-247	auxilium	
1-47	247-248	,	
1-48	249-251	et	
1-49	252-263	convenerunt	
1-50	264-269	omnes	
1-51	270-275	simul	
1-52	276-278	ad	
1-53	279-282	eum	
1-54	282-283	,	
1-55	284-286	et	
1-56	287-295	dispersi	
1-57	296-300	sunt	
1-58	301-306	omnes	
1-59	307-310	per	
1-60	311-320	civitatem	
1-61	321-322	:	
1-62	323-325	48	
1-63	326-328	et	
1-64	329-339	occiderunt	
1-65	340-342	in	
1-66	343-347	illa	
1-67	348-351	die	
1-68	352-358	centum	
1-69	359-365	millia	
1-70	366-373	hominum	
1-71	373-374	,	
1-72	375-377	et	
1-73	378-390	succenderunt	
1-74	391-400	civitatem	
1-75	400-401	,	
1-76	402-404	et	
1-77	405-413	ceperunt	
1-78	414-420	spolia	
1-79	421-426	multa	
1-80	427-429	in	
1-81	430-433	die	
1-82	434-438	illa	
1-83	438-439	,	
1-84	440-442	et	
1-85	443-455	liberaverunt	
1-86	456-461	regem	
1-87	461-462	.	
1-88	463-465	49	
1-89	466-468	Et	
1-90	469-477	viderunt	
1-91	478-481	qui	
1-92	482-487	erant	
1-93	488-490	de	
1-94	491-499	civitate	
1-95	499-500	,	
1-96	501-505	quod	
1-97	506-518	obtinuissent	
1-98	519-524	Judæi	
1-99	525-534	civitatem	
1-100	535-540	sicut	
1-101	541-549	volebant	
1-102	550-551	:	
1-103	552-554	et	
1-104	555-564	infirmati	
1-105	565-569	sunt	
1-106	570-575	mente	
1-107	576-579	sua	
1-108	579-580	,	
1-109	581-583	et	
1-110	584-595	clamaverunt	
1-111	596-598	ad	
1-112	599-604	regem	
1-113	605-608	cum	
1-114	609-617	precibus	
1-115	617-618	,	
1-116	619-627	dicentes	
1-117	628-629	:	
1-118	630-632	50	
1-119	633-635	Da	
1-120	636-641	nobis	
1-121	642-649	dextras	
1-122	649-650	,	
1-123	651-653	et	
1-124	654-661	cessent	
1-125	662-667	Judæi	
1-126	668-677	oppugnare	
1-127	678-681	nos	
1-128	681-682	,	
1-129	683-685	et	
1-130	686-695	civitatem	
1-131	695-696	.	
1-132	697-699	51	
1-133	700-702	Et	
1-134	703-714	projecerunt	
1-135	715-719	arma	
1-136	720-723	sua	
1-137	723-724	,	
1-138	725-727	et	
1-139	728-736	fecerunt	
1-140	737-742	pacem	
1-141	742-743	,	
1-142	744-746	et	
1-143	747-758	glorificati	
1-144	759-763	sunt	
1-145	764-769	Judæi	
1-146	770-772	in	
1-147	773-782	conspectu	
1-148	783-788	regis	
1-149	788-789	,	
1-150	790-792	et	
1-151	793-795	in	
1-152	796-805	conspectu	
1-153	806-812	omnium	
1-154	813-816	qui	
1-155	817-822	erant	
1-156	823-825	in	
1-157	826-831	regno	
1-158	832-836	ejus	
1-159	836-837	,	
1-160	838-840	et	
1-161	841-849	nominati	
1-162	850-854	sunt	
1-163	855-857	in	
1-164	858-863	regno	
1-165	864-865	:	
1-166	866-868	et	
1-167	869-877	regressi	
1-168	878-882	sunt	
1-169	883-885	in	
1-170	886-895	Jerusalem	
1-171	896-904	habentes	
1-172	905-911	spolia	
1-173	912-917	multa	
1-174	917-918	.	
1-175	919-921	52	
1-176	922-924	Et	
1-177	925-930	sedit	
1-178	931-940	Demetrius	
1-179	941-944	rex	
1-180	945-947	in	
1-181	948-952	sede	
1-182	953-958	regni	
1-183	959-962	sui	
1-184	963-964	:	
1-185	965-967	et	
1-186	968-974	siluit	
1-187	975-980	terra	
1-188	981-983	in	
1-189	984-993	conspectu	
1-190	994-998	ejus	
1-191	998-999	.	
1-192	1000-1002	53	
1-193	1003-1005	Et	
1-194	1006-1014	mentitus	
1-195	1015-1018	est	
1-196	1019-1024	omnia	
1-197	1025-1034	quæcumque	
1-198	1035-1040	dixit	
1-199	1040-1041	,	
1-200	1042-1044	et	
1-201	1045-1056	abalienavit	
1-202	1057-1059	se	
1-203	1060-1061	a	
1-204	1062-1069	Jonatha	
1-205	1069-1070	,	
1-206	1071-1073	et	
1-207	1074-1077	non	
1-208	1078-1087	retribuit	
1-209	1088-1090	ei	
1-210	1091-1099	secundum	
1-211	1100-1109	beneficia	
1-212	1110-1113	quæ	
1-213	1114-1118	sibi	
1-214	1119-1128	tribuerat	
1-215	1128-1129	,	
1-216	1130-1132	et	
1-217	1133-1140	vexabat	
1-218	1141-1144	eum	
1-219	1145-1150	valde	
1-220	1150-1151	.	
1-221	1152-1154	54	
1-222	1155-1159	Post	
1-223	1160-1163	hæc	
1-224	1164-1169	autem	
1-225	1170-1178	reversus	
1-226	1179-1182	est	
1-227	1183-1190	Tryphon	
1-228	1190-1191	,	
1-229	1192-1194	et	
1-230	1195-1204	Antiochus	
1-231	1205-1208	cum	
1-232	1209-1211	eo	
1-233	1212-1216	puer	
1-234	1217-1227	adolescens	
1-235	1227-1228	,	
1-236	1229-1231	et	
1-237	1232-1240	regnavit	
1-238	1240-1241	,	
1-239	1242-1244	et	
1-240	1245-1253	imposuit	
1-241	1254-1258	sibi	
1-242	1259-1266	diadema	
1-243	1266-1267	.	
1-244	1268-1270	55	
1-245	1271-1273	Et	
1-246	1274-1284	congregati	
1-247	1285-1289	sunt	
1-248	1290-1292	ad	
1-249	1293-1296	eum	
1-250	1297-1302	omnes	
1-251	1303-1312	exercitus	
1-252	1312-1313	,	
1-253	1314-1318	quos	
1-254	1319-1330	disperserat	
1-255	1331-1340	Demetrius	
1-256	1340-1341	,	
1-257	1342-1344	et	
1-258	1345-1356	pugnaverunt	
1-259	1357-1363	contra	
1-260	1364-1367	eum	
1-261	1368-1369	:	
1-262	1370-1372	et	
1-263	1373-1378	fugit	
1-264	1378-1379	,	
1-265	1380-1382	et	
1-266	1383-1388	terga	
1-267	1389-1395	vertit	
1-268	1395-1396	.	
1-269	1397-1399	56	
1-270	1400-1402	Et	
1-271	1403-1410	accepit	
1-272	1411-1418	Tryphon	
1-273	1419-1426	bestias	
1-274	1426-1427	,	
1-275	1428-1430	et	
1-276	1431-1439	obtinuit	
1-277	1440-1450	Antiochiam	
1-278	1450-1451	.	
1-279	1452-1454	57	
1-280	1455-1457	Et	
1-281	1458-1466	scripsit	
1-282	1467-1476	Antiochus	
1-283	1477-1487	adolescens	
1-284	1488-1495	Jonathæ	
1-285	1495-1496	,	
1-286	1497-1503	dicens	
1-287	1504-1505	:	
1-288	1506-1515	Constituo	
1-289	1516-1520	tibi	
1-290	1521-1532	sacerdotium	
1-291	1532-1533	,	
1-292	1534-1536	et	
1-293	1537-1546	constituo	
1-294	1547-1549	te	
1-295	1550-1555	super	
1-296	1556-1563	quatuor	
1-297	1564-1573	civitates	
1-298	1573-1574	,	
1-299	1575-1577	ut	
1-300	1578-1581	sis	
1-301	1582-1584	de	
1-302	1585-1591	amicis	
1-303	1592-1597	regis	
1-304	1597-1598	.	
1-305	1599-1601	58	
1-306	1602-1604	Et	
1-307	1605-1610	misit	
1-308	1611-1615	illi	
1-309	1616-1620	vasa	
1-310	1621-1626	aurea	
1-311	1627-1629	in	
1-312	1630-1641	ministerium	
1-313	1641-1642	,	
1-314	1643-1645	et	
1-315	1646-1651	dedit	
1-316	1652-1654	ei	
1-317	1655-1665	potestatem	
1-318	1666-1673	bibendi	
1-319	1674-1676	in	
1-320	1677-1681	auro	
1-321	1681-1682	,	
1-322	1683-1685	et	
1-323	1686-1690	esse	
1-324	1691-1693	in	
1-325	1694-1701	purpura	
1-326	1701-1702	,	
1-327	1703-1705	et	
1-328	1706-1712	habere	
1-329	1713-1720	fibulam	
1-330	1721-1727	auream	
1-331	1728-1729	:	
1-332	1730-1732	59	
1-333	1733-1735	et	
1-334	1736-1743	Simonem	
1-335	1744-1751	fratrem	
1-336	1752-1756	ejus	
1-337	1757-1767	constituit	
1-338	1768-1773	ducem	
1-339	1774-1775	a	
1-340	1776-1784	terminis	
1-341	1785-1789	Tyri	
1-342	1790-1795	usque	
1-343	1796-1798	ad	
1-344	1799-1804	fines	
1-345	1805-1811	Ægypti	
1-346	1811-1812	.	
1-347	1813-1815	60	
1-348	1816-1818	Et	
1-349	1819-1824	exiit	
1-350	1825-1833	Jonathas	
1-351	1833-1834	,	
1-352	1835-1837	et	
1-353	1838-1850	perambulabat	
1-354	1851-1856	trans	
1-355	1857-1863	flumen	
1-356	1864-1873	civitates	
1-357	1874-1875	:	
1-358	1876-1878	et	
1-359	1879-1890	congregatus	
1-360	1891-1894	est	
1-361	1895-1897	ad	
1-362	1898-1901	eum	
1-363	1902-1907	omnis	
1-364	1908-1917	exercitus	
1-365	1918-1923	Syriæ	
1-366	1924-1926	in	
1-367	1927-1935	auxilium	
1-368	1935-1936	,	
1-369	1937-1939	et	
1-370	1940-1945	venit	
1-371	1946-1955	Ascalonem	
1-372	1955-1956	,	
1-373	1957-1959	et	
1-374	1960-1971	occurrerunt	
1-375	1972-1974	ei	
1-376	1975-1985	honorifice	
1-377	1986-1988	de	
1-378	1989-1997	civitate	
1-379	1997-1998	.	
1-380	1999-2001	61	
1-381	2002-2004	Et	
1-382	2005-2010	abiit	
1-383	2011-2015	inde	
1-384	2016-2021	Gazam	
1-385	2022-2023	:	
1-386	2024-2026	et	
1-387	2027-2039	concluserunt	
1-388	2040-2042	se	
1-389	2043-2046	qui	
1-390	2047-2052	erant	
1-391	2053-2057	Gazæ	
1-392	2058-2059	:	
1-393	2060-2062	et	
1-394	2063-2070	obsedit	
1-395	2071-2074	eam	
1-396	2074-2075	,	
1-397	2076-2078	et	
1-398	2079-2088	succendit	
1-399	2089-2092	quæ	
1-400	2093-2098	erant	
1-401	2099-2101	in	
1-402	2102-2110	circuitu	
1-403	2111-2120	civitatis	
1-404	2120-2121	,	
1-405	2122-2124	et	
1-406	2125-2133	prædatus	
1-407	2134-2137	est	
1-408	2138-2140	ea	
1-409	2140-2141	.	
1-410	2142-2144	62	
1-411	2145-2147	Et	
1-412	2148-2158	rogaverunt	
1-413	2159-2167	Gazenses	
1-414	2168-2176	Jonathan	
1-415	2176-2177	,	
1-416	2178-2180	et	
1-417	2181-2186	dedit	
1-418	2187-2192	illis	
1-419	2193-2201	dexteram	
1-420	2202-2203	:	
1-421	2204-2206	et	
1-422	2207-2214	accepit	
1-423	2215-2221	filios	
1-424	2222-2227	eorum	
1-425	2228-2235	obsides	
1-426	2235-2236	,	
1-427	2237-2239	et	
1-428	2240-2245	misit	
1-429	2246-2251	illos	
1-430	2252-2254	in	
1-431	2255-2264	Jerusalem	
1-432	2265-2266	:	
1-433	2267-2269	et	
1-434	2270-2282	perambulavit	
1-435	2283-2291	regionem	
1-436	2292-2297	usque	
1-437	2298-2306	Damascum	
1-438	2306-2307	.	
1-439	2308-2310	63	
1-440	2311-2313	Et	
1-441	2314-2321	audivit	
1-442	2322-2330	Jonathas	
1-443	2331-2335	quod	
1-444	2336-2347	prævaricati	
1-445	2348-2352	sunt	
1-446	2353-2362	principes	
1-447	2363-2371	Demetrii	
1-448	2372-2374	in	
1-449	2375-2380	Cades	
1-450	2380-2381	,	
1-451	2382-2385	quæ	
1-452	2386-2389	est	
1-453	2390-2392	in	
1-454	2393-2400	Galilæa	
1-455	2400-2401	,	
1-456	2402-2405	cum	
1-457	2406-2414	exercitu	
1-458	2415-2420	multo	
1-459	2420-2421	,	
1-460	2422-2430	volentes	
1-461	2431-2434	eum	
1-462	2435-2443	removere	
1-463	2444-2445	a	
1-464	2446-2453	negotio	
1-465	2454-2459	regni	
1-466	2460-2461	:	
1-467	2462-2464	64	
1-468	2465-2467	et	
1-469	2468-2476	occurrit	
1-470	2477-2482	illis	
1-471	2483-2484	:	
1-472	2485-2492	fratrem	
1-473	2493-2498	autem	
1-474	2499-2503	suum	
1-475	2504-2511	Simonem	
1-476	2512-2520	reliquit	
1-477	2521-2526	intra	
1-478	2527-2537	provinciam	
1-479	2537-2538	.	
1-480	2539-2541	65	
1-481	2542-2544	Et	
1-482	2545-2554	applicuit	
1-483	2555-2560	Simon	
1-484	2561-2563	ad	
1-485	2564-2573	Bethsuram	
1-486	2573-2574	,	
1-487	2575-2577	et	
1-488	2578-2588	expugnabat	
1-489	2589-2592	eam	
1-490	2593-2599	diebus	
1-491	2600-2606	multis	
1-492	2606-2607	,	
1-493	2608-2610	et	
1-494	2611-2620	conclusit	
1-495	2621-2624	eos	
1-496	2624-2625	.	
1-497	2626-2628	66	
1-498	2629-2631	Et	
1-499	2632-2645	postulaverunt	
1-500	2646-2648	ab	
1-501	2649-2651	eo	
1-502	2652-2659	dextras	
1-503	2660-2668	accipere	
1-504	2668-2669	,	
1-505	2670-2672	et	
1-506	2673-2678	dedit	
1-507	2679-2684	illis	
1-508	2685-2686	:	
1-509	2687-2689	et	
1-510	2690-2696	ejecit	
1-511	2697-2700	eos	
1-512	2701-2705	inde	
1-513	2705-2706	,	
1-514	2707-2709	et	
1-515	2710-2715	cepit	
1-516	2716-2725	civitatem	
1-517	2725-2726	,	
1-518	2727-2729	et	
1-519	2730-2736	posuit	
1-520	2737-2739	in	
1-521	2740-2742	ea	
1-522	2743-2752	præsidium	
1-523	2752-2753	.	
1-524	2754-2756	67	
1-525	2757-2759	Et	
1-526	2760-2768	Jonathas	
1-527	2769-2771	et	
1-528	2772-2778	castra	
1-529	2779-2783	ejus	
1-530	2784-2796	applicuerunt	
1-531	2797-2799	ad	
1-532	2800-2805	aquam	
1-533	2806-2813	Genesar	
1-534	2813-2814	,	
1-535	2815-2817	et	
1-536	2818-2822	ante	
1-537	2823-2828	lucem	
1-538	2829-2841	vigilaverunt	
1-539	2842-2844	in	
1-540	2845-2850	campo	
1-541	2851-2855	Asor	
1-542	2856-2857	:	
1-543	2858-2860	68	
1-544	2861-2863	et	
1-545	2864-2868	ecce	
1-546	2869-2875	castra	
1-547	2876-2889	alienigenarum	
1-548	2890-2901	occurrebant	
1-549	2902-2904	in	
1-550	2905-2910	campo	
1-551	2910-2911	,	
1-552	2912-2914	et	
1-553	2915-2924	tendebant	
1-554	2925-2927	ei	
1-555	2928-2936	insidias	
1-556	2937-2939	in	
1-557	2940-2948	montibus	
1-558	2949-2950	:	
1-559	2951-2955	ipse	
1-560	2956-2961	autem	
1-561	2962-2970	occurrit	
1-562	2971-2973	ex	
1-563	2974-2981	adverso	
1-564	2981-2982	.	
1-565	2983-2985	69	
1-566	2986-2993	Insidiæ	
1-567	2994-2998	vero	
1-568	2999-3012	exsurrexerunt	
1-569	3013-3015	de	
1-570	3016-3021	locis	
1-571	3022-3026	suis	
1-572	3026-3027	,	
1-573	3028-3030	et	
1-574	3031-3042	commiserunt	
1-575	3043-3050	prælium	
1-576	3050-3051	.	
