#FORMAT=WebAnno TSV 3.3
#T_SP=custom.Span|label


#Text=auß
#Text=zehen oder zwoͤlff Beeren beſtehend/
#Text=welche
#Text=alſo hart zuſammen gedrungen/
#Text=daß ſie ein-
#Text=ander kleine hoͤle eintrucken.
1-1	2-5	auß	_	
1-2	6-11	zehen	_	
1-3	12-16	oder	_	
1-4	17-24	zwoͤlff	_	
1-5	25-31	Beeren	_	
1-6	32-41	beſtehend	_	
1-7	41-42	/	_	
1-8	43-49	welche	_	
1-9	50-54	alſo	_	
1-10	55-59	hart	_	
1-11	60-68	zuſammen	_	
1-12	69-78	gedrungen	_	
1-13	78-79	/	_	
1-14	80-83	daß	_	
1-15	84-87	ſie	_	
1-16	88-91	ein	_	
1-17	91-92	-	_	
1-18	93-98	ander	_	
1-19	99-105	kleine	_	
1-20	106-111	hoͤle	_	
1-21	112-122	eintrucken	_	
1-22	122-123	.	_	

#Text=Dieſe
#Text=Frucht
#Text=
#Text=wird von einem runden/ daumens langen/
#Text=
#Text=ſcharffriechenden und ſchmaͤckenden Holtz/
#Text=
#Text=ſo mit blaͤtteren/ hauffenweiß gezieret/
#Text=getra-
#Text=gen.
2-1	124-129	Dieſe	_	
2-2	130-136	Frucht	_	
2-3	138-142	wird	_	
2-4	143-146	von	_	
2-5	147-152	einem	_	
2-6	153-159	runden	_	
2-7	159-160	/	_	
2-8	161-168	daumens	_	
2-9	169-175	langen	_	
2-10	175-176	/	_	
2-11	178-195	ſcharffriechenden	*[1]|Quality[2]	
2-12	196-199	und	_	
2-13	200-213	ſchmaͤckenden	_	
2-14	214-219	Holtz	Smell\_Source	
2-15	219-220	/	_	
2-16	222-224	ſo	_	
2-17	225-228	mit	_	
2-18	229-239	blaͤtteren	_	
2-19	239-240	/	_	
2-20	241-252	hauffenweiß	_	
2-21	253-261	gezieret	_	
2-22	261-262	/	_	
2-23	263-268	getra	_	
2-24	268-269	-	_	
2-25	270-273	gen	_	
2-26	273-274	.	_	

#Text=Die laͤngſten blaͤtter ſind uͤber einen
#Text=halben zoll nicht lang/ im uͤbrigen duͤnn/
#Text=
#Text=fibroſiſch/ ſcharff und ſtarck riechend.
3-1	275-278	Die	_	
3-2	279-288	laͤngſten	_	
3-3	289-297	blaͤtter	Smell\_Source	
3-4	298-302	ſind	_	
3-5	303-308	uͤber	_	
3-6	309-314	einen	_	
3-7	315-321	halben	_	
3-8	322-326	zoll	_	
3-9	327-332	nicht	_	
3-10	333-337	lang	_	
3-11	337-338	/	_	
3-12	339-341	im	_	
3-13	342-350	uͤbrigen	_	
3-14	351-356	duͤnn	_	
3-15	356-357	/	_	
3-16	359-369	fibroſiſch	_	
3-17	369-370	/	_	
3-18	371-378	ſcharff	_	
3-19	379-382	und	_	
3-20	383-389	ſtarck	Quality	
3-21	390-398	riechend	*[3]|Smell\_Word[4]	
3-22	398-399	.	_	

#Text=Der
#Text=Frucht oder Beeren deß Amomi figur und
#Text=dicke iſt rund/ und in groͤſſe eines mittel-
#Text=maͤſſigen
#Text=Traubenbeers.
4-1	400-403	Der	_	
4-2	404-410	Frucht	_	
4-3	411-415	oder	_	
4-4	416-422	Beeren	_	
4-5	423-426	deß	_	
4-6	427-432	Amomi	_	
4-7	433-438	figur	_	
4-8	439-442	und	_	
4-9	443-448	dicke	_	
4-10	449-452	iſt	_	
4-11	453-457	rund	_	
4-12	457-458	/	_	
4-13	459-462	und	_	
4-14	463-465	in	_	
4-15	466-473	groͤſſe	_	
4-16	474-479	eines	_	
4-17	480-486	mittel	_	
4-18	486-487	-	_	
4-19	488-497	maͤſſigen	_	
4-20	498-510	Traubenbeers	_	
4-21	510-511	.	_	

#Text=Dieſe Frucht-
#Text=taͤſchlein des Amomi, ſind außwendig mit
#Text=gantz ſubtilen faͤſerlein/ oder nerven/ wie
#Text=auch mit holen linien geſtreiffelt und gezie-
#Text=ret.
5-1	512-517	Dieſe	_	
5-2	518-524	Frucht	_	
5-3	524-525	-	_	
5-4	526-536	taͤſchlein	_	
5-5	537-540	des	_	
5-6	541-546	Amomi	_	
5-7	546-547	,	_	
5-8	548-552	ſind	_	
5-9	553-562	außwendig	_	
5-10	563-566	mit	_	
5-11	567-572	gantz	_	
5-12	573-581	ſubtilen	_	
5-13	582-592	faͤſerlein	_	
5-14	592-593	/	_	
5-15	594-598	oder	_	
5-16	599-605	nerven	_	
5-17	605-606	/	_	
5-18	607-610	wie	_	
5-19	611-615	auch	_	
5-20	616-619	mit	_	
5-21	620-625	holen	_	
5-22	626-632	linien	_	
5-23	633-645	geſtreiffelt	_	
5-24	646-649	und	_	
5-25	650-655	gezie	_	
5-26	655-656	-	_	
5-27	657-660	ret	_	
5-28	660-661	.	_	

#Text=Jn ſolchen Beeren allen ſtecken drey
#Text=reihen Samen/
#Text=welche eckicht/ und mit duͤn-
#Text=nen haͤutlein umbgeben/ auch dicht auff
#Text=
#Text=einander ligen/ daß ſie nicht groͤſſer ſchei-
#Text=nen als drey eintzele ablange Samen.
6-1	662-664	Jn	_	
6-2	665-672	ſolchen	_	
6-3	673-679	Beeren	_	
6-4	680-685	allen	_	
6-5	686-693	ſtecken	_	
6-6	694-698	drey	_	
6-7	699-705	reihen	_	
6-8	706-711	Samen	_	
6-9	711-712	/	_	
6-10	713-719	welche	_	
6-11	720-727	eckicht	_	
6-12	727-728	/	_	
6-13	729-732	und	_	
6-14	733-736	mit	_	
6-15	737-741	duͤn	_	
6-16	741-742	-	_	
6-17	743-746	nen	_	
6-18	747-756	haͤutlein	_	
6-19	757-765	umbgeben	_	
6-20	765-766	/	_	
6-21	767-771	auch	_	
6-22	772-777	dicht	_	
6-23	778-782	auff	_	
6-24	784-792	einander	_	
6-25	793-798	ligen	_	
6-26	798-799	/	_	
6-27	800-803	daß	_	
6-28	804-807	ſie	_	
6-29	808-813	nicht	_	
6-30	814-822	groͤſſer	_	
6-31	823-828	ſchei	_	
6-32	828-829	-	_	
6-33	830-833	nen	_	
6-34	834-837	als	_	
6-35	838-842	drey	_	
6-36	843-851	eintzele	_	
6-37	852-859	ablange	_	
6-38	860-865	Samen	_	
6-39	865-866	.	_	

#Text=Die
#Text=farb dieſer Beeren/
#Text=gleich wie auch des Hol-
#Text=tzes iſt in etlichen weiß/ in anderen bleich/ in
#Text=den dritten etwas braunroth.
7-1	867-870	Die	_	
7-2	871-875	farb	_	
7-3	876-882	dieſer	_	
7-4	883-889	Beeren	_	
7-5	889-890	/	_	
7-6	891-897	gleich	_	
7-7	898-901	wie	_	
7-8	902-906	auch	_	
7-9	907-910	des	_	
7-10	911-914	Hol	_	
7-11	914-915	-	_	
7-12	916-920	tzes	_	
7-13	921-924	iſt	_	
7-14	925-927	in	_	
7-15	928-936	etlichen	_	
7-16	937-941	weiß	_	
7-17	941-942	/	_	
7-18	943-945	in	_	
7-19	946-953	anderen	_	
7-20	954-960	bleich	_	
7-21	960-961	/	_	
7-22	962-964	in	_	
7-23	965-968	den	_	
7-24	969-976	dritten	_	
7-25	977-982	etwas	_	
7-26	983-992	braunroth	_	
7-27	992-993	.	_	

#Text=Jn den weiſ-
#Text=ſen Fruͤchten ſind die Samen gemeiniglich
8-1	994-996	Jn	_	
8-2	997-1000	den	_	
8-3	1001-1005	weiſ	_	
8-4	1005-1006	-	_	
8-5	1007-1010	ſen	_	
8-6	1011-1020	Fruͤchten	_	
8-7	1021-1025	ſind	_	
8-8	1026-1029	die	_	
8-9	1030-1035	Samen	_	
8-10	1036-1048	gemeiniglich	_	
