#FORMAT=WebAnno TSV 3.3
#T_SP=custom.Span|label
#T_RL=custom.Relation|label|BT_custom.Span


#Text=Non acris est aromaticus, E. ignis non superat: fed tamen aromatici quid continet i. e. oleum aethereum diffolutum i. e. fal olei est blandum et blandities cogitari non potest sine aquae 'et terrae viribus i. e. fine viscoso E.
1-1	2-5	Non	_	_	_	
1-2	6-11	acris	Quality	_	_	
1-3	12-15	est	_	_	_	
1-4	16-26	aromaticus	Smell\_Word[1]|Quality[2]	*|*	1-4[2_1]|1-2[0_1]	
1-5	26-27	,	_	_	_	
1-6	28-29	E	_	_	_	
1-7	29-30	.	_	_	_	
1-8	31-36	ignis	_	_	_	
1-9	37-40	non	_	_	_	
1-10	41-48	superat	_	_	_	
1-11	48-49	:	_	_	_	
1-12	50-53	fed	_	_	_	
1-13	54-59	tamen	_	_	_	
1-14	60-69	aromatici	_	_	_	
1-15	70-74	quid	_	_	_	
1-16	75-83	continet	_	_	_	
1-17	84-85	i	_	_	_	
1-18	85-86	.	_	_	_	
1-19	87-88	e	_	_	_	
1-20	88-89	.	_	_	_	
1-21	90-95	oleum	_	_	_	
1-22	96-105	aethereum	_	_	_	
1-23	106-116	diffolutum	_	_	_	
1-24	117-118	i	_	_	_	
1-25	118-119	.	_	_	_	
1-26	120-121	e	_	_	_	
1-27	121-122	.	_	_	_	
1-28	123-126	fal	_	_	_	
1-29	127-131	olei	_	_	_	
1-30	132-135	est	_	_	_	
1-31	136-143	blandum	_	_	_	
1-32	144-146	et	_	_	_	
1-33	147-157	blandities	_	_	_	
1-34	158-166	cogitari	_	_	_	
1-35	167-170	non	_	_	_	
1-36	171-177	potest	_	_	_	
1-37	178-182	sine	_	_	_	
1-38	183-188	aquae	_	_	_	
1-39	189-190	'	_	_	_	
1-40	190-192	et	_	_	_	
1-41	193-199	terrae	_	_	_	
1-42	200-207	viribus	_	_	_	
1-43	208-209	i	_	_	_	
1-44	209-210	.	_	_	_	
1-45	211-212	e	_	_	_	
1-46	212-213	.	_	_	_	
1-47	214-218	fine	_	_	_	
1-48	219-226	viscoso	_	_	_	
1-49	227-228	E	_	_	_	
1-50	228-229	.	_	_	_	

#Text=Sal olei non igneum sed blandum ineft.
2-1	230-233	Sal	_	_	_	
2-2	234-238	olei	_	_	_	
2-3	239-242	non	_	_	_	
2-4	243-249	igneum	_	_	_	
2-5	250-253	sed	_	_	_	
2-6	254-261	blandum	_	_	_	
2-7	262-267	ineft	_	_	_	
2-8	267-268	.	_	_	_	

#Text=E. mercurius falis olei áqua temperatus.
3-1	269-270	E	_	_	_	
3-2	270-271	.	_	_	_	
3-3	272-281	mercurius	_	_	_	
3-4	282-287	falis	_	_	_	
3-5	288-292	olei	_	_	_	
3-6	293-297	áqua	_	_	_	
3-7	298-308	temperatus	_	_	_	
3-8	308-309	.	_	_	_	

#Text=Nunc confer haec cum examine chymico: · Omnia fuppeditant multum oleum aethereum sed magis blandum, et aquae viribus temperatum.
4-1	310-314	Nunc	_	_	_	
4-2	315-321	confer	_	_	_	
4-3	322-326	haec	_	_	_	
4-4	327-330	cum	_	_	_	
4-5	331-338	examine	_	_	_	
4-6	339-346	chymico	_	_	_	
4-7	346-347	:	_	_	_	
4-8	348-349	·	_	_	_	
4-9	350-355	Omnia	_	_	_	
4-10	356-367	fuppeditant	_	_	_	
4-11	368-374	multum	_	_	_	
4-12	375-380	oleum	_	_	_	
4-13	381-390	aethereum	_	_	_	
4-14	391-394	sed	_	_	_	
4-15	395-400	magis	_	_	_	
4-16	401-408	blandum	_	_	_	
4-17	408-409	,	_	_	_	
4-18	410-412	et	_	_	_	
4-19	413-418	aquae	_	_	_	
4-20	419-426	viribus	_	_	_	
4-21	427-437	temperatum	_	_	_	
4-22	437-438	.	_	_	_	

#Text=Eft 0
#Text=
#Text=
#Text=
#Text=Salia vero effentialia iterum diuerfa funt in his odoribus quod discrimen quidem nunc in fingulis regnis oftendendum eft.
#Text=dor ambrosiacus in regno animali fcilicet in moscho et zibetho : haec fingulare fal habent scilicet magis nitrosum et sulphureum
#Text=
#Text=
#Text=
#Text=cum
#Text=
#Text=
#Text=
#Text=
#Text=
#Text=cum terra antacida.
5-1	439-442	Eft	_	_	_	
5-2	443-444	0	_	_	_	
5-3	448-453	Salia	_	_	_	
5-4	454-458	vero	_	_	_	
5-5	459-470	effentialia	_	_	_	
5-6	471-477	iterum	_	_	_	
5-7	478-485	diuerfa	_	_	_	
5-8	486-490	funt	_	_	_	
5-9	491-493	in	_	_	_	
5-10	494-497	his	_	_	_	
5-11	498-506	odoribus	Smell\_Word[3]|Smell\_Source[4]	*	5-11[4_3]	
5-12	507-511	quod	_	_	_	
5-13	512-521	discrimen	_	_	_	
5-14	522-528	quidem	_	_	_	
5-15	529-533	nunc	_	_	_	
5-16	534-536	in	_	_	_	
5-17	537-545	fingulis	_	_	_	
5-18	546-552	regnis	_	_	_	
5-19	553-564	oftendendum	_	_	_	
5-20	565-568	eft	_	_	_	
5-21	568-569	.	_	_	_	
5-22	570-573	dor	Smell\_Word	*|*	5-23|5-24[5_0]	
5-23	574-585	ambrosiacus	Quality	_	_	
5-24	586-588	in	Odour\_Carrier[5]	_	_	
5-25	589-594	regno	Odour\_Carrier[5]	_	_	
5-26	595-602	animali	Odour\_Carrier[5]	_	_	
5-27	603-611	fcilicet	Odour\_Carrier[5]	_	_	
5-28	612-614	in	Odour\_Carrier[5]	_	_	
5-29	615-621	moscho	Odour\_Carrier[5]	_	_	
5-30	622-624	et	Odour\_Carrier[5]	_	_	
5-31	625-632	zibetho	Odour\_Carrier[5]	_	_	
5-32	633-634	:	_	_	_	
5-33	635-639	haec	_	_	_	
5-34	640-649	fingulare	_	_	_	
5-35	650-653	fal	_	_	_	
5-36	654-660	habent	_	_	_	
5-37	661-669	scilicet	_	_	_	
5-38	670-675	magis	_	_	_	
5-39	676-684	nitrosum	_	_	_	
5-40	685-687	et	_	_	_	
5-41	688-698	sulphureum	_	_	_	
5-42	702-705	cum	_	_	_	
5-43	711-714	cum	_	_	_	
5-44	715-720	terra	_	_	_	
5-45	721-729	antacida	_	_	_	
5-46	729-730	.	_	_	_	

#Text=Hoc nonfolum ostendit tota humorum animaa lium natura , quae fere nitroso- fulphureo ammoniacalis eft, fed e. tiam alia phoenomena ostendunt; et vt recte haec intelligantur, pluribus de hoc odore loquar.
6-1	731-734	Hoc	_	_	_	
6-2	735-743	nonfolum	_	_	_	
6-3	744-752	ostendit	_	_	_	
6-4	753-757	tota	_	_	_	
6-5	758-765	humorum	_	_	_	
6-6	766-772	animaa	_	_	_	
6-7	773-777	lium	_	_	_	
6-8	778-784	natura	_	_	_	
6-9	785-786	,	_	_	_	
6-10	787-791	quae	_	_	_	
6-11	792-796	fere	_	_	_	
6-12	797-804	nitroso	_	_	_	
6-13	804-805	-	_	_	_	
6-14	806-815	fulphureo	_	_	_	
6-15	816-828	ammoniacalis	_	_	_	
6-16	829-832	eft	_	_	_	
6-17	832-833	,	_	_	_	
6-18	834-837	fed	_	_	_	
6-19	838-839	e	_	_	_	
6-20	839-840	.	_	_	_	
6-21	841-845	tiam	_	_	_	
6-22	846-850	alia	_	_	_	
6-23	851-861	phoenomena	_	_	_	
6-24	862-871	ostendunt	_	_	_	
6-25	871-872	;	_	_	_	
6-26	873-875	et	_	_	_	
6-27	876-878	vt	_	_	_	
6-28	879-884	recte	_	_	_	
6-29	885-889	haec	_	_	_	
6-30	890-903	intelligantur	_	_	_	
6-31	903-904	,	_	_	_	
6-32	905-913	pluribus	_	_	_	
6-33	914-916	de	_	_	_	
6-34	917-920	hoc	Quality	Anaphoric	5-23	
6-35	921-926	odore	Smell\_Word[6]|Smell\_Source[7]	*|*	6-35[7_6]|6-34[0_6]	
6-36	927-933	loquar	_	_	_	
6-37	933-934	.	_	_	_	

#Text=Id E. nullus negabit, quod mo.
#Text=schi, zibethi et castorei odor : ex fale per inflammabiles.
#Text=partes blandas volatilifato oriatur.
7-1	935-937	Id	_	_	_	
7-2	938-939	E	_	_	_	
7-3	939-940	.	_	_	_	
7-4	941-947	nullus	_	_	_	
7-5	948-955	negabit	_	_	_	
7-6	955-956	,	_	_	_	
7-7	957-961	quod	_	_	_	
7-8	962-964	mo	Odour\_Carrier[8]	_	_	
7-9	964-965	.	Odour\_Carrier[8]	_	_	
7-10	966-970	schi	Odour\_Carrier[8]	_	_	
7-11	970-971	,	_	_	_	
7-12	972-979	zibethi	Odour\_Carrier	_	_	
7-13	980-982	et	_	_	_	
7-14	983-991	castorei	Odour\_Carrier	_	_	
7-15	992-996	odor	Smell\_Word	*|*|*|*	7-8[8_0]|7-12|7-14|7-17[9_0]	
7-16	997-998	:	_	_	_	
7-17	999-1001	ex	Smell\_Source[9]	_	_	
7-18	1002-1006	fale	Smell\_Source[9]	_	_	
7-19	1007-1010	per	Smell\_Source[9]	_	_	
7-20	1011-1024	inflammabiles	Smell\_Source[9]	_	_	
7-21	1024-1025	.	Smell\_Source[9]	_	_	
7-22	1026-1032	partes	Smell\_Source[9]	_	_	
7-23	1033-1040	blandas	Smell\_Source[9]	_	_	
7-24	1041-1053	volatilifato	Smell\_Source[9]	_	_	
7-25	1054-1061	oriatur	_	_	_	
7-26	1061-1062	.	_	_	_	

#Text=Nam confirmatur id, quod odoriferum horum animalium in pingui masla delitescat, et quod omnia animalia acidum animale contineant.
8-1	1063-1066	Nam	_	_	_	
8-2	1067-1078	confirmatur	_	_	_	
8-3	1079-1081	id	_	_	_	
8-4	1081-1082	,	_	_	_	
8-5	1083-1087	quod	_	_	_	
8-6	1088-1098	odoriferum	Smell\_Word	*	8-7[10_0]	
8-7	1099-1104	horum	Odour\_Carrier[10]	_	_	
8-8	1105-1114	animalium	Odour\_Carrier[10]	_	_	
8-9	1115-1117	in	_	_	_	
8-10	1118-1124	pingui	_	_	_	
8-11	1125-1130	masla	_	_	_	
8-12	1131-1141	delitescat	_	_	_	
8-13	1141-1142	,	_	_	_	
8-14	1143-1145	et	_	_	_	
8-15	1146-1150	quod	_	_	_	
8-16	1151-1156	omnia	_	_	_	
8-17	1157-1165	animalia	_	_	_	
8-18	1166-1172	acidum	_	_	_	
8-19	1173-1180	animale	_	_	_	
8-20	1181-1191	contineant	_	_	_	
8-21	1191-1192	.	_	_	_	

#Text=Cum vero 1) ex terra olei volatili reddita acidum nitrofum oriatur, cum 2) omnium animalium acidum nitrosum fit, cum 3) ex oleo succini et spiritu nitri concentrato moschi odor oriatur: cnm 4) bilis femiputrida eundem odorem spiret, cum porro axillae hominum calore aestiuo interdum mofchum fpirent, cumque homines ipfi interdum hunc odorem fpirent, quas obferuationes CRANTZIVS in Mat.
#Text=ined.
#Text=affert fub moscho: cum 5) fimus per agros sparsus in primis per primum hye.
#Text=male tempus mofchum redoleat, vti BOYLE Orig form.
9-1	1193-1196	Cum	_	_	_	
9-2	1197-1201	vero	_	_	_	
9-3	1202-1203	1	_	_	_	
9-4	1203-1204	)	_	_	_	
9-5	1205-1207	ex	_	_	_	
9-6	1208-1213	terra	_	_	_	
9-7	1214-1218	olei	_	_	_	
9-8	1219-1227	volatili	_	_	_	
9-9	1228-1235	reddita	_	_	_	
9-10	1236-1242	acidum	_	_	_	
9-11	1243-1251	nitrofum	_	_	_	
9-12	1252-1259	oriatur	_	_	_	
9-13	1259-1260	,	_	_	_	
9-14	1261-1264	cum	_	_	_	
9-15	1265-1266	2	_	_	_	
9-16	1266-1267	)	_	_	_	
9-17	1268-1274	omnium	_	_	_	
9-18	1275-1284	animalium	_	_	_	
9-19	1285-1291	acidum	_	_	_	
9-20	1292-1300	nitrosum	_	_	_	
9-21	1301-1304	fit	_	_	_	
9-22	1304-1305	,	_	_	_	
9-23	1306-1309	cum	_	_	_	
9-24	1310-1311	3	_	_	_	
9-25	1311-1312	)	_	_	_	
9-26	1313-1315	ex	Smell\_Source[11]	_	_	
9-27	1316-1320	oleo	Smell\_Source[11]	_	_	
9-28	1321-1328	succini	Smell\_Source[11]	_	_	
9-29	1329-1331	et	Smell\_Source[11]	_	_	
9-30	1332-1339	spiritu	Smell\_Source[11]	_	_	
9-31	1340-1345	nitri	Smell\_Source[11]	_	_	
9-32	1346-1357	concentrato	Smell\_Source[11]	_	_	
9-33	1358-1364	moschi	Smell\_Source[11]	_	_	
9-34	1365-1369	odor	Smell\_Word	*	9-26[11_0]	
9-35	1370-1377	oriatur	_	_	_	
9-36	1377-1378	:	_	_	_	
9-37	1379-1382	cnm	_	_	_	
9-38	1383-1384	4	_	_	_	
9-39	1384-1385	)	_	_	_	
9-40	1386-1391	bilis	Odour\_Carrier[12]	_	_	
9-41	1392-1403	femiputrida	Odour\_Carrier[12]	_	_	
9-42	1404-1410	eundem	Smell\_Source[13]	_	_	
9-43	1411-1417	odorem	Smell\_Source[13]	_	_	
9-44	1418-1424	spiret	Smell\_Word	*|*	9-40[12_0]|9-42[13_0]	
9-45	1424-1425	,	_	_	_	
9-46	1426-1429	cum	_	_	_	
9-47	1430-1435	porro	_	_	_	
9-48	1436-1443	axillae	Odour\_Carrier[14]	_	_	
9-49	1444-1451	hominum	Odour\_Carrier[14]	_	_	
9-50	1452-1458	calore	Time[15]	_	_	
9-51	1459-1466	aestiuo	Time[15]	_	_	
9-52	1467-1475	interdum	Time	_	_	
9-53	1476-1483	mofchum	Evoked\_Odorant	_	_	
9-54	1484-1491	fpirent	Smell\_Word	*|*|*|*	9-53|9-52|9-48[14_0]|9-50[15_0]	
9-55	1491-1492	,	_	_	_	
9-56	1493-1499	cumque	_	_	_	
9-57	1500-1507	homines	Odour\_Carrier[16]	_	_	
9-58	1508-1512	ipfi	Odour\_Carrier[16]	_	_	
9-59	1513-1521	interdum	Time	_	_	
9-60	1522-1526	hunc	_	_	_	
9-61	1527-1533	odorem	Smell\_Source	_	_	
9-62	1534-1541	fpirent	Smell\_Word	*|*|*	9-61|9-57[16_0]|9-59	
9-63	1541-1542	,	_	_	_	
9-64	1543-1547	quas	_	_	_	
9-65	1548-1561	obferuationes	_	_	_	
9-66	1562-1571	CRANTZIVS	_	_	_	
9-67	1572-1574	in	_	_	_	
9-68	1575-1578	Mat	_	_	_	
9-69	1578-1579	.	_	_	_	
9-70	1580-1584	ined	_	_	_	
9-71	1584-1585	.	_	_	_	
9-72	1586-1592	affert	_	_	_	
9-73	1593-1596	fub	_	_	_	
9-74	1597-1603	moscho	_	_	_	
9-75	1603-1604	:	_	_	_	
9-76	1605-1608	cum	_	_	_	
9-77	1609-1610	5	_	_	_	
9-78	1610-1611	)	_	_	_	
9-79	1612-1617	fimus	Odour\_Carrier[17]	_	_	
9-80	1618-1621	per	Odour\_Carrier[17]	_	_	
9-81	1622-1627	agros	Odour\_Carrier[17]	_	_	
9-82	1628-1635	sparsus	Odour\_Carrier[17]	_	_	
9-83	1636-1638	in	Time[18]	_	_	
9-84	1639-1645	primis	Time[18]	_	_	
9-85	1646-1649	per	Time[18]	_	_	
9-86	1650-1656	primum	Time[18]	_	_	
9-87	1657-1660	hye	Time[18]	_	_	
9-88	1660-1661	.	Time[18]	_	_	
9-89	1662-1666	male	Time[18]	_	_	
9-90	1667-1673	tempus	Time[18]	_	_	
9-91	1674-1681	mofchum	Evoked\_Odorant	_	_	
9-92	1682-1690	redoleat	Smell\_Word	*|*|*	9-91|9-79[17_0]|9-83[18_0]	
9-93	1690-1691	,	_	_	_	
9-94	1692-1695	vti	_	_	_	
9-95	1696-1701	BOYLE	_	_	_	
9-96	1702-1706	Orig	_	_	_	
9-97	1707-1711	form	_	_	_	
9-98	1711-1712	.	_	_	_	

#Text=P. 144. affert, cum 6) vrina vaccae exhalatione aquae infpiffata eiusdem odo: ris fit.
#Text=vid.
10-1	1713-1714	P	_	_	_	
10-2	1714-1715	.	_	_	_	
10-3	1716-1719	144	_	_	_	
10-4	1719-1720	.	_	_	_	
10-5	1721-1727	affert	_	_	_	
10-6	1727-1728	,	_	_	_	
10-7	1729-1732	cum	_	_	_	
10-8	1733-1734	6	_	_	_	
10-9	1734-1735	)	_	_	_	
10-10	1736-1741	vrina	Odour\_Carrier[19]	_	_	
10-11	1742-1748	vaccae	Odour\_Carrier[19]	_	_	
10-12	1749-1760	exhalatione	Odour\_Carrier[19]	_	_	
10-13	1761-1766	aquae	Odour\_Carrier[19]	_	_	
10-14	1767-1777	infpiffata	Odour\_Carrier[19]	_	_	
10-15	1778-1785	eiusdem	Evoked\_Odorant	Anaphoric	9-91	
10-16	1786-1789	odo	Smell\_Word[20]	*|*	10-15[0_20]|10-10[19_20]	
10-17	1789-1790	:	Smell\_Word[20]	_	_	
10-18	1791-1794	ris	Smell\_Word[20]	_	_	
10-19	1795-1798	fit	_	_	_	
10-20	1798-1799	.	_	_	_	
10-21	1800-1803	vid	_	_	_	
10-22	1803-1804	.	_	_	_	

#Text=RVTTY Synops.
#Text=of.
#Text=mineral wat.
11-1	1805-1810	RVTTY	_	_	_	
11-2	1811-1817	Synops	_	_	_	
11-3	1817-1818	.	_	_	_	
11-4	1819-1821	of	_	_	_	
11-5	1821-1822	.	_	_	_	
11-6	1823-1830	mineral	_	_	_	
11-7	1831-1834	wat	_	_	_	
11-8	1834-1835	.	_	_	_	

#Text=Tom.
12-1	1836-1839	Tom	_	_	_	
12-2	1839-1840	.	_	_	_	

#Text=I. p. 457. cum 7) vulua bubalina ficca vti BARTHOLINVS vtil.
13-1	1841-1842	I	_	_	_	
13-2	1842-1843	.	_	_	_	
13-3	1844-1845	p	_	_	_	
13-4	1845-1846	.	_	_	_	
13-5	1847-1850	457	_	_	_	
13-6	1850-1851	.	_	_	_	
13-7	1852-1855	cum	_	_	_	
13-8	1856-1857	7	_	_	_	
13-9	1857-1858	)	_	_	_	
13-10	1859-1864	vulua	_	_	_	
13-11	1865-1873	bubalina	_	_	_	
13-12	1874-1879	ficca	_	_	_	
13-13	1880-1883	vti	_	_	_	
13-14	1884-1895	BARTHOLINVS	_	_	_	
13-15	1896-1900	vtil	_	_	_	
13-16	1900-1901	.	_	_	_	
