#FORMAT=WebAnno TSV 3.3
#T_SP=custom.Span|label
#T_RL=custom.Relation|label|BT_custom.Span


#Text=Want teghen recht wil ick niet quellen
#Text=dy,
#Text=Door leughenkonst u jonst
#Text=aen haer t' ontdecken,
#Text='T is my ghenoegh, kondyse slechts na trecken,
#Text=Ghelijck sy is, sonder verkeeren //
#Text=daer
#Text=Haer eyghenschap, om te vereeren
#Text=// haer:
#Text=
#Text=
#Text=Want jonste dient slechts die, die van persoone
#Text=Gantsch leelijck zijn, end' schilderen doen schoone.
1-1	2-6	Want	_	_	_	
1-2	7-13	teghen	_	_	_	
1-3	14-19	recht	_	_	_	
1-4	20-23	wil	_	_	_	
1-5	24-27	ick	_	_	_	
1-6	28-32	niet	_	_	_	
1-7	33-40	quellen	_	_	_	
1-8	41-43	dy	_	_	_	
1-9	43-44	,	_	_	_	
1-10	45-49	Door	_	_	_	
1-11	50-62	leughenkonst	_	_	_	
1-12	63-64	u	_	_	_	
1-13	65-70	jonst	_	_	_	
1-14	71-74	aen	_	_	_	
1-15	75-79	haer	_	_	_	
1-16	80-81	t	_	_	_	
1-17	81-82	'	_	_	_	
1-18	83-92	ontdecken	_	_	_	
1-19	92-93	,	_	_	_	
1-20	94-95	'	_	_	_	
1-21	95-96	T	_	_	_	
1-22	97-99	is	_	_	_	
1-23	100-102	my	_	_	_	
1-24	103-111	ghenoegh	_	_	_	
1-25	111-112	,	_	_	_	
1-26	113-120	kondyse	_	_	_	
1-27	121-128	slechts	_	_	_	
1-28	129-131	na	_	_	_	
1-29	132-139	trecken	_	_	_	
1-30	139-140	,	_	_	_	
1-31	141-149	Ghelijck	_	_	_	
1-32	150-152	sy	_	_	_	
1-33	153-155	is	_	_	_	
1-34	155-156	,	_	_	_	
1-35	157-163	sonder	_	_	_	
1-36	164-173	verkeeren	_	_	_	
1-37	174-175	/	_	_	_	
1-38	175-176	/	_	_	_	
1-39	177-181	daer	_	_	_	
1-40	182-186	Haer	_	_	_	
1-41	187-198	eyghenschap	_	_	_	
1-42	198-199	,	_	_	_	
1-43	200-202	om	_	_	_	
1-44	203-205	te	_	_	_	
1-45	206-214	vereeren	_	_	_	
1-46	215-216	/	_	_	_	
1-47	216-217	/	_	_	_	
1-48	218-222	haer	_	_	_	
1-49	222-223	:	_	_	_	
1-50	226-230	Want	_	_	_	
1-51	231-237	jonste	_	_	_	
1-52	238-243	dient	_	_	_	
1-53	244-251	slechts	_	_	_	
1-54	252-255	die	_	_	_	
1-55	255-256	,	_	_	_	
1-56	257-260	die	_	_	_	
1-57	261-264	van	_	_	_	
1-58	265-273	persoone	_	_	_	
1-59	274-281	Gantsch	_	_	_	
1-60	282-290	leelijck	_	_	_	
1-61	291-295	zijn	_	_	_	
1-62	295-296	,	_	_	_	
1-63	297-300	end	_	_	_	
1-64	300-301	'	_	_	_	
1-65	302-312	schilderen	_	_	_	
1-66	313-317	doen	_	_	_	
1-67	318-325	schoone	_	_	_	
1-68	325-326	.	_	_	_	

#Text=Dus maeckt haer eerst het hayr minsaem ghetoyt,
#Text=Ghestrickt, ghedraeyt, met kronckelkens vermoyt,
#Text=Van verwe schoon', ghelijck een Ceder rustigh,
#Text=Oft
#Text=hanghet los, end' onghebonden lustigh,
#Text=Daer langs het berdt, vermaght u
#Text=Konst eenpaer,
#Text=Van reucke soet, ghelijck haer eyghen hayr:
#Text=
#Text=
#Text=Want haer hayr rieckt, g'lijc in 't voorjaer de blommen,
#Text=
#Text=Als Zephirus men siet daer over kommen.
2-1	329-332	Dus	_	_	_	
2-2	333-339	maeckt	_	_	_	
2-3	340-344	haer	_	_	_	
2-4	345-350	eerst	_	_	_	
2-5	351-354	het	Smell\_Source[1]	_	_	
2-6	355-359	hayr	Smell\_Source[1]	_	_	
2-7	360-367	minsaem	_	_	_	
2-8	368-375	ghetoyt	_	_	_	
2-9	375-376	,	_	_	_	
2-10	377-387	Ghestrickt	_	_	_	
2-11	387-388	,	_	_	_	
2-12	389-398	ghedraeyt	_	_	_	
2-13	398-399	,	_	_	_	
2-14	400-403	met	_	_	_	
2-15	404-416	kronckelkens	_	_	_	
2-16	417-424	vermoyt	_	_	_	
2-17	424-425	,	_	_	_	
2-18	426-429	Van	_	_	_	
2-19	430-435	verwe	_	_	_	
2-20	436-442	schoon	_	_	_	
2-21	442-443	'	_	_	_	
2-22	443-444	,	_	_	_	
2-23	445-453	ghelijck	_	_	_	
2-24	454-457	een	_	_	_	
2-25	458-463	Ceder	_	_	_	
2-26	464-471	rustigh	_	_	_	
2-27	471-472	,	_	_	_	
2-28	473-476	Oft	_	_	_	
2-29	477-484	hanghet	_	_	_	
2-30	485-488	los	_	_	_	
2-31	488-489	,	_	_	_	
2-32	490-493	end	_	_	_	
2-33	493-494	'	_	_	_	
2-34	495-506	onghebonden	_	_	_	
2-35	507-514	lustigh	_	_	_	
2-36	514-515	,	_	_	_	
2-37	516-520	Daer	_	_	_	
2-38	521-526	langs	_	_	_	
2-39	527-530	het	_	_	_	
2-40	531-536	berdt	_	_	_	
2-41	536-537	,	_	_	_	
2-42	538-546	vermaght	_	_	_	
2-43	547-548	u	_	_	_	
2-44	549-554	Konst	_	_	_	
2-45	555-562	eenpaer	_	_	_	
2-46	562-563	,	_	_	_	
2-47	564-567	Van	_	_	_	
2-48	568-574	reucke	Smell\_Word	*|*|*	2-49|2-51[2_0]|2-5[1_0]	
2-49	575-579	soet	Quality	_	_	
2-50	579-580	,	_	_	_	
2-51	581-589	ghelijck	Evoked\_Odorant[2]	_	_	
2-52	590-594	haer	Evoked\_Odorant[2]	_	_	
2-53	595-601	eyghen	Evoked\_Odorant[2]	_	_	
2-54	602-606	hayr	Evoked\_Odorant[2]	_	_	
2-55	606-607	:	_	_	_	
2-56	610-614	Want	_	_	_	
2-57	615-619	haer	Smell\_Source[3]	_	_	
2-58	620-624	hayr	Smell\_Source[3]	_	_	
2-59	625-631	rieckt	Smell\_Word	*|*	2-61[4_0]|2-57[3_0]	
2-60	631-632	,	_	_	_	
2-61	633-639	g'lijc	Evoked\_Odorant[4]	_	_	
2-62	640-642	in	Evoked\_Odorant[4]	_	_	
2-63	643-644	'	Evoked\_Odorant[4]	_	_	
2-64	644-645	t	Evoked\_Odorant[4]	_	_	
2-65	646-654	voorjaer	Evoked\_Odorant[4]	_	_	
2-66	655-657	de	Evoked\_Odorant[4]	_	_	
2-67	658-665	blommen	Evoked\_Odorant[4]	_	_	
2-68	665-666	,	_	_	_	
2-69	668-671	Als	_	_	_	
2-70	672-680	Zephirus	_	_	_	
2-71	681-684	men	_	_	_	
2-72	685-689	siet	_	_	_	
2-73	690-694	daer	_	_	_	
2-74	695-699	over	_	_	_	
2-75	700-706	kommen	_	_	_	
2-76	706-707	.	_	_	_	

#Text=Haer Voorhooft gladt, stelt rondt, na mijnen sin,
#Text=
#Text=Dat rimpel gheen, oft voud' en zy daer in:
#Text=
#Text=Maer dat het zy als water effen staende,
#Text=Daer gheenen windt beroerigh in is slaende,
#Text=End' dat s' in haer schoon bedde soet ghepast,
#Text=
#Text=Den Nederduytschen Helicon
#Text=
#Text=\f320
#Text=
#Text=Van rauwe vry, schijnt ligghen slapen vast.
3-1	710-714	Haer	_	_	_	
3-2	715-724	Voorhooft	_	_	_	
3-3	725-730	gladt	_	_	_	
3-4	730-731	,	_	_	_	
3-5	732-737	stelt	_	_	_	
3-6	738-743	rondt	_	_	_	
3-7	743-744	,	_	_	_	
3-8	745-747	na	_	_	_	
3-9	748-754	mijnen	_	_	_	
3-10	755-758	sin	_	_	_	
3-11	758-759	,	_	_	_	
3-12	761-764	Dat	_	_	_	
3-13	765-771	rimpel	_	_	_	
3-14	772-777	gheen	_	_	_	
3-15	777-778	,	_	_	_	
3-16	779-782	oft	_	_	_	
3-17	783-787	voud	_	_	_	
3-18	787-788	'	_	_	_	
3-19	789-791	en	_	_	_	
3-20	792-794	zy	_	_	_	
3-21	795-799	daer	_	_	_	
3-22	800-802	in	_	_	_	
3-23	802-803	:	_	_	_	
3-24	805-809	Maer	_	_	_	
3-25	810-813	dat	_	_	_	
3-26	814-817	het	_	_	_	
3-27	818-820	zy	_	_	_	
3-28	821-824	als	_	_	_	
3-29	825-830	water	_	_	_	
3-30	831-836	effen	_	_	_	
3-31	837-844	staende	_	_	_	
3-32	844-845	,	_	_	_	
3-33	846-850	Daer	_	_	_	
3-34	851-858	gheenen	_	_	_	
3-35	859-864	windt	_	_	_	
3-36	865-874	beroerigh	_	_	_	
3-37	875-877	in	_	_	_	
3-38	878-880	is	_	_	_	
3-39	881-888	slaende	_	_	_	
3-40	888-889	,	_	_	_	
3-41	890-893	End	_	_	_	
3-42	893-894	'	_	_	_	
3-43	895-898	dat	_	_	_	
3-44	899-900	s	_	_	_	
3-45	900-901	'	_	_	_	
3-46	902-904	in	_	_	_	
3-47	905-909	haer	_	_	_	
3-48	910-916	schoon	_	_	_	
3-49	917-922	bedde	_	_	_	
3-50	923-927	soet	_	_	_	
3-51	928-935	ghepast	_	_	_	
3-52	935-936	,	_	_	_	
3-53	938-941	Den	_	_	_	
3-54	942-956	Nederduytschen	_	_	_	
3-55	957-964	Helicon	_	_	_	
3-56	967-970	320	_	_	_	
3-57	972-975	Van	_	_	_	
3-58	976-981	rauwe	_	_	_	
3-59	982-985	vry	_	_	_	
3-60	985-986	,	_	_	_	
3-61	987-994	schijnt	_	_	_	
3-62	995-1002	ligghen	_	_	_	
3-63	1003-1009	slapen	_	_	_	
3-64	1010-1014	vast	_	_	_	
3-65	1014-1015	.	_	_	_	

#Text=Van tusschen
4-1	1017-1020	Van	_	_	_	
4-2	1021-1029	tusschen	_	_	_	
