#FORMAT=WebAnno TSV 3.3
#T_SP=custom.Span|label
#T_RL=custom.Relation|label|BT_custom.Span


#Text=Caſparus Bauhinus in ſeinem Pina-
#Text=ce, neunerley;
#Text=Ferrarius und Commelinus uͤ-
#Text=
#Text=ber
#Text=die zwantzigerley aufgezeichnet.
1-1	0-8	Caſparus	_	_	_	
1-2	9-17	Bauhinus	_	_	_	
1-3	18-20	in	_	_	_	
1-4	21-27	ſeinem	_	_	_	
1-5	28-32	Pina	_	_	_	
1-6	32-33	-	_	_	_	
1-7	34-36	ce	_	_	_	
1-8	36-37	,	_	_	_	
1-9	38-47	neunerley	_	_	_	
1-10	47-48	;	_	_	_	
1-11	49-58	Ferrarius	_	_	_	
1-12	59-62	und	_	_	_	
1-13	63-73	Commelinus	_	_	_	
1-14	74-76	uͤ	_	_	_	
1-15	76-77	-	_	_	_	
1-16	79-82	ber	_	_	_	
1-17	83-86	die	_	_	_	
1-18	87-100	zwantzigerley	_	_	_	
1-19	101-114	aufgezeichnet	_	_	_	
1-20	114-115	.	_	_	_	

#Text=Jn dem Horto Malabarico finden ſich auch
#Text=noch drey ſonderbare Arten der Limonien/
#Text=
#Text=nemlich: 1.
2-1	119-121	Jn	_	_	_	
2-2	122-125	dem	_	_	_	
2-3	126-131	Horto	_	_	_	
2-4	132-142	Malabarico	_	_	_	
2-5	143-149	finden	_	_	_	
2-6	150-154	ſich	_	_	_	
2-7	155-159	auch	_	_	_	
2-8	160-164	noch	_	_	_	
2-9	165-169	drey	_	_	_	
2-10	170-180	ſonderbare	_	_	_	
2-11	181-186	Arten	_	_	_	
2-12	187-190	der	_	_	_	
2-13	191-199	Limonien	_	_	_	
2-14	199-200	/	_	_	_	
2-15	202-209	nemlich	_	_	_	
2-16	209-210	:	_	_	_	
2-17	211-212	1	_	_	_	
2-18	212-213	.	_	_	_	

#Text=Mal Naregam, auf Malabariſch:
#Text=
#Text=Lateiniſch aber Malus Limonia pumila ſylve-
#Text=ſtris Zeilanica fructu monopyreno D.
3-1	214-217	Mal	_	_	_	
3-2	218-225	Naregam	_	_	_	
3-3	225-226	,	_	_	_	
3-4	227-230	auf	_	_	_	
3-5	231-242	Malabariſch	_	_	_	
3-6	242-243	:	_	_	_	
3-7	245-255	Lateiniſch	_	_	_	
3-8	256-260	aber	_	_	_	
3-9	261-266	Malus	_	_	_	
3-10	267-274	Limonia	_	_	_	
3-11	275-281	pumila	_	_	_	
3-12	282-287	ſylve	_	_	_	
3-13	287-288	-	_	_	_	
3-14	289-294	ſtris	_	_	_	
3-15	295-304	Zeilanica	_	_	_	
3-16	305-311	fructu	_	_	_	
3-17	312-322	monopyreno	_	_	_	
3-18	323-324	D	_	_	_	
3-19	324-325	.	_	_	_	

#Text=Herman-
#Text=
#Text=ni.
4-1	326-332	Herman	_	_	_	
4-2	332-333	-	_	_	_	
4-3	335-337	ni	_	_	_	
4-4	337-338	.	_	_	_	

#Text=Jſt ein Baum̃ mittler groͤſſe/ mit einer
#Text=glattẽ aͤſchfarben Rinden/
#Text=welche einen Aro-
#Text=matiſchen ſcharffen Geſchmack hat.
5-1	339-342	Jſt	_	_	_	
5-2	343-346	ein	_	_	_	
5-3	347-352	Baum̃	_	_	_	
5-4	353-360	mittler	_	_	_	
5-5	361-368	groͤſſe	_	_	_	
5-6	368-369	/	_	_	_	
5-7	370-373	mit	_	_	_	
5-8	374-379	einer	_	_	_	
5-9	380-386	glattẽ	_	_	_	
5-10	387-398	aͤſchfarben	_	_	_	
5-11	399-405	Rinden	_	_	_	
5-12	405-406	/	_	_	_	
5-13	407-413	welche	_	_	_	
5-14	414-419	einen	_	_	_	
5-15	420-423	Aro	_	_	_	
5-16	423-424	-	_	_	_	
5-17	425-434	matiſchen	_	_	_	
5-18	435-444	ſcharffen	_	_	_	
5-19	445-454	Geſchmack	_	_	_	
5-20	455-458	hat	_	_	_	
5-21	458-459	.	_	_	_	

#Text=Die
#Text=Wurtzel aber iſt weiß/ mit rothlichter Rin-
#Text=den umbgeben/ ſonſten eines aromatiſchen
#Text=Geruchs/ und bittern Geſchmacks/ die Ae-
#Text=ſte haben Stachel und Blaͤtter/ den kleinen
#Text=Europæiſchen Baͤumen gantz gleich/
#Text=die
#Text=Blumen aber kommen buͤſchelein-weiß auß
#Text=einem Schoͤßlein hervor;
#Text=dieſe
#Text=Bluͤmlein
#Text=
#Text=ſind klein/ weiß/ wolriechend/ auß vier lang-
#Text=runden/ und zugeſpitzten/ dicken weichen
#Text=
#Text=Blaͤttlein beſtehend.
6-1	460-463	Die	Smell\_Source[1]	_	_	
6-2	464-471	Wurtzel	Smell\_Source[1]	_	_	
6-3	472-476	aber	_	_	_	
6-4	477-480	iſt	_	_	_	
6-5	481-485	weiß	_	_	_	
6-6	485-486	/	_	_	_	
6-7	487-490	mit	_	_	_	
6-8	491-502	rothlichter	_	_	_	
6-9	503-506	Rin	_	_	_	
6-10	506-507	-	_	_	_	
6-11	508-511	den	_	_	_	
6-12	512-520	umbgeben	_	_	_	
6-13	520-521	/	_	_	_	
6-14	522-529	ſonſten	_	_	_	
6-15	530-535	eines	_	_	_	
6-16	536-548	aromatiſchen	Quality	_	_	
6-17	549-556	Geruchs	Smell\_Word	*|*	6-16|6-1[1_0]	
6-18	556-557	/	_	_	_	
6-19	558-561	und	_	_	_	
6-20	562-569	bittern	_	_	_	
6-21	570-580	Geſchmacks	_	_	_	
6-22	580-581	/	_	_	_	
6-23	582-585	die	_	_	_	
6-24	586-588	Ae	_	_	_	
6-25	588-589	-	_	_	_	
6-26	590-593	ſte	_	_	_	
6-27	594-599	haben	_	_	_	
6-28	600-607	Stachel	_	_	_	
6-29	608-611	und	_	_	_	
6-30	612-620	Blaͤtter	_	_	_	
6-31	620-621	/	_	_	_	
6-32	622-625	den	_	_	_	
6-33	626-633	kleinen	_	_	_	
6-34	634-646	Europæiſchen	_	_	_	
6-35	647-654	Baͤumen	_	_	_	
6-36	655-660	gantz	_	_	_	
6-37	661-667	gleich	_	_	_	
6-38	667-668	/	_	_	_	
6-39	669-672	die	_	_	_	
6-40	673-679	Blumen	_	_	_	
6-41	680-684	aber	_	_	_	
6-42	685-691	kommen	_	_	_	
6-43	692-708	buͤſchelein-weiß	_	_	_	
6-44	709-712	auß	_	_	_	
6-45	713-718	einem	_	_	_	
6-46	719-729	Schoͤßlein	_	_	_	
6-47	730-736	hervor	_	_	_	
6-48	736-737	;	_	_	_	
6-49	738-743	dieſe	Smell\_Source[2]	_	_	
6-50	744-753	Bluͤmlein	Smell\_Source[2]	_	_	
6-51	755-759	ſind	_	_	_	
6-52	760-765	klein	_	_	_	
6-53	765-766	/	_	_	_	
6-54	767-771	weiß	_	_	_	
6-55	771-772	/	_	_	_	
6-56	773-784	wolriechend	Smell\_Word[3]|Quality[4]	*|*	6-56[4_3]|6-49[2_3]	
6-57	784-785	/	_	_	_	
6-58	786-789	auß	_	_	_	
6-59	790-794	vier	_	_	_	
6-60	795-799	lang	_	_	_	
6-61	799-800	-	_	_	_	
6-62	801-807	runden	_	_	_	
6-63	807-808	/	_	_	_	
6-64	809-812	und	_	_	_	
6-65	813-825	zugeſpitzten	_	_	_	
6-66	825-826	/	_	_	_	
6-67	827-833	dicken	_	_	_	
6-68	834-841	weichen	_	_	_	
6-69	843-853	Blaͤttlein	_	_	_	
6-70	854-863	beſtehend	_	_	_	
6-71	863-864	.	_	_	_	

#Text=Die Frucht iſt klein/
#Text=
#Text=an der Groͤſſe und Geſtalt den Oliven gleich/
#Text=
#Text=hat aber oben auf ein kleinen Stachel/ wie ein
#Text=Doͤrnlein;
#Text=iſt anfaͤnglich gruͤn/
7-1	865-868	Die	_	_	_	
7-2	869-875	Frucht	_	_	_	
7-3	876-879	iſt	_	_	_	
7-4	880-885	klein	_	_	_	
7-5	885-886	/	_	_	_	
7-6	888-890	an	_	_	_	
7-7	891-894	der	_	_	_	
7-8	895-902	Groͤſſe	_	_	_	
7-9	903-906	und	_	_	_	
7-10	907-914	Geſtalt	_	_	_	
7-11	915-918	den	_	_	_	
7-12	919-925	Oliven	_	_	_	
7-13	926-932	gleich	_	_	_	
7-14	932-933	/	_	_	_	
7-15	935-938	hat	_	_	_	
7-16	939-943	aber	_	_	_	
7-17	944-948	oben	_	_	_	
7-18	949-952	auf	_	_	_	
7-19	953-956	ein	_	_	_	
7-20	957-964	kleinen	_	_	_	
7-21	965-972	Stachel	_	_	_	
7-22	972-973	/	_	_	_	
7-23	974-977	wie	_	_	_	
7-24	978-981	ein	_	_	_	
7-25	982-991	Doͤrnlein	_	_	_	
7-26	991-992	;	_	_	_	
7-27	993-996	iſt	_	_	_	
7-28	997-1008	anfaͤnglich	_	_	_	
7-29	1009-1014	gruͤn	_	_	_	
7-30	1014-1015	/	_	_	_	
