#FORMAT=WebAnno TSV 3.3


#Text=4 Et cor stultorum intelliget scientiam, et lingua balborum velociter loquetur et plane.
#Text=5 Non vocabitur ultra is qui insipiens est, princeps, neque fraudulentus appellabitur major ; 6 stultus enim fatua loquetur, et cor ejus faciet iniquitatem, ut perficiat simulationem, et loquatur ad Dominum fraudulenter, et vacuam faciat animam esurientis, et potum sitienti auferat.
#Text=7 Fraudulenti vasa pessima sunt ; ipse enim cogitationes concinnavit ad perdendos mites in sermone mendacii, cum loqueretur pauper judicium.
#Text=8 Princeps vero ea quæ digna sunt principe cogitabit, et ipse super duces stabit.
#Text=9 Mulieres opulentæ, surgite, et audite vocem meam ; filiæ confidentes, percipite auribus eloquium meum.
#Text=10 Post dies enim et annum, vos conturbabimini confidentes ; consummata est enim vindemia, collectio ultra non veniet.
#Text=11 Obstupescite, opulentæ ; conturbamini, confidentes : exuite vos et confundimini ; accingite lumbos vestros.
#Text=12 Super ubera plangite, super regione desiderabili, super vinea fertili.
#Text=13 Super humum populi mei spinæ et vepres ascendent : quanto magis super omnes domos gaudii civitatis exsultantis !
1-1	2-3	4	
1-2	4-6	Et	
1-3	7-10	cor	
1-4	11-20	stultorum	
1-5	21-31	intelliget	
1-6	32-41	scientiam	
1-7	41-42	,	
1-8	43-45	et	
1-9	46-52	lingua	
1-10	53-61	balborum	
1-11	62-71	velociter	
1-12	72-80	loquetur	
1-13	81-83	et	
1-14	84-89	plane	
1-15	89-90	.	
1-16	91-92	5	
1-17	93-96	Non	
1-18	97-106	vocabitur	
1-19	107-112	ultra	
1-20	113-115	is	
1-21	116-119	qui	
1-22	120-129	insipiens	
1-23	130-133	est	
1-24	133-134	,	
1-25	135-143	princeps	
1-26	143-144	,	
1-27	145-150	neque	
1-28	151-163	fraudulentus	
1-29	164-176	appellabitur	
1-30	177-182	major	
1-31	183-184	;	
1-32	185-186	6	
1-33	187-194	stultus	
1-34	195-199	enim	
1-35	200-205	fatua	
1-36	206-214	loquetur	
1-37	214-215	,	
1-38	216-218	et	
1-39	219-222	cor	
1-40	223-227	ejus	
1-41	228-234	faciet	
1-42	235-246	iniquitatem	
1-43	246-247	,	
1-44	248-250	ut	
1-45	251-260	perficiat	
1-46	261-273	simulationem	
1-47	273-274	,	
1-48	275-277	et	
1-49	278-286	loquatur	
1-50	287-289	ad	
1-51	290-297	Dominum	
1-52	298-310	fraudulenter	
1-53	310-311	,	
1-54	312-314	et	
1-55	315-321	vacuam	
1-56	322-328	faciat	
1-57	329-335	animam	
1-58	336-346	esurientis	
1-59	346-347	,	
1-60	348-350	et	
1-61	351-356	potum	
1-62	357-365	sitienti	
1-63	366-373	auferat	
1-64	373-374	.	
1-65	375-376	7	
1-66	377-388	Fraudulenti	
1-67	389-393	vasa	
1-68	394-401	pessima	
1-69	402-406	sunt	
1-70	407-408	;	
1-71	409-413	ipse	
1-72	414-418	enim	
1-73	419-431	cogitationes	
1-74	432-443	concinnavit	
1-75	444-446	ad	
1-76	447-456	perdendos	
1-77	457-462	mites	
1-78	463-465	in	
1-79	466-473	sermone	
1-80	474-482	mendacii	
1-81	482-483	,	
1-82	484-487	cum	
1-83	488-498	loqueretur	
1-84	499-505	pauper	
1-85	506-514	judicium	
1-86	514-515	.	
1-87	516-517	8	
1-88	518-526	Princeps	
1-89	527-531	vero	
1-90	532-534	ea	
1-91	535-538	quæ	
1-92	539-544	digna	
1-93	545-549	sunt	
1-94	550-558	principe	
1-95	559-568	cogitabit	
1-96	568-569	,	
1-97	570-572	et	
1-98	573-577	ipse	
1-99	578-583	super	
1-100	584-589	duces	
1-101	590-596	stabit	
1-102	596-597	.	
1-103	598-599	9	
1-104	600-608	Mulieres	
1-105	609-617	opulentæ	
1-106	617-618	,	
1-107	619-626	surgite	
1-108	626-627	,	
1-109	628-630	et	
1-110	631-637	audite	
1-111	638-643	vocem	
1-112	644-648	meam	
1-113	649-650	;	
1-114	651-656	filiæ	
1-115	657-668	confidentes	
1-116	668-669	,	
1-117	670-679	percipite	
1-118	680-687	auribus	
1-119	688-696	eloquium	
1-120	697-701	meum	
1-121	701-702	.	
1-122	703-705	10	
1-123	706-710	Post	
1-124	711-715	dies	
1-125	716-720	enim	
1-126	721-723	et	
1-127	724-729	annum	
1-128	729-730	,	
1-129	731-734	vos	
1-130	735-749	conturbabimini	
1-131	750-761	confidentes	
1-132	762-763	;	
1-133	764-774	consummata	
1-134	775-778	est	
1-135	779-783	enim	
1-136	784-792	vindemia	
1-137	792-793	,	
1-138	794-803	collectio	
1-139	804-809	ultra	
1-140	810-813	non	
1-141	814-820	veniet	
1-142	820-821	.	
1-143	822-824	11	
1-144	825-837	Obstupescite	
1-145	837-838	,	
1-146	839-847	opulentæ	
1-147	848-849	;	
1-148	850-862	conturbamini	
1-149	862-863	,	
1-150	864-875	confidentes	
1-151	876-877	:	
1-152	878-884	exuite	
1-153	885-888	vos	
1-154	889-891	et	
1-155	892-904	confundimini	
1-156	905-906	;	
1-157	907-916	accingite	
1-158	917-923	lumbos	
1-159	924-931	vestros	
1-160	931-932	.	
1-161	933-935	12	
1-162	936-941	Super	
1-163	942-947	ubera	
1-164	948-956	plangite	
1-165	956-957	,	
1-166	958-963	super	
1-167	964-971	regione	
1-168	972-984	desiderabili	
1-169	984-985	,	
1-170	986-991	super	
1-171	992-997	vinea	
1-172	998-1005	fertili	
1-173	1005-1006	.	
1-174	1007-1009	13	
1-175	1010-1015	Super	
1-176	1016-1021	humum	
1-177	1022-1028	populi	
1-178	1029-1032	mei	
1-179	1033-1038	spinæ	
1-180	1039-1041	et	
1-181	1042-1048	vepres	
1-182	1049-1058	ascendent	
1-183	1059-1060	:	
1-184	1061-1067	quanto	
1-185	1068-1073	magis	
1-186	1074-1079	super	
1-187	1080-1085	omnes	
1-188	1086-1091	domos	
1-189	1092-1098	gaudii	
1-190	1099-1108	civitatis	
1-191	1109-1120	exsultantis	
1-192	1121-1122	!	

#Text=14 Domus enim dimissa est, multitudo urbis relicta est, tenebræ et palpatio factæ sunt super speluncas usque in æternum ; gaudium onagrorum, pascua gregum.
#Text=15 Donec effundatur super nos spiritus de excelso, et erit desertum in carmel, et carmel in saltum reputabitur.
#Text=16 Et habitabit in solitudine judicium, et justitia in carmel sedebit.
#Text=17 Et erit opus justitiæ pax, et cultus justitiæ silentium, et securitas usque in sempiternum.
#Text=18 Et sedebit populus meus in pulchritudine pacis, et in tabernaculis fiduciæ, et in requie opulenta.
#Text=19 Grando autem in descensione saltus, et humilitate humiliabitur civitas.
#Text=20 Beati qui seminatis super omnes aquas, immittentes pedem bovis et asini.
2-1	1123-1125	14	
2-2	1126-1131	Domus	
2-3	1132-1136	enim	
2-4	1137-1144	dimissa	
2-5	1145-1148	est	
2-6	1148-1149	,	
2-7	1150-1159	multitudo	
2-8	1160-1165	urbis	
2-9	1166-1173	relicta	
2-10	1174-1177	est	
2-11	1177-1178	,	
2-12	1179-1186	tenebræ	
2-13	1187-1189	et	
2-14	1190-1198	palpatio	
2-15	1199-1204	factæ	
2-16	1205-1209	sunt	
2-17	1210-1215	super	
2-18	1216-1225	speluncas	
2-19	1226-1231	usque	
2-20	1232-1234	in	
2-21	1235-1242	æternum	
2-22	1243-1244	;	
2-23	1245-1252	gaudium	
2-24	1253-1262	onagrorum	
2-25	1262-1263	,	
2-26	1264-1270	pascua	
2-27	1271-1277	gregum	
2-28	1277-1278	.	
2-29	1279-1281	15	
2-30	1282-1287	Donec	
2-31	1288-1298	effundatur	
2-32	1299-1304	super	
2-33	1305-1308	nos	
2-34	1309-1317	spiritus	
2-35	1318-1320	de	
2-36	1321-1328	excelso	
2-37	1328-1329	,	
2-38	1330-1332	et	
2-39	1333-1337	erit	
2-40	1338-1346	desertum	
2-41	1347-1349	in	
2-42	1350-1356	carmel	
2-43	1356-1357	,	
2-44	1358-1360	et	
2-45	1361-1367	carmel	
2-46	1368-1370	in	
2-47	1371-1377	saltum	
2-48	1378-1389	reputabitur	
2-49	1389-1390	.	
2-50	1391-1393	16	
2-51	1394-1396	Et	
2-52	1397-1406	habitabit	
2-53	1407-1409	in	
2-54	1410-1420	solitudine	
2-55	1421-1429	judicium	
2-56	1429-1430	,	
2-57	1431-1433	et	
2-58	1434-1442	justitia	
2-59	1443-1445	in	
2-60	1446-1452	carmel	
2-61	1453-1460	sedebit	
2-62	1460-1461	.	
2-63	1462-1464	17	
2-64	1465-1467	Et	
2-65	1468-1472	erit	
2-66	1473-1477	opus	
2-67	1478-1486	justitiæ	
2-68	1487-1490	pax	
2-69	1490-1491	,	
2-70	1492-1494	et	
2-71	1495-1501	cultus	
2-72	1502-1510	justitiæ	
2-73	1511-1520	silentium	
2-74	1520-1521	,	
2-75	1522-1524	et	
2-76	1525-1534	securitas	
2-77	1535-1540	usque	
2-78	1541-1543	in	
2-79	1544-1555	sempiternum	
2-80	1555-1556	.	
2-81	1557-1559	18	
2-82	1560-1562	Et	
2-83	1563-1570	sedebit	
2-84	1571-1578	populus	
2-85	1579-1583	meus	
2-86	1584-1586	in	
2-87	1587-1600	pulchritudine	
2-88	1601-1606	pacis	
2-89	1606-1607	,	
2-90	1608-1610	et	
2-91	1611-1613	in	
2-92	1614-1626	tabernaculis	
2-93	1627-1634	fiduciæ	
2-94	1634-1635	,	
2-95	1636-1638	et	
2-96	1639-1641	in	
2-97	1642-1648	requie	
2-98	1649-1657	opulenta	
2-99	1657-1658	.	
2-100	1659-1661	19	
2-101	1662-1668	Grando	
2-102	1669-1674	autem	
2-103	1675-1677	in	
2-104	1678-1689	descensione	
2-105	1690-1696	saltus	
2-106	1696-1697	,	
2-107	1698-1700	et	
2-108	1701-1711	humilitate	
2-109	1712-1724	humiliabitur	
2-110	1725-1732	civitas	
2-111	1732-1733	.	
2-112	1734-1736	20	
2-113	1737-1742	Beati	
2-114	1743-1746	qui	
2-115	1747-1756	seminatis	
2-116	1757-1762	super	
2-117	1763-1768	omnes	
2-118	1769-1774	aquas	
2-119	1774-1775	,	
2-120	1776-1787	immittentes	
2-121	1788-1793	pedem	
2-122	1794-1799	bovis	
2-123	1800-1802	et	
2-124	1803-1808	asini	
2-125	1808-1809	.	

#Text=Caput 33
#Text=
#Text=
#Text=1 Væ qui prædaris !
3-1	1810-1815	Caput	
3-2	1816-1818	33	
3-3	1821-1822	1	
3-4	1823-1825	Væ	
3-5	1826-1829	qui	
3-6	1830-1838	prædaris	
3-7	1839-1840	!	

#Text=nonne et ipse prædaberis ?
4-1	1841-1846	nonne	
4-2	1847-1849	et	
4-3	1850-1854	ipse	
4-4	1855-1865	prædaberis	
4-5	1866-1867	?	

#Text=et qui spernis, nonne et ipse sperneris ?
5-1	1868-1870	et	
5-2	1871-1874	qui	
5-3	1875-1882	spernis	
5-4	1882-1883	,	
5-5	1884-1889	nonne	
5-6	1890-1892	et	
5-7	1893-1897	ipse	
5-8	1898-1907	sperneris	
5-9	1908-1909	?	

#Text=Cum consummaveris deprædationem, deprædaberis ; cum fatigatus desieris contemnere, contemneris.
6-1	1910-1913	Cum	
6-2	1914-1927	consummaveris	
6-3	1928-1941	deprædationem	
6-4	1941-1942	,	
6-5	1943-1955	deprædaberis	
6-6	1956-1957	;	
6-7	1958-1961	cum	
6-8	1962-1971	fatigatus	
6-9	1972-1980	desieris	
6-10	1981-1991	contemnere	
6-11	1991-1992	,	
6-12	1993-2004	contemneris	
6-13	2004-2005	.	
