#FORMAT=WebAnno TSV 3.3


#Text=Nequc difficile eft motus causam in inf-ofibilibus corporis odoriferi particulis assignare : primo enim intestina quxdam pugna ia minimis particulis corporis odoriferi motum procreare pa.
#Text=teft, a quo particulæ odoræ agitentur ; deinde motus iplius aeris, vel alterius materiæ subtilioris hunc motum particulis odașis tribuere poteft, aer enim nunquam omnino quiescit.
1-1	2-7	Nequc	
1-2	8-17	difficile	
1-3	18-21	eft	
1-4	22-27	motus	
1-5	28-34	causam	
1-6	35-37	in	
1-7	38-52	inf-ofibilibus	
1-8	53-61	corporis	
1-9	62-71	odoriferi	
1-10	72-82	particulis	
1-11	83-92	assignare	
1-12	93-94	:	
1-13	95-100	primo	
1-14	101-105	enim	
1-15	106-115	intestina	
1-16	116-122	quxdam	
1-17	123-128	pugna	
1-18	129-131	ia	
1-19	132-139	minimis	
1-20	140-150	particulis	
1-21	151-159	corporis	
1-22	160-169	odoriferi	
1-23	170-175	motum	
1-24	176-185	procreare	
1-25	186-188	pa	
1-26	188-189	.	
1-27	190-194	teft	
1-28	194-195	,	
1-29	196-197	a	
1-30	198-201	quo	
1-31	202-211	particulæ	
1-32	212-217	odoræ	
1-33	218-227	agitentur	
1-34	228-229	;	
1-35	230-236	deinde	
1-36	237-242	motus	
1-37	243-249	iplius	
1-38	250-255	aeris	
1-39	255-256	,	
1-40	257-260	vel	
1-41	261-269	alterius	
1-42	270-277	materiæ	
1-43	278-289	subtilioris	
1-44	290-294	hunc	
1-45	295-300	motum	
1-46	301-311	particulis	
1-47	312-318	odașis	
1-48	319-327	tribuere	
1-49	328-334	poteft	
1-50	334-335	,	
1-51	336-339	aer	
1-52	340-344	enim	
1-53	345-352	nunquam	
1-54	353-359	omnino	
1-55	360-368	quiescit	
1-56	368-369	.	

#Text=Infirmæ quidem sung hujusmodi caufæ, adeoque non nifi mo, tum valde cenuem procreare pollunt; ideo ut S. 111. vidimus, macerix odorę motus elt valdc lentus, & nih adjuverut a motu acris impressionem nullam efficere poteft, vel satis tenuem; quare cum motus liç tardillimus, caula valida non requiritur.
#Text=lo hoc noftra de odoribus theoria præstac alteri de luce: cum enim lucis, propagatio fic celerrima, validiilimanı causam requirir, que non fatis facile excogitari pocelt; ar hic obyiam, ac patentem caufam habemus, qux fatis.
#Text=superque est ad lentam propagacionem efficiendam.
2-1	370-377	Infirmæ	
2-2	378-384	quidem	
2-3	385-389	sung	
2-4	390-399	hujusmodi	
2-5	400-405	caufæ	
2-6	405-406	,	
2-7	407-414	adeoque	
2-8	415-418	non	
2-9	419-423	nifi	
2-10	424-426	mo	
2-11	426-427	,	
2-12	428-431	tum	
2-13	432-437	valde	
2-14	438-444	cenuem	
2-15	445-454	procreare	
2-16	455-462	pollunt	
2-17	462-463	;	
2-18	464-468	ideo	
2-19	469-471	ut	
2-20	472-473	S	
2-21	473-474	.	
2-22	475-478	111	
2-23	478-479	.	
2-24	480-487	vidimus	
2-25	487-488	,	
2-26	489-496	macerix	
2-27	497-502	odorę	
2-28	503-508	motus	
2-29	509-512	elt	
2-30	513-518	valdc	
2-31	519-525	lentus	
2-32	525-526	,	
2-33	527-528	&	
2-34	529-532	nih	
2-35	533-542	adjuverut	
2-36	543-544	a	
2-37	545-549	motu	
2-38	550-555	acris	
2-39	556-568	impressionem	
2-40	569-575	nullam	
2-41	576-584	efficere	
2-42	585-591	poteft	
2-43	591-592	,	
2-44	593-596	vel	
2-45	597-602	satis	
2-46	603-609	tenuem	
2-47	609-610	;	
2-48	611-616	quare	
2-49	617-620	cum	
2-50	621-626	motus	
2-51	627-630	liç	
2-52	631-642	tardillimus	
2-53	642-643	,	
2-54	644-649	caula	
2-55	650-656	valida	
2-56	657-660	non	
2-57	661-671	requiritur	
2-58	671-672	.	
2-59	673-675	lo	
2-60	676-679	hoc	
2-61	680-686	noftra	
2-62	687-689	de	
2-63	690-698	odoribus	
2-64	699-706	theoria	
2-65	707-714	præstac	
2-66	715-721	alteri	
2-67	722-724	de	
2-68	725-729	luce	
2-69	729-730	:	
2-70	731-734	cum	
2-71	735-739	enim	
2-72	740-745	lucis	
2-73	745-746	,	
2-74	747-757	propagatio	
2-75	758-761	fic	
2-76	762-771	celerrima	
2-77	771-772	,	
2-78	773-786	validiilimanı	
2-79	787-793	causam	
2-80	794-802	requirir	
2-81	802-803	,	
2-82	804-807	que	
2-83	808-811	non	
2-84	812-817	fatis	
2-85	818-824	facile	
2-86	825-835	excogitari	
2-87	836-842	pocelt	
2-88	842-843	;	
2-89	844-846	ar	
2-90	847-850	hic	
2-91	851-857	obyiam	
2-92	857-858	,	
2-93	859-861	ac	
2-94	862-870	patentem	
2-95	871-877	caufam	
2-96	878-885	habemus	
2-97	885-886	,	
2-98	887-890	qux	
2-99	891-896	fatis	
2-100	896-897	.	
2-101	898-906	superque	
2-102	907-910	est	
2-103	911-913	ad	
2-104	914-920	lentam	
2-105	921-934	propagacionem	
2-106	935-946	efficiendam	
2-107	946-947	.	

#Text=XI.
3-1	948-950	XI	
3-2	950-951	.	

#Text=Corpora odorifera suo odore inficiunt alia, quibus sunt pros xima, vel quibus confrıcantur, eaque corpora ad plurimum tem
#Text=
#Text=pus
#Text=
#Text=
#Text=
#Text=
#Text=
#Text=pus odorem fervaot.
4-1	952-959	Corpora	
4-2	960-969	odorifera	
4-3	970-973	suo	
4-4	974-979	odore	
4-5	980-989	inficiunt	
4-6	990-994	alia	
4-7	994-995	,	
4-8	996-1002	quibus	
4-9	1003-1007	sunt	
4-10	1008-1012	pros	
4-11	1013-1017	xima	
4-12	1017-1018	,	
4-13	1019-1022	vel	
4-14	1023-1029	quibus	
4-15	1030-1042	confrıcantur	
4-16	1042-1043	,	
4-17	1044-1049	eaque	
4-18	1050-1057	corpora	
4-19	1058-1060	ad	
4-20	1061-1069	plurimum	
4-21	1070-1073	tem	
4-22	1075-1078	pus	
4-23	1084-1087	pus	
4-24	1088-1094	odorem	
4-25	1095-1102	fervaot	
4-26	1102-1103	.	

#Text=Licet odorem eo pacto, quo dixi, explicem, aoimus tamen non est omnia efAuvia negandi, cum corum lacis certa habcamus indicia, ncque huic theorix adversentur: particulæ igitur aliqux corporis odoriferi ab eodem exhalacæ aliis cor.
#Text=poribus adhærent, maxime G iisdem affricentur ; illæ proinde ab iisdem caulis agitatx odorem emittere pollunt, scuti reliqua odorifera corpora : ita videmus, scintillas ex combuftis lignis avolantes, aliisque corporibus adhærentes lumen emittere, codem enim modo agitantur, ac antes : quod G scintillä сito percunt, non ita vero particulz odorę in causa elt, quia in scintillis vehementissima est causa propagationis lucis, quæ facile cellat, tum propter exiguam materix copiam, cum propter ipfius materie dillolutionem ab igne productam; non ita le res habet in odoribus, cum, enim motus in particulis odoris fit lentissimus, causa satis exigua sufficicns ett ad eum motum continuandum ; illa igitur diucissime durare poteit, & motum continuando odorem ad longissimum
#Text=
#Text=tempus conservare.
5-1	1104-1109	Licet	
5-2	1110-1116	odorem	
5-3	1117-1119	eo	
5-4	1120-1125	pacto	
5-5	1125-1126	,	
5-6	1127-1130	quo	
5-7	1131-1135	dixi	
5-8	1135-1136	,	
5-9	1137-1145	explicem	
5-10	1145-1146	,	
5-11	1147-1153	aoimus	
5-12	1154-1159	tamen	
5-13	1160-1163	non	
5-14	1164-1167	est	
5-15	1168-1173	omnia	
5-16	1174-1181	efAuvia	
5-17	1182-1189	negandi	
5-18	1189-1190	,	
5-19	1191-1194	cum	
5-20	1195-1200	corum	
5-21	1201-1206	lacis	
5-22	1207-1212	certa	
5-23	1213-1221	habcamus	
5-24	1222-1229	indicia	
5-25	1229-1230	,	
5-26	1231-1236	ncque	
5-27	1237-1241	huic	
5-28	1242-1249	theorix	
5-29	1250-1261	adversentur	
5-30	1261-1262	:	
5-31	1263-1272	particulæ	
5-32	1273-1279	igitur	
5-33	1280-1286	aliqux	
5-34	1287-1295	corporis	
5-35	1296-1305	odoriferi	
5-36	1306-1308	ab	
5-37	1309-1314	eodem	
5-38	1315-1323	exhalacæ	
5-39	1324-1329	aliis	
5-40	1330-1333	cor	
5-41	1333-1334	.	
5-42	1335-1342	poribus	
5-43	1343-1351	adhærent	
5-44	1351-1352	,	
5-45	1353-1359	maxime	
5-46	1360-1361	G	
5-47	1362-1368	iisdem	
5-48	1369-1380	affricentur	
5-49	1381-1382	;	
5-50	1383-1387	illæ	
5-51	1388-1395	proinde	
5-52	1396-1398	ab	
5-53	1399-1405	iisdem	
5-54	1406-1412	caulis	
5-55	1413-1420	agitatx	
5-56	1421-1427	odorem	
5-57	1428-1436	emittere	
5-58	1437-1444	pollunt	
5-59	1444-1445	,	
5-60	1446-1451	scuti	
5-61	1452-1459	reliqua	
5-62	1460-1469	odorifera	
5-63	1470-1477	corpora	
5-64	1478-1479	:	
5-65	1480-1483	ita	
5-66	1484-1491	videmus	
5-67	1491-1492	,	
5-68	1493-1503	scintillas	
5-69	1504-1506	ex	
5-70	1507-1516	combuftis	
5-71	1517-1523	lignis	
5-72	1524-1533	avolantes	
5-73	1533-1534	,	
5-74	1535-1543	aliisque	
5-75	1544-1554	corporibus	
5-76	1555-1565	adhærentes	
5-77	1566-1571	lumen	
5-78	1572-1580	emittere	
5-79	1580-1581	,	
5-80	1582-1587	codem	
5-81	1588-1592	enim	
5-82	1593-1597	modo	
5-83	1598-1607	agitantur	
5-84	1607-1608	,	
5-85	1609-1611	ac	
5-86	1612-1617	antes	
5-87	1618-1619	:	
5-88	1620-1624	quod	
5-89	1625-1626	G	
5-90	1627-1636	scintillä	
5-91	1637-1641	сito	
5-92	1642-1649	percunt	
5-93	1649-1650	,	
5-94	1651-1654	non	
5-95	1655-1658	ita	
5-96	1659-1663	vero	
5-97	1664-1673	particulz	
5-98	1674-1679	odorę	
5-99	1680-1682	in	
5-100	1683-1688	causa	
5-101	1689-1692	elt	
5-102	1692-1693	,	
5-103	1694-1698	quia	
5-104	1699-1701	in	
5-105	1702-1712	scintillis	
5-106	1713-1727	vehementissima	
5-107	1728-1731	est	
5-108	1732-1737	causa	
5-109	1738-1751	propagationis	
5-110	1752-1757	lucis	
5-111	1757-1758	,	
5-112	1759-1762	quæ	
5-113	1763-1769	facile	
5-114	1770-1776	cellat	
5-115	1776-1777	,	
5-116	1778-1781	tum	
5-117	1782-1789	propter	
5-118	1790-1797	exiguam	
5-119	1798-1805	materix	
5-120	1806-1812	copiam	
5-121	1812-1813	,	
5-122	1814-1817	cum	
5-123	1818-1825	propter	
5-124	1826-1832	ipfius	
5-125	1833-1840	materie	
5-126	1841-1854	dillolutionem	
5-127	1855-1857	ab	
5-128	1858-1862	igne	
5-129	1863-1872	productam	
5-130	1872-1873	;	
5-131	1874-1877	non	
5-132	1878-1881	ita	
5-133	1882-1884	le	
5-134	1885-1888	res	
5-135	1889-1894	habet	
5-136	1895-1897	in	
5-137	1898-1906	odoribus	
5-138	1906-1907	,	
5-139	1908-1911	cum	
5-140	1911-1912	,	
5-141	1913-1917	enim	
5-142	1918-1923	motus	
5-143	1924-1926	in	
5-144	1927-1937	particulis	
5-145	1938-1944	odoris	
5-146	1945-1948	fit	
5-147	1949-1960	lentissimus	
5-148	1960-1961	,	
5-149	1962-1967	causa	
5-150	1968-1973	satis	
5-151	1974-1980	exigua	
5-152	1981-1991	sufficicns	
5-153	1992-1995	ett	
5-154	1996-1998	ad	
5-155	1999-2002	eum	
5-156	2003-2008	motum	
5-157	2009-2021	continuandum	
5-158	2022-2023	;	
5-159	2024-2028	illa	
5-160	2029-2035	igitur	
5-161	2036-2046	diucissime	
5-162	2047-2053	durare	
5-163	2054-2060	poteit	
5-164	2060-2061	,	
5-165	2062-2063	&	
5-166	2064-2069	motum	
5-167	2070-2081	continuando	
5-168	2082-2088	odorem	
5-169	2089-2091	ad	
5-170	2092-2103	longissimum	
5-171	2105-2111	tempus	
5-172	2112-2122	conservare	
5-173	2122-2123	.	

#Text=XII.
6-1	2124-2127	XII	
6-2	2127-2128	.	

#Text=Nullo autem negocio explicatur, quare corpora alia fint odo
#Text=
#Text=ra , alia inodori; li enim in corpore particul.e non fint ad motum odoris proprium procreandum apte (non enim omnia corpora parciculis cujuscumque generis sunt prædica ) vel si particulæ odosæ cum inodoris ita fiat implicitæ, ut motum nullum exerere va.
#Text=leant, corpus erit inodorum ; si vero parciculis abundet, quæ moveri facile poilint, odoruin erit.
7-1	2129-2134	Nullo	
7-2	2135-2140	autem	
7-3	2141-2148	negocio	
7-4	2149-2159	explicatur	
7-5	2159-2160	,	
7-6	2161-2166	quare	
7-7	2167-2174	corpora	
7-8	2175-2179	alia	
7-9	2180-2184	fint	
7-10	2185-2188	odo	
7-11	2190-2192	ra	
7-12	2193-2194	,	
7-13	2195-2199	alia	
7-14	2200-2207	inodori	
7-15	2207-2208	;	
7-16	2209-2211	li	
7-17	2212-2216	enim	
7-18	2217-2219	in	
7-19	2220-2227	corpore	
7-20	2228-2238	particul.e	
7-21	2239-2242	non	
7-22	2243-2247	fint	
7-23	2248-2250	ad	
7-24	2251-2256	motum	
7-25	2257-2263	odoris	
7-26	2264-2272	proprium	
7-27	2273-2284	procreandum	
7-28	2285-2289	apte	
7-29	2290-2291	(	
7-30	2291-2294	non	
7-31	2295-2299	enim	
7-32	2300-2305	omnia	
7-33	2306-2313	corpora	
7-34	2314-2324	parciculis	
7-35	2325-2336	cujuscumque	
7-36	2337-2344	generis	
7-37	2345-2349	sunt	
7-38	2350-2357	prædica	
7-39	2358-2359	)	
7-40	2360-2363	vel	
7-41	2364-2366	si	
7-42	2367-2376	particulæ	
7-43	2377-2382	odosæ	
7-44	2383-2386	cum	
7-45	2387-2395	inodoris	
7-46	2396-2399	ita	
7-47	2400-2404	fiat	
7-48	2405-2414	implicitæ	
7-49	2414-2415	,	
7-50	2416-2418	ut	
7-51	2419-2424	motum	
7-52	2425-2431	nullum	
7-53	2432-2439	exerere	
7-54	2440-2442	va	
7-55	2442-2443	.	
7-56	2444-2449	leant	
7-57	2449-2450	,	
7-58	2451-2457	corpus	
7-59	2458-2462	erit	
7-60	2463-2471	inodorum	
7-61	2472-2473	;	
7-62	2474-2476	si	
7-63	2477-2481	vero	
7-64	2482-2492	parciculis	
7-65	2493-2500	abundet	
7-66	2500-2501	,	
7-67	2502-2505	quæ	
7-68	2506-2512	moveri	
7-69	2513-2519	facile	
7-70	2520-2527	poilint	
7-71	2527-2528	,	
7-72	2529-2536	odoruin	
7-73	2537-2541	erit	
7-74	2541-2542	.	

#Text=Me autem etiam non monente illud patet, a diversis motibus , quibus diversa particularum genera moveri poflunt, & quos aliis ex ordine deinde communicant, diversos orici odores, ficuti motus varii in aeris particulis varios
#Text=
#Text=conftituunt fonos.
8-1	2543-2545	Me	
8-2	2546-2551	autem	
8-3	2552-2557	etiam	
8-4	2558-2561	non	
8-5	2562-2569	monente	
8-6	2570-2575	illud	
8-7	2576-2581	patet	
8-8	2581-2582	,	
8-9	2583-2584	a	
8-10	2585-2593	diversis	
8-11	2594-2601	motibus	
8-12	2602-2603	,	
8-13	2604-2610	quibus	
8-14	2611-2618	diversa	
8-15	2619-2631	particularum	
8-16	2632-2638	genera	
8-17	2639-2645	moveri	
8-18	2646-2653	poflunt	
8-19	2653-2654	,	
8-20	2655-2656	&	
8-21	2657-2661	quos	
8-22	2662-2667	aliis	
8-23	2668-2670	ex	
8-24	2671-2677	ordine	
8-25	2678-2684	deinde	
8-26	2685-2696	communicant	
8-27	2696-2697	,	
8-28	2698-2706	diversos	
8-29	2707-2712	orici	
8-30	2713-2719	odores	
8-31	2719-2720	,	
8-32	2721-2727	ficuti	
8-33	2728-2733	motus	
8-34	2734-2739	varii	
8-35	2740-2742	in	
8-36	2743-2748	aeris	
8-37	2749-2759	particulis	
8-38	2760-2766	varios	
8-39	2768-2779	conftituunt	
8-40	2780-2785	fonos	
8-41	2785-2786	.	

#Text=XIII.
9-1	2787-2791	XIII	
9-2	2791-2792	.	

#Text=Hinc facile etiam explicatur, cur corpora cum alterantur,
#Text=
#Text=odorem aliquando acquirant, aliquando amittant, aliquando mu.
#Text=tent ; quorum omniurn caula funt effectus diversi, qui in corporum fructura ab hujusmodi alcerationibus producuntur ; prout enim alceratio odoratas particulas vel ab aliis separat, vel dillipat, vel casdem imnutat, vel odor corpori accedit, vel destruitur, vel mutatur.
10-1	2793-2797	Hinc	
10-2	2798-2804	facile	
10-3	2805-2810	etiam	
10-4	2811-2821	explicatur	
10-5	2821-2822	,	
10-6	2823-2826	cur	
10-7	2827-2834	corpora	
10-8	2835-2838	cum	
10-9	2839-2849	alterantur	
10-10	2849-2850	,	
10-11	2852-2858	odorem	
10-12	2859-2868	aliquando	
10-13	2869-2878	acquirant	
10-14	2878-2879	,	
10-15	2880-2889	aliquando	
10-16	2890-2898	amittant	
10-17	2898-2899	,	
10-18	2900-2909	aliquando	
10-19	2910-2912	mu	
10-20	2912-2913	.	
10-21	2914-2918	tent	
10-22	2919-2920	;	
10-23	2921-2927	quorum	
10-24	2928-2935	omniurn	
10-25	2936-2941	caula	
10-26	2942-2946	funt	
10-27	2947-2955	effectus	
10-28	2956-2963	diversi	
10-29	2963-2964	,	
10-30	2965-2968	qui	
10-31	2969-2971	in	
10-32	2972-2980	corporum	
10-33	2981-2989	fructura	
10-34	2990-2992	ab	
10-35	2993-3002	hujusmodi	
10-36	3003-3017	alcerationibus	
10-37	3018-3029	producuntur	
10-38	3030-3031	;	
10-39	3032-3037	prout	
10-40	3038-3042	enim	
10-41	3043-3052	alceratio	
10-42	3053-3061	odoratas	
10-43	3062-3072	particulas	
10-44	3073-3076	vel	
10-45	3077-3079	ab	
10-46	3080-3085	aliis	
10-47	3086-3093	separat	
10-48	3093-3094	,	
10-49	3095-3098	vel	
10-50	3099-3107	dillipat	
10-51	3107-3108	,	
10-52	3109-3112	vel	
10-53	3113-3119	casdem	
10-54	3120-3127	imnutat	
10-55	3127-3128	,	
10-56	3129-3132	vel	
10-57	3133-3137	odor	
10-58	3138-3145	corpori	
10-59	3146-3153	accedit	
10-60	3153-3154	,	
10-61	3155-3158	vel	
10-62	3159-3169	destruitur	
10-63	3169-3170	,	
10-64	3171-3174	vel	
10-65	3175-3182	mutatur	
10-66	3182-3183	.	

#Text=Majorem cmircunt odorem thus, aut cera Hifpanica, cum comburuntur, quia ab igne subtiles particulæ odoratæ folvuntur a vinculis, quibus decinebantur a subftantia cras.
#Text=fa, atque oleagina churis , aut cerx Hispanicæ, ac per acrem
#Text=
#Text=dife
#Text=
#Text=
#Text=
#Text=
#Text=
#Text=dispersæ alias particulas commovent, fimilemque præftant effe: &tum , ac plurimæ scintillæ per acrem volitantes quoad lucem ; ils la proinde çffluvia habenda sunt tamquam totidem corpora odorifera, quæ cadem ratione odorem gencrant ac S. x. dictum est, Uc plurimum vero calore intenditur odor , frigore minuitur, quia calore vehementius agitantur fubtiliores particulę, frigore vero torpidę redduntur.
11-1	3184-3191	Majorem	
11-2	3192-3200	cmircunt	
11-3	3201-3207	odorem	
11-4	3208-3212	thus	
11-5	3212-3213	,	
11-6	3214-3217	aut	
11-7	3218-3222	cera	
11-8	3223-3232	Hifpanica	
11-9	3232-3233	,	
11-10	3234-3237	cum	
11-11	3238-3249	comburuntur	
11-12	3249-3250	,	
11-13	3251-3255	quia	
11-14	3256-3258	ab	
11-15	3259-3263	igne	
11-16	3264-3272	subtiles	
11-17	3273-3282	particulæ	
11-18	3283-3290	odoratæ	
11-19	3291-3300	folvuntur	
11-20	3301-3302	a	
11-21	3303-3311	vinculis	
11-22	3311-3312	,	
11-23	3313-3319	quibus	
11-24	3320-3332	decinebantur	
11-25	3333-3334	a	
11-26	3335-3345	subftantia	
11-27	3346-3350	cras	
11-28	3350-3351	.	
11-29	3352-3354	fa	
11-30	3354-3355	,	
11-31	3356-3361	atque	
11-32	3362-3370	oleagina	
11-33	3371-3377	churis	
11-34	3378-3379	,	
11-35	3380-3383	aut	
11-36	3384-3388	cerx	
11-37	3389-3398	Hispanicæ	
11-38	3398-3399	,	
11-39	3400-3402	ac	
11-40	3403-3406	per	
11-41	3407-3412	acrem	
11-42	3414-3418	dife	
11-43	3424-3432	dispersæ	
11-44	3433-3438	alias	
11-45	3439-3449	particulas	
11-46	3450-3459	commovent	
11-47	3459-3460	,	
11-48	3461-3471	fimilemque	
11-49	3472-3480	præftant	
11-50	3481-3485	effe	
11-51	3485-3486	:	
11-52	3487-3488	&	
11-53	3488-3491	tum	
11-54	3492-3493	,	
11-55	3494-3496	ac	
11-56	3497-3504	plurimæ	
11-57	3505-3514	scintillæ	
11-58	3515-3518	per	
11-59	3519-3524	acrem	
11-60	3525-3535	volitantes	
11-61	3536-3541	quoad	
11-62	3542-3547	lucem	
11-63	3548-3549	;	
11-64	3550-3553	ils	
11-65	3554-3556	la	
11-66	3557-3564	proinde	
11-67	3565-3573	çffluvia	
11-68	3574-3581	habenda	
11-69	3582-3586	sunt	
11-70	3587-3594	tamquam	
11-71	3595-3602	totidem	
11-72	3603-3610	corpora	
11-73	3611-3620	odorifera	
11-74	3620-3621	,	
11-75	3622-3625	quæ	
11-76	3626-3631	cadem	
11-77	3632-3639	ratione	
11-78	3640-3646	odorem	
11-79	3647-3655	gencrant	
11-80	3656-3658	ac	
11-81	3659-3660	S	
11-82	3660-3661	.	
11-83	3662-3663	x	
11-84	3663-3664	.	
11-85	3665-3671	dictum	
11-86	3672-3675	est	
11-87	3675-3676	,	
11-88	3677-3679	Uc	
11-89	3680-3688	plurimum	
11-90	3689-3693	vero	
11-91	3694-3700	calore	
11-92	3701-3711	intenditur	
11-93	3712-3716	odor	
11-94	3717-3718	,	
11-95	3719-3726	frigore	
11-96	3727-3735	minuitur	
11-97	3735-3736	,	
11-98	3737-3741	quia	
11-99	3742-3748	calore	
11-100	3749-3760	vehementius	
11-101	3761-3770	agitantur	
11-102	3771-3782	fubtiliores	
11-103	3783-3792	particulę	
11-104	3792-3793	,	
11-105	3794-3801	frigore	
11-106	3802-3806	vero	
11-107	3807-3814	torpidę	
11-108	3815-3824	redduntur	
11-109	3824-3825	.	

#Text=Poteft tamen aliquando calor odori obelle , ut accidit in Aoribus, qui in aprico loco educati minus olent, quia calor propter assiduam particularum agitationem eas ita dissipat, ut iisdem corpus deinde minus abundet ; atque hęc etiam eft ratio, cur per alterationem fepius corpora odorem.
#Text=amittant, nam per eam particulę odoratę avolant , unde fit, ut residuum fit inodorum.
12-1	3826-3832	Poteft	
12-2	3833-3838	tamen	
12-3	3839-3848	aliquando	
12-4	3849-3854	calor	
12-5	3855-3860	odori	
12-6	3861-3867	obelle	
12-7	3868-3869	,	
12-8	3870-3872	ut	
12-9	3873-3880	accidit	
12-10	3881-3883	in	
12-11	3884-3891	Aoribus	
12-12	3891-3892	,	
12-13	3893-3896	qui	
12-14	3897-3899	in	
12-15	3900-3906	aprico	
12-16	3907-3911	loco	
12-17	3912-3919	educati	
12-18	3920-3925	minus	
12-19	3926-3931	olent	
12-20	3931-3932	,	
12-21	3933-3937	quia	
12-22	3938-3943	calor	
12-23	3944-3951	propter	
12-24	3952-3960	assiduam	
12-25	3961-3973	particularum	
12-26	3974-3985	agitationem	
12-27	3986-3989	eas	
12-28	3990-3993	ita	
12-29	3994-4002	dissipat	
12-30	4002-4003	,	
12-31	4004-4006	ut	
12-32	4007-4013	iisdem	
12-33	4014-4020	corpus	
12-34	4021-4027	deinde	
12-35	4028-4033	minus	
12-36	4034-4041	abundet	
12-37	4042-4043	;	
12-38	4044-4049	atque	
12-39	4050-4053	hęc	
12-40	4054-4059	etiam	
12-41	4060-4063	eft	
12-42	4064-4069	ratio	
12-43	4069-4070	,	
12-44	4071-4074	cur	
12-45	4075-4078	per	
12-46	4079-4091	alterationem	
12-47	4092-4098	fepius	
12-48	4099-4106	corpora	
12-49	4107-4113	odorem	
12-50	4113-4114	.	
12-51	4115-4123	amittant	
12-52	4123-4124	,	
12-53	4125-4128	nam	
12-54	4129-4132	per	
12-55	4133-4136	eam	
12-56	4137-4146	particulę	
12-57	4147-4154	odoratę	
12-58	4155-4162	avolant	
12-59	4163-4164	,	
12-60	4165-4169	unde	
12-61	4170-4173	fit	
12-62	4173-4174	,	
12-63	4175-4177	ut	
12-64	4178-4186	residuum	
12-65	4187-4190	fit	
12-66	4191-4199	inodorum	
12-67	4199-4200	.	
