#FORMAT=WebAnno TSV 3.3
#T_SP=custom.Span|label
#T_RL=custom.Relation|label|BT_custom.Span


#Text=Abbildung\tFig.
#Text=319.
1-1	2-11	Abbildung	_	_	_	
1-2	12-15	Fig	_	_	_	
1-3	15-16	.	_	_	_	
1-4	17-20	319	_	_	_	
1-5	20-21	.	_	_	_	

#Text=Virginiſcher Tabak.
#Text=]
#Text=
#Text=
#Text=[
#Text=Abbildung\tFig.
#Text=320.
2-1	23-35	Virginiſcher	_	_	_	
2-2	36-41	Tabak	_	_	_	
2-3	41-42	.	_	_	_	
2-4	43-44	]	_	_	_	
2-5	47-48	[	_	_	_	
2-6	49-58	Abbildung	_	_	_	
2-7	59-62	Fig	_	_	_	
2-8	62-63	.	_	_	_	
2-9	64-67	320	_	_	_	
2-10	67-68	.	_	_	_	

#Text=Bauerntabak.
#Text=]
#Text=
#Text=
#Text=
#Text=Vor allem ſind es drei Subſtanzen, welche als die wichtigſten
#Text=für die chemiſche Zuſammenſetzung des Tabaks zu betrachten ſind.
3-1	70-81	Bauerntabak	_	_	_	
3-2	81-82	.	_	_	_	
3-3	83-84	]	_	_	_	
3-4	88-91	Vor	_	_	_	
3-5	92-97	allem	_	_	_	
3-6	98-102	ſind	_	_	_	
3-7	103-105	es	_	_	_	
3-8	106-110	drei	_	_	_	
3-9	111-121	Subſtanzen	_	_	_	
3-10	121-122	,	_	_	_	
3-11	123-129	welche	_	_	_	
3-12	130-133	als	_	_	_	
3-13	134-137	die	_	_	_	
3-14	138-149	wichtigſten	_	_	_	
3-15	150-153	für	_	_	_	
3-16	154-157	die	_	_	_	
3-17	158-167	chemiſche	_	_	_	
3-18	168-183	Zuſammenſetzung	_	_	_	
3-19	184-187	des	_	_	_	
3-20	188-194	Tabaks	_	_	_	
3-21	195-197	zu	_	_	_	
3-22	198-208	betrachten	_	_	_	
3-23	209-213	ſind	_	_	_	
3-24	213-214	.	_	_	_	

#Text=Das Nikotianin oder der Tabakskampfer iſt eine fettartige Subſtanz,
#Text=welche bei einem bitteren, aromatiſchen Geſchmack den angenehmen
#Text=Geruch des Tabakdampfes hat, ſeine Menge iſt ſehr maßgebend für die
#Text=Güte des Tabaks.
4-1	217-220	Das	_	_	_	
4-2	221-231	Nikotianin	Odour\_Carrier[1]	_	_	
4-3	232-236	oder	Odour\_Carrier[1]	_	_	
4-4	237-240	der	Odour\_Carrier[1]	_	_	
4-5	241-254	Tabakskampfer	Odour\_Carrier[1]	_	_	
4-6	255-258	iſt	_	_	_	
4-7	259-263	eine	_	_	_	
4-8	264-274	fettartige	_	_	_	
4-9	275-283	Subſtanz	_	_	_	
4-10	283-284	,	_	_	_	
4-11	285-291	welche	_	_	_	
4-12	292-295	bei	_	_	_	
4-13	296-301	einem	_	_	_	
4-14	302-310	bitteren	_	_	_	
4-15	310-311	,	_	_	_	
4-16	312-324	aromatiſchen	_	_	_	
4-17	325-334	Geſchmack	_	_	_	
4-18	335-338	den	_	_	_	
4-19	339-349	angenehmen	Quality	_	_	
4-20	350-356	Geruch	Smell\_Word	*|*|*	4-19|4-21[2_0]|4-2[1_0]	
4-21	357-360	des	Smell\_Source[2]	_	_	
4-22	361-373	Tabakdampfes	Smell\_Source[2]	_	_	
4-23	374-377	hat	_	_	_	
4-24	377-378	,	_	_	_	
4-25	379-384	ſeine	_	_	_	
4-26	385-390	Menge	_	_	_	
4-27	391-394	iſt	_	_	_	
4-28	395-399	ſehr	_	_	_	
4-29	400-409	maßgebend	_	_	_	
4-30	410-413	für	_	_	_	
4-31	414-417	die	_	_	_	
4-32	418-422	Güte	_	_	_	
4-33	423-426	des	_	_	_	
4-34	427-433	Tabaks	_	_	_	
4-35	433-434	.	_	_	_	

#Text=Ein ferneres, ſchon in ganz geringer Doſis tödlich
#Text=wirkendes Gift iſt das Nikotin, eine organiſche Baſe, welche in reinem
#Text=Zuſtande ein farbloſes Öl von ätzendem Geſchmack und betäubendem
#Text=Tabakgeruch darſtellt.
5-1	435-438	Ein	_	_	_	
5-2	439-447	ferneres	_	_	_	
5-3	447-448	,	_	_	_	
5-4	449-454	ſchon	_	_	_	
5-5	455-457	in	_	_	_	
5-6	458-462	ganz	_	_	_	
5-7	463-471	geringer	_	_	_	
5-8	472-477	Doſis	_	_	_	
5-9	478-485	tödlich	_	_	_	
5-10	486-495	wirkendes	_	_	_	
5-11	496-500	Gift	_	_	_	
5-12	501-504	iſt	_	_	_	
5-13	505-508	das	_	_	_	
5-14	509-516	Nikotin	_	_	_	
5-15	516-517	,	_	_	_	
5-16	518-522	eine	_	_	_	
5-17	523-533	organiſche	_	_	_	
5-18	534-538	Baſe	_	_	_	
5-19	538-539	,	_	_	_	
5-20	540-546	welche	_	_	_	
5-21	547-549	in	_	_	_	
5-22	550-556	reinem	_	_	_	
5-23	557-565	Zuſtande	_	_	_	
5-24	566-569	ein	_	_	_	
5-25	570-579	farbloſes	_	_	_	
5-26	580-582	Öl	_	_	_	
5-27	583-586	von	_	_	_	
5-28	587-595	ätzendem	_	_	_	
5-29	596-605	Geſchmack	_	_	_	
5-30	606-609	und	_	_	_	
5-31	610-621	betäubendem	Quality	_	_	
5-32	622-633	Tabakgeruch	Smell\_Source[3]|Smell\_Word[4]	*|*	5-32[3_4]|5-31[0_4]	
5-33	634-643	darſtellt	_	_	_	
5-34	643-644	.	_	_	_	

#Text=Die in den Blättern ſich findende Menge des
#Text=Nikotins ſcheint keinen Einfluß auf die Güte des Tabaks zu haben, denn
#Text=die verſchiedenen Tabaksarten haben einen Nikotingehalt von weniger
#Text=als 2 (wie z.
6-1	645-648	Die	_	_	_	
6-2	649-651	in	_	_	_	
6-3	652-655	den	_	_	_	
6-4	656-664	Blättern	_	_	_	
6-5	665-669	ſich	_	_	_	
6-6	670-678	findende	_	_	_	
6-7	679-684	Menge	_	_	_	
6-8	685-688	des	_	_	_	
6-9	689-697	Nikotins	_	_	_	
6-10	698-705	ſcheint	_	_	_	
6-11	706-712	keinen	_	_	_	
6-12	713-720	Einfluß	_	_	_	
6-13	721-724	auf	_	_	_	
6-14	725-728	die	_	_	_	
6-15	729-733	Güte	_	_	_	
6-16	734-737	des	_	_	_	
6-17	738-744	Tabaks	_	_	_	
6-18	745-747	zu	_	_	_	
6-19	748-753	haben	_	_	_	
6-20	753-754	,	_	_	_	
6-21	755-759	denn	_	_	_	
6-22	760-763	die	_	_	_	
6-23	764-777	verſchiedenen	_	_	_	
6-24	778-789	Tabaksarten	_	_	_	
6-25	790-795	haben	_	_	_	
6-26	796-801	einen	_	_	_	
6-27	802-815	Nikotingehalt	_	_	_	
6-28	816-819	von	_	_	_	
6-29	820-827	weniger	_	_	_	
6-30	828-831	als	_	_	_	
6-31	832-833	2	_	_	_	
6-32	834-835	(	_	_	_	
6-33	835-838	wie	_	_	_	
6-34	839-840	z	_	_	_	
6-35	840-841	.	_	_	_	

#Text=B. der Havanna-Tabak) bis faſt 8 %, welche Menge ſich in
#Text=ſehr guten franzöſiſchen Tabaken findet, während der virginiſche Tabak
#Text=6,87 % Nikotin enthält.
7-1	842-843	B	_	_	_	
7-2	843-844	.	_	_	_	
7-3	845-848	der	_	_	_	
7-4	849-862	Havanna-Tabak	_	_	_	
7-5	862-863	)	_	_	_	
7-6	864-867	bis	_	_	_	
7-7	868-872	faſt	_	_	_	
7-8	873-874	8	_	_	_	
7-9	875-876	%	_	_	_	
7-10	876-877	,	_	_	_	
7-11	878-884	welche	_	_	_	
7-12	885-890	Menge	_	_	_	
7-13	891-895	ſich	_	_	_	
7-14	896-898	in	_	_	_	
7-15	899-903	ſehr	_	_	_	
7-16	904-909	guten	_	_	_	
7-17	910-923	franzöſiſchen	_	_	_	
7-18	924-931	Tabaken	_	_	_	
7-19	932-938	findet	_	_	_	
7-20	938-939	,	_	_	_	
7-21	940-947	während	_	_	_	
7-22	948-951	der	_	_	_	
7-23	952-963	virginiſche	_	_	_	
7-24	964-969	Tabak	_	_	_	
7-25	970-974	6,87	_	_	_	
7-26	975-976	%	_	_	_	
7-27	977-984	Nikotin	_	_	_	
7-28	985-992	enthält	_	_	_	
7-29	992-993	.	_	_	_	

#Text=Das Nikotin iſt im Tabak nicht frei ent-
#Text=halten, ſondern in Geſtalt eines Salzes an die Tabakſäure — das
#Text=iſt der dritte weſentliche Beſtandteil — gebunden.
8-1	994-997	Das	_	_	_	
8-2	998-1005	Nikotin	_	_	_	
8-3	1006-1009	iſt	_	_	_	
8-4	1010-1012	im	_	_	_	
8-5	1013-1018	Tabak	_	_	_	
8-6	1019-1024	nicht	_	_	_	
8-7	1025-1029	frei	_	_	_	
8-8	1030-1033	ent	_	_	_	
8-9	1033-1034	-	_	_	_	
8-10	1035-1041	halten	_	_	_	
8-11	1041-1042	,	_	_	_	
8-12	1043-1050	ſondern	_	_	_	
8-13	1051-1053	in	_	_	_	
8-14	1054-1061	Geſtalt	_	_	_	
8-15	1062-1067	eines	_	_	_	
8-16	1068-1074	Salzes	_	_	_	
8-17	1075-1077	an	_	_	_	
8-18	1078-1081	die	_	_	_	
8-19	1082-1092	Tabakſäure	_	_	_	
8-20	1093-1094	—	_	_	_	
8-21	1095-1098	das	_	_	_	
8-22	1099-1102	iſt	_	_	_	
8-23	1103-1106	der	_	_	_	
8-24	1107-1113	dritte	_	_	_	
8-25	1114-1125	weſentliche	_	_	_	
8-26	1126-1137	Beſtandteil	_	_	_	
8-27	1138-1139	—	_	_	_	
8-28	1140-1148	gebunden	_	_	_	
8-29	1148-1149	.	_	_	_	

#Text=Die Tabakſäure
#Text=hat große Ähnlichkeit mit der Äpfelſäure und iſt vielleicht mit ihr
#Text=identiſch.
9-1	1150-1153	Die	_	_	_	
9-2	1154-1164	Tabakſäure	_	_	_	
9-3	1165-1168	hat	_	_	_	
9-4	1169-1174	große	_	_	_	
9-5	1175-1186	Ähnlichkeit	_	_	_	
9-6	1187-1190	mit	_	_	_	
9-7	1191-1194	der	_	_	_	
9-8	1195-1205	Äpfelſäure	_	_	_	
9-9	1206-1209	und	_	_	_	
9-10	1210-1213	iſt	_	_	_	
9-11	1214-1224	vielleicht	_	_	_	
9-12	1225-1228	mit	_	_	_	
9-13	1229-1232	ihr	_	_	_	
9-14	1233-1242	identiſch	_	_	_	
9-15	1242-1243	.	_	_	_	

#Text=Außer dieſen drei weſentlichen Beſtandteilen enthalten die
#Text=Tabaksblätter noch eiweißartige Subſtanzen, Holzfaſer, Gummi,
#Text=Harz
#Text=und ſchließlich 19 bis 27 % (der trockenen Blätter)
#Text=Mineralbeſtandteile.
10-1	1244-1249	Außer	_	_	_	
10-2	1250-1256	dieſen	_	_	_	
10-3	1257-1261	drei	_	_	_	
10-4	1262-1274	weſentlichen	_	_	_	
10-5	1275-1288	Beſtandteilen	_	_	_	
10-6	1289-1298	enthalten	_	_	_	
10-7	1299-1302	die	_	_	_	
10-8	1303-1316	Tabaksblätter	_	_	_	
10-9	1317-1321	noch	_	_	_	
10-10	1322-1334	eiweißartige	_	_	_	
10-11	1335-1345	Subſtanzen	_	_	_	
10-12	1345-1346	,	_	_	_	
10-13	1347-1356	Holzfaſer	_	_	_	
10-14	1356-1357	,	_	_	_	
10-15	1358-1363	Gummi	_	_	_	
10-16	1363-1364	,	_	_	_	
10-17	1365-1369	Harz	_	_	_	
10-18	1370-1373	und	_	_	_	
10-19	1374-1385	ſchließlich	_	_	_	
10-20	1386-1388	19	_	_	_	
10-21	1389-1392	bis	_	_	_	
10-22	1393-1395	27	_	_	_	
10-23	1396-1397	%	_	_	_	
10-24	1398-1399	(	_	_	_	
10-25	1399-1402	der	_	_	_	
10-26	1403-1412	trockenen	_	_	_	
10-27	1413-1420	Blätter	_	_	_	
10-28	1420-1421	)	_	_	_	
10-29	1422-1441	Mineralbeſtandteile	_	_	_	
10-30	1441-1442	.	_	_	_	

#Text=Erſt durch die Zubereitung erhalten die Tabaksblätter diejenigen
11-1	1446-1450	Erſt	_	_	_	
11-2	1451-1456	durch	_	_	_	
11-3	1457-1460	die	_	_	_	
11-4	1461-1472	Zubereitung	_	_	_	
11-5	1473-1481	erhalten	_	_	_	
11-6	1482-1485	die	_	_	_	
11-7	1486-1499	Tabaksblätter	_	_	_	
11-8	1500-1510	diejenigen	_	_	_	
