#FORMAT=WebAnno TSV 3.3
#T_SP=custom.Span|label
#T_RL=custom.Relation|label|BT_custom.Span


#Text=Man zerquetſchet dieſe Wurtzel, und
#Text=kocht ſie in Weine, trinckt hernach den-
#Text=ſelben, wenn er durchgeſeihet worden,
#Text=ſo warm, als mans erleiden kan: ſoll
#Text=ein ſonderlich Mittel wider die Colica
#Text=ſeyn.
1-1	2-5	Man	_	_	_	
1-2	6-18	zerquetſchet	_	_	_	
1-3	19-24	dieſe	_	_	_	
1-4	25-32	Wurtzel	_	_	_	
1-5	32-33	,	_	_	_	
1-6	34-37	und	_	_	_	
1-7	38-43	kocht	_	_	_	
1-8	44-47	ſie	_	_	_	
1-9	48-50	in	_	_	_	
1-10	51-56	Weine	_	_	_	
1-11	56-57	,	_	_	_	
1-12	58-65	trinckt	_	_	_	
1-13	66-73	hernach	_	_	_	
1-14	74-77	den	_	_	_	
1-15	77-78	-	_	_	_	
1-16	79-85	ſelben	_	_	_	
1-17	85-86	,	_	_	_	
1-18	87-91	wenn	_	_	_	
1-19	92-94	er	_	_	_	
1-20	95-108	durchgeſeihet	_	_	_	
1-21	109-115	worden	_	_	_	
1-22	115-116	,	_	_	_	
1-23	117-119	ſo	_	_	_	
1-24	120-124	warm	_	_	_	
1-25	124-125	,	_	_	_	
1-26	126-129	als	_	_	_	
1-27	130-134	mans	_	_	_	
1-28	135-143	erleiden	_	_	_	
1-29	144-147	kan	_	_	_	
1-30	147-148	:	_	_	_	
1-31	149-153	ſoll	_	_	_	
1-32	154-157	ein	_	_	_	
1-33	158-168	ſonderlich	_	_	_	
1-34	169-175	Mittel	_	_	_	
1-35	176-181	wider	_	_	_	
1-36	182-185	die	_	_	_	
1-37	186-192	Colica	_	_	_	
1-38	193-197	ſeyn	_	_	_	
1-39	197-198	.	_	_	_	

#Text=Vom langen wilden Galgand.
2-1	203-206	Vom	_	_	_	
2-2	207-213	langen	_	_	_	
2-3	214-220	wilden	_	_	_	
2-4	221-228	Galgand	_	_	_	
2-5	228-229	.	_	_	_	

#Text=Cyperus longus, der lange wilde
#Text=
#Text=Galgand, iſt eine kleine knorrichte
#Text=Wurtzel, voll Zaſern, laͤſt ſich ungern
#Text=zerbrechen, ſieht auſſen braun, inwen-
#Text=dig graulicht, und riecht ſehr annehm-
#Text=lich, wenn ſie fein friſch und wohl ge-
#Text=trucknet iſt.
3-1	231-238	Cyperus	Smell\_Source[1]	*	3-33[0_1]	
3-2	239-245	longus	Smell\_Source[1]	_	_	
3-3	245-246	,	_	_	_	
3-4	247-250	der	_	_	_	
3-5	251-256	lange	_	_	_	
3-6	257-262	wilde	_	_	_	
3-7	264-271	Galgand	_	_	_	
3-8	271-272	,	_	_	_	
3-9	273-276	iſt	_	_	_	
3-10	277-281	eine	_	_	_	
3-11	282-288	kleine	_	_	_	
3-12	289-299	knorrichte	_	_	_	
3-13	300-307	Wurtzel	_	_	_	
3-14	307-308	,	_	_	_	
3-15	309-313	voll	_	_	_	
3-16	314-320	Zaſern	_	_	_	
3-17	320-321	,	_	_	_	
3-18	322-327	laͤſt	_	_	_	
3-19	328-332	ſich	_	_	_	
3-20	333-339	ungern	_	_	_	
3-21	340-350	zerbrechen	_	_	_	
3-22	350-351	,	_	_	_	
3-23	352-357	ſieht	_	_	_	
3-24	358-364	auſſen	_	_	_	
3-25	365-370	braun	_	_	_	
3-26	370-371	,	_	_	_	
3-27	372-377	inwen	_	_	_	
3-28	377-378	-	_	_	_	
3-29	379-382	dig	_	_	_	
3-30	383-392	graulicht	_	_	_	
3-31	392-393	,	_	_	_	
3-32	394-397	und	_	_	_	
3-33	398-404	riecht	Smell\_Word	*|*	3-34[2_0]|3-39[3_0]	
3-34	405-409	ſehr	Effect[2]	_	_	
3-35	410-416	annehm	Effect[2]	_	_	
3-36	416-417	-	Effect[2]	_	_	
3-37	418-422	lich	Effect[2]	_	_	
3-38	422-423	,	_	_	_	
3-39	424-428	wenn	Circumstances[3]	_	_	
3-40	429-432	ſie	Circumstances[3]	_	_	
3-41	433-437	fein	Circumstances[3]	_	_	
3-42	438-444	friſch	Circumstances[3]	_	_	
3-43	445-448	und	Circumstances[3]	_	_	
3-44	449-453	wohl	Circumstances[3]	_	_	
3-45	454-456	ge	Circumstances[3]	_	_	
3-46	456-457	-	Circumstances[3]	_	_	
3-47	458-466	trucknet	Circumstances[3]	_	_	
3-48	467-470	iſt	Circumstances[3]	_	_	
3-49	470-471	.	_	_	_	

#Text=Dieſe Wurtzel waͤchſt in Baͤchen und
#Text=waͤßrichten
#Text=Orten, wie auch in Graͤben;
#Text=
#Text=ſtoͤſt gruͤne Blaͤtter von ſich, welche de-
#Text=nen Knoblauchsblaͤttern ziemlich nahe
#Text=kommen:
#Text=Stengel und Blaͤtter ſind des
#Text=runden Galgands Blaͤttern und Sten-
#Text=geln ſehr gleich, ſehen auch gar lieblich.
4-1	475-480	Dieſe	_	_	_	
4-2	481-488	Wurtzel	_	_	_	
4-3	489-496	waͤchſt	_	_	_	
4-4	497-499	in	_	_	_	
4-5	500-507	Baͤchen	_	_	_	
4-6	508-511	und	_	_	_	
4-7	512-523	waͤßrichten	_	_	_	
4-8	524-529	Orten	_	_	_	
4-9	529-530	,	_	_	_	
4-10	531-534	wie	_	_	_	
4-11	535-539	auch	_	_	_	
4-12	540-542	in	_	_	_	
4-13	543-550	Graͤben	_	_	_	
4-14	550-551	;	_	_	_	
4-15	553-559	ſtoͤſt	_	_	_	
4-16	560-566	gruͤne	_	_	_	
4-17	567-575	Blaͤtter	_	_	_	
4-18	576-579	von	_	_	_	
4-19	580-584	ſich	_	_	_	
4-20	584-585	,	_	_	_	
4-21	586-592	welche	_	_	_	
4-22	593-595	de	_	_	_	
4-23	595-596	-	_	_	_	
4-24	597-600	nen	_	_	_	
4-25	601-620	Knoblauchsblaͤttern	_	_	_	
4-26	621-629	ziemlich	_	_	_	
4-27	630-634	nahe	_	_	_	
4-28	635-641	kommen	_	_	_	
4-29	641-642	:	_	_	_	
4-30	643-650	Stengel	_	_	_	
4-31	651-654	und	_	_	_	
4-32	655-663	Blaͤtter	_	_	_	
4-33	664-668	ſind	_	_	_	
4-34	669-672	des	_	_	_	
4-35	673-679	runden	_	_	_	
4-36	680-688	Galgands	_	_	_	
4-37	689-698	Blaͤttern	_	_	_	
4-38	699-702	und	_	_	_	
4-39	703-707	Sten	_	_	_	
4-40	707-708	-	_	_	_	
4-41	709-713	geln	_	_	_	
4-42	714-718	ſehr	_	_	_	
4-43	719-725	gleich	_	_	_	
4-44	725-726	,	_	_	_	
4-45	727-732	ſehen	_	_	_	
4-46	733-737	auch	_	_	_	
4-47	738-741	gar	_	_	_	
4-48	742-750	lieblich	_	_	_	
4-49	750-751	.	_	_	_	

#Text=Man ſoll dieſe Wurtzeln erwehlen,
#Text=welche dicke, trucken und weder ſchimm-
#Text=licht noch modericht riechen, vielweniger
#Text=wurmicht ſind.
5-1	755-758	Man	_	_	_	
5-2	759-763	ſoll	_	_	_	
5-3	764-769	dieſe	_	_	_	
5-4	770-778	Wurtzeln	Odour\_Carrier	*	5-18	
5-5	779-787	erwehlen	_	_	_	
5-6	787-788	,	_	_	_	
5-7	789-795	welche	_	_	_	
5-8	796-801	dicke	_	_	_	
5-9	801-802	,	_	_	_	
5-10	803-810	trucken	_	_	_	
5-11	811-814	und	_	_	_	
5-12	815-820	weder	_	_	_	
5-13	821-827	ſchimm	Quality[4]	_	_	
5-14	827-828	-	Quality[4]	_	_	
5-15	829-834	licht	Quality[4]	_	_	
5-16	835-839	noch	_	_	_	
5-17	840-849	modericht	Quality	_	_	
5-18	850-857	riechen	Smell\_Word	*|*	5-17|5-13[4_0]	
5-19	857-858	,	_	_	_	
5-20	859-870	vielweniger	_	_	_	
5-21	871-879	wurmicht	_	_	_	
5-22	880-884	ſind	_	_	_	
5-23	884-885	.	_	_	_	

#Text=Sie hat wohl einigen Nutzen in der
#Text=Artzney, iedoch gebrauchen ſie
#Text=die Par-
#Text=fumirer und Handſchuhmacher viel
#Text=oͤfter.
6-1	889-892	Sie	_	_	_	
6-2	893-896	hat	_	_	_	
6-3	897-901	wohl	_	_	_	
6-4	902-909	einigen	_	_	_	
6-5	910-916	Nutzen	_	_	_	
6-6	917-919	in	_	_	_	
6-7	920-923	der	_	_	_	
6-8	924-931	Artzney	_	_	_	
6-9	931-932	,	_	_	_	
6-10	933-939	iedoch	_	_	_	
6-11	940-950	gebrauchen	_	_	_	
6-12	951-954	ſie	_	_	_	
6-13	955-958	die	_	_	_	
6-14	959-962	Par	_	_	_	
6-15	962-963	-	_	_	_	
6-16	964-971	fumirer	_	_	_	
6-17	972-975	und	_	_	_	
6-18	976-991	Handſchuhmacher	_	_	_	
6-19	992-996	viel	_	_	_	
6-20	997-1003	oͤfter	_	_	_	
6-21	1003-1004	.	_	_	_	

#Text=Noch dienet zu mercken, daß, wann
#Text=man den Cyperus von den Bauern,
#Text=die ihn nach Paris zu Kauffe bringen,
#Text=erkauffet, es nicht genug ſey, die erſte
#Text=Hand voll, die zu oberſt im Sacke liegt,
#Text=zu beſchauen, denn dieſe iſt noch wohl tru-
#Text=cken;
#Text=ſondern man muͤſſe fleißig zuſehen,
#Text=ob auch alle das uͤbrige alſo beſchaffen.
7-1	1008-1012	Noch	_	_	_	
7-2	1013-1019	dienet	_	_	_	
7-3	1020-1022	zu	_	_	_	
7-4	1023-1030	mercken	_	_	_	
7-5	1030-1031	,	_	_	_	
7-6	1032-1035	daß	_	_	_	
7-7	1035-1036	,	_	_	_	
7-8	1037-1041	wann	_	_	_	
7-9	1042-1045	man	_	_	_	
7-10	1046-1049	den	_	_	_	
7-11	1050-1057	Cyperus	_	_	_	
7-12	1058-1061	von	_	_	_	
7-13	1062-1065	den	_	_	_	
7-14	1066-1072	Bauern	_	_	_	
7-15	1072-1073	,	_	_	_	
7-16	1074-1077	die	_	_	_	
7-17	1078-1081	ihn	_	_	_	
7-18	1082-1086	nach	_	_	_	
7-19	1087-1092	Paris	_	_	_	
7-20	1093-1095	zu	_	_	_	
7-21	1096-1102	Kauffe	_	_	_	
7-22	1103-1110	bringen	_	_	_	
7-23	1110-1111	,	_	_	_	
7-24	1112-1121	erkauffet	_	_	_	
7-25	1121-1122	,	_	_	_	
7-26	1123-1125	es	_	_	_	
7-27	1126-1131	nicht	_	_	_	
7-28	1132-1137	genug	_	_	_	
7-29	1138-1141	ſey	_	_	_	
7-30	1141-1142	,	_	_	_	
7-31	1143-1146	die	_	_	_	
7-32	1147-1152	erſte	_	_	_	
7-33	1153-1157	Hand	_	_	_	
7-34	1158-1162	voll	_	_	_	
7-35	1162-1163	,	_	_	_	
7-36	1164-1167	die	_	_	_	
7-37	1168-1170	zu	_	_	_	
7-38	1171-1177	oberſt	_	_	_	
7-39	1178-1180	im	_	_	_	
7-40	1181-1186	Sacke	_	_	_	
7-41	1187-1192	liegt	_	_	_	
7-42	1192-1193	,	_	_	_	
7-43	1194-1196	zu	_	_	_	
7-44	1197-1206	beſchauen	_	_	_	
7-45	1206-1207	,	_	_	_	
7-46	1208-1212	denn	_	_	_	
7-47	1213-1218	dieſe	_	_	_	
7-48	1219-1222	iſt	_	_	_	
7-49	1223-1227	noch	_	_	_	
7-50	1228-1232	wohl	_	_	_	
7-51	1233-1236	tru	_	_	_	
7-52	1236-1237	-	_	_	_	
7-53	1238-1242	cken	_	_	_	
7-54	1242-1243	;	_	_	_	
7-55	1244-1251	ſondern	_	_	_	
7-56	1252-1255	man	_	_	_	
7-57	1256-1262	muͤſſe	_	_	_	
7-58	1263-1270	fleißig	_	_	_	
7-59	1271-1278	zuſehen	_	_	_	
7-60	1278-1279	,	_	_	_	
7-61	1280-1282	ob	_	_	_	
7-62	1283-1287	auch	_	_	_	
7-63	1288-1292	alle	_	_	_	
7-64	1293-1296	das	_	_	_	
7-65	1297-1304	uͤbrige	_	_	_	
7-66	1305-1309	alſo	_	_	_	
7-67	1310-1320	beſchaffen	_	_	_	
7-68	1320-1321	.	_	_	_	

#Text=Das dreyzehende Capitel.
8-1	1326-1329	Das	_	_	_	
8-2	1330-1341	dreyzehende	_	_	_	
8-3	1342-1349	Capitel	_	_	_	
8-4	1349-1350	.	_	_	_	
