#FORMAT=WebAnno TSV 3.3
#T_SP=custom.Span|label
#T_RL=custom.Relation|label|BT_custom.Span


#Text=jed.
#Text=1.
1-1	0-3	jed	_	_	_	
1-2	3-4	.	_	_	_	
1-3	5-6	1	_	_	_	
1-4	6-7	.	_	_	_	

#Text=Loth/ darnach
#Text=
#Text=
#Text=ſchuͤtte auff dieſes alles ein Maaß Spani-
#Text=ſchen Wein/ mache das Geſchirꝛ wohl zu/
#Text=
#Text=und laß es 24.
2-1	8-12	Loth	_	_	_	
2-2	12-13	/	_	_	_	
2-3	14-21	darnach	_	_	_	
2-4	24-32	ſchuͤtte	_	_	_	
2-5	33-37	auff	_	_	_	
2-6	38-44	dieſes	_	_	_	
2-7	45-50	alles	_	_	_	
2-8	51-54	ein	_	_	_	
2-9	55-59	Maaß	_	_	_	
2-10	60-65	Spani	_	_	_	
2-11	65-66	-	_	_	_	
2-12	67-72	ſchen	_	_	_	
2-13	73-77	Wein	_	_	_	
2-14	77-78	/	_	_	_	
2-15	79-84	mache	_	_	_	
2-16	85-88	das	_	_	_	
2-17	89-97	Geſchirꝛ	_	_	_	
2-18	98-102	wohl	_	_	_	
2-19	103-105	zu	_	_	_	
2-20	105-106	/	_	_	_	
2-21	108-111	und	_	_	_	
2-22	112-115	laß	_	_	_	
2-23	116-118	es	_	_	_	
2-24	119-121	24	_	_	_	
2-25	121-122	.	_	_	_	

#Text=Stund lang ſtehen/
#Text=darnach
#Text=deſtilliere es im Marien-bad.
3-1	123-128	Stund	_	_	_	
3-2	129-133	lang	_	_	_	
3-3	134-140	ſtehen	_	_	_	
3-4	140-141	/	_	_	_	
3-5	142-149	darnach	_	_	_	
3-6	150-161	deſtilliere	_	_	_	
3-7	162-164	es	_	_	_	
3-8	165-167	im	_	_	_	
3-9	168-178	Marien-bad	_	_	_	
3-10	178-179	.	_	_	_	

#Text=Von dieſem
#Text=Spiritu oder Waſſer ſolle man Morgens und
#Text=Abends vor dem Schlaff etliche Loͤffel-voll
#Text=nehmen.
4-1	180-183	Von	_	_	_	
4-2	184-190	dieſem	_	_	_	
4-3	191-198	Spiritu	_	_	_	
4-4	199-203	oder	_	_	_	
4-5	204-210	Waſſer	_	_	_	
4-6	211-216	ſolle	_	_	_	
4-7	217-220	man	_	_	_	
4-8	221-228	Morgens	_	_	_	
4-9	229-232	und	_	_	_	
4-10	233-239	Abends	_	_	_	
4-11	240-243	vor	_	_	_	
4-12	244-247	dem	_	_	_	
4-13	248-255	Schlaff	_	_	_	
4-14	256-263	etliche	_	_	_	
4-15	264-276	Loͤffel-voll	_	_	_	
4-16	277-283	nehmen	_	_	_	
4-17	283-284	.	_	_	_	

#Text=Mit dieſem Mittel iſt eine vor-
#Text=nehme Fraw/ von einer groſſen Haupt-
#Text=ſchwachheit/ und obgedachter dummelichen
#Text=Schwere des Kopffs erlediget worden/ und
#Text=haben auch viel andere die gute Wuͤrckung
#Text=
#Text=dieſes Waſſers in der That erfahren.
5-1	285-288	Mit	_	_	_	
5-2	289-295	dieſem	_	_	_	
5-3	296-302	Mittel	_	_	_	
5-4	303-306	iſt	_	_	_	
5-5	307-311	eine	_	_	_	
5-6	312-315	vor	_	_	_	
5-7	315-316	-	_	_	_	
5-8	317-322	nehme	_	_	_	
5-9	323-327	Fraw	_	_	_	
5-10	327-328	/	_	_	_	
5-11	329-332	von	_	_	_	
5-12	333-338	einer	_	_	_	
5-13	339-346	groſſen	_	_	_	
5-14	347-352	Haupt	_	_	_	
5-15	352-353	-	_	_	_	
5-16	354-365	ſchwachheit	_	_	_	
5-17	365-366	/	_	_	_	
5-18	367-370	und	_	_	_	
5-19	371-382	obgedachter	_	_	_	
5-20	383-394	dummelichen	_	_	_	
5-21	395-402	Schwere	_	_	_	
5-22	403-406	des	_	_	_	
5-23	407-413	Kopffs	_	_	_	
5-24	414-423	erlediget	_	_	_	
5-25	424-430	worden	_	_	_	
5-26	430-431	/	_	_	_	
5-27	432-435	und	_	_	_	
5-28	436-441	haben	_	_	_	
5-29	442-446	auch	_	_	_	
5-30	447-451	viel	_	_	_	
5-31	452-458	andere	_	_	_	
5-32	459-462	die	_	_	_	
5-33	463-467	gute	_	_	_	
5-34	468-477	Wuͤrckung	_	_	_	
5-35	479-485	dieſes	_	_	_	
5-36	486-493	Waſſers	_	_	_	
5-37	494-496	in	_	_	_	
5-38	497-500	der	_	_	_	
5-39	501-505	That	_	_	_	
5-40	506-514	erfahren	_	_	_	
5-41	514-515	.	_	_	_	

#Text=Jm
#Text=Anfang des Fruͤhlings deſtillieren etliche die
#Text=mittlere Rinden des Kirſchen-baums per de-
#Text=ſcenſum, mit ſtarckem Fewr/ und bekom̃en
#Text=
#Text=ein Waſſer/
#Text=welches ſehr lieblich/ oder nach
#Text=Bieſem und Zibeth riechen ſolle/ und zu den
#Text=wohlriechenden Schmuck-waſſeren gebrau-
#Text=chet werden koͤnne.
6-1	516-518	Jm	_	_	_	
6-2	519-525	Anfang	_	_	_	
6-3	526-529	des	_	_	_	
6-4	530-540	Fruͤhlings	_	_	_	
6-5	541-553	deſtillieren	_	_	_	
6-6	554-561	etliche	_	_	_	
6-7	562-565	die	_	_	_	
6-8	566-574	mittlere	_	_	_	
6-9	575-581	Rinden	_	_	_	
6-10	582-585	des	_	_	_	
6-11	586-600	Kirſchen-baums	_	_	_	
6-12	601-604	per	_	_	_	
6-13	605-607	de	_	_	_	
6-14	607-608	-	_	_	_	
6-15	609-616	ſcenſum	_	_	_	
6-16	616-617	,	_	_	_	
6-17	618-621	mit	_	_	_	
6-18	622-630	ſtarckem	_	_	_	
6-19	631-635	Fewr	_	_	_	
6-20	635-636	/	_	_	_	
6-21	637-640	und	_	_	_	
6-22	641-649	bekom̃en	_	_	_	
6-23	651-654	ein	_	_	_	
6-24	655-661	Waſſer	Smell\_Source	_	_	
6-25	661-662	/	_	_	_	
6-26	663-670	welches	_	_	_	
6-27	671-675	ſehr	Quality[1]	_	_	
6-28	676-684	lieblich	Quality[1]	_	_	
6-29	684-685	/	_	_	_	
6-30	686-690	oder	_	_	_	
6-31	691-695	nach	Evoked\_Odorant[2]	_	_	
6-32	696-702	Bieſem	Evoked\_Odorant[2]	_	_	
6-33	703-706	und	Evoked\_Odorant[2]	_	_	
6-34	707-713	Zibeth	Evoked\_Odorant[2]	_	_	
6-35	714-721	riechen	Smell\_Word	*|*|*	6-27[1_0]|6-24|6-31[2_0]	
6-36	722-727	ſolle	_	_	_	
6-37	727-728	/	_	_	_	
6-38	729-732	und	_	_	_	
6-39	733-735	zu	_	_	_	
6-40	736-739	den	_	_	_	
6-41	740-754	wohlriechenden	Smell\_Word[3]|Quality[4]	*|*	6-41[4_3]|6-42[0_3]	
6-42	755-771	Schmuck-waſſeren	Smell\_Source	_	_	
6-43	772-778	gebrau	_	_	_	
6-44	778-779	-	_	_	_	
6-45	780-784	chet	_	_	_	
6-46	785-791	werden	_	_	_	
6-47	792-798	koͤnne	_	_	_	
6-48	798-799	.	_	_	_	

#Text=Dummeli-
#Text=cher und
#Text=ſchwerer
#Text=Koͤpff.
7-1	803-810	Dummeli	_	_	_	
7-2	810-811	-	_	_	_	
7-3	812-816	cher	_	_	_	
7-4	817-820	und	_	_	_	
7-5	821-829	ſchwerer	_	_	_	
7-6	830-836	Koͤpff	_	_	_	
7-7	836-837	.	_	_	_	

#Text=Groſſe
#Text=
#Text=Haupt-
#Text=Schwach-
#Text=heit/ dum-
#Text=meliche
#Text=ſchwere des
#Text=Kopffs.
8-1	839-845	Groſſe	_	_	_	
8-2	847-852	Haupt	_	_	_	
8-3	852-853	-	_	_	_	
8-4	854-861	Schwach	_	_	_	
8-5	861-862	-	_	_	_	
8-6	863-867	heit	_	_	_	
8-7	867-868	/	_	_	_	
8-8	869-872	dum	_	_	_	
8-9	872-873	-	_	_	_	
8-10	874-881	meliche	_	_	_	
8-11	882-889	ſchwere	_	_	_	
8-12	890-893	des	_	_	_	
8-13	894-900	Kopffs	_	_	_	
8-14	900-901	.	_	_	_	

#Text=Die Kernen der Kirſchen-ſteinen treiben
#Text=
#Text=Schleim und Sand auß den Nieren/
#Text=man
#Text=kan ſie entweder doͤrꝛen und zu Pulver ma-
#Text=chen/ oder friſch verſtoſſen/ mit Pappelen-
#Text=und Burtzelen-waſſer ein Milch davon ma-
#Text=chen/ und ſolche zu trincken geben.
9-1	904-907	Die	_	_	_	
9-2	908-914	Kernen	_	_	_	
9-3	915-918	der	_	_	_	
9-4	919-935	Kirſchen-ſteinen	_	_	_	
9-5	936-943	treiben	_	_	_	
9-6	945-952	Schleim	_	_	_	
9-7	953-956	und	_	_	_	
9-8	957-961	Sand	_	_	_	
9-9	962-965	auß	_	_	_	
9-10	966-969	den	_	_	_	
9-11	970-976	Nieren	_	_	_	
9-12	976-977	/	_	_	_	
9-13	978-981	man	_	_	_	
9-14	982-985	kan	_	_	_	
9-15	986-989	ſie	_	_	_	
9-16	990-998	entweder	_	_	_	
9-17	999-1006	doͤrꝛen	_	_	_	
9-18	1007-1010	und	_	_	_	
9-19	1011-1013	zu	_	_	_	
9-20	1014-1020	Pulver	_	_	_	
9-21	1021-1023	ma	_	_	_	
9-22	1023-1024	-	_	_	_	
9-23	1025-1029	chen	_	_	_	
9-24	1029-1030	/	_	_	_	
9-25	1031-1035	oder	_	_	_	
9-26	1036-1042	friſch	_	_	_	
9-27	1043-1053	verſtoſſen	_	_	_	
9-28	1053-1054	/	_	_	_	
9-29	1055-1058	mit	_	_	_	
9-30	1059-1067	Pappelen	_	_	_	
9-31	1067-1068	-	_	_	_	
9-32	1069-1072	und	_	_	_	
9-33	1073-1089	Burtzelen-waſſer	_	_	_	
9-34	1090-1093	ein	_	_	_	
9-35	1094-1099	Milch	_	_	_	
9-36	1100-1105	davon	_	_	_	
9-37	1106-1108	ma	_	_	_	
9-38	1108-1109	-	_	_	_	
9-39	1110-1114	chen	_	_	_	
9-40	1114-1115	/	_	_	_	
9-41	1116-1119	und	_	_	_	
9-42	1120-1126	ſolche	_	_	_	
9-43	1127-1129	zu	_	_	_	
9-44	1130-1138	trincken	_	_	_	
9-45	1139-1144	geben	_	_	_	
9-46	1144-1145	.	_	_	_	

#Text=Das
#Text=auß dieſen Kernen friſch außgepreßte Oel iſt
#Text=gut in dem Lendenwehe/
10-1	1146-1149	Das	_	_	_	
10-2	1150-1153	auß	_	_	_	
10-3	1154-1160	dieſen	_	_	_	
10-4	1161-1167	Kernen	_	_	_	
10-5	1168-1174	friſch	_	_	_	
10-6	1175-1186	außgepreßte	_	_	_	
10-7	1187-1190	Oel	_	_	_	
10-8	1191-1194	iſt	_	_	_	
10-9	1195-1198	gut	_	_	_	
10-10	1199-1201	in	_	_	_	
10-11	1202-1205	dem	_	_	_	
10-12	1206-1216	Lendenwehe	_	_	_	
10-13	1216-1217	/	_	_	_	
