#FORMAT=WebAnno TSV 3.3


#Text=20 Quem exaudivit Dominus, et placatus est populo.
#Text=21 Feceruntque filii Israël, qui inventi sunt in Jerusalem, solemnitatem azymorum septem diebus in lætitia magna, laudantes Dominum per singulos dies : Levitæ quoque et sacerdotes per organa quæ suo officio congruebant.
#Text=22 Et locutus est Ezechias ad cor omnium Levitarum qui habebant intelligentiam bonam super Domino : et comederunt septem diebus solemnitatis, immolantes victimas pacificorum, et laudantes Dominum Deum patrum suorum.
#Text=23 Placuitque universæ multitudini ut celebrarent etiam alios dies septem : quod et fecerunt cum ingenti gaudio.
#Text=24 Ezechias enim rex Juda præbuerat multitudini mille tauros, et septem millia ovium : principes vero dederant populo tauros mille, et oves decem millia : sanctificata est ergo sacerdotum plurima multitudo.
#Text=25 Et hilaritate perfusa omnis turba Juda, tam sacerdotum et Levitarum, quam universæ frequentiæ quæ venerat ex Israël : proselytorum quoque de terra Israël, et habitantium in Juda.
#Text=26 Factaque est grandis celebritas in Jerusalem, qualis a diebus Salomonis filii David regis Israël in ea urbe non fuerat.
#Text=27 Surrexerunt autem sacerdotes atque Levitæ benedicentes populo : et exaudita est vox eorum, pervenitque oratio in habitaculum sanctum cæli.
1-1	2-4	20	
1-2	5-9	Quem	
1-3	10-19	exaudivit	
1-4	20-27	Dominus	
1-5	27-28	,	
1-6	29-31	et	
1-7	32-40	placatus	
1-8	41-44	est	
1-9	45-51	populo	
1-10	51-52	.	
1-11	53-55	21	
1-12	56-67	Feceruntque	
1-13	68-73	filii	
1-14	74-80	Israël	
1-15	80-81	,	
1-16	82-85	qui	
1-17	86-93	inventi	
1-18	94-98	sunt	
1-19	99-101	in	
1-20	102-111	Jerusalem	
1-21	111-112	,	
1-22	113-125	solemnitatem	
1-23	126-134	azymorum	
1-24	135-141	septem	
1-25	142-148	diebus	
1-26	149-151	in	
1-27	152-159	lætitia	
1-28	160-165	magna	
1-29	165-166	,	
1-30	167-176	laudantes	
1-31	177-184	Dominum	
1-32	185-188	per	
1-33	189-197	singulos	
1-34	198-202	dies	
1-35	203-204	:	
1-36	205-211	Levitæ	
1-37	212-218	quoque	
1-38	219-221	et	
1-39	222-232	sacerdotes	
1-40	233-236	per	
1-41	237-243	organa	
1-42	244-247	quæ	
1-43	248-251	suo	
1-44	252-259	officio	
1-45	260-271	congruebant	
1-46	271-272	.	
1-47	273-275	22	
1-48	276-278	Et	
1-49	279-286	locutus	
1-50	287-290	est	
1-51	291-299	Ezechias	
1-52	300-302	ad	
1-53	303-306	cor	
1-54	307-313	omnium	
1-55	314-323	Levitarum	
1-56	324-327	qui	
1-57	328-336	habebant	
1-58	337-351	intelligentiam	
1-59	352-357	bonam	
1-60	358-363	super	
1-61	364-370	Domino	
1-62	371-372	:	
1-63	373-375	et	
1-64	376-386	comederunt	
1-65	387-393	septem	
1-66	394-400	diebus	
1-67	401-413	solemnitatis	
1-68	413-414	,	
1-69	415-425	immolantes	
1-70	426-434	victimas	
1-71	435-446	pacificorum	
1-72	446-447	,	
1-73	448-450	et	
1-74	451-460	laudantes	
1-75	461-468	Dominum	
1-76	469-473	Deum	
1-77	474-480	patrum	
1-78	481-487	suorum	
1-79	487-488	.	
1-80	489-491	23	
1-81	492-502	Placuitque	
1-82	503-511	universæ	
1-83	512-523	multitudini	
1-84	524-526	ut	
1-85	527-538	celebrarent	
1-86	539-544	etiam	
1-87	545-550	alios	
1-88	551-555	dies	
1-89	556-562	septem	
1-90	563-564	:	
1-91	565-569	quod	
1-92	570-572	et	
1-93	573-581	fecerunt	
1-94	582-585	cum	
1-95	586-593	ingenti	
1-96	594-600	gaudio	
1-97	600-601	.	
1-98	602-604	24	
1-99	605-613	Ezechias	
1-100	614-618	enim	
1-101	619-622	rex	
1-102	623-627	Juda	
1-103	628-637	præbuerat	
1-104	638-649	multitudini	
1-105	650-655	mille	
1-106	656-662	tauros	
1-107	662-663	,	
1-108	664-666	et	
1-109	667-673	septem	
1-110	674-680	millia	
1-111	681-686	ovium	
1-112	687-688	:	
1-113	689-698	principes	
1-114	699-703	vero	
1-115	704-712	dederant	
1-116	713-719	populo	
1-117	720-726	tauros	
1-118	727-732	mille	
1-119	732-733	,	
1-120	734-736	et	
1-121	737-741	oves	
1-122	742-747	decem	
1-123	748-754	millia	
1-124	755-756	:	
1-125	757-769	sanctificata	
1-126	770-773	est	
1-127	774-778	ergo	
1-128	779-789	sacerdotum	
1-129	790-797	plurima	
1-130	798-807	multitudo	
1-131	807-808	.	
1-132	809-811	25	
1-133	812-814	Et	
1-134	815-825	hilaritate	
1-135	826-833	perfusa	
1-136	834-839	omnis	
1-137	840-845	turba	
1-138	846-850	Juda	
1-139	850-851	,	
1-140	852-855	tam	
1-141	856-866	sacerdotum	
1-142	867-869	et	
1-143	870-879	Levitarum	
1-144	879-880	,	
1-145	881-885	quam	
1-146	886-894	universæ	
1-147	895-905	frequentiæ	
1-148	906-909	quæ	
1-149	910-917	venerat	
1-150	918-920	ex	
1-151	921-927	Israël	
1-152	928-929	:	
1-153	930-942	proselytorum	
1-154	943-949	quoque	
1-155	950-952	de	
1-156	953-958	terra	
1-157	959-965	Israël	
1-158	965-966	,	
1-159	967-969	et	
1-160	970-981	habitantium	
1-161	982-984	in	
1-162	985-989	Juda	
1-163	989-990	.	
1-164	991-993	26	
1-165	994-1002	Factaque	
1-166	1003-1006	est	
1-167	1007-1014	grandis	
1-168	1015-1025	celebritas	
1-169	1026-1028	in	
1-170	1029-1038	Jerusalem	
1-171	1038-1039	,	
1-172	1040-1046	qualis	
1-173	1047-1048	a	
1-174	1049-1055	diebus	
1-175	1056-1065	Salomonis	
1-176	1066-1071	filii	
1-177	1072-1077	David	
1-178	1078-1083	regis	
1-179	1084-1090	Israël	
1-180	1091-1093	in	
1-181	1094-1096	ea	
1-182	1097-1101	urbe	
1-183	1102-1105	non	
1-184	1106-1112	fuerat	
1-185	1112-1113	.	
1-186	1114-1116	27	
1-187	1117-1128	Surrexerunt	
1-188	1129-1134	autem	
1-189	1135-1145	sacerdotes	
1-190	1146-1151	atque	
1-191	1152-1158	Levitæ	
1-192	1159-1171	benedicentes	
1-193	1172-1178	populo	
1-194	1179-1180	:	
1-195	1181-1183	et	
1-196	1184-1192	exaudita	
1-197	1193-1196	est	
1-198	1197-1200	vox	
1-199	1201-1206	eorum	
1-200	1206-1207	,	
1-201	1208-1219	pervenitque	
1-202	1220-1226	oratio	
1-203	1227-1229	in	
1-204	1230-1241	habitaculum	
1-205	1242-1249	sanctum	
1-206	1250-1254	cæli	
1-207	1254-1255	.	

#Text=Caput 31
#Text=
#Text=
#Text=1 Cumque hæc fuissent rite celebrata, egressus est omnis Israël qui inventus fuerat in urbibus Juda, et fregerunt simulacra, succideruntque lucos, demoliti sunt excelsa, et altaria destruxerunt, non solum de universo Juda et Benjamin, sed et de Ephraim quoque et Manasse, donec penitus everterent : reversique sunt omnes filii Israël in possessiones et civitates suas.
#Text=2 Ezechias autem constituit turmas sacerdotales et Leviticas per divisiones suas, unumquemque in officio proprio, tam sacerdotum videlicet quam Levitarum, ad holocausta et pacifica, ut ministrarent et confiterentur, canerentque in portis castrorum Domini.
#Text=3 Pars autem regis erat, ut de propria ejus substantia offerretur holocaustum, mane semper et vespere : sabbatis quoque, et calendis, et solemnitatibus ceteris, sicut scriptum est in lege Moysi.
#Text=4 Præcepit etiam populo habitantium Jerusalem ut darent partes sacerdotibus et Levitis, ut possent vacare legi Domini.
#Text=5 Quod cum percrebruisset in auribus multitudinis, plurimas obtulere primitias filii Israël frumenti, vini, et olei : mellis quoque, et omnium quæ gignit humus, decimas obtulerunt.
#Text=6 Sed et filii Israël et Juda qui habitabant in urbibus Juda, obtulerunt decimas boum et ovium, decimasque sanctorum quæ voverant Domino Deo suo : atque universa portantes, fecerunt acervos plurimos.
#Text=7 Mense tertio cœperunt acervorum jacere fundamenta, et mense septimo compleverunt eos.
#Text=8 Cumque ingressi fuissent Ezechias et principes ejus, viderunt acervos, et benedixerunt Domino ac populo Israël.
#Text=9 Interrogavitque Ezechias sacerdotes et Levitas, cur ita jacerent acervi.
#Text=10 Respondit illi Azarias sacerdos primus de stirpe Sadoc, dicens : Ex quo cœperunt offerri primitiæ in domo Domini, comedimus, et saturati sumus, et remanserunt plurima, eo quod benedixerit Dominus populo suo : reliquarum autem copia est ista, quam cernis.
#Text=11 Præcepit igitur Ezechias ut præpararent horrea in domo Domini.
2-1	1256-1261	Caput	
2-2	1262-1264	31	
2-3	1267-1268	1	
2-4	1269-1275	Cumque	
2-5	1276-1279	hæc	
2-6	1280-1288	fuissent	
2-7	1289-1293	rite	
2-8	1294-1303	celebrata	
2-9	1303-1304	,	
2-10	1305-1313	egressus	
2-11	1314-1317	est	
2-12	1318-1323	omnis	
2-13	1324-1330	Israël	
2-14	1331-1334	qui	
2-15	1335-1343	inventus	
2-16	1344-1350	fuerat	
2-17	1351-1353	in	
2-18	1354-1361	urbibus	
2-19	1362-1366	Juda	
2-20	1366-1367	,	
2-21	1368-1370	et	
2-22	1371-1380	fregerunt	
2-23	1381-1390	simulacra	
2-24	1390-1391	,	
2-25	1392-1406	succideruntque	
2-26	1407-1412	lucos	
2-27	1412-1413	,	
2-28	1414-1422	demoliti	
2-29	1423-1427	sunt	
2-30	1428-1435	excelsa	
2-31	1435-1436	,	
2-32	1437-1439	et	
2-33	1440-1447	altaria	
2-34	1448-1460	destruxerunt	
2-35	1460-1461	,	
2-36	1462-1465	non	
2-37	1466-1471	solum	
2-38	1472-1474	de	
2-39	1475-1483	universo	
2-40	1484-1488	Juda	
2-41	1489-1491	et	
2-42	1492-1500	Benjamin	
2-43	1500-1501	,	
2-44	1502-1505	sed	
2-45	1506-1508	et	
2-46	1509-1511	de	
2-47	1512-1519	Ephraim	
2-48	1520-1526	quoque	
2-49	1527-1529	et	
2-50	1530-1537	Manasse	
2-51	1537-1538	,	
2-52	1539-1544	donec	
2-53	1545-1552	penitus	
2-54	1553-1563	everterent	
2-55	1564-1565	:	
2-56	1566-1576	reversique	
2-57	1577-1581	sunt	
2-58	1582-1587	omnes	
2-59	1588-1593	filii	
2-60	1594-1600	Israël	
2-61	1601-1603	in	
2-62	1604-1616	possessiones	
2-63	1617-1619	et	
2-64	1620-1629	civitates	
2-65	1630-1634	suas	
2-66	1634-1635	.	
2-67	1636-1637	2	
2-68	1638-1646	Ezechias	
2-69	1647-1652	autem	
2-70	1653-1663	constituit	
2-71	1664-1670	turmas	
2-72	1671-1683	sacerdotales	
2-73	1684-1686	et	
2-74	1687-1696	Leviticas	
2-75	1697-1700	per	
2-76	1701-1711	divisiones	
2-77	1712-1716	suas	
2-78	1716-1717	,	
2-79	1718-1729	unumquemque	
2-80	1730-1732	in	
2-81	1733-1740	officio	
2-82	1741-1748	proprio	
2-83	1748-1749	,	
2-84	1750-1753	tam	
2-85	1754-1764	sacerdotum	
2-86	1765-1774	videlicet	
2-87	1775-1779	quam	
2-88	1780-1789	Levitarum	
2-89	1789-1790	,	
2-90	1791-1793	ad	
2-91	1794-1804	holocausta	
2-92	1805-1807	et	
2-93	1808-1816	pacifica	
2-94	1816-1817	,	
2-95	1818-1820	ut	
2-96	1821-1833	ministrarent	
2-97	1834-1836	et	
2-98	1837-1850	confiterentur	
2-99	1850-1851	,	
2-100	1852-1863	canerentque	
2-101	1864-1866	in	
2-102	1867-1873	portis	
2-103	1874-1883	castrorum	
2-104	1884-1890	Domini	
2-105	1890-1891	.	
2-106	1892-1893	3	
2-107	1894-1898	Pars	
2-108	1899-1904	autem	
2-109	1905-1910	regis	
2-110	1911-1915	erat	
2-111	1915-1916	,	
2-112	1917-1919	ut	
2-113	1920-1922	de	
2-114	1923-1930	propria	
2-115	1931-1935	ejus	
2-116	1936-1946	substantia	
2-117	1947-1957	offerretur	
2-118	1958-1969	holocaustum	
2-119	1969-1970	,	
2-120	1971-1975	mane	
2-121	1976-1982	semper	
2-122	1983-1985	et	
2-123	1986-1993	vespere	
2-124	1994-1995	:	
2-125	1996-2004	sabbatis	
2-126	2005-2011	quoque	
2-127	2011-2012	,	
2-128	2013-2015	et	
2-129	2016-2024	calendis	
2-130	2024-2025	,	
2-131	2026-2028	et	
2-132	2029-2043	solemnitatibus	
2-133	2044-2051	ceteris	
2-134	2051-2052	,	
2-135	2053-2058	sicut	
2-136	2059-2067	scriptum	
2-137	2068-2071	est	
2-138	2072-2074	in	
2-139	2075-2079	lege	
2-140	2080-2085	Moysi	
2-141	2085-2086	.	
2-142	2087-2088	4	
2-143	2089-2097	Præcepit	
2-144	2098-2103	etiam	
2-145	2104-2110	populo	
2-146	2111-2122	habitantium	
2-147	2123-2132	Jerusalem	
2-148	2133-2135	ut	
2-149	2136-2142	darent	
2-150	2143-2149	partes	
2-151	2150-2162	sacerdotibus	
2-152	2163-2165	et	
2-153	2166-2173	Levitis	
2-154	2173-2174	,	
2-155	2175-2177	ut	
2-156	2178-2185	possent	
2-157	2186-2192	vacare	
2-158	2193-2197	legi	
2-159	2198-2204	Domini	
2-160	2204-2205	.	
2-161	2206-2207	5	
2-162	2208-2212	Quod	
2-163	2213-2216	cum	
2-164	2217-2231	percrebruisset	
2-165	2232-2234	in	
2-166	2235-2242	auribus	
2-167	2243-2255	multitudinis	
2-168	2255-2256	,	
2-169	2257-2265	plurimas	
2-170	2266-2274	obtulere	
2-171	2275-2284	primitias	
2-172	2285-2290	filii	
2-173	2291-2297	Israël	
2-174	2298-2306	frumenti	
2-175	2306-2307	,	
2-176	2308-2312	vini	
2-177	2312-2313	,	
2-178	2314-2316	et	
2-179	2317-2321	olei	
2-180	2322-2323	:	
2-181	2324-2330	mellis	
2-182	2331-2337	quoque	
2-183	2337-2338	,	
2-184	2339-2341	et	
2-185	2342-2348	omnium	
2-186	2349-2352	quæ	
2-187	2353-2359	gignit	
2-188	2360-2365	humus	
2-189	2365-2366	,	
2-190	2367-2374	decimas	
2-191	2375-2385	obtulerunt	
2-192	2385-2386	.	
2-193	2387-2388	6	
2-194	2389-2392	Sed	
2-195	2393-2395	et	
2-196	2396-2401	filii	
2-197	2402-2408	Israël	
2-198	2409-2411	et	
2-199	2412-2416	Juda	
2-200	2417-2420	qui	
2-201	2421-2431	habitabant	
2-202	2432-2434	in	
2-203	2435-2442	urbibus	
2-204	2443-2447	Juda	
2-205	2447-2448	,	
2-206	2449-2459	obtulerunt	
2-207	2460-2467	decimas	
2-208	2468-2472	boum	
2-209	2473-2475	et	
2-210	2476-2481	ovium	
2-211	2481-2482	,	
2-212	2483-2493	decimasque	
2-213	2494-2503	sanctorum	
2-214	2504-2507	quæ	
2-215	2508-2516	voverant	
2-216	2517-2523	Domino	
2-217	2524-2527	Deo	
2-218	2528-2531	suo	
2-219	2532-2533	:	
2-220	2534-2539	atque	
2-221	2540-2548	universa	
2-222	2549-2558	portantes	
2-223	2558-2559	,	
2-224	2560-2568	fecerunt	
2-225	2569-2576	acervos	
2-226	2577-2585	plurimos	
2-227	2585-2586	.	
2-228	2587-2588	7	
2-229	2589-2594	Mense	
2-230	2595-2601	tertio	
2-231	2602-2610	cœperunt	
2-232	2611-2620	acervorum	
2-233	2621-2627	jacere	
2-234	2628-2638	fundamenta	
2-235	2638-2639	,	
2-236	2640-2642	et	
2-237	2643-2648	mense	
2-238	2649-2656	septimo	
2-239	2657-2669	compleverunt	
2-240	2670-2673	eos	
2-241	2673-2674	.	
2-242	2675-2676	8	
2-243	2677-2683	Cumque	
2-244	2684-2692	ingressi	
2-245	2693-2701	fuissent	
2-246	2702-2710	Ezechias	
2-247	2711-2713	et	
2-248	2714-2723	principes	
2-249	2724-2728	ejus	
2-250	2728-2729	,	
2-251	2730-2738	viderunt	
2-252	2739-2746	acervos	
2-253	2746-2747	,	
2-254	2748-2750	et	
2-255	2751-2763	benedixerunt	
2-256	2764-2770	Domino	
2-257	2771-2773	ac	
2-258	2774-2780	populo	
2-259	2781-2787	Israël	
2-260	2787-2788	.	
2-261	2789-2790	9	
2-262	2791-2806	Interrogavitque	
2-263	2807-2815	Ezechias	
2-264	2816-2826	sacerdotes	
2-265	2827-2829	et	
2-266	2830-2837	Levitas	
2-267	2837-2838	,	
2-268	2839-2842	cur	
2-269	2843-2846	ita	
2-270	2847-2855	jacerent	
2-271	2856-2862	acervi	
2-272	2862-2863	.	
2-273	2864-2866	10	
2-274	2867-2876	Respondit	
2-275	2877-2881	illi	
2-276	2882-2889	Azarias	
2-277	2890-2898	sacerdos	
2-278	2899-2905	primus	
2-279	2906-2908	de	
2-280	2909-2915	stirpe	
2-281	2916-2921	Sadoc	
2-282	2921-2922	,	
2-283	2923-2929	dicens	
2-284	2930-2931	:	
2-285	2932-2934	Ex	
2-286	2935-2938	quo	
2-287	2939-2947	cœperunt	
2-288	2948-2955	offerri	
2-289	2956-2964	primitiæ	
2-290	2965-2967	in	
2-291	2968-2972	domo	
2-292	2973-2979	Domini	
2-293	2979-2980	,	
2-294	2981-2990	comedimus	
2-295	2990-2991	,	
2-296	2992-2994	et	
2-297	2995-3003	saturati	
2-298	3004-3009	sumus	
2-299	3009-3010	,	
2-300	3011-3013	et	
2-301	3014-3025	remanserunt	
2-302	3026-3033	plurima	
2-303	3033-3034	,	
2-304	3035-3037	eo	
2-305	3038-3042	quod	
2-306	3043-3054	benedixerit	
2-307	3055-3062	Dominus	
2-308	3063-3069	populo	
2-309	3070-3073	suo	
2-310	3074-3075	:	
2-311	3076-3086	reliquarum	
2-312	3087-3092	autem	
2-313	3093-3098	copia	
2-314	3099-3102	est	
2-315	3103-3107	ista	
2-316	3107-3108	,	
2-317	3109-3113	quam	
2-318	3114-3120	cernis	
2-319	3120-3121	.	
2-320	3122-3124	11	
2-321	3125-3133	Præcepit	
2-322	3134-3140	igitur	
2-323	3141-3149	Ezechias	
2-324	3150-3152	ut	
2-325	3153-3164	præpararent	
2-326	3165-3171	horrea	
2-327	3172-3174	in	
2-328	3175-3179	domo	
2-329	3180-3186	Domini	
2-330	3186-3187	.	

#Text=Quod cum fecissent, 12 intulerunt tam primitias quam decimas, et quæcumque voverant, fideliter.
3-1	3188-3192	Quod	
3-2	3193-3196	cum	
3-3	3197-3206	fecissent	
3-4	3206-3207	,	
3-5	3208-3210	12	
3-6	3211-3221	intulerunt	
3-7	3222-3225	tam	
3-8	3226-3235	primitias	
3-9	3236-3240	quam	
3-10	3241-3248	decimas	
3-11	3248-3249	,	
3-12	3250-3252	et	
3-13	3253-3262	quæcumque	
3-14	3263-3271	voverant	
3-15	3271-3272	,	
3-16	3273-3282	fideliter	
3-17	3282-3283	.	
