#FORMAT=WebAnno TSV 3.3
#T_SP=custom.Span|label
#T_RL=custom.Relation|label|BT_custom.Span


#Text=eckichten/ geſtreifften zweigen auff/ an wel-
#Text=chen gemeinlich außgeſpitzte/ hartlichere und
#Text=
#Text=groͤſſere
#Text=
#Text=\f
#Text=[
#Text=223/0239
#Text=]
#Text=
#Text=
#Text=Von den Baum- und Staud-Gewaͤchſen
1-1	3-12	eckichten	_	_	_	
1-2	12-13	/	_	_	_	
1-3	14-26	geſtreifften	_	_	_	
1-4	27-34	zweigen	_	_	_	
1-5	35-39	auff	_	_	_	
1-6	39-40	/	_	_	_	
1-7	41-43	an	_	_	_	
1-8	44-47	wel	_	_	_	
1-9	47-48	-	_	_	_	
1-10	49-53	chen	_	_	_	
1-11	54-64	gemeinlich	_	_	_	
1-12	65-77	außgeſpitzte	_	_	_	
1-13	77-78	/	_	_	_	
1-14	79-90	hartlichere	_	_	_	
1-15	91-94	und	_	_	_	
1-16	96-105	groͤſſere	_	_	_	
1-17	109-110	[	_	_	_	
1-18	111-114	223	_	_	_	
1-19	114-115	/	_	_	_	
1-20	115-119	0239	_	_	_	
1-21	120-121	]	_	_	_	
1-22	124-127	Von	_	_	_	
1-23	128-131	den	_	_	_	
1-24	132-136	Baum	_	_	_	
1-25	136-137	-	_	_	_	
1-26	138-141	und	_	_	_	
1-27	142-158	Staud-Gewaͤchſen	_	_	_	

#Text=.
2-1	158-159	.	_	_	_	

#Text=[
#Text=Abbildung\tVeielraͤben.
3-1	163-164	[	_	_	_	
3-2	165-174	Abbildung	_	_	_	
3-3	175-186	Veielraͤben	_	_	_	
3-4	186-187	.	_	_	_	

#Text=Jaſminum.
#Text=
#Text=]
#Text=
#Text=groͤſſere blaͤtter/ als in dem weiſſen herfuͤr
#Text=wachſen.
4-1	188-196	Jaſminum	_	_	_	
4-2	196-197	.	_	_	_	
4-3	199-200	]	_	_	_	
4-4	202-211	groͤſſere	_	_	_	
4-5	212-220	blaͤtter	_	_	_	
4-6	220-221	/	_	_	_	
4-7	222-225	als	_	_	_	
4-8	226-228	in	_	_	_	
4-9	229-232	dem	_	_	_	
4-10	233-240	weiſſen	_	_	_	
4-11	241-248	herfuͤr	_	_	_	
4-12	249-256	wachſen	_	_	_	
4-13	256-257	.	_	_	_	

#Text=Die bluͤthe iſt gelb/ von keinem ſon-
#Text=derlichem geruch;
#Text=die Frucht aber ſchwartz/
#Text=
#Text=ablang/
#Text=mittelmaͤßiger groͤſſe/ zwey groſſe/
#Text=
#Text=ablange/ ſchwartze ſamen in ſich haltend.
5-1	258-261	Die	_	_	_	
5-2	262-269	bluͤthe	Smell\_Source	_	_	
5-3	270-273	iſt	_	_	_	
5-4	274-278	gelb	_	_	_	
5-5	278-279	/	_	_	_	
5-6	280-283	von	_	_	_	
5-7	284-290	keinem	Quality[1]	_	_	
5-8	291-294	ſon	Quality[1]	_	_	
5-9	294-295	-	Quality[1]	_	_	
5-10	296-305	derlichem	Quality[1]	_	_	
5-11	306-312	geruch	Smell\_Word	*|*	5-7[1_0]|5-2	
5-12	312-313	;	_	_	_	
5-13	314-317	die	_	_	_	
5-14	318-324	Frucht	_	_	_	
5-15	325-329	aber	_	_	_	
5-16	330-338	ſchwartz	_	_	_	
5-17	338-339	/	_	_	_	
5-18	341-347	ablang	_	_	_	
5-19	347-348	/	_	_	_	
5-20	349-363	mittelmaͤßiger	_	_	_	
5-21	364-371	groͤſſe	_	_	_	
5-22	371-372	/	_	_	_	
5-23	373-377	zwey	_	_	_	
5-24	378-384	groſſe	_	_	_	
5-25	384-385	/	_	_	_	
5-26	387-394	ablange	_	_	_	
5-27	394-395	/	_	_	_	
5-28	396-405	ſchwartze	_	_	_	
5-29	406-411	ſamen	_	_	_	
5-30	412-414	in	_	_	_	
5-31	415-419	ſich	_	_	_	
5-32	420-427	haltend	_	_	_	
5-33	427-428	.	_	_	_	

#Text=III.
6-1	432-435	III	_	_	_	
6-2	435-436	.	_	_	_	

#Text=Das dritte Geſchlecht iſt der Jndia-
#Text=niſche wolriechende Jaſmin/
#Text=Gelſeminum In-
#Text=dicum flavum odoratiſsimum, Park hat eine
#Text=glatte Rinde/ waͤchſt
#Text=bey zwey elen hoch/
7-1	437-440	Das	_	_	_	
7-2	441-447	dritte	_	_	_	
7-3	448-458	Geſchlecht	_	_	_	
7-4	459-462	iſt	_	_	_	
7-5	463-466	der	_	_	_	
7-6	467-472	Jndia	_	_	_	
7-7	472-473	-	_	_	_	
7-8	474-480	niſche	_	_	_	
7-9	481-493	wolriechende	Smell\_Word[2]|Quality[3]	*|*	7-9[3_2]|7-10[0_2]	
7-10	494-500	Jaſmin	Smell\_Source	_	_	
7-11	500-501	/	_	_	_	
7-12	502-512	Gelſeminum	_	_	_	
7-13	513-515	In	_	_	_	
7-14	515-516	-	_	_	_	
7-15	517-522	dicum	_	_	_	
7-16	523-529	flavum	_	_	_	
7-17	530-543	odoratiſsimum	_	_	_	
7-18	543-544	,	_	_	_	
7-19	545-549	Park	_	_	_	
7-20	550-553	hat	_	_	_	
7-21	554-558	eine	_	_	_	
7-22	559-565	glatte	_	_	_	
7-23	566-571	Rinde	_	_	_	
7-24	571-572	/	_	_	_	
7-25	573-580	waͤchſt	_	_	_	
7-26	581-584	bey	_	_	_	
7-27	585-589	zwey	_	_	_	
7-28	590-594	elen	_	_	_	
7-29	595-599	hoch	_	_	_	
7-30	599-600	/	_	_	_	
