#FORMAT=WebAnno TSV 3.3


#Text=b.
1-1	3-4	b	
1-2	4-5	.	

#Text=Jan Swammerdam, Bybel der natuure of historie der insecten.
2-1	9-12	Jan	
2-2	13-23	Swammerdam	
2-3	23-24	,	
2-4	25-30	Bybel	
2-5	31-34	der	
2-6	35-42	natuure	
2-7	43-45	of	
2-8	46-54	historie	
2-9	55-58	der	
2-10	59-67	insecten	
2-11	67-68	.	

#Text=Deel 1
#Text=
#Text=\f410
#Text=+
#Text=
#Text=par est, subtilissime produci, altero denique iterum crassiorem atque latiorem c
#Text=reddi; ut nempe oris ftatu aër in hoc extremum commode adigi queat.
3-1	69-73	Deel	
3-2	74-75	1	
3-3	78-81	410	
3-4	82-83	+	
3-5	85-88	par	
3-6	89-92	est	
3-7	92-93	,	
3-8	94-106	subtilissime	
3-9	107-114	produci	
3-10	114-115	,	
3-11	116-122	altero	
3-12	123-130	denique	
3-13	131-137	iterum	
3-14	138-148	crassiorem	
3-15	149-154	atque	
3-16	155-163	latiorem	
3-17	164-165	c	
3-18	166-171	reddi	
3-19	171-172	;	
3-20	173-175	ut	
3-21	176-181	nempe	
3-22	182-186	oris	
3-23	187-192	ftatu	
3-24	193-196	aër	
3-25	197-199	in	
3-26	200-203	hoc	
3-27	204-212	extremum	
3-28	213-220	commode	
3-29	221-226	adigi	
3-30	227-232	queat	
3-31	232-233	.	

#Text=Hoc facto +
#Text=Tab.
4-1	234-237	Hoc	
4-2	238-243	facto	
4-3	244-245	+	
4-4	246-249	Tab	
4-5	249-250	.	

#Text=XXIV.
5-1	251-255	XXIV	
5-2	255-256	.	

#Text=Fig.
6-1	257-260	Fig	
6-2	260-261	.	

#Text=IV.
#Text=c.
#Text=tubulum
#Text=subtili quodam liquore, colorato,
#Text=haud tamen admodum penetrante, per
#Text=+
#Text=
#Text=
#Text=+
#Text=
#Text=crassius
#Text=extremum c immisso, repleo;
#Text=tumque extremum tubuli tenuius b
#Text=
#Text=+
#Text=
#Text=circumspecte terebrando
#Text=, in Cor defigo: quod satis facile obtinetur
#Text=.
7-1	262-264	IV	
7-2	264-265	.	
7-3	266-267	c	
7-4	267-268	.	
7-5	269-276	tubulum	
7-6	277-284	subtili	
7-7	285-291	quodam	
7-8	292-299	liquore	
7-9	299-300	,	
7-10	301-309	colorato	
7-11	309-310	,	
7-12	311-315	haud	
7-13	316-321	tamen	
7-14	322-329	admodum	
7-15	330-340	penetrante	
7-16	340-341	,	
7-17	342-345	per	
7-18	346-347	+	
7-19	350-351	+	
7-20	353-361	crassius	
7-21	362-370	extremum	
7-22	371-372	c	
7-23	373-380	immisso	
7-24	380-381	,	
7-25	382-388	repleo	
7-26	388-389	;	
7-27	390-396	tumque	
7-28	397-405	extremum	
7-29	406-412	tubuli	
7-30	413-420	tenuius	
7-31	421-422	b	
7-32	424-425	+	
7-33	427-439	circumspecte	
7-34	440-450	terebrando	
7-35	451-452	,	
7-36	453-455	in	
7-37	456-459	Cor	
7-38	460-466	defigo	
7-39	466-467	:	
7-40	468-472	quod	
7-41	473-478	satis	
7-42	479-485	facile	
7-43	486-495	obtinetur	
7-44	496-497	.	
