#FORMAT=WebAnno TSV 3.3


#Text=Om zich middelen te geven om gemaklyk te betalen, kan een Koopman van hout,
#Text=op verscheiden tyden, na vele Jaren, doen stellen
#Text=de koop, die hy van ’t hout gedaan
#Text=heeft, om te maken, dat in geval men hem komt moeilyk te vallen, ’er nog iet
#Text=overschiete ’t geen hem voor waarburg strekt.
1-1	2-4	Om	
1-2	5-9	zich	
1-3	10-18	middelen	
1-4	19-21	te	
1-5	22-27	geven	
1-6	28-30	om	
1-7	31-39	gemaklyk	
1-8	40-42	te	
1-9	43-50	betalen	
1-10	50-51	,	
1-11	52-55	kan	
1-12	56-59	een	
1-13	60-67	Koopman	
1-14	68-71	van	
1-15	72-76	hout	
1-16	76-77	,	
1-17	78-80	op	
1-18	81-92	verscheiden	
1-19	93-98	tyden	
1-20	98-99	,	
1-21	100-102	na	
1-22	103-107	vele	
1-23	108-113	Jaren	
1-24	113-114	,	
1-25	115-119	doen	
1-26	120-127	stellen	
1-27	128-130	de	
1-28	131-135	koop	
1-29	135-136	,	
1-30	137-140	die	
1-31	141-143	hy	
1-32	144-147	van	
1-33	148-149	’	
1-34	149-150	t	
1-35	151-155	hout	
1-36	156-162	gedaan	
1-37	163-168	heeft	
1-38	168-169	,	
1-39	170-172	om	
1-40	173-175	te	
1-41	176-181	maken	
1-42	181-182	,	
1-43	183-186	dat	
1-44	187-189	in	
1-45	190-195	geval	
1-46	196-199	men	
1-47	200-203	hem	
1-48	204-208	komt	
1-49	209-216	moeilyk	
1-50	217-219	te	
1-51	220-226	vallen	
1-52	226-227	,	
1-53	228-229	’	
1-54	229-231	er	
1-55	232-235	nog	
1-56	236-239	iet	
1-57	240-251	overschiete	
1-58	252-253	’	
1-59	253-254	t	
1-60	255-259	geen	
1-61	260-263	hem	
1-62	264-268	voor	
1-63	269-277	waarburg	
1-64	278-284	strekt	
1-65	284-285	.	

#Text=Na ’t doen van de koop heeft men ’t hout maar te handelen, gelyk men het
#Text=voordeeligst zal vinden.
2-1	288-290	Na	
2-2	291-292	’	
2-3	292-293	t	
2-4	294-298	doen	
2-5	299-302	van	
2-6	303-305	de	
2-7	306-310	koop	
2-8	311-316	heeft	
2-9	317-320	men	
2-10	321-322	’	
2-11	322-323	t	
2-12	324-328	hout	
2-13	329-333	maar	
2-14	334-336	te	
2-15	337-345	handelen	
2-16	345-346	,	
2-17	347-352	gelyk	
2-18	353-356	men	
2-19	357-360	het	
2-20	361-373	voordeeligst	
2-21	374-377	zal	
2-22	378-384	vinden	
2-23	384-385	.	

#Text=Dan moet de Koopman zien, hoe hy doen moet, om schielyk
#Text=van zyne Waar te geraken, alles naar de kostumen en gewoonten van de plaatzen.
3-1	386-389	Dan	
3-2	390-394	moet	
3-3	395-397	de	
3-4	398-405	Koopman	
3-5	406-410	zien	
3-6	410-411	,	
3-7	412-415	hoe	
3-8	416-418	hy	
3-9	419-423	doen	
3-10	424-428	moet	
3-11	428-429	,	
3-12	430-432	om	
3-13	433-441	schielyk	
3-14	442-445	van	
3-15	446-450	zyne	
3-16	451-455	Waar	
3-17	456-458	te	
3-18	459-466	geraken	
3-19	466-467	,	
3-20	468-473	alles	
3-21	474-478	naar	
3-22	479-481	de	
3-23	482-490	kostumen	
3-24	491-493	en	
3-25	494-503	gewoonten	
3-26	504-507	van	
3-27	508-510	de	
3-28	511-519	plaatzen	
3-29	519-520	.	

#Text=hout, (opgaand).
4-1	522-526	hout	
4-2	526-527	,	
4-3	528-529	(	
4-4	529-536	opgaand	
4-5	536-537	)	
4-6	537-538	.	

#Text=Alle hout, dat men niet hakt op den gewonen tyd; maar van veertig
#Text=
#Text=M.
5-1	539-543	Alle	
5-2	544-548	hout	
5-3	548-549	,	
5-4	550-553	dat	
5-5	554-557	men	
5-6	558-562	niet	
5-7	563-567	hakt	
5-8	568-570	op	
5-9	571-574	den	
5-10	575-582	gewonen	
5-11	583-586	tyd	
5-12	586-587	;	
5-13	588-592	maar	
5-14	593-596	van	
5-15	597-604	veertig	
5-16	606-607	M	
5-17	607-608	.	

#Text=Noel Chomel, Huishoudelyk woordboek
#Text=
#Text=\f
#Text=De kamers, daar de Zywurmen ’t meeste behagen in scheppen, zyn de Vertrekken
#Text=
#Text=van de eerste en twede verdieping, die negen, of tien voeten hoog zyn; en niet in
#Text=lange Galderyen, die niet goed zyn, dan voor heete landen;
#Text=men moet acht geven,
#Text=dat’er geen stank is, of enige sterke geur, maar zy moeten van ’t Oosten en ’t Zuiden
#Text=licht hebben, zo men ’t doen kan.
6-1	609-613	Noel	
6-2	614-620	Chomel	
6-3	620-621	,	
6-4	622-634	Huishoudelyk	
6-5	635-644	woordboek	
6-6	648-650	De	
6-7	651-657	kamers	
6-8	657-658	,	
6-9	659-663	daar	
6-10	664-666	de	
6-11	667-675	Zywurmen	
6-12	676-677	’	
6-13	677-678	t	
6-14	679-685	meeste	
6-15	686-693	behagen	
6-16	694-696	in	
6-17	697-705	scheppen	
6-18	705-706	,	
6-19	707-710	zyn	
6-20	711-713	de	
6-21	714-724	Vertrekken	
6-22	726-729	van	
6-23	730-732	de	
6-24	733-739	eerste	
6-25	740-742	en	
6-26	743-748	twede	
6-27	749-759	verdieping	
6-28	759-760	,	
6-29	761-764	die	
6-30	765-770	negen	
6-31	770-771	,	
6-32	772-774	of	
6-33	775-779	tien	
6-34	780-786	voeten	
6-35	787-791	hoog	
6-36	792-795	zyn	
6-37	795-796	;	
6-38	797-799	en	
6-39	800-804	niet	
6-40	805-807	in	
6-41	808-813	lange	
6-42	814-823	Galderyen	
6-43	823-824	,	
6-44	825-828	die	
6-45	829-833	niet	
6-46	834-838	goed	
6-47	839-842	zyn	
6-48	842-843	,	
6-49	844-847	dan	
6-50	848-852	voor	
6-51	853-858	heete	
6-52	859-865	landen	
6-53	865-866	;	
6-54	867-870	men	
6-55	871-875	moet	
6-56	876-880	acht	
6-57	881-886	geven	
6-58	886-887	,	
6-59	888-891	dat	
6-60	891-892	’	
6-61	892-894	er	
6-62	895-899	geen	
6-63	900-905	stank	
6-64	906-908	is	
6-65	908-909	,	
6-66	910-912	of	
6-67	913-918	enige	
6-68	919-925	sterke	
6-69	926-930	geur	
6-70	930-931	,	
6-71	932-936	maar	
6-72	937-939	zy	
6-73	940-946	moeten	
6-74	947-950	van	
6-75	951-952	’	
6-76	952-953	t	
6-77	954-960	Oosten	
6-78	961-963	en	
6-79	964-965	’	
6-80	965-966	t	
6-81	967-973	Zuiden	
6-82	974-979	licht	
6-83	980-986	hebben	
6-84	986-987	,	
6-85	988-990	zo	
6-86	991-994	men	
6-87	995-996	’	
6-88	996-997	t	
6-89	998-1002	doen	
6-90	1003-1006	kan	
6-91	1006-1007	.	

#Text=Alzo de Zywurmen nog klein zyn, moet men ze in kleine wel heete Kabinetten,
#Text=of elders plaatzen, mits dat de plaats niet koud zy, en zo ze ’t daar en tegen was, zoud
#Text=gy ze kunnen matig warm maken met kolen in een aarden pot, of in een groot konfoort,
#Text=of in iet anders.
7-1	1009-1013	Alzo	
7-2	1014-1016	de	
7-3	1017-1025	Zywurmen	
7-4	1026-1029	nog	
7-5	1030-1035	klein	
7-6	1036-1039	zyn	
7-7	1039-1040	,	
7-8	1041-1045	moet	
7-9	1046-1049	men	
7-10	1050-1052	ze	
7-11	1053-1055	in	
7-12	1056-1062	kleine	
7-13	1063-1066	wel	
7-14	1067-1072	heete	
7-15	1073-1083	Kabinetten	
7-16	1083-1084	,	
7-17	1085-1087	of	
7-18	1088-1094	elders	
7-19	1095-1103	plaatzen	
7-20	1103-1104	,	
7-21	1105-1109	mits	
7-22	1110-1113	dat	
7-23	1114-1116	de	
7-24	1117-1123	plaats	
7-25	1124-1128	niet	
7-26	1129-1133	koud	
7-27	1134-1136	zy	
7-28	1136-1137	,	
7-29	1138-1140	en	
7-30	1141-1143	zo	
7-31	1144-1146	ze	
7-32	1147-1148	’	
7-33	1148-1149	t	
7-34	1150-1154	daar	
7-35	1155-1157	en	
7-36	1158-1163	tegen	
7-37	1164-1167	was	
7-38	1167-1168	,	
7-39	1169-1173	zoud	
7-40	1174-1176	gy	
7-41	1177-1179	ze	
7-42	1180-1186	kunnen	
7-43	1187-1192	matig	
7-44	1193-1197	warm	
7-45	1198-1203	maken	
7-46	1204-1207	met	
7-47	1208-1213	kolen	
7-48	1214-1216	in	
7-49	1217-1220	een	
7-50	1221-1227	aarden	
7-51	1228-1231	pot	
7-52	1231-1232	,	
7-53	1233-1235	of	
7-54	1236-1238	in	
7-55	1239-1242	een	
7-56	1243-1248	groot	
7-57	1249-1257	konfoort	
7-58	1257-1258	,	
7-59	1259-1261	of	
7-60	1262-1264	in	
7-61	1265-1268	iet	
7-62	1269-1275	anders	
7-63	1275-1276	.	

#Text=De vocht, de koude en de uiterste hitte zyn hun kwaad, gelyk ook alle plaatsen in
#Text=
#Text=kas van nood, ’t zy ze hoog, of laag zyn, die vry zyn van die hoedanigheden, zyn
#Text=hun goed.
8-1	1279-1281	De	
8-2	1282-1287	vocht	
8-3	1287-1288	,	
8-4	1289-1291	de	
8-5	1292-1297	koude	
8-6	1298-1300	en	
8-7	1301-1303	de	
8-8	1304-1312	uiterste	
8-9	1313-1318	hitte	
8-10	1319-1322	zyn	
8-11	1323-1326	hun	
8-12	1327-1332	kwaad	
8-13	1332-1333	,	
8-14	1334-1339	gelyk	
8-15	1340-1343	ook	
8-16	1344-1348	alle	
8-17	1349-1357	plaatsen	
8-18	1358-1360	in	
8-19	1362-1365	kas	
8-20	1366-1369	van	
8-21	1370-1374	nood	
8-22	1374-1375	,	
8-23	1376-1377	’	
8-24	1377-1378	t	
8-25	1379-1381	zy	
8-26	1382-1384	ze	
8-27	1385-1389	hoog	
8-28	1389-1390	,	
8-29	1391-1393	of	
8-30	1394-1398	laag	
8-31	1399-1402	zyn	
8-32	1402-1403	,	
8-33	1404-1407	die	
8-34	1408-1411	vry	
8-35	1412-1415	zyn	
8-36	1416-1419	van	
8-37	1420-1423	die	
8-38	1424-1437	hoedanigheden	
8-39	1437-1438	,	
8-40	1439-1442	zyn	
8-41	1443-1446	hun	
8-42	1447-1451	goed	
8-43	1451-1452	.	

#Text=Als de Zywurmen nog klein zyn, moet men hunne kamers gesloten houden, en ze
#Text=zo weinig lucht geven, als mooglyk is; en als zy de derde ziekte hebben deurgestaan,
#Text=tot datze
#Text=Zyde
#Text=spinnen, kunt gy ze lucht geven, naar mate dat de hitte groot is.
9-1	1455-1458	Als	
9-2	1459-1461	de	
9-3	1462-1470	Zywurmen	
9-4	1471-1474	nog	
9-5	1475-1480	klein	
9-6	1481-1484	zyn	
9-7	1484-1485	,	
9-8	1486-1490	moet	
9-9	1491-1494	men	
9-10	1495-1500	hunne	
9-11	1501-1507	kamers	
9-12	1508-1516	gesloten	
9-13	1517-1523	houden	
9-14	1523-1524	,	
9-15	1525-1527	en	
9-16	1528-1530	ze	
9-17	1531-1533	zo	
9-18	1534-1540	weinig	
9-19	1541-1546	lucht	
9-20	1547-1552	geven	
9-21	1552-1553	,	
9-22	1554-1557	als	
9-23	1558-1565	mooglyk	
9-24	1566-1568	is	
9-25	1568-1569	;	
9-26	1570-1572	en	
9-27	1573-1576	als	
9-28	1577-1579	zy	
9-29	1580-1582	de	
9-30	1583-1588	derde	
9-31	1589-1595	ziekte	
9-32	1596-1602	hebben	
9-33	1603-1614	deurgestaan	
9-34	1614-1615	,	
9-35	1616-1619	tot	
9-36	1620-1625	datze	
9-37	1626-1630	Zyde	
9-38	1631-1638	spinnen	
9-39	1638-1639	,	
9-40	1640-1644	kunt	
9-41	1645-1647	gy	
9-42	1648-1650	ze	
9-43	1651-1656	lucht	
9-44	1657-1662	geven	
9-45	1662-1663	,	
9-46	1664-1668	naar	
9-47	1669-1673	mate	
9-48	1674-1677	dat	
9-49	1678-1680	de	
9-50	1681-1686	hitte	
9-51	1687-1692	groot	
9-52	1693-1695	is	
9-53	1695-1696	.	

#Text=Winden, die de Zywurmen kwaad doen.
10-1	1699-1705	Winden	
10-2	1705-1706	,	
10-3	1707-1710	die	
10-4	1711-1713	de	
10-5	1714-1722	Zywurmen	
10-6	1723-1728	kwaad	
10-7	1729-1733	doen	
10-8	1733-1734	.	
