#FORMAT=WebAnno TSV 3.3
#T_SP=custom.Span|label
#T_RL=custom.Relation|label|BT_custom.Span


#Text=Ganges/ ſonderlich
#Text=aber in
#Text=der Jnſul Timor, welche mit vielen Meer-
#Text=porten begabet
#Text=.
1-1	2-8	Ganges	_	_	_	
1-2	8-9	/	_	_	_	
1-3	10-20	ſonderlich	_	_	_	
1-4	21-25	aber	_	_	_	
1-5	26-28	in	_	_	_	
1-6	29-32	der	_	_	_	
1-7	33-38	Jnſul	_	_	_	
1-8	39-44	Timor	_	_	_	
1-9	44-45	,	_	_	_	
1-10	46-52	welche	_	_	_	
1-11	53-56	mit	_	_	_	
1-12	57-63	vielen	_	_	_	
1-13	64-68	Meer	_	_	_	
1-14	68-69	-	_	_	_	
1-15	70-76	porten	_	_	_	
1-16	77-84	begabet	_	_	_	
1-17	85-86	.	_	_	_	

#Text=Jn Malabarien findet man
#Text=
#Text=auch ein wolrichend Holtz/ dem weiſſen San-
#Text=tal aͤhnlich/
#Text=ſo die Einwohner Sambarana
#Text=nennen/ und zu dem Rothlauff und Ent-
#Text=zuͤndungen zu vertheilen gebraucht wird.
#Text=
#Text=
#Text=
#Text=3.
2-1	87-89	Jn	Location[1]	_	_	
2-2	90-100	Malabarien	Location[1]	_	_	
2-3	101-107	findet	_	_	_	
2-4	108-111	man	_	_	_	
2-5	113-117	auch	_	_	_	
2-6	118-121	ein	_	_	_	
2-7	122-132	wolrichend	Smell\_Word[2]|Quality[3]	*|*|*	2-7[3_2]|2-8[0_2]|2-1[1_2]	
2-8	133-138	Holtz	Smell\_Source	_	_	
2-9	138-139	/	_	_	_	
2-10	140-143	dem	_	_	_	
2-11	144-151	weiſſen	_	_	_	
2-12	152-155	San	_	_	_	
2-13	155-156	-	_	_	_	
2-14	157-160	tal	_	_	_	
2-15	161-169	aͤhnlich	_	_	_	
2-16	169-170	/	_	_	_	
2-17	171-173	ſo	_	_	_	
2-18	174-177	die	_	_	_	
2-19	178-187	Einwohner	_	_	_	
2-20	188-197	Sambarana	_	_	_	
2-21	198-204	nennen	_	_	_	
2-22	204-205	/	_	_	_	
2-23	206-209	und	_	_	_	
2-24	210-212	zu	_	_	_	
2-25	213-216	dem	_	_	_	
2-26	217-226	Rothlauff	_	_	_	
2-27	227-230	und	_	_	_	
2-28	231-234	Ent	_	_	_	
2-29	234-235	-	_	_	_	
2-30	236-246	zuͤndungen	_	_	_	
2-31	247-249	zu	_	_	_	
2-32	250-260	vertheilen	_	_	_	
2-33	261-270	gebraucht	_	_	_	
2-34	271-275	wird	_	_	_	
2-35	275-276	.	_	_	_	
2-36	280-281	3	_	_	_	
2-37	281-282	.	_	_	_	

#Text=Das Dritte iſt der rothe Santal/
#Text=San-
#Text=talum rubrum, J.
3-1	283-286	Das	_	_	_	
3-2	287-293	Dritte	_	_	_	
3-3	294-297	iſt	_	_	_	
3-4	298-301	der	_	_	_	
3-5	302-307	rothe	_	_	_	
3-6	308-314	Santal	_	_	_	
3-7	314-315	/	_	_	_	
3-8	316-319	San	_	_	_	
3-9	319-320	-	_	_	_	
3-10	321-326	talum	_	_	_	
3-11	327-333	rubrum	_	_	_	
3-12	333-334	,	_	_	_	
3-13	335-336	J	_	_	_	
3-14	336-337	.	_	_	_	

#Text=B.
4-1	338-339	B	_	_	_	
4-2	339-340	.	_	_	_	

#Text=C.
5-1	341-342	C	_	_	_	
5-2	342-343	.	_	_	_	

#Text=B.
6-1	344-345	B	_	_	_	
6-2	345-346	.	_	_	_	

#Text=Ger.
7-1	347-350	Ger	_	_	_	
7-2	350-351	.	_	_	_	

#Text=Park.
8-1	352-356	Park	_	_	_	
8-2	356-357	.	_	_	_	

#Text=Ein
#Text=ſtein-hartes/ ſchweres/ rothes Holtz/ kei-
#Text=nes wahrnemlichen geruchs/ aber eines ge-
#Text=ringen/ todten/ etwas zuſammenziehenden
#Text=
#Text=Geſchmacks.
9-1	358-361	Ein	Smell\_Source[4]	_	_	
9-2	362-374	ſtein-hartes	Smell\_Source[4]	_	_	
9-3	374-375	/	Smell\_Source[4]	_	_	
9-4	376-384	ſchweres	Smell\_Source[4]	_	_	
9-5	384-385	/	Smell\_Source[4]	_	_	
9-6	386-392	rothes	Smell\_Source[4]	_	_	
9-7	393-398	Holtz	Smell\_Source[4]	_	_	
9-8	398-399	/	_	_	_	
9-9	400-403	kei	Quality[5]	_	_	
9-10	403-404	-	Quality[5]	_	_	
9-11	405-408	nes	Quality[5]	_	_	
9-12	409-422	wahrnemlichen	Quality[5]	_	_	
9-13	423-430	geruchs	Smell\_Word	*|*	9-9[5_0]|9-1[4_0]	
9-14	430-431	/	_	_	_	
9-15	432-436	aber	_	_	_	
9-16	437-442	eines	_	_	_	
9-17	443-445	ge	_	_	_	
9-18	445-446	-	_	_	_	
9-19	447-453	ringen	_	_	_	
9-20	453-454	/	_	_	_	
9-21	455-461	todten	_	_	_	
9-22	461-462	/	_	_	_	
9-23	463-468	etwas	_	_	_	
9-24	469-486	zuſammenziehenden	_	_	_	
9-25	488-498	Geſchmacks	_	_	_	
9-26	498-499	.	_	_	_	

#Text=An der Farb iſt es roͤther/ als
#Text=das Breſilgen-holtz;
#Text=jedoch faͤrbt dieſes weit
#Text=mehr als der rothe Santal.
10-1	500-502	An	_	_	_	
10-2	503-506	der	_	_	_	
10-3	507-511	Farb	_	_	_	
10-4	512-515	iſt	_	_	_	
10-5	516-518	es	_	_	_	
10-6	519-526	roͤther	_	_	_	
10-7	526-527	/	_	_	_	
10-8	528-531	als	_	_	_	
10-9	532-535	das	_	_	_	
10-10	536-551	Breſilgen-holtz	_	_	_	
10-11	551-552	;	_	_	_	
10-12	553-559	jedoch	_	_	_	
10-13	560-566	faͤrbt	_	_	_	
10-14	567-573	dieſes	_	_	_	
10-15	574-578	weit	_	_	_	
10-16	579-583	mehr	_	_	_	
10-17	584-587	als	_	_	_	
10-18	588-591	der	_	_	_	
10-19	592-597	rothe	_	_	_	
10-20	598-604	Santal	_	_	_	
10-21	604-605	.	_	_	_	

#Text=Es waͤchſt in
#Text=Jndien bey Tanaſarim, und etlichen andern
#Text=dem Meer angraͤntzenden Orten Charaman-
#Text=del, zwiſchen dem Fluß Ganges.
11-1	606-608	Es	_	_	_	
11-2	609-616	waͤchſt	_	_	_	
11-3	617-619	in	_	_	_	
11-4	620-626	Jndien	_	_	_	
11-5	627-630	bey	_	_	_	
11-6	631-640	Tanaſarim	_	_	_	
11-7	640-641	,	_	_	_	
11-8	642-645	und	_	_	_	
11-9	646-654	etlichen	_	_	_	
11-10	655-661	andern	_	_	_	
11-11	662-665	dem	_	_	_	
11-12	666-670	Meer	_	_	_	
11-13	671-685	angraͤntzenden	_	_	_	
11-14	686-691	Orten	_	_	_	
11-15	692-700	Charaman	_	_	_	
11-16	700-701	-	_	_	_	
11-17	702-705	del	_	_	_	
11-18	705-706	,	_	_	_	
11-19	707-715	zwiſchen	_	_	_	
11-20	716-719	dem	_	_	_	
11-21	720-724	Fluß	_	_	_	
11-22	725-731	Ganges	_	_	_	
11-23	731-732	.	_	_	_	

#Text=Eigenſchafft.
12-1	735-747	Eigenſchafft	_	_	_	
12-2	747-748	.	_	_	_	

#Text=Das beſte dieſer drey Holtzen iſt das gel-
#Text=be/ demnach das rothe/ das weiſſe aber/
#Text=ſo
#Text=das gemeinſte iſt/ hat keine ſonderlichen
#Text=Kraͤfften/ wird auch in der Artzney
#Text=nicht
#Text=ſo ſehr geachtet.
13-1	751-754	Das	_	_	_	
13-2	755-760	beſte	_	_	_	
13-3	761-767	dieſer	_	_	_	
13-4	768-772	drey	_	_	_	
13-5	773-780	Holtzen	_	_	_	
13-6	781-784	iſt	_	_	_	
13-7	785-788	das	_	_	_	
13-8	789-792	gel	_	_	_	
13-9	792-793	-	_	_	_	
13-10	794-796	be	_	_	_	
13-11	796-797	/	_	_	_	
13-12	798-805	demnach	_	_	_	
13-13	806-809	das	_	_	_	
13-14	810-815	rothe	_	_	_	
13-15	815-816	/	_	_	_	
13-16	817-820	das	_	_	_	
13-17	821-827	weiſſe	_	_	_	
13-18	828-832	aber	_	_	_	
13-19	832-833	/	_	_	_	
13-20	834-836	ſo	_	_	_	
13-21	837-840	das	_	_	_	
13-22	841-850	gemeinſte	_	_	_	
13-23	851-854	iſt	_	_	_	
13-24	854-855	/	_	_	_	
13-25	856-859	hat	_	_	_	
13-26	860-865	keine	_	_	_	
13-27	866-878	ſonderlichen	_	_	_	
13-28	879-888	Kraͤfften	_	_	_	
13-29	888-889	/	_	_	_	
13-30	890-894	wird	_	_	_	
13-31	895-899	auch	_	_	_	
13-32	900-902	in	_	_	_	
13-33	903-906	der	_	_	_	
13-34	907-914	Artzney	_	_	_	
13-35	915-920	nicht	_	_	_	
13-36	921-923	ſo	_	_	_	
13-37	924-928	ſehr	_	_	_	
13-38	929-937	geachtet	_	_	_	
13-39	937-938	.	_	_	_	
