#FORMAT=WebAnno TSV 3.3


#Text=Dabei wird die Maſſe fortwährend
#Text=gut durchgemiſcht und ſo ſehr raſch in Bleiweiß übergeführt.
1-1	0-5	Dabei	
1-2	6-10	wird	
1-3	11-14	die	
1-4	15-20	Maſſe	
1-5	21-32	fortwährend	
1-6	33-36	gut	
1-7	37-50	durchgemiſcht	
1-8	51-54	und	
1-9	55-57	ſo	
1-10	58-62	ſehr	
1-11	63-68	raſch	
1-12	69-71	in	
1-13	72-80	Bleiweiß	
1-14	81-92	übergeführt	
1-15	92-93	.	

#Text=Das
#Text=franzöſiſche Verfahren geht ganz auf naſſem Wege vor ſich.
2-1	94-97	Das	
2-2	98-110	franzöſiſche	
2-3	111-120	Verfahren	
2-4	121-125	geht	
2-5	126-130	ganz	
2-6	131-134	auf	
2-7	135-141	naſſem	
2-8	142-146	Wege	
2-9	147-150	vor	
2-10	151-155	ſich	
2-11	155-156	.	

#Text=Man löſt
#Text=in Eſſig ſo viel Bleiglätte auf, als ſich eben löſen will, und leitet dann
#Text=Kohlenſäure in die Flüſſigkeit.
3-1	157-160	Man	
3-2	161-165	löſt	
3-3	166-168	in	
3-4	169-174	Eſſig	
3-5	175-177	ſo	
3-6	178-182	viel	
3-7	183-193	Bleiglätte	
3-8	194-197	auf	
3-9	197-198	,	
3-10	199-202	als	
3-11	203-207	ſich	
3-12	208-212	eben	
3-13	213-218	löſen	
3-14	219-223	will	
3-15	223-224	,	
3-16	225-228	und	
3-17	229-235	leitet	
3-18	236-240	dann	
3-19	241-252	Kohlenſäure	
3-20	253-255	in	
3-21	256-259	die	
3-22	260-271	Flüſſigkeit	
3-23	271-272	.	

#Text=Dabei fällt der größere Teil des ge-
#Text=löſten Bleies als Bleiweiß aus;
#Text=in der übrigbleibenden Löſung wird
#Text=wieder friſche Bleiglätte gelöſt, durch Kohlenſäure gefällt u. ſ.
#Text=f.
4-1	273-278	Dabei	
4-2	279-284	fällt	
4-3	285-288	der	
4-4	289-296	größere	
4-5	297-301	Teil	
4-6	302-305	des	
4-7	306-308	ge	
4-8	308-309	-	
4-9	310-316	löſten	
4-10	317-323	Bleies	
4-11	324-327	als	
4-12	328-336	Bleiweiß	
4-13	337-340	aus	
4-14	340-341	;	
4-15	342-344	in	
4-16	345-348	der	
4-17	349-364	übrigbleibenden	
4-18	365-371	Löſung	
4-19	372-376	wird	
4-20	377-383	wieder	
4-21	384-391	friſche	
4-22	392-402	Bleiglätte	
4-23	403-409	gelöſt	
4-24	409-410	,	
4-25	411-416	durch	
4-26	417-428	Kohlenſäure	
4-27	429-436	gefällt	
4-28	437-438	u	
4-29	438-439	.	
4-30	440-441	ſ	
4-31	441-442	.	
4-32	443-444	f	
4-33	444-445	.	

#Text=Das
#Text=Bleiweiß iſt zwar vom techniſchen Standpunkt eine ſehr brauchbare
#Text=Farbe, es hat aber den Nachteil, ſehr giftig zu ſein und darf deshalb
#Text=jetzt nur noch als Ölfarbe gebraucht werden.
5-1	446-449	Das	
5-2	450-458	Bleiweiß	
5-3	459-462	iſt	
5-4	463-467	zwar	
5-5	468-471	vom	
5-6	472-483	techniſchen	
5-7	484-494	Standpunkt	
5-8	495-499	eine	
5-9	500-504	ſehr	
5-10	505-515	brauchbare	
5-11	516-521	Farbe	
5-12	521-522	,	
5-13	523-525	es	
5-14	526-529	hat	
5-15	530-534	aber	
5-16	535-538	den	
5-17	539-547	Nachteil	
5-18	547-548	,	
5-19	549-553	ſehr	
5-20	554-560	giftig	
5-21	561-563	zu	
5-22	564-568	ſein	
5-23	569-572	und	
5-24	573-577	darf	
5-25	578-585	deshalb	
5-26	586-591	jetzt	
5-27	592-595	nur	
5-28	596-600	noch	
5-29	601-604	als	
5-30	605-612	Ölfarbe	
5-31	613-622	gebraucht	
5-32	623-629	werden	
5-33	629-630	.	

#Text=Als Erſatz iſt dafür das
#Text=Zinkweiß in Aufnahme gekommen, das zuerſt von Leclaire in großem
#Text=Maßſtabe hergeſtellt wurde.
6-1	631-634	Als	
6-2	635-641	Erſatz	
6-3	642-645	iſt	
6-4	646-651	dafür	
6-5	652-655	das	
6-6	656-664	Zinkweiß	
6-7	665-667	in	
6-8	668-676	Aufnahme	
6-9	677-685	gekommen	
6-10	685-686	,	
6-11	687-690	das	
6-12	691-697	zuerſt	
6-13	698-701	von	
6-14	702-710	Leclaire	
6-15	711-713	in	
6-16	714-720	großem	
6-17	721-729	Maßſtabe	
6-18	730-741	hergeſtellt	
6-19	742-747	wurde	
6-20	747-748	.	

#Text=Da es nicht giftig iſt, ſo ſchädigt es
#Text=weder die mit der Herſtellung beſchäftigten Arbeiter, noch bedingt es
#Text=
#Text=Beſchränkungen in der Verwendung.
7-1	749-751	Da	
7-2	752-754	es	
7-3	755-760	nicht	
7-4	761-767	giftig	
7-5	768-771	iſt	
7-6	771-772	,	
7-7	773-775	ſo	
7-8	776-784	ſchädigt	
7-9	785-787	es	
7-10	788-793	weder	
7-11	794-797	die	
7-12	798-801	mit	
7-13	802-805	der	
7-14	806-817	Herſtellung	
7-15	818-831	beſchäftigten	
7-16	832-840	Arbeiter	
7-17	840-841	,	
7-18	842-846	noch	
7-19	847-854	bedingt	
7-20	855-857	es	
7-21	859-873	Beſchränkungen	
7-22	874-876	in	
7-23	877-880	der	
7-24	881-891	Verwendung	
7-25	891-892	.	

#Text=Man gewinnt es, indem man
#Text=Zink in thönernen Retorten verdampft, die Zinkdämpfe mittelſt heißer
#Text=Luft verbrennt, und den dabei entſtehenden Rauch von Zinkoxyd in
#Text=große Kammern leitet, in denen es ſich abkühlt und verdichtet.
8-1	893-896	Man	
8-2	897-904	gewinnt	
8-3	905-907	es	
8-4	907-908	,	
8-5	909-914	indem	
8-6	915-918	man	
8-7	919-923	Zink	
8-8	924-926	in	
8-9	927-936	thönernen	
8-10	937-945	Retorten	
8-11	946-955	verdampft	
8-12	955-956	,	
8-13	957-960	die	
8-14	961-971	Zinkdämpfe	
8-15	972-980	mittelſt	
8-16	981-987	heißer	
8-17	988-992	Luft	
8-18	993-1002	verbrennt	
8-19	1002-1003	,	
8-20	1004-1007	und	
8-21	1008-1011	den	
8-22	1012-1017	dabei	
8-23	1018-1030	entſtehenden	
8-24	1031-1036	Rauch	
8-25	1037-1040	von	
8-26	1041-1049	Zinkoxyd	
8-27	1050-1052	in	
8-28	1053-1058	große	
8-29	1059-1066	Kammern	
8-30	1067-1073	leitet	
8-31	1073-1074	,	
8-32	1075-1077	in	
8-33	1078-1083	denen	
8-34	1084-1086	es	
8-35	1087-1091	ſich	
8-36	1092-1099	abkühlt	
8-37	1100-1103	und	
8-38	1104-1114	verdichtet	
8-39	1114-1115	.	

#Text=Das
#Text=Zinkweiß teilt mit dem Permanentweiß die Eigenſchaft, gegen Schwefel-
#Text=waſſerſtoff unempfindlich zu ſein, dagegen wird es, wie das Bleiweiß,
#Text=von Säuren angegriffen.
9-1	1116-1119	Das	
9-2	1120-1128	Zinkweiß	
9-3	1129-1134	teilt	
9-4	1135-1138	mit	
9-5	1139-1142	dem	
9-6	1143-1156	Permanentweiß	
9-7	1157-1160	die	
9-8	1161-1172	Eigenſchaft	
9-9	1172-1173	,	
9-10	1174-1179	gegen	
9-11	1180-1188	Schwefel	
9-12	1188-1189	-	
9-13	1190-1201	waſſerſtoff	
9-14	1202-1215	unempfindlich	
9-15	1216-1218	zu	
9-16	1219-1223	ſein	
9-17	1223-1224	,	
9-18	1225-1232	dagegen	
9-19	1233-1237	wird	
9-20	1238-1240	es	
9-21	1240-1241	,	
9-22	1242-1245	wie	
9-23	1246-1249	das	
9-24	1250-1258	Bleiweiß	
9-25	1258-1259	,	
9-26	1260-1263	von	
9-27	1264-1270	Säuren	
9-28	1271-1282	angegriffen	
9-29	1282-1283	.	

#Text=b)
#Text=Farben zum Färben.
10-1	1286-1287	b	
10-2	1287-1288	)	
10-3	1289-1295	Farben	
10-4	1296-1299	zum	
10-5	1300-1306	Färben	
10-6	1306-1307	.	

#Text=Woran liegt es, daß eine ſo große Anzahl farbiger Körper nicht
#Text=zum Färben geeignet iſt?
11-1	1309-1314	Woran	
11-2	1315-1320	liegt	
11-3	1321-1323	es	
11-4	1323-1324	,	
11-5	1325-1328	daß	
11-6	1329-1333	eine	
11-7	1334-1336	ſo	
11-8	1337-1342	große	
11-9	1343-1349	Anzahl	
11-10	1350-1358	farbiger	
11-11	1359-1365	Körper	
11-12	1366-1371	nicht	
11-13	1372-1375	zum	
11-14	1376-1382	Färben	
11-15	1383-1391	geeignet	
11-16	1392-1395	iſt	
11-17	1395-1396	?	

#Text=Um dieſe Frage zu beantworten, müſſen
#Text=
#Text=wir uns mit dem Begriff des Färbens bekannt machen.
12-1	1397-1399	Um	
12-2	1400-1405	dieſe	
12-3	1406-1411	Frage	
12-4	1412-1414	zu	
12-5	1415-1426	beantworten	
12-6	1426-1427	,	
12-7	1428-1434	müſſen	
12-8	1436-1439	wir	
12-9	1440-1443	uns	
12-10	1444-1447	mit	
12-11	1448-1451	dem	
12-12	1452-1459	Begriff	
12-13	1460-1463	des	
12-14	1464-1471	Färbens	
12-15	1472-1479	bekannt	
12-16	1480-1486	machen	
12-17	1486-1487	.	

#Text=Das Färben
#Text=
#Text=beſteht darin, einen Körper oder Stoff — der ſowohl weiß als auch
#Text=bereits farbig ſein kann — ſo mit einer beſtimmten Farbe zu ver-
#Text=einigen, daß die letztere auf rein mechaniſchem Wege durch Abkratzen
#Text=oder Abwaſchen mit Waſſer nicht mehr zu entfernen iſt.
13-1	1488-1491	Das	
13-2	1492-1498	Färben	
13-3	1500-1507	beſteht	
13-4	1508-1513	darin	
13-5	1513-1514	,	
13-6	1515-1520	einen	
13-7	1521-1527	Körper	
13-8	1528-1532	oder	
13-9	1533-1538	Stoff	
13-10	1539-1540	—	
13-11	1541-1544	der	
13-12	1545-1551	ſowohl	
13-13	1552-1556	weiß	
13-14	1557-1560	als	
13-15	1561-1565	auch	
13-16	1566-1573	bereits	
13-17	1574-1580	farbig	
13-18	1581-1585	ſein	
13-19	1586-1590	kann	
13-20	1591-1592	—	
13-21	1593-1595	ſo	
13-22	1596-1599	mit	
13-23	1600-1605	einer	
13-24	1606-1616	beſtimmten	
13-25	1617-1622	Farbe	
13-26	1623-1625	zu	
13-27	1626-1629	ver	
13-28	1629-1630	-	
13-29	1631-1638	einigen	
13-30	1638-1639	,	
13-31	1640-1643	daß	
13-32	1644-1647	die	
13-33	1648-1656	letztere	
13-34	1657-1660	auf	
13-35	1661-1665	rein	
13-36	1666-1678	mechaniſchem	
13-37	1679-1683	Wege	
13-38	1684-1689	durch	
13-39	1690-1699	Abkratzen	
13-40	1700-1704	oder	
13-41	1705-1714	Abwaſchen	
13-42	1715-1718	mit	
13-43	1719-1725	Waſſer	
13-44	1726-1731	nicht	
13-45	1732-1736	mehr	
13-46	1737-1739	zu	
13-47	1740-1749	entfernen	
13-48	1750-1753	iſt	
13-49	1753-1754	.	

#Text=Während
#Text=beim Bemalen die Farbe an der Oberfläche haftet, dringt ſie beim
#Text=
#Text=\f
#Text=[398/0416]
14-1	1755-1762	Während	
14-2	1763-1767	beim	
14-3	1768-1775	Bemalen	
14-4	1776-1779	die	
14-5	1780-1785	Farbe	
14-6	1786-1788	an	
14-7	1789-1792	der	
14-8	1793-1803	Oberfläche	
14-9	1804-1810	haftet	
14-10	1810-1811	,	
14-11	1812-1818	dringt	
14-12	1819-1822	ſie	
14-13	1823-1827	beim	
14-14	1831-1832	[	
14-15	1832-1835	398	
14-16	1835-1836	/	
14-17	1836-1840	0416	
14-18	1840-1841	]	
