#FORMAT=WebAnno TSV 3.3
#T_SP=custom.Span|label
#T_RL=custom.Relation|label|BT_custom.Span


#Text=Malva folijs criſpis, C.
1-1	2-7	Malva	_	_	_	
1-2	8-14	folijs	_	_	_	
1-3	15-22	criſpis	_	_	_	
1-4	22-23	,	_	_	_	
1-5	24-25	C	_	_	_	
1-6	25-26	.	_	_	_	

#Text=B.
2-1	27-28	B	_	_	_	
2-2	28-29	.	_	_	_	

#Text=Pappelkraut mit krauſen blaͤttern.
3-1	30-41	Pappelkraut	_	_	_	
3-2	42-45	mit	_	_	_	
3-3	46-53	krauſen	_	_	_	
3-4	54-63	blaͤttern	_	_	_	
3-5	63-64	.	_	_	_	

#Text=Malva
#Text=criſpa, Dod.
4-1	65-70	Malva	_	_	_	
4-2	71-77	criſpa	_	_	_	
4-3	77-78	,	_	_	_	
4-4	79-82	Dod	_	_	_	
4-5	82-83	.	_	_	_	

#Text=Tab.
5-1	84-87	Tab	_	_	_	
5-2	87-88	.	_	_	_	

#Text=Eyſt.
#Text=criſpatis oris, Lob.
6-1	89-93	Eyſt	_	_	_	
6-2	93-94	.	_	_	_	
6-3	95-104	criſpatis	_	_	_	
6-4	105-109	oris	_	_	_	
6-5	109-110	,	_	_	_	
6-6	111-114	Lob	_	_	_	
6-7	114-115	.	_	_	_	

#Text=Malva folio vario, C.
7-1	119-124	Malva	_	_	_	
7-2	125-130	folio	_	_	_	
7-3	131-136	vario	_	_	_	
7-4	136-137	,	_	_	_	
7-5	138-139	C	_	_	_	
7-6	139-140	.	_	_	_	

#Text=B.
8-1	141-142	B	_	_	_	
8-2	142-143	.	_	_	_	

#Text=Pappelkraut mit mancherley blaͤttern.
9-1	144-155	Pappelkraut	_	_	_	
9-2	156-159	mit	_	_	_	
9-3	160-170	mancherley	_	_	_	
9-4	171-180	blaͤttern	_	_	_	
9-5	180-181	.	_	_	_	

#Text=Malva
#Text=trimeſtris vel pumila, Cluſ.
10-1	182-187	Malva	_	_	_	
10-2	188-198	trimeſtris	_	_	_	
10-3	199-202	vel	_	_	_	
10-4	203-209	pumila	_	_	_	
10-5	209-210	,	_	_	_	
10-6	211-215	Cluſ	_	_	_	
10-7	215-216	.	_	_	_	

#Text=Melilotus peregrina flore purpurocæruleo inodoro.
11-1	220-229	Melilotus	_	_	_	
11-2	230-239	peregrina	_	_	_	
11-3	240-245	flore	_	_	_	
11-4	246-260	purpurocæruleo	_	_	_	
11-5	261-268	inodoro	_	_	_	
11-6	268-269	.	_	_	_	

#Text=Purpurblawer Stein-
#Text=klee ohn geruch.
12-1	270-282	Purpurblawer	Smell\_Source[1]	_	_	
12-2	283-288	Stein	Smell\_Source[1]	_	_	
12-3	288-289	-	Smell\_Source[1]	_	_	
12-4	290-294	klee	Smell\_Source[1]	_	_	
12-5	295-298	ohn	Quality	_	_	
12-6	299-305	geruch	Smell\_Word	*|*	12-5|12-1[1_0]	
12-7	305-306	.	_	_	_	

#Text=Bey dem Dodonæo iſt dieſes geſchlecht beſonders auff gezeichnet:
#Text=
#Text=C.
13-1	307-310	Bey	_	_	_	
13-2	311-314	dem	_	_	_	
13-3	315-322	Dodonæo	_	_	_	
13-4	323-326	iſt	_	_	_	
13-5	327-333	dieſes	_	_	_	
13-6	334-344	geſchlecht	_	_	_	
13-7	345-354	beſonders	_	_	_	
13-8	355-359	auff	_	_	_	
13-9	360-370	gezeichnet	_	_	_	
13-10	370-371	:	_	_	_	
13-11	373-374	C	_	_	_	
13-12	374-375	.	_	_	_	

#Text=B. aber ziehet es mit ad differentias Melitoli officinarum Germaniæ, davon
#Text=l. 6. c. 3.
14-1	376-377	B	_	_	_	
14-2	377-378	.	_	_	_	
14-3	379-383	aber	_	_	_	
14-4	384-390	ziehet	_	_	_	
14-5	391-393	es	_	_	_	
14-6	394-397	mit	_	_	_	
14-7	398-400	ad	_	_	_	
14-8	401-413	differentias	_	_	_	
14-9	414-422	Melitoli	_	_	_	
14-10	423-434	officinarum	_	_	_	
14-11	435-443	Germaniæ	_	_	_	
14-12	443-444	,	_	_	_	
14-13	445-450	davon	_	_	_	
14-14	451-452	l	_	_	_	
14-15	452-453	.	_	_	_	
14-16	454-455	6	_	_	_	
14-17	455-456	.	_	_	_	
14-18	457-458	c	_	_	_	
14-19	458-459	.	_	_	_	
14-20	460-461	3	_	_	_	
14-21	461-462	.	_	_	_	

#Text=Melilotus flore luteo puſillo.
15-1	464-473	Melilotus	_	_	_	
15-2	474-479	flore	_	_	_	
15-3	480-485	luteo	_	_	_	
15-4	486-493	puſillo	_	_	_	
15-5	493-494	.	_	_	_	

#Text=Steinklee mit kleinen gelben blumen.
16-1	495-504	Steinklee	_	_	_	
16-2	505-508	mit	_	_	_	
16-3	509-516	kleinen	_	_	_	
16-4	517-523	gelben	_	_	_	
16-5	524-530	blumen	_	_	_	
16-6	530-531	.	_	_	_	

#Text=Meli-
#Text=lotus Friſia, quibuſdam.
17-1	532-536	Meli	_	_	_	
17-2	536-537	-	_	_	_	
17-3	538-543	lotus	_	_	_	
17-4	544-550	Friſia	_	_	_	
17-5	550-551	,	_	_	_	
17-6	552-561	quibuſdam	_	_	_	
17-7	561-562	.	_	_	_	

#Text=Melilotus Italica folliculis rotundis, C.
18-1	565-574	Melilotus	_	_	_	
18-2	575-582	Italica	_	_	_	
18-3	583-593	folliculis	_	_	_	
18-4	594-602	rotundis	_	_	_	
18-5	602-603	,	_	_	_	
18-6	604-605	C	_	_	_	
18-7	605-606	.	_	_	_	

#Text=B.
19-1	607-608	B	_	_	_	
19-2	608-609	.	_	_	_	

#Text=Welſcher Steinklee.
20-1	610-618	Welſcher	_	_	_	
20-2	619-628	Steinklee	_	_	_	
20-3	628-629	.	_	_	_	

#Text=Melilo-
#Text=
#Text=tus Italica, Camer.
21-1	630-636	Melilo	_	_	_	
21-2	636-637	-	_	_	_	
21-3	639-642	tus	_	_	_	
21-4	643-650	Italica	_	_	_	
21-5	650-651	,	_	_	_	
21-6	652-657	Camer	_	_	_	
21-7	657-658	.	_	_	_	

#Text=Melilotus corniculis reflexis minor, C.
22-1	662-671	Melilotus	_	_	_	
22-2	672-682	corniculis	_	_	_	
22-3	683-691	reflexis	_	_	_	
22-4	692-697	minor	_	_	_	
22-5	697-698	,	_	_	_	
22-6	699-700	C	_	_	_	
22-7	700-701	.	_	_	_	

#Text=B.
23-1	702-703	B	_	_	_	
23-2	703-704	.	_	_	_	

#Text=Aegyptiſcher Steinklee.
24-1	705-717	Aegyptiſcher	_	_	_	
24-2	718-727	Steinklee	_	_	_	
24-3	727-728	.	_	_	_	
