#FORMAT=WebAnno TSV 3.3
#T_SP=custom.Span|label
#T_RL=custom.Relation|label|BT_custom.Span


#Text=buͤchern
#Text=gedacht wird, ſonderlich beym
#Text=
#Text=Dodonæo und Dalechampio, welche die
#Text=Saxifragias weitlaͤufftig genug beſchrei-
#Text=ben.
1-1	2-10	buͤchern	_	_	_	
1-2	11-18	gedacht	_	_	_	
1-3	19-23	wird	_	_	_	
1-4	23-24	,	_	_	_	
1-5	25-35	ſonderlich	_	_	_	
1-6	36-40	beym	_	_	_	
1-7	42-49	Dodonæo	_	_	_	
1-8	50-53	und	_	_	_	
1-9	54-65	Dalechampio	_	_	_	
1-10	65-66	,	_	_	_	
1-11	67-73	welche	_	_	_	
1-12	74-77	die	_	_	_	
1-13	78-89	Saxifragias	_	_	_	
1-14	90-103	weitlaͤufftig	_	_	_	
1-15	104-109	genug	_	_	_	
1-16	110-118	beſchrei	_	_	_	
1-17	118-119	-	_	_	_	
1-18	120-123	ben	_	_	_	
1-19	123-124	.	_	_	_	

#Text=Ja es wollen etliche lieber allen
#Text=Kraͤutern, welche zwiſchen Steinen und
#Text=Klippen hervor wachſen, den Namen
#Text=Steinbrech beylegen.
2-1	125-127	Ja	_	_	_	
2-2	128-130	es	_	_	_	
2-3	131-137	wollen	_	_	_	
2-4	138-145	etliche	_	_	_	
2-5	146-152	lieber	_	_	_	
2-6	153-158	allen	_	_	_	
2-7	159-168	Kraͤutern	_	_	_	
2-8	168-169	,	_	_	_	
2-9	170-176	welche	_	_	_	
2-10	177-185	zwiſchen	_	_	_	
2-11	186-193	Steinen	_	_	_	
2-12	194-197	und	_	_	_	
2-13	198-205	Klippen	_	_	_	
2-14	206-212	hervor	_	_	_	
2-15	213-220	wachſen	_	_	_	
2-16	220-221	,	_	_	_	
2-17	222-225	den	_	_	_	
2-18	226-231	Namen	_	_	_	
2-19	232-242	Steinbrech	_	_	_	
2-20	243-251	beylegen	_	_	_	
2-21	251-252	.	_	_	_	

#Text=Das zehnde Capitel.
3-1	257-260	Das	_	_	_	
3-2	261-267	zehnde	_	_	_	
3-3	268-275	Capitel	_	_	_	
3-4	275-276	.	_	_	_	

#Text=Vom Kramkuͤmmel.
4-1	279-282	Vom	_	_	_	
4-2	283-294	Kramkuͤmmel	_	_	_	
4-3	294-295	.	_	_	_	

#Text=CUminum, Kramkuͤmmel, oder ſau-
#Text=rer Anis, iſt der Same eines Krau-
#Text=tes, welches dem Fenchel nicht unaͤhn-
#Text=lich ſieht, und gantz haͤuffig in der Jn-
#Text=ſel Maltha waͤchſet, allwo es, wie das
#Text=Korn, geſaͤet wird.
5-1	298-305	CUminum	_	_	_	
5-2	305-306	,	_	_	_	
5-3	307-318	Kramkuͤmmel	_	_	_	
5-4	318-319	,	_	_	_	
5-5	320-324	oder	_	_	_	
5-6	325-328	ſau	_	_	_	
5-7	328-329	-	_	_	_	
5-8	330-333	rer	_	_	_	
5-9	334-338	Anis	_	_	_	
5-10	338-339	,	_	_	_	
5-11	340-343	iſt	_	_	_	
5-12	344-347	der	_	_	_	
5-13	348-352	Same	_	_	_	
5-14	353-358	eines	_	_	_	
5-15	359-363	Krau	_	_	_	
5-16	363-364	-	_	_	_	
5-17	365-368	tes	_	_	_	
5-18	368-369	,	_	_	_	
5-19	370-377	welches	_	_	_	
5-20	378-381	dem	_	_	_	
5-21	382-389	Fenchel	_	_	_	
5-22	390-395	nicht	_	_	_	
5-23	396-402	unaͤhn	_	_	_	
5-24	402-403	-	_	_	_	
5-25	404-408	lich	_	_	_	
5-26	409-414	ſieht	_	_	_	
5-27	414-415	,	_	_	_	
5-28	416-419	und	_	_	_	
5-29	420-425	gantz	_	_	_	
5-30	426-434	haͤuffig	_	_	_	
5-31	435-437	in	_	_	_	
5-32	438-441	der	_	_	_	
5-33	442-444	Jn	_	_	_	
5-34	444-445	-	_	_	_	
5-35	446-449	ſel	_	_	_	
5-36	450-456	Maltha	_	_	_	
5-37	457-465	waͤchſet	_	_	_	
5-38	465-466	,	_	_	_	
5-39	467-472	allwo	_	_	_	
5-40	473-475	es	_	_	_	
5-41	475-476	,	_	_	_	
5-42	477-480	wie	_	_	_	
5-43	481-484	das	_	_	_	
5-44	485-489	Korn	_	_	_	
5-45	489-490	,	_	_	_	
5-46	491-498	geſaͤet	_	_	_	
5-47	499-503	wird	_	_	_	
5-48	503-504	.	_	_	_	

#Text=Man ſuche ſolchen Kuͤmmel, welcher
#Text=friſch und gruͤn, auch ziemlich ſtarck und
#Text=widerlich rieche: nehme dabey wohl in
#Text=Acht, daß er nicht wurmſtichicht ſey,
#Text=denn dieſem Unfall iſt er gar ſehr unter-
#Text=worffen.
6-1	508-511	Man	_	_	_	
6-2	512-517	ſuche	_	_	_	
6-3	518-525	ſolchen	_	_	_	
6-4	526-533	Kuͤmmel	Smell\_Source	_	_	
6-5	533-534	,	_	_	_	
6-6	535-542	welcher	_	_	_	
6-7	543-549	friſch	_	_	_	
6-8	550-553	und	_	_	_	
6-9	554-559	gruͤn	_	_	_	
6-10	559-560	,	_	_	_	
6-11	561-565	auch	_	_	_	
6-12	566-574	ziemlich	_	_	_	
6-13	575-581	ſtarck	Quality	_	_	
6-14	582-585	und	_	_	_	
6-15	586-595	widerlich	Quality	_	_	
6-16	596-602	rieche	Smell\_Word	*|*|*	6-13|6-15|6-4	
6-17	602-603	:	_	_	_	
6-18	604-609	nehme	_	_	_	
6-19	610-615	dabey	_	_	_	
6-20	616-620	wohl	_	_	_	
6-21	621-623	in	_	_	_	
6-22	624-628	Acht	_	_	_	
6-23	628-629	,	_	_	_	
6-24	630-633	daß	_	_	_	
6-25	634-636	er	_	_	_	
6-26	637-642	nicht	_	_	_	
6-27	643-656	wurmſtichicht	_	_	_	
6-28	657-660	ſey	_	_	_	
6-29	660-661	,	_	_	_	
6-30	662-666	denn	_	_	_	
6-31	667-673	dieſem	_	_	_	
6-32	674-680	Unfall	_	_	_	
6-33	681-684	iſt	_	_	_	
6-34	685-687	er	_	_	_	
6-35	688-691	gar	_	_	_	
6-36	692-696	ſehr	_	_	_	
6-37	697-702	unter	_	_	_	
6-38	702-703	-	_	_	_	
6-39	704-711	worffen	_	_	_	
6-40	711-712	.	_	_	_	

#Text=Doch kan man dieſes ſtracks
#Text=daran vermercken, wenn er ſehr ſtau-
#Text=bicht iſt, und an einander behangen
#Text=bleibt, wenn man eine Handvoll in die
#Text=Hoͤhe hebt, als ob er an Faͤden, welches
#Text=die Zaͤſerlein der Koͤrner ſind, behienge.
7-1	713-717	Doch	_	_	_	
7-2	718-721	kan	_	_	_	
7-3	722-725	man	_	_	_	
7-4	726-732	dieſes	_	_	_	
7-5	733-740	ſtracks	_	_	_	
7-6	741-746	daran	_	_	_	
7-7	747-757	vermercken	_	_	_	
7-8	757-758	,	_	_	_	
7-9	759-763	wenn	_	_	_	
7-10	764-766	er	_	_	_	
7-11	767-771	ſehr	_	_	_	
7-12	772-776	ſtau	_	_	_	
7-13	776-777	-	_	_	_	
7-14	778-783	bicht	_	_	_	
7-15	784-787	iſt	_	_	_	
7-16	787-788	,	_	_	_	
7-17	789-792	und	_	_	_	
7-18	793-795	an	_	_	_	
7-19	796-804	einander	_	_	_	
7-20	805-813	behangen	_	_	_	
7-21	814-820	bleibt	_	_	_	
7-22	820-821	,	_	_	_	
7-23	822-826	wenn	_	_	_	
7-24	827-830	man	_	_	_	
7-25	831-835	eine	_	_	_	
7-26	836-844	Handvoll	_	_	_	
7-27	845-847	in	_	_	_	
7-28	848-851	die	_	_	_	
7-29	852-857	Hoͤhe	_	_	_	
7-30	858-862	hebt	_	_	_	
7-31	862-863	,	_	_	_	
7-32	864-867	als	_	_	_	
7-33	868-870	ob	_	_	_	
7-34	871-873	er	_	_	_	
7-35	874-876	an	_	_	_	
7-36	877-883	Faͤden	_	_	_	
7-37	883-884	,	_	_	_	
7-38	885-892	welches	_	_	_	
7-39	893-896	die	_	_	_	
7-40	897-907	Zaͤſerlein	_	_	_	
7-41	908-911	der	_	_	_	
7-42	912-919	Koͤrner	_	_	_	
7-43	920-924	ſind	_	_	_	
7-44	924-925	,	_	_	_	
7-45	926-934	behienge	_	_	_	
7-46	934-935	.	_	_	_	

#Text=Dieſer Samen wird zu weilen in der
#Text=Windwaſſerſucht, Tympanites, ge-
#Text=braucht, denn er denen carminativis,
#Text=
#Text=windtreibenden Artzneymitteln zuge-
#Text=rechnet wird.
8-1	939-945	Dieſer	_	_	_	
8-2	946-951	Samen	_	_	_	
8-3	952-956	wird	_	_	_	
8-4	957-959	zu	_	_	_	
8-5	960-966	weilen	_	_	_	
8-6	967-969	in	_	_	_	
8-7	970-973	der	_	_	_	
8-8	974-989	Windwaſſerſucht	_	_	_	
8-9	989-990	,	_	_	_	
8-10	991-1001	Tympanites	_	_	_	
8-11	1001-1002	,	_	_	_	
8-12	1003-1005	ge	_	_	_	
8-13	1005-1006	-	_	_	_	
8-14	1007-1014	braucht	_	_	_	
8-15	1014-1015	,	_	_	_	
8-16	1016-1020	denn	_	_	_	
8-17	1021-1023	er	_	_	_	
8-18	1024-1029	denen	_	_	_	
8-19	1030-1042	carminativis	_	_	_	
8-20	1042-1043	,	_	_	_	
8-21	1045-1059	windtreibenden	_	_	_	
8-22	1060-1074	Artzneymitteln	_	_	_	
8-23	1075-1079	zuge	_	_	_	
8-24	1079-1080	-	_	_	_	
8-25	1081-1088	rechnet	_	_	_	
8-26	1089-1093	wird	_	_	_	
8-27	1093-1094	.	_	_	_	

#Text=Er wird ingleichen zum
#Text=oͤftern den Pferden, Ochſen und andern
#Text=Viehe gegeben.
9-1	1095-1097	Er	_	_	_	
9-2	1098-1102	wird	_	_	_	
9-3	1103-1113	ingleichen	_	_	_	
9-4	1114-1117	zum	_	_	_	
9-5	1118-1125	oͤftern	_	_	_	
9-6	1126-1129	den	_	_	_	
9-7	1130-1137	Pferden	_	_	_	
9-8	1137-1138	,	_	_	_	
9-9	1139-1145	Ochſen	_	_	_	
9-10	1146-1149	und	_	_	_	
9-11	1150-1156	andern	_	_	_	
9-12	1157-1162	Viehe	_	_	_	
9-13	1163-1170	gegeben	_	_	_	
9-14	1170-1171	.	_	_	_	

#Text=Es kan auch daraus,
#Text=wie aus dem Anis, ein Oel gepreſſet wer-
#Text=den, welches trefflich gut zum Schnup-
#Text=pen iſt, allein man bekommt gar wenig.
10-1	1172-1174	Es	_	_	_	
10-2	1175-1178	kan	_	_	_	
10-3	1179-1183	auch	_	_	_	
10-4	1184-1190	daraus	_	_	_	
10-5	1190-1191	,	_	_	_	
10-6	1192-1195	wie	_	_	_	
10-7	1196-1199	aus	_	_	_	
10-8	1200-1203	dem	_	_	_	
10-9	1204-1208	Anis	_	_	_	
10-10	1208-1209	,	_	_	_	
10-11	1210-1213	ein	_	_	_	
10-12	1214-1217	Oel	_	_	_	
10-13	1218-1227	gepreſſet	_	_	_	
10-14	1228-1231	wer	_	_	_	
10-15	1231-1232	-	_	_	_	
10-16	1233-1236	den	_	_	_	
10-17	1236-1237	,	_	_	_	
10-18	1238-1245	welches	_	_	_	
10-19	1246-1255	trefflich	_	_	_	
10-20	1256-1259	gut	_	_	_	
10-21	1260-1263	zum	_	_	_	
10-22	1264-1270	Schnup	_	_	_	
10-23	1270-1271	-	_	_	_	
10-24	1272-1275	pen	_	_	_	
10-25	1276-1279	iſt	_	_	_	
10-26	1279-1280	,	_	_	_	
10-27	1281-1287	allein	_	_	_	
10-28	1288-1291	man	_	_	_	
10-29	1292-1299	bekommt	_	_	_	
10-30	1300-1303	gar	_	_	_	
10-31	1304-1309	wenig	_	_	_	
10-32	1309-1310	.	_	_	_	

#Text=Die Tauben ſind darauf ſehr begierig,
#Text=deswegen wird er gar oft von denenje-
#Text=nigen gebrauchet, die ihre Taubenhaͤuſer
#Text=und Schlaͤge gerne voll Tauben haͤt-
#Text=ten:
#Text=ſie muͤſſen ihn aber mit einer gewiſ-
#Text=ſen Art ſaltzigter Erde, welche die Tau-
#Text=ben ſelbſt auf denen Aeckern entdecken,
#Text=vermiſchen, oder aber andere Erde, die
#Text=vorher mit Urin, Haͤringslacke, und der-
#Text=gleichen angemachet iſt, vermengen.
11-1	1314-1317	Die	_	_	_	
11-2	1318-1324	Tauben	_	_	_	
11-3	1325-1329	ſind	_	_	_	
11-4	1330-1336	darauf	_	_	_	
11-5	1337-1341	ſehr	_	_	_	
11-6	1342-1350	begierig	_	_	_	
11-7	1350-1351	,	_	_	_	
11-8	1352-1360	deswegen	_	_	_	
11-9	1361-1365	wird	_	_	_	
11-10	1366-1368	er	_	_	_	
11-11	1369-1372	gar	_	_	_	
11-12	1373-1376	oft	_	_	_	
11-13	1377-1380	von	_	_	_	
11-14	1381-1388	denenje	_	_	_	
11-15	1388-1389	-	_	_	_	
11-16	1390-1395	nigen	_	_	_	
11-17	1396-1406	gebrauchet	_	_	_	
11-18	1406-1407	,	_	_	_	
11-19	1408-1411	die	_	_	_	
11-20	1412-1416	ihre	_	_	_	
11-21	1417-1430	Taubenhaͤuſer	_	_	_	
11-22	1431-1434	und	_	_	_	
11-23	1435-1443	Schlaͤge	_	_	_	
11-24	1444-1449	gerne	_	_	_	
11-25	1450-1454	voll	_	_	_	
11-26	1455-1461	Tauben	_	_	_	
11-27	1462-1466	haͤt	_	_	_	
11-28	1466-1467	-	_	_	_	
11-29	1468-1471	ten	_	_	_	
11-30	1471-1472	:	_	_	_	
11-31	1473-1476	ſie	_	_	_	
11-32	1477-1484	muͤſſen	_	_	_	
11-33	1485-1488	ihn	_	_	_	
11-34	1489-1493	aber	_	_	_	
11-35	1494-1497	mit	_	_	_	
11-36	1498-1503	einer	_	_	_	
11-37	1504-1509	gewiſ	_	_	_	
11-38	1509-1510	-	_	_	_	
11-39	1511-1514	ſen	_	_	_	
11-40	1515-1518	Art	_	_	_	
11-41	1519-1529	ſaltzigter	_	_	_	
11-42	1530-1534	Erde	_	_	_	
11-43	1534-1535	,	_	_	_	
11-44	1536-1542	welche	_	_	_	
11-45	1543-1546	die	_	_	_	
11-46	1547-1550	Tau	_	_	_	
11-47	1550-1551	-	_	_	_	
11-48	1552-1555	ben	_	_	_	
11-49	1556-1562	ſelbſt	_	_	_	
11-50	1563-1566	auf	_	_	_	
11-51	1567-1572	denen	_	_	_	
11-52	1573-1580	Aeckern	_	_	_	
11-53	1581-1590	entdecken	_	_	_	
11-54	1590-1591	,	_	_	_	
11-55	1592-1602	vermiſchen	_	_	_	
11-56	1602-1603	,	_	_	_	
11-57	1604-1608	oder	_	_	_	
11-58	1609-1613	aber	_	_	_	
11-59	1614-1620	andere	_	_	_	
11-60	1621-1625	Erde	_	_	_	
11-61	1625-1626	,	_	_	_	
11-62	1627-1630	die	_	_	_	
11-63	1631-1637	vorher	_	_	_	
11-64	1638-1641	mit	_	_	_	
11-65	1642-1646	Urin	_	_	_	
11-66	1646-1647	,	_	_	_	
11-67	1648-1661	Haͤringslacke	_	_	_	
11-68	1661-1662	,	_	_	_	
11-69	1663-1666	und	_	_	_	
11-70	1667-1670	der	_	_	_	
11-71	1670-1671	-	_	_	_	
11-72	1672-1680	gleichen	_	_	_	
11-73	1681-1691	angemachet	_	_	_	
11-74	1692-1695	iſt	_	_	_	
11-75	1695-1696	,	_	_	_	
11-76	1697-1706	vermengen	_	_	_	
11-77	1706-1707	.	_	_	_	

#Text=Dieſerwegen duͤrffen auch an unterſchie-
#Text=denen Orten die Kramer keinen nicht
#Text=verkauffen.
12-1	1709-1720	Dieſerwegen	_	_	_	
12-2	1721-1729	duͤrffen	_	_	_	
12-3	1730-1734	auch	_	_	_	
12-4	1735-1737	an	_	_	_	
12-5	1738-1748	unterſchie	_	_	_	
12-6	1748-1749	-	_	_	_	
12-7	1750-1755	denen	_	_	_	
12-8	1756-1761	Orten	_	_	_	
12-9	1762-1765	die	_	_	_	
12-10	1766-1772	Kramer	_	_	_	
12-11	1773-1779	keinen	_	_	_	
12-12	1780-1785	nicht	_	_	_	
12-13	1786-1796	verkauffen	_	_	_	
12-14	1796-1797	.	_	_	_	
