#FORMAT=WebAnno TSV 3.3


#Text=16 Et abiit, seditque e regione procul quantum potest arcus jacere : dixit enim : Non videbo morientem puerum : et sedens contra, levavit vocem suam et flevit.
#Text=17 Exaudivit autem Deus vocem pueri : vocavitque angelus Dei Agar de cælo, dicens : Quid agis Agar ?
1-1	2-4	16	
1-2	5-7	Et	
1-3	8-13	abiit	
1-4	13-14	,	
1-5	15-23	seditque	
1-6	24-25	e	
1-7	26-33	regione	
1-8	34-40	procul	
1-9	41-48	quantum	
1-10	49-55	potest	
1-11	56-61	arcus	
1-12	62-68	jacere	
1-13	69-70	:	
1-14	71-76	dixit	
1-15	77-81	enim	
1-16	82-83	:	
1-17	84-87	Non	
1-18	88-94	videbo	
1-19	95-104	morientem	
1-20	105-111	puerum	
1-21	112-113	:	
1-22	114-116	et	
1-23	117-123	sedens	
1-24	124-130	contra	
1-25	130-131	,	
1-26	132-139	levavit	
1-27	140-145	vocem	
1-28	146-150	suam	
1-29	151-153	et	
1-30	154-160	flevit	
1-31	160-161	.	
1-32	162-164	17	
1-33	165-174	Exaudivit	
1-34	175-180	autem	
1-35	181-185	Deus	
1-36	186-191	vocem	
1-37	192-197	pueri	
1-38	198-199	:	
1-39	200-210	vocavitque	
1-40	211-218	angelus	
1-41	219-222	Dei	
1-42	223-227	Agar	
1-43	228-230	de	
1-44	231-235	cælo	
1-45	235-236	,	
1-46	237-243	dicens	
1-47	244-245	:	
1-48	246-250	Quid	
1-49	251-255	agis	
1-50	256-260	Agar	
1-51	261-262	?	

#Text=noli timere : exaudivit enim Deus vocem pueri de loco in quo est.
#Text=18 Surge, tolle puerum, et tene manum illius : quia in gentem magnam faciam eum.
#Text=19 Aperuitque oculos ejus Deus : quæ videns puteum aquæ, abiit, et implevit utrem, deditque puero bibere.
#Text=20 Et fuit cum eo : qui crevit, et moratus est in solitudine, factusque est juvenis sagittarius.
#Text=21 Habitavitque in deserto Pharan, et accepit illi mater sua uxorem de terra Ægypti.
#Text=22 Eodem tempore dixit Abimelech, et Phicol princeps exercitus ejus, ad Abraham : Deus tecum est in universis quæ agis.
#Text=23 Jura ergo per Deum, ne noceas mihi, et posteris meis, stirpique meæ : sed juxta misericordiam, quam feci tibi, facies mihi, et terræ in qua versatus es advena.
#Text=24 Dixitque Abraham : Ego jurabo.
#Text=25 Et increpavit Abimelech propter puteum aquæ quem vi abstulerunt servi ejus.
#Text=26 Responditque Abimelech : Nescivi quis fecerit hanc rem : sed et tu non indicasti mihi, et ego non audivi præter hodie.
#Text=27 Tulit itaque Abraham oves et boves, et dedit Abimelech : percusseruntque ambo fœdus.
#Text=28 Et statuit Abraham septem agnas gregis seorsum.
#Text=29 Cui dixit Abimelech : Quid sibi volunt septem agnæ istæ, quas stare fecisti seorsum ?
2-1	263-267	noli	
2-2	268-274	timere	
2-3	275-276	:	
2-4	277-286	exaudivit	
2-5	287-291	enim	
2-6	292-296	Deus	
2-7	297-302	vocem	
2-8	303-308	pueri	
2-9	309-311	de	
2-10	312-316	loco	
2-11	317-319	in	
2-12	320-323	quo	
2-13	324-327	est	
2-14	327-328	.	
2-15	329-331	18	
2-16	332-337	Surge	
2-17	337-338	,	
2-18	339-344	tolle	
2-19	345-351	puerum	
2-20	351-352	,	
2-21	353-355	et	
2-22	356-360	tene	
2-23	361-366	manum	
2-24	367-373	illius	
2-25	374-375	:	
2-26	376-380	quia	
2-27	381-383	in	
2-28	384-390	gentem	
2-29	391-397	magnam	
2-30	398-404	faciam	
2-31	405-408	eum	
2-32	408-409	.	
2-33	410-412	19	
2-34	413-423	Aperuitque	
2-35	424-430	oculos	
2-36	431-435	ejus	
2-37	436-440	Deus	
2-38	441-442	:	
2-39	443-446	quæ	
2-40	447-453	videns	
2-41	454-460	puteum	
2-42	461-465	aquæ	
2-43	465-466	,	
2-44	467-472	abiit	
2-45	472-473	,	
2-46	474-476	et	
2-47	477-485	implevit	
2-48	486-491	utrem	
2-49	491-492	,	
2-50	493-501	deditque	
2-51	502-507	puero	
2-52	508-514	bibere	
2-53	514-515	.	
2-54	516-518	20	
2-55	519-521	Et	
2-56	522-526	fuit	
2-57	527-530	cum	
2-58	531-533	eo	
2-59	534-535	:	
2-60	536-539	qui	
2-61	540-546	crevit	
2-62	546-547	,	
2-63	548-550	et	
2-64	551-558	moratus	
2-65	559-562	est	
2-66	563-565	in	
2-67	566-576	solitudine	
2-68	576-577	,	
2-69	578-587	factusque	
2-70	588-591	est	
2-71	592-599	juvenis	
2-72	600-611	sagittarius	
2-73	611-612	.	
2-74	613-615	21	
2-75	616-628	Habitavitque	
2-76	629-631	in	
2-77	632-639	deserto	
2-78	640-646	Pharan	
2-79	646-647	,	
2-80	648-650	et	
2-81	651-658	accepit	
2-82	659-663	illi	
2-83	664-669	mater	
2-84	670-673	sua	
2-85	674-680	uxorem	
2-86	681-683	de	
2-87	684-689	terra	
2-88	690-696	Ægypti	
2-89	696-697	.	
2-90	698-700	22	
2-91	701-706	Eodem	
2-92	707-714	tempore	
2-93	715-720	dixit	
2-94	721-730	Abimelech	
2-95	730-731	,	
2-96	732-734	et	
2-97	735-741	Phicol	
2-98	742-750	princeps	
2-99	751-760	exercitus	
2-100	761-765	ejus	
2-101	765-766	,	
2-102	767-769	ad	
2-103	770-777	Abraham	
2-104	778-779	:	
2-105	780-784	Deus	
2-106	785-790	tecum	
2-107	791-794	est	
2-108	795-797	in	
2-109	798-807	universis	
2-110	808-811	quæ	
2-111	812-816	agis	
2-112	816-817	.	
2-113	818-820	23	
2-114	821-825	Jura	
2-115	826-830	ergo	
2-116	831-834	per	
2-117	835-839	Deum	
2-118	839-840	,	
2-119	841-843	ne	
2-120	844-850	noceas	
2-121	851-855	mihi	
2-122	855-856	,	
2-123	857-859	et	
2-124	860-868	posteris	
2-125	869-873	meis	
2-126	873-874	,	
2-127	875-884	stirpique	
2-128	885-888	meæ	
2-129	889-890	:	
2-130	891-894	sed	
2-131	895-900	juxta	
2-132	901-914	misericordiam	
2-133	914-915	,	
2-134	916-920	quam	
2-135	921-925	feci	
2-136	926-930	tibi	
2-137	930-931	,	
2-138	932-938	facies	
2-139	939-943	mihi	
2-140	943-944	,	
2-141	945-947	et	
2-142	948-953	terræ	
2-143	954-956	in	
2-144	957-960	qua	
2-145	961-969	versatus	
2-146	970-972	es	
2-147	973-979	advena	
2-148	979-980	.	
2-149	981-983	24	
2-150	984-992	Dixitque	
2-151	993-1000	Abraham	
2-152	1001-1002	:	
2-153	1003-1006	Ego	
2-154	1007-1013	jurabo	
2-155	1013-1014	.	
2-156	1015-1017	25	
2-157	1018-1020	Et	
2-158	1021-1031	increpavit	
2-159	1032-1041	Abimelech	
2-160	1042-1049	propter	
2-161	1050-1056	puteum	
2-162	1057-1061	aquæ	
2-163	1062-1066	quem	
2-164	1067-1069	vi	
2-165	1070-1081	abstulerunt	
2-166	1082-1087	servi	
2-167	1088-1092	ejus	
2-168	1092-1093	.	
2-169	1094-1096	26	
2-170	1097-1109	Responditque	
2-171	1110-1119	Abimelech	
2-172	1120-1121	:	
2-173	1122-1129	Nescivi	
2-174	1130-1134	quis	
2-175	1135-1142	fecerit	
2-176	1143-1147	hanc	
2-177	1148-1151	rem	
2-178	1152-1153	:	
2-179	1154-1157	sed	
2-180	1158-1160	et	
2-181	1161-1163	tu	
2-182	1164-1167	non	
2-183	1168-1177	indicasti	
2-184	1178-1182	mihi	
2-185	1182-1183	,	
2-186	1184-1186	et	
2-187	1187-1190	ego	
2-188	1191-1194	non	
2-189	1195-1201	audivi	
2-190	1202-1208	præter	
2-191	1209-1214	hodie	
2-192	1214-1215	.	
2-193	1216-1218	27	
2-194	1219-1224	Tulit	
2-195	1225-1231	itaque	
2-196	1232-1239	Abraham	
2-197	1240-1244	oves	
2-198	1245-1247	et	
2-199	1248-1253	boves	
2-200	1253-1254	,	
2-201	1255-1257	et	
2-202	1258-1263	dedit	
2-203	1264-1273	Abimelech	
2-204	1274-1275	:	
2-205	1276-1291	percusseruntque	
2-206	1292-1296	ambo	
2-207	1297-1302	fœdus	
2-208	1302-1303	.	
2-209	1304-1306	28	
2-210	1307-1309	Et	
2-211	1310-1317	statuit	
2-212	1318-1325	Abraham	
2-213	1326-1332	septem	
2-214	1333-1338	agnas	
2-215	1339-1345	gregis	
2-216	1346-1353	seorsum	
2-217	1353-1354	.	
2-218	1355-1357	29	
2-219	1358-1361	Cui	
2-220	1362-1367	dixit	
2-221	1368-1377	Abimelech	
2-222	1378-1379	:	
2-223	1380-1384	Quid	
2-224	1385-1389	sibi	
2-225	1390-1396	volunt	
2-226	1397-1403	septem	
2-227	1404-1408	agnæ	
2-228	1409-1413	istæ	
2-229	1413-1414	,	
2-230	1415-1419	quas	
2-231	1420-1425	stare	
2-232	1426-1433	fecisti	
2-233	1434-1441	seorsum	
2-234	1442-1443	?	

#Text=30 At ille : Septem, inquit, agnas accipies de manu mea : ut sint mihi in testimonium, quoniam ego fodi puteum istum.
#Text=31 Idcirco vocatus est locus ille Bersabee : quia ibi uterque juravit.
#Text=32 Et inierunt fœdus pro puteo juramenti.
#Text=33 Surrexit autem Abimelech, et Phicol princeps exercitus ejus, reversique sunt in terram Palæstinorum.
3-1	1444-1446	30	
3-2	1447-1449	At	
3-3	1450-1454	ille	
3-4	1455-1456	:	
3-5	1457-1463	Septem	
3-6	1463-1464	,	
3-7	1465-1471	inquit	
3-8	1471-1472	,	
3-9	1473-1478	agnas	
3-10	1479-1487	accipies	
3-11	1488-1490	de	
3-12	1491-1495	manu	
3-13	1496-1499	mea	
3-14	1500-1501	:	
3-15	1502-1504	ut	
3-16	1505-1509	sint	
3-17	1510-1514	mihi	
3-18	1515-1517	in	
3-19	1518-1529	testimonium	
3-20	1529-1530	,	
3-21	1531-1538	quoniam	
3-22	1539-1542	ego	
3-23	1543-1547	fodi	
3-24	1548-1554	puteum	
3-25	1555-1560	istum	
3-26	1560-1561	.	
3-27	1562-1564	31	
3-28	1565-1572	Idcirco	
3-29	1573-1580	vocatus	
3-30	1581-1584	est	
3-31	1585-1590	locus	
3-32	1591-1595	ille	
3-33	1596-1604	Bersabee	
3-34	1605-1606	:	
3-35	1607-1611	quia	
3-36	1612-1615	ibi	
3-37	1616-1623	uterque	
3-38	1624-1631	juravit	
3-39	1631-1632	.	
3-40	1633-1635	32	
3-41	1636-1638	Et	
3-42	1639-1647	inierunt	
3-43	1648-1653	fœdus	
3-44	1654-1657	pro	
3-45	1658-1663	puteo	
3-46	1664-1673	juramenti	
3-47	1673-1674	.	
3-48	1675-1677	33	
3-49	1678-1686	Surrexit	
3-50	1687-1692	autem	
3-51	1693-1702	Abimelech	
3-52	1702-1703	,	
3-53	1704-1706	et	
3-54	1707-1713	Phicol	
3-55	1714-1722	princeps	
3-56	1723-1732	exercitus	
3-57	1733-1737	ejus	
3-58	1737-1738	,	
3-59	1739-1749	reversique	
3-60	1750-1754	sunt	
3-61	1755-1757	in	
3-62	1758-1764	terram	
3-63	1765-1777	Palæstinorum	
3-64	1777-1778	.	

#Text=Abraham vero plantavit nemus in Bersabee, et invocavit ibi nomen Domini Dei æterni.
4-1	1779-1786	Abraham	
4-2	1787-1791	vero	
4-3	1792-1801	plantavit	
4-4	1802-1807	nemus	
4-5	1808-1810	in	
4-6	1811-1819	Bersabee	
4-7	1819-1820	,	
4-8	1821-1823	et	
4-9	1824-1833	invocavit	
4-10	1834-1837	ibi	
4-11	1838-1843	nomen	
4-12	1844-1850	Domini	
4-13	1851-1854	Dei	
4-14	1855-1861	æterni	
4-15	1861-1862	.	
