#FORMAT=WebAnno TSV 3.3


#Text=17 Deus enim dedit in corda eorum ut faciant quod placitum est illi : ut dent regnum suum bestiæ donec consummentur verba Dei.
#Text=18 Et mulier, quam vidisti, est civitas magna, quæ habet regnum super reges terræ.
1-1	2-4	17	
1-2	5-9	Deus	
1-3	10-14	enim	
1-4	15-20	dedit	
1-5	21-23	in	
1-6	24-29	corda	
1-7	30-35	eorum	
1-8	36-38	ut	
1-9	39-46	faciant	
1-10	47-51	quod	
1-11	52-60	placitum	
1-12	61-64	est	
1-13	65-69	illi	
1-14	70-71	:	
1-15	72-74	ut	
1-16	75-79	dent	
1-17	80-86	regnum	
1-18	87-91	suum	
1-19	92-98	bestiæ	
1-20	99-104	donec	
1-21	105-117	consummentur	
1-22	118-123	verba	
1-23	124-127	Dei	
1-24	127-128	.	
1-25	129-131	18	
1-26	132-134	Et	
1-27	135-141	mulier	
1-28	141-142	,	
1-29	143-147	quam	
1-30	148-155	vidisti	
1-31	155-156	,	
1-32	157-160	est	
1-33	161-168	civitas	
1-34	169-174	magna	
1-35	174-175	,	
1-36	176-179	quæ	
1-37	180-185	habet	
1-38	186-192	regnum	
1-39	193-198	super	
1-40	199-204	reges	
1-41	205-210	terræ	
1-42	210-211	.	

#Text=Caput 18
#Text=
#Text=
#Text=1 Et post hæc vidi alium angelum descendentem de cælo, habentem potestatem magnam : et terra illuminata est a gloria ejus.
#Text=2 Et exclamavit in fortitudine, dicens : Cecidit, cecidit Babylon magna : et facta est habitatio dæmoniorum, et custodia omnis spiritus immundi, et custodia omnis volucris immundæ, et odibilis : 3 quia de vino iræ fornicationis ejus biberunt omnes gentes : et reges terræ cum illa fornicati sunt : et mercatores terræ de virtute deliciarum ejus divites facti sunt.
#Text=4 Et audivi aliam vocem de cælo, dicentem : Exite de illa populus meus : ut ne participes sitis delictorum ejus, et de plagis ejus non accipiatis.
#Text=5 Quoniam pervenerunt peccata ejus usque ad cælum, et recordatus est Dominus iniquitatum ejus.
#Text=6 Reddite illi sicut et ipsa reddidit vobis : et duplicate duplicia secundum opera ejus : in poculo, quo miscuit, miscete illi duplum.
#Text=7 Quantum glorificavit se, et in deliciis fuit, tantum date illi tormentum et luctum : quia in corde suo dicit : Sedeo regina : et vidua non sum, et luctum non videbo.
#Text=8 Ideo in una die venient plagæ ejus, mors, et luctus, et fames, et igne comburetur : quia fortis est Deus, qui judicabit illam.
#Text=9 Et flebunt, et plangent se super illam reges terræ, qui cum illa fornicati sunt, et in deliciis vixerunt, cum viderint fumum incendii ejus : 10 longe stantes propter timorem tormentorum ejus, dicentes : Væ, væ civitas illa magna Babylon, civitas illa fortis : quoniam una hora venit judicium tuum.
#Text=11 Et negotiatores terræ flebunt, et lugebunt super illam : quoniam merces eorum nemo emet amplius : 12 merces auri, et argenti, et lapidis pretiosi, et margaritæ, et byssi, et purpuræ, et serici, et cocci (et omne lignum thyinum, et omnia vasa eboris, et omnia vasa de lapide pretioso, et æramento, et ferro, et marmore, 13 et cinnamomum) et odoramentorum, et unguenti, et thuris, et vini, et olei, et similæ, et tritici, et jumentorum, et ovium, et equorum, et rhedarum, et mancipiorum, et animarum hominum.
#Text=14 Et poma desiderii animæ tuæ discesserunt a te, et omnia pinguia et præclara perierunt a te, et amplius illa jam non invenient.
#Text=15 Mercatores horum, qui divites facti sunt, ab ea longe stabunt propter timorem tormentorum ejus, flentes, ac lugentes, 16 et dicentes : Væ, væ civitas illa magna, quæ amicta erat bysso, et purpura, et cocco, et deaurata erat auro, et lapide pretioso, et margaritis : 17 quoniam una hora destitutæ sunt tantæ divitiæ, et omnis gubernator, et omnis qui in lacum navigat, et nautæ, et qui in mari operantur, longe steterunt, 18 et clamaverunt videntes locum incendii ejus, dicentes : Quæ similis civitati huic magnæ ?
2-1	212-217	Caput	
2-2	218-220	18	
2-3	223-224	1	
2-4	225-227	Et	
2-5	228-232	post	
2-6	233-236	hæc	
2-7	237-241	vidi	
2-8	242-247	alium	
2-9	248-255	angelum	
2-10	256-268	descendentem	
2-11	269-271	de	
2-12	272-276	cælo	
2-13	276-277	,	
2-14	278-286	habentem	
2-15	287-297	potestatem	
2-16	298-304	magnam	
2-17	305-306	:	
2-18	307-309	et	
2-19	310-315	terra	
2-20	316-326	illuminata	
2-21	327-330	est	
2-22	331-332	a	
2-23	333-339	gloria	
2-24	340-344	ejus	
2-25	344-345	.	
2-26	346-347	2	
2-27	348-350	Et	
2-28	351-361	exclamavit	
2-29	362-364	in	
2-30	365-376	fortitudine	
2-31	376-377	,	
2-32	378-384	dicens	
2-33	385-386	:	
2-34	387-394	Cecidit	
2-35	394-395	,	
2-36	396-403	cecidit	
2-37	404-411	Babylon	
2-38	412-417	magna	
2-39	418-419	:	
2-40	420-422	et	
2-41	423-428	facta	
2-42	429-432	est	
2-43	433-442	habitatio	
2-44	443-453	dæmoniorum	
2-45	453-454	,	
2-46	455-457	et	
2-47	458-466	custodia	
2-48	467-472	omnis	
2-49	473-481	spiritus	
2-50	482-489	immundi	
2-51	489-490	,	
2-52	491-493	et	
2-53	494-502	custodia	
2-54	503-508	omnis	
2-55	509-517	volucris	
2-56	518-525	immundæ	
2-57	525-526	,	
2-58	527-529	et	
2-59	530-538	odibilis	
2-60	539-540	:	
2-61	541-542	3	
2-62	543-547	quia	
2-63	548-550	de	
2-64	551-555	vino	
2-65	556-559	iræ	
2-66	560-573	fornicationis	
2-67	574-578	ejus	
2-68	579-587	biberunt	
2-69	588-593	omnes	
2-70	594-600	gentes	
2-71	601-602	:	
2-72	603-605	et	
2-73	606-611	reges	
2-74	612-617	terræ	
2-75	618-621	cum	
2-76	622-626	illa	
2-77	627-636	fornicati	
2-78	637-641	sunt	
2-79	642-643	:	
2-80	644-646	et	
2-81	647-657	mercatores	
2-82	658-663	terræ	
2-83	664-666	de	
2-84	667-674	virtute	
2-85	675-685	deliciarum	
2-86	686-690	ejus	
2-87	691-698	divites	
2-88	699-704	facti	
2-89	705-709	sunt	
2-90	709-710	.	
2-91	711-712	4	
2-92	713-715	Et	
2-93	716-722	audivi	
2-94	723-728	aliam	
2-95	729-734	vocem	
2-96	735-737	de	
2-97	738-742	cælo	
2-98	742-743	,	
2-99	744-752	dicentem	
2-100	753-754	:	
2-101	755-760	Exite	
2-102	761-763	de	
2-103	764-768	illa	
2-104	769-776	populus	
2-105	777-781	meus	
2-106	782-783	:	
2-107	784-786	ut	
2-108	787-789	ne	
2-109	790-800	participes	
2-110	801-806	sitis	
2-111	807-817	delictorum	
2-112	818-822	ejus	
2-113	822-823	,	
2-114	824-826	et	
2-115	827-829	de	
2-116	830-836	plagis	
2-117	837-841	ejus	
2-118	842-845	non	
2-119	846-856	accipiatis	
2-120	856-857	.	
2-121	858-859	5	
2-122	860-867	Quoniam	
2-123	868-879	pervenerunt	
2-124	880-887	peccata	
2-125	888-892	ejus	
2-126	893-898	usque	
2-127	899-901	ad	
2-128	902-907	cælum	
2-129	907-908	,	
2-130	909-911	et	
2-131	912-922	recordatus	
2-132	923-926	est	
2-133	927-934	Dominus	
2-134	935-946	iniquitatum	
2-135	947-951	ejus	
2-136	951-952	.	
2-137	953-954	6	
2-138	955-962	Reddite	
2-139	963-967	illi	
2-140	968-973	sicut	
2-141	974-976	et	
2-142	977-981	ipsa	
2-143	982-990	reddidit	
2-144	991-996	vobis	
2-145	997-998	:	
2-146	999-1001	et	
2-147	1002-1011	duplicate	
2-148	1012-1020	duplicia	
2-149	1021-1029	secundum	
2-150	1030-1035	opera	
2-151	1036-1040	ejus	
2-152	1041-1042	:	
2-153	1043-1045	in	
2-154	1046-1052	poculo	
2-155	1052-1053	,	
2-156	1054-1057	quo	
2-157	1058-1065	miscuit	
2-158	1065-1066	,	
2-159	1067-1074	miscete	
2-160	1075-1079	illi	
2-161	1080-1086	duplum	
2-162	1086-1087	.	
2-163	1088-1089	7	
2-164	1090-1097	Quantum	
2-165	1098-1110	glorificavit	
2-166	1111-1113	se	
2-167	1113-1114	,	
2-168	1115-1117	et	
2-169	1118-1120	in	
2-170	1121-1129	deliciis	
2-171	1130-1134	fuit	
2-172	1134-1135	,	
2-173	1136-1142	tantum	
2-174	1143-1147	date	
2-175	1148-1152	illi	
2-176	1153-1162	tormentum	
2-177	1163-1165	et	
2-178	1166-1172	luctum	
2-179	1173-1174	:	
2-180	1175-1179	quia	
2-181	1180-1182	in	
2-182	1183-1188	corde	
2-183	1189-1192	suo	
2-184	1193-1198	dicit	
2-185	1199-1200	:	
2-186	1201-1206	Sedeo	
2-187	1207-1213	regina	
2-188	1214-1215	:	
2-189	1216-1218	et	
2-190	1219-1224	vidua	
2-191	1225-1228	non	
2-192	1229-1232	sum	
2-193	1232-1233	,	
2-194	1234-1236	et	
2-195	1237-1243	luctum	
2-196	1244-1247	non	
2-197	1248-1254	videbo	
2-198	1254-1255	.	
2-199	1256-1257	8	
2-200	1258-1262	Ideo	
2-201	1263-1265	in	
2-202	1266-1269	una	
2-203	1270-1273	die	
2-204	1274-1281	venient	
2-205	1282-1287	plagæ	
2-206	1288-1292	ejus	
2-207	1292-1293	,	
2-208	1294-1298	mors	
2-209	1298-1299	,	
2-210	1300-1302	et	
2-211	1303-1309	luctus	
2-212	1309-1310	,	
2-213	1311-1313	et	
2-214	1314-1319	fames	
2-215	1319-1320	,	
2-216	1321-1323	et	
2-217	1324-1328	igne	
2-218	1329-1339	comburetur	
2-219	1340-1341	:	
2-220	1342-1346	quia	
2-221	1347-1353	fortis	
2-222	1354-1357	est	
2-223	1358-1362	Deus	
2-224	1362-1363	,	
2-225	1364-1367	qui	
2-226	1368-1377	judicabit	
2-227	1378-1383	illam	
2-228	1383-1384	.	
2-229	1385-1386	9	
2-230	1387-1389	Et	
2-231	1390-1397	flebunt	
2-232	1397-1398	,	
2-233	1399-1401	et	
2-234	1402-1410	plangent	
2-235	1411-1413	se	
2-236	1414-1419	super	
2-237	1420-1425	illam	
2-238	1426-1431	reges	
2-239	1432-1437	terræ	
2-240	1437-1438	,	
2-241	1439-1442	qui	
2-242	1443-1446	cum	
2-243	1447-1451	illa	
2-244	1452-1461	fornicati	
2-245	1462-1466	sunt	
2-246	1466-1467	,	
2-247	1468-1470	et	
2-248	1471-1473	in	
2-249	1474-1482	deliciis	
2-250	1483-1491	vixerunt	
2-251	1491-1492	,	
2-252	1493-1496	cum	
2-253	1497-1505	viderint	
2-254	1506-1511	fumum	
2-255	1512-1520	incendii	
2-256	1521-1525	ejus	
2-257	1526-1527	:	
2-258	1528-1530	10	
2-259	1531-1536	longe	
2-260	1537-1544	stantes	
2-261	1545-1552	propter	
2-262	1553-1560	timorem	
2-263	1561-1572	tormentorum	
2-264	1573-1577	ejus	
2-265	1577-1578	,	
2-266	1579-1587	dicentes	
2-267	1588-1589	:	
2-268	1590-1592	Væ	
2-269	1592-1593	,	
2-270	1594-1596	væ	
2-271	1597-1604	civitas	
2-272	1605-1609	illa	
2-273	1610-1615	magna	
2-274	1616-1623	Babylon	
2-275	1623-1624	,	
2-276	1625-1632	civitas	
2-277	1633-1637	illa	
2-278	1638-1644	fortis	
2-279	1645-1646	:	
2-280	1647-1654	quoniam	
2-281	1655-1658	una	
2-282	1659-1663	hora	
2-283	1664-1669	venit	
2-284	1670-1678	judicium	
2-285	1679-1683	tuum	
2-286	1683-1684	.	
2-287	1685-1687	11	
2-288	1688-1690	Et	
2-289	1691-1703	negotiatores	
2-290	1704-1709	terræ	
2-291	1710-1717	flebunt	
2-292	1717-1718	,	
2-293	1719-1721	et	
2-294	1722-1730	lugebunt	
2-295	1731-1736	super	
2-296	1737-1742	illam	
2-297	1743-1744	:	
2-298	1745-1752	quoniam	
2-299	1753-1759	merces	
2-300	1760-1765	eorum	
2-301	1766-1770	nemo	
2-302	1771-1775	emet	
2-303	1776-1783	amplius	
2-304	1784-1785	:	
2-305	1786-1788	12	
2-306	1789-1795	merces	
2-307	1796-1800	auri	
2-308	1800-1801	,	
2-309	1802-1804	et	
2-310	1805-1812	argenti	
2-311	1812-1813	,	
2-312	1814-1816	et	
2-313	1817-1824	lapidis	
2-314	1825-1833	pretiosi	
2-315	1833-1834	,	
2-316	1835-1837	et	
2-317	1838-1847	margaritæ	
2-318	1847-1848	,	
2-319	1849-1851	et	
2-320	1852-1857	byssi	
2-321	1857-1858	,	
2-322	1859-1861	et	
2-323	1862-1869	purpuræ	
2-324	1869-1870	,	
2-325	1871-1873	et	
2-326	1874-1880	serici	
2-327	1880-1881	,	
2-328	1882-1884	et	
2-329	1885-1890	cocci	
2-330	1891-1892	(	
2-331	1892-1894	et	
2-332	1895-1899	omne	
2-333	1900-1906	lignum	
2-334	1907-1914	thyinum	
2-335	1914-1915	,	
2-336	1916-1918	et	
2-337	1919-1924	omnia	
2-338	1925-1929	vasa	
2-339	1930-1936	eboris	
2-340	1936-1937	,	
2-341	1938-1940	et	
2-342	1941-1946	omnia	
2-343	1947-1951	vasa	
2-344	1952-1954	de	
2-345	1955-1961	lapide	
2-346	1962-1970	pretioso	
2-347	1970-1971	,	
2-348	1972-1974	et	
2-349	1975-1983	æramento	
2-350	1983-1984	,	
2-351	1985-1987	et	
2-352	1988-1993	ferro	
2-353	1993-1994	,	
2-354	1995-1997	et	
2-355	1998-2005	marmore	
2-356	2005-2006	,	
2-357	2007-2009	13	
2-358	2010-2012	et	
2-359	2013-2023	cinnamomum	
2-360	2023-2024	)	
2-361	2025-2027	et	
2-362	2028-2041	odoramentorum	
2-363	2041-2042	,	
2-364	2043-2045	et	
2-365	2046-2054	unguenti	
2-366	2054-2055	,	
2-367	2056-2058	et	
2-368	2059-2065	thuris	
2-369	2065-2066	,	
2-370	2067-2069	et	
2-371	2070-2074	vini	
2-372	2074-2075	,	
2-373	2076-2078	et	
2-374	2079-2083	olei	
2-375	2083-2084	,	
2-376	2085-2087	et	
2-377	2088-2094	similæ	
2-378	2094-2095	,	
2-379	2096-2098	et	
2-380	2099-2106	tritici	
2-381	2106-2107	,	
2-382	2108-2110	et	
2-383	2111-2121	jumentorum	
2-384	2121-2122	,	
2-385	2123-2125	et	
2-386	2126-2131	ovium	
2-387	2131-2132	,	
2-388	2133-2135	et	
2-389	2136-2143	equorum	
2-390	2143-2144	,	
2-391	2145-2147	et	
2-392	2148-2156	rhedarum	
2-393	2156-2157	,	
2-394	2158-2160	et	
2-395	2161-2172	mancipiorum	
2-396	2172-2173	,	
2-397	2174-2176	et	
2-398	2177-2185	animarum	
2-399	2186-2193	hominum	
2-400	2193-2194	.	
2-401	2195-2197	14	
2-402	2198-2200	Et	
2-403	2201-2205	poma	
2-404	2206-2215	desiderii	
2-405	2216-2221	animæ	
2-406	2222-2225	tuæ	
2-407	2226-2238	discesserunt	
2-408	2239-2240	a	
2-409	2241-2243	te	
2-410	2243-2244	,	
2-411	2245-2247	et	
2-412	2248-2253	omnia	
2-413	2254-2261	pinguia	
2-414	2262-2264	et	
2-415	2265-2273	præclara	
2-416	2274-2283	perierunt	
2-417	2284-2285	a	
2-418	2286-2288	te	
2-419	2288-2289	,	
2-420	2290-2292	et	
2-421	2293-2300	amplius	
2-422	2301-2305	illa	
2-423	2306-2309	jam	
2-424	2310-2313	non	
2-425	2314-2323	invenient	
2-426	2323-2324	.	
2-427	2325-2327	15	
2-428	2328-2338	Mercatores	
2-429	2339-2344	horum	
2-430	2344-2345	,	
2-431	2346-2349	qui	
2-432	2350-2357	divites	
2-433	2358-2363	facti	
2-434	2364-2368	sunt	
2-435	2368-2369	,	
2-436	2370-2372	ab	
2-437	2373-2375	ea	
2-438	2376-2381	longe	
2-439	2382-2389	stabunt	
2-440	2390-2397	propter	
2-441	2398-2405	timorem	
2-442	2406-2417	tormentorum	
2-443	2418-2422	ejus	
2-444	2422-2423	,	
2-445	2424-2431	flentes	
2-446	2431-2432	,	
2-447	2433-2435	ac	
2-448	2436-2444	lugentes	
2-449	2444-2445	,	
2-450	2446-2448	16	
2-451	2449-2451	et	
2-452	2452-2460	dicentes	
2-453	2461-2462	:	
2-454	2463-2465	Væ	
2-455	2465-2466	,	
2-456	2467-2469	væ	
2-457	2470-2477	civitas	
2-458	2478-2482	illa	
2-459	2483-2488	magna	
2-460	2488-2489	,	
2-461	2490-2493	quæ	
2-462	2494-2500	amicta	
2-463	2501-2505	erat	
2-464	2506-2511	bysso	
2-465	2511-2512	,	
2-466	2513-2515	et	
2-467	2516-2523	purpura	
2-468	2523-2524	,	
2-469	2525-2527	et	
2-470	2528-2533	cocco	
2-471	2533-2534	,	
2-472	2535-2537	et	
2-473	2538-2546	deaurata	
2-474	2547-2551	erat	
2-475	2552-2556	auro	
2-476	2556-2557	,	
2-477	2558-2560	et	
2-478	2561-2567	lapide	
2-479	2568-2576	pretioso	
2-480	2576-2577	,	
2-481	2578-2580	et	
2-482	2581-2591	margaritis	
2-483	2592-2593	:	
2-484	2594-2596	17	
2-485	2597-2604	quoniam	
2-486	2605-2608	una	
2-487	2609-2613	hora	
2-488	2614-2623	destitutæ	
2-489	2624-2628	sunt	
2-490	2629-2634	tantæ	
2-491	2635-2642	divitiæ	
2-492	2642-2643	,	
2-493	2644-2646	et	
2-494	2647-2652	omnis	
2-495	2653-2663	gubernator	
2-496	2663-2664	,	
2-497	2665-2667	et	
2-498	2668-2673	omnis	
2-499	2674-2677	qui	
2-500	2678-2680	in	
2-501	2681-2686	lacum	
2-502	2687-2694	navigat	
2-503	2694-2695	,	
2-504	2696-2698	et	
2-505	2699-2704	nautæ	
2-506	2704-2705	,	
2-507	2706-2708	et	
2-508	2709-2712	qui	
2-509	2713-2715	in	
2-510	2716-2720	mari	
2-511	2721-2730	operantur	
2-512	2730-2731	,	
2-513	2732-2737	longe	
2-514	2738-2747	steterunt	
2-515	2747-2748	,	
2-516	2749-2751	18	
2-517	2752-2754	et	
2-518	2755-2766	clamaverunt	
2-519	2767-2775	videntes	
2-520	2776-2781	locum	
2-521	2782-2790	incendii	
2-522	2791-2795	ejus	
2-523	2795-2796	,	
2-524	2797-2805	dicentes	
2-525	2806-2807	:	
2-526	2808-2811	Quæ	
2-527	2812-2819	similis	
2-528	2820-2828	civitati	
2-529	2829-2833	huic	
2-530	2834-2839	magnæ	
2-531	2840-2841	?	

#Text=19 et miserunt pulverem super capita sua, et clamaverunt flentes, et lugentes, dicentes : Væ, væ civitas illa magna, in qua divites facti sunt omnes, qui habebant naves in mari de pretiis ejus : quoniam una hora desolata est.
#Text=20 Exsulta super eam cælum, et sancti apostoli, et prophetæ : quoniam judicavit Deus judicium vestrum de illa.
#Text=21 Et sustulit unus angelus fortis lapidem quasi molarem magnum, et misit in mare, dicens : Hoc impetu mittetur Babylon civitas illa magna, et ultra jam non invenietur.
#Text=22 Et vox citharœdorum, et musicorum, et tibia canentium, et tuba non audietur in te amplius : et omnis artifex omnis artis non invenietur in te amplius : et vox molæ non audietur in te amplius : 23 et lux lucernæ non lucebit in te amplius : et vox sponsi et sponsæ non audietur adhuc in te : quia mercatores tui erant principes terræ, quia in veneficiis tuis erraverunt omnes gentes.
#Text=24 Et in ea sanguis prophetarum et sanctorum inventus est : et omnium qui interfecti sunt in terra.
3-1	2842-2844	19	
3-2	2845-2847	et	
3-3	2848-2856	miserunt	
3-4	2857-2865	pulverem	
3-5	2866-2871	super	
3-6	2872-2878	capita	
3-7	2879-2882	sua	
3-8	2882-2883	,	
3-9	2884-2886	et	
3-10	2887-2898	clamaverunt	
3-11	2899-2906	flentes	
3-12	2906-2907	,	
3-13	2908-2910	et	
3-14	2911-2919	lugentes	
3-15	2919-2920	,	
3-16	2921-2929	dicentes	
3-17	2930-2931	:	
3-18	2932-2934	Væ	
3-19	2934-2935	,	
3-20	2936-2938	væ	
3-21	2939-2946	civitas	
3-22	2947-2951	illa	
3-23	2952-2957	magna	
3-24	2957-2958	,	
3-25	2959-2961	in	
3-26	2962-2965	qua	
3-27	2966-2973	divites	
3-28	2974-2979	facti	
3-29	2980-2984	sunt	
3-30	2985-2990	omnes	
3-31	2990-2991	,	
3-32	2992-2995	qui	
3-33	2996-3004	habebant	
3-34	3005-3010	naves	
3-35	3011-3013	in	
3-36	3014-3018	mari	
3-37	3019-3021	de	
3-38	3022-3029	pretiis	
3-39	3030-3034	ejus	
3-40	3035-3036	:	
3-41	3037-3044	quoniam	
3-42	3045-3048	una	
3-43	3049-3053	hora	
3-44	3054-3062	desolata	
3-45	3063-3066	est	
3-46	3066-3067	.	
3-47	3068-3070	20	
3-48	3071-3078	Exsulta	
3-49	3079-3084	super	
3-50	3085-3088	eam	
3-51	3089-3094	cælum	
3-52	3094-3095	,	
3-53	3096-3098	et	
3-54	3099-3105	sancti	
3-55	3106-3114	apostoli	
3-56	3114-3115	,	
3-57	3116-3118	et	
3-58	3119-3127	prophetæ	
3-59	3128-3129	:	
3-60	3130-3137	quoniam	
3-61	3138-3147	judicavit	
3-62	3148-3152	Deus	
3-63	3153-3161	judicium	
3-64	3162-3169	vestrum	
3-65	3170-3172	de	
3-66	3173-3177	illa	
3-67	3177-3178	.	
3-68	3179-3181	21	
3-69	3182-3184	Et	
3-70	3185-3193	sustulit	
3-71	3194-3198	unus	
3-72	3199-3206	angelus	
3-73	3207-3213	fortis	
3-74	3214-3221	lapidem	
3-75	3222-3227	quasi	
3-76	3228-3235	molarem	
3-77	3236-3242	magnum	
3-78	3242-3243	,	
3-79	3244-3246	et	
3-80	3247-3252	misit	
3-81	3253-3255	in	
3-82	3256-3260	mare	
3-83	3260-3261	,	
3-84	3262-3268	dicens	
3-85	3269-3270	:	
3-86	3271-3274	Hoc	
3-87	3275-3281	impetu	
3-88	3282-3290	mittetur	
3-89	3291-3298	Babylon	
3-90	3299-3306	civitas	
3-91	3307-3311	illa	
3-92	3312-3317	magna	
3-93	3317-3318	,	
3-94	3319-3321	et	
3-95	3322-3327	ultra	
3-96	3328-3331	jam	
3-97	3332-3335	non	
3-98	3336-3346	invenietur	
3-99	3346-3347	.	
3-100	3348-3350	22	
3-101	3351-3353	Et	
3-102	3354-3357	vox	
3-103	3358-3370	citharœdorum	
3-104	3370-3371	,	
3-105	3372-3374	et	
3-106	3375-3384	musicorum	
3-107	3384-3385	,	
3-108	3386-3388	et	
3-109	3389-3394	tibia	
3-110	3395-3404	canentium	
3-111	3404-3405	,	
3-112	3406-3408	et	
3-113	3409-3413	tuba	
3-114	3414-3417	non	
3-115	3418-3426	audietur	
3-116	3427-3429	in	
3-117	3430-3432	te	
3-118	3433-3440	amplius	
3-119	3441-3442	:	
3-120	3443-3445	et	
3-121	3446-3451	omnis	
3-122	3452-3459	artifex	
3-123	3460-3465	omnis	
3-124	3466-3471	artis	
3-125	3472-3475	non	
3-126	3476-3486	invenietur	
3-127	3487-3489	in	
3-128	3490-3492	te	
3-129	3493-3500	amplius	
3-130	3501-3502	:	
3-131	3503-3505	et	
3-132	3506-3509	vox	
3-133	3510-3514	molæ	
3-134	3515-3518	non	
3-135	3519-3527	audietur	
3-136	3528-3530	in	
3-137	3531-3533	te	
3-138	3534-3541	amplius	
3-139	3542-3543	:	
3-140	3544-3546	23	
3-141	3547-3549	et	
3-142	3550-3553	lux	
3-143	3554-3561	lucernæ	
3-144	3562-3565	non	
3-145	3566-3573	lucebit	
3-146	3574-3576	in	
3-147	3577-3579	te	
3-148	3580-3587	amplius	
3-149	3588-3589	:	
3-150	3590-3592	et	
3-151	3593-3596	vox	
3-152	3597-3603	sponsi	
3-153	3604-3606	et	
3-154	3607-3613	sponsæ	
3-155	3614-3617	non	
3-156	3618-3626	audietur	
3-157	3627-3632	adhuc	
3-158	3633-3635	in	
3-159	3636-3638	te	
3-160	3639-3640	:	
3-161	3641-3645	quia	
3-162	3646-3656	mercatores	
3-163	3657-3660	tui	
3-164	3661-3666	erant	
3-165	3667-3676	principes	
3-166	3677-3682	terræ	
3-167	3682-3683	,	
3-168	3684-3688	quia	
3-169	3689-3691	in	
3-170	3692-3702	veneficiis	
3-171	3703-3707	tuis	
3-172	3708-3718	erraverunt	
3-173	3719-3724	omnes	
3-174	3725-3731	gentes	
3-175	3731-3732	.	
3-176	3733-3735	24	
3-177	3736-3738	Et	
3-178	3739-3741	in	
3-179	3742-3744	ea	
3-180	3745-3752	sanguis	
3-181	3753-3764	prophetarum	
3-182	3765-3767	et	
3-183	3768-3777	sanctorum	
3-184	3778-3786	inventus	
3-185	3787-3790	est	
3-186	3791-3792	:	
3-187	3793-3795	et	
3-188	3796-3802	omnium	
3-189	3803-3806	qui	
3-190	3807-3817	interfecti	
3-191	3818-3822	sunt	
3-192	3823-3825	in	
3-193	3826-3831	terra	
3-194	3831-3832	.	

#Text=Caput 19
#Text=
#Text=
#Text=1 Post hæc audivi quasi vocem turbarum multarum in cælo dicentium : Alleluja : salus, et gloria, et virtus Deo nostro est : 2 quia vera et justa judicia sunt ejus, qui judicavit de meretrice magna, quæ corrupit terram in prostitutione sua, et vindicavit sanguinem servorum suorum de manibus ejus.
#Text=3 Et iterum dixerunt : Alleluja.
4-1	3833-3838	Caput	
4-2	3839-3841	19	
4-3	3844-3845	1	
4-4	3846-3850	Post	
4-5	3851-3854	hæc	
4-6	3855-3861	audivi	
4-7	3862-3867	quasi	
4-8	3868-3873	vocem	
4-9	3874-3882	turbarum	
4-10	3883-3891	multarum	
4-11	3892-3894	in	
4-12	3895-3899	cælo	
4-13	3900-3909	dicentium	
4-14	3910-3911	:	
4-15	3912-3920	Alleluja	
4-16	3921-3922	:	
4-17	3923-3928	salus	
4-18	3928-3929	,	
4-19	3930-3932	et	
4-20	3933-3939	gloria	
4-21	3939-3940	,	
4-22	3941-3943	et	
4-23	3944-3950	virtus	
4-24	3951-3954	Deo	
4-25	3955-3961	nostro	
4-26	3962-3965	est	
4-27	3966-3967	:	
4-28	3968-3969	2	
4-29	3970-3974	quia	
4-30	3975-3979	vera	
4-31	3980-3982	et	
4-32	3983-3988	justa	
4-33	3989-3996	judicia	
4-34	3997-4001	sunt	
4-35	4002-4006	ejus	
4-36	4006-4007	,	
4-37	4008-4011	qui	
4-38	4012-4021	judicavit	
4-39	4022-4024	de	
4-40	4025-4034	meretrice	
4-41	4035-4040	magna	
4-42	4040-4041	,	
4-43	4042-4045	quæ	
4-44	4046-4054	corrupit	
4-45	4055-4061	terram	
4-46	4062-4064	in	
4-47	4065-4078	prostitutione	
4-48	4079-4082	sua	
4-49	4082-4083	,	
4-50	4084-4086	et	
4-51	4087-4097	vindicavit	
4-52	4098-4107	sanguinem	
4-53	4108-4116	servorum	
4-54	4117-4123	suorum	
4-55	4124-4126	de	
4-56	4127-4134	manibus	
4-57	4135-4139	ejus	
4-58	4139-4140	.	
4-59	4141-4142	3	
4-60	4143-4145	Et	
4-61	4146-4152	iterum	
4-62	4153-4161	dixerunt	
4-63	4162-4163	:	
4-64	4164-4172	Alleluja	
4-65	4172-4173	.	
