#FORMAT=WebAnno TSV 3.3


#Text=14 Pertransiens autem Syriam Sobal, et omnem Apameam, omnemque Mesopotamiam, venit ad Idumæos in terram Gabaa, 15 accepitque civitates eorum, et sedit ibi per triginta dies, in quibus diebus adunari præcepit universum exercitum virtutis suæ.
1-1	2-4	14	
1-2	5-17	Pertransiens	
1-3	18-23	autem	
1-4	24-30	Syriam	
1-5	31-36	Sobal	
1-6	36-37	,	
1-7	38-40	et	
1-8	41-46	omnem	
1-9	47-54	Apameam	
1-10	54-55	,	
1-11	56-64	omnemque	
1-12	65-77	Mesopotamiam	
1-13	77-78	,	
1-14	79-84	venit	
1-15	85-87	ad	
1-16	88-95	Idumæos	
1-17	96-98	in	
1-18	99-105	terram	
1-19	106-111	Gabaa	
1-20	111-112	,	
1-21	113-115	15	
1-22	116-126	accepitque	
1-23	127-136	civitates	
1-24	137-142	eorum	
1-25	142-143	,	
1-26	144-146	et	
1-27	147-152	sedit	
1-28	153-156	ibi	
1-29	157-160	per	
1-30	161-169	triginta	
1-31	170-174	dies	
1-32	174-175	,	
1-33	176-178	in	
1-34	179-185	quibus	
1-35	186-192	diebus	
1-36	193-200	adunari	
1-37	201-209	præcepit	
1-38	210-219	universum	
1-39	220-229	exercitum	
1-40	230-238	virtutis	
1-41	239-242	suæ	
1-42	242-243	.	

#Text=Caput 4
#Text=
#Text=
#Text=1 Tunc audientes hæc filii Israël qui habitabant in terra Juda, timuerunt valde a facie ejus.
#Text=2 Tremor et horror invasit sensus eorum, ne hoc faceret Jerusalem et templo Domini, quod fecerat ceteris civitatibus et templis earum.
#Text=3 Et miserunt in omnem Samariam per circuitum usque Jericho, et præoccupaverunt omnes vertices montium : 4 et muris circumdederunt vicos suos, et congregaverunt frumenta in præparationem pugnæ.
#Text=5 Sacerdos etiam Eliachim scripsit ad universos qui erant contra Esdrelon, quæ est contra faciem campi magni juxta Dothain, et universos per quos viæ transitus esse poterat, 6 ut obtinerent ascensus montium, per quos via esse poterat ad Jerusalem, et illic custodirent ubi angustum iter esse poterat inter montes.
#Text=7 Et fecerunt filii Israël secundum quod constituerat eis sacerdos Domini Eliachim.
#Text=8 Et clamavit omnis populus ad Dominum instantia magna, et humiliaverunt animas suas in jejuniis et orationibus, ipsi et mulieres eorum.
#Text=9 Et induerunt se sacerdotes ciliciis, et infantes prostraverunt contra faciem templi Domini, et altare Domini operuerunt cilicio : 10 et clamaverunt ad Dominum Deum Israël unanimiter ne darentur in prædam infantes eorum, et uxores eorum in divisionem, et civitates eorum in exterminium, et sancta eorum in pollutionem, et fierent opprobrium gentibus.
#Text=11 Tunc Eliachim sacerdos Domini magnus circuivit omnem Israël, allocutusque est eos, 12 dicens : Scitote quoniam exaudiet Dominus preces vestras, si manentes permanseritis in jejuniis et orationibus in conspectu Domini.
#Text=13 Memores estote Moysi servi Domini, qui Amalec confidentem in virtute sua, et in potentia sua, et in exercitu suo, et in clypeis suis, et in curribus suis, et in equitibus suis, non ferro pugnando, sed precibus sanctis orando dejecit : 14 sic erunt universi hostes Israël, si perseveraveritis in hoc opere quod cœpistis.
#Text=15 Ad hanc igitur exhortationem ejus deprecantes Dominum, permanebant in conspectu Domini, 16 ita ut etiam hi qui offerebant Domino holocausta, præcincti ciliciis offerrent sacrificia Domino, et erat cinis super capita eorum.
#Text=17 Et ex toto corde suo omnes orabant Deum, ut visitaret populum suum Israël.
2-1	244-249	Caput	
2-2	250-251	4	
2-3	254-255	1	
2-4	256-260	Tunc	
2-5	261-270	audientes	
2-6	271-274	hæc	
2-7	275-280	filii	
2-8	281-287	Israël	
2-9	288-291	qui	
2-10	292-302	habitabant	
2-11	303-305	in	
2-12	306-311	terra	
2-13	312-316	Juda	
2-14	316-317	,	
2-15	318-327	timuerunt	
2-16	328-333	valde	
2-17	334-335	a	
2-18	336-341	facie	
2-19	342-346	ejus	
2-20	346-347	.	
2-21	348-349	2	
2-22	350-356	Tremor	
2-23	357-359	et	
2-24	360-366	horror	
2-25	367-374	invasit	
2-26	375-381	sensus	
2-27	382-387	eorum	
2-28	387-388	,	
2-29	389-391	ne	
2-30	392-395	hoc	
2-31	396-403	faceret	
2-32	404-413	Jerusalem	
2-33	414-416	et	
2-34	417-423	templo	
2-35	424-430	Domini	
2-36	430-431	,	
2-37	432-436	quod	
2-38	437-444	fecerat	
2-39	445-452	ceteris	
2-40	453-464	civitatibus	
2-41	465-467	et	
2-42	468-475	templis	
2-43	476-481	earum	
2-44	481-482	.	
2-45	483-484	3	
2-46	485-487	Et	
2-47	488-496	miserunt	
2-48	497-499	in	
2-49	500-505	omnem	
2-50	506-514	Samariam	
2-51	515-518	per	
2-52	519-528	circuitum	
2-53	529-534	usque	
2-54	535-542	Jericho	
2-55	542-543	,	
2-56	544-546	et	
2-57	547-562	præoccupaverunt	
2-58	563-568	omnes	
2-59	569-577	vertices	
2-60	578-585	montium	
2-61	586-587	:	
2-62	588-589	4	
2-63	590-592	et	
2-64	593-598	muris	
2-65	599-613	circumdederunt	
2-66	614-619	vicos	
2-67	620-624	suos	
2-68	624-625	,	
2-69	626-628	et	
2-70	629-643	congregaverunt	
2-71	644-652	frumenta	
2-72	653-655	in	
2-73	656-669	præparationem	
2-74	670-675	pugnæ	
2-75	675-676	.	
2-76	677-678	5	
2-77	679-687	Sacerdos	
2-78	688-693	etiam	
2-79	694-702	Eliachim	
2-80	703-711	scripsit	
2-81	712-714	ad	
2-82	715-724	universos	
2-83	725-728	qui	
2-84	729-734	erant	
2-85	735-741	contra	
2-86	742-750	Esdrelon	
2-87	750-751	,	
2-88	752-755	quæ	
2-89	756-759	est	
2-90	760-766	contra	
2-91	767-773	faciem	
2-92	774-779	campi	
2-93	780-785	magni	
2-94	786-791	juxta	
2-95	792-799	Dothain	
2-96	799-800	,	
2-97	801-803	et	
2-98	804-813	universos	
2-99	814-817	per	
2-100	818-822	quos	
2-101	823-826	viæ	
2-102	827-836	transitus	
2-103	837-841	esse	
2-104	842-849	poterat	
2-105	849-850	,	
2-106	851-852	6	
2-107	853-855	ut	
2-108	856-866	obtinerent	
2-109	867-875	ascensus	
2-110	876-883	montium	
2-111	883-884	,	
2-112	885-888	per	
2-113	889-893	quos	
2-114	894-897	via	
2-115	898-902	esse	
2-116	903-910	poterat	
2-117	911-913	ad	
2-118	914-923	Jerusalem	
2-119	923-924	,	
2-120	925-927	et	
2-121	928-933	illic	
2-122	934-945	custodirent	
2-123	946-949	ubi	
2-124	950-958	angustum	
2-125	959-963	iter	
2-126	964-968	esse	
2-127	969-976	poterat	
2-128	977-982	inter	
2-129	983-989	montes	
2-130	989-990	.	
2-131	991-992	7	
2-132	993-995	Et	
2-133	996-1004	fecerunt	
2-134	1005-1010	filii	
2-135	1011-1017	Israël	
2-136	1018-1026	secundum	
2-137	1027-1031	quod	
2-138	1032-1044	constituerat	
2-139	1045-1048	eis	
2-140	1049-1057	sacerdos	
2-141	1058-1064	Domini	
2-142	1065-1073	Eliachim	
2-143	1073-1074	.	
2-144	1075-1076	8	
2-145	1077-1079	Et	
2-146	1080-1088	clamavit	
2-147	1089-1094	omnis	
2-148	1095-1102	populus	
2-149	1103-1105	ad	
2-150	1106-1113	Dominum	
2-151	1114-1123	instantia	
2-152	1124-1129	magna	
2-153	1129-1130	,	
2-154	1131-1133	et	
2-155	1134-1147	humiliaverunt	
2-156	1148-1154	animas	
2-157	1155-1159	suas	
2-158	1160-1162	in	
2-159	1163-1171	jejuniis	
2-160	1172-1174	et	
2-161	1175-1186	orationibus	
2-162	1186-1187	,	
2-163	1188-1192	ipsi	
2-164	1193-1195	et	
2-165	1196-1204	mulieres	
2-166	1205-1210	eorum	
2-167	1210-1211	.	
2-168	1212-1213	9	
2-169	1214-1216	Et	
2-170	1217-1226	induerunt	
2-171	1227-1229	se	
2-172	1230-1240	sacerdotes	
2-173	1241-1249	ciliciis	
2-174	1249-1250	,	
2-175	1251-1253	et	
2-176	1254-1262	infantes	
2-177	1263-1276	prostraverunt	
2-178	1277-1283	contra	
2-179	1284-1290	faciem	
2-180	1291-1297	templi	
2-181	1298-1304	Domini	
2-182	1304-1305	,	
2-183	1306-1308	et	
2-184	1309-1315	altare	
2-185	1316-1322	Domini	
2-186	1323-1333	operuerunt	
2-187	1334-1341	cilicio	
2-188	1342-1343	:	
2-189	1344-1346	10	
2-190	1347-1349	et	
2-191	1350-1361	clamaverunt	
2-192	1362-1364	ad	
2-193	1365-1372	Dominum	
2-194	1373-1377	Deum	
2-195	1378-1384	Israël	
2-196	1385-1395	unanimiter	
2-197	1396-1398	ne	
2-198	1399-1407	darentur	
2-199	1408-1410	in	
2-200	1411-1417	prædam	
2-201	1418-1426	infantes	
2-202	1427-1432	eorum	
2-203	1432-1433	,	
2-204	1434-1436	et	
2-205	1437-1443	uxores	
2-206	1444-1449	eorum	
2-207	1450-1452	in	
2-208	1453-1463	divisionem	
2-209	1463-1464	,	
2-210	1465-1467	et	
2-211	1468-1477	civitates	
2-212	1478-1483	eorum	
2-213	1484-1486	in	
2-214	1487-1498	exterminium	
2-215	1498-1499	,	
2-216	1500-1502	et	
2-217	1503-1509	sancta	
2-218	1510-1515	eorum	
2-219	1516-1518	in	
2-220	1519-1530	pollutionem	
2-221	1530-1531	,	
2-222	1532-1534	et	
2-223	1535-1542	fierent	
2-224	1543-1553	opprobrium	
2-225	1554-1562	gentibus	
2-226	1562-1563	.	
2-227	1564-1566	11	
2-228	1567-1571	Tunc	
2-229	1572-1580	Eliachim	
2-230	1581-1589	sacerdos	
2-231	1590-1596	Domini	
2-232	1597-1603	magnus	
2-233	1604-1613	circuivit	
2-234	1614-1619	omnem	
2-235	1620-1626	Israël	
2-236	1626-1627	,	
2-237	1628-1640	allocutusque	
2-238	1641-1644	est	
2-239	1645-1648	eos	
2-240	1648-1649	,	
2-241	1650-1652	12	
2-242	1653-1659	dicens	
2-243	1660-1661	:	
2-244	1662-1669	Scitote	
2-245	1670-1677	quoniam	
2-246	1678-1686	exaudiet	
2-247	1687-1694	Dominus	
2-248	1695-1701	preces	
2-249	1702-1709	vestras	
2-250	1709-1710	,	
2-251	1711-1713	si	
2-252	1714-1722	manentes	
2-253	1723-1736	permanseritis	
2-254	1737-1739	in	
2-255	1740-1748	jejuniis	
2-256	1749-1751	et	
2-257	1752-1763	orationibus	
2-258	1764-1766	in	
2-259	1767-1776	conspectu	
2-260	1777-1783	Domini	
2-261	1783-1784	.	
2-262	1785-1787	13	
2-263	1788-1795	Memores	
2-264	1796-1802	estote	
2-265	1803-1808	Moysi	
2-266	1809-1814	servi	
2-267	1815-1821	Domini	
2-268	1821-1822	,	
2-269	1823-1826	qui	
2-270	1827-1833	Amalec	
2-271	1834-1845	confidentem	
2-272	1846-1848	in	
2-273	1849-1856	virtute	
2-274	1857-1860	sua	
2-275	1860-1861	,	
2-276	1862-1864	et	
2-277	1865-1867	in	
2-278	1868-1876	potentia	
2-279	1877-1880	sua	
2-280	1880-1881	,	
2-281	1882-1884	et	
2-282	1885-1887	in	
2-283	1888-1896	exercitu	
2-284	1897-1900	suo	
2-285	1900-1901	,	
2-286	1902-1904	et	
2-287	1905-1907	in	
2-288	1908-1915	clypeis	
2-289	1916-1920	suis	
2-290	1920-1921	,	
2-291	1922-1924	et	
2-292	1925-1927	in	
2-293	1928-1936	curribus	
2-294	1937-1941	suis	
2-295	1941-1942	,	
2-296	1943-1945	et	
2-297	1946-1948	in	
2-298	1949-1958	equitibus	
2-299	1959-1963	suis	
2-300	1963-1964	,	
2-301	1965-1968	non	
2-302	1969-1974	ferro	
2-303	1975-1983	pugnando	
2-304	1983-1984	,	
2-305	1985-1988	sed	
2-306	1989-1997	precibus	
2-307	1998-2005	sanctis	
2-308	2006-2012	orando	
2-309	2013-2020	dejecit	
2-310	2021-2022	:	
2-311	2023-2025	14	
2-312	2026-2029	sic	
2-313	2030-2035	erunt	
2-314	2036-2044	universi	
2-315	2045-2051	hostes	
2-316	2052-2058	Israël	
2-317	2058-2059	,	
2-318	2060-2062	si	
2-319	2063-2079	perseveraveritis	
2-320	2080-2082	in	
2-321	2083-2086	hoc	
2-322	2087-2092	opere	
2-323	2093-2097	quod	
2-324	2098-2106	cœpistis	
2-325	2106-2107	.	
2-326	2108-2110	15	
2-327	2111-2113	Ad	
2-328	2114-2118	hanc	
2-329	2119-2125	igitur	
2-330	2126-2139	exhortationem	
2-331	2140-2144	ejus	
2-332	2145-2156	deprecantes	
2-333	2157-2164	Dominum	
2-334	2164-2165	,	
2-335	2166-2177	permanebant	
2-336	2178-2180	in	
2-337	2181-2190	conspectu	
2-338	2191-2197	Domini	
2-339	2197-2198	,	
2-340	2199-2201	16	
2-341	2202-2205	ita	
2-342	2206-2208	ut	
2-343	2209-2214	etiam	
2-344	2215-2217	hi	
2-345	2218-2221	qui	
2-346	2222-2232	offerebant	
2-347	2233-2239	Domino	
2-348	2240-2250	holocausta	
2-349	2250-2251	,	
2-350	2252-2261	præcincti	
2-351	2262-2270	ciliciis	
2-352	2271-2280	offerrent	
2-353	2281-2291	sacrificia	
2-354	2292-2298	Domino	
2-355	2298-2299	,	
2-356	2300-2302	et	
2-357	2303-2307	erat	
2-358	2308-2313	cinis	
2-359	2314-2319	super	
2-360	2320-2326	capita	
2-361	2327-2332	eorum	
2-362	2332-2333	.	
2-363	2334-2336	17	
2-364	2337-2339	Et	
2-365	2340-2342	ex	
2-366	2343-2347	toto	
2-367	2348-2353	corde	
2-368	2354-2357	suo	
2-369	2358-2363	omnes	
2-370	2364-2371	orabant	
2-371	2372-2376	Deum	
2-372	2376-2377	,	
2-373	2378-2380	ut	
2-374	2381-2390	visitaret	
2-375	2391-2398	populum	
2-376	2399-2403	suum	
2-377	2404-2410	Israël	
2-378	2410-2411	.	

#Text=Caput 5
#Text=
#Text=
#Text=1 Nuntiatumque est Holoferni principi militiæ Assyriorum, quod filii Israël præpararent se ad resistendum, ac montium itinera conclusissent : 2 et furore nimio exarsit in iracundia magna, vocavitque omnes principes Moab et duces Ammon, 3 et dixit eis : Dicite mihi quis sit populus iste, qui montana obsidet : aut quæ, et quales, et quantæ sint civitates eorum : quæ etiam sit virtus eorum, aut quæ sit multitudo eorum, vel quis rex militiæ illorum : 4 et quare præ omnibus qui habitant in oriente, isti contempserunt nos, et non exierunt obviam nobis ut susciperent nos cum pace ?
3-1	2412-2417	Caput	
3-2	2418-2419	5	
3-3	2422-2423	1	
3-4	2424-2436	Nuntiatumque	
3-5	2437-2440	est	
3-6	2441-2450	Holoferni	
3-7	2451-2459	principi	
3-8	2460-2467	militiæ	
3-9	2468-2478	Assyriorum	
3-10	2478-2479	,	
3-11	2480-2484	quod	
3-12	2485-2490	filii	
3-13	2491-2497	Israël	
3-14	2498-2509	præpararent	
3-15	2510-2512	se	
3-16	2513-2515	ad	
3-17	2516-2527	resistendum	
3-18	2527-2528	,	
3-19	2529-2531	ac	
3-20	2532-2539	montium	
3-21	2540-2547	itinera	
3-22	2548-2561	conclusissent	
3-23	2562-2563	:	
3-24	2564-2565	2	
3-25	2566-2568	et	
3-26	2569-2575	furore	
3-27	2576-2581	nimio	
3-28	2582-2589	exarsit	
3-29	2590-2592	in	
3-30	2593-2602	iracundia	
3-31	2603-2608	magna	
3-32	2608-2609	,	
3-33	2610-2620	vocavitque	
3-34	2621-2626	omnes	
3-35	2627-2636	principes	
3-36	2637-2641	Moab	
3-37	2642-2644	et	
3-38	2645-2650	duces	
3-39	2651-2656	Ammon	
3-40	2656-2657	,	
3-41	2658-2659	3	
3-42	2660-2662	et	
3-43	2663-2668	dixit	
3-44	2669-2672	eis	
3-45	2673-2674	:	
3-46	2675-2681	Dicite	
3-47	2682-2686	mihi	
3-48	2687-2691	quis	
3-49	2692-2695	sit	
3-50	2696-2703	populus	
3-51	2704-2708	iste	
3-52	2708-2709	,	
3-53	2710-2713	qui	
3-54	2714-2721	montana	
3-55	2722-2729	obsidet	
3-56	2730-2731	:	
3-57	2732-2735	aut	
3-58	2736-2739	quæ	
3-59	2739-2740	,	
3-60	2741-2743	et	
3-61	2744-2750	quales	
3-62	2750-2751	,	
3-63	2752-2754	et	
3-64	2755-2761	quantæ	
3-65	2762-2766	sint	
3-66	2767-2776	civitates	
3-67	2777-2782	eorum	
3-68	2783-2784	:	
3-69	2785-2788	quæ	
3-70	2789-2794	etiam	
3-71	2795-2798	sit	
3-72	2799-2805	virtus	
3-73	2806-2811	eorum	
3-74	2811-2812	,	
3-75	2813-2816	aut	
3-76	2817-2820	quæ	
3-77	2821-2824	sit	
3-78	2825-2834	multitudo	
3-79	2835-2840	eorum	
3-80	2840-2841	,	
3-81	2842-2845	vel	
3-82	2846-2850	quis	
3-83	2851-2854	rex	
3-84	2855-2862	militiæ	
3-85	2863-2870	illorum	
3-86	2871-2872	:	
3-87	2873-2874	4	
3-88	2875-2877	et	
3-89	2878-2883	quare	
3-90	2884-2887	præ	
3-91	2888-2895	omnibus	
3-92	2896-2899	qui	
3-93	2900-2908	habitant	
3-94	2909-2911	in	
3-95	2912-2919	oriente	
3-96	2919-2920	,	
3-97	2921-2925	isti	
3-98	2926-2939	contempserunt	
3-99	2940-2943	nos	
3-100	2943-2944	,	
3-101	2945-2947	et	
3-102	2948-2951	non	
3-103	2952-2960	exierunt	
3-104	2961-2967	obviam	
3-105	2968-2973	nobis	
3-106	2974-2976	ut	
3-107	2977-2988	susciperent	
3-108	2989-2992	nos	
3-109	2993-2996	cum	
3-110	2997-3001	pace	
3-111	3002-3003	?	

#Text=5 Tunc Achior dux omnium filiorum Ammon respondens, ait : Si digneris audire, domine mi, dicam veritatem in conspectu tuo de populo isto qui in montanis habitat, et non egredietur verbum falsum ex ore meo.
#Text=6 Populus iste ex progenie Chaldæorum est.
#Text=7 Hic primum in Mesopotamia habitavit, quoniam noluerunt sequi deos patrum suorum, qui erant in terra Chaldæorum.
#Text=8 Deserentes itaque cæremonias patrum suorum, quæ in multitudine deorum erant, 9 unum Deum cæli coluerunt, qui et præcepit eis ut exirent inde et habitarent in Charan.
4-1	3004-3005	5	
4-2	3006-3010	Tunc	
4-3	3011-3017	Achior	
4-4	3018-3021	dux	
4-5	3022-3028	omnium	
4-6	3029-3037	filiorum	
4-7	3038-3043	Ammon	
4-8	3044-3054	respondens	
4-9	3054-3055	,	
4-10	3056-3059	ait	
4-11	3060-3061	:	
4-12	3062-3064	Si	
4-13	3065-3073	digneris	
4-14	3074-3080	audire	
4-15	3080-3081	,	
4-16	3082-3088	domine	
4-17	3089-3091	mi	
4-18	3091-3092	,	
4-19	3093-3098	dicam	
4-20	3099-3108	veritatem	
4-21	3109-3111	in	
4-22	3112-3121	conspectu	
4-23	3122-3125	tuo	
4-24	3126-3128	de	
4-25	3129-3135	populo	
4-26	3136-3140	isto	
4-27	3141-3144	qui	
4-28	3145-3147	in	
4-29	3148-3156	montanis	
4-30	3157-3164	habitat	
4-31	3164-3165	,	
4-32	3166-3168	et	
4-33	3169-3172	non	
4-34	3173-3183	egredietur	
4-35	3184-3190	verbum	
4-36	3191-3197	falsum	
4-37	3198-3200	ex	
4-38	3201-3204	ore	
4-39	3205-3208	meo	
4-40	3208-3209	.	
4-41	3210-3211	6	
4-42	3212-3219	Populus	
4-43	3220-3224	iste	
4-44	3225-3227	ex	
4-45	3228-3236	progenie	
4-46	3237-3247	Chaldæorum	
4-47	3248-3251	est	
4-48	3251-3252	.	
4-49	3253-3254	7	
4-50	3255-3258	Hic	
4-51	3259-3265	primum	
4-52	3266-3268	in	
4-53	3269-3280	Mesopotamia	
4-54	3281-3290	habitavit	
4-55	3290-3291	,	
4-56	3292-3299	quoniam	
4-57	3300-3309	noluerunt	
4-58	3310-3315	sequi	
4-59	3316-3320	deos	
4-60	3321-3327	patrum	
4-61	3328-3334	suorum	
4-62	3334-3335	,	
4-63	3336-3339	qui	
4-64	3340-3345	erant	
4-65	3346-3348	in	
4-66	3349-3354	terra	
4-67	3355-3365	Chaldæorum	
4-68	3365-3366	.	
4-69	3367-3368	8	
4-70	3369-3379	Deserentes	
4-71	3380-3386	itaque	
4-72	3387-3397	cæremonias	
4-73	3398-3404	patrum	
4-74	3405-3411	suorum	
4-75	3411-3412	,	
4-76	3413-3416	quæ	
4-77	3417-3419	in	
4-78	3420-3431	multitudine	
4-79	3432-3438	deorum	
4-80	3439-3444	erant	
4-81	3444-3445	,	
4-82	3446-3447	9	
4-83	3448-3452	unum	
4-84	3453-3457	Deum	
4-85	3458-3462	cæli	
4-86	3463-3472	coluerunt	
4-87	3472-3473	,	
4-88	3474-3477	qui	
4-89	3478-3480	et	
4-90	3481-3489	præcepit	
4-91	3490-3493	eis	
4-92	3494-3496	ut	
4-93	3497-3504	exirent	
4-94	3505-3509	inde	
4-95	3510-3512	et	
4-96	3513-3523	habitarent	
4-97	3524-3526	in	
4-98	3527-3533	Charan	
4-99	3533-3534	.	

#Text=Cumque operuisset omnem terram fames, descenderunt in Ægyptum, illicque per quadringentos annos sic multiplicati sunt, ut dinumerari eorum non posset exercitus.
#Text=10 Cumque gravaret eos rex Ægypti, atque in ædificationibus urbium suarum in luto et latere subjugasset eos, clamaverunt ad Dominum suum, et percussit totam terram Ægypti plagis variis.
#Text=11 Cumque ejecissent eos Ægyptii a se, et cessasset plaga ab eis, et iterum eos vellent capere, et ad suum servitium revocare, 12 fugientibus his, Deus cæli mare aperuit, ita ut hinc inde aquæ quasi murus solidarentur, et isti pede sicco fundum maris perambulando transirent.
5-1	3535-3541	Cumque	
5-2	3542-3552	operuisset	
5-3	3553-3558	omnem	
5-4	3559-3565	terram	
5-5	3566-3571	fames	
5-6	3571-3572	,	
5-7	3573-3585	descenderunt	
5-8	3586-3588	in	
5-9	3589-3596	Ægyptum	
5-10	3596-3597	,	
5-11	3598-3606	illicque	
5-12	3607-3610	per	
5-13	3611-3624	quadringentos	
5-14	3625-3630	annos	
5-15	3631-3634	sic	
5-16	3635-3647	multiplicati	
5-17	3648-3652	sunt	
5-18	3652-3653	,	
5-19	3654-3656	ut	
5-20	3657-3667	dinumerari	
5-21	3668-3673	eorum	
5-22	3674-3677	non	
5-23	3678-3684	posset	
5-24	3685-3694	exercitus	
5-25	3694-3695	.	
5-26	3696-3698	10	
5-27	3699-3705	Cumque	
5-28	3706-3714	gravaret	
5-29	3715-3718	eos	
5-30	3719-3722	rex	
5-31	3723-3729	Ægypti	
5-32	3729-3730	,	
5-33	3731-3736	atque	
5-34	3737-3739	in	
5-35	3740-3755	ædificationibus	
5-36	3756-3762	urbium	
5-37	3763-3769	suarum	
5-38	3770-3772	in	
5-39	3773-3777	luto	
5-40	3778-3780	et	
5-41	3781-3787	latere	
5-42	3788-3799	subjugasset	
5-43	3800-3803	eos	
5-44	3803-3804	,	
5-45	3805-3816	clamaverunt	
5-46	3817-3819	ad	
5-47	3820-3827	Dominum	
5-48	3828-3832	suum	
5-49	3832-3833	,	
5-50	3834-3836	et	
5-51	3837-3846	percussit	
5-52	3847-3852	totam	
5-53	3853-3859	terram	
5-54	3860-3866	Ægypti	
5-55	3867-3873	plagis	
5-56	3874-3880	variis	
5-57	3880-3881	.	
5-58	3882-3884	11	
5-59	3885-3891	Cumque	
5-60	3892-3902	ejecissent	
5-61	3903-3906	eos	
5-62	3907-3914	Ægyptii	
5-63	3915-3916	a	
5-64	3917-3919	se	
5-65	3919-3920	,	
5-66	3921-3923	et	
5-67	3924-3933	cessasset	
5-68	3934-3939	plaga	
5-69	3940-3942	ab	
5-70	3943-3946	eis	
5-71	3946-3947	,	
5-72	3948-3950	et	
5-73	3951-3957	iterum	
5-74	3958-3961	eos	
5-75	3962-3969	vellent	
5-76	3970-3976	capere	
5-77	3976-3977	,	
5-78	3978-3980	et	
5-79	3981-3983	ad	
5-80	3984-3988	suum	
5-81	3989-3998	servitium	
5-82	3999-4007	revocare	
5-83	4007-4008	,	
5-84	4009-4011	12	
5-85	4012-4023	fugientibus	
5-86	4024-4027	his	
5-87	4027-4028	,	
5-88	4029-4033	Deus	
5-89	4034-4038	cæli	
5-90	4039-4043	mare	
5-91	4044-4051	aperuit	
5-92	4051-4052	,	
5-93	4053-4056	ita	
5-94	4057-4059	ut	
5-95	4060-4064	hinc	
5-96	4065-4069	inde	
5-97	4070-4074	aquæ	
5-98	4075-4080	quasi	
5-99	4081-4086	murus	
5-100	4087-4099	solidarentur	
5-101	4099-4100	,	
5-102	4101-4103	et	
5-103	4104-4108	isti	
5-104	4109-4113	pede	
5-105	4114-4119	sicco	
5-106	4120-4126	fundum	
5-107	4127-4132	maris	
5-108	4133-4145	perambulando	
5-109	4146-4156	transirent	
5-110	4156-4157	.	
