#FORMAT=WebAnno TSV 3.3


#Text=Frenar potria?
1-1	0-6	Frenar	
1-2	7-13	potria	
1-3	13-14	?	

#Text=Per non dar più luogo a riflessioni così patetiche bisognerà dunque, disse la Marchesa, prima di concertare un sistema in qualsisia cosa, avere esattamente osservato tutto ciò, che in quella tal cosa è osservabile, per non esporlo in tal modo alla mercè, ed agl’insulti delle sperienze.
2-1	18-21	Per	
2-2	22-25	non	
2-3	26-29	dar	
2-4	30-33	più	
2-5	34-39	luogo	
2-6	40-41	a	
2-7	42-53	riflessioni	
2-8	54-58	così	
2-9	59-68	patetiche	
2-10	69-78	bisognerà	
2-11	79-85	dunque	
2-12	85-86	,	
2-13	87-92	disse	
2-14	93-95	la	
2-15	96-104	Marchesa	
2-16	104-105	,	
2-17	106-111	prima	
2-18	112-114	di	
2-19	115-125	concertare	
2-20	126-128	un	
2-21	129-136	sistema	
2-22	137-139	in	
2-23	140-149	qualsisia	
2-24	150-154	cosa	
2-25	154-155	,	
2-26	156-161	avere	
2-27	162-173	esattamente	
2-28	174-183	osservato	
2-29	184-189	tutto	
2-30	190-193	ciò	
2-31	193-194	,	
2-32	195-198	che	
2-33	199-201	in	
2-34	202-208	quella	
2-35	209-212	tal	
2-36	213-217	cosa	
2-37	218-219	è	
2-38	220-231	osservabile	
2-39	231-232	,	
2-40	233-236	per	
2-41	237-240	non	
2-42	241-248	esporlo	
2-43	249-251	in	
2-44	252-255	tal	
2-45	256-260	modo	
2-46	261-265	alla	
2-47	266-271	mercè	
2-48	271-272	,	
2-49	273-275	ed	
2-50	276-279	agl	
2-51	279-280	’	
2-52	280-287	insulti	
2-53	288-293	delle	
2-54	294-303	sperienze	
2-55	303-304	.	

#Text=Ecco appunto, rispos’io, ciò che dicono i Newtoniani; e bisogna certamente che voi abbiate, o Madama, qualche secreta intelligenza con esso loro, per essere così ben informata, come voi siete, di ciò che e’ pensano.
3-1	305-309	Ecco	
3-2	310-317	appunto	
3-3	317-318	,	
3-4	319-325	rispos	
3-5	325-326	’	
3-6	326-328	io	
3-7	328-329	,	
3-8	330-333	ciò	
3-9	334-337	che	
3-10	338-344	dicono	
3-11	345-346	i	
3-12	347-357	Newtoniani	
3-13	357-358	;	
3-14	359-360	e	
3-15	361-368	bisogna	
3-16	369-379	certamente	
3-17	380-383	che	
3-18	384-387	voi	
3-19	388-395	abbiate	
3-20	395-396	,	
3-21	397-398	o	
3-22	399-405	Madama	
3-23	405-406	,	
3-24	407-414	qualche	
3-25	415-422	secreta	
3-26	423-435	intelligenza	
3-27	436-439	con	
3-28	440-444	esso	
3-29	445-449	loro	
3-30	449-450	,	
3-31	451-454	per	
3-32	455-461	essere	
3-33	462-466	così	
3-34	467-470	ben	
3-35	471-480	informata	
3-36	480-481	,	
3-37	482-486	come	
3-38	487-490	voi	
3-39	491-496	siete	
3-40	496-497	,	
3-41	498-500	di	
3-42	501-504	ciò	
3-43	505-508	che	
3-44	509-510	e	
3-45	510-511	’	
3-46	512-519	pensano	
3-47	519-520	.	

#Text=Egli saria ridicolo, che un Macchinista si volesse metter in capo d’indovinare come è fatto il di dentro del famoso Orologio di Argentina, quando non s’informasse prima esattamente di tutto ciò, che e’ mostra, della maniera ond’egli suona, e di quelle tante cose ch’egli fa oltre il sonar l’ora.
4-1	521-525	Egli	
4-2	526-531	saria	
4-3	532-540	ridicolo	
4-4	540-541	,	
4-5	542-545	che	
4-6	546-548	un	
4-7	549-560	Macchinista	
4-8	561-563	si	
4-9	564-571	volesse	
4-10	572-578	metter	
4-11	579-581	in	
4-12	582-586	capo	
4-13	587-588	d	
4-14	588-589	’	
4-15	589-599	indovinare	
4-16	600-604	come	
4-17	605-606	è	
4-18	607-612	fatto	
4-19	613-615	il	
4-20	616-618	di	
4-21	619-625	dentro	
4-22	626-629	del	
4-23	630-636	famoso	
4-24	637-645	Orologio	
4-25	646-648	di	
4-26	649-658	Argentina	
4-27	658-659	,	
4-28	660-666	quando	
4-29	667-670	non	
4-30	671-672	s	
4-31	672-673	’	
4-32	673-683	informasse	
4-33	684-689	prima	
4-34	690-701	esattamente	
4-35	702-704	di	
4-36	705-710	tutto	
4-37	711-714	ciò	
4-38	714-715	,	
4-39	716-719	che	
4-40	720-721	e	
4-41	721-722	’	
4-42	723-729	mostra	
4-43	729-730	,	
4-44	731-736	della	
4-45	737-744	maniera	
4-46	745-748	ond	
4-47	748-749	’	
4-48	749-753	egli	
4-49	754-759	suona	
4-50	759-760	,	
4-51	761-762	e	
4-52	763-765	di	
4-53	766-772	quelle	
4-54	773-778	tante	
4-55	779-783	cose	
4-56	784-786	ch	
4-57	786-787	’	
4-58	787-791	egli	
4-59	792-794	fa	
4-60	795-800	oltre	
4-61	801-803	il	
4-62	804-809	sonar	
4-63	810-811	l	
4-64	811-812	’	
4-65	812-815	ora	
4-66	815-816	.	

#Text=Cosi s’egli è mai sperabile, dicon essi, di far sistemi, che abbian qualche apparenza di dover esser durevoli, egli sarà solo allora che noi per via di osservazioni e di sperienze sapremo tutto ciò, che ne’ termini dell’arte si chiama Fenomeno, e che vuol dire apparenza delle cose, e le leggi, che da essi Fenomeni si ricavano, e secondo le quali la Natura opera costantemente.
5-1	817-821	Cosi	
5-2	822-823	s	
5-3	823-824	’	
5-4	824-828	egli	
5-5	829-830	è	
5-6	831-834	mai	
5-7	835-844	sperabile	
5-8	844-845	,	
5-9	846-851	dicon	
5-10	852-856	essi	
5-11	856-857	,	
5-12	858-860	di	
5-13	861-864	far	
5-14	865-872	sistemi	
5-15	872-873	,	
5-16	874-877	che	
5-17	878-884	abbian	
5-18	885-892	qualche	
5-19	893-902	apparenza	
5-20	903-905	di	
5-21	906-911	dover	
5-22	912-917	esser	
5-23	918-926	durevoli	
5-24	926-927	,	
5-25	928-932	egli	
5-26	933-937	sarà	
5-27	938-942	solo	
5-28	943-949	allora	
5-29	950-953	che	
5-30	954-957	noi	
5-31	958-961	per	
5-32	962-965	via	
5-33	966-968	di	
5-34	969-981	osservazioni	
5-35	982-983	e	
5-36	984-986	di	
5-37	987-996	sperienze	
5-38	997-1004	sapremo	
5-39	1005-1010	tutto	
5-40	1011-1014	ciò	
5-41	1014-1015	,	
5-42	1016-1019	che	
5-43	1020-1022	ne	
5-44	1022-1023	’	
5-45	1024-1031	termini	
5-46	1032-1036	dell	
5-47	1036-1037	’	
5-48	1037-1041	arte	
5-49	1042-1044	si	
5-50	1045-1051	chiama	
5-51	1052-1060	Fenomeno	
5-52	1060-1061	,	
5-53	1062-1063	e	
5-54	1064-1067	che	
5-55	1068-1072	vuol	
5-56	1073-1077	dire	
5-57	1078-1087	apparenza	
5-58	1088-1093	delle	
5-59	1094-1098	cose	
5-60	1098-1099	,	
5-61	1100-1101	e	
5-62	1102-1104	le	
5-63	1105-1110	leggi	
5-64	1110-1111	,	
5-65	1112-1115	che	
5-66	1116-1118	da	
5-67	1119-1123	essi	
5-68	1124-1132	Fenomeni	
5-69	1133-1135	si	
5-70	1136-1144	ricavano	
5-71	1144-1145	,	
5-72	1146-1147	e	
5-73	1148-1155	secondo	
5-74	1156-1158	le	
5-75	1159-1164	quali	
5-76	1165-1167	la	
5-77	1168-1174	Natura	
5-78	1175-1180	opera	
5-79	1181-1194	costantemente	
5-80	1194-1195	.	

#Text=Per la qual cosa come potea egli mai, a cagion d’esempio, il Descartes Autore principalmente di questa intraprendente Setta di Filosofi fare un sistema ragionevole intorno alla Luce e a’ colori, ignorando affatto tante belle loro proprietà discoperte poscia dal Newton per via di osservazione?
6-1	1196-1199	Per	
6-2	1200-1202	la	
6-3	1203-1207	qual	
6-4	1208-1212	cosa	
6-5	1213-1217	come	
6-6	1218-1223	potea	
6-7	1224-1228	egli	
6-8	1229-1232	mai	
6-9	1232-1233	,	
6-10	1234-1235	a	
6-11	1236-1242	cagion	
6-12	1243-1244	d	
6-13	1244-1245	’	
6-14	1245-1252	esempio	
6-15	1252-1253	,	
6-16	1254-1256	il	
6-17	1257-1266	Descartes	
6-18	1267-1273	Autore	
6-19	1274-1288	principalmente	
6-20	1289-1291	di	
6-21	1292-1298	questa	
6-22	1299-1313	intraprendente	
6-23	1314-1319	Setta	
6-24	1320-1322	di	
6-25	1323-1331	Filosofi	
6-26	1332-1336	fare	
6-27	1337-1339	un	
6-28	1340-1347	sistema	
6-29	1348-1359	ragionevole	
6-30	1360-1367	intorno	
6-31	1368-1372	alla	
6-32	1373-1377	Luce	
6-33	1378-1379	e	
6-34	1380-1381	a	
6-35	1381-1382	’	
6-36	1383-1389	colori	
6-37	1389-1390	,	
6-38	1391-1400	ignorando	
6-39	1401-1408	affatto	
6-40	1409-1414	tante	
6-41	1415-1420	belle	
6-42	1421-1425	loro	
6-43	1426-1435	proprietà	
6-44	1436-1446	discoperte	
6-45	1447-1453	poscia	
6-46	1454-1457	dal	
6-47	1458-1464	Newton	
6-48	1465-1468	per	
6-49	1469-1472	via	
6-50	1473-1475	di	
6-51	1476-1488	osservazione	
6-52	1488-1489	?	

#Text=Come potea egli lavorar la statua non avendo per così dire il marmo?
7-1	1490-1494	Come	
7-2	1495-1500	potea	
7-3	1501-1505	egli	
7-4	1506-1513	lavorar	
7-5	1514-1516	la	
7-6	1517-1523	statua	
7-7	1524-1527	non	
7-8	1528-1534	avendo	
7-9	1535-1538	per	
7-10	1539-1543	così	
7-11	1544-1548	dire	
7-12	1549-1551	il	
7-13	1552-1557	marmo	
7-14	1557-1558	?	

#Text=Eccovi adunque ciò che fanno i migliori Filosofi del nostro tempo, e quelle dotte Compagnie fondate e mantenute dalla munificenza de’ Sovrani, o dal genio delle Nazioni, di osservare cioè, ed in tal modo preparare alla posterità con che forse fabbricar sistemi, che sieno più fortunati, se non altro nella durata, di que’, che abbiam veduto nascere fino a’ nostri dì.
8-1	1559-1565	Eccovi	
8-2	1566-1573	adunque	
8-3	1574-1577	ciò	
8-4	1578-1581	che	
8-5	1582-1587	fanno	
8-6	1588-1589	i	
8-7	1590-1598	migliori	
8-8	1599-1607	Filosofi	
8-9	1608-1611	del	
8-10	1612-1618	nostro	
8-11	1619-1624	tempo	
8-12	1624-1625	,	
8-13	1626-1627	e	
8-14	1628-1634	quelle	
8-15	1635-1640	dotte	
8-16	1641-1650	Compagnie	
8-17	1651-1658	fondate	
8-18	1659-1660	e	
8-19	1661-1670	mantenute	
8-20	1671-1676	dalla	
8-21	1677-1688	munificenza	
8-22	1689-1691	de	
8-23	1691-1692	’	
8-24	1693-1700	Sovrani	
8-25	1700-1701	,	
8-26	1702-1703	o	
8-27	1704-1707	dal	
8-28	1708-1713	genio	
8-29	1714-1719	delle	
8-30	1720-1727	Nazioni	
8-31	1727-1728	,	
8-32	1729-1731	di	
8-33	1732-1741	osservare	
8-34	1742-1746	cioè	
8-35	1746-1747	,	
8-36	1748-1750	ed	
8-37	1751-1753	in	
8-38	1754-1757	tal	
8-39	1758-1762	modo	
8-40	1763-1772	preparare	
8-41	1773-1777	alla	
8-42	1778-1787	posterità	
8-43	1788-1791	con	
8-44	1792-1795	che	
8-45	1796-1801	forse	
8-46	1802-1811	fabbricar	
8-47	1812-1819	sistemi	
8-48	1819-1820	,	
8-49	1821-1824	che	
8-50	1825-1830	sieno	
8-51	1831-1834	più	
8-52	1835-1844	fortunati	
8-53	1844-1845	,	
8-54	1846-1848	se	
8-55	1849-1852	non	
8-56	1853-1858	altro	
8-57	1859-1864	nella	
8-58	1865-1871	durata	
8-59	1871-1872	,	
8-60	1873-1875	di	
8-61	1876-1879	que	
8-62	1879-1880	’	
8-63	1880-1881	,	
8-64	1882-1885	che	
8-65	1886-1892	abbiam	
8-66	1893-1899	veduto	
8-67	1900-1907	nascere	
8-68	1908-1912	fino	
8-69	1913-1914	a	
8-70	1914-1915	’	
8-71	1916-1922	nostri	
8-72	1923-1925	dì	
8-73	1925-1926	.	

#Text=E questa professione non è molto fastosa, se vi piace, com’è quella di coloro, che in un batter d’occhio, si può dire, vi fabbricano il Mondo; ma in contraccambio mantiene ciò, ch’ella promette.
9-1	1927-1928	E	
9-2	1929-1935	questa	
9-3	1936-1947	professione	
9-4	1948-1951	non	
9-5	1952-1953	è	
9-6	1954-1959	molto	
9-7	1960-1967	fastosa	
9-8	1967-1968	,	
9-9	1969-1971	se	
9-10	1972-1974	vi	
9-11	1975-1980	piace	
9-12	1980-1981	,	
9-13	1982-1985	com	
9-14	1985-1986	’	
9-15	1986-1987	è	
9-16	1988-1994	quella	
9-17	1995-1997	di	
9-18	1998-2004	coloro	
9-19	2004-2005	,	
9-20	2006-2009	che	
9-21	2010-2012	in	
9-22	2013-2015	un	
9-23	2016-2022	batter	
9-24	2023-2024	d	
9-25	2024-2025	’	
9-26	2025-2031	occhio	
9-27	2031-2032	,	
9-28	2033-2035	si	
9-29	2036-2039	può	
9-30	2040-2044	dire	
9-31	2044-2045	,	
9-32	2046-2048	vi	
9-33	2049-2059	fabbricano	
9-34	2060-2062	il	
9-35	2063-2068	Mondo	
9-36	2068-2069	;	
9-37	2070-2072	ma	
9-38	2073-2075	in	
9-39	2076-2089	contraccambio	
9-40	2090-2098	mantiene	
9-41	2099-2102	ciò	
9-42	2102-2103	,	
9-43	2104-2106	ch	
9-44	2106-2107	’	
9-45	2107-2111	ella	
9-46	2112-2120	promette	
9-47	2120-2121	.	

#Text=Del che si dee tener obbligo a un Filosofo nè più nè meno che alla sua Dama.
10-1	2122-2125	Del	
10-2	2126-2129	che	
10-3	2130-2132	si	
10-4	2133-2136	dee	
10-5	2137-2142	tener	
10-6	2143-2150	obbligo	
10-7	2151-2152	a	
10-8	2153-2155	un	
10-9	2156-2164	Filosofo	
10-10	2165-2167	nè	
10-11	2168-2171	più	
10-12	2172-2174	nè	
10-13	2175-2179	meno	
10-14	2180-2183	che	
10-15	2184-2188	alla	
10-16	2189-2192	sua	
10-17	2193-2197	Dama	
10-18	2197-2198	.	

#Text=Io vi confesso però, riprese a dir la Marchesa, che io, che son Donna, amo coloro, che intraprendono cose grandi e difficili.
11-1	2200-2202	Io	
11-2	2203-2205	vi	
11-3	2206-2214	confesso	
11-4	2215-2219	però	
11-5	2219-2220	,	
11-6	2221-2228	riprese	
11-7	2229-2230	a	
11-8	2231-2234	dir	
11-9	2235-2237	la	
11-10	2238-2246	Marchesa	
11-11	2246-2247	,	
11-12	2248-2251	che	
11-13	2252-2254	io	
11-14	2254-2255	,	
11-15	2256-2259	che	
11-16	2260-2263	son	
11-17	2264-2269	Donna	
11-18	2269-2270	,	
11-19	2271-2274	amo	
11-20	2275-2281	coloro	
11-21	2281-2282	,	
11-22	2283-2286	che	
11-23	2287-2300	intraprendono	
11-24	2301-2305	cose	
11-25	2306-2312	grandi	
11-26	2313-2314	e	
11-27	2315-2324	difficili	
11-28	2324-2325	.	

#Text=Non è egli appunto per questo, che noi prendiamo tanta parte nelle avventure degli Eroi?
12-1	2326-2329	Non	
12-2	2330-2331	è	
12-3	2332-2336	egli	
12-4	2337-2344	appunto	
12-5	2345-2348	per	
12-6	2349-2355	questo	
12-7	2355-2356	,	
12-8	2357-2360	che	
12-9	2361-2364	noi	
12-10	2365-2374	prendiamo	
12-11	2375-2380	tanta	
12-12	2381-2386	parte	
12-13	2387-2392	nelle	
12-14	2393-2402	avventure	
12-15	2403-2408	degli	
12-16	2409-2413	Eroi	
12-17	2413-2414	?	

#Text=L’ardire di questi Eroi della Filosofia â qualche cosa di aublime e di superiore.
13-1	2415-2416	L	
13-2	2416-2417	’	
13-3	2417-2423	ardire	
13-4	2424-2426	di	
13-5	2427-2433	questi	
13-6	2434-2438	Eroi	
13-7	2439-2444	della	
13-8	2445-2454	Filosofia	
13-9	2455-2456	â	
13-10	2457-2464	qualche	
13-11	2465-2469	cosa	
13-12	2470-2472	di	
13-13	2473-2480	aublime	
13-14	2481-2482	e	
13-15	2483-2485	di	
13-16	2486-2495	superiore	
13-17	2495-2496	.	

#Text=Se non attengono in tutto ciò che promettono, non debbon’eglino anch’essi risentirsi dell’umanità?
14-1	2497-2499	Se	
14-2	2500-2503	non	
14-3	2504-2513	attengono	
14-4	2514-2516	in	
14-5	2517-2522	tutto	
14-6	2523-2526	ciò	
14-7	2527-2530	che	
14-8	2531-2541	promettono	
14-9	2541-2542	,	
14-10	2543-2546	non	
14-11	2547-2553	debbon	
14-12	2553-2554	’	
14-13	2554-2560	eglino	
14-14	2561-2565	anch	
14-15	2565-2566	’	
14-16	2566-2570	essi	
14-17	2571-2581	risentirsi	
14-18	2582-2586	dell	
14-19	2586-2587	’	
14-20	2587-2594	umanità	
14-21	2594-2595	?	

#Text=D’altra parte quando mai gli avremo noi questi buoni sistemi, se si dee aspettar prima a saper tutti i fenomeni, come voi dite?
15-1	2596-2597	D	
15-2	2597-2598	’	
15-3	2598-2603	altra	
15-4	2604-2609	parte	
15-5	2610-2616	quando	
15-6	2617-2620	mai	
15-7	2621-2624	gli	
15-8	2625-2631	avremo	
15-9	2632-2635	noi	
15-10	2636-2642	questi	
15-11	2643-2648	buoni	
15-12	2649-2656	sistemi	
15-13	2656-2657	,	
15-14	2658-2660	se	
15-15	2661-2663	si	
15-16	2664-2667	dee	
15-17	2668-2676	aspettar	
15-18	2677-2682	prima	
15-19	2683-2684	a	
15-20	2685-2690	saper	
15-21	2691-2696	tutti	
15-22	2697-2698	i	
15-23	2699-2707	fenomeni	
15-24	2707-2708	,	
15-25	2709-2713	come	
15-26	2714-2717	voi	
15-27	2718-2722	dite	
15-28	2722-2723	?	

#Text=Eglino saranno almeno così rari tra noi, come i giuochi Secolari altra volta fra i Romani; Ed io non posso lusingarmi di viver tanto da vederne uno a’ giorni miei.
16-1	2724-2730	Eglino	
16-2	2731-2738	saranno	
16-3	2739-2745	almeno	
16-4	2746-2750	così	
16-5	2751-2755	rari	
16-6	2756-2759	tra	
16-7	2760-2763	noi	
16-8	2763-2764	,	
16-9	2765-2769	come	
16-10	2770-2771	i	
16-11	2772-2779	giuochi	
16-12	2780-2788	Secolari	
16-13	2789-2794	altra	
16-14	2795-2800	volta	
16-15	2801-2804	fra	
16-16	2805-2806	i	
16-17	2807-2813	Romani	
16-18	2813-2814	;	
16-19	2815-2817	Ed	
16-20	2818-2820	io	
16-21	2821-2824	non	
16-22	2825-2830	posso	
16-23	2831-2841	lusingarmi	
16-24	2842-2844	di	
16-25	2845-2850	viver	
16-26	2851-2856	tanto	
16-27	2857-2859	da	
16-28	2860-2867	vederne	
16-29	2868-2871	uno	
16-30	2872-2873	a	
16-31	2873-2874	’	
16-32	2875-2881	giorni	
16-33	2882-2886	miei	
16-34	2886-2887	.	

#Text=Farà dunque mestieri, che io mi contenti di quelli che abbiamo, quali essisi sieno.
17-1	2888-2892	Farà	
17-2	2893-2899	dunque	
17-3	2900-2908	mestieri	
17-4	2908-2909	,	
17-5	2910-2913	che	
17-6	2914-2916	io	
17-7	2917-2919	mi	
17-8	2920-2928	contenti	
17-9	2929-2931	di	
17-10	2932-2938	quelli	
17-11	2939-2942	che	
17-12	2943-2950	abbiamo	
17-13	2950-2951	,	
17-14	2952-2957	quali	
17-15	2958-2964	essisi	
17-16	2965-2970	sieno	
17-17	2970-2971	.	

#Text=Io credo, rispos’io, o Madama, che nessuno abbia avuto mai più speciose ragioni di voi per sentir follìe.
18-1	2972-2974	Io	
18-2	2975-2980	credo	
18-3	2980-2981	,	
18-4	2982-2988	rispos	
18-5	2988-2989	’	
18-6	2989-2991	io	
18-7	2991-2992	,	
18-8	2993-2994	o	
18-9	2995-3001	Madama	
18-10	3001-3002	,	
18-11	3003-3006	che	
18-12	3007-3014	nessuno	
18-13	3015-3020	abbia	
18-14	3021-3026	avuto	
18-15	3027-3030	mai	
18-16	3031-3034	più	
18-17	3035-3043	speciose	
18-18	3044-3051	ragioni	
18-19	3052-3054	di	
18-20	3055-3058	voi	
18-21	3059-3062	per	
18-22	3063-3069	sentir	
18-23	3070-3076	follìe	
18-24	3076-3077	.	

#Text=Bisognerà pur dunque che queste vostre ragioni vi vagliano.
19-1	3078-3087	Bisognerà	
19-2	3088-3091	pur	
19-3	3092-3098	dunque	
19-4	3099-3102	che	
19-5	3103-3109	queste	
19-6	3110-3116	vostre	
19-7	3117-3124	ragioni	
19-8	3125-3127	vi	
19-9	3128-3136	vagliano	
19-10	3136-3137	.	

#Text=Ma perchè io voglio esser più discreto con voi di quello che voi siate per avventura con me, volendo voi che noi perdiamo a ragionare quel tempo, che meglio a godere spenderebbesi; io non mi servirò del diritto, che mi darebbon’esse verso di voi per proporvi così a sangue freddo, se la Luce sia sostanza o accidente, o l’atto del pellucido in quanto egli è pellucido; se i colori sieno la prima figurazione della materia, o una certa fiammella, che sorge da’ corpi, le cui parti sono proporzionate alla vista.
20-1	3138-3140	Ma	
20-2	3141-3147	perchè	
20-3	3148-3150	io	
20-4	3151-3157	voglio	
20-5	3158-3163	esser	
20-6	3164-3167	più	
20-7	3168-3176	discreto	
20-8	3177-3180	con	
20-9	3181-3184	voi	
20-10	3185-3187	di	
20-11	3188-3194	quello	
20-12	3195-3198	che	
20-13	3199-3202	voi	
20-14	3203-3208	siate	
20-15	3209-3212	per	
20-16	3213-3222	avventura	
20-17	3223-3226	con	
20-18	3227-3229	me	
20-19	3229-3230	,	
20-20	3231-3238	volendo	
20-21	3239-3242	voi	
20-22	3243-3246	che	
20-23	3247-3250	noi	
20-24	3251-3259	perdiamo	
20-25	3260-3261	a	
20-26	3262-3271	ragionare	
20-27	3272-3276	quel	
20-28	3277-3282	tempo	
20-29	3282-3283	,	
20-30	3284-3287	che	
20-31	3288-3294	meglio	
20-32	3295-3296	a	
20-33	3297-3303	godere	
20-34	3304-3317	spenderebbesi	
20-35	3317-3318	;	
20-36	3319-3321	io	
20-37	3322-3325	non	
20-38	3326-3328	mi	
20-39	3329-3336	servirò	
20-40	3337-3340	del	
20-41	3341-3348	diritto	
20-42	3348-3349	,	
20-43	3350-3353	che	
20-44	3354-3356	mi	
20-45	3357-3365	darebbon	
20-46	3365-3366	’	
20-47	3366-3370	esse	
20-48	3371-3376	verso	
20-49	3377-3379	di	
20-50	3380-3383	voi	
20-51	3384-3387	per	
20-52	3388-3396	proporvi	
20-53	3397-3401	così	
20-54	3402-3403	a	
20-55	3404-3410	sangue	
20-56	3411-3417	freddo	
20-57	3417-3418	,	
20-58	3419-3421	se	
20-59	3422-3424	la	
20-60	3425-3429	Luce	
20-61	3430-3433	sia	
20-62	3434-3442	sostanza	
20-63	3443-3444	o	
20-64	3445-3454	accidente	
20-65	3454-3455	,	
20-66	3456-3457	o	
20-67	3458-3459	l	
20-68	3459-3460	’	
20-69	3460-3464	atto	
20-70	3465-3468	del	
20-71	3469-3478	pellucido	
20-72	3479-3481	in	
20-73	3482-3488	quanto	
20-74	3489-3493	egli	
20-75	3494-3495	è	
20-76	3496-3505	pellucido	
20-77	3505-3506	;	
20-78	3507-3509	se	
20-79	3510-3511	i	
20-80	3512-3518	colori	
20-81	3519-3524	sieno	
20-82	3525-3527	la	
20-83	3528-3533	prima	
20-84	3534-3545	figurazione	
20-85	3546-3551	della	
20-86	3552-3559	materia	
20-87	3559-3560	,	
20-88	3561-3562	o	
20-89	3563-3566	una	
20-90	3567-3572	certa	
20-91	3573-3582	fiammella	
20-92	3582-3583	,	
20-93	3584-3587	che	
20-94	3588-3593	sorge	
20-95	3594-3596	da	
20-96	3596-3597	’	
20-97	3598-3603	corpi	
20-98	3603-3604	,	
20-99	3605-3607	le	
20-100	3608-3611	cui	
20-101	3612-3617	parti	
20-102	3618-3622	sono	
20-103	3623-3636	proporzionate	
20-104	3637-3641	alla	
20-105	3642-3647	vista	
20-106	3647-3648	.	

#Text=Potrei ancora gravemente proporvi, acciocche veggiate quante cose io voglio risparmiarvi a un tratto, se la Luce o il suo spirito sia l’Anima, che mette Platone a collegare il Mondo sensibile coll’intelligibile tra le Idee e la Natura; e se perciò dia esso all’elemento del fuoco, seggio della Luce, la figura di piramide, che in certo modo conviene con quel sublime triangolo tanto misterioso, che è il simbolo di quell’Anima.
21-1	3649-3655	Potrei	
21-2	3656-3662	ancora	
21-3	3663-3673	gravemente	
21-4	3674-3682	proporvi	
21-5	3682-3683	,	
21-6	3684-3693	acciocche	
21-7	3694-3702	veggiate	
21-8	3703-3709	quante	
21-9	3710-3714	cose	
21-10	3715-3717	io	
21-11	3718-3724	voglio	
21-12	3725-3737	risparmiarvi	
21-13	3738-3739	a	
21-14	3740-3742	un	
21-15	3743-3749	tratto	
21-16	3749-3750	,	
21-17	3751-3753	se	
21-18	3754-3756	la	
21-19	3757-3761	Luce	
21-20	3762-3763	o	
21-21	3764-3766	il	
21-22	3767-3770	suo	
21-23	3771-3778	spirito	
21-24	3779-3782	sia	
21-25	3783-3784	l	
21-26	3784-3785	’	
21-27	3785-3790	Anima	
21-28	3790-3791	,	
21-29	3792-3795	che	
21-30	3796-3801	mette	
21-31	3802-3809	Platone	
21-32	3810-3811	a	
21-33	3812-3821	collegare	
21-34	3822-3824	il	
21-35	3825-3830	Mondo	
21-36	3831-3840	sensibile	
21-37	3841-3845	coll	
21-38	3845-3846	’	
21-39	3846-3859	intelligibile	
21-40	3860-3863	tra	
21-41	3864-3866	le	
21-42	3867-3871	Idee	
21-43	3872-3873	e	
21-44	3874-3876	la	
21-45	3877-3883	Natura	
21-46	3883-3884	;	
21-47	3885-3886	e	
21-48	3887-3889	se	
21-49	3890-3896	perciò	
21-50	3897-3900	dia	
21-51	3901-3905	esso	
21-52	3906-3909	all	
21-53	3909-3910	’	
21-54	3910-3918	elemento	
21-55	3919-3922	del	
21-56	3923-3928	fuoco	
21-57	3928-3929	,	
21-58	3930-3936	seggio	
21-59	3937-3942	della	
21-60	3943-3947	Luce	
21-61	3947-3948	,	
21-62	3949-3951	la	
21-63	3952-3958	figura	
21-64	3959-3961	di	
21-65	3962-3970	piramide	
21-66	3970-3971	,	
21-67	3972-3975	che	
21-68	3976-3978	in	
21-69	3979-3984	certo	
21-70	3985-3989	modo	
21-71	3990-3998	conviene	
21-72	3999-4002	con	
21-73	4003-4007	quel	
21-74	4008-4015	sublime	
21-75	4016-4025	triangolo	
21-76	4026-4031	tanto	
21-77	4032-4042	misterioso	
21-78	4042-4043	,	
21-79	4044-4047	che	
21-80	4048-4049	è	
21-81	4050-4052	il	
21-82	4053-4060	simbolo	
21-83	4061-4063	di	
21-84	4064-4069	quell	
21-85	4069-4070	’	
21-86	4070-4075	Anima	
21-87	4075-4076	.	

#Text=Vani enigmi della dotta ignoranza di molti secoli.
22-1	4077-4081	Vani	
22-2	4082-4088	enigmi	
22-3	4089-4094	della	
22-4	4095-4100	dotta	
22-5	4101-4110	ignoranza	
22-6	4111-4113	di	
22-7	4114-4119	molti	
22-8	4120-4126	secoli	
22-9	4126-4127	.	

#Text=E chi sa, se con altri che meco ve la potreste passare senza qualche Gotico pezzo di Dante, che in mezzo alla nostra ammirazione ci faria sbadigliare, e senza essere con quella Luce condotta a poco a poco in Teologia, o almeno senza la spiegazione del senso mistico della favola di Prometeo, che rubò la luce al Sole per animar la sua statua.
23-1	4128-4129	E	
23-2	4130-4133	chi	
23-3	4134-4136	sa	
23-4	4136-4137	,	
23-5	4138-4140	se	
23-6	4141-4144	con	
23-7	4145-4150	altri	
23-8	4151-4154	che	
23-9	4155-4159	meco	
23-10	4160-4162	ve	
23-11	4163-4165	la	
23-12	4166-4174	potreste	
23-13	4175-4182	passare	
23-14	4183-4188	senza	
23-15	4189-4196	qualche	
23-16	4197-4203	Gotico	
23-17	4204-4209	pezzo	
23-18	4210-4212	di	
23-19	4213-4218	Dante	
23-20	4218-4219	,	
23-21	4220-4223	che	
23-22	4224-4226	in	
23-23	4227-4232	mezzo	
23-24	4233-4237	alla	
23-25	4238-4244	nostra	
23-26	4245-4256	ammirazione	
23-27	4257-4259	ci	
23-28	4260-4265	faria	
23-29	4266-4277	sbadigliare	
23-30	4277-4278	,	
23-31	4279-4280	e	
23-32	4281-4286	senza	
23-33	4287-4293	essere	
23-34	4294-4297	con	
23-35	4298-4304	quella	
23-36	4305-4309	Luce	
23-37	4310-4318	condotta	
23-38	4319-4320	a	
23-39	4321-4325	poco	
23-40	4326-4327	a	
23-41	4328-4332	poco	
23-42	4333-4335	in	
23-43	4336-4344	Teologia	
23-44	4344-4345	,	
23-45	4346-4347	o	
23-46	4348-4354	almeno	
23-47	4355-4360	senza	
23-48	4361-4363	la	
23-49	4364-4375	spiegazione	
23-50	4376-4379	del	
23-51	4380-4385	senso	
23-52	4386-4393	mistico	
23-53	4394-4399	della	
23-54	4400-4406	favola	
23-55	4407-4409	di	
23-56	4410-4418	Prometeo	
23-57	4418-4419	,	
23-58	4420-4423	che	
23-59	4424-4428	rubò	
23-60	4429-4431	la	
23-61	4432-4436	luce	
23-62	4437-4439	al	
23-63	4440-4444	Sole	
23-64	4445-4448	per	
23-65	4449-4455	animar	
23-66	4456-4458	la	
23-67	4459-4462	sua	
23-68	4463-4469	statua	
23-69	4469-4470	.	

#Text=Secondo che io vedo, disse la Marchesa, e’ bisogna andar cauto co’ Filosofi, che sanno coglier vantaggio d’ogni cosa.
24-1	4472-4479	Secondo	
24-2	4480-4483	che	
24-3	4484-4486	io	
24-4	4487-4491	vedo	
24-5	4491-4492	,	
24-6	4493-4498	disse	
24-7	4499-4501	la	
24-8	4502-4510	Marchesa	
24-9	4510-4511	,	
24-10	4512-4513	e	
24-11	4513-4514	’	
24-12	4515-4522	bisogna	
24-13	4523-4528	andar	
24-14	4529-4534	cauto	
24-15	4535-4537	co	
24-16	4537-4538	’	
24-17	4539-4547	Filosofi	
24-18	4547-4548	,	
24-19	4549-4552	che	
24-20	4553-4558	sanno	
24-21	4559-4566	coglier	
24-22	4567-4576	vantaggio	
24-23	4577-4578	d	
24-24	4578-4579	’	
24-25	4579-4583	ogni	
24-26	4584-4588	cosa	
24-27	4588-4589	.	

#Text=Voi fate come i Tiranni, che contano fare altrui un gran benefizio, quando non gli an fatto male.
25-1	4590-4593	Voi	
25-2	4594-4598	fate	
25-3	4599-4603	come	
25-4	4604-4605	i	
25-5	4606-4613	Tiranni	
25-6	4613-4614	,	
25-7	4615-4618	che	
25-8	4619-4626	contano	
25-9	4627-4631	fare	
25-10	4632-4638	altrui	
25-11	4639-4641	un	
25-12	4642-4646	gran	
25-13	4647-4656	benefizio	
25-14	4656-4657	,	
25-15	4658-4664	quando	
25-16	4665-4668	non	
25-17	4669-4672	gli	
25-18	4673-4675	an	
25-19	4676-4681	fatto	
25-20	4682-4686	male	
25-21	4686-4687	.	

#Text=Ma io vi son ben tenuta, che mi vogliate risparmiar tutte queste belle cose, nelle quali io confesso di nulla intendere.
26-1	4688-4690	Ma	
26-2	4691-4693	io	
26-3	4694-4696	vi	
26-4	4697-4700	son	
26-5	4701-4704	ben	
26-6	4705-4711	tenuta	
26-7	4711-4712	,	
26-8	4713-4716	che	
26-9	4717-4719	mi	
26-10	4720-4728	vogliate	
26-11	4729-4739	risparmiar	
26-12	4740-4745	tutte	
26-13	4746-4752	queste	
26-14	4753-4758	belle	
26-15	4759-4763	cose	
26-16	4763-4764	,	
26-17	4765-4770	nelle	
26-18	4771-4776	quali	
26-19	4777-4779	io	
26-20	4780-4788	confesso	
26-21	4789-4791	di	
26-22	4792-4797	nulla	
26-23	4798-4807	intendere	
26-24	4807-4808	.	

#Text=Vediamo un poco, ripigliai io, se voi meglio intenderete ciò, che dissero alcuni più screti e più umani degli altri tra gli Antichi, i quali si forzarono di spiegar ogni cosa col voto e col movimento e colla figura di certi minimi corpicciuoli che chiamaron Atomi, ond’essi diedero alla loro Scuola il nome d’Atomisti, la più antica forse di tutte, e che tentò di novellamente al lume dell’eloquenza risorgere sulle rovine dell’Aristotelica, e in opposizione alla Cartesiana.
27-1	4810-4817	Vediamo	
27-2	4818-4820	un	
27-3	4821-4825	poco	
27-4	4825-4826	,	
27-5	4827-4836	ripigliai	
27-6	4837-4839	io	
27-7	4839-4840	,	
27-8	4841-4843	se	
27-9	4844-4847	voi	
27-10	4848-4854	meglio	
27-11	4855-4866	intenderete	
27-12	4867-4870	ciò	
27-13	4870-4871	,	
27-14	4872-4875	che	
27-15	4876-4883	dissero	
27-16	4884-4890	alcuni	
27-17	4891-4894	più	
27-18	4895-4901	screti	
27-19	4902-4903	e	
27-20	4904-4907	più	
27-21	4908-4913	umani	
27-22	4914-4919	degli	
27-23	4920-4925	altri	
27-24	4926-4929	tra	
27-25	4930-4933	gli	
27-26	4934-4941	Antichi	
27-27	4941-4942	,	
27-28	4943-4944	i	
27-29	4945-4950	quali	
27-30	4951-4953	si	
27-31	4954-4963	forzarono	
27-32	4964-4966	di	
27-33	4967-4974	spiegar	
27-34	4975-4979	ogni	
27-35	4980-4984	cosa	
27-36	4985-4988	col	
27-37	4989-4993	voto	
27-38	4994-4995	e	
27-39	4996-4999	col	
27-40	5000-5009	movimento	
27-41	5010-5011	e	
27-42	5012-5017	colla	
27-43	5018-5024	figura	
27-44	5025-5027	di	
27-45	5028-5033	certi	
27-46	5034-5040	minimi	
27-47	5041-5053	corpicciuoli	
27-48	5054-5057	che	
27-49	5058-5067	chiamaron	
27-50	5068-5073	Atomi	
27-51	5073-5074	,	
27-52	5075-5078	ond	
27-53	5078-5079	’	
27-54	5079-5083	essi	
27-55	5084-5091	diedero	
27-56	5092-5096	alla	
27-57	5097-5101	loro	
27-58	5102-5108	Scuola	
27-59	5109-5111	il	
27-60	5112-5116	nome	
27-61	5117-5118	d	
27-62	5118-5119	’	
27-63	5119-5127	Atomisti	
27-64	5127-5128	,	
27-65	5129-5131	la	
27-66	5132-5135	più	
27-67	5136-5142	antica	
27-68	5143-5148	forse	
27-69	5149-5151	di	
27-70	5152-5157	tutte	
27-71	5157-5158	,	
27-72	5159-5160	e	
27-73	5161-5164	che	
27-74	5165-5170	tentò	
27-75	5171-5173	di	
27-76	5174-5186	novellamente	
27-77	5187-5189	al	
27-78	5190-5194	lume	
27-79	5195-5199	dell	
27-80	5199-5200	’	
27-81	5200-5209	eloquenza	
27-82	5210-5219	risorgere	
27-83	5220-5225	sulle	
27-84	5226-5232	rovine	
27-85	5233-5237	dell	
27-86	5237-5238	’	
27-87	5238-5250	Aristotelica	
27-88	5250-5251	,	
27-89	5252-5253	e	
27-90	5254-5256	in	
27-91	5257-5268	opposizione	
27-92	5269-5273	alla	
27-93	5274-5284	Cartesiana	
27-94	5284-5285	.	

#Text=Costoro dissero la luce, a cagion d’esempio, del Sole altro non essere che una perenne, e copiosa corrente di picciolissime particelle o atomi, che da esso Sole scaturiscono, e con una incredibile velocità si spargono per ogni verso, riempiendo tutti i vasti ed immensi tratti del Cielo; cosicchè il lume sia sempre seguito da un nuovo lume, e un raggio sia come spinto da un nuovo raggio.
28-1	5286-5293	Costoro	
28-2	5294-5301	dissero	
28-3	5302-5304	la	
28-4	5305-5309	luce	
28-5	5309-5310	,	
28-6	5311-5312	a	
28-7	5313-5319	cagion	
28-8	5320-5321	d	
28-9	5321-5322	’	
28-10	5322-5329	esempio	
28-11	5329-5330	,	
28-12	5331-5334	del	
28-13	5335-5339	Sole	
28-14	5340-5345	altro	
28-15	5346-5349	non	
28-16	5350-5356	essere	
28-17	5357-5360	che	
28-18	5361-5364	una	
28-19	5365-5372	perenne	
28-20	5372-5373	,	
28-21	5374-5375	e	
28-22	5376-5383	copiosa	
28-23	5384-5392	corrente	
28-24	5393-5395	di	
28-25	5396-5409	picciolissime	
28-26	5410-5420	particelle	
28-27	5421-5422	o	
28-28	5423-5428	atomi	
28-29	5428-5429	,	
28-30	5430-5433	che	
28-31	5434-5436	da	
28-32	5437-5441	esso	
28-33	5442-5446	Sole	
28-34	5447-5459	scaturiscono	
28-35	5459-5460	,	
28-36	5461-5462	e	
28-37	5463-5466	con	
28-38	5467-5470	una	
28-39	5471-5482	incredibile	
28-40	5483-5491	velocità	
28-41	5492-5494	si	
28-42	5495-5503	spargono	
28-43	5504-5507	per	
28-44	5508-5512	ogni	
28-45	5513-5518	verso	
28-46	5518-5519	,	
28-47	5520-5530	riempiendo	
28-48	5531-5536	tutti	
28-49	5537-5538	i	
28-50	5539-5544	vasti	
28-51	5545-5547	ed	
28-52	5548-5555	immensi	
28-53	5556-5562	tratti	
28-54	5563-5566	del	
28-55	5567-5572	Cielo	
28-56	5572-5573	;	
28-57	5574-5582	cosicchè	
28-58	5583-5585	il	
28-59	5586-5590	lume	
28-60	5591-5594	sia	
28-61	5595-5601	sempre	
28-62	5602-5609	seguito	
28-63	5610-5612	da	
28-64	5613-5615	un	
28-65	5616-5621	nuovo	
28-66	5622-5626	lume	
28-67	5626-5627	,	
28-68	5628-5629	e	
28-69	5630-5632	un	
28-70	5633-5639	raggio	
28-71	5640-5643	sia	
28-72	5644-5648	come	
28-73	5649-5655	spinto	
28-74	5656-5658	da	
28-75	5659-5661	un	
28-76	5662-5667	nuovo	
28-77	5668-5674	raggio	
28-78	5674-5675	.	

#Text=Ciò potrete agevolmente intendere colla similitudine di un fonte — Questo intendo io benissimo, rispose la Marchesa interrompendomi, senza il fonte: ma io temo forte, non questi vostri Atomisti, col far continuamente uscir tante particelle dal Sole, ci facciano alla fine un bel mezzodì restare al bujo.
29-1	5676-5679	Ciò	
29-2	5680-5687	potrete	
29-3	5688-5699	agevolmente	
29-4	5700-5709	intendere	
29-5	5710-5715	colla	
29-6	5716-5728	similitudine	
29-7	5729-5731	di	
29-8	5732-5734	un	
29-9	5735-5740	fonte	
29-10	5741-5742	—	
29-11	5743-5749	Questo	
29-12	5750-5757	intendo	
29-13	5758-5760	io	
29-14	5761-5770	benissimo	
29-15	5770-5771	,	
29-16	5772-5779	rispose	
29-17	5780-5782	la	
29-18	5783-5791	Marchesa	
29-19	5792-5807	interrompendomi	
29-20	5807-5808	,	
29-21	5809-5814	senza	
29-22	5815-5817	il	
29-23	5818-5823	fonte	
29-24	5823-5824	:	
29-25	5825-5827	ma	
29-26	5828-5830	io	
29-27	5831-5835	temo	
29-28	5836-5841	forte	
29-29	5841-5842	,	
29-30	5843-5846	non	
29-31	5847-5853	questi	
29-32	5854-5860	vostri	
29-33	5861-5869	Atomisti	
29-34	5869-5870	,	
29-35	5871-5874	col	
29-36	5875-5878	far	
29-37	5879-5892	continuamente	
29-38	5893-5898	uscir	
29-39	5899-5904	tante	
29-40	5905-5915	particelle	
29-41	5916-5919	dal	
29-42	5920-5924	Sole	
29-43	5924-5925	,	
29-44	5926-5928	ci	
29-45	5929-5937	facciano	
29-46	5938-5942	alla	
29-47	5943-5947	fine	
29-48	5948-5950	un	
29-49	5951-5954	bel	
29-50	5955-5962	mezzodì	
29-51	5963-5970	restare	
29-52	5971-5973	al	
29-53	5974-5978	bujo	
29-54	5978-5979	.	

#Text=Certamente, ripigliai io, questa sarebbe una brutta burla, che e’ ci farebbono, nella quale non vi saria che alcune belle, che per avventura guadagnassero, le quali sarebbon sempre viste a lume di candela.
30-1	5980-5990	Certamente	
30-2	5990-5991	,	
30-3	5992-6001	ripigliai	
30-4	6002-6004	io	
30-5	6004-6005	,	
30-6	6006-6012	questa	
30-7	6013-6020	sarebbe	
30-8	6021-6024	una	
30-9	6025-6031	brutta	
30-10	6032-6037	burla	
30-11	6037-6038	,	
30-12	6039-6042	che	
30-13	6043-6044	e	
30-14	6044-6045	’	
30-15	6046-6048	ci	
30-16	6049-6058	farebbono	
30-17	6058-6059	,	
30-18	6060-6065	nella	
30-19	6066-6071	quale	
30-20	6072-6075	non	
30-21	6076-6078	vi	
30-22	6079-6084	saria	
30-23	6085-6088	che	
30-24	6089-6095	alcune	
30-25	6096-6101	belle	
30-26	6101-6102	,	
30-27	6103-6106	che	
30-28	6107-6110	per	
30-29	6111-6120	avventura	
30-30	6121-6134	guadagnassero	
30-31	6134-6135	,	
30-32	6136-6138	le	
30-33	6139-6144	quali	
30-34	6145-6153	sarebbon	
30-35	6154-6160	sempre	
30-36	6161-6166	viste	
30-37	6167-6168	a	
30-38	6169-6173	lume	
30-39	6174-6176	di	
30-40	6177-6184	candela	
30-41	6184-6185	.	

#Text=Ma non dubitate.
31-1	6186-6188	Ma	
31-2	6189-6192	non	
31-3	6193-6201	dubitate	
31-4	6201-6202	.	

#Text=I cangiamenti di questa importanza vogliono più tempo assai che il cangiamento di una Monarchia: e poi questi Atomisti ci assicurano in modo, che e’ saria quasi vergogna il temere.
32-1	6203-6204	I	
32-2	6205-6216	cangiamenti	
32-3	6217-6219	di	
32-4	6220-6226	questa	
32-5	6227-6237	importanza	
32-6	6238-6246	vogliono	
32-7	6247-6250	più	
32-8	6251-6256	tempo	
32-9	6257-6262	assai	
32-10	6263-6266	che	
32-11	6267-6269	il	
32-12	6270-6281	cangiamento	
32-13	6282-6284	di	
32-14	6285-6288	una	
32-15	6289-6298	Monarchia	
32-16	6298-6299	:	
32-17	6300-6301	e	
32-18	6302-6305	poi	
32-19	6306-6312	questi	
32-20	6313-6321	Atomisti	
32-21	6322-6324	ci	
32-22	6325-6335	assicurano	
32-23	6336-6338	in	
32-24	6339-6343	modo	
32-25	6343-6344	,	
32-26	6345-6348	che	
32-27	6349-6350	e	
32-28	6350-6351	’	
32-29	6352-6357	saria	
32-30	6358-6363	quasi	
32-31	6364-6372	vergogna	
32-32	6373-6375	il	
32-33	6376-6382	temere	
32-34	6382-6383	.	

#Text=Primieramente, dicon’essi, la tenuità e picciolezza incredibile delle particelle, ch’escon dal Sole, il qual Sole ve lo faranno d’una materia così densa e stretta insieme come vorrete più, non dee produrre in esso anche in lunghissimo tempo che una picciolissima diminuzione.
33-1	6384-6397	Primieramente	
33-2	6397-6398	,	
33-3	6399-6404	dicon	
33-4	6404-6405	’	
33-5	6405-6409	essi	
33-6	6409-6410	,	
33-7	6411-6413	la	
33-8	6414-6421	tenuità	
33-9	6422-6423	e	
33-10	6424-6435	picciolezza	
33-11	6436-6447	incredibile	
33-12	6448-6453	delle	
33-13	6454-6464	particelle	
33-14	6464-6465	,	
33-15	6466-6468	ch	
33-16	6468-6469	’	
33-17	6469-6474	escon	
33-18	6475-6478	dal	
33-19	6479-6483	Sole	
33-20	6483-6484	,	
33-21	6485-6487	il	
33-22	6488-6492	qual	
33-23	6493-6497	Sole	
33-24	6498-6500	ve	
33-25	6501-6503	lo	
33-26	6504-6511	faranno	
33-27	6512-6513	d	
33-28	6513-6514	’	
33-29	6514-6517	una	
33-30	6518-6525	materia	
33-31	6526-6530	così	
33-32	6531-6536	densa	
33-33	6537-6538	e	
33-34	6539-6546	stretta	
33-35	6547-6554	insieme	
33-36	6555-6559	come	
33-37	6560-6567	vorrete	
33-38	6568-6571	più	
33-39	6571-6572	,	
33-40	6573-6576	non	
33-41	6577-6580	dee	
33-42	6581-6589	produrre	
33-43	6590-6592	in	
33-44	6593-6597	esso	
33-45	6598-6603	anche	
33-46	6604-6606	in	
33-47	6607-6618	lunghissimo	
33-48	6619-6624	tempo	
33-49	6625-6628	che	
33-50	6629-6632	una	
33-51	6633-6646	picciolissima	
33-52	6647-6658	diminuzione	
33-53	6658-6659	.	

#Text=E questo si potria confermare, per assicurarvi maggiormente, coll’esempio di un picciol granello di colore, il qual bastante è a tingere una grandissima quantità di acqua, acciocchè vedeste a qual sottigliezza si possan ridurre le parti della materia, coll’esempio de’ corpi odorosi, come d’un grano di muschio, da cui benchè continuamente esca una quantità prodigiosa di particelle, che ne fan sentir quel forte & acuto odore valevole a privar di moto in certa distanza, e addormentar serpenti d’una mostruosa grandezza; egli però non perde anco in un tempo considerabile che pochissimo del suo peso.
34-1	6660-6661	E	
34-2	6662-6668	questo	
34-3	6669-6671	si	
34-4	6672-6678	potria	
34-5	6679-6689	confermare	
34-6	6689-6690	,	
34-7	6691-6694	per	
34-8	6695-6706	assicurarvi	
34-9	6707-6719	maggiormente	
34-10	6719-6720	,	
34-11	6721-6725	coll	
34-12	6725-6726	’	
34-13	6726-6733	esempio	
34-14	6734-6736	di	
34-15	6737-6739	un	
34-16	6740-6747	picciol	
34-17	6748-6756	granello	
34-18	6757-6759	di	
34-19	6760-6766	colore	
34-20	6766-6767	,	
34-21	6768-6770	il	
34-22	6771-6775	qual	
34-23	6776-6784	bastante	
34-24	6785-6786	è	
34-25	6787-6788	a	
34-26	6789-6796	tingere	
34-27	6797-6800	una	
34-28	6801-6812	grandissima	
34-29	6813-6821	quantità	
34-30	6822-6824	di	
34-31	6825-6830	acqua	
34-32	6830-6831	,	
34-33	6832-6841	acciocchè	
34-34	6842-6849	vedeste	
34-35	6850-6851	a	
34-36	6852-6856	qual	
34-37	6857-6869	sottigliezza	
34-38	6870-6872	si	
34-39	6873-6879	possan	
34-40	6880-6887	ridurre	
34-41	6888-6890	le	
34-42	6891-6896	parti	
34-43	6897-6902	della	
34-44	6903-6910	materia	
34-45	6910-6911	,	
34-46	6912-6916	coll	
34-47	6916-6917	’	
34-48	6917-6924	esempio	
34-49	6925-6927	de	
34-50	6927-6928	’	
34-51	6929-6934	corpi	
34-52	6935-6942	odorosi	
34-53	6942-6943	,	
34-54	6944-6948	come	
34-55	6949-6950	d	
34-56	6950-6951	’	
34-57	6951-6953	un	
34-58	6954-6959	grano	
34-59	6960-6962	di	
34-60	6963-6970	muschio	
34-61	6970-6971	,	
34-62	6972-6974	da	
34-63	6975-6978	cui	
34-64	6979-6985	benchè	
34-65	6986-6999	continuamente	
34-66	7000-7004	esca	
34-67	7005-7008	una	
34-68	7009-7017	quantità	
34-69	7018-7028	prodigiosa	
34-70	7029-7031	di	
34-71	7032-7042	particelle	
34-72	7042-7043	,	
34-73	7044-7047	che	
34-74	7048-7050	ne	
34-75	7051-7054	fan	
34-76	7055-7061	sentir	
34-77	7062-7066	quel	
34-78	7067-7072	forte	
34-79	7073-7074	&	
34-80	7075-7080	acuto	
34-81	7081-7086	odore	
34-82	7087-7095	valevole	
34-83	7096-7097	a	
34-84	7098-7104	privar	
34-85	7105-7107	di	
34-86	7108-7112	moto	
34-87	7113-7115	in	
34-88	7116-7121	certa	
34-89	7122-7130	distanza	
34-90	7130-7131	,	
34-91	7132-7133	e	
34-92	7134-7145	addormentar	
34-93	7146-7154	serpenti	
34-94	7155-7156	d	
34-95	7156-7157	’	
34-96	7157-7160	una	
34-97	7161-7170	mostruosa	
34-98	7171-7180	grandezza	
34-99	7180-7181	;	
34-100	7182-7186	egli	
34-101	7187-7191	però	
34-102	7192-7195	non	
34-103	7196-7201	perde	
34-104	7202-7206	anco	
34-105	7207-7209	in	
34-106	7210-7212	un	
34-107	7213-7218	tempo	
34-108	7219-7232	considerabile	
34-109	7233-7236	che	
34-110	7237-7247	pochissimo	
34-111	7248-7251	del	
34-112	7252-7255	suo	
34-113	7256-7260	peso	
34-114	7260-7261	.	

#Text=E una pastiglia ambrata, uno de’ piaceri di quelle Dame, cui la Natura diè il naso per odorare, non perde in processo di tempo quasi nulla del suo delizioso odore.
35-1	7262-7263	E	
35-2	7264-7267	una	
35-3	7268-7277	pastiglia	
35-4	7278-7285	ambrata	
35-5	7285-7286	,	
35-6	7287-7290	uno	
35-7	7291-7293	de	
35-8	7293-7294	’	
35-9	7295-7302	piaceri	
35-10	7303-7305	di	
35-11	7306-7312	quelle	
35-12	7313-7317	Dame	
35-13	7317-7318	,	
35-14	7319-7322	cui	
35-15	7323-7325	la	
35-16	7326-7332	Natura	
35-17	7333-7336	diè	
35-18	7337-7339	il	
35-19	7340-7344	naso	
35-20	7345-7348	per	
35-21	7349-7356	odorare	
35-22	7356-7357	,	
35-23	7358-7361	non	
35-24	7362-7367	perde	
35-25	7368-7370	in	
35-26	7371-7379	processo	
35-27	7380-7382	di	
35-28	7383-7388	tempo	
35-29	7389-7394	quasi	
35-30	7395-7400	nulla	
35-31	7401-7404	del	
35-32	7405-7408	suo	
35-33	7409-7418	delizioso	
35-34	7419-7424	odore	
35-35	7424-7425	.	

#Text=Dal passar poi che fa il lume attraverso i corpi più densi, come sono il diamante, e l’oro, quando egli è ridotto in sottili lame, non si può dedurre che una grandissima ed incredibil sottigliezza nelle particelle della luce.
36-1	7426-7429	Dal	
36-2	7430-7436	passar	
36-3	7437-7440	poi	
36-4	7441-7444	che	
36-5	7445-7447	fa	
36-6	7448-7450	il	
36-7	7451-7455	lume	
36-8	7456-7466	attraverso	
36-9	7467-7468	i	
36-10	7469-7474	corpi	
36-11	7475-7478	più	
36-12	7479-7484	densi	
36-13	7484-7485	,	
36-14	7486-7490	come	
36-15	7491-7495	sono	
36-16	7496-7498	il	
36-17	7499-7507	diamante	
36-18	7507-7508	,	
36-19	7509-7510	e	
36-20	7511-7512	l	
36-21	7512-7513	’	
36-22	7513-7516	oro	
36-23	7516-7517	,	
36-24	7518-7524	quando	
36-25	7525-7529	egli	
36-26	7530-7531	è	
36-27	7532-7539	ridotto	
36-28	7540-7542	in	
36-29	7543-7550	sottili	
36-30	7551-7555	lame	
36-31	7555-7556	,	
36-32	7557-7560	non	
36-33	7561-7563	si	
36-34	7564-7567	può	
36-35	7568-7575	dedurre	
36-36	7576-7579	che	
36-37	7580-7583	una	
36-38	7584-7595	grandissima	
36-39	7596-7598	ed	
36-40	7599-7609	incredibil	
36-41	7610-7622	sottigliezza	
36-42	7623-7628	nelle	
36-43	7629-7639	particelle	
36-44	7640-7645	della	
36-45	7646-7650	luce	
36-46	7650-7651	.	

#Text=Tutto va bene, replicò la Marchesa, ma quell’uscir continuamente dal Sole tanta luce, quanta ne bisogna per riempire ed illuminar tutto questo Mondo, mi fa, vi confesso, malgrado il vostro muschio, il vostro diamante, e le vostre pastiglie ancor paura.
37-1	7652-7657	Tutto	
37-2	7658-7660	va	
37-3	7661-7665	bene	
37-4	7665-7666	,	
37-5	7667-7674	replicò	
37-6	7675-7677	la	
37-7	7678-7686	Marchesa	
37-8	7686-7687	,	
37-9	7688-7690	ma	
37-10	7691-7696	quell	
37-11	7696-7697	’	
37-12	7697-7702	uscir	
37-13	7703-7716	continuamente	
37-14	7717-7720	dal	
37-15	7721-7725	Sole	
37-16	7726-7731	tanta	
37-17	7732-7736	luce	
37-18	7736-7737	,	
37-19	7738-7744	quanta	
37-20	7745-7747	ne	
37-21	7748-7755	bisogna	
37-22	7756-7759	per	
37-23	7760-7768	riempire	
37-24	7769-7771	ed	
37-25	7772-7781	illuminar	
37-26	7782-7787	tutto	
37-27	7788-7794	questo	
37-28	7795-7800	Mondo	
37-29	7800-7801	,	
37-30	7802-7804	mi	
37-31	7805-7807	fa	
37-32	7807-7808	,	
37-33	7809-7811	vi	
37-34	7812-7820	confesso	
37-35	7820-7821	,	
37-36	7822-7830	malgrado	
37-37	7831-7833	il	
37-38	7834-7840	vostro	
37-39	7841-7848	muschio	
37-40	7848-7849	,	
37-41	7850-7852	il	
37-42	7853-7859	vostro	
37-43	7860-7868	diamante	
37-44	7868-7869	,	
37-45	7870-7871	e	
37-46	7872-7874	le	
37-47	7875-7881	vostre	
37-48	7882-7891	pastiglie	
37-49	7892-7897	ancor	
37-50	7898-7903	paura	
37-51	7903-7904	.	

#Text=Non inclinereste già voi, replicai io, alla dotta maninconia degli abitatori dell’Isola volante del Dottor Swift, il quale nelle più poetiche allegorie del Mondo ci â dato la più filosofica satira della Natura umana?
38-1	7906-7909	Non	
38-2	7910-7922	inclinereste	
38-3	7923-7926	già	
38-4	7927-7930	voi	
38-5	7930-7931	,	
38-6	7932-7940	replicai	
38-7	7941-7943	io	
38-8	7943-7944	,	
38-9	7945-7949	alla	
38-10	7950-7955	dotta	
38-11	7956-7966	maninconia	
38-12	7967-7972	degli	
38-13	7973-7982	abitatori	
38-14	7983-7987	dell	
38-15	7987-7988	’	
38-16	7988-7993	Isola	
38-17	7994-8001	volante	
38-18	8002-8005	del	
38-19	8006-8012	Dottor	
38-20	8013-8018	Swift	
38-21	8018-8019	,	
38-22	8020-8022	il	
38-23	8023-8028	quale	
38-24	8029-8034	nelle	
38-25	8035-8038	più	
38-26	8039-8047	poetiche	
38-27	8048-8057	allegorie	
38-28	8058-8061	del	
38-29	8062-8067	Mondo	
38-30	8068-8070	ci	
38-31	8071-8072	â	
38-32	8073-8077	dato	
38-33	8078-8080	la	
38-34	8081-8084	più	
38-35	8085-8095	filosofica	
38-36	8096-8102	satira	
38-37	8103-8108	della	
38-38	8109-8115	Natura	
38-39	8116-8121	umana	
38-40	8121-8122	?	

#Text=Questa sua Isola, detta nel linguaggio del Paese Laputa, siccome differente ella è da quante sono state fin ora da’ nostri Viaggiatori scoperte, così pure da una specie singolare d’uomini ella è abitata.
39-1	8123-8129	Questa	
39-2	8130-8133	sua	
39-3	8134-8139	Isola	
39-4	8139-8140	,	
39-5	8141-8146	detta	
39-6	8147-8150	nel	
39-7	8151-8161	linguaggio	
39-8	8162-8165	del	
39-9	8166-8171	Paese	
39-10	8172-8178	Laputa	
39-11	8178-8179	,	
39-12	8180-8187	siccome	
39-13	8188-8198	differente	
39-14	8199-8203	ella	
39-15	8204-8205	è	
39-16	8206-8208	da	
39-17	8209-8215	quante	
39-18	8216-8220	sono	
39-19	8221-8226	state	
39-20	8227-8230	fin	
39-21	8231-8234	ora	
39-22	8235-8237	da	
39-23	8237-8238	’	
39-24	8239-8245	nostri	
39-25	8246-8257	Viaggiatori	
39-26	8258-8266	scoperte	
39-27	8266-8267	,	
39-28	8268-8272	così	
39-29	8273-8277	pure	
39-30	8278-8280	da	
39-31	8281-8284	una	
39-32	8285-8291	specie	
39-33	8292-8301	singolare	
39-34	8302-8303	d	
39-35	8303-8304	’	
39-36	8304-8310	uomini	
39-37	8311-8315	ella	
39-38	8316-8317	è	
39-39	8318-8325	abitata	
39-40	8325-8326	.	

#Text=Raccolti mai sempre in se stessi, e immersi nelle più cupe meditazioni non respirano che tristezza e Matematica, ed an bisogno d’aver sempre allato un destatore, che con una vescica percuotendoli, a questa vita di tratto in tratto li richiami.
40-1	8327-8335	Raccolti	
40-2	8336-8339	mai	
40-3	8340-8346	sempre	
40-4	8347-8349	in	
40-5	8350-8352	se	
40-6	8353-8359	stessi	
40-7	8359-8360	,	
40-8	8361-8362	e	
40-9	8363-8370	immersi	
40-10	8371-8376	nelle	
40-11	8377-8380	più	
40-12	8381-8385	cupe	
40-13	8386-8397	meditazioni	
40-14	8398-8401	non	
40-15	8402-8411	respirano	
40-16	8412-8415	che	
40-17	8416-8425	tristezza	
40-18	8426-8427	e	
40-19	8428-8438	Matematica	
40-20	8438-8439	,	
40-21	8440-8442	ed	
40-22	8443-8445	an	
40-23	8446-8453	bisogno	
40-24	8454-8455	d	
40-25	8455-8456	’	
40-26	8456-8460	aver	
40-27	8461-8467	sempre	
40-28	8468-8474	allato	
40-29	8475-8477	un	
40-30	8478-8487	destatore	
40-31	8487-8488	,	
40-32	8489-8492	che	
40-33	8493-8496	con	
40-34	8497-8500	una	
40-35	8501-8508	vescica	
40-36	8509-8522	percuotendoli	
40-37	8522-8523	,	
40-38	8524-8525	a	
40-39	8526-8532	questa	
40-40	8533-8537	vita	
40-41	8538-8540	di	
40-42	8541-8547	tratto	
40-43	8548-8550	in	
40-44	8551-8557	tratto	
40-45	8558-8560	li	
40-46	8561-8569	richiami	
40-47	8569-8570	.	

#Text=La scienza loro li riempie di spasimi e di paure, dalle quali è libero il volgo mercè la sua felice ignoranza.
41-1	8571-8573	La	
41-2	8574-8581	scienza	
41-3	8582-8586	loro	
41-4	8587-8589	li	
41-5	8590-8597	riempie	
41-6	8598-8600	di	
41-7	8601-8608	spasimi	
41-8	8609-8610	e	
41-9	8611-8613	di	
41-10	8614-8619	paure	
41-11	8619-8620	,	
41-12	8621-8626	dalle	
41-13	8627-8632	quali	
41-14	8633-8634	è	
41-15	8635-8641	libero	
41-16	8642-8644	il	
41-17	8645-8650	volgo	
41-18	8651-8656	mercè	
41-19	8657-8659	la	
41-20	8660-8663	sua	
41-21	8664-8670	felice	
41-22	8671-8680	ignoranza	
41-23	8680-8681	.	

#Text=Temono che una Cometa, che si avvicini un po’ troppo alla Terra, non ci riduca in un pugno di cenere: che il Sole un giorno o l’altro non c’inghiottisca, o che esaurendosi alla fine quella immensa miniera di luce e di calore, non restiamo inviluppati ed immersi in una profonda, ed eterna notte.
42-1	8682-8688	Temono	
42-2	8689-8692	che	
42-3	8693-8696	una	
42-4	8697-8703	Cometa	
42-5	8703-8704	,	
42-6	8705-8708	che	
42-7	8709-8711	si	
42-8	8712-8720	avvicini	
42-9	8721-8723	un	
42-10	8724-8726	po	
42-11	8726-8727	’	
42-12	8728-8734	troppo	
42-13	8735-8739	alla	
42-14	8740-8745	Terra	
42-15	8745-8746	,	
42-16	8747-8750	non	
42-17	8751-8753	ci	
42-18	8754-8760	riduca	
42-19	8761-8763	in	
42-20	8764-8766	un	
42-21	8767-8772	pugno	
42-22	8773-8775	di	
42-23	8776-8782	cenere	
42-24	8782-8783	:	
42-25	8784-8787	che	
42-26	8788-8790	il	
42-27	8791-8795	Sole	
42-28	8796-8798	un	
42-29	8799-8805	giorno	
42-30	8806-8807	o	
42-31	8808-8809	l	
42-32	8809-8810	’	
42-33	8810-8815	altro	
42-34	8816-8819	non	
42-35	8820-8821	c	
42-36	8821-8822	’	
42-37	8822-8834	inghiottisca	
42-38	8834-8835	,	
42-39	8836-8837	o	
42-40	8838-8841	che	
42-41	8842-8853	esaurendosi	
42-42	8854-8858	alla	
42-43	8859-8863	fine	
42-44	8864-8870	quella	
42-45	8871-8878	immensa	
42-46	8879-8886	miniera	
42-47	8887-8889	di	
42-48	8890-8894	luce	
42-49	8895-8896	e	
42-50	8897-8899	di	
42-51	8900-8906	calore	
42-52	8906-8907	,	
42-53	8908-8911	non	
42-54	8912-8920	restiamo	
42-55	8921-8932	inviluppati	
42-56	8933-8935	ed	
42-57	8936-8943	immersi	
42-58	8944-8946	in	
42-59	8947-8950	una	
42-60	8951-8959	profonda	
42-61	8959-8960	,	
42-62	8961-8963	ed	
42-63	8964-8970	eterna	
42-64	8971-8976	notte	
42-65	8976-8977	.	

#Text=Non si direbbe egli, o Madama, sentir voi un poco ne’ vostri timori della Scuola Lapuziana?
43-1	8978-8981	Non	
43-2	8982-8984	si	
43-3	8985-8992	direbbe	
43-4	8993-8997	egli	
43-5	8997-8998	,	
43-6	8999-9000	o	
43-7	9001-9007	Madama	
43-8	9007-9008	,	
43-9	9009-9015	sentir	
43-10	9016-9019	voi	
43-11	9020-9022	un	
43-12	9023-9027	poco	
43-13	9028-9030	ne	
43-14	9030-9031	’	
43-15	9032-9038	vostri	
43-16	9039-9045	timori	
43-17	9046-9051	della	
43-18	9052-9058	Scuola	
43-19	9059-9068	Lapuziana	
43-20	9068-9069	?	

#Text=Per lo Destatore, rispos’ella, sopra tutto allora che farò con voi; io non ne sentirò nè poco, nè molto.
44-1	9070-9073	Per	
44-2	9074-9076	lo	
44-3	9077-9086	Destatore	
44-4	9086-9087	,	
44-5	9088-9094	rispos	
44-6	9094-9095	’	
44-7	9095-9099	ella	
44-8	9099-9100	,	
44-9	9101-9106	sopra	
44-10	9107-9112	tutto	
44-11	9113-9119	allora	
44-12	9120-9123	che	
44-13	9124-9128	farò	
44-14	9129-9132	con	
44-15	9133-9136	voi	
44-16	9136-9137	;	
44-17	9138-9140	io	
44-18	9141-9144	non	
44-19	9145-9147	ne	
44-20	9148-9155	sentirò	
44-21	9156-9158	nè	
44-22	9159-9163	poco	
44-23	9163-9164	,	
44-24	9165-9167	nè	
44-25	9168-9173	molto	
44-26	9173-9174	.	

#Text=Ma la terribil minaccia d’una notte eterna non vi par egli forse che meriti un po’ di timore?
45-1	9175-9177	Ma	
45-2	9178-9180	la	
45-3	9181-9189	terribil	
45-4	9190-9198	minaccia	
45-5	9199-9200	d	
45-6	9200-9201	’	
45-7	9201-9204	una	
45-8	9205-9210	notte	
45-9	9211-9217	eterna	
45-10	9218-9221	non	
45-11	9222-9224	vi	
45-12	9225-9228	par	
45-13	9229-9233	egli	
45-14	9234-9239	forse	
45-15	9240-9243	che	
45-16	9244-9250	meriti	
45-17	9251-9253	un	
45-18	9254-9256	po	
45-19	9256-9257	’	
45-20	9258-9260	di	
45-21	9261-9267	timore	
45-22	9267-9268	?	

#Text=E non dovreste voi anzi sapermi buon grado, che io prenda tanta parte nella Luce, che è pure il vostro Eroe?
46-1	9269-9270	E	
46-2	9271-9274	non	
46-3	9275-9283	dovreste	
46-4	9284-9287	voi	
46-5	9288-9292	anzi	
46-6	9293-9300	sapermi	
46-7	9301-9305	buon	
46-8	9306-9311	grado	
46-9	9311-9312	,	
46-10	9313-9316	che	
46-11	9317-9319	io	
46-12	9320-9326	prenda	
46-13	9327-9332	tanta	
46-14	9333-9338	parte	
46-15	9339-9344	nella	
46-16	9345-9349	Luce	
46-17	9349-9350	,	
46-18	9351-9354	che	
46-19	9355-9356	è	
46-20	9357-9361	pure	
46-21	9362-9364	il	
46-22	9365-9371	vostro	
46-23	9372-9376	Eroe	
46-24	9376-9377	?	

#Text=Egli saria vergognoso, che io m’impegnassi più per essa, e l’amassi meglio che non fate per avventura voi stesso.
47-1	9378-9382	Egli	
47-2	9383-9388	saria	
47-3	9389-9399	vergognoso	
47-4	9399-9400	,	
47-5	9401-9404	che	
47-6	9405-9407	io	
47-7	9408-9409	m	
47-8	9409-9410	’	
47-9	9410-9420	impegnassi	
47-10	9421-9424	più	
47-11	9425-9428	per	
47-12	9429-9433	essa	
47-13	9433-9434	,	
47-14	9435-9436	e	
47-15	9437-9438	l	
47-16	9438-9439	’	
47-17	9439-9445	amassi	
47-18	9446-9452	meglio	
47-19	9453-9456	che	
47-20	9457-9460	non	
47-21	9461-9465	fate	
47-22	9466-9469	per	
47-23	9470-9479	avventura	
47-24	9480-9483	voi	
47-25	9484-9490	stesso	
47-26	9490-9491	.	

#Text=Vedete, o Madama, soggiuns’io, se cotesti Atomisti an pensato a’ vostri amori, ed alla vostra quiete.
48-1	9492-9498	Vedete	
48-2	9498-9499	,	
48-3	9500-9501	o	
48-4	9502-9508	Madama	
48-5	9508-9509	,	
48-6	9510-9518	soggiuns	
48-7	9518-9519	’	
48-8	9519-9521	io	
48-9	9521-9522	,	
48-10	9523-9525	se	
48-11	9526-9533	cotesti	
48-12	9534-9542	Atomisti	
48-13	9543-9545	an	
48-14	9546-9553	pensato	
48-15	9554-9555	a	
48-16	9555-9556	’	
48-17	9557-9563	vostri	
48-18	9564-9569	amori	
48-19	9569-9570	,	
48-20	9571-9573	ed	
48-21	9574-9578	alla	
48-22	9579-9585	vostra	
48-23	9586-9592	quiete	
48-24	9592-9593	.	

#Text=Vi troveranno così su due piedi di che reclutare il Sole con quella facilità, che dee avere un Filosofo, che fa servir la Natura a’ suoi bisogni.
49-1	9594-9596	Vi	
49-2	9597-9607	troveranno	
49-3	9608-9612	così	
49-4	9613-9615	su	
49-5	9616-9619	due	
49-6	9620-9625	piedi	
49-7	9626-9628	di	
49-8	9629-9632	che	
49-9	9633-9642	reclutare	
49-10	9643-9645	il	
49-11	9646-9650	Sole	
49-12	9651-9654	con	
49-13	9655-9661	quella	
49-14	9662-9670	facilità	
49-15	9670-9671	,	
49-16	9672-9675	che	
49-17	9676-9679	dee	
49-18	9680-9685	avere	
49-19	9686-9688	un	
49-20	9689-9697	Filosofo	
49-21	9697-9698	,	
49-22	9699-9702	che	
49-23	9703-9705	fa	
49-24	9706-9712	servir	
49-25	9713-9715	la	
49-26	9716-9722	Natura	
49-27	9723-9724	a	
49-28	9724-9725	’	
49-29	9726-9730	suoi	
49-30	9731-9738	bisogni	
49-31	9738-9739	.	

#Text=Vi faranno scorrer continuamente dentro, per riparar le perdite sue, i semi del calore e della luce, che sono sparsi per l’Universo.
50-1	9740-9742	Vi	
50-2	9743-9750	faranno	
50-3	9751-9758	scorrer	
50-4	9759-9772	continuamente	
50-5	9773-9779	dentro	
50-6	9779-9780	,	
50-7	9781-9784	per	
50-8	9785-9792	riparar	
50-9	9793-9795	le	
50-10	9796-9803	perdite	
50-11	9804-9807	sue	
50-12	9807-9808	,	
50-13	9809-9810	i	
50-14	9811-9815	semi	
50-15	9816-9819	del	
50-16	9820-9826	calore	
50-17	9827-9828	e	
50-18	9829-9834	della	
50-19	9835-9839	luce	
50-20	9839-9840	,	
50-21	9841-9844	che	
50-22	9845-9849	sono	
50-23	9850-9856	sparsi	
50-24	9857-9860	per	
50-25	9861-9862	l	
50-26	9862-9863	’	
50-27	9863-9871	Universo	
50-28	9871-9872	.	

#Text=Vi metteranno intorno qualche cosa, con cui egli si vada nutrendo, e ristorando nella guisa, che l’oglio, od altra materia nudrisce una lucerna.
51-1	9873-9875	Vi	
51-2	9876-9886	metteranno	
51-3	9887-9894	intorno	
51-4	9895-9902	qualche	
51-5	9903-9907	cosa	
51-6	9907-9908	,	
51-7	9909-9912	con	
51-8	9913-9916	cui	
51-9	9917-9921	egli	
51-10	9922-9924	si	
51-11	9925-9929	vada	
51-12	9930-9938	nutrendo	
51-13	9938-9939	,	
51-14	9940-9941	e	
51-15	9942-9952	ristorando	
51-16	9953-9958	nella	
51-17	9959-9964	guisa	
51-18	9964-9965	,	
51-19	9966-9969	che	
51-20	9970-9971	l	
51-21	9971-9972	’	
51-22	9972-9977	oglio	
51-23	9977-9978	,	
51-24	9979-9981	od	
51-25	9982-9987	altra	
51-26	9988-9995	materia	
51-27	9996-10004	nudrisce	
51-28	10005-10008	una	
51-29	10009-10016	lucerna	
51-30	10016-10017	.	

#Text=Chiameremo in soccorso qualche sistema, che ci presterà delle Comete, che vi caderan dentro di tempo in tempo per rannimarlo; e se questo non bastasse, ci raccomanderemo a qualche Filosofo, che trovi il modo di farvi cadere ancora qualche Stella.
52-1	10018-10028	Chiameremo	
52-2	10029-10031	in	
52-3	10032-10040	soccorso	
52-4	10041-10048	qualche	
52-5	10049-10056	sistema	
52-6	10056-10057	,	
52-7	10058-10061	che	
52-8	10062-10064	ci	
52-9	10065-10073	presterà	
52-10	10074-10079	delle	
52-11	10080-10086	Comete	
52-12	10086-10087	,	
52-13	10088-10091	che	
52-14	10092-10094	vi	
52-15	10095-10102	caderan	
52-16	10103-10109	dentro	
52-17	10110-10112	di	
52-18	10113-10118	tempo	
52-19	10119-10121	in	
52-20	10122-10127	tempo	
52-21	10128-10131	per	
52-22	10132-10142	rannimarlo	
52-23	10142-10143	;	
52-24	10144-10145	e	
52-25	10146-10148	se	
52-26	10149-10155	questo	
52-27	10156-10159	non	
52-28	10160-10168	bastasse	
52-29	10168-10169	,	
52-30	10170-10172	ci	
52-31	10173-10187	raccomanderemo	
52-32	10188-10189	a	
52-33	10190-10197	qualche	
52-34	10198-10206	Filosofo	
52-35	10206-10207	,	
52-36	10208-10211	che	
52-37	10212-10217	trovi	
52-38	10218-10220	il	
52-39	10221-10225	modo	
52-40	10226-10228	di	
52-41	10229-10234	farvi	
52-42	10235-10241	cadere	
52-43	10242-10248	ancora	
52-44	10249-10256	qualche	
52-45	10257-10263	Stella	
52-46	10263-10264	.	

#Text=E se non vi confidaste ne’ Mondani Sistemi, ricorreremo al Celeste rivelato nel Milton da un Angelo ad Adamo, il quale ci assicura, che il Sole trae il suo alimento dalle umide esalazioni, e che ogni sera regolarmente cena coll’Oceano.
53-1	10265-10266	E	
53-2	10267-10269	se	
53-3	10270-10273	non	
53-4	10274-10276	vi	
53-5	10277-10287	confidaste	
53-6	10288-10290	ne	
53-7	10290-10291	’	
53-8	10292-10299	Mondani	
53-9	10300-10307	Sistemi	
53-10	10307-10308	,	
53-11	10309-10320	ricorreremo	
53-12	10321-10323	al	
53-13	10324-10331	Celeste	
53-14	10332-10340	rivelato	
53-15	10341-10344	nel	
53-16	10345-10351	Milton	
53-17	10352-10354	da	
53-18	10355-10357	un	
53-19	10358-10364	Angelo	
53-20	10365-10367	ad	
53-21	10368-10373	Adamo	
53-22	10373-10374	,	
53-23	10375-10377	il	
53-24	10378-10383	quale	
53-25	10384-10386	ci	
53-26	10387-10395	assicura	
53-27	10395-10396	,	
53-28	10397-10400	che	
53-29	10401-10403	il	
53-30	10404-10408	Sole	
53-31	10409-10413	trae	
53-32	10414-10416	il	
53-33	10417-10420	suo	
53-34	10421-10429	alimento	
53-35	10430-10435	dalle	
53-36	10436-10441	umide	
53-37	10442-10452	esalazioni	
53-38	10452-10453	,	
53-39	10454-10455	e	
53-40	10456-10459	che	
53-41	10460-10464	ogni	
53-42	10465-10469	sera	
53-43	10470-10482	regolarmente	
53-44	10483-10487	cena	
53-45	10488-10492	coll	
53-46	10492-10493	’	
53-47	10493-10499	Oceano	
53-48	10499-10500	.	

#Text=Ne volete voi di più?
54-1	10501-10503	Ne	
54-2	10504-10510	volete	
54-3	10511-10514	voi	
54-4	10515-10517	di	
54-5	10518-10521	più	
54-6	10521-10522	?	

#Text=No no, diss’ella, la metà di queste cose basterebbe a rassicurare un Lapuziano stesso: ed io spero, che non bisognerà per questa volta incomodar Filosofo alcuno, non che qualche Essere superiore.
55-1	10523-10525	No	
55-2	10526-10528	no	
55-3	10528-10529	,	
55-4	10530-10534	diss	
55-5	10534-10535	’	
55-6	10535-10539	ella	
55-7	10539-10540	,	
55-8	10541-10543	la	
55-9	10544-10548	metà	
55-10	10549-10551	di	
55-11	10552-10558	queste	
55-12	10559-10563	cose	
55-13	10564-10574	basterebbe	
55-14	10575-10576	a	
55-15	10577-10588	rassicurare	
55-16	10589-10591	un	
55-17	10592-10601	Lapuziano	
55-18	10602-10608	stesso	
55-19	10608-10609	:	
55-20	10610-10612	ed	
55-21	10613-10615	io	
55-22	10616-10621	spero	
55-23	10621-10622	,	
55-24	10623-10626	che	
55-25	10627-10630	non	
55-26	10631-10640	bisognerà	
55-27	10641-10644	per	
55-28	10645-10651	questa	
55-29	10652-10657	volta	
55-30	10658-10667	incomodar	
55-31	10668-10676	Filosofo	
55-32	10677-10683	alcuno	
55-33	10683-10684	,	
55-34	10685-10688	non	
55-35	10689-10692	che	
55-36	10693-10700	qualche	
55-37	10701-10707	Essere	
55-38	10708-10717	superiore	
55-39	10717-10718	.	

#Text=Io desidero, replicai io, che le vostre paure non oltrepassin mai la Filosofia, e che la vostra bellezza ed il Sole, siccome anno molte altre cose comuni, così pure comune abbiano la durata.
56-1	10720-10722	Io	
56-2	10723-10731	desidero	
56-3	10731-10732	,	
56-4	10733-10741	replicai	
56-5	10742-10744	io	
56-6	10744-10745	,	
56-7	10746-10749	che	
56-8	10750-10752	le	
56-9	10753-10759	vostre	
56-10	10760-10765	paure	
56-11	10766-10769	non	
56-12	10770-10781	oltrepassin	
56-13	10782-10785	mai	
56-14	10786-10788	la	
56-15	10789-10798	Filosofia	
56-16	10798-10799	,	
56-17	10800-10801	e	
56-18	10802-10805	che	
56-19	10806-10808	la	
56-20	10809-10815	vostra	
56-21	10816-10824	bellezza	
56-22	10825-10827	ed	
56-23	10828-10830	il	
56-24	10831-10835	Sole	
56-25	10835-10836	,	
56-26	10837-10844	siccome	
56-27	10845-10849	anno	
56-28	10850-10855	molte	
56-29	10856-10861	altre	
56-30	10862-10866	cose	
56-31	10867-10873	comuni	
56-32	10873-10874	,	
56-33	10875-10879	così	
56-34	10880-10884	pure	
56-35	10885-10891	comune	
56-36	10892-10899	abbiano	
56-37	10900-10902	la	
56-38	10903-10909	durata	
56-39	10909-10910	.	

#Text=Ma grazie a Dio, che se io v’ho proposto un’opinione, che a tutta prima desta alcun timore, ella poi altresì lo fa svanire.
57-1	10911-10913	Ma	
57-2	10914-10920	grazie	
57-3	10921-10922	a	
57-4	10923-10926	Dio	
57-5	10926-10927	,	
57-6	10928-10931	che	
57-7	10932-10934	se	
57-8	10935-10937	io	
57-9	10938-10939	v	
57-10	10939-10940	’	
57-11	10940-10942	ho	
57-12	10943-10951	proposto	
57-13	10952-10954	un	
57-14	10954-10955	’	
57-15	10955-10963	opinione	
57-16	10963-10964	,	
57-17	10965-10968	che	
57-18	10969-10970	a	
57-19	10971-10976	tutta	
57-20	10977-10982	prima	
57-21	10983-10988	desta	
57-22	10989-10994	alcun	
57-23	10995-11001	timore	
57-24	11001-11002	,	
57-25	11003-11007	ella	
57-26	11008-11011	poi	
57-27	11012-11019	altresì	
57-28	11020-11022	lo	
57-29	11023-11025	fa	
57-30	11026-11033	svanire	
57-31	11033-11034	.	

#Text=Io non so in verità come la fosse stata, vedendovi così disposta a temere per ogni bagatella, se io vi avessi detto ciò, che disse per altro un famoso Antico, il Sole essere uno specchio di una materia al più terso cristallo somigliante, che manda e ribatte a noi la luce, che da tutte le parti dell’Universo va ad unirsi in lui; perchè quale speranza di trovare lassù acquavite, o altra simil cosa per ripulir questo specchio, se e’ mai venisse ad appannarsi?
58-1	11035-11037	Io	
58-2	11038-11041	non	
58-3	11042-11044	so	
58-4	11045-11047	in	
58-5	11048-11054	verità	
58-6	11055-11059	come	
58-7	11060-11062	la	
58-8	11063-11068	fosse	
58-9	11069-11074	stata	
58-10	11074-11075	,	
58-11	11076-11085	vedendovi	
58-12	11086-11090	così	
58-13	11091-11099	disposta	
58-14	11100-11101	a	
58-15	11102-11108	temere	
58-16	11109-11112	per	
58-17	11113-11117	ogni	
58-18	11118-11127	bagatella	
58-19	11127-11128	,	
58-20	11129-11131	se	
58-21	11132-11134	io	
58-22	11135-11137	vi	
58-23	11138-11144	avessi	
58-24	11145-11150	detto	
58-25	11151-11154	ciò	
58-26	11154-11155	,	
58-27	11156-11159	che	
58-28	11160-11165	disse	
58-29	11166-11169	per	
58-30	11170-11175	altro	
58-31	11176-11178	un	
58-32	11179-11185	famoso	
58-33	11186-11192	Antico	
58-34	11192-11193	,	
58-35	11194-11196	il	
58-36	11197-11201	Sole	
58-37	11202-11208	essere	
58-38	11209-11212	uno	
58-39	11213-11221	specchio	
58-40	11222-11224	di	
58-41	11225-11228	una	
58-42	11229-11236	materia	
58-43	11237-11239	al	
58-44	11240-11243	più	
58-45	11244-11249	terso	
58-46	11250-11259	cristallo	
58-47	11260-11271	somigliante	
58-48	11271-11272	,	
58-49	11273-11276	che	
58-50	11277-11282	manda	
58-51	11283-11284	e	
58-52	11285-11292	ribatte	
58-53	11293-11294	a	
58-54	11295-11298	noi	
58-55	11299-11301	la	
58-56	11302-11306	luce	
58-57	11306-11307	,	
58-58	11308-11311	che	
58-59	11312-11314	da	
58-60	11315-11320	tutte	
58-61	11321-11323	le	
58-62	11324-11329	parti	
58-63	11330-11334	dell	
58-64	11334-11335	’	
58-65	11335-11343	Universo	
58-66	11344-11346	va	
58-67	11347-11349	ad	
58-68	11350-11356	unirsi	
58-69	11357-11359	in	
58-70	11360-11363	lui	
58-71	11363-11364	;	
58-72	11365-11371	perchè	
58-73	11372-11377	quale	
58-74	11378-11386	speranza	
58-75	11387-11389	di	
58-76	11390-11397	trovare	
58-77	11398-11403	lassù	
58-78	11404-11413	acquavite	
58-79	11413-11414	,	
58-80	11415-11416	o	
58-81	11417-11422	altra	
58-82	11423-11428	simil	
58-83	11429-11433	cosa	
58-84	11434-11437	per	
58-85	11438-11445	ripulir	
58-86	11446-11452	questo	
58-87	11453-11461	specchio	
58-88	11461-11462	,	
58-89	11463-11465	se	
58-90	11466-11467	e	
58-91	11467-11468	’	
58-92	11469-11472	mai	
58-93	11473-11480	venisse	
58-94	11481-11483	ad	
58-95	11484-11494	appannarsi	
58-96	11494-11495	?	

#Text=Che colui, rispose la Marchesa, che â fatto del Sole uno specchio, pensi a ripulirselo, quando ne avrà mestieri.
59-1	11496-11499	Che	
59-2	11500-11505	colui	
59-3	11505-11506	,	
59-4	11507-11514	rispose	
59-5	11515-11517	la	
59-6	11518-11526	Marchesa	
59-7	11526-11527	,	
59-8	11528-11531	che	
59-9	11532-11533	â	
59-10	11534-11539	fatto	
59-11	11540-11543	del	
59-12	11544-11548	Sole	
59-13	11549-11552	uno	
59-14	11553-11561	specchio	
59-15	11561-11562	,	
59-16	11563-11568	pensi	
59-17	11569-11570	a	
59-18	11571-11582	ripulirselo	
59-19	11582-11583	,	
59-20	11584-11590	quando	
59-21	11591-11593	ne	
59-22	11594-11598	avrà	
59-23	11599-11607	mestieri	
59-24	11607-11608	.	

#Text=Io amo meglio figurarmelo come l’anima del Mondo, e la sorgente lui stesso della Luce.
60-1	11609-11611	Io	
60-2	11612-11615	amo	
60-3	11616-11622	meglio	
60-4	11623-11634	figurarmelo	
60-5	11635-11639	come	
60-6	11640-11641	l	
60-7	11641-11642	’	
60-8	11642-11647	anima	
60-9	11648-11651	del	
60-10	11652-11657	Mondo	
60-11	11657-11658	,	
60-12	11659-11660	e	
60-13	11661-11663	la	
60-14	11664-11672	sorgente	
60-15	11673-11676	lui	
60-16	11677-11683	stesso	
60-17	11684-11689	della	
60-18	11690-11694	Luce	
60-19	11694-11695	.	

#Text=Aggiungete ancora, soggiuns’io, de’ colori, poichè senza la luce eglino svanicono affatto, e non son più.
61-1	11696-11706	Aggiungete	
61-2	11707-11713	ancora	
61-3	11713-11714	,	
61-4	11715-11723	soggiuns	
61-5	11723-11724	’	
61-6	11724-11726	io	
61-7	11726-11727	,	
61-8	11728-11730	de	
61-9	11730-11731	’	
61-10	11732-11738	colori	
61-11	11738-11739	,	
61-12	11740-11746	poichè	
61-13	11747-11752	senza	
61-14	11753-11755	la	
61-15	11756-11760	luce	
61-16	11761-11767	eglino	
61-17	11768-11777	svanicono	
61-18	11778-11785	affatto	
61-19	11785-11786	,	
61-20	11787-11788	e	
61-21	11789-11792	non	
61-22	11793-11796	son	
61-23	11797-11800	più	
61-24	11800-11801	.	

#Text=Dite più tosto, replicò la Marchesa, che non son più veduti.
62-1	11802-11806	Dite	
62-2	11807-11810	più	
62-3	11811-11816	tosto	
62-4	11816-11817	,	
62-5	11818-11825	replicò	
62-6	11826-11828	la	
62-7	11829-11837	Marchesa	
62-8	11837-11838	,	
62-9	11839-11842	che	
62-10	11843-11846	non	
62-11	11847-11850	son	
62-12	11851-11854	più	
62-13	11855-11861	veduti	
62-14	11861-11862	.	

#Text=Mi vorreste voi persuadere, che un’ora dopo il tramontar del Sole i colori di questo quadro non son più?
63-1	11863-11865	Mi	
63-2	11866-11874	vorreste	
63-3	11875-11878	voi	
63-4	11879-11889	persuadere	
63-5	11889-11890	,	
63-6	11891-11894	che	
63-7	11895-11897	un	
63-8	11897-11898	’	
63-9	11898-11901	ora	
63-10	11902-11906	dopo	
63-11	11907-11909	il	
63-12	11910-11919	tramontar	
63-13	11920-11923	del	
63-14	11924-11928	Sole	
63-15	11929-11930	i	
63-16	11931-11937	colori	
63-17	11938-11940	di	
63-18	11941-11947	questo	
63-19	11948-11954	quadro	
63-20	11955-11958	non	
63-21	11959-11962	son	
63-22	11963-11966	più	
63-23	11966-11967	?	

#Text=Io vorrei ben vedere che mi diceste, che il quadro egli stesso non è più per la ragione, che non è più veduto.
64-1	11968-11970	Io	
64-2	11971-11977	vorrei	
64-3	11978-11981	ben	
64-4	11982-11988	vedere	
64-5	11989-11992	che	
64-6	11993-11995	mi	
64-7	11996-12003	diceste	
64-8	12003-12004	,	
64-9	12005-12008	che	
64-10	12009-12011	il	
64-11	12012-12018	quadro	
64-12	12019-12023	egli	
64-13	12024-12030	stesso	
64-14	12031-12034	non	
64-15	12035-12036	è	
64-16	12037-12040	più	
64-17	12041-12044	per	
64-18	12045-12047	la	
64-19	12048-12055	ragione	
64-20	12055-12056	,	
64-21	12057-12060	che	
64-22	12061-12064	non	
64-23	12065-12066	è	
64-24	12067-12070	più	
64-25	12071-12077	veduto	
64-26	12077-12078	.	

#Text=Il quadro, rispos’io, e la tela resta, e sopra di essa alcune disposizioni nella figura, e tessitura degli atomi, onde son composte le terre, che servono alla pittura: e queste disposizioni all’arrivo della luce vi faranno apparire sopra la tela de’ colori, delle mezzetinte, de’ chiariscuri, comandar, o pregar due begli occhi, fuggire un colonnato, verdeggiare un prato, o rosseggiare un’Aurora.
65-1	12079-12081	Il	
65-2	12082-12088	quadro	
65-3	12088-12089	,	
65-4	12090-12096	rispos	
65-5	12096-12097	’	
65-6	12097-12099	io	
65-7	12099-12100	,	
65-8	12101-12102	e	
65-9	12103-12105	la	
65-10	12106-12110	tela	
65-11	12111-12116	resta	
65-12	12116-12117	,	
65-13	12118-12119	e	
65-14	12120-12125	sopra	
65-15	12126-12128	di	
65-16	12129-12133	essa	
65-17	12134-12140	alcune	
65-18	12141-12153	disposizioni	
65-19	12154-12159	nella	
65-20	12160-12166	figura	
65-21	12166-12167	,	
65-22	12168-12169	e	
65-23	12170-12179	tessitura	
65-24	12180-12185	degli	
65-25	12186-12191	atomi	
65-26	12191-12192	,	
65-27	12193-12197	onde	
65-28	12198-12201	son	
65-29	12202-12210	composte	
65-30	12211-12213	le	
65-31	12214-12219	terre	
65-32	12219-12220	,	
65-33	12221-12224	che	
65-34	12225-12232	servono	
65-35	12233-12237	alla	
65-36	12238-12245	pittura	
65-37	12245-12246	:	
65-38	12247-12248	e	
65-39	12249-12255	queste	
65-40	12256-12268	disposizioni	
65-41	12269-12272	all	
65-42	12272-12273	’	
65-43	12273-12279	arrivo	
65-44	12280-12285	della	
65-45	12286-12290	luce	
65-46	12291-12293	vi	
65-47	12294-12301	faranno	
65-48	12302-12310	apparire	
65-49	12311-12316	sopra	
65-50	12317-12319	la	
65-51	12320-12324	tela	
65-52	12325-12327	de	
65-53	12327-12328	’	
65-54	12329-12335	colori	
65-55	12335-12336	,	
65-56	12337-12342	delle	
65-57	12343-12353	mezzetinte	
65-58	12353-12354	,	
65-59	12355-12357	de	
65-60	12357-12358	’	
65-61	12359-12370	chiariscuri	
65-62	12370-12371	,	
65-63	12372-12380	comandar	
65-64	12380-12381	,	
65-65	12382-12383	o	
65-66	12384-12390	pregar	
65-67	12391-12394	due	
65-68	12395-12400	begli	
65-69	12401-12406	occhi	
65-70	12406-12407	,	
65-71	12408-12415	fuggire	
65-72	12416-12418	un	
65-73	12419-12428	colonnato	
65-74	12428-12429	,	
65-75	12430-12441	verdeggiare	
65-76	12442-12444	un	
65-77	12445-12450	prato	
65-78	12450-12451	,	
65-79	12452-12453	o	
65-80	12454-12465	rosseggiare	
65-81	12466-12468	un	
65-82	12468-12469	’	
65-83	12469-12475	Aurora	
65-84	12475-12476	.	

#Text=Nelle tenebre, tutte queste cose non son più come quelle, che sono il risultato di queste disposizioni e della Luce combinate insieme.
66-1	12477-12482	Nelle	
66-2	12483-12490	tenebre	
66-3	12490-12491	,	
66-4	12492-12497	tutte	
66-5	12498-12504	queste	
66-6	12505-12509	cose	
66-7	12510-12513	non	
66-8	12514-12517	son	
66-9	12518-12521	più	
66-10	12522-12526	come	
66-11	12527-12533	quelle	
66-12	12533-12534	,	
66-13	12535-12538	che	
66-14	12539-12543	sono	
66-15	12544-12546	il	
66-16	12547-12556	risultato	
66-17	12557-12559	di	
66-18	12560-12566	queste	
66-19	12567-12579	disposizioni	
66-20	12580-12581	e	
66-21	12582-12587	della	
66-22	12588-12592	Luce	
66-23	12593-12602	combinate	
66-24	12603-12610	insieme	
66-25	12610-12611	.	

#Text=Oltre che potrei citarvi l’autorità di Virgilio che dice, che la nera Notte spoglia gli oggetti de’ lor colori; il Poeta Lucrezio, che ci â dato in gentilissimi versi un corpo di questa Filosofia degli atomi, questo Poeta Filosofo ci fa temere una terribile conseguenza, se ci avvisassimo mai di suppore i corpi, e i loro principj colorati:
67-1	12612-12617	Oltre	
67-2	12618-12621	che	
67-3	12622-12628	potrei	
67-4	12629-12636	citarvi	
67-5	12637-12638	l	
67-6	12638-12639	’	
67-7	12639-12647	autorità	
67-8	12648-12650	di	
67-9	12651-12659	Virgilio	
67-10	12660-12663	che	
67-11	12664-12668	dice	
67-12	12668-12669	,	
67-13	12670-12673	che	
67-14	12674-12676	la	
67-15	12677-12681	nera	
67-16	12682-12687	Notte	
67-17	12688-12695	spoglia	
67-18	12696-12699	gli	
67-19	12700-12707	oggetti	
67-20	12708-12710	de	
67-21	12710-12711	’	
67-22	12712-12715	lor	
67-23	12716-12722	colori	
67-24	12722-12723	;	
67-25	12724-12726	il	
67-26	12727-12732	Poeta	
67-27	12733-12741	Lucrezio	
67-28	12741-12742	,	
67-29	12743-12746	che	
67-30	12747-12749	ci	
67-31	12750-12751	â	
67-32	12752-12756	dato	
67-33	12757-12759	in	
67-34	12760-12772	gentilissimi	
67-35	12773-12778	versi	
67-36	12779-12781	un	
67-37	12782-12787	corpo	
67-38	12788-12790	di	
67-39	12791-12797	questa	
67-40	12798-12807	Filosofia	
67-41	12808-12813	degli	
67-42	12814-12819	atomi	
67-43	12819-12820	,	
67-44	12821-12827	questo	
67-45	12828-12833	Poeta	
67-46	12834-12842	Filosofo	
67-47	12843-12845	ci	
67-48	12846-12848	fa	
67-49	12849-12855	temere	
67-50	12856-12859	una	
67-51	12860-12869	terribile	
67-52	12870-12881	conseguenza	
67-53	12881-12882	,	
67-54	12883-12885	se	
67-55	12886-12888	ci	
67-56	12889-12900	avvisassimo	
67-57	12901-12904	mai	
67-58	12905-12907	di	
67-59	12908-12915	suppore	
67-60	12916-12917	i	
67-61	12918-12923	corpi	
67-62	12923-12924	,	
67-63	12925-12926	e	
67-64	12927-12928	i	
67-65	12929-12933	loro	
67-66	12934-12942	principj	
67-67	12943-12951	colorati	
67-68	12951-12952	:	
