#FORMAT=WebAnno TSV 3.3


#Text=8 Cunctæ res difficiles ; non potest eas homo explicare sermone.
1-1	2-3	8	
1-2	4-10	Cunctæ	
1-3	11-14	res	
1-4	15-25	difficiles	
1-5	26-27	;	
1-6	28-31	non	
1-7	32-38	potest	
1-8	39-42	eas	
1-9	43-47	homo	
1-10	48-57	explicare	
1-11	58-65	sermone	
1-12	65-66	.	

#Text=Non saturatur oculus visu, nec auris auditu impletur.
#Text=9 Quid est quod fuit ?
2-1	67-70	Non	
2-2	71-80	saturatur	
2-3	81-87	oculus	
2-4	88-92	visu	
2-5	92-93	,	
2-6	94-97	nec	
2-7	98-103	auris	
2-8	104-110	auditu	
2-9	111-119	impletur	
2-10	119-120	.	
2-11	121-122	9	
2-12	123-127	Quid	
2-13	128-131	est	
2-14	132-136	quod	
2-15	137-141	fuit	
2-16	142-143	?	

#Text=Ipsum quod futurum est.
3-1	144-149	Ipsum	
3-2	150-154	quod	
3-3	155-162	futurum	
3-4	163-166	est	
3-5	166-167	.	

#Text=Quid est quod factum est ?
4-1	168-172	Quid	
4-2	173-176	est	
4-3	177-181	quod	
4-4	182-188	factum	
4-5	189-192	est	
4-6	193-194	?	

#Text=Ipsum quod faciendum est.
#Text=10 Nihil sub sole novum, nec valet quisquam dicere : Ecce hoc recens est : jam enim præcessit in sæculis quæ fuerunt ante nos.
#Text=11 Non est priorum memoria ; sed nec eorum quidem quæ postea futura sunt erit recordatio apud eos qui futuri sunt in novissimo.
#Text=12 Ego Ecclesiastes fui rex Israël in Jerusalem ; 13 et proposui in animo meo quærere et investigare sapienter de omnibus quæ fiunt sub sole.
5-1	195-200	Ipsum	
5-2	201-205	quod	
5-3	206-215	faciendum	
5-4	216-219	est	
5-5	219-220	.	
5-6	221-223	10	
5-7	224-229	Nihil	
5-8	230-233	sub	
5-9	234-238	sole	
5-10	239-244	novum	
5-11	244-245	,	
5-12	246-249	nec	
5-13	250-255	valet	
5-14	256-264	quisquam	
5-15	265-271	dicere	
5-16	272-273	:	
5-17	274-278	Ecce	
5-18	279-282	hoc	
5-19	283-289	recens	
5-20	290-293	est	
5-21	294-295	:	
5-22	296-299	jam	
5-23	300-304	enim	
5-24	305-314	præcessit	
5-25	315-317	in	
5-26	318-325	sæculis	
5-27	326-329	quæ	
5-28	330-337	fuerunt	
5-29	338-342	ante	
5-30	343-346	nos	
5-31	346-347	.	
5-32	348-350	11	
5-33	351-354	Non	
5-34	355-358	est	
5-35	359-366	priorum	
5-36	367-374	memoria	
5-37	375-376	;	
5-38	377-380	sed	
5-39	381-384	nec	
5-40	385-390	eorum	
5-41	391-397	quidem	
5-42	398-401	quæ	
5-43	402-408	postea	
5-44	409-415	futura	
5-45	416-420	sunt	
5-46	421-425	erit	
5-47	426-436	recordatio	
5-48	437-441	apud	
5-49	442-445	eos	
5-50	446-449	qui	
5-51	450-456	futuri	
5-52	457-461	sunt	
5-53	462-464	in	
5-54	465-474	novissimo	
5-55	474-475	.	
5-56	476-478	12	
5-57	479-482	Ego	
5-58	483-495	Ecclesiastes	
5-59	496-499	fui	
5-60	500-503	rex	
5-61	504-510	Israël	
5-62	511-513	in	
5-63	514-523	Jerusalem	
5-64	524-525	;	
5-65	526-528	13	
5-66	529-531	et	
5-67	532-540	proposui	
5-68	541-543	in	
5-69	544-549	animo	
5-70	550-553	meo	
5-71	554-561	quærere	
5-72	562-564	et	
5-73	565-576	investigare	
5-74	577-586	sapienter	
5-75	587-589	de	
5-76	590-597	omnibus	
5-77	598-601	quæ	
5-78	602-607	fiunt	
5-79	608-611	sub	
5-80	612-616	sole	
5-81	616-617	.	

#Text=Hanc occupationem pessimam dedit Deus filiis hominum, ut occuparentur in ea.
#Text=14 Vidi cuncta quæ fiunt sub sole, et ecce universa vanitas et afflictio spiritus.
#Text=15 Perversi difficile corriguntur, et stultorum infinitus est numerus.
#Text=16 Locutus sum in corde meo, dicens : Ecce magnus effectus sum, et præcessi omnes sapientia qui fuerunt ante me in Jerusalem ; et mens mea contemplata est multa sapienter, et didici.
#Text=17 Dedique cor meum ut scirem prudentiam atque doctrinam, erroresque et stultitiam ; et agnovi quod in his quoque esset labor et afflictio spiritus : 18 eo quod in multa sapientia multa sit indignatio ; et qui addit scientiam, addit et laborem.
6-1	618-622	Hanc	
6-2	623-635	occupationem	
6-3	636-644	pessimam	
6-4	645-650	dedit	
6-5	651-655	Deus	
6-6	656-662	filiis	
6-7	663-670	hominum	
6-8	670-671	,	
6-9	672-674	ut	
6-10	675-687	occuparentur	
6-11	688-690	in	
6-12	691-693	ea	
6-13	693-694	.	
6-14	695-697	14	
6-15	698-702	Vidi	
6-16	703-709	cuncta	
6-17	710-713	quæ	
6-18	714-719	fiunt	
6-19	720-723	sub	
6-20	724-728	sole	
6-21	728-729	,	
6-22	730-732	et	
6-23	733-737	ecce	
6-24	738-746	universa	
6-25	747-754	vanitas	
6-26	755-757	et	
6-27	758-767	afflictio	
6-28	768-776	spiritus	
6-29	776-777	.	
6-30	778-780	15	
6-31	781-789	Perversi	
6-32	790-799	difficile	
6-33	800-811	corriguntur	
6-34	811-812	,	
6-35	813-815	et	
6-36	816-825	stultorum	
6-37	826-835	infinitus	
6-38	836-839	est	
6-39	840-847	numerus	
6-40	847-848	.	
6-41	849-851	16	
6-42	852-859	Locutus	
6-43	860-863	sum	
6-44	864-866	in	
6-45	867-872	corde	
6-46	873-876	meo	
6-47	876-877	,	
6-48	878-884	dicens	
6-49	885-886	:	
6-50	887-891	Ecce	
6-51	892-898	magnus	
6-52	899-907	effectus	
6-53	908-911	sum	
6-54	911-912	,	
6-55	913-915	et	
6-56	916-924	præcessi	
6-57	925-930	omnes	
6-58	931-940	sapientia	
6-59	941-944	qui	
6-60	945-952	fuerunt	
6-61	953-957	ante	
6-62	958-960	me	
6-63	961-963	in	
6-64	964-973	Jerusalem	
6-65	974-975	;	
6-66	976-978	et	
6-67	979-983	mens	
6-68	984-987	mea	
6-69	988-999	contemplata	
6-70	1000-1003	est	
6-71	1004-1009	multa	
6-72	1010-1019	sapienter	
6-73	1019-1020	,	
6-74	1021-1023	et	
6-75	1024-1030	didici	
6-76	1030-1031	.	
6-77	1032-1034	17	
6-78	1035-1042	Dedique	
6-79	1043-1046	cor	
6-80	1047-1051	meum	
6-81	1052-1054	ut	
6-82	1055-1061	scirem	
6-83	1062-1072	prudentiam	
6-84	1073-1078	atque	
6-85	1079-1088	doctrinam	
6-86	1088-1089	,	
6-87	1090-1100	erroresque	
6-88	1101-1103	et	
6-89	1104-1114	stultitiam	
6-90	1115-1116	;	
6-91	1117-1119	et	
6-92	1120-1126	agnovi	
6-93	1127-1131	quod	
6-94	1132-1134	in	
6-95	1135-1138	his	
6-96	1139-1145	quoque	
6-97	1146-1151	esset	
6-98	1152-1157	labor	
6-99	1158-1160	et	
6-100	1161-1170	afflictio	
6-101	1171-1179	spiritus	
6-102	1180-1181	:	
6-103	1182-1184	18	
6-104	1185-1187	eo	
6-105	1188-1192	quod	
6-106	1193-1195	in	
6-107	1196-1201	multa	
6-108	1202-1211	sapientia	
6-109	1212-1217	multa	
6-110	1218-1221	sit	
6-111	1222-1232	indignatio	
6-112	1233-1234	;	
6-113	1235-1237	et	
6-114	1238-1241	qui	
6-115	1242-1247	addit	
6-116	1248-1257	scientiam	
6-117	1257-1258	,	
6-118	1259-1264	addit	
6-119	1265-1267	et	
6-120	1268-1275	laborem	
6-121	1275-1276	.	

#Text=Caput 2
#Text=
#Text=
#Text=1 Dixi ego in corde meo : Vadam, et affluam deliciis, et fruar bonis ; et vidi quod hoc quoque esset vanitas.
#Text=2 Risum reputavi errorem, et gaudio dixi : Quid frustra deciperis ?
7-1	1277-1282	Caput	
7-2	1283-1284	2	
7-3	1287-1288	1	
7-4	1289-1293	Dixi	
7-5	1294-1297	ego	
7-6	1298-1300	in	
7-7	1301-1306	corde	
7-8	1307-1310	meo	
7-9	1311-1312	:	
7-10	1313-1318	Vadam	
7-11	1318-1319	,	
7-12	1320-1322	et	
7-13	1323-1330	affluam	
7-14	1331-1339	deliciis	
7-15	1339-1340	,	
7-16	1341-1343	et	
7-17	1344-1349	fruar	
7-18	1350-1355	bonis	
7-19	1356-1357	;	
7-20	1358-1360	et	
7-21	1361-1365	vidi	
7-22	1366-1370	quod	
7-23	1371-1374	hoc	
7-24	1375-1381	quoque	
7-25	1382-1387	esset	
7-26	1388-1395	vanitas	
7-27	1395-1396	.	
7-28	1397-1398	2	
7-29	1399-1404	Risum	
7-30	1405-1413	reputavi	
7-31	1414-1421	errorem	
7-32	1421-1422	,	
7-33	1423-1425	et	
7-34	1426-1432	gaudio	
7-35	1433-1437	dixi	
7-36	1438-1439	:	
7-37	1440-1444	Quid	
7-38	1445-1452	frustra	
7-39	1453-1462	deciperis	
7-40	1463-1464	?	

#Text=3 Cogitavi in corde meo abstrahere a vino carnem meam, ut animam meam transferrem ad sapientiam, devitaremque stultitiam, donec viderem quid esset utile filiis hominum, quo facto opus est sub sole numero dierum vitæ suæ.
#Text=4 Magnificavi opera mea, ædificavi mihi domos, et plantavi vineas ; 5 feci hortos et pomaria, et consevi ea cuncti generis arboribus ; 6 et exstruxi mihi piscinas aquarum, ut irrigarem silvam lignorum germinantium.
#Text=7 Possedi servos et ancillas, multamque familiam habui : armenta quoque, et magnos ovium greges, ultra omnes qui fuerunt ante me in Jerusalem ; 8 coacervavi mihi argentum et aurum, et substantias regum ac provinciarum ; feci mihi cantores et cantatrices, et delicias filiorum hominum, scyphos, et urceos in ministerio ad vina fundenda ; 9 et supergressus sum opibus omnes qui ante me fuerunt in Jerusalem : sapientia quoque perseveravit mecum.
#Text=10 Et omnia quæ desideraverunt oculi mei non negavi eis, nec prohibui cor meum quin omni voluptate frueretur, et oblectaret se in his quæ præparaveram ; et hanc ratus sum partem meam si uterer labore meo.
8-1	1465-1466	3	
8-2	1467-1475	Cogitavi	
8-3	1476-1478	in	
8-4	1479-1484	corde	
8-5	1485-1488	meo	
8-6	1489-1499	abstrahere	
8-7	1500-1501	a	
8-8	1502-1506	vino	
8-9	1507-1513	carnem	
8-10	1514-1518	meam	
8-11	1518-1519	,	
8-12	1520-1522	ut	
8-13	1523-1529	animam	
8-14	1530-1534	meam	
8-15	1535-1546	transferrem	
8-16	1547-1549	ad	
8-17	1550-1560	sapientiam	
8-18	1560-1561	,	
8-19	1562-1574	devitaremque	
8-20	1575-1585	stultitiam	
8-21	1585-1586	,	
8-22	1587-1592	donec	
8-23	1593-1600	viderem	
8-24	1601-1605	quid	
8-25	1606-1611	esset	
8-26	1612-1617	utile	
8-27	1618-1624	filiis	
8-28	1625-1632	hominum	
8-29	1632-1633	,	
8-30	1634-1637	quo	
8-31	1638-1643	facto	
8-32	1644-1648	opus	
8-33	1649-1652	est	
8-34	1653-1656	sub	
8-35	1657-1661	sole	
8-36	1662-1668	numero	
8-37	1669-1675	dierum	
8-38	1676-1680	vitæ	
8-39	1681-1684	suæ	
8-40	1684-1685	.	
8-41	1686-1687	4	
8-42	1688-1699	Magnificavi	
8-43	1700-1705	opera	
8-44	1706-1709	mea	
8-45	1709-1710	,	
8-46	1711-1720	ædificavi	
8-47	1721-1725	mihi	
8-48	1726-1731	domos	
8-49	1731-1732	,	
8-50	1733-1735	et	
8-51	1736-1744	plantavi	
8-52	1745-1751	vineas	
8-53	1752-1753	;	
8-54	1754-1755	5	
8-55	1756-1760	feci	
8-56	1761-1767	hortos	
8-57	1768-1770	et	
8-58	1771-1778	pomaria	
8-59	1778-1779	,	
8-60	1780-1782	et	
8-61	1783-1790	consevi	
8-62	1791-1793	ea	
8-63	1794-1800	cuncti	
8-64	1801-1808	generis	
8-65	1809-1818	arboribus	
8-66	1819-1820	;	
8-67	1821-1822	6	
8-68	1823-1825	et	
8-69	1826-1834	exstruxi	
8-70	1835-1839	mihi	
8-71	1840-1848	piscinas	
8-72	1849-1856	aquarum	
8-73	1856-1857	,	
8-74	1858-1860	ut	
8-75	1861-1870	irrigarem	
8-76	1871-1877	silvam	
8-77	1878-1886	lignorum	
8-78	1887-1899	germinantium	
8-79	1899-1900	.	
8-80	1901-1902	7	
8-81	1903-1910	Possedi	
8-82	1911-1917	servos	
8-83	1918-1920	et	
8-84	1921-1929	ancillas	
8-85	1929-1930	,	
8-86	1931-1940	multamque	
8-87	1941-1949	familiam	
8-88	1950-1955	habui	
8-89	1956-1957	:	
8-90	1958-1965	armenta	
8-91	1966-1972	quoque	
8-92	1972-1973	,	
8-93	1974-1976	et	
8-94	1977-1983	magnos	
8-95	1984-1989	ovium	
8-96	1990-1996	greges	
8-97	1996-1997	,	
8-98	1998-2003	ultra	
8-99	2004-2009	omnes	
8-100	2010-2013	qui	
8-101	2014-2021	fuerunt	
8-102	2022-2026	ante	
8-103	2027-2029	me	
8-104	2030-2032	in	
8-105	2033-2042	Jerusalem	
8-106	2043-2044	;	
8-107	2045-2046	8	
8-108	2047-2057	coacervavi	
8-109	2058-2062	mihi	
8-110	2063-2071	argentum	
8-111	2072-2074	et	
8-112	2075-2080	aurum	
8-113	2080-2081	,	
8-114	2082-2084	et	
8-115	2085-2096	substantias	
8-116	2097-2102	regum	
8-117	2103-2105	ac	
8-118	2106-2118	provinciarum	
8-119	2119-2120	;	
8-120	2121-2125	feci	
8-121	2126-2130	mihi	
8-122	2131-2139	cantores	
8-123	2140-2142	et	
8-124	2143-2154	cantatrices	
8-125	2154-2155	,	
8-126	2156-2158	et	
8-127	2159-2167	delicias	
8-128	2168-2176	filiorum	
8-129	2177-2184	hominum	
8-130	2184-2185	,	
8-131	2186-2193	scyphos	
8-132	2193-2194	,	
8-133	2195-2197	et	
8-134	2198-2204	urceos	
8-135	2205-2207	in	
8-136	2208-2218	ministerio	
8-137	2219-2221	ad	
8-138	2222-2226	vina	
8-139	2227-2235	fundenda	
8-140	2236-2237	;	
8-141	2238-2239	9	
8-142	2240-2242	et	
8-143	2243-2255	supergressus	
8-144	2256-2259	sum	
8-145	2260-2266	opibus	
8-146	2267-2272	omnes	
8-147	2273-2276	qui	
8-148	2277-2281	ante	
8-149	2282-2284	me	
8-150	2285-2292	fuerunt	
8-151	2293-2295	in	
8-152	2296-2305	Jerusalem	
8-153	2306-2307	:	
8-154	2308-2317	sapientia	
8-155	2318-2324	quoque	
8-156	2325-2337	perseveravit	
8-157	2338-2343	mecum	
8-158	2343-2344	.	
8-159	2345-2347	10	
8-160	2348-2350	Et	
8-161	2351-2356	omnia	
8-162	2357-2360	quæ	
8-163	2361-2375	desideraverunt	
8-164	2376-2381	oculi	
8-165	2382-2385	mei	
8-166	2386-2389	non	
8-167	2390-2396	negavi	
8-168	2397-2400	eis	
8-169	2400-2401	,	
8-170	2402-2405	nec	
8-171	2406-2414	prohibui	
8-172	2415-2418	cor	
8-173	2419-2423	meum	
8-174	2424-2428	quin	
8-175	2429-2433	omni	
8-176	2434-2443	voluptate	
8-177	2444-2453	frueretur	
8-178	2453-2454	,	
8-179	2455-2457	et	
8-180	2458-2468	oblectaret	
8-181	2469-2471	se	
8-182	2472-2474	in	
8-183	2475-2478	his	
8-184	2479-2482	quæ	
8-185	2483-2495	præparaveram	
8-186	2496-2497	;	
8-187	2498-2500	et	
8-188	2501-2505	hanc	
8-189	2506-2511	ratus	
8-190	2512-2515	sum	
8-191	2516-2522	partem	
8-192	2523-2527	meam	
8-193	2528-2530	si	
8-194	2531-2537	uterer	
8-195	2538-2544	labore	
8-196	2545-2548	meo	
8-197	2548-2549	.	
