#FORMAT=WebAnno TSV 3.3


#Text=14 Venit ergo ad regem.
1-1	2-4	14	
1-2	5-10	Venit	
1-3	11-15	ergo	
1-4	16-18	ad	
1-5	19-24	regem	
1-6	24-25	.	

#Text=Cui rex ait : Michæa, ire debemus in Ramoth Galaad ad bellandum, an quiescere ?
2-1	26-29	Cui	
2-2	30-33	rex	
2-3	34-37	ait	
2-4	38-39	:	
2-5	40-46	Michæa	
2-6	46-47	,	
2-7	48-51	ire	
2-8	52-59	debemus	
2-9	60-62	in	
2-10	63-69	Ramoth	
2-11	70-76	Galaad	
2-12	77-79	ad	
2-13	80-89	bellandum	
2-14	89-90	,	
2-15	91-93	an	
2-16	94-103	quiescere	
2-17	104-105	?	

#Text=Cui ille respondit : Ascendite : cuncta enim prospera evenient, et tradentur hostes in manus vestras.
#Text=15 Dixitque rex : Iterum atque iterum te adjuro, ut mihi non loquaris, nisi quod verum est in nomine Domini.
#Text=16 At ille ait : Vidi universum Israël dispersum in montibus, sicut oves absque pastore : et dixit Dominus : Non habent isti dominos : revertatur unusquisque in domum suam in pace.
#Text=17 Et ait rex Israël ad Josaphat : Nonne dixi tibi quod non prophetaret iste mihi quidquam boni, sed ea quæ mala sunt ?
3-1	106-109	Cui	
3-2	110-114	ille	
3-3	115-124	respondit	
3-4	125-126	:	
3-5	127-136	Ascendite	
3-6	137-138	:	
3-7	139-145	cuncta	
3-8	146-150	enim	
3-9	151-159	prospera	
3-10	160-168	evenient	
3-11	168-169	,	
3-12	170-172	et	
3-13	173-182	tradentur	
3-14	183-189	hostes	
3-15	190-192	in	
3-16	193-198	manus	
3-17	199-206	vestras	
3-18	206-207	.	
3-19	208-210	15	
3-20	211-219	Dixitque	
3-21	220-223	rex	
3-22	224-225	:	
3-23	226-232	Iterum	
3-24	233-238	atque	
3-25	239-245	iterum	
3-26	246-248	te	
3-27	249-255	adjuro	
3-28	255-256	,	
3-29	257-259	ut	
3-30	260-264	mihi	
3-31	265-268	non	
3-32	269-277	loquaris	
3-33	277-278	,	
3-34	279-283	nisi	
3-35	284-288	quod	
3-36	289-294	verum	
3-37	295-298	est	
3-38	299-301	in	
3-39	302-308	nomine	
3-40	309-315	Domini	
3-41	315-316	.	
3-42	317-319	16	
3-43	320-322	At	
3-44	323-327	ille	
3-45	328-331	ait	
3-46	332-333	:	
3-47	334-338	Vidi	
3-48	339-348	universum	
3-49	349-355	Israël	
3-50	356-365	dispersum	
3-51	366-368	in	
3-52	369-377	montibus	
3-53	377-378	,	
3-54	379-384	sicut	
3-55	385-389	oves	
3-56	390-396	absque	
3-57	397-404	pastore	
3-58	405-406	:	
3-59	407-409	et	
3-60	410-415	dixit	
3-61	416-423	Dominus	
3-62	424-425	:	
3-63	426-429	Non	
3-64	430-436	habent	
3-65	437-441	isti	
3-66	442-449	dominos	
3-67	450-451	:	
3-68	452-462	revertatur	
3-69	463-474	unusquisque	
3-70	475-477	in	
3-71	478-483	domum	
3-72	484-488	suam	
3-73	489-491	in	
3-74	492-496	pace	
3-75	496-497	.	
3-76	498-500	17	
3-77	501-503	Et	
3-78	504-507	ait	
3-79	508-511	rex	
3-80	512-518	Israël	
3-81	519-521	ad	
3-82	522-530	Josaphat	
3-83	531-532	:	
3-84	533-538	Nonne	
3-85	539-543	dixi	
3-86	544-548	tibi	
3-87	549-553	quod	
3-88	554-557	non	
3-89	558-569	prophetaret	
3-90	570-574	iste	
3-91	575-579	mihi	
3-92	580-588	quidquam	
3-93	589-593	boni	
3-94	593-594	,	
3-95	595-598	sed	
3-96	599-601	ea	
3-97	602-605	quæ	
3-98	606-610	mala	
3-99	611-615	sunt	
3-100	616-617	?	

#Text=18 At ille : Idcirco, ait, audite verbum Domini : vidi Dominum sedentem in solio suo, et omnem exercitum cæli assistentem ei a dextris et a sinistris.
#Text=19 Et dixit Dominus : Quis decipiet Achab regem Israël ut ascendat et corruat in Ramoth Galaad ?
4-1	618-620	18	
4-2	621-623	At	
4-3	624-628	ille	
4-4	629-630	:	
4-5	631-638	Idcirco	
4-6	638-639	,	
4-7	640-643	ait	
4-8	643-644	,	
4-9	645-651	audite	
4-10	652-658	verbum	
4-11	659-665	Domini	
4-12	666-667	:	
4-13	668-672	vidi	
4-14	673-680	Dominum	
4-15	681-689	sedentem	
4-16	690-692	in	
4-17	693-698	solio	
4-18	699-702	suo	
4-19	702-703	,	
4-20	704-706	et	
4-21	707-712	omnem	
4-22	713-722	exercitum	
4-23	723-727	cæli	
4-24	728-739	assistentem	
4-25	740-742	ei	
4-26	743-744	a	
4-27	745-752	dextris	
4-28	753-755	et	
4-29	756-757	a	
4-30	758-767	sinistris	
4-31	767-768	.	
4-32	769-771	19	
4-33	772-774	Et	
4-34	775-780	dixit	
4-35	781-788	Dominus	
4-36	789-790	:	
4-37	791-795	Quis	
4-38	796-804	decipiet	
4-39	805-810	Achab	
4-40	811-816	regem	
4-41	817-823	Israël	
4-42	824-826	ut	
4-43	827-835	ascendat	
4-44	836-838	et	
4-45	839-846	corruat	
4-46	847-849	in	
4-47	850-856	Ramoth	
4-48	857-863	Galaad	
4-49	864-865	?	

#Text=Cumque diceret unus hoc modo, et alter alio, 20 processit spiritus, et stetit coram Domino, et ait : Ego decipiam eum.
5-1	866-872	Cumque	
5-2	873-880	diceret	
5-3	881-885	unus	
5-4	886-889	hoc	
5-5	890-894	modo	
5-6	894-895	,	
5-7	896-898	et	
5-8	899-904	alter	
5-9	905-909	alio	
5-10	909-910	,	
5-11	911-913	20	
5-12	914-923	processit	
5-13	924-932	spiritus	
5-14	932-933	,	
5-15	934-936	et	
5-16	937-943	stetit	
5-17	944-949	coram	
5-18	950-956	Domino	
5-19	956-957	,	
5-20	958-960	et	
5-21	961-964	ait	
5-22	965-966	:	
5-23	967-970	Ego	
5-24	971-979	decipiam	
5-25	980-983	eum	
5-26	983-984	.	

#Text=Cui Dominus : In quo, inquit, decipies ?
6-1	985-988	Cui	
6-2	989-996	Dominus	
6-3	997-998	:	
6-4	999-1001	In	
6-5	1002-1005	quo	
6-6	1005-1006	,	
6-7	1007-1013	inquit	
6-8	1013-1014	,	
6-9	1015-1023	decipies	
6-10	1024-1025	?	

#Text=21 At ille respondit : Egrediar, et ero spiritus mendax in ore omnium prophetarum ejus.
7-1	1026-1028	21	
7-2	1029-1031	At	
7-3	1032-1036	ille	
7-4	1037-1046	respondit	
7-5	1047-1048	:	
7-6	1049-1057	Egrediar	
7-7	1057-1058	,	
7-8	1059-1061	et	
7-9	1062-1065	ero	
7-10	1066-1074	spiritus	
7-11	1075-1081	mendax	
7-12	1082-1084	in	
7-13	1085-1088	ore	
7-14	1089-1095	omnium	
7-15	1096-1107	prophetarum	
7-16	1108-1112	ejus	
7-17	1112-1113	.	

#Text=Dixitque Dominus : Decipies, et prævalebis : egredere, et fac ita.
#Text=22 Nunc igitur, ecce Dominus dedit spiritum mendacii in ore omnium prophetarum tuorum, et Dominus locutus est de te mala.
#Text=23 Accessit autem Sedecias filius Chanaana, et percussit Michææ maxillam, et ait : Per quam viam transivit spiritus Domini a me, ut loqueretur tibi ?
8-1	1114-1122	Dixitque	
8-2	1123-1130	Dominus	
8-3	1131-1132	:	
8-4	1133-1141	Decipies	
8-5	1141-1142	,	
8-6	1143-1145	et	
8-7	1146-1156	prævalebis	
8-8	1157-1158	:	
8-9	1159-1167	egredere	
8-10	1167-1168	,	
8-11	1169-1171	et	
8-12	1172-1175	fac	
8-13	1176-1179	ita	
8-14	1179-1180	.	
8-15	1181-1183	22	
8-16	1184-1188	Nunc	
8-17	1189-1195	igitur	
8-18	1195-1196	,	
8-19	1197-1201	ecce	
8-20	1202-1209	Dominus	
8-21	1210-1215	dedit	
8-22	1216-1224	spiritum	
8-23	1225-1233	mendacii	
8-24	1234-1236	in	
8-25	1237-1240	ore	
8-26	1241-1247	omnium	
8-27	1248-1259	prophetarum	
8-28	1260-1266	tuorum	
8-29	1266-1267	,	
8-30	1268-1270	et	
8-31	1271-1278	Dominus	
8-32	1279-1286	locutus	
8-33	1287-1290	est	
8-34	1291-1293	de	
8-35	1294-1296	te	
8-36	1297-1301	mala	
8-37	1301-1302	.	
8-38	1303-1305	23	
8-39	1306-1314	Accessit	
8-40	1315-1320	autem	
8-41	1321-1329	Sedecias	
8-42	1330-1336	filius	
8-43	1337-1345	Chanaana	
8-44	1345-1346	,	
8-45	1347-1349	et	
8-46	1350-1359	percussit	
8-47	1360-1366	Michææ	
8-48	1367-1375	maxillam	
8-49	1375-1376	,	
8-50	1377-1379	et	
8-51	1380-1383	ait	
8-52	1384-1385	:	
8-53	1386-1389	Per	
8-54	1390-1394	quam	
8-55	1395-1399	viam	
8-56	1400-1409	transivit	
8-57	1410-1418	spiritus	
8-58	1419-1425	Domini	
8-59	1426-1427	a	
8-60	1428-1430	me	
8-61	1430-1431	,	
8-62	1432-1434	ut	
8-63	1435-1445	loqueretur	
8-64	1446-1450	tibi	
8-65	1451-1452	?	

#Text=24 Dixitque Michæas : Tu ipse videbis in die illo, quando ingressus fueris cubiculum de cubiculo ut abscondaris.
#Text=25 Præcepit autem rex Israël, dicens : Tollite Michæam, et ducite eum ad Amon principem civitatis, et ad Joas filium Amelech.
#Text=26 Et dicetis : Hæc dicit rex : Mittite hunc in carcerem, et date ei panis modicum, et aquæ pauxillum, donec revertar in pace.
#Text=27 Dixitque Michæas : Si reversus fueris in pace, non est locutus Dominus in me.
9-1	1453-1455	24	
9-2	1456-1464	Dixitque	
9-3	1465-1472	Michæas	
9-4	1473-1474	:	
9-5	1475-1477	Tu	
9-6	1478-1482	ipse	
9-7	1483-1490	videbis	
9-8	1491-1493	in	
9-9	1494-1497	die	
9-10	1498-1502	illo	
9-11	1502-1503	,	
9-12	1504-1510	quando	
9-13	1511-1520	ingressus	
9-14	1521-1527	fueris	
9-15	1528-1537	cubiculum	
9-16	1538-1540	de	
9-17	1541-1549	cubiculo	
9-18	1550-1552	ut	
9-19	1553-1564	abscondaris	
9-20	1564-1565	.	
9-21	1566-1568	25	
9-22	1569-1577	Præcepit	
9-23	1578-1583	autem	
9-24	1584-1587	rex	
9-25	1588-1594	Israël	
9-26	1594-1595	,	
9-27	1596-1602	dicens	
9-28	1603-1604	:	
9-29	1605-1612	Tollite	
9-30	1613-1620	Michæam	
9-31	1620-1621	,	
9-32	1622-1624	et	
9-33	1625-1631	ducite	
9-34	1632-1635	eum	
9-35	1636-1638	ad	
9-36	1639-1643	Amon	
9-37	1644-1653	principem	
9-38	1654-1663	civitatis	
9-39	1663-1664	,	
9-40	1665-1667	et	
9-41	1668-1670	ad	
9-42	1671-1675	Joas	
9-43	1676-1682	filium	
9-44	1683-1690	Amelech	
9-45	1690-1691	.	
9-46	1692-1694	26	
9-47	1695-1697	Et	
9-48	1698-1705	dicetis	
9-49	1706-1707	:	
9-50	1708-1711	Hæc	
9-51	1712-1717	dicit	
9-52	1718-1721	rex	
9-53	1722-1723	:	
9-54	1724-1731	Mittite	
9-55	1732-1736	hunc	
9-56	1737-1739	in	
9-57	1740-1748	carcerem	
9-58	1748-1749	,	
9-59	1750-1752	et	
9-60	1753-1757	date	
9-61	1758-1760	ei	
9-62	1761-1766	panis	
9-63	1767-1774	modicum	
9-64	1774-1775	,	
9-65	1776-1778	et	
9-66	1779-1783	aquæ	
9-67	1784-1793	pauxillum	
9-68	1793-1794	,	
9-69	1795-1800	donec	
9-70	1801-1809	revertar	
9-71	1810-1812	in	
9-72	1813-1817	pace	
9-73	1817-1818	.	
9-74	1819-1821	27	
9-75	1822-1830	Dixitque	
9-76	1831-1838	Michæas	
9-77	1839-1840	:	
9-78	1841-1843	Si	
9-79	1844-1852	reversus	
9-80	1853-1859	fueris	
9-81	1860-1862	in	
9-82	1863-1867	pace	
9-83	1867-1868	,	
9-84	1869-1872	non	
9-85	1873-1876	est	
9-86	1877-1884	locutus	
9-87	1885-1892	Dominus	
9-88	1893-1895	in	
9-89	1896-1898	me	
9-90	1898-1899	.	

#Text=Et ait : Audite, omnes populi.
#Text=28 Igitur ascenderunt rex Israël et Josaphat rex Juda in Ramoth Galaad.
10-1	1900-1902	Et	
10-2	1903-1906	ait	
10-3	1907-1908	:	
10-4	1909-1915	Audite	
10-5	1915-1916	,	
10-6	1917-1922	omnes	
10-7	1923-1929	populi	
10-8	1929-1930	.	
10-9	1931-1933	28	
10-10	1934-1940	Igitur	
10-11	1941-1952	ascenderunt	
10-12	1953-1956	rex	
10-13	1957-1963	Israël	
10-14	1964-1966	et	
10-15	1967-1975	Josaphat	
10-16	1976-1979	rex	
10-17	1980-1984	Juda	
10-18	1985-1987	in	
10-19	1988-1994	Ramoth	
10-20	1995-2001	Galaad	
10-21	2001-2002	.	
