#FORMAT=WebAnno TSV 3.3


#Text=6.
1-1	2-3	6	
1-2	3-4	.	

#Text=Die medeneiginge word nader dus verklaard.
2-1	5-8	Die	
2-2	9-21	medeneiginge	
2-3	22-26	word	
2-4	27-32	nader	
2-5	33-36	dus	
2-6	37-46	verklaard	
2-7	46-47	.	

#Text=Ten eersten dat een ieder
#Text=lichaam, self niet grooter dan dat maar ter nauwer nood gesien kan worden, uit een
#Text=ontelbare menigte van allerkleinste deeltjes t'saamgesteld; en dese deeltjes op seer
#Text=ongelijke wijse onder een gevloghten zijn.
3-1	48-51	Ten	
3-2	52-59	eersten	
3-3	60-63	dat	
3-4	64-67	een	
3-5	68-73	ieder	
3-6	74-81	lichaam	
3-7	81-82	,	
3-8	83-87	self	
3-9	88-92	niet	
3-10	93-100	grooter	
3-11	101-104	dan	
3-12	105-108	dat	
3-13	109-113	maar	
3-14	114-117	ter	
3-15	118-124	nauwer	
3-16	125-129	nood	
3-17	130-136	gesien	
3-18	137-140	kan	
3-19	141-147	worden	
3-20	147-148	,	
3-21	149-152	uit	
3-22	153-156	een	
3-23	157-166	ontelbare	
3-24	167-174	menigte	
3-25	175-178	van	
3-26	179-192	allerkleinste	
3-27	193-201	deeltjes	
3-28	202-215	t'saamgesteld	
3-29	215-216	;	
3-30	217-219	en	
3-31	220-224	dese	
3-32	225-233	deeltjes	
3-33	234-236	op	
3-34	237-241	seer	
3-35	242-251	ongelijke	
3-36	252-257	wijse	
3-37	258-263	onder	
3-38	264-267	een	
3-39	268-278	gevloghten	
3-40	279-283	zijn	
3-41	283-284	.	

#Text=Dat daarom twee lichamen, welker kleinste
#Text=deelkens ofte veselkens op gelijke wijse tsaamgevloghten zijn, ook gemeenschap
#Text=hebben met malkander.
4-1	285-288	Dat	
4-2	289-295	daarom	
4-3	296-300	twee	
4-4	301-309	lichamen	
4-5	309-310	,	
4-6	311-317	welker	
4-7	318-326	kleinste	
4-8	327-335	deelkens	
4-9	336-340	ofte	
4-10	341-350	veselkens	
4-11	351-353	op	
4-12	354-361	gelijke	
4-13	362-367	wijse	
4-14	368-383	tsaamgevloghten	
4-15	384-388	zijn	
4-16	388-389	,	
4-17	390-393	ook	
4-18	394-405	gemeenschap	
4-19	406-412	hebben	
4-20	413-416	met	
4-21	417-426	malkander	
4-22	426-427	.	

#Text=Want sy van een en 't selfde voorwerp, of ten minsten van
#Text=den selfden aart, en ook op eenerleye wijse woorden aangedaan.
5-1	428-432	Want	
5-2	433-435	sy	
5-3	436-439	van	
5-4	440-443	een	
5-5	444-446	en	
5-6	447-448	'	
5-7	448-449	t	
5-8	450-456	selfde	
5-9	457-465	voorwerp	
5-10	465-466	,	
5-11	467-469	of	
5-12	470-473	ten	
5-13	474-481	minsten	
5-14	482-485	van	
5-15	486-489	den	
5-16	490-497	selfden	
5-17	498-502	aart	
5-18	502-503	,	
5-19	504-506	en	
5-20	507-510	ook	
5-21	511-513	op	
5-22	514-523	eenerleye	
5-23	524-529	wijse	
5-24	530-537	woorden	
5-25	538-547	aangedaan	
5-26	547-548	.	

#Text=Gelijke lust
#Text=derhalven, of gelijke spijs en drank sal so den eenen als den anderen of dus of so
#Text=bekomen, die van gelijke t'samenstellinge der deelen zijn.
6-1	549-556	Gelijke	
6-2	557-561	lust	
6-3	562-571	derhalven	
6-4	571-572	,	
6-5	573-575	of	
6-6	576-583	gelijke	
6-7	584-589	spijs	
6-8	590-592	en	
6-9	593-598	drank	
6-10	599-602	sal	
6-11	603-605	so	
6-12	606-609	den	
6-13	610-615	eenen	
6-14	616-619	als	
6-15	620-623	den	
6-16	624-631	anderen	
6-17	632-634	of	
6-18	635-638	dus	
6-19	639-641	of	
6-20	642-644	so	
6-21	645-652	bekomen	
6-22	652-653	,	
6-23	654-657	die	
6-24	658-661	van	
6-25	662-669	gelijke	
6-26	670-686	t'samenstellinge	
6-27	687-690	der	
6-28	691-697	deelen	
6-29	698-702	zijn	
6-30	702-703	.	

#Text=En overmits deselve
#Text=t'samenvlegtinge besonder in natuurlijk vogt van 's menschen lichaam plaatse vind:
#Text=
#Text=so noemt men dat gelijkheid van humeuren, dat is vogtigheden; en na dan die deelkens
#Text=wel of qualik tsaamgepast, gevlogten of geschikt zijn, dat heet des menschen goed
#Text=of quaad humeur.
7-1	704-706	En	
7-2	707-715	overmits	
7-3	716-723	deselve	
7-4	724-740	t'samenvlegtinge	
7-5	741-749	besonder	
7-6	750-752	in	
7-7	753-763	natuurlijk	
7-8	764-768	vogt	
7-9	769-772	van	
7-10	773-774	'	
7-11	774-775	s	
7-12	776-784	menschen	
7-13	785-792	lichaam	
7-14	793-800	plaatse	
7-15	801-805	vind	
7-16	805-806	:	
7-17	808-810	so	
7-18	811-816	noemt	
7-19	817-820	men	
7-20	821-824	dat	
7-21	825-835	gelijkheid	
7-22	836-839	van	
7-23	840-848	humeuren	
7-24	848-849	,	
7-25	850-853	dat	
7-26	854-856	is	
7-27	857-868	vogtigheden	
7-28	868-869	;	
7-29	870-872	en	
7-30	873-875	na	
7-31	876-879	dan	
7-32	880-883	die	
7-33	884-892	deelkens	
7-34	893-896	wel	
7-35	897-899	of	
7-36	900-906	qualik	
7-37	907-918	tsaamgepast	
7-38	918-919	,	
7-39	920-929	gevlogten	
7-40	930-932	of	
7-41	933-941	geschikt	
7-42	942-946	zijn	
7-43	946-947	,	
7-44	948-951	dat	
7-45	952-956	heet	
7-46	957-960	des	
7-47	961-969	menschen	
7-48	970-974	goed	
7-49	975-977	of	
7-50	978-983	quaad	
7-51	984-990	humeur	
7-52	990-991	.	

#Text=Dog dit en is het nog niet al.
8-1	992-995	Dog	
8-2	996-999	dit	
8-3	1000-1002	en	
8-4	1003-1005	is	
8-5	1006-1009	het	
8-6	1010-1013	nog	
8-7	1014-1018	niet	
8-8	1019-1021	al	
8-9	1021-1022	.	

#Text=De deelkens dus in een gevlogten,
#Text=zijn egter vlugge deelkens, die geduriglik uit en in wasemen; waar van so verr als
#Text=
#Text=iets met ogen is te sien, met een bewijs of proeve aan den rook of wasem van het
#Text=warme bloed mag sien.
9-1	1023-1025	De	
9-2	1026-1034	deelkens	
9-3	1035-1038	dus	
9-4	1039-1041	in	
9-5	1042-1045	een	
9-6	1046-1055	gevlogten	
9-7	1055-1056	,	
9-8	1057-1061	zijn	
9-9	1062-1067	egter	
9-10	1068-1074	vlugge	
9-11	1075-1083	deelkens	
9-12	1083-1084	,	
9-13	1085-1088	die	
9-14	1089-1099	geduriglik	
9-15	1100-1103	uit	
9-16	1104-1106	en	
9-17	1107-1109	in	
9-18	1110-1117	wasemen	
9-19	1117-1118	;	
9-20	1119-1123	waar	
9-21	1124-1127	van	
9-22	1128-1130	so	
9-23	1131-1135	verr	
9-24	1136-1139	als	
9-25	1141-1145	iets	
9-26	1146-1149	met	
9-27	1150-1154	ogen	
9-28	1155-1157	is	
9-29	1158-1160	te	
9-30	1161-1165	sien	
9-31	1165-1166	,	
9-32	1167-1170	met	
9-33	1171-1174	een	
9-34	1175-1181	bewijs	
9-35	1182-1184	of	
9-36	1185-1191	proeve	
9-37	1192-1195	aan	
9-38	1196-1199	den	
9-39	1200-1204	rook	
9-40	1205-1207	of	
9-41	1208-1213	wasem	
9-42	1214-1217	van	
9-43	1218-1221	het	
9-44	1222-1227	warme	
9-45	1228-1233	bloed	
9-46	1234-1237	mag	
9-47	1238-1242	sien	
9-48	1242-1243	.	

#Text=Want dese waassem anders niet en is dan ene menigte der
#Text=kleinste deeltjes onder een vermengd, met vlugge en gedurige beweginge.
10-1	1244-1248	Want	
10-2	1249-1253	dese	
10-3	1254-1261	waassem	
10-4	1262-1268	anders	
10-5	1269-1273	niet	
10-6	1274-1276	en	
10-7	1277-1279	is	
10-8	1280-1283	dan	
10-9	1284-1287	ene	
10-10	1288-1295	menigte	
10-11	1296-1299	der	
10-12	1300-1308	kleinste	
10-13	1309-1317	deeltjes	
10-14	1318-1323	onder	
10-15	1324-1327	een	
10-16	1328-1336	vermengd	
10-17	1336-1337	,	
10-18	1338-1341	met	
10-19	1342-1348	vlugge	
10-20	1349-1351	en	
10-21	1352-1360	gedurige	
10-22	1361-1370	beweginge	
10-23	1370-1371	.	

#Text=Die
#Text=deelkens wasemen het eene lichaam uit en 't ander in.
11-1	1372-1375	Die	
11-2	1376-1384	deelkens	
11-3	1385-1392	wasemen	
11-4	1393-1396	het	
11-5	1397-1401	eene	
11-6	1402-1409	lichaam	
11-7	1410-1413	uit	
11-8	1414-1416	en	
11-9	1417-1418	'	
11-10	1418-1419	t	
11-11	1420-1425	ander	
11-12	1426-1428	in	
11-13	1428-1429	.	

#Text=Nu heeft in alle dingen plaats,
#Text=dat overal gelijk soekt sijns gelijk, en paart met sijns gelijk.
12-1	1430-1432	Nu	
12-2	1433-1438	heeft	
12-3	1439-1441	in	
12-4	1442-1446	alle	
12-5	1447-1453	dingen	
12-6	1454-1460	plaats	
12-7	1460-1461	,	
12-8	1462-1465	dat	
12-9	1466-1472	overal	
12-10	1473-1479	gelijk	
12-11	1480-1485	soekt	
12-12	1486-1491	sijns	
12-13	1492-1498	gelijk	
12-14	1498-1499	,	
12-15	1500-1502	en	
12-16	1503-1508	paart	
12-17	1509-1512	met	
12-18	1513-1518	sijns	
12-19	1519-1525	gelijk	
12-20	1525-1526	.	

#Text=Wanneer sulx in de
#Text=menschelike t'samenlevinge niet uiterlijk also gebeurt;
#Text=het is om dat die paringe niet
#Text=door noodsakelikheid van nature, maar door beradinge word aangegaan: en niettemin
#Text=sal daar noch heimelik een oorsaak in de medeneiginge van die naturen zijn, die
#Text=uiterlik so niet en blijkt.
13-1	1527-1534	Wanneer	
13-2	1535-1539	sulx	
13-3	1540-1542	in	
13-4	1543-1545	de	
13-5	1546-1557	menschelike	
13-6	1558-1572	t'samenlevinge	
13-7	1573-1577	niet	
13-8	1578-1587	uiterlijk	
13-9	1588-1592	also	
13-10	1593-1600	gebeurt	
13-11	1600-1601	;	
13-12	1602-1605	het	
13-13	1606-1608	is	
13-14	1609-1611	om	
13-15	1612-1615	dat	
13-16	1616-1619	die	
13-17	1620-1627	paringe	
13-18	1628-1632	niet	
13-19	1633-1637	door	
13-20	1638-1653	noodsakelikheid	
13-21	1654-1657	van	
13-22	1658-1664	nature	
13-23	1664-1665	,	
13-24	1666-1670	maar	
13-25	1671-1675	door	
13-26	1676-1685	beradinge	
13-27	1686-1690	word	
13-28	1691-1700	aangegaan	
13-29	1700-1701	:	
13-30	1702-1704	en	
13-31	1705-1714	niettemin	
13-32	1715-1718	sal	
13-33	1719-1723	daar	
13-34	1724-1728	noch	
13-35	1729-1737	heimelik	
13-36	1738-1741	een	
13-37	1742-1749	oorsaak	
13-38	1750-1752	in	
13-39	1753-1755	de	
13-40	1756-1768	medeneiginge	
13-41	1769-1772	van	
13-42	1773-1776	die	
13-43	1777-1784	naturen	
13-44	1785-1789	zijn	
13-45	1789-1790	,	
13-46	1791-1794	die	
13-47	1795-1803	uiterlik	
13-48	1804-1806	so	
13-49	1807-1811	niet	
13-50	1812-1814	en	
13-51	1815-1821	blijkt	
13-52	1821-1822	.	

#Text=Balthasar Bekker, De betoverde wereld
#Text=
#Text=
#Text=\f
#Text=178
#Text=§.
#Text=7.
14-1	1825-1834	Balthasar	
14-2	1835-1841	Bekker	
14-3	1841-1842	,	
14-4	1843-1845	De	
14-5	1846-1855	betoverde	
14-6	1856-1862	wereld	
14-7	1867-1870	178	
14-8	1871-1872	§	
14-9	1872-1873	.	
14-10	1874-1875	7	
14-11	1875-1876	.	
