#FORMAT=WebAnno TSV 3.3


#Text=Daarenboven is hunne jalouzy ten opzichte van hunne vrouwen grooter dan die 
#Text=der Italiaanen; want zo ras zy de minste gemeenzaamheid, het zy met eenen
#Text=
#Text=
#Text=
#Text=
#Text=
#Text=
#Text=
#Text=
#Text=
#Text=
#Text=
#Text=+
#Text=Van de gevolgen der
#Text=
#Text=
#Text=
#Text=Neger of Indiaan, bespeuren, brengen zy haar om door vergift; doch, 't is iets\tjalouzye onder de Negers.
1-1	2-13	Daarenboven	
1-2	14-16	is	
1-3	17-22	hunne	
1-4	23-30	jalouzy	
1-5	31-34	ten	
1-6	35-43	opzichte	
1-7	44-47	van	
1-8	48-53	hunne	
1-9	54-61	vrouwen	
1-10	62-69	grooter	
1-11	70-73	dan	
1-12	74-77	die	
1-13	79-82	der	
1-14	83-93	Italiaanen	
1-15	93-94	;	
1-16	95-99	want	
1-17	100-102	zo	
1-18	103-106	ras	
1-19	107-109	zy	
1-20	110-112	de	
1-21	113-119	minste	
1-22	120-134	gemeenzaamheid	
1-23	134-135	,	
1-24	136-139	het	
1-25	140-142	zy	
1-26	143-146	met	
1-27	147-152	eenen	
1-28	164-165	+	
1-29	166-169	Van	
1-30	170-172	de	
1-31	173-181	gevolgen	
1-32	182-185	der	
1-33	189-194	Neger	
1-34	195-197	of	
1-35	198-205	Indiaan	
1-36	205-206	,	
1-37	207-216	bespeuren	
1-38	216-217	,	
1-39	218-225	brengen	
1-40	226-228	zy	
1-41	229-233	haar	
1-42	234-236	om	
1-43	237-241	door	
1-44	242-249	vergift	
1-45	249-250	;	
1-46	251-255	doch	
1-47	255-256	,	
1-48	257-258	'	
1-49	258-259	t	
1-50	260-262	is	
1-51	263-267	iets	
1-52	268-276	jalouzye	
1-53	277-282	onder	
1-54	283-285	de	
1-55	286-292	Negers	
1-56	292-293	.	

#Text=byzonders, dat zy anders denken, als zulks met een' Blanken geschiedt, waar over 
#Text=zy de minste gevoeligheid niet toonen, en 'er zelfs eere in stellen.
2-1	295-304	byzonders	
2-2	304-305	,	
2-3	306-309	dat	
2-4	310-312	zy	
2-5	313-319	anders	
2-6	320-326	denken	
2-7	326-327	,	
2-8	328-331	als	
2-9	332-337	zulks	
2-10	338-341	met	
2-11	342-345	een	
2-12	345-346	'	
2-13	347-354	Blanken	
2-14	355-364	geschiedt	
2-15	364-365	,	
2-16	366-370	waar	
2-17	371-375	over	
2-18	377-379	zy	
2-19	380-382	de	
2-20	383-389	minste	
2-21	390-402	gevoeligheid	
2-22	403-407	niet	
2-23	408-414	toonen	
2-24	414-415	,	
2-25	416-418	en	
2-26	419-420	'	
2-27	420-422	er	
2-28	423-428	zelfs	
2-29	429-433	eere	
2-30	434-436	in	
2-31	437-444	stellen	
2-32	444-445	.	

#Text=Alle Negers komen tot hooge jaaren, en gevoelen schier nooit eenige ongemakken
#Text=
#Text=dan die des ouderdoms, zynde daar in gelyk aan de Indiaanen
#Text=, van welken ik 
#Text=gesproken heb.
3-1	450-454	Alle	
3-2	455-461	Negers	
3-3	462-467	komen	
3-4	468-471	tot	
3-5	472-477	hooge	
3-6	478-484	jaaren	
3-7	484-485	,	
3-8	486-488	en	
3-9	489-497	gevoelen	
3-10	498-504	schier	
3-11	505-510	nooit	
3-12	511-517	eenige	
3-13	518-528	ongemakken	
3-14	530-533	dan	
3-15	534-537	die	
3-16	538-541	des	
3-17	542-551	ouderdoms	
3-18	551-552	,	
3-19	553-558	zynde	
3-20	559-563	daar	
3-21	564-566	in	
3-22	567-572	gelyk	
3-23	573-576	aan	
3-24	577-579	de	
3-25	580-589	Indiaanen	
3-26	590-591	,	
3-27	592-595	van	
3-28	596-602	welken	
3-29	603-605	ik	
3-30	607-616	gesproken	
3-31	617-620	heb	
3-32	620-621	.	

#Text=Ik weet niet, of dit aan beide deze volken eigen is, dan of het een 
#Text=gevolg is van de luchtstreek van Suriname.
4-1	622-624	Ik	
4-2	625-629	weet	
4-3	630-634	niet	
4-4	634-635	,	
4-5	636-638	of	
4-6	639-642	dit	
4-7	643-646	aan	
4-8	647-652	beide	
4-9	653-657	deze	
4-10	658-664	volken	
4-11	665-670	eigen	
4-12	671-673	is	
4-13	673-674	,	
4-14	675-678	dan	
4-15	679-681	of	
4-16	682-685	het	
4-17	686-689	een	
4-18	691-697	gevolg	
4-19	698-700	is	
4-20	701-704	van	
4-21	705-707	de	
4-22	708-719	luchtstreek	
4-23	720-723	van	
4-24	724-732	Suriname	
4-25	732-733	.	

#Text=Wat 'er van zy, niemand heeft meer 
#Text=eerbied voor de Gryzaarts dan de jonge lieden dezer Natie; zy noemen hen nooit 
#Text=anders dan Tata, welk Vader betekent, en bewyzen
#Text=
#Text=
#Text=
#Text=
#Text=
#Text=hun alle mogelyke onderdaanigheid.
5-1	734-737	Wat	
5-2	738-739	'	
5-3	739-741	er	
5-4	742-745	van	
5-5	746-748	zy	
5-6	748-749	,	
5-7	750-757	niemand	
5-8	758-763	heeft	
5-9	764-768	meer	
5-10	770-777	eerbied	
5-11	778-782	voor	
5-12	783-785	de	
5-13	786-795	Gryzaarts	
5-14	796-799	dan	
5-15	800-802	de	
5-16	803-808	jonge	
5-17	809-815	lieden	
5-18	816-821	dezer	
5-19	822-827	Natie	
5-20	827-828	;	
5-21	829-831	zy	
5-22	832-838	noemen	
5-23	839-842	hen	
5-24	843-848	nooit	
5-25	850-856	anders	
5-26	857-860	dan	
5-27	861-865	Tata	
5-28	865-866	,	
5-29	867-871	welk	
5-30	872-877	Vader	
5-31	878-886	betekent	
5-32	886-887	,	
5-33	888-890	en	
5-34	891-898	bewyzen	
5-35	904-907	hun	
5-36	908-912	alle	
5-37	913-921	mogelyke	
5-38	922-937	onderdaanigheid	
5-39	937-938	.	

#Text=De gryzaarts, daar en tegen, vermaanen hen 
#Text=altyd, om zich wel te kwyten van de pligten omtrent hunne meesters, op dat zy 'er 
#Text=wel van behandeld mogen worden, en, in 't vervolg, de welverdiende belooningen 
#Text=erlangen.
6-1	939-941	De	
6-2	942-951	gryzaarts	
6-3	951-952	,	
6-4	953-957	daar	
6-5	958-960	en	
6-6	961-966	tegen	
6-7	966-967	,	
6-8	968-977	vermaanen	
6-9	978-981	hen	
6-10	983-988	altyd	
6-11	988-989	,	
6-12	990-992	om	
6-13	993-997	zich	
6-14	998-1001	wel	
6-15	1002-1004	te	
6-16	1005-1011	kwyten	
6-17	1012-1015	van	
6-18	1016-1018	de	
6-19	1019-1026	pligten	
6-20	1027-1034	omtrent	
6-21	1035-1040	hunne	
6-22	1041-1049	meesters	
6-23	1049-1050	,	
6-24	1051-1053	op	
6-25	1054-1057	dat	
6-26	1058-1060	zy	
6-27	1061-1062	'	
6-28	1062-1064	er	
6-29	1066-1069	wel	
6-30	1070-1073	van	
6-31	1074-1083	behandeld	
6-32	1084-1089	mogen	
6-33	1090-1096	worden	
6-34	1096-1097	,	
6-35	1098-1100	en	
6-36	1100-1101	,	
6-37	1102-1104	in	
6-38	1105-1106	'	
6-39	1106-1107	t	
6-40	1108-1115	vervolg	
6-41	1115-1116	,	
6-42	1117-1119	de	
6-43	1120-1132	welverdiende	
6-44	1133-1144	belooningen	
6-45	1146-1154	erlangen	
6-46	1154-1155	.	

#Text='t Is zeker, dat, indien wy maar de minste menschlievendheid aan de 
#Text=slaaven betoonen, wy niet anders kunnen wagten, dan wel gediend te worden:
#Text='t 
#Text=welk my ook een krachtiger middel schynt te zyn dan de al te groote gestrengheid
#Text=, 
#Text=die dikwyls maar al te veel de oorzaak is van de wanhoop, daar zy in vervallen, en 
#Text=die meer tot ons nadeel dan tot hunne schade uitvalt
7-1	1156-1157	'	
7-2	1157-1158	t	
7-3	1159-1161	Is	
7-4	1162-1167	zeker	
7-5	1167-1168	,	
7-6	1169-1172	dat	
7-7	1172-1173	,	
7-8	1174-1180	indien	
7-9	1181-1183	wy	
7-10	1184-1188	maar	
7-11	1189-1191	de	
7-12	1192-1198	minste	
7-13	1199-1216	menschlievendheid	
7-14	1217-1220	aan	
7-15	1221-1223	de	
7-16	1225-1232	slaaven	
7-17	1233-1241	betoonen	
7-18	1241-1242	,	
7-19	1243-1245	wy	
7-20	1246-1250	niet	
7-21	1251-1257	anders	
7-22	1258-1264	kunnen	
7-23	1265-1271	wagten	
7-24	1271-1272	,	
7-25	1273-1276	dan	
7-26	1277-1280	wel	
7-27	1281-1288	gediend	
7-28	1289-1291	te	
7-29	1292-1298	worden	
7-30	1298-1299	:	
7-31	1300-1301	'	
7-32	1301-1302	t	
7-33	1304-1308	welk	
7-34	1309-1311	my	
7-35	1312-1315	ook	
7-36	1316-1319	een	
7-37	1320-1330	krachtiger	
7-38	1331-1337	middel	
7-39	1338-1344	schynt	
7-40	1345-1347	te	
7-41	1348-1351	zyn	
7-42	1352-1355	dan	
7-43	1356-1358	de	
7-44	1359-1361	al	
7-45	1362-1364	te	
7-46	1365-1371	groote	
7-47	1372-1384	gestrengheid	
7-48	1385-1386	,	
7-49	1388-1391	die	
7-50	1392-1399	dikwyls	
7-51	1400-1404	maar	
7-52	1405-1407	al	
7-53	1408-1410	te	
7-54	1411-1415	veel	
7-55	1416-1418	de	
7-56	1419-1426	oorzaak	
7-57	1427-1429	is	
7-58	1430-1433	van	
7-59	1434-1436	de	
7-60	1437-1444	wanhoop	
7-61	1444-1445	,	
7-62	1446-1450	daar	
7-63	1451-1453	zy	
7-64	1454-1456	in	
7-65	1457-1466	vervallen	
7-66	1466-1467	,	
7-67	1468-1470	en	
7-68	1472-1475	die	
7-69	1476-1480	meer	
7-70	1481-1484	tot	
7-71	1485-1488	ons	
7-72	1489-1495	nadeel	
7-73	1496-1499	dan	
7-74	1500-1503	tot	
7-75	1504-1509	hunne	
7-76	1510-1516	schade	
7-77	1517-1524	uitvalt	

#Text=.
8-1	1524-1525	.	

#Text=+
#Text=De huwelyken dezer volken zyn veel weezenlyker dan die der Indiaanen, of 
#Text=inboorlingen des lands, schoon zy geen grooter omslag van voorbreidzels 
#Text=vereischen.
9-1	1532-1533	+	
9-2	1534-1536	De	
9-3	1537-1546	huwelyken	
9-4	1547-1552	dezer	
9-5	1553-1559	volken	
9-6	1560-1563	zyn	
9-7	1564-1568	veel	
9-8	1569-1580	weezenlyker	
9-9	1581-1584	dan	
9-10	1585-1588	die	
9-11	1589-1592	der	
9-12	1593-1602	Indiaanen	
9-13	1602-1603	,	
9-14	1604-1606	of	
9-15	1608-1620	inboorlingen	
9-16	1621-1624	des	
9-17	1625-1630	lands	
9-18	1630-1631	,	
9-19	1632-1638	schoon	
9-20	1639-1641	zy	
9-21	1642-1646	geen	
9-22	1647-1654	grooter	
9-23	1655-1661	omslag	
9-24	1662-1665	van	
9-25	1666-1679	voorbreidzels	
9-26	1681-1691	vereischen	
9-27	1691-1692	.	

#Text=Indien, by voorbeeld, een Neger en eene Negerin overeengekomen
#Text=zyn om te trouwen, en aan verscheidene meesters toebehooren, dan verzoekt de 
#Text=Neger zyne vryster ten huwelyk by de Meesteresse, aan welke zy toekomt, met 
#Text=belofte, dat hy zorg voor haar zal draagen, en de Negerin, van haar kant, geeft haar 
#Text=meesteresse haar voorneemen te kennen, en verzoekt derzelver toestemming,
#Text=welke verkreegen hebbende, geeven zy elkanderen
10-1	1693-1699	Indien	
10-2	1699-1700	,	
10-3	1701-1703	by	
10-4	1704-1713	voorbeeld	
10-5	1713-1714	,	
10-6	1715-1718	een	
10-7	1719-1724	Neger	
10-8	1725-1727	en	
10-9	1728-1732	eene	
10-10	1733-1740	Negerin	
10-11	1741-1755	overeengekomen	
10-12	1756-1759	zyn	
10-13	1760-1762	om	
10-14	1763-1765	te	
10-15	1766-1773	trouwen	
10-16	1773-1774	,	
10-17	1775-1777	en	
10-18	1778-1781	aan	
10-19	1782-1794	verscheidene	
10-20	1795-1803	meesters	
10-21	1804-1815	toebehooren	
10-22	1815-1816	,	
10-23	1817-1820	dan	
10-24	1821-1829	verzoekt	
10-25	1830-1832	de	
10-26	1834-1839	Neger	
10-27	1840-1844	zyne	
10-28	1845-1852	vryster	
10-29	1853-1856	ten	
10-30	1857-1864	huwelyk	
10-31	1865-1867	by	
10-32	1868-1870	de	
10-33	1871-1882	Meesteresse	
10-34	1882-1883	,	
10-35	1884-1887	aan	
10-36	1888-1893	welke	
10-37	1894-1896	zy	
10-38	1897-1904	toekomt	
10-39	1904-1905	,	
10-40	1906-1909	met	
10-41	1911-1918	belofte	
10-42	1918-1919	,	
10-43	1920-1923	dat	
10-44	1924-1926	hy	
10-45	1927-1931	zorg	
10-46	1932-1936	voor	
10-47	1937-1941	haar	
10-48	1942-1945	zal	
10-49	1946-1953	draagen	
10-50	1953-1954	,	
10-51	1955-1957	en	
10-52	1958-1960	de	
10-53	1961-1968	Negerin	
10-54	1968-1969	,	
10-55	1970-1973	van	
10-56	1974-1978	haar	
10-57	1979-1983	kant	
10-58	1983-1984	,	
10-59	1985-1990	geeft	
10-60	1991-1995	haar	
10-61	1997-2008	meesteresse	
10-62	2009-2013	haar	
10-63	2014-2024	voorneemen	
10-64	2025-2027	te	
10-65	2028-2034	kennen	
10-66	2034-2035	,	
10-67	2036-2038	en	
10-68	2039-2047	verzoekt	
10-69	2048-2057	derzelver	
10-70	2058-2069	toestemming	
10-71	2069-2070	,	
10-72	2071-2076	welke	
10-73	2077-2087	verkreegen	
10-74	2088-2096	hebbende	
10-75	2096-2097	,	
10-76	2098-2104	geeven	
10-77	2105-2107	zy	
10-78	2108-2118	elkanderen	
