#FORMAT=WebAnno TSV 3.3
#T_SP=custom.Span|label
#T_RL=custom.Relation|label|BT_custom.Span


#Text=Il Signor Principe con ogni feruenza personalmente si affaticaua per souuenimento de i poueri, incitando à deuotione ciascuno, e ordinando prouedimento à tutti i bisognosi; opera al certo degna di un suo eguale.
1-1	1-3	Il	_	_	_	
1-2	4-10	Signor	_	_	_	
1-3	11-19	Principe	_	_	_	
1-4	20-23	con	_	_	_	
1-5	24-28	ogni	_	_	_	
1-6	29-37	feruenza	_	_	_	
1-7	38-51	personalmente	_	_	_	
1-8	52-54	si	_	_	_	
1-9	55-65	affaticaua	_	_	_	
1-10	66-69	per	_	_	_	
1-11	70-82	souuenimento	_	_	_	
1-12	83-85	de	_	_	_	
1-13	86-87	i	_	_	_	
1-14	88-94	poueri	_	_	_	
1-15	94-95	,	_	_	_	
1-16	96-105	incitando	_	_	_	
1-17	106-107	à	_	_	_	
1-18	108-117	deuotione	_	_	_	
1-19	118-126	ciascuno	_	_	_	
1-20	126-127	,	_	_	_	
1-21	128-129	e	_	_	_	
1-22	130-139	ordinando	_	_	_	
1-23	140-152	prouedimento	_	_	_	
1-24	153-154	à	_	_	_	
1-25	155-160	tutti	_	_	_	
1-26	161-162	i	_	_	_	
1-27	163-172	bisognosi	_	_	_	
1-28	172-173	;	_	_	_	
1-29	174-179	opera	_	_	_	
1-30	180-182	al	_	_	_	
1-31	183-188	certo	_	_	_	
1-32	189-194	degna	_	_	_	
1-33	195-197	di	_	_	_	
1-34	198-200	un	_	_	_	
1-35	201-204	suo	_	_	_	
1-36	205-211	eguale	_	_	_	
1-37	211-212	.	_	_	_	

#Text=La Chiesa del Crocifisso con il Campanile, dove era vn Monastero di Religiose rouinò senza offesa delle Monache.
2-1	214-216	La	_	_	_	
2-2	217-223	Chiesa	_	_	_	
2-3	224-227	del	_	_	_	
2-4	228-238	Crocifisso	_	_	_	
2-5	239-242	con	_	_	_	
2-6	243-245	il	_	_	_	
2-7	246-255	Campanile	_	_	_	
2-8	255-256	,	_	_	_	
2-9	257-261	dove	_	_	_	
2-10	262-265	era	_	_	_	
2-11	266-268	vn	_	_	_	
2-12	269-278	Monastero	_	_	_	
2-13	279-281	di	_	_	_	
2-14	282-291	Religiose	_	_	_	
2-15	292-298	rouinò	_	_	_	
2-16	299-304	senza	_	_	_	
2-17	305-311	offesa	_	_	_	
2-18	312-317	delle	_	_	_	
2-19	318-325	Monache	_	_	_	
2-20	325-326	.	_	_	_	

#Text=Furono scauati da 35.
3-1	328-334	Furono	_	_	_	
3-2	335-342	scauati	_	_	_	
3-3	343-345	da	_	_	_	
3-4	346-348	35	_	_	_	
3-5	348-349	.	_	_	_	

#Text=Cadaueri in campagna, e altri morirno chiusi dalle rouine, nulla giouandogli il dolersi, il rammaricarsi, e il chiedere aiuto, non potendoglisi somministrare, essendoui tramezzata l’acqua di colore più tosto negro, che
#Text=
#Text=[versione critica]
#Text=
#Text=ordine si fecero Processioni con portare Immagini della Santissima Vergine, e altri Santi, battendosi ciascuno con ogni asprezza, e sino i Fanciulli esclamando misericordia si percuotevano co i sassi.
4-1	350-358	Cadaueri	_	_	_	
4-2	359-361	in	_	_	_	
4-3	362-370	campagna	_	_	_	
4-4	370-371	,	_	_	_	
4-5	372-373	e	_	_	_	
4-6	374-379	altri	_	_	_	
4-7	380-387	morirno	_	_	_	
4-8	388-394	chiusi	_	_	_	
4-9	395-400	dalle	_	_	_	
4-10	401-407	rouine	_	_	_	
4-11	407-408	,	_	_	_	
4-12	409-414	nulla	_	_	_	
4-13	415-426	giouandogli	_	_	_	
4-14	427-429	il	_	_	_	
4-15	430-437	dolersi	_	_	_	
4-16	437-438	,	_	_	_	
4-17	439-441	il	_	_	_	
4-18	442-454	rammaricarsi	_	_	_	
4-19	454-455	,	_	_	_	
4-20	456-457	e	_	_	_	
4-21	458-460	il	_	_	_	
4-22	461-469	chiedere	_	_	_	
4-23	470-475	aiuto	_	_	_	
4-24	475-476	,	_	_	_	
4-25	477-480	non	_	_	_	
4-26	481-493	potendoglisi	_	_	_	
4-27	494-507	somministrare	_	_	_	
4-28	507-508	,	_	_	_	
4-29	509-518	essendoui	_	_	_	
4-30	519-529	tramezzata	_	_	_	
4-31	530-531	l	_	_	_	
4-32	531-532	’	_	_	_	
4-33	532-537	acqua	_	_	_	
4-34	538-540	di	_	_	_	
4-35	541-547	colore	_	_	_	
4-36	548-551	più	_	_	_	
4-37	552-557	tosto	_	_	_	
4-38	558-563	negro	_	_	_	
4-39	563-564	,	_	_	_	
4-40	565-568	che	_	_	_	
4-41	570-571	[	_	_	_	
4-42	571-579	versione	_	_	_	
4-43	580-587	critica	_	_	_	
4-44	587-588	]	_	_	_	
4-45	590-596	ordine	_	_	_	
4-46	597-599	si	_	_	_	
4-47	600-606	fecero	_	_	_	
4-48	607-618	Processioni	_	_	_	
4-49	619-622	con	_	_	_	
4-50	623-630	portare	_	_	_	
4-51	631-639	Immagini	_	_	_	
4-52	640-645	della	_	_	_	
4-53	646-656	Santissima	_	_	_	
4-54	657-664	Vergine	_	_	_	
4-55	664-665	,	_	_	_	
4-56	666-667	e	_	_	_	
4-57	668-673	altri	_	_	_	
4-58	674-679	Santi	_	_	_	
4-59	679-680	,	_	_	_	
4-60	681-691	battendosi	_	_	_	
4-61	692-700	ciascuno	_	_	_	
4-62	701-704	con	_	_	_	
4-63	705-709	ogni	_	_	_	
4-64	710-718	asprezza	_	_	_	
4-65	718-719	,	_	_	_	
4-66	720-721	e	_	_	_	
4-67	722-726	sino	_	_	_	
4-68	727-728	i	_	_	_	
4-69	729-738	Fanciulli	_	_	_	
4-70	739-749	esclamando	_	_	_	
4-71	750-762	misericordia	_	_	_	
4-72	763-765	si	_	_	_	
4-73	766-778	percuotevano	_	_	_	
4-74	779-781	co	_	_	_	
4-75	782-783	i	_	_	_	
4-76	784-789	sassi	_	_	_	
4-77	789-790	.	_	_	_	

#Text=Le Donne si graffiavano il volto, si stracciavano i panni, e strappavansi i capelli.
5-1	791-793	Le	_	_	_	
5-2	794-799	Donne	_	_	_	
5-3	800-802	si	_	_	_	
5-4	803-814	graffiavano	_	_	_	
5-5	815-817	il	_	_	_	
5-6	818-823	volto	_	_	_	
5-7	823-824	,	_	_	_	
5-8	825-827	si	_	_	_	
5-9	828-840	stracciavano	_	_	_	
5-10	841-842	i	_	_	_	
5-11	843-848	panni	_	_	_	
5-12	848-849	,	_	_	_	
5-13	850-851	e	_	_	_	
5-14	852-864	strappavansi	_	_	_	
5-15	865-866	i	_	_	_	
5-16	867-874	capelli	_	_	_	
5-17	874-875	.	_	_	_	

#Text=La confusione era grandissima spaventandosi l’un l’altro con le voci, e l’esclamationi; furono però raffrenate per la venuta del giorno, quale apportò non poco conforto a quei miseri, ed infelici.
6-1	876-878	La	_	_	_	
6-2	879-889	confusione	_	_	_	
6-3	890-893	era	_	_	_	
6-4	894-905	grandissima	_	_	_	
6-5	906-919	spaventandosi	_	_	_	
6-6	920-921	l	_	_	_	
6-7	921-922	’	_	_	_	
6-8	922-924	un	_	_	_	
6-9	925-926	l	_	_	_	
6-10	926-927	’	_	_	_	
6-11	927-932	altro	_	_	_	
6-12	933-936	con	_	_	_	
6-13	937-939	le	_	_	_	
6-14	940-944	voci	_	_	_	
6-15	944-945	,	_	_	_	
6-16	946-947	e	_	_	_	
6-17	948-949	l	_	_	_	
6-18	949-950	’	_	_	_	
6-19	950-962	esclamationi	_	_	_	
6-20	962-963	;	_	_	_	
6-21	964-970	furono	_	_	_	
6-22	971-975	però	_	_	_	
6-23	976-986	raffrenate	_	_	_	
6-24	987-990	per	_	_	_	
6-25	991-993	la	_	_	_	
6-26	994-1000	venuta	_	_	_	
6-27	1001-1004	del	_	_	_	
6-28	1005-1011	giorno	_	_	_	
6-29	1011-1012	,	_	_	_	
6-30	1013-1018	quale	_	_	_	
6-31	1019-1026	apportò	_	_	_	
6-32	1027-1030	non	_	_	_	
6-33	1031-1035	poco	_	_	_	
6-34	1036-1044	conforto	_	_	_	
6-35	1045-1046	a	_	_	_	
6-36	1047-1051	quei	_	_	_	
6-37	1052-1058	miseri	_	_	_	
6-38	1058-1059	,	_	_	_	
6-39	1060-1062	ed	_	_	_	
6-40	1063-1071	infelici	_	_	_	
6-41	1071-1072	.	_	_	_	

#Text=Si moltiplicorno i devoti Esercizi, dicendosi, e celebrandosi Messe in campagna, facendosi oratione, et esponendosi preghiere a Sua Divina Maestà, parendo appunto esser giunto il fine del Mondo, e il giorno del Giuditio.
7-1	1073-1075	Si	_	_	_	
7-2	1076-1089	moltiplicorno	_	_	_	
7-3	1090-1091	i	_	_	_	
7-4	1092-1098	devoti	_	_	_	
7-5	1099-1107	Esercizi	_	_	_	
7-6	1107-1108	,	_	_	_	
7-7	1109-1118	dicendosi	_	_	_	
7-8	1118-1119	,	_	_	_	
7-9	1120-1121	e	_	_	_	
7-10	1122-1134	celebrandosi	_	_	_	
7-11	1135-1140	Messe	_	_	_	
7-12	1141-1143	in	_	_	_	
7-13	1144-1152	campagna	_	_	_	
7-14	1152-1153	,	_	_	_	
7-15	1154-1163	facendosi	_	_	_	
7-16	1164-1172	oratione	_	_	_	
7-17	1172-1173	,	_	_	_	
7-18	1174-1176	et	_	_	_	
7-19	1177-1188	esponendosi	_	_	_	
7-20	1189-1198	preghiere	_	_	_	
7-21	1199-1200	a	_	_	_	
7-22	1201-1204	Sua	_	_	_	
7-23	1205-1211	Divina	_	_	_	
7-24	1212-1218	Maestà	_	_	_	
7-25	1218-1219	,	_	_	_	
7-26	1220-1227	parendo	_	_	_	
7-27	1228-1235	appunto	_	_	_	
7-28	1236-1241	esser	_	_	_	
7-29	1242-1248	giunto	_	_	_	
7-30	1249-1251	il	_	_	_	
7-31	1252-1256	fine	_	_	_	
7-32	1257-1260	del	_	_	_	
7-33	1261-1266	Mondo	_	_	_	
7-34	1266-1267	,	_	_	_	
7-35	1268-1269	e	_	_	_	
7-36	1270-1272	il	_	_	_	
7-37	1273-1279	giorno	_	_	_	
7-38	1280-1283	del	_	_	_	
7-39	1284-1292	Giuditio	_	_	_	
7-40	1292-1293	.	_	_	_	

#Text=Il Signor Principe con ogni fervenza personalmente si affaticava per sovvenimento de i poveri, incitando a devozione ciascuno, e ordinando provedimento a tutti i bisognosi; opera al certo degna di un suo eguale.
8-1	1295-1297	Il	_	_	_	
8-2	1298-1304	Signor	_	_	_	
8-3	1305-1313	Principe	_	_	_	
8-4	1314-1317	con	_	_	_	
8-5	1318-1322	ogni	_	_	_	
8-6	1323-1331	fervenza	_	_	_	
8-7	1332-1345	personalmente	_	_	_	
8-8	1346-1348	si	_	_	_	
8-9	1349-1359	affaticava	_	_	_	
8-10	1360-1363	per	_	_	_	
8-11	1364-1376	sovvenimento	_	_	_	
8-12	1377-1379	de	_	_	_	
8-13	1380-1381	i	_	_	_	
8-14	1382-1388	poveri	_	_	_	
8-15	1388-1389	,	_	_	_	
8-16	1390-1399	incitando	_	_	_	
8-17	1400-1401	a	_	_	_	
8-18	1402-1411	devozione	_	_	_	
8-19	1412-1420	ciascuno	_	_	_	
8-20	1420-1421	,	_	_	_	
8-21	1422-1423	e	_	_	_	
8-22	1424-1433	ordinando	_	_	_	
8-23	1434-1446	provedimento	_	_	_	
8-24	1447-1448	a	_	_	_	
8-25	1449-1454	tutti	_	_	_	
8-26	1455-1456	i	_	_	_	
8-27	1457-1466	bisognosi	_	_	_	
8-28	1466-1467	;	_	_	_	
8-29	1468-1473	opera	_	_	_	
8-30	1474-1476	al	_	_	_	
8-31	1477-1482	certo	_	_	_	
8-32	1483-1488	degna	_	_	_	
8-33	1489-1491	di	_	_	_	
8-34	1492-1494	un	_	_	_	
8-35	1495-1498	suo	_	_	_	
8-36	1499-1505	eguale	_	_	_	
8-37	1505-1506	.	_	_	_	

#Text=La Chiesa del Crocifisso con il Campanile, dove era un Monastero di Religiose rovinò senza offesa delle Monache.
9-1	1508-1510	La	_	_	_	
9-2	1511-1517	Chiesa	_	_	_	
9-3	1518-1521	del	_	_	_	
9-4	1522-1532	Crocifisso	_	_	_	
9-5	1533-1536	con	_	_	_	
9-6	1537-1539	il	_	_	_	
9-7	1540-1549	Campanile	_	_	_	
9-8	1549-1550	,	_	_	_	
9-9	1551-1555	dove	_	_	_	
9-10	1556-1559	era	_	_	_	
9-11	1560-1562	un	_	_	_	
9-12	1563-1572	Monastero	_	_	_	
9-13	1573-1575	di	_	_	_	
9-14	1576-1585	Religiose	_	_	_	
9-15	1586-1592	rovinò	_	_	_	
9-16	1593-1598	senza	_	_	_	
9-17	1599-1605	offesa	_	_	_	
9-18	1606-1611	delle	_	_	_	
9-19	1612-1619	Monache	_	_	_	
9-20	1619-1620	.	_	_	_	

#Text=Furono scavati da 35.
10-1	1622-1628	Furono	_	_	_	
10-2	1629-1636	scavati	_	_	_	
10-3	1637-1639	da	_	_	_	
10-4	1640-1642	35	_	_	_	
10-5	1642-1643	.	_	_	_	

#Text=Cadaveri in campagna, e altri morirno chiusi dalle rovine, nulla giovandogli il dolersi, il rammaricarsi, e il chiedere aiuto, non potendoglisi somministrare, essendovi tramezzata l’acqua di colore più tosto negro, che
#Text=
#Text=
#Text=[versione diplomatica]
#Text=
#Text=di altro colore, e con qualche puzza, e fetore; onde vieta l’auuicinaruisì.
11-1	1644-1652	Cadaveri	_	_	_	
11-2	1653-1655	in	_	_	_	
11-3	1656-1664	campagna	_	_	_	
11-4	1664-1665	,	_	_	_	
11-5	1666-1667	e	_	_	_	
11-6	1668-1673	altri	_	_	_	
11-7	1674-1681	morirno	_	_	_	
11-8	1682-1688	chiusi	_	_	_	
11-9	1689-1694	dalle	_	_	_	
11-10	1695-1701	rovine	_	_	_	
11-11	1701-1702	,	_	_	_	
11-12	1703-1708	nulla	_	_	_	
11-13	1709-1720	giovandogli	_	_	_	
11-14	1721-1723	il	_	_	_	
11-15	1724-1731	dolersi	_	_	_	
11-16	1731-1732	,	_	_	_	
11-17	1733-1735	il	_	_	_	
11-18	1736-1748	rammaricarsi	_	_	_	
11-19	1748-1749	,	_	_	_	
11-20	1750-1751	e	_	_	_	
11-21	1752-1754	il	_	_	_	
11-22	1755-1763	chiedere	_	_	_	
11-23	1764-1769	aiuto	_	_	_	
11-24	1769-1770	,	_	_	_	
11-25	1771-1774	non	_	_	_	
11-26	1775-1787	potendoglisi	_	_	_	
11-27	1788-1801	somministrare	_	_	_	
11-28	1801-1802	,	_	_	_	
11-29	1803-1812	essendovi	_	_	_	
11-30	1813-1823	tramezzata	_	_	_	
11-31	1824-1825	l	_	_	_	
11-32	1825-1826	’	_	_	_	
11-33	1826-1831	acqua	Odour\_Carrier	_	_	
11-34	1832-1834	di	_	_	_	
11-35	1835-1841	colore	_	_	_	
11-36	1842-1845	più	_	_	_	
11-37	1846-1851	tosto	_	_	_	
11-38	1852-1857	negro	_	_	_	
11-39	1857-1858	,	_	_	_	
11-40	1859-1862	che	_	_	_	
11-41	1865-1866	[	_	_	_	
11-42	1866-1874	versione	_	_	_	
11-43	1875-1886	diplomatica	_	_	_	
11-44	1886-1887	]	_	_	_	
11-45	1889-1891	di	_	_	_	
11-46	1892-1897	altro	_	_	_	
11-47	1898-1904	colore	_	_	_	
11-48	1904-1905	,	_	_	_	
11-49	1906-1907	e	_	_	_	
11-50	1908-1911	con	_	_	_	
11-51	1912-1919	qualche	_	_	_	
11-52	1920-1925	puzza	Smell\_Word	*	11-33	
11-53	1925-1926	,	_	_	_	
11-54	1927-1928	e	_	_	_	
11-55	1929-1935	fetore	Smell\_Word	*	11-33	
11-56	1935-1936	;	_	_	_	
11-57	1937-1941	onde	_	_	_	
11-58	1942-1947	vieta	_	_	_	
11-59	1948-1949	l	_	_	_	
11-60	1949-1950	’	_	_	_	
11-61	1950-1963	auuicinaruisì	_	_	_	
11-62	1963-1964	.	_	_	_	

#Text=Campo Tosto è rouinato parte.
12-1	1966-1971	Campo	_	_	_	
12-2	1972-1977	Tosto	_	_	_	
12-3	1978-1979	è	_	_	_	
12-4	1980-1988	rouinato	_	_	_	
12-5	1989-1994	parte	_	_	_	
12-6	1994-1995	.	_	_	_	

#Text=San Martino tutto.
13-1	1996-1999	San	_	_	_	
13-2	2000-2007	Martino	_	_	_	
13-3	2008-2013	tutto	_	_	_	
13-4	2013-2014	.	_	_	_	

#Text=Collalto à mal termine.
14-1	2015-2023	Collalto	_	_	_	
14-2	2024-2025	à	_	_	_	
14-3	2026-2029	mal	_	_	_	
14-4	2030-2037	termine	_	_	_	
14-5	2037-2038	.	_	_	_	

#Text=Pinaca parte.
15-1	2039-2045	Pinaca	_	_	_	
15-2	2046-2051	parte	_	_	_	
15-3	2051-2052	.	_	_	_	

#Text=Filetta, e Nescaia tutte.
16-1	2053-2060	Filetta	_	_	_	
16-2	2060-2061	,	_	_	_	
16-3	2062-2063	e	_	_	_	
16-4	2064-2071	Nescaia	_	_	_	
16-5	2072-2077	tutte	_	_	_	
16-6	2077-2078	.	_	_	_	

#Text=L’Abadia di S.Lorenzo sotto il Vescouato di Ascoli quasi tutta.
17-1	2079-2080	L	_	_	_	
17-2	2080-2081	’	_	_	_	
17-3	2081-2087	Abadia	_	_	_	
17-4	2088-2090	di	_	_	_	
17-5	2091-2100	S.Lorenzo	_	_	_	
17-6	2101-2106	sotto	_	_	_	
17-7	2107-2109	il	_	_	_	
17-8	2110-2119	Vescouato	_	_	_	
17-9	2120-2122	di	_	_	_	
17-10	2123-2129	Ascoli	_	_	_	
17-11	2130-2135	quasi	_	_	_	
17-12	2136-2141	tutta	_	_	_	
17-13	2141-2142	.	_	_	_	

#Text=Padarga parte.
18-1	2143-2150	Padarga	_	_	_	
18-2	2151-2156	parte	_	_	_	
18-3	2156-2157	.	_	_	_	

#Text=In Cantone Villa è restata vna semplice casa.
19-1	2158-2160	In	_	_	_	
19-2	2161-2168	Cantone	_	_	_	
19-3	2169-2174	Villa	_	_	_	
19-4	2175-2176	è	_	_	_	
19-5	2177-2184	restata	_	_	_	
19-6	2185-2188	vna	_	_	_	
19-7	2189-2197	semplice	_	_	_	
19-8	2198-2202	casa	_	_	_	
19-9	2202-2203	.	_	_	_	

#Text=Corua è destrutta.
20-1	2204-2209	Corua	_	_	_	
20-2	2210-2211	è	_	_	_	
20-3	2212-2221	destrutta	_	_	_	
20-4	2221-2222	.	_	_	_	

#Text=Forcella tutta.
21-1	2223-2231	Forcella	_	_	_	
21-2	2232-2237	tutta	_	_	_	
21-3	2237-2238	.	_	_	_	

#Text=Capricchio bona parte.
22-1	2239-2249	Capricchio	_	_	_	
22-2	2250-2254	bona	_	_	_	
22-3	2255-2260	parte	_	_	_	
22-4	2260-2261	.	_	_	_	

#Text=La Leia poco.
23-1	2262-2264	La	_	_	_	
23-2	2265-2269	Leia	_	_	_	
23-3	2270-2274	poco	_	_	_	
23-4	2274-2275	.	_	_	_	

#Text=Si perseueraua nella penitenza, e nessuno si assicuraua di accostarsi per buon spatio alla propria habitatione, ancorche si persuadessero non douer’ esser’ più trauagliati dal Terremoto,quando il seguente Venerdì, che fù à di 14. del detto Mese d’Ottobre alla medesima hora con maggior violenza si scosse la terra, con la rouina nella Matrice di altre case, e dell’infrascritti Villaggi, cioè:
#Text=
#Text=Saletta poco.
24-1	2277-2279	Si	_	_	_	
24-2	2280-2291	perseueraua	_	_	_	
24-3	2292-2297	nella	_	_	_	
24-4	2298-2307	penitenza	_	_	_	
24-5	2307-2308	,	_	_	_	
24-6	2309-2310	e	_	_	_	
24-7	2311-2318	nessuno	_	_	_	
24-8	2319-2321	si	_	_	_	
24-9	2322-2332	assicuraua	_	_	_	
24-10	2333-2335	di	_	_	_	
24-11	2336-2346	accostarsi	_	_	_	
24-12	2347-2350	per	_	_	_	
24-13	2351-2355	buon	_	_	_	
24-14	2356-2362	spatio	_	_	_	
24-15	2363-2367	alla	_	_	_	
24-16	2368-2375	propria	_	_	_	
24-17	2376-2387	habitatione	_	_	_	
24-18	2387-2388	,	_	_	_	
24-19	2389-2397	ancorche	_	_	_	
24-20	2398-2400	si	_	_	_	
24-21	2401-2414	persuadessero	_	_	_	
24-22	2415-2418	non	_	_	_	
24-23	2419-2424	douer	_	_	_	
24-24	2424-2425	’	_	_	_	
24-25	2426-2431	esser	_	_	_	
24-26	2431-2432	’	_	_	_	
24-27	2433-2436	più	_	_	_	
24-28	2437-2448	trauagliati	_	_	_	
24-29	2449-2452	dal	_	_	_	
24-30	2453-2462	Terremoto	_	_	_	
24-31	2462-2463	,	_	_	_	
24-32	2463-2469	quando	_	_	_	
24-33	2470-2472	il	_	_	_	
24-34	2473-2481	seguente	_	_	_	
24-35	2482-2489	Venerdì	_	_	_	
24-36	2489-2490	,	_	_	_	
24-37	2491-2494	che	_	_	_	
24-38	2495-2497	fù	_	_	_	
24-39	2498-2499	à	_	_	_	
24-40	2500-2502	di	_	_	_	
24-41	2503-2505	14	_	_	_	
24-42	2505-2506	.	_	_	_	
24-43	2507-2510	del	_	_	_	
24-44	2511-2516	detto	_	_	_	
24-45	2517-2521	Mese	_	_	_	
24-46	2522-2523	d	_	_	_	
24-47	2523-2524	’	_	_	_	
24-48	2524-2531	Ottobre	_	_	_	
24-49	2532-2536	alla	_	_	_	
24-50	2537-2545	medesima	_	_	_	
24-51	2546-2550	hora	_	_	_	
24-52	2551-2554	con	_	_	_	
24-53	2555-2562	maggior	_	_	_	
24-54	2563-2571	violenza	_	_	_	
24-55	2572-2574	si	_	_	_	
24-56	2575-2581	scosse	_	_	_	
24-57	2582-2584	la	_	_	_	
24-58	2585-2590	terra	_	_	_	
24-59	2590-2591	,	_	_	_	
24-60	2592-2595	con	_	_	_	
24-61	2596-2598	la	_	_	_	
24-62	2599-2605	rouina	_	_	_	
24-63	2606-2611	nella	_	_	_	
24-64	2612-2619	Matrice	_	_	_	
24-65	2620-2622	di	_	_	_	
24-66	2623-2628	altre	_	_	_	
24-67	2629-2633	case	_	_	_	
24-68	2633-2634	,	_	_	_	
24-69	2635-2636	e	_	_	_	
24-70	2637-2641	dell	_	_	_	
24-71	2641-2642	’	_	_	_	
24-72	2642-2654	infrascritti	_	_	_	
24-73	2655-2663	Villaggi	_	_	_	
24-74	2663-2664	,	_	_	_	
24-75	2665-2669	cioè	_	_	_	
24-76	2669-2670	:	_	_	_	
24-77	2672-2679	Saletta	_	_	_	
24-78	2680-2684	poco	_	_	_	
24-79	2684-2685	.	_	_	_	

#Text=Corsenìto quasi tutto.
25-1	2686-2695	Corsenìto	_	_	_	
25-2	2696-2701	quasi	_	_	_	
25-3	2702-2707	tutto	_	_	_	
25-4	2707-2708	.	_	_	_	

#Text=Casale tutto.
26-1	2709-2715	Casale	_	_	_	
26-2	2716-2721	tutto	_	_	_	
26-3	2721-2722	.	_	_	_	

#Text=La Rocca destrutta.
27-1	2723-2725	La	_	_	_	
27-2	2726-2731	Rocca	_	_	_	
27-3	2732-2741	destrutta	_	_	_	
27-4	2741-2742	.	_	_	_	

#Text=Torreto nè meno il segno.
28-1	2743-2750	Torreto	_	_	_	
28-2	2751-2753	nè	_	_	_	
28-3	2754-2758	meno	_	_	_	
28-4	2759-2761	il	_	_	_	
28-5	2762-2767	segno	_	_	_	
28-6	2767-2768	.	_	_	_	

#Text=A Colle Basso è restata vna casa sola.
29-1	2769-2770	A	_	_	_	
29-2	2771-2776	Colle	_	_	_	
29-3	2777-2782	Basso	_	_	_	
29-4	2783-2784	è	_	_	_	
29-5	2785-2792	restata	_	_	_	
29-6	2793-2796	vna	_	_	_	
29-7	2797-2801	casa	_	_	_	
29-8	2802-2806	sola	_	_	_	
29-9	2806-2807	.	_	_	_	

#Text=Pasciano bona parte.
30-1	2808-2816	Pasciano	_	_	_	
30-2	2817-2821	bona	_	_	_	
30-3	2822-2827	parte	_	_	_	
30-4	2827-2828	.	_	_	_	

#Text=Santo Iorio tutto fracassato Colle Moresco tutto.
31-1	2829-2834	Santo	_	_	_	
31-2	2835-2840	Iorio	_	_	_	
31-3	2841-2846	tutto	_	_	_	
31-4	2847-2857	fracassato	_	_	_	
31-5	2858-2863	Colle	_	_	_	
31-6	2864-2871	Moresco	_	_	_	
31-7	2872-2877	tutto	_	_	_	
31-8	2877-2878	.	_	_	_	

#Text=Si distese il Terremoto anco in Accumulo luogo confinante alla Matrice, doue, oltre l’hauer nel medesimo tempo destrutte molte persone non sapendosene fin’hora certo numero,ma solo la caduta di casa con morte di vndici persone, roui
#Text=
#Text=[versione critica]
#Text=
#Text=di altro colore, e con qualche puzza, e fetore; onde vieta l’avvicinarvisi.
32-1	2880-2882	Si	_	_	_	
32-2	2883-2890	distese	_	_	_	
32-3	2891-2893	il	_	_	_	
32-4	2894-2903	Terremoto	_	_	_	
32-5	2904-2908	anco	_	_	_	
32-6	2909-2911	in	_	_	_	
32-7	2912-2920	Accumulo	_	_	_	
32-8	2921-2926	luogo	_	_	_	
32-9	2927-2937	confinante	_	_	_	
32-10	2938-2942	alla	_	_	_	
32-11	2943-2950	Matrice	_	_	_	
32-12	2950-2951	,	_	_	_	
32-13	2952-2956	doue	_	_	_	
32-14	2956-2957	,	_	_	_	
32-15	2958-2963	oltre	_	_	_	
32-16	2964-2965	l	_	_	_	
32-17	2965-2966	’	_	_	_	
32-18	2966-2971	hauer	_	_	_	
32-19	2972-2975	nel	_	_	_	
32-20	2976-2984	medesimo	_	_	_	
32-21	2985-2990	tempo	_	_	_	
32-22	2991-3000	destrutte	_	_	_	
32-23	3001-3006	molte	_	_	_	
32-24	3007-3014	persone	_	_	_	
32-25	3015-3018	non	_	_	_	
32-26	3019-3030	sapendosene	_	_	_	
32-27	3031-3034	fin	_	_	_	
32-28	3034-3035	’	_	_	_	
32-29	3035-3039	hora	_	_	_	
32-30	3040-3045	certo	_	_	_	
32-31	3046-3052	numero	_	_	_	
32-32	3052-3053	,	_	_	_	
32-33	3053-3055	ma	_	_	_	
32-34	3056-3060	solo	_	_	_	
32-35	3061-3063	la	_	_	_	
32-36	3064-3070	caduta	_	_	_	
32-37	3071-3073	di	_	_	_	
32-38	3074-3078	casa	_	_	_	
32-39	3079-3082	con	_	_	_	
32-40	3083-3088	morte	_	_	_	
32-41	3089-3091	di	_	_	_	
32-42	3092-3098	vndici	_	_	_	
32-43	3099-3106	persone	_	_	_	
32-44	3106-3107	,	_	_	_	
32-45	3108-3112	roui	_	_	_	
32-46	3114-3115	[	_	_	_	
32-47	3115-3123	versione	_	_	_	
32-48	3124-3131	critica	_	_	_	
32-49	3131-3132	]	_	_	_	
32-50	3134-3136	di	_	_	_	
32-51	3137-3142	altro	_	_	_	
32-52	3143-3149	colore	_	_	_	
32-53	3149-3150	,	_	_	_	
32-54	3151-3152	e	_	_	_	
32-55	3153-3156	con	_	_	_	
32-56	3157-3164	qualche	_	_	_	
32-57	3165-3170	puzza	Smell\_Word	_	_	
32-58	3170-3171	,	_	_	_	
32-59	3172-3173	e	_	_	_	
32-60	3174-3180	fetore	Smell\_Word	_	_	
32-61	3180-3181	;	_	_	_	
32-62	3182-3186	onde	_	_	_	
32-63	3187-3192	vieta	_	_	_	
32-64	3193-3194	l	_	_	_	
32-65	3194-3195	’	_	_	_	
32-66	3195-3208	avvicinarvisi	_	_	_	
32-67	3208-3209	.	_	_	_	

#Text=Campo Tosto è rovinato parte.
33-1	3211-3216	Campo	_	_	_	
33-2	3217-3222	Tosto	_	_	_	
33-3	3223-3224	è	_	_	_	
33-4	3225-3233	rovinato	_	_	_	
33-5	3234-3239	parte	_	_	_	
33-6	3239-3240	.	_	_	_	

#Text=San Martino tutto.
34-1	3241-3244	San	_	_	_	
34-2	3245-3252	Martino	_	_	_	
34-3	3253-3258	tutto	_	_	_	
34-4	3258-3259	.	_	_	_	

#Text=Collalto a mal termine.
35-1	3260-3268	Collalto	_	_	_	
35-2	3269-3270	a	_	_	_	
35-3	3271-3274	mal	_	_	_	
35-4	3275-3282	termine	_	_	_	
35-5	3282-3283	.	_	_	_	

#Text=Pinaca parte.
36-1	3284-3290	Pinaca	_	_	_	
36-2	3291-3296	parte	_	_	_	
36-3	3296-3297	.	_	_	_	

#Text=Filetta, e Nescaia tutte.
37-1	3298-3305	Filetta	_	_	_	
37-2	3305-3306	,	_	_	_	
37-3	3307-3308	e	_	_	_	
37-4	3309-3316	Nescaia	_	_	_	
37-5	3317-3322	tutte	_	_	_	
37-6	3322-3323	.	_	_	_	

#Text=L’Abadia di S.Lorenzo sotto il Vescovato di Ascoli quasi tutta.
38-1	3324-3325	L	_	_	_	
38-2	3325-3326	’	_	_	_	
38-3	3326-3332	Abadia	_	_	_	
38-4	3333-3335	di	_	_	_	
38-5	3336-3345	S.Lorenzo	_	_	_	
38-6	3346-3351	sotto	_	_	_	
38-7	3352-3354	il	_	_	_	
38-8	3355-3364	Vescovato	_	_	_	
38-9	3365-3367	di	_	_	_	
38-10	3368-3374	Ascoli	_	_	_	
38-11	3375-3380	quasi	_	_	_	
38-12	3381-3386	tutta	_	_	_	
38-13	3386-3387	.	_	_	_	

#Text=Padarga parte.
39-1	3388-3395	Padarga	_	_	_	
39-2	3396-3401	parte	_	_	_	
39-3	3401-3402	.	_	_	_	

#Text=In Cantone Villa è restata una semplice casa.
40-1	3403-3405	In	_	_	_	
40-2	3406-3413	Cantone	_	_	_	
40-3	3414-3419	Villa	_	_	_	
40-4	3420-3421	è	_	_	_	
40-5	3422-3429	restata	_	_	_	
40-6	3430-3433	una	_	_	_	
40-7	3434-3442	semplice	_	_	_	
40-8	3443-3447	casa	_	_	_	
40-9	3447-3448	.	_	_	_	

#Text=Corva è destrutta.
41-1	3449-3454	Corva	_	_	_	
41-2	3455-3456	è	_	_	_	
41-3	3457-3466	destrutta	_	_	_	
41-4	3466-3467	.	_	_	_	

#Text=Forcella tutta.
42-1	3468-3476	Forcella	_	_	_	
42-2	3477-3482	tutta	_	_	_	
42-3	3482-3483	.	_	_	_	

#Text=Capricchio bona parte.
43-1	3484-3494	Capricchio	_	_	_	
43-2	3495-3499	bona	_	_	_	
43-3	3500-3505	parte	_	_	_	
43-4	3505-3506	.	_	_	_	

#Text=La Leia poco.
44-1	3507-3509	La	_	_	_	
44-2	3510-3514	Leia	_	_	_	
44-3	3515-3519	poco	_	_	_	
44-4	3519-3520	.	_	_	_	

#Text=Si perseverava nella penitenza, e nessuno si assicurava di accostarsi per buon spazio alla propria habitatione, ancorche si persuadessero non dover’esser’ più travagliati dal Terremoto, quando il seguente Venerdì, che fù a di 14. del detto Mese d’Ottobre alla medesima hora con maggior violenza si scosse la terra, con la rovina nella Matrice di altre case, e dell’infrascritti Villaggi, cioè:
#Text=
#Text=Saletta poco.
45-1	3522-3524	Si	_	_	_	
45-2	3525-3536	perseverava	_	_	_	
45-3	3537-3542	nella	_	_	_	
45-4	3543-3552	penitenza	_	_	_	
45-5	3552-3553	,	_	_	_	
45-6	3554-3555	e	_	_	_	
45-7	3556-3563	nessuno	_	_	_	
45-8	3564-3566	si	_	_	_	
45-9	3567-3577	assicurava	_	_	_	
45-10	3578-3580	di	_	_	_	
45-11	3581-3591	accostarsi	_	_	_	
45-12	3592-3595	per	_	_	_	
45-13	3596-3600	buon	_	_	_	
45-14	3601-3607	spazio	_	_	_	
45-15	3608-3612	alla	_	_	_	
45-16	3613-3620	propria	_	_	_	
45-17	3621-3632	habitatione	_	_	_	
45-18	3632-3633	,	_	_	_	
45-19	3634-3642	ancorche	_	_	_	
45-20	3643-3645	si	_	_	_	
45-21	3646-3659	persuadessero	_	_	_	
45-22	3660-3663	non	_	_	_	
45-23	3664-3669	dover	_	_	_	
45-24	3669-3670	’	_	_	_	
45-25	3670-3675	esser	_	_	_	
45-26	3675-3676	’	_	_	_	
45-27	3677-3680	più	_	_	_	
45-28	3681-3692	travagliati	_	_	_	
45-29	3693-3696	dal	_	_	_	
45-30	3697-3706	Terremoto	_	_	_	
45-31	3706-3707	,	_	_	_	
45-32	3708-3714	quando	_	_	_	
45-33	3715-3717	il	_	_	_	
45-34	3718-3726	seguente	_	_	_	
45-35	3727-3734	Venerdì	_	_	_	
45-36	3734-3735	,	_	_	_	
45-37	3736-3739	che	_	_	_	
45-38	3740-3742	fù	_	_	_	
45-39	3743-3744	a	_	_	_	
45-40	3745-3747	di	_	_	_	
45-41	3748-3750	14	_	_	_	
45-42	3750-3751	.	_	_	_	
45-43	3752-3755	del	_	_	_	
45-44	3756-3761	detto	_	_	_	
45-45	3762-3766	Mese	_	_	_	
45-46	3767-3768	d	_	_	_	
45-47	3768-3769	’	_	_	_	
45-48	3769-3776	Ottobre	_	_	_	
45-49	3777-3781	alla	_	_	_	
45-50	3782-3790	medesima	_	_	_	
45-51	3791-3795	hora	_	_	_	
45-52	3796-3799	con	_	_	_	
45-53	3800-3807	maggior	_	_	_	
45-54	3808-3816	violenza	_	_	_	
45-55	3817-3819	si	_	_	_	
45-56	3820-3826	scosse	_	_	_	
45-57	3827-3829	la	_	_	_	
45-58	3830-3835	terra	_	_	_	
45-59	3835-3836	,	_	_	_	
45-60	3837-3840	con	_	_	_	
45-61	3841-3843	la	_	_	_	
45-62	3844-3850	rovina	_	_	_	
45-63	3851-3856	nella	_	_	_	
45-64	3857-3864	Matrice	_	_	_	
45-65	3865-3867	di	_	_	_	
45-66	3868-3873	altre	_	_	_	
45-67	3874-3878	case	_	_	_	
45-68	3878-3879	,	_	_	_	
45-69	3880-3881	e	_	_	_	
45-70	3882-3886	dell	_	_	_	
45-71	3886-3887	’	_	_	_	
45-72	3887-3899	infrascritti	_	_	_	
45-73	3900-3908	Villaggi	_	_	_	
45-74	3908-3909	,	_	_	_	
45-75	3910-3914	cioè	_	_	_	
45-76	3914-3915	:	_	_	_	
45-77	3917-3924	Saletta	_	_	_	
45-78	3925-3929	poco	_	_	_	
45-79	3929-3930	.	_	_	_	

#Text=Corsenìto quasi tutto.
46-1	3931-3940	Corsenìto	_	_	_	
46-2	3941-3946	quasi	_	_	_	
46-3	3947-3952	tutto	_	_	_	
46-4	3952-3953	.	_	_	_	

#Text=Casale tutto.
47-1	3954-3960	Casale	_	_	_	
47-2	3961-3966	tutto	_	_	_	
47-3	3966-3967	.	_	_	_	

#Text=La Rocca destrutta.
48-1	3968-3970	La	_	_	_	
48-2	3971-3976	Rocca	_	_	_	
48-3	3977-3986	destrutta	_	_	_	
48-4	3986-3987	.	_	_	_	

#Text=Torreto nè meno il segno.
49-1	3988-3995	Torreto	_	_	_	
49-2	3996-3998	nè	_	_	_	
49-3	3999-4003	meno	_	_	_	
49-4	4004-4006	il	_	_	_	
49-5	4007-4012	segno	_	_	_	
49-6	4012-4013	.	_	_	_	

#Text=A Colle Basso è restata una casa sola.
50-1	4014-4015	A	_	_	_	
50-2	4016-4021	Colle	_	_	_	
50-3	4022-4027	Basso	_	_	_	
50-4	4028-4029	è	_	_	_	
50-5	4030-4037	restata	_	_	_	
50-6	4038-4041	una	_	_	_	
50-7	4042-4046	casa	_	_	_	
50-8	4047-4051	sola	_	_	_	
50-9	4051-4052	.	_	_	_	

#Text=Pasciano bona parte.
51-1	4053-4061	Pasciano	_	_	_	
51-2	4062-4066	bona	_	_	_	
51-3	4067-4072	parte	_	_	_	
51-4	4072-4073	.	_	_	_	

#Text=Santo Iorio tutto fracassato Colle Moresco tutto.
52-1	4074-4079	Santo	_	_	_	
52-2	4080-4085	Iorio	_	_	_	
52-3	4086-4091	tutto	_	_	_	
52-4	4092-4102	fracassato	_	_	_	
52-5	4103-4108	Colle	_	_	_	
52-6	4109-4116	Moresco	_	_	_	
52-7	4117-4122	tutto	_	_	_	
52-8	4122-4123	.	_	_	_	

#Text=Si distese il Terremoto anco in Accumulo luogo confinante alla Matrice, dove, oltre l’haver nel medesimo tempo destrutte molte persone non sapendosene fin’hora certo numero, ma solo la caduta di casa con morte di undici persone, 
#Text=
#Text=[versione diplomatica]
#Text=
#Text=rouinò la Chiesa de Padri Francescani con la sprofondatione di tutta la loro Vigna, salui però detti Padri, con incredibile, e commune spauento.
53-1	4125-4127	Si	_	_	_	
53-2	4128-4135	distese	_	_	_	
53-3	4136-4138	il	_	_	_	
53-4	4139-4148	Terremoto	_	_	_	
53-5	4149-4153	anco	_	_	_	
53-6	4154-4156	in	_	_	_	
53-7	4157-4165	Accumulo	_	_	_	
53-8	4166-4171	luogo	_	_	_	
53-9	4172-4182	confinante	_	_	_	
53-10	4183-4187	alla	_	_	_	
53-11	4188-4195	Matrice	_	_	_	
53-12	4195-4196	,	_	_	_	
53-13	4197-4201	dove	_	_	_	
53-14	4201-4202	,	_	_	_	
53-15	4203-4208	oltre	_	_	_	
53-16	4209-4210	l	_	_	_	
53-17	4210-4211	’	_	_	_	
53-18	4211-4216	haver	_	_	_	
53-19	4217-4220	nel	_	_	_	
53-20	4221-4229	medesimo	_	_	_	
53-21	4230-4235	tempo	_	_	_	
53-22	4236-4245	destrutte	_	_	_	
53-23	4246-4251	molte	_	_	_	
53-24	4252-4259	persone	_	_	_	
53-25	4260-4263	non	_	_	_	
53-26	4264-4275	sapendosene	_	_	_	
53-27	4276-4279	fin	_	_	_	
53-28	4279-4280	’	_	_	_	
53-29	4280-4284	hora	_	_	_	
53-30	4285-4290	certo	_	_	_	
53-31	4291-4297	numero	_	_	_	
53-32	4297-4298	,	_	_	_	
53-33	4299-4301	ma	_	_	_	
53-34	4302-4306	solo	_	_	_	
53-35	4307-4309	la	_	_	_	
53-36	4310-4316	caduta	_	_	_	
53-37	4317-4319	di	_	_	_	
53-38	4320-4324	casa	_	_	_	
53-39	4325-4328	con	_	_	_	
53-40	4329-4334	morte	_	_	_	
53-41	4335-4337	di	_	_	_	
53-42	4338-4344	undici	_	_	_	
53-43	4345-4352	persone	_	_	_	
53-44	4352-4353	,	_	_	_	
53-45	4356-4357	[	_	_	_	
53-46	4357-4365	versione	_	_	_	
53-47	4366-4377	diplomatica	_	_	_	
53-48	4377-4378	]	_	_	_	
53-49	4380-4386	rouinò	_	_	_	
53-50	4387-4389	la	_	_	_	
53-51	4390-4396	Chiesa	_	_	_	
53-52	4397-4399	de	_	_	_	
53-53	4400-4405	Padri	_	_	_	
53-54	4406-4417	Francescani	_	_	_	
53-55	4418-4421	con	_	_	_	
53-56	4422-4424	la	_	_	_	
53-57	4425-4439	sprofondatione	_	_	_	
53-58	4440-4442	di	_	_	_	
53-59	4443-4448	tutta	_	_	_	
53-60	4449-4451	la	_	_	_	
53-61	4452-4456	loro	_	_	_	
53-62	4457-4462	Vigna	_	_	_	
53-63	4462-4463	,	_	_	_	
53-64	4464-4469	salui	_	_	_	
53-65	4470-4474	però	_	_	_	
53-66	4475-4480	detti	_	_	_	
53-67	4481-4486	Padri	_	_	_	
53-68	4486-4487	,	_	_	_	
53-69	4488-4491	con	_	_	_	
53-70	4492-4503	incredibile	_	_	_	
53-71	4503-4504	,	_	_	_	
53-72	4505-4506	e	_	_	_	
53-73	4507-4514	commune	_	_	_	
53-74	4515-4523	spauento	_	_	_	
53-75	4523-4524	.	_	_	_	

#Text=La Rocca de Salli è à fatto rouinata.
54-1	4526-4528	La	_	_	_	
54-2	4529-4534	Rocca	_	_	_	
54-3	4535-4537	de	_	_	_	
54-4	4538-4543	Salli	_	_	_	
54-5	4544-4545	è	_	_	_	
54-6	4546-4547	à	_	_	_	
54-7	4548-4553	fatto	_	_	_	
54-8	4554-4562	rouinata	_	_	_	
54-9	4562-4563	.	_	_	_	

#Text=Poggio Cancello appresso à Monte Reale danneggiato dalla parte del Palazzo del Sig.
55-1	4564-4570	Poggio	_	_	_	
55-2	4571-4579	Cancello	_	_	_	
55-3	4580-4588	appresso	_	_	_	
55-4	4589-4590	à	_	_	_	
55-5	4591-4596	Monte	_	_	_	
55-6	4597-4602	Reale	_	_	_	
55-7	4603-4614	danneggiato	_	_	_	
55-8	4615-4620	dalla	_	_	_	
55-9	4621-4626	parte	_	_	_	
55-10	4627-4630	del	_	_	_	
55-11	4631-4638	Palazzo	_	_	_	
55-12	4639-4642	del	_	_	_	
55-13	4643-4646	Sig	_	_	_	
55-14	4646-4647	.	_	_	_	

#Text=Lodouico Cerasi padrone di detto luogo, salua però Sua Signoria, e la sua famiglia, e in Monte Reale è rouinato il Palazzo del Signor Gio.
56-1	4648-4656	Lodouico	_	_	_	
56-2	4657-4663	Cerasi	_	_	_	
56-3	4664-4671	padrone	_	_	_	
56-4	4672-4674	di	_	_	_	
56-5	4675-4680	detto	_	_	_	
56-6	4681-4686	luogo	_	_	_	
56-7	4686-4687	,	_	_	_	
56-8	4688-4693	salua	_	_	_	
56-9	4694-4698	però	_	_	_	
56-10	4699-4702	Sua	_	_	_	
56-11	4703-4711	Signoria	_	_	_	
56-12	4711-4712	,	_	_	_	
56-13	4713-4714	e	_	_	_	
56-14	4715-4717	la	_	_	_	
56-15	4718-4721	sua	_	_	_	
56-16	4722-4730	famiglia	_	_	_	
56-17	4730-4731	,	_	_	_	
56-18	4732-4733	e	_	_	_	
56-19	4734-4736	in	_	_	_	
56-20	4737-4742	Monte	_	_	_	
56-21	4743-4748	Reale	_	_	_	
56-22	4749-4750	è	_	_	_	
56-23	4751-4759	rouinato	_	_	_	
56-24	4760-4762	il	_	_	_	
56-25	4763-4770	Palazzo	_	_	_	
56-26	4771-4774	del	_	_	_	
56-27	4775-4781	Signor	_	_	_	
56-28	4782-4785	Gio	_	_	_	
56-29	4785-4786	.	_	_	_	

#Text=Paolo Ricci.
57-1	4787-4792	Paolo	_	_	_	
57-2	4793-4798	Ricci	_	_	_	
57-3	4798-4799	.	_	_	_	

#Text=La morte del Bestiame di qualsiuoglia sorte è stata grandissima; onde pareua, che si fosse aperto l’Inferno a’ danni del genere humano, non restando ancora di essere impauriti, continuando il Terremoto, se bene non così violento.
58-1	4801-4803	La	_	_	_	
58-2	4804-4809	morte	_	_	_	
58-3	4810-4813	del	_	_	_	
58-4	4814-4822	Bestiame	_	_	_	
58-5	4823-4825	di	_	_	_	
58-6	4826-4838	qualsiuoglia	_	_	_	
58-7	4839-4844	sorte	_	_	_	
58-8	4845-4846	è	_	_	_	
58-9	4847-4852	stata	_	_	_	
58-10	4853-4864	grandissima	_	_	_	
58-11	4864-4865	;	_	_	_	
58-12	4866-4870	onde	_	_	_	
58-13	4871-4877	pareua	_	_	_	
58-14	4877-4878	,	_	_	_	
58-15	4879-4882	che	_	_	_	
58-16	4883-4885	si	_	_	_	
58-17	4886-4891	fosse	_	_	_	
58-18	4892-4898	aperto	_	_	_	
58-19	4899-4900	l	_	_	_	
58-20	4900-4901	’	_	_	_	
58-21	4901-4908	Inferno	_	_	_	
58-22	4909-4910	a	_	_	_	
58-23	4910-4911	’	_	_	_	
58-24	4912-4917	danni	_	_	_	
58-25	4918-4921	del	_	_	_	
58-26	4922-4928	genere	_	_	_	
58-27	4929-4935	humano	_	_	_	
58-28	4935-4936	,	_	_	_	
58-29	4937-4940	non	_	_	_	
58-30	4941-4949	restando	_	_	_	
58-31	4950-4956	ancora	_	_	_	
58-32	4957-4959	di	_	_	_	
58-33	4960-4966	essere	_	_	_	
58-34	4967-4976	impauriti	_	_	_	
58-35	4976-4977	,	_	_	_	
58-36	4978-4989	continuando	_	_	_	
58-37	4990-4992	il	_	_	_	
58-38	4993-5002	Terremoto	_	_	_	
58-39	5002-5003	,	_	_	_	
58-40	5004-5006	se	_	_	_	
58-41	5007-5011	bene	_	_	_	
58-42	5012-5015	non	_	_	_	
58-43	5016-5020	così	_	_	_	
58-44	5021-5029	violento	_	_	_	
58-45	5029-5030	.	_	_	_	

#Text=Si augumentano giornalmente le deuotioni, stando ciascheduno con terrore, raccomandandosi à Dio.
59-1	5031-5033	Si	_	_	_	
59-2	5034-5045	augumentano	_	_	_	
59-3	5046-5058	giornalmente	_	_	_	
59-4	5059-5061	le	_	_	_	
59-5	5062-5071	deuotioni	_	_	_	
59-6	5071-5072	,	_	_	_	
59-7	5073-5079	stando	_	_	_	
59-8	5080-5091	ciascheduno	_	_	_	
59-9	5092-5095	con	_	_	_	
59-10	5096-5103	terrore	_	_	_	
59-11	5103-5104	,	_	_	_	
59-12	5105-5120	raccomandandosi	_	_	_	
59-13	5121-5122	à	_	_	_	
59-14	5123-5126	Dio	_	_	_	
59-15	5126-5127	.	_	_	_	

#Text=Per quel poco, che si è potuto calculare, il danno della Matrice, e suoi contorni auanza la somma di quattrocento mila scudi.
60-1	5129-5132	Per	_	_	_	
60-2	5133-5137	quel	_	_	_	
60-3	5138-5142	poco	_	_	_	
60-4	5142-5143	,	_	_	_	
60-5	5144-5147	che	_	_	_	
60-6	5148-5150	si	_	_	_	
60-7	5151-5152	è	_	_	_	
60-8	5153-5159	potuto	_	_	_	
60-9	5160-5169	calculare	_	_	_	
60-10	5169-5170	,	_	_	_	
60-11	5171-5173	il	_	_	_	
60-12	5174-5179	danno	_	_	_	
60-13	5180-5185	della	_	_	_	
60-14	5186-5193	Matrice	_	_	_	
60-15	5193-5194	,	_	_	_	
60-16	5195-5196	e	_	_	_	
60-17	5197-5201	suoi	_	_	_	
60-18	5202-5210	contorni	_	_	_	
60-19	5211-5217	auanza	_	_	_	
60-20	5218-5220	la	_	_	_	
60-21	5221-5226	somma	_	_	_	
60-22	5227-5229	di	_	_	_	
60-23	5230-5242	quattrocento	_	_	_	
60-24	5243-5247	mila	_	_	_	
60-25	5248-5253	scudi	_	_	_	
60-26	5253-5254	.	_	_	_	

#Text=Piaccia però al Signor’IDDIO di placarsi cõtro i peccatori, come si spera, inuocato da ogn’vno in suo aiuto con grandissima contritione, e vera confessione delle offese fattegli, con quel detto del Salmo: Cor contritum, & humiliatum, Deus non despicies.
61-1	5255-5262	Piaccia	_	_	_	
61-2	5263-5267	però	_	_	_	
61-3	5268-5270	al	_	_	_	
61-4	5271-5277	Signor	_	_	_	
61-5	5277-5278	’	_	_	_	
61-6	5278-5283	IDDIO	_	_	_	
61-7	5284-5286	di	_	_	_	
61-8	5287-5295	placarsi	_	_	_	
61-9	5296-5301	cõtro	_	_	_	
61-10	5302-5303	i	_	_	_	
61-11	5304-5313	peccatori	_	_	_	
61-12	5313-5314	,	_	_	_	
61-13	5315-5319	come	_	_	_	
61-14	5320-5322	si	_	_	_	
61-15	5323-5328	spera	_	_	_	
61-16	5328-5329	,	_	_	_	
61-17	5330-5338	inuocato	_	_	_	
61-18	5339-5341	da	_	_	_	
61-19	5342-5345	ogn	_	_	_	
61-20	5345-5346	’	_	_	_	
61-21	5346-5349	vno	_	_	_	
61-22	5350-5352	in	_	_	_	
61-23	5353-5356	suo	_	_	_	
61-24	5357-5362	aiuto	_	_	_	
61-25	5363-5366	con	_	_	_	
61-26	5367-5378	grandissima	_	_	_	
61-27	5379-5390	contritione	_	_	_	
61-28	5390-5391	,	_	_	_	
61-29	5392-5393	e	_	_	_	
61-30	5394-5398	vera	_	_	_	
61-31	5399-5410	confessione	_	_	_	
61-32	5411-5416	delle	_	_	_	
61-33	5417-5423	offese	_	_	_	
61-34	5424-5432	fattegli	_	_	_	
61-35	5432-5433	,	_	_	_	
61-36	5434-5437	con	_	_	_	
61-37	5438-5442	quel	_	_	_	
61-38	5443-5448	detto	_	_	_	
61-39	5449-5452	del	_	_	_	
61-40	5453-5458	Salmo	_	_	_	
61-41	5458-5459	:	_	_	_	
61-42	5460-5463	Cor	_	_	_	
61-43	5464-5473	contritum	_	_	_	
61-44	5473-5474	,	_	_	_	
61-45	5475-5476	&	_	_	_	
61-46	5477-5487	humiliatum	_	_	_	
61-47	5487-5488	,	_	_	_	
61-48	5489-5493	Deus	_	_	_	
61-49	5494-5497	non	_	_	_	
61-50	5498-5507	despicies	_	_	_	
61-51	5507-5508	.	_	_	_	

#Text=Per tanto miglior Relatione non vi hò potuto apportare, ma sopragiungendo altra più certa noua, ne farò consapeuole ciascheduno, essendo veramente caso lagrimoso, e degno di eterna memoria.
62-1	5509-5512	Per	_	_	_	
62-2	5513-5518	tanto	_	_	_	
62-3	5519-5526	miglior	_	_	_	
62-4	5527-5536	Relatione	_	_	_	
62-5	5537-5540	non	_	_	_	
62-6	5541-5543	vi	_	_	_	
62-7	5544-5546	hò	_	_	_	
62-8	5547-5553	potuto	_	_	_	
62-9	5554-5563	apportare	_	_	_	
62-10	5563-5564	,	_	_	_	
62-11	5565-5567	ma	_	_	_	
62-12	5568-5582	sopragiungendo	_	_	_	
62-13	5583-5588	altra	_	_	_	
62-14	5589-5592	più	_	_	_	
62-15	5593-5598	certa	_	_	_	
62-16	5599-5603	noua	_	_	_	
62-17	5603-5604	,	_	_	_	
62-18	5605-5607	ne	_	_	_	
62-19	5608-5612	farò	_	_	_	
62-20	5613-5624	consapeuole	_	_	_	
62-21	5625-5636	ciascheduno	_	_	_	
62-22	5636-5637	,	_	_	_	
62-23	5638-5645	essendo	_	_	_	
62-24	5646-5655	veramente	_	_	_	
62-25	5656-5660	caso	_	_	_	
62-26	5661-5670	lagrimoso	_	_	_	
62-27	5670-5671	,	_	_	_	
62-28	5672-5673	e	_	_	_	
62-29	5674-5679	degno	_	_	_	
62-30	5680-5682	di	_	_	_	
62-31	5683-5689	eterna	_	_	_	
62-32	5690-5697	memoria	_	_	_	
62-33	5697-5698	.	_	_	_	

#Text=LAVS DEO
#Text=
#Text=[versione critica]
#Text=
#Text=rovinò la Chiesa de Padri Francescani con la sprofondatione di tutta la loro Vigna, salvi però detti Padri, con incredibile, e commune spavento.
63-1	5700-5704	LAVS	_	_	_	
63-2	5705-5708	DEO	_	_	_	
63-3	5710-5711	[	_	_	_	
63-4	5711-5719	versione	_	_	_	
63-5	5720-5727	critica	_	_	_	
63-6	5727-5728	]	_	_	_	
63-7	5730-5736	rovinò	_	_	_	
63-8	5737-5739	la	_	_	_	
63-9	5740-5746	Chiesa	_	_	_	
63-10	5747-5749	de	_	_	_	
63-11	5750-5755	Padri	_	_	_	
63-12	5756-5767	Francescani	_	_	_	
63-13	5768-5771	con	_	_	_	
63-14	5772-5774	la	_	_	_	
63-15	5775-5789	sprofondatione	_	_	_	
63-16	5790-5792	di	_	_	_	
63-17	5793-5798	tutta	_	_	_	
63-18	5799-5801	la	_	_	_	
63-19	5802-5806	loro	_	_	_	
63-20	5807-5812	Vigna	_	_	_	
63-21	5812-5813	,	_	_	_	
63-22	5814-5819	salvi	_	_	_	
63-23	5820-5824	però	_	_	_	
63-24	5825-5830	detti	_	_	_	
63-25	5831-5836	Padri	_	_	_	
63-26	5836-5837	,	_	_	_	
63-27	5838-5841	con	_	_	_	
63-28	5842-5853	incredibile	_	_	_	
63-29	5853-5854	,	_	_	_	
63-30	5855-5856	e	_	_	_	
63-31	5857-5864	commune	_	_	_	
63-32	5865-5873	spavento	_	_	_	
63-33	5873-5874	.	_	_	_	

#Text=La Rocca de Salli è a fatto rovinata.
64-1	5876-5878	La	_	_	_	
64-2	5879-5884	Rocca	_	_	_	
64-3	5885-5887	de	_	_	_	
64-4	5888-5893	Salli	_	_	_	
64-5	5894-5895	è	_	_	_	
64-6	5896-5897	a	_	_	_	
64-7	5898-5903	fatto	_	_	_	
64-8	5904-5912	rovinata	_	_	_	
64-9	5912-5913	.	_	_	_	

#Text=Poggio Cancello appresso a Monte Reale danneggiato dalla parte del Palazzo del Sig.
65-1	5914-5920	Poggio	_	_	_	
65-2	5921-5929	Cancello	_	_	_	
65-3	5930-5938	appresso	_	_	_	
65-4	5939-5940	a	_	_	_	
65-5	5941-5946	Monte	_	_	_	
65-6	5947-5952	Reale	_	_	_	
65-7	5953-5964	danneggiato	_	_	_	
65-8	5965-5970	dalla	_	_	_	
65-9	5971-5976	parte	_	_	_	
65-10	5977-5980	del	_	_	_	
65-11	5981-5988	Palazzo	_	_	_	
65-12	5989-5992	del	_	_	_	
65-13	5993-5996	Sig	_	_	_	
65-14	5996-5997	.	_	_	_	

#Text=Lodovico Cerasi padrone di detto luogo, salva però Sua Signoria, e la sua famiglia, e in Monte Reale è rovinato il Palazzo del Signor Gio.
66-1	5998-6006	Lodovico	_	_	_	
66-2	6007-6013	Cerasi	_	_	_	
66-3	6014-6021	padrone	_	_	_	
66-4	6022-6024	di	_	_	_	
66-5	6025-6030	detto	_	_	_	
66-6	6031-6036	luogo	_	_	_	
66-7	6036-6037	,	_	_	_	
66-8	6038-6043	salva	_	_	_	
66-9	6044-6048	però	_	_	_	
66-10	6049-6052	Sua	_	_	_	
66-11	6053-6061	Signoria	_	_	_	
66-12	6061-6062	,	_	_	_	
66-13	6063-6064	e	_	_	_	
66-14	6065-6067	la	_	_	_	
66-15	6068-6071	sua	_	_	_	
66-16	6072-6080	famiglia	_	_	_	
66-17	6080-6081	,	_	_	_	
66-18	6082-6083	e	_	_	_	
66-19	6084-6086	in	_	_	_	
66-20	6087-6092	Monte	_	_	_	
66-21	6093-6098	Reale	_	_	_	
66-22	6099-6100	è	_	_	_	
66-23	6101-6109	rovinato	_	_	_	
66-24	6110-6112	il	_	_	_	
66-25	6113-6120	Palazzo	_	_	_	
66-26	6121-6124	del	_	_	_	
66-27	6125-6131	Signor	_	_	_	
66-28	6132-6135	Gio	_	_	_	
66-29	6135-6136	.	_	_	_	

#Text=Paolo Ricci.
67-1	6137-6142	Paolo	_	_	_	
67-2	6143-6148	Ricci	_	_	_	
67-3	6148-6149	.	_	_	_	

#Text=La morte del Bestiame di qualsivoglia sorte è stata grandissima; onde pareva, che si fosse aperto l’Inferno a’ danni del genere humano, non restando ancora di essere impauriti, continuando il Terremoto, se bene non così violento.
68-1	6151-6153	La	_	_	_	
68-2	6154-6159	morte	_	_	_	
68-3	6160-6163	del	_	_	_	
68-4	6164-6172	Bestiame	_	_	_	
68-5	6173-6175	di	_	_	_	
68-6	6176-6188	qualsivoglia	_	_	_	
68-7	6189-6194	sorte	_	_	_	
68-8	6195-6196	è	_	_	_	
68-9	6197-6202	stata	_	_	_	
68-10	6203-6214	grandissima	_	_	_	
68-11	6214-6215	;	_	_	_	
68-12	6216-6220	onde	_	_	_	
68-13	6221-6227	pareva	_	_	_	
68-14	6227-6228	,	_	_	_	
68-15	6229-6232	che	_	_	_	
68-16	6233-6235	si	_	_	_	
68-17	6236-6241	fosse	_	_	_	
68-18	6242-6248	aperto	_	_	_	
68-19	6249-6250	l	_	_	_	
68-20	6250-6251	’	_	_	_	
68-21	6251-6258	Inferno	_	_	_	
68-22	6259-6260	a	_	_	_	
68-23	6260-6261	’	_	_	_	
68-24	6262-6267	danni	_	_	_	
68-25	6268-6271	del	_	_	_	
68-26	6272-6278	genere	_	_	_	
68-27	6279-6285	humano	_	_	_	
68-28	6285-6286	,	_	_	_	
68-29	6287-6290	non	_	_	_	
68-30	6291-6299	restando	_	_	_	
68-31	6300-6306	ancora	_	_	_	
68-32	6307-6309	di	_	_	_	
68-33	6310-6316	essere	_	_	_	
68-34	6317-6326	impauriti	_	_	_	
68-35	6326-6327	,	_	_	_	
68-36	6328-6339	continuando	_	_	_	
68-37	6340-6342	il	_	_	_	
68-38	6343-6352	Terremoto	_	_	_	
68-39	6352-6353	,	_	_	_	
68-40	6354-6356	se	_	_	_	
68-41	6357-6361	bene	_	_	_	
68-42	6362-6365	non	_	_	_	
68-43	6366-6370	così	_	_	_	
68-44	6371-6379	violento	_	_	_	
68-45	6379-6380	.	_	_	_	

#Text=Si augumentano giornalmente le devotioni, stando ciascheduno con terrore, raccomandandosi a Dio.
69-1	6381-6383	Si	_	_	_	
69-2	6384-6395	augumentano	_	_	_	
69-3	6396-6408	giornalmente	_	_	_	
69-4	6409-6411	le	_	_	_	
69-5	6412-6421	devotioni	_	_	_	
69-6	6421-6422	,	_	_	_	
69-7	6423-6429	stando	_	_	_	
69-8	6430-6441	ciascheduno	_	_	_	
69-9	6442-6445	con	_	_	_	
69-10	6446-6453	terrore	_	_	_	
69-11	6453-6454	,	_	_	_	
69-12	6455-6470	raccomandandosi	_	_	_	
69-13	6471-6472	a	_	_	_	
69-14	6473-6476	Dio	_	_	_	
69-15	6476-6477	.	_	_	_	

#Text=Per quel poco, che si è potuto calculare, il danno della Matrice, e suoi contorni avanza la somma di quattrocento mila scudi.
70-1	6479-6482	Per	_	_	_	
70-2	6483-6487	quel	_	_	_	
70-3	6488-6492	poco	_	_	_	
70-4	6492-6493	,	_	_	_	
70-5	6494-6497	che	_	_	_	
70-6	6498-6500	si	_	_	_	
70-7	6501-6502	è	_	_	_	
70-8	6503-6509	potuto	_	_	_	
70-9	6510-6519	calculare	_	_	_	
70-10	6519-6520	,	_	_	_	
70-11	6521-6523	il	_	_	_	
70-12	6524-6529	danno	_	_	_	
70-13	6530-6535	della	_	_	_	
70-14	6536-6543	Matrice	_	_	_	
70-15	6543-6544	,	_	_	_	
70-16	6545-6546	e	_	_	_	
70-17	6547-6551	suoi	_	_	_	
70-18	6552-6560	contorni	_	_	_	
70-19	6561-6567	avanza	_	_	_	
70-20	6568-6570	la	_	_	_	
70-21	6571-6576	somma	_	_	_	
70-22	6577-6579	di	_	_	_	
70-23	6580-6592	quattrocento	_	_	_	
70-24	6593-6597	mila	_	_	_	
70-25	6598-6603	scudi	_	_	_	
70-26	6603-6604	.	_	_	_	

#Text=Piaccia però al Signor’IDDIO di placarsi contro i peccatori, come si spera, invocato da ogn’uno in suo aiuto con grandissima contrizione, e vera confessione delle offese fattegli, con quel detto del Salmo: Cor contritum, et humiliatum, Deus non despicies.
71-1	6605-6612	Piaccia	_	_	_	
71-2	6613-6617	però	_	_	_	
71-3	6618-6620	al	_	_	_	
71-4	6621-6627	Signor	_	_	_	
71-5	6627-6628	’	_	_	_	
71-6	6628-6633	IDDIO	_	_	_	
71-7	6634-6636	di	_	_	_	
71-8	6637-6645	placarsi	_	_	_	
71-9	6646-6652	contro	_	_	_	
71-10	6653-6654	i	_	_	_	
71-11	6655-6664	peccatori	_	_	_	
71-12	6664-6665	,	_	_	_	
71-13	6666-6670	come	_	_	_	
71-14	6671-6673	si	_	_	_	
71-15	6674-6679	spera	_	_	_	
71-16	6679-6680	,	_	_	_	
71-17	6681-6689	invocato	_	_	_	
71-18	6690-6692	da	_	_	_	
71-19	6693-6696	ogn	_	_	_	
71-20	6696-6697	’	_	_	_	
71-21	6697-6700	uno	_	_	_	
71-22	6701-6703	in	_	_	_	
71-23	6704-6707	suo	_	_	_	
71-24	6708-6713	aiuto	_	_	_	
71-25	6714-6717	con	_	_	_	
71-26	6718-6729	grandissima	_	_	_	
71-27	6730-6741	contrizione	_	_	_	
71-28	6741-6742	,	_	_	_	
71-29	6743-6744	e	_	_	_	
71-30	6745-6749	vera	_	_	_	
71-31	6750-6761	confessione	_	_	_	
71-32	6762-6767	delle	_	_	_	
71-33	6768-6774	offese	_	_	_	
71-34	6775-6783	fattegli	_	_	_	
71-35	6783-6784	,	_	_	_	
71-36	6785-6788	con	_	_	_	
71-37	6789-6793	quel	_	_	_	
71-38	6794-6799	detto	_	_	_	
71-39	6800-6803	del	_	_	_	
71-40	6804-6809	Salmo	_	_	_	
71-41	6809-6810	:	_	_	_	
71-42	6811-6814	Cor	_	_	_	
71-43	6815-6824	contritum	_	_	_	
71-44	6824-6825	,	_	_	_	
71-45	6826-6828	et	_	_	_	
71-46	6829-6839	humiliatum	_	_	_	
71-47	6839-6840	,	_	_	_	
71-48	6841-6845	Deus	_	_	_	
71-49	6846-6849	non	_	_	_	
71-50	6850-6859	despicies	_	_	_	
71-51	6859-6860	.	_	_	_	

#Text=Per tanto miglior Relatione non vi hò potuto apportare, ma sopragiungendo altra più certa nova, ne farò consapevole ciascheduno, essendo veramente caso lagrimoso, e degno di eterna memoria.
72-1	6861-6864	Per	_	_	_	
72-2	6865-6870	tanto	_	_	_	
72-3	6871-6878	miglior	_	_	_	
72-4	6879-6888	Relatione	_	_	_	
72-5	6889-6892	non	_	_	_	
72-6	6893-6895	vi	_	_	_	
72-7	6896-6898	hò	_	_	_	
72-8	6899-6905	potuto	_	_	_	
72-9	6906-6915	apportare	_	_	_	
72-10	6915-6916	,	_	_	_	
72-11	6917-6919	ma	_	_	_	
72-12	6920-6934	sopragiungendo	_	_	_	
72-13	6935-6940	altra	_	_	_	
72-14	6941-6944	più	_	_	_	
72-15	6945-6950	certa	_	_	_	
72-16	6951-6955	nova	_	_	_	
72-17	6955-6956	,	_	_	_	
72-18	6957-6959	ne	_	_	_	
72-19	6960-6964	farò	_	_	_	
72-20	6965-6976	consapevole	_	_	_	
72-21	6977-6988	ciascheduno	_	_	_	
72-22	6988-6989	,	_	_	_	
72-23	6990-6997	essendo	_	_	_	
72-24	6998-7007	veramente	_	_	_	
72-25	7008-7012	caso	_	_	_	
72-26	7013-7022	lagrimoso	_	_	_	
72-27	7022-7023	,	_	_	_	
72-28	7024-7025	e	_	_	_	
72-29	7026-7031	degno	_	_	_	
72-30	7032-7034	di	_	_	_	
72-31	7035-7041	eterna	_	_	_	
72-32	7042-7049	memoria	_	_	_	
72-33	7049-7050	.	_	_	_	

#Text=LAVS DEO
#Text=
#Text=[versione diplomatica]
#Text=
#Text=AGGIVNTA
#Text=
#Text=Alla Compassioneuole
#Text=
#Text=RELATIONE DEL TERREMOTO
#Text=
#Text=Successo nella Città della Matrice, e suo Stato,
#Text=
#Text=& anco ne’ luoghi circonuicini.
73-1	7052-7056	LAVS	_	_	_	
73-2	7057-7060	DEO	_	_	_	
73-3	7062-7063	[	_	_	_	
73-4	7063-7071	versione	_	_	_	
73-5	7072-7083	diplomatica	_	_	_	
73-6	7083-7084	]	_	_	_	
73-7	7086-7094	AGGIVNTA	_	_	_	
73-8	7096-7100	Alla	_	_	_	
73-9	7101-7116	Compassioneuole	_	_	_	
73-10	7118-7127	RELATIONE	_	_	_	
73-11	7128-7131	DEL	_	_	_	
73-12	7132-7141	TERREMOTO	_	_	_	
73-13	7143-7151	Successo	_	_	_	
73-14	7152-7157	nella	_	_	_	
73-15	7158-7163	Città	_	_	_	
73-16	7164-7169	della	_	_	_	
73-17	7170-7177	Matrice	_	_	_	
73-18	7177-7178	,	_	_	_	
73-19	7179-7180	e	_	_	_	
73-20	7181-7184	suo	_	_	_	
73-21	7185-7190	Stato	_	_	_	
73-22	7190-7191	,	_	_	_	
73-23	7193-7194	&	_	_	_	
73-24	7195-7199	anco	_	_	_	
73-25	7200-7202	ne	_	_	_	
73-26	7202-7203	’	_	_	_	
73-27	7204-7210	luoghi	_	_	_	
73-28	7211-7223	circonuicini	_	_	_	
73-29	7223-7224	.	_	_	_	

#Text=Con la narratione di tutto l ' auuenuto auanti, e dopo li 17.
74-1	7226-7229	Con	_	_	_	
74-2	7230-7232	la	_	_	_	
74-3	7233-7243	narratione	_	_	_	
74-4	7244-7246	di	_	_	_	
74-5	7247-7252	tutto	_	_	_	
74-6	7253-7254	l	_	_	_	
74-7	7255-7256	'	_	_	_	
74-8	7257-7265	auuenuto	_	_	_	
74-9	7266-7272	auanti	_	_	_	
74-10	7272-7273	,	_	_	_	
74-11	7274-7275	e	_	_	_	
74-12	7276-7280	dopo	_	_	_	
74-13	7281-7283	li	_	_	_	
74-14	7284-7286	17	_	_	_	
74-15	7286-7287	.	_	_	_	

#Text=del corrente Mese d ' Ottobre MDCXXXIX.
75-1	7289-7292	del	_	_	_	
75-2	7293-7301	corrente	_	_	_	
75-3	7302-7306	Mese	_	_	_	
75-4	7307-7308	d	_	_	_	
75-5	7309-7310	'	_	_	_	
75-6	7311-7318	Ottobre	_	_	_	
75-7	7319-7327	MDCXXXIX	_	_	_	
75-8	7327-7328	.	_	_	_	

#Text=fino al giorno presente.
76-1	7330-7334	fino	_	_	_	
76-2	7335-7337	al	_	_	_	
76-3	7338-7344	giorno	_	_	_	
76-4	7345-7353	presente	_	_	_	
76-5	7353-7354	.	_	_	_	

#Text=Con patimento di Accumulo, Monte Reale, Poggio Cancello, & ancora con spauento nuouamente di Recanati, e Rieti nel detto tempo,
#Text=
#Text=Et il danno seguito, e la perdita di quantità di persone,
#Text=
#Text=diligentemente narrata da Carlo Tiberij Romano.
77-1	7356-7359	Con	_	_	_	
77-2	7360-7369	patimento	_	_	_	
77-3	7370-7372	di	_	_	_	
77-4	7373-7381	Accumulo	_	_	_	
77-5	7381-7382	,	_	_	_	
77-6	7383-7388	Monte	_	_	_	
77-7	7389-7394	Reale	_	_	_	
77-8	7394-7395	,	_	_	_	
77-9	7396-7402	Poggio	_	_	_	
77-10	7403-7411	Cancello	_	_	_	
77-11	7411-7412	,	_	_	_	
77-12	7413-7414	&	_	_	_	
77-13	7415-7421	ancora	_	_	_	
77-14	7422-7425	con	_	_	_	
77-15	7426-7434	spauento	_	_	_	
77-16	7435-7445	nuouamente	_	_	_	
77-17	7446-7448	di	_	_	_	
77-18	7449-7457	Recanati	_	_	_	
77-19	7457-7458	,	_	_	_	
77-20	7459-7460	e	_	_	_	
77-21	7461-7466	Rieti	_	_	_	
77-22	7467-7470	nel	_	_	_	
77-23	7471-7476	detto	_	_	_	
77-24	7477-7482	tempo	_	_	_	
77-25	7482-7483	,	_	_	_	
77-26	7485-7487	Et	_	_	_	
77-27	7488-7490	il	_	_	_	
77-28	7491-7496	danno	_	_	_	
77-29	7497-7504	seguito	_	_	_	
77-30	7504-7505	,	_	_	_	
77-31	7506-7507	e	_	_	_	
77-32	7508-7510	la	_	_	_	
77-33	7511-7518	perdita	_	_	_	
77-34	7519-7521	di	_	_	_	
77-35	7522-7530	quantità	_	_	_	
77-36	7531-7533	di	_	_	_	
77-37	7534-7541	persone	_	_	_	
77-38	7541-7542	,	_	_	_	
77-39	7544-7558	diligentemente	_	_	_	
77-40	7559-7566	narrata	_	_	_	
77-41	7567-7569	da	_	_	_	
77-42	7570-7575	Carlo	_	_	_	
77-43	7576-7583	Tiberij	_	_	_	
77-44	7584-7590	Romano	_	_	_	
77-45	7590-7591	.	_	_	_	

#Text=È Di grandissimo tormento à i peccatori la puntura del rimorso di conscienza, la sola immaginatione l ' affligge.
78-1	7594-7595	È	_	_	_	
78-2	7596-7598	Di	_	_	_	
78-3	7599-7610	grandissimo	_	_	_	
78-4	7611-7619	tormento	_	_	_	
78-5	7620-7621	à	_	_	_	
78-6	7622-7623	i	_	_	_	
78-7	7624-7633	peccatori	_	_	_	
78-8	7634-7636	la	_	_	_	
78-9	7637-7644	puntura	_	_	_	
78-10	7645-7648	del	_	_	_	
78-11	7649-7656	rimorso	_	_	_	
78-12	7657-7659	di	_	_	_	
78-13	7660-7670	conscienza	_	_	_	
78-14	7670-7671	,	_	_	_	
78-15	7672-7674	la	_	_	_	
78-16	7675-7679	sola	_	_	_	
78-17	7680-7693	immaginatione	_	_	_	
78-18	7694-7695	l	_	_	_	
78-19	7696-7697	'	_	_	_	
78-20	7698-7706	affligge	_	_	_	
78-21	7706-7707	.	_	_	_	

#Text=Anco la naturale conscienza rimorse communemente tutte le bestie, quali (benche irragionevoli) non perciò pare che perdino in vna certa maniera la cognitione de '  mali da loro commessi, secondo (però) i termini della loro capacità.
79-1	7708-7712	Anco	_	_	_	
79-2	7713-7715	la	_	_	_	
79-3	7716-7724	naturale	_	_	_	
79-4	7725-7735	conscienza	_	_	_	
79-5	7736-7743	rimorse	_	_	_	
79-6	7744-7756	communemente	_	_	_	
79-7	7757-7762	tutte	_	_	_	
79-8	7763-7765	le	_	_	_	
79-9	7766-7772	bestie	_	_	_	
79-10	7772-7773	,	_	_	_	
79-11	7774-7779	quali	_	_	_	
79-12	7780-7781	(	_	_	_	
79-13	7781-7787	benche	_	_	_	
79-14	7788-7801	irragionevoli	_	_	_	
79-15	7801-7802	)	_	_	_	
79-16	7803-7806	non	_	_	_	
79-17	7807-7813	perciò	_	_	_	
79-18	7814-7818	pare	_	_	_	
79-19	7819-7822	che	_	_	_	
79-20	7823-7830	perdino	_	_	_	
79-21	7831-7833	in	_	_	_	
79-22	7834-7837	vna	_	_	_	
79-23	7838-7843	certa	_	_	_	
79-24	7844-7851	maniera	_	_	_	
79-25	7852-7854	la	_	_	_	
79-26	7855-7865	cognitione	_	_	_	
79-27	7866-7868	de	_	_	_	
79-28	7869-7870	'	_	_	_	
79-29	7872-7876	mali	_	_	_	
79-30	7877-7879	da	_	_	_	
79-31	7880-7884	loro	_	_	_	
79-32	7885-7893	commessi	_	_	_	
79-33	7893-7894	,	_	_	_	
79-34	7895-7902	secondo	_	_	_	
79-35	7903-7904	(	_	_	_	
79-36	7904-7908	però	_	_	_	
79-37	7908-7909	)	_	_	_	
79-38	7910-7911	i	_	_	_	
79-39	7912-7919	termini	_	_	_	
79-40	7920-7925	della	_	_	_	
79-41	7926-7930	loro	_	_	_	
79-42	7931-7939	capacità	_	_	_	
79-43	7939-7940	.	_	_	_	

#Text=Non può contradirsi esser soauissimo riposo la quiete della conscienza.
80-1	7941-7944	Non	_	_	_	
80-2	7945-7948	può	_	_	_	
80-3	7949-7960	contradirsi	_	_	_	
80-4	7961-7966	esser	_	_	_	
80-5	7967-7977	soauissimo	_	_	_	
80-6	7978-7984	riposo	_	_	_	
80-7	7985-7987	la	_	_	_	
80-8	7988-7994	quiete	_	_	_	
80-9	7995-8000	della	_	_	_	
80-10	8001-8011	conscienza	_	_	_	
80-11	8011-8012	.	_	_	_	

#Text=I castighi dal Cielo tardati maggiormente si aggrauano.
81-1	8013-8014	I	_	_	_	
81-2	8015-8023	castighi	_	_	_	
81-3	8024-8027	dal	_	_	_	
81-4	8028-8033	Cielo	_	_	_	
81-5	8034-8041	tardati	_	_	_	
81-6	8042-8054	maggiormente	_	_	_	
81-7	8055-8057	si	_	_	_	
81-8	8058-8067	aggrauano	_	_	_	
81-9	8067-8068	.	_	_	_	

#Text=Non è ministro IDDIO, mà
#Text=
#Text=[versione critica]
#Text=
#Text=AGGIUNTA
#Text=
#Text=Alla Compassionevole
#Text=
#Text=RELAZIONE DEL TERREMOTO
#Text=
#Text=Successo nella Città della Matrice, e suo Stato,
#Text=
#Text=et anco ne’ luoghi circonvicini.
82-1	8069-8072	Non	_	_	_	
82-2	8073-8074	è	_	_	_	
82-3	8075-8083	ministro	_	_	_	
82-4	8084-8089	IDDIO	_	_	_	
82-5	8089-8090	,	_	_	_	
82-6	8091-8093	mà	_	_	_	
82-7	8095-8096	[	_	_	_	
82-8	8096-8104	versione	_	_	_	
82-9	8105-8112	critica	_	_	_	
82-10	8112-8113	]	_	_	_	
82-11	8115-8123	AGGIUNTA	_	_	_	
82-12	8125-8129	Alla	_	_	_	
82-13	8130-8145	Compassionevole	_	_	_	
82-14	8147-8156	RELAZIONE	_	_	_	
82-15	8157-8160	DEL	_	_	_	
82-16	8161-8170	TERREMOTO	_	_	_	
82-17	8172-8180	Successo	_	_	_	
82-18	8181-8186	nella	_	_	_	
82-19	8187-8192	Città	_	_	_	
82-20	8193-8198	della	_	_	_	
82-21	8199-8206	Matrice	_	_	_	
82-22	8206-8207	,	_	_	_	
82-23	8208-8209	e	_	_	_	
82-24	8210-8213	suo	_	_	_	
82-25	8214-8219	Stato	_	_	_	
82-26	8219-8220	,	_	_	_	
82-27	8222-8224	et	_	_	_	
82-28	8225-8229	anco	_	_	_	
82-29	8230-8232	ne	_	_	_	
82-30	8232-8233	’	_	_	_	
82-31	8234-8240	luoghi	_	_	_	
82-32	8241-8253	circonvicini	_	_	_	
82-33	8253-8254	.	_	_	_	

#Text=Con la narratione di tutto l ' avvenuto avanti, e dopo li 17.
83-1	8256-8259	Con	_	_	_	
83-2	8260-8262	la	_	_	_	
83-3	8263-8273	narratione	_	_	_	
83-4	8274-8276	di	_	_	_	
83-5	8277-8282	tutto	_	_	_	
83-6	8283-8284	l	_	_	_	
83-7	8285-8286	'	_	_	_	
83-8	8287-8295	avvenuto	_	_	_	
83-9	8296-8302	avanti	_	_	_	
83-10	8302-8303	,	_	_	_	
83-11	8304-8305	e	_	_	_	
83-12	8306-8310	dopo	_	_	_	
83-13	8311-8313	li	_	_	_	
83-14	8314-8316	17	_	_	_	
83-15	8316-8317	.	_	_	_	

#Text=del corrente Mese d ' Ottobre MDCXXXIX.
84-1	8319-8322	del	_	_	_	
84-2	8323-8331	corrente	_	_	_	
84-3	8332-8336	Mese	_	_	_	
84-4	8337-8338	d	_	_	_	
84-5	8339-8340	'	_	_	_	
84-6	8341-8348	Ottobre	_	_	_	
84-7	8349-8357	MDCXXXIX	_	_	_	
84-8	8357-8358	.	_	_	_	

#Text=fino al giorno presente.
85-1	8360-8364	fino	_	_	_	
85-2	8365-8367	al	_	_	_	
85-3	8368-8374	giorno	_	_	_	
85-4	8375-8383	presente	_	_	_	
85-5	8383-8384	.	_	_	_	

#Text=Con patimento di Accumulo, Monte Reale, Poggio Cancello, et ancora con spavento nuovamente di Recanati, e Rieti nel detto tempo,
#Text=
#Text=Et il danno seguito, e la perdita di quantità di persone,
#Text=
#Text=diligentemente narrata da Carlo Tiberij Romano.
86-1	8386-8389	Con	_	_	_	
86-2	8390-8399	patimento	_	_	_	
86-3	8400-8402	di	_	_	_	
86-4	8403-8411	Accumulo	_	_	_	
86-5	8411-8412	,	_	_	_	
86-6	8413-8418	Monte	_	_	_	
86-7	8419-8424	Reale	_	_	_	
86-8	8424-8425	,	_	_	_	
86-9	8426-8432	Poggio	_	_	_	
86-10	8433-8441	Cancello	_	_	_	
86-11	8441-8442	,	_	_	_	
86-12	8443-8445	et	_	_	_	
86-13	8446-8452	ancora	_	_	_	
86-14	8453-8456	con	_	_	_	
86-15	8457-8465	spavento	_	_	_	
86-16	8466-8476	nuovamente	_	_	_	
86-17	8477-8479	di	_	_	_	
86-18	8480-8488	Recanati	_	_	_	
86-19	8488-8489	,	_	_	_	
86-20	8490-8491	e	_	_	_	
86-21	8492-8497	Rieti	_	_	_	
86-22	8498-8501	nel	_	_	_	
86-23	8502-8507	detto	_	_	_	
86-24	8508-8513	tempo	_	_	_	
86-25	8513-8514	,	_	_	_	
86-26	8516-8518	Et	_	_	_	
86-27	8519-8521	il	_	_	_	
86-28	8522-8527	danno	_	_	_	
86-29	8528-8535	seguito	_	_	_	
86-30	8535-8536	,	_	_	_	
86-31	8537-8538	e	_	_	_	
86-32	8539-8541	la	_	_	_	
86-33	8542-8549	perdita	_	_	_	
86-34	8550-8552	di	_	_	_	
86-35	8553-8561	quantità	_	_	_	
86-36	8562-8564	di	_	_	_	
86-37	8565-8572	persone	_	_	_	
86-38	8572-8573	,	_	_	_	
86-39	8575-8589	diligentemente	_	_	_	
86-40	8590-8597	narrata	_	_	_	
86-41	8598-8600	da	_	_	_	
86-42	8601-8606	Carlo	_	_	_	
86-43	8607-8614	Tiberij	_	_	_	
86-44	8615-8621	Romano	_	_	_	
86-45	8621-8622	.	_	_	_	

#Text=È Di grandissimo tormento a i peccatori la puntura del rimorso di conscienza, la sola immaginatione l ' affligge.
87-1	8625-8626	È	_	_	_	
87-2	8627-8629	Di	_	_	_	
87-3	8630-8641	grandissimo	_	_	_	
87-4	8642-8650	tormento	_	_	_	
87-5	8651-8652	a	_	_	_	
87-6	8653-8654	i	_	_	_	
87-7	8655-8664	peccatori	_	_	_	
87-8	8665-8667	la	_	_	_	
87-9	8668-8675	puntura	_	_	_	
87-10	8676-8679	del	_	_	_	
87-11	8680-8687	rimorso	_	_	_	
87-12	8688-8690	di	_	_	_	
87-13	8691-8701	conscienza	_	_	_	
87-14	8701-8702	,	_	_	_	
87-15	8703-8705	la	_	_	_	
87-16	8706-8710	sola	_	_	_	
87-17	8711-8724	immaginatione	_	_	_	
87-18	8725-8726	l	_	_	_	
87-19	8727-8728	'	_	_	_	
87-20	8729-8737	affligge	_	_	_	
87-21	8737-8738	.	_	_	_	

#Text=Anco la naturale conscienza rimorse communemente tutte le bestie, quali (benche irragionevoli) non perciò pare che perdino in una certa maniera la cognitione de '  mali da loro commessi, secondo (però) i termini della loro capacità.
88-1	8739-8743	Anco	_	_	_	
88-2	8744-8746	la	_	_	_	
88-3	8747-8755	naturale	_	_	_	
88-4	8756-8766	conscienza	_	_	_	
88-5	8767-8774	rimorse	_	_	_	
88-6	8775-8787	communemente	_	_	_	
88-7	8788-8793	tutte	_	_	_	
88-8	8794-8796	le	_	_	_	
88-9	8797-8803	bestie	_	_	_	
88-10	8803-8804	,	_	_	_	
88-11	8805-8810	quali	_	_	_	
88-12	8811-8812	(	_	_	_	
88-13	8812-8818	benche	_	_	_	
88-14	8819-8832	irragionevoli	_	_	_	
88-15	8832-8833	)	_	_	_	
88-16	8834-8837	non	_	_	_	
88-17	8838-8844	perciò	_	_	_	
88-18	8845-8849	pare	_	_	_	
88-19	8850-8853	che	_	_	_	
88-20	8854-8861	perdino	_	_	_	
88-21	8862-8864	in	_	_	_	
88-22	8865-8868	una	_	_	_	
88-23	8869-8874	certa	_	_	_	
88-24	8875-8882	maniera	_	_	_	
88-25	8883-8885	la	_	_	_	
88-26	8886-8896	cognitione	_	_	_	
88-27	8897-8899	de	_	_	_	
88-28	8900-8901	'	_	_	_	
88-29	8903-8907	mali	_	_	_	
88-30	8908-8910	da	_	_	_	
88-31	8911-8915	loro	_	_	_	
88-32	8916-8924	commessi	_	_	_	
88-33	8924-8925	,	_	_	_	
88-34	8926-8933	secondo	_	_	_	
88-35	8934-8935	(	_	_	_	
88-36	8935-8939	però	_	_	_	
88-37	8939-8940	)	_	_	_	
88-38	8941-8942	i	_	_	_	
88-39	8943-8950	termini	_	_	_	
88-40	8951-8956	della	_	_	_	
88-41	8957-8961	loro	_	_	_	
88-42	8962-8970	capacità	_	_	_	
88-43	8970-8971	.	_	_	_	

#Text=Non può contradirsi esser soavissimo riposo la quiete della conscienza.
89-1	8972-8975	Non	_	_	_	
89-2	8976-8979	può	_	_	_	
89-3	8980-8991	contradirsi	_	_	_	
89-4	8992-8997	esser	_	_	_	
89-5	8998-9008	soavissimo	_	_	_	
89-6	9009-9015	riposo	_	_	_	
89-7	9016-9018	la	_	_	_	
89-8	9019-9025	quiete	_	_	_	
89-9	9026-9031	della	_	_	_	
89-10	9032-9042	conscienza	_	_	_	
89-11	9042-9043	.	_	_	_	

#Text=I castighi dal Cielo tardati maggiormente si aggravano.
90-1	9044-9045	I	_	_	_	
90-2	9046-9054	castighi	_	_	_	
90-3	9055-9058	dal	_	_	_	
90-4	9059-9064	Cielo	_	_	_	
90-5	9065-9072	tardati	_	_	_	
90-6	9073-9085	maggiormente	_	_	_	
90-7	9086-9088	si	_	_	_	
90-8	9089-9098	aggravano	_	_	_	
90-9	9098-9099	.	_	_	_	

#Text=Non è ministro IDDIO, mà
#Text=
#Text=A  ben
#Text=
#Text=[versione diplomatica]
#Text=
#Text=ben vẽdicatore delle vanità, e cupidigie humane.
91-1	9100-9103	Non	_	_	_	
91-2	9104-9105	è	_	_	_	
91-3	9106-9114	ministro	_	_	_	
91-4	9115-9120	IDDIO	_	_	_	
91-5	9120-9121	,	_	_	_	
91-6	9122-9124	mà	_	_	_	
91-7	9126-9127	A	_	_	_	
91-8	9129-9132	ben	_	_	_	
91-9	9134-9135	[	_	_	_	
91-10	9135-9143	versione	_	_	_	
91-11	9144-9155	diplomatica	_	_	_	
91-12	9155-9156	]	_	_	_	
91-13	9158-9161	ben	_	_	_	
91-14	9162-9172	vẽdicatore	_	_	_	
91-15	9173-9178	delle	_	_	_	
91-16	9179-9185	vanità	_	_	_	
91-17	9185-9186	,	_	_	_	
91-18	9187-9188	e	_	_	_	
91-19	9189-9198	cupidigie	_	_	_	
91-20	9199-9205	humane	_	_	_	
91-21	9205-9206	.	_	_	_	

#Text=Misero chi si fonda soura le terrene grandezze.
92-1	9207-9213	Misero	_	_	_	
92-2	9214-9217	chi	_	_	_	
92-3	9218-9220	si	_	_	_	
92-4	9221-9226	fonda	_	_	_	
92-5	9227-9232	soura	_	_	_	
92-6	9233-9235	le	_	_	_	
92-7	9236-9243	terrene	_	_	_	
92-8	9244-9253	grandezze	_	_	_	
92-9	9253-9254	.	_	_	_	

#Text=Ogni principio aspira al suo fine.
93-1	9255-9259	Ogni	_	_	_	
93-2	9260-9269	principio	_	_	_	
93-3	9270-9276	aspira	_	_	_	
93-4	9277-9279	al	_	_	_	
93-5	9280-9283	suo	_	_	_	
93-6	9284-9288	fine	_	_	_	
93-7	9288-9289	.	_	_	_	

#Text=Le cose eterne non ammettono numero, nè tempo.
94-1	9290-9292	Le	_	_	_	
94-2	9293-9297	cose	_	_	_	
94-3	9298-9304	eterne	_	_	_	
94-4	9305-9308	non	_	_	_	
94-5	9309-9318	ammettono	_	_	_	
94-6	9319-9325	numero	_	_	_	
94-7	9325-9326	,	_	_	_	
94-8	9327-9329	nè	_	_	_	
94-9	9330-9335	tempo	_	_	_	
94-10	9335-9336	.	_	_	_	

#Text=I mondani possessi, sono secondo la nostra immaginatione.
95-1	9337-9338	I	_	_	_	
95-2	9339-9346	mondani	_	_	_	
95-3	9347-9355	possessi	_	_	_	
95-4	9355-9356	,	_	_	_	
95-5	9357-9361	sono	_	_	_	
95-6	9362-9369	secondo	_	_	_	
95-7	9370-9372	la	_	_	_	
95-8	9373-9379	nostra	_	_	_	
95-9	9380-9393	immaginatione	_	_	_	
95-10	9393-9394	.	_	_	_	

#Text=Quando pare il Cielo assai minaccioso, all’hora con maggior contentezza dimostra il suo sereno.
96-1	9395-9401	Quando	_	_	_	
96-2	9402-9406	pare	_	_	_	
96-3	9407-9409	il	_	_	_	
96-4	9410-9415	Cielo	_	_	_	
96-5	9416-9421	assai	_	_	_	
96-6	9422-9432	minaccioso	_	_	_	
96-7	9432-9433	,	_	_	_	
96-8	9434-9437	all	_	_	_	
96-9	9437-9438	’	_	_	_	
96-10	9438-9442	hora	_	_	_	
96-11	9443-9446	con	_	_	_	
96-12	9447-9454	maggior	_	_	_	
96-13	9455-9466	contentezza	_	_	_	
96-14	9467-9475	dimostra	_	_	_	
96-15	9476-9478	il	_	_	_	
96-16	9479-9482	suo	_	_	_	
96-17	9483-9489	sereno	_	_	_	
96-18	9489-9490	.	_	_	_	

#Text=Le tribolationi sono mandate da IDDIO per generale auuertimento, e per far conoscere la sua essenza, e potere.
97-1	9491-9493	Le	_	_	_	
97-2	9494-9506	tribolationi	_	_	_	
97-3	9507-9511	sono	_	_	_	
97-4	9512-9519	mandate	_	_	_	
97-5	9520-9522	da	_	_	_	
97-6	9523-9528	IDDIO	_	_	_	
97-7	9529-9532	per	_	_	_	
97-8	9533-9541	generale	_	_	_	
97-9	9542-9554	auuertimento	_	_	_	
97-10	9554-9555	,	_	_	_	
97-11	9556-9557	e	_	_	_	
97-12	9558-9561	per	_	_	_	
97-13	9562-9565	far	_	_	_	
97-14	9566-9575	conoscere	_	_	_	
97-15	9576-9578	la	_	_	_	
97-16	9579-9582	sua	_	_	_	
97-17	9583-9590	essenza	_	_	_	
97-18	9590-9591	,	_	_	_	
97-19	9592-9593	e	_	_	_	
97-20	9594-9600	potere	_	_	_	
97-21	9600-9601	.	_	_	_	

#Text=Promisi darui più certa nuoua, ve la porto: & in vero lagrimoso stendo narratione memorabile, & efficace à muouere l’insensibili alla riuerenza Diuina, quando in essi punto di sensibilità si restringesse.
98-1	9603-9610	Promisi	_	_	_	
98-2	9611-9616	darui	_	_	_	
98-3	9617-9620	più	_	_	_	
98-4	9621-9626	certa	_	_	_	
98-5	9627-9632	nuoua	_	_	_	
98-6	9632-9633	,	_	_	_	
98-7	9634-9636	ve	_	_	_	
98-8	9637-9639	la	_	_	_	
98-9	9640-9645	porto	_	_	_	
98-10	9645-9646	:	_	_	_	
98-11	9647-9648	&	_	_	_	
98-12	9649-9651	in	_	_	_	
98-13	9652-9656	vero	_	_	_	
98-14	9657-9666	lagrimoso	_	_	_	
98-15	9667-9673	stendo	_	_	_	
98-16	9674-9684	narratione	_	_	_	
98-17	9685-9695	memorabile	_	_	_	
98-18	9695-9696	,	_	_	_	
98-19	9697-9698	&	_	_	_	
98-20	9699-9707	efficace	_	_	_	
98-21	9708-9709	à	_	_	_	
98-22	9710-9717	muouere	_	_	_	
98-23	9718-9719	l	_	_	_	
98-24	9719-9720	’	_	_	_	
98-25	9720-9731	insensibili	_	_	_	
98-26	9732-9736	alla	_	_	_	
98-27	9737-9746	riuerenza	_	_	_	
98-28	9747-9753	Diuina	_	_	_	
98-29	9753-9754	,	_	_	_	
98-30	9755-9761	quando	_	_	_	
98-31	9762-9764	in	_	_	_	
98-32	9765-9769	essi	_	_	_	
98-33	9770-9775	punto	_	_	_	
98-34	9776-9778	di	_	_	_	
98-35	9779-9790	sensibilità	_	_	_	
98-36	9791-9793	si	_	_	_	
98-37	9794-9806	restringesse	_	_	_	
98-38	9806-9807	.	_	_	_	

#Text=Vna Chiesa nella Matrice dedicata al Sãtissimo Sacramento è totalmente rouinata, essendo restato il Sacramẽto illeso trà le rouine, per dimostrare la suprema onnipotenza à gl’increduli, & ostinati, & anco per spauento à i disprezzatori delli Diuini precetti.
99-1	9809-9812	Vna	_	_	_	
99-2	9813-9819	Chiesa	_	_	_	
99-3	9820-9825	nella	_	_	_	
99-4	9826-9833	Matrice	_	_	_	
99-5	9834-9842	dedicata	_	_	_	
99-6	9843-9845	al	_	_	_	
99-7	9846-9855	Sãtissimo	_	_	_	
99-8	9856-9866	Sacramento	_	_	_	
99-9	9867-9868	è	_	_	_	
99-10	9869-9879	totalmente	_	_	_	
99-11	9880-9888	rouinata	_	_	_	
99-12	9888-9889	,	_	_	_	
99-13	9890-9897	essendo	_	_	_	
99-14	9898-9905	restato	_	_	_	
99-15	9906-9908	il	_	_	_	
99-16	9909-9918	Sacramẽto	_	_	_	
99-17	9919-9925	illeso	_	_	_	
99-18	9926-9929	trà	_	_	_	
99-19	9930-9932	le	_	_	_	
99-20	9933-9939	rouine	_	_	_	
99-21	9939-9940	,	_	_	_	
99-22	9941-9944	per	_	_	_	
99-23	9945-9955	dimostrare	_	_	_	
99-24	9956-9958	la	_	_	_	
99-25	9959-9966	suprema	_	_	_	
99-26	9967-9978	onnipotenza	_	_	_	
99-27	9979-9980	à	_	_	_	
99-28	9981-9983	gl	_	_	_	
99-29	9983-9984	’	_	_	_	
99-30	9984-9993	increduli	_	_	_	
99-31	9993-9994	,	_	_	_	
99-32	9995-9996	&	_	_	_	
99-33	9997-10005	ostinati	_	_	_	
99-34	10005-10006	,	_	_	_	
99-35	10007-10008	&	_	_	_	
99-36	10009-10013	anco	_	_	_	
99-37	10014-10017	per	_	_	_	
99-38	10018-10026	spauento	_	_	_	
99-39	10027-10028	à	_	_	_	
99-40	10029-10030	i	_	_	_	
99-41	10031-10044	disprezzatori	_	_	_	
99-42	10045-10050	delli	_	_	_	
99-43	10051-10057	Diuini	_	_	_	
99-44	10058-10066	precetti	_	_	_	
99-45	10066-10067	.	_	_	_	

#Text=Le Fontane, che continuamente scorreuano riui d’acqua limpidissima, hora alcune sono restate secche, & altre gettano acqua torbidissima, e nera.
100-1	10069-10071	Le	_	_	_	
100-2	10072-10079	Fontane	_	_	_	
100-3	10079-10080	,	_	_	_	
100-4	10081-10084	che	_	_	_	
100-5	10085-10098	continuamente	_	_	_	
100-6	10099-10109	scorreuano	_	_	_	
100-7	10110-10114	riui	_	_	_	
100-8	10115-10116	d	_	_	_	
100-9	10116-10117	’	_	_	_	
100-10	10117-10122	acqua	_	_	_	
100-11	10123-10135	limpidissima	_	_	_	
100-12	10135-10136	,	_	_	_	
100-13	10137-10141	hora	_	_	_	
100-14	10142-10148	alcune	_	_	_	
100-15	10149-10153	sono	_	_	_	
100-16	10154-10161	restate	_	_	_	
100-17	10162-10168	secche	_	_	_	
100-18	10168-10169	,	_	_	_	
100-19	10170-10171	&	_	_	_	
100-20	10172-10177	altre	_	_	_	
100-21	10178-10185	gettano	_	_	_	
100-22	10186-10191	acqua	_	_	_	
100-23	10192-10204	torbidissima	_	_	_	
100-24	10204-10205	,	_	_	_	
100-25	10206-10207	e	_	_	_	
100-26	10208-10212	nera	_	_	_	
100-27	10212-10213	.	_	_	_	

#Text=Reca grandissimo stupore, e tema insieme il Tronte, fiumara grossissima, quale sono molti giorni, che si mostra spauentoso, e quasi vn nuouo Mare romoreggia, ondeggia, e freme in modo, che
#Text=
#Text=[versione critica]
#Text=
#Text=ben vendicatore delle vanità, e cupidigie humane.
101-1	10215-10219	Reca	_	_	_	
101-2	10220-10231	grandissimo	_	_	_	
101-3	10232-10239	stupore	_	_	_	
101-4	10239-10240	,	_	_	_	
101-5	10241-10242	e	_	_	_	
101-6	10243-10247	tema	_	_	_	
101-7	10248-10255	insieme	_	_	_	
101-8	10256-10258	il	_	_	_	
101-9	10259-10265	Tronte	_	_	_	
101-10	10265-10266	,	_	_	_	
101-11	10267-10274	fiumara	_	_	_	
101-12	10275-10286	grossissima	_	_	_	
101-13	10286-10287	,	_	_	_	
101-14	10288-10293	quale	_	_	_	
101-15	10294-10298	sono	_	_	_	
101-16	10299-10304	molti	_	_	_	
101-17	10305-10311	giorni	_	_	_	
101-18	10311-10312	,	_	_	_	
101-19	10313-10316	che	_	_	_	
101-20	10317-10319	si	_	_	_	
101-21	10320-10326	mostra	_	_	_	
101-22	10327-10337	spauentoso	_	_	_	
101-23	10337-10338	,	_	_	_	
101-24	10339-10340	e	_	_	_	
101-25	10341-10346	quasi	_	_	_	
101-26	10347-10349	vn	_	_	_	
101-27	10350-10355	nuouo	_	_	_	
101-28	10356-10360	Mare	_	_	_	
101-29	10361-10371	romoreggia	_	_	_	
101-30	10371-10372	,	_	_	_	
101-31	10373-10381	ondeggia	_	_	_	
101-32	10381-10382	,	_	_	_	
101-33	10383-10384	e	_	_	_	
101-34	10385-10390	freme	_	_	_	
101-35	10391-10393	in	_	_	_	
101-36	10394-10398	modo	_	_	_	
101-37	10398-10399	,	_	_	_	
101-38	10400-10403	che	_	_	_	
101-39	10405-10406	[	_	_	_	
101-40	10406-10414	versione	_	_	_	
101-41	10415-10422	critica	_	_	_	
101-42	10422-10423	]	_	_	_	
101-43	10425-10428	ben	_	_	_	
101-44	10429-10440	vendicatore	_	_	_	
101-45	10441-10446	delle	_	_	_	
101-46	10447-10453	vanità	_	_	_	
101-47	10453-10454	,	_	_	_	
101-48	10455-10456	e	_	_	_	
101-49	10457-10466	cupidigie	_	_	_	
101-50	10467-10473	humane	_	_	_	
101-51	10473-10474	.	_	_	_	

#Text=Misero chi si fonda sovra le terrene grandezze.
102-1	10475-10481	Misero	_	_	_	
102-2	10482-10485	chi	_	_	_	
102-3	10486-10488	si	_	_	_	
102-4	10489-10494	fonda	_	_	_	
102-5	10495-10500	sovra	_	_	_	
102-6	10501-10503	le	_	_	_	
102-7	10504-10511	terrene	_	_	_	
102-8	10512-10521	grandezze	_	_	_	
102-9	10521-10522	.	_	_	_	

#Text=Ogni principio aspira al suo fine.
103-1	10523-10527	Ogni	_	_	_	
103-2	10528-10537	principio	_	_	_	
103-3	10538-10544	aspira	_	_	_	
103-4	10545-10547	al	_	_	_	
103-5	10548-10551	suo	_	_	_	
103-6	10552-10556	fine	_	_	_	
103-7	10556-10557	.	_	_	_	

#Text=Le cose eterne non ammettono numero, nè tempo.
104-1	10558-10560	Le	_	_	_	
104-2	10561-10565	cose	_	_	_	
104-3	10566-10572	eterne	_	_	_	
104-4	10573-10576	non	_	_	_	
104-5	10577-10586	ammettono	_	_	_	
104-6	10587-10593	numero	_	_	_	
104-7	10593-10594	,	_	_	_	
104-8	10595-10597	nè	_	_	_	
104-9	10598-10603	tempo	_	_	_	
104-10	10603-10604	.	_	_	_	

#Text=I mondani possessi, sono secondo la nostra immaginatione.
105-1	10605-10606	I	_	_	_	
105-2	10607-10614	mondani	_	_	_	
105-3	10615-10623	possessi	_	_	_	
105-4	10623-10624	,	_	_	_	
105-5	10625-10629	sono	_	_	_	
105-6	10630-10637	secondo	_	_	_	
105-7	10638-10640	la	_	_	_	
105-8	10641-10647	nostra	_	_	_	
105-9	10648-10661	immaginatione	_	_	_	
105-10	10661-10662	.	_	_	_	

#Text=Quando pare il Cielo assai minaccioso, all’hora con maggior contentezza dimostra il suo sereno.
106-1	10663-10669	Quando	_	_	_	
106-2	10670-10674	pare	_	_	_	
106-3	10675-10677	il	_	_	_	
106-4	10678-10683	Cielo	_	_	_	
106-5	10684-10689	assai	_	_	_	
106-6	10690-10700	minaccioso	_	_	_	
106-7	10700-10701	,	_	_	_	
106-8	10702-10705	all	_	_	_	
106-9	10705-10706	’	_	_	_	
106-10	10706-10710	hora	_	_	_	
106-11	10711-10714	con	_	_	_	
106-12	10715-10722	maggior	_	_	_	
106-13	10723-10734	contentezza	_	_	_	
106-14	10735-10743	dimostra	_	_	_	
106-15	10744-10746	il	_	_	_	
106-16	10747-10750	suo	_	_	_	
106-17	10751-10757	sereno	_	_	_	
106-18	10757-10758	.	_	_	_	

#Text=Le tribolationi sono mandate da IDDIO per generale avvertimento, e per far conoscere la sua essenza, e potere.
107-1	10759-10761	Le	_	_	_	
107-2	10762-10774	tribolationi	_	_	_	
107-3	10775-10779	sono	_	_	_	
107-4	10780-10787	mandate	_	_	_	
107-5	10788-10790	da	_	_	_	
107-6	10791-10796	IDDIO	_	_	_	
107-7	10797-10800	per	_	_	_	
107-8	10801-10809	generale	_	_	_	
107-9	10810-10822	avvertimento	_	_	_	
107-10	10822-10823	,	_	_	_	
107-11	10824-10825	e	_	_	_	
107-12	10826-10829	per	_	_	_	
107-13	10830-10833	far	_	_	_	
107-14	10834-10843	conoscere	_	_	_	
107-15	10844-10846	la	_	_	_	
107-16	10847-10850	sua	_	_	_	
107-17	10851-10858	essenza	_	_	_	
107-18	10858-10859	,	_	_	_	
107-19	10860-10861	e	_	_	_	
107-20	10862-10868	potere	_	_	_	
107-21	10868-10869	.	_	_	_	

#Text=Promisi darvi più certa nuova, ve la porto: et in vero lagrimoso stendo narratione memorabile, et efficace a muovere l’insensibili alla riverenza Divina, quando in essi punto di sensibilità si restringesse.
108-1	10871-10878	Promisi	_	_	_	
108-2	10879-10884	darvi	_	_	_	
108-3	10885-10888	più	_	_	_	
108-4	10889-10894	certa	_	_	_	
108-5	10895-10900	nuova	_	_	_	
108-6	10900-10901	,	_	_	_	
108-7	10902-10904	ve	_	_	_	
108-8	10905-10907	la	_	_	_	
108-9	10908-10913	porto	_	_	_	
108-10	10913-10914	:	_	_	_	
108-11	10915-10917	et	_	_	_	
108-12	10918-10920	in	_	_	_	
108-13	10921-10925	vero	_	_	_	
108-14	10926-10935	lagrimoso	_	_	_	
108-15	10936-10942	stendo	_	_	_	
108-16	10943-10953	narratione	_	_	_	
108-17	10954-10964	memorabile	_	_	_	
108-18	10964-10965	,	_	_	_	
108-19	10966-10968	et	_	_	_	
108-20	10969-10977	efficace	_	_	_	
108-21	10978-10979	a	_	_	_	
108-22	10980-10987	muovere	_	_	_	
108-23	10988-10989	l	_	_	_	
108-24	10989-10990	’	_	_	_	
108-25	10990-11001	insensibili	_	_	_	
108-26	11002-11006	alla	_	_	_	
108-27	11007-11016	riverenza	_	_	_	
108-28	11017-11023	Divina	_	_	_	
108-29	11023-11024	,	_	_	_	
108-30	11025-11031	quando	_	_	_	
108-31	11032-11034	in	_	_	_	
108-32	11035-11039	essi	_	_	_	
108-33	11040-11045	punto	_	_	_	
108-34	11046-11048	di	_	_	_	
108-35	11049-11060	sensibilità	_	_	_	
108-36	11061-11063	si	_	_	_	
108-37	11064-11076	restringesse	_	_	_	
108-38	11076-11077	.	_	_	_	

#Text=Una Chiesa nella Matrice dedicata al Santissimo Sacramento è totalmente rovinata, essendo restato il Sacramento illeso tra le rovine, per dimostrare la suprema onnipotenza a gl’ increduli, et ostinati, et anco per spavento a i disprezzatori delli Divini precetti.
109-1	11079-11082	Una	_	_	_	
109-2	11083-11089	Chiesa	_	_	_	
109-3	11090-11095	nella	_	_	_	
109-4	11096-11103	Matrice	_	_	_	
109-5	11104-11112	dedicata	_	_	_	
109-6	11113-11115	al	_	_	_	
109-7	11116-11126	Santissimo	_	_	_	
109-8	11127-11137	Sacramento	_	_	_	
109-9	11138-11139	è	_	_	_	
109-10	11140-11150	totalmente	_	_	_	
109-11	11151-11159	rovinata	_	_	_	
109-12	11159-11160	,	_	_	_	
109-13	11161-11168	essendo	_	_	_	
109-14	11169-11176	restato	_	_	_	
109-15	11177-11179	il	_	_	_	
109-16	11180-11190	Sacramento	_	_	_	
109-17	11191-11197	illeso	_	_	_	
109-18	11198-11201	tra	_	_	_	
109-19	11202-11204	le	_	_	_	
109-20	11205-11211	rovine	_	_	_	
109-21	11211-11212	,	_	_	_	
109-22	11213-11216	per	_	_	_	
109-23	11217-11227	dimostrare	_	_	_	
109-24	11228-11230	la	_	_	_	
109-25	11231-11238	suprema	_	_	_	
109-26	11239-11250	onnipotenza	_	_	_	
109-27	11251-11252	a	_	_	_	
109-28	11253-11255	gl	_	_	_	
109-29	11255-11256	’	_	_	_	
109-30	11257-11266	increduli	_	_	_	
109-31	11266-11267	,	_	_	_	
109-32	11268-11270	et	_	_	_	
109-33	11271-11279	ostinati	_	_	_	
109-34	11279-11280	,	_	_	_	
109-35	11281-11283	et	_	_	_	
109-36	11284-11288	anco	_	_	_	
109-37	11289-11292	per	_	_	_	
109-38	11293-11301	spavento	_	_	_	
109-39	11302-11303	a	_	_	_	
109-40	11304-11305	i	_	_	_	
109-41	11306-11319	disprezzatori	_	_	_	
109-42	11320-11325	delli	_	_	_	
109-43	11326-11332	Divini	_	_	_	
109-44	11333-11341	precetti	_	_	_	
109-45	11341-11342	.	_	_	_	

#Text=Le Fontane, che continuamente scorrevano rivi d’acqua limpidissima, ora alcune sono restate secche, et altre gettano acqua torbidissima, e nera.
110-1	11344-11346	Le	_	_	_	
110-2	11347-11354	Fontane	_	_	_	
110-3	11354-11355	,	_	_	_	
110-4	11356-11359	che	_	_	_	
110-5	11360-11373	continuamente	_	_	_	
110-6	11374-11384	scorrevano	_	_	_	
110-7	11385-11389	rivi	_	_	_	
110-8	11390-11391	d	_	_	_	
110-9	11391-11392	’	_	_	_	
110-10	11392-11397	acqua	_	_	_	
110-11	11398-11410	limpidissima	_	_	_	
110-12	11410-11411	,	_	_	_	
110-13	11412-11415	ora	_	_	_	
110-14	11416-11422	alcune	_	_	_	
110-15	11423-11427	sono	_	_	_	
110-16	11428-11435	restate	_	_	_	
110-17	11436-11442	secche	_	_	_	
110-18	11442-11443	,	_	_	_	
110-19	11444-11446	et	_	_	_	
110-20	11447-11452	altre	_	_	_	
110-21	11453-11460	gettano	_	_	_	
110-22	11461-11466	acqua	_	_	_	
110-23	11467-11479	torbidissima	_	_	_	
110-24	11479-11480	,	_	_	_	
110-25	11481-11482	e	_	_	_	
110-26	11483-11487	nera	_	_	_	
110-27	11487-11488	.	_	_	_	

#Text=Reca grandissimo stupore, e tema insieme il Tronte, fiumara grossissima, quale sono molti giorni, che si mostra spaventoso, e quasi un nuovo Mare romoreggia, ondeggia, e freme in modo, che sembra
#Text=
#Text=[versione diplomatica]
#Text=
#Text=sembra vlulati, e strida infernali essendo l’acqua così nera, e puzzolente, che atterrisce l’vdito, e scaccia l’odorato, non che il guardo.
111-1	11490-11494	Reca	_	_	_	
111-2	11495-11506	grandissimo	_	_	_	
111-3	11507-11514	stupore	_	_	_	
111-4	11514-11515	,	_	_	_	
111-5	11516-11517	e	_	_	_	
111-6	11518-11522	tema	_	_	_	
111-7	11523-11530	insieme	_	_	_	
111-8	11531-11533	il	_	_	_	
111-9	11534-11540	Tronte	_	_	_	
111-10	11540-11541	,	_	_	_	
111-11	11542-11549	fiumara	_	_	_	
111-12	11550-11561	grossissima	_	_	_	
111-13	11561-11562	,	_	_	_	
111-14	11563-11568	quale	_	_	_	
111-15	11569-11573	sono	_	_	_	
111-16	11574-11579	molti	_	_	_	
111-17	11580-11586	giorni	_	_	_	
111-18	11586-11587	,	_	_	_	
111-19	11588-11591	che	_	_	_	
111-20	11592-11594	si	_	_	_	
111-21	11595-11601	mostra	_	_	_	
111-22	11602-11612	spaventoso	_	_	_	
111-23	11612-11613	,	_	_	_	
111-24	11614-11615	e	_	_	_	
111-25	11616-11621	quasi	_	_	_	
111-26	11622-11624	un	_	_	_	
111-27	11625-11630	nuovo	_	_	_	
111-28	11631-11635	Mare	_	_	_	
111-29	11636-11646	romoreggia	_	_	_	
111-30	11646-11647	,	_	_	_	
111-31	11648-11656	ondeggia	_	_	_	
111-32	11656-11657	,	_	_	_	
111-33	11658-11659	e	_	_	_	
111-34	11660-11665	freme	_	_	_	
111-35	11666-11668	in	_	_	_	
111-36	11669-11673	modo	_	_	_	
111-37	11673-11674	,	_	_	_	
111-38	11675-11678	che	_	_	_	
111-39	11679-11685	sembra	_	_	_	
111-40	11687-11688	[	_	_	_	
111-41	11688-11696	versione	_	_	_	
111-42	11697-11708	diplomatica	_	_	_	
111-43	11708-11709	]	_	_	_	
111-44	11711-11717	sembra	_	_	_	
111-45	11718-11725	vlulati	_	_	_	
111-46	11725-11726	,	_	_	_	
111-47	11727-11728	e	_	_	_	
111-48	11729-11735	strida	_	_	_	
111-49	11736-11745	infernali	_	_	_	
111-50	11746-11753	essendo	_	_	_	
111-51	11754-11755	l	_	_	_	
111-52	11755-11756	’	_	_	_	
111-53	11756-11761	acqua	Smell\_Source	_	_	
111-54	11762-11766	così	_	_	_	
111-55	11767-11771	nera	_	_	_	
111-56	11771-11772	,	_	_	_	
111-57	11773-11774	e	_	_	_	
111-58	11775-11785	puzzolente	Smell\_Word[1]|Quality[2]	*|*|*	111-58[2_1]|111-60[3_1]|111-53[0_1]	
111-59	11785-11786	,	_	_	_	
111-60	11787-11790	che	Effect[3]	_	_	
111-61	11791-11801	atterrisce	Effect[3]	_	_	
111-62	11802-11803	l	Effect[3]	_	_	
111-63	11803-11804	’	Effect[3]	_	_	
111-64	11804-11809	vdito	Effect[3]	_	_	
111-65	11809-11810	,	Effect[3]	_	_	
111-66	11811-11812	e	Effect[3]	_	_	
111-67	11813-11820	scaccia	Effect[3]	_	_	
111-68	11821-11822	l	Effect[3]	_	_	
111-69	11822-11823	’	Effect[3]	_	_	
111-70	11823-11830	odorato	Effect[3]	_	_	
111-71	11830-11831	,	Effect[3]	_	_	
111-72	11832-11835	non	Effect[3]	_	_	
111-73	11836-11839	che	Effect[3]	_	_	
111-74	11840-11842	il	Effect[3]	_	_	
111-75	11843-11849	guardo	Effect[3]	_	_	
111-76	11849-11850	.	_	_	_	

#Text=La maggior parte di quelli, quali sono restati salui, sono andati à ricouerarsi in Ascoli, in altri luoghi, & anch’ in Roma ve ne son venuti.
112-1	11852-11854	La	_	_	_	
112-2	11855-11862	maggior	_	_	_	
112-3	11863-11868	parte	_	_	_	
112-4	11869-11871	di	_	_	_	
112-5	11872-11878	quelli	_	_	_	
112-6	11878-11879	,	_	_	_	
112-7	11880-11885	quali	_	_	_	
112-8	11886-11890	sono	_	_	_	
112-9	11891-11898	restati	_	_	_	
112-10	11899-11904	salui	_	_	_	
112-11	11904-11905	,	_	_	_	
112-12	11906-11910	sono	_	_	_	
112-13	11911-11917	andati	_	_	_	
112-14	11918-11919	à	_	_	_	
112-15	11920-11931	ricouerarsi	_	_	_	
112-16	11932-11934	in	_	_	_	
112-17	11935-11941	Ascoli	_	_	_	
112-18	11941-11942	,	_	_	_	
112-19	11943-11945	in	_	_	_	
112-20	11946-11951	altri	_	_	_	
112-21	11952-11958	luoghi	_	_	_	
112-22	11958-11959	,	_	_	_	
112-23	11960-11961	&	_	_	_	
112-24	11962-11966	anch	_	_	_	
112-25	11966-11967	’	_	_	_	
112-26	11968-11970	in	_	_	_	
112-27	11971-11975	Roma	_	_	_	
112-28	11976-11978	ve	_	_	_	
112-29	11979-11981	ne	_	_	_	
112-30	11982-11985	son	_	_	_	
112-31	11986-11992	venuti	_	_	_	
112-32	11992-11993	.	_	_	_	

#Text=A di 17. del presente mese d’Ottobre, facendosi la Processione del Santissimo Sacramento per la quasi disfatta Matrice, con seguito di moltitudine di persone, quali dauano grandissimi segni di cõpuntione con disciplinarsi à sangue, e mostrãdo veri inditij di pentimento, fè sentirsi il Terremoto, quale accennò rouina, mà però non danneggiò mentre passaua il Sacramento, se non che passata la Processione caderno molte Case, e Palazzi, senza morte di alcuno, essendo le habitationi già state abbandonate per la paura.
113-1	11995-11996	A	_	_	_	
113-2	11997-11999	di	_	_	_	
113-3	12000-12002	17	_	_	_	
113-4	12002-12003	.	_	_	_	
113-5	12004-12007	del	_	_	_	
113-6	12008-12016	presente	_	_	_	
113-7	12017-12021	mese	_	_	_	
113-8	12022-12023	d	_	_	_	
113-9	12023-12024	’	_	_	_	
113-10	12024-12031	Ottobre	_	_	_	
113-11	12031-12032	,	_	_	_	
113-12	12033-12042	facendosi	_	_	_	
113-13	12043-12045	la	_	_	_	
113-14	12046-12057	Processione	_	_	_	
113-15	12058-12061	del	_	_	_	
113-16	12062-12072	Santissimo	_	_	_	
113-17	12073-12083	Sacramento	_	_	_	
113-18	12084-12087	per	_	_	_	
113-19	12088-12090	la	_	_	_	
113-20	12091-12096	quasi	_	_	_	
113-21	12097-12105	disfatta	_	_	_	
113-22	12106-12113	Matrice	_	_	_	
113-23	12113-12114	,	_	_	_	
113-24	12115-12118	con	_	_	_	
113-25	12119-12126	seguito	_	_	_	
113-26	12127-12129	di	_	_	_	
113-27	12130-12141	moltitudine	_	_	_	
113-28	12142-12144	di	_	_	_	
113-29	12145-12152	persone	_	_	_	
113-30	12152-12153	,	_	_	_	
113-31	12154-12159	quali	_	_	_	
113-32	12160-12166	dauano	_	_	_	
113-33	12167-12178	grandissimi	_	_	_	
113-34	12179-12184	segni	_	_	_	
113-35	12185-12187	di	_	_	_	
113-36	12188-12198	cõpuntione	_	_	_	
113-37	12199-12202	con	_	_	_	
113-38	12203-12216	disciplinarsi	_	_	_	
113-39	12217-12218	à	_	_	_	
113-40	12219-12225	sangue	_	_	_	
113-41	12225-12226	,	_	_	_	
113-42	12227-12228	e	_	_	_	
113-43	12229-12237	mostrãdo	_	_	_	
113-44	12238-12242	veri	_	_	_	
113-45	12243-12250	inditij	_	_	_	
113-46	12251-12253	di	_	_	_	
113-47	12254-12264	pentimento	_	_	_	
113-48	12264-12265	,	_	_	_	
113-49	12266-12268	fè	_	_	_	
113-50	12269-12277	sentirsi	_	_	_	
113-51	12278-12280	il	_	_	_	
113-52	12281-12290	Terremoto	_	_	_	
113-53	12290-12291	,	_	_	_	
113-54	12292-12297	quale	_	_	_	
113-55	12298-12305	accennò	_	_	_	
113-56	12306-12312	rouina	_	_	_	
113-57	12312-12313	,	_	_	_	
113-58	12314-12316	mà	_	_	_	
113-59	12317-12321	però	_	_	_	
113-60	12322-12325	non	_	_	_	
113-61	12326-12335	danneggiò	_	_	_	
113-62	12336-12342	mentre	_	_	_	
113-63	12343-12350	passaua	_	_	_	
113-64	12351-12353	il	_	_	_	
113-65	12354-12364	Sacramento	_	_	_	
113-66	12364-12365	,	_	_	_	
113-67	12366-12368	se	_	_	_	
113-68	12369-12372	non	_	_	_	
113-69	12373-12376	che	_	_	_	
113-70	12377-12384	passata	_	_	_	
113-71	12385-12387	la	_	_	_	
113-72	12388-12399	Processione	_	_	_	
113-73	12400-12407	caderno	_	_	_	
113-74	12408-12413	molte	_	_	_	
113-75	12414-12418	Case	_	_	_	
113-76	12418-12419	,	_	_	_	
113-77	12420-12421	e	_	_	_	
113-78	12422-12429	Palazzi	_	_	_	
113-79	12429-12430	,	_	_	_	
113-80	12431-12436	senza	_	_	_	
113-81	12437-12442	morte	_	_	_	
113-82	12443-12445	di	_	_	_	
113-83	12446-12452	alcuno	_	_	_	
113-84	12452-12453	,	_	_	_	
113-85	12454-12461	essendo	_	_	_	
113-86	12462-12464	le	_	_	_	
113-87	12465-12476	habitationi	_	_	_	
113-88	12477-12480	già	_	_	_	
113-89	12481-12486	state	_	_	_	
113-90	12487-12498	abbandonate	_	_	_	
113-91	12499-12502	per	_	_	_	
113-92	12503-12505	la	_	_	_	
113-93	12506-12511	paura	_	_	_	
113-94	12511-12512	.	_	_	_	

#Text=Il Terremoto à fatto esterminò, subissò, e disfece Case, e Palazzi, onde à pena vi si scorgono le vestigia della Matrice non tanto, quanto di altri già narrati luoghi.
114-1	12513-12515	Il	_	_	_	
114-2	12516-12525	Terremoto	_	_	_	
114-3	12526-12527	à	_	_	_	
114-4	12528-12533	fatto	_	_	_	
114-5	12534-12543	esterminò	_	_	_	
114-6	12543-12544	,	_	_	_	
114-7	12545-12552	subissò	_	_	_	
114-8	12552-12553	,	_	_	_	
114-9	12554-12555	e	_	_	_	
114-10	12556-12563	disfece	_	_	_	
114-11	12564-12568	Case	_	_	_	
114-12	12568-12569	,	_	_	_	
114-13	12570-12571	e	_	_	_	
114-14	12572-12579	Palazzi	_	_	_	
114-15	12579-12580	,	_	_	_	
114-16	12581-12585	onde	_	_	_	
114-17	12586-12587	à	_	_	_	
114-18	12588-12592	pena	_	_	_	
114-19	12593-12595	vi	_	_	_	
114-20	12596-12598	si	_	_	_	
114-21	12599-12607	scorgono	_	_	_	
114-22	12608-12610	le	_	_	_	
114-23	12611-12619	vestigia	_	_	_	
114-24	12620-12625	della	_	_	_	
114-25	12626-12633	Matrice	_	_	_	
114-26	12634-12637	non	_	_	_	
114-27	12638-12643	tanto	_	_	_	
114-28	12643-12644	,	_	_	_	
114-29	12645-12651	quanto	_	_	_	
114-30	12652-12654	di	_	_	_	
114-31	12655-12660	altri	_	_	_	
114-32	12661-12664	già	_	_	_	
114-33	12665-12672	narrati	_	_	_	
114-34	12673-12679	luoghi	_	_	_	
114-35	12679-12680	.	_	_	_	

#Text=Alcuni Signori della Matrice offeriscono à quei tali, che vogliono arrischiarsi di entrare trà le rouinate Case, e habitationi, & adoprarsi à ricuperare le massaritie, e denari iui sepolti, la metà di tutto quello, che cauaranno fuori.
115-1	12682-12688	Alcuni	_	_	_	
115-2	12689-12696	Signori	_	_	_	
115-3	12697-12702	della	_	_	_	
115-4	12703-12710	Matrice	_	_	_	
115-5	12711-12722	offeriscono	_	_	_	
115-6	12723-12724	à	_	_	_	
115-7	12725-12729	quei	_	_	_	
115-8	12730-12734	tali	_	_	_	
115-9	12734-12735	,	_	_	_	
115-10	12736-12739	che	_	_	_	
115-11	12740-12748	vogliono	_	_	_	
115-12	12749-12761	arrischiarsi	_	_	_	
115-13	12762-12764	di	_	_	_	
115-14	12765-12772	entrare	_	_	_	
115-15	12773-12776	trà	_	_	_	
115-16	12777-12779	le	_	_	_	
115-17	12780-12788	rouinate	_	_	_	
115-18	12789-12793	Case	_	_	_	
115-19	12793-12794	,	_	_	_	
115-20	12795-12796	e	_	_	_	
115-21	12797-12808	habitationi	_	_	_	
115-22	12808-12809	,	_	_	_	
115-23	12810-12811	&	_	_	_	
115-24	12812-12821	adoprarsi	_	_	_	
115-25	12822-12823	à	_	_	_	
115-26	12824-12834	ricuperare	_	_	_	
115-27	12835-12837	le	_	_	_	
115-28	12838-12848	massaritie	_	_	_	
115-29	12848-12849	,	_	_	_	
115-30	12850-12851	e	_	_	_	
115-31	12852-12858	denari	_	_	_	
115-32	12859-12862	iui	_	_	_	
115-33	12863-12870	sepolti	_	_	_	
115-34	12870-12871	,	_	_	_	
115-35	12872-12874	la	_	_	_	
115-36	12875-12879	metà	_	_	_	
115-37	12880-12882	di	_	_	_	
115-38	12883-12888	tutto	_	_	_	
115-39	12889-12895	quello	_	_	_	
115-40	12895-12896	,	_	_	_	
115-41	12897-12900	che	_	_	_	
115-42	12901-12910	cauaranno	_	_	_	
115-43	12911-12916	fuori	_	_	_	
115-44	12916-12917	.	_	_	_	

#Text=L’Eccellentiss.
116-1	12919-12920	L	_	_	_	
116-2	12920-12921	’	_	_	_	
116-3	12921-12933	Eccellentiss	_	_	_	
116-4	12933-12934	.	_	_	_	

#Text=Sig.
117-1	12935-12938	Sig	_	_	_	
117-2	12938-12939	.	_	_	_	

#Text=Principe và religiosamente confortando le genti, esortandole alle deuotioni, mostrando gran pietà, e compassione, hauendosi fatta alzare vn’habitatione di tauole in Campagna
#Text=
#Text=[versione critica]
#Text=
#Text=sembra ululati, e strida infernali essendo l’acqua così nera, e puzzolente, che atterrisce l’udito, e scaccia l’odorato, non che il guardo.
118-1	12940-12948	Principe	_	_	_	
118-2	12949-12951	và	_	_	_	
118-3	12952-12966	religiosamente	_	_	_	
118-4	12967-12978	confortando	_	_	_	
118-5	12979-12981	le	_	_	_	
118-6	12982-12987	genti	_	_	_	
118-7	12987-12988	,	_	_	_	
118-8	12989-13000	esortandole	_	_	_	
118-9	13001-13005	alle	_	_	_	
118-10	13006-13015	deuotioni	_	_	_	
118-11	13015-13016	,	_	_	_	
118-12	13017-13026	mostrando	_	_	_	
118-13	13027-13031	gran	_	_	_	
118-14	13032-13037	pietà	_	_	_	
118-15	13037-13038	,	_	_	_	
118-16	13039-13040	e	_	_	_	
118-17	13041-13052	compassione	_	_	_	
118-18	13052-13053	,	_	_	_	
118-19	13054-13063	hauendosi	_	_	_	
118-20	13064-13069	fatta	_	_	_	
118-21	13070-13076	alzare	_	_	_	
118-22	13077-13079	vn	_	_	_	
118-23	13079-13080	’	_	_	_	
118-24	13080-13091	habitatione	_	_	_	
118-25	13092-13094	di	_	_	_	
118-26	13095-13101	tauole	_	_	_	
118-27	13102-13104	in	_	_	_	
118-28	13105-13113	Campagna	_	_	_	
118-29	13115-13116	[	_	_	_	
118-30	13116-13124	versione	_	_	_	
118-31	13125-13132	critica	_	_	_	
118-32	13132-13133	]	_	_	_	
118-33	13135-13141	sembra	_	_	_	
118-34	13142-13149	ululati	_	_	_	
118-35	13149-13150	,	_	_	_	
118-36	13151-13152	e	_	_	_	
118-37	13153-13159	strida	_	_	_	
118-38	13160-13169	infernali	_	_	_	
118-39	13170-13177	essendo	_	_	_	
118-40	13178-13179	l	_	_	_	
118-41	13179-13180	’	_	_	_	
118-42	13180-13185	acqua	Smell\_Source	_	_	
118-43	13186-13190	così	_	_	_	
118-44	13191-13195	nera	_	_	_	
118-45	13195-13196	,	_	_	_	
118-46	13197-13198	e	_	_	_	
118-47	13199-13209	puzzolente	Smell\_Word[4]|Quality[5]	*|*|*	118-47[5_4]|118-42[0_4]|118-49[6_4]	
118-48	13209-13210	,	_	_	_	
118-49	13211-13214	che	Effect[6]	_	_	
118-50	13215-13225	atterrisce	Effect[6]	_	_	
118-51	13226-13227	l	Effect[6]	_	_	
118-52	13227-13228	’	Effect[6]	_	_	
118-53	13228-13233	udito	Effect[6]	_	_	
118-54	13233-13234	,	Effect[6]	_	_	
118-55	13235-13236	e	Effect[6]	_	_	
118-56	13237-13244	scaccia	Effect[6]	_	_	
118-57	13245-13246	l	Effect[6]	_	_	
118-58	13246-13247	’	Effect[6]	_	_	
118-59	13247-13254	odorato	Effect[6]	_	_	
118-60	13254-13255	,	Effect[6]	_	_	
118-61	13256-13259	non	Effect[6]	_	_	
118-62	13260-13263	che	Effect[6]	_	_	
118-63	13264-13266	il	Effect[6]	_	_	
118-64	13267-13273	guardo	Effect[6]	_	_	
118-65	13273-13274	.	_	_	_	

#Text=La maggior parte di quelli, quali sono restati salvi, sono andati a ricoverarsi in Ascoli, in altri luoghi, et anch’in Roma ve ne son venuti.
119-1	13276-13278	La	_	_	_	
119-2	13279-13286	maggior	_	_	_	
119-3	13287-13292	parte	_	_	_	
119-4	13293-13295	di	_	_	_	
119-5	13296-13302	quelli	_	_	_	
119-6	13302-13303	,	_	_	_	
119-7	13304-13309	quali	_	_	_	
119-8	13310-13314	sono	_	_	_	
119-9	13315-13322	restati	_	_	_	
119-10	13323-13328	salvi	_	_	_	
119-11	13328-13329	,	_	_	_	
119-12	13330-13334	sono	_	_	_	
119-13	13335-13341	andati	_	_	_	
119-14	13342-13343	a	_	_	_	
119-15	13344-13355	ricoverarsi	_	_	_	
119-16	13356-13358	in	_	_	_	
119-17	13359-13365	Ascoli	_	_	_	
119-18	13365-13366	,	_	_	_	
119-19	13367-13369	in	_	_	_	
119-20	13370-13375	altri	_	_	_	
119-21	13376-13382	luoghi	_	_	_	
119-22	13382-13383	,	_	_	_	
119-23	13384-13386	et	_	_	_	
119-24	13387-13391	anch	_	_	_	
119-25	13391-13392	’	_	_	_	
119-26	13392-13394	in	_	_	_	
119-27	13395-13399	Roma	_	_	_	
119-28	13400-13402	ve	_	_	_	
119-29	13403-13405	ne	_	_	_	
119-30	13406-13409	son	_	_	_	
119-31	13410-13416	venuti	_	_	_	
119-32	13416-13417	.	_	_	_	

#Text=A di 17. del presente mese d’Ottobre, facendosi la Processione del Santissimo Sacramento per la quasi disfatta Matrice, con seguito di moltitudine di persone, quali davano grandissimi segni di conpuntione con disciplinarsi a sangue, e mostrando veri inditij di pentimento, fè sentirsi il Terremoto, quale accennò rovina, mà però non danneggiò mentre passava il Sacramento, se non che passata la Processione caderno molte Case, e Palazzi, senza morte di alcuno, essendo le habitationi già state abbandonate per la paura.
120-1	13419-13420	A	_	_	_	
120-2	13421-13423	di	_	_	_	
120-3	13424-13426	17	_	_	_	
120-4	13426-13427	.	_	_	_	
120-5	13428-13431	del	_	_	_	
120-6	13432-13440	presente	_	_	_	
120-7	13441-13445	mese	_	_	_	
120-8	13446-13447	d	_	_	_	
120-9	13447-13448	’	_	_	_	
120-10	13448-13455	Ottobre	_	_	_	
120-11	13455-13456	,	_	_	_	
120-12	13457-13466	facendosi	_	_	_	
120-13	13467-13469	la	_	_	_	
120-14	13470-13481	Processione	_	_	_	
120-15	13482-13485	del	_	_	_	
120-16	13486-13496	Santissimo	_	_	_	
120-17	13497-13507	Sacramento	_	_	_	
120-18	13508-13511	per	_	_	_	
120-19	13512-13514	la	_	_	_	
120-20	13515-13520	quasi	_	_	_	
120-21	13521-13529	disfatta	_	_	_	
120-22	13530-13537	Matrice	_	_	_	
120-23	13537-13538	,	_	_	_	
120-24	13539-13542	con	_	_	_	
120-25	13543-13550	seguito	_	_	_	
120-26	13551-13553	di	_	_	_	
120-27	13554-13565	moltitudine	_	_	_	
120-28	13566-13568	di	_	_	_	
120-29	13569-13576	persone	_	_	_	
120-30	13576-13577	,	_	_	_	
120-31	13578-13583	quali	_	_	_	
120-32	13584-13590	davano	_	_	_	
120-33	13591-13602	grandissimi	_	_	_	
120-34	13603-13608	segni	_	_	_	
120-35	13609-13611	di	_	_	_	
120-36	13612-13623	conpuntione	_	_	_	
120-37	13624-13627	con	_	_	_	
120-38	13628-13641	disciplinarsi	_	_	_	
120-39	13642-13643	a	_	_	_	
120-40	13644-13650	sangue	_	_	_	
120-41	13650-13651	,	_	_	_	
120-42	13652-13653	e	_	_	_	
120-43	13654-13663	mostrando	_	_	_	
120-44	13664-13668	veri	_	_	_	
120-45	13669-13676	inditij	_	_	_	
120-46	13677-13679	di	_	_	_	
120-47	13680-13690	pentimento	_	_	_	
120-48	13690-13691	,	_	_	_	
120-49	13692-13694	fè	_	_	_	
120-50	13695-13703	sentirsi	_	_	_	
120-51	13704-13706	il	_	_	_	
120-52	13707-13716	Terremoto	_	_	_	
120-53	13716-13717	,	_	_	_	
120-54	13718-13723	quale	_	_	_	
120-55	13724-13731	accennò	_	_	_	
120-56	13732-13738	rovina	_	_	_	
120-57	13738-13739	,	_	_	_	
120-58	13740-13742	mà	_	_	_	
120-59	13743-13747	però	_	_	_	
120-60	13748-13751	non	_	_	_	
120-61	13752-13761	danneggiò	_	_	_	
120-62	13762-13768	mentre	_	_	_	
120-63	13769-13776	passava	_	_	_	
120-64	13777-13779	il	_	_	_	
120-65	13780-13790	Sacramento	_	_	_	
120-66	13790-13791	,	_	_	_	
120-67	13792-13794	se	_	_	_	
120-68	13795-13798	non	_	_	_	
120-69	13799-13802	che	_	_	_	
120-70	13803-13810	passata	_	_	_	
120-71	13811-13813	la	_	_	_	
120-72	13814-13825	Processione	_	_	_	
120-73	13826-13833	caderno	_	_	_	
120-74	13834-13839	molte	_	_	_	
120-75	13840-13844	Case	_	_	_	
120-76	13844-13845	,	_	_	_	
120-77	13846-13847	e	_	_	_	
120-78	13848-13855	Palazzi	_	_	_	
120-79	13855-13856	,	_	_	_	
120-80	13857-13862	senza	_	_	_	
120-81	13863-13868	morte	_	_	_	
120-82	13869-13871	di	_	_	_	
120-83	13872-13878	alcuno	_	_	_	
120-84	13878-13879	,	_	_	_	
120-85	13880-13887	essendo	_	_	_	
120-86	13888-13890	le	_	_	_	
120-87	13891-13902	habitationi	_	_	_	
120-88	13903-13906	già	_	_	_	
120-89	13907-13912	state	_	_	_	
120-90	13913-13924	abbandonate	_	_	_	
120-91	13925-13928	per	_	_	_	
120-92	13929-13931	la	_	_	_	
120-93	13932-13937	paura	_	_	_	
120-94	13937-13938	.	_	_	_	

#Text=Il Terremoto a fatto esterminò, subissò, e disfece Case, e Palazzi, onde a pena vi si scorgono le vestigia della Matrice non tanto, quanto di altri già narrati luoghi.
121-1	13939-13941	Il	_	_	_	
121-2	13942-13951	Terremoto	_	_	_	
121-3	13952-13953	a	_	_	_	
121-4	13954-13959	fatto	_	_	_	
121-5	13960-13969	esterminò	_	_	_	
121-6	13969-13970	,	_	_	_	
121-7	13971-13978	subissò	_	_	_	
121-8	13978-13979	,	_	_	_	
121-9	13980-13981	e	_	_	_	
121-10	13982-13989	disfece	_	_	_	
121-11	13990-13994	Case	_	_	_	
121-12	13994-13995	,	_	_	_	
121-13	13996-13997	e	_	_	_	
121-14	13998-14005	Palazzi	_	_	_	
121-15	14005-14006	,	_	_	_	
121-16	14007-14011	onde	_	_	_	
121-17	14012-14013	a	_	_	_	
121-18	14014-14018	pena	_	_	_	
121-19	14019-14021	vi	_	_	_	
121-20	14022-14024	si	_	_	_	
121-21	14025-14033	scorgono	_	_	_	
121-22	14034-14036	le	_	_	_	
121-23	14037-14045	vestigia	_	_	_	
121-24	14046-14051	della	_	_	_	
121-25	14052-14059	Matrice	_	_	_	
121-26	14060-14063	non	_	_	_	
121-27	14064-14069	tanto	_	_	_	
121-28	14069-14070	,	_	_	_	
121-29	14071-14077	quanto	_	_	_	
121-30	14078-14080	di	_	_	_	
121-31	14081-14086	altri	_	_	_	
121-32	14087-14090	già	_	_	_	
121-33	14091-14098	narrati	_	_	_	
121-34	14099-14105	luoghi	_	_	_	
121-35	14105-14106	.	_	_	_	

#Text=Alcuni Signori della Matrice offeriscono a quei tali, che vogliono arrischiarsi di entrare tra le rovinate Case, e habitationi, e adoprarsi a ricuperare le massaritie, e denari ivi sepolti, la metà di tutto quello, che cavaranno fuori.
122-1	14108-14114	Alcuni	_	_	_	
122-2	14115-14122	Signori	_	_	_	
122-3	14123-14128	della	_	_	_	
122-4	14129-14136	Matrice	_	_	_	
122-5	14137-14148	offeriscono	_	_	_	
122-6	14149-14150	a	_	_	_	
122-7	14151-14155	quei	_	_	_	
122-8	14156-14160	tali	_	_	_	
122-9	14160-14161	,	_	_	_	
122-10	14162-14165	che	_	_	_	
122-11	14166-14174	vogliono	_	_	_	
122-12	14175-14187	arrischiarsi	_	_	_	
122-13	14188-14190	di	_	_	_	
122-14	14191-14198	entrare	_	_	_	
122-15	14199-14202	tra	_	_	_	
122-16	14203-14205	le	_	_	_	
122-17	14206-14214	rovinate	_	_	_	
122-18	14215-14219	Case	_	_	_	
122-19	14219-14220	,	_	_	_	
122-20	14221-14222	e	_	_	_	
122-21	14223-14234	habitationi	_	_	_	
122-22	14234-14235	,	_	_	_	
122-23	14236-14237	e	_	_	_	
122-24	14238-14247	adoprarsi	_	_	_	
122-25	14248-14249	a	_	_	_	
122-26	14250-14260	ricuperare	_	_	_	
122-27	14261-14263	le	_	_	_	
122-28	14264-14274	massaritie	_	_	_	
122-29	14274-14275	,	_	_	_	
122-30	14276-14277	e	_	_	_	
122-31	14278-14284	denari	_	_	_	
122-32	14285-14288	ivi	_	_	_	
122-33	14289-14296	sepolti	_	_	_	
122-34	14296-14297	,	_	_	_	
122-35	14298-14300	la	_	_	_	
122-36	14301-14305	metà	_	_	_	
122-37	14306-14308	di	_	_	_	
122-38	14309-14314	tutto	_	_	_	
122-39	14315-14321	quello	_	_	_	
122-40	14321-14322	,	_	_	_	
122-41	14323-14326	che	_	_	_	
122-42	14327-14336	cavaranno	_	_	_	
122-43	14337-14342	fuori	_	_	_	
122-44	14342-14343	.	_	_	_	

#Text=L’Eccellentiss.
123-1	14345-14346	L	_	_	_	
123-2	14346-14347	’	_	_	_	
123-3	14347-14359	Eccellentiss	_	_	_	
123-4	14359-14360	.	_	_	_	

#Text=Sig.
124-1	14361-14364	Sig	_	_	_	
124-2	14364-14365	.	_	_	_	

#Text=Principe va religiosamente confortando le genti, esortandole alle devotioni, mostrando gran pietà, e compassione, havendosi fatta alzare un’habitatione di tavole in Campagna
#Text=
#Text=[versione diplomatica]
125-1	14366-14374	Principe	_	_	_	
125-2	14375-14377	va	_	_	_	
125-3	14378-14392	religiosamente	_	_	_	
125-4	14393-14404	confortando	_	_	_	
125-5	14405-14407	le	_	_	_	
125-6	14408-14413	genti	_	_	_	
125-7	14413-14414	,	_	_	_	
125-8	14415-14426	esortandole	_	_	_	
125-9	14427-14431	alle	_	_	_	
125-10	14432-14441	devotioni	_	_	_	
125-11	14441-14442	,	_	_	_	
125-12	14443-14452	mostrando	_	_	_	
125-13	14453-14457	gran	_	_	_	
125-14	14458-14463	pietà	_	_	_	
125-15	14463-14464	,	_	_	_	
125-16	14465-14466	e	_	_	_	
125-17	14467-14478	compassione	_	_	_	
125-18	14478-14479	,	_	_	_	
125-19	14480-14489	havendosi	_	_	_	
125-20	14490-14495	fatta	_	_	_	
125-21	14496-14502	alzare	_	_	_	
125-22	14503-14505	un	_	_	_	
125-23	14505-14506	’	_	_	_	
125-24	14506-14517	habitatione	_	_	_	
125-25	14518-14520	di	_	_	_	
125-26	14521-14527	tavole	_	_	_	
125-27	14528-14530	in	_	_	_	
125-28	14531-14539	Campagna	_	_	_	
125-29	14541-14542	[	_	_	_	
125-30	14542-14550	versione	_	_	_	
125-31	14551-14562	diplomatica	_	_	_	
125-32	14562-14563	]	_	_	_	
