#FORMAT=WebAnno TSV 3.3


#Text=Deel 1
#Text=
#Text=\f706
#Text=
#Text=Het sterflot van uw kindt baardt u te wreede pyn.
1-1	2-6	Deel	
1-2	7-8	1	
1-3	11-14	706	
1-4	16-19	Het	
1-5	20-28	sterflot	
1-6	29-32	van	
1-7	33-35	uw	
1-8	36-41	kindt	
1-9	42-48	baardt	
1-10	49-50	u	
1-11	51-53	te	
1-12	54-60	wreede	
1-13	61-64	pyn	
1-14	64-65	.	

#Text=Gy zult de lelien, de roozen en 't roobyn
#Text=
#Text=Op 't zeedigh aangezicht, vergeefs in tranen dompelen.
2-1	68-70	Gy	
2-2	71-75	zult	
2-3	76-78	de	
2-4	79-85	lelien	
2-5	85-86	,	
2-6	87-89	de	
2-7	90-96	roozen	
2-8	97-99	en	
2-9	100-101	'	
2-10	101-102	t	
2-11	103-109	roobyn	
2-12	111-113	Op	
2-13	114-115	'	
2-14	115-116	t	
2-15	117-124	zeedigh	
2-16	125-135	aangezicht	
2-17	135-136	,	
2-18	137-145	vergeefs	
2-19	146-148	in	
2-20	149-155	tranen	
2-21	156-164	dompelen	
2-22	164-165	.	

#Text=De moortpyl van de Doodt komt alles overrompelen.
3-1	168-170	De	
3-2	171-179	moortpyl	
3-3	180-183	van	
3-4	184-186	de	
3-5	187-192	Doodt	
3-6	193-197	komt	
3-7	198-203	alles	
3-8	204-216	overrompelen	
3-9	216-217	.	

#Text=Of waant gy dat die punt haar draadt te draa deurkerft?
4-1	220-222	Of	
4-2	223-228	waant	
4-3	229-231	gy	
4-4	232-235	dat	
4-5	236-239	die	
4-6	240-244	punt	
4-7	245-249	haar	
4-8	250-256	draadt	
4-9	257-259	te	
4-10	260-264	draa	
4-11	265-274	deurkerft	
4-12	274-275	?	

#Text=Men toont een puikjuweel, eer 't door de lucht bederft,
#Text=Slechts voor een korte poos.
#Text=de bloemen die wy groeten
#Text=
#Text=In d'uchtent, treedt men veel, eer 't avondt is, met voeten.
5-1	278-281	Men	
5-2	282-287	toont	
5-3	288-291	een	
5-4	292-302	puikjuweel	
5-5	302-303	,	
5-6	304-307	eer	
5-7	308-309	'	
5-8	309-310	t	
5-9	311-315	door	
5-10	316-318	de	
5-11	319-324	lucht	
5-12	325-332	bederft	
5-13	332-333	,	
5-14	334-341	Slechts	
5-15	342-346	voor	
5-16	347-350	een	
5-17	351-356	korte	
5-18	357-361	poos	
5-19	361-362	.	
5-20	363-365	de	
5-21	366-373	bloemen	
5-22	374-377	die	
5-23	378-380	wy	
5-24	381-388	groeten	
5-25	390-392	In	
5-26	393-402	d'uchtent	
5-27	402-403	,	
5-28	404-410	treedt	
5-29	411-414	men	
5-30	415-419	veel	
5-31	419-420	,	
5-32	421-424	eer	
5-33	425-426	'	
5-34	426-427	t	
5-35	428-434	avondt	
5-36	435-437	is	
5-37	437-438	,	
5-38	439-442	met	
5-39	443-449	voeten	
5-40	449-450	.	

#Text=Het ooft verrot bywyl eer 't ryp geworden is.
6-1	453-456	Het	
6-2	457-461	ooft	
6-3	462-468	verrot	
6-4	469-474	bywyl	
6-5	475-478	eer	
6-6	479-480	'	
6-7	480-481	t	
6-8	482-485	ryp	
6-9	486-494	geworden	
6-10	495-497	is	
6-11	497-498	.	

#Text=Verban
#Text=de droevigheidt uit uw gedachtenis:
#Text=
#Text=
#Text=Wie weet wat ongeval uw kindt mocht overvallen.
7-1	500-506	Verban	
7-2	507-509	de	
7-3	510-522	droevigheidt	
7-4	523-526	uit	
7-5	527-529	uw	
7-6	530-541	gedachtenis	
7-7	541-542	:	
7-8	545-548	Wie	
7-9	549-553	weet	
7-10	554-557	wat	
7-11	558-565	ongeval	
7-12	566-568	uw	
7-13	569-574	kindt	
7-14	575-580	mocht	
7-15	581-591	overvallen	
7-16	591-592	.	
