#FORMAT=WebAnno TSV 3.3
#T_SP=custom.Span|label
#T_RL=custom.Relation|label|BT_custom.Span


#Text=De sa proprieté.
1-1	0-2	De	_	_	_	
1-2	3-5	sa	_	_	_	
1-3	6-15	proprieté	_	_	_	
1-4	15-16	.	_	_	_	

#Text=Saturne par sa sausse enuie
#Text=A toutes choses qui ont vie,
#Text=Est ennemy de sa nature.
2-1	18-25	Saturne	_	_	_	
2-2	26-29	par	_	_	_	
2-3	30-32	sa	_	_	_	
2-4	33-39	sausse	_	_	_	
2-5	40-45	enuie	_	_	_	
2-6	46-47	A	_	_	_	
2-7	48-54	toutes	_	_	_	
2-8	55-61	choses	_	_	_	
2-9	62-65	qui	_	_	_	
2-10	66-69	ont	_	_	_	
2-11	70-73	vie	_	_	_	
2-12	73-74	,	_	_	_	
2-13	75-78	Est	_	_	_	
2-14	79-85	ennemy	_	_	_	
2-15	86-88	de	_	_	_	
2-16	89-91	sa	_	_	_	
2-17	92-98	nature	_	_	_	
2-18	98-99	.	_	_	_	

#Text=Qui sous luy est né par droicture,
#Text=Est plein de mauuaise mil ce
#Text=A vil & ord mastier propice,
#Text=Et propre pour cuirs courroyer
#Text=Et pour toutes choses ouurer,
#Text=De pain & de chair grand mátgeur
#Text=En sa bouche puante odeur,
#Text=pesant, pensif, malicieux
#Text=Triste dolent & convoiteux,
#Text=De science mal est appris
#Text=Dérober ou battre repris,
#Text=Cheueux a noirs & bien agus
#Text=Et si n’est point trop fort barbu
#Text=Petits yeux caut & seducteur
#Text=Visage maigre, grand menteur,
#Text=Pour secret assez conuenable
#Text=Et donner conseil prositable,
#Text=Sçaura parler choses antiques
#Text=Histoires, batailles, cronicques,
#Text=Grosses espaules bas deuant
#Text=Mal langagé, mal aduenant,
#Text=Grosses espaules bas deuant
#Text=Mal langagé, mal aduenant,
#Text=Grosses leures, noire couleur
#Text=Et celle qui suit est meilieur,
#Text=Si fortune ne luy faict guerre
#Text=Grand amasseur sera de terre,
#Text=Et sera grosse nourriture,
#Text=Basse sera sa regardeure,
#Text=N’aymera gueres volontiers
#Text=Ny les sermons ny les montiers,
#Text=Pays cheminera loingtains
#Text=Bon sera garder de ses mains.
3-1	100-103	Qui	_	_	_	
3-2	104-108	sous	_	_	_	
3-3	109-112	luy	_	_	_	
3-4	113-116	est	_	_	_	
3-5	117-119	né	_	_	_	
3-6	120-123	par	_	_	_	
3-7	124-133	droicture	_	_	_	
3-8	133-134	,	_	_	_	
3-9	135-138	Est	_	_	_	
3-10	139-144	plein	_	_	_	
3-11	145-147	de	_	_	_	
3-12	148-156	mauuaise	_	_	_	
3-13	157-160	mil	_	_	_	
3-14	161-163	ce	_	_	_	
3-15	164-165	A	_	_	_	
3-16	166-169	vil	_	_	_	
3-17	170-171	&	_	_	_	
3-18	172-175	ord	_	_	_	
3-19	176-183	mastier	_	_	_	
3-20	184-191	propice	_	_	_	
3-21	191-192	,	_	_	_	
3-22	193-195	Et	_	_	_	
3-23	196-202	propre	_	_	_	
3-24	203-207	pour	_	_	_	
3-25	208-213	cuirs	_	_	_	
3-26	214-223	courroyer	_	_	_	
3-27	224-226	Et	_	_	_	
3-28	227-231	pour	_	_	_	
3-29	232-238	toutes	_	_	_	
3-30	239-245	choses	_	_	_	
3-31	246-252	ouurer	_	_	_	
3-32	252-253	,	_	_	_	
3-33	254-256	De	_	_	_	
3-34	257-261	pain	_	_	_	
3-35	262-263	&	_	_	_	
3-36	264-266	de	_	_	_	
3-37	267-272	chair	_	_	_	
3-38	273-278	grand	_	_	_	
3-39	279-286	mátgeur	_	_	_	
3-40	287-289	En	_	_	_	
3-41	290-292	sa	_	_	_	
3-42	293-299	bouche	_	_	_	
3-43	300-306	puante	Quality	_	_	
3-44	307-312	odeur	Smell\_Word	*	3-43	
3-45	312-313	,	_	_	_	
3-46	314-320	pesant	_	_	_	
3-47	320-321	,	_	_	_	
3-48	322-328	pensif	_	_	_	
3-49	328-329	,	_	_	_	
3-50	330-339	malicieux	_	_	_	
3-51	340-346	Triste	_	_	_	
3-52	347-353	dolent	_	_	_	
3-53	354-355	&	_	_	_	
3-54	356-366	convoiteux	_	_	_	
3-55	366-367	,	_	_	_	
3-56	368-370	De	_	_	_	
3-57	371-378	science	_	_	_	
3-58	379-382	mal	_	_	_	
3-59	383-386	est	_	_	_	
3-60	387-393	appris	_	_	_	
3-61	394-401	Dérober	_	_	_	
3-62	402-404	ou	_	_	_	
3-63	405-411	battre	_	_	_	
3-64	412-418	repris	_	_	_	
3-65	418-419	,	_	_	_	
3-66	420-427	Cheueux	_	_	_	
3-67	428-429	a	_	_	_	
3-68	430-435	noirs	_	_	_	
3-69	436-437	&	_	_	_	
3-70	438-442	bien	_	_	_	
3-71	443-447	agus	_	_	_	
3-72	448-450	Et	_	_	_	
3-73	451-453	si	_	_	_	
3-74	454-455	n	_	_	_	
3-75	455-456	’	_	_	_	
3-76	456-459	est	_	_	_	
3-77	460-465	point	_	_	_	
3-78	466-470	trop	_	_	_	
3-79	471-475	fort	_	_	_	
3-80	476-481	barbu	_	_	_	
3-81	482-488	Petits	_	_	_	
3-82	489-493	yeux	_	_	_	
3-83	494-498	caut	_	_	_	
3-84	499-500	&	_	_	_	
3-85	501-510	seducteur	_	_	_	
3-86	511-517	Visage	_	_	_	
3-87	518-524	maigre	_	_	_	
3-88	524-525	,	_	_	_	
3-89	526-531	grand	_	_	_	
3-90	532-539	menteur	_	_	_	
3-91	539-540	,	_	_	_	
3-92	541-545	Pour	_	_	_	
3-93	546-552	secret	_	_	_	
3-94	553-558	assez	_	_	_	
3-95	559-569	conuenable	_	_	_	
3-96	570-572	Et	_	_	_	
3-97	573-579	donner	_	_	_	
3-98	580-587	conseil	_	_	_	
3-99	588-598	prositable	_	_	_	
3-100	598-599	,	_	_	_	
3-101	600-606	Sçaura	_	_	_	
3-102	607-613	parler	_	_	_	
3-103	614-620	choses	_	_	_	
3-104	621-629	antiques	_	_	_	
3-105	630-639	Histoires	_	_	_	
3-106	639-640	,	_	_	_	
3-107	641-650	batailles	_	_	_	
3-108	650-651	,	_	_	_	
3-109	652-662	cronicques	_	_	_	
3-110	662-663	,	_	_	_	
3-111	664-671	Grosses	_	_	_	
3-112	672-680	espaules	_	_	_	
3-113	681-684	bas	_	_	_	
3-114	685-691	deuant	_	_	_	
3-115	692-695	Mal	_	_	_	
3-116	696-703	langagé	_	_	_	
3-117	703-704	,	_	_	_	
3-118	705-708	mal	_	_	_	
3-119	709-717	aduenant	_	_	_	
3-120	717-718	,	_	_	_	
3-121	719-726	Grosses	_	_	_	
3-122	727-735	espaules	_	_	_	
3-123	736-739	bas	_	_	_	
3-124	740-746	deuant	_	_	_	
3-125	747-750	Mal	_	_	_	
3-126	751-758	langagé	_	_	_	
3-127	758-759	,	_	_	_	
3-128	760-763	mal	_	_	_	
3-129	764-772	aduenant	_	_	_	
3-130	772-773	,	_	_	_	
3-131	774-781	Grosses	_	_	_	
3-132	782-788	leures	_	_	_	
3-133	788-789	,	_	_	_	
3-134	790-795	noire	_	_	_	
3-135	796-803	couleur	_	_	_	
3-136	804-806	Et	_	_	_	
3-137	807-812	celle	_	_	_	
3-138	813-816	qui	_	_	_	
3-139	817-821	suit	_	_	_	
3-140	822-825	est	_	_	_	
3-141	826-834	meilieur	_	_	_	
3-142	834-835	,	_	_	_	
3-143	836-838	Si	_	_	_	
3-144	839-846	fortune	_	_	_	
3-145	847-849	ne	_	_	_	
3-146	850-853	luy	_	_	_	
3-147	854-859	faict	_	_	_	
3-148	860-866	guerre	_	_	_	
3-149	867-872	Grand	_	_	_	
3-150	873-881	amasseur	_	_	_	
3-151	882-886	sera	_	_	_	
3-152	887-889	de	_	_	_	
3-153	890-895	terre	_	_	_	
3-154	895-896	,	_	_	_	
3-155	897-899	Et	_	_	_	
3-156	900-904	sera	_	_	_	
3-157	905-911	grosse	_	_	_	
3-158	912-922	nourriture	_	_	_	
3-159	922-923	,	_	_	_	
3-160	924-929	Basse	_	_	_	
3-161	930-934	sera	_	_	_	
3-162	935-937	sa	_	_	_	
3-163	938-948	regardeure	_	_	_	
3-164	948-949	,	_	_	_	
3-165	950-951	N	_	_	_	
3-166	951-952	’	_	_	_	
3-167	952-958	aymera	_	_	_	
3-168	959-965	gueres	_	_	_	
3-169	966-976	volontiers	_	_	_	
3-170	977-979	Ny	_	_	_	
3-171	980-983	les	_	_	_	
3-172	984-991	sermons	_	_	_	
3-173	992-994	ny	_	_	_	
3-174	995-998	les	_	_	_	
3-175	999-1007	montiers	_	_	_	
3-176	1007-1008	,	_	_	_	
3-177	1009-1013	Pays	_	_	_	
3-178	1014-1023	cheminera	_	_	_	
3-179	1024-1034	loingtains	_	_	_	
3-180	1035-1038	Bon	_	_	_	
3-181	1039-1043	sera	_	_	_	
3-182	1044-1050	garder	_	_	_	
3-183	1051-1053	de	_	_	_	
3-184	1054-1057	ses	_	_	_	
3-185	1058-1063	mains	_	_	_	
3-186	1063-1064	.	_	_	_	

#Text=L’homme regarda sur deux parties
#Text=Sur la ratelle & les ouyes.
4-1	1065-1066	L	_	_	_	
4-2	1066-1067	’	_	_	_	
4-3	1067-1072	homme	_	_	_	
4-4	1073-1080	regarda	_	_	_	
4-5	1081-1084	sur	_	_	_	
4-6	1085-1089	deux	_	_	_	
4-7	1090-1097	parties	_	_	_	
4-8	1098-1101	Sur	_	_	_	
4-9	1102-1104	la	_	_	_	
4-10	1105-1112	ratelle	_	_	_	
4-11	1113-1114	&	_	_	_	
4-12	1115-1118	les	_	_	_	
4-13	1119-1124	ouyes	_	_	_	
4-14	1124-1125	.	_	_	_	
