#FORMAT=WebAnno TSV 3.3


#Text=7 Ponetque de eodem sanguine super cornua altaris thymiamatis gratissimi Domino, quod est in tabernaculo testimonii : omnem autem reliquum sanguinem fundet in basim altaris holocausti in introitu tabernaculi.
#Text=8 Et adipem vituli auferet pro peccato, tam eum qui vitalia operit quam omnia quæ intrinsecus sunt : 9 duos renunculos et reticulum quod est super eos juxta ilia, et adipem jecoris cum renunculis, 10 sicut aufertur de vitulo hostiæ pacificorum : et adolebit ea super altare holocausti.
#Text=11 Pellem vero et omnes carnes, cum capite et pedibus et intestinis et fimo, 12 et reliquo corpore, efferet extra castra in locum mundum, ubi cineres effundi solent : incendetque ea super lignorum struem, quæ in loco effusorum cinerum cremabuntur.
#Text=13 Quod si omnis turba Israël ignoraverit, et per imperitiam fecerit quod contra mandatum Domini est, 14 et postea intellexerit peccatum suum, offeret pro peccato suo vitulum, adducetque eum ad ostium tabernaculi.
#Text=15 Et ponent seniores populi manus super caput ejus coram Domino.
1-1	2-3	7	
1-2	4-12	Ponetque	
1-3	13-15	de	
1-4	16-21	eodem	
1-5	22-30	sanguine	
1-6	31-36	super	
1-7	37-43	cornua	
1-8	44-51	altaris	
1-9	52-63	thymiamatis	
1-10	64-74	gratissimi	
1-11	75-81	Domino	
1-12	81-82	,	
1-13	83-87	quod	
1-14	88-91	est	
1-15	92-94	in	
1-16	95-106	tabernaculo	
1-17	107-117	testimonii	
1-18	118-119	:	
1-19	120-125	omnem	
1-20	126-131	autem	
1-21	132-140	reliquum	
1-22	141-150	sanguinem	
1-23	151-157	fundet	
1-24	158-160	in	
1-25	161-166	basim	
1-26	167-174	altaris	
1-27	175-185	holocausti	
1-28	186-188	in	
1-29	189-197	introitu	
1-30	198-209	tabernaculi	
1-31	209-210	.	
1-32	211-212	8	
1-33	213-215	Et	
1-34	216-222	adipem	
1-35	223-229	vituli	
1-36	230-237	auferet	
1-37	238-241	pro	
1-38	242-249	peccato	
1-39	249-250	,	
1-40	251-254	tam	
1-41	255-258	eum	
1-42	259-262	qui	
1-43	263-270	vitalia	
1-44	271-277	operit	
1-45	278-282	quam	
1-46	283-288	omnia	
1-47	289-292	quæ	
1-48	293-304	intrinsecus	
1-49	305-309	sunt	
1-50	310-311	:	
1-51	312-313	9	
1-52	314-318	duos	
1-53	319-329	renunculos	
1-54	330-332	et	
1-55	333-342	reticulum	
1-56	343-347	quod	
1-57	348-351	est	
1-58	352-357	super	
1-59	358-361	eos	
1-60	362-367	juxta	
1-61	368-372	ilia	
1-62	372-373	,	
1-63	374-376	et	
1-64	377-383	adipem	
1-65	384-391	jecoris	
1-66	392-395	cum	
1-67	396-406	renunculis	
1-68	406-407	,	
1-69	408-410	10	
1-70	411-416	sicut	
1-71	417-425	aufertur	
1-72	426-428	de	
1-73	429-435	vitulo	
1-74	436-442	hostiæ	
1-75	443-454	pacificorum	
1-76	455-456	:	
1-77	457-459	et	
1-78	460-468	adolebit	
1-79	469-471	ea	
1-80	472-477	super	
1-81	478-484	altare	
1-82	485-495	holocausti	
1-83	495-496	.	
1-84	497-499	11	
1-85	500-506	Pellem	
1-86	507-511	vero	
1-87	512-514	et	
1-88	515-520	omnes	
1-89	521-527	carnes	
1-90	527-528	,	
1-91	529-532	cum	
1-92	533-539	capite	
1-93	540-542	et	
1-94	543-550	pedibus	
1-95	551-553	et	
1-96	554-564	intestinis	
1-97	565-567	et	
1-98	568-572	fimo	
1-99	572-573	,	
1-100	574-576	12	
1-101	577-579	et	
1-102	580-587	reliquo	
1-103	588-595	corpore	
1-104	595-596	,	
1-105	597-604	efferet	
1-106	605-610	extra	
1-107	611-617	castra	
1-108	618-620	in	
1-109	621-626	locum	
1-110	627-633	mundum	
1-111	633-634	,	
1-112	635-638	ubi	
1-113	639-646	cineres	
1-114	647-654	effundi	
1-115	655-661	solent	
1-116	662-663	:	
1-117	664-675	incendetque	
1-118	676-678	ea	
1-119	679-684	super	
1-120	685-693	lignorum	
1-121	694-700	struem	
1-122	700-701	,	
1-123	702-705	quæ	
1-124	706-708	in	
1-125	709-713	loco	
1-126	714-723	effusorum	
1-127	724-731	cinerum	
1-128	732-743	cremabuntur	
1-129	743-744	.	
1-130	745-747	13	
1-131	748-752	Quod	
1-132	753-755	si	
1-133	756-761	omnis	
1-134	762-767	turba	
1-135	768-774	Israël	
1-136	775-786	ignoraverit	
1-137	786-787	,	
1-138	788-790	et	
1-139	791-794	per	
1-140	795-805	imperitiam	
1-141	806-813	fecerit	
1-142	814-818	quod	
1-143	819-825	contra	
1-144	826-834	mandatum	
1-145	835-841	Domini	
1-146	842-845	est	
1-147	845-846	,	
1-148	847-849	14	
1-149	850-852	et	
1-150	853-859	postea	
1-151	860-872	intellexerit	
1-152	873-881	peccatum	
1-153	882-886	suum	
1-154	886-887	,	
1-155	888-895	offeret	
1-156	896-899	pro	
1-157	900-907	peccato	
1-158	908-911	suo	
1-159	912-919	vitulum	
1-160	919-920	,	
1-161	921-931	adducetque	
1-162	932-935	eum	
1-163	936-938	ad	
1-164	939-945	ostium	
1-165	946-957	tabernaculi	
1-166	957-958	.	
1-167	959-961	15	
1-168	962-964	Et	
1-169	965-971	ponent	
1-170	972-980	seniores	
1-171	981-987	populi	
1-172	988-993	manus	
1-173	994-999	super	
1-174	1000-1005	caput	
1-175	1006-1010	ejus	
1-176	1011-1016	coram	
1-177	1017-1023	Domino	
1-178	1023-1024	.	

#Text=Immolatoque vitulo in conspectu Domini, 16 inferet sacerdos, qui unctus est, de sanguine ejus in tabernaculum testimonii, 17 tincto digito aspergens septies contra velum.
#Text=18 Ponetque de eodem sanguine in cornibus altaris, quod est coram Domino in tabernaculo testimonii : reliquum autem sanguinem fundet juxta basim altaris holocaustorum, quod est in ostio tabernaculi testimonii.
#Text=19 Omnemque ejus adipem tollet, et adolebit super altare : 20 sic faciens et de hoc vitulo quomodo fecit et prius : et rogante pro eis sacerdote, propitius erit eis Dominus.
#Text=21 Ipsum autem vitulum efferet extra castra, atque comburet sicut et priorem vitulum : quia est pro peccato multitudinis.
#Text=22 Si peccaverit princeps, et fecerit unum e pluribus per ignorantiam, quod Domini lege prohibetur : 23 et postea intellexerit peccatum suum, offeret hostiam Domino, hircum de capris immaculatum.
#Text=24 Ponetque manum suam super caput ejus : cumque immolaverit eum in loco ubi solet mactari holocaustum coram Domino, quia pro peccato est, 25 tinget sacerdos digitum in sanguine hostiæ pro peccato, tangens cornua altaris holocausti, et reliquum fundens ad basim ejus.
#Text=26 Adipem vero adolebit supra, sicut in victimis pacificorum fieri solet : rogabitque pro eo sacerdos, et pro peccato ejus, et dimittetur ei.
#Text=27 Quod si peccaverit anima per ignorantiam, de populo terræ, ut faciat quidquam de his, quæ Domini lege prohibentur, atque delinquat, 28 et cognoverit peccatum suum, offeret capram immaculatam.
#Text=29 Ponetque manum super caput hostiæ quæ pro peccato est, et immolabit eam in loco holocausti.
#Text=30 Tolletque sacerdos de sanguine in digito suo : et tangens cornua altaris holocausti, reliquum fundet ad basim ejus.
#Text=31 Omnem autem adipem auferens, sicut auferri solet de victimis pacificorum, adolebit super altare in odorem suavitatis Domino : rogabitque pro eo, et dimittetur ei.
#Text=32 Sin autem de pecoribus obtulerit victimam pro peccato, ovem scilicet immaculatam : 33 ponet manum super caput ejus, et immolabit eam in loco ubi solent cædi holocaustorum hostiæ.
#Text=34 Sumetque sacerdos de sanguine ejus digito suo, et tangens cornua altaris holocausti, reliquum fundet ad basim ejus.
#Text=35 Omnem quoque adipem auferens, sicut auferri solet adeps arietis, qui immolatur pro pacificis, cremabit super altare in incensum Domini : rogabitque pro eo, et pro peccato ejus, et dimittetur ei.
2-1	1025-1036	Immolatoque	
2-2	1037-1043	vitulo	
2-3	1044-1046	in	
2-4	1047-1056	conspectu	
2-5	1057-1063	Domini	
2-6	1063-1064	,	
2-7	1065-1067	16	
2-8	1068-1075	inferet	
2-9	1076-1084	sacerdos	
2-10	1084-1085	,	
2-11	1086-1089	qui	
2-12	1090-1096	unctus	
2-13	1097-1100	est	
2-14	1100-1101	,	
2-15	1102-1104	de	
2-16	1105-1113	sanguine	
2-17	1114-1118	ejus	
2-18	1119-1121	in	
2-19	1122-1134	tabernaculum	
2-20	1135-1145	testimonii	
2-21	1145-1146	,	
2-22	1147-1149	17	
2-23	1150-1156	tincto	
2-24	1157-1163	digito	
2-25	1164-1173	aspergens	
2-26	1174-1181	septies	
2-27	1182-1188	contra	
2-28	1189-1194	velum	
2-29	1194-1195	.	
2-30	1196-1198	18	
2-31	1199-1207	Ponetque	
2-32	1208-1210	de	
2-33	1211-1216	eodem	
2-34	1217-1225	sanguine	
2-35	1226-1228	in	
2-36	1229-1237	cornibus	
2-37	1238-1245	altaris	
2-38	1245-1246	,	
2-39	1247-1251	quod	
2-40	1252-1255	est	
2-41	1256-1261	coram	
2-42	1262-1268	Domino	
2-43	1269-1271	in	
2-44	1272-1283	tabernaculo	
2-45	1284-1294	testimonii	
2-46	1295-1296	:	
2-47	1297-1305	reliquum	
2-48	1306-1311	autem	
2-49	1312-1321	sanguinem	
2-50	1322-1328	fundet	
2-51	1329-1334	juxta	
2-52	1335-1340	basim	
2-53	1341-1348	altaris	
2-54	1349-1362	holocaustorum	
2-55	1362-1363	,	
2-56	1364-1368	quod	
2-57	1369-1372	est	
2-58	1373-1375	in	
2-59	1376-1381	ostio	
2-60	1382-1393	tabernaculi	
2-61	1394-1404	testimonii	
2-62	1404-1405	.	
2-63	1406-1408	19	
2-64	1409-1417	Omnemque	
2-65	1418-1422	ejus	
2-66	1423-1429	adipem	
2-67	1430-1436	tollet	
2-68	1436-1437	,	
2-69	1438-1440	et	
2-70	1441-1449	adolebit	
2-71	1450-1455	super	
2-72	1456-1462	altare	
2-73	1463-1464	:	
2-74	1465-1467	20	
2-75	1468-1471	sic	
2-76	1472-1479	faciens	
2-77	1480-1482	et	
2-78	1483-1485	de	
2-79	1486-1489	hoc	
2-80	1490-1496	vitulo	
2-81	1497-1504	quomodo	
2-82	1505-1510	fecit	
2-83	1511-1513	et	
2-84	1514-1519	prius	
2-85	1520-1521	:	
2-86	1522-1524	et	
2-87	1525-1532	rogante	
2-88	1533-1536	pro	
2-89	1537-1540	eis	
2-90	1541-1550	sacerdote	
2-91	1550-1551	,	
2-92	1552-1561	propitius	
2-93	1562-1566	erit	
2-94	1567-1570	eis	
2-95	1571-1578	Dominus	
2-96	1578-1579	.	
2-97	1580-1582	21	
2-98	1583-1588	Ipsum	
2-99	1589-1594	autem	
2-100	1595-1602	vitulum	
2-101	1603-1610	efferet	
2-102	1611-1616	extra	
2-103	1617-1623	castra	
2-104	1623-1624	,	
2-105	1625-1630	atque	
2-106	1631-1639	comburet	
2-107	1640-1645	sicut	
2-108	1646-1648	et	
2-109	1649-1656	priorem	
2-110	1657-1664	vitulum	
2-111	1665-1666	:	
2-112	1667-1671	quia	
2-113	1672-1675	est	
2-114	1676-1679	pro	
2-115	1680-1687	peccato	
2-116	1688-1700	multitudinis	
2-117	1700-1701	.	
2-118	1702-1704	22	
2-119	1705-1707	Si	
2-120	1708-1718	peccaverit	
2-121	1719-1727	princeps	
2-122	1727-1728	,	
2-123	1729-1731	et	
2-124	1732-1739	fecerit	
2-125	1740-1744	unum	
2-126	1745-1746	e	
2-127	1747-1755	pluribus	
2-128	1756-1759	per	
2-129	1760-1771	ignorantiam	
2-130	1771-1772	,	
2-131	1773-1777	quod	
2-132	1778-1784	Domini	
2-133	1785-1789	lege	
2-134	1790-1800	prohibetur	
2-135	1801-1802	:	
2-136	1803-1805	23	
2-137	1806-1808	et	
2-138	1809-1815	postea	
2-139	1816-1828	intellexerit	
2-140	1829-1837	peccatum	
2-141	1838-1842	suum	
2-142	1842-1843	,	
2-143	1844-1851	offeret	
2-144	1852-1859	hostiam	
2-145	1860-1866	Domino	
2-146	1866-1867	,	
2-147	1868-1874	hircum	
2-148	1875-1877	de	
2-149	1878-1884	capris	
2-150	1885-1896	immaculatum	
2-151	1896-1897	.	
2-152	1898-1900	24	
2-153	1901-1909	Ponetque	
2-154	1910-1915	manum	
2-155	1916-1920	suam	
2-156	1921-1926	super	
2-157	1927-1932	caput	
2-158	1933-1937	ejus	
2-159	1938-1939	:	
2-160	1940-1946	cumque	
2-161	1947-1958	immolaverit	
2-162	1959-1962	eum	
2-163	1963-1965	in	
2-164	1966-1970	loco	
2-165	1971-1974	ubi	
2-166	1975-1980	solet	
2-167	1981-1988	mactari	
2-168	1989-2000	holocaustum	
2-169	2001-2006	coram	
2-170	2007-2013	Domino	
2-171	2013-2014	,	
2-172	2015-2019	quia	
2-173	2020-2023	pro	
2-174	2024-2031	peccato	
2-175	2032-2035	est	
2-176	2035-2036	,	
2-177	2037-2039	25	
2-178	2040-2046	tinget	
2-179	2047-2055	sacerdos	
2-180	2056-2063	digitum	
2-181	2064-2066	in	
2-182	2067-2075	sanguine	
2-183	2076-2082	hostiæ	
2-184	2083-2086	pro	
2-185	2087-2094	peccato	
2-186	2094-2095	,	
2-187	2096-2103	tangens	
2-188	2104-2110	cornua	
2-189	2111-2118	altaris	
2-190	2119-2129	holocausti	
2-191	2129-2130	,	
2-192	2131-2133	et	
2-193	2134-2142	reliquum	
2-194	2143-2150	fundens	
2-195	2151-2153	ad	
2-196	2154-2159	basim	
2-197	2160-2164	ejus	
2-198	2164-2165	.	
2-199	2166-2168	26	
2-200	2169-2175	Adipem	
2-201	2176-2180	vero	
2-202	2181-2189	adolebit	
2-203	2190-2195	supra	
2-204	2195-2196	,	
2-205	2197-2202	sicut	
2-206	2203-2205	in	
2-207	2206-2214	victimis	
2-208	2215-2226	pacificorum	
2-209	2227-2232	fieri	
2-210	2233-2238	solet	
2-211	2239-2240	:	
2-212	2241-2251	rogabitque	
2-213	2252-2255	pro	
2-214	2256-2258	eo	
2-215	2259-2267	sacerdos	
2-216	2267-2268	,	
2-217	2269-2271	et	
2-218	2272-2275	pro	
2-219	2276-2283	peccato	
2-220	2284-2288	ejus	
2-221	2288-2289	,	
2-222	2290-2292	et	
2-223	2293-2303	dimittetur	
2-224	2304-2306	ei	
2-225	2306-2307	.	
2-226	2308-2310	27	
2-227	2311-2315	Quod	
2-228	2316-2318	si	
2-229	2319-2329	peccaverit	
2-230	2330-2335	anima	
2-231	2336-2339	per	
2-232	2340-2351	ignorantiam	
2-233	2351-2352	,	
2-234	2353-2355	de	
2-235	2356-2362	populo	
2-236	2363-2368	terræ	
2-237	2368-2369	,	
2-238	2370-2372	ut	
2-239	2373-2379	faciat	
2-240	2380-2388	quidquam	
2-241	2389-2391	de	
2-242	2392-2395	his	
2-243	2395-2396	,	
2-244	2397-2400	quæ	
2-245	2401-2407	Domini	
2-246	2408-2412	lege	
2-247	2413-2424	prohibentur	
2-248	2424-2425	,	
2-249	2426-2431	atque	
2-250	2432-2441	delinquat	
2-251	2441-2442	,	
2-252	2443-2445	28	
2-253	2446-2448	et	
2-254	2449-2459	cognoverit	
2-255	2460-2468	peccatum	
2-256	2469-2473	suum	
2-257	2473-2474	,	
2-258	2475-2482	offeret	
2-259	2483-2489	capram	
2-260	2490-2501	immaculatam	
2-261	2501-2502	.	
2-262	2503-2505	29	
2-263	2506-2514	Ponetque	
2-264	2515-2520	manum	
2-265	2521-2526	super	
2-266	2527-2532	caput	
2-267	2533-2539	hostiæ	
2-268	2540-2543	quæ	
2-269	2544-2547	pro	
2-270	2548-2555	peccato	
2-271	2556-2559	est	
2-272	2559-2560	,	
2-273	2561-2563	et	
2-274	2564-2573	immolabit	
2-275	2574-2577	eam	
2-276	2578-2580	in	
2-277	2581-2585	loco	
2-278	2586-2596	holocausti	
2-279	2596-2597	.	
2-280	2598-2600	30	
2-281	2601-2610	Tolletque	
2-282	2611-2619	sacerdos	
2-283	2620-2622	de	
2-284	2623-2631	sanguine	
2-285	2632-2634	in	
2-286	2635-2641	digito	
2-287	2642-2645	suo	
2-288	2646-2647	:	
2-289	2648-2650	et	
2-290	2651-2658	tangens	
2-291	2659-2665	cornua	
2-292	2666-2673	altaris	
2-293	2674-2684	holocausti	
2-294	2684-2685	,	
2-295	2686-2694	reliquum	
2-296	2695-2701	fundet	
2-297	2702-2704	ad	
2-298	2705-2710	basim	
2-299	2711-2715	ejus	
2-300	2715-2716	.	
2-301	2717-2719	31	
2-302	2720-2725	Omnem	
2-303	2726-2731	autem	
2-304	2732-2738	adipem	
2-305	2739-2747	auferens	
2-306	2747-2748	,	
2-307	2749-2754	sicut	
2-308	2755-2762	auferri	
2-309	2763-2768	solet	
2-310	2769-2771	de	
2-311	2772-2780	victimis	
2-312	2781-2792	pacificorum	
2-313	2792-2793	,	
2-314	2794-2802	adolebit	
2-315	2803-2808	super	
2-316	2809-2815	altare	
2-317	2816-2818	in	
2-318	2819-2825	odorem	
2-319	2826-2836	suavitatis	
2-320	2837-2843	Domino	
2-321	2844-2845	:	
2-322	2846-2856	rogabitque	
2-323	2857-2860	pro	
2-324	2861-2863	eo	
2-325	2863-2864	,	
2-326	2865-2867	et	
2-327	2868-2878	dimittetur	
2-328	2879-2881	ei	
2-329	2881-2882	.	
2-330	2883-2885	32	
2-331	2886-2889	Sin	
2-332	2890-2895	autem	
2-333	2896-2898	de	
2-334	2899-2908	pecoribus	
2-335	2909-2918	obtulerit	
2-336	2919-2927	victimam	
2-337	2928-2931	pro	
2-338	2932-2939	peccato	
2-339	2939-2940	,	
2-340	2941-2945	ovem	
2-341	2946-2954	scilicet	
2-342	2955-2966	immaculatam	
2-343	2967-2968	:	
2-344	2969-2971	33	
2-345	2972-2977	ponet	
2-346	2978-2983	manum	
2-347	2984-2989	super	
2-348	2990-2995	caput	
2-349	2996-3000	ejus	
2-350	3000-3001	,	
2-351	3002-3004	et	
2-352	3005-3014	immolabit	
2-353	3015-3018	eam	
2-354	3019-3021	in	
2-355	3022-3026	loco	
2-356	3027-3030	ubi	
2-357	3031-3037	solent	
2-358	3038-3042	cædi	
2-359	3043-3056	holocaustorum	
2-360	3057-3063	hostiæ	
2-361	3063-3064	.	
2-362	3065-3067	34	
2-363	3068-3076	Sumetque	
2-364	3077-3085	sacerdos	
2-365	3086-3088	de	
2-366	3089-3097	sanguine	
2-367	3098-3102	ejus	
2-368	3103-3109	digito	
2-369	3110-3113	suo	
2-370	3113-3114	,	
2-371	3115-3117	et	
2-372	3118-3125	tangens	
2-373	3126-3132	cornua	
2-374	3133-3140	altaris	
2-375	3141-3151	holocausti	
2-376	3151-3152	,	
2-377	3153-3161	reliquum	
2-378	3162-3168	fundet	
2-379	3169-3171	ad	
2-380	3172-3177	basim	
2-381	3178-3182	ejus	
2-382	3182-3183	.	
2-383	3184-3186	35	
2-384	3187-3192	Omnem	
2-385	3193-3199	quoque	
2-386	3200-3206	adipem	
2-387	3207-3215	auferens	
2-388	3215-3216	,	
2-389	3217-3222	sicut	
2-390	3223-3230	auferri	
2-391	3231-3236	solet	
2-392	3237-3242	adeps	
2-393	3243-3250	arietis	
2-394	3250-3251	,	
2-395	3252-3255	qui	
2-396	3256-3265	immolatur	
2-397	3266-3269	pro	
2-398	3270-3279	pacificis	
2-399	3279-3280	,	
2-400	3281-3289	cremabit	
2-401	3290-3295	super	
2-402	3296-3302	altare	
2-403	3303-3305	in	
2-404	3306-3314	incensum	
2-405	3315-3321	Domini	
2-406	3322-3323	:	
2-407	3324-3334	rogabitque	
2-408	3335-3338	pro	
2-409	3339-3341	eo	
2-410	3341-3342	,	
2-411	3343-3345	et	
2-412	3346-3349	pro	
2-413	3350-3357	peccato	
2-414	3358-3362	ejus	
2-415	3362-3363	,	
2-416	3364-3366	et	
2-417	3367-3377	dimittetur	
2-418	3378-3380	ei	
2-419	3380-3381	.	

#Text=Caput 5
#Text=
#Text=
#Text=1 Si peccaverit anima, et audierit vocem jurantis, testisque fuerit quod aut ipse vidit, aut conscius est : nisi indicaverit, portabit iniquitatem suam.
3-1	3382-3387	Caput	
3-2	3388-3389	5	
3-3	3392-3393	1	
3-4	3394-3396	Si	
3-5	3397-3407	peccaverit	
3-6	3408-3413	anima	
3-7	3413-3414	,	
3-8	3415-3417	et	
3-9	3418-3426	audierit	
3-10	3427-3432	vocem	
3-11	3433-3441	jurantis	
3-12	3441-3442	,	
3-13	3443-3452	testisque	
3-14	3453-3459	fuerit	
3-15	3460-3464	quod	
3-16	3465-3468	aut	
3-17	3469-3473	ipse	
3-18	3474-3479	vidit	
3-19	3479-3480	,	
3-20	3481-3484	aut	
3-21	3485-3493	conscius	
3-22	3494-3497	est	
3-23	3498-3499	:	
3-24	3500-3504	nisi	
3-25	3505-3516	indicaverit	
3-26	3516-3517	,	
3-27	3518-3526	portabit	
3-28	3527-3538	iniquitatem	
3-29	3539-3543	suam	
3-30	3543-3544	.	
