{"_context" : {
    "_types" : {
      "DocumentMetaData" : {
        "_feature_types" : {"sofa" : "_ref" } }, 
      "Relation" : {
        "_feature_types" : {"sofa" : "_ref",  "Dependent" : "_ref",  "Governor" : "_ref" } }, 
      "Sentence" : {
        "_feature_types" : {"sofa" : "_ref" } }, 
      "Sofa" : {
        "_feature_types" : {"sofaArray" : "_ref" } }, 
      "Span" : {
        "_feature_types" : {"sofa" : "_ref" } }, 
      "TagsetDescription" : {
        "_feature_types" : {"sofa" : "_ref",  "tags" : "_ref" } }, 
      "Token" : {
        "_feature_types" : {"sofa" : "_ref",  "parent" : "_ref",  "lemma" : "_ref",  "stem" : "_ref",  "pos" : "_ref",  "morph" : "_ref",  "form" : "_ref" } }, 
      "DocumentAnnotation" : {
        "_feature_types" : {"sofa" : "_ref" }, 
        "_subtypes" : ["DocumentMetaData" ] }, 
      "Annotation" : {
        "_feature_types" : {"sofa" : "_ref" }, 
        "_subtypes" : ["DocumentAnnotation",  "Relation",  "Sentence",  "Span",  "TagsetDescription",  "Token" ] }, 
      "AnnotationBase" : {
        "_feature_types" : {"sofa" : "_ref" }, 
        "_subtypes" : ["Annotation" ] }, 
      "TOP" : {
        "_subtypes" : ["AnnotationBase",  "Sofa" ] } } }, 
  "_views" : {
    "_InitialView" : {
      "Relation" : [
        {"sofa" : 1,  "begin" : 32,  "end" : 37,  "Dependent" : 11544,  "Governor" : 11549 }, 
        {"sofa" : 1,  "begin" : 32,  "end" : 37,  "Dependent" : 11544,  "Governor" : 11561 }, 
        {"sofa" : 1,  "begin" : 446,  "end" : 451,  "Dependent" : 11573,  "Governor" : 11578 }, 
        {"sofa" : 1,  "begin" : 446,  "end" : 451,  "Dependent" : 11573,  "Governor" : 11590 }, 
        {"sofa" : 1,  "begin" : 446,  "end" : 451,  "Dependent" : 11573,  "Governor" : 11602 }, 
        {"sofa" : 1,  "begin" : 446,  "end" : 451,  "Dependent" : 11573,  "Governor" : 11614 }, 
        {"sofa" : 1,  "begin" : 704,  "end" : 709,  "Dependent" : 11743,  "Governor" : 11748 }, 
        {"sofa" : 1,  "begin" : 704,  "end" : 709,  "Dependent" : 11743,  "Governor" : 11753 }, 
        {"sofa" : 1,  "begin" : 704,  "end" : 709,  "Dependent" : 11743,  "Governor" : 11758 }, 
        {"sofa" : 1,  "begin" : 704,  "end" : 709,  "Dependent" : 11743,  "Governor" : 11784 }, 
        {"sofa" : 1,  "begin" : 2184,  "end" : 2189,  "Dependent" : 11803,  "Governor" : 11808 }, 
        {"sofa" : 1,  "begin" : 2184,  "end" : 2189,  "Dependent" : 11803,  "Governor" : 11820 }, 
        {"sofa" : 1,  "begin" : 2184,  "end" : 2189,  "Dependent" : 11803,  "Governor" : 11832 }, 
        {"sofa" : 1,  "begin" : 2434,  "end" : 2439,  "Dependent" : 11626,  "Governor" : 11631 }, 
        {"sofa" : 1,  "begin" : 2434,  "end" : 2439,  "Dependent" : 11626,  "Governor" : 11643 }, 
        {"sofa" : 1,  "begin" : 2434,  "end" : 2439,  "Dependent" : 11626,  "Governor" : 11738 }, 
        {"sofa" : 1,  "begin" : 3329,  "end" : 3333,  "Dependent" : 11878,  "Governor" : 11883 }, 
        {"sofa" : 1,  "begin" : 3329,  "end" : 3333,  "Dependent" : 11878,  "Governor" : 11895 }, 
        {"sofa" : 1,  "begin" : 3329,  "end" : 3333,  "Dependent" : 11878,  "Governor" : 11926 }, 
        {"sofa" : 1,  "begin" : 3501,  "end" : 3506,  "Dependent" : 11844,  "Governor" : 11849 }, 
        {"sofa" : 1,  "begin" : 3501,  "end" : 3506,  "Dependent" : 11844,  "Governor" : 11861 }, 
        {"sofa" : 1,  "begin" : 3784,  "end" : 3790,  "Dependent" : 11938,  "Governor" : 11943 }, 
        {"sofa" : 1,  "begin" : 3784,  "end" : 3790,  "Dependent" : 11938,  "Governor" : 11955 }, 
        {"sofa" : 1,  "begin" : 3904,  "end" : 3906,  "Dependent" : 11682,  "Governor" : 11694,  "label" : "Anaphoric" }, 
        {"sofa" : 1,  "begin" : 3919,  "end" : 3924,  "Dependent" : 11677,  "Governor" : 11682 }, 
        {"sofa" : 1,  "begin" : 3919,  "end" : 3924,  "Dependent" : 11677,  "Governor" : 11914 } ], 
      "Span" : [11544,  11549,  11561,  11602,  11614,  11590,  11573,  11578,  11748,  11743,  11753,  11758,  11784,  11808,  11803,  11820,  11832,  11631,  11643,  11626,  11738,  11895,  11878,  11926,  11883,  11849,  11844,  11861,  11955,  11938,  11943,  11694,  11682,  11677,  11914 ], 
      "DocumentMetaData" : [
        {"sofa" : 1,  "end" : 4154,  "language" : "x-unspecified",  "documentTitle" : "069E%20Assorted%20references%20to%20theatre%20going%20smells%201827%20to%201912.txt",  "documentId" : "satonelli",  "documentUri" : "file:/home/dhuser/alessio/inception/repository/project/29/document/411/source/satonelli",  "collectionId" : "file:/home/dhuser/alessio/inception/repository/project/29/document/411/source/",  "documentBaseUri" : "file:/home/dhuser/alessio/inception/repository/project/29/document/411/source/",  "isLastSegment" : false } ], 
      "TagsetDescription" : [
        {"sofa" : 1,  "layer" : "webanno.custom.Emotions",  "name" : "Emotion Labels",  "input" : false }, 
        {"sofa" : 1,  "layer" : "custom.Relation",  "name" : "Relation labels",  "input" : false }, 
        {"sofa" : 1,  "layer" : "custom.Span",  "name" : "Smell labels",  "input" : false } ], 
      "Sentence" : [
        {"sofa" : 1,  "end" : 63 }, 
        {"sofa" : 1,  "begin" : 65,  "end" : 462 }, 
        {"sofa" : 1,  "begin" : 463,  "end" : 537 }, 
        {"sofa" : 1,  "begin" : 538,  "end" : 808 }, 
        {"sofa" : 1,  "begin" : 809,  "end" : 1083 }, 
        {"sofa" : 1,  "begin" : 1084,  "end" : 1662 }, 
        {"sofa" : 1,  "begin" : 1668,  "end" : 1783 }, 
        {"sofa" : 1,  "begin" : 1784,  "end" : 2065 }, 
        {"sofa" : 1,  "begin" : 2066,  "end" : 2171 }, 
        {"sofa" : 1,  "begin" : 2172,  "end" : 2405 }, 
        {"sofa" : 1,  "begin" : 2406,  "end" : 2461 }, 
        {"sofa" : 1,  "begin" : 2462,  "end" : 2600 }, 
        {"sofa" : 1,  "begin" : 2601,  "end" : 2875 }, 
        {"sofa" : 1,  "begin" : 2881,  "end" : 3000 }, 
        {"sofa" : 1,  "begin" : 3001,  "end" : 3106 }, 
        {"sofa" : 1,  "begin" : 3107,  "end" : 3297 }, 
        {"sofa" : 1,  "begin" : 3298,  "end" : 3533 }, 
        {"sofa" : 1,  "begin" : 3534,  "end" : 3624 }, 
        {"sofa" : 1,  "begin" : 3625,  "end" : 3726 }, 
        {"sofa" : 1,  "begin" : 3727,  "end" : 3806 }, 
        {"sofa" : 1,  "begin" : 3807,  "end" : 3903 }, 
        {"sofa" : 1,  "begin" : 3904,  "end" : 3955 }, 
        {"sofa" : 1,  "begin" : 3956,  "end" : 4101 }, 
        {"sofa" : 1,  "begin" : 4102,  "end" : 4119 }, 
        {"sofa" : 1,  "begin" : 4120,  "end" : 4152 } ], 
      "Token" : [
        {"sofa" : 1,  "end" : 2 }, 
        {"sofa" : 1,  "begin" : 3,  "end" : 13 }, 
        {"sofa" : 1,  "begin" : 14,  "end" : 16 }, 
        {"sofa" : 1,  "begin" : 17,  "end" : 25 }, 
        {"sofa" : 1,  "begin" : 26,  "end" : 31 }, 
        {"sofa" : 1,  "begin" : 32,  "end" : 37 }, 
        {"sofa" : 1,  "begin" : 38,  "end" : 40 }, 
        {"sofa" : 1,  "begin" : 41,  "end" : 49 }, 
        {"sofa" : 1,  "begin" : 49,  "end" : 50 }, 
        {"sofa" : 1,  "begin" : 51,  "end" : 56 }, 
        {"sofa" : 1,  "begin" : 56,  "end" : 57 }, 
        {"sofa" : 1,  "begin" : 57,  "end" : 62 }, 
        {"sofa" : 1,  "begin" : 62,  "end" : 63 }, 
        {"sofa" : 1,  "begin" : 65,  "end" : 71 }, 
        {"sofa" : 1,  "begin" : 71,  "end" : 72 }, 
        {"sofa" : 1,  "begin" : 73,  "end" : 79 }, 
        {"sofa" : 1,  "begin" : 80,  "end" : 89 }, 
        {"sofa" : 1,  "begin" : 90,  "end" : 94 }, 
        {"sofa" : 1,  "begin" : 94,  "end" : 95 }, 
        {"sofa" : 1,  "begin" : 96,  "end" : 99 }, 
        {"sofa" : 1,  "begin" : 100,  "end" : 107 }, 
        {"sofa" : 1,  "begin" : 108,  "end" : 111 }, 
        {"sofa" : 1,  "begin" : 112,  "end" : 116 }, 
        {"sofa" : 1,  "begin" : 117,  "end" : 121 }, 
        {"sofa" : 1,  "begin" : 121,  "end" : 122 }, 
        {"sofa" : 1,  "begin" : 123,  "end" : 125 }, 
        {"sofa" : 1,  "begin" : 125,  "end" : 126 }, 
        {"sofa" : 1,  "begin" : 127,  "end" : 130 }, 
        {"sofa" : 1,  "begin" : 131,  "end" : 138 }, 
        {"sofa" : 1,  "begin" : 139,  "end" : 141 }, 
        {"sofa" : 1,  "begin" : 142,  "end" : 143 }, 
        {"sofa" : 1,  "begin" : 144,  "end" : 153 }, 
        {"sofa" : 1,  "begin" : 154,  "end" : 156 }, 
        {"sofa" : 1,  "begin" : 157,  "end" : 160 }, 
        {"sofa" : 1,  "begin" : 161,  "end" : 170 }, 
        {"sofa" : 1,  "begin" : 171,  "end" : 172 }, 
        {"sofa" : 1,  "begin" : 172,  "end" : 178 }, 
        {"sofa" : 1,  "begin" : 178,  "end" : 179 }, 
        {"sofa" : 1,  "begin" : 180,  "end" : 184 }, 
        {"sofa" : 1,  "begin" : 185,  "end" : 188 }, 
        {"sofa" : 1,  "begin" : 189,  "end" : 195 }, 
        {"sofa" : 1,  "begin" : 195,  "end" : 196 }, 
        {"sofa" : 1,  "begin" : 197,  "end" : 201 }, 
        {"sofa" : 1,  "begin" : 201,  "end" : 202 }, 
        {"sofa" : 1,  "begin" : 202,  "end" : 203 }, 
        {"sofa" : 1,  "begin" : 204,  "end" : 206 }, 
        {"sofa" : 1,  "begin" : 206,  "end" : 207 }, 
        {"sofa" : 1,  "begin" : 208,  "end" : 210 }, 
        {"sofa" : 1,  "begin" : 210,  "end" : 211 }, 
        {"sofa" : 1,  "begin" : 211,  "end" : 213 }, 
        {"sofa" : 1,  "begin" : 215,  "end" : 219 }, 
        {"sofa" : 1,  "begin" : 219,  "end" : 220 }, 
        {"sofa" : 1,  "begin" : 221,  "end" : 222 }, 
        {"sofa" : 1,  "begin" : 222,  "end" : 230 }, 
        {"sofa" : 1,  "begin" : 230,  "end" : 231 }, 
        {"sofa" : 1,  "begin" : 232,  "end" : 234 }, 
        {"sofa" : 1,  "begin" : 235,  "end" : 243 }, 
        {"sofa" : 1,  "begin" : 244,  "end" : 248 }, 
        {"sofa" : 1,  "begin" : 248,  "end" : 249 }, 
        {"sofa" : 1,  "begin" : 250,  "end" : 251 }, 
        {"sofa" : 1,  "begin" : 252,  "end" : 259 }, 
        {"sofa" : 1,  "begin" : 260,  "end" : 262 }, 
        {"sofa" : 1,  "begin" : 263,  "end" : 266 }, 
        {"sofa" : 1,  "begin" : 267,  "end" : 274 }, 
        {"sofa" : 1,  "begin" : 275,  "end" : 276 }, 
        {"sofa" : 1,  "begin" : 277,  "end" : 284 }, 
        {"sofa" : 1,  "begin" : 284,  "end" : 285 }, 
        {"sofa" : 1,  "begin" : 286,  "end" : 291 }, 
        {"sofa" : 1,  "begin" : 292,  "end" : 298 }, 
        {"sofa" : 1,  "begin" : 299,  "end" : 302 }, 
        {"sofa" : 1,  "begin" : 303,  "end" : 308 }, 
        {"sofa" : 1,  "begin" : 308,  "end" : 309 }, 
        {"sofa" : 1,  "begin" : 310,  "end" : 315 }, 
        {"sofa" : 1,  "begin" : 316,  "end" : 319 }, 
        {"sofa" : 1,  "begin" : 320,  "end" : 322 }, 
        {"sofa" : 1,  "begin" : 323,  "end" : 328 }, 
        {"sofa" : 1,  "begin" : 329,  "end" : 332 }, 
        {"sofa" : 1,  "begin" : 333,  "end" : 334 }, 
        {"sofa" : 1,  "begin" : 335,  "end" : 341 }, 
        {"sofa" : 1,  "begin" : 341,  "end" : 342 }, 
        {"sofa" : 1,  "begin" : 343,  "end" : 346 }, 
        {"sofa" : 1,  "begin" : 347,  "end" : 358 }, 
        {"sofa" : 1,  "begin" : 359,  "end" : 362 }, 
        {"sofa" : 1,  "begin" : 363,  "end" : 367 }, 
        {"sofa" : 1,  "begin" : 367,  "end" : 368 }, 
        {"sofa" : 1,  "begin" : 369,  "end" : 372 }, 
        {"sofa" : 1,  "begin" : 373,  "end" : 378 }, 
        {"sofa" : 1,  "begin" : 379,  "end" : 389 }, 
        {"sofa" : 1,  "begin" : 389,  "end" : 390 }, 
        {"sofa" : 1,  "begin" : 391,  "end" : 394 }, 
        {"sofa" : 1,  "begin" : 395,  "end" : 398 }, 
        {"sofa" : 1,  "begin" : 399,  "end" : 404 }, 
        {"sofa" : 1,  "begin" : 405,  "end" : 407 }, 
        {"sofa" : 1,  "begin" : 408,  "end" : 417 }, 
        {"sofa" : 1,  "begin" : 418,  "end" : 426 }, 
        {"sofa" : 1,  "begin" : 426,  "end" : 427 }, 
        {"sofa" : 1,  "begin" : 428,  "end" : 431 }, 
        {"sofa" : 1,  "begin" : 432,  "end" : 437 }, 
        {"sofa" : 1,  "begin" : 438,  "end" : 441 }, 
        {"sofa" : 1,  "begin" : 442,  "end" : 445 }, 
        {"sofa" : 1,  "begin" : 446,  "end" : 451 }, 
        {"sofa" : 1,  "begin" : 452,  "end" : 454 }, 
        {"sofa" : 1,  "begin" : 455,  "end" : 461 }, 
        {"sofa" : 1,  "begin" : 461,  "end" : 462 }, 
        {"sofa" : 1,  "begin" : 463,  "end" : 465 }, 
        {"sofa" : 1,  "begin" : 466,  "end" : 467 }, 
        {"sofa" : 1,  "begin" : 468,  "end" : 473 }, 
        {"sofa" : 1,  "begin" : 474,  "end" : 481 }, 
        {"sofa" : 1,  "begin" : 482,  "end" : 486 }, 
        {"sofa" : 1,  "begin" : 487,  "end" : 490 }, 
        {"sofa" : 1,  "begin" : 491,  "end" : 493 }, 
        {"sofa" : 1,  "begin" : 494,  "end" : 496 }, 
        {"sofa" : 1,  "begin" : 497,  "end" : 505 }, 
        {"sofa" : 1,  "begin" : 505,  "end" : 506 }, 
        {"sofa" : 1,  "begin" : 507,  "end" : 510 }, 
        {"sofa" : 1,  "begin" : 511,  "end" : 513 }, 
        {"sofa" : 1,  "begin" : 514,  "end" : 517 }, 
        {"sofa" : 1,  "begin" : 518,  "end" : 523 }, 
        {"sofa" : 1,  "begin" : 524,  "end" : 531 }, 
        {"sofa" : 1,  "begin" : 532,  "end" : 534 }, 
        {"sofa" : 1,  "begin" : 535,  "end" : 536 }, 
        {"sofa" : 1,  "begin" : 536,  "end" : 537 }, 
        {"sofa" : 1,  "begin" : 538,  "end" : 543 }, 
        {"sofa" : 1,  "begin" : 543,  "end" : 544 }, 
        {"sofa" : 1,  "begin" : 545,  "end" : 546 }, 
        {"sofa" : 1,  "begin" : 547,  "end" : 550 }, 
        {"sofa" : 1,  "begin" : 551,  "end" : 561 }, 
        {"sofa" : 1,  "begin" : 561,  "end" : 562 }, 
        {"sofa" : 1,  "begin" : 563,  "end" : 567 }, 
        {"sofa" : 1,  "begin" : 568,  "end" : 570 }, 
        {"sofa" : 1,  "begin" : 571,  "end" : 576 }, 
        {"sofa" : 1,  "begin" : 577,  "end" : 580 }, 
        {"sofa" : 1,  "begin" : 581,  "end" : 584 }, 
        {"sofa" : 1,  "begin" : 585,  "end" : 591 }, 
        {"sofa" : 1,  "begin" : 591,  "end" : 592 }, 
        {"sofa" : 1,  "begin" : 593,  "end" : 596 }, 
        {"sofa" : 1,  "begin" : 597,  "end" : 600 }, 
        {"sofa" : 1,  "begin" : 601,  "end" : 608 }, 
        {"sofa" : 1,  "begin" : 609,  "end" : 613 }, 
        {"sofa" : 1,  "begin" : 614,  "end" : 620 }, 
        {"sofa" : 1,  "begin" : 621,  "end" : 624 }, 
        {"sofa" : 1,  "begin" : 625,  "end" : 630 }, 
        {"sofa" : 1,  "begin" : 631,  "end" : 638 }, 
        {"sofa" : 1,  "begin" : 639,  "end" : 640 }, 
        {"sofa" : 1,  "begin" : 641,  "end" : 647 }, 
        {"sofa" : 1,  "begin" : 648,  "end" : 653 }, 
        {"sofa" : 1,  "begin" : 654,  "end" : 656 }, 
        {"sofa" : 1,  "begin" : 657,  "end" : 663 }, 
        {"sofa" : 1,  "begin" : 664,  "end" : 668 }, 
        {"sofa" : 1,  "begin" : 669,  "end" : 670 }, 
        {"sofa" : 1,  "begin" : 671,  "end" : 675 }, 
        {"sofa" : 1,  "begin" : 676,  "end" : 678 }, 
        {"sofa" : 1,  "begin" : 679,  "end" : 689 }, 
        {"sofa" : 1,  "begin" : 689,  "end" : 690 }, 
        {"sofa" : 1,  "begin" : 691,  "end" : 694 }, 
        {"sofa" : 1,  "begin" : 695,  "end" : 698 }, 
        {"sofa" : 1,  "begin" : 699,  "end" : 703 }, 
        {"sofa" : 1,  "begin" : 704,  "end" : 709 }, 
        {"sofa" : 1,  "begin" : 710,  "end" : 712 }, 
        {"sofa" : 1,  "begin" : 713,  "end" : 719 }, 
        {"sofa" : 1,  "begin" : 720,  "end" : 722 }, 
        {"sofa" : 1,  "begin" : 723,  "end" : 729 }, 
        {"sofa" : 1,  "begin" : 729,  "end" : 730 }, 
        {"sofa" : 1,  "begin" : 731,  "end" : 735 }, 
        {"sofa" : 1,  "begin" : 736,  "end" : 738 }, 
        {"sofa" : 1,  "begin" : 739,  "end" : 742 }, 
        {"sofa" : 1,  "begin" : 743,  "end" : 752 }, 
        {"sofa" : 1,  "begin" : 753,  "end" : 755 }, 
        {"sofa" : 1,  "begin" : 756,  "end" : 760 }, 
        {"sofa" : 1,  "begin" : 761,  "end" : 763 }, 
        {"sofa" : 1,  "begin" : 764,  "end" : 767 }, 
        {"sofa" : 1,  "begin" : 768,  "end" : 778 }, 
        {"sofa" : 1,  "begin" : 779,  "end" : 781 }, 
        {"sofa" : 1,  "begin" : 782,  "end" : 786 }, 
        {"sofa" : 1,  "begin" : 787,  "end" : 791 }, 
        {"sofa" : 1,  "begin" : 792,  "end" : 799 }, 
        {"sofa" : 1,  "begin" : 800,  "end" : 807 }, 
        {"sofa" : 1,  "begin" : 807,  "end" : 808 }, 
        {"sofa" : 1,  "begin" : 809,  "end" : 810 }, 
        {"sofa" : 1,  "begin" : 811,  "end" : 814 }, 
        {"sofa" : 1,  "begin" : 815,  "end" : 823 }, 
        {"sofa" : 1,  "begin" : 824,  "end" : 832 }, 
        {"sofa" : 1,  "begin" : 833,  "end" : 835 }, 
        {"sofa" : 1,  "begin" : 836,  "end" : 840 }, 
        {"sofa" : 1,  "begin" : 841,  "end" : 842 }, 
        {"sofa" : 1,  "begin" : 843,  "end" : 846 }, 
        {"sofa" : 1,  "begin" : 847,  "end" : 852 }, 
        {"sofa" : 1,  "begin" : 853,  "end" : 859 }, 
        {"sofa" : 1,  "begin" : 859,  "end" : 860 }, 
        {"sofa" : 1,  "begin" : 861,  "end" : 865 }, 
        {"sofa" : 1,  "begin" : 866,  "end" : 870 }, 
        {"sofa" : 1,  "begin" : 871,  "end" : 874 }, 
        {"sofa" : 1,  "begin" : 875,  "end" : 883 }, 
        {"sofa" : 1,  "begin" : 884,  "end" : 887 }, 
        {"sofa" : 1,  "begin" : 888,  "end" : 895 }, 
        {"sofa" : 1,  "begin" : 896,  "end" : 900 }, 
        {"sofa" : 1,  "begin" : 901,  "end" : 902 }, 
        {"sofa" : 1,  "begin" : 903,  "end" : 914 }, 
        {"sofa" : 1,  "begin" : 914,  "end" : 915 }, 
        {"sofa" : 1,  "begin" : 916,  "end" : 920 }, 
        {"sofa" : 1,  "begin" : 921,  "end" : 925 }, 
        {"sofa" : 1,  "begin" : 925,  "end" : 926 }, 
        {"sofa" : 1,  "begin" : 927,  "end" : 929 }, 
        {"sofa" : 1,  "begin" : 930,  "end" : 937 }, 
        {"sofa" : 1,  "begin" : 938,  "end" : 945 }, 
        {"sofa" : 1,  "begin" : 946,  "end" : 949 }, 
        {"sofa" : 1,  "begin" : 950,  "end" : 959 }, 
        {"sofa" : 1,  "begin" : 959,  "end" : 960 }, 
        {"sofa" : 1,  "begin" : 961,  "end" : 964 }, 
        {"sofa" : 1,  "begin" : 965,  "end" : 970 }, 
        {"sofa" : 1,  "begin" : 970,  "end" : 971 }, 
        {"sofa" : 1,  "begin" : 972,  "end" : 975 }, 
        {"sofa" : 1,  "begin" : 976,  "end" : 986 }, 
        {"sofa" : 1,  "begin" : 987,  "end" : 990 }, 
        {"sofa" : 1,  "begin" : 991,  "end" : 997 }, 
        {"sofa" : 1,  "begin" : 997,  "end" : 998 }, 
        {"sofa" : 1,  "begin" : 999,  "end" : 1003 }, 
        {"sofa" : 1,  "begin" : 1004,  "end" : 1012 }, 
        {"sofa" : 1,  "begin" : 1013,  "end" : 1017 }, 
        {"sofa" : 1,  "begin" : 1018,  "end" : 1025 }, 
        {"sofa" : 1,  "begin" : 1026,  "end" : 1030 }, 
        {"sofa" : 1,  "begin" : 1031,  "end" : 1035 }, 
        {"sofa" : 1,  "begin" : 1036,  "end" : 1043 }, 
        {"sofa" : 1,  "begin" : 1043,  "end" : 1044 }, 
        {"sofa" : 1,  "begin" : 1045,  "end" : 1049 }, 
        {"sofa" : 1,  "begin" : 1050,  "end" : 1052 }, 
        {"sofa" : 1,  "begin" : 1052,  "end" : 1053 }, 
        {"sofa" : 1,  "begin" : 1054,  "end" : 1058 }, 
        {"sofa" : 1,  "begin" : 1059,  "end" : 1063 }, 
        {"sofa" : 1,  "begin" : 1064,  "end" : 1069 }, 
        {"sofa" : 1,  "begin" : 1070,  "end" : 1082 }, 
        {"sofa" : 1,  "begin" : 1082,  "end" : 1083 }, 
        {"sofa" : 1,  "begin" : 1084,  "end" : 1086 }, 
        {"sofa" : 1,  "begin" : 1087,  "end" : 1090 }, 
        {"sofa" : 1,  "begin" : 1091,  "end" : 1094 }, 
        {"sofa" : 1,  "begin" : 1095,  "end" : 1097 }, 
        {"sofa" : 1,  "begin" : 1098,  "end" : 1101 }, 
        {"sofa" : 1,  "begin" : 1102,  "end" : 1108 }, 
        {"sofa" : 1,  "begin" : 1108,  "end" : 1109 }, 
        {"sofa" : 1,  "begin" : 1110,  "end" : 1113 }, 
        {"sofa" : 1,  "begin" : 1114,  "end" : 1122 }, 
        {"sofa" : 1,  "begin" : 1123,  "end" : 1129 }, 
        {"sofa" : 1,  "begin" : 1130,  "end" : 1133 }, 
        {"sofa" : 1,  "begin" : 1134,  "end" : 1137 }, 
        {"sofa" : 1,  "begin" : 1138,  "end" : 1151 }, 
        {"sofa" : 1,  "begin" : 1151,  "end" : 1152 }, 
        {"sofa" : 1,  "begin" : 1153,  "end" : 1156 }, 
        {"sofa" : 1,  "begin" : 1157,  "end" : 1164 }, 
        {"sofa" : 1,  "begin" : 1165,  "end" : 1168 }, 
        {"sofa" : 1,  "begin" : 1169,  "end" : 1174 }, 
        {"sofa" : 1,  "begin" : 1175,  "end" : 1177 }, 
        {"sofa" : 1,  "begin" : 1178,  "end" : 1189 }, 
        {"sofa" : 1,  "begin" : 1189,  "end" : 1190 }, 
        {"sofa" : 1,  "begin" : 1191,  "end" : 1194 }, 
        {"sofa" : 1,  "begin" : 1195,  "end" : 1196 }, 
        {"sofa" : 1,  "begin" : 1197,  "end" : 1207 }, 
        {"sofa" : 1,  "begin" : 1208,  "end" : 1211 }, 
        {"sofa" : 1,  "begin" : 1212,  "end" : 1214 }, 
        {"sofa" : 1,  "begin" : 1215,  "end" : 1216 }, 
        {"sofa" : 1,  "begin" : 1217,  "end" : 1221 }, 
        {"sofa" : 1,  "begin" : 1222,  "end" : 1224 }, 
        {"sofa" : 1,  "begin" : 1225,  "end" : 1230 }, 
        {"sofa" : 1,  "begin" : 1231,  "end" : 1234 }, 
        {"sofa" : 1,  "begin" : 1235,  "end" : 1238 }, 
        {"sofa" : 1,  "begin" : 1239,  "end" : 1241 }, 
        {"sofa" : 1,  "begin" : 1242,  "end" : 1245 }, 
        {"sofa" : 1,  "begin" : 1246,  "end" : 1251 }, 
        {"sofa" : 1,  "begin" : 1252,  "end" : 1259 }, 
        {"sofa" : 1,  "begin" : 1260,  "end" : 1265 }, 
        {"sofa" : 1,  "begin" : 1266,  "end" : 1269 }, 
        {"sofa" : 1,  "begin" : 1270,  "end" : 1276 }, 
        {"sofa" : 1,  "begin" : 1276,  "end" : 1277 }, 
        {"sofa" : 1,  "begin" : 1278,  "end" : 1280 }, 
        {"sofa" : 1,  "begin" : 1281,  "end" : 1284 }, 
        {"sofa" : 1,  "begin" : 1285,  "end" : 1290 }, 
        {"sofa" : 1,  "begin" : 1291,  "end" : 1293 }, 
        {"sofa" : 1,  "begin" : 1294,  "end" : 1297 }, 
        {"sofa" : 1,  "begin" : 1298,  "end" : 1303 }, 
        {"sofa" : 1,  "begin" : 1304,  "end" : 1307 }, 
        {"sofa" : 1,  "begin" : 1308,  "end" : 1314 }, 
        {"sofa" : 1,  "begin" : 1315,  "end" : 1319 }, 
        {"sofa" : 1,  "begin" : 1320,  "end" : 1325 }, 
        {"sofa" : 1,  "begin" : 1326,  "end" : 1329 }, 
        {"sofa" : 1,  "begin" : 1330,  "end" : 1335 }, 
        {"sofa" : 1,  "begin" : 1336,  "end" : 1339 }, 
        {"sofa" : 1,  "begin" : 1340,  "end" : 1349 }, 
        {"sofa" : 1,  "begin" : 1349,  "end" : 1350 }, 
        {"sofa" : 1,  "begin" : 1351,  "end" : 1353 }, 
        {"sofa" : 1,  "begin" : 1354,  "end" : 1361 }, 
        {"sofa" : 1,  "begin" : 1361,  "end" : 1362 }, 
        {"sofa" : 1,  "begin" : 1363,  "end" : 1365 }, 
        {"sofa" : 1,  "begin" : 1366,  "end" : 1367 }, 
        {"sofa" : 1,  "begin" : 1368,  "end" : 1371 }, 
        {"sofa" : 1,  "begin" : 1372,  "end" : 1376 }, 
        {"sofa" : 1,  "begin" : 1377,  "end" : 1379 }, 
        {"sofa" : 1,  "begin" : 1380,  "end" : 1381 }, 
        {"sofa" : 1,  "begin" : 1382,  "end" : 1386 }, 
        {"sofa" : 1,  "begin" : 1386,  "end" : 1387 }, 
        {"sofa" : 1,  "begin" : 1388,  "end" : 1391 }, 
        {"sofa" : 1,  "begin" : 1391,  "end" : 1392 }, 
        {"sofa" : 1,  "begin" : 1393,  "end" : 1403 }, 
        {"sofa" : 1,  "begin" : 1404,  "end" : 1408 }, 
        {"sofa" : 1,  "begin" : 1409,  "end" : 1410 }, 
        {"sofa" : 1,  "begin" : 1411,  "end" : 1414 }, 
        {"sofa" : 1,  "begin" : 1415,  "end" : 1416 }, 
        {"sofa" : 1,  "begin" : 1417,  "end" : 1425 }, 
        {"sofa" : 1,  "begin" : 1425,  "end" : 1426 }, 
        {"sofa" : 1,  "begin" : 1427,  "end" : 1433 }, 
        {"sofa" : 1,  "begin" : 1434,  "end" : 1438 }, 
        {"sofa" : 1,  "begin" : 1439,  "end" : 1443 }, 
        {"sofa" : 1,  "begin" : 1444,  "end" : 1449 }, 
        {"sofa" : 1,  "begin" : 1450,  "end" : 1452 }, 
        {"sofa" : 1,  "begin" : 1453,  "end" : 1457 }, 
        {"sofa" : 1,  "begin" : 1458,  "end" : 1460 }, 
        {"sofa" : 1,  "begin" : 1461,  "end" : 1471 }, 
        {"sofa" : 1,  "begin" : 1472,  "end" : 1475 }, 
        {"sofa" : 1,  "begin" : 1476,  "end" : 1481 }, 
        {"sofa" : 1,  "begin" : 1482,  "end" : 1490 }, 
        {"sofa" : 1,  "begin" : 1490,  "end" : 1491 }, 
        {"sofa" : 1,  "begin" : 1492,  "end" : 1495 }, 
        {"sofa" : 1,  "begin" : 1496,  "end" : 1503 }, 
        {"sofa" : 1,  "begin" : 1504,  "end" : 1511 }, 
        {"sofa" : 1,  "begin" : 1512,  "end" : 1514 }, 
        {"sofa" : 1,  "begin" : 1515,  "end" : 1519 }, 
        {"sofa" : 1,  "begin" : 1519,  "end" : 1520 }, 
        {"sofa" : 1,  "begin" : 1521,  "end" : 1523 }, 
        {"sofa" : 1,  "begin" : 1524,  "end" : 1527 }, 
        {"sofa" : 1,  "begin" : 1528,  "end" : 1534 }, 
        {"sofa" : 1,  "begin" : 1535,  "end" : 1539 }, 
        {"sofa" : 1,  "begin" : 1540,  "end" : 1544 }, 
        {"sofa" : 1,  "begin" : 1545,  "end" : 1554 }, 
        {"sofa" : 1,  "begin" : 1554,  "end" : 1555 }, 
        {"sofa" : 1,  "begin" : 1556,  "end" : 1559 }, 
        {"sofa" : 1,  "begin" : 1560,  "end" : 1567 }, 
        {"sofa" : 1,  "begin" : 1568,  "end" : 1574 }, 
        {"sofa" : 1,  "begin" : 1574,  "end" : 1575 }, 
        {"sofa" : 1,  "begin" : 1576,  "end" : 1580 }, 
        {"sofa" : 1,  "begin" : 1581,  "end" : 1583 }, 
        {"sofa" : 1,  "begin" : 1584,  "end" : 1587 }, 
        {"sofa" : 1,  "begin" : 1588,  "end" : 1590 }, 
        {"sofa" : 1,  "begin" : 1591,  "end" : 1597 }, 
        {"sofa" : 1,  "begin" : 1598,  "end" : 1607 }, 
        {"sofa" : 1,  "begin" : 1607,  "end" : 1608 }, 
        {"sofa" : 1,  "begin" : 1609,  "end" : 1613 }, 
        {"sofa" : 1,  "begin" : 1614,  "end" : 1619 }, 
        {"sofa" : 1,  "begin" : 1620,  "end" : 1624 }, 
        {"sofa" : 1,  "begin" : 1625,  "end" : 1629 }, 
        {"sofa" : 1,  "begin" : 1630,  "end" : 1638 }, 
        {"sofa" : 1,  "begin" : 1639,  "end" : 1643 }, 
        {"sofa" : 1,  "begin" : 1644,  "end" : 1646 }, 
        {"sofa" : 1,  "begin" : 1647,  "end" : 1653 }, 
        {"sofa" : 1,  "begin" : 1654,  "end" : 1661 }, 
        {"sofa" : 1,  "begin" : 1661,  "end" : 1662 }, 
        {"sofa" : 1,  "begin" : 1668,  "end" : 1674 }, 
        {"sofa" : 1,  "begin" : 1674,  "end" : 1675 }, 
        {"sofa" : 1,  "begin" : 1676,  "end" : 1683 }, 
        {"sofa" : 1,  "begin" : 1684,  "end" : 1691 }, 
        {"sofa" : 1,  "begin" : 1691,  "end" : 1692 }, 
        {"sofa" : 1,  "begin" : 1693,  "end" : 1694 }, 
        {"sofa" : 1,  "begin" : 1694,  "end" : 1697 }, 
        {"sofa" : 1,  "begin" : 1698,  "end" : 1703 }, 
        {"sofa" : 1,  "begin" : 1704,  "end" : 1706 }, 
        {"sofa" : 1,  "begin" : 1707,  "end" : 1708 }, 
        {"sofa" : 1,  "begin" : 1709,  "end" : 1714 }, 
        {"sofa" : 1,  "begin" : 1715,  "end" : 1722 }, 
        {"sofa" : 1,  "begin" : 1722,  "end" : 1723 }, 
        {"sofa" : 1,  "begin" : 1723,  "end" : 1724 }, 
        {"sofa" : 1,  "begin" : 1725,  "end" : 1728 }, 
        {"sofa" : 1,  "begin" : 1729,  "end" : 1732 }, 
        {"sofa" : 1,  "begin" : 1733,  "end" : 1737 }, 
        {"sofa" : 1,  "begin" : 1738,  "end" : 1743 }, 
        {"sofa" : 1,  "begin" : 1743,  "end" : 1744 }, 
        {"sofa" : 1,  "begin" : 1745,  "end" : 1748 }, 
        {"sofa" : 1,  "begin" : 1748,  "end" : 1749 }, 
        {"sofa" : 1,  "begin" : 1750,  "end" : 1751 }, 
        {"sofa" : 1,  "begin" : 1751,  "end" : 1752 }, 
        {"sofa" : 1,  "begin" : 1753,  "end" : 1755 }, 
        {"sofa" : 1,  "begin" : 1756,  "end" : 1764 }, 
        {"sofa" : 1,  "begin" : 1765,  "end" : 1769 }, 
        {"sofa" : 1,  "begin" : 1769,  "end" : 1770 }, 
        {"sofa" : 1,  "begin" : 1771,  "end" : 1773 }, 
        {"sofa" : 1,  "begin" : 1773,  "end" : 1774 }, 
        {"sofa" : 1,  "begin" : 1775,  "end" : 1778 }, 
        {"sofa" : 1,  "begin" : 1778,  "end" : 1779 }, 
        {"sofa" : 1,  "begin" : 1779,  "end" : 1782 }, 
        {"sofa" : 1,  "begin" : 1782,  "end" : 1783 }, 
        {"sofa" : 1,  "begin" : 1784,  "end" : 1794 }, 
        {"sofa" : 1,  "begin" : 1795,  "end" : 1797 }, 
        {"sofa" : 1,  "begin" : 1798,  "end" : 1801 }, 
        {"sofa" : 1,  "begin" : 1802,  "end" : 1814 }, 
        {"sofa" : 1,  "begin" : 1815,  "end" : 1824 }, 
        {"sofa" : 1,  "begin" : 1825,  "end" : 1826 }, 
        {"sofa" : 1,  "begin" : 1826,  "end" : 1830 }, 
        {"sofa" : 1,  "begin" : 1830,  "end" : 1831 }, 
        {"sofa" : 1,  "begin" : 1832,  "end" : 1836 }, 
        {"sofa" : 1,  "begin" : 1836,  "end" : 1837 }, 
        {"sofa" : 1,  "begin" : 1838,  "end" : 1842 }, 
        {"sofa" : 1,  "begin" : 1842,  "end" : 1843 }, 
        {"sofa" : 1,  "begin" : 1845,  "end" : 1849 }, 
        {"sofa" : 1,  "begin" : 1849,  "end" : 1850 }, 
        {"sofa" : 1,  "begin" : 1851,  "end" : 1853 }, 
        {"sofa" : 1,  "begin" : 1854,  "end" : 1866 }, 
        {"sofa" : 1,  "begin" : 1867,  "end" : 1876 }, 
        {"sofa" : 1,  "begin" : 1877,  "end" : 1884 }, 
        {"sofa" : 1,  "begin" : 1885,  "end" : 1887 }, 
        {"sofa" : 1,  "begin" : 1888,  "end" : 1890 }, 
        {"sofa" : 1,  "begin" : 1891,  "end" : 1893 }, 
        {"sofa" : 1,  "begin" : 1894,  "end" : 1898 }, 
        {"sofa" : 1,  "begin" : 1899,  "end" : 1904 }, 
        {"sofa" : 1,  "begin" : 1905,  "end" : 1909 }, 
        {"sofa" : 1,  "begin" : 1910,  "end" : 1912 }, 
        {"sofa" : 1,  "begin" : 1913,  "end" : 1917 }, 
        {"sofa" : 1,  "begin" : 1918,  "end" : 1923 }, 
        {"sofa" : 1,  "begin" : 1924,  "end" : 1929 }, 
        {"sofa" : 1,  "begin" : 1929,  "end" : 1930 }, 
        {"sofa" : 1,  "begin" : 1931,  "end" : 1934 }, 
        {"sofa" : 1,  "begin" : 1935,  "end" : 1940 }, 
        {"sofa" : 1,  "begin" : 1941,  "end" : 1946 }, 
        {"sofa" : 1,  "begin" : 1947,  "end" : 1952 }, 
        {"sofa" : 1,  "begin" : 1953,  "end" : 1955 }, 
        {"sofa" : 1,  "begin" : 1956,  "end" : 1959 }, 
        {"sofa" : 1,  "begin" : 1960,  "end" : 1968 }, 
        {"sofa" : 1,  "begin" : 1969,  "end" : 1978 }, 
        {"sofa" : 1,  "begin" : 1979,  "end" : 1981 }, 
        {"sofa" : 1,  "begin" : 1982,  "end" : 1994 }, 
        {"sofa" : 1,  "begin" : 1995,  "end" : 1999 }, 
        {"sofa" : 1,  "begin" : 2000,  "end" : 2007 }, 
        {"sofa" : 1,  "begin" : 2007,  "end" : 2008 }, 
        {"sofa" : 1,  "begin" : 2009,  "end" : 2011 }, 
        {"sofa" : 1,  "begin" : 2012,  "end" : 2013 }, 
        {"sofa" : 1,  "begin" : 2014,  "end" : 2024 }, 
        {"sofa" : 1,  "begin" : 2024,  "end" : 2025 }, 
        {"sofa" : 1,  "begin" : 2026,  "end" : 2028 }, 
        {"sofa" : 1,  "begin" : 2029,  "end" : 2034 }, 
        {"sofa" : 1,  "begin" : 2035,  "end" : 2038 }, 
        {"sofa" : 1,  "begin" : 2039,  "end" : 2047 }, 
        {"sofa" : 1,  "begin" : 2048,  "end" : 2051 }, 
        {"sofa" : 1,  "begin" : 2052,  "end" : 2055 }, 
        {"sofa" : 1,  "begin" : 2056,  "end" : 2064 }, 
        {"sofa" : 1,  "begin" : 2064,  "end" : 2065 }, 
        {"sofa" : 1,  "begin" : 2066,  "end" : 2079 }, 
        {"sofa" : 1,  "begin" : 2080,  "end" : 2087 }, 
        {"sofa" : 1,  "begin" : 2088,  "end" : 2090 }, 
        {"sofa" : 1,  "begin" : 2091,  "end" : 2092 }, 
        {"sofa" : 1,  "begin" : 2093,  "end" : 2102 }, 
        {"sofa" : 1,  "begin" : 2103,  "end" : 2105 }, 
        {"sofa" : 1,  "begin" : 2106,  "end" : 2115 }, 
        {"sofa" : 1,  "begin" : 2116,  "end" : 2127 }, 
        {"sofa" : 1,  "begin" : 2127,  "end" : 2128 }, 
        {"sofa" : 1,  "begin" : 2129,  "end" : 2132 }, 
        {"sofa" : 1,  "begin" : 2133,  "end" : 2141 }, 
        {"sofa" : 1,  "begin" : 2142,  "end" : 2145 }, 
        {"sofa" : 1,  "begin" : 2146,  "end" : 2156 }, 
        {"sofa" : 1,  "begin" : 2157,  "end" : 2159 }, 
        {"sofa" : 1,  "begin" : 2160,  "end" : 2170 }, 
        {"sofa" : 1,  "begin" : 2170,  "end" : 2171 }, 
        {"sofa" : 1,  "begin" : 2172,  "end" : 2174 }, 
        {"sofa" : 1,  "begin" : 2175,  "end" : 2180 }, 
        {"sofa" : 1,  "begin" : 2181,  "end" : 2183 }, 
        {"sofa" : 1,  "begin" : 2184,  "end" : 2189 }, 
        {"sofa" : 1,  "begin" : 2189,  "end" : 2190 }, 
        {"sofa" : 1,  "begin" : 2191,  "end" : 2198 }, 
        {"sofa" : 1,  "begin" : 2199,  "end" : 2204 }, 
        {"sofa" : 1,  "begin" : 2205,  "end" : 2217 }, 
        {"sofa" : 1,  "begin" : 2218,  "end" : 2226 }, 
        {"sofa" : 1,  "begin" : 2226,  "end" : 2227 }, 
        {"sofa" : 1,  "begin" : 2228,  "end" : 2231 }, 
        {"sofa" : 1,  "begin" : 2232,  "end" : 2236 }, 
        {"sofa" : 1,  "begin" : 2237,  "end" : 2239 }, 
        {"sofa" : 1,  "begin" : 2240,  "end" : 2248 }, 
        {"sofa" : 1,  "begin" : 2249,  "end" : 2251 }, 
        {"sofa" : 1,  "begin" : 2252,  "end" : 2256 }, 
        {"sofa" : 1,  "begin" : 2257,  "end" : 2259 }, 
        {"sofa" : 1,  "begin" : 2260,  "end" : 2263 }, 
        {"sofa" : 1,  "begin" : 2264,  "end" : 2272 }, 
        {"sofa" : 1,  "begin" : 2273,  "end" : 2279 }, 
        {"sofa" : 1,  "begin" : 2280,  "end" : 2282 }, 
        {"sofa" : 1,  "begin" : 2283,  "end" : 2289 }, 
        {"sofa" : 1,  "begin" : 2290,  "end" : 2296 }, 
        {"sofa" : 1,  "begin" : 2296,  "end" : 2297 }, 
        {"sofa" : 1,  "begin" : 2298,  "end" : 2302 }, 
        {"sofa" : 1,  "begin" : 2303,  "end" : 2304 }, 
        {"sofa" : 1,  "begin" : 2305,  "end" : 2309 }, 
        {"sofa" : 1,  "begin" : 2310,  "end" : 2315 }, 
        {"sofa" : 1,  "begin" : 2316,  "end" : 2320 }, 
        {"sofa" : 1,  "begin" : 2321,  "end" : 2328 }, 
        {"sofa" : 1,  "begin" : 2329,  "end" : 2331 }, 
        {"sofa" : 1,  "begin" : 2332,  "end" : 2337 }, 
        {"sofa" : 1,  "begin" : 2338,  "end" : 2342 }, 
        {"sofa" : 1,  "begin" : 2343,  "end" : 2347 }, 
        {"sofa" : 1,  "begin" : 2348,  "end" : 2349 }, 
        {"sofa" : 1,  "begin" : 2350,  "end" : 2354 }, 
        {"sofa" : 1,  "begin" : 2355,  "end" : 2359 }, 
        {"sofa" : 1,  "begin" : 2360,  "end" : 2362 }, 
        {"sofa" : 1,  "begin" : 2363,  "end" : 2375 }, 
        {"sofa" : 1,  "begin" : 2376,  "end" : 2383 }, 
        {"sofa" : 1,  "begin" : 2384,  "end" : 2393 }, 
        {"sofa" : 1,  "begin" : 2394,  "end" : 2396 }, 
        {"sofa" : 1,  "begin" : 2397,  "end" : 2401 }, 
        {"sofa" : 1,  "begin" : 2402,  "end" : 2404 }, 
        {"sofa" : 1,  "begin" : 2404,  "end" : 2405 }, 
        {"sofa" : 1,  "begin" : 2406,  "end" : 2409 }, 
        {"sofa" : 1,  "begin" : 2410,  "end" : 2413 }, 
        {"sofa" : 1,  "begin" : 2414,  "end" : 2416 }, 
        {"sofa" : 1,  "begin" : 2417,  "end" : 2421 }, 
        {"sofa" : 1,  "begin" : 2422,  "end" : 2429 }, 
        {"sofa" : 1,  "begin" : 2430,  "end" : 2433 }, 
        {"sofa" : 1,  "begin" : 2434,  "end" : 2439 }, 
        {"sofa" : 1,  "begin" : 2439,  "end" : 2440 }, 
        {"sofa" : 1,  "begin" : 2441,  "end" : 2445 }, 
        {"sofa" : 1,  "begin" : 2445,  "end" : 2446 }, 
        {"sofa" : 1,  "begin" : 2447,  "end" : 2450 }, 
        {"sofa" : 1,  "begin" : 2451,  "end" : 2460 }, 
        {"sofa" : 1,  "begin" : 2460,  "end" : 2461 }, 
        {"sofa" : 1,  "begin" : 2462,  "end" : 2464 }, 
        {"sofa" : 1,  "begin" : 2465,  "end" : 2469 }, 
        {"sofa" : 1,  "begin" : 2470,  "end" : 2477 }, 
        {"sofa" : 1,  "begin" : 2478,  "end" : 2482 }, 
        {"sofa" : 1,  "begin" : 2483,  "end" : 2486 }, 
        {"sofa" : 1,  "begin" : 2486,  "end" : 2487 }, 
        {"sofa" : 1,  "begin" : 2488,  "end" : 2492 }, 
        {"sofa" : 1,  "begin" : 2493,  "end" : 2501 }, 
        {"sofa" : 1,  "begin" : 2502,  "end" : 2513 }, 
        {"sofa" : 1,  "begin" : 2514,  "end" : 2517 }, 
        {"sofa" : 1,  "begin" : 2518,  "end" : 2522 }, 
        {"sofa" : 1,  "begin" : 2523,  "end" : 2527 }, 
        {"sofa" : 1,  "begin" : 2527,  "end" : 2528 }, 
        {"sofa" : 1,  "begin" : 2529,  "end" : 2540 }, 
        {"sofa" : 1,  "begin" : 2541,  "end" : 2550 }, 
        {"sofa" : 1,  "begin" : 2551,  "end" : 2554 }, 
        {"sofa" : 1,  "begin" : 2555,  "end" : 2565 }, 
        {"sofa" : 1,  "begin" : 2566,  "end" : 2568 }, 
        {"sofa" : 1,  "begin" : 2569,  "end" : 2578 }, 
        {"sofa" : 1,  "begin" : 2579,  "end" : 2582 }, 
        {"sofa" : 1,  "begin" : 2583,  "end" : 2590 }, 
        {"sofa" : 1,  "begin" : 2591,  "end" : 2599 }, 
        {"sofa" : 1,  "begin" : 2599,  "end" : 2600 }, 
        {"sofa" : 1,  "begin" : 2601,  "end" : 2608 }, 
        {"sofa" : 1,  "begin" : 2609,  "end" : 2618 }, 
        {"sofa" : 1,  "begin" : 2619,  "end" : 2630 }, 
        {"sofa" : 1,  "begin" : 2631,  "end" : 2634 }, 
        {"sofa" : 1,  "begin" : 2635,  "end" : 2641 }, 
        {"sofa" : 1,  "begin" : 2642,  "end" : 2648 }, 
        {"sofa" : 1,  "begin" : 2648,  "end" : 2649 }, 
        {"sofa" : 1,  "begin" : 2650,  "end" : 2656 }, 
        {"sofa" : 1,  "begin" : 2657,  "end" : 2661 }, 
        {"sofa" : 1,  "begin" : 2662,  "end" : 2667 }, 
        {"sofa" : 1,  "begin" : 2668,  "end" : 2670 }, 
        {"sofa" : 1,  "begin" : 2671,  "end" : 2677 }, 
        {"sofa" : 1,  "begin" : 2678,  "end" : 2683 }, 
        {"sofa" : 1,  "begin" : 2684,  "end" : 2687 }, 
        {"sofa" : 1,  "begin" : 2688,  "end" : 2697 }, 
        {"sofa" : 1,  "begin" : 2698,  "end" : 2700 }, 
        {"sofa" : 1,  "begin" : 2701,  "end" : 2704 }, 
        {"sofa" : 1,  "begin" : 2705,  "end" : 2709 }, 
        {"sofa" : 1,  "begin" : 2710,  "end" : 2712 }, 
        {"sofa" : 1,  "begin" : 2713,  "end" : 2716 }, 
        {"sofa" : 1,  "begin" : 2717,  "end" : 2726 }, 
        {"sofa" : 1,  "begin" : 2727,  "end" : 2734 }, 
        {"sofa" : 1,  "begin" : 2735,  "end" : 2738 }, 
        {"sofa" : 1,  "begin" : 2739,  "end" : 2744 }, 
        {"sofa" : 1,  "begin" : 2744,  "end" : 2745 }, 
        {"sofa" : 1,  "begin" : 2746,  "end" : 2748 }, 
        {"sofa" : 1,  "begin" : 2749,  "end" : 2756 }, 
        {"sofa" : 1,  "begin" : 2757,  "end" : 2764 }, 
        {"sofa" : 1,  "begin" : 2764,  "end" : 2765 }, 
        {"sofa" : 1,  "begin" : 2766,  "end" : 2769 }, 
        {"sofa" : 1,  "begin" : 2770,  "end" : 2772 }, 
        {"sofa" : 1,  "begin" : 2773,  "end" : 2782 }, 
        {"sofa" : 1,  "begin" : 2783,  "end" : 2785 }, 
        {"sofa" : 1,  "begin" : 2786,  "end" : 2791 }, 
        {"sofa" : 1,  "begin" : 2792,  "end" : 2796 }, 
        {"sofa" : 1,  "begin" : 2796,  "end" : 2797 }, 
        {"sofa" : 1,  "begin" : 2798,  "end" : 2799 }, 
        {"sofa" : 1,  "begin" : 2800,  "end" : 2804 }, 
        {"sofa" : 1,  "begin" : 2805,  "end" : 2813 }, 
        {"sofa" : 1,  "begin" : 2814,  "end" : 2818 }, 
        {"sofa" : 1,  "begin" : 2819,  "end" : 2820 }, 
        {"sofa" : 1,  "begin" : 2821,  "end" : 2826 }, 
        {"sofa" : 1,  "begin" : 2827,  "end" : 2833 }, 
        {"sofa" : 1,  "begin" : 2834,  "end" : 2841 }, 
        {"sofa" : 1,  "begin" : 2841,  "end" : 2842 }, 
        {"sofa" : 1,  "begin" : 2843,  "end" : 2848 }, 
        {"sofa" : 1,  "begin" : 2849,  "end" : 2852 }, 
        {"sofa" : 1,  "begin" : 2853,  "end" : 2861 }, 
        {"sofa" : 1,  "begin" : 2862,  "end" : 2864 }, 
        {"sofa" : 1,  "begin" : 2865,  "end" : 2868 }, 
        {"sofa" : 1,  "begin" : 2869,  "end" : 2874 }, 
        {"sofa" : 1,  "begin" : 2874,  "end" : 2875 }, 
        {"sofa" : 1,  "begin" : 2881,  "end" : 2887 }, 
        {"sofa" : 1,  "begin" : 2887,  "end" : 2888 }, 
        {"sofa" : 1,  "begin" : 2889,  "end" : 2895 }, 
        {"sofa" : 1,  "begin" : 2896,  "end" : 2903 }, 
        {"sofa" : 1,  "begin" : 2903,  "end" : 2904 }, 
        {"sofa" : 1,  "begin" : 2905,  "end" : 2906 }, 
        {"sofa" : 1,  "begin" : 2906,  "end" : 2909 }, 
        {"sofa" : 1,  "begin" : 2910,  "end" : 2918 }, 
        {"sofa" : 1,  "begin" : 2918,  "end" : 2919 }, 
        {"sofa" : 1,  "begin" : 2920,  "end" : 2922 }, 
        {"sofa" : 1,  "begin" : 2923,  "end" : 2928 }, 
        {"sofa" : 1,  "begin" : 2929,  "end" : 2935 }, 
        {"sofa" : 1,  "begin" : 2935,  "end" : 2936 }, 
        {"sofa" : 1,  "begin" : 2937,  "end" : 2940 }, 
        {"sofa" : 1,  "begin" : 2941,  "end" : 2946 }, 
        {"sofa" : 1,  "begin" : 2947,  "end" : 2958 }, 
        {"sofa" : 1,  "begin" : 2959,  "end" : 2961 }, 
        {"sofa" : 1,  "begin" : 2962,  "end" : 2968 }, 
        {"sofa" : 1,  "begin" : 2969,  "end" : 2972 }, 
        {"sofa" : 1,  "begin" : 2973,  "end" : 2979 }, 
        {"sofa" : 1,  "begin" : 2980,  "end" : 2981 }, 
        {"sofa" : 1,  "begin" : 2981,  "end" : 2984 }, 
        {"sofa" : 1,  "begin" : 2985,  "end" : 2989 }, 
        {"sofa" : 1,  "begin" : 2989,  "end" : 2990 }, 
        {"sofa" : 1,  "begin" : 2991,  "end" : 2997 }, 
        {"sofa" : 1,  "begin" : 2998,  "end" : 2999 }, 
        {"sofa" : 1,  "begin" : 2999,  "end" : 3000 }, 
        {"sofa" : 1,  "begin" : 3001,  "end" : 3006 }, 
        {"sofa" : 1,  "begin" : 3006,  "end" : 3007 }, 
        {"sofa" : 1,  "begin" : 3008,  "end" : 3012 }, 
        {"sofa" : 1,  "begin" : 3012,  "end" : 3013 }, 
        {"sofa" : 1,  "begin" : 3013,  "end" : 3014 }, 
        {"sofa" : 1,  "begin" : 3015,  "end" : 3017 }, 
        {"sofa" : 1,  "begin" : 3017,  "end" : 3018 }, 
        {"sofa" : 1,  "begin" : 3019,  "end" : 3021 }, 
        {"sofa" : 1,  "begin" : 3021,  "end" : 3022 }, 
        {"sofa" : 1,  "begin" : 3022,  "end" : 3024 }, 
        {"sofa" : 1,  "begin" : 3026,  "end" : 3030 }, 
        {"sofa" : 1,  "begin" : 3030,  "end" : 3031 }, 
        {"sofa" : 1,  "begin" : 3032,  "end" : 3036 }, 
        {"sofa" : 1,  "begin" : 3037,  "end" : 3045 }, 
        {"sofa" : 1,  "begin" : 3046,  "end" : 3049 }, 
        {"sofa" : 1,  "begin" : 3050,  "end" : 3057 }, 
        {"sofa" : 1,  "begin" : 3058,  "end" : 3062 }, 
        {"sofa" : 1,  "begin" : 3063,  "end" : 3071 }, 
        {"sofa" : 1,  "begin" : 3072,  "end" : 3074 }, 
        {"sofa" : 1,  "begin" : 3075,  "end" : 3080 }, 
        {"sofa" : 1,  "begin" : 3080,  "end" : 3081 }, 
        {"sofa" : 1,  "begin" : 3082,  "end" : 3091 }, 
        {"sofa" : 1,  "begin" : 3091,  "end" : 3092 }, 
        {"sofa" : 1,  "begin" : 3093,  "end" : 3096 }, 
        {"sofa" : 1,  "begin" : 3097,  "end" : 3105 }, 
        {"sofa" : 1,  "begin" : 3105,  "end" : 3106 }, 
        {"sofa" : 1,  "begin" : 3107,  "end" : 3111 }, 
        {"sofa" : 1,  "begin" : 3112,  "end" : 3116 }, 
        {"sofa" : 1,  "begin" : 3117,  "end" : 3123 }, 
        {"sofa" : 1,  "begin" : 3124,  "end" : 3128 }, 
        {"sofa" : 1,  "begin" : 3129,  "end" : 3133 }, 
        {"sofa" : 1,  "begin" : 3134,  "end" : 3138 }, 
        {"sofa" : 1,  "begin" : 3139,  "end" : 3144 }, 
        {"sofa" : 1,  "begin" : 3145,  "end" : 3153 }, 
        {"sofa" : 1,  "begin" : 3154,  "end" : 3160 }, 
        {"sofa" : 1,  "begin" : 3161,  "end" : 3172 }, 
        {"sofa" : 1,  "begin" : 3173,  "end" : 3174 }, 
        {"sofa" : 1,  "begin" : 3175,  "end" : 3180 }, 
        {"sofa" : 1,  "begin" : 3181,  "end" : 3187 }, 
        {"sofa" : 1,  "begin" : 3188,  "end" : 3192 }, 
        {"sofa" : 1,  "begin" : 3193,  "end" : 3197 }, 
        {"sofa" : 1,  "begin" : 3197,  "end" : 3198 }, 
        {"sofa" : 1,  "begin" : 3199,  "end" : 3203 }, 
        {"sofa" : 1,  "begin" : 3204,  "end" : 3207 }, 
        {"sofa" : 1,  "begin" : 3208,  "end" : 3211 }, 
        {"sofa" : 1,  "begin" : 3212,  "end" : 3221 }, 
        {"sofa" : 1,  "begin" : 3221,  "end" : 3222 }, 
        {"sofa" : 1,  "begin" : 3223,  "end" : 3233 }, 
        {"sofa" : 1,  "begin" : 3234,  "end" : 3237 }, 
        {"sofa" : 1,  "begin" : 3238,  "end" : 3241 }, 
        {"sofa" : 1,  "begin" : 3242,  "end" : 3251 }, 
        {"sofa" : 1,  "begin" : 3251,  "end" : 3252 }, 
        {"sofa" : 1,  "begin" : 3253,  "end" : 3256 }, 
        {"sofa" : 1,  "begin" : 3257,  "end" : 3262 }, 
        {"sofa" : 1,  "begin" : 3263,  "end" : 3265 }, 
        {"sofa" : 1,  "begin" : 3266,  "end" : 3271 }, 
        {"sofa" : 1,  "begin" : 3271,  "end" : 3272 }, 
        {"sofa" : 1,  "begin" : 3273,  "end" : 3278 }, 
        {"sofa" : 1,  "begin" : 3278,  "end" : 3279 }, 
        {"sofa" : 1,  "begin" : 3280,  "end" : 3286 }, 
        {"sofa" : 1,  "begin" : 3286,  "end" : 3287 }, 
        {"sofa" : 1,  "begin" : 3288,  "end" : 3291 }, 
        {"sofa" : 1,  "begin" : 3292,  "end" : 3296 }, 
        {"sofa" : 1,  "begin" : 3296,  "end" : 3297 }, 
        {"sofa" : 1,  "begin" : 3298,  "end" : 3300 }, 
        {"sofa" : 1,  "begin" : 3301,  "end" : 3305 }, 
        {"sofa" : 1,  "begin" : 3306,  "end" : 3308 }, 
        {"sofa" : 1,  "begin" : 3309,  "end" : 3310 }, 
        {"sofa" : 1,  "begin" : 3311,  "end" : 3315 }, 
        {"sofa" : 1,  "begin" : 3316,  "end" : 3322 }, 
        {"sofa" : 1,  "begin" : 3322,  "end" : 3323 }, 
        {"sofa" : 1,  "begin" : 3324,  "end" : 3327 }, 
        {"sofa" : 1,  "begin" : 3327,  "end" : 3328 }, 
        {"sofa" : 1,  "begin" : 3329,  "end" : 3333 }, 
        {"sofa" : 1,  "begin" : 3333,  "end" : 3334 }, 
        {"sofa" : 1,  "begin" : 3335,  "end" : 3348 }, 
        {"sofa" : 1,  "begin" : 3349,  "end" : 3355 }, 
        {"sofa" : 1,  "begin" : 3356,  "end" : 3361 }, 
        {"sofa" : 1,  "begin" : 3362,  "end" : 3365 }, 
        {"sofa" : 1,  "begin" : 3366,  "end" : 3374 }, 
        {"sofa" : 1,  "begin" : 3375,  "end" : 3377 }, 
        {"sofa" : 1,  "begin" : 3378,  "end" : 3382 }, 
        {"sofa" : 1,  "begin" : 3383,  "end" : 3386 }, 
        {"sofa" : 1,  "begin" : 3387,  "end" : 3394 }, 
        {"sofa" : 1,  "begin" : 3395,  "end" : 3399 }, 
        {"sofa" : 1,  "begin" : 3400,  "end" : 3404 }, 
        {"sofa" : 1,  "begin" : 3405,  "end" : 3409 }, 
        {"sofa" : 1,  "begin" : 3410,  "end" : 3412 }, 
        {"sofa" : 1,  "begin" : 3413,  "end" : 3418 }, 
        {"sofa" : 1,  "begin" : 3419,  "end" : 3423 }, 
        {"sofa" : 1,  "begin" : 3423,  "end" : 3424 }, 
        {"sofa" : 1,  "begin" : 3425,  "end" : 3428 }, 
        {"sofa" : 1,  "begin" : 3429,  "end" : 3431 }, 
        {"sofa" : 1,  "begin" : 3432,  "end" : 3441 }, 
        {"sofa" : 1,  "begin" : 3442,  "end" : 3445 }, 
        {"sofa" : 1,  "begin" : 3445,  "end" : 3446 }, 
        {"sofa" : 1,  "begin" : 3447,  "end" : 3450 }, 
        {"sofa" : 1,  "begin" : 3451,  "end" : 3453 }, 
        {"sofa" : 1,  "begin" : 3454,  "end" : 3458 }, 
        {"sofa" : 1,  "begin" : 3459,  "end" : 3462 }, 
        {"sofa" : 1,  "begin" : 3463,  "end" : 3469 }, 
        {"sofa" : 1,  "begin" : 3470,  "end" : 3473 }, 
        {"sofa" : 1,  "begin" : 3474,  "end" : 3483 }, 
        {"sofa" : 1,  "begin" : 3483,  "end" : 3484 }, 
        {"sofa" : 1,  "begin" : 3485,  "end" : 3488 }, 
        {"sofa" : 1,  "begin" : 3489,  "end" : 3491 }, 
        {"sofa" : 1,  "begin" : 3492,  "end" : 3493 }, 
        {"sofa" : 1,  "begin" : 3494,  "end" : 3500 }, 
        {"sofa" : 1,  "begin" : 3501,  "end" : 3506 }, 
        {"sofa" : 1,  "begin" : 3507,  "end" : 3509 }, 
        {"sofa" : 1,  "begin" : 3510,  "end" : 3514 }, 
        {"sofa" : 1,  "begin" : 3515,  "end" : 3518 }, 
        {"sofa" : 1,  "begin" : 3519,  "end" : 3532 }, 
        {"sofa" : 1,  "begin" : 3532,  "end" : 3533 }, 
        {"sofa" : 1,  "begin" : 3534,  "end" : 3539 }, 
        {"sofa" : 1,  "begin" : 3540,  "end" : 3543 }, 
        {"sofa" : 1,  "begin" : 3544,  "end" : 3550 }, 
        {"sofa" : 1,  "begin" : 3551,  "end" : 3555 }, 
        {"sofa" : 1,  "begin" : 3556,  "end" : 3558 }, 
        {"sofa" : 1,  "begin" : 3559,  "end" : 3562 }, 
        {"sofa" : 1,  "begin" : 3563,  "end" : 3569 }, 
        {"sofa" : 1,  "begin" : 3570,  "end" : 3574 }, 
        {"sofa" : 1,  "begin" : 3575,  "end" : 3576 }, 
        {"sofa" : 1,  "begin" : 3577,  "end" : 3583 }, 
        {"sofa" : 1,  "begin" : 3584,  "end" : 3586 }, 
        {"sofa" : 1,  "begin" : 3587,  "end" : 3593 }, 
        {"sofa" : 1,  "begin" : 3594,  "end" : 3599 }, 
        {"sofa" : 1,  "begin" : 3600,  "end" : 3604 }, 
        {"sofa" : 1,  "begin" : 3605,  "end" : 3608 }, 
        {"sofa" : 1,  "begin" : 3609,  "end" : 3614 }, 
        {"sofa" : 1,  "begin" : 3615,  "end" : 3617 }, 
        {"sofa" : 1,  "begin" : 3618,  "end" : 3623 }, 
        {"sofa" : 1,  "begin" : 3623,  "end" : 3624 }, 
        {"sofa" : 1,  "begin" : 3625,  "end" : 3627 }, 
        {"sofa" : 1,  "begin" : 3628,  "end" : 3634 }, 
        {"sofa" : 1,  "begin" : 3635,  "end" : 3636 }, 
        {"sofa" : 1,  "begin" : 3637,  "end" : 3646 }, 
        {"sofa" : 1,  "begin" : 3647,  "end" : 3651 }, 
        {"sofa" : 1,  "begin" : 3652,  "end" : 3653 }, 
        {"sofa" : 1,  "begin" : 3654,  "end" : 3657 }, 
        {"sofa" : 1,  "begin" : 3657,  "end" : 3658 }, 
        {"sofa" : 1,  "begin" : 3659,  "end" : 3666 }, 
        {"sofa" : 1,  "begin" : 3667,  "end" : 3670 }, 
        {"sofa" : 1,  "begin" : 3671,  "end" : 3676 }, 
        {"sofa" : 1,  "begin" : 3677,  "end" : 3679 }, 
        {"sofa" : 1,  "begin" : 3680,  "end" : 3683 }, 
        {"sofa" : 1,  "begin" : 3684,  "end" : 3691 }, 
        {"sofa" : 1,  "begin" : 3691,  "end" : 3692 }, 
        {"sofa" : 1,  "begin" : 3693,  "end" : 3696 }, 
        {"sofa" : 1,  "begin" : 3697,  "end" : 3701 }, 
        {"sofa" : 1,  "begin" : 3702,  "end" : 3705 }, 
        {"sofa" : 1,  "begin" : 3706,  "end" : 3710 }, 
        {"sofa" : 1,  "begin" : 3711,  "end" : 3713 }, 
        {"sofa" : 1,  "begin" : 3714,  "end" : 3721 }, 
        {"sofa" : 1,  "begin" : 3722,  "end" : 3725 }, 
        {"sofa" : 1,  "begin" : 3725,  "end" : 3726 }, 
        {"sofa" : 1,  "begin" : 3727,  "end" : 3730 }, 
        {"sofa" : 1,  "begin" : 3731,  "end" : 3736 }, 
        {"sofa" : 1,  "begin" : 3737,  "end" : 3743 }, 
        {"sofa" : 1,  "begin" : 3744,  "end" : 3750 }, 
        {"sofa" : 1,  "begin" : 3751,  "end" : 3759 }, 
        {"sofa" : 1,  "begin" : 3760,  "end" : 3772 }, 
        {"sofa" : 1,  "begin" : 3772,  "end" : 3773 }, 
        {"sofa" : 1,  "begin" : 3774,  "end" : 3778 }, 
        {"sofa" : 1,  "begin" : 3779,  "end" : 3783 }, 
        {"sofa" : 1,  "begin" : 3784,  "end" : 3790 }, 
        {"sofa" : 1,  "begin" : 3791,  "end" : 3796 }, 
        {"sofa" : 1,  "begin" : 3797,  "end" : 3798 }, 
        {"sofa" : 1,  "begin" : 3799,  "end" : 3805 }, 
        {"sofa" : 1,  "begin" : 3805,  "end" : 3806 }, 
        {"sofa" : 1,  "begin" : 3807,  "end" : 3810 }, 
        {"sofa" : 1,  "begin" : 3811,  "end" : 3821 }, 
        {"sofa" : 1,  "begin" : 3822,  "end" : 3827 }, 
        {"sofa" : 1,  "begin" : 3828,  "end" : 3831 }, 
        {"sofa" : 1,  "begin" : 3832,  "end" : 3838 }, 
        {"sofa" : 1,  "begin" : 3839,  "end" : 3843 }, 
        {"sofa" : 1,  "begin" : 3843,  "end" : 3844 }, 
        {"sofa" : 1,  "begin" : 3845,  "end" : 3848 }, 
        {"sofa" : 1,  "begin" : 3849,  "end" : 3852 }, 
        {"sofa" : 1,  "begin" : 3853,  "end" : 3857 }, 
        {"sofa" : 1,  "begin" : 3858,  "end" : 3873 }, 
        {"sofa" : 1,  "begin" : 3874,  "end" : 3876 }, 
        {"sofa" : 1,  "begin" : 3877,  "end" : 3880 }, 
        {"sofa" : 1,  "begin" : 3881,  "end" : 3886 }, 
        {"sofa" : 1,  "begin" : 3887,  "end" : 3890 }, 
        {"sofa" : 1,  "begin" : 3891,  "end" : 3894 }, 
        {"sofa" : 1,  "begin" : 3895,  "end" : 3902 }, 
        {"sofa" : 1,  "begin" : 3902,  "end" : 3903 }, 
        {"sofa" : 1,  "begin" : 3904,  "end" : 3906 }, 
        {"sofa" : 1,  "begin" : 3907,  "end" : 3910 }, 
        {"sofa" : 1,  "begin" : 3911,  "end" : 3917 }, 
        {"sofa" : 1,  "begin" : 3917,  "end" : 3918 }, 
        {"sofa" : 1,  "begin" : 3919,  "end" : 3924 }, 
        {"sofa" : 1,  "begin" : 3924,  "end" : 3925 }, 
        {"sofa" : 1,  "begin" : 3926,  "end" : 3939 }, 
        {"sofa" : 1,  "begin" : 3939,  "end" : 3940 }, 
        {"sofa" : 1,  "begin" : 3941,  "end" : 3944 }, 
        {"sofa" : 1,  "begin" : 3945,  "end" : 3954 }, 
        {"sofa" : 1,  "begin" : 3954,  "end" : 3955 }, 
        {"sofa" : 1,  "begin" : 3956,  "end" : 3958 }, 
        {"sofa" : 1,  "begin" : 3959,  "end" : 3962 }, 
        {"sofa" : 1,  "begin" : 3963,  "end" : 3966 }, 
        {"sofa" : 1,  "begin" : 3967,  "end" : 3974 }, 
        {"sofa" : 1,  "begin" : 3975,  "end" : 3977 }, 
        {"sofa" : 1,  "begin" : 3978,  "end" : 3979 }, 
        {"sofa" : 1,  "begin" : 3980,  "end" : 3993 }, 
        {"sofa" : 1,  "begin" : 3994,  "end" : 3996 }, 
        {"sofa" : 1,  "begin" : 3997,  "end" : 4000 }, 
        {"sofa" : 1,  "begin" : 4001,  "end" : 4002 }, 
        {"sofa" : 1,  "begin" : 4002,  "end" : 4011 }, 
        {"sofa" : 1,  "begin" : 4011,  "end" : 4012 }, 
        {"sofa" : 1,  "begin" : 4013,  "end" : 4016 }, 
        {"sofa" : 1,  "begin" : 4017,  "end" : 4022 }, 
        {"sofa" : 1,  "begin" : 4023,  "end" : 4025 }, 
        {"sofa" : 1,  "begin" : 4026,  "end" : 4028 }, 
        {"sofa" : 1,  "begin" : 4029,  "end" : 4032 }, 
        {"sofa" : 1,  "begin" : 4033,  "end" : 4040 }, 
        {"sofa" : 1,  "begin" : 4040,  "end" : 4041 }, 
        {"sofa" : 1,  "begin" : 4042,  "end" : 4045 }, 
        {"sofa" : 1,  "begin" : 4046,  "end" : 4050 }, 
        {"sofa" : 1,  "begin" : 4051,  "end" : 4054 }, 
        {"sofa" : 1,  "begin" : 4055,  "end" : 4058 }, 
        {"sofa" : 1,  "begin" : 4059,  "end" : 4068 }, 
        {"sofa" : 1,  "begin" : 4069,  "end" : 4078 }, 
        {"sofa" : 1,  "begin" : 4079,  "end" : 4081 }, 
        {"sofa" : 1,  "begin" : 4082,  "end" : 4083 }, 
        {"sofa" : 1,  "begin" : 4084,  "end" : 4090 }, 
        {"sofa" : 1,  "begin" : 4091,  "end" : 4093 }, 
        {"sofa" : 1,  "begin" : 4094,  "end" : 4095 }, 
        {"sofa" : 1,  "begin" : 4096,  "end" : 4100 }, 
        {"sofa" : 1,  "begin" : 4100,  "end" : 4101 }, 
        {"sofa" : 1,  "begin" : 4102,  "end" : 4105 }, 
        {"sofa" : 1,  "begin" : 4106,  "end" : 4108 }, 
        {"sofa" : 1,  "begin" : 4109,  "end" : 4112 }, 
        {"sofa" : 1,  "begin" : 4113,  "end" : 4118 }, 
        {"sofa" : 1,  "begin" : 4118,  "end" : 4119 }, 
        {"sofa" : 1,  "begin" : 4120,  "end" : 4122 }, 
        {"sofa" : 1,  "begin" : 4123,  "end" : 4126 }, 
        {"sofa" : 1,  "begin" : 4127,  "end" : 4136 }, 
        {"sofa" : 1,  "begin" : 4137,  "end" : 4141 }, 
        {"sofa" : 1,  "begin" : 4142,  "end" : 4151 }, 
        {"sofa" : 1,  "begin" : 4151,  "end" : 4152 } ] } }, 
  "_referenced_fss" : {
    "1" : {"_type" : "Sofa",  "sofaNum" : 1,  "sofaID" : "_InitialView",  "mimeType" : "text",  "sofaString" : "An assortment of passages about smell in theatres, 1820s-1910s.\r\nSource: Thomas Jefferson Hogg, Two Hundred and Nine Days; or, The Journal of a Traveller on the Continent (London: Hunt and Clarke, 1827), pp. 72-73\r\nText: [Saturday, 10 December 1825] I visited in the evening a theatre, named Teatro del Fondo; there was an opera and a ballet; the performance was good, the house commodious, and the price of admission moderate; but great was the smell of garlic. At a small theatre this was to be expected; for at the great theatre of S. Carlo, I had complained, that my place was too remote, and was brought much nearer the stage amongst a higher order of beings into a sort of fops-alley; but the fops smelt so strong of garlic, that it was difficult to live in the atmosphere of this more refined society. I had frequent examples of what I had heard before, that when the Italians are pleased with a performance, they hiss, to command silence and attention; the opera, and especially the ballet, were received this evening with much hissing, that is, they gave great satisfaction. At the end of the ballet, the audience called for the ballet-master; the curtain was drawn up immediately, and a melancholy man in a suit of black was led on the stage between Cupid and Psyche, in the midst of the smoke and flames with which the piece had concluded; to express, as I was told by a lady, who, perceiving that I was a stranger, kindly took much pains to make me understand the whole allegory, the glowing ardours of love; he was hailed with loud applauses, and retired bowing, with an air of modest confusion, that would have been becoming even to Psyche herself.\r\n\r\n\r\nSource: Charles Dickens, ‘Two Views of a Cheap Theatre’, All the Year Round, vol. 2, 25 February 1860, pp. 416-421. Reproduced in The Uncommercial Traveller (1861, 1868, 1875)\r\nText: My uncommercial curiosity induced me to go into every nook of this great place, and among every class of the audience assembled in it—amounting that evening, as I calculated, to about two thousand and odd hundreds. Magnificently lighted by a firmament of sparkling chandeliers, the building was ventilated to perfection. My sense of smell, without being particularly delicate, has been so offended in some of the commoner places of public resort, that I have often been obliged to leave them when I have made an uncommercial journey expressly to look on. The air of this Theatre was fresh, cool, and wholesome. To help towards this end, very sensible precautions had been used, ingeniously combining the experience of hospitals and railway stations. Asphalt pavements substituted for wooden floors, honest bare walls of glazed brick and tile—even at the back of the boxes—for plaster and paper, no benches stuffed, and no carpeting or baize used; a cool material with a light glazed surface, being the covering of the seats.\r\n\r\n\r\nSource: Arnold Bennett, ‘The Variétés’ in Paris Nights, and Other Impressions of Places and People (New York: George H. Doran, 1913), pp. 13-20\r\nText: They regarded our tickets with gestures of scorn, weariness, and cupidity. None knew better than they that these coloured scraps represented a large lovely gold coin, rare and yet plentiful, reassuring and yet transient, the price of coals, boots, nectar, and love. We came to a very narrow, low, foul, semi-circular tunnel which was occupied by hags and harpies with pink bows in their hair, and by marauding men, and by hats and cloaks and overcoats, and by a double odour of dirt and disinfectants. Along the convex side of the tunnel were a number of little doors like the doors of cells. We bought a programme from a man, yielded our wraps to two harpies, and were led away by another man. All these beings looked hungrily apprehensive, like dogs nosing along a gutter. The auditorium which was nearly full, had the same characteristics as the porch and the couloir. It was filthy, fetid, uncomfortable, and dangerous. It had the carpets of a lodging-house of the ‘seventies, the seats of an old omnibus, the gilt and the decorated sculpture of a circus at a fair. And it was dingy! It was encrusted with dinginess!\r\n" }, 
    "11544" : {"_type" : "Span",  "sofa" : 1,  "begin" : 32,  "end" : 37,  "label" : "Smell_Word" }, 
    "11549" : {"_type" : "Span",  "sofa" : 1,  "begin" : 38,  "end" : 49,  "label" : "Location" }, 
    "11561" : {"_type" : "Span",  "sofa" : 1,  "begin" : 51,  "end" : 62,  "label" : "Time" }, 
    "11573" : {"_type" : "Span",  "sofa" : 1,  "begin" : 446,  "end" : 451,  "label" : "Smell_Word" }, 
    "11578" : {"_type" : "Span",  "sofa" : 1,  "begin" : 452,  "end" : 461,  "label" : "Smell_Source" }, 
    "11590" : {"_type" : "Span",  "sofa" : 1,  "begin" : 432,  "end" : 437,  "label" : "Quality" }, 
    "11602" : {"_type" : "Span",  "sofa" : 1,  "begin" : 292,  "end" : 308,  "label" : "Location" }, 
    "11614" : {"_type" : "Span",  "sofa" : 1,  "begin" : 343,  "end" : 358,  "label" : "Circumstances" }, 
    "11743" : {"_type" : "Span",  "sofa" : 1,  "begin" : 704,  "end" : 709,  "label" : "Smell_Word" }, 
    "11748" : {"_type" : "Span",  "sofa" : 1,  "begin" : 695,  "end" : 703,  "label" : "Odour_Carrier" }, 
    "11753" : {"_type" : "Span",  "sofa" : 1,  "begin" : 710,  "end" : 719,  "label" : "Quality" }, 
    "11758" : {"_type" : "Span",  "sofa" : 1,  "begin" : 720,  "end" : 729,  "label" : "Smell_Source" }, 
    "11784" : {"_type" : "Span",  "sofa" : 1,  "begin" : 731,  "end" : 807,  "label" : "Effect" }, 
    "11803" : {"_type" : "Span",  "sofa" : 1,  "begin" : 2184,  "end" : 2189,  "label" : "Smell_Word" }, 
    "11808" : {"_type" : "Span",  "sofa" : 1,  "begin" : 2172,  "end" : 2174,  "label" : "Perceiver" }, 
    "11820" : {"_type" : "Span",  "sofa" : 1,  "begin" : 2249,  "end" : 2296,  "label" : "Location" }, 
    "11832" : {"_type" : "Span",  "sofa" : 1,  "begin" : 2298,  "end" : 2342,  "label" : "Effect" }, 
    "11626" : {"_type" : "Span",  "sofa" : 1,  "begin" : 2434,  "end" : 2439,  "label" : "Smell_Word" }, 
    "11631" : {"_type" : "Span",  "sofa" : 1,  "begin" : 2406,  "end" : 2413,  "label" : "Odour_Carrier" }, 
    "11643" : {"_type" : "Span",  "sofa" : 1,  "begin" : 2414,  "end" : 2429,  "label" : "Location" }, 
    "11738" : {"_type" : "Span",  "sofa" : 1,  "begin" : 2434,  "end" : 2439,  "label" : "Quality" }, 
    "11878" : {"_type" : "Span",  "sofa" : 1,  "begin" : 3329,  "end" : 3333,  "label" : "Smell_Word" }, 
    "11883" : {"_type" : "Span",  "sofa" : 1,  "begin" : 3335,  "end" : 3355,  "label" : "Smell_Source" }, 
    "11895" : {"_type" : "Span",  "sofa" : 1,  "begin" : 3298,  "end" : 3300,  "label" : "Perceiver" }, 
    "11926" : {"_type" : "Span",  "sofa" : 1,  "begin" : 3329,  "end" : 3333,  "label" : "Quality" }, 
    "11844" : {"_type" : "Span",  "sofa" : 1,  "begin" : 3501,  "end" : 3506,  "label" : "Smell_Word" }, 
    "11849" : {"_type" : "Span",  "sofa" : 1,  "begin" : 3494,  "end" : 3500,  "label" : "Quality" }, 
    "11861" : {"_type" : "Span",  "sofa" : 1,  "begin" : 3507,  "end" : 3532,  "label" : "Smell_Source" }, 
    "11938" : {"_type" : "Span",  "sofa" : 1,  "begin" : 3784,  "end" : 3790,  "label" : "Smell_Word" }, 
    "11943" : {"_type" : "Span",  "sofa" : 1,  "begin" : 3791,  "end" : 3805,  "label" : "Location" }, 
    "11955" : {"_type" : "Span",  "sofa" : 1,  "begin" : 3779,  "end" : 3783,  "label" : "Perceiver" }, 
    "11682" : {"_type" : "Span",  "sofa" : 1,  "begin" : 3904,  "end" : 3906,  "label" : "Smell_Source" }, 
    "11694" : {"_type" : "Span",  "sofa" : 1,  "begin" : 3807,  "end" : 3821,  "label" : "Smell_Source" }, 
    "11677" : {"_type" : "Span",  "sofa" : 1,  "begin" : 3919,  "end" : 3924,  "label" : "Smell_Word" }, 
    "11914" : {"_type" : "Span",  "sofa" : 1,  "begin" : 3919,  "end" : 3924,  "label" : "Quality" } } }