#FORMAT=WebAnno TSV 3.3


#Text=8 Tu autem, fili hominis, audi quæcumque loquor ad te, et noli esse exasperans, sicut domus exasperatrix est : aperi os tuum, et comede quæcumque ego do tibi.
#Text=9 Et vidi : et ecce manus missa ad me, in qua erat involutus liber : et expandit illum coram me, qui erat scriptus intus et foris : et scriptæ erant in eo lamentationes, et carmen, et væ.
1-1	2-3	8	
1-2	4-6	Tu	
1-3	7-12	autem	
1-4	12-13	,	
1-5	14-18	fili	
1-6	19-26	hominis	
1-7	26-27	,	
1-8	28-32	audi	
1-9	33-42	quæcumque	
1-10	43-49	loquor	
1-11	50-52	ad	
1-12	53-55	te	
1-13	55-56	,	
1-14	57-59	et	
1-15	60-64	noli	
1-16	65-69	esse	
1-17	70-80	exasperans	
1-18	80-81	,	
1-19	82-87	sicut	
1-20	88-93	domus	
1-21	94-106	exasperatrix	
1-22	107-110	est	
1-23	111-112	:	
1-24	113-118	aperi	
1-25	119-121	os	
1-26	122-126	tuum	
1-27	126-127	,	
1-28	128-130	et	
1-29	131-137	comede	
1-30	138-147	quæcumque	
1-31	148-151	ego	
1-32	152-154	do	
1-33	155-159	tibi	
1-34	159-160	.	
1-35	161-162	9	
1-36	163-165	Et	
1-37	166-170	vidi	
1-38	171-172	:	
1-39	173-175	et	
1-40	176-180	ecce	
1-41	181-186	manus	
1-42	187-192	missa	
1-43	193-195	ad	
1-44	196-198	me	
1-45	198-199	,	
1-46	200-202	in	
1-47	203-206	qua	
1-48	207-211	erat	
1-49	212-221	involutus	
1-50	222-227	liber	
1-51	228-229	:	
1-52	230-232	et	
1-53	233-241	expandit	
1-54	242-247	illum	
1-55	248-253	coram	
1-56	254-256	me	
1-57	256-257	,	
1-58	258-261	qui	
1-59	262-266	erat	
1-60	267-275	scriptus	
1-61	276-281	intus	
1-62	282-284	et	
1-63	285-290	foris	
1-64	291-292	:	
1-65	293-295	et	
1-66	296-303	scriptæ	
1-67	304-309	erant	
1-68	310-312	in	
1-69	313-315	eo	
1-70	316-329	lamentationes	
1-71	329-330	,	
1-72	331-333	et	
1-73	334-340	carmen	
1-74	340-341	,	
1-75	342-344	et	
1-76	345-347	væ	
1-77	347-348	.	

#Text=Caput 3
#Text=
#Text=
#Text=1 Et dixit ad me : Fili hominis, quodcumque inveneris, comede : comede volumen istud, et vadens loquere ad filios Israël.
#Text=2 Et aperui os meum, et cibavit me volumine illo : 3 et dixit ad me : Fili hominis, venter tuus comedet, et viscera tua complebuntur volumine isto quod ego do tibi.
2-1	349-354	Caput	
2-2	355-356	3	
2-3	359-360	1	
2-4	361-363	Et	
2-5	364-369	dixit	
2-6	370-372	ad	
2-7	373-375	me	
2-8	376-377	:	
2-9	378-382	Fili	
2-10	383-390	hominis	
2-11	390-391	,	
2-12	392-402	quodcumque	
2-13	403-412	inveneris	
2-14	412-413	,	
2-15	414-420	comede	
2-16	421-422	:	
2-17	423-429	comede	
2-18	430-437	volumen	
2-19	438-443	istud	
2-20	443-444	,	
2-21	445-447	et	
2-22	448-454	vadens	
2-23	455-462	loquere	
2-24	463-465	ad	
2-25	466-472	filios	
2-26	473-479	Israël	
2-27	479-480	.	
2-28	481-482	2	
2-29	483-485	Et	
2-30	486-492	aperui	
2-31	493-495	os	
2-32	496-500	meum	
2-33	500-501	,	
2-34	502-504	et	
2-35	505-512	cibavit	
2-36	513-515	me	
2-37	516-524	volumine	
2-38	525-529	illo	
2-39	530-531	:	
2-40	532-533	3	
2-41	534-536	et	
2-42	537-542	dixit	
2-43	543-545	ad	
2-44	546-548	me	
2-45	549-550	:	
2-46	551-555	Fili	
2-47	556-563	hominis	
2-48	563-564	,	
2-49	565-571	venter	
2-50	572-576	tuus	
2-51	577-584	comedet	
2-52	584-585	,	
2-53	586-588	et	
2-54	589-596	viscera	
2-55	597-600	tua	
2-56	601-613	complebuntur	
2-57	614-622	volumine	
2-58	623-627	isto	
2-59	628-632	quod	
2-60	633-636	ego	
2-61	637-639	do	
2-62	640-644	tibi	
2-63	644-645	.	

#Text=Et comedi illud, et factum est in ore meo sicut mel dulce.
#Text=4 Et dixit ad me : Fili hominis, vade ad domum Israël, et loqueris verba mea ad eos.
#Text=5 Non enim ad populum profundi sermonis et ignotæ linguæ tu mitteris ad domum Israël : 6 neque ad populos multos profundi sermonis et ignotæ linguæ, quorum non possis audire sermones : et si ad illos mittereris, ipsi audirent te : 7 domus autem Israël nolunt audire te, quia nolunt audire me : omnis quippe domus Israël attrita fronte est, et duro corde.
#Text=8 Ecce dedi faciem tuam valentiorem faciebus eorum, et frontem tuam duriorem frontibus eorum : 9 ut adamantem et ut silicem dedi faciem tuam : ne timeas eos, neque metuas a facie eorum, quia domus exasperans est.
#Text=10 Et dixit ad me : Fili hominis, omnes sermones meos quos ego loquor ad te, assume in corde tuo, et auribus tuis audi : 11 et vade, ingredere ad transmigrationem, ad filios populi tui, et loqueris ad eos : et dices eis : Hæc dicit Dominus Deus : si forte audiant et quiescant.
#Text=12 Et assumpsit me spiritus, et audivi post me vocem commotionis magnæ : Benedicta gloria Domini de loco suo : 13 et vocem alarum animalium percutientium alteram ad alteram, et vocem rotarum sequentium animalia, et vocem commotionis magnæ.
#Text=14 Spiritus quoque levavit me, et assumpsit me : et abii amarus in indignatione spiritus mei : manus enim Domini erat mecum, confortans me.
#Text=15 Et veni ad transmigrationem, ad acervum novarum frugum, ad eos qui habitabant juxta flumen Chobar : et sedi ubi illi sedebant, et mansi ibi septem diebus mœrens in medio eorum.
#Text=16 Cum autem pertransissent septem dies, factum est verbum Domini ad me, dicens : 17 Fili hominis, speculatorem dedi te domui Israël, et audies de ore meo verbum, et annuntiabis eis ex me.
#Text=18 Si, dicente me ad impium : Morte morieris, non annuntiaveris ei, neque locutus fueris ut avertatur a via sua impia et vivat, ipse impius in iniquitate sua morietur, sanguinem autem ejus de manu tua requiram.
#Text=19 Si autem tu annuntiaveris impio, et ille non fuerit conversus ab impietate sua et a via sua impia, ipse quidem in iniquitate sua morietur : tu autem animam tuam liberasti.
#Text=20 Sed et si conversus justus a justitia sua fuerit, et fecerit iniquitatem, ponam offendiculum coram eo : ipse morietur quia non annuntiasti ei.
3-1	646-648	Et	
3-2	649-655	comedi	
3-3	656-661	illud	
3-4	661-662	,	
3-5	663-665	et	
3-6	666-672	factum	
3-7	673-676	est	
3-8	677-679	in	
3-9	680-683	ore	
3-10	684-687	meo	
3-11	688-693	sicut	
3-12	694-697	mel	
3-13	698-703	dulce	
3-14	703-704	.	
3-15	705-706	4	
3-16	707-709	Et	
3-17	710-715	dixit	
3-18	716-718	ad	
3-19	719-721	me	
3-20	722-723	:	
3-21	724-728	Fili	
3-22	729-736	hominis	
3-23	736-737	,	
3-24	738-742	vade	
3-25	743-745	ad	
3-26	746-751	domum	
3-27	752-758	Israël	
3-28	758-759	,	
3-29	760-762	et	
3-30	763-771	loqueris	
3-31	772-777	verba	
3-32	778-781	mea	
3-33	782-784	ad	
3-34	785-788	eos	
3-35	788-789	.	
3-36	790-791	5	
3-37	792-795	Non	
3-38	796-800	enim	
3-39	801-803	ad	
3-40	804-811	populum	
3-41	812-820	profundi	
3-42	821-829	sermonis	
3-43	830-832	et	
3-44	833-839	ignotæ	
3-45	840-846	linguæ	
3-46	847-849	tu	
3-47	850-858	mitteris	
3-48	859-861	ad	
3-49	862-867	domum	
3-50	868-874	Israël	
3-51	875-876	:	
3-52	877-878	6	
3-53	879-884	neque	
3-54	885-887	ad	
3-55	888-895	populos	
3-56	896-902	multos	
3-57	903-911	profundi	
3-58	912-920	sermonis	
3-59	921-923	et	
3-60	924-930	ignotæ	
3-61	931-937	linguæ	
3-62	937-938	,	
3-63	939-945	quorum	
3-64	946-949	non	
3-65	950-956	possis	
3-66	957-963	audire	
3-67	964-972	sermones	
3-68	973-974	:	
3-69	975-977	et	
3-70	978-980	si	
3-71	981-983	ad	
3-72	984-989	illos	
3-73	990-1000	mittereris	
3-74	1000-1001	,	
3-75	1002-1006	ipsi	
3-76	1007-1015	audirent	
3-77	1016-1018	te	
3-78	1019-1020	:	
3-79	1021-1022	7	
3-80	1023-1028	domus	
3-81	1029-1034	autem	
3-82	1035-1041	Israël	
3-83	1042-1048	nolunt	
3-84	1049-1055	audire	
3-85	1056-1058	te	
3-86	1058-1059	,	
3-87	1060-1064	quia	
3-88	1065-1071	nolunt	
3-89	1072-1078	audire	
3-90	1079-1081	me	
3-91	1082-1083	:	
3-92	1084-1089	omnis	
3-93	1090-1096	quippe	
3-94	1097-1102	domus	
3-95	1103-1109	Israël	
3-96	1110-1117	attrita	
3-97	1118-1124	fronte	
3-98	1125-1128	est	
3-99	1128-1129	,	
3-100	1130-1132	et	
3-101	1133-1137	duro	
3-102	1138-1143	corde	
3-103	1143-1144	.	
3-104	1145-1146	8	
3-105	1147-1151	Ecce	
3-106	1152-1156	dedi	
3-107	1157-1163	faciem	
3-108	1164-1168	tuam	
3-109	1169-1180	valentiorem	
3-110	1181-1189	faciebus	
3-111	1190-1195	eorum	
3-112	1195-1196	,	
3-113	1197-1199	et	
3-114	1200-1207	frontem	
3-115	1208-1212	tuam	
3-116	1213-1221	duriorem	
3-117	1222-1231	frontibus	
3-118	1232-1237	eorum	
3-119	1238-1239	:	
3-120	1240-1241	9	
3-121	1242-1244	ut	
3-122	1245-1254	adamantem	
3-123	1255-1257	et	
3-124	1258-1260	ut	
3-125	1261-1268	silicem	
3-126	1269-1273	dedi	
3-127	1274-1280	faciem	
3-128	1281-1285	tuam	
3-129	1286-1287	:	
3-130	1288-1290	ne	
3-131	1291-1297	timeas	
3-132	1298-1301	eos	
3-133	1301-1302	,	
3-134	1303-1308	neque	
3-135	1309-1315	metuas	
3-136	1316-1317	a	
3-137	1318-1323	facie	
3-138	1324-1329	eorum	
3-139	1329-1330	,	
3-140	1331-1335	quia	
3-141	1336-1341	domus	
3-142	1342-1352	exasperans	
3-143	1353-1356	est	
3-144	1356-1357	.	
3-145	1358-1360	10	
3-146	1361-1363	Et	
3-147	1364-1369	dixit	
3-148	1370-1372	ad	
3-149	1373-1375	me	
3-150	1376-1377	:	
3-151	1378-1382	Fili	
3-152	1383-1390	hominis	
3-153	1390-1391	,	
3-154	1392-1397	omnes	
3-155	1398-1406	sermones	
3-156	1407-1411	meos	
3-157	1412-1416	quos	
3-158	1417-1420	ego	
3-159	1421-1427	loquor	
3-160	1428-1430	ad	
3-161	1431-1433	te	
3-162	1433-1434	,	
3-163	1435-1441	assume	
3-164	1442-1444	in	
3-165	1445-1450	corde	
3-166	1451-1454	tuo	
3-167	1454-1455	,	
3-168	1456-1458	et	
3-169	1459-1466	auribus	
3-170	1467-1471	tuis	
3-171	1472-1476	audi	
3-172	1477-1478	:	
3-173	1479-1481	11	
3-174	1482-1484	et	
3-175	1485-1489	vade	
3-176	1489-1490	,	
3-177	1491-1500	ingredere	
3-178	1501-1503	ad	
3-179	1504-1520	transmigrationem	
3-180	1520-1521	,	
3-181	1522-1524	ad	
3-182	1525-1531	filios	
3-183	1532-1538	populi	
3-184	1539-1542	tui	
3-185	1542-1543	,	
3-186	1544-1546	et	
3-187	1547-1555	loqueris	
3-188	1556-1558	ad	
3-189	1559-1562	eos	
3-190	1563-1564	:	
3-191	1565-1567	et	
3-192	1568-1573	dices	
3-193	1574-1577	eis	
3-194	1578-1579	:	
3-195	1580-1583	Hæc	
3-196	1584-1589	dicit	
3-197	1590-1597	Dominus	
3-198	1598-1602	Deus	
3-199	1603-1604	:	
3-200	1605-1607	si	
3-201	1608-1613	forte	
3-202	1614-1621	audiant	
3-203	1622-1624	et	
3-204	1625-1634	quiescant	
3-205	1634-1635	.	
3-206	1636-1638	12	
3-207	1639-1641	Et	
3-208	1642-1651	assumpsit	
3-209	1652-1654	me	
3-210	1655-1663	spiritus	
3-211	1663-1664	,	
3-212	1665-1667	et	
3-213	1668-1674	audivi	
3-214	1675-1679	post	
3-215	1680-1682	me	
3-216	1683-1688	vocem	
3-217	1689-1700	commotionis	
3-218	1701-1706	magnæ	
3-219	1707-1708	:	
3-220	1709-1718	Benedicta	
3-221	1719-1725	gloria	
3-222	1726-1732	Domini	
3-223	1733-1735	de	
3-224	1736-1740	loco	
3-225	1741-1744	suo	
3-226	1745-1746	:	
3-227	1747-1749	13	
3-228	1750-1752	et	
3-229	1753-1758	vocem	
3-230	1759-1765	alarum	
3-231	1766-1775	animalium	
3-232	1776-1789	percutientium	
3-233	1790-1797	alteram	
3-234	1798-1800	ad	
3-235	1801-1808	alteram	
3-236	1808-1809	,	
3-237	1810-1812	et	
3-238	1813-1818	vocem	
3-239	1819-1826	rotarum	
3-240	1827-1837	sequentium	
3-241	1838-1846	animalia	
3-242	1846-1847	,	
3-243	1848-1850	et	
3-244	1851-1856	vocem	
3-245	1857-1868	commotionis	
3-246	1869-1874	magnæ	
3-247	1874-1875	.	
3-248	1876-1878	14	
3-249	1879-1887	Spiritus	
3-250	1888-1894	quoque	
3-251	1895-1902	levavit	
3-252	1903-1905	me	
3-253	1905-1906	,	
3-254	1907-1909	et	
3-255	1910-1919	assumpsit	
3-256	1920-1922	me	
3-257	1923-1924	:	
3-258	1925-1927	et	
3-259	1928-1932	abii	
3-260	1933-1939	amarus	
3-261	1940-1942	in	
3-262	1943-1955	indignatione	
3-263	1956-1964	spiritus	
3-264	1965-1968	mei	
3-265	1969-1970	:	
3-266	1971-1976	manus	
3-267	1977-1981	enim	
3-268	1982-1988	Domini	
3-269	1989-1993	erat	
3-270	1994-1999	mecum	
3-271	1999-2000	,	
3-272	2001-2011	confortans	
3-273	2012-2014	me	
3-274	2014-2015	.	
3-275	2016-2018	15	
3-276	2019-2021	Et	
3-277	2022-2026	veni	
3-278	2027-2029	ad	
3-279	2030-2046	transmigrationem	
3-280	2046-2047	,	
3-281	2048-2050	ad	
3-282	2051-2058	acervum	
3-283	2059-2066	novarum	
3-284	2067-2073	frugum	
3-285	2073-2074	,	
3-286	2075-2077	ad	
3-287	2078-2081	eos	
3-288	2082-2085	qui	
3-289	2086-2096	habitabant	
3-290	2097-2102	juxta	
3-291	2103-2109	flumen	
3-292	2110-2116	Chobar	
3-293	2117-2118	:	
3-294	2119-2121	et	
3-295	2122-2126	sedi	
3-296	2127-2130	ubi	
3-297	2131-2135	illi	
3-298	2136-2144	sedebant	
3-299	2144-2145	,	
3-300	2146-2148	et	
3-301	2149-2154	mansi	
3-302	2155-2158	ibi	
3-303	2159-2165	septem	
3-304	2166-2172	diebus	
3-305	2173-2179	mœrens	
3-306	2180-2182	in	
3-307	2183-2188	medio	
3-308	2189-2194	eorum	
3-309	2194-2195	.	
3-310	2196-2198	16	
3-311	2199-2202	Cum	
3-312	2203-2208	autem	
3-313	2209-2223	pertransissent	
3-314	2224-2230	septem	
3-315	2231-2235	dies	
3-316	2235-2236	,	
3-317	2237-2243	factum	
3-318	2244-2247	est	
3-319	2248-2254	verbum	
3-320	2255-2261	Domini	
3-321	2262-2264	ad	
3-322	2265-2267	me	
3-323	2267-2268	,	
3-324	2269-2275	dicens	
3-325	2276-2277	:	
3-326	2278-2280	17	
3-327	2281-2285	Fili	
3-328	2286-2293	hominis	
3-329	2293-2294	,	
3-330	2295-2307	speculatorem	
3-331	2308-2312	dedi	
3-332	2313-2315	te	
3-333	2316-2321	domui	
3-334	2322-2328	Israël	
3-335	2328-2329	,	
3-336	2330-2332	et	
3-337	2333-2339	audies	
3-338	2340-2342	de	
3-339	2343-2346	ore	
3-340	2347-2350	meo	
3-341	2351-2357	verbum	
3-342	2357-2358	,	
3-343	2359-2361	et	
3-344	2362-2373	annuntiabis	
3-345	2374-2377	eis	
3-346	2378-2380	ex	
3-347	2381-2383	me	
3-348	2383-2384	.	
3-349	2385-2387	18	
3-350	2388-2390	Si	
3-351	2390-2391	,	
3-352	2392-2399	dicente	
3-353	2400-2402	me	
3-354	2403-2405	ad	
3-355	2406-2412	impium	
3-356	2413-2414	:	
3-357	2415-2420	Morte	
3-358	2421-2429	morieris	
3-359	2429-2430	,	
3-360	2431-2434	non	
3-361	2435-2448	annuntiaveris	
3-362	2449-2451	ei	
3-363	2451-2452	,	
3-364	2453-2458	neque	
3-365	2459-2466	locutus	
3-366	2467-2473	fueris	
3-367	2474-2476	ut	
3-368	2477-2486	avertatur	
3-369	2487-2488	a	
3-370	2489-2492	via	
3-371	2493-2496	sua	
3-372	2497-2502	impia	
3-373	2503-2505	et	
3-374	2506-2511	vivat	
3-375	2511-2512	,	
3-376	2513-2517	ipse	
3-377	2518-2524	impius	
3-378	2525-2527	in	
3-379	2528-2538	iniquitate	
3-380	2539-2542	sua	
3-381	2543-2551	morietur	
3-382	2551-2552	,	
3-383	2553-2562	sanguinem	
3-384	2563-2568	autem	
3-385	2569-2573	ejus	
3-386	2574-2576	de	
3-387	2577-2581	manu	
3-388	2582-2585	tua	
3-389	2586-2594	requiram	
3-390	2594-2595	.	
3-391	2596-2598	19	
3-392	2599-2601	Si	
3-393	2602-2607	autem	
3-394	2608-2610	tu	
3-395	2611-2624	annuntiaveris	
3-396	2625-2630	impio	
3-397	2630-2631	,	
3-398	2632-2634	et	
3-399	2635-2639	ille	
3-400	2640-2643	non	
3-401	2644-2650	fuerit	
3-402	2651-2660	conversus	
3-403	2661-2663	ab	
3-404	2664-2673	impietate	
3-405	2674-2677	sua	
3-406	2678-2680	et	
3-407	2681-2682	a	
3-408	2683-2686	via	
3-409	2687-2690	sua	
3-410	2691-2696	impia	
3-411	2696-2697	,	
3-412	2698-2702	ipse	
3-413	2703-2709	quidem	
3-414	2710-2712	in	
3-415	2713-2723	iniquitate	
3-416	2724-2727	sua	
3-417	2728-2736	morietur	
3-418	2737-2738	:	
3-419	2739-2741	tu	
3-420	2742-2747	autem	
3-421	2748-2754	animam	
3-422	2755-2759	tuam	
3-423	2760-2769	liberasti	
3-424	2769-2770	.	
3-425	2771-2773	20	
3-426	2774-2777	Sed	
3-427	2778-2780	et	
3-428	2781-2783	si	
3-429	2784-2793	conversus	
3-430	2794-2800	justus	
3-431	2801-2802	a	
3-432	2803-2811	justitia	
3-433	2812-2815	sua	
3-434	2816-2822	fuerit	
3-435	2822-2823	,	
3-436	2824-2826	et	
3-437	2827-2834	fecerit	
3-438	2835-2846	iniquitatem	
3-439	2846-2847	,	
3-440	2848-2853	ponam	
3-441	2854-2866	offendiculum	
3-442	2867-2872	coram	
3-443	2873-2875	eo	
3-444	2876-2877	:	
3-445	2878-2882	ipse	
3-446	2883-2891	morietur	
3-447	2892-2896	quia	
3-448	2897-2900	non	
3-449	2901-2912	annuntiasti	
3-450	2913-2915	ei	
3-451	2915-2916	.	

#Text=In peccato suo morietur, et non erunt in memoria justitiæ ejus quas fecit : sanguinem vero ejus de manu tua requiram.
#Text=21 Si autem tu annuntiaveris justo ut non peccet justus, et ille non peccaverit, vivens vivet, quia annuntiasti ei, et tu animam tuam liberasti.
#Text=22 Et facta est super me manus Domini, et dixit ad me : Surgens egredere in campum, et ibi loquar tecum.
#Text=23 Et surgens egressus sum in campum : et ecce ibi gloria Domini stabat, quasi gloria quam vidi juxta fluvium Chobar : et cecidi in faciem meam.
4-1	2917-2919	In	
4-2	2920-2927	peccato	
4-3	2928-2931	suo	
4-4	2932-2940	morietur	
4-5	2940-2941	,	
4-6	2942-2944	et	
4-7	2945-2948	non	
4-8	2949-2954	erunt	
4-9	2955-2957	in	
4-10	2958-2965	memoria	
4-11	2966-2974	justitiæ	
4-12	2975-2979	ejus	
4-13	2980-2984	quas	
4-14	2985-2990	fecit	
4-15	2991-2992	:	
4-16	2993-3002	sanguinem	
4-17	3003-3007	vero	
4-18	3008-3012	ejus	
4-19	3013-3015	de	
4-20	3016-3020	manu	
4-21	3021-3024	tua	
4-22	3025-3033	requiram	
4-23	3033-3034	.	
4-24	3035-3037	21	
4-25	3038-3040	Si	
4-26	3041-3046	autem	
4-27	3047-3049	tu	
4-28	3050-3063	annuntiaveris	
4-29	3064-3069	justo	
4-30	3070-3072	ut	
4-31	3073-3076	non	
4-32	3077-3083	peccet	
4-33	3084-3090	justus	
4-34	3090-3091	,	
4-35	3092-3094	et	
4-36	3095-3099	ille	
4-37	3100-3103	non	
4-38	3104-3114	peccaverit	
4-39	3114-3115	,	
4-40	3116-3122	vivens	
4-41	3123-3128	vivet	
4-42	3128-3129	,	
4-43	3130-3134	quia	
4-44	3135-3146	annuntiasti	
4-45	3147-3149	ei	
4-46	3149-3150	,	
4-47	3151-3153	et	
4-48	3154-3156	tu	
4-49	3157-3163	animam	
4-50	3164-3168	tuam	
4-51	3169-3178	liberasti	
4-52	3178-3179	.	
4-53	3180-3182	22	
4-54	3183-3185	Et	
4-55	3186-3191	facta	
4-56	3192-3195	est	
4-57	3196-3201	super	
4-58	3202-3204	me	
4-59	3205-3210	manus	
4-60	3211-3217	Domini	
4-61	3217-3218	,	
4-62	3219-3221	et	
4-63	3222-3227	dixit	
4-64	3228-3230	ad	
4-65	3231-3233	me	
4-66	3234-3235	:	
4-67	3236-3243	Surgens	
4-68	3244-3252	egredere	
4-69	3253-3255	in	
4-70	3256-3262	campum	
4-71	3262-3263	,	
4-72	3264-3266	et	
4-73	3267-3270	ibi	
4-74	3271-3277	loquar	
4-75	3278-3283	tecum	
4-76	3283-3284	.	
4-77	3285-3287	23	
4-78	3288-3290	Et	
4-79	3291-3298	surgens	
4-80	3299-3307	egressus	
4-81	3308-3311	sum	
4-82	3312-3314	in	
4-83	3315-3321	campum	
4-84	3322-3323	:	
4-85	3324-3326	et	
4-86	3327-3331	ecce	
4-87	3332-3335	ibi	
4-88	3336-3342	gloria	
4-89	3343-3349	Domini	
4-90	3350-3356	stabat	
4-91	3356-3357	,	
4-92	3358-3363	quasi	
4-93	3364-3370	gloria	
4-94	3371-3375	quam	
4-95	3376-3380	vidi	
4-96	3381-3386	juxta	
4-97	3387-3394	fluvium	
4-98	3395-3401	Chobar	
4-99	3402-3403	:	
4-100	3404-3406	et	
4-101	3407-3413	cecidi	
4-102	3414-3416	in	
4-103	3417-3423	faciem	
4-104	3424-3428	meam	
4-105	3428-3429	.	
