#FORMAT=WebAnno TSV 3.3


#Text=Dieſes
#Text=Auseinanderreißen der
#Text=Thonmaſſe und deren Zerfallen entſteht von der Ausdehnung, welche das Waſſer beim
#Text=Gefrieren erleidet.
1-1	2-8	Dieſes	
1-2	9-26	Auseinanderreißen	
1-3	27-30	der	
1-4	31-40	Thonmaſſe	
1-5	41-44	und	
1-6	45-50	deren	
1-7	51-60	Zerfallen	
1-8	61-69	entſteht	
1-9	70-73	von	
1-10	74-77	der	
1-11	78-88	Ausdehnung	
1-12	88-89	,	
1-13	90-96	welche	
1-14	97-100	das	
1-15	101-107	Waſſer	
1-16	108-112	beim	
1-17	113-122	Gefrieren	
1-18	123-131	erleidet	
1-19	131-132	.	

#Text=Die Eiskryſtallen oder Nadeln treiben die Thonpartikeln ausein-
#Text=ander.
2-1	133-136	Die	
2-2	137-150	Eiskryſtallen	
2-3	151-155	oder	
2-4	156-162	Nadeln	
2-5	163-170	treiben	
2-6	171-174	die	
2-7	175-188	Thonpartikeln	
2-8	189-195	ausein	
2-9	195-196	-	
2-10	197-202	ander	
2-11	202-203	.	

#Text=Man laͤßt daher auch den Thon, wenn man ihn zur Verbeſſerung des Bo-
#Text=dens gebrauchen will, durch Huͤlfe des Froſtes zerfallen, und bereitet ihn dadurch zu
#Text=einer beſſern Vereinigung mit der Ackerkrume.
3-1	204-207	Man	
3-2	208-213	laͤßt	
3-3	214-219	daher	
3-4	220-224	auch	
3-5	225-228	den	
3-6	229-233	Thon	
3-7	233-234	,	
3-8	235-239	wenn	
3-9	240-243	man	
3-10	244-247	ihn	
3-11	248-251	zur	
3-12	252-264	Verbeſſerung	
3-13	265-268	des	
3-14	269-271	Bo	
3-15	271-272	-	
3-16	273-277	dens	
3-17	278-288	gebrauchen	
3-18	289-293	will	
3-19	293-294	,	
3-20	295-300	durch	
3-21	301-307	Huͤlfe	
3-22	308-311	des	
3-23	312-319	Froſtes	
3-24	320-329	zerfallen	
3-25	329-330	,	
3-26	331-334	und	
3-27	335-343	bereitet	
3-28	344-347	ihn	
3-29	348-355	dadurch	
3-30	356-358	zu	
3-31	359-364	einer	
3-32	365-372	beſſern	
3-33	373-384	Vereinigung	
3-34	385-388	mit	
3-35	389-392	der	
3-36	393-403	Ackerkrume	
3-37	403-404	.	

#Text=Verhalten im
#Text=Froſte
4-1	408-417	Verhalten	
4-2	418-420	im	
4-3	421-427	Froſte	

#Text=.
5-1	427-428	.	

#Text=§.
#Text=42.
6-1	430-431	§	
6-2	431-432	.	
6-3	433-435	42	
6-4	435-436	.	

#Text=Selbſt in der Waͤrme laͤßt der angefeuchtete Thon das Waſſer ſchwer fahren, um
#Text=ſo ſchwerer, je fetter er iſt.
7-1	438-444	Selbſt	
7-2	445-447	in	
7-3	448-451	der	
7-4	452-458	Waͤrme	
7-5	459-464	laͤßt	
7-6	465-468	der	
7-7	469-482	angefeuchtete	
7-8	483-487	Thon	
7-9	488-491	das	
7-10	492-498	Waſſer	
7-11	499-505	ſchwer	
7-12	506-512	fahren	
7-13	512-513	,	
7-14	514-516	um	
7-15	517-519	ſo	
7-16	520-528	ſchwerer	
7-17	528-529	,	
7-18	530-532	je	
7-19	533-539	fetter	
7-20	540-542	er	
7-21	543-546	iſt	
7-22	546-547	.	

#Text=Er haͤlt es ſtaͤrker zuruͤck, wie alle anderen Erdarten.
8-1	548-550	Er	
8-2	551-556	haͤlt	
8-3	557-559	es	
8-4	560-568	ſtaͤrker	
8-5	569-576	zuruͤck	
8-6	576-577	,	
8-7	578-581	wie	
8-8	582-586	alle	
8-9	587-594	anderen	
8-10	595-603	Erdarten	
8-11	603-604	.	

#Text=Wenn das Waſſer aus ihm verdampft, ſo wird er mehr oder weniger hart;
#Text=der fette
#Text=Thon mehr, der magere minder.
9-1	606-610	Wenn	
9-2	611-614	das	
9-3	615-621	Waſſer	
9-4	622-625	aus	
9-5	626-629	ihm	
9-6	630-639	verdampft	
9-7	639-640	,	
9-8	641-643	ſo	
9-9	644-648	wird	
9-10	649-651	er	
9-11	652-656	mehr	
9-12	657-661	oder	
9-13	662-669	weniger	
9-14	670-674	hart	
9-15	674-675	;	
9-16	676-679	der	
9-17	680-685	fette	
9-18	686-690	Thon	
9-19	691-695	mehr	
9-20	695-696	,	
9-21	697-700	der	
9-22	701-707	magere	
9-23	708-714	minder	
9-24	714-715	.	

#Text=Setzt man den feuchten Thon einer ſtarken Hitze
#Text=aus, ſo zerſpringt er oft in Stuͤcke.
10-1	716-721	Setzt	
10-2	722-725	man	
10-3	726-729	den	
10-4	730-738	feuchten	
10-5	739-743	Thon	
10-6	744-749	einer	
10-7	750-757	ſtarken	
10-8	758-763	Hitze	
10-9	764-767	aus	
10-10	767-768	,	
10-11	769-771	ſo	
10-12	772-782	zerſpringt	
10-13	783-785	er	
10-14	786-789	oft	
10-15	790-792	in	
10-16	793-800	Stuͤcke	
10-17	800-801	.	

#Text=Die elaſtiſchen Daͤmpfe ſchaffen ſich naͤmlich
#Text=ei-
#Text=
#Text=nen Ausweg,
#Text=und zerreißen daher die Maſſe.
11-1	802-805	Die	
11-2	806-817	elaſtiſchen	
11-3	818-825	Daͤmpfe	
11-4	826-834	ſchaffen	
11-5	835-839	ſich	
11-6	840-848	naͤmlich	
11-7	849-851	ei	
11-8	851-852	-	
11-9	854-857	nen	
11-10	858-864	Ausweg	
11-11	864-865	,	
11-12	866-869	und	
11-13	870-879	zerreißen	
11-14	880-885	daher	
11-15	886-889	die	
11-16	890-895	Maſſe	
11-17	895-896	.	

#Text=Deswegen iſt es bei der Ziegelbren-
#Text=nerei durchaus nothwendig, die geſtrichenen Ziegel erſt lufttrocken werden zu laſſen,
#Text=und ſie dann im Ofen eine Zeitlang erſt maͤßig zu erwaͤrmen.
12-1	897-905	Deswegen	
12-2	906-909	iſt	
12-3	910-912	es	
12-4	913-916	bei	
12-5	917-920	der	
12-6	921-931	Ziegelbren	
12-7	931-932	-	
12-8	933-938	nerei	
12-9	939-947	durchaus	
12-10	948-958	nothwendig	
12-11	958-959	,	
12-12	960-963	die	
12-13	964-976	geſtrichenen	
12-14	977-983	Ziegel	
12-15	984-988	erſt	
12-16	989-1000	lufttrocken	
12-17	1001-1007	werden	
12-18	1008-1010	zu	
12-19	1011-1017	laſſen	
12-20	1017-1018	,	
12-21	1019-1022	und	
12-22	1023-1026	ſie	
12-23	1027-1031	dann	
12-24	1032-1034	im	
12-25	1035-1039	Ofen	
12-26	1040-1044	eine	
12-27	1045-1053	Zeitlang	
12-28	1054-1058	erſt	
12-29	1059-1065	maͤßig	
12-30	1066-1068	zu	
12-31	1069-1078	erwaͤrmen	
12-32	1078-1079	.	

#Text=In der Hitze
13-1	1083-1085	In	
13-2	1086-1089	der	
13-3	1090-1095	Hitze	
