#FORMAT=WebAnno TSV 3.3


#Text=Jaargang 1862
#Text=
#Text=genre
#Text=: non-fictie, periodieken, tijdschriften, jaarboeken, letterkunde (secundair)
#Text=
#Text=collectie
#Text=: DBNL 
#Text=aantal hits: 25
#Text=
#Text=
#Text=
#Text=IV.
1-1	2-10	Jaargang	
1-2	11-15	1862	
1-3	17-22	genre	
1-4	23-24	:	
1-5	25-35	non-fictie	
1-6	35-36	,	
1-7	37-48	periodieken	
1-8	48-49	,	
1-9	50-63	tijdschriften	
1-10	63-64	,	
1-11	65-75	jaarboeken	
1-12	75-76	,	
1-13	77-88	letterkunde	
1-14	89-90	(	
1-15	90-99	secundair	
1-16	99-100	)	
1-17	102-111	collectie	
1-18	112-113	:	
1-19	114-118	DBNL	
1-20	120-126	aantal	
1-21	127-131	hits	
1-22	131-132	:	
1-23	133-135	25	
1-24	139-141	IV	
1-25	141-142	.	

#Text=Het werktuig van den reuk.
2-1	143-146	Het	
2-2	147-155	werktuig	
2-3	156-159	van	
2-4	160-163	den	
2-5	164-168	reuk	
2-6	168-169	.	

#Text=De vereischten, onder welke de mensch zijn neus bezigen en aangename of onaangename gewaarwordingen van den reuk door denzelven ontvangen kan, zijn zeer gemakkelijk te verklaren.
3-1	173-175	De	
3-2	176-187	vereischten	
3-3	187-188	,	
3-4	189-194	onder	
3-5	195-200	welke	
3-6	201-203	de	
3-7	204-210	mensch	
3-8	211-215	zijn	
3-9	216-220	neus	
3-10	221-228	bezigen	
3-11	229-231	en	
3-12	232-241	aangename	
3-13	242-244	of	
3-14	245-256	onaangename	
3-15	257-272	gewaarwordingen	
3-16	273-276	van	
3-17	277-280	den	
3-18	281-285	reuk	
3-19	286-290	door	
3-20	291-300	denzelven	
3-21	301-310	ontvangen	
3-22	311-314	kan	
3-23	314-315	,	
3-24	316-320	zijn	
3-25	321-325	zeer	
3-26	326-337	gemakkelijk	
3-27	338-340	te	
3-28	341-350	verklaren	
3-29	350-351	.	

#Text=De nabijheid der riekende stof alleen brengt zulks niet te weeg.
4-1	352-354	De	
4-2	355-364	nabijheid	
4-3	365-368	der	
4-4	369-377	riekende	
4-5	378-382	stof	
4-6	383-389	alleen	
4-7	390-396	brengt	
4-8	397-402	zulks	
4-9	403-407	niet	
4-10	408-410	te	
4-11	411-415	weeg	
4-12	415-416	.	

#Text=De zeer fijne uitvloeiselen der riekende ligchamen of deze ligchamen zelve moeten, wanneer zij luchtof gasyormig zijn, met den ademstroom door den neus opgehaald wordne;
#Text=want zoodra men den adem inhoudt, blijft men ook voor den sterksten reuk ongevoelig.
5-1	417-419	De	
5-2	420-424	zeer	
5-3	425-430	fijne	
5-4	431-444	uitvloeiselen	
5-5	445-448	der	
5-6	449-457	riekende	
5-7	458-467	ligchamen	
5-8	468-470	of	
5-9	471-475	deze	
5-10	476-485	ligchamen	
5-11	486-491	zelve	
5-12	492-498	moeten	
5-13	498-499	,	
5-14	500-507	wanneer	
5-15	508-511	zij	
5-16	512-519	luchtof	
5-17	520-529	gasyormig	
5-18	530-534	zijn	
5-19	534-535	,	
5-20	536-539	met	
5-21	540-543	den	
5-22	544-554	ademstroom	
5-23	555-559	door	
5-24	560-563	den	
5-25	564-568	neus	
5-26	569-578	opgehaald	
5-27	579-585	wordne	
5-28	585-586	;	
5-29	587-591	want	
5-30	592-598	zoodra	
5-31	599-602	men	
5-32	603-606	den	
5-33	607-611	adem	
5-34	612-619	inhoudt	
5-35	619-620	,	
5-36	621-627	blijft	
5-37	628-631	men	
5-38	632-635	ook	
5-39	636-640	voor	
5-40	641-644	den	
5-41	645-654	sterksten	
5-42	655-659	reuk	
5-43	660-670	ongevoelig	
5-44	670-671	.	

#Text=Men kan, loodregt op den rug liggende en met achterover gebogen hoofd den in die houding van achteren gesloten neus met sterk riekende vloeistoffen vullen, zonder nogtans de minste gewaarwording van reuk te bespeuren.
6-1	672-675	Men	
6-2	676-679	kan	
6-3	679-680	,	
6-4	681-689	loodregt	
6-5	690-692	op	
6-6	693-696	den	
6-7	697-700	rug	
6-8	701-709	liggende	
6-9	710-712	en	
6-10	713-716	met	
6-11	717-727	achterover	
6-12	728-735	gebogen	
6-13	736-741	hoofd	
6-14	742-745	den	
6-15	746-748	in	
6-16	749-752	die	
6-17	753-760	houding	
6-18	761-764	van	
6-19	765-773	achteren	
6-20	774-782	gesloten	
6-21	783-787	neus	
6-22	788-791	met	
6-23	792-797	sterk	
6-24	798-806	riekende	
6-25	807-819	vloeistoffen	
6-26	820-826	vullen	
6-27	826-827	,	
6-28	828-834	zonder	
6-29	835-842	nogtans	
6-30	843-845	de	
6-31	846-852	minste	
6-32	853-866	gewaarwording	
6-33	867-870	van	
6-34	871-875	reuk	
6-35	876-878	te	
6-36	879-888	bespeuren	
6-37	888-889	.	

#Text=De algemeene ervaring leert verder, dat de neus door het snuiven zeer benadeeld wordt in zijne reukdiensten, gelijk zulks bij ziekte van eenig orgaan ook niet anders te verwachten is.
7-1	890-892	De	
7-2	893-902	algemeene	
7-3	903-911	ervaring	
7-4	912-917	leert	
7-5	918-924	verder	
7-6	924-925	,	
7-7	926-929	dat	
7-8	930-932	de	
7-9	933-937	neus	
7-10	938-942	door	
7-11	943-946	het	
7-12	947-954	snuiven	
7-13	955-959	zeer	
7-14	960-969	benadeeld	
7-15	970-975	wordt	
7-16	976-978	in	
7-17	979-984	zijne	
7-18	985-997	reukdiensten	
7-19	997-998	,	
7-20	999-1005	gelijk	
7-21	1006-1011	zulks	
7-22	1012-1015	bij	
7-23	1016-1022	ziekte	
7-24	1023-1026	van	
7-25	1027-1032	eenig	
7-26	1033-1039	orgaan	
7-27	1040-1043	ook	
7-28	1044-1048	niet	
7-29	1049-1055	anders	
7-30	1056-1058	te	
7-31	1059-1069	verwachten	
7-32	1070-1072	is	
7-33	1072-1073	.	

#Text=illustratie
#Text=
#Text=Ten opzigte van den fijneren bouw onzer reukorganen zijn in den laatsten tijd eveneens zeer belangrijke ondekkingen gedaan.
8-1	1077-1088	illustratie	
8-2	1090-1093	Ten	
8-3	1094-1101	opzigte	
8-4	1102-1105	van	
8-5	1106-1109	den	
8-6	1110-1118	fijneren	
8-7	1119-1123	bouw	
8-8	1124-1129	onzer	
8-9	1130-1141	reukorganen	
8-10	1142-1146	zijn	
8-11	1147-1149	in	
8-12	1150-1153	den	
8-13	1154-1162	laatsten	
8-14	1163-1167	tijd	
8-15	1168-1176	eveneens	
8-16	1177-1181	zeer	
8-17	1182-1193	belangrijke	
8-18	1194-1205	ondekkingen	
8-19	1206-1212	gedaan	
8-20	1212-1213	.	

#Text=Tot nu toe moest men aannemen, dat de riekende stoffen eerst de zachte bekleeding der neusholten, namelijk de slijmhuid, moesten doordringen, alvorens de reukzenuwen en derzelver vertakkingen aan te doen.
9-1	1214-1217	Tot	
9-2	1218-1220	nu	
9-3	1221-1224	toe	
9-4	1225-1230	moest	
9-5	1231-1234	men	
9-6	1235-1243	aannemen	
9-7	1243-1244	,	
9-8	1245-1248	dat	
9-9	1249-1251	de	
9-10	1252-1260	riekende	
9-11	1261-1268	stoffen	
9-12	1269-1274	eerst	
9-13	1275-1277	de	
9-14	1278-1284	zachte	
9-15	1285-1295	bekleeding	
9-16	1296-1299	der	
9-17	1300-1310	neusholten	
9-18	1310-1311	,	
9-19	1312-1320	namelijk	
9-20	1321-1323	de	
9-21	1324-1333	slijmhuid	
9-22	1333-1334	,	
9-23	1335-1342	moesten	
9-24	1343-1354	doordringen	
9-25	1354-1355	,	
9-26	1356-1364	alvorens	
9-27	1365-1367	de	
9-28	1368-1379	reukzenuwen	
9-29	1380-1382	en	
9-30	1383-1392	derzelver	
9-31	1393-1405	vertakkingen	
9-32	1406-1409	aan	
9-33	1410-1412	te	
9-34	1413-1417	doen	
9-35	1417-1418	.	

#Text=Thans echter heeft men de overtuiging verkregen, dat de vezelen, waarin de enuw zich splijt, niet slechts tot aan de oppervlakte rei-
#Text=[p. 410]
#Text=ken, maar ook in eigenaardige borstelige verlengingen boven dezelve uitsteken.
10-1	1419-1424	Thans	
10-2	1425-1431	echter	
10-3	1432-1437	heeft	
10-4	1438-1441	men	
10-5	1442-1444	de	
10-6	1445-1456	overtuiging	
10-7	1457-1466	verkregen	
10-8	1466-1467	,	
10-9	1468-1471	dat	
10-10	1472-1474	de	
10-11	1475-1482	vezelen	
10-12	1482-1483	,	
10-13	1484-1490	waarin	
10-14	1491-1493	de	
10-15	1494-1498	enuw	
10-16	1499-1503	zich	
10-17	1504-1510	splijt	
10-18	1510-1511	,	
10-19	1512-1516	niet	
10-20	1517-1524	slechts	
10-21	1525-1528	tot	
10-22	1529-1532	aan	
10-23	1533-1535	de	
10-24	1536-1547	oppervlakte	
10-25	1548-1551	rei	
10-26	1551-1552	-	
10-27	1553-1554	[	
10-28	1554-1555	p	
10-29	1555-1556	.	
10-30	1557-1560	410	
10-31	1560-1561	]	
10-32	1562-1565	ken	
10-33	1565-1566	,	
10-34	1567-1571	maar	
10-35	1572-1575	ook	
10-36	1576-1578	in	
10-37	1579-1591	eigenaardige	
10-38	1592-1602	borstelige	
10-39	1603-1615	verlengingen	
10-40	1616-1621	boven	
10-41	1622-1629	dezelve	
10-42	1630-1639	uitsteken	
10-43	1639-1640	.	

#Text=Door dit aantal zenuwborsels nu strijkt de ademstroom, die de reukstof leidt, heen, terwijl daardoor tevens de reukzenuwen, zonder eenige de uitwerking verzwakkende bemiddeling, van de reukstoffen aangedaan worden.
11-1	1641-1645	Door	
11-2	1646-1649	dit	
11-3	1650-1656	aantal	
11-4	1657-1669	zenuwborsels	
11-5	1670-1672	nu	
11-6	1673-1680	strijkt	
11-7	1681-1683	de	
11-8	1684-1694	ademstroom	
11-9	1694-1695	,	
11-10	1696-1699	die	
11-11	1700-1702	de	
11-12	1703-1711	reukstof	
11-13	1712-1717	leidt	
11-14	1717-1718	,	
11-15	1719-1723	heen	
11-16	1723-1724	,	
11-17	1725-1732	terwijl	
11-18	1733-1741	daardoor	
11-19	1742-1748	tevens	
11-20	1749-1751	de	
11-21	1752-1763	reukzenuwen	
11-22	1763-1764	,	
11-23	1765-1771	zonder	
11-24	1772-1778	eenige	
11-25	1779-1781	de	
11-26	1782-1792	uitwerking	
11-27	1793-1805	verzwakkende	
11-28	1806-1817	bemiddeling	
11-29	1817-1818	,	
11-30	1819-1822	van	
11-31	1823-1825	de	
11-32	1826-1837	reukstoffen	
11-33	1838-1847	aangedaan	
11-34	1848-1854	worden	
11-35	1854-1855	.	

#Text=En ofschoon men uit de dagelijksche ondervinding weet, dat zeer kleine hoeveelheden eener reukstof toereikend zijn, om den reuk op te wekken, zoo zal toch de berekening, welke de physioloog Valentin opgesteld heeft, zeer belangrijke uitkomsten opleveren.
12-1	1858-1860	En	
12-2	1861-1869	ofschoon	
12-3	1870-1873	men	
12-4	1874-1877	uit	
12-5	1878-1880	de	
12-6	1881-1893	dagelijksche	
12-7	1894-1906	ondervinding	
12-8	1907-1911	weet	
12-9	1911-1912	,	
12-10	1913-1916	dat	
12-11	1917-1921	zeer	
12-12	1922-1928	kleine	
12-13	1929-1941	hoeveelheden	
12-14	1942-1947	eener	
12-15	1948-1956	reukstof	
12-16	1957-1967	toereikend	
12-17	1968-1972	zijn	
12-18	1972-1973	,	
12-19	1974-1976	om	
12-20	1977-1980	den	
12-21	1981-1985	reuk	
12-22	1986-1988	op	
12-23	1989-1991	te	
12-24	1992-1998	wekken	
12-25	1998-1999	,	
12-26	2000-2003	zoo	
12-27	2004-2007	zal	
12-28	2008-2012	toch	
12-29	2013-2015	de	
12-30	2016-2026	berekening	
12-31	2026-2027	,	
12-32	2028-2033	welke	
12-33	2034-2036	de	
12-34	2037-2047	physioloog	
12-35	2048-2056	Valentin	
12-36	2057-2066	opgesteld	
12-37	2067-2072	heeft	
12-38	2072-2073	,	
12-39	2074-2078	zeer	
12-40	2079-2090	belangrijke	
12-41	2091-2101	uitkomsten	
12-42	2102-2111	opleveren	
12-43	2111-2112	.	

#Text=Men kan de te onderzoeken ligchamen, naar de wijze der homoöpathen, tot bijna in het oneindige mengen en verdeelen, en men zal bevinden, dat 1/5000 milligram zwavelwaterstof voldoende is om een zwakken reuk naar vuile eijeren te veroorzaken; van de echte rozenolie houdt de genoemde physioloog 1/200000 milligram voor toereikend.
13-1	2113-2116	Men	
13-2	2117-2120	kan	
13-3	2121-2123	de	
13-4	2124-2126	te	
13-5	2127-2138	onderzoeken	
13-6	2139-2148	ligchamen	
13-7	2148-2149	,	
13-8	2150-2154	naar	
13-9	2155-2157	de	
13-10	2158-2163	wijze	
13-11	2164-2167	der	
13-12	2168-2179	homoöpathen	
13-13	2179-2180	,	
13-14	2181-2184	tot	
13-15	2185-2190	bijna	
13-16	2191-2193	in	
13-17	2194-2197	het	
13-18	2198-2207	oneindige	
13-19	2208-2214	mengen	
13-20	2215-2217	en	
13-21	2218-2227	verdeelen	
13-22	2227-2228	,	
13-23	2229-2231	en	
13-24	2232-2235	men	
13-25	2236-2239	zal	
13-26	2240-2248	bevinden	
13-27	2248-2249	,	
13-28	2250-2253	dat	
13-29	2254-2255	1	
13-30	2255-2256	/	
13-31	2256-2260	5000	
13-32	2261-2270	milligram	
13-33	2271-2286	zwavelwaterstof	
13-34	2287-2296	voldoende	
13-35	2297-2299	is	
13-36	2300-2302	om	
13-37	2303-2306	een	
13-38	2307-2314	zwakken	
13-39	2315-2319	reuk	
13-40	2320-2324	naar	
13-41	2325-2330	vuile	
13-42	2331-2338	eijeren	
13-43	2339-2341	te	
13-44	2342-2353	veroorzaken	
13-45	2353-2354	;	
13-46	2355-2358	van	
13-47	2359-2361	de	
13-48	2362-2367	echte	
13-49	2368-2377	rozenolie	
13-50	2378-2383	houdt	
13-51	2384-2386	de	
13-52	2387-2395	genoemde	
13-53	2396-2406	physioloog	
13-54	2407-2408	1	
13-55	2408-2409	/	
13-56	2409-2415	200000	
13-57	2416-2425	milligram	
13-58	2426-2430	voor	
13-59	2431-2441	toereikend	
13-60	2441-2442	.	
