#FORMAT=WebAnno TSV 3.3
#T_SP=custom.Span|label
#T_RL=custom.Relation|label|BT_custom.Span


#Text=Geslagt.
1-1	2-9	Geslagt	_	_	_	
1-2	9-10	.	_	_	_	

#Text=Rots-steenen, doffe ondoorschynende rots-steenen
2-1	12-24	Rots-steenen	Smell\_Source	_	_	
2-2	24-25	,	_	_	_	
2-3	26-31	doffe	_	_	_	
2-4	32-47	ondoorschynende	_	_	_	
2-5	48-60	rots-steenen	_	_	_	

#Text=.
3-1	60-61	.	_	_	_	

#Text=+
#Text=
#Text=
#Text=
#Text=De Steenen van dit
#Text=Geslagt zyn hier te Lande zoo veelvuldig onder de Keien
#Text=vermengd, dat ze, gelyk meermaals gemeld is, door sommigen daar voor gehouden
#Text=
#Text=J. le Francq van Berkhey, Natuurlyke historie van Holland.
4-1	63-64	+	_	_	_	
4-2	68-70	De	_	_	_	
4-3	71-78	Steenen	_	_	_	
4-4	79-82	van	_	_	_	
4-5	83-86	dit	_	_	_	
4-6	87-94	Geslagt	_	_	_	
4-7	95-98	zyn	_	_	_	
4-8	99-103	hier	_	_	_	
4-9	104-106	te	_	_	_	
4-10	107-112	Lande	_	_	_	
4-11	113-116	zoo	_	_	_	
4-12	117-127	veelvuldig	_	_	_	
4-13	128-133	onder	_	_	_	
4-14	134-136	de	_	_	_	
4-15	137-142	Keien	_	_	_	
4-16	143-151	vermengd	_	_	_	
4-17	151-152	,	_	_	_	
4-18	153-156	dat	_	_	_	
4-19	157-159	ze	_	_	_	
4-20	159-160	,	_	_	_	
4-21	161-166	gelyk	_	_	_	
4-22	167-176	meermaals	_	_	_	
4-23	177-183	gemeld	_	_	_	
4-24	184-186	is	_	_	_	
4-25	186-187	,	_	_	_	
4-26	188-192	door	_	_	_	
4-27	193-201	sommigen	_	_	_	
4-28	202-206	daar	_	_	_	
4-29	207-211	voor	_	_	_	
4-30	212-220	gehouden	_	_	_	
4-31	222-223	J	_	_	_	
4-32	223-224	.	_	_	_	
4-33	225-227	le	_	_	_	
4-34	228-234	Francq	_	_	_	
4-35	235-238	van	_	_	_	
4-36	239-246	Berkhey	_	_	_	
4-37	246-247	,	_	_	_	
4-38	248-258	Natuurlyke	_	_	_	
4-39	259-267	historie	_	_	_	
4-40	268-271	van	_	_	_	
4-41	272-279	Holland	_	_	_	
4-42	279-280	.	_	_	_	

#Text=Deel 2
#Text=
#Text=+
#Text=
#Text=ROTS-STEENEN.
#Text=
#Text=
#Text=\f824
#Text=+
#Text=
#Text=worden.
5-1	281-285	Deel	_	_	_	
5-2	286-287	2	_	_	_	
5-3	289-290	+	_	_	_	
5-4	292-304	ROTS-STEENEN	_	_	_	
5-5	304-305	.	_	_	_	
5-6	309-312	824	_	_	_	
5-7	313-314	+	_	_	_	
5-8	316-322	worden	_	_	_	
5-9	322-323	.	_	_	_	

#Text=Men kan ze 'er egter zeer wel van onderscheiden, aan de gruizige deeltjes,
#Text=+
#Text=waar uit zy bestaan;
#Text=aan eene verhevener en sterker koleur; en vooral daar aan,
#Text=DELFSTOFFEN.
6-1	324-327	Men	_	_	_	
6-2	328-331	kan	_	_	_	
6-3	332-334	ze	_	_	_	
6-4	335-336	'	_	_	_	
6-5	336-338	er	_	_	_	
6-6	339-344	egter	_	_	_	
6-7	345-349	zeer	_	_	_	
6-8	350-353	wel	_	_	_	
6-9	354-357	van	_	_	_	
6-10	358-371	onderscheiden	_	_	_	
6-11	371-372	,	_	_	_	
6-12	373-376	aan	_	_	_	
6-13	377-379	de	_	_	_	
6-14	380-388	gruizige	_	_	_	
6-15	389-397	deeltjes	_	_	_	
6-16	397-398	,	_	_	_	
6-17	399-400	+	_	_	_	
6-18	401-405	waar	_	_	_	
6-19	406-409	uit	_	_	_	
6-20	410-412	zy	_	_	_	
6-21	413-420	bestaan	_	_	_	
6-22	420-421	;	_	_	_	
6-23	422-425	aan	_	_	_	
6-24	426-430	eene	_	_	_	
6-25	431-441	verhevener	_	_	_	
6-26	442-444	en	_	_	_	
6-27	445-452	sterker	_	_	_	
6-28	453-459	koleur	_	_	_	
6-29	459-460	;	_	_	_	
6-30	461-463	en	_	_	_	
6-31	464-470	vooral	_	_	_	
6-32	471-475	daar	_	_	_	
6-33	476-479	aan	_	_	_	
6-34	479-480	,	_	_	_	
6-35	481-492	DELFSTOFFEN	_	_	_	
6-36	492-493	.	_	_	_	

#Text=dat zy ligter breeken dan waare Keien, en doorgaans aan groote brokken; als mede
#Text=dat zy minder vonken, en geen of weinig reuk na het vonken van zig geeven, zoo als
#Text=de Vuurkeien doen.
7-1	495-498	dat	_	_	_	
7-2	499-501	zy	_	_	_	
7-3	502-508	ligter	_	_	_	
7-4	509-516	breeken	_	_	_	
7-5	517-520	dan	_	_	_	
7-6	521-526	waare	_	_	_	
7-7	527-532	Keien	_	_	_	
7-8	532-533	,	_	_	_	
7-9	534-536	en	_	_	_	
7-10	537-546	doorgaans	_	_	_	
7-11	547-550	aan	_	_	_	
7-12	551-557	groote	_	_	_	
7-13	558-565	brokken	_	_	_	
7-14	565-566	;	_	_	_	
7-15	567-570	als	_	_	_	
7-16	571-575	mede	_	_	_	
7-17	576-579	dat	_	_	_	
7-18	580-582	zy	Smell\_Source	Anaphoric	2-1	
7-19	583-589	minder	_	_	_	
7-20	590-596	vonken	_	_	_	
7-21	596-597	,	_	_	_	
7-22	598-600	en	_	_	_	
7-23	601-605	geen	Quality	_	_	
7-24	606-608	of	_	_	_	
7-25	609-615	weinig	Quality	_	_	
7-26	616-620	reuk	Smell\_Word	*|*|*|*	7-25|7-23|7-18|7-27[1_0]	
7-27	621-623	na	Circumstances[1]	_	_	
7-28	624-627	het	Circumstances[1]	_	_	
7-29	628-634	vonken	Circumstances[1]	_	_	
7-30	635-638	van	_	_	_	
7-31	639-642	zig	_	_	_	
7-32	643-649	geeven	_	_	_	
7-33	649-650	,	_	_	_	
7-34	651-654	zoo	_	_	_	
7-35	655-658	als	_	_	_	
7-36	659-661	de	_	_	_	
7-37	662-671	Vuurkeien	_	_	_	
7-38	672-676	doen	_	_	_	
7-39	676-677	.	_	_	_	

#Text=Wy houden die lompe Steenbrokken of zogenaamde groote
#Text=Amersfoorder Keien, voor waare Soorten van dit Geslagt; die, by ontzachelyke
#Text=bonken van de Rotsen afgescheurd zynde, door de wateren vervoerd, en tusschen de
#Text=eigentlyke Keien vermengd geraakt zyn.
8-1	678-680	Wy	_	_	_	
8-2	681-687	houden	_	_	_	
8-3	688-691	die	_	_	_	
8-4	692-697	lompe	_	_	_	
8-5	698-710	Steenbrokken	_	_	_	
8-6	711-713	of	_	_	_	
8-7	714-724	zogenaamde	_	_	_	
8-8	725-731	groote	_	_	_	
8-9	732-744	Amersfoorder	_	_	_	
8-10	745-750	Keien	_	_	_	
8-11	750-751	,	_	_	_	
8-12	752-756	voor	_	_	_	
8-13	757-762	waare	_	_	_	
8-14	763-770	Soorten	_	_	_	
8-15	771-774	van	_	_	_	
8-16	775-778	dit	_	_	_	
8-17	779-786	Geslagt	_	_	_	
8-18	786-787	;	_	_	_	
8-19	788-791	die	_	_	_	
8-20	791-792	,	_	_	_	
8-21	793-795	by	_	_	_	
8-22	796-808	ontzachelyke	_	_	_	
8-23	809-815	bonken	_	_	_	
8-24	816-819	van	_	_	_	
8-25	820-822	de	_	_	_	
8-26	823-829	Rotsen	_	_	_	
8-27	830-841	afgescheurd	_	_	_	
8-28	842-847	zynde	_	_	_	
8-29	847-848	,	_	_	_	
8-30	849-853	door	_	_	_	
8-31	854-856	de	_	_	_	
8-32	857-864	wateren	_	_	_	
8-33	865-873	vervoerd	_	_	_	
8-34	873-874	,	_	_	_	
8-35	875-877	en	_	_	_	
8-36	878-886	tusschen	_	_	_	
8-37	887-889	de	_	_	_	
8-38	890-900	eigentlyke	_	_	_	
8-39	901-906	Keien	_	_	_	
8-40	907-915	vermengd	_	_	_	
8-41	916-923	geraakt	_	_	_	
8-42	924-927	zyn	_	_	_	
8-43	927-928	.	_	_	_	

#Text=De verschillende verwen, en daar uit
#Text=ontstaande verscheidenheden kan men, gelyk by andere gekoleurde Steenen, zeer
#Text=verre uitbreiden:
#Text=dog wy zullen ze slegts naar hunne hoofdkoleuren optellen.
9-1	929-931	De	_	_	_	
9-2	932-945	verschillende	_	_	_	
9-3	946-952	verwen	_	_	_	
9-4	952-953	,	_	_	_	
9-5	954-956	en	_	_	_	
9-6	957-961	daar	_	_	_	
9-7	962-965	uit	_	_	_	
9-8	966-976	ontstaande	_	_	_	
9-9	977-993	verscheidenheden	_	_	_	
9-10	994-997	kan	_	_	_	
9-11	998-1001	men	_	_	_	
9-12	1001-1002	,	_	_	_	
9-13	1003-1008	gelyk	_	_	_	
9-14	1009-1011	by	_	_	_	
9-15	1012-1018	andere	_	_	_	
9-16	1019-1029	gekoleurde	_	_	_	
9-17	1030-1037	Steenen	_	_	_	
9-18	1037-1038	,	_	_	_	
9-19	1039-1043	zeer	_	_	_	
9-20	1044-1049	verre	_	_	_	
9-21	1050-1060	uitbreiden	_	_	_	
9-22	1060-1061	:	_	_	_	
9-23	1062-1065	dog	_	_	_	
9-24	1066-1068	wy	_	_	_	
9-25	1069-1075	zullen	_	_	_	
9-26	1076-1078	ze	_	_	_	
9-27	1079-1085	slegts	_	_	_	
9-28	1086-1090	naar	_	_	_	
9-29	1091-1096	hunne	_	_	_	
9-30	1097-1110	hoofdkoleuren	_	_	_	
9-31	1111-1119	optellen	_	_	_	
9-32	1119-1120	.	_	_	_	

#Text=Eerste Soort.
10-1	1123-1129	Eerste	_	_	_	
10-2	1130-1135	Soort	_	_	_	
10-3	1135-1136	.	_	_	_	

#Text=Roode rots-steen.
11-1	1138-1143	Roode	_	_	_	
11-2	1144-1154	rots-steen	_	_	_	
11-3	1154-1155	.	_	_	_	

#Text=Tweede Soort.
12-1	1157-1163	Tweede	_	_	_	
12-2	1164-1169	Soort	_	_	_	
12-3	1169-1170	.	_	_	_	

#Text=Geele rots-steen.
13-1	1172-1177	Geele	_	_	_	
13-2	1178-1188	rots-steen	_	_	_	
13-3	1188-1189	.	_	_	_	

#Text=Derde Soort.
14-1	1191-1196	Derde	_	_	_	
14-2	1197-1202	Soort	_	_	_	
14-3	1202-1203	.	_	_	_	

#Text=Groene rots-steen.
15-1	1205-1211	Groene	_	_	_	
15-2	1212-1222	rots-steen	_	_	_	
15-3	1222-1223	.	_	_	_	
