#FORMAT=WebAnno TSV 3.3


#Text=Arſenſäureverfahren.
1-1	2-21	Arſenſäureverfahren	
1-2	21-22	.	

#Text=Je 1000 kg Rotanilin werden mit 1300
#Text=bis 1500 kg 75 prozentiger Arſenſäure in eiſernen Keſſeln erhitzt.
2-1	23-25	Je	
2-2	26-30	1000	
2-3	31-33	kg	
2-4	34-43	Rotanilin	
2-5	44-50	werden	
2-6	51-54	mit	
2-7	55-59	1300	
2-8	60-63	bis	
2-9	64-68	1500	
2-10	69-71	kg	
2-11	72-74	75	
2-12	75-86	prozentiger	
2-13	87-97	Arſenſäure	
2-14	98-100	in	
2-15	101-109	eiſernen	
2-16	110-117	Keſſeln	
2-17	118-125	erhitzt	
2-18	125-126	.	

#Text=Die
#Text=Keſſel ſind mit einem Deckel verſchloſſen, welcher ein Abzugsrohr für die
#Text=entweichenden Dämpfe enthält.
3-1	127-130	Die	
3-2	131-137	Keſſel	
3-3	138-142	ſind	
3-4	143-146	mit	
3-5	147-152	einem	
3-6	153-159	Deckel	
3-7	160-172	verſchloſſen	
3-8	172-173	,	
3-9	174-181	welcher	
3-10	182-185	ein	
3-11	186-196	Abzugsrohr	
3-12	197-200	für	
3-13	201-204	die	
3-14	205-218	entweichenden	
3-15	219-225	Dämpfe	
3-16	226-233	enthält	
3-17	233-234	.	

#Text=Dasſelbe ſteht mit einem Kühlapparat in
#Text=Verbindung.
4-1	235-243	Dasſelbe	
4-2	244-249	ſteht	
4-3	250-253	mit	
4-4	254-259	einem	
4-5	260-271	Kühlapparat	
4-6	272-274	in	
4-7	275-285	Verbindung	
4-8	285-286	.	

#Text=Durch die Mitte des Deckels geht ein Rührwerk hindurch.
5-1	287-292	Durch	
5-2	293-296	die	
5-3	297-302	Mitte	
5-4	303-306	des	
5-5	307-314	Deckels	
5-6	315-319	geht	
5-7	320-323	ein	
5-8	324-332	Rührwerk	
5-9	333-341	hindurch	
5-10	341-342	.	

#Text=Hat die Temperatur im Keſſel den Siedepunkt des Anilins überſtiegen, ſo
#Text=
#Text=beginnt eine Miſchung von Anilin und Orthotoluidin, die ſogenannten Echap-
#Text=pées der Fuchſinfabrikation, abzudeſtillieren, welche dann zur Erzeugung von
#Text=Safranin Verwendung finden.
6-1	344-347	Hat	
6-2	348-351	die	
6-3	352-362	Temperatur	
6-4	363-365	im	
6-5	366-372	Keſſel	
6-6	373-376	den	
6-7	377-387	Siedepunkt	
6-8	388-391	des	
6-9	392-399	Anilins	
6-10	400-411	überſtiegen	
6-11	411-412	,	
6-12	413-415	ſo	
6-13	417-424	beginnt	
6-14	425-429	eine	
6-15	430-438	Miſchung	
6-16	439-442	von	
6-17	443-449	Anilin	
6-18	450-453	und	
6-19	454-467	Orthotoluidin	
6-20	467-468	,	
6-21	469-472	die	
6-22	473-484	ſogenannten	
6-23	485-490	Echap	
6-24	490-491	-	
6-25	492-496	pées	
6-26	497-500	der	
6-27	501-519	Fuchſinfabrikation	
6-28	519-520	,	
6-29	521-537	abzudeſtillieren	
6-30	537-538	,	
6-31	539-545	welche	
6-32	546-550	dann	
6-33	551-554	zur	
6-34	555-564	Erzeugung	
6-35	565-568	von	
6-36	569-577	Safranin	
6-37	578-588	Verwendung	
6-38	589-595	finden	
6-39	595-596	.	

#Text=Das Erhitzen wird ſolange fortgeſetzt, bis eine mit einem eiſernen Stabe
#Text=herausgenommene Probe die richtige Farbe und Konſiſtenz der Schmelze an-
#Text=zeigt.
7-1	600-603	Das	
7-2	604-612	Erhitzen	
7-3	613-617	wird	
7-4	618-625	ſolange	
7-5	626-637	fortgeſetzt	
7-6	637-638	,	
7-7	639-642	bis	
7-8	643-647	eine	
7-9	648-651	mit	
7-10	652-657	einem	
7-11	658-666	eiſernen	
7-12	667-672	Stabe	
7-13	673-688	herausgenommene	
7-14	689-694	Probe	
7-15	695-698	die	
7-16	699-707	richtige	
7-17	708-713	Farbe	
7-18	714-717	und	
7-19	718-728	Konſiſtenz	
7-20	729-732	der	
7-21	733-741	Schmelze	
7-22	742-744	an	
7-23	744-745	-	
7-24	746-751	zeigt	
7-25	751-752	.	

#Text=Die Schmelze wird ſodann durch Einleiten von geſpanntem Waſſer-
#Text=
#Text=dampf verflüſſigt und in große eiſerne Cylinder gepreßt, in welchen ſie mit
#Text=Waſſer ausgekocht wird.
8-1	753-756	Die	
8-2	757-765	Schmelze	
8-3	766-770	wird	
8-4	771-777	ſodann	
8-5	778-783	durch	
8-6	784-793	Einleiten	
8-7	794-797	von	
8-8	798-808	geſpanntem	
8-9	809-815	Waſſer	
8-10	815-816	-	
8-11	818-823	dampf	
8-12	824-835	verflüſſigt	
8-13	836-839	und	
8-14	840-842	in	
8-15	843-848	große	
8-16	849-856	eiſerne	
8-17	857-865	Cylinder	
8-18	866-873	gepreßt	
8-19	873-874	,	
8-20	875-877	in	
8-21	878-885	welchen	
8-22	886-889	ſie	
8-23	890-893	mit	
8-24	894-900	Waſſer	
8-25	901-911	ausgekocht	
8-26	912-916	wird	
8-27	916-917	.	

#Text=Oder man läßt den Inhalt der Schmelzkeſſel in
#Text=eiſerne oder hölzerne Käſten ab, läßt ſie erſtarren und zerkleinert die Schmelze
#Text=vor dem Auskochen.
9-1	918-922	Oder	
9-2	923-926	man	
9-3	927-931	läßt	
9-4	932-935	den	
9-5	936-942	Inhalt	
9-6	943-946	der	
9-7	947-960	Schmelzkeſſel	
9-8	961-963	in	
9-9	964-971	eiſerne	
9-10	972-976	oder	
9-11	977-985	hölzerne	
9-12	986-992	Käſten	
9-13	993-995	ab	
9-14	995-996	,	
9-15	997-1001	läßt	
9-16	1002-1005	ſie	
9-17	1006-1015	erſtarren	
9-18	1016-1019	und	
9-19	1020-1031	zerkleinert	
9-20	1032-1035	die	
9-21	1036-1044	Schmelze	
9-22	1045-1048	vor	
9-23	1049-1052	dem	
9-24	1053-1062	Auskochen	
9-25	1062-1063	.	

#Text=In Löſung befinden ſich nur arſenigſaure und arſenſaure Salze der
#Text=Roſaniline und einiger anderer Baſen, welche ſich als Nebenprodukte ge-
#Text=bildet haben, vornehmlich Chryſanilin, dann auch etwas Mauvanilin ꝛc.
#Text=, fer-
#Text=ner enthält die Flüſſigkeit überſchüſſige Arſenſäure und harzartige Verun-
#Text=reinigungen.
10-1	1067-1069	In	
10-2	1070-1076	Löſung	
10-3	1077-1085	befinden	
10-4	1086-1090	ſich	
10-5	1091-1094	nur	
10-6	1095-1107	arſenigſaure	
10-7	1108-1111	und	
10-8	1112-1122	arſenſaure	
10-9	1123-1128	Salze	
10-10	1129-1132	der	
10-11	1133-1143	Roſaniline	
10-12	1144-1147	und	
10-13	1148-1155	einiger	
10-14	1156-1163	anderer	
10-15	1164-1169	Baſen	
10-16	1169-1170	,	
10-17	1171-1177	welche	
10-18	1178-1182	ſich	
10-19	1183-1186	als	
10-20	1187-1200	Nebenprodukte	
10-21	1201-1203	ge	
10-22	1203-1204	-	
10-23	1205-1211	bildet	
10-24	1212-1217	haben	
10-25	1217-1218	,	
10-26	1219-1230	vornehmlich	
10-27	1231-1242	Chryſanilin	
10-28	1242-1243	,	
10-29	1244-1248	dann	
10-30	1249-1253	auch	
10-31	1254-1259	etwas	
10-32	1260-1270	Mauvanilin	
10-33	1271-1273	ꝛc	
10-34	1273-1274	.	
10-35	1275-1276	,	
10-36	1277-1280	fer	
10-37	1280-1281	-	
10-38	1282-1285	ner	
10-39	1286-1293	enthält	
10-40	1294-1297	die	
10-41	1298-1309	Flüſſigkeit	
10-42	1310-1323	überſchüſſige	
10-43	1324-1334	Arſenſäure	
10-44	1335-1338	und	
10-45	1339-1349	harzartige	
10-46	1350-1355	Verun	
10-47	1355-1356	-	
10-48	1357-1368	reinigungen	
10-49	1368-1369	.	

#Text=Der in Waſſer unlösliche Teil der Schmelze beſteht aus harzartigen
#Text=Subſtanzen, welchen zwei weitere Farbſtoffe, nämlich Mauvanilin und Viol-
#Text=
#Text=\f
#Text=[163/0189
#Text=]
#Text=
#Text=anilin beigemiſcht ſind.
11-1	1373-1376	Der	
11-2	1377-1379	in	
11-3	1380-1386	Waſſer	
11-4	1387-1397	unlösliche	
11-5	1398-1402	Teil	
11-6	1403-1406	der	
11-7	1407-1415	Schmelze	
11-8	1416-1423	beſteht	
11-9	1424-1427	aus	
11-10	1428-1439	harzartigen	
11-11	1440-1450	Subſtanzen	
11-12	1450-1451	,	
11-13	1452-1459	welchen	
11-14	1460-1464	zwei	
11-15	1465-1472	weitere	
11-16	1473-1483	Farbſtoffe	
11-17	1483-1484	,	
11-18	1485-1492	nämlich	
11-19	1493-1503	Mauvanilin	
11-20	1504-1507	und	
11-21	1508-1512	Viol	
11-22	1512-1513	-	
11-23	1517-1518	[	
11-24	1518-1521	163	
11-25	1521-1522	/	
11-26	1522-1526	0189	
11-27	1527-1528	]	
11-28	1530-1536	anilin	
11-29	1537-1548	beigemiſcht	
11-30	1549-1553	ſind	
11-31	1553-1554	.	

#Text=Außerdem enthält er noch einen Teil des Chryſani-
#Text=lins.
12-1	1555-1563	Außerdem	
12-2	1564-1571	enthält	
12-3	1572-1574	er	
12-4	1575-1579	noch	
12-5	1580-1585	einen	
12-6	1586-1590	Teil	
12-7	1591-1594	des	
12-8	1595-1603	Chryſani	
12-9	1603-1604	-	
12-10	1605-1609	lins	
12-11	1609-1610	.	
