#FORMAT=WebAnno TSV 3.3
#T_SP=custom.Span|label
#T_RL=custom.Relation|label|BT_custom.Span


#Text=Die Datteln oder die Fruͤchte des
#Text=Palmbaums ſind ſo gemeine, daß ſie
#Text=mehr denn zwey Millionen Seelen zur
#Text=Nahrung dienen.
1-1	2-5	Die	_	_	_	
1-2	6-13	Datteln	_	_	_	
1-3	14-18	oder	_	_	_	
1-4	19-22	die	_	_	_	
1-5	23-31	Fruͤchte	_	_	_	
1-6	32-35	des	_	_	_	
1-7	36-45	Palmbaums	_	_	_	
1-8	46-50	ſind	_	_	_	
1-9	51-53	ſo	_	_	_	
1-10	54-61	gemeine	_	_	_	
1-11	61-62	,	_	_	_	
1-12	63-66	daß	_	_	_	
1-13	67-70	ſie	_	_	_	
1-14	71-75	mehr	_	_	_	
1-15	76-80	denn	_	_	_	
1-16	81-85	zwey	_	_	_	
1-17	86-95	Millionen	_	_	_	
1-18	96-102	Seelen	_	_	_	
1-19	103-106	zur	_	_	_	
1-20	107-114	Nahrung	_	_	_	
1-21	115-121	dienen	_	_	_	
1-22	121-122	.	_	_	_	

#Text=Bey uns aber wer-
#Text=den ſie nur, nebſt den Bruſtbeeren und
#Text=Sebeſten, zu Bruſttraͤncken gebrauchet.
2-1	123-126	Bey	_	_	_	
2-2	127-130	uns	_	_	_	
2-3	131-135	aber	_	_	_	
2-4	136-139	wer	_	_	_	
2-5	139-140	-	_	_	_	
2-6	141-144	den	_	_	_	
2-7	145-148	ſie	_	_	_	
2-8	149-152	nur	_	_	_	
2-9	152-153	,	_	_	_	
2-10	154-159	nebſt	_	_	_	
2-11	160-163	den	_	_	_	
2-12	164-175	Bruſtbeeren	_	_	_	
2-13	176-179	und	_	_	_	
2-14	180-188	Sebeſten	_	_	_	
2-15	188-189	,	_	_	_	
2-16	190-192	zu	_	_	_	
2-17	193-207	Bruſttraͤncken	_	_	_	
2-18	208-218	gebrauchet	_	_	_	
2-19	218-219	.	_	_	_	

#Text=Einige eſſen ſie, als wie andere Fruͤchte:
#Text=
#Text=ſie werden auch etlicher maſſen zur Artz-
#Text=ney und ein und andern Galeniſchen
#Text=compoſitionen genommen, z.
3-1	221-227	Einige	_	_	_	
3-2	228-233	eſſen	_	_	_	
3-3	234-237	ſie	_	_	_	
3-4	237-238	,	_	_	_	
3-5	239-242	als	_	_	_	
3-6	243-246	wie	_	_	_	
3-7	247-253	andere	_	_	_	
3-8	254-262	Fruͤchte	_	_	_	
3-9	262-263	:	_	_	_	
3-10	265-268	ſie	_	_	_	
3-11	269-275	werden	_	_	_	
3-12	276-280	auch	_	_	_	
3-13	281-289	etlicher	_	_	_	
3-14	290-296	maſſen	_	_	_	
3-15	297-300	zur	_	_	_	
3-16	301-305	Artz	_	_	_	
3-17	305-306	-	_	_	_	
3-18	307-310	ney	_	_	_	
3-19	311-314	und	_	_	_	
3-20	315-318	ein	_	_	_	
3-21	319-322	und	_	_	_	
3-22	323-329	andern	_	_	_	
3-23	330-341	Galeniſchen	_	_	_	
3-24	342-355	compoſitionen	_	_	_	
3-25	356-364	genommen	_	_	_	
3-26	364-365	,	_	_	_	
3-27	366-367	z	_	_	_	
3-28	367-368	.	_	_	_	

#Text=E. zum
#Text=diaphœnix, und andern.
4-1	369-370	E	_	_	_	
4-2	370-371	.	_	_	_	
4-3	372-375	zum	_	_	_	
4-4	376-385	diaphœnix	_	_	_	
4-5	385-386	,	_	_	_	
4-6	387-390	und	_	_	_	
4-7	391-397	andern	_	_	_	
4-8	397-398	.	_	_	_	

#Text=Das drey und zwantzigſte Capitel.
5-1	403-406	Das	_	_	_	
5-2	407-411	drey	_	_	_	
5-3	412-415	und	_	_	_	
5-4	416-427	zwantzigſte	_	_	_	
5-5	428-435	Capitel	_	_	_	
5-6	435-436	.	_	_	_	

#Text=Vom Palmoͤl.
6-1	439-442	Vom	_	_	_	
6-2	443-450	Palmoͤl	_	_	_	
6-3	450-451	.	_	_	_	

#Text=DAs Palmoͤl/ Oel von Senega,
#Text=oder auch Pumicin, iſt ein ſchmierich-
#Text=ter dicker Saft, wie Butter, von Farbe
#Text=
#Text=blaßgelb, und riecht wie Veilgen, oder
#Text=Veilwurtz, abſonderlich, wenn es friſch
#Text=und aufrichtig iſt.
7-1	455-458	DAs	_	_	_	
7-2	459-466	Palmoͤl	Smell\_Source	*	7-18	
7-3	466-467	/	_	_	_	
7-4	468-471	Oel	_	_	_	
7-5	472-475	von	_	_	_	
7-6	476-482	Senega	_	_	_	
7-7	482-483	,	_	_	_	
7-8	484-488	oder	_	_	_	
7-9	489-493	auch	_	_	_	
7-10	494-501	Pumicin	_	_	_	
7-11	501-502	,	_	_	_	
7-12	503-506	iſt	_	_	_	
7-13	507-510	ein	_	_	_	
7-14	511-521	ſchmierich	_	_	_	
7-15	521-522	-	_	_	_	
7-16	523-526	ter	_	_	_	
7-17	527-533	dicker	_	_	_	
7-18	534-538	Saft	Smell\_Source	_	_	
7-19	538-539	,	_	_	_	
7-20	540-543	wie	_	_	_	
7-21	544-550	Butter	_	_	_	
7-22	550-551	,	_	_	_	
7-23	552-555	von	_	_	_	
7-24	556-561	Farbe	_	_	_	
7-25	563-571	blaßgelb	_	_	_	
7-26	571-572	,	_	_	_	
7-27	573-576	und	_	_	_	
7-28	577-583	riecht	Smell\_Word	_	_	
7-29	584-587	wie	Effect[1]	_	_	
7-30	588-595	Veilgen	Effect[1]	_	_	
7-31	595-596	,	_	_	_	
7-32	597-601	oder	Effect[2]	_	_	
7-33	602-611	Veilwurtz	Effect[2]	_	_	
7-34	611-612	,	_	_	_	
7-35	613-625	abſonderlich	_	_	_	
7-36	625-626	,	_	_	_	
7-37	627-631	wenn	Circumstances[3]	_	_	
7-38	632-634	es	Circumstances[3]	_	_	
7-39	635-641	friſch	Circumstances[3]	_	_	
7-40	642-645	und	Circumstances[3]	_	_	
7-41	646-656	aufrichtig	Circumstances[3]	_	_	
7-42	657-660	iſt	Circumstances[3]	_	_	
7-43	660-661	.	_	_	_	

#Text=Dieſes Oel wird aus den Kernen ei-
#Text=ner Frucht, die ſo groß als ein Ey iſt, und
#Text=
#Text=in langen Buͤſcheln waͤchſt, entweder ge-
#Text=ſotten oder gepreſſet.
8-1	664-670	Dieſes	_	_	_	
8-2	671-674	Oel	_	_	_	
8-3	675-679	wird	_	_	_	
8-4	680-683	aus	_	_	_	
8-5	684-687	den	_	_	_	
8-6	688-694	Kernen	_	_	_	
8-7	695-697	ei	_	_	_	
8-8	697-698	-	_	_	_	
8-9	699-702	ner	_	_	_	
8-10	703-709	Frucht	_	_	_	
8-11	709-710	,	_	_	_	
8-12	711-714	die	_	_	_	
8-13	715-717	ſo	_	_	_	
8-14	718-722	groß	_	_	_	
8-15	723-726	als	_	_	_	
8-16	727-730	ein	_	_	_	
8-17	731-733	Ey	_	_	_	
8-18	734-737	iſt	_	_	_	
8-19	737-738	,	_	_	_	
8-20	739-742	und	_	_	_	
8-21	744-746	in	_	_	_	
8-22	747-753	langen	_	_	_	
8-23	754-763	Buͤſcheln	_	_	_	
8-24	764-771	waͤchſt	_	_	_	
8-25	771-772	,	_	_	_	
8-26	773-781	entweder	_	_	_	
8-27	782-784	ge	_	_	_	
8-28	784-785	-	_	_	_	
8-29	786-792	ſotten	_	_	_	
8-30	793-797	oder	_	_	_	
8-31	798-807	gepreſſet	_	_	_	
8-32	807-808	.	_	_	_	

#Text=Dergleichen
#Text=
#Text=Buͤſchel tragen unterweilen
#Text=bis zu 100.
9-1	809-820	Dergleichen	_	_	_	
9-2	822-830	Buͤſchel	_	_	_	
9-3	831-837	tragen	_	_	_	
9-4	838-849	unterweilen	_	_	_	
9-5	850-853	bis	_	_	_	
9-6	854-856	zu	_	_	_	
9-7	857-860	100	_	_	_	
9-8	860-861	.	_	_	_	

#Text=Stuͤck.
10-1	862-868	Stuͤck	_	_	_	
10-2	868-869	.	_	_	_	

#Text=Der Baum, der ſie traͤgt, iſt ein Ge-
#Text=ſchlecht des Palmbaums, welcher insge-
#Text=mein in Africa waͤchſt, bevoraus zu
#Text=Senega;
#Text=ingleichen in Braſilien.
11-1	873-876	Der	_	_	_	
11-2	877-881	Baum	_	_	_	
11-3	881-882	,	_	_	_	
11-4	883-886	der	_	_	_	
11-5	887-890	ſie	_	_	_	
11-6	891-897	traͤgt	_	_	_	
11-7	897-898	,	_	_	_	
11-8	899-902	iſt	_	_	_	
11-9	903-906	ein	_	_	_	
11-10	907-909	Ge	_	_	_	
11-11	909-910	-	_	_	_	
11-12	911-919	ſchlecht	_	_	_	
11-13	920-923	des	_	_	_	
11-14	924-933	Palmbaums	_	_	_	
11-15	933-934	,	_	_	_	
11-16	935-942	welcher	_	_	_	
11-17	943-948	insge	_	_	_	
11-18	948-949	-	_	_	_	
11-19	950-954	mein	_	_	_	
11-20	955-957	in	_	_	_	
11-21	958-964	Africa	_	_	_	
11-22	965-972	waͤchſt	_	_	_	
11-23	972-973	,	_	_	_	
11-24	974-982	bevoraus	_	_	_	
11-25	983-985	zu	_	_	_	
11-26	986-992	Senega	_	_	_	
11-27	992-993	;	_	_	_	
11-28	994-1004	ingleichen	_	_	_	
11-29	1005-1007	in	_	_	_	
11-30	1008-1017	Braſilien	_	_	_	
11-31	1017-1018	.	_	_	_	

#Text=Die
#Text=\f
#Text=[0237
12-1	1022-1025	Die	_	_	_	
12-2	1028-1029	[	_	_	_	
12-3	1029-1033	0237	_	_	_	
