#FORMAT=WebAnno TSV 3.3


#Text=ick ge-eyndight hadde te spreken in mijn herte
#Text=, Siet soo quam Rebecca uyt, ende hadde hare kruycke op hare schouder, ende sy quam af tot de fonteyne, ende puttede:
#Text=ende ick seyde tot haer, Geeft my doch te drincken:
#Text=
#Text=46
#Text=Soo haestede sy, ende liet hare kruycke van haer neder, ende seyde, Drinckt ghy, ende ick sal oock uwe kemelen drencken:
#Text=ende ick dronck, ende sy drenckte oock de kemelen.
#Text=
#Text=47
#Text=
#Text=Doe
#Text=vraeghde ick haer, ende seyde, Wiens dochter zijt ghy?
1-1	2-5	ick	
1-2	6-17	ge-eyndight	
1-3	18-23	hadde	
1-4	24-26	te	
1-5	27-34	spreken	
1-6	35-37	in	
1-7	38-42	mijn	
1-8	43-48	herte	
1-9	49-50	,	
1-10	51-55	Siet	
1-11	56-59	soo	
1-12	60-64	quam	
1-13	65-72	Rebecca	
1-14	73-76	uyt	
1-15	76-77	,	
1-16	78-82	ende	
1-17	83-88	hadde	
1-18	89-93	hare	
1-19	94-101	kruycke	
1-20	102-104	op	
1-21	105-109	hare	
1-22	110-118	schouder	
1-23	118-119	,	
1-24	120-124	ende	
1-25	125-127	sy	
1-26	128-132	quam	
1-27	133-135	af	
1-28	136-139	tot	
1-29	140-142	de	
1-30	143-151	fonteyne	
1-31	151-152	,	
1-32	153-157	ende	
1-33	158-165	puttede	
1-34	165-166	:	
1-35	167-171	ende	
1-36	172-175	ick	
1-37	176-181	seyde	
1-38	182-185	tot	
1-39	186-190	haer	
1-40	190-191	,	
1-41	192-197	Geeft	
1-42	198-200	my	
1-43	201-205	doch	
1-44	206-208	te	
1-45	209-217	drincken	
1-46	217-218	:	
1-47	220-222	46	
1-48	223-226	Soo	
1-49	227-235	haestede	
1-50	236-238	sy	
1-51	238-239	,	
1-52	240-244	ende	
1-53	245-249	liet	
1-54	250-254	hare	
1-55	255-262	kruycke	
1-56	263-266	van	
1-57	267-271	haer	
1-58	272-277	neder	
1-59	277-278	,	
1-60	279-283	ende	
1-61	284-289	seyde	
1-62	289-290	,	
1-63	291-298	Drinckt	
1-64	299-302	ghy	
1-65	302-303	,	
1-66	304-308	ende	
1-67	309-312	ick	
1-68	313-316	sal	
1-69	317-321	oock	
1-70	322-325	uwe	
1-71	326-333	kemelen	
1-72	334-342	drencken	
1-73	342-343	:	
1-74	344-348	ende	
1-75	349-352	ick	
1-76	353-359	dronck	
1-77	359-360	,	
1-78	361-365	ende	
1-79	366-368	sy	
1-80	369-377	drenckte	
1-81	378-382	oock	
1-82	383-385	de	
1-83	386-393	kemelen	
1-84	393-394	.	
1-85	396-398	47	
1-86	400-403	Doe	
1-87	404-412	vraeghde	
1-88	413-416	ick	
1-89	417-421	haer	
1-90	421-422	,	
1-91	423-427	ende	
1-92	428-433	seyde	
1-93	433-434	,	
1-94	435-440	Wiens	
1-95	441-448	dochter	
1-96	449-453	zijt	
1-97	454-457	ghy	
1-98	457-458	?	

#Text=ende sy seyde, De dochter Bethuels, des soons
#Text=Nahors, welcke Milca hem gebaert heeft:
#Text=soo leyde ick het voorhooft-ciersel Ofte, op haren neuse, so dat het van het voorhooft nederwaerts hingh op den neuse.
#Text=op haer aengesichte, ende de arm-ringen aen hare handen:
#Text=
#Text=48
#Text=
#Text=Ende ick neyghde mijn hooft, ende aenbadt den HEERE, ende ick loofde den HEERE den Godt mijnes heeren Abrahams, die my Hebr.
#Text=den wegh der waerheyt, D. den waren, ofte den rechten wegh.
#Text=op den rechten wegh gheleydt hadde, om de dochter van 
#Text= mijns
#Text=heeren
#Text=D. bloedt-verwand, want Bethuël was Nahors Abrahams broeders soon.
2-1	459-463	ende	
2-2	464-466	sy	
2-3	467-472	seyde	
2-4	472-473	,	
2-5	474-476	De	
2-6	477-484	dochter	
2-7	485-493	Bethuels	
2-8	493-494	,	
2-9	495-498	des	
2-10	499-504	soons	
2-11	505-511	Nahors	
2-12	511-512	,	
2-13	513-519	welcke	
2-14	520-525	Milca	
2-15	526-529	hem	
2-16	530-537	gebaert	
2-17	538-543	heeft	
2-18	543-544	:	
2-19	545-548	soo	
2-20	549-554	leyde	
2-21	555-558	ick	
2-22	559-562	het	
2-23	563-580	voorhooft-ciersel	
2-24	581-585	Ofte	
2-25	585-586	,	
2-26	587-589	op	
2-27	590-595	haren	
2-28	596-601	neuse	
2-29	601-602	,	
2-30	603-605	so	
2-31	606-609	dat	
2-32	610-613	het	
2-33	614-617	van	
2-34	618-621	het	
2-35	622-631	voorhooft	
2-36	632-643	nederwaerts	
2-37	644-649	hingh	
2-38	650-652	op	
2-39	653-656	den	
2-40	657-662	neuse	
2-41	662-663	.	
2-42	664-666	op	
2-43	667-671	haer	
2-44	672-683	aengesichte	
2-45	683-684	,	
2-46	685-689	ende	
2-47	690-692	de	
2-48	693-703	arm-ringen	
2-49	704-707	aen	
2-50	708-712	hare	
2-51	713-719	handen	
2-52	719-720	:	
2-53	722-724	48	
2-54	726-730	Ende	
2-55	731-734	ick	
2-56	735-742	neyghde	
2-57	743-747	mijn	
2-58	748-753	hooft	
2-59	753-754	,	
2-60	755-759	ende	
2-61	760-767	aenbadt	
2-62	768-771	den	
2-63	772-777	HEERE	
2-64	777-778	,	
2-65	779-783	ende	
2-66	784-787	ick	
2-67	788-794	loofde	
2-68	795-798	den	
2-69	799-804	HEERE	
2-70	805-808	den	
2-71	809-813	Godt	
2-72	814-820	mijnes	
2-73	821-827	heeren	
2-74	828-836	Abrahams	
2-75	836-837	,	
2-76	838-841	die	
2-77	842-844	my	
2-78	845-849	Hebr	
2-79	849-850	.	
2-80	851-854	den	
2-81	855-859	wegh	
2-82	860-863	der	
2-83	864-872	waerheyt	
2-84	872-873	,	
2-85	874-875	D	
2-86	875-876	.	
2-87	877-880	den	
2-88	881-886	waren	
2-89	886-887	,	
2-90	888-892	ofte	
2-91	893-896	den	
2-92	897-904	rechten	
2-93	905-909	wegh	
2-94	909-910	.	
2-95	911-913	op	
2-96	914-917	den	
2-97	918-925	rechten	
2-98	926-930	wegh	
2-99	931-939	gheleydt	
2-100	940-945	hadde	
2-101	945-946	,	
2-102	947-949	om	
2-103	950-952	de	
2-104	953-960	dochter	
2-105	961-964	van	
2-106	967-972	mijns	
2-107	973-979	heeren	
2-108	980-981	D	
2-109	981-982	.	
2-110	983-997	bloedt-verwand	
2-111	997-998	,	
2-112	999-1003	want	
2-113	1004-1011	Bethuël	
2-114	1012-1015	was	
2-115	1016-1022	Nahors	
2-116	1023-1031	Abrahams	
2-117	1032-1040	broeders	
2-118	1041-1045	soon	
2-119	1045-1046	.	

#Text=Siet bov.
#Text=vers 27.
3-1	1047-1051	Siet	
3-2	1052-1055	bov	
3-3	1055-1056	.	
3-4	1057-1061	vers	
3-5	1062-1064	27	
3-6	1064-1065	.	
