#FORMAT=WebAnno TSV 3.3
#T_SP=custom.Span|label
#T_RL=custom.Relation|label|BT_custom.Span


#Text=de vrugt is een sponsie-agtige holle zelfs-standigheid, boven of met pluimen voorzien, daar de fruit in verborgen hangt, in zijn kluisters besloten, het heeft de gedaante van een Oker-noot, van gelijke grote, van binnen wit, dog de schil is niet ligt te breken.
1-1	2-4	de	Smell\_Source[1]	_	_	
1-2	5-10	vrugt	Smell\_Source[1]	_	_	
1-3	11-13	is	_	_	_	
1-4	14-17	een	_	_	_	
1-5	18-32	sponsie-agtige	_	_	_	
1-6	33-38	holle	_	_	_	
1-7	39-56	zelfs-standigheid	_	_	_	
1-8	56-57	,	_	_	_	
1-9	58-63	boven	_	_	_	
1-10	64-66	of	_	_	_	
1-11	67-70	met	_	_	_	
1-12	71-78	pluimen	_	_	_	
1-13	79-87	voorzien	_	_	_	
1-14	87-88	,	_	_	_	
1-15	89-93	daar	_	_	_	
1-16	94-96	de	_	_	_	
1-17	97-102	fruit	_	_	_	
1-18	103-105	in	_	_	_	
1-19	106-115	verborgen	_	_	_	
1-20	116-121	hangt	_	_	_	
1-21	121-122	,	_	_	_	
1-22	123-125	in	_	_	_	
1-23	126-130	zijn	_	_	_	
1-24	131-140	kluisters	_	_	_	
1-25	141-149	besloten	_	_	_	
1-26	149-150	,	_	_	_	
1-27	151-154	het	_	_	_	
1-28	155-160	heeft	_	_	_	
1-29	161-163	de	_	_	_	
1-30	164-172	gedaante	_	_	_	
1-31	173-176	van	_	_	_	
1-32	177-180	een	_	_	_	
1-33	181-190	Oker-noot	_	_	_	
1-34	190-191	,	_	_	_	
1-35	192-195	van	_	_	_	
1-36	196-203	gelijke	_	_	_	
1-37	204-209	grote	_	_	_	
1-38	209-210	,	_	_	_	
1-39	211-214	van	_	_	_	
1-40	215-221	binnen	_	_	_	
1-41	222-225	wit	_	_	_	
1-42	225-226	,	_	_	_	
1-43	227-230	dog	_	_	_	
1-44	231-233	de	_	_	_	
1-45	234-239	schil	_	_	_	
1-46	240-242	is	_	_	_	
1-47	243-247	niet	_	_	_	
1-48	248-252	ligt	_	_	_	
1-49	253-255	te	_	_	_	
1-50	256-262	breken	_	_	_	
1-51	262-263	.	_	_	_	

#Text=Het heeft nog reuk, nog smaak, en word ook zelden alleenig gebruikt;
#Text=zijnde gemengt met de Betel zeer goed voor Colijk, voor swaarmoedigheid, voor de Wormen, het wekt ook de Venus op, zuivert het ingewand, en voor komt den honger.
2-1	264-267	Het	Smell\_Source	Anaphoric	1-1[1_0]	
2-2	268-273	heeft	_	_	_	
2-3	274-277	nog	_	_	_	
2-4	278-282	reuk	Smell\_Word	*	2-1	
2-5	282-283	,	_	_	_	
2-6	284-287	nog	_	_	_	
2-7	288-293	smaak	_	_	_	
2-8	293-294	,	_	_	_	
2-9	295-297	en	_	_	_	
2-10	298-302	word	_	_	_	
2-11	303-306	ook	_	_	_	
2-12	307-313	zelden	_	_	_	
2-13	314-322	alleenig	_	_	_	
2-14	323-331	gebruikt	_	_	_	
2-15	331-332	;	_	_	_	
2-16	333-339	zijnde	_	_	_	
2-17	340-347	gemengt	_	_	_	
2-18	348-351	met	_	_	_	
2-19	352-354	de	_	_	_	
2-20	355-360	Betel	_	_	_	
2-21	361-365	zeer	_	_	_	
2-22	366-370	goed	_	_	_	
2-23	371-375	voor	_	_	_	
2-24	376-382	Colijk	_	_	_	
2-25	382-383	,	_	_	_	
2-26	384-388	voor	_	_	_	
2-27	389-404	swaarmoedigheid	_	_	_	
2-28	404-405	,	_	_	_	
2-29	406-410	voor	_	_	_	
2-30	411-413	de	_	_	_	
2-31	414-420	Wormen	_	_	_	
2-32	420-421	,	_	_	_	
2-33	422-425	het	_	_	_	
2-34	426-430	wekt	_	_	_	
2-35	431-434	ook	_	_	_	
2-36	435-437	de	_	_	_	
2-37	438-443	Venus	_	_	_	
2-38	444-446	op	_	_	_	
2-39	446-447	,	_	_	_	
2-40	448-455	zuivert	_	_	_	
2-41	456-459	het	_	_	_	
2-42	460-468	ingewand	_	_	_	
2-43	468-469	,	_	_	_	
2-44	470-472	en	_	_	_	
2-45	473-477	voor	_	_	_	
2-46	478-482	komt	_	_	_	
2-47	483-486	den	_	_	_	
2-48	487-493	honger	_	_	_	
2-49	493-494	.	_	_	_	

#Text=+Jak of Gjak.
3-1	502-503	+	_	_	_	
3-2	503-506	Jak	_	_	_	
3-3	507-509	of	_	_	_	
3-4	510-514	Gjak	_	_	_	
3-5	514-515	.	_	_	_	

#Text=+Duroyen.
4-1	522-523	+	_	_	_	
4-2	523-530	Duroyen	_	_	_	
4-3	530-531	.	_	_	_	

#Text=+Arak-boom
5-1	537-538	+	_	_	_	
5-2	538-547	Arak-boom	_	_	_	

#Text=.
6-1	547-548	.	_	_	_	

#Text=+
#Text=Boom Aovai genaamt, de zelve stinkt zo misschelijk als of het Knoflook waar, dan als de zelve afgehouwen word kan men kwalijk by de stank duren.
7-1	555-556	+	_	_	_	
7-2	557-561	Boom	_	_	_	
7-3	562-567	Aovai	Smell\_Source	_	_	
7-4	568-575	genaamt	_	_	_	
7-5	575-576	,	_	_	_	
7-6	577-579	de	_	_	_	
7-7	580-585	zelve	_	_	_	
7-8	586-592	stinkt	Quality[2]|Smell\_Word[3]	*|*|*|*	7-3[0_3]|7-8[2_3]|7-10[0_3]|7-11[4_3]	
7-9	593-595	zo	_	_	_	
7-10	596-607	misschelijk	Quality	_	_	
7-11	608-611	als	Evoked\_Odorant[4]	_	_	
7-12	612-614	of	Evoked\_Odorant[4]	_	_	
7-13	615-618	het	Evoked\_Odorant[4]	_	_	
7-14	619-627	Knoflook	Evoked\_Odorant[4]	_	_	
7-15	628-632	waar	Evoked\_Odorant[4]	_	_	
7-16	632-633	,	_	_	_	
7-17	634-637	dan	_	_	_	
7-18	638-641	als	Effect[5]	_	_	
7-19	642-644	de	Effect[5]|Smell\_Source[6]	_	_	
7-20	645-650	zelve	Effect[5]|Smell\_Source[6]	_	_	
7-21	651-661	afgehouwen	Effect[5]	_	_	
7-22	662-666	word	Effect[5]	_	_	
7-23	667-670	kan	Effect[5]	_	_	
7-24	671-674	men	Effect[5]|Perceiver[7]	_	_	
7-25	675-682	kwalijk	Effect[5]	_	_	
7-26	683-685	by	Effect[5]	_	_	
7-27	686-688	de	Effect[5]	_	_	
7-28	689-694	stank	Effect[5]|Quality[8]|Smell\_Word[9]	*|*|*|*	7-28[8_9]|7-24[7_9]|7-18[5_9]|7-19[6_9]	
7-29	695-700	duren	Effect[5]	_	_	
7-30	700-701	.	_	_	_	

#Text=Zijn vrugt is
#Text=mede de Kastanie gelijk, dog heel giftig;
#Text=maar de Wilden houden de zelve in eeren, dan zy maken hare Rasselen daar van
8-1	702-706	Zijn	_	_	_	
8-2	707-712	vrugt	_	_	_	
8-3	713-715	is	_	_	_	
8-4	716-720	mede	_	_	_	
8-5	721-723	de	_	_	_	
8-6	724-732	Kastanie	_	_	_	
8-7	733-739	gelijk	_	_	_	
8-8	739-740	,	_	_	_	
8-9	741-744	dog	_	_	_	
8-10	745-749	heel	_	_	_	
8-11	750-756	giftig	_	_	_	
8-12	756-757	;	_	_	_	
8-13	758-762	maar	_	_	_	
8-14	763-765	de	_	_	_	
8-15	766-772	Wilden	_	_	_	
8-16	773-779	houden	_	_	_	
8-17	780-782	de	_	_	_	
8-18	783-788	zelve	_	_	_	
8-19	789-791	in	_	_	_	
8-20	792-797	eeren	_	_	_	
8-21	797-798	,	_	_	_	
8-22	799-802	dan	_	_	_	
8-23	803-805	zy	_	_	_	
8-24	806-811	maken	_	_	_	
8-25	812-816	hare	_	_	_	
8-26	817-825	Rasselen	_	_	_	
8-27	826-830	daar	_	_	_	
8-28	831-834	van	_	_	_	

#Text=.
9-1	834-835	.	_	_	_	

#Text=+
#Text=De Boom Hivourac
#Text=, wiens bast zo dik is als een vinger; is een vrugt die niet wel gelijkenis kan gegeven werden, dog van een zeer goede smaak als die vars
#Text=plukt
10-1	842-843	+	_	_	_	
10-2	844-846	De	_	_	_	
10-3	847-851	Boom	_	_	_	
10-4	852-860	Hivourac	_	_	_	
10-5	861-862	,	_	_	_	
10-6	863-868	wiens	_	_	_	
10-7	869-873	bast	_	_	_	
10-8	874-876	zo	_	_	_	
10-9	877-880	dik	_	_	_	
10-10	881-883	is	_	_	_	
10-11	884-887	als	_	_	_	
10-12	888-891	een	_	_	_	
10-13	892-898	vinger	_	_	_	
10-14	898-899	;	_	_	_	
10-15	900-902	is	_	_	_	
10-16	903-906	een	_	_	_	
10-17	907-912	vrugt	_	_	_	
10-18	913-916	die	_	_	_	
10-19	917-921	niet	_	_	_	
10-20	922-925	wel	_	_	_	
10-21	926-936	gelijkenis	_	_	_	
10-22	937-940	kan	_	_	_	
10-23	941-948	gegeven	_	_	_	
10-24	949-955	werden	_	_	_	
10-25	955-956	,	_	_	_	
10-26	957-960	dog	_	_	_	
10-27	961-964	van	_	_	_	
10-28	965-968	een	_	_	_	
10-29	969-973	zeer	_	_	_	
10-30	974-979	goede	_	_	_	
10-31	980-985	smaak	_	_	_	
10-32	986-989	als	_	_	_	
10-33	990-993	die	_	_	_	
10-34	994-998	vars	_	_	_	
10-35	999-1004	plukt	_	_	_	

#Text=.
11-1	1004-1005	.	_	_	_	

#Text=+
#Text=De Boom Ehonne is redelijk hoog, als een Lauwerier; dier zelver gewas is groen, en geformeert als een Hoender
12-1	1012-1013	+	_	_	_	
12-2	1014-1016	De	_	_	_	
12-3	1017-1021	Boom	_	_	_	
12-4	1022-1028	Ehonne	_	_	_	
12-5	1029-1031	is	_	_	_	
12-6	1032-1040	redelijk	_	_	_	
12-7	1041-1045	hoog	_	_	_	
12-8	1045-1046	,	_	_	_	
12-9	1047-1050	als	_	_	_	
12-10	1051-1054	een	_	_	_	
12-11	1055-1064	Lauwerier	_	_	_	
12-12	1064-1065	;	_	_	_	
12-13	1066-1070	dier	_	_	_	
12-14	1071-1077	zelver	_	_	_	
12-15	1078-1083	gewas	_	_	_	
12-16	1084-1086	is	_	_	_	
12-17	1087-1092	groen	_	_	_	
12-18	1092-1093	,	_	_	_	
12-19	1094-1096	en	_	_	_	
12-20	1097-1107	geformeert	_	_	_	
12-21	1108-1111	als	_	_	_	
12-22	1112-1115	een	_	_	_	
12-23	1116-1123	Hoender	_	_	_	
