#FORMAT=WebAnno TSV 3.3


#Text=Zie de zoorten en beschryving in Hubners
#Text=Kunstwoordenboek.
#Text=
#Text=’t Groot Speenkruid, dat een Stengel heeft van ontrent twe, of drie voeten lang,
#Text=
#Text=geeft een menigte van hoekige en rosse Takken;
#Text=deszelfs Bladen zyn zwartachtig,
#Text=sterkgetand;
#Text=de Bloemen komen boven op den top, zy zyn niet groot maar Purper,
#Text=en Helmswys, aan knoppen.
#Text=’t Zaad is in knoppen, ’t is rond puntig aan ene kant.
1-1	2-5	Zie	
1-2	6-8	de	
1-3	9-16	zoorten	
1-4	17-19	en	
1-5	20-31	beschryving	
1-6	32-34	in	
1-7	35-42	Hubners	
1-8	43-59	Kunstwoordenboek	
1-9	59-60	.	
1-10	62-63	’	
1-11	63-64	t	
1-12	65-70	Groot	
1-13	71-81	Speenkruid	
1-14	81-82	,	
1-15	83-86	dat	
1-16	87-90	een	
1-17	91-98	Stengel	
1-18	99-104	heeft	
1-19	105-108	van	
1-20	109-116	ontrent	
1-21	117-120	twe	
1-22	120-121	,	
1-23	122-124	of	
1-24	125-129	drie	
1-25	130-136	voeten	
1-26	137-141	lang	
1-27	141-142	,	
1-28	144-149	geeft	
1-29	150-153	een	
1-30	154-161	menigte	
1-31	162-165	van	
1-32	166-173	hoekige	
1-33	174-176	en	
1-34	177-182	rosse	
1-35	183-189	Takken	
1-36	189-190	;	
1-37	191-199	deszelfs	
1-38	200-206	Bladen	
1-39	207-210	zyn	
1-40	211-222	zwartachtig	
1-41	222-223	,	
1-42	224-235	sterkgetand	
1-43	235-236	;	
1-44	237-239	de	
1-45	240-247	Bloemen	
1-46	248-253	komen	
1-47	254-259	boven	
1-48	260-262	op	
1-49	263-266	den	
1-50	267-270	top	
1-51	270-271	,	
1-52	272-274	zy	
1-53	275-278	zyn	
1-54	279-283	niet	
1-55	284-289	groot	
1-56	290-294	maar	
1-57	295-301	Purper	
1-58	301-302	,	
1-59	303-305	en	
1-60	306-314	Helmswys	
1-61	314-315	,	
1-62	316-319	aan	
1-63	320-327	knoppen	
1-64	327-328	.	
1-65	329-330	’	
1-66	330-331	t	
1-67	332-336	Zaad	
1-68	337-339	is	
1-69	340-342	in	
1-70	343-350	knoppen	
1-71	350-351	,	
1-72	352-353	’	
1-73	353-354	t	
1-74	355-357	is	
1-75	358-362	rond	
1-76	363-369	puntig	
1-77	370-373	aan	
1-78	374-377	ene	
1-79	378-382	kant	
1-80	382-383	.	

#Text=De
#Text=Wortel is groot, wit met knobbels, waar van de Plant haren naam krygt.
2-1	384-386	De	
2-2	387-393	Wortel	
2-3	394-396	is	
2-4	397-402	groot	
2-5	402-403	,	
2-6	404-407	wit	
2-7	408-411	met	
2-8	412-420	knobbels	
2-9	420-421	,	
2-10	422-426	waar	
2-11	427-430	van	
2-12	431-433	de	
2-13	434-439	Plant	
2-14	440-445	haren	
2-15	446-450	naam	
2-16	451-456	krygt	
2-17	456-457	.	

#Text=Plaats.
3-1	459-465	Plaats	
3-2	465-466	.	

#Text=Dit gewas groeit in slooten en vochtige plaatzen; en bloeit in Juni en Juli.
4-1	467-470	Dit	
4-2	471-476	gewas	
4-3	477-483	groeit	
4-4	484-486	in	
4-5	487-494	slooten	
4-6	495-497	en	
4-7	498-506	vochtige	
4-8	507-515	plaatzen	
4-9	515-516	;	
4-10	517-519	en	
4-11	520-526	bloeit	
4-12	527-529	in	
4-13	530-534	Juni	
4-14	535-537	en	
4-15	538-542	Juli	
4-16	542-543	.	

#Text=Eigenschappen.
5-1	545-558	Eigenschappen	
5-2	558-559	.	

#Text=De Plant heeft een stinkende reuk.
6-1	560-562	De	
6-2	563-568	Plant	
6-3	569-574	heeft	
6-4	575-578	een	
6-5	579-588	stinkende	
6-6	589-593	reuk	
6-7	593-594	.	

#Text=Zy verhit, droogt op, verteert,
#Text=en maakt dun.
7-1	595-597	Zy	
7-2	598-604	verhit	
7-3	604-605	,	
7-4	606-612	droogt	
7-5	613-615	op	
7-6	615-616	,	
7-7	617-625	verteert	
7-8	625-626	,	
7-9	627-629	en	
7-10	630-635	maakt	
7-11	636-639	dun	
7-12	639-640	.	

#Text=Zy is zeer bitter, men gebruikt ze in Klieren en Spenen, en om
#Text=verzweringen van den Aars te genezen die men Ficus in ’t Latyn noemt.
8-1	641-643	Zy	
8-2	644-646	is	
8-3	647-651	zeer	
8-4	652-658	bitter	
8-5	658-659	,	
8-6	660-663	men	
8-7	664-672	gebruikt	
8-8	673-675	ze	
8-9	676-678	in	
8-10	679-686	Klieren	
8-11	687-689	en	
8-12	690-696	Spenen	
8-13	696-697	,	
8-14	698-700	en	
8-15	701-703	om	
8-16	704-716	verzweringen	
8-17	717-720	van	
8-18	721-724	den	
8-19	725-729	Aars	
8-20	730-732	te	
8-21	733-740	genezen	
8-22	741-744	die	
8-23	745-748	men	
8-24	749-754	Ficus	
8-25	755-757	in	
8-26	758-759	’	
8-27	759-760	t	
8-28	761-766	Latyn	
8-29	767-772	noemt	
8-30	772-773	.	

#Text=Men gebruikt
#Text=
#Text=M.
9-1	774-777	Men	
9-2	778-786	gebruikt	
9-3	788-789	M	
9-4	789-790	.	

#Text=Noel Chomel, Huishoudelyk woordboek
#Text=
#Text=\fze ook in Kankerachtige wonden, en voor de Schurft.
10-1	791-795	Noel	
10-2	796-802	Chomel	
10-3	802-803	,	
10-4	804-816	Huishoudelyk	
10-5	817-826	woordboek	
10-6	829-831	ze	
10-7	832-835	ook	
10-8	836-838	in	
10-9	839-852	Kankerachtige	
10-10	853-859	wonden	
10-11	859-860	,	
10-12	861-863	en	
10-13	864-868	voor	
10-14	869-871	de	
10-15	872-879	Schurft	
10-16	879-880	.	

#Text=Zy is ook uitwendig goed om
#Text=harde gezwellen te verzachten, die kwaadaardig zyn, gelyk de Koudeklieren.
11-1	881-883	Zy	
11-2	884-886	is	
11-3	887-890	ook	
11-4	891-900	uitwendig	
11-5	901-905	goed	
11-6	906-908	om	
11-7	909-914	harde	
11-8	915-924	gezwellen	
11-9	925-927	te	
11-10	928-938	verzachten	
11-11	938-939	,	
11-12	940-943	die	
11-13	944-955	kwaadaardig	
11-14	956-959	zyn	
11-15	959-960	,	
11-16	961-966	gelyk	
11-17	967-969	de	
11-18	970-982	Koudeklieren	
11-19	982-983	.	

#Text=De Poejer van de Wortel
#Text=, tot een dragma’s gewigt genomen, doodt de Wurmen;
#Text=en nog vers zynde geneest zy uitnemend de Klieren en Spenen.
12-1	986-988	De	
12-2	989-995	Poejer	
12-3	996-999	van	
12-4	1000-1002	de	
12-5	1003-1009	Wortel	
12-6	1010-1011	,	
12-7	1012-1015	tot	
12-8	1016-1019	een	
12-9	1020-1026	dragma	
12-10	1026-1027	’	
12-11	1027-1028	s	
12-12	1029-1035	gewigt	
12-13	1036-1043	genomen	
12-14	1043-1044	,	
12-15	1045-1050	doodt	
12-16	1051-1053	de	
12-17	1054-1060	Wurmen	
12-18	1060-1061	;	
12-19	1062-1064	en	
12-20	1065-1068	nog	
12-21	1069-1073	vers	
12-22	1074-1079	zynde	
12-23	1080-1087	geneest	
12-24	1088-1090	zy	
12-25	1091-1100	uitnemend	
12-26	1101-1103	de	
12-27	1104-1111	Klieren	
12-28	1112-1114	en	
12-29	1115-1121	Spenen	
12-30	1121-1122	.	

#Text=speenkruid, in ’t Latyn Valeriana.
13-1	1124-1134	speenkruid	
13-2	1134-1135	,	
13-3	1136-1138	in	
13-4	1139-1140	’	
13-5	1140-1141	t	
13-6	1142-1147	Latyn	
13-7	1148-1157	Valeriana	
13-8	1157-1158	.	

#Text=Men heeft’er verscheiden zoorten van, die men
#Text=in Hubners Kunstwoordenboek zo wel vindt aangetekend, als de krachten.
14-1	1159-1162	Men	
14-2	1163-1168	heeft	
14-3	1168-1169	’	
14-4	1169-1171	er	
14-5	1172-1183	verscheiden	
14-6	1184-1191	zoorten	
14-7	1192-1195	van	
14-8	1195-1196	,	
14-9	1197-1200	die	
14-10	1201-1204	men	
14-11	1205-1207	in	
14-12	1208-1215	Hubners	
14-13	1216-1232	Kunstwoordenboek	
14-14	1233-1235	zo	
14-15	1236-1239	wel	
14-16	1240-1245	vindt	
14-17	1246-1257	aangetekend	
14-18	1257-1258	,	
14-19	1259-1262	als	
14-20	1263-1265	de	
14-21	1266-1274	krachten	
14-22	1274-1275	.	
