{"_context" : {
    "_types" : {
      "DocumentMetaData" : {
        "_feature_types" : {"sofa" : "_ref" } }, 
      "Relation" : {
        "_feature_types" : {"sofa" : "_ref",  "Dependent" : "_ref",  "Governor" : "_ref" } }, 
      "Sentence" : {
        "_feature_types" : {"sofa" : "_ref" } }, 
      "Sofa" : {
        "_feature_types" : {"sofaArray" : "_ref" } }, 
      "Span" : {
        "_feature_types" : {"sofa" : "_ref" } }, 
      "TagsetDescription" : {
        "_feature_types" : {"sofa" : "_ref",  "tags" : "_ref" } }, 
      "Token" : {
        "_feature_types" : {"sofa" : "_ref",  "parent" : "_ref",  "lemma" : "_ref",  "stem" : "_ref",  "pos" : "_ref",  "morph" : "_ref",  "form" : "_ref" } }, 
      "DocumentAnnotation" : {
        "_feature_types" : {"sofa" : "_ref" }, 
        "_subtypes" : ["DocumentMetaData" ] }, 
      "Annotation" : {
        "_feature_types" : {"sofa" : "_ref" }, 
        "_subtypes" : ["DocumentAnnotation",  "Relation",  "Sentence",  "Span",  "TagsetDescription",  "Token" ] }, 
      "AnnotationBase" : {
        "_feature_types" : {"sofa" : "_ref" }, 
        "_subtypes" : ["Annotation" ] }, 
      "TOP" : {
        "_subtypes" : ["AnnotationBase",  "Sofa" ] } } }, 
  "_views" : {
    "_InitialView" : {
      "Relation" : [
        {"sofa" : 1,  "begin" : 249,  "end" : 251,  "Dependent" : 3285,  "Governor" : 3343,  "label" : "Anaphoric" }, 
        {"sofa" : 1,  "begin" : 264,  "end" : 269,  "Dependent" : 3273,  "Governor" : 3268 }, 
        {"sofa" : 1,  "begin" : 264,  "end" : 269,  "Dependent" : 3273,  "Governor" : 3285 }, 
        {"sofa" : 1,  "begin" : 264,  "end" : 269,  "Dependent" : 3273,  "Governor" : 3348 }, 
        {"sofa" : 1,  "begin" : 515,  "end" : 517,  "Dependent" : 3338,  "Governor" : 3343,  "label" : "Anaphoric" }, 
        {"sofa" : 1,  "begin" : 557,  "end" : 562,  "Dependent" : 3326,  "Governor" : 3321 }, 
        {"sofa" : 1,  "begin" : 557,  "end" : 562,  "Dependent" : 3326,  "Governor" : 3374 }, 
        {"sofa" : 1,  "begin" : 708,  "end" : 713,  "Dependent" : 3396,  "Governor" : 3391 }, 
        {"sofa" : 1,  "begin" : 708,  "end" : 713,  "Dependent" : 3396,  "Governor" : 3386 }, 
        {"sofa" : 1,  "begin" : 940,  "end" : 946,  "Dependent" : 3420,  "Governor" : 3415 }, 
        {"sofa" : 1,  "begin" : 940,  "end" : 946,  "Dependent" : 3420,  "Governor" : 3432 }, 
        {"sofa" : 1,  "begin" : 1077,  "end" : 1082,  "Dependent" : 3444,  "Governor" : 3454 }, 
        {"sofa" : 1,  "begin" : 1077,  "end" : 1082,  "Dependent" : 3444,  "Governor" : 3449 }, 
        {"sofa" : 1,  "begin" : 1077,  "end" : 1082,  "Dependent" : 3444,  "Governor" : 3473 }, 
        {"sofa" : 1,  "begin" : 1077,  "end" : 1082,  "Dependent" : 3444,  "Governor" : 3483 }, 
        {"sofa" : 1,  "begin" : 1077,  "end" : 1082,  "Dependent" : 3444,  "Governor" : 3509 } ], 
      "Span" : [3348,  3343,  3285,  3268,  3273,  3374,  3338,  3321,  3326,  3386,  3391,  3396,  3432,  3415,  3420,  3449,  3454,  3444,  3473,  3483,  3509 ], 
      "DocumentMetaData" : [
        {"sofa" : 1,  "end" : 1215,  "language" : "x-unspecified",  "documentTitle" : "081E%20Cassells%20Book%20of%20the%20Household%201890__178_distribution_HOUS.txt",  "documentId" : "teresa",  "documentUri" : "file:/home/dhuser/alessio/inception/repository/project/29/document/10792/source/teresa",  "collectionId" : "file:/home/dhuser/alessio/inception/repository/project/29/document/10792/source/",  "documentBaseUri" : "file:/home/dhuser/alessio/inception/repository/project/29/document/10792/source/",  "isLastSegment" : false } ], 
      "TagsetDescription" : [
        {"sofa" : 1,  "layer" : "webanno.custom.Emotions",  "name" : "Emotion Labels",  "input" : false }, 
        {"sofa" : 1,  "layer" : "custom.Relation",  "name" : "Relation labels",  "input" : false }, 
        {"sofa" : 1,  "layer" : "custom.Span",  "name" : "Smell labels",  "input" : false } ], 
      "Sentence" : [
        {"sofa" : 1,  "end" : 126 }, 
        {"sofa" : 1,  "begin" : 127,  "end" : 270 }, 
        {"sofa" : 1,  "begin" : 271,  "end" : 563 }, 
        {"sofa" : 1,  "begin" : 564,  "end" : 725 }, 
        {"sofa" : 1,  "begin" : 726,  "end" : 1213 } ], 
      "Token" : [
        {"sofa" : 1,  "end" : 4 }, 
        {"sofa" : 1,  "begin" : 5,  "end" : 9 }, 
        {"sofa" : 1,  "begin" : 10,  "end" : 12 }, 
        {"sofa" : 1,  "begin" : 13,  "end" : 22 }, 
        {"sofa" : 1,  "begin" : 23,  "end" : 27 }, 
        {"sofa" : 1,  "begin" : 27,  "end" : 28 }, 
        {"sofa" : 1,  "begin" : 29,  "end" : 35 }, 
        {"sofa" : 1,  "begin" : 35,  "end" : 36 }, 
        {"sofa" : 1,  "begin" : 37,  "end" : 42 }, 
        {"sofa" : 1,  "begin" : 42,  "end" : 43 }, 
        {"sofa" : 1,  "begin" : 44,  "end" : 47 }, 
        {"sofa" : 1,  "begin" : 48,  "end" : 52 }, 
        {"sofa" : 1,  "begin" : 53,  "end" : 57 }, 
        {"sofa" : 1,  "begin" : 58,  "end" : 63 }, 
        {"sofa" : 1,  "begin" : 63,  "end" : 64 }, 
        {"sofa" : 1,  "begin" : 65,  "end" : 68 }, 
        {"sofa" : 1,  "begin" : 69,  "end" : 81 }, 
        {"sofa" : 1,  "begin" : 82,  "end" : 88 }, 
        {"sofa" : 1,  "begin" : 89,  "end" : 92 }, 
        {"sofa" : 1,  "begin" : 93,  "end" : 101 }, 
        {"sofa" : 1,  "begin" : 101,  "end" : 102 }, 
        {"sofa" : 1,  "begin" : 103,  "end" : 106 }, 
        {"sofa" : 1,  "begin" : 107,  "end" : 110 }, 
        {"sofa" : 1,  "begin" : 111,  "end" : 118 }, 
        {"sofa" : 1,  "begin" : 119,  "end" : 125 }, 
        {"sofa" : 1,  "begin" : 125,  "end" : 126 }, 
        {"sofa" : 1,  "begin" : 127,  "end" : 130 }, 
        {"sofa" : 1,  "begin" : 131,  "end" : 133 }, 
        {"sofa" : 1,  "begin" : 134,  "end" : 137 }, 
        {"sofa" : 1,  "begin" : 138,  "end" : 150 }, 
        {"sofa" : 1,  "begin" : 151,  "end" : 161 }, 
        {"sofa" : 1,  "begin" : 162,  "end" : 166 }, 
        {"sofa" : 1,  "begin" : 167,  "end" : 170 }, 
        {"sofa" : 1,  "begin" : 171,  "end" : 178 }, 
        {"sofa" : 1,  "begin" : 179,  "end" : 181 }, 
        {"sofa" : 1,  "begin" : 182,  "end" : 188 }, 
        {"sofa" : 1,  "begin" : 189,  "end" : 191 }, 
        {"sofa" : 1,  "begin" : 192,  "end" : 196 }, 
        {"sofa" : 1,  "begin" : 197,  "end" : 205 }, 
        {"sofa" : 1,  "begin" : 206,  "end" : 209 }, 
        {"sofa" : 1,  "begin" : 210,  "end" : 214 }, 
        {"sofa" : 1,  "begin" : 215,  "end" : 221 }, 
        {"sofa" : 1,  "begin" : 222,  "end" : 229 }, 
        {"sofa" : 1,  "begin" : 230,  "end" : 232 }, 
        {"sofa" : 1,  "begin" : 233,  "end" : 235 }, 
        {"sofa" : 1,  "begin" : 236,  "end" : 240 }, 
        {"sofa" : 1,  "begin" : 241,  "end" : 248 }, 
        {"sofa" : 1,  "begin" : 249,  "end" : 251 }, 
        {"sofa" : 1,  "begin" : 252,  "end" : 257 }, 
        {"sofa" : 1,  "begin" : 258,  "end" : 259 }, 
        {"sofa" : 1,  "begin" : 260,  "end" : 263 }, 
        {"sofa" : 1,  "begin" : 264,  "end" : 269 }, 
        {"sofa" : 1,  "begin" : 269,  "end" : 270 }, 
        {"sofa" : 1,  "begin" : 271,  "end" : 273 }, 
        {"sofa" : 1,  "begin" : 273,  "end" : 274 }, 
        {"sofa" : 1,  "begin" : 275,  "end" : 282 }, 
        {"sofa" : 1,  "begin" : 282,  "end" : 283 }, 
        {"sofa" : 1,  "begin" : 284,  "end" : 287 }, 
        {"sofa" : 1,  "begin" : 288,  "end" : 296 }, 
        {"sofa" : 1,  "begin" : 297,  "end" : 301 }, 
        {"sofa" : 1,  "begin" : 302,  "end" : 308 }, 
        {"sofa" : 1,  "begin" : 309,  "end" : 313 }, 
        {"sofa" : 1,  "begin" : 314,  "end" : 320 }, 
        {"sofa" : 1,  "begin" : 321,  "end" : 323 }, 
        {"sofa" : 1,  "begin" : 324,  "end" : 329 }, 
        {"sofa" : 1,  "begin" : 330,  "end" : 332 }, 
        {"sofa" : 1,  "begin" : 333,  "end" : 338 }, 
        {"sofa" : 1,  "begin" : 339,  "end" : 349 }, 
        {"sofa" : 1,  "begin" : 350,  "end" : 352 }, 
        {"sofa" : 1,  "begin" : 353,  "end" : 354 }, 
        {"sofa" : 1,  "begin" : 355,  "end" : 359 }, 
        {"sofa" : 1,  "begin" : 359,  "end" : 360 }, 
        {"sofa" : 1,  "begin" : 361,  "end" : 363 }, 
        {"sofa" : 1,  "begin" : 364,  "end" : 366 }, 
        {"sofa" : 1,  "begin" : 367,  "end" : 369 }, 
        {"sofa" : 1,  "begin" : 370,  "end" : 378 }, 
        {"sofa" : 1,  "begin" : 378,  "end" : 379 }, 
        {"sofa" : 1,  "begin" : 380,  "end" : 384 }, 
        {"sofa" : 1,  "begin" : 385,  "end" : 387 }, 
        {"sofa" : 1,  "begin" : 388,  "end" : 391 }, 
        {"sofa" : 1,  "begin" : 392,  "end" : 394 }, 
        {"sofa" : 1,  "begin" : 395,  "end" : 398 }, 
        {"sofa" : 1,  "begin" : 399,  "end" : 403 }, 
        {"sofa" : 1,  "begin" : 404,  "end" : 408 }, 
        {"sofa" : 1,  "begin" : 409,  "end" : 412 }, 
        {"sofa" : 1,  "begin" : 413,  "end" : 419 }, 
        {"sofa" : 1,  "begin" : 420,  "end" : 422 }, 
        {"sofa" : 1,  "begin" : 423,  "end" : 426 }, 
        {"sofa" : 1,  "begin" : 426,  "end" : 427 }, 
        {"sofa" : 1,  "begin" : 428,  "end" : 431 }, 
        {"sofa" : 1,  "begin" : 432,  "end" : 438 }, 
        {"sofa" : 1,  "begin" : 439,  "end" : 441 }, 
        {"sofa" : 1,  "begin" : 442,  "end" : 446 }, 
        {"sofa" : 1,  "begin" : 447,  "end" : 451 }, 
        {"sofa" : 1,  "begin" : 451,  "end" : 452 }, 
        {"sofa" : 1,  "begin" : 453,  "end" : 456 }, 
        {"sofa" : 1,  "begin" : 457,  "end" : 461 }, 
        {"sofa" : 1,  "begin" : 462,  "end" : 469 }, 
        {"sofa" : 1,  "begin" : 470,  "end" : 474 }, 
        {"sofa" : 1,  "begin" : 475,  "end" : 482 }, 
        {"sofa" : 1,  "begin" : 483,  "end" : 486 }, 
        {"sofa" : 1,  "begin" : 487,  "end" : 488 }, 
        {"sofa" : 1,  "begin" : 489,  "end" : 495 }, 
        {"sofa" : 1,  "begin" : 496,  "end" : 500 }, 
        {"sofa" : 1,  "begin" : 501,  "end" : 509 }, 
        {"sofa" : 1,  "begin" : 509,  "end" : 510 }, 
        {"sofa" : 1,  "begin" : 511,  "end" : 514 }, 
        {"sofa" : 1,  "begin" : 515,  "end" : 517 }, 
        {"sofa" : 1,  "begin" : 518,  "end" : 522 }, 
        {"sofa" : 1,  "begin" : 523,  "end" : 527 }, 
        {"sofa" : 1,  "begin" : 528,  "end" : 532 }, 
        {"sofa" : 1,  "begin" : 533,  "end" : 540 }, 
        {"sofa" : 1,  "begin" : 541,  "end" : 548 }, 
        {"sofa" : 1,  "begin" : 549,  "end" : 552 }, 
        {"sofa" : 1,  "begin" : 553,  "end" : 556 }, 
        {"sofa" : 1,  "begin" : 557,  "end" : 562 }, 
        {"sofa" : 1,  "begin" : 562,  "end" : 563 }, 
        {"sofa" : 1,  "begin" : 564,  "end" : 566 }, 
        {"sofa" : 1,  "begin" : 567,  "end" : 569 }, 
        {"sofa" : 1,  "begin" : 570,  "end" : 574 }, 
        {"sofa" : 1,  "begin" : 575,  "end" : 582 }, 
        {"sofa" : 1,  "begin" : 583,  "end" : 585 }, 
        {"sofa" : 1,  "begin" : 586,  "end" : 593 }, 
        {"sofa" : 1,  "begin" : 594,  "end" : 596 }, 
        {"sofa" : 1,  "begin" : 597,  "end" : 607 }, 
        {"sofa" : 1,  "begin" : 607,  "end" : 608 }, 
        {"sofa" : 1,  "begin" : 609,  "end" : 612 }, 
        {"sofa" : 1,  "begin" : 613,  "end" : 617 }, 
        {"sofa" : 1,  "begin" : 618,  "end" : 621 }, 
        {"sofa" : 1,  "begin" : 622,  "end" : 629 }, 
        {"sofa" : 1,  "begin" : 630,  "end" : 632 }, 
        {"sofa" : 1,  "begin" : 633,  "end" : 637 }, 
        {"sofa" : 1,  "begin" : 638,  "end" : 640 }, 
        {"sofa" : 1,  "begin" : 641,  "end" : 645 }, 
        {"sofa" : 1,  "begin" : 646,  "end" : 647 }, 
        {"sofa" : 1,  "begin" : 648,  "end" : 656 }, 
        {"sofa" : 1,  "begin" : 657,  "end" : 659 }, 
        {"sofa" : 1,  "begin" : 660,  "end" : 664 }, 
        {"sofa" : 1,  "begin" : 664,  "end" : 665 }, 
        {"sofa" : 1,  "begin" : 666,  "end" : 670 }, 
        {"sofa" : 1,  "begin" : 671,  "end" : 674 }, 
        {"sofa" : 1,  "begin" : 675,  "end" : 679 }, 
        {"sofa" : 1,  "begin" : 680,  "end" : 684 }, 
        {"sofa" : 1,  "begin" : 685,  "end" : 688 }, 
        {"sofa" : 1,  "begin" : 688,  "end" : 689 }, 
        {"sofa" : 1,  "begin" : 690,  "end" : 693 }, 
        {"sofa" : 1,  "begin" : 694,  "end" : 696 }, 
        {"sofa" : 1,  "begin" : 697,  "end" : 707 }, 
        {"sofa" : 1,  "begin" : 708,  "end" : 713 }, 
        {"sofa" : 1,  "begin" : 714,  "end" : 716 }, 
        {"sofa" : 1,  "begin" : 717,  "end" : 724 }, 
        {"sofa" : 1,  "begin" : 724,  "end" : 725 }, 
        {"sofa" : 1,  "begin" : 726,  "end" : 730 }, 
        {"sofa" : 1,  "begin" : 731,  "end" : 732 }, 
        {"sofa" : 1,  "begin" : 733,  "end" : 739 }, 
        {"sofa" : 1,  "begin" : 740,  "end" : 750 }, 
        {"sofa" : 1,  "begin" : 750,  "end" : 751 }, 
        {"sofa" : 1,  "begin" : 752,  "end" : 762 }, 
        {"sofa" : 1,  "begin" : 763,  "end" : 767 }, 
        {"sofa" : 1,  "begin" : 768,  "end" : 774 }, 
        {"sofa" : 1,  "begin" : 775,  "end" : 777 }, 
        {"sofa" : 1,  "begin" : 778,  "end" : 782 }, 
        {"sofa" : 1,  "begin" : 783,  "end" : 786 }, 
        {"sofa" : 1,  "begin" : 787,  "end" : 789 }, 
        {"sofa" : 1,  "begin" : 790,  "end" : 795 }, 
        {"sofa" : 1,  "begin" : 796,  "end" : 802 }, 
        {"sofa" : 1,  "begin" : 803,  "end" : 805 }, 
        {"sofa" : 1,  "begin" : 806,  "end" : 809 }, 
        {"sofa" : 1,  "begin" : 810,  "end" : 816 }, 
        {"sofa" : 1,  "begin" : 817,  "end" : 821 }, 
        {"sofa" : 1,  "begin" : 822,  "end" : 824 }, 
        {"sofa" : 1,  "begin" : 825,  "end" : 828 }, 
        {"sofa" : 1,  "begin" : 829,  "end" : 836 }, 
        {"sofa" : 1,  "begin" : 837,  "end" : 841 }, 
        {"sofa" : 1,  "begin" : 842,  "end" : 843 }, 
        {"sofa" : 1,  "begin" : 844,  "end" : 849 }, 
        {"sofa" : 1,  "begin" : 850,  "end" : 851 }, 
        {"sofa" : 1,  "begin" : 851,  "end" : 857 }, 
        {"sofa" : 1,  "begin" : 858,  "end" : 860 }, 
        {"sofa" : 1,  "begin" : 860,  "end" : 861 }, 
        {"sofa" : 1,  "begin" : 861,  "end" : 862 }, 
        {"sofa" : 1,  "begin" : 863,  "end" : 873 }, 
        {"sofa" : 1,  "begin" : 873,  "end" : 874 }, 
        {"sofa" : 1,  "begin" : 875,  "end" : 884 }, 
        {"sofa" : 1,  "begin" : 884,  "end" : 885 }, 
        {"sofa" : 1,  "begin" : 886,  "end" : 889 }, 
        {"sofa" : 1,  "begin" : 890,  "end" : 900 }, 
        {"sofa" : 1,  "begin" : 901,  "end" : 905 }, 
        {"sofa" : 1,  "begin" : 906,  "end" : 907 }, 
        {"sofa" : 1,  "begin" : 908,  "end" : 911 }, 
        {"sofa" : 1,  "begin" : 912,  "end" : 914 }, 
        {"sofa" : 1,  "begin" : 915,  "end" : 916 }, 
        {"sofa" : 1,  "begin" : 917,  "end" : 923 }, 
        {"sofa" : 1,  "begin" : 923,  "end" : 924 }, 
        {"sofa" : 1,  "begin" : 925,  "end" : 932 }, 
        {"sofa" : 1,  "begin" : 933,  "end" : 935 }, 
        {"sofa" : 1,  "begin" : 936,  "end" : 939 }, 
        {"sofa" : 1,  "begin" : 940,  "end" : 946 }, 
        {"sofa" : 1,  "begin" : 947,  "end" : 952 }, 
        {"sofa" : 1,  "begin" : 953,  "end" : 961 }, 
        {"sofa" : 1,  "begin" : 961,  "end" : 962 }, 
        {"sofa" : 1,  "begin" : 963,  "end" : 967 }, 
        {"sofa" : 1,  "begin" : 968,  "end" : 972 }, 
        {"sofa" : 1,  "begin" : 973,  "end" : 975 }, 
        {"sofa" : 1,  "begin" : 976,  "end" : 983 }, 
        {"sofa" : 1,  "begin" : 984,  "end" : 985 }, 
        {"sofa" : 1,  "begin" : 986,  "end" : 993 }, 
        {"sofa" : 1,  "begin" : 994,  "end" : 998 }, 
        {"sofa" : 1,  "begin" : 999,  "end" : 1005 }, 
        {"sofa" : 1,  "begin" : 1006,  "end" : 1009 }, 
        {"sofa" : 1,  "begin" : 1010,  "end" : 1014 }, 
        {"sofa" : 1,  "begin" : 1015,  "end" : 1016 }, 
        {"sofa" : 1,  "begin" : 1017,  "end" : 1025 }, 
        {"sofa" : 1,  "begin" : 1026,  "end" : 1030 }, 
        {"sofa" : 1,  "begin" : 1031,  "end" : 1039 }, 
        {"sofa" : 1,  "begin" : 1040,  "end" : 1048 }, 
        {"sofa" : 1,  "begin" : 1049,  "end" : 1051 }, 
        {"sofa" : 1,  "begin" : 1052,  "end" : 1062 }, 
        {"sofa" : 1,  "begin" : 1062,  "end" : 1063 }, 
        {"sofa" : 1,  "begin" : 1064,  "end" : 1067 }, 
        {"sofa" : 1,  "begin" : 1068,  "end" : 1074 }, 
        {"sofa" : 1,  "begin" : 1075,  "end" : 1076 }, 
        {"sofa" : 1,  "begin" : 1077,  "end" : 1082 }, 
        {"sofa" : 1,  "begin" : 1083,  "end" : 1088 }, 
        {"sofa" : 1,  "begin" : 1089,  "end" : 1091 }, 
        {"sofa" : 1,  "begin" : 1092,  "end" : 1101 }, 
        {"sofa" : 1,  "begin" : 1102,  "end" : 1104 }, 
        {"sofa" : 1,  "begin" : 1105,  "end" : 1109 }, 
        {"sofa" : 1,  "begin" : 1110,  "end" : 1112 }, 
        {"sofa" : 1,  "begin" : 1113,  "end" : 1123 }, 
        {"sofa" : 1,  "begin" : 1123,  "end" : 1124 }, 
        {"sofa" : 1,  "begin" : 1125,  "end" : 1128 }, 
        {"sofa" : 1,  "begin" : 1129,  "end" : 1131 }, 
        {"sofa" : 1,  "begin" : 1132,  "end" : 1135 }, 
        {"sofa" : 1,  "begin" : 1136,  "end" : 1141 }, 
        {"sofa" : 1,  "begin" : 1142,  "end" : 1144 }, 
        {"sofa" : 1,  "begin" : 1145,  "end" : 1152 }, 
        {"sofa" : 1,  "begin" : 1153,  "end" : 1156 }, 
        {"sofa" : 1,  "begin" : 1157,  "end" : 1164 }, 
        {"sofa" : 1,  "begin" : 1165,  "end" : 1166 }, 
        {"sofa" : 1,  "begin" : 1167,  "end" : 1172 }, 
        {"sofa" : 1,  "begin" : 1173,  "end" : 1179 }, 
        {"sofa" : 1,  "begin" : 1180,  "end" : 1185 }, 
        {"sofa" : 1,  "begin" : 1186,  "end" : 1188 }, 
        {"sofa" : 1,  "begin" : 1189,  "end" : 1197 }, 
        {"sofa" : 1,  "begin" : 1198,  "end" : 1203 }, 
        {"sofa" : 1,  "begin" : 1204,  "end" : 1212 }, 
        {"sofa" : 1,  "begin" : 1212,  "end" : 1213 } ] } }, 
  "_referenced_fss" : {
    "1" : {"_type" : "Sofa",  "sofaNum" : 1,  "sofaID" : "_InitialView",  "mimeType" : "text",  "sofaString" : "They make an excellent fire— bright,\nclear, and free from blaze, and particularly suited for\nbroiling, and for burning refuse. One of the difficulties associated with the burning of refuse is that\nservants say they cannot dispose of it thus because\nit makes a bad smell. If, however, the mistress\nwill insist upon having it burnt in small quantities\nat a time, as it is produced, have it put on the fire\nwhen the latter is low, but before it gets dull, and\nthen covered with cinders and a little damp coaldust, and it will burn away without causing any bad\nsmell. It is when rubbish is allowed to accumulate, and when the attempt is made to burn a\nquantity at once, that the fire goes out, and\nan unpleasant odour is created. With a little\nmanagement, everything that cannot bo used may\nbe burnt either at the copper fire or the kitchen\nfire — bones (broken up), tea-leaves, fragments, and\neverything else ; and as a result, instead of bad\nsmells being produced, they will be avoided ; because damp refuse put into a dust-bin very speedily\nferments or decomposes, and causes a smell which\nis dangerous as welt as unpleasant, and is the cause\nof cholera and typhoid ; while refuse burnt is rendered quite harmless.\n\n" }, 
    "3285" : {"_type" : "Span",  "sofa" : 1,  "begin" : 249,  "end" : 251,  "label" : "Smell_Source" }, 
    "3343" : {"_type" : "Span",  "sofa" : 1,  "begin" : 182,  "end" : 188,  "label" : "Smell_Source" }, 
    "3273" : {"_type" : "Span",  "sofa" : 1,  "begin" : 264,  "end" : 269,  "label" : "Smell_Word" }, 
    "3268" : {"_type" : "Span",  "sofa" : 1,  "begin" : 260,  "end" : 263,  "label" : "Quality" }, 
    "3348" : {"_type" : "Span",  "sofa" : 1,  "begin" : 167,  "end" : 181,  "label" : "Circumstances" }, 
    "3338" : {"_type" : "Span",  "sofa" : 1,  "begin" : 515,  "end" : 517,  "label" : "Smell_Source" }, 
    "3326" : {"_type" : "Span",  "sofa" : 1,  "begin" : 557,  "end" : 562,  "label" : "Smell_Word" }, 
    "3321" : {"_type" : "Span",  "sofa" : 1,  "begin" : 553,  "end" : 556,  "label" : "Quality" }, 
    "3374" : {"_type" : "Span",  "sofa" : 1,  "begin" : 324,  "end" : 509,  "label" : "Circumstances" }, 
    "3396" : {"_type" : "Span",  "sofa" : 1,  "begin" : 708,  "end" : 713,  "label" : "Smell_Word" }, 
    "3391" : {"_type" : "Span",  "sofa" : 1,  "begin" : 697,  "end" : 707,  "label" : "Quality" }, 
    "3386" : {"_type" : "Span",  "sofa" : 1,  "begin" : 564,  "end" : 664,  "label" : "Circumstances" }, 
    "3420" : {"_type" : "Span",  "sofa" : 1,  "begin" : 940,  "end" : 946,  "label" : "Smell_Word" }, 
    "3415" : {"_type" : "Span",  "sofa" : 1,  "begin" : 936,  "end" : 939,  "label" : "Quality" }, 
    "3432" : {"_type" : "Span",  "sofa" : 1,  "begin" : 752,  "end" : 905,  "label" : "Circumstances" }, 
    "3444" : {"_type" : "Span",  "sofa" : 1,  "begin" : 1077,  "end" : 1082,  "label" : "Smell_Word" }, 
    "3454" : {"_type" : "Span",  "sofa" : 1,  "begin" : 1006,  "end" : 1062,  "label" : "Circumstances" }, 
    "3449" : {"_type" : "Span",  "sofa" : 1,  "begin" : 994,  "end" : 1005,  "label" : "Smell_Source" }, 
    "3473" : {"_type" : "Span",  "sofa" : 1,  "begin" : 1092,  "end" : 1101,  "label" : "Quality" }, 
    "3483" : {"_type" : "Span",  "sofa" : 1,  "begin" : 1113,  "end" : 1123,  "label" : "Quality" }, 
    "3509" : {"_type" : "Span",  "sofa" : 1,  "begin" : 1129,  "end" : 1164,  "label" : "Effect" } } }