#FORMAT=WebAnno TSV 3.3


#Text=Caput 6
#Text=
#Text=
#Text=1 Et egressus inde, abiit in patriam suam : et sequebantur eum discipuli sui : 2 et facto sabbato cœpit in synagoga docere : et multi audientes admirabantur in doctrina ejus, dicentes : Unde huic hæc omnia ?
1-1	2-7	Caput	
1-2	8-9	6	
1-3	12-13	1	
1-4	14-16	Et	
1-5	17-25	egressus	
1-6	26-30	inde	
1-7	30-31	,	
1-8	32-37	abiit	
1-9	38-40	in	
1-10	41-48	patriam	
1-11	49-53	suam	
1-12	54-55	:	
1-13	56-58	et	
1-14	59-70	sequebantur	
1-15	71-74	eum	
1-16	75-84	discipuli	
1-17	85-88	sui	
1-18	89-90	:	
1-19	91-92	2	
1-20	93-95	et	
1-21	96-101	facto	
1-22	102-109	sabbato	
1-23	110-115	cœpit	
1-24	116-118	in	
1-25	119-127	synagoga	
1-26	128-134	docere	
1-27	135-136	:	
1-28	137-139	et	
1-29	140-145	multi	
1-30	146-155	audientes	
1-31	156-168	admirabantur	
1-32	169-171	in	
1-33	172-180	doctrina	
1-34	181-185	ejus	
1-35	185-186	,	
1-36	187-195	dicentes	
1-37	196-197	:	
1-38	198-202	Unde	
1-39	203-207	huic	
1-40	208-211	hæc	
1-41	212-217	omnia	
1-42	218-219	?	

#Text=et quæ est sapientia, quæ data est illi, et virtutes tales, quæ per manus ejus efficiuntur ?
2-1	220-222	et	
2-2	223-226	quæ	
2-3	227-230	est	
2-4	231-240	sapientia	
2-5	240-241	,	
2-6	242-245	quæ	
2-7	246-250	data	
2-8	251-254	est	
2-9	255-259	illi	
2-10	259-260	,	
2-11	261-263	et	
2-12	264-272	virtutes	
2-13	273-278	tales	
2-14	278-279	,	
2-15	280-283	quæ	
2-16	284-287	per	
2-17	288-293	manus	
2-18	294-298	ejus	
2-19	299-310	efficiuntur	
2-20	311-312	?	

#Text=3 Nonne hic est faber, filius Mariæ, frater Jacobi, et Joseph, et Judæ, et Simonis ?
3-1	313-314	3	
3-2	315-320	Nonne	
3-3	321-324	hic	
3-4	325-328	est	
3-5	329-334	faber	
3-6	334-335	,	
3-7	336-342	filius	
3-8	343-348	Mariæ	
3-9	348-349	,	
3-10	350-356	frater	
3-11	357-363	Jacobi	
3-12	363-364	,	
3-13	365-367	et	
3-14	368-374	Joseph	
3-15	374-375	,	
3-16	376-378	et	
3-17	379-383	Judæ	
3-18	383-384	,	
3-19	385-387	et	
3-20	388-395	Simonis	
3-21	396-397	?	

#Text=nonne et sorores ejus hic nobiscum sunt ?
4-1	398-403	nonne	
4-2	404-406	et	
4-3	407-414	sorores	
4-4	415-419	ejus	
4-5	420-423	hic	
4-6	424-432	nobiscum	
4-7	433-437	sunt	
4-8	438-439	?	

#Text=Et scandalizabantur in illo.
#Text=4 Et dicebat illis Jesus : Quia non est propheta sine honore nisi in patria sua, et in domo sua, et in cognatione sua.
#Text=5 Et non poterat ibi virtutem ullam facere, nisi paucos infirmos impositis manibus curavit : 6 et mirabatur propter incredulitatem eorum, et circuibat castella in circuitu docens.
#Text=7 Et vocavit duodecim : et cœpit eos mittere binos, et dabat illis potestatem spirituum immundorum.
#Text=8 Et præcepit eis ne quid tollerent in via, nisi virgam tantum : non peram, non panem, neque in zona æs, 9 sed calceatos sandaliis, et ne induerentur duabus tunicis.
#Text=10 Et dicebat eis : Quocumque introieritis in domum, illic manete donec exeatis inde : 11 et quicumque non receperint vos, nec audierint vos, exeuntes inde, excutite pulverem de pedibus vestris in testimonium illis.
#Text=12 Et exeuntes prædicabant ut pœnitentiam agerent : 13 et dæmonia multa ejiciebant, et ungebant oleo multos ægros, et sanabant.
#Text=14 Et audivit rex Herodes (manifestum enim factum est nomen ejus), et dicebat : Quia Joannes Baptista resurrexit a mortuis : et propterea virtutes operantur in illo.
#Text=15 Alii autem dicebant : Quia Elias est ; alii vero dicebant : Quia propheta est, quasi unus ex prophetis.
#Text=16 Quo audito Herodes ait : Quem ego decollavi Joannem, hic a mortuis resurrexit.
#Text=17 Ipse enim Herodes misit, ac tenuit Joannem, et vinxit eum in carcere propter Herodiadem uxorem Philippi fratris sui, quia duxerat eam.
#Text=18 Dicebat enim Joannes Herodi : Non licet tibi habere uxorem fratris tui.
#Text=19 Herodias autem insidiabatur illi : et volebat occidere eum, nec poterat.
#Text=20 Herodes enim metuebat Joannem, sciens eum virum justum et sanctum : et custodiebat eum, et audito eo multa faciebat, et libenter eum audiebat.
#Text=21 Et cum dies opportunus accidisset, Herodes natalis sui cœnam fecit principibus, et tribunis, et primis Galilææ : 22 cumque introisset filia ipsius Herodiadis, et saltasset, et placuisset Herodi, simulque recumbentibus, rex ait puellæ : Pete a me quod vis, et dabo tibi : 23 et juravit illi : Quia quidquid petieris dabo tibi, licet dimidium regni mei.
#Text=24 Quæ cum exisset, dixit matri suæ : Quid petam ?
5-1	440-442	Et	
5-2	443-459	scandalizabantur	
5-3	460-462	in	
5-4	463-467	illo	
5-5	467-468	.	
5-6	469-470	4	
5-7	471-473	Et	
5-8	474-481	dicebat	
5-9	482-487	illis	
5-10	488-493	Jesus	
5-11	494-495	:	
5-12	496-500	Quia	
5-13	501-504	non	
5-14	505-508	est	
5-15	509-517	propheta	
5-16	518-522	sine	
5-17	523-529	honore	
5-18	530-534	nisi	
5-19	535-537	in	
5-20	538-544	patria	
5-21	545-548	sua	
5-22	548-549	,	
5-23	550-552	et	
5-24	553-555	in	
5-25	556-560	domo	
5-26	561-564	sua	
5-27	564-565	,	
5-28	566-568	et	
5-29	569-571	in	
5-30	572-582	cognatione	
5-31	583-586	sua	
5-32	586-587	.	
5-33	588-589	5	
5-34	590-592	Et	
5-35	593-596	non	
5-36	597-604	poterat	
5-37	605-608	ibi	
5-38	609-617	virtutem	
5-39	618-623	ullam	
5-40	624-630	facere	
5-41	630-631	,	
5-42	632-636	nisi	
5-43	637-643	paucos	
5-44	644-652	infirmos	
5-45	653-662	impositis	
5-46	663-670	manibus	
5-47	671-678	curavit	
5-48	679-680	:	
5-49	681-682	6	
5-50	683-685	et	
5-51	686-695	mirabatur	
5-52	696-703	propter	
5-53	704-718	incredulitatem	
5-54	719-724	eorum	
5-55	724-725	,	
5-56	726-728	et	
5-57	729-738	circuibat	
5-58	739-747	castella	
5-59	748-750	in	
5-60	751-759	circuitu	
5-61	760-766	docens	
5-62	766-767	.	
5-63	768-769	7	
5-64	770-772	Et	
5-65	773-780	vocavit	
5-66	781-789	duodecim	
5-67	790-791	:	
5-68	792-794	et	
5-69	795-800	cœpit	
5-70	801-804	eos	
5-71	805-812	mittere	
5-72	813-818	binos	
5-73	818-819	,	
5-74	820-822	et	
5-75	823-828	dabat	
5-76	829-834	illis	
5-77	835-845	potestatem	
5-78	846-855	spirituum	
5-79	856-866	immundorum	
5-80	866-867	.	
5-81	868-869	8	
5-82	870-872	Et	
5-83	873-881	præcepit	
5-84	882-885	eis	
5-85	886-888	ne	
5-86	889-893	quid	
5-87	894-903	tollerent	
5-88	904-906	in	
5-89	907-910	via	
5-90	910-911	,	
5-91	912-916	nisi	
5-92	917-923	virgam	
5-93	924-930	tantum	
5-94	931-932	:	
5-95	933-936	non	
5-96	937-942	peram	
5-97	942-943	,	
5-98	944-947	non	
5-99	948-953	panem	
5-100	953-954	,	
5-101	955-960	neque	
5-102	961-963	in	
5-103	964-968	zona	
5-104	969-971	æs	
5-105	971-972	,	
5-106	973-974	9	
5-107	975-978	sed	
5-108	979-988	calceatos	
5-109	989-998	sandaliis	
5-110	998-999	,	
5-111	1000-1002	et	
5-112	1003-1005	ne	
5-113	1006-1017	induerentur	
5-114	1018-1024	duabus	
5-115	1025-1032	tunicis	
5-116	1032-1033	.	
5-117	1034-1036	10	
5-118	1037-1039	Et	
5-119	1040-1047	dicebat	
5-120	1048-1051	eis	
5-121	1052-1053	:	
5-122	1054-1063	Quocumque	
5-123	1064-1076	introieritis	
5-124	1077-1079	in	
5-125	1080-1085	domum	
5-126	1085-1086	,	
5-127	1087-1092	illic	
5-128	1093-1099	manete	
5-129	1100-1105	donec	
5-130	1106-1113	exeatis	
5-131	1114-1118	inde	
5-132	1119-1120	:	
5-133	1121-1123	11	
5-134	1124-1126	et	
5-135	1127-1136	quicumque	
5-136	1137-1140	non	
5-137	1141-1151	receperint	
5-138	1152-1155	vos	
5-139	1155-1156	,	
5-140	1157-1160	nec	
5-141	1161-1170	audierint	
5-142	1171-1174	vos	
5-143	1174-1175	,	
5-144	1176-1184	exeuntes	
5-145	1185-1189	inde	
5-146	1189-1190	,	
5-147	1191-1199	excutite	
5-148	1200-1208	pulverem	
5-149	1209-1211	de	
5-150	1212-1219	pedibus	
5-151	1220-1227	vestris	
5-152	1228-1230	in	
5-153	1231-1242	testimonium	
5-154	1243-1248	illis	
5-155	1248-1249	.	
5-156	1250-1252	12	
5-157	1253-1255	Et	
5-158	1256-1264	exeuntes	
5-159	1265-1276	prædicabant	
5-160	1277-1279	ut	
5-161	1280-1291	pœnitentiam	
5-162	1292-1299	agerent	
5-163	1300-1301	:	
5-164	1302-1304	13	
5-165	1305-1307	et	
5-166	1308-1315	dæmonia	
5-167	1316-1321	multa	
5-168	1322-1332	ejiciebant	
5-169	1332-1333	,	
5-170	1334-1336	et	
5-171	1337-1345	ungebant	
5-172	1346-1350	oleo	
5-173	1351-1357	multos	
5-174	1358-1363	ægros	
5-175	1363-1364	,	
5-176	1365-1367	et	
5-177	1368-1376	sanabant	
5-178	1376-1377	.	
5-179	1378-1380	14	
5-180	1381-1383	Et	
5-181	1384-1391	audivit	
5-182	1392-1395	rex	
5-183	1396-1403	Herodes	
5-184	1404-1405	(	
5-185	1405-1415	manifestum	
5-186	1416-1420	enim	
5-187	1421-1427	factum	
5-188	1428-1431	est	
5-189	1432-1437	nomen	
5-190	1438-1442	ejus	
5-191	1442-1443	)	
5-192	1443-1444	,	
5-193	1445-1447	et	
5-194	1448-1455	dicebat	
5-195	1456-1457	:	
5-196	1458-1462	Quia	
5-197	1463-1470	Joannes	
5-198	1471-1479	Baptista	
5-199	1480-1490	resurrexit	
5-200	1491-1492	a	
5-201	1493-1500	mortuis	
5-202	1501-1502	:	
5-203	1503-1505	et	
5-204	1506-1515	propterea	
5-205	1516-1524	virtutes	
5-206	1525-1534	operantur	
5-207	1535-1537	in	
5-208	1538-1542	illo	
5-209	1542-1543	.	
5-210	1544-1546	15	
5-211	1547-1551	Alii	
5-212	1552-1557	autem	
5-213	1558-1566	dicebant	
5-214	1567-1568	:	
5-215	1569-1573	Quia	
5-216	1574-1579	Elias	
5-217	1580-1583	est	
5-218	1584-1585	;	
5-219	1586-1590	alii	
5-220	1591-1595	vero	
5-221	1596-1604	dicebant	
5-222	1605-1606	:	
5-223	1607-1611	Quia	
5-224	1612-1620	propheta	
5-225	1621-1624	est	
5-226	1624-1625	,	
5-227	1626-1631	quasi	
5-228	1632-1636	unus	
5-229	1637-1639	ex	
5-230	1640-1649	prophetis	
5-231	1649-1650	.	
5-232	1651-1653	16	
5-233	1654-1657	Quo	
5-234	1658-1664	audito	
5-235	1665-1672	Herodes	
5-236	1673-1676	ait	
5-237	1677-1678	:	
5-238	1679-1683	Quem	
5-239	1684-1687	ego	
5-240	1688-1697	decollavi	
5-241	1698-1705	Joannem	
5-242	1705-1706	,	
5-243	1707-1710	hic	
5-244	1711-1712	a	
5-245	1713-1720	mortuis	
5-246	1721-1731	resurrexit	
5-247	1731-1732	.	
5-248	1733-1735	17	
5-249	1736-1740	Ipse	
5-250	1741-1745	enim	
5-251	1746-1753	Herodes	
5-252	1754-1759	misit	
5-253	1759-1760	,	
5-254	1761-1763	ac	
5-255	1764-1770	tenuit	
5-256	1771-1778	Joannem	
5-257	1778-1779	,	
5-258	1780-1782	et	
5-259	1783-1789	vinxit	
5-260	1790-1793	eum	
5-261	1794-1796	in	
5-262	1797-1804	carcere	
5-263	1805-1812	propter	
5-264	1813-1823	Herodiadem	
5-265	1824-1830	uxorem	
5-266	1831-1839	Philippi	
5-267	1840-1847	fratris	
5-268	1848-1851	sui	
5-269	1851-1852	,	
5-270	1853-1857	quia	
5-271	1858-1865	duxerat	
5-272	1866-1869	eam	
5-273	1869-1870	.	
5-274	1871-1873	18	
5-275	1874-1881	Dicebat	
5-276	1882-1886	enim	
5-277	1887-1894	Joannes	
5-278	1895-1901	Herodi	
5-279	1902-1903	:	
5-280	1904-1907	Non	
5-281	1908-1913	licet	
5-282	1914-1918	tibi	
5-283	1919-1925	habere	
5-284	1926-1932	uxorem	
5-285	1933-1940	fratris	
5-286	1941-1944	tui	
5-287	1944-1945	.	
5-288	1946-1948	19	
5-289	1949-1957	Herodias	
5-290	1958-1963	autem	
5-291	1964-1976	insidiabatur	
5-292	1977-1981	illi	
5-293	1982-1983	:	
5-294	1984-1986	et	
5-295	1987-1994	volebat	
5-296	1995-2003	occidere	
5-297	2004-2007	eum	
5-298	2007-2008	,	
5-299	2009-2012	nec	
5-300	2013-2020	poterat	
5-301	2020-2021	.	
5-302	2022-2024	20	
5-303	2025-2032	Herodes	
5-304	2033-2037	enim	
5-305	2038-2046	metuebat	
5-306	2047-2054	Joannem	
5-307	2054-2055	,	
5-308	2056-2062	sciens	
5-309	2063-2066	eum	
5-310	2067-2072	virum	
5-311	2073-2079	justum	
5-312	2080-2082	et	
5-313	2083-2090	sanctum	
5-314	2091-2092	:	
5-315	2093-2095	et	
5-316	2096-2107	custodiebat	
5-317	2108-2111	eum	
5-318	2111-2112	,	
5-319	2113-2115	et	
5-320	2116-2122	audito	
5-321	2123-2125	eo	
5-322	2126-2131	multa	
5-323	2132-2140	faciebat	
5-324	2140-2141	,	
5-325	2142-2144	et	
5-326	2145-2153	libenter	
5-327	2154-2157	eum	
5-328	2158-2166	audiebat	
5-329	2166-2167	.	
5-330	2168-2170	21	
5-331	2171-2173	Et	
5-332	2174-2177	cum	
5-333	2178-2182	dies	
5-334	2183-2193	opportunus	
5-335	2194-2204	accidisset	
5-336	2204-2205	,	
5-337	2206-2213	Herodes	
5-338	2214-2221	natalis	
5-339	2222-2225	sui	
5-340	2226-2231	cœnam	
5-341	2232-2237	fecit	
5-342	2238-2249	principibus	
5-343	2249-2250	,	
5-344	2251-2253	et	
5-345	2254-2262	tribunis	
5-346	2262-2263	,	
5-347	2264-2266	et	
5-348	2267-2273	primis	
5-349	2274-2281	Galilææ	
5-350	2282-2283	:	
5-351	2284-2286	22	
5-352	2287-2293	cumque	
5-353	2294-2304	introisset	
5-354	2305-2310	filia	
5-355	2311-2317	ipsius	
5-356	2318-2328	Herodiadis	
5-357	2328-2329	,	
5-358	2330-2332	et	
5-359	2333-2342	saltasset	
5-360	2342-2343	,	
5-361	2344-2346	et	
5-362	2347-2357	placuisset	
5-363	2358-2364	Herodi	
5-364	2364-2365	,	
5-365	2366-2374	simulque	
5-366	2375-2388	recumbentibus	
5-367	2388-2389	,	
5-368	2390-2393	rex	
5-369	2394-2397	ait	
5-370	2398-2404	puellæ	
5-371	2405-2406	:	
5-372	2407-2411	Pete	
5-373	2412-2413	a	
5-374	2414-2416	me	
5-375	2417-2421	quod	
5-376	2422-2425	vis	
5-377	2425-2426	,	
5-378	2427-2429	et	
5-379	2430-2434	dabo	
5-380	2435-2439	tibi	
5-381	2440-2441	:	
5-382	2442-2444	23	
5-383	2445-2447	et	
5-384	2448-2455	juravit	
5-385	2456-2460	illi	
5-386	2461-2462	:	
5-387	2463-2467	Quia	
5-388	2468-2476	quidquid	
5-389	2477-2485	petieris	
5-390	2486-2490	dabo	
5-391	2491-2495	tibi	
5-392	2495-2496	,	
5-393	2497-2502	licet	
5-394	2503-2511	dimidium	
5-395	2512-2517	regni	
5-396	2518-2521	mei	
5-397	2521-2522	.	
5-398	2523-2525	24	
5-399	2526-2529	Quæ	
5-400	2530-2533	cum	
5-401	2534-2541	exisset	
5-402	2541-2542	,	
5-403	2543-2548	dixit	
5-404	2549-2554	matri	
5-405	2555-2558	suæ	
5-406	2559-2560	:	
5-407	2561-2565	Quid	
5-408	2566-2571	petam	
5-409	2572-2573	?	
