{"_context" : {
    "_types" : {
      "DocumentMetaData" : {
        "_feature_types" : {"sofa" : "_ref" } }, 
      "Relation" : {
        "_feature_types" : {"sofa" : "_ref",  "Dependent" : "_ref",  "Governor" : "_ref" } }, 
      "Sentence" : {
        "_feature_types" : {"sofa" : "_ref" } }, 
      "Sofa" : {
        "_feature_types" : {"sofaArray" : "_ref" } }, 
      "Span" : {
        "_feature_types" : {"sofa" : "_ref" } }, 
      "TagsetDescription" : {
        "_feature_types" : {"sofa" : "_ref",  "tags" : "_ref" } }, 
      "Token" : {
        "_feature_types" : {"sofa" : "_ref",  "parent" : "_ref",  "lemma" : "_ref",  "stem" : "_ref",  "pos" : "_ref",  "morph" : "_ref",  "form" : "_ref" } }, 
      "DocumentAnnotation" : {
        "_feature_types" : {"sofa" : "_ref" }, 
        "_subtypes" : ["DocumentMetaData" ] }, 
      "Annotation" : {
        "_feature_types" : {"sofa" : "_ref" }, 
        "_subtypes" : ["DocumentAnnotation",  "Relation",  "Sentence",  "Span",  "TagsetDescription",  "Token" ] }, 
      "AnnotationBase" : {
        "_feature_types" : {"sofa" : "_ref" }, 
        "_subtypes" : ["Annotation" ] }, 
      "TOP" : {
        "_subtypes" : ["AnnotationBase",  "Sofa" ] } } }, 
  "_views" : {
    "_InitialView" : {
      "Relation" : [
        {"sofa" : 1,  "begin" : 942,  "end" : 946,  "Dependent" : 7451,  "Governor" : 7456 }, 
        {"sofa" : 1,  "begin" : 942,  "end" : 946,  "Dependent" : 7451,  "Governor" : 7461 }, 
        {"sofa" : 1,  "begin" : 942,  "end" : 946,  "Dependent" : 7451,  "Governor" : 7466 }, 
        {"sofa" : 1,  "begin" : 942,  "end" : 946,  "Dependent" : 7451,  "Governor" : 7492 }, 
        {"sofa" : 1,  "begin" : 942,  "end" : 946,  "Dependent" : 7451,  "Governor" : 7504 }, 
        {"sofa" : 1,  "begin" : 1006,  "end" : 1008,  "Dependent" : 7533,  "Governor" : 7504,  "label" : "Anaphoric" }, 
        {"sofa" : 1,  "begin" : 1058,  "end" : 1063,  "Dependent" : 7516,  "Governor" : 7521 }, 
        {"sofa" : 1,  "begin" : 1058,  "end" : 1063,  "Dependent" : 7516,  "Governor" : 7533 }, 
        {"sofa" : 1,  "begin" : 1058,  "end" : 1063,  "Dependent" : 7516,  "Governor" : 7552 }, 
        {"sofa" : 1,  "begin" : 1115,  "end" : 1120,  "Dependent" : 7564,  "Governor" : 7569 }, 
        {"sofa" : 1,  "begin" : 1213,  "end" : 1217,  "Dependent" : 7581,  "Governor" : 7586 }, 
        {"sofa" : 1,  "begin" : 1213,  "end" : 1217,  "Dependent" : 7581,  "Governor" : 7598 }, 
        {"sofa" : 1,  "begin" : 1692,  "end" : 1697,  "Dependent" : 7639,  "Governor" : 7644,  "label" : "Anaphoric" }, 
        {"sofa" : 1,  "begin" : 1711,  "end" : 1725,  "Dependent" : 7610,  "Governor" : 7615 }, 
        {"sofa" : 1,  "begin" : 1711,  "end" : 1725,  "Dependent" : 7610,  "Governor" : 7627 }, 
        {"sofa" : 1,  "begin" : 1711,  "end" : 1725,  "Dependent" : 7610,  "Governor" : 7639 } ], 
      "Span" : [7492,  7466,  7461,  7456,  7451,  7504,  7533,  7521,  7516,  7552,  7564,  7569,  7598,  7581,  7586,  7644,  7639,  7610,  7615,  7627 ], 
      "DocumentMetaData" : [
        {"sofa" : 1,  "end" : 2796,  "language" : "x-unspecified",  "documentTitle" : "047E%20David%20Livingstone%201857%20Missionary%20Travels__118_distribution_TRAV.txt",  "documentId" : "satonelli",  "documentUri" : "file:/home/dhuser/alessio/inception/repository/project/29/document/8694/source/satonelli",  "collectionId" : "file:/home/dhuser/alessio/inception/repository/project/29/document/8694/source/",  "documentBaseUri" : "file:/home/dhuser/alessio/inception/repository/project/29/document/8694/source/",  "isLastSegment" : false } ], 
      "TagsetDescription" : [
        {"sofa" : 1,  "layer" : "webanno.custom.Emotions",  "name" : "Emotion Labels",  "input" : false }, 
        {"sofa" : 1,  "layer" : "custom.Relation",  "name" : "Relation labels",  "input" : false }, 
        {"sofa" : 1,  "layer" : "custom.Span",  "name" : "Smell labels",  "input" : false } ], 
      "Sentence" : [
        {"sofa" : 1,  "end" : 311 }, 
        {"sofa" : 1,  "begin" : 312,  "end" : 529 }, 
        {"sofa" : 1,  "begin" : 531,  "end" : 630 }, 
        {"sofa" : 1,  "begin" : 631,  "end" : 720 }, 
        {"sofa" : 1,  "begin" : 721,  "end" : 837 }, 
        {"sofa" : 1,  "begin" : 838,  "end" : 947 }, 
        {"sofa" : 1,  "begin" : 948,  "end" : 1005 }, 
        {"sofa" : 1,  "begin" : 1006,  "end" : 1110 }, 
        {"sofa" : 1,  "begin" : 1111,  "end" : 1243 }, 
        {"sofa" : 1,  "begin" : 1245,  "end" : 1348 }, 
        {"sofa" : 1,  "begin" : 1349,  "end" : 1474 }, 
        {"sofa" : 1,  "begin" : 1475,  "end" : 1520 }, 
        {"sofa" : 1,  "begin" : 1521,  "end" : 1585 }, 
        {"sofa" : 1,  "begin" : 1586,  "end" : 1614 }, 
        {"sofa" : 1,  "begin" : 1615,  "end" : 1769 }, 
        {"sofa" : 1,  "begin" : 1770,  "end" : 1865 }, 
        {"sofa" : 1,  "begin" : 1866,  "end" : 1919 }, 
        {"sofa" : 1,  "begin" : 1920,  "end" : 2223 }, 
        {"sofa" : 1,  "begin" : 2224,  "end" : 2616 }, 
        {"sofa" : 1,  "begin" : 2617,  "end" : 2796 } ], 
      "Token" : [
        {"sofa" : 1,  "end" : 2 }, 
        {"sofa" : 1,  "begin" : 3,  "end" : 6 }, 
        {"sofa" : 1,  "begin" : 7,  "end" : 10 }, 
        {"sofa" : 1,  "begin" : 11,  "end" : 15 }, 
        {"sofa" : 1,  "begin" : 16,  "end" : 23 }, 
        {"sofa" : 1,  "begin" : 23,  "end" : 24 }, 
        {"sofa" : 1,  "begin" : 25,  "end" : 30 }, 
        {"sofa" : 1,  "begin" : 31,  "end" : 34 }, 
        {"sofa" : 1,  "begin" : 35,  "end" : 42 }, 
        {"sofa" : 1,  "begin" : 43,  "end" : 52 }, 
        {"sofa" : 1,  "begin" : 53,  "end" : 58 }, 
        {"sofa" : 1,  "begin" : 59,  "end" : 64 }, 
        {"sofa" : 1,  "begin" : 65,  "end" : 68 }, 
        {"sofa" : 1,  "begin" : 69,  "end" : 76 }, 
        {"sofa" : 1,  "begin" : 77,  "end" : 79 }, 
        {"sofa" : 1,  "begin" : 80,  "end" : 90 }, 
        {"sofa" : 1,  "begin" : 90,  "end" : 91 }, 
        {"sofa" : 1,  "begin" : 92,  "end" : 93 }, 
        {"sofa" : 1,  "begin" : 94,  "end" : 99 }, 
        {"sofa" : 1,  "begin" : 100,  "end" : 101 }, 
        {"sofa" : 1,  "begin" : 102,  "end" : 109 }, 
        {"sofa" : 1,  "begin" : 110,  "end" : 112 }, 
        {"sofa" : 1,  "begin" : 113,  "end" : 119 }, 
        {"sofa" : 1,  "begin" : 119,  "end" : 120 }, 
        {"sofa" : 1,  "begin" : 121,  "end" : 126 }, 
        {"sofa" : 1,  "begin" : 127,  "end" : 130 }, 
        {"sofa" : 1,  "begin" : 131,  "end" : 136 }, 
        {"sofa" : 1,  "begin" : 137,  "end" : 138 }, 
        {"sofa" : 1,  "begin" : 139,  "end" : 143 }, 
        {"sofa" : 1,  "begin" : 144,  "end" : 148 }, 
        {"sofa" : 1,  "begin" : 149,  "end" : 151 }, 
        {"sofa" : 1,  "begin" : 152,  "end" : 155 }, 
        {"sofa" : 1,  "begin" : 156,  "end" : 163 }, 
        {"sofa" : 1,  "begin" : 163,  "end" : 164 }, 
        {"sofa" : 1,  "begin" : 165,  "end" : 171 }, 
        {"sofa" : 1,  "begin" : 171,  "end" : 172 }, 
        {"sofa" : 1,  "begin" : 173,  "end" : 176 }, 
        {"sofa" : 1,  "begin" : 177,  "end" : 179 }, 
        {"sofa" : 1,  "begin" : 180,  "end" : 183 }, 
        {"sofa" : 1,  "begin" : 184,  "end" : 190 }, 
        {"sofa" : 1,  "begin" : 191,  "end" : 195 }, 
        {"sofa" : 1,  "begin" : 196,  "end" : 197 }, 
        {"sofa" : 1,  "begin" : 198,  "end" : 204 }, 
        {"sofa" : 1,  "begin" : 205,  "end" : 208 }, 
        {"sofa" : 1,  "begin" : 209,  "end" : 215 }, 
        {"sofa" : 1,  "begin" : 215,  "end" : 216 }, 
        {"sofa" : 1,  "begin" : 217,  "end" : 220 }, 
        {"sofa" : 1,  "begin" : 221,  "end" : 223 }, 
        {"sofa" : 1,  "begin" : 224,  "end" : 228 }, 
        {"sofa" : 1,  "begin" : 229,  "end" : 234 }, 
        {"sofa" : 1,  "begin" : 234,  "end" : 235 }, 
        {"sofa" : 1,  "begin" : 236,  "end" : 239 }, 
        {"sofa" : 1,  "begin" : 240,  "end" : 246 }, 
        {"sofa" : 1,  "begin" : 247,  "end" : 249 }, 
        {"sofa" : 1,  "begin" : 250,  "end" : 255 }, 
        {"sofa" : 1,  "begin" : 256,  "end" : 259 }, 
        {"sofa" : 1,  "begin" : 260,  "end" : 273 }, 
        {"sofa" : 1,  "begin" : 273,  "end" : 274 }, 
        {"sofa" : 1,  "begin" : 275,  "end" : 278 }, 
        {"sofa" : 1,  "begin" : 279,  "end" : 282 }, 
        {"sofa" : 1,  "begin" : 283,  "end" : 290 }, 
        {"sofa" : 1,  "begin" : 291,  "end" : 294 }, 
        {"sofa" : 1,  "begin" : 294,  "end" : 295 }, 
        {"sofa" : 1,  "begin" : 296,  "end" : 302 }, 
        {"sofa" : 1,  "begin" : 303,  "end" : 310 }, 
        {"sofa" : 1,  "begin" : 310,  "end" : 311 }, 
        {"sofa" : 1,  "begin" : 312,  "end" : 316 }, 
        {"sofa" : 1,  "begin" : 317,  "end" : 320 }, 
        {"sofa" : 1,  "begin" : 321,  "end" : 326 }, 
        {"sofa" : 1,  "begin" : 327,  "end" : 329 }, 
        {"sofa" : 1,  "begin" : 330,  "end" : 338 }, 
        {"sofa" : 1,  "begin" : 339,  "end" : 342 }, 
        {"sofa" : 1,  "begin" : 343,  "end" : 345 }, 
        {"sofa" : 1,  "begin" : 346,  "end" : 354 }, 
        {"sofa" : 1,  "begin" : 355,  "end" : 359 }, 
        {"sofa" : 1,  "begin" : 360,  "end" : 363 }, 
        {"sofa" : 1,  "begin" : 364,  "end" : 368 }, 
        {"sofa" : 1,  "begin" : 369,  "end" : 373 }, 
        {"sofa" : 1,  "begin" : 374,  "end" : 377 }, 
        {"sofa" : 1,  "begin" : 378,  "end" : 386 }, 
        {"sofa" : 1,  "begin" : 387,  "end" : 391 }, 
        {"sofa" : 1,  "begin" : 392,  "end" : 394 }, 
        {"sofa" : 1,  "begin" : 395,  "end" : 399 }, 
        {"sofa" : 1,  "begin" : 400,  "end" : 410 }, 
        {"sofa" : 1,  "begin" : 411,  "end" : 413 }, 
        {"sofa" : 1,  "begin" : 414,  "end" : 425 }, 
        {"sofa" : 1,  "begin" : 426,  "end" : 429 }, 
        {"sofa" : 1,  "begin" : 430,  "end" : 435 }, 
        {"sofa" : 1,  "begin" : 436,  "end" : 441 }, 
        {"sofa" : 1,  "begin" : 442,  "end" : 447 }, 
        {"sofa" : 1,  "begin" : 448,  "end" : 454 }, 
        {"sofa" : 1,  "begin" : 455,  "end" : 459 }, 
        {"sofa" : 1,  "begin" : 460,  "end" : 464 }, 
        {"sofa" : 1,  "begin" : 465,  "end" : 467 }, 
        {"sofa" : 1,  "begin" : 467,  "end" : 468 }, 
        {"sofa" : 1,  "begin" : 469,  "end" : 473 }, 
        {"sofa" : 1,  "begin" : 474,  "end" : 478 }, 
        {"sofa" : 1,  "begin" : 479,  "end" : 486 }, 
        {"sofa" : 1,  "begin" : 487,  "end" : 489 }, 
        {"sofa" : 1,  "begin" : 490,  "end" : 493 }, 
        {"sofa" : 1,  "begin" : 494,  "end" : 497 }, 
        {"sofa" : 1,  "begin" : 498,  "end" : 503 }, 
        {"sofa" : 1,  "begin" : 504,  "end" : 506 }, 
        {"sofa" : 1,  "begin" : 507,  "end" : 515 }, 
        {"sofa" : 1,  "begin" : 516,  "end" : 519 }, 
        {"sofa" : 1,  "begin" : 520,  "end" : 528 }, 
        {"sofa" : 1,  "begin" : 528,  "end" : 529 }, 
        {"sofa" : 1,  "begin" : 531,  "end" : 533 }, 
        {"sofa" : 1,  "begin" : 534,  "end" : 537 }, 
        {"sofa" : 1,  "begin" : 538,  "end" : 542 }, 
        {"sofa" : 1,  "begin" : 543,  "end" : 545 }, 
        {"sofa" : 1,  "begin" : 546,  "end" : 553 }, 
        {"sofa" : 1,  "begin" : 554,  "end" : 556 }, 
        {"sofa" : 1,  "begin" : 557,  "end" : 564 }, 
        {"sofa" : 1,  "begin" : 565,  "end" : 568 }, 
        {"sofa" : 1,  "begin" : 569,  "end" : 574 }, 
        {"sofa" : 1,  "begin" : 575,  "end" : 577 }, 
        {"sofa" : 1,  "begin" : 578,  "end" : 588 }, 
        {"sofa" : 1,  "begin" : 588,  "end" : 589 }, 
        {"sofa" : 1,  "begin" : 590,  "end" : 593 }, 
        {"sofa" : 1,  "begin" : 594,  "end" : 599 }, 
        {"sofa" : 1,  "begin" : 600,  "end" : 604 }, 
        {"sofa" : 1,  "begin" : 605,  "end" : 608 }, 
        {"sofa" : 1,  "begin" : 609,  "end" : 612 }, 
        {"sofa" : 1,  "begin" : 613,  "end" : 618 }, 
        {"sofa" : 1,  "begin" : 619,  "end" : 623 }, 
        {"sofa" : 1,  "begin" : 624,  "end" : 629 }, 
        {"sofa" : 1,  "begin" : 629,  "end" : 630 }, 
        {"sofa" : 1,  "begin" : 631,  "end" : 637 }, 
        {"sofa" : 1,  "begin" : 637,  "end" : 638 }, 
        {"sofa" : 1,  "begin" : 639,  "end" : 644 }, 
        {"sofa" : 1,  "begin" : 645,  "end" : 646 }, 
        {"sofa" : 1,  "begin" : 647,  "end" : 650 }, 
        {"sofa" : 1,  "begin" : 651,  "end" : 659 }, 
        {"sofa" : 1,  "begin" : 660,  "end" : 664 }, 
        {"sofa" : 1,  "begin" : 665,  "end" : 666 }, 
        {"sofa" : 1,  "begin" : 667,  "end" : 673 }, 
        {"sofa" : 1,  "begin" : 674,  "end" : 681 }, 
        {"sofa" : 1,  "begin" : 682,  "end" : 686 }, 
        {"sofa" : 1,  "begin" : 687,  "end" : 688 }, 
        {"sofa" : 1,  "begin" : 689,  "end" : 694 }, 
        {"sofa" : 1,  "begin" : 695,  "end" : 700 }, 
        {"sofa" : 1,  "begin" : 701,  "end" : 705 }, 
        {"sofa" : 1,  "begin" : 705,  "end" : 706 }, 
        {"sofa" : 1,  "begin" : 707,  "end" : 710 }, 
        {"sofa" : 1,  "begin" : 711,  "end" : 715 }, 
        {"sofa" : 1,  "begin" : 716,  "end" : 719 }, 
        {"sofa" : 1,  "begin" : 719,  "end" : 720 }, 
        {"sofa" : 1,  "begin" : 721,  "end" : 724 }, 
        {"sofa" : 1,  "begin" : 725,  "end" : 728 }, 
        {"sofa" : 1,  "begin" : 729,  "end" : 733 }, 
        {"sofa" : 1,  "begin" : 734,  "end" : 740 }, 
        {"sofa" : 1,  "begin" : 741,  "end" : 743 }, 
        {"sofa" : 1,  "begin" : 744,  "end" : 752 }, 
        {"sofa" : 1,  "begin" : 752,  "end" : 753 }, 
        {"sofa" : 1,  "begin" : 754,  "end" : 758 }, 
        {"sofa" : 1,  "begin" : 759,  "end" : 761 }, 
        {"sofa" : 1,  "begin" : 762,  "end" : 768 }, 
        {"sofa" : 1,  "begin" : 768,  "end" : 769 }, 
        {"sofa" : 1,  "begin" : 770,  "end" : 775 }, 
        {"sofa" : 1,  "begin" : 776,  "end" : 787 }, 
        {"sofa" : 1,  "begin" : 787,  "end" : 788 }, 
        {"sofa" : 1,  "begin" : 789,  "end" : 791 }, 
        {"sofa" : 1,  "begin" : 792,  "end" : 798 }, 
        {"sofa" : 1,  "begin" : 799,  "end" : 801 }, 
        {"sofa" : 1,  "begin" : 802,  "end" : 804 }, 
        {"sofa" : 1,  "begin" : 805,  "end" : 811 }, 
        {"sofa" : 1,  "begin" : 812,  "end" : 815 }, 
        {"sofa" : 1,  "begin" : 816,  "end" : 819 }, 
        {"sofa" : 1,  "begin" : 820,  "end" : 829 }, 
        {"sofa" : 1,  "begin" : 830,  "end" : 836 }, 
        {"sofa" : 1,  "begin" : 836,  "end" : 837 }, 
        {"sofa" : 1,  "begin" : 838,  "end" : 840 }, 
        {"sofa" : 1,  "begin" : 841,  "end" : 850 }, 
        {"sofa" : 1,  "begin" : 851,  "end" : 858 }, 
        {"sofa" : 1,  "begin" : 859,  "end" : 863 }, 
        {"sofa" : 1,  "begin" : 864,  "end" : 871 }, 
        {"sofa" : 1,  "begin" : 871,  "end" : 872 }, 
        {"sofa" : 1,  "begin" : 873,  "end" : 876 }, 
        {"sofa" : 1,  "begin" : 877,  "end" : 886 }, 
        {"sofa" : 1,  "begin" : 887,  "end" : 893 }, 
        {"sofa" : 1,  "begin" : 894,  "end" : 897 }, 
        {"sofa" : 1,  "begin" : 898,  "end" : 908 }, 
        {"sofa" : 1,  "begin" : 909,  "end" : 916 }, 
        {"sofa" : 1,  "begin" : 917,  "end" : 919 }, 
        {"sofa" : 1,  "begin" : 920,  "end" : 921 }, 
        {"sofa" : 1,  "begin" : 922,  "end" : 928 }, 
        {"sofa" : 1,  "begin" : 929,  "end" : 941 }, 
        {"sofa" : 1,  "begin" : 942,  "end" : 946 }, 
        {"sofa" : 1,  "begin" : 946,  "end" : 947 }, 
        {"sofa" : 1,  "begin" : 948,  "end" : 952 }, 
        {"sofa" : 1,  "begin" : 953,  "end" : 955 }, 
        {"sofa" : 1,  "begin" : 956,  "end" : 962 }, 
        {"sofa" : 1,  "begin" : 963,  "end" : 965 }, 
        {"sofa" : 1,  "begin" : 966,  "end" : 967 }, 
        {"sofa" : 1,  "begin" : 968,  "end" : 973 }, 
        {"sofa" : 1,  "begin" : 974,  "end" : 983 }, 
        {"sofa" : 1,  "begin" : 984,  "end" : 987 }, 
        {"sofa" : 1,  "begin" : 988,  "end" : 993 }, 
        {"sofa" : 1,  "begin" : 994,  "end" : 995 }, 
        {"sofa" : 1,  "begin" : 995,  "end" : 1003 }, 
        {"sofa" : 1,  "begin" : 1003,  "end" : 1004 }, 
        {"sofa" : 1,  "begin" : 1004,  "end" : 1005 }, 
        {"sofa" : 1,  "begin" : 1006,  "end" : 1008 }, 
        {"sofa" : 1,  "begin" : 1009,  "end" : 1011 }, 
        {"sofa" : 1,  "begin" : 1012,  "end" : 1018 }, 
        {"sofa" : 1,  "begin" : 1019,  "end" : 1021 }, 
        {"sofa" : 1,  "begin" : 1022,  "end" : 1026 }, 
        {"sofa" : 1,  "begin" : 1027,  "end" : 1029 }, 
        {"sofa" : 1,  "begin" : 1030,  "end" : 1036 }, 
        {"sofa" : 1,  "begin" : 1036,  "end" : 1037 }, 
        {"sofa" : 1,  "begin" : 1038,  "end" : 1041 }, 
        {"sofa" : 1,  "begin" : 1042,  "end" : 1047 }, 
        {"sofa" : 1,  "begin" : 1048,  "end" : 1049 }, 
        {"sofa" : 1,  "begin" : 1050,  "end" : 1057 }, 
        {"sofa" : 1,  "begin" : 1058,  "end" : 1063 }, 
        {"sofa" : 1,  "begin" : 1064,  "end" : 1068 }, 
        {"sofa" : 1,  "begin" : 1069,  "end" : 1076 }, 
        {"sofa" : 1,  "begin" : 1076,  "end" : 1077 }, 
        {"sofa" : 1,  "begin" : 1078,  "end" : 1080 }, 
        {"sofa" : 1,  "begin" : 1081,  "end" : 1084 }, 
        {"sofa" : 1,  "begin" : 1085,  "end" : 1089 }, 
        {"sofa" : 1,  "begin" : 1090,  "end" : 1096 }, 
        {"sofa" : 1,  "begin" : 1097,  "end" : 1099 }, 
        {"sofa" : 1,  "begin" : 1100,  "end" : 1103 }, 
        {"sofa" : 1,  "begin" : 1104,  "end" : 1109 }, 
        {"sofa" : 1,  "begin" : 1109,  "end" : 1110 }, 
        {"sofa" : 1,  "begin" : 1111,  "end" : 1114 }, 
        {"sofa" : 1,  "begin" : 1115,  "end" : 1120 }, 
        {"sofa" : 1,  "begin" : 1121,  "end" : 1125 }, 
        {"sofa" : 1,  "begin" : 1126,  "end" : 1128 }, 
        {"sofa" : 1,  "begin" : 1129,  "end" : 1131 }, 
        {"sofa" : 1,  "begin" : 1132,  "end" : 1140 }, 
        {"sofa" : 1,  "begin" : 1141,  "end" : 1143 }, 
        {"sofa" : 1,  "begin" : 1144,  "end" : 1149 }, 
        {"sofa" : 1,  "begin" : 1149,  "end" : 1150 }, 
        {"sofa" : 1,  "begin" : 1151,  "end" : 1154 }, 
        {"sofa" : 1,  "begin" : 1154,  "end" : 1155 }, 
        {"sofa" : 1,  "begin" : 1156,  "end" : 1158 }, 
        {"sofa" : 1,  "begin" : 1159,  "end" : 1169 }, 
        {"sofa" : 1,  "begin" : 1170,  "end" : 1173 }, 
        {"sofa" : 1,  "begin" : 1174,  "end" : 1180 }, 
        {"sofa" : 1,  "begin" : 1181,  "end" : 1185 }, 
        {"sofa" : 1,  "begin" : 1186,  "end" : 1187 }, 
        {"sofa" : 1,  "begin" : 1188,  "end" : 1193 }, 
        {"sofa" : 1,  "begin" : 1194,  "end" : 1197 }, 
        {"sofa" : 1,  "begin" : 1198,  "end" : 1202 }, 
        {"sofa" : 1,  "begin" : 1203,  "end" : 1207 }, 
        {"sofa" : 1,  "begin" : 1207,  "end" : 1208 }, 
        {"sofa" : 1,  "begin" : 1209,  "end" : 1212 }, 
        {"sofa" : 1,  "begin" : 1213,  "end" : 1217 }, 
        {"sofa" : 1,  "begin" : 1218,  "end" : 1220 }, 
        {"sofa" : 1,  "begin" : 1221,  "end" : 1230 }, 
        {"sofa" : 1,  "begin" : 1231,  "end" : 1242 }, 
        {"sofa" : 1,  "begin" : 1242,  "end" : 1243 }, 
        {"sofa" : 1,  "begin" : 1245,  "end" : 1257 }, 
        {"sofa" : 1,  "begin" : 1258,  "end" : 1260 }, 
        {"sofa" : 1,  "begin" : 1261,  "end" : 1268 }, 
        {"sofa" : 1,  "begin" : 1269,  "end" : 1273 }, 
        {"sofa" : 1,  "begin" : 1274,  "end" : 1278 }, 
        {"sofa" : 1,  "begin" : 1279,  "end" : 1288 }, 
        {"sofa" : 1,  "begin" : 1288,  "end" : 1289 }, 
        {"sofa" : 1,  "begin" : 1290,  "end" : 1295 }, 
        {"sofa" : 1,  "begin" : 1295,  "end" : 1296 }, 
        {"sofa" : 1,  "begin" : 1297,  "end" : 1301 }, 
        {"sofa" : 1,  "begin" : 1302,  "end" : 1307 }, 
        {"sofa" : 1,  "begin" : 1308,  "end" : 1314 }, 
        {"sofa" : 1,  "begin" : 1315,  "end" : 1319 }, 
        {"sofa" : 1,  "begin" : 1319,  "end" : 1320 }, 
        {"sofa" : 1,  "begin" : 1321,  "end" : 1325 }, 
        {"sofa" : 1,  "begin" : 1326,  "end" : 1327 }, 
        {"sofa" : 1,  "begin" : 1328,  "end" : 1332 }, 
        {"sofa" : 1,  "begin" : 1333,  "end" : 1342 }, 
        {"sofa" : 1,  "begin" : 1343,  "end" : 1347 }, 
        {"sofa" : 1,  "begin" : 1347,  "end" : 1348 }, 
        {"sofa" : 1,  "begin" : 1349,  "end" : 1351 }, 
        {"sofa" : 1,  "begin" : 1352,  "end" : 1355 }, 
        {"sofa" : 1,  "begin" : 1356,  "end" : 1360 }, 
        {"sofa" : 1,  "begin" : 1361,  "end" : 1363 }, 
        {"sofa" : 1,  "begin" : 1364,  "end" : 1369 }, 
        {"sofa" : 1,  "begin" : 1370,  "end" : 1376 }, 
        {"sofa" : 1,  "begin" : 1377,  "end" : 1384 }, 
        {"sofa" : 1,  "begin" : 1385,  "end" : 1387 }, 
        {"sofa" : 1,  "begin" : 1388,  "end" : 1391 }, 
        {"sofa" : 1,  "begin" : 1392,  "end" : 1396 }, 
        {"sofa" : 1,  "begin" : 1397,  "end" : 1405 }, 
        {"sofa" : 1,  "begin" : 1405,  "end" : 1406 }, 
        {"sofa" : 1,  "begin" : 1407,  "end" : 1411 }, 
        {"sofa" : 1,  "begin" : 1412,  "end" : 1416 }, 
        {"sofa" : 1,  "begin" : 1417,  "end" : 1421 }, 
        {"sofa" : 1,  "begin" : 1422,  "end" : 1426 }, 
        {"sofa" : 1,  "begin" : 1427,  "end" : 1432 }, 
        {"sofa" : 1,  "begin" : 1433,  "end" : 1442 }, 
        {"sofa" : 1,  "begin" : 1443,  "end" : 1446 }, 
        {"sofa" : 1,  "begin" : 1447,  "end" : 1451 }, 
        {"sofa" : 1,  "begin" : 1452,  "end" : 1465 }, 
        {"sofa" : 1,  "begin" : 1466,  "end" : 1473 }, 
        {"sofa" : 1,  "begin" : 1473,  "end" : 1474 }, 
        {"sofa" : 1,  "begin" : 1475,  "end" : 1477 }, 
        {"sofa" : 1,  "begin" : 1478,  "end" : 1482 }, 
        {"sofa" : 1,  "begin" : 1483,  "end" : 1490 }, 
        {"sofa" : 1,  "begin" : 1491,  "end" : 1495 }, 
        {"sofa" : 1,  "begin" : 1496,  "end" : 1501 }, 
        {"sofa" : 1,  "begin" : 1502,  "end" : 1508 }, 
        {"sofa" : 1,  "begin" : 1509,  "end" : 1519 }, 
        {"sofa" : 1,  "begin" : 1519,  "end" : 1520 }, 
        {"sofa" : 1,  "begin" : 1521,  "end" : 1523 }, 
        {"sofa" : 1,  "begin" : 1524,  "end" : 1526 }, 
        {"sofa" : 1,  "begin" : 1527,  "end" : 1536 }, 
        {"sofa" : 1,  "begin" : 1537,  "end" : 1540 }, 
        {"sofa" : 1,  "begin" : 1541,  "end" : 1545 }, 
        {"sofa" : 1,  "begin" : 1546,  "end" : 1553 }, 
        {"sofa" : 1,  "begin" : 1554,  "end" : 1559 }, 
        {"sofa" : 1,  "begin" : 1560,  "end" : 1563 }, 
        {"sofa" : 1,  "begin" : 1564,  "end" : 1569 }, 
        {"sofa" : 1,  "begin" : 1570,  "end" : 1572 }, 
        {"sofa" : 1,  "begin" : 1573,  "end" : 1576 }, 
        {"sofa" : 1,  "begin" : 1577,  "end" : 1584 }, 
        {"sofa" : 1,  "begin" : 1584,  "end" : 1585 }, 
        {"sofa" : 1,  "begin" : 1586,  "end" : 1590 }, 
        {"sofa" : 1,  "begin" : 1591,  "end" : 1595 }, 
        {"sofa" : 1,  "begin" : 1595,  "end" : 1596 }, 
        {"sofa" : 1,  "begin" : 1597,  "end" : 1599 }, 
        {"sofa" : 1,  "begin" : 1600,  "end" : 1605 }, 
        {"sofa" : 1,  "begin" : 1606,  "end" : 1613 }, 
        {"sofa" : 1,  "begin" : 1613,  "end" : 1614 }, 
        {"sofa" : 1,  "begin" : 1615,  "end" : 1618 }, 
        {"sofa" : 1,  "begin" : 1619,  "end" : 1624 }, 
        {"sofa" : 1,  "begin" : 1625,  "end" : 1628 }, 
        {"sofa" : 1,  "begin" : 1629,  "end" : 1634 }, 
        {"sofa" : 1,  "begin" : 1635,  "end" : 1638 }, 
        {"sofa" : 1,  "begin" : 1639,  "end" : 1642 }, 
        {"sofa" : 1,  "begin" : 1643,  "end" : 1647 }, 
        {"sofa" : 1,  "begin" : 1648,  "end" : 1650 }, 
        {"sofa" : 1,  "begin" : 1651,  "end" : 1656 }, 
        {"sofa" : 1,  "begin" : 1657,  "end" : 1663 }, 
        {"sofa" : 1,  "begin" : 1663,  "end" : 1664 }, 
        {"sofa" : 1,  "begin" : 1665,  "end" : 1670 }, 
        {"sofa" : 1,  "begin" : 1671,  "end" : 1674 }, 
        {"sofa" : 1,  "begin" : 1675,  "end" : 1679 }, 
        {"sofa" : 1,  "begin" : 1680,  "end" : 1684 }, 
        {"sofa" : 1,  "begin" : 1685,  "end" : 1690 }, 
        {"sofa" : 1,  "begin" : 1690,  "end" : 1691 }, 
        {"sofa" : 1,  "begin" : 1692,  "end" : 1697 }, 
        {"sofa" : 1,  "begin" : 1697,  "end" : 1698 }, 
        {"sofa" : 1,  "begin" : 1699,  "end" : 1705 }, 
        {"sofa" : 1,  "begin" : 1706,  "end" : 1710 }, 
        {"sofa" : 1,  "begin" : 1711,  "end" : 1725 }, 
        {"sofa" : 1,  "begin" : 1726,  "end" : 1731 }, 
        {"sofa" : 1,  "begin" : 1731,  "end" : 1732 }, 
        {"sofa" : 1,  "begin" : 1733,  "end" : 1736 }, 
        {"sofa" : 1,  "begin" : 1737,  "end" : 1742 }, 
        {"sofa" : 1,  "begin" : 1743,  "end" : 1747 }, 
        {"sofa" : 1,  "begin" : 1748,  "end" : 1754 }, 
        {"sofa" : 1,  "begin" : 1755,  "end" : 1760 }, 
        {"sofa" : 1,  "begin" : 1761,  "end" : 1768 }, 
        {"sofa" : 1,  "begin" : 1768,  "end" : 1769 }, 
        {"sofa" : 1,  "begin" : 1770,  "end" : 1774 }, 
        {"sofa" : 1,  "begin" : 1775,  "end" : 1780 }, 
        {"sofa" : 1,  "begin" : 1781,  "end" : 1783 }, 
        {"sofa" : 1,  "begin" : 1784,  "end" : 1786 }, 
        {"sofa" : 1,  "begin" : 1787,  "end" : 1791 }, 
        {"sofa" : 1,  "begin" : 1792,  "end" : 1794 }, 
        {"sofa" : 1,  "begin" : 1795,  "end" : 1799 }, 
        {"sofa" : 1,  "begin" : 1799,  "end" : 1800 }, 
        {"sofa" : 1,  "begin" : 1801,  "end" : 1804 }, 
        {"sofa" : 1,  "begin" : 1805,  "end" : 1808 }, 
        {"sofa" : 1,  "begin" : 1809,  "end" : 1814 }, 
        {"sofa" : 1,  "begin" : 1815,  "end" : 1824 }, 
        {"sofa" : 1,  "begin" : 1825,  "end" : 1829 }, 
        {"sofa" : 1,  "begin" : 1830,  "end" : 1831 }, 
        {"sofa" : 1,  "begin" : 1832,  "end" : 1836 }, 
        {"sofa" : 1,  "begin" : 1837,  "end" : 1842 }, 
        {"sofa" : 1,  "begin" : 1843,  "end" : 1845 }, 
        {"sofa" : 1,  "begin" : 1846,  "end" : 1850 }, 
        {"sofa" : 1,  "begin" : 1851,  "end" : 1855 }, 
        {"sofa" : 1,  "begin" : 1856,  "end" : 1858 }, 
        {"sofa" : 1,  "begin" : 1859,  "end" : 1864 }, 
        {"sofa" : 1,  "begin" : 1864,  "end" : 1865 }, 
        {"sofa" : 1,  "begin" : 1866,  "end" : 1868 }, 
        {"sofa" : 1,  "begin" : 1869,  "end" : 1873 }, 
        {"sofa" : 1,  "begin" : 1874,  "end" : 1877 }, 
        {"sofa" : 1,  "begin" : 1878,  "end" : 1889 }, 
        {"sofa" : 1,  "begin" : 1890,  "end" : 1897 }, 
        {"sofa" : 1,  "begin" : 1898,  "end" : 1900 }, 
        {"sofa" : 1,  "begin" : 1901,  "end" : 1906 }, 
        {"sofa" : 1,  "begin" : 1907,  "end" : 1910 }, 
        {"sofa" : 1,  "begin" : 1911,  "end" : 1918 }, 
        {"sofa" : 1,  "begin" : 1918,  "end" : 1919 }, 
        {"sofa" : 1,  "begin" : 1920,  "end" : 1923 }, 
        {"sofa" : 1,  "begin" : 1924,  "end" : 1929 }, 
        {"sofa" : 1,  "begin" : 1929,  "end" : 1930 }, 
        {"sofa" : 1,  "begin" : 1931,  "end" : 1937 }, 
        {"sofa" : 1,  "begin" : 1938,  "end" : 1941 }, 
        {"sofa" : 1,  "begin" : 1942,  "end" : 1946 }, 
        {"sofa" : 1,  "begin" : 1947,  "end" : 1952 }, 
        {"sofa" : 1,  "begin" : 1952,  "end" : 1953 }, 
        {"sofa" : 1,  "begin" : 1954,  "end" : 1956 }, 
        {"sofa" : 1,  "begin" : 1957,  "end" : 1961 }, 
        {"sofa" : 1,  "begin" : 1962,  "end" : 1969 }, 
        {"sofa" : 1,  "begin" : 1969,  "end" : 1970 }, 
        {"sofa" : 1,  "begin" : 1971,  "end" : 1973 }, 
        {"sofa" : 1,  "begin" : 1974,  "end" : 1977 }, 
        {"sofa" : 1,  "begin" : 1978,  "end" : 1988 }, 
        {"sofa" : 1,  "begin" : 1989,  "end" : 1991 }, 
        {"sofa" : 1,  "begin" : 1992,  "end" : 1995 }, 
        {"sofa" : 1,  "begin" : 1996,  "end" : 2007 }, 
        {"sofa" : 1,  "begin" : 2008,  "end" : 2013 }, 
        {"sofa" : 1,  "begin" : 2014,  "end" : 2017 }, 
        {"sofa" : 1,  "begin" : 2018,  "end" : 2027 }, 
        {"sofa" : 1,  "begin" : 2027,  "end" : 2028 }, 
        {"sofa" : 1,  "begin" : 2029,  "end" : 2031 }, 
        {"sofa" : 1,  "begin" : 2032,  "end" : 2038 }, 
        {"sofa" : 1,  "begin" : 2039,  "end" : 2041 }, 
        {"sofa" : 1,  "begin" : 2042,  "end" : 2059 }, 
        {"sofa" : 1,  "begin" : 2059,  "end" : 2060 }, 
        {"sofa" : 1,  "begin" : 2061,  "end" : 2064 }, 
        {"sofa" : 1,  "begin" : 2064,  "end" : 2065 }, 
        {"sofa" : 1,  "begin" : 2066,  "end" : 2072 }, 
        {"sofa" : 1,  "begin" : 2073,  "end" : 2075 }, 
        {"sofa" : 1,  "begin" : 2076,  "end" : 2081 }, 
        {"sofa" : 1,  "begin" : 2082,  "end" : 2084 }, 
        {"sofa" : 1,  "begin" : 2085,  "end" : 2092 }, 
        {"sofa" : 1,  "begin" : 2093,  "end" : 2100 }, 
        {"sofa" : 1,  "begin" : 2101,  "end" : 2103 }, 
        {"sofa" : 1,  "begin" : 2104,  "end" : 2107 }, 
        {"sofa" : 1,  "begin" : 2108,  "end" : 2110 }, 
        {"sofa" : 1,  "begin" : 2111,  "end" : 2114 }, 
        {"sofa" : 1,  "begin" : 2115,  "end" : 2123 }, 
        {"sofa" : 1,  "begin" : 2124,  "end" : 2126 }, 
        {"sofa" : 1,  "begin" : 2127,  "end" : 2130 }, 
        {"sofa" : 1,  "begin" : 2130,  "end" : 2131 }, 
        {"sofa" : 1,  "begin" : 2132,  "end" : 2135 }, 
        {"sofa" : 1,  "begin" : 2136,  "end" : 2141 }, 
        {"sofa" : 1,  "begin" : 2142,  "end" : 2144 }, 
        {"sofa" : 1,  "begin" : 2145,  "end" : 2147 }, 
        {"sofa" : 1,  "begin" : 2148,  "end" : 2151 }, 
        {"sofa" : 1,  "begin" : 2152,  "end" : 2156 }, 
        {"sofa" : 1,  "begin" : 2157,  "end" : 2165 }, 
        {"sofa" : 1,  "begin" : 2165,  "end" : 2166 }, 
        {"sofa" : 1,  "begin" : 2167,  "end" : 2171 }, 
        {"sofa" : 1,  "begin" : 2172,  "end" : 2177 }, 
        {"sofa" : 1,  "begin" : 2178,  "end" : 2182 }, 
        {"sofa" : 1,  "begin" : 2183,  "end" : 2186 }, 
        {"sofa" : 1,  "begin" : 2187,  "end" : 2192 }, 
        {"sofa" : 1,  "begin" : 2193,  "end" : 2195 }, 
        {"sofa" : 1,  "begin" : 2196,  "end" : 2197 }, 
        {"sofa" : 1,  "begin" : 2198,  "end" : 2204 }, 
        {"sofa" : 1,  "begin" : 2205,  "end" : 2211 }, 
        {"sofa" : 1,  "begin" : 2212,  "end" : 2215 }, 
        {"sofa" : 1,  "begin" : 2216,  "end" : 2222 }, 
        {"sofa" : 1,  "begin" : 2222,  "end" : 2223 }, 
        {"sofa" : 1,  "begin" : 2224,  "end" : 2228 }, 
        {"sofa" : 1,  "begin" : 2229,  "end" : 2233 }, 
        {"sofa" : 1,  "begin" : 2234,  "end" : 2244 }, 
        {"sofa" : 1,  "begin" : 2245,  "end" : 2253 }, 
        {"sofa" : 1,  "begin" : 2254,  "end" : 2256 }, 
        {"sofa" : 1,  "begin" : 2257,  "end" : 2262 }, 
        {"sofa" : 1,  "begin" : 2263,  "end" : 2265 }, 
        {"sofa" : 1,  "begin" : 2266,  "end" : 2273 }, 
        {"sofa" : 1,  "begin" : 2274,  "end" : 2277 }, 
        {"sofa" : 1,  "begin" : 2278,  "end" : 2282 }, 
        {"sofa" : 1,  "begin" : 2282,  "end" : 2283 }, 
        {"sofa" : 1,  "begin" : 2284,  "end" : 2287 }, 
        {"sofa" : 1,  "begin" : 2288,  "end" : 2292 }, 
        {"sofa" : 1,  "begin" : 2293,  "end" : 2300 }, 
        {"sofa" : 1,  "begin" : 2301,  "end" : 2305 }, 
        {"sofa" : 1,  "begin" : 2306,  "end" : 2309 }, 
        {"sofa" : 1,  "begin" : 2310,  "end" : 2316 }, 
        {"sofa" : 1,  "begin" : 2317,  "end" : 2319 }, 
        {"sofa" : 1,  "begin" : 2320,  "end" : 2328 }, 
        {"sofa" : 1,  "begin" : 2329,  "end" : 2332 }, 
        {"sofa" : 1,  "begin" : 2333,  "end" : 2338 }, 
        {"sofa" : 1,  "begin" : 2339,  "end" : 2341 }, 
        {"sofa" : 1,  "begin" : 2342,  "end" : 2347 }, 
        {"sofa" : 1,  "begin" : 2348,  "end" : 2351 }, 
        {"sofa" : 1,  "begin" : 2352,  "end" : 2357 }, 
        {"sofa" : 1,  "begin" : 2357,  "end" : 2358 }, 
        {"sofa" : 1,  "begin" : 2359,  "end" : 2364 }, 
        {"sofa" : 1,  "begin" : 2365,  "end" : 2369 }, 
        {"sofa" : 1,  "begin" : 2370,  "end" : 2373 }, 
        {"sofa" : 1,  "begin" : 2374,  "end" : 2377 }, 
        {"sofa" : 1,  "begin" : 2378,  "end" : 2380 }, 
        {"sofa" : 1,  "begin" : 2381,  "end" : 2388 }, 
        {"sofa" : 1,  "begin" : 2388,  "end" : 2389 }, 
        {"sofa" : 1,  "begin" : 2390,  "end" : 2394 }, 
        {"sofa" : 1,  "begin" : 2395,  "end" : 2403 }, 
        {"sofa" : 1,  "begin" : 2404,  "end" : 2406 }, 
        {"sofa" : 1,  "begin" : 2407,  "end" : 2410 }, 
        {"sofa" : 1,  "begin" : 2411,  "end" : 2415 }, 
        {"sofa" : 1,  "begin" : 2415,  "end" : 2416 }, 
        {"sofa" : 1,  "begin" : 2417,  "end" : 2420 }, 
        {"sofa" : 1,  "begin" : 2421,  "end" : 2427 }, 
        {"sofa" : 1,  "begin" : 2428,  "end" : 2432 }, 
        {"sofa" : 1,  "begin" : 2433,  "end" : 2438 }, 
        {"sofa" : 1,  "begin" : 2439,  "end" : 2442 }, 
        {"sofa" : 1,  "begin" : 2443,  "end" : 2448 }, 
        {"sofa" : 1,  "begin" : 2449,  "end" : 2454 }, 
        {"sofa" : 1,  "begin" : 2455,  "end" : 2457 }, 
        {"sofa" : 1,  "begin" : 2458,  "end" : 2462 }, 
        {"sofa" : 1,  "begin" : 2463,  "end" : 2466 }, 
        {"sofa" : 1,  "begin" : 2467,  "end" : 2470 }, 
        {"sofa" : 1,  "begin" : 2471,  "end" : 2476 }, 
        {"sofa" : 1,  "begin" : 2477,  "end" : 2484 }, 
        {"sofa" : 1,  "begin" : 2485,  "end" : 2492 }, 
        {"sofa" : 1,  "begin" : 2492,  "end" : 2493 }, 
        {"sofa" : 1,  "begin" : 2494,  "end" : 2497 }, 
        {"sofa" : 1,  "begin" : 2498,  "end" : 2503 }, 
        {"sofa" : 1,  "begin" : 2504,  "end" : 2508 }, 
        {"sofa" : 1,  "begin" : 2509,  "end" : 2513 }, 
        {"sofa" : 1,  "begin" : 2514,  "end" : 2518 }, 
        {"sofa" : 1,  "begin" : 2519,  "end" : 2522 }, 
        {"sofa" : 1,  "begin" : 2522,  "end" : 2523 }, 
        {"sofa" : 1,  "begin" : 2524,  "end" : 2529 }, 
        {"sofa" : 1,  "begin" : 2530,  "end" : 2536 }, 
        {"sofa" : 1,  "begin" : 2537,  "end" : 2542 }, 
        {"sofa" : 1,  "begin" : 2543,  "end" : 2548 }, 
        {"sofa" : 1,  "begin" : 2549,  "end" : 2553 }, 
        {"sofa" : 1,  "begin" : 2553,  "end" : 2554 }, 
        {"sofa" : 1,  "begin" : 2555,  "end" : 2558 }, 
        {"sofa" : 1,  "begin" : 2558,  "end" : 2559 }, 
        {"sofa" : 1,  "begin" : 2560,  "end" : 2570 }, 
        {"sofa" : 1,  "begin" : 2571,  "end" : 2573 }, 
        {"sofa" : 1,  "begin" : 2574,  "end" : 2579 }, 
        {"sofa" : 1,  "begin" : 2580,  "end" : 2583 }, 
        {"sofa" : 1,  "begin" : 2583,  "end" : 2584 }, 
        {"sofa" : 1,  "begin" : 2585,  "end" : 2590 }, 
        {"sofa" : 1,  "begin" : 2591,  "end" : 2594 }, 
        {"sofa" : 1,  "begin" : 2595,  "end" : 2600 }, 
        {"sofa" : 1,  "begin" : 2601,  "end" : 2604 }, 
        {"sofa" : 1,  "begin" : 2605,  "end" : 2615 }, 
        {"sofa" : 1,  "begin" : 2615,  "end" : 2616 }, 
        {"sofa" : 1,  "begin" : 2617,  "end" : 2622 }, 
        {"sofa" : 1,  "begin" : 2623,  "end" : 2627 }, 
        {"sofa" : 1,  "begin" : 2628,  "end" : 2630 }, 
        {"sofa" : 1,  "begin" : 2631,  "end" : 2637 }, 
        {"sofa" : 1,  "begin" : 2638,  "end" : 2643 }, 
        {"sofa" : 1,  "begin" : 2644,  "end" : 2647 }, 
        {"sofa" : 1,  "begin" : 2648,  "end" : 2649 }, 
        {"sofa" : 1,  "begin" : 2650,  "end" : 2655 }, 
        {"sofa" : 1,  "begin" : 2656,  "end" : 2661 }, 
        {"sofa" : 1,  "begin" : 2662,  "end" : 2669 }, 
        {"sofa" : 1,  "begin" : 2669,  "end" : 2670 }, 
        {"sofa" : 1,  "begin" : 2671,  "end" : 2674 }, 
        {"sofa" : 1,  "begin" : 2675,  "end" : 2679 }, 
        {"sofa" : 1,  "begin" : 2680,  "end" : 2690 }, 
        {"sofa" : 1,  "begin" : 2691,  "end" : 2697 }, 
        {"sofa" : 1,  "begin" : 2698,  "end" : 2700 }, 
        {"sofa" : 1,  "begin" : 2701,  "end" : 2706 }, 
        {"sofa" : 1,  "begin" : 2707,  "end" : 2709 }, 
        {"sofa" : 1,  "begin" : 2710,  "end" : 2715 }, 
        {"sofa" : 1,  "begin" : 2716,  "end" : 2719 }, 
        {"sofa" : 1,  "begin" : 2720,  "end" : 2726 }, 
        {"sofa" : 1,  "begin" : 2727,  "end" : 2737 }, 
        {"sofa" : 1,  "begin" : 2738,  "end" : 2751 }, 
        {"sofa" : 1,  "begin" : 2752,  "end" : 2754 }, 
        {"sofa" : 1,  "begin" : 2755,  "end" : 2758 }, 
        {"sofa" : 1,  "begin" : 2759,  "end" : 2767 }, 
        {"sofa" : 1,  "begin" : 2768,  "end" : 2771 }, 
        {"sofa" : 1,  "begin" : 2772,  "end" : 2775 }, 
        {"sofa" : 1,  "begin" : 2776,  "end" : 2781 }, 
        {"sofa" : 1,  "begin" : 2782,  "end" : 2787 }, 
        {"sofa" : 1,  "begin" : 2788,  "end" : 2795 }, 
        {"sofa" : 1,  "begin" : 2795,  "end" : 2796 } ] } }, 
  "_referenced_fss" : {
    "1" : {"_type" : "Sofa",  "sofaNum" : 1,  "sofaID" : "_InitialView",  "mimeType" : "text",  "sofaString" : "On our way from Khopong, along the ancient river-bed which forms the pathway to Boatlanama, I found a species of cactus, being the third I have seen in the country, namely, one in the colony with a bright red flower, one at Lake Ngami, the flower of which was liver-colored, and the present one, flower unknown. That the plant is uncommon may be inferred from the fact that the Bakwains find so much difficulty in recognizing the plant again after having once seen it, that they believe it has the power of changing its locality.\n\nOn the 21st of January we reached the wells of Boatlanama, and found them for the first time empty. Lopepe, which I had formerly seen a stream running from a large reedy pool, was also dry. The hot salt spring of Serinane, east of Lopepe, being undrinkable, we pushed on to Mashue for its delicious waters. In traveling through this country, the olfactory nerves are frequently excited by a strong disagreeable odor. This is caused by a large jet-black ant named \"Leshonya\". It is nearly an inch in length, and emits a pungent smell when alarmed, in the same manner as the skunk. The scent must be as volatile as ether, for, on irritating the insect with a stick six feet long, the odor is instantly perceptible.\n\nOccasionally we lighted upon land tortoises, which, with their unlaid eggs, make a very agreeable dish. We saw many of their trails leading to the salt fountain; they must have come great distances for this health-giving article. In lieu thereof they often devour wood-ashes. It is wonderful how this reptile holds its place in the country. When seen, it never escapes. The young are taken for the sake of their shells; these are made into boxes, which, filled with sweet-smelling roots, the women hang around their persons. When older it is used as food, and the shell converted into a rude basin to hold food or water. It owes its continuance neither to speed nor cunning. Its color, yellow and dark brown, is well adapted, by its similarity to the surrounding grass and brushwood, to render it indistinguishable; and, though it makes an awkward attempt to run on the approach of man, its trust is in its bony covering, from which even the teeth of a hyaena glance off foiled. When this long-lived creature is about to deposit her eggs, she lets herself into the ground by throwing the earth up round her shell, until only the top is visible; then covering up the eggs, she leaves them until the rains begin to fall and the fresh herbage appears; the young ones then come out, their shells still quite soft, and, unattended by their dam, begin the world for themselves. Their food is tender grass and a plant named thotona, and they frequently resort to heaps of ashes and places containing efflorescence of the nitrates for the salts these contain." }, 
    "7451" : {"_type" : "Span",  "sofa" : 1,  "begin" : 942,  "end" : 946,  "label" : "Smell_Word" }, 
    "7456" : {"_type" : "Span",  "sofa" : 1,  "begin" : 929,  "end" : 941,  "label" : "Quality" }, 
    "7461" : {"_type" : "Span",  "sofa" : 1,  "begin" : 922,  "end" : 928,  "label" : "Quality" }, 
    "7466" : {"_type" : "Span",  "sofa" : 1,  "begin" : 873,  "end" : 893,  "label" : "Perceiver" }, 
    "7492" : {"_type" : "Span",  "sofa" : 1,  "begin" : 838,  "end" : 871,  "label" : "Circumstances" }, 
    "7504" : {"_type" : "Span",  "sofa" : 1,  "begin" : 966,  "end" : 1004,  "label" : "Smell_Source" }, 
    "7533" : {"_type" : "Span",  "sofa" : 1,  "begin" : 1006,  "end" : 1008,  "label" : "Smell_Source" }, 
    "7516" : {"_type" : "Span",  "sofa" : 1,  "begin" : 1058,  "end" : 1063,  "label" : "Smell_Word" }, 
    "7521" : {"_type" : "Span",  "sofa" : 1,  "begin" : 1050,  "end" : 1057,  "label" : "Quality" }, 
    "7552" : {"_type" : "Span",  "sofa" : 1,  "begin" : 1064,  "end" : 1076,  "label" : "Circumstances" }, 
    "7564" : {"_type" : "Span",  "sofa" : 1,  "begin" : 1115,  "end" : 1120,  "label" : "Smell_Word" }, 
    "7569" : {"_type" : "Span",  "sofa" : 1,  "begin" : 1129,  "end" : 1149,  "label" : "Quality" }, 
    "7581" : {"_type" : "Span",  "sofa" : 1,  "begin" : 1213,  "end" : 1217,  "label" : "Smell_Word" }, 
    "7586" : {"_type" : "Span",  "sofa" : 1,  "begin" : 1221,  "end" : 1242,  "label" : "Quality" }, 
    "7598" : {"_type" : "Span",  "sofa" : 1,  "begin" : 1156,  "end" : 1207,  "label" : "Circumstances" }, 
    "7639" : {"_type" : "Span",  "sofa" : 1,  "begin" : 1692,  "end" : 1697,  "label" : "Odour_Carrier" }, 
    "7644" : {"_type" : "Span",  "sofa" : 1,  "begin" : 1651,  "end" : 1663,  "label" : "Odour_Carrier" }, 
    "7610" : {"_type" : "Span",  "sofa" : 1,  "begin" : 1711,  "end" : 1725,  "label" : "Smell_Word" }, 
    "7615" : {"_type" : "Span",  "sofa" : 1,  "begin" : 1711,  "end" : 1725,  "label" : "Quality" }, 
    "7627" : {"_type" : "Span",  "sofa" : 1,  "begin" : 1726,  "end" : 1731,  "label" : "Smell_Source" } } }