#FORMAT=WebAnno TSV 3.3


#Text=Men moet zich gene tanden uit laten halen, als’er pyn in ’t tandvlees is, of het
#Text=zelfde gezwollen.
1-1	2-5	Men	
1-2	6-10	moet	
1-3	11-15	zich	
1-4	16-20	gene	
1-5	21-27	tanden	
1-6	28-31	uit	
1-7	32-37	laten	
1-8	38-43	halen	
1-9	43-44	,	
1-10	45-48	als	
1-11	48-49	’	
1-12	49-51	er	
1-13	52-55	pyn	
1-14	56-58	in	
1-15	59-60	’	
1-16	60-61	t	
1-17	62-71	tandvlees	
1-18	72-74	is	
1-19	74-75	,	
1-20	76-78	of	
1-21	79-82	het	
1-22	83-89	zelfde	
1-23	90-99	gezwollen	
1-24	99-100	.	

#Text=Als de tandpyn, zonder verpoozingen, hevig is, doet in flaaute, en somwyl in
#Text=stuipen vallen, gelyk de kinderen dikmaal overkomt, als zy deur willen komen;
#Text=moet
#Text=men ze die Steen om den hals hangen, die in ’t hoofd van enige holle Slakken
#Text=gevonden wordt, of een Leeuwen tand, of die van een jarig Vulle, of een Kreeften-oog.
2-1	103-106	Als	
2-2	107-109	de	
2-3	110-117	tandpyn	
2-4	117-118	,	
2-5	119-125	zonder	
2-6	126-138	verpoozingen	
2-7	138-139	,	
2-8	140-145	hevig	
2-9	146-148	is	
2-10	148-149	,	
2-11	150-154	doet	
2-12	155-157	in	
2-13	158-165	flaaute	
2-14	165-166	,	
2-15	167-169	en	
2-16	170-176	somwyl	
2-17	177-179	in	
2-18	180-187	stuipen	
2-19	188-194	vallen	
2-20	194-195	,	
2-21	196-201	gelyk	
2-22	202-204	de	
2-23	205-213	kinderen	
2-24	214-221	dikmaal	
2-25	222-230	overkomt	
2-26	230-231	,	
2-27	232-235	als	
2-28	236-238	zy	
2-29	239-243	deur	
2-30	244-250	willen	
2-31	251-256	komen	
2-32	256-257	;	
2-33	258-262	moet	
2-34	263-266	men	
2-35	267-269	ze	
2-36	270-273	die	
2-37	274-279	Steen	
2-38	280-282	om	
2-39	283-286	den	
2-40	287-291	hals	
2-41	292-298	hangen	
2-42	298-299	,	
2-43	300-303	die	
2-44	304-306	in	
2-45	307-308	’	
2-46	308-309	t	
2-47	310-315	hoofd	
2-48	316-319	van	
2-49	320-325	enige	
2-50	326-331	holle	
2-51	332-339	Slakken	
2-52	340-348	gevonden	
2-53	349-354	wordt	
2-54	354-355	,	
2-55	356-358	of	
2-56	359-362	een	
2-57	363-370	Leeuwen	
2-58	371-375	tand	
2-59	375-376	,	
2-60	377-379	of	
2-61	380-383	die	
2-62	384-387	van	
2-63	388-391	een	
2-64	392-397	jarig	
2-65	398-403	Vulle	
2-66	403-404	,	
2-67	405-407	of	
2-68	408-411	een	
2-69	412-424	Kreeften-oog	
2-70	424-425	.	

#Text=Of anders moet men het tandvlees vryven, of met het merg van een Hart, of met verse
#Text=Boter, of met het vet van een Kieken, met wat Honig gemengd, of met Honde melk.
3-1	428-430	Of	
3-2	431-437	anders	
3-3	438-442	moet	
3-4	443-446	men	
3-5	447-450	het	
3-6	451-460	tandvlees	
3-7	461-467	vryven	
3-8	467-468	,	
3-9	469-471	of	
3-10	472-475	met	
3-11	476-479	het	
3-12	480-484	merg	
3-13	485-488	van	
3-14	489-492	een	
3-15	493-497	Hart	
3-16	497-498	,	
3-17	499-501	of	
3-18	502-505	met	
3-19	506-511	verse	
3-20	512-517	Boter	
3-21	517-518	,	
3-22	519-521	of	
3-23	522-525	met	
3-24	526-529	het	
3-25	530-533	vet	
3-26	534-537	van	
3-27	538-541	een	
3-28	542-548	Kieken	
3-29	548-549	,	
3-30	550-553	met	
3-31	554-557	wat	
3-32	558-563	Honig	
3-33	564-571	gemengd	
3-34	571-572	,	
3-35	573-575	of	
3-36	576-579	met	
3-37	580-585	Honde	
3-38	586-590	melk	
3-39	590-591	.	

#Text=Heeft men dat niet, brandt Hondetanden, en vryf de tanden met die as, zo zullen de
#Text=tanden zonder pyn uitkomen.
4-1	593-598	Heeft	
4-2	599-602	men	
4-3	603-606	dat	
4-4	607-611	niet	
4-5	611-612	,	
4-6	613-619	brandt	
4-7	620-631	Hondetanden	
4-8	631-632	,	
4-9	633-635	en	
4-10	636-640	vryf	
4-11	641-643	de	
4-12	644-650	tanden	
4-13	651-654	met	
4-14	655-658	die	
4-15	659-661	as	
4-16	661-662	,	
4-17	663-665	zo	
4-18	666-672	zullen	
4-19	673-675	de	
4-20	676-682	tanden	
4-21	683-689	zonder	
4-22	690-693	pyn	
4-23	694-702	uitkomen	
4-24	702-703	.	

#Text=Om de tandpyn voor te komen.
5-1	707-709	Om	
5-2	710-712	de	
5-3	713-720	tandpyn	
5-4	721-725	voor	
5-5	726-728	te	
5-6	729-734	komen	
5-7	734-735	.	

#Text=Doet een weinig Salie en Rosmaryn in een glas rode Wyn koken, en neemt na een
#Text=walm, of drie opkokens een gedeelte van de vocht.
#Text=en was daar zo warm uwen mond
#Text=mede als mooglyk is;
#Text=herhaalt dit drie, of viermalen;
#Text=het zal genoeg zyn, dit een reis
#Text=vyf, of zesmaal op een jaar te hebben gedaan.
6-1	738-742	Doet	
6-2	743-746	een	
6-3	747-753	weinig	
6-4	754-759	Salie	
6-5	760-762	en	
6-6	763-771	Rosmaryn	
6-7	772-774	in	
6-8	775-778	een	
6-9	779-783	glas	
6-10	784-788	rode	
6-11	789-792	Wyn	
6-12	793-798	koken	
6-13	798-799	,	
6-14	800-802	en	
6-15	803-808	neemt	
6-16	809-811	na	
6-17	812-815	een	
6-18	816-820	walm	
6-19	820-821	,	
6-20	822-824	of	
6-21	825-829	drie	
6-22	830-838	opkokens	
6-23	839-842	een	
6-24	843-851	gedeelte	
6-25	852-855	van	
6-26	856-858	de	
6-27	859-864	vocht	
6-28	864-865	.	
6-29	866-868	en	
6-30	869-872	was	
6-31	873-877	daar	
6-32	878-880	zo	
6-33	881-885	warm	
6-34	886-890	uwen	
6-35	891-895	mond	
6-36	896-900	mede	
6-37	901-904	als	
6-38	905-912	mooglyk	
6-39	913-915	is	
6-40	915-916	;	
6-41	917-925	herhaalt	
6-42	926-929	dit	
6-43	930-934	drie	
6-44	934-935	,	
6-45	936-938	of	
6-46	939-948	viermalen	
6-47	948-949	;	
6-48	950-953	het	
6-49	954-957	zal	
6-50	958-964	genoeg	
6-51	965-968	zyn	
6-52	968-969	,	
6-53	970-973	dit	
6-54	974-977	een	
6-55	978-982	reis	
6-56	983-986	vyf	
6-57	986-987	,	
6-58	988-990	of	
6-59	991-998	zesmaal	
6-60	999-1001	op	
6-61	1002-1005	een	
6-62	1006-1010	jaar	
6-63	1011-1013	te	
6-64	1014-1020	hebben	
6-65	1021-1027	gedaan	
6-66	1027-1028	.	

#Text=Voor de Tandpyn.
7-1	1031-1035	Voor	
7-2	1036-1038	de	
7-3	1039-1046	Tandpyn	
7-4	1046-1047	.	

#Text=Men heeft geen gevoeliger pyn, dan die der tanden, ’t zy ze van koude, of hitte kome.
8-1	1050-1053	Men	
8-2	1054-1059	heeft	
8-3	1060-1064	geen	
8-4	1065-1075	gevoeliger	
8-5	1076-1079	pyn	
8-6	1079-1080	,	
8-7	1081-1084	dan	
8-8	1085-1088	die	
8-9	1089-1092	der	
8-10	1093-1099	tanden	
8-11	1099-1100	,	
8-12	1101-1102	’	
8-13	1102-1103	t	
8-14	1104-1106	zy	
8-15	1107-1109	ze	
8-16	1110-1113	van	
8-17	1114-1119	koude	
8-18	1119-1120	,	
8-19	1121-1123	of	
8-20	1124-1129	hitte	
8-21	1130-1134	kome	
8-22	1134-1135	.	

#Text=Men weet, datze van hitte komt, als men rood tandvlees heeft, dat heet is, en daar
#Text=men alles aan velen kan, dat koud is.
9-1	1138-1141	Men	
9-2	1142-1146	weet	
9-3	1146-1147	,	
9-4	1148-1153	datze	
9-5	1154-1157	van	
9-6	1158-1163	hitte	
9-7	1164-1168	komt	
9-8	1168-1169	,	
9-9	1170-1173	als	
9-10	1174-1177	men	
9-11	1178-1182	rood	
9-12	1183-1192	tandvlees	
9-13	1193-1198	heeft	
9-14	1198-1199	,	
9-15	1200-1203	dat	
9-16	1204-1208	heet	
9-17	1209-1211	is	
9-18	1211-1212	,	
9-19	1213-1215	en	
9-20	1216-1220	daar	
9-21	1221-1224	men	
9-22	1225-1230	alles	
9-23	1231-1234	aan	
9-24	1235-1240	velen	
9-25	1241-1244	kan	
9-26	1244-1245	,	
9-27	1246-1249	dat	
9-28	1250-1254	koud	
9-29	1255-1257	is	
9-30	1257-1258	.	

#Text=Remedie voor de tandpyn van koude oorzaken gekomen.
10-1	1261-1268	Remedie	
10-2	1269-1273	voor	
10-3	1274-1276	de	
10-4	1277-1284	tandpyn	
10-5	1285-1288	van	
10-6	1289-1294	koude	
10-7	1295-1303	oorzaken	
10-8	1304-1311	gekomen	
10-9	1311-1312	.	
