#FORMAT=WebAnno TSV 3.3


#Text=Es gibt aber noch eine Gattung dieſes
#Text=
#Text=blawen Syringen-baums/ welcher auff La-
#Text=teiniſch heiſſet/
#Text=Syringa Perſica, ſeu Lilac Per-
#Text=ſicum inciſis foliis, Jaſminum Perſicum dictum,
#Text=Park Liguſtrum foliis laciniatis, C.
1-1	2-4	Es	
1-2	5-9	gibt	
1-3	10-14	aber	
1-4	15-19	noch	
1-5	20-24	eine	
1-6	25-32	Gattung	
1-7	33-39	dieſes	
1-8	41-47	blawen	
1-9	48-62	Syringen-baums	
1-10	62-63	/	
1-11	64-71	welcher	
1-12	72-76	auff	
1-13	77-79	La	
1-14	79-80	-	
1-15	81-89	teiniſch	
1-16	90-97	heiſſet	
1-17	97-98	/	
1-18	99-106	Syringa	
1-19	107-114	Perſica	
1-20	114-115	,	
1-21	116-119	ſeu	
1-22	120-125	Lilac	
1-23	126-129	Per	
1-24	129-130	-	
1-25	131-136	ſicum	
1-26	137-144	inciſis	
1-27	145-151	foliis	
1-28	151-152	,	
1-29	153-161	Jaſminum	
1-30	162-170	Perſicum	
1-31	171-177	dictum	
1-32	177-178	,	
1-33	179-183	Park	
1-34	184-193	Liguſtrum	
1-35	194-200	foliis	
1-36	201-211	laciniatis	
1-37	211-212	,	
1-38	213-214	C	
1-39	214-215	.	

#Text=B Syringa
#Text=Perſica purpurea foliis laciniatis, & foliis inte-
#Text=gris.
2-1	216-217	B	
2-2	218-225	Syringa	
2-3	226-233	Perſica	
2-4	234-242	purpurea	
2-5	243-249	foliis	
2-6	250-260	laciniatis	
2-7	260-261	,	
2-8	262-263	&	
2-9	264-270	foliis	
2-10	271-275	inte	
2-11	275-276	-	
2-12	277-281	gris	
2-13	281-282	.	

#Text=Syringa cœrulea, J.
3-1	283-290	Syringa	
3-2	291-298	cœrulea	
3-3	298-299	,	
3-4	300-301	J	
3-5	301-302	.	

#Text=B.
4-1	303-304	B	
4-2	304-305	.	

#Text=Jſt eine Stau-
#Text=de/ welche drey biß vier Elen hoch
#Text=waͤchſt/
#Text=
#Text=mit weichem weiſſem Holtz/ und vielem weiſ-
#Text=ſem Marck/ braun-rother/ mit vielen gelb-
#Text=
#Text=lichten
#Text=
#Text=
#Text=F f\f
#Text=[226/0242]
#Text=
#Text=
#Text=Das Erſte Buch/
#Text=
#Text=
#Text=lichten Flecken gezierter Rinde begabet.
5-1	306-309	Jſt	
5-2	310-314	eine	
5-3	315-319	Stau	
5-4	319-320	-	
5-5	321-323	de	
5-6	323-324	/	
5-7	325-331	welche	
5-8	332-336	drey	
5-9	337-340	biß	
5-10	341-345	vier	
5-11	346-350	Elen	
5-12	351-355	hoch	
5-13	356-363	waͤchſt	
5-14	363-364	/	
5-15	366-369	mit	
5-16	370-377	weichem	
5-17	378-385	weiſſem	
5-18	386-391	Holtz	
5-19	391-392	/	
5-20	393-396	und	
5-21	397-403	vielem	
5-22	404-408	weiſ	
5-23	408-409	-	
5-24	410-413	ſem	
5-25	414-419	Marck	
5-26	419-420	/	
5-27	421-433	braun-rother	
5-28	433-434	/	
5-29	435-438	mit	
5-30	439-445	vielen	
5-31	446-450	gelb	
5-32	450-451	-	
5-33	453-460	lichten	
5-34	463-464	F	
5-35	465-466	f	
5-36	468-469	[	
5-37	469-472	226	
5-38	472-473	/	
5-39	473-477	0242	
5-40	477-478	]	
5-41	481-484	Das	
5-42	485-490	Erſte	
5-43	491-495	Buch	
5-44	495-496	/	
5-45	499-506	lichten	
5-46	507-514	Flecken	
5-47	515-524	gezierter	
5-48	525-530	Rinde	
5-49	531-538	begabet	
5-50	538-539	.	

#Text=Die
#Text=Blaͤtter vergleichen ſich groͤſſe und geſtalt
#Text=nach den Blaͤttern der Kinngerten.
6-1	540-543	Die	
6-2	544-552	Blaͤtter	
6-3	553-564	vergleichen	
6-4	565-569	ſich	
6-5	570-577	groͤſſe	
6-6	578-581	und	
6-7	582-589	geſtalt	
6-8	590-594	nach	
6-9	595-598	den	
6-10	599-608	Blaͤttern	
6-11	609-612	der	
6-12	613-623	Kinngerten	
6-13	623-624	.	

#Text=Traͤgt
#Text=jaͤhrlich zweymahl Bluͤhte/
#Text=die erſte in dem
#Text=Fruͤhling/ hanget buͤſchelein-weiß an dem
#Text=Baum/ und iſt purpurroth/ gibt einen ſehr
#Text=angenehmen geruch von ſich;
#Text=die andere
#Text=folgt in dem ſpathen Herbſt.
7-1	625-631	Traͤgt	
7-2	632-641	jaͤhrlich	
7-3	642-650	zweymahl	
7-4	651-658	Bluͤhte	
7-5	658-659	/	
7-6	660-663	die	
7-7	664-669	erſte	
7-8	670-672	in	
7-9	673-676	dem	
7-10	677-686	Fruͤhling	
7-11	686-687	/	
7-12	688-694	hanget	
7-13	695-711	buͤſchelein-weiß	
7-14	712-714	an	
7-15	715-718	dem	
7-16	719-723	Baum	
7-17	723-724	/	
7-18	725-728	und	
7-19	729-732	iſt	
7-20	733-743	purpurroth	
7-21	743-744	/	
7-22	745-749	gibt	
7-23	750-755	einen	
7-24	756-760	ſehr	
7-25	761-771	angenehmen	
7-26	772-778	geruch	
7-27	779-782	von	
7-28	783-787	ſich	
7-29	787-788	;	
7-30	789-792	die	
7-31	793-799	andere	
7-32	800-805	folgt	
7-33	806-808	in	
7-34	809-812	dem	
7-35	813-820	ſpathen	
7-36	821-827	Herbſt	
7-37	827-828	.	

#Text=Nach dem
#Text=Bluſt folget die in kleinen/ kurtzen/ breit-
#Text=lichten ſchoͤtlein beſtehende Frucht/ welche
#Text=endlich auch voneinander ſpaltet/ und einen
#Text=ſchwartzlichten kleinen Samen offenbahret.
8-1	829-833	Nach	
8-2	834-837	dem	
8-3	838-843	Bluſt	
8-4	844-850	folget	
8-5	851-854	die	
8-6	855-857	in	
8-7	858-865	kleinen	
8-8	865-866	/	
8-9	867-874	kurtzen	
8-10	874-875	/	
8-11	876-881	breit	
8-12	881-882	-	
8-13	883-890	lichten	
8-14	891-901	ſchoͤtlein	
8-15	902-912	beſtehende	
8-16	913-919	Frucht	
8-17	919-920	/	
8-18	921-927	welche	
8-19	928-935	endlich	
8-20	936-940	auch	
8-21	941-952	voneinander	
8-22	953-960	ſpaltet	
8-23	960-961	/	
8-24	962-965	und	
8-25	966-971	einen	
8-26	972-987	ſchwartzlichten	
8-27	988-995	kleinen	
8-28	996-1001	Samen	
8-29	1002-1013	offenbahret	
8-30	1013-1014	.	

#Text=Den Blaͤttern nach iſt er dem Cataloniſchen
#Text=
#Text=Jaſmin
#Text=nicht gar unaͤhnlich
#Text=.
9-1	1016-1019	Den	
9-2	1020-1029	Blaͤttern	
9-3	1030-1034	nach	
9-4	1035-1038	iſt	
9-5	1039-1041	er	
9-6	1042-1045	dem	
9-7	1046-1059	Cataloniſchen	
9-8	1061-1067	Jaſmin	
9-9	1068-1073	nicht	
9-10	1074-1077	gar	
9-11	1078-1088	unaͤhnlich	
9-12	1089-1090	.	

#Text=Die Bluͤhte
#Text=
#Text=ſchießt gleichſam wie Aehre auff.
10-1	1091-1094	Die	
10-2	1095-1102	Bluͤhte	
10-3	1104-1111	ſchießt	
10-4	1112-1121	gleichſam	
10-5	1122-1125	wie	
10-6	1126-1131	Aehre	
10-7	1132-1136	auff	
10-8	1136-1137	.	

#Text=II.
11-1	1140-1142	II	
11-2	1142-1143	.	
