#FORMAT=WebAnno TSV 3.3


#Text=Als men de jonge Planten dunt, moet men’er ook ’t onkruid uithalen, dat haar niet
#Text=minder nadeel zoude toebrengen.
1-1	3-6	Als	
1-2	7-10	men	
1-3	11-13	de	
1-4	14-19	jonge	
1-5	20-27	Planten	
1-6	28-32	dunt	
1-7	32-33	,	
1-8	34-38	moet	
1-9	39-42	men	
1-10	42-43	’	
1-11	43-45	er	
1-12	46-49	ook	
1-13	50-51	’	
1-14	51-52	t	
1-15	53-60	onkruid	
1-16	61-69	uithalen	
1-17	69-70	,	
1-18	71-74	dat	
1-19	75-79	haar	
1-20	80-84	niet	
1-21	85-91	minder	
1-22	92-98	nadeel	
1-23	99-104	zoude	
1-24	105-115	toebrengen	
1-25	115-116	.	

#Text=Dit eens gedaan zynde, laat men
#Text=’t Houtgewas
#Text=’t
#Text=
#Text=gantse Jaar staan, zonder iet meer daar aan te doen.
2-1	117-120	Dit	
2-2	121-125	eens	
2-3	126-132	gedaan	
2-4	133-138	zynde	
2-5	138-139	,	
2-6	140-144	laat	
2-7	145-148	men	
2-8	149-150	’	
2-9	150-151	t	
2-10	152-161	Houtgewas	
2-11	162-163	’	
2-12	163-164	t	
2-13	166-172	gantse	
2-14	173-177	Jaar	
2-15	178-183	staan	
2-16	183-184	,	
2-17	185-191	zonder	
2-18	192-195	iet	
2-19	196-200	meer	
2-20	201-205	daar	
2-21	206-209	aan	
2-22	210-212	te	
2-23	213-217	doen	
2-24	217-218	.	

#Text=In ’t twede Jaar gaat men in de maand Juni, als ’t geregend heeft, nog eens kyken,
#Text=om ’t uit te harken;
#Text=maar men neemt veel volk meê om te schielyker gedaan te krygen,
#Text=eer de aarde weder hard wordt.
3-1	221-223	In	
3-2	224-225	’	
3-3	225-226	t	
3-4	227-232	twede	
3-5	233-237	Jaar	
3-6	238-242	gaat	
3-7	243-246	men	
3-8	247-249	in	
3-9	250-252	de	
3-10	253-258	maand	
3-11	259-263	Juni	
3-12	263-264	,	
3-13	265-268	als	
3-14	269-270	’	
3-15	270-271	t	
3-16	272-280	geregend	
3-17	281-286	heeft	
3-18	286-287	,	
3-19	288-291	nog	
3-20	292-296	eens	
3-21	297-302	kyken	
3-22	302-303	,	
3-23	304-306	om	
3-24	307-308	’	
3-25	308-309	t	
3-26	310-313	uit	
3-27	314-316	te	
3-28	317-323	harken	
3-29	323-324	;	
3-30	325-329	maar	
3-31	330-333	men	
3-32	334-339	neemt	
3-33	340-344	veel	
3-34	345-349	volk	
3-35	350-353	meê	
3-36	354-356	om	
3-37	357-359	te	
3-38	360-370	schielyker	
3-39	371-377	gedaan	
3-40	378-380	te	
3-41	381-387	krygen	
3-42	387-388	,	
3-43	389-392	eer	
3-44	393-395	de	
3-45	396-401	aarde	
3-46	402-407	weder	
3-47	408-412	hard	
3-48	413-418	wordt	
3-49	418-419	.	

#Text=Dit gedaan zynde, kykt men’er niet na voor ’t volgende
#Text=jaar, wanneer men nog eens ligtjes omklout, om te eer te doen groejen.
4-1	420-423	Dit	
4-2	424-430	gedaan	
4-3	431-436	zynde	
4-4	436-437	,	
4-5	438-442	kykt	
4-6	443-446	men	
4-7	446-447	’	
4-8	447-449	er	
4-9	450-454	niet	
4-10	455-457	na	
4-11	458-462	voor	
4-12	463-464	’	
4-13	464-465	t	
4-14	466-474	volgende	
4-15	475-479	jaar	
4-16	479-480	,	
4-17	481-488	wanneer	
4-18	489-492	men	
4-19	493-496	nog	
4-20	497-501	eens	
4-21	502-509	ligtjes	
4-22	510-517	omklout	
4-23	517-518	,	
4-24	519-521	om	
4-25	522-524	te	
4-26	525-528	eer	
4-27	529-531	te	
4-28	532-536	doen	
4-29	537-544	groejen	
4-30	544-545	.	

#Text=Door middel van dit omklouwen is de grond beter in staat om ’t geen uit de lucht
#Text=tot hare groei komt te ontfangen, en te beter de Planten te doen groejen.
5-1	548-552	Door	
5-2	553-559	middel	
5-3	560-563	van	
5-4	564-567	dit	
5-5	568-577	omklouwen	
5-6	578-580	is	
5-7	581-583	de	
5-8	584-589	grond	
5-9	590-595	beter	
5-10	596-598	in	
5-11	599-604	staat	
5-12	605-607	om	
5-13	608-609	’	
5-14	609-610	t	
5-15	611-615	geen	
5-16	616-619	uit	
5-17	620-622	de	
5-18	623-628	lucht	
5-19	629-632	tot	
5-20	633-637	hare	
5-21	638-643	groei	
5-22	644-648	komt	
5-23	649-651	te	
5-24	652-661	ontfangen	
5-25	661-662	,	
5-26	663-665	en	
5-27	666-668	te	
5-28	669-674	beter	
5-29	675-677	de	
5-30	678-685	Planten	
5-31	686-688	te	
5-32	689-693	doen	
5-33	694-701	groejen	
5-34	701-702	.	

#Text=Als ’t derde
#Text=Jaar over is, en men de jonge Boomtjes sterk genoeg ziet, om zo veel van een yzer
#Text=niet te weten, haalt men den grond twemaal ’s Jaars om.
6-1	703-706	Als	
6-2	707-708	’	
6-3	708-709	t	
6-4	710-715	derde	
6-5	716-720	Jaar	
6-6	721-725	over	
6-7	726-728	is	
6-8	728-729	,	
6-9	730-732	en	
6-10	733-736	men	
6-11	737-739	de	
6-12	740-745	jonge	
6-13	746-754	Boomtjes	
6-14	755-760	sterk	
6-15	761-767	genoeg	
6-16	768-772	ziet	
6-17	772-773	,	
6-18	774-776	om	
6-19	777-779	zo	
6-20	780-784	veel	
6-21	785-788	van	
6-22	789-792	een	
6-23	793-797	yzer	
6-24	798-802	niet	
6-25	803-805	te	
6-26	806-811	weten	
6-27	811-812	,	
6-28	813-818	haalt	
6-29	819-822	men	
6-30	823-826	den	
6-31	827-832	grond	
6-32	833-840	twemaal	
6-33	841-842	’	
6-34	842-843	s	
6-35	844-849	Jaars	
6-36	850-852	om	
6-37	852-853	.	

#Text=De eerstemaal doet men het in de maand van Maart, en wat dieper dan de volgende
#Text=reizen.
7-1	856-858	De	
7-2	859-869	eerstemaal	
7-3	870-874	doet	
7-4	875-878	men	
7-5	879-882	het	
7-6	883-885	in	
7-7	886-888	de	
7-8	889-894	maand	
7-9	895-898	van	
7-10	899-904	Maart	
7-11	904-905	,	
7-12	906-908	en	
7-13	909-912	wat	
7-14	913-919	dieper	
7-15	920-923	dan	
7-16	924-926	de	
7-17	927-935	volgende	
7-18	936-942	reizen	
7-19	942-943	.	

#Text=De twedemaal haalt men den grond om in de maand Juli, drie dagen na ’t regenen,
#Text=met mooi weêr, op dat de hitte de wortels van ’t onkruid doe sterven;
#Text=’t geen ze niet
#Text=doen zoude, zo ze nog enigzins zouden vochtig zyn, door ’t weder.
8-1	946-948	De	
8-2	949-958	twedemaal	
8-3	959-964	haalt	
8-4	965-968	men	
8-5	969-972	den	
8-6	973-978	grond	
8-7	979-981	om	
8-8	982-984	in	
8-9	985-987	de	
8-10	988-993	maand	
8-11	994-998	Juli	
8-12	998-999	,	
8-13	1000-1004	drie	
8-14	1005-1010	dagen	
8-15	1011-1013	na	
8-16	1014-1015	’	
8-17	1015-1016	t	
8-18	1017-1024	regenen	
8-19	1024-1025	,	
8-20	1026-1029	met	
8-21	1030-1034	mooi	
8-22	1035-1039	weêr	
8-23	1039-1040	,	
8-24	1041-1043	op	
8-25	1044-1047	dat	
8-26	1048-1050	de	
8-27	1051-1056	hitte	
8-28	1057-1059	de	
8-29	1060-1067	wortels	
8-30	1068-1071	van	
8-31	1072-1073	’	
8-32	1073-1074	t	
8-33	1075-1082	onkruid	
8-34	1083-1086	doe	
8-35	1087-1094	sterven	
8-36	1094-1095	;	
8-37	1096-1097	’	
8-38	1097-1098	t	
8-39	1099-1103	geen	
8-40	1104-1106	ze	
8-41	1107-1111	niet	
8-42	1112-1116	doen	
8-43	1117-1122	zoude	
8-44	1122-1123	,	
8-45	1124-1126	zo	
8-46	1127-1129	ze	
8-47	1130-1133	nog	
8-48	1134-1142	enigzins	
8-49	1143-1149	zouden	
8-50	1150-1157	vochtig	
8-51	1158-1161	zyn	
8-52	1161-1162	,	
8-53	1163-1167	door	
8-54	1168-1169	’	
8-55	1169-1170	t	
8-56	1171-1176	weder	
8-57	1176-1177	.	

#Text=Dit moet men
#Text=doen tot dat het Houtgewas negen Jaren oud is, wanneer men het voor de eerste reis
#Text=hakt, niet om daar een groten overvloed van te halen;
#Text=maar op dat de voet, ontlast
#Text=van de takken die hy te veel te voeden heeft, te beter deurgroeje;
#Text=dan krygt die voet
#Text=meer kracht als zy te voren had, en schiet grover en schoonder takken.
9-1	1178-1181	Dit	
9-2	1182-1186	moet	
9-3	1187-1190	men	
9-4	1191-1195	doen	
9-5	1196-1199	tot	
9-6	1200-1203	dat	
9-7	1204-1207	het	
9-8	1208-1217	Houtgewas	
9-9	1218-1223	negen	
9-10	1224-1229	Jaren	
9-11	1230-1233	oud	
9-12	1234-1236	is	
9-13	1236-1237	,	
9-14	1238-1245	wanneer	
9-15	1246-1249	men	
9-16	1250-1253	het	
9-17	1254-1258	voor	
9-18	1259-1261	de	
9-19	1262-1268	eerste	
9-20	1269-1273	reis	
9-21	1274-1278	hakt	
9-22	1278-1279	,	
9-23	1280-1284	niet	
9-24	1285-1287	om	
9-25	1288-1292	daar	
9-26	1293-1296	een	
9-27	1297-1303	groten	
9-28	1304-1313	overvloed	
9-29	1314-1317	van	
9-30	1318-1320	te	
9-31	1321-1326	halen	
9-32	1326-1327	;	
9-33	1328-1332	maar	
9-34	1333-1335	op	
9-35	1336-1339	dat	
9-36	1340-1342	de	
9-37	1343-1347	voet	
9-38	1347-1348	,	
9-39	1349-1356	ontlast	
9-40	1357-1360	van	
9-41	1361-1363	de	
9-42	1364-1370	takken	
9-43	1371-1374	die	
9-44	1375-1377	hy	
9-45	1378-1380	te	
9-46	1381-1385	veel	
9-47	1386-1388	te	
9-48	1389-1395	voeden	
9-49	1396-1401	heeft	
9-50	1401-1402	,	
9-51	1403-1405	te	
9-52	1406-1411	beter	
9-53	1412-1422	deurgroeje	
9-54	1422-1423	;	
9-55	1424-1427	dan	
9-56	1428-1433	krygt	
9-57	1434-1437	die	
9-58	1438-1442	voet	
9-59	1443-1447	meer	
9-60	1448-1454	kracht	
9-61	1455-1458	als	
9-62	1459-1461	zy	
9-63	1462-1464	te	
9-64	1465-1470	voren	
9-65	1471-1474	had	
9-66	1474-1475	,	
9-67	1476-1478	en	
9-68	1479-1485	schiet	
9-69	1486-1492	grover	
9-70	1493-1495	en	
9-71	1496-1505	schoonder	
9-72	1506-1512	takken	
9-73	1512-1513	.	
