#FORMAT=WebAnno TSV 3.3
#T_SP=custom.Span|label
#T_RL=custom.Relation|label|BT_custom.Span


#Text=die
#Text=Leitungsdrähte ſind mit einem Gummiüberzug verſehen und
#Text=tragen an den Enden Elektroden aus Platin.
1-1	2-5	die	_	_	_	
1-2	6-20	Leitungsdrähte	_	_	_	
1-3	21-25	ſind	_	_	_	
1-4	26-29	mit	_	_	_	
1-5	30-35	einem	_	_	_	
1-6	36-48	Gummiüberzug	_	_	_	
1-7	49-57	verſehen	_	_	_	
1-8	58-61	und	_	_	_	
1-9	62-68	tragen	_	_	_	
1-10	69-71	an	_	_	_	
1-11	72-75	den	_	_	_	
1-12	76-81	Enden	_	_	_	
1-13	82-92	Elektroden	_	_	_	
1-14	93-96	aus	_	_	_	
1-15	97-103	Platin	_	_	_	
1-16	103-104	.	_	_	_	

#Text=Die Rückſtände der Weinbereitung ſind die Treſter, beſtehend aus
#Text=den Kämmen, Stielen und Ranken der Trauben, wie aus den Häuten
#Text=und Kernen der Beeren, und das Weingeläger, beſtehend aus
#Text=Hefe
#Text=und Weinſtein.
2-1	108-111	Die	_	_	_	
2-2	112-122	Rückſtände	_	_	_	
2-3	123-126	der	_	_	_	
2-4	127-140	Weinbereitung	_	_	_	
2-5	141-145	ſind	_	_	_	
2-6	146-149	die	_	_	_	
2-7	150-157	Treſter	_	_	_	
2-8	157-158	,	_	_	_	
2-9	159-168	beſtehend	_	_	_	
2-10	169-172	aus	_	_	_	
2-11	173-176	den	_	_	_	
2-12	177-183	Kämmen	_	_	_	
2-13	183-184	,	_	_	_	
2-14	185-192	Stielen	_	_	_	
2-15	193-196	und	_	_	_	
2-16	197-203	Ranken	_	_	_	
2-17	204-207	der	_	_	_	
2-18	208-215	Trauben	_	_	_	
2-19	215-216	,	_	_	_	
2-20	217-220	wie	_	_	_	
2-21	221-224	aus	_	_	_	
2-22	225-228	den	_	_	_	
2-23	229-235	Häuten	_	_	_	
2-24	236-239	und	_	_	_	
2-25	240-246	Kernen	_	_	_	
2-26	247-250	der	_	_	_	
2-27	251-257	Beeren	_	_	_	
2-28	257-258	,	_	_	_	
2-29	259-262	und	_	_	_	
2-30	263-266	das	_	_	_	
2-31	267-278	Weingeläger	_	_	_	
2-32	278-279	,	_	_	_	
2-33	280-289	beſtehend	_	_	_	
2-34	290-293	aus	_	_	_	
2-35	294-298	Hefe	_	_	_	
2-36	299-302	und	_	_	_	
2-37	303-312	Weinſtein	_	_	_	
2-38	312-313	.	_	_	_	

#Text=Die mit Waſſer noch nicht ausgelaugten Treſter ent-
#Text=halten noch nicht unbedeutende Mengen Moſt und dienen zur Bereitung
#Text=
#Text=\f
#Text=[520/0538
#Text=]
#Text=
#Text=Nahrungs- und Genußmittel.
3-1	314-317	Die	_	_	_	
3-2	318-321	mit	_	_	_	
3-3	322-328	Waſſer	_	_	_	
3-4	329-333	noch	_	_	_	
3-5	334-339	nicht	_	_	_	
3-6	340-352	ausgelaugten	_	_	_	
3-7	353-360	Treſter	_	_	_	
3-8	361-364	ent	_	_	_	
3-9	364-365	-	_	_	_	
3-10	366-372	halten	_	_	_	
3-11	373-377	noch	_	_	_	
3-12	378-383	nicht	_	_	_	
3-13	384-396	unbedeutende	_	_	_	
3-14	397-403	Mengen	_	_	_	
3-15	404-408	Moſt	_	_	_	
3-16	409-412	und	_	_	_	
3-17	413-419	dienen	_	_	_	
3-18	420-423	zur	_	_	_	
3-19	424-433	Bereitung	_	_	_	
3-20	437-438	[	_	_	_	
3-21	438-441	520	_	_	_	
3-22	441-442	/	_	_	_	
3-23	442-446	0538	_	_	_	
3-24	447-448	]	_	_	_	
3-25	450-458	Nahrungs	_	_	_	
3-26	458-459	-	_	_	_	
3-27	460-463	und	_	_	_	
3-28	464-475	Genußmittel	_	_	_	
3-29	475-476	.	_	_	_	

#Text=von petiotiſiertem Wein, von Branntwein, zur Fabrikation von Grün-
#Text=ſpan, zur Eſſigfabrikation und als Viehfutter.
4-1	480-483	von	_	_	_	
4-2	484-498	petiotiſiertem	_	_	_	
4-3	499-503	Wein	_	_	_	
4-4	503-504	,	_	_	_	
4-5	505-508	von	_	_	_	
4-6	509-519	Branntwein	_	_	_	
4-7	519-520	,	_	_	_	
4-8	521-524	zur	_	_	_	
4-9	525-536	Fabrikation	_	_	_	
4-10	537-540	von	_	_	_	
4-11	541-545	Grün	_	_	_	
4-12	545-546	-	_	_	_	
4-13	547-551	ſpan	_	_	_	
4-14	551-552	,	_	_	_	
4-15	553-556	zur	_	_	_	
4-16	557-573	Eſſigfabrikation	_	_	_	
4-17	574-577	und	_	_	_	
4-18	578-581	als	_	_	_	
4-19	582-592	Viehfutter	_	_	_	
4-20	592-593	.	_	_	_	

#Text=Die Traubenkerne
#Text=liefern ein fettes Öl und infolge ihres Gerbſäuregehaltes die ſog.
5-1	594-597	Die	_	_	_	
5-2	598-610	Traubenkerne	_	_	_	
5-3	611-618	liefern	_	_	_	
5-4	619-622	ein	_	_	_	
5-5	623-629	fettes	_	_	_	
5-6	630-632	Öl	_	_	_	
5-7	633-636	und	_	_	_	
5-8	637-644	infolge	_	_	_	
5-9	645-650	ihres	_	_	_	
5-10	651-668	Gerbſäuregehaltes	_	_	_	
5-11	669-672	die	_	_	_	
5-12	673-676	ſog	_	_	_	
5-13	676-677	.	_	_	_	

#Text=Weinkerngerbſäure.
6-1	679-696	Weinkerngerbſäure	_	_	_	
6-2	696-697	.	_	_	_	

#Text=Aus dem Weingeläger werden der eigentümlich
#Text=riechende Druſenbranntwein, der Weinſtein und die Weinſäure gewonnen.
7-1	698-701	Aus	Location[1]	_	_	
7-2	702-705	dem	Location[1]	_	_	
7-3	706-717	Weingeläger	Location[1]	_	_	
7-4	718-724	werden	_	_	_	
7-5	725-728	der	_	_	_	
7-6	729-741	eigentümlich	Quality	_	_	
7-7	742-751	riechende	Smell\_Word	*|*|*	7-6|7-8|7-1[1_0]	
7-8	752-768	Druſenbranntwein	Smell\_Source	_	_	
7-9	768-769	,	_	_	_	
7-10	770-773	der	_	_	_	
7-11	774-783	Weinſtein	_	_	_	
7-12	784-787	und	_	_	_	
7-13	788-791	die	_	_	_	
7-14	792-801	Weinſäure	_	_	_	
7-15	802-810	gewonnen	_	_	_	
7-16	810-811	.	_	_	_	

#Text=Als Rohmaterial des Obſtweines dienen hauptſächlich Äpfel, ſie
#Text=geben den in Frankreich ſo verbreiteten Cider;
#Text=aber auch Birnen
#Text=
#Text=werden verwendet, und von den Beerenweinen ſind beſonders der
#Text=
#Text=[Abbildung\tFig.
#Text=302.
8-1	815-818	Als	_	_	_	
8-2	819-830	Rohmaterial	_	_	_	
8-3	831-834	des	_	_	_	
8-4	835-845	Obſtweines	_	_	_	
8-5	846-852	dienen	_	_	_	
8-6	853-866	hauptſächlich	_	_	_	
8-7	867-872	Äpfel	_	_	_	
8-8	872-873	,	_	_	_	
8-9	874-877	ſie	_	_	_	
8-10	878-883	geben	_	_	_	
8-11	884-887	den	_	_	_	
8-12	888-890	in	_	_	_	
8-13	891-901	Frankreich	_	_	_	
8-14	902-904	ſo	_	_	_	
8-15	905-917	verbreiteten	_	_	_	
8-16	918-923	Cider	_	_	_	
8-17	923-924	;	_	_	_	
8-18	925-929	aber	_	_	_	
8-19	930-934	auch	_	_	_	
8-20	935-941	Birnen	_	_	_	
8-21	943-949	werden	_	_	_	
8-22	950-959	verwendet	_	_	_	
8-23	959-960	,	_	_	_	
8-24	961-964	und	_	_	_	
8-25	965-968	von	_	_	_	
8-26	969-972	den	_	_	_	
8-27	973-985	Beerenweinen	_	_	_	
8-28	986-990	ſind	_	_	_	
8-29	991-1000	beſonders	_	_	_	
8-30	1001-1004	der	_	_	_	
8-31	1006-1007	[	_	_	_	
8-32	1007-1016	Abbildung	_	_	_	
8-33	1017-1020	Fig	_	_	_	
8-34	1020-1021	.	_	_	_	
8-35	1022-1025	302	_	_	_	
8-36	1025-1026	.	_	_	_	

#Text=Obſtmühle.
#Text=]
#Text=
#Text=
#Text=[
#Text=Abbildung\tFig.
#Text=303.
9-1	1028-1037	Obſtmühle	_	_	_	
9-2	1037-1038	.	_	_	_	
9-3	1039-1040	]	_	_	_	
9-4	1043-1044	[	_	_	_	
9-5	1045-1054	Abbildung	_	_	_	
9-6	1055-1058	Fig	_	_	_	
9-7	1058-1059	.	_	_	_	
9-8	1060-1063	303	_	_	_	
9-9	1063-1064	.	_	_	_	

#Text=Saftpreſſe.
10-1	1066-1076	Saftpreſſe	_	_	_	
10-2	1076-1077	.	_	_	_	
