#FORMAT=WebAnno TSV 3.3


#Text=Mentre c ' incamminiamo verso la vetta del Monterone per facili ed ombrosi sentieri, compagno mio, facciamo quattro chiacchere.
1-1	2-8	Mentre	
1-2	9-10	c	
1-3	11-12	'	
1-4	13-25	incamminiamo	
1-5	26-31	verso	
1-6	32-34	la	
1-7	35-40	vetta	
1-8	41-44	del	
1-9	45-54	Monterone	
1-10	55-58	per	
1-11	59-65	facili	
1-12	66-68	ed	
1-13	69-76	ombrosi	
1-14	77-85	sentieri	
1-15	85-86	,	
1-16	87-95	compagno	
1-17	96-99	mio	
1-18	99-100	,	
1-19	101-109	facciamo	
1-20	110-117	quattro	
1-21	118-128	chiacchere	
1-22	128-129	.	

#Text=Tu hai da sapere - prima ancora di descriverti le veramente inudite meraviglie di Intra e Pallanza - che ieri nelle ore pomeridiane mi sono rannicchiato fra alcuni scogli dell ' isoletta di S.
2-1	130-132	Tu	
2-2	133-136	hai	
2-3	137-139	da	
2-4	140-146	sapere	
2-5	147-148	-	
2-6	149-154	prima	
2-7	155-161	ancora	
2-8	162-164	di	
2-9	165-176	descriverti	
2-10	177-179	le	
2-11	180-189	veramente	
2-12	190-197	inudite	
2-13	198-208	meraviglie	
2-14	209-211	di	
2-15	212-217	Intra	
2-16	218-219	e	
2-17	220-228	Pallanza	
2-18	229-230	-	
2-19	231-234	che	
2-20	235-239	ieri	
2-21	240-245	nelle	
2-22	246-249	ore	
2-23	250-261	pomeridiane	
2-24	262-264	mi	
2-25	265-269	sono	
2-26	270-282	rannicchiato	
2-27	283-286	fra	
2-28	287-293	alcuni	
2-29	294-300	scogli	
2-30	301-305	dell	
2-31	306-307	'	
2-32	308-316	isoletta	
2-33	317-319	di	
2-34	320-321	S	
2-35	321-322	.	

#Text=Giovanni, e godendo ad una la frescura vespertina dell ' inverno ed il rezzo di alcune piante protendentesi ad ombrello sopra il mio capo, me ne stava pensando come fra tutti i libri il meno intelligibile sia l ' uomo, questa edizione princeps, direbbe un bibliofilo, che fa sì splendida mostra nella biblioteca della natura.
3-1	323-331	Giovanni	
3-2	331-332	,	
3-3	333-334	e	
3-4	335-342	godendo	
3-5	343-345	ad	
3-6	346-349	una	
3-7	350-352	la	
3-8	353-361	frescura	
3-9	362-372	vespertina	
3-10	373-377	dell	
3-11	378-379	'	
3-12	380-387	inverno	
3-13	388-390	ed	
3-14	391-393	il	
3-15	394-399	rezzo	
3-16	400-402	di	
3-17	403-409	alcune	
3-18	410-416	piante	
3-19	417-430	protendentesi	
3-20	431-433	ad	
3-21	434-442	ombrello	
3-22	443-448	sopra	
3-23	449-451	il	
3-24	452-455	mio	
3-25	456-460	capo	
3-26	460-461	,	
3-27	462-464	me	
3-28	465-467	ne	
3-29	468-473	stava	
3-30	474-482	pensando	
3-31	483-487	come	
3-32	488-491	fra	
3-33	492-497	tutti	
3-34	498-499	i	
3-35	500-505	libri	
3-36	506-508	il	
3-37	509-513	meno	
3-38	514-527	intelligibile	
3-39	528-531	sia	
3-40	532-533	l	
3-41	534-535	'	
3-42	536-540	uomo	
3-43	540-541	,	
3-44	542-548	questa	
3-45	549-557	edizione	
3-46	558-566	princeps	
3-47	566-567	,	
3-48	568-575	direbbe	
3-49	576-578	un	
3-50	579-589	bibliofilo	
3-51	589-590	,	
3-52	591-594	che	
3-53	595-597	fa	
3-54	598-600	sì	
3-55	601-610	splendida	
3-56	611-617	mostra	
3-57	618-623	nella	
3-58	624-634	biblioteca	
3-59	635-640	della	
3-60	641-647	natura	
3-61	647-648	.	

#Text=Dopo di avere scartabellato nella mia mente tante pagine non sempre terse, confortevoli, del misterioso volume, finii per domandare a me stesso quale dei sensi maggiore relazione avesse coll ' anima.
4-1	649-653	Dopo	
4-2	654-656	di	
4-3	657-662	avere	
4-4	663-676	scartabellato	
4-5	677-682	nella	
4-6	683-686	mia	
4-7	687-692	mente	
4-8	693-698	tante	
4-9	699-705	pagine	
4-10	706-709	non	
4-11	710-716	sempre	
4-12	717-722	terse	
4-13	722-723	,	
4-14	724-736	confortevoli	
4-15	736-737	,	
4-16	738-741	del	
4-17	742-752	misterioso	
4-18	753-759	volume	
4-19	759-760	,	
4-20	761-766	finii	
4-21	767-770	per	
4-22	771-780	domandare	
4-23	781-782	a	
4-24	783-785	me	
4-25	786-792	stesso	
4-26	793-798	quale	
4-27	799-802	dei	
4-28	803-808	sensi	
4-29	809-817	maggiore	
4-30	818-827	relazione	
4-31	828-834	avesse	
4-32	835-839	coll	
4-33	840-841	'	
4-34	842-847	anima	
4-35	847-848	.	

#Text=La fantasia volò coll ' ali della memoria ai momenti fuggitivi, in cui una voce armoniosa colla parola che nega e promette m ' avea scosso tutte le fibre del cuore; alle notti tumultuose in cui le briose note de ' balli vertiginosi m ' avevano tratto nella ridda quasi allucinato; alle sere in cui il Barbiere, il Tell, la Lucia ed il Rigoletto versavano un fiume di melodìa nel mio animo, ed il rincrescimento che il tempo m ' involasse sì presto quei divini concenti in mezzo a cui dimenticava le miserie e le prose della vita per slanciarmi ebbro di poesia nei mondo delle illusioni....
5-1	849-851	La	
5-2	852-860	fantasia	
5-3	861-865	volò	
5-4	866-870	coll	
5-5	871-872	'	
5-6	873-876	ali	
5-7	877-882	della	
5-8	883-890	memoria	
5-9	891-893	ai	
5-10	894-901	momenti	
5-11	902-911	fuggitivi	
5-12	911-912	,	
5-13	913-915	in	
5-14	916-919	cui	
5-15	920-923	una	
5-16	924-928	voce	
5-17	929-938	armoniosa	
5-18	939-944	colla	
5-19	945-951	parola	
5-20	952-955	che	
5-21	956-960	nega	
5-22	961-962	e	
5-23	963-971	promette	
5-24	972-973	m	
5-25	974-975	'	
5-26	976-980	avea	
5-27	981-987	scosso	
5-28	988-993	tutte	
5-29	994-996	le	
5-30	997-1002	fibre	
5-31	1003-1006	del	
5-32	1007-1012	cuore	
5-33	1012-1013	;	
5-34	1014-1018	alle	
5-35	1019-1024	notti	
5-36	1025-1035	tumultuose	
5-37	1036-1038	in	
5-38	1039-1042	cui	
5-39	1043-1045	le	
5-40	1046-1052	briose	
5-41	1053-1057	note	
5-42	1058-1060	de	
5-43	1061-1062	'	
5-44	1063-1068	balli	
5-45	1069-1080	vertiginosi	
5-46	1081-1082	m	
5-47	1083-1084	'	
5-48	1085-1092	avevano	
5-49	1093-1099	tratto	
5-50	1100-1105	nella	
5-51	1106-1111	ridda	
5-52	1112-1117	quasi	
5-53	1118-1128	allucinato	
5-54	1128-1129	;	
5-55	1130-1134	alle	
5-56	1135-1139	sere	
5-57	1140-1142	in	
5-58	1143-1146	cui	
5-59	1147-1149	il	
5-60	1150-1158	Barbiere	
5-61	1158-1159	,	
5-62	1160-1162	il	
5-63	1163-1167	Tell	
5-64	1167-1168	,	
5-65	1169-1171	la	
5-66	1172-1177	Lucia	
5-67	1178-1180	ed	
5-68	1181-1183	il	
5-69	1184-1193	Rigoletto	
5-70	1194-1203	versavano	
5-71	1204-1206	un	
5-72	1207-1212	fiume	
5-73	1213-1215	di	
5-74	1216-1223	melodìa	
5-75	1224-1227	nel	
5-76	1228-1231	mio	
5-77	1232-1237	animo	
5-78	1237-1238	,	
5-79	1239-1241	ed	
5-80	1242-1244	il	
5-81	1245-1259	rincrescimento	
5-82	1260-1263	che	
5-83	1264-1266	il	
5-84	1267-1272	tempo	
5-85	1273-1274	m	
5-86	1275-1276	'	
5-87	1277-1286	involasse	
5-88	1287-1289	sì	
5-89	1290-1296	presto	
5-90	1297-1301	quei	
5-91	1302-1308	divini	
5-92	1309-1317	concenti	
5-93	1318-1320	in	
5-94	1321-1326	mezzo	
5-95	1327-1328	a	
5-96	1329-1332	cui	
5-97	1333-1344	dimenticava	
5-98	1345-1347	le	
5-99	1348-1355	miserie	
5-100	1356-1357	e	
5-101	1358-1360	le	
5-102	1361-1366	prose	
5-103	1367-1372	della	
5-104	1373-1377	vita	
5-105	1378-1381	per	
5-106	1382-1392	slanciarmi	
5-107	1393-1398	ebbro	
5-108	1399-1401	di	
5-109	1402-1408	poesia	
5-110	1409-1412	nei	
5-111	1413-1418	mondo	
5-112	1419-1424	delle	
5-113	1425-1434	illusioni	
5-114	1434-1435	.	
5-115	1435-1436	.	
5-116	1436-1437	.	
5-117	1437-1438	.	

#Text=Oh!
6-1	1439-1441	Oh	
6-2	1441-1442	!	

#Text=l ' udito è pure il prezioso senso!
7-1	1443-1444	l	
7-2	1445-1446	'	
7-3	1447-1452	udito	
7-4	1453-1454	è	
7-5	1455-1459	pure	
7-6	1460-1462	il	
7-7	1463-1471	prezioso	
7-8	1472-1477	senso	
7-9	1477-1478	!	

#Text=Mercè sua comprendo l ' espressione più viva del mondo: tutto parla; beato chi sente!
8-1	1479-1484	Mercè	
8-2	1485-1488	sua	
8-3	1489-1498	comprendo	
8-4	1499-1500	l	
8-5	1501-1502	'	
8-6	1503-1514	espressione	
8-7	1515-1518	più	
8-8	1519-1523	viva	
8-9	1524-1527	del	
8-10	1528-1533	mondo	
8-11	1533-1534	:	
8-12	1535-1540	tutto	
8-13	1541-1546	parla	
8-14	1546-1547	;	
8-15	1548-1553	beato	
8-16	1554-1557	chi	
8-17	1558-1563	sente	
8-18	1563-1564	!	

#Text=Sennonchè tosto mi ricorse al pensiero come la voce dell ' amata s ' era fatta dopo poco tempo aspra, sarcastica; poichè ella troppo presto dimenticando quanto m ' era costata la felicità effimera di pochi dì, mi piantava colla solita sua buona grazia un pugnale nel bel mezzo del cuore.
9-1	1565-1574	Sennonchè	
9-2	1575-1580	tosto	
9-3	1581-1583	mi	
9-4	1584-1591	ricorse	
9-5	1592-1594	al	
9-6	1595-1603	pensiero	
9-7	1604-1608	come	
9-8	1609-1611	la	
9-9	1612-1616	voce	
9-10	1617-1621	dell	
9-11	1622-1623	'	
9-12	1624-1629	amata	
9-13	1630-1631	s	
9-14	1632-1633	'	
9-15	1634-1637	era	
9-16	1638-1643	fatta	
9-17	1644-1648	dopo	
9-18	1649-1653	poco	
9-19	1654-1659	tempo	
9-20	1660-1665	aspra	
9-21	1665-1666	,	
9-22	1667-1677	sarcastica	
9-23	1677-1678	;	
9-24	1679-1685	poichè	
9-25	1686-1690	ella	
9-26	1691-1697	troppo	
9-27	1698-1704	presto	
9-28	1705-1717	dimenticando	
9-29	1718-1724	quanto	
9-30	1725-1726	m	
9-31	1727-1728	'	
9-32	1729-1732	era	
9-33	1733-1740	costata	
9-34	1741-1743	la	
9-35	1744-1752	felicità	
9-36	1753-1761	effimera	
9-37	1762-1764	di	
9-38	1765-1770	pochi	
9-39	1771-1773	dì	
9-40	1773-1774	,	
9-41	1775-1777	mi	
9-42	1778-1786	piantava	
9-43	1787-1792	colla	
9-44	1793-1799	solita	
9-45	1800-1803	sua	
9-46	1804-1809	buona	
9-47	1810-1816	grazia	
9-48	1817-1819	un	
9-49	1820-1827	pugnale	
9-50	1828-1831	nel	
9-51	1832-1835	bel	
9-52	1836-1841	mezzo	
9-53	1842-1845	del	
9-54	1846-1851	cuore	
9-55	1851-1852	.	

#Text=È vero che non corse gran tempo che la civetta pietosa - s ' era forse già annoiata del mio successore - volle svellerlo; ma il modo fu così gentile, delicato, che la tarda carità invece di guarire la ferita non fece che inasprirla.
10-1	1853-1854	È	
10-2	1855-1859	vero	
10-3	1860-1863	che	
10-4	1864-1867	non	
10-5	1868-1873	corse	
10-6	1874-1878	gran	
10-7	1879-1884	tempo	
10-8	1885-1888	che	
10-9	1889-1891	la	
10-10	1892-1899	civetta	
10-11	1900-1907	pietosa	
10-12	1908-1909	-	
10-13	1910-1911	s	
10-14	1912-1913	'	
10-15	1914-1917	era	
10-16	1918-1923	forse	
10-17	1924-1927	già	
10-18	1928-1936	annoiata	
10-19	1937-1940	del	
10-20	1941-1944	mio	
10-21	1945-1955	successore	
10-22	1956-1957	-	
10-23	1958-1963	volle	
10-24	1964-1973	svellerlo	
10-25	1973-1974	;	
10-26	1975-1977	ma	
10-27	1978-1980	il	
10-28	1981-1985	modo	
10-29	1986-1988	fu	
10-30	1989-1993	così	
10-31	1994-2001	gentile	
10-32	2001-2002	,	
10-33	2003-2011	delicato	
10-34	2011-2012	,	
10-35	2013-2016	che	
10-36	2017-2019	la	
10-37	2020-2025	tarda	
10-38	2026-2032	carità	
10-39	2033-2039	invece	
10-40	2040-2042	di	
10-41	2043-2050	guarire	
10-42	2051-2053	la	
10-43	2054-2060	ferita	
10-44	2061-2064	non	
10-45	2065-2069	fece	
10-46	2070-2073	che	
10-47	2074-2084	inasprirla	
10-48	2084-2085	.	

#Text=Strida da una e dall ' altra parte, smanie e stridori di denti...... ancora mi suonano nell ' aria orrende parole.......
11-1	2086-2092	Strida	
11-2	2093-2095	da	
11-3	2096-2099	una	
11-4	2100-2101	e	
11-5	2102-2106	dall	
11-6	2107-2108	'	
11-7	2109-2114	altra	
11-8	2115-2120	parte	
11-9	2120-2121	,	
11-10	2122-2128	smanie	
11-11	2129-2130	e	
11-12	2131-2139	stridori	
11-13	2140-2142	di	
11-14	2143-2148	denti	
11-15	2148-2149	.	
11-16	2149-2150	.	
11-17	2150-2151	.	
11-18	2151-2152	.	
11-19	2152-2153	.	
11-20	2153-2154	.	
11-21	2155-2161	ancora	
11-22	2162-2164	mi	
11-23	2165-2172	suonano	
11-24	2173-2177	nell	
11-25	2178-2179	'	
11-26	2180-2184	aria	
11-27	2185-2192	orrende	
11-28	2193-2199	parole	
11-29	2199-2200	.	
11-30	2200-2201	.	
11-31	2201-2202	.	
11-32	2202-2203	.	
11-33	2203-2204	.	
11-34	2204-2205	.	
11-35	2205-2206	.	

#Text=Lo credereste?
12-1	2207-2209	Lo	
12-2	2210-2220	credereste	
12-3	2220-2221	?	

#Text=A questo punto mi giunsero da ogni parte cigolì di ruote, e una miriade di stonazioni venne a grandinarmi intorno dal non lontano teatro di Intra dove si torturava non so quale delle opere più faticose di Verdi, con tanto strazio che dalla pietà e dal terrore mi si rattrappivano i nervi....
13-1	2222-2223	A	
13-2	2224-2230	questo	
13-3	2231-2236	punto	
13-4	2237-2239	mi	
13-5	2240-2248	giunsero	
13-6	2249-2251	da	
13-7	2252-2256	ogni	
13-8	2257-2262	parte	
13-9	2263-2269	cigolì	
13-10	2270-2272	di	
13-11	2273-2278	ruote	
13-12	2278-2279	,	
13-13	2280-2281	e	
13-14	2282-2285	una	
13-15	2286-2293	miriade	
13-16	2294-2296	di	
13-17	2297-2307	stonazioni	
13-18	2308-2313	venne	
13-19	2314-2315	a	
13-20	2316-2327	grandinarmi	
13-21	2328-2335	intorno	
13-22	2336-2339	dal	
13-23	2340-2343	non	
13-24	2344-2351	lontano	
13-25	2352-2358	teatro	
13-26	2359-2361	di	
13-27	2362-2367	Intra	
13-28	2368-2372	dove	
13-29	2373-2375	si	
13-30	2376-2385	torturava	
13-31	2386-2389	non	
13-32	2390-2392	so	
13-33	2393-2398	quale	
13-34	2399-2404	delle	
13-35	2405-2410	opere	
13-36	2411-2414	più	
13-37	2415-2423	faticose	
13-38	2424-2426	di	
13-39	2427-2432	Verdi	
13-40	2432-2433	,	
13-41	2434-2437	con	
13-42	2438-2443	tanto	
13-43	2444-2451	strazio	
13-44	2452-2455	che	
13-45	2456-2461	dalla	
13-46	2462-2467	pietà	
13-47	2468-2469	e	
13-48	2470-2473	dal	
13-49	2474-2481	terrore	
13-50	2482-2484	mi	
13-51	2485-2487	si	
13-52	2488-2501	rattrappivano	
13-53	2502-2503	i	
13-54	2504-2509	nervi	
13-55	2509-2510	.	
13-56	2510-2511	.	
13-57	2511-2512	.	
13-58	2512-2513	.	

#Text=Benedetto l ' udito, senso preziosissimo; ma tu non sei certo l ' eccellente.
14-1	2514-2523	Benedetto	
14-2	2524-2525	l	
14-3	2526-2527	'	
14-4	2528-2533	udito	
14-5	2533-2534	,	
14-6	2535-2540	senso	
14-7	2541-2554	preziosissimo	
14-8	2554-2555	;	
14-9	2556-2558	ma	
14-10	2559-2561	tu	
14-11	2562-2565	non	
14-12	2566-2569	sei	
14-13	2570-2575	certo	
14-14	2576-2577	l	
14-15	2578-2579	'	
14-16	2580-2590	eccellente	
14-17	2590-2591	.	

#Text=Non aveva finito ancora questa frase che le rose, i gelsomini, le acacie, i limoni, i millefiori del giardino botanico di Rovelli m ' inviarono una nebbia di sì acute fragranze ch ' io allargando le nari per meglio aspirarne gli effluvii, imparadisato chiusi gli occhi e credetti d ' essere volato all ' olimpo di Maometto, in mezzo alle urì, sulla sponda d ' un lago d ' acqua di rosa....
15-1	2592-2595	Non	
15-2	2596-2601	aveva	
15-3	2602-2608	finito	
15-4	2609-2615	ancora	
15-5	2616-2622	questa	
15-6	2623-2628	frase	
15-7	2629-2632	che	
15-8	2633-2635	le	
15-9	2636-2640	rose	
15-10	2640-2641	,	
15-11	2642-2643	i	
15-12	2644-2653	gelsomini	
15-13	2653-2654	,	
15-14	2655-2657	le	
15-15	2658-2664	acacie	
15-16	2664-2665	,	
15-17	2666-2667	i	
15-18	2668-2674	limoni	
15-19	2674-2675	,	
15-20	2676-2677	i	
15-21	2678-2688	millefiori	
15-22	2689-2692	del	
15-23	2693-2701	giardino	
15-24	2702-2710	botanico	
15-25	2711-2713	di	
15-26	2714-2721	Rovelli	
15-27	2722-2723	m	
15-28	2724-2725	'	
15-29	2726-2735	inviarono	
15-30	2736-2739	una	
15-31	2740-2746	nebbia	
15-32	2747-2749	di	
15-33	2750-2752	sì	
15-34	2753-2758	acute	
15-35	2759-2768	fragranze	
15-36	2769-2771	ch	
15-37	2772-2773	'	
15-38	2774-2776	io	
15-39	2777-2787	allargando	
15-40	2788-2790	le	
15-41	2791-2795	nari	
15-42	2796-2799	per	
15-43	2800-2806	meglio	
15-44	2807-2816	aspirarne	
15-45	2817-2820	gli	
15-46	2821-2829	effluvii	
15-47	2829-2830	,	
15-48	2831-2843	imparadisato	
15-49	2844-2850	chiusi	
15-50	2851-2854	gli	
15-51	2855-2860	occhi	
15-52	2861-2862	e	
15-53	2863-2871	credetti	
15-54	2872-2873	d	
15-55	2874-2875	'	
15-56	2876-2882	essere	
15-57	2883-2889	volato	
15-58	2890-2893	all	
15-59	2894-2895	'	
15-60	2896-2902	olimpo	
15-61	2903-2905	di	
15-62	2906-2914	Maometto	
15-63	2914-2915	,	
15-64	2916-2918	in	
15-65	2919-2924	mezzo	
15-66	2925-2929	alle	
15-67	2930-2933	urì	
15-68	2933-2934	,	
15-69	2935-2940	sulla	
15-70	2941-2947	sponda	
15-71	2948-2949	d	
15-72	2950-2951	'	
15-73	2952-2954	un	
15-74	2955-2959	lago	
15-75	2960-2961	d	
15-76	2962-2963	'	
15-77	2964-2969	acqua	
15-78	2970-2972	di	
15-79	2973-2977	rosa	
15-80	2977-2978	.	
15-81	2978-2979	.	
15-82	2979-2980	.	
15-83	2980-2981	.	

#Text=O incostanza della fortuna!
16-1	2982-2983	O	
16-2	2984-2994	incostanza	
16-3	2995-3000	della	
16-4	3001-3008	fortuna	
16-5	3008-3009	!	

#Text=Un alito di vento involò ratto l ' olezzo; sparì l ' acqua di rosa, ed il lago senza moto, senz ' aura, apparve come una conca immensa stagnante da cui emanava un fetore orribile di pesci imputriditi.
17-1	3010-3012	Un	
17-2	3013-3018	alito	
17-3	3019-3021	di	
17-4	3022-3027	vento	
17-5	3028-3034	involò	
17-6	3035-3040	ratto	
17-7	3041-3042	l	
17-8	3043-3044	'	
17-9	3045-3051	olezzo	
17-10	3051-3052	;	
17-11	3053-3058	sparì	
17-12	3059-3060	l	
17-13	3061-3062	'	
17-14	3063-3068	acqua	
17-15	3069-3071	di	
17-16	3072-3076	rosa	
17-17	3076-3077	,	
17-18	3078-3080	ed	
17-19	3081-3083	il	
17-20	3084-3088	lago	
17-21	3089-3094	senza	
17-22	3095-3099	moto	
17-23	3099-3100	,	
17-24	3101-3105	senz	
17-25	3106-3107	'	
17-26	3108-3112	aura	
17-27	3112-3113	,	
17-28	3114-3121	apparve	
17-29	3122-3126	come	
17-30	3127-3130	una	
17-31	3131-3136	conca	
17-32	3137-3144	immensa	
17-33	3145-3154	stagnante	
17-34	3155-3157	da	
17-35	3158-3161	cui	
17-36	3162-3169	emanava	
17-37	3170-3172	un	
17-38	3173-3179	fetore	
17-39	3180-3188	orribile	
17-40	3189-3191	di	
17-41	3192-3197	pesci	
17-42	3198-3209	imputriditi	
17-43	3209-3210	.	

#Text=Dubitai che la bella Verbania l ' avesse abbandonato colle sue ninfe, m ' alzai e pervenni presso la foce del fiume che bagna la Sassonia....
18-1	3211-3218	Dubitai	
18-2	3219-3222	che	
18-3	3223-3225	la	
18-4	3226-3231	bella	
18-5	3232-3240	Verbania	
18-6	3241-3242	l	
18-7	3243-3244	'	
18-8	3245-3251	avesse	
18-9	3252-3263	abbandonato	
18-10	3264-3269	colle	
18-11	3270-3273	sue	
18-12	3274-3279	ninfe	
18-13	3279-3280	,	
18-14	3281-3282	m	
18-15	3283-3284	'	
18-16	3285-3290	alzai	
18-17	3291-3292	e	
18-18	3293-3301	pervenni	
18-19	3302-3308	presso	
18-20	3309-3311	la	
18-21	3312-3316	foce	
18-22	3317-3320	del	
18-23	3321-3326	fiume	
18-24	3327-3330	che	
18-25	3331-3336	bagna	
18-26	3337-3339	la	
18-27	3340-3348	Sassonia	
18-28	3348-3349	.	
18-29	3349-3350	.	
18-30	3350-3351	.	
18-31	3351-3352	.	

#Text=La Sassonia, qui?
19-1	3353-3355	La	
19-2	3356-3364	Sassonia	
19-3	3364-3365	,	
19-4	3366-3369	qui	
19-5	3369-3370	?	

#Text=Gnorsì: gl ' Intresi costruirono presso l ' antica città un sobborgo a vie spaziose, allineate che corrono fra case più allietate dal sole e dallo spiro lacustre che non le catapecchie della vecchia parte: nel centro una piazza e nel mezzo di essa il teatro, il più bello di tutto il lago.
20-1	3371-3377	Gnorsì	
20-2	3377-3378	:	
20-3	3379-3381	gl	
20-4	3382-3383	'	
20-5	3384-3391	Intresi	
20-6	3392-3403	costruirono	
20-7	3404-3410	presso	
20-8	3411-3412	l	
20-9	3413-3414	'	
20-10	3415-3421	antica	
20-11	3422-3427	città	
20-12	3428-3430	un	
20-13	3431-3439	sobborgo	
20-14	3440-3441	a	
20-15	3442-3445	vie	
20-16	3446-3454	spaziose	
20-17	3454-3455	,	
20-18	3456-3465	allineate	
20-19	3466-3469	che	
20-20	3470-3477	corrono	
20-21	3478-3481	fra	
20-22	3482-3486	case	
20-23	3487-3490	più	
20-24	3491-3500	allietate	
20-25	3501-3504	dal	
20-26	3505-3509	sole	
20-27	3510-3511	e	
20-28	3512-3517	dallo	
20-29	3518-3523	spiro	
20-30	3524-3532	lacustre	
20-31	3533-3536	che	
20-32	3537-3540	non	
20-33	3541-3543	le	
20-34	3544-3555	catapecchie	
20-35	3556-3561	della	
20-36	3562-3569	vecchia	
20-37	3570-3575	parte	
20-38	3575-3576	:	
20-39	3577-3580	nel	
20-40	3581-3587	centro	
20-41	3588-3591	una	
20-42	3592-3598	piazza	
20-43	3599-3600	e	
20-44	3601-3604	nel	
20-45	3605-3610	mezzo	
20-46	3611-3613	di	
20-47	3614-3618	essa	
20-48	3619-3621	il	
20-49	3622-3628	teatro	
20-50	3628-3629	,	
20-51	3630-3632	il	
20-52	3633-3636	più	
20-53	3637-3642	bello	
20-54	3643-3645	di	
20-55	3646-3651	tutto	
20-56	3652-3654	il	
20-57	3655-3659	lago	
20-58	3659-3660	.	

#Text=Ora questo sito una volta non tanto lontana era una vera ciottolaia, un campo di sassi... capite?
21-1	3661-3664	Ora	
21-2	3665-3671	questo	
21-3	3672-3676	sito	
21-4	3677-3680	una	
21-5	3681-3686	volta	
21-6	3687-3690	non	
21-7	3691-3696	tanto	
21-8	3697-3704	lontana	
21-9	3705-3708	era	
21-10	3709-3712	una	
21-11	3713-3717	vera	
21-12	3718-3728	ciottolaia	
21-13	3728-3729	,	
21-14	3730-3732	un	
21-15	3733-3738	campo	
21-16	3739-3741	di	
21-17	3742-3747	sassi	
21-18	3747-3748	.	
21-19	3748-3749	.	
21-20	3749-3750	.	
21-21	3751-3757	capite	
21-22	3757-3758	?	

#Text=Gl ' Intresi, pratici quanto gli altri popoli appiedi delle Alpi della lingua nazionale, d ' una ciottolaia fecero una Sassonia, con grave sfregio della patria degli oficleidi e dei tromboni!
22-1	3759-3761	Gl	
22-2	3762-3763	'	
22-3	3764-3771	Intresi	
22-4	3771-3772	,	
22-5	3773-3780	pratici	
22-6	3781-3787	quanto	
22-7	3788-3791	gli	
22-8	3792-3797	altri	
22-9	3798-3804	popoli	
22-10	3805-3812	appiedi	
22-11	3813-3818	delle	
22-12	3819-3823	Alpi	
22-13	3824-3829	della	
22-14	3830-3836	lingua	
22-15	3837-3846	nazionale	
22-16	3846-3847	,	
22-17	3848-3849	d	
22-18	3850-3851	'	
22-19	3852-3855	una	
22-20	3856-3866	ciottolaia	
22-21	3867-3873	fecero	
22-22	3874-3877	una	
22-23	3878-3886	Sassonia	
22-24	3886-3887	,	
22-25	3888-3891	con	
22-26	3892-3897	grave	
22-27	3898-3905	sfregio	
22-28	3906-3911	della	
22-29	3912-3918	patria	
22-30	3919-3924	degli	
22-31	3925-3934	oficleidi	
22-32	3935-3936	e	
22-33	3937-3940	dei	
22-34	3941-3949	tromboni	
22-35	3949-3950	!	

#Text=Ma che volete?
23-1	3951-3953	Ma	
23-2	3954-3957	che	
23-3	3958-3964	volete	
23-4	3964-3965	?	

#Text=Io non poteva a nessun conto adagiarmi all ' ombra di quelle mura senza che ne dovessi tosto sloggiare per sfuggire alle ammorbanti evaporazioni delle molli erbette,...
24-1	3966-3968	Io	
24-2	3969-3972	non	
24-3	3973-3979	poteva	
24-4	3980-3981	a	
24-5	3982-3988	nessun	
24-6	3989-3994	conto	
24-7	3995-4004	adagiarmi	
24-8	4005-4008	all	
24-9	4009-4010	'	
24-10	4011-4016	ombra	
24-11	4017-4019	di	
24-12	4020-4026	quelle	
24-13	4027-4031	mura	
24-14	4032-4037	senza	
24-15	4038-4041	che	
24-16	4042-4044	ne	
24-17	4045-4052	dovessi	
24-18	4053-4058	tosto	
24-19	4059-4068	sloggiare	
24-20	4069-4072	per	
24-21	4073-4081	sfuggire	
24-22	4082-4086	alle	
24-23	4087-4097	ammorbanti	
24-24	4098-4110	evaporazioni	
24-25	4111-4116	delle	
24-26	4117-4122	molli	
24-27	4123-4130	erbette	
24-28	4130-4131	,	
24-29	4131-4132	.	
24-30	4132-4133	.	
24-31	4133-4134	.	

#Text=A che serve il naso, sclamai scappando indispettito, se per l ' olezzo d ' un fiore ne tocca assorbire cento esalazioni ingrate o perniciose?
25-1	4135-4136	A	
25-2	4137-4140	che	
25-3	4141-4146	serve	
25-4	4147-4149	il	
25-5	4150-4154	naso	
25-6	4154-4155	,	
25-7	4156-4163	sclamai	
25-8	4164-4173	scappando	
25-9	4174-4186	indispettito	
25-10	4186-4187	,	
25-11	4188-4190	se	
25-12	4191-4194	per	
25-13	4195-4196	l	
25-14	4197-4198	'	
25-15	4199-4205	olezzo	
25-16	4206-4207	d	
25-17	4208-4209	'	
25-18	4210-4212	un	
25-19	4213-4218	fiore	
25-20	4219-4221	ne	
25-21	4222-4227	tocca	
25-22	4228-4237	assorbire	
25-23	4238-4243	cento	
25-24	4244-4254	esalazioni	
25-25	4255-4262	ingrate	
25-26	4263-4264	o	
25-27	4265-4275	perniciose	
25-28	4275-4276	?	

#Text=Sì, senza dubbio, l ' odorato è l ' infimo dei sensi - me ne rincresce assai pei mercanti d ' essenze!
26-1	4277-4279	Sì	
26-2	4279-4280	,	
26-3	4281-4286	senza	
26-4	4287-4293	dubbio	
26-5	4293-4294	,	
26-6	4295-4296	l	
26-7	4297-4298	'	
26-8	4299-4306	odorato	
26-9	4307-4308	è	
26-10	4309-4310	l	
26-11	4311-4312	'	
26-12	4313-4319	infimo	
26-13	4320-4323	dei	
26-14	4324-4329	sensi	
26-15	4330-4331	-	
26-16	4332-4334	me	
26-17	4335-4337	ne	
26-18	4338-4347	rincresce	
26-19	4348-4353	assai	
26-20	4354-4357	pei	
26-21	4358-4366	mercanti	
26-22	4367-4368	d	
26-23	4369-4370	'	
26-24	4371-4378	essenze	
26-25	4378-4379	!	

#Text=Ignoro se il correre per quelle spiagge sassose - stavo per dire sassoni - od il desiderio di trovare una soluzione lungi dalle praterie della parte suburbana d ' Intra, mi condussero in un albergo vicino allo scalo dei piroscafi in Intra. - Compagno mio, tu sospetterai forse ch ' io sia di quelli che giudicano di una terra dal modo con cui vi soddisfecero l ' appetito: ti giuro in nome delle costolette che mangiai in quell ' osteria, che per quanto male io possa dire del paese, io sarò sempre in credito.
27-1	4380-4386	Ignoro	
27-2	4387-4389	se	
27-3	4390-4392	il	
27-4	4393-4400	correre	
27-5	4401-4404	per	
27-6	4405-4411	quelle	
27-7	4412-4419	spiagge	
27-8	4420-4427	sassose	
27-9	4428-4429	-	
27-10	4430-4435	stavo	
27-11	4436-4439	per	
27-12	4440-4444	dire	
27-13	4445-4452	sassoni	
27-14	4453-4454	-	
27-15	4455-4457	od	
27-16	4458-4460	il	
27-17	4461-4470	desiderio	
27-18	4471-4473	di	
27-19	4474-4481	trovare	
27-20	4482-4485	una	
27-21	4486-4495	soluzione	
27-22	4496-4501	lungi	
27-23	4502-4507	dalle	
27-24	4508-4516	praterie	
27-25	4517-4522	della	
27-26	4523-4528	parte	
27-27	4529-4538	suburbana	
27-28	4539-4540	d	
27-29	4541-4542	'	
27-30	4543-4548	Intra	
27-31	4548-4549	,	
27-32	4550-4552	mi	
27-33	4553-4563	condussero	
27-34	4564-4566	in	
27-35	4567-4569	un	
27-36	4570-4577	albergo	
27-37	4578-4584	vicino	
27-38	4585-4589	allo	
27-39	4590-4595	scalo	
27-40	4596-4599	dei	
27-41	4600-4609	piroscafi	
27-42	4610-4612	in	
27-43	4613-4618	Intra	
27-44	4618-4619	.	
27-45	4620-4621	-	
27-46	4622-4630	Compagno	
27-47	4631-4634	mio	
27-48	4634-4635	,	
27-49	4636-4638	tu	
27-50	4639-4650	sospetterai	
27-51	4651-4656	forse	
27-52	4657-4659	ch	
27-53	4660-4661	'	
27-54	4662-4664	io	
27-55	4665-4668	sia	
27-56	4669-4671	di	
27-57	4672-4678	quelli	
27-58	4679-4682	che	
27-59	4683-4692	giudicano	
27-60	4693-4695	di	
27-61	4696-4699	una	
27-62	4700-4705	terra	
27-63	4706-4709	dal	
27-64	4710-4714	modo	
27-65	4715-4718	con	
27-66	4719-4722	cui	
27-67	4723-4725	vi	
27-68	4726-4738	soddisfecero	
27-69	4739-4740	l	
27-70	4741-4742	'	
27-71	4743-4751	appetito	
27-72	4751-4752	:	
27-73	4753-4755	ti	
27-74	4756-4761	giuro	
27-75	4762-4764	in	
27-76	4765-4769	nome	
27-77	4770-4775	delle	
27-78	4776-4786	costolette	
27-79	4787-4790	che	
27-80	4791-4798	mangiai	
27-81	4799-4801	in	
27-82	4802-4807	quell	
27-83	4808-4809	'	
27-84	4810-4817	osteria	
27-85	4817-4818	,	
27-86	4819-4822	che	
27-87	4823-4826	per	
27-88	4827-4833	quanto	
27-89	4834-4838	male	
27-90	4839-4841	io	
27-91	4842-4847	possa	
27-92	4848-4852	dire	
27-93	4853-4856	del	
27-94	4857-4862	paese	
27-95	4862-4863	,	
27-96	4864-4866	io	
27-97	4867-4871	sarò	
27-98	4872-4878	sempre	
27-99	4879-4881	in	
27-100	4882-4889	credito	
27-101	4889-4890	.	

#Text=Accetto senz ' esitazione l ' invito dell ' appetito, m ' assido ad un desco, e mentre il cameriere lo apparecchia, fiuto a larghe nari il prosaico odor d ' arrosto che dalla cucina di sotto saliva in quella sala.
28-1	4891-4898	Accetto	
28-2	4899-4903	senz	
28-3	4904-4905	'	
28-4	4906-4916	esitazione	
28-5	4917-4918	l	
28-6	4919-4920	'	
28-7	4921-4927	invito	
28-8	4928-4932	dell	
28-9	4933-4934	'	
28-10	4935-4943	appetito	
28-11	4943-4944	,	
28-12	4945-4946	m	
28-13	4947-4948	'	
28-14	4949-4955	assido	
28-15	4956-4958	ad	
28-16	4959-4961	un	
28-17	4962-4967	desco	
28-18	4967-4968	,	
28-19	4969-4970	e	
28-20	4971-4977	mentre	
28-21	4978-4980	il	
28-22	4981-4990	cameriere	
28-23	4991-4993	lo	
28-24	4994-5005	apparecchia	
28-25	5005-5006	,	
28-26	5007-5012	fiuto	
28-27	5013-5014	a	
28-28	5015-5021	larghe	
28-29	5022-5026	nari	
28-30	5027-5029	il	
28-31	5030-5038	prosaico	
28-32	5039-5043	odor	
28-33	5044-5045	d	
28-34	5046-5047	'	
28-35	5048-5055	arrosto	
28-36	5056-5059	che	
28-37	5060-5065	dalla	
28-38	5066-5072	cucina	
28-39	5073-5075	di	
28-40	5076-5081	sotto	
28-41	5082-5088	saliva	
28-42	5089-5091	in	
28-43	5092-5098	quella	
28-44	5099-5103	sala	
28-45	5103-5104	.	

#Text=Dalla finestra io poteva vedere lo scalo affollato dai soliti fannulloni, il lago, e di là le capricciose curve dei monti di Laveno.
29-1	5105-5110	Dalla	
29-2	5111-5119	finestra	
29-3	5120-5122	io	
29-4	5123-5129	poteva	
29-5	5130-5136	vedere	
29-6	5137-5139	lo	
29-7	5140-5145	scalo	
29-8	5146-5155	affollato	
29-9	5156-5159	dai	
29-10	5160-5166	soliti	
29-11	5167-5177	fannulloni	
29-12	5177-5178	,	
29-13	5179-5181	il	
29-14	5182-5186	lago	
29-15	5186-5187	,	
29-16	5188-5189	e	
29-17	5190-5192	di	
29-18	5193-5195	là	
29-19	5196-5198	le	
29-20	5199-5210	capricciose	
29-21	5211-5216	curve	
29-22	5217-5220	dei	
29-23	5221-5226	monti	
29-24	5227-5229	di	
29-25	5230-5236	Laveno	
29-26	5236-5237	.	

#Text=Sennonchè fra lo zingaro ed il resto v ' era una povera melensa creatura, magra, ossuta, spelata, che attelata ad una sbilenca carrettella stava menando i denti in un sacco di fieno più paglia che fieno.
30-1	5238-5247	Sennonchè	
30-2	5248-5251	fra	
30-3	5252-5254	lo	
30-4	5255-5262	zingaro	
30-5	5263-5265	ed	
30-6	5266-5268	il	
30-7	5269-5274	resto	
30-8	5275-5276	v	
30-9	5277-5278	'	
30-10	5279-5282	era	
30-11	5283-5286	una	
30-12	5287-5293	povera	
30-13	5294-5301	melensa	
30-14	5302-5310	creatura	
30-15	5310-5311	,	
30-16	5312-5317	magra	
30-17	5317-5318	,	
30-18	5319-5325	ossuta	
30-19	5325-5326	,	
30-20	5327-5334	spelata	
30-21	5334-5335	,	
30-22	5336-5339	che	
30-23	5340-5348	attelata	
30-24	5349-5351	ad	
30-25	5352-5355	una	
30-26	5356-5364	sbilenca	
30-27	5365-5376	carrettella	
30-28	5377-5382	stava	
30-29	5383-5390	menando	
30-30	5391-5392	i	
30-31	5393-5398	denti	
30-32	5399-5401	in	
30-33	5402-5404	un	
30-34	5405-5410	sacco	
30-35	5411-5413	di	
30-36	5414-5419	fieno	
30-37	5420-5423	più	
30-38	5424-5430	paglia	
30-39	5431-5434	che	
30-40	5435-5440	fieno	
30-41	5440-5441	.	

#Text=È innegabile che l ' appetito riceve un notevole stimolo dalla vista di chi trinca allegramente - in grazia dell ' asino il vostro compagno in attesa di meglio cominciò a mordere in una pagnotta del suo colore.
31-1	5442-5443	È	
31-2	5444-5454	innegabile	
31-3	5455-5458	che	
31-4	5459-5460	l	
31-5	5461-5462	'	
31-6	5463-5471	appetito	
31-7	5472-5478	riceve	
31-8	5479-5481	un	
31-9	5482-5490	notevole	
31-10	5491-5498	stimolo	
31-11	5499-5504	dalla	
31-12	5505-5510	vista	
31-13	5511-5513	di	
31-14	5514-5517	chi	
31-15	5518-5524	trinca	
31-16	5525-5537	allegramente	
31-17	5538-5539	-	
31-18	5540-5542	in	
31-19	5543-5549	grazia	
31-20	5550-5554	dell	
31-21	5555-5556	'	
31-22	5557-5562	asino	
31-23	5563-5565	il	
31-24	5566-5572	vostro	
31-25	5573-5581	compagno	
31-26	5582-5584	in	
31-27	5585-5591	attesa	
31-28	5592-5594	di	
31-29	5595-5601	meglio	
31-30	5602-5610	cominciò	
31-31	5611-5612	a	
31-32	5613-5620	mordere	
31-33	5621-5623	in	
31-34	5624-5627	una	
31-35	5628-5636	pagnotta	
31-36	5637-5640	del	
31-37	5641-5644	suo	
31-38	5645-5651	colore	
31-39	5651-5652	.	

#Text=Mezz ' ora dopo quell ' io che mi rammentava poc ' anzi con sdegno di quel gastronomo, il quale sclamò al finire della mensa lussuriosa: felice chi ha fame!
32-1	5653-5657	Mezz	
32-2	5658-5659	'	
32-3	5660-5663	ora	
32-4	5664-5668	dopo	
32-5	5669-5674	quell	
32-6	5675-5676	'	
32-7	5677-5679	io	
32-8	5680-5683	che	
32-9	5684-5686	mi	
32-10	5687-5697	rammentava	
32-11	5698-5701	poc	
32-12	5702-5703	'	
32-13	5704-5708	anzi	
32-14	5709-5712	con	
32-15	5713-5719	sdegno	
32-16	5720-5722	di	
32-17	5723-5727	quel	
32-18	5728-5738	gastronomo	
32-19	5738-5739	,	
32-20	5740-5742	il	
32-21	5743-5748	quale	
32-22	5749-5755	sclamò	
32-23	5756-5758	al	
32-24	5759-5765	finire	
32-25	5766-5771	della	
32-26	5772-5777	mensa	
32-27	5778-5788	lussuriosa	
32-28	5788-5789	:	
32-29	5790-5796	felice	
32-30	5797-5800	chi	
32-31	5801-5803	ha	
32-32	5804-5808	fame	
32-33	5808-5809	!	

#Text=quell ' io stesso usciva dall ' albergo satollo ed indignatissimo sulla volgare ed animalesca indole del gusto; e sì che se non aveva assaporato i manicaretti più delicati, l ' appetito m ' aveva fatto golosi anche i cibi più anacoretici: l ' asino malsazio coglieva colle labbra penzoloni gli ultimi frusti del pasto insufficiente....
33-1	5810-5815	quell	
33-2	5816-5817	'	
33-3	5818-5820	io	
33-4	5821-5827	stesso	
33-5	5828-5834	usciva	
33-6	5835-5839	dall	
33-7	5840-5841	'	
33-8	5842-5849	albergo	
33-9	5850-5857	satollo	
33-10	5858-5860	ed	
33-11	5861-5875	indignatissimo	
33-12	5876-5881	sulla	
33-13	5882-5889	volgare	
33-14	5890-5892	ed	
33-15	5893-5903	animalesca	
33-16	5904-5910	indole	
33-17	5911-5914	del	
33-18	5915-5920	gusto	
33-19	5920-5921	;	
33-20	5922-5923	e	
33-21	5924-5926	sì	
33-22	5927-5930	che	
33-23	5931-5933	se	
33-24	5934-5937	non	
33-25	5938-5943	aveva	
33-26	5944-5954	assaporato	
33-27	5955-5956	i	
33-28	5957-5968	manicaretti	
33-29	5969-5972	più	
33-30	5973-5981	delicati	
33-31	5981-5982	,	
33-32	5983-5984	l	
33-33	5985-5986	'	
33-34	5987-5995	appetito	
33-35	5996-5997	m	
33-36	5998-5999	'	
33-37	6000-6005	aveva	
33-38	6006-6011	fatto	
33-39	6012-6018	golosi	
33-40	6019-6024	anche	
33-41	6025-6026	i	
33-42	6027-6031	cibi	
33-43	6032-6035	più	
33-44	6036-6047	anacoretici	
33-45	6047-6048	:	
33-46	6049-6050	l	
33-47	6051-6052	'	
33-48	6053-6058	asino	
33-49	6059-6067	malsazio	
33-50	6068-6076	coglieva	
33-51	6077-6082	colle	
33-52	6083-6089	labbra	
33-53	6090-6099	penzoloni	
33-54	6100-6103	gli	
33-55	6104-6110	ultimi	
33-56	6111-6117	frusti	
33-57	6118-6121	del	
33-58	6122-6127	pasto	
33-59	6128-6141	insufficiente	
33-60	6141-6142	.	
33-61	6142-6143	.	
33-62	6143-6144	.	
33-63	6144-6145	.	

#Text=Quel certo gastronomo l ' avrebbe - a pancia tesa - invidiato con ragione, poichè il senso del gusto poco su poco giù desta gli stessi stimoli e dà la stessa soddisfazione all ' uomo ed agli altri animali - non razionalisti.
34-1	6146-6150	Quel	
34-2	6151-6156	certo	
34-3	6157-6167	gastronomo	
34-4	6168-6169	l	
34-5	6170-6171	'	
34-6	6172-6179	avrebbe	
34-7	6180-6181	-	
34-8	6182-6183	a	
34-9	6184-6190	pancia	
34-10	6191-6195	tesa	
34-11	6196-6197	-	
34-12	6198-6207	invidiato	
34-13	6208-6211	con	
34-14	6212-6219	ragione	
34-15	6219-6220	,	
34-16	6221-6227	poichè	
34-17	6228-6230	il	
34-18	6231-6236	senso	
34-19	6237-6240	del	
34-20	6241-6246	gusto	
34-21	6247-6251	poco	
34-22	6252-6254	su	
34-23	6255-6259	poco	
34-24	6260-6263	giù	
34-25	6264-6269	desta	
34-26	6270-6273	gli	
34-27	6274-6280	stessi	
34-28	6281-6288	stimoli	
34-29	6289-6290	e	
34-30	6291-6293	dà	
34-31	6294-6296	la	
34-32	6297-6303	stessa	
34-33	6304-6317	soddisfazione	
34-34	6318-6321	all	
34-35	6322-6323	'	
34-36	6324-6328	uomo	
34-37	6329-6331	ed	
34-38	6332-6336	agli	
34-39	6337-6342	altri	
34-40	6343-6350	animali	
34-41	6351-6352	-	
34-42	6353-6356	non	
34-43	6357-6369	razionalisti	
34-44	6369-6370	.	

#Text=Nella stessa sera di quel giorno incontrai due tomi; mi vollero secoloro a cena, cena largamente inaffiata dai vini meglio spiritosi del Piemonte.
35-1	6371-6376	Nella	
35-2	6377-6383	stessa	
35-3	6384-6388	sera	
35-4	6389-6391	di	
35-5	6392-6396	quel	
35-6	6397-6403	giorno	
35-7	6404-6413	incontrai	
35-8	6414-6417	due	
35-9	6418-6422	tomi	
35-10	6422-6423	;	
35-11	6424-6426	mi	
35-12	6427-6434	vollero	
35-13	6435-6443	secoloro	
35-14	6444-6445	a	
35-15	6446-6450	cena	
35-16	6450-6451	,	
35-17	6452-6456	cena	
35-18	6457-6467	largamente	
35-19	6468-6477	inaffiata	
35-20	6478-6481	dai	
35-21	6482-6486	vini	
35-22	6487-6493	meglio	
35-23	6494-6503	spiritosi	
35-24	6504-6507	del	
35-25	6508-6516	Piemonte	
35-26	6516-6517	.	

#Text=Alla domane mi svegliai tardi, e col capo indolenzito; la prima parola pronunciata da me fu per chiedere dell ' acqua.
#Text=················
#Text=«Non so veramente quanto le dissi - forse quanto le diceva da un anno - ma troppo mi rammento com ' ella all ' inesperto amante, accomiatandolo, dicesse all ' orecchio una parola per cui il povero giovinetto nell ' uscire da quelle stanze, tentennante come un ebbro, fu lì lì per ruzzolare lungo le scale.
36-1	6518-6522	Alla	
36-2	6523-6529	domane	
36-3	6530-6532	mi	
36-4	6533-6541	svegliai	
36-5	6542-6547	tardi	
36-6	6547-6548	,	
36-7	6549-6550	e	
36-8	6551-6554	col	
36-9	6555-6559	capo	
36-10	6560-6571	indolenzito	
36-11	6571-6572	;	
36-12	6573-6575	la	
36-13	6576-6581	prima	
36-14	6582-6588	parola	
36-15	6589-6600	pronunciata	
36-16	6601-6603	da	
36-17	6604-6606	me	
36-18	6607-6609	fu	
36-19	6610-6613	per	
36-20	6614-6622	chiedere	
36-21	6623-6627	dell	
36-22	6628-6629	'	
36-23	6630-6635	acqua	
36-24	6635-6636	.	
36-25	6637-6638	·	
36-26	6638-6639	·	
36-27	6639-6640	·	
36-28	6640-6641	·	
36-29	6641-6642	·	
36-30	6642-6643	·	
36-31	6643-6644	·	
36-32	6644-6645	·	
36-33	6645-6646	·	
36-34	6646-6647	·	
36-35	6647-6648	·	
36-36	6648-6649	·	
36-37	6649-6650	·	
36-38	6650-6651	·	
36-39	6651-6652	·	
36-40	6652-6653	·	
36-41	6654-6655	«	
36-42	6655-6658	Non	
36-43	6659-6661	so	
36-44	6662-6671	veramente	
36-45	6672-6678	quanto	
36-46	6679-6681	le	
36-47	6682-6687	dissi	
36-48	6688-6689	-	
36-49	6690-6695	forse	
36-50	6696-6702	quanto	
36-51	6703-6705	le	
36-52	6706-6712	diceva	
36-53	6713-6715	da	
36-54	6716-6718	un	
36-55	6719-6723	anno	
36-56	6724-6725	-	
36-57	6726-6728	ma	
36-58	6729-6735	troppo	
36-59	6736-6738	mi	
36-60	6739-6747	rammento	
36-61	6748-6751	com	
36-62	6752-6753	'	
36-63	6754-6758	ella	
36-64	6759-6762	all	
36-65	6763-6764	'	
36-66	6765-6774	inesperto	
36-67	6775-6781	amante	
36-68	6781-6782	,	
36-69	6783-6797	accomiatandolo	
36-70	6797-6798	,	
36-71	6799-6806	dicesse	
36-72	6807-6810	all	
36-73	6811-6812	'	
36-74	6813-6821	orecchio	
36-75	6822-6825	una	
36-76	6826-6832	parola	
36-77	6833-6836	per	
36-78	6837-6840	cui	
36-79	6841-6843	il	
36-80	6844-6850	povero	
36-81	6851-6861	giovinetto	
36-82	6862-6866	nell	
36-83	6867-6868	'	
36-84	6869-6875	uscire	
36-85	6876-6878	da	
36-86	6879-6885	quelle	
36-87	6886-6892	stanze	
36-88	6892-6893	,	
36-89	6894-6905	tentennante	
36-90	6906-6910	come	
36-91	6911-6913	un	
36-92	6914-6919	ebbro	
36-93	6919-6920	,	
36-94	6921-6923	fu	
36-95	6924-6926	lì	
36-96	6927-6929	lì	
36-97	6930-6933	per	
36-98	6934-6943	ruzzolare	
36-99	6944-6949	lungo	
36-100	6950-6952	le	
36-101	6953-6958	scale	
36-102	6958-6959	.	

#Text=«Domani!
37-1	6960-6961	«	
37-2	6961-6967	Domani	
37-3	6967-6968	!	

#Text=Rinuncio a descrivervi le vertiginose aberrazioni della mente in quelle eterne ventiquattr ' ore; vi basti il sapere che quello era il primo amore e che d ' amore non aveva pur anco conosciuto altro che i tormenti.....
38-1	6969-6977	Rinuncio	
38-2	6978-6979	a	
38-3	6980-6991	descrivervi	
38-4	6992-6994	le	
38-5	6995-7006	vertiginose	
38-6	7007-7018	aberrazioni	
38-7	7019-7024	della	
38-8	7025-7030	mente	
38-9	7031-7033	in	
38-10	7034-7040	quelle	
38-11	7041-7047	eterne	
38-12	7048-7059	ventiquattr	
38-13	7060-7061	'	
38-14	7062-7065	ore	
38-15	7065-7066	;	
38-16	7067-7069	vi	
38-17	7070-7075	basti	
38-18	7076-7078	il	
38-19	7079-7085	sapere	
38-20	7086-7089	che	
38-21	7090-7096	quello	
38-22	7097-7100	era	
38-23	7101-7103	il	
38-24	7104-7109	primo	
38-25	7110-7115	amore	
38-26	7116-7117	e	
38-27	7118-7121	che	
38-28	7122-7123	d	
38-29	7124-7125	'	
38-30	7126-7131	amore	
38-31	7132-7135	non	
38-32	7136-7141	aveva	
38-33	7142-7145	pur	
38-34	7146-7150	anco	
38-35	7151-7161	conosciuto	
38-36	7162-7167	altro	
38-37	7168-7171	che	
38-38	7172-7173	i	
38-39	7174-7182	tormenti	
38-40	7182-7183	.	
38-41	7183-7184	.	
38-42	7184-7185	.	
38-43	7185-7186	.	
38-44	7186-7187	.	

#Text=Quelle furono ad una le più dolci e le più affannose ore della mia vita: temeva di vedere giunto l ' istante e lo sospirava... povere illusioni d ' un cuore ardente!
39-1	7188-7194	Quelle	
39-2	7195-7201	furono	
39-3	7202-7204	ad	
39-4	7205-7208	una	
39-5	7209-7211	le	
39-6	7212-7215	più	
39-7	7216-7221	dolci	
39-8	7222-7223	e	
39-9	7224-7226	le	
39-10	7227-7230	più	
39-11	7231-7240	affannose	
39-12	7241-7244	ore	
39-13	7245-7250	della	
39-14	7251-7254	mia	
39-15	7255-7259	vita	
39-16	7259-7260	:	
39-17	7261-7267	temeva	
39-18	7268-7270	di	
39-19	7271-7277	vedere	
39-20	7278-7284	giunto	
39-21	7285-7286	l	
39-22	7287-7288	'	
39-23	7289-7296	istante	
39-24	7297-7298	e	
39-25	7299-7301	lo	
39-26	7302-7311	sospirava	
39-27	7311-7312	.	
39-28	7312-7313	.	
39-29	7313-7314	.	
39-30	7315-7321	povere	
39-31	7322-7331	illusioni	
39-32	7332-7333	d	
39-33	7334-7335	'	
39-34	7336-7338	un	
39-35	7339-7344	cuore	
39-36	7345-7352	ardente	
39-37	7352-7353	!	

#Text=. . . . . . . . .
40-1	7354-7355	.	
40-2	7356-7357	.	
40-3	7358-7359	.	
40-4	7360-7361	.	
40-5	7362-7363	.	
40-6	7364-7365	.	
40-7	7366-7367	.	
40-8	7368-7369	.	
40-9	7370-7371	.	

#Text=Alla fantasia che guidava pei campi eterei i sogni immacolati dell ' amore virginale, in quell ' ora fatale si spennarono le ali possenti, e cadde giù turbinando nelle melmose plaghe della materia....»
41-1	7372-7376	Alla	
41-2	7377-7385	fantasia	
41-3	7386-7389	che	
41-4	7390-7397	guidava	
41-5	7398-7401	pei	
41-6	7402-7407	campi	
41-7	7408-7414	eterei	
41-8	7415-7416	i	
41-9	7417-7422	sogni	
41-10	7423-7433	immacolati	
41-11	7434-7438	dell	
41-12	7439-7440	'	
41-13	7441-7446	amore	
41-14	7447-7456	virginale	
41-15	7456-7457	,	
41-16	7458-7460	in	
41-17	7461-7466	quell	
41-18	7467-7468	'	
41-19	7469-7472	ora	
41-20	7473-7479	fatale	
41-21	7480-7482	si	
41-22	7483-7493	spennarono	
41-23	7494-7496	le	
41-24	7497-7500	ali	
41-25	7501-7509	possenti	
41-26	7509-7510	,	
41-27	7511-7512	e	
41-28	7513-7518	cadde	
41-29	7519-7522	giù	
41-30	7523-7533	turbinando	
41-31	7534-7539	nelle	
41-32	7540-7547	melmose	
41-33	7548-7554	plaghe	
41-34	7555-7560	della	
41-35	7561-7568	materia	
41-36	7568-7569	.	
41-37	7569-7570	.	
41-38	7570-7571	.	
41-39	7571-7572	.	
41-40	7572-7573	»	

#Text=Salve, o del cielo primigenia figlia,
#Text=O dell ' Eterno coeterno raggio,
#Text=Se tal nomarti senza biasmo io posso,
#Text=O sacra luce!
42-1	7575-7580	Salve	
42-2	7580-7581	,	
42-3	7582-7583	o	
42-4	7584-7587	del	
42-5	7588-7593	cielo	
42-6	7594-7604	primigenia	
42-7	7605-7611	figlia	
42-8	7611-7612	,	
42-9	7613-7614	O	
42-10	7615-7619	dell	
42-11	7620-7621	'	
42-12	7622-7628	Eterno	
42-13	7629-7637	coeterno	
42-14	7638-7644	raggio	
42-15	7644-7645	,	
42-16	7646-7648	Se	
42-17	7649-7652	tal	
42-18	7653-7660	nomarti	
42-19	7661-7666	senza	
42-20	7667-7673	biasmo	
42-21	7674-7676	io	
42-22	7677-7682	posso	
42-23	7682-7683	,	
42-24	7684-7685	O	
42-25	7686-7691	sacra	
42-26	7692-7696	luce	
42-27	7696-7697	!	
