#FORMAT=WebAnno TSV 3.3
#T_SP=custom.Span|label
#T_RL=custom.Relation|label|BT_custom.Span


#Text=Mentre c ' incamminiamo verso la vetta del Monterone per facili ed ombrosi sentieri, compagno mio, facciamo quattro chiacchere.
1-1	2-8	Mentre	_	_	_	
1-2	9-10	c	_	_	_	
1-3	11-12	'	_	_	_	
1-4	13-25	incamminiamo	_	_	_	
1-5	26-31	verso	_	_	_	
1-6	32-34	la	_	_	_	
1-7	35-40	vetta	_	_	_	
1-8	41-44	del	_	_	_	
1-9	45-54	Monterone	_	_	_	
1-10	55-58	per	_	_	_	
1-11	59-65	facili	_	_	_	
1-12	66-68	ed	_	_	_	
1-13	69-76	ombrosi	_	_	_	
1-14	77-85	sentieri	_	_	_	
1-15	85-86	,	_	_	_	
1-16	87-95	compagno	_	_	_	
1-17	96-99	mio	_	_	_	
1-18	99-100	,	_	_	_	
1-19	101-109	facciamo	_	_	_	
1-20	110-117	quattro	_	_	_	
1-21	118-128	chiacchere	_	_	_	
1-22	128-129	.	_	_	_	

#Text=Tu hai da sapere - prima ancora di descriverti le veramente inudite meraviglie di Intra e Pallanza - che ieri nelle ore pomeridiane mi sono rannicchiato fra alcuni scogli dell ' isoletta di S.
2-1	130-132	Tu	_	_	_	
2-2	133-136	hai	_	_	_	
2-3	137-139	da	_	_	_	
2-4	140-146	sapere	_	_	_	
2-5	147-148	-	_	_	_	
2-6	149-154	prima	_	_	_	
2-7	155-161	ancora	_	_	_	
2-8	162-164	di	_	_	_	
2-9	165-176	descriverti	_	_	_	
2-10	177-179	le	_	_	_	
2-11	180-189	veramente	_	_	_	
2-12	190-197	inudite	_	_	_	
2-13	198-208	meraviglie	_	_	_	
2-14	209-211	di	_	_	_	
2-15	212-217	Intra	_	_	_	
2-16	218-219	e	_	_	_	
2-17	220-228	Pallanza	_	_	_	
2-18	229-230	-	_	_	_	
2-19	231-234	che	_	_	_	
2-20	235-239	ieri	_	_	_	
2-21	240-245	nelle	_	_	_	
2-22	246-249	ore	_	_	_	
2-23	250-261	pomeridiane	_	_	_	
2-24	262-264	mi	_	_	_	
2-25	265-269	sono	_	_	_	
2-26	270-282	rannicchiato	_	_	_	
2-27	283-286	fra	_	_	_	
2-28	287-293	alcuni	_	_	_	
2-29	294-300	scogli	_	_	_	
2-30	301-305	dell	_	_	_	
2-31	306-307	'	_	_	_	
2-32	308-316	isoletta	_	_	_	
2-33	317-319	di	_	_	_	
2-34	320-321	S	_	_	_	
2-35	321-322	.	_	_	_	

#Text=Giovanni, e godendo ad una la frescura vespertina dell ' inverno ed il rezzo di alcune piante protendentesi ad ombrello sopra il mio capo, me ne stava pensando come fra tutti i libri il meno intelligibile sia l ' uomo, questa edizione princeps, direbbe un bibliofilo, che fa sì splendida mostra nella biblioteca della natura.
3-1	323-331	Giovanni	_	_	_	
3-2	331-332	,	_	_	_	
3-3	333-334	e	_	_	_	
3-4	335-342	godendo	_	_	_	
3-5	343-345	ad	_	_	_	
3-6	346-349	una	_	_	_	
3-7	350-352	la	_	_	_	
3-8	353-361	frescura	_	_	_	
3-9	362-372	vespertina	_	_	_	
3-10	373-377	dell	_	_	_	
3-11	378-379	'	_	_	_	
3-12	380-387	inverno	_	_	_	
3-13	388-390	ed	_	_	_	
3-14	391-393	il	_	_	_	
3-15	394-399	rezzo	_	_	_	
3-16	400-402	di	_	_	_	
3-17	403-409	alcune	_	_	_	
3-18	410-416	piante	_	_	_	
3-19	417-430	protendentesi	_	_	_	
3-20	431-433	ad	_	_	_	
3-21	434-442	ombrello	_	_	_	
3-22	443-448	sopra	_	_	_	
3-23	449-451	il	_	_	_	
3-24	452-455	mio	_	_	_	
3-25	456-460	capo	_	_	_	
3-26	460-461	,	_	_	_	
3-27	462-464	me	_	_	_	
3-28	465-467	ne	_	_	_	
3-29	468-473	stava	_	_	_	
3-30	474-482	pensando	_	_	_	
3-31	483-487	come	_	_	_	
3-32	488-491	fra	_	_	_	
3-33	492-497	tutti	_	_	_	
3-34	498-499	i	_	_	_	
3-35	500-505	libri	_	_	_	
3-36	506-508	il	_	_	_	
3-37	509-513	meno	_	_	_	
3-38	514-527	intelligibile	_	_	_	
3-39	528-531	sia	_	_	_	
3-40	532-533	l	_	_	_	
3-41	534-535	'	_	_	_	
3-42	536-540	uomo	_	_	_	
3-43	540-541	,	_	_	_	
3-44	542-548	questa	_	_	_	
3-45	549-557	edizione	_	_	_	
3-46	558-566	princeps	_	_	_	
3-47	566-567	,	_	_	_	
3-48	568-575	direbbe	_	_	_	
3-49	576-578	un	_	_	_	
3-50	579-589	bibliofilo	_	_	_	
3-51	589-590	,	_	_	_	
3-52	591-594	che	_	_	_	
3-53	595-597	fa	_	_	_	
3-54	598-600	sì	_	_	_	
3-55	601-610	splendida	_	_	_	
3-56	611-617	mostra	_	_	_	
3-57	618-623	nella	_	_	_	
3-58	624-634	biblioteca	_	_	_	
3-59	635-640	della	_	_	_	
3-60	641-647	natura	_	_	_	
3-61	647-648	.	_	_	_	

#Text=Dopo di avere scartabellato nella mia mente tante pagine non sempre terse, confortevoli, del misterioso volume, finii per domandare a me stesso quale dei sensi maggiore relazione avesse coll ' anima.
4-1	649-653	Dopo	_	_	_	
4-2	654-656	di	_	_	_	
4-3	657-662	avere	_	_	_	
4-4	663-676	scartabellato	_	_	_	
4-5	677-682	nella	_	_	_	
4-6	683-686	mia	_	_	_	
4-7	687-692	mente	_	_	_	
4-8	693-698	tante	_	_	_	
4-9	699-705	pagine	_	_	_	
4-10	706-709	non	_	_	_	
4-11	710-716	sempre	_	_	_	
4-12	717-722	terse	_	_	_	
4-13	722-723	,	_	_	_	
4-14	724-736	confortevoli	_	_	_	
4-15	736-737	,	_	_	_	
4-16	738-741	del	_	_	_	
4-17	742-752	misterioso	_	_	_	
4-18	753-759	volume	_	_	_	
4-19	759-760	,	_	_	_	
4-20	761-766	finii	_	_	_	
4-21	767-770	per	_	_	_	
4-22	771-780	domandare	_	_	_	
4-23	781-782	a	_	_	_	
4-24	783-785	me	_	_	_	
4-25	786-792	stesso	_	_	_	
4-26	793-798	quale	_	_	_	
4-27	799-802	dei	_	_	_	
4-28	803-808	sensi	_	_	_	
4-29	809-817	maggiore	_	_	_	
4-30	818-827	relazione	_	_	_	
4-31	828-834	avesse	_	_	_	
4-32	835-839	coll	_	_	_	
4-33	840-841	'	_	_	_	
4-34	842-847	anima	_	_	_	
4-35	847-848	.	_	_	_	

#Text=La fantasia volò coll ' ali della memoria ai momenti fuggitivi, in cui una voce armoniosa colla parola che nega e promette m ' avea scosso tutte le fibre del cuore; alle notti tumultuose in cui le briose note de ' balli vertiginosi m ' avevano tratto nella ridda quasi allucinato; alle sere in cui il Barbiere, il Tell, la Lucia ed il Rigoletto versavano un fiume di melodìa nel mio animo, ed il rincrescimento che il tempo m ' involasse sì presto quei divini concenti in mezzo a cui dimenticava le miserie e le prose della vita per slanciarmi ebbro di poesia nei mondo delle illusioni....
5-1	849-851	La	_	_	_	
5-2	852-860	fantasia	_	_	_	
5-3	861-865	volò	_	_	_	
5-4	866-870	coll	_	_	_	
5-5	871-872	'	_	_	_	
5-6	873-876	ali	_	_	_	
5-7	877-882	della	_	_	_	
5-8	883-890	memoria	_	_	_	
5-9	891-893	ai	_	_	_	
5-10	894-901	momenti	_	_	_	
5-11	902-911	fuggitivi	_	_	_	
5-12	911-912	,	_	_	_	
5-13	913-915	in	_	_	_	
5-14	916-919	cui	_	_	_	
5-15	920-923	una	_	_	_	
5-16	924-928	voce	_	_	_	
5-17	929-938	armoniosa	_	_	_	
5-18	939-944	colla	_	_	_	
5-19	945-951	parola	_	_	_	
5-20	952-955	che	_	_	_	
5-21	956-960	nega	_	_	_	
5-22	961-962	e	_	_	_	
5-23	963-971	promette	_	_	_	
5-24	972-973	m	_	_	_	
5-25	974-975	'	_	_	_	
5-26	976-980	avea	_	_	_	
5-27	981-987	scosso	_	_	_	
5-28	988-993	tutte	_	_	_	
5-29	994-996	le	_	_	_	
5-30	997-1002	fibre	_	_	_	
5-31	1003-1006	del	_	_	_	
5-32	1007-1012	cuore	_	_	_	
5-33	1012-1013	;	_	_	_	
5-34	1014-1018	alle	_	_	_	
5-35	1019-1024	notti	_	_	_	
5-36	1025-1035	tumultuose	_	_	_	
5-37	1036-1038	in	_	_	_	
5-38	1039-1042	cui	_	_	_	
5-39	1043-1045	le	_	_	_	
5-40	1046-1052	briose	_	_	_	
5-41	1053-1057	note	_	_	_	
5-42	1058-1060	de	_	_	_	
5-43	1061-1062	'	_	_	_	
5-44	1063-1068	balli	_	_	_	
5-45	1069-1080	vertiginosi	_	_	_	
5-46	1081-1082	m	_	_	_	
5-47	1083-1084	'	_	_	_	
5-48	1085-1092	avevano	_	_	_	
5-49	1093-1099	tratto	_	_	_	
5-50	1100-1105	nella	_	_	_	
5-51	1106-1111	ridda	_	_	_	
5-52	1112-1117	quasi	_	_	_	
5-53	1118-1128	allucinato	_	_	_	
5-54	1128-1129	;	_	_	_	
5-55	1130-1134	alle	_	_	_	
5-56	1135-1139	sere	_	_	_	
5-57	1140-1142	in	_	_	_	
5-58	1143-1146	cui	_	_	_	
5-59	1147-1149	il	_	_	_	
5-60	1150-1158	Barbiere	_	_	_	
5-61	1158-1159	,	_	_	_	
5-62	1160-1162	il	_	_	_	
5-63	1163-1167	Tell	_	_	_	
5-64	1167-1168	,	_	_	_	
5-65	1169-1171	la	_	_	_	
5-66	1172-1177	Lucia	_	_	_	
5-67	1178-1180	ed	_	_	_	
5-68	1181-1183	il	_	_	_	
5-69	1184-1193	Rigoletto	_	_	_	
5-70	1194-1203	versavano	_	_	_	
5-71	1204-1206	un	_	_	_	
5-72	1207-1212	fiume	_	_	_	
5-73	1213-1215	di	_	_	_	
5-74	1216-1223	melodìa	_	_	_	
5-75	1224-1227	nel	_	_	_	
5-76	1228-1231	mio	_	_	_	
5-77	1232-1237	animo	_	_	_	
5-78	1237-1238	,	_	_	_	
5-79	1239-1241	ed	_	_	_	
5-80	1242-1244	il	_	_	_	
5-81	1245-1259	rincrescimento	_	_	_	
5-82	1260-1263	che	_	_	_	
5-83	1264-1266	il	_	_	_	
5-84	1267-1272	tempo	_	_	_	
5-85	1273-1274	m	_	_	_	
5-86	1275-1276	'	_	_	_	
5-87	1277-1286	involasse	_	_	_	
5-88	1287-1289	sì	_	_	_	
5-89	1290-1296	presto	_	_	_	
5-90	1297-1301	quei	_	_	_	
5-91	1302-1308	divini	_	_	_	
5-92	1309-1317	concenti	_	_	_	
5-93	1318-1320	in	_	_	_	
5-94	1321-1326	mezzo	_	_	_	
5-95	1327-1328	a	_	_	_	
5-96	1329-1332	cui	_	_	_	
5-97	1333-1344	dimenticava	_	_	_	
5-98	1345-1347	le	_	_	_	
5-99	1348-1355	miserie	_	_	_	
5-100	1356-1357	e	_	_	_	
5-101	1358-1360	le	_	_	_	
5-102	1361-1366	prose	_	_	_	
5-103	1367-1372	della	_	_	_	
5-104	1373-1377	vita	_	_	_	
5-105	1378-1381	per	_	_	_	
5-106	1382-1392	slanciarmi	_	_	_	
5-107	1393-1398	ebbro	_	_	_	
5-108	1399-1401	di	_	_	_	
5-109	1402-1408	poesia	_	_	_	
5-110	1409-1412	nei	_	_	_	
5-111	1413-1418	mondo	_	_	_	
5-112	1419-1424	delle	_	_	_	
5-113	1425-1434	illusioni	_	_	_	
5-114	1434-1435	.	_	_	_	
5-115	1435-1436	.	_	_	_	
5-116	1436-1437	.	_	_	_	
5-117	1437-1438	.	_	_	_	

#Text=Oh!
6-1	1439-1441	Oh	_	_	_	
6-2	1441-1442	!	_	_	_	

#Text=l ' udito è pure il prezioso senso!
7-1	1443-1444	l	_	_	_	
7-2	1445-1446	'	_	_	_	
7-3	1447-1452	udito	_	_	_	
7-4	1453-1454	è	_	_	_	
7-5	1455-1459	pure	_	_	_	
7-6	1460-1462	il	_	_	_	
7-7	1463-1471	prezioso	_	_	_	
7-8	1472-1477	senso	_	_	_	
7-9	1477-1478	!	_	_	_	

#Text=Mercè sua comprendo l ' espressione più viva del mondo: tutto parla; beato chi sente!
8-1	1479-1484	Mercè	_	_	_	
8-2	1485-1488	sua	_	_	_	
8-3	1489-1498	comprendo	_	_	_	
8-4	1499-1500	l	_	_	_	
8-5	1501-1502	'	_	_	_	
8-6	1503-1514	espressione	_	_	_	
8-7	1515-1518	più	_	_	_	
8-8	1519-1523	viva	_	_	_	
8-9	1524-1527	del	_	_	_	
8-10	1528-1533	mondo	_	_	_	
8-11	1533-1534	:	_	_	_	
8-12	1535-1540	tutto	_	_	_	
8-13	1541-1546	parla	_	_	_	
8-14	1546-1547	;	_	_	_	
8-15	1548-1553	beato	_	_	_	
8-16	1554-1557	chi	_	_	_	
8-17	1558-1563	sente	_	_	_	
8-18	1563-1564	!	_	_	_	

#Text=Sennonchè tosto mi ricorse al pensiero come la voce dell ' amata s ' era fatta dopo poco tempo aspra, sarcastica; poichè ella troppo presto dimenticando quanto m ' era costata la felicità effimera di pochi dì, mi piantava colla solita sua buona grazia un pugnale nel bel mezzo del cuore.
9-1	1565-1574	Sennonchè	_	_	_	
9-2	1575-1580	tosto	_	_	_	
9-3	1581-1583	mi	_	_	_	
9-4	1584-1591	ricorse	_	_	_	
9-5	1592-1594	al	_	_	_	
9-6	1595-1603	pensiero	_	_	_	
9-7	1604-1608	come	_	_	_	
9-8	1609-1611	la	_	_	_	
9-9	1612-1616	voce	_	_	_	
9-10	1617-1621	dell	_	_	_	
9-11	1622-1623	'	_	_	_	
9-12	1624-1629	amata	_	_	_	
9-13	1630-1631	s	_	_	_	
9-14	1632-1633	'	_	_	_	
9-15	1634-1637	era	_	_	_	
9-16	1638-1643	fatta	_	_	_	
9-17	1644-1648	dopo	_	_	_	
9-18	1649-1653	poco	_	_	_	
9-19	1654-1659	tempo	_	_	_	
9-20	1660-1665	aspra	_	_	_	
9-21	1665-1666	,	_	_	_	
9-22	1667-1677	sarcastica	_	_	_	
9-23	1677-1678	;	_	_	_	
9-24	1679-1685	poichè	_	_	_	
9-25	1686-1690	ella	_	_	_	
9-26	1691-1697	troppo	_	_	_	
9-27	1698-1704	presto	_	_	_	
9-28	1705-1717	dimenticando	_	_	_	
9-29	1718-1724	quanto	_	_	_	
9-30	1725-1726	m	_	_	_	
9-31	1727-1728	'	_	_	_	
9-32	1729-1732	era	_	_	_	
9-33	1733-1740	costata	_	_	_	
9-34	1741-1743	la	_	_	_	
9-35	1744-1752	felicità	_	_	_	
9-36	1753-1761	effimera	_	_	_	
9-37	1762-1764	di	_	_	_	
9-38	1765-1770	pochi	_	_	_	
9-39	1771-1773	dì	_	_	_	
9-40	1773-1774	,	_	_	_	
9-41	1775-1777	mi	_	_	_	
9-42	1778-1786	piantava	_	_	_	
9-43	1787-1792	colla	_	_	_	
9-44	1793-1799	solita	_	_	_	
9-45	1800-1803	sua	_	_	_	
9-46	1804-1809	buona	_	_	_	
9-47	1810-1816	grazia	_	_	_	
9-48	1817-1819	un	_	_	_	
9-49	1820-1827	pugnale	_	_	_	
9-50	1828-1831	nel	_	_	_	
9-51	1832-1835	bel	_	_	_	
9-52	1836-1841	mezzo	_	_	_	
9-53	1842-1845	del	_	_	_	
9-54	1846-1851	cuore	_	_	_	
9-55	1851-1852	.	_	_	_	

#Text=È vero che non corse gran tempo che la civetta pietosa - s ' era forse già annoiata del mio successore - volle svellerlo; ma il modo fu così gentile, delicato, che la tarda carità invece di guarire la ferita non fece che inasprirla.
10-1	1853-1854	È	_	_	_	
10-2	1855-1859	vero	_	_	_	
10-3	1860-1863	che	_	_	_	
10-4	1864-1867	non	_	_	_	
10-5	1868-1873	corse	_	_	_	
10-6	1874-1878	gran	_	_	_	
10-7	1879-1884	tempo	_	_	_	
10-8	1885-1888	che	_	_	_	
10-9	1889-1891	la	_	_	_	
10-10	1892-1899	civetta	_	_	_	
10-11	1900-1907	pietosa	_	_	_	
10-12	1908-1909	-	_	_	_	
10-13	1910-1911	s	_	_	_	
10-14	1912-1913	'	_	_	_	
10-15	1914-1917	era	_	_	_	
10-16	1918-1923	forse	_	_	_	
10-17	1924-1927	già	_	_	_	
10-18	1928-1936	annoiata	_	_	_	
10-19	1937-1940	del	_	_	_	
10-20	1941-1944	mio	_	_	_	
10-21	1945-1955	successore	_	_	_	
10-22	1956-1957	-	_	_	_	
10-23	1958-1963	volle	_	_	_	
10-24	1964-1973	svellerlo	_	_	_	
10-25	1973-1974	;	_	_	_	
10-26	1975-1977	ma	_	_	_	
10-27	1978-1980	il	_	_	_	
10-28	1981-1985	modo	_	_	_	
10-29	1986-1988	fu	_	_	_	
10-30	1989-1993	così	_	_	_	
10-31	1994-2001	gentile	_	_	_	
10-32	2001-2002	,	_	_	_	
10-33	2003-2011	delicato	_	_	_	
10-34	2011-2012	,	_	_	_	
10-35	2013-2016	che	_	_	_	
10-36	2017-2019	la	_	_	_	
10-37	2020-2025	tarda	_	_	_	
10-38	2026-2032	carità	_	_	_	
10-39	2033-2039	invece	_	_	_	
10-40	2040-2042	di	_	_	_	
10-41	2043-2050	guarire	_	_	_	
10-42	2051-2053	la	_	_	_	
10-43	2054-2060	ferita	_	_	_	
10-44	2061-2064	non	_	_	_	
10-45	2065-2069	fece	_	_	_	
10-46	2070-2073	che	_	_	_	
10-47	2074-2084	inasprirla	_	_	_	
10-48	2084-2085	.	_	_	_	

#Text=Strida da una e dall ' altra parte, smanie e stridori di denti...... ancora mi suonano nell ' aria orrende parole.......
11-1	2086-2092	Strida	_	_	_	
11-2	2093-2095	da	_	_	_	
11-3	2096-2099	una	_	_	_	
11-4	2100-2101	e	_	_	_	
11-5	2102-2106	dall	_	_	_	
11-6	2107-2108	'	_	_	_	
11-7	2109-2114	altra	_	_	_	
11-8	2115-2120	parte	_	_	_	
11-9	2120-2121	,	_	_	_	
11-10	2122-2128	smanie	_	_	_	
11-11	2129-2130	e	_	_	_	
11-12	2131-2139	stridori	_	_	_	
11-13	2140-2142	di	_	_	_	
11-14	2143-2148	denti	_	_	_	
11-15	2148-2149	.	_	_	_	
11-16	2149-2150	.	_	_	_	
11-17	2150-2151	.	_	_	_	
11-18	2151-2152	.	_	_	_	
11-19	2152-2153	.	_	_	_	
11-20	2153-2154	.	_	_	_	
11-21	2155-2161	ancora	_	_	_	
11-22	2162-2164	mi	_	_	_	
11-23	2165-2172	suonano	_	_	_	
11-24	2173-2177	nell	_	_	_	
11-25	2178-2179	'	_	_	_	
11-26	2180-2184	aria	_	_	_	
11-27	2185-2192	orrende	_	_	_	
11-28	2193-2199	parole	_	_	_	
11-29	2199-2200	.	_	_	_	
11-30	2200-2201	.	_	_	_	
11-31	2201-2202	.	_	_	_	
11-32	2202-2203	.	_	_	_	
11-33	2203-2204	.	_	_	_	
11-34	2204-2205	.	_	_	_	
11-35	2205-2206	.	_	_	_	

#Text=Lo credereste?
12-1	2207-2209	Lo	_	_	_	
12-2	2210-2220	credereste	_	_	_	
12-3	2220-2221	?	_	_	_	

#Text=A questo punto mi giunsero da ogni parte cigolì di ruote, e una miriade di stonazioni venne a grandinarmi intorno dal non lontano teatro di Intra dove si torturava non so quale delle opere più faticose di Verdi, con tanto strazio che dalla pietà e dal terrore mi si rattrappivano i nervi....
13-1	2222-2223	A	_	_	_	
13-2	2224-2230	questo	_	_	_	
13-3	2231-2236	punto	_	_	_	
13-4	2237-2239	mi	_	_	_	
13-5	2240-2248	giunsero	_	_	_	
13-6	2249-2251	da	_	_	_	
13-7	2252-2256	ogni	_	_	_	
13-8	2257-2262	parte	_	_	_	
13-9	2263-2269	cigolì	_	_	_	
13-10	2270-2272	di	_	_	_	
13-11	2273-2278	ruote	_	_	_	
13-12	2278-2279	,	_	_	_	
13-13	2280-2281	e	_	_	_	
13-14	2282-2285	una	_	_	_	
13-15	2286-2293	miriade	_	_	_	
13-16	2294-2296	di	_	_	_	
13-17	2297-2307	stonazioni	_	_	_	
13-18	2308-2313	venne	_	_	_	
13-19	2314-2315	a	_	_	_	
13-20	2316-2327	grandinarmi	_	_	_	
13-21	2328-2335	intorno	_	_	_	
13-22	2336-2339	dal	_	_	_	
13-23	2340-2343	non	_	_	_	
13-24	2344-2351	lontano	_	_	_	
13-25	2352-2358	teatro	_	_	_	
13-26	2359-2361	di	_	_	_	
13-27	2362-2367	Intra	_	_	_	
13-28	2368-2372	dove	_	_	_	
13-29	2373-2375	si	_	_	_	
13-30	2376-2385	torturava	_	_	_	
13-31	2386-2389	non	_	_	_	
13-32	2390-2392	so	_	_	_	
13-33	2393-2398	quale	_	_	_	
13-34	2399-2404	delle	_	_	_	
13-35	2405-2410	opere	_	_	_	
13-36	2411-2414	più	_	_	_	
13-37	2415-2423	faticose	_	_	_	
13-38	2424-2426	di	_	_	_	
13-39	2427-2432	Verdi	_	_	_	
13-40	2432-2433	,	_	_	_	
13-41	2434-2437	con	_	_	_	
13-42	2438-2443	tanto	_	_	_	
13-43	2444-2451	strazio	_	_	_	
13-44	2452-2455	che	_	_	_	
13-45	2456-2461	dalla	_	_	_	
13-46	2462-2467	pietà	_	_	_	
13-47	2468-2469	e	_	_	_	
13-48	2470-2473	dal	_	_	_	
13-49	2474-2481	terrore	_	_	_	
13-50	2482-2484	mi	_	_	_	
13-51	2485-2487	si	_	_	_	
13-52	2488-2501	rattrappivano	_	_	_	
13-53	2502-2503	i	_	_	_	
13-54	2504-2509	nervi	_	_	_	
13-55	2509-2510	.	_	_	_	
13-56	2510-2511	.	_	_	_	
13-57	2511-2512	.	_	_	_	
13-58	2512-2513	.	_	_	_	

#Text=Benedetto l ' udito, senso preziosissimo; ma tu non sei certo l ' eccellente.
14-1	2514-2523	Benedetto	_	_	_	
14-2	2524-2525	l	_	_	_	
14-3	2526-2527	'	_	_	_	
14-4	2528-2533	udito	_	_	_	
14-5	2533-2534	,	_	_	_	
14-6	2535-2540	senso	_	_	_	
14-7	2541-2554	preziosissimo	_	_	_	
14-8	2554-2555	;	_	_	_	
14-9	2556-2558	ma	_	_	_	
14-10	2559-2561	tu	_	_	_	
14-11	2562-2565	non	_	_	_	
14-12	2566-2569	sei	_	_	_	
14-13	2570-2575	certo	_	_	_	
14-14	2576-2577	l	_	_	_	
14-15	2578-2579	'	_	_	_	
14-16	2580-2590	eccellente	_	_	_	
14-17	2590-2591	.	_	_	_	

#Text=Non aveva finito ancora questa frase che le rose, i gelsomini, le acacie, i limoni, i millefiori del giardino botanico di Rovelli m ' inviarono una nebbia di sì acute fragranze ch ' io allargando le nari per meglio aspirarne gli effluvii, imparadisato chiusi gli occhi e credetti d ' essere volato all ' olimpo di Maometto, in mezzo alle urì, sulla sponda d ' un lago d ' acqua di rosa....
15-1	2592-2595	Non	_	_	_	
15-2	2596-2601	aveva	_	_	_	
15-3	2602-2608	finito	_	_	_	
15-4	2609-2615	ancora	_	_	_	
15-5	2616-2622	questa	_	_	_	
15-6	2623-2628	frase	_	_	_	
15-7	2629-2632	che	_	_	_	
15-8	2633-2635	le	Smell\_Source[1]	_	_	
15-9	2636-2640	rose	Smell\_Source[1]	_	_	
15-10	2640-2641	,	_	_	_	
15-11	2642-2643	i	Smell\_Source[2]	_	_	
15-12	2644-2653	gelsomini	Smell\_Source[2]	_	_	
15-13	2653-2654	,	_	_	_	
15-14	2655-2657	le	Smell\_Source[3]	_	_	
15-15	2658-2664	acacie	Smell\_Source[3]	_	_	
15-16	2664-2665	,	_	_	_	
15-17	2666-2667	i	Smell\_Source[4]	_	_	
15-18	2668-2674	limoni	Smell\_Source[4]	_	_	
15-19	2674-2675	,	_	_	_	
15-20	2676-2677	i	Smell\_Source[5]	_	_	
15-21	2678-2688	millefiori	Smell\_Source[5]	_	_	
15-22	2689-2692	del	Location[6]	_	_	
15-23	2693-2701	giardino	Location[6]	_	_	
15-24	2702-2710	botanico	Location[6]	_	_	
15-25	2711-2713	di	Location[6]	_	_	
15-26	2714-2721	Rovelli	Location[6]	_	_	
15-27	2722-2723	m	Perceiver	_	_	
15-28	2724-2725	'	_	_	_	
15-29	2726-2735	inviarono	_	_	_	
15-30	2736-2739	una	Odour\_Carrier[7]	_	_	
15-31	2740-2746	nebbia	Odour\_Carrier[7]	_	_	
15-32	2747-2749	di	_	_	_	
15-33	2750-2752	sì	Quality[8]	_	_	
15-34	2753-2758	acute	Quality[8]	_	_	
15-35	2759-2768	fragranze	Smell\_Word	*|*|*|*|*|*|*|*|*	15-33[8_0]|15-27|15-30[7_0]|15-8[1_0]|15-11[2_0]|15-14[3_0]|15-17[4_0]|15-20[5_0]|15-22[6_0]	
15-36	2769-2771	ch	_	_	_	
15-37	2772-2773	'	_	_	_	
15-38	2774-2776	io	Perceiver	_	_	
15-39	2777-2787	allargando	Circumstances[9]	_	_	
15-40	2788-2790	le	Circumstances[9]	_	_	
15-41	2791-2795	nari	Circumstances[9]	_	_	
15-42	2796-2799	per	Circumstances[9]	_	_	
15-43	2800-2806	meglio	Circumstances[9]	_	_	
15-44	2807-2816	aspirarne	Circumstances[9]	_	_	
15-45	2817-2820	gli	_	_	_	
15-46	2821-2829	effluvii	Smell\_Word	*|*|*|*	15-38|15-48|15-73[10_0]|15-39[9_0]	
15-47	2829-2830	,	_	_	_	
15-48	2831-2843	imparadisato	Effect	_	_	
15-49	2844-2850	chiusi	_	_	_	
15-50	2851-2854	gli	_	_	_	
15-51	2855-2860	occhi	_	_	_	
15-52	2861-2862	e	_	_	_	
15-53	2863-2871	credetti	_	_	_	
15-54	2872-2873	d	_	_	_	
15-55	2874-2875	'	_	_	_	
15-56	2876-2882	essere	_	_	_	
15-57	2883-2889	volato	_	_	_	
15-58	2890-2893	all	_	_	_	
15-59	2894-2895	'	_	_	_	
15-60	2896-2902	olimpo	_	_	_	
15-61	2903-2905	di	_	_	_	
15-62	2906-2914	Maometto	_	_	_	
15-63	2914-2915	,	_	_	_	
15-64	2916-2918	in	_	_	_	
15-65	2919-2924	mezzo	_	_	_	
15-66	2925-2929	alle	_	_	_	
15-67	2930-2933	urì	_	_	_	
15-68	2933-2934	,	_	_	_	
15-69	2935-2940	sulla	_	_	_	
15-70	2941-2947	sponda	_	_	_	
15-71	2948-2949	d	_	_	_	
15-72	2950-2951	'	_	_	_	
15-73	2952-2954	un	Evoked\_Odorant[10]	_	_	
15-74	2955-2959	lago	Evoked\_Odorant[10]	_	_	
15-75	2960-2961	d	Evoked\_Odorant[10]	_	_	
15-76	2962-2963	'	Evoked\_Odorant[10]	_	_	
15-77	2964-2969	acqua	Evoked\_Odorant[10]	_	_	
15-78	2970-2972	di	Evoked\_Odorant[10]	_	_	
15-79	2973-2977	rosa	Evoked\_Odorant[10]	_	_	
15-80	2977-2978	.	_	_	_	
15-81	2978-2979	.	_	_	_	
15-82	2979-2980	.	_	_	_	
15-83	2980-2981	.	_	_	_	

#Text=O incostanza della fortuna!
16-1	2982-2983	O	_	_	_	
16-2	2984-2994	incostanza	_	_	_	
16-3	2995-3000	della	_	_	_	
16-4	3001-3008	fortuna	_	_	_	
16-5	3008-3009	!	_	_	_	

#Text=Un alito di vento involò ratto l ' olezzo; sparì l ' acqua di rosa, ed il lago senza moto, senz ' aura, apparve come una conca immensa stagnante da cui emanava un fetore orribile di pesci imputriditi.
17-1	3010-3012	Un	Odour\_Carrier[11]	_	_	
17-2	3013-3018	alito	Odour\_Carrier[11]	_	_	
17-3	3019-3021	di	Odour\_Carrier[11]	_	_	
17-4	3022-3027	vento	Odour\_Carrier[11]	_	_	
17-5	3028-3034	involò	_	_	_	
17-6	3035-3040	ratto	_	_	_	
17-7	3041-3042	l	_	_	_	
17-8	3043-3044	'	_	_	_	
17-9	3045-3051	olezzo	Smell\_Word	*|*	17-12[12_0]|17-1[11_0]	
17-10	3051-3052	;	_	_	_	
17-11	3053-3058	sparì	_	_	_	
17-12	3059-3060	l	Evoked\_Odorant[12]	_	_	
17-13	3061-3062	'	Evoked\_Odorant[12]	_	_	
17-14	3063-3068	acqua	Evoked\_Odorant[12]	_	_	
17-15	3069-3071	di	Evoked\_Odorant[12]	_	_	
17-16	3072-3076	rosa	Evoked\_Odorant[12]	_	_	
17-17	3076-3077	,	_	_	_	
17-18	3078-3080	ed	_	_	_	
17-19	3081-3083	il	_	_	_	
17-20	3084-3088	lago	_	_	_	
17-21	3089-3094	senza	_	_	_	
17-22	3095-3099	moto	_	_	_	
17-23	3099-3100	,	_	_	_	
17-24	3101-3105	senz	_	_	_	
17-25	3106-3107	'	_	_	_	
17-26	3108-3112	aura	_	_	_	
17-27	3112-3113	,	_	_	_	
17-28	3114-3121	apparve	_	_	_	
17-29	3122-3126	come	_	_	_	
17-30	3127-3130	una	Location[13]	_	_	
17-31	3131-3136	conca	Location[13]	_	_	
17-32	3137-3144	immensa	Location[13]	_	_	
17-33	3145-3154	stagnante	Location[13]	_	_	
17-34	3155-3157	da	_	_	_	
17-35	3158-3161	cui	_	_	_	
17-36	3162-3169	emanava	_	_	_	
17-37	3170-3172	un	_	_	_	
17-38	3173-3179	fetore	Smell\_Word	*|*|*	17-30[13_0]|17-39|17-40[14_0]	
17-39	3180-3188	orribile	Quality	_	_	
17-40	3189-3191	di	Smell\_Source[14]	_	_	
17-41	3192-3197	pesci	Smell\_Source[14]	_	_	
17-42	3198-3209	imputriditi	Smell\_Source[14]	_	_	
17-43	3209-3210	.	_	_	_	

#Text=Dubitai che la bella Verbania l ' avesse abbandonato colle sue ninfe, m ' alzai e pervenni presso la foce del fiume che bagna la Sassonia....
18-1	3211-3218	Dubitai	_	_	_	
18-2	3219-3222	che	_	_	_	
18-3	3223-3225	la	_	_	_	
18-4	3226-3231	bella	_	_	_	
18-5	3232-3240	Verbania	_	_	_	
18-6	3241-3242	l	_	_	_	
18-7	3243-3244	'	_	_	_	
18-8	3245-3251	avesse	_	_	_	
18-9	3252-3263	abbandonato	_	_	_	
18-10	3264-3269	colle	_	_	_	
18-11	3270-3273	sue	_	_	_	
18-12	3274-3279	ninfe	_	_	_	
18-13	3279-3280	,	_	_	_	
18-14	3281-3282	m	_	_	_	
18-15	3283-3284	'	_	_	_	
18-16	3285-3290	alzai	_	_	_	
18-17	3291-3292	e	_	_	_	
18-18	3293-3301	pervenni	_	_	_	
18-19	3302-3308	presso	_	_	_	
18-20	3309-3311	la	_	_	_	
18-21	3312-3316	foce	_	_	_	
18-22	3317-3320	del	_	_	_	
18-23	3321-3326	fiume	_	_	_	
18-24	3327-3330	che	_	_	_	
18-25	3331-3336	bagna	_	_	_	
18-26	3337-3339	la	_	_	_	
18-27	3340-3348	Sassonia	_	_	_	
18-28	3348-3349	.	_	_	_	
18-29	3349-3350	.	_	_	_	
18-30	3350-3351	.	_	_	_	
18-31	3351-3352	.	_	_	_	

#Text=La Sassonia, qui?
19-1	3353-3355	La	_	_	_	
19-2	3356-3364	Sassonia	_	_	_	
19-3	3364-3365	,	_	_	_	
19-4	3366-3369	qui	_	_	_	
19-5	3369-3370	?	_	_	_	

#Text=Gnorsì: gl ' Intresi costruirono presso l ' antica città un sobborgo a vie spaziose, allineate che corrono fra case più allietate dal sole e dallo spiro lacustre che non le catapecchie della vecchia parte: nel centro una piazza e nel mezzo di essa il teatro, il più bello di tutto il lago.
20-1	3371-3377	Gnorsì	_	_	_	
20-2	3377-3378	:	_	_	_	
20-3	3379-3381	gl	_	_	_	
20-4	3382-3383	'	_	_	_	
20-5	3384-3391	Intresi	_	_	_	
20-6	3392-3403	costruirono	_	_	_	
20-7	3404-3410	presso	_	_	_	
20-8	3411-3412	l	_	_	_	
20-9	3413-3414	'	_	_	_	
20-10	3415-3421	antica	_	_	_	
20-11	3422-3427	città	_	_	_	
20-12	3428-3430	un	_	_	_	
20-13	3431-3439	sobborgo	_	_	_	
20-14	3440-3441	a	_	_	_	
20-15	3442-3445	vie	_	_	_	
20-16	3446-3454	spaziose	_	_	_	
20-17	3454-3455	,	_	_	_	
20-18	3456-3465	allineate	_	_	_	
20-19	3466-3469	che	_	_	_	
20-20	3470-3477	corrono	_	_	_	
20-21	3478-3481	fra	_	_	_	
20-22	3482-3486	case	_	_	_	
20-23	3487-3490	più	_	_	_	
20-24	3491-3500	allietate	_	_	_	
20-25	3501-3504	dal	_	_	_	
20-26	3505-3509	sole	_	_	_	
20-27	3510-3511	e	_	_	_	
20-28	3512-3517	dallo	_	_	_	
20-29	3518-3523	spiro	_	_	_	
20-30	3524-3532	lacustre	_	_	_	
20-31	3533-3536	che	_	_	_	
20-32	3537-3540	non	_	_	_	
20-33	3541-3543	le	_	_	_	
20-34	3544-3555	catapecchie	_	_	_	
20-35	3556-3561	della	_	_	_	
20-36	3562-3569	vecchia	_	_	_	
20-37	3570-3575	parte	_	_	_	
20-38	3575-3576	:	_	_	_	
20-39	3577-3580	nel	_	_	_	
20-40	3581-3587	centro	_	_	_	
20-41	3588-3591	una	_	_	_	
20-42	3592-3598	piazza	_	_	_	
20-43	3599-3600	e	_	_	_	
20-44	3601-3604	nel	_	_	_	
20-45	3605-3610	mezzo	_	_	_	
20-46	3611-3613	di	_	_	_	
20-47	3614-3618	essa	_	_	_	
20-48	3619-3621	il	_	_	_	
20-49	3622-3628	teatro	_	_	_	
20-50	3628-3629	,	_	_	_	
20-51	3630-3632	il	_	_	_	
20-52	3633-3636	più	_	_	_	
20-53	3637-3642	bello	_	_	_	
20-54	3643-3645	di	_	_	_	
20-55	3646-3651	tutto	_	_	_	
20-56	3652-3654	il	_	_	_	
20-57	3655-3659	lago	_	_	_	
20-58	3659-3660	.	_	_	_	

#Text=Ora questo sito una volta non tanto lontana era una vera ciottolaia, un campo di sassi... capite?
21-1	3661-3664	Ora	_	_	_	
21-2	3665-3671	questo	_	_	_	
21-3	3672-3676	sito	_	_	_	
21-4	3677-3680	una	_	_	_	
21-5	3681-3686	volta	_	_	_	
21-6	3687-3690	non	_	_	_	
21-7	3691-3696	tanto	_	_	_	
21-8	3697-3704	lontana	_	_	_	
21-9	3705-3708	era	_	_	_	
21-10	3709-3712	una	_	_	_	
21-11	3713-3717	vera	_	_	_	
21-12	3718-3728	ciottolaia	_	_	_	
21-13	3728-3729	,	_	_	_	
21-14	3730-3732	un	_	_	_	
21-15	3733-3738	campo	_	_	_	
21-16	3739-3741	di	_	_	_	
21-17	3742-3747	sassi	_	_	_	
21-18	3747-3748	.	_	_	_	
21-19	3748-3749	.	_	_	_	
21-20	3749-3750	.	_	_	_	
21-21	3751-3757	capite	_	_	_	
21-22	3757-3758	?	_	_	_	

#Text=Gl ' Intresi, pratici quanto gli altri popoli appiedi delle Alpi della lingua nazionale, d ' una ciottolaia fecero una Sassonia, con grave sfregio della patria degli oficleidi e dei tromboni!
22-1	3759-3761	Gl	_	_	_	
22-2	3762-3763	'	_	_	_	
22-3	3764-3771	Intresi	_	_	_	
22-4	3771-3772	,	_	_	_	
22-5	3773-3780	pratici	_	_	_	
22-6	3781-3787	quanto	_	_	_	
22-7	3788-3791	gli	_	_	_	
22-8	3792-3797	altri	_	_	_	
22-9	3798-3804	popoli	_	_	_	
22-10	3805-3812	appiedi	_	_	_	
22-11	3813-3818	delle	_	_	_	
22-12	3819-3823	Alpi	_	_	_	
22-13	3824-3829	della	_	_	_	
22-14	3830-3836	lingua	_	_	_	
22-15	3837-3846	nazionale	_	_	_	
22-16	3846-3847	,	_	_	_	
22-17	3848-3849	d	_	_	_	
22-18	3850-3851	'	_	_	_	
22-19	3852-3855	una	_	_	_	
22-20	3856-3866	ciottolaia	_	_	_	
22-21	3867-3873	fecero	_	_	_	
22-22	3874-3877	una	_	_	_	
22-23	3878-3886	Sassonia	_	_	_	
22-24	3886-3887	,	_	_	_	
22-25	3888-3891	con	_	_	_	
22-26	3892-3897	grave	_	_	_	
22-27	3898-3905	sfregio	_	_	_	
22-28	3906-3911	della	_	_	_	
22-29	3912-3918	patria	_	_	_	
22-30	3919-3924	degli	_	_	_	
22-31	3925-3934	oficleidi	_	_	_	
22-32	3935-3936	e	_	_	_	
22-33	3937-3940	dei	_	_	_	
22-34	3941-3949	tromboni	_	_	_	
22-35	3949-3950	!	_	_	_	

#Text=Ma che volete?
23-1	3951-3953	Ma	_	_	_	
23-2	3954-3957	che	_	_	_	
23-3	3958-3964	volete	_	_	_	
23-4	3964-3965	?	_	_	_	

#Text=Io non poteva a nessun conto adagiarmi all ' ombra di quelle mura senza che ne dovessi tosto sloggiare per sfuggire alle ammorbanti evaporazioni delle molli erbette,...
24-1	3966-3968	Io	_	_	_	
24-2	3969-3972	non	_	_	_	
24-3	3973-3979	poteva	_	_	_	
24-4	3980-3981	a	_	_	_	
24-5	3982-3988	nessun	_	_	_	
24-6	3989-3994	conto	_	_	_	
24-7	3995-4004	adagiarmi	_	_	_	
24-8	4005-4008	all	_	_	_	
24-9	4009-4010	'	_	_	_	
24-10	4011-4016	ombra	_	_	_	
24-11	4017-4019	di	_	_	_	
24-12	4020-4026	quelle	_	_	_	
24-13	4027-4031	mura	_	_	_	
24-14	4032-4037	senza	_	_	_	
24-15	4038-4041	che	_	_	_	
24-16	4042-4044	ne	_	_	_	
24-17	4045-4052	dovessi	_	_	_	
24-18	4053-4058	tosto	_	_	_	
24-19	4059-4068	sloggiare	_	_	_	
24-20	4069-4072	per	_	_	_	
24-21	4073-4081	sfuggire	_	_	_	
24-22	4082-4086	alle	_	_	_	
24-23	4087-4097	ammorbanti	_	_	_	
24-24	4098-4110	evaporazioni	_	_	_	
24-25	4111-4116	delle	_	_	_	
24-26	4117-4122	molli	_	_	_	
24-27	4123-4130	erbette	_	_	_	
24-28	4130-4131	,	_	_	_	
24-29	4131-4132	.	_	_	_	
24-30	4132-4133	.	_	_	_	
24-31	4133-4134	.	_	_	_	

#Text=A che serve il naso, sclamai scappando indispettito, se per l ' olezzo d ' un fiore ne tocca assorbire cento esalazioni ingrate o perniciose?
25-1	4135-4136	A	_	_	_	
25-2	4137-4140	che	_	_	_	
25-3	4141-4146	serve	_	_	_	
25-4	4147-4149	il	_	_	_	
25-5	4150-4154	naso	_	_	_	
25-6	4154-4155	,	_	_	_	
25-7	4156-4163	sclamai	_	_	_	
25-8	4164-4173	scappando	_	_	_	
25-9	4174-4186	indispettito	_	_	_	
25-10	4186-4187	,	_	_	_	
25-11	4188-4190	se	_	_	_	
25-12	4191-4194	per	_	_	_	
25-13	4195-4196	l	_	_	_	
25-14	4197-4198	'	_	_	_	
25-15	4199-4205	olezzo	Smell\_Word	*	25-16[15_0]	
25-16	4206-4207	d	Smell\_Source[15]	_	_	
25-17	4208-4209	'	Smell\_Source[15]	_	_	
25-18	4210-4212	un	Smell\_Source[15]	_	_	
25-19	4213-4218	fiore	Smell\_Source[15]	_	_	
25-20	4219-4221	ne	_	_	_	
25-21	4222-4227	tocca	_	_	_	
25-22	4228-4237	assorbire	_	_	_	
25-23	4238-4243	cento	_	_	_	
25-24	4244-4254	esalazioni	Smell\_Word	*|*	25-27|25-25	
25-25	4255-4262	ingrate	Quality	_	_	
25-26	4263-4264	o	_	_	_	
25-27	4265-4275	perniciose	Quality	_	_	
25-28	4275-4276	?	_	_	_	

#Text=Sì, senza dubbio, l ' odorato è l ' infimo dei sensi - me ne rincresce assai pei mercanti d ' essenze!
26-1	4277-4279	Sì	_	_	_	
26-2	4279-4280	,	_	_	_	
26-3	4281-4286	senza	_	_	_	
26-4	4287-4293	dubbio	_	_	_	
26-5	4293-4294	,	_	_	_	
26-6	4295-4296	l	_	_	_	
26-7	4297-4298	'	_	_	_	
26-8	4299-4306	odorato	Smell\_Word	_	_	
26-9	4307-4308	è	_	_	_	
26-10	4309-4310	l	_	_	_	
26-11	4311-4312	'	_	_	_	
26-12	4313-4319	infimo	_	_	_	
26-13	4320-4323	dei	_	_	_	
26-14	4324-4329	sensi	_	_	_	
26-15	4330-4331	-	_	_	_	
26-16	4332-4334	me	_	_	_	
26-17	4335-4337	ne	_	_	_	
26-18	4338-4347	rincresce	_	_	_	
26-19	4348-4353	assai	_	_	_	
26-20	4354-4357	pei	_	_	_	
26-21	4358-4366	mercanti	_	_	_	
26-22	4367-4368	d	_	_	_	
26-23	4369-4370	'	_	_	_	
26-24	4371-4378	essenze	Smell\_Word	_	_	
26-25	4378-4379	!	_	_	_	

#Text=Ignoro se il correre per quelle spiagge sassose - stavo per dire sassoni - od il desiderio di trovare una soluzione lungi dalle praterie della parte suburbana d ' Intra, mi condussero in un albergo vicino allo scalo dei piroscafi in Intra. - Compagno mio, tu sospetterai forse ch ' io sia di quelli che giudicano di una terra dal modo con cui vi soddisfecero l ' appetito: ti giuro in nome delle costolette che mangiai in quell ' osteria, che per quanto male io possa dire del paese, io sarò sempre in credito.
27-1	4380-4386	Ignoro	_	_	_	
27-2	4387-4389	se	_	_	_	
27-3	4390-4392	il	_	_	_	
27-4	4393-4400	correre	_	_	_	
27-5	4401-4404	per	_	_	_	
27-6	4405-4411	quelle	_	_	_	
27-7	4412-4419	spiagge	_	_	_	
27-8	4420-4427	sassose	_	_	_	
27-9	4428-4429	-	_	_	_	
27-10	4430-4435	stavo	_	_	_	
27-11	4436-4439	per	_	_	_	
27-12	4440-4444	dire	_	_	_	
27-13	4445-4452	sassoni	_	_	_	
27-14	4453-4454	-	_	_	_	
27-15	4455-4457	od	_	_	_	
27-16	4458-4460	il	_	_	_	
27-17	4461-4470	desiderio	_	_	_	
27-18	4471-4473	di	_	_	_	
27-19	4474-4481	trovare	_	_	_	
27-20	4482-4485	una	_	_	_	
27-21	4486-4495	soluzione	_	_	_	
27-22	4496-4501	lungi	_	_	_	
27-23	4502-4507	dalle	_	_	_	
27-24	4508-4516	praterie	_	_	_	
27-25	4517-4522	della	_	_	_	
27-26	4523-4528	parte	_	_	_	
27-27	4529-4538	suburbana	_	_	_	
27-28	4539-4540	d	_	_	_	
27-29	4541-4542	'	_	_	_	
27-30	4543-4548	Intra	_	_	_	
27-31	4548-4549	,	_	_	_	
27-32	4550-4552	mi	_	_	_	
27-33	4553-4563	condussero	_	_	_	
27-34	4564-4566	in	_	_	_	
27-35	4567-4569	un	_	_	_	
27-36	4570-4577	albergo	_	_	_	
27-37	4578-4584	vicino	_	_	_	
27-38	4585-4589	allo	_	_	_	
27-39	4590-4595	scalo	_	_	_	
27-40	4596-4599	dei	_	_	_	
27-41	4600-4609	piroscafi	_	_	_	
27-42	4610-4612	in	_	_	_	
27-43	4613-4618	Intra	_	_	_	
27-44	4618-4619	.	_	_	_	
27-45	4620-4621	-	_	_	_	
27-46	4622-4630	Compagno	_	_	_	
27-47	4631-4634	mio	_	_	_	
27-48	4634-4635	,	_	_	_	
27-49	4636-4638	tu	_	_	_	
27-50	4639-4650	sospetterai	_	_	_	
27-51	4651-4656	forse	_	_	_	
27-52	4657-4659	ch	_	_	_	
27-53	4660-4661	'	_	_	_	
27-54	4662-4664	io	_	_	_	
27-55	4665-4668	sia	_	_	_	
27-56	4669-4671	di	_	_	_	
27-57	4672-4678	quelli	_	_	_	
27-58	4679-4682	che	_	_	_	
27-59	4683-4692	giudicano	_	_	_	
27-60	4693-4695	di	_	_	_	
27-61	4696-4699	una	_	_	_	
27-62	4700-4705	terra	_	_	_	
27-63	4706-4709	dal	_	_	_	
27-64	4710-4714	modo	_	_	_	
27-65	4715-4718	con	_	_	_	
27-66	4719-4722	cui	_	_	_	
27-67	4723-4725	vi	_	_	_	
27-68	4726-4738	soddisfecero	_	_	_	
27-69	4739-4740	l	_	_	_	
27-70	4741-4742	'	_	_	_	
27-71	4743-4751	appetito	_	_	_	
27-72	4751-4752	:	_	_	_	
27-73	4753-4755	ti	_	_	_	
27-74	4756-4761	giuro	_	_	_	
27-75	4762-4764	in	_	_	_	
27-76	4765-4769	nome	_	_	_	
27-77	4770-4775	delle	_	_	_	
27-78	4776-4786	costolette	_	_	_	
27-79	4787-4790	che	_	_	_	
27-80	4791-4798	mangiai	_	_	_	
27-81	4799-4801	in	_	_	_	
27-82	4802-4807	quell	_	_	_	
27-83	4808-4809	'	_	_	_	
27-84	4810-4817	osteria	_	_	_	
27-85	4817-4818	,	_	_	_	
27-86	4819-4822	che	_	_	_	
27-87	4823-4826	per	_	_	_	
27-88	4827-4833	quanto	_	_	_	
27-89	4834-4838	male	_	_	_	
27-90	4839-4841	io	_	_	_	
27-91	4842-4847	possa	_	_	_	
27-92	4848-4852	dire	_	_	_	
27-93	4853-4856	del	_	_	_	
27-94	4857-4862	paese	_	_	_	
27-95	4862-4863	,	_	_	_	
27-96	4864-4866	io	_	_	_	
27-97	4867-4871	sarò	_	_	_	
27-98	4872-4878	sempre	_	_	_	
27-99	4879-4881	in	_	_	_	
27-100	4882-4889	credito	_	_	_	
27-101	4889-4890	.	_	_	_	

#Text=Accetto senz ' esitazione l ' invito dell ' appetito, m ' assido ad un desco, e mentre il cameriere lo apparecchia, fiuto a larghe nari il prosaico odor d ' arrosto che dalla cucina di sotto saliva in quella sala.
28-1	4891-4898	Accetto	_	_	_	
28-2	4899-4903	senz	_	_	_	
28-3	4904-4905	'	_	_	_	
28-4	4906-4916	esitazione	_	_	_	
28-5	4917-4918	l	_	_	_	
28-6	4919-4920	'	_	_	_	
28-7	4921-4927	invito	_	_	_	
28-8	4928-4932	dell	_	_	_	
28-9	4933-4934	'	_	_	_	
28-10	4935-4943	appetito	_	_	_	
28-11	4943-4944	,	_	_	_	
28-12	4945-4946	m	Perceiver	_	_	
28-13	4947-4948	'	_	_	_	
28-14	4949-4955	assido	_	_	_	
28-15	4956-4958	ad	_	_	_	
28-16	4959-4961	un	_	_	_	
28-17	4962-4967	desco	_	_	_	
28-18	4967-4968	,	_	_	_	
28-19	4969-4970	e	_	_	_	
28-20	4971-4977	mentre	Circumstances[16]	_	_	
28-21	4978-4980	il	Circumstances[16]	_	_	
28-22	4981-4990	cameriere	Circumstances[16]	_	_	
28-23	4991-4993	lo	Circumstances[16]	_	_	
28-24	4994-5005	apparecchia	Circumstances[16]	_	_	
28-25	5005-5006	,	_	_	_	
28-26	5007-5012	fiuto	_	_	_	
28-27	5013-5014	a	_	_	_	
28-28	5015-5021	larghe	_	_	_	
28-29	5022-5026	nari	_	_	_	
28-30	5027-5029	il	_	_	_	
28-31	5030-5038	prosaico	Quality	_	_	
28-32	5039-5043	odor	Smell\_Word	*|*|*|*|*|*	28-33[17_0]|28-37[18_0]|28-42[19_0]|28-12|28-31|28-20[16_0]	
28-33	5044-5045	d	Smell\_Source[17]	_	_	
28-34	5046-5047	'	Smell\_Source[17]	_	_	
28-35	5048-5055	arrosto	Smell\_Source[17]	_	_	
28-36	5056-5059	che	_	_	_	
28-37	5060-5065	dalla	Location[18]	_	_	
28-38	5066-5072	cucina	Location[18]	_	_	
28-39	5073-5075	di	Location[18]	_	_	
28-40	5076-5081	sotto	Location[18]	_	_	
28-41	5082-5088	saliva	_	_	_	
28-42	5089-5091	in	Location[19]	_	_	
28-43	5092-5098	quella	Location[19]	_	_	
28-44	5099-5103	sala	Location[19]	_	_	
28-45	5103-5104	.	_	_	_	

#Text=Dalla finestra io poteva vedere lo scalo affollato dai soliti fannulloni, il lago, e di là le capricciose curve dei monti di Laveno.
29-1	5105-5110	Dalla	_	_	_	
29-2	5111-5119	finestra	_	_	_	
29-3	5120-5122	io	_	_	_	
29-4	5123-5129	poteva	_	_	_	
29-5	5130-5136	vedere	_	_	_	
29-6	5137-5139	lo	_	_	_	
29-7	5140-5145	scalo	_	_	_	
29-8	5146-5155	affollato	_	_	_	
29-9	5156-5159	dai	_	_	_	
29-10	5160-5166	soliti	_	_	_	
29-11	5167-5177	fannulloni	_	_	_	
29-12	5177-5178	,	_	_	_	
29-13	5179-5181	il	_	_	_	
29-14	5182-5186	lago	_	_	_	
29-15	5186-5187	,	_	_	_	
29-16	5188-5189	e	_	_	_	
29-17	5190-5192	di	_	_	_	
29-18	5193-5195	là	_	_	_	
29-19	5196-5198	le	_	_	_	
29-20	5199-5210	capricciose	_	_	_	
29-21	5211-5216	curve	_	_	_	
29-22	5217-5220	dei	_	_	_	
29-23	5221-5226	monti	_	_	_	
29-24	5227-5229	di	_	_	_	
29-25	5230-5236	Laveno	_	_	_	
29-26	5236-5237	.	_	_	_	

#Text=Sennonchè fra lo zingaro ed il resto v ' era una povera melensa creatura, magra, ossuta, spelata, che attelata ad una sbilenca carrettella stava menando i denti in un sacco di fieno più paglia che fieno.
30-1	5238-5247	Sennonchè	_	_	_	
30-2	5248-5251	fra	_	_	_	
30-3	5252-5254	lo	_	_	_	
30-4	5255-5262	zingaro	_	_	_	
30-5	5263-5265	ed	_	_	_	
30-6	5266-5268	il	_	_	_	
30-7	5269-5274	resto	_	_	_	
30-8	5275-5276	v	_	_	_	
30-9	5277-5278	'	_	_	_	
30-10	5279-5282	era	_	_	_	
30-11	5283-5286	una	_	_	_	
30-12	5287-5293	povera	_	_	_	
30-13	5294-5301	melensa	_	_	_	
30-14	5302-5310	creatura	_	_	_	
30-15	5310-5311	,	_	_	_	
30-16	5312-5317	magra	_	_	_	
30-17	5317-5318	,	_	_	_	
30-18	5319-5325	ossuta	_	_	_	
30-19	5325-5326	,	_	_	_	
30-20	5327-5334	spelata	_	_	_	
30-21	5334-5335	,	_	_	_	
30-22	5336-5339	che	_	_	_	
30-23	5340-5348	attelata	_	_	_	
30-24	5349-5351	ad	_	_	_	
30-25	5352-5355	una	_	_	_	
30-26	5356-5364	sbilenca	_	_	_	
30-27	5365-5376	carrettella	_	_	_	
30-28	5377-5382	stava	_	_	_	
30-29	5383-5390	menando	_	_	_	
30-30	5391-5392	i	_	_	_	
30-31	5393-5398	denti	_	_	_	
30-32	5399-5401	in	_	_	_	
30-33	5402-5404	un	_	_	_	
30-34	5405-5410	sacco	_	_	_	
30-35	5411-5413	di	_	_	_	
30-36	5414-5419	fieno	_	_	_	
30-37	5420-5423	più	_	_	_	
30-38	5424-5430	paglia	_	_	_	
30-39	5431-5434	che	_	_	_	
30-40	5435-5440	fieno	_	_	_	
30-41	5440-5441	.	_	_	_	

#Text=È innegabile che l ' appetito riceve un notevole stimolo dalla vista di chi trinca allegramente - in grazia dell ' asino il vostro compagno in attesa di meglio cominciò a mordere in una pagnotta del suo colore.
31-1	5442-5443	È	_	_	_	
31-2	5444-5454	innegabile	_	_	_	
31-3	5455-5458	che	_	_	_	
31-4	5459-5460	l	_	_	_	
31-5	5461-5462	'	_	_	_	
31-6	5463-5471	appetito	_	_	_	
31-7	5472-5478	riceve	_	_	_	
31-8	5479-5481	un	_	_	_	
31-9	5482-5490	notevole	_	_	_	
31-10	5491-5498	stimolo	_	_	_	
31-11	5499-5504	dalla	_	_	_	
31-12	5505-5510	vista	_	_	_	
31-13	5511-5513	di	_	_	_	
31-14	5514-5517	chi	_	_	_	
31-15	5518-5524	trinca	_	_	_	
31-16	5525-5537	allegramente	_	_	_	
31-17	5538-5539	-	_	_	_	
31-18	5540-5542	in	_	_	_	
31-19	5543-5549	grazia	_	_	_	
31-20	5550-5554	dell	_	_	_	
31-21	5555-5556	'	_	_	_	
31-22	5557-5562	asino	_	_	_	
31-23	5563-5565	il	_	_	_	
31-24	5566-5572	vostro	_	_	_	
31-25	5573-5581	compagno	_	_	_	
31-26	5582-5584	in	_	_	_	
31-27	5585-5591	attesa	_	_	_	
31-28	5592-5594	di	_	_	_	
31-29	5595-5601	meglio	_	_	_	
31-30	5602-5610	cominciò	_	_	_	
31-31	5611-5612	a	_	_	_	
31-32	5613-5620	mordere	_	_	_	
31-33	5621-5623	in	_	_	_	
31-34	5624-5627	una	_	_	_	
31-35	5628-5636	pagnotta	_	_	_	
31-36	5637-5640	del	_	_	_	
31-37	5641-5644	suo	_	_	_	
31-38	5645-5651	colore	_	_	_	
31-39	5651-5652	.	_	_	_	

#Text=Mezz ' ora dopo quell ' io che mi rammentava poc ' anzi con sdegno di quel gastronomo, il quale sclamò al finire della mensa lussuriosa: felice chi ha fame!
32-1	5653-5657	Mezz	_	_	_	
32-2	5658-5659	'	_	_	_	
32-3	5660-5663	ora	_	_	_	
32-4	5664-5668	dopo	_	_	_	
32-5	5669-5674	quell	_	_	_	
32-6	5675-5676	'	_	_	_	
32-7	5677-5679	io	_	_	_	
32-8	5680-5683	che	_	_	_	
32-9	5684-5686	mi	_	_	_	
32-10	5687-5697	rammentava	_	_	_	
32-11	5698-5701	poc	_	_	_	
32-12	5702-5703	'	_	_	_	
32-13	5704-5708	anzi	_	_	_	
32-14	5709-5712	con	_	_	_	
32-15	5713-5719	sdegno	_	_	_	
32-16	5720-5722	di	_	_	_	
32-17	5723-5727	quel	_	_	_	
32-18	5728-5738	gastronomo	_	_	_	
32-19	5738-5739	,	_	_	_	
32-20	5740-5742	il	_	_	_	
32-21	5743-5748	quale	_	_	_	
32-22	5749-5755	sclamò	_	_	_	
32-23	5756-5758	al	_	_	_	
32-24	5759-5765	finire	_	_	_	
32-25	5766-5771	della	_	_	_	
32-26	5772-5777	mensa	_	_	_	
32-27	5778-5788	lussuriosa	_	_	_	
32-28	5788-5789	:	_	_	_	
32-29	5790-5796	felice	_	_	_	
32-30	5797-5800	chi	_	_	_	
32-31	5801-5803	ha	_	_	_	
32-32	5804-5808	fame	_	_	_	
32-33	5808-5809	!	_	_	_	

#Text=quell ' io stesso usciva dall ' albergo satollo ed indignatissimo sulla volgare ed animalesca indole del gusto; e sì che se non aveva assaporato i manicaretti più delicati, l ' appetito m ' aveva fatto golosi anche i cibi più anacoretici: l ' asino malsazio coglieva colle labbra penzoloni gli ultimi frusti del pasto insufficiente....
33-1	5810-5815	quell	_	_	_	
33-2	5816-5817	'	_	_	_	
33-3	5818-5820	io	_	_	_	
33-4	5821-5827	stesso	_	_	_	
33-5	5828-5834	usciva	_	_	_	
33-6	5835-5839	dall	_	_	_	
33-7	5840-5841	'	_	_	_	
33-8	5842-5849	albergo	_	_	_	
33-9	5850-5857	satollo	_	_	_	
33-10	5858-5860	ed	_	_	_	
33-11	5861-5875	indignatissimo	_	_	_	
33-12	5876-5881	sulla	_	_	_	
33-13	5882-5889	volgare	_	_	_	
33-14	5890-5892	ed	_	_	_	
33-15	5893-5903	animalesca	_	_	_	
33-16	5904-5910	indole	_	_	_	
33-17	5911-5914	del	_	_	_	
33-18	5915-5920	gusto	_	_	_	
33-19	5920-5921	;	_	_	_	
33-20	5922-5923	e	_	_	_	
33-21	5924-5926	sì	_	_	_	
33-22	5927-5930	che	_	_	_	
33-23	5931-5933	se	_	_	_	
33-24	5934-5937	non	_	_	_	
33-25	5938-5943	aveva	_	_	_	
33-26	5944-5954	assaporato	_	_	_	
33-27	5955-5956	i	_	_	_	
33-28	5957-5968	manicaretti	_	_	_	
33-29	5969-5972	più	_	_	_	
33-30	5973-5981	delicati	_	_	_	
33-31	5981-5982	,	_	_	_	
33-32	5983-5984	l	_	_	_	
33-33	5985-5986	'	_	_	_	
33-34	5987-5995	appetito	_	_	_	
33-35	5996-5997	m	_	_	_	
33-36	5998-5999	'	_	_	_	
33-37	6000-6005	aveva	_	_	_	
33-38	6006-6011	fatto	_	_	_	
33-39	6012-6018	golosi	_	_	_	
33-40	6019-6024	anche	_	_	_	
33-41	6025-6026	i	_	_	_	
33-42	6027-6031	cibi	_	_	_	
33-43	6032-6035	più	_	_	_	
33-44	6036-6047	anacoretici	_	_	_	
33-45	6047-6048	:	_	_	_	
33-46	6049-6050	l	_	_	_	
33-47	6051-6052	'	_	_	_	
33-48	6053-6058	asino	_	_	_	
33-49	6059-6067	malsazio	_	_	_	
33-50	6068-6076	coglieva	_	_	_	
33-51	6077-6082	colle	_	_	_	
33-52	6083-6089	labbra	_	_	_	
33-53	6090-6099	penzoloni	_	_	_	
33-54	6100-6103	gli	_	_	_	
33-55	6104-6110	ultimi	_	_	_	
33-56	6111-6117	frusti	_	_	_	
33-57	6118-6121	del	_	_	_	
33-58	6122-6127	pasto	_	_	_	
33-59	6128-6141	insufficiente	_	_	_	
33-60	6141-6142	.	_	_	_	
33-61	6142-6143	.	_	_	_	
33-62	6143-6144	.	_	_	_	
33-63	6144-6145	.	_	_	_	

#Text=Quel certo gastronomo l ' avrebbe - a pancia tesa - invidiato con ragione, poichè il senso del gusto poco su poco giù desta gli stessi stimoli e dà la stessa soddisfazione all ' uomo ed agli altri animali - non razionalisti.
34-1	6146-6150	Quel	_	_	_	
34-2	6151-6156	certo	_	_	_	
34-3	6157-6167	gastronomo	_	_	_	
34-4	6168-6169	l	_	_	_	
34-5	6170-6171	'	_	_	_	
34-6	6172-6179	avrebbe	_	_	_	
34-7	6180-6181	-	_	_	_	
34-8	6182-6183	a	_	_	_	
34-9	6184-6190	pancia	_	_	_	
34-10	6191-6195	tesa	_	_	_	
34-11	6196-6197	-	_	_	_	
34-12	6198-6207	invidiato	_	_	_	
34-13	6208-6211	con	_	_	_	
34-14	6212-6219	ragione	_	_	_	
34-15	6219-6220	,	_	_	_	
34-16	6221-6227	poichè	_	_	_	
34-17	6228-6230	il	_	_	_	
34-18	6231-6236	senso	_	_	_	
34-19	6237-6240	del	_	_	_	
34-20	6241-6246	gusto	_	_	_	
34-21	6247-6251	poco	_	_	_	
34-22	6252-6254	su	_	_	_	
34-23	6255-6259	poco	_	_	_	
34-24	6260-6263	giù	_	_	_	
34-25	6264-6269	desta	_	_	_	
34-26	6270-6273	gli	_	_	_	
34-27	6274-6280	stessi	_	_	_	
34-28	6281-6288	stimoli	_	_	_	
34-29	6289-6290	e	_	_	_	
34-30	6291-6293	dà	_	_	_	
34-31	6294-6296	la	_	_	_	
34-32	6297-6303	stessa	_	_	_	
34-33	6304-6317	soddisfazione	_	_	_	
34-34	6318-6321	all	_	_	_	
34-35	6322-6323	'	_	_	_	
34-36	6324-6328	uomo	_	_	_	
34-37	6329-6331	ed	_	_	_	
34-38	6332-6336	agli	_	_	_	
34-39	6337-6342	altri	_	_	_	
34-40	6343-6350	animali	_	_	_	
34-41	6351-6352	-	_	_	_	
34-42	6353-6356	non	_	_	_	
34-43	6357-6369	razionalisti	_	_	_	
34-44	6369-6370	.	_	_	_	

#Text=Nella stessa sera di quel giorno incontrai due tomi; mi vollero secoloro a cena, cena largamente inaffiata dai vini meglio spiritosi del Piemonte.
35-1	6371-6376	Nella	_	_	_	
35-2	6377-6383	stessa	_	_	_	
35-3	6384-6388	sera	_	_	_	
35-4	6389-6391	di	_	_	_	
35-5	6392-6396	quel	_	_	_	
35-6	6397-6403	giorno	_	_	_	
35-7	6404-6413	incontrai	_	_	_	
35-8	6414-6417	due	_	_	_	
35-9	6418-6422	tomi	_	_	_	
35-10	6422-6423	;	_	_	_	
35-11	6424-6426	mi	_	_	_	
35-12	6427-6434	vollero	_	_	_	
35-13	6435-6443	secoloro	_	_	_	
35-14	6444-6445	a	_	_	_	
35-15	6446-6450	cena	_	_	_	
35-16	6450-6451	,	_	_	_	
35-17	6452-6456	cena	_	_	_	
35-18	6457-6467	largamente	_	_	_	
35-19	6468-6477	inaffiata	_	_	_	
35-20	6478-6481	dai	_	_	_	
35-21	6482-6486	vini	_	_	_	
35-22	6487-6493	meglio	_	_	_	
35-23	6494-6503	spiritosi	_	_	_	
35-24	6504-6507	del	_	_	_	
35-25	6508-6516	Piemonte	_	_	_	
35-26	6516-6517	.	_	_	_	

#Text=Alla domane mi svegliai tardi, e col capo indolenzito; la prima parola pronunciata da me fu per chiedere dell ' acqua.
#Text=················
#Text=«Non so veramente quanto le dissi - forse quanto le diceva da un anno - ma troppo mi rammento com ' ella all ' inesperto amante, accomiatandolo, dicesse all ' orecchio una parola per cui il povero giovinetto nell ' uscire da quelle stanze, tentennante come un ebbro, fu lì lì per ruzzolare lungo le scale.
36-1	6518-6522	Alla	_	_	_	
36-2	6523-6529	domane	_	_	_	
36-3	6530-6532	mi	_	_	_	
36-4	6533-6541	svegliai	_	_	_	
36-5	6542-6547	tardi	_	_	_	
36-6	6547-6548	,	_	_	_	
36-7	6549-6550	e	_	_	_	
36-8	6551-6554	col	_	_	_	
36-9	6555-6559	capo	_	_	_	
36-10	6560-6571	indolenzito	_	_	_	
36-11	6571-6572	;	_	_	_	
36-12	6573-6575	la	_	_	_	
36-13	6576-6581	prima	_	_	_	
36-14	6582-6588	parola	_	_	_	
36-15	6589-6600	pronunciata	_	_	_	
36-16	6601-6603	da	_	_	_	
36-17	6604-6606	me	_	_	_	
36-18	6607-6609	fu	_	_	_	
36-19	6610-6613	per	_	_	_	
36-20	6614-6622	chiedere	_	_	_	
36-21	6623-6627	dell	_	_	_	
36-22	6628-6629	'	_	_	_	
36-23	6630-6635	acqua	_	_	_	
36-24	6635-6636	.	_	_	_	
36-25	6637-6638	·	_	_	_	
36-26	6638-6639	·	_	_	_	
36-27	6639-6640	·	_	_	_	
36-28	6640-6641	·	_	_	_	
36-29	6641-6642	·	_	_	_	
36-30	6642-6643	·	_	_	_	
36-31	6643-6644	·	_	_	_	
36-32	6644-6645	·	_	_	_	
36-33	6645-6646	·	_	_	_	
36-34	6646-6647	·	_	_	_	
36-35	6647-6648	·	_	_	_	
36-36	6648-6649	·	_	_	_	
36-37	6649-6650	·	_	_	_	
36-38	6650-6651	·	_	_	_	
36-39	6651-6652	·	_	_	_	
36-40	6652-6653	·	_	_	_	
36-41	6654-6655	«	_	_	_	
36-42	6655-6658	Non	_	_	_	
36-43	6659-6661	so	_	_	_	
36-44	6662-6671	veramente	_	_	_	
36-45	6672-6678	quanto	_	_	_	
36-46	6679-6681	le	_	_	_	
36-47	6682-6687	dissi	_	_	_	
36-48	6688-6689	-	_	_	_	
36-49	6690-6695	forse	_	_	_	
36-50	6696-6702	quanto	_	_	_	
36-51	6703-6705	le	_	_	_	
36-52	6706-6712	diceva	_	_	_	
36-53	6713-6715	da	_	_	_	
36-54	6716-6718	un	_	_	_	
36-55	6719-6723	anno	_	_	_	
36-56	6724-6725	-	_	_	_	
36-57	6726-6728	ma	_	_	_	
36-58	6729-6735	troppo	_	_	_	
36-59	6736-6738	mi	_	_	_	
36-60	6739-6747	rammento	_	_	_	
36-61	6748-6751	com	_	_	_	
36-62	6752-6753	'	_	_	_	
36-63	6754-6758	ella	_	_	_	
36-64	6759-6762	all	_	_	_	
36-65	6763-6764	'	_	_	_	
36-66	6765-6774	inesperto	_	_	_	
36-67	6775-6781	amante	_	_	_	
36-68	6781-6782	,	_	_	_	
36-69	6783-6797	accomiatandolo	_	_	_	
36-70	6797-6798	,	_	_	_	
36-71	6799-6806	dicesse	_	_	_	
36-72	6807-6810	all	_	_	_	
36-73	6811-6812	'	_	_	_	
36-74	6813-6821	orecchio	_	_	_	
36-75	6822-6825	una	_	_	_	
36-76	6826-6832	parola	_	_	_	
36-77	6833-6836	per	_	_	_	
36-78	6837-6840	cui	_	_	_	
36-79	6841-6843	il	_	_	_	
36-80	6844-6850	povero	_	_	_	
36-81	6851-6861	giovinetto	_	_	_	
36-82	6862-6866	nell	_	_	_	
36-83	6867-6868	'	_	_	_	
36-84	6869-6875	uscire	_	_	_	
36-85	6876-6878	da	_	_	_	
36-86	6879-6885	quelle	_	_	_	
36-87	6886-6892	stanze	_	_	_	
36-88	6892-6893	,	_	_	_	
36-89	6894-6905	tentennante	_	_	_	
36-90	6906-6910	come	_	_	_	
36-91	6911-6913	un	_	_	_	
36-92	6914-6919	ebbro	_	_	_	
36-93	6919-6920	,	_	_	_	
36-94	6921-6923	fu	_	_	_	
36-95	6924-6926	lì	_	_	_	
36-96	6927-6929	lì	_	_	_	
36-97	6930-6933	per	_	_	_	
36-98	6934-6943	ruzzolare	_	_	_	
36-99	6944-6949	lungo	_	_	_	
36-100	6950-6952	le	_	_	_	
36-101	6953-6958	scale	_	_	_	
36-102	6958-6959	.	_	_	_	

#Text=«Domani!
37-1	6960-6961	«	_	_	_	
37-2	6961-6967	Domani	_	_	_	
37-3	6967-6968	!	_	_	_	

#Text=Rinuncio a descrivervi le vertiginose aberrazioni della mente in quelle eterne ventiquattr ' ore; vi basti il sapere che quello era il primo amore e che d ' amore non aveva pur anco conosciuto altro che i tormenti.....
38-1	6969-6977	Rinuncio	_	_	_	
38-2	6978-6979	a	_	_	_	
38-3	6980-6991	descrivervi	_	_	_	
38-4	6992-6994	le	_	_	_	
38-5	6995-7006	vertiginose	_	_	_	
38-6	7007-7018	aberrazioni	_	_	_	
38-7	7019-7024	della	_	_	_	
38-8	7025-7030	mente	_	_	_	
38-9	7031-7033	in	_	_	_	
38-10	7034-7040	quelle	_	_	_	
38-11	7041-7047	eterne	_	_	_	
38-12	7048-7059	ventiquattr	_	_	_	
38-13	7060-7061	'	_	_	_	
38-14	7062-7065	ore	_	_	_	
38-15	7065-7066	;	_	_	_	
38-16	7067-7069	vi	_	_	_	
38-17	7070-7075	basti	_	_	_	
38-18	7076-7078	il	_	_	_	
38-19	7079-7085	sapere	_	_	_	
38-20	7086-7089	che	_	_	_	
38-21	7090-7096	quello	_	_	_	
38-22	7097-7100	era	_	_	_	
38-23	7101-7103	il	_	_	_	
38-24	7104-7109	primo	_	_	_	
38-25	7110-7115	amore	_	_	_	
38-26	7116-7117	e	_	_	_	
38-27	7118-7121	che	_	_	_	
38-28	7122-7123	d	_	_	_	
38-29	7124-7125	'	_	_	_	
38-30	7126-7131	amore	_	_	_	
38-31	7132-7135	non	_	_	_	
38-32	7136-7141	aveva	_	_	_	
38-33	7142-7145	pur	_	_	_	
38-34	7146-7150	anco	_	_	_	
38-35	7151-7161	conosciuto	_	_	_	
38-36	7162-7167	altro	_	_	_	
38-37	7168-7171	che	_	_	_	
38-38	7172-7173	i	_	_	_	
38-39	7174-7182	tormenti	_	_	_	
38-40	7182-7183	.	_	_	_	
38-41	7183-7184	.	_	_	_	
38-42	7184-7185	.	_	_	_	
38-43	7185-7186	.	_	_	_	
38-44	7186-7187	.	_	_	_	

#Text=Quelle furono ad una le più dolci e le più affannose ore della mia vita: temeva di vedere giunto l ' istante e lo sospirava... povere illusioni d ' un cuore ardente!
39-1	7188-7194	Quelle	_	_	_	
39-2	7195-7201	furono	_	_	_	
39-3	7202-7204	ad	_	_	_	
39-4	7205-7208	una	_	_	_	
39-5	7209-7211	le	_	_	_	
39-6	7212-7215	più	_	_	_	
39-7	7216-7221	dolci	_	_	_	
39-8	7222-7223	e	_	_	_	
39-9	7224-7226	le	_	_	_	
39-10	7227-7230	più	_	_	_	
39-11	7231-7240	affannose	_	_	_	
39-12	7241-7244	ore	_	_	_	
39-13	7245-7250	della	_	_	_	
39-14	7251-7254	mia	_	_	_	
39-15	7255-7259	vita	_	_	_	
39-16	7259-7260	:	_	_	_	
39-17	7261-7267	temeva	_	_	_	
39-18	7268-7270	di	_	_	_	
39-19	7271-7277	vedere	_	_	_	
39-20	7278-7284	giunto	_	_	_	
39-21	7285-7286	l	_	_	_	
39-22	7287-7288	'	_	_	_	
39-23	7289-7296	istante	_	_	_	
39-24	7297-7298	e	_	_	_	
39-25	7299-7301	lo	_	_	_	
39-26	7302-7311	sospirava	_	_	_	
39-27	7311-7312	.	_	_	_	
39-28	7312-7313	.	_	_	_	
39-29	7313-7314	.	_	_	_	
39-30	7315-7321	povere	_	_	_	
39-31	7322-7331	illusioni	_	_	_	
39-32	7332-7333	d	_	_	_	
39-33	7334-7335	'	_	_	_	
39-34	7336-7338	un	_	_	_	
39-35	7339-7344	cuore	_	_	_	
39-36	7345-7352	ardente	_	_	_	
39-37	7352-7353	!	_	_	_	

#Text=. . . . . . . . .
40-1	7354-7355	.	_	_	_	
40-2	7356-7357	.	_	_	_	
40-3	7358-7359	.	_	_	_	
40-4	7360-7361	.	_	_	_	
40-5	7362-7363	.	_	_	_	
40-6	7364-7365	.	_	_	_	
40-7	7366-7367	.	_	_	_	
40-8	7368-7369	.	_	_	_	
40-9	7370-7371	.	_	_	_	

#Text=Alla fantasia che guidava pei campi eterei i sogni immacolati dell ' amore virginale, in quell ' ora fatale si spennarono le ali possenti, e cadde giù turbinando nelle melmose plaghe della materia....»
41-1	7372-7376	Alla	_	_	_	
41-2	7377-7385	fantasia	_	_	_	
41-3	7386-7389	che	_	_	_	
41-4	7390-7397	guidava	_	_	_	
41-5	7398-7401	pei	_	_	_	
41-6	7402-7407	campi	_	_	_	
41-7	7408-7414	eterei	_	_	_	
41-8	7415-7416	i	_	_	_	
41-9	7417-7422	sogni	_	_	_	
41-10	7423-7433	immacolati	_	_	_	
41-11	7434-7438	dell	_	_	_	
41-12	7439-7440	'	_	_	_	
41-13	7441-7446	amore	_	_	_	
41-14	7447-7456	virginale	_	_	_	
41-15	7456-7457	,	_	_	_	
41-16	7458-7460	in	_	_	_	
41-17	7461-7466	quell	_	_	_	
41-18	7467-7468	'	_	_	_	
41-19	7469-7472	ora	_	_	_	
41-20	7473-7479	fatale	_	_	_	
41-21	7480-7482	si	_	_	_	
41-22	7483-7493	spennarono	_	_	_	
41-23	7494-7496	le	_	_	_	
41-24	7497-7500	ali	_	_	_	
41-25	7501-7509	possenti	_	_	_	
41-26	7509-7510	,	_	_	_	
41-27	7511-7512	e	_	_	_	
41-28	7513-7518	cadde	_	_	_	
41-29	7519-7522	giù	_	_	_	
41-30	7523-7533	turbinando	_	_	_	
41-31	7534-7539	nelle	_	_	_	
41-32	7540-7547	melmose	_	_	_	
41-33	7548-7554	plaghe	_	_	_	
41-34	7555-7560	della	_	_	_	
41-35	7561-7568	materia	_	_	_	
41-36	7568-7569	.	_	_	_	
41-37	7569-7570	.	_	_	_	
41-38	7570-7571	.	_	_	_	
41-39	7571-7572	.	_	_	_	
41-40	7572-7573	»	_	_	_	

#Text=Salve, o del cielo primigenia figlia,
#Text=O dell ' Eterno coeterno raggio,
#Text=Se tal nomarti senza biasmo io posso,
#Text=O sacra luce!
42-1	7575-7580	Salve	_	_	_	
42-2	7580-7581	,	_	_	_	
42-3	7582-7583	o	_	_	_	
42-4	7584-7587	del	_	_	_	
42-5	7588-7593	cielo	_	_	_	
42-6	7594-7604	primigenia	_	_	_	
42-7	7605-7611	figlia	_	_	_	
42-8	7611-7612	,	_	_	_	
42-9	7613-7614	O	_	_	_	
42-10	7615-7619	dell	_	_	_	
42-11	7620-7621	'	_	_	_	
42-12	7622-7628	Eterno	_	_	_	
42-13	7629-7637	coeterno	_	_	_	
42-14	7638-7644	raggio	_	_	_	
42-15	7644-7645	,	_	_	_	
42-16	7646-7648	Se	_	_	_	
42-17	7649-7652	tal	_	_	_	
42-18	7653-7660	nomarti	_	_	_	
42-19	7661-7666	senza	_	_	_	
42-20	7667-7673	biasmo	_	_	_	
42-21	7674-7676	io	_	_	_	
42-22	7677-7682	posso	_	_	_	
42-23	7682-7683	,	_	_	_	
42-24	7684-7685	O	_	_	_	
42-25	7686-7691	sacra	_	_	_	
42-26	7692-7696	luce	_	_	_	
42-27	7696-7697	!	_	_	_	
