#FORMAT=WebAnno TSV 3.3
#T_SP=custom.Span|label
#T_RL=custom.Relation|label|BT_custom.Span


#Text=plantar.
1-1	0-7	plantar	_	_	_	
1-2	7-8	.	_	_	_	

#Text=univerſ.
#Text=lib.
#Text=8. cap.
#Text=1.
2-1	10-17	univerſ	_	_	_	
2-2	17-18	.	_	_	_	
2-3	19-22	lib	_	_	_	
2-4	22-23	.	_	_	_	
2-5	24-25	8	_	_	_	
2-6	25-26	.	_	_	_	
2-7	27-30	cap	_	_	_	
2-8	30-31	.	_	_	_	
2-9	32-33	1	_	_	_	
2-10	33-34	.	_	_	_	

#Text=Lobet unſer
#Text=Statt Baſel
#Text=
#Text=wegen jhrer ſchoͤnen Lindenbaͤumen alſo.
3-1	35-40	Lobet	_	_	_	
3-2	41-46	unſer	_	_	_	
3-3	47-52	Statt	_	_	_	
3-4	53-58	Baſel	_	_	_	
3-5	60-65	wegen	_	_	_	
3-6	66-71	jhrer	_	_	_	
3-7	72-80	ſchoͤnen	_	_	_	
3-8	81-94	Lindenbaͤumen	_	_	_	
3-9	95-99	alſo	_	_	_	
3-10	99-100	.	_	_	_	

#Text=Die Statt Baſel triumphieret mit der an-
#Text=zahl und luſt jhrer Lindenbaͤumen neben
#Text=den edelſten Gaben der Natur/ die ſie beſi-
#Text=tzet.
4-1	103-106	Die	_	_	_	
4-2	107-112	Statt	_	_	_	
4-3	113-118	Baſel	_	_	_	
4-4	119-131	triumphieret	_	_	_	
4-5	132-135	mit	_	_	_	
4-6	136-139	der	_	_	_	
4-7	140-142	an	_	_	_	
4-8	142-143	-	_	_	_	
4-9	144-148	zahl	_	_	_	
4-10	149-152	und	_	_	_	
4-11	153-157	luſt	_	_	_	
4-12	158-163	jhrer	_	_	_	
4-13	164-177	Lindenbaͤumen	_	_	_	
4-14	178-183	neben	_	_	_	
4-15	184-187	den	_	_	_	
4-16	188-196	edelſten	_	_	_	
4-17	197-202	Gaben	_	_	_	
4-18	203-206	der	_	_	_	
4-19	207-212	Natur	_	_	_	
4-20	212-213	/	_	_	_	
4-21	214-217	die	_	_	_	
4-22	218-221	ſie	_	_	_	
4-23	222-226	beſi	_	_	_	
4-24	226-227	-	_	_	_	
4-25	228-232	tzet	_	_	_	
4-26	232-233	.	_	_	_	

#Text=Alda ſihet man etliche Schau-plaͤtz mit
#Text=ſolchen Baͤumen beſetzt/ als die fuͤrnemſte
#Text=
#Text=Zier dieſer anmuͤtigſten Statt/ denn der
#Text=gantze Brachmonat/ mit dem halben theil
#Text=des Meyens/ treibet
#Text=oͤffters den lieblichen
#Text=geruch der Blumen durch die Statt/ nicht
#Text=ohne groſſe erluſtigung der Jnwohneren
#Text=und Außlaͤndiſchen.
5-1	234-238	Alda	_	_	_	
5-2	239-244	ſihet	_	_	_	
5-3	245-248	man	_	_	_	
5-4	249-256	etliche	_	_	_	
5-5	257-269	Schau-plaͤtz	_	_	_	
5-6	270-273	mit	_	_	_	
5-7	274-281	ſolchen	_	_	_	
5-8	282-289	Baͤumen	_	_	_	
5-9	290-297	beſetzt	_	_	_	
5-10	297-298	/	_	_	_	
5-11	299-302	als	_	_	_	
5-12	303-306	die	_	_	_	
5-13	307-317	fuͤrnemſte	_	_	_	
5-14	319-323	Zier	_	_	_	
5-15	324-330	dieſer	_	_	_	
5-16	331-343	anmuͤtigſten	_	_	_	
5-17	344-349	Statt	_	_	_	
5-18	349-350	/	_	_	_	
5-19	351-355	denn	_	_	_	
5-20	356-359	der	Time[1]	_	_	
5-21	360-366	gantze	Time[1]	_	_	
5-22	367-377	Brachmonat	Time[1]	_	_	
5-23	377-378	/	Time[1]	_	_	
5-24	379-382	mit	Time[1]	_	_	
5-25	383-386	dem	Time[1]	_	_	
5-26	387-393	halben	Time[1]	_	_	
5-27	394-399	theil	Time[1]	_	_	
5-28	400-403	des	Time[1]	_	_	
5-29	404-410	Meyens	Time[1]	_	_	
5-30	410-411	/	_	_	_	
5-31	412-419	treibet	_	_	_	
5-32	420-428	oͤffters	Time	_	_	
5-33	429-432	den	_	_	_	
5-34	433-443	lieblichen	Quality	_	_	
5-35	444-450	geruch	Smell\_Word	*|*|*|*|*|*|*|*	5-34|5-37|5-32|5-20[1_0]|5-38[2_0]|5-45[3_0]|5-47[4_0]|5-49[5_0]	
5-36	451-454	der	_	_	_	
5-37	455-461	Blumen	Smell\_Source	_	_	
5-38	462-467	durch	Location[2]	_	_	
5-39	468-471	die	Location[2]	_	_	
5-40	472-477	Statt	Location[2]	_	_	
5-41	477-478	/	_	_	_	
5-42	479-484	nicht	_	_	_	
5-43	485-489	ohne	_	_	_	
5-44	490-496	groſſe	_	_	_	
5-45	497-508	erluſtigung	Effect[3]	_	_	
5-46	509-512	der	Effect[3]	_	_	
5-47	513-523	Jnwohneren	Effect[3]|Perceiver[4]	_	_	
5-48	524-527	und	Effect[3]	_	_	
5-49	528-542	Außlaͤndiſchen	Effect[3]|Perceiver[5]	_	_	
5-50	542-543	.	_	_	_	

#Text=Vor anderen aber iſt
#Text=derjenige Lindenbaum als ein ſonderliches
#Text=Gartner-Kunſt-ſtuck bereitet/
#Text=welcher neben
#Text=der Thumkirch als in einem Koͤniglichen
#Text=Luſt-garten/ oder maͤchtigen Bollwerck (ſo
#Text=man gemeiniglich die Pfaltz nennt) in der
#Text=mitte ſtehet/
#Text=alda jederman/ nicht allein die
#Text=herumbligende Landſchafften/ ſondern auch
#Text=den Rhein/ wie er beyde Staͤtt ſcheidende
#Text=
#Text=vorbey flieſſet/ mit ſonderbahrer ergetzlich-
#Text=keit anſchawet.
6-1	544-547	Vor	_	_	_	
6-2	548-555	anderen	_	_	_	
6-3	556-560	aber	_	_	_	
6-4	561-564	iſt	_	_	_	
6-5	565-574	derjenige	_	_	_	
6-6	575-585	Lindenbaum	_	_	_	
6-7	586-589	als	_	_	_	
6-8	590-593	ein	_	_	_	
6-9	594-606	ſonderliches	_	_	_	
6-10	607-626	Gartner-Kunſt-ſtuck	_	_	_	
6-11	627-635	bereitet	_	_	_	
6-12	635-636	/	_	_	_	
6-13	637-644	welcher	_	_	_	
6-14	645-650	neben	_	_	_	
6-15	651-654	der	_	_	_	
6-16	655-664	Thumkirch	_	_	_	
6-17	665-668	als	_	_	_	
6-18	669-671	in	_	_	_	
6-19	672-677	einem	_	_	_	
6-20	678-690	Koͤniglichen	_	_	_	
6-21	691-702	Luſt-garten	_	_	_	
6-22	702-703	/	_	_	_	
6-23	704-708	oder	_	_	_	
6-24	709-719	maͤchtigen	_	_	_	
6-25	720-729	Bollwerck	_	_	_	
6-26	730-731	(	_	_	_	
6-27	731-733	ſo	_	_	_	
6-28	734-737	man	_	_	_	
6-29	738-750	gemeiniglich	_	_	_	
6-30	751-754	die	_	_	_	
6-31	755-761	Pfaltz	_	_	_	
6-32	762-767	nennt	_	_	_	
6-33	767-768	)	_	_	_	
6-34	769-771	in	_	_	_	
6-35	772-775	der	_	_	_	
6-36	776-781	mitte	_	_	_	
6-37	782-788	ſtehet	_	_	_	
6-38	788-789	/	_	_	_	
6-39	790-794	alda	_	_	_	
6-40	795-803	jederman	_	_	_	
6-41	803-804	/	_	_	_	
6-42	805-810	nicht	_	_	_	
6-43	811-817	allein	_	_	_	
6-44	818-821	die	_	_	_	
6-45	822-835	herumbligende	_	_	_	
6-46	836-849	Landſchafften	_	_	_	
6-47	849-850	/	_	_	_	
6-48	851-858	ſondern	_	_	_	
6-49	859-863	auch	_	_	_	
6-50	864-867	den	_	_	_	
6-51	868-873	Rhein	_	_	_	
6-52	873-874	/	_	_	_	
6-53	875-878	wie	_	_	_	
6-54	879-881	er	_	_	_	
6-55	882-887	beyde	_	_	_	
6-56	888-894	Staͤtt	_	_	_	
6-57	895-905	ſcheidende	_	_	_	
6-58	907-913	vorbey	_	_	_	
6-59	914-922	flieſſet	_	_	_	
6-60	922-923	/	_	_	_	
6-61	924-927	mit	_	_	_	
6-62	928-940	ſonderbahrer	_	_	_	
6-63	941-951	ergetzlich	_	_	_	
6-64	951-952	-	_	_	_	
6-65	953-957	keit	_	_	_	
6-66	958-967	anſchawet	_	_	_	
6-67	967-968	.	_	_	_	

#Text=Jn vielen orten Teutſchlands pflegt man
#Text=die aͤſte des Lindenbaums nach der ordnung
#Text=in die weite außzubreiten/ und mit pfaͤlen
#Text=zubefeſtigen/ damit under jhrem ſchatten/
#Text=
#Text=welcher vor allen Baͤumen der geſundeſte
#Text=ſeyn ſoll/
#Text=die Menſchen in dem Som̃er ſich
#Text=erluſtigen koͤnnen/ daher der Lateine verß
#Text=
#Text=lautet:
#Text=
#Text=Filia ſub tilia ducit ſubtilia fila.
7-1	972-974	Jn	_	_	_	
7-2	975-981	vielen	_	_	_	
7-3	982-987	orten	_	_	_	
7-4	988-1000	Teutſchlands	_	_	_	
7-5	1001-1007	pflegt	_	_	_	
7-6	1008-1011	man	_	_	_	
7-7	1012-1015	die	_	_	_	
7-8	1016-1021	aͤſte	_	_	_	
7-9	1022-1025	des	_	_	_	
7-10	1026-1037	Lindenbaums	_	_	_	
7-11	1038-1042	nach	_	_	_	
7-12	1043-1046	der	_	_	_	
7-13	1047-1054	ordnung	_	_	_	
7-14	1055-1057	in	_	_	_	
7-15	1058-1061	die	_	_	_	
7-16	1062-1067	weite	_	_	_	
7-17	1068-1080	außzubreiten	_	_	_	
7-18	1080-1081	/	_	_	_	
7-19	1082-1085	und	_	_	_	
7-20	1086-1089	mit	_	_	_	
7-21	1090-1097	pfaͤlen	_	_	_	
7-22	1098-1110	zubefeſtigen	_	_	_	
7-23	1110-1111	/	_	_	_	
7-24	1112-1117	damit	_	_	_	
7-25	1118-1123	under	_	_	_	
7-26	1124-1129	jhrem	_	_	_	
7-27	1130-1138	ſchatten	_	_	_	
7-28	1138-1139	/	_	_	_	
7-29	1141-1148	welcher	_	_	_	
7-30	1149-1152	vor	_	_	_	
7-31	1153-1158	allen	_	_	_	
7-32	1159-1166	Baͤumen	_	_	_	
7-33	1167-1170	der	_	_	_	
7-34	1171-1181	geſundeſte	_	_	_	
7-35	1182-1186	ſeyn	_	_	_	
7-36	1187-1191	ſoll	_	_	_	
7-37	1191-1192	/	_	_	_	
7-38	1193-1196	die	_	_	_	
7-39	1197-1205	Menſchen	_	_	_	
7-40	1206-1208	in	_	_	_	
7-41	1209-1212	dem	_	_	_	
7-42	1213-1219	Som̃er	_	_	_	
7-43	1220-1224	ſich	_	_	_	
7-44	1225-1235	erluſtigen	_	_	_	
7-45	1236-1243	koͤnnen	_	_	_	
7-46	1243-1244	/	_	_	_	
7-47	1245-1250	daher	_	_	_	
7-48	1251-1254	der	_	_	_	
7-49	1255-1262	Lateine	_	_	_	
7-50	1263-1267	verß	_	_	_	
7-51	1269-1275	lautet	_	_	_	
7-52	1275-1276	:	_	_	_	
7-53	1278-1283	Filia	_	_	_	
7-54	1284-1287	ſub	_	_	_	
7-55	1288-1293	tilia	_	_	_	
7-56	1294-1299	ducit	_	_	_	
7-57	1300-1308	ſubtilia	_	_	_	
7-58	1309-1313	fila	_	_	_	
7-59	1313-1314	.	_	_	_	
