#FORMAT=WebAnno TSV 3.3


#Text=I. c.
1-1	2-3	I	
1-2	3-4	.	
1-3	5-6	c	
1-4	6-7	.	

#Text=Idem fieri ex propria experientia teftatur POPPIVS in medecin.
#Text=chemic.
#Text=p. 419 et 513.
2-1	9-13	Idem	
2-2	14-19	fieri	
2-3	20-22	ex	
2-4	23-30	propria	
2-5	31-42	experientia	
2-6	43-51	teftatur	
2-7	52-59	POPPIVS	
2-8	60-62	in	
2-9	63-70	medecin	
2-10	70-71	.	
2-11	72-78	chemic	
2-12	78-79	.	
2-13	80-81	p	
2-14	81-82	.	
2-15	83-86	419	
2-16	87-89	et	
2-17	90-93	513	
2-18	93-94	.	

#Text=Croci odorem et colorem sulphura vitrioli ex capit: mort.
#Text=cum fale ammoniaco praeparata aemulari CRAMERVS' Libr. cit.
#Text=teftatur p. 83 Idem Auctor ex Michaele sulphur antimonii mofchum odore aemulans allegat.
#Text=p. 63.
3-1	95-100	Croci	
3-2	101-107	odorem	
3-3	108-110	et	
3-4	111-118	colorem	
3-5	119-127	sulphura	
3-6	128-136	vitrioli	
3-7	137-139	ex	
3-8	140-145	capit	
3-9	145-146	:	
3-10	147-151	mort	
3-11	151-152	.	
3-12	153-156	cum	
3-13	157-161	fale	
3-14	162-171	ammoniaco	
3-15	172-182	praeparata	
3-16	183-191	aemulari	
3-17	192-200	CRAMERVS	
3-18	200-201	'	
3-19	202-206	Libr	
3-20	206-207	.	
3-21	208-211	cit	
3-22	211-212	.	
3-23	213-221	teftatur	
3-24	222-223	p	
3-25	223-224	.	
3-26	225-227	83	
3-27	228-232	Idem	
3-28	233-239	Auctor	
3-29	240-242	ex	
3-30	243-251	Michaele	
3-31	252-259	sulphur	
3-32	260-269	antimonii	
3-33	270-277	mofchum	
3-34	278-283	odore	
3-35	284-292	aemulans	
3-36	293-300	allegat	
3-37	300-301	.	
3-38	302-303	p	
3-39	303-304	.	
3-40	305-307	63	
3-41	307-308	.	

#Text=Sic quoque ex antimonio et mercurio odorem fuauiffimum liliorum et narcissorum odori fimilem e. lici posse, dam eorum fulphur recluditur ex propria experientia affirmat POPPIVS Libr. cit.
#Text=p. 514.
4-1	309-312	Sic	
4-2	313-319	quoque	
4-3	320-322	ex	
4-4	323-332	antimonio	
4-5	333-335	et	
4-6	336-344	mercurio	
4-7	345-351	odorem	
4-8	352-363	fuauiffimum	
4-9	364-372	liliorum	
4-10	373-375	et	
4-11	376-387	narcissorum	
4-12	388-393	odori	
4-13	394-401	fimilem	
4-14	402-403	e	
4-15	403-404	.	
4-16	405-409	lici	
4-17	410-415	posse	
4-18	415-416	,	
4-19	417-420	dam	
4-20	421-426	eorum	
4-21	427-434	fulphur	
4-22	435-445	recluditur	
4-23	446-448	ex	
4-24	449-456	propria	
4-25	457-468	experientia	
4-26	469-477	affirmat	
4-27	478-485	POPPIVS	
4-28	486-490	Libr	
4-29	490-491	.	
4-30	492-495	cit	
4-31	495-496	.	
4-32	497-498	p	
4-33	498-499	.	
4-34	500-503	514	
4-35	503-504	.	

#Text=Densiflimos lapides et metalla odorata esse, si vel per frictum vel per folutionem infl.
#Text=et salinae partes foluantur iam BOYLEVS et poft eum HALLERVS L. o. annotauit, Nouissimum experimentum nuper demum mihi innotuit de silice, quod Auctor miscellaneorurn chemiae Curiae Regnit: impressorum fecit p. 109. qui fpiritum ex filice igne ficco destillatum faepius repetita cohobatione eo reduxit, vt ambrae odorem nactus fit.
5-1	505-516	Densiflimos	
5-2	517-524	lapides	
5-3	525-527	et	
5-4	528-535	metalla	
5-5	536-543	odorata	
5-6	544-548	esse	
5-7	548-549	,	
5-8	550-552	si	
5-9	553-556	vel	
5-10	557-560	per	
5-11	561-568	frictum	
5-12	569-572	vel	
5-13	573-576	per	
5-14	577-587	folutionem	
5-15	588-592	infl	
5-16	592-593	.	
5-17	594-596	et	
5-18	597-604	salinae	
5-19	605-611	partes	
5-20	612-621	foluantur	
5-21	622-625	iam	
5-22	626-633	BOYLEVS	
5-23	634-636	et	
5-24	637-641	poft	
5-25	642-645	eum	
5-26	646-654	HALLERVS	
5-27	655-656	L	
5-28	656-657	.	
5-29	658-659	o	
5-30	659-660	.	
5-31	661-670	annotauit	
5-32	670-671	,	
5-33	672-682	Nouissimum	
5-34	683-695	experimentum	
5-35	696-701	nuper	
5-36	702-707	demum	
5-37	708-712	mihi	
5-38	713-721	innotuit	
5-39	722-724	de	
5-40	725-731	silice	
5-41	731-732	,	
5-42	733-737	quod	
5-43	738-744	Auctor	
5-44	745-760	miscellaneorurn	
5-45	761-768	chemiae	
5-46	769-775	Curiae	
5-47	776-782	Regnit	
5-48	782-783	:	
5-49	784-795	impressorum	
5-50	796-801	fecit	
5-51	802-803	p	
5-52	803-804	.	
5-53	805-808	109	
5-54	808-809	.	
5-55	810-813	qui	
5-56	814-822	fpiritum	
5-57	823-825	ex	
5-58	826-832	filice	
5-59	833-837	igne	
5-60	838-843	ficco	
5-61	844-855	destillatum	
5-62	856-863	faepius	
5-63	864-872	repetita	
5-64	873-884	cohobatione	
5-65	885-887	eo	
5-66	888-895	reduxit	
5-67	895-896	,	
5-68	897-899	vt	
5-69	900-906	ambrae	
5-70	907-913	odorem	
5-71	914-920	nactus	
5-72	921-924	fit	
5-73	924-925	.	

#Text=Sed non mirum cum filex et ambra in quibusdam partibus conueniant.
6-1	926-929	Sed	
6-2	930-933	non	
6-3	934-939	mirum	
6-4	940-943	cum	
6-5	944-949	filex	
6-6	950-952	et	
6-7	953-958	ambra	
6-8	959-961	in	
6-9	962-971	quibusdam	
6-10	972-980	partibus	
6-11	981-991	conueniant	
6-12	991-992	.	

#Text=Licet E. hoc loco propter angustiam libel.
#Text=li discuti non poffit cur tam diuersi fensus odores ex mineralibus euoluantur; id tamen certum est, omnes eiusmodi odores magis с
#Text=
#Text=ad
#Text=
#Text=
#Text=
#Text=
#Text=
#Text=ad ambrofiacum quam alium quendam odorem referri debere et hunc ideo oriri, quia fulphur mineralium per menftruum elicitur et volatilisatur, et hoc fulphur ideo blandum eft, quia terrae viscofae non vero ignis vires in eo abundant: fi quis vero et horum diuerforum odorum difcrimina ex vno genere orta vlterius difquirere cupit, confideret tantum fal efsentiale in menstruo et metallo, num magis vitriolicum, vel nitrofum magis, vel magis mercuriale fit, et videbit, quod ex hoc principio plurima odorum discrimina intelligi poffint.
7-1	993-998	Licet	
7-2	999-1000	E	
7-3	1000-1001	.	
7-4	1002-1005	hoc	
7-5	1006-1010	loco	
7-6	1011-1018	propter	
7-7	1019-1028	angustiam	
7-8	1029-1034	libel	
7-9	1034-1035	.	
7-10	1036-1038	li	
7-11	1039-1046	discuti	
7-12	1047-1050	non	
7-13	1051-1057	poffit	
7-14	1058-1061	cur	
7-15	1062-1065	tam	
7-16	1066-1073	diuersi	
7-17	1074-1080	fensus	
7-18	1081-1087	odores	
7-19	1088-1090	ex	
7-20	1091-1102	mineralibus	
7-21	1103-1113	euoluantur	
7-22	1113-1114	;	
7-23	1115-1117	id	
7-24	1118-1123	tamen	
7-25	1124-1130	certum	
7-26	1131-1134	est	
7-27	1134-1135	,	
7-28	1136-1141	omnes	
7-29	1142-1150	eiusmodi	
7-30	1151-1157	odores	
7-31	1158-1163	magis	
7-32	1164-1165	с	
7-33	1167-1169	ad	
7-34	1175-1177	ad	
7-35	1178-1189	ambrofiacum	
7-36	1190-1194	quam	
7-37	1195-1200	alium	
7-38	1201-1208	quendam	
7-39	1209-1215	odorem	
7-40	1216-1223	referri	
7-41	1224-1230	debere	
7-42	1231-1233	et	
7-43	1234-1238	hunc	
7-44	1239-1243	ideo	
7-45	1244-1249	oriri	
7-46	1249-1250	,	
7-47	1251-1255	quia	
7-48	1256-1263	fulphur	
7-49	1264-1274	mineralium	
7-50	1275-1278	per	
7-51	1279-1288	menftruum	
7-52	1289-1297	elicitur	
7-53	1298-1300	et	
7-54	1301-1314	volatilisatur	
7-55	1314-1315	,	
7-56	1316-1318	et	
7-57	1319-1322	hoc	
7-58	1323-1330	fulphur	
7-59	1331-1335	ideo	
7-60	1336-1343	blandum	
7-61	1344-1347	eft	
7-62	1347-1348	,	
7-63	1349-1353	quia	
7-64	1354-1360	terrae	
7-65	1361-1369	viscofae	
7-66	1370-1373	non	
7-67	1374-1378	vero	
7-68	1379-1384	ignis	
7-69	1385-1390	vires	
7-70	1391-1393	in	
7-71	1394-1396	eo	
7-72	1397-1405	abundant	
7-73	1405-1406	:	
7-74	1407-1409	fi	
7-75	1410-1414	quis	
7-76	1415-1419	vero	
7-77	1420-1422	et	
7-78	1423-1428	horum	
7-79	1429-1439	diuerforum	
7-80	1440-1446	odorum	
7-81	1447-1457	difcrimina	
7-82	1458-1460	ex	
7-83	1461-1464	vno	
7-84	1465-1471	genere	
7-85	1472-1476	orta	
7-86	1477-1485	vlterius	
7-87	1486-1496	difquirere	
7-88	1497-1502	cupit	
7-89	1502-1503	,	
7-90	1504-1514	confideret	
7-91	1515-1521	tantum	
7-92	1522-1525	fal	
7-93	1526-1536	efsentiale	
7-94	1537-1539	in	
7-95	1540-1548	menstruo	
7-96	1549-1551	et	
7-97	1552-1559	metallo	
7-98	1559-1560	,	
7-99	1561-1564	num	
7-100	1565-1570	magis	
7-101	1571-1582	vitriolicum	
7-102	1582-1583	,	
7-103	1584-1587	vel	
7-104	1588-1596	nitrofum	
7-105	1597-1602	magis	
7-106	1602-1603	,	
7-107	1604-1607	vel	
7-108	1608-1613	magis	
7-109	1614-1624	mercuriale	
7-110	1625-1628	fit	
7-111	1628-1629	,	
7-112	1630-1632	et	
7-113	1633-1640	videbit	
7-114	1640-1641	,	
7-115	1642-1646	quod	
7-116	1647-1649	ex	
7-117	1650-1653	hoc	
7-118	1654-1663	principio	
7-119	1664-1671	plurima	
7-120	1672-1678	odorum	
7-121	1679-1689	discrimina	
7-122	1690-1699	intelligi	
7-123	1700-1707	poffint	
7-124	1707-1708	.	

#Text=E, odori ambrosiaco id perpetuum eft, vt contineat varium fat effentiale per infl: partes blandas dulcificatum, Sed prout fal effentiale diuersum est, ita quoque ipse odor diuersus eft in diuerfis Regnis.
8-1	1709-1710	E	
8-2	1710-1711	,	
8-3	1712-1717	odori	
8-4	1718-1728	ambrosiaco	
8-5	1729-1731	id	
8-6	1732-1741	perpetuum	
8-7	1742-1745	eft	
8-8	1745-1746	,	
8-9	1747-1749	vt	
8-10	1750-1759	contineat	
8-11	1760-1766	varium	
8-12	1767-1770	fat	
8-13	1771-1781	effentiale	
8-14	1782-1785	per	
8-15	1786-1790	infl	
8-16	1790-1791	:	
8-17	1792-1798	partes	
8-18	1799-1806	blandas	
8-19	1807-1819	dulcificatum	
8-20	1819-1820	,	
8-21	1821-1824	Sed	
8-22	1825-1830	prout	
8-23	1831-1834	fal	
8-24	1835-1845	effentiale	
8-25	1846-1854	diuersum	
8-26	1855-1858	est	
8-27	1858-1859	,	
8-28	1860-1863	ita	
8-29	1864-1870	quoque	
8-30	1871-1875	ipse	
8-31	1876-1880	odor	
8-32	1881-1889	diuersus	
8-33	1890-1893	eft	
8-34	1894-1896	in	
8-35	1897-1905	diuerfis	
8-36	1906-1912	Regnis	
8-37	1912-1913	.	

#Text=Sed proprium aliquod genus odorum eft Odor balsamicus: qui in balsamis natiuis, in multis radicibus plantarum umbelliferarum indigenarum et fuccis rad.
#Text=exoticarum fcilicet in Gummi re finofis ex ferulaceis, in arboribus refinofis, in plantis quoque piceis e. g. chamaepity eft.
9-1	1914-1917	Sed	
9-2	1918-1926	proprium	
9-3	1927-1934	aliquod	
9-4	1935-1940	genus	
9-5	1941-1947	odorum	
9-6	1948-1951	eft	
9-7	1952-1956	Odor	
9-8	1957-1967	balsamicus	
9-9	1967-1968	:	
9-10	1969-1972	qui	
9-11	1973-1975	in	
9-12	1976-1984	balsamis	
9-13	1985-1992	natiuis	
9-14	1992-1993	,	
9-15	1994-1996	in	
9-16	1997-2003	multis	
9-17	2004-2013	radicibus	
9-18	2014-2023	plantarum	
9-19	2024-2038	umbelliferarum	
9-20	2039-2050	indigenarum	
9-21	2051-2053	et	
9-22	2054-2060	fuccis	
9-23	2061-2064	rad	
9-24	2064-2065	.	
9-25	2066-2076	exoticarum	
9-26	2077-2085	fcilicet	
9-27	2086-2088	in	
9-28	2089-2094	Gummi	
9-29	2095-2097	re	
9-30	2098-2105	finofis	
9-31	2106-2108	ex	
9-32	2109-2119	ferulaceis	
9-33	2119-2120	,	
9-34	2121-2123	in	
9-35	2124-2133	arboribus	
9-36	2134-2143	refinofis	
9-37	2143-2144	,	
9-38	2145-2147	in	
9-39	2148-2155	plantis	
9-40	2156-2162	quoque	
9-41	2163-2169	piceis	
9-42	2170-2171	e	
9-43	2171-2172	.	
9-44	2173-2174	g	
9-45	2174-2175	.	
9-46	2176-2186	chamaepity	
9-47	2187-2190	eft	
9-48	2190-2191	.	

#Text=Omni balsamico id proprium eft, vt resinam aeque ac oleum habeat, i. e. oleum mobile aeque ac coa gulatum.
10-1	2192-2196	Omni	
10-2	2197-2206	balsamico	
10-3	2207-2209	id	
10-4	2210-2218	proprium	
10-5	2219-2222	eft	
10-6	2222-2223	,	
10-7	2224-2226	vt	
10-8	2227-2234	resinam	
10-9	2235-2240	aeque	
10-10	2241-2243	ac	
10-11	2244-2249	oleum	
10-12	2250-2256	habeat	
10-13	2256-2257	,	
10-14	2258-2259	i	
10-15	2259-2260	.	
10-16	2261-2262	e	
10-17	2262-2263	.	
10-18	2264-2269	oleum	
10-19	2270-2276	mobile	
10-20	2277-2282	aeque	
10-21	2283-2285	ac	
10-22	2286-2289	coa	
10-23	2290-2297	gulatum	
10-24	2297-2298	.	

#Text=Nunc caufa, cur oleum et fal olei coaguletur, eft terra quaedam figens, pinguis, arenosa et terra falis marini.
11-1	2299-2303	Nunc	
11-2	2304-2309	caufa	
11-3	2309-2310	,	
11-4	2311-2314	cur	
11-5	2315-2320	oleum	
11-6	2321-2323	et	
11-7	2324-2327	fal	
11-8	2328-2332	olei	
11-9	2333-2343	coaguletur	
11-10	2343-2344	,	
11-11	2345-2348	eft	
11-12	2349-2354	terra	
11-13	2355-2362	quaedam	
11-14	2363-2369	figens	
11-15	2369-2370	,	
11-16	2371-2378	pinguis	
11-17	2378-2379	,	
11-18	2380-2387	arenosa	
11-19	2388-2390	et	
11-20	2391-2396	terra	
11-21	2397-2402	falis	
11-22	2403-2409	marini	
11-23	2409-2410	.	

#Text=E. fi.
12-1	2411-2412	E	
12-2	2412-2413	.	
12-3	2414-2416	fi	
12-4	2416-2417	.	
