#FORMAT=WebAnno TSV 3.3


#Text=groen zyn, doch bruin worden naar maate der rypheid.
1-1	8-13	groen	
1-2	14-17	zyn	
1-3	17-18	,	
1-4	19-23	doch	
1-5	24-29	bruin	
1-6	30-36	worden	
1-7	37-41	naar	
1-8	42-47	maate	
1-9	48-51	der	
1-10	52-59	rypheid	
1-11	59-60	.	

#Text=Dezelven zyn vervuld met 
#Text=graeuw vleesch, welk kleine vruchten, bevat, ten naasten by als boonen, die in den 
#Text=beginne redelyk malsch, en paars van kleur zyn, en eenen zeer aangenaamen
#Text=
#Text=rynschen smaak hebben.
2-1	61-69	Dezelven	
2-2	70-73	zyn	
2-3	74-81	vervuld	
2-4	82-85	met	
2-5	87-93	graeuw	
2-6	94-101	vleesch	
2-7	101-102	,	
2-8	103-107	welk	
2-9	108-114	kleine	
2-10	115-123	vruchten	
2-11	123-124	,	
2-12	125-130	bevat	
2-13	130-131	,	
2-14	132-135	ten	
2-15	136-143	naasten	
2-16	144-146	by	
2-17	147-150	als	
2-18	151-157	boonen	
2-19	157-158	,	
2-20	159-162	die	
2-21	163-165	in	
2-22	166-169	den	
2-23	171-178	beginne	
2-24	179-186	redelyk	
2-25	187-193	malsch	
2-26	193-194	,	
2-27	195-197	en	
2-28	198-203	paars	
2-29	204-207	van	
2-30	208-213	kleur	
2-31	214-217	zyn	
2-32	217-218	,	
2-33	219-221	en	
2-34	222-227	eenen	
2-35	228-232	zeer	
2-36	233-244	aangenaamen	
2-37	246-254	rynschen	
2-38	255-260	smaak	
2-39	261-267	hebben	
2-40	267-268	.	

#Text=Deze vruchten worden geconfyt, in haar geheel, of zonder de doppen, wel voor 
#Text=dat zy ryp, doch altyd voor dat zy droog zyn.
3-1	273-277	Deze	
3-2	278-286	vruchten	
3-3	287-293	worden	
3-4	294-302	geconfyt	
3-5	302-303	,	
3-6	304-306	in	
3-7	307-311	haar	
3-8	312-318	geheel	
3-9	318-319	,	
3-10	320-322	of	
3-11	323-329	zonder	
3-12	330-332	de	
3-13	333-339	doppen	
3-14	339-340	,	
3-15	341-344	wel	
3-16	345-349	voor	
3-17	351-354	dat	
3-18	355-357	zy	
3-19	358-361	ryp	
3-20	361-362	,	
3-21	363-367	doch	
3-22	368-373	altyd	
3-23	374-378	voor	
3-24	379-382	dat	
3-25	383-385	zy	
3-26	386-391	droog	
3-27	392-395	zyn	
3-28	395-396	.	

#Text=Het vleesch dezer vrucht is niet alleen 
#Text=zeer verkoelend, maar teffens eenigzins los maakend, en echter zamentrekkend.
4-1	397-400	Het	
4-2	401-408	vleesch	
4-3	409-414	dezer	
4-4	415-421	vrucht	
4-5	422-424	is	
4-6	425-429	niet	
4-7	430-436	alleen	
4-8	438-442	zeer	
4-9	443-453	verkoelend	
4-10	453-454	,	
4-11	455-459	maar	
4-12	460-467	teffens	
4-13	468-477	eenigzins	
4-14	478-481	los	
4-15	482-489	maakend	
4-16	489-490	,	
4-17	491-493	en	
4-18	494-500	echter	
4-19	501-514	zamentrekkend	
4-20	514-515	.	

#Text=Geconfyt zynde, is zy van groot gebruik, om dat zy, door haare aangenaame 
#Text=zuurheid, de overtollige beweeging der vogten stilt.
5-1	517-525	Geconfyt	
5-2	526-531	zynde	
5-3	531-532	,	
5-4	533-535	is	
5-5	536-538	zy	
5-6	539-542	van	
5-7	543-548	groot	
5-8	549-556	gebruik	
5-9	556-557	,	
5-10	558-560	om	
5-11	561-564	dat	
5-12	565-567	zy	
5-13	567-568	,	
5-14	569-573	door	
5-15	574-579	haare	
5-16	580-590	aangenaame	
5-17	592-600	zuurheid	
5-18	600-601	,	
5-19	602-604	de	
5-20	605-616	overtollige	
5-21	617-626	beweeging	
5-22	627-630	der	
5-23	631-637	vogten	
5-24	638-643	stilt	
5-25	643-644	.	

#Text=Ook doet zy de koorts bedaaren, 
#Text=naardien zy verkoelt, en den dorst lescht, vooral in aanhoudende koortsen
6-1	645-648	Ook	
6-2	649-653	doet	
6-3	654-656	zy	
6-4	657-659	de	
6-5	660-666	koorts	
6-6	667-675	bedaaren	
6-7	675-676	,	
6-8	678-686	naardien	
6-9	687-689	zy	
6-10	690-698	verkoelt	
6-11	698-699	,	
6-12	700-702	en	
6-13	703-706	den	
6-14	707-712	dorst	
6-15	713-719	lescht	
6-16	719-720	,	
6-17	721-727	vooral	
6-18	728-730	in	
6-19	731-742	aanhoudende	
6-20	743-751	koortsen	

#Text=.
7-1	751-752	.	

#Text=+
#Text=De wyngaard heeft veel werk om in dit land te aarden, om dat 'er de lucht, hoe 
#Text=heet die anders ook zyn moge, te vogtig is, waar door de druiven te vroeg en 
#Text=ongelyk ryp worden; want de zelfde wynstok brengt te gelyk, volkomen rype, half
#Text=rype en gantsch onrype druiven voort.
8-1	759-760	+	
8-2	761-763	De	
8-3	764-772	wyngaard	
8-4	773-778	heeft	
8-5	779-783	veel	
8-6	784-788	werk	
8-7	789-791	om	
8-8	792-794	in	
8-9	795-798	dit	
8-10	799-803	land	
8-11	804-806	te	
8-12	807-813	aarden	
8-13	813-814	,	
8-14	815-817	om	
8-15	818-821	dat	
8-16	822-823	'	
8-17	823-825	er	
8-18	826-828	de	
8-19	829-834	lucht	
8-20	834-835	,	
8-21	836-839	hoe	
8-22	841-845	heet	
8-23	846-849	die	
8-24	850-856	anders	
8-25	857-860	ook	
8-26	861-864	zyn	
8-27	865-869	moge	
8-28	869-870	,	
8-29	871-873	te	
8-30	874-880	vogtig	
8-31	881-883	is	
8-32	883-884	,	
8-33	885-889	waar	
8-34	890-894	door	
8-35	895-897	de	
8-36	898-905	druiven	
8-37	906-908	te	
8-38	909-914	vroeg	
8-39	915-917	en	
8-40	919-926	ongelyk	
8-41	927-930	ryp	
8-42	931-937	worden	
8-43	937-938	;	
8-44	939-943	want	
8-45	944-946	de	
8-46	947-953	zelfde	
8-47	954-961	wynstok	
8-48	962-968	brengt	
8-49	969-971	te	
8-50	972-977	gelyk	
8-51	977-978	,	
8-52	979-987	volkomen	
8-53	988-992	rype	
8-54	992-993	,	
8-55	994-998	half	
8-56	999-1003	rype	
8-57	1004-1006	en	
8-58	1007-1014	gantsch	
8-59	1015-1021	onrype	
8-60	1022-1029	druiven	
8-61	1030-1035	voort	
8-62	1035-1036	.	

#Text=Het was niets, indien deze zelfde druiven, 
#Text=die op den zelfden tyd niet ryp worden als de anderen, echter noch ryp wierden;
#Text=
#Text=doch de tegenstrydige jaargetyden beletten zulks, en men verzamelt 'er weinig die 
#Text=eetbaar zyn;
#Text=te meer om dat men den meesten tyd, deze drierleie soorten aan 
#Text=denzelfden tros vindt, waarvan de rypsten
#Text=
#Text=
#Text=
#Text=
#Text=
#Text=
#Text=
#Text=
#Text=
#Text=
#Text=
#Text=
#Text=
#Text=+
#Text=Van de wyngaarden.
9-1	1037-1040	Het	
9-2	1041-1044	was	
9-3	1045-1050	niets	
9-4	1050-1051	,	
9-5	1052-1058	indien	
9-6	1059-1063	deze	
9-7	1064-1070	zelfde	
9-8	1071-1078	druiven	
9-9	1078-1079	,	
9-10	1081-1084	die	
9-11	1085-1087	op	
9-12	1088-1091	den	
9-13	1092-1099	zelfden	
9-14	1100-1103	tyd	
9-15	1104-1108	niet	
9-16	1109-1112	ryp	
9-17	1113-1119	worden	
9-18	1120-1123	als	
9-19	1124-1126	de	
9-20	1127-1134	anderen	
9-21	1134-1135	,	
9-22	1136-1142	echter	
9-23	1143-1147	noch	
9-24	1148-1151	ryp	
9-25	1152-1159	wierden	
9-26	1159-1160	;	
9-27	1162-1166	doch	
9-28	1167-1169	de	
9-29	1170-1183	tegenstrydige	
9-30	1184-1195	jaargetyden	
9-31	1196-1204	beletten	
9-32	1205-1210	zulks	
9-33	1210-1211	,	
9-34	1212-1214	en	
9-35	1215-1218	men	
9-36	1219-1228	verzamelt	
9-37	1229-1230	'	
9-38	1230-1232	er	
9-39	1233-1239	weinig	
9-40	1240-1243	die	
9-41	1245-1252	eetbaar	
9-42	1253-1256	zyn	
9-43	1256-1257	;	
9-44	1258-1260	te	
9-45	1261-1265	meer	
9-46	1266-1268	om	
9-47	1269-1272	dat	
9-48	1273-1276	men	
9-49	1277-1280	den	
9-50	1281-1288	meesten	
9-51	1289-1292	tyd	
9-52	1292-1293	,	
9-53	1294-1298	deze	
9-54	1299-1308	drierleie	
9-55	1309-1316	soorten	
9-56	1317-1320	aan	
9-57	1322-1332	denzelfden	
9-58	1333-1337	tros	
9-59	1338-1343	vindt	
9-60	1343-1344	,	
9-61	1345-1352	waarvan	
9-62	1353-1355	de	
9-63	1356-1363	rypsten	
9-64	1377-1378	+	
9-65	1379-1382	Van	
9-66	1383-1385	de	
9-67	1386-1396	wyngaarden	
9-68	1396-1397	.	

#Text=evenwel niet zo vleezig, noch sappig zyn, en derhalven ook zo aangenaam niet om 
#Text=te eeten, als de onzen.
10-1	1404-1411	evenwel	
10-2	1412-1416	niet	
10-3	1417-1419	zo	
10-4	1420-1427	vleezig	
10-5	1427-1428	,	
10-6	1429-1433	noch	
10-7	1434-1440	sappig	
10-8	1441-1444	zyn	
10-9	1444-1445	,	
10-10	1446-1448	en	
10-11	1449-1458	derhalven	
10-12	1459-1462	ook	
10-13	1463-1465	zo	
10-14	1466-1475	aangenaam	
10-15	1476-1480	niet	
10-16	1481-1483	om	
10-17	1485-1487	te	
10-18	1488-1493	eeten	
10-19	1493-1494	,	
10-20	1495-1498	als	
10-21	1499-1501	de	
10-22	1502-1507	onzen	
10-23	1507-1508	.	

#Text=Het eenigste voordeel, dat men 'er by heeft, is, dat de wynstok 
#Text=tweemaal 's jaars draagt.
11-1	1509-1512	Het	
11-2	1513-1521	eenigste	
11-3	1522-1530	voordeel	
11-4	1530-1531	,	
11-5	1532-1535	dat	
11-6	1536-1539	men	
11-7	1540-1541	'	
11-8	1541-1543	er	
11-9	1544-1546	by	
11-10	1547-1552	heeft	
11-11	1552-1553	,	
11-12	1554-1556	is	
11-13	1556-1557	,	
11-14	1558-1561	dat	
11-15	1562-1564	de	
11-16	1565-1572	wynstok	
11-17	1574-1582	tweemaal	
11-18	1583-1584	'	
11-19	1584-1585	s	
11-20	1586-1591	jaars	
11-21	1592-1598	draagt	
11-22	1598-1599	.	

#Text=Daar zyn 'er evenwel, die zeer goede druiven voortbrengen, 
#Text=naar de goede gesteldheid van den grond; doch dezen zyn zeldzaam, en men heeft 
#Text=my verzekerd, dat de druiven beter werden, naar maate de wynstokken verouderden.
12-1	1600-1604	Daar	
12-2	1605-1608	zyn	
12-3	1609-1610	'	
12-4	1610-1612	er	
12-5	1613-1620	evenwel	
12-6	1620-1621	,	
12-7	1622-1625	die	
12-8	1626-1630	zeer	
12-9	1631-1636	goede	
12-10	1637-1644	druiven	
12-11	1645-1657	voortbrengen	
12-12	1657-1658	,	
12-13	1660-1664	naar	
12-14	1665-1667	de	
12-15	1668-1673	goede	
12-16	1674-1685	gesteldheid	
12-17	1686-1689	van	
12-18	1690-1693	den	
12-19	1694-1699	grond	
12-20	1699-1700	;	
12-21	1701-1705	doch	
12-22	1706-1711	dezen	
12-23	1712-1715	zyn	
12-24	1716-1724	zeldzaam	
12-25	1724-1725	,	
12-26	1726-1728	en	
12-27	1729-1732	men	
12-28	1733-1738	heeft	
12-29	1740-1742	my	
12-30	1743-1752	verzekerd	
12-31	1752-1753	,	
12-32	1754-1757	dat	
12-33	1758-1760	de	
12-34	1761-1768	druiven	
12-35	1769-1774	beter	
12-36	1775-1781	werden	
12-37	1781-1782	,	
12-38	1783-1787	naar	
12-39	1788-1793	maate	
12-40	1794-1796	de	
12-41	1797-1807	wynstokken	
12-42	1808-1819	verouderden	
12-43	1819-1820	.	
