#FORMAT=WebAnno TSV 3.3


#Text=leant, corpus erit inodorum ; si vero parciculis abundet, quæ moveri facile poilint, odoruin erit.
1-1	2-7	leant	
1-2	7-8	,	
1-3	9-15	corpus	
1-4	16-20	erit	
1-5	21-29	inodorum	
1-6	30-31	;	
1-7	32-34	si	
1-8	35-39	vero	
1-9	40-50	parciculis	
1-10	51-58	abundet	
1-11	58-59	,	
1-12	60-63	quæ	
1-13	64-70	moveri	
1-14	71-77	facile	
1-15	78-85	poilint	
1-16	85-86	,	
1-17	87-94	odoruin	
1-18	95-99	erit	
1-19	99-100	.	

#Text=Me autem etiam non monente illud patet, a diversis motibus , quibus diversa particularum genera moveri poflunt, & quos aliis ex ordine deinde communicant, diversos orici odores, ficuti motus varii in aeris particulis varios
#Text=
#Text=conftituunt fonos.
2-1	101-103	Me	
2-2	104-109	autem	
2-3	110-115	etiam	
2-4	116-119	non	
2-5	120-127	monente	
2-6	128-133	illud	
2-7	134-139	patet	
2-8	139-140	,	
2-9	141-142	a	
2-10	143-151	diversis	
2-11	152-159	motibus	
2-12	160-161	,	
2-13	162-168	quibus	
2-14	169-176	diversa	
2-15	177-189	particularum	
2-16	190-196	genera	
2-17	197-203	moveri	
2-18	204-211	poflunt	
2-19	211-212	,	
2-20	213-214	&	
2-21	215-219	quos	
2-22	220-225	aliis	
2-23	226-228	ex	
2-24	229-235	ordine	
2-25	236-242	deinde	
2-26	243-254	communicant	
2-27	254-255	,	
2-28	256-264	diversos	
2-29	265-270	orici	
2-30	271-277	odores	
2-31	277-278	,	
2-32	279-285	ficuti	
2-33	286-291	motus	
2-34	292-297	varii	
2-35	298-300	in	
2-36	301-306	aeris	
2-37	307-317	particulis	
2-38	318-324	varios	
2-39	326-337	conftituunt	
2-40	338-343	fonos	
2-41	343-344	.	

#Text=XIII.
3-1	345-349	XIII	
3-2	349-350	.	

#Text=Hinc facile etiam explicatur, cur corpora cum alterantur,
#Text=
#Text=odorem aliquando acquirant, aliquando amittant, aliquando mu.
#Text=tent ; quorum omniurn caula funt effectus diversi, qui in corporum fructura ab hujusmodi alcerationibus producuntur ; prout enim alceratio odoratas particulas vel ab aliis separat, vel dillipat, vel casdem imnutat, vel odor corpori accedit, vel destruitur, vel mutatur.
4-1	351-355	Hinc	
4-2	356-362	facile	
4-3	363-368	etiam	
4-4	369-379	explicatur	
4-5	379-380	,	
4-6	381-384	cur	
4-7	385-392	corpora	
4-8	393-396	cum	
4-9	397-407	alterantur	
4-10	407-408	,	
4-11	410-416	odorem	
4-12	417-426	aliquando	
4-13	427-436	acquirant	
4-14	436-437	,	
4-15	438-447	aliquando	
4-16	448-456	amittant	
4-17	456-457	,	
4-18	458-467	aliquando	
4-19	468-470	mu	
4-20	470-471	.	
4-21	472-476	tent	
4-22	477-478	;	
4-23	479-485	quorum	
4-24	486-493	omniurn	
4-25	494-499	caula	
4-26	500-504	funt	
4-27	505-513	effectus	
4-28	514-521	diversi	
4-29	521-522	,	
4-30	523-526	qui	
4-31	527-529	in	
4-32	530-538	corporum	
4-33	539-547	fructura	
4-34	548-550	ab	
4-35	551-560	hujusmodi	
4-36	561-575	alcerationibus	
4-37	576-587	producuntur	
4-38	588-589	;	
4-39	590-595	prout	
4-40	596-600	enim	
4-41	601-610	alceratio	
4-42	611-619	odoratas	
4-43	620-630	particulas	
4-44	631-634	vel	
4-45	635-637	ab	
4-46	638-643	aliis	
4-47	644-651	separat	
4-48	651-652	,	
4-49	653-656	vel	
4-50	657-665	dillipat	
4-51	665-666	,	
4-52	667-670	vel	
4-53	671-677	casdem	
4-54	678-685	imnutat	
4-55	685-686	,	
4-56	687-690	vel	
4-57	691-695	odor	
4-58	696-703	corpori	
4-59	704-711	accedit	
4-60	711-712	,	
4-61	713-716	vel	
4-62	717-727	destruitur	
4-63	727-728	,	
4-64	729-732	vel	
4-65	733-740	mutatur	
4-66	740-741	.	

#Text=Majorem cmircunt odorem thus, aut cera Hifpanica, cum comburuntur, quia ab igne subtiles particulæ odoratæ folvuntur a vinculis, quibus decinebantur a subftantia cras.
#Text=fa, atque oleagina churis , aut cerx Hispanicæ, ac per acrem
#Text=
#Text=dife
#Text=
#Text=
#Text=
#Text=
#Text=
#Text=dispersæ alias particulas commovent, fimilemque præftant effe: &tum , ac plurimæ scintillæ per acrem volitantes quoad lucem ; ils la proinde çffluvia habenda sunt tamquam totidem corpora odorifera, quæ cadem ratione odorem gencrant ac S. x. dictum est, Uc plurimum vero calore intenditur odor , frigore minuitur, quia calore vehementius agitantur fubtiliores particulę, frigore vero torpidę redduntur.
5-1	742-749	Majorem	
5-2	750-758	cmircunt	
5-3	759-765	odorem	
5-4	766-770	thus	
5-5	770-771	,	
5-6	772-775	aut	
5-7	776-780	cera	
5-8	781-790	Hifpanica	
5-9	790-791	,	
5-10	792-795	cum	
5-11	796-807	comburuntur	
5-12	807-808	,	
5-13	809-813	quia	
5-14	814-816	ab	
5-15	817-821	igne	
5-16	822-830	subtiles	
5-17	831-840	particulæ	
5-18	841-848	odoratæ	
5-19	849-858	folvuntur	
5-20	859-860	a	
5-21	861-869	vinculis	
5-22	869-870	,	
5-23	871-877	quibus	
5-24	878-890	decinebantur	
5-25	891-892	a	
5-26	893-903	subftantia	
5-27	904-908	cras	
5-28	908-909	.	
5-29	910-912	fa	
5-30	912-913	,	
5-31	914-919	atque	
5-32	920-928	oleagina	
5-33	929-935	churis	
5-34	936-937	,	
5-35	938-941	aut	
5-36	942-946	cerx	
5-37	947-956	Hispanicæ	
5-38	956-957	,	
5-39	958-960	ac	
5-40	961-964	per	
5-41	965-970	acrem	
5-42	972-976	dife	
5-43	982-990	dispersæ	
5-44	991-996	alias	
5-45	997-1007	particulas	
5-46	1008-1017	commovent	
5-47	1017-1018	,	
5-48	1019-1029	fimilemque	
5-49	1030-1038	præftant	
5-50	1039-1043	effe	
5-51	1043-1044	:	
5-52	1045-1046	&	
5-53	1046-1049	tum	
5-54	1050-1051	,	
5-55	1052-1054	ac	
5-56	1055-1062	plurimæ	
5-57	1063-1072	scintillæ	
5-58	1073-1076	per	
5-59	1077-1082	acrem	
5-60	1083-1093	volitantes	
5-61	1094-1099	quoad	
5-62	1100-1105	lucem	
5-63	1106-1107	;	
5-64	1108-1111	ils	
5-65	1112-1114	la	
5-66	1115-1122	proinde	
5-67	1123-1131	çffluvia	
5-68	1132-1139	habenda	
5-69	1140-1144	sunt	
5-70	1145-1152	tamquam	
5-71	1153-1160	totidem	
5-72	1161-1168	corpora	
5-73	1169-1178	odorifera	
5-74	1178-1179	,	
5-75	1180-1183	quæ	
5-76	1184-1189	cadem	
5-77	1190-1197	ratione	
5-78	1198-1204	odorem	
5-79	1205-1213	gencrant	
5-80	1214-1216	ac	
5-81	1217-1218	S	
5-82	1218-1219	.	
5-83	1220-1221	x	
5-84	1221-1222	.	
5-85	1223-1229	dictum	
5-86	1230-1233	est	
5-87	1233-1234	,	
5-88	1235-1237	Uc	
5-89	1238-1246	plurimum	
5-90	1247-1251	vero	
5-91	1252-1258	calore	
5-92	1259-1269	intenditur	
5-93	1270-1274	odor	
5-94	1275-1276	,	
5-95	1277-1284	frigore	
5-96	1285-1293	minuitur	
5-97	1293-1294	,	
5-98	1295-1299	quia	
5-99	1300-1306	calore	
5-100	1307-1318	vehementius	
5-101	1319-1328	agitantur	
5-102	1329-1340	fubtiliores	
5-103	1341-1350	particulę	
5-104	1350-1351	,	
5-105	1352-1359	frigore	
5-106	1360-1364	vero	
5-107	1365-1372	torpidę	
5-108	1373-1382	redduntur	
5-109	1382-1383	.	

#Text=Poteft tamen aliquando calor odori obelle , ut accidit in Aoribus, qui in aprico loco educati minus olent, quia calor propter assiduam particularum agitationem eas ita dissipat, ut iisdem corpus deinde minus abundet ; atque hęc etiam eft ratio, cur per alterationem fepius corpora odorem.
#Text=amittant, nam per eam particulę odoratę avolant , unde fit, ut residuum fit inodorum.
6-1	1384-1390	Poteft	
6-2	1391-1396	tamen	
6-3	1397-1406	aliquando	
6-4	1407-1412	calor	
6-5	1413-1418	odori	
6-6	1419-1425	obelle	
6-7	1426-1427	,	
6-8	1428-1430	ut	
6-9	1431-1438	accidit	
6-10	1439-1441	in	
6-11	1442-1449	Aoribus	
6-12	1449-1450	,	
6-13	1451-1454	qui	
6-14	1455-1457	in	
6-15	1458-1464	aprico	
6-16	1465-1469	loco	
6-17	1470-1477	educati	
6-18	1478-1483	minus	
6-19	1484-1489	olent	
6-20	1489-1490	,	
6-21	1491-1495	quia	
6-22	1496-1501	calor	
6-23	1502-1509	propter	
6-24	1510-1518	assiduam	
6-25	1519-1531	particularum	
6-26	1532-1543	agitationem	
6-27	1544-1547	eas	
6-28	1548-1551	ita	
6-29	1552-1560	dissipat	
6-30	1560-1561	,	
6-31	1562-1564	ut	
6-32	1565-1571	iisdem	
6-33	1572-1578	corpus	
6-34	1579-1585	deinde	
6-35	1586-1591	minus	
6-36	1592-1599	abundet	
6-37	1600-1601	;	
6-38	1602-1607	atque	
6-39	1608-1611	hęc	
6-40	1612-1617	etiam	
6-41	1618-1621	eft	
6-42	1622-1627	ratio	
6-43	1627-1628	,	
6-44	1629-1632	cur	
6-45	1633-1636	per	
6-46	1637-1649	alterationem	
6-47	1650-1656	fepius	
6-48	1657-1664	corpora	
6-49	1665-1671	odorem	
6-50	1671-1672	.	
6-51	1673-1681	amittant	
6-52	1681-1682	,	
6-53	1683-1686	nam	
6-54	1687-1690	per	
6-55	1691-1694	eam	
6-56	1695-1704	particulę	
6-57	1705-1712	odoratę	
6-58	1713-1720	avolant	
6-59	1721-1722	,	
6-60	1723-1727	unde	
6-61	1728-1731	fit	
6-62	1731-1732	,	
6-63	1733-1735	ut	
6-64	1736-1744	residuum	
6-65	1745-1748	fit	
6-66	1749-1757	inodorum	
6-67	1757-1758	.	

#Text=Demum quod attinet ad odoris mutationem, ea repetenda est ex fermentatione, quę a calore, vel a mixtione alterius substancię oritur , nam per fermentationem motum incestinum acquirunt corporum particulę, in quo motu varic atceruntur, & quoad magnitudinem , atque elasticitatem varias mutationes subeunt , quod igitur ingratum emittebat odo, rem, poft fermentationem gratum reddere poteft, & vicislım , cademque de causa corpora inodora commixta vehementer olere poflunt.
7-1	1759-1764	Demum	
7-2	1765-1769	quod	
7-3	1770-1777	attinet	
7-4	1778-1780	ad	
7-5	1781-1787	odoris	
7-6	1788-1798	mutationem	
7-7	1798-1799	,	
7-8	1800-1802	ea	
7-9	1803-1812	repetenda	
7-10	1813-1816	est	
7-11	1817-1819	ex	
7-12	1820-1833	fermentatione	
7-13	1833-1834	,	
7-14	1835-1838	quę	
7-15	1839-1840	a	
7-16	1841-1847	calore	
7-17	1847-1848	,	
7-18	1849-1852	vel	
7-19	1853-1854	a	
7-20	1855-1863	mixtione	
7-21	1864-1872	alterius	
7-22	1873-1883	substancię	
7-23	1884-1890	oritur	
7-24	1891-1892	,	
7-25	1893-1896	nam	
7-26	1897-1900	per	
7-27	1901-1915	fermentationem	
7-28	1916-1921	motum	
7-29	1922-1932	incestinum	
7-30	1933-1942	acquirunt	
7-31	1943-1951	corporum	
7-32	1952-1961	particulę	
7-33	1961-1962	,	
7-34	1963-1965	in	
7-35	1966-1969	quo	
7-36	1970-1974	motu	
7-37	1975-1980	varic	
7-38	1981-1991	atceruntur	
7-39	1991-1992	,	
7-40	1993-1994	&	
7-41	1995-2000	quoad	
7-42	2001-2013	magnitudinem	
7-43	2014-2015	,	
7-44	2016-2021	atque	
7-45	2022-2035	elasticitatem	
7-46	2036-2042	varias	
7-47	2043-2053	mutationes	
7-48	2054-2061	subeunt	
7-49	2062-2063	,	
7-50	2064-2068	quod	
7-51	2069-2075	igitur	
7-52	2076-2084	ingratum	
7-53	2085-2094	emittebat	
7-54	2095-2098	odo	
7-55	2098-2099	,	
7-56	2100-2103	rem	
7-57	2103-2104	,	
7-58	2105-2109	poft	
7-59	2110-2124	fermentationem	
7-60	2125-2131	gratum	
7-61	2132-2139	reddere	
7-62	2140-2146	poteft	
7-63	2146-2147	,	
7-64	2148-2149	&	
7-65	2150-2158	vicislım	
7-66	2159-2160	,	
7-67	2161-2169	cademque	
7-68	2170-2172	de	
7-69	2173-2178	causa	
7-70	2179-2186	corpora	
7-71	2187-2194	inodora	
7-72	2195-2203	commixta	
7-73	2204-2214	vehementer	
7-74	2215-2220	olere	
7-75	2221-2228	poflunt	
7-76	2228-2229	.	

#Text=Illud etiam accidere poteft, ut per fermentatio, nem particulæ odoræ unius generis exhalentur, alterius vero generis remaneant, atque etiam ad motum fiant expeditiores ; cx
#Text=
#Text=quo necesse est, ut odor in alium sensibiliter mutetur, XIV.
8-1	2230-2235	Illud	
8-2	2236-2241	etiam	
8-3	2242-2250	accidere	
8-4	2251-2257	poteft	
8-5	2257-2258	,	
8-6	2259-2261	ut	
8-7	2262-2265	per	
8-8	2266-2277	fermentatio	
8-9	2277-2278	,	
8-10	2279-2282	nem	
8-11	2283-2292	particulæ	
8-12	2293-2298	odoræ	
8-13	2299-2304	unius	
8-14	2305-2312	generis	
8-15	2313-2323	exhalentur	
8-16	2323-2324	,	
8-17	2325-2333	alterius	
8-18	2334-2338	vero	
8-19	2339-2346	generis	
8-20	2347-2356	remaneant	
8-21	2356-2357	,	
8-22	2358-2363	atque	
8-23	2364-2369	etiam	
8-24	2370-2372	ad	
8-25	2373-2378	motum	
8-26	2379-2384	fiant	
8-27	2385-2397	expeditiores	
8-28	2398-2399	;	
8-29	2400-2402	cx	
8-30	2404-2407	quo	
8-31	2408-2415	necesse	
8-32	2416-2419	est	
8-33	2419-2420	,	
8-34	2421-2423	ut	
8-35	2424-2428	odor	
8-36	2429-2431	in	
8-37	2432-2437	alium	
8-38	2438-2450	sensibiliter	
8-39	2451-2458	mutetur	
8-40	2458-2459	,	
8-41	2460-2463	XIV	
8-42	2463-2464	.	

#Text=Uc odor percipiatur, aer per nares est adducendus, nimirum
#Text=
#Text=ut lentissimus materiæ odoræ motus ab aeris motu quodammo.
#Text=do adjuvetur: ita videmus, sonum a vcacis fieri magis, vel minus intensum, licet motus aeris, qui ventum constituie, valde discrcpet ab aeris motu, a quo fit sonus : poterit proinde motus matesię odorę a motu aeris per dares attracti fieri magis intensus, ita
#Text=
#Text=ut sensationem excitet.
9-1	2465-2467	Uc	
9-2	2468-2472	odor	
9-3	2473-2484	percipiatur	
9-4	2484-2485	,	
9-5	2486-2489	aer	
9-6	2490-2493	per	
9-7	2494-2499	nares	
9-8	2500-2503	est	
9-9	2504-2514	adducendus	
9-10	2514-2515	,	
9-11	2516-2523	nimirum	
9-12	2525-2527	ut	
9-13	2528-2539	lentissimus	
9-14	2540-2547	materiæ	
9-15	2548-2553	odoræ	
9-16	2554-2559	motus	
9-17	2560-2562	ab	
9-18	2563-2568	aeris	
9-19	2569-2573	motu	
9-20	2574-2582	quodammo	
9-21	2582-2583	.	
9-22	2584-2586	do	
9-23	2587-2596	adjuvetur	
9-24	2596-2597	:	
9-25	2598-2601	ita	
9-26	2602-2609	videmus	
9-27	2609-2610	,	
9-28	2611-2616	sonum	
9-29	2617-2618	a	
9-30	2619-2625	vcacis	
9-31	2626-2631	fieri	
9-32	2632-2637	magis	
9-33	2637-2638	,	
9-34	2639-2642	vel	
9-35	2643-2648	minus	
9-36	2649-2657	intensum	
9-37	2657-2658	,	
9-38	2659-2664	licet	
9-39	2665-2670	motus	
9-40	2671-2676	aeris	
9-41	2676-2677	,	
9-42	2678-2681	qui	
9-43	2682-2688	ventum	
9-44	2689-2699	constituie	
9-45	2699-2700	,	
9-46	2701-2706	valde	
9-47	2707-2716	discrcpet	
9-48	2717-2719	ab	
9-49	2720-2725	aeris	
9-50	2726-2730	motu	
9-51	2730-2731	,	
9-52	2732-2733	a	
9-53	2734-2737	quo	
9-54	2738-2741	fit	
9-55	2742-2747	sonus	
9-56	2748-2749	:	
9-57	2750-2757	poterit	
9-58	2758-2765	proinde	
9-59	2766-2771	motus	
9-60	2772-2779	matesię	
9-61	2780-2785	odorę	
9-62	2786-2787	a	
9-63	2788-2792	motu	
9-64	2793-2798	aeris	
9-65	2799-2802	per	
9-66	2803-2808	dares	
9-67	2809-2817	attracti	
9-68	2818-2823	fieri	
9-69	2824-2829	magis	
9-70	2830-2838	intensus	
9-71	2838-2839	,	
9-72	2840-2843	ita	
9-73	2845-2847	ut	
9-74	2848-2859	sensationem	
9-75	2860-2867	excitet	
9-76	2867-2868	.	

#Text=XV.
#Text=irum videri poteft, ab odoribus ita aliquos affici, ut verti.
#Text=giocm, deliquium, aliosque deceriores etiam effectus paciantur , quod in mulieribus præfertim accidic hysterica affectione laborantibus; sed si perpendamus, nervos quinix conjugationis non folum ad nares ferri, fed in oculos etiam, linguarn , palatum ceterafque capitis partes , & in ipsum etiam thoracem, & diaphragma, atque præcordia sese inliņuare , facile advertemus, ex
#Text=
#Text=
#Text=
#Text=motu
#Text=
#Text=
#Text=
#Text=
#Text=
#Text=motu nervorum olfactoriorum motun etiam in nervos per alias corporis partes dispersos oriri, ex quo moru improviso facile curbatur cursus spirituum animalium, atque hinc animi deliquium, cæterique noxii effectus .
10-1	2869-2871	XV	
10-2	2871-2872	.	
10-3	2873-2877	irum	
10-4	2878-2884	videri	
10-5	2885-2891	poteft	
10-6	2891-2892	,	
10-7	2893-2895	ab	
10-8	2896-2904	odoribus	
10-9	2905-2908	ita	
10-10	2909-2916	aliquos	
10-11	2917-2923	affici	
10-12	2923-2924	,	
10-13	2925-2927	ut	
10-14	2928-2933	verti	
10-15	2933-2934	.	
10-16	2935-2940	giocm	
10-17	2940-2941	,	
10-18	2942-2951	deliquium	
10-19	2951-2952	,	
10-20	2953-2961	aliosque	
10-21	2962-2972	deceriores	
10-22	2973-2978	etiam	
10-23	2979-2987	effectus	
10-24	2988-2997	paciantur	
10-25	2998-2999	,	
10-26	3000-3004	quod	
10-27	3005-3007	in	
10-28	3008-3018	mulieribus	
10-29	3019-3028	præfertim	
10-30	3029-3036	accidic	
10-31	3037-3046	hysterica	
10-32	3047-3057	affectione	
10-33	3058-3070	laborantibus	
10-34	3070-3071	;	
10-35	3072-3075	sed	
10-36	3076-3078	si	
10-37	3079-3090	perpendamus	
10-38	3090-3091	,	
10-39	3092-3098	nervos	
10-40	3099-3105	quinix	
10-41	3106-3119	conjugationis	
10-42	3120-3123	non	
10-43	3124-3129	folum	
10-44	3130-3132	ad	
10-45	3133-3138	nares	
10-46	3139-3144	ferri	
10-47	3144-3145	,	
10-48	3146-3149	fed	
10-49	3150-3152	in	
10-50	3153-3159	oculos	
10-51	3160-3165	etiam	
10-52	3165-3166	,	
10-53	3167-3175	linguarn	
10-54	3176-3177	,	
10-55	3178-3185	palatum	
10-56	3186-3196	ceterafque	
10-57	3197-3204	capitis	
10-58	3205-3211	partes	
10-59	3212-3213	,	
10-60	3214-3215	&	
10-61	3216-3218	in	
10-62	3219-3224	ipsum	
10-63	3225-3230	etiam	
10-64	3231-3239	thoracem	
10-65	3239-3240	,	
10-66	3241-3242	&	
10-67	3243-3253	diaphragma	
10-68	3253-3254	,	
10-69	3255-3260	atque	
10-70	3261-3270	præcordia	
10-71	3271-3275	sese	
10-72	3276-3285	inliņuare	
10-73	3286-3287	,	
10-74	3288-3294	facile	
10-75	3295-3305	advertemus	
10-76	3305-3306	,	
10-77	3307-3309	ex	
10-78	3313-3317	motu	
10-79	3323-3327	motu	
10-80	3328-3336	nervorum	
10-81	3337-3350	olfactoriorum	
10-82	3351-3356	motun	
10-83	3357-3362	etiam	
10-84	3363-3365	in	
10-85	3366-3372	nervos	
10-86	3373-3376	per	
10-87	3377-3382	alias	
10-88	3383-3391	corporis	
10-89	3392-3398	partes	
10-90	3399-3408	dispersos	
10-91	3409-3414	oriri	
10-92	3414-3415	,	
10-93	3416-3418	ex	
10-94	3419-3422	quo	
10-95	3423-3427	moru	
10-96	3428-3437	improviso	
10-97	3438-3444	facile	
10-98	3445-3453	curbatur	
10-99	3454-3460	cursus	
10-100	3461-3470	spirituum	
10-101	3471-3480	animalium	
10-102	3480-3481	,	
10-103	3482-3487	atque	
10-104	3488-3492	hinc	
10-105	3493-3498	animi	
10-106	3499-3508	deliquium	
10-107	3508-3509	,	
10-108	3510-3519	cæterique	
10-109	3520-3525	noxii	
10-110	3526-3534	effectus	
10-111	3535-3536	.	

#Text=Neque difficultas in eo elle poteft, quod fatis nobis non innotescat, quomodo particularum motus hujusmodi effectus crcare poslit; nam etâ hujus phænomeni ratio nobis certo non conster, scimus tamen, ipsum sonum aliquos limiles effectus procreare: nonne sunt, qui ex affrictu ferri ad ferrum, vel ad vitrum, vel ex aliis hujusmodi sonis ita turbantur, ut lint omnino sui impo.
#Text=tes?
11-1	3537-3542	Neque	
11-2	3543-3554	difficultas	
11-3	3555-3557	in	
11-4	3558-3560	eo	
11-5	3561-3565	elle	
11-6	3566-3572	poteft	
11-7	3572-3573	,	
11-8	3574-3578	quod	
11-9	3579-3584	fatis	
11-10	3585-3590	nobis	
11-11	3591-3594	non	
11-12	3595-3605	innotescat	
11-13	3605-3606	,	
11-14	3607-3614	quomodo	
11-15	3615-3627	particularum	
11-16	3628-3633	motus	
11-17	3634-3643	hujusmodi	
11-18	3644-3652	effectus	
11-19	3653-3659	crcare	
11-20	3660-3666	poslit	
11-21	3666-3667	;	
11-22	3668-3671	nam	
11-23	3672-3675	etâ	
11-24	3676-3681	hujus	
11-25	3682-3691	phænomeni	
11-26	3692-3697	ratio	
11-27	3698-3703	nobis	
11-28	3704-3709	certo	
11-29	3710-3713	non	
11-30	3714-3721	conster	
11-31	3721-3722	,	
11-32	3723-3729	scimus	
11-33	3730-3735	tamen	
11-34	3735-3736	,	
11-35	3737-3742	ipsum	
11-36	3743-3748	sonum	
11-37	3749-3756	aliquos	
11-38	3757-3764	limiles	
11-39	3765-3773	effectus	
11-40	3774-3783	procreare	
11-41	3783-3784	:	
11-42	3785-3790	nonne	
11-43	3791-3795	sunt	
11-44	3795-3796	,	
11-45	3797-3800	qui	
11-46	3801-3803	ex	
11-47	3804-3812	affrictu	
11-48	3813-3818	ferri	
11-49	3819-3821	ad	
11-50	3822-3828	ferrum	
11-51	3828-3829	,	
11-52	3830-3833	vel	
11-53	3834-3836	ad	
11-54	3837-3843	vitrum	
11-55	3843-3844	,	
11-56	3845-3848	vel	
11-57	3849-3851	ex	
11-58	3852-3857	aliis	
11-59	3858-3867	hujusmodi	
11-60	3868-3873	sonis	
11-61	3874-3877	ita	
11-62	3878-3887	turbantur	
11-63	3887-3888	,	
11-64	3889-3891	ut	
11-65	3892-3896	lint	
11-66	3897-3903	omnino	
11-67	3904-3907	sui	
11-68	3908-3912	impo	
11-69	3912-3913	.	
11-70	3914-3917	tes	
11-71	3917-3918	?	

#Text=omnes præterea experimur in nobismet iplis quasdam corpo.
#Text=ris totius commotiones ad aliquorum instrumentorum lonos, præsertim vero si chordę quędam pulsentur.
12-1	3919-3924	omnes	
12-2	3925-3933	præterea	
12-3	3934-3943	experimur	
12-4	3944-3946	in	
12-5	3947-3955	nobismet	
12-6	3956-3961	iplis	
12-7	3962-3969	quasdam	
12-8	3970-3975	corpo	
12-9	3975-3976	.	
12-10	3977-3980	ris	
12-11	3981-3987	totius	
12-12	3988-3999	commotiones	
12-13	4000-4002	ad	
12-14	4003-4012	aliquorum	
12-15	4013-4027	instrumentorum	
12-16	4028-4033	lonos	
12-17	4033-4034	,	
12-18	4035-4044	præsertim	
12-19	4045-4049	vero	
12-20	4050-4052	si	
12-21	4053-4059	chordę	
12-22	4060-4066	quędam	
12-23	4067-4076	pulsentur	
12-24	4076-4077	.	
