#FORMAT=WebAnno TSV 3.3


#Text=14 Jesus vero ait eis : Sinite parvulos, et nolite eos prohibere ad me venire : talium est enim regnum cælorum.
#Text=15 Et cum imposuisset eis manus, abiit inde.
#Text=16 Et ecce unus accedens, ait illi : Magister bone, quid boni faciam ut habeam vitam æternam ?
1-1	2-4	14	
1-2	5-10	Jesus	
1-3	11-15	vero	
1-4	16-19	ait	
1-5	20-23	eis	
1-6	24-25	:	
1-7	26-32	Sinite	
1-8	33-41	parvulos	
1-9	41-42	,	
1-10	43-45	et	
1-11	46-52	nolite	
1-12	53-56	eos	
1-13	57-66	prohibere	
1-14	67-69	ad	
1-15	70-72	me	
1-16	73-79	venire	
1-17	80-81	:	
1-18	82-88	talium	
1-19	89-92	est	
1-20	93-97	enim	
1-21	98-104	regnum	
1-22	105-112	cælorum	
1-23	112-113	.	
1-24	114-116	15	
1-25	117-119	Et	
1-26	120-123	cum	
1-27	124-135	imposuisset	
1-28	136-139	eis	
1-29	140-145	manus	
1-30	145-146	,	
1-31	147-152	abiit	
1-32	153-157	inde	
1-33	157-158	.	
1-34	159-161	16	
1-35	162-164	Et	
1-36	165-169	ecce	
1-37	170-174	unus	
1-38	175-183	accedens	
1-39	183-184	,	
1-40	185-188	ait	
1-41	189-193	illi	
1-42	194-195	:	
1-43	196-204	Magister	
1-44	205-209	bone	
1-45	209-210	,	
1-46	211-215	quid	
1-47	216-220	boni	
1-48	221-227	faciam	
1-49	228-230	ut	
1-50	231-237	habeam	
1-51	238-243	vitam	
1-52	244-251	æternam	
1-53	252-253	?	

#Text=17 Qui dixit ei : Quid me interrogas de bono ?
2-1	254-256	17	
2-2	257-260	Qui	
2-3	261-266	dixit	
2-4	267-269	ei	
2-5	270-271	:	
2-6	272-276	Quid	
2-7	277-279	me	
2-8	280-290	interrogas	
2-9	291-293	de	
2-10	294-298	bono	
2-11	299-300	?	

#Text=Unus est bonus, Deus.
3-1	301-305	Unus	
3-2	306-309	est	
3-3	310-315	bonus	
3-4	315-316	,	
3-5	317-321	Deus	
3-6	321-322	.	

#Text=Si autem vis ad vitam ingredi, serva mandata.
#Text=18 Dicit illi : Quæ ?
4-1	323-325	Si	
4-2	326-331	autem	
4-3	332-335	vis	
4-4	336-338	ad	
4-5	339-344	vitam	
4-6	345-352	ingredi	
4-7	352-353	,	
4-8	354-359	serva	
4-9	360-367	mandata	
4-10	367-368	.	
4-11	369-371	18	
4-12	372-377	Dicit	
4-13	378-382	illi	
4-14	383-384	:	
4-15	385-388	Quæ	
4-16	389-390	?	

#Text=Jesus autem dixit : Non homicidium facies ; non adulterabis ; non facies furtum ; non falsum testimonium dices ; 19 honora patrem tuum, et matrem tuam, et diliges proximum tuum sicut teipsum.
#Text=20 Dicit illi adolescens : Omnia hæc custodivi a juventute mea : quid adhuc mihi deest ?
5-1	391-396	Jesus	
5-2	397-402	autem	
5-3	403-408	dixit	
5-4	409-410	:	
5-5	411-414	Non	
5-6	415-425	homicidium	
5-7	426-432	facies	
5-8	433-434	;	
5-9	435-438	non	
5-10	439-450	adulterabis	
5-11	451-452	;	
5-12	453-456	non	
5-13	457-463	facies	
5-14	464-470	furtum	
5-15	471-472	;	
5-16	473-476	non	
5-17	477-483	falsum	
5-18	484-495	testimonium	
5-19	496-501	dices	
5-20	502-503	;	
5-21	504-506	19	
5-22	507-513	honora	
5-23	514-520	patrem	
5-24	521-525	tuum	
5-25	525-526	,	
5-26	527-529	et	
5-27	530-536	matrem	
5-28	537-541	tuam	
5-29	541-542	,	
5-30	543-545	et	
5-31	546-553	diliges	
5-32	554-562	proximum	
5-33	563-567	tuum	
5-34	568-573	sicut	
5-35	574-581	teipsum	
5-36	581-582	.	
5-37	583-585	20	
5-38	586-591	Dicit	
5-39	592-596	illi	
5-40	597-607	adolescens	
5-41	608-609	:	
5-42	610-615	Omnia	
5-43	616-619	hæc	
5-44	620-629	custodivi	
5-45	630-631	a	
5-46	632-641	juventute	
5-47	642-645	mea	
5-48	646-647	:	
5-49	648-652	quid	
5-50	653-658	adhuc	
5-51	659-663	mihi	
5-52	664-669	deest	
5-53	670-671	?	

#Text=21 Ait illi Jesus : Si vis perfectus esse, vade, vende quæ habes, et da pauperibus, et habebis thesaurum in cælo : et veni, sequere me.
#Text=22 Cum audisset autem adolescens verbum, abiit tristis : erat enim habens multas possessiones.
#Text=23 Jesus autem dixit discipulis suis : Amen dico vobis, quia dives difficile intrabit in regnum cælorum.
#Text=24 Et iterum dico vobis : Facilius est camelum per foramen acus transire, quam divitem intrare in regnum cælorum.
#Text=25 Auditis autem his, discipuli mirabantur valde, dicentes : Quis ergo poterit salvus esse ?
6-1	672-674	21	
6-2	675-678	Ait	
6-3	679-683	illi	
6-4	684-689	Jesus	
6-5	690-691	:	
6-6	692-694	Si	
6-7	695-698	vis	
6-8	699-708	perfectus	
6-9	709-713	esse	
6-10	713-714	,	
6-11	715-719	vade	
6-12	719-720	,	
6-13	721-726	vende	
6-14	727-730	quæ	
6-15	731-736	habes	
6-16	736-737	,	
6-17	738-740	et	
6-18	741-743	da	
6-19	744-754	pauperibus	
6-20	754-755	,	
6-21	756-758	et	
6-22	759-766	habebis	
6-23	767-776	thesaurum	
6-24	777-779	in	
6-25	780-784	cælo	
6-26	785-786	:	
6-27	787-789	et	
6-28	790-794	veni	
6-29	794-795	,	
6-30	796-803	sequere	
6-31	804-806	me	
6-32	806-807	.	
6-33	808-810	22	
6-34	811-814	Cum	
6-35	815-823	audisset	
6-36	824-829	autem	
6-37	830-840	adolescens	
6-38	841-847	verbum	
6-39	847-848	,	
6-40	849-854	abiit	
6-41	855-862	tristis	
6-42	863-864	:	
6-43	865-869	erat	
6-44	870-874	enim	
6-45	875-881	habens	
6-46	882-888	multas	
6-47	889-901	possessiones	
6-48	901-902	.	
6-49	903-905	23	
6-50	906-911	Jesus	
6-51	912-917	autem	
6-52	918-923	dixit	
6-53	924-934	discipulis	
6-54	935-939	suis	
6-55	940-941	:	
6-56	942-946	Amen	
6-57	947-951	dico	
6-58	952-957	vobis	
6-59	957-958	,	
6-60	959-963	quia	
6-61	964-969	dives	
6-62	970-979	difficile	
6-63	980-988	intrabit	
6-64	989-991	in	
6-65	992-998	regnum	
6-66	999-1006	cælorum	
6-67	1006-1007	.	
6-68	1008-1010	24	
6-69	1011-1013	Et	
6-70	1014-1020	iterum	
6-71	1021-1025	dico	
6-72	1026-1031	vobis	
6-73	1032-1033	:	
6-74	1034-1042	Facilius	
6-75	1043-1046	est	
6-76	1047-1054	camelum	
6-77	1055-1058	per	
6-78	1059-1066	foramen	
6-79	1067-1071	acus	
6-80	1072-1080	transire	
6-81	1080-1081	,	
6-82	1082-1086	quam	
6-83	1087-1094	divitem	
6-84	1095-1102	intrare	
6-85	1103-1105	in	
6-86	1106-1112	regnum	
6-87	1113-1120	cælorum	
6-88	1120-1121	.	
6-89	1122-1124	25	
6-90	1125-1132	Auditis	
6-91	1133-1138	autem	
6-92	1139-1142	his	
6-93	1142-1143	,	
6-94	1144-1153	discipuli	
6-95	1154-1164	mirabantur	
6-96	1165-1170	valde	
6-97	1170-1171	,	
6-98	1172-1180	dicentes	
6-99	1181-1182	:	
6-100	1183-1187	Quis	
6-101	1188-1192	ergo	
6-102	1193-1200	poterit	
6-103	1201-1207	salvus	
6-104	1208-1212	esse	
6-105	1213-1214	?	

#Text=26 Aspiciens autem Jesus, dixit illis : Apud homines hoc impossibile est : apud Deum autem omnia possibilia sunt.
#Text=27 Tunc respondens Petrus, dixit ei : Ecce nos reliquimus omnia, et secuti sumus te : quid ergo erit nobis ?
7-1	1215-1217	26	
7-2	1218-1227	Aspiciens	
7-3	1228-1233	autem	
7-4	1234-1239	Jesus	
7-5	1239-1240	,	
7-6	1241-1246	dixit	
7-7	1247-1252	illis	
7-8	1253-1254	:	
7-9	1255-1259	Apud	
7-10	1260-1267	homines	
7-11	1268-1271	hoc	
7-12	1272-1283	impossibile	
7-13	1284-1287	est	
7-14	1288-1289	:	
7-15	1290-1294	apud	
7-16	1295-1299	Deum	
7-17	1300-1305	autem	
7-18	1306-1311	omnia	
7-19	1312-1322	possibilia	
7-20	1323-1327	sunt	
7-21	1327-1328	.	
7-22	1329-1331	27	
7-23	1332-1336	Tunc	
7-24	1337-1347	respondens	
7-25	1348-1354	Petrus	
7-26	1354-1355	,	
7-27	1356-1361	dixit	
7-28	1362-1364	ei	
7-29	1365-1366	:	
7-30	1367-1371	Ecce	
7-31	1372-1375	nos	
7-32	1376-1386	reliquimus	
7-33	1387-1392	omnia	
7-34	1392-1393	,	
7-35	1394-1396	et	
7-36	1397-1403	secuti	
7-37	1404-1409	sumus	
7-38	1410-1412	te	
7-39	1413-1414	:	
7-40	1415-1419	quid	
7-41	1420-1424	ergo	
7-42	1425-1429	erit	
7-43	1430-1435	nobis	
7-44	1436-1437	?	

#Text=28 Jesus autem dixit illis : Amen dico vobis, quod vos, qui secuti estis me, in regeneratione cum sederit Filius hominis in sede majestatis suæ, sedebitis et vos super sedes duodecim, judicantes duodecim tribus Israël.
#Text=29 Et omnis qui reliquerit domum, vel fratres, aut sorores, aut patrem, aut matrem, aut uxorem, aut filios, aut agros propter nomen meum, centuplum accipiet, et vitam æternam possidebit.
#Text=30 Multi autem erunt primi novissimi, et novissimi primi.
8-1	1438-1440	28	
8-2	1441-1446	Jesus	
8-3	1447-1452	autem	
8-4	1453-1458	dixit	
8-5	1459-1464	illis	
8-6	1465-1466	:	
8-7	1467-1471	Amen	
8-8	1472-1476	dico	
8-9	1477-1482	vobis	
8-10	1482-1483	,	
8-11	1484-1488	quod	
8-12	1489-1492	vos	
8-13	1492-1493	,	
8-14	1494-1497	qui	
8-15	1498-1504	secuti	
8-16	1505-1510	estis	
8-17	1511-1513	me	
8-18	1513-1514	,	
8-19	1515-1517	in	
8-20	1518-1531	regeneratione	
8-21	1532-1535	cum	
8-22	1536-1543	sederit	
8-23	1544-1550	Filius	
8-24	1551-1558	hominis	
8-25	1559-1561	in	
8-26	1562-1566	sede	
8-27	1567-1577	majestatis	
8-28	1578-1581	suæ	
8-29	1581-1582	,	
8-30	1583-1592	sedebitis	
8-31	1593-1595	et	
8-32	1596-1599	vos	
8-33	1600-1605	super	
8-34	1606-1611	sedes	
8-35	1612-1620	duodecim	
8-36	1620-1621	,	
8-37	1622-1632	judicantes	
8-38	1633-1641	duodecim	
8-39	1642-1648	tribus	
8-40	1649-1655	Israël	
8-41	1655-1656	.	
8-42	1657-1659	29	
8-43	1660-1662	Et	
8-44	1663-1668	omnis	
8-45	1669-1672	qui	
8-46	1673-1683	reliquerit	
8-47	1684-1689	domum	
8-48	1689-1690	,	
8-49	1691-1694	vel	
8-50	1695-1702	fratres	
8-51	1702-1703	,	
8-52	1704-1707	aut	
8-53	1708-1715	sorores	
8-54	1715-1716	,	
8-55	1717-1720	aut	
8-56	1721-1727	patrem	
8-57	1727-1728	,	
8-58	1729-1732	aut	
8-59	1733-1739	matrem	
8-60	1739-1740	,	
8-61	1741-1744	aut	
8-62	1745-1751	uxorem	
8-63	1751-1752	,	
8-64	1753-1756	aut	
8-65	1757-1763	filios	
8-66	1763-1764	,	
8-67	1765-1768	aut	
8-68	1769-1774	agros	
8-69	1775-1782	propter	
8-70	1783-1788	nomen	
8-71	1789-1793	meum	
8-72	1793-1794	,	
8-73	1795-1804	centuplum	
8-74	1805-1813	accipiet	
8-75	1813-1814	,	
8-76	1815-1817	et	
8-77	1818-1823	vitam	
8-78	1824-1831	æternam	
8-79	1832-1842	possidebit	
8-80	1842-1843	.	
8-81	1844-1846	30	
8-82	1847-1852	Multi	
8-83	1853-1858	autem	
8-84	1859-1864	erunt	
8-85	1865-1870	primi	
8-86	1871-1880	novissimi	
8-87	1880-1881	,	
8-88	1882-1884	et	
8-89	1885-1894	novissimi	
8-90	1895-1900	primi	
8-91	1900-1901	.	

#Text=Caput 20
#Text=
#Text=
#Text=1 Simile est regnum cælorum homini patrifamilias, qui exiit primo mane conducere operarios in vineam suam.
9-1	1902-1907	Caput	
9-2	1908-1910	20	
9-3	1913-1914	1	
9-4	1915-1921	Simile	
9-5	1922-1925	est	
9-6	1926-1932	regnum	
9-7	1933-1940	cælorum	
9-8	1941-1947	homini	
9-9	1948-1961	patrifamilias	
9-10	1961-1962	,	
9-11	1963-1966	qui	
9-12	1967-1972	exiit	
9-13	1973-1978	primo	
9-14	1979-1983	mane	
9-15	1984-1993	conducere	
9-16	1994-2003	operarios	
9-17	2004-2006	in	
9-18	2007-2013	vineam	
9-19	2014-2018	suam	
9-20	2018-2019	.	
