#FORMAT=WebAnno TSV 3.3
#T_SP=custom.Span|label
#T_RL=custom.Relation|label|BT_custom.Span


#Text=die ſich nach der
#Text=laͤnge in einander verwirꝛen.
1-1	2-5	die	_	_	_	
1-2	6-10	ſich	_	_	_	
1-3	11-15	nach	_	_	_	
1-4	16-19	der	_	_	_	
1-5	20-26	laͤnge	_	_	_	
1-6	27-29	in	_	_	_	
1-7	30-38	einander	_	_	_	
1-8	39-48	verwirꝛen	_	_	_	
1-9	48-49	.	_	_	_	

#Text=Diß iſt viel
#Text=ſchaͤrffer und wolriechender/ als das erſte
#Text=und andere Geſchlecht.
2-1	50-53	Diß	Smell\_Source	_	_	
2-2	54-57	iſt	_	_	_	
2-3	58-62	viel	Quality[1]	_	_	
2-4	63-73	ſchaͤrffer	Quality[1]	_	_	
2-5	74-77	und	Quality[1]	_	_	
2-6	78-91	wolriechender	Quality[1]|Smell\_Word[2]	*|*	2-1[0_2]|2-3[1_2]	
2-7	91-92	/	_	_	_	
2-8	93-96	als	_	_	_	
2-9	97-100	das	_	_	_	
2-10	101-106	erſte	_	_	_	
2-11	107-110	und	_	_	_	
2-12	111-117	andere	_	_	_	
2-13	118-128	Geſchlecht	_	_	_	
2-14	128-129	.	_	_	_	

#Text=Ob wol diſe drey Geſchlecht an farben/
#Text=
#Text=groͤſſe und gewichte mit einander nicht zu-
#Text=tragen/
#Text=jedoch ſoll man darumb nicht ver-
#Text=meinen/ als haͤtten ſie underſchiedliche
#Text=kraͤfften/ und waͤren nicht von einerley baͤu-
#Text=men.
3-1	133-135	Ob	_	_	_	
3-2	136-139	wol	_	_	_	
3-3	140-144	diſe	_	_	_	
3-4	145-149	drey	_	_	_	
3-5	150-160	Geſchlecht	_	_	_	
3-6	161-163	an	_	_	_	
3-7	164-170	farben	_	_	_	
3-8	170-171	/	_	_	_	
3-9	173-180	groͤſſe	_	_	_	
3-10	181-184	und	_	_	_	
3-11	185-193	gewichte	_	_	_	
3-12	194-197	mit	_	_	_	
3-13	198-206	einander	_	_	_	
3-14	207-212	nicht	_	_	_	
3-15	213-215	zu	_	_	_	
3-16	215-216	-	_	_	_	
3-17	217-223	tragen	_	_	_	
3-18	223-224	/	_	_	_	
3-19	225-231	jedoch	_	_	_	
3-20	232-236	ſoll	_	_	_	
3-21	237-240	man	_	_	_	
3-22	241-247	darumb	_	_	_	
3-23	248-253	nicht	_	_	_	
3-24	254-257	ver	_	_	_	
3-25	257-258	-	_	_	_	
3-26	259-265	meinen	_	_	_	
3-27	265-266	/	_	_	_	
3-28	267-270	als	_	_	_	
3-29	271-278	haͤtten	_	_	_	
3-30	279-282	ſie	_	_	_	
3-31	283-299	underſchiedliche	_	_	_	
3-32	300-309	kraͤfften	_	_	_	
3-33	309-310	/	_	_	_	
3-34	311-314	und	_	_	_	
3-35	315-321	waͤren	_	_	_	
3-36	322-327	nicht	_	_	_	
3-37	328-331	von	_	_	_	
3-38	332-340	einerley	_	_	_	
3-39	341-345	baͤu	_	_	_	
3-40	345-346	-	_	_	_	
3-41	347-350	men	_	_	_	
3-42	350-351	.	_	_	_	

#Text=Denn daß eines inwendig und auß-
#Text=wendig weißlicht iſt/ geſchicht darumb/ die-
#Text=weil es von einem jungen Baum iſt: aber
#Text=welches inwendig ſchwartz iſt/
#Text=ſolches komt
#Text=von einem alten Baum/ und je ſchwaͤrtzer/
#Text=je aͤlter;
#Text=je weißlichter/ je juͤnger/ wie wir
#Text=denn auch ſolches an unſeren Baͤumen/ als
#Text=nemlich im Nußbaum warnehmen.
4-1	352-356	Denn	_	_	_	
4-2	357-360	daß	_	_	_	
4-3	361-366	eines	_	_	_	
4-4	367-375	inwendig	_	_	_	
4-5	376-379	und	_	_	_	
4-6	380-383	auß	_	_	_	
4-7	383-384	-	_	_	_	
4-8	385-391	wendig	_	_	_	
4-9	392-401	weißlicht	_	_	_	
4-10	402-405	iſt	_	_	_	
4-11	405-406	/	_	_	_	
4-12	407-416	geſchicht	_	_	_	
4-13	417-423	darumb	_	_	_	
4-14	423-424	/	_	_	_	
4-15	425-428	die	_	_	_	
4-16	428-429	-	_	_	_	
4-17	430-434	weil	_	_	_	
4-18	435-437	es	_	_	_	
4-19	438-441	von	_	_	_	
4-20	442-447	einem	_	_	_	
4-21	448-454	jungen	_	_	_	
4-22	455-459	Baum	_	_	_	
4-23	460-463	iſt	_	_	_	
4-24	463-464	:	_	_	_	
4-25	465-469	aber	_	_	_	
4-26	470-477	welches	_	_	_	
4-27	478-486	inwendig	_	_	_	
4-28	487-495	ſchwartz	_	_	_	
4-29	496-499	iſt	_	_	_	
4-30	499-500	/	_	_	_	
4-31	501-508	ſolches	_	_	_	
4-32	509-513	komt	_	_	_	
4-33	514-517	von	_	_	_	
4-34	518-523	einem	_	_	_	
4-35	524-529	alten	_	_	_	
4-36	530-534	Baum	_	_	_	
4-37	534-535	/	_	_	_	
4-38	536-539	und	_	_	_	
4-39	540-542	je	_	_	_	
4-40	543-554	ſchwaͤrtzer	_	_	_	
4-41	554-555	/	_	_	_	
4-42	556-558	je	_	_	_	
4-43	559-565	aͤlter	_	_	_	
4-44	565-566	;	_	_	_	
4-45	567-569	je	_	_	_	
4-46	570-581	weißlichter	_	_	_	
4-47	581-582	/	_	_	_	
4-48	583-585	je	_	_	_	
4-49	586-593	juͤnger	_	_	_	
4-50	593-594	/	_	_	_	
4-51	595-598	wie	_	_	_	
4-52	599-602	wir	_	_	_	
4-53	603-607	denn	_	_	_	
4-54	608-612	auch	_	_	_	
4-55	613-620	ſolches	_	_	_	
4-56	621-623	an	_	_	_	
4-57	624-631	unſeren	_	_	_	
4-58	632-639	Baͤumen	_	_	_	
4-59	639-640	/	_	_	_	
4-60	641-644	als	_	_	_	
4-61	645-652	nemlich	_	_	_	
4-62	653-655	im	_	_	_	
4-63	656-663	Nußbaum	_	_	_	
4-64	664-673	warnehmen	_	_	_	
4-65	673-674	.	_	_	_	

#Text=Die-
#Text=
#Text=weil aber die Jugend und das Alter einem
#Text=mehr/ dem anderen weniger krafft geben/ als
#Text=vermeinen wir/ daß diß holtz das allerkoͤſt-
#Text=lichſte ſey/ welches allenthalben weißlicht
#Text=iſt/ denn es riecht ſtaͤrcker/ iſt ſchaͤrffer/ bit-
#Text=terer/ und ſo man es ſiedet/ gibt es eine di-
#Text=ckere und fettere/ ſchaͤrffere und bittere Bruͤ-
#Text=he/ als die anderen zwey Geſchlecht:
#Text=daher
#Text=leicht zu erachten/
#Text=es habe wegen ſeiner Ju-
#Text=gend mehr ſafft und krafft/ denn die ande-
#Text=ren/
#Text=welche alters halben trockner und duͤr-
#Text=rer werden.
5-1	675-678	Die	_	_	_	
5-2	678-679	-	_	_	_	
5-3	681-685	weil	_	_	_	
5-4	686-690	aber	_	_	_	
5-5	691-694	die	_	_	_	
5-6	695-701	Jugend	_	_	_	
5-7	702-705	und	_	_	_	
5-8	706-709	das	_	_	_	
5-9	710-715	Alter	_	_	_	
5-10	716-721	einem	_	_	_	
5-11	722-726	mehr	_	_	_	
5-12	726-727	/	_	_	_	
5-13	728-731	dem	_	_	_	
5-14	732-739	anderen	_	_	_	
5-15	740-747	weniger	_	_	_	
5-16	748-754	krafft	_	_	_	
5-17	755-760	geben	_	_	_	
5-18	760-761	/	_	_	_	
5-19	762-765	als	_	_	_	
5-20	766-775	vermeinen	_	_	_	
5-21	776-779	wir	_	_	_	
5-22	779-780	/	_	_	_	
5-23	781-784	daß	_	_	_	
5-24	785-788	diß	_	_	_	
5-25	789-794	holtz	_	_	_	
5-26	795-798	das	Effect[3]	_	_	
5-27	799-809	allerkoͤſt	Effect[3]	_	_	
5-28	809-810	-	Effect[3]	_	_	
5-29	811-818	lichſte	Effect[3]	_	_	
5-30	819-822	ſey	Effect[3]	_	_	
5-31	822-823	/	_	_	_	
5-32	824-831	welches	Smell\_Source[4]	_	_	
5-33	832-844	allenthalben	Smell\_Source[4]	_	_	
5-34	845-854	weißlicht	Smell\_Source[4]	_	_	
5-35	855-858	iſt	Smell\_Source[4]	_	_	
5-36	858-859	/	_	_	_	
5-37	860-864	denn	_	_	_	
5-38	865-867	es	Smell\_Source	Anaphoric	5-32[4_0]	
5-39	868-874	riecht	Smell\_Word	*|*|*|*	5-40|5-38|5-32[4_0]|5-26[3_0]	
5-40	875-884	ſtaͤrcker	Quality	_	_	
5-41	884-885	/	_	_	_	
5-42	886-889	iſt	_	_	_	
5-43	890-900	ſchaͤrffer	_	_	_	
5-44	900-901	/	_	_	_	
5-45	902-905	bit	_	_	_	
5-46	905-906	-	_	_	_	
5-47	907-912	terer	_	_	_	
5-48	912-913	/	_	_	_	
5-49	914-917	und	_	_	_	
5-50	918-920	ſo	_	_	_	
5-51	921-924	man	_	_	_	
5-52	925-927	es	_	_	_	
5-53	928-934	ſiedet	_	_	_	
5-54	934-935	/	_	_	_	
5-55	936-940	gibt	_	_	_	
5-56	941-943	es	_	_	_	
5-57	944-948	eine	_	_	_	
5-58	949-951	di	_	_	_	
5-59	951-952	-	_	_	_	
5-60	953-958	ckere	_	_	_	
5-61	959-962	und	_	_	_	
5-62	963-970	fettere	_	_	_	
5-63	970-971	/	_	_	_	
5-64	972-983	ſchaͤrffere	_	_	_	
5-65	984-987	und	_	_	_	
5-66	988-995	bittere	_	_	_	
5-67	996-1000	Bruͤ	_	_	_	
5-68	1000-1001	-	_	_	_	
5-69	1002-1004	he	_	_	_	
5-70	1004-1005	/	_	_	_	
5-71	1006-1009	als	_	_	_	
5-72	1010-1013	die	_	_	_	
5-73	1014-1021	anderen	_	_	_	
5-74	1022-1026	zwey	_	_	_	
5-75	1027-1037	Geſchlecht	_	_	_	
5-76	1037-1038	:	_	_	_	
5-77	1039-1044	daher	_	_	_	
5-78	1045-1051	leicht	_	_	_	
5-79	1052-1054	zu	_	_	_	
5-80	1055-1063	erachten	_	_	_	
5-81	1063-1064	/	_	_	_	
5-82	1065-1067	es	_	_	_	
5-83	1068-1072	habe	_	_	_	
5-84	1073-1078	wegen	_	_	_	
5-85	1079-1085	ſeiner	_	_	_	
5-86	1086-1088	Ju	_	_	_	
5-87	1088-1089	-	_	_	_	
5-88	1090-1094	gend	_	_	_	
5-89	1095-1099	mehr	_	_	_	
5-90	1100-1105	ſafft	_	_	_	
5-91	1106-1109	und	_	_	_	
5-92	1110-1116	krafft	_	_	_	
5-93	1116-1117	/	_	_	_	
5-94	1118-1122	denn	_	_	_	
5-95	1123-1126	die	_	_	_	
5-96	1127-1131	ande	_	_	_	
5-97	1131-1132	-	_	_	_	
5-98	1133-1136	ren	_	_	_	
5-99	1136-1137	/	_	_	_	
5-100	1138-1144	welche	_	_	_	
5-101	1145-1151	alters	_	_	_	
5-102	1152-1158	halben	_	_	_	
5-103	1159-1167	trockner	_	_	_	
5-104	1168-1171	und	_	_	_	
5-105	1172-1176	duͤr	_	_	_	
5-106	1176-1177	-	_	_	_	
5-107	1178-1181	rer	_	_	_	
5-108	1182-1188	werden	_	_	_	
5-109	1188-1189	.	_	_	_	

#Text=Nach dieſem iſt auch gut/ welches inwen-
#Text=dig nicht viel ſchwartzes hat.
6-1	1194-1198	Nach	_	_	_	
6-2	1199-1205	dieſem	_	_	_	
6-3	1206-1209	iſt	_	_	_	
6-4	1210-1214	auch	_	_	_	
6-5	1215-1218	gut	_	_	_	
6-6	1218-1219	/	_	_	_	
6-7	1220-1227	welches	_	_	_	
6-8	1228-1233	inwen	_	_	_	
6-9	1233-1234	-	_	_	_	
6-10	1235-1238	dig	_	_	_	
6-11	1239-1244	nicht	_	_	_	
6-12	1245-1249	viel	_	_	_	
6-13	1250-1260	ſchwartzes	_	_	_	
6-14	1261-1264	hat	_	_	_	
6-15	1264-1265	.	_	_	_	

#Text=Matthiolus
#Text=
#Text=ſetzet dieſes fuͤr das geringſte/
#Text=welches in
#Text=ſich viel ſchwartzes haͤlt/ denn es iſt eine
#Text=anzeigung/ daß es alt ſeye/ und nicht viel
#Text=krafft oder natuͤrliche feuchtigkeit habe/ wie
#Text=wir denn ſehen/ daß die Stoͤcke der alten
#Text=Baͤumen viel ſchwaͤrtzer ſind als die jungen.
7-1	1266-1276	Matthiolus	_	_	_	
7-2	1278-1284	ſetzet	_	_	_	
7-3	1285-1291	dieſes	_	_	_	
7-4	1292-1296	fuͤr	_	_	_	
7-5	1297-1300	das	_	_	_	
7-6	1301-1310	geringſte	_	_	_	
7-7	1310-1311	/	_	_	_	
7-8	1312-1319	welches	_	_	_	
7-9	1320-1322	in	_	_	_	
7-10	1323-1327	ſich	_	_	_	
7-11	1328-1332	viel	_	_	_	
7-12	1333-1343	ſchwartzes	_	_	_	
7-13	1344-1349	haͤlt	_	_	_	
7-14	1349-1350	/	_	_	_	
7-15	1351-1355	denn	_	_	_	
7-16	1356-1358	es	_	_	_	
7-17	1359-1362	iſt	_	_	_	
7-18	1363-1367	eine	_	_	_	
7-19	1368-1377	anzeigung	_	_	_	
7-20	1377-1378	/	_	_	_	
7-21	1379-1382	daß	_	_	_	
7-22	1383-1385	es	_	_	_	
7-23	1386-1389	alt	_	_	_	
7-24	1390-1394	ſeye	_	_	_	
7-25	1394-1395	/	_	_	_	
7-26	1396-1399	und	_	_	_	
7-27	1400-1405	nicht	_	_	_	
7-28	1406-1410	viel	_	_	_	
7-29	1411-1417	krafft	_	_	_	
7-30	1418-1422	oder	_	_	_	
7-31	1423-1434	natuͤrliche	_	_	_	
7-32	1435-1447	feuchtigkeit	_	_	_	
7-33	1448-1452	habe	_	_	_	
7-34	1452-1453	/	_	_	_	
7-35	1454-1457	wie	_	_	_	
7-36	1458-1461	wir	_	_	_	
7-37	1462-1466	denn	_	_	_	
7-38	1467-1472	ſehen	_	_	_	
7-39	1472-1473	/	_	_	_	
7-40	1474-1477	daß	_	_	_	
7-41	1478-1481	die	_	_	_	
7-42	1482-1489	Stoͤcke	_	_	_	
7-43	1490-1493	der	_	_	_	
7-44	1494-1499	alten	_	_	_	
7-45	1500-1507	Baͤumen	_	_	_	
7-46	1508-1512	viel	_	_	_	
7-47	1513-1524	ſchwaͤrtzer	_	_	_	
7-48	1525-1529	ſind	_	_	_	
7-49	1530-1533	als	_	_	_	
7-50	1534-1537	die	_	_	_	
7-51	1538-1544	jungen	_	_	_	
7-52	1544-1545	.	_	_	_	

#Text=Man ſoll aber wol mercken/ darmit das
#Text=junge und allenthalben weißlichte holtz (wel-
#Text=ches wir fuͤr das beſte achten) new und friſch
#Text=ſey/ denn dieweil es jung iſt/
8-1	1547-1550	Man	_	_	_	
8-2	1551-1555	ſoll	_	_	_	
8-3	1556-1560	aber	_	_	_	
8-4	1561-1564	wol	_	_	_	
8-5	1565-1572	mercken	_	_	_	
8-6	1572-1573	/	_	_	_	
8-7	1574-1580	darmit	_	_	_	
8-8	1581-1584	das	_	_	_	
8-9	1585-1590	junge	_	_	_	
8-10	1591-1594	und	_	_	_	
8-11	1595-1607	allenthalben	_	_	_	
8-12	1608-1618	weißlichte	_	_	_	
8-13	1619-1624	holtz	_	_	_	
8-14	1625-1626	(	_	_	_	
8-15	1626-1629	wel	_	_	_	
8-16	1629-1630	-	_	_	_	
8-17	1631-1635	ches	_	_	_	
8-18	1636-1639	wir	_	_	_	
8-19	1640-1644	fuͤr	_	_	_	
8-20	1645-1648	das	_	_	_	
8-21	1649-1654	beſte	_	_	_	
8-22	1655-1661	achten	_	_	_	
8-23	1661-1662	)	_	_	_	
8-24	1663-1666	new	_	_	_	
8-25	1667-1670	und	_	_	_	
8-26	1671-1677	friſch	_	_	_	
8-27	1678-1681	ſey	_	_	_	
8-28	1681-1682	/	_	_	_	
8-29	1683-1687	denn	_	_	_	
8-30	1688-1695	dieweil	_	_	_	
8-31	1696-1698	es	_	_	_	
8-32	1699-1703	jung	_	_	_	
8-33	1704-1707	iſt	_	_	_	
8-34	1707-1708	/	_	_	_	
