#FORMAT=WebAnno TSV 3.3


#Text=Alsoo ond.
#Text=vers 21.
#Text=zade, D. in wat tijden, ofte eeuwen sy na u souden mogen leven.
#Text=na hare geslachten, in den welcken een gebreck sal zijn, sal naderen om Siet bov.
#Text=3.
#Text=op het vers 11.
#Text=de spijse sijnes Godts te offeren.
#Text=
#Text=18
#Text=
#Text=Want geen man, in den welcken een gebreck sal zijn, en sal naderen:
#Text=hy zy een blint man, ofte kreupel, ofte te Ofte, hebbende te weynigh leden.
1-1	2-7	Alsoo	
1-2	8-11	ond	
1-3	11-12	.	
1-4	13-17	vers	
1-5	18-20	21	
1-6	20-21	.	
1-7	22-26	zade	
1-8	26-27	,	
1-9	28-29	D	
1-10	29-30	.	
1-11	31-33	in	
1-12	34-37	wat	
1-13	38-44	tijden	
1-14	44-45	,	
1-15	46-50	ofte	
1-16	51-57	eeuwen	
1-17	58-60	sy	
1-18	61-63	na	
1-19	64-65	u	
1-20	66-72	souden	
1-21	73-78	mogen	
1-22	79-84	leven	
1-23	84-85	.	
1-24	86-88	na	
1-25	89-93	hare	
1-26	94-104	geslachten	
1-27	104-105	,	
1-28	106-108	in	
1-29	109-112	den	
1-30	113-120	welcken	
1-31	121-124	een	
1-32	125-132	gebreck	
1-33	133-136	sal	
1-34	137-141	zijn	
1-35	141-142	,	
1-36	143-146	sal	
1-37	147-154	naderen	
1-38	155-157	om	
1-39	158-162	Siet	
1-40	163-166	bov	
1-41	166-167	.	
1-42	168-169	3	
1-43	169-170	.	
1-44	171-173	op	
1-45	174-177	het	
1-46	178-182	vers	
1-47	183-185	11	
1-48	185-186	.	
1-49	187-189	de	
1-50	190-196	spijse	
1-51	197-203	sijnes	
1-52	204-209	Godts	
1-53	210-212	te	
1-54	213-220	offeren	
1-55	220-221	.	
1-56	223-225	18	
1-57	227-231	Want	
1-58	232-236	geen	
1-59	237-240	man	
1-60	240-241	,	
1-61	242-244	in	
1-62	245-248	den	
1-63	249-256	welcken	
1-64	257-260	een	
1-65	261-268	gebreck	
1-66	269-272	sal	
1-67	273-277	zijn	
1-68	277-278	,	
1-69	279-281	en	
1-70	282-285	sal	
1-71	286-293	naderen	
1-72	293-294	:	
1-73	295-297	hy	
1-74	298-300	zy	
1-75	301-304	een	
1-76	305-310	blint	
1-77	311-314	man	
1-78	314-315	,	
1-79	316-320	ofte	
1-80	321-328	kreupel	
1-81	328-329	,	
1-82	330-334	ofte	
1-83	335-337	te	
1-84	338-342	Ofte	
1-85	342-343	,	
1-86	344-352	hebbende	
1-87	353-355	te	
1-88	356-363	weynigh	
1-89	364-369	leden	
1-90	369-370	.	

#Text=And. kamuys, D. die eene ingevallene neuse heeft, alsoo dat hy door deselve spreeckt.
#Text=kort, ofte And.
#Text=die overschot van leden heeft.
#Text=te langh in leden:
#Text=
#Text=19
#Text=
#Text=
#Text=Ofte een man, in den welcken eene breucke des voets, ofte eene breucke der hant sal zijn:
#Text=
#Text=20
#Text=
#Text=
#Text=Ofte bultachtigh, ofte And.
2-1	371-374	And	
2-2	374-375	.	
2-3	376-382	kamuys	
2-4	382-383	,	
2-5	384-385	D	
2-6	385-386	.	
2-7	387-390	die	
2-8	391-395	eene	
2-9	396-407	ingevallene	
2-10	408-413	neuse	
2-11	414-419	heeft	
2-12	419-420	,	
2-13	421-426	alsoo	
2-14	427-430	dat	
2-15	431-433	hy	
2-16	434-438	door	
2-17	439-446	deselve	
2-18	447-455	spreeckt	
2-19	455-456	.	
2-20	457-461	kort	
2-21	461-462	,	
2-22	463-467	ofte	
2-23	468-471	And	
2-24	471-472	.	
2-25	473-476	die	
2-26	477-486	overschot	
2-27	487-490	van	
2-28	491-496	leden	
2-29	497-502	heeft	
2-30	502-503	.	
2-31	504-506	te	
2-32	507-512	langh	
2-33	513-515	in	
2-34	516-521	leden	
2-35	521-522	:	
2-36	524-526	19	
2-37	529-533	Ofte	
2-38	534-537	een	
2-39	538-541	man	
2-40	541-542	,	
2-41	543-545	in	
2-42	546-549	den	
2-43	550-557	welcken	
2-44	558-562	eene	
2-45	563-570	breucke	
2-46	571-574	des	
2-47	575-580	voets	
2-48	580-581	,	
2-49	582-586	ofte	
2-50	587-591	eene	
2-51	592-599	breucke	
2-52	600-603	der	
2-53	604-608	hant	
2-54	609-612	sal	
2-55	613-617	zijn	
2-56	617-618	:	
2-57	620-622	20	
2-58	625-629	Ofte	
2-59	630-641	bultachtigh	
2-60	641-642	,	
2-61	643-647	ofte	
2-62	648-651	And	
2-63	651-652	.	
