#FORMAT=WebAnno TSV 3.3


#Text=Hij en vloog op vleuglen van den wind.
#Text=
#Text=1.
1-1	2-5	Hij	
1-2	6-8	en	
1-3	9-14	vloog	
1-4	15-17	op	
1-5	18-26	vleuglen	
1-6	27-30	van	
1-7	31-34	den	
1-8	35-39	wind	
1-9	39-40	.	
1-10	42-43	1	
1-11	43-44	.	

#Text=PAUZE.
2-1	45-50	PAUZE	
2-2	50-51	.	

#Text=Het boek der psalmen
#Text=
#Text=\f§4
#Text=
#Text=In zijne tent, rondom Hem zoo vol luister,
#Text=Hield
#Text=Hij
#Text=zich schuil, verborg zich in het duister
#Text=
#Text=Door wolk op wolk, met kracht te saam geprest,
#Text=En opge-
#Text=
#Text=
#Text=Het boek der psalmen
#Text=
#Text=\f
#Text=8v
#Text=hoopt in 't bruine luchtgewest.
3-1	55-58	Het	
3-2	59-63	boek	
3-3	64-67	der	
3-4	68-75	psalmen	
3-5	78-79	§	
3-6	79-80	4	
3-7	82-84	In	
3-8	85-90	zijne	
3-9	91-95	tent	
3-10	95-96	,	
3-11	97-103	rondom	
3-12	104-107	Hem	
3-13	108-111	zoo	
3-14	112-115	vol	
3-15	116-123	luister	
3-16	123-124	,	
3-17	125-130	Hield	
3-18	131-134	Hij	
3-19	135-139	zich	
3-20	140-146	schuil	
3-21	146-147	,	
3-22	148-155	verborg	
3-23	156-160	zich	
3-24	161-163	in	
3-25	164-167	het	
3-26	168-175	duister	
3-27	177-181	Door	
3-28	182-186	wolk	
3-29	187-189	op	
3-30	190-194	wolk	
3-31	194-195	,	
3-32	196-199	met	
3-33	200-206	kracht	
3-34	207-209	te	
3-35	210-214	saam	
3-36	215-222	geprest	
3-37	222-223	,	
3-38	224-226	En	
3-39	227-231	opge	
3-40	231-232	-	
3-41	235-238	Het	
3-42	239-243	boek	
3-43	244-247	der	
3-44	248-255	psalmen	
3-45	259-261	8v	
3-46	262-267	hoopt	
3-47	268-270	in	
3-48	271-272	'	
3-49	272-273	t	
3-50	274-280	bruine	
3-51	281-292	luchtgewest	
3-52	292-293	.	

#Text=Zijn gloed ontbond der wolken
#Text=vaste banden;
#Text=
#Text=
#Text=Toen daalde vuur en hagel op de landen;
#Text=
#Text=
#Text=De donder klonk door gansch den hemel heen;
#Text=
#Text=
#Text=God gaf zijn stem, en 't vuur viel naar beneên.
4-1	295-299	Zijn	
4-2	300-305	gloed	
4-3	306-313	ontbond	
4-4	314-317	der	
4-5	318-324	wolken	
4-6	325-330	vaste	
4-7	331-337	banden	
4-8	337-338	;	
4-9	341-345	Toen	
4-10	346-352	daalde	
4-11	353-357	vuur	
4-12	358-360	en	
4-13	361-366	hagel	
4-14	367-369	op	
4-15	370-372	de	
4-16	373-379	landen	
4-17	379-380	;	
4-18	383-385	De	
4-19	386-392	donder	
4-20	393-398	klonk	
4-21	399-403	door	
4-22	404-410	gansch	
4-23	411-414	den	
4-24	415-420	hemel	
4-25	421-425	heen	
4-26	425-426	;	
4-27	429-432	God	
4-28	433-436	gaf	
4-29	437-441	zijn	
4-30	442-446	stem	
4-31	446-447	,	
4-32	448-450	en	
4-33	451-452	'	
4-34	452-453	t	
4-35	454-458	vuur	
4-36	459-463	viel	
4-37	464-468	naar	
4-38	469-475	beneên	
4-39	475-476	.	
