#FORMAT=WebAnno TSV 3.3
#T_SP=custom.Span|label
#T_RL=custom.Relation|label|BT_custom.Span


#Text=Naͤgleinnuß,
#Text=Nuß von
#Text=Madagaſcar.
1-1	5-16	Naͤgleinnuß	_	_	_	
1-2	16-17	,	_	_	_	
1-3	18-21	Nuß	_	_	_	
1-4	22-25	von	_	_	_	
1-5	26-36	Madagaſcar	_	_	_	
1-6	36-37	.	_	_	_	

#Text=Cravo de
#Text=Marenhan.
2-1	39-44	Cravo	_	_	_	
2-2	45-47	de	_	_	_	
2-3	48-56	Marenhan	_	_	_	
2-4	56-57	.	_	_	_	

#Text=Das Naͤgleinholtz, oder vielmehr
#Text=die Naͤgleinrinde/ weil ſie wie Naͤglein
#Text=ſchmeckt und riecht, iſt ietziger Zeit ſo ſehr
#Text=im Brauch, daß wenig Tabuletkraͤmer
#Text=ſind, die ſie nicht, klein zerſtoſſen, fuͤr ge-
#Text=
#Text=ſtoſſene Naͤglein verkauffen ſolten, und
#Text=dahero rechtſchaffenen Handelsleuten
#Text=
#Text=groſſen Schaden thun, weil die geſtoſſe-
#Text=nen Naͤglein wohl vier bis fuͤnffmahl
#Text=ſo
#Text=
#Text=theuer ſind, als dieſe Rinde.
3-1	59-62	Das	_	_	_	
3-2	63-76	Naͤgleinholtz	_	_	_	
3-3	76-77	,	_	_	_	
3-4	78-82	oder	_	_	_	
3-5	83-91	vielmehr	_	_	_	
3-6	92-95	die	_	_	_	
3-7	96-109	Naͤgleinrinde	Smell\_Source	_	_	
3-8	109-110	/	_	_	_	
3-9	111-115	weil	_	_	_	
3-10	116-119	ſie	Smell\_Source	_	_	
3-11	120-123	wie	Effect[1]	_	_	
3-12	124-132	Naͤglein	Effect[1]	_	_	
3-13	133-141	ſchmeckt	_	_	_	
3-14	142-145	und	_	_	_	
3-15	146-152	riecht	Smell\_Word	_	_	
3-16	152-153	,	_	_	_	
3-17	154-157	iſt	_	_	_	
3-18	158-166	ietziger	_	_	_	
3-19	167-171	Zeit	_	_	_	
3-20	172-174	ſo	_	_	_	
3-21	175-179	ſehr	_	_	_	
3-22	180-182	im	_	_	_	
3-23	183-189	Brauch	_	_	_	
3-24	189-190	,	_	_	_	
3-25	191-194	daß	_	_	_	
3-26	195-200	wenig	_	_	_	
3-27	201-215	Tabuletkraͤmer	_	_	_	
3-28	216-220	ſind	_	_	_	
3-29	220-221	,	_	_	_	
3-30	222-225	die	_	_	_	
3-31	226-229	ſie	_	_	_	
3-32	230-235	nicht	_	_	_	
3-33	235-236	,	_	_	_	
3-34	237-242	klein	_	_	_	
3-35	243-253	zerſtoſſen	_	_	_	
3-36	253-254	,	_	_	_	
3-37	255-259	fuͤr	_	_	_	
3-38	260-262	ge	_	_	_	
3-39	262-263	-	_	_	_	
3-40	265-273	ſtoſſene	_	_	_	
3-41	274-282	Naͤglein	_	_	_	
3-42	283-293	verkauffen	_	_	_	
3-43	294-300	ſolten	_	_	_	
3-44	300-301	,	_	_	_	
3-45	302-305	und	_	_	_	
3-46	306-312	dahero	_	_	_	
3-47	313-328	rechtſchaffenen	_	_	_	
3-48	329-342	Handelsleuten	_	_	_	
3-49	344-351	groſſen	_	_	_	
3-50	352-359	Schaden	_	_	_	
3-51	360-364	thun	_	_	_	
3-52	364-365	,	_	_	_	
3-53	366-370	weil	_	_	_	
3-54	371-374	die	_	_	_	
3-55	375-383	geſtoſſe	_	_	_	
3-56	383-384	-	_	_	_	
3-57	385-388	nen	_	_	_	
3-58	389-397	Naͤglein	_	_	_	
3-59	398-402	wohl	_	_	_	
3-60	403-407	vier	_	_	_	
3-61	408-411	bis	_	_	_	
3-62	412-422	fuͤnffmahl	_	_	_	
3-63	423-425	ſo	_	_	_	
3-64	427-433	theuer	_	_	_	
3-65	434-438	ſind	_	_	_	
3-66	438-439	,	_	_	_	
3-67	440-443	als	_	_	_	
3-68	444-449	dieſe	_	_	_	
3-69	450-455	Rinde	_	_	_	
3-70	455-456	.	_	_	_	

#Text=Sie ver-
#Text=kauffen dieſelbe auch gantz an die Buͤr-
#Text=ger und Paſtetenbecker, und bereden ſie,
#Text=es ſey die Rinde des Naͤgleinholtzes, wel-
#Text=ches doch die Unwahrheit, ſintemahl die
#Text=Naͤglein nirgend anders woher, als aus
#Text=der Jnſul Ternate kommen, dieſe Rin-
#Text=de aber kommt aus Braſilien, und der
#Text=Jnſul S.
4-1	457-460	Sie	_	_	_	
4-2	461-464	ver	_	_	_	
4-3	464-465	-	_	_	_	
4-4	466-473	kauffen	_	_	_	
4-5	474-482	dieſelbe	_	_	_	
4-6	483-487	auch	_	_	_	
4-7	488-493	gantz	_	_	_	
4-8	494-496	an	_	_	_	
4-9	497-500	die	_	_	_	
4-10	501-505	Buͤr	_	_	_	
4-11	505-506	-	_	_	_	
4-12	507-510	ger	_	_	_	
4-13	511-514	und	_	_	_	
4-14	515-529	Paſtetenbecker	_	_	_	
4-15	529-530	,	_	_	_	
4-16	531-534	und	_	_	_	
4-17	535-542	bereden	_	_	_	
4-18	543-546	ſie	_	_	_	
4-19	546-547	,	_	_	_	
4-20	548-550	es	_	_	_	
4-21	551-554	ſey	_	_	_	
4-22	555-558	die	_	_	_	
4-23	559-564	Rinde	_	_	_	
4-24	565-568	des	_	_	_	
4-25	569-584	Naͤgleinholtzes	_	_	_	
4-26	584-585	,	_	_	_	
4-27	586-589	wel	_	_	_	
4-28	589-590	-	_	_	_	
4-29	591-595	ches	_	_	_	
4-30	596-600	doch	_	_	_	
4-31	601-604	die	_	_	_	
4-32	605-615	Unwahrheit	_	_	_	
4-33	615-616	,	_	_	_	
4-34	617-626	ſintemahl	_	_	_	
4-35	627-630	die	_	_	_	
4-36	631-639	Naͤglein	_	_	_	
4-37	640-647	nirgend	_	_	_	
4-38	648-654	anders	_	_	_	
4-39	655-660	woher	_	_	_	
4-40	660-661	,	_	_	_	
4-41	662-665	als	_	_	_	
4-42	666-669	aus	_	_	_	
4-43	670-673	der	_	_	_	
4-44	674-679	Jnſul	_	_	_	
4-45	680-687	Ternate	_	_	_	
4-46	688-694	kommen	_	_	_	
4-47	694-695	,	_	_	_	
4-48	696-701	dieſe	_	_	_	
4-49	702-705	Rin	_	_	_	
4-50	705-706	-	_	_	_	
4-51	707-709	de	_	_	_	
4-52	710-714	aber	_	_	_	
4-53	715-720	kommt	_	_	_	
4-54	721-724	aus	_	_	_	
4-55	725-734	Braſilien	_	_	_	
4-56	734-735	,	_	_	_	
4-57	736-739	und	_	_	_	
4-58	740-743	der	_	_	_	
4-59	744-749	Jnſul	_	_	_	
4-60	750-751	S	_	_	_	
4-61	751-752	.	_	_	_	

#Text=Laurentius oder Mada-
#Text=gaſcar.
5-1	753-763	Laurentius	_	_	_	
5-2	764-768	oder	_	_	_	
5-3	769-773	Mada	_	_	_	
5-4	773-774	-	_	_	_	
5-5	775-781	gaſcar	_	_	_	
5-6	781-782	.	_	_	_	

#Text=Weil nun dieſe Rinde ſo vielfaͤltig ge-
#Text=brauchet wird, deswegen will ich ſagen,
#Text=man ſolle diejenige erwehlen, welche von
#Text=der erſten Schale, die insgemein grau
#Text=und hoͤckricht iſt, geſaubert worden, tan-
#Text=netfarben ſiehet, ſehr zarte iſt, und einen
#Text=
#Text=beiſſenden, ſcharffen aromatiſchen Ge-
#Text=ſchmack hat: mit einem Worte, die dem
#Text=Geſchmack der Naͤglein, ſo viel nur im-
#Text=mer moͤglich, beykomme.
6-1	786-790	Weil	_	_	_	
6-2	791-794	nun	_	_	_	
6-3	795-800	dieſe	_	_	_	
6-4	801-806	Rinde	_	_	_	
6-5	807-809	ſo	_	_	_	
6-6	810-821	vielfaͤltig	_	_	_	
6-7	822-824	ge	_	_	_	
6-8	824-825	-	_	_	_	
6-9	826-834	brauchet	_	_	_	
6-10	835-839	wird	_	_	_	
6-11	839-840	,	_	_	_	
6-12	841-849	deswegen	_	_	_	
6-13	850-854	will	_	_	_	
6-14	855-858	ich	_	_	_	
6-15	859-864	ſagen	_	_	_	
6-16	864-865	,	_	_	_	
6-17	866-869	man	_	_	_	
6-18	870-875	ſolle	_	_	_	
6-19	876-885	diejenige	_	_	_	
6-20	886-894	erwehlen	_	_	_	
6-21	894-895	,	_	_	_	
6-22	896-902	welche	_	_	_	
6-23	903-906	von	_	_	_	
6-24	907-910	der	_	_	_	
6-25	911-917	erſten	_	_	_	
6-26	918-924	Schale	_	_	_	
6-27	924-925	,	_	_	_	
6-28	926-929	die	_	_	_	
6-29	930-939	insgemein	_	_	_	
6-30	940-944	grau	_	_	_	
6-31	945-948	und	_	_	_	
6-32	949-959	hoͤckricht	_	_	_	
6-33	960-963	iſt	_	_	_	
6-34	963-964	,	_	_	_	
6-35	965-974	geſaubert	_	_	_	
6-36	975-981	worden	_	_	_	
6-37	981-982	,	_	_	_	
6-38	983-986	tan	_	_	_	
6-39	986-987	-	_	_	_	
6-40	988-997	netfarben	_	_	_	
6-41	998-1004	ſiehet	_	_	_	
6-42	1004-1005	,	_	_	_	
6-43	1006-1010	ſehr	_	_	_	
6-44	1011-1016	zarte	_	_	_	
6-45	1017-1020	iſt	_	_	_	
6-46	1020-1021	,	_	_	_	
6-47	1022-1025	und	_	_	_	
6-48	1026-1031	einen	_	_	_	
6-49	1033-1043	beiſſenden	_	_	_	
6-50	1043-1044	,	_	_	_	
6-51	1045-1054	ſcharffen	_	_	_	
6-52	1055-1067	aromatiſchen	_	_	_	
6-53	1068-1070	Ge	_	_	_	
6-54	1070-1071	-	_	_	_	
6-55	1072-1079	ſchmack	_	_	_	
6-56	1080-1083	hat	_	_	_	
6-57	1083-1084	:	_	_	_	
6-58	1085-1088	mit	_	_	_	
6-59	1089-1094	einem	_	_	_	
6-60	1095-1100	Worte	_	_	_	
6-61	1100-1101	,	_	_	_	
6-62	1102-1105	die	_	_	_	
6-63	1106-1109	dem	_	_	_	
6-64	1110-1119	Geſchmack	_	_	_	
6-65	1120-1123	der	_	_	_	
6-66	1124-1132	Naͤglein	_	_	_	
6-67	1132-1133	,	_	_	_	
6-68	1134-1136	ſo	_	_	_	
6-69	1137-1141	viel	_	_	_	
6-70	1142-1145	nur	_	_	_	
6-71	1146-1148	im	_	_	_	
6-72	1148-1149	-	_	_	_	
6-73	1150-1153	mer	_	_	_	
6-74	1154-1162	moͤglich	_	_	_	
6-75	1162-1163	,	_	_	_	
6-76	1164-1172	beykomme	_	_	_	
6-77	1172-1173	.	_	_	_	

#Text=Auch mag
#Text=man Achtung geben, daß ſie nicht mo-
#Text=dricht rieche, oder die Buͤndel mit dicken
#Text=Rinden, welche weder Geſchmack noch
#Text=Geruch haben, verfaͤlſchet ſeyen, welches
#Text=ſich gar ofte zutraͤgt.
7-1	1174-1178	Auch	_	_	_	
7-2	1179-1182	mag	_	_	_	
7-3	1183-1186	man	_	_	_	
7-4	1187-1194	Achtung	_	_	_	
7-5	1195-1200	geben	_	_	_	
7-6	1200-1201	,	_	_	_	
7-7	1202-1205	daß	_	_	_	
7-8	1206-1209	ſie	Smell\_Source	_	_	
7-9	1210-1215	nicht	Quality	_	_	
7-10	1216-1218	mo	Quality[2]	*	7-9[0_2]	
7-11	1218-1219	-	Quality[2]	_	_	
7-12	1220-1226	dricht	Quality[2]	_	_	
7-13	1227-1233	rieche	Smell\_Word	_	_	
7-14	1233-1234	,	_	_	_	
7-15	1235-1239	oder	_	_	_	
7-16	1240-1243	die	_	_	_	
7-17	1244-1251	Buͤndel	_	_	_	
7-18	1252-1255	mit	_	_	_	
7-19	1256-1262	dicken	_	_	_	
7-20	1263-1269	Rinden	Smell\_Source	_	_	
7-21	1269-1270	,	_	_	_	
7-22	1271-1277	welche	_	_	_	
7-23	1278-1283	weder	_	_	_	
7-24	1284-1293	Geſchmack	_	_	_	
7-25	1294-1298	noch	_	_	_	
7-26	1299-1305	Geruch	Smell\_Word	_	_	
7-27	1306-1311	haben	_	_	_	
7-28	1311-1312	,	_	_	_	
7-29	1313-1325	verfaͤlſchet	_	_	_	
7-30	1326-1331	ſeyen	_	_	_	
7-31	1331-1332	,	_	_	_	
7-32	1333-1340	welches	_	_	_	
7-33	1341-1345	ſich	_	_	_	
7-34	1346-1349	gar	_	_	_	
7-35	1350-1354	ofte	_	_	_	
7-36	1355-1363	zutraͤgt	_	_	_	
7-37	1363-1364	.	_	_	_	

#Text=Dieſe
#Text=Rinde wird gar nicht zur Artz-
#Text=ney gebraucht, es muͤſte denn von ſol-
#Text=chen Leuten geſchehen, die eine Tinctur
#Text=mit Brantwein oder Weinſpiritus dar-
#Text=aus ziehen, und dieſelbe ungeſcheut un-
#Text=ter dem Titel Naͤgleintinctur oder
#Text=Eſſentz verkauffen.
8-1	1368-1373	Dieſe	_	_	_	
8-2	1374-1379	Rinde	_	_	_	
8-3	1380-1384	wird	_	_	_	
8-4	1385-1388	gar	_	_	_	
8-5	1389-1394	nicht	_	_	_	
8-6	1395-1398	zur	_	_	_	
8-7	1399-1403	Artz	_	_	_	
8-8	1403-1404	-	_	_	_	
8-9	1405-1408	ney	_	_	_	
8-10	1409-1418	gebraucht	_	_	_	
8-11	1418-1419	,	_	_	_	
8-12	1420-1422	es	_	_	_	
8-13	1423-1429	muͤſte	_	_	_	
8-14	1430-1434	denn	_	_	_	
8-15	1435-1438	von	_	_	_	
8-16	1439-1442	ſol	_	_	_	
8-17	1442-1443	-	_	_	_	
8-18	1444-1448	chen	_	_	_	
8-19	1449-1455	Leuten	_	_	_	
8-20	1456-1465	geſchehen	_	_	_	
8-21	1465-1466	,	_	_	_	
8-22	1467-1470	die	_	_	_	
8-23	1471-1475	eine	_	_	_	
8-24	1476-1483	Tinctur	_	_	_	
8-25	1484-1487	mit	_	_	_	
8-26	1488-1497	Brantwein	_	_	_	
8-27	1498-1502	oder	_	_	_	
8-28	1503-1515	Weinſpiritus	_	_	_	
8-29	1516-1519	dar	_	_	_	
8-30	1519-1520	-	_	_	_	
8-31	1521-1524	aus	_	_	_	
8-32	1525-1531	ziehen	_	_	_	
8-33	1531-1532	,	_	_	_	
8-34	1533-1536	und	_	_	_	
8-35	1537-1545	dieſelbe	_	_	_	
8-36	1546-1556	ungeſcheut	_	_	_	
8-37	1557-1559	un	_	_	_	
8-38	1559-1560	-	_	_	_	
8-39	1561-1564	ter	_	_	_	
8-40	1565-1568	dem	_	_	_	
8-41	1569-1574	Titel	_	_	_	
8-42	1575-1590	Naͤgleintinctur	_	_	_	
8-43	1591-1595	oder	_	_	_	
8-44	1596-1603	Eſſentz	_	_	_	
8-45	1604-1614	verkauffen	_	_	_	
8-46	1614-1615	.	_	_	_	

#Text=Die Zuckerbecker
#Text=
#Text=nehmen ſie an ſtatt der Naͤglein, und
#Text=machen davon ihre alſo genañten uͤber-
#Text=
#Text=zogenen Naͤglein.
9-1	1616-1619	Die	_	_	_	
9-2	1620-1632	Zuckerbecker	_	_	_	
9-3	1634-1640	nehmen	_	_	_	
9-4	1641-1644	ſie	_	_	_	
9-5	1645-1647	an	_	_	_	
9-6	1648-1653	ſtatt	_	_	_	
9-7	1654-1657	der	_	_	_	
9-8	1658-1666	Naͤglein	_	_	_	
9-9	1666-1667	,	_	_	_	
9-10	1668-1671	und	_	_	_	
9-11	1672-1678	machen	_	_	_	
9-12	1679-1684	davon	_	_	_	
9-13	1685-1689	ihre	_	_	_	
9-14	1690-1694	alſo	_	_	_	
9-15	1695-1704	genañten	_	_	_	
9-16	1705-1710	uͤber	_	_	_	
9-17	1710-1711	-	_	_	_	
9-18	1713-1720	zogenen	_	_	_	
9-19	1721-1729	Naͤglein	_	_	_	
9-20	1729-1730	.	_	_	_	

#Text=Weil dieſe Wahre in kleinen Koͤrben,
#Text=die aus Rohr gemacht, und mit Blaͤt-
#Text=tern, welche gar angenehme anzuſehen,
#Text=umwickelt ſind, zu uns kommen, als ha-
#Text=be fuͤr gut angeſehen, zu vermelden, daß
#Text=dieſe Blaͤtter dasjenige ſeyn, welche der
#Text=P.
10-1	1734-1738	Weil	_	_	_	
10-2	1739-1744	dieſe	_	_	_	
10-3	1745-1750	Wahre	_	_	_	
10-4	1751-1753	in	_	_	_	
10-5	1754-1761	kleinen	_	_	_	
10-6	1762-1769	Koͤrben	_	_	_	
10-7	1769-1770	,	_	_	_	
10-8	1771-1774	die	_	_	_	
10-9	1775-1778	aus	_	_	_	
10-10	1779-1783	Rohr	_	_	_	
10-11	1784-1791	gemacht	_	_	_	
10-12	1791-1792	,	_	_	_	
10-13	1793-1796	und	_	_	_	
10-14	1797-1800	mit	_	_	_	
10-15	1801-1806	Blaͤt	_	_	_	
10-16	1806-1807	-	_	_	_	
10-17	1808-1812	tern	_	_	_	
10-18	1812-1813	,	_	_	_	
10-19	1814-1820	welche	_	_	_	
10-20	1821-1824	gar	_	_	_	
10-21	1825-1834	angenehme	_	_	_	
10-22	1835-1844	anzuſehen	_	_	_	
10-23	1844-1845	,	_	_	_	
10-24	1846-1855	umwickelt	_	_	_	
10-25	1856-1860	ſind	_	_	_	
10-26	1860-1861	,	_	_	_	
10-27	1862-1864	zu	_	_	_	
10-28	1865-1868	uns	_	_	_	
10-29	1869-1875	kommen	_	_	_	
10-30	1875-1876	,	_	_	_	
10-31	1877-1880	als	_	_	_	
10-32	1881-1883	ha	_	_	_	
10-33	1883-1884	-	_	_	_	
10-34	1885-1887	be	_	_	_	
10-35	1888-1892	fuͤr	_	_	_	
10-36	1893-1896	gut	_	_	_	
10-37	1897-1906	angeſehen	_	_	_	
10-38	1906-1907	,	_	_	_	
10-39	1908-1910	zu	_	_	_	
10-40	1911-1920	vermelden	_	_	_	
10-41	1920-1921	,	_	_	_	
10-42	1922-1925	daß	_	_	_	
10-43	1926-1931	dieſe	_	_	_	
10-44	1932-1940	Blaͤtter	_	_	_	
10-45	1941-1950	dasjenige	_	_	_	
10-46	1951-1955	ſeyn	_	_	_	
10-47	1955-1956	,	_	_	_	
10-48	1957-1963	welche	_	_	_	
10-49	1964-1967	der	_	_	_	
10-50	1968-1969	P	_	_	_	
10-51	1969-1970	.	_	_	_	

#Text=Plumier Arum hederaceum foliis bi-
#Text=ſectis, rigidis, ſcutatis, d. i.
11-1	1971-1978	Plumier	_	_	_	
11-2	1979-1983	Arum	_	_	_	
11-3	1984-1994	hederaceum	_	_	_	
11-4	1995-2001	foliis	_	_	_	
11-5	2002-2004	bi	_	_	_	
11-6	2004-2005	-	_	_	_	
11-7	2006-2012	ſectis	_	_	_	
11-8	2012-2013	,	_	_	_	
11-9	2014-2021	rigidis	_	_	_	
11-10	2021-2022	,	_	_	_	
11-11	2023-2031	ſcutatis	_	_	_	
11-12	2031-2032	,	_	_	_	
11-13	2033-2034	d	_	_	_	
11-14	2034-2035	.	_	_	_	
11-15	2036-2037	i	_	_	_	
11-16	2037-2038	.	_	_	_	

#Text=Arum mit ſtar-
#Text=cken, gefaltenen und geſpaltenen Blaͤt-
#Text=tern nennet.
12-1	2039-2043	Arum	_	_	_	
12-2	2044-2047	mit	_	_	_	
12-3	2048-2052	ſtar	_	_	_	
12-4	2052-2053	-	_	_	_	
12-5	2054-2058	cken	_	_	_	
12-6	2058-2059	,	_	_	_	
12-7	2060-2070	gefaltenen	_	_	_	
12-8	2071-2074	und	_	_	_	
12-9	2075-2086	geſpaltenen	_	_	_	
12-10	2087-2092	Blaͤt	_	_	_	
12-11	2092-2093	-	_	_	_	
12-12	2094-2098	tern	_	_	_	
12-13	2099-2105	nennet	_	_	_	
12-14	2105-2106	.	_	_	_	
