#FORMAT=WebAnno TSV 3.3
#T_SP=custom.Span|label
#T_RL=custom.Relation|label|BT_custom.Span


#Text=Jn Teutſchland werden die Mandlen in
#Text=dem Speyriſchen Biſtumb/ fuͤrnemlich bey
#Text=Landaw/ in zimlicher menge gefunden:
#Text=nach
#Text=
#Text=Hieronymi Tragi bericht wachßen zwey-oder
#Text=
#Text=dreyerley art der Mandeln an dem Rhein-
#Text=ſtrom/ inſonderheit an der Hart umb Wi-
#Text=desheim/
#Text=Newſtatt/ und fuͤrter hinab biß
#Text=gen Wachenheim.
1-1	2-4	Jn	_	_	_	
1-2	5-16	Teutſchland	_	_	_	
1-3	17-23	werden	_	_	_	
1-4	24-27	die	_	_	_	
1-5	28-35	Mandlen	_	_	_	
1-6	36-38	in	_	_	_	
1-7	39-42	dem	_	_	_	
1-8	43-54	Speyriſchen	_	_	_	
1-9	55-62	Biſtumb	_	_	_	
1-10	62-63	/	_	_	_	
1-11	64-75	fuͤrnemlich	_	_	_	
1-12	76-79	bey	_	_	_	
1-13	80-86	Landaw	_	_	_	
1-14	86-87	/	_	_	_	
1-15	88-90	in	_	_	_	
1-16	91-100	zimlicher	_	_	_	
1-17	101-106	menge	_	_	_	
1-18	107-115	gefunden	_	_	_	
1-19	115-116	:	_	_	_	
1-20	117-121	nach	_	_	_	
1-21	123-132	Hieronymi	_	_	_	
1-22	133-138	Tragi	_	_	_	
1-23	139-146	bericht	_	_	_	
1-24	147-154	wachßen	_	_	_	
1-25	155-164	zwey-oder	_	_	_	
1-26	166-175	dreyerley	_	_	_	
1-27	176-179	art	_	_	_	
1-28	180-183	der	_	_	_	
1-29	184-191	Mandeln	_	_	_	
1-30	192-194	an	_	_	_	
1-31	195-198	dem	_	_	_	
1-32	199-204	Rhein	_	_	_	
1-33	204-205	-	_	_	_	
1-34	206-211	ſtrom	_	_	_	
1-35	211-212	/	_	_	_	
1-36	213-225	inſonderheit	_	_	_	
1-37	226-228	an	_	_	_	
1-38	229-232	der	_	_	_	
1-39	233-237	Hart	_	_	_	
1-40	238-241	umb	_	_	_	
1-41	242-244	Wi	_	_	_	
1-42	244-245	-	_	_	_	
1-43	246-253	desheim	_	_	_	
1-44	253-254	/	_	_	_	
1-45	255-263	Newſtatt	_	_	_	
1-46	263-264	/	_	_	_	
1-47	265-268	und	_	_	_	
1-48	269-276	fuͤrter	_	_	_	
1-49	277-282	hinab	_	_	_	
1-50	283-286	biß	_	_	_	
1-51	287-290	gen	_	_	_	
1-52	291-301	Wachenheim	_	_	_	
1-53	301-302	.	_	_	_	

#Text=Die fuͤrnemſte
#Text=Weſt-Jndiſche Mandel-
#Text=baͤum ſind nachfolgende.
2-1	306-309	Die	_	_	_	
2-2	310-320	fuͤrnemſte	_	_	_	
2-3	321-334	Weſt-Jndiſche	_	_	_	
2-4	335-341	Mandel	_	_	_	
2-5	341-342	-	_	_	_	
2-6	343-348	baͤum	_	_	_	
2-7	349-353	ſind	_	_	_	
2-8	354-366	nachfolgende	_	_	_	
2-9	366-367	.	_	_	_	

#Text=Der Americaniſche Mandelbaum hat lan-
#Text=ge und ſchmale blaͤtter/ wie auch ein lange
#Text=und zimlich groſſe Frucht/ darinnen etliche
#Text=bittere ſteinlein ligen/
#Text=ſo nach Biſem riechen.
3-1	371-374	Der	_	_	_	
3-2	375-388	Americaniſche	_	_	_	
3-3	389-399	Mandelbaum	_	_	_	
3-4	400-403	hat	_	_	_	
3-5	404-407	lan	_	_	_	
3-6	407-408	-	_	_	_	
3-7	409-411	ge	_	_	_	
3-8	412-415	und	_	_	_	
3-9	416-423	ſchmale	_	_	_	
3-10	424-432	blaͤtter	_	_	_	
3-11	432-433	/	_	_	_	
3-12	434-437	wie	_	_	_	
3-13	438-442	auch	_	_	_	
3-14	443-446	ein	_	_	_	
3-15	447-452	lange	_	_	_	
3-16	453-456	und	_	_	_	
3-17	457-464	zimlich	_	_	_	
3-18	465-471	groſſe	_	_	_	
3-19	472-478	Frucht	_	_	_	
3-20	478-479	/	_	_	_	
3-21	480-488	darinnen	_	_	_	
3-22	489-496	etliche	_	_	_	
3-23	497-504	bittere	Smell\_Source[1]	_	_	
3-24	505-514	ſteinlein	Smell\_Source[1]	_	_	
3-25	515-520	ligen	_	_	_	
3-26	520-521	/	_	_	_	
3-27	522-524	ſo	_	_	_	
3-28	525-529	nach	Evoked\_Odorant[2]	_	_	
3-29	530-535	Biſem	Evoked\_Odorant[2]	_	_	
3-30	536-543	riechen	Smell\_Word	*|*	3-23[1_0]|3-28[2_0]	
3-31	543-544	.	_	_	_	

#Text=Die Kernen geben ein geſchmack wie die bit-
#Text=tere Mandeln/
#Text=doch iſt er etwas unlieblich:
#Text=
#Text=ſie ſind der Bruſt ſehr geſund:
#Text=man zeucht
#Text=davon ein oͤlichten Safft/ welcher erwei-
#Text=chet/ und die wuͤrckung der bitteren Man-
#Text=deln zu haben ſcheinet.
4-1	547-550	Die	_	_	_	
4-2	551-557	Kernen	_	_	_	
4-3	558-563	geben	_	_	_	
4-4	564-567	ein	_	_	_	
4-5	568-577	geſchmack	_	_	_	
4-6	578-581	wie	_	_	_	
4-7	582-585	die	_	_	_	
4-8	586-589	bit	_	_	_	
4-9	589-590	-	_	_	_	
4-10	591-595	tere	_	_	_	
4-11	596-603	Mandeln	_	_	_	
4-12	603-604	/	_	_	_	
4-13	605-609	doch	_	_	_	
4-14	610-613	iſt	_	_	_	
4-15	614-616	er	_	_	_	
4-16	617-622	etwas	_	_	_	
4-17	623-633	unlieblich	_	_	_	
4-18	633-634	:	_	_	_	
4-19	636-639	ſie	_	_	_	
4-20	640-644	ſind	_	_	_	
4-21	645-648	der	_	_	_	
4-22	649-654	Bruſt	_	_	_	
4-23	655-659	ſehr	_	_	_	
4-24	660-666	geſund	_	_	_	
4-25	666-667	:	_	_	_	
4-26	668-671	man	_	_	_	
4-27	672-678	zeucht	_	_	_	
4-28	679-684	davon	_	_	_	
4-29	685-688	ein	_	_	_	
4-30	689-698	oͤlichten	_	_	_	
4-31	699-704	Safft	_	_	_	
4-32	704-705	/	_	_	_	
4-33	706-713	welcher	_	_	_	
4-34	714-719	erwei	_	_	_	
4-35	719-720	-	_	_	_	
4-36	721-725	chet	_	_	_	
4-37	725-726	/	_	_	_	
4-38	727-730	und	_	_	_	
4-39	731-734	die	_	_	_	
4-40	735-744	wuͤrckung	_	_	_	
4-41	745-748	der	_	_	_	
4-42	749-757	bitteren	_	_	_	
4-43	758-761	Man	_	_	_	
4-44	761-762	-	_	_	_	
4-45	763-767	deln	_	_	_	
4-46	768-770	zu	_	_	_	
4-47	771-776	haben	_	_	_	
4-48	777-785	ſcheinet	_	_	_	
4-49	785-786	.	_	_	_	

#Text=Der Mexicaniſche Mandelbaum hat ein
#Text=gelben ſtamm/ wie auch gelbe wurtzeln und
#Text=blaͤtter/ die oben gruͤn/ aber unden weißlicht
#Text=
#Text=ſind.
5-1	790-793	Der	_	_	_	
5-2	794-806	Mexicaniſche	_	_	_	
5-3	807-817	Mandelbaum	_	_	_	
5-4	818-821	hat	_	_	_	
5-5	822-825	ein	_	_	_	
5-6	826-832	gelben	_	_	_	
5-7	833-838	ſtamm	_	_	_	
5-8	838-839	/	_	_	_	
5-9	840-843	wie	_	_	_	
5-10	844-848	auch	_	_	_	
5-11	849-854	gelbe	_	_	_	
5-12	855-863	wurtzeln	_	_	_	
5-13	864-867	und	_	_	_	
5-14	868-876	blaͤtter	_	_	_	
5-15	876-877	/	_	_	_	
5-16	878-881	die	_	_	_	
5-17	882-886	oben	_	_	_	
5-18	887-892	gruͤn	_	_	_	
5-19	892-893	/	_	_	_	
5-20	894-898	aber	_	_	_	
5-21	899-904	unden	_	_	_	
5-22	905-914	weißlicht	_	_	_	
5-23	916-920	ſind	_	_	_	
5-24	920-921	.	_	_	_	

#Text=Er tragt fuͤnfffaltige bleich-leibfarbe
#Text=Bluͤhte.
6-1	922-924	Er	_	_	_	
6-2	925-930	tragt	_	_	_	
6-3	931-944	fuͤnfffaltige	_	_	_	
6-4	945-961	bleich-leibfarbe	_	_	_	
6-5	962-969	Bluͤhte	_	_	_	
6-6	969-970	.	_	_	_	
