#FORMAT=WebAnno TSV 3.3
#T_SP=custom.Span|label
#T_RL=custom.Relation|label|BT_custom.Span


#Text=inwendig voll
#Text=rothes Saffts iſt/ den Maulbeeren an der
#Text=Geſtalt faſt gleich.
1-1	2-10	inwendig	_	_	_	
1-2	11-15	voll	_	_	_	
1-3	16-22	rothes	_	_	_	
1-4	23-29	Saffts	_	_	_	
1-5	30-33	iſt	_	_	_	
1-6	33-34	/	_	_	_	
1-7	35-38	den	_	_	_	
1-8	39-49	Maulbeeren	_	_	_	
1-9	50-52	an	_	_	_	
1-10	53-56	der	_	_	_	
1-11	57-64	Geſtalt	_	_	_	
1-12	65-69	faſt	_	_	_	
1-13	70-76	gleich	_	_	_	
1-14	76-77	.	_	_	_	

#Text=An den kleinen Neben-
#Text=ſtielen wachſen 3. oder 5.
2-1	78-80	An	_	_	_	
2-2	81-84	den	_	_	_	
2-3	85-92	kleinen	_	_	_	
2-4	93-98	Neben	_	_	_	
2-5	98-99	-	_	_	_	
2-6	100-107	ſtielen	_	_	_	
2-7	108-115	wachſen	_	_	_	
2-8	116-117	3	_	_	_	
2-9	117-118	.	_	_	_	
2-10	119-123	oder	_	_	_	
2-11	124-125	5	_	_	_	
2-12	125-126	.	_	_	_	

#Text=Blaͤtter/ auff einer
#Text=ſeiten weiß/
#Text=auff der andern aber ſtachlicht
#Text=und ſchwartz/ eines troͤcknenden zuſammen-
#Text=ziehenden geſchmacks.
3-1	127-135	Blaͤtter	_	_	_	
3-2	135-136	/	_	_	_	
3-3	137-141	auff	_	_	_	
3-4	142-147	einer	_	_	_	
3-5	148-154	ſeiten	_	_	_	
3-6	155-159	weiß	_	_	_	
3-7	159-160	/	_	_	_	
3-8	161-165	auff	_	_	_	
3-9	166-169	der	_	_	_	
3-10	170-176	andern	_	_	_	
3-11	177-181	aber	_	_	_	
3-12	182-192	ſtachlicht	_	_	_	
3-13	193-196	und	_	_	_	
3-14	197-205	ſchwartz	_	_	_	
3-15	205-206	/	_	_	_	
3-16	207-212	eines	_	_	_	
3-17	213-225	troͤcknenden	_	_	_	
3-18	226-234	zuſammen	_	_	_	
3-19	234-235	-	_	_	_	
3-20	236-245	ziehenden	_	_	_	
3-21	246-256	geſchmacks	_	_	_	
3-22	256-257	.	_	_	_	

#Text=Man findet die Brom-
#Text=beer allenthalben umb die Hecken.
4-1	258-261	Man	_	_	_	
4-2	262-268	findet	_	_	_	
4-3	269-272	die	_	_	_	
4-4	273-277	Brom	_	_	_	
4-5	277-278	-	_	_	_	
4-6	279-283	beer	_	_	_	
4-7	284-296	allenthalben	_	_	_	
4-8	297-300	umb	_	_	_	
4-9	301-304	die	_	_	_	
4-10	305-311	Hecken	_	_	_	
4-11	311-312	.	_	_	_	

#Text=Sie
#Text=
#Text=bluͤhen in dem anfang des Som̃ers/ aber die
#Text=Beere werden faſt am end deß Som̃ers zei-
#Text=tig.
5-1	313-316	Sie	_	_	_	
5-2	318-325	bluͤhen	_	_	_	
5-3	326-328	in	_	_	_	
5-4	329-332	dem	_	_	_	
5-5	333-339	anfang	_	_	_	
5-6	340-343	des	_	_	_	
5-7	344-351	Som̃ers	_	_	_	
5-8	351-352	/	_	_	_	
5-9	353-357	aber	_	_	_	
5-10	358-361	die	_	_	_	
5-11	362-367	Beere	_	_	_	
5-12	368-374	werden	_	_	_	
5-13	375-379	faſt	_	_	_	
5-14	380-382	am	_	_	_	
5-15	383-386	end	_	_	_	
5-16	387-390	deß	_	_	_	
5-17	391-398	Som̃ers	_	_	_	
5-18	399-402	zei	_	_	_	
5-19	402-403	-	_	_	_	
5-20	404-407	tig	_	_	_	
5-21	407-408	.	_	_	_	

#Text=Man findet noch ein Art der Brombeer-
#Text=ſtaudẽ/
#Text=ſo gemeiniglich ein gruͤne und bißwei-
#Text=len ein blawe/ jedoch kleinere Frucht bringet.
6-1	409-412	Man	_	_	_	
6-2	413-419	findet	_	_	_	
6-3	420-424	noch	_	_	_	
6-4	425-428	ein	_	_	_	
6-5	429-432	Art	_	_	_	
6-6	433-436	der	_	_	_	
6-7	437-445	Brombeer	_	_	_	
6-8	445-446	-	_	_	_	
6-9	447-453	ſtaudẽ	_	_	_	
6-10	453-454	/	_	_	_	
6-11	455-457	ſo	_	_	_	
6-12	458-470	gemeiniglich	_	_	_	
6-13	471-474	ein	_	_	_	
6-14	475-481	gruͤne	_	_	_	
6-15	482-485	und	_	_	_	
6-16	486-492	bißwei	_	_	_	
6-17	492-493	-	_	_	_	
6-18	494-497	len	_	_	_	
6-19	498-501	ein	_	_	_	
6-20	502-507	blawe	_	_	_	
6-21	507-508	/	_	_	_	
6-22	509-515	jedoch	_	_	_	
6-23	516-524	kleinere	_	_	_	
6-24	525-531	Frucht	_	_	_	
6-25	532-539	bringet	_	_	_	
6-26	539-540	.	_	_	_	

#Text=Die Americaniſche Brombeer-ſtaude iſt
#Text=ein anmuͤthig Gewaͤchs/ ſie
#Text=uͤberkombt ſehr
#Text=wohlriechende Blaͤtter/ welche ohne Ord-
#Text=nung die Reben oder Stengel umbgeben/
#Text=
#Text=derer viel auß ihrer Wurtzel herfuͤrſchieſſen/
#Text=
#Text=ſie ſind ſchwanck/
#Text=weichhaͤrig/
#Text=voll Marck/
#Text=
#Text=und ohne Doͤrn/ im Herbſt verlieret ſie jh-
#Text=re blaͤtter/ ohne allein oben nicht/ denn die
#Text=
#Text=ſchoͤßlein biß in Herbſt dauren/
#Text=hernach
#Text=abfallen/ und auch verdorꝛen.
7-1	544-547	Die	_	_	_	
7-2	548-561	Americaniſche	_	_	_	
7-3	562-577	Brombeer-ſtaude	_	_	_	
7-4	578-581	iſt	_	_	_	
7-5	582-585	ein	_	_	_	
7-6	586-595	anmuͤthig	_	_	_	
7-7	596-604	Gewaͤchs	_	_	_	
7-8	604-605	/	_	_	_	
7-9	606-609	ſie	_	_	_	
7-10	610-620	uͤberkombt	_	_	_	
7-11	621-625	ſehr	Quality[1]	_	_	
7-12	626-639	wohlriechende	Quality[1]|Smell\_Word[2]	*|*	7-13[0_2]|7-11[1_2]	
7-13	640-648	Blaͤtter	Smell\_Source	_	_	
7-14	648-649	/	_	_	_	
7-15	650-656	welche	_	_	_	
7-16	657-661	ohne	_	_	_	
7-17	662-665	Ord	_	_	_	
7-18	665-666	-	_	_	_	
7-19	667-671	nung	_	_	_	
7-20	672-675	die	_	_	_	
7-21	676-681	Reben	_	_	_	
7-22	682-686	oder	_	_	_	
7-23	687-694	Stengel	_	_	_	
7-24	695-703	umbgeben	_	_	_	
7-25	703-704	/	_	_	_	
7-26	706-711	derer	_	_	_	
7-27	712-716	viel	_	_	_	
7-28	717-720	auß	_	_	_	
7-29	721-726	ihrer	_	_	_	
7-30	727-734	Wurtzel	_	_	_	
7-31	735-751	herfuͤrſchieſſen	_	_	_	
7-32	751-752	/	_	_	_	
7-33	754-757	ſie	_	_	_	
7-34	758-762	ſind	_	_	_	
7-35	763-771	ſchwanck	_	_	_	
7-36	771-772	/	_	_	_	
7-37	773-784	weichhaͤrig	_	_	_	
7-38	784-785	/	_	_	_	
7-39	786-790	voll	_	_	_	
7-40	791-796	Marck	_	_	_	
7-41	796-797	/	_	_	_	
7-42	799-802	und	_	_	_	
7-43	803-807	ohne	_	_	_	
7-44	808-813	Doͤrn	_	_	_	
7-45	813-814	/	_	_	_	
7-46	815-817	im	_	_	_	
7-47	818-824	Herbſt	_	_	_	
7-48	825-834	verlieret	_	_	_	
7-49	835-838	ſie	_	_	_	
7-50	839-841	jh	_	_	_	
7-51	841-842	-	_	_	_	
7-52	843-845	re	_	_	_	
7-53	846-854	blaͤtter	_	_	_	
7-54	854-855	/	_	_	_	
7-55	856-860	ohne	_	_	_	
7-56	861-867	allein	_	_	_	
7-57	868-872	oben	_	_	_	
7-58	873-878	nicht	_	_	_	
7-59	878-879	/	_	_	_	
7-60	880-884	denn	_	_	_	
7-61	885-888	die	_	_	_	
7-62	890-900	ſchoͤßlein	_	_	_	
7-63	901-904	biß	_	_	_	
7-64	905-907	in	_	_	_	
7-65	908-914	Herbſt	_	_	_	
7-66	915-921	dauren	_	_	_	
7-67	921-922	/	_	_	_	
7-68	923-930	hernach	_	_	_	
7-69	931-939	abfallen	_	_	_	
7-70	939-940	/	_	_	_	
7-71	941-944	und	_	_	_	
7-72	945-949	auch	_	_	_	
7-73	950-959	verdorꝛen	_	_	_	
7-74	959-960	.	_	_	_	

#Text=Jhre Blu-
#Text=men erſcheinen oben wie wilde Roſen/
#Text=beſte-
#Text=hen auß 5. blaͤtteren/ und geben ein Vio-
#Text=lenfarb von ſich/ in der mitte des Kelchlins
8-1	961-965	Jhre	_	_	_	
8-2	966-969	Blu	_	_	_	
8-3	969-970	-	_	_	_	
8-4	971-974	men	_	_	_	
8-5	975-985	erſcheinen	_	_	_	
8-6	986-990	oben	_	_	_	
8-7	991-994	wie	_	_	_	
8-8	995-1000	wilde	_	_	_	
8-9	1001-1006	Roſen	_	_	_	
8-10	1006-1007	/	_	_	_	
8-11	1008-1013	beſte	_	_	_	
8-12	1013-1014	-	_	_	_	
8-13	1015-1018	hen	_	_	_	
8-14	1019-1022	auß	_	_	_	
8-15	1023-1024	5	_	_	_	
8-16	1024-1025	.	_	_	_	
8-17	1026-1036	blaͤtteren	_	_	_	
8-18	1036-1037	/	_	_	_	
8-19	1038-1041	und	_	_	_	
8-20	1042-1047	geben	_	_	_	
8-21	1048-1051	ein	_	_	_	
8-22	1052-1055	Vio	_	_	_	
8-23	1055-1056	-	_	_	_	
8-24	1057-1064	lenfarb	_	_	_	
8-25	1065-1068	von	_	_	_	
8-26	1069-1073	ſich	_	_	_	
8-27	1073-1074	/	_	_	_	
8-28	1075-1077	in	_	_	_	
8-29	1078-1081	der	_	_	_	
8-30	1082-1087	mitte	_	_	_	
8-31	1088-1091	des	_	_	_	
8-32	1092-1101	Kelchlins	_	_	_	
