#FORMAT=WebAnno TSV 3.3


#Text=l ' orecchio del figlio della terra, pure gl ' ispira un senso secreto,
#Text=una invincibile pietà, che destandogli nell ' anima le rimembranze
#Text=tristamente soavi lo sforza al pianto.¹ Bello sei, o cielo
#Text=d ' Italia, sia che la notte od il giorno ti allegri, e veramente opera
#Text=divina.
1-1	0-1	l	
1-2	2-3	'	
1-3	4-12	orecchio	
1-4	13-16	del	
1-5	17-23	figlio	
1-6	24-29	della	
1-7	30-35	terra	
1-8	35-36	,	
1-9	37-41	pure	
1-10	42-44	gl	
1-11	45-46	'	
1-12	47-53	ispira	
1-13	54-56	un	
1-14	57-62	senso	
1-15	63-70	secreto	
1-16	70-71	,	
1-17	72-75	una	
1-18	76-87	invincibile	
1-19	88-93	pietà	
1-20	93-94	,	
1-21	95-98	che	
1-22	99-110	destandogli	
1-23	111-115	nell	
1-24	116-117	'	
1-25	118-123	anima	
1-26	124-126	le	
1-27	127-138	rimembranze	
1-28	139-150	tristamente	
1-29	151-156	soavi	
1-30	157-159	lo	
1-31	160-166	sforza	
1-32	167-169	al	
1-33	170-176	pianto	
1-34	176-178	.¹	
1-35	179-184	Bello	
1-36	185-188	sei	
1-37	188-189	,	
1-38	190-191	o	
1-39	192-197	cielo	
1-40	198-199	d	
1-41	200-201	'	
1-42	202-208	Italia	
1-43	208-209	,	
1-44	210-213	sia	
1-45	214-217	che	
1-46	218-220	la	
1-47	221-226	notte	
1-48	227-229	od	
1-49	230-232	il	
1-50	233-239	giorno	
1-51	240-242	ti	
1-52	243-250	allegri	
1-53	250-251	,	
1-54	252-253	e	
1-55	254-263	veramente	
1-56	264-269	opera	
1-57	270-276	divina	
1-58	276-277	.	

#Text=Quando la Italia sedeva regina del mondo, tu l ' eri convenevole
#Text=padiglione; ma ora..... i valorosi sono morti, i monumenti dispersi,
#Text=la fama stessa dileguata..... e perchè, o cielo, a tua posta non
#Text=muti?
2-1	278-284	Quando	
2-2	285-287	la	
2-3	288-294	Italia	
2-4	295-301	sedeva	
2-5	302-308	regina	
2-6	309-312	del	
2-7	313-318	mondo	
2-8	318-319	,	
2-9	320-322	tu	
2-10	323-324	l	
2-11	325-326	'	
2-12	327-330	eri	
2-13	331-342	convenevole	
2-14	343-353	padiglione	
2-15	353-354	;	
2-16	355-357	ma	
2-17	358-361	ora	
2-18	361-362	.	
2-19	362-363	.	
2-20	363-364	.	
2-21	364-365	.	
2-22	365-366	.	
2-23	367-368	i	
2-24	369-377	valorosi	
2-25	378-382	sono	
2-26	383-388	morti	
2-27	388-389	,	
2-28	390-391	i	
2-29	392-401	monumenti	
2-30	402-410	dispersi	
2-31	410-411	,	
2-32	412-414	la	
2-33	415-419	fama	
2-34	420-426	stessa	
2-35	427-436	dileguata	
2-36	436-437	.	
2-37	437-438	.	
2-38	438-439	.	
2-39	439-440	.	
2-40	440-441	.	
2-41	442-443	e	
2-42	444-450	perchè	
2-43	450-451	,	
2-44	452-453	o	
2-45	454-459	cielo	
2-46	459-460	,	
2-47	461-462	a	
2-48	463-466	tua	
2-49	467-472	posta	
2-50	473-476	non	
2-51	477-481	muti	
2-52	481-482	?	

#Text=--Il manto funerale della bellezza non è oscuro; la gente lo
#Text=sceglie di lieto colore, l ' orna co ' fiori della gioia, e tenta
#Text=ingannarsi sopra una vita che non è più: onde i sospiri, e gli
#Text=addii, che le si fanno al suo discendere nella fossa, non sono come a
#Text=persona morta, ma come a tale che deve lungo tempo starsi lontana da
#Text=noi.
3-1	482-483	-	
3-2	483-484	-	
3-3	484-486	Il	
3-4	487-492	manto	
3-5	493-501	funerale	
3-6	502-507	della	
3-7	508-516	bellezza	
3-8	517-520	non	
3-9	521-522	è	
3-10	523-529	oscuro	
3-11	529-530	;	
3-12	531-533	la	
3-13	534-539	gente	
3-14	540-542	lo	
3-15	543-550	sceglie	
3-16	551-553	di	
3-17	554-559	lieto	
3-18	560-566	colore	
3-19	566-567	,	
3-20	568-569	l	
3-21	570-571	'	
3-22	572-576	orna	
3-23	577-579	co	
3-24	580-581	'	
3-25	582-587	fiori	
3-26	588-593	della	
3-27	594-599	gioia	
3-28	599-600	,	
3-29	601-602	e	
3-30	603-608	tenta	
3-31	609-619	ingannarsi	
3-32	620-625	sopra	
3-33	626-629	una	
3-34	630-634	vita	
3-35	635-638	che	
3-36	639-642	non	
3-37	643-644	è	
3-38	645-648	più	
3-39	648-649	:	
3-40	650-654	onde	
3-41	655-656	i	
3-42	657-664	sospiri	
3-43	664-665	,	
3-44	666-667	e	
3-45	668-671	gli	
3-46	672-677	addii	
3-47	677-678	,	
3-48	679-682	che	
3-49	683-685	le	
3-50	686-688	si	
3-51	689-694	fanno	
3-52	695-697	al	
3-53	698-701	suo	
3-54	702-712	discendere	
3-55	713-718	nella	
3-56	719-724	fossa	
3-57	724-725	,	
3-58	726-729	non	
3-59	730-734	sono	
3-60	735-739	come	
3-61	740-741	a	
3-62	742-749	persona	
3-63	750-755	morta	
3-64	755-756	,	
3-65	757-759	ma	
3-66	760-764	come	
3-67	765-766	a	
3-68	767-771	tale	
3-69	772-775	che	
3-70	776-780	deve	
3-71	781-786	lungo	
3-72	787-792	tempo	
3-73	793-799	starsi	
3-74	800-807	lontana	
3-75	808-810	da	
3-76	811-814	noi	
3-77	814-815	.	

#Text=L ' eterna sapienza che governa il creato concesse questo bel cielo
#Text=alla Italia, onde le fosse splendido testimonio nei suoi giorni di
#Text=gloria, e conforto in quelli più lunghi della sventura.
4-1	816-817	L	
4-2	818-819	'	
4-3	820-826	eterna	
4-4	827-835	sapienza	
4-5	836-839	che	
4-6	840-847	governa	
4-7	848-850	il	
4-8	851-857	creato	
4-9	858-866	concesse	
4-10	867-873	questo	
4-11	874-877	bel	
4-12	878-883	cielo	
4-13	884-888	alla	
4-14	889-895	Italia	
4-15	895-896	,	
4-16	897-901	onde	
4-17	902-904	le	
4-18	905-910	fosse	
4-19	911-920	splendido	
4-20	921-931	testimonio	
4-21	932-935	nei	
4-22	936-940	suoi	
4-23	941-947	giorni	
4-24	948-950	di	
4-25	951-957	gloria	
4-26	957-958	,	
4-27	959-960	e	
4-28	961-969	conforto	
4-29	970-972	in	
4-30	973-979	quelli	
4-31	980-983	più	
4-32	984-990	lunghi	
4-33	991-996	della	
4-34	997-1005	sventura	
4-35	1005-1006	.	

#Text=Egli solo
#Text=è rimasto, perchè l ' ira degli uomini non ce lo ha potuto
#Text=rapire....
#Text=
#Text=¹ Questa è opinione di Pitagora
#Text=
#Text=E la terra!
5-1	1007-1011	Egli	
5-2	1012-1016	solo	
5-3	1017-1018	è	
5-4	1019-1026	rimasto	
5-5	1026-1027	,	
5-6	1028-1034	perchè	
5-7	1035-1036	l	
5-8	1037-1038	'	
5-9	1039-1042	ira	
5-10	1043-1048	degli	
5-11	1049-1055	uomini	
5-12	1056-1059	non	
5-13	1060-1062	ce	
5-14	1063-1065	lo	
5-15	1066-1068	ha	
5-16	1069-1075	potuto	
5-17	1076-1082	rapire	
5-18	1082-1083	.	
5-19	1083-1084	.	
5-20	1084-1085	.	
5-21	1085-1086	.	
5-22	1088-1089	¹	
5-23	1090-1096	Questa	
5-24	1097-1098	è	
5-25	1099-1107	opinione	
5-26	1108-1110	di	
5-27	1111-1119	Pitagora	
5-28	1121-1122	E	
5-29	1123-1125	la	
5-30	1126-1131	terra	
5-31	1131-1132	!	

#Text=--Ogni zolla contiene la cenere del cuore di un eroe.
6-1	1132-1133	-	
6-2	1133-1134	-	
6-3	1134-1138	Ogni	
6-4	1139-1144	zolla	
6-5	1145-1153	contiene	
6-6	1154-1156	la	
6-7	1157-1163	cenere	
6-8	1164-1167	del	
6-9	1168-1173	cuore	
6-10	1174-1176	di	
6-11	1177-1179	un	
6-12	1180-1184	eroe	
6-13	1184-1185	.	

#Text=I
#Text=nostri passi sono su la polvere dei grandi... i passi di noi più
#Text=meritevoli di andare sepolti sotto la polvere!
7-1	1186-1187	I	
7-2	1188-1194	nostri	
7-3	1195-1200	passi	
7-4	1201-1205	sono	
7-5	1206-1208	su	
7-6	1209-1211	la	
7-7	1212-1219	polvere	
7-8	1220-1223	dei	
7-9	1224-1230	grandi	
7-10	1230-1231	.	
7-11	1231-1232	.	
7-12	1232-1233	.	
7-13	1234-1235	i	
7-14	1236-1241	passi	
7-15	1242-1244	di	
7-16	1245-1248	noi	
7-17	1249-1252	più	
7-18	1253-1263	meritevoli	
7-19	1264-1266	di	
7-20	1267-1273	andare	
7-21	1274-1281	sepolti	
7-22	1282-1287	sotto	
7-23	1288-1290	la	
7-24	1291-1298	polvere	
7-25	1298-1299	!	

#Text=Solo lo straniero
#Text=conosce le nostre storie, e pieno di reverenza teme ad ogni orma che
#Text=muove si sollevi dalla terra una voce che gridi: codardo, perchè
#Text=calpesti un valoroso?
8-1	1300-1304	Solo	
8-2	1305-1307	lo	
8-3	1308-1317	straniero	
8-4	1318-1325	conosce	
8-5	1326-1328	le	
8-6	1329-1335	nostre	
8-7	1336-1342	storie	
8-8	1342-1343	,	
8-9	1344-1345	e	
8-10	1346-1351	pieno	
8-11	1352-1354	di	
8-12	1355-1364	reverenza	
8-13	1365-1369	teme	
8-14	1370-1372	ad	
8-15	1373-1377	ogni	
8-16	1378-1382	orma	
8-17	1383-1386	che	
8-18	1387-1392	muove	
8-19	1393-1395	si	
8-20	1396-1403	sollevi	
8-21	1404-1409	dalla	
8-22	1410-1415	terra	
8-23	1416-1419	una	
8-24	1420-1424	voce	
8-25	1425-1428	che	
8-26	1429-1434	gridi	
8-27	1434-1435	:	
8-28	1436-1443	codardo	
8-29	1443-1444	,	
8-30	1445-1451	perchè	
8-31	1452-1460	calpesti	
8-32	1461-1463	un	
8-33	1464-1472	valoroso	
8-34	1472-1473	?	

#Text=Va pur franco, straniero, chè ogni avanzo di
#Text=vita sia bene spento sul limitare della morte, nè questi tramonti
#Text=conoscano crepuscolo; nè dai sepolcri esca grido di trapassato,
#Text=dove non ve lo ponga il valore, o la pietà dei viventi.
9-1	1474-1476	Va	
9-2	1477-1480	pur	
9-3	1481-1487	franco	
9-4	1487-1488	,	
9-5	1489-1498	straniero	
9-6	1498-1499	,	
9-7	1500-1503	chè	
9-8	1504-1508	ogni	
9-9	1509-1515	avanzo	
9-10	1516-1518	di	
9-11	1519-1523	vita	
9-12	1524-1527	sia	
9-13	1528-1532	bene	
9-14	1533-1539	spento	
9-15	1540-1543	sul	
9-16	1544-1552	limitare	
9-17	1553-1558	della	
9-18	1559-1564	morte	
9-19	1564-1565	,	
9-20	1566-1568	nè	
9-21	1569-1575	questi	
9-22	1576-1584	tramonti	
9-23	1585-1594	conoscano	
9-24	1595-1605	crepuscolo	
9-25	1605-1606	;	
9-26	1607-1609	nè	
9-27	1610-1613	dai	
9-28	1614-1622	sepolcri	
9-29	1623-1627	esca	
9-30	1628-1633	grido	
9-31	1634-1636	di	
9-32	1637-1647	trapassato	
9-33	1647-1648	,	
9-34	1649-1653	dove	
9-35	1654-1657	non	
9-36	1658-1660	ve	
9-37	1661-1663	lo	
9-38	1664-1669	ponga	
9-39	1670-1672	il	
9-40	1673-1679	valore	
9-41	1679-1680	,	
9-42	1681-1682	o	
9-43	1683-1685	la	
9-44	1686-1691	pietà	
9-45	1692-1695	dei	
9-46	1696-1703	viventi	
9-47	1703-1704	.	

#Text=Agli
#Text=avviliti le tombe offrono la stanza del cadavere sformato, piuttosto
#Text=che l ' altare dei magnanimi sensi; la mente trascorre al lezzo,
#Text=piuttostochè alla gloria: e noi siamo da gran tempo tali, che non
#Text=osiamo popolare gli avelli co ' sublimi fantasmi della grandezza.
10-1	1705-1709	Agli	
10-2	1710-1718	avviliti	
10-3	1719-1721	le	
10-4	1722-1727	tombe	
10-5	1728-1735	offrono	
10-6	1736-1738	la	
10-7	1739-1745	stanza	
10-8	1746-1749	del	
10-9	1750-1758	cadavere	
10-10	1759-1767	sformato	
10-11	1767-1768	,	
10-12	1769-1778	piuttosto	
10-13	1779-1782	che	
10-14	1783-1784	l	
10-15	1785-1786	'	
10-16	1787-1793	altare	
10-17	1794-1797	dei	
10-18	1798-1807	magnanimi	
10-19	1808-1813	sensi	
10-20	1813-1814	;	
10-21	1815-1817	la	
10-22	1818-1823	mente	
10-23	1824-1833	trascorre	
10-24	1834-1836	al	
10-25	1837-1842	lezzo	
10-26	1842-1843	,	
10-27	1844-1856	piuttostochè	
10-28	1857-1861	alla	
10-29	1862-1868	gloria	
10-30	1868-1869	:	
10-31	1870-1871	e	
10-32	1872-1875	noi	
10-33	1876-1881	siamo	
10-34	1882-1884	da	
10-35	1885-1889	gran	
10-36	1890-1895	tempo	
10-37	1896-1900	tali	
10-38	1900-1901	,	
10-39	1902-1905	che	
10-40	1906-1909	non	
10-41	1910-1916	osiamo	
10-42	1917-1925	popolare	
10-43	1926-1929	gli	
10-44	1930-1936	avelli	
10-45	1937-1939	co	
10-46	1940-1941	'	
10-47	1942-1949	sublimi	
10-48	1950-1958	fantasmi	
10-49	1959-1964	della	
10-50	1965-1974	grandezza	
10-51	1974-1975	.	

#Text=A che
#Text=mai sorgerebbero le forme venerate dei padri?
11-1	1976-1977	A	
11-2	1978-1981	che	
11-3	1982-1985	mai	
11-4	1986-1998	sorgerebbero	
11-5	1999-2001	le	
11-6	2002-2007	forme	
11-7	2008-2016	venerate	
11-8	2017-2020	dei	
11-9	2021-2026	padri	
11-10	2026-2027	?	

#Text=Forse a vedere di qual
#Text=condanna vada fulminata la loro schiatta infelice?
12-1	2028-2033	Forse	
12-2	2034-2035	a	
12-3	2036-2042	vedere	
12-4	2043-2045	di	
12-5	2046-2050	qual	
12-6	2051-2059	condanna	
12-7	2060-2064	vada	
12-8	2065-2074	fulminata	
12-9	2075-2077	la	
12-10	2078-2082	loro	
12-11	2083-2091	schiatta	
12-12	2092-2100	infelice	
12-13	2100-2101	?	

#Text=Forse a conoscere
#Text=che non vive cuore italiano che palpiti per le glorie italiane?
13-1	2102-2107	Forse	
13-2	2108-2109	a	
13-3	2110-2119	conoscere	
13-4	2120-2123	che	
13-5	2124-2127	non	
13-6	2128-2132	vive	
13-7	2133-2138	cuore	
13-8	2139-2147	italiano	
13-9	2148-2151	che	
13-10	2152-2159	palpiti	
13-11	2160-2163	per	
13-12	2164-2166	le	
13-13	2167-2173	glorie	
13-14	2174-2182	italiane	
13-15	2182-2183	?	

#Text=Risparmiatevi, o padri, questo amaro cordoglio: risparmiateci, o
#Text=padri, la rampogna delle vostre sembianze: la morte stia convenevole
#Text=spazio tra noi.
14-1	2184-2197	Risparmiatevi	
14-2	2197-2198	,	
14-3	2199-2200	o	
14-4	2201-2206	padri	
14-5	2206-2207	,	
14-6	2208-2214	questo	
14-7	2215-2220	amaro	
14-8	2221-2230	cordoglio	
14-9	2230-2231	:	
14-10	2232-2245	risparmiateci	
14-11	2245-2246	,	
14-12	2247-2248	o	
14-13	2249-2254	padri	
14-14	2254-2255	,	
14-15	2256-2258	la	
14-16	2259-2267	rampogna	
14-17	2268-2273	delle	
14-18	2274-2280	vostre	
14-19	2281-2290	sembianze	
14-20	2290-2291	:	
14-21	2292-2294	la	
14-22	2295-2300	morte	
14-23	2301-2305	stia	
14-24	2306-2317	convenevole	
14-25	2318-2324	spazio	
14-26	2325-2328	tra	
14-27	2329-2332	noi	
14-28	2332-2333	.	

#Text=--Possano questi secoli non essere rammentati nella
#Text=Storia!
15-1	2333-2334	-	
15-2	2334-2335	-	
15-3	2335-2342	Possano	
15-4	2343-2349	questi	
15-5	2350-2356	secoli	
15-6	2357-2360	non	
15-7	2361-2367	essere	
15-8	2368-2378	rammentati	
15-9	2379-2384	nella	
15-10	2385-2391	Storia	
15-11	2391-2392	!	

#Text=Possano i posteri lasciarci il retaggio che solo aneliamo....
#Text=l ' oblio!
16-1	2393-2400	Possano	
16-2	2401-2402	i	
16-3	2403-2410	posteri	
16-4	2411-2420	lasciarci	
16-5	2421-2423	il	
16-6	2424-2432	retaggio	
16-7	2433-2436	che	
16-8	2437-2441	solo	
16-9	2442-2450	aneliamo	
16-10	2450-2451	.	
16-11	2451-2452	.	
16-12	2452-2453	.	
16-13	2453-2454	.	
16-14	2455-2456	l	
16-15	2457-2458	'	
16-16	2459-2464	oblio	
16-17	2464-2465	!	

#Text=Per cui sono quei frutti?
17-1	2467-2470	Per	
17-2	2471-2474	cui	
17-3	2475-2479	sono	
17-4	2480-2484	quei	
17-5	2485-2491	frutti	
17-6	2491-2492	?	

#Text=La terra non cura saperlo: ella li presenta
#Text=liberale a chiunque stende la mano per raccoglierli.
18-1	2493-2495	La	
18-2	2496-2501	terra	
18-3	2502-2505	non	
18-4	2506-2510	cura	
18-5	2511-2518	saperlo	
18-6	2518-2519	:	
18-7	2520-2524	ella	
18-8	2525-2527	li	
18-9	2528-2536	presenta	
18-10	2537-2545	liberale	
18-11	2546-2547	a	
18-12	2548-2556	chiunque	
18-13	2557-2563	stende	
18-14	2564-2566	la	
18-15	2567-2571	mano	
18-16	2572-2575	per	
18-17	2576-2588	raccoglierli	
18-18	2588-2589	.	

#Text=Una spada di
#Text=fuoco fu posta a guardia dell ' Eden, e i padri peccatori ed i figli
#Text=innocenti ne perderono la speranza della vista....
19-1	2590-2593	Una	
19-2	2594-2599	spada	
19-3	2600-2602	di	
19-4	2603-2608	fuoco	
19-5	2609-2611	fu	
19-6	2612-2617	posta	
19-7	2618-2619	a	
19-8	2620-2627	guardia	
19-9	2628-2632	dell	
19-10	2633-2634	'	
19-11	2635-2639	Eden	
19-12	2639-2640	,	
19-13	2641-2642	e	
19-14	2643-2644	i	
19-15	2645-2650	padri	
19-16	2651-2660	peccatori	
19-17	2661-2663	ed	
19-18	2664-2665	i	
19-19	2666-2671	figli	
19-20	2672-2681	innocenti	
19-21	2682-2684	ne	
19-22	2685-2694	perderono	
19-23	2695-2697	la	
19-24	2698-2706	speranza	
19-25	2707-2712	della	
19-26	2713-2718	vista	
19-27	2718-2719	.	
19-28	2719-2720	.	
19-29	2720-2721	.	
19-30	2721-2722	.	

#Text=Se in voi non rugge
#Text=ardimento di battaglia.... maledetto colui che manderà il gemito
#Text=della viltà.... abbiatevi almeno quello che può avere di grande
#Text=il vituperio.... soffrite muti.
20-1	2723-2725	Se	
20-2	2726-2728	in	
20-3	2729-2732	voi	
20-4	2733-2736	non	
20-5	2737-2742	rugge	
20-6	2743-2752	ardimento	
20-7	2753-2755	di	
20-8	2756-2765	battaglia	
20-9	2765-2766	.	
20-10	2766-2767	.	
20-11	2767-2768	.	
20-12	2768-2769	.	
20-13	2770-2779	maledetto	
20-14	2780-2785	colui	
20-15	2786-2789	che	
20-16	2790-2797	manderà	
20-17	2798-2800	il	
20-18	2801-2807	gemito	
20-19	2808-2813	della	
20-20	2814-2819	viltà	
20-21	2819-2820	.	
20-22	2820-2821	.	
20-23	2821-2822	.	
20-24	2822-2823	.	
20-25	2824-2833	abbiatevi	
20-26	2834-2840	almeno	
20-27	2841-2847	quello	
20-28	2848-2851	che	
20-29	2852-2855	può	
20-30	2856-2861	avere	
20-31	2862-2864	di	
20-32	2865-2871	grande	
20-33	2872-2874	il	
20-34	2875-2884	vituperio	
20-35	2884-2885	.	
20-36	2885-2886	.	
20-37	2886-2887	.	
20-38	2887-2888	.	
20-39	2889-2897	soffrite	
20-40	2898-2902	muti	
20-41	2902-2903	.	

#Text=Io racconto una storia di delitti, delitti atroci e crudeli, quali
#Text=uomini scellerati, che hanno in odio il Creatore e la creatura,
#Text=possono commettere: quali appena si stimerebbe che vi fosse orecchio
#Text=da intenderli, non che anima da divisarli, e braccio da eseguirli.
21-1	2905-2907	Io	
21-2	2908-2916	racconto	
21-3	2917-2920	una	
21-4	2921-2927	storia	
21-5	2928-2930	di	
21-6	2931-2938	delitti	
21-7	2938-2939	,	
21-8	2940-2947	delitti	
21-9	2948-2954	atroci	
21-10	2955-2956	e	
21-11	2957-2964	crudeli	
21-12	2964-2965	,	
21-13	2966-2971	quali	
21-14	2972-2978	uomini	
21-15	2979-2989	scellerati	
21-16	2989-2990	,	
21-17	2991-2994	che	
21-18	2995-3000	hanno	
21-19	3001-3003	in	
21-20	3004-3008	odio	
21-21	3009-3011	il	
21-22	3012-3020	Creatore	
21-23	3021-3022	e	
21-24	3023-3025	la	
21-25	3026-3034	creatura	
21-26	3034-3035	,	
21-27	3036-3043	possono	
21-28	3044-3054	commettere	
21-29	3054-3055	:	
21-30	3056-3061	quali	
21-31	3062-3068	appena	
21-32	3069-3071	si	
21-33	3072-3082	stimerebbe	
21-34	3083-3086	che	
21-35	3087-3089	vi	
21-36	3090-3095	fosse	
21-37	3096-3104	orecchio	
21-38	3105-3107	da	
21-39	3108-3118	intenderli	
21-40	3118-3119	,	
21-41	3120-3123	non	
21-42	3124-3127	che	
21-43	3128-3133	anima	
21-44	3134-3136	da	
21-45	3137-3146	divisarli	
21-46	3146-3147	,	
21-47	3148-3149	e	
21-48	3150-3157	braccio	
21-49	3158-3160	da	
21-50	3161-3170	eseguirli	
21-51	3170-3171	.	

#Text=Nè alcuno mi accusi ch ' io mi proponga atterrire anzichè
#Text=ammaestrare la gente.
22-1	3172-3174	Nè	
22-2	3175-3181	alcuno	
22-3	3182-3184	mi	
22-4	3185-3191	accusi	
22-5	3192-3194	ch	
22-6	3195-3196	'	
22-7	3197-3199	io	
22-8	3200-3202	mi	
22-9	3203-3211	proponga	
22-10	3212-3221	atterrire	
22-11	3222-3229	anzichè	
22-12	3230-3241	ammaestrare	
22-13	3242-3244	la	
22-14	3245-3250	gente	
22-15	3250-3251	.	

#Text=Lieve cosa è il detto, ma la parola della
#Text=sapienza non vola sovente dal labbro degli uomini.
23-1	3252-3257	Lieve	
23-2	3258-3262	cosa	
23-3	3263-3264	è	
23-4	3265-3267	il	
23-5	3268-3273	detto	
23-6	3273-3274	,	
23-7	3275-3277	ma	
23-8	3278-3280	la	
23-9	3281-3287	parola	
23-10	3288-3293	della	
23-11	3294-3302	sapienza	
23-12	3303-3306	non	
23-13	3307-3311	vola	
23-14	3312-3319	sovente	
23-15	3320-3323	dal	
23-16	3324-3330	labbro	
23-17	3331-3336	degli	
23-18	3337-3343	uomini	
23-19	3343-3344	.	

#Text=Mediti prima chi
#Text=tale avvisa accusarmi su le vicende dei secoli; mediti sopra il cuore
#Text=degli uomini, e veda la storia dei generosi esser fatta pei generosi.
24-1	3345-3351	Mediti	
24-2	3352-3357	prima	
24-3	3358-3361	chi	
24-4	3362-3366	tale	
24-5	3367-3373	avvisa	
24-6	3374-3383	accusarmi	
24-7	3384-3386	su	
24-8	3387-3389	le	
24-9	3390-3397	vicende	
24-10	3398-3401	dei	
24-11	3402-3408	secoli	
24-12	3408-3409	;	
24-13	3410-3416	mediti	
24-14	3417-3422	sopra	
24-15	3423-3425	il	
24-16	3426-3431	cuore	
24-17	3432-3437	degli	
24-18	3438-3444	uomini	
24-19	3444-3445	,	
24-20	3446-3447	e	
24-21	3448-3452	veda	
24-22	3453-3455	la	
24-23	3456-3462	storia	
24-24	3463-3466	dei	
24-25	3467-3475	generosi	
24-26	3476-3481	esser	
24-27	3482-3487	fatta	
24-28	3488-3491	pei	
24-29	3492-3500	generosi	
24-30	3500-3501	.	

#Text=Di niun sorriso va lieto l ' aspetto della virtù; suo solo compenso
#Text=la gloria:--altissimo e primo veramente tra i conforti concessi alla
#Text=decaduta schiatta di Adamo!
25-1	3502-3504	Di	
25-2	3505-3509	niun	
25-3	3510-3517	sorriso	
25-4	3518-3520	va	
25-5	3521-3526	lieto	
25-6	3527-3528	l	
25-7	3529-3530	'	
25-8	3531-3538	aspetto	
25-9	3539-3544	della	
25-10	3545-3550	virtù	
25-11	3550-3551	;	
25-12	3552-3555	suo	
25-13	3556-3560	solo	
25-14	3561-3569	compenso	
25-15	3570-3572	la	
25-16	3573-3579	gloria	
25-17	3579-3580	:	
25-18	3580-3581	-	
25-19	3581-3582	-	
25-20	3582-3591	altissimo	
25-21	3592-3593	e	
25-22	3594-3599	primo	
25-23	3600-3609	veramente	
25-24	3610-3613	tra	
25-25	3614-3615	i	
25-26	3616-3624	conforti	
25-27	3625-3633	concessi	
25-28	3634-3638	alla	
25-29	3639-3647	decaduta	
25-30	3648-3656	schiatta	
25-31	3657-3659	di	
25-32	3660-3665	Adamo	
25-33	3665-3666	!	

#Text=ma altissimo e primo pei cuori gentili che
#Text=sanno amarla, vivere per essa, e per essa morire.
26-1	3667-3669	ma	
26-2	3670-3679	altissimo	
26-3	3680-3681	e	
26-4	3682-3687	primo	
26-5	3688-3691	pei	
26-6	3692-3697	cuori	
26-7	3698-3705	gentili	
26-8	3706-3709	che	
26-9	3710-3715	sanno	
26-10	3716-3722	amarla	
26-11	3722-3723	,	
26-12	3724-3730	vivere	
26-13	3731-3734	per	
26-14	3735-3739	essa	
26-15	3739-3740	,	
26-16	3741-3742	e	
26-17	3743-3746	per	
26-18	3747-3751	essa	
26-19	3752-3758	morire	
26-20	3758-3759	.	

#Text=Laddove il vizio
#Text=abbia inaridito le menti, e le anime languiscano appassite dalla
#Text=costumanza del male, che sono essi mai i fantasmi della gloria?
27-1	3760-3767	Laddove	
27-2	3768-3770	il	
27-3	3771-3776	vizio	
27-4	3777-3782	abbia	
27-5	3783-3792	inaridito	
27-6	3793-3795	le	
27-7	3796-3801	menti	
27-8	3801-3802	,	
27-9	3803-3804	e	
27-10	3805-3807	le	
27-11	3808-3813	anime	
27-12	3814-3825	languiscano	
27-13	3826-3835	appassite	
27-14	3836-3841	dalla	
27-15	3842-3852	costumanza	
27-16	3853-3856	del	
27-17	3857-3861	male	
27-18	3861-3862	,	
27-19	3863-3866	che	
27-20	3867-3871	sono	
27-21	3872-3876	essi	
27-22	3877-3880	mai	
27-23	3881-3882	i	
27-24	3883-3891	fantasmi	
27-25	3892-3897	della	
27-26	3898-3904	gloria	
27-27	3904-3905	?	

#Text=Nomi
#Text=di scherno, soggetti di riso.
28-1	3906-3910	Nomi	
28-2	3911-3913	di	
28-3	3914-3921	scherno	
28-4	3921-3922	,	
28-5	3923-3931	soggetti	
28-6	3932-3934	di	
28-7	3935-3939	riso	
28-8	3939-3940	.	

#Text=Più veemente forza si vuole che non
#Text=è la voce della virtù.
29-1	3941-3944	Più	
29-2	3945-3953	veemente	
29-3	3954-3959	forza	
29-4	3960-3962	si	
29-5	3963-3968	vuole	
29-6	3969-3972	che	
29-7	3973-3976	non	
29-8	3977-3978	è	
29-9	3979-3981	la	
29-10	3982-3986	voce	
29-11	3987-3992	della	
29-12	3993-3998	virtù	
29-13	3998-3999	.	

#Text=Lo aspetto delle rovine del misfatto
#Text=può commuovere quegli spiriti, o nessuna altra cosa lo può.
30-1	4000-4002	Lo	
30-2	4003-4010	aspetto	
30-3	4011-4016	delle	
30-4	4017-4023	rovine	
30-5	4024-4027	del	
30-6	4028-4036	misfatto	
30-7	4037-4040	può	
30-8	4041-4051	commuovere	
30-9	4052-4058	quegli	
30-10	4059-4066	spiriti	
30-11	4066-4067	,	
30-12	4068-4069	o	
30-13	4070-4077	nessuna	
30-14	4078-4083	altra	
30-15	4084-4088	cosa	
30-16	4089-4091	lo	
30-17	4092-4095	può	
30-18	4095-4096	.	

#Text=La
#Text=sola voce tremenda dell ' Arcangelo spezza le lapide, e suscita i
#Text=trapassati dal letargo della morte....
31-1	4097-4099	La	
31-2	4100-4104	sola	
31-3	4105-4109	voce	
31-4	4110-4118	tremenda	
31-5	4119-4123	dell	
31-6	4124-4125	'	
31-7	4126-4135	Arcangelo	
31-8	4136-4142	spezza	
31-9	4143-4145	le	
31-10	4146-4152	lapide	
31-11	4152-4153	,	
31-12	4154-4155	e	
31-13	4156-4163	suscita	
31-14	4164-4165	i	
31-15	4166-4176	trapassati	
31-16	4177-4180	dal	
31-17	4181-4188	letargo	
31-18	4189-4194	della	
31-19	4195-4200	morte	
31-20	4200-4201	.	
31-21	4201-4202	.	
31-22	4202-4203	.	
31-23	4203-4204	.	

#Text=È l ' ultimo grado del crepuscolo; un raggio mestissimo si diffonde
#Text=lungo i lidi fiorenti di Napoli.
32-1	4206-4207	È	
32-2	4208-4209	l	
32-3	4210-4211	'	
32-4	4212-4218	ultimo	
32-5	4219-4224	grado	
32-6	4225-4228	del	
32-7	4229-4239	crepuscolo	
32-8	4239-4240	;	
32-9	4241-4243	un	
32-10	4244-4250	raggio	
32-11	4251-4261	mestissimo	
32-12	4262-4264	si	
32-13	4265-4273	diffonde	
32-14	4274-4279	lungo	
32-15	4280-4281	i	
32-16	4282-4286	lidi	
32-17	4287-4295	fiorenti	
32-18	4296-4298	di	
32-19	4299-4305	Napoli	
32-20	4305-4306	.	

#Text=Le vette dei monti Tifata, Vesuvio, e
#Text=degli Appennini che lo ricingono da un lato, ardono di luce vermiglia,
#Text=che a mano a mano degradando nelle montagne più lontane si smarrisce
#Text=nel buio della notte sorvegnente, come il tempo si confonde nella
#Text=eternità.
33-1	4307-4309	Le	
33-2	4310-4315	vette	
33-3	4316-4319	dei	
33-4	4320-4325	monti	
33-5	4326-4332	Tifata	
33-6	4332-4333	,	
33-7	4334-4341	Vesuvio	
33-8	4341-4342	,	
33-9	4343-4344	e	
33-10	4345-4350	degli	
33-11	4351-4360	Appennini	
33-12	4361-4364	che	
33-13	4365-4367	lo	
33-14	4368-4377	ricingono	
33-15	4378-4380	da	
33-16	4381-4383	un	
33-17	4384-4388	lato	
33-18	4388-4389	,	
33-19	4390-4396	ardono	
33-20	4397-4399	di	
33-21	4400-4404	luce	
33-22	4405-4414	vermiglia	
33-23	4414-4415	,	
33-24	4416-4419	che	
33-25	4420-4421	a	
33-26	4422-4426	mano	
33-27	4427-4428	a	
33-28	4429-4433	mano	
33-29	4434-4444	degradando	
33-30	4445-4450	nelle	
33-31	4451-4459	montagne	
33-32	4460-4463	più	
33-33	4464-4471	lontane	
33-34	4472-4474	si	
33-35	4475-4484	smarrisce	
33-36	4485-4488	nel	
33-37	4489-4493	buio	
33-38	4494-4499	della	
33-39	4500-4505	notte	
33-40	4506-4517	sorvegnente	
33-41	4517-4518	,	
33-42	4519-4523	come	
33-43	4524-4526	il	
33-44	4527-4532	tempo	
33-45	4533-4535	si	
33-46	4536-4544	confonde	
33-47	4545-4550	nella	
33-48	4551-4559	eternità	
33-49	4559-4560	.	

#Text=Soave spira il venticello della sera, che ora sommuove a
#Text=fior di ala la marina, ora lambisce l ' alito odoroso del melarancio,
#Text=dell ' aloè, e di ogni più doviziosa pianta dell ' orientale
#Text=vegetazione, che allegra le coste di Posilipo e di Mergellina, e quasi
#Text=per vaghezza ne circonda il passeggero, e lo sospinge al cielo come un
#Text=tributo che offre la terra al suo Creatore.
34-1	4561-4566	Soave	
34-2	4567-4572	spira	
34-3	4573-4575	il	
34-4	4576-4586	venticello	
34-5	4587-4592	della	
34-6	4593-4597	sera	
34-7	4597-4598	,	
34-8	4599-4602	che	
34-9	4603-4606	ora	
34-10	4607-4615	sommuove	
34-11	4616-4617	a	
34-12	4618-4622	fior	
34-13	4623-4625	di	
34-14	4626-4629	ala	
34-15	4630-4632	la	
34-16	4633-4639	marina	
34-17	4639-4640	,	
34-18	4641-4644	ora	
34-19	4645-4653	lambisce	
34-20	4654-4655	l	
34-21	4656-4657	'	
34-22	4658-4663	alito	
34-23	4664-4671	odoroso	
34-24	4672-4675	del	
34-25	4676-4686	melarancio	
34-26	4686-4687	,	
34-27	4688-4692	dell	
34-28	4693-4694	'	
34-29	4695-4699	aloè	
34-30	4699-4700	,	
34-31	4701-4702	e	
34-32	4703-4705	di	
34-33	4706-4710	ogni	
34-34	4711-4714	più	
34-35	4715-4724	doviziosa	
34-36	4725-4731	pianta	
34-37	4732-4736	dell	
34-38	4737-4738	'	
34-39	4739-4748	orientale	
34-40	4749-4760	vegetazione	
34-41	4760-4761	,	
34-42	4762-4765	che	
34-43	4766-4773	allegra	
34-44	4774-4776	le	
34-45	4777-4782	coste	
34-46	4783-4785	di	
34-47	4786-4794	Posilipo	
34-48	4795-4796	e	
34-49	4797-4799	di	
34-50	4800-4810	Mergellina	
34-51	4810-4811	,	
34-52	4812-4813	e	
34-53	4814-4819	quasi	
34-54	4820-4823	per	
34-55	4824-4832	vaghezza	
34-56	4833-4835	ne	
34-57	4836-4844	circonda	
34-58	4845-4847	il	
34-59	4848-4858	passeggero	
34-60	4858-4859	,	
34-61	4860-4861	e	
34-62	4862-4864	lo	
34-63	4865-4873	sospinge	
34-64	4874-4876	al	
34-65	4877-4882	cielo	
34-66	4883-4887	come	
34-67	4888-4890	un	
34-68	4891-4898	tributo	
34-69	4899-4902	che	
34-70	4903-4908	offre	
34-71	4909-4911	la	
34-72	4912-4917	terra	
34-73	4918-4920	al	
34-74	4921-4924	suo	
34-75	4925-4933	Creatore	
34-76	4933-4934	.	

#Text=Dolce suona il canto della
#Text=sera col quale il vassallo si annunzia da lontano alla sua famiglia.
35-1	4935-4940	Dolce	
35-2	4941-4946	suona	
35-3	4947-4949	il	
35-4	4950-4955	canto	
35-5	4956-4961	della	
35-6	4962-4966	sera	
35-7	4967-4970	col	
35-8	4971-4976	quale	
35-9	4977-4979	il	
35-10	4980-4988	vassallo	
35-11	4989-4991	si	
35-12	4992-5000	annunzia	
35-13	5001-5003	da	
35-14	5004-5011	lontano	
35-15	5012-5016	alla	
35-16	5017-5020	sua	
35-17	5021-5029	famiglia	
35-18	5029-5030	.	

#Text=Dolce s ' inalza l ' inno del saluto che il pescatore volge alla luna
#Text=sorgente dai monti opposti, mentre co ' remi percuote a misura le onde
#Text=del golfo di Napoli.
36-1	5031-5036	Dolce	
36-2	5037-5038	s	
36-3	5039-5040	'	
36-4	5041-5047	inalza	
36-5	5048-5049	l	
36-6	5050-5051	'	
36-7	5052-5056	inno	
36-8	5057-5060	del	
36-9	5061-5067	saluto	
36-10	5068-5071	che	
36-11	5072-5074	il	
36-12	5075-5084	pescatore	
36-13	5085-5090	volge	
36-14	5091-5095	alla	
36-15	5096-5100	luna	
36-16	5101-5109	sorgente	
36-17	5110-5113	dai	
36-18	5114-5119	monti	
36-19	5120-5127	opposti	
36-20	5127-5128	,	
36-21	5129-5135	mentre	
36-22	5136-5138	co	
36-23	5139-5140	'	
36-24	5141-5145	remi	
36-25	5146-5154	percuote	
36-26	5155-5156	a	
36-27	5157-5163	misura	
36-28	5164-5166	le	
36-29	5167-5171	onde	
36-30	5172-5175	del	
36-31	5176-5181	golfo	
36-32	5182-5184	di	
36-33	5185-5191	Napoli	
36-34	5191-5192	.	

#Text=Bella è la tua terra, o infelice contrada,
#Text=bella quanto il paradiso terrestre nei primi giorni della creazione!
37-1	5193-5198	Bella	
37-2	5199-5200	è	
37-3	5201-5203	la	
37-4	5204-5207	tua	
37-5	5208-5213	terra	
37-6	5213-5214	,	
37-7	5215-5216	o	
37-8	5217-5225	infelice	
37-9	5226-5234	contrada	
37-10	5234-5235	,	
37-11	5236-5241	bella	
37-12	5242-5248	quanto	
37-13	5249-5251	il	
37-14	5252-5260	paradiso	
37-15	5261-5270	terrestre	
37-16	5271-5274	nei	
37-17	5275-5280	primi	
37-18	5281-5287	giorni	
37-19	5288-5293	della	
37-20	5294-5303	creazione	
37-21	5303-5304	!	

#Text=Ma sotto una volta del castello capuano, splendida dimora del Re
#Text=Manfredi, che mena ai giardini reali, un giovane insensibile a tanta
#Text=magnificenza della Natura traccia sopra la sabbia disordinati segni
#Text=con la punta della spada.
38-1	5306-5308	Ma	
38-2	5309-5314	sotto	
38-3	5315-5318	una	
38-4	5319-5324	volta	
38-5	5325-5328	del	
38-6	5329-5337	castello	
38-7	5338-5345	capuano	
38-8	5345-5346	,	
38-9	5347-5356	splendida	
38-10	5357-5363	dimora	
38-11	5364-5367	del	
38-12	5368-5370	Re	
38-13	5371-5379	Manfredi	
38-14	5379-5380	,	
38-15	5381-5384	che	
38-16	5385-5389	mena	
38-17	5390-5392	ai	
38-18	5393-5401	giardini	
38-19	5402-5407	reali	
38-20	5407-5408	,	
38-21	5409-5411	un	
38-22	5412-5419	giovane	
38-23	5420-5431	insensibile	
38-24	5432-5433	a	
38-25	5434-5439	tanta	
38-26	5440-5452	magnificenza	
38-27	5453-5458	della	
38-28	5459-5465	Natura	
38-29	5466-5473	traccia	
38-30	5474-5479	sopra	
38-31	5480-5482	la	
38-32	5483-5489	sabbia	
38-33	5490-5501	disordinati	
38-34	5502-5507	segni	
38-35	5508-5511	con	
38-36	5512-5514	la	
38-37	5515-5520	punta	
38-38	5521-5526	della	
38-39	5527-5532	spada	
38-40	5532-5533	.	

#Text=Bello e maestoso si presenta allo aspetto: i
#Text=biondissimi capelli divisi in mezzo alla fronte gli pendono giù per
#Text=le spalle; il volto per ogni parte leggiadro; ma i suoi grandi occhi
#Text=azzurri spesso si avvolgono ferocemente sotto le ciglia abbassate,
#Text=spesso si fissano immobili, e in diversa direzione, per la
#Text=intensità del pensiero, come se osservassero alcuna cosa al di
#Text=là di questo mondo.
39-1	5534-5539	Bello	
39-2	5540-5541	e	
39-3	5542-5550	maestoso	
39-4	5551-5553	si	
39-5	5554-5562	presenta	
39-6	5563-5567	allo	
39-7	5568-5575	aspetto	
39-8	5575-5576	:	
39-9	5577-5578	i	
39-10	5579-5590	biondissimi	
39-11	5591-5598	capelli	
39-12	5599-5605	divisi	
39-13	5606-5608	in	
39-14	5609-5614	mezzo	
39-15	5615-5619	alla	
39-16	5620-5626	fronte	
39-17	5627-5630	gli	
39-18	5631-5638	pendono	
39-19	5639-5642	giù	
39-20	5643-5646	per	
39-21	5647-5649	le	
39-22	5650-5656	spalle	
39-23	5656-5657	;	
39-24	5658-5660	il	
39-25	5661-5666	volto	
39-26	5667-5670	per	
39-27	5671-5675	ogni	
39-28	5676-5681	parte	
39-29	5682-5691	leggiadro	
39-30	5691-5692	;	
39-31	5693-5695	ma	
39-32	5696-5697	i	
39-33	5698-5702	suoi	
39-34	5703-5709	grandi	
39-35	5710-5715	occhi	
39-36	5716-5723	azzurri	
39-37	5724-5730	spesso	
39-38	5731-5733	si	
39-39	5734-5743	avvolgono	
39-40	5744-5755	ferocemente	
39-41	5756-5761	sotto	
39-42	5762-5764	le	
39-43	5765-5771	ciglia	
39-44	5772-5781	abbassate	
39-45	5781-5782	,	
39-46	5783-5789	spesso	
39-47	5790-5792	si	
39-48	5793-5800	fissano	
39-49	5801-5809	immobili	
39-50	5809-5810	,	
39-51	5811-5812	e	
39-52	5813-5815	in	
39-53	5816-5823	diversa	
39-54	5824-5833	direzione	
39-55	5833-5834	,	
39-56	5835-5838	per	
39-57	5839-5841	la	
39-58	5842-5851	intensità	
39-59	5852-5855	del	
39-60	5856-5864	pensiero	
39-61	5864-5865	,	
39-62	5866-5870	come	
39-63	5871-5873	se	
39-64	5874-5886	osservassero	
39-65	5887-5893	alcuna	
39-66	5894-5898	cosa	
39-67	5899-5901	al	
39-68	5902-5904	di	
39-69	5905-5907	là	
39-70	5908-5910	di	
39-71	5911-5917	questo	
39-72	5918-5923	mondo	
39-73	5923-5924	.	

#Text=Sopra la sua fronte sta un segno che non vide
#Text=mai la fronte della giovinezza.
40-1	5925-5930	Sopra	
40-2	5931-5933	la	
40-3	5934-5937	sua	
40-4	5938-5944	fronte	
40-5	5945-5948	sta	
40-6	5949-5951	un	
40-7	5952-5957	segno	
40-8	5958-5961	che	
40-9	5962-5965	non	
40-10	5966-5970	vide	
40-11	5971-5974	mai	
40-12	5975-5977	la	
40-13	5978-5984	fronte	
40-14	5985-5990	della	
40-15	5991-6001	giovinezza	
40-16	6001-6002	.	

#Text=Qual cosa può avere impresso questo
#Text=marchio inamabile degli anni su la testa di colui che ne vide
41-1	6003-6007	Qual	
41-2	6008-6012	cosa	
41-3	6013-6016	può	
41-4	6017-6022	avere	
41-5	6023-6031	impresso	
41-6	6032-6038	questo	
41-7	6039-6046	marchio	
41-8	6047-6056	inamabile	
41-9	6057-6062	degli	
41-10	6063-6067	anni	
41-11	6068-6070	su	
41-12	6071-6073	la	
41-13	6074-6079	testa	
41-14	6080-6082	di	
41-15	6083-6088	colui	
41-16	6089-6092	che	
41-17	6093-6095	ne	
41-18	6096-6100	vide	
