#FORMAT=WebAnno TSV 3.3


#Text=Caput 6
#Text=
#Text=
#Text=1 Et rex Antiochus perambulabat superiores regiones, et audivit esse civitatem Elymaidem in Perside nobilissimam, et copiosam in argento et auro, 2 templumque in ea locuples valde, et illic velamina aurea, et loricæ, et scuta, quæ reliquit Alexander Philippi rex Macedo, qui regnavit primus in Græcia.
#Text=3 Et venit, et quærebat capere civitatem, et deprædari eam : et non potuit, quoniam innotuit sermo his qui erant in civitate : 4 et insurrexerunt in prælium, et fugit inde, et abiit cum tristitia magna, et reversus est in Babyloniam.
#Text=5 Et venit qui nuntiaret ei in Perside, quia fugata sunt castra quæ erant in terra Juda : 6 et quia abiit Lysias cum virtute forti in primis, et fugatus est a facie Judæorum, et invaluerunt armis, et viribus, et spoliis multis, quæ ceperunt de castris, quæ exciderunt : 7 et quia diruerunt abominationem, quam ædificaverat super altare quod erat in Jerusalem : et sanctificationem, sicut prius, circumdederunt muris excelsis, sed et Bethsuram civitatem suam.
#Text=8 Et factum est ut audivit rex sermones istos, expavit, et commotus est valde : et decidit in lectum, et incidit in languorem præ tristitia, quia non factum est ei sicut cogitabat.
#Text=9 Et erat illic per dies multos, quia renovata est in eo tristitia magna, et arbitratus est se mori.
#Text=10 Et vocavit omnes amicos suos, et dixit illis : Recessit somnus ab oculis meis, et concidi, et corrui corde præ sollicitudine : 11 et dixi in corde meo : In quantam tribulationem deveni, et in quos fluctus tristitiæ, in qua nunc sum : qui jucundus eram, et dilectus in potestate mea !
1-1	2-7	Caput	
1-2	8-9	6	
1-3	12-13	1	
1-4	14-16	Et	
1-5	17-20	rex	
1-6	21-30	Antiochus	
1-7	31-43	perambulabat	
1-8	44-54	superiores	
1-9	55-63	regiones	
1-10	63-64	,	
1-11	65-67	et	
1-12	68-75	audivit	
1-13	76-80	esse	
1-14	81-90	civitatem	
1-15	91-100	Elymaidem	
1-16	101-103	in	
1-17	104-111	Perside	
1-18	112-124	nobilissimam	
1-19	124-125	,	
1-20	126-128	et	
1-21	129-137	copiosam	
1-22	138-140	in	
1-23	141-148	argento	
1-24	149-151	et	
1-25	152-156	auro	
1-26	156-157	,	
1-27	158-159	2	
1-28	160-170	templumque	
1-29	171-173	in	
1-30	174-176	ea	
1-31	177-185	locuples	
1-32	186-191	valde	
1-33	191-192	,	
1-34	193-195	et	
1-35	196-201	illic	
1-36	202-210	velamina	
1-37	211-216	aurea	
1-38	216-217	,	
1-39	218-220	et	
1-40	221-227	loricæ	
1-41	227-228	,	
1-42	229-231	et	
1-43	232-237	scuta	
1-44	237-238	,	
1-45	239-242	quæ	
1-46	243-251	reliquit	
1-47	252-261	Alexander	
1-48	262-270	Philippi	
1-49	271-274	rex	
1-50	275-281	Macedo	
1-51	281-282	,	
1-52	283-286	qui	
1-53	287-295	regnavit	
1-54	296-302	primus	
1-55	303-305	in	
1-56	306-312	Græcia	
1-57	312-313	.	
1-58	314-315	3	
1-59	316-318	Et	
1-60	319-324	venit	
1-61	324-325	,	
1-62	326-328	et	
1-63	329-337	quærebat	
1-64	338-344	capere	
1-65	345-354	civitatem	
1-66	354-355	,	
1-67	356-358	et	
1-68	359-368	deprædari	
1-69	369-372	eam	
1-70	373-374	:	
1-71	375-377	et	
1-72	378-381	non	
1-73	382-388	potuit	
1-74	388-389	,	
1-75	390-397	quoniam	
1-76	398-406	innotuit	
1-77	407-412	sermo	
1-78	413-416	his	
1-79	417-420	qui	
1-80	421-426	erant	
1-81	427-429	in	
1-82	430-438	civitate	
1-83	439-440	:	
1-84	441-442	4	
1-85	443-445	et	
1-86	446-459	insurrexerunt	
1-87	460-462	in	
1-88	463-470	prælium	
1-89	470-471	,	
1-90	472-474	et	
1-91	475-480	fugit	
1-92	481-485	inde	
1-93	485-486	,	
1-94	487-489	et	
1-95	490-495	abiit	
1-96	496-499	cum	
1-97	500-509	tristitia	
1-98	510-515	magna	
1-99	515-516	,	
1-100	517-519	et	
1-101	520-528	reversus	
1-102	529-532	est	
1-103	533-535	in	
1-104	536-546	Babyloniam	
1-105	546-547	.	
1-106	548-549	5	
1-107	550-552	Et	
1-108	553-558	venit	
1-109	559-562	qui	
1-110	563-572	nuntiaret	
1-111	573-575	ei	
1-112	576-578	in	
1-113	579-586	Perside	
1-114	586-587	,	
1-115	588-592	quia	
1-116	593-599	fugata	
1-117	600-604	sunt	
1-118	605-611	castra	
1-119	612-615	quæ	
1-120	616-621	erant	
1-121	622-624	in	
1-122	625-630	terra	
1-123	631-635	Juda	
1-124	636-637	:	
1-125	638-639	6	
1-126	640-642	et	
1-127	643-647	quia	
1-128	648-653	abiit	
1-129	654-660	Lysias	
1-130	661-664	cum	
1-131	665-672	virtute	
1-132	673-678	forti	
1-133	679-681	in	
1-134	682-688	primis	
1-135	688-689	,	
1-136	690-692	et	
1-137	693-700	fugatus	
1-138	701-704	est	
1-139	705-706	a	
1-140	707-712	facie	
1-141	713-721	Judæorum	
1-142	721-722	,	
1-143	723-725	et	
1-144	726-737	invaluerunt	
1-145	738-743	armis	
1-146	743-744	,	
1-147	745-747	et	
1-148	748-755	viribus	
1-149	755-756	,	
1-150	757-759	et	
1-151	760-767	spoliis	
1-152	768-774	multis	
1-153	774-775	,	
1-154	776-779	quæ	
1-155	780-788	ceperunt	
1-156	789-791	de	
1-157	792-799	castris	
1-158	799-800	,	
1-159	801-804	quæ	
1-160	805-815	exciderunt	
1-161	816-817	:	
1-162	818-819	7	
1-163	820-822	et	
1-164	823-827	quia	
1-165	828-837	diruerunt	
1-166	838-851	abominationem	
1-167	851-852	,	
1-168	853-857	quam	
1-169	858-870	ædificaverat	
1-170	871-876	super	
1-171	877-883	altare	
1-172	884-888	quod	
1-173	889-893	erat	
1-174	894-896	in	
1-175	897-906	Jerusalem	
1-176	907-908	:	
1-177	909-911	et	
1-178	912-928	sanctificationem	
1-179	928-929	,	
1-180	930-935	sicut	
1-181	936-941	prius	
1-182	941-942	,	
1-183	943-957	circumdederunt	
1-184	958-963	muris	
1-185	964-972	excelsis	
1-186	972-973	,	
1-187	974-977	sed	
1-188	978-980	et	
1-189	981-990	Bethsuram	
1-190	991-1000	civitatem	
1-191	1001-1005	suam	
1-192	1005-1006	.	
1-193	1007-1008	8	
1-194	1009-1011	Et	
1-195	1012-1018	factum	
1-196	1019-1022	est	
1-197	1023-1025	ut	
1-198	1026-1033	audivit	
1-199	1034-1037	rex	
1-200	1038-1046	sermones	
1-201	1047-1052	istos	
1-202	1052-1053	,	
1-203	1054-1061	expavit	
1-204	1061-1062	,	
1-205	1063-1065	et	
1-206	1066-1074	commotus	
1-207	1075-1078	est	
1-208	1079-1084	valde	
1-209	1085-1086	:	
1-210	1087-1089	et	
1-211	1090-1097	decidit	
1-212	1098-1100	in	
1-213	1101-1107	lectum	
1-214	1107-1108	,	
1-215	1109-1111	et	
1-216	1112-1119	incidit	
1-217	1120-1122	in	
1-218	1123-1132	languorem	
1-219	1133-1136	præ	
1-220	1137-1146	tristitia	
1-221	1146-1147	,	
1-222	1148-1152	quia	
1-223	1153-1156	non	
1-224	1157-1163	factum	
1-225	1164-1167	est	
1-226	1168-1170	ei	
1-227	1171-1176	sicut	
1-228	1177-1186	cogitabat	
1-229	1186-1187	.	
1-230	1188-1189	9	
1-231	1190-1192	Et	
1-232	1193-1197	erat	
1-233	1198-1203	illic	
1-234	1204-1207	per	
1-235	1208-1212	dies	
1-236	1213-1219	multos	
1-237	1219-1220	,	
1-238	1221-1225	quia	
1-239	1226-1234	renovata	
1-240	1235-1238	est	
1-241	1239-1241	in	
1-242	1242-1244	eo	
1-243	1245-1254	tristitia	
1-244	1255-1260	magna	
1-245	1260-1261	,	
1-246	1262-1264	et	
1-247	1265-1275	arbitratus	
1-248	1276-1279	est	
1-249	1280-1282	se	
1-250	1283-1287	mori	
1-251	1287-1288	.	
1-252	1289-1291	10	
1-253	1292-1294	Et	
1-254	1295-1302	vocavit	
1-255	1303-1308	omnes	
1-256	1309-1315	amicos	
1-257	1316-1320	suos	
1-258	1320-1321	,	
1-259	1322-1324	et	
1-260	1325-1330	dixit	
1-261	1331-1336	illis	
1-262	1337-1338	:	
1-263	1339-1347	Recessit	
1-264	1348-1354	somnus	
1-265	1355-1357	ab	
1-266	1358-1364	oculis	
1-267	1365-1369	meis	
1-268	1369-1370	,	
1-269	1371-1373	et	
1-270	1374-1381	concidi	
1-271	1381-1382	,	
1-272	1383-1385	et	
1-273	1386-1392	corrui	
1-274	1393-1398	corde	
1-275	1399-1402	præ	
1-276	1403-1416	sollicitudine	
1-277	1417-1418	:	
1-278	1419-1421	11	
1-279	1422-1424	et	
1-280	1425-1429	dixi	
1-281	1430-1432	in	
1-282	1433-1438	corde	
1-283	1439-1442	meo	
1-284	1443-1444	:	
1-285	1445-1447	In	
1-286	1448-1455	quantam	
1-287	1456-1469	tribulationem	
1-288	1470-1476	deveni	
1-289	1476-1477	,	
1-290	1478-1480	et	
1-291	1481-1483	in	
1-292	1484-1488	quos	
1-293	1489-1496	fluctus	
1-294	1497-1506	tristitiæ	
1-295	1506-1507	,	
1-296	1508-1510	in	
1-297	1511-1514	qua	
1-298	1515-1519	nunc	
1-299	1520-1523	sum	
1-300	1524-1525	:	
1-301	1526-1529	qui	
1-302	1530-1538	jucundus	
1-303	1539-1543	eram	
1-304	1543-1544	,	
1-305	1545-1547	et	
1-306	1548-1556	dilectus	
1-307	1557-1559	in	
1-308	1560-1569	potestate	
1-309	1570-1573	mea	
1-310	1574-1575	!	

#Text=12 Nunc vero reminiscor malorum quæ feci in Jerusalem, unde et abstuli omnia spolia aurea et argentea quæ erant in ea, et misi auferre habitantes Judæam sine causa.
#Text=13 Cognovi ergo quia propterea invenerunt me mala ista : et ecce pereo tristitia magna in terra aliena.
#Text=14 Et vocavit Philippum, unum de amicis suis, et præposuit eum super universum regnum suum : 15 et dedit ei diadema, et stolam suam, et annulum, ut adduceret Antiochum filium suum, et nutriret eum, et regnaret.
#Text=16 Et mortuus est illic Antiochus rex anno centesimo quadragesimo nono.
#Text=17 Et cognovit Lysias quoniam mortuus est rex, et constituit regnare Antiochum filium ejus, quem nutrivit adolescentem : et vocavit nomen ejus Eupator.
#Text=18 Et hi qui erant in arce, concluserant Israël in circuitu sanctorum : et quærebant eis mala semper, et firmamentum gentium.
#Text=19 Et cogitavit Judas disperdere eos : et convocavit universum populum, ut obsiderent eos.
#Text=20 Et convenerunt simul, et obsederunt eos anno centesimo quinquagesimo, et fecerunt ballistas et machinas.
#Text=21 Et exierunt quidam ex eis qui obsidebantur : et adjunxerunt se illis aliqui impii ex Israël, 22 et abierunt ad regem, et dixerunt : Quousque non facis judicium, et vindicas fratres nostros ?
2-1	1576-1578	12	
2-2	1579-1583	Nunc	
2-3	1584-1588	vero	
2-4	1589-1599	reminiscor	
2-5	1600-1607	malorum	
2-6	1608-1611	quæ	
2-7	1612-1616	feci	
2-8	1617-1619	in	
2-9	1620-1629	Jerusalem	
2-10	1629-1630	,	
2-11	1631-1635	unde	
2-12	1636-1638	et	
2-13	1639-1646	abstuli	
2-14	1647-1652	omnia	
2-15	1653-1659	spolia	
2-16	1660-1665	aurea	
2-17	1666-1668	et	
2-18	1669-1677	argentea	
2-19	1678-1681	quæ	
2-20	1682-1687	erant	
2-21	1688-1690	in	
2-22	1691-1693	ea	
2-23	1693-1694	,	
2-24	1695-1697	et	
2-25	1698-1702	misi	
2-26	1703-1710	auferre	
2-27	1711-1721	habitantes	
2-28	1722-1728	Judæam	
2-29	1729-1733	sine	
2-30	1734-1739	causa	
2-31	1739-1740	.	
2-32	1741-1743	13	
2-33	1744-1751	Cognovi	
2-34	1752-1756	ergo	
2-35	1757-1761	quia	
2-36	1762-1771	propterea	
2-37	1772-1782	invenerunt	
2-38	1783-1785	me	
2-39	1786-1790	mala	
2-40	1791-1795	ista	
2-41	1796-1797	:	
2-42	1798-1800	et	
2-43	1801-1805	ecce	
2-44	1806-1811	pereo	
2-45	1812-1821	tristitia	
2-46	1822-1827	magna	
2-47	1828-1830	in	
2-48	1831-1836	terra	
2-49	1837-1843	aliena	
2-50	1843-1844	.	
2-51	1845-1847	14	
2-52	1848-1850	Et	
2-53	1851-1858	vocavit	
2-54	1859-1868	Philippum	
2-55	1868-1869	,	
2-56	1870-1874	unum	
2-57	1875-1877	de	
2-58	1878-1884	amicis	
2-59	1885-1889	suis	
2-60	1889-1890	,	
2-61	1891-1893	et	
2-62	1894-1903	præposuit	
2-63	1904-1907	eum	
2-64	1908-1913	super	
2-65	1914-1923	universum	
2-66	1924-1930	regnum	
2-67	1931-1935	suum	
2-68	1936-1937	:	
2-69	1938-1940	15	
2-70	1941-1943	et	
2-71	1944-1949	dedit	
2-72	1950-1952	ei	
2-73	1953-1960	diadema	
2-74	1960-1961	,	
2-75	1962-1964	et	
2-76	1965-1971	stolam	
2-77	1972-1976	suam	
2-78	1976-1977	,	
2-79	1978-1980	et	
2-80	1981-1988	annulum	
2-81	1988-1989	,	
2-82	1990-1992	ut	
2-83	1993-2002	adduceret	
2-84	2003-2012	Antiochum	
2-85	2013-2019	filium	
2-86	2020-2024	suum	
2-87	2024-2025	,	
2-88	2026-2028	et	
2-89	2029-2037	nutriret	
2-90	2038-2041	eum	
2-91	2041-2042	,	
2-92	2043-2045	et	
2-93	2046-2054	regnaret	
2-94	2054-2055	.	
2-95	2056-2058	16	
2-96	2059-2061	Et	
2-97	2062-2069	mortuus	
2-98	2070-2073	est	
2-99	2074-2079	illic	
2-100	2080-2089	Antiochus	
2-101	2090-2093	rex	
2-102	2094-2098	anno	
2-103	2099-2108	centesimo	
2-104	2109-2121	quadragesimo	
2-105	2122-2126	nono	
2-106	2126-2127	.	
2-107	2128-2130	17	
2-108	2131-2133	Et	
2-109	2134-2142	cognovit	
2-110	2143-2149	Lysias	
2-111	2150-2157	quoniam	
2-112	2158-2165	mortuus	
2-113	2166-2169	est	
2-114	2170-2173	rex	
2-115	2173-2174	,	
2-116	2175-2177	et	
2-117	2178-2188	constituit	
2-118	2189-2196	regnare	
2-119	2197-2206	Antiochum	
2-120	2207-2213	filium	
2-121	2214-2218	ejus	
2-122	2218-2219	,	
2-123	2220-2224	quem	
2-124	2225-2233	nutrivit	
2-125	2234-2246	adolescentem	
2-126	2247-2248	:	
2-127	2249-2251	et	
2-128	2252-2259	vocavit	
2-129	2260-2265	nomen	
2-130	2266-2270	ejus	
2-131	2271-2278	Eupator	
2-132	2278-2279	.	
2-133	2280-2282	18	
2-134	2283-2285	Et	
2-135	2286-2288	hi	
2-136	2289-2292	qui	
2-137	2293-2298	erant	
2-138	2299-2301	in	
2-139	2302-2306	arce	
2-140	2306-2307	,	
2-141	2308-2320	concluserant	
2-142	2321-2327	Israël	
2-143	2328-2330	in	
2-144	2331-2339	circuitu	
2-145	2340-2349	sanctorum	
2-146	2350-2351	:	
2-147	2352-2354	et	
2-148	2355-2364	quærebant	
2-149	2365-2368	eis	
2-150	2369-2373	mala	
2-151	2374-2380	semper	
2-152	2380-2381	,	
2-153	2382-2384	et	
2-154	2385-2396	firmamentum	
2-155	2397-2404	gentium	
2-156	2404-2405	.	
2-157	2406-2408	19	
2-158	2409-2411	Et	
2-159	2412-2421	cogitavit	
2-160	2422-2427	Judas	
2-161	2428-2438	disperdere	
2-162	2439-2442	eos	
2-163	2443-2444	:	
2-164	2445-2447	et	
2-165	2448-2458	convocavit	
2-166	2459-2468	universum	
2-167	2469-2476	populum	
2-168	2476-2477	,	
2-169	2478-2480	ut	
2-170	2481-2491	obsiderent	
2-171	2492-2495	eos	
2-172	2495-2496	.	
2-173	2497-2499	20	
2-174	2500-2502	Et	
2-175	2503-2514	convenerunt	
2-176	2515-2520	simul	
2-177	2520-2521	,	
2-178	2522-2524	et	
2-179	2525-2535	obsederunt	
2-180	2536-2539	eos	
2-181	2540-2544	anno	
2-182	2545-2554	centesimo	
2-183	2555-2568	quinquagesimo	
2-184	2568-2569	,	
2-185	2570-2572	et	
2-186	2573-2581	fecerunt	
2-187	2582-2591	ballistas	
2-188	2592-2594	et	
2-189	2595-2603	machinas	
2-190	2603-2604	.	
2-191	2605-2607	21	
2-192	2608-2610	Et	
2-193	2611-2619	exierunt	
2-194	2620-2626	quidam	
2-195	2627-2629	ex	
2-196	2630-2633	eis	
2-197	2634-2637	qui	
2-198	2638-2650	obsidebantur	
2-199	2651-2652	:	
2-200	2653-2655	et	
2-201	2656-2667	adjunxerunt	
2-202	2668-2670	se	
2-203	2671-2676	illis	
2-204	2677-2683	aliqui	
2-205	2684-2689	impii	
2-206	2690-2692	ex	
2-207	2693-2699	Israël	
2-208	2699-2700	,	
2-209	2701-2703	22	
2-210	2704-2706	et	
2-211	2707-2715	abierunt	
2-212	2716-2718	ad	
2-213	2719-2724	regem	
2-214	2724-2725	,	
2-215	2726-2728	et	
2-216	2729-2737	dixerunt	
2-217	2738-2739	:	
2-218	2740-2748	Quousque	
2-219	2749-2752	non	
2-220	2753-2758	facis	
2-221	2759-2767	judicium	
2-222	2767-2768	,	
2-223	2769-2771	et	
2-224	2772-2780	vindicas	
2-225	2781-2788	fratres	
2-226	2789-2796	nostros	
2-227	2797-2798	?	

#Text=23 Nos decrevimus servire patri tuo, et ambulare in præceptis ejus, et obsequi edictis ejus : 24 et filii populi nostri propter hoc alienabant se a nobis, et quicumque inveniebantur ex nobis, interficiebantur, et hæreditates nostræ diripiebantur.
#Text=25 Et non ad nos tantum extenderunt manum, sed et in omnes fines nostros : 26 et ecce applicuerunt hodie ad arcem Jerusalem occupare eam, et munitionem Bethsuram munierunt : 27 et nisi præveneris eos velocius, majora quam hæc facient, et non poteris obtinere eos.
#Text=28 Et iratus est rex, ut hæc audivit : et convocavit omnes amicos suos, et principes exercitus sui, et eos qui super equites erant : 29 sed et de regnis aliis et de insulis maritimis venerunt ad eum exercitus conductitii.
#Text=30 Et erat numerus exercitus ejus, centum millia peditum, et viginti millia equitum, et elephanti triginta duo, docti ad prælium.
#Text=31 Et venerunt per Idumæam, et applicuerunt ad Bethsuram, et pugnaverunt dies multos : et fecerunt machinas, et exierunt, et succenderunt eas igni, et pugnaverunt viriliter.
3-1	2799-2801	23	
3-2	2802-2805	Nos	
3-3	2806-2816	decrevimus	
3-4	2817-2824	servire	
3-5	2825-2830	patri	
3-6	2831-2834	tuo	
3-7	2834-2835	,	
3-8	2836-2838	et	
3-9	2839-2847	ambulare	
3-10	2848-2850	in	
3-11	2851-2860	præceptis	
3-12	2861-2865	ejus	
3-13	2865-2866	,	
3-14	2867-2869	et	
3-15	2870-2877	obsequi	
3-16	2878-2885	edictis	
3-17	2886-2890	ejus	
3-18	2891-2892	:	
3-19	2893-2895	24	
3-20	2896-2898	et	
3-21	2899-2904	filii	
3-22	2905-2911	populi	
3-23	2912-2918	nostri	
3-24	2919-2926	propter	
3-25	2927-2930	hoc	
3-26	2931-2941	alienabant	
3-27	2942-2944	se	
3-28	2945-2946	a	
3-29	2947-2952	nobis	
3-30	2952-2953	,	
3-31	2954-2956	et	
3-32	2957-2966	quicumque	
3-33	2967-2980	inveniebantur	
3-34	2981-2983	ex	
3-35	2984-2989	nobis	
3-36	2989-2990	,	
3-37	2991-3007	interficiebantur	
3-38	3007-3008	,	
3-39	3009-3011	et	
3-40	3012-3023	hæreditates	
3-41	3024-3030	nostræ	
3-42	3031-3044	diripiebantur	
3-43	3044-3045	.	
3-44	3046-3048	25	
3-45	3049-3051	Et	
3-46	3052-3055	non	
3-47	3056-3058	ad	
3-48	3059-3062	nos	
3-49	3063-3069	tantum	
3-50	3070-3081	extenderunt	
3-51	3082-3087	manum	
3-52	3087-3088	,	
3-53	3089-3092	sed	
3-54	3093-3095	et	
3-55	3096-3098	in	
3-56	3099-3104	omnes	
3-57	3105-3110	fines	
3-58	3111-3118	nostros	
3-59	3119-3120	:	
3-60	3121-3123	26	
3-61	3124-3126	et	
3-62	3127-3131	ecce	
3-63	3132-3144	applicuerunt	
3-64	3145-3150	hodie	
3-65	3151-3153	ad	
3-66	3154-3159	arcem	
3-67	3160-3169	Jerusalem	
3-68	3170-3178	occupare	
3-69	3179-3182	eam	
3-70	3182-3183	,	
3-71	3184-3186	et	
3-72	3187-3197	munitionem	
3-73	3198-3207	Bethsuram	
3-74	3208-3217	munierunt	
3-75	3218-3219	:	
3-76	3220-3222	27	
3-77	3223-3225	et	
3-78	3226-3230	nisi	
3-79	3231-3241	præveneris	
3-80	3242-3245	eos	
3-81	3246-3254	velocius	
3-82	3254-3255	,	
3-83	3256-3262	majora	
3-84	3263-3267	quam	
3-85	3268-3271	hæc	
3-86	3272-3279	facient	
3-87	3279-3280	,	
3-88	3281-3283	et	
3-89	3284-3287	non	
3-90	3288-3295	poteris	
3-91	3296-3304	obtinere	
3-92	3305-3308	eos	
3-93	3308-3309	.	
3-94	3310-3312	28	
3-95	3313-3315	Et	
3-96	3316-3322	iratus	
3-97	3323-3326	est	
3-98	3327-3330	rex	
3-99	3330-3331	,	
3-100	3332-3334	ut	
3-101	3335-3338	hæc	
3-102	3339-3346	audivit	
3-103	3347-3348	:	
3-104	3349-3351	et	
3-105	3352-3362	convocavit	
3-106	3363-3368	omnes	
3-107	3369-3375	amicos	
3-108	3376-3380	suos	
3-109	3380-3381	,	
3-110	3382-3384	et	
3-111	3385-3394	principes	
3-112	3395-3404	exercitus	
3-113	3405-3408	sui	
3-114	3408-3409	,	
3-115	3410-3412	et	
3-116	3413-3416	eos	
3-117	3417-3420	qui	
3-118	3421-3426	super	
3-119	3427-3434	equites	
3-120	3435-3440	erant	
3-121	3441-3442	:	
3-122	3443-3445	29	
3-123	3446-3449	sed	
3-124	3450-3452	et	
3-125	3453-3455	de	
3-126	3456-3462	regnis	
3-127	3463-3468	aliis	
3-128	3469-3471	et	
3-129	3472-3474	de	
3-130	3475-3482	insulis	
3-131	3483-3492	maritimis	
3-132	3493-3501	venerunt	
3-133	3502-3504	ad	
3-134	3505-3508	eum	
3-135	3509-3518	exercitus	
3-136	3519-3530	conductitii	
3-137	3530-3531	.	
3-138	3532-3534	30	
3-139	3535-3537	Et	
3-140	3538-3542	erat	
3-141	3543-3550	numerus	
3-142	3551-3560	exercitus	
3-143	3561-3565	ejus	
3-144	3565-3566	,	
3-145	3567-3573	centum	
3-146	3574-3580	millia	
3-147	3581-3588	peditum	
3-148	3588-3589	,	
3-149	3590-3592	et	
3-150	3593-3600	viginti	
3-151	3601-3607	millia	
3-152	3608-3615	equitum	
3-153	3615-3616	,	
3-154	3617-3619	et	
3-155	3620-3629	elephanti	
3-156	3630-3638	triginta	
3-157	3639-3642	duo	
3-158	3642-3643	,	
3-159	3644-3649	docti	
3-160	3650-3652	ad	
3-161	3653-3660	prælium	
3-162	3660-3661	.	
3-163	3662-3664	31	
3-164	3665-3667	Et	
3-165	3668-3676	venerunt	
3-166	3677-3680	per	
3-167	3681-3688	Idumæam	
3-168	3688-3689	,	
3-169	3690-3692	et	
3-170	3693-3705	applicuerunt	
3-171	3706-3708	ad	
3-172	3709-3718	Bethsuram	
3-173	3718-3719	,	
3-174	3720-3722	et	
3-175	3723-3734	pugnaverunt	
3-176	3735-3739	dies	
3-177	3740-3746	multos	
3-178	3747-3748	:	
3-179	3749-3751	et	
3-180	3752-3760	fecerunt	
3-181	3761-3769	machinas	
3-182	3769-3770	,	
3-183	3771-3773	et	
3-184	3774-3782	exierunt	
3-185	3782-3783	,	
3-186	3784-3786	et	
3-187	3787-3799	succenderunt	
3-188	3800-3803	eas	
3-189	3804-3808	igni	
3-190	3808-3809	,	
3-191	3810-3812	et	
3-192	3813-3824	pugnaverunt	
3-193	3825-3834	viriliter	
3-194	3834-3835	.	
