#FORMAT=WebAnno TSV 3.3
#T_SP=custom.Span|label
#T_RL=custom.Relation|label|BT_custom.Span


#Text=15 Et percutiam domum hiemalem cum domo æstiva, et peribunt domus eburneæ, et dissipabuntur ædes multæ, dicit Dominus.
1-1	2-4	15	_	_	_	
1-2	5-7	Et	_	_	_	
1-3	8-17	percutiam	_	_	_	
1-4	18-23	domum	_	_	_	
1-5	24-32	hiemalem	_	_	_	
1-6	33-36	cum	_	_	_	
1-7	37-41	domo	_	_	_	
1-8	42-48	æstiva	_	_	_	
1-9	48-49	,	_	_	_	
1-10	50-52	et	_	_	_	
1-11	53-61	peribunt	_	_	_	
1-12	62-67	domus	_	_	_	
1-13	68-75	eburneæ	_	_	_	
1-14	75-76	,	_	_	_	
1-15	77-79	et	_	_	_	
1-16	80-93	dissipabuntur	_	_	_	
1-17	94-98	ædes	_	_	_	
1-18	99-104	multæ	_	_	_	
1-19	104-105	,	_	_	_	
1-20	106-111	dicit	_	_	_	
1-21	112-119	Dominus	_	_	_	
1-22	119-120	.	_	_	_	

#Text=Caput 4
#Text=
#Text=
#Text=1 Audite verbum hoc, vaccæ pingues, quæ estis in monte Samariæ, quæ calumniam facitis egenis et confringitis pauperes ; quæ dicitis dominis vestris : Afferte, et bibemus.
#Text=2 Juravit Dominus Deus in sancto suo, quia ecce dies venient super vos, et levabunt vos in contis, et reliquias vestras in ollis ferventibus.
#Text=3 Et per aperturas exibitis altera contra alteram, et projiciemini in Armon, dicit Dominus.
#Text=4 Venite ad Bethel, et impie agite ; ad Galgalam, et multiplicate prævaricationem : et afferte mane victimas vestras, tribus diebus decimas vestras.
#Text=5 Et sacrificate de fermentato laudem, et vocate voluntarias oblationes, et annuntiate ; sic enim voluistis, filii Israël, dicit Dominus Deus.
#Text=6 Unde et ego dedi vobis stuporem dentium in cunctis urbibus vestris, et indigentiam panum in omnibus locis vestris ; et non estis reversi ad me, dicit Dominus.
#Text=7 Ego quoque prohibui a vobis imbrem, cum adhuc tres menses superessent usque ad messem : et plui super unam civitatem, et super alteram civitatem non plui ; pars una compluta est, et pars super quam non plui, aruit.
#Text=8 Et venerunt duæ et tres civitates ad unam civitatem ut biberent aquam, et non sunt satiatæ ; et non redistis ad me, dicit Dominus.
#Text=9 Percussi vos in vento urente, et in aurugine : multitudinem hortorum vestrorum et vinearum vestrarum, oliveta vestra et ficeta vestra comedit eruca : et non redistis ad me, dicit Dominus.
#Text=10 Misi in vos mortem in via Ægypti ; percussi in gladio juvenes vestros, usque ad captivitatem equorum vestrorum, et ascendere feci putredinem castrorum vestrorum in nares vestras : et non redistis ad me, dicit Dominus.
#Text=11 Subverti vos sicut subvertit Deus Sodomam et Gomorrham, et facti estis quasi torris raptus ab incendio : et non redistis ad me, dicit Dominus.
#Text=12 Quapropter hæc faciam tibi, Israël : postquam autem hæc fecero tibi, præparare in occursum Dei tui, Israël.
#Text=13 Quia ecce formans montes, et creans ventum, et annuntians homini eloquium suum, faciens matutinam nebulam, et gradiens super excelsa terræ : Dominus Deus exercituum nomen ejus.
2-1	121-126	Caput	_	_	_	
2-2	127-128	4	_	_	_	
2-3	131-132	1	_	_	_	
2-4	133-139	Audite	_	_	_	
2-5	140-146	verbum	_	_	_	
2-6	147-150	hoc	_	_	_	
2-7	150-151	,	_	_	_	
2-8	152-157	vaccæ	_	_	_	
2-9	158-165	pingues	_	_	_	
2-10	165-166	,	_	_	_	
2-11	167-170	quæ	_	_	_	
2-12	171-176	estis	_	_	_	
2-13	177-179	in	_	_	_	
2-14	180-185	monte	_	_	_	
2-15	186-193	Samariæ	_	_	_	
2-16	193-194	,	_	_	_	
2-17	195-198	quæ	_	_	_	
2-18	199-208	calumniam	_	_	_	
2-19	209-216	facitis	_	_	_	
2-20	217-223	egenis	_	_	_	
2-21	224-226	et	_	_	_	
2-22	227-239	confringitis	_	_	_	
2-23	240-248	pauperes	_	_	_	
2-24	249-250	;	_	_	_	
2-25	251-254	quæ	_	_	_	
2-26	255-262	dicitis	_	_	_	
2-27	263-270	dominis	_	_	_	
2-28	271-278	vestris	_	_	_	
2-29	279-280	:	_	_	_	
2-30	281-288	Afferte	_	_	_	
2-31	288-289	,	_	_	_	
2-32	290-292	et	_	_	_	
2-33	293-300	bibemus	_	_	_	
2-34	300-301	.	_	_	_	
2-35	302-303	2	_	_	_	
2-36	304-311	Juravit	_	_	_	
2-37	312-319	Dominus	_	_	_	
2-38	320-324	Deus	_	_	_	
2-39	325-327	in	_	_	_	
2-40	328-334	sancto	_	_	_	
2-41	335-338	suo	_	_	_	
2-42	338-339	,	_	_	_	
2-43	340-344	quia	_	_	_	
2-44	345-349	ecce	_	_	_	
2-45	350-354	dies	_	_	_	
2-46	355-362	venient	_	_	_	
2-47	363-368	super	_	_	_	
2-48	369-372	vos	_	_	_	
2-49	372-373	,	_	_	_	
2-50	374-376	et	_	_	_	
2-51	377-385	levabunt	_	_	_	
2-52	386-389	vos	_	_	_	
2-53	390-392	in	_	_	_	
2-54	393-399	contis	_	_	_	
2-55	399-400	,	_	_	_	
2-56	401-403	et	_	_	_	
2-57	404-413	reliquias	_	_	_	
2-58	414-421	vestras	_	_	_	
2-59	422-424	in	_	_	_	
2-60	425-430	ollis	_	_	_	
2-61	431-442	ferventibus	_	_	_	
2-62	442-443	.	_	_	_	
2-63	444-445	3	_	_	_	
2-64	446-448	Et	_	_	_	
2-65	449-452	per	_	_	_	
2-66	453-462	aperturas	_	_	_	
2-67	463-471	exibitis	_	_	_	
2-68	472-478	altera	_	_	_	
2-69	479-485	contra	_	_	_	
2-70	486-493	alteram	_	_	_	
2-71	493-494	,	_	_	_	
2-72	495-497	et	_	_	_	
2-73	498-510	projiciemini	_	_	_	
2-74	511-513	in	_	_	_	
2-75	514-519	Armon	_	_	_	
2-76	519-520	,	_	_	_	
2-77	521-526	dicit	_	_	_	
2-78	527-534	Dominus	_	_	_	
2-79	534-535	.	_	_	_	
2-80	536-537	4	_	_	_	
2-81	538-544	Venite	_	_	_	
2-82	545-547	ad	_	_	_	
2-83	548-554	Bethel	_	_	_	
2-84	554-555	,	_	_	_	
2-85	556-558	et	_	_	_	
2-86	559-564	impie	_	_	_	
2-87	565-570	agite	_	_	_	
2-88	571-572	;	_	_	_	
2-89	573-575	ad	_	_	_	
2-90	576-584	Galgalam	_	_	_	
2-91	584-585	,	_	_	_	
2-92	586-588	et	_	_	_	
2-93	589-601	multiplicate	_	_	_	
2-94	602-617	prævaricationem	_	_	_	
2-95	618-619	:	_	_	_	
2-96	620-622	et	_	_	_	
2-97	623-630	afferte	_	_	_	
2-98	631-635	mane	_	_	_	
2-99	636-644	victimas	_	_	_	
2-100	645-652	vestras	_	_	_	
2-101	652-653	,	_	_	_	
2-102	654-660	tribus	_	_	_	
2-103	661-667	diebus	_	_	_	
2-104	668-675	decimas	_	_	_	
2-105	676-683	vestras	_	_	_	
2-106	683-684	.	_	_	_	
2-107	685-686	5	_	_	_	
2-108	687-689	Et	_	_	_	
2-109	690-701	sacrificate	_	_	_	
2-110	702-704	de	_	_	_	
2-111	705-715	fermentato	_	_	_	
2-112	716-722	laudem	_	_	_	
2-113	722-723	,	_	_	_	
2-114	724-726	et	_	_	_	
2-115	727-733	vocate	_	_	_	
2-116	734-745	voluntarias	_	_	_	
2-117	746-756	oblationes	_	_	_	
2-118	756-757	,	_	_	_	
2-119	758-760	et	_	_	_	
2-120	761-771	annuntiate	_	_	_	
2-121	772-773	;	_	_	_	
2-122	774-777	sic	_	_	_	
2-123	778-782	enim	_	_	_	
2-124	783-792	voluistis	_	_	_	
2-125	792-793	,	_	_	_	
2-126	794-799	filii	_	_	_	
2-127	800-806	Israël	_	_	_	
2-128	806-807	,	_	_	_	
2-129	808-813	dicit	_	_	_	
2-130	814-821	Dominus	_	_	_	
2-131	822-826	Deus	_	_	_	
2-132	826-827	.	_	_	_	
2-133	828-829	6	_	_	_	
2-134	830-834	Unde	_	_	_	
2-135	835-837	et	_	_	_	
2-136	838-841	ego	_	_	_	
2-137	842-846	dedi	_	_	_	
2-138	847-852	vobis	_	_	_	
2-139	853-861	stuporem	_	_	_	
2-140	862-869	dentium	_	_	_	
2-141	870-872	in	_	_	_	
2-142	873-880	cunctis	_	_	_	
2-143	881-888	urbibus	_	_	_	
2-144	889-896	vestris	_	_	_	
2-145	896-897	,	_	_	_	
2-146	898-900	et	_	_	_	
2-147	901-912	indigentiam	_	_	_	
2-148	913-918	panum	_	_	_	
2-149	919-921	in	_	_	_	
2-150	922-929	omnibus	_	_	_	
2-151	930-935	locis	_	_	_	
2-152	936-943	vestris	_	_	_	
2-153	944-945	;	_	_	_	
2-154	946-948	et	_	_	_	
2-155	949-952	non	_	_	_	
2-156	953-958	estis	_	_	_	
2-157	959-966	reversi	_	_	_	
2-158	967-969	ad	_	_	_	
2-159	970-972	me	_	_	_	
2-160	972-973	,	_	_	_	
2-161	974-979	dicit	_	_	_	
2-162	980-987	Dominus	_	_	_	
2-163	987-988	.	_	_	_	
2-164	989-990	7	_	_	_	
2-165	991-994	Ego	_	_	_	
2-166	995-1001	quoque	_	_	_	
2-167	1002-1010	prohibui	_	_	_	
2-168	1011-1012	a	_	_	_	
2-169	1013-1018	vobis	_	_	_	
2-170	1019-1025	imbrem	_	_	_	
2-171	1025-1026	,	_	_	_	
2-172	1027-1030	cum	_	_	_	
2-173	1031-1036	adhuc	_	_	_	
2-174	1037-1041	tres	_	_	_	
2-175	1042-1048	menses	_	_	_	
2-176	1049-1060	superessent	_	_	_	
2-177	1061-1066	usque	_	_	_	
2-178	1067-1069	ad	_	_	_	
2-179	1070-1076	messem	_	_	_	
2-180	1077-1078	:	_	_	_	
2-181	1079-1081	et	_	_	_	
2-182	1082-1086	plui	_	_	_	
2-183	1087-1092	super	_	_	_	
2-184	1093-1097	unam	_	_	_	
2-185	1098-1107	civitatem	_	_	_	
2-186	1107-1108	,	_	_	_	
2-187	1109-1111	et	_	_	_	
2-188	1112-1117	super	_	_	_	
2-189	1118-1125	alteram	_	_	_	
2-190	1126-1135	civitatem	_	_	_	
2-191	1136-1139	non	_	_	_	
2-192	1140-1144	plui	_	_	_	
2-193	1145-1146	;	_	_	_	
2-194	1147-1151	pars	_	_	_	
2-195	1152-1155	una	_	_	_	
2-196	1156-1164	compluta	_	_	_	
2-197	1165-1168	est	_	_	_	
2-198	1168-1169	,	_	_	_	
2-199	1170-1172	et	_	_	_	
2-200	1173-1177	pars	_	_	_	
2-201	1178-1183	super	_	_	_	
2-202	1184-1188	quam	_	_	_	
2-203	1189-1192	non	_	_	_	
2-204	1193-1197	plui	_	_	_	
2-205	1197-1198	,	_	_	_	
2-206	1199-1204	aruit	_	_	_	
2-207	1204-1205	.	_	_	_	
2-208	1206-1207	8	_	_	_	
2-209	1208-1210	Et	_	_	_	
2-210	1211-1219	venerunt	_	_	_	
2-211	1220-1223	duæ	_	_	_	
2-212	1224-1226	et	_	_	_	
2-213	1227-1231	tres	_	_	_	
2-214	1232-1241	civitates	_	_	_	
2-215	1242-1244	ad	_	_	_	
2-216	1245-1249	unam	_	_	_	
2-217	1250-1259	civitatem	_	_	_	
2-218	1260-1262	ut	_	_	_	
2-219	1263-1271	biberent	_	_	_	
2-220	1272-1277	aquam	_	_	_	
2-221	1277-1278	,	_	_	_	
2-222	1279-1281	et	_	_	_	
2-223	1282-1285	non	_	_	_	
2-224	1286-1290	sunt	_	_	_	
2-225	1291-1298	satiatæ	_	_	_	
2-226	1299-1300	;	_	_	_	
2-227	1301-1303	et	_	_	_	
2-228	1304-1307	non	_	_	_	
2-229	1308-1316	redistis	_	_	_	
2-230	1317-1319	ad	_	_	_	
2-231	1320-1322	me	_	_	_	
2-232	1322-1323	,	_	_	_	
2-233	1324-1329	dicit	_	_	_	
2-234	1330-1337	Dominus	_	_	_	
2-235	1337-1338	.	_	_	_	
2-236	1339-1340	9	_	_	_	
2-237	1341-1349	Percussi	_	_	_	
2-238	1350-1353	vos	_	_	_	
2-239	1354-1356	in	_	_	_	
2-240	1357-1362	vento	_	_	_	
2-241	1363-1369	urente	_	_	_	
2-242	1369-1370	,	_	_	_	
2-243	1371-1373	et	_	_	_	
2-244	1374-1376	in	_	_	_	
2-245	1377-1385	aurugine	_	_	_	
2-246	1386-1387	:	_	_	_	
2-247	1388-1400	multitudinem	_	_	_	
2-248	1401-1409	hortorum	_	_	_	
2-249	1410-1419	vestrorum	_	_	_	
2-250	1420-1422	et	_	_	_	
2-251	1423-1431	vinearum	_	_	_	
2-252	1432-1441	vestrarum	_	_	_	
2-253	1441-1442	,	_	_	_	
2-254	1443-1450	oliveta	_	_	_	
2-255	1451-1457	vestra	_	_	_	
2-256	1458-1460	et	_	_	_	
2-257	1461-1467	ficeta	_	_	_	
2-258	1468-1474	vestra	_	_	_	
2-259	1475-1482	comedit	_	_	_	
2-260	1483-1488	eruca	_	_	_	
2-261	1489-1490	:	_	_	_	
2-262	1491-1493	et	_	_	_	
2-263	1494-1497	non	_	_	_	
2-264	1498-1506	redistis	_	_	_	
2-265	1507-1509	ad	_	_	_	
2-266	1510-1512	me	_	_	_	
2-267	1512-1513	,	_	_	_	
2-268	1514-1519	dicit	_	_	_	
2-269	1520-1527	Dominus	_	_	_	
2-270	1527-1528	.	_	_	_	
2-271	1529-1531	10	_	_	_	
2-272	1532-1536	Misi	_	_	_	
2-273	1537-1539	in	_	_	_	
2-274	1540-1543	vos	_	_	_	
2-275	1544-1550	mortem	_	_	_	
2-276	1551-1553	in	_	_	_	
2-277	1554-1557	via	_	_	_	
2-278	1558-1564	Ægypti	_	_	_	
2-279	1565-1566	;	_	_	_	
2-280	1567-1575	percussi	_	_	_	
2-281	1576-1578	in	_	_	_	
2-282	1579-1585	gladio	_	_	_	
2-283	1586-1593	juvenes	_	_	_	
2-284	1594-1601	vestros	_	_	_	
2-285	1601-1602	,	_	_	_	
2-286	1603-1608	usque	_	_	_	
2-287	1609-1611	ad	_	_	_	
2-288	1612-1624	captivitatem	_	_	_	
2-289	1625-1632	equorum	_	_	_	
2-290	1633-1642	vestrorum	_	_	_	
2-291	1642-1643	,	_	_	_	
2-292	1644-1646	et	_	_	_	
2-293	1647-1656	ascendere	_	_	_	
2-294	1657-1661	feci	_	_	_	
2-295	1662-1672	putredinem	Smell\_Word	*|*	2-296[1_0]|2-298[2_0]	
2-296	1673-1682	castrorum	Smell\_Source[1]	_	_	
2-297	1683-1692	vestrorum	Smell\_Source[1]	_	_	
2-298	1693-1695	in	Perceiver[2]	_	_	
2-299	1696-1701	nares	Perceiver[2]	_	_	
2-300	1702-1709	vestras	Perceiver[2]	_	_	
2-301	1710-1711	:	_	_	_	
2-302	1712-1714	et	_	_	_	
2-303	1715-1718	non	_	_	_	
2-304	1719-1727	redistis	_	_	_	
2-305	1728-1730	ad	_	_	_	
2-306	1731-1733	me	_	_	_	
2-307	1733-1734	,	_	_	_	
2-308	1735-1740	dicit	_	_	_	
2-309	1741-1748	Dominus	_	_	_	
2-310	1748-1749	.	_	_	_	
2-311	1750-1752	11	_	_	_	
2-312	1753-1761	Subverti	_	_	_	
2-313	1762-1765	vos	_	_	_	
2-314	1766-1771	sicut	_	_	_	
2-315	1772-1781	subvertit	_	_	_	
2-316	1782-1786	Deus	_	_	_	
2-317	1787-1794	Sodomam	_	_	_	
2-318	1795-1797	et	_	_	_	
2-319	1798-1807	Gomorrham	_	_	_	
2-320	1807-1808	,	_	_	_	
2-321	1809-1811	et	_	_	_	
2-322	1812-1817	facti	_	_	_	
2-323	1818-1823	estis	_	_	_	
2-324	1824-1829	quasi	_	_	_	
2-325	1830-1836	torris	_	_	_	
2-326	1837-1843	raptus	_	_	_	
2-327	1844-1846	ab	_	_	_	
2-328	1847-1855	incendio	_	_	_	
2-329	1856-1857	:	_	_	_	
2-330	1858-1860	et	_	_	_	
2-331	1861-1864	non	_	_	_	
2-332	1865-1873	redistis	_	_	_	
2-333	1874-1876	ad	_	_	_	
2-334	1877-1879	me	_	_	_	
2-335	1879-1880	,	_	_	_	
2-336	1881-1886	dicit	_	_	_	
2-337	1887-1894	Dominus	_	_	_	
2-338	1894-1895	.	_	_	_	
2-339	1896-1898	12	_	_	_	
2-340	1899-1909	Quapropter	_	_	_	
2-341	1910-1913	hæc	_	_	_	
2-342	1914-1920	faciam	_	_	_	
2-343	1921-1925	tibi	_	_	_	
2-344	1925-1926	,	_	_	_	
2-345	1927-1933	Israël	_	_	_	
2-346	1934-1935	:	_	_	_	
2-347	1936-1944	postquam	_	_	_	
2-348	1945-1950	autem	_	_	_	
2-349	1951-1954	hæc	_	_	_	
2-350	1955-1961	fecero	_	_	_	
2-351	1962-1966	tibi	_	_	_	
2-352	1966-1967	,	_	_	_	
2-353	1968-1977	præparare	_	_	_	
2-354	1978-1980	in	_	_	_	
2-355	1981-1989	occursum	_	_	_	
2-356	1990-1993	Dei	_	_	_	
2-357	1994-1997	tui	_	_	_	
2-358	1997-1998	,	_	_	_	
2-359	1999-2005	Israël	_	_	_	
2-360	2005-2006	.	_	_	_	
2-361	2007-2009	13	_	_	_	
2-362	2010-2014	Quia	_	_	_	
2-363	2015-2019	ecce	_	_	_	
2-364	2020-2027	formans	_	_	_	
2-365	2028-2034	montes	_	_	_	
2-366	2034-2035	,	_	_	_	
2-367	2036-2038	et	_	_	_	
2-368	2039-2045	creans	_	_	_	
2-369	2046-2052	ventum	_	_	_	
2-370	2052-2053	,	_	_	_	
2-371	2054-2056	et	_	_	_	
2-372	2057-2067	annuntians	_	_	_	
2-373	2068-2074	homini	_	_	_	
2-374	2075-2083	eloquium	_	_	_	
2-375	2084-2088	suum	_	_	_	
2-376	2088-2089	,	_	_	_	
2-377	2090-2097	faciens	_	_	_	
2-378	2098-2107	matutinam	_	_	_	
2-379	2108-2115	nebulam	_	_	_	
2-380	2115-2116	,	_	_	_	
2-381	2117-2119	et	_	_	_	
2-382	2120-2128	gradiens	_	_	_	
2-383	2129-2134	super	_	_	_	
2-384	2135-2142	excelsa	_	_	_	
2-385	2143-2148	terræ	_	_	_	
2-386	2149-2150	:	_	_	_	
2-387	2151-2158	Dominus	_	_	_	
2-388	2159-2163	Deus	_	_	_	
2-389	2164-2174	exercituum	_	_	_	
2-390	2175-2180	nomen	_	_	_	
2-391	2181-2185	ejus	_	_	_	
2-392	2185-2186	.	_	_	_	

#Text=Caput 5
#Text=
#Text=
#Text=1 Audite verbum istud, quod ego levo super vos planctum : domus Israël cecidit, et non adjiciet ut resurgat.
#Text=2 Virgo Israël projecta est in terram suam, non est qui suscitet eam.
#Text=3 Quia hæc dicit Dominus Deus : Urbs de qua egrediebantur mille, relinquentur in ea centum ; et de qua egrediebantur centum, relinquentur in ea decem in domo Israël.
#Text=4 Quia hæc dicit Dominus domui Israël : Quærite me, et vivetis.
#Text=5 Et nolite quærere Bethel, et in Galgalam nolite intrare, et in Bersabee non transibitis, quia Galgala captiva ducetur, et Bethel erit inutilis.
#Text=6 Quærite Dominum, et vivite (ne forte comburatur ut ignis domus Joseph, et devorabit, et non erit qui extinguat Bethel : 7 qui convertitis in absinthium judicium, et justitiam in terra relinquitis) : 8 facientem Arcturum et Orionem, et convertentem in mane tenebras, et diem in noctem mutantem ; qui vocat aquas maris, et effundit eas super faciem terræ ; Dominus nomen est ejus : 9 qui subridet vastitatem super robustum, et depopulationem super potentem affert.
3-1	2187-2192	Caput	_	_	_	
3-2	2193-2194	5	_	_	_	
3-3	2197-2198	1	_	_	_	
3-4	2199-2205	Audite	_	_	_	
3-5	2206-2212	verbum	_	_	_	
3-6	2213-2218	istud	_	_	_	
3-7	2218-2219	,	_	_	_	
3-8	2220-2224	quod	_	_	_	
3-9	2225-2228	ego	_	_	_	
3-10	2229-2233	levo	_	_	_	
3-11	2234-2239	super	_	_	_	
3-12	2240-2243	vos	_	_	_	
3-13	2244-2252	planctum	_	_	_	
3-14	2253-2254	:	_	_	_	
3-15	2255-2260	domus	_	_	_	
3-16	2261-2267	Israël	_	_	_	
3-17	2268-2275	cecidit	_	_	_	
3-18	2275-2276	,	_	_	_	
3-19	2277-2279	et	_	_	_	
3-20	2280-2283	non	_	_	_	
3-21	2284-2292	adjiciet	_	_	_	
3-22	2293-2295	ut	_	_	_	
3-23	2296-2304	resurgat	_	_	_	
3-24	2304-2305	.	_	_	_	
3-25	2306-2307	2	_	_	_	
3-26	2308-2313	Virgo	_	_	_	
3-27	2314-2320	Israël	_	_	_	
3-28	2321-2329	projecta	_	_	_	
3-29	2330-2333	est	_	_	_	
3-30	2334-2336	in	_	_	_	
3-31	2337-2343	terram	_	_	_	
3-32	2344-2348	suam	_	_	_	
3-33	2348-2349	,	_	_	_	
3-34	2350-2353	non	_	_	_	
3-35	2354-2357	est	_	_	_	
3-36	2358-2361	qui	_	_	_	
3-37	2362-2370	suscitet	_	_	_	
3-38	2371-2374	eam	_	_	_	
3-39	2374-2375	.	_	_	_	
3-40	2376-2377	3	_	_	_	
3-41	2378-2382	Quia	_	_	_	
3-42	2383-2386	hæc	_	_	_	
3-43	2387-2392	dicit	_	_	_	
3-44	2393-2400	Dominus	_	_	_	
3-45	2401-2405	Deus	_	_	_	
3-46	2406-2407	:	_	_	_	
3-47	2408-2412	Urbs	_	_	_	
3-48	2413-2415	de	_	_	_	
3-49	2416-2419	qua	_	_	_	
3-50	2420-2433	egrediebantur	_	_	_	
3-51	2434-2439	mille	_	_	_	
3-52	2439-2440	,	_	_	_	
3-53	2441-2453	relinquentur	_	_	_	
3-54	2454-2456	in	_	_	_	
3-55	2457-2459	ea	_	_	_	
3-56	2460-2466	centum	_	_	_	
3-57	2467-2468	;	_	_	_	
3-58	2469-2471	et	_	_	_	
3-59	2472-2474	de	_	_	_	
3-60	2475-2478	qua	_	_	_	
3-61	2479-2492	egrediebantur	_	_	_	
3-62	2493-2499	centum	_	_	_	
3-63	2499-2500	,	_	_	_	
3-64	2501-2513	relinquentur	_	_	_	
3-65	2514-2516	in	_	_	_	
3-66	2517-2519	ea	_	_	_	
3-67	2520-2525	decem	_	_	_	
3-68	2526-2528	in	_	_	_	
3-69	2529-2533	domo	_	_	_	
3-70	2534-2540	Israël	_	_	_	
3-71	2540-2541	.	_	_	_	
3-72	2542-2543	4	_	_	_	
3-73	2544-2548	Quia	_	_	_	
3-74	2549-2552	hæc	_	_	_	
3-75	2553-2558	dicit	_	_	_	
3-76	2559-2566	Dominus	_	_	_	
3-77	2567-2572	domui	_	_	_	
3-78	2573-2579	Israël	_	_	_	
3-79	2580-2581	:	_	_	_	
3-80	2582-2589	Quærite	_	_	_	
3-81	2590-2592	me	_	_	_	
3-82	2592-2593	,	_	_	_	
3-83	2594-2596	et	_	_	_	
3-84	2597-2604	vivetis	_	_	_	
3-85	2604-2605	.	_	_	_	
3-86	2606-2607	5	_	_	_	
3-87	2608-2610	Et	_	_	_	
3-88	2611-2617	nolite	_	_	_	
3-89	2618-2625	quærere	_	_	_	
3-90	2626-2632	Bethel	_	_	_	
3-91	2632-2633	,	_	_	_	
3-92	2634-2636	et	_	_	_	
3-93	2637-2639	in	_	_	_	
3-94	2640-2648	Galgalam	_	_	_	
3-95	2649-2655	nolite	_	_	_	
3-96	2656-2663	intrare	_	_	_	
3-97	2663-2664	,	_	_	_	
3-98	2665-2667	et	_	_	_	
3-99	2668-2670	in	_	_	_	
3-100	2671-2679	Bersabee	_	_	_	
3-101	2680-2683	non	_	_	_	
3-102	2684-2695	transibitis	_	_	_	
3-103	2695-2696	,	_	_	_	
3-104	2697-2701	quia	_	_	_	
3-105	2702-2709	Galgala	_	_	_	
3-106	2710-2717	captiva	_	_	_	
3-107	2718-2725	ducetur	_	_	_	
3-108	2725-2726	,	_	_	_	
3-109	2727-2729	et	_	_	_	
3-110	2730-2736	Bethel	_	_	_	
3-111	2737-2741	erit	_	_	_	
3-112	2742-2750	inutilis	_	_	_	
3-113	2750-2751	.	_	_	_	
3-114	2752-2753	6	_	_	_	
3-115	2754-2761	Quærite	_	_	_	
3-116	2762-2769	Dominum	_	_	_	
3-117	2769-2770	,	_	_	_	
3-118	2771-2773	et	_	_	_	
3-119	2774-2780	vivite	_	_	_	
3-120	2781-2782	(	_	_	_	
3-121	2782-2784	ne	_	_	_	
3-122	2785-2790	forte	_	_	_	
3-123	2791-2801	comburatur	_	_	_	
3-124	2802-2804	ut	_	_	_	
3-125	2805-2810	ignis	_	_	_	
3-126	2811-2816	domus	_	_	_	
3-127	2817-2823	Joseph	_	_	_	
3-128	2823-2824	,	_	_	_	
3-129	2825-2827	et	_	_	_	
3-130	2828-2837	devorabit	_	_	_	
3-131	2837-2838	,	_	_	_	
3-132	2839-2841	et	_	_	_	
3-133	2842-2845	non	_	_	_	
3-134	2846-2850	erit	_	_	_	
3-135	2851-2854	qui	_	_	_	
3-136	2855-2864	extinguat	_	_	_	
3-137	2865-2871	Bethel	_	_	_	
3-138	2872-2873	:	_	_	_	
3-139	2874-2875	7	_	_	_	
3-140	2876-2879	qui	_	_	_	
3-141	2880-2891	convertitis	_	_	_	
3-142	2892-2894	in	_	_	_	
3-143	2895-2905	absinthium	_	_	_	
3-144	2906-2914	judicium	_	_	_	
3-145	2914-2915	,	_	_	_	
3-146	2916-2918	et	_	_	_	
3-147	2919-2928	justitiam	_	_	_	
3-148	2929-2931	in	_	_	_	
3-149	2932-2937	terra	_	_	_	
3-150	2938-2949	relinquitis	_	_	_	
3-151	2949-2950	)	_	_	_	
3-152	2951-2952	:	_	_	_	
3-153	2953-2954	8	_	_	_	
3-154	2955-2964	facientem	_	_	_	
3-155	2965-2973	Arcturum	_	_	_	
3-156	2974-2976	et	_	_	_	
3-157	2977-2984	Orionem	_	_	_	
3-158	2984-2985	,	_	_	_	
3-159	2986-2988	et	_	_	_	
3-160	2989-3001	convertentem	_	_	_	
3-161	3002-3004	in	_	_	_	
3-162	3005-3009	mane	_	_	_	
3-163	3010-3018	tenebras	_	_	_	
3-164	3018-3019	,	_	_	_	
3-165	3020-3022	et	_	_	_	
3-166	3023-3027	diem	_	_	_	
3-167	3028-3030	in	_	_	_	
3-168	3031-3037	noctem	_	_	_	
3-169	3038-3046	mutantem	_	_	_	
3-170	3047-3048	;	_	_	_	
3-171	3049-3052	qui	_	_	_	
3-172	3053-3058	vocat	_	_	_	
3-173	3059-3064	aquas	_	_	_	
3-174	3065-3070	maris	_	_	_	
3-175	3070-3071	,	_	_	_	
3-176	3072-3074	et	_	_	_	
3-177	3075-3083	effundit	_	_	_	
3-178	3084-3087	eas	_	_	_	
3-179	3088-3093	super	_	_	_	
3-180	3094-3100	faciem	_	_	_	
3-181	3101-3106	terræ	_	_	_	
3-182	3107-3108	;	_	_	_	
3-183	3109-3116	Dominus	_	_	_	
3-184	3117-3122	nomen	_	_	_	
3-185	3123-3126	est	_	_	_	
3-186	3127-3131	ejus	_	_	_	
3-187	3132-3133	:	_	_	_	
3-188	3134-3135	9	_	_	_	
3-189	3136-3139	qui	_	_	_	
3-190	3140-3148	subridet	_	_	_	
3-191	3149-3159	vastitatem	_	_	_	
3-192	3160-3165	super	_	_	_	
3-193	3166-3174	robustum	_	_	_	
3-194	3174-3175	,	_	_	_	
3-195	3176-3178	et	_	_	_	
3-196	3179-3193	depopulationem	_	_	_	
3-197	3194-3199	super	_	_	_	
3-198	3200-3208	potentem	_	_	_	
3-199	3209-3215	affert	_	_	_	
3-200	3215-3216	.	_	_	_	
