{"_context" : {
    "_types" : {
      "DocumentMetaData" : {
        "_feature_types" : {"sofa" : "_ref" } }, 
      "Relation" : {
        "_feature_types" : {"sofa" : "_ref",  "Dependent" : "_ref",  "Governor" : "_ref" } }, 
      "Sentence" : {
        "_feature_types" : {"sofa" : "_ref" } }, 
      "Sofa" : {
        "_feature_types" : {"sofaArray" : "_ref" } }, 
      "Span" : {
        "_feature_types" : {"sofa" : "_ref" } }, 
      "TagsetDescription" : {
        "_feature_types" : {"sofa" : "_ref",  "tags" : "_ref" } }, 
      "Token" : {
        "_feature_types" : {"sofa" : "_ref",  "parent" : "_ref",  "lemma" : "_ref",  "stem" : "_ref",  "pos" : "_ref",  "morph" : "_ref",  "form" : "_ref" } }, 
      "DocumentAnnotation" : {
        "_feature_types" : {"sofa" : "_ref" }, 
        "_subtypes" : ["DocumentMetaData" ] }, 
      "Annotation" : {
        "_feature_types" : {"sofa" : "_ref" }, 
        "_subtypes" : ["DocumentAnnotation",  "Relation",  "Sentence",  "Span",  "TagsetDescription",  "Token" ] }, 
      "AnnotationBase" : {
        "_feature_types" : {"sofa" : "_ref" }, 
        "_subtypes" : ["Annotation" ] }, 
      "TOP" : {
        "_subtypes" : ["AnnotationBase",  "Sofa" ] } } }, 
  "_views" : {
    "_InitialView" : {
      "Relation" : [
        {"sofa" : 1,  "begin" : 528,  "end" : 533,  "Dependent" : 14216,  "Governor" : 14221 }, 
        {"sofa" : 1,  "begin" : 528,  "end" : 533,  "Dependent" : 14216,  "Governor" : 14233 }, 
        {"sofa" : 1,  "begin" : 931,  "end" : 942,  "Dependent" : 14245,  "Governor" : 14250 }, 
        {"sofa" : 1,  "begin" : 931,  "end" : 942,  "Dependent" : 14245,  "Governor" : 14262 }, 
        {"sofa" : 1,  "begin" : 931,  "end" : 942,  "Dependent" : 14245,  "Governor" : 14274 }, 
        {"sofa" : 1,  "begin" : 1103,  "end" : 1109,  "Dependent" : 14286,  "Governor" : 14296 }, 
        {"sofa" : 1,  "begin" : 1103,  "end" : 1109,  "Dependent" : 14286,  "Governor" : 14291 }, 
        {"sofa" : 1,  "begin" : 1103,  "end" : 1109,  "Dependent" : 14286,  "Governor" : 14315 }, 
        {"sofa" : 1,  "begin" : 1650,  "end" : 1655,  "Dependent" : 14332,  "Governor" : 14337 }, 
        {"sofa" : 1,  "begin" : 1650,  "end" : 1655,  "Dependent" : 14332,  "Governor" : 14361 }, 
        {"sofa" : 1,  "begin" : 1752,  "end" : 1757,  "Dependent" : 14373,  "Governor" : 14378 }, 
        {"sofa" : 1,  "begin" : 1831,  "end" : 1836,  "Dependent" : 14395,  "Governor" : 14400 }, 
        {"sofa" : 1,  "begin" : 1831,  "end" : 1836,  "Dependent" : 14395,  "Governor" : 14390 }, 
        {"sofa" : 1,  "begin" : 2341,  "end" : 2346,  "Dependent" : 14419,  "Governor" : 14424 }, 
        {"sofa" : 1,  "begin" : 3851,  "end" : 3856,  "Dependent" : 14436,  "Governor" : 14441 }, 
        {"sofa" : 1,  "begin" : 4617,  "end" : 4622,  "Dependent" : 14458,  "Governor" : 14463 }, 
        {"sofa" : 1,  "begin" : 4617,  "end" : 4622,  "Dependent" : 14458,  "Governor" : 14475 }, 
        {"sofa" : 1,  "begin" : 4735,  "end" : 4743,  "Dependent" : 14492,  "Governor" : 14497 }, 
        {"sofa" : 1,  "begin" : 4735,  "end" : 4743,  "Dependent" : 14492,  "Governor" : 14487 }, 
        {"sofa" : 1,  "begin" : 4735,  "end" : 4743,  "Dependent" : 14492,  "Governor" : 14516 }, 
        {"sofa" : 1,  "begin" : 5069,  "end" : 5083,  "Dependent" : 14528,  "Governor" : 14538 }, 
        {"sofa" : 1,  "begin" : 5069,  "end" : 5083,  "Dependent" : 14528,  "Governor" : 14533 }, 
        {"sofa" : 1,  "begin" : 5277,  "end" : 5282,  "Dependent" : 14562,  "Governor" : 14567 }, 
        {"sofa" : 1,  "begin" : 5277,  "end" : 5282,  "Dependent" : 14562,  "Governor" : 14557 } ], 
      "Span" : [14216,  14221,  14233,  14262,  14250,  14245,  14274,  14296,  14291,  14286,  14315, 
        {"sofa" : 1,  "begin" : 1419,  "end" : 1427,  "label" : "Smell_Word" },  14361,  14332,  14337,  14373,  14378,  14390,  14395,  14400,  14424,  14419,  14441,  14436,  14475,  14458,  14463,  14487,  14492,  14497,  14516,  14528,  14538,  14533,  14557,  14562,  14567 ], 
      "DocumentMetaData" : [
        {"sofa" : 1,  "end" : 5399,  "language" : "x-unspecified",  "documentTitle" : "077E%20Richard%20Braithwaite%201620%20Essays%20upon%20the%20five%20senses_45_REL.txt",  "documentId" : "teresa",  "documentUri" : "file:/home/dhuser/alessio/inception/repository/project/29/document/11837/source/teresa",  "collectionId" : "file:/home/dhuser/alessio/inception/repository/project/29/document/11837/source/",  "documentBaseUri" : "file:/home/dhuser/alessio/inception/repository/project/29/document/11837/source/",  "isLastSegment" : false } ], 
      "TagsetDescription" : [
        {"sofa" : 1,  "layer" : "webanno.custom.Emotions",  "name" : "Emotion Labels",  "input" : false }, 
        {"sofa" : 1,  "layer" : "custom.Relation",  "name" : "Relation labels",  "input" : false }, 
        {"sofa" : 1,  "layer" : "custom.Span",  "name" : "Smell labels",  "input" : false } ], 
      "Sentence" : [
        {"sofa" : 1,  "end" : 6 }, 
        {"sofa" : 1,  "begin" : 7,  "end" : 511 }, 
        {"sofa" : 1,  "begin" : 512,  "end" : 758 }, 
        {"sofa" : 1,  "begin" : 759,  "end" : 1414 }, 
        {"sofa" : 1,  "begin" : 1415,  "end" : 1669 }, 
        {"sofa" : 1,  "begin" : 1670,  "end" : 2073 }, 
        {"sofa" : 1,  "begin" : 2074,  "end" : 2405 }, 
        {"sofa" : 1,  "begin" : 2406,  "end" : 2525 }, 
        {"sofa" : 1,  "begin" : 2526,  "end" : 3142 }, 
        {"sofa" : 1,  "begin" : 3143,  "end" : 3356 }, 
        {"sofa" : 1,  "begin" : 3357,  "end" : 3597 }, 
        {"sofa" : 1,  "begin" : 3598,  "end" : 3639 }, 
        {"sofa" : 1,  "begin" : 3640,  "end" : 3674 }, 
        {"sofa" : 1,  "begin" : 3675,  "end" : 3826 }, 
        {"sofa" : 1,  "begin" : 3827,  "end" : 4287 }, 
        {"sofa" : 1,  "begin" : 4288,  "end" : 4582 }, 
        {"sofa" : 1,  "begin" : 4583,  "end" : 4789 }, 
        {"sofa" : 1,  "begin" : 4790,  "end" : 4971 }, 
        {"sofa" : 1,  "begin" : 4972,  "end" : 5016 }, 
        {"sofa" : 1,  "begin" : 5017,  "end" : 5068 }, 
        {"sofa" : 1,  "begin" : 5069,  "end" : 5398 } ], 
      "Token" : [
        {"sofa" : 1,  "end" : 5 }, 
        {"sofa" : 1,  "begin" : 5,  "end" : 6 }, 
        {"sofa" : 1,  "begin" : 7,  "end" : 9 }, 
        {"sofa" : 1,  "begin" : 10,  "end" : 19 }, 
        {"sofa" : 1,  "begin" : 20,  "end" : 24 }, 
        {"sofa" : 1,  "begin" : 25,  "end" : 29 }, 
        {"sofa" : 1,  "begin" : 30,  "end" : 35 }, 
        {"sofa" : 1,  "begin" : 36,  "end" : 44 }, 
        {"sofa" : 1,  "begin" : 45,  "end" : 48 }, 
        {"sofa" : 1,  "begin" : 49,  "end" : 51 }, 
        {"sofa" : 1,  "begin" : 52,  "end" : 55 }, 
        {"sofa" : 1,  "begin" : 56,  "end" : 59 }, 
        {"sofa" : 1,  "begin" : 60,  "end" : 69 }, 
        {"sofa" : 1,  "begin" : 69,  "end" : 70 }, 
        {"sofa" : 1,  "begin" : 71,  "end" : 73 }, 
        {"sofa" : 1,  "begin" : 74,  "end" : 76 }, 
        {"sofa" : 1,  "begin" : 77,  "end" : 84 }, 
        {"sofa" : 1,  "begin" : 85,  "end" : 89 }, 
        {"sofa" : 1,  "begin" : 90,  "end" : 92 }, 
        {"sofa" : 1,  "begin" : 93,  "end" : 97 }, 
        {"sofa" : 1,  "begin" : 98,  "end" : 108 }, 
        {"sofa" : 1,  "begin" : 109,  "end" : 111 }, 
        {"sofa" : 1,  "begin" : 112,  "end" : 117 }, 
        {"sofa" : 1,  "begin" : 117,  "end" : 118 }, 
        {"sofa" : 1,  "begin" : 119,  "end" : 121 }, 
        {"sofa" : 1,  "begin" : 122,  "end" : 129 }, 
        {"sofa" : 1,  "begin" : 130,  "end" : 132 }, 
        {"sofa" : 1,  "begin" : 133,  "end" : 137 }, 
        {"sofa" : 1,  "begin" : 138,  "end" : 141 }, 
        {"sofa" : 1,  "begin" : 142,  "end" : 146 }, 
        {"sofa" : 1,  "begin" : 147,  "end" : 159 }, 
        {"sofa" : 1,  "begin" : 159,  "end" : 160 }, 
        {"sofa" : 1,  "begin" : 161,  "end" : 164 }, 
        {"sofa" : 1,  "begin" : 165,  "end" : 171 }, 
        {"sofa" : 1,  "begin" : 172,  "end" : 175 }, 
        {"sofa" : 1,  "begin" : 176,  "end" : 180 }, 
        {"sofa" : 1,  "begin" : 181,  "end" : 187 }, 
        {"sofa" : 1,  "begin" : 188,  "end" : 189 }, 
        {"sofa" : 1,  "begin" : 189,  "end" : 191 }, 
        {"sofa" : 1,  "begin" : 192,  "end" : 196 }, 
        {"sofa" : 1,  "begin" : 197,  "end" : 203 }, 
        {"sofa" : 1,  "begin" : 204,  "end" : 211 }, 
        {"sofa" : 1,  "begin" : 212,  "end" : 221 }, 
        {"sofa" : 1,  "begin" : 221,  "end" : 222 }, 
        {"sofa" : 1,  "begin" : 223,  "end" : 225 }, 
        {"sofa" : 1,  "begin" : 226,  "end" : 231 }, 
        {"sofa" : 1,  "begin" : 232,  "end" : 236 }, 
        {"sofa" : 1,  "begin" : 237,  "end" : 242 }, 
        {"sofa" : 1,  "begin" : 242,  "end" : 243 }, 
        {"sofa" : 1,  "begin" : 244,  "end" : 246 }, 
        {"sofa" : 1,  "begin" : 247,  "end" : 252 }, 
        {"sofa" : 1,  "begin" : 253,  "end" : 256 }, 
        {"sofa" : 1,  "begin" : 257,  "end" : 262 }, 
        {"sofa" : 1,  "begin" : 263,  "end" : 267 }, 
        {"sofa" : 1,  "begin" : 268,  "end" : 275 }, 
        {"sofa" : 1,  "begin" : 276,  "end" : 278 }, 
        {"sofa" : 1,  "begin" : 278,  "end" : 279 }, 
        {"sofa" : 1,  "begin" : 280,  "end" : 283 }, 
        {"sofa" : 1,  "begin" : 284,  "end" : 290 }, 
        {"sofa" : 1,  "begin" : 291,  "end" : 295 }, 
        {"sofa" : 1,  "begin" : 296,  "end" : 301 }, 
        {"sofa" : 1,  "begin" : 302,  "end" : 304 }, 
        {"sofa" : 1,  "begin" : 304,  "end" : 305 }, 
        {"sofa" : 1,  "begin" : 306,  "end" : 309 }, 
        {"sofa" : 1,  "begin" : 310,  "end" : 313 }, 
        {"sofa" : 1,  "begin" : 314,  "end" : 319 }, 
        {"sofa" : 1,  "begin" : 320,  "end" : 327 }, 
        {"sofa" : 1,  "begin" : 328,  "end" : 330 }, 
        {"sofa" : 1,  "begin" : 330,  "end" : 331 }, 
        {"sofa" : 1,  "begin" : 332,  "end" : 335 }, 
        {"sofa" : 1,  "begin" : 336,  "end" : 338 }, 
        {"sofa" : 1,  "begin" : 339,  "end" : 344 }, 
        {"sofa" : 1,  "begin" : 345,  "end" : 348 }, 
        {"sofa" : 1,  "begin" : 349,  "end" : 351 }, 
        {"sofa" : 1,  "begin" : 352,  "end" : 357 }, 
        {"sofa" : 1,  "begin" : 357,  "end" : 358 }, 
        {"sofa" : 1,  "begin" : 359,  "end" : 361 }, 
        {"sofa" : 1,  "begin" : 362,  "end" : 369 }, 
        {"sofa" : 1,  "begin" : 370,  "end" : 378 }, 
        {"sofa" : 1,  "begin" : 378,  "end" : 379 }, 
        {"sofa" : 1,  "begin" : 380,  "end" : 382 }, 
        {"sofa" : 1,  "begin" : 383,  "end" : 388 }, 
        {"sofa" : 1,  "begin" : 389,  "end" : 390 }, 
        {"sofa" : 1,  "begin" : 391,  "end" : 399 }, 
        {"sofa" : 1,  "begin" : 400,  "end" : 404 }, 
        {"sofa" : 1,  "begin" : 405,  "end" : 408 }, 
        {"sofa" : 1,  "begin" : 409,  "end" : 416 }, 
        {"sofa" : 1,  "begin" : 417,  "end" : 427 }, 
        {"sofa" : 1,  "begin" : 428,  "end" : 430 }, 
        {"sofa" : 1,  "begin" : 431,  "end" : 434 }, 
        {"sofa" : 1,  "begin" : 435,  "end" : 442 }, 
        {"sofa" : 1,  "begin" : 443,  "end" : 445 }, 
        {"sofa" : 1,  "begin" : 446,  "end" : 449 }, 
        {"sofa" : 1,  "begin" : 450,  "end" : 455 }, 
        {"sofa" : 1,  "begin" : 455,  "end" : 456 }, 
        {"sofa" : 1,  "begin" : 457,  "end" : 459 }, 
        {"sofa" : 1,  "begin" : 460,  "end" : 465 }, 
        {"sofa" : 1,  "begin" : 466,  "end" : 470 }, 
        {"sofa" : 1,  "begin" : 471,  "end" : 473 }, 
        {"sofa" : 1,  "begin" : 474,  "end" : 477 }, 
        {"sofa" : 1,  "begin" : 478,  "end" : 484 }, 
        {"sofa" : 1,  "begin" : 485,  "end" : 488 }, 
        {"sofa" : 1,  "begin" : 489,  "end" : 497 }, 
        {"sofa" : 1,  "begin" : 498,  "end" : 500 }, 
        {"sofa" : 1,  "begin" : 501,  "end" : 504 }, 
        {"sofa" : 1,  "begin" : 505,  "end" : 510 }, 
        {"sofa" : 1,  "begin" : 510,  "end" : 511 }, 
        {"sofa" : 1,  "begin" : 512,  "end" : 515 }, 
        {"sofa" : 1,  "begin" : 516,  "end" : 520 }, 
        {"sofa" : 1,  "begin" : 521,  "end" : 523 }, 
        {"sofa" : 1,  "begin" : 524,  "end" : 527 }, 
        {"sofa" : 1,  "begin" : 528,  "end" : 533 }, 
        {"sofa" : 1,  "begin" : 533,  "end" : 534 }, 
        {"sofa" : 1,  "begin" : 535,  "end" : 537 }, 
        {"sofa" : 1,  "begin" : 538,  "end" : 540 }, 
        {"sofa" : 1,  "begin" : 541,  "end" : 544 }, 
        {"sofa" : 1,  "begin" : 545,  "end" : 552 }, 
        {"sofa" : 1,  "begin" : 552,  "end" : 553 }, 
        {"sofa" : 1,  "begin" : 554,  "end" : 556 }, 
        {"sofa" : 1,  "begin" : 557,  "end" : 562 }, 
        {"sofa" : 1,  "begin" : 563,  "end" : 565 }, 
        {"sofa" : 1,  "begin" : 566,  "end" : 574 }, 
        {"sofa" : 1,  "begin" : 575,  "end" : 579 }, 
        {"sofa" : 1,  "begin" : 580,  "end" : 582 }, 
        {"sofa" : 1,  "begin" : 583,  "end" : 586 }, 
        {"sofa" : 1,  "begin" : 587,  "end" : 594 }, 
        {"sofa" : 1,  "begin" : 595,  "end" : 604 }, 
        {"sofa" : 1,  "begin" : 605,  "end" : 607 }, 
        {"sofa" : 1,  "begin" : 608,  "end" : 612 }, 
        {"sofa" : 1,  "begin" : 613,  "end" : 619 }, 
        {"sofa" : 1,  "begin" : 619,  "end" : 620 }, 
        {"sofa" : 1,  "begin" : 621,  "end" : 624 }, 
        {"sofa" : 1,  "begin" : 625,  "end" : 627 }, 
        {"sofa" : 1,  "begin" : 628,  "end" : 637 }, 
        {"sofa" : 1,  "begin" : 638,  "end" : 641 }, 
        {"sofa" : 1,  "begin" : 642,  "end" : 651 }, 
        {"sofa" : 1,  "begin" : 652,  "end" : 654 }, 
        {"sofa" : 1,  "begin" : 655,  "end" : 662 }, 
        {"sofa" : 1,  "begin" : 662,  "end" : 663 }, 
        {"sofa" : 1,  "begin" : 664,  "end" : 670 }, 
        {"sofa" : 1,  "begin" : 670,  "end" : 671 }, 
        {"sofa" : 1,  "begin" : 672,  "end" : 679 }, 
        {"sofa" : 1,  "begin" : 679,  "end" : 680 }, 
        {"sofa" : 1,  "begin" : 681,  "end" : 686 }, 
        {"sofa" : 1,  "begin" : 687,  "end" : 692 }, 
        {"sofa" : 1,  "begin" : 693,  "end" : 696 }, 
        {"sofa" : 1,  "begin" : 697,  "end" : 708 }, 
        {"sofa" : 1,  "begin" : 709,  "end" : 711 }, 
        {"sofa" : 1,  "begin" : 712,  "end" : 717 }, 
        {"sofa" : 1,  "begin" : 718,  "end" : 722 }, 
        {"sofa" : 1,  "begin" : 723,  "end" : 728 }, 
        {"sofa" : 1,  "begin" : 728,  "end" : 729 }, 
        {"sofa" : 1,  "begin" : 730,  "end" : 733 }, 
        {"sofa" : 1,  "begin" : 734,  "end" : 743 }, 
        {"sofa" : 1,  "begin" : 744,  "end" : 746 }, 
        {"sofa" : 1,  "begin" : 747,  "end" : 750 }, 
        {"sofa" : 1,  "begin" : 751,  "end" : 757 }, 
        {"sofa" : 1,  "begin" : 757,  "end" : 758 }, 
        {"sofa" : 1,  "begin" : 759,  "end" : 763 }, 
        {"sofa" : 1,  "begin" : 764,  "end" : 767 }, 
        {"sofa" : 1,  "begin" : 768,  "end" : 770 }, 
        {"sofa" : 1,  "begin" : 771,  "end" : 778 }, 
        {"sofa" : 1,  "begin" : 778,  "end" : 779 }, 
        {"sofa" : 1,  "begin" : 780,  "end" : 784 }, 
        {"sofa" : 1,  "begin" : 785,  "end" : 789 }, 
        {"sofa" : 1,  "begin" : 790,  "end" : 798 }, 
        {"sofa" : 1,  "begin" : 799,  "end" : 804 }, 
        {"sofa" : 1,  "begin" : 804,  "end" : 805 }, 
        {"sofa" : 1,  "begin" : 806,  "end" : 808 }, 
        {"sofa" : 1,  "begin" : 809,  "end" : 811 }, 
        {"sofa" : 1,  "begin" : 812,  "end" : 820 }, 
        {"sofa" : 1,  "begin" : 821,  "end" : 823 }, 
        {"sofa" : 1,  "begin" : 824,  "end" : 828 }, 
        {"sofa" : 1,  "begin" : 829,  "end" : 835 }, 
        {"sofa" : 1,  "begin" : 836,  "end" : 838 }, 
        {"sofa" : 1,  "begin" : 839,  "end" : 842 }, 
        {"sofa" : 1,  "begin" : 843,  "end" : 847 }, 
        {"sofa" : 1,  "begin" : 848,  "end" : 852 }, 
        {"sofa" : 1,  "begin" : 853,  "end" : 860 }, 
        {"sofa" : 1,  "begin" : 860,  "end" : 861 }, 
        {"sofa" : 1,  "begin" : 862,  "end" : 864 }, 
        {"sofa" : 1,  "begin" : 865,  "end" : 869 }, 
        {"sofa" : 1,  "begin" : 870,  "end" : 872 }, 
        {"sofa" : 1,  "begin" : 873,  "end" : 881 }, 
        {"sofa" : 1,  "begin" : 882,  "end" : 887 }, 
        {"sofa" : 1,  "begin" : 888,  "end" : 891 }, 
        {"sofa" : 1,  "begin" : 892,  "end" : 902 }, 
        {"sofa" : 1,  "begin" : 903,  "end" : 910 }, 
        {"sofa" : 1,  "begin" : 910,  "end" : 911 }, 
        {"sofa" : 1,  "begin" : 912,  "end" : 918 }, 
        {"sofa" : 1,  "begin" : 919,  "end" : 922 }, 
        {"sofa" : 1,  "begin" : 923,  "end" : 930 }, 
        {"sofa" : 1,  "begin" : 931,  "end" : 942 }, 
        {"sofa" : 1,  "begin" : 942,  "end" : 943 }, 
        {"sofa" : 1,  "begin" : 944,  "end" : 949 }, 
        {"sofa" : 1,  "begin" : 950,  "end" : 957 }, 
        {"sofa" : 1,  "begin" : 958,  "end" : 960 }, 
        {"sofa" : 1,  "begin" : 961,  "end" : 964 }, 
        {"sofa" : 1,  "begin" : 965,  "end" : 974 }, 
        {"sofa" : 1,  "begin" : 974,  "end" : 975 }, 
        {"sofa" : 1,  "begin" : 976,  "end" : 978 }, 
        {"sofa" : 1,  "begin" : 979,  "end" : 981 }, 
        {"sofa" : 1,  "begin" : 982,  "end" : 986 }, 
        {"sofa" : 1,  "begin" : 986,  "end" : 987 }, 
        {"sofa" : 1,  "begin" : 988,  "end" : 991 }, 
        {"sofa" : 1,  "begin" : 992,  "end" : 996 }, 
        {"sofa" : 1,  "begin" : 997,  "end" : 1006 }, 
        {"sofa" : 1,  "begin" : 1007,  "end" : 1015 }, 
        {"sofa" : 1,  "begin" : 1016,  "end" : 1023 }, 
        {"sofa" : 1,  "begin" : 1024,  "end" : 1026 }, 
        {"sofa" : 1,  "begin" : 1027,  "end" : 1030 }, 
        {"sofa" : 1,  "begin" : 1031,  "end" : 1034 }, 
        {"sofa" : 1,  "begin" : 1035,  "end" : 1037 }, 
        {"sofa" : 1,  "begin" : 1038,  "end" : 1043 }, 
        {"sofa" : 1,  "begin" : 1044,  "end" : 1058 }, 
        {"sofa" : 1,  "begin" : 1058,  "end" : 1059 }, 
        {"sofa" : 1,  "begin" : 1060,  "end" : 1068 }, 
        {"sofa" : 1,  "begin" : 1069,  "end" : 1072 }, 
        {"sofa" : 1,  "begin" : 1073,  "end" : 1078 }, 
        {"sofa" : 1,  "begin" : 1079,  "end" : 1084 }, 
        {"sofa" : 1,  "begin" : 1085,  "end" : 1089 }, 
        {"sofa" : 1,  "begin" : 1090,  "end" : 1093 }, 
        {"sofa" : 1,  "begin" : 1094,  "end" : 1102 }, 
        {"sofa" : 1,  "begin" : 1103,  "end" : 1109 }, 
        {"sofa" : 1,  "begin" : 1109,  "end" : 1110 }, 
        {"sofa" : 1,  "begin" : 1111,  "end" : 1117 }, 
        {"sofa" : 1,  "begin" : 1118,  "end" : 1126 }, 
        {"sofa" : 1,  "begin" : 1127,  "end" : 1129 }, 
        {"sofa" : 1,  "begin" : 1130,  "end" : 1133 }, 
        {"sofa" : 1,  "begin" : 1134,  "end" : 1140 }, 
        {"sofa" : 1,  "begin" : 1141,  "end" : 1147 }, 
        {"sofa" : 1,  "begin" : 1147,  "end" : 1148 }, 
        {"sofa" : 1,  "begin" : 1149,  "end" : 1154 }, 
        {"sofa" : 1,  "begin" : 1155,  "end" : 1164 }, 
        {"sofa" : 1,  "begin" : 1165,  "end" : 1170 }, 
        {"sofa" : 1,  "begin" : 1171,  "end" : 1173 }, 
        {"sofa" : 1,  "begin" : 1174,  "end" : 1184 }, 
        {"sofa" : 1,  "begin" : 1184,  "end" : 1185 }, 
        {"sofa" : 1,  "begin" : 1186,  "end" : 1193 }, 
        {"sofa" : 1,  "begin" : 1194,  "end" : 1196 }, 
        {"sofa" : 1,  "begin" : 1197,  "end" : 1200 }, 
        {"sofa" : 1,  "begin" : 1201,  "end" : 1214 }, 
        {"sofa" : 1,  "begin" : 1214,  "end" : 1215 }, 
        {"sofa" : 1,  "begin" : 1216,  "end" : 1221 }, 
        {"sofa" : 1,  "begin" : 1222,  "end" : 1226 }, 
        {"sofa" : 1,  "begin" : 1227,  "end" : 1232 }, 
        {"sofa" : 1,  "begin" : 1233,  "end" : 1235 }, 
        {"sofa" : 1,  "begin" : 1236,  "end" : 1242 }, 
        {"sofa" : 1,  "begin" : 1242,  "end" : 1243 }, 
        {"sofa" : 1,  "begin" : 1244,  "end" : 1247 }, 
        {"sofa" : 1,  "begin" : 1248,  "end" : 1251 }, 
        {"sofa" : 1,  "begin" : 1252,  "end" : 1257 }, 
        {"sofa" : 1,  "begin" : 1258,  "end" : 1267 }, 
        {"sofa" : 1,  "begin" : 1268,  "end" : 1272 }, 
        {"sofa" : 1,  "begin" : 1272,  "end" : 1273 }, 
        {"sofa" : 1,  "begin" : 1274,  "end" : 1279 }, 
        {"sofa" : 1,  "begin" : 1280,  "end" : 1282 }, 
        {"sofa" : 1,  "begin" : 1283,  "end" : 1286 }, 
        {"sofa" : 1,  "begin" : 1287,  "end" : 1289 }, 
        {"sofa" : 1,  "begin" : 1290,  "end" : 1297 }, 
        {"sofa" : 1,  "begin" : 1297,  "end" : 1298 }, 
        {"sofa" : 1,  "begin" : 1299,  "end" : 1302 }, 
        {"sofa" : 1,  "begin" : 1303,  "end" : 1308 }, 
        {"sofa" : 1,  "begin" : 1309,  "end" : 1310 }, 
        {"sofa" : 1,  "begin" : 1310,  "end" : 1312 }, 
        {"sofa" : 1,  "begin" : 1313,  "end" : 1315 }, 
        {"sofa" : 1,  "begin" : 1316,  "end" : 1320 }, 
        {"sofa" : 1,  "begin" : 1321,  "end" : 1330 }, 
        {"sofa" : 1,  "begin" : 1331,  "end" : 1333 }, 
        {"sofa" : 1,  "begin" : 1334,  "end" : 1345 }, 
        {"sofa" : 1,  "begin" : 1345,  "end" : 1346 }, 
        {"sofa" : 1,  "begin" : 1347,  "end" : 1352 }, 
        {"sofa" : 1,  "begin" : 1353,  "end" : 1355 }, 
        {"sofa" : 1,  "begin" : 1356,  "end" : 1358 }, 
        {"sofa" : 1,  "begin" : 1359,  "end" : 1360 }, 
        {"sofa" : 1,  "begin" : 1361,  "end" : 1365 }, 
        {"sofa" : 1,  "begin" : 1366,  "end" : 1371 }, 
        {"sofa" : 1,  "begin" : 1372,  "end" : 1386 }, 
        {"sofa" : 1,  "begin" : 1387,  "end" : 1389 }, 
        {"sofa" : 1,  "begin" : 1390,  "end" : 1394 }, 
        {"sofa" : 1,  "begin" : 1395,  "end" : 1401 }, 
        {"sofa" : 1,  "begin" : 1402,  "end" : 1413 }, 
        {"sofa" : 1,  "begin" : 1413,  "end" : 1414 }, 
        {"sofa" : 1,  "begin" : 1415,  "end" : 1418 }, 
        {"sofa" : 1,  "begin" : 1419,  "end" : 1427 }, 
        {"sofa" : 1,  "begin" : 1428,  "end" : 1430 }, 
        {"sofa" : 1,  "begin" : 1431,  "end" : 1437 }, 
        {"sofa" : 1,  "begin" : 1439,  "end" : 1442 }, 
        {"sofa" : 1,  "begin" : 1443,  "end" : 1457 }, 
        {"sofa" : 1,  "begin" : 1458,  "end" : 1460 }, 
        {"sofa" : 1,  "begin" : 1461,  "end" : 1464 }, 
        {"sofa" : 1,  "begin" : 1465,  "end" : 1470 }, 
        {"sofa" : 1,  "begin" : 1471,  "end" : 1477 }, 
        {"sofa" : 1,  "begin" : 1477,  "end" : 1478 }, 
        {"sofa" : 1,  "begin" : 1479,  "end" : 1482 }, 
        {"sofa" : 1,  "begin" : 1483,  "end" : 1486 }, 
        {"sofa" : 1,  "begin" : 1487,  "end" : 1489 }, 
        {"sofa" : 1,  "begin" : 1490,  "end" : 1492 }, 
        {"sofa" : 1,  "begin" : 1493,  "end" : 1501 }, 
        {"sofa" : 1,  "begin" : 1502,  "end" : 1504 }, 
        {"sofa" : 1,  "begin" : 1505,  "end" : 1510 }, 
        {"sofa" : 1,  "begin" : 1511,  "end" : 1513 }, 
        {"sofa" : 1,  "begin" : 1514,  "end" : 1524 }, 
        {"sofa" : 1,  "begin" : 1524,  "end" : 1525 }, 
        {"sofa" : 1,  "begin" : 1526,  "end" : 1534 }, 
        {"sofa" : 1,  "begin" : 1535,  "end" : 1545 }, 
        {"sofa" : 1,  "begin" : 1545,  "end" : 1546 }, 
        {"sofa" : 1,  "begin" : 1547,  "end" : 1550 }, 
        {"sofa" : 1,  "begin" : 1551,  "end" : 1558 }, 
        {"sofa" : 1,  "begin" : 1559,  "end" : 1562 }, 
        {"sofa" : 1,  "begin" : 1563,  "end" : 1574 }, 
        {"sofa" : 1,  "begin" : 1575,  "end" : 1577 }, 
        {"sofa" : 1,  "begin" : 1578,  "end" : 1581 }, 
        {"sofa" : 1,  "begin" : 1582,  "end" : 1587 }, 
        {"sofa" : 1,  "begin" : 1588,  "end" : 1596 }, 
        {"sofa" : 1,  "begin" : 1596,  "end" : 1597 }, 
        {"sofa" : 1,  "begin" : 1598,  "end" : 1604 }, 
        {"sofa" : 1,  "begin" : 1605,  "end" : 1609 }, 
        {"sofa" : 1,  "begin" : 1610,  "end" : 1615 }, 
        {"sofa" : 1,  "begin" : 1615,  "end" : 1616 }, 
        {"sofa" : 1,  "begin" : 1617,  "end" : 1627 }, 
        {"sofa" : 1,  "begin" : 1628,  "end" : 1634 }, 
        {"sofa" : 1,  "begin" : 1635,  "end" : 1640 }, 
        {"sofa" : 1,  "begin" : 1641,  "end" : 1645 }, 
        {"sofa" : 1,  "begin" : 1646,  "end" : 1649 }, 
        {"sofa" : 1,  "begin" : 1650,  "end" : 1655 }, 
        {"sofa" : 1,  "begin" : 1656,  "end" : 1658 }, 
        {"sofa" : 1,  "begin" : 1659,  "end" : 1662 }, 
        {"sofa" : 1,  "begin" : 1663,  "end" : 1668 }, 
        {"sofa" : 1,  "begin" : 1668,  "end" : 1669 }, 
        {"sofa" : 1,  "begin" : 1670,  "end" : 1674 }, 
        {"sofa" : 1,  "begin" : 1675,  "end" : 1680 }, 
        {"sofa" : 1,  "begin" : 1681,  "end" : 1683 }, 
        {"sofa" : 1,  "begin" : 1684,  "end" : 1688 }, 
        {"sofa" : 1,  "begin" : 1689,  "end" : 1694 }, 
        {"sofa" : 1,  "begin" : 1695,  "end" : 1698 }, 
        {"sofa" : 1,  "begin" : 1699,  "end" : 1701 }, 
        {"sofa" : 1,  "begin" : 1702,  "end" : 1711 }, 
        {"sofa" : 1,  "begin" : 1712,  "end" : 1714 }, 
        {"sofa" : 1,  "begin" : 1715,  "end" : 1722 }, 
        {"sofa" : 1,  "begin" : 1723,  "end" : 1733 }, 
        {"sofa" : 1,  "begin" : 1733,  "end" : 1734 }, 
        {"sofa" : 1,  "begin" : 1735,  "end" : 1738 }, 
        {"sofa" : 1,  "begin" : 1739,  "end" : 1742 }, 
        {"sofa" : 1,  "begin" : 1743,  "end" : 1751 }, 
        {"sofa" : 1,  "begin" : 1752,  "end" : 1757 }, 
        {"sofa" : 1,  "begin" : 1758,  "end" : 1760 }, 
        {"sofa" : 1,  "begin" : 1761,  "end" : 1769 }, 
        {"sofa" : 1,  "begin" : 1769,  "end" : 1770 }, 
        {"sofa" : 1,  "begin" : 1771,  "end" : 1774 }, 
        {"sofa" : 1,  "begin" : 1775,  "end" : 1785 }, 
        {"sofa" : 1,  "begin" : 1786,  "end" : 1787 }, 
        {"sofa" : 1,  "begin" : 1788,  "end" : 1789 }, 
        {"sofa" : 1,  "begin" : 1790,  "end" : 1794 }, 
        {"sofa" : 1,  "begin" : 1795,  "end" : 1797 }, 
        {"sofa" : 1,  "begin" : 1798,  "end" : 1801 }, 
        {"sofa" : 1,  "begin" : 1802,  "end" : 1811 }, 
        {"sofa" : 1,  "begin" : 1811,  "end" : 1812 }, 
        {"sofa" : 1,  "begin" : 1813,  "end" : 1814 }, 
        {"sofa" : 1,  "begin" : 1815,  "end" : 1819 }, 
        {"sofa" : 1,  "begin" : 1820,  "end" : 1826 }, 
        {"sofa" : 1,  "begin" : 1827,  "end" : 1830 }, 
        {"sofa" : 1,  "begin" : 1831,  "end" : 1836 }, 
        {"sofa" : 1,  "begin" : 1837,  "end" : 1839 }, 
        {"sofa" : 1,  "begin" : 1840,  "end" : 1842 }, 
        {"sofa" : 1,  "begin" : 1843,  "end" : 1851 }, 
        {"sofa" : 1,  "begin" : 1852,  "end" : 1861 }, 
        {"sofa" : 1,  "begin" : 1861,  "end" : 1862 }, 
        {"sofa" : 1,  "begin" : 1863,  "end" : 1866 }, 
        {"sofa" : 1,  "begin" : 1867,  "end" : 1873 }, 
        {"sofa" : 1,  "begin" : 1874,  "end" : 1875 }, 
        {"sofa" : 1,  "begin" : 1876,  "end" : 1878 }, 
        {"sofa" : 1,  "begin" : 1879,  "end" : 1886 }, 
        {"sofa" : 1,  "begin" : 1886,  "end" : 1887 }, 
        {"sofa" : 1,  "begin" : 1888,  "end" : 1897 }, 
        {"sofa" : 1,  "begin" : 1898,  "end" : 1901 }, 
        {"sofa" : 1,  "begin" : 1902,  "end" : 1911 }, 
        {"sofa" : 1,  "begin" : 1912,  "end" : 1914 }, 
        {"sofa" : 1,  "begin" : 1915,  "end" : 1921 }, 
        {"sofa" : 1,  "begin" : 1921,  "end" : 1922 }, 
        {"sofa" : 1,  "begin" : 1923,  "end" : 1925 }, 
        {"sofa" : 1,  "begin" : 1926,  "end" : 1930 }, 
        {"sofa" : 1,  "begin" : 1931,  "end" : 1947 }, 
        {"sofa" : 1,  "begin" : 1948,  "end" : 1956 }, 
        {"sofa" : 1,  "begin" : 1956,  "end" : 1957 }, 
        {"sofa" : 1,  "begin" : 1958,  "end" : 1963 }, 
        {"sofa" : 1,  "begin" : 1964,  "end" : 1970 }, 
        {"sofa" : 1,  "begin" : 1971,  "end" : 1978 }, 
        {"sofa" : 1,  "begin" : 1979,  "end" : 1982 }, 
        {"sofa" : 1,  "begin" : 1983,  "end" : 1990 }, 
        {"sofa" : 1,  "begin" : 1991,  "end" : 1997 }, 
        {"sofa" : 1,  "begin" : 1998,  "end" : 2000 }, 
        {"sofa" : 1,  "begin" : 2001,  "end" : 2004 }, 
        {"sofa" : 1,  "begin" : 2005,  "end" : 2010 }, 
        {"sofa" : 1,  "begin" : 2010,  "end" : 2011 }, 
        {"sofa" : 1,  "begin" : 2012,  "end" : 2016 }, 
        {"sofa" : 1,  "begin" : 2017,  "end" : 2021 }, 
        {"sofa" : 1,  "begin" : 2022,  "end" : 2025 }, 
        {"sofa" : 1,  "begin" : 2026,  "end" : 2031 }, 
        {"sofa" : 1,  "begin" : 2032,  "end" : 2034 }, 
        {"sofa" : 1,  "begin" : 2035,  "end" : 2045 }, 
        {"sofa" : 1,  "begin" : 2046,  "end" : 2048 }, 
        {"sofa" : 1,  "begin" : 2049,  "end" : 2051 }, 
        {"sofa" : 1,  "begin" : 2052,  "end" : 2061 }, 
        {"sofa" : 1,  "begin" : 2062,  "end" : 2064 }, 
        {"sofa" : 1,  "begin" : 2065,  "end" : 2072 }, 
        {"sofa" : 1,  "begin" : 2072,  "end" : 2073 }, 
        {"sofa" : 1,  "begin" : 2074,  "end" : 2076 }, 
        {"sofa" : 1,  "begin" : 2076,  "end" : 2077 }, 
        {"sofa" : 1,  "begin" : 2078,  "end" : 2081 }, 
        {"sofa" : 1,  "begin" : 2082,  "end" : 2091 }, 
        {"sofa" : 1,  "begin" : 2092,  "end" : 2096 }, 
        {"sofa" : 1,  "begin" : 2097,  "end" : 2099 }, 
        {"sofa" : 1,  "begin" : 2100,  "end" : 2103 }, 
        {"sofa" : 1,  "begin" : 2104,  "end" : 2108 }, 
        {"sofa" : 1,  "begin" : 2109,  "end" : 2116 }, 
        {"sofa" : 1,  "begin" : 2116,  "end" : 2117 }, 
        {"sofa" : 1,  "begin" : 2118,  "end" : 2127 }, 
        {"sofa" : 1,  "begin" : 2128,  "end" : 2130 }, 
        {"sofa" : 1,  "begin" : 2131,  "end" : 2134 }, 
        {"sofa" : 1,  "begin" : 2135,  "end" : 2140 }, 
        {"sofa" : 1,  "begin" : 2140,  "end" : 2141 }, 
        {"sofa" : 1,  "begin" : 2142,  "end" : 2147 }, 
        {"sofa" : 1,  "begin" : 2148,  "end" : 2150 }, 
        {"sofa" : 1,  "begin" : 2151,  "end" : 2154 }, 
        {"sofa" : 1,  "begin" : 2155,  "end" : 2163 }, 
        {"sofa" : 1,  "begin" : 2164,  "end" : 2172 }, 
        {"sofa" : 1,  "begin" : 2172,  "end" : 2173 }, 
        {"sofa" : 1,  "begin" : 2174,  "end" : 2176 }, 
        {"sofa" : 1,  "begin" : 2177,  "end" : 2182 }, 
        {"sofa" : 1,  "begin" : 2182,  "end" : 2183 }, 
        {"sofa" : 1,  "begin" : 2184,  "end" : 2189 }, 
        {"sofa" : 1,  "begin" : 2190,  "end" : 2192 }, 
        {"sofa" : 1,  "begin" : 2193,  "end" : 2195 }, 
        {"sofa" : 1,  "begin" : 2196,  "end" : 2201 }, 
        {"sofa" : 1,  "begin" : 2202,  "end" : 2205 }, 
        {"sofa" : 1,  "begin" : 2206,  "end" : 2211 }, 
        {"sofa" : 1,  "begin" : 2212,  "end" : 2215 }, 
        {"sofa" : 1,  "begin" : 2216,  "end" : 2220 }, 
        {"sofa" : 1,  "begin" : 2221,  "end" : 2223 }, 
        {"sofa" : 1,  "begin" : 2223,  "end" : 2224 }, 
        {"sofa" : 1,  "begin" : 2225,  "end" : 2227 }, 
        {"sofa" : 1,  "begin" : 2228,  "end" : 2233 }, 
        {"sofa" : 1,  "begin" : 2233,  "end" : 2234 }, 
        {"sofa" : 1,  "begin" : 2235,  "end" : 2238 }, 
        {"sofa" : 1,  "begin" : 2239,  "end" : 2251 }, 
        {"sofa" : 1,  "begin" : 2252,  "end" : 2254 }, 
        {"sofa" : 1,  "begin" : 2255,  "end" : 2258 }, 
        {"sofa" : 1,  "begin" : 2259,  "end" : 2263 }, 
        {"sofa" : 1,  "begin" : 2263,  "end" : 2264 }, 
        {"sofa" : 1,  "begin" : 2265,  "end" : 2267 }, 
        {"sofa" : 1,  "begin" : 2268,  "end" : 2273 }, 
        {"sofa" : 1,  "begin" : 2273,  "end" : 2274 }, 
        {"sofa" : 1,  "begin" : 2275,  "end" : 2278 }, 
        {"sofa" : 1,  "begin" : 2279,  "end" : 2292 }, 
        {"sofa" : 1,  "begin" : 2293,  "end" : 2295 }, 
        {"sofa" : 1,  "begin" : 2296,  "end" : 2299 }, 
        {"sofa" : 1,  "begin" : 2300,  "end" : 2305 }, 
        {"sofa" : 1,  "begin" : 2305,  "end" : 2306 }, 
        {"sofa" : 1,  "begin" : 2307,  "end" : 2309 }, 
        {"sofa" : 1,  "begin" : 2310,  "end" : 2314 }, 
        {"sofa" : 1,  "begin" : 2314,  "end" : 2315 }, 
        {"sofa" : 1,  "begin" : 2316,  "end" : 2318 }, 
        {"sofa" : 1,  "begin" : 2319,  "end" : 2325 }, 
        {"sofa" : 1,  "begin" : 2326,  "end" : 2329 }, 
        {"sofa" : 1,  "begin" : 2330,  "end" : 2336 }, 
        {"sofa" : 1,  "begin" : 2336,  "end" : 2337 }, 
        {"sofa" : 1,  "begin" : 2338,  "end" : 2340 }, 
        {"sofa" : 1,  "begin" : 2341,  "end" : 2346 }, 
        {"sofa" : 1,  "begin" : 2346,  "end" : 2347 }, 
        {"sofa" : 1,  "begin" : 2348,  "end" : 2350 }, 
        {"sofa" : 1,  "begin" : 2351,  "end" : 2357 }, 
        {"sofa" : 1,  "begin" : 2358,  "end" : 2360 }, 
        {"sofa" : 1,  "begin" : 2361,  "end" : 2364 }, 
        {"sofa" : 1,  "begin" : 2365,  "end" : 2370 }, 
        {"sofa" : 1,  "begin" : 2371,  "end" : 2374 }, 
        {"sofa" : 1,  "begin" : 2375,  "end" : 2383 }, 
        {"sofa" : 1,  "begin" : 2384,  "end" : 2392 }, 
        {"sofa" : 1,  "begin" : 2393,  "end" : 2395 }, 
        {"sofa" : 1,  "begin" : 2396,  "end" : 2399 }, 
        {"sofa" : 1,  "begin" : 2400,  "end" : 2404 }, 
        {"sofa" : 1,  "begin" : 2404,  "end" : 2405 }, 
        {"sofa" : 1,  "begin" : 2406,  "end" : 2407 }, 
        {"sofa" : 1,  "begin" : 2408,  "end" : 2415 }, 
        {"sofa" : 1,  "begin" : 2416,  "end" : 2421 }, 
        {"sofa" : 1,  "begin" : 2422,  "end" : 2428 }, 
        {"sofa" : 1,  "begin" : 2429,  "end" : 2432 }, 
        {"sofa" : 1,  "begin" : 2432,  "end" : 2433 }, 
        {"sofa" : 1,  "begin" : 2434,  "end" : 2436 }, 
        {"sofa" : 1,  "begin" : 2437,  "end" : 2441 }, 
        {"sofa" : 1,  "begin" : 2442,  "end" : 2444 }, 
        {"sofa" : 1,  "begin" : 2445,  "end" : 2450 }, 
        {"sofa" : 1,  "begin" : 2451,  "end" : 2462 }, 
        {"sofa" : 1,  "begin" : 2463,  "end" : 2468 }, 
        {"sofa" : 1,  "begin" : 2469,  "end" : 2477 }, 
        {"sofa" : 1,  "begin" : 2477,  "end" : 2478 }, 
        {"sofa" : 1,  "begin" : 2479,  "end" : 2485 }, 
        {"sofa" : 1,  "begin" : 2486,  "end" : 2489 }, 
        {"sofa" : 1,  "begin" : 2490,  "end" : 2495 }, 
        {"sofa" : 1,  "begin" : 2496,  "end" : 2498 }, 
        {"sofa" : 1,  "begin" : 2499,  "end" : 2501 }, 
        {"sofa" : 1,  "begin" : 2502,  "end" : 2508 }, 
        {"sofa" : 1,  "begin" : 2509,  "end" : 2511 }, 
        {"sofa" : 1,  "begin" : 2512,  "end" : 2515 }, 
        {"sofa" : 1,  "begin" : 2516,  "end" : 2524 }, 
        {"sofa" : 1,  "begin" : 2524,  "end" : 2525 }, 
        {"sofa" : 1,  "begin" : 2526,  "end" : 2529 }, 
        {"sofa" : 1,  "begin" : 2530,  "end" : 2537 }, 
        {"sofa" : 1,  "begin" : 2538,  "end" : 2540 }, 
        {"sofa" : 1,  "begin" : 2541,  "end" : 2544 }, 
        {"sofa" : 1,  "begin" : 2545,  "end" : 2555 }, 
        {"sofa" : 1,  "begin" : 2556,  "end" : 2562 }, 
        {"sofa" : 1,  "begin" : 2563,  "end" : 2566 }, 
        {"sofa" : 1,  "begin" : 2567,  "end" : 2574 }, 
        {"sofa" : 1,  "begin" : 2575,  "end" : 2577 }, 
        {"sofa" : 1,  "begin" : 2578,  "end" : 2583 }, 
        {"sofa" : 1,  "begin" : 2584,  "end" : 2589 }, 
        {"sofa" : 1,  "begin" : 2590,  "end" : 2599 }, 
        {"sofa" : 1,  "begin" : 2600,  "end" : 2602 }, 
        {"sofa" : 1,  "begin" : 2603,  "end" : 2608 }, 
        {"sofa" : 1,  "begin" : 2608,  "end" : 2609 }, 
        {"sofa" : 1,  "begin" : 2610,  "end" : 2614 }, 
        {"sofa" : 1,  "begin" : 2615,  "end" : 2623 }, 
        {"sofa" : 1,  "begin" : 2623,  "end" : 2624 }, 
        {"sofa" : 1,  "begin" : 2625,  "end" : 2628 }, 
        {"sofa" : 1,  "begin" : 2629,  "end" : 2636 }, 
        {"sofa" : 1,  "begin" : 2637,  "end" : 2639 }, 
        {"sofa" : 1,  "begin" : 2640,  "end" : 2648 }, 
        {"sofa" : 1,  "begin" : 2649,  "end" : 2657 }, 
        {"sofa" : 1,  "begin" : 2657,  "end" : 2658 }, 
        {"sofa" : 1,  "begin" : 2659,  "end" : 2662 }, 
        {"sofa" : 1,  "begin" : 2663,  "end" : 2668 }, 
        {"sofa" : 1,  "begin" : 2669,  "end" : 2671 }, 
        {"sofa" : 1,  "begin" : 2672,  "end" : 2675 }, 
        {"sofa" : 1,  "begin" : 2676,  "end" : 2683 }, 
        {"sofa" : 1,  "begin" : 2683,  "end" : 2684 }, 
        {"sofa" : 1,  "begin" : 2685,  "end" : 2688 }, 
        {"sofa" : 1,  "begin" : 2689,  "end" : 2692 }, 
        {"sofa" : 1,  "begin" : 2693,  "end" : 2703 }, 
        {"sofa" : 1,  "begin" : 2704,  "end" : 2706 }, 
        {"sofa" : 1,  "begin" : 2707,  "end" : 2712 }, 
        {"sofa" : 1,  "begin" : 2713,  "end" : 2722 }, 
        {"sofa" : 1,  "begin" : 2723,  "end" : 2732 }, 
        {"sofa" : 1,  "begin" : 2732,  "end" : 2733 }, 
        {"sofa" : 1,  "begin" : 2734,  "end" : 2739 }, 
        {"sofa" : 1,  "begin" : 2740,  "end" : 2743 }, 
        {"sofa" : 1,  "begin" : 2744,  "end" : 2750 }, 
        {"sofa" : 1,  "begin" : 2751,  "end" : 2759 }, 
        {"sofa" : 1,  "begin" : 2760,  "end" : 2770 }, 
        {"sofa" : 1,  "begin" : 2770,  "end" : 2771 }, 
        {"sofa" : 1,  "begin" : 2772,  "end" : 2777 }, 
        {"sofa" : 1,  "begin" : 2778,  "end" : 2780 }, 
        {"sofa" : 1,  "begin" : 2781,  "end" : 2785 }, 
        {"sofa" : 1,  "begin" : 2786,  "end" : 2792 }, 
        {"sofa" : 1,  "begin" : 2793,  "end" : 2799 }, 
        {"sofa" : 1,  "begin" : 2799,  "end" : 2800 }, 
        {"sofa" : 1,  "begin" : 2801,  "end" : 2805 }, 
        {"sofa" : 1,  "begin" : 2806,  "end" : 2812 }, 
        {"sofa" : 1,  "begin" : 2813,  "end" : 2817 }, 
        {"sofa" : 1,  "begin" : 2817,  "end" : 2818 }, 
        {"sofa" : 1,  "begin" : 2819,  "end" : 2823 }, 
        {"sofa" : 1,  "begin" : 2824,  "end" : 2832 }, 
        {"sofa" : 1,  "begin" : 2832,  "end" : 2833 }, 
        {"sofa" : 1,  "begin" : 2834,  "end" : 2838 }, 
        {"sofa" : 1,  "begin" : 2839,  "end" : 2843 }, 
        {"sofa" : 1,  "begin" : 2843,  "end" : 2844 }, 
        {"sofa" : 1,  "begin" : 2845,  "end" : 2849 }, 
        {"sofa" : 1,  "begin" : 2850,  "end" : 2855 }, 
        {"sofa" : 1,  "begin" : 2855,  "end" : 2856 }, 
        {"sofa" : 1,  "begin" : 2857,  "end" : 2861 }, 
        {"sofa" : 1,  "begin" : 2862,  "end" : 2865 }, 
        {"sofa" : 1,  "begin" : 2866,  "end" : 2869 }, 
        {"sofa" : 1,  "begin" : 2870,  "end" : 2877 }, 
        {"sofa" : 1,  "begin" : 2878,  "end" : 2880 }, 
        {"sofa" : 1,  "begin" : 2881,  "end" : 2886 }, 
        {"sofa" : 1,  "begin" : 2887,  "end" : 2892 }, 
        {"sofa" : 1,  "begin" : 2893,  "end" : 2895 }, 
        {"sofa" : 1,  "begin" : 2896,  "end" : 2903 }, 
        {"sofa" : 1,  "begin" : 2903,  "end" : 2904 }, 
        {"sofa" : 1,  "begin" : 2905,  "end" : 2908 }, 
        {"sofa" : 1,  "begin" : 2909,  "end" : 2917 }, 
        {"sofa" : 1,  "begin" : 2918,  "end" : 2927 }, 
        {"sofa" : 1,  "begin" : 2927,  "end" : 2928 }, 
        {"sofa" : 1,  "begin" : 2929,  "end" : 2932 }, 
        {"sofa" : 1,  "begin" : 2933,  "end" : 2939 }, 
        {"sofa" : 1,  "begin" : 2940,  "end" : 2946 }, 
        {"sofa" : 1,  "begin" : 2946,  "end" : 2947 }, 
        {"sofa" : 1,  "begin" : 2948,  "end" : 2951 }, 
        {"sofa" : 1,  "begin" : 2952,  "end" : 2957 }, 
        {"sofa" : 1,  "begin" : 2958,  "end" : 2963 }, 
        {"sofa" : 1,  "begin" : 2963,  "end" : 2964 }, 
        {"sofa" : 1,  "begin" : 2965,  "end" : 2968 }, 
        {"sofa" : 1,  "begin" : 2969,  "end" : 2977 }, 
        {"sofa" : 1,  "begin" : 2978,  "end" : 2985 }, 
        {"sofa" : 1,  "begin" : 2985,  "end" : 2986 }, 
        {"sofa" : 1,  "begin" : 2987,  "end" : 2990 }, 
        {"sofa" : 1,  "begin" : 2991,  "end" : 2994 }, 
        {"sofa" : 1,  "begin" : 2995,  "end" : 3004 }, 
        {"sofa" : 1,  "begin" : 3005,  "end" : 3012 }, 
        {"sofa" : 1,  "begin" : 3013,  "end" : 3015 }, 
        {"sofa" : 1,  "begin" : 3016,  "end" : 3019 }, 
        {"sofa" : 1,  "begin" : 3020,  "end" : 3030 }, 
        {"sofa" : 1,  "begin" : 3030,  "end" : 3031 }, 
        {"sofa" : 1,  "begin" : 3032,  "end" : 3039 }, 
        {"sofa" : 1,  "begin" : 3040,  "end" : 3042 }, 
        {"sofa" : 1,  "begin" : 3043,  "end" : 3055 }, 
        {"sofa" : 1,  "begin" : 3056,  "end" : 3064 }, 
        {"sofa" : 1,  "begin" : 3064,  "end" : 3065 }, 
        {"sofa" : 1,  "begin" : 3066,  "end" : 3073 }, 
        {"sofa" : 1,  "begin" : 3074,  "end" : 3080 }, 
        {"sofa" : 1,  "begin" : 3080,  "end" : 3081 }, 
        {"sofa" : 1,  "begin" : 3082,  "end" : 3088 }, 
        {"sofa" : 1,  "begin" : 3089,  "end" : 3092 }, 
        {"sofa" : 1,  "begin" : 3092,  "end" : 3093 }, 
        {"sofa" : 1,  "begin" : 3094,  "end" : 3097 }, 
        {"sofa" : 1,  "begin" : 3098,  "end" : 3102 }, 
        {"sofa" : 1,  "begin" : 3103,  "end" : 3110 }, 
        {"sofa" : 1,  "begin" : 3112,  "end" : 3118 }, 
        {"sofa" : 1,  "begin" : 3119,  "end" : 3121 }, 
        {"sofa" : 1,  "begin" : 3122,  "end" : 3129 }, 
        {"sofa" : 1,  "begin" : 3130,  "end" : 3141 }, 
        {"sofa" : 1,  "begin" : 3141,  "end" : 3142 }, 
        {"sofa" : 1,  "begin" : 3143,  "end" : 3148 }, 
        {"sofa" : 1,  "begin" : 3149,  "end" : 3151 }, 
        {"sofa" : 1,  "begin" : 3152,  "end" : 3155 }, 
        {"sofa" : 1,  "begin" : 3156,  "end" : 3158 }, 
        {"sofa" : 1,  "begin" : 3159,  "end" : 3162 }, 
        {"sofa" : 1,  "begin" : 3162,  "end" : 3163 }, 
        {"sofa" : 1,  "begin" : 3164,  "end" : 3169 }, 
        {"sofa" : 1,  "begin" : 3170,  "end" : 3172 }, 
        {"sofa" : 1,  "begin" : 3173,  "end" : 3177 }, 
        {"sofa" : 1,  "begin" : 3177,  "end" : 3178 }, 
        {"sofa" : 1,  "begin" : 3179,  "end" : 3186 }, 
        {"sofa" : 1,  "begin" : 3187,  "end" : 3189 }, 
        {"sofa" : 1,  "begin" : 3190,  "end" : 3195 }, 
        {"sofa" : 1,  "begin" : 3195,  "end" : 3196 }, 
        {"sofa" : 1,  "begin" : 3197,  "end" : 3202 }, 
        {"sofa" : 1,  "begin" : 3203,  "end" : 3205 }, 
        {"sofa" : 1,  "begin" : 3206,  "end" : 3209 }, 
        {"sofa" : 1,  "begin" : 3210,  "end" : 3215 }, 
        {"sofa" : 1,  "begin" : 3215,  "end" : 3216 }, 
        {"sofa" : 1,  "begin" : 3217,  "end" : 3224 }, 
        {"sofa" : 1,  "begin" : 3225,  "end" : 3227 }, 
        {"sofa" : 1,  "begin" : 3228,  "end" : 3231 }, 
        {"sofa" : 1,  "begin" : 3232,  "end" : 3236 }, 
        {"sofa" : 1,  "begin" : 3236,  "end" : 3237 }, 
        {"sofa" : 1,  "begin" : 3238,  "end" : 3241 }, 
        {"sofa" : 1,  "begin" : 3242,  "end" : 3250 }, 
        {"sofa" : 1,  "begin" : 3251,  "end" : 3253 }, 
        {"sofa" : 1,  "begin" : 3254,  "end" : 3257 }, 
        {"sofa" : 1,  "begin" : 3258,  "end" : 3263 }, 
        {"sofa" : 1,  "begin" : 3263,  "end" : 3264 }, 
        {"sofa" : 1,  "begin" : 3265,  "end" : 3270 }, 
        {"sofa" : 1,  "begin" : 3271,  "end" : 3276 }, 
        {"sofa" : 1,  "begin" : 3277,  "end" : 3284 }, 
        {"sofa" : 1,  "begin" : 3285,  "end" : 3287 }, 
        {"sofa" : 1,  "begin" : 3288,  "end" : 3296 }, 
        {"sofa" : 1,  "begin" : 3296,  "end" : 3297 }, 
        {"sofa" : 1,  "begin" : 3298,  "end" : 3305 }, 
        {"sofa" : 1,  "begin" : 3306,  "end" : 3311 }, 
        {"sofa" : 1,  "begin" : 3312,  "end" : 3314 }, 
        {"sofa" : 1,  "begin" : 3315,  "end" : 3320 }, 
        {"sofa" : 1,  "begin" : 3321,  "end" : 3331 }, 
        {"sofa" : 1,  "begin" : 3331,  "end" : 3332 }, 
        {"sofa" : 1,  "begin" : 3333,  "end" : 3341 }, 
        {"sofa" : 1,  "begin" : 3342,  "end" : 3346 }, 
        {"sofa" : 1,  "begin" : 3347,  "end" : 3355 }, 
        {"sofa" : 1,  "begin" : 3355,  "end" : 3356 }, 
        {"sofa" : 1,  "begin" : 3357,  "end" : 3361 }, 
        {"sofa" : 1,  "begin" : 3362,  "end" : 3364 }, 
        {"sofa" : 1,  "begin" : 3365,  "end" : 3367 }, 
        {"sofa" : 1,  "begin" : 3368,  "end" : 3370 }, 
        {"sofa" : 1,  "begin" : 3371,  "end" : 3373 }, 
        {"sofa" : 1,  "begin" : 3374,  "end" : 3380 }, 
        {"sofa" : 1,  "begin" : 3381,  "end" : 3383 }, 
        {"sofa" : 1,  "begin" : 3384,  "end" : 3386 }, 
        {"sofa" : 1,  "begin" : 3387,  "end" : 3391 }, 
        {"sofa" : 1,  "begin" : 3392,  "end" : 3393 }, 
        {"sofa" : 1,  "begin" : 3394,  "end" : 3397 }, 
        {"sofa" : 1,  "begin" : 3398,  "end" : 3404 }, 
        {"sofa" : 1,  "begin" : 3404,  "end" : 3405 }, 
        {"sofa" : 1,  "begin" : 3406,  "end" : 3413 }, 
        {"sofa" : 1,  "begin" : 3414,  "end" : 3418 }, 
        {"sofa" : 1,  "begin" : 3419,  "end" : 3427 }, 
        {"sofa" : 1,  "begin" : 3428,  "end" : 3438 }, 
        {"sofa" : 1,  "begin" : 3438,  "end" : 3439 }, 
        {"sofa" : 1,  "begin" : 3440,  "end" : 3444 }, 
        {"sofa" : 1,  "begin" : 3445,  "end" : 3448 }, 
        {"sofa" : 1,  "begin" : 3449,  "end" : 3455 }, 
        {"sofa" : 1,  "begin" : 3456,  "end" : 3458 }, 
        {"sofa" : 1,  "begin" : 3459,  "end" : 3465 }, 
        {"sofa" : 1,  "begin" : 3465,  "end" : 3466 }, 
        {"sofa" : 1,  "begin" : 3467,  "end" : 3475 }, 
        {"sofa" : 1,  "begin" : 3475,  "end" : 3476 }, 
        {"sofa" : 1,  "begin" : 3477,  "end" : 3481 }, 
        {"sofa" : 1,  "begin" : 3481,  "end" : 3482 }, 
        {"sofa" : 1,  "begin" : 3483,  "end" : 3487 }, 
        {"sofa" : 1,  "begin" : 3488,  "end" : 3491 }, 
        {"sofa" : 1,  "begin" : 3492,  "end" : 3499 }, 
        {"sofa" : 1,  "begin" : 3499,  "end" : 3500 }, 
        {"sofa" : 1,  "begin" : 3500,  "end" : 3501 }, 
        {"sofa" : 1,  "begin" : 3502,  "end" : 3509 }, 
        {"sofa" : 1,  "begin" : 3509,  "end" : 3510 }, 
        {"sofa" : 1,  "begin" : 3511,  "end" : 3514 }, 
        {"sofa" : 1,  "begin" : 3515,  "end" : 3523 }, 
        {"sofa" : 1,  "begin" : 3523,  "end" : 3524 }, 
        {"sofa" : 1,  "begin" : 3525,  "end" : 3529 }, 
        {"sofa" : 1,  "begin" : 3530,  "end" : 3533 }, 
        {"sofa" : 1,  "begin" : 3534,  "end" : 3537 }, 
        {"sofa" : 1,  "begin" : 3538,  "end" : 3543 }, 
        {"sofa" : 1,  "begin" : 3544,  "end" : 3546 }, 
        {"sofa" : 1,  "begin" : 3547,  "end" : 3554 }, 
        {"sofa" : 1,  "begin" : 3554,  "end" : 3555 }, 
        {"sofa" : 1,  "begin" : 3556,  "end" : 3561 }, 
        {"sofa" : 1,  "begin" : 3562,  "end" : 3565 }, 
        {"sofa" : 1,  "begin" : 3566,  "end" : 3571 }, 
        {"sofa" : 1,  "begin" : 3571,  "end" : 3572 }, 
        {"sofa" : 1,  "begin" : 3573,  "end" : 3577 }, 
        {"sofa" : 1,  "begin" : 3578,  "end" : 3581 }, 
        {"sofa" : 1,  "begin" : 3582,  "end" : 3586 }, 
        {"sofa" : 1,  "begin" : 3587,  "end" : 3596 }, 
        {"sofa" : 1,  "begin" : 3596,  "end" : 3597 }, 
        {"sofa" : 1,  "begin" : 3598,  "end" : 3602 }, 
        {"sofa" : 1,  "begin" : 3603,  "end" : 3612 }, 
        {"sofa" : 1,  "begin" : 3613,  "end" : 3621 }, 
        {"sofa" : 1,  "begin" : 3622,  "end" : 3624 }, 
        {"sofa" : 1,  "begin" : 3625,  "end" : 3629 }, 
        {"sofa" : 1,  "begin" : 3630,  "end" : 3638 }, 
        {"sofa" : 1,  "begin" : 3638,  "end" : 3639 }, 
        {"sofa" : 1,  "begin" : 3640,  "end" : 3644 }, 
        {"sofa" : 1,  "begin" : 3645,  "end" : 3654 }, 
        {"sofa" : 1,  "begin" : 3655,  "end" : 3663 }, 
        {"sofa" : 1,  "begin" : 3664,  "end" : 3673 }, 
        {"sofa" : 1,  "begin" : 3673,  "end" : 3674 }, 
        {"sofa" : 1,  "begin" : 3675,  "end" : 3677 }, 
        {"sofa" : 1,  "begin" : 3678,  "end" : 3680 }, 
        {"sofa" : 1,  "begin" : 3681,  "end" : 3691 }, 
        {"sofa" : 1,  "begin" : 3692,  "end" : 3695 }, 
        {"sofa" : 1,  "begin" : 3696,  "end" : 3698 }, 
        {"sofa" : 1,  "begin" : 3699,  "end" : 3701 }, 
        {"sofa" : 1,  "begin" : 3702,  "end" : 3708 }, 
        {"sofa" : 1,  "begin" : 3709,  "end" : 3713 }, 
        {"sofa" : 1,  "begin" : 3714,  "end" : 3716 }, 
        {"sofa" : 1,  "begin" : 3717,  "end" : 3721 }, 
        {"sofa" : 1,  "begin" : 3722,  "end" : 3732 }, 
        {"sofa" : 1,  "begin" : 3732,  "end" : 3733 }, 
        {"sofa" : 1,  "begin" : 3734,  "end" : 3742 }, 
        {"sofa" : 1,  "begin" : 3743,  "end" : 3747 }, 
        {"sofa" : 1,  "begin" : 3748,  "end" : 3750 }, 
        {"sofa" : 1,  "begin" : 3751,  "end" : 3764 }, 
        {"sofa" : 1,  "begin" : 3764,  "end" : 3765 }, 
        {"sofa" : 1,  "begin" : 3766,  "end" : 3771 }, 
        {"sofa" : 1,  "begin" : 3772,  "end" : 3777 }, 
        {"sofa" : 1,  "begin" : 3778,  "end" : 3782 }, 
        {"sofa" : 1,  "begin" : 3783,  "end" : 3790 }, 
        {"sofa" : 1,  "begin" : 3791,  "end" : 3796 }, 
        {"sofa" : 1,  "begin" : 3797,  "end" : 3798 }, 
        {"sofa" : 1,  "begin" : 3799,  "end" : 3804 }, 
        {"sofa" : 1,  "begin" : 3805,  "end" : 3813 }, 
        {"sofa" : 1,  "begin" : 3814,  "end" : 3816 }, 
        {"sofa" : 1,  "begin" : 3817,  "end" : 3825 }, 
        {"sofa" : 1,  "begin" : 3825,  "end" : 3826 }, 
        {"sofa" : 1,  "begin" : 3827,  "end" : 3832 }, 
        {"sofa" : 1,  "begin" : 3833,  "end" : 3835 }, 
        {"sofa" : 1,  "begin" : 3836,  "end" : 3838 }, 
        {"sofa" : 1,  "begin" : 3839,  "end" : 3847 }, 
        {"sofa" : 1,  "begin" : 3848,  "end" : 3850 }, 
        {"sofa" : 1,  "begin" : 3851,  "end" : 3856 }, 
        {"sofa" : 1,  "begin" : 3857,  "end" : 3859 }, 
        {"sofa" : 1,  "begin" : 3859,  "end" : 3860 }, 
        {"sofa" : 1,  "begin" : 3861,  "end" : 3865 }, 
        {"sofa" : 1,  "begin" : 3866,  "end" : 3869 }, 
        {"sofa" : 1,  "begin" : 3870,  "end" : 3878 }, 
        {"sofa" : 1,  "begin" : 3879,  "end" : 3881 }, 
        {"sofa" : 1,  "begin" : 3882,  "end" : 3884 }, 
        {"sofa" : 1,  "begin" : 3885,  "end" : 3892 }, 
        {"sofa" : 1,  "begin" : 3892,  "end" : 3893 }, 
        {"sofa" : 1,  "begin" : 3894,  "end" : 3896 }, 
        {"sofa" : 1,  "begin" : 3897,  "end" : 3899 }, 
        {"sofa" : 1,  "begin" : 3900,  "end" : 3903 }, 
        {"sofa" : 1,  "begin" : 3904,  "end" : 3909 }, 
        {"sofa" : 1,  "begin" : 3909,  "end" : 3910 }, 
        {"sofa" : 1,  "begin" : 3911,  "end" : 3914 }, 
        {"sofa" : 1,  "begin" : 3915,  "end" : 3922 }, 
        {"sofa" : 1,  "begin" : 3922,  "end" : 3923 }, 
        {"sofa" : 1,  "begin" : 3924,  "end" : 3927 }, 
        {"sofa" : 1,  "begin" : 3929,  "end" : 3936 }, 
        {"sofa" : 1,  "begin" : 3936,  "end" : 3937 }, 
        {"sofa" : 1,  "begin" : 3938,  "end" : 3943 }, 
        {"sofa" : 1,  "begin" : 3944,  "end" : 3946 }, 
        {"sofa" : 1,  "begin" : 3947,  "end" : 3950 }, 
        {"sofa" : 1,  "begin" : 3951,  "end" : 3956 }, 
        {"sofa" : 1,  "begin" : 3956,  "end" : 3957 }, 
        {"sofa" : 1,  "begin" : 3958,  "end" : 3969 }, 
        {"sofa" : 1,  "begin" : 3970,  "end" : 3972 }, 
        {"sofa" : 1,  "begin" : 3973,  "end" : 3976 }, 
        {"sofa" : 1,  "begin" : 3977,  "end" : 3984 }, 
        {"sofa" : 1,  "begin" : 3984,  "end" : 3985 }, 
        {"sofa" : 1,  "begin" : 3986,  "end" : 3989 }, 
        {"sofa" : 1,  "begin" : 3990,  "end" : 4001 }, 
        {"sofa" : 1,  "begin" : 4002,  "end" : 4004 }, 
        {"sofa" : 1,  "begin" : 4005,  "end" : 4008 }, 
        {"sofa" : 1,  "begin" : 4009,  "end" : 4017 }, 
        {"sofa" : 1,  "begin" : 4017,  "end" : 4018 }, 
        {"sofa" : 1,  "begin" : 4019,  "end" : 4021 }, 
        {"sofa" : 1,  "begin" : 4022,  "end" : 4025 }, 
        {"sofa" : 1,  "begin" : 4026,  "end" : 4031 }, 
        {"sofa" : 1,  "begin" : 4032,  "end" : 4033 }, 
        {"sofa" : 1,  "begin" : 4034,  "end" : 4040 }, 
        {"sofa" : 1,  "begin" : 4040,  "end" : 4041 }, 
        {"sofa" : 1,  "begin" : 4042,  "end" : 4044 }, 
        {"sofa" : 1,  "begin" : 4045,  "end" : 4048 }, 
        {"sofa" : 1,  "begin" : 4049,  "end" : 4056 }, 
        {"sofa" : 1,  "begin" : 4057,  "end" : 4058 }, 
        {"sofa" : 1,  "begin" : 4059,  "end" : 4067 }, 
        {"sofa" : 1,  "begin" : 4067,  "end" : 4068 }, 
        {"sofa" : 1,  "begin" : 4069,  "end" : 4072 }, 
        {"sofa" : 1,  "begin" : 4073,  "end" : 4075 }, 
        {"sofa" : 1,  "begin" : 4076,  "end" : 4079 }, 
        {"sofa" : 1,  "begin" : 4080,  "end" : 4087 }, 
        {"sofa" : 1,  "begin" : 4088,  "end" : 4089 }, 
        {"sofa" : 1,  "begin" : 4090,  "end" : 4101 }, 
        {"sofa" : 1,  "begin" : 4101,  "end" : 4102 }, 
        {"sofa" : 1,  "begin" : 4103,  "end" : 4107 }, 
        {"sofa" : 1,  "begin" : 4108,  "end" : 4111 }, 
        {"sofa" : 1,  "begin" : 4112,  "end" : 4117 }, 
        {"sofa" : 1,  "begin" : 4118,  "end" : 4121 }, 
        {"sofa" : 1,  "begin" : 4122,  "end" : 4132 }, 
        {"sofa" : 1,  "begin" : 4133,  "end" : 4135 }, 
        {"sofa" : 1,  "begin" : 4136,  "end" : 4143 }, 
        {"sofa" : 1,  "begin" : 4144,  "end" : 4154 }, 
        {"sofa" : 1,  "begin" : 4155,  "end" : 4161 }, 
        {"sofa" : 1,  "begin" : 4162,  "end" : 4164 }, 
        {"sofa" : 1,  "begin" : 4165,  "end" : 4176 }, 
        {"sofa" : 1,  "begin" : 4176,  "end" : 4177 }, 
        {"sofa" : 1,  "begin" : 4178,  "end" : 4182 }, 
        {"sofa" : 1,  "begin" : 4183,  "end" : 4186 }, 
        {"sofa" : 1,  "begin" : 4187,  "end" : 4194 }, 
        {"sofa" : 1,  "begin" : 4195,  "end" : 4197 }, 
        {"sofa" : 1,  "begin" : 4198,  "end" : 4205 }, 
        {"sofa" : 1,  "begin" : 4205,  "end" : 4206 }, 
        {"sofa" : 1,  "begin" : 4207,  "end" : 4209 }, 
        {"sofa" : 1,  "begin" : 4210,  "end" : 4217 }, 
        {"sofa" : 1,  "begin" : 4218,  "end" : 4229 }, 
        {"sofa" : 1,  "begin" : 4229,  "end" : 4230 }, 
        {"sofa" : 1,  "begin" : 4231,  "end" : 4234 }, 
        {"sofa" : 1,  "begin" : 4235,  "end" : 4239 }, 
        {"sofa" : 1,  "begin" : 4240,  "end" : 4243 }, 
        {"sofa" : 1,  "begin" : 4244,  "end" : 4251 }, 
        {"sofa" : 1,  "begin" : 4251,  "end" : 4252 }, 
        {"sofa" : 1,  "begin" : 4253,  "end" : 4255 }, 
        {"sofa" : 1,  "begin" : 4256,  "end" : 4264 }, 
        {"sofa" : 1,  "begin" : 4265,  "end" : 4266 }, 
        {"sofa" : 1,  "begin" : 4267,  "end" : 4275 }, 
        {"sofa" : 1,  "begin" : 4276,  "end" : 4286 }, 
        {"sofa" : 1,  "begin" : 4286,  "end" : 4287 }, 
        {"sofa" : 1,  "begin" : 4288,  "end" : 4289 }, 
        {"sofa" : 1,  "begin" : 4290,  "end" : 4295 }, 
        {"sofa" : 1,  "begin" : 4296,  "end" : 4298 }, 
        {"sofa" : 1,  "begin" : 4299,  "end" : 4302 }, 
        {"sofa" : 1,  "begin" : 4303,  "end" : 4307 }, 
        {"sofa" : 1,  "begin" : 4308,  "end" : 4313 }, 
        {"sofa" : 1,  "begin" : 4314,  "end" : 4320 }, 
        {"sofa" : 1,  "begin" : 4320,  "end" : 4321 }, 
        {"sofa" : 1,  "begin" : 4322,  "end" : 4323 }, 
        {"sofa" : 1,  "begin" : 4324,  "end" : 4327 }, 
        {"sofa" : 1,  "begin" : 4328,  "end" : 4333 }, 
        {"sofa" : 1,  "begin" : 4334,  "end" : 4339 }, 
        {"sofa" : 1,  "begin" : 4340,  "end" : 4342 }, 
        {"sofa" : 1,  "begin" : 4343,  "end" : 4350 }, 
        {"sofa" : 1,  "begin" : 4351,  "end" : 4355 }, 
        {"sofa" : 1,  "begin" : 4356,  "end" : 4359 }, 
        {"sofa" : 1,  "begin" : 4360,  "end" : 4366 }, 
        {"sofa" : 1,  "begin" : 4366,  "end" : 4367 }, 
        {"sofa" : 1,  "begin" : 4368,  "end" : 4376 }, 
        {"sofa" : 1,  "begin" : 4377,  "end" : 4380 }, 
        {"sofa" : 1,  "begin" : 4381,  "end" : 4383 }, 
        {"sofa" : 1,  "begin" : 4384,  "end" : 4387 }, 
        {"sofa" : 1,  "begin" : 4388,  "end" : 4394 }, 
        {"sofa" : 1,  "begin" : 4395,  "end" : 4397 }, 
        {"sofa" : 1,  "begin" : 4398,  "end" : 4404 }, 
        {"sofa" : 1,  "begin" : 4405,  "end" : 4407 }, 
        {"sofa" : 1,  "begin" : 4408,  "end" : 4410 }, 
        {"sofa" : 1,  "begin" : 4411,  "end" : 4416 }, 
        {"sofa" : 1,  "begin" : 4416,  "end" : 4417 }, 
        {"sofa" : 1,  "begin" : 4418,  "end" : 4421 }, 
        {"sofa" : 1,  "begin" : 4422,  "end" : 4427 }, 
        {"sofa" : 1,  "begin" : 4428,  "end" : 4431 }, 
        {"sofa" : 1,  "begin" : 4432,  "end" : 4434 }, 
        {"sofa" : 1,  "begin" : 4435,  "end" : 4438 }, 
        {"sofa" : 1,  "begin" : 4439,  "end" : 4442 }, 
        {"sofa" : 1,  "begin" : 4443,  "end" : 4452 }, 
        {"sofa" : 1,  "begin" : 4453,  "end" : 4455 }, 
        {"sofa" : 1,  "begin" : 4456,  "end" : 4458 }, 
        {"sofa" : 1,  "begin" : 4459,  "end" : 4464 }, 
        {"sofa" : 1,  "begin" : 4464,  "end" : 4465 }, 
        {"sofa" : 1,  "begin" : 4466,  "end" : 4470 }, 
        {"sofa" : 1,  "begin" : 4471,  "end" : 4473 }, 
        {"sofa" : 1,  "begin" : 4474,  "end" : 4479 }, 
        {"sofa" : 1,  "begin" : 4480,  "end" : 4489 }, 
        {"sofa" : 1,  "begin" : 4490,  "end" : 4492 }, 
        {"sofa" : 1,  "begin" : 4493,  "end" : 4502 }, 
        {"sofa" : 1,  "begin" : 4503,  "end" : 4505 }, 
        {"sofa" : 1,  "begin" : 4506,  "end" : 4511 }, 
        {"sofa" : 1,  "begin" : 4511,  "end" : 4512 }, 
        {"sofa" : 1,  "begin" : 4513,  "end" : 4515 }, 
        {"sofa" : 1,  "begin" : 4516,  "end" : 4525 }, 
        {"sofa" : 1,  "begin" : 4526,  "end" : 4531 }, 
        {"sofa" : 1,  "begin" : 4532,  "end" : 4536 }, 
        {"sofa" : 1,  "begin" : 4537,  "end" : 4546 }, 
        {"sofa" : 1,  "begin" : 4547,  "end" : 4556 }, 
        {"sofa" : 1,  "begin" : 4557,  "end" : 4559 }, 
        {"sofa" : 1,  "begin" : 4560,  "end" : 4562 }, 
        {"sofa" : 1,  "begin" : 4563,  "end" : 4571 }, 
        {"sofa" : 1,  "begin" : 4572,  "end" : 4581 }, 
        {"sofa" : 1,  "begin" : 4581,  "end" : 4582 }, 
        {"sofa" : 1,  "begin" : 4583,  "end" : 4586 }, 
        {"sofa" : 1,  "begin" : 4587,  "end" : 4590 }, 
        {"sofa" : 1,  "begin" : 4591,  "end" : 4597 }, 
        {"sofa" : 1,  "begin" : 4598,  "end" : 4599 }, 
        {"sofa" : 1,  "begin" : 4600,  "end" : 4605 }, 
        {"sofa" : 1,  "begin" : 4606,  "end" : 4609 }, 
        {"sofa" : 1,  "begin" : 4610,  "end" : 4612 }, 
        {"sofa" : 1,  "begin" : 4613,  "end" : 4616 }, 
        {"sofa" : 1,  "begin" : 4617,  "end" : 4622 }, 
        {"sofa" : 1,  "begin" : 4623,  "end" : 4625 }, 
        {"sofa" : 1,  "begin" : 4626,  "end" : 4629 }, 
        {"sofa" : 1,  "begin" : 4630,  "end" : 4639 }, 
        {"sofa" : 1,  "begin" : 4639,  "end" : 4640 }, 
        {"sofa" : 1,  "begin" : 4641,  "end" : 4643 }, 
        {"sofa" : 1,  "begin" : 4644,  "end" : 4653 }, 
        {"sofa" : 1,  "begin" : 4654,  "end" : 4657 }, 
        {"sofa" : 1,  "begin" : 4658,  "end" : 4663 }, 
        {"sofa" : 1,  "begin" : 4664,  "end" : 4670 }, 
        {"sofa" : 1,  "begin" : 4671,  "end" : 4681 }, 
        {"sofa" : 1,  "begin" : 4682,  "end" : 4688 }, 
        {"sofa" : 1,  "begin" : 4689,  "end" : 4691 }, 
        {"sofa" : 1,  "begin" : 4692,  "end" : 4697 }, 
        {"sofa" : 1,  "begin" : 4697,  "end" : 4698 }, 
        {"sofa" : 1,  "begin" : 4699,  "end" : 4702 }, 
        {"sofa" : 1,  "begin" : 4703,  "end" : 4706 }, 
        {"sofa" : 1,  "begin" : 4707,  "end" : 4712 }, 
        {"sofa" : 1,  "begin" : 4713,  "end" : 4715 }, 
        {"sofa" : 1,  "begin" : 4716,  "end" : 4721 }, 
        {"sofa" : 1,  "begin" : 4722,  "end" : 4726 }, 
        {"sofa" : 1,  "begin" : 4727,  "end" : 4734 }, 
        {"sofa" : 1,  "begin" : 4735,  "end" : 4743 }, 
        {"sofa" : 1,  "begin" : 4744,  "end" : 4746 }, 
        {"sofa" : 1,  "begin" : 4747,  "end" : 4750 }, 
        {"sofa" : 1,  "begin" : 4751,  "end" : 4756 }, 
        {"sofa" : 1,  "begin" : 4756,  "end" : 4757 }, 
        {"sofa" : 1,  "begin" : 4758,  "end" : 4764 }, 
        {"sofa" : 1,  "begin" : 4765,  "end" : 4769 }, 
        {"sofa" : 1,  "begin" : 4770,  "end" : 4775 }, 
        {"sofa" : 1,  "begin" : 4776,  "end" : 4781 }, 
        {"sofa" : 1,  "begin" : 4782,  "end" : 4788 }, 
        {"sofa" : 1,  "begin" : 4788,  "end" : 4789 }, 
        {"sofa" : 1,  "begin" : 4790,  "end" : 4791 }, 
        {"sofa" : 1,  "begin" : 4792,  "end" : 4796 }, 
        {"sofa" : 1,  "begin" : 4797,  "end" : 4798 }, 
        {"sofa" : 1,  "begin" : 4799,  "end" : 4804 }, 
        {"sofa" : 1,  "begin" : 4805,  "end" : 4808 }, 
        {"sofa" : 1,  "begin" : 4809,  "end" : 4811 }, 
        {"sofa" : 1,  "begin" : 4812,  "end" : 4815 }, 
        {"sofa" : 1,  "begin" : 4816,  "end" : 4825 }, 
        {"sofa" : 1,  "begin" : 4826,  "end" : 4828 }, 
        {"sofa" : 1,  "begin" : 4829,  "end" : 4834 }, 
        {"sofa" : 1,  "begin" : 4834,  "end" : 4835 }, 
        {"sofa" : 1,  "begin" : 4835,  "end" : 4836 }, 
        {"sofa" : 1,  "begin" : 4837,  "end" : 4839 }, 
        {"sofa" : 1,  "begin" : 4840,  "end" : 4843 }, 
        {"sofa" : 1,  "begin" : 4844,  "end" : 4848 }, 
        {"sofa" : 1,  "begin" : 4849,  "end" : 4851 }, 
        {"sofa" : 1,  "begin" : 4852,  "end" : 4864 }, 
        {"sofa" : 1,  "begin" : 4864,  "end" : 4865 }, 
        {"sofa" : 1,  "begin" : 4866,  "end" : 4868 }, 
        {"sofa" : 1,  "begin" : 4869,  "end" : 4871 }, 
        {"sofa" : 1,  "begin" : 4872,  "end" : 4878 }, 
        {"sofa" : 1,  "begin" : 4879,  "end" : 4881 }, 
        {"sofa" : 1,  "begin" : 4882,  "end" : 4885 }, 
        {"sofa" : 1,  "begin" : 4885,  "end" : 4886 }, 
        {"sofa" : 1,  "begin" : 4887,  "end" : 4892 }, 
        {"sofa" : 1,  "begin" : 4893,  "end" : 4902 }, 
        {"sofa" : 1,  "begin" : 4903,  "end" : 4906 }, 
        {"sofa" : 1,  "begin" : 4907,  "end" : 4912 }, 
        {"sofa" : 1,  "begin" : 4913,  "end" : 4916 }, 
        {"sofa" : 1,  "begin" : 4917,  "end" : 4923 }, 
        {"sofa" : 1,  "begin" : 4923,  "end" : 4924 }, 
        {"sofa" : 1,  "begin" : 4925,  "end" : 4928 }, 
        {"sofa" : 1,  "begin" : 4929,  "end" : 4935 }, 
        {"sofa" : 1,  "begin" : 4936,  "end" : 4937 }, 
        {"sofa" : 1,  "begin" : 4938,  "end" : 4942 }, 
        {"sofa" : 1,  "begin" : 4943,  "end" : 4946 }, 
        {"sofa" : 1,  "begin" : 4947,  "end" : 4952 }, 
        {"sofa" : 1,  "begin" : 4953,  "end" : 4958 }, 
        {"sofa" : 1,  "begin" : 4959,  "end" : 4961 }, 
        {"sofa" : 1,  "begin" : 4962,  "end" : 4970 }, 
        {"sofa" : 1,  "begin" : 4970,  "end" : 4971 }, 
        {"sofa" : 1,  "begin" : 4972,  "end" : 4975 }, 
        {"sofa" : 1,  "begin" : 4976,  "end" : 4982 }, 
        {"sofa" : 1,  "begin" : 4983,  "end" : 4984 }, 
        {"sofa" : 1,  "begin" : 4985,  "end" : 4990 }, 
        {"sofa" : 1,  "begin" : 4991,  "end" : 4994 }, 
        {"sofa" : 1,  "begin" : 4995,  "end" : 5000 }, 
        {"sofa" : 1,  "begin" : 5001,  "end" : 5006 }, 
        {"sofa" : 1,  "begin" : 5007,  "end" : 5009 }, 
        {"sofa" : 1,  "begin" : 5010,  "end" : 5015 }, 
        {"sofa" : 1,  "begin" : 5015,  "end" : 5016 }, 
        {"sofa" : 1,  "begin" : 5017,  "end" : 5019 }, 
        {"sofa" : 1,  "begin" : 5020,  "end" : 5023 }, 
        {"sofa" : 1,  "begin" : 5024,  "end" : 5028 }, 
        {"sofa" : 1,  "begin" : 5029,  "end" : 5032 }, 
        {"sofa" : 1,  "begin" : 5033,  "end" : 5038 }, 
        {"sofa" : 1,  "begin" : 5038,  "end" : 5039 }, 
        {"sofa" : 1,  "begin" : 5040,  "end" : 5046 }, 
        {"sofa" : 1,  "begin" : 5047,  "end" : 5057 }, 
        {"sofa" : 1,  "begin" : 5058,  "end" : 5059 }, 
        {"sofa" : 1,  "begin" : 5060,  "end" : 5067 }, 
        {"sofa" : 1,  "begin" : 5067,  "end" : 5068 }, 
        {"sofa" : 1,  "begin" : 5069,  "end" : 5083 }, 
        {"sofa" : 1,  "begin" : 5084,  "end" : 5091 }, 
        {"sofa" : 1,  "begin" : 5092,  "end" : 5094 }, 
        {"sofa" : 1,  "begin" : 5095,  "end" : 5103 }, 
        {"sofa" : 1,  "begin" : 5104,  "end" : 5111 }, 
        {"sofa" : 1,  "begin" : 5111,  "end" : 5112 }, 
        {"sofa" : 1,  "begin" : 5113,  "end" : 5117 }, 
        {"sofa" : 1,  "begin" : 5118,  "end" : 5125 }, 
        {"sofa" : 1,  "begin" : 5126,  "end" : 5128 }, 
        {"sofa" : 1,  "begin" : 5129,  "end" : 5135 }, 
        {"sofa" : 1,  "begin" : 5136,  "end" : 5142 }, 
        {"sofa" : 1,  "begin" : 5142,  "end" : 5143 }, 
        {"sofa" : 1,  "begin" : 5144,  "end" : 5147 }, 
        {"sofa" : 1,  "begin" : 5148,  "end" : 5155 }, 
        {"sofa" : 1,  "begin" : 5156,  "end" : 5162 }, 
        {"sofa" : 1,  "begin" : 5163,  "end" : 5168 }, 
        {"sofa" : 1,  "begin" : 5169,  "end" : 5178 }, 
        {"sofa" : 1,  "begin" : 5178,  "end" : 5179 }, 
        {"sofa" : 1,  "begin" : 5180,  "end" : 5182 }, 
        {"sofa" : 1,  "begin" : 5183,  "end" : 5190 }, 
        {"sofa" : 1,  "begin" : 5191,  "end" : 5196 }, 
        {"sofa" : 1,  "begin" : 5197,  "end" : 5205 }, 
        {"sofa" : 1,  "begin" : 5206,  "end" : 5208 }, 
        {"sofa" : 1,  "begin" : 5208,  "end" : 5209 }, 
        {"sofa" : 1,  "begin" : 5210,  "end" : 5212 }, 
        {"sofa" : 1,  "begin" : 5213,  "end" : 5222 }, 
        {"sofa" : 1,  "begin" : 5223,  "end" : 5229 }, 
        {"sofa" : 1,  "begin" : 5230,  "end" : 5232 }, 
        {"sofa" : 1,  "begin" : 5232,  "end" : 5233 }, 
        {"sofa" : 1,  "begin" : 5234,  "end" : 5236 }, 
        {"sofa" : 1,  "begin" : 5237,  "end" : 5247 }, 
        {"sofa" : 1,  "begin" : 5248,  "end" : 5256 }, 
        {"sofa" : 1,  "begin" : 5257,  "end" : 5263 }, 
        {"sofa" : 1,  "begin" : 5264,  "end" : 5266 }, 
        {"sofa" : 1,  "begin" : 5266,  "end" : 5267 }, 
        {"sofa" : 1,  "begin" : 5268,  "end" : 5270 }, 
        {"sofa" : 1,  "begin" : 5271,  "end" : 5276 }, 
        {"sofa" : 1,  "begin" : 5277,  "end" : 5282 }, 
        {"sofa" : 1,  "begin" : 5283,  "end" : 5287 }, 
        {"sofa" : 1,  "begin" : 5288,  "end" : 5290 }, 
        {"sofa" : 1,  "begin" : 5290,  "end" : 5291 }, 
        {"sofa" : 1,  "begin" : 5292,  "end" : 5293 }, 
        {"sofa" : 1,  "begin" : 5294,  "end" : 5298 }, 
        {"sofa" : 1,  "begin" : 5299,  "end" : 5303 }, 
        {"sofa" : 1,  "begin" : 5304,  "end" : 5306 }, 
        {"sofa" : 1,  "begin" : 5307,  "end" : 5312 }, 
        {"sofa" : 1,  "begin" : 5313,  "end" : 5315 }, 
        {"sofa" : 1,  "begin" : 5316,  "end" : 5318 }, 
        {"sofa" : 1,  "begin" : 5319,  "end" : 5325 }, 
        {"sofa" : 1,  "begin" : 5326,  "end" : 5328 }, 
        {"sofa" : 1,  "begin" : 5329,  "end" : 5332 }, 
        {"sofa" : 1,  "begin" : 5333,  "end" : 5335 }, 
        {"sofa" : 1,  "begin" : 5336,  "end" : 5342 }, 
        {"sofa" : 1,  "begin" : 5342,  "end" : 5343 }, 
        {"sofa" : 1,  "begin" : 5344,  "end" : 5349 }, 
        {"sofa" : 1,  "begin" : 5350,  "end" : 5352 }, 
        {"sofa" : 1,  "begin" : 5352,  "end" : 5353 }, 
        {"sofa" : 1,  "begin" : 5354,  "end" : 5358 }, 
        {"sofa" : 1,  "begin" : 5359,  "end" : 5368 }, 
        {"sofa" : 1,  "begin" : 5369,  "end" : 5380 }, 
        {"sofa" : 1,  "begin" : 5381,  "end" : 5383 }, 
        {"sofa" : 1,  "begin" : 5384,  "end" : 5387 }, 
        {"sofa" : 1,  "begin" : 5388,  "end" : 5390 }, 
        {"sofa" : 1,  "begin" : 5391,  "end" : 5397 }, 
        {"sofa" : 1,  "begin" : 5397,  "end" : 5398 } ] } }, 
  "_referenced_fss" : {
    "1" : {"_type" : "Sofa",  "sofaNum" : 1,  "sofaID" : "_InitialView",  "mimeType" : "text",  "sofaString" : "ESSAY.\nSO prouident hath that great workeman bin of all his creatures, as no delight euen in this Tabernacle of earth, is wanting to make him more accomplished: and though the fiue Sences (as that deuout Barnard obserueth) be those fiue gates, by which the world doth besiege vs, the Deuill doth tempt vs, and the flesh ensnare vs; yet in euery one of these, if rightly employed, is there a peculiar good and benefit redounding to the comfort of the soule, no lesse than to the auaile and vtilitie of the bodie.\nFor euen by the Smell, as by the conduit, by which is conveyed vnto vs the dilated fountaine of Gods mercie,\ndoe we apprehend all varieties of flowers, sootes, sweetes: which moued the Philosopher to terme this Sence, the Harbinger of the Spring.\nSome are of opinion, that this peculiar Sence, is an occasion of more danger to the body than benefit, in that it receiues crude and vnholesome vapours, foggie and corrupt exhalations, being subiect to any infection; it is true: but what especiall delights confers it for one of these inconveniences; cheering the whole bodie with the sweetest odours, giuing libertie to the vitall powers, which otherwise would be imprisoned, delight to her fellow-Sences, which else would be dulled, and the sweet breathing ayre, which by her is reciued: all these (as so many arguments of consequence) bring vs to a more exact acknowledgment of this Sences excellencie.\nThe Smelling is termed\n\nthe vnnecessariest of all other Sences, yet may it be employed in cases of necessitie; witnesse Democritus, who against the celebration of the feast Buthysia, fasted nine dayes, sustayning nature onely with the smell of hot bread.\nThis Sence of mine shall not be subiected to outward delicacies: Let the Courtier smell of perfumes, the sleeke-fac ' d Lady of her paintings, I will follow the smell of my Sauiours oyntments: how should I be induced, following the direction of reason, by such soule-bewitching vanities, which rather peruert the refined lustre of the minde, than adde the least of perfection to so excellent an essence? No, let Pigmalion dote on his owne picture, Narcissus on his shape, Niobe on her numerous progenie; my Taste, shall be to taste how sweet the Lord is; my Touch, the apprehension of his loue; my\nsight, the contemplation of his glory; my eare, to accent his praise; my smell, to repose in the faire and pleasant pastures of his word.\nO comfort truly styled one; in that my soule transported aboue herselfe, vnites her selfe to be ioyned to her Redeemer.\nThe Gardens of the Hesperides warded and guarded by those three daughters of Atlas, were pleasant; the Gardens of Lucullus fragrant; the Groue of Ida eminent; yet not comparable to those exquisite pleasures, which the diuine pastures comprehend; there is that hedged Garden, that sealed Well, that Bethesda, that Eden, that Syloe; here may the delight of euery Sence be renewed; the thirstie satisfied, the hungry filled, the sicke cured, the labourer cheered, and the exquisite mirrour of all perfection; torrent of euer-flowing bounties, Iessaes branch, Aarons rod, and that flowrie\n\ngarden of Engaddi represented.\nThere is mel in ore, melos in aure, iubilus in corde; honie to the taste, melodie to the eare, and harmonie to the heart; honie which breedes no loathing, melodie which is neuer discording, harmonie euer agreeing.\nThis it is to be ioyned to an heau ' nly spouse, sending from Paradice pomgranats, with the fruits of apples; Cypresse, Nard, Nard and Saffron,* Fistula, and Cinnamon, with all the woods of Libanon, Mirrh and Aloës, with the best oyntments.\nWhat excellent delights be here proposed? what exquisite comforts ministred? it is sufficient for me to admire them in this pilgrimage, enioying them by contemplation, which after many pilgrim dayes I shall possesse in fruition.\nThere is no Pomander to smell at, like the oyntment of my Sauiour: he is all sweet, all comfort, all\n\ndelight; sweet in his mercy, comfortable in his promise, and delightfull in his presence; in his mercy a father, in his comfort a redeemer, and in his delight a replenisher; from his mercy and compassion is deriued abundantly fulnes of consolation, from his comfort or promise, an assured expectation, and from his delight, of himselfe a plenarie possession.\nO would to God with happy Ioseph, I had taken downe my Sauiour from the crosse, embalmed him in the spices or graces of my soule, had layen him in the new sepulchre of my heart, that at least attending or following my IESVS, my obedience might haue ministred something to so heauenly obsequies.\nFor how should I think but by the smell of his oyntments, my sin-sicke and soule soiled conscience should be cured, who had power to raise dead Lazarus stinking\nin his graue, hauing bene foure dayes buried? O that I might goe to the mountaine of Myrrh,* to the hill of Frankincense, to be ioyned to him, whose oyntments are aboue all spices: how should I want any thing being so enriched? how should I feare any thing being so armed? or how wish any thing, hauing whatsoeuer I desired? Sweet-smelling perfume of selected vertues, pure streame of diuine graces, and amiable beauty neuer blemished; no delight shall withhold me, no affection seduce me, no inordinate pleasure entice me, no sweet smell draw me; I haue tyed my selfe to my spouse in all my Sences; being He, that ministers refreshment to all my Sences. " }, 
    "14216" : {"_type" : "Span",  "sofa" : 1,  "begin" : 528,  "end" : 533,  "label" : "Smell_Word" }, 
    "14221" : {"_type" : "Span",  "sofa" : 1,  "begin" : 625,  "end" : 627,  "label" : "Perceiver" }, 
    "14233" : {"_type" : "Span",  "sofa" : 1,  "begin" : 628,  "end" : 679,  "label" : "Effect" }, 
    "14245" : {"_type" : "Span",  "sofa" : 1,  "begin" : 931,  "end" : 942,  "label" : "Smell_Word" }, 
    "14250" : {"_type" : "Span",  "sofa" : 1,  "begin" : 923,  "end" : 930,  "label" : "Quality" }, 
    "14262" : {"_type" : "Span",  "sofa" : 1,  "begin" : 912,  "end" : 918,  "label" : "Quality" }, 
    "14274" : {"_type" : "Span",  "sofa" : 1,  "begin" : 944,  "end" : 974,  "label" : "Effect" }, 
    "14286" : {"_type" : "Span",  "sofa" : 1,  "begin" : 1103,  "end" : 1109,  "label" : "Smell_Word" }, 
    "14296" : {"_type" : "Span",  "sofa" : 1,  "begin" : 1069,  "end" : 1084,  "label" : "Smell_Source" }, 
    "14291" : {"_type" : "Span",  "sofa" : 1,  "begin" : 1094,  "end" : 1102,  "label" : "Quality" }, 
    "14315" : {"_type" : "Span",  "sofa" : 1,  "begin" : 1111,  "end" : 1184,  "label" : "Effect" }, 
    "14332" : {"_type" : "Span",  "sofa" : 1,  "begin" : 1650,  "end" : 1655,  "label" : "Smell_Word" }, 
    "14337" : {"_type" : "Span",  "sofa" : 1,  "begin" : 1656,  "end" : 1668,  "label" : "Smell_Source" }, 
    "14361" : {"_type" : "Span",  "sofa" : 1,  "begin" : 1551,  "end" : 1596,  "label" : "Circumstances" }, 
    "14373" : {"_type" : "Span",  "sofa" : 1,  "begin" : 1752,  "end" : 1757,  "label" : "Smell_Word" }, 
    "14378" : {"_type" : "Span",  "sofa" : 1,  "begin" : 1758,  "end" : 1769,  "label" : "Smell_Source" }, 
    "14395" : {"_type" : "Span",  "sofa" : 1,  "begin" : 1831,  "end" : 1836,  "label" : "Smell_Word" }, 
    "14400" : {"_type" : "Span",  "sofa" : 1,  "begin" : 1837,  "end" : 1861,  "label" : "Smell_Source" }, 
    "14390" : {"_type" : "Span",  "sofa" : 1,  "begin" : 1813,  "end" : 1814,  "label" : "Perceiver" }, 
    "14419" : {"_type" : "Span",  "sofa" : 1,  "begin" : 2341,  "end" : 2346,  "label" : "Smell_Word" }, 
    "14424" : {"_type" : "Span",  "sofa" : 1,  "begin" : 2338,  "end" : 2340,  "label" : "Perceiver" }, 
    "14436" : {"_type" : "Span",  "sofa" : 1,  "begin" : 3851,  "end" : 3856,  "label" : "Smell_Word" }, 
    "14441" : {"_type" : "Span",  "sofa" : 1,  "begin" : 3839,  "end" : 3847,  "label" : "Smell_Source" }, 
    "14458" : {"_type" : "Span",  "sofa" : 1,  "begin" : 4617,  "end" : 4622,  "label" : "Smell_Word" }, 
    "14463" : {"_type" : "Span",  "sofa" : 1,  "begin" : 4623,  "end" : 4639,  "label" : "Smell_Source" }, 
    "14475" : {"_type" : "Span",  "sofa" : 1,  "begin" : 4598,  "end" : 4599,  "label" : "Perceiver" }, 
    "14492" : {"_type" : "Span",  "sofa" : 1,  "begin" : 4735,  "end" : 4743,  "label" : "Smell_Word" }, 
    "14497" : {"_type" : "Span",  "sofa" : 1,  "begin" : 4735,  "end" : 4743,  "label" : "Quality" }, 
    "14487" : {"_type" : "Span",  "sofa" : 1,  "begin" : 4722,  "end" : 4734,  "label" : "Smell_Source" }, 
    "14516" : {"_type" : "Span",  "sofa" : 1,  "begin" : 4744,  "end" : 4756,  "label" : "Location" }, 
    "14528" : {"_type" : "Span",  "sofa" : 1,  "begin" : 5069,  "end" : 5083,  "label" : "Smell_Word" }, 
    "14538" : {"_type" : "Span",  "sofa" : 1,  "begin" : 5069,  "end" : 5083,  "label" : "Quality" }, 
    "14533" : {"_type" : "Span",  "sofa" : 1,  "begin" : 5084,  "end" : 5111,  "label" : "Smell_Source" }, 
    "14562" : {"_type" : "Span",  "sofa" : 1,  "begin" : 5277,  "end" : 5282,  "label" : "Smell_Word" }, 
    "14567" : {"_type" : "Span",  "sofa" : 1,  "begin" : 5288,  "end" : 5290,  "label" : "Perceiver" }, 
    "14557" : {"_type" : "Span",  "sofa" : 1,  "begin" : 5271,  "end" : 5276,  "label" : "Quality" } } }