#FORMAT=WebAnno TSV 3.3
#T_SP=custom.Span|label
#T_RL=custom.Relation|label|BT_custom.Span


#Text=Geſtalt.
1-1	3-10	Geſtalt	_	_	_	
1-2	10-11	.	_	_	_	

#Text=Der Apffelbaum iſt maͤnniglich bekannt/
#Text=
#Text=er wachßt auß einem einigen Stamme/ wie
#Text=andere groſſe Baͤume/ mit vielen ſich weit
#Text=
#Text=außbreitenden aͤſten/ 2. biß 3.
2-1	14-17	Der	_	_	_	
2-2	18-28	Apffelbaum	_	_	_	
2-3	29-32	iſt	_	_	_	
2-4	33-44	maͤnniglich	_	_	_	
2-5	45-52	bekannt	_	_	_	
2-6	52-53	/	_	_	_	
2-7	55-57	er	_	_	_	
2-8	58-64	wachßt	_	_	_	
2-9	65-68	auß	_	_	_	
2-10	69-74	einem	_	_	_	
2-11	75-82	einigen	_	_	_	
2-12	83-89	Stamme	_	_	_	
2-13	89-90	/	_	_	_	
2-14	91-94	wie	_	_	_	
2-15	95-101	andere	_	_	_	
2-16	102-108	groſſe	_	_	_	
2-17	109-115	Baͤume	_	_	_	
2-18	115-116	/	_	_	_	
2-19	117-120	mit	_	_	_	
2-20	121-127	vielen	_	_	_	
2-21	128-132	ſich	_	_	_	
2-22	133-137	weit	_	_	_	
2-23	139-152	außbreitenden	_	_	_	
2-24	153-159	aͤſten	_	_	_	
2-25	159-160	/	_	_	_	
2-26	161-162	2	_	_	_	
2-27	162-163	.	_	_	_	
2-28	164-167	biß	_	_	_	
2-29	168-169	3	_	_	_	
2-30	169-170	.	_	_	_	

#Text=Manns-hoͤhe
#Text=
#Text=Seine Rinden iſt zimlich glatt/ dick/ auß-
#Text=wendig aſchen-farb/ und bißweilen mit Mooß
#Text=umbhaͤnget/ inwendig gelb/ auß welcher ein
#Text=gelbe Farb gemacht wird/
#Text=ſo man ſie mit
#Text=Waſſer und Alaun ſiedet.
3-1	171-182	Manns-hoͤhe	_	_	_	
3-2	184-189	Seine	_	_	_	
3-3	190-196	Rinden	_	_	_	
3-4	197-200	iſt	_	_	_	
3-5	201-208	zimlich	_	_	_	
3-6	209-214	glatt	_	_	_	
3-7	214-215	/	_	_	_	
3-8	216-220	dick	_	_	_	
3-9	220-221	/	_	_	_	
3-10	222-225	auß	_	_	_	
3-11	225-226	-	_	_	_	
3-12	227-233	wendig	_	_	_	
3-13	234-245	aſchen-farb	_	_	_	
3-14	245-246	/	_	_	_	
3-15	247-250	und	_	_	_	
3-16	251-260	bißweilen	_	_	_	
3-17	261-264	mit	_	_	_	
3-18	265-269	Mooß	_	_	_	
3-19	270-280	umbhaͤnget	_	_	_	
3-20	280-281	/	_	_	_	
3-21	282-290	inwendig	_	_	_	
3-22	291-295	gelb	_	_	_	
3-23	295-296	/	_	_	_	
3-24	297-300	auß	_	_	_	
3-25	301-308	welcher	_	_	_	
3-26	309-312	ein	_	_	_	
3-27	313-318	gelbe	_	_	_	
3-28	319-323	Farb	_	_	_	
3-29	324-331	gemacht	_	_	_	
3-30	332-336	wird	_	_	_	
3-31	336-337	/	_	_	_	
3-32	338-340	ſo	_	_	_	
3-33	341-344	man	_	_	_	
3-34	345-348	ſie	_	_	_	
3-35	349-352	mit	_	_	_	
3-36	353-359	Waſſer	_	_	_	
3-37	360-363	und	_	_	_	
3-38	364-369	Alaun	_	_	_	
3-39	370-376	ſiedet	_	_	_	
3-40	376-377	.	_	_	_	

#Text=Die Blaͤtter ſind
#Text=etwas rund und laͤnglicht/ zuweilen ein we-
#Text=nig außgeſpitzt/ und an dem Umbkreiß etwas
#Text=zerkerfft;
#Text=Fallen gleich bey Anfang des Win-
#Text=ters von den Baͤumen/ und kommen in dem
#Text=Maͤy des folgenden Fruͤhlings friſch wider
#Text=hervor.
4-1	378-381	Die	_	_	_	
4-2	382-390	Blaͤtter	_	_	_	
4-3	391-395	ſind	_	_	_	
4-4	396-401	etwas	_	_	_	
4-5	402-406	rund	_	_	_	
4-6	407-410	und	_	_	_	
4-7	411-421	laͤnglicht	_	_	_	
4-8	421-422	/	_	_	_	
4-9	423-431	zuweilen	_	_	_	
4-10	432-435	ein	_	_	_	
4-11	436-438	we	_	_	_	
4-12	438-439	-	_	_	_	
4-13	440-443	nig	_	_	_	
4-14	444-455	außgeſpitzt	_	_	_	
4-15	455-456	/	_	_	_	
4-16	457-460	und	_	_	_	
4-17	461-463	an	_	_	_	
4-18	464-467	dem	_	_	_	
4-19	468-476	Umbkreiß	_	_	_	
4-20	477-482	etwas	_	_	_	
4-21	483-492	zerkerfft	_	_	_	
4-22	492-493	;	_	_	_	
4-23	494-500	Fallen	_	_	_	
4-24	501-507	gleich	_	_	_	
4-25	508-511	bey	_	_	_	
4-26	512-518	Anfang	_	_	_	
4-27	519-522	des	_	_	_	
4-28	523-526	Win	_	_	_	
4-29	526-527	-	_	_	_	
4-30	528-532	ters	_	_	_	
4-31	533-536	von	_	_	_	
4-32	537-540	den	_	_	_	
4-33	541-548	Baͤumen	_	_	_	
4-34	548-549	/	_	_	_	
4-35	550-553	und	_	_	_	
4-36	554-560	kommen	_	_	_	
4-37	561-563	in	_	_	_	
4-38	564-567	dem	_	_	_	
4-39	568-572	Maͤy	_	_	_	
4-40	573-576	des	_	_	_	
4-41	577-586	folgenden	_	_	_	
4-42	587-597	Fruͤhlings	_	_	_	
4-43	598-604	friſch	_	_	_	
4-44	605-610	wider	_	_	_	
4-45	611-617	hervor	_	_	_	
4-46	617-618	.	_	_	_	

#Text=Dieſer Baum bluͤhet ins gemein im
#Text=Lentzen mit einer weiſſen/ oder auch leibfar-
#Text=ben nicht unlieblich riechenden Blume/ wel-
#Text=che auß fuͤnff Blaͤttlein beſtehet/ und oben
#Text=auff der Frucht ſitzet.
5-1	619-625	Dieſer	_	_	_	
5-2	626-630	Baum	Smell\_Source	*	5-20	
5-3	631-638	bluͤhet	_	_	_	
5-4	639-642	ins	_	_	_	
5-5	643-649	gemein	_	_	_	
5-6	650-652	im	Time[1]	_	_	
5-7	653-660	Lentzen	Time[1]	_	_	
5-8	661-664	mit	_	_	_	
5-9	665-670	einer	_	_	_	
5-10	671-678	weiſſen	_	_	_	
5-11	678-679	/	_	_	_	
5-12	680-684	oder	_	_	_	
5-13	685-689	auch	_	_	_	
5-14	690-697	leibfar	_	_	_	
5-15	697-698	-	_	_	_	
5-16	699-702	ben	_	_	_	
5-17	703-708	nicht	Quality	_	_	
5-18	709-719	unlieblich	Quality	*	5-17	
5-19	720-730	riechenden	Smell\_Word	_	_	
5-20	731-736	Blume	Smell\_Source	_	_	
5-21	736-737	/	_	_	_	
5-22	738-741	wel	_	_	_	
5-23	741-742	-	_	_	_	
5-24	743-746	che	_	_	_	
5-25	747-750	auß	_	_	_	
5-26	751-757	fuͤnff	_	_	_	
5-27	758-768	Blaͤttlein	_	_	_	
5-28	769-777	beſtehet	_	_	_	
5-29	777-778	/	_	_	_	
5-30	779-782	und	_	_	_	
5-31	783-787	oben	_	_	_	
5-32	788-792	auff	_	_	_	
5-33	793-796	der	_	_	_	
5-34	797-803	Frucht	_	_	_	
5-35	804-810	ſitzet	_	_	_	
5-36	810-811	.	_	_	_	

#Text=Er hat wenig Wur-
#Text=tzeln/ die da nicht tieff ſtecken/ ſondern hoch
#Text=
#Text=under der Erden herkriechen.
6-1	812-814	Er	_	_	_	
6-2	815-818	hat	_	_	_	
6-3	819-824	wenig	_	_	_	
6-4	825-828	Wur	_	_	_	
6-5	828-829	-	_	_	_	
6-6	830-835	tzeln	_	_	_	
6-7	835-836	/	_	_	_	
6-8	837-840	die	_	_	_	
6-9	841-843	da	_	_	_	
6-10	844-849	nicht	_	_	_	
6-11	850-855	tieff	_	_	_	
6-12	856-863	ſtecken	_	_	_	
6-13	863-864	/	_	_	_	
6-14	865-872	ſondern	_	_	_	
6-15	873-877	hoch	_	_	_	
6-16	879-884	under	_	_	_	
6-17	885-888	der	_	_	_	
6-18	889-894	Erden	_	_	_	
6-19	895-906	herkriechen	_	_	_	
6-20	906-907	.	_	_	_	

#Text=Herꝛ Wolffgang Jacob Duͤmler berich-
#Text=tet in ſeinem Baum- und Obs-Garten/
#Text=
#Text=wenn man zwey Reiſer/ eines von ſuͤſ-
#Text=ſen/ das ander von ſawren Apfflen genom-
#Text=men/ ſubtil von einander ſpaltet/ und ſawr
#Text=und ſuͤß zuſammen bindet/ alſo daß eines
#Text=Zweiges Rinden die andere beruͤhret/ ſo wer-
#Text=den die Aepffel halb ſuͤß/ halb ſawr.
7-1	911-915	Herꝛ	_	_	_	
7-2	916-925	Wolffgang	_	_	_	
7-3	926-931	Jacob	_	_	_	
7-4	932-939	Duͤmler	_	_	_	
7-5	940-946	berich	_	_	_	
7-6	946-947	-	_	_	_	
7-7	948-951	tet	_	_	_	
7-8	952-954	in	_	_	_	
7-9	955-961	ſeinem	_	_	_	
7-10	962-966	Baum	_	_	_	
7-11	966-967	-	_	_	_	
7-12	968-971	und	_	_	_	
7-13	972-982	Obs-Garten	_	_	_	
7-14	982-983	/	_	_	_	
7-15	985-989	wenn	_	_	_	
7-16	990-993	man	_	_	_	
7-17	994-998	zwey	_	_	_	
7-18	999-1005	Reiſer	_	_	_	
7-19	1005-1006	/	_	_	_	
7-20	1007-1012	eines	_	_	_	
7-21	1013-1016	von	_	_	_	
7-22	1017-1021	ſuͤſ	_	_	_	
7-23	1021-1022	-	_	_	_	
7-24	1023-1026	ſen	_	_	_	
7-25	1026-1027	/	_	_	_	
7-26	1028-1031	das	_	_	_	
7-27	1032-1037	ander	_	_	_	
7-28	1038-1041	von	_	_	_	
7-29	1042-1048	ſawren	_	_	_	
7-30	1049-1056	Apfflen	_	_	_	
7-31	1057-1062	genom	_	_	_	
7-32	1062-1063	-	_	_	_	
7-33	1064-1067	men	_	_	_	
7-34	1067-1068	/	_	_	_	
7-35	1069-1075	ſubtil	_	_	_	
7-36	1076-1079	von	_	_	_	
7-37	1080-1088	einander	_	_	_	
7-38	1089-1096	ſpaltet	_	_	_	
7-39	1096-1097	/	_	_	_	
7-40	1098-1101	und	_	_	_	
7-41	1102-1106	ſawr	_	_	_	
7-42	1107-1110	und	_	_	_	
7-43	1111-1115	ſuͤß	_	_	_	
7-44	1116-1124	zuſammen	_	_	_	
7-45	1125-1131	bindet	_	_	_	
7-46	1131-1132	/	_	_	_	
7-47	1133-1137	alſo	_	_	_	
7-48	1138-1141	daß	_	_	_	
7-49	1142-1147	eines	_	_	_	
7-50	1148-1155	Zweiges	_	_	_	
7-51	1156-1162	Rinden	_	_	_	
7-52	1163-1166	die	_	_	_	
7-53	1167-1173	andere	_	_	_	
7-54	1174-1183	beruͤhret	_	_	_	
7-55	1183-1184	/	_	_	_	
7-56	1185-1187	ſo	_	_	_	
7-57	1188-1191	wer	_	_	_	
7-58	1191-1192	-	_	_	_	
7-59	1193-1196	den	_	_	_	
7-60	1197-1200	die	_	_	_	
7-61	1201-1208	Aepffel	_	_	_	
7-62	1209-1213	halb	_	_	_	
7-63	1214-1218	ſuͤß	_	_	_	
7-64	1218-1219	/	_	_	_	
7-65	1220-1224	halb	_	_	_	
7-66	1225-1229	ſawr	_	_	_	
7-67	1229-1230	.	_	_	_	

#Text=Und auff
#Text=ſolche weiſe kan man mit vier unterſchiedli-
#Text=chen Zweigen viererley Geſchmack in einen
#Text=Apffel bringen.
8-1	1231-1234	Und	_	_	_	
8-2	1235-1239	auff	_	_	_	
8-3	1240-1246	ſolche	_	_	_	
8-4	1247-1252	weiſe	_	_	_	
8-5	1253-1256	kan	_	_	_	
8-6	1257-1260	man	_	_	_	
8-7	1261-1264	mit	_	_	_	
8-8	1265-1269	vier	_	_	_	
8-9	1270-1283	unterſchiedli	_	_	_	
8-10	1283-1284	-	_	_	_	
8-11	1285-1289	chen	_	_	_	
8-12	1290-1297	Zweigen	_	_	_	
8-13	1298-1307	viererley	_	_	_	
8-14	1308-1317	Geſchmack	_	_	_	
8-15	1318-1320	in	_	_	_	
8-16	1321-1326	einen	_	_	_	
8-17	1327-1333	Apffel	_	_	_	
8-18	1334-1341	bringen	_	_	_	
8-19	1341-1342	.	_	_	_	

#Text=Solche Zweiglein aber muͤſ-
#Text=ſen in gut Erdreich geſetzet werden.
9-1	1343-1349	Solche	_	_	_	
9-2	1350-1359	Zweiglein	_	_	_	
9-3	1360-1364	aber	_	_	_	
9-4	1365-1369	muͤſ	_	_	_	
9-5	1369-1370	-	_	_	_	
9-6	1371-1374	ſen	_	_	_	
9-7	1375-1377	in	_	_	_	
9-8	1378-1381	gut	_	_	_	
9-9	1382-1390	Erdreich	_	_	_	
9-10	1391-1399	geſetzet	_	_	_	
9-11	1400-1406	werden	_	_	_	
9-12	1406-1407	.	_	_	_	

#Text=Alſo kan
#Text=
#Text=man durch allerhand Kuͤnſte vielerley
10-1	1408-1412	Alſo	_	_	_	
10-2	1413-1416	kan	_	_	_	
10-3	1418-1421	man	_	_	_	
10-4	1422-1427	durch	_	_	_	
10-5	1428-1437	allerhand	_	_	_	
10-6	1438-1445	Kuͤnſte	_	_	_	
10-7	1446-1455	vielerley	_	_	_	
