#FORMAT=WebAnno TSV 3.3
#T_SP=custom.Span|label
#T_RL=custom.Relation|label|BT_custom.Span


#Text=Geſtalt und Geſchlecht.
1-1	5-12	Geſtalt	_	_	_	
1-2	13-16	und	_	_	_	
1-3	17-27	Geſchlecht	_	_	_	
1-4	27-28	.	_	_	_	

#Text=Der gemeine Myrtenbaum/
#Text=Myrtus com-
#Text=munis Italica, C.
2-1	31-34	Der	_	_	_	
2-2	35-42	gemeine	Smell\_Source[1]	*|*|*	2-5[2_1]|3-11[0_1]|5-1[5_1]	
2-3	43-53	Myrtenbaum	Smell\_Source[1]	_	_	
2-4	53-54	/	_	_	_	
2-5	55-61	Myrtus	Smell\_Source[2]	_	_	
2-6	62-65	com	Smell\_Source[2]	_	_	
2-7	65-66	-	Smell\_Source[2]	_	_	
2-8	67-72	munis	Smell\_Source[2]	_	_	
2-9	73-80	Italica	Smell\_Source[2]	_	_	
2-10	80-81	,	_	_	_	
2-11	82-83	C	_	_	_	
2-12	83-84	.	_	_	_	

#Text=B. hat die Groͤſſe des Gra-
#Text=naten-baums/ er wachſt auff mit gleichen
#Text=langlichten/ dicken/ allezeit waͤhrenden/
#Text=
#Text=wohlriechenden Blaͤttern allein daß ſie gruͤ-
#Text=ner ſind und ſchoͤn anzuſehen.
3-1	85-86	B	_	_	_	
3-2	86-87	.	_	_	_	
3-3	88-91	hat	_	_	_	
3-4	92-95	die	_	_	_	
3-5	96-103	Groͤſſe	_	_	_	
3-6	104-107	des	_	_	_	
3-7	108-111	Gra	_	_	_	
3-8	111-112	-	_	_	_	
3-9	113-124	naten-baums	_	_	_	
3-10	124-125	/	_	_	_	
3-11	126-128	er	Smell\_Source	*	3-24	
3-12	129-135	wachſt	_	_	_	
3-13	136-140	auff	_	_	_	
3-14	141-144	mit	_	_	_	
3-15	145-153	gleichen	_	_	_	
3-16	154-165	langlichten	_	_	_	
3-17	165-166	/	_	_	_	
3-18	167-173	dicken	_	_	_	
3-19	173-174	/	_	_	_	
3-20	175-183	allezeit	_	_	_	
3-21	184-194	waͤhrenden	_	_	_	
3-22	194-195	/	_	_	_	
3-23	197-211	wohlriechenden	Quality[3]|Smell\_Word[4]	_	_	
3-24	212-221	Blaͤttern	Smell\_Source	_	_	
3-25	222-228	allein	_	_	_	
3-26	229-232	daß	_	_	_	
3-27	233-236	ſie	_	_	_	
3-28	237-241	gruͤ	_	_	_	
3-29	241-242	-	_	_	_	
3-30	243-246	ner	_	_	_	
3-31	247-251	ſind	_	_	_	
3-32	252-255	und	_	_	_	
3-33	256-262	ſchoͤn	_	_	_	
3-34	263-272	anzuſehen	_	_	_	
3-35	272-273	.	_	_	_	

#Text=Er iſt zweyer
#Text=Geſchlecht/ der zahme und wilde.
4-1	274-276	Er	_	_	_	
4-2	277-280	iſt	_	_	_	
4-3	281-287	zweyer	_	_	_	
4-4	288-298	Geſchlecht	_	_	_	
4-5	298-299	/	_	_	_	
4-6	300-303	der	_	_	_	
4-7	304-309	zahme	_	_	_	
4-8	310-313	und	_	_	_	
4-9	314-319	wilde	_	_	_	
4-10	319-320	.	_	_	_	

#Text=Der
#Text=zahme iſt allenthalben groͤſſer und ſchoͤner/
#Text=
#Text=ſeine Aeſte ſtehen dick ineinander/ ſind zaͤhe
#Text=und biegig/ haben ein rothe Ruͤnden/ rie-
#Text=chen wohl/ und ſind am Geſchmack ſcharff.
5-1	321-324	Der	Smell\_Source[5]	*|*	5-9[6_5]|6-1[0_5]	
5-2	325-330	zahme	Smell\_Source[5]	_	_	
5-3	331-334	iſt	_	_	_	
5-4	335-347	allenthalben	_	_	_	
5-5	348-356	groͤſſer	_	_	_	
5-6	357-360	und	_	_	_	
5-7	361-369	ſchoͤner	_	_	_	
5-8	369-370	/	_	_	_	
5-9	372-377	ſeine	Smell\_Source[6]	_	_	
5-10	378-383	Aeſte	Smell\_Source[6]	_	_	
5-11	384-390	ſtehen	_	_	_	
5-12	391-395	dick	_	_	_	
5-13	396-406	ineinander	_	_	_	
5-14	406-407	/	_	_	_	
5-15	408-412	ſind	_	_	_	
5-16	413-418	zaͤhe	_	_	_	
5-17	419-422	und	_	_	_	
5-18	423-429	biegig	_	_	_	
5-19	429-430	/	_	_	_	
5-20	431-436	haben	_	_	_	
5-21	437-440	ein	_	_	_	
5-22	441-446	rothe	_	_	_	
5-23	447-454	Ruͤnden	_	_	_	
5-24	454-455	/	_	_	_	
5-25	456-459	rie	Smell\_Word[7]	_	_	
5-26	459-460	-	Smell\_Word[7]	_	_	
5-27	461-465	chen	Smell\_Word[7]	_	_	
5-28	466-470	wohl	Quality	_	_	
5-29	470-471	/	_	_	_	
5-30	472-475	und	_	_	_	
5-31	476-480	ſind	_	_	_	
5-32	481-483	am	_	_	_	
5-33	484-493	Geſchmack	_	_	_	
5-34	494-501	ſcharff	_	_	_	
5-35	501-502	.	_	_	_	

#Text=Er bringet weiſſe wohlriechende/ bald ein-
#Text=fache/ bald gefuͤllte oder vielfache/
#Text=fuͤnff-
#Text=blaͤttige Blumen;
#Text=denen folgen ablange oder
#Text=runde Beere/
#Text=die vergleichen ſich dem Sin-
#Text=gruͤn/ darnach ſind ſie roth/ endlich ſchwartz/
#Text=
#Text=darinnen ſtecken viel Koͤrnlein: dieſe Beer
#Text=haben einen zuſammenziehenden/ und nicht
#Text=unlieblichen Geſchmack.
6-1	506-508	Er	Smell\_Source	*	6-19	
6-2	509-516	bringet	_	_	_	
6-3	517-523	weiſſe	_	_	_	
6-4	524-537	wohlriechende	Quality[8]|Smell\_Word[9]	_	_	
6-5	537-538	/	_	_	_	
6-6	539-543	bald	_	_	_	
6-7	544-547	ein	_	_	_	
6-8	547-548	-	_	_	_	
6-9	549-554	fache	_	_	_	
6-10	554-555	/	_	_	_	
6-11	556-560	bald	_	_	_	
6-12	561-570	gefuͤllte	_	_	_	
6-13	571-575	oder	_	_	_	
6-14	576-585	vielfache	_	_	_	
6-15	585-586	/	_	_	_	
6-16	587-593	fuͤnff	_	_	_	
6-17	593-594	-	_	_	_	
6-18	595-604	blaͤttige	_	_	_	
6-19	605-611	Blumen	Smell\_Source	_	_	
6-20	611-612	;	_	_	_	
6-21	613-618	denen	_	_	_	
6-22	619-625	folgen	_	_	_	
6-23	626-633	ablange	_	_	_	
6-24	634-638	oder	_	_	_	
6-25	639-644	runde	_	_	_	
6-26	645-650	Beere	_	_	_	
6-27	650-651	/	_	_	_	
6-28	652-655	die	_	_	_	
6-29	656-667	vergleichen	_	_	_	
6-30	668-672	ſich	_	_	_	
6-31	673-676	dem	_	_	_	
6-32	677-680	Sin	_	_	_	
6-33	680-681	-	_	_	_	
6-34	682-687	gruͤn	_	_	_	
6-35	687-688	/	_	_	_	
6-36	689-696	darnach	_	_	_	
6-37	697-701	ſind	_	_	_	
6-38	702-705	ſie	_	_	_	
6-39	706-710	roth	_	_	_	
6-40	710-711	/	_	_	_	
6-41	712-719	endlich	_	_	_	
6-42	720-728	ſchwartz	_	_	_	
6-43	728-729	/	_	_	_	
6-44	731-739	darinnen	_	_	_	
6-45	740-747	ſtecken	_	_	_	
6-46	748-752	viel	_	_	_	
6-47	753-762	Koͤrnlein	_	_	_	
6-48	762-763	:	_	_	_	
6-49	764-769	dieſe	_	_	_	
6-50	770-774	Beer	_	_	_	
6-51	775-780	haben	_	_	_	
6-52	781-786	einen	_	_	_	
6-53	787-804	zuſammenziehenden	_	_	_	
6-54	804-805	/	_	_	_	
6-55	806-809	und	_	_	_	
6-56	810-815	nicht	_	_	_	
6-57	816-828	unlieblichen	_	_	_	
6-58	829-838	Geſchmack	_	_	_	
6-59	838-839	.	_	_	_	

#Text=Der wilde iſt gruͤner und viel kleiner als
#Text=der zahme/ zeucht auch hefftiger zuſam̃en.
7-1	843-846	Der	_	_	_	
7-2	847-852	wilde	_	_	_	
7-3	853-856	iſt	_	_	_	
7-4	857-864	gruͤner	_	_	_	
7-5	865-868	und	_	_	_	
7-6	869-873	viel	_	_	_	
7-7	874-881	kleiner	_	_	_	
7-8	882-885	als	_	_	_	
7-9	886-889	der	_	_	_	
7-10	890-895	zahme	_	_	_	
7-11	895-896	/	_	_	_	
7-12	897-903	zeucht	_	_	_	
7-13	904-908	auch	_	_	_	
7-14	909-918	hefftiger	_	_	_	
7-15	919-927	zuſam̃en	_	_	_	
7-16	927-928	.	_	_	_	

#Text=An den alten Baͤumen wachſt am Stam-
#Text=men ein ungleich von mancherley Farben
#Text=
#Text=knoſpet Gewaͤchs/
8-1	932-934	An	_	_	_	
8-2	935-938	den	_	_	_	
8-3	939-944	alten	_	_	_	
8-4	945-952	Baͤumen	_	_	_	
8-5	953-959	wachſt	_	_	_	
8-6	960-962	am	_	_	_	
8-7	963-967	Stam	_	_	_	
8-8	967-968	-	_	_	_	
8-9	969-972	men	_	_	_	
8-10	973-976	ein	_	_	_	
8-11	977-985	ungleich	_	_	_	
8-12	986-989	von	_	_	_	
8-13	990-1000	mancherley	_	_	_	
8-14	1001-1007	Farben	_	_	_	
8-15	1009-1016	knoſpet	_	_	_	
8-16	1017-1025	Gewaͤchs	_	_	_	
8-17	1025-1026	/	_	_	_	
