#FORMAT=WebAnno TSV 3.3


#Text=26 A mane usque ad vesperam immutabitur tempus, et hæc omnia citata in oculis Dei.
#Text=27 Homo sapiens in omnibus metuet, et in diebus delictorum attendet ab inertia.
#Text=28 Omnis astutus agnoscit sapientiam, et invenienti eam dabit confessionem.
#Text=29 Sensati in verbis et ipsi sapienter egerunt, et intellexerunt veritatem et justitiam, et impluerunt proverbia et judicia.
#Text=30 Post concupiscentias tuas non eas, et a voluntate tua avertere.
#Text=31 Si præstes animæ tuæ concupiscentias ejus, faciet te in gaudium inimicis tuis.
#Text=32 Ne oblecteris in turbis nec in modicis : assidua enim est commissio illorum.
#Text=33 Ne fueris mediocris in contentione ex fœnore, et est tibi nihil in sacculo : eris enim invidus vitæ tuæ.
1-1	2-4	26	
1-2	5-6	A	
1-3	7-11	mane	
1-4	12-17	usque	
1-5	18-20	ad	
1-6	21-29	vesperam	
1-7	30-41	immutabitur	
1-8	42-48	tempus	
1-9	48-49	,	
1-10	50-52	et	
1-11	53-56	hæc	
1-12	57-62	omnia	
1-13	63-69	citata	
1-14	70-72	in	
1-15	73-79	oculis	
1-16	80-83	Dei	
1-17	83-84	.	
1-18	85-87	27	
1-19	88-92	Homo	
1-20	93-100	sapiens	
1-21	101-103	in	
1-22	104-111	omnibus	
1-23	112-118	metuet	
1-24	118-119	,	
1-25	120-122	et	
1-26	123-125	in	
1-27	126-132	diebus	
1-28	133-143	delictorum	
1-29	144-152	attendet	
1-30	153-155	ab	
1-31	156-163	inertia	
1-32	163-164	.	
1-33	165-167	28	
1-34	168-173	Omnis	
1-35	174-181	astutus	
1-36	182-190	agnoscit	
1-37	191-201	sapientiam	
1-38	201-202	,	
1-39	203-205	et	
1-40	206-216	invenienti	
1-41	217-220	eam	
1-42	221-226	dabit	
1-43	227-239	confessionem	
1-44	239-240	.	
1-45	241-243	29	
1-46	244-251	Sensati	
1-47	252-254	in	
1-48	255-261	verbis	
1-49	262-264	et	
1-50	265-269	ipsi	
1-51	270-279	sapienter	
1-52	280-287	egerunt	
1-53	287-288	,	
1-54	289-291	et	
1-55	292-305	intellexerunt	
1-56	306-315	veritatem	
1-57	316-318	et	
1-58	319-328	justitiam	
1-59	328-329	,	
1-60	330-332	et	
1-61	333-343	impluerunt	
1-62	344-353	proverbia	
1-63	354-356	et	
1-64	357-364	judicia	
1-65	364-365	.	
1-66	366-368	30	
1-67	369-373	Post	
1-68	374-389	concupiscentias	
1-69	390-394	tuas	
1-70	395-398	non	
1-71	399-402	eas	
1-72	402-403	,	
1-73	404-406	et	
1-74	407-408	a	
1-75	409-418	voluntate	
1-76	419-422	tua	
1-77	423-431	avertere	
1-78	431-432	.	
1-79	433-435	31	
1-80	436-438	Si	
1-81	439-446	præstes	
1-82	447-452	animæ	
1-83	453-456	tuæ	
1-84	457-472	concupiscentias	
1-85	473-477	ejus	
1-86	477-478	,	
1-87	479-485	faciet	
1-88	486-488	te	
1-89	489-491	in	
1-90	492-499	gaudium	
1-91	500-508	inimicis	
1-92	509-513	tuis	
1-93	513-514	.	
1-94	515-517	32	
1-95	518-520	Ne	
1-96	521-531	oblecteris	
1-97	532-534	in	
1-98	535-541	turbis	
1-99	542-545	nec	
1-100	546-548	in	
1-101	549-556	modicis	
1-102	557-558	:	
1-103	559-566	assidua	
1-104	567-571	enim	
1-105	572-575	est	
1-106	576-585	commissio	
1-107	586-593	illorum	
1-108	593-594	.	
1-109	595-597	33	
1-110	598-600	Ne	
1-111	601-607	fueris	
1-112	608-617	mediocris	
1-113	618-620	in	
1-114	621-632	contentione	
1-115	633-635	ex	
1-116	636-642	fœnore	
1-117	642-643	,	
1-118	644-646	et	
1-119	647-650	est	
1-120	651-655	tibi	
1-121	656-661	nihil	
1-122	662-664	in	
1-123	665-672	sacculo	
1-124	673-674	:	
1-125	675-679	eris	
1-126	680-684	enim	
1-127	685-692	invidus	
1-128	693-697	vitæ	
1-129	698-701	tuæ	
1-130	701-702	.	

#Text=Caput 19
#Text=
#Text=
#Text=1 Operarius ebriosus non locupletabitur : et qui spernit modica paulatim decidet.
#Text=2 Vinum et mulieres apostatare faciunt sapientes, et arguent sensatos.
#Text=3 Et qui se jungit fornicariis erit nequam : putredo et vermes hæreditabunt illum : et extolletur in exemplum majus, et tolletur de numero anima ejus.
#Text=4 Qui credit cito levis corde est, et minorabitur : et qui delinquit in animam suam, insuper habebitur.
#Text=5 Qui gaudet iniquitate, denotabitur : et qui odit correptionem, minuetur vita : et qui odit loquacitatem, extinguit malitiam.
#Text=6 Qui peccat in animam suam, pœnitebit : et qui jucundatur in malitia, denotabitur.
#Text=7 Ne iteres verbum nequam et durum, et non minoraberis.
#Text=8 Amico et inimico noli narrare sensum tuum : et si est tibi delictum, noli denudare : 9 audiet enim te, et custodiet te, et quasi defendens peccatum, odiet te, et sic aderit tibi semper.
#Text=10 Audisti verbum adversus proximum tuum ?
2-1	703-708	Caput	
2-2	709-711	19	
2-3	714-715	1	
2-4	716-725	Operarius	
2-5	726-734	ebriosus	
2-6	735-738	non	
2-7	739-753	locupletabitur	
2-8	754-755	:	
2-9	756-758	et	
2-10	759-762	qui	
2-11	763-770	spernit	
2-12	771-777	modica	
2-13	778-786	paulatim	
2-14	787-794	decidet	
2-15	794-795	.	
2-16	796-797	2	
2-17	798-803	Vinum	
2-18	804-806	et	
2-19	807-815	mulieres	
2-20	816-826	apostatare	
2-21	827-834	faciunt	
2-22	835-844	sapientes	
2-23	844-845	,	
2-24	846-848	et	
2-25	849-856	arguent	
2-26	857-865	sensatos	
2-27	865-866	.	
2-28	867-868	3	
2-29	869-871	Et	
2-30	872-875	qui	
2-31	876-878	se	
2-32	879-885	jungit	
2-33	886-897	fornicariis	
2-34	898-902	erit	
2-35	903-909	nequam	
2-36	910-911	:	
2-37	912-919	putredo	
2-38	920-922	et	
2-39	923-929	vermes	
2-40	930-942	hæreditabunt	
2-41	943-948	illum	
2-42	949-950	:	
2-43	951-953	et	
2-44	954-964	extolletur	
2-45	965-967	in	
2-46	968-976	exemplum	
2-47	977-982	majus	
2-48	982-983	,	
2-49	984-986	et	
2-50	987-995	tolletur	
2-51	996-998	de	
2-52	999-1005	numero	
2-53	1006-1011	anima	
2-54	1012-1016	ejus	
2-55	1016-1017	.	
2-56	1018-1019	4	
2-57	1020-1023	Qui	
2-58	1024-1030	credit	
2-59	1031-1035	cito	
2-60	1036-1041	levis	
2-61	1042-1047	corde	
2-62	1048-1051	est	
2-63	1051-1052	,	
2-64	1053-1055	et	
2-65	1056-1067	minorabitur	
2-66	1068-1069	:	
2-67	1070-1072	et	
2-68	1073-1076	qui	
2-69	1077-1086	delinquit	
2-70	1087-1089	in	
2-71	1090-1096	animam	
2-72	1097-1101	suam	
2-73	1101-1102	,	
2-74	1103-1110	insuper	
2-75	1111-1120	habebitur	
2-76	1120-1121	.	
2-77	1122-1123	5	
2-78	1124-1127	Qui	
2-79	1128-1134	gaudet	
2-80	1135-1145	iniquitate	
2-81	1145-1146	,	
2-82	1147-1158	denotabitur	
2-83	1159-1160	:	
2-84	1161-1163	et	
2-85	1164-1167	qui	
2-86	1168-1172	odit	
2-87	1173-1185	correptionem	
2-88	1185-1186	,	
2-89	1187-1195	minuetur	
2-90	1196-1200	vita	
2-91	1201-1202	:	
2-92	1203-1205	et	
2-93	1206-1209	qui	
2-94	1210-1214	odit	
2-95	1215-1227	loquacitatem	
2-96	1227-1228	,	
2-97	1229-1238	extinguit	
2-98	1239-1247	malitiam	
2-99	1247-1248	.	
2-100	1249-1250	6	
2-101	1251-1254	Qui	
2-102	1255-1261	peccat	
2-103	1262-1264	in	
2-104	1265-1271	animam	
2-105	1272-1276	suam	
2-106	1276-1277	,	
2-107	1278-1287	pœnitebit	
2-108	1288-1289	:	
2-109	1290-1292	et	
2-110	1293-1296	qui	
2-111	1297-1307	jucundatur	
2-112	1308-1310	in	
2-113	1311-1318	malitia	
2-114	1318-1319	,	
2-115	1320-1331	denotabitur	
2-116	1331-1332	.	
2-117	1333-1334	7	
2-118	1335-1337	Ne	
2-119	1338-1344	iteres	
2-120	1345-1351	verbum	
2-121	1352-1358	nequam	
2-122	1359-1361	et	
2-123	1362-1367	durum	
2-124	1367-1368	,	
2-125	1369-1371	et	
2-126	1372-1375	non	
2-127	1376-1387	minoraberis	
2-128	1387-1388	.	
2-129	1389-1390	8	
2-130	1391-1396	Amico	
2-131	1397-1399	et	
2-132	1400-1407	inimico	
2-133	1408-1412	noli	
2-134	1413-1420	narrare	
2-135	1421-1427	sensum	
2-136	1428-1432	tuum	
2-137	1433-1434	:	
2-138	1435-1437	et	
2-139	1438-1440	si	
2-140	1441-1444	est	
2-141	1445-1449	tibi	
2-142	1450-1458	delictum	
2-143	1458-1459	,	
2-144	1460-1464	noli	
2-145	1465-1473	denudare	
2-146	1474-1475	:	
2-147	1476-1477	9	
2-148	1478-1484	audiet	
2-149	1485-1489	enim	
2-150	1490-1492	te	
2-151	1492-1493	,	
2-152	1494-1496	et	
2-153	1497-1506	custodiet	
2-154	1507-1509	te	
2-155	1509-1510	,	
2-156	1511-1513	et	
2-157	1514-1519	quasi	
2-158	1520-1529	defendens	
2-159	1530-1538	peccatum	
2-160	1538-1539	,	
2-161	1540-1545	odiet	
2-162	1546-1548	te	
2-163	1548-1549	,	
2-164	1550-1552	et	
2-165	1553-1556	sic	
2-166	1557-1563	aderit	
2-167	1564-1568	tibi	
2-168	1569-1575	semper	
2-169	1575-1576	.	
2-170	1577-1579	10	
2-171	1580-1587	Audisti	
2-172	1588-1594	verbum	
2-173	1595-1603	adversus	
2-174	1604-1612	proximum	
2-175	1613-1617	tuum	
2-176	1618-1619	?	

#Text=commoriatur in te, fidens quoniam non te dirumpet.
#Text=11 A facie verbi parturit fatuus, tamquam gemitus partus infantis.
#Text=12 Sagitta infixa femori carnis, sic verbum in corde stulti.
3-1	1620-1631	commoriatur	
3-2	1632-1634	in	
3-3	1635-1637	te	
3-4	1637-1638	,	
3-5	1639-1645	fidens	
3-6	1646-1653	quoniam	
3-7	1654-1657	non	
3-8	1658-1660	te	
3-9	1661-1669	dirumpet	
3-10	1669-1670	.	
3-11	1671-1673	11	
3-12	1674-1675	A	
3-13	1676-1681	facie	
3-14	1682-1687	verbi	
3-15	1688-1696	parturit	
3-16	1697-1703	fatuus	
3-17	1703-1704	,	
3-18	1705-1712	tamquam	
3-19	1713-1720	gemitus	
3-20	1721-1727	partus	
3-21	1728-1736	infantis	
3-22	1736-1737	.	
3-23	1738-1740	12	
3-24	1741-1748	Sagitta	
3-25	1749-1755	infixa	
3-26	1756-1762	femori	
3-27	1763-1769	carnis	
3-28	1769-1770	,	
3-29	1771-1774	sic	
3-30	1775-1781	verbum	
3-31	1782-1784	in	
3-32	1785-1790	corde	
3-33	1791-1797	stulti	
3-34	1797-1798	.	
