#FORMAT=WebAnno TSV 3.3


#Text=Deel 1
#Text=
#Text=\f515
#Text=haerescunt; tamen ne sic quidem fieri id potest:
#Text=quum eorum
#Text=organa Genitalia
#Text=haud
#Text=
#Text=
#Text=sane
#Text=ita comparata observentur, ut operi huicce exsequendo ulla ratione
#Text=
#Text=accommodata sint.
1-1	2-6	Deel	
1-2	7-8	1	
1-3	11-14	515	
1-4	15-25	haerescunt	
1-5	25-26	;	
1-6	27-32	tamen	
1-7	33-35	ne	
1-8	36-39	sic	
1-9	40-46	quidem	
1-10	47-52	fieri	
1-11	53-55	id	
1-12	56-62	potest	
1-13	62-63	:	
1-14	64-68	quum	
1-15	69-74	eorum	
1-16	75-81	organa	
1-17	82-91	Genitalia	
1-18	92-96	haud	
1-19	99-103	sane	
1-20	104-107	ita	
1-21	108-117	comparata	
1-22	118-129	observentur	
1-23	129-130	,	
1-24	131-133	ut	
1-25	134-139	operi	
1-26	140-146	huicce	
1-27	147-157	exsequendo	
1-28	158-162	ulla	
1-29	163-170	ratione	
1-30	172-183	accommodata	
1-31	184-188	sint	
1-32	188-189	.	

#Text=Interim si ante memorata apertio, per quam semen effluit,
#Text=naturaliter datur in Genitalibus; facilis equidem accedo opinioni cujusdam
#Text=meorum
#Text=Amicorum, qui
#Text=existimat, Mares, cum per circumstrepens aliarum Apum agmen sese
#Text=penetrant, tantillum seminis Foemellae
#Text=corpori
#Text=affricare, sicque eam
#Text=foecundam
#Text=reddere posse:
#Text=attamen corruit rursus isthaec opinio, si dictum illud ostium, quo
#Text=semen exit, haud naturale est.
2-1	190-197	Interim	
2-2	198-200	si	
2-3	201-205	ante	
2-4	206-214	memorata	
2-5	215-222	apertio	
2-6	222-223	,	
2-7	224-227	per	
2-8	228-232	quam	
2-9	233-238	semen	
2-10	239-246	effluit	
2-11	246-247	,	
2-12	248-259	naturaliter	
2-13	260-265	datur	
2-14	266-268	in	
2-15	269-280	Genitalibus	
2-16	280-281	;	
2-17	282-289	facilis	
2-18	290-297	equidem	
2-19	298-304	accedo	
2-20	305-313	opinioni	
2-21	314-322	cujusdam	
2-22	323-329	meorum	
2-23	330-338	Amicorum	
2-24	338-339	,	
2-25	340-343	qui	
2-26	344-353	existimat	
2-27	353-354	,	
2-28	355-360	Mares	
2-29	360-361	,	
2-30	362-365	cum	
2-31	366-369	per	
2-32	370-384	circumstrepens	
2-33	385-392	aliarum	
2-34	393-397	Apum	
2-35	398-403	agmen	
2-36	404-408	sese	
2-37	409-418	penetrant	
2-38	418-419	,	
2-39	420-429	tantillum	
2-40	430-437	seminis	
2-41	438-447	Foemellae	
2-42	448-455	corpori	
2-43	456-465	affricare	
2-44	465-466	,	
2-45	467-473	sicque	
2-46	474-477	eam	
2-47	478-487	foecundam	
2-48	488-495	reddere	
2-49	496-501	posse	
2-50	501-502	:	
2-51	503-510	attamen	
2-52	511-518	corruit	
2-53	519-525	rursus	
2-54	526-533	isthaec	
2-55	534-540	opinio	
2-56	540-541	,	
2-57	542-544	si	
2-58	545-551	dictum	
2-59	552-557	illud	
2-60	558-564	ostium	
2-61	564-565	,	
2-62	566-569	quo	
2-63	570-575	semen	
2-64	576-580	exit	
2-65	580-581	,	
2-66	582-586	haud	
2-67	587-595	naturale	
2-68	596-599	est	
2-69	599-600	.	

#Text=Quapropter potius mihi videtur & verisimilius posse
#Text=concludi, quod Foemella per fortem solummodo & subtilissimam masculini seminis
3-1	601-611	Quapropter	
3-2	612-618	potius	
3-3	619-623	mihi	
3-4	624-631	videtur	
3-5	632-633	&	
3-6	634-646	verisimilius	
3-7	647-652	posse	
3-8	653-661	concludi	
3-9	661-662	,	
3-10	663-667	quod	
3-11	668-676	Foemella	
3-12	677-680	per	
3-13	681-687	fortem	
3-14	688-697	solummodo	
3-15	698-699	&	
3-16	700-713	subtilissimam	
3-17	714-723	masculini	
3-18	724-731	seminis	
