#FORMAT=WebAnno TSV 3.3


#Text=dewyl 'er soo veel saken syn, die het selve onmydelyk schynen te maken;
#Text=
#Text=ten sy een grooter magt en wysheit daar in voorsien hadde.
1-1	2-7	dewyl	
1-2	8-9	'	
1-3	9-11	er	
1-4	12-15	soo	
1-5	16-20	veel	
1-6	21-26	saken	
1-7	27-30	syn	
1-8	30-31	,	
1-9	32-35	die	
1-10	36-39	het	
1-11	40-45	selve	
1-12	46-55	onmydelyk	
1-13	56-63	schynen	
1-14	64-66	te	
1-15	67-72	maken	
1-16	72-73	;	
1-17	75-78	ten	
1-18	79-81	sy	
1-19	82-85	een	
1-20	86-93	grooter	
1-21	94-98	magt	
1-22	99-101	en	
1-23	102-109	wysheit	
1-24	110-114	daar	
1-25	115-117	in	
1-26	118-126	voorsien	
1-27	127-132	hadde	
1-28	132-133	.	

#Text=Om dit te toonen,
#Text=I.
2-1	136-138	Om	
2-2	139-142	dit	
2-3	143-145	te	
2-4	146-152	toonen	
2-5	152-153	,	
2-6	154-155	I	
2-7	155-156	.	

#Text=Laat ymand seggen, hoe het mogelyk is, daar de soo ontelbare en onder die soo
#Text=groote Rievieren, (Siet Varen.
3-1	157-161	Laat	
3-2	162-167	ymand	
3-3	168-174	seggen	
3-4	174-175	,	
3-5	176-179	hoe	
3-6	180-183	het	
3-7	184-191	mogelyk	
3-8	192-194	is	
3-9	194-195	,	
3-10	196-200	daar	
3-11	201-203	de	
3-12	204-207	soo	
3-13	208-217	ontelbare	
3-14	218-220	en	
3-15	221-226	onder	
3-16	227-230	die	
3-17	231-234	soo	
3-18	235-241	groote	
3-19	242-251	Rievieren	
3-20	251-252	,	
3-21	253-254	(	
3-22	254-258	Siet	
3-23	259-264	Varen	
3-24	264-265	.	

#Text=Geograph.
#Text=van de Rievieren §.
#Text=27.) een soo
#Text=ondenkelyke magt van wateren, nagt en dagh geduurigh in de zee storten; en soo
#Text=veel eeuwen langh sonder ophouden daar in volhard hebben;
#Text=dat de zee niet vol
#Text=geworden synde, uit syne palen gevloeit is en de landen overstroomt heeft.
4-1	266-274	Geograph	
4-2	274-275	.	
4-3	276-279	van	
4-4	280-282	de	
4-5	283-292	Rievieren	
4-6	293-294	§	
4-7	294-295	.	
4-8	296-298	27	
4-9	298-299	.	
4-10	299-300	)	
4-11	301-304	een	
4-12	305-308	soo	
4-13	309-320	ondenkelyke	
4-14	321-325	magt	
4-15	326-329	van	
4-16	330-337	wateren	
4-17	337-338	,	
4-18	339-343	nagt	
4-19	344-346	en	
4-20	347-351	dagh	
4-21	352-361	geduurigh	
4-22	362-364	in	
4-23	365-367	de	
4-24	368-371	zee	
4-25	372-379	storten	
4-26	379-380	;	
4-27	381-383	en	
4-28	384-387	soo	
4-29	388-392	veel	
4-30	393-399	eeuwen	
4-31	400-405	langh	
4-32	406-412	sonder	
4-33	413-421	ophouden	
4-34	422-426	daar	
4-35	427-429	in	
4-36	430-437	volhard	
4-37	438-444	hebben	
4-38	444-445	;	
4-39	446-449	dat	
4-40	450-452	de	
4-41	453-456	zee	
4-42	457-461	niet	
4-43	462-465	vol	
4-44	466-474	geworden	
4-45	475-480	synde	
4-46	480-481	,	
4-47	482-485	uit	
4-48	486-490	syne	
4-49	491-496	palen	
4-50	497-505	gevloeit	
4-51	506-508	is	
4-52	509-511	en	
4-53	512-514	de	
4-54	515-521	landen	
4-55	522-533	overstroomt	
4-56	534-539	heeft	
4-57	539-540	.	

#Text=Onbegrypelyk was dit voor een yder;
#Text=ten sy alle dese wateren, den voren al
#Text=getoonden omloop gedurigh waargenomen hadden.
5-1	542-554	Onbegrypelyk	
5-2	555-558	was	
5-3	559-562	dit	
5-4	563-567	voor	
5-5	568-571	een	
5-6	572-576	yder	
5-7	576-577	;	
5-8	578-581	ten	
5-9	582-584	sy	
5-10	585-589	alle	
5-11	590-594	dese	
5-12	595-602	wateren	
5-13	602-603	,	
5-14	604-607	den	
5-15	608-613	voren	
5-16	614-616	al	
5-17	617-626	getoonden	
5-18	627-633	omloop	
5-19	634-642	gedurigh	
5-20	643-654	waargenomen	
5-21	655-661	hadden	
5-22	661-662	.	

#Text=Waar door het geene de zee door
#Text=de Rievieren vermeerdert, onder de gedaante van dampen door de hitte der Sonne in
#Text=de lugt opgeheven werd.
6-1	663-667	Waar	
6-2	668-672	door	
6-3	673-676	het	
6-4	677-682	geene	
6-5	683-685	de	
6-6	686-689	zee	
6-7	690-694	door	
6-8	695-697	de	
6-9	698-707	Rievieren	
6-10	708-719	vermeerdert	
6-11	719-720	,	
6-12	721-726	onder	
6-13	727-729	de	
6-14	730-738	gedaante	
6-15	739-742	van	
6-16	743-749	dampen	
6-17	750-754	door	
6-18	755-757	de	
6-19	758-763	hitte	
6-20	764-767	der	
6-21	768-773	Sonne	
6-22	774-776	in	
6-23	777-779	de	
6-24	780-784	lugt	
6-25	785-794	opgeheven	
6-26	795-799	werd	
6-27	799-800	.	

#Text=Welke sigh, immers ten grooten deele, op de toppen der
#Text=bergen vergaderende, of in regen nedervallende tot beeken werden, die deselve
#Text=rievieren door haar versamelinge weder uitmakende, dus haren geduurigen
#Text=ommegangh van het drooge na de zee, en van de zee door de lugt na het drooge
#Text=rusteloos volvoeren
7-1	801-806	Welke	
7-2	807-811	sigh	
7-3	811-812	,	
7-4	813-819	immers	
7-5	820-823	ten	
7-6	824-831	grooten	
7-7	832-837	deele	
7-8	837-838	,	
7-9	839-841	op	
7-10	842-844	de	
7-11	845-851	toppen	
7-12	852-855	der	
7-13	856-862	bergen	
7-14	863-875	vergaderende	
7-15	875-876	,	
7-16	877-879	of	
7-17	880-882	in	
7-18	883-888	regen	
7-19	889-902	nedervallende	
7-20	903-906	tot	
7-21	907-913	beeken	
7-22	914-920	werden	
7-23	920-921	,	
7-24	922-925	die	
7-25	926-933	deselve	
7-26	934-943	rievieren	
7-27	944-948	door	
7-28	949-953	haar	
7-29	954-966	versamelinge	
7-30	967-972	weder	
7-31	973-983	uitmakende	
7-32	983-984	,	
7-33	985-988	dus	
7-34	989-994	haren	
7-35	995-1005	geduurigen	
7-36	1006-1015	ommegangh	
7-37	1016-1019	van	
7-38	1020-1023	het	
7-39	1024-1030	drooge	
7-40	1031-1033	na	
7-41	1034-1036	de	
7-42	1037-1040	zee	
7-43	1040-1041	,	
7-44	1042-1044	en	
7-45	1045-1048	van	
7-46	1049-1051	de	
7-47	1052-1055	zee	
7-48	1056-1060	door	
7-49	1061-1063	de	
7-50	1064-1068	lugt	
7-51	1069-1071	na	
7-52	1072-1075	het	
7-53	1076-1082	drooge	
7-54	1083-1092	rusteloos	
7-55	1093-1102	volvoeren	

#Text=.
8-1	1102-1103	.	

#Text=§.
#Text=80.
9-1	1106-1107	§	
9-2	1107-1108	.	
9-3	1109-1111	80	
9-4	1111-1112	.	

#Text=Met uitdrukkelyke woorden werd dese Circulatie der wateren, en de wyse, op welke
#Text=de zee na het instorten van soo veel magtige stroomen in volheit deselve blyft, door
#Text=Godts Geest afgemaalt.
10-1	1115-1118	Met	
10-2	1119-1132	uitdrukkelyke	
10-3	1133-1140	woorden	
10-4	1141-1145	werd	
10-5	1146-1150	dese	
10-6	1151-1161	Circulatie	
10-7	1162-1165	der	
10-8	1166-1173	wateren	
10-9	1173-1174	,	
10-10	1175-1177	en	
10-11	1178-1180	de	
10-12	1181-1185	wyse	
10-13	1185-1186	,	
10-14	1187-1189	op	
10-15	1190-1195	welke	
10-16	1196-1198	de	
10-17	1199-1202	zee	
10-18	1203-1205	na	
10-19	1206-1209	het	
10-20	1210-1219	instorten	
10-21	1220-1223	van	
10-22	1224-1227	soo	
10-23	1228-1232	veel	
10-24	1233-1240	magtige	
10-25	1241-1249	stroomen	
10-26	1250-1252	in	
10-27	1253-1260	volheit	
10-28	1261-1268	deselve	
10-29	1269-1274	blyft	
10-30	1274-1275	,	
10-31	1276-1280	door	
10-32	1281-1286	Godts	
10-33	1287-1292	Geest	
10-34	1293-1302	afgemaalt	
10-35	1302-1303	.	

#Text=Predik.
11-1	1304-1310	Predik	
11-2	1310-1311	.	

#Text=I. 7.
12-1	1312-1313	I	
12-2	1313-1314	.	
12-3	1315-1316	7	
12-4	1316-1317	.	

#Text=Alle de beken loopen in de zee, noghtans word
#Text=de zee niet vol, daar de beken heenen gaan, derwaarts gaande keeren sy weder.
13-1	1318-1322	Alle	
13-2	1323-1325	de	
13-3	1326-1331	beken	
13-4	1332-1338	loopen	
13-5	1339-1341	in	
13-6	1342-1344	de	
13-7	1345-1348	zee	
13-8	1348-1349	,	
13-9	1350-1358	noghtans	
13-10	1359-1363	word	
13-11	1364-1366	de	
13-12	1367-1370	zee	
13-13	1371-1375	niet	
13-14	1376-1379	vol	
13-15	1379-1380	,	
13-16	1381-1385	daar	
13-17	1386-1388	de	
13-18	1389-1394	beken	
13-19	1395-1401	heenen	
13-20	1402-1406	gaan	
13-21	1406-1407	,	
13-22	1408-1417	derwaarts	
13-23	1418-1424	gaande	
13-24	1425-1431	keeren	
13-25	1432-1434	sy	
13-26	1435-1440	weder	
13-27	1440-1441	.	

#Text=Dat
#Text=
#Text=Bernard Nieuwentijt, Het regt gebruik
14-1	1442-1445	Dat	
14-2	1447-1454	Bernard	
14-3	1455-1466	Nieuwentijt	
14-4	1466-1467	,	
14-5	1468-1471	Het	
14-6	1472-1476	regt	
14-7	1477-1484	gebruik	
