#FORMAT=WebAnno TSV 3.3


#Text=Men weet hier door gewicht, om d'overdaadt t'ontdekken,
#Text=
#Text=De zaaken van gewicht heel uit de tong trekken,
#Text=Schoon dat de loogen haar begraven heeft in 't hart.
1-1	2-5	Men	
1-2	6-10	weet	
1-3	11-15	hier	
1-4	16-20	door	
1-5	21-28	gewicht	
1-6	28-29	,	
1-7	30-32	om	
1-8	33-44	d'overdaadt	
1-9	45-56	t'ontdekken	
1-10	56-57	,	
1-11	59-61	De	
1-12	62-68	zaaken	
1-13	69-72	van	
1-14	73-80	gewicht	
1-15	81-85	heel	
1-16	86-89	uit	
1-17	90-92	de	
1-18	93-97	tong	
1-19	98-105	trekken	
1-20	105-106	,	
1-21	107-113	Schoon	
1-22	114-117	dat	
1-23	118-120	de	
1-24	121-127	loogen	
1-25	128-132	haar	
1-26	133-141	begraven	
1-27	142-147	heeft	
1-28	148-150	in	
1-29	151-152	'	
1-30	152-153	t	
1-31	154-158	hart	
1-32	158-159	.	

#Text=De valsheidt spreekt hier meest de waarheidt tot haar smart.
2-1	162-164	De	
2-2	165-174	valsheidt	
2-3	175-182	spreekt	
2-4	183-187	hier	
2-5	188-193	meest	
2-6	194-196	de	
2-7	197-206	waarheidt	
2-8	207-210	tot	
2-9	211-215	haar	
2-10	216-221	smart	
2-11	221-222	.	

#Text=Nu klimt zy naar het hoogft om schooner werk te toonen.
3-1	225-227	Nu	
3-2	228-233	klimt	
3-3	234-236	zy	
3-4	237-241	naar	
3-5	242-245	het	
3-6	246-252	hoogft	
3-7	253-255	om	
3-8	256-264	schooner	
3-9	265-269	werk	
3-10	270-272	te	
3-11	273-279	toonen	
3-12	279-280	.	

#Text=Dit is de kroon, zegt zy,om d'Amstel meê te kroonen.
4-1	283-286	Dit	
4-2	287-289	is	
4-3	290-292	de	
4-4	293-298	kroon	
4-5	298-299	,	
4-6	300-304	zegt	
4-7	305-307	zy	
4-8	307-308	,	
4-9	308-310	om	
4-10	311-319	d'Amstel	
4-11	320-323	meê	
4-12	324-326	te	
4-13	327-334	kroonen	
4-14	334-335	.	

#Text=Hy kon zich niet verzaân in zaal noch galdery.
5-1	337-339	Hy	
5-2	340-343	kon	
5-3	344-348	zich	
5-4	349-353	niet	
5-5	354-361	verzaân	
5-6	362-364	in	
5-7	365-369	zaal	
5-8	370-374	noch	
5-9	375-382	galdery	
5-10	382-383	.	

#Text=Toen d'opper Jupiter het Raadthuis aan het Y
#Text=Zag klimmen naar de lucht, begon hy zich t'ontzetten:
#Text=
#Text=Hy
#Text=waande dat het zaadt van die hy eens verpletten,
#Text=
#Text=Jan Vos, Alle de gedichten.
6-1	386-390	Toen	
6-2	391-398	d'opper	
6-3	399-406	Jupiter	
6-4	407-410	het	
6-5	411-420	Raadthuis	
6-6	421-424	aan	
6-7	425-428	het	
6-8	429-430	Y	
6-9	431-434	Zag	
6-10	435-442	klimmen	
6-11	443-447	naar	
6-12	448-450	de	
6-13	451-456	lucht	
6-14	456-457	,	
6-15	458-463	begon	
6-16	464-466	hy	
6-17	467-471	zich	
6-18	472-483	t'ontzetten	
6-19	483-484	:	
6-20	486-488	Hy	
6-21	489-495	waande	
6-22	496-499	dat	
6-23	500-503	het	
6-24	504-509	zaadt	
6-25	510-513	van	
6-26	514-517	die	
6-27	518-520	hy	
6-28	521-525	eens	
6-29	526-536	verpletten	
6-30	536-537	,	
6-31	539-542	Jan	
6-32	543-546	Vos	
6-33	546-547	,	
6-34	548-552	Alle	
6-35	553-555	de	
6-36	556-565	gedichten	
6-37	565-566	.	

#Text=Deel 1
#Text=
#Text=\f344
#Text=
#Text=De bergen op elkaâr quam staaplen, om de goôn,
#Text=Langs zulk een stormleer te bestooken op haar troon.
7-1	567-571	Deel	
7-2	572-573	1	
7-3	576-579	344	
7-4	581-583	De	
7-5	584-590	bergen	
7-6	591-593	op	
7-7	594-600	elkaâr	
7-8	601-605	quam	
7-9	606-614	staaplen	
7-10	614-615	,	
7-11	616-618	om	
7-12	619-621	de	
7-13	622-626	goôn	
7-14	626-627	,	
7-15	628-633	Langs	
7-16	634-638	zulk	
7-17	639-642	een	
7-18	643-652	stormleer	
7-19	653-655	te	
7-20	656-665	bestooken	
7-21	666-668	op	
7-22	669-673	haar	
7-23	674-679	troon	
7-24	679-680	.	

#Text=Vermeetle, grauwde hy, uw vaaders zijn gedolven
#Text=
#Text=In 't zwalpend' pekel van de rustelooze golven,
#Text=En met Trinakria het eilandt, en de rots
#Text=Van Etna overdekt:
#Text=die zy, uit enkle trots,
#Text=Oprijten tot in 't top, om uit hun gloênde kaaken
#Text=Een zwarm van zwavelsteen, afgryselijk in 't blaaken,
#Text=Salpeter, fakkels en herpuis, deurmengt met stof
#Text=
#Text=En schrikkelyk geschal, te werpen, om dit Hof,
#Text=Vol flonkerendt
#Text=gestarnt tot assche te verteeren.
8-1	682-691	Vermeetle	
8-2	691-692	,	
8-3	693-700	grauwde	
8-4	701-703	hy	
8-5	703-704	,	
8-6	705-707	uw	
8-7	708-715	vaaders	
8-8	716-720	zijn	
8-9	721-729	gedolven	
8-10	731-733	In	
8-11	734-735	'	
8-12	735-736	t	
8-13	737-745	zwalpend	
8-14	745-746	'	
8-15	747-752	pekel	
8-16	753-756	van	
8-17	757-759	de	
8-18	760-770	rustelooze	
8-19	771-777	golven	
8-20	777-778	,	
8-21	779-781	En	
8-22	782-785	met	
8-23	786-795	Trinakria	
8-24	796-799	het	
8-25	800-807	eilandt	
8-26	807-808	,	
8-27	809-811	en	
8-28	812-814	de	
8-29	815-819	rots	
8-30	820-823	Van	
8-31	824-828	Etna	
8-32	829-837	overdekt	
8-33	837-838	:	
8-34	839-842	die	
8-35	843-845	zy	
8-36	845-846	,	
8-37	847-850	uit	
8-38	851-856	enkle	
8-39	857-862	trots	
8-40	862-863	,	
8-41	864-872	Oprijten	
8-42	873-876	tot	
8-43	877-879	in	
8-44	880-881	'	
8-45	881-882	t	
8-46	883-886	top	
8-47	886-887	,	
8-48	888-890	om	
8-49	891-894	uit	
8-50	895-898	hun	
8-51	899-906	gloênde	
8-52	907-913	kaaken	
8-53	914-917	Een	
8-54	918-923	zwarm	
8-55	924-927	van	
8-56	928-939	zwavelsteen	
8-57	939-940	,	
8-58	941-952	afgryselijk	
8-59	953-955	in	
8-60	956-957	'	
8-61	957-958	t	
8-62	959-966	blaaken	
8-63	966-967	,	
8-64	968-976	Salpeter	
8-65	976-977	,	
8-66	978-985	fakkels	
8-67	986-988	en	
8-68	989-996	herpuis	
8-69	996-997	,	
8-70	998-1007	deurmengt	
8-71	1008-1011	met	
8-72	1012-1016	stof	
8-73	1018-1020	En	
8-74	1021-1032	schrikkelyk	
8-75	1033-1040	geschal	
8-76	1040-1041	,	
8-77	1042-1044	te	
8-78	1045-1051	werpen	
8-79	1051-1052	,	
8-80	1053-1055	om	
8-81	1056-1059	dit	
8-82	1060-1063	Hof	
8-83	1063-1064	,	
8-84	1065-1068	Vol	
8-85	1069-1080	flonkerendt	
8-86	1081-1089	gestarnt	
8-87	1090-1093	tot	
8-88	1094-1100	assche	
8-89	1101-1103	te	
8-90	1104-1113	verteeren	
8-91	1113-1114	.	
