{"_context" : {
    "_types" : {
      "DocumentMetaData" : {
        "_feature_types" : {"sofa" : "_ref" } }, 
      "Relation" : {
        "_feature_types" : {"sofa" : "_ref",  "Dependent" : "_ref",  "Governor" : "_ref" } }, 
      "Sentence" : {
        "_feature_types" : {"sofa" : "_ref" } }, 
      "Sofa" : {
        "_feature_types" : {"sofaArray" : "_ref" } }, 
      "Span" : {
        "_feature_types" : {"sofa" : "_ref" } }, 
      "TagsetDescription" : {
        "_feature_types" : {"sofa" : "_ref",  "tags" : "_ref" } }, 
      "Token" : {
        "_feature_types" : {"sofa" : "_ref",  "parent" : "_ref",  "lemma" : "_ref",  "stem" : "_ref",  "pos" : "_ref",  "morph" : "_ref",  "form" : "_ref" } }, 
      "DocumentAnnotation" : {
        "_feature_types" : {"sofa" : "_ref" }, 
        "_subtypes" : ["DocumentMetaData" ] }, 
      "Annotation" : {
        "_feature_types" : {"sofa" : "_ref" }, 
        "_subtypes" : ["DocumentAnnotation",  "Relation",  "Sentence",  "Span",  "TagsetDescription",  "Token" ] }, 
      "AnnotationBase" : {
        "_feature_types" : {"sofa" : "_ref" }, 
        "_subtypes" : ["Annotation" ] }, 
      "TOP" : {
        "_subtypes" : ["AnnotationBase",  "Sofa" ] } } }, 
  "_views" : {
    "_InitialView" : {
      "Relation" : [
        {"sofa" : 1,  "begin" : 73,  "end" : 79,  "Dependent" : 12131,  "Governor" : 12136 }, 
        {"sofa" : 1,  "begin" : 334,  "end" : 342,  "Dependent" : 12085,  "Governor" : 12148 }, 
        {"sofa" : 1,  "begin" : 334,  "end" : 342,  "Dependent" : 12085,  "Governor" : 12660 }, 
        {"sofa" : 1,  "begin" : 334,  "end" : 342,  "Dependent" : 12085,  "Governor" : 12677 }, 
        {"sofa" : 1,  "begin" : 334,  "end" : 342,  "Dependent" : 12085,  "Governor" : 12689 }, 
        {"sofa" : 1,  "begin" : 334,  "end" : 342,  "Dependent" : 12085,  "Governor" : 12701 }, 
        {"sofa" : 1,  "begin" : 463,  "end" : 469,  "Dependent" : 12090,  "Governor" : 12095 }, 
        {"sofa" : 1,  "begin" : 463,  "end" : 469,  "Dependent" : 12090,  "Governor" : 12100 }, 
        {"sofa" : 1,  "begin" : 463,  "end" : 469,  "Dependent" : 12090,  "Governor" : 12547 }, 
        {"sofa" : 1,  "begin" : 463,  "end" : 469,  "Dependent" : 12090,  "Governor" : 12559 }, 
        {"sofa" : 1,  "begin" : 905,  "end" : 911,  "Dependent" : 12165,  "Governor" : 12170 }, 
        {"sofa" : 1,  "begin" : 905,  "end" : 911,  "Dependent" : 12165,  "Governor" : 12571 }, 
        {"sofa" : 1,  "begin" : 905,  "end" : 911,  "Dependent" : 12165,  "Governor" : 12605 }, 
        {"sofa" : 1,  "begin" : 905,  "end" : 911,  "Dependent" : 12165,  "Governor" : 12593 }, 
        {"sofa" : 1,  "begin" : 905,  "end" : 911,  "Dependent" : 12165,  "Governor" : 12713 }, 
        {"sofa" : 1,  "begin" : 1605,  "end" : 1611,  "Dependent" : 12218,  "Governor" : 12235 }, 
        {"sofa" : 1,  "begin" : 1605,  "end" : 1611,  "Dependent" : 12218,  "Governor" : 12247 }, 
        {"sofa" : 1,  "begin" : 1605,  "end" : 1611,  "Dependent" : 12218,  "Governor" : 12636 }, 
        {"sofa" : 1,  "begin" : 1605,  "end" : 1611,  "Dependent" : 12218,  "Governor" : 12648 }, 
        {"sofa" : 1,  "begin" : 1682,  "end" : 1690,  "Dependent" : 12259,  "Governor" : 12264 }, 
        {"sofa" : 1,  "begin" : 1682,  "end" : 1690,  "Dependent" : 12259,  "Governor" : 12725 }, 
        {"sofa" : 1,  "begin" : 1682,  "end" : 1690,  "Dependent" : 12259,  "Governor" : 12737 }, 
        {"sofa" : 1,  "begin" : 1682,  "end" : 1690,  "Dependent" : 12259,  "Governor" : 12756 }, 
        {"sofa" : 1,  "begin" : 2182,  "end" : 2188,  "Dependent" : 12288,  "Governor" : 12768 }, 
        {"sofa" : 1,  "begin" : 2201,  "end" : 2209,  "Dependent" : 12293,  "Governor" : 12298 }, 
        {"sofa" : 1,  "begin" : 2201,  "end" : 2209,  "Dependent" : 12293,  "Governor" : 12780 }, 
        {"sofa" : 1,  "begin" : 2201,  "end" : 2209,  "Dependent" : 12293,  "Governor" : 12799 }, 
        {"sofa" : 1,  "begin" : 2201,  "end" : 2209,  "Dependent" : 12293,  "Governor" : 12818 }, 
        {"sofa" : 1,  "begin" : 2227,  "end" : 2231,  "Dependent" : 12780,  "Governor" : 12799,  "label" : "Anaphoric" }, 
        {"sofa" : 1,  "begin" : 2421,  "end" : 2426,  "Dependent" : 12334,  "Governor" : 12339 }, 
        {"sofa" : 1,  "begin" : 2421,  "end" : 2426,  "Dependent" : 12334,  "Governor" : 12830 }, 
        {"sofa" : 1,  "begin" : 3620,  "end" : 3625,  "Dependent" : 12842,  "Governor" : 12361 }, 
        {"sofa" : 1,  "begin" : 3620,  "end" : 3625,  "Dependent" : 12842,  "Governor" : 12366 }, 
        {"sofa" : 1,  "begin" : 3620,  "end" : 3625,  "Dependent" : 12842,  "Governor" : 12390 }, 
        {"sofa" : 1,  "begin" : 3620,  "end" : 3625,  "Dependent" : 12842,  "Governor" : 12868 }, 
        {"sofa" : 1,  "begin" : 3620,  "end" : 3625,  "Dependent" : 12842,  "Governor" : 12880 }, 
        {"sofa" : 1,  "begin" : 3716,  "end" : 3724,  "Dependent" : 12439,  "Governor" : 12444 }, 
        {"sofa" : 1,  "begin" : 3716,  "end" : 3724,  "Dependent" : 12439,  "Governor" : 12417 }, 
        {"sofa" : 1,  "begin" : 3716,  "end" : 3724,  "Dependent" : 12439,  "Governor" : 12429 }, 
        {"sofa" : 1,  "begin" : 3978,  "end" : 3988,  "Dependent" : 12504,  "Governor" : 12499,  "label" : "Anaphoric" }, 
        {"sofa" : 1,  "begin" : 4191,  "end" : 4196,  "Dependent" : 12470,  "Governor" : 12487 }, 
        {"sofa" : 1,  "begin" : 4191,  "end" : 4196,  "Dependent" : 12470,  "Governor" : 12504 }, 
        {"sofa" : 1,  "begin" : 4191,  "end" : 4196,  "Dependent" : 12470,  "Governor" : 12523 }, 
        {"sofa" : 1,  "begin" : 4191,  "end" : 4196,  "Dependent" : 12470,  "Governor" : 12535 }, 
        {"sofa" : 1,  "begin" : 4191,  "end" : 4196,  "Dependent" : 12470,  "Governor" : 12909 }, 
        {"sofa" : 1,  "begin" : 4191,  "end" : 4196,  "Dependent" : 12470,  "Governor" : 12926 } ], 
      "Span" : [12136,  12131,  12677,  12689,  12701,  12660,  12148,  12085,  12547,  12559,  12090,  12095,  12100,  12713,  12571,  12170,  12165,  12605,  12593,  12247,  12648,  12218,  12636,  12235,  12725,  12259,  12737,  12264,  12756,  12768,  12288,  12799,  12293,  12298,  12780,  12818,  12830,  12339,  12334,  12842,  12361,  12366,  12390,  12868,  12880,  12439,  12444,  12417,  12429,  12504,  12535,  12499,  12470,  12523,  12487,  12909,  12926 ], 
      "DocumentMetaData" : [
        {"sofa" : 1,  "end" : 4339,  "language" : "x-unspecified",  "documentTitle" : "071E%20Various%20eighteenth%20century%20responses%20to%20theatre%20smells.txt",  "documentId" : "teresa",  "documentUri" : "file:/home/dhuser/alessio/inception/repository/project/29/document/410/source/teresa",  "collectionId" : "file:/home/dhuser/alessio/inception/repository/project/29/document/410/source/",  "documentBaseUri" : "file:/home/dhuser/alessio/inception/repository/project/29/document/410/source/",  "isLastSegment" : false } ], 
      "TagsetDescription" : [
        {"sofa" : 1,  "layer" : "webanno.custom.Emotions",  "name" : "Emotion Labels",  "input" : false }, 
        {"sofa" : 1,  "layer" : "custom.Relation",  "name" : "Relation labels",  "input" : false }, 
        {"sofa" : 1,  "layer" : "custom.Span",  "name" : "Smell labels",  "input" : false } ], 
      "Sentence" : [
        {"sofa" : 1,  "end" : 124 }, 
        {"sofa" : 1,  "begin" : 125,  "end" : 134 }, 
        {"sofa" : 1,  "begin" : 135,  "end" : 488 }, 
        {"sofa" : 1,  "begin" : 492,  "end" : 594 }, 
        {"sofa" : 1,  "begin" : 596,  "end" : 707 }, 
        {"sofa" : 1,  "begin" : 708,  "end" : 1062 }, 
        {"sofa" : 1,  "begin" : 1066,  "end" : 1166 }, 
        {"sofa" : 1,  "begin" : 1167,  "end" : 1186 }, 
        {"sofa" : 1,  "begin" : 1186,  "end" : 1223 }, 
        {"sofa" : 1,  "begin" : 1225,  "end" : 1345 }, 
        {"sofa" : 1,  "begin" : 1346,  "end" : 1516 }, 
        {"sofa" : 1,  "begin" : 1517,  "end" : 1650 }, 
        {"sofa" : 1,  "begin" : 1653,  "end" : 1794 }, 
        {"sofa" : 1,  "begin" : 1795,  "end" : 2084 }, 
        {"sofa" : 1,  "begin" : 2085,  "end" : 2256 }, 
        {"sofa" : 1,  "begin" : 2258,  "end" : 2427 }, 
        {"sofa" : 1,  "begin" : 2428,  "end" : 2655 }, 
        {"sofa" : 1,  "begin" : 2659,  "end" : 3011 }, 
        {"sofa" : 1,  "begin" : 3012,  "end" : 3142 }, 
        {"sofa" : 1,  "begin" : 3143,  "end" : 3150 }, 
        {"sofa" : 1,  "begin" : 3151,  "end" : 3163 }, 
        {"sofa" : 1,  "begin" : 3164,  "end" : 3484 }, 
        {"sofa" : 1,  "begin" : 3485,  "end" : 3615 }, 
        {"sofa" : 1,  "begin" : 3616,  "end" : 3690 }, 
        {"sofa" : 1,  "begin" : 3691,  "end" : 3816 }, 
        {"sofa" : 1,  "begin" : 3817,  "end" : 3846 }, 
        {"sofa" : 1,  "begin" : 3847,  "end" : 3963 }, 
        {"sofa" : 1,  "begin" : 3964,  "end" : 4336 } ], 
      "Token" : [
        {"sofa" : 1,  "end" : 9 }, 
        {"sofa" : 1,  "begin" : 10,  "end" : 12 }, 
        {"sofa" : 1,  "begin" : 13,  "end" : 21 }, 
        {"sofa" : 1,  "begin" : 22,  "end" : 26 }, 
        {"sofa" : 1,  "begin" : 27,  "end" : 31 }, 
        {"sofa" : 1,  "begin" : 32,  "end" : 39 }, 
        {"sofa" : 1,  "begin" : 40,  "end" : 45 }, 
        {"sofa" : 1,  "begin" : 46,  "end" : 49 }, 
        {"sofa" : 1,  "begin" : 50,  "end" : 61 }, 
        {"sofa" : 1,  "begin" : 62,  "end" : 64 }, 
        {"sofa" : 1,  "begin" : 65,  "end" : 72 }, 
        {"sofa" : 1,  "begin" : 73,  "end" : 79 }, 
        {"sofa" : 1,  "begin" : 83,  "end" : 90 }, 
        {"sofa" : 1,  "begin" : 91,  "end" : 98 }, 
        {"sofa" : 1,  "begin" : 98,  "end" : 99 }, 
        {"sofa" : 1,  "begin" : 100,  "end" : 103 }, 
        {"sofa" : 1,  "begin" : 104,  "end" : 110 }, 
        {"sofa" : 1,  "begin" : 111,  "end" : 123 }, 
        {"sofa" : 1,  "begin" : 123,  "end" : 124 }, 
        {"sofa" : 1,  "begin" : 125,  "end" : 126 }, 
        {"sofa" : 1,  "begin" : 127,  "end" : 133 }, 
        {"sofa" : 1,  "begin" : 133,  "end" : 134 }, 
        {"sofa" : 1,  "begin" : 135,  "end" : 137 }, 
        {"sofa" : 1,  "begin" : 138,  "end" : 140 }, 
        {"sofa" : 1,  "begin" : 141,  "end" : 144 }, 
        {"sofa" : 1,  "begin" : 145,  "end" : 150 }, 
        {"sofa" : 1,  "begin" : 151,  "end" : 153 }, 
        {"sofa" : 1,  "begin" : 154,  "end" : 157 }, 
        {"sofa" : 1,  "begin" : 158,  "end" : 165 }, 
        {"sofa" : 1,  "begin" : 166,  "end" : 168 }, 
        {"sofa" : 1,  "begin" : 169,  "end" : 188 }, 
        {"sofa" : 1,  "begin" : 188,  "end" : 189 }, 
        {"sofa" : 1,  "begin" : 190,  "end" : 191 }, 
        {"sofa" : 1,  "begin" : 191,  "end" : 197 }, 
        {"sofa" : 1,  "begin" : 197,  "end" : 198 }, 
        {"sofa" : 1,  "begin" : 199,  "end" : 200 }, 
        {"sofa" : 1,  "begin" : 201,  "end" : 205 }, 
        {"sofa" : 1,  "begin" : 205,  "end" : 206 }, 
        {"sofa" : 1,  "begin" : 208,  "end" : 212 }, 
        {"sofa" : 1,  "begin" : 213,  "end" : 221 }, 
        {"sofa" : 1,  "begin" : 222,  "end" : 225 }, 
        {"sofa" : 1,  "begin" : 226,  "end" : 233 }, 
        {"sofa" : 1,  "begin" : 234,  "end" : 236 }, 
        {"sofa" : 1,  "begin" : 237,  "end" : 241 }, 
        {"sofa" : 1,  "begin" : 242,  "end" : 249 }, 
        {"sofa" : 1,  "begin" : 250,  "end" : 256 }, 
        {"sofa" : 1,  "begin" : 256,  "end" : 257 }, 
        {"sofa" : 1,  "begin" : 258,  "end" : 261 }, 
        {"sofa" : 1,  "begin" : 262,  "end" : 268 }, 
        {"sofa" : 1,  "begin" : 269,  "end" : 271 }, 
        {"sofa" : 1,  "begin" : 272,  "end" : 274 }, 
        {"sofa" : 1,  "begin" : 275,  "end" : 278 }, 
        {"sofa" : 1,  "begin" : 279,  "end" : 286 }, 
        {"sofa" : 1,  "begin" : 286,  "end" : 287 }, 
        {"sofa" : 1,  "begin" : 288,  "end" : 290 }, 
        {"sofa" : 1,  "begin" : 291,  "end" : 294 }, 
        {"sofa" : 1,  "begin" : 295,  "end" : 300 }, 
        {"sofa" : 1,  "begin" : 301,  "end" : 303 }, 
        {"sofa" : 1,  "begin" : 304,  "end" : 309 }, 
        {"sofa" : 1,  "begin" : 309,  "end" : 310 }, 
        {"sofa" : 1,  "begin" : 311,  "end" : 314 }, 
        {"sofa" : 1,  "begin" : 315,  "end" : 319 }, 
        {"sofa" : 1,  "begin" : 320,  "end" : 327 }, 
        {"sofa" : 1,  "begin" : 328,  "end" : 333 }, 
        {"sofa" : 1,  "begin" : 334,  "end" : 340 }, 
        {"sofa" : 1,  "begin" : 340,  "end" : 341 }, 
        {"sofa" : 1,  "begin" : 341,  "end" : 342 }, 
        {"sofa" : 1,  "begin" : 343,  "end" : 348 }, 
        {"sofa" : 1,  "begin" : 349,  "end" : 351 }, 
        {"sofa" : 1,  "begin" : 351,  "end" : 352 }, 
        {"sofa" : 1,  "begin" : 353,  "end" : 356 }, 
        {"sofa" : 1,  "begin" : 357,  "end" : 359 }, 
        {"sofa" : 1,  "begin" : 360,  "end" : 365 }, 
        {"sofa" : 1,  "begin" : 366,  "end" : 370 }, 
        {"sofa" : 1,  "begin" : 371,  "end" : 372 }, 
        {"sofa" : 1,  "begin" : 373,  "end" : 381 }, 
        {"sofa" : 1,  "begin" : 382,  "end" : 387 }, 
        {"sofa" : 1,  "begin" : 388,  "end" : 396 }, 
        {"sofa" : 1,  "begin" : 396,  "end" : 397 }, 
        {"sofa" : 1,  "begin" : 398,  "end" : 402 }, 
        {"sofa" : 1,  "begin" : 402,  "end" : 403 }, 
        {"sofa" : 1,  "begin" : 403,  "end" : 404 }, 
        {"sofa" : 1,  "begin" : 405,  "end" : 407 }, 
        {"sofa" : 1,  "begin" : 408,  "end" : 410 }, 
        {"sofa" : 1,  "begin" : 411,  "end" : 417 }, 
        {"sofa" : 1,  "begin" : 418,  "end" : 422 }, 
        {"sofa" : 1,  "begin" : 423,  "end" : 424 }, 
        {"sofa" : 1,  "begin" : 425,  "end" : 434 }, 
        {"sofa" : 1,  "begin" : 434,  "end" : 435 }, 
        {"sofa" : 1,  "begin" : 436,  "end" : 439 }, 
        {"sofa" : 1,  "begin" : 440,  "end" : 444 }, 
        {"sofa" : 1,  "begin" : 445,  "end" : 451 }, 
        {"sofa" : 1,  "begin" : 452,  "end" : 458 }, 
        {"sofa" : 1,  "begin" : 459,  "end" : 462 }, 
        {"sofa" : 1,  "begin" : 463,  "end" : 469 }, 
        {"sofa" : 1,  "begin" : 470,  "end" : 472 }, 
        {"sofa" : 1,  "begin" : 473,  "end" : 477 }, 
        {"sofa" : 1,  "begin" : 478,  "end" : 481 }, 
        {"sofa" : 1,  "begin" : 482,  "end" : 487 }, 
        {"sofa" : 1,  "begin" : 487,  "end" : 488 }, 
        {"sofa" : 1,  "begin" : 492,  "end" : 495 }, 
        {"sofa" : 1,  "begin" : 496,  "end" : 502 }, 
        {"sofa" : 1,  "begin" : 503,  "end" : 505 }, 
        {"sofa" : 1,  "begin" : 506,  "end" : 509 }, 
        {"sofa" : 1,  "begin" : 510,  "end" : 514 }, 
        {"sofa" : 1,  "begin" : 515,  "end" : 519 }, 
        {"sofa" : 1,  "begin" : 520,  "end" : 524 }, 
        {"sofa" : 1,  "begin" : 524,  "end" : 525 }, 
        {"sofa" : 1,  "begin" : 526,  "end" : 528 }, 
        {"sofa" : 1,  "begin" : 528,  "end" : 529 }, 
        {"sofa" : 1,  "begin" : 530,  "end" : 531 }, 
        {"sofa" : 1,  "begin" : 532,  "end" : 541 }, 
        {"sofa" : 1,  "begin" : 542,  "end" : 545 }, 
        {"sofa" : 1,  "begin" : 546,  "end" : 549 }, 
        {"sofa" : 1,  "begin" : 550,  "end" : 557 }, 
        {"sofa" : 1,  "begin" : 558,  "end" : 567 }, 
        {"sofa" : 1,  "begin" : 568,  "end" : 569 }, 
        {"sofa" : 1,  "begin" : 569,  "end" : 575 }, 
        {"sofa" : 1,  "begin" : 575,  "end" : 576 }, 
        {"sofa" : 1,  "begin" : 577,  "end" : 581 }, 
        {"sofa" : 1,  "begin" : 581,  "end" : 582 }, 
        {"sofa" : 1,  "begin" : 582,  "end" : 583 }, 
        {"sofa" : 1,  "begin" : 584,  "end" : 586 }, 
        {"sofa" : 1,  "begin" : 586,  "end" : 587 }, 
        {"sofa" : 1,  "begin" : 588,  "end" : 590 }, 
        {"sofa" : 1,  "begin" : 590,  "end" : 591 }, 
        {"sofa" : 1,  "begin" : 591,  "end" : 593 }, 
        {"sofa" : 1,  "begin" : 593,  "end" : 594 }, 
        {"sofa" : 1,  "begin" : 596,  "end" : 601 }, 
        {"sofa" : 1,  "begin" : 602,  "end" : 605 }, 
        {"sofa" : 1,  "begin" : 605,  "end" : 606 }, 
        {"sofa" : 1,  "begin" : 606,  "end" : 608 }, 
        {"sofa" : 1,  "begin" : 609,  "end" : 613 }, 
        {"sofa" : 1,  "begin" : 614,  "end" : 618 }, 
        {"sofa" : 1,  "begin" : 619,  "end" : 627 }, 
        {"sofa" : 1,  "begin" : 628,  "end" : 631 }, 
        {"sofa" : 1,  "begin" : 632,  "end" : 640 }, 
        {"sofa" : 1,  "begin" : 640,  "end" : 641 }, 
        {"sofa" : 1,  "begin" : 642,  "end" : 648 }, 
        {"sofa" : 1,  "begin" : 649,  "end" : 656 }, 
        {"sofa" : 1,  "begin" : 657,  "end" : 660 }, 
        {"sofa" : 1,  "begin" : 661,  "end" : 669 }, 
        {"sofa" : 1,  "begin" : 669,  "end" : 670 }, 
        {"sofa" : 1,  "begin" : 671,  "end" : 674 }, 
        {"sofa" : 1,  "begin" : 675,  "end" : 682 }, 
        {"sofa" : 1,  "begin" : 683,  "end" : 687 }, 
        {"sofa" : 1,  "begin" : 688,  "end" : 695 }, 
        {"sofa" : 1,  "begin" : 696,  "end" : 699 }, 
        {"sofa" : 1,  "begin" : 700,  "end" : 706 }, 
        {"sofa" : 1,  "begin" : 706,  "end" : 707 }, 
        {"sofa" : 1,  "begin" : 708,  "end" : 713 }, 
        {"sofa" : 1,  "begin" : 714,  "end" : 717 }, 
        {"sofa" : 1,  "begin" : 717,  "end" : 718 }, 
        {"sofa" : 1,  "begin" : 718,  "end" : 720 }, 
        {"sofa" : 1,  "begin" : 721,  "end" : 724 }, 
        {"sofa" : 1,  "begin" : 725,  "end" : 726 }, 
        {"sofa" : 1,  "begin" : 727,  "end" : 731 }, 
        {"sofa" : 1,  "begin" : 732,  "end" : 737 }, 
        {"sofa" : 1,  "begin" : 738,  "end" : 740 }, 
        {"sofa" : 1,  "begin" : 741,  "end" : 744 }, 
        {"sofa" : 1,  "begin" : 745,  "end" : 750 }, 
        {"sofa" : 1,  "begin" : 750,  "end" : 751 }, 
        {"sofa" : 1,  "begin" : 752,  "end" : 759 }, 
        {"sofa" : 1,  "begin" : 760,  "end" : 763 }, 
        {"sofa" : 1,  "begin" : 764,  "end" : 775 }, 
        {"sofa" : 1,  "begin" : 776,  "end" : 779 }, 
        {"sofa" : 1,  "begin" : 780,  "end" : 784 }, 
        {"sofa" : 1,  "begin" : 785,  "end" : 788 }, 
        {"sofa" : 1,  "begin" : 789,  "end" : 796 }, 
        {"sofa" : 1,  "begin" : 796,  "end" : 797 }, 
        {"sofa" : 1,  "begin" : 798,  "end" : 802 }, 
        {"sofa" : 1,  "begin" : 803,  "end" : 807 }, 
        {"sofa" : 1,  "begin" : 808,  "end" : 811 }, 
        {"sofa" : 1,  "begin" : 812,  "end" : 815 }, 
        {"sofa" : 1,  "begin" : 816,  "end" : 818 }, 
        {"sofa" : 1,  "begin" : 819,  "end" : 822 }, 
        {"sofa" : 1,  "begin" : 823,  "end" : 827 }, 
        {"sofa" : 1,  "begin" : 827,  "end" : 828 }, 
        {"sofa" : 1,  "begin" : 829,  "end" : 835 }, 
        {"sofa" : 1,  "begin" : 836,  "end" : 844 }, 
        {"sofa" : 1,  "begin" : 845,  "end" : 850 }, 
        {"sofa" : 1,  "begin" : 851,  "end" : 856 }, 
        {"sofa" : 1,  "begin" : 857,  "end" : 861 }, 
        {"sofa" : 1,  "begin" : 861,  "end" : 862 }, 
        {"sofa" : 1,  "begin" : 863,  "end" : 866 }, 
        {"sofa" : 1,  "begin" : 867,  "end" : 873 }, 
        {"sofa" : 1,  "begin" : 874,  "end" : 882 }, 
        {"sofa" : 1,  "begin" : 883,  "end" : 886 }, 
        {"sofa" : 1,  "begin" : 887,  "end" : 891 }, 
        {"sofa" : 1,  "begin" : 892,  "end" : 895 }, 
        {"sofa" : 1,  "begin" : 896,  "end" : 904 }, 
        {"sofa" : 1,  "begin" : 905,  "end" : 911 }, 
        {"sofa" : 1,  "begin" : 912,  "end" : 914 }, 
        {"sofa" : 1,  "begin" : 915,  "end" : 920 }, 
        {"sofa" : 1,  "begin" : 921,  "end" : 929 }, 
        {"sofa" : 1,  "begin" : 930,  "end" : 933 }, 
        {"sofa" : 1,  "begin" : 934,  "end" : 943 }, 
        {"sofa" : 1,  "begin" : 943,  "end" : 944 }, 
        {"sofa" : 1,  "begin" : 945,  "end" : 951 }, 
        {"sofa" : 1,  "begin" : 952,  "end" : 959 }, 
        {"sofa" : 1,  "begin" : 960,  "end" : 964 }, 
        {"sofa" : 1,  "begin" : 965,  "end" : 971 }, 
        {"sofa" : 1,  "begin" : 972,  "end" : 979 }, 
        {"sofa" : 1,  "begin" : 979,  "end" : 980 }, 
        {"sofa" : 1,  "begin" : 981,  "end" : 983 }, 
        {"sofa" : 1,  "begin" : 984,  "end" : 993 }, 
        {"sofa" : 1,  "begin" : 994,  "end" : 998 }, 
        {"sofa" : 1,  "begin" : 999,  "end" : 1005 }, 
        {"sofa" : 1,  "begin" : 1005,  "end" : 1006 }, 
        {"sofa" : 1,  "begin" : 1007,  "end" : 1010 }, 
        {"sofa" : 1,  "begin" : 1011,  "end" : 1015 }, 
        {"sofa" : 1,  "begin" : 1015,  "end" : 1016 }, 
        {"sofa" : 1,  "begin" : 1016,  "end" : 1017 }, 
        {"sofa" : 1,  "begin" : 1018,  "end" : 1022 }, 
        {"sofa" : 1,  "begin" : 1023,  "end" : 1031 }, 
        {"sofa" : 1,  "begin" : 1031,  "end" : 1032 }, 
        {"sofa" : 1,  "begin" : 1033,  "end" : 1036 }, 
        {"sofa" : 1,  "begin" : 1037,  "end" : 1043 }, 
        {"sofa" : 1,  "begin" : 1044,  "end" : 1053 }, 
        {"sofa" : 1,  "begin" : 1054,  "end" : 1056 }, 
        {"sofa" : 1,  "begin" : 1057,  "end" : 1061 }, 
        {"sofa" : 1,  "begin" : 1061,  "end" : 1062 }, 
        {"sofa" : 1,  "begin" : 1066,  "end" : 1072 }, 
        {"sofa" : 1,  "begin" : 1073,  "end" : 1077 }, 
        {"sofa" : 1,  "begin" : 1077,  "end" : 1078 }, 
        {"sofa" : 1,  "begin" : 1079,  "end" : 1086 }, 
        {"sofa" : 1,  "begin" : 1086,  "end" : 1087 }, 
        {"sofa" : 1,  "begin" : 1088,  "end" : 1090 }, 
        {"sofa" : 1,  "begin" : 1091,  "end" : 1098 }, 
        {"sofa" : 1,  "begin" : 1099,  "end" : 1102 }, 
        {"sofa" : 1,  "begin" : 1103,  "end" : 1106 }, 
        {"sofa" : 1,  "begin" : 1107,  "end" : 1111 }, 
        {"sofa" : 1,  "begin" : 1112,  "end" : 1114 }, 
        {"sofa" : 1,  "begin" : 1115,  "end" : 1121 }, 
        {"sofa" : 1,  "begin" : 1122,  "end" : 1126 }, 
        {"sofa" : 1,  "begin" : 1127,  "end" : 1134 }, 
        {"sofa" : 1,  "begin" : 1134,  "end" : 1135 }, 
        {"sofa" : 1,  "begin" : 1136,  "end" : 1140 }, 
        {"sofa" : 1,  "begin" : 1141,  "end" : 1143 }, 
        {"sofa" : 1,  "begin" : 1144,  "end" : 1157 }, 
        {"sofa" : 1,  "begin" : 1158,  "end" : 1165 }, 
        {"sofa" : 1,  "begin" : 1165,  "end" : 1166 }, 
        {"sofa" : 1,  "begin" : 1167,  "end" : 1174 }, 
        {"sofa" : 1,  "begin" : 1175,  "end" : 1177 }, 
        {"sofa" : 1,  "begin" : 1178,  "end" : 1185 }, 
        {"sofa" : 1,  "begin" : 1185,  "end" : 1186 }, 
        {"sofa" : 1,  "begin" : 1186,  "end" : 1187 }, 
        {"sofa" : 1,  "begin" : 1187,  "end" : 1193 }, 
        {"sofa" : 1,  "begin" : 1193,  "end" : 1194 }, 
        {"sofa" : 1,  "begin" : 1195,  "end" : 1199 }, 
        {"sofa" : 1,  "begin" : 1199,  "end" : 1200 }, 
        {"sofa" : 1,  "begin" : 1201,  "end" : 1206 }, 
        {"sofa" : 1,  "begin" : 1206,  "end" : 1207 }, 
        {"sofa" : 1,  "begin" : 1207,  "end" : 1208 }, 
        {"sofa" : 1,  "begin" : 1209,  "end" : 1212 }, 
        {"sofa" : 1,  "begin" : 1212,  "end" : 1213 }, 
        {"sofa" : 1,  "begin" : 1214,  "end" : 1216 }, 
        {"sofa" : 1,  "begin" : 1216,  "end" : 1217 }, 
        {"sofa" : 1,  "begin" : 1218,  "end" : 1220 }, 
        {"sofa" : 1,  "begin" : 1220,  "end" : 1221 }, 
        {"sofa" : 1,  "begin" : 1221,  "end" : 1222 }, 
        {"sofa" : 1,  "begin" : 1222,  "end" : 1223 }, 
        {"sofa" : 1,  "begin" : 1225,  "end" : 1228 }, 
        {"sofa" : 1,  "begin" : 1229,  "end" : 1244 }, 
        {"sofa" : 1,  "begin" : 1245,  "end" : 1247 }, 
        {"sofa" : 1,  "begin" : 1248,  "end" : 1256 }, 
        {"sofa" : 1,  "begin" : 1257,  "end" : 1259 }, 
        {"sofa" : 1,  "begin" : 1260,  "end" : 1262 }, 
        {"sofa" : 1,  "begin" : 1263,  "end" : 1264 }, 
        {"sofa" : 1,  "begin" : 1265,  "end" : 1269 }, 
        {"sofa" : 1,  "begin" : 1270,  "end" : 1273 }, 
        {"sofa" : 1,  "begin" : 1274,  "end" : 1283 }, 
        {"sofa" : 1,  "begin" : 1283,  "end" : 1284 }, 
        {"sofa" : 1,  "begin" : 1285,  "end" : 1286 }, 
        {"sofa" : 1,  "begin" : 1287,  "end" : 1292 }, 
        {"sofa" : 1,  "begin" : 1293,  "end" : 1302 }, 
        {"sofa" : 1,  "begin" : 1303,  "end" : 1305 }, 
        {"sofa" : 1,  "begin" : 1306,  "end" : 1312 }, 
        {"sofa" : 1,  "begin" : 1313,  "end" : 1316 }, 
        {"sofa" : 1,  "begin" : 1317,  "end" : 1320 }, 
        {"sofa" : 1,  "begin" : 1321,  "end" : 1327 }, 
        {"sofa" : 1,  "begin" : 1328,  "end" : 1335 }, 
        {"sofa" : 1,  "begin" : 1336,  "end" : 1344 }, 
        {"sofa" : 1,  "begin" : 1344,  "end" : 1345 }, 
        {"sofa" : 1,  "begin" : 1346,  "end" : 1348 }, 
        {"sofa" : 1,  "begin" : 1349,  "end" : 1353 }, 
        {"sofa" : 1,  "begin" : 1354,  "end" : 1356 }, 
        {"sofa" : 1,  "begin" : 1357,  "end" : 1361 }, 
        {"sofa" : 1,  "begin" : 1362,  "end" : 1366 }, 
        {"sofa" : 1,  "begin" : 1367,  "end" : 1369 }, 
        {"sofa" : 1,  "begin" : 1370,  "end" : 1373 }, 
        {"sofa" : 1,  "begin" : 1374,  "end" : 1379 }, 
        {"sofa" : 1,  "begin" : 1380,  "end" : 1383 }, 
        {"sofa" : 1,  "begin" : 1384,  "end" : 1388 }, 
        {"sofa" : 1,  "begin" : 1388,  "end" : 1389 }, 
        {"sofa" : 1,  "begin" : 1390,  "end" : 1393 }, 
        {"sofa" : 1,  "begin" : 1394,  "end" : 1402 }, 
        {"sofa" : 1,  "begin" : 1403,  "end" : 1405 }, 
        {"sofa" : 1,  "begin" : 1406,  "end" : 1409 }, 
        {"sofa" : 1,  "begin" : 1410,  "end" : 1418 }, 
        {"sofa" : 1,  "begin" : 1419,  "end" : 1421 }, 
        {"sofa" : 1,  "begin" : 1422,  "end" : 1425 }, 
        {"sofa" : 1,  "begin" : 1426,  "end" : 1431 }, 
        {"sofa" : 1,  "begin" : 1432,  "end" : 1435 }, 
        {"sofa" : 1,  "begin" : 1436,  "end" : 1438 }, 
        {"sofa" : 1,  "begin" : 1439,  "end" : 1441 }, 
        {"sofa" : 1,  "begin" : 1442,  "end" : 1445 }, 
        {"sofa" : 1,  "begin" : 1446,  "end" : 1451 }, 
        {"sofa" : 1,  "begin" : 1451,  "end" : 1452 }, 
        {"sofa" : 1,  "begin" : 1453,  "end" : 1459 }, 
        {"sofa" : 1,  "begin" : 1460,  "end" : 1470 }, 
        {"sofa" : 1,  "begin" : 1471,  "end" : 1476 }, 
        {"sofa" : 1,  "begin" : 1477,  "end" : 1480 }, 
        {"sofa" : 1,  "begin" : 1481,  "end" : 1490 }, 
        {"sofa" : 1,  "begin" : 1491,  "end" : 1492 }, 
        {"sofa" : 1,  "begin" : 1493,  "end" : 1498 }, 
        {"sofa" : 1,  "begin" : 1499,  "end" : 1501 }, 
        {"sofa" : 1,  "begin" : 1502,  "end" : 1507 }, 
        {"sofa" : 1,  "begin" : 1508,  "end" : 1515 }, 
        {"sofa" : 1,  "begin" : 1515,  "end" : 1516 }, 
        {"sofa" : 1,  "begin" : 1517,  "end" : 1520 }, 
        {"sofa" : 1,  "begin" : 1521,  "end" : 1525 }, 
        {"sofa" : 1,  "begin" : 1526,  "end" : 1528 }, 
        {"sofa" : 1,  "begin" : 1529,  "end" : 1532 }, 
        {"sofa" : 1,  "begin" : 1533,  "end" : 1538 }, 
        {"sofa" : 1,  "begin" : 1539,  "end" : 1549 }, 
        {"sofa" : 1,  "begin" : 1550,  "end" : 1553 }, 
        {"sofa" : 1,  "begin" : 1554,  "end" : 1557 }, 
        {"sofa" : 1,  "begin" : 1558,  "end" : 1565 }, 
        {"sofa" : 1,  "begin" : 1566,  "end" : 1568 }, 
        {"sofa" : 1,  "begin" : 1569,  "end" : 1572 }, 
        {"sofa" : 1,  "begin" : 1573,  "end" : 1581 }, 
        {"sofa" : 1,  "begin" : 1582,  "end" : 1590 }, 
        {"sofa" : 1,  "begin" : 1591,  "end" : 1593 }, 
        {"sofa" : 1,  "begin" : 1594,  "end" : 1598 }, 
        {"sofa" : 1,  "begin" : 1599,  "end" : 1604 }, 
        {"sofa" : 1,  "begin" : 1605,  "end" : 1611 }, 
        {"sofa" : 1,  "begin" : 1612,  "end" : 1615 }, 
        {"sofa" : 1,  "begin" : 1616,  "end" : 1621 }, 
        {"sofa" : 1,  "begin" : 1622,  "end" : 1624 }, 
        {"sofa" : 1,  "begin" : 1625,  "end" : 1630 }, 
        {"sofa" : 1,  "begin" : 1631,  "end" : 1633 }, 
        {"sofa" : 1,  "begin" : 1634,  "end" : 1639 }, 
        {"sofa" : 1,  "begin" : 1640,  "end" : 1642 }, 
        {"sofa" : 1,  "begin" : 1643,  "end" : 1649 }, 
        {"sofa" : 1,  "begin" : 1649,  "end" : 1650 }, 
        {"sofa" : 1,  "begin" : 1653,  "end" : 1656 }, 
        {"sofa" : 1,  "begin" : 1657,  "end" : 1662 }, 
        {"sofa" : 1,  "begin" : 1663,  "end" : 1673 }, 
        {"sofa" : 1,  "begin" : 1674,  "end" : 1676 }, 
        {"sofa" : 1,  "begin" : 1677,  "end" : 1681 }, 
        {"sofa" : 1,  "begin" : 1682,  "end" : 1690 }, 
        {"sofa" : 1,  "begin" : 1690,  "end" : 1691 }, 
        {"sofa" : 1,  "begin" : 1692,  "end" : 1693 }, 
        {"sofa" : 1,  "begin" : 1694,  "end" : 1698 }, 
        {"sofa" : 1,  "begin" : 1699,  "end" : 1709 }, 
        {"sofa" : 1,  "begin" : 1710,  "end" : 1712 }, 
        {"sofa" : 1,  "begin" : 1713,  "end" : 1721 }, 
        {"sofa" : 1,  "begin" : 1722,  "end" : 1727 }, 
        {"sofa" : 1,  "begin" : 1727,  "end" : 1728 }, 
        {"sofa" : 1,  "begin" : 1729,  "end" : 1733 }, 
        {"sofa" : 1,  "begin" : 1734,  "end" : 1739 }, 
        {"sofa" : 1,  "begin" : 1740,  "end" : 1741 }, 
        {"sofa" : 1,  "begin" : 1742,  "end" : 1753 }, 
        {"sofa" : 1,  "begin" : 1754,  "end" : 1756 }, 
        {"sofa" : 1,  "begin" : 1757,  "end" : 1769 }, 
        {"sofa" : 1,  "begin" : 1769,  "end" : 1770 }, 
        {"sofa" : 1,  "begin" : 1771,  "end" : 1774 }, 
        {"sofa" : 1,  "begin" : 1775,  "end" : 1779 }, 
        {"sofa" : 1,  "begin" : 1780,  "end" : 1782 }, 
        {"sofa" : 1,  "begin" : 1783,  "end" : 1785 }, 
        {"sofa" : 1,  "begin" : 1786,  "end" : 1788 }, 
        {"sofa" : 1,  "begin" : 1789,  "end" : 1793 }, 
        {"sofa" : 1,  "begin" : 1793,  "end" : 1794 }, 
        {"sofa" : 1,  "begin" : 1795,  "end" : 1797 }, 
        {"sofa" : 1,  "begin" : 1798,  "end" : 1802 }, 
        {"sofa" : 1,  "begin" : 1802,  "end" : 1803 }, 
        {"sofa" : 1,  "begin" : 1804,  "end" : 1807 }, 
        {"sofa" : 1,  "begin" : 1808,  "end" : 1814 }, 
        {"sofa" : 1,  "begin" : 1815,  "end" : 1824 }, 
        {"sofa" : 1,  "begin" : 1824,  "end" : 1825 }, 
        {"sofa" : 1,  "begin" : 1826,  "end" : 1834 }, 
        {"sofa" : 1,  "begin" : 1835,  "end" : 1839 }, 
        {"sofa" : 1,  "begin" : 1840,  "end" : 1845 }, 
        {"sofa" : 1,  "begin" : 1846,  "end" : 1848 }, 
        {"sofa" : 1,  "begin" : 1849,  "end" : 1851 }, 
        {"sofa" : 1,  "begin" : 1852,  "end" : 1854 }, 
        {"sofa" : 1,  "begin" : 1855,  "end" : 1858 }, 
        {"sofa" : 1,  "begin" : 1859,  "end" : 1861 }, 
        {"sofa" : 1,  "begin" : 1862,  "end" : 1865 }, 
        {"sofa" : 1,  "begin" : 1866,  "end" : 1872 }, 
        {"sofa" : 1,  "begin" : 1873,  "end" : 1885 }, 
        {"sofa" : 1,  "begin" : 1885,  "end" : 1886 }, 
        {"sofa" : 1,  "begin" : 1887,  "end" : 1890 }, 
        {"sofa" : 1,  "begin" : 1891,  "end" : 1900 }, 
        {"sofa" : 1,  "begin" : 1901,  "end" : 1903 }, 
        {"sofa" : 1,  "begin" : 1904,  "end" : 1906 }, 
        {"sofa" : 1,  "begin" : 1907,  "end" : 1910 }, 
        {"sofa" : 1,  "begin" : 1911,  "end" : 1915 }, 
        {"sofa" : 1,  "begin" : 1916,  "end" : 1923 }, 
        {"sofa" : 1,  "begin" : 1923,  "end" : 1924 }, 
        {"sofa" : 1,  "begin" : 1925,  "end" : 1930 }, 
        {"sofa" : 1,  "begin" : 1931,  "end" : 1934 }, 
        {"sofa" : 1,  "begin" : 1935,  "end" : 1939 }, 
        {"sofa" : 1,  "begin" : 1940,  "end" : 1942 }, 
        {"sofa" : 1,  "begin" : 1943,  "end" : 1946 }, 
        {"sofa" : 1,  "begin" : 1947,  "end" : 1952 }, 
        {"sofa" : 1,  "begin" : 1952,  "end" : 1953 }, 
        {"sofa" : 1,  "begin" : 1954,  "end" : 1958 }, 
        {"sofa" : 1,  "begin" : 1959,  "end" : 1961 }, 
        {"sofa" : 1,  "begin" : 1962,  "end" : 1965 }, 
        {"sofa" : 1,  "begin" : 1966,  "end" : 1969 }, 
        {"sofa" : 1,  "begin" : 1970,  "end" : 1975 }, 
        {"sofa" : 1,  "begin" : 1976,  "end" : 1978 }, 
        {"sofa" : 1,  "begin" : 1979,  "end" : 1983 }, 
        {"sofa" : 1,  "begin" : 1984,  "end" : 1988 }, 
        {"sofa" : 1,  "begin" : 1989,  "end" : 1992 }, 
        {"sofa" : 1,  "begin" : 1993,  "end" : 1999 }, 
        {"sofa" : 1,  "begin" : 1999,  "end" : 2000 }, 
        {"sofa" : 1,  "begin" : 2001,  "end" : 2003 }, 
        {"sofa" : 1,  "begin" : 2004,  "end" : 2012 }, 
        {"sofa" : 1,  "begin" : 2013,  "end" : 2016 }, 
        {"sofa" : 1,  "begin" : 2017,  "end" : 2018 }, 
        {"sofa" : 1,  "begin" : 2019,  "end" : 2022 }, 
        {"sofa" : 1,  "begin" : 2023,  "end" : 2025 }, 
        {"sofa" : 1,  "begin" : 2026,  "end" : 2030 }, 
        {"sofa" : 1,  "begin" : 2031,  "end" : 2035 }, 
        {"sofa" : 1,  "begin" : 2036,  "end" : 2039 }, 
        {"sofa" : 1,  "begin" : 2040,  "end" : 2046 }, 
        {"sofa" : 1,  "begin" : 2047,  "end" : 2049 }, 
        {"sofa" : 1,  "begin" : 2050,  "end" : 2053 }, 
        {"sofa" : 1,  "begin" : 2054,  "end" : 2060 }, 
        {"sofa" : 1,  "begin" : 2061,  "end" : 2067 }, 
        {"sofa" : 1,  "begin" : 2068,  "end" : 2070 }, 
        {"sofa" : 1,  "begin" : 2071,  "end" : 2073 }, 
        {"sofa" : 1,  "begin" : 2074,  "end" : 2083 }, 
        {"sofa" : 1,  "begin" : 2083,  "end" : 2084 }, 
        {"sofa" : 1,  "begin" : 2085,  "end" : 2086 }, 
        {"sofa" : 1,  "begin" : 2087,  "end" : 2089 }, 
        {"sofa" : 1,  "begin" : 2090,  "end" : 2095 }, 
        {"sofa" : 1,  "begin" : 2095,  "end" : 2096 }, 
        {"sofa" : 1,  "begin" : 2097,  "end" : 2103 }, 
        {"sofa" : 1,  "begin" : 2104,  "end" : 2110 }, 
        {"sofa" : 1,  "begin" : 2111,  "end" : 2116 }, 
        {"sofa" : 1,  "begin" : 2117,  "end" : 2118 }, 
        {"sofa" : 1,  "begin" : 2119,  "end" : 2127 }, 
        {"sofa" : 1,  "begin" : 2127,  "end" : 2128 }, 
        {"sofa" : 1,  "begin" : 2129,  "end" : 2133 }, 
        {"sofa" : 1,  "begin" : 2134,  "end" : 2135 }, 
        {"sofa" : 1,  "begin" : 2136,  "end" : 2139 }, 
        {"sofa" : 1,  "begin" : 2140,  "end" : 2142 }, 
        {"sofa" : 1,  "begin" : 2143,  "end" : 2150 }, 
        {"sofa" : 1,  "begin" : 2151,  "end" : 2152 }, 
        {"sofa" : 1,  "begin" : 2153,  "end" : 2156 }, 
        {"sofa" : 1,  "begin" : 2157,  "end" : 2161 }, 
        {"sofa" : 1,  "begin" : 2162,  "end" : 2172 }, 
        {"sofa" : 1,  "begin" : 2173,  "end" : 2177 }, 
        {"sofa" : 1,  "begin" : 2178,  "end" : 2181 }, 
        {"sofa" : 1,  "begin" : 2182,  "end" : 2188 }, 
        {"sofa" : 1,  "begin" : 2188,  "end" : 2189 }, 
        {"sofa" : 1,  "begin" : 2190,  "end" : 2193 }, 
        {"sofa" : 1,  "begin" : 2194,  "end" : 2200 }, 
        {"sofa" : 1,  "begin" : 2201,  "end" : 2209 }, 
        {"sofa" : 1,  "begin" : 2210,  "end" : 2212 }, 
        {"sofa" : 1,  "begin" : 2213,  "end" : 2215 }, 
        {"sofa" : 1,  "begin" : 2216,  "end" : 2221 }, 
        {"sofa" : 1,  "begin" : 2222,  "end" : 2226 }, 
        {"sofa" : 1,  "begin" : 2227,  "end" : 2231 }, 
        {"sofa" : 1,  "begin" : 2232,  "end" : 2236 }, 
        {"sofa" : 1,  "begin" : 2237,  "end" : 2245 }, 
        {"sofa" : 1,  "begin" : 2246,  "end" : 2255 }, 
        {"sofa" : 1,  "begin" : 2255,  "end" : 2256 }, 
        {"sofa" : 1,  "begin" : 2258,  "end" : 2261 }, 
        {"sofa" : 1,  "begin" : 2262,  "end" : 2271 }, 
        {"sofa" : 1,  "begin" : 2271,  "end" : 2272 }, 
        {"sofa" : 1,  "begin" : 2273,  "end" : 2276 }, 
        {"sofa" : 1,  "begin" : 2277,  "end" : 2279 }, 
        {"sofa" : 1,  "begin" : 2280,  "end" : 2286 }, 
        {"sofa" : 1,  "begin" : 2287,  "end" : 2289 }, 
        {"sofa" : 1,  "begin" : 2290,  "end" : 2292 }, 
        {"sofa" : 1,  "begin" : 2293,  "end" : 2301 }, 
        {"sofa" : 1,  "begin" : 2302,  "end" : 2305 }, 
        {"sofa" : 1,  "begin" : 2306,  "end" : 2310 }, 
        {"sofa" : 1,  "begin" : 2311,  "end" : 2312 }, 
        {"sofa" : 1,  "begin" : 2313,  "end" : 2316 }, 
        {"sofa" : 1,  "begin" : 2317,  "end" : 2324 }, 
        {"sofa" : 1,  "begin" : 2325,  "end" : 2329 }, 
        {"sofa" : 1,  "begin" : 2330,  "end" : 2333 }, 
        {"sofa" : 1,  "begin" : 2334,  "end" : 2337 }, 
        {"sofa" : 1,  "begin" : 2338,  "end" : 2348 }, 
        {"sofa" : 1,  "begin" : 2349,  "end" : 2357 }, 
        {"sofa" : 1,  "begin" : 2357,  "end" : 2358 }, 
        {"sofa" : 1,  "begin" : 2359,  "end" : 2362 }, 
        {"sofa" : 1,  "begin" : 2363,  "end" : 2367 }, 
        {"sofa" : 1,  "begin" : 2368,  "end" : 2371 }, 
        {"sofa" : 1,  "begin" : 2372,  "end" : 2378 }, 
        {"sofa" : 1,  "begin" : 2379,  "end" : 2386 }, 
        {"sofa" : 1,  "begin" : 2387,  "end" : 2391 }, 
        {"sofa" : 1,  "begin" : 2392,  "end" : 2393 }, 
        {"sofa" : 1,  "begin" : 2394,  "end" : 2397 }, 
        {"sofa" : 1,  "begin" : 2398,  "end" : 2402 }, 
        {"sofa" : 1,  "begin" : 2403,  "end" : 2407 }, 
        {"sofa" : 1,  "begin" : 2408,  "end" : 2411 }, 
        {"sofa" : 1,  "begin" : 2412,  "end" : 2420 }, 
        {"sofa" : 1,  "begin" : 2421,  "end" : 2426 }, 
        {"sofa" : 1,  "begin" : 2426,  "end" : 2427 }, 
        {"sofa" : 1,  "begin" : 2428,  "end" : 2435 }, 
        {"sofa" : 1,  "begin" : 2436,  "end" : 2438 }, 
        {"sofa" : 1,  "begin" : 2439,  "end" : 2441 }, 
        {"sofa" : 1,  "begin" : 2442,  "end" : 2447 }, 
        {"sofa" : 1,  "begin" : 2448,  "end" : 2449 }, 
        {"sofa" : 1,  "begin" : 2450,  "end" : 2459 }, 
        {"sofa" : 1,  "begin" : 2460,  "end" : 2466 }, 
        {"sofa" : 1,  "begin" : 2467,  "end" : 2469 }, 
        {"sofa" : 1,  "begin" : 2470,  "end" : 2474 }, 
        {"sofa" : 1,  "begin" : 2475,  "end" : 2476 }, 
        {"sofa" : 1,  "begin" : 2477,  "end" : 2478 }, 
        {"sofa" : 1,  "begin" : 2479,  "end" : 2485 }, 
        {"sofa" : 1,  "begin" : 2486,  "end" : 2488 }, 
        {"sofa" : 1,  "begin" : 2489,  "end" : 2492 }, 
        {"sofa" : 1,  "begin" : 2493,  "end" : 2499 }, 
        {"sofa" : 1,  "begin" : 2500,  "end" : 2507 }, 
        {"sofa" : 1,  "begin" : 2507,  "end" : 2508 }, 
        {"sofa" : 1,  "begin" : 2509,  "end" : 2512 }, 
        {"sofa" : 1,  "begin" : 2513,  "end" : 2516 }, 
        {"sofa" : 1,  "begin" : 2517,  "end" : 2527 }, 
        {"sofa" : 1,  "begin" : 2528,  "end" : 2533 }, 
        {"sofa" : 1,  "begin" : 2534,  "end" : 2539 }, 
        {"sofa" : 1,  "begin" : 2539,  "end" : 2540 }, 
        {"sofa" : 1,  "begin" : 2541,  "end" : 2545 }, 
        {"sofa" : 1,  "begin" : 2546,  "end" : 2551 }, 
        {"sofa" : 1,  "begin" : 2552,  "end" : 2554 }, 
        {"sofa" : 1,  "begin" : 2555,  "end" : 2557 }, 
        {"sofa" : 1,  "begin" : 2558,  "end" : 2561 }, 
        {"sofa" : 1,  "begin" : 2562,  "end" : 2566 }, 
        {"sofa" : 1,  "begin" : 2567,  "end" : 2569 }, 
        {"sofa" : 1,  "begin" : 2570,  "end" : 2575 }, 
        {"sofa" : 1,  "begin" : 2576,  "end" : 2578 }, 
        {"sofa" : 1,  "begin" : 2579,  "end" : 2582 }, 
        {"sofa" : 1,  "begin" : 2583,  "end" : 2588 }, 
        {"sofa" : 1,  "begin" : 2589,  "end" : 2597 }, 
        {"sofa" : 1,  "begin" : 2598,  "end" : 2600 }, 
        {"sofa" : 1,  "begin" : 2601,  "end" : 2604 }, 
        {"sofa" : 1,  "begin" : 2604,  "end" : 2605 }, 
        {"sofa" : 1,  "begin" : 2606,  "end" : 2609 }, 
        {"sofa" : 1,  "begin" : 2610,  "end" : 2616 }, 
        {"sofa" : 1,  "begin" : 2617,  "end" : 2618 }, 
        {"sofa" : 1,  "begin" : 2619,  "end" : 2629 }, 
        {"sofa" : 1,  "begin" : 2630,  "end" : 2632 }, 
        {"sofa" : 1,  "begin" : 2633,  "end" : 2640 }, 
        {"sofa" : 1,  "begin" : 2641,  "end" : 2643 }, 
        {"sofa" : 1,  "begin" : 2644,  "end" : 2646 }, 
        {"sofa" : 1,  "begin" : 2647,  "end" : 2649 }, 
        {"sofa" : 1,  "begin" : 2650,  "end" : 2654 }, 
        {"sofa" : 1,  "begin" : 2654,  "end" : 2655 }, 
        {"sofa" : 1,  "begin" : 2659,  "end" : 2660 }, 
        {"sofa" : 1,  "begin" : 2660,  "end" : 2662 }, 
        {"sofa" : 1,  "begin" : 2663,  "end" : 2674 }, 
        {"sofa" : 1,  "begin" : 2674,  "end" : 2675 }, 
        {"sofa" : 1,  "begin" : 2675,  "end" : 2676 }, 
        {"sofa" : 1,  "begin" : 2677,  "end" : 2680 }, 
        {"sofa" : 1,  "begin" : 2681,  "end" : 2685 }, 
        {"sofa" : 1,  "begin" : 2686,  "end" : 2689 }, 
        {"sofa" : 1,  "begin" : 2690,  "end" : 2697 }, 
        {"sofa" : 1,  "begin" : 2698,  "end" : 2706 }, 
        {"sofa" : 1,  "begin" : 2706,  "end" : 2707 }, 
        {"sofa" : 1,  "begin" : 2708,  "end" : 2710 }, 
        {"sofa" : 1,  "begin" : 2711,  "end" : 2720 }, 
        {"sofa" : 1,  "begin" : 2721,  "end" : 2731 }, 
        {"sofa" : 1,  "begin" : 2732,  "end" : 2734 }, 
        {"sofa" : 1,  "begin" : 2735,  "end" : 2744 }, 
        {"sofa" : 1,  "begin" : 2744,  "end" : 2745 }, 
        {"sofa" : 1,  "begin" : 2746,  "end" : 2757 }, 
        {"sofa" : 1,  "begin" : 2757,  "end" : 2758 }, 
        {"sofa" : 1,  "begin" : 2759,  "end" : 2762 }, 
        {"sofa" : 1,  "begin" : 2763,  "end" : 2776 }, 
        {"sofa" : 1,  "begin" : 2776,  "end" : 2777 }, 
        {"sofa" : 1,  "begin" : 2778,  "end" : 2784 }, 
        {"sofa" : 1,  "begin" : 2785,  "end" : 2787 }, 
        {"sofa" : 1,  "begin" : 2788,  "end" : 2792 }, 
        {"sofa" : 1,  "begin" : 2792,  "end" : 2793 }, 
        {"sofa" : 1,  "begin" : 2794,  "end" : 2795 }, 
        {"sofa" : 1,  "begin" : 2795,  "end" : 2796 }, 
        {"sofa" : 1,  "begin" : 2797,  "end" : 2800 }, 
        {"sofa" : 1,  "begin" : 2802,  "end" : 2803 }, 
        {"sofa" : 1,  "begin" : 2804,  "end" : 2807 }, 
        {"sofa" : 1,  "begin" : 2808,  "end" : 2811 }, 
        {"sofa" : 1,  "begin" : 2812,  "end" : 2817 }, 
        {"sofa" : 1,  "begin" : 2818,  "end" : 2825 }, 
        {"sofa" : 1,  "begin" : 2826,  "end" : 2828 }, 
        {"sofa" : 1,  "begin" : 2829,  "end" : 2832 }, 
        {"sofa" : 1,  "begin" : 2833,  "end" : 2837 }, 
        {"sofa" : 1,  "begin" : 2838,  "end" : 2840 }, 
        {"sofa" : 1,  "begin" : 2841,  "end" : 2842 }, 
        {"sofa" : 1,  "begin" : 2843,  "end" : 2847 }, 
        {"sofa" : 1,  "begin" : 2848,  "end" : 2850 }, 
        {"sofa" : 1,  "begin" : 2851,  "end" : 2855 }, 
        {"sofa" : 1,  "begin" : 2856,  "end" : 2867 }, 
        {"sofa" : 1,  "begin" : 2868,  "end" : 2870 }, 
        {"sofa" : 1,  "begin" : 2871,  "end" : 2874 }, 
        {"sofa" : 1,  "begin" : 2875,  "end" : 2879 }, 
        {"sofa" : 1,  "begin" : 2880,  "end" : 2883 }, 
        {"sofa" : 1,  "begin" : 2884,  "end" : 2886 }, 
        {"sofa" : 1,  "begin" : 2887,  "end" : 2890 }, 
        {"sofa" : 1,  "begin" : 2891,  "end" : 2895 }, 
        {"sofa" : 1,  "begin" : 2895,  "end" : 2896 }, 
        {"sofa" : 1,  "begin" : 2897,  "end" : 2900 }, 
        {"sofa" : 1,  "begin" : 2901,  "end" : 2907 }, 
        {"sofa" : 1,  "begin" : 2908,  "end" : 2909 }, 
        {"sofa" : 1,  "begin" : 2910,  "end" : 2915 }, 
        {"sofa" : 1,  "begin" : 2916,  "end" : 2918 }, 
        {"sofa" : 1,  "begin" : 2919,  "end" : 2928 }, 
        {"sofa" : 1,  "begin" : 2928,  "end" : 2929 }, 
        {"sofa" : 1,  "begin" : 2930,  "end" : 2933 }, 
        {"sofa" : 1,  "begin" : 2934,  "end" : 2946 }, 
        {"sofa" : 1,  "begin" : 2947,  "end" : 2953 }, 
        {"sofa" : 1,  "begin" : 2954,  "end" : 2958 }, 
        {"sofa" : 1,  "begin" : 2959,  "end" : 2962 }, 
        {"sofa" : 1,  "begin" : 2963,  "end" : 2970 }, 
        {"sofa" : 1,  "begin" : 2971,  "end" : 2975 }, 
        {"sofa" : 1,  "begin" : 2976,  "end" : 2980 }, 
        {"sofa" : 1,  "begin" : 2981,  "end" : 2984 }, 
        {"sofa" : 1,  "begin" : 2985,  "end" : 2990 }, 
        {"sofa" : 1,  "begin" : 2991,  "end" : 2997 }, 
        {"sofa" : 1,  "begin" : 2998,  "end" : 3000 }, 
        {"sofa" : 1,  "begin" : 3001,  "end" : 3004 }, 
        {"sofa" : 1,  "begin" : 3005,  "end" : 3010 }, 
        {"sofa" : 1,  "begin" : 3010,  "end" : 3011 }, 
        {"sofa" : 1,  "begin" : 3012,  "end" : 3016 }, 
        {"sofa" : 1,  "begin" : 3017,  "end" : 3026 }, 
        {"sofa" : 1,  "begin" : 3027,  "end" : 3028 }, 
        {"sofa" : 1,  "begin" : 3028,  "end" : 3029 }, 
        {"sofa" : 1,  "begin" : 3030,  "end" : 3038 }, 
        {"sofa" : 1,  "begin" : 3039,  "end" : 3043 }, 
        {"sofa" : 1,  "begin" : 3044,  "end" : 3057 }, 
        {"sofa" : 1,  "begin" : 3058,  "end" : 3061 }, 
        {"sofa" : 1,  "begin" : 3062,  "end" : 3065 }, 
        {"sofa" : 1,  "begin" : 3066,  "end" : 3075 }, 
        {"sofa" : 1,  "begin" : 3076,  "end" : 3080 }, 
        {"sofa" : 1,  "begin" : 3081,  "end" : 3084 }, 
        {"sofa" : 1,  "begin" : 3085,  "end" : 3089 }, 
        {"sofa" : 1,  "begin" : 3090,  "end" : 3094 }, 
        {"sofa" : 1,  "begin" : 3095,  "end" : 3097 }, 
        {"sofa" : 1,  "begin" : 3098,  "end" : 3101 }, 
        {"sofa" : 1,  "begin" : 3102,  "end" : 3109 }, 
        {"sofa" : 1,  "begin" : 3110,  "end" : 3112 }, 
        {"sofa" : 1,  "begin" : 3113,  "end" : 3114 }, 
        {"sofa" : 1,  "begin" : 3114,  "end" : 3115 }, 
        {"sofa" : 1,  "begin" : 3115,  "end" : 3116 }, 
        {"sofa" : 1,  "begin" : 3117,  "end" : 3120 }, 
        {"sofa" : 1,  "begin" : 3121,  "end" : 3124 }, 
        {"sofa" : 1,  "begin" : 3125,  "end" : 3126 }, 
        {"sofa" : 1,  "begin" : 3127,  "end" : 3134 }, 
        {"sofa" : 1,  "begin" : 3135,  "end" : 3141 }, 
        {"sofa" : 1,  "begin" : 3141,  "end" : 3142 }, 
        {"sofa" : 1,  "begin" : 3143,  "end" : 3149 }, 
        {"sofa" : 1,  "begin" : 3149,  "end" : 3150 }, 
        {"sofa" : 1,  "begin" : 3151,  "end" : 3155 }, 
        {"sofa" : 1,  "begin" : 3156,  "end" : 3157 }, 
        {"sofa" : 1,  "begin" : 3158,  "end" : 3162 }, 
        {"sofa" : 1,  "begin" : 3162,  "end" : 3163 }, 
        {"sofa" : 1,  "begin" : 3164,  "end" : 3173 }, 
        {"sofa" : 1,  "begin" : 3174,  "end" : 3177 }, 
        {"sofa" : 1,  "begin" : 3178,  "end" : 3183 }, 
        {"sofa" : 1,  "begin" : 3184,  "end" : 3188 }, 
        {"sofa" : 1,  "begin" : 3189,  "end" : 3196 }, 
        {"sofa" : 1,  "begin" : 3197,  "end" : 3198 }, 
        {"sofa" : 1,  "begin" : 3198,  "end" : 3199 }, 
        {"sofa" : 1,  "begin" : 3199,  "end" : 3200 }, 
        {"sofa" : 1,  "begin" : 3201,  "end" : 3204 }, 
        {"sofa" : 1,  "begin" : 3205,  "end" : 3213 }, 
        {"sofa" : 1,  "begin" : 3214,  "end" : 3217 }, 
        {"sofa" : 1,  "begin" : 3218,  "end" : 3222 }, 
        {"sofa" : 1,  "begin" : 3223,  "end" : 3225 }, 
        {"sofa" : 1,  "begin" : 3226,  "end" : 3229 }, 
        {"sofa" : 1,  "begin" : 3230,  "end" : 3235 }, 
        {"sofa" : 1,  "begin" : 3236,  "end" : 3238 }, 
        {"sofa" : 1,  "begin" : 3239,  "end" : 3243 }, 
        {"sofa" : 1,  "begin" : 3244,  "end" : 3246 }, 
        {"sofa" : 1,  "begin" : 3247,  "end" : 3250 }, 
        {"sofa" : 1,  "begin" : 3251,  "end" : 3255 }, 
        {"sofa" : 1,  "begin" : 3256,  "end" : 3265 }, 
        {"sofa" : 1,  "begin" : 3266,  "end" : 3270 }, 
        {"sofa" : 1,  "begin" : 3270,  "end" : 3271 }, 
        {"sofa" : 1,  "begin" : 3272,  "end" : 3275 }, 
        {"sofa" : 1,  "begin" : 3276,  "end" : 3279 }, 
        {"sofa" : 1,  "begin" : 3280,  "end" : 3282 }, 
        {"sofa" : 1,  "begin" : 3283,  "end" : 3293 }, 
        {"sofa" : 1,  "begin" : 3294,  "end" : 3295 }, 
        {"sofa" : 1,  "begin" : 3296,  "end" : 3303 }, 
        {"sofa" : 1,  "begin" : 3304,  "end" : 3305 }, 
        {"sofa" : 1,  "begin" : 3306,  "end" : 3309 }, 
        {"sofa" : 1,  "begin" : 3310,  "end" : 3312 }, 
        {"sofa" : 1,  "begin" : 3313,  "end" : 3319 }, 
        {"sofa" : 1,  "begin" : 3320,  "end" : 3321 }, 
        {"sofa" : 1,  "begin" : 3322,  "end" : 3329 }, 
        {"sofa" : 1,  "begin" : 3330,  "end" : 3332 }, 
        {"sofa" : 1,  "begin" : 3333,  "end" : 3341 }, 
        {"sofa" : 1,  "begin" : 3342,  "end" : 3345 }, 
        {"sofa" : 1,  "begin" : 3346,  "end" : 3357 }, 
        {"sofa" : 1,  "begin" : 3357,  "end" : 3358 }, 
        {"sofa" : 1,  "begin" : 3359,  "end" : 3362 }, 
        {"sofa" : 1,  "begin" : 3363,  "end" : 3365 }, 
        {"sofa" : 1,  "begin" : 3366,  "end" : 3370 }, 
        {"sofa" : 1,  "begin" : 3370,  "end" : 3371 }, 
        {"sofa" : 1,  "begin" : 3372,  "end" : 3376 }, 
        {"sofa" : 1,  "begin" : 3376,  "end" : 3377 }, 
        {"sofa" : 1,  "begin" : 3378,  "end" : 3379 }, 
        {"sofa" : 1,  "begin" : 3379,  "end" : 3389 }, 
        {"sofa" : 1,  "begin" : 3390,  "end" : 3393 }, 
        {"sofa" : 1,  "begin" : 3394,  "end" : 3398 }, 
        {"sofa" : 1,  "begin" : 3399,  "end" : 3408 }, 
        {"sofa" : 1,  "begin" : 3408,  "end" : 3409 }, 
        {"sofa" : 1,  "begin" : 3409,  "end" : 3410 }, 
        {"sofa" : 1,  "begin" : 3411,  "end" : 3412 }, 
        {"sofa" : 1,  "begin" : 3413,  "end" : 3417 }, 
        {"sofa" : 1,  "begin" : 3418,  "end" : 3420 }, 
        {"sofa" : 1,  "begin" : 3421,  "end" : 3422 }, 
        {"sofa" : 1,  "begin" : 3423,  "end" : 3427 }, 
        {"sofa" : 1,  "begin" : 3428,  "end" : 3436 }, 
        {"sofa" : 1,  "begin" : 3437,  "end" : 3439 }, 
        {"sofa" : 1,  "begin" : 3440,  "end" : 3441 }, 
        {"sofa" : 1,  "begin" : 3442,  "end" : 3448 }, 
        {"sofa" : 1,  "begin" : 3449,  "end" : 3454 }, 
        {"sofa" : 1,  "begin" : 3454,  "end" : 3455 }, 
        {"sofa" : 1,  "begin" : 3456,  "end" : 3461 }, 
        {"sofa" : 1,  "begin" : 3462,  "end" : 3464 }, 
        {"sofa" : 1,  "begin" : 3465,  "end" : 3467 }, 
        {"sofa" : 1,  "begin" : 3468,  "end" : 3474 }, 
        {"sofa" : 1,  "begin" : 3475,  "end" : 3476 }, 
        {"sofa" : 1,  "begin" : 3477,  "end" : 3483 }, 
        {"sofa" : 1,  "begin" : 3483,  "end" : 3484 }, 
        {"sofa" : 1,  "begin" : 3485,  "end" : 3489 }, 
        {"sofa" : 1,  "begin" : 3489,  "end" : 3490 }, 
        {"sofa" : 1,  "begin" : 3491,  "end" : 3494 }, 
        {"sofa" : 1,  "begin" : 3494,  "end" : 3495 }, 
        {"sofa" : 1,  "begin" : 3496,  "end" : 3500 }, 
        {"sofa" : 1,  "begin" : 3501,  "end" : 3505 }, 
        {"sofa" : 1,  "begin" : 3506,  "end" : 3507 }, 
        {"sofa" : 1,  "begin" : 3507,  "end" : 3508 }, 
        {"sofa" : 1,  "begin" : 3508,  "end" : 3509 }, 
        {"sofa" : 1,  "begin" : 3510,  "end" : 3513 }, 
        {"sofa" : 1,  "begin" : 3514,  "end" : 3519 }, 
        {"sofa" : 1,  "begin" : 3520,  "end" : 3523 }, 
        {"sofa" : 1,  "begin" : 3524,  "end" : 3528 }, 
        {"sofa" : 1,  "begin" : 3529,  "end" : 3533 }, 
        {"sofa" : 1,  "begin" : 3534,  "end" : 3542 }, 
        {"sofa" : 1,  "begin" : 3543,  "end" : 3546 }, 
        {"sofa" : 1,  "begin" : 3547,  "end" : 3550 }, 
        {"sofa" : 1,  "begin" : 3551,  "end" : 3555 }, 
        {"sofa" : 1,  "begin" : 3556,  "end" : 3562 }, 
        {"sofa" : 1,  "begin" : 3563,  "end" : 3565 }, 
        {"sofa" : 1,  "begin" : 3566,  "end" : 3567 }, 
        {"sofa" : 1,  "begin" : 3568,  "end" : 3571 }, 
        {"sofa" : 1,  "begin" : 3572,  "end" : 3576 }, 
        {"sofa" : 1,  "begin" : 3577,  "end" : 3579 }, 
        {"sofa" : 1,  "begin" : 3580,  "end" : 3581 }, 
        {"sofa" : 1,  "begin" : 3582,  "end" : 3588 }, 
        {"sofa" : 1,  "begin" : 3588,  "end" : 3589 }, 
        {"sofa" : 1,  "begin" : 3589,  "end" : 3590 }, 
        {"sofa" : 1,  "begin" : 3591,  "end" : 3595 }, 
        {"sofa" : 1,  "begin" : 3596,  "end" : 3600 }, 
        {"sofa" : 1,  "begin" : 3601,  "end" : 3614 }, 
        {"sofa" : 1,  "begin" : 3614,  "end" : 3615 }, 
        {"sofa" : 1,  "begin" : 3616,  "end" : 3619 }, 
        {"sofa" : 1,  "begin" : 3620,  "end" : 3625 }, 
        {"sofa" : 1,  "begin" : 3626,  "end" : 3628 }, 
        {"sofa" : 1,  "begin" : 3629,  "end" : 3632 }, 
        {"sofa" : 1,  "begin" : 3633,  "end" : 3636 }, 
        {"sofa" : 1,  "begin" : 3637,  "end" : 3642 }, 
        {"sofa" : 1,  "begin" : 3643,  "end" : 3646 }, 
        {"sofa" : 1,  "begin" : 3647,  "end" : 3649 }, 
        {"sofa" : 1,  "begin" : 3650,  "end" : 3656 }, 
        {"sofa" : 1,  "begin" : 3656,  "end" : 3657 }, 
        {"sofa" : 1,  "begin" : 3658,  "end" : 3662 }, 
        {"sofa" : 1,  "begin" : 3663,  "end" : 3664 }, 
        {"sofa" : 1,  "begin" : 3665,  "end" : 3668 }, 
        {"sofa" : 1,  "begin" : 3669,  "end" : 3673 }, 
        {"sofa" : 1,  "begin" : 3674,  "end" : 3676 }, 
        {"sofa" : 1,  "begin" : 3677,  "end" : 3681 }, 
        {"sofa" : 1,  "begin" : 3682,  "end" : 3689 }, 
        {"sofa" : 1,  "begin" : 3689,  "end" : 3690 }, 
        {"sofa" : 1,  "begin" : 3691,  "end" : 3692 }, 
        {"sofa" : 1,  "begin" : 3693,  "end" : 3696 }, 
        {"sofa" : 1,  "begin" : 3697,  "end" : 3704 }, 
        {"sofa" : 1,  "begin" : 3705,  "end" : 3707 }, 
        {"sofa" : 1,  "begin" : 3708,  "end" : 3712 }, 
        {"sofa" : 1,  "begin" : 3713,  "end" : 3715 }, 
        {"sofa" : 1,  "begin" : 3716,  "end" : 3724 }, 
        {"sofa" : 1,  "begin" : 3725,  "end" : 3731 }, 
        {"sofa" : 1,  "begin" : 3732,  "end" : 3734 }, 
        {"sofa" : 1,  "begin" : 3735,  "end" : 3741 }, 
        {"sofa" : 1,  "begin" : 3742,  "end" : 3745 }, 
        {"sofa" : 1,  "begin" : 3746,  "end" : 3751 }, 
        {"sofa" : 1,  "begin" : 3752,  "end" : 3757 }, 
        {"sofa" : 1,  "begin" : 3757,  "end" : 3758 }, 
        {"sofa" : 1,  "begin" : 3759,  "end" : 3762 }, 
        {"sofa" : 1,  "begin" : 3763,  "end" : 3769 }, 
        {"sofa" : 1,  "begin" : 3770,  "end" : 3772 }, 
        {"sofa" : 1,  "begin" : 3773,  "end" : 3776 }, 
        {"sofa" : 1,  "begin" : 3777,  "end" : 3780 }, 
        {"sofa" : 1,  "begin" : 3781,  "end" : 3785 }, 
        {"sofa" : 1,  "begin" : 3786,  "end" : 3789 }, 
        {"sofa" : 1,  "begin" : 3790,  "end" : 3792 }, 
        {"sofa" : 1,  "begin" : 3793,  "end" : 3797 }, 
        {"sofa" : 1,  "begin" : 3798,  "end" : 3804 }, 
        {"sofa" : 1,  "begin" : 3805,  "end" : 3810 }, 
        {"sofa" : 1,  "begin" : 3810,  "end" : 3811 }, 
        {"sofa" : 1,  "begin" : 3812,  "end" : 3815 }, 
        {"sofa" : 1,  "begin" : 3815,  "end" : 3816 }, 
        {"sofa" : 1,  "begin" : 3817,  "end" : 3818 }, 
        {"sofa" : 1,  "begin" : 3818,  "end" : 3819 }, 
        {"sofa" : 1,  "begin" : 3820,  "end" : 3823 }, 
        {"sofa" : 1,  "begin" : 3824,  "end" : 3829 }, 
        {"sofa" : 1,  "begin" : 3830,  "end" : 3833 }, 
        {"sofa" : 1,  "begin" : 3834,  "end" : 3845 }, 
        {"sofa" : 1,  "begin" : 3845,  "end" : 3846 }, 
        {"sofa" : 1,  "begin" : 3847,  "end" : 3849 }, 
        {"sofa" : 1,  "begin" : 3850,  "end" : 3854 }, 
        {"sofa" : 1,  "begin" : 3855,  "end" : 3859 }, 
        {"sofa" : 1,  "begin" : 3859,  "end" : 3860 }, 
        {"sofa" : 1,  "begin" : 3861,  "end" : 3866 }, 
        {"sofa" : 1,  "begin" : 3867,  "end" : 3871 }, 
        {"sofa" : 1,  "begin" : 3872,  "end" : 3875 }, 
        {"sofa" : 1,  "begin" : 3875,  "end" : 3876 }, 
        {"sofa" : 1,  "begin" : 3877,  "end" : 3881 }, 
        {"sofa" : 1,  "begin" : 3882,  "end" : 3895 }, 
        {"sofa" : 1,  "begin" : 3896,  "end" : 3899 }, 
        {"sofa" : 1,  "begin" : 3900,  "end" : 3907 }, 
        {"sofa" : 1,  "begin" : 3908,  "end" : 3910 }, 
        {"sofa" : 1,  "begin" : 3911,  "end" : 3915 }, 
        {"sofa" : 1,  "begin" : 3916,  "end" : 3919 }, 
        {"sofa" : 1,  "begin" : 3920,  "end" : 3925 }, 
        {"sofa" : 1,  "begin" : 3926,  "end" : 3931 }, 
        {"sofa" : 1,  "begin" : 3932,  "end" : 3934 }, 
        {"sofa" : 1,  "begin" : 3935,  "end" : 3938 }, 
        {"sofa" : 1,  "begin" : 3939,  "end" : 3948 }, 
        {"sofa" : 1,  "begin" : 3949,  "end" : 3951 }, 
        {"sofa" : 1,  "begin" : 3952,  "end" : 3962 }, 
        {"sofa" : 1,  "begin" : 3962,  "end" : 3963 }, 
        {"sofa" : 1,  "begin" : 3964,  "end" : 3968 }, 
        {"sofa" : 1,  "begin" : 3969,  "end" : 3977 }, 
        {"sofa" : 1,  "begin" : 3978,  "end" : 3986 }, 
        {"sofa" : 1,  "begin" : 3987,  "end" : 3988 }, 
        {"sofa" : 1,  "begin" : 3988,  "end" : 3989 }, 
        {"sofa" : 1,  "begin" : 3990,  "end" : 3994 }, 
        {"sofa" : 1,  "begin" : 3995,  "end" : 3998 }, 
        {"sofa" : 1,  "begin" : 3999,  "end" : 4003 }, 
        {"sofa" : 1,  "begin" : 4004,  "end" : 4008 }, 
        {"sofa" : 1,  "begin" : 4008,  "end" : 4009 }, 
        {"sofa" : 1,  "begin" : 4010,  "end" : 4011 }, 
        {"sofa" : 1,  "begin" : 4012,  "end" : 4016 }, 
        {"sofa" : 1,  "begin" : 4017,  "end" : 4022 }, 
        {"sofa" : 1,  "begin" : 4023,  "end" : 4027 }, 
        {"sofa" : 1,  "begin" : 4028,  "end" : 4031 }, 
        {"sofa" : 1,  "begin" : 4032,  "end" : 4044 }, 
        {"sofa" : 1,  "begin" : 4045,  "end" : 4049 }, 
        {"sofa" : 1,  "begin" : 4050,  "end" : 4053 }, 
        {"sofa" : 1,  "begin" : 4054,  "end" : 4058 }, 
        {"sofa" : 1,  "begin" : 4058,  "end" : 4059 }, 
        {"sofa" : 1,  "begin" : 4060,  "end" : 4064 }, 
        {"sofa" : 1,  "begin" : 4065,  "end" : 4067 }, 
        {"sofa" : 1,  "begin" : 4068,  "end" : 4071 }, 
        {"sofa" : 1,  "begin" : 4072,  "end" : 4076 }, 
        {"sofa" : 1,  "begin" : 4077,  "end" : 4079 }, 
        {"sofa" : 1,  "begin" : 4080,  "end" : 4081 }, 
        {"sofa" : 1,  "begin" : 4082,  "end" : 4086 }, 
        {"sofa" : 1,  "begin" : 4087,  "end" : 4092 }, 
        {"sofa" : 1,  "begin" : 4092,  "end" : 4093 }, 
        {"sofa" : 1,  "begin" : 4094,  "end" : 4097 }, 
        {"sofa" : 1,  "begin" : 4098,  "end" : 4100 }, 
        {"sofa" : 1,  "begin" : 4101,  "end" : 4107 }, 
        {"sofa" : 1,  "begin" : 4108,  "end" : 4111 }, 
        {"sofa" : 1,  "begin" : 4112,  "end" : 4114 }, 
        {"sofa" : 1,  "begin" : 4115,  "end" : 4119 }, 
        {"sofa" : 1,  "begin" : 4120,  "end" : 4129 }, 
        {"sofa" : 1,  "begin" : 4130,  "end" : 4132 }, 
        {"sofa" : 1,  "begin" : 4133,  "end" : 4137 }, 
        {"sofa" : 1,  "begin" : 4138,  "end" : 4141 }, 
        {"sofa" : 1,  "begin" : 4142,  "end" : 4148 }, 
        {"sofa" : 1,  "begin" : 4148,  "end" : 4149 }, 
        {"sofa" : 1,  "begin" : 4150,  "end" : 4153 }, 
        {"sofa" : 1,  "begin" : 4154,  "end" : 4161 }, 
        {"sofa" : 1,  "begin" : 4162,  "end" : 4174 }, 
        {"sofa" : 1,  "begin" : 4175,  "end" : 4183 }, 
        {"sofa" : 1,  "begin" : 4184,  "end" : 4186 }, 
        {"sofa" : 1,  "begin" : 4186,  "end" : 4187 }, 
        {"sofa" : 1,  "begin" : 4188,  "end" : 4190 }, 
        {"sofa" : 1,  "begin" : 4191,  "end" : 4196 }, 
        {"sofa" : 1,  "begin" : 4197,  "end" : 4199 }, 
        {"sofa" : 1,  "begin" : 4200,  "end" : 4212 }, 
        {"sofa" : 1,  "begin" : 4213,  "end" : 4215 }, 
        {"sofa" : 1,  "begin" : 4216,  "end" : 4223 }, 
        {"sofa" : 1,  "begin" : 4224,  "end" : 4228 }, 
        {"sofa" : 1,  "begin" : 4229,  "end" : 4230 }, 
        {"sofa" : 1,  "begin" : 4231,  "end" : 4234 }, 
        {"sofa" : 1,  "begin" : 4235,  "end" : 4242 }, 
        {"sofa" : 1,  "begin" : 4243,  "end" : 4245 }, 
        {"sofa" : 1,  "begin" : 4246,  "end" : 4254 }, 
        {"sofa" : 1,  "begin" : 4255,  "end" : 4261 }, 
        {"sofa" : 1,  "begin" : 4262,  "end" : 4265 }, 
        {"sofa" : 1,  "begin" : 4266,  "end" : 4269 }, 
        {"sofa" : 1,  "begin" : 4270,  "end" : 4272 }, 
        {"sofa" : 1,  "begin" : 4273,  "end" : 4276 }, 
        {"sofa" : 1,  "begin" : 4277,  "end" : 4282 }, 
        {"sofa" : 1,  "begin" : 4283,  "end" : 4286 }, 
        {"sofa" : 1,  "begin" : 4286,  "end" : 4287 }, 
        {"sofa" : 1,  "begin" : 4288,  "end" : 4290 }, 
        {"sofa" : 1,  "begin" : 4291,  "end" : 4294 }, 
        {"sofa" : 1,  "begin" : 4295,  "end" : 4307 }, 
        {"sofa" : 1,  "begin" : 4308,  "end" : 4313 }, 
        {"sofa" : 1,  "begin" : 4314,  "end" : 4318 }, 
        {"sofa" : 1,  "begin" : 4319,  "end" : 4323 }, 
        {"sofa" : 1,  "begin" : 4324,  "end" : 4329 }, 
        {"sofa" : 1,  "begin" : 4330,  "end" : 4332 }, 
        {"sofa" : 1,  "begin" : 4333,  "end" : 4335 }, 
        {"sofa" : 1,  "begin" : 4335,  "end" : 4336 } ] } }, 
  "_referenced_fss" : {
    "1" : {"_type" : "Sofa",  "sofaNum" : 1,  "sofaID" : "_InitialView",  "mimeType" : "text",  "sofaString" : "Selection of passages from 18th century plays and discussions of theatre smells\r\n\r\nWilliam Burnaby, The ladies visiting-day. A comedy. As it was acted at the Theatre in Lincolns-Inn-Fields, (London: , 1701)\r\nYour ladyship may observe in this suddain change, how odious is an old fashion; we are ready to swoon, now when anybody comes Perfum’d among us; and it looks like a citizens dowdy daughter, roll’d up in sweets like a pastielle, and only Thames Street now smells of musk and civit.\r\n\r\nThe Tricks of the Town laid open: Or, a Companion for the country gentleman (London, 1746), pp. 10-11.\r\nThere you’ll find some clapping and stamping, others hissing and scoffing, and perhaps both without any reason. There you’ll see a cock horse on the seats, damning and confounding the play and players, they know not why or for what; others throwing about their wigs, and almost blinding you with the nauseous scents of their perfumes and pulvilios; others prating with orange wenches, or bantering with whores; and what’s more probable, the whores bantering of them.\r\n\r\nGeorge Anne, Bellamy, An apology for the life of George Anne Bellamy, late of Covent-Garden Theatre. Written by herself.(London, 1785, 5vols), III, pp. 85-6.\r\nAnd notwithstanding it happened to be a very wet afternoon, a great concourse of people for the second gallery attended. As soon as that part of the house was full, she disposed of the overflow in the boxes and up on the stage; wisely preferring their two shillings a piece to empty benches. The heat of the house occasioned the wet clothes of the dripping audience to send forth odours not quite so sweet as those of Arabia. \r\nNot being accustomed to such effluvia, I gave preference to lavender water, with which I impregnated my handkerchief, and held it to my face. Mr Ross, who played Alexander, happened that night to be in one of his active dispositions, and intending to do the part justice, which was full in his power, when he did not chuse to walk over the course, he enquired why I hid my face from him whilst he was paying homage to my queenship. I as usual, played satire which I answered, that I did it because I was just suffocated with the stench; the people smelling so of tripe that they were horrible offensive.\r\nThe gentleman, out of humour at my delicacy put what I had uttered into his own tramontane language, and told the lovely Roxanna that I had said that her audience stunk. Enraged at so great a indignity thrown on such a a number of her worthy friends, who had endangered their lives, from being we to the skin in order to pay their respects to her, she formed a resolution to mortify me in my turn.\r\n\r\n‘On Affectation’, The Town and Country Magazine, Or Universal Repository of Knowledge, Instruction, and Entertainment, Volume 10 1778, p. 197\r\nI was the other evening at the rout of a lady of some consequence at the west end of the town, and during a party of quadrille, the conversation turned upon the company that were the night before at the opera. Lady Annabella S- declared that notwistanding all the encomiums that had been paid on the duchess of D-, she was a perfect fright. Heaves! What a head! Tittering all night with Colonel S-, and laughing out loud in the midst of some of the most favourite airs, yet she is pronounced a prodigy – she is indeed a prodify of coquetry and affectation; for my part, Miss, (addressing her next neighbour), I make it a rule positive at a public place, never to go beyond a simple. Well, but, said lady R-, how would you have been motified had you been seated as I was next to a packer’s wife from Thames-Street? The odour of tar and pitch was so strong, that I had like to have fainted. I was obliged to keep my smelling bottle to mynose the whole night, and though it was the best eau de luce Warren sells, Mrs. L- was still far predominant. My dear lady, cried Miss V-n, your mortification was trivial to mine the other night in the front-box at Drury-lane. Down squatted alderman G- upon the same seat: I soon found from his conversation with his wife, that he had been at a city feast; but he needed not to have confirmed it with his tongue, his cloaths sufficiently revealed it; he smelt so insufferably of tobacco that I was obliged to withdraw before the end of the first act, or the consequences would have been fatal to me. \r\n" }, 
    "12131" : {"_type" : "Span",  "sofa" : 1,  "begin" : 73,  "end" : 79,  "label" : "Smell_Word" }, 
    "12136" : {"_type" : "Span",  "sofa" : 1,  "begin" : 65,  "end" : 72,  "label" : "Location" }, 
    "12085" : {"_type" : "Span",  "sofa" : 1,  "begin" : 334,  "end" : 342,  "label" : "Smell_Word" }, 
    "12148" : {"_type" : "Span",  "sofa" : 1,  "begin" : 320,  "end" : 327,  "label" : "Smell_Source" }, 
    "12660" : {"_type" : "Span",  "sofa" : 1,  "begin" : 311,  "end" : 314,  "label" : "Time" }, 
    "12677" : {"_type" : "Span",  "sofa" : 1,  "begin" : 154,  "end" : 188,  "label" : "Location" }, 
    "12689" : {"_type" : "Span",  "sofa" : 1,  "begin" : 191,  "end" : 197,  "label" : "Location" }, 
    "12701" : {"_type" : "Span",  "sofa" : 1,  "begin" : 201,  "end" : 205,  "label" : "Time" }, 
    "12090" : {"_type" : "Span",  "sofa" : 1,  "begin" : 463,  "end" : 469,  "label" : "Smell_Word" }, 
    "12095" : {"_type" : "Span",  "sofa" : 1,  "begin" : 470,  "end" : 477,  "label" : "Smell_Source" }, 
    "12100" : {"_type" : "Span",  "sofa" : 1,  "begin" : 482,  "end" : 487,  "label" : "Smell_Source" }, 
    "12547" : {"_type" : "Span",  "sofa" : 1,  "begin" : 445,  "end" : 458,  "label" : "Location" }, 
    "12559" : {"_type" : "Span",  "sofa" : 1,  "begin" : 459,  "end" : 462,  "label" : "Time" }, 
    "12165" : {"_type" : "Span",  "sofa" : 1,  "begin" : 905,  "end" : 911,  "label" : "Smell_Word" }, 
    "12170" : {"_type" : "Span",  "sofa" : 1,  "begin" : 896,  "end" : 904,  "label" : "Quality" }, 
    "12571" : {"_type" : "Span",  "sofa" : 1,  "begin" : 883,  "end" : 886,  "label" : "Perceiver" }, 
    "12605" : {"_type" : "Span",  "sofa" : 1,  "begin" : 921,  "end" : 929,  "label" : "Smell_Source" }, 
    "12593" : {"_type" : "Span",  "sofa" : 1,  "begin" : 934,  "end" : 943,  "label" : "Smell_Source" }, 
    "12713" : {"_type" : "Span",  "sofa" : 1,  "begin" : 851,  "end" : 861,  "label" : "Odour_Carrier" }, 
    "12218" : {"_type" : "Span",  "sofa" : 1,  "begin" : 1605,  "end" : 1611,  "label" : "Smell_Word" }, 
    "12235" : {"_type" : "Span",  "sofa" : 1,  "begin" : 1634,  "end" : 1649,  "label" : "Evoked_Odorant" }, 
    "12247" : {"_type" : "Span",  "sofa" : 1,  "begin" : 1517,  "end" : 1538,  "label" : "Circumstances" }, 
    "12636" : {"_type" : "Span",  "sofa" : 1,  "begin" : 1616,  "end" : 1630,  "label" : "Quality" }, 
    "12648" : {"_type" : "Span",  "sofa" : 1,  "begin" : 1550,  "end" : 1590,  "label" : "Odour_Carrier" }, 
    "12259" : {"_type" : "Span",  "sofa" : 1,  "begin" : 1682,  "end" : 1690,  "label" : "Smell_Word" }, 
    "12264" : {"_type" : "Span",  "sofa" : 1,  "begin" : 1713,  "end" : 1727,  "label" : "Smell_Source" }, 
    "12725" : {"_type" : "Span",  "sofa" : 1,  "begin" : 1677,  "end" : 1681,  "label" : "Quality" }, 
    "12737" : {"_type" : "Span",  "sofa" : 1,  "begin" : 1692,  "end" : 1693,  "label" : "Perceiver" }, 
    "12756" : {"_type" : "Span",  "sofa" : 1,  "begin" : 1754,  "end" : 1769,  "label" : "Odour_Carrier" }, 
    "12288" : {"_type" : "Span",  "sofa" : 1,  "begin" : 2182,  "end" : 2188,  "label" : "Smell_Word" }, 
    "12768" : {"_type" : "Span",  "sofa" : 1,  "begin" : 2151,  "end" : 2152,  "label" : "Perceiver" }, 
    "12293" : {"_type" : "Span",  "sofa" : 1,  "begin" : 2201,  "end" : 2209,  "label" : "Smell_Word" }, 
    "12298" : {"_type" : "Span",  "sofa" : 1,  "begin" : 2213,  "end" : 2221,  "label" : "Evoked_Odorant" }, 
    "12780" : {"_type" : "Span",  "sofa" : 1,  "begin" : 2227,  "end" : 2231,  "label" : "Odour_Carrier" }, 
    "12799" : {"_type" : "Span",  "sofa" : 1,  "begin" : 2190,  "end" : 2200,  "label" : "Smell_Source" }, 
    "12818" : {"_type" : "Span",  "sofa" : 1,  "begin" : 2237,  "end" : 2255,  "label" : "Quality" }, 
    "12334" : {"_type" : "Span",  "sofa" : 1,  "begin" : 2421,  "end" : 2426,  "label" : "Smell_Word" }, 
    "12339" : {"_type" : "Span",  "sofa" : 1,  "begin" : 2412,  "end" : 2420,  "label" : "Smell_Source" }, 
    "12830" : {"_type" : "Span",  "sofa" : 1,  "begin" : 2392,  "end" : 2393,  "label" : "Perceiver" }, 
    "12842" : {"_type" : "Span",  "sofa" : 1,  "begin" : 3620,  "end" : 3625,  "label" : "Smell_Word" }, 
    "12361" : {"_type" : "Span",  "sofa" : 1,  "begin" : 3626,  "end" : 3632,  "label" : "Smell_Source" }, 
    "12366" : {"_type" : "Span",  "sofa" : 1,  "begin" : 3637,  "end" : 3642,  "label" : "Smell_Source" }, 
    "12390" : {"_type" : "Span",  "sofa" : 1,  "begin" : 3647,  "end" : 3656,  "label" : "Quality" }, 
    "12868" : {"_type" : "Span",  "sofa" : 1,  "begin" : 3663,  "end" : 3664,  "label" : "Perceiver" }, 
    "12880" : {"_type" : "Span",  "sofa" : 1,  "begin" : 3665,  "end" : 3689,  "label" : "Effect" }, 
    "12439" : {"_type" : "Span",  "sofa" : 1,  "begin" : 3716,  "end" : 3724,  "label" : "Smell_Word" }, 
    "12444" : {"_type" : "Span",  "sofa" : 1,  "begin" : 3725,  "end" : 3731,  "label" : "Odour_Carrier" }, 
    "12417" : {"_type" : "Span",  "sofa" : 1,  "begin" : 3735,  "end" : 3741,  "label" : "Perceiver" }, 
    "12429" : {"_type" : "Span",  "sofa" : 1,  "begin" : 3786,  "end" : 3797,  "label" : "Smell_Source" }, 
    "12504" : {"_type" : "Span",  "sofa" : 1,  "begin" : 3978,  "end" : 3988,  "label" : "Odour_Carrier" }, 
    "12499" : {"_type" : "Span",  "sofa" : 1,  "begin" : 4188,  "end" : 4190,  "label" : "Odour_Carrier" }, 
    "12470" : {"_type" : "Span",  "sofa" : 1,  "begin" : 4191,  "end" : 4196,  "label" : "Smell_Word" }, 
    "12487" : {"_type" : "Span",  "sofa" : 1,  "begin" : 4213,  "end" : 4223,  "label" : "Smell_Source" }, 
    "12523" : {"_type" : "Span",  "sofa" : 1,  "begin" : 4197,  "end" : 4212,  "label" : "Quality" }, 
    "12535" : {"_type" : "Span",  "sofa" : 1,  "begin" : 4150,  "end" : 4161,  "label" : "Odour_Carrier" }, 
    "12909" : {"_type" : "Span",  "sofa" : 1,  "begin" : 4229,  "end" : 4230,  "label" : "Perceiver" }, 
    "12926" : {"_type" : "Span",  "sofa" : 1,  "begin" : 4231,  "end" : 4335,  "label" : "Effect" } } }