#FORMAT=WebAnno TSV 3.3


#Text=10 Sed et servi Hiram cum servis Salomonis attulerunt aurum de Ophir, et ligna thyina, et gemmas pretiosissimas : 11 de quibus fecit rex, de lignis scilicet thyinis, gradus in domo Domini, et in domo regia, citharas quoque, et psalteria cantoribus : numquam visa sunt in terra Juda ligna talia.
#Text=12 Rex autem Salomon dedit reginæ Saba cuncta quæ voluit, et quæ postulavit, et multo plura quam attulerat ad eum : quæ reversa abiit in terram suam cum servis suis.
#Text=13 Erat autem pondus auri quod afferebatur Salomoni per singulos annos, sexcenta sexaginta sex talenta auri, 14 excepta ea summa quam legati diversarum gentium et negotiatores afferre consueverant, omnesque reges Arabiæ, et satrapæ terrarum, qui comportabant aurum et argentum Salomoni.
#Text=15 Fecit igitur rex Salomon ducentas hastas aureas de summa sexcentorum aureorum, qui in singulis hastis expendebantur : 16 trecenta quoque scuta aurea trecentorum aureorum, quibus tegebantur singula scuta : posuitque ea rex in armamentario, quod erat consitum nemore.
#Text=17 Fecit quoque rex solium eburneum grande, et vestivit illud auro mundissimo.
#Text=18 Sex quoque gradus, quibus ascendebatur ad solium, et scabellum aureum, et brachiola duo altrinsecus, et duos leones stantes juxta brachiola, 19 sed et alios duodecim leunculos stantes super sex gradus ex utraque parte : non fuit tale solium in universis regnis.
#Text=20 Omnia quoque vasa convivii regis erant aurea, et vasa domus saltus Libani ex auro purissimo.
1-1	2-4	10	
1-2	5-8	Sed	
1-3	9-11	et	
1-4	12-17	servi	
1-5	18-23	Hiram	
1-6	24-27	cum	
1-7	28-34	servis	
1-8	35-44	Salomonis	
1-9	45-55	attulerunt	
1-10	56-61	aurum	
1-11	62-64	de	
1-12	65-70	Ophir	
1-13	70-71	,	
1-14	72-74	et	
1-15	75-80	ligna	
1-16	81-87	thyina	
1-17	87-88	,	
1-18	89-91	et	
1-19	92-98	gemmas	
1-20	99-113	pretiosissimas	
1-21	114-115	:	
1-22	116-118	11	
1-23	119-121	de	
1-24	122-128	quibus	
1-25	129-134	fecit	
1-26	135-138	rex	
1-27	138-139	,	
1-28	140-142	de	
1-29	143-149	lignis	
1-30	150-158	scilicet	
1-31	159-166	thyinis	
1-32	166-167	,	
1-33	168-174	gradus	
1-34	175-177	in	
1-35	178-182	domo	
1-36	183-189	Domini	
1-37	189-190	,	
1-38	191-193	et	
1-39	194-196	in	
1-40	197-201	domo	
1-41	202-207	regia	
1-42	207-208	,	
1-43	209-217	citharas	
1-44	218-224	quoque	
1-45	224-225	,	
1-46	226-228	et	
1-47	229-238	psalteria	
1-48	239-249	cantoribus	
1-49	250-251	:	
1-50	252-259	numquam	
1-51	260-264	visa	
1-52	265-269	sunt	
1-53	270-272	in	
1-54	273-278	terra	
1-55	279-283	Juda	
1-56	284-289	ligna	
1-57	290-295	talia	
1-58	295-296	.	
1-59	297-299	12	
1-60	300-303	Rex	
1-61	304-309	autem	
1-62	310-317	Salomon	
1-63	318-323	dedit	
1-64	324-330	reginæ	
1-65	331-335	Saba	
1-66	336-342	cuncta	
1-67	343-346	quæ	
1-68	347-353	voluit	
1-69	353-354	,	
1-70	355-357	et	
1-71	358-361	quæ	
1-72	362-372	postulavit	
1-73	372-373	,	
1-74	374-376	et	
1-75	377-382	multo	
1-76	383-388	plura	
1-77	389-393	quam	
1-78	394-403	attulerat	
1-79	404-406	ad	
1-80	407-410	eum	
1-81	411-412	:	
1-82	413-416	quæ	
1-83	417-424	reversa	
1-84	425-430	abiit	
1-85	431-433	in	
1-86	434-440	terram	
1-87	441-445	suam	
1-88	446-449	cum	
1-89	450-456	servis	
1-90	457-461	suis	
1-91	461-462	.	
1-92	463-465	13	
1-93	466-470	Erat	
1-94	471-476	autem	
1-95	477-483	pondus	
1-96	484-488	auri	
1-97	489-493	quod	
1-98	494-505	afferebatur	
1-99	506-514	Salomoni	
1-100	515-518	per	
1-101	519-527	singulos	
1-102	528-533	annos	
1-103	533-534	,	
1-104	535-543	sexcenta	
1-105	544-553	sexaginta	
1-106	554-557	sex	
1-107	558-565	talenta	
1-108	566-570	auri	
1-109	570-571	,	
1-110	572-574	14	
1-111	575-582	excepta	
1-112	583-585	ea	
1-113	586-591	summa	
1-114	592-596	quam	
1-115	597-603	legati	
1-116	604-614	diversarum	
1-117	615-622	gentium	
1-118	623-625	et	
1-119	626-638	negotiatores	
1-120	639-646	afferre	
1-121	647-659	consueverant	
1-122	659-660	,	
1-123	661-669	omnesque	
1-124	670-675	reges	
1-125	676-682	Arabiæ	
1-126	682-683	,	
1-127	684-686	et	
1-128	687-694	satrapæ	
1-129	695-703	terrarum	
1-130	703-704	,	
1-131	705-708	qui	
1-132	709-721	comportabant	
1-133	722-727	aurum	
1-134	728-730	et	
1-135	731-739	argentum	
1-136	740-748	Salomoni	
1-137	748-749	.	
1-138	750-752	15	
1-139	753-758	Fecit	
1-140	759-765	igitur	
1-141	766-769	rex	
1-142	770-777	Salomon	
1-143	778-786	ducentas	
1-144	787-793	hastas	
1-145	794-800	aureas	
1-146	801-803	de	
1-147	804-809	summa	
1-148	810-821	sexcentorum	
1-149	822-830	aureorum	
1-150	830-831	,	
1-151	832-835	qui	
1-152	836-838	in	
1-153	839-847	singulis	
1-154	848-854	hastis	
1-155	855-868	expendebantur	
1-156	869-870	:	
1-157	871-873	16	
1-158	874-882	trecenta	
1-159	883-889	quoque	
1-160	890-895	scuta	
1-161	896-901	aurea	
1-162	902-913	trecentorum	
1-163	914-922	aureorum	
1-164	922-923	,	
1-165	924-930	quibus	
1-166	931-941	tegebantur	
1-167	942-949	singula	
1-168	950-955	scuta	
1-169	956-957	:	
1-170	958-967	posuitque	
1-171	968-970	ea	
1-172	971-974	rex	
1-173	975-977	in	
1-174	978-990	armamentario	
1-175	990-991	,	
1-176	992-996	quod	
1-177	997-1001	erat	
1-178	1002-1010	consitum	
1-179	1011-1017	nemore	
1-180	1017-1018	.	
1-181	1019-1021	17	
1-182	1022-1027	Fecit	
1-183	1028-1034	quoque	
1-184	1035-1038	rex	
1-185	1039-1045	solium	
1-186	1046-1054	eburneum	
1-187	1055-1061	grande	
1-188	1061-1062	,	
1-189	1063-1065	et	
1-190	1066-1074	vestivit	
1-191	1075-1080	illud	
1-192	1081-1085	auro	
1-193	1086-1096	mundissimo	
1-194	1096-1097	.	
1-195	1098-1100	18	
1-196	1101-1104	Sex	
1-197	1105-1111	quoque	
1-198	1112-1118	gradus	
1-199	1118-1119	,	
1-200	1120-1126	quibus	
1-201	1127-1139	ascendebatur	
1-202	1140-1142	ad	
1-203	1143-1149	solium	
1-204	1149-1150	,	
1-205	1151-1153	et	
1-206	1154-1163	scabellum	
1-207	1164-1170	aureum	
1-208	1170-1171	,	
1-209	1172-1174	et	
1-210	1175-1184	brachiola	
1-211	1185-1188	duo	
1-212	1189-1200	altrinsecus	
1-213	1200-1201	,	
1-214	1202-1204	et	
1-215	1205-1209	duos	
1-216	1210-1216	leones	
1-217	1217-1224	stantes	
1-218	1225-1230	juxta	
1-219	1231-1240	brachiola	
1-220	1240-1241	,	
1-221	1242-1244	19	
1-222	1245-1248	sed	
1-223	1249-1251	et	
1-224	1252-1257	alios	
1-225	1258-1266	duodecim	
1-226	1267-1276	leunculos	
1-227	1277-1284	stantes	
1-228	1285-1290	super	
1-229	1291-1294	sex	
1-230	1295-1301	gradus	
1-231	1302-1304	ex	
1-232	1305-1312	utraque	
1-233	1313-1318	parte	
1-234	1319-1320	:	
1-235	1321-1324	non	
1-236	1325-1329	fuit	
1-237	1330-1334	tale	
1-238	1335-1341	solium	
1-239	1342-1344	in	
1-240	1345-1354	universis	
1-241	1355-1361	regnis	
1-242	1361-1362	.	
1-243	1363-1365	20	
1-244	1366-1371	Omnia	
1-245	1372-1378	quoque	
1-246	1379-1383	vasa	
1-247	1384-1392	convivii	
1-248	1393-1398	regis	
1-249	1399-1404	erant	
1-250	1405-1410	aurea	
1-251	1410-1411	,	
1-252	1412-1414	et	
1-253	1415-1419	vasa	
1-254	1420-1425	domus	
1-255	1426-1432	saltus	
1-256	1433-1439	Libani	
1-257	1440-1442	ex	
1-258	1443-1447	auro	
1-259	1448-1457	purissimo	
1-260	1457-1458	.	

#Text=Argentum enim in diebus illis pro nihilo reputabatur.
#Text=21 Siquidem naves regis ibant in Tharsis cum servis Hiram, semel in annis tribus : et deferebant inde aurum, et argentum, et ebur, et simias, et pavos.
#Text=22 Magnificatus est igitur Salomon super omnes reges terræ præ divitiis et gloria.
#Text=23 Omnesque reges terrarum desiderabant videre faciem Salomonis, ut audirent sapientiam quam dederat Deus in corde ejus : 24 et deferebant ei munera, vasa argentea et aurea, et vestes, et arma, et aromata, equos, et mulos, per singulos annos.
#Text=25 Habuit quoque Salomon quadraginta millia equorum in stabulis, et curruum equitumque duodecim millia : constituitque eos in urbibus quadrigarum, et ubi erat rex in Jerusalem.
#Text=26 Exercuit etiam potestatem super cunctos reges a flumine Euphrate usque ad terram Philisthinorum, et usque ad terminos Ægypti.
#Text=27 Tantamque copiam præbuit argenti in Jerusalem quasi lapidum : et cedrorum tantam multitudinem velut sycomororum quæ gignuntur in campestribus.
#Text=28 Adducebantur autem ei equi de Ægypto, cunctisque regionibus.
#Text=29 Reliqua autem operum Salomonis priorum et novissimorum scripta sunt in verbis Nathan prophetæ, et in libris Ahiæ Silonitis, in visione quoque Addo videntis contra Jeroboam filium Nabat.
#Text=30 Regnavit autem Salomon in Jerusalem super omnem Israël quadraginta annis.
#Text=31 Dormivitque cum patribus suis, et sepelierunt eum in civitate David : regnavitque Roboam filius ejus pro eo.
2-1	1459-1467	Argentum	
2-2	1468-1472	enim	
2-3	1473-1475	in	
2-4	1476-1482	diebus	
2-5	1483-1488	illis	
2-6	1489-1492	pro	
2-7	1493-1499	nihilo	
2-8	1500-1511	reputabatur	
2-9	1511-1512	.	
2-10	1513-1515	21	
2-11	1516-1524	Siquidem	
2-12	1525-1530	naves	
2-13	1531-1536	regis	
2-14	1537-1542	ibant	
2-15	1543-1545	in	
2-16	1546-1553	Tharsis	
2-17	1554-1557	cum	
2-18	1558-1564	servis	
2-19	1565-1570	Hiram	
2-20	1570-1571	,	
2-21	1572-1577	semel	
2-22	1578-1580	in	
2-23	1581-1586	annis	
2-24	1587-1593	tribus	
2-25	1594-1595	:	
2-26	1596-1598	et	
2-27	1599-1609	deferebant	
2-28	1610-1614	inde	
2-29	1615-1620	aurum	
2-30	1620-1621	,	
2-31	1622-1624	et	
2-32	1625-1633	argentum	
2-33	1633-1634	,	
2-34	1635-1637	et	
2-35	1638-1642	ebur	
2-36	1642-1643	,	
2-37	1644-1646	et	
2-38	1647-1653	simias	
2-39	1653-1654	,	
2-40	1655-1657	et	
2-41	1658-1663	pavos	
2-42	1663-1664	.	
2-43	1665-1667	22	
2-44	1668-1680	Magnificatus	
2-45	1681-1684	est	
2-46	1685-1691	igitur	
2-47	1692-1699	Salomon	
2-48	1700-1705	super	
2-49	1706-1711	omnes	
2-50	1712-1717	reges	
2-51	1718-1723	terræ	
2-52	1724-1727	præ	
2-53	1728-1736	divitiis	
2-54	1737-1739	et	
2-55	1740-1746	gloria	
2-56	1746-1747	.	
2-57	1748-1750	23	
2-58	1751-1759	Omnesque	
2-59	1760-1765	reges	
2-60	1766-1774	terrarum	
2-61	1775-1787	desiderabant	
2-62	1788-1794	videre	
2-63	1795-1801	faciem	
2-64	1802-1811	Salomonis	
2-65	1811-1812	,	
2-66	1813-1815	ut	
2-67	1816-1824	audirent	
2-68	1825-1835	sapientiam	
2-69	1836-1840	quam	
2-70	1841-1848	dederat	
2-71	1849-1853	Deus	
2-72	1854-1856	in	
2-73	1857-1862	corde	
2-74	1863-1867	ejus	
2-75	1868-1869	:	
2-76	1870-1872	24	
2-77	1873-1875	et	
2-78	1876-1886	deferebant	
2-79	1887-1889	ei	
2-80	1890-1896	munera	
2-81	1896-1897	,	
2-82	1898-1902	vasa	
2-83	1903-1911	argentea	
2-84	1912-1914	et	
2-85	1915-1920	aurea	
2-86	1920-1921	,	
2-87	1922-1924	et	
2-88	1925-1931	vestes	
2-89	1931-1932	,	
2-90	1933-1935	et	
2-91	1936-1940	arma	
2-92	1940-1941	,	
2-93	1942-1944	et	
2-94	1945-1952	aromata	
2-95	1952-1953	,	
2-96	1954-1959	equos	
2-97	1959-1960	,	
2-98	1961-1963	et	
2-99	1964-1969	mulos	
2-100	1969-1970	,	
2-101	1971-1974	per	
2-102	1975-1983	singulos	
2-103	1984-1989	annos	
2-104	1989-1990	.	
2-105	1991-1993	25	
2-106	1994-2000	Habuit	
2-107	2001-2007	quoque	
2-108	2008-2015	Salomon	
2-109	2016-2027	quadraginta	
2-110	2028-2034	millia	
2-111	2035-2042	equorum	
2-112	2043-2045	in	
2-113	2046-2054	stabulis	
2-114	2054-2055	,	
2-115	2056-2058	et	
2-116	2059-2066	curruum	
2-117	2067-2077	equitumque	
2-118	2078-2086	duodecim	
2-119	2087-2093	millia	
2-120	2094-2095	:	
2-121	2096-2109	constituitque	
2-122	2110-2113	eos	
2-123	2114-2116	in	
2-124	2117-2124	urbibus	
2-125	2125-2136	quadrigarum	
2-126	2136-2137	,	
2-127	2138-2140	et	
2-128	2141-2144	ubi	
2-129	2145-2149	erat	
2-130	2150-2153	rex	
2-131	2154-2156	in	
2-132	2157-2166	Jerusalem	
2-133	2166-2167	.	
2-134	2168-2170	26	
2-135	2171-2179	Exercuit	
2-136	2180-2185	etiam	
2-137	2186-2196	potestatem	
2-138	2197-2202	super	
2-139	2203-2210	cunctos	
2-140	2211-2216	reges	
2-141	2217-2218	a	
2-142	2219-2226	flumine	
2-143	2227-2235	Euphrate	
2-144	2236-2241	usque	
2-145	2242-2244	ad	
2-146	2245-2251	terram	
2-147	2252-2266	Philisthinorum	
2-148	2266-2267	,	
2-149	2268-2270	et	
2-150	2271-2276	usque	
2-151	2277-2279	ad	
2-152	2280-2288	terminos	
2-153	2289-2295	Ægypti	
2-154	2295-2296	.	
2-155	2297-2299	27	
2-156	2300-2309	Tantamque	
2-157	2310-2316	copiam	
2-158	2317-2324	præbuit	
2-159	2325-2332	argenti	
2-160	2333-2335	in	
2-161	2336-2345	Jerusalem	
2-162	2346-2351	quasi	
2-163	2352-2359	lapidum	
2-164	2360-2361	:	
2-165	2362-2364	et	
2-166	2365-2373	cedrorum	
2-167	2374-2380	tantam	
2-168	2381-2393	multitudinem	
2-169	2394-2399	velut	
2-170	2400-2411	sycomororum	
2-171	2412-2415	quæ	
2-172	2416-2425	gignuntur	
2-173	2426-2428	in	
2-174	2429-2441	campestribus	
2-175	2441-2442	.	
2-176	2443-2445	28	
2-177	2446-2458	Adducebantur	
2-178	2459-2464	autem	
2-179	2465-2467	ei	
2-180	2468-2472	equi	
2-181	2473-2475	de	
2-182	2476-2482	Ægypto	
2-183	2482-2483	,	
2-184	2484-2494	cunctisque	
2-185	2495-2505	regionibus	
2-186	2505-2506	.	
2-187	2507-2509	29	
2-188	2510-2517	Reliqua	
2-189	2518-2523	autem	
2-190	2524-2530	operum	
2-191	2531-2540	Salomonis	
2-192	2541-2548	priorum	
2-193	2549-2551	et	
2-194	2552-2564	novissimorum	
2-195	2565-2572	scripta	
2-196	2573-2577	sunt	
2-197	2578-2580	in	
2-198	2581-2587	verbis	
2-199	2588-2594	Nathan	
2-200	2595-2603	prophetæ	
2-201	2603-2604	,	
2-202	2605-2607	et	
2-203	2608-2610	in	
2-204	2611-2617	libris	
2-205	2618-2622	Ahiæ	
2-206	2623-2632	Silonitis	
2-207	2632-2633	,	
2-208	2634-2636	in	
2-209	2637-2644	visione	
2-210	2645-2651	quoque	
2-211	2652-2656	Addo	
2-212	2657-2665	videntis	
2-213	2666-2672	contra	
2-214	2673-2681	Jeroboam	
2-215	2682-2688	filium	
2-216	2689-2694	Nabat	
2-217	2694-2695	.	
2-218	2696-2698	30	
2-219	2699-2707	Regnavit	
2-220	2708-2713	autem	
2-221	2714-2721	Salomon	
2-222	2722-2724	in	
2-223	2725-2734	Jerusalem	
2-224	2735-2740	super	
2-225	2741-2746	omnem	
2-226	2747-2753	Israël	
2-227	2754-2765	quadraginta	
2-228	2766-2771	annis	
2-229	2771-2772	.	
2-230	2773-2775	31	
2-231	2776-2787	Dormivitque	
2-232	2788-2791	cum	
2-233	2792-2800	patribus	
2-234	2801-2805	suis	
2-235	2805-2806	,	
2-236	2807-2809	et	
2-237	2810-2821	sepelierunt	
2-238	2822-2825	eum	
2-239	2826-2828	in	
2-240	2829-2837	civitate	
2-241	2838-2843	David	
2-242	2844-2845	:	
2-243	2846-2857	regnavitque	
2-244	2858-2864	Roboam	
2-245	2865-2871	filius	
2-246	2872-2876	ejus	
2-247	2877-2880	pro	
2-248	2881-2883	eo	
2-249	2883-2884	.	

#Text=Caput 10
#Text=
#Text=
#Text=1 Profectus est autem Roboam in Sichem : illuc enim cunctus Israël convenerat ut constituerent eum regem.
#Text=2 Quod cum audisset Jeroboam filius Nabat, qui erat in Ægypto (fugerat quippe illuc ante Salomonem), statim reversus est.
3-1	2885-2890	Caput	
3-2	2891-2893	10	
3-3	2896-2897	1	
3-4	2898-2907	Profectus	
3-5	2908-2911	est	
3-6	2912-2917	autem	
3-7	2918-2924	Roboam	
3-8	2925-2927	in	
3-9	2928-2934	Sichem	
3-10	2935-2936	:	
3-11	2937-2942	illuc	
3-12	2943-2947	enim	
3-13	2948-2955	cunctus	
3-14	2956-2962	Israël	
3-15	2963-2973	convenerat	
3-16	2974-2976	ut	
3-17	2977-2990	constituerent	
3-18	2991-2994	eum	
3-19	2995-3000	regem	
3-20	3000-3001	.	
3-21	3002-3003	2	
3-22	3004-3008	Quod	
3-23	3009-3012	cum	
3-24	3013-3021	audisset	
3-25	3022-3030	Jeroboam	
3-26	3031-3037	filius	
3-27	3038-3043	Nabat	
3-28	3043-3044	,	
3-29	3045-3048	qui	
3-30	3049-3053	erat	
3-31	3054-3056	in	
3-32	3057-3063	Ægypto	
3-33	3064-3065	(	
3-34	3065-3072	fugerat	
3-35	3073-3079	quippe	
3-36	3080-3085	illuc	
3-37	3086-3090	ante	
3-38	3091-3100	Salomonem	
3-39	3100-3101	)	
3-40	3101-3102	,	
3-41	3103-3109	statim	
3-42	3110-3118	reversus	
3-43	3119-3122	est	
3-44	3122-3123	.	
