#FORMAT=WebAnno TSV 3.3


#Text=Verbaazend
#Text=hof van d'Opperheer,
#Text=Gij, hoogste hemel, zing zijn eer:
#Text=
#Text=Gij, wateren, die uit de lucht
#Text=Uw drupplen stort op veld en vrucht,
#Text=Looft allen, looft Hem met gezangen,
#Text=Hem, die u 't wezen deed ontvangen;
#Text=
#Text=
#Text=Die u een perk, niet t'overtreên,
#Text=Gesteld heeft door all' eeuwen heen.
1-1	2-12	Verbaazend	
1-2	13-16	hof	
1-3	17-20	van	
1-4	21-32	d'Opperheer	
1-5	32-33	,	
1-6	34-37	Gij	
1-7	37-38	,	
1-8	39-46	hoogste	
1-9	47-52	hemel	
1-10	52-53	,	
1-11	54-58	zing	
1-12	59-63	zijn	
1-13	64-67	eer	
1-14	67-68	:	
1-15	70-73	Gij	
1-16	73-74	,	
1-17	75-82	wateren	
1-18	82-83	,	
1-19	84-87	die	
1-20	88-91	uit	
1-21	92-94	de	
1-22	95-100	lucht	
1-23	101-103	Uw	
1-24	104-112	drupplen	
1-25	113-118	stort	
1-26	119-121	op	
1-27	122-126	veld	
1-28	127-129	en	
1-29	130-136	vrucht	
1-30	136-137	,	
1-31	138-143	Looft	
1-32	144-149	allen	
1-33	149-150	,	
1-34	151-156	looft	
1-35	157-160	Hem	
1-36	161-164	met	
1-37	165-173	gezangen	
1-38	173-174	,	
1-39	175-178	Hem	
1-40	178-179	,	
1-41	180-183	die	
1-42	184-185	u	
1-43	186-187	'	
1-44	187-188	t	
1-45	189-194	wezen	
1-46	195-199	deed	
1-47	200-209	ontvangen	
1-48	209-210	;	
1-49	213-216	Die	
1-50	217-218	u	
1-51	219-222	een	
1-52	223-227	perk	
1-53	227-228	,	
1-54	229-233	niet	
1-55	234-245	t'overtreên	
1-56	245-246	,	
1-57	247-254	Gesteld	
1-58	255-260	heeft	
1-59	261-265	door	
1-60	266-269	all	
1-61	269-270	'	
1-62	271-277	eeuwen	
1-63	278-282	heen	
1-64	282-283	.	

#Text=Het boek der psalmen
#Text=
#Text=\f§3
#Text=Loof, aarde, loof Gods wonderdaên;
#Text=
#Text=
#Text=
#Text=Het boek der psalmen
#Text=
#Text=\f
#Text=86r
#Text=Gij, walvisch, grondlooz' oceaan;
#Text=
#Text=Gij, sneeuw en hagel, damp en gloed;
#Text=
#Text=Gij, stormwind, die zijn' last voldoet;
#Text=
#Text=Gij, bergen, heuvels, landen, stroomen;
#Text=
#Text=Gij, dierbre vrucht- en cederboomen,
#Text=Looft, looft des Scheppers oppermagt,
#Text=Die u uit niet heeft voortgebragt.
2-1	287-290	Het	
2-2	291-295	boek	
2-3	296-299	der	
2-4	300-307	psalmen	
2-5	310-311	§	
2-6	311-312	3	
2-7	313-317	Loof	
2-8	317-318	,	
2-9	319-324	aarde	
2-10	324-325	,	
2-11	326-330	loof	
2-12	331-335	Gods	
2-13	336-346	wonderdaên	
2-14	346-347	;	
2-15	351-354	Het	
2-16	355-359	boek	
2-17	360-363	der	
2-18	364-371	psalmen	
2-19	375-378	86r	
2-20	379-382	Gij	
2-21	382-383	,	
2-22	384-392	walvisch	
2-23	392-393	,	
2-24	394-403	grondlooz	
2-25	403-404	'	
2-26	405-411	oceaan	
2-27	411-412	;	
2-28	414-417	Gij	
2-29	417-418	,	
2-30	419-425	sneeuw	
2-31	426-428	en	
2-32	429-434	hagel	
2-33	434-435	,	
2-34	436-440	damp	
2-35	441-443	en	
2-36	444-449	gloed	
2-37	449-450	;	
2-38	452-455	Gij	
2-39	455-456	,	
2-40	457-466	stormwind	
2-41	466-467	,	
2-42	468-471	die	
2-43	472-476	zijn	
2-44	476-477	'	
2-45	478-482	last	
2-46	483-490	voldoet	
2-47	490-491	;	
2-48	493-496	Gij	
2-49	496-497	,	
2-50	498-504	bergen	
2-51	504-505	,	
2-52	506-513	heuvels	
2-53	513-514	,	
2-54	515-521	landen	
2-55	521-522	,	
2-56	523-531	stroomen	
2-57	531-532	;	
2-58	534-537	Gij	
2-59	537-538	,	
2-60	539-546	dierbre	
2-61	547-553	vrucht	
2-62	553-554	-	
2-63	555-557	en	
2-64	558-569	cederboomen	
2-65	569-570	,	
2-66	571-576	Looft	
2-67	576-577	,	
2-68	578-583	looft	
2-69	584-587	des	
2-70	588-597	Scheppers	
2-71	598-607	oppermagt	
2-72	607-608	,	
2-73	609-612	Die	
2-74	613-614	u	
2-75	615-618	uit	
2-76	619-623	niet	
2-77	624-629	heeft	
2-78	630-642	voortgebragt	
2-79	642-643	.	

#Text=Het boek der psalmen
#Text=
#Text=\f§4
#Text=Looft, kruipend wild en tam gediert;
#Text=
#Text=Looft, vogels, Hem, die 't al bestiert;
#Text=
#Text=Gij, koningen en richters, t' saam;
#Text=
#Text=Gij, vorsten, volken, roemt Gods naam;
#Text=
#Text=Gij, maagden, en gij, jongelingen,
#Text=Laat nimmer af zijn' lof te zingen:
3-1	647-650	Het	
3-2	651-655	boek	
3-3	656-659	der	
3-4	660-667	psalmen	
3-5	670-671	§	
3-6	671-672	4	
3-7	673-678	Looft	
3-8	678-679	,	
3-9	680-688	kruipend	
3-10	689-693	wild	
3-11	694-696	en	
3-12	697-700	tam	
3-13	701-708	gediert	
3-14	708-709	;	
3-15	711-716	Looft	
3-16	716-717	,	
3-17	718-724	vogels	
3-18	724-725	,	
3-19	726-729	Hem	
3-20	729-730	,	
3-21	731-734	die	
3-22	735-736	'	
3-23	736-737	t	
3-24	738-740	al	
3-25	741-749	bestiert	
3-26	749-750	;	
3-27	752-755	Gij	
3-28	755-756	,	
3-29	757-765	koningen	
3-30	766-768	en	
3-31	769-777	richters	
3-32	777-778	,	
3-33	779-780	t	
3-34	780-781	'	
3-35	782-786	saam	
3-36	786-787	;	
3-37	789-792	Gij	
3-38	792-793	,	
3-39	794-801	vorsten	
3-40	801-802	,	
3-41	803-809	volken	
3-42	809-810	,	
3-43	811-816	roemt	
3-44	817-821	Gods	
3-45	822-826	naam	
3-46	826-827	;	
3-47	829-832	Gij	
3-48	832-833	,	
3-49	834-841	maagden	
3-50	841-842	,	
3-51	843-845	en	
3-52	846-849	gij	
3-53	849-850	,	
3-54	851-862	jongelingen	
3-55	862-863	,	
3-56	864-868	Laat	
3-57	869-875	nimmer	
3-58	876-878	af	
3-59	879-883	zijn	
3-60	883-884	'	
3-61	885-888	lof	
3-62	889-891	te	
3-63	892-898	zingen	
3-64	898-899	:	
