#FORMAT=WebAnno TSV 3.3


#Text=Caput 1
#Text=
#Text=
#Text=1 Et factum est in trigesimo anno, in quarto, in quinta mensis, cum essem in medio captivorum juxta fluvium Chobar, aperti sunt cæli, et vidi visiones Dei.
#Text=2 In quinta mensis, ipse est annus quintus transmigrationis regis Joachin, 3 factum est verbum Domini ad Ezechielem filium Buzi sacerdotem, in terra Chaldæorum, secus flumen Chobar : et facta est super eum ibi manus Domini.
#Text=4 Et vidi, et ecce ventus turbinis veniebat ab aquilone, et nubes magna, et ignis involvens, et splendor in circuitu ejus : et de medio ejus, quasi species electri, id est, de medio ignis : 5 et in medio ejus similitudo quatuor animalium.
1-1	2-7	Caput	
1-2	8-9	1	
1-3	12-13	1	
1-4	14-16	Et	
1-5	17-23	factum	
1-6	24-27	est	
1-7	28-30	in	
1-8	31-40	trigesimo	
1-9	41-45	anno	
1-10	45-46	,	
1-11	47-49	in	
1-12	50-56	quarto	
1-13	56-57	,	
1-14	58-60	in	
1-15	61-67	quinta	
1-16	68-74	mensis	
1-17	74-75	,	
1-18	76-79	cum	
1-19	80-85	essem	
1-20	86-88	in	
1-21	89-94	medio	
1-22	95-105	captivorum	
1-23	106-111	juxta	
1-24	112-119	fluvium	
1-25	120-126	Chobar	
1-26	126-127	,	
1-27	128-134	aperti	
1-28	135-139	sunt	
1-29	140-144	cæli	
1-30	144-145	,	
1-31	146-148	et	
1-32	149-153	vidi	
1-33	154-162	visiones	
1-34	163-166	Dei	
1-35	166-167	.	
1-36	168-169	2	
1-37	170-172	In	
1-38	173-179	quinta	
1-39	180-186	mensis	
1-40	186-187	,	
1-41	188-192	ipse	
1-42	193-196	est	
1-43	197-202	annus	
1-44	203-210	quintus	
1-45	211-227	transmigrationis	
1-46	228-233	regis	
1-47	234-241	Joachin	
1-48	241-242	,	
1-49	243-244	3	
1-50	245-251	factum	
1-51	252-255	est	
1-52	256-262	verbum	
1-53	263-269	Domini	
1-54	270-272	ad	
1-55	273-283	Ezechielem	
1-56	284-290	filium	
1-57	291-295	Buzi	
1-58	296-306	sacerdotem	
1-59	306-307	,	
1-60	308-310	in	
1-61	311-316	terra	
1-62	317-327	Chaldæorum	
1-63	327-328	,	
1-64	329-334	secus	
1-65	335-341	flumen	
1-66	342-348	Chobar	
1-67	349-350	:	
1-68	351-353	et	
1-69	354-359	facta	
1-70	360-363	est	
1-71	364-369	super	
1-72	370-373	eum	
1-73	374-377	ibi	
1-74	378-383	manus	
1-75	384-390	Domini	
1-76	390-391	.	
1-77	392-393	4	
1-78	394-396	Et	
1-79	397-401	vidi	
1-80	401-402	,	
1-81	403-405	et	
1-82	406-410	ecce	
1-83	411-417	ventus	
1-84	418-426	turbinis	
1-85	427-435	veniebat	
1-86	436-438	ab	
1-87	439-447	aquilone	
1-88	447-448	,	
1-89	449-451	et	
1-90	452-457	nubes	
1-91	458-463	magna	
1-92	463-464	,	
1-93	465-467	et	
1-94	468-473	ignis	
1-95	474-483	involvens	
1-96	483-484	,	
1-97	485-487	et	
1-98	488-496	splendor	
1-99	497-499	in	
1-100	500-508	circuitu	
1-101	509-513	ejus	
1-102	514-515	:	
1-103	516-518	et	
1-104	519-521	de	
1-105	522-527	medio	
1-106	528-532	ejus	
1-107	532-533	,	
1-108	534-539	quasi	
1-109	540-547	species	
1-110	548-555	electri	
1-111	555-556	,	
1-112	557-559	id	
1-113	560-563	est	
1-114	563-564	,	
1-115	565-567	de	
1-116	568-573	medio	
1-117	574-579	ignis	
1-118	580-581	:	
1-119	582-583	5	
1-120	584-586	et	
1-121	587-589	in	
1-122	590-595	medio	
1-123	596-600	ejus	
1-124	601-611	similitudo	
1-125	612-619	quatuor	
1-126	620-629	animalium	
1-127	629-630	.	

#Text=Et hic aspectus eorum, similitudo hominis in eis.
#Text=6 Quatuor facies uni, et quatuor pennæ uni.
#Text=7 Pedes eorum, pedes recti, et planta pedis eorum quasi planta pedis vituli : et scintillæ quasi aspectus æris candentis.
#Text=8 Et manus hominis sub pennis eorum, in quatuor partibus : et facies et pennas per quatuor partes habebant.
#Text=9 Junctæque erant pennæ eorum alterius ad alterum : non revertebantur cum incederent, sed unumquodque ante faciem suam gradiebatur.
#Text=10 Similitudo autem vultus eorum, facies hominis et facies leonis a dextris ipsorum quatuor, facies autem bovis a sinistris ipsorum quatuor, et facies aquilæ desuper ipsorum quatuor.
#Text=11 Facies eorum et pennæ eorum extentæ desuper : duæ pennæ singulorum jungebantur, et duæ tegebant corpora eorum.
#Text=12 Et unumquodque eorum coram facie sua ambulabat : ubi erat impetus spiritus, illuc gradiebantur, nec revertebantur cum ambularent.
#Text=13 Et similitudo animalium, aspectus eorum quasi carbonum ignis ardentium, et quasi aspectus lampadarum : hæc erat visio discurrens in medio animalium, splendor ignis, et de igne fulgur egrediens.
#Text=14 Et animalia ibant et revertebantur, in similitudinem fulguris coruscantis.
#Text=15 Cumque aspicerem animalia, apparuit rota una super terram juxta animalia, habens quatuor facies.
#Text=16 Et aspectus rotarum et opus earum quasi visio maris : et una similitudo ipsarum quatuor : et aspectus earum et opera quasi sit rota in medio rotæ.
#Text=17 Per quatuor partes earum euntes ibant, et non revertebantur cum ambularent.
#Text=18 Statura quoque erat rotis, et altitudo, et horribilis aspectus : et totum corpus oculis plenum in circuitu ipsarum quatuor.
#Text=19 Cumque ambularent animalia, ambulabant pariter et rotæ juxta ea : et cum elevarentur animalia de terra, elevabantur simul et rotæ.
#Text=20 Quocumque ibat spiritus, illuc, eunte spiritu, et rotæ pariter elevabantur sequentes eum : spiritus enim vitæ erat in rotis.
#Text=21 Cum euntibus ibant, et cum stantibus stabant : et cum elevatis a terra, pariter elevabantur et rotæ sequentes ea, quia spiritus vitæ erat in rotis.
2-1	631-633	Et	
2-2	634-637	hic	
2-3	638-646	aspectus	
2-4	647-652	eorum	
2-5	652-653	,	
2-6	654-664	similitudo	
2-7	665-672	hominis	
2-8	673-675	in	
2-9	676-679	eis	
2-10	679-680	.	
2-11	681-682	6	
2-12	683-690	Quatuor	
2-13	691-697	facies	
2-14	698-701	uni	
2-15	701-702	,	
2-16	703-705	et	
2-17	706-713	quatuor	
2-18	714-719	pennæ	
2-19	720-723	uni	
2-20	723-724	.	
2-21	725-726	7	
2-22	727-732	Pedes	
2-23	733-738	eorum	
2-24	738-739	,	
2-25	740-745	pedes	
2-26	746-751	recti	
2-27	751-752	,	
2-28	753-755	et	
2-29	756-762	planta	
2-30	763-768	pedis	
2-31	769-774	eorum	
2-32	775-780	quasi	
2-33	781-787	planta	
2-34	788-793	pedis	
2-35	794-800	vituli	
2-36	801-802	:	
2-37	803-805	et	
2-38	806-815	scintillæ	
2-39	816-821	quasi	
2-40	822-830	aspectus	
2-41	831-835	æris	
2-42	836-845	candentis	
2-43	845-846	.	
2-44	847-848	8	
2-45	849-851	Et	
2-46	852-857	manus	
2-47	858-865	hominis	
2-48	866-869	sub	
2-49	870-876	pennis	
2-50	877-882	eorum	
2-51	882-883	,	
2-52	884-886	in	
2-53	887-894	quatuor	
2-54	895-903	partibus	
2-55	904-905	:	
2-56	906-908	et	
2-57	909-915	facies	
2-58	916-918	et	
2-59	919-925	pennas	
2-60	926-929	per	
2-61	930-937	quatuor	
2-62	938-944	partes	
2-63	945-953	habebant	
2-64	953-954	.	
2-65	955-956	9	
2-66	957-966	Junctæque	
2-67	967-972	erant	
2-68	973-978	pennæ	
2-69	979-984	eorum	
2-70	985-993	alterius	
2-71	994-996	ad	
2-72	997-1004	alterum	
2-73	1005-1006	:	
2-74	1007-1010	non	
2-75	1011-1024	revertebantur	
2-76	1025-1028	cum	
2-77	1029-1039	incederent	
2-78	1039-1040	,	
2-79	1041-1044	sed	
2-80	1045-1056	unumquodque	
2-81	1057-1061	ante	
2-82	1062-1068	faciem	
2-83	1069-1073	suam	
2-84	1074-1085	gradiebatur	
2-85	1085-1086	.	
2-86	1087-1089	10	
2-87	1090-1100	Similitudo	
2-88	1101-1106	autem	
2-89	1107-1113	vultus	
2-90	1114-1119	eorum	
2-91	1119-1120	,	
2-92	1121-1127	facies	
2-93	1128-1135	hominis	
2-94	1136-1138	et	
2-95	1139-1145	facies	
2-96	1146-1152	leonis	
2-97	1153-1154	a	
2-98	1155-1162	dextris	
2-99	1163-1170	ipsorum	
2-100	1171-1178	quatuor	
2-101	1178-1179	,	
2-102	1180-1186	facies	
2-103	1187-1192	autem	
2-104	1193-1198	bovis	
2-105	1199-1200	a	
2-106	1201-1210	sinistris	
2-107	1211-1218	ipsorum	
2-108	1219-1226	quatuor	
2-109	1226-1227	,	
2-110	1228-1230	et	
2-111	1231-1237	facies	
2-112	1238-1244	aquilæ	
2-113	1245-1252	desuper	
2-114	1253-1260	ipsorum	
2-115	1261-1268	quatuor	
2-116	1268-1269	.	
2-117	1270-1272	11	
2-118	1273-1279	Facies	
2-119	1280-1285	eorum	
2-120	1286-1288	et	
2-121	1289-1294	pennæ	
2-122	1295-1300	eorum	
2-123	1301-1308	extentæ	
2-124	1309-1316	desuper	
2-125	1317-1318	:	
2-126	1319-1322	duæ	
2-127	1323-1328	pennæ	
2-128	1329-1339	singulorum	
2-129	1340-1351	jungebantur	
2-130	1351-1352	,	
2-131	1353-1355	et	
2-132	1356-1359	duæ	
2-133	1360-1368	tegebant	
2-134	1369-1376	corpora	
2-135	1377-1382	eorum	
2-136	1382-1383	.	
2-137	1384-1386	12	
2-138	1387-1389	Et	
2-139	1390-1401	unumquodque	
2-140	1402-1407	eorum	
2-141	1408-1413	coram	
2-142	1414-1419	facie	
2-143	1420-1423	sua	
2-144	1424-1433	ambulabat	
2-145	1434-1435	:	
2-146	1436-1439	ubi	
2-147	1440-1444	erat	
2-148	1445-1452	impetus	
2-149	1453-1461	spiritus	
2-150	1461-1462	,	
2-151	1463-1468	illuc	
2-152	1469-1481	gradiebantur	
2-153	1481-1482	,	
2-154	1483-1486	nec	
2-155	1487-1500	revertebantur	
2-156	1501-1504	cum	
2-157	1505-1515	ambularent	
2-158	1515-1516	.	
2-159	1517-1519	13	
2-160	1520-1522	Et	
2-161	1523-1533	similitudo	
2-162	1534-1543	animalium	
2-163	1543-1544	,	
2-164	1545-1553	aspectus	
2-165	1554-1559	eorum	
2-166	1560-1565	quasi	
2-167	1566-1574	carbonum	
2-168	1575-1580	ignis	
2-169	1581-1590	ardentium	
2-170	1590-1591	,	
2-171	1592-1594	et	
2-172	1595-1600	quasi	
2-173	1601-1609	aspectus	
2-174	1610-1620	lampadarum	
2-175	1621-1622	:	
2-176	1623-1626	hæc	
2-177	1627-1631	erat	
2-178	1632-1637	visio	
2-179	1638-1648	discurrens	
2-180	1649-1651	in	
2-181	1652-1657	medio	
2-182	1658-1667	animalium	
2-183	1667-1668	,	
2-184	1669-1677	splendor	
2-185	1678-1683	ignis	
2-186	1683-1684	,	
2-187	1685-1687	et	
2-188	1688-1690	de	
2-189	1691-1695	igne	
2-190	1696-1702	fulgur	
2-191	1703-1712	egrediens	
2-192	1712-1713	.	
2-193	1714-1716	14	
2-194	1717-1719	Et	
2-195	1720-1728	animalia	
2-196	1729-1734	ibant	
2-197	1735-1737	et	
2-198	1738-1751	revertebantur	
2-199	1751-1752	,	
2-200	1753-1755	in	
2-201	1756-1769	similitudinem	
2-202	1770-1778	fulguris	
2-203	1779-1790	coruscantis	
2-204	1790-1791	.	
2-205	1792-1794	15	
2-206	1795-1801	Cumque	
2-207	1802-1811	aspicerem	
2-208	1812-1820	animalia	
2-209	1820-1821	,	
2-210	1822-1830	apparuit	
2-211	1831-1835	rota	
2-212	1836-1839	una	
2-213	1840-1845	super	
2-214	1846-1852	terram	
2-215	1853-1858	juxta	
2-216	1859-1867	animalia	
2-217	1867-1868	,	
2-218	1869-1875	habens	
2-219	1876-1883	quatuor	
2-220	1884-1890	facies	
2-221	1890-1891	.	
2-222	1892-1894	16	
2-223	1895-1897	Et	
2-224	1898-1906	aspectus	
2-225	1907-1914	rotarum	
2-226	1915-1917	et	
2-227	1918-1922	opus	
2-228	1923-1928	earum	
2-229	1929-1934	quasi	
2-230	1935-1940	visio	
2-231	1941-1946	maris	
2-232	1947-1948	:	
2-233	1949-1951	et	
2-234	1952-1955	una	
2-235	1956-1966	similitudo	
2-236	1967-1974	ipsarum	
2-237	1975-1982	quatuor	
2-238	1983-1984	:	
2-239	1985-1987	et	
2-240	1988-1996	aspectus	
2-241	1997-2002	earum	
2-242	2003-2005	et	
2-243	2006-2011	opera	
2-244	2012-2017	quasi	
2-245	2018-2021	sit	
2-246	2022-2026	rota	
2-247	2027-2029	in	
2-248	2030-2035	medio	
2-249	2036-2040	rotæ	
2-250	2040-2041	.	
2-251	2042-2044	17	
2-252	2045-2048	Per	
2-253	2049-2056	quatuor	
2-254	2057-2063	partes	
2-255	2064-2069	earum	
2-256	2070-2076	euntes	
2-257	2077-2082	ibant	
2-258	2082-2083	,	
2-259	2084-2086	et	
2-260	2087-2090	non	
2-261	2091-2104	revertebantur	
2-262	2105-2108	cum	
2-263	2109-2119	ambularent	
2-264	2119-2120	.	
2-265	2121-2123	18	
2-266	2124-2131	Statura	
2-267	2132-2138	quoque	
2-268	2139-2143	erat	
2-269	2144-2149	rotis	
2-270	2149-2150	,	
2-271	2151-2153	et	
2-272	2154-2162	altitudo	
2-273	2162-2163	,	
2-274	2164-2166	et	
2-275	2167-2177	horribilis	
2-276	2178-2186	aspectus	
2-277	2187-2188	:	
2-278	2189-2191	et	
2-279	2192-2197	totum	
2-280	2198-2204	corpus	
2-281	2205-2211	oculis	
2-282	2212-2218	plenum	
2-283	2219-2221	in	
2-284	2222-2230	circuitu	
2-285	2231-2238	ipsarum	
2-286	2239-2246	quatuor	
2-287	2246-2247	.	
2-288	2248-2250	19	
2-289	2251-2257	Cumque	
2-290	2258-2268	ambularent	
2-291	2269-2277	animalia	
2-292	2277-2278	,	
2-293	2279-2289	ambulabant	
2-294	2290-2297	pariter	
2-295	2298-2300	et	
2-296	2301-2305	rotæ	
2-297	2306-2311	juxta	
2-298	2312-2314	ea	
2-299	2315-2316	:	
2-300	2317-2319	et	
2-301	2320-2323	cum	
2-302	2324-2335	elevarentur	
2-303	2336-2344	animalia	
2-304	2345-2347	de	
2-305	2348-2353	terra	
2-306	2353-2354	,	
2-307	2355-2366	elevabantur	
2-308	2367-2372	simul	
2-309	2373-2375	et	
2-310	2376-2380	rotæ	
2-311	2380-2381	.	
2-312	2382-2384	20	
2-313	2385-2394	Quocumque	
2-314	2395-2399	ibat	
2-315	2400-2408	spiritus	
2-316	2408-2409	,	
2-317	2410-2415	illuc	
2-318	2415-2416	,	
2-319	2417-2422	eunte	
2-320	2423-2430	spiritu	
2-321	2430-2431	,	
2-322	2432-2434	et	
2-323	2435-2439	rotæ	
2-324	2440-2447	pariter	
2-325	2448-2459	elevabantur	
2-326	2460-2469	sequentes	
2-327	2470-2473	eum	
2-328	2474-2475	:	
2-329	2476-2484	spiritus	
2-330	2485-2489	enim	
2-331	2490-2494	vitæ	
2-332	2495-2499	erat	
2-333	2500-2502	in	
2-334	2503-2508	rotis	
2-335	2508-2509	.	
2-336	2510-2512	21	
2-337	2513-2516	Cum	
2-338	2517-2525	euntibus	
2-339	2526-2531	ibant	
2-340	2531-2532	,	
2-341	2533-2535	et	
2-342	2536-2539	cum	
2-343	2540-2549	stantibus	
2-344	2550-2557	stabant	
2-345	2558-2559	:	
2-346	2560-2562	et	
2-347	2563-2566	cum	
2-348	2567-2575	elevatis	
2-349	2576-2577	a	
2-350	2578-2583	terra	
2-351	2583-2584	,	
2-352	2585-2592	pariter	
2-353	2593-2604	elevabantur	
2-354	2605-2607	et	
2-355	2608-2612	rotæ	
2-356	2613-2622	sequentes	
2-357	2623-2625	ea	
2-358	2625-2626	,	
2-359	2627-2631	quia	
2-360	2632-2640	spiritus	
2-361	2641-2645	vitæ	
2-362	2646-2650	erat	
2-363	2651-2653	in	
2-364	2654-2659	rotis	
2-365	2659-2660	.	
