#FORMAT=WebAnno TSV 3.3


#Text=brosiacus."
1-1	2-11	brosiacus	
1-2	11-12	.	
1-3	12-13	"	

#Text=In his omnes odoratu aquae vires mucilaginosas et falino- inflammábiles distinguere poflunt.
2-1	14-16	In	
2-2	17-20	his	
2-3	21-26	omnes	
2-4	27-34	odoratu	
2-5	35-40	aquae	
2-6	41-46	vires	
2-7	47-60	mucilaginosas	
2-8	61-63	et	
2-9	64-70	falino	
2-10	70-71	-	
2-11	72-85	inflammábiles	
2-12	86-97	distinguere	
2-13	98-105	poflunt	
2-14	105-106	.	

#Text=Non acris est aromaticus, E. ignis non superat: fed tamen aromatici quid continet i. e. oleum aethereum diffolutum i. e. fal olei est blandum et blandities cogitari non potest sine aquae 'et terrae viribus i. e. fine viscoso E.
3-1	107-110	Non	
3-2	111-116	acris	
3-3	117-120	est	
3-4	121-131	aromaticus	
3-5	131-132	,	
3-6	133-134	E	
3-7	134-135	.	
3-8	136-141	ignis	
3-9	142-145	non	
3-10	146-153	superat	
3-11	153-154	:	
3-12	155-158	fed	
3-13	159-164	tamen	
3-14	165-174	aromatici	
3-15	175-179	quid	
3-16	180-188	continet	
3-17	189-190	i	
3-18	190-191	.	
3-19	192-193	e	
3-20	193-194	.	
3-21	195-200	oleum	
3-22	201-210	aethereum	
3-23	211-221	diffolutum	
3-24	222-223	i	
3-25	223-224	.	
3-26	225-226	e	
3-27	226-227	.	
3-28	228-231	fal	
3-29	232-236	olei	
3-30	237-240	est	
3-31	241-248	blandum	
3-32	249-251	et	
3-33	252-262	blandities	
3-34	263-271	cogitari	
3-35	272-275	non	
3-36	276-282	potest	
3-37	283-287	sine	
3-38	288-293	aquae	
3-39	294-295	'	
3-40	295-297	et	
3-41	298-304	terrae	
3-42	305-312	viribus	
3-43	313-314	i	
3-44	314-315	.	
3-45	316-317	e	
3-46	317-318	.	
3-47	319-323	fine	
3-48	324-331	viscoso	
3-49	332-333	E	
3-50	333-334	.	

#Text=Sal olei non igneum sed blandum ineft.
4-1	335-338	Sal	
4-2	339-343	olei	
4-3	344-347	non	
4-4	348-354	igneum	
4-5	355-358	sed	
4-6	359-366	blandum	
4-7	367-372	ineft	
4-8	372-373	.	

#Text=E. mercurius falis olei áqua temperatus.
5-1	374-375	E	
5-2	375-376	.	
5-3	377-386	mercurius	
5-4	387-392	falis	
5-5	393-397	olei	
5-6	398-402	áqua	
5-7	403-413	temperatus	
5-8	413-414	.	

#Text=Nunc confer haec cum examine chymico: · Omnia fuppeditant multum oleum aethereum sed magis blandum, et aquae viribus temperatum.
6-1	415-419	Nunc	
6-2	420-426	confer	
6-3	427-431	haec	
6-4	432-435	cum	
6-5	436-443	examine	
6-6	444-451	chymico	
6-7	451-452	:	
6-8	453-454	·	
6-9	455-460	Omnia	
6-10	461-472	fuppeditant	
6-11	473-479	multum	
6-12	480-485	oleum	
6-13	486-495	aethereum	
6-14	496-499	sed	
6-15	500-505	magis	
6-16	506-513	blandum	
6-17	513-514	,	
6-18	515-517	et	
6-19	518-523	aquae	
6-20	524-531	viribus	
6-21	532-542	temperatum	
6-22	542-543	.	

#Text=Eft 0
#Text=
#Text=
#Text=
#Text=Salia vero effentialia iterum diuerfa funt in his odoribus quod discrimen quidem nunc in fingulis regnis oftendendum eft.
#Text=dor ambrosiacus in regno animali fcilicet in moscho et zibetho : haec fingulare fal habent scilicet magis nitrosum et sulphureum
#Text=
#Text=
#Text=
#Text=cum
#Text=
#Text=
#Text=
#Text=
#Text=
#Text=cum terra antacida.
7-1	544-547	Eft	
7-2	548-549	0	
7-3	553-558	Salia	
7-4	559-563	vero	
7-5	564-575	effentialia	
7-6	576-582	iterum	
7-7	583-590	diuerfa	
7-8	591-595	funt	
7-9	596-598	in	
7-10	599-602	his	
7-11	603-611	odoribus	
7-12	612-616	quod	
7-13	617-626	discrimen	
7-14	627-633	quidem	
7-15	634-638	nunc	
7-16	639-641	in	
7-17	642-650	fingulis	
7-18	651-657	regnis	
7-19	658-669	oftendendum	
7-20	670-673	eft	
7-21	673-674	.	
7-22	675-678	dor	
7-23	679-690	ambrosiacus	
7-24	691-693	in	
7-25	694-699	regno	
7-26	700-707	animali	
7-27	708-716	fcilicet	
7-28	717-719	in	
7-29	720-726	moscho	
7-30	727-729	et	
7-31	730-737	zibetho	
7-32	738-739	:	
7-33	740-744	haec	
7-34	745-754	fingulare	
7-35	755-758	fal	
7-36	759-765	habent	
7-37	766-774	scilicet	
7-38	775-780	magis	
7-39	781-789	nitrosum	
7-40	790-792	et	
7-41	793-803	sulphureum	
7-42	807-810	cum	
7-43	816-819	cum	
7-44	820-825	terra	
7-45	826-834	antacida	
7-46	834-835	.	

#Text=Hoc nonfolum ostendit tota humorum animaa lium natura , quae fere nitroso- fulphureo ammoniacalis eft, fed e. tiam alia phoenomena ostendunt; et vt recte haec intelligantur, pluribus de hoc odore loquar.
8-1	836-839	Hoc	
8-2	840-848	nonfolum	
8-3	849-857	ostendit	
8-4	858-862	tota	
8-5	863-870	humorum	
8-6	871-877	animaa	
8-7	878-882	lium	
8-8	883-889	natura	
8-9	890-891	,	
8-10	892-896	quae	
8-11	897-901	fere	
8-12	902-909	nitroso	
8-13	909-910	-	
8-14	911-920	fulphureo	
8-15	921-933	ammoniacalis	
8-16	934-937	eft	
8-17	937-938	,	
8-18	939-942	fed	
8-19	943-944	e	
8-20	944-945	.	
8-21	946-950	tiam	
8-22	951-955	alia	
8-23	956-966	phoenomena	
8-24	967-976	ostendunt	
8-25	976-977	;	
8-26	978-980	et	
8-27	981-983	vt	
8-28	984-989	recte	
8-29	990-994	haec	
8-30	995-1008	intelligantur	
8-31	1008-1009	,	
8-32	1010-1018	pluribus	
8-33	1019-1021	de	
8-34	1022-1025	hoc	
8-35	1026-1031	odore	
8-36	1032-1038	loquar	
8-37	1038-1039	.	

#Text=Id E. nullus negabit, quod mo.
#Text=schi, zibethi et castorei odor : ex fale per inflammabiles.
#Text=partes blandas volatilifato oriatur.
9-1	1040-1042	Id	
9-2	1043-1044	E	
9-3	1044-1045	.	
9-4	1046-1052	nullus	
9-5	1053-1060	negabit	
9-6	1060-1061	,	
9-7	1062-1066	quod	
9-8	1067-1069	mo	
9-9	1069-1070	.	
9-10	1071-1075	schi	
9-11	1075-1076	,	
9-12	1077-1084	zibethi	
9-13	1085-1087	et	
9-14	1088-1096	castorei	
9-15	1097-1101	odor	
9-16	1102-1103	:	
9-17	1104-1106	ex	
9-18	1107-1111	fale	
9-19	1112-1115	per	
9-20	1116-1129	inflammabiles	
9-21	1129-1130	.	
9-22	1131-1137	partes	
9-23	1138-1145	blandas	
9-24	1146-1158	volatilifato	
9-25	1159-1166	oriatur	
9-26	1166-1167	.	

#Text=Nam confirmatur id, quod odoriferum horum animalium in pingui masla delitescat, et quod omnia animalia acidum animale contineant.
10-1	1168-1171	Nam	
10-2	1172-1183	confirmatur	
10-3	1184-1186	id	
10-4	1186-1187	,	
10-5	1188-1192	quod	
10-6	1193-1203	odoriferum	
10-7	1204-1209	horum	
10-8	1210-1219	animalium	
10-9	1220-1222	in	
10-10	1223-1229	pingui	
10-11	1230-1235	masla	
10-12	1236-1246	delitescat	
10-13	1246-1247	,	
10-14	1248-1250	et	
10-15	1251-1255	quod	
10-16	1256-1261	omnia	
10-17	1262-1270	animalia	
10-18	1271-1277	acidum	
10-19	1278-1285	animale	
10-20	1286-1296	contineant	
10-21	1296-1297	.	

#Text=Cum vero 1) ex terra olei volatili reddita acidum nitrofum oriatur, cum 2) omnium animalium acidum nitrosum fit, cum 3) ex oleo succini et spiritu nitri concentrato moschi odor oriatur: cnm 4) bilis femiputrida eundem odorem spiret, cum porro axillae hominum calore aestiuo interdum mofchum fpirent, cumque homines ipfi interdum hunc odorem fpirent, quas obferuationes CRANTZIVS in Mat.
#Text=ined.
#Text=affert fub moscho: cum 5) fimus per agros sparsus in primis per primum hye.
#Text=male tempus mofchum redoleat, vti BOYLE Orig form.
11-1	1298-1301	Cum	
11-2	1302-1306	vero	
11-3	1307-1308	1	
11-4	1308-1309	)	
11-5	1310-1312	ex	
11-6	1313-1318	terra	
11-7	1319-1323	olei	
11-8	1324-1332	volatili	
11-9	1333-1340	reddita	
11-10	1341-1347	acidum	
11-11	1348-1356	nitrofum	
11-12	1357-1364	oriatur	
11-13	1364-1365	,	
11-14	1366-1369	cum	
11-15	1370-1371	2	
11-16	1371-1372	)	
11-17	1373-1379	omnium	
11-18	1380-1389	animalium	
11-19	1390-1396	acidum	
11-20	1397-1405	nitrosum	
11-21	1406-1409	fit	
11-22	1409-1410	,	
11-23	1411-1414	cum	
11-24	1415-1416	3	
11-25	1416-1417	)	
11-26	1418-1420	ex	
11-27	1421-1425	oleo	
11-28	1426-1433	succini	
11-29	1434-1436	et	
11-30	1437-1444	spiritu	
11-31	1445-1450	nitri	
11-32	1451-1462	concentrato	
11-33	1463-1469	moschi	
11-34	1470-1474	odor	
11-35	1475-1482	oriatur	
11-36	1482-1483	:	
11-37	1484-1487	cnm	
11-38	1488-1489	4	
11-39	1489-1490	)	
11-40	1491-1496	bilis	
11-41	1497-1508	femiputrida	
11-42	1509-1515	eundem	
11-43	1516-1522	odorem	
11-44	1523-1529	spiret	
11-45	1529-1530	,	
11-46	1531-1534	cum	
11-47	1535-1540	porro	
11-48	1541-1548	axillae	
11-49	1549-1556	hominum	
11-50	1557-1563	calore	
11-51	1564-1571	aestiuo	
11-52	1572-1580	interdum	
11-53	1581-1588	mofchum	
11-54	1589-1596	fpirent	
11-55	1596-1597	,	
11-56	1598-1604	cumque	
11-57	1605-1612	homines	
11-58	1613-1617	ipfi	
11-59	1618-1626	interdum	
11-60	1627-1631	hunc	
11-61	1632-1638	odorem	
11-62	1639-1646	fpirent	
11-63	1646-1647	,	
11-64	1648-1652	quas	
11-65	1653-1666	obferuationes	
11-66	1667-1676	CRANTZIVS	
11-67	1677-1679	in	
11-68	1680-1683	Mat	
11-69	1683-1684	.	
11-70	1685-1689	ined	
11-71	1689-1690	.	
11-72	1691-1697	affert	
11-73	1698-1701	fub	
11-74	1702-1708	moscho	
11-75	1708-1709	:	
11-76	1710-1713	cum	
11-77	1714-1715	5	
11-78	1715-1716	)	
11-79	1717-1722	fimus	
11-80	1723-1726	per	
11-81	1727-1732	agros	
11-82	1733-1740	sparsus	
11-83	1741-1743	in	
11-84	1744-1750	primis	
11-85	1751-1754	per	
11-86	1755-1761	primum	
11-87	1762-1765	hye	
11-88	1765-1766	.	
11-89	1767-1771	male	
11-90	1772-1778	tempus	
11-91	1779-1786	mofchum	
11-92	1787-1795	redoleat	
11-93	1795-1796	,	
11-94	1797-1800	vti	
11-95	1801-1806	BOYLE	
11-96	1807-1811	Orig	
11-97	1812-1816	form	
11-98	1816-1817	.	

#Text=P. 144. affert, cum 6) vrina vaccae exhalatione aquae infpiffata eiusdem odo: ris fit.
#Text=vid.
12-1	1818-1819	P	
12-2	1819-1820	.	
12-3	1821-1824	144	
12-4	1824-1825	.	
12-5	1826-1832	affert	
12-6	1832-1833	,	
12-7	1834-1837	cum	
12-8	1838-1839	6	
12-9	1839-1840	)	
12-10	1841-1846	vrina	
12-11	1847-1853	vaccae	
12-12	1854-1865	exhalatione	
12-13	1866-1871	aquae	
12-14	1872-1882	infpiffata	
12-15	1883-1890	eiusdem	
12-16	1891-1894	odo	
12-17	1894-1895	:	
12-18	1896-1899	ris	
12-19	1900-1903	fit	
12-20	1903-1904	.	
12-21	1905-1908	vid	
12-22	1908-1909	.	

#Text=RVTTY Synops.
#Text=of.
13-1	1910-1915	RVTTY	
13-2	1916-1922	Synops	
13-3	1922-1923	.	
13-4	1924-1926	of	
13-5	1926-1927	.	
