#FORMAT=WebAnno TSV 3.3


#Text=cit.
#Text=f) Vogel Theil "3. pega 94 8) NICOLAI 6.
#Text=126.
#Text=8) GRVER loc.
#Text=cit.
1-1	2-5	cit	
1-2	5-6	.	
1-3	7-8	f	
1-4	8-9	)	
1-5	10-15	Vogel	
1-6	16-21	Theil	
1-7	22-23	"	
1-8	23-24	3	
1-9	24-25	.	
1-10	26-30	pega	
1-11	31-33	94	
1-12	34-35	8	
1-13	35-36	)	
1-14	37-44	NICOLAI	
1-15	45-46	6	
1-16	46-47	.	
1-17	48-51	126	
1-18	51-52	.	
1-19	53-54	8	
1-20	54-55	)	
1-21	56-61	GRVER	
1-22	62-65	loc	
1-23	65-66	.	
1-24	67-70	cit	
1-25	70-71	.	

#Text=H.
2-1	72-73	H	
2-2	73-74	.	

#Text=Lepra.
#Text=, In variis morbi grauissimi fpeciebus praeter alia foeda fymptomata etiam odor per cutem (pirans hircinus atque
#Text=
#Text=foe.
#Text=for intolerabilis animae cum fudoribus pinguibus, graueolentibus obferuatus est ii).
3-1	75-80	Lepra	
3-2	80-81	.	
3-3	82-83	,	
3-4	84-86	In	
3-5	87-93	variis	
3-6	94-99	morbi	
3-7	100-110	grauissimi	
3-8	111-120	fpeciebus	
3-9	121-128	praeter	
3-10	129-133	alia	
3-11	134-139	foeda	
3-12	140-150	fymptomata	
3-13	151-156	etiam	
3-14	157-161	odor	
3-15	162-165	per	
3-16	166-171	cutem	
3-17	172-173	(	
3-18	173-179	pirans	
3-19	180-188	hircinus	
3-20	189-194	atque	
3-21	196-199	foe	
3-22	199-200	.	
3-23	201-204	for	
3-24	205-218	intolerabilis	
3-25	219-225	animae	
3-26	226-229	cum	
3-27	230-239	fudoribus	
3-28	240-249	pinguibus	
3-29	249-250	,	
3-30	251-265	graueolentibus	
3-31	266-276	obferuatus	
3-32	277-280	est	
3-33	281-283	ii	
3-34	283-284	)	
3-35	284-285	.	

#Text=B.
4-1	286-287	B	
4-2	287-288	.	

#Text=XIX.
5-1	289-292	XIX	
5-2	292-293	.	

#Text=Pertinent porro ad morbos, qui fingulari perspirationis odore lese manifestant,
#Text=
#Text=Lues venera vniuerfalis.
6-1	294-303	Pertinent	
6-2	304-309	porro	
6-3	310-312	ad	
6-4	313-319	morbos	
6-5	319-320	,	
6-6	321-324	qui	
6-7	325-334	fingulari	
6-8	335-349	perspirationis	
6-9	350-355	odore	
6-10	356-360	lese	
6-11	361-372	manifestant	
6-12	372-373	,	
6-13	375-379	Lues	
6-14	380-386	venera	
6-15	387-398	vniuerfalis	
6-16	398-399	.	

#Text=Integumenta communia prae caeteris partibus maxime afficiuntur a contagio venereo.
7-1	400-411	Integumenta	
7-2	412-420	communia	
7-3	421-425	prae	
7-4	426-434	caeteris	
7-5	435-443	partibus	
7-6	444-450	maxime	
7-7	451-462	afficiuntur	
7-8	463-464	a	
7-9	465-473	contagio	
7-10	474-481	venereo	
7-11	481-482	.	

#Text=Docent id frequentiffima morbi gallici fymptomata, vlcera, exanthemata varii generis, rhagades, pustulae, morbi pilorum, et vnguium.
8-1	483-489	Docent	
8-2	490-492	id	
8-3	493-507	frequentiffima	
8-4	508-513	morbi	
8-5	514-521	gallici	
8-6	522-532	fymptomata	
8-7	532-533	,	
8-8	534-540	vlcera	
8-9	540-541	,	
8-10	542-553	exanthemata	
8-11	554-559	varii	
8-12	560-567	generis	
8-13	567-568	,	
8-14	569-577	rhagades	
8-15	577-578	,	
8-16	579-587	pustulae	
8-17	587-588	,	
8-18	589-594	morbi	
8-19	595-602	pilorum	
8-20	602-603	,	
8-21	604-606	et	
8-22	607-614	vnguium	
8-23	614-615	.	

#Text=Quid mirum ergo, quod in tanto humoruin per cutem distributorum vitio sudor etiam mutationes fubeat et specifico inficiatur odore k)?
9-1	616-620	Quid	
9-2	621-626	mirum	
9-3	627-631	ergo	
9-4	631-632	,	
9-5	633-637	quod	
9-6	638-640	in	
9-7	641-646	tanto	
9-8	647-655	humoruin	
9-9	656-659	per	
9-10	660-665	cutem	
9-11	666-679	distributorum	
9-12	680-685	vitio	
9-13	686-691	sudor	
9-14	692-697	etiam	
9-15	698-708	mutationes	
9-16	709-715	fubeat	
9-17	716-718	et	
9-18	719-728	specifico	
9-19	729-739	inficiatur	
9-20	740-745	odore	
9-21	746-747	k	
9-22	747-748	)	
9-23	748-749	?	

#Text=Concluderes forsan exinde , ' syphiliticorum perfpitationem : contagiosain effe; experientia vero contrarium probare videtur 1).
#Text=$..
10-1	750-761	Concluderes	
10-2	762-768	forsan	
10-3	769-775	exinde	
10-4	776-777	,	
10-5	778-779	'	
10-6	780-794	syphiliticorum	
10-7	795-809	perfpitationem	
10-8	810-811	:	
10-9	812-824	contagiosain	
10-10	825-829	effe	
10-11	829-830	;	
10-12	831-842	experientia	
10-13	843-847	vero	
10-14	848-858	contrarium	
10-15	859-866	probare	
10-16	867-874	videtur	
10-17	875-876	1	
10-18	876-877	)	
10-19	877-878	.	
10-20	879-880	$	
10-21	880-881	.	
10-22	881-882	.	

#Text=XX.
11-1	883-885	XX	
11-2	885-886	.	

#Text=In morbis, quos hactenus enumeraui, odor perspirationis prae.
#Text=ternaturalis maximam partem vitio huniorum debetur, supra (9.
12-1	887-889	In	
12-2	890-896	morbis	
12-3	896-897	,	
12-4	898-902	quos	
12-5	903-911	hactenus	
12-6	912-921	enumeraui	
12-7	921-922	,	
12-8	923-927	odor	
12-9	928-942	perspirationis	
12-10	943-947	prae	
12-11	947-948	.	
12-12	949-961	ternaturalis	
12-13	962-969	maximam	
12-14	970-976	partem	
12-15	977-982	vitio	
12-16	983-991	huniorum	
12-17	992-999	debetur	
12-18	999-1000	,	
12-19	1001-1006	supra	
12-20	1007-1008	(	
12-21	1008-1009	9	
12-22	1009-1010	.	

#Text=XIV.)
#Text=autem
#Text=
#Text=
#Text=
#Text=i) Conf.
13-1	1011-1014	XIV	
13-2	1014-1015	.	
13-3	1015-1016	)	
13-4	1017-1022	autem	
13-5	1026-1027	i	
13-6	1027-1028	)	
13-7	1029-1033	Conf	
13-8	1033-1034	.	
