#FORMAT=WebAnno TSV 3.3


#Text=Congregataque omni turba ante fores tabernaculi, 5 ait : Iste est sermo, quem jussit Dominus fieri.
#Text=6 Statimque obtulit Aaron et filios ejus.
1-1	2-15	Congregataque	
1-2	16-20	omni	
1-3	21-26	turba	
1-4	27-31	ante	
1-5	32-37	fores	
1-6	38-49	tabernaculi	
1-7	49-50	,	
1-8	51-52	5	
1-9	53-56	ait	
1-10	57-58	:	
1-11	59-63	Iste	
1-12	64-67	est	
1-13	68-73	sermo	
1-14	73-74	,	
1-15	75-79	quem	
1-16	80-86	jussit	
1-17	87-94	Dominus	
1-18	95-100	fieri	
1-19	100-101	.	
1-20	102-103	6	
1-21	104-113	Statimque	
1-22	114-121	obtulit	
1-23	122-127	Aaron	
1-24	128-130	et	
1-25	131-137	filios	
1-26	138-142	ejus	
1-27	142-143	.	

#Text=Cumque lavisset eos, 7 vestivit pontificem subucula linea, accingens eum balteo, et induens eum tunica hyacinthina, et desuper humerale imposuit, 8 quod astringens cingulo aptavit rationali, in quo erat Doctrina et Veritas.
#Text=9 Cidari quoque texit caput : et super eam, contra frontem, posuit laminam auream consecratam in sanctificatione, sicut præceperat ei Dominus.
#Text=10 Tulit et unctionis oleum, quo linivit tabernaculum cum omni supellectili sua.
#Text=11 Cumque sanctificans aspersisset altare septem vicibus, unxit illud, et omnia vasa ejus, labrumque cum basi sua sanctificavit oleo.
#Text=12 Quod fundens super caput Aaron, unxit eum, et consecravit : 13 filios quoque ejus oblatos vestivit tunicis lineis, et cinxit balteis, imposuitque mitras, ut jusserat Dominus.
#Text=14 Obtulit et vitulum pro peccato : cumque super caput ejus posuisset Aaron et filii ejus manus suas, 15 immolavit eum, hauriens sanguinem, et tincto digito, tetigit cornua altaris per gyrum : quo expiato et sanctificato, fudit reliquum sanguinem ad fundamenta ejus.
#Text=16 Adipem vero qui erat super vitalia, et reticulum jecoris, duosque renunculos, cum arvinulis suis, adolevit super altare : 17 vitulum cum pelle, et carnibus, et fimo, cremans extra castra, sicut præceperat Dominus.
#Text=18 Obtulit et arietem in holocaustum : super cujus caput cum imposuissent Aaron et filii ejus manus suas, 19 immolavit eum, et fudit sanguinem ejus per circuitum altaris.
#Text=20 Ipsumque arietem in frusta concidens, caput ejus, et artus, et adipem adolevit igni, 21 lotis prius intestinis et pedibus : totumque simul arietem incendit super altare, eo quod esset holocaustum suavissimi odoris Domino, sicut præceperat ei.
#Text=22 Obtulit et arietem secundum in consecratione sacerdotum, posueruntque super caput ejus Aaron et filii ejus manus suas : 23 quem cum immolasset Moyses, sumens de sanguine ejus, tetigit extremum auriculæ dextræ Aaron, et pollicem manus ejus dextræ, similiter et pedis.
#Text=24 Obtulit et filios Aaron : cumque de sanguine arietis immolati tetigisset extremum auriculæ singulorum dextræ, et pollices manus ac pedis dextri, reliquum fudit super altare per circuitum : 25 adipem vero, et caudam, omnemque pinguedinem quæ operit intestina, reticulumque jecoris, et duos renes cum adipibus suis et armo dextro separavit.
#Text=26 Tollens autem de canistro azymorum, quod erat coram Domino, panem absque fermento, et collyridam conspersam oleo, laganumque, posuit super adipes, et armum dextrum, 27 tradens simul omnia Aaron et filiis ejus.
2-1	144-150	Cumque	
2-2	151-159	lavisset	
2-3	160-163	eos	
2-4	163-164	,	
2-5	165-166	7	
2-6	167-175	vestivit	
2-7	176-186	pontificem	
2-8	187-195	subucula	
2-9	196-201	linea	
2-10	201-202	,	
2-11	203-212	accingens	
2-12	213-216	eum	
2-13	217-223	balteo	
2-14	223-224	,	
2-15	225-227	et	
2-16	228-235	induens	
2-17	236-239	eum	
2-18	240-246	tunica	
2-19	247-258	hyacinthina	
2-20	258-259	,	
2-21	260-262	et	
2-22	263-270	desuper	
2-23	271-279	humerale	
2-24	280-288	imposuit	
2-25	288-289	,	
2-26	290-291	8	
2-27	292-296	quod	
2-28	297-307	astringens	
2-29	308-315	cingulo	
2-30	316-323	aptavit	
2-31	324-333	rationali	
2-32	333-334	,	
2-33	335-337	in	
2-34	338-341	quo	
2-35	342-346	erat	
2-36	347-355	Doctrina	
2-37	356-358	et	
2-38	359-366	Veritas	
2-39	366-367	.	
2-40	368-369	9	
2-41	370-376	Cidari	
2-42	377-383	quoque	
2-43	384-389	texit	
2-44	390-395	caput	
2-45	396-397	:	
2-46	398-400	et	
2-47	401-406	super	
2-48	407-410	eam	
2-49	410-411	,	
2-50	412-418	contra	
2-51	419-426	frontem	
2-52	426-427	,	
2-53	428-434	posuit	
2-54	435-442	laminam	
2-55	443-449	auream	
2-56	450-461	consecratam	
2-57	462-464	in	
2-58	465-480	sanctificatione	
2-59	480-481	,	
2-60	482-487	sicut	
2-61	488-498	præceperat	
2-62	499-501	ei	
2-63	502-509	Dominus	
2-64	509-510	.	
2-65	511-513	10	
2-66	514-519	Tulit	
2-67	520-522	et	
2-68	523-532	unctionis	
2-69	533-538	oleum	
2-70	538-539	,	
2-71	540-543	quo	
2-72	544-551	linivit	
2-73	552-564	tabernaculum	
2-74	565-568	cum	
2-75	569-573	omni	
2-76	574-586	supellectili	
2-77	587-590	sua	
2-78	590-591	.	
2-79	592-594	11	
2-80	595-601	Cumque	
2-81	602-614	sanctificans	
2-82	615-626	aspersisset	
2-83	627-633	altare	
2-84	634-640	septem	
2-85	641-648	vicibus	
2-86	648-649	,	
2-87	650-655	unxit	
2-88	656-661	illud	
2-89	661-662	,	
2-90	663-665	et	
2-91	666-671	omnia	
2-92	672-676	vasa	
2-93	677-681	ejus	
2-94	681-682	,	
2-95	683-692	labrumque	
2-96	693-696	cum	
2-97	697-701	basi	
2-98	702-705	sua	
2-99	706-719	sanctificavit	
2-100	720-724	oleo	
2-101	724-725	.	
2-102	726-728	12	
2-103	729-733	Quod	
2-104	734-741	fundens	
2-105	742-747	super	
2-106	748-753	caput	
2-107	754-759	Aaron	
2-108	759-760	,	
2-109	761-766	unxit	
2-110	767-770	eum	
2-111	770-771	,	
2-112	772-774	et	
2-113	775-786	consecravit	
2-114	787-788	:	
2-115	789-791	13	
2-116	792-798	filios	
2-117	799-805	quoque	
2-118	806-810	ejus	
2-119	811-818	oblatos	
2-120	819-827	vestivit	
2-121	828-835	tunicis	
2-122	836-842	lineis	
2-123	842-843	,	
2-124	844-846	et	
2-125	847-853	cinxit	
2-126	854-861	balteis	
2-127	861-862	,	
2-128	863-874	imposuitque	
2-129	875-881	mitras	
2-130	881-882	,	
2-131	883-885	ut	
2-132	886-894	jusserat	
2-133	895-902	Dominus	
2-134	902-903	.	
2-135	904-906	14	
2-136	907-914	Obtulit	
2-137	915-917	et	
2-138	918-925	vitulum	
2-139	926-929	pro	
2-140	930-937	peccato	
2-141	938-939	:	
2-142	940-946	cumque	
2-143	947-952	super	
2-144	953-958	caput	
2-145	959-963	ejus	
2-146	964-973	posuisset	
2-147	974-979	Aaron	
2-148	980-982	et	
2-149	983-988	filii	
2-150	989-993	ejus	
2-151	994-999	manus	
2-152	1000-1004	suas	
2-153	1004-1005	,	
2-154	1006-1008	15	
2-155	1009-1018	immolavit	
2-156	1019-1022	eum	
2-157	1022-1023	,	
2-158	1024-1032	hauriens	
2-159	1033-1042	sanguinem	
2-160	1042-1043	,	
2-161	1044-1046	et	
2-162	1047-1053	tincto	
2-163	1054-1060	digito	
2-164	1060-1061	,	
2-165	1062-1069	tetigit	
2-166	1070-1076	cornua	
2-167	1077-1084	altaris	
2-168	1085-1088	per	
2-169	1089-1094	gyrum	
2-170	1095-1096	:	
2-171	1097-1100	quo	
2-172	1101-1108	expiato	
2-173	1109-1111	et	
2-174	1112-1124	sanctificato	
2-175	1124-1125	,	
2-176	1126-1131	fudit	
2-177	1132-1140	reliquum	
2-178	1141-1150	sanguinem	
2-179	1151-1153	ad	
2-180	1154-1164	fundamenta	
2-181	1165-1169	ejus	
2-182	1169-1170	.	
2-183	1171-1173	16	
2-184	1174-1180	Adipem	
2-185	1181-1185	vero	
2-186	1186-1189	qui	
2-187	1190-1194	erat	
2-188	1195-1200	super	
2-189	1201-1208	vitalia	
2-190	1208-1209	,	
2-191	1210-1212	et	
2-192	1213-1222	reticulum	
2-193	1223-1230	jecoris	
2-194	1230-1231	,	
2-195	1232-1239	duosque	
2-196	1240-1250	renunculos	
2-197	1250-1251	,	
2-198	1252-1255	cum	
2-199	1256-1265	arvinulis	
2-200	1266-1270	suis	
2-201	1270-1271	,	
2-202	1272-1280	adolevit	
2-203	1281-1286	super	
2-204	1287-1293	altare	
2-205	1294-1295	:	
2-206	1296-1298	17	
2-207	1299-1306	vitulum	
2-208	1307-1310	cum	
2-209	1311-1316	pelle	
2-210	1316-1317	,	
2-211	1318-1320	et	
2-212	1321-1329	carnibus	
2-213	1329-1330	,	
2-214	1331-1333	et	
2-215	1334-1338	fimo	
2-216	1338-1339	,	
2-217	1340-1347	cremans	
2-218	1348-1353	extra	
2-219	1354-1360	castra	
2-220	1360-1361	,	
2-221	1362-1367	sicut	
2-222	1368-1378	præceperat	
2-223	1379-1386	Dominus	
2-224	1386-1387	.	
2-225	1388-1390	18	
2-226	1391-1398	Obtulit	
2-227	1399-1401	et	
2-228	1402-1409	arietem	
2-229	1410-1412	in	
2-230	1413-1424	holocaustum	
2-231	1425-1426	:	
2-232	1427-1432	super	
2-233	1433-1438	cujus	
2-234	1439-1444	caput	
2-235	1445-1448	cum	
2-236	1449-1461	imposuissent	
2-237	1462-1467	Aaron	
2-238	1468-1470	et	
2-239	1471-1476	filii	
2-240	1477-1481	ejus	
2-241	1482-1487	manus	
2-242	1488-1492	suas	
2-243	1492-1493	,	
2-244	1494-1496	19	
2-245	1497-1506	immolavit	
2-246	1507-1510	eum	
2-247	1510-1511	,	
2-248	1512-1514	et	
2-249	1515-1520	fudit	
2-250	1521-1530	sanguinem	
2-251	1531-1535	ejus	
2-252	1536-1539	per	
2-253	1540-1549	circuitum	
2-254	1550-1557	altaris	
2-255	1557-1558	.	
2-256	1559-1561	20	
2-257	1562-1570	Ipsumque	
2-258	1571-1578	arietem	
2-259	1579-1581	in	
2-260	1582-1588	frusta	
2-261	1589-1598	concidens	
2-262	1598-1599	,	
2-263	1600-1605	caput	
2-264	1606-1610	ejus	
2-265	1610-1611	,	
2-266	1612-1614	et	
2-267	1615-1620	artus	
2-268	1620-1621	,	
2-269	1622-1624	et	
2-270	1625-1631	adipem	
2-271	1632-1640	adolevit	
2-272	1641-1645	igni	
2-273	1645-1646	,	
2-274	1647-1649	21	
2-275	1650-1655	lotis	
2-276	1656-1661	prius	
2-277	1662-1672	intestinis	
2-278	1673-1675	et	
2-279	1676-1683	pedibus	
2-280	1684-1685	:	
2-281	1686-1694	totumque	
2-282	1695-1700	simul	
2-283	1701-1708	arietem	
2-284	1709-1717	incendit	
2-285	1718-1723	super	
2-286	1724-1730	altare	
2-287	1730-1731	,	
2-288	1732-1734	eo	
2-289	1735-1739	quod	
2-290	1740-1745	esset	
2-291	1746-1757	holocaustum	
2-292	1758-1768	suavissimi	
2-293	1769-1775	odoris	
2-294	1776-1782	Domino	
2-295	1782-1783	,	
2-296	1784-1789	sicut	
2-297	1790-1800	præceperat	
2-298	1801-1803	ei	
2-299	1803-1804	.	
2-300	1805-1807	22	
2-301	1808-1815	Obtulit	
2-302	1816-1818	et	
2-303	1819-1826	arietem	
2-304	1827-1835	secundum	
2-305	1836-1838	in	
2-306	1839-1852	consecratione	
2-307	1853-1863	sacerdotum	
2-308	1863-1864	,	
2-309	1865-1877	posueruntque	
2-310	1878-1883	super	
2-311	1884-1889	caput	
2-312	1890-1894	ejus	
2-313	1895-1900	Aaron	
2-314	1901-1903	et	
2-315	1904-1909	filii	
2-316	1910-1914	ejus	
2-317	1915-1920	manus	
2-318	1921-1925	suas	
2-319	1926-1927	:	
2-320	1928-1930	23	
2-321	1931-1935	quem	
2-322	1936-1939	cum	
2-323	1940-1950	immolasset	
2-324	1951-1957	Moyses	
2-325	1957-1958	,	
2-326	1959-1965	sumens	
2-327	1966-1968	de	
2-328	1969-1977	sanguine	
2-329	1978-1982	ejus	
2-330	1982-1983	,	
2-331	1984-1991	tetigit	
2-332	1992-2000	extremum	
2-333	2001-2009	auriculæ	
2-334	2010-2016	dextræ	
2-335	2017-2022	Aaron	
2-336	2022-2023	,	
2-337	2024-2026	et	
2-338	2027-2035	pollicem	
2-339	2036-2041	manus	
2-340	2042-2046	ejus	
2-341	2047-2053	dextræ	
2-342	2053-2054	,	
2-343	2055-2064	similiter	
2-344	2065-2067	et	
2-345	2068-2073	pedis	
2-346	2073-2074	.	
2-347	2075-2077	24	
2-348	2078-2085	Obtulit	
2-349	2086-2088	et	
2-350	2089-2095	filios	
2-351	2096-2101	Aaron	
2-352	2102-2103	:	
2-353	2104-2110	cumque	
2-354	2111-2113	de	
2-355	2114-2122	sanguine	
2-356	2123-2130	arietis	
2-357	2131-2139	immolati	
2-358	2140-2150	tetigisset	
2-359	2151-2159	extremum	
2-360	2160-2168	auriculæ	
2-361	2169-2179	singulorum	
2-362	2180-2186	dextræ	
2-363	2186-2187	,	
2-364	2188-2190	et	
2-365	2191-2199	pollices	
2-366	2200-2205	manus	
2-367	2206-2208	ac	
2-368	2209-2214	pedis	
2-369	2215-2221	dextri	
2-370	2221-2222	,	
2-371	2223-2231	reliquum	
2-372	2232-2237	fudit	
2-373	2238-2243	super	
2-374	2244-2250	altare	
2-375	2251-2254	per	
2-376	2255-2264	circuitum	
2-377	2265-2266	:	
2-378	2267-2269	25	
2-379	2270-2276	adipem	
2-380	2277-2281	vero	
2-381	2281-2282	,	
2-382	2283-2285	et	
2-383	2286-2292	caudam	
2-384	2292-2293	,	
2-385	2294-2302	omnemque	
2-386	2303-2314	pinguedinem	
2-387	2315-2318	quæ	
2-388	2319-2325	operit	
2-389	2326-2335	intestina	
2-390	2335-2336	,	
2-391	2337-2349	reticulumque	
2-392	2350-2357	jecoris	
2-393	2357-2358	,	
2-394	2359-2361	et	
2-395	2362-2366	duos	
2-396	2367-2372	renes	
2-397	2373-2376	cum	
2-398	2377-2385	adipibus	
2-399	2386-2390	suis	
2-400	2391-2393	et	
2-401	2394-2398	armo	
2-402	2399-2405	dextro	
2-403	2406-2415	separavit	
2-404	2415-2416	.	
2-405	2417-2419	26	
2-406	2420-2427	Tollens	
2-407	2428-2433	autem	
2-408	2434-2436	de	
2-409	2437-2445	canistro	
2-410	2446-2454	azymorum	
2-411	2454-2455	,	
2-412	2456-2460	quod	
2-413	2461-2465	erat	
2-414	2466-2471	coram	
2-415	2472-2478	Domino	
2-416	2478-2479	,	
2-417	2480-2485	panem	
2-418	2486-2492	absque	
2-419	2493-2501	fermento	
2-420	2501-2502	,	
2-421	2503-2505	et	
2-422	2506-2516	collyridam	
2-423	2517-2527	conspersam	
2-424	2528-2532	oleo	
2-425	2532-2533	,	
2-426	2534-2544	laganumque	
2-427	2544-2545	,	
2-428	2546-2552	posuit	
2-429	2553-2558	super	
2-430	2559-2565	adipes	
2-431	2565-2566	,	
2-432	2567-2569	et	
2-433	2570-2575	armum	
2-434	2576-2583	dextrum	
2-435	2583-2584	,	
2-436	2585-2587	27	
2-437	2588-2595	tradens	
2-438	2596-2601	simul	
2-439	2602-2607	omnia	
2-440	2608-2613	Aaron	
2-441	2614-2616	et	
2-442	2617-2623	filiis	
2-443	2624-2628	ejus	
2-444	2628-2629	.	

#Text=Qui postquam levaverunt ea coram Domino, 28 rursum suscepta de manibus eorum, adolevit super altare holocausti, eo quod consecrationis esset oblatio, in odorem suavitatis, sacrificii Domino.
#Text=29 Tulitque pectusculum, elevans illud coram Domino, de ariete consecrationis in partem suam, sicut præceperat ei Dominus.
#Text=30 Assumensque unguentum, et sanguinem qui erat in altari, aspersit super Aaron et vestimenta ejus, et super filios illius ac vestes eorum.
#Text=31 Cumque sanctificasset eos in vestitu suo, præcepit eis, dicens : Coquite carnes ante fores tabernaculi, et ibi comedite eas ; panes quoque consecrationis edite, qui positi sunt in canistro, sicut præcepit mihi Dominus, dicens : Aaron et filii ejus comedent eos : 32 quidquid autem reliquum fuerit de carne et panibus, ignis absumet.
#Text=33 De ostio quoque tabernaculi non exibitis septem diebus, usque ad diem quo complebitur tempus consecrationis vestræ ; septem enim diebus finitur consecratio : 34 sicut et impræsentiarum factum est, ut ritus sacrificii compleretur.
#Text=35 Die ac nocte manebitis in tabernaculo observantes custodias Domini, ne moriamini : sic enim mihi præceptum est.
3-1	2630-2633	Qui	
3-2	2634-2642	postquam	
3-3	2643-2653	levaverunt	
3-4	2654-2656	ea	
3-5	2657-2662	coram	
3-6	2663-2669	Domino	
3-7	2669-2670	,	
3-8	2671-2673	28	
3-9	2674-2680	rursum	
3-10	2681-2689	suscepta	
3-11	2690-2692	de	
3-12	2693-2700	manibus	
3-13	2701-2706	eorum	
3-14	2706-2707	,	
3-15	2708-2716	adolevit	
3-16	2717-2722	super	
3-17	2723-2729	altare	
3-18	2730-2740	holocausti	
3-19	2740-2741	,	
3-20	2742-2744	eo	
3-21	2745-2749	quod	
3-22	2750-2764	consecrationis	
3-23	2765-2770	esset	
3-24	2771-2778	oblatio	
3-25	2778-2779	,	
3-26	2780-2782	in	
3-27	2783-2789	odorem	
3-28	2790-2800	suavitatis	
3-29	2800-2801	,	
3-30	2802-2812	sacrificii	
3-31	2813-2819	Domino	
3-32	2819-2820	.	
3-33	2821-2823	29	
3-34	2824-2832	Tulitque	
3-35	2833-2844	pectusculum	
3-36	2844-2845	,	
3-37	2846-2853	elevans	
3-38	2854-2859	illud	
3-39	2860-2865	coram	
3-40	2866-2872	Domino	
3-41	2872-2873	,	
3-42	2874-2876	de	
3-43	2877-2883	ariete	
3-44	2884-2898	consecrationis	
3-45	2899-2901	in	
3-46	2902-2908	partem	
3-47	2909-2913	suam	
3-48	2913-2914	,	
3-49	2915-2920	sicut	
3-50	2921-2931	præceperat	
3-51	2932-2934	ei	
3-52	2935-2942	Dominus	
3-53	2942-2943	.	
3-54	2944-2946	30	
3-55	2947-2958	Assumensque	
3-56	2959-2968	unguentum	
3-57	2968-2969	,	
3-58	2970-2972	et	
3-59	2973-2982	sanguinem	
3-60	2983-2986	qui	
3-61	2987-2991	erat	
3-62	2992-2994	in	
3-63	2995-3001	altari	
3-64	3001-3002	,	
3-65	3003-3011	aspersit	
3-66	3012-3017	super	
3-67	3018-3023	Aaron	
3-68	3024-3026	et	
3-69	3027-3037	vestimenta	
3-70	3038-3042	ejus	
3-71	3042-3043	,	
3-72	3044-3046	et	
3-73	3047-3052	super	
3-74	3053-3059	filios	
3-75	3060-3066	illius	
3-76	3067-3069	ac	
3-77	3070-3076	vestes	
3-78	3077-3082	eorum	
3-79	3082-3083	.	
3-80	3084-3086	31	
3-81	3087-3093	Cumque	
3-82	3094-3108	sanctificasset	
3-83	3109-3112	eos	
3-84	3113-3115	in	
3-85	3116-3123	vestitu	
3-86	3124-3127	suo	
3-87	3127-3128	,	
3-88	3129-3137	præcepit	
3-89	3138-3141	eis	
3-90	3141-3142	,	
3-91	3143-3149	dicens	
3-92	3150-3151	:	
3-93	3152-3159	Coquite	
3-94	3160-3166	carnes	
3-95	3167-3171	ante	
3-96	3172-3177	fores	
3-97	3178-3189	tabernaculi	
3-98	3189-3190	,	
3-99	3191-3193	et	
3-100	3194-3197	ibi	
3-101	3198-3206	comedite	
3-102	3207-3210	eas	
3-103	3211-3212	;	
3-104	3213-3218	panes	
3-105	3219-3225	quoque	
3-106	3226-3240	consecrationis	
3-107	3241-3246	edite	
3-108	3246-3247	,	
3-109	3248-3251	qui	
3-110	3252-3258	positi	
3-111	3259-3263	sunt	
3-112	3264-3266	in	
3-113	3267-3275	canistro	
3-114	3275-3276	,	
3-115	3277-3282	sicut	
3-116	3283-3291	præcepit	
3-117	3292-3296	mihi	
3-118	3297-3304	Dominus	
3-119	3304-3305	,	
3-120	3306-3312	dicens	
3-121	3313-3314	:	
3-122	3315-3320	Aaron	
3-123	3321-3323	et	
3-124	3324-3329	filii	
3-125	3330-3334	ejus	
3-126	3335-3343	comedent	
3-127	3344-3347	eos	
3-128	3348-3349	:	
3-129	3350-3352	32	
3-130	3353-3361	quidquid	
3-131	3362-3367	autem	
3-132	3368-3376	reliquum	
3-133	3377-3383	fuerit	
3-134	3384-3386	de	
3-135	3387-3392	carne	
3-136	3393-3395	et	
3-137	3396-3403	panibus	
3-138	3403-3404	,	
3-139	3405-3410	ignis	
3-140	3411-3418	absumet	
3-141	3418-3419	.	
3-142	3420-3422	33	
3-143	3423-3425	De	
3-144	3426-3431	ostio	
3-145	3432-3438	quoque	
3-146	3439-3450	tabernaculi	
3-147	3451-3454	non	
3-148	3455-3463	exibitis	
3-149	3464-3470	septem	
3-150	3471-3477	diebus	
3-151	3477-3478	,	
3-152	3479-3484	usque	
3-153	3485-3487	ad	
3-154	3488-3492	diem	
3-155	3493-3496	quo	
3-156	3497-3508	complebitur	
3-157	3509-3515	tempus	
3-158	3516-3530	consecrationis	
3-159	3531-3537	vestræ	
3-160	3538-3539	;	
3-161	3540-3546	septem	
3-162	3547-3551	enim	
3-163	3552-3558	diebus	
3-164	3559-3566	finitur	
3-165	3567-3578	consecratio	
3-166	3579-3580	:	
3-167	3581-3583	34	
3-168	3584-3589	sicut	
3-169	3590-3592	et	
3-170	3593-3607	impræsentiarum	
3-171	3608-3614	factum	
3-172	3615-3618	est	
3-173	3618-3619	,	
3-174	3620-3622	ut	
3-175	3623-3628	ritus	
3-176	3629-3639	sacrificii	
3-177	3640-3651	compleretur	
3-178	3651-3652	.	
3-179	3653-3655	35	
3-180	3656-3659	Die	
3-181	3660-3662	ac	
3-182	3663-3668	nocte	
3-183	3669-3678	manebitis	
3-184	3679-3681	in	
3-185	3682-3693	tabernaculo	
3-186	3694-3705	observantes	
3-187	3706-3715	custodias	
3-188	3716-3722	Domini	
3-189	3722-3723	,	
3-190	3724-3726	ne	
3-191	3727-3736	moriamini	
3-192	3737-3738	:	
3-193	3739-3742	sic	
3-194	3743-3747	enim	
3-195	3748-3752	mihi	
3-196	3753-3762	præceptum	
3-197	3763-3766	est	
3-198	3766-3767	.	
