#FORMAT=WebAnno TSV 3.3


#Text=erkannte es als eine Speiſe und aß es.
1-1	3-11	erkannte	
1-2	12-14	es	
1-3	15-18	als	
1-4	19-23	eine	
1-5	24-30	Speiſe	
1-6	31-34	und	
1-7	35-37	aß	
1-8	38-40	es	
1-9	40-41	.	

#Text=Es ſchmeckte ihm ſehr
#Text=gut, und er bedauerte nur, daß er kein Brod habe, um es da-
#Text=zu eſſen zu koͤnnen.
2-1	42-44	Es	
2-2	45-54	ſchmeckte	
2-3	55-58	ihm	
2-4	59-63	ſehr	
2-5	64-67	gut	
2-6	67-68	,	
2-7	69-72	und	
2-8	73-75	er	
2-9	76-85	bedauerte	
2-10	86-89	nur	
2-11	89-90	,	
2-12	91-94	daß	
2-13	95-97	er	
2-14	98-102	kein	
2-15	103-107	Brod	
2-16	108-112	habe	
2-17	112-113	,	
2-18	114-116	um	
2-19	117-119	es	
2-20	120-122	da	
2-21	122-123	-	
2-22	124-126	zu	
2-23	127-132	eſſen	
2-24	133-135	zu	
2-25	136-143	koͤnnen	
2-26	143-144	.	

#Text=Worin beſteht das Ernſte und worin das
#Text=Laͤcherliche dieſer Anekdote?
3-1	145-150	Worin	
3-2	151-158	beſteht	
3-3	159-162	das	
3-4	163-169	Ernſte	
3-5	170-173	und	
3-6	174-179	worin	
3-7	180-183	das	
3-8	184-196	Laͤcherliche	
3-9	197-203	dieſer	
3-10	204-212	Anekdote	
3-11	212-213	?	

#Text=—
#Text=
#Text=Man gebe einem Eßluſtigen ein Stuͤck Brod.
4-1	214-215	—	
4-2	217-220	Man	
4-3	221-225	gebe	
4-4	226-231	einem	
4-5	232-242	Eßluſtigen	
4-6	243-246	ein	
4-7	247-253	Stuͤck	
4-8	254-258	Brod	
4-9	258-259	.	

#Text=Er wird
#Text=ſeufzen: ach wenn ich nur ein Stuͤckchen Kaͤſe oder Wurſt dazu
#Text=haͤtte.
5-1	260-262	Er	
5-2	263-267	wird	
5-3	268-275	ſeufzen	
5-4	275-276	:	
5-5	277-280	ach	
5-6	281-285	wenn	
5-7	286-289	ich	
5-8	290-293	nur	
5-9	294-297	ein	
5-10	298-308	Stuͤckchen	
5-11	309-314	Kaͤſe	
5-12	315-319	oder	
5-13	320-325	Wurſt	
5-14	326-330	dazu	
5-15	331-337	haͤtte	
5-16	337-338	.	

#Text=Man ſchenke einem Armen eine Wurſt, und er wird ſich
#Text=ein Stuͤck Brod dazu betteln.
6-1	339-342	Man	
6-2	343-350	ſchenke	
6-3	351-356	einem	
6-4	357-362	Armen	
6-5	363-367	eine	
6-6	368-373	Wurſt	
6-7	373-374	,	
6-8	375-378	und	
6-9	379-381	er	
6-10	382-386	wird	
6-11	387-391	ſich	
6-12	392-395	ein	
6-13	396-402	Stuͤck	
6-14	403-407	Brod	
6-15	408-412	dazu	
6-16	413-420	betteln	
6-17	420-421	.	

#Text=Man trage Rindfleiſch auf;
#Text=
#Text=jeder vernuͤnftige Gaſt wird denken: wo bleibt der Senf?
7-1	422-425	Man	
7-2	426-431	trage	
7-3	432-443	Rindfleiſch	
7-4	444-447	auf	
7-5	447-448	;	
7-6	450-455	jeder	
7-7	456-468	vernuͤnftige	
7-8	469-473	Gaſt	
7-9	474-478	wird	
7-10	479-485	denken	
7-11	485-486	:	
7-12	487-489	wo	
7-13	490-496	bleibt	
7-14	497-500	der	
7-15	501-505	Senf	
7-16	505-506	?	

#Text=—
#Text=Warum huͤpft jener lockige rothbackige Knabe ſo froͤhlich?
8-1	507-508	—	
8-2	509-514	Warum	
8-3	515-521	huͤpft	
8-4	522-527	jener	
8-5	528-535	lockige	
8-6	536-547	rothbackige	
8-7	548-553	Knabe	
8-8	554-556	ſo	
8-9	557-566	froͤhlich	
8-10	566-567	?	

#Text=Er
#Text=
#Text=hat eine dampfende Bratwurſt auf dem Wecken in der Hand,
#Text=die er jauchzend emporhaͤlt.
#Text=— Spricht man zu unverdorbe-
#Text=nen Naturſoͤhnen: „Stockfiſch iſt ein gutes Eſſen“ — ſo wird
#Text=die Antwort lauten: ja, mit durchgetriebenen Erbſen!
9-1	568-570	Er	
9-2	572-575	hat	
9-3	576-580	eine	
9-4	581-590	dampfende	
9-5	591-600	Bratwurſt	
9-6	601-604	auf	
9-7	605-608	dem	
9-8	609-615	Wecken	
9-9	616-618	in	
9-10	619-622	der	
9-11	623-627	Hand	
9-12	627-628	,	
9-13	629-632	die	
9-14	633-635	er	
9-15	636-645	jauchzend	
9-16	646-656	emporhaͤlt	
9-17	656-657	.	
9-18	658-659	—	
9-19	660-667	Spricht	
9-20	668-671	man	
9-21	672-674	zu	
9-22	675-685	unverdorbe	
9-23	685-686	-	
9-24	687-690	nen	
9-25	691-703	Naturſoͤhnen	
9-26	703-704	:	
9-27	705-706	„	
9-28	706-716	Stockfiſch	
9-29	717-720	iſt	
9-30	721-724	ein	
9-31	725-730	gutes	
9-32	731-736	Eſſen	
9-33	736-737	“	
9-34	738-739	—	
9-35	740-742	ſo	
9-36	743-747	wird	
9-37	748-751	die	
9-38	752-759	Antwort	
9-39	760-766	lauten	
9-40	766-767	:	
9-41	768-770	ja	
9-42	770-771	,	
9-43	772-775	mit	
9-44	776-792	durchgetriebenen	
9-45	793-799	Erbſen	
9-46	799-800	!	

#Text=— Man
#Text=wird kaum das Wort „Sauerkraut“ ausgeſprochen haben, ſo
#Text=wird man (wie bei einer mit dem Fiedelbogen angeſtrichenen
#Text=Glasſcheibe die Quinte) den Zuſatz: „und Schweinefleiſch„
#Text=mit- und nachtoͤnen hoͤren.
#Text=— Lobt man ein Linſengericht,
#Text=ſo erwiedert der Volkswitz: ja, zu jeder Linſe eine Bratwurſt
#Text=iſt was Schoͤnes.
10-1	801-802	—	
10-2	803-806	Man	
10-3	807-811	wird	
10-4	812-816	kaum	
10-5	817-820	das	
10-6	821-825	Wort	
10-7	826-827	„	
10-8	827-837	Sauerkraut	
10-9	837-838	“	
10-10	839-852	ausgeſprochen	
10-11	853-858	haben	
10-12	858-859	,	
10-13	860-862	ſo	
10-14	863-867	wird	
10-15	868-871	man	
10-16	872-873	(	
10-17	873-876	wie	
10-18	877-880	bei	
10-19	881-886	einer	
10-20	887-890	mit	
10-21	891-894	dem	
10-22	895-906	Fiedelbogen	
10-23	907-921	angeſtrichenen	
10-24	922-933	Glasſcheibe	
10-25	934-937	die	
10-26	938-944	Quinte	
10-27	944-945	)	
10-28	946-949	den	
10-29	950-956	Zuſatz	
10-30	956-957	:	
10-31	958-959	„	
10-32	959-962	und	
10-33	963-978	Schweinefleiſch	
10-34	978-979	„	
10-35	980-983	mit	
10-36	983-984	-	
10-37	985-988	und	
10-38	989-999	nachtoͤnen	
10-39	1000-1006	hoͤren	
10-40	1006-1007	.	
10-41	1008-1009	—	
10-42	1010-1014	Lobt	
10-43	1015-1018	man	
10-44	1019-1022	ein	
10-45	1023-1036	Linſengericht	
10-46	1036-1037	,	
10-47	1038-1040	ſo	
10-48	1041-1050	erwiedert	
10-49	1051-1054	der	
10-50	1055-1064	Volkswitz	
10-51	1064-1065	:	
10-52	1066-1068	ja	
10-53	1068-1069	,	
10-54	1070-1072	zu	
10-55	1073-1078	jeder	
10-56	1079-1084	Linſe	
10-57	1085-1089	eine	
10-58	1090-1099	Bratwurſt	
10-59	1100-1103	iſt	
10-60	1104-1107	was	
10-61	1108-1116	Schoͤnes	
10-62	1116-1117	.	

#Text=Wie lieblich harmonirt Schinken und Kopf-
#Text=ſalat!
11-1	1118-1121	Wie	
11-2	1122-1130	lieblich	
11-3	1131-1140	harmonirt	
11-4	1141-1149	Schinken	
11-5	1150-1153	und	
11-6	1154-1158	Kopf	
11-7	1158-1159	-	
11-8	1160-1165	ſalat	
11-9	1165-1166	!	

#Text=— Purpur fordert Gruͤn.
12-1	1167-1168	—	
12-2	1169-1175	Purpur	
12-3	1176-1183	fordert	
12-4	1184-1189	Gruͤn	
12-5	1189-1190	.	

#Text=Animaliſches fordert Vegetabiliſches.
13-1	1194-1206	Animaliſches	
13-2	1207-1214	fordert	
13-3	1215-1230	Vegetabiliſches	
13-4	1230-1231	.	

#Text=Vegetabiliſches for-
#Text=dert Animaliſches.
14-1	1232-1247	Vegetabiliſches	
14-2	1248-1251	for	
14-3	1251-1252	-	
14-4	1253-1257	dert	
14-5	1258-1270	Animaliſches	
14-6	1270-1271	.	

#Text=Das Ternaire, Stickſtoffloſe fordert zu ſei-
#Text=ner Ergaͤnzung Quaternaires, Stickſtoffhaltiges.
15-1	1272-1275	Das	
15-2	1276-1284	Ternaire	
15-3	1284-1285	,	
15-4	1286-1300	Stickſtoffloſe	
15-5	1301-1308	fordert	
15-6	1309-1311	zu	
15-7	1312-1315	ſei	
15-8	1315-1316	-	
15-9	1317-1320	ner	
15-10	1321-1331	Ergaͤnzung	
15-11	1332-1344	Quaternaires	
15-12	1344-1345	,	
15-13	1346-1364	Stickſtoffhaltiges	
15-14	1364-1365	.	
