#FORMAT=WebAnno TSV 3.3
#T_SP=custom.Span|label
#T_RL=custom.Relation|label|BT_custom.Span


#Text=About Google Book Search
#Text=
#Text=Google's mission is to organize the world's information and to make it universally accessible and useful.
1-1	2-7	About	_	_	_	
1-2	8-14	Google	_	_	_	
1-3	15-19	Book	_	_	_	
1-4	20-26	Search	_	_	_	
1-5	28-36	Google's	_	_	_	
1-6	37-44	mission	_	_	_	
1-7	45-47	is	_	_	_	
1-8	48-50	to	_	_	_	
1-9	51-59	organize	_	_	_	
1-10	60-63	the	_	_	_	
1-11	64-71	world's	_	_	_	
1-12	72-83	information	_	_	_	
1-13	84-87	and	_	_	_	
1-14	88-90	to	_	_	_	
1-15	91-95	make	_	_	_	
1-16	96-98	it	_	_	_	
1-17	99-110	universally	_	_	_	
1-18	111-121	accessible	_	_	_	
1-19	122-125	and	_	_	_	
1-20	126-132	useful	_	_	_	
1-21	132-133	.	_	_	_	

#Text=Google Book Search helps readers discover the world's books while helping authors and publishers reach new audiences.
2-1	134-140	Google	_	_	_	
2-2	141-145	Book	_	_	_	
2-3	146-152	Search	_	_	_	
2-4	153-158	helps	_	_	_	
2-5	159-166	readers	_	_	_	
2-6	167-175	discover	_	_	_	
2-7	176-179	the	_	_	_	
2-8	180-187	world's	_	_	_	
2-9	188-193	books	_	_	_	
2-10	194-199	while	_	_	_	
2-11	200-207	helping	_	_	_	
2-12	208-215	authors	_	_	_	
2-13	216-219	and	_	_	_	
2-14	220-230	publishers	_	_	_	
2-15	231-236	reach	_	_	_	
2-16	237-240	new	_	_	_	
2-17	241-250	audiences	_	_	_	
2-18	250-251	.	_	_	_	

#Text=S. 1.
3-1	252-253	S	_	_	_	
3-2	253-254	.	_	_	_	
3-3	255-256	1	_	_	_	
3-4	256-257	.	_	_	_	

#Text=Inter functiones integumentorum communium non vltimum locum tenent variae secretiones et excretiones cutaneac, quarum vfus in oeconomnia animali latissime patet.
4-1	258-263	Inter	_	_	_	
4-2	264-274	functiones	_	_	_	
4-3	275-289	integumentorum	_	_	_	
4-4	290-299	communium	_	_	_	
4-5	300-303	non	_	_	_	
4-6	304-311	vltimum	_	_	_	
4-7	312-317	locum	_	_	_	
4-8	318-324	tenent	_	_	_	
4-9	325-331	variae	_	_	_	
4-10	332-343	secretiones	_	_	_	
4-11	344-346	et	_	_	_	
4-12	347-358	excretiones	_	_	_	
4-13	359-367	cutaneac	_	_	_	
4-14	367-368	,	_	_	_	
4-15	369-375	quarum	_	_	_	
4-16	376-380	vfus	_	_	_	
4-17	381-383	in	_	_	_	
4-18	384-394	oeconomnia	_	_	_	
4-19	395-402	animali	_	_	_	
4-20	403-412	latissime	_	_	_	
4-21	413-418	patet	_	_	_	
4-22	418-419	.	_	_	_	

#Text=B.
5-1	420-421	B	_	_	_	
5-2	421-422	.	_	_	_	

#Text=II.
6-1	423-425	II	_	_	_	
6-2	425-426	.	_	_	_	

#Text=Maximae fane dignitatis est perspiratio fic dicta infenfibilis, quae, quamuis veteres haud lateret, studio demum SanctorII, GORTERI, Keilir et recentiorum medicorum, summam obtinuit famam,
#Text=
#Text=
#Text=
#Text=
#Text=
#Text=S.
7-1	427-434	Maximae	_	_	_	
7-2	435-439	fane	_	_	_	
7-3	440-450	dignitatis	_	_	_	
7-4	451-454	est	_	_	_	
7-5	455-466	perspiratio	_	_	_	
7-6	467-470	fic	_	_	_	
7-7	471-476	dicta	_	_	_	
7-8	477-489	infenfibilis	_	_	_	
7-9	489-490	,	_	_	_	
7-10	491-495	quae	_	_	_	
7-11	495-496	,	_	_	_	
7-12	497-504	quamuis	_	_	_	
7-13	505-512	veteres	_	_	_	
7-14	513-517	haud	_	_	_	
7-15	518-525	lateret	_	_	_	
7-16	525-526	,	_	_	_	
7-17	527-533	studio	_	_	_	
7-18	534-539	demum	_	_	_	
7-19	540-549	SanctorII	_	_	_	
7-20	549-550	,	_	_	_	
7-21	551-558	GORTERI	_	_	_	
7-22	558-559	,	_	_	_	
7-23	560-566	Keilir	_	_	_	
7-24	567-569	et	_	_	_	
7-25	570-581	recentiorum	_	_	_	
7-26	582-591	medicorum	_	_	_	
7-27	591-592	,	_	_	_	
7-28	593-599	summam	_	_	_	
7-29	600-608	obtinuit	_	_	_	
7-30	609-614	famam	_	_	_	
7-31	614-615	,	_	_	_	
7-32	621-622	S	_	_	_	
7-33	622-623	.	_	_	_	

#Text=III,
#Text=
#Text=
#Text=
#Text=
#Text=
#Text=g.
8-1	624-627	III	_	_	_	
8-2	627-628	,	_	_	_	
8-3	634-635	g	_	_	_	
8-4	635-636	.	_	_	_	

#Text=III.
9-1	637-640	III	_	_	_	
9-2	640-641	.	_	_	_	

#Text=Exhalatur
#Text=
#Text=nempe
#Text=
#Text=continuo de toto ainbitu cutis fluidum elaNicum, subtiliffimum, quod per cuticulae poros in aerem atinos.
#Text=phaericum transit.
10-1	642-651	Exhalatur	_	_	_	
10-2	653-658	nempe	_	_	_	
10-3	660-668	continuo	_	_	_	
10-4	669-671	de	_	_	_	
10-5	672-676	toto	_	_	_	
10-6	677-684	ainbitu	_	_	_	
10-7	685-690	cutis	_	_	_	
10-8	691-698	fluidum	_	_	_	
10-9	699-707	elaNicum	_	_	_	
10-10	707-708	,	_	_	_	
10-11	709-722	subtiliffimum	_	_	_	
10-12	722-723	,	_	_	_	
10-13	724-728	quod	_	_	_	
10-14	729-732	per	_	_	_	
10-15	733-742	cuticulae	_	_	_	
10-16	743-748	poros	_	_	_	
10-17	749-751	in	_	_	_	
10-18	752-757	aerem	_	_	_	
10-19	758-764	atinos	_	_	_	
10-20	764-765	.	_	_	_	
10-21	766-775	phaericum	_	_	_	
10-22	776-783	transit	_	_	_	
10-23	783-784	.	_	_	_	

#Text=Organa huius exhalationis funt rami minimi arteriarum numerofissimarum, quae a truncis mufculosis exortae in cute distribuuntur.
11-1	785-791	Organa	_	_	_	
11-2	792-797	huius	_	_	_	
11-3	798-810	exhalationis	_	_	_	
11-4	811-815	funt	_	_	_	
11-5	816-820	rami	_	_	_	
11-6	821-827	minimi	_	_	_	
11-7	828-838	arteriarum	_	_	_	
11-8	839-855	numerofissimarum	_	_	_	
11-9	855-856	,	_	_	_	
11-10	857-861	quae	_	_	_	
11-11	862-863	a	_	_	_	
11-12	864-871	truncis	_	_	_	
11-13	872-882	mufculosis	_	_	_	
11-14	883-890	exortae	_	_	_	
11-15	891-893	in	_	_	_	
11-16	894-898	cute	_	_	_	
11-17	899-912	distribuuntur	_	_	_	
11-18	912-913	.	_	_	_	

#Text=Materiss perfpirationis ipfa partim aer eft mephiticae indolis a), partim autein e vaporibus constat, qui, fimulac principio caloris priuantur, visibiles frunt, et tanden Auidum conftituunt - Atillatitiúin.
12-1	914-922	Materiss	_	_	_	
12-2	923-937	perfpirationis	_	_	_	
12-3	938-942	ipfa	_	_	_	
12-4	943-949	partim	_	_	_	
12-5	950-953	aer	Smell\_Source	_	_	
12-6	954-957	eft	_	_	_	
12-7	958-968	mephiticae	Smell\_Word	*	12-5	
12-8	969-976	indolis	_	_	_	
12-9	977-978	a	_	_	_	
12-10	978-979	)	_	_	_	
12-11	979-980	,	_	_	_	
12-12	981-987	partim	_	_	_	
12-13	988-994	autein	_	_	_	
12-14	995-996	e	_	_	_	
12-15	997-1006	vaporibus	_	_	_	
12-16	1007-1014	constat	_	_	_	
12-17	1014-1015	,	_	_	_	
12-18	1016-1019	qui	_	_	_	
12-19	1019-1020	,	_	_	_	
12-20	1021-1028	fimulac	_	_	_	
12-21	1029-1038	principio	_	_	_	
12-22	1039-1046	caloris	_	_	_	
12-23	1047-1056	priuantur	_	_	_	
12-24	1056-1057	,	_	_	_	
12-25	1058-1067	visibiles	_	_	_	
12-26	1068-1073	frunt	_	_	_	
12-27	1073-1074	,	_	_	_	
12-28	1075-1077	et	_	_	_	
12-29	1078-1084	tanden	_	_	_	
12-30	1085-1091	Auidum	_	_	_	
12-31	1092-1103	conftituunt	_	_	_	
12-32	1104-1105	-	_	_	_	
12-33	1106-1119	Atillatitiúin	_	_	_	
12-34	1119-1120	.	_	_	_	

#Text=Facile ergo conspicitur perfpiratio eutanea in aerę frigidiori atque densiori.
13-1	1121-1127	Facile	_	_	_	
13-2	1128-1132	ergo	_	_	_	
13-3	1133-1144	conspicitur	_	_	_	
13-4	1145-1156	perfpiratio	_	_	_	
13-5	1157-1164	eutanea	_	_	_	
13-6	1165-1167	in	_	_	_	
13-7	1168-1172	aerę	_	_	_	
13-8	1173-1183	frigidiori	_	_	_	
13-9	1184-1189	atque	_	_	_	
13-10	1190-1198	densiori	_	_	_	
13-11	1198-1199	.	_	_	_	

#Text=B.
14-1	1200-1201	B	_	_	_	
14-2	1201-1202	.	_	_	_	

#Text=Haller in cuniculis fubterraneis Clausthaliae et Mon.
#Text=tis Rammelsberg de omni nudi corporis particula fumum nubemque exhalare vidit b).
15-1	1203-1209	Haller	_	_	_	
15-2	1210-1212	in	_	_	_	
15-3	1213-1222	cuniculis	_	_	_	
15-4	1223-1235	fubterraneis	_	_	_	
15-5	1236-1248	Clausthaliae	_	_	_	
15-6	1249-1251	et	_	_	_	
15-7	1252-1255	Mon	_	_	_	
15-8	1255-1256	.	_	_	_	
15-9	1257-1260	tis	_	_	_	
15-10	1261-1272	Rammelsberg	_	_	_	
15-11	1273-1275	de	_	_	_	
15-12	1276-1280	omni	_	_	_	
15-13	1281-1285	nudi	_	_	_	
15-14	1286-1294	corporis	_	_	_	
15-15	1295-1304	particula	_	_	_	
15-16	1305-1310	fumum	_	_	_	
15-17	1311-1319	nubemque	_	_	_	
15-18	1320-1328	exhalare	_	_	_	
15-19	1329-1334	vidit	_	_	_	
15-20	1335-1336	b	_	_	_	
15-21	1336-1337	)	_	_	_	
15-22	1337-1338	.	_	_	_	

#Text=Tempore hiberno animalia plerumque in nube vaporum verfantur.
16-1	1339-1346	Tempore	_	_	_	
16-2	1347-1354	hiberno	_	_	_	
16-3	1355-1363	animalia	_	_	_	
16-4	1364-1373	plerumque	_	_	_	
16-5	1374-1376	in	_	_	_	
16-6	1377-1381	nube	_	_	_	
16-7	1382-1389	vaporum	_	_	_	
16-8	1390-1399	verfantur	_	_	_	
16-9	1399-1400	.	_	_	_	

#Text='Huinescunt corpora frigida, cuti animalis bene perspirantis oppofita.
17-1	1401-1402	'	_	_	_	
17-2	1402-1412	Huinescunt	_	_	_	
17-3	1413-1420	corpora	_	_	_	
17-4	1421-1428	frigida	_	_	_	
17-5	1428-1429	,	_	_	_	
17-6	1430-1434	cuti	_	_	_	
17-7	1435-1443	animalis	_	_	_	
17-8	1444-1448	bene	_	_	_	
17-9	1449-1461	perspirantis	_	_	_	
17-10	1462-1470	oppofita	_	_	_	
17-11	1470-1471	.	_	_	_	

#Text=Basis vaporum istorum dicto inodo confpicua reddita, quoad maximam partem mere aquosa est, sed etiam materiem electricam atque partes volatiles admixtas habet perspirabile Sanctorianum,
#Text=
#Text=
#Text=
#Text=
#Text=
#Text=Praeter perspirationem infenfilem, qua omnia feré gaudent animalia, in homine multisque animantibus interdum eruptio humo.
#Text=ris confpicua per integrae cutis poros obseruatur,
#Text=
#Text=
#Text=
#Text=, quam
#Text=
#Text=fudorein appellamus.
18-1	1472-1477	Basis	_	_	_	
18-2	1478-1485	vaporum	_	_	_	
18-3	1486-1493	istorum	_	_	_	
18-4	1494-1499	dicto	_	_	_	
18-5	1500-1505	inodo	_	_	_	
18-6	1506-1515	confpicua	_	_	_	
18-7	1516-1523	reddita	_	_	_	
18-8	1523-1524	,	_	_	_	
18-9	1525-1530	quoad	_	_	_	
18-10	1531-1538	maximam	_	_	_	
18-11	1539-1545	partem	_	_	_	
18-12	1546-1550	mere	_	_	_	
18-13	1551-1557	aquosa	_	_	_	
18-14	1558-1561	est	_	_	_	
18-15	1561-1562	,	_	_	_	
18-16	1563-1566	sed	_	_	_	
18-17	1567-1572	etiam	_	_	_	
18-18	1573-1581	materiem	_	_	_	
18-19	1582-1592	electricam	_	_	_	
18-20	1593-1598	atque	_	_	_	
18-21	1599-1605	partes	_	_	_	
18-22	1606-1615	volatiles	_	_	_	
18-23	1616-1624	admixtas	_	_	_	
18-24	1625-1630	habet	_	_	_	
18-25	1631-1643	perspirabile	_	_	_	
18-26	1644-1656	Sanctorianum	_	_	_	
18-27	1656-1657	,	_	_	_	
18-28	1663-1670	Praeter	_	_	_	
18-29	1671-1685	perspirationem	_	_	_	
18-30	1686-1696	infenfilem	_	_	_	
18-31	1696-1697	,	_	_	_	
18-32	1698-1701	qua	_	_	_	
18-33	1702-1707	omnia	_	_	_	
18-34	1708-1712	feré	_	_	_	
18-35	1713-1720	gaudent	_	_	_	
18-36	1721-1729	animalia	_	_	_	
18-37	1729-1730	,	_	_	_	
18-38	1731-1733	in	_	_	_	
18-39	1734-1740	homine	_	_	_	
18-40	1741-1750	multisque	_	_	_	
18-41	1751-1762	animantibus	_	_	_	
18-42	1763-1771	interdum	_	_	_	
18-43	1772-1779	eruptio	_	_	_	
18-44	1780-1784	humo	_	_	_	
18-45	1784-1785	.	_	_	_	
18-46	1786-1789	ris	_	_	_	
18-47	1790-1799	confpicua	_	_	_	
18-48	1800-1803	per	_	_	_	
18-49	1804-1812	integrae	_	_	_	
18-50	1813-1818	cutis	_	_	_	
18-51	1819-1824	poros	_	_	_	
18-52	1825-1835	obseruatur	_	_	_	
18-53	1835-1836	,	_	_	_	
18-54	1840-1841	,	_	_	_	
18-55	1842-1846	quam	_	_	_	
18-56	1848-1856	fudorein	_	_	_	
18-57	1857-1867	appellamus	_	_	_	
18-58	1867-1868	.	_	_	_	

#Text=Quod
#Text=
#Text=a) sc.
#Text=gas acido carbonaceum, hydrogenium & oxygenium, quae bina
#Text=
#Text=poftrema aqueam quoque suderis bafin conftituunt.
19-1	1869-1873	Quod	_	_	_	
19-2	1875-1876	a	_	_	_	
19-3	1876-1877	)	_	_	_	
19-4	1878-1880	sc	_	_	_	
19-5	1880-1881	.	_	_	_	
19-6	1882-1885	gas	_	_	_	
19-7	1886-1891	acido	_	_	_	
19-8	1892-1903	carbonaceum	_	_	_	
19-9	1903-1904	,	_	_	_	
19-10	1905-1916	hydrogenium	_	_	_	
19-11	1917-1918	&	_	_	_	
19-12	1919-1928	oxygenium	_	_	_	
19-13	1928-1929	,	_	_	_	
19-14	1930-1934	quae	_	_	_	
19-15	1935-1939	bina	_	_	_	
19-16	1941-1949	poftrema	_	_	_	
19-17	1950-1956	aqueam	_	_	_	
19-18	1957-1963	quoque	_	_	_	
19-19	1964-1971	suderis	_	_	_	
19-20	1972-1977	bafin	_	_	_	
19-21	1978-1989	conftituunt	_	_	_	
19-22	1989-1990	.	_	_	_	
