#FORMAT=WebAnno TSV 3.3


#Text=krygt: waar van het Zeevolk op de Rhede, meer beweeging hebbende, en zich daar minder in kunnende te buiten gaan, bevryd blyft.
1-1	2-7	krygt	
1-2	7-8	:	
1-3	9-13	waar	
1-4	14-17	van	
1-5	18-21	het	
1-6	22-29	Zeevolk	
1-7	30-32	op	
1-8	33-35	de	
1-9	36-41	Rhede	
1-10	41-42	,	
1-11	43-47	meer	
1-12	48-57	beweeging	
1-13	58-66	hebbende	
1-14	66-67	,	
1-15	68-70	en	
1-16	71-75	zich	
1-17	76-80	daar	
1-18	81-87	minder	
1-19	88-90	in	
1-20	91-99	kunnende	
1-21	100-102	te	
1-22	103-109	buiten	
1-23	110-114	gaan	
1-24	114-115	,	
1-25	116-122	bevryd	
1-26	123-128	blyft	
1-27	128-129	.	

#Text=Waarom hooger Landen gezonder zyn dan laagere, hebben wy reeds te voren aangetekend:
#Text=- contagieuse Ziekten behooren niet tot ons bestek, en dus kunnen de Waarneemingen van de Heeren lind en titsing(c), niet anders bewyzen, dan dat de Lucht op Zee dikwerf niet besmettelyk is, daar zy op het Land, door haar gif, Ziekten veroorzaakt.
#Text=- Misschien is ook in dit geval de levenswyze, en de meerdere rust of beweeging, onder de oorzaaken te tellen.
2-1	132-138	Waarom	
2-2	139-145	hooger	
2-3	146-152	Landen	
2-4	153-161	gezonder	
2-5	162-165	zyn	
2-6	166-169	dan	
2-7	170-177	laagere	
2-8	177-178	,	
2-9	179-185	hebben	
2-10	186-188	wy	
2-11	189-194	reeds	
2-12	195-197	te	
2-13	198-203	voren	
2-14	204-215	aangetekend	
2-15	215-216	:	
2-16	217-218	-	
2-17	219-230	contagieuse	
2-18	231-238	Ziekten	
2-19	239-247	behooren	
2-20	248-252	niet	
2-21	253-256	tot	
2-22	257-260	ons	
2-23	261-267	bestek	
2-24	267-268	,	
2-25	269-271	en	
2-26	272-275	dus	
2-27	276-282	kunnen	
2-28	283-285	de	
2-29	286-299	Waarneemingen	
2-30	300-303	van	
2-31	304-306	de	
2-32	307-313	Heeren	
2-33	314-318	lind	
2-34	319-321	en	
2-35	322-329	titsing	
2-36	329-330	(	
2-37	330-331	c	
2-38	331-332	)	
2-39	332-333	,	
2-40	334-338	niet	
2-41	339-345	anders	
2-42	346-353	bewyzen	
2-43	353-354	,	
2-44	355-358	dan	
2-45	359-362	dat	
2-46	363-365	de	
2-47	366-371	Lucht	
2-48	372-374	op	
2-49	375-378	Zee	
2-50	379-386	dikwerf	
2-51	387-391	niet	
2-52	392-403	besmettelyk	
2-53	404-406	is	
2-54	406-407	,	
2-55	408-412	daar	
2-56	413-415	zy	
2-57	416-418	op	
2-58	419-422	het	
2-59	423-427	Land	
2-60	427-428	,	
2-61	429-433	door	
2-62	434-438	haar	
2-63	439-442	gif	
2-64	442-443	,	
2-65	444-451	Ziekten	
2-66	452-463	veroorzaakt	
2-67	463-464	.	
2-68	465-466	-	
2-69	467-476	Misschien	
2-70	477-479	is	
2-71	480-483	ook	
2-72	484-486	in	
2-73	487-490	dit	
2-74	491-496	geval	
2-75	497-499	de	
2-76	500-510	levenswyze	
2-77	510-511	,	
2-78	512-514	en	
2-79	515-517	de	
2-80	518-526	meerdere	
2-81	527-531	rust	
2-82	532-534	of	
2-83	535-544	beweeging	
2-84	544-545	,	
2-85	546-551	onder	
2-86	552-554	de	
2-87	555-564	oorzaaken	
2-88	565-567	te	
2-89	568-574	tellen	
2-90	574-575	.	

#Text=Een snelvlietende Rivier, door een moeras gestopt, maakt den grond der Stad of Plaats, waar hy doorloopt, zeker vochtiger;
#Text=de Huizen worden dus ook vochtig, en 'er zyn, derhalven, meer oorzaaken tot belette uitwaasseming.
3-1	578-581	Een	
3-2	582-595	snelvlietende	
3-3	596-602	Rivier	
3-4	602-603	,	
3-5	604-608	door	
3-6	609-612	een	
3-7	613-619	moeras	
3-8	620-627	gestopt	
3-9	627-628	,	
3-10	629-634	maakt	
3-11	635-638	den	
3-12	639-644	grond	
3-13	645-648	der	
3-14	649-653	Stad	
3-15	654-656	of	
3-16	657-663	Plaats	
3-17	663-664	,	
3-18	665-669	waar	
3-19	670-672	hy	
3-20	673-682	doorloopt	
3-21	682-683	,	
3-22	684-689	zeker	
3-23	690-699	vochtiger	
3-24	699-700	;	
3-25	701-703	de	
3-26	704-710	Huizen	
3-27	711-717	worden	
3-28	718-721	dus	
3-29	722-725	ook	
3-30	726-733	vochtig	
3-31	733-734	,	
3-32	735-737	en	
3-33	738-739	'	
3-34	739-741	er	
3-35	742-745	zyn	
3-36	745-746	,	
3-37	747-756	derhalven	
3-38	756-757	,	
3-39	758-762	meer	
3-40	763-772	oorzaaken	
3-41	773-776	tot	
3-42	777-784	belette	
3-43	785-798	uitwaasseming	
3-44	798-799	.	

#Text=Zeker is het te gelyk, dat inundatien dikwerf Rotziekten veroorzaaken.
#Text=- Zy maaken eene schaarsheid van levensmiddelen, om dat de toevoer gestremd is;
#Text=zy vervullen de Lucht dikwerf met arsenikaale dampen(d): - daar komen gemeenlyk gemoedsaandoeningen by, - en de doorweekte grond moet noodzaakelyk de Huizen, welke niet van behoorlyke grondslagen, met bekwaame betraste muuren, en boven de peil van het water uitsteekende, zyn bezorgd, nat, koud, en vochtig maaken; en dus zeer geschikt om de Uitwaasseming te beletten.
#Text=- Dit is eene oorzaak, welke ten platte Lande, meer dan in de Steden, plaats heeft.
#Text=- Hierom zyn de laagere moerassige Landen ongezonder;
#Text=- om deze reden zyn de Kelders, en Onderhuizen, in de Steden, nadeelig; - en even daarom is het schadelyk, de slaapplaatzen en bedsteden laag by den grond te hebben(e).
4-1	801-806	Zeker	
4-2	807-809	is	
4-3	810-813	het	
4-4	814-816	te	
4-5	817-822	gelyk	
4-6	822-823	,	
4-7	824-827	dat	
4-8	828-838	inundatien	
4-9	839-846	dikwerf	
4-10	847-857	Rotziekten	
4-11	858-870	veroorzaaken	
4-12	870-871	.	
4-13	872-873	-	
4-14	874-876	Zy	
4-15	877-883	maaken	
4-16	884-888	eene	
4-17	889-900	schaarsheid	
4-18	901-904	van	
4-19	905-919	levensmiddelen	
4-20	919-920	,	
4-21	921-923	om	
4-22	924-927	dat	
4-23	928-930	de	
4-24	931-938	toevoer	
4-25	939-947	gestremd	
4-26	948-950	is	
4-27	950-951	;	
4-28	952-954	zy	
4-29	955-964	vervullen	
4-30	965-967	de	
4-31	968-973	Lucht	
4-32	974-981	dikwerf	
4-33	982-985	met	
4-34	986-997	arsenikaale	
4-35	998-1004	dampen	
4-36	1004-1005	(	
4-37	1005-1006	d	
4-38	1006-1007	)	
4-39	1007-1008	:	
4-40	1009-1010	-	
4-41	1011-1015	daar	
4-42	1016-1021	komen	
4-43	1022-1031	gemeenlyk	
4-44	1032-1051	gemoedsaandoeningen	
4-45	1052-1054	by	
4-46	1054-1055	,	
4-47	1056-1057	-	
4-48	1058-1060	en	
4-49	1061-1063	de	
4-50	1064-1074	doorweekte	
4-51	1075-1080	grond	
4-52	1081-1085	moet	
4-53	1086-1098	noodzaakelyk	
4-54	1099-1101	de	
4-55	1102-1108	Huizen	
4-56	1108-1109	,	
4-57	1110-1115	welke	
4-58	1116-1120	niet	
4-59	1121-1124	van	
4-60	1125-1135	behoorlyke	
4-61	1136-1147	grondslagen	
4-62	1147-1148	,	
4-63	1149-1152	met	
4-64	1153-1161	bekwaame	
4-65	1162-1170	betraste	
4-66	1171-1177	muuren	
4-67	1177-1178	,	
4-68	1179-1181	en	
4-69	1182-1187	boven	
4-70	1188-1190	de	
4-71	1191-1195	peil	
4-72	1196-1199	van	
4-73	1200-1203	het	
4-74	1204-1209	water	
4-75	1210-1222	uitsteekende	
4-76	1222-1223	,	
4-77	1224-1227	zyn	
4-78	1228-1235	bezorgd	
4-79	1235-1236	,	
4-80	1237-1240	nat	
4-81	1240-1241	,	
4-82	1242-1246	koud	
4-83	1246-1247	,	
4-84	1248-1250	en	
4-85	1251-1258	vochtig	
4-86	1259-1265	maaken	
4-87	1265-1266	;	
4-88	1267-1269	en	
4-89	1270-1273	dus	
4-90	1274-1278	zeer	
4-91	1279-1287	geschikt	
4-92	1288-1290	om	
4-93	1291-1293	de	
4-94	1294-1307	Uitwaasseming	
4-95	1308-1310	te	
4-96	1311-1319	beletten	
4-97	1319-1320	.	
4-98	1321-1322	-	
4-99	1323-1326	Dit	
4-100	1327-1329	is	
4-101	1330-1334	eene	
4-102	1335-1342	oorzaak	
4-103	1342-1343	,	
4-104	1344-1349	welke	
4-105	1350-1353	ten	
4-106	1354-1360	platte	
4-107	1361-1366	Lande	
4-108	1366-1367	,	
4-109	1368-1372	meer	
4-110	1373-1376	dan	
4-111	1377-1379	in	
4-112	1380-1382	de	
4-113	1383-1389	Steden	
4-114	1389-1390	,	
4-115	1391-1397	plaats	
4-116	1398-1403	heeft	
4-117	1403-1404	.	
4-118	1405-1406	-	
4-119	1407-1413	Hierom	
4-120	1414-1417	zyn	
4-121	1418-1420	de	
4-122	1421-1428	laagere	
4-123	1429-1439	moerassige	
4-124	1440-1446	Landen	
4-125	1447-1457	ongezonder	
4-126	1457-1458	;	
4-127	1459-1460	-	
4-128	1461-1463	om	
4-129	1464-1468	deze	
4-130	1469-1474	reden	
4-131	1475-1478	zyn	
4-132	1479-1481	de	
4-133	1482-1489	Kelders	
4-134	1489-1490	,	
4-135	1491-1493	en	
4-136	1494-1505	Onderhuizen	
4-137	1505-1506	,	
4-138	1507-1509	in	
4-139	1510-1512	de	
4-140	1513-1519	Steden	
4-141	1519-1520	,	
4-142	1521-1529	nadeelig	
4-143	1529-1530	;	
4-144	1531-1532	-	
4-145	1533-1535	en	
4-146	1536-1540	even	
4-147	1541-1547	daarom	
4-148	1548-1550	is	
4-149	1551-1554	het	
4-150	1555-1564	schadelyk	
4-151	1564-1565	,	
4-152	1566-1568	de	
4-153	1569-1582	slaapplaatzen	
4-154	1583-1585	en	
4-155	1586-1595	bedsteden	
4-156	1596-1600	laag	
4-157	1601-1603	by	
4-158	1604-1607	den	
4-159	1608-1613	grond	
4-160	1614-1616	te	
4-161	1617-1623	hebben	
4-162	1623-1624	(	
4-163	1624-1625	e	
4-164	1625-1626	)	
4-165	1626-1627	.	

#Text=Batavia immers
#Text=(a)
#Text=
#Text=
#Text=Zie job baster, l. c. p. 127.
5-1	1628-1635	Batavia	
5-2	1636-1642	immers	
5-3	1643-1644	(	
5-4	1644-1645	a	
5-5	1645-1646	)	
5-6	1649-1652	Zie	
5-7	1653-1656	job	
5-8	1657-1663	baster	
5-9	1663-1664	,	
5-10	1665-1666	l	
5-11	1666-1667	.	
5-12	1668-1669	c	
5-13	1669-1670	.	
5-14	1671-1672	p	
5-15	1672-1673	.	
5-16	1674-1677	127	
5-17	1677-1678	.	

#Text=(b)
#Text=
#Text=Ibid.
#Text=l. c.
6-1	1680-1681	(	
6-2	1681-1682	b	
6-3	1682-1683	)	
6-4	1685-1689	Ibid	
6-5	1689-1690	.	
6-6	1691-1692	l	
6-7	1692-1693	.	
6-8	1694-1695	c	
6-9	1695-1696	.	

#Text=(c)
7-1	1697-1698	(	
7-2	1698-1699	c	
7-3	1699-1700	)	
