#FORMAT=WebAnno TSV 3.3


#Text=Na eerst eenige algemeene bedenkingen tegen het bestaan van een miasma paludosum te hebben opgelost, en derzelver geringe wetenschappelijke waarde te hebben aangetoond, na den zin, dien men aan de uitdrukking miasma paludosum hechten moet, zoodanig verklaard te hebben, dat daaronder eene bepaalde ziekte-oorzaak te verstaan is, die slechts daarin van het contagium verschilt, dat het zich niet zelfstandig kan reproduceren, en dus
#Text=[
#Text=p. 585]
#Text=slechts eigenaardige ziekten zal voortbrengen, die echter in haar beloop ontaardende en kwaadaardig wordende soms zich door besmetting kunnen verbreiden; na dit alles met onpartijdigheid en helderheid uiteengezet te hebben, gaat de Heer v.g.
#Text=er toe over, om in acht punten of stellingen nader het bestaan van een moerasgif te verdedigen, waaraan men eene overtuigende kracht niet ontzeggen zal.
1-1	4-6	Na	
1-2	7-12	eerst	
1-3	13-19	eenige	
1-4	20-29	algemeene	
1-5	30-41	bedenkingen	
1-6	42-47	tegen	
1-7	48-51	het	
1-8	52-59	bestaan	
1-9	60-63	van	
1-10	64-67	een	
1-11	68-74	miasma	
1-12	75-84	paludosum	
1-13	85-87	te	
1-14	88-94	hebben	
1-15	95-103	opgelost	
1-16	103-104	,	
1-17	105-107	en	
1-18	108-117	derzelver	
1-19	118-125	geringe	
1-20	126-143	wetenschappelijke	
1-21	144-150	waarde	
1-22	151-153	te	
1-23	154-160	hebben	
1-24	161-171	aangetoond	
1-25	171-172	,	
1-26	173-175	na	
1-27	176-179	den	
1-28	180-183	zin	
1-29	183-184	,	
1-30	185-189	dien	
1-31	190-193	men	
1-32	194-197	aan	
1-33	198-200	de	
1-34	201-212	uitdrukking	
1-35	213-219	miasma	
1-36	220-229	paludosum	
1-37	230-237	hechten	
1-38	238-242	moet	
1-39	242-243	,	
1-40	244-252	zoodanig	
1-41	253-262	verklaard	
1-42	263-265	te	
1-43	266-272	hebben	
1-44	272-273	,	
1-45	274-277	dat	
1-46	278-287	daaronder	
1-47	288-292	eene	
1-48	293-301	bepaalde	
1-49	302-316	ziekte-oorzaak	
1-50	317-319	te	
1-51	320-328	verstaan	
1-52	329-331	is	
1-53	331-332	,	
1-54	333-336	die	
1-55	337-344	slechts	
1-56	345-351	daarin	
1-57	352-355	van	
1-58	356-359	het	
1-59	360-369	contagium	
1-60	370-379	verschilt	
1-61	379-380	,	
1-62	381-384	dat	
1-63	385-388	het	
1-64	389-393	zich	
1-65	394-398	niet	
1-66	399-410	zelfstandig	
1-67	411-414	kan	
1-68	415-427	reproduceren	
1-69	427-428	,	
1-70	429-431	en	
1-71	432-435	dus	
1-72	436-437	[	
1-73	438-439	p	
1-74	439-440	.	
1-75	441-444	585	
1-76	444-445	]	
1-77	446-453	slechts	
1-78	454-466	eigenaardige	
1-79	467-474	ziekten	
1-80	475-478	zal	
1-81	479-491	voortbrengen	
1-82	491-492	,	
1-83	493-496	die	
1-84	497-503	echter	
1-85	504-506	in	
1-86	507-511	haar	
1-87	512-518	beloop	
1-88	519-530	ontaardende	
1-89	531-533	en	
1-90	534-545	kwaadaardig	
1-91	546-554	wordende	
1-92	555-559	soms	
1-93	560-564	zich	
1-94	565-569	door	
1-95	570-580	besmetting	
1-96	581-587	kunnen	
1-97	588-598	verbreiden	
1-98	598-599	;	
1-99	600-602	na	
1-100	603-606	dit	
1-101	607-612	alles	
1-102	613-616	met	
1-103	617-632	onpartijdigheid	
1-104	633-635	en	
1-105	636-646	helderheid	
1-106	647-658	uiteengezet	
1-107	659-661	te	
1-108	662-668	hebben	
1-109	668-669	,	
1-110	670-674	gaat	
1-111	675-677	de	
1-112	678-682	Heer	
1-113	683-686	v.g	
1-114	686-687	.	
1-115	688-690	er	
1-116	691-694	toe	
1-117	695-699	over	
1-118	699-700	,	
1-119	701-703	om	
1-120	704-706	in	
1-121	707-711	acht	
1-122	712-718	punten	
1-123	719-721	of	
1-124	722-732	stellingen	
1-125	733-738	nader	
1-126	739-742	het	
1-127	743-750	bestaan	
1-128	751-754	van	
1-129	755-758	een	
1-130	759-768	moerasgif	
1-131	769-771	te	
1-132	772-782	verdedigen	
1-133	782-783	,	
1-134	784-791	waaraan	
1-135	792-795	men	
1-136	796-800	eene	
1-137	801-813	overtuigende	
1-138	814-820	kracht	
1-139	821-825	niet	
1-140	826-835	ontzeggen	
1-141	836-839	zal	
1-142	839-840	.	

#Text=Stelling 1.
2-1	842-850	Stelling	
2-2	851-852	1	
2-3	852-853	.	

#Text=De tusschenpoozende koortsen worden slechts op bepaalde plaatsen als volksziekten gevonden, en wel in die streken, welke door hare moerassige gesteldheid, voor de vorming van het miasma palud.
#Text=geschikt zijn.
3-1	854-856	De	
3-2	857-873	tusschenpoozende	
3-3	874-882	koortsen	
3-4	883-889	worden	
3-5	890-897	slechts	
3-6	898-900	op	
3-7	901-909	bepaalde	
3-8	910-918	plaatsen	
3-9	919-922	als	
3-10	923-935	volksziekten	
3-11	936-944	gevonden	
3-12	944-945	,	
3-13	946-948	en	
3-14	949-952	wel	
3-15	953-955	in	
3-16	956-959	die	
3-17	960-967	streken	
3-18	967-968	,	
3-19	969-974	welke	
3-20	975-979	door	
3-21	980-984	hare	
3-22	985-995	moerassige	
3-23	996-1007	gesteldheid	
3-24	1007-1008	,	
3-25	1009-1013	voor	
3-26	1014-1016	de	
3-27	1017-1024	vorming	
3-28	1025-1028	van	
3-29	1029-1032	het	
3-30	1033-1039	miasma	
3-31	1040-1045	palud	
3-32	1045-1046	.	
3-33	1047-1055	geschikt	
3-34	1056-1060	zijn	
3-35	1060-1061	.	

#Text=Stell.
#Text=2.
4-1	1063-1068	Stell	
4-2	1068-1069	.	
4-3	1070-1071	2	
4-4	1071-1072	.	

#Text=De moerasziekten komen juist in die jaargetijden voor, die het gunstigste zijn voor het ontstaan van een miasma.
5-1	1073-1075	De	
5-2	1076-1089	moerasziekten	
5-3	1090-1095	komen	
5-4	1096-1101	juist	
5-5	1102-1104	in	
5-6	1105-1108	die	
5-7	1109-1121	jaargetijden	
5-8	1122-1126	voor	
5-9	1126-1127	,	
5-10	1128-1131	die	
5-11	1132-1135	het	
5-12	1136-1146	gunstigste	
5-13	1147-1151	zijn	
5-14	1152-1156	voor	
5-15	1157-1160	het	
5-16	1161-1169	ontstaan	
5-17	1170-1173	van	
5-18	1174-1177	een	
5-19	1178-1184	miasma	
5-20	1184-1185	.	

#Text=De tijden van den dag, waarop de moeraslucht het gevaarlijkste is, bewijzen juist, dat het moerasgif daar als schadelijk beginsel werkzaam is.
6-1	1186-1188	De	
6-2	1189-1195	tijden	
6-3	1196-1199	van	
6-4	1200-1203	den	
6-5	1204-1207	dag	
6-6	1207-1208	,	
6-7	1209-1215	waarop	
6-8	1216-1218	de	
6-9	1219-1230	moeraslucht	
6-10	1231-1234	het	
6-11	1235-1248	gevaarlijkste	
6-12	1249-1251	is	
6-13	1251-1252	,	
6-14	1253-1261	bewijzen	
6-15	1262-1267	juist	
6-16	1267-1268	,	
6-17	1269-1272	dat	
6-18	1273-1276	het	
6-19	1277-1286	moerasgif	
6-20	1287-1291	daar	
6-21	1292-1295	als	
6-22	1296-1306	schadelijk	
6-23	1307-1315	beginsel	
6-24	1316-1324	werkzaam	
6-25	1325-1327	is	
6-26	1327-1328	.	

#Text=Stell.
#Text=3.
7-1	1330-1335	Stell	
7-2	1335-1336	.	
7-3	1337-1338	3	
7-4	1338-1339	.	

#Text=Het wezen, zoowel als de vorm en het beeld der moeraskoortsen pleiten daarvoor, dat die ziekten uit een bepaald nadeelig beginsel ontstaan.
8-1	1340-1343	Het	
8-2	1344-1349	wezen	
8-3	1349-1350	,	
8-4	1351-1357	zoowel	
8-5	1358-1361	als	
8-6	1362-1364	de	
8-7	1365-1369	vorm	
8-8	1370-1372	en	
8-9	1373-1376	het	
8-10	1377-1382	beeld	
8-11	1383-1386	der	
8-12	1387-1401	moeraskoortsen	
8-13	1402-1409	pleiten	
8-14	1410-1418	daarvoor	
8-15	1418-1419	,	
8-16	1420-1423	dat	
8-17	1424-1427	die	
8-18	1428-1435	ziekten	
8-19	1436-1439	uit	
8-20	1440-1443	een	
8-21	1444-1451	bepaald	
8-22	1452-1460	nadeelig	
8-23	1461-1469	beginsel	
8-24	1470-1478	ontstaan	
8-25	1478-1479	.	

#Text=Stell.
#Text=4.
9-1	1481-1486	Stell	
9-2	1486-1487	.	
9-3	1488-1489	4	
9-4	1489-1490	.	

#Text=De ziekten van moerasstreken staan, wat hare kwaadaardigheid betreft, in regtstreeksche verhouding tot de omstandigheden, die het ontstaan van een moerasgif kunnen bevorderen.
10-1	1491-1493	De	
10-2	1494-1501	ziekten	
10-3	1502-1505	van	
10-4	1506-1519	moerasstreken	
10-5	1520-1525	staan	
10-6	1525-1526	,	
10-7	1527-1530	wat	
10-8	1531-1535	hare	
10-9	1536-1551	kwaadaardigheid	
10-10	1552-1559	betreft	
10-11	1559-1560	,	
10-12	1561-1563	in	
10-13	1564-1578	regtstreeksche	
10-14	1579-1589	verhouding	
10-15	1590-1593	tot	
10-16	1594-1596	de	
10-17	1597-1611	omstandigheden	
10-18	1611-1612	,	
10-19	1613-1616	die	
10-20	1617-1620	het	
10-21	1621-1629	ontstaan	
10-22	1630-1633	van	
10-23	1634-1637	een	
10-24	1638-1647	moerasgif	
10-25	1648-1654	kunnen	
10-26	1655-1665	bevorderen	
10-27	1665-1666	.	

#Text=Stell.
#Text=5.
11-1	1668-1673	Stell	
11-2	1673-1674	.	
11-3	1675-1676	5	
11-4	1676-1677	.	

#Text=De algemeen heerschende epidemische ziekten verloopen in moerasstreken zoodanig, dat de bijzondere invloed dier uitwasemingen niet te miskennen is.
12-1	1678-1680	De	
12-2	1681-1689	algemeen	
12-3	1690-1701	heerschende	
12-4	1702-1713	epidemische	
12-5	1714-1721	ziekten	
12-6	1722-1731	verloopen	
12-7	1732-1734	in	
12-8	1735-1748	moerasstreken	
12-9	1749-1757	zoodanig	
12-10	1757-1758	,	
12-11	1759-1762	dat	
12-12	1763-1765	de	
12-13	1766-1776	bijzondere	
12-14	1777-1784	invloed	
12-15	1785-1789	dier	
12-16	1790-1803	uitwasemingen	
12-17	1804-1808	niet	
12-18	1809-1811	te	
12-19	1812-1821	miskennen	
12-20	1822-1824	is	
12-21	1824-1825	.	
