#FORMAT=WebAnno TSV 3.3


#Text=De Kaneel-olie is een uitnemend versterkend middel.
1-1	2-4	De	
1-2	5-16	Kaneel-olie	
1-3	17-19	is	
1-4	20-23	een	
1-5	24-33	uitnemend	
1-6	34-45	versterkend	
1-7	46-52	middel	
1-8	52-53	.	

#Text=Het versterkt de Maag en helpt
#Text=de natuur in zyne ontlastingen.
2-1	54-57	Het	
2-2	58-67	versterkt	
2-3	68-70	de	
2-4	71-75	Maag	
2-5	76-78	en	
2-6	79-84	helpt	
2-7	85-87	de	
2-8	88-94	natuur	
2-9	95-97	in	
2-10	98-102	zyne	
2-11	103-115	ontlastingen	
2-12	115-116	.	

#Text=Men geeft ze om Vrouwen te doen bevallen, en om
#Text=de Stonden voort te brengen.
3-1	117-120	Men	
3-2	121-126	geeft	
3-3	127-129	ze	
3-4	130-132	om	
3-5	133-140	Vrouwen	
3-6	141-143	te	
3-7	144-148	doen	
3-8	149-157	bevallen	
3-9	157-158	,	
3-10	159-161	en	
3-11	162-164	om	
3-12	165-167	de	
3-13	168-175	Stonden	
3-14	176-181	voort	
3-15	182-184	te	
3-16	185-192	brengen	
3-17	192-193	.	

#Text=Zy wekt ook het zaad op.
4-1	194-196	Zy	
4-2	197-201	wekt	
4-3	202-205	ook	
4-4	206-209	het	
4-5	210-214	zaad	
4-6	215-217	op	
4-7	217-218	.	

#Text=Men mengt gemeenlyk een
#Text=drup onder wat Suiker-kandy, om een Oly-suiker te maken, die gemaklyk in
#Text=hartsterkende waters, die tegen Moerkwalen zyn, kan worden ontbonden.
5-1	219-222	Men	
5-2	223-228	mengt	
5-3	229-238	gemeenlyk	
5-4	239-242	een	
5-5	243-247	drup	
5-6	248-253	onder	
5-7	254-257	wat	
5-8	258-270	Suiker-kandy	
5-9	270-271	,	
5-10	272-274	om	
5-11	275-278	een	
5-12	279-289	Oly-suiker	
5-13	290-292	te	
5-14	293-298	maken	
5-15	298-299	,	
5-16	300-303	die	
5-17	304-312	gemaklyk	
5-18	313-315	in	
5-19	316-329	hartsterkende	
5-20	330-336	waters	
5-21	336-337	,	
5-22	338-341	die	
5-23	342-347	tegen	
5-24	348-358	Moerkwalen	
5-25	359-362	zyn	
5-26	362-363	,	
5-27	364-367	kan	
5-28	368-374	worden	
5-29	375-384	ontbonden	
5-30	384-385	.	

#Text=Het geestig water van Kaneel heeft de zelfde kracht: maar men heeft op ene reis
#Text=twe, of drie dragmen van noden.
6-1	388-391	Het	
6-2	392-399	geestig	
6-3	400-405	water	
6-4	406-409	van	
6-5	410-416	Kaneel	
6-6	417-422	heeft	
6-7	423-425	de	
6-8	426-432	zelfde	
6-9	433-439	kracht	
6-10	439-440	:	
6-11	441-445	maar	
6-12	446-449	men	
6-13	450-455	heeft	
6-14	456-458	op	
6-15	459-462	ene	
6-16	463-467	reis	
6-17	468-471	twe	
6-18	471-472	,	
6-19	473-475	of	
6-20	476-480	drie	
6-21	481-488	dragmen	
6-22	489-492	van	
6-23	493-498	noden	
6-24	498-499	.	

#Text=Op deze wys kan men de Olien byna uit alle ruikende gewassen halen, als die van
#Text=Rozen-hout, van Rosmaryn, Lavendel, Genever, Nagelen, Anys, welke, of op ’t water
#Text=dryven, of op den grond zinken.
7-1	502-504	Op	
7-2	505-509	deze	
7-3	510-513	wys	
7-4	514-517	kan	
7-5	518-521	men	
7-6	522-524	de	
7-7	525-530	Olien	
7-8	531-535	byna	
7-9	536-539	uit	
7-10	540-544	alle	
7-11	545-553	ruikende	
7-12	554-562	gewassen	
7-13	563-568	halen	
7-14	568-569	,	
7-15	570-573	als	
7-16	574-577	die	
7-17	578-581	van	
7-18	582-592	Rozen-hout	
7-19	592-593	,	
7-20	594-597	van	
7-21	598-606	Rosmaryn	
7-22	606-607	,	
7-23	608-616	Lavendel	
7-24	616-617	,	
7-25	618-625	Genever	
7-26	625-626	,	
7-27	627-634	Nagelen	
7-28	634-635	,	
7-29	636-640	Anys	
7-30	640-641	,	
7-31	642-647	welke	
7-32	647-648	,	
7-33	649-651	of	
7-34	652-654	op	
7-35	655-656	’	
7-36	656-657	t	
7-37	658-663	water	
7-38	664-670	dryven	
7-39	670-671	,	
7-40	672-674	of	
7-41	675-677	op	
7-42	678-681	den	
7-43	682-687	grond	
7-44	688-694	zinken	
7-45	694-695	.	

#Text=Enige Schryvers voegen by het Trekzel Kanéél, acht oncen Salpeter, of drie oncen
#Text=geest van Zout, om aan ’t water tot een voersel te strekken, op dat de Kaneel beter
#Text=deurdringe, en men’er meer Olie uit hale; maar het heeft my toegeschenen, dat die
#Text=Zouten de Olie wat veranderen, terwyl zy de vlugtige deelen by een houden; en dat
#Text=die, welke op deze wyze gemaakt wordt, zo veel geur niet, als de andere, geeft.
8-1	698-703	Enige	
8-2	704-713	Schryvers	
8-3	714-720	voegen	
8-4	721-723	by	
8-5	724-727	het	
8-6	728-735	Trekzel	
8-7	736-742	Kanéél	
8-8	742-743	,	
8-9	744-748	acht	
8-10	749-754	oncen	
8-11	755-763	Salpeter	
8-12	763-764	,	
8-13	765-767	of	
8-14	768-772	drie	
8-15	773-778	oncen	
8-16	779-784	geest	
8-17	785-788	van	
8-18	789-793	Zout	
8-19	793-794	,	
8-20	795-797	om	
8-21	798-801	aan	
8-22	802-803	’	
8-23	803-804	t	
8-24	805-810	water	
8-25	811-814	tot	
8-26	815-818	een	
8-27	819-826	voersel	
8-28	827-829	te	
8-29	830-838	strekken	
8-30	838-839	,	
8-31	840-842	op	
8-32	843-846	dat	
8-33	847-849	de	
8-34	850-856	Kaneel	
8-35	857-862	beter	
8-36	863-873	deurdringe	
8-37	873-874	,	
8-38	875-877	en	
8-39	878-881	men	
8-40	881-882	’	
8-41	882-884	er	
8-42	885-889	meer	
8-43	890-894	Olie	
8-44	895-898	uit	
8-45	899-903	hale	
8-46	903-904	;	
8-47	905-909	maar	
8-48	910-913	het	
8-49	914-919	heeft	
8-50	920-922	my	
8-51	923-935	toegeschenen	
8-52	935-936	,	
8-53	937-940	dat	
8-54	941-944	die	
8-55	945-951	Zouten	
8-56	952-954	de	
8-57	955-959	Olie	
8-58	960-963	wat	
8-59	964-974	veranderen	
8-60	974-975	,	
8-61	976-982	terwyl	
8-62	983-985	zy	
8-63	986-988	de	
8-64	989-997	vlugtige	
8-65	998-1004	deelen	
8-66	1005-1007	by	
8-67	1008-1011	een	
8-68	1012-1018	houden	
8-69	1018-1019	;	
8-70	1020-1022	en	
8-71	1023-1026	dat	
8-72	1027-1030	die	
8-73	1030-1031	,	
8-74	1032-1037	welke	
8-75	1038-1040	op	
8-76	1041-1045	deze	
8-77	1046-1050	wyze	
8-78	1051-1058	gemaakt	
8-79	1059-1064	wordt	
8-80	1064-1065	,	
8-81	1066-1068	zo	
8-82	1069-1073	veel	
8-83	1074-1078	geur	
8-84	1079-1083	niet	
8-85	1083-1084	,	
8-86	1085-1088	als	
8-87	1089-1091	de	
8-88	1092-1098	andere	
8-89	1098-1099	,	
8-90	1100-1105	geeft	
8-91	1105-1106	.	

#Text=Zie
#Text=destillatie.
9-1	1107-1110	Zie	
9-2	1111-1122	destillatie	
9-3	1122-1123	.	

#Text=M.
10-1	1126-1127	M	
10-2	1127-1128	.	

#Text=Noel Chomel, Huishoudelyk woordboek
#Text=
#Text=\f
#Text=De Olien, waar van wy spreken, en zulke, welke men op de zelfde wyze uit kan
#Text=trekken, zyn, om zo te spreken, eenvoudige.
11-1	1129-1133	Noel	
11-2	1134-1140	Chomel	
11-3	1140-1141	,	
11-4	1142-1154	Huishoudelyk	
11-5	1155-1164	woordboek	
11-6	1168-1170	De	
11-7	1171-1176	Olien	
11-8	1176-1177	,	
11-9	1178-1182	waar	
11-10	1183-1186	van	
11-11	1187-1189	wy	
11-12	1190-1197	spreken	
11-13	1197-1198	,	
11-14	1199-1201	en	
11-15	1202-1207	zulke	
11-16	1207-1208	,	
11-17	1209-1214	welke	
11-18	1215-1218	men	
11-19	1219-1221	op	
11-20	1222-1224	de	
11-21	1225-1231	zelfde	
11-22	1232-1236	wyze	
11-23	1237-1240	uit	
11-24	1241-1244	kan	
11-25	1245-1252	trekken	
11-26	1252-1253	,	
11-27	1254-1257	zyn	
11-28	1257-1258	,	
11-29	1259-1261	om	
11-30	1262-1264	zo	
11-31	1265-1267	te	
11-32	1268-1275	spreken	
11-33	1275-1276	,	
11-34	1277-1287	eenvoudige	
11-35	1287-1288	.	

#Text=Men heeft nog andere uitgevonden, die
#Text=men samengestelde noemt, en in de Heelkunst in gebruik zyn.
12-1	1289-1292	Men	
12-2	1293-1298	heeft	
12-3	1299-1302	nog	
12-4	1303-1309	andere	
12-5	1310-1321	uitgevonden	
12-6	1321-1322	,	
12-7	1323-1326	die	
12-8	1327-1330	men	
12-9	1331-1344	samengestelde	
12-10	1345-1350	noemt	
12-11	1350-1351	,	
12-12	1352-1354	en	
12-13	1355-1357	in	
12-14	1358-1360	de	
12-15	1361-1370	Heelkunst	
12-16	1371-1373	in	
12-17	1374-1381	gebruik	
12-18	1382-1385	zyn	
12-19	1385-1386	.	

#Text=Wy zullen’er enige
#Text=van beschryven.
13-1	1387-1389	Wy	
13-2	1390-1396	zullen	
13-3	1396-1397	’	
13-4	1397-1399	er	
13-5	1400-1405	enige	
13-6	1406-1409	van	
13-7	1410-1420	beschryven	
13-8	1420-1421	.	

#Text=OLIE VAN WYN voor allerleije Wonden.
14-1	1424-1428	OLIE	
14-2	1429-1432	VAN	
14-3	1433-1436	WYN	
14-4	1437-1441	voor	
14-5	1442-1452	allerleije	
14-6	1453-1459	Wonden	
14-7	1459-1460	.	

#Text=Om deze Olie te maken, neem een pond Oly van Olyven, een halve pint Wyn, een
#Text=goede handvol Weegbree-bladen, een handvol Smeerwortel, en zo veel St.
15-1	1463-1465	Om	
15-2	1466-1470	deze	
15-3	1471-1475	Olie	
15-4	1476-1478	te	
15-5	1479-1484	maken	
15-6	1484-1485	,	
15-7	1486-1490	neem	
15-8	1491-1494	een	
15-9	1495-1499	pond	
15-10	1500-1503	Oly	
15-11	1504-1507	van	
15-12	1508-1514	Olyven	
15-13	1514-1515	,	
15-14	1516-1519	een	
15-15	1520-1525	halve	
15-16	1526-1530	pint	
15-17	1531-1534	Wyn	
15-18	1534-1535	,	
15-19	1536-1539	een	
15-20	1540-1545	goede	
15-21	1546-1553	handvol	
15-22	1554-1569	Weegbree-bladen	
15-23	1569-1570	,	
15-24	1571-1574	een	
15-25	1575-1582	handvol	
15-26	1583-1594	Smeerwortel	
15-27	1594-1595	,	
15-28	1596-1598	en	
15-29	1599-1601	zo	
15-30	1602-1606	veel	
15-31	1607-1609	St	
15-32	1609-1610	.	

#Text=Jans kruid,
#Text=en een hand vol Rozen-bladen, alles by den andere in een Ketel gedaan, moet men
#Text=het wel doen koken, tot dat die kruiden gaar zyn, daar na door een lywaatte doek
#Text=doen, en ’t wel uitpersen, om’er sap uit te krygen, ’t geen gy in een Fiool bewaren
#Text=zult.
16-1	1611-1615	Jans	
16-2	1616-1621	kruid	
16-3	1621-1622	,	
16-4	1623-1625	en	
16-5	1626-1629	een	
16-6	1630-1634	hand	
16-7	1635-1638	vol	
16-8	1639-1651	Rozen-bladen	
16-9	1651-1652	,	
16-10	1653-1658	alles	
16-11	1659-1661	by	
16-12	1662-1665	den	
16-13	1666-1672	andere	
16-14	1673-1675	in	
16-15	1676-1679	een	
16-16	1680-1685	Ketel	
16-17	1686-1692	gedaan	
16-18	1692-1693	,	
16-19	1694-1698	moet	
16-20	1699-1702	men	
16-21	1703-1706	het	
16-22	1707-1710	wel	
16-23	1711-1715	doen	
16-24	1716-1721	koken	
16-25	1721-1722	,	
16-26	1723-1726	tot	
16-27	1727-1730	dat	
16-28	1731-1734	die	
16-29	1735-1742	kruiden	
16-30	1743-1747	gaar	
16-31	1748-1751	zyn	
16-32	1751-1752	,	
16-33	1753-1757	daar	
16-34	1758-1760	na	
16-35	1761-1765	door	
16-36	1766-1769	een	
16-37	1770-1778	lywaatte	
16-38	1779-1783	doek	
16-39	1784-1788	doen	
16-40	1788-1789	,	
16-41	1790-1792	en	
16-42	1793-1794	’	
16-43	1794-1795	t	
16-44	1796-1799	wel	
16-45	1800-1809	uitpersen	
16-46	1809-1810	,	
16-47	1811-1813	om	
16-48	1813-1814	’	
16-49	1814-1816	er	
16-50	1817-1820	sap	
16-51	1821-1824	uit	
16-52	1825-1827	te	
16-53	1828-1834	krygen	
16-54	1834-1835	,	
16-55	1836-1837	’	
16-56	1837-1838	t	
16-57	1839-1843	geen	
16-58	1844-1846	gy	
16-59	1847-1849	in	
16-60	1850-1853	een	
16-61	1854-1859	Fiool	
16-62	1860-1867	bewaren	
16-63	1868-1872	zult	
16-64	1872-1873	.	
