#FORMAT=WebAnno TSV 3.3


#Text=17 Propter hoc hæc dicit Dominus : Uxor tua in civitate fornicabitur, et filii tui et filiæ tuæ in gladio cadent, et humus tua funiculo metietur : et tu in terra polluta morieris, et Israël captivus migrabit de terra sua.
1-1	2-4	17	
1-2	5-12	Propter	
1-3	13-16	hoc	
1-4	17-20	hæc	
1-5	21-26	dicit	
1-6	27-34	Dominus	
1-7	35-36	:	
1-8	37-41	Uxor	
1-9	42-45	tua	
1-10	46-48	in	
1-11	49-57	civitate	
1-12	58-70	fornicabitur	
1-13	70-71	,	
1-14	72-74	et	
1-15	75-80	filii	
1-16	81-84	tui	
1-17	85-87	et	
1-18	88-93	filiæ	
1-19	94-97	tuæ	
1-20	98-100	in	
1-21	101-107	gladio	
1-22	108-114	cadent	
1-23	114-115	,	
1-24	116-118	et	
1-25	119-124	humus	
1-26	125-128	tua	
1-27	129-137	funiculo	
1-28	138-146	metietur	
1-29	147-148	:	
1-30	149-151	et	
1-31	152-154	tu	
1-32	155-157	in	
1-33	158-163	terra	
1-34	164-171	polluta	
1-35	172-180	morieris	
1-36	180-181	,	
1-37	182-184	et	
1-38	185-191	Israël	
1-39	192-200	captivus	
1-40	201-209	migrabit	
1-41	210-212	de	
1-42	213-218	terra	
1-43	219-222	sua	
1-44	222-223	.	

#Text=Caput 8
#Text=
#Text=
#Text=1 Hæc ostendit mihi Dominus Deus : et ecce uncinus pomorum.
#Text=2 Et dixit : Quid tu vides, Amos ?
2-1	224-229	Caput	
2-2	230-231	8	
2-3	234-235	1	
2-4	236-239	Hæc	
2-5	240-248	ostendit	
2-6	249-253	mihi	
2-7	254-261	Dominus	
2-8	262-266	Deus	
2-9	267-268	:	
2-10	269-271	et	
2-11	272-276	ecce	
2-12	277-284	uncinus	
2-13	285-292	pomorum	
2-14	292-293	.	
2-15	294-295	2	
2-16	296-298	Et	
2-17	299-304	dixit	
2-18	305-306	:	
2-19	307-311	Quid	
2-20	312-314	tu	
2-21	315-320	vides	
2-22	320-321	,	
2-23	322-326	Amos	
2-24	327-328	?	

#Text=Et dixi : Uncinum pomorum.
3-1	329-331	Et	
3-2	332-336	dixi	
3-3	337-338	:	
3-4	339-346	Uncinum	
3-5	347-354	pomorum	
3-6	354-355	.	

#Text=Et dixit Dominus ad me : Venit finis super populum meum Israël ; non adjiciam ultra ut pertranseam eum.
#Text=3 Et stridebunt cardines templi in die illa, dicit Dominus Deus : multi morientur ; in omni loco projicietur silentium.
#Text=4 Audite hoc, qui conteritis pauperem, et deficere facitis egenos terræ, 5 dicentes : Quando transibit mensis, et venundabimus merces ?
4-1	356-358	Et	
4-2	359-364	dixit	
4-3	365-372	Dominus	
4-4	373-375	ad	
4-5	376-378	me	
4-6	379-380	:	
4-7	381-386	Venit	
4-8	387-392	finis	
4-9	393-398	super	
4-10	399-406	populum	
4-11	407-411	meum	
4-12	412-418	Israël	
4-13	419-420	;	
4-14	421-424	non	
4-15	425-433	adjiciam	
4-16	434-439	ultra	
4-17	440-442	ut	
4-18	443-454	pertranseam	
4-19	455-458	eum	
4-20	458-459	.	
4-21	460-461	3	
4-22	462-464	Et	
4-23	465-475	stridebunt	
4-24	476-484	cardines	
4-25	485-491	templi	
4-26	492-494	in	
4-27	495-498	die	
4-28	499-503	illa	
4-29	503-504	,	
4-30	505-510	dicit	
4-31	511-518	Dominus	
4-32	519-523	Deus	
4-33	524-525	:	
4-34	526-531	multi	
4-35	532-541	morientur	
4-36	542-543	;	
4-37	544-546	in	
4-38	547-551	omni	
4-39	552-556	loco	
4-40	557-568	projicietur	
4-41	569-578	silentium	
4-42	578-579	.	
4-43	580-581	4	
4-44	582-588	Audite	
4-45	589-592	hoc	
4-46	592-593	,	
4-47	594-597	qui	
4-48	598-608	conteritis	
4-49	609-617	pauperem	
4-50	617-618	,	
4-51	619-621	et	
4-52	622-630	deficere	
4-53	631-638	facitis	
4-54	639-645	egenos	
4-55	646-651	terræ	
4-56	651-652	,	
4-57	653-654	5	
4-58	655-663	dicentes	
4-59	664-665	:	
4-60	666-672	Quando	
4-61	673-682	transibit	
4-62	683-689	mensis	
4-63	689-690	,	
4-64	691-693	et	
4-65	694-706	venundabimus	
4-66	707-713	merces	
4-67	714-715	?	

#Text=et sabbatum, et aperiemus frumentum, ut imminuamus mensuram, et augeamus siclum, et supponamus stateras dolosas, 6 ut possideamus in argento egenos et pauperes pro calceamentis, et quisquilias frumenti vendamus ?
5-1	716-718	et	
5-2	719-727	sabbatum	
5-3	727-728	,	
5-4	729-731	et	
5-5	732-741	aperiemus	
5-6	742-751	frumentum	
5-7	751-752	,	
5-8	753-755	ut	
5-9	756-766	imminuamus	
5-10	767-775	mensuram	
5-11	775-776	,	
5-12	777-779	et	
5-13	780-788	augeamus	
5-14	789-795	siclum	
5-15	795-796	,	
5-16	797-799	et	
5-17	800-810	supponamus	
5-18	811-819	stateras	
5-19	820-827	dolosas	
5-20	827-828	,	
5-21	829-830	6	
5-22	831-833	ut	
5-23	834-845	possideamus	
5-24	846-848	in	
5-25	849-856	argento	
5-26	857-863	egenos	
5-27	864-866	et	
5-28	867-875	pauperes	
5-29	876-879	pro	
5-30	880-892	calceamentis	
5-31	892-893	,	
5-32	894-896	et	
5-33	897-908	quisquilias	
5-34	909-917	frumenti	
5-35	918-926	vendamus	
5-36	927-928	?	

#Text=7 Juravit Dominus in superbiam Jacob : Si oblitus fuero usque ad finem omnia opera eorum.
#Text=8 Numquid super isto non commovebitur terra, et lugebit omnis habitator ejus, et ascendet quasi fluvius universus, et ejicicetur, et defluet, quasi rivus Ægypti ?
6-1	929-930	7	
6-2	931-938	Juravit	
6-3	939-946	Dominus	
6-4	947-949	in	
6-5	950-959	superbiam	
6-6	960-965	Jacob	
6-7	966-967	:	
6-8	968-970	Si	
6-9	971-978	oblitus	
6-10	979-984	fuero	
6-11	985-990	usque	
6-12	991-993	ad	
6-13	994-999	finem	
6-14	1000-1005	omnia	
6-15	1006-1011	opera	
6-16	1012-1017	eorum	
6-17	1017-1018	.	
6-18	1019-1020	8	
6-19	1021-1028	Numquid	
6-20	1029-1034	super	
6-21	1035-1039	isto	
6-22	1040-1043	non	
6-23	1044-1056	commovebitur	
6-24	1057-1062	terra	
6-25	1062-1063	,	
6-26	1064-1066	et	
6-27	1067-1074	lugebit	
6-28	1075-1080	omnis	
6-29	1081-1090	habitator	
6-30	1091-1095	ejus	
6-31	1095-1096	,	
6-32	1097-1099	et	
6-33	1100-1108	ascendet	
6-34	1109-1114	quasi	
6-35	1115-1122	fluvius	
6-36	1123-1132	universus	
6-37	1132-1133	,	
6-38	1134-1136	et	
6-39	1137-1147	ejicicetur	
6-40	1147-1148	,	
6-41	1149-1151	et	
6-42	1152-1159	defluet	
6-43	1159-1160	,	
6-44	1161-1166	quasi	
6-45	1167-1172	rivus	
6-46	1173-1179	Ægypti	
6-47	1180-1181	?	

#Text=9 Et erit in die illa, dicit Dominus Deus : occidet sol in meridie, et tenebrescere faciam terram in die luminis : 10 et convertam festivitates vestras in luctum, et omnia cantica vestra in planctum, et inducam super omne dorsum vestrum saccum, et super omne caput calvitium : et ponam eam quasi luctum unigeniti, et novissima ejus quasi diem amarum.
#Text=11 Ecce dies veniunt, dicet Dominus, et mittam famem in terram : non famem panis, neque sitim aquæ, sed audiendi verbum Domini.
#Text=12 Et commovebuntur a mari usque ad mare, et ab aquilone usque ad orientem : circuibunt quærentes verbum Domini, et non invenient.
#Text=13 In die illa deficient virgines pulchræ et adolescentes in siti, 14 qui jurant in delicto Samariæ, et dicunt : Vivit Deus tuus, Dan, et vivit via Bersabee ; et cadent, et non resurgent ultra.
7-1	1182-1183	9	
7-2	1184-1186	Et	
7-3	1187-1191	erit	
7-4	1192-1194	in	
7-5	1195-1198	die	
7-6	1199-1203	illa	
7-7	1203-1204	,	
7-8	1205-1210	dicit	
7-9	1211-1218	Dominus	
7-10	1219-1223	Deus	
7-11	1224-1225	:	
7-12	1226-1233	occidet	
7-13	1234-1237	sol	
7-14	1238-1240	in	
7-15	1241-1248	meridie	
7-16	1248-1249	,	
7-17	1250-1252	et	
7-18	1253-1265	tenebrescere	
7-19	1266-1272	faciam	
7-20	1273-1279	terram	
7-21	1280-1282	in	
7-22	1283-1286	die	
7-23	1287-1294	luminis	
7-24	1295-1296	:	
7-25	1297-1299	10	
7-26	1300-1302	et	
7-27	1303-1312	convertam	
7-28	1313-1325	festivitates	
7-29	1326-1333	vestras	
7-30	1334-1336	in	
7-31	1337-1343	luctum	
7-32	1343-1344	,	
7-33	1345-1347	et	
7-34	1348-1353	omnia	
7-35	1354-1361	cantica	
7-36	1362-1368	vestra	
7-37	1369-1371	in	
7-38	1372-1380	planctum	
7-39	1380-1381	,	
7-40	1382-1384	et	
7-41	1385-1392	inducam	
7-42	1393-1398	super	
7-43	1399-1403	omne	
7-44	1404-1410	dorsum	
7-45	1411-1418	vestrum	
7-46	1419-1425	saccum	
7-47	1425-1426	,	
7-48	1427-1429	et	
7-49	1430-1435	super	
7-50	1436-1440	omne	
7-51	1441-1446	caput	
7-52	1447-1456	calvitium	
7-53	1457-1458	:	
7-54	1459-1461	et	
7-55	1462-1467	ponam	
7-56	1468-1471	eam	
7-57	1472-1477	quasi	
7-58	1478-1484	luctum	
7-59	1485-1494	unigeniti	
7-60	1494-1495	,	
7-61	1496-1498	et	
7-62	1499-1508	novissima	
7-63	1509-1513	ejus	
7-64	1514-1519	quasi	
7-65	1520-1524	diem	
7-66	1525-1531	amarum	
7-67	1531-1532	.	
7-68	1533-1535	11	
7-69	1536-1540	Ecce	
7-70	1541-1545	dies	
7-71	1546-1553	veniunt	
7-72	1553-1554	,	
7-73	1555-1560	dicet	
7-74	1561-1568	Dominus	
7-75	1568-1569	,	
7-76	1570-1572	et	
7-77	1573-1579	mittam	
7-78	1580-1585	famem	
7-79	1586-1588	in	
7-80	1589-1595	terram	
7-81	1596-1597	:	
7-82	1598-1601	non	
7-83	1602-1607	famem	
7-84	1608-1613	panis	
7-85	1613-1614	,	
7-86	1615-1620	neque	
7-87	1621-1626	sitim	
7-88	1627-1631	aquæ	
7-89	1631-1632	,	
7-90	1633-1636	sed	
7-91	1637-1645	audiendi	
7-92	1646-1652	verbum	
7-93	1653-1659	Domini	
7-94	1659-1660	.	
7-95	1661-1663	12	
7-96	1664-1666	Et	
7-97	1667-1680	commovebuntur	
7-98	1681-1682	a	
7-99	1683-1687	mari	
7-100	1688-1693	usque	
7-101	1694-1696	ad	
7-102	1697-1701	mare	
7-103	1701-1702	,	
7-104	1703-1705	et	
7-105	1706-1708	ab	
7-106	1709-1717	aquilone	
7-107	1718-1723	usque	
7-108	1724-1726	ad	
7-109	1727-1735	orientem	
7-110	1736-1737	:	
7-111	1738-1748	circuibunt	
7-112	1749-1758	quærentes	
7-113	1759-1765	verbum	
7-114	1766-1772	Domini	
7-115	1772-1773	,	
7-116	1774-1776	et	
7-117	1777-1780	non	
7-118	1781-1790	invenient	
7-119	1790-1791	.	
7-120	1792-1794	13	
7-121	1795-1797	In	
7-122	1798-1801	die	
7-123	1802-1806	illa	
7-124	1807-1816	deficient	
7-125	1817-1825	virgines	
7-126	1826-1833	pulchræ	
7-127	1834-1836	et	
7-128	1837-1849	adolescentes	
7-129	1850-1852	in	
7-130	1853-1857	siti	
7-131	1857-1858	,	
7-132	1859-1861	14	
7-133	1862-1865	qui	
7-134	1866-1872	jurant	
7-135	1873-1875	in	
7-136	1876-1883	delicto	
7-137	1884-1891	Samariæ	
7-138	1891-1892	,	
7-139	1893-1895	et	
7-140	1896-1902	dicunt	
7-141	1903-1904	:	
7-142	1905-1910	Vivit	
7-143	1911-1915	Deus	
7-144	1916-1920	tuus	
7-145	1920-1921	,	
7-146	1922-1925	Dan	
7-147	1925-1926	,	
7-148	1927-1929	et	
7-149	1930-1935	vivit	
7-150	1936-1939	via	
7-151	1940-1948	Bersabee	
7-152	1949-1950	;	
7-153	1951-1953	et	
7-154	1954-1960	cadent	
7-155	1960-1961	,	
7-156	1962-1964	et	
7-157	1965-1968	non	
7-158	1969-1978	resurgent	
7-159	1979-1984	ultra	
7-160	1984-1985	.	

#Text=Caput 9
#Text=
#Text=
#Text=1 Vidi Dominum stantem super altare, et dixit : Percute cardinem, et commoveantur superliminaria : avaritia enim in capite omnium, et novissimum eorum in gladio interficiam ; non erit fuga eis.
8-1	1986-1991	Caput	
8-2	1992-1993	9	
8-3	1996-1997	1	
8-4	1998-2002	Vidi	
8-5	2003-2010	Dominum	
8-6	2011-2018	stantem	
8-7	2019-2024	super	
8-8	2025-2031	altare	
8-9	2031-2032	,	
8-10	2033-2035	et	
8-11	2036-2041	dixit	
8-12	2042-2043	:	
8-13	2044-2051	Percute	
8-14	2052-2060	cardinem	
8-15	2060-2061	,	
8-16	2062-2064	et	
8-17	2065-2077	commoveantur	
8-18	2078-2092	superliminaria	
8-19	2093-2094	:	
8-20	2095-2103	avaritia	
8-21	2104-2108	enim	
8-22	2109-2111	in	
8-23	2112-2118	capite	
8-24	2119-2125	omnium	
8-25	2125-2126	,	
8-26	2127-2129	et	
8-27	2130-2140	novissimum	
8-28	2141-2146	eorum	
8-29	2147-2149	in	
8-30	2150-2156	gladio	
8-31	2157-2168	interficiam	
8-32	2169-2170	;	
8-33	2171-2174	non	
8-34	2175-2179	erit	
8-35	2180-2184	fuga	
8-36	2185-2188	eis	
8-37	2188-2189	.	

#Text=Fugient, et non salvabitur ex eis qui fugerit.
#Text=2 Si descenderint usque ad infernum, inde manus mea educet eos ; et si ascenderint usque in cælum, inde detraham eos.
#Text=3 Et si absconditi fuerint in vertice Carmeli, inde scrutans auferam eos ; et si celaverint se ab oculis meis in profundo maris, ibi mandabo serpenti, et mordebit eos.
#Text=4 Et si abierint in captivitatem coram inimicis suis, ibi mandabo gladio, et occidet eos : et ponam oculos meos super eos in malum, et non in bonum.
#Text=5 Et Dominus Deus exercituum, qui tangit terram, et tabescet, et lugebunt omnes habitantes in ea : et ascendet sicut rivus omnis, et defluet sicut fluvius Ægypti.
9-1	2190-2197	Fugient	
9-2	2197-2198	,	
9-3	2199-2201	et	
9-4	2202-2205	non	
9-5	2206-2216	salvabitur	
9-6	2217-2219	ex	
9-7	2220-2223	eis	
9-8	2224-2227	qui	
9-9	2228-2235	fugerit	
9-10	2235-2236	.	
9-11	2237-2238	2	
9-12	2239-2241	Si	
9-13	2242-2254	descenderint	
9-14	2255-2260	usque	
9-15	2261-2263	ad	
9-16	2264-2272	infernum	
9-17	2272-2273	,	
9-18	2274-2278	inde	
9-19	2279-2284	manus	
9-20	2285-2288	mea	
9-21	2289-2295	educet	
9-22	2296-2299	eos	
9-23	2300-2301	;	
9-24	2302-2304	et	
9-25	2305-2307	si	
9-26	2308-2319	ascenderint	
9-27	2320-2325	usque	
9-28	2326-2328	in	
9-29	2329-2334	cælum	
9-30	2334-2335	,	
9-31	2336-2340	inde	
9-32	2341-2349	detraham	
9-33	2350-2353	eos	
9-34	2353-2354	.	
9-35	2355-2356	3	
9-36	2357-2359	Et	
9-37	2360-2362	si	
9-38	2363-2373	absconditi	
9-39	2374-2381	fuerint	
9-40	2382-2384	in	
9-41	2385-2392	vertice	
9-42	2393-2400	Carmeli	
9-43	2400-2401	,	
9-44	2402-2406	inde	
9-45	2407-2415	scrutans	
9-46	2416-2423	auferam	
9-47	2424-2427	eos	
9-48	2428-2429	;	
9-49	2430-2432	et	
9-50	2433-2435	si	
9-51	2436-2446	celaverint	
9-52	2447-2449	se	
9-53	2450-2452	ab	
9-54	2453-2459	oculis	
9-55	2460-2464	meis	
9-56	2465-2467	in	
9-57	2468-2476	profundo	
9-58	2477-2482	maris	
9-59	2482-2483	,	
9-60	2484-2487	ibi	
9-61	2488-2495	mandabo	
9-62	2496-2504	serpenti	
9-63	2504-2505	,	
9-64	2506-2508	et	
9-65	2509-2517	mordebit	
9-66	2518-2521	eos	
9-67	2521-2522	.	
9-68	2523-2524	4	
9-69	2525-2527	Et	
9-70	2528-2530	si	
9-71	2531-2539	abierint	
9-72	2540-2542	in	
9-73	2543-2555	captivitatem	
9-74	2556-2561	coram	
9-75	2562-2570	inimicis	
9-76	2571-2575	suis	
9-77	2575-2576	,	
9-78	2577-2580	ibi	
9-79	2581-2588	mandabo	
9-80	2589-2595	gladio	
9-81	2595-2596	,	
9-82	2597-2599	et	
9-83	2600-2607	occidet	
9-84	2608-2611	eos	
9-85	2612-2613	:	
9-86	2614-2616	et	
9-87	2617-2622	ponam	
9-88	2623-2629	oculos	
9-89	2630-2634	meos	
9-90	2635-2640	super	
9-91	2641-2644	eos	
9-92	2645-2647	in	
9-93	2648-2653	malum	
9-94	2653-2654	,	
9-95	2655-2657	et	
9-96	2658-2661	non	
9-97	2662-2664	in	
9-98	2665-2670	bonum	
9-99	2670-2671	.	
9-100	2672-2673	5	
9-101	2674-2676	Et	
9-102	2677-2684	Dominus	
9-103	2685-2689	Deus	
9-104	2690-2700	exercituum	
9-105	2700-2701	,	
9-106	2702-2705	qui	
9-107	2706-2712	tangit	
9-108	2713-2719	terram	
9-109	2719-2720	,	
9-110	2721-2723	et	
9-111	2724-2732	tabescet	
9-112	2732-2733	,	
9-113	2734-2736	et	
9-114	2737-2745	lugebunt	
9-115	2746-2751	omnes	
9-116	2752-2762	habitantes	
9-117	2763-2765	in	
9-118	2766-2768	ea	
9-119	2769-2770	:	
9-120	2771-2773	et	
9-121	2774-2782	ascendet	
9-122	2783-2788	sicut	
9-123	2789-2794	rivus	
9-124	2795-2800	omnis	
9-125	2800-2801	,	
9-126	2802-2804	et	
9-127	2805-2812	defluet	
9-128	2813-2818	sicut	
9-129	2819-2826	fluvius	
9-130	2827-2833	Ægypti	
9-131	2833-2834	.	
