#FORMAT=WebAnno TSV 3.3


#Text=een yzere slagreegen van kogels stort neder.
1-1	2-5	een	
1-2	6-11	yzere	
1-3	12-22	slagreegen	
1-4	23-26	van	
1-5	27-33	kogels	
1-6	34-39	stort	
1-7	40-45	neder	
1-8	45-46	.	

#Text=Het strandt van Sicilie 
#Text=wordt vervaarlyk geschudt en geschokt:
#Text=de bergen, en hooge hemel, galmen werom.
2-1	47-50	Het	
2-2	51-58	strandt	
2-3	59-62	van	
2-4	63-70	Sicilie	
2-5	72-77	wordt	
2-6	78-88	vervaarlyk	
2-7	89-97	geschudt	
2-8	98-100	en	
2-9	101-109	geschokt	
2-10	109-110	:	
2-11	111-113	de	
2-12	114-120	bergen	
2-13	120-121	,	
2-14	122-124	en	
2-15	125-130	hooge	
2-16	131-136	hemel	
2-17	136-137	,	
2-18	138-144	galmen	
2-19	145-150	werom	
2-20	150-151	.	

#Text=Geen mindere moedt behieldt de onoverwinnelyke Admiraal, die, schoon hem de
#Text=lichaamelyke krachten begaven, met het verstandt niet te min vecht, en de wapens 
#Text=aanvaardt, stellende goede orde op alles.
3-1	154-158	Geen	
3-2	159-166	mindere	
3-3	167-172	moedt	
3-4	173-181	behieldt	
3-5	182-184	de	
3-6	185-200	onoverwinnelyke	
3-7	201-209	Admiraal	
3-8	209-210	,	
3-9	211-214	die	
3-10	214-215	,	
3-11	216-222	schoon	
3-12	223-226	hem	
3-13	227-229	de	
3-14	230-242	lichaamelyke	
3-15	243-251	krachten	
3-16	252-259	begaven	
3-17	259-260	,	
3-18	261-264	met	
3-19	265-268	het	
3-20	269-278	verstandt	
3-21	279-283	niet	
3-22	284-286	te	
3-23	287-290	min	
3-24	291-296	vecht	
3-25	296-297	,	
3-26	298-300	en	
3-27	301-303	de	
3-28	304-310	wapens	
3-29	312-321	aanvaardt	
3-30	321-322	,	
3-31	323-332	stellende	
3-32	333-338	goede	
3-33	339-343	orde	
3-34	344-346	op	
3-35	347-352	alles	
3-36	352-353	.	

#Text=Toen kiest hy een man uit den hoop, kloek 
#Text=en voorzichtig, wien hy het opperste beleidt, en den toom der zaaken beval.
4-1	354-358	Toen	
4-2	359-364	kiest	
4-3	365-367	hy	
4-4	368-371	een	
4-5	372-375	man	
4-6	376-379	uit	
4-7	380-383	den	
4-8	384-388	hoop	
4-9	388-389	,	
4-10	390-395	kloek	
4-11	397-399	en	
4-12	400-411	voorzichtig	
4-13	411-412	,	
4-14	413-417	wien	
4-15	418-420	hy	
4-16	421-424	het	
4-17	425-433	opperste	
4-18	434-441	beleidt	
4-19	441-442	,	
4-20	443-445	en	
4-21	446-449	den	
4-22	450-454	toom	
4-23	455-458	der	
4-24	459-465	zaaken	
4-25	466-471	beval	
4-26	471-472	.	

#Text=Heldt 
#Text=Kallenburg treedt in 't midden, neemt het zeevoogdschap aan, moedight zyne
#Text=makkers met woorden en werken, en ontveinst de gekregene wonde, zonder dat 
#Text=vrindt of vyandt des Admiraals afweezen merkte.
5-1	473-478	Heldt	
5-2	480-490	Kallenburg	
5-3	491-497	treedt	
5-4	498-500	in	
5-5	501-502	'	
5-6	502-503	t	
5-7	504-510	midden	
5-8	510-511	,	
5-9	512-517	neemt	
5-10	518-521	het	
5-11	522-535	zeevoogdschap	
5-12	536-539	aan	
5-13	539-540	,	
5-14	541-549	moedight	
5-15	550-554	zyne	
5-16	555-562	makkers	
5-17	563-566	met	
5-18	567-574	woorden	
5-19	575-577	en	
5-20	578-584	werken	
5-21	584-585	,	
5-22	586-588	en	
5-23	589-598	ontveinst	
5-24	599-601	de	
5-25	602-611	gekregene	
5-26	612-617	wonde	
5-27	617-618	,	
5-28	619-625	zonder	
5-29	626-629	dat	
5-30	631-637	vrindt	
5-31	638-640	of	
5-32	641-647	vyandt	
5-33	648-651	des	
5-34	652-661	Admiraals	
5-35	662-670	afweezen	
5-36	671-677	merkte	
5-37	677-678	.	

#Text=Nooit blonk overwinning schooner, 
#Text=en hadt men een moedt, een zin gehadt, de gantsche vloot der Franschen waare 
#Text=dien dagh verslaagen.
6-1	679-684	Nooit	
6-2	685-690	blonk	
6-3	691-702	overwinning	
6-4	703-711	schooner	
6-5	711-712	,	
6-6	714-716	en	
6-7	717-721	hadt	
6-8	722-725	men	
6-9	726-729	een	
6-10	730-735	moedt	
6-11	735-736	,	
6-12	737-740	een	
6-13	741-744	zin	
6-14	745-751	gehadt	
6-15	751-752	,	
6-16	753-755	de	
6-17	756-764	gantsche	
6-18	765-770	vloot	
6-19	771-774	der	
6-20	775-784	Franschen	
6-21	785-790	waare	
6-22	792-796	dien	
6-23	797-801	dagh	
6-24	802-812	verslaagen	
6-25	812-813	.	

#Text=Zy wyken echter, en neemen de vlucht, en wenden in der yl 
#Text=naar Messine.
7-1	814-816	Zy	
7-2	817-822	wyken	
7-3	823-829	echter	
7-4	829-830	,	
7-5	831-833	en	
7-6	834-840	neemen	
7-7	841-843	de	
7-8	844-850	vlucht	
7-9	850-851	,	
7-10	852-854	en	
7-11	855-861	wenden	
7-12	862-864	in	
7-13	865-868	der	
7-14	869-871	yl	
7-15	873-877	naar	
7-16	878-885	Messine	
7-17	885-886	.	

#Text=De Nederlanders vervolgen, verjaagen, en zitten hen kort op de 
#Text=hielen.
8-1	887-889	De	
8-2	890-902	Nederlanders	
8-3	903-912	vervolgen	
8-4	912-913	,	
8-5	914-923	verjaagen	
8-6	923-924	,	
8-7	925-927	en	
8-8	928-934	zitten	
8-9	935-938	hen	
8-10	939-943	kort	
8-11	944-946	op	
8-12	947-949	de	
8-13	951-957	hielen	
8-14	957-958	.	

#Text=Gelyk een felle havik zyne prooy midden in de lucht ziet, de geziene vervolght, 
#Text=en klappende, en gierende op zyne pennen, eene wolk van vreezachtige vogelen
#Text=
#Text=strantwaarts jaagt, en nu die, en nu deeze, met zyne kromme klaauwen verscheurt:
#Text=
#Text=de uitgerukte pluimen stuiven door de lucht.
9-1	959-964	Gelyk	
9-2	965-968	een	
9-3	969-974	felle	
9-4	975-980	havik	
9-5	981-985	zyne	
9-6	986-991	prooy	
9-7	992-998	midden	
9-8	999-1001	in	
9-9	1002-1004	de	
9-10	1005-1010	lucht	
9-11	1011-1015	ziet	
9-12	1015-1016	,	
9-13	1017-1019	de	
9-14	1020-1027	geziene	
9-15	1028-1037	vervolght	
9-16	1037-1038	,	
9-17	1040-1042	en	
9-18	1043-1052	klappende	
9-19	1052-1053	,	
9-20	1054-1056	en	
9-21	1057-1065	gierende	
9-22	1066-1068	op	
9-23	1069-1073	zyne	
9-24	1074-1080	pennen	
9-25	1080-1081	,	
9-26	1082-1086	eene	
9-27	1087-1091	wolk	
9-28	1092-1095	van	
9-29	1096-1108	vreezachtige	
9-30	1109-1116	vogelen	
9-31	1118-1130	strantwaarts	
9-32	1131-1136	jaagt	
9-33	1136-1137	,	
9-34	1138-1140	en	
9-35	1141-1143	nu	
9-36	1144-1147	die	
9-37	1147-1148	,	
9-38	1149-1151	en	
9-39	1152-1154	nu	
9-40	1155-1160	deeze	
9-41	1160-1161	,	
9-42	1162-1165	met	
9-43	1166-1170	zyne	
9-44	1171-1177	kromme	
9-45	1178-1186	klaauwen	
9-46	1187-1197	verscheurt	
9-47	1197-1198	:	
9-48	1200-1202	de	
9-49	1203-1213	uitgerukte	
9-50	1214-1221	pluimen	
9-51	1222-1229	stuiven	
9-52	1230-1234	door	
9-53	1235-1237	de	
9-54	1238-1243	lucht	
9-55	1243-1244	.	

#Text=Zoo slaat, en verdryft de Hollander de 
#Text=vyandtlyke vloot op de Inische baaren.
10-1	1245-1248	Zoo	
10-2	1249-1254	slaat	
10-3	1254-1255	,	
10-4	1256-1258	en	
10-5	1259-1267	verdryft	
10-6	1268-1270	de	
10-7	1271-1280	Hollander	
10-8	1281-1283	de	
10-9	1285-1295	vyandtlyke	
10-10	1296-1301	vloot	
10-11	1302-1304	op	
10-12	1305-1307	de	
10-13	1308-1315	Inische	
10-14	1316-1322	baaren	
10-15	1322-1323	.	

#Text=De maan stak hier op het hoofdt vol 
#Text=blydtschap ten wolken uit;
#Text=om de vlucht der Fransche zeilen te zien, en wees hen 
#Text=met uitgesteekene hoornen na.
11-1	1324-1326	De	
11-2	1327-1331	maan	
11-3	1332-1336	stak	
11-4	1337-1341	hier	
11-5	1342-1344	op	
11-6	1345-1348	het	
11-7	1349-1355	hoofdt	
11-8	1356-1359	vol	
11-9	1361-1371	blydtschap	
11-10	1372-1375	ten	
11-11	1376-1382	wolken	
11-12	1383-1386	uit	
11-13	1386-1387	;	
11-14	1388-1390	om	
11-15	1391-1393	de	
11-16	1394-1400	vlucht	
11-17	1401-1404	der	
11-18	1405-1413	Fransche	
11-19	1414-1420	zeilen	
11-20	1421-1423	te	
11-21	1424-1428	zien	
11-22	1428-1429	,	
11-23	1430-1432	en	
11-24	1433-1437	wees	
11-25	1438-1441	hen	
11-26	1443-1446	met	
11-27	1447-1460	uitgesteekene	
11-28	1461-1468	hoornen	
11-29	1469-1471	na	
11-30	1471-1472	.	

#Text=Deeze nacht dobberden de scheepen op zee, en 
#Text=quaamen des anderen daags binnen de baay van Sirakuze.
12-1	1473-1478	Deeze	
12-2	1479-1484	nacht	
12-3	1485-1494	dobberden	
12-4	1495-1497	de	
12-5	1498-1506	scheepen	
12-6	1507-1509	op	
12-7	1510-1513	zee	
12-8	1513-1514	,	
12-9	1515-1517	en	
12-10	1519-1526	quaamen	
12-11	1527-1530	des	
12-12	1531-1538	anderen	
12-13	1539-1544	daags	
12-14	1545-1551	binnen	
12-15	1552-1554	de	
12-16	1555-1559	baay	
12-17	1560-1563	van	
12-18	1564-1572	Sirakuze	
12-19	1572-1573	.	

#Text=Al wat 'er van 
#Text=geneesmeesteren, al wat 'er van hulpmiddelen te vinden was, al wat de konst kon
#Text=
#Text=belooven, brengt men terstondt tot heeling, en verzachting der wonde, en pyne, by.
13-1	1574-1576	Al	
13-2	1577-1580	wat	
13-3	1581-1582	'	
13-4	1582-1584	er	
13-5	1585-1588	van	
13-6	1590-1605	geneesmeesteren	
13-7	1605-1606	,	
13-8	1607-1609	al	
13-9	1610-1613	wat	
13-10	1614-1615	'	
13-11	1615-1617	er	
13-12	1618-1621	van	
13-13	1622-1634	hulpmiddelen	
13-14	1635-1637	te	
13-15	1638-1644	vinden	
13-16	1645-1648	was	
13-17	1648-1649	,	
13-18	1650-1652	al	
13-19	1653-1656	wat	
13-20	1657-1659	de	
13-21	1660-1665	konst	
13-22	1666-1669	kon	
13-23	1671-1679	belooven	
13-24	1679-1680	,	
13-25	1681-1687	brengt	
13-26	1688-1691	men	
13-27	1692-1701	terstondt	
13-28	1702-1705	tot	
13-29	1706-1713	heeling	
13-30	1713-1714	,	
13-31	1715-1717	en	
13-32	1718-1729	verzachting	
13-33	1730-1733	der	
13-34	1734-1739	wonde	
13-35	1739-1740	,	
13-36	1741-1743	en	
13-37	1744-1748	pyne	
13-38	1748-1749	,	
13-39	1750-1752	by	
13-40	1752-1753	.	
