#FORMAT=WebAnno TSV 3.3


#Text=+Uit deze oorzaak ontstondt d'oorlogh tusschen
#Text=d'Atheeners en Megarensers, 
#Text=die zich beklaagden, dat die van Atheene hen, tegens het gegemeen recht, uit 
#Text=hunne havenen slooten.
1-1	2-3	+	
1-2	3-6	Uit	
1-3	7-11	deze	
1-4	12-19	oorzaak	
1-5	20-29	ontstondt	
1-6	30-39	d'oorlogh	
1-7	40-48	tusschen	
1-8	49-60	d'Atheeners	
1-9	61-63	en	
1-10	64-75	Megarensers	
1-11	75-76	,	
1-12	78-81	die	
1-13	82-86	zich	
1-14	87-97	beklaagden	
1-15	97-98	,	
1-16	99-102	dat	
1-17	103-106	die	
1-18	107-110	van	
1-19	111-118	Atheene	
1-20	119-122	hen	
1-21	122-123	,	
1-22	124-130	tegens	
1-23	131-134	het	
1-24	135-143	gegemeen	
1-25	144-149	recht	
1-26	149-150	,	
1-27	151-154	uit	
1-28	156-161	hunne	
1-29	162-169	havenen	
1-30	170-177	slooten	
1-31	177-178	.	

#Text=Voorts leerde de voorgaande eeuwe hoe zuur het den 
#Text=Koningen van Spanje opbrak, dat ze den Hollanderen de vaart op Spanje en 
#Text=Portugaal verbooden:
#Text=toen hun dat noodt-zaakte hun geluk elders te zoeken, daar 
#Text=hunne vaart naar d'Indien op volghde:
#Text='t geen oorzaak gaf, dat men den Spanjaarden 
#Text=d'ingebeelde meesterschap over d'Indische zee betwistte, en hun veele eilanden 
#Text=en vastigheden in die gewesten des aardtboodems ontweldigde:
#Text=zoo dat iemandt 
#Text=met reden zeide, Dat de geenen die d'aarde en zee voor zich zelve alleen willen 
#Text=behouden, in 't gemeen beide ver liezen, en dat door de heerschzucht +der
#Text=maghtigen, d'onmaghtigen uit wanhoop stout worden.
2-1	179-185	Voorts	
2-2	186-192	leerde	
2-3	193-195	de	
2-4	196-206	voorgaande	
2-5	207-212	eeuwe	
2-6	213-216	hoe	
2-7	217-221	zuur	
2-8	222-225	het	
2-9	226-229	den	
2-10	231-239	Koningen	
2-11	240-243	van	
2-12	244-250	Spanje	
2-13	251-257	opbrak	
2-14	257-258	,	
2-15	259-262	dat	
2-16	263-265	ze	
2-17	266-269	den	
2-18	270-281	Hollanderen	
2-19	282-284	de	
2-20	285-290	vaart	
2-21	291-293	op	
2-22	294-300	Spanje	
2-23	301-303	en	
2-24	305-314	Portugaal	
2-25	315-324	verbooden	
2-26	324-325	:	
2-27	326-330	toen	
2-28	331-334	hun	
2-29	335-338	dat	
2-30	339-351	noodt-zaakte	
2-31	352-355	hun	
2-32	356-361	geluk	
2-33	362-368	elders	
2-34	369-371	te	
2-35	372-378	zoeken	
2-36	378-379	,	
2-37	380-384	daar	
2-38	386-391	hunne	
2-39	392-397	vaart	
2-40	398-402	naar	
2-41	403-411	d'Indien	
2-42	412-414	op	
2-43	415-422	volghde	
2-44	422-423	:	
2-45	424-425	'	
2-46	425-426	t	
2-47	427-431	geen	
2-48	432-439	oorzaak	
2-49	440-443	gaf	
2-50	443-444	,	
2-51	445-448	dat	
2-52	449-452	men	
2-53	453-456	den	
2-54	457-468	Spanjaarden	
2-55	470-482	d'ingebeelde	
2-56	483-495	meesterschap	
2-57	496-500	over	
2-58	501-511	d'Indische	
2-59	512-515	zee	
2-60	516-525	betwistte	
2-61	525-526	,	
2-62	527-529	en	
2-63	530-533	hun	
2-64	534-539	veele	
2-65	540-548	eilanden	
2-66	550-552	en	
2-67	553-564	vastigheden	
2-68	565-567	in	
2-69	568-571	die	
2-70	572-580	gewesten	
2-71	581-584	des	
2-72	585-597	aardtboodems	
2-73	598-609	ontweldigde	
2-74	609-610	:	
2-75	611-614	zoo	
2-76	615-618	dat	
2-77	619-626	iemandt	
2-78	628-631	met	
2-79	632-637	reden	
2-80	638-643	zeide	
2-81	643-644	,	
2-82	645-648	Dat	
2-83	649-651	de	
2-84	652-658	geenen	
2-85	659-662	die	
2-86	663-670	d'aarde	
2-87	671-673	en	
2-88	674-677	zee	
2-89	678-682	voor	
2-90	683-687	zich	
2-91	688-693	zelve	
2-92	694-700	alleen	
2-93	701-707	willen	
2-94	709-717	behouden	
2-95	717-718	,	
2-96	719-721	in	
2-97	722-723	'	
2-98	723-724	t	
2-99	725-731	gemeen	
2-100	732-737	beide	
2-101	738-741	ver	
2-102	742-748	liezen	
2-103	748-749	,	
2-104	750-752	en	
2-105	753-756	dat	
2-106	757-761	door	
2-107	762-764	de	
2-108	765-777	heerschzucht	
2-109	778-779	+	
2-110	779-782	der	
2-111	783-792	maghtigen	
2-112	792-793	,	
2-113	794-807	d'onmaghtigen	
2-114	808-811	uit	
2-115	812-819	wanhoop	
2-116	820-825	stout	
2-117	826-832	worden	
2-118	832-833	.	

#Text=Zelfs d'Engelschen, die
#Text=
#Text=
#Text=
#Text=
#Text=+1653
#Text=
#Text=
#Text=
#Text=
#Text=
#Text=
#Text=
#Text=+Zelfs d'Engelschen
#Text=
#Text=
#Text=nu den Nederlanderen de zee poogden te beneemen, waaren voor deezen, toen 
#Text=ze met anderen te doen hadden, van een ander verstandt, en verdeedigden de
#Text=
#Text=
#Text=beweerden eertydts dat de zee gemeen en vry was.
3-1	834-839	Zelfs	
3-2	840-852	d'Engelschen	
3-3	852-853	,	
3-4	854-857	die	
3-5	862-863	+	
3-6	863-867	1653	
3-7	875-876	+	
3-8	876-881	Zelfs	
3-9	882-894	d'Engelschen	
3-10	897-899	nu	
3-11	900-903	den	
3-12	904-917	Nederlanderen	
3-13	918-920	de	
3-14	921-924	zee	
3-15	925-932	poogden	
3-16	933-935	te	
3-17	936-944	beneemen	
3-18	944-945	,	
3-19	946-952	waaren	
3-20	953-957	voor	
3-21	958-964	deezen	
3-22	964-965	,	
3-23	966-970	toen	
3-24	972-974	ze	
3-25	975-978	met	
3-26	979-986	anderen	
3-27	987-989	te	
3-28	990-994	doen	
3-29	995-1001	hadden	
3-30	1001-1002	,	
3-31	1003-1006	van	
3-32	1007-1010	een	
3-33	1011-1016	ander	
3-34	1017-1026	verstandt	
3-35	1026-1027	,	
3-36	1028-1030	en	
3-37	1031-1043	verdeedigden	
3-38	1044-1046	de	
3-39	1049-1058	beweerden	
3-40	1059-1067	eertydts	
3-41	1068-1071	dat	
3-42	1072-1074	de	
3-43	1075-1078	zee	
3-44	1079-1085	gemeen	
3-45	1086-1088	en	
3-46	1089-1092	vry	
3-47	1093-1096	was	
3-48	1096-1097	.	

#Text=vryheit der zee.
4-1	1102-1109	vryheit	
4-2	1110-1113	der	
4-3	1114-1117	zee	
4-4	1117-1118	.	

#Text=Want toen de Spanjaarden in den jaare MDLXXX zich over den toght 
#Text=van den Engelschen zee-overste Franois Draak rondtzom den aardtkloot, en ook 
#Text=in d'Ostindien, t'hunner schade gedaan, grootelyks beklaagden, werdt hun door 
#Text=d'Engelschen geantwoordt, dat ze met hunne trouwloosheit en wreedtheit tegens 
#Text=d'Engelschen, dien ze, tegens 't recht der volken, den koophandel verbooden, zich 
#Text=dat quaadt op den hals hadden gehaalt.
5-1	1119-1123	Want	
5-2	1124-1128	toen	
5-3	1129-1131	de	
5-4	1132-1143	Spanjaarden	
5-5	1144-1146	in	
5-6	1147-1150	den	
5-7	1151-1156	jaare	
5-8	1157-1163	MDLXXX	
5-9	1164-1168	zich	
5-10	1169-1173	over	
5-11	1174-1177	den	
5-12	1178-1183	toght	
5-13	1185-1188	van	
5-14	1189-1192	den	
5-15	1193-1203	Engelschen	
5-16	1204-1215	zee-overste	
5-17	1216-1223	Franois	
5-18	1224-1229	Draak	
5-19	1230-1238	rondtzom	
5-20	1239-1242	den	
5-21	1243-1253	aardtkloot	
5-22	1253-1254	,	
5-23	1255-1257	en	
5-24	1258-1261	ook	
5-25	1263-1265	in	
5-26	1266-1277	d'Ostindien	
5-27	1277-1278	,	
5-28	1279-1287	t'hunner	
5-29	1288-1294	schade	
5-30	1295-1301	gedaan	
5-31	1301-1302	,	
5-32	1303-1313	grootelyks	
5-33	1314-1324	beklaagden	
5-34	1324-1325	,	
5-35	1326-1331	werdt	
5-36	1332-1335	hun	
5-37	1336-1340	door	
5-38	1342-1354	d'Engelschen	
5-39	1355-1366	geantwoordt	
5-40	1366-1367	,	
5-41	1368-1371	dat	
5-42	1372-1374	ze	
5-43	1375-1378	met	
5-44	1379-1384	hunne	
5-45	1385-1398	trouwloosheit	
5-46	1399-1401	en	
5-47	1402-1412	wreedtheit	
5-48	1413-1419	tegens	
5-49	1421-1433	d'Engelschen	
5-50	1433-1434	,	
5-51	1435-1439	dien	
5-52	1440-1442	ze	
5-53	1442-1443	,	
5-54	1444-1450	tegens	
5-55	1451-1452	'	
5-56	1452-1453	t	
5-57	1454-1459	recht	
5-58	1460-1463	der	
5-59	1464-1470	volken	
5-60	1470-1471	,	
5-61	1472-1475	den	
5-62	1476-1486	koophandel	
5-63	1487-1496	verbooden	
5-64	1496-1497	,	
5-65	1498-1502	zich	
5-66	1504-1507	dat	
5-67	1508-1514	quaadt	
5-68	1515-1517	op	
5-69	1518-1521	den	
5-70	1522-1526	hals	
5-71	1527-1533	hadden	
5-72	1534-1541	gehaalt	
5-73	1541-1542	.	

#Text=Ook beweerden ze toen, dat het gebruik 
#Text=der zee, zoo wel als van de lucht, aan allen gemeen was .
6-1	1543-1546	Ook	
6-2	1547-1556	beweerden	
6-3	1557-1559	ze	
6-4	1560-1564	toen	
6-5	1564-1565	,	
6-6	1566-1569	dat	
6-7	1570-1573	het	
6-8	1574-1581	gebruik	
6-9	1583-1586	der	
6-10	1587-1590	zee	
6-11	1590-1591	,	
6-12	1592-1595	zoo	
6-13	1596-1599	wel	
6-14	1600-1603	als	
6-15	1604-1607	van	
6-16	1608-1610	de	
6-17	1611-1616	lucht	
6-18	1616-1617	,	
6-19	1618-1621	aan	
6-20	1622-1627	allen	
6-21	1628-1634	gemeen	
6-22	1635-1638	was	
6-23	1639-1640	.	

#Text=En als ze daarna in
#Text=
#Text=
#Text=
#Text=
#Text=
#Text=
#Text=
#Text=Thuanus in 't LXXI. boek
#Text=
#Text=
#Text=den jaar MDC met de Deenen in verschil raakten over het stuk der visscherye, 
#Text=zeiden ze onder anderen, dat de vermaardtste Rechtsgeleerden oordeelden, dat 
#Text=de zee door 't recht der volken vry en gemeen was, en door geen Prins kon 
#Text=verbooden worden.
7-1	1641-1643	En	
7-2	1644-1647	als	
7-3	1648-1650	ze	
7-4	1651-1657	daarna	
7-5	1658-1660	in	
7-6	1668-1675	Thuanus	
7-7	1676-1678	in	
7-8	1679-1680	'	
7-9	1680-1681	t	
7-10	1682-1686	LXXI	
7-11	1686-1687	.	
7-12	1688-1692	boek	
7-13	1695-1698	den	
7-14	1699-1703	jaar	
7-15	1704-1707	MDC	
7-16	1708-1711	met	
7-17	1712-1714	de	
7-18	1715-1721	Deenen	
7-19	1722-1724	in	
7-20	1725-1733	verschil	
7-21	1734-1741	raakten	
7-22	1742-1746	over	
7-23	1747-1750	het	
7-24	1751-1755	stuk	
7-25	1756-1759	der	
7-26	1760-1770	visscherye	
7-27	1770-1771	,	
7-28	1773-1779	zeiden	
7-29	1780-1782	ze	
7-30	1783-1788	onder	
7-31	1789-1796	anderen	
7-32	1796-1797	,	
7-33	1798-1801	dat	
7-34	1802-1804	de	
7-35	1805-1817	vermaardtste	
7-36	1818-1833	Rechtsgeleerden	
7-37	1834-1844	oordeelden	
7-38	1844-1845	,	
7-39	1846-1849	dat	
7-40	1851-1853	de	
7-41	1854-1857	zee	
7-42	1858-1862	door	
7-43	1863-1864	'	
7-44	1864-1865	t	
7-45	1866-1871	recht	
7-46	1872-1875	der	
7-47	1876-1882	volken	
7-48	1883-1886	vry	
7-49	1887-1889	en	
7-50	1890-1896	gemeen	
7-51	1897-1900	was	
7-52	1900-1901	,	
7-53	1902-1904	en	
7-54	1905-1909	door	
7-55	1910-1914	geen	
7-56	1915-1920	Prins	
7-57	1921-1924	kon	
7-58	1926-1935	verbooden	
7-59	1936-1942	worden	
7-60	1942-1943	.	

#Text=Dan nu deeden ze zelfs 't geen ze te vooren van anderen 
#Text=niet wilden lyden.
8-1	1944-1947	Dan	
8-2	1948-1950	nu	
8-3	1951-1957	deeden	
8-4	1958-1960	ze	
8-5	1961-1966	zelfs	
8-6	1967-1968	'	
8-7	1968-1969	t	
8-8	1970-1974	geen	
8-9	1975-1977	ze	
8-10	1978-1980	te	
8-11	1981-1987	vooren	
8-12	1988-1991	van	
8-13	1992-1999	anderen	
8-14	2001-2005	niet	
8-15	2006-2012	wilden	
8-16	2013-2018	lyden	
8-17	2018-2019	.	

#Text=Maar deeze uitweiding vervoerde my buiten den streek der 
#Text=zaaken, dien ik nu zal hervatten.
9-1	2020-2024	Maar	
9-2	2025-2030	deeze	
9-3	2031-2041	uitweiding	
9-4	2042-2051	vervoerde	
9-5	2052-2054	my	
9-6	2055-2061	buiten	
9-7	2062-2065	den	
9-8	2066-2072	streek	
9-9	2073-2076	der	
9-10	2078-2084	zaaken	
9-11	2084-2085	,	
9-12	2086-2090	dien	
9-13	2091-2093	ik	
9-14	2094-2096	nu	
9-15	2097-2100	zal	
9-16	2101-2110	hervatten	
9-17	2110-2111	.	

#Text=De L.
10-1	2112-2114	De	
10-2	2115-2116	L	
10-3	2116-2117	.	

#Text=Admiraal Tromp was met 's Landts 
#Text=oorlogsvloot, na dat hy eenigen tydt in 't Kanaal hadt gekruist, en op zommige 
#Text=scheepen, uit Hollandt komende, hadt gewacht, in 't begin van Februarius by 't
#Text=
#Text=
#Text=zyner Historie.
#Text=p. 421.
#Text=zie ook R.
11-1	2118-2126	Admiraal	
11-2	2127-2132	Tromp	
11-3	2133-2136	was	
11-4	2137-2140	met	
11-5	2141-2142	'	
11-6	2142-2143	s	
11-7	2144-2150	Landts	
11-8	2152-2164	oorlogsvloot	
11-9	2164-2165	,	
11-10	2166-2168	na	
11-11	2169-2172	dat	
11-12	2173-2175	hy	
11-13	2176-2183	eenigen	
11-14	2184-2188	tydt	
11-15	2189-2191	in	
11-16	2192-2193	'	
11-17	2193-2194	t	
11-18	2195-2201	Kanaal	
11-19	2202-2206	hadt	
11-20	2207-2215	gekruist	
11-21	2215-2216	,	
11-22	2217-2219	en	
11-23	2220-2222	op	
11-24	2223-2230	zommige	
11-25	2232-2240	scheepen	
11-26	2240-2241	,	
11-27	2242-2245	uit	
11-28	2246-2254	Hollandt	
11-29	2255-2262	komende	
11-30	2262-2263	,	
11-31	2264-2268	hadt	
11-32	2269-2276	gewacht	
11-33	2276-2277	,	
11-34	2278-2280	in	
11-35	2281-2282	'	
11-36	2282-2283	t	
11-37	2284-2289	begin	
11-38	2290-2293	van	
11-39	2294-2304	Februarius	
11-40	2305-2307	by	
11-41	2308-2309	'	
11-42	2309-2310	t	
11-43	2313-2318	zyner	
11-44	2319-2327	Historie	
11-45	2327-2328	.	
11-46	2329-2330	p	
11-47	2330-2331	.	
11-48	2332-2335	421	
11-49	2335-2336	.	
11-50	2337-2340	zie	
11-51	2341-2344	ook	
11-52	2345-2346	R	
11-53	2346-2347	.	

#Text=Baakers Chronyk in 't leven van de Koninginne 
#Text=Elizabeth.
#Text=p. 346.
12-1	2348-2355	Baakers	
12-2	2356-2363	Chronyk	
12-3	2364-2366	in	
12-4	2367-2368	'	
12-5	2368-2369	t	
12-6	2370-2375	leven	
12-7	2376-2379	van	
12-8	2380-2382	de	
12-9	2383-2393	Koninginne	
12-10	2395-2404	Elizabeth	
12-11	2404-2405	.	
12-12	2406-2407	p	
12-13	2407-2408	.	
12-14	2409-2412	346	
12-15	2412-2413	.	

#Text=Kamdenus in de Historie van de Koninginne
#Text=Elizabeth
13-1	2416-2424	Kamdenus	
13-2	2425-2427	in	
13-3	2428-2430	de	
13-4	2431-2439	Historie	
13-5	2440-2443	van	
13-6	2444-2446	de	
13-7	2447-2457	Koninginne	
13-8	2458-2467	Elizabeth	
