#FORMAT=WebAnno TSV 3.3


#Text=Men moge geneigd zijn het tiende deel van een streep dun te noemen, hier is een vierde deel daarvan dik, een vijftigste deel van een streep eerst dunner.
1-1	2-5	Men	
1-2	6-10	moge	
1-3	11-18	geneigd	
1-4	19-23	zijn	
1-5	24-27	het	
1-6	28-34	tiende	
1-7	35-39	deel	
1-8	40-43	van	
1-9	44-47	een	
1-10	48-54	streep	
1-11	55-58	dun	
1-12	59-61	te	
1-13	62-68	noemen	
1-14	68-69	,	
1-15	70-74	hier	
1-16	75-77	is	
1-17	78-81	een	
1-18	82-88	vierde	
1-19	89-93	deel	
1-20	94-101	daarvan	
1-21	102-105	dik	
1-22	105-106	,	
1-23	107-110	een	
1-24	111-121	vijftigste	
1-25	122-126	deel	
1-26	127-130	van	
1-27	131-134	een	
1-28	135-141	streep	
1-29	142-147	eerst	
1-30	148-154	dunner	
1-31	154-155	.	

#Text=In al deze vormen treffen ons de waterblaasjes door hunne schoonheid, zij trekken onze opmerkzaamheid tot zich en zetten den geest aan om het raadselachtige te ontwarren.
2-1	156-158	In	
2-2	159-161	al	
2-3	162-166	deze	
2-4	167-173	vormen	
2-5	174-181	treffen	
2-6	182-185	ons	
2-7	186-188	de	
2-8	189-202	waterblaasjes	
2-9	203-207	door	
2-10	208-213	hunne	
2-11	214-224	schoonheid	
2-12	224-225	,	
2-13	226-229	zij	
2-14	230-237	trekken	
2-15	238-242	onze	
2-16	243-257	opmerkzaamheid	
2-17	258-261	tot	
2-18	262-266	zich	
2-19	267-269	en	
2-20	270-276	zetten	
2-21	277-280	den	
2-22	281-286	geest	
2-23	287-290	aan	
2-24	291-293	om	
2-25	294-297	het	
2-26	298-312	raadselachtige	
2-27	313-315	te	
2-28	316-325	ontwarren	
2-29	325-326	.	

#Text=Er is een andere vorm van wolken, namelijk die bij sterke bckoeling uit ijsdeeltjes gevormd wordt.
3-1	331-333	Er	
3-2	334-336	is	
3-3	337-340	een	
3-4	341-347	andere	
3-5	348-352	vorm	
3-6	353-356	van	
3-7	357-363	wolken	
3-8	363-364	,	
3-9	365-373	namelijk	
3-10	374-377	die	
3-11	378-381	bij	
3-12	382-388	sterke	
3-13	389-398	bckoeling	
3-14	399-402	uit	
3-15	403-414	ijsdeeltjes	
3-16	415-422	gevormd	
3-17	423-428	wordt	
3-18	428-429	.	

#Text=In de hoogste streken des dampkrings bevriezen de dampblaasjes.
4-1	430-432	In	
4-2	433-435	de	
4-3	436-443	hoogste	
4-4	444-451	streken	
4-5	452-455	des	
4-6	456-466	dampkrings	
4-7	467-476	bevriezen	
4-8	477-479	de	
4-9	480-492	dampblaasjes	
4-10	492-493	.	

#Text=Geheele wolkenlagen kunnen daaruit bestaan.
5-1	494-501	Geheele	
5-2	502-513	wolkenlagen	
5-3	514-520	kunnen	
5-4	521-528	daaruit	
5-5	529-536	bestaan	
5-6	536-537	.	

#Text=Dit bevriezen kan langzaam geschieden (wij zullen zien dat in dat geval sneeuw ontstaat), of wel schielijk, ja plotseling te voorgeroepen worden.
6-1	538-541	Dit	
6-2	542-551	bevriezen	
6-3	552-555	kan	
6-4	556-564	langzaam	
6-5	565-575	geschieden	
6-6	576-577	(	
6-7	577-580	wij	
6-8	581-587	zullen	
6-9	588-592	zien	
6-10	593-596	dat	
6-11	597-599	in	
6-12	600-603	dat	
6-13	604-609	geval	
6-14	610-616	sneeuw	
6-15	617-625	ontstaat	
6-16	625-626	)	
6-17	626-627	,	
6-18	628-630	of	
6-19	631-634	wel	
6-20	635-644	schielijk	
6-21	644-645	,	
6-22	646-648	ja	
6-23	649-659	plotseling	
6-24	660-662	te	
6-25	663-675	voorgeroepen	
6-26	676-682	worden	
6-27	682-683	.	

#Text=In het laatste geval ontstaat een verschijnsel, in den winter onschadelijk, maar in den zomer vaak vernielend.
7-1	684-686	In	
7-2	687-690	het	
7-3	691-698	laatste	
7-4	699-704	geval	
7-5	705-713	ontstaat	
7-6	714-717	een	
7-7	718-730	verschijnsel	
7-8	730-731	,	
7-9	732-734	in	
7-10	735-738	den	
7-11	739-745	winter	
7-12	746-758	onschadelijk	
7-13	758-759	,	
7-14	760-764	maar	
7-15	765-767	in	
7-16	768-771	den	
7-17	772-777	zomer	
7-18	778-782	vaak	
7-19	783-793	vernielend	
7-20	793-794	.	

#Text=Water buiten aanraking met vaste deelen, en dus in den vorm, waarin het in de bovenlucht is, kan tot een aanmerkelijken graad van koude afgekoeld worden beneden het smeltpunt.
8-1	795-800	Water	
8-2	801-807	buiten	
8-3	808-817	aanraking	
8-4	818-821	met	
8-5	822-827	vaste	
8-6	828-834	deelen	
8-7	834-835	,	
8-8	836-838	en	
8-9	839-842	dus	
8-10	843-845	in	
8-11	846-849	den	
8-12	850-854	vorm	
8-13	854-855	,	
8-14	856-862	waarin	
8-15	863-866	het	
8-16	867-869	in	
8-17	870-872	de	
8-18	873-883	bovenlucht	
8-19	884-886	is	
8-20	886-887	,	
8-21	888-891	kan	
8-22	892-895	tot	
8-23	896-899	een	
8-24	900-914	aanmerkelijken	
8-25	915-920	graad	
8-26	921-924	van	
8-27	925-930	koude	
8-28	931-940	afgekoeld	
8-29	941-947	worden	
8-30	948-955	beneden	
8-31	956-959	het	
8-32	960-969	smeltpunt	
8-33	969-970	.	

#Text=Valt nu een koude windstroom in deze zoo sterk verkoelde massa, zelf in tegengestelde rigting bewogen, zoo kan hij plotseling bevriezen tot grootere korrels, die in de winter nedervallen als hagel, grésil, of ook kunnen naar Arago als een tweede soort van korrels de bevroren waterdruppels hier onderscheiden worden.
9-1	971-975	Valt	
9-2	976-978	nu	
9-3	979-982	een	
9-4	983-988	koude	
9-5	989-999	windstroom	
9-6	1000-1002	in	
9-7	1003-1007	deze	
9-8	1008-1011	zoo	
9-9	1012-1017	sterk	
9-10	1018-1027	verkoelde	
9-11	1028-1033	massa	
9-12	1033-1034	,	
9-13	1035-1039	zelf	
9-14	1040-1042	in	
9-15	1043-1056	tegengestelde	
9-16	1057-1064	rigting	
9-17	1065-1072	bewogen	
9-18	1072-1073	,	
9-19	1074-1077	zoo	
9-20	1078-1081	kan	
9-21	1082-1085	hij	
9-22	1086-1096	plotseling	
9-23	1097-1106	bevriezen	
9-24	1107-1110	tot	
9-25	1111-1119	grootere	
9-26	1120-1127	korrels	
9-27	1127-1128	,	
9-28	1129-1132	die	
9-29	1133-1135	in	
9-30	1136-1138	de	
9-31	1139-1145	winter	
9-32	1146-1157	nedervallen	
9-33	1158-1161	als	
9-34	1162-1167	hagel	
9-35	1167-1168	,	
9-36	1169-1175	grésil	
9-37	1175-1176	,	
9-38	1177-1179	of	
9-39	1180-1183	ook	
9-40	1184-1190	kunnen	
9-41	1191-1195	naar	
9-42	1196-1201	Arago	
9-43	1202-1205	als	
9-44	1206-1209	een	
9-45	1210-1216	tweede	
9-46	1217-1222	soort	
9-47	1223-1226	van	
9-48	1227-1234	korrels	
9-49	1235-1237	de	
9-50	1238-1246	bevroren	
9-51	1247-1260	waterdruppels	
9-52	1261-1265	hier	
9-53	1266-1279	onderscheiden	
9-54	1280-1286	worden	
9-55	1286-1287	.	

#Text=Is echter in den zomer, of in heete gewesten de opstijgende luchtstroom zeer sterk, zoo worden die massa's zelve tot nog grootere hoogte opgevoerd, de begeleidende waterdamp zet zich nog meer uit, brengt groote koude te weeg;
#Text=terwijl, bij ontmoeting van de hoogste koudste lagen, vooral als die door een tegengestelden luchtstroom onophoudelijk nieuw worden aangevoerd, die koude grootere korrels doet ontstaan.
10-1	1288-1290	Is	
10-2	1291-1297	echter	
10-3	1298-1300	in	
10-4	1301-1304	den	
10-5	1305-1310	zomer	
10-6	1310-1311	,	
10-7	1312-1314	of	
10-8	1315-1317	in	
10-9	1318-1323	heete	
10-10	1324-1332	gewesten	
10-11	1333-1335	de	
10-12	1336-1347	opstijgende	
10-13	1348-1359	luchtstroom	
10-14	1360-1364	zeer	
10-15	1365-1370	sterk	
10-16	1370-1371	,	
10-17	1372-1375	zoo	
10-18	1376-1382	worden	
10-19	1383-1386	die	
10-20	1387-1394	massa's	
10-21	1395-1400	zelve	
10-22	1401-1404	tot	
10-23	1405-1408	nog	
10-24	1409-1417	grootere	
10-25	1418-1424	hoogte	
10-26	1425-1434	opgevoerd	
10-27	1434-1435	,	
10-28	1436-1438	de	
10-29	1439-1451	begeleidende	
10-30	1452-1461	waterdamp	
10-31	1462-1465	zet	
10-32	1466-1470	zich	
10-33	1471-1474	nog	
10-34	1475-1479	meer	
10-35	1480-1483	uit	
10-36	1483-1484	,	
10-37	1485-1491	brengt	
10-38	1492-1498	groote	
10-39	1499-1504	koude	
10-40	1505-1507	te	
10-41	1508-1512	weeg	
10-42	1512-1513	;	
10-43	1514-1521	terwijl	
10-44	1521-1522	,	
10-45	1523-1526	bij	
10-46	1527-1537	ontmoeting	
10-47	1538-1541	van	
10-48	1542-1544	de	
10-49	1545-1552	hoogste	
10-50	1553-1560	koudste	
10-51	1561-1566	lagen	
10-52	1566-1567	,	
10-53	1568-1574	vooral	
10-54	1575-1578	als	
10-55	1579-1582	die	
10-56	1583-1587	door	
10-57	1588-1591	een	
10-58	1592-1606	tegengestelden	
10-59	1607-1618	luchtstroom	
10-60	1619-1632	onophoudelijk	
10-61	1633-1638	nieuw	
10-62	1639-1645	worden	
10-63	1646-1656	aangevoerd	
10-64	1656-1657	,	
10-65	1658-1661	die	
10-66	1662-1667	koude	
10-67	1668-1676	grootere	
10-68	1677-1684	korrels	
10-69	1685-1689	doet	
10-70	1690-1698	ontstaan	
10-71	1698-1699	.	

#Text=De eene korrel de andere ontmoetende vereenigt zich met haar naar de wetten der regelatie.
11-1	1700-1702	De	
11-2	1703-1707	eene	
11-3	1708-1714	korrel	
11-4	1715-1717	de	
11-5	1718-1724	andere	
11-6	1725-1736	ontmoetende	
11-7	1737-1746	vereenigt	
11-8	1747-1751	zich	
11-9	1752-1755	met	
11-10	1756-1760	haar	
11-11	1761-1765	naar	
11-12	1766-1768	de	
11-13	1769-1775	wetten	
11-14	1776-1779	der	
11-15	1780-1789	regelatie	
11-16	1789-1790	.	

#Text=Het is echter een genootschap met geheime statu-
#Text=
#Text=[
#Text=p. 45]
#Text=
#Text=ten door de waterdeeltjes gevormd.
12-1	1791-1794	Het	
12-2	1795-1797	is	
12-3	1798-1804	echter	
12-4	1805-1808	een	
12-5	1809-1820	genootschap	
12-6	1821-1824	met	
12-7	1825-1832	geheime	
12-8	1833-1838	statu	
12-9	1838-1839	-	
12-10	1841-1842	[	
12-11	1843-1844	p	
12-12	1844-1845	.	
12-13	1846-1848	45	
12-14	1848-1849	]	
12-15	1851-1854	ten	
12-16	1855-1859	door	
12-17	1860-1862	de	
12-18	1863-1876	waterdeeltjes	
12-19	1877-1884	gevormd	
12-20	1884-1885	.	

#Text=De natuurkundigen hebben ze nog niet ontdekt, vooral niet hoe zij zich zoo kunnen uitbreiden, hoe de korrels zoo groot kunnen worden.
13-1	1886-1888	De	
13-2	1889-1903	natuurkundigen	
13-3	1904-1910	hebben	
13-4	1911-1913	ze	
13-5	1914-1917	nog	
13-6	1918-1922	niet	
13-7	1923-1930	ontdekt	
13-8	1930-1931	,	
13-9	1932-1938	vooral	
13-10	1939-1943	niet	
13-11	1944-1947	hoe	
13-12	1948-1951	zij	
13-13	1952-1956	zich	
13-14	1957-1960	zoo	
13-15	1961-1967	kunnen	
13-16	1968-1978	uitbreiden	
13-17	1978-1979	,	
13-18	1980-1983	hoe	
13-19	1984-1986	de	
13-20	1987-1994	korrels	
13-21	1995-1998	zoo	
13-22	1999-2004	groot	
13-23	2005-2011	kunnen	
13-24	2012-2018	worden	
13-25	2018-2019	.	

#Text=Het is hier niet genoeg te zeggen:
#Text=eenige ijsnaalden voegen zich aaneen en daarom heen bevriest nu een hagelvormige laag water als helder ijs, want van waar ontleent men de latente warmte, die voor zulk een betrekkelijk dikke laag dikwijls zoo aanmerkelijk is.
14-1	2020-2023	Het	
14-2	2024-2026	is	
14-3	2027-2031	hier	
14-4	2032-2036	niet	
14-5	2037-2043	genoeg	
14-6	2044-2046	te	
14-7	2047-2053	zeggen	
14-8	2053-2054	:	
14-9	2055-2061	eenige	
14-10	2062-2072	ijsnaalden	
14-11	2073-2079	voegen	
14-12	2080-2084	zich	
14-13	2085-2091	aaneen	
14-14	2092-2094	en	
14-15	2095-2101	daarom	
14-16	2102-2106	heen	
14-17	2107-2115	bevriest	
14-18	2116-2118	nu	
14-19	2119-2122	een	
14-20	2123-2135	hagelvormige	
14-21	2136-2140	laag	
14-22	2141-2146	water	
14-23	2147-2150	als	
14-24	2151-2157	helder	
14-25	2158-2161	ijs	
14-26	2161-2162	,	
14-27	2163-2167	want	
14-28	2168-2171	van	
14-29	2172-2176	waar	
14-30	2177-2185	ontleent	
14-31	2186-2189	men	
14-32	2190-2192	de	
14-33	2193-2200	latente	
14-34	2201-2207	warmte	
14-35	2207-2208	,	
14-36	2209-2212	die	
14-37	2213-2217	voor	
14-38	2218-2222	zulk	
14-39	2223-2226	een	
14-40	2227-2239	betrekkelijk	
14-41	2240-2245	dikke	
14-42	2246-2250	laag	
14-43	2251-2259	dikwijls	
14-44	2260-2263	zoo	
14-45	2264-2276	aanmerkelijk	
14-46	2277-2279	is	
14-47	2279-2280	.	
