#FORMAT=WebAnno TSV 3.3


#Text=33
#Text=alles vernam, hem om zijn zachtmoedig oordeel wel prijzen, maar den uitval van
#Text=haren schoonbroeder wel betaald zetten.
1-1	5-7	33	
1-2	8-13	alles	
1-3	14-20	vernam	
1-4	20-21	,	
1-5	22-25	hem	
1-6	26-28	om	
1-7	29-33	zijn	
1-8	34-45	zachtmoedig	
1-9	46-53	oordeel	
1-10	54-57	wel	
1-11	58-65	prijzen	
1-12	65-66	,	
1-13	67-71	maar	
1-14	72-75	den	
1-15	76-82	uitval	
1-16	83-86	van	
1-17	87-92	haren	
1-18	93-106	schoonbroeder	
1-19	107-110	wel	
1-20	111-118	betaald	
1-21	119-125	zetten	
1-22	125-126	.	

#Text=Karel bleef na het vertrek van Daniel nog eenige oogenblikken in diep gepeins
#Text=zitten:
#Text=hij achtte zijn' broeder nu geheel verloren.
2-1	128-133	Karel	
2-2	134-139	bleef	
2-3	140-142	na	
2-4	143-146	het	
2-5	147-154	vertrek	
2-6	155-158	van	
2-7	159-165	Daniel	
2-8	166-169	nog	
2-9	170-176	eenige	
2-10	177-189	oogenblikken	
2-11	190-192	in	
2-12	193-197	diep	
2-13	198-205	gepeins	
2-14	206-212	zitten	
2-15	212-213	:	
2-16	214-217	hij	
2-17	218-224	achtte	
2-18	225-229	zijn	
2-19	229-230	'	
2-20	231-238	broeder	
2-21	239-241	nu	
2-22	242-248	geheel	
2-23	249-257	verloren	
2-24	257-258	.	

#Text=Nu hij waarschijnlijk gered was,
#Text=zou hij nog te meer spotten met het ernstige woord, dat hij dezen morgen vernomen
#Text=had.
3-1	259-261	Nu	
3-2	262-265	hij	
3-3	266-280	waarschijnlijk	
3-4	281-286	gered	
3-5	287-290	was	
3-6	290-291	,	
3-7	292-295	zou	
3-8	296-299	hij	
3-9	300-303	nog	
3-10	304-306	te	
3-11	307-311	meer	
3-12	312-319	spotten	
3-13	320-323	met	
3-14	324-327	het	
3-15	328-336	ernstige	
3-16	337-342	woord	
3-17	342-343	,	
3-18	344-347	dat	
3-19	348-351	hij	
3-20	352-357	dezen	
3-21	358-364	morgen	
3-22	365-373	vernomen	
3-23	374-377	had	
3-24	377-378	.	

#Text=Gered!
4-1	379-384	Gered	
4-2	384-385	!	

#Text=Zou 't waar zijn; zou de ijlhoofdige zelfmoordenaar werkelijk zijn
#Text=vermogen - en bezat hij vermogen?
5-1	386-389	Zou	
5-2	390-391	'	
5-3	391-392	t	
5-4	393-397	waar	
5-5	398-402	zijn	
5-6	402-403	;	
5-7	404-407	zou	
5-8	408-410	de	
5-9	411-422	ijlhoofdige	
5-10	423-437	zelfmoordenaar	
5-11	438-447	werkelijk	
5-12	448-452	zijn	
5-13	453-461	vermogen	
5-14	462-463	-	
5-15	464-466	en	
5-16	467-472	bezat	
5-17	473-476	hij	
5-18	477-485	vermogen	
5-19	485-486	?	

#Text=- aan een' vreemde vermaakt hebben?
6-1	487-488	-	
6-2	489-492	aan	
6-3	493-496	een	
6-4	496-497	'	
6-5	498-505	vreemde	
6-6	506-514	vermaakt	
6-7	515-521	hebben	
6-8	521-522	?	

#Text=En dan,
#Text=hoe gered?
7-1	523-525	En	
7-2	526-529	dan	
7-3	529-530	,	
7-4	531-534	hoe	
7-5	535-540	gered	
7-6	540-541	?	

#Text=door een gift van zulk eene hand, van eene hand, die zich in dolle woede
#Text=opgeheven had tegen haren Schepper!
8-1	542-546	door	
8-2	547-550	een	
8-3	551-555	gift	
8-4	556-559	van	
8-5	560-564	zulk	
8-6	565-569	eene	
8-7	570-574	hand	
8-8	574-575	,	
8-9	576-579	van	
8-10	580-584	eene	
8-11	585-589	hand	
8-12	589-590	,	
8-13	591-594	die	
8-14	595-599	zich	
8-15	600-602	in	
8-16	603-608	dolle	
8-17	609-614	woede	
8-18	615-624	opgeheven	
8-19	625-628	had	
8-20	629-634	tegen	
8-21	635-640	haren	
8-22	641-649	Schepper	
8-23	649-650	!	

#Text=Kleefde er geen vloek aan dat geld?
9-1	651-658	Kleefde	
9-2	659-661	er	
9-3	662-666	geen	
9-4	667-672	vloek	
9-5	673-676	aan	
9-6	677-680	dat	
9-7	681-685	geld	
9-8	685-686	?	

#Text='t Was in
#Text=Karel's ziel donker, zoo als 't daar buiten duister was.
10-1	687-688	'	
10-2	688-689	t	
10-3	690-693	Was	
10-4	694-696	in	
10-5	697-704	Karel's	
10-6	705-709	ziel	
10-7	710-716	donker	
10-8	716-717	,	
10-9	718-721	zoo	
10-10	722-725	als	
10-11	726-727	'	
10-12	727-728	t	
10-13	729-733	daar	
10-14	734-740	buiten	
10-15	741-748	duister	
10-16	749-752	was	
10-17	752-753	.	

#Text=Zijne gemoedsstemming kwam
#Text=geheel overeen met den droevigen Novemberdag, die met zijne vochtige nevelen
#Text=den laauwen dampkring bezwaarde en geen enkelen zonnestraal liet doordringen.
11-1	754-759	Zijne	
11-2	760-775	gemoedsstemming	
11-3	776-780	kwam	
11-4	781-787	geheel	
11-5	788-795	overeen	
11-6	796-799	met	
11-7	800-803	den	
11-8	804-813	droevigen	
11-9	814-825	Novemberdag	
11-10	825-826	,	
11-11	827-830	die	
11-12	831-834	met	
11-13	835-840	zijne	
11-14	841-849	vochtige	
11-15	850-857	nevelen	
11-16	858-861	den	
11-17	862-869	laauwen	
11-18	870-879	dampkring	
11-19	880-889	bezwaarde	
11-20	890-892	en	
11-21	893-897	geen	
11-22	898-905	enkelen	
11-23	906-917	zonnestraal	
11-24	918-922	liet	
11-25	923-934	doordringen	
11-26	934-935	.	

#Text=In zulk eene stemming begaf hij zich naar zijne moeder, die hij wist, dat verlangend
#Text=zou uitzien, om iets naders van haren Hendrik te hooren, daar zij zelve, diep geschokt,
#Text=den moed nog niet had verzameld, om zich naar zijn huis te begeven.
12-1	938-940	In	
12-2	941-945	zulk	
12-3	946-950	eene	
12-4	951-959	stemming	
12-5	960-965	begaf	
12-6	966-969	hij	
12-7	970-974	zich	
12-8	975-979	naar	
12-9	980-985	zijne	
12-10	986-992	moeder	
12-11	992-993	,	
12-12	994-997	die	
12-13	998-1001	hij	
12-14	1002-1006	wist	
12-15	1006-1007	,	
12-16	1008-1011	dat	
12-17	1012-1022	verlangend	
12-18	1023-1026	zou	
12-19	1027-1034	uitzien	
12-20	1034-1035	,	
12-21	1036-1038	om	
12-22	1039-1043	iets	
12-23	1044-1050	naders	
12-24	1051-1054	van	
12-25	1055-1060	haren	
12-26	1061-1068	Hendrik	
12-27	1069-1071	te	
12-28	1072-1078	hooren	
12-29	1078-1079	,	
12-30	1080-1084	daar	
12-31	1085-1088	zij	
12-32	1089-1094	zelve	
12-33	1094-1095	,	
12-34	1096-1100	diep	
12-35	1101-1109	geschokt	
12-36	1109-1110	,	
12-37	1111-1114	den	
12-38	1115-1119	moed	
12-39	1120-1123	nog	
12-40	1124-1128	niet	
12-41	1129-1132	had	
12-42	1133-1142	verzameld	
12-43	1142-1143	,	
12-44	1144-1146	om	
12-45	1147-1151	zich	
12-46	1152-1156	naar	
12-47	1157-1161	zijn	
12-48	1162-1166	huis	
12-49	1167-1169	te	
12-50	1170-1177	begeven	
12-51	1177-1178	.	

#Text=Somber, schokkend was het tafereel, dat Karel van de vermoedelijke redding zijns
#Text=broeders ophing.
13-1	1180-1186	Somber	
13-2	1186-1187	,	
13-3	1188-1197	schokkend	
13-4	1198-1201	was	
13-5	1202-1205	het	
13-6	1206-1214	tafereel	
13-7	1214-1215	,	
13-8	1216-1219	dat	
13-9	1220-1225	Karel	
13-10	1226-1229	van	
13-11	1230-1232	de	
13-12	1233-1246	vermoedelijke	
13-13	1247-1254	redding	
13-14	1255-1260	zijns	
13-15	1261-1269	broeders	
13-16	1270-1276	ophing	
13-17	1276-1277	.	

#Text=Hij achtte hem te diep gezonken, om nog eenige hoop op zijne
#Text=wederoprigting te koesteren.
14-1	1278-1281	Hij	
14-2	1282-1288	achtte	
14-3	1289-1292	hem	
14-4	1293-1295	te	
14-5	1296-1300	diep	
14-6	1301-1309	gezonken	
14-7	1309-1310	,	
14-8	1311-1313	om	
14-9	1314-1317	nog	
14-10	1318-1324	eenige	
14-11	1325-1329	hoop	
14-12	1330-1332	op	
14-13	1333-1338	zijne	
14-14	1339-1353	wederoprigting	
14-15	1354-1356	te	
14-16	1357-1366	koesteren	
14-17	1366-1367	.	

#Text=Gered door een' zelfmoordenaar, die tot in zijn' dood
#Text=getoond had met God en godsdienst te spotten, wat moest daar het gevolg van zijn?
15-1	1368-1373	Gered	
15-2	1374-1378	door	
15-3	1379-1382	een	
15-4	1382-1383	'	
15-5	1384-1398	zelfmoordenaar	
15-6	1398-1399	,	
15-7	1400-1403	die	
15-8	1404-1407	tot	
15-9	1408-1410	in	
15-10	1411-1415	zijn	
15-11	1415-1416	'	
15-12	1417-1421	dood	
15-13	1422-1429	getoond	
15-14	1430-1433	had	
15-15	1434-1437	met	
15-16	1438-1441	God	
15-17	1442-1444	en	
15-18	1445-1455	godsdienst	
15-19	1456-1458	te	
15-20	1459-1466	spotten	
15-21	1466-1467	,	
15-22	1468-1471	wat	
15-23	1472-1477	moest	
15-24	1478-1482	daar	
15-25	1483-1486	het	
15-26	1487-1493	gevolg	
15-27	1494-1497	van	
15-28	1498-1502	zijn	
15-29	1502-1503	?	

#Text=Zegen kon er op zulk een middel, om hem uit den nood te helpen, niet rusten.
16-1	1505-1510	Zegen	
16-2	1511-1514	kon	
16-3	1515-1517	er	
16-4	1518-1520	op	
16-5	1521-1525	zulk	
16-6	1526-1529	een	
16-7	1530-1536	middel	
16-8	1536-1537	,	
16-9	1538-1540	om	
16-10	1541-1544	hem	
16-11	1545-1548	uit	
16-12	1549-1552	den	
16-13	1553-1557	nood	
16-14	1558-1560	te	
16-15	1561-1567	helpen	
16-16	1567-1568	,	
16-17	1569-1573	niet	
16-18	1574-1580	rusten	
16-19	1580-1581	.	

#Text=De
#Text=aangeboden hand ter redding had hij afgewezen, omdat hij dan een' anderen weg had
#Text=moeten inslaan.
17-1	1582-1584	De	
17-2	1585-1595	aangeboden	
17-3	1596-1600	hand	
17-4	1601-1604	ter	
17-5	1605-1612	redding	
17-6	1613-1616	had	
17-7	1617-1620	hij	
17-8	1621-1630	afgewezen	
17-9	1630-1631	,	
17-10	1632-1637	omdat	
17-11	1638-1641	hij	
17-12	1642-1645	dan	
17-13	1646-1649	een	
17-14	1649-1650	'	
17-15	1651-1658	anderen	
17-16	1659-1662	weg	
17-17	1663-1666	had	
17-18	1667-1673	moeten	
17-19	1674-1681	inslaan	
17-20	1681-1682	.	

#Text=Moederliefde, broederhulp - 't was duidelijk,
#Text=
#Text=
#Text=Adriaan Hendrik van der Hoeve, Menschenwaan en Christendom (2 delen)
18-1	1683-1695	Moederliefde	
18-2	1695-1696	,	
18-3	1697-1708	broederhulp	
18-4	1709-1710	-	
18-5	1711-1712	'	
18-6	1712-1713	t	
18-7	1714-1717	was	
18-8	1718-1727	duidelijk	
18-9	1727-1728	,	
18-10	1731-1738	Adriaan	
18-11	1739-1746	Hendrik	
18-12	1747-1750	van	
18-13	1751-1754	der	
18-14	1755-1760	Hoeve	
18-15	1760-1761	,	
18-16	1762-1774	Menschenwaan	
18-17	1775-1777	en	
18-18	1778-1789	Christendom	
18-19	1790-1791	(	
18-20	1791-1792	2	
18-21	1793-1798	delen	
18-22	1798-1799	)	
