#FORMAT=WebAnno TSV 3.3


#Text=Cum consummaveris deprædationem, deprædaberis ; cum fatigatus desieris contemnere, contemneris.
#Text=2 Domine, miserere nostri, te enim exspectavimus ; esto brachium nostrum in mane, et salus nostra in tempore tribulationis.
#Text=3 A voce angeli fugerunt populi, et ab exaltatione tua dispersæ sunt gentes.
#Text=4 Et congregabuntur spolia vestra sicut colligitur bruchus, velut cum fossæ plenæ fuerint de eo.
#Text=5 Magnificatus est Dominus, quoniam habitavit in excelso ; implevit Sion judicio et justitia.
#Text=6 Et erit fides in temporibus tuis : divitiæ salutis sapientia et scientia ; timor Domini ipse est thesaurus ejus.
#Text=7 Ecce videntes clamabunt foris ; angeli pacis amare flebunt.
#Text=8 Dissipatæ sunt viæ, cessavit transiens per semitam : irritum factum est pactum, projecit civitates, non reputavit homines.
#Text=9 Luxit et elanguit terra ; confusus est Libanus, et obsorduit : et factus est Saron sicut desertum, et concussa est Basan, et Carmelus.
#Text=10 Nunc consurgam, dicit Dominus ; nunc exaltabor, nunc sublevabor.
#Text=11 Concipietis ardorem, parietis stipulam ; spiritus vester ut ignis vorabit vos.
#Text=12 Et erunt populi quasi de incendio cinis ; spinæ congregatæ igni comburentur.
#Text=13 Audite, qui longe estis, quæ fecerim ; et cognoscite, vicini, fortitudinem meam.
#Text=14 Conterriti sunt in Sion peccatores ; possedit tremor hypocritas.
1-1	2-5	Cum	
1-2	6-19	consummaveris	
1-3	20-33	deprædationem	
1-4	33-34	,	
1-5	35-47	deprædaberis	
1-6	48-49	;	
1-7	50-53	cum	
1-8	54-63	fatigatus	
1-9	64-72	desieris	
1-10	73-83	contemnere	
1-11	83-84	,	
1-12	85-96	contemneris	
1-13	96-97	.	
1-14	98-99	2	
1-15	100-106	Domine	
1-16	106-107	,	
1-17	108-116	miserere	
1-18	117-123	nostri	
1-19	123-124	,	
1-20	125-127	te	
1-21	128-132	enim	
1-22	133-146	exspectavimus	
1-23	147-148	;	
1-24	149-153	esto	
1-25	154-162	brachium	
1-26	163-170	nostrum	
1-27	171-173	in	
1-28	174-178	mane	
1-29	178-179	,	
1-30	180-182	et	
1-31	183-188	salus	
1-32	189-195	nostra	
1-33	196-198	in	
1-34	199-206	tempore	
1-35	207-220	tribulationis	
1-36	220-221	.	
1-37	222-223	3	
1-38	224-225	A	
1-39	226-230	voce	
1-40	231-237	angeli	
1-41	238-246	fugerunt	
1-42	247-253	populi	
1-43	253-254	,	
1-44	255-257	et	
1-45	258-260	ab	
1-46	261-272	exaltatione	
1-47	273-276	tua	
1-48	277-285	dispersæ	
1-49	286-290	sunt	
1-50	291-297	gentes	
1-51	297-298	.	
1-52	299-300	4	
1-53	301-303	Et	
1-54	304-318	congregabuntur	
1-55	319-325	spolia	
1-56	326-332	vestra	
1-57	333-338	sicut	
1-58	339-349	colligitur	
1-59	350-357	bruchus	
1-60	357-358	,	
1-61	359-364	velut	
1-62	365-368	cum	
1-63	369-374	fossæ	
1-64	375-380	plenæ	
1-65	381-388	fuerint	
1-66	389-391	de	
1-67	392-394	eo	
1-68	394-395	.	
1-69	396-397	5	
1-70	398-410	Magnificatus	
1-71	411-414	est	
1-72	415-422	Dominus	
1-73	422-423	,	
1-74	424-431	quoniam	
1-75	432-441	habitavit	
1-76	442-444	in	
1-77	445-452	excelso	
1-78	453-454	;	
1-79	455-463	implevit	
1-80	464-468	Sion	
1-81	469-476	judicio	
1-82	477-479	et	
1-83	480-488	justitia	
1-84	488-489	.	
1-85	490-491	6	
1-86	492-494	Et	
1-87	495-499	erit	
1-88	500-505	fides	
1-89	506-508	in	
1-90	509-519	temporibus	
1-91	520-524	tuis	
1-92	525-526	:	
1-93	527-534	divitiæ	
1-94	535-542	salutis	
1-95	543-552	sapientia	
1-96	553-555	et	
1-97	556-564	scientia	
1-98	565-566	;	
1-99	567-572	timor	
1-100	573-579	Domini	
1-101	580-584	ipse	
1-102	585-588	est	
1-103	589-598	thesaurus	
1-104	599-603	ejus	
1-105	603-604	.	
1-106	605-606	7	
1-107	607-611	Ecce	
1-108	612-620	videntes	
1-109	621-630	clamabunt	
1-110	631-636	foris	
1-111	637-638	;	
1-112	639-645	angeli	
1-113	646-651	pacis	
1-114	652-657	amare	
1-115	658-665	flebunt	
1-116	665-666	.	
1-117	667-668	8	
1-118	669-678	Dissipatæ	
1-119	679-683	sunt	
1-120	684-687	viæ	
1-121	687-688	,	
1-122	689-697	cessavit	
1-123	698-707	transiens	
1-124	708-711	per	
1-125	712-719	semitam	
1-126	720-721	:	
1-127	722-729	irritum	
1-128	730-736	factum	
1-129	737-740	est	
1-130	741-747	pactum	
1-131	747-748	,	
1-132	749-757	projecit	
1-133	758-767	civitates	
1-134	767-768	,	
1-135	769-772	non	
1-136	773-782	reputavit	
1-137	783-790	homines	
1-138	790-791	.	
1-139	792-793	9	
1-140	794-799	Luxit	
1-141	800-802	et	
1-142	803-811	elanguit	
1-143	812-817	terra	
1-144	818-819	;	
1-145	820-828	confusus	
1-146	829-832	est	
1-147	833-840	Libanus	
1-148	840-841	,	
1-149	842-844	et	
1-150	845-854	obsorduit	
1-151	855-856	:	
1-152	857-859	et	
1-153	860-866	factus	
1-154	867-870	est	
1-155	871-876	Saron	
1-156	877-882	sicut	
1-157	883-891	desertum	
1-158	891-892	,	
1-159	893-895	et	
1-160	896-904	concussa	
1-161	905-908	est	
1-162	909-914	Basan	
1-163	914-915	,	
1-164	916-918	et	
1-165	919-927	Carmelus	
1-166	927-928	.	
1-167	929-931	10	
1-168	932-936	Nunc	
1-169	937-946	consurgam	
1-170	946-947	,	
1-171	948-953	dicit	
1-172	954-961	Dominus	
1-173	962-963	;	
1-174	964-968	nunc	
1-175	969-978	exaltabor	
1-176	978-979	,	
1-177	980-984	nunc	
1-178	985-995	sublevabor	
1-179	995-996	.	
1-180	997-999	11	
1-181	1000-1011	Concipietis	
1-182	1012-1019	ardorem	
1-183	1019-1020	,	
1-184	1021-1029	parietis	
1-185	1030-1038	stipulam	
1-186	1039-1040	;	
1-187	1041-1049	spiritus	
1-188	1050-1056	vester	
1-189	1057-1059	ut	
1-190	1060-1065	ignis	
1-191	1066-1073	vorabit	
1-192	1074-1077	vos	
1-193	1077-1078	.	
1-194	1079-1081	12	
1-195	1082-1084	Et	
1-196	1085-1090	erunt	
1-197	1091-1097	populi	
1-198	1098-1103	quasi	
1-199	1104-1106	de	
1-200	1107-1115	incendio	
1-201	1116-1121	cinis	
1-202	1122-1123	;	
1-203	1124-1129	spinæ	
1-204	1130-1140	congregatæ	
1-205	1141-1145	igni	
1-206	1146-1157	comburentur	
1-207	1157-1158	.	
1-208	1159-1161	13	
1-209	1162-1168	Audite	
1-210	1168-1169	,	
1-211	1170-1173	qui	
1-212	1174-1179	longe	
1-213	1180-1185	estis	
1-214	1185-1186	,	
1-215	1187-1190	quæ	
1-216	1191-1198	fecerim	
1-217	1199-1200	;	
1-218	1201-1203	et	
1-219	1204-1214	cognoscite	
1-220	1214-1215	,	
1-221	1216-1222	vicini	
1-222	1222-1223	,	
1-223	1224-1236	fortitudinem	
1-224	1237-1241	meam	
1-225	1241-1242	.	
1-226	1243-1245	14	
1-227	1246-1256	Conterriti	
1-228	1257-1261	sunt	
1-229	1262-1264	in	
1-230	1265-1269	Sion	
1-231	1270-1280	peccatores	
1-232	1281-1282	;	
1-233	1283-1291	possedit	
1-234	1292-1298	tremor	
1-235	1299-1309	hypocritas	
1-236	1309-1310	.	

#Text=Quis poterit habitare de vobis cum igne devorante ?
2-1	1311-1315	Quis	
2-2	1316-1323	poterit	
2-3	1324-1332	habitare	
2-4	1333-1335	de	
2-5	1336-1341	vobis	
2-6	1342-1345	cum	
2-7	1346-1350	igne	
2-8	1351-1360	devorante	
2-9	1361-1362	?	

#Text=quis habitabit ex vobis cum ardoribus sempiternis ?
3-1	1363-1367	quis	
3-2	1368-1377	habitabit	
3-3	1378-1380	ex	
3-4	1381-1386	vobis	
3-5	1387-1390	cum	
3-6	1391-1400	ardoribus	
3-7	1401-1412	sempiternis	
3-8	1413-1414	?	

#Text=15 Qui ambulat in justitiis et loquitur veritatem, qui projicit avaritiam ex calumnia, et excutit manus suas ab omni munere, qui obturat aures suas ne audiat sanguinem, et claudit oculos suos ne videat malum.
#Text=16 Iste in excelsis habitabit ; munimenta saxorum sublimitas ejus : panis ei datus est, aquæ ejus fideles sunt.
#Text=17 Regem in decore suo videbunt oculi ejus, cernent terram de longe.
#Text=18 Cor tuum meditabitur timorem : ubi est litteratus ?
4-1	1415-1417	15	
4-2	1418-1421	Qui	
4-3	1422-1429	ambulat	
4-4	1430-1432	in	
4-5	1433-1442	justitiis	
4-6	1443-1445	et	
4-7	1446-1454	loquitur	
4-8	1455-1464	veritatem	
4-9	1464-1465	,	
4-10	1466-1469	qui	
4-11	1470-1478	projicit	
4-12	1479-1488	avaritiam	
4-13	1489-1491	ex	
4-14	1492-1500	calumnia	
4-15	1500-1501	,	
4-16	1502-1504	et	
4-17	1505-1512	excutit	
4-18	1513-1518	manus	
4-19	1519-1523	suas	
4-20	1524-1526	ab	
4-21	1527-1531	omni	
4-22	1532-1538	munere	
4-23	1538-1539	,	
4-24	1540-1543	qui	
4-25	1544-1551	obturat	
4-26	1552-1557	aures	
4-27	1558-1562	suas	
4-28	1563-1565	ne	
4-29	1566-1572	audiat	
4-30	1573-1582	sanguinem	
4-31	1582-1583	,	
4-32	1584-1586	et	
4-33	1587-1594	claudit	
4-34	1595-1601	oculos	
4-35	1602-1606	suos	
4-36	1607-1609	ne	
4-37	1610-1616	videat	
4-38	1617-1622	malum	
4-39	1622-1623	.	
4-40	1624-1626	16	
4-41	1627-1631	Iste	
4-42	1632-1634	in	
4-43	1635-1643	excelsis	
4-44	1644-1653	habitabit	
4-45	1654-1655	;	
4-46	1656-1665	munimenta	
4-47	1666-1673	saxorum	
4-48	1674-1684	sublimitas	
4-49	1685-1689	ejus	
4-50	1690-1691	:	
4-51	1692-1697	panis	
4-52	1698-1700	ei	
4-53	1701-1706	datus	
4-54	1707-1710	est	
4-55	1710-1711	,	
4-56	1712-1716	aquæ	
4-57	1717-1721	ejus	
4-58	1722-1729	fideles	
4-59	1730-1734	sunt	
4-60	1734-1735	.	
4-61	1736-1738	17	
4-62	1739-1744	Regem	
4-63	1745-1747	in	
4-64	1748-1754	decore	
4-65	1755-1758	suo	
4-66	1759-1767	videbunt	
4-67	1768-1773	oculi	
4-68	1774-1778	ejus	
4-69	1778-1779	,	
4-70	1780-1787	cernent	
4-71	1788-1794	terram	
4-72	1795-1797	de	
4-73	1798-1803	longe	
4-74	1803-1804	.	
4-75	1805-1807	18	
4-76	1808-1811	Cor	
4-77	1812-1816	tuum	
4-78	1817-1828	meditabitur	
4-79	1829-1836	timorem	
4-80	1837-1838	:	
4-81	1839-1842	ubi	
4-82	1843-1846	est	
4-83	1847-1857	litteratus	
4-84	1858-1859	?	
