#FORMAT=WebAnno TSV 3.3


#Text=was
#Text=nicht durchgehen will/ wird aufs neue wieder geſotten/
#Text=
#Text=und abermal durch das Sieb (wie geſagt worden)
#Text=ge-
#Text=trieben;
#Text=dieſes Geaͤſe zu erhalten/ wird Hoͤnig darauf
#Text=gegoſſen/
#Text=ſo hat man vor einen Vogel auf ein halb Jahr
#Text=
#Text=lang
#Text=genugſam Fuͤtterey.
1-1	0-3	was	
1-2	4-9	nicht	
1-3	10-20	durchgehen	
1-4	21-25	will	
1-5	25-26	/	
1-6	27-31	wird	
1-7	32-36	aufs	
1-8	37-41	neue	
1-9	42-48	wieder	
1-10	49-57	geſotten	
1-11	57-58	/	
1-12	60-63	und	
1-13	64-71	abermal	
1-14	72-77	durch	
1-15	78-81	das	
1-16	82-86	Sieb	
1-17	87-88	(	
1-18	88-91	wie	
1-19	92-98	geſagt	
1-20	99-105	worden	
1-21	105-106	)	
1-22	107-109	ge	
1-23	109-110	-	
1-24	111-118	trieben	
1-25	118-119	;	
1-26	120-126	dieſes	
1-27	127-133	Geaͤſe	
1-28	134-136	zu	
1-29	137-145	erhalten	
1-30	145-146	/	
1-31	147-151	wird	
1-32	152-158	Hoͤnig	
1-33	159-165	darauf	
1-34	166-174	gegoſſen	
1-35	174-175	/	
1-36	176-178	ſo	
1-37	179-182	hat	
1-38	183-186	man	
1-39	187-190	vor	
1-40	191-196	einen	
1-41	197-202	Vogel	
1-42	203-206	auf	
1-43	207-210	ein	
1-44	211-215	halb	
1-45	216-220	Jahr	
1-46	222-226	lang	
1-47	227-235	genugſam	
1-48	236-245	Fuͤtterey	
1-49	245-246	.	

#Text=Citrinlein und Hirngrillen ſind zweyerley Gattun-
#Text=gen/
#Text=doch faſt einerley Farbe/ gruͤn und gelblicht/ haben
#Text=ein kurtzes Schnaͤbelein/ ſingen ſchoͤn und lieblich/
#Text=ha-
#Text=ben aber eine uͤberaus helle und durchdringende Stim-
#Text=me/ jedoch iſt ihr Geſang angenehmer/ wann ſie in Ge-
#Text=ſellſchafft anderer Sang-Voͤgel/ als wann ſie allein
#Text=ſingen/ werden mit Waͤnden und Leimſpindeln leicht-
#Text=lich gefangen/ und wann einer einfaͤllt/ folget der gantze
#Text=Hauffe/ und ob ſie ſchon einmal dem Netz entgehen/
#Text=
#Text=kommen doch dieſe einfaͤltige Voͤgel bald wieder;
#Text=wer-
#Text=den im Herbſt gefangen/ und leben von vier biß in fuͤnff
#Text=Jahr;
#Text=ſind in der Groͤſſe wie ein Zeislein/ wann man
#Text=ein Paͤrlein haben mag/ ſollen ſie auch/ wann man ih-
#Text=nen Gelegenheit macht/ in den Zimmern niſten/ wie die
#Text=Canari-Voͤgelein;
#Text=ſie freſſen/ was die andern gemei-
#Text=nen Sang-Voͤgelein eſſen.
2-1	250-260	Citrinlein	
2-2	261-264	und	
2-3	265-276	Hirngrillen	
2-4	277-281	ſind	
2-5	282-291	zweyerley	
2-6	292-298	Gattun	
2-7	298-299	-	
2-8	300-303	gen	
2-9	303-304	/	
2-10	305-309	doch	
2-11	310-314	faſt	
2-12	315-323	einerley	
2-13	324-329	Farbe	
2-14	329-330	/	
2-15	331-336	gruͤn	
2-16	337-340	und	
2-17	341-350	gelblicht	
2-18	350-351	/	
2-19	352-357	haben	
2-20	358-361	ein	
2-21	362-369	kurtzes	
2-22	370-382	Schnaͤbelein	
2-23	382-383	/	
2-24	384-390	ſingen	
2-25	391-397	ſchoͤn	
2-26	398-401	und	
2-27	402-410	lieblich	
2-28	410-411	/	
2-29	412-414	ha	
2-30	414-415	-	
2-31	416-419	ben	
2-32	420-424	aber	
2-33	425-429	eine	
2-34	430-438	uͤberaus	
2-35	439-444	helle	
2-36	445-448	und	
2-37	449-463	durchdringende	
2-38	464-468	Stim	
2-39	468-469	-	
2-40	470-472	me	
2-41	472-473	/	
2-42	474-480	jedoch	
2-43	481-484	iſt	
2-44	485-488	ihr	
2-45	489-495	Geſang	
2-46	496-506	angenehmer	
2-47	506-507	/	
2-48	508-512	wann	
2-49	513-516	ſie	
2-50	517-519	in	
2-51	520-522	Ge	
2-52	522-523	-	
2-53	524-535	ſellſchafft	
2-54	536-543	anderer	
2-55	544-555	Sang-Voͤgel	
2-56	555-556	/	
2-57	557-560	als	
2-58	561-565	wann	
2-59	566-569	ſie	
2-60	570-576	allein	
2-61	577-583	ſingen	
2-62	583-584	/	
2-63	585-591	werden	
2-64	592-595	mit	
2-65	596-603	Waͤnden	
2-66	604-607	und	
2-67	608-620	Leimſpindeln	
2-68	621-627	leicht	
2-69	627-628	-	
2-70	629-633	lich	
2-71	634-642	gefangen	
2-72	642-643	/	
2-73	644-647	und	
2-74	648-652	wann	
2-75	653-658	einer	
2-76	659-668	einfaͤllt	
2-77	668-669	/	
2-78	670-676	folget	
2-79	677-680	der	
2-80	681-687	gantze	
2-81	688-694	Hauffe	
2-82	694-695	/	
2-83	696-699	und	
2-84	700-702	ob	
2-85	703-706	ſie	
2-86	707-712	ſchon	
2-87	713-719	einmal	
2-88	720-723	dem	
2-89	724-728	Netz	
2-90	729-737	entgehen	
2-91	737-738	/	
2-92	740-746	kommen	
2-93	747-751	doch	
2-94	752-757	dieſe	
2-95	758-769	einfaͤltige	
2-96	770-776	Voͤgel	
2-97	777-781	bald	
2-98	782-788	wieder	
2-99	788-789	;	
2-100	790-793	wer	
2-101	793-794	-	
2-102	795-798	den	
2-103	799-801	im	
2-104	802-808	Herbſt	
2-105	809-817	gefangen	
2-106	817-818	/	
2-107	819-822	und	
2-108	823-828	leben	
2-109	829-832	von	
2-110	833-837	vier	
2-111	838-841	biß	
2-112	842-844	in	
2-113	845-851	fuͤnff	
2-114	852-856	Jahr	
2-115	856-857	;	
2-116	858-862	ſind	
2-117	863-865	in	
2-118	866-869	der	
2-119	870-877	Groͤſſe	
2-120	878-881	wie	
2-121	882-885	ein	
2-122	886-894	Zeislein	
2-123	894-895	/	
2-124	896-900	wann	
2-125	901-904	man	
2-126	905-908	ein	
2-127	909-917	Paͤrlein	
2-128	918-923	haben	
2-129	924-927	mag	
2-130	927-928	/	
2-131	929-935	ſollen	
2-132	936-939	ſie	
2-133	940-944	auch	
2-134	944-945	/	
2-135	946-950	wann	
2-136	951-954	man	
2-137	955-957	ih	
2-138	957-958	-	
2-139	959-962	nen	
2-140	963-974	Gelegenheit	
2-141	975-980	macht	
2-142	980-981	/	
2-143	982-984	in	
2-144	985-988	den	
2-145	989-996	Zimmern	
2-146	997-1003	niſten	
2-147	1003-1004	/	
2-148	1005-1008	wie	
2-149	1009-1012	die	
2-150	1013-1029	Canari-Voͤgelein	
2-151	1029-1030	;	
2-152	1031-1034	ſie	
2-153	1035-1042	freſſen	
2-154	1042-1043	/	
2-155	1044-1047	was	
2-156	1048-1051	die	
2-157	1052-1058	andern	
2-158	1059-1064	gemei	
2-159	1064-1065	-	
2-160	1066-1069	nen	
2-161	1070-1084	Sang-Voͤgelein	
2-162	1085-1090	eſſen	
2-163	1090-1091	.	

#Text=Alle Sang-Voͤgel/ wann ſie mauſſen/ ſo meiſten-
#Text=theils im Ende des Sommers und Anfang des Herbſts
#Text=
#Text=geſchiehet/ ſind ſie traurig/ und ſingen nicht/ da muß
#Text=man ſie offt mit nicht gar zu ſtarcken Wein beſpruͤtzen/
#Text=
#Text=und wieder an der Sonnen trocknen laſſen/ und offt
#Text=
#Text=Huͤnerdarm geben/ und Zucker in ihr Haͤuslein ſte-
#Text=cken.
3-1	1095-1099	Alle	
3-2	1100-1111	Sang-Voͤgel	
3-3	1111-1112	/	
3-4	1113-1117	wann	
3-5	1118-1121	ſie	
3-6	1122-1129	mauſſen	
3-7	1129-1130	/	
3-8	1131-1133	ſo	
3-9	1134-1141	meiſten	
3-10	1141-1142	-	
3-11	1143-1149	theils	
3-12	1150-1152	im	
3-13	1153-1157	Ende	
3-14	1158-1161	des	
3-15	1162-1169	Sommers	
3-16	1170-1173	und	
3-17	1174-1180	Anfang	
3-18	1181-1184	des	
3-19	1185-1192	Herbſts	
3-20	1194-1204	geſchiehet	
3-21	1204-1205	/	
3-22	1206-1210	ſind	
3-23	1211-1214	ſie	
3-24	1215-1222	traurig	
3-25	1222-1223	/	
3-26	1224-1227	und	
3-27	1228-1234	ſingen	
3-28	1235-1240	nicht	
3-29	1240-1241	/	
3-30	1242-1244	da	
3-31	1245-1248	muß	
3-32	1249-1252	man	
3-33	1253-1256	ſie	
3-34	1257-1261	offt	
3-35	1262-1265	mit	
3-36	1266-1271	nicht	
3-37	1272-1275	gar	
3-38	1276-1278	zu	
3-39	1279-1287	ſtarcken	
3-40	1288-1292	Wein	
3-41	1293-1304	beſpruͤtzen	
3-42	1304-1305	/	
3-43	1307-1310	und	
3-44	1311-1317	wieder	
3-45	1318-1320	an	
3-46	1321-1324	der	
3-47	1325-1331	Sonnen	
3-48	1332-1340	trocknen	
3-49	1341-1347	laſſen	
3-50	1347-1348	/	
3-51	1349-1352	und	
3-52	1353-1357	offt	
3-53	1359-1369	Huͤnerdarm	
3-54	1370-1375	geben	
3-55	1375-1376	/	
3-56	1377-1380	und	
3-57	1381-1387	Zucker	
3-58	1388-1390	in	
3-59	1391-1394	ihr	
3-60	1395-1404	Haͤuslein	
3-61	1405-1408	ſte	
3-62	1408-1409	-	
3-63	1410-1414	cken	
3-64	1414-1415	.	
