#FORMAT=WebAnno TSV 3.3


#Text=Ik deed haar gebruiken een Afziedzel van Zoethout, Vygen, de Wortel
#Text=
#Text=M.
1-1	2-4	Ik	
1-2	5-9	deed	
1-3	10-14	haar	
1-4	15-24	gebruiken	
1-5	25-28	een	
1-6	29-38	Afziedzel	
1-7	39-42	van	
1-8	43-51	Zoethout	
1-9	51-52	,	
1-10	53-58	Vygen	
1-11	58-59	,	
1-12	60-62	de	
1-13	63-69	Wortel	
1-14	71-72	M	
1-15	72-73	.	

#Text=Noel Chomel, Huishoudelyk woordboek
#Text=
#Text=\fvan Florentynze Iris, en die van Alantswortel.
2-1	74-78	Noel	
2-2	79-85	Chomel	
2-3	85-86	,	
2-4	87-99	Huishoudelyk	
2-5	100-109	woordboek	
2-6	112-115	van	
2-7	116-127	Florentynze	
2-8	128-132	Iris	
2-9	132-133	,	
2-10	134-136	en	
2-11	137-140	die	
2-12	141-144	van	
2-13	145-157	Alantswortel	
2-14	157-158	.	

#Text=Maar niet kunnende dat middel
#Text=gebruiken, heb ik ze’er een gereed gemaakt met de Veronica, droge Razynen, en
#Text=Kaneel.
3-1	159-163	Maar	
3-2	164-168	niet	
3-3	169-177	kunnende	
3-4	178-181	dat	
3-5	182-188	middel	
3-6	189-198	gebruiken	
3-7	198-199	,	
3-8	200-203	heb	
3-9	204-206	ik	
3-10	207-209	ze	
3-11	209-210	’	
3-12	210-212	er	
3-13	213-216	een	
3-14	217-223	gereed	
3-15	224-231	gemaakt	
3-16	232-235	met	
3-17	236-238	de	
3-18	239-247	Veronica	
3-19	247-248	,	
3-20	249-254	droge	
3-21	255-262	Razynen	
3-22	262-263	,	
3-23	264-266	en	
3-24	267-273	Kaneel	
3-25	273-274	.	

#Text=De Hoest is genezen geworden den vierden dag, zo dat ze niet meer ze nodig
#Text=vondt den vierden dag.
4-1	275-277	De	
4-2	278-283	Hoest	
4-3	284-286	is	
4-4	287-294	genezen	
4-5	295-303	geworden	
4-6	304-307	den	
4-7	308-315	vierden	
4-8	316-319	dag	
4-9	319-320	,	
4-10	321-323	zo	
4-11	324-327	dat	
4-12	328-330	ze	
4-13	331-335	niet	
4-14	336-340	meer	
4-15	341-343	ze	
4-16	344-349	nodig	
4-17	350-355	vondt	
4-18	356-359	den	
4-19	360-367	vierden	
4-20	368-371	dag	
4-21	371-372	.	

#Text=Op den zelfden tyd kwam’er een arme Vrou van ’t Dorp
#Text=
#Text=Holzhuang
#Text=voorby, die van een droge gesteltenis was en van een enge Borst, die zeer
#Text=gekweld was met een vreeslyke Hoest, om haar brood te bedelen, en verzocht my
#Text=haar uit liefdadigheid enig middel te geven.
5-1	373-375	Op	
5-2	376-379	den	
5-3	380-387	zelfden	
5-4	388-391	tyd	
5-5	392-396	kwam	
5-6	396-397	’	
5-7	397-399	er	
5-8	400-403	een	
5-9	404-408	arme	
5-10	409-413	Vrou	
5-11	414-417	van	
5-12	418-419	’	
5-13	419-420	t	
5-14	421-425	Dorp	
5-15	427-436	Holzhuang	
5-16	437-443	voorby	
5-17	443-444	,	
5-18	445-448	die	
5-19	449-452	van	
5-20	453-456	een	
5-21	457-462	droge	
5-22	463-474	gesteltenis	
5-23	475-478	was	
5-24	479-481	en	
5-25	482-485	van	
5-26	486-489	een	
5-27	490-494	enge	
5-28	495-500	Borst	
5-29	500-501	,	
5-30	502-505	die	
5-31	506-510	zeer	
5-32	511-518	gekweld	
5-33	519-522	was	
5-34	523-526	met	
5-35	527-530	een	
5-36	531-540	vreeslyke	
5-37	541-546	Hoest	
5-38	546-547	,	
5-39	548-550	om	
5-40	551-555	haar	
5-41	556-561	brood	
5-42	562-564	te	
5-43	565-572	bedelen	
5-44	572-573	,	
5-45	574-576	en	
5-46	577-585	verzocht	
5-47	586-588	my	
5-48	589-593	haar	
5-49	594-597	uit	
5-50	598-611	liefdadigheid	
5-51	612-616	enig	
5-52	617-623	middel	
5-53	624-626	te	
5-54	627-632	geven	
5-55	632-633	.	

#Text=Ik werd te rade om haar ’t overschot van
#Text=Afziedzel te geven, ’t welk myne Huisvrou niet meer gebruikte.
6-1	634-636	Ik	
6-2	637-641	werd	
6-3	642-644	te	
6-4	645-649	rade	
6-5	650-652	om	
6-6	653-657	haar	
6-7	658-659	’	
6-8	659-660	t	
6-9	661-670	overschot	
6-10	671-674	van	
6-11	675-684	Afziedzel	
6-12	685-687	te	
6-13	688-693	geven	
6-14	693-694	,	
6-15	695-696	’	
6-16	696-697	t	
6-17	698-702	welk	
6-18	703-707	myne	
6-19	708-716	Huisvrou	
6-20	717-721	niet	
6-21	722-726	meer	
6-22	727-736	gebruikte	
6-23	736-737	.	

#Text=Ik deed daar nog
#Text=wat nieuwe Kruiden by;
#Text=de Zieke dronk daar van enige dagen aan een, en werd zo
#Text=volkomen hersteld, dat ze my van vreugde daar over kwam bedanken.
7-1	738-740	Ik	
7-2	741-745	deed	
7-3	746-750	daar	
7-4	751-754	nog	
7-5	755-758	wat	
7-6	759-765	nieuwe	
7-7	766-773	Kruiden	
7-8	774-776	by	
7-9	776-777	;	
7-10	778-780	de	
7-11	781-786	Zieke	
7-12	787-792	dronk	
7-13	793-797	daar	
7-14	798-801	van	
7-15	802-807	enige	
7-16	808-813	dagen	
7-17	814-817	aan	
7-18	818-821	een	
7-19	821-822	,	
7-20	823-825	en	
7-21	826-830	werd	
7-22	831-833	zo	
7-23	834-842	volkomen	
7-24	843-851	hersteld	
7-25	851-852	,	
7-26	853-856	dat	
7-27	857-859	ze	
7-28	860-862	my	
7-29	863-866	van	
7-30	867-874	vreugde	
7-31	875-879	daar	
7-32	880-884	over	
7-33	885-889	kwam	
7-34	890-898	bedanken	
7-35	898-899	.	

#Text=XVIII.
8-1	901-906	XVIII	
8-2	906-907	.	

#Text=Ik heb van een goed Man geleerd, dat’er geen zekerder middel zy, om
#Text=kleine zweertjes te genezen, die in de neus knagen, dan ze te smeren met het volgende
#Text=Smeersel.
9-1	908-910	Ik	
9-2	911-914	heb	
9-3	915-918	van	
9-4	919-922	een	
9-5	923-927	goed	
9-6	928-931	Man	
9-7	932-939	geleerd	
9-8	939-940	,	
9-9	941-944	dat	
9-10	944-945	’	
9-11	945-947	er	
9-12	948-952	geen	
9-13	953-961	zekerder	
9-14	962-968	middel	
9-15	969-971	zy	
9-16	971-972	,	
9-17	973-975	om	
9-18	976-982	kleine	
9-19	983-992	zweertjes	
9-20	993-995	te	
9-21	996-1003	genezen	
9-22	1003-1004	,	
9-23	1005-1008	die	
9-24	1009-1011	in	
9-25	1012-1014	de	
9-26	1015-1019	neus	
9-27	1020-1026	knagen	
9-28	1026-1027	,	
9-29	1028-1031	dan	
9-30	1032-1034	ze	
9-31	1035-1037	te	
9-32	1038-1044	smeren	
9-33	1045-1048	met	
9-34	1049-1052	het	
9-35	1053-1061	volgende	
9-36	1062-1070	Smeersel	
9-37	1070-1071	.	

#Text=Mengt met wat Aalsvet, een once Poejer van Veronica, en drie dragmen
#Text=Ceruis.
10-1	1072-1077	Mengt	
10-2	1078-1081	met	
10-3	1082-1085	wat	
10-4	1086-1093	Aalsvet	
10-5	1093-1094	,	
10-6	1095-1098	een	
10-7	1099-1103	once	
10-8	1104-1110	Poejer	
10-9	1111-1114	van	
10-10	1115-1123	Veronica	
10-11	1123-1124	,	
10-12	1125-1127	en	
10-13	1128-1132	drie	
10-14	1133-1140	dragmen	
10-15	1141-1147	Ceruis	
10-16	1147-1148	.	

#Text=XIX.
11-1	1150-1153	XIX	
11-2	1153-1154	.	

#Text=Een jong Chirurgyn, heeft my verzekerd, dat hy in zyn reizen gekend had
#Text=een Chirurgyn, die een Druipert, door een inspuitzel, met het gezuiverde Sap van de
#Text=Veronica had genezen.
12-1	1155-1158	Een	
12-2	1159-1163	jong	
12-3	1164-1173	Chirurgyn	
12-4	1173-1174	,	
12-5	1175-1180	heeft	
12-6	1181-1183	my	
12-7	1184-1193	verzekerd	
12-8	1193-1194	,	
12-9	1195-1198	dat	
12-10	1199-1201	hy	
12-11	1202-1204	in	
12-12	1205-1208	zyn	
12-13	1209-1215	reizen	
12-14	1216-1222	gekend	
12-15	1223-1226	had	
12-16	1227-1230	een	
12-17	1231-1240	Chirurgyn	
12-18	1240-1241	,	
12-19	1242-1245	die	
12-20	1246-1249	een	
12-21	1250-1258	Druipert	
12-22	1258-1259	,	
12-23	1260-1264	door	
12-24	1265-1268	een	
12-25	1269-1279	inspuitzel	
12-26	1279-1280	,	
12-27	1281-1284	met	
12-28	1285-1288	het	
12-29	1289-1299	gezuiverde	
12-30	1300-1303	Sap	
12-31	1304-1307	van	
12-32	1308-1310	de	
12-33	1311-1319	Veronica	
12-34	1320-1323	had	
12-35	1324-1331	genezen	
12-36	1331-1332	.	

#Text=Men kan het door den Mond innemen.
13-1	1333-1336	Men	
13-2	1337-1340	kan	
13-3	1341-1344	het	
13-4	1345-1349	door	
13-5	1350-1353	den	
13-6	1354-1358	Mond	
13-7	1359-1366	innemen	
13-8	1366-1367	.	

#Text=XX.
14-1	1369-1371	XX	
14-2	1371-1372	.	

#Text=Een zieke met Hoofdpyn gekweld, die door een gebrek van de Maag gekweld
#Text=was, wilde zich door ’t gebruik van de The genezen, maar vergeefs.
15-1	1373-1376	Een	
15-2	1377-1382	zieke	
15-3	1383-1386	met	
15-4	1387-1395	Hoofdpyn	
15-5	1396-1403	gekweld	
15-6	1403-1404	,	
15-7	1405-1408	die	
15-8	1409-1413	door	
15-9	1414-1417	een	
15-10	1418-1424	gebrek	
15-11	1425-1428	van	
15-12	1429-1431	de	
15-13	1432-1436	Maag	
15-14	1437-1444	gekweld	
15-15	1445-1448	was	
15-16	1448-1449	,	
15-17	1450-1455	wilde	
15-18	1456-1460	zich	
15-19	1461-1465	door	
15-20	1466-1467	’	
15-21	1467-1468	t	
15-22	1469-1476	gebruik	
15-23	1477-1480	van	
15-24	1481-1483	de	
15-25	1484-1487	The	
15-26	1488-1495	genezen	
15-27	1495-1496	,	
15-28	1497-1501	maar	
15-29	1502-1510	vergeefs	
15-30	1510-1511	.	

#Text=Ik heb geraden
#Text=de Veronica te gebruiken, in de plaats van The; hy deed dit enige dagen en werd
#Text=genezen.
16-1	1512-1514	Ik	
16-2	1515-1518	heb	
16-3	1519-1526	geraden	
16-4	1527-1529	de	
16-5	1530-1538	Veronica	
16-6	1539-1541	te	
16-7	1542-1551	gebruiken	
16-8	1551-1552	,	
16-9	1553-1555	in	
16-10	1556-1558	de	
16-11	1559-1565	plaats	
16-12	1566-1569	van	
16-13	1570-1573	The	
16-14	1573-1574	;	
16-15	1575-1577	hy	
16-16	1578-1582	deed	
16-17	1583-1586	dit	
16-18	1587-1592	enige	
16-19	1593-1598	dagen	
16-20	1599-1601	en	
16-21	1602-1606	werd	
16-22	1607-1614	genezen	
16-23	1614-1615	.	

#Text=XXI.
17-1	1617-1620	XXI	
17-2	1620-1621	.	

#Text=Ik heb door ’t gebruik van de Veronica genezen een Man, die daaglyks van
#Text=zware Hoofdpyn was aangetast, dat van een Scheurbuik werd veroorzaakt.
18-1	1622-1624	Ik	
18-2	1625-1628	heb	
18-3	1629-1633	door	
18-4	1634-1635	’	
18-5	1635-1636	t	
18-6	1637-1644	gebruik	
18-7	1645-1648	van	
18-8	1649-1651	de	
18-9	1652-1660	Veronica	
18-10	1661-1668	genezen	
18-11	1669-1672	een	
18-12	1673-1676	Man	
18-13	1676-1677	,	
18-14	1678-1681	die	
18-15	1682-1690	daaglyks	
18-16	1691-1694	van	
18-17	1695-1700	zware	
18-18	1701-1709	Hoofdpyn	
18-19	1710-1713	was	
18-20	1714-1723	aangetast	
18-21	1723-1724	,	
18-22	1725-1728	dat	
18-23	1729-1732	van	
18-24	1733-1736	een	
18-25	1737-1747	Scheurbuik	
18-26	1748-1752	werd	
18-27	1753-1764	veroorzaakt	
18-28	1764-1765	.	
