#FORMAT=WebAnno TSV 3.3
#T_SP=custom.Span|label
#T_RL=custom.Relation|label|BT_custom.Span


#Text=Und ob gleich
#Text=der Canell im dritten grad warm zu ſeyn
#Text=befunden wird/
#Text=ſo fleuͤßt dennoch auß der
#Text=ſafftreichen wurtzel/ nicht nur ein wohlrie-
#Text=hendes Waſſer hervor/ ſondern auch eine
#Text=Art Camffer.
1-1	2-5	Und	_	_	_	
1-2	6-8	ob	_	_	_	
1-3	9-15	gleich	_	_	_	
1-4	16-19	der	_	_	_	
1-5	20-26	Canell	_	_	_	
1-6	27-29	im	_	_	_	
1-7	30-37	dritten	_	_	_	
1-8	38-42	grad	_	_	_	
1-9	43-47	warm	_	_	_	
1-10	48-50	zu	_	_	_	
1-11	51-55	ſeyn	_	_	_	
1-12	56-64	befunden	_	_	_	
1-13	65-69	wird	_	_	_	
1-14	69-70	/	_	_	_	
1-15	71-73	ſo	_	_	_	
1-16	74-81	fleuͤßt	_	_	_	
1-17	82-89	dennoch	_	_	_	
1-18	90-93	auß	_	_	_	
1-19	94-97	der	_	_	_	
1-20	98-110	ſafftreichen	_	_	_	
1-21	111-118	wurtzel	_	_	_	
1-22	118-119	/	_	_	_	
1-23	120-125	nicht	_	_	_	
1-24	126-129	nur	_	_	_	
1-25	130-133	ein	_	_	_	
1-26	134-141	wohlrie	_	_	_	
1-27	141-142	-	_	_	_	
1-28	143-149	hendes	_	_	_	
1-29	150-156	Waſſer	_	_	_	
1-30	157-163	hervor	_	_	_	
1-31	163-164	/	_	_	_	
1-32	165-172	ſondern	_	_	_	
1-33	173-177	auch	_	_	_	
1-34	178-182	eine	_	_	_	
1-35	183-186	Art	_	_	_	
1-36	187-194	Camffer	_	_	_	
1-37	194-195	.	_	_	_	

#Text=Die Einwohner wiſſen
#Text=die gruͤne Canell-ſchale ſehr kuͤnſtlich und uͤ-
#Text=
#Text=ber die maſſen ſubtil/ in kleine kaͤſtlein/ laden
#Text=
#Text=und ſtaͤbe einzulegen/ wie ich denn auch
#Text=ſelbſt dergleichen gehabt habe/ die mit fei-
#Text=nem Canell gezieret und eingelegt waren.
2-1	196-199	Die	_	_	_	
2-2	200-209	Einwohner	_	_	_	
2-3	210-216	wiſſen	_	_	_	
2-4	217-220	die	_	_	_	
2-5	221-227	gruͤne	_	_	_	
2-6	228-241	Canell-ſchale	_	_	_	
2-7	242-246	ſehr	_	_	_	
2-8	247-257	kuͤnſtlich	_	_	_	
2-9	258-261	und	_	_	_	
2-10	262-264	uͤ	_	_	_	
2-11	264-265	-	_	_	_	
2-12	267-270	ber	_	_	_	
2-13	271-274	die	_	_	_	
2-14	275-281	maſſen	_	_	_	
2-15	282-288	ſubtil	_	_	_	
2-16	288-289	/	_	_	_	
2-17	290-292	in	_	_	_	
2-18	293-299	kleine	_	_	_	
2-19	300-309	kaͤſtlein	_	_	_	
2-20	309-310	/	_	_	_	
2-21	311-316	laden	_	_	_	
2-22	318-321	und	_	_	_	
2-23	322-328	ſtaͤbe	_	_	_	
2-24	329-339	einzulegen	_	_	_	
2-25	339-340	/	_	_	_	
2-26	341-344	wie	_	_	_	
2-27	345-348	ich	_	_	_	
2-28	349-353	denn	_	_	_	
2-29	354-358	auch	_	_	_	
2-30	359-365	ſelbſt	_	_	_	
2-31	366-377	dergleichen	_	_	_	
2-32	378-384	gehabt	_	_	_	
2-33	385-389	habe	_	_	_	
2-34	389-390	/	_	_	_	
2-35	391-394	die	_	_	_	
2-36	395-398	mit	_	_	_	
2-37	399-402	fei	_	_	_	
2-38	402-403	-	_	_	_	
2-39	404-407	nem	_	_	_	
2-40	408-414	Canell	_	_	_	
2-41	415-423	gezieret	_	_	_	
2-42	424-427	und	_	_	_	
2-43	428-437	eingelegt	_	_	_	
2-44	438-443	waren	_	_	_	
2-45	443-444	.	_	_	_	

#Text=So
#Text=viel Herꝛ Schultzen.
3-1	445-447	So	_	_	_	
3-2	448-452	viel	_	_	_	
3-3	453-457	Herꝛ	_	_	_	
3-4	458-467	Schultzen	_	_	_	
3-5	467-468	.	_	_	_	

#Text=Den Canell oder Zimmet beſchreibet Phi-
#Text=lippus Baldæus, weiland Diener deß Goͤttli-
#Text=chen Worts auff Zeilon/ in ſeinem Buch von
#Text=der groſſen und beruͤhmten Jnſul Zeilon im
#Text=50.
4-1	472-475	Den	_	_	_	
4-2	476-482	Canell	_	_	_	
4-3	483-487	oder	_	_	_	
4-4	488-494	Zimmet	_	_	_	
4-5	495-506	beſchreibet	_	_	_	
4-6	507-510	Phi	_	_	_	
4-7	510-511	-	_	_	_	
4-8	512-518	lippus	_	_	_	
4-9	519-526	Baldæus	_	_	_	
4-10	526-527	,	_	_	_	
4-11	528-535	weiland	_	_	_	
4-12	536-542	Diener	_	_	_	
4-13	543-546	deß	_	_	_	
4-14	547-554	Goͤttli	_	_	_	
4-15	554-555	-	_	_	_	
4-16	556-560	chen	_	_	_	
4-17	561-566	Worts	_	_	_	
4-18	567-571	auff	_	_	_	
4-19	572-578	Zeilon	_	_	_	
4-20	578-579	/	_	_	_	
4-21	580-582	in	_	_	_	
4-22	583-589	ſeinem	_	_	_	
4-23	590-594	Buch	_	_	_	
4-24	595-598	von	_	_	_	
4-25	599-602	der	_	_	_	
4-26	603-610	groſſen	_	_	_	
4-27	611-614	und	_	_	_	
4-28	615-625	beruͤhmten	_	_	_	
4-29	626-631	Jnſul	_	_	_	
4-30	632-638	Zeilon	_	_	_	
4-31	639-641	im	_	_	_	
4-32	642-644	50	_	_	_	
4-33	644-645	.	_	_	_	

#Text=Cap. alſo.
5-1	646-649	Cap	_	_	_	
5-2	649-650	.	_	_	_	
5-3	651-655	alſo	_	_	_	
5-4	655-656	.	_	_	_	

#Text=Der Canell faͤllt allein auff
#Text=dieſer Jnſull ſchoͤn und rein/ wie er mag ge-
#Text=wuͤnſchet werden.
6-1	657-660	Der	_	_	_	
6-2	661-667	Canell	_	_	_	
6-3	668-674	faͤllt	_	_	_	
6-4	675-681	allein	_	_	_	
6-5	682-686	auff	_	_	_	
6-6	687-693	dieſer	_	_	_	
6-7	694-700	Jnſull	_	_	_	
6-8	701-707	ſchoͤn	_	_	_	
6-9	708-711	und	_	_	_	
6-10	712-716	rein	_	_	_	
6-11	716-717	/	_	_	_	
6-12	718-721	wie	_	_	_	
6-13	722-724	er	_	_	_	
6-14	725-728	mag	_	_	_	
6-15	729-731	ge	_	_	_	
6-16	731-732	-	_	_	_	
6-17	733-742	wuͤnſchet	_	_	_	
6-18	743-749	werden	_	_	_	
6-19	749-750	.	_	_	_	

#Text=Er wird bey den Zinga-
#Text=leſen genannt/ Cureneo potto, und der baum
#Text=Curindo-gas, davon etliche nun treflicher
#Text=groͤſſe werden.
7-1	751-753	Er	_	_	_	
7-2	754-758	wird	_	_	_	
7-3	759-762	bey	_	_	_	
7-4	763-766	den	_	_	_	
7-5	767-772	Zinga	_	_	_	
7-6	772-773	-	_	_	_	
7-7	774-779	leſen	_	_	_	
7-8	780-787	genannt	_	_	_	
7-9	787-788	/	_	_	_	
7-10	789-796	Cureneo	_	_	_	
7-11	797-802	potto	_	_	_	
7-12	802-803	,	_	_	_	
7-13	804-807	und	_	_	_	
7-14	808-811	der	_	_	_	
7-15	812-816	baum	_	_	_	
7-16	817-828	Curindo-gas	_	_	_	
7-17	828-829	,	_	_	_	
7-18	830-835	davon	_	_	_	
7-19	836-843	etliche	_	_	_	
7-20	844-847	nun	_	_	_	
7-21	848-858	treflicher	_	_	_	
7-22	859-866	groͤſſe	_	_	_	
7-23	867-873	werden	_	_	_	
7-24	873-874	.	_	_	_	

#Text=Die blaͤtter ſind denen am
#Text=Zitronenbaum nicht ungleich/ jedoch ein
#Text=wenig ſchmaͤler: die bluͤche iſt weiß/ eines
#Text=lieblichen und ſuͤſſen geruchs/ worauß eine
#Text=Frucht erwachſet/ wie eine kleine Oliven/
#Text=
#Text=etwas gelblicht/ davon die Einwohner ein
#Text=Oel machen/ an farbe und krafft dem Muſ-
#Text=caten-oͤl gleich/ ſehr heilſam und gut fuͤr viel
#Text=Kranckheiten/ hat einen geruch und ge-
#Text=ſchmack wie der Canell an ſich ſelbſt.
8-1	875-878	Die	_	_	_	
8-2	879-887	blaͤtter	_	_	_	
8-3	888-892	ſind	_	_	_	
8-4	893-898	denen	_	_	_	
8-5	899-901	am	_	_	_	
8-6	902-914	Zitronenbaum	_	_	_	
8-7	915-920	nicht	_	_	_	
8-8	921-929	ungleich	_	_	_	
8-9	929-930	/	_	_	_	
8-10	931-937	jedoch	_	_	_	
8-11	938-941	ein	_	_	_	
8-12	942-947	wenig	_	_	_	
8-13	948-957	ſchmaͤler	_	_	_	
8-14	957-958	:	_	_	_	
8-15	959-962	die	_	_	_	
8-16	963-970	bluͤche	Smell\_Source	_	_	
8-17	971-974	iſt	_	_	_	
8-18	975-979	weiß	_	_	_	
8-19	979-980	/	_	_	_	
8-20	981-986	eines	_	_	_	
8-21	987-997	lieblichen	Quality	_	_	
8-22	998-1001	und	_	_	_	
8-23	1002-1009	ſuͤſſen	Quality	_	_	
8-24	1010-1017	geruchs	Smell\_Word	*|*|*	8-16|8-21|8-23	
8-25	1017-1018	/	_	_	_	
8-26	1019-1025	worauß	_	_	_	
8-27	1026-1030	eine	_	_	_	
8-28	1031-1037	Frucht	_	_	_	
8-29	1038-1047	erwachſet	_	_	_	
8-30	1047-1048	/	_	_	_	
8-31	1049-1052	wie	_	_	_	
8-32	1053-1057	eine	_	_	_	
8-33	1058-1064	kleine	_	_	_	
8-34	1065-1071	Oliven	_	_	_	
8-35	1071-1072	/	_	_	_	
8-36	1074-1079	etwas	_	_	_	
8-37	1080-1089	gelblicht	_	_	_	
8-38	1089-1090	/	_	_	_	
8-39	1091-1096	davon	_	_	_	
8-40	1097-1100	die	_	_	_	
8-41	1101-1110	Einwohner	Perceiver	_	_	
8-42	1111-1114	ein	_	_	_	
8-43	1115-1118	Oel	Smell\_Source	_	_	
8-44	1119-1125	machen	_	_	_	
8-45	1125-1126	/	_	_	_	
8-46	1127-1129	an	_	_	_	
8-47	1130-1135	farbe	_	_	_	
8-48	1136-1139	und	_	_	_	
8-49	1140-1146	krafft	_	_	_	
8-50	1147-1150	dem	_	_	_	
8-51	1151-1154	Muſ	_	_	_	
8-52	1154-1155	-	_	_	_	
8-53	1156-1165	caten-oͤl	_	_	_	
8-54	1166-1172	gleich	_	_	_	
8-55	1172-1173	/	_	_	_	
8-56	1174-1178	ſehr	_	_	_	
8-57	1179-1186	heilſam	_	_	_	
8-58	1187-1190	und	_	_	_	
8-59	1191-1194	gut	_	_	_	
8-60	1195-1199	fuͤr	_	_	_	
8-61	1200-1204	viel	_	_	_	
8-62	1205-1217	Kranckheiten	_	_	_	
8-63	1217-1218	/	_	_	_	
8-64	1219-1222	hat	_	_	_	
8-65	1223-1228	einen	_	_	_	
8-66	1229-1235	geruch	Smell\_Word	*|*|*	8-41|8-43|8-71[1_0]	
8-67	1236-1239	und	_	_	_	
8-68	1240-1242	ge	_	_	_	
8-69	1242-1243	-	_	_	_	
8-70	1244-1251	ſchmack	_	_	_	
8-71	1252-1255	wie	Effect[1]	_	_	
8-72	1256-1259	der	Effect[1]	_	_	
8-73	1260-1266	Canell	Effect[1]|*[2]	_	_	
8-74	1267-1269	an	Effect[1]	_	_	
8-75	1270-1274	ſich	Effect[1]	_	_	
8-76	1275-1281	ſelbſt	Effect[1]	_	_	
8-77	1281-1282	.	_	_	_	

#Text=Der Canellbaum hat eine zweyfache Rin-
#Text=de uͤbereinander/ davon die aͤuſſerſte mit ei-
#Text=nem krum̃en meſſer wird abgeſchaͤlet/ und
#Text=alßdann der Canellbaſt mit einer krumb
#Text=meſſer-ſpitze/ erſtlich rund herumb/ und dar-
#Text=nach in die laͤnge von dem baum abgeloͤſet/
9-1	1286-1289	Der	_	_	_	
9-2	1290-1300	Canellbaum	_	_	_	
9-3	1301-1304	hat	_	_	_	
9-4	1305-1309	eine	_	_	_	
9-5	1310-1319	zweyfache	_	_	_	
9-6	1320-1323	Rin	_	_	_	
9-7	1323-1324	-	_	_	_	
9-8	1325-1327	de	_	_	_	
9-9	1328-1341	uͤbereinander	_	_	_	
9-10	1341-1342	/	_	_	_	
9-11	1343-1348	davon	_	_	_	
9-12	1349-1352	die	_	_	_	
9-13	1353-1363	aͤuſſerſte	_	_	_	
9-14	1364-1367	mit	_	_	_	
9-15	1368-1370	ei	_	_	_	
9-16	1370-1371	-	_	_	_	
9-17	1372-1375	nem	_	_	_	
9-18	1376-1383	krum̃en	_	_	_	
9-19	1384-1390	meſſer	_	_	_	
9-20	1391-1395	wird	_	_	_	
9-21	1396-1408	abgeſchaͤlet	_	_	_	
9-22	1408-1409	/	_	_	_	
9-23	1410-1413	und	_	_	_	
9-24	1414-1421	alßdann	_	_	_	
9-25	1422-1425	der	_	_	_	
9-26	1426-1436	Canellbaſt	_	_	_	
9-27	1437-1440	mit	_	_	_	
9-28	1441-1446	einer	_	_	_	
9-29	1447-1452	krumb	_	_	_	
9-30	1453-1466	meſſer-ſpitze	_	_	_	
9-31	1466-1467	/	_	_	_	
9-32	1468-1476	erſtlich	_	_	_	
9-33	1477-1481	rund	_	_	_	
9-34	1482-1488	herumb	_	_	_	
9-35	1488-1489	/	_	_	_	
9-36	1490-1493	und	_	_	_	
9-37	1494-1497	dar	_	_	_	
9-38	1497-1498	-	_	_	_	
9-39	1499-1503	nach	_	_	_	
9-40	1504-1506	in	_	_	_	
9-41	1507-1510	die	_	_	_	
9-42	1511-1517	laͤnge	_	_	_	
9-43	1518-1521	von	_	_	_	
9-44	1522-1525	dem	_	_	_	
9-45	1526-1530	baum	_	_	_	
9-46	1531-1541	abgeloͤſet	_	_	_	
9-47	1541-1542	/	_	_	_	
