#FORMAT=WebAnno TSV 3.3
#T_SP=custom.Span|label
#T_RL=custom.Relation|label|BT_custom.Span


#Text=Spiræa Theophraſti forte, Cluſ.
1-1	3-9	Spiræa	_	_	_	
1-2	10-21	Theophraſti	_	_	_	
1-3	22-27	forte	_	_	_	
1-4	27-28	,	_	_	_	
1-5	29-33	Cluſ	_	_	_	
1-6	33-34	.	_	_	_	

#Text=Die ſtaude waͤchſet vier oder fuͤnff fuß hoch/ hat
#Text=duͤnne zweige oder gerten mit einer rohten rinde uͤberzogen/
#Text=daran ſtehen laͤngliche/
#Text=
#Text=ſchmalle/
#Text=
#Text=
#Text=G g 2
#Text=\f
#Text=[236/0272
#Text=]
#Text=
#Text=Des IV.
2-1	35-38	Die	_	_	_	
2-2	39-45	ſtaude	_	_	_	
2-3	46-54	waͤchſet	_	_	_	
2-4	55-59	vier	_	_	_	
2-5	60-64	oder	_	_	_	
2-6	65-71	fuͤnff	_	_	_	
2-7	72-75	fuß	_	_	_	
2-8	76-80	hoch	_	_	_	
2-9	80-81	/	_	_	_	
2-10	82-85	hat	_	_	_	
2-11	86-92	duͤnne	_	_	_	
2-12	93-99	zweige	_	_	_	
2-13	100-104	oder	_	_	_	
2-14	105-111	gerten	_	_	_	
2-15	112-115	mit	_	_	_	
2-16	116-121	einer	_	_	_	
2-17	122-128	rohten	_	_	_	
2-18	129-134	rinde	_	_	_	
2-19	135-145	uͤberzogen	_	_	_	
2-20	145-146	/	_	_	_	
2-21	147-152	daran	_	_	_	
2-22	153-159	ſtehen	_	_	_	
2-23	160-170	laͤngliche	_	_	_	
2-24	170-171	/	_	_	_	
2-25	173-181	ſchmalle	_	_	_	
2-26	181-182	/	_	_	_	
2-27	185-186	G	_	_	_	
2-28	187-188	g	_	_	_	
2-29	189-190	2	_	_	_	
2-30	193-194	[	_	_	_	
2-31	194-197	236	_	_	_	
2-32	197-198	/	_	_	_	
2-33	198-202	0272	_	_	_	
2-34	203-204	]	_	_	_	
2-35	206-209	Des	_	_	_	
2-36	210-212	IV	_	_	_	
2-37	212-213	.	_	_	_	

#Text=Buchs VIII.
3-1	214-219	Buchs	_	_	_	
3-2	220-224	VIII	_	_	_	
3-3	224-225	.	_	_	_	

#Text=Cap.
4-1	226-229	Cap	_	_	_	
4-2	229-230	.	_	_	_	

#Text=ſchmalle/ gekerbete blaͤtter den blaͤttern der Mandel-weiden gleichende/ hin und her
#Text=
#Text=ohn ordnung.
5-1	234-242	ſchmalle	_	_	_	
5-2	242-243	/	_	_	_	
5-3	244-253	gekerbete	_	_	_	
5-4	254-262	blaͤtter	_	_	_	
5-5	263-266	den	_	_	_	
5-6	267-276	blaͤttern	_	_	_	
5-7	277-280	der	_	_	_	
5-8	281-294	Mandel-weiden	_	_	_	
5-9	295-305	gleichende	_	_	_	
5-10	305-306	/	_	_	_	
5-11	307-310	hin	_	_	_	
5-12	311-314	und	_	_	_	
5-13	315-318	her	_	_	_	
5-14	320-323	ohn	_	_	_	
5-15	324-331	ordnung	_	_	_	
5-16	331-332	.	_	_	_	

#Text=An den gipffeln kommet im Julio eine aͤhre herfuͤr fingerslang/ mit
#Text=vielen fleiſchfarben blumen beſetzet/ und wie eine traube zuſammen gedrungen.
6-1	333-335	An	_	_	_	
6-2	336-339	den	_	_	_	
6-3	340-348	gipffeln	_	_	_	
6-4	349-355	kommet	_	_	_	
6-5	356-358	im	_	_	_	
6-6	359-364	Julio	_	_	_	
6-7	365-369	eine	_	_	_	
6-8	370-375	aͤhre	_	_	_	
6-9	376-383	herfuͤr	_	_	_	
6-10	384-395	fingerslang	_	_	_	
6-11	395-396	/	_	_	_	
6-12	397-400	mit	_	_	_	
6-13	401-407	vielen	_	_	_	
6-14	408-421	fleiſchfarben	_	_	_	
6-15	422-428	blumen	_	_	_	
6-16	429-437	beſetzet	_	_	_	
6-17	437-438	/	_	_	_	
6-18	439-442	und	_	_	_	
6-19	443-446	wie	_	_	_	
6-20	447-451	eine	_	_	_	
6-21	452-458	traube	_	_	_	
6-22	459-467	zuſammen	_	_	_	
6-23	468-477	gedrungen	_	_	_	
6-24	477-478	.	_	_	_	

#Text=Die
#Text=blumen haben jede fuͤnff blaͤtter/ in der mitten viel faͤſerlein/ aber keinen ſonderlichen
#Text=geruch.
7-1	479-482	Die	_	_	_	
7-2	483-489	blumen	Smell\_Source	_	_	
7-3	490-495	haben	_	_	_	
7-4	496-500	jede	_	_	_	
7-5	501-507	fuͤnff	_	_	_	
7-6	508-516	blaͤtter	_	_	_	
7-7	516-517	/	_	_	_	
7-8	518-520	in	_	_	_	
7-9	521-524	der	_	_	_	
7-10	525-531	mitten	_	_	_	
7-11	532-536	viel	_	_	_	
7-12	537-547	faͤſerlein	_	_	_	
7-13	547-548	/	_	_	_	
7-14	549-553	aber	_	_	_	
7-15	554-560	keinen	Quality	_	_	
7-16	561-573	ſonderlichen	Quality	*	7-15	
7-17	574-580	geruch	*[1]|Smell\_Word[2]	_	_	
7-18	580-581	.	_	_	_	

#Text=Wenn die blumen weg gehen/ folgen darauff kleine fuͤnffeckigte koͤpfflein/
#Text=
#Text=welche im Herbſt wenn ſie zu voͤlliger reiffung gelangen/ in ſich halten einen gelben
#Text=Samen ſo klein als ſtaub.
8-1	582-586	Wenn	_	_	_	
8-2	587-590	die	_	_	_	
8-3	591-597	blumen	_	_	_	
8-4	598-601	weg	_	_	_	
8-5	602-607	gehen	_	_	_	
8-6	607-608	/	_	_	_	
8-7	609-615	folgen	_	_	_	
8-8	616-623	darauff	_	_	_	
8-9	624-630	kleine	_	_	_	
8-10	631-644	fuͤnffeckigte	_	_	_	
8-11	645-655	koͤpfflein	_	_	_	
8-12	655-656	/	_	_	_	
8-13	658-664	welche	_	_	_	
8-14	665-667	im	_	_	_	
8-15	668-674	Herbſt	_	_	_	
8-16	675-679	wenn	_	_	_	
8-17	680-683	ſie	_	_	_	
8-18	684-686	zu	_	_	_	
8-19	687-696	voͤlliger	_	_	_	
8-20	697-705	reiffung	_	_	_	
8-21	706-714	gelangen	_	_	_	
8-22	714-715	/	_	_	_	
8-23	716-718	in	_	_	_	
8-24	719-723	ſich	_	_	_	
8-25	724-730	halten	_	_	_	
8-26	731-736	einen	_	_	_	
8-27	737-743	gelben	_	_	_	
8-28	744-749	Samen	_	_	_	
8-29	750-752	ſo	_	_	_	
8-30	753-758	klein	_	_	_	
8-31	759-762	als	_	_	_	
8-32	763-768	ſtaub	_	_	_	
8-33	768-769	.	_	_	_	

#Text=Zur vermehrung/ nimmet man die Schoſſe/
#Text=welche uͤmb
#Text=die Hauptwurzel her ſatſam ausſchlagen.
9-1	770-773	Zur	_	_	_	
9-2	774-784	vermehrung	_	_	_	
9-3	784-785	/	_	_	_	
9-4	786-792	nimmet	_	_	_	
9-5	793-796	man	_	_	_	
9-6	797-800	die	_	_	_	
9-7	801-808	Schoſſe	_	_	_	
9-8	808-809	/	_	_	_	
9-9	810-816	welche	_	_	_	
9-10	817-821	uͤmb	_	_	_	
9-11	822-825	die	_	_	_	
9-12	826-837	Hauptwurzel	_	_	_	
9-13	838-841	her	_	_	_	
9-14	842-848	ſatſam	_	_	_	
9-15	849-860	ausſchlagen	_	_	_	
9-16	860-861	.	_	_	_	

#Text=Carol.
10-1	862-867	Carol	_	_	_	
10-2	867-868	.	_	_	_	

#Text=Cluſius hat dieſes gewaͤchs alſo ge-
#Text=taufft/ und gemhutmaſſet/ es moͤchte vielleicht Spiræa Theophraſti ſeyn/ als es ihm
#Text=nemlich ohn namen von Brieg in Schleſien zu erſt nach Wien iſt zugeſendet worden/
#Text=
#Text=wie er lib.
11-1	869-876	Cluſius	_	_	_	
11-2	877-880	hat	_	_	_	
11-3	881-887	dieſes	_	_	_	
11-4	888-896	gewaͤchs	_	_	_	
11-5	897-901	alſo	_	_	_	
11-6	902-904	ge	_	_	_	
11-7	904-905	-	_	_	_	
11-8	906-912	taufft	_	_	_	
11-9	912-913	/	_	_	_	
11-10	914-917	und	_	_	_	
11-11	918-930	gemhutmaſſet	_	_	_	
11-12	930-931	/	_	_	_	
11-13	932-934	es	_	_	_	
11-14	935-942	moͤchte	_	_	_	
11-15	943-953	vielleicht	_	_	_	
11-16	954-960	Spiræa	_	_	_	
11-17	961-972	Theophraſti	_	_	_	
11-18	973-977	ſeyn	_	_	_	
11-19	977-978	/	_	_	_	
11-20	979-982	als	_	_	_	
11-21	983-985	es	_	_	_	
11-22	986-989	ihm	_	_	_	
11-23	990-997	nemlich	_	_	_	
11-24	998-1001	ohn	_	_	_	
11-25	1002-1007	namen	_	_	_	
11-26	1008-1011	von	_	_	_	
11-27	1012-1017	Brieg	_	_	_	
11-28	1018-1020	in	_	_	_	
11-29	1021-1030	Schleſien	_	_	_	
11-30	1031-1033	zu	_	_	_	
11-31	1034-1038	erſt	_	_	_	
11-32	1039-1043	nach	_	_	_	
11-33	1044-1048	Wien	_	_	_	
11-34	1049-1052	iſt	_	_	_	
11-35	1053-1063	zugeſendet	_	_	_	
11-36	1064-1070	worden	_	_	_	
11-37	1070-1071	/	_	_	_	
11-38	1073-1076	wie	_	_	_	
11-39	1077-1079	er	_	_	_	
11-40	1080-1083	lib	_	_	_	
11-41	1083-1084	.	_	_	_	

#Text=I.
12-1	1085-1086	I	_	_	_	
12-2	1086-1087	.	_	_	_	

#Text=Hiſt.
13-1	1088-1092	Hiſt	_	_	_	
13-2	1092-1093	.	_	_	_	

#Text=Plant.
14-1	1094-1099	Plant	_	_	_	
14-2	1099-1100	.	_	_	_	
