#FORMAT=WebAnno TSV 3.3
#T_SP=custom.Span|label
#T_RL=custom.Relation|label|BT_custom.Span


#Text=glůhen/ als dann trag das Spießglaß auch darzu/ und gib ihnen gut ſtarck
#Text=Schmeltzfeuer/
#Text=biß alles im Tiegel lauter fleiſt/
#Text=alsdann wirff darauff einen Loͤffel voll
#Text=reinen Salpeter/
#Text=derſelbe præcipitirt den Regulum deſto beſſer/ wann der Salpeter
#Text=verbrand/
#Text=ſo gieß alles in einem vorgewaͤrmten und geſchmierten Gießpuckel/ wanns
#Text=
#Text=geſtanden und hart worden/
#Text=ſo ſtutz den Gießpuckel umbgeſtůrtzt auff die Erde/
#Text=daß der
#Text=gegoſſene Kegel herauß falle/ davon ſchlag die Schlacken ab/ und ſtoß ſolche zu Pulffer/
#Text=
#Text=mache eine ſtarcke Lauge von ungeleſchtem Kalck und gebrantem Weinſtein/ und filtrir
#Text=ſelbige/ darin ſiede das Schlacken-Pulffer biß es ſich gefaͤrbt/ alsdann die gefaͤrbte
#Text=Lauge ab/ und andere wieder daran gegoſſen/ die gefaͤrbten Laugen filtrirt/ und etwas Eſ-
#Text=ſig drein getroͤpfflet/ ſo ſchlaͤgt ſich ein Pomerantzen farbes Pulffer zu Boden/ welches/
#Text=
#Text=wann man es abſuͤſt und trucknet/ und auff glůhende Kohlen ſtreuet/
#Text=ſo brent es wie ge-
#Text=meiner Schweffel/ und riecht auch alſo/ und alſo hat man das Principium Sulphuris ab-
#Text=geſondert/ zu deſſen Separation noch andere Wege ſind/ wie davon in der Stadt- und
#Text=Land-Apotheck mit mehrerm gehandelt/ und ſolche Separation umbſtaͤndlich gelehret
#Text=
#Text=worden.
1-1	1-7	glůhen	_	_	_	
1-2	7-8	/	_	_	_	
1-3	9-12	als	_	_	_	
1-4	13-17	dann	_	_	_	
1-5	18-22	trag	_	_	_	
1-6	23-26	das	_	_	_	
1-7	27-36	Spießglaß	_	_	_	
1-8	37-41	auch	_	_	_	
1-9	42-47	darzu	_	_	_	
1-10	47-48	/	_	_	_	
1-11	49-52	und	_	_	_	
1-12	53-56	gib	_	_	_	
1-13	57-62	ihnen	_	_	_	
1-14	63-66	gut	_	_	_	
1-15	67-73	ſtarck	_	_	_	
1-16	74-87	Schmeltzfeuer	_	_	_	
1-17	87-88	/	_	_	_	
1-18	89-92	biß	_	_	_	
1-19	93-98	alles	_	_	_	
1-20	99-101	im	_	_	_	
1-21	102-108	Tiegel	_	_	_	
1-22	109-115	lauter	_	_	_	
1-23	116-122	fleiſt	_	_	_	
1-24	122-123	/	_	_	_	
1-25	124-131	alsdann	_	_	_	
1-26	132-137	wirff	_	_	_	
1-27	138-145	darauff	_	_	_	
1-28	146-151	einen	_	_	_	
1-29	152-159	Loͤffel	_	_	_	
1-30	160-164	voll	_	_	_	
1-31	165-171	reinen	_	_	_	
1-32	172-180	Salpeter	_	_	_	
1-33	180-181	/	_	_	_	
1-34	182-190	derſelbe	_	_	_	
1-35	191-202	præcipitirt	_	_	_	
1-36	203-206	den	_	_	_	
1-37	207-214	Regulum	_	_	_	
1-38	215-220	deſto	_	_	_	
1-39	221-227	beſſer	_	_	_	
1-40	227-228	/	_	_	_	
1-41	229-233	wann	_	_	_	
1-42	234-237	der	_	_	_	
1-43	238-246	Salpeter	_	_	_	
1-44	247-255	verbrand	_	_	_	
1-45	255-256	/	_	_	_	
1-46	257-259	ſo	_	_	_	
1-47	260-264	gieß	_	_	_	
1-48	265-270	alles	_	_	_	
1-49	271-273	in	_	_	_	
1-50	274-279	einem	_	_	_	
1-51	280-293	vorgewaͤrmten	_	_	_	
1-52	294-297	und	_	_	_	
1-53	298-310	geſchmierten	_	_	_	
1-54	311-321	Gießpuckel	_	_	_	
1-55	321-322	/	_	_	_	
1-56	323-328	wanns	_	_	_	
1-57	330-339	geſtanden	_	_	_	
1-58	340-343	und	_	_	_	
1-59	344-348	hart	_	_	_	
1-60	349-355	worden	_	_	_	
1-61	355-356	/	_	_	_	
1-62	357-359	ſo	_	_	_	
1-63	360-365	ſtutz	_	_	_	
1-64	366-369	den	_	_	_	
1-65	370-380	Gießpuckel	_	_	_	
1-66	381-393	umbgeſtůrtzt	_	_	_	
1-67	394-398	auff	_	_	_	
1-68	399-402	die	_	_	_	
1-69	403-407	Erde	_	_	_	
1-70	407-408	/	_	_	_	
1-71	409-412	daß	_	_	_	
1-72	413-416	der	_	_	_	
1-73	417-426	gegoſſene	_	_	_	
1-74	427-432	Kegel	_	_	_	
1-75	433-439	herauß	_	_	_	
1-76	440-445	falle	_	_	_	
1-77	445-446	/	_	_	_	
1-78	447-452	davon	_	_	_	
1-79	453-459	ſchlag	_	_	_	
1-80	460-463	die	_	_	_	
1-81	464-473	Schlacken	_	_	_	
1-82	474-476	ab	_	_	_	
1-83	476-477	/	_	_	_	
1-84	478-481	und	_	_	_	
1-85	482-486	ſtoß	_	_	_	
1-86	487-493	ſolche	_	_	_	
1-87	494-496	zu	_	_	_	
1-88	497-504	Pulffer	_	_	_	
1-89	504-505	/	_	_	_	
1-90	507-512	mache	_	_	_	
1-91	513-517	eine	_	_	_	
1-92	518-525	ſtarcke	_	_	_	
1-93	526-531	Lauge	_	_	_	
1-94	532-535	von	_	_	_	
1-95	536-548	ungeleſchtem	_	_	_	
1-96	549-554	Kalck	_	_	_	
1-97	555-558	und	_	_	_	
1-98	559-568	gebrantem	_	_	_	
1-99	569-578	Weinſtein	_	_	_	
1-100	578-579	/	_	_	_	
1-101	580-583	und	_	_	_	
1-102	584-591	filtrir	_	_	_	
1-103	592-599	ſelbige	_	_	_	
1-104	599-600	/	_	_	_	
1-105	601-606	darin	_	_	_	
1-106	607-612	ſiede	_	_	_	
1-107	613-616	das	_	_	_	
1-108	617-634	Schlacken-Pulffer	_	_	_	
1-109	635-638	biß	_	_	_	
1-110	639-641	es	_	_	_	
1-111	642-646	ſich	_	_	_	
1-112	647-655	gefaͤrbt	_	_	_	
1-113	655-656	/	_	_	_	
1-114	657-664	alsdann	Circumstances[1]	_	_	
1-115	665-668	die	Circumstances[1]	_	_	
1-116	669-678	gefaͤrbte	Circumstances[1]	_	_	
1-117	679-684	Lauge	Circumstances[1]	_	_	
1-118	685-687	ab	Circumstances[1]	_	_	
1-119	687-688	/	Circumstances[1]	_	_	
1-120	689-692	und	Circumstances[1]	_	_	
1-121	693-699	andere	Circumstances[1]	_	_	
1-122	700-706	wieder	Circumstances[1]	_	_	
1-123	707-712	daran	Circumstances[1]	_	_	
1-124	713-721	gegoſſen	Circumstances[1]	_	_	
1-125	721-722	/	Circumstances[1]	_	_	
1-126	723-726	die	Circumstances[1]	_	_	
1-127	727-737	gefaͤrbten	Circumstances[1]	_	_	
1-128	738-744	Laugen	Circumstances[1]	_	_	
1-129	745-753	filtrirt	Circumstances[1]	_	_	
1-130	753-754	/	Circumstances[1]	_	_	
1-131	755-758	und	Circumstances[1]	_	_	
1-132	759-764	etwas	Circumstances[1]	_	_	
1-133	765-767	Eſ	Circumstances[1]	_	_	
1-134	767-768	-	Circumstances[1]	_	_	
1-135	769-772	ſig	Circumstances[1]	_	_	
1-136	773-778	drein	Circumstances[1]	_	_	
1-137	779-791	getroͤpfflet	Circumstances[1]	_	_	
1-138	791-792	/	_	_	_	
1-139	793-795	ſo	_	_	_	
1-140	796-804	ſchlaͤgt	_	_	_	
1-141	805-809	ſich	_	_	_	
1-142	810-813	ein	Smell\_Source[2]	_	_	
1-143	814-825	Pomerantzen	Smell\_Source[2]	_	_	
1-144	826-832	farbes	Smell\_Source[2]	_	_	
1-145	833-840	Pulffer	Smell\_Source[2]	_	_	
1-146	841-843	zu	_	_	_	
1-147	844-849	Boden	Location	_	_	
1-148	849-850	/	_	_	_	
1-149	851-858	welches	_	_	_	
1-150	858-859	/	_	_	_	
1-151	861-865	wann	_	_	_	
1-152	866-869	man	_	_	_	
1-153	870-872	es	_	_	_	
1-154	873-880	abſuͤſt	_	_	_	
1-155	881-884	und	_	_	_	
1-156	885-893	trucknet	_	_	_	
1-157	893-894	/	_	_	_	
1-158	895-898	und	_	_	_	
1-159	899-903	auff	_	_	_	
1-160	904-912	glůhende	_	_	_	
1-161	913-919	Kohlen	_	_	_	
1-162	920-927	ſtreuet	_	_	_	
1-163	927-928	/	_	_	_	
1-164	929-931	ſo	_	_	_	
1-165	932-937	brent	_	_	_	
1-166	938-940	es	_	_	_	
1-167	941-944	wie	_	_	_	
1-168	945-947	ge	_	_	_	
1-169	947-948	-	_	_	_	
1-170	949-955	meiner	_	_	_	
1-171	956-965	Schweffel	Evoked\_Odorant	_	_	
1-172	965-966	/	_	_	_	
1-173	967-970	und	_	_	_	
1-174	971-977	riecht	Smell\_Word	*|*|*|*	1-171|1-142[2_0]|1-114[1_0]|1-147	
1-175	978-982	auch	_	_	_	
1-176	983-987	alſo	_	_	_	
1-177	987-988	/	_	_	_	
1-178	989-992	und	_	_	_	
1-179	993-997	alſo	_	_	_	
1-180	998-1001	hat	_	_	_	
1-181	1002-1005	man	_	_	_	
1-182	1006-1009	das	_	_	_	
1-183	1010-1020	Principium	_	_	_	
1-184	1021-1030	Sulphuris	_	_	_	
1-185	1031-1033	ab	_	_	_	
1-186	1033-1034	-	_	_	_	
1-187	1035-1044	geſondert	_	_	_	
1-188	1044-1045	/	_	_	_	
1-189	1046-1048	zu	_	_	_	
1-190	1049-1055	deſſen	_	_	_	
1-191	1056-1066	Separation	_	_	_	
1-192	1067-1071	noch	_	_	_	
1-193	1072-1078	andere	_	_	_	
1-194	1079-1083	Wege	_	_	_	
1-195	1084-1088	ſind	_	_	_	
1-196	1088-1089	/	_	_	_	
1-197	1090-1093	wie	_	_	_	
1-198	1094-1099	davon	_	_	_	
1-199	1100-1102	in	_	_	_	
1-200	1103-1106	der	_	_	_	
1-201	1107-1112	Stadt	_	_	_	
1-202	1112-1113	-	_	_	_	
1-203	1114-1117	und	_	_	_	
1-204	1118-1131	Land-Apotheck	_	_	_	
1-205	1132-1135	mit	_	_	_	
1-206	1136-1143	mehrerm	_	_	_	
1-207	1144-1153	gehandelt	_	_	_	
1-208	1153-1154	/	_	_	_	
1-209	1155-1158	und	_	_	_	
1-210	1159-1165	ſolche	_	_	_	
1-211	1166-1176	Separation	_	_	_	
1-212	1177-1190	umbſtaͤndlich	_	_	_	
1-213	1191-1199	gelehret	_	_	_	
1-214	1201-1207	worden	_	_	_	
1-215	1207-1208	.	_	_	_	

#Text=Ferner thu obgedachten Regulum wieder in den Tiegel und laß ihn flieſſen/
#Text=
#Text=ſchütt wieder etwas Salpeter drauff/
#Text=und gieß ihn wieder in den Gießpuckel/
#Text=wie-
#Text=derhole ſolches Schmeltzen auch zum dritten und vierden mahl/ oder biß er rein ge-
#Text=nug iſt/ deſſen Zeichen iſt/ wann er nach dem außgieſſen in den Gießpuckel und Kalt-
#Text=werdung oben auff einen ſchoͤnen Stern hat/
#Text=doch will der Stern nicht allemahl
#Text=gerahten/ ſondern nur bey klarem Wetter/
#Text=derowegen iſt der Regulus nach dem drit-
#Text=ten oder vierdten Schmeltzen rein genug zu achten/ der Stern ſey gleich darauff zu ſehen
#Text=oder nicht;
#Text=Dieſes Reguli muß man zu itziger vorhabenden Prob zwey oder drey
#Text=Pfund machen/ ſolchen alsdann klein ſtoſſen/ und in zwo glaͤſerne Retorten
#Text=thun/ deren Haͤlſe meinander ſchlieſſen/
2-1	1212-1218	Ferner	_	_	_	
2-2	1219-1222	thu	_	_	_	
2-3	1223-1234	obgedachten	_	_	_	
2-4	1235-1242	Regulum	_	_	_	
2-5	1243-1249	wieder	_	_	_	
2-6	1250-1252	in	_	_	_	
2-7	1253-1256	den	_	_	_	
2-8	1257-1263	Tiegel	_	_	_	
2-9	1264-1267	und	_	_	_	
2-10	1268-1271	laß	_	_	_	
2-11	1272-1275	ihn	_	_	_	
2-12	1276-1284	flieſſen	_	_	_	
2-13	1284-1285	/	_	_	_	
2-14	1287-1293	ſchütt	_	_	_	
2-15	1294-1300	wieder	_	_	_	
2-16	1301-1306	etwas	_	_	_	
2-17	1307-1315	Salpeter	_	_	_	
2-18	1316-1322	drauff	_	_	_	
2-19	1322-1323	/	_	_	_	
2-20	1324-1327	und	_	_	_	
2-21	1328-1332	gieß	_	_	_	
2-22	1333-1336	ihn	_	_	_	
2-23	1337-1343	wieder	_	_	_	
2-24	1344-1346	in	_	_	_	
2-25	1347-1350	den	_	_	_	
2-26	1351-1361	Gießpuckel	_	_	_	
2-27	1361-1362	/	_	_	_	
2-28	1363-1366	wie	_	_	_	
2-29	1366-1367	-	_	_	_	
2-30	1368-1375	derhole	_	_	_	
2-31	1376-1383	ſolches	_	_	_	
2-32	1384-1394	Schmeltzen	_	_	_	
2-33	1395-1399	auch	_	_	_	
2-34	1400-1403	zum	_	_	_	
2-35	1404-1411	dritten	_	_	_	
2-36	1412-1415	und	_	_	_	
2-37	1416-1423	vierden	_	_	_	
2-38	1424-1428	mahl	_	_	_	
2-39	1428-1429	/	_	_	_	
2-40	1430-1434	oder	_	_	_	
2-41	1435-1438	biß	_	_	_	
2-42	1439-1441	er	_	_	_	
2-43	1442-1446	rein	_	_	_	
2-44	1447-1449	ge	_	_	_	
2-45	1449-1450	-	_	_	_	
2-46	1451-1454	nug	_	_	_	
2-47	1455-1458	iſt	_	_	_	
2-48	1458-1459	/	_	_	_	
2-49	1460-1466	deſſen	_	_	_	
2-50	1467-1474	Zeichen	_	_	_	
2-51	1475-1478	iſt	_	_	_	
2-52	1478-1479	/	_	_	_	
2-53	1480-1484	wann	_	_	_	
2-54	1485-1487	er	_	_	_	
2-55	1488-1492	nach	_	_	_	
2-56	1493-1496	dem	_	_	_	
2-57	1497-1507	außgieſſen	_	_	_	
2-58	1508-1510	in	_	_	_	
2-59	1511-1514	den	_	_	_	
2-60	1515-1525	Gießpuckel	_	_	_	
2-61	1526-1529	und	_	_	_	
2-62	1530-1534	Kalt	_	_	_	
2-63	1534-1535	-	_	_	_	
2-64	1536-1543	werdung	_	_	_	
2-65	1544-1548	oben	_	_	_	
2-66	1549-1553	auff	_	_	_	
2-67	1554-1559	einen	_	_	_	
2-68	1560-1568	ſchoͤnen	_	_	_	
2-69	1569-1574	Stern	_	_	_	
2-70	1575-1578	hat	_	_	_	
2-71	1578-1579	/	_	_	_	
2-72	1580-1584	doch	_	_	_	
2-73	1585-1589	will	_	_	_	
2-74	1590-1593	der	_	_	_	
2-75	1594-1599	Stern	_	_	_	
2-76	1600-1605	nicht	_	_	_	
2-77	1606-1614	allemahl	_	_	_	
2-78	1615-1623	gerahten	_	_	_	
2-79	1623-1624	/	_	_	_	
2-80	1625-1632	ſondern	_	_	_	
2-81	1633-1636	nur	_	_	_	
2-82	1637-1640	bey	_	_	_	
2-83	1641-1647	klarem	_	_	_	
2-84	1648-1654	Wetter	_	_	_	
2-85	1654-1655	/	_	_	_	
2-86	1656-1665	derowegen	_	_	_	
2-87	1666-1669	iſt	_	_	_	
2-88	1670-1673	der	_	_	_	
2-89	1674-1681	Regulus	_	_	_	
2-90	1682-1686	nach	_	_	_	
2-91	1687-1690	dem	_	_	_	
2-92	1691-1695	drit	_	_	_	
2-93	1695-1696	-	_	_	_	
2-94	1697-1700	ten	_	_	_	
2-95	1701-1705	oder	_	_	_	
2-96	1706-1714	vierdten	_	_	_	
2-97	1715-1725	Schmeltzen	_	_	_	
2-98	1726-1730	rein	_	_	_	
2-99	1731-1736	genug	_	_	_	
2-100	1737-1739	zu	_	_	_	
2-101	1740-1746	achten	_	_	_	
2-102	1746-1747	/	_	_	_	
2-103	1748-1751	der	_	_	_	
2-104	1752-1757	Stern	_	_	_	
2-105	1758-1761	ſey	_	_	_	
2-106	1762-1768	gleich	_	_	_	
2-107	1769-1776	darauff	_	_	_	
2-108	1777-1779	zu	_	_	_	
2-109	1780-1785	ſehen	_	_	_	
2-110	1786-1790	oder	_	_	_	
2-111	1791-1796	nicht	_	_	_	
2-112	1796-1797	;	_	_	_	
2-113	1798-1804	Dieſes	_	_	_	
2-114	1805-1811	Reguli	_	_	_	
2-115	1812-1815	muß	_	_	_	
2-116	1816-1819	man	_	_	_	
2-117	1820-1822	zu	_	_	_	
2-118	1823-1830	itziger	_	_	_	
2-119	1831-1842	vorhabenden	_	_	_	
2-120	1843-1847	Prob	_	_	_	
2-121	1848-1852	zwey	_	_	_	
2-122	1853-1857	oder	_	_	_	
2-123	1858-1862	drey	_	_	_	
2-124	1863-1868	Pfund	_	_	_	
2-125	1869-1875	machen	_	_	_	
2-126	1875-1876	/	_	_	_	
2-127	1877-1884	ſolchen	_	_	_	
2-128	1885-1892	alsdann	_	_	_	
2-129	1893-1898	klein	_	_	_	
2-130	1899-1906	ſtoſſen	_	_	_	
2-131	1906-1907	/	_	_	_	
2-132	1908-1911	und	_	_	_	
2-133	1912-1914	in	_	_	_	
2-134	1915-1918	zwo	_	_	_	
2-135	1919-1928	glaͤſerne	_	_	_	
2-136	1929-1937	Retorten	_	_	_	
2-137	1938-1942	thun	_	_	_	
2-138	1942-1943	/	_	_	_	
2-139	1944-1949	deren	_	_	_	
2-140	1950-1956	Haͤlſe	_	_	_	
2-141	1957-1966	meinander	_	_	_	
2-142	1967-1977	ſchlieſſen	_	_	_	
2-143	1977-1978	/	_	_	_	
