#FORMAT=WebAnno TSV 3.3
#T_SP=custom.Span|label
#T_RL=custom.Relation|label|BT_custom.Span


#Text=bisweilen auch als Zuſatz zu Zinnbeizen, ſowie zum Beizbade für
#Text=Kaliumdichromat.
1-1	2-11	bisweilen	_	_	_	
1-2	12-16	auch	_	_	_	
1-3	17-20	als	_	_	_	
1-4	21-27	Zuſatz	_	_	_	
1-5	28-30	zu	_	_	_	
1-6	31-41	Zinnbeizen	_	_	_	
1-7	41-42	,	_	_	_	
1-8	43-48	ſowie	_	_	_	
1-9	49-52	zum	_	_	_	
1-10	53-61	Beizbade	_	_	_	
1-11	62-65	für	_	_	_	
1-12	66-81	Kaliumdichromat	_	_	_	
1-13	81-82	.	_	_	_	

#Text=Welche Rolle der Weinſtein dabei eigentlich ſpielt, iſt
#Text=noch nicht genau ermittelt worden
2-1	83-89	Welche	_	_	_	
2-2	90-95	Rolle	_	_	_	
2-3	96-99	der	_	_	_	
2-4	100-109	Weinſtein	_	_	_	
2-5	110-115	dabei	_	_	_	
2-6	116-126	eigentlich	_	_	_	
2-7	127-133	ſpielt	_	_	_	
2-8	133-134	,	_	_	_	
2-9	135-138	iſt	_	_	_	
2-10	139-143	noch	_	_	_	
2-11	144-149	nicht	_	_	_	
2-12	150-155	genau	_	_	_	
2-13	156-165	ermittelt	_	_	_	
2-14	166-172	worden	_	_	_	

#Text=.
3-1	172-173	.	_	_	_	

#Text=[
#Text=249/0275]
#Text=
#Text=9.
4-1	178-179	[	_	_	_	
4-2	180-183	249	_	_	_	
4-3	183-184	/	_	_	_	
4-4	184-188	0275	_	_	_	
4-5	188-189	]	_	_	_	
4-6	191-192	9	_	_	_	
4-7	192-193	.	_	_	_	

#Text=Saures oxalſaures Kali, Kaliumbioxalat, Kleeſalz,
#Text=[
#Text=FORMEL
#Text=]
#Text=Das Kleeſalz wird durch Neutraliſieren von Oxalſäure mit Pott-
#Text=aſche gewonnen;
#Text=dabei entſteht das neutrale, leicht lösliche Oxalat.
5-1	194-200	Saures	_	_	_	
5-2	201-211	oxalſaures	_	_	_	
5-3	212-216	Kali	_	_	_	
5-4	216-217	,	_	_	_	
5-5	218-232	Kaliumbioxalat	_	_	_	
5-6	232-233	,	_	_	_	
5-7	234-242	Kleeſalz	_	_	_	
5-8	242-243	,	_	_	_	
5-9	244-245	[	_	_	_	
5-10	246-252	FORMEL	_	_	_	
5-11	253-254	]	_	_	_	
5-12	255-258	Das	_	_	_	
5-13	259-267	Kleeſalz	_	_	_	
5-14	268-272	wird	_	_	_	
5-15	273-278	durch	_	_	_	
5-16	279-293	Neutraliſieren	_	_	_	
5-17	294-297	von	_	_	_	
5-18	298-307	Oxalſäure	_	_	_	
5-19	308-311	mit	_	_	_	
5-20	312-316	Pott	_	_	_	
5-21	316-317	-	_	_	_	
5-22	318-323	aſche	_	_	_	
5-23	324-332	gewonnen	_	_	_	
5-24	332-333	;	_	_	_	
5-25	334-339	dabei	_	_	_	
5-26	340-348	entſteht	_	_	_	
5-27	349-352	das	_	_	_	
5-28	353-361	neutrale	_	_	_	
5-29	361-362	,	_	_	_	
5-30	363-369	leicht	_	_	_	
5-31	370-378	lösliche	_	_	_	
5-32	379-385	Oxalat	_	_	_	
5-33	385-386	.	_	_	_	

#Text=Fügt
#Text=man hierzu weitere Oxalſäure, ſo bildet ſich das ſchwer lösliche ſaure Oxalat,
#Text=welches in großen, farbloſen, der Weinſäure nicht unähnlichen Kryſtallen
#Text=auskryſtalliſiert;
#Text=es iſt luftbeſtändig, geruchlos, ſchmeckt ſehr ſauer, iſt in
#Text=Waſſer nur wenig löslich (es braucht 14 Teile kochendes Waſſer).
6-1	387-391	Fügt	Circumstances[1]	_	_	
6-2	392-395	man	Circumstances[1]	_	_	
6-3	396-402	hierzu	Circumstances[1]	_	_	
6-4	403-410	weitere	Circumstances[1]	_	_	
6-5	411-420	Oxalſäure	Circumstances[1]	_	_	
6-6	420-421	,	_	_	_	
6-7	422-424	ſo	_	_	_	
6-8	425-431	bildet	_	_	_	
6-9	432-436	ſich	_	_	_	
6-10	437-440	das	_	_	_	
6-11	441-447	ſchwer	_	_	_	
6-12	448-456	lösliche	_	_	_	
6-13	457-462	ſaure	_	_	_	
6-14	463-469	Oxalat	Smell\_Source	Anaphoric	6-29	
6-15	469-470	,	_	_	_	
6-16	471-478	welches	_	_	_	
6-17	479-481	in	_	_	_	
6-18	482-488	großen	_	_	_	
6-19	488-489	,	_	_	_	
6-20	490-499	farbloſen	_	_	_	
6-21	499-500	,	_	_	_	
6-22	501-504	der	_	_	_	
6-23	505-514	Weinſäure	_	_	_	
6-24	515-520	nicht	_	_	_	
6-25	521-532	unähnlichen	_	_	_	
6-26	533-543	Kryſtallen	_	_	_	
6-27	544-561	auskryſtalliſiert	_	_	_	
6-28	561-562	;	_	_	_	
6-29	563-565	es	Smell\_Source	_	_	
6-30	566-569	iſt	_	_	_	
6-31	570-583	luftbeſtändig	_	_	_	
6-32	583-584	,	_	_	_	
6-33	585-594	geruchlos	Smell\_Word[2]|Quality[3]	*|*|*|*	6-33[3_2]|6-14[0_2]|6-29[0_2]|6-1[1_2]	
6-34	594-595	,	_	_	_	
6-35	596-604	ſchmeckt	_	_	_	
6-36	605-609	ſehr	_	_	_	
6-37	610-615	ſauer	_	_	_	
6-38	615-616	,	_	_	_	
6-39	617-620	iſt	_	_	_	
6-40	621-623	in	_	_	_	
6-41	624-630	Waſſer	_	_	_	
6-42	631-634	nur	_	_	_	
6-43	635-640	wenig	_	_	_	
6-44	641-648	löslich	_	_	_	
6-45	649-650	(	_	_	_	
6-46	650-652	es	_	_	_	
6-47	653-660	braucht	_	_	_	
6-48	661-663	14	_	_	_	
6-49	664-669	Teile	_	_	_	
6-50	670-679	kochendes	_	_	_	
6-51	680-686	Waſſer	_	_	_	
6-52	686-687	)	_	_	_	
6-53	687-688	.	_	_	_	

#Text=Es iſt
#Text=giftig.
#Text=— Anwendung:
#Text=Im Zeugdruck zu Aetzreſervagen;
#Text=in der Lappen-
#Text=färberei nur als Fleckentilgungsmittel für Tinten- und Eiſenflecke.
#Text=
#Text=
#Text=10.
7-1	689-691	Es	_	_	_	
7-2	692-695	iſt	_	_	_	
7-3	696-702	giftig	_	_	_	
7-4	702-703	.	_	_	_	
7-5	704-705	—	_	_	_	
7-6	706-715	Anwendung	_	_	_	
7-7	715-716	:	_	_	_	
7-8	717-719	Im	_	_	_	
7-9	720-729	Zeugdruck	_	_	_	
7-10	730-732	zu	_	_	_	
7-11	733-747	Aetzreſervagen	_	_	_	
7-12	747-748	;	_	_	_	
7-13	749-751	in	_	_	_	
7-14	752-755	der	_	_	_	
7-15	756-762	Lappen	_	_	_	
7-16	762-763	-	_	_	_	
7-17	764-772	färberei	_	_	_	
7-18	773-776	nur	_	_	_	
7-19	777-780	als	_	_	_	
7-20	781-802	Fleckentilgungsmittel	_	_	_	
7-21	803-806	für	_	_	_	
7-22	807-813	Tinten	_	_	_	
7-23	813-814	-	_	_	_	
7-24	815-818	und	_	_	_	
7-25	819-830	Eiſenflecke	_	_	_	
7-26	830-831	.	_	_	_	
7-27	834-836	10	_	_	_	
7-28	836-837	.	_	_	_	

#Text=Kaliumeiſencyanür, Ferrocyankalium, gelbes Blut-
#Text=laugenſalz, blauſaures Kali, K4 Fe (CN)6 + 3H2 O.
8-1	838-855	Kaliumeiſencyanür	_	_	_	
8-2	855-856	,	_	_	_	
8-3	857-872	Ferrocyankalium	_	_	_	
8-4	872-873	,	_	_	_	
8-5	874-880	gelbes	_	_	_	
8-6	881-885	Blut	_	_	_	
8-7	885-886	-	_	_	_	
8-8	887-897	laugenſalz	_	_	_	
8-9	897-898	,	_	_	_	
8-10	899-909	blauſaures	_	_	_	
8-11	910-914	Kali	_	_	_	
8-12	914-915	,	_	_	_	
8-13	916-918	K4	_	_	_	
8-14	919-921	Fe	_	_	_	
8-15	922-923	(	_	_	_	
8-16	923-925	CN	_	_	_	
8-17	925-926	)	_	_	_	
8-18	926-927	6	_	_	_	
8-19	928-929	+	_	_	_	
8-20	930-933	3H2	_	_	_	
8-21	934-935	O	_	_	_	
8-22	935-936	.	_	_	_	

#Text=Wird
#Text=fabrik-
#Text=mäßig durch Schmelzen von Pottaſche mit ſtickſtoffhaltigen organiſchen Stoffen
#Text=
#Text=unter Zuſatz von Eiſen erhalten.
9-1	937-941	Wird	_	_	_	
9-2	942-948	fabrik	_	_	_	
9-3	948-949	-	_	_	_	
9-4	950-955	mäßig	_	_	_	
9-5	956-961	durch	_	_	_	
9-6	962-971	Schmelzen	_	_	_	
9-7	972-975	von	_	_	_	
9-8	976-985	Pottaſche	_	_	_	
9-9	986-989	mit	_	_	_	
9-10	990-1008	ſtickſtoffhaltigen	_	_	_	
9-11	1009-1020	organiſchen	_	_	_	
9-12	1021-1028	Stoffen	_	_	_	
9-13	1030-1035	unter	_	_	_	
9-14	1036-1042	Zuſatz	_	_	_	
9-15	1043-1046	von	_	_	_	
9-16	1047-1052	Eiſen	_	_	_	
9-17	1053-1061	erhalten	_	_	_	
9-18	1061-1062	.	_	_	_	

#Text=Es bildet große, weiche, citronengelbe, in
#Text=4 Teilen
#Text=Waſſer lösliche quadratiſche Prismen von bitterem, nicht eiſenartigem
#Text=Geſchmack.
10-1	1063-1065	Es	_	_	_	
10-2	1066-1072	bildet	_	_	_	
10-3	1073-1078	große	_	_	_	
10-4	1078-1079	,	_	_	_	
10-5	1080-1086	weiche	_	_	_	
10-6	1086-1087	,	_	_	_	
10-7	1088-1101	citronengelbe	_	_	_	
10-8	1101-1102	,	_	_	_	
10-9	1103-1105	in	_	_	_	
10-10	1106-1107	4	_	_	_	
10-11	1108-1114	Teilen	_	_	_	
10-12	1115-1121	Waſſer	_	_	_	
10-13	1122-1130	lösliche	_	_	_	
10-14	1131-1143	quadratiſche	_	_	_	
10-15	1144-1151	Prismen	_	_	_	
10-16	1152-1155	von	_	_	_	
10-17	1156-1164	bitterem	_	_	_	
10-18	1164-1165	,	_	_	_	
10-19	1166-1171	nicht	_	_	_	
10-20	1172-1184	eiſenartigem	_	_	_	
10-21	1185-1194	Geſchmack	_	_	_	
10-22	1194-1195	.	_	_	_	
