{"_context" : {
    "_types" : {
      "DocumentMetaData" : {
        "_feature_types" : {"sofa" : "_ref" } }, 
      "Relation" : {
        "_feature_types" : {"sofa" : "_ref",  "Dependent" : "_ref",  "Governor" : "_ref" } }, 
      "Sentence" : {
        "_feature_types" : {"sofa" : "_ref" } }, 
      "Sofa" : {
        "_feature_types" : {"sofaArray" : "_ref" } }, 
      "Span" : {
        "_feature_types" : {"sofa" : "_ref" } }, 
      "TagsetDescription" : {
        "_feature_types" : {"sofa" : "_ref",  "tags" : "_ref" } }, 
      "Token" : {
        "_feature_types" : {"sofa" : "_ref",  "parent" : "_ref",  "lemma" : "_ref",  "stem" : "_ref",  "pos" : "_ref",  "morph" : "_ref",  "form" : "_ref" } }, 
      "DocumentAnnotation" : {
        "_feature_types" : {"sofa" : "_ref" }, 
        "_subtypes" : ["DocumentMetaData" ] }, 
      "Annotation" : {
        "_feature_types" : {"sofa" : "_ref" }, 
        "_subtypes" : ["DocumentAnnotation",  "Relation",  "Sentence",  "Span",  "TagsetDescription",  "Token" ] }, 
      "AnnotationBase" : {
        "_feature_types" : {"sofa" : "_ref" }, 
        "_subtypes" : ["Annotation" ] }, 
      "TOP" : {
        "_subtypes" : ["AnnotationBase",  "Sofa" ] } } }, 
  "_views" : {
    "_InitialView" : {
      "Relation" : [
        {"sofa" : 1,  "begin" : 619,  "end" : 630,  "Dependent" : 11669,  "Governor" : 11691 }, 
        {"sofa" : 1,  "begin" : 619,  "end" : 630,  "Dependent" : 11669,  "Governor" : 11708 }, 
        {"sofa" : 1,  "begin" : 619,  "end" : 630,  "Dependent" : 11669,  "Governor" : 11732 }, 
        {"sofa" : 1,  "begin" : 619,  "end" : 630,  "Dependent" : 11669,  "Governor" : 11744 }, 
        {"sofa" : 1,  "begin" : 619,  "end" : 630,  "Dependent" : 11669,  "Governor" : 11756 }, 
        {"sofa" : 1,  "begin" : 619,  "end" : 630,  "Dependent" : 11669,  "Governor" : 11768 }, 
        {"sofa" : 1,  "begin" : 920,  "end" : 925,  "Dependent" : 11785,  "Governor" : 11780 }, 
        {"sofa" : 1,  "begin" : 920,  "end" : 925,  "Dependent" : 11785,  "Governor" : 11802 }, 
        {"sofa" : 1,  "begin" : 920,  "end" : 925,  "Dependent" : 11785,  "Governor" : 11814 }, 
        {"sofa" : 1,  "begin" : 920,  "end" : 925,  "Dependent" : 11785,  "Governor" : 11797 }, 
        {"sofa" : 1,  "begin" : 1067,  "end" : 1076,  "Dependent" : 11826,  "Governor" : 11831 }, 
        {"sofa" : 1,  "begin" : 1067,  "end" : 1076,  "Dependent" : 11826,  "Governor" : 11843 }, 
        {"sofa" : 1,  "begin" : 1067,  "end" : 1076,  "Dependent" : 11826,  "Governor" : 11860 }, 
        {"sofa" : 1,  "begin" : 2059,  "end" : 2063,  "Dependent" : 11882,  "Governor" : 11872 }, 
        {"sofa" : 1,  "begin" : 2059,  "end" : 2063,  "Dependent" : 11882,  "Governor" : 11877 }, 
        {"sofa" : 1,  "begin" : 2059,  "end" : 2063,  "Dependent" : 11882,  "Governor" : 11901 }, 
        {"sofa" : 1,  "begin" : 2576,  "end" : 2587,  "Dependent" : 11913,  "Governor" : 11918 }, 
        {"sofa" : 1,  "begin" : 3810,  "end" : 3821,  "Dependent" : 11930,  "Governor" : 11935 }, 
        {"sofa" : 1,  "begin" : 4196,  "end" : 4207,  "Dependent" : 11947,  "Governor" : 11952 }, 
        {"sofa" : 1,  "begin" : 4196,  "end" : 4207,  "Dependent" : 11947,  "Governor" : 11969 }, 
        {"sofa" : 1,  "begin" : 4269,  "end" : 4273,  "Dependent" : 11986,  "Governor" : 11969,  "label" : "Anaphoric" }, 
        {"sofa" : 1,  "begin" : 4300,  "end" : 4308,  "Dependent" : 11998,  "Governor" : 12003 }, 
        {"sofa" : 1,  "begin" : 4300,  "end" : 4308,  "Dependent" : 11998,  "Governor" : 11981 }, 
        {"sofa" : 1,  "begin" : 4400,  "end" : 4405,  "Dependent" : 12022,  "Governor" : 12054 } ], 
      "Span" : [11768,  11732,  11708,  11669,  11744,  11756,  11691,  11797,  11802,  11814,  11780,  11785,  11843,  11826,  11831,  11860,  11872,  11882,  11877,  11901,  11918,  11913,  11930,  11935,  11969,  11947,  11952,  11981,  11986,  12003,  11998,  12054,  12022 ], 
      "DocumentMetaData" : [
        {"sofa" : 1,  "end" : 4751,  "language" : "x-unspecified",  "documentTitle" : "017E%20Henry%20Austin%201857%20Report%20on%20the%20meanings%20of%20deodorizing%20and%20utilizing%20the%20sewage%20of%20towns__112_PUB.txt",  "documentId" : "teresa",  "documentUri" : "file:/home/dhuser/alessio/inception/repository/project/29/document/7261/source/teresa",  "collectionId" : "file:/home/dhuser/alessio/inception/repository/project/29/document/7261/source/",  "documentBaseUri" : "file:/home/dhuser/alessio/inception/repository/project/29/document/7261/source/",  "isLastSegment" : false } ], 
      "TagsetDescription" : [
        {"sofa" : 1,  "layer" : "webanno.custom.Emotions",  "name" : "Emotion Labels",  "input" : false }, 
        {"sofa" : 1,  "layer" : "custom.Relation",  "name" : "Relation labels",  "input" : false }, 
        {"sofa" : 1,  "layer" : "custom.Span",  "name" : "Smell labels",  "input" : false } ], 
      "Sentence" : [
        {"sofa" : 1,  "end" : 252 }, 
        {"sofa" : 1,  "begin" : 253,  "end" : 414 }, 
        {"sofa" : 1,  "begin" : 419,  "end" : 422 }, 
        {"sofa" : 1,  "begin" : 423,  "end" : 690 }, 
        {"sofa" : 1,  "begin" : 691,  "end" : 841 }, 
        {"sofa" : 1,  "begin" : 844,  "end" : 1010 }, 
        {"sofa" : 1,  "begin" : 1015,  "end" : 1230 }, 
        {"sofa" : 1,  "begin" : 1231,  "end" : 1446 }, 
        {"sofa" : 1,  "begin" : 1451,  "end" : 1773 }, 
        {"sofa" : 1,  "begin" : 1778,  "end" : 1987 }, 
        {"sofa" : 1,  "begin" : 1992,  "end" : 2171 }, 
        {"sofa" : 1,  "begin" : 2172,  "end" : 2368 }, 
        {"sofa" : 1,  "begin" : 2373,  "end" : 2650 }, 
        {"sofa" : 1,  "begin" : 2651,  "end" : 2711 }, 
        {"sofa" : 1,  "begin" : 2712,  "end" : 2861 }, 
        {"sofa" : 1,  "begin" : 2866,  "end" : 3086 }, 
        {"sofa" : 1,  "begin" : 3087,  "end" : 3153 }, 
        {"sofa" : 1,  "begin" : 3158,  "end" : 3393 }, 
        {"sofa" : 1,  "begin" : 3398,  "end" : 3509 }, 
        {"sofa" : 1,  "begin" : 3514,  "end" : 3750 }, 
        {"sofa" : 1,  "begin" : 3755,  "end" : 3849 }, 
        {"sofa" : 1,  "begin" : 3850,  "end" : 4021 }, 
        {"sofa" : 1,  "begin" : 4022,  "end" : 4034 }, 
        {"sofa" : 1,  "begin" : 4035,  "end" : 4081 }, 
        {"sofa" : 1,  "begin" : 4082,  "end" : 4132 }, 
        {"sofa" : 1,  "begin" : 4141,  "end" : 4237 }, 
        {"sofa" : 1,  "begin" : 4240,  "end" : 4420 }, 
        {"sofa" : 1,  "begin" : 4421,  "end" : 4572 }, 
        {"sofa" : 1,  "begin" : 4573,  "end" : 4748 } ], 
      "Token" : [
        {"sofa" : 1,  "end" : 3 }, 
        {"sofa" : 1,  "begin" : 4,  "end" : 9 }, 
        {"sofa" : 1,  "begin" : 10,  "end" : 15 }, 
        {"sofa" : 1,  "begin" : 16,  "end" : 19 }, 
        {"sofa" : 1,  "begin" : 20,  "end" : 30 }, 
        {"sofa" : 1,  "begin" : 31,  "end" : 33 }, 
        {"sofa" : 1,  "begin" : 34,  "end" : 37 }, 
        {"sofa" : 1,  "begin" : 38,  "end" : 48 }, 
        {"sofa" : 1,  "begin" : 51,  "end" : 55 }, 
        {"sofa" : 1,  "begin" : 56,  "end" : 63 }, 
        {"sofa" : 1,  "begin" : 64,  "end" : 68 }, 
        {"sofa" : 1,  "begin" : 69,  "end" : 74 }, 
        {"sofa" : 1,  "begin" : 75,  "end" : 79 }, 
        {"sofa" : 1,  "begin" : 80,  "end" : 83 }, 
        {"sofa" : 1,  "begin" : 84,  "end" : 89 }, 
        {"sofa" : 1,  "begin" : 89,  "end" : 90 }, 
        {"sofa" : 1,  "begin" : 91,  "end" : 93 }, 
        {"sofa" : 1,  "begin" : 94,  "end" : 97 }, 
        {"sofa" : 1,  "begin" : 98,  "end" : 102 }, 
        {"sofa" : 1,  "begin" : 105,  "end" : 109 }, 
        {"sofa" : 1,  "begin" : 110,  "end" : 112 }, 
        {"sofa" : 1,  "begin" : 113,  "end" : 118 }, 
        {"sofa" : 1,  "begin" : 119,  "end" : 126 }, 
        {"sofa" : 1,  "begin" : 127,  "end" : 130 }, 
        {"sofa" : 1,  "begin" : 131,  "end" : 135 }, 
        {"sofa" : 1,  "begin" : 136,  "end" : 137 }, 
        {"sofa" : 1,  "begin" : 138,  "end" : 141 }, 
        {"sofa" : 1,  "begin" : 142,  "end" : 145 }, 
        {"sofa" : 1,  "begin" : 146,  "end" : 156 }, 
        {"sofa" : 1,  "begin" : 157,  "end" : 159 }, 
        {"sofa" : 1,  "begin" : 162,  "end" : 171 }, 
        {"sofa" : 1,  "begin" : 172,  "end" : 177 }, 
        {"sofa" : 1,  "begin" : 178,  "end" : 182 }, 
        {"sofa" : 1,  "begin" : 183,  "end" : 187 }, 
        {"sofa" : 1,  "begin" : 188,  "end" : 190 }, 
        {"sofa" : 1,  "begin" : 191,  "end" : 194 }, 
        {"sofa" : 1,  "begin" : 195,  "end" : 196 }, 
        {"sofa" : 1,  "begin" : 197,  "end" : 206 }, 
        {"sofa" : 1,  "begin" : 207,  "end" : 218 }, 
        {"sofa" : 1,  "begin" : 219,  "end" : 221 }, 
        {"sofa" : 1,  "begin" : 222,  "end" : 230 }, 
        {"sofa" : 1,  "begin" : 231,  "end" : 234 }, 
        {"sofa" : 1,  "begin" : 235,  "end" : 241 }, 
        {"sofa" : 1,  "begin" : 242,  "end" : 246 }, 
        {"sofa" : 1,  "begin" : 247,  "end" : 251 }, 
        {"sofa" : 1,  "begin" : 251,  "end" : 252 }, 
        {"sofa" : 1,  "begin" : 253,  "end" : 258 }, 
        {"sofa" : 1,  "begin" : 258,  "end" : 259 }, 
        {"sofa" : 1,  "begin" : 262,  "end" : 269 }, 
        {"sofa" : 1,  "begin" : 269,  "end" : 270 }, 
        {"sofa" : 1,  "begin" : 271,  "end" : 274 }, 
        {"sofa" : 1,  "begin" : 275,  "end" : 279 }, 
        {"sofa" : 1,  "begin" : 280,  "end" : 285 }, 
        {"sofa" : 1,  "begin" : 286,  "end" : 290 }, 
        {"sofa" : 1,  "begin" : 291,  "end" : 294 }, 
        {"sofa" : 1,  "begin" : 295,  "end" : 300 }, 
        {"sofa" : 1,  "begin" : 301,  "end" : 304 }, 
        {"sofa" : 1,  "begin" : 305,  "end" : 310 }, 
        {"sofa" : 1,  "begin" : 310,  "end" : 311 }, 
        {"sofa" : 1,  "begin" : 314,  "end" : 324 }, 
        {"sofa" : 1,  "begin" : 325,  "end" : 334 }, 
        {"sofa" : 1,  "begin" : 335,  "end" : 340 }, 
        {"sofa" : 1,  "begin" : 341,  "end" : 343 }, 
        {"sofa" : 1,  "begin" : 344,  "end" : 351 }, 
        {"sofa" : 1,  "begin" : 352,  "end" : 355 }, 
        {"sofa" : 1,  "begin" : 356,  "end" : 359 }, 
        {"sofa" : 1,  "begin" : 360,  "end" : 373 }, 
        {"sofa" : 1,  "begin" : 374,  "end" : 380 }, 
        {"sofa" : 1,  "begin" : 381,  "end" : 384 }, 
        {"sofa" : 1,  "begin" : 385,  "end" : 393 }, 
        {"sofa" : 1,  "begin" : 394,  "end" : 399 }, 
        {"sofa" : 1,  "begin" : 400,  "end" : 402 }, 
        {"sofa" : 1,  "begin" : 403,  "end" : 413 }, 
        {"sofa" : 1,  "begin" : 413,  "end" : 414 }, 
        {"sofa" : 1,  "begin" : 419,  "end" : 421 }, 
        {"sofa" : 1,  "begin" : 421,  "end" : 422 }, 
        {"sofa" : 1,  "begin" : 423,  "end" : 428 }, 
        {"sofa" : 1,  "begin" : 428,  "end" : 429 }, 
        {"sofa" : 1,  "begin" : 430,  "end" : 433 }, 
        {"sofa" : 1,  "begin" : 434,  "end" : 439 }, 
        {"sofa" : 1,  "begin" : 440,  "end" : 448 }, 
        {"sofa" : 1,  "begin" : 449,  "end" : 451 }, 
        {"sofa" : 1,  "begin" : 452,  "end" : 455 }, 
        {"sofa" : 1,  "begin" : 455,  "end" : 456 }, 
        {"sofa" : 1,  "begin" : 457,  "end" : 463 }, 
        {"sofa" : 1,  "begin" : 463,  "end" : 464 }, 
        {"sofa" : 1,  "begin" : 465,  "end" : 467 }, 
        {"sofa" : 1,  "begin" : 470,  "end" : 475 }, 
        {"sofa" : 1,  "begin" : 476,  "end" : 478 }, 
        {"sofa" : 1,  "begin" : 479,  "end" : 483 }, 
        {"sofa" : 1,  "begin" : 483,  "end" : 484 }, 
        {"sofa" : 1,  "begin" : 485,  "end" : 489 }, 
        {"sofa" : 1,  "begin" : 490,  "end" : 494 }, 
        {"sofa" : 1,  "begin" : 495,  "end" : 505 }, 
        {"sofa" : 1,  "begin" : 506,  "end" : 517 }, 
        {"sofa" : 1,  "begin" : 518,  "end" : 520 }, 
        {"sofa" : 1,  "begin" : 523,  "end" : 531 }, 
        {"sofa" : 1,  "begin" : 532,  "end" : 535 }, 
        {"sofa" : 1,  "begin" : 536,  "end" : 541 }, 
        {"sofa" : 1,  "begin" : 542,  "end" : 546 }, 
        {"sofa" : 1,  "begin" : 547,  "end" : 551 }, 
        {"sofa" : 1,  "begin" : 551,  "end" : 552 }, 
        {"sofa" : 1,  "begin" : 553,  "end" : 556 }, 
        {"sofa" : 1,  "begin" : 557,  "end" : 564 }, 
        {"sofa" : 1,  "begin" : 565,  "end" : 573 }, 
        {"sofa" : 1,  "begin" : 576,  "end" : 578 }, 
        {"sofa" : 1,  "begin" : 579,  "end" : 584 }, 
        {"sofa" : 1,  "begin" : 585,  "end" : 587 }, 
        {"sofa" : 1,  "begin" : 587,  "end" : 588 }, 
        {"sofa" : 1,  "begin" : 589,  "end" : 591 }, 
        {"sofa" : 1,  "begin" : 592,  "end" : 603 }, 
        {"sofa" : 1,  "begin" : 604,  "end" : 608 }, 
        {"sofa" : 1,  "begin" : 609,  "end" : 613 }, 
        {"sofa" : 1,  "begin" : 613,  "end" : 614 }, 
        {"sofa" : 1,  "begin" : 615,  "end" : 618 }, 
        {"sofa" : 1,  "begin" : 619,  "end" : 630 }, 
        {"sofa" : 1,  "begin" : 633,  "end" : 636 }, 
        {"sofa" : 1,  "begin" : 637,  "end" : 643 }, 
        {"sofa" : 1,  "begin" : 643,  "end" : 644 }, 
        {"sofa" : 1,  "begin" : 645,  "end" : 647 }, 
        {"sofa" : 1,  "begin" : 648,  "end" : 658 }, 
        {"sofa" : 1,  "begin" : 659,  "end" : 661 }, 
        {"sofa" : 1,  "begin" : 662,  "end" : 665 }, 
        {"sofa" : 1,  "begin" : 666,  "end" : 674 }, 
        {"sofa" : 1,  "begin" : 675,  "end" : 680 }, 
        {"sofa" : 1,  "begin" : 681,  "end" : 683 }, 
        {"sofa" : 1,  "begin" : 686,  "end" : 689 }, 
        {"sofa" : 1,  "begin" : 689,  "end" : 690 }, 
        {"sofa" : 1,  "begin" : 691,  "end" : 697 }, 
        {"sofa" : 1,  "begin" : 698,  "end" : 703 }, 
        {"sofa" : 1,  "begin" : 704,  "end" : 708 }, 
        {"sofa" : 1,  "begin" : 709,  "end" : 713 }, 
        {"sofa" : 1,  "begin" : 714,  "end" : 721 }, 
        {"sofa" : 1,  "begin" : 722,  "end" : 724 }, 
        {"sofa" : 1,  "begin" : 725,  "end" : 728 }, 
        {"sofa" : 1,  "begin" : 729,  "end" : 736 }, 
        {"sofa" : 1,  "begin" : 739,  "end" : 741 }, 
        {"sofa" : 1,  "begin" : 742,  "end" : 747 }, 
        {"sofa" : 1,  "begin" : 748,  "end" : 751 }, 
        {"sofa" : 1,  "begin" : 752,  "end" : 762 }, 
        {"sofa" : 1,  "begin" : 763,  "end" : 766 }, 
        {"sofa" : 1,  "begin" : 767,  "end" : 771 }, 
        {"sofa" : 1,  "begin" : 772,  "end" : 774 }, 
        {"sofa" : 1,  "begin" : 775,  "end" : 784 }, 
        {"sofa" : 1,  "begin" : 785,  "end" : 788 }, 
        {"sofa" : 1,  "begin" : 791,  "end" : 795 }, 
        {"sofa" : 1,  "begin" : 796,  "end" : 800 }, 
        {"sofa" : 1,  "begin" : 800,  "end" : 801 }, 
        {"sofa" : 1,  "begin" : 802,  "end" : 805 }, 
        {"sofa" : 1,  "begin" : 806,  "end" : 808 }, 
        {"sofa" : 1,  "begin" : 809,  "end" : 811 }, 
        {"sofa" : 1,  "begin" : 812,  "end" : 818 }, 
        {"sofa" : 1,  "begin" : 819,  "end" : 823 }, 
        {"sofa" : 1,  "begin" : 824,  "end" : 832 }, 
        {"sofa" : 1,  "begin" : 833,  "end" : 840 }, 
        {"sofa" : 1,  "begin" : 840,  "end" : 841 }, 
        {"sofa" : 1,  "begin" : 844,  "end" : 846 }, 
        {"sofa" : 1,  "begin" : 847,  "end" : 850 }, 
        {"sofa" : 1,  "begin" : 851,  "end" : 855 }, 
        {"sofa" : 1,  "begin" : 856,  "end" : 858 }, 
        {"sofa" : 1,  "begin" : 859,  "end" : 861 }, 
        {"sofa" : 1,  "begin" : 862,  "end" : 867 }, 
        {"sofa" : 1,  "begin" : 868,  "end" : 871 }, 
        {"sofa" : 1,  "begin" : 872,  "end" : 877 }, 
        {"sofa" : 1,  "begin" : 878,  "end" : 881 }, 
        {"sofa" : 1,  "begin" : 882,  "end" : 891 }, 
        {"sofa" : 1,  "begin" : 892,  "end" : 897 }, 
        {"sofa" : 1,  "begin" : 900,  "end" : 904 }, 
        {"sofa" : 1,  "begin" : 905,  "end" : 909 }, 
        {"sofa" : 1,  "begin" : 910,  "end" : 919 }, 
        {"sofa" : 1,  "begin" : 920,  "end" : 925 }, 
        {"sofa" : 1,  "begin" : 926,  "end" : 927 }, 
        {"sofa" : 1,  "begin" : 928,  "end" : 931 }, 
        {"sofa" : 1,  "begin" : 932,  "end" : 935 }, 
        {"sofa" : 1,  "begin" : 936,  "end" : 946 }, 
        {"sofa" : 1,  "begin" : 947,  "end" : 951 }, 
        {"sofa" : 1,  "begin" : 952,  "end" : 955 }, 
        {"sofa" : 1,  "begin" : 958,  "end" : 961 }, 
        {"sofa" : 1,  "begin" : 962,  "end" : 965 }, 
        {"sofa" : 1,  "begin" : 966,  "end" : 970 }, 
        {"sofa" : 1,  "begin" : 971,  "end" : 977 }, 
        {"sofa" : 1,  "begin" : 978,  "end" : 980 }, 
        {"sofa" : 1,  "begin" : 981,  "end" : 984 }, 
        {"sofa" : 1,  "begin" : 985,  "end" : 988 }, 
        {"sofa" : 1,  "begin" : 989,  "end" : 995 }, 
        {"sofa" : 1,  "begin" : 996,  "end" : 998 }, 
        {"sofa" : 1,  "begin" : 999,  "end" : 1002 }, 
        {"sofa" : 1,  "begin" : 1003,  "end" : 1009 }, 
        {"sofa" : 1,  "begin" : 1009,  "end" : 1010 }, 
        {"sofa" : 1,  "begin" : 1015,  "end" : 1017 }, 
        {"sofa" : 1,  "begin" : 1018,  "end" : 1020 }, 
        {"sofa" : 1,  "begin" : 1021,  "end" : 1026 }, 
        {"sofa" : 1,  "begin" : 1027,  "end" : 1031 }, 
        {"sofa" : 1,  "begin" : 1032,  "end" : 1035 }, 
        {"sofa" : 1,  "begin" : 1036,  "end" : 1039 }, 
        {"sofa" : 1,  "begin" : 1040,  "end" : 1042 }, 
        {"sofa" : 1,  "begin" : 1043,  "end" : 1047 }, 
        {"sofa" : 1,  "begin" : 1048,  "end" : 1050 }, 
        {"sofa" : 1,  "begin" : 1051,  "end" : 1061 }, 
        {"sofa" : 1,  "begin" : 1062,  "end" : 1064 }, 
        {"sofa" : 1,  "begin" : 1067,  "end" : 1076 }, 
        {"sofa" : 1,  "begin" : 1077,  "end" : 1080 }, 
        {"sofa" : 1,  "begin" : 1081,  "end" : 1085 }, 
        {"sofa" : 1,  "begin" : 1086,  "end" : 1088 }, 
        {"sofa" : 1,  "begin" : 1089,  "end" : 1095 }, 
        {"sofa" : 1,  "begin" : 1096,  "end" : 1098 }, 
        {"sofa" : 1,  "begin" : 1099,  "end" : 1101 }, 
        {"sofa" : 1,  "begin" : 1102,  "end" : 1109 }, 
        {"sofa" : 1,  "begin" : 1110,  "end" : 1120 }, 
        {"sofa" : 1,  "begin" : 1121,  "end" : 1123 }, 
        {"sofa" : 1,  "begin" : 1124,  "end" : 1127 }, 
        {"sofa" : 1,  "begin" : 1128,  "end" : 1129 }, 
        {"sofa" : 1,  "begin" : 1130,  "end" : 1133 }, 
        {"sofa" : 1,  "begin" : 1133,  "end" : 1134 }, 
        {"sofa" : 1,  "begin" : 1135,  "end" : 1137 }, 
        {"sofa" : 1,  "begin" : 1138,  "end" : 1142 }, 
        {"sofa" : 1,  "begin" : 1143,  "end" : 1144 }, 
        {"sofa" : 1,  "begin" : 1145,  "end" : 1152 }, 
        {"sofa" : 1,  "begin" : 1153,  "end" : 1155 }, 
        {"sofa" : 1,  "begin" : 1156,  "end" : 1159 }, 
        {"sofa" : 1,  "begin" : 1160,  "end" : 1166 }, 
        {"sofa" : 1,  "begin" : 1169,  "end" : 1173 }, 
        {"sofa" : 1,  "begin" : 1174,  "end" : 1186 }, 
        {"sofa" : 1,  "begin" : 1187,  "end" : 1189 }, 
        {"sofa" : 1,  "begin" : 1190,  "end" : 1193 }, 
        {"sofa" : 1,  "begin" : 1193,  "end" : 1194 }, 
        {"sofa" : 1,  "begin" : 1195,  "end" : 1198 }, 
        {"sofa" : 1,  "begin" : 1199,  "end" : 1205 }, 
        {"sofa" : 1,  "begin" : 1206,  "end" : 1208 }, 
        {"sofa" : 1,  "begin" : 1209,  "end" : 1222 }, 
        {"sofa" : 1,  "begin" : 1225,  "end" : 1229 }, 
        {"sofa" : 1,  "begin" : 1229,  "end" : 1230 }, 
        {"sofa" : 1,  "begin" : 1231,  "end" : 1233 }, 
        {"sofa" : 1,  "begin" : 1234,  "end" : 1236 }, 
        {"sofa" : 1,  "begin" : 1237,  "end" : 1245 }, 
        {"sofa" : 1,  "begin" : 1246,  "end" : 1250 }, 
        {"sofa" : 1,  "begin" : 1251,  "end" : 1256 }, 
        {"sofa" : 1,  "begin" : 1257,  "end" : 1262 }, 
        {"sofa" : 1,  "begin" : 1263,  "end" : 1267 }, 
        {"sofa" : 1,  "begin" : 1268,  "end" : 1270 }, 
        {"sofa" : 1,  "begin" : 1271,  "end" : 1274 }, 
        {"sofa" : 1,  "begin" : 1277,  "end" : 1283 }, 
        {"sofa" : 1,  "begin" : 1284,  "end" : 1286 }, 
        {"sofa" : 1,  "begin" : 1287,  "end" : 1290 }, 
        {"sofa" : 1,  "begin" : 1291,  "end" : 1298 }, 
        {"sofa" : 1,  "begin" : 1299,  "end" : 1303 }, 
        {"sofa" : 1,  "begin" : 1304,  "end" : 1306 }, 
        {"sofa" : 1,  "begin" : 1307,  "end" : 1316 }, 
        {"sofa" : 1,  "begin" : 1317,  "end" : 1321 }, 
        {"sofa" : 1,  "begin" : 1322,  "end" : 1325 }, 
        {"sofa" : 1,  "begin" : 1328,  "end" : 1334 }, 
        {"sofa" : 1,  "begin" : 1334,  "end" : 1335 }, 
        {"sofa" : 1,  "begin" : 1336,  "end" : 1340 }, 
        {"sofa" : 1,  "begin" : 1341,  "end" : 1343 }, 
        {"sofa" : 1,  "begin" : 1344,  "end" : 1346 }, 
        {"sofa" : 1,  "begin" : 1347,  "end" : 1355 }, 
        {"sofa" : 1,  "begin" : 1356,  "end" : 1360 }, 
        {"sofa" : 1,  "begin" : 1361,  "end" : 1366 }, 
        {"sofa" : 1,  "begin" : 1367,  "end" : 1373 }, 
        {"sofa" : 1,  "begin" : 1374,  "end" : 1377 }, 
        {"sofa" : 1,  "begin" : 1380,  "end" : 1386 }, 
        {"sofa" : 1,  "begin" : 1387,  "end" : 1389 }, 
        {"sofa" : 1,  "begin" : 1390,  "end" : 1394 }, 
        {"sofa" : 1,  "begin" : 1395,  "end" : 1399 }, 
        {"sofa" : 1,  "begin" : 1400,  "end" : 1402 }, 
        {"sofa" : 1,  "begin" : 1403,  "end" : 1411 }, 
        {"sofa" : 1,  "begin" : 1412,  "end" : 1415 }, 
        {"sofa" : 1,  "begin" : 1416,  "end" : 1419 }, 
        {"sofa" : 1,  "begin" : 1420,  "end" : 1424 }, 
        {"sofa" : 1,  "begin" : 1425,  "end" : 1433 }, 
        {"sofa" : 1,  "begin" : 1436,  "end" : 1438 }, 
        {"sofa" : 1,  "begin" : 1439,  "end" : 1445 }, 
        {"sofa" : 1,  "begin" : 1445,  "end" : 1446 }, 
        {"sofa" : 1,  "begin" : 1451,  "end" : 1453 }, 
        {"sofa" : 1,  "begin" : 1454,  "end" : 1457 }, 
        {"sofa" : 1,  "begin" : 1458,  "end" : 1464 }, 
        {"sofa" : 1,  "begin" : 1465,  "end" : 1475 }, 
        {"sofa" : 1,  "begin" : 1476,  "end" : 1480 }, 
        {"sofa" : 1,  "begin" : 1481,  "end" : 1484 }, 
        {"sofa" : 1,  "begin" : 1485,  "end" : 1491 }, 
        {"sofa" : 1,  "begin" : 1492,  "end" : 1496 }, 
        {"sofa" : 1,  "begin" : 1497,  "end" : 1498 }, 
        {"sofa" : 1,  "begin" : 1501,  "end" : 1502 }, 
        {"sofa" : 1,  "begin" : 1502,  "end" : 1509 }, 
        {"sofa" : 1,  "begin" : 1510,  "end" : 1512 }, 
        {"sofa" : 1,  "begin" : 1512,  "end" : 1513 }, 
        {"sofa" : 1,  "begin" : 1514,  "end" : 1515 }, 
        {"sofa" : 1,  "begin" : 1515,  "end" : 1516 }, 
        {"sofa" : 1,  "begin" : 1516,  "end" : 1517 }, 
        {"sofa" : 1,  "begin" : 1517,  "end" : 1518 }, 
        {"sofa" : 1,  "begin" : 1519,  "end" : 1520 }, 
        {"sofa" : 1,  "begin" : 1521,  "end" : 1527 }, 
        {"sofa" : 1,  "begin" : 1528,  "end" : 1530 }, 
        {"sofa" : 1,  "begin" : 1531,  "end" : 1535 }, 
        {"sofa" : 1,  "begin" : 1536,  "end" : 1541 }, 
        {"sofa" : 1,  "begin" : 1542,  "end" : 1547 }, 
        {"sofa" : 1,  "begin" : 1548,  "end" : 1552 }, 
        {"sofa" : 1,  "begin" : 1553,  "end" : 1554 }, 
        {"sofa" : 1,  "begin" : 1557,  "end" : 1564 }, 
        {"sofa" : 1,  "begin" : 1565,  "end" : 1566 }, 
        {"sofa" : 1,  "begin" : 1567,  "end" : 1572 }, 
        {"sofa" : 1,  "begin" : 1572,  "end" : 1573 }, 
        {"sofa" : 1,  "begin" : 1574,  "end" : 1577 }, 
        {"sofa" : 1,  "begin" : 1578,  "end" : 1584 }, 
        {"sofa" : 1,  "begin" : 1585,  "end" : 1589 }, 
        {"sofa" : 1,  "begin" : 1590,  "end" : 1593 }, 
        {"sofa" : 1,  "begin" : 1594,  "end" : 1600 }, 
        {"sofa" : 1,  "begin" : 1601,  "end" : 1612 }, 
        {"sofa" : 1,  "begin" : 1613,  "end" : 1617 }, 
        {"sofa" : 1,  "begin" : 1618,  "end" : 1621 }, 
        {"sofa" : 1,  "begin" : 1622,  "end" : 1624 }, 
        {"sofa" : 1,  "begin" : 1625,  "end" : 1628 }, 
        {"sofa" : 1,  "begin" : 1629,  "end" : 1639 }, 
        {"sofa" : 1,  "begin" : 1640,  "end" : 1641 }, 
        {"sofa" : 1,  "begin" : 1642,  "end" : 1647 }, 
        {"sofa" : 1,  "begin" : 1647,  "end" : 1648 }, 
        {"sofa" : 1,  "begin" : 1649,  "end" : 1655 }, 
        {"sofa" : 1,  "begin" : 1656,  "end" : 1659 }, 
        {"sofa" : 1,  "begin" : 1662,  "end" : 1667 }, 
        {"sofa" : 1,  "begin" : 1668,  "end" : 1675 }, 
        {"sofa" : 1,  "begin" : 1676,  "end" : 1683 }, 
        {"sofa" : 1,  "begin" : 1684,  "end" : 1691 }, 
        {"sofa" : 1,  "begin" : 1692,  "end" : 1693 }, 
        {"sofa" : 1,  "begin" : 1694,  "end" : 1699 }, 
        {"sofa" : 1,  "begin" : 1700,  "end" : 1702 }, 
        {"sofa" : 1,  "begin" : 1703,  "end" : 1711 }, 
        {"sofa" : 1,  "begin" : 1712,  "end" : 1715 }, 
        {"sofa" : 1,  "begin" : 1718,  "end" : 1722 }, 
        {"sofa" : 1,  "begin" : 1722,  "end" : 1723 }, 
        {"sofa" : 1,  "begin" : 1724,  "end" : 1727 }, 
        {"sofa" : 1,  "begin" : 1728,  "end" : 1738 }, 
        {"sofa" : 1,  "begin" : 1739,  "end" : 1741 }, 
        {"sofa" : 1,  "begin" : 1742,  "end" : 1745 }, 
        {"sofa" : 1,  "begin" : 1746,  "end" : 1753 }, 
        {"sofa" : 1,  "begin" : 1754,  "end" : 1759 }, 
        {"sofa" : 1,  "begin" : 1760,  "end" : 1762 }, 
        {"sofa" : 1,  "begin" : 1763,  "end" : 1766 }, 
        {"sofa" : 1,  "begin" : 1767,  "end" : 1772 }, 
        {"sofa" : 1,  "begin" : 1772,  "end" : 1773 }, 
        {"sofa" : 1,  "begin" : 1778,  "end" : 1780 }, 
        {"sofa" : 1,  "begin" : 1781,  "end" : 1783 }, 
        {"sofa" : 1,  "begin" : 1784,  "end" : 1792 }, 
        {"sofa" : 1,  "begin" : 1793,  "end" : 1795 }, 
        {"sofa" : 1,  "begin" : 1796,  "end" : 1800 }, 
        {"sofa" : 1,  "begin" : 1801,  "end" : 1804 }, 
        {"sofa" : 1,  "begin" : 1805,  "end" : 1810 }, 
        {"sofa" : 1,  "begin" : 1811,  "end" : 1817 }, 
        {"sofa" : 1,  "begin" : 1818,  "end" : 1823 }, 
        {"sofa" : 1,  "begin" : 1824,  "end" : 1828 }, 
        {"sofa" : 1,  "begin" : 1831,  "end" : 1834 }, 
        {"sofa" : 1,  "begin" : 1835,  "end" : 1843 }, 
        {"sofa" : 1,  "begin" : 1844,  "end" : 1851 }, 
        {"sofa" : 1,  "begin" : 1852,  "end" : 1853 }, 
        {"sofa" : 1,  "begin" : 1853,  "end" : 1854 }, 
        {"sofa" : 1,  "begin" : 1855,  "end" : 1858 }, 
        {"sofa" : 1,  "begin" : 1859,  "end" : 1861 }, 
        {"sofa" : 1,  "begin" : 1862,  "end" : 1865 }, 
        {"sofa" : 1,  "begin" : 1866,  "end" : 1868 }, 
        {"sofa" : 1,  "begin" : 1869,  "end" : 1873 }, 
        {"sofa" : 1,  "begin" : 1874,  "end" : 1877 }, 
        {"sofa" : 1,  "begin" : 1878,  "end" : 1882 }, 
        {"sofa" : 1,  "begin" : 1885,  "end" : 1891 }, 
        {"sofa" : 1,  "begin" : 1892,  "end" : 1895 }, 
        {"sofa" : 1,  "begin" : 1896,  "end" : 1900 }, 
        {"sofa" : 1,  "begin" : 1901,  "end" : 1909 }, 
        {"sofa" : 1,  "begin" : 1909,  "end" : 1910 }, 
        {"sofa" : 1,  "begin" : 1911,  "end" : 1913 }, 
        {"sofa" : 1,  "begin" : 1914,  "end" : 1918 }, 
        {"sofa" : 1,  "begin" : 1919,  "end" : 1923 }, 
        {"sofa" : 1,  "begin" : 1924,  "end" : 1927 }, 
        {"sofa" : 1,  "begin" : 1928,  "end" : 1933 }, 
        {"sofa" : 1,  "begin" : 1933,  "end" : 1934 }, 
        {"sofa" : 1,  "begin" : 1937,  "end" : 1941 }, 
        {"sofa" : 1,  "begin" : 1942,  "end" : 1944 }, 
        {"sofa" : 1,  "begin" : 1945,  "end" : 1949 }, 
        {"sofa" : 1,  "begin" : 1950,  "end" : 1952 }, 
        {"sofa" : 1,  "begin" : 1953,  "end" : 1956 }, 
        {"sofa" : 1,  "begin" : 1957,  "end" : 1960 }, 
        {"sofa" : 1,  "begin" : 1961,  "end" : 1968 }, 
        {"sofa" : 1,  "begin" : 1969,  "end" : 1972 }, 
        {"sofa" : 1,  "begin" : 1973,  "end" : 1976 }, 
        {"sofa" : 1,  "begin" : 1977,  "end" : 1979 }, 
        {"sofa" : 1,  "begin" : 1980,  "end" : 1986 }, 
        {"sofa" : 1,  "begin" : 1986,  "end" : 1987 }, 
        {"sofa" : 1,  "begin" : 1992,  "end" : 1995 }, 
        {"sofa" : 1,  "begin" : 1996,  "end" : 2003 }, 
        {"sofa" : 1,  "begin" : 2004,  "end" : 2005 }, 
        {"sofa" : 1,  "begin" : 2006,  "end" : 2011 }, 
        {"sofa" : 1,  "begin" : 2012,  "end" : 2014 }, 
        {"sofa" : 1,  "begin" : 2015,  "end" : 2018 }, 
        {"sofa" : 1,  "begin" : 2019,  "end" : 2026 }, 
        {"sofa" : 1,  "begin" : 2027,  "end" : 2029 }, 
        {"sofa" : 1,  "begin" : 2030,  "end" : 2038 }, 
        {"sofa" : 1,  "begin" : 2039,  "end" : 2042 }, 
        {"sofa" : 1,  "begin" : 2045,  "end" : 2054 }, 
        {"sofa" : 1,  "begin" : 2055,  "end" : 2058 }, 
        {"sofa" : 1,  "begin" : 2059,  "end" : 2063 }, 
        {"sofa" : 1,  "begin" : 2064,  "end" : 2069 }, 
        {"sofa" : 1,  "begin" : 2070,  "end" : 2074 }, 
        {"sofa" : 1,  "begin" : 2075,  "end" : 2078 }, 
        {"sofa" : 1,  "begin" : 2079,  "end" : 2085 }, 
        {"sofa" : 1,  "begin" : 2085,  "end" : 2086 }, 
        {"sofa" : 1,  "begin" : 2087,  "end" : 2090 }, 
        {"sofa" : 1,  "begin" : 2091,  "end" : 2094 }, 
        {"sofa" : 1,  "begin" : 2097,  "end" : 2104 }, 
        {"sofa" : 1,  "begin" : 2105,  "end" : 2107 }, 
        {"sofa" : 1,  "begin" : 2108,  "end" : 2112 }, 
        {"sofa" : 1,  "begin" : 2113,  "end" : 2116 }, 
        {"sofa" : 1,  "begin" : 2117,  "end" : 2123 }, 
        {"sofa" : 1,  "begin" : 2124,  "end" : 2128 }, 
        {"sofa" : 1,  "begin" : 2129,  "end" : 2132 }, 
        {"sofa" : 1,  "begin" : 2133,  "end" : 2137 }, 
        {"sofa" : 1,  "begin" : 2138,  "end" : 2141 }, 
        {"sofa" : 1,  "begin" : 2142,  "end" : 2148 }, 
        {"sofa" : 1,  "begin" : 2151,  "end" : 2155 }, 
        {"sofa" : 1,  "begin" : 2156,  "end" : 2159 }, 
        {"sofa" : 1,  "begin" : 2160,  "end" : 2163 }, 
        {"sofa" : 1,  "begin" : 2164,  "end" : 2170 }, 
        {"sofa" : 1,  "begin" : 2170,  "end" : 2171 }, 
        {"sofa" : 1,  "begin" : 2172,  "end" : 2176 }, 
        {"sofa" : 1,  "begin" : 2177,  "end" : 2180 }, 
        {"sofa" : 1,  "begin" : 2181,  "end" : 2189 }, 
        {"sofa" : 1,  "begin" : 2190,  "end" : 2195 }, 
        {"sofa" : 1,  "begin" : 2198,  "end" : 2202 }, 
        {"sofa" : 1,  "begin" : 2203,  "end" : 2205 }, 
        {"sofa" : 1,  "begin" : 2206,  "end" : 2214 }, 
        {"sofa" : 1,  "begin" : 2215,  "end" : 2217 }, 
        {"sofa" : 1,  "begin" : 2218,  "end" : 2220 }, 
        {"sofa" : 1,  "begin" : 2221,  "end" : 2229 }, 
        {"sofa" : 1,  "begin" : 2230,  "end" : 2232 }, 
        {"sofa" : 1,  "begin" : 2233,  "end" : 2236 }, 
        {"sofa" : 1,  "begin" : 2237,  "end" : 2238 }, 
        {"sofa" : 1,  "begin" : 2239,  "end" : 2245 }, 
        {"sofa" : 1,  "begin" : 2246,  "end" : 2248 }, 
        {"sofa" : 1,  "begin" : 2251,  "end" : 2255 }, 
        {"sofa" : 1,  "begin" : 2256,  "end" : 2261 }, 
        {"sofa" : 1,  "begin" : 2261,  "end" : 2262 }, 
        {"sofa" : 1,  "begin" : 2263,  "end" : 2267 }, 
        {"sofa" : 1,  "begin" : 2268,  "end" : 2273 }, 
        {"sofa" : 1,  "begin" : 2274,  "end" : 2281 }, 
        {"sofa" : 1,  "begin" : 2282,  "end" : 2284 }, 
        {"sofa" : 1,  "begin" : 2285,  "end" : 2293 }, 
        {"sofa" : 1,  "begin" : 2294,  "end" : 2297 }, 
        {"sofa" : 1,  "begin" : 2298,  "end" : 2302 }, 
        {"sofa" : 1,  "begin" : 2302,  "end" : 2303 }, 
        {"sofa" : 1,  "begin" : 2306,  "end" : 2313 }, 
        {"sofa" : 1,  "begin" : 2314,  "end" : 2319 }, 
        {"sofa" : 1,  "begin" : 2320,  "end" : 2323 }, 
        {"sofa" : 1,  "begin" : 2324,  "end" : 2332 }, 
        {"sofa" : 1,  "begin" : 2333,  "end" : 2338 }, 
        {"sofa" : 1,  "begin" : 2339,  "end" : 2343 }, 
        {"sofa" : 1,  "begin" : 2344,  "end" : 2348 }, 
        {"sofa" : 1,  "begin" : 2349,  "end" : 2355 }, 
        {"sofa" : 1,  "begin" : 2358,  "end" : 2367 }, 
        {"sofa" : 1,  "begin" : 2367,  "end" : 2368 }, 
        {"sofa" : 1,  "begin" : 2373,  "end" : 2375 }, 
        {"sofa" : 1,  "begin" : 2376,  "end" : 2383 }, 
        {"sofa" : 1,  "begin" : 2384,  "end" : 2387 }, 
        {"sofa" : 1,  "begin" : 2388,  "end" : 2392 }, 
        {"sofa" : 1,  "begin" : 2393,  "end" : 2397 }, 
        {"sofa" : 1,  "begin" : 2398,  "end" : 2401 }, 
        {"sofa" : 1,  "begin" : 2402,  "end" : 2406 }, 
        {"sofa" : 1,  "begin" : 2407,  "end" : 2411 }, 
        {"sofa" : 1,  "begin" : 2412,  "end" : 2414 }, 
        {"sofa" : 1,  "begin" : 2415,  "end" : 2422 }, 
        {"sofa" : 1,  "begin" : 2425,  "end" : 2427 }, 
        {"sofa" : 1,  "begin" : 2428,  "end" : 2437 }, 
        {"sofa" : 1,  "begin" : 2438,  "end" : 2441 }, 
        {"sofa" : 1,  "begin" : 2442,  "end" : 2447 }, 
        {"sofa" : 1,  "begin" : 2448,  "end" : 2454 }, 
        {"sofa" : 1,  "begin" : 2455,  "end" : 2457 }, 
        {"sofa" : 1,  "begin" : 2458,  "end" : 2461 }, 
        {"sofa" : 1,  "begin" : 2462,  "end" : 2468 }, 
        {"sofa" : 1,  "begin" : 2469,  "end" : 2471 }, 
        {"sofa" : 1,  "begin" : 2472,  "end" : 2473 }, 
        {"sofa" : 1,  "begin" : 2474,  "end" : 2480 }, 
        {"sofa" : 1,  "begin" : 2483,  "end" : 2485 }, 
        {"sofa" : 1,  "begin" : 2486,  "end" : 2496 }, 
        {"sofa" : 1,  "begin" : 2497,  "end" : 2500 }, 
        {"sofa" : 1,  "begin" : 2501,  "end" : 2505 }, 
        {"sofa" : 1,  "begin" : 2506,  "end" : 2510 }, 
        {"sofa" : 1,  "begin" : 2511,  "end" : 2513 }, 
        {"sofa" : 1,  "begin" : 2514,  "end" : 2517 }, 
        {"sofa" : 1,  "begin" : 2518,  "end" : 2525 }, 
        {"sofa" : 1,  "begin" : 2526,  "end" : 2528 }, 
        {"sofa" : 1,  "begin" : 2529,  "end" : 2532 }, 
        {"sofa" : 1,  "begin" : 2533,  "end" : 2536 }, 
        {"sofa" : 1,  "begin" : 2539,  "end" : 2547 }, 
        {"sofa" : 1,  "begin" : 2548,  "end" : 2553 }, 
        {"sofa" : 1,  "begin" : 2553,  "end" : 2554 }, 
        {"sofa" : 1,  "begin" : 2555,  "end" : 2562 }, 
        {"sofa" : 1,  "begin" : 2563,  "end" : 2566 }, 
        {"sofa" : 1,  "begin" : 2567,  "end" : 2572 }, 
        {"sofa" : 1,  "begin" : 2573,  "end" : 2575 }, 
        {"sofa" : 1,  "begin" : 2576,  "end" : 2587 }, 
        {"sofa" : 1,  "begin" : 2587,  "end" : 2588 }, 
        {"sofa" : 1,  "begin" : 2591,  "end" : 2593 }, 
        {"sofa" : 1,  "begin" : 2594,  "end" : 2606 }, 
        {"sofa" : 1,  "begin" : 2607,  "end" : 2610 }, 
        {"sofa" : 1,  "begin" : 2611,  "end" : 2624 }, 
        {"sofa" : 1,  "begin" : 2624,  "end" : 2625 }, 
        {"sofa" : 1,  "begin" : 2626,  "end" : 2635 }, 
        {"sofa" : 1,  "begin" : 2635,  "end" : 2636 }, 
        {"sofa" : 1,  "begin" : 2637,  "end" : 2639 }, 
        {"sofa" : 1,  "begin" : 2640,  "end" : 2649 }, 
        {"sofa" : 1,  "begin" : 2649,  "end" : 2650 }, 
        {"sofa" : 1,  "begin" : 2651,  "end" : 2653 }, 
        {"sofa" : 1,  "begin" : 2654,  "end" : 2659 }, 
        {"sofa" : 1,  "begin" : 2660,  "end" : 2662 }, 
        {"sofa" : 1,  "begin" : 2663,  "end" : 2671 }, 
        {"sofa" : 1,  "begin" : 2671,  "end" : 2672 }, 
        {"sofa" : 1,  "begin" : 2673,  "end" : 2676 }, 
        {"sofa" : 1,  "begin" : 2677,  "end" : 2684 }, 
        {"sofa" : 1,  "begin" : 2685,  "end" : 2688 }, 
        {"sofa" : 1,  "begin" : 2689,  "end" : 2692 }, 
        {"sofa" : 1,  "begin" : 2695,  "end" : 2699 }, 
        {"sofa" : 1,  "begin" : 2700,  "end" : 2710 }, 
        {"sofa" : 1,  "begin" : 2710,  "end" : 2711 }, 
        {"sofa" : 1,  "begin" : 2712,  "end" : 2714 }, 
        {"sofa" : 1,  "begin" : 2715,  "end" : 2721 }, 
        {"sofa" : 1,  "begin" : 2722,  "end" : 2725 }, 
        {"sofa" : 1,  "begin" : 2726,  "end" : 2730 }, 
        {"sofa" : 1,  "begin" : 2731,  "end" : 2738 }, 
        {"sofa" : 1,  "begin" : 2739,  "end" : 2746 }, 
        {"sofa" : 1,  "begin" : 2749,  "end" : 2752 }, 
        {"sofa" : 1,  "begin" : 2753,  "end" : 2758 }, 
        {"sofa" : 1,  "begin" : 2759,  "end" : 2764 }, 
        {"sofa" : 1,  "begin" : 2765,  "end" : 2768 }, 
        {"sofa" : 1,  "begin" : 2769,  "end" : 2778 }, 
        {"sofa" : 1,  "begin" : 2779,  "end" : 2781 }, 
        {"sofa" : 1,  "begin" : 2782,  "end" : 2785 }, 
        {"sofa" : 1,  "begin" : 2786,  "end" : 2791 }, 
        {"sofa" : 1,  "begin" : 2791,  "end" : 2792 }, 
        {"sofa" : 1,  "begin" : 2793,  "end" : 2798 }, 
        {"sofa" : 1,  "begin" : 2799,  "end" : 2803 }, 
        {"sofa" : 1,  "begin" : 2806,  "end" : 2817 }, 
        {"sofa" : 1,  "begin" : 2818,  "end" : 2821 }, 
        {"sofa" : 1,  "begin" : 2822,  "end" : 2830 }, 
        {"sofa" : 1,  "begin" : 2831,  "end" : 2833 }, 
        {"sofa" : 1,  "begin" : 2834,  "end" : 2838 }, 
        {"sofa" : 1,  "begin" : 2839,  "end" : 2847 }, 
        {"sofa" : 1,  "begin" : 2848,  "end" : 2860 }, 
        {"sofa" : 1,  "begin" : 2860,  "end" : 2861 }, 
        {"sofa" : 1,  "begin" : 2866,  "end" : 2869 }, 
        {"sofa" : 1,  "begin" : 2870,  "end" : 2873 }, 
        {"sofa" : 1,  "begin" : 2874,  "end" : 2877 }, 
        {"sofa" : 1,  "begin" : 2878,  "end" : 2886 }, 
        {"sofa" : 1,  "begin" : 2887,  "end" : 2890 }, 
        {"sofa" : 1,  "begin" : 2891,  "end" : 2899 }, 
        {"sofa" : 1,  "begin" : 2900,  "end" : 2906 }, 
        {"sofa" : 1,  "begin" : 2907,  "end" : 2910 }, 
        {"sofa" : 1,  "begin" : 2911,  "end" : 2915 }, 
        {"sofa" : 1,  "begin" : 2918,  "end" : 2930 }, 
        {"sofa" : 1,  "begin" : 2931,  "end" : 2934 }, 
        {"sofa" : 1,  "begin" : 2935,  "end" : 2938 }, 
        {"sofa" : 1,  "begin" : 2939,  "end" : 2943 }, 
        {"sofa" : 1,  "begin" : 2944,  "end" : 2948 }, 
        {"sofa" : 1,  "begin" : 2949,  "end" : 2954 }, 
        {"sofa" : 1,  "begin" : 2955,  "end" : 2959 }, 
        {"sofa" : 1,  "begin" : 2960,  "end" : 2963 }, 
        {"sofa" : 1,  "begin" : 2964,  "end" : 2968 }, 
        {"sofa" : 1,  "begin" : 2971,  "end" : 2975 }, 
        {"sofa" : 1,  "begin" : 2976,  "end" : 2981 }, 
        {"sofa" : 1,  "begin" : 2982,  "end" : 2986 }, 
        {"sofa" : 1,  "begin" : 2987,  "end" : 3000 }, 
        {"sofa" : 1,  "begin" : 3001,  "end" : 3008 }, 
        {"sofa" : 1,  "begin" : 3008,  "end" : 3009 }, 
        {"sofa" : 1,  "begin" : 3010,  "end" : 3013 }, 
        {"sofa" : 1,  "begin" : 3014,  "end" : 3018 }, 
        {"sofa" : 1,  "begin" : 3021,  "end" : 3025 }, 
        {"sofa" : 1,  "begin" : 3026,  "end" : 3037 }, 
        {"sofa" : 1,  "begin" : 3038,  "end" : 3045 }, 
        {"sofa" : 1,  "begin" : 3046,  "end" : 3049 }, 
        {"sofa" : 1,  "begin" : 3050,  "end" : 3055 }, 
        {"sofa" : 1,  "begin" : 3056,  "end" : 3064 }, 
        {"sofa" : 1,  "begin" : 3065,  "end" : 3067 }, 
        {"sofa" : 1,  "begin" : 3068,  "end" : 3071 }, 
        {"sofa" : 1,  "begin" : 3072,  "end" : 3079 }, 
        {"sofa" : 1,  "begin" : 3080,  "end" : 3082 }, 
        {"sofa" : 1,  "begin" : 3083,  "end" : 3085 }, 
        {"sofa" : 1,  "begin" : 3085,  "end" : 3086 }, 
        {"sofa" : 1,  "begin" : 3087,  "end" : 3092 }, 
        {"sofa" : 1,  "begin" : 3092,  "end" : 3093 }, 
        {"sofa" : 1,  "begin" : 3094,  "end" : 3097 }, 
        {"sofa" : 1,  "begin" : 3098,  "end" : 3106 }, 
        {"sofa" : 1,  "begin" : 3107,  "end" : 3115 }, 
        {"sofa" : 1,  "begin" : 3115,  "end" : 3116 }, 
        {"sofa" : 1,  "begin" : 3117,  "end" : 3119 }, 
        {"sofa" : 1,  "begin" : 3120,  "end" : 3124 }, 
        {"sofa" : 1,  "begin" : 3127,  "end" : 3130 }, 
        {"sofa" : 1,  "begin" : 3131,  "end" : 3137 }, 
        {"sofa" : 1,  "begin" : 3138,  "end" : 3141 }, 
        {"sofa" : 1,  "begin" : 3142,  "end" : 3152 }, 
        {"sofa" : 1,  "begin" : 3152,  "end" : 3153 }, 
        {"sofa" : 1,  "begin" : 3158,  "end" : 3161 }, 
        {"sofa" : 1,  "begin" : 3162,  "end" : 3166 }, 
        {"sofa" : 1,  "begin" : 3167,  "end" : 3175 }, 
        {"sofa" : 1,  "begin" : 3176,  "end" : 3179 }, 
        {"sofa" : 1,  "begin" : 3180,  "end" : 3183 }, 
        {"sofa" : 1,  "begin" : 3184,  "end" : 3194 }, 
        {"sofa" : 1,  "begin" : 3195,  "end" : 3201 }, 
        {"sofa" : 1,  "begin" : 3201,  "end" : 3202 }, 
        {"sofa" : 1,  "begin" : 3203,  "end" : 3206 }, 
        {"sofa" : 1,  "begin" : 3209,  "end" : 3211 }, 
        {"sofa" : 1,  "begin" : 3212,  "end" : 3215 }, 
        {"sofa" : 1,  "begin" : 3216,  "end" : 3224 }, 
        {"sofa" : 1,  "begin" : 3225,  "end" : 3227 }, 
        {"sofa" : 1,  "begin" : 3228,  "end" : 3231 }, 
        {"sofa" : 1,  "begin" : 3232,  "end" : 3243 }, 
        {"sofa" : 1,  "begin" : 3243,  "end" : 3244 }, 
        {"sofa" : 1,  "begin" : 3245,  "end" : 3248 }, 
        {"sofa" : 1,  "begin" : 3249,  "end" : 3254 }, 
        {"sofa" : 1,  "begin" : 3255,  "end" : 3259 }, 
        {"sofa" : 1,  "begin" : 3262,  "end" : 3265 }, 
        {"sofa" : 1,  "begin" : 3266,  "end" : 3271 }, 
        {"sofa" : 1,  "begin" : 3272,  "end" : 3282 }, 
        {"sofa" : 1,  "begin" : 3283,  "end" : 3285 }, 
        {"sofa" : 1,  "begin" : 3286,  "end" : 3289 }, 
        {"sofa" : 1,  "begin" : 3290,  "end" : 3303 }, 
        {"sofa" : 1,  "begin" : 3303,  "end" : 3304 }, 
        {"sofa" : 1,  "begin" : 3305,  "end" : 3308 }, 
        {"sofa" : 1,  "begin" : 3309,  "end" : 3313 }, 
        {"sofa" : 1,  "begin" : 3316,  "end" : 3325 }, 
        {"sofa" : 1,  "begin" : 3325,  "end" : 3326 }, 
        {"sofa" : 1,  "begin" : 3327,  "end" : 3329 }, 
        {"sofa" : 1,  "begin" : 3330,  "end" : 3334 }, 
        {"sofa" : 1,  "begin" : 3335,  "end" : 3336 }, 
        {"sofa" : 1,  "begin" : 3337,  "end" : 3342 }, 
        {"sofa" : 1,  "begin" : 3343,  "end" : 3349 }, 
        {"sofa" : 1,  "begin" : 3349,  "end" : 3350 }, 
        {"sofa" : 1,  "begin" : 3351,  "end" : 3356 }, 
        {"sofa" : 1,  "begin" : 3357,  "end" : 3359 }, 
        {"sofa" : 1,  "begin" : 3360,  "end" : 3364 }, 
        {"sofa" : 1,  "begin" : 3365,  "end" : 3367 }, 
        {"sofa" : 1,  "begin" : 3370,  "end" : 3373 }, 
        {"sofa" : 1,  "begin" : 3374,  "end" : 3386 }, 
        {"sofa" : 1,  "begin" : 3387,  "end" : 3392 }, 
        {"sofa" : 1,  "begin" : 3392,  "end" : 3393 }, 
        {"sofa" : 1,  "begin" : 3398,  "end" : 3401 }, 
        {"sofa" : 1,  "begin" : 3402,  "end" : 3408 }, 
        {"sofa" : 1,  "begin" : 3409,  "end" : 3415 }, 
        {"sofa" : 1,  "begin" : 3416,  "end" : 3418 }, 
        {"sofa" : 1,  "begin" : 3419,  "end" : 3422 }, 
        {"sofa" : 1,  "begin" : 3423,  "end" : 3431 }, 
        {"sofa" : 1,  "begin" : 3432,  "end" : 3434 }, 
        {"sofa" : 1,  "begin" : 3435,  "end" : 3441 }, 
        {"sofa" : 1,  "begin" : 3442,  "end" : 3444 }, 
        {"sofa" : 1,  "begin" : 3447,  "end" : 3450 }, 
        {"sofa" : 1,  "begin" : 3451,  "end" : 3458 }, 
        {"sofa" : 1,  "begin" : 3459,  "end" : 3462 }, 
        {"sofa" : 1,  "begin" : 3463,  "end" : 3473 }, 
        {"sofa" : 1,  "begin" : 3473,  "end" : 3474 }, 
        {"sofa" : 1,  "begin" : 3475,  "end" : 3477 }, 
        {"sofa" : 1,  "begin" : 3478,  "end" : 3482 }, 
        {"sofa" : 1,  "begin" : 3483,  "end" : 3485 }, 
        {"sofa" : 1,  "begin" : 3486,  "end" : 3495 }, 
        {"sofa" : 1,  "begin" : 3496,  "end" : 3503 }, 
        {"sofa" : 1,  "begin" : 3506,  "end" : 3508 }, 
        {"sofa" : 1,  "begin" : 3508,  "end" : 3509 }, 
        {"sofa" : 1,  "begin" : 3514,  "end" : 3516 }, 
        {"sofa" : 1,  "begin" : 3517,  "end" : 3520 }, 
        {"sofa" : 1,  "begin" : 3521,  "end" : 3523 }, 
        {"sofa" : 1,  "begin" : 3524,  "end" : 3530 }, 
        {"sofa" : 1,  "begin" : 3531,  "end" : 3533 }, 
        {"sofa" : 1,  "begin" : 3534,  "end" : 3541 }, 
        {"sofa" : 1,  "begin" : 3541,  "end" : 3542 }, 
        {"sofa" : 1,  "begin" : 3543,  "end" : 3547 }, 
        {"sofa" : 1,  "begin" : 3548,  "end" : 3557 }, 
        {"sofa" : 1,  "begin" : 3558,  "end" : 3560 }, 
        {"sofa" : 1,  "begin" : 3561,  "end" : 3564 }, 
        {"sofa" : 1,  "begin" : 3567,  "end" : 3578 }, 
        {"sofa" : 1,  "begin" : 3579,  "end" : 3581 }, 
        {"sofa" : 1,  "begin" : 3582,  "end" : 3586 }, 
        {"sofa" : 1,  "begin" : 3587,  "end" : 3595 }, 
        {"sofa" : 1,  "begin" : 3595,  "end" : 3596 }, 
        {"sofa" : 1,  "begin" : 3597,  "end" : 3601 }, 
        {"sofa" : 1,  "begin" : 3602,  "end" : 3605 }, 
        {"sofa" : 1,  "begin" : 3606,  "end" : 3611 }, 
        {"sofa" : 1,  "begin" : 3612,  "end" : 3616 }, 
        {"sofa" : 1,  "begin" : 3617,  "end" : 3619 }, 
        {"sofa" : 1,  "begin" : 3622,  "end" : 3625 }, 
        {"sofa" : 1,  "begin" : 3626,  "end" : 3629 }, 
        {"sofa" : 1,  "begin" : 3630,  "end" : 3634 }, 
        {"sofa" : 1,  "begin" : 3635,  "end" : 3640 }, 
        {"sofa" : 1,  "begin" : 3641,  "end" : 3646 }, 
        {"sofa" : 1,  "begin" : 3647,  "end" : 3648 }, 
        {"sofa" : 1,  "begin" : 3648,  "end" : 3649 }, 
        {"sofa" : 1,  "begin" : 3650,  "end" : 3653 }, 
        {"sofa" : 1,  "begin" : 3653,  "end" : 3654 }, 
        {"sofa" : 1,  "begin" : 3655,  "end" : 3657 }, 
        {"sofa" : 1,  "begin" : 3658,  "end" : 3661 }, 
        {"sofa" : 1,  "begin" : 3662,  "end" : 3667 }, 
        {"sofa" : 1,  "begin" : 3668,  "end" : 3676 }, 
        {"sofa" : 1,  "begin" : 3676,  "end" : 3677 }, 
        {"sofa" : 1,  "begin" : 3678,  "end" : 3681 }, 
        {"sofa" : 1,  "begin" : 3682,  "end" : 3686 }, 
        {"sofa" : 1,  "begin" : 3687,  "end" : 3688 }, 
        {"sofa" : 1,  "begin" : 3689,  "end" : 3692 }, 
        {"sofa" : 1,  "begin" : 3692,  "end" : 3693 }, 
        {"sofa" : 1,  "begin" : 3694,  "end" : 3696 }, 
        {"sofa" : 1,  "begin" : 3697,  "end" : 3705 }, 
        {"sofa" : 1,  "begin" : 3706,  "end" : 3709 }, 
        {"sofa" : 1,  "begin" : 3710,  "end" : 3718 }, 
        {"sofa" : 1,  "begin" : 3719,  "end" : 3723 }, 
        {"sofa" : 1,  "begin" : 3726,  "end" : 3727 }, 
        {"sofa" : 1,  "begin" : 3728,  "end" : 3731 }, 
        {"sofa" : 1,  "begin" : 3732,  "end" : 3734 }, 
        {"sofa" : 1,  "begin" : 3735,  "end" : 3738 }, 
        {"sofa" : 1,  "begin" : 3739,  "end" : 3744 }, 
        {"sofa" : 1,  "begin" : 3745,  "end" : 3749 }, 
        {"sofa" : 1,  "begin" : 3749,  "end" : 3750 }, 
        {"sofa" : 1,  "begin" : 3755,  "end" : 3757 }, 
        {"sofa" : 1,  "begin" : 3758,  "end" : 3760 }, 
        {"sofa" : 1,  "begin" : 3761,  "end" : 3765 }, 
        {"sofa" : 1,  "begin" : 3766,  "end" : 3778 }, 
        {"sofa" : 1,  "begin" : 3779,  "end" : 3787 }, 
        {"sofa" : 1,  "begin" : 3788,  "end" : 3792 }, 
        {"sofa" : 1,  "begin" : 3793,  "end" : 3800 }, 
        {"sofa" : 1,  "begin" : 3801,  "end" : 3803 }, 
        {"sofa" : 1,  "begin" : 3806,  "end" : 3809 }, 
        {"sofa" : 1,  "begin" : 3810,  "end" : 3821 }, 
        {"sofa" : 1,  "begin" : 3822,  "end" : 3827 }, 
        {"sofa" : 1,  "begin" : 3828,  "end" : 3830 }, 
        {"sofa" : 1,  "begin" : 3831,  "end" : 3835 }, 
        {"sofa" : 1,  "begin" : 3836,  "end" : 3844 }, 
        {"sofa" : 1,  "begin" : 3844,  "end" : 3845 }, 
        {"sofa" : 1,  "begin" : 3846,  "end" : 3848 }, 
        {"sofa" : 1,  "begin" : 3848,  "end" : 3849 }, 
        {"sofa" : 1,  "begin" : 3850,  "end" : 3855 }, 
        {"sofa" : 1,  "begin" : 3858,  "end" : 3861 }, 
        {"sofa" : 1,  "begin" : 3862,  "end" : 3872 }, 
        {"sofa" : 1,  "begin" : 3873,  "end" : 3875 }, 
        {"sofa" : 1,  "begin" : 3876,  "end" : 3880 }, 
        {"sofa" : 1,  "begin" : 3881,  "end" : 3885 }, 
        {"sofa" : 1,  "begin" : 3886,  "end" : 3897 }, 
        {"sofa" : 1,  "begin" : 3898,  "end" : 3900 }, 
        {"sofa" : 1,  "begin" : 3901,  "end" : 3904 }, 
        {"sofa" : 1,  "begin" : 3907,  "end" : 3914 }, 
        {"sofa" : 1,  "begin" : 3914,  "end" : 3915 }, 
        {"sofa" : 1,  "begin" : 3916,  "end" : 3919 }, 
        {"sofa" : 1,  "begin" : 3920,  "end" : 3922 }, 
        {"sofa" : 1,  "begin" : 3923,  "end" : 3932 }, 
        {"sofa" : 1,  "begin" : 3933,  "end" : 3936 }, 
        {"sofa" : 1,  "begin" : 3937,  "end" : 3948 }, 
        {"sofa" : 1,  "begin" : 3949,  "end" : 3954 }, 
        {"sofa" : 1,  "begin" : 3955,  "end" : 3957 }, 
        {"sofa" : 1,  "begin" : 3960,  "end" : 3964 }, 
        {"sofa" : 1,  "begin" : 3965,  "end" : 3973 }, 
        {"sofa" : 1,  "begin" : 3974,  "end" : 3977 }, 
        {"sofa" : 1,  "begin" : 3978,  "end" : 3981 }, 
        {"sofa" : 1,  "begin" : 3982,  "end" : 3988 }, 
        {"sofa" : 1,  "begin" : 3989,  "end" : 3996 }, 
        {"sofa" : 1,  "begin" : 3997,  "end" : 4001 }, 
        {"sofa" : 1,  "begin" : 4002,  "end" : 4005 }, 
        {"sofa" : 1,  "begin" : 4006,  "end" : 4010 }, 
        {"sofa" : 1,  "begin" : 4013,  "end" : 4020 }, 
        {"sofa" : 1,  "begin" : 4020,  "end" : 4021 }, 
        {"sofa" : 1,  "begin" : 4022,  "end" : 4023 }, 
        {"sofa" : 1,  "begin" : 4024,  "end" : 4030 }, 
        {"sofa" : 1,  "begin" : 4031,  "end" : 4033 }, 
        {"sofa" : 1,  "begin" : 4033,  "end" : 4034 }, 
        {"sofa" : 1,  "begin" : 4035,  "end" : 4042 }, 
        {"sofa" : 1,  "begin" : 4043,  "end" : 4049 }, 
        {"sofa" : 1,  "begin" : 4050,  "end" : 4051 }, 
        {"sofa" : 1,  "begin" : 4051,  "end" : 4056 }, 
        {"sofa" : 1,  "begin" : 4056,  "end" : 4057 }, 
        {"sofa" : 1,  "begin" : 4057,  "end" : 4058 }, 
        {"sofa" : 1,  "begin" : 4059,  "end" : 4061 }, 
        {"sofa" : 1,  "begin" : 4064,  "end" : 4068 }, 
        {"sofa" : 1,  "begin" : 4069,  "end" : 4080 }, 
        {"sofa" : 1,  "begin" : 4080,  "end" : 4081 }, 
        {"sofa" : 1,  "begin" : 4082,  "end" : 4085 }, 
        {"sofa" : 1,  "begin" : 4086,  "end" : 4093 }, 
        {"sofa" : 1,  "begin" : 4094,  "end" : 4102 }, 
        {"sofa" : 1,  "begin" : 4103,  "end" : 4106 }, 
        {"sofa" : 1,  "begin" : 4107,  "end" : 4109 }, 
        {"sofa" : 1,  "begin" : 4110,  "end" : 4122 }, 
        {"sofa" : 1,  "begin" : 4123,  "end" : 4131 }, 
        {"sofa" : 1,  "begin" : 4131,  "end" : 4132 }, 
        {"sofa" : 1,  "begin" : 4141,  "end" : 4143 }, 
        {"sofa" : 1,  "begin" : 4144,  "end" : 4151 }, 
        {"sofa" : 1,  "begin" : 4152,  "end" : 4156 }, 
        {"sofa" : 1,  "begin" : 4157,  "end" : 4164 }, 
        {"sofa" : 1,  "begin" : 4165,  "end" : 4167 }, 
        {"sofa" : 1,  "begin" : 4168,  "end" : 4173 }, 
        {"sofa" : 1,  "begin" : 4174,  "end" : 4184 }, 
        {"sofa" : 1,  "begin" : 4185,  "end" : 4188 }, 
        {"sofa" : 1,  "begin" : 4191,  "end" : 4195 }, 
        {"sofa" : 1,  "begin" : 4196,  "end" : 4207 }, 
        {"sofa" : 1,  "begin" : 4208,  "end" : 4213 }, 
        {"sofa" : 1,  "begin" : 4214,  "end" : 4218 }, 
        {"sofa" : 1,  "begin" : 4219,  "end" : 4224 }, 
        {"sofa" : 1,  "begin" : 4225,  "end" : 4229 }, 
        {"sofa" : 1,  "begin" : 4230,  "end" : 4236 }, 
        {"sofa" : 1,  "begin" : 4236,  "end" : 4237 }, 
        {"sofa" : 1,  "begin" : 4240,  "end" : 4244 }, 
        {"sofa" : 1,  "begin" : 4245,  "end" : 4251 }, 
        {"sofa" : 1,  "begin" : 4252,  "end" : 4257 }, 
        {"sofa" : 1,  "begin" : 4258,  "end" : 4268 }, 
        {"sofa" : 1,  "begin" : 4269,  "end" : 4273 }, 
        {"sofa" : 1,  "begin" : 4274,  "end" : 4278 }, 
        {"sofa" : 1,  "begin" : 4279,  "end" : 4283 }, 
        {"sofa" : 1,  "begin" : 4284,  "end" : 4287 }, 
        {"sofa" : 1,  "begin" : 4290,  "end" : 4299 }, 
        {"sofa" : 1,  "begin" : 4300,  "end" : 4308 }, 
        {"sofa" : 1,  "begin" : 4309,  "end" : 4311 }, 
        {"sofa" : 1,  "begin" : 4312,  "end" : 4321 }, 
        {"sofa" : 1,  "begin" : 4321,  "end" : 4322 }, 
        {"sofa" : 1,  "begin" : 4323,  "end" : 4326 }, 
        {"sofa" : 1,  "begin" : 4326,  "end" : 4327 }, 
        {"sofa" : 1,  "begin" : 4328,  "end" : 4332 }, 
        {"sofa" : 1,  "begin" : 4333,  "end" : 4339 }, 
        {"sofa" : 1,  "begin" : 4342,  "end" : 4346 }, 
        {"sofa" : 1,  "begin" : 4347,  "end" : 4350 }, 
        {"sofa" : 1,  "begin" : 4351,  "end" : 4358 }, 
        {"sofa" : 1,  "begin" : 4359,  "end" : 4361 }, 
        {"sofa" : 1,  "begin" : 4362,  "end" : 4371 }, 
        {"sofa" : 1,  "begin" : 4372,  "end" : 4378 }, 
        {"sofa" : 1,  "begin" : 4378,  "end" : 4379 }, 
        {"sofa" : 1,  "begin" : 4380,  "end" : 4383 }, 
        {"sofa" : 1,  "begin" : 4384,  "end" : 4390 }, 
        {"sofa" : 1,  "begin" : 4391,  "end" : 4393 }, 
        {"sofa" : 1,  "begin" : 4396,  "end" : 4399 }, 
        {"sofa" : 1,  "begin" : 4400,  "end" : 4405 }, 
        {"sofa" : 1,  "begin" : 4406,  "end" : 4409 }, 
        {"sofa" : 1,  "begin" : 4410,  "end" : 4419 }, 
        {"sofa" : 1,  "begin" : 4419,  "end" : 4420 }, 
        {"sofa" : 1,  "begin" : 4421,  "end" : 4424 }, 
        {"sofa" : 1,  "begin" : 4425,  "end" : 4436 }, 
        {"sofa" : 1,  "begin" : 4437,  "end" : 4441 }, 
        {"sofa" : 1,  "begin" : 4444,  "end" : 4448 }, 
        {"sofa" : 1,  "begin" : 4449,  "end" : 4453 }, 
        {"sofa" : 1,  "begin" : 4454,  "end" : 4458 }, 
        {"sofa" : 1,  "begin" : 4459,  "end" : 4461 }, 
        {"sofa" : 1,  "begin" : 4462,  "end" : 4467 }, 
        {"sofa" : 1,  "begin" : 4468,  "end" : 4470 }, 
        {"sofa" : 1,  "begin" : 4471,  "end" : 4479 }, 
        {"sofa" : 1,  "begin" : 4480,  "end" : 4487 }, 
        {"sofa" : 1,  "begin" : 4488,  "end" : 4492 }, 
        {"sofa" : 1,  "begin" : 4495,  "end" : 4503 }, 
        {"sofa" : 1,  "begin" : 4503,  "end" : 4504 }, 
        {"sofa" : 1,  "begin" : 4505,  "end" : 4508 }, 
        {"sofa" : 1,  "begin" : 4509,  "end" : 4513 }, 
        {"sofa" : 1,  "begin" : 4514,  "end" : 4521 }, 
        {"sofa" : 1,  "begin" : 4522,  "end" : 4525 }, 
        {"sofa" : 1,  "begin" : 4526,  "end" : 4534 }, 
        {"sofa" : 1,  "begin" : 4535,  "end" : 4545 }, 
        {"sofa" : 1,  "begin" : 4546,  "end" : 4548 }, 
        {"sofa" : 1,  "begin" : 4551,  "end" : 4560 }, 
        {"sofa" : 1,  "begin" : 4561,  "end" : 4564 }, 
        {"sofa" : 1,  "begin" : 4565,  "end" : 4568 }, 
        {"sofa" : 1,  "begin" : 4569,  "end" : 4571 }, 
        {"sofa" : 1,  "begin" : 4571,  "end" : 4572 }, 
        {"sofa" : 1,  "begin" : 4573,  "end" : 4582 }, 
        {"sofa" : 1,  "begin" : 4583,  "end" : 4587 }, 
        {"sofa" : 1,  "begin" : 4588,  "end" : 4591 }, 
        {"sofa" : 1,  "begin" : 4592,  "end" : 4597 }, 
        {"sofa" : 1,  "begin" : 4598,  "end" : 4600 }, 
        {"sofa" : 1,  "begin" : 4603,  "end" : 4611 }, 
        {"sofa" : 1,  "begin" : 4612,  "end" : 4614 }, 
        {"sofa" : 1,  "begin" : 4615,  "end" : 4621 }, 
        {"sofa" : 1,  "begin" : 4622,  "end" : 4629 }, 
        {"sofa" : 1,  "begin" : 4630,  "end" : 4634 }, 
        {"sofa" : 1,  "begin" : 4635,  "end" : 4638 }, 
        {"sofa" : 1,  "begin" : 4639,  "end" : 4649 }, 
        {"sofa" : 1,  "begin" : 4652,  "end" : 4656 }, 
        {"sofa" : 1,  "begin" : 4657,  "end" : 4660 }, 
        {"sofa" : 1,  "begin" : 4661,  "end" : 4667 }, 
        {"sofa" : 1,  "begin" : 4668,  "end" : 4670 }, 
        {"sofa" : 1,  "begin" : 4671,  "end" : 4674 }, 
        {"sofa" : 1,  "begin" : 4675,  "end" : 4685 }, 
        {"sofa" : 1,  "begin" : 4686,  "end" : 4688 }, 
        {"sofa" : 1,  "begin" : 4689,  "end" : 4693 }, 
        {"sofa" : 1,  "begin" : 4694,  "end" : 4697 }, 
        {"sofa" : 1,  "begin" : 4697,  "end" : 4698 }, 
        {"sofa" : 1,  "begin" : 4699,  "end" : 4701 }, 
        {"sofa" : 1,  "begin" : 4702,  "end" : 4704 }, 
        {"sofa" : 1,  "begin" : 4707,  "end" : 4715 }, 
        {"sofa" : 1,  "begin" : 4716,  "end" : 4722 }, 
        {"sofa" : 1,  "begin" : 4723,  "end" : 4725 }, 
        {"sofa" : 1,  "begin" : 4726,  "end" : 4732 }, 
        {"sofa" : 1,  "begin" : 4732,  "end" : 4733 }, 
        {"sofa" : 1,  "begin" : 4734,  "end" : 4738 }, 
        {"sofa" : 1,  "begin" : 4739,  "end" : 4747 }, 
        {"sofa" : 1,  "begin" : 4747,  "end" : 4748 } ] } }, 
  "_referenced_fss" : {
    "1" : {"_type" : "Sofa",  "sofaNum" : 1,  "sofaID" : "_InitialView",  "mimeType" : "text",  "sofaString" : "The Local Board are restrained by the injunction \r\nfrom turning lime water into the river, on the plea \r\nthat it would destroy the fish ; but the experience at \r\nLeicester shows that this is not a necessary consequence of treating the sewage with lime. There, \r\nhowever, the lime water does not enter the river; \r\nsufficient reservoir space is allowed for its precipitation before the effluent water is discharged. \r\n\r\nMr. Burns, the local Surveyor of Ely, having, as \r\nearly as 1834, made some successful experiments in \r\ntreating gas water with clay, was induced recently \r\nto apply it, in conjunction with lime, for deodorizing \r\nthe sewage, on completion of the drainage works of \r\nEly. Sewage works have been erected at the outfall \r\nin which the experiment has been in operation for \r\nsome time, and it is stated with complete success. \r\nAt the time of my visit the place was certainly quite \r\nfree from offensive smell ; but the collecting tank has \r\nnot yet been opened to try the effect of the manure. \r\n\r\nIt is found that one ton of clay is sufficient to \r\ndeodorize 600 tons of sewage as at present discharged at Ely ; but, as only a portion of the houses \r\nhave waterclosets as yet, the liquid is comparatively \r\nweak. It is expected that every house will in the \r\ncourse of the present year be connected with the \r\nsewers, when it is supposed that about double the \r\nweight of clay will be required for the same quantity \r\nof sewage. \r\n\r\nAs the sewage discharges into the mixing tank A \r\n(Drawing No. 3.), a stream of clay water falls from a \r\ncistern B above, and passes with the sewage alternately into one of two reservoirs C below, whence the \r\nwater filters upwards through a layer of charcoal and \r\nsand, and discharges by the outfall drain to the river. \r\n\r\nIt is proposed to pass the solid matter daily into \r\nthe emptying chamber D, and to mix it with dry clay \r\npowder and peat charcoal, or with fine dry ashes, \r\nwhen it will be fit for removal and use as manure. \r\n\r\nThe furnace E shewn in the section is intended for \r\nconsuming the foul gases from the sewers, and for \r\nheating an oven for drying clay and peat for mixing \r\nwith the wet manure. When the drainage works \r\nwill be complete it is proposed to add a series of \r\nopen tanks, with other filters of charcoal and sand, \r\nthrough which the effluent water will pass before \r\ndischarge. \r\n\r\nAn attempt has been made for some time at Hitchin \r\nto intercept the solid matter of the sewage in a series \r\nof reservoirs and open pits at the outfall of the new \r\ndrainage works, without any means of deodorizing, \r\nor arrangements for precipitating, straining, or filtering. As might be expected, the process has not \r\nbeen successful. An action has been decided against \r\nthe Local Board for pollution of the river, which will \r\nnecessitate the adoption of more complete arrangements. \r\n\r\nThe gas for lighting the Dartmoor Prison has been \r\nmanufactured for the last five years from the peat \r\nwith which that neighbourhood abounds, and some \r\nvery interesting results are being elicited in the process by Mr. Watts, the Resident Engineer, by whom \r\nthe system was introduced. \r\n\r\nThe peat charcoal and the ammoniacal liquor, two \r\nof the products of the manufacture, are mixed with \r\nthe solid night-soil of the establishment, and with \r\nbone-dust, to form a solid manure, which is used on \r\nthe neighbouring lands. \r\n\r\nThe liquid refuse of the premises is pumped up \r\nand applied for irrigation, as will be described further \r\non. \r\n\r\nIt may be useful to mention, with reference to the \r\nmanufacture of peat charcoal, that one cubic yard of \r\nthe dug peat makes about 4^ cwt. of the dried material, and that 5 cwt. of charcoal are produced from \r\n1 ton of the dried peat. \r\n\r\nAs so much disagreement prevails with respect to \r\nthe deodorizing power of peat charcoal, Mr. Blyth \r\nwas instructed to make some experiments on the \r\nsubject, and to determine the comparative value of \r\npeat charcoal and the ground Boghead coke for this \r\npurpose. I append Mr. Blyth's report (App.B.) on \r\nthis examination. The results obtained arc of considerable interest. \r\n\r\n\r\n\r\nIt appears that neither of these substances has \r\nmuch deodorizing power when mixed with liquid. \r\nWhen heated after saturation they both gave off \r\noffensive effluvia in abundance, but, when spread \r\nover the surface of offensive matter, the escape of \r\nall odour was prevented. The experiments show \r\nthat they have no power to separate matters from \r\nsolution, and thus confirm the previous statements of \r\nProfessor Way and Dr. Henderson that the power of \r\ncharcoal to absorb ammonia from the atmosphere \r\ndoes not extend to the separation of that gas, or of \r\nanything worthy of notice, from solution. \r\n" }, 
    "11669" : {"_type" : "Span",  "sofa" : 1,  "begin" : 619,  "end" : 630,  "label" : "Smell_Word" }, 
    "11691" : {"_type" : "Span",  "sofa" : 1,  "begin" : 686,  "end" : 689,  "label" : "Location" }, 
    "11708" : {"_type" : "Span",  "sofa" : 1,  "begin" : 589,  "end" : 613,  "label" : "Smell_Source" }, 
    "11732" : {"_type" : "Span",  "sofa" : 1,  "begin" : 547,  "end" : 551,  "label" : "Smell_Source" }, 
    "11744" : {"_type" : "Span",  "sofa" : 1,  "begin" : 633,  "end" : 643,  "label" : "Location" }, 
    "11756" : {"_type" : "Span",  "sofa" : 1,  "begin" : 645,  "end" : 680,  "label" : "Circumstances" }, 
    "11768" : {"_type" : "Span",  "sofa" : 1,  "begin" : 465,  "end" : 483,  "label" : "Time" }, 
    "11785" : {"_type" : "Span",  "sofa" : 1,  "begin" : 920,  "end" : 925,  "label" : "Smell_Word" }, 
    "11780" : {"_type" : "Span",  "sofa" : 1,  "begin" : 910,  "end" : 919,  "label" : "Quality" }, 
    "11802" : {"_type" : "Span",  "sofa" : 1,  "begin" : 859,  "end" : 861,  "label" : "Perceiver" }, 
    "11814" : {"_type" : "Span",  "sofa" : 1,  "begin" : 868,  "end" : 877,  "label" : "Location" }, 
    "11797" : {"_type" : "Span",  "sofa" : 1,  "begin" : 844,  "end" : 867,  "label" : "Time" }, 
    "11826" : {"_type" : "Span",  "sofa" : 1,  "begin" : 1067,  "end" : 1076,  "label" : "Smell_Word" }, 
    "11831" : {"_type" : "Span",  "sofa" : 1,  "begin" : 1077,  "end" : 1095,  "label" : "Location" }, 
    "11843" : {"_type" : "Span",  "sofa" : 1,  "begin" : 1032,  "end" : 1047,  "label" : "Smell_Source" }, 
    "11860" : {"_type" : "Span",  "sofa" : 1,  "begin" : 1121,  "end" : 1127,  "label" : "Location" }, 
    "11882" : {"_type" : "Span",  "sofa" : 1,  "begin" : 2059,  "end" : 2063,  "label" : "Smell_Word" }, 
    "11872" : {"_type" : "Span",  "sofa" : 1,  "begin" : 2059,  "end" : 2063,  "label" : "Quality" }, 
    "11877" : {"_type" : "Span",  "sofa" : 1,  "begin" : 2064,  "end" : 2069,  "label" : "Odour_Carrier" }, 
    "11901" : {"_type" : "Span",  "sofa" : 1,  "begin" : 2070,  "end" : 2085,  "label" : "Smell_Source" }, 
    "11913" : {"_type" : "Span",  "sofa" : 1,  "begin" : 2576,  "end" : 2587,  "label" : "Smell_Word" }, 
    "11918" : {"_type" : "Span",  "sofa" : 1,  "begin" : 2412,  "end" : 2422,  "label" : "Location" }, 
    "11930" : {"_type" : "Span",  "sofa" : 1,  "begin" : 3810,  "end" : 3821,  "label" : "Smell_Word" }, 
    "11935" : {"_type" : "Span",  "sofa" : 1,  "begin" : 3828,  "end" : 3844,  "label" : "Smell_Source" }, 
    "11947" : {"_type" : "Span",  "sofa" : 1,  "begin" : 4196,  "end" : 4207,  "label" : "Smell_Word" }, 
    "11952" : {"_type" : "Span",  "sofa" : 1,  "begin" : 4214,  "end" : 4236,  "label" : "Circumstances" }, 
    "11969" : {"_type" : "Span",  "sofa" : 1,  "begin" : 4168,  "end" : 4184,  "label" : "Smell_Source" }, 
    "11986" : {"_type" : "Span",  "sofa" : 1,  "begin" : 4269,  "end" : 4273,  "label" : "Smell_Source" }, 
    "11998" : {"_type" : "Span",  "sofa" : 1,  "begin" : 4300,  "end" : 4308,  "label" : "Smell_Word" }, 
    "12003" : {"_type" : "Span",  "sofa" : 1,  "begin" : 4290,  "end" : 4299,  "label" : "Quality" }, 
    "11981" : {"_type" : "Span",  "sofa" : 1,  "begin" : 4240,  "end" : 4268,  "label" : "Circumstances" }, 
    "12022" : {"_type" : "Span",  "sofa" : 1,  "begin" : 4400,  "end" : 4405,  "label" : "Smell_Word" }, 
    "12054" : {"_type" : "Span",  "sofa" : 1,  "begin" : 4362,  "end" : 4378,  "label" : "Smell_Source" } } }