#FORMAT=WebAnno TSV 3.3


#Text=Ifte vero duabus elapfis septimanis libertatem nactus, per viarum tri.
#Text=via dominum centum et viginti leucis (60 Meilen) diftantem perfecue tus cft, donec Parifiis illupi inucnit.
1-1	2-6	Ifte	
1-2	7-11	vero	
1-3	12-18	duabus	
1-4	19-26	elapfis	
1-5	27-37	septimanis	
1-6	38-48	libertatem	
1-7	49-55	nactus	
1-8	55-56	,	
1-9	57-60	per	
1-10	61-67	viarum	
1-11	68-71	tri	
1-12	71-72	.	
1-13	73-76	via	
1-14	77-84	dominum	
1-15	85-91	centum	
1-16	92-94	et	
1-17	95-102	viginti	
1-18	103-109	leucis	
1-19	110-111	(	
1-20	111-113	60	
1-21	114-120	Meilen	
1-22	120-121	)	
1-23	122-131	diftantem	
1-24	132-140	perfecue	
1-25	141-144	tus	
1-26	145-148	cft	
1-27	148-149	,	
1-28	150-155	donec	
1-29	156-164	Parifiis	
1-30	165-171	illupi	
1-31	172-179	inucnit	
1-32	179-180	.	

#Text=ABR.
2-1	181-184	ABR	
2-2	184-185	.	

#Text=Kaav perspiratio dicta Hippocrati .
#Text=22.
3-1	186-190	Kaav	
3-2	191-202	perspiratio	
3-3	203-208	dicta	
3-4	209-219	Hippocrati	
3-5	220-221	.	
3-6	222-224	22	
3-7	224-225	.	

#Text=Quem herus digitis fricat nummum, plurimis aliis miftum, odore diftinguit canis, et facile protrahit.
#Text=clima, vitae genus , aetas, sexus, viclus et quae funt reliqua, odorem materiei perspirabilis ctiam immutare possunt.
4-1	226-230	Quem	
4-2	231-236	herus	
4-3	237-244	digitis	
4-4	245-251	fricat	
4-5	252-258	nummum	
4-6	258-259	,	
4-7	260-268	plurimis	
4-8	269-274	aliis	
4-9	275-281	miftum	
4-10	281-282	,	
4-11	283-288	odore	
4-12	289-299	diftinguit	
4-13	300-305	canis	
4-14	305-306	,	
4-15	307-309	et	
4-16	310-316	facile	
4-17	317-326	protrahit	
4-18	326-327	.	
4-19	328-333	clima	
4-20	333-334	,	
4-21	335-340	vitae	
4-22	341-346	genus	
4-23	347-348	,	
4-24	349-354	aetas	
4-25	354-355	,	
4-26	356-361	sexus	
4-27	361-362	,	
4-28	363-369	viclus	
4-29	370-372	et	
4-30	373-377	quae	
4-31	378-382	funt	
4-32	383-390	reliqua	
4-33	390-391	,	
4-34	392-398	odorem	
4-35	399-407	materiei	
4-36	408-421	perspirabilis	
4-37	422-427	ctiam	
4-38	428-436	immutare	
4-39	437-444	possunt	
4-40	444-445	.	

#Text=B.
5-1	446-447	B	
5-2	447-448	.	

#Text=IX.
6-1	449-451	IX	
6-2	451-452	.	

#Text=Specificum plane et facile discernendum odorem plures transpirant gentes.
7-1	453-463	Specificum	
7-2	464-469	plane	
7-3	470-472	et	
7-4	473-479	facile	
7-5	480-492	discernendum	
7-6	493-499	odorem	
7-7	500-506	plures	
7-8	507-518	transpirant	
7-9	519-525	gentes	
7-10	525-526	.	

#Text=Aethiopun sudorem fingulariter et grauiflime oleres omnes, quibus illos obleruandi occafio fuit, testantur.
8-1	527-536	Aethiopun	
8-2	537-544	sudorem	
8-3	545-557	fingulariter	
8-4	558-560	et	
8-5	561-571	grauiflime	
8-6	572-578	oleres	
8-7	579-584	omnes	
8-8	584-585	,	
8-9	586-592	quibus	
8-10	593-598	illos	
8-11	599-609	obleruandi	
8-12	610-617	occafio	
8-13	618-622	fuit	
8-14	622-623	,	
8-15	624-633	testantur	
8-16	633-634	.	

#Text=Inprimis vero inter eos foetent Angolenses i), vt et illi, qui circa Aumen Senegal k) habitant.
9-1	635-643	Inprimis	
9-2	644-648	vero	
9-3	649-654	inter	
9-4	655-658	eos	
9-5	659-666	foetent	
9-6	667-677	Angolenses	
9-7	678-679	i	
9-8	679-680	)	
9-9	680-681	,	
9-10	682-684	vt	
9-11	685-687	et	
9-12	688-692	illi	
9-13	692-693	,	
9-14	694-697	qui	
9-15	698-703	circa	
9-16	704-709	Aumen	
9-17	710-717	Senegal	
9-18	718-719	k	
9-19	719-720	)	
9-20	721-729	habitant	
9-21	729-730	.	

#Text=Causam partim in sanguine pono, qui tesie Cl.
10-1	731-737	Causam	
10-2	738-744	partim	
10-3	745-747	in	
10-4	748-756	sanguine	
10-5	757-761	pono	
10-6	761-762	,	
10-7	763-766	qui	
10-8	767-772	tesie	
10-9	773-775	Cl	
10-10	775-776	.	

#Text=Walter 1) a sanguine Europaeorum tam colore ad nigrum vergente, quam odore volatili nauseoso differt, partim antem in maiori, quem clima feruidum ciet, humorum impetu in cutem quaero.
11-1	777-783	Walter	
11-2	784-785	1	
11-3	785-786	)	
11-4	787-788	a	
11-5	789-797	sanguine	
11-6	798-809	Europaeorum	
11-7	810-813	tam	
11-8	814-820	colore	
11-9	821-823	ad	
11-10	824-830	nigrum	
11-11	831-839	vergente	
11-12	839-840	,	
11-13	841-845	quam	
11-14	846-851	odore	
11-15	852-860	volatili	
11-16	861-869	nauseoso	
11-17	870-877	differt	
11-18	877-878	,	
11-19	879-885	partim	
11-20	886-891	antem	
11-21	892-894	in	
11-22	895-901	maiori	
11-23	901-902	,	
11-24	903-907	quem	
11-25	908-913	clima	
11-26	914-922	feruidum	
11-27	923-927	ciet	
11-28	927-928	,	
11-29	929-936	humorum	
11-30	937-943	impetu	
11-31	944-946	in	
11-32	947-952	cutem	
11-33	953-959	quaero	
11-34	959-960	.	

#Text=Calore enim aeris atmosphaerici crescente, fimul augetur perspiratio , quae tunc etiam in noftris regionibus grauius olere incipit.
12-1	961-967	Calore	
12-2	968-972	enim	
12-3	973-978	aeris	
12-4	979-992	atmosphaerici	
12-5	993-1002	crescente	
12-6	1002-1003	,	
12-7	1004-1009	fimul	
12-8	1010-1017	augetur	
12-9	1018-1029	perspiratio	
12-10	1030-1031	,	
12-11	1032-1036	quae	
12-12	1037-1041	tunc	
12-13	1042-1047	etiam	
12-14	1048-1050	in	
12-15	1051-1058	noftris	
12-16	1059-1069	regionibus	
12-17	1070-1077	grauius	
12-18	1078-1083	olere	
12-19	1084-1091	incipit	
12-20	1091-1092	.	

#Text=Sicut in Aethiopibus, in Groenlandis m) quoque et Caraihaeis n) varietas gentilitia in odore perspirationis obseruata eft.
13-1	1093-1098	Sicut	
13-2	1099-1101	in	
13-3	1102-1113	Aethiopibus	
13-4	1113-1114	,	
13-5	1115-1117	in	
13-6	1118-1129	Groenlandis	
13-7	1130-1131	m	
13-8	1131-1132	)	
13-9	1133-1139	quoque	
13-10	1140-1142	et	
13-11	1143-1153	Caraihaeis	
13-12	1154-1155	n	
13-13	1155-1156	)	
13-14	1157-1165	varietas	
13-15	1166-1176	gentilitia	
13-16	1177-1179	in	
13-17	1180-1185	odore	
13-18	1186-1200	perspirationis	
13-19	1201-1210	obseruata	
13-20	1211-1214	eft	
13-21	1214-1215	.	

#Text=Nec gentibus Europacis *) odor per cutem spirans i pecificus plane denegandus eft, quum olfactum acutiffimum haud fugiat,
#Text=
#Text=Sic
#Text=
#Text=
#Text=
#Text=i) Ill.
14-1	1216-1219	Nec	
14-2	1220-1228	gentibus	
14-3	1229-1238	Europacis	
14-4	1239-1240	*	
14-5	1240-1241	)	
14-6	1242-1246	odor	
14-7	1247-1250	per	
14-8	1251-1256	cutem	
14-9	1257-1264	spirans	
14-10	1265-1266	i	
14-11	1267-1276	pecificus	
14-12	1277-1282	plane	
14-13	1283-1293	denegandus	
14-14	1294-1297	eft	
14-15	1297-1298	,	
14-16	1299-1303	quum	
14-17	1304-1312	olfactum	
14-18	1313-1324	acutiffimum	
14-19	1325-1329	haud	
14-20	1330-1336	fugiat	
14-21	1336-1337	,	
14-22	1339-1342	Sic	
14-23	1346-1347	i	
14-24	1347-1348	)	
14-25	1349-1352	Ill	
14-26	1352-1353	.	

#Text=BLUMENBACH lib. cit.
#Text=p. 187. k) SCHOTTE treatise on the Synochus atrabiliora, which raged at Se.
#Text=negal.
15-1	1354-1364	BLUMENBACH	
15-2	1365-1368	lib	
15-3	1368-1369	.	
15-4	1370-1373	cit	
15-5	1373-1374	.	
15-6	1375-1376	p	
15-7	1376-1377	.	
15-8	1378-1381	187	
15-9	1381-1382	.	
15-10	1383-1384	k	
15-11	1384-1385	)	
15-12	1386-1393	SCHOTTE	
15-13	1394-1402	treatise	
15-14	1403-1405	on	
15-15	1406-1409	the	
15-16	1410-1418	Synochus	
15-17	1419-1430	atrabiliora	
15-18	1430-1431	,	
15-19	1432-1437	which	
15-20	1438-1443	raged	
15-21	1444-1446	at	
15-22	1447-1449	Se	
15-23	1449-1450	.	
15-24	1451-1456	negal	
15-25	1456-1457	.	
