#FORMAT=WebAnno TSV 3.3


#Text=E. eadem veritas ex fynthesi patet.
1-1	2-3	E	
1-2	3-4	.	
1-3	5-10	eadem	
1-4	11-18	veritas	
1-5	19-21	ex	
1-6	22-30	fynthesi	
1-7	31-36	patet	
1-8	36-37	.	

#Text=Sed
#Text=
#Text=alia quoque exempla in prointu funt, quae fimul ostendunt, quan-
#Text=
#Text=tum chemiae in proprietatibus corporum eruendis debeamus.
2-1	38-41	Sed	
2-2	43-47	alia	
2-3	48-54	quoque	
2-4	55-62	exempla	
2-5	63-65	in	
2-6	66-73	prointu	
2-7	74-78	funt	
2-8	78-79	,	
2-9	80-84	quae	
2-10	85-90	fimul	
2-11	91-100	ostendunt	
2-12	100-101	,	
2-13	102-106	quan	
2-14	106-107	-	
2-15	109-112	tum	
2-16	113-120	chemiae	
2-17	121-123	in	
2-18	124-138	proprietatibus	
2-19	139-147	corporum	
2-20	148-156	eruendis	
2-21	157-165	debeamus	
2-22	165-166	.	

#Text=Odor
#Text=
#Text=ambrofiacus fpirituum anodynorum dulcium et odor su'phureus di-
#Text=
#Text=uerfisfimum fenfum exhibent, et tamen ex iisdem materiis nati funt:
#Text=
#Text=B
#Text=
#Text=
#Text=
#Text=sc.
#Text=em
#Text=
#Text=
#Text=
#Text=pe
#Text=
#Text=
#Text=
#Text=d, nt,
#Text=
#Text=
#Text=
#Text='0
#Text=
#Text=
#Text=
#Text=ite et id in
#Text=
#Text=
#Text=
#Text=e
#Text=
#Text=
#Text=
#Text=1
#Text=
#Text=
#Text=
#Text=
#Text=
#Text=fe.
#Text=fpiritus anodynus ex acido minerali et inflammabili, et sulphureus ex acido minerali et inflammabili.
3-1	167-171	Odor	
3-2	173-184	ambrofiacus	
3-3	185-194	fpirituum	
3-4	195-205	anodynorum	
3-5	206-213	dulcium	
3-6	214-216	et	
3-7	217-221	odor	
3-8	222-232	su'phureus	
3-9	233-235	di	
3-10	235-236	-	
3-11	238-249	uerfisfimum	
3-12	250-256	fenfum	
3-13	257-265	exhibent	
3-14	265-266	,	
3-15	267-269	et	
3-16	270-275	tamen	
3-17	276-278	ex	
3-18	279-285	iisdem	
3-19	286-294	materiis	
3-20	295-299	nati	
3-21	300-304	funt	
3-22	304-305	:	
3-23	307-308	B	
3-24	312-314	sc	
3-25	314-315	.	
3-26	316-318	em	
3-27	322-324	pe	
3-28	328-329	d	
3-29	329-330	,	
3-30	331-333	nt	
3-31	333-334	,	
3-32	338-339	'	
3-33	339-340	0	
3-34	344-347	ite	
3-35	348-350	et	
3-36	351-353	id	
3-37	354-356	in	
3-38	360-361	e	
3-39	365-366	1	
3-40	372-374	fe	
3-41	374-375	.	
3-42	376-384	fpiritus	
3-43	385-393	anodynus	
3-44	394-396	ex	
3-45	397-402	acido	
3-46	403-411	minerali	
3-47	412-414	et	
3-48	415-427	inflammabili	
3-49	427-428	,	
3-50	429-431	et	
3-51	432-442	sulphureus	
3-52	443-445	ex	
3-53	446-451	acido	
3-54	452-460	minerali	
3-55	461-463	et	
3-56	464-476	inflammabili	
3-57	476-477	.	

#Text=Vnde E. haec diuerfitas?
4-1	478-482	Vnde	
4-2	483-484	E	
4-3	484-485	.	
4-4	486-490	haec	
4-5	491-501	diuerfitas	
4-6	501-502	?	

#Text=Chemicus tantum intelligit, dum in fynthesi sua videt, diuerfas formas earundem materiarum coiisse.
5-1	503-511	Chemicus	
5-2	512-518	tantum	
5-3	519-529	intelligit	
5-4	529-530	,	
5-5	531-534	dum	
5-6	535-537	in	
5-7	538-546	fynthesi	
5-8	547-550	sua	
5-9	551-556	videt	
5-10	556-557	,	
5-11	558-566	diuerfas	
5-12	567-573	formas	
5-13	574-582	earundem	
5-14	583-593	materiarum	
5-15	594-601	coiisse	
5-16	601-602	.	

#Text=Oleum vini non nifi fubtiliffimam, tenuissimam, mobiliffimam partem acidi mineralis recipit et secum commiscet, et ex hac mistura demum elatus aer et fpiritus aethereum odorem conftituit.
6-1	603-608	Oleum	
6-2	609-613	vini	
6-3	614-617	non	
6-4	618-622	nifi	
6-5	623-636	fubtiliffimam	
6-6	636-637	,	
6-7	638-649	tenuissimam	
6-8	649-650	,	
6-9	651-663	mobiliffimam	
6-10	664-670	partem	
6-11	671-676	acidi	
6-12	677-686	mineralis	
6-13	687-694	recipit	
6-14	695-697	et	
6-15	698-703	secum	
6-16	704-713	commiscet	
6-17	713-714	,	
6-18	715-717	et	
6-19	718-720	ex	
6-20	721-724	hac	
6-21	725-732	mistura	
6-22	733-738	demum	
6-23	739-745	elatus	
6-24	746-749	aer	
6-25	750-752	et	
6-26	753-761	fpiritus	
6-27	762-771	aethereum	
6-28	772-778	odorem	
6-29	779-789	conftituit	
6-30	789-790	.	

#Text=Sed fulphur et olea crassa cum eodem acido minerali commifta non nisi fixam partem recipiunt et fecum miscent, et inde fulphureus odor.
7-1	791-794	Sed	
7-2	795-802	fulphur	
7-3	803-805	et	
7-4	806-810	olea	
7-5	811-817	crassa	
7-6	818-821	cum	
7-7	822-827	eodem	
7-8	828-833	acido	
7-9	834-842	minerali	
7-10	843-851	commifta	
7-11	852-855	non	
7-12	856-860	nisi	
7-13	861-866	fixam	
7-14	867-873	partem	
7-15	874-883	recipiunt	
7-16	884-886	et	
7-17	887-892	fecum	
7-18	893-900	miscent	
7-19	900-901	,	
7-20	902-904	et	
7-21	905-909	inde	
7-22	910-920	fulphureus	
7-23	921-925	odor	
7-24	925-926	.	

#Text=Olea empyreumatica rectificata fuavis odoris funt et ad ambrofiacum pertinent: impura vero et non rectificata foetida funt, acria, amariascula, vnde haec ?
8-1	927-931	Olea	
8-2	932-945	empyreumatica	
8-3	946-957	rectificata	
8-4	958-964	fuavis	
8-5	965-971	odoris	
8-6	972-976	funt	
8-7	977-979	et	
8-8	980-982	ad	
8-9	983-994	ambrofiacum	
8-10	995-1004	pertinent	
8-11	1004-1005	:	
8-12	1006-1012	impura	
8-13	1013-1017	vero	
8-14	1018-1020	et	
8-15	1021-1024	non	
8-16	1025-1036	rectificata	
8-17	1037-1044	foetida	
8-18	1045-1049	funt	
8-19	1049-1050	,	
8-20	1051-1056	acria	
8-21	1056-1057	,	
8-22	1058-1069	amariascula	
8-23	1069-1070	,	
8-24	1071-1075	vnde	
8-25	1076-1080	haec	
8-26	1081-1082	?	

#Text=chemicus videt, quod in oleo empyreumatico elatae terrestres partes quibus fal crassum et ignis elementaris adhaeret, vnde acrimonia, amarities et foetor oritur, nunc per repetitam deftillationem feparentur et nunc purum falcum pura inflammabili parte relinquatur.
9-1	1083-1091	chemicus	
9-2	1092-1097	videt	
9-3	1097-1098	,	
9-4	1099-1103	quod	
9-5	1104-1106	in	
9-6	1107-1111	oleo	
9-7	1112-1125	empyreumatico	
9-8	1126-1132	elatae	
9-9	1133-1143	terrestres	
9-10	1144-1150	partes	
9-11	1151-1157	quibus	
9-12	1158-1161	fal	
9-13	1162-1169	crassum	
9-14	1170-1172	et	
9-15	1173-1178	ignis	
9-16	1179-1190	elementaris	
9-17	1191-1199	adhaeret	
9-18	1199-1200	,	
9-19	1201-1205	vnde	
9-20	1206-1215	acrimonia	
9-21	1215-1216	,	
9-22	1217-1226	amarities	
9-23	1227-1229	et	
9-24	1230-1236	foetor	
9-25	1237-1243	oritur	
9-26	1243-1244	,	
9-27	1245-1249	nunc	
9-28	1250-1253	per	
9-29	1254-1263	repetitam	
9-30	1264-1278	deftillationem	
9-31	1279-1289	feparentur	
9-32	1290-1292	et	
9-33	1293-1297	nunc	
9-34	1298-1303	purum	
9-35	1304-1310	falcum	
9-36	1311-1315	pura	
9-37	1316-1328	inflammabili	
9-38	1329-1334	parte	
9-39	1335-1346	relinquatur	
9-40	1346-1347	.	

#Text=Sic faepius obseruarunt chemici, quod ex sulphure martis croci odor fpiret: non mirum E, quod Crocus talem odorem habeat, cum copiofiffimum inflammabile principium cum terra antacida et tingente infit, vti in floribus falis armoniaci martialibus.
10-1	1348-1351	Sic	
10-2	1352-1359	faepius	
10-3	1360-1371	obseruarunt	
10-4	1372-1379	chemici	
10-5	1379-1380	,	
10-6	1381-1385	quod	
10-7	1386-1388	ex	
10-8	1389-1397	sulphure	
10-9	1398-1404	martis	
10-10	1405-1410	croci	
10-11	1411-1415	odor	
10-12	1416-1422	fpiret	
10-13	1422-1423	:	
10-14	1424-1427	non	
10-15	1428-1433	mirum	
10-16	1434-1435	E	
10-17	1435-1436	,	
10-18	1437-1441	quod	
10-19	1442-1448	Crocus	
10-20	1449-1454	talem	
10-21	1455-1461	odorem	
10-22	1462-1468	habeat	
10-23	1468-1469	,	
10-24	1470-1473	cum	
10-25	1474-1487	copiofiffimum	
10-26	1488-1500	inflammabile	
10-27	1501-1511	principium	
10-28	1512-1515	cum	
10-29	1516-1521	terra	
10-30	1522-1530	antacida	
10-31	1531-1533	et	
10-32	1534-1542	tingente	
10-33	1543-1548	infit	
10-34	1548-1549	,	
10-35	1550-1553	vti	
10-36	1554-1556	in	
10-37	1557-1565	floribus	
10-38	1566-1571	falis	
10-39	1572-1581	armoniaci	
10-40	1582-1593	martialibus	
10-41	1593-1594	.	

#Text=Sic fal essentiale quoque concludere potest chemicus in violae odore , dum fcit, quod is fit in quadam parte falis marini, in vrina terebinthinae imbuta.
11-1	1595-1598	Sic	
11-2	1599-1602	fal	
11-3	1603-1613	essentiale	
11-4	1614-1620	quoque	
11-5	1621-1631	concludere	
11-6	1632-1638	potest	
11-7	1639-1647	chemicus	
11-8	1648-1650	in	
11-9	1651-1657	violae	
11-10	1658-1663	odore	
11-11	1664-1665	,	
11-12	1666-1669	dum	
11-13	1670-1674	fcit	
11-14	1674-1675	,	
11-15	1676-1680	quod	
11-16	1681-1683	is	
11-17	1684-1687	fit	
11-18	1688-1690	in	
11-19	1691-1697	quadam	
11-20	1698-1703	parte	
11-21	1704-1709	falis	
11-22	1710-1716	marini	
11-23	1716-1717	,	
11-24	1718-1720	in	
11-25	1721-1726	vrina	
11-26	1727-1740	terebinthinae	
11-27	1741-1747	imbuta	
11-28	1747-1748	.	

#Text=Et haec adminicula fufficiant ad difpefcendos odores in genera fua
#Text=
#Text=
#Text=
#Text=§.
12-1	1749-1751	Et	
12-2	1752-1756	haec	
12-3	1757-1767	adminicula	
12-4	1768-1778	fufficiant	
12-5	1779-1781	ad	
12-6	1782-1794	difpefcendos	
12-7	1795-1801	odores	
12-8	1802-1804	in	
12-9	1805-1811	genera	
12-10	1812-1815	fua	
12-11	1819-1820	§	
12-12	1820-1821	.	

#Text=IV.
13-1	1822-1824	IV	
13-2	1824-1825	.	

#Text=Hactenus E. diximus de adiumentis, quibus innixi diuidere odores in fua genera possimus: nunc ad eorum usum ipfum tranf.
#Text=eundum est.
14-1	1826-1834	Hactenus	
14-2	1835-1836	E	
14-3	1836-1837	.	
14-4	1838-1845	diximus	
14-5	1846-1848	de	
14-6	1849-1859	adiumentis	
14-7	1859-1860	,	
14-8	1861-1867	quibus	
14-9	1868-1874	innixi	
14-10	1875-1883	diuidere	
14-11	1884-1890	odores	
14-12	1891-1893	in	
14-13	1894-1897	fua	
14-14	1898-1904	genera	
14-15	1905-1913	possimus	
14-16	1913-1914	:	
14-17	1915-1919	nunc	
14-18	1920-1922	ad	
14-19	1923-1928	eorum	
14-20	1929-1933	usum	
14-21	1934-1939	ipfum	
14-22	1940-1945	tranf	
14-23	1945-1946	.	
14-24	1947-1953	eundum	
14-25	1954-1957	est	
14-26	1957-1958	.	

#Text=Et quidem cum veteres nullum perpetuum fundamen.
#Text=tum habuerint, ex quo odores diiudicare potuiflent, inanibus quibusdam nominibus in feptem genera diduxerunt, magis vt nomina, quam res haberent.
15-1	1959-1961	Et	
15-2	1962-1968	quidem	
15-3	1969-1972	cum	
15-4	1973-1980	veteres	
15-5	1981-1987	nullum	
15-6	1988-1997	perpetuum	
15-7	1998-2006	fundamen	
15-8	2006-2007	.	
15-9	2008-2011	tum	
15-10	2012-2021	habuerint	
15-11	2021-2022	,	
15-12	2023-2025	ex	
15-13	2026-2029	quo	
15-14	2030-2036	odores	
15-15	2037-2047	diiudicare	
15-16	2048-2058	potuiflent	
15-17	2058-2059	,	
15-18	2060-2068	inanibus	
15-19	2069-2078	quibusdam	
15-20	2079-2088	nominibus	
15-21	2089-2091	in	
15-22	2092-2098	feptem	
15-23	2099-2105	genera	
15-24	2106-2116	diduxerunt	
15-25	2116-2117	,	
15-26	2118-2123	magis	
15-27	2124-2126	vt	
15-28	2127-2133	nomina	
15-29	2133-2134	,	
15-30	2135-2139	quam	
15-31	2140-2143	res	
15-32	2144-2152	haberent	
15-33	2152-2153	.	

#Text=Nominant E, aromaticum odorem, fragrantem, ambrofiacum, alliaceum, hircinum, tetrum, foetidum et vrinofum nau.
16-1	2154-2162	Nominant	
16-2	2163-2164	E	
16-3	2164-2165	,	
16-4	2166-2176	aromaticum	
16-5	2177-2183	odorem	
16-6	2183-2184	,	
16-7	2185-2195	fragrantem	
16-8	2195-2196	,	
16-9	2197-2208	ambrofiacum	
16-10	2208-2209	,	
16-11	2210-2219	alliaceum	
16-12	2219-2220	,	
16-13	2221-2229	hircinum	
16-14	2229-2230	,	
16-15	2231-2237	tetrum	
16-16	2237-2238	,	
16-17	2239-2247	foetidum	
16-18	2248-2250	et	
16-19	2251-2259	vrinofum	
16-20	2260-2263	nau	
16-21	2263-2264	.	
