{"_context" : {
    "_types" : {
      "DocumentMetaData" : {
        "_feature_types" : {"sofa" : "_ref" } }, 
      "Relation" : {
        "_feature_types" : {"sofa" : "_ref",  "Dependent" : "_ref",  "Governor" : "_ref" } }, 
      "Sentence" : {
        "_feature_types" : {"sofa" : "_ref" } }, 
      "Sofa" : {
        "_feature_types" : {"sofaArray" : "_ref" } }, 
      "Span" : {
        "_feature_types" : {"sofa" : "_ref" } }, 
      "TagsetDescription" : {
        "_feature_types" : {"sofa" : "_ref",  "tags" : "_ref" } }, 
      "Token" : {
        "_feature_types" : {"sofa" : "_ref",  "parent" : "_ref",  "lemma" : "_ref",  "stem" : "_ref",  "pos" : "_ref",  "morph" : "_ref",  "form" : "_ref" } }, 
      "DocumentAnnotation" : {
        "_feature_types" : {"sofa" : "_ref" }, 
        "_subtypes" : ["DocumentMetaData" ] }, 
      "Annotation" : {
        "_feature_types" : {"sofa" : "_ref" }, 
        "_subtypes" : ["DocumentAnnotation",  "Relation",  "Sentence",  "Span",  "TagsetDescription",  "Token" ] }, 
      "AnnotationBase" : {
        "_feature_types" : {"sofa" : "_ref" }, 
        "_subtypes" : ["Annotation" ] }, 
      "TOP" : {
        "_subtypes" : ["AnnotationBase",  "Sofa" ] } } }, 
  "_views" : {
    "_InitialView" : {
      "Relation" : [
        {"sofa" : 1,  "begin" : 184,  "end" : 189,  "Dependent" : 3545,  "Governor" : 3555 }, 
        {"sofa" : 1,  "begin" : 184,  "end" : 189,  "Dependent" : 3545,  "Governor" : 3574 }, 
        {"sofa" : 1,  "begin" : 190,  "end" : 192,  "Dependent" : 3555,  "Governor" : 3550,  "label" : "Anaphoric" }, 
        {"sofa" : 1,  "begin" : 1126,  "end" : 1134,  "Dependent" : 3586,  "Governor" : 3591 } ], 
      "Span" : [3550,  3574,  3545,  3555,  3586,  3591 ], 
      "DocumentMetaData" : [
        {"sofa" : 1,  "end" : 1303,  "language" : "x-unspecified",  "documentTitle" : "076E%20Henry%20Dodwell%201711%20Incense%202__41_distribution_REL.txt",  "documentId" : "teresa",  "documentUri" : "file:/home/dhuser/alessio/inception/repository/project/29/document/11846/source/teresa",  "collectionId" : "file:/home/dhuser/alessio/inception/repository/project/29/document/11846/source/",  "documentBaseUri" : "file:/home/dhuser/alessio/inception/repository/project/29/document/11846/source/",  "isLastSegment" : false } ], 
      "TagsetDescription" : [
        {"sofa" : 1,  "layer" : "webanno.custom.Emotions",  "name" : "Emotion Labels",  "input" : false }, 
        {"sofa" : 1,  "layer" : "custom.Relation",  "name" : "Relation labels",  "input" : false }, 
        {"sofa" : 1,  "layer" : "custom.Span",  "name" : "Smell labels",  "input" : false } ], 
      "Sentence" : [
        {"sofa" : 1,  "end" : 90 }, 
        {"sofa" : 1,  "begin" : 91,  "end" : 119 }, 
        {"sofa" : 1,  "begin" : 120,  "end" : 194 }, 
        {"sofa" : 1,  "begin" : 195,  "end" : 315 }, 
        {"sofa" : 1,  "begin" : 317,  "end" : 425 }, 
        {"sofa" : 1,  "begin" : 427,  "end" : 556 }, 
        {"sofa" : 1,  "begin" : 558,  "end" : 667 }, 
        {"sofa" : 1,  "begin" : 669,  "end" : 953 }, 
        {"sofa" : 1,  "begin" : 955,  "end" : 964 }, 
        {"sofa" : 1,  "begin" : 966,  "end" : 1023 }, 
        {"sofa" : 1,  "begin" : 1025,  "end" : 1303 } ], 
      "Token" : [
        {"sofa" : 1,  "end" : 4 }, 
        {"sofa" : 1,  "begin" : 5,  "end" : 12 }, 
        {"sofa" : 1,  "begin" : 13,  "end" : 22 }, 
        {"sofa" : 1,  "begin" : 23,  "end" : 25 }, 
        {"sofa" : 1,  "begin" : 26,  "end" : 28 }, 
        {"sofa" : 1,  "begin" : 28,  "end" : 29 }, 
        {"sofa" : 1,  "begin" : 30,  "end" : 32 }, 
        {"sofa" : 1,  "begin" : 33,  "end" : 38 }, 
        {"sofa" : 1,  "begin" : 39,  "end" : 48 }, 
        {"sofa" : 1,  "begin" : 49,  "end" : 51 }, 
        {"sofa" : 1,  "begin" : 52,  "end" : 57 }, 
        {"sofa" : 1,  "begin" : 58,  "end" : 61 }, 
        {"sofa" : 1,  "begin" : 62,  "end" : 66 }, 
        {"sofa" : 1,  "begin" : 67,  "end" : 74 }, 
        {"sofa" : 1,  "begin" : 75,  "end" : 77 }, 
        {"sofa" : 1,  "begin" : 78,  "end" : 81 }, 
        {"sofa" : 1,  "begin" : 82,  "end" : 88 }, 
        {"sofa" : 1,  "begin" : 89,  "end" : 90 }, 
        {"sofa" : 1,  "begin" : 91,  "end" : 93 }, 
        {"sofa" : 1,  "begin" : 94,  "end" : 99 }, 
        {"sofa" : 1,  "begin" : 100,  "end" : 105 }, 
        {"sofa" : 1,  "begin" : 106,  "end" : 108 }, 
        {"sofa" : 1,  "begin" : 109,  "end" : 112 }, 
        {"sofa" : 1,  "begin" : 113,  "end" : 118 }, 
        {"sofa" : 1,  "begin" : 118,  "end" : 119 }, 
        {"sofa" : 1,  "begin" : 120,  "end" : 122 }, 
        {"sofa" : 1,  "begin" : 123,  "end" : 127 }, 
        {"sofa" : 1,  "begin" : 128,  "end" : 135 }, 
        {"sofa" : 1,  "begin" : 136,  "end" : 138 }, 
        {"sofa" : 1,  "begin" : 139,  "end" : 144 }, 
        {"sofa" : 1,  "begin" : 145,  "end" : 148 }, 
        {"sofa" : 1,  "begin" : 149,  "end" : 153 }, 
        {"sofa" : 1,  "begin" : 154,  "end" : 156 }, 
        {"sofa" : 1,  "begin" : 157,  "end" : 163 }, 
        {"sofa" : 1,  "begin" : 164,  "end" : 166 }, 
        {"sofa" : 1,  "begin" : 167,  "end" : 172 }, 
        {"sofa" : 1,  "begin" : 173,  "end" : 177 }, 
        {"sofa" : 1,  "begin" : 178,  "end" : 183 }, 
        {"sofa" : 1,  "begin" : 184,  "end" : 189 }, 
        {"sofa" : 1,  "begin" : 190,  "end" : 192 }, 
        {"sofa" : 1,  "begin" : 193,  "end" : 194 }, 
        {"sofa" : 1,  "begin" : 195,  "end" : 196 }, 
        {"sofa" : 1,  "begin" : 197,  "end" : 201 }, 
        {"sofa" : 1,  "begin" : 202,  "end" : 213 }, 
        {"sofa" : 1,  "begin" : 214,  "end" : 219 }, 
        {"sofa" : 1,  "begin" : 220,  "end" : 225 }, 
        {"sofa" : 1,  "begin" : 225,  "end" : 226 }, 
        {"sofa" : 1,  "begin" : 227,  "end" : 229 }, 
        {"sofa" : 1,  "begin" : 230,  "end" : 233 }, 
        {"sofa" : 1,  "begin" : 234,  "end" : 237 }, 
        {"sofa" : 1,  "begin" : 238,  "end" : 241 }, 
        {"sofa" : 1,  "begin" : 242,  "end" : 246 }, 
        {"sofa" : 1,  "begin" : 247,  "end" : 249 }, 
        {"sofa" : 1,  "begin" : 250,  "end" : 261 }, 
        {"sofa" : 1,  "begin" : 262,  "end" : 275 }, 
        {"sofa" : 1,  "begin" : 276,  "end" : 281 }, 
        {"sofa" : 1,  "begin" : 282,  "end" : 285 }, 
        {"sofa" : 1,  "begin" : 286,  "end" : 292 }, 
        {"sofa" : 1,  "begin" : 293,  "end" : 297 }, 
        {"sofa" : 1,  "begin" : 298,  "end" : 300 }, 
        {"sofa" : 1,  "begin" : 301,  "end" : 310 }, 
        {"sofa" : 1,  "begin" : 310,  "end" : 311 }, 
        {"sofa" : 1,  "begin" : 313,  "end" : 314 }, 
        {"sofa" : 1,  "begin" : 314,  "end" : 315 }, 
        {"sofa" : 1,  "begin" : 317,  "end" : 327 }, 
        {"sofa" : 1,  "begin" : 328,  "end" : 331 }, 
        {"sofa" : 1,  "begin" : 332,  "end" : 338 }, 
        {"sofa" : 1,  "begin" : 339,  "end" : 349 }, 
        {"sofa" : 1,  "begin" : 349,  "end" : 350 }, 
        {"sofa" : 1,  "begin" : 351,  "end" : 353 }, 
        {"sofa" : 1,  "begin" : 354,  "end" : 358 }, 
        {"sofa" : 1,  "begin" : 358,  "end" : 359 }, 
        {"sofa" : 1,  "begin" : 360,  "end" : 363 }, 
        {"sofa" : 1,  "begin" : 364,  "end" : 368 }, 
        {"sofa" : 1,  "begin" : 369,  "end" : 372 }, 
        {"sofa" : 1,  "begin" : 372,  "end" : 373 }, 
        {"sofa" : 1,  "begin" : 374,  "end" : 378 }, 
        {"sofa" : 1,  "begin" : 379,  "end" : 382 }, 
        {"sofa" : 1,  "begin" : 382,  "end" : 383 }, 
        {"sofa" : 1,  "begin" : 384,  "end" : 386 }, 
        {"sofa" : 1,  "begin" : 387,  "end" : 390 }, 
        {"sofa" : 1,  "begin" : 391,  "end" : 399 }, 
        {"sofa" : 1,  "begin" : 399,  "end" : 400 }, 
        {"sofa" : 1,  "begin" : 401,  "end" : 403 }, 
        {"sofa" : 1,  "begin" : 403,  "end" : 404 }, 
        {"sofa" : 1,  "begin" : 405,  "end" : 407 }, 
        {"sofa" : 1,  "begin" : 408,  "end" : 412 }, 
        {"sofa" : 1,  "begin" : 413,  "end" : 416 }, 
        {"sofa" : 1,  "begin" : 417,  "end" : 420 }, 
        {"sofa" : 1,  "begin" : 421,  "end" : 424 }, 
        {"sofa" : 1,  "begin" : 424,  "end" : 425 }, 
        {"sofa" : 1,  "begin" : 427,  "end" : 430 }, 
        {"sofa" : 1,  "begin" : 431,  "end" : 433 }, 
        {"sofa" : 1,  "begin" : 434,  "end" : 436 }, 
        {"sofa" : 1,  "begin" : 437,  "end" : 449 }, 
        {"sofa" : 1,  "begin" : 450,  "end" : 461 }, 
        {"sofa" : 1,  "begin" : 461,  "end" : 462 }, 
        {"sofa" : 1,  "begin" : 463,  "end" : 465 }, 
        {"sofa" : 1,  "begin" : 466,  "end" : 471 }, 
        {"sofa" : 1,  "begin" : 472,  "end" : 476 }, 
        {"sofa" : 1,  "begin" : 477,  "end" : 479 }, 
        {"sofa" : 1,  "begin" : 480,  "end" : 485 }, 
        {"sofa" : 1,  "begin" : 486,  "end" : 492 }, 
        {"sofa" : 1,  "begin" : 492,  "end" : 493 }, 
        {"sofa" : 1,  "begin" : 494,  "end" : 499 }, 
        {"sofa" : 1,  "begin" : 500,  "end" : 503 }, 
        {"sofa" : 1,  "begin" : 503,  "end" : 504 }, 
        {"sofa" : 1,  "begin" : 504,  "end" : 508 }, 
        {"sofa" : 1,  "begin" : 510,  "end" : 514 }, 
        {"sofa" : 1,  "begin" : 515,  "end" : 521 }, 
        {"sofa" : 1,  "begin" : 522,  "end" : 528 }, 
        {"sofa" : 1,  "begin" : 529,  "end" : 531 }, 
        {"sofa" : 1,  "begin" : 532,  "end" : 536 }, 
        {"sofa" : 1,  "begin" : 537,  "end" : 540 }, 
        {"sofa" : 1,  "begin" : 541,  "end" : 547 }, 
        {"sofa" : 1,  "begin" : 548,  "end" : 549 }, 
        {"sofa" : 1,  "begin" : 550,  "end" : 555 }, 
        {"sofa" : 1,  "begin" : 555,  "end" : 556 }, 
        {"sofa" : 1,  "begin" : 558,  "end" : 560 }, 
        {"sofa" : 1,  "begin" : 561,  "end" : 566 }, 
        {"sofa" : 1,  "begin" : 567,  "end" : 570 }, 
        {"sofa" : 1,  "begin" : 571,  "end" : 574 }, 
        {"sofa" : 1,  "begin" : 575,  "end" : 577 }, 
        {"sofa" : 1,  "begin" : 578,  "end" : 580 }, 
        {"sofa" : 1,  "begin" : 581,  "end" : 584 }, 
        {"sofa" : 1,  "begin" : 585,  "end" : 595 }, 
        {"sofa" : 1,  "begin" : 596,  "end" : 598 }, 
        {"sofa" : 1,  "begin" : 599,  "end" : 602 }, 
        {"sofa" : 1,  "begin" : 603,  "end" : 606 }, 
        {"sofa" : 1,  "begin" : 607,  "end" : 610 }, 
        {"sofa" : 1,  "begin" : 611,  "end" : 617 }, 
        {"sofa" : 1,  "begin" : 618,  "end" : 627 }, 
        {"sofa" : 1,  "begin" : 627,  "end" : 628 }, 
        {"sofa" : 1,  "begin" : 629,  "end" : 631 }, 
        {"sofa" : 1,  "begin" : 632,  "end" : 639 }, 
        {"sofa" : 1,  "begin" : 640,  "end" : 643 }, 
        {"sofa" : 1,  "begin" : 644,  "end" : 651 }, 
        {"sofa" : 1,  "begin" : 652,  "end" : 654 }, 
        {"sofa" : 1,  "begin" : 655,  "end" : 662 }, 
        {"sofa" : 1,  "begin" : 662,  "end" : 663 }, 
        {"sofa" : 1,  "begin" : 665,  "end" : 666 }, 
        {"sofa" : 1,  "begin" : 666,  "end" : 667 }, 
        {"sofa" : 1,  "begin" : 669,  "end" : 671 }, 
        {"sofa" : 1,  "begin" : 672,  "end" : 680 }, 
        {"sofa" : 1,  "begin" : 681,  "end" : 684 }, 
        {"sofa" : 1,  "begin" : 685,  "end" : 694 }, 
        {"sofa" : 1,  "begin" : 695,  "end" : 705 }, 
        {"sofa" : 1,  "begin" : 706,  "end" : 708 }, 
        {"sofa" : 1,  "begin" : 709,  "end" : 716 }, 
        {"sofa" : 1,  "begin" : 717,  "end" : 719 }, 
        {"sofa" : 1,  "begin" : 720,  "end" : 724 }, 
        {"sofa" : 1,  "begin" : 725,  "end" : 727 }, 
        {"sofa" : 1,  "begin" : 728,  "end" : 732 }, 
        {"sofa" : 1,  "begin" : 732,  "end" : 733 }, 
        {"sofa" : 1,  "begin" : 734,  "end" : 737 }, 
        {"sofa" : 1,  "begin" : 738,  "end" : 744 }, 
        {"sofa" : 1,  "begin" : 745,  "end" : 747 }, 
        {"sofa" : 1,  "begin" : 748,  "end" : 750 }, 
        {"sofa" : 1,  "begin" : 751,  "end" : 756 }, 
        {"sofa" : 1,  "begin" : 757,  "end" : 767 }, 
        {"sofa" : 1,  "begin" : 767,  "end" : 768 }, 
        {"sofa" : 1,  "begin" : 769,  "end" : 771 }, 
        {"sofa" : 1,  "begin" : 772,  "end" : 781 }, 
        {"sofa" : 1,  "begin" : 782,  "end" : 784 }, 
        {"sofa" : 1,  "begin" : 785,  "end" : 789 }, 
        {"sofa" : 1,  "begin" : 790,  "end" : 802 }, 
        {"sofa" : 1,  "begin" : 802,  "end" : 803 }, 
        {"sofa" : 1,  "begin" : 804,  "end" : 807 }, 
        {"sofa" : 1,  "begin" : 808,  "end" : 812 }, 
        {"sofa" : 1,  "begin" : 813,  "end" : 817 }, 
        {"sofa" : 1,  "begin" : 818,  "end" : 820 }, 
        {"sofa" : 1,  "begin" : 821,  "end" : 824 }, 
        {"sofa" : 1,  "begin" : 825,  "end" : 834 }, 
        {"sofa" : 1,  "begin" : 834,  "end" : 835 }, 
        {"sofa" : 1,  "begin" : 836,  "end" : 845 }, 
        {"sofa" : 1,  "begin" : 846,  "end" : 849 }, 
        {"sofa" : 1,  "begin" : 850,  "end" : 860 }, 
        {"sofa" : 1,  "begin" : 861,  "end" : 864 }, 
        {"sofa" : 1,  "begin" : 865,  "end" : 875 }, 
        {"sofa" : 1,  "begin" : 876,  "end" : 885 }, 
        {"sofa" : 1,  "begin" : 885,  "end" : 886 }, 
        {"sofa" : 1,  "begin" : 887,  "end" : 891 }, 
        {"sofa" : 1,  "begin" : 892,  "end" : 895 }, 
        {"sofa" : 1,  "begin" : 896,  "end" : 898 }, 
        {"sofa" : 1,  "begin" : 899,  "end" : 906 }, 
        {"sofa" : 1,  "begin" : 906,  "end" : 907 }, 
        {"sofa" : 1,  "begin" : 908,  "end" : 911 }, 
        {"sofa" : 1,  "begin" : 912,  "end" : 914 }, 
        {"sofa" : 1,  "begin" : 915,  "end" : 920 }, 
        {"sofa" : 1,  "begin" : 921,  "end" : 929 }, 
        {"sofa" : 1,  "begin" : 930,  "end" : 931 }, 
        {"sofa" : 1,  "begin" : 931,  "end" : 932 }, 
        {"sofa" : 1,  "begin" : 933,  "end" : 937 }, 
        {"sofa" : 1,  "begin" : 938,  "end" : 941 }, 
        {"sofa" : 1,  "begin" : 942,  "end" : 950 }, 
        {"sofa" : 1,  "begin" : 951,  "end" : 952 }, 
        {"sofa" : 1,  "begin" : 952,  "end" : 953 }, 
        {"sofa" : 1,  "begin" : 955,  "end" : 963 }, 
        {"sofa" : 1,  "begin" : 963,  "end" : 964 }, 
        {"sofa" : 1,  "begin" : 966,  "end" : 967 }, 
        {"sofa" : 1,  "begin" : 968,  "end" : 977 }, 
        {"sofa" : 1,  "begin" : 978,  "end" : 987 }, 
        {"sofa" : 1,  "begin" : 988,  "end" : 990 }, 
        {"sofa" : 1,  "begin" : 991,  "end" : 1000 }, 
        {"sofa" : 1,  "begin" : 1001,  "end" : 1004 }, 
        {"sofa" : 1,  "begin" : 1005,  "end" : 1006 }, 
        {"sofa" : 1,  "begin" : 1007,  "end" : 1016 }, 
        {"sofa" : 1,  "begin" : 1017,  "end" : 1022 }, 
        {"sofa" : 1,  "begin" : 1022,  "end" : 1023 }, 
        {"sofa" : 1,  "begin" : 1025,  "end" : 1029 }, 
        {"sofa" : 1,  "begin" : 1030,  "end" : 1032 }, 
        {"sofa" : 1,  "begin" : 1033,  "end" : 1041 }, 
        {"sofa" : 1,  "begin" : 1042,  "end" : 1045 }, 
        {"sofa" : 1,  "begin" : 1046,  "end" : 1050 }, 
        {"sofa" : 1,  "begin" : 1051,  "end" : 1054 }, 
        {"sofa" : 1,  "begin" : 1055,  "end" : 1058 }, 
        {"sofa" : 1,  "begin" : 1058,  "end" : 1059 }, 
        {"sofa" : 1,  "begin" : 1060,  "end" : 1063 }, 
        {"sofa" : 1,  "begin" : 1064,  "end" : 1068 }, 
        {"sofa" : 1,  "begin" : 1069,  "end" : 1072 }, 
        {"sofa" : 1,  "begin" : 1073,  "end" : 1078 }, 
        {"sofa" : 1,  "begin" : 1079,  "end" : 1084 }, 
        {"sofa" : 1,  "begin" : 1085,  "end" : 1087 }, 
        {"sofa" : 1,  "begin" : 1088,  "end" : 1091 }, 
        {"sofa" : 1,  "begin" : 1092,  "end" : 1099 }, 
        {"sofa" : 1,  "begin" : 1100,  "end" : 1103 }, 
        {"sofa" : 1,  "begin" : 1104,  "end" : 1113 }, 
        {"sofa" : 1,  "begin" : 1114,  "end" : 1120 }, 
        {"sofa" : 1,  "begin" : 1120,  "end" : 1121 }, 
        {"sofa" : 1,  "begin" : 1122,  "end" : 1125 }, 
        {"sofa" : 1,  "begin" : 1126,  "end" : 1134 }, 
        {"sofa" : 1,  "begin" : 1135,  "end" : 1142 }, 
        {"sofa" : 1,  "begin" : 1142,  "end" : 1143 }, 
        {"sofa" : 1,  "begin" : 1144,  "end" : 1149 }, 
        {"sofa" : 1,  "begin" : 1150,  "end" : 1152 }, 
        {"sofa" : 1,  "begin" : 1153,  "end" : 1156 }, 
        {"sofa" : 1,  "begin" : 1157,  "end" : 1164 }, 
        {"sofa" : 1,  "begin" : 1165,  "end" : 1169 }, 
        {"sofa" : 1,  "begin" : 1170,  "end" : 1176 }, 
        {"sofa" : 1,  "begin" : 1177,  "end" : 1182 }, 
        {"sofa" : 1,  "begin" : 1182,  "end" : 1183 }, 
        {"sofa" : 1,  "begin" : 1184,  "end" : 1187 }, 
        {"sofa" : 1,  "begin" : 1188,  "end" : 1192 }, 
        {"sofa" : 1,  "begin" : 1193,  "end" : 1206 }, 
        {"sofa" : 1,  "begin" : 1206,  "end" : 1207 }, 
        {"sofa" : 1,  "begin" : 1208,  "end" : 1213 }, 
        {"sofa" : 1,  "begin" : 1214,  "end" : 1216 }, 
        {"sofa" : 1,  "begin" : 1217,  "end" : 1220 }, 
        {"sofa" : 1,  "begin" : 1221,  "end" : 1227 }, 
        {"sofa" : 1,  "begin" : 1228,  "end" : 1232 }, 
        {"sofa" : 1,  "begin" : 1233,  "end" : 1235 }, 
        {"sofa" : 1,  "begin" : 1236,  "end" : 1239 }, 
        {"sofa" : 1,  "begin" : 1240,  "end" : 1242 }, 
        {"sofa" : 1,  "begin" : 1243,  "end" : 1252 }, 
        {"sofa" : 1,  "begin" : 1252,  "end" : 1253 }, 
        {"sofa" : 1,  "begin" : 1254,  "end" : 1257 }, 
        {"sofa" : 1,  "begin" : 1258,  "end" : 1260 }, 
        {"sofa" : 1,  "begin" : 1261,  "end" : 1266 }, 
        {"sofa" : 1,  "begin" : 1267,  "end" : 1270 }, 
        {"sofa" : 1,  "begin" : 1270,  "end" : 1271 }, 
        {"sofa" : 1,  "begin" : 1272,  "end" : 1274 }, 
        {"sofa" : 1,  "begin" : 1275,  "end" : 1285 }, 
        {"sofa" : 1,  "begin" : 1286,  "end" : 1290 }, 
        {"sofa" : 1,  "begin" : 1291,  "end" : 1293 }, 
        {"sofa" : 1,  "begin" : 1294,  "end" : 1297 }, 
        {"sofa" : 1,  "begin" : 1298,  "end" : 1302 }, 
        {"sofa" : 1,  "begin" : 1302,  "end" : 1303 } ] } }, 
  "_referenced_fss" : {
    "1" : {"_type" : "Sofa",  "sofaNum" : 1,  "sofaID" : "_InitialView",  "mimeType" : "text",  "sofaString" : "What Madness therefore is it, to offer Sacrifice to those who know nothing of the Matter ? To bring Light to the Blind? To burn Incense to those who have no Breath by which they might smell it ? I have transcribed these Words, to let you see that he comprehends Thurification under the common Name of Sacrifice. \n2. \nConcerning the Jewish Sacrifices, he adds: Sed atis oti. ofum eft, in his demorari, qu£ in toto jam non fnt. \nBut it is sufficiently impertinent, to spend time on these things, which now,have \nhave wholly ceased to have any longer a Being. \nHe could not say so if the Christians of his Age had either continued, or revived the Pratice of Incense. \n3. \nHe mentions the Christian Sacrifices as opposed to both of them, and allows of no other Sacrifices, as agreeable to this Dispensation, but only such as are spiritual: Spiritali Deo sacrifitnm efi necesserim spiritale, quod non ex facctlo, fed ex corde profertr r: quod non branwois r. \nbrovoJis. \nA Spiritual Sacrifice is necessary for a spiritual Being. \nSuch as proceeds not from the Bag, bat from the Heart which is the Produaf not offinking Cattle, but perfumed Manners; Ihich is not offered with bloody Hands, but ptre understanding; Which is not killed that it may be deflroyed, but as Isaac was, is Sacrificed that it may live." }, 
    "3545" : {"_type" : "Span",  "sofa" : 1,  "begin" : 184,  "end" : 189,  "label" : "Smell_Word" }, 
    "3555" : {"_type" : "Span",  "sofa" : 1,  "begin" : 190,  "end" : 192,  "label" : "Smell_Source" }, 
    "3574" : {"_type" : "Span",  "sofa" : 1,  "begin" : 173,  "end" : 177,  "label" : "Perceiver" }, 
    "3550" : {"_type" : "Span",  "sofa" : 1,  "begin" : 128,  "end" : 135,  "label" : "Smell_Source" }, 
    "3586" : {"_type" : "Span",  "sofa" : 1,  "begin" : 1126,  "end" : 1134,  "label" : "Smell_Word" }, 
    "3591" : {"_type" : "Span",  "sofa" : 1,  "begin" : 1135,  "end" : 1142,  "label" : "Smell_Source" } } }