#FORMAT=WebAnno TSV 3.3
#T_SP=custom.Span|label


#Text=fuͤglich
#Text=
#Text=wider allen Gift bedienen.
1-1	2-10	fuͤglich	_	
1-2	12-17	wider	_	
1-3	18-23	allen	_	
1-4	24-28	Gift	_	
1-5	29-37	bedienen	_	
1-6	37-38	.	_	

#Text=Die doſis
#Text=iſt von einem Quintlein bis auf ein hal-
#Text=bes Loth, in einem dienlichen liquore.
2-1	39-42	Die	_	
2-2	43-48	doſis	_	
2-3	49-52	iſt	_	
2-4	53-56	von	_	
2-5	57-62	einem	_	
2-6	63-72	Quintlein	_	
2-7	73-76	bis	_	
2-8	77-80	auf	_	
2-9	81-84	ein	_	
2-10	85-88	hal	_	
2-11	88-89	-	_	
2-12	90-93	bes	_	
2-13	94-98	Loth	_	
2-14	98-99	,	_	
2-15	100-102	in	_	
2-16	103-108	einem	_	
2-17	109-119	dienlichen	_	
2-18	120-127	liquore	_	
2-19	127-128	.	_	

#Text=Man giebt es auch bisweilen alleine,
#Text=iedoch in weit geringerer doſi.
3-1	130-133	Man	_	
3-2	134-139	giebt	_	
3-3	140-142	es	_	
3-4	143-147	auch	_	
3-5	148-157	bisweilen	_	
3-6	158-165	alleine	_	
3-7	165-166	,	_	
3-8	167-173	iedoch	_	
3-9	174-176	in	_	
3-10	177-181	weit	_	
3-11	182-192	geringerer	_	
3-12	193-197	doſi	_	
3-13	197-198	.	_	

#Text=Der Herr Charras meldet gleich-
#Text=falls, daß es Leute gebe, welche ein the-
#Text=riacaliſches Waſſer von Theriac ma-
#Text=chen, den ſie in gleichen Theilen Wein-
#Text=geiſt und
#Text=diſtillirtem Weineßig aufgeloͤ-
#Text=ſet und zergehen laſſen.
4-1	202-205	Der	_	
4-2	206-210	Herr	_	
4-3	211-218	Charras	_	
4-4	219-225	meldet	_	
4-5	226-232	gleich	_	
4-6	232-233	-	_	
4-7	234-239	falls	_	
4-8	239-240	,	_	
4-9	241-244	daß	_	
4-10	245-247	es	_	
4-11	248-253	Leute	_	
4-12	254-258	gebe	_	
4-13	258-259	,	_	
4-14	260-266	welche	_	
4-15	267-270	ein	_	
4-16	271-274	the	_	
4-17	274-275	-	_	
4-18	276-288	riacaliſches	_	
4-19	289-295	Waſſer	_	
4-20	296-299	von	_	
4-21	300-307	Theriac	_	
4-22	308-310	ma	_	
4-23	310-311	-	_	
4-24	312-316	chen	_	
4-25	316-317	,	_	
4-26	318-321	den	_	
4-27	322-325	ſie	_	
4-28	326-328	in	_	
4-29	329-337	gleichen	_	
4-30	338-345	Theilen	_	
4-31	346-350	Wein	_	
4-32	350-351	-	_	
4-33	352-357	geiſt	_	
4-34	358-361	und	_	
4-35	362-374	diſtillirtem	_	
4-36	375-383	Weineßig	_	
4-37	384-392	aufgeloͤ	_	
4-38	392-393	-	_	
4-39	394-397	ſet	_	
4-40	398-401	und	_	
4-41	402-410	zergehen	_	
4-42	411-417	laſſen	_	
4-43	417-418	.	_	

#Text=So koͤnte man auch zu frieden ſeyn,
#Text=wenn man augenblicklich ein gutes the-
#Text=riacaliſches Waſſer haben muͤſte, uñ den
#Text=Theriac nur in Weinſpiritus zergehen
#Text=
#Text=laſſen, bevoraus zum aͤuſſerlichen Ge-
#Text=brauch; oder aber in recht ſtarcken
#Text=Weineßig,
#Text=wenn man einen Gifteßig
#Text=haben wolte, der zum riechen und wie-
#Text=der die boͤſe Luft dienen koͤnte, damit
#Text=man auch die Pulſe und die Haͤnde, die
#Text=Schlaͤffe und die Naſenloͤcher beſtrei-
#Text=chen koͤnte.
5-1	422-424	So	_	
5-2	425-431	koͤnte	_	
5-3	432-435	man	_	
5-4	436-440	auch	_	
5-5	441-443	zu	_	
5-6	444-451	frieden	_	
5-7	452-456	ſeyn	_	
5-8	456-457	,	_	
5-9	458-462	wenn	_	
5-10	463-466	man	_	
5-11	467-481	augenblicklich	_	
5-12	482-485	ein	_	
5-13	486-491	gutes	_	
5-14	492-495	the	_	
5-15	495-496	-	_	
5-16	497-509	riacaliſches	_	
5-17	510-516	Waſſer	_	
5-18	517-522	haben	_	
5-19	523-529	muͤſte	_	
5-20	529-530	,	_	
5-21	531-534	uñ	_	
5-22	535-538	den	_	
5-23	539-546	Theriac	_	
5-24	547-550	nur	_	
5-25	551-553	in	_	
5-26	554-566	Weinſpiritus	_	
5-27	567-575	zergehen	_	
5-28	577-583	laſſen	_	
5-29	583-584	,	_	
5-30	585-593	bevoraus	_	
5-31	594-597	zum	_	
5-32	598-611	aͤuſſerlichen	_	
5-33	612-614	Ge	_	
5-34	614-615	-	_	
5-35	616-622	brauch	_	
5-36	622-623	;	_	
5-37	624-628	oder	_	
5-38	629-633	aber	_	
5-39	634-636	in	_	
5-40	637-642	recht	_	
5-41	643-651	ſtarcken	_	
5-42	652-660	Weineßig	Smell\_Source	
5-43	660-661	,	_	
5-44	662-666	wenn	_	
5-45	667-670	man	_	
5-46	671-676	einen	_	
5-47	677-685	Gifteßig	_	
5-48	686-691	haben	_	
5-49	692-697	wolte	_	
5-50	697-698	,	_	
5-51	699-702	der	_	
5-52	703-706	zum	_	
5-53	707-714	riechen	Smell\_Word	
5-54	715-718	und	_	
5-55	719-722	wie	_	
5-56	722-723	-	_	
5-57	724-727	der	_	
5-58	728-731	die	_	
5-59	732-737	boͤſe	_	
5-60	738-742	Luft	_	
5-61	743-749	dienen	_	
5-62	750-756	koͤnte	_	
5-63	756-757	,	_	
5-64	758-763	damit	_	
5-65	764-767	man	_	
5-66	768-772	auch	_	
5-67	773-776	die	_	
5-68	777-782	Pulſe	_	
5-69	783-786	und	_	
5-70	787-790	die	_	
5-71	791-797	Haͤnde	_	
5-72	797-798	,	_	
5-73	799-802	die	_	
5-74	803-812	Schlaͤffe	_	
5-75	813-816	und	_	
5-76	817-820	die	_	
5-77	821-833	Naſenloͤcher	_	
5-78	834-841	beſtrei	_	
5-79	841-842	-	_	
5-80	843-847	chen	_	
5-81	848-854	koͤnte	_	
5-82	854-855	.	_	

#Text=Zu anfangs, als der Orvietan in
#Text=Franckreich bekannt wurde, lieſſen
#Text=wir ihn von Rom und von andern Or-
#Text=ten in Jtalien bringen, z.
6-1	859-861	Zu	_	
6-2	862-869	anfangs	_	
6-3	869-870	,	_	
6-4	871-874	als	_	
6-5	875-878	der	_	
6-6	879-887	Orvietan	_	
6-7	888-890	in	_	
6-8	891-902	Franckreich	_	
6-9	903-910	bekannt	_	
6-10	911-916	wurde	_	
6-11	916-917	,	_	
6-12	918-925	lieſſen	_	
6-13	926-929	wir	_	
6-14	930-933	ihn	_	
6-15	934-937	von	_	
6-16	938-941	Rom	_	
6-17	942-945	und	_	
6-18	946-949	von	_	
6-19	950-956	andern	_	
6-20	957-959	Or	_	
6-21	959-960	-	_	
6-22	961-964	ten	_	
6-23	965-967	in	_	
6-24	968-975	Jtalien	_	
6-25	976-983	bringen	_	
6-26	983-984	,	_	
6-27	985-986	z	_	
6-28	986-987	.	_	

#Text=E. von Or-
#Text=
#Text=vieta, daher er auch ſeinen Namen be-
#Text=kommen;
#Text=allein, ſeit dem der Herr
#Text=Contugi nach Paris gekommen, und
#Text=unter dem Fuͤrwand einer koͤniglichen
#Text=Vergoͤnſtigung, ſich alleine zum Herrn
#Text=daruͤber machen wollen, ſo haben die
#Text=Droguiſten denſelben Handel faͤhren
#Text=
#Text=laſſen, entweder aus allzugroſſer
#Text=Furcht, oder auch, weil der Vertreib
#Text=nicht eben gar zu ſtarck war.
7-1	988-989	E	_	
7-2	989-990	.	_	
7-3	991-994	von	_	
7-4	995-997	Or	_	
7-5	997-998	-	_	
7-6	1000-1005	vieta	_	
7-7	1005-1006	,	_	
7-8	1007-1012	daher	_	
7-9	1013-1015	er	_	
7-10	1016-1020	auch	_	
7-11	1021-1027	ſeinen	_	
7-12	1028-1033	Namen	_	
7-13	1034-1036	be	_	
7-14	1036-1037	-	_	
7-15	1038-1044	kommen	_	
7-16	1044-1045	;	_	
7-17	1046-1052	allein	_	
7-18	1052-1053	,	_	
7-19	1054-1058	ſeit	_	
7-20	1059-1062	dem	_	
7-21	1063-1066	der	_	
7-22	1067-1071	Herr	_	
7-23	1072-1079	Contugi	_	
7-24	1080-1084	nach	_	
7-25	1085-1090	Paris	_	
7-26	1091-1099	gekommen	_	
7-27	1099-1100	,	_	
7-28	1101-1104	und	_	
7-29	1105-1110	unter	_	
7-30	1111-1114	dem	_	
7-31	1115-1123	Fuͤrwand	_	
7-32	1124-1129	einer	_	
7-33	1130-1142	koͤniglichen	_	
7-34	1143-1157	Vergoͤnſtigung	_	
7-35	1157-1158	,	_	
7-36	1159-1163	ſich	_	
7-37	1164-1171	alleine	_	
7-38	1172-1175	zum	_	
7-39	1176-1181	Herrn	_	
7-40	1182-1190	daruͤber	_	
7-41	1191-1197	machen	_	
7-42	1198-1204	wollen	_	
7-43	1204-1205	,	_	
7-44	1206-1208	ſo	_	
7-45	1209-1214	haben	_	
7-46	1215-1218	die	_	
7-47	1219-1229	Droguiſten	_	
7-48	1230-1239	denſelben	_	
7-49	1240-1246	Handel	_	
7-50	1247-1254	faͤhren	_	
7-51	1256-1262	laſſen	_	
7-52	1262-1263	,	_	
7-53	1264-1272	entweder	_	
7-54	1273-1276	aus	_	
7-55	1277-1289	allzugroſſer	_	
7-56	1290-1296	Furcht	_	
7-57	1296-1297	,	_	
7-58	1298-1302	oder	_	
7-59	1303-1307	auch	_	
7-60	1307-1308	,	_	
7-61	1309-1313	weil	_	
7-62	1314-1317	der	_	
7-63	1318-1326	Vertreib	_	
7-64	1327-1332	nicht	_	
7-65	1333-1337	eben	_	
7-66	1338-1341	gar	_	
7-67	1342-1344	zu	_	
7-68	1345-1351	ſtarck	_	
7-69	1352-1355	war	_	
7-70	1355-1356	.	_	

#Text=Hernach-
#Text=
#Text=mahls aber erfuhren ſie, daß Seine
#Text=Majeſtaͤt, als ſie dem Contugi das
#Text=Privilegium und Freyheit, den Orvie-
#Text=tan in Paris zu vertreiben und zu ver-
#Text=kauffen, ertheilet, nicht geſonnen gewe-
#Text=ſen, denen Spezereyhaͤndlern zu ver-
#Text=wehren, daß ſie ihn auch anderswoher
#Text=kommen lieſſen, noch den Apotheckern,
#Text=denſelben zu bereiten, damit Franck-
#Text=reich eines ſo bewaͤhrten und hoͤchſt
#Text=nuͤtzlichen Artzneymittels nicht berau-
#Text=bet wuͤrde;
#Text=zumahl mehr denn zu ge-
#Text=wiß waͤre, daß ohnerachtet aller Vor-
#Text=ſichtigkeit, die Contugi zur Bereitung
#Text=dieſes Gegengiftes angewendet, er den-
#Text=noch denſelben nicht ſo, wie in Jtalien,
#Text=zurichten koͤnnen, dieweil die in groſſer
#Text=Anzahl dazu gehoͤrigen Stuͤcke in
#Text=Franckreich die Kraͤfte nicht haben, als
#Text=wie in Jtalien/ welches ein warmes
#Text=Land, in dem die Kraͤuter und Wur-
#Text=tzeln viel groͤſſere Kraft haben.
8-1	1357-1364	Hernach	_	
8-2	1364-1365	-	_	
8-3	1367-1372	mahls	_	
8-4	1373-1377	aber	_	
8-5	1378-1386	erfuhren	_	
8-6	1387-1390	ſie	_	
8-7	1390-1391	,	_	
8-8	1392-1395	daß	_	
8-9	1396-1401	Seine	_	
8-10	1402-1411	Majeſtaͤt	_	
8-11	1411-1412	,	_	
8-12	1413-1416	als	_	
8-13	1417-1420	ſie	_	
8-14	1421-1424	dem	_	
8-15	1425-1432	Contugi	_	
8-16	1433-1436	das	_	
8-17	1437-1448	Privilegium	_	
8-18	1449-1452	und	_	
8-19	1453-1461	Freyheit	_	
8-20	1461-1462	,	_	
8-21	1463-1466	den	_	
8-22	1467-1472	Orvie	_	
8-23	1472-1473	-	_	
8-24	1474-1477	tan	_	
8-25	1478-1480	in	_	
8-26	1481-1486	Paris	_	
8-27	1487-1489	zu	_	
8-28	1490-1500	vertreiben	_	
8-29	1501-1504	und	_	
8-30	1505-1507	zu	_	
8-31	1508-1511	ver	_	
8-32	1511-1512	-	_	
8-33	1513-1520	kauffen	_	
8-34	1520-1521	,	_	
8-35	1522-1531	ertheilet	_	
8-36	1531-1532	,	_	
8-37	1533-1538	nicht	_	
8-38	1539-1547	geſonnen	_	
8-39	1548-1552	gewe	_	
8-40	1552-1553	-	_	
8-41	1554-1557	ſen	_	
8-42	1557-1558	,	_	
8-43	1559-1564	denen	_	
8-44	1565-1582	Spezereyhaͤndlern	_	
8-45	1583-1585	zu	_	
8-46	1586-1589	ver	_	
8-47	1589-1590	-	_	
8-48	1591-1597	wehren	_	
8-49	1597-1598	,	_	
8-50	1599-1602	daß	_	
8-51	1603-1606	ſie	_	
8-52	1607-1610	ihn	_	
8-53	1611-1615	auch	_	
8-54	1616-1627	anderswoher	_	
8-55	1628-1634	kommen	_	
8-56	1635-1642	lieſſen	_	
8-57	1642-1643	,	_	
8-58	1644-1648	noch	_	
8-59	1649-1652	den	_	
8-60	1653-1664	Apotheckern	_	
8-61	1664-1665	,	_	
8-62	1666-1675	denſelben	_	
8-63	1676-1678	zu	_	
8-64	1679-1687	bereiten	_	
8-65	1687-1688	,	_	
8-66	1689-1694	damit	_	
8-67	1695-1701	Franck	_	
8-68	1701-1702	-	_	
8-69	1703-1708	reich	_	
8-70	1709-1714	eines	_	
8-71	1715-1717	ſo	_	
8-72	1718-1728	bewaͤhrten	_	
8-73	1729-1732	und	_	
8-74	1733-1740	hoͤchſt	_	
8-75	1741-1752	nuͤtzlichen	_	
8-76	1753-1767	Artzneymittels	_	
8-77	1768-1773	nicht	_	
8-78	1774-1779	berau	_	
8-79	1779-1780	-	_	
8-80	1781-1784	bet	_	
8-81	1785-1791	wuͤrde	_	
8-82	1791-1792	;	_	
8-83	1793-1799	zumahl	_	
8-84	1800-1804	mehr	_	
8-85	1805-1809	denn	_	
8-86	1810-1812	zu	_	
8-87	1813-1815	ge	_	
8-88	1815-1816	-	_	
8-89	1817-1820	wiß	_	
8-90	1821-1826	waͤre	_	
8-91	1826-1827	,	_	
8-92	1828-1831	daß	_	
8-93	1832-1843	ohnerachtet	_	
8-94	1844-1849	aller	_	
8-95	1850-1853	Vor	_	
8-96	1853-1854	-	_	
8-97	1855-1866	ſichtigkeit	_	
8-98	1866-1867	,	_	
8-99	1868-1871	die	_	
8-100	1872-1879	Contugi	_	
8-101	1880-1883	zur	_	
8-102	1884-1893	Bereitung	_	
8-103	1894-1900	dieſes	_	
8-104	1901-1912	Gegengiftes	_	
8-105	1913-1923	angewendet	_	
8-106	1923-1924	,	_	
8-107	1925-1927	er	_	
8-108	1928-1931	den	_	
8-109	1931-1932	-	_	
8-110	1933-1937	noch	_	
8-111	1938-1947	denſelben	_	
8-112	1948-1953	nicht	_	
8-113	1954-1956	ſo	_	
8-114	1956-1957	,	_	
8-115	1958-1961	wie	_	
8-116	1962-1964	in	_	
8-117	1965-1972	Jtalien	_	
8-118	1972-1973	,	_	
8-119	1974-1983	zurichten	_	
8-120	1984-1991	koͤnnen	_	
8-121	1991-1992	,	_	
8-122	1993-2000	dieweil	_	
8-123	2001-2004	die	_	
8-124	2005-2007	in	_	
8-125	2008-2015	groſſer	_	
8-126	2016-2022	Anzahl	_	
8-127	2023-2027	dazu	_	
8-128	2028-2038	gehoͤrigen	_	
8-129	2039-2046	Stuͤcke	_	
8-130	2047-2049	in	_	
8-131	2050-2061	Franckreich	_	
8-132	2062-2065	die	_	
8-133	2066-2073	Kraͤfte	_	
8-134	2074-2079	nicht	_	
8-135	2080-2085	haben	_	
8-136	2085-2086	,	_	
8-137	2087-2090	als	_	
8-138	2091-2094	wie	_	
8-139	2095-2097	in	_	
8-140	2098-2105	Jtalien	_	
8-141	2105-2106	/	_	
8-142	2107-2114	welches	_	
8-143	2115-2118	ein	_	
8-144	2119-2125	warmes	_	
8-145	2126-2130	Land	_	
8-146	2130-2131	,	_	
8-147	2132-2134	in	_	
8-148	2135-2138	dem	_	
8-149	2139-2142	die	_	
8-150	2143-2151	Kraͤuter	_	
8-151	2152-2155	und	_	
8-152	2156-2159	Wur	_	
8-153	2159-2160	-	_	
8-154	2161-2166	tzeln	_	
8-155	2167-2171	viel	_	
8-156	2172-2181	groͤſſere	_	
8-157	2182-2187	Kraft	_	
8-158	2188-2193	haben	_	
8-159	2193-2194	.	_	

#Text=Als end-
#Text=lich Contugi ſamt ſeiner Frauen ver-
#Text=ſtorben, war ich zwar willens, die wahr-
#Text=hafte Beſchreibung deſſelben an den
#Text=Tag zu legen, ſamt vielen andern Re-
#Text=cepten mehr, die ich hier und da, wo ich
#Text=geweſen, zuſammengetragen.
9-1	2195-2198	Als	_	
9-2	2199-2202	end	_	
9-3	2202-2203	-	_	
9-4	2204-2208	lich	_	
9-5	2209-2216	Contugi	_	
9-6	2217-2221	ſamt	_	
9-7	2222-2228	ſeiner	_	
9-8	2229-2235	Frauen	_	
9-9	2236-2239	ver	_	
9-10	2239-2240	-	_	
9-11	2241-2248	ſtorben	_	
9-12	2248-2249	,	_	
9-13	2250-2253	war	_	
9-14	2254-2257	ich	_	
9-15	2258-2262	zwar	_	
9-16	2263-2270	willens	_	
9-17	2270-2271	,	_	
9-18	2272-2275	die	_	
9-19	2276-2280	wahr	_	
9-20	2280-2281	-	_	
9-21	2282-2287	hafte	_	
9-22	2288-2300	Beſchreibung	_	
9-23	2301-2310	deſſelben	_	
9-24	2311-2313	an	_	
9-25	2314-2317	den	_	
9-26	2318-2321	Tag	_	
9-27	2322-2324	zu	_	
9-28	2325-2330	legen	_	
9-29	2330-2331	,	_	
9-30	2332-2336	ſamt	_	
9-31	2337-2343	vielen	_	
9-32	2344-2350	andern	_	
9-33	2351-2353	Re	_	
9-34	2353-2354	-	_	
9-35	2355-2361	cepten	_	
9-36	2362-2366	mehr	_	
9-37	2366-2367	,	_	
9-38	2368-2371	die	_	
9-39	2372-2375	ich	_	
9-40	2376-2380	hier	_	
9-41	2381-2384	und	_	
9-42	2385-2387	da	_	
9-43	2387-2388	,	_	
9-44	2389-2391	wo	_	
9-45	2392-2395	ich	_	
9-46	2396-2403	geweſen	_	
9-47	2403-2404	,	_	
9-48	2405-2421	zuſammengetragen	_	
9-49	2421-2422	.	_	

#Text=Allein,
#Text=der Diebſtahl, dadurch mir ein gutes
#Text=Theil meiner geſchriebenen Nachrich-
#Text=ten entwendet worden, deswegen auch
#Text=der Proceß annoch fuͤr Gerichte ſchwe-
#Text=bet, hat ſolches mein Vorhaben zuruͤ-
#Text=cke geſetzt, mich aber in unmaͤßige Un-
#Text=koſten gebracht, die ich auf den Druck
#Text=dieſes Buches verwenden muͤſſen,
10-1	2423-2429	Allein	_	
10-2	2429-2430	,	_	
10-3	2431-2434	der	_	
10-4	2435-2444	Diebſtahl	_	
10-5	2444-2445	,	_	
10-6	2446-2453	dadurch	_	
10-7	2454-2457	mir	_	
10-8	2458-2461	ein	_	
10-9	2462-2467	gutes	_	
10-10	2468-2473	Theil	_	
10-11	2474-2480	meiner	_	
10-12	2481-2494	geſchriebenen	_	
10-13	2495-2503	Nachrich	_	
10-14	2503-2504	-	_	
10-15	2505-2508	ten	_	
10-16	2509-2518	entwendet	_	
10-17	2519-2525	worden	_	
10-18	2525-2526	,	_	
10-19	2527-2535	deswegen	_	
10-20	2536-2540	auch	_	
10-21	2541-2544	der	_	
10-22	2545-2551	Proceß	_	
10-23	2552-2558	annoch	_	
10-24	2559-2563	fuͤr	_	
10-25	2564-2572	Gerichte	_	
10-26	2573-2578	ſchwe	_	
10-27	2578-2579	-	_	
10-28	2580-2583	bet	_	
10-29	2583-2584	,	_	
10-30	2585-2588	hat	_	
10-31	2589-2596	ſolches	_	
10-32	2597-2601	mein	_	
10-33	2602-2610	Vorhaben	_	
10-34	2611-2616	zuruͤ	_	
10-35	2616-2617	-	_	
10-36	2618-2621	cke	_	
10-37	2622-2629	geſetzt	_	
10-38	2629-2630	,	_	
10-39	2631-2635	mich	_	
10-40	2636-2640	aber	_	
10-41	2641-2643	in	_	
10-42	2644-2653	unmaͤßige	_	
10-43	2654-2656	Un	_	
10-44	2656-2657	-	_	
10-45	2658-2664	koſten	_	
10-46	2665-2673	gebracht	_	
10-47	2673-2674	,	_	
10-48	2675-2678	die	_	
10-49	2679-2682	ich	_	
10-50	2683-2686	auf	_	
10-51	2687-2690	den	_	
10-52	2691-2696	Druck	_	
10-53	2697-2703	dieſes	_	
10-54	2704-2710	Buches	_	
10-55	2711-2720	verwenden	_	
10-56	2721-2728	muͤſſen	_	
10-57	2728-2729	,	_	
