#FORMAT=WebAnno TSV 3.3


#Text=Wanneer de Stierman in zyn bestek gedwaalt hadde, spoogen alle de maats hem
#Text=in 't aangezicht, en bespotten hem.
1-1	0-7	Wanneer	
1-2	8-10	de	
1-3	11-19	Stierman	
1-4	20-22	in	
1-5	23-26	zyn	
1-6	27-33	bestek	
1-7	34-42	gedwaalt	
1-8	43-48	hadde	
1-9	48-49	,	
1-10	50-57	spoogen	
1-11	58-62	alle	
1-12	63-65	de	
1-13	66-71	maats	
1-14	72-75	hem	
1-15	76-78	in	
1-16	79-80	'	
1-17	80-81	t	
1-18	82-92	aangezicht	
1-19	92-93	,	
1-20	94-96	en	
1-21	97-106	bespotten	
1-22	107-110	hem	
1-23	110-111	.	

#Text=Die de doodt verdient hadden, wierden de voeten gespoelt, of men liet hen dryven
#Text=in bootkens, zonder eenige spys, of werktuigh, om zich te redden, te midden in de
#Text=+
#Text=zee.
2-1	114-117	Die	
2-2	118-120	de	
2-3	121-126	doodt	
2-4	127-135	verdient	
2-5	136-142	hadden	
2-6	142-143	,	
2-7	144-151	wierden	
2-8	152-154	de	
2-9	155-161	voeten	
2-10	162-170	gespoelt	
2-11	170-171	,	
2-12	172-174	of	
2-13	175-178	men	
2-14	179-183	liet	
2-15	184-187	hen	
2-16	188-194	dryven	
2-17	195-197	in	
2-18	198-206	bootkens	
2-19	206-207	,	
2-20	208-214	zonder	
2-21	215-221	eenige	
2-22	222-226	spys	
2-23	226-227	,	
2-24	228-230	of	
2-25	231-240	werktuigh	
2-26	240-241	,	
2-27	242-244	om	
2-28	245-249	zich	
2-29	250-252	te	
2-30	253-259	redden	
2-31	259-260	,	
2-32	261-263	te	
2-33	264-270	midden	
2-34	271-273	in	
2-35	274-276	de	
2-36	277-278	+	
2-37	279-282	zee	
2-38	282-283	.	

#Text=Seneca verhaalt van zeker man, die, dus uitgezet, en by de zee-roovers
#Text=+
#Text=opgevat, eindelyk, door zyn dappere daden, tot hun Hooft verkooren wiert.
3-1	284-290	Seneca	
3-2	291-299	verhaalt	
3-3	300-303	van	
3-4	304-309	zeker	
3-5	310-313	man	
3-6	313-314	,	
3-7	315-318	die	
3-8	318-319	,	
3-9	320-323	dus	
3-10	324-332	uitgezet	
3-11	332-333	,	
3-12	334-336	en	
3-13	337-339	by	
3-14	340-342	de	
3-15	343-354	zee-roovers	
3-16	355-356	+	
3-17	357-364	opgevat	
3-18	364-365	,	
3-19	366-374	eindelyk	
3-20	374-375	,	
3-21	376-380	door	
3-22	381-384	zyn	
3-23	385-392	dappere	
3-24	393-398	daden	
3-25	398-399	,	
3-26	400-403	tot	
3-27	404-407	hun	
3-28	408-413	Hooft	
3-29	414-423	verkooren	
3-30	424-429	wiert	
3-31	429-430	.	

#Text=Lib.
#Text=3.
4-1	432-435	Lib	
4-2	435-436	.	
4-3	437-438	3	
4-4	438-439	.	

#Text=Controu.
5-1	440-447	Controu	
5-2	447-448	.	

#Text=XV
6-1	449-451	XV	

#Text=.
7-1	451-452	.	

#Text=+
#Text=
#Text=
#Text=In onweêr, zeght Plinius, wierdt een vrouw, zoo by de handt was, ontbloot, en
#Text=+
#Text=naakt in d'opene lucht ten toon gestelt, 't geen, na hun meining, de storm deed
#Text=Lib.
#Text=28.
8-1	454-455	+	
8-2	458-460	In	
8-3	461-467	onweêr	
8-4	467-468	,	
8-5	469-474	zeght	
8-6	475-482	Plinius	
8-7	482-483	,	
8-8	484-490	wierdt	
8-9	491-494	een	
8-10	495-500	vrouw	
8-11	500-501	,	
8-12	502-505	zoo	
8-13	506-508	by	
8-14	509-511	de	
8-15	512-517	handt	
8-16	518-521	was	
8-17	521-522	,	
8-18	523-531	ontbloot	
8-19	531-532	,	
8-20	533-535	en	
8-21	536-537	+	
8-22	538-543	naakt	
8-23	544-546	in	
8-24	547-554	d'opene	
8-25	555-560	lucht	
8-26	561-564	ten	
8-27	565-569	toon	
8-28	570-577	gestelt	
8-29	577-578	,	
8-30	579-580	'	
8-31	580-581	t	
8-32	582-586	geen	
8-33	586-587	,	
8-34	588-590	na	
8-35	591-594	hun	
8-36	595-602	meining	
8-37	602-603	,	
8-38	604-606	de	
8-39	607-612	storm	
8-40	613-617	deed	
8-41	618-621	Lib	
8-42	621-622	.	
8-43	623-625	28	
8-44	625-626	.	

#Text=verdwynen.
9-1	628-637	verdwynen	
9-2	637-638	.	

#Text=Die het Schip verlieten, wierden by de Romeinen, zoo men hen bequam, de
#Text=handen afgekapt.
10-1	641-644	Die	
10-2	645-648	het	
10-3	649-654	Schip	
10-4	655-664	verlieten	
10-5	664-665	,	
10-6	666-673	wierden	
10-7	674-676	by	
10-8	677-679	de	
10-9	680-688	Romeinen	
10-10	688-689	,	
10-11	690-693	zoo	
10-12	694-697	men	
10-13	698-701	hen	
10-14	702-708	bequam	
10-15	708-709	,	
10-16	710-712	de	
10-17	713-719	handen	
10-18	720-728	afgekapt	
10-19	728-729	.	

#Text=De Grieken smeerden de zulke met roet, geesselden hen dapper
#Text=af, en bragten haar daar na om 't leven.
11-1	730-732	De	
11-2	733-740	Grieken	
11-3	741-749	smeerden	
11-4	750-752	de	
11-5	753-758	zulke	
11-6	759-762	met	
11-7	763-767	roet	
11-8	767-768	,	
11-9	769-779	geesselden	
11-10	780-783	hen	
11-11	784-790	dapper	
11-12	791-793	af	
11-13	793-794	,	
11-14	795-797	en	
11-15	798-805	bragten	
11-16	806-810	haar	
11-17	811-815	daar	
11-18	816-818	na	
11-19	819-821	om	
11-20	822-823	'	
11-21	823-824	t	
11-22	825-830	leven	
11-23	830-831	.	

#Text=Doch deeze zware straffe wiert niet in 't
#Text=werk gestelt, 't en ware by schaarsheit van volk, en in oorloghs-tydt.
12-1	832-836	Doch	
12-2	837-842	deeze	
12-3	843-848	zware	
12-4	849-856	straffe	
12-5	857-862	wiert	
12-6	863-867	niet	
12-7	868-870	in	
12-8	871-872	'	
12-9	872-873	t	
12-10	874-878	werk	
12-11	879-886	gestelt	
12-12	886-887	,	
12-13	888-889	'	
12-14	889-890	t	
12-15	891-893	en	
12-16	894-898	ware	
12-17	899-901	by	
12-18	902-913	schaarsheit	
12-19	914-917	van	
12-20	918-922	volk	
12-21	922-923	,	
12-22	924-926	en	
12-23	927-929	in	
12-24	930-943	oorloghs-tydt	
12-25	943-944	.	

#Text=Zoo een groote menighte hadde gezondigt, wierp men het lot, en strafte eenige,
#Text=ten aanzien van allen.
13-1	946-949	Zoo	
13-2	950-953	een	
13-3	954-960	groote	
13-4	961-969	menighte	
13-5	970-975	hadde	
13-6	976-985	gezondigt	
13-7	985-986	,	
13-8	987-992	wierp	
13-9	993-996	men	
13-10	997-1000	het	
13-11	1001-1004	lot	
13-12	1004-1005	,	
13-13	1006-1008	en	
13-14	1009-1016	strafte	
13-15	1017-1023	eenige	
13-16	1023-1024	,	
13-17	1025-1028	ten	
13-18	1029-1036	aanzien	
13-19	1037-1040	van	
13-20	1041-1046	allen	
13-21	1046-1047	.	

#Text=Het volk, 't geen straffe, na aan de doodt, verdient hadde,
#Text=wiert op onbewoonde en vreemde landen gezet.
14-1	1048-1051	Het	
14-2	1052-1056	volk	
14-3	1056-1057	,	
14-4	1058-1059	'	
14-5	1059-1060	t	
14-6	1061-1065	geen	
14-7	1066-1073	straffe	
14-8	1073-1074	,	
14-9	1075-1077	na	
14-10	1078-1081	aan	
14-11	1082-1084	de	
14-12	1085-1090	doodt	
14-13	1090-1091	,	
14-14	1092-1100	verdient	
14-15	1101-1106	hadde	
14-16	1106-1107	,	
14-17	1108-1113	wiert	
14-18	1114-1116	op	
14-19	1117-1127	onbewoonde	
14-20	1128-1130	en	
14-21	1131-1138	vreemde	
14-22	1139-1145	landen	
14-23	1146-1151	gezet	
14-24	1151-1152	.	

#Text=Zee-roovers wierden onthalst, gekruist, en ook van handen ontbloot.
15-1	1154-1165	Zee-roovers	
15-2	1166-1173	wierden	
15-3	1174-1182	onthalst	
15-4	1182-1183	,	
15-5	1184-1192	gekruist	
15-6	1192-1193	,	
15-7	1194-1196	en	
15-8	1197-1200	ook	
15-9	1201-1204	van	
15-10	1205-1211	handen	
15-11	1212-1220	ontbloot	
15-12	1220-1221	.	
