#FORMAT=WebAnno TSV 3.3
#T_SP=custom.Span|label
#T_RL=custom.Relation|label|BT_custom.Span


#Text=10 Vestietur tunica sacerdos et feminalibus lineis : tolletque cineres, quos vorans ignis exussit, et ponens juxta altare, 11 spoliabitur prioribus vestimentis, indutusque aliis, efferret eos extra castra, et in loco mundissimo usque ad favillam consumi faciet.
#Text=12 Ignis autem in altari semper ardebit, quem nutriet sacerdos subjiciens ligna mane per singulos dies, et imposito holocausto, desuper adolebit adipes pacificorum.
#Text=13 Ignis est iste perpetuus, qui numquam deficiet in altari.
#Text=14 Hæc est lex sacrificii et libamentorum, quæ offerent filii Aaron coram Domino, et coram altari.
#Text=15 Tollet sacerdos pugillum similæ, quæ conspersa est oleo, et totum thus, quod super similam positum est : adolebitque illud in altari in monimentum odoris suavissimi Domino : 16 reliquam autem partem similæ comedet Aaron cum filiis suis, absque fermento : et comedet in loco sancto atrii tabernaculi.
#Text=17 Ideo autem non fermentabitur, quia pars ejus in Domini offertur incensum.
1-1	2-4	10	_	_	_	
1-2	5-14	Vestietur	_	_	_	
1-3	15-21	tunica	_	_	_	
1-4	22-30	sacerdos	_	_	_	
1-5	31-33	et	_	_	_	
1-6	34-45	feminalibus	_	_	_	
1-7	46-52	lineis	_	_	_	
1-8	53-54	:	_	_	_	
1-9	55-64	tolletque	_	_	_	
1-10	65-72	cineres	_	_	_	
1-11	72-73	,	_	_	_	
1-12	74-78	quos	_	_	_	
1-13	79-85	vorans	_	_	_	
1-14	86-91	ignis	_	_	_	
1-15	92-99	exussit	_	_	_	
1-16	99-100	,	_	_	_	
1-17	101-103	et	_	_	_	
1-18	104-110	ponens	_	_	_	
1-19	111-116	juxta	_	_	_	
1-20	117-123	altare	_	_	_	
1-21	123-124	,	_	_	_	
1-22	125-127	11	_	_	_	
1-23	128-139	spoliabitur	_	_	_	
1-24	140-149	prioribus	_	_	_	
1-25	150-161	vestimentis	_	_	_	
1-26	161-162	,	_	_	_	
1-27	163-173	indutusque	_	_	_	
1-28	174-179	aliis	_	_	_	
1-29	179-180	,	_	_	_	
1-30	181-189	efferret	_	_	_	
1-31	190-193	eos	_	_	_	
1-32	194-199	extra	_	_	_	
1-33	200-206	castra	_	_	_	
1-34	206-207	,	_	_	_	
1-35	208-210	et	_	_	_	
1-36	211-213	in	_	_	_	
1-37	214-218	loco	_	_	_	
1-38	219-229	mundissimo	_	_	_	
1-39	230-235	usque	_	_	_	
1-40	236-238	ad	_	_	_	
1-41	239-247	favillam	_	_	_	
1-42	248-255	consumi	_	_	_	
1-43	256-262	faciet	_	_	_	
1-44	262-263	.	_	_	_	
1-45	264-266	12	_	_	_	
1-46	267-272	Ignis	_	_	_	
1-47	273-278	autem	_	_	_	
1-48	279-281	in	_	_	_	
1-49	282-288	altari	_	_	_	
1-50	289-295	semper	_	_	_	
1-51	296-303	ardebit	_	_	_	
1-52	303-304	,	_	_	_	
1-53	305-309	quem	_	_	_	
1-54	310-317	nutriet	_	_	_	
1-55	318-326	sacerdos	_	_	_	
1-56	327-337	subjiciens	_	_	_	
1-57	338-343	ligna	_	_	_	
1-58	344-348	mane	_	_	_	
1-59	349-352	per	_	_	_	
1-60	353-361	singulos	_	_	_	
1-61	362-366	dies	_	_	_	
1-62	366-367	,	_	_	_	
1-63	368-370	et	_	_	_	
1-64	371-379	imposito	_	_	_	
1-65	380-390	holocausto	_	_	_	
1-66	390-391	,	_	_	_	
1-67	392-399	desuper	_	_	_	
1-68	400-408	adolebit	_	_	_	
1-69	409-415	adipes	_	_	_	
1-70	416-427	pacificorum	_	_	_	
1-71	427-428	.	_	_	_	
1-72	429-431	13	_	_	_	
1-73	432-437	Ignis	_	_	_	
1-74	438-441	est	_	_	_	
1-75	442-446	iste	_	_	_	
1-76	447-456	perpetuus	_	_	_	
1-77	456-457	,	_	_	_	
1-78	458-461	qui	_	_	_	
1-79	462-469	numquam	_	_	_	
1-80	470-478	deficiet	_	_	_	
1-81	479-481	in	_	_	_	
1-82	482-488	altari	_	_	_	
1-83	488-489	.	_	_	_	
1-84	490-492	14	_	_	_	
1-85	493-496	Hæc	_	_	_	
1-86	497-500	est	_	_	_	
1-87	501-504	lex	_	_	_	
1-88	505-515	sacrificii	_	_	_	
1-89	516-518	et	_	_	_	
1-90	519-531	libamentorum	_	_	_	
1-91	531-532	,	_	_	_	
1-92	533-536	quæ	_	_	_	
1-93	537-545	offerent	_	_	_	
1-94	546-551	filii	_	_	_	
1-95	552-557	Aaron	_	_	_	
1-96	558-563	coram	_	_	_	
1-97	564-570	Domino	_	_	_	
1-98	570-571	,	_	_	_	
1-99	572-574	et	_	_	_	
1-100	575-580	coram	_	_	_	
1-101	581-587	altari	_	_	_	
1-102	587-588	.	_	_	_	
1-103	589-591	15	_	_	_	
1-104	592-598	Tollet	_	_	_	
1-105	599-607	sacerdos	_	_	_	
1-106	608-616	pugillum	Smell\_Source[1]	_	_	
1-107	617-623	similæ	Smell\_Source[1]	_	_	
1-108	623-624	,	Smell\_Source[1]	_	_	
1-109	625-628	quæ	Smell\_Source[1]	_	_	
1-110	629-638	conspersa	Smell\_Source[1]	_	_	
1-111	639-642	est	Smell\_Source[1]	_	_	
1-112	643-647	oleo	Smell\_Source[1]	_	_	
1-113	647-648	,	Smell\_Source[1]	_	_	
1-114	649-651	et	Smell\_Source[1]	_	_	
1-115	652-657	totum	Smell\_Source[1]	_	_	
1-116	658-662	thus	Smell\_Source[1]	_	_	
1-117	662-663	,	Smell\_Source[1]	_	_	
1-118	664-668	quod	Smell\_Source[1]	_	_	
1-119	669-674	super	Smell\_Source[1]	_	_	
1-120	675-682	similam	Smell\_Source[1]	_	_	
1-121	683-690	positum	Smell\_Source[1]	_	_	
1-122	691-694	est	Smell\_Source[1]	_	_	
1-123	695-696	:	_	_	_	
1-124	697-708	adolebitque	_	_	_	
1-125	709-714	illud	Smell\_Source	_	_	
1-126	715-717	in	Location[2]	_	_	
1-127	718-724	altari	Location[2]	_	_	
1-128	725-727	in	_	_	_	
1-129	728-738	monimentum	_	_	_	
1-130	739-745	odoris	Smell\_Word	*|*|*|*|*	1-131|1-132|1-126[2_0]|1-125|1-106[1_0]	
1-131	746-756	suavissimi	Quality	_	_	
1-132	757-763	Domino	Perceiver	_	_	
1-133	764-765	:	_	_	_	
1-134	766-768	16	_	_	_	
1-135	769-777	reliquam	_	_	_	
1-136	778-783	autem	_	_	_	
1-137	784-790	partem	_	_	_	
1-138	791-797	similæ	_	_	_	
1-139	798-805	comedet	_	_	_	
1-140	806-811	Aaron	_	_	_	
1-141	812-815	cum	_	_	_	
1-142	816-822	filiis	_	_	_	
1-143	823-827	suis	_	_	_	
1-144	827-828	,	_	_	_	
1-145	829-835	absque	_	_	_	
1-146	836-844	fermento	_	_	_	
1-147	845-846	:	_	_	_	
1-148	847-849	et	_	_	_	
1-149	850-857	comedet	_	_	_	
1-150	858-860	in	_	_	_	
1-151	861-865	loco	_	_	_	
1-152	866-872	sancto	_	_	_	
1-153	873-878	atrii	_	_	_	
1-154	879-890	tabernaculi	_	_	_	
1-155	890-891	.	_	_	_	
1-156	892-894	17	_	_	_	
1-157	895-899	Ideo	_	_	_	
1-158	900-905	autem	_	_	_	
1-159	906-909	non	_	_	_	
1-160	910-923	fermentabitur	_	_	_	
1-161	923-924	,	_	_	_	
1-162	925-929	quia	_	_	_	
1-163	930-934	pars	_	_	_	
1-164	935-939	ejus	_	_	_	
1-165	940-942	in	_	_	_	
1-166	943-949	Domini	_	_	_	
1-167	950-958	offertur	_	_	_	
1-168	959-967	incensum	_	_	_	
1-169	967-968	.	_	_	_	

#Text=Sanctum sanctorum erit, sicut pro peccato atque delicto.
#Text=18 Mares tantum stirpis Aaron comedent illud.
2-1	969-976	Sanctum	_	_	_	
2-2	977-986	sanctorum	_	_	_	
2-3	987-991	erit	_	_	_	
2-4	991-992	,	_	_	_	
2-5	993-998	sicut	_	_	_	
2-6	999-1002	pro	_	_	_	
2-7	1003-1010	peccato	_	_	_	
2-8	1011-1016	atque	_	_	_	
2-9	1017-1024	delicto	_	_	_	
2-10	1024-1025	.	_	_	_	
2-11	1026-1028	18	_	_	_	
2-12	1029-1034	Mares	_	_	_	
2-13	1035-1041	tantum	_	_	_	
2-14	1042-1049	stirpis	_	_	_	
2-15	1050-1055	Aaron	_	_	_	
2-16	1056-1064	comedent	_	_	_	
2-17	1065-1070	illud	_	_	_	
2-18	1070-1071	.	_	_	_	

#Text=Legitimum ac sempiternum erit in generationibus vestris de sacrificiis Domini : omnis qui tetigerit illa, sanctificabitur.
#Text=19 Locutusque est Dominus ad Moysen, dicens : 20 Hæc est oblatio Aaron, et filiorum ejus, quam offerre debent Domino in die unctionis suæ.
3-1	1072-1081	Legitimum	_	_	_	
3-2	1082-1084	ac	_	_	_	
3-3	1085-1096	sempiternum	_	_	_	
3-4	1097-1101	erit	_	_	_	
3-5	1102-1104	in	_	_	_	
3-6	1105-1119	generationibus	_	_	_	
3-7	1120-1127	vestris	_	_	_	
3-8	1128-1130	de	_	_	_	
3-9	1131-1142	sacrificiis	_	_	_	
3-10	1143-1149	Domini	_	_	_	
3-11	1150-1151	:	_	_	_	
3-12	1152-1157	omnis	_	_	_	
3-13	1158-1161	qui	_	_	_	
3-14	1162-1171	tetigerit	_	_	_	
3-15	1172-1176	illa	_	_	_	
3-16	1176-1177	,	_	_	_	
3-17	1178-1193	sanctificabitur	_	_	_	
3-18	1193-1194	.	_	_	_	
3-19	1195-1197	19	_	_	_	
3-20	1198-1208	Locutusque	_	_	_	
3-21	1209-1212	est	_	_	_	
3-22	1213-1220	Dominus	_	_	_	
3-23	1221-1223	ad	_	_	_	
3-24	1224-1230	Moysen	_	_	_	
3-25	1230-1231	,	_	_	_	
3-26	1232-1238	dicens	_	_	_	
3-27	1239-1240	:	_	_	_	
3-28	1241-1243	20	_	_	_	
3-29	1244-1247	Hæc	_	_	_	
3-30	1248-1251	est	_	_	_	
3-31	1252-1259	oblatio	Smell\_Source	_	_	
3-32	1260-1265	Aaron	_	_	_	
3-33	1265-1266	,	_	_	_	
3-34	1267-1269	et	_	_	_	
3-35	1270-1278	filiorum	_	_	_	
3-36	1279-1283	ejus	_	_	_	
3-37	1283-1284	,	_	_	_	
3-38	1285-1289	quam	_	_	_	
3-39	1290-1297	offerre	_	_	_	
3-40	1298-1304	debent	_	_	_	
3-41	1305-1311	Domino	_	_	_	
3-42	1312-1314	in	_	_	_	
3-43	1315-1318	die	_	_	_	
3-44	1319-1328	unctionis	_	_	_	
3-45	1329-1332	suæ	_	_	_	
3-46	1332-1333	.	_	_	_	

#Text=Decimam partem ephi offerent similæ in sacrificio sempiterno, medium ejus mane, et medium ejus vespere : 21 quæ in sartagine oleo conspersa frigetur.
4-1	1334-1341	Decimam	_	_	_	
4-2	1342-1348	partem	_	_	_	
4-3	1349-1353	ephi	_	_	_	
4-4	1354-1362	offerent	_	_	_	
4-5	1363-1369	similæ	_	_	_	
4-6	1370-1372	in	_	_	_	
4-7	1373-1383	sacrificio	_	_	_	
4-8	1384-1394	sempiterno	_	_	_	
4-9	1394-1395	,	_	_	_	
4-10	1396-1402	medium	_	_	_	
4-11	1403-1407	ejus	_	_	_	
4-12	1408-1412	mane	_	_	_	
4-13	1412-1413	,	_	_	_	
4-14	1414-1416	et	_	_	_	
4-15	1417-1423	medium	_	_	_	
4-16	1424-1428	ejus	_	_	_	
4-17	1429-1436	vespere	_	_	_	
4-18	1437-1438	:	_	_	_	
4-19	1439-1441	21	_	_	_	
4-20	1442-1445	quæ	_	_	_	
4-21	1446-1448	in	_	_	_	
4-22	1449-1458	sartagine	_	_	_	
4-23	1459-1463	oleo	_	_	_	
4-24	1464-1473	conspersa	_	_	_	
4-25	1474-1482	frigetur	_	_	_	
4-26	1482-1483	.	_	_	_	

#Text=Offeret autem eam calidam in odorem suavissimum Domino 22 sacerdos, qui jure patri successerit, et tota cremabitur in altari.
#Text=23 Omne enim sacrificium sacerdotum igne consumetur, nec quisquam comedet ex eo.
#Text=24 Locutus est autem Dominus ad Moysen, dicens : 25 Loquere Aaron et filiis ejus : Ista est lex hostiæ pro peccato : in loco ubi offertur holocaustum, immolabitur coram Domino.
5-1	1484-1491	Offeret	_	_	_	
5-2	1492-1497	autem	_	_	_	
5-3	1498-1501	eam	Smell\_Source	Anaphoric	3-31	
5-4	1502-1509	calidam	_	_	_	
5-5	1510-1512	in	_	_	_	
5-6	1513-1519	odorem	Smell\_Word	*|*|*|*	5-7|5-8|5-3|5-20[3_0]	
5-7	1520-1531	suavissimum	Quality	_	_	
5-8	1532-1538	Domino	Perceiver	_	_	
5-9	1539-1541	22	_	_	_	
5-10	1542-1550	sacerdos	_	_	_	
5-11	1550-1551	,	_	_	_	
5-12	1552-1555	qui	_	_	_	
5-13	1556-1560	jure	_	_	_	
5-14	1561-1566	patri	_	_	_	
5-15	1567-1578	successerit	_	_	_	
5-16	1578-1579	,	_	_	_	
5-17	1580-1582	et	_	_	_	
5-18	1583-1587	tota	_	_	_	
5-19	1588-1598	cremabitur	_	_	_	
5-20	1599-1601	in	Location[3]	_	_	
5-21	1602-1608	altari	Location[3]	_	_	
5-22	1608-1609	.	_	_	_	
5-23	1610-1612	23	_	_	_	
5-24	1613-1617	Omne	_	_	_	
5-25	1618-1622	enim	_	_	_	
5-26	1623-1634	sacrificium	_	_	_	
5-27	1635-1645	sacerdotum	_	_	_	
5-28	1646-1650	igne	_	_	_	
5-29	1651-1661	consumetur	_	_	_	
5-30	1661-1662	,	_	_	_	
5-31	1663-1666	nec	_	_	_	
5-32	1667-1675	quisquam	_	_	_	
5-33	1676-1683	comedet	_	_	_	
5-34	1684-1686	ex	_	_	_	
5-35	1687-1689	eo	_	_	_	
5-36	1689-1690	.	_	_	_	
5-37	1691-1693	24	_	_	_	
5-38	1694-1701	Locutus	_	_	_	
5-39	1702-1705	est	_	_	_	
5-40	1706-1711	autem	_	_	_	
5-41	1712-1719	Dominus	_	_	_	
5-42	1720-1722	ad	_	_	_	
5-43	1723-1729	Moysen	_	_	_	
5-44	1729-1730	,	_	_	_	
5-45	1731-1737	dicens	_	_	_	
5-46	1738-1739	:	_	_	_	
5-47	1740-1742	25	_	_	_	
5-48	1743-1750	Loquere	_	_	_	
5-49	1751-1756	Aaron	_	_	_	
5-50	1757-1759	et	_	_	_	
5-51	1760-1766	filiis	_	_	_	
5-52	1767-1771	ejus	_	_	_	
5-53	1772-1773	:	_	_	_	
5-54	1774-1778	Ista	_	_	_	
5-55	1779-1782	est	_	_	_	
5-56	1783-1786	lex	_	_	_	
5-57	1787-1793	hostiæ	_	_	_	
5-58	1794-1797	pro	_	_	_	
5-59	1798-1805	peccato	_	_	_	
5-60	1806-1807	:	_	_	_	
5-61	1808-1810	in	_	_	_	
5-62	1811-1815	loco	_	_	_	
5-63	1816-1819	ubi	_	_	_	
5-64	1820-1828	offertur	_	_	_	
5-65	1829-1840	holocaustum	_	_	_	
5-66	1840-1841	,	_	_	_	
5-67	1842-1853	immolabitur	_	_	_	
5-68	1854-1859	coram	_	_	_	
5-69	1860-1866	Domino	_	_	_	
5-70	1866-1867	.	_	_	_	

#Text=Sanctum sanctorum est.
#Text=26 Sacerdos, qui offert, comedet eam in loco sancto, in atrio tabernaculi.
#Text=27 Quidquid tetigerit carnes ejus, sanctificabitur.
6-1	1868-1875	Sanctum	_	_	_	
6-2	1876-1885	sanctorum	_	_	_	
6-3	1886-1889	est	_	_	_	
6-4	1889-1890	.	_	_	_	
6-5	1891-1893	26	_	_	_	
6-6	1894-1902	Sacerdos	_	_	_	
6-7	1902-1903	,	_	_	_	
6-8	1904-1907	qui	_	_	_	
6-9	1908-1914	offert	_	_	_	
6-10	1914-1915	,	_	_	_	
6-11	1916-1923	comedet	_	_	_	
6-12	1924-1927	eam	_	_	_	
6-13	1928-1930	in	_	_	_	
6-14	1931-1935	loco	_	_	_	
6-15	1936-1942	sancto	_	_	_	
6-16	1942-1943	,	_	_	_	
6-17	1944-1946	in	_	_	_	
6-18	1947-1952	atrio	_	_	_	
6-19	1953-1964	tabernaculi	_	_	_	
6-20	1964-1965	.	_	_	_	
6-21	1966-1968	27	_	_	_	
6-22	1969-1977	Quidquid	_	_	_	
6-23	1978-1987	tetigerit	_	_	_	
6-24	1988-1994	carnes	_	_	_	
6-25	1995-1999	ejus	_	_	_	
6-26	1999-2000	,	_	_	_	
6-27	2001-2016	sanctificabitur	_	_	_	
6-28	2016-2017	.	_	_	_	

#Text=Si de sanguine illius vestis fuerit aspersa, lavabitur in loco sancto.
#Text=28 Vas autem fictile, in quo cocta est, confringetur ; quod si vas æneum fuerit, defricabitur, et lavabitur aqua.
#Text=29 Omnis masculus de genere sacerdotali vescetur de carnibus ejus, quia Sanctum sanctorum est.
7-1	2018-2020	Si	_	_	_	
7-2	2021-2023	de	_	_	_	
7-3	2024-2032	sanguine	_	_	_	
7-4	2033-2039	illius	_	_	_	
7-5	2040-2046	vestis	_	_	_	
7-6	2047-2053	fuerit	_	_	_	
7-7	2054-2061	aspersa	_	_	_	
7-8	2061-2062	,	_	_	_	
7-9	2063-2072	lavabitur	_	_	_	
7-10	2073-2075	in	_	_	_	
7-11	2076-2080	loco	_	_	_	
7-12	2081-2087	sancto	_	_	_	
7-13	2087-2088	.	_	_	_	
7-14	2089-2091	28	_	_	_	
7-15	2092-2095	Vas	_	_	_	
7-16	2096-2101	autem	_	_	_	
7-17	2102-2109	fictile	_	_	_	
7-18	2109-2110	,	_	_	_	
7-19	2111-2113	in	_	_	_	
7-20	2114-2117	quo	_	_	_	
7-21	2118-2123	cocta	_	_	_	
7-22	2124-2127	est	_	_	_	
7-23	2127-2128	,	_	_	_	
7-24	2129-2141	confringetur	_	_	_	
7-25	2142-2143	;	_	_	_	
7-26	2144-2148	quod	_	_	_	
7-27	2149-2151	si	_	_	_	
7-28	2152-2155	vas	_	_	_	
7-29	2156-2161	æneum	_	_	_	
7-30	2162-2168	fuerit	_	_	_	
7-31	2168-2169	,	_	_	_	
7-32	2170-2182	defricabitur	_	_	_	
7-33	2182-2183	,	_	_	_	
7-34	2184-2186	et	_	_	_	
7-35	2187-2196	lavabitur	_	_	_	
7-36	2197-2201	aqua	_	_	_	
7-37	2201-2202	.	_	_	_	
7-38	2203-2205	29	_	_	_	
7-39	2206-2211	Omnis	_	_	_	
7-40	2212-2220	masculus	_	_	_	
7-41	2221-2223	de	_	_	_	
7-42	2224-2230	genere	_	_	_	
7-43	2231-2242	sacerdotali	_	_	_	
7-44	2243-2251	vescetur	_	_	_	
7-45	2252-2254	de	_	_	_	
7-46	2255-2263	carnibus	_	_	_	
7-47	2264-2268	ejus	_	_	_	
7-48	2268-2269	,	_	_	_	
7-49	2270-2274	quia	_	_	_	
7-50	2275-2282	Sanctum	_	_	_	
7-51	2283-2292	sanctorum	_	_	_	
7-52	2293-2296	est	_	_	_	
7-53	2296-2297	.	_	_	_	
