{"_context" : {
    "_types" : {
      "DocumentMetaData" : {
        "_feature_types" : {"sofa" : "_ref" } }, 
      "Relation" : {
        "_feature_types" : {"sofa" : "_ref",  "Dependent" : "_ref",  "Governor" : "_ref" } }, 
      "Sentence" : {
        "_feature_types" : {"sofa" : "_ref" } }, 
      "Sofa" : {
        "_feature_types" : {"sofaArray" : "_ref" } }, 
      "Span" : {
        "_feature_types" : {"sofa" : "_ref" } }, 
      "TagsetDescription" : {
        "_feature_types" : {"sofa" : "_ref",  "tags" : "_ref" } }, 
      "Token" : {
        "_feature_types" : {"sofa" : "_ref",  "parent" : "_ref",  "lemma" : "_ref",  "stem" : "_ref",  "pos" : "_ref",  "morph" : "_ref",  "form" : "_ref" } }, 
      "DocumentAnnotation" : {
        "_feature_types" : {"sofa" : "_ref" }, 
        "_subtypes" : ["DocumentMetaData" ] }, 
      "Annotation" : {
        "_feature_types" : {"sofa" : "_ref" }, 
        "_subtypes" : ["DocumentAnnotation",  "Relation",  "Sentence",  "Span",  "TagsetDescription",  "Token" ] }, 
      "AnnotationBase" : {
        "_feature_types" : {"sofa" : "_ref" }, 
        "_subtypes" : ["Annotation" ] }, 
      "TOP" : {
        "_subtypes" : ["AnnotationBase",  "Sofa" ] } } }, 
  "_views" : {
    "_InitialView" : {
      "Relation" : [
        {"sofa" : 1,  "begin" : 1367,  "end" : 1372,  "Dependent" : 6166,  "Governor" : 6161 }, 
        {"sofa" : 1,  "begin" : 1367,  "end" : 1372,  "Dependent" : 6166,  "Governor" : 6178 }, 
        {"sofa" : 1,  "begin" : 1416,  "end" : 1420,  "Dependent" : 6183,  "Governor" : 6188 }, 
        {"sofa" : 1,  "begin" : 1416,  "end" : 1420,  "Dependent" : 6183,  "Governor" : 6178 } ], 
      "Span" : [6161,  6166,  6178,  6183,  6188 ], 
      "DocumentMetaData" : [
        {"sofa" : 1,  "end" : 2282,  "language" : "x-unspecified",  "documentTitle" : "075E%20The%20Case%20for%20Incense%201899__38_distribution_REL.txt",  "documentId" : "teresa",  "documentUri" : "file:/home/dhuser/alessio/inception/repository/project/29/document/10787/source/teresa",  "collectionId" : "file:/home/dhuser/alessio/inception/repository/project/29/document/10787/source/",  "documentBaseUri" : "file:/home/dhuser/alessio/inception/repository/project/29/document/10787/source/",  "isLastSegment" : false } ], 
      "TagsetDescription" : [
        {"sofa" : 1,  "layer" : "webanno.custom.Emotions",  "name" : "Emotion Labels",  "input" : false }, 
        {"sofa" : 1,  "layer" : "custom.Relation",  "name" : "Relation labels",  "input" : false }, 
        {"sofa" : 1,  "layer" : "custom.Span",  "name" : "Smell labels",  "input" : false } ], 
      "Sentence" : [
        {"sofa" : 1,  "end" : 277 }, 
        {"sofa" : 1,  "begin" : 278,  "end" : 666 }, 
        {"sofa" : 1,  "begin" : 667,  "end" : 857 }, 
        {"sofa" : 1,  "begin" : 859,  "end" : 1022 }, 
        {"sofa" : 1,  "begin" : 1023,  "end" : 1052 }, 
        {"sofa" : 1,  "begin" : 1053,  "end" : 1186 }, 
        {"sofa" : 1,  "begin" : 1187,  "end" : 1610 }, 
        {"sofa" : 1,  "begin" : 1612,  "end" : 1778 }, 
        {"sofa" : 1,  "begin" : 1779,  "end" : 2282 } ], 
      "Token" : [
        {"sofa" : 1,  "end" : 2 }, 
        {"sofa" : 1,  "begin" : 3,  "end" : 7 }, 
        {"sofa" : 1,  "begin" : 8,  "end" : 11 }, 
        {"sofa" : 1,  "begin" : 12,  "end" : 16 }, 
        {"sofa" : 1,  "begin" : 17,  "end" : 26 }, 
        {"sofa" : 1,  "begin" : 27,  "end" : 29 }, 
        {"sofa" : 1,  "begin" : 30,  "end" : 35 }, 
        {"sofa" : 1,  "begin" : 36,  "end" : 40 }, 
        {"sofa" : 1,  "begin" : 41,  "end" : 45 }, 
        {"sofa" : 1,  "begin" : 46,  "end" : 49 }, 
        {"sofa" : 1,  "begin" : 50,  "end" : 61 }, 
        {"sofa" : 1,  "begin" : 62,  "end" : 69 }, 
        {"sofa" : 1,  "begin" : 70,  "end" : 72 }, 
        {"sofa" : 1,  "begin" : 73,  "end" : 77 }, 
        {"sofa" : 1,  "begin" : 78,  "end" : 86 }, 
        {"sofa" : 1,  "begin" : 87,  "end" : 90 }, 
        {"sofa" : 1,  "begin" : 91,  "end" : 93 }, 
        {"sofa" : 1,  "begin" : 94,  "end" : 101 }, 
        {"sofa" : 1,  "begin" : 101,  "end" : 102 }, 
        {"sofa" : 1,  "begin" : 103,  "end" : 106 }, 
        {"sofa" : 1,  "begin" : 107,  "end" : 109 }, 
        {"sofa" : 1,  "begin" : 110,  "end" : 115 }, 
        {"sofa" : 1,  "begin" : 116,  "end" : 119 }, 
        {"sofa" : 1,  "begin" : 120,  "end" : 123 }, 
        {"sofa" : 1,  "begin" : 124,  "end" : 130 }, 
        {"sofa" : 1,  "begin" : 131,  "end" : 133 }, 
        {"sofa" : 1,  "begin" : 134,  "end" : 137 }, 
        {"sofa" : 1,  "begin" : 138,  "end" : 146 }, 
        {"sofa" : 1,  "begin" : 147,  "end" : 149 }, 
        {"sofa" : 1,  "begin" : 150,  "end" : 153 }, 
        {"sofa" : 1,  "begin" : 154,  "end" : 160 }, 
        {"sofa" : 1,  "begin" : 161,  "end" : 163 }, 
        {"sofa" : 1,  "begin" : 164,  "end" : 167 }, 
        {"sofa" : 1,  "begin" : 168,  "end" : 169 }, 
        {"sofa" : 1,  "begin" : 170,  "end" : 173 }, 
        {"sofa" : 1,  "begin" : 174,  "end" : 179 }, 
        {"sofa" : 1,  "begin" : 180,  "end" : 182 }, 
        {"sofa" : 1,  "begin" : 183,  "end" : 186 }, 
        {"sofa" : 1,  "begin" : 187,  "end" : 192 }, 
        {"sofa" : 1,  "begin" : 193,  "end" : 195 }, 
        {"sofa" : 1,  "begin" : 196,  "end" : 200 }, 
        {"sofa" : 1,  "begin" : 201,  "end" : 206 }, 
        {"sofa" : 1,  "begin" : 207,  "end" : 216 }, 
        {"sofa" : 1,  "begin" : 216,  "end" : 217 }, 
        {"sofa" : 1,  "begin" : 218,  "end" : 221 }, 
        {"sofa" : 1,  "begin" : 222,  "end" : 224 }, 
        {"sofa" : 1,  "begin" : 225,  "end" : 229 }, 
        {"sofa" : 1,  "begin" : 230,  "end" : 238 }, 
        {"sofa" : 1,  "begin" : 239,  "end" : 245 }, 
        {"sofa" : 1,  "begin" : 245,  "end" : 246 }, 
        {"sofa" : 1,  "begin" : 247,  "end" : 251 }, 
        {"sofa" : 1,  "begin" : 252,  "end" : 254 }, 
        {"sofa" : 1,  "begin" : 255,  "end" : 261 }, 
        {"sofa" : 1,  "begin" : 262,  "end" : 265 }, 
        {"sofa" : 1,  "begin" : 266,  "end" : 268 }, 
        {"sofa" : 1,  "begin" : 269,  "end" : 276 }, 
        {"sofa" : 1,  "begin" : 276,  "end" : 277 }, 
        {"sofa" : 1,  "begin" : 278,  "end" : 280 }, 
        {"sofa" : 1,  "begin" : 281,  "end" : 287 }, 
        {"sofa" : 1,  "begin" : 288,  "end" : 290 }, 
        {"sofa" : 1,  "begin" : 291,  "end" : 295 }, 
        {"sofa" : 1,  "begin" : 296,  "end" : 298 }, 
        {"sofa" : 1,  "begin" : 299,  "end" : 309 }, 
        {"sofa" : 1,  "begin" : 310,  "end" : 313 }, 
        {"sofa" : 1,  "begin" : 314,  "end" : 321 }, 
        {"sofa" : 1,  "begin" : 321,  "end" : 322 }, 
        {"sofa" : 1,  "begin" : 323,  "end" : 329 }, 
        {"sofa" : 1,  "begin" : 330,  "end" : 341 }, 
        {"sofa" : 1,  "begin" : 341,  "end" : 342 }, 
        {"sofa" : 1,  "begin" : 343,  "end" : 345 }, 
        {"sofa" : 1,  "begin" : 346,  "end" : 349 }, 
        {"sofa" : 1,  "begin" : 350,  "end" : 359 }, 
        {"sofa" : 1,  "begin" : 360,  "end" : 366 }, 
        {"sofa" : 1,  "begin" : 366,  "end" : 367 }, 
        {"sofa" : 1,  "begin" : 368,  "end" : 371 }, 
        {"sofa" : 1,  "begin" : 372,  "end" : 379 }, 
        {"sofa" : 1,  "begin" : 380,  "end" : 384 }, 
        {"sofa" : 1,  "begin" : 385,  "end" : 391 }, 
        {"sofa" : 1,  "begin" : 392,  "end" : 397 }, 
        {"sofa" : 1,  "begin" : 398,  "end" : 401 }, 
        {"sofa" : 1,  "begin" : 402,  "end" : 407 }, 
        {"sofa" : 1,  "begin" : 407,  "end" : 408 }, 
        {"sofa" : 1,  "begin" : 409,  "end" : 412 }, 
        {"sofa" : 1,  "begin" : 413,  "end" : 415 }, 
        {"sofa" : 1,  "begin" : 416,  "end" : 418 }, 
        {"sofa" : 1,  "begin" : 419,  "end" : 423 }, 
        {"sofa" : 1,  "begin" : 424,  "end" : 429 }, 
        {"sofa" : 1,  "begin" : 430,  "end" : 434 }, 
        {"sofa" : 1,  "begin" : 435,  "end" : 438 }, 
        {"sofa" : 1,  "begin" : 439,  "end" : 445 }, 
        {"sofa" : 1,  "begin" : 445,  "end" : 446 }, 
        {"sofa" : 1,  "begin" : 447,  "end" : 452 }, 
        {"sofa" : 1,  "begin" : 453,  "end" : 460 }, 
        {"sofa" : 1,  "begin" : 461,  "end" : 464 }, 
        {"sofa" : 1,  "begin" : 465,  "end" : 470 }, 
        {"sofa" : 1,  "begin" : 471,  "end" : 473 }, 
        {"sofa" : 1,  "begin" : 474,  "end" : 477 }, 
        {"sofa" : 1,  "begin" : 478,  "end" : 483 }, 
        {"sofa" : 1,  "begin" : 484,  "end" : 487 }, 
        {"sofa" : 1,  "begin" : 487,  "end" : 488 }, 
        {"sofa" : 1,  "begin" : 489,  "end" : 496 }, 
        {"sofa" : 1,  "begin" : 497,  "end" : 501 }, 
        {"sofa" : 1,  "begin" : 502,  "end" : 505 }, 
        {"sofa" : 1,  "begin" : 506,  "end" : 512 }, 
        {"sofa" : 1,  "begin" : 513,  "end" : 516 }, 
        {"sofa" : 1,  "begin" : 517,  "end" : 521 }, 
        {"sofa" : 1,  "begin" : 522,  "end" : 524 }, 
        {"sofa" : 1,  "begin" : 525,  "end" : 528 }, 
        {"sofa" : 1,  "begin" : 529,  "end" : 533 }, 
        {"sofa" : 1,  "begin" : 534,  "end" : 541 }, 
        {"sofa" : 1,  "begin" : 542,  "end" : 544 }, 
        {"sofa" : 1,  "begin" : 545,  "end" : 551 }, 
        {"sofa" : 1,  "begin" : 551,  "end" : 552 }, 
        {"sofa" : 1,  "begin" : 553,  "end" : 556 }, 
        {"sofa" : 1,  "begin" : 557,  "end" : 561 }, 
        {"sofa" : 1,  "begin" : 562,  "end" : 567 }, 
        {"sofa" : 1,  "begin" : 568,  "end" : 571 }, 
        {"sofa" : 1,  "begin" : 572,  "end" : 576 }, 
        {"sofa" : 1,  "begin" : 576,  "end" : 577 }, 
        {"sofa" : 1,  "begin" : 578,  "end" : 582 }, 
        {"sofa" : 1,  "begin" : 583,  "end" : 585 }, 
        {"sofa" : 1,  "begin" : 586,  "end" : 589 }, 
        {"sofa" : 1,  "begin" : 590,  "end" : 594 }, 
        {"sofa" : 1,  "begin" : 595,  "end" : 597 }, 
        {"sofa" : 1,  "begin" : 598,  "end" : 601 }, 
        {"sofa" : 1,  "begin" : 602,  "end" : 607 }, 
        {"sofa" : 1,  "begin" : 607,  "end" : 608 }, 
        {"sofa" : 1,  "begin" : 609,  "end" : 612 }, 
        {"sofa" : 1,  "begin" : 613,  "end" : 616 }, 
        {"sofa" : 1,  "begin" : 617,  "end" : 622 }, 
        {"sofa" : 1,  "begin" : 623,  "end" : 627 }, 
        {"sofa" : 1,  "begin" : 628,  "end" : 630 }, 
        {"sofa" : 1,  "begin" : 631,  "end" : 633 }, 
        {"sofa" : 1,  "begin" : 634,  "end" : 640 }, 
        {"sofa" : 1,  "begin" : 641,  "end" : 645 }, 
        {"sofa" : 1,  "begin" : 646,  "end" : 650 }, 
        {"sofa" : 1,  "begin" : 651,  "end" : 656 }, 
        {"sofa" : 1,  "begin" : 657,  "end" : 659 }, 
        {"sofa" : 1,  "begin" : 660,  "end" : 665 }, 
        {"sofa" : 1,  "begin" : 665,  "end" : 666 }, 
        {"sofa" : 1,  "begin" : 667,  "end" : 670 }, 
        {"sofa" : 1,  "begin" : 671,  "end" : 677 }, 
        {"sofa" : 1,  "begin" : 678,  "end" : 680 }, 
        {"sofa" : 1,  "begin" : 681,  "end" : 684 }, 
        {"sofa" : 1,  "begin" : 685,  "end" : 691 }, 
        {"sofa" : 1,  "begin" : 692,  "end" : 695 }, 
        {"sofa" : 1,  "begin" : 696,  "end" : 699 }, 
        {"sofa" : 1,  "begin" : 700,  "end" : 706 }, 
        {"sofa" : 1,  "begin" : 707,  "end" : 712 }, 
        {"sofa" : 1,  "begin" : 713,  "end" : 716 }, 
        {"sofa" : 1,  "begin" : 716,  "end" : 717 }, 
        {"sofa" : 1,  "begin" : 718,  "end" : 721 }, 
        {"sofa" : 1,  "begin" : 722,  "end" : 725 }, 
        {"sofa" : 1,  "begin" : 726,  "end" : 732 }, 
        {"sofa" : 1,  "begin" : 733,  "end" : 736 }, 
        {"sofa" : 1,  "begin" : 737,  "end" : 746 }, 
        {"sofa" : 1,  "begin" : 747,  "end" : 750 }, 
        {"sofa" : 1,  "begin" : 751,  "end" : 757 }, 
        {"sofa" : 1,  "begin" : 758,  "end" : 760 }, 
        {"sofa" : 1,  "begin" : 761,  "end" : 768 }, 
        {"sofa" : 1,  "begin" : 768,  "end" : 769 }, 
        {"sofa" : 1,  "begin" : 770,  "end" : 778 }, 
        {"sofa" : 1,  "begin" : 779,  "end" : 782 }, 
        {"sofa" : 1,  "begin" : 782,  "end" : 783 }, 
        {"sofa" : 1,  "begin" : 784,  "end" : 788 }, 
        {"sofa" : 1,  "begin" : 789,  "end" : 794 }, 
        {"sofa" : 1,  "begin" : 795,  "end" : 798 }, 
        {"sofa" : 1,  "begin" : 799,  "end" : 803 }, 
        {"sofa" : 1,  "begin" : 803,  "end" : 804 }, 
        {"sofa" : 1,  "begin" : 805,  "end" : 807 }, 
        {"sofa" : 1,  "begin" : 808,  "end" : 811 }, 
        {"sofa" : 1,  "begin" : 812,  "end" : 815 }, 
        {"sofa" : 1,  "begin" : 816,  "end" : 824 }, 
        {"sofa" : 1,  "begin" : 825,  "end" : 830 }, 
        {"sofa" : 1,  "begin" : 831,  "end" : 838 }, 
        {"sofa" : 1,  "begin" : 839,  "end" : 841 }, 
        {"sofa" : 1,  "begin" : 842,  "end" : 845 }, 
        {"sofa" : 1,  "begin" : 846,  "end" : 851 }, 
        {"sofa" : 1,  "begin" : 852,  "end" : 856 }, 
        {"sofa" : 1,  "begin" : 856,  "end" : 857 }, 
        {"sofa" : 1,  "begin" : 859,  "end" : 861 }, 
        {"sofa" : 1,  "begin" : 862,  "end" : 864 }, 
        {"sofa" : 1,  "begin" : 865,  "end" : 867 }, 
        {"sofa" : 1,  "begin" : 868,  "end" : 872 }, 
        {"sofa" : 1,  "begin" : 873,  "end" : 875 }, 
        {"sofa" : 1,  "begin" : 876,  "end" : 879 }, 
        {"sofa" : 1,  "begin" : 880,  "end" : 889 }, 
        {"sofa" : 1,  "begin" : 890,  "end" : 892 }, 
        {"sofa" : 1,  "begin" : 893,  "end" : 898 }, 
        {"sofa" : 1,  "begin" : 899,  "end" : 900 }, 
        {"sofa" : 1,  "begin" : 901,  "end" : 911 }, 
        {"sofa" : 1,  "begin" : 912,  "end" : 921 }, 
        {"sofa" : 1,  "begin" : 921,  "end" : 922 }, 
        {"sofa" : 1,  "begin" : 923,  "end" : 925 }, 
        {"sofa" : 1,  "begin" : 926,  "end" : 936 }, 
        {"sofa" : 1,  "begin" : 937,  "end" : 941 }, 
        {"sofa" : 1,  "begin" : 941,  "end" : 942 }, 
        {"sofa" : 1,  "begin" : 943,  "end" : 945 }, 
        {"sofa" : 1,  "begin" : 946,  "end" : 951 }, 
        {"sofa" : 1,  "begin" : 952,  "end" : 958 }, 
        {"sofa" : 1,  "begin" : 959,  "end" : 961 }, 
        {"sofa" : 1,  "begin" : 962,  "end" : 965 }, 
        {"sofa" : 1,  "begin" : 966,  "end" : 973 }, 
        {"sofa" : 1,  "begin" : 974,  "end" : 980 }, 
        {"sofa" : 1,  "begin" : 981,  "end" : 983 }, 
        {"sofa" : 1,  "begin" : 984,  "end" : 989 }, 
        {"sofa" : 1,  "begin" : 990,  "end" : 997 }, 
        {"sofa" : 1,  "begin" : 998,  "end" : 1000 }, 
        {"sofa" : 1,  "begin" : 1001,  "end" : 1004 }, 
        {"sofa" : 1,  "begin" : 1005,  "end" : 1014 }, 
        {"sofa" : 1,  "begin" : 1015,  "end" : 1021 }, 
        {"sofa" : 1,  "begin" : 1021,  "end" : 1022 }, 
        {"sofa" : 1,  "begin" : 1023,  "end" : 1025 }, 
        {"sofa" : 1,  "begin" : 1026,  "end" : 1036 }, 
        {"sofa" : 1,  "begin" : 1037,  "end" : 1043 }, 
        {"sofa" : 1,  "begin" : 1044,  "end" : 1048 }, 
        {"sofa" : 1,  "begin" : 1049,  "end" : 1051 }, 
        {"sofa" : 1,  "begin" : 1051,  "end" : 1052 }, 
        {"sofa" : 1,  "begin" : 1053,  "end" : 1059 }, 
        {"sofa" : 1,  "begin" : 1060,  "end" : 1061 }, 
        {"sofa" : 1,  "begin" : 1061,  "end" : 1065 }, 
        {"sofa" : 1,  "begin" : 1066,  "end" : 1069 }, 
        {"sofa" : 1,  "begin" : 1069,  "end" : 1070 }, 
        {"sofa" : 1,  "begin" : 1071,  "end" : 1074 }, 
        {"sofa" : 1,  "begin" : 1074,  "end" : 1075 }, 
        {"sofa" : 1,  "begin" : 1075,  "end" : 1076 }, 
        {"sofa" : 1,  "begin" : 1077,  "end" : 1081 }, 
        {"sofa" : 1,  "begin" : 1082,  "end" : 1085 }, 
        {"sofa" : 1,  "begin" : 1086,  "end" : 1089 }, 
        {"sofa" : 1,  "begin" : 1090,  "end" : 1094 }, 
        {"sofa" : 1,  "begin" : 1095,  "end" : 1098 }, 
        {"sofa" : 1,  "begin" : 1099,  "end" : 1103 }, 
        {"sofa" : 1,  "begin" : 1104,  "end" : 1108 }, 
        {"sofa" : 1,  "begin" : 1109,  "end" : 1112 }, 
        {"sofa" : 1,  "begin" : 1113,  "end" : 1122 }, 
        {"sofa" : 1,  "begin" : 1123,  "end" : 1125 }, 
        {"sofa" : 1,  "begin" : 1126,  "end" : 1129 }, 
        {"sofa" : 1,  "begin" : 1130,  "end" : 1136 }, 
        {"sofa" : 1,  "begin" : 1137,  "end" : 1140 }, 
        {"sofa" : 1,  "begin" : 1140,  "end" : 1141 }, 
        {"sofa" : 1,  "begin" : 1142,  "end" : 1145 }, 
        {"sofa" : 1,  "begin" : 1146,  "end" : 1150 }, 
        {"sofa" : 1,  "begin" : 1151,  "end" : 1155 }, 
        {"sofa" : 1,  "begin" : 1156,  "end" : 1158 }, 
        {"sofa" : 1,  "begin" : 1159,  "end" : 1162 }, 
        {"sofa" : 1,  "begin" : 1163,  "end" : 1172 }, 
        {"sofa" : 1,  "begin" : 1173,  "end" : 1179 }, 
        {"sofa" : 1,  "begin" : 1180,  "end" : 1185 }, 
        {"sofa" : 1,  "begin" : 1185,  "end" : 1186 }, 
        {"sofa" : 1,  "begin" : 1187,  "end" : 1189 }, 
        {"sofa" : 1,  "begin" : 1190,  "end" : 1193 }, 
        {"sofa" : 1,  "begin" : 1194,  "end" : 1199 }, 
        {"sofa" : 1,  "begin" : 1200,  "end" : 1202 }, 
        {"sofa" : 1,  "begin" : 1203,  "end" : 1208 }, 
        {"sofa" : 1,  "begin" : 1209,  "end" : 1213 }, 
        {"sofa" : 1,  "begin" : 1214,  "end" : 1218 }, 
        {"sofa" : 1,  "begin" : 1219,  "end" : 1221 }, 
        {"sofa" : 1,  "begin" : 1222,  "end" : 1225 }, 
        {"sofa" : 1,  "begin" : 1226,  "end" : 1233 }, 
        {"sofa" : 1,  "begin" : 1233,  "end" : 1234 }, 
        {"sofa" : 1,  "begin" : 1235,  "end" : 1240 }, 
        {"sofa" : 1,  "begin" : 1241,  "end" : 1245 }, 
        {"sofa" : 1,  "begin" : 1246,  "end" : 1249 }, 
        {"sofa" : 1,  "begin" : 1250,  "end" : 1252 }, 
        {"sofa" : 1,  "begin" : 1253,  "end" : 1261 }, 
        {"sofa" : 1,  "begin" : 1262,  "end" : 1269 }, 
        {"sofa" : 1,  "begin" : 1269,  "end" : 1270 }, 
        {"sofa" : 1,  "begin" : 1271,  "end" : 1273 }, 
        {"sofa" : 1,  "begin" : 1274,  "end" : 1278 }, 
        {"sofa" : 1,  "begin" : 1278,  "end" : 1279 }, 
        {"sofa" : 1,  "begin" : 1280,  "end" : 1283 }, 
        {"sofa" : 1,  "begin" : 1284,  "end" : 1293 }, 
        {"sofa" : 1,  "begin" : 1294,  "end" : 1295 }, 
        {"sofa" : 1,  "begin" : 1295,  "end" : 1302 }, 
        {"sofa" : 1,  "begin" : 1303,  "end" : 1309 }, 
        {"sofa" : 1,  "begin" : 1310,  "end" : 1312 }, 
        {"sofa" : 1,  "begin" : 1313,  "end" : 1318 }, 
        {"sofa" : 1,  "begin" : 1319,  "end" : 1327 }, 
        {"sofa" : 1,  "begin" : 1327,  "end" : 1328 }, 
        {"sofa" : 1,  "begin" : 1328,  "end" : 1329 }, 
        {"sofa" : 1,  "begin" : 1330,  "end" : 1334 }, 
        {"sofa" : 1,  "begin" : 1335,  "end" : 1338 }, 
        {"sofa" : 1,  "begin" : 1339,  "end" : 1345 }, 
        {"sofa" : 1,  "begin" : 1346,  "end" : 1348 }, 
        {"sofa" : 1,  "begin" : 1349,  "end" : 1358 }, 
        {"sofa" : 1,  "begin" : 1359,  "end" : 1360 }, 
        {"sofa" : 1,  "begin" : 1361,  "end" : 1366 }, 
        {"sofa" : 1,  "begin" : 1367,  "end" : 1372 }, 
        {"sofa" : 1,  "begin" : 1373,  "end" : 1375 }, 
        {"sofa" : 1,  "begin" : 1376,  "end" : 1377 }, 
        {"sofa" : 1,  "begin" : 1378,  "end" : 1383 }, 
        {"sofa" : 1,  "begin" : 1384,  "end" : 1389 }, 
        {"sofa" : 1,  "begin" : 1390,  "end" : 1399 }, 
        {"sofa" : 1,  "begin" : 1400,  "end" : 1405 }, 
        {"sofa" : 1,  "begin" : 1406,  "end" : 1410 }, 
        {"sofa" : 1,  "begin" : 1411,  "end" : 1415 }, 
        {"sofa" : 1,  "begin" : 1416,  "end" : 1420 }, 
        {"sofa" : 1,  "begin" : 1420,  "end" : 1421 }, 
        {"sofa" : 1,  "begin" : 1422,  "end" : 1425 }, 
        {"sofa" : 1,  "begin" : 1426,  "end" : 1430 }, 
        {"sofa" : 1,  "begin" : 1431,  "end" : 1434 }, 
        {"sofa" : 1,  "begin" : 1435,  "end" : 1444 }, 
        {"sofa" : 1,  "begin" : 1445,  "end" : 1447 }, 
        {"sofa" : 1,  "begin" : 1448,  "end" : 1450 }, 
        {"sofa" : 1,  "begin" : 1451,  "end" : 1455 }, 
        {"sofa" : 1,  "begin" : 1456,  "end" : 1459 }, 
        {"sofa" : 1,  "begin" : 1460,  "end" : 1472 }, 
        {"sofa" : 1,  "begin" : 1473,  "end" : 1477 }, 
        {"sofa" : 1,  "begin" : 1478,  "end" : 1481 }, 
        {"sofa" : 1,  "begin" : 1482,  "end" : 1491 }, 
        {"sofa" : 1,  "begin" : 1492,  "end" : 1498 }, 
        {"sofa" : 1,  "begin" : 1498,  "end" : 1499 }, 
        {"sofa" : 1,  "begin" : 1500,  "end" : 1502 }, 
        {"sofa" : 1,  "begin" : 1503,  "end" : 1505 }, 
        {"sofa" : 1,  "begin" : 1506,  "end" : 1517 }, 
        {"sofa" : 1,  "begin" : 1518,  "end" : 1521 }, 
        {"sofa" : 1,  "begin" : 1522,  "end" : 1531 }, 
        {"sofa" : 1,  "begin" : 1532,  "end" : 1534 }, 
        {"sofa" : 1,  "begin" : 1535,  "end" : 1537 }, 
        {"sofa" : 1,  "begin" : 1538,  "end" : 1542 }, 
        {"sofa" : 1,  "begin" : 1543,  "end" : 1546 }, 
        {"sofa" : 1,  "begin" : 1547,  "end" : 1552 }, 
        {"sofa" : 1,  "begin" : 1553,  "end" : 1560 }, 
        {"sofa" : 1,  "begin" : 1561,  "end" : 1563 }, 
        {"sofa" : 1,  "begin" : 1564,  "end" : 1569 }, 
        {"sofa" : 1,  "begin" : 1570,  "end" : 1573 }, 
        {"sofa" : 1,  "begin" : 1574,  "end" : 1577 }, 
        {"sofa" : 1,  "begin" : 1578,  "end" : 1580 }, 
        {"sofa" : 1,  "begin" : 1581,  "end" : 1584 }, 
        {"sofa" : 1,  "begin" : 1585,  "end" : 1595 }, 
        {"sofa" : 1,  "begin" : 1596,  "end" : 1600 }, 
        {"sofa" : 1,  "begin" : 1601,  "end" : 1603 }, 
        {"sofa" : 1,  "begin" : 1604,  "end" : 1609 }, 
        {"sofa" : 1,  "begin" : 1609,  "end" : 1610 }, 
        {"sofa" : 1,  "begin" : 1612,  "end" : 1614 }, 
        {"sofa" : 1,  "begin" : 1615,  "end" : 1621 }, 
        {"sofa" : 1,  "begin" : 1621,  "end" : 1622 }, 
        {"sofa" : 1,  "begin" : 1623,  "end" : 1627 }, 
        {"sofa" : 1,  "begin" : 1628,  "end" : 1638 }, 
        {"sofa" : 1,  "begin" : 1638,  "end" : 1639 }, 
        {"sofa" : 1,  "begin" : 1640,  "end" : 1644 }, 
        {"sofa" : 1,  "begin" : 1645,  "end" : 1647 }, 
        {"sofa" : 1,  "begin" : 1648,  "end" : 1651 }, 
        {"sofa" : 1,  "begin" : 1652,  "end" : 1659 }, 
        {"sofa" : 1,  "begin" : 1660,  "end" : 1662 }, 
        {"sofa" : 1,  "begin" : 1663,  "end" : 1664 }, 
        {"sofa" : 1,  "begin" : 1665,  "end" : 1672 }, 
        {"sofa" : 1,  "begin" : 1673,  "end" : 1682 }, 
        {"sofa" : 1,  "begin" : 1683,  "end" : 1687 }, 
        {"sofa" : 1,  "begin" : 1688,  "end" : 1691 }, 
        {"sofa" : 1,  "begin" : 1692,  "end" : 1699 }, 
        {"sofa" : 1,  "begin" : 1699,  "end" : 1700 }, 
        {"sofa" : 1,  "begin" : 1701,  "end" : 1703 }, 
        {"sofa" : 1,  "begin" : 1704,  "end" : 1707 }, 
        {"sofa" : 1,  "begin" : 1708,  "end" : 1710 }, 
        {"sofa" : 1,  "begin" : 1711,  "end" : 1712 }, 
        {"sofa" : 1,  "begin" : 1713,  "end" : 1721 }, 
        {"sofa" : 1,  "begin" : 1722,  "end" : 1728 }, 
        {"sofa" : 1,  "begin" : 1728,  "end" : 1729 }, 
        {"sofa" : 1,  "begin" : 1730,  "end" : 1733 }, 
        {"sofa" : 1,  "begin" : 1734,  "end" : 1737 }, 
        {"sofa" : 1,  "begin" : 1738,  "end" : 1740 }, 
        {"sofa" : 1,  "begin" : 1741,  "end" : 1742 }, 
        {"sofa" : 1,  "begin" : 1743,  "end" : 1751 }, 
        {"sofa" : 1,  "begin" : 1752,  "end" : 1758 }, 
        {"sofa" : 1,  "begin" : 1758,  "end" : 1759 }, 
        {"sofa" : 1,  "begin" : 1760,  "end" : 1762 }, 
        {"sofa" : 1,  "begin" : 1763,  "end" : 1766 }, 
        {"sofa" : 1,  "begin" : 1767,  "end" : 1773 }, 
        {"sofa" : 1,  "begin" : 1774,  "end" : 1777 }, 
        {"sofa" : 1,  "begin" : 1777,  "end" : 1778 }, 
        {"sofa" : 1,  "begin" : 1779,  "end" : 1781 }, 
        {"sofa" : 1,  "begin" : 1782,  "end" : 1785 }, 
        {"sofa" : 1,  "begin" : 1786,  "end" : 1788 }, 
        {"sofa" : 1,  "begin" : 1789,  "end" : 1796 }, 
        {"sofa" : 1,  "begin" : 1797,  "end" : 1801 }, 
        {"sofa" : 1,  "begin" : 1802,  "end" : 1805 }, 
        {"sofa" : 1,  "begin" : 1806,  "end" : 1813 }, 
        {"sofa" : 1,  "begin" : 1814,  "end" : 1816 }, 
        {"sofa" : 1,  "begin" : 1817,  "end" : 1824 }, 
        {"sofa" : 1,  "begin" : 1825,  "end" : 1828 }, 
        {"sofa" : 1,  "begin" : 1829,  "end" : 1835 }, 
        {"sofa" : 1,  "begin" : 1836,  "end" : 1838 }, 
        {"sofa" : 1,  "begin" : 1839,  "end" : 1842 }, 
        {"sofa" : 1,  "begin" : 1843,  "end" : 1847 }, 
        {"sofa" : 1,  "begin" : 1848,  "end" : 1854 }, 
        {"sofa" : 1,  "begin" : 1855,  "end" : 1857 }, 
        {"sofa" : 1,  "begin" : 1858,  "end" : 1863 }, 
        {"sofa" : 1,  "begin" : 1864,  "end" : 1871 }, 
        {"sofa" : 1,  "begin" : 1872,  "end" : 1877 }, 
        {"sofa" : 1,  "begin" : 1878,  "end" : 1880 }, 
        {"sofa" : 1,  "begin" : 1881,  "end" : 1891 }, 
        {"sofa" : 1,  "begin" : 1892,  "end" : 1901 }, 
        {"sofa" : 1,  "begin" : 1902,  "end" : 1903 }, 
        {"sofa" : 1,  "begin" : 1904,  "end" : 1907 }, 
        {"sofa" : 1,  "begin" : 1908,  "end" : 1915 }, 
        {"sofa" : 1,  "begin" : 1916,  "end" : 1918 }, 
        {"sofa" : 1,  "begin" : 1919,  "end" : 1923 }, 
        {"sofa" : 1,  "begin" : 1924,  "end" : 1928 }, 
        {"sofa" : 1,  "begin" : 1929,  "end" : 1931 }, 
        {"sofa" : 1,  "begin" : 1932,  "end" : 1934 }, 
        {"sofa" : 1,  "begin" : 1935,  "end" : 1943 }, 
        {"sofa" : 1,  "begin" : 1944,  "end" : 1946 }, 
        {"sofa" : 1,  "begin" : 1947,  "end" : 1951 }, 
        {"sofa" : 1,  "begin" : 1952,  "end" : 1954 }, 
        {"sofa" : 1,  "begin" : 1955,  "end" : 1959 }, 
        {"sofa" : 1,  "begin" : 1960,  "end" : 1966 }, 
        {"sofa" : 1,  "begin" : 1967,  "end" : 1969 }, 
        {"sofa" : 1,  "begin" : 1970,  "end" : 1973 }, 
        {"sofa" : 1,  "begin" : 1974,  "end" : 1980 }, 
        {"sofa" : 1,  "begin" : 1981,  "end" : 1982 }, 
        {"sofa" : 1,  "begin" : 1982,  "end" : 1984 }, 
        {"sofa" : 1,  "begin" : 1985,  "end" : 1988 }, 
        {"sofa" : 1,  "begin" : 1989,  "end" : 1998 }, 
        {"sofa" : 1,  "begin" : 1999,  "end" : 2003 }, 
        {"sofa" : 1,  "begin" : 2004,  "end" : 2006 }, 
        {"sofa" : 1,  "begin" : 2007,  "end" : 2010 }, 
        {"sofa" : 1,  "begin" : 2010,  "end" : 2011 }, 
        {"sofa" : 1,  "begin" : 2012,  "end" : 2015 }, 
        {"sofa" : 1,  "begin" : 2016,  "end" : 2028 }, 
        {"sofa" : 1,  "begin" : 2028,  "end" : 2029 }, 
        {"sofa" : 1,  "begin" : 2030,  "end" : 2032 }, 
        {"sofa" : 1,  "begin" : 2033,  "end" : 2036 }, 
        {"sofa" : 1,  "begin" : 2037,  "end" : 2044 }, 
        {"sofa" : 1,  "begin" : 2045,  "end" : 2050 }, 
        {"sofa" : 1,  "begin" : 2051,  "end" : 2053 }, 
        {"sofa" : 1,  "begin" : 2054,  "end" : 2057 }, 
        {"sofa" : 1,  "begin" : 2058,  "end" : 2066 }, 
        {"sofa" : 1,  "begin" : 2067,  "end" : 2072 }, 
        {"sofa" : 1,  "begin" : 2073,  "end" : 2077 }, 
        {"sofa" : 1,  "begin" : 2078,  "end" : 2081 }, 
        {"sofa" : 1,  "begin" : 2082,  "end" : 2089 }, 
        {"sofa" : 1,  "begin" : 2090,  "end" : 2101 }, 
        {"sofa" : 1,  "begin" : 2102,  "end" : 2104 }, 
        {"sofa" : 1,  "begin" : 2105,  "end" : 2108 }, 
        {"sofa" : 1,  "begin" : 2109,  "end" : 2118 }, 
        {"sofa" : 1,  "begin" : 2119,  "end" : 2121 }, 
        {"sofa" : 1,  "begin" : 2122,  "end" : 2129 }, 
        {"sofa" : 1,  "begin" : 2129,  "end" : 2130 }, 
        {"sofa" : 1,  "begin" : 2131,  "end" : 2134 }, 
        {"sofa" : 1,  "begin" : 2135,  "end" : 2138 }, 
        {"sofa" : 1,  "begin" : 2139,  "end" : 2143 }, 
        {"sofa" : 1,  "begin" : 2144,  "end" : 2146 }, 
        {"sofa" : 1,  "begin" : 2147,  "end" : 2150 }, 
        {"sofa" : 1,  "begin" : 2151,  "end" : 2156 }, 
        {"sofa" : 1,  "begin" : 2157,  "end" : 2165 }, 
        {"sofa" : 1,  "begin" : 2166,  "end" : 2168 }, 
        {"sofa" : 1,  "begin" : 2169,  "end" : 2172 }, 
        {"sofa" : 1,  "begin" : 2173,  "end" : 2180 }, 
        {"sofa" : 1,  "begin" : 2181,  "end" : 2184 }, 
        {"sofa" : 1,  "begin" : 2185,  "end" : 2197 }, 
        {"sofa" : 1,  "begin" : 2198,  "end" : 2200 }, 
        {"sofa" : 1,  "begin" : 2201,  "end" : 2204 }, 
        {"sofa" : 1,  "begin" : 2205,  "end" : 2212 }, 
        {"sofa" : 1,  "begin" : 2213,  "end" : 2219 }, 
        {"sofa" : 1,  "begin" : 2219,  "end" : 2220 }, 
        {"sofa" : 1,  "begin" : 2221,  "end" : 2226 }, 
        {"sofa" : 1,  "begin" : 2227,  "end" : 2230 }, 
        {"sofa" : 1,  "begin" : 2231,  "end" : 2232 }, 
        {"sofa" : 1,  "begin" : 2233,  "end" : 2238 }, 
        {"sofa" : 1,  "begin" : 2239,  "end" : 2245 }, 
        {"sofa" : 1,  "begin" : 2246,  "end" : 2251 }, 
        {"sofa" : 1,  "begin" : 2252,  "end" : 2258 }, 
        {"sofa" : 1,  "begin" : 2259,  "end" : 2262 }, 
        {"sofa" : 1,  "begin" : 2263,  "end" : 2268 }, 
        {"sofa" : 1,  "begin" : 2269,  "end" : 2273 }, 
        {"sofa" : 1,  "begin" : 2274,  "end" : 2276 }, 
        {"sofa" : 1,  "begin" : 2277,  "end" : 2281 }, 
        {"sofa" : 1,  "begin" : 2281,  "end" : 2282 } ] } }, 
  "_referenced_fss" : {
    "1" : {"_type" : "Sofa",  "sofaNum" : 1,  "sofaID" : "_InitialView",  "mimeType" : "text",  "sofaString" : "It does not seem necessary to enter here into the\ntheological meaning of each separate act of censing, all no\ndoubt are the result of the teaching of the Spirit of God ; but\nthere is one point of such great antiquity, and of such singular\npathos, that it should not be omitted. Of course it will be\nremembered how usually, almost universally, in the primitive\nChurch, the martyrs were buried under the Altar, and so it\ncame about that the Priest, while censing the Altar at the\nSouth end, stooped down and censed the feet of the dear\nservant of Christ, and then again his head, when he was cpme\nto the North, and the whole body as he passed back from\nNorth to South. The bodies of the Saints are but rarely there\nnow, but the Church has continued her method of censing,\nwrapping all, both quick and dead, in the all availing inter\ncession of Her Great Head.\n\nIt is no part of our intention to claim a Scriptural authority,\nor suggestion even, of every detail of the present method of\nusing Incense in the Christian Church. We distinctly affirm\nwith St. Thomas (vide loc. cit.) that its use does not rest upon\nthe authority of the Mosaic law, but upon that of the Christian\nChurch alone. We are ready to admit with many of the\nlearned, among whom may be numbered Aquinas, De Vert,\nand Scudamore (against others of equal learning), that the\ndesire of producing a sweet smell in a place which otherwise\nwould have been foul, may have had something to do with its\nintroduction into the Christian Church, as it undoubtedly had\nsomething to do with its being ordered by Moses for use in\nthe Tabernacle made of skins.\n\nWe affirm, with Tertullian,\nthat we use Incense in a fashion different from the heathen, to\nwit in a swinging censer, and not in a standing vessel, as the\nPagans did. We are of opinion that the censing of persons\nand things is the only method of using Incense which is\ndistinctly Christian ; and finally we deny that it is possible to\nfind in this custom of the Church (be its antiquity what it may)\nany superstition, or the setting forth of any doctrine other than\nthe perfect sufficiency of the Sacrifice of Calvary, and the need\nof all being gathered in one through the intercession of the\nEternal Victim, which for a sweet savour rises before the\nMercy Seat on High." }, 
    "6166" : {"_type" : "Span",  "sofa" : 1,  "begin" : 1367,  "end" : 1372,  "label" : "Smell_Word" }, 
    "6161" : {"_type" : "Span",  "sofa" : 1,  "begin" : 1361,  "end" : 1366,  "label" : "Quality" }, 
    "6178" : {"_type" : "Span",  "sofa" : 1,  "begin" : 1373,  "end" : 1383,  "label" : "Location" }, 
    "6183" : {"_type" : "Span",  "sofa" : 1,  "begin" : 1416,  "end" : 1420,  "label" : "Smell_Word" }, 
    "6188" : {"_type" : "Span",  "sofa" : 1,  "begin" : 1416,  "end" : 1420,  "label" : "Quality" } } }