#FORMAT=WebAnno TSV 3.3
#T_SP=custom.Span|label
#T_RL=custom.Relation|label|BT_custom.Span


#Text=Dieſes Kraut waͤchſt auch in Egypten/
#Text=woſelbſt es Moſch, und der Samen
#Text=Abelmoſch genennt wird.
1-1	3-9	Dieſes	_	_	_	
1-2	10-15	Kraut	_	_	_	
1-3	16-23	waͤchſt	_	_	_	
1-4	24-28	auch	_	_	_	
1-5	29-31	in	_	_	_	
1-6	32-39	Egypten	_	_	_	
1-7	39-40	/	_	_	_	
1-8	41-49	woſelbſt	_	_	_	
1-9	50-52	es	_	_	_	
1-10	53-58	Moſch	_	_	_	
1-11	58-59	,	_	_	_	
1-12	60-63	und	_	_	_	
1-13	64-67	der	_	_	_	
1-14	68-73	Samen	_	_	_	
1-15	74-83	Abelmoſch	_	_	_	
1-16	84-91	genennt	_	_	_	
1-17	92-96	wird	_	_	_	
1-18	96-97	.	_	_	_	

#Text=Die Parfumirer, ſonderlich in Jta-
#Text=lien, brauchen dieſen Samen am mei-
#Text=ſten;
#Text=inngleichen die Paternoſter- und
#Text=Roſenkraͤntzmacher.
2-1	101-104	Die	_	_	_	
2-2	105-115	Parfumirer	_	_	_	
2-3	115-116	,	_	_	_	
2-4	117-127	ſonderlich	_	_	_	
2-5	128-130	in	_	_	_	
2-6	131-134	Jta	_	_	_	
2-7	134-135	-	_	_	_	
2-8	136-140	lien	_	_	_	
2-9	140-141	,	_	_	_	
2-10	142-150	brauchen	_	_	_	
2-11	151-157	dieſen	_	_	_	
2-12	158-163	Samen	_	_	_	
2-13	164-166	am	_	_	_	
2-14	167-170	mei	_	_	_	
2-15	170-171	-	_	_	_	
2-16	172-176	ſten	_	_	_	
2-17	176-177	;	_	_	_	
2-18	178-189	inngleichen	_	_	_	
2-19	190-193	die	_	_	_	
2-20	194-205	Paternoſter	_	_	_	
2-21	205-206	-	_	_	_	
2-22	207-210	und	_	_	_	
2-23	211-229	Roſenkraͤntzmacher	_	_	_	
2-24	229-230	.	_	_	_	

#Text=Man
#Text=\f
#Text=[
#Text=0048]
#Text=
#Text=
#Text=Der Spezereyen und Materialien
#Text=
#Text=
#Text=
#Text=
#Text=Man darff dieſen Samen durchaus
#Text=zu keinen Sachen thun, die man wohl-
#Text=riechend zu machen gedencket, oder es
#Text=muß einer wohl damit umzugehen wiſ-
#Text=ſen.
3-1	234-237	Man	_	_	_	
3-2	240-241	[	_	_	_	
3-3	242-246	0048	_	_	_	
3-4	246-247	]	_	_	_	
3-5	250-253	Der	_	_	_	
3-6	254-264	Spezereyen	_	_	_	
3-7	265-268	und	_	_	_	
3-8	269-280	Materialien	_	_	_	
3-9	285-288	Man	_	_	_	
3-10	289-294	darff	_	_	_	
3-11	295-301	dieſen	_	_	_	
3-12	302-307	Samen	_	_	_	
3-13	308-316	durchaus	_	_	_	
3-14	317-319	zu	_	_	_	
3-15	320-326	keinen	_	_	_	
3-16	327-333	Sachen	Smell\_Source	_	_	
3-17	334-338	thun	_	_	_	
3-18	338-339	,	_	_	_	
3-19	340-343	die	_	_	_	
3-20	344-347	man	_	_	_	
3-21	348-352	wohl	Quality	_	_	
3-22	352-353	-	_	_	_	
3-23	354-362	riechend	Smell\_Word	*|*|*	3-21|3-16|4-1[1_0]	
3-24	363-365	zu	_	_	_	
3-25	366-372	machen	_	_	_	
3-26	373-382	gedencket	_	_	_	
3-27	382-383	,	_	_	_	
3-28	384-388	oder	_	_	_	
3-29	389-391	es	_	_	_	
3-30	392-395	muß	_	_	_	
3-31	396-401	einer	_	_	_	
3-32	402-406	wohl	_	_	_	
3-33	407-412	damit	_	_	_	
3-34	413-422	umzugehen	_	_	_	
3-35	423-426	wiſ	_	_	_	
3-36	426-427	-	_	_	_	
3-37	428-431	ſen	_	_	_	
3-38	431-432	.	_	_	_	

#Text=Widrigen Falls wird alles ver-
#Text=derbet werden.
4-1	433-441	Widrigen	Effect[1]	_	_	
4-2	442-447	Falls	Effect[1]	_	_	
4-3	448-452	wird	Effect[1]	_	_	
4-4	453-458	alles	Effect[1]	_	_	
4-5	459-462	ver	Effect[1]	_	_	
4-6	462-463	-	Effect[1]	_	_	
4-7	464-470	derbet	Effect[1]	_	_	
4-8	471-477	werden	Effect[1]	_	_	
4-9	477-478	.	_	_	_	

#Text=Der Biſamſamen hat, meines wiſ-
#Text=ſens, keinen Nutzen in der Artzney, weil
#Text=uns entweder ſeine Kraft und Tugend
#Text=annoch verborgen, oder aber, weil mir
#Text=nur ſeine Eigenſchaften zur Zeit noch
#Text=unbekannt ſind.
5-1	483-486	Der	_	_	_	
5-2	487-497	Biſamſamen	_	_	_	
5-3	498-501	hat	_	_	_	
5-4	501-502	,	_	_	_	
5-5	503-509	meines	_	_	_	
5-6	510-513	wiſ	_	_	_	
5-7	513-514	-	_	_	_	
5-8	515-519	ſens	_	_	_	
5-9	519-520	,	_	_	_	
5-10	521-527	keinen	_	_	_	
5-11	528-534	Nutzen	_	_	_	
5-12	535-537	in	_	_	_	
5-13	538-541	der	_	_	_	
5-14	542-549	Artzney	_	_	_	
5-15	549-550	,	_	_	_	
5-16	551-555	weil	_	_	_	
5-17	556-559	uns	_	_	_	
5-18	560-568	entweder	_	_	_	
5-19	569-574	ſeine	_	_	_	
5-20	575-580	Kraft	_	_	_	
5-21	581-584	und	_	_	_	
5-22	585-591	Tugend	_	_	_	
5-23	592-598	annoch	_	_	_	
5-24	599-608	verborgen	_	_	_	
5-25	608-609	,	_	_	_	
5-26	610-614	oder	_	_	_	
5-27	615-619	aber	_	_	_	
5-28	619-620	,	_	_	_	
5-29	621-625	weil	_	_	_	
5-30	626-629	mir	_	_	_	
5-31	630-633	nur	_	_	_	
5-32	634-639	ſeine	_	_	_	
5-33	640-653	Eigenſchaften	_	_	_	
5-34	654-657	zur	_	_	_	
5-35	658-662	Zeit	_	_	_	
5-36	663-667	noch	_	_	_	
5-37	668-677	unbekannt	_	_	_	
5-38	678-682	ſind	_	_	_	
5-39	682-683	.	_	_	_	

#Text=Das fuͤnff und zwantzigſte Capitel.
6-1	688-691	Das	_	_	_	
6-2	692-698	fuͤnff	_	_	_	
6-3	699-702	und	_	_	_	
6-4	703-714	zwantzigſte	_	_	_	
6-5	715-722	Capitel	_	_	_	
6-6	722-723	.	_	_	_	

#Text=Von der Conzenille
#Text=.
7-1	726-729	Von	_	_	_	
7-2	730-733	der	_	_	_	
7-3	734-744	Conzenille	_	_	_	
7-4	745-746	.	_	_	_	
