#FORMAT=WebAnno TSV 3.3


#Text=deze schynt my waarlyk niet voor het gevoelen van UWelEd.
#Text=zeer Gel.
#Text=te pleiten.
1-1	2-6	deze	
1-2	7-13	schynt	
1-3	14-16	my	
1-4	17-24	waarlyk	
1-5	25-29	niet	
1-6	30-34	voor	
1-7	35-38	het	
1-8	39-47	gevoelen	
1-9	48-51	van	
1-10	52-58	UWelEd	
1-11	58-59	.	
1-12	60-64	zeer	
1-13	65-68	Gel	
1-14	68-69	.	
1-15	70-72	te	
1-16	73-80	pleiten	
1-17	80-81	.	

#Text=De lucht ten platten
#Text=Lande is zeker zo niet bezwangerd met dampen van rottend Water, als in de Steden, te Amsterdam b.v. - te meer dewyl de winden in de Steden de lucht zo niet verdeelen en zuiveren kunnen(i) - en dus het water meer gelegenheid heeft om stil te staan en te rotten;
#Text=- hier koomt by, dat de Ligchaamen der Boeren meer gehard zyn, tegen de veranderingen des Weders, dan die der Stedelingen - dat de levenswyze der laatstgenoemde veel weeker is, en hun dus geschikter maakt tot Ziekten, welke geschiktheid, door de meerdere luwheid der Lucht in de Steden, nog(k) bevorderd word.
2-1	84-86	De	
2-2	87-92	lucht	
2-3	93-96	ten	
2-4	97-104	platten	
2-5	105-110	Lande	
2-6	111-113	is	
2-7	114-119	zeker	
2-8	120-122	zo	
2-9	123-127	niet	
2-10	128-138	bezwangerd	
2-11	139-142	met	
2-12	143-149	dampen	
2-13	150-153	van	
2-14	154-161	rottend	
2-15	162-167	Water	
2-16	167-168	,	
2-17	169-172	als	
2-18	173-175	in	
2-19	176-178	de	
2-20	179-185	Steden	
2-21	185-186	,	
2-22	187-189	te	
2-23	190-199	Amsterdam	
2-24	200-203	b.v	
2-25	203-204	.	
2-26	205-206	-	
2-27	207-209	te	
2-28	210-214	meer	
2-29	215-220	dewyl	
2-30	221-223	de	
2-31	224-230	winden	
2-32	231-233	in	
2-33	234-236	de	
2-34	237-243	Steden	
2-35	244-246	de	
2-36	247-252	lucht	
2-37	253-255	zo	
2-38	256-260	niet	
2-39	261-270	verdeelen	
2-40	271-273	en	
2-41	274-282	zuiveren	
2-42	283-289	kunnen	
2-43	289-290	(	
2-44	290-291	i	
2-45	291-292	)	
2-46	293-294	-	
2-47	295-297	en	
2-48	298-301	dus	
2-49	302-305	het	
2-50	306-311	water	
2-51	312-316	meer	
2-52	317-328	gelegenheid	
2-53	329-334	heeft	
2-54	335-337	om	
2-55	338-342	stil	
2-56	343-345	te	
2-57	346-351	staan	
2-58	352-354	en	
2-59	355-357	te	
2-60	358-364	rotten	
2-61	364-365	;	
2-62	366-367	-	
2-63	368-372	hier	
2-64	373-378	koomt	
2-65	379-381	by	
2-66	381-382	,	
2-67	383-386	dat	
2-68	387-389	de	
2-69	390-400	Ligchaamen	
2-70	401-404	der	
2-71	405-411	Boeren	
2-72	412-416	meer	
2-73	417-423	gehard	
2-74	424-427	zyn	
2-75	427-428	,	
2-76	429-434	tegen	
2-77	435-437	de	
2-78	438-451	veranderingen	
2-79	452-455	des	
2-80	456-462	Weders	
2-81	462-463	,	
2-82	464-467	dan	
2-83	468-471	die	
2-84	472-475	der	
2-85	476-487	Stedelingen	
2-86	488-489	-	
2-87	490-493	dat	
2-88	494-496	de	
2-89	497-507	levenswyze	
2-90	508-511	der	
2-91	512-526	laatstgenoemde	
2-92	527-531	veel	
2-93	532-538	weeker	
2-94	539-541	is	
2-95	541-542	,	
2-96	543-545	en	
2-97	546-549	hun	
2-98	550-553	dus	
2-99	554-564	geschikter	
2-100	565-570	maakt	
2-101	571-574	tot	
2-102	575-582	Ziekten	
2-103	582-583	,	
2-104	584-589	welke	
2-105	590-602	geschiktheid	
2-106	602-603	,	
2-107	604-608	door	
2-108	609-611	de	
2-109	612-620	meerdere	
2-110	621-628	luwheid	
2-111	629-632	der	
2-112	633-638	Lucht	
2-113	639-641	in	
2-114	642-644	de	
2-115	645-651	Steden	
2-116	651-652	,	
2-117	653-656	nog	
2-118	656-657	(	
2-119	657-658	k	
2-120	658-659	)	
2-121	660-669	bevorderd	
2-122	670-674	word	
2-123	674-675	.	

#Text=Men moest dus noodzaakelyk in de Steden meer en hardnekkiger Herfstziekten waarneemen dan op het Land, zo de dampen medewerkende oorzaaken van die Ziekten waren - dan dit is zo niet.
#Text=- In de Beverwyk, b.v. zyn de Koortsen meer en hardnekkiger in den Herfst, dan te Amsterdam(l).
3-1	676-679	Men	
3-2	680-685	moest	
3-3	686-689	dus	
3-4	690-702	noodzaakelyk	
3-5	703-705	in	
3-6	706-708	de	
3-7	709-715	Steden	
3-8	716-720	meer	
3-9	721-723	en	
3-10	724-736	hardnekkiger	
3-11	737-750	Herfstziekten	
3-12	751-761	waarneemen	
3-13	762-765	dan	
3-14	766-768	op	
3-15	769-772	het	
3-16	773-777	Land	
3-17	777-778	,	
3-18	779-781	zo	
3-19	782-784	de	
3-20	785-791	dampen	
3-21	792-804	medewerkende	
3-22	805-814	oorzaaken	
3-23	815-818	van	
3-24	819-822	die	
3-25	823-830	Ziekten	
3-26	831-836	waren	
3-27	837-838	-	
3-28	839-842	dan	
3-29	843-846	dit	
3-30	847-849	is	
3-31	850-852	zo	
3-32	853-857	niet	
3-33	857-858	.	
3-34	859-860	-	
3-35	861-863	In	
3-36	864-866	de	
3-37	867-875	Beverwyk	
3-38	875-876	,	
3-39	877-880	b.v	
3-40	880-881	.	
3-41	882-885	zyn	
3-42	886-888	de	
3-43	889-897	Koortsen	
3-44	898-902	meer	
3-45	903-905	en	
3-46	906-918	hardnekkiger	
3-47	919-921	in	
3-48	922-925	den	
3-49	926-932	Herfst	
3-50	932-933	,	
3-51	934-937	dan	
3-52	938-940	te	
3-53	941-950	Amsterdam	
3-54	950-951	(	
3-55	951-952	l	
3-56	952-953	)	
3-57	953-954	.	

#Text=In de hoogere landen zyn dezelfde Herfst-Koortzen ook zeer gemeen, en op de hooge Veluwe zelfs, dat UWel Ed. voor zeer gezond opgeeft, vindt men zedert tien jaaren veel Rot-Koortzen(m), welke men te Amsterdam zeer zelden, naar de grootte van de Stad, waarneemt.
4-1	955-957	In	
4-2	958-960	de	
4-3	961-968	hoogere	
4-4	969-975	landen	
4-5	976-979	zyn	
4-6	980-988	dezelfde	
4-7	989-1004	Herfst-Koortzen	
4-8	1005-1008	ook	
4-9	1009-1013	zeer	
4-10	1014-1020	gemeen	
4-11	1020-1021	,	
4-12	1022-1024	en	
4-13	1025-1027	op	
4-14	1028-1030	de	
4-15	1031-1036	hooge	
4-16	1037-1043	Veluwe	
4-17	1044-1049	zelfs	
4-18	1049-1050	,	
4-19	1051-1054	dat	
4-20	1055-1059	UWel	
4-21	1060-1062	Ed	
4-22	1062-1063	.	
4-23	1064-1068	voor	
4-24	1069-1073	zeer	
4-25	1074-1080	gezond	
4-26	1081-1088	opgeeft	
4-27	1088-1089	,	
4-28	1090-1095	vindt	
4-29	1096-1099	men	
4-30	1100-1106	zedert	
4-31	1107-1111	tien	
4-32	1112-1118	jaaren	
4-33	1119-1123	veel	
4-34	1124-1136	Rot-Koortzen	
4-35	1136-1137	(	
4-36	1137-1138	m	
4-37	1138-1139	)	
4-38	1139-1140	,	
4-39	1141-1146	welke	
4-40	1147-1150	men	
4-41	1151-1153	te	
4-42	1154-1163	Amsterdam	
4-43	1164-1168	zeer	
4-44	1169-1175	zelden	
4-45	1175-1176	,	
4-46	1177-1181	naar	
4-47	1182-1184	de	
4-48	1185-1192	grootte	
4-49	1193-1196	van	
4-50	1197-1199	de	
4-51	1200-1204	Stad	
4-52	1204-1205	,	
4-53	1206-1215	waarneemt	
4-54	1215-1216	.	

#Text=Leyden en Delft hebben in den Herfst ook geen minder aantal Zieken, en daar kan men die dampen egter niet beschuldigen.
5-1	1217-1223	Leyden	
5-2	1224-1226	en	
5-3	1227-1232	Delft	
5-4	1233-1239	hebben	
5-5	1240-1242	in	
5-6	1243-1246	den	
5-7	1247-1253	Herfst	
5-8	1254-1257	ook	
5-9	1258-1262	geen	
5-10	1263-1269	minder	
5-11	1270-1276	aantal	
5-12	1277-1283	Zieken	
5-13	1283-1284	,	
5-14	1285-1287	en	
5-15	1288-1292	daar	
5-16	1293-1296	kan	
5-17	1297-1300	men	
5-18	1301-1304	die	
5-19	1305-1311	dampen	
5-20	1312-1317	egter	
5-21	1318-1322	niet	
5-22	1323-1335	beschuldigen	
5-23	1335-1336	.	

#Text=Wat het tweede bewys aangaat, dat men namelyk in Steden, waarin een geweldigen stank waargenomen wordt, niet meer Zieken en dooden telt, dan op plaatzen, welke op het oog gezonder en beter gelegen zyn - dit gaat vry zeker;
#Text=en men kan het, ten minsten wat Haarlem en Amsterdam aangaat, uit de sterslysten betoogen.
#Text=- Immers daar UWelEd. de berekeningen van den kundigen struik niet alleen naauwkeurig noemt(n), maar dezelve ook ten
#Text=(i)
#Text=
#Text=Mengelw.
6-1	1339-1342	Wat	
6-2	1343-1346	het	
6-3	1347-1353	tweede	
6-4	1354-1359	bewys	
6-5	1360-1367	aangaat	
6-6	1367-1368	,	
6-7	1369-1372	dat	
6-8	1373-1376	men	
6-9	1377-1384	namelyk	
6-10	1385-1387	in	
6-11	1388-1394	Steden	
6-12	1394-1395	,	
6-13	1396-1402	waarin	
6-14	1403-1406	een	
6-15	1407-1417	geweldigen	
6-16	1418-1423	stank	
6-17	1424-1435	waargenomen	
6-18	1436-1441	wordt	
6-19	1441-1442	,	
6-20	1443-1447	niet	
6-21	1448-1452	meer	
6-22	1453-1459	Zieken	
6-23	1460-1462	en	
6-24	1463-1469	dooden	
6-25	1470-1474	telt	
6-26	1474-1475	,	
6-27	1476-1479	dan	
6-28	1480-1482	op	
6-29	1483-1491	plaatzen	
6-30	1491-1492	,	
6-31	1493-1498	welke	
6-32	1499-1501	op	
6-33	1502-1505	het	
6-34	1506-1509	oog	
6-35	1510-1518	gezonder	
6-36	1519-1521	en	
6-37	1522-1527	beter	
6-38	1528-1535	gelegen	
6-39	1536-1539	zyn	
6-40	1540-1541	-	
6-41	1542-1545	dit	
6-42	1546-1550	gaat	
6-43	1551-1554	vry	
6-44	1555-1560	zeker	
6-45	1560-1561	;	
6-46	1562-1564	en	
6-47	1565-1568	men	
6-48	1569-1572	kan	
6-49	1573-1576	het	
6-50	1576-1577	,	
6-51	1578-1581	ten	
6-52	1582-1589	minsten	
6-53	1590-1593	wat	
6-54	1594-1601	Haarlem	
6-55	1602-1604	en	
6-56	1605-1614	Amsterdam	
6-57	1615-1622	aangaat	
6-58	1622-1623	,	
6-59	1624-1627	uit	
6-60	1628-1630	de	
6-61	1631-1642	sterslysten	
6-62	1643-1651	betoogen	
6-63	1651-1652	.	
6-64	1653-1654	-	
6-65	1655-1661	Immers	
6-66	1662-1666	daar	
6-67	1667-1673	UWelEd	
6-68	1673-1674	.	
6-69	1675-1677	de	
6-70	1678-1690	berekeningen	
6-71	1691-1694	van	
6-72	1695-1698	den	
6-73	1699-1707	kundigen	
6-74	1708-1714	struik	
6-75	1715-1719	niet	
6-76	1720-1726	alleen	
6-77	1727-1738	naauwkeurig	
6-78	1739-1744	noemt	
6-79	1744-1745	(	
6-80	1745-1746	n	
6-81	1746-1747	)	
6-82	1747-1748	,	
6-83	1749-1753	maar	
6-84	1754-1761	dezelve	
6-85	1762-1765	ook	
6-86	1766-1769	ten	
6-87	1770-1771	(	
6-88	1771-1772	i	
6-89	1772-1773	)	
6-90	1775-1782	Mengelw	
6-91	1782-1783	.	

#Text=Zie boven, p. 442.
#Text=en de daar aangeh.
#Text=plaats van Dr. fothergill.
7-1	1784-1787	Zie	
7-2	1788-1793	boven	
7-3	1793-1794	,	
7-4	1795-1796	p	
7-5	1796-1797	.	
7-6	1798-1801	442	
7-7	1801-1802	.	
7-8	1803-1805	en	
7-9	1806-1808	de	
7-10	1809-1813	daar	
7-11	1814-1820	aangeh	
7-12	1820-1821	.	
7-13	1822-1828	plaats	
7-14	1829-1832	van	
7-15	1833-1835	Dr	
7-16	1835-1836	.	
7-17	1837-1847	fothergill	
7-18	1847-1848	.	

#Text=(k)
8-1	1850-1851	(	
8-2	1851-1852	k	
8-3	1852-1853	)	
