#FORMAT=WebAnno TSV 3.3
#T_SP=custom.Span|label
#T_RL=custom.Relation|label|BT_custom.Span


#Text=mit dem Keim unter ſich in die Erden gelegt/
#Text=aber
#Text=zuvor einen Tag im laulichten Waſſer eingeweicht
#Text=werden.
1-1	1-4	mit	_	_	_	
1-2	5-8	dem	_	_	_	
1-3	9-13	Keim	_	_	_	
1-4	14-19	unter	_	_	_	
1-5	20-24	ſich	_	_	_	
1-6	25-27	in	_	_	_	
1-7	28-31	die	_	_	_	
1-8	32-37	Erden	_	_	_	
1-9	38-44	gelegt	_	_	_	
1-10	44-45	/	_	_	_	
1-11	46-50	aber	_	_	_	
1-12	51-56	zuvor	_	_	_	
1-13	57-62	einen	_	_	_	
1-14	63-66	Tag	_	_	_	
1-15	67-69	im	_	_	_	
1-16	70-80	laulichten	_	_	_	
1-17	81-87	Waſſer	_	_	_	
1-18	88-99	eingeweicht	_	_	_	
1-19	100-106	werden	_	_	_	
1-20	106-107	.	_	_	_	

#Text=Datura
#Text=
#Text=Q 4
#Text=\f
#Text=[248/0264
#Text=]
#Text=
#Text=APRILIS.
2-1	111-117	Datura	_	_	_	
2-2	119-120	Q	_	_	_	
2-3	121-122	4	_	_	_	
2-4	125-126	[	_	_	_	
2-5	126-129	248	_	_	_	
2-6	129-130	/	_	_	_	
2-7	130-134	0264	_	_	_	
2-8	135-136	]	_	_	_	
2-9	138-145	APRILIS	_	_	_	
2-10	145-146	.	_	_	_	

#Text=Datura oder Stramonium, Stech-Apffel.
3-1	150-156	Datura	_	_	_	
3-2	157-161	oder	_	_	_	
3-3	162-172	Stramonium	_	_	_	
3-4	172-173	,	_	_	_	
3-5	174-186	Stech-Apffel	_	_	_	
3-6	186-187	.	_	_	_	

#Text=Hievon ſind doppelte und einfache/ haben groſſe
#Text=
#Text=Straͤuche und weiſſe
#Text=wohlriechende Blumen/ die
#Text=Blaͤtter aber riechen uͤbel;
#Text=Die doppelten kan man
#Text=wenig haben/ es ſey dann daß man den Saamen aus
#Text=Tabago bekommt;
#Text=Die Blumen ſind laͤnglicht/ und
#Text=die Saat-Bollen/ die daran kommen/ gleichen ſich
#Text=ziemlich den Caſtanien;
#Text=Sie wollen/ weil es eine
#Text=groſſe Pflantze giebt/
#Text=ſo
#Text=hoͤher als Ellen hoch waͤch-
#Text=ſet/ auch von ziemlicher Dicke/
#Text=einen räumlichen Ort
#Text=
#Text=haben/
#Text=vergehen alle Jahr/ bluͤhen im Julio und Au-
#Text=guſto/
#Text=ſo
4-1	190-196	Hievon	_	_	_	
4-2	197-201	ſind	_	_	_	
4-3	202-210	doppelte	_	_	_	
4-4	211-214	und	_	_	_	
4-5	215-223	einfache	_	_	_	
4-6	223-224	/	_	_	_	
4-7	225-230	haben	_	_	_	
4-8	231-237	groſſe	_	_	_	
4-9	239-248	Straͤuche	_	_	_	
4-10	249-252	und	_	_	_	
4-11	253-259	weiſſe	_	_	_	
4-12	260-273	wohlriechende	Quality[1]|Smell\_Word[2]	*	4-13[0_1]	
4-13	274-280	Blumen	Smell\_Source	_	_	
4-14	280-281	/	_	_	_	
4-15	282-285	die	_	_	_	
4-16	286-294	Blaͤtter	Smell\_Source	_	_	
4-17	295-299	aber	_	_	_	
4-18	300-307	riechen	Smell\_Word	*|*	4-19|4-16	
4-19	308-313	uͤbel	Quality	_	_	
4-20	313-314	;	_	_	_	
4-21	315-318	Die	_	_	_	
4-22	319-328	doppelten	_	_	_	
4-23	329-332	kan	_	_	_	
4-24	333-336	man	_	_	_	
4-25	337-342	wenig	_	_	_	
4-26	343-348	haben	_	_	_	
4-27	348-349	/	_	_	_	
4-28	350-352	es	_	_	_	
4-29	353-356	ſey	_	_	_	
4-30	357-361	dann	_	_	_	
4-31	362-365	daß	_	_	_	
4-32	366-369	man	_	_	_	
4-33	370-373	den	_	_	_	
4-34	374-380	Saamen	_	_	_	
4-35	381-384	aus	_	_	_	
4-36	385-391	Tabago	_	_	_	
4-37	392-399	bekommt	_	_	_	
4-38	399-400	;	_	_	_	
4-39	401-404	Die	_	_	_	
4-40	405-411	Blumen	_	_	_	
4-41	412-416	ſind	_	_	_	
4-42	417-427	laͤnglicht	_	_	_	
4-43	427-428	/	_	_	_	
4-44	429-432	und	_	_	_	
4-45	433-436	die	_	_	_	
4-46	437-448	Saat-Bollen	_	_	_	
4-47	448-449	/	_	_	_	
4-48	450-453	die	_	_	_	
4-49	454-459	daran	_	_	_	
4-50	460-466	kommen	_	_	_	
4-51	466-467	/	_	_	_	
4-52	468-476	gleichen	_	_	_	
4-53	477-481	ſich	_	_	_	
4-54	482-490	ziemlich	_	_	_	
4-55	491-494	den	_	_	_	
4-56	495-504	Caſtanien	_	_	_	
4-57	504-505	;	_	_	_	
4-58	506-509	Sie	_	_	_	
4-59	510-516	wollen	_	_	_	
4-60	516-517	/	_	_	_	
4-61	518-522	weil	_	_	_	
4-62	523-525	es	_	_	_	
4-63	526-530	eine	_	_	_	
4-64	531-537	groſſe	_	_	_	
4-65	538-546	Pflantze	_	_	_	
4-66	547-552	giebt	_	_	_	
4-67	552-553	/	_	_	_	
4-68	554-556	ſo	_	_	_	
4-69	557-563	hoͤher	_	_	_	
4-70	564-567	als	_	_	_	
4-71	568-573	Ellen	_	_	_	
4-72	574-578	hoch	_	_	_	
4-73	579-584	waͤch	_	_	_	
4-74	584-585	-	_	_	_	
4-75	586-589	ſet	_	_	_	
4-76	589-590	/	_	_	_	
4-77	591-595	auch	_	_	_	
4-78	596-599	von	_	_	_	
4-79	600-610	ziemlicher	_	_	_	
4-80	611-616	Dicke	_	_	_	
4-81	616-617	/	_	_	_	
4-82	618-623	einen	_	_	_	
4-83	624-634	räumlichen	_	_	_	
4-84	635-638	Ort	_	_	_	
4-85	640-645	haben	_	_	_	
4-86	645-646	/	_	_	_	
4-87	647-655	vergehen	_	_	_	
4-88	656-660	alle	_	_	_	
4-89	661-665	Jahr	_	_	_	
4-90	665-666	/	_	_	_	
4-91	667-674	bluͤhen	_	_	_	
4-92	675-677	im	_	_	_	
4-93	678-683	Julio	_	_	_	
4-94	684-687	und	_	_	_	
4-95	688-690	Au	_	_	_	
4-96	690-691	-	_	_	_	
4-97	692-697	guſto	_	_	_	
4-98	697-698	/	_	_	_	
4-99	699-701	ſo	_	_	_	
