#FORMAT=WebAnno TSV 3.3


#Text=Prudens van Duyse, Godfried of De
#Text=godsdienst op 't veld
#Text=
#Text=
#Text=\f49
#Text=
#Text=VIII.
1-1	5-12	Prudens	
1-2	13-16	van	
1-3	17-22	Duyse	
1-4	22-23	,	
1-5	24-32	Godfried	
1-6	33-35	of	
1-7	36-38	De	
1-8	39-49	godsdienst	
1-9	50-52	op	
1-10	53-54	'	
1-11	54-55	t	
1-12	56-60	veld	
1-13	64-66	49	
1-14	68-72	VIII	
1-15	72-73	.	

#Text=Verheven
#Text=Tempelklok, bron van herinneringen,
#Text=O Brons, dat in het zwerk een hymne schynt te zingen!
2-1	75-83	Verheven	
2-2	84-94	Tempelklok	
2-3	94-95	,	
2-4	96-100	bron	
2-5	101-104	van	
2-6	105-118	herinneringen	
2-7	118-119	,	
2-8	120-121	O	
2-9	122-127	Brons	
2-10	127-128	,	
2-11	129-132	dat	
2-12	133-135	in	
2-13	136-139	het	
2-14	140-145	zwerk	
2-15	146-149	een	
2-16	150-155	hymne	
2-17	156-162	schynt	
2-18	163-165	te	
2-19	166-172	zingen	
2-20	172-173	!	

#Text=Waer schuilt de ellendige, te deerniswaerd verstokt,
#Text=
#Text=Die uwer nadenkt ongeroerd en ongeschokt?
3-1	175-179	Waer	
3-2	180-187	schuilt	
3-3	188-190	de	
3-4	191-200	ellendige	
3-5	200-201	,	
3-6	202-204	te	
3-7	205-217	deerniswaerd	
3-8	218-226	verstokt	
3-9	226-227	,	
3-10	229-232	Die	
3-11	233-237	uwer	
3-12	238-245	nadenkt	
3-13	246-255	ongeroerd	
3-14	256-258	en	
3-15	259-269	ongeschokt	
3-16	269-270	?	

#Text=Heeft niet dit heilig brons gejuicht op hoogtydsdagen?
4-1	272-277	Heeft	
4-2	278-282	niet	
4-3	283-286	dit	
4-4	287-293	heilig	
4-5	294-299	brons	
4-6	300-308	gejuicht	
4-7	309-311	op	
4-8	312-325	hoogtydsdagen	
4-9	325-326	?	

#Text=Als 's Hemels luchteraut, het biddensuer geslagen,
#Text=En, toen het daglicht rees of stierf, het rustend veld
#Text=Godvruchtig overbomd; en, als van vreugd versneld,
#Text=Zyn' ouders aengekond, dat de altaersterren brandden,
#Text=
#Text=Om hen te snoeren in onwrikbre liefdebanden;
#Text=
#Text=
#Text=En, toen het graf ons weêr een liefling had ontroofd,
#Text=Gelyk een vriend, getreurd op 't aengebeden hoofd?
5-1	329-332	Als	
5-2	333-334	'	
5-3	334-335	s	
5-4	336-342	Hemels	
5-5	343-353	luchteraut	
5-6	353-354	,	
5-7	355-358	het	
5-8	359-369	biddensuer	
5-9	370-378	geslagen	
5-10	378-379	,	
5-11	380-382	En	
5-12	382-383	,	
5-13	384-388	toen	
5-14	389-392	het	
5-15	393-401	daglicht	
5-16	402-406	rees	
5-17	407-409	of	
5-18	410-416	stierf	
5-19	416-417	,	
5-20	418-421	het	
5-21	422-429	rustend	
5-22	430-434	veld	
5-23	435-446	Godvruchtig	
5-24	447-455	overbomd	
5-25	455-456	;	
5-26	457-459	en	
5-27	459-460	,	
5-28	461-464	als	
5-29	465-468	van	
5-30	469-475	vreugd	
5-31	476-484	versneld	
5-32	484-485	,	
5-33	486-489	Zyn	
5-34	489-490	'	
5-35	491-497	ouders	
5-36	498-507	aengekond	
5-37	507-508	,	
5-38	509-512	dat	
5-39	513-515	de	
5-40	516-529	altaersterren	
5-41	530-538	brandden	
5-42	538-539	,	
5-43	541-543	Om	
5-44	544-547	hen	
5-45	548-550	te	
5-46	551-558	snoeren	
5-47	559-561	in	
5-48	562-571	onwrikbre	
5-49	572-584	liefdebanden	
5-50	584-585	;	
5-51	588-590	En	
5-52	590-591	,	
5-53	592-596	toen	
5-54	597-600	het	
5-55	601-605	graf	
5-56	606-609	ons	
5-57	610-614	weêr	
5-58	615-618	een	
5-59	619-627	liefling	
5-60	628-631	had	
5-61	632-640	ontroofd	
5-62	640-641	,	
5-63	642-647	Gelyk	
5-64	648-651	een	
5-65	652-658	vriend	
5-66	658-659	,	
5-67	660-668	getreurd	
5-68	669-671	op	
5-69	672-673	'	
5-70	673-674	t	
5-71	675-685	aengebeden	
5-72	686-691	hoofd	
5-73	691-692	?	

#Text=Neen, als reeds de akker zwygt, by 't vruchtbre dauwdrop-lekken.
6-1	694-698	Neen	
6-2	698-699	,	
6-3	700-703	als	
6-4	704-709	reeds	
6-5	710-712	de	
6-6	713-718	akker	
6-7	719-724	zwygt	
6-8	724-725	,	
6-9	726-728	by	
6-10	729-730	'	
6-11	730-731	t	
6-12	732-741	vruchtbre	
6-13	742-757	dauwdrop-lekken	
6-14	757-758	.	

#Text=En weêr die klok herklinkt, om een gebed te wekken,
#Text=
#Text=Een zucht of blik, die tot den Alvoorziende gaet,
#Text=Dan is 't een doode slechts, dien ze onbewogen laet.
7-1	761-763	En	
7-2	764-768	weêr	
7-3	769-772	die	
7-4	773-777	klok	
7-5	778-787	herklinkt	
7-6	787-788	,	
7-7	789-791	om	
7-8	792-795	een	
7-9	796-801	gebed	
7-10	802-804	te	
7-11	805-811	wekken	
7-12	811-812	,	
7-13	814-817	Een	
7-14	818-823	zucht	
7-15	824-826	of	
7-16	827-831	blik	
7-17	831-832	,	
7-18	833-836	die	
7-19	837-840	tot	
7-20	841-844	den	
7-21	845-857	Alvoorziende	
7-22	858-862	gaet	
7-23	862-863	,	
7-24	864-867	Dan	
7-25	868-870	is	
7-26	871-872	'	
7-27	872-873	t	
7-28	874-877	een	
7-29	878-883	doode	
7-30	884-891	slechts	
7-31	891-892	,	
7-32	893-897	dien	
7-33	898-900	ze	
7-34	901-910	onbewogen	
7-35	911-915	laet	
7-36	915-916	.	

#Text=Prudens van Duyse, Godfried of De
8-1	920-927	Prudens	
8-2	928-931	van	
8-3	932-937	Duyse	
8-4	937-938	,	
8-5	939-947	Godfried	
8-6	948-950	of	
8-7	951-953	De	
