#FORMAT=WebAnno TSV 3.3


#Text=sijn
#Text=dickte of hooghde boven d'eerde, deur vvisconstigheregelen die vveerom
#Text=*
#Text=te voorschijn commen
#Text=sijn
#Text=by
#Text=Allacen:
#Text=Vyt vviens Arabische spraeck sy overgheset
#Text=Certitudine Mathematica.
1-1	3-7	sijn	
1-2	8-14	dickte	
1-3	15-17	of	
1-4	18-25	hooghde	
1-5	26-31	boven	
1-6	32-39	d'eerde	
1-7	39-40	,	
1-8	41-45	deur	
1-9	46-66	vvisconstigheregelen	
1-10	67-70	die	
1-11	71-78	vveerom	
1-12	79-80	*	
1-13	81-83	te	
1-14	84-94	voorschijn	
1-15	95-101	commen	
1-16	102-106	sijn	
1-17	107-109	by	
1-18	110-117	Allacen	
1-19	117-118	:	
1-20	119-122	Vyt	
1-21	123-129	vviens	
1-22	130-139	Arabische	
1-23	140-147	spraeck	
1-24	148-150	sy	
1-25	151-161	overgheset	
1-26	162-173	Certitudine	
1-27	174-185	Mathematica	
1-28	185-186	.	

#Text=vvier
#Text=den inde Latijnsche deur Gerardus Creminensis, vvaer op Petrus Nonius
#Text=daer na oock breeder gheschreven heeft, uyt de selve hebben vvy desen handel
#Text=die vvy DAMPHOOGHDE noemen in Duytsch ghebrocht; doch alles na onsen stijl
#Text=gheformt.
2-1	188-193	vvier	
2-2	194-197	den	
2-3	198-202	inde	
2-4	203-213	Latijnsche	
2-5	214-218	deur	
2-6	219-227	Gerardus	
2-7	228-239	Creminensis	
2-8	239-240	,	
2-9	241-246	vvaer	
2-10	247-249	op	
2-11	250-256	Petrus	
2-12	257-263	Nonius	
2-13	264-268	daer	
2-14	269-271	na	
2-15	272-276	oock	
2-16	277-284	breeder	
2-17	285-296	gheschreven	
2-18	297-302	heeft	
2-19	302-303	,	
2-20	304-307	uyt	
2-21	308-310	de	
2-22	311-316	selve	
2-23	317-323	hebben	
2-24	324-327	vvy	
2-25	328-333	desen	
2-26	334-340	handel	
2-27	341-344	die	
2-28	345-348	vvy	
2-29	349-360	DAMPHOOGHDE	
2-30	361-367	noemen	
2-31	368-370	in	
2-32	371-378	Duytsch	
2-33	379-388	ghebrocht	
2-34	388-389	;	
2-35	390-394	doch	
2-36	395-400	alles	
2-37	401-403	na	
2-38	404-409	onsen	
2-39	410-415	stijl	
2-40	416-424	gheformt	
2-41	424-425	.	

#Text=Simon Stevin, Wisconstighe gedachtenissen.
3-1	428-433	Simon	
3-2	434-440	Stevin	
3-3	440-441	,	
3-4	442-454	Wisconstighe	
3-5	455-469	gedachtenissen	
3-6	469-470	.	

#Text=Deel 1: van 't weereltschrift
#Text=
#Text=\f73
#Text=
#Text=1 Voorstel.
4-1	471-475	Deel	
4-2	476-477	1	
4-3	477-478	:	
4-4	479-482	van	
4-5	483-484	'	
4-6	484-485	t	
4-7	486-500	weereltschrift	
4-8	503-505	73	
4-9	507-508	1	
4-10	509-517	Voorstel	
4-11	517-518	.	

#Text=Te verclaren deur vvat middel gesien vvort den dampcloot, en hoe die een oirsaeck
#Text=des dagheraets.
5-1	520-522	Te	
5-2	523-532	verclaren	
5-3	533-537	deur	
5-4	538-542	vvat	
5-5	543-549	middel	
5-6	550-556	gesien	
5-7	557-562	vvort	
5-8	563-566	den	
5-9	567-576	dampcloot	
5-10	576-577	,	
5-11	578-580	en	
5-12	581-584	hoe	
5-13	585-588	die	
5-14	589-592	een	
5-15	593-601	oirsaeck	
5-16	602-605	des	
5-17	606-616	dagheraets	
5-18	616-617	.	

#Text=EER wy commen tot beschrijving van t'vinden der hooghde des damps, so ist oirboir
#Text=*
#Text=
#Text=voor al te verclaren
#Text=datser is, hoemense siet, en waer op de Wisconstnaers
#Text=hun
#Text=*
#Text=
#Text=gront namen:
#Text=Tot desen eynde segh ick aldus:
#Text=Tis an velen kennelick, dat
#Text=Mathematici.
6-1	619-622	EER	
6-2	623-625	wy	
6-3	626-632	commen	
6-4	633-636	tot	
6-5	637-649	beschrijving	
6-6	650-653	van	
6-7	654-662	t'vinden	
6-8	663-666	der	
6-9	667-674	hooghde	
6-10	675-678	des	
6-11	679-684	damps	
6-12	684-685	,	
6-13	686-688	so	
6-14	689-692	ist	
6-15	693-700	oirboir	
6-16	701-702	*	
6-17	704-708	voor	
6-18	709-711	al	
6-19	712-714	te	
6-20	715-724	verclaren	
6-21	725-731	datser	
6-22	732-734	is	
6-23	734-735	,	
6-24	736-744	hoemense	
6-25	745-749	siet	
6-26	749-750	,	
6-27	751-753	en	
6-28	754-758	waer	
6-29	759-761	op	
6-30	762-764	de	
6-31	765-778	Wisconstnaers	
6-32	779-782	hun	
6-33	783-784	*	
6-34	786-791	gront	
6-35	792-797	namen	
6-36	797-798	:	
6-37	799-802	Tot	
6-38	803-808	desen	
6-39	809-814	eynde	
6-40	815-819	segh	
6-41	820-823	ick	
6-42	824-829	aldus	
6-43	829-830	:	
6-44	831-834	Tis	
6-45	835-837	an	
6-46	838-843	velen	
6-47	844-853	kennelick	
6-48	853-854	,	
6-49	855-858	dat	
6-50	859-870	Mathematici	
6-51	870-871	.	

#Text=wesende de Son voor den opganck ontrent 16 tr.
#Text=onder den sichteinder, so
#Text=begintmen inde locht een witticheyt te sien oprijsen, diemen den dagheraet noemt
7-1	873-880	wesende	
7-2	881-883	de	
7-3	884-887	Son	
7-4	888-892	voor	
7-5	893-896	den	
7-6	897-904	opganck	
7-7	905-912	ontrent	
7-8	913-915	16	
7-9	916-918	tr	
7-10	918-919	.	
7-11	920-925	onder	
7-12	926-929	den	
7-13	930-941	sichteinder	
7-14	941-942	,	
7-15	943-945	so	
7-16	946-955	begintmen	
7-17	956-960	inde	
7-18	961-966	locht	
7-19	967-970	een	
7-20	971-981	witticheyt	
7-21	982-984	te	
7-22	985-989	sien	
7-23	990-998	oprijsen	
7-24	998-999	,	
7-25	1000-1006	diemen	
7-26	1007-1010	den	
7-27	1011-1020	dagheraet	
7-28	1021-1026	noemt	
