#FORMAT=WebAnno TSV 3.3


#Text=Cat.
1-1	0-3	Cat	
1-2	3-4	.	

#Text=Al paragone ci perde il Riosto!
2-1	5-7	Al	
2-2	8-16	paragone	
2-3	17-19	ci	
2-4	20-25	perde	
2-5	26-28	il	
2-6	29-35	Riosto	
2-7	35-36	!	

#Text=March.
3-1	37-42	March	
3-2	42-43	.	

#Text=M ' immagino che verranno in gran copia i letterati a visitarvi.
4-1	44-45	M	
4-2	46-47	'	
4-3	48-56	immagino	
4-4	57-60	che	
4-5	61-69	verranno	
4-6	70-72	in	
4-7	73-77	gran	
4-8	78-83	copia	
4-9	84-85	i	
4-10	86-95	letterati	
4-11	96-97	a	
4-12	98-107	visitarvi	
4-13	107-108	.	

#Text=Vorrei sapere chi è il vostro prediletto del ruolo de ' bell ' ingegni?
5-1	109-115	Vorrei	
5-2	116-122	sapere	
5-3	123-126	chi	
5-4	127-128	è	
5-5	129-131	il	
5-6	132-138	vostro	
5-7	139-149	prediletto	
5-8	150-153	del	
5-9	154-159	ruolo	
5-10	160-162	de	
5-11	163-164	'	
5-12	165-169	bell	
5-13	170-171	'	
5-14	172-179	ingegni	
5-15	179-180	?	

#Text=Mom.
6-1	181-184	Mom	
6-2	184-185	.	

#Text=A dirvi il vero, o Signore, non siamo molto ancora riconosciute, ma ci faremo riconoscere; perchè la Signora Eugenietta Grattapigna, una delle più virtuose Metastasie di questa Liguria ci ha promesso di condur quà tutti li più bravi virtuteprediti, che fanno raccolta di cose singolari.
7-1	186-187	A	
7-2	188-193	dirvi	
7-3	194-196	il	
7-4	197-201	vero	
7-5	201-202	,	
7-6	203-204	o	
7-7	205-212	Signore	
7-8	212-213	,	
7-9	214-217	non	
7-10	218-223	siamo	
7-11	224-229	molto	
7-12	230-236	ancora	
7-13	237-249	riconosciute	
7-14	249-250	,	
7-15	251-253	ma	
7-16	254-256	ci	
7-17	257-263	faremo	
7-18	264-275	riconoscere	
7-19	275-276	;	
7-20	277-283	perchè	
7-21	284-286	la	
7-22	287-294	Signora	
7-23	295-305	Eugenietta	
7-24	306-317	Grattapigna	
7-25	317-318	,	
7-26	319-322	una	
7-27	323-328	delle	
7-28	329-332	più	
7-29	333-341	virtuose	
7-30	342-352	Metastasie	
7-31	353-355	di	
7-32	356-362	questa	
7-33	363-370	Liguria	
7-34	371-373	ci	
7-35	374-376	ha	
7-36	377-385	promesso	
7-37	386-388	di	
7-38	389-395	condur	
7-39	396-399	quà	
7-40	400-405	tutti	
7-41	406-408	li	
7-42	409-412	più	
7-43	413-418	bravi	
7-44	419-433	virtuteprediti	
7-45	433-434	,	
7-46	435-438	che	
7-47	439-444	fanno	
7-48	445-453	raccolta	
7-49	454-456	di	
7-50	457-461	cose	
7-51	462-471	singolari	
7-52	471-472	.	

#Text=Cat.
8-1	473-476	Cat	
8-2	476-477	.	

#Text=E ancora certi altri, che sono Autori di volumi in foglio.
9-1	478-479	E	
9-2	480-486	ancora	
9-3	487-492	certi	
9-4	493-498	altri	
9-5	498-499	,	
9-6	500-503	che	
9-7	504-508	sono	
9-8	509-515	Autori	
9-9	516-518	di	
9-10	519-525	volumi	
9-11	526-528	in	
9-12	529-535	foglio	
9-13	535-536	.	

#Text=March.
10-1	537-542	March	
10-2	542-543	.	

#Text=Oh per questo poi meglio di me niuno vi può servire.
11-1	544-546	Oh	
11-2	547-550	per	
11-3	551-557	questo	
11-4	558-561	poi	
11-5	562-568	meglio	
11-6	569-571	di	
11-7	572-574	me	
11-8	575-580	niuno	
11-9	581-583	vi	
11-10	584-587	può	
11-11	588-595	servire	
11-12	595-596	.	

#Text=Vengono tutti di quando in quando a farmi visita, e posso accertarvi, che non esco mai di letto la mattina senza averne d ' intorno due, o tre donzine, tutti matricolati nella fucina Etenea de ' bell ' ingegni; se sapeste mi consumano una prodigiosa quantità di cioccolatte, che ha trentasette oncie di vainiglia della più perfetta per ogni rubbo , oltre un numero spropositato di biscotti della Regina di Moscovia.
12-1	597-604	Vengono	
12-2	605-610	tutti	
12-3	611-613	di	
12-4	614-620	quando	
12-5	621-623	in	
12-6	624-630	quando	
12-7	631-632	a	
12-8	633-638	farmi	
12-9	639-645	visita	
12-10	645-646	,	
12-11	647-648	e	
12-12	649-654	posso	
12-13	655-665	accertarvi	
12-14	665-666	,	
12-15	667-670	che	
12-16	671-674	non	
12-17	675-679	esco	
12-18	680-683	mai	
12-19	684-686	di	
12-20	687-692	letto	
12-21	693-695	la	
12-22	696-703	mattina	
12-23	704-709	senza	
12-24	710-716	averne	
12-25	717-718	d	
12-26	719-720	'	
12-27	721-728	intorno	
12-28	729-732	due	
12-29	732-733	,	
12-30	734-735	o	
12-31	736-739	tre	
12-32	740-747	donzine	
12-33	747-748	,	
12-34	749-754	tutti	
12-35	755-766	matricolati	
12-36	767-772	nella	
12-37	773-779	fucina	
12-38	780-786	Etenea	
12-39	787-789	de	
12-40	790-791	'	
12-41	792-796	bell	
12-42	797-798	'	
12-43	799-806	ingegni	
12-44	806-807	;	
12-45	808-810	se	
12-46	811-818	sapeste	
12-47	819-821	mi	
12-48	822-831	consumano	
12-49	832-835	una	
12-50	836-846	prodigiosa	
12-51	847-855	quantità	
12-52	856-858	di	
12-53	859-870	cioccolatte	
12-54	870-871	,	
12-55	872-875	che	
12-56	876-878	ha	
12-57	879-890	trentasette	
12-58	891-896	oncie	
12-59	897-899	di	
12-60	900-909	vainiglia	
12-61	910-915	della	
12-62	916-919	più	
12-63	920-928	perfetta	
12-64	929-932	per	
12-65	933-937	ogni	
12-66	938-943	rubbo	
12-67	944-945	,	
12-68	946-951	oltre	
12-69	952-954	un	
12-70	955-961	numero	
12-71	962-974	spropositato	
12-72	975-977	di	
12-73	978-986	biscotti	
12-74	987-992	della	
12-75	993-999	Regina	
12-76	1000-1002	di	
12-77	1003-1011	Moscovia	
12-78	1011-1012	.	

#Text=Mom.
13-1	1013-1016	Mom	
13-2	1016-1017	.	

#Text=Bravo, e viva il Signor Marchese.
14-1	1018-1023	Bravo	
14-2	1023-1024	,	
14-3	1025-1026	e	
14-4	1027-1031	viva	
14-5	1032-1034	il	
14-6	1035-1041	Signor	
14-7	1042-1050	Marchese	
14-8	1050-1051	.	

#Text=Vi saremo molto obbligatissime, se ci farete conoscere cotesti luminari della litteratura; poichè allora saremo annoverate nel catalogo degli abitatori del Mondo nuovo; in questa maniera sapremo le novelle galanti.
15-1	1052-1054	Vi	
15-2	1055-1061	saremo	
15-3	1062-1067	molto	
15-4	1068-1082	obbligatissime	
15-5	1082-1083	,	
15-6	1084-1086	se	
15-7	1087-1089	ci	
15-8	1090-1096	farete	
15-9	1097-1106	conoscere	
15-10	1107-1114	cotesti	
15-11	1115-1123	luminari	
15-12	1124-1129	della	
15-13	1130-1141	litteratura	
15-14	1141-1142	;	
15-15	1143-1149	poichè	
15-16	1150-1156	allora	
15-17	1157-1163	saremo	
15-18	1164-1174	annoverate	
15-19	1175-1178	nel	
15-20	1179-1187	catalogo	
15-21	1188-1193	degli	
15-22	1194-1203	abitatori	
15-23	1204-1207	del	
15-24	1208-1213	Mondo	
15-25	1214-1219	nuovo	
15-26	1219-1220	;	
15-27	1221-1223	in	
15-28	1224-1230	questa	
15-29	1231-1238	maniera	
15-30	1239-1246	sapremo	
15-31	1247-1249	le	
15-32	1250-1257	novelle	
15-33	1258-1265	galanti	
15-34	1265-1266	.	

#Text=Averemo il dilettevole commercio di versi, e di prose.
16-1	1267-1274	Averemo	
16-2	1275-1277	il	
16-3	1278-1289	dilettevole	
16-4	1290-1299	commercio	
16-5	1300-1302	di	
16-6	1303-1308	versi	
16-7	1308-1309	,	
16-8	1310-1311	e	
16-9	1312-1314	di	
16-10	1315-1320	prose	
16-11	1320-1321	.	

#Text=Si sa subito il tale ha fatto un leggiadro componimento sopra il tale soggetto.
17-1	1322-1324	Si	
17-2	1325-1327	sa	
17-3	1328-1334	subito	
17-4	1335-1337	il	
17-5	1338-1342	tale	
17-6	1343-1345	ha	
17-7	1346-1351	fatto	
17-8	1352-1354	un	
17-9	1355-1364	leggiadro	
17-10	1365-1377	componimento	
17-11	1378-1383	sopra	
17-12	1384-1386	il	
17-13	1387-1391	tale	
17-14	1392-1400	soggetto	
17-15	1400-1401	.	

#Text=Si è a portata di parlare di tutto.
18-1	1402-1404	Si	
18-2	1405-1406	è	
18-3	1407-1408	a	
18-4	1409-1416	portata	
18-5	1417-1419	di	
18-6	1420-1427	parlare	
18-7	1428-1430	di	
18-8	1431-1436	tutto	
18-9	1436-1437	.	

#Text=Cat.
19-1	1438-1441	Cat	
19-2	1441-1442	.	

#Text=Di fatto chi si pregia d ' avere un bell ' ingegno, e non sa queste cose, è posto in ridicolo; ed io mi vergognerei se fossi interrogata delle producizioni letterarie, e che escono alla luce alla giornata, e dovesse rispondere che non le sò.
20-1	1443-1445	Di	
20-2	1446-1451	fatto	
20-3	1452-1455	chi	
20-4	1456-1458	si	
20-5	1459-1465	pregia	
20-6	1466-1467	d	
20-7	1468-1469	'	
20-8	1470-1475	avere	
20-9	1476-1478	un	
20-10	1479-1483	bell	
20-11	1484-1485	'	
20-12	1486-1493	ingegno	
20-13	1493-1494	,	
20-14	1495-1496	e	
20-15	1497-1500	non	
20-16	1501-1503	sa	
20-17	1504-1510	queste	
20-18	1511-1515	cose	
20-19	1515-1516	,	
20-20	1517-1518	è	
20-21	1519-1524	posto	
20-22	1525-1527	in	
20-23	1528-1536	ridicolo	
20-24	1536-1537	;	
20-25	1538-1540	ed	
20-26	1541-1543	io	
20-27	1544-1546	mi	
20-28	1547-1558	vergognerei	
20-29	1559-1561	se	
20-30	1562-1567	fossi	
20-31	1568-1579	interrogata	
20-32	1580-1585	delle	
20-33	1586-1598	producizioni	
20-34	1599-1609	letterarie	
20-35	1609-1610	,	
20-36	1611-1612	e	
20-37	1613-1616	che	
20-38	1617-1623	escono	
20-39	1624-1628	alla	
20-40	1629-1633	luce	
20-41	1634-1638	alla	
20-42	1639-1647	giornata	
20-43	1647-1648	,	
20-44	1649-1650	e	
20-45	1651-1658	dovesse	
20-46	1659-1669	rispondere	
20-47	1670-1673	che	
20-48	1674-1677	non	
20-49	1678-1680	le	
20-50	1681-1683	sò	
20-51	1683-1684	.	

#Text=March.
21-1	1685-1690	March	
21-2	1690-1691	.	

#Text=Dite benissimo; ma non vi date briga di questo, che voglio radunare un ' Accademia di Letteratoni di primissima classe; e vi prometto, che non si farà niente, e poi niente in questa Metropoli, che prima ch ' esca in luce non lo sappiate a memoria.
22-1	1692-1696	Dite	
22-2	1697-1706	benissimo	
22-3	1706-1707	;	
22-4	1708-1710	ma	
22-5	1711-1714	non	
22-6	1715-1717	vi	
22-7	1718-1722	date	
22-8	1723-1728	briga	
22-9	1729-1731	di	
22-10	1732-1738	questo	
22-11	1738-1739	,	
22-12	1740-1743	che	
22-13	1744-1750	voglio	
22-14	1751-1759	radunare	
22-15	1760-1762	un	
22-16	1763-1764	'	
22-17	1765-1774	Accademia	
22-18	1775-1777	di	
22-19	1778-1789	Letteratoni	
22-20	1790-1792	di	
22-21	1793-1803	primissima	
22-22	1804-1810	classe	
22-23	1810-1811	;	
22-24	1812-1813	e	
22-25	1814-1816	vi	
22-26	1817-1825	prometto	
22-27	1825-1826	,	
22-28	1827-1830	che	
22-29	1831-1834	non	
22-30	1835-1837	si	
22-31	1838-1842	farà	
22-32	1843-1849	niente	
22-33	1849-1850	,	
22-34	1851-1852	e	
22-35	1853-1856	poi	
22-36	1857-1863	niente	
22-37	1864-1866	in	
22-38	1867-1873	questa	
22-39	1874-1883	Metropoli	
22-40	1883-1884	,	
22-41	1885-1888	che	
22-42	1889-1894	prima	
22-43	1895-1897	ch	
22-44	1898-1899	'	
22-45	1900-1904	esca	
22-46	1905-1907	in	
22-47	1908-1912	luce	
22-48	1913-1916	non	
22-49	1917-1919	lo	
22-50	1920-1928	sappiate	
22-51	1929-1930	a	
22-52	1931-1938	memoria	
22-53	1938-1939	.	

#Text=Per me quando mi salta l ' estro vado imbrattando della carta in abbondanza, e senza dubbio vedrete correre per le strade, e ne ' botteghini ducento canzonette, altrettanti Sonetti, quattrocento epigrammi, e più di mille madrigali della mia fabbrica, senza computare gli enigmi, e i ritratti.
23-1	1940-1943	Per	
23-2	1944-1946	me	
23-3	1947-1953	quando	
23-4	1954-1956	mi	
23-5	1957-1962	salta	
23-6	1963-1964	l	
23-7	1965-1966	'	
23-8	1967-1972	estro	
23-9	1973-1977	vado	
23-10	1978-1989	imbrattando	
23-11	1990-1995	della	
23-12	1996-2001	carta	
23-13	2002-2004	in	
23-14	2005-2015	abbondanza	
23-15	2015-2016	,	
23-16	2017-2018	e	
23-17	2019-2024	senza	
23-18	2025-2031	dubbio	
23-19	2032-2039	vedrete	
23-20	2040-2047	correre	
23-21	2048-2051	per	
23-22	2052-2054	le	
23-23	2055-2061	strade	
23-24	2061-2062	,	
23-25	2063-2064	e	
23-26	2065-2067	ne	
23-27	2068-2069	'	
23-28	2070-2080	botteghini	
23-29	2081-2088	ducento	
23-30	2089-2099	canzonette	
23-31	2099-2100	,	
23-32	2101-2112	altrettanti	
23-33	2113-2120	Sonetti	
23-34	2120-2121	,	
23-35	2122-2134	quattrocento	
23-36	2135-2144	epigrammi	
23-37	2144-2145	,	
23-38	2146-2147	e	
23-39	2148-2151	più	
23-40	2152-2154	di	
23-41	2155-2160	mille	
23-42	2161-2170	madrigali	
23-43	2171-2176	della	
23-44	2177-2180	mia	
23-45	2181-2189	fabbrica	
23-46	2189-2190	,	
23-47	2191-2196	senza	
23-48	2197-2206	computare	
23-49	2207-2210	gli	
23-50	2211-2217	enigmi	
23-51	2217-2218	,	
23-52	2219-2220	e	
23-53	2221-2222	i	
23-54	2223-2231	ritratti	
23-55	2231-2232	.	

#Text=Mom.
24-1	2233-2236	Mom	
24-2	2236-2237	.	

#Text=Io confesso che i ritratti mi vanno a genio sbardellatamente, e quanto al mio poco giudizio è il componimento più regolato.
25-1	2238-2240	Io	
25-2	2241-2249	confesso	
25-3	2250-2253	che	
25-4	2254-2255	i	
25-5	2256-2264	ritratti	
25-6	2265-2267	mi	
25-7	2268-2273	vanno	
25-8	2274-2275	a	
25-9	2276-2281	genio	
25-10	2282-2298	sbardellatamente	
25-11	2298-2299	,	
25-12	2300-2301	e	
25-13	2302-2308	quanto	
25-14	2309-2311	al	
25-15	2312-2315	mio	
25-16	2316-2320	poco	
25-17	2321-2329	giudizio	
25-18	2330-2331	è	
25-19	2332-2334	il	
25-20	2335-2347	componimento	
25-21	2348-2351	più	
25-22	2352-2360	regolato	
25-23	2360-2361	.	

#Text=March.
26-1	2362-2367	March	
26-2	2367-2368	.	

#Text=I ritratti sono cose difficili, e per farli bene vi vuole un profondo sapere: ne vedrete della mia maniera, che vi sorprenderanno.
27-1	2369-2370	I	
27-2	2371-2379	ritratti	
27-3	2380-2384	sono	
27-4	2385-2389	cose	
27-5	2390-2399	difficili	
27-6	2399-2400	,	
27-7	2401-2402	e	
27-8	2403-2406	per	
27-9	2407-2412	farli	
27-10	2413-2417	bene	
27-11	2418-2420	vi	
27-12	2421-2426	vuole	
27-13	2427-2429	un	
27-14	2430-2438	profondo	
27-15	2439-2445	sapere	
27-16	2445-2446	:	
27-17	2447-2449	ne	
27-18	2450-2457	vedrete	
27-19	2458-2463	della	
27-20	2464-2467	mia	
27-21	2468-2475	maniera	
27-22	2475-2476	,	
27-23	2477-2480	che	
27-24	2481-2483	vi	
27-25	2484-2498	sorprenderanno	
27-26	2498-2499	.	

#Text=Cat.
28-1	2500-2503	Cat	
28-2	2503-2504	.	

#Text=Oh poi a me gl ' indovinelli mi danno un diletto smisurato.
29-1	2505-2507	Oh	
29-2	2508-2511	poi	
29-3	2512-2513	a	
29-4	2514-2516	me	
29-5	2517-2519	gl	
29-6	2520-2521	'	
29-7	2522-2533	indovinelli	
29-8	2534-2536	mi	
29-9	2537-2542	danno	
29-10	2543-2545	un	
29-11	2546-2553	diletto	
29-12	2554-2563	smisurato	
29-13	2563-2564	.	

#Text=March.
30-1	2565-2570	March	
30-2	2570-2571	.	

#Text=Quelli poi tengono in esercizio l ' ingegno.
31-1	2572-2578	Quelli	
31-2	2579-2582	poi	
31-3	2583-2590	tengono	
31-4	2591-2593	in	
31-5	2594-2603	esercizio	
31-6	2604-2605	l	
31-7	2606-2607	'	
31-8	2608-2615	ingegno	
31-9	2615-2616	.	

#Text=Questa mattina ne ho composto quattro, e voglio far la prova se sapete spiegarli.
32-1	2617-2623	Questa	
32-2	2624-2631	mattina	
32-3	2632-2634	ne	
32-4	2635-2637	ho	
32-5	2638-2646	composto	
32-6	2647-2654	quattro	
32-7	2654-2655	,	
32-8	2656-2657	e	
32-9	2658-2664	voglio	
32-10	2665-2668	far	
32-11	2669-2671	la	
32-12	2672-2677	prova	
32-13	2678-2680	se	
32-14	2681-2687	sapete	
32-15	2688-2697	spiegarli	
32-16	2697-2698	.	

#Text=Mom.
33-1	2699-2702	Mom	
33-2	2702-2703	.	

#Text=Li matricali quando sono ben condotti sono piacevoli.
34-1	2704-2706	Li	
34-2	2707-2716	matricali	
34-3	2717-2723	quando	
34-4	2724-2728	sono	
34-5	2729-2732	ben	
34-6	2733-2741	condotti	
34-7	2742-2746	sono	
34-8	2747-2756	piacevoli	
34-9	2756-2757	.	

#Text=March.
35-1	2758-2763	March	
35-2	2763-2764	.	

#Text=I matricali erano un dono particolare di mia Madre, che ogni giorno ne faceva quantità, e in memoria di lei stò attualmente lavorando per porre in matricali tutta l ' Istoria Romana.
36-1	2765-2766	I	
36-2	2767-2776	matricali	
36-3	2777-2782	erano	
36-4	2783-2785	un	
36-5	2786-2790	dono	
36-6	2791-2802	particolare	
36-7	2803-2805	di	
36-8	2806-2809	mia	
36-9	2810-2815	Madre	
36-10	2815-2816	,	
36-11	2817-2820	che	
36-12	2821-2825	ogni	
36-13	2826-2832	giorno	
36-14	2833-2835	ne	
36-15	2836-2842	faceva	
36-16	2843-2851	quantità	
36-17	2851-2852	,	
36-18	2853-2854	e	
36-19	2855-2857	in	
36-20	2858-2865	memoria	
36-21	2866-2868	di	
36-22	2869-2872	lei	
36-23	2873-2876	stò	
36-24	2877-2888	attualmente	
36-25	2889-2898	lavorando	
36-26	2899-2902	per	
36-27	2903-2908	porre	
36-28	2909-2911	in	
36-29	2912-2921	matricali	
36-30	2922-2927	tutta	
36-31	2928-2929	l	
36-32	2930-2931	'	
36-33	2932-2939	Istoria	
36-34	2940-2946	Romana	
36-35	2946-2947	.	

#Text=Mom.
37-1	2948-2951	Mom	
37-2	2951-2952	.	

#Text=Questa sarà sicuramente una cosa arcibellissima.
38-1	2953-2959	Questa	
38-2	2960-2964	sarà	
38-3	2965-2976	sicuramente	
38-4	2977-2980	una	
38-5	2981-2985	cosa	
38-6	2986-3000	arcibellissima	
38-7	3000-3001	.	

#Text=Se la farete comprimere ne voglio un esemplare.
39-1	3002-3004	Se	
39-2	3005-3007	la	
39-3	3008-3014	farete	
39-4	3015-3025	comprimere	
39-5	3026-3028	ne	
39-6	3029-3035	voglio	
39-7	3036-3038	un	
39-8	3039-3048	esemplare	
39-9	3048-3049	.	

#Text=March.
40-1	3050-3055	March	
40-2	3055-3056	.	

#Text=Vi prometto che ne averete uno per ciascheduna, legato alla Pollonese.
41-1	3057-3059	Vi	
41-2	3060-3068	prometto	
41-3	3069-3072	che	
41-4	3073-3075	ne	
41-5	3076-3083	averete	
41-6	3084-3087	uno	
41-7	3088-3091	per	
41-8	3092-3103	ciascheduna	
41-9	3103-3104	,	
41-10	3105-3111	legato	
41-11	3112-3116	alla	
41-12	3117-3126	Pollonese	
41-13	3126-3127	.	

#Text=Questo scrivere e far stampare è diventato un vile mestiere per un grande della mia qualità; ma io lo faccio per dar guadagno alli Stampatori , e Libraj che mi perseguitano.
42-1	3128-3134	Questo	
42-2	3135-3143	scrivere	
42-3	3144-3145	e	
42-4	3146-3149	far	
42-5	3150-3158	stampare	
42-6	3159-3160	è	
42-7	3161-3170	diventato	
42-8	3171-3173	un	
42-9	3174-3178	vile	
42-10	3179-3187	mestiere	
42-11	3188-3191	per	
42-12	3192-3194	un	
42-13	3195-3201	grande	
42-14	3202-3207	della	
42-15	3208-3211	mia	
42-16	3212-3219	qualità	
42-17	3219-3220	;	
42-18	3221-3223	ma	
42-19	3224-3226	io	
42-20	3227-3229	lo	
42-21	3230-3236	faccio	
42-22	3237-3240	per	
42-23	3241-3244	dar	
42-24	3245-3253	guadagno	
42-25	3254-3258	alli	
42-26	3259-3269	Stampatori	
42-27	3270-3271	,	
42-28	3272-3273	e	
42-29	3274-3280	Libraj	
42-30	3281-3284	che	
42-31	3285-3287	mi	
42-32	3288-3300	perseguitano	
42-33	3300-3301	.	

#Text=Mom.
43-1	3302-3305	Mom	
43-2	3305-3306	.	

#Text=Credo che sia un gran piacere , vedere il proprio nome stampato sul frontispicio di un libro.
44-1	3307-3312	Credo	
44-2	3313-3316	che	
44-3	3317-3320	sia	
44-4	3321-3323	un	
44-5	3324-3328	gran	
44-6	3329-3336	piacere	
44-7	3337-3338	,	
44-8	3339-3345	vedere	
44-9	3346-3348	il	
44-10	3349-3356	proprio	
44-11	3357-3361	nome	
44-12	3362-3370	stampato	
44-13	3371-3374	sul	
44-14	3375-3387	frontispicio	
44-15	3388-3390	di	
44-16	3391-3393	un	
44-17	3394-3399	libro	
44-18	3399-3400	.	

#Text=March.
45-1	3401-3406	March	
45-2	3406-3407	.	

#Text=Non vi è dubbio; e ne ' primi due tomi, che darò alle stampe in carta pergamena, voglio farne a voi due Signore la dedicazione, perchè vi sia ancora il vostro.
46-1	3408-3411	Non	
46-2	3412-3414	vi	
46-3	3415-3416	è	
46-4	3417-3423	dubbio	
46-5	3423-3424	;	
46-6	3425-3426	e	
46-7	3427-3429	ne	
46-8	3430-3431	'	
46-9	3432-3437	primi	
46-10	3438-3441	due	
46-11	3442-3446	tomi	
46-12	3446-3447	,	
46-13	3448-3451	che	
46-14	3452-3456	darò	
46-15	3457-3461	alle	
46-16	3462-3468	stampe	
46-17	3469-3471	in	
46-18	3472-3477	carta	
46-19	3478-3487	pergamena	
46-20	3487-3488	,	
46-21	3489-3495	voglio	
46-22	3496-3501	farne	
46-23	3502-3503	a	
46-24	3504-3507	voi	
46-25	3508-3511	due	
46-26	3512-3519	Signore	
46-27	3520-3522	la	
46-28	3523-3534	dedicazione	
46-29	3534-3535	,	
46-30	3536-3542	perchè	
46-31	3543-3545	vi	
46-32	3546-3549	sia	
46-33	3550-3556	ancora	
46-34	3557-3559	il	
46-35	3560-3566	vostro	
46-36	3566-3567	.	

#Text=Mom, Cat.
47-1	3568-3571	Mom	
47-2	3571-3572	,	
47-3	3573-3576	Cat	
47-4	3576-3577	.	

#Text=Bravo Bravo, molto obbligatissime.
48-1	3578-3583	Bravo	
48-2	3584-3589	Bravo	
48-3	3589-3590	,	
48-4	3591-3596	molto	
48-5	3597-3611	obbligatissime	
48-6	3611-3612	.	

#Text=March.
49-1	3613-3618	March	
49-2	3618-3619	.	

#Text=Dovete sapere signorine mie, che qualunque cosa io faccia mi cade naturalmente dalla penna senza studio di sorte alcuna, e senza fatica.
50-1	3620-3626	Dovete	
50-2	3627-3633	sapere	
50-3	3634-3643	signorine	
50-4	3644-3647	mie	
50-5	3647-3648	,	
50-6	3649-3652	che	
50-7	3653-3662	qualunque	
50-8	3663-3667	cosa	
50-9	3668-3670	io	
50-10	3671-3677	faccia	
50-11	3678-3680	mi	
50-12	3681-3685	cade	
50-13	3686-3698	naturalmente	
50-14	3699-3704	dalla	
50-15	3705-3710	penna	
50-16	3711-3716	senza	
50-17	3717-3723	studio	
50-18	3724-3726	di	
50-19	3727-3732	sorte	
50-20	3733-3739	alcuna	
50-21	3739-3740	,	
50-22	3741-3742	e	
50-23	3743-3748	senza	
50-24	3749-3755	fatica	
50-25	3755-3756	.	

#Text=Mom.
51-1	3757-3760	Mom	
51-2	3760-3761	.	

#Text=La natura vi ha trattato da madre amorosa, e potete dire, che siete il suo Benialarmino.
52-1	3762-3764	La	
52-2	3765-3771	natura	
52-3	3772-3774	vi	
52-4	3775-3777	ha	
52-5	3778-3786	trattato	
52-6	3787-3789	da	
52-7	3790-3795	madre	
52-8	3796-3803	amorosa	
52-9	3803-3804	,	
52-10	3805-3806	e	
52-11	3807-3813	potete	
52-12	3814-3818	dire	
52-13	3818-3819	,	
52-14	3820-3823	che	
52-15	3824-3829	siete	
52-16	3830-3832	il	
52-17	3833-3836	suo	
52-18	3837-3849	Benialarmino	
52-19	3849-3850	.	

#Text=March.
53-1	3851-3856	March	
53-2	3856-3857	.	

#Text=In qual maniera passate il tempo signorine?
54-1	3858-3860	In	
54-2	3861-3865	qual	
54-3	3866-3873	maniera	
54-4	3874-3881	passate	
54-5	3882-3884	il	
54-6	3885-3890	tempo	
54-7	3891-3900	signorine	
54-8	3900-3901	?	

#Text=Cat.
55-1	3902-3905	Cat	
55-2	3905-3906	.	

#Text=In un profondissimo abisso d ' ozio, senza far nulla.
56-1	3907-3909	In	
56-2	3910-3912	un	
56-3	3913-3926	profondissimo	
56-4	3927-3933	abisso	
56-5	3934-3935	d	
56-6	3936-3937	'	
56-7	3938-3942	ozio	
56-8	3942-3943	,	
56-9	3944-3949	senza	
56-10	3950-3953	far	
56-11	3954-3959	nulla	
56-12	3959-3960	.	

#Text=Mom.
57-1	3961-3964	Mom	
57-2	3964-3965	.	

#Text=Fino a quest ' ora abbiamo fatte tante vigilie di passatempi sempre digiunando.
58-1	3966-3970	Fino	
58-2	3971-3972	a	
58-3	3973-3978	quest	
58-4	3979-3980	'	
58-5	3981-3984	ora	
58-6	3985-3992	abbiamo	
58-7	3993-3998	fatte	
58-8	3999-4004	tante	
58-9	4005-4012	vigilie	
58-10	4013-4015	di	
58-11	4016-4026	passatempi	
58-12	4027-4033	sempre	
58-13	4034-4044	digiunando	
58-14	4044-4045	.	

#Text=March.
59-1	4046-4051	March	
59-2	4051-4052	.	

#Text=Se non sdegnate vi condurrò uno di questi giorni al Teatro.
60-1	4053-4055	Se	
60-2	4056-4059	non	
60-3	4060-4068	sdegnate	
60-4	4069-4071	vi	
60-5	4072-4080	condurrò	
60-6	4081-4084	uno	
60-7	4085-4087	di	
60-8	4088-4094	questi	
60-9	4095-4101	giorni	
60-10	4102-4104	al	
60-11	4105-4111	Teatro	
60-12	4111-4112	.	

#Text=Tanto più che si ha a rappresentare una nuova comedia di carattere, ed avrei piacere che la vedessimo in compagnia unitamente.
61-1	4113-4118	Tanto	
61-2	4119-4122	più	
61-3	4123-4126	che	
61-4	4127-4129	si	
61-5	4130-4132	ha	
61-6	4133-4134	a	
61-7	4135-4148	rappresentare	
61-8	4149-4152	una	
61-9	4153-4158	nuova	
61-10	4159-4166	comedia	
61-11	4167-4169	di	
61-12	4170-4179	carattere	
61-13	4179-4180	,	
61-14	4181-4183	ed	
61-15	4184-4189	avrei	
61-16	4190-4197	piacere	
61-17	4198-4201	che	
61-18	4202-4204	la	
61-19	4205-4214	vedessimo	
61-20	4215-4217	in	
61-21	4218-4227	compagnia	
61-22	4228-4238	unitamente	
61-23	4238-4239	.	

#Text=Mom.
62-1	4240-4243	Mom	
62-2	4243-4244	.	

#Text=Queste sono grazie particolari da non ricusarsi.
63-1	4245-4251	Queste	
63-2	4252-4256	sono	
63-3	4257-4263	grazie	
63-4	4264-4275	particolari	
63-5	4276-4278	da	
63-6	4279-4282	non	
63-7	4283-4292	ricusarsi	
63-8	4292-4293	.	

#Text=March.
64-1	4294-4299	March	
64-2	4299-4300	.	

#Text=Ma vi prego come saremo al Teatro di batter le mani, fare applauso; poichè ho promesso di proteggerla, di dirne bene all ' Autore istesso, che questa mattina è stato in casa a pregarmene.
65-1	4301-4303	Ma	
65-2	4304-4306	vi	
65-3	4307-4312	prego	
65-4	4313-4317	come	
65-5	4318-4324	saremo	
65-6	4325-4327	al	
65-7	4328-4334	Teatro	
65-8	4335-4337	di	
65-9	4338-4344	batter	
65-10	4345-4347	le	
65-11	4348-4352	mani	
65-12	4352-4353	,	
65-13	4354-4358	fare	
65-14	4359-4367	applauso	
65-15	4367-4368	;	
65-16	4369-4375	poichè	
65-17	4376-4378	ho	
65-18	4379-4387	promesso	
65-19	4388-4390	di	
65-20	4391-4402	proteggerla	
65-21	4402-4403	,	
65-22	4404-4406	di	
65-23	4407-4412	dirne	
65-24	4413-4417	bene	
65-25	4418-4421	all	
65-26	4422-4423	'	
65-27	4424-4430	Autore	
65-28	4431-4438	istesso	
65-29	4438-4439	,	
65-30	4440-4443	che	
65-31	4444-4450	questa	
65-32	4451-4458	mattina	
65-33	4459-4460	è	
65-34	4461-4466	stato	
65-35	4467-4469	in	
65-36	4470-4474	casa	
65-37	4475-4476	a	
65-38	4477-4487	pregarmene	
65-39	4487-4488	.	

#Text=Questo è il nostro costume, che gli Autori vengono a leggere le loro opere nuove alle persone di gran condizione, come siano noi, acciocchè abbiamo poi a dirne bene, e far loro concetto di stima.
66-1	4489-4495	Questo	
66-2	4496-4497	è	
66-3	4498-4500	il	
66-4	4501-4507	nostro	
66-5	4508-4515	costume	
66-6	4515-4516	,	
66-7	4517-4520	che	
66-8	4521-4524	gli	
66-9	4525-4531	Autori	
66-10	4532-4539	vengono	
66-11	4540-4541	a	
66-12	4542-4549	leggere	
66-13	4550-4552	le	
66-14	4553-4557	loro	
66-15	4558-4563	opere	
66-16	4564-4569	nuove	
66-17	4570-4574	alle	
66-18	4575-4582	persone	
66-19	4583-4585	di	
66-20	4586-4590	gran	
66-21	4591-4601	condizione	
66-22	4601-4602	,	
66-23	4603-4607	come	
66-24	4608-4613	siano	
66-25	4614-4617	noi	
66-26	4617-4618	,	
66-27	4619-4628	acciocchè	
66-28	4629-4636	abbiamo	
66-29	4637-4640	poi	
66-30	4641-4642	a	
66-31	4643-4648	dirne	
66-32	4649-4653	bene	
66-33	4653-4654	,	
66-34	4655-4656	e	
66-35	4657-4660	far	
66-36	4661-4665	loro	
66-37	4666-4674	concetto	
66-38	4675-4677	di	
66-39	4678-4683	stima	
66-40	4683-4684	.	

#Text=Lascio a voi pensare, se quando ne abbiamo detto bene, o male, l ' udienza ardisca di contraddirci!
67-1	4685-4691	Lascio	
67-2	4692-4693	a	
67-3	4694-4697	voi	
67-4	4698-4705	pensare	
67-5	4705-4706	,	
67-6	4707-4709	se	
67-7	4710-4716	quando	
67-8	4717-4719	ne	
67-9	4720-4727	abbiamo	
67-10	4728-4733	detto	
67-11	4734-4738	bene	
67-12	4738-4739	,	
67-13	4740-4741	o	
67-14	4742-4746	male	
67-15	4746-4747	,	
67-16	4748-4749	l	
67-17	4750-4751	'	
67-18	4752-4759	udienza	
67-19	4760-4767	ardisca	
67-20	4768-4770	di	
67-21	4771-4783	contraddirci	
67-22	4783-4784	!	

#Text=Io sono diligentissimo, e quando ho promesso ad alcun Poeta, o Maestro di Capella d ' esaltarlo, mi metto a gridare, anche avanti che accendano i lumi.
68-1	4785-4787	Io	
68-2	4788-4792	sono	
68-3	4793-4807	diligentissimo	
68-4	4807-4808	,	
68-5	4809-4810	e	
68-6	4811-4817	quando	
68-7	4818-4820	ho	
68-8	4821-4829	promesso	
68-9	4830-4832	ad	
68-10	4833-4838	alcun	
68-11	4839-4844	Poeta	
68-12	4844-4845	,	
68-13	4846-4847	o	
68-14	4848-4855	Maestro	
68-15	4856-4858	di	
68-16	4859-4866	Capella	
68-17	4867-4868	d	
68-18	4869-4870	'	
68-19	4871-4880	esaltarlo	
68-20	4880-4881	,	
68-21	4882-4884	mi	
68-22	4885-4890	metto	
68-23	4891-4892	a	
68-24	4893-4900	gridare	
68-25	4900-4901	,	
68-26	4902-4907	anche	
68-27	4908-4914	avanti	
68-28	4915-4918	che	
68-29	4919-4928	accendano	
68-30	4929-4930	i	
68-31	4931-4935	lumi	
68-32	4935-4936	.	

#Text=Bravi!
69-1	4937-4942	Bravi	
69-2	4942-4943	!	

#Text=Bravo!
70-1	4944-4949	Bravo	
70-2	4949-4950	!	

#Text=Viva il Maestro!
71-1	4951-4955	Viva	
71-2	4956-4958	il	
71-3	4959-4966	Maestro	
71-4	4966-4967	!	

#Text=Viva il Maestro!
72-1	4968-4972	Viva	
72-2	4973-4975	il	
72-3	4976-4983	Maestro	
72-4	4983-4984	!	

#Text=E pure ordinaria- mente sono freddure, rubberie, cose fritte, e rifritte, dette, e ridette millioni di volte.
73-1	4985-4986	E	
73-2	4987-4991	pure	
73-3	4992-5001	ordinaria	
73-4	5001-5002	-	
73-5	5003-5008	mente	
73-6	5009-5013	sono	
73-7	5014-5022	freddure	
73-8	5022-5023	,	
73-9	5024-5032	rubberie	
73-10	5032-5033	,	
73-11	5034-5038	cose	
73-12	5039-5045	fritte	
73-13	5045-5046	,	
73-14	5047-5048	e	
73-15	5049-5057	rifritte	
73-16	5057-5058	,	
73-17	5059-5064	dette	
73-18	5064-5065	,	
73-19	5066-5067	e	
73-20	5068-5075	ridette	
73-21	5076-5084	millioni	
73-22	5085-5087	di	
73-23	5088-5093	volte	
73-24	5093-5094	.	

#Text=Mom.
74-1	5095-5098	Mom	
74-2	5098-5099	.	

#Text=Non ne parliamo di grazia.
75-1	5100-5103	Non	
75-2	5104-5106	ne	
75-3	5107-5115	parliamo	
75-4	5116-5118	di	
75-5	5119-5125	grazia	
75-6	5125-5126	.	

#Text=Questa dominante Città è un abisso di meraviglie.
76-1	5127-5133	Questa	
76-2	5134-5143	dominante	
76-3	5144-5149	Città	
76-4	5150-5151	è	
76-5	5152-5154	un	
76-6	5155-5161	abisso	
76-7	5162-5164	di	
76-8	5165-5175	meraviglie	
76-9	5175-5176	.	

#Text=Quivi accadono cento cose, che nelli paesi di Provincia non si arriveranno a comprendere mai, se si avesse l ' ingegno non solo dell ' Aquila, ma ancora dell ' Aquillone.
77-1	5177-5182	Quivi	
77-2	5183-5191	accadono	
77-3	5192-5197	cento	
77-4	5198-5202	cose	
77-5	5202-5203	,	
77-6	5204-5207	che	
77-7	5208-5213	nelli	
77-8	5214-5219	paesi	
77-9	5220-5222	di	
77-10	5223-5232	Provincia	
77-11	5233-5236	non	
77-12	5237-5239	si	
77-13	5240-5251	arriveranno	
77-14	5252-5253	a	
77-15	5254-5265	comprendere	
77-16	5266-5269	mai	
77-17	5269-5270	,	
77-18	5271-5273	se	
77-19	5274-5276	si	
77-20	5277-5283	avesse	
77-21	5284-5285	l	
77-22	5286-5287	'	
77-23	5288-5295	ingegno	
77-24	5296-5299	non	
77-25	5300-5304	solo	
77-26	5305-5309	dell	
77-27	5310-5311	'	
77-28	5312-5318	Aquila	
77-29	5318-5319	,	
77-30	5320-5322	ma	
77-31	5323-5329	ancora	
77-32	5330-5334	dell	
77-33	5335-5336	'	
77-34	5337-5346	Aquillone	
77-35	5346-5347	.	

#Text=Cat.
78-1	5348-5351	Cat	
78-2	5351-5352	.	

#Text=Non occorr ' altro; ora che lo sappiamo faremo il nostro debito gridando ad alta voce: Viva il Maestro, Viva il Maestro, di tutto quello, che sentiremo.
79-1	5353-5356	Non	
79-2	5357-5363	occorr	
79-3	5364-5365	'	
79-4	5366-5371	altro	
79-5	5371-5372	;	
79-6	5373-5376	ora	
79-7	5377-5380	che	
79-8	5381-5383	lo	
79-9	5384-5392	sappiamo	
79-10	5393-5399	faremo	
79-11	5400-5402	il	
79-12	5403-5409	nostro	
79-13	5410-5416	debito	
79-14	5417-5425	gridando	
79-15	5426-5428	ad	
79-16	5429-5433	alta	
79-17	5434-5438	voce	
79-18	5438-5439	:	
79-19	5440-5444	Viva	
79-20	5445-5447	il	
79-21	5448-5455	Maestro	
79-22	5455-5456	,	
79-23	5457-5461	Viva	
79-24	5462-5464	il	
79-25	5465-5472	Maestro	
79-26	5472-5473	,	
79-27	5474-5476	di	
79-28	5477-5482	tutto	
79-29	5483-5489	quello	
79-30	5489-5490	,	
79-31	5491-5494	che	
79-32	5495-5504	sentiremo	
79-33	5504-5505	.	

#Text=March.
80-1	5506-5511	March	
80-2	5511-5512	.	

#Text=Se mal non m ' appongo, mi pare abbiate già recitato in qualche comedia.
81-1	5513-5515	Se	
81-2	5516-5519	mal	
81-3	5520-5523	non	
81-4	5524-5525	m	
81-5	5526-5527	'	
81-6	5528-5535	appongo	
81-7	5535-5536	,	
81-8	5537-5539	mi	
81-9	5540-5544	pare	
81-10	5545-5552	abbiate	
81-11	5553-5556	già	
81-12	5557-5565	recitato	
81-13	5566-5568	in	
81-14	5569-5576	qualche	
81-15	5577-5584	comedia	
81-16	5584-5585	.	

#Text=Mom.
82-1	5586-5589	Mom	
82-2	5589-5590	.	

#Text=Forse non v ' ingannate del tutto.
83-1	5591-5596	Forse	
83-2	5597-5600	non	
83-3	5601-5602	v	
83-4	5603-5604	'	
83-5	5605-5614	ingannate	
83-6	5615-5618	del	
83-7	5619-5624	tutto	
83-8	5624-5625	.	

#Text=March.
84-1	5626-5631	March	
84-2	5631-5632	.	

#Text=Oh per bacco, che vi converrà farcela vedere.
85-1	5633-5635	Oh	
85-2	5636-5639	per	
85-3	5640-5645	bacco	
85-4	5645-5646	,	
85-5	5647-5650	che	
85-6	5651-5653	vi	
85-7	5654-5662	converrà	
85-8	5663-5670	farcela	
85-9	5671-5677	vedere	
85-10	5677-5678	.	

#Text=A dirla in confidenza ne ho fatto una, e voglio farla recitare.
86-1	5679-5680	A	
86-2	5681-5686	dirla	
86-3	5687-5689	in	
86-4	5690-5700	confidenza	
86-5	5701-5703	ne	
86-6	5704-5706	ho	
86-7	5707-5712	fatto	
86-8	5713-5716	una	
86-9	5716-5717	,	
86-10	5718-5719	e	
86-11	5720-5726	voglio	
86-12	5727-5732	farla	
86-13	5733-5741	recitare	
86-14	5741-5742	.	

#Text=Cat.
87-1	5743-5746	Cat	
87-2	5746-5747	.	

#Text=A quali Attori volete darla?
88-1	5748-5749	A	
88-2	5750-5755	quali	
88-3	5756-5762	Attori	
88-4	5763-5769	volete	
88-5	5770-5775	darla	
88-6	5775-5776	?	

#Text=March.
89-1	5777-5782	March	
89-2	5782-5783	.	

#Text=Per questa volta voglio darla alla Compagnia del Teatro di Granarolo, che sola può esser capace di sostenere un componimento.
90-1	5784-5787	Per	
90-2	5788-5794	questa	
90-3	5795-5800	volta	
90-4	5801-5807	voglio	
90-5	5808-5813	darla	
90-6	5814-5818	alla	
90-7	5819-5828	Compagnia	
90-8	5829-5832	del	
90-9	5833-5839	Teatro	
90-10	5840-5842	di	
90-11	5843-5852	Granarolo	
90-12	5852-5853	,	
90-13	5854-5857	che	
90-14	5858-5862	sola	
90-15	5863-5866	può	
90-16	5867-5872	esser	
90-17	5873-5879	capace	
90-18	5880-5882	di	
90-19	5883-5892	sostenere	
90-20	5893-5895	un	
90-21	5896-5908	componimento	
90-22	5908-5909	.	

#Text=Tutte le altre sono un branco di ignorantacci, che rappresentano maledettamente, come se fossero dinanzi al Prefetto delle scuole a recitar le lezioni.
91-1	5910-5915	Tutte	
91-2	5916-5918	le	
91-3	5919-5924	altre	
91-4	5925-5929	sono	
91-5	5930-5932	un	
91-6	5933-5939	branco	
91-7	5940-5942	di	
91-8	5943-5955	ignorantacci	
91-9	5955-5956	,	
91-10	5957-5960	che	
91-11	5961-5974	rappresentano	
91-12	5975-5989	maledettamente	
91-13	5989-5990	,	
91-14	5991-5995	come	
91-15	5996-5998	se	
91-16	5999-6006	fossero	
91-17	6007-6014	dinanzi	
91-18	6015-6017	al	
91-19	6018-6026	Prefetto	
91-20	6027-6032	delle	
91-21	6033-6039	scuole	
91-22	6040-6041	a	
91-23	6042-6049	recitar	
91-24	6050-6052	le	
91-25	6053-6060	lezioni	
91-26	6060-6061	.	

#Text=Non sanno far risaltare il verso; non considerano i ponti, e le virgole; dove vi và la S vi mettono la Z: in sostanza non sanno parlare il proprio dialetto, e pretendono pronunciare una lingua, che non hanno mai imparata.
92-1	6062-6065	Non	
92-2	6066-6071	sanno	
92-3	6072-6075	far	
92-4	6076-6085	risaltare	
92-5	6086-6088	il	
92-6	6089-6094	verso	
92-7	6094-6095	;	
92-8	6096-6099	non	
92-9	6100-6111	considerano	
92-10	6112-6113	i	
92-11	6114-6119	ponti	
92-12	6119-6120	,	
92-13	6121-6122	e	
92-14	6123-6125	le	
92-15	6126-6133	virgole	
92-16	6133-6134	;	
92-17	6135-6139	dove	
92-18	6140-6142	vi	
92-19	6143-6145	và	
92-20	6146-6148	la	
92-21	6149-6150	S	
92-22	6151-6153	vi	
92-23	6154-6161	mettono	
92-24	6162-6164	la	
92-25	6165-6166	Z	
92-26	6166-6167	:	
92-27	6168-6170	in	
92-28	6171-6179	sostanza	
92-29	6180-6183	non	
92-30	6184-6189	sanno	
92-31	6190-6197	parlare	
92-32	6198-6200	il	
92-33	6201-6208	proprio	
92-34	6209-6217	dialetto	
92-35	6217-6218	,	
92-36	6219-6220	e	
92-37	6221-6231	pretendono	
92-38	6232-6243	pronunciare	
92-39	6244-6247	una	
92-40	6248-6254	lingua	
92-41	6254-6255	,	
92-42	6256-6259	che	
92-43	6260-6263	non	
92-44	6264-6269	hanno	
92-45	6270-6273	mai	
92-46	6274-6282	imparata	
92-47	6282-6283	.	

#Text=Mom.
93-1	6284-6287	Mom	
93-2	6287-6288	.	

#Text=Come sarà intitolata questa vostra nuova Comedia.
94-1	6289-6293	Come	
94-2	6294-6298	sarà	
94-3	6299-6309	intitolata	
94-4	6310-6316	questa	
94-5	6317-6323	vostra	
94-6	6324-6329	nuova	
94-7	6330-6337	Comedia	
94-8	6337-6338	.	

#Text=March.
95-1	6339-6344	March	
95-2	6344-6345	.	

#Text=I Petegolezzi di Granarolo in tempo di villeggiatura.
96-1	6346-6347	I	
96-2	6348-6359	Petegolezzi	
96-3	6360-6362	di	
96-4	6363-6372	Granarolo	
96-5	6373-6375	in	
96-6	6376-6381	tempo	
96-7	6382-6384	di	
96-8	6385-6398	villeggiatura	
96-9	6398-6399	.	

#Text=Cat.
97-1	6400-6403	Cat	
97-2	6403-6404	.	

#Text=Oh bravissimo signor Marchese; la sentiremo volentieri.
98-1	6405-6407	Oh	
98-2	6408-6418	bravissimo	
98-3	6419-6425	signor	
98-4	6426-6434	Marchese	
98-5	6434-6435	;	
98-6	6436-6438	la	
98-7	6439-6448	sentiremo	
98-8	6449-6459	volentieri	
98-9	6459-6460	.	

#Text=Mom.
99-1	6461-6464	Mom	
99-2	6464-6465	.	

#Text=Sarà intrecciata d ' amoretti, di gelosie, di pisodj graziosi , è vero?
100-1	6466-6470	Sarà	
100-2	6471-6482	intrecciata	
100-3	6483-6484	d	
100-4	6485-6486	'	
100-5	6487-6495	amoretti	
100-6	6495-6496	,	
100-7	6497-6499	di	
100-8	6500-6507	gelosie	
100-9	6507-6508	,	
100-10	6509-6511	di	
100-11	6512-6518	pisodj	
100-12	6519-6527	graziosi	
100-13	6528-6529	,	
100-14	6530-6531	è	
100-15	6532-6536	vero	
100-16	6536-6537	?	

#Text=March.
101-1	6538-6543	March	
101-2	6543-6544	.	

#Text=Chi ne può dubitare, sentirete una cosa bella da pari nostri.
102-1	6545-6548	Chi	
102-2	6549-6551	ne	
102-3	6552-6555	può	
102-4	6556-6564	dubitare	
102-5	6564-6565	,	
102-6	6566-6575	sentirete	
102-7	6576-6579	una	
102-8	6580-6584	cosa	
102-9	6585-6590	bella	
102-10	6591-6593	da	
102-11	6594-6598	pari	
102-12	6599-6605	nostri	
102-13	6605-6606	.	

#Text=Ma che vi pare della mia guarnitura?
103-1	6607-6609	Ma	
103-2	6610-6613	che	
103-3	6614-6616	vi	
103-4	6617-6621	pare	
103-5	6622-6627	della	
103-6	6628-6631	mia	
103-7	6632-6642	guarnitura	
103-8	6642-6643	?	

#Text=Stà bene quest ' abito?
104-1	6644-6647	Stà	
104-2	6648-6652	bene	
104-3	6653-6658	quest	
104-4	6659-6660	'	
104-5	6661-6666	abito	
104-6	6666-6667	?	

#Text=Cat.
105-1	6668-6671	Cat	
105-2	6671-6672	.	

#Text=Ottimissimamente.
106-1	6673-6689	Ottimissimamente	
106-2	6689-6690	.	

#Text=March.
107-1	6691-6696	March	
107-2	6696-6697	.	

#Text=Che dite della mia sottogiubba?
108-1	6698-6701	Che	
108-2	6702-6706	dite	
108-3	6707-6712	della	
108-4	6713-6716	mia	
108-5	6717-6728	sottogiubba	
108-6	6728-6729	?	

#Text=Mom.
109-1	6730-6733	Mom	
109-2	6733-6734	.	

#Text=Smisuratamente bene.
110-1	6735-6749	Smisuratamente	
110-2	6750-6754	bene	
110-3	6754-6755	.	

#Text=Questo è un vero color di tramontana.
111-1	6756-6762	Questo	
111-2	6763-6764	è	
111-3	6765-6767	un	
111-4	6768-6772	vero	
111-5	6773-6778	color	
111-6	6779-6781	di	
111-7	6782-6792	tramontana	
111-8	6792-6793	.	

#Text=March.
112-1	6794-6799	March	
112-2	6799-6800	.	

#Text=De ' miei calzoni che ve ne pare?
113-1	6801-6803	De	
113-2	6804-6805	'	
113-3	6806-6810	miei	
113-4	6811-6818	calzoni	
113-5	6819-6822	che	
113-6	6823-6825	ve	
113-7	6826-6828	ne	
113-8	6829-6833	pare	
113-9	6833-6834	?	

#Text=Mom.
114-1	6835-6838	Mom	
114-2	6838-6839	.	

#Text=Sono d ' ottimo gusto.
115-1	6840-6844	Sono	
115-2	6845-6846	d	
115-3	6847-6848	'	
115-4	6849-6855	ottimo	
115-5	6856-6861	gusto	
115-6	6861-6862	.	

#Text=March.
116-1	6863-6868	March	
116-2	6868-6869	.	

#Text=Posso vantarmi, che sono un buon palmo più grandi di quanti se ne facciano.
117-1	6870-6875	Posso	
117-2	6876-6884	vantarmi	
117-3	6884-6885	,	
117-4	6886-6889	che	
117-5	6890-6894	sono	
117-6	6895-6897	un	
117-7	6898-6902	buon	
117-8	6903-6908	palmo	
117-9	6909-6912	più	
117-10	6913-6919	grandi	
117-11	6920-6922	di	
117-12	6923-6929	quanti	
117-13	6930-6932	se	
117-14	6933-6935	ne	
117-15	6936-6944	facciano	
117-16	6944-6945	.	

#Text=Mom.
118-1	6946-6949	Mom	
118-2	6949-6950	.	

#Text=Convien confessare, che non si è mai veduta tanta eleganza nel vestire.
119-1	6951-6958	Convien	
119-2	6959-6969	confessare	
119-3	6969-6970	,	
119-4	6971-6974	che	
119-5	6975-6978	non	
119-6	6979-6981	si	
119-7	6982-6983	è	
119-8	6984-6987	mai	
119-9	6988-6994	veduta	
119-10	6995-7000	tanta	
119-11	7001-7009	eleganza	
119-12	7010-7013	nel	
119-13	7014-7021	vestire	
119-14	7021-7022	.	

#Text=March.
120-1	7023-7028	March	
120-2	7028-7029	.	

#Text=Fate un poco di riflessione col vostro odorato a questi guanti.
121-1	7030-7034	Fate	
121-2	7035-7037	un	
121-3	7038-7042	poco	
121-4	7043-7045	di	
121-5	7046-7057	riflessione	
121-6	7058-7061	col	
121-7	7062-7068	vostro	
121-8	7069-7076	odorato	
121-9	7077-7078	a	
121-10	7079-7085	questi	
121-11	7086-7092	guanti	
121-12	7092-7093	.	

#Text=Mon.
122-1	7094-7097	Mon	
122-2	7097-7098	.	

#Text=Respirano un odore arcisoavissimo.
123-1	7099-7108	Respirano	
123-2	7109-7111	un	
123-3	7112-7117	odore	
123-4	7118-7132	arcisoavissimo	
123-5	7132-7133	.	

#Text=Cat.
124-1	7134-7137	Cat	
124-2	7137-7138	.	

#Text=Non ho più sentito odore più grato.
125-1	7139-7142	Non	
125-2	7143-7145	ho	
125-3	7146-7149	più	
125-4	7150-7157	sentito	
125-5	7158-7163	odore	
125-6	7164-7167	più	
125-7	7168-7173	grato	
125-8	7173-7174	.	

#Text=March.
126-1	7175-7180	March	
126-2	7180-7181	.	

#Text=Sentite la mia parucca.
127-1	7182-7189	Sentite	
127-2	7190-7192	la	
127-3	7193-7196	mia	
127-4	7197-7204	parucca	
127-5	7204-7205	.	

#Text=Mom.
128-1	7206-7209	Mom	
128-2	7209-7210	.	

#Text=Da vostro pari; ha un odore delizioso in grado superlativo.
129-1	7211-7213	Da	
129-2	7214-7220	vostro	
129-3	7221-7225	pari	
129-4	7225-7226	;	
129-5	7227-7229	ha	
129-6	7230-7232	un	
129-7	7233-7238	odore	
129-8	7239-7248	delizioso	
129-9	7249-7251	in	
129-10	7252-7257	grado	
129-11	7258-7269	superlativo	
129-12	7269-7270	.	

#Text=March.
130-1	7271-7276	March	
130-2	7276-7277	.	

#Text=Non dite niente delle mie piume?
131-1	7278-7281	Non	
131-2	7282-7286	dite	
131-3	7287-7293	niente	
131-4	7294-7299	delle	
131-5	7300-7303	mie	
131-6	7304-7309	piume	
131-7	7309-7310	?	

#Text=Che ve ne pare?
132-1	7311-7314	Che	
132-2	7315-7317	ve	
132-3	7318-7320	ne	
132-4	7321-7325	pare	
132-5	7325-7326	?	

#Text=Cat.
133-1	7327-7330	Cat	
133-2	7330-7331	.	

#Text=Spaventevolmente belle.
134-1	7332-7348	Spaventevolmente	
134-2	7349-7354	belle	
134-3	7354-7355	.	

#Text=Mom.
135-1	7356-7359	Mom	
135-2	7359-7360	.	

#Text=Ogni penna mi costa una doppia d ' oro.
136-1	7361-7365	Ogni	
136-2	7366-7371	penna	
136-3	7372-7374	mi	
136-4	7375-7380	costa	
136-5	7381-7384	una	
136-6	7385-7391	doppia	
136-7	7392-7393	d	
136-8	7394-7395	'	
136-9	7396-7399	oro	
136-10	7399-7400	.	

#Text=Ho questa debolezza di voler sempre le cose più belle, e peregrine.
137-1	7401-7403	Ho	
137-2	7404-7410	questa	
137-3	7411-7420	debolezza	
137-4	7421-7423	di	
137-5	7424-7429	voler	
137-6	7430-7436	sempre	
137-7	7437-7439	le	
137-8	7440-7444	cose	
137-9	7445-7448	più	
137-10	7449-7454	belle	
137-11	7454-7455	,	
137-12	7456-7457	e	
137-13	7458-7467	peregrine	
137-14	7467-7468	.	

#Text=Mom.
138-1	7469-7472	Mom	
138-2	7472-7473	.	

#Text=Credetemi, che tra voi, e me simpatiziamo.
139-1	7474-7483	Credetemi	
139-2	7483-7484	,	
139-3	7485-7488	che	
139-4	7489-7492	tra	
139-5	7493-7496	voi	
139-6	7496-7497	,	
139-7	7498-7499	e	
139-8	7500-7502	me	
139-9	7503-7515	simpatiziamo	
139-10	7515-7516	.	

#Text=Son dilicata in ogni minima cosarella.
140-1	7517-7520	Son	
140-2	7521-7529	dilicata	
140-3	7530-7532	in	
140-4	7533-7537	ogni	
140-5	7538-7544	minima	
140-6	7545-7554	cosarella	
140-7	7554-7555	.	

#Text=Fino le mie calzette hanno da essere della miglior maestra, che si ritrovi a Nimes in Germania.
141-1	7556-7560	Fino	
141-2	7561-7563	le	
141-3	7564-7567	mie	
141-4	7568-7576	calzette	
141-5	7577-7582	hanno	
141-6	7583-7585	da	
141-7	7586-7592	essere	
141-8	7593-7598	della	
141-9	7599-7606	miglior	
141-10	7607-7614	maestra	
141-11	7614-7615	,	
141-12	7616-7619	che	
141-13	7620-7622	si	
141-14	7623-7630	ritrovi	
141-15	7631-7632	a	
141-16	7633-7638	Nimes	
141-17	7639-7641	in	
141-18	7642-7650	Germania	
141-19	7650-7651	.	

#Text=March.
142-1	7652-7657	March	
142-2	7657-7658	.	

#Text=Ahi!
143-1	7659-7662	Ahi	
143-2	7662-7663	!	

#Text=ahi!
144-1	7664-7667	ahi	
144-2	7667-7668	!	

#Text=(esclamando forte).
145-1	7669-7670	(	
145-2	7670-7680	esclamando	
145-3	7681-7686	forte	
145-4	7686-7687	)	
145-5	7687-7688	.	

#Text=Ahi!
146-1	7689-7692	Ahi	
146-2	7692-7693	!	

#Text=ahi!
147-1	7694-7697	ahi	
147-2	7697-7698	!	

#Text=adagio mie signore, mi volete trattare così alla peggio!
148-1	7699-7705	adagio	
148-2	7706-7709	mie	
148-3	7710-7717	signore	
148-4	7717-7718	,	
148-5	7719-7721	mi	
148-6	7722-7728	volete	
148-7	7729-7737	trattare	
148-8	7738-7742	così	
148-9	7743-7747	alla	
148-10	7748-7754	peggio	
148-11	7754-7755	!	

#Text=Che modi sono questi?
149-1	7756-7759	Che	
149-2	7760-7764	modi	
149-3	7765-7769	sono	
149-4	7770-7776	questi	
149-5	7776-7777	?	

#Text=Non avete un poco di carità.
150-1	7778-7781	Non	
150-2	7782-7787	avete	
150-3	7788-7790	un	
150-4	7791-7795	poco	
150-5	7796-7798	di	
150-6	7799-7805	carità	
150-7	7805-7806	.	

#Text=Cat.
151-1	7807-7810	Cat	
151-2	7810-7811	.	

#Text=Che avete?
152-1	7812-7815	Che	
152-2	7816-7821	avete	
152-3	7821-7822	?	

#Text=cos ' è stato?
153-1	7823-7826	cos	
153-2	7827-7828	'	
153-3	7829-7830	è	
153-4	7831-7836	stato	
153-5	7836-7837	?	

#Text=(con sorpresa).
154-1	7838-7839	(	
154-2	7839-7842	con	
154-3	7843-7851	sorpresa	
154-4	7851-7852	)	
154-5	7852-7853	.	

#Text=March.
155-1	7854-7859	March	
155-2	7859-7860	.	

#Text=Come!
156-1	7861-7865	Come	
156-2	7865-7866	!	

#Text=A questa maniera tutte due congiurate contro il mio povero cuore!
157-1	7867-7868	A	
157-2	7869-7875	questa	
157-3	7876-7883	maniera	
157-4	7884-7889	tutte	
157-5	7890-7893	due	
157-6	7894-7904	congiurate	
157-7	7905-7911	contro	
157-8	7912-7914	il	
157-9	7915-7918	mio	
157-10	7919-7925	povero	
157-11	7926-7931	cuore	
157-12	7931-7932	!	

#Text=assalirmi a destra, ed a sinistra.
158-1	7933-7942	assalirmi	
158-2	7943-7944	a	
158-3	7945-7951	destra	
158-4	7951-7952	,	
158-5	7953-7955	ed	
158-6	7956-7957	a	
158-7	7958-7966	sinistra	
158-8	7966-7967	.	

#Text=Questo è un violare il gius delle genti.
159-1	7968-7974	Questo	
159-2	7975-7976	è	
159-3	7977-7979	un	
159-4	7980-7987	violare	
159-5	7988-7990	il	
159-6	7991-7995	gius	
159-7	7996-8001	delle	
159-8	8002-8007	genti	
159-9	8007-8008	.	

#Text=La pugna non è eguale.
160-1	8009-8011	La	
160-2	8012-8017	pugna	
160-3	8018-8021	non	
160-4	8022-8023	è	
160-5	8024-8030	eguale	
160-6	8030-8031	.	

#Text=Io mi metterò a gridare all ' assassino.
161-1	8032-8034	Io	
161-2	8035-8037	mi	
161-3	8038-8045	metterò	
161-4	8046-8047	a	
161-5	8048-8055	gridare	
161-6	8056-8059	all	
161-7	8060-8061	'	
161-8	8062-8071	assassino	
161-9	8071-8072	.	

#Text=Cat.
162-1	8073-8076	Cat	
162-2	8076-8077	.	

#Text=(a parte a Mon.).
163-1	8078-8079	(	
163-2	8079-8080	a	
163-3	8081-8086	parte	
163-4	8087-8088	a	
163-5	8089-8092	Mon	
163-6	8092-8093	.	
163-7	8093-8094	)	
163-8	8094-8095	.	

#Text=Comme se poreiva spiegâ de megio un Catullo?
164-1	8096-8101	Comme	
164-2	8102-8104	se	
164-3	8105-8112	poreiva	
164-4	8113-8119	spiegâ	
164-5	8120-8122	de	
164-6	8123-8128	megio	
164-7	8129-8131	un	
164-8	8132-8139	Catullo	
164-9	8139-8140	?	

#Text=Mom.
165-1	8141-8144	Mom	
165-2	8144-8145	.	

#Text=(a parte a Cat.).
166-1	8146-8147	(	
166-2	8147-8148	a	
166-3	8149-8154	parte	
166-4	8155-8156	a	
166-5	8157-8160	Cat	
166-6	8160-8161	.	
166-7	8161-8162	)	
166-8	8162-8163	.	

#Text=Ve diggo ch ' o l ' ha un inzegno, chi passa i confin.
167-1	8164-8166	Ve	
167-2	8167-8172	diggo	
167-3	8173-8175	ch	
167-4	8176-8177	'	
167-5	8178-8179	o	
167-6	8180-8181	l	
167-7	8182-8183	'	
167-8	8184-8186	ha	
167-9	8187-8189	un	
167-10	8190-8197	inzegno	
167-11	8197-8198	,	
167-12	8199-8202	chi	
167-13	8203-8208	passa	
167-14	8209-8210	i	
167-15	8211-8217	confin	
167-16	8217-8218	.	

#Text=Non gh ' è nè Catullo, nè Marco Tullo, chi gh ' arrive.
168-1	8219-8222	Non	
168-2	8223-8225	gh	
168-3	8226-8227	'	
168-4	8228-8229	è	
168-5	8230-8232	nè	
168-6	8233-8240	Catullo	
168-7	8240-8241	,	
168-8	8242-8244	nè	
168-9	8245-8250	Marco	
168-10	8251-8256	Tullo	
168-11	8256-8257	,	
168-12	8258-8261	chi	
168-13	8262-8264	gh	
168-14	8265-8266	'	
168-15	8267-8273	arrive	
168-16	8273-8274	.	

#Text=Cat.
169-1	8275-8278	Cat	
169-2	8278-8279	.	

#Text=(al March.)
170-1	8280-8281	(	
170-2	8281-8283	al	
170-3	8284-8289	March	
170-4	8289-8290	.	
170-5	8290-8291	)	

#Text=Voi signore avete più paura che male, ed il vostro cuore si dole avanti d ' esser scorticato.
171-1	8292-8295	Voi	
171-2	8296-8303	signore	
171-3	8304-8309	avete	
171-4	8310-8313	più	
171-5	8314-8319	paura	
171-6	8320-8323	che	
171-7	8324-8328	male	
171-8	8328-8329	,	
171-9	8330-8332	ed	
171-10	8333-8335	il	
171-11	8336-8342	vostro	
171-12	8343-8348	cuore	
171-13	8349-8351	si	
171-14	8352-8356	dole	
171-15	8357-8363	avanti	
171-16	8364-8365	d	
171-17	8366-8367	'	
171-18	8368-8373	esser	
171-19	8374-8384	scorticato	
171-20	8384-8385	.	

#Text=March.
172-1	8386-8391	March	
172-2	8391-8392	.	

#Text=Vi confesso che il poverino è scorticato da capo a piedi.
173-1	8393-8395	Vi	
173-2	8396-8404	confesso	
173-3	8405-8408	che	
173-4	8409-8411	il	
173-5	8412-8420	poverino	
173-6	8421-8422	è	
173-7	8423-8433	scorticato	
173-8	8434-8436	da	
173-9	8437-8441	capo	
173-10	8442-8443	a	
173-11	8444-8449	piedi	
173-12	8449-8450	.	

#Text=Catin-na, Momiin-na, Marchese,
#Text=Argentin-na.
174-1	8451-8459	Catin-na	
174-2	8459-8460	,	
174-3	8461-8470	Momiin-na	
174-4	8470-8471	,	
174-5	8472-8480	Marchese	
174-6	8480-8481	,	
174-7	8482-8493	Argentin-na	
174-8	8493-8494	.	

#Text=Arg.
175-1	8495-8498	Arg	
175-2	8498-8499	.	

#Text=Signore un gentilommo che ve çerca.
176-1	8500-8507	Signore	
176-2	8508-8510	un	
176-3	8511-8521	gentilommo	
176-4	8522-8525	che	
176-5	8526-8528	ve	
176-6	8529-8534	çerca	
176-7	8534-8535	.	

#Text=Mom.
177-1	8536-8539	Mom	
177-2	8539-8540	.	

#Text=Chi ælo?
178-1	8541-8544	Chi	
178-2	8545-8548	ælo	
178-3	8548-8549	?	

#Text=Arg.
179-1	8550-8553	Arg	
179-2	8553-8554	.	

#Text=O Conte de Bronzicco.
180-1	8555-8556	O	
180-2	8557-8562	Conte	
180-3	8563-8565	de	
180-4	8566-8575	Bronzicco	
180-5	8575-8576	.	

#Text=Mom.
181-1	8577-8580	Mom	
181-2	8580-8581	.	

#Text=O Conte de Bronzicco?
182-1	8582-8583	O	
182-2	8584-8589	Conte	
182-3	8590-8592	de	
182-4	8593-8602	Bronzicco	
182-5	8602-8603	?	

#Text=Arg.
183-1	8604-8607	Arg	
183-2	8607-8608	.	

#Text=Sì signora.
184-1	8609-8611	Sì	
184-2	8612-8619	signora	
184-3	8619-8620	.	

#Text=Cat.
185-1	8621-8624	Cat	
185-2	8624-8625	.	

#Text=Lo conoscete?
186-1	8626-8628	Lo	
186-2	8629-8638	conoscete	
186-3	8638-8639	?	

#Text=March.
187-1	8640-8645	March	
187-2	8645-8646	.	

#Text=Egli è il mio più caro amico, che abbia al mondo.
188-1	8647-8651	Egli	
188-2	8652-8653	è	
188-3	8654-8656	il	
188-4	8657-8660	mio	
188-5	8661-8664	più	
188-6	8665-8669	caro	
188-7	8670-8675	amico	
188-8	8675-8676	,	
188-9	8677-8680	che	
188-10	8681-8686	abbia	
188-11	8687-8689	al	
188-12	8690-8695	mondo	
188-13	8695-8696	.	

#Text=Mom.
189-1	8697-8700	Mom	
189-2	8700-8701	.	

#Text=(ad Arg.). presto fæo vegnî.
190-1	8702-8703	(	
190-2	8703-8705	ad	
190-3	8706-8709	Arg	
190-4	8709-8710	.	
190-5	8710-8711	)	
190-6	8711-8712	.	
190-7	8713-8719	presto	
190-8	8720-8723	fæo	
190-9	8724-8729	vegnî	
190-10	8729-8730	.	

#Text=March.
191-1	8731-8736	March	
191-2	8736-8737	.	

#Text=Ha di già qualche giorno, che non ci siamo veduti, la sua venuta mi fà piacere grandissimo.
192-1	8738-8740	Ha	
192-2	8741-8743	di	
192-3	8744-8747	già	
192-4	8748-8755	qualche	
192-5	8756-8762	giorno	
192-6	8762-8763	,	
192-7	8764-8767	che	
192-8	8768-8771	non	
192-9	8772-8774	ci	
192-10	8775-8780	siamo	
192-11	8781-8787	veduti	
192-12	8787-8788	,	
192-13	8789-8791	la	
192-14	8792-8795	sua	
192-15	8796-8802	venuta	
192-16	8803-8805	mi	
192-17	8806-8808	fà	
192-18	8809-8816	piacere	
192-19	8817-8828	grandissimo	
192-20	8828-8829	.	

#Text=Arg.
193-1	8830-8833	Arg	
193-2	8833-8834	.	

#Text=L ' è chì lê signora.
194-1	8835-8836	L	
194-2	8837-8838	'	
194-3	8839-8840	è	
194-4	8841-8844	chì	
194-5	8845-8847	lê	
194-6	8848-8855	signora	
194-7	8855-8856	.	

#Text=Conte, Detti, e Trinchetto
#Text=March.
195-1	8857-8862	Conte	
195-2	8862-8863	,	
195-3	8864-8869	Detti	
195-4	8869-8870	,	
195-5	8871-8872	e	
195-6	8873-8883	Trinchetto	
195-7	8884-8889	March	
195-8	8889-8890	.	

#Text=Oh Contino mio!
196-1	8891-8893	Oh	
196-2	8894-8901	Contino	
196-3	8902-8905	mio	
196-4	8905-8906	!	

#Text=Cont.
197-1	8907-8911	Cont	
197-2	8911-8912	.	

#Text=(abbracciandosi).
198-1	8913-8914	(	
198-2	8914-8928	abbracciandosi	
198-3	8928-8929	)	
198-4	8929-8930	.	

#Text=Caro Marchesino!
199-1	8931-8935	Caro	
199-2	8936-8946	Marchesino	
199-3	8946-8947	!	

#Text=March.
200-1	8948-8953	March	
200-2	8953-8954	.	

#Text=Che piacere ho in rivederti!
201-1	8955-8958	Che	
201-2	8959-8966	piacere	
201-3	8967-8969	ho	
201-4	8970-8972	in	
201-5	8973-8982	rivederti	
201-6	8982-8983	!	

#Text=Cont.
202-1	8984-8988	Cont	
202-2	8988-8989	.	

#Text=Che contento provo in trovarti qui.
203-1	8990-8993	Che	
203-2	8994-9002	contento	
203-3	9003-9008	provo	
203-4	9009-9011	in	
203-5	9012-9020	trovarti	
203-6	9021-9024	qui	
203-7	9024-9025	.	
