#FORMAT=WebAnno TSV 3.3


#Text=Please do not remove it.
1-1	2-8	Please	
1-2	9-11	do	
1-3	12-15	not	
1-4	16-22	remove	
1-5	23-25	it	
1-6	25-26	.	

#Text=Keep it legal: Whatever your use, remember that you are responsible for ensuring that what you are doing is legal.
2-1	27-31	Keep	
2-2	32-34	it	
2-3	35-40	legal	
2-4	40-41	:	
2-5	42-50	Whatever	
2-6	51-55	your	
2-7	56-59	use	
2-8	59-60	,	
2-9	61-69	remember	
2-10	70-74	that	
2-11	75-78	you	
2-12	79-82	are	
2-13	83-94	responsible	
2-14	95-98	for	
2-15	99-107	ensuring	
2-16	108-112	that	
2-17	113-117	what	
2-18	118-121	you	
2-19	122-125	are	
2-20	126-131	doing	
2-21	132-134	is	
2-22	135-140	legal	
2-23	140-141	.	

#Text=Do not assume that just because we believe a book is in the public domain for users in the United States, that the work is also in the public domain for users in other countries.
3-1	142-144	Do	
3-2	145-148	not	
3-3	149-155	assume	
3-4	156-160	that	
3-5	161-165	just	
3-6	166-173	because	
3-7	174-176	we	
3-8	177-184	believe	
3-9	185-186	a	
3-10	187-191	book	
3-11	192-194	is	
3-12	195-197	in	
3-13	198-201	the	
3-14	202-208	public	
3-15	209-215	domain	
3-16	216-219	for	
3-17	220-225	users	
3-18	226-228	in	
3-19	229-232	the	
3-20	233-239	United	
3-21	240-246	States	
3-22	246-247	,	
3-23	248-252	that	
3-24	253-256	the	
3-25	257-261	work	
3-26	262-264	is	
3-27	265-269	also	
3-28	270-272	in	
3-29	273-276	the	
3-30	277-283	public	
3-31	284-290	domain	
3-32	291-294	for	
3-33	295-300	users	
3-34	301-303	in	
3-35	304-309	other	
3-36	310-319	countries	
3-37	319-320	.	

#Text=Whether a book is still in copyright varies from country to country, and we can't offer guidance on whether any specific use of any specific book is allowed.
4-1	321-328	Whether	
4-2	329-330	a	
4-3	331-335	book	
4-4	336-338	is	
4-5	339-344	still	
4-6	345-347	in	
4-7	348-357	copyright	
4-8	358-364	varies	
4-9	365-369	from	
4-10	370-377	country	
4-11	378-380	to	
4-12	381-388	country	
4-13	388-389	,	
4-14	390-393	and	
4-15	394-396	we	
4-16	397-402	can't	
4-17	403-408	offer	
4-18	409-417	guidance	
4-19	418-420	on	
4-20	421-428	whether	
4-21	429-432	any	
4-22	433-441	specific	
4-23	442-445	use	
4-24	446-448	of	
4-25	449-452	any	
4-26	453-461	specific	
4-27	462-466	book	
4-28	467-469	is	
4-29	470-477	allowed	
4-30	477-478	.	

#Text=Please do not assume that a book's appearance in Google Book Search means it can be used in any manner anywhere in the world.
5-1	479-485	Please	
5-2	486-488	do	
5-3	489-492	not	
5-4	493-499	assume	
5-5	500-504	that	
5-6	505-506	a	
5-7	507-513	book's	
5-8	514-524	appearance	
5-9	525-527	in	
5-10	528-534	Google	
5-11	535-539	Book	
5-12	540-546	Search	
5-13	547-552	means	
5-14	553-555	it	
5-15	556-559	can	
5-16	560-562	be	
5-17	563-567	used	
5-18	568-570	in	
5-19	571-574	any	
5-20	575-581	manner	
5-21	582-590	anywhere	
5-22	591-593	in	
5-23	594-597	the	
5-24	598-603	world	
5-25	603-604	.	

#Text=Copyright infringement liability can be quite severe.
6-1	605-614	Copyright	
6-2	615-627	infringement	
6-3	628-637	liability	
6-4	638-641	can	
6-5	642-644	be	
6-6	645-650	quite	
6-7	651-657	severe	
6-8	657-658	.	

#Text=About Google Book Search
#Text=
#Text=Google's mission is to organize the world's information and to make it universally accessible and useful.
7-1	659-664	About	
7-2	665-671	Google	
7-3	672-676	Book	
7-4	677-683	Search	
7-5	685-693	Google's	
7-6	694-701	mission	
7-7	702-704	is	
7-8	705-707	to	
7-9	708-716	organize	
7-10	717-720	the	
7-11	721-728	world's	
7-12	729-740	information	
7-13	741-744	and	
7-14	745-747	to	
7-15	748-752	make	
7-16	753-755	it	
7-17	756-767	universally	
7-18	768-778	accessible	
7-19	779-782	and	
7-20	783-789	useful	
7-21	789-790	.	

#Text=Google Book Search helps readers discover the world's books while helping authors and publishers reach new audiences.
#Text=1.
8-1	791-797	Google	
8-2	798-802	Book	
8-3	803-809	Search	
8-4	810-815	helps	
8-5	816-823	readers	
8-6	824-832	discover	
8-7	833-836	the	
8-8	837-844	world's	
8-9	845-850	books	
8-10	851-856	while	
8-11	857-864	helping	
8-12	865-872	authors	
8-13	873-876	and	
8-14	877-887	publishers	
8-15	888-893	reach	
8-16	894-897	new	
8-17	898-907	audiences	
8-18	907-908	.	
8-19	909-910	1	
8-20	910-911	.	

#Text=Ihil jam folemne magis apud Phyficos, quam ex odoriferis corporibus particularum effluvia perpetuo emanare, quæ ubi ad olfactus organum pervenere , illud vellicent, atque
#Text=
#Text=olfactionem excitent.
9-1	912-916	Ihil	
9-2	917-920	jam	
9-3	921-928	folemne	
9-4	929-934	magis	
9-5	935-939	apud	
9-6	940-948	Phyficos	
9-7	948-949	,	
9-8	950-954	quam	
9-9	955-957	ex	
9-10	958-968	odoriferis	
9-11	969-979	corporibus	
9-12	980-992	particularum	
9-13	993-1001	effluvia	
9-14	1002-1010	perpetuo	
9-15	1011-1018	emanare	
9-16	1018-1019	,	
9-17	1020-1023	quæ	
9-18	1024-1027	ubi	
9-19	1028-1030	ad	
9-20	1031-1039	olfactus	
9-21	1040-1047	organum	
9-22	1048-1057	pervenere	
9-23	1058-1059	,	
9-24	1060-1065	illud	
9-25	1066-1075	vellicent	
9-26	1075-1076	,	
9-27	1077-1082	atque	
9-28	1084-1095	olfactionem	
9-29	1096-1104	excitent	
9-30	1104-1105	.	

#Text=Satis commode pleraque phænomena hæc sententia explicat, illud tamen non exiguam habet difficultatem, quod aliqua odorifera corpora , ut Muscus, per plurimos annos acutum spirent odorem fine sensibili sui ponderis decremento: qui autem fieri poteft, ut nihil ponderis ab hiscc corporibus detractum videatur , postquam immenfam fccerunt particularem jacturam ?
10-1	1106-1111	Satis	
10-2	1112-1119	commode	
10-3	1120-1128	pleraque	
10-4	1129-1138	phænomena	
10-5	1139-1142	hæc	
10-6	1143-1152	sententia	
10-7	1153-1161	explicat	
10-8	1161-1162	,	
10-9	1163-1168	illud	
10-10	1169-1174	tamen	
10-11	1175-1178	non	
10-12	1179-1186	exiguam	
10-13	1187-1192	habet	
10-14	1193-1206	difficultatem	
10-15	1206-1207	,	
10-16	1208-1212	quod	
10-17	1213-1219	aliqua	
10-18	1220-1229	odorifera	
10-19	1230-1237	corpora	
10-20	1238-1239	,	
10-21	1240-1242	ut	
10-22	1243-1249	Muscus	
10-23	1249-1250	,	
10-24	1251-1254	per	
10-25	1255-1263	plurimos	
10-26	1264-1269	annos	
10-27	1270-1276	acutum	
10-28	1277-1284	spirent	
10-29	1285-1291	odorem	
10-30	1292-1296	fine	
10-31	1297-1306	sensibili	
10-32	1307-1310	sui	
10-33	1311-1319	ponderis	
10-34	1320-1330	decremento	
10-35	1330-1331	:	
10-36	1332-1335	qui	
10-37	1336-1341	autem	
10-38	1342-1347	fieri	
10-39	1348-1354	poteft	
10-40	1354-1355	,	
10-41	1356-1358	ut	
10-42	1359-1364	nihil	
10-43	1365-1373	ponderis	
10-44	1374-1376	ab	
10-45	1377-1382	hiscc	
10-46	1383-1393	corporibus	
10-47	1394-1403	detractum	
10-48	1404-1412	videatur	
10-49	1413-1414	,	
10-50	1415-1423	postquam	
10-51	1424-1432	immenfam	
10-52	1433-1441	fccerunt	
10-53	1442-1454	particularem	
10-54	1455-1463	jacturam	
10-55	1464-1465	?	

#Text=Hoc vero multo minus percipi poceft , fi cum conlideremus odorem, quem veftes , scrinia aliaque huiufmodi corpora emittunt, poftquam per aliquod temporis intervallum odoriferis corporibus proxima fuerunt, vel jisdem confricata, ficuti de quibusdam Chirothecis Hispanis a se affervatis narrac Robertus Boyle, quæ poft annos 28., & co amplius maximo fragrabant odore: cum enim hæc corpora odorem satis acucum diu lervent, etiam fi corpus odoriferum remotum fucrit, necelle eft, ab-üs perpetuo, & per plures annos innumcras odoras A
#Text=
#Text=par:
#Text=
#Text=
#Text=
#Text=2
#Text=
#Text=
#Text=
#Text=
#Text=
#Text=particulas exhalari, quod & in aliis quibuscumque corporibus odorifero corpori proximis accideret : quis non vidcat in immenfum excrescere particularum copiam, quæ emanaret a pluribus corporibus ex unius cjusdemque corporis contactu, vel via cinia odoriferis ?.
11-1	1466-1469	Hoc	
11-2	1470-1474	vero	
11-3	1475-1480	multo	
11-4	1481-1486	minus	
11-5	1487-1494	percipi	
11-6	1495-1501	poceft	
11-7	1502-1503	,	
11-8	1504-1506	fi	
11-9	1507-1510	cum	
11-10	1511-1523	conlideremus	
11-11	1524-1530	odorem	
11-12	1530-1531	,	
11-13	1532-1536	quem	
11-14	1537-1543	veftes	
11-15	1544-1545	,	
11-16	1546-1553	scrinia	
11-17	1554-1561	aliaque	
11-18	1562-1571	huiufmodi	
11-19	1572-1579	corpora	
11-20	1580-1588	emittunt	
11-21	1588-1589	,	
11-22	1590-1598	poftquam	
11-23	1599-1602	per	
11-24	1603-1610	aliquod	
11-25	1611-1619	temporis	
11-26	1620-1631	intervallum	
11-27	1632-1642	odoriferis	
11-28	1643-1653	corporibus	
11-29	1654-1661	proxima	
11-30	1662-1669	fuerunt	
11-31	1669-1670	,	
11-32	1671-1674	vel	
11-33	1675-1681	jisdem	
11-34	1682-1692	confricata	
11-35	1692-1693	,	
11-36	1694-1700	ficuti	
11-37	1701-1703	de	
11-38	1704-1713	quibusdam	
11-39	1714-1725	Chirothecis	
11-40	1726-1734	Hispanis	
11-41	1735-1736	a	
11-42	1737-1739	se	
11-43	1740-1750	affervatis	
11-44	1751-1757	narrac	
11-45	1758-1766	Robertus	
11-46	1767-1772	Boyle	
11-47	1772-1773	,	
11-48	1774-1777	quæ	
11-49	1778-1782	poft	
11-50	1783-1788	annos	
11-51	1789-1791	28	
11-52	1791-1792	.	
11-53	1792-1793	,	
11-54	1794-1795	&	
11-55	1796-1798	co	
11-56	1799-1806	amplius	
11-57	1807-1813	maximo	
11-58	1814-1824	fragrabant	
11-59	1825-1830	odore	
11-60	1830-1831	:	
11-61	1832-1835	cum	
11-62	1836-1840	enim	
11-63	1841-1844	hæc	
11-64	1845-1852	corpora	
11-65	1853-1859	odorem	
11-66	1860-1865	satis	
11-67	1866-1872	acucum	
11-68	1873-1876	diu	
11-69	1877-1884	lervent	
11-70	1884-1885	,	
11-71	1886-1891	etiam	
11-72	1892-1894	fi	
11-73	1895-1901	corpus	
11-74	1902-1912	odoriferum	
11-75	1913-1920	remotum	
11-76	1921-1927	fucrit	
11-77	1927-1928	,	
11-78	1929-1936	necelle	
11-79	1937-1940	eft	
11-80	1940-1941	,	
11-81	1942-1947	ab-üs	
11-82	1948-1956	perpetuo	
11-83	1956-1957	,	
11-84	1958-1959	&	
11-85	1960-1963	per	
11-86	1964-1970	plures	
11-87	1971-1976	annos	
11-88	1977-1986	innumcras	
11-89	1987-1993	odoras	
11-90	1994-1995	A	
11-91	1997-2000	par	
11-92	2000-2001	:	
11-93	2005-2006	2	
11-94	2012-2022	particulas	
11-95	2023-2031	exhalari	
11-96	2031-2032	,	
11-97	2033-2037	quod	
11-98	2038-2039	&	
11-99	2040-2042	in	
11-100	2043-2048	aliis	
11-101	2049-2061	quibuscumque	
11-102	2062-2072	corporibus	
11-103	2073-2082	odorifero	
11-104	2083-2090	corpori	
11-105	2091-2099	proximis	
11-106	2100-2109	accideret	
11-107	2110-2111	:	
11-108	2112-2116	quis	
11-109	2117-2120	non	
11-110	2121-2127	vidcat	
11-111	2128-2130	in	
11-112	2131-2139	immenfum	
11-113	2140-2150	excrescere	
11-114	2151-2163	particularum	
11-115	2164-2170	copiam	
11-116	2170-2171	,	
11-117	2172-2175	quæ	
11-118	2176-2184	emanaret	
11-119	2185-2186	a	
11-120	2187-2195	pluribus	
11-121	2196-2206	corporibus	
11-122	2207-2209	ex	
11-123	2210-2215	unius	
11-124	2216-2226	cjusdemque	
11-125	2227-2235	corporis	
11-126	2236-2244	contactu	
11-127	2244-2245	,	
11-128	2246-2249	vel	
11-129	2250-2253	via	
11-130	2254-2259	cinia	
11-131	2260-2270	odoriferis	
11-132	2271-2272	?	
11-133	2272-2273	.	

#Text=Idem proinde odoriferum corpus præter cas particulas, quæ per aerem perpetuo difperguntur , & alias evaporat, quibus plurima corpura ad diucillimum tempus fiunt odorifera : quis cantam particularum jacturam pondere sensibi
#Text=
#Text=licer non imminuto credere poffit?
12-1	2274-2278	Idem	
12-2	2279-2286	proinde	
12-3	2287-2297	odoriferum	
12-4	2298-2304	corpus	
12-5	2305-2311	præter	
12-6	2312-2315	cas	
12-7	2316-2326	particulas	
12-8	2326-2327	,	
12-9	2328-2331	quæ	
12-10	2332-2335	per	
12-11	2336-2341	aerem	
12-12	2342-2350	perpetuo	
12-13	2351-2363	difperguntur	
12-14	2364-2365	,	
12-15	2366-2367	&	
12-16	2368-2373	alias	
12-17	2374-2382	evaporat	
12-18	2382-2383	,	
12-19	2384-2390	quibus	
12-20	2391-2398	plurima	
12-21	2399-2406	corpura	
12-22	2407-2409	ad	
12-23	2410-2421	diucillimum	
12-24	2422-2428	tempus	
12-25	2429-2434	fiunt	
12-26	2435-2444	odorifera	
12-27	2445-2446	:	
12-28	2447-2451	quis	
12-29	2452-2458	cantam	
12-30	2459-2471	particularum	
12-31	2472-2480	jacturam	
12-32	2481-2488	pondere	
12-33	2489-2496	sensibi	
12-34	2498-2503	licer	
12-35	2504-2507	non	
12-36	2508-2516	imminuto	
12-37	2517-2524	credere	
12-38	2525-2531	poffit	
12-39	2531-2532	?	

#Text=II.
13-1	2533-2535	II	
13-2	2535-2536	.	

#Text=Scio equidem, ad hanc fuperandam difficultatem in medium
#Text=
#Text=afferri subtilitatem materiæ odoræ, ex qua fit, ut immensus carundem particularum numerus sensibile pondus non conftituat.
14-1	2537-2541	Scio	
14-2	2542-2549	equidem	
14-3	2549-2550	,	
14-4	2551-2553	ad	
14-5	2554-2558	hanc	
14-6	2559-2569	fuperandam	
14-7	2570-2583	difficultatem	
14-8	2584-2586	in	
14-9	2587-2593	medium	
14-10	2595-2602	afferri	
14-11	2603-2615	subtilitatem	
14-12	2616-2623	materiæ	
14-13	2624-2629	odoræ	
14-14	2629-2630	,	
14-15	2631-2633	ex	
14-16	2634-2637	qua	
14-17	2638-2641	fit	
14-18	2641-2642	,	
14-19	2643-2645	ut	
14-20	2646-2654	immensus	
14-21	2655-2663	carundem	
14-22	2664-2676	particularum	
14-23	2677-2684	numerus	
14-24	2685-2694	sensibile	
14-25	2695-2701	pondus	
14-26	2702-2705	non	
14-27	2706-2716	conftituat	
14-28	2716-2717	.	

#Text=Satis apia eslet hæc refponfio, G solius ponderis, ac particularum, multitudinis ratio etet habenda, sed cum alia fioc, qux tantam exilicatem in odoris particulis non permittunt, hac responsione
#Text=
#Text=difficultas non superatur.
15-1	2718-2723	Satis	
15-2	2724-2728	apia	
15-3	2729-2734	eslet	
15-4	2735-2738	hæc	
15-5	2739-2748	refponfio	
15-6	2748-2749	,	
15-7	2750-2751	G	
15-8	2752-2758	solius	
15-9	2759-2767	ponderis	
15-10	2767-2768	,	
15-11	2769-2771	ac	
15-12	2772-2784	particularum	
15-13	2784-2785	,	
15-14	2786-2798	multitudinis	
15-15	2799-2804	ratio	
15-16	2805-2809	etet	
15-17	2810-2817	habenda	
15-18	2817-2818	,	
15-19	2819-2822	sed	
15-20	2823-2826	cum	
15-21	2827-2831	alia	
15-22	2832-2836	fioc	
15-23	2836-2837	,	
15-24	2838-2841	qux	
15-25	2842-2848	tantam	
15-26	2849-2859	exilicatem	
15-27	2860-2862	in	
15-28	2863-2869	odoris	
15-29	2870-2880	particulis	
15-30	2881-2884	non	
15-31	2885-2895	permittunt	
15-32	2895-2896	,	
15-33	2897-2900	hac	
15-34	2901-2912	responsione	
15-35	2914-2925	difficultas	
15-36	2926-2929	non	
15-37	2930-2939	superatur	
15-38	2939-2940	.	

#Text=III Sint Odoræ particulæ quam maxime tenues, non ne vident in
#Text=
#Text=fenfibiles eciam fore ?
16-1	2941-2944	III	
16-2	2945-2949	Sint	
16-3	2950-2955	Odoræ	
16-4	2956-2965	particulæ	
16-5	2966-2970	quam	
16-6	2971-2977	maxime	
16-7	2978-2984	tenues	
16-8	2984-2985	,	
16-9	2986-2989	non	
16-10	2990-2992	ne	
16-11	2993-2999	vident	
16-12	3000-3002	in	
16-13	3004-3014	fenfibiles	
16-14	3015-3020	eciam	
16-15	3021-3025	fore	
16-16	3026-3027	?	

#Text=Certum est, quod uc sensus noftri ab externis objectis afficiantur, non sufficit quæcumque corundem magnitudo, fed requiritur senlibilis, quam licet non poffimus hic ad amuslim determinare, possumus tamen illud certo ftatuere, tam exiles particulas senfationem excitarc omnino non posse.
17-1	3028-3034	Certum	
17-2	3035-3038	est	
17-3	3038-3039	,	
17-4	3040-3044	quod	
17-5	3045-3047	uc	
17-6	3048-3054	sensus	
17-7	3055-3061	noftri	
17-8	3062-3064	ab	
17-9	3065-3073	externis	
17-10	3074-3082	objectis	
17-11	3083-3094	afficiantur	
17-12	3094-3095	,	
17-13	3096-3099	non	
17-14	3100-3108	sufficit	
17-15	3109-3118	quæcumque	
17-16	3119-3127	corundem	
17-17	3128-3137	magnitudo	
17-18	3137-3138	,	
17-19	3139-3142	fed	
17-20	3143-3153	requiritur	
17-21	3154-3164	senlibilis	
17-22	3164-3165	,	
17-23	3166-3170	quam	
17-24	3171-3176	licet	
17-25	3177-3180	non	
17-26	3181-3189	poffimus	
17-27	3190-3193	hic	
17-28	3194-3196	ad	
17-29	3197-3204	amuslim	
17-30	3205-3216	determinare	
17-31	3216-3217	,	
17-32	3218-3226	possumus	
17-33	3227-3232	tamen	
17-34	3233-3238	illud	
17-35	3239-3244	certo	
17-36	3245-3253	ftatuere	
17-37	3253-3254	,	
17-38	3255-3258	tam	
17-39	3259-3265	exiles	
17-40	3266-3276	particulas	
17-41	3277-3288	senfationem	
17-42	3289-3297	excitarc	
17-43	3298-3304	omnino	
17-44	3305-3308	non	
17-45	3309-3314	posse	
17-46	3314-3315	.	

#Text=Ec primo Olfactus communiter comparari solet Gustui , & Odor Sapori, ideoque plerique auctores tractationem de gultu, & olfactu, de faporibus, & odoribus conjungunt:scimus autem particulas sapidas elle craslıusculas, nam li aqua perpetuo fluat, facis ingens falis copia requiritur, ut tota aqua per 10., vel 121 annos Huens salsa vidcatur , non exigua igitur materia copia rco quiritur , fi volumus , ut per plures annos fragrantem reddat acrem vicinum, qui perpetuo fere mutatur ; unum proinde , aut altcrum gradum materiæ odoræ ad id sufficeos efle non poteft.
18-1	3316-3318	Ec	
18-2	3319-3324	primo	
18-3	3325-3333	Olfactus	
18-4	3334-3344	communiter	
18-5	3345-3354	comparari	
18-6	3355-3360	solet	
18-7	3361-3367	Gustui	
18-8	3368-3369	,	
18-9	3370-3371	&	
18-10	3372-3376	Odor	
18-11	3377-3383	Sapori	
18-12	3383-3384	,	
18-13	3385-3392	ideoque	
18-14	3393-3401	plerique	
18-15	3402-3410	auctores	
18-16	3411-3423	tractationem	
18-17	3424-3426	de	
18-18	3427-3432	gultu	
18-19	3432-3433	,	
18-20	3434-3435	&	
18-21	3436-3443	olfactu	
18-22	3443-3444	,	
18-23	3445-3447	de	
18-24	3448-3457	faporibus	
18-25	3457-3458	,	
18-26	3459-3460	&	
18-27	3461-3469	odoribus	
18-28	3470-3480	conjungunt	
18-29	3480-3481	:	
18-30	3481-3487	scimus	
18-31	3488-3493	autem	
18-32	3494-3504	particulas	
18-33	3505-3512	sapidas	
18-34	3513-3517	elle	
18-35	3518-3531	craslıusculas	
18-36	3531-3532	,	
18-37	3533-3536	nam	
18-38	3537-3539	li	
18-39	3540-3544	aqua	
18-40	3545-3553	perpetuo	
18-41	3554-3559	fluat	
18-42	3559-3560	,	
18-43	3561-3566	facis	
18-44	3567-3573	ingens	
18-45	3574-3579	falis	
18-46	3580-3585	copia	
18-47	3586-3596	requiritur	
18-48	3596-3597	,	
18-49	3598-3600	ut	
18-50	3601-3605	tota	
18-51	3606-3610	aqua	
18-52	3611-3614	per	
18-53	3615-3617	10	
18-54	3617-3618	.	
18-55	3618-3619	,	
18-56	3620-3623	vel	
18-57	3624-3627	121	
18-58	3628-3633	annos	
18-59	3634-3639	Huens	
18-60	3640-3645	salsa	
18-61	3646-3654	vidcatur	
18-62	3655-3656	,	
18-63	3657-3660	non	
18-64	3661-3667	exigua	
18-65	3668-3674	igitur	
18-66	3675-3682	materia	
18-67	3683-3688	copia	
18-68	3689-3692	rco	
18-69	3693-3701	quiritur	
18-70	3702-3703	,	
18-71	3704-3706	fi	
18-72	3707-3714	volumus	
18-73	3715-3716	,	
18-74	3717-3719	ut	
18-75	3720-3723	per	
18-76	3724-3730	plures	
18-77	3731-3736	annos	
18-78	3737-3747	fragrantem	
18-79	3748-3754	reddat	
18-80	3755-3760	acrem	
18-81	3761-3768	vicinum	
18-82	3768-3769	,	
18-83	3770-3773	qui	
18-84	3774-3782	perpetuo	
18-85	3783-3787	fere	
18-86	3788-3795	mutatur	
18-87	3796-3797	;	
18-88	3798-3802	unum	
18-89	3803-3810	proinde	
18-90	3811-3812	,	
18-91	3813-3816	aut	
18-92	3817-3824	altcrum	
18-93	3825-3831	gradum	
18-94	3832-3839	materiæ	
18-95	3840-3845	odoræ	
18-96	3846-3848	ad	
18-97	3849-3851	id	
18-98	3852-3861	sufficeos	
18-99	3862-3866	efle	
18-100	3867-3870	non	
18-101	3871-3877	poteft	
18-102	3877-3878	.	

#Text=Secundo, quo major est particularum subtilitas, co major re.
19-1	3879-3886	Secundo	
19-2	3886-3887	,	
19-3	3888-3891	quo	
19-4	3892-3897	major	
19-5	3898-3901	est	
19-6	3902-3914	particularum	
19-7	3915-3925	subtilitas	
19-8	3925-3926	,	
19-9	3927-3929	co	
19-10	3930-3935	major	
19-11	3936-3938	re	
19-12	3938-3939	.	
