#FORMAT=WebAnno TSV 3.3


#Text=26 Ille vero, qui dimiserit caprum emissarium, lavabit vestimenta sua, et corpus aqua, et sic ingredietur in castra.
#Text=27 Vitulum autem, et hircum, qui pro peccato fuerant immolati, et quorum sanguis illatus est in sanctuarium, ut expiatio compleretur, asportabunt foras castra, et comburent igni tam pelles quam carnes eorum, ac fimum : 28 et quicumque combusserit ea, lavabit vestimenta sua et carnem aqua, et sic ingredietur in castra.
#Text=29 Eritque vobis hoc legitimum sempiternum : mense septimo, decima die mensis, affligetis animas vestras, nullumque opus facietis, sive indigena, sive advena qui peregrinatur inter vos.
#Text=30 In hac die expiatio erit vestri, atque mundatio ab omnibus peccatis vestris : coram Domino mundabimini.
#Text=31 Sabbatum enim requietionis est, et affligetis animas vestras religione perpetua.
#Text=32 Expiabit autem sacerdos, qui unctus fuerit, et cujus manus initiatæ sunt ut sacerdotio fungatur pro patre suo : indueturque stola linea et vestibus sanctis, 33 et expiabit sanctuarium et tabernaculum testimonii atque altare, sacerdotes quoque et universum populum.
#Text=34 Eritque vobis hoc legitimum sempiternum, ut oretis pro filiis Israël, et pro cunctis peccatis eorum semel in anno.
1-1	2-4	26	
1-2	5-9	Ille	
1-3	10-14	vero	
1-4	14-15	,	
1-5	16-19	qui	
1-6	20-29	dimiserit	
1-7	30-36	caprum	
1-8	37-47	emissarium	
1-9	47-48	,	
1-10	49-56	lavabit	
1-11	57-67	vestimenta	
1-12	68-71	sua	
1-13	71-72	,	
1-14	73-75	et	
1-15	76-82	corpus	
1-16	83-87	aqua	
1-17	87-88	,	
1-18	89-91	et	
1-19	92-95	sic	
1-20	96-107	ingredietur	
1-21	108-110	in	
1-22	111-117	castra	
1-23	117-118	.	
1-24	119-121	27	
1-25	122-129	Vitulum	
1-26	130-135	autem	
1-27	135-136	,	
1-28	137-139	et	
1-29	140-146	hircum	
1-30	146-147	,	
1-31	148-151	qui	
1-32	152-155	pro	
1-33	156-163	peccato	
1-34	164-171	fuerant	
1-35	172-180	immolati	
1-36	180-181	,	
1-37	182-184	et	
1-38	185-191	quorum	
1-39	192-199	sanguis	
1-40	200-207	illatus	
1-41	208-211	est	
1-42	212-214	in	
1-43	215-226	sanctuarium	
1-44	226-227	,	
1-45	228-230	ut	
1-46	231-239	expiatio	
1-47	240-251	compleretur	
1-48	251-252	,	
1-49	253-264	asportabunt	
1-50	265-270	foras	
1-51	271-277	castra	
1-52	277-278	,	
1-53	279-281	et	
1-54	282-291	comburent	
1-55	292-296	igni	
1-56	297-300	tam	
1-57	301-307	pelles	
1-58	308-312	quam	
1-59	313-319	carnes	
1-60	320-325	eorum	
1-61	325-326	,	
1-62	327-329	ac	
1-63	330-335	fimum	
1-64	336-337	:	
1-65	338-340	28	
1-66	341-343	et	
1-67	344-353	quicumque	
1-68	354-365	combusserit	
1-69	366-368	ea	
1-70	368-369	,	
1-71	370-377	lavabit	
1-72	378-388	vestimenta	
1-73	389-392	sua	
1-74	393-395	et	
1-75	396-402	carnem	
1-76	403-407	aqua	
1-77	407-408	,	
1-78	409-411	et	
1-79	412-415	sic	
1-80	416-427	ingredietur	
1-81	428-430	in	
1-82	431-437	castra	
1-83	437-438	.	
1-84	439-441	29	
1-85	442-449	Eritque	
1-86	450-455	vobis	
1-87	456-459	hoc	
1-88	460-469	legitimum	
1-89	470-481	sempiternum	
1-90	482-483	:	
1-91	484-489	mense	
1-92	490-497	septimo	
1-93	497-498	,	
1-94	499-505	decima	
1-95	506-509	die	
1-96	510-516	mensis	
1-97	516-517	,	
1-98	518-528	affligetis	
1-99	529-535	animas	
1-100	536-543	vestras	
1-101	543-544	,	
1-102	545-554	nullumque	
1-103	555-559	opus	
1-104	560-568	facietis	
1-105	568-569	,	
1-106	570-574	sive	
1-107	575-583	indigena	
1-108	583-584	,	
1-109	585-589	sive	
1-110	590-596	advena	
1-111	597-600	qui	
1-112	601-613	peregrinatur	
1-113	614-619	inter	
1-114	620-623	vos	
1-115	623-624	.	
1-116	625-627	30	
1-117	628-630	In	
1-118	631-634	hac	
1-119	635-638	die	
1-120	639-647	expiatio	
1-121	648-652	erit	
1-122	653-659	vestri	
1-123	659-660	,	
1-124	661-666	atque	
1-125	667-675	mundatio	
1-126	676-678	ab	
1-127	679-686	omnibus	
1-128	687-695	peccatis	
1-129	696-703	vestris	
1-130	704-705	:	
1-131	706-711	coram	
1-132	712-718	Domino	
1-133	719-730	mundabimini	
1-134	730-731	.	
1-135	732-734	31	
1-136	735-743	Sabbatum	
1-137	744-748	enim	
1-138	749-761	requietionis	
1-139	762-765	est	
1-140	765-766	,	
1-141	767-769	et	
1-142	770-780	affligetis	
1-143	781-787	animas	
1-144	788-795	vestras	
1-145	796-805	religione	
1-146	806-814	perpetua	
1-147	814-815	.	
1-148	816-818	32	
1-149	819-827	Expiabit	
1-150	828-833	autem	
1-151	834-842	sacerdos	
1-152	842-843	,	
1-153	844-847	qui	
1-154	848-854	unctus	
1-155	855-861	fuerit	
1-156	861-862	,	
1-157	863-865	et	
1-158	866-871	cujus	
1-159	872-877	manus	
1-160	878-886	initiatæ	
1-161	887-891	sunt	
1-162	892-894	ut	
1-163	895-905	sacerdotio	
1-164	906-914	fungatur	
1-165	915-918	pro	
1-166	919-924	patre	
1-167	925-928	suo	
1-168	929-930	:	
1-169	931-942	indueturque	
1-170	943-948	stola	
1-171	949-954	linea	
1-172	955-957	et	
1-173	958-966	vestibus	
1-174	967-974	sanctis	
1-175	974-975	,	
1-176	976-978	33	
1-177	979-981	et	
1-178	982-990	expiabit	
1-179	991-1002	sanctuarium	
1-180	1003-1005	et	
1-181	1006-1018	tabernaculum	
1-182	1019-1029	testimonii	
1-183	1030-1035	atque	
1-184	1036-1042	altare	
1-185	1042-1043	,	
1-186	1044-1054	sacerdotes	
1-187	1055-1061	quoque	
1-188	1062-1064	et	
1-189	1065-1074	universum	
1-190	1075-1082	populum	
1-191	1082-1083	.	
1-192	1084-1086	34	
1-193	1087-1094	Eritque	
1-194	1095-1100	vobis	
1-195	1101-1104	hoc	
1-196	1105-1114	legitimum	
1-197	1115-1126	sempiternum	
1-198	1126-1127	,	
1-199	1128-1130	ut	
1-200	1131-1137	oretis	
1-201	1138-1141	pro	
1-202	1142-1148	filiis	
1-203	1149-1155	Israël	
1-204	1155-1156	,	
1-205	1157-1159	et	
1-206	1160-1163	pro	
1-207	1164-1171	cunctis	
1-208	1172-1180	peccatis	
1-209	1181-1186	eorum	
1-210	1187-1192	semel	
1-211	1193-1195	in	
1-212	1196-1200	anno	
1-213	1200-1201	.	

#Text=Fecit igitur sicut præceperat Dominus Moysi.
2-1	1202-1207	Fecit	
2-2	1208-1214	igitur	
2-3	1215-1220	sicut	
2-4	1221-1231	præceperat	
2-5	1232-1239	Dominus	
2-6	1240-1245	Moysi	
2-7	1245-1246	.	

#Text=Caput 17
#Text=
#Text=
#Text=1 Et locutus est Dominus ad Moysen, dicens : 2 Loquere Aaron et filiis ejus, et cunctis filiis Israël, dicens ad eos : Iste est sermo quem mandavit Dominus, dicens : 3 Homo quilibet de domo Israël, si occiderit bovem aut ovem, sive capram, in castris vel extra castra, 4 et non obtulerit ad ostium tabernaculi oblationem Domino, sanguinis reus erit : quasi si sanguinem fuderit, sic peribit de medio populi sui.
#Text=5 Ideo sacerdoti offerre debent filii Israël hostias suas, quas occident in agro, ut sanctificentur Domino ante ostium tabernaculi testimonii, et immolent eas hostias pacificas Domino.
#Text=6 Fundetque sacerdos sanguinem super altare Domini ad ostium tabernaculi testimonii, et adolebit adipem in odorem suavitatis Domino : 7 et nequaquam ultra immolabunt hostias suas dæmonibus, cum quibus fornicati sunt.
3-1	1247-1252	Caput	
3-2	1253-1255	17	
3-3	1258-1259	1	
3-4	1260-1262	Et	
3-5	1263-1270	locutus	
3-6	1271-1274	est	
3-7	1275-1282	Dominus	
3-8	1283-1285	ad	
3-9	1286-1292	Moysen	
3-10	1292-1293	,	
3-11	1294-1300	dicens	
3-12	1301-1302	:	
3-13	1303-1304	2	
3-14	1305-1312	Loquere	
3-15	1313-1318	Aaron	
3-16	1319-1321	et	
3-17	1322-1328	filiis	
3-18	1329-1333	ejus	
3-19	1333-1334	,	
3-20	1335-1337	et	
3-21	1338-1345	cunctis	
3-22	1346-1352	filiis	
3-23	1353-1359	Israël	
3-24	1359-1360	,	
3-25	1361-1367	dicens	
3-26	1368-1370	ad	
3-27	1371-1374	eos	
3-28	1375-1376	:	
3-29	1377-1381	Iste	
3-30	1382-1385	est	
3-31	1386-1391	sermo	
3-32	1392-1396	quem	
3-33	1397-1405	mandavit	
3-34	1406-1413	Dominus	
3-35	1413-1414	,	
3-36	1415-1421	dicens	
3-37	1422-1423	:	
3-38	1424-1425	3	
3-39	1426-1430	Homo	
3-40	1431-1439	quilibet	
3-41	1440-1442	de	
3-42	1443-1447	domo	
3-43	1448-1454	Israël	
3-44	1454-1455	,	
3-45	1456-1458	si	
3-46	1459-1468	occiderit	
3-47	1469-1474	bovem	
3-48	1475-1478	aut	
3-49	1479-1483	ovem	
3-50	1483-1484	,	
3-51	1485-1489	sive	
3-52	1490-1496	capram	
3-53	1496-1497	,	
3-54	1498-1500	in	
3-55	1501-1508	castris	
3-56	1509-1512	vel	
3-57	1513-1518	extra	
3-58	1519-1525	castra	
3-59	1525-1526	,	
3-60	1527-1528	4	
3-61	1529-1531	et	
3-62	1532-1535	non	
3-63	1536-1545	obtulerit	
3-64	1546-1548	ad	
3-65	1549-1555	ostium	
3-66	1556-1567	tabernaculi	
3-67	1568-1578	oblationem	
3-68	1579-1585	Domino	
3-69	1585-1586	,	
3-70	1587-1596	sanguinis	
3-71	1597-1601	reus	
3-72	1602-1606	erit	
3-73	1607-1608	:	
3-74	1609-1614	quasi	
3-75	1615-1617	si	
3-76	1618-1627	sanguinem	
3-77	1628-1635	fuderit	
3-78	1635-1636	,	
3-79	1637-1640	sic	
3-80	1641-1648	peribit	
3-81	1649-1651	de	
3-82	1652-1657	medio	
3-83	1658-1664	populi	
3-84	1665-1668	sui	
3-85	1668-1669	.	
3-86	1670-1671	5	
3-87	1672-1676	Ideo	
3-88	1677-1686	sacerdoti	
3-89	1687-1694	offerre	
3-90	1695-1701	debent	
3-91	1702-1707	filii	
3-92	1708-1714	Israël	
3-93	1715-1722	hostias	
3-94	1723-1727	suas	
3-95	1727-1728	,	
3-96	1729-1733	quas	
3-97	1734-1742	occident	
3-98	1743-1745	in	
3-99	1746-1750	agro	
3-100	1750-1751	,	
3-101	1752-1754	ut	
3-102	1755-1769	sanctificentur	
3-103	1770-1776	Domino	
3-104	1777-1781	ante	
3-105	1782-1788	ostium	
3-106	1789-1800	tabernaculi	
3-107	1801-1811	testimonii	
3-108	1811-1812	,	
3-109	1813-1815	et	
3-110	1816-1824	immolent	
3-111	1825-1828	eas	
3-112	1829-1836	hostias	
3-113	1837-1846	pacificas	
3-114	1847-1853	Domino	
3-115	1853-1854	.	
3-116	1855-1856	6	
3-117	1857-1866	Fundetque	
3-118	1867-1875	sacerdos	
3-119	1876-1885	sanguinem	
3-120	1886-1891	super	
3-121	1892-1898	altare	
3-122	1899-1905	Domini	
3-123	1906-1908	ad	
3-124	1909-1915	ostium	
3-125	1916-1927	tabernaculi	
3-126	1928-1938	testimonii	
3-127	1938-1939	,	
3-128	1940-1942	et	
3-129	1943-1951	adolebit	
3-130	1952-1958	adipem	
3-131	1959-1961	in	
3-132	1962-1968	odorem	
3-133	1969-1979	suavitatis	
3-134	1980-1986	Domino	
3-135	1987-1988	:	
3-136	1989-1990	7	
3-137	1991-1993	et	
3-138	1994-2003	nequaquam	
3-139	2004-2009	ultra	
3-140	2010-2020	immolabunt	
3-141	2021-2028	hostias	
3-142	2029-2033	suas	
3-143	2034-2043	dæmonibus	
3-144	2043-2044	,	
3-145	2045-2048	cum	
3-146	2049-2055	quibus	
3-147	2056-2065	fornicati	
3-148	2066-2070	sunt	
3-149	2070-2071	.	

#Text=Legitimum sempiternum erit illis et posteris eorum.
#Text=8 Et ad ipsos dices : Homo de domo Israël, et de advenis qui peregrinantur apud vos, qui obtulerit holocaustum sive victimam, 9 et ad ostium tabernaculi testimonii non adduxerit eam, ut offeratur Domino, interibit de populo suo.
#Text=10 Homo quilibet de domo Israël et de advenis qui peregrinantur inter eos, si comederit sanguinem, obfirmabo faciem meam contra animam illius, et disperdam eam de populo suo, 11 quia anima carnis in sanguine est : et ego dedi illum vobis, ut super altare in eo expietis pro animabus vestris, et sanguis pro animæ piaculo sit.
#Text=12 Idcirco dixi filiis Israël : Omnis anima ex vobis non comedet sanguinem, nec ex advenis qui peregrinantur apud vos.
#Text=13 Homo quicumque de filiis Israël, et de advenis qui peregrinantur apud vos, si venatione atque aucupio ceperit feram, vel avem, quibus vesci licitum est, fundat sanguinem ejus, et operiat illum terra.
#Text=14 Anima enim omnis carnis in sanguine est : unde dixi filiis Israël : Sanguinem universæ carnis non comedetis, quia anima carnis in sanguine est : et quicumque comederit illum, interibit.
#Text=15 Anima, quæ comederit morticinum, vel captum a bestia, tam de indigenis, quam de advenis, lavabit vestimenta sua et semetipsum aqua, et contaminatus erit usque ad vesperum : et hoc ordine mundus fiet.
#Text=16 Quod si non laverit vestimenta sua et corpus, portabit iniquitatem suam.
4-1	2072-2081	Legitimum	
4-2	2082-2093	sempiternum	
4-3	2094-2098	erit	
4-4	2099-2104	illis	
4-5	2105-2107	et	
4-6	2108-2116	posteris	
4-7	2117-2122	eorum	
4-8	2122-2123	.	
4-9	2124-2125	8	
4-10	2126-2128	Et	
4-11	2129-2131	ad	
4-12	2132-2137	ipsos	
4-13	2138-2143	dices	
4-14	2144-2145	:	
4-15	2146-2150	Homo	
4-16	2151-2153	de	
4-17	2154-2158	domo	
4-18	2159-2165	Israël	
4-19	2165-2166	,	
4-20	2167-2169	et	
4-21	2170-2172	de	
4-22	2173-2180	advenis	
4-23	2181-2184	qui	
4-24	2185-2198	peregrinantur	
4-25	2199-2203	apud	
4-26	2204-2207	vos	
4-27	2207-2208	,	
4-28	2209-2212	qui	
4-29	2213-2222	obtulerit	
4-30	2223-2234	holocaustum	
4-31	2235-2239	sive	
4-32	2240-2248	victimam	
4-33	2248-2249	,	
4-34	2250-2251	9	
4-35	2252-2254	et	
4-36	2255-2257	ad	
4-37	2258-2264	ostium	
4-38	2265-2276	tabernaculi	
4-39	2277-2287	testimonii	
4-40	2288-2291	non	
4-41	2292-2301	adduxerit	
4-42	2302-2305	eam	
4-43	2305-2306	,	
4-44	2307-2309	ut	
4-45	2310-2319	offeratur	
4-46	2320-2326	Domino	
4-47	2326-2327	,	
4-48	2328-2337	interibit	
4-49	2338-2340	de	
4-50	2341-2347	populo	
4-51	2348-2351	suo	
4-52	2351-2352	.	
4-53	2353-2355	10	
4-54	2356-2360	Homo	
4-55	2361-2369	quilibet	
4-56	2370-2372	de	
4-57	2373-2377	domo	
4-58	2378-2384	Israël	
4-59	2385-2387	et	
4-60	2388-2390	de	
4-61	2391-2398	advenis	
4-62	2399-2402	qui	
4-63	2403-2416	peregrinantur	
4-64	2417-2422	inter	
4-65	2423-2426	eos	
4-66	2426-2427	,	
4-67	2428-2430	si	
4-68	2431-2440	comederit	
4-69	2441-2450	sanguinem	
4-70	2450-2451	,	
4-71	2452-2461	obfirmabo	
4-72	2462-2468	faciem	
4-73	2469-2473	meam	
4-74	2474-2480	contra	
4-75	2481-2487	animam	
4-76	2488-2494	illius	
4-77	2494-2495	,	
4-78	2496-2498	et	
4-79	2499-2508	disperdam	
4-80	2509-2512	eam	
4-81	2513-2515	de	
4-82	2516-2522	populo	
4-83	2523-2526	suo	
4-84	2526-2527	,	
4-85	2528-2530	11	
4-86	2531-2535	quia	
4-87	2536-2541	anima	
4-88	2542-2548	carnis	
4-89	2549-2551	in	
4-90	2552-2560	sanguine	
4-91	2561-2564	est	
4-92	2565-2566	:	
4-93	2567-2569	et	
4-94	2570-2573	ego	
4-95	2574-2578	dedi	
4-96	2579-2584	illum	
4-97	2585-2590	vobis	
4-98	2590-2591	,	
4-99	2592-2594	ut	
4-100	2595-2600	super	
4-101	2601-2607	altare	
4-102	2608-2610	in	
4-103	2611-2613	eo	
4-104	2614-2622	expietis	
4-105	2623-2626	pro	
4-106	2627-2635	animabus	
4-107	2636-2643	vestris	
4-108	2643-2644	,	
4-109	2645-2647	et	
4-110	2648-2655	sanguis	
4-111	2656-2659	pro	
4-112	2660-2665	animæ	
4-113	2666-2673	piaculo	
4-114	2674-2677	sit	
4-115	2677-2678	.	
4-116	2679-2681	12	
4-117	2682-2689	Idcirco	
4-118	2690-2694	dixi	
4-119	2695-2701	filiis	
4-120	2702-2708	Israël	
4-121	2709-2710	:	
4-122	2711-2716	Omnis	
4-123	2717-2722	anima	
4-124	2723-2725	ex	
4-125	2726-2731	vobis	
4-126	2732-2735	non	
4-127	2736-2743	comedet	
4-128	2744-2753	sanguinem	
4-129	2753-2754	,	
4-130	2755-2758	nec	
4-131	2759-2761	ex	
4-132	2762-2769	advenis	
4-133	2770-2773	qui	
4-134	2774-2787	peregrinantur	
4-135	2788-2792	apud	
4-136	2793-2796	vos	
4-137	2796-2797	.	
4-138	2798-2800	13	
4-139	2801-2805	Homo	
4-140	2806-2815	quicumque	
4-141	2816-2818	de	
4-142	2819-2825	filiis	
4-143	2826-2832	Israël	
4-144	2832-2833	,	
4-145	2834-2836	et	
4-146	2837-2839	de	
4-147	2840-2847	advenis	
4-148	2848-2851	qui	
4-149	2852-2865	peregrinantur	
4-150	2866-2870	apud	
4-151	2871-2874	vos	
4-152	2874-2875	,	
4-153	2876-2878	si	
4-154	2879-2888	venatione	
4-155	2889-2894	atque	
4-156	2895-2902	aucupio	
4-157	2903-2910	ceperit	
4-158	2911-2916	feram	
4-159	2916-2917	,	
4-160	2918-2921	vel	
4-161	2922-2926	avem	
4-162	2926-2927	,	
4-163	2928-2934	quibus	
4-164	2935-2940	vesci	
4-165	2941-2948	licitum	
4-166	2949-2952	est	
4-167	2952-2953	,	
4-168	2954-2960	fundat	
4-169	2961-2970	sanguinem	
4-170	2971-2975	ejus	
4-171	2975-2976	,	
4-172	2977-2979	et	
4-173	2980-2987	operiat	
4-174	2988-2993	illum	
4-175	2994-2999	terra	
4-176	2999-3000	.	
4-177	3001-3003	14	
4-178	3004-3009	Anima	
4-179	3010-3014	enim	
4-180	3015-3020	omnis	
4-181	3021-3027	carnis	
4-182	3028-3030	in	
4-183	3031-3039	sanguine	
4-184	3040-3043	est	
4-185	3044-3045	:	
4-186	3046-3050	unde	
4-187	3051-3055	dixi	
4-188	3056-3062	filiis	
4-189	3063-3069	Israël	
4-190	3070-3071	:	
4-191	3072-3081	Sanguinem	
4-192	3082-3090	universæ	
4-193	3091-3097	carnis	
4-194	3098-3101	non	
4-195	3102-3111	comedetis	
4-196	3111-3112	,	
4-197	3113-3117	quia	
4-198	3118-3123	anima	
4-199	3124-3130	carnis	
4-200	3131-3133	in	
4-201	3134-3142	sanguine	
4-202	3143-3146	est	
4-203	3147-3148	:	
4-204	3149-3151	et	
4-205	3152-3161	quicumque	
4-206	3162-3171	comederit	
4-207	3172-3177	illum	
4-208	3177-3178	,	
4-209	3179-3188	interibit	
4-210	3188-3189	.	
4-211	3190-3192	15	
4-212	3193-3198	Anima	
4-213	3198-3199	,	
4-214	3200-3203	quæ	
4-215	3204-3213	comederit	
4-216	3214-3224	morticinum	
4-217	3224-3225	,	
4-218	3226-3229	vel	
4-219	3230-3236	captum	
4-220	3237-3238	a	
4-221	3239-3245	bestia	
4-222	3245-3246	,	
4-223	3247-3250	tam	
4-224	3251-3253	de	
4-225	3254-3263	indigenis	
4-226	3263-3264	,	
4-227	3265-3269	quam	
4-228	3270-3272	de	
4-229	3273-3280	advenis	
4-230	3280-3281	,	
4-231	3282-3289	lavabit	
4-232	3290-3300	vestimenta	
4-233	3301-3304	sua	
4-234	3305-3307	et	
4-235	3308-3318	semetipsum	
4-236	3319-3323	aqua	
4-237	3323-3324	,	
4-238	3325-3327	et	
4-239	3328-3340	contaminatus	
4-240	3341-3345	erit	
4-241	3346-3351	usque	
4-242	3352-3354	ad	
4-243	3355-3363	vesperum	
4-244	3364-3365	:	
4-245	3366-3368	et	
4-246	3369-3372	hoc	
4-247	3373-3379	ordine	
4-248	3380-3386	mundus	
4-249	3387-3391	fiet	
4-250	3391-3392	.	
4-251	3393-3395	16	
4-252	3396-3400	Quod	
4-253	3401-3403	si	
4-254	3404-3407	non	
4-255	3408-3415	laverit	
4-256	3416-3426	vestimenta	
4-257	3427-3430	sua	
4-258	3431-3433	et	
4-259	3434-3440	corpus	
4-260	3440-3441	,	
4-261	3442-3450	portabit	
4-262	3451-3462	iniquitatem	
4-263	3463-3467	suam	
4-264	3467-3468	.	

#Text=Caput 18
#Text=
#Text=
#Text=1 Locutus est Dominus ad Moysen, dicens : 2 Loquere filiis Israël, et dices ad eos : Ego Dominus Deus vester : 3 juxta consuetudinem terræ Ægypti, in qua habitastis, non facietis : et juxta morem regionis Chanaan, ad quam ego introducturus sum vos, non agetis, nec in legitimis eorum ambulabitis.
5-1	3469-3474	Caput	
5-2	3475-3477	18	
5-3	3480-3481	1	
5-4	3482-3489	Locutus	
5-5	3490-3493	est	
5-6	3494-3501	Dominus	
5-7	3502-3504	ad	
5-8	3505-3511	Moysen	
5-9	3511-3512	,	
5-10	3513-3519	dicens	
5-11	3520-3521	:	
5-12	3522-3523	2	
5-13	3524-3531	Loquere	
5-14	3532-3538	filiis	
5-15	3539-3545	Israël	
5-16	3545-3546	,	
5-17	3547-3549	et	
5-18	3550-3555	dices	
5-19	3556-3558	ad	
5-20	3559-3562	eos	
5-21	3563-3564	:	
5-22	3565-3568	Ego	
5-23	3569-3576	Dominus	
5-24	3577-3581	Deus	
5-25	3582-3588	vester	
5-26	3589-3590	:	
5-27	3591-3592	3	
5-28	3593-3598	juxta	
5-29	3599-3612	consuetudinem	
5-30	3613-3618	terræ	
5-31	3619-3625	Ægypti	
5-32	3625-3626	,	
5-33	3627-3629	in	
5-34	3630-3633	qua	
5-35	3634-3644	habitastis	
5-36	3644-3645	,	
5-37	3646-3649	non	
5-38	3650-3658	facietis	
5-39	3659-3660	:	
5-40	3661-3663	et	
5-41	3664-3669	juxta	
5-42	3670-3675	morem	
5-43	3676-3684	regionis	
5-44	3685-3692	Chanaan	
5-45	3692-3693	,	
5-46	3694-3696	ad	
5-47	3697-3701	quam	
5-48	3702-3705	ego	
5-49	3706-3719	introducturus	
5-50	3720-3723	sum	
5-51	3724-3727	vos	
5-52	3727-3728	,	
5-53	3729-3732	non	
5-54	3733-3739	agetis	
5-55	3739-3740	,	
5-56	3741-3744	nec	
5-57	3745-3747	in	
5-58	3748-3757	legitimis	
5-59	3758-3763	eorum	
5-60	3764-3775	ambulabitis	
5-61	3775-3776	.	
