#FORMAT=WebAnno TSV 3.3
#T_SP=custom.Span|label
#T_RL=custom.Relation|label|BT_custom.Span


#Text=zynde is ’t
#Text=Tuig gespannen, en ’t is onmooglyk dat het beest’er deur gaat zonder te worden
#Text=gevangen.
1-1	2-7	zynde	_	_	_	
1-2	8-10	is	_	_	_	
1-3	11-12	’	_	_	_	
1-4	12-13	t	_	_	_	
1-5	14-18	Tuig	_	_	_	
1-6	19-28	gespannen	_	_	_	
1-7	28-29	,	_	_	_	
1-8	30-32	en	_	_	_	
1-9	33-34	’	_	_	_	
1-10	34-35	t	_	_	_	
1-11	36-38	is	_	_	_	
1-12	39-48	onmooglyk	_	_	_	
1-13	49-52	dat	_	_	_	
1-14	53-56	het	_	_	_	
1-15	57-62	beest	Perceiver	*	2-3	
1-16	62-63	’	_	_	_	
1-17	63-65	er	_	_	_	
1-18	66-70	deur	_	_	_	
1-19	71-75	gaat	_	_	_	
1-20	76-82	zonder	_	_	_	
1-21	83-85	te	_	_	_	
1-22	86-92	worden	_	_	_	
1-23	93-101	gevangen	_	_	_	
1-24	101-102	.	_	_	_	

#Text=Voorts om hun de reuk van Mensen te benemen, die hen konden dien weg
#Text=doen myden; moet men zich, voor ’t zetten van den Strik, de handen met Gras vryven,
#Text=of met den drek van een Beest, daar ze zin in hebben.
2-1	103-109	Voorts	_	_	_	
2-2	110-112	om	_	_	_	
2-3	113-116	hun	Perceiver	_	_	
2-4	117-119	de	_	_	_	
2-5	120-124	reuk	Smell\_Word	*|*|*|*|*|*	2-7|2-3|2-11[1_0]|1-15|2-19[2_0]|3-1[3_0]	
2-6	125-128	van	_	_	_	
2-7	129-135	Mensen	Smell\_Source	_	_	
2-8	136-138	te	_	_	_	
2-9	139-146	benemen	_	_	_	
2-10	146-147	,	_	_	_	
2-11	148-151	die	Effect[1]	_	_	
2-12	152-155	hen	Effect[1]	_	_	
2-13	156-162	konden	Effect[1]	_	_	
2-14	163-167	dien	Effect[1]	_	_	
2-15	168-171	weg	Effect[1]	_	_	
2-16	172-176	doen	Effect[1]	_	_	
2-17	177-182	myden	Effect[1]	_	_	
2-18	182-183	;	_	_	_	
2-19	184-188	moet	Circumstances[2]	_	_	
2-20	189-192	men	Circumstances[2]	_	_	
2-21	193-197	zich	Circumstances[2]	_	_	
2-22	197-198	,	Circumstances[2]	_	_	
2-23	199-203	voor	Circumstances[2]	_	_	
2-24	204-205	’	Circumstances[2]	_	_	
2-25	205-206	t	Circumstances[2]	_	_	
2-26	207-213	zetten	Circumstances[2]	_	_	
2-27	214-217	van	Circumstances[2]	_	_	
2-28	218-221	den	Circumstances[2]	_	_	
2-29	222-227	Strik	Circumstances[2]	_	_	
2-30	227-228	,	Circumstances[2]	_	_	
2-31	229-231	de	Circumstances[2]	_	_	
2-32	232-238	handen	Circumstances[2]	_	_	
2-33	239-242	met	Circumstances[2]	_	_	
2-34	243-247	Gras	Circumstances[2]	_	_	
2-35	248-254	vryven	Circumstances[2]	_	_	
2-36	254-255	,	Circumstances[2]	_	_	
2-37	256-258	of	Circumstances[2]	_	_	
2-38	259-262	met	Circumstances[2]	_	_	
2-39	263-266	den	Circumstances[2]	_	_	
2-40	267-271	drek	Circumstances[2]	_	_	
2-41	272-275	van	Circumstances[2]	_	_	
2-42	276-279	een	Circumstances[2]	_	_	
2-43	280-285	Beest	Circumstances[2]	_	_	
2-44	285-286	,	Circumstances[2]	_	_	
2-45	287-291	daar	Circumstances[2]	_	_	
2-46	292-294	ze	Circumstances[2]	_	_	
2-47	295-298	zin	Circumstances[2]	_	_	
2-48	299-301	in	Circumstances[2]	_	_	
2-49	302-308	hebben	Circumstances[2]	_	_	
2-50	308-309	.	_	_	_	

#Text=Men zoude ook by de Strik
#Text=kunnen leggen, of Eikels, of Vlees, of Kruiden, naar de zinlykheid van ’t Beest, dat
#Text=men wil vangen.
3-1	310-313	Men	Circumstances[3]	_	_	
3-2	314-319	zoude	Circumstances[3]	_	_	
3-3	320-323	ook	Circumstances[3]	_	_	
3-4	324-326	by	Circumstances[3]	_	_	
3-5	327-329	de	Circumstances[3]	_	_	
3-6	330-335	Strik	Circumstances[3]	_	_	
3-7	336-342	kunnen	Circumstances[3]	_	_	
3-8	343-349	leggen	Circumstances[3]	_	_	
3-9	349-350	,	Circumstances[3]	_	_	
3-10	351-353	of	Circumstances[3]	_	_	
3-11	354-360	Eikels	Circumstances[3]	_	_	
3-12	360-361	,	Circumstances[3]	_	_	
3-13	362-364	of	Circumstances[3]	_	_	
3-14	365-370	Vlees	Circumstances[3]	_	_	
3-15	370-371	,	Circumstances[3]	_	_	
3-16	372-374	of	Circumstances[3]	_	_	
3-17	375-382	Kruiden	Circumstances[3]	_	_	
3-18	382-383	,	Circumstances[3]	_	_	
3-19	384-388	naar	Circumstances[3]	_	_	
3-20	389-391	de	Circumstances[3]	_	_	
3-21	392-402	zinlykheid	Circumstances[3]	_	_	
3-22	403-406	van	Circumstances[3]	_	_	
3-23	407-408	’	Circumstances[3]	_	_	
3-24	408-409	t	Circumstances[3]	_	_	
3-25	410-415	Beest	Circumstances[3]	_	_	
3-26	415-416	,	Circumstances[3]	_	_	
3-27	417-420	dat	Circumstances[3]	_	_	
3-28	421-424	men	Circumstances[3]	_	_	
3-29	425-428	wil	Circumstances[3]	_	_	
3-30	429-435	vangen	Circumstances[3]	_	_	
3-31	435-436	.	_	_	_	

#Text=Zie achter de Figuur.
4-1	437-440	Zie	_	_	_	
4-2	441-447	achter	_	_	_	
4-3	448-450	de	_	_	_	
4-4	451-457	Figuur	_	_	_	
4-5	457-458	.	_	_	_	

#Text=Soort van Strik, om verslindende Dieren te vangen.
5-1	461-466	Soort	_	_	_	
5-2	467-470	van	_	_	_	
5-3	471-476	Strik	_	_	_	
5-4	476-477	,	_	_	_	
5-5	478-480	om	_	_	_	
5-6	481-493	verslindende	_	_	_	
5-7	494-500	Dieren	_	_	_	
5-8	501-503	te	_	_	_	
5-9	504-510	vangen	_	_	_	
5-10	510-511	.	_	_	_	

#Text=Men moet een soort van Kamertje, of Hokje, dat vierkant is, maken, met palen van
#Text=vier, of vyf duimen over ’t kruis en acht, of negen voeten hoog.
6-1	514-517	Men	_	_	_	
6-2	518-522	moet	_	_	_	
6-3	523-526	een	_	_	_	
6-4	527-532	soort	_	_	_	
6-5	533-536	van	_	_	_	
6-6	537-545	Kamertje	_	_	_	
6-7	545-546	,	_	_	_	
6-8	547-549	of	_	_	_	
6-9	550-555	Hokje	_	_	_	
6-10	555-556	,	_	_	_	
6-11	557-560	dat	_	_	_	
6-12	561-569	vierkant	_	_	_	
6-13	570-572	is	_	_	_	
6-14	572-573	,	_	_	_	
6-15	574-579	maken	_	_	_	
6-16	579-580	,	_	_	_	
6-17	581-584	met	_	_	_	
6-18	585-590	palen	_	_	_	
6-19	591-594	van	_	_	_	
6-20	595-599	vier	_	_	_	
6-21	599-600	,	_	_	_	
6-22	601-603	of	_	_	_	
6-23	604-607	vyf	_	_	_	
6-24	608-614	duimen	_	_	_	
6-25	615-619	over	_	_	_	
6-26	620-621	’	_	_	_	
6-27	621-622	t	_	_	_	
6-28	623-628	kruis	_	_	_	
6-29	629-631	en	_	_	_	
6-30	632-636	acht	_	_	_	
6-31	636-637	,	_	_	_	
6-32	638-640	of	_	_	_	
6-33	641-646	negen	_	_	_	
6-34	647-653	voeten	_	_	_	
6-35	654-658	hoog	_	_	_	
6-36	658-659	.	_	_	_	

#Text=Men moet ze styf in
#Text=de aarde steken, zettende de ene van de andere twe duimen, of daar ontrent, en maken
#Text=deze aan een vast met andere Palen, die’er van buiten dwers tegen leggen.
7-1	660-663	Men	_	_	_	
7-2	664-668	moet	_	_	_	
7-3	669-671	ze	_	_	_	
7-4	672-676	styf	_	_	_	
7-5	677-679	in	_	_	_	
7-6	680-682	de	_	_	_	
7-7	683-688	aarde	_	_	_	
7-8	689-695	steken	_	_	_	
7-9	695-696	,	_	_	_	
7-10	697-705	zettende	_	_	_	
7-11	706-708	de	_	_	_	
7-12	709-712	ene	_	_	_	
7-13	713-716	van	_	_	_	
7-14	717-719	de	_	_	_	
7-15	720-726	andere	_	_	_	
7-16	727-730	twe	_	_	_	
7-17	731-737	duimen	_	_	_	
7-18	737-738	,	_	_	_	
7-19	739-741	of	_	_	_	
7-20	742-746	daar	_	_	_	
7-21	747-754	ontrent	_	_	_	
7-22	754-755	,	_	_	_	
7-23	756-758	en	_	_	_	
7-24	759-764	maken	_	_	_	
7-25	765-769	deze	_	_	_	
7-26	770-773	aan	_	_	_	
7-27	774-777	een	_	_	_	
7-28	778-782	vast	_	_	_	
7-29	783-786	met	_	_	_	
7-30	787-793	andere	_	_	_	
7-31	794-799	Palen	_	_	_	
7-32	799-800	,	_	_	_	
7-33	801-804	die	_	_	_	
7-34	804-805	’	_	_	_	
7-35	805-807	er	_	_	_	
7-36	808-811	van	_	_	_	
7-37	812-818	buiten	_	_	_	
7-38	819-824	dwers	_	_	_	
7-39	825-830	tegen	_	_	_	
7-40	831-837	leggen	_	_	_	
7-41	837-838	.	_	_	_	

#Text=Aan enen
#Text=van de kleine zyden van dit Vertrekje zult gy ene opening laten, daar gy een deur
#Text=aan zult maken, met goede helling, goed Yzerwerk, en die door toevallen sluit.
8-1	839-842	Aan	_	_	_	
8-2	843-847	enen	_	_	_	
8-3	848-851	van	_	_	_	
8-4	852-854	de	_	_	_	
8-5	855-861	kleine	_	_	_	
8-6	862-867	zyden	_	_	_	
8-7	868-871	van	_	_	_	
8-8	872-875	dit	_	_	_	
8-9	876-885	Vertrekje	_	_	_	
8-10	886-890	zult	_	_	_	
8-11	891-893	gy	_	_	_	
8-12	894-897	ene	_	_	_	
8-13	898-905	opening	_	_	_	
8-14	906-911	laten	_	_	_	
8-15	911-912	,	_	_	_	
8-16	913-917	daar	_	_	_	
8-17	918-920	gy	_	_	_	
8-18	921-924	een	_	_	_	
8-19	925-929	deur	_	_	_	
8-20	930-933	aan	_	_	_	
8-21	934-938	zult	_	_	_	
8-22	939-944	maken	_	_	_	
8-23	944-945	,	_	_	_	
8-24	946-949	met	_	_	_	
8-25	950-955	goede	_	_	_	
8-26	956-963	helling	_	_	_	
8-27	963-964	,	_	_	_	
8-28	965-969	goed	_	_	_	
8-29	970-978	Yzerwerk	_	_	_	
8-30	978-979	,	_	_	_	
8-31	980-982	en	_	_	_	
8-32	983-986	die	_	_	_	
8-33	987-991	door	_	_	_	
8-34	992-1001	toevallen	_	_	_	
8-35	1002-1007	sluit	_	_	_	
8-36	1007-1008	.	_	_	_	

#Text=Aan
#Text=de andere kant, die daar recht tegenover is, zult gy een Ring vast maken, daar gy een
#Text=Tou deur zult steken, aan welks een eind gy een groot stuk aas zult vast maken; en
#Text=aan ’t ander een Klemhout, ’t geen gy overdwers zult leggen tussen de Poort en de
#Text=Deur, om de Poort open te zetten.
9-1	1009-1012	Aan	_	_	_	
9-2	1013-1015	de	_	_	_	
9-3	1016-1022	andere	_	_	_	
9-4	1023-1027	kant	_	_	_	
9-5	1027-1028	,	_	_	_	
9-6	1029-1032	die	_	_	_	
9-7	1033-1037	daar	_	_	_	
9-8	1038-1043	recht	_	_	_	
9-9	1044-1053	tegenover	_	_	_	
9-10	1054-1056	is	_	_	_	
9-11	1056-1057	,	_	_	_	
9-12	1058-1062	zult	_	_	_	
9-13	1063-1065	gy	_	_	_	
9-14	1066-1069	een	_	_	_	
9-15	1070-1074	Ring	_	_	_	
9-16	1075-1079	vast	_	_	_	
9-17	1080-1085	maken	_	_	_	
9-18	1085-1086	,	_	_	_	
9-19	1087-1091	daar	_	_	_	
9-20	1092-1094	gy	_	_	_	
9-21	1095-1098	een	_	_	_	
9-22	1099-1102	Tou	_	_	_	
9-23	1103-1107	deur	_	_	_	
9-24	1108-1112	zult	_	_	_	
9-25	1113-1119	steken	_	_	_	
9-26	1119-1120	,	_	_	_	
9-27	1121-1124	aan	_	_	_	
9-28	1125-1130	welks	_	_	_	
9-29	1131-1134	een	_	_	_	
9-30	1135-1139	eind	_	_	_	
9-31	1140-1142	gy	_	_	_	
9-32	1143-1146	een	_	_	_	
9-33	1147-1152	groot	_	_	_	
9-34	1153-1157	stuk	_	_	_	
9-35	1158-1161	aas	_	_	_	
9-36	1162-1166	zult	_	_	_	
9-37	1167-1171	vast	_	_	_	
9-38	1172-1177	maken	_	_	_	
9-39	1177-1178	;	_	_	_	
9-40	1179-1181	en	_	_	_	
9-41	1182-1185	aan	_	_	_	
9-42	1186-1187	’	_	_	_	
9-43	1187-1188	t	_	_	_	
9-44	1189-1194	ander	_	_	_	
9-45	1195-1198	een	_	_	_	
9-46	1199-1207	Klemhout	_	_	_	
9-47	1207-1208	,	_	_	_	
9-48	1209-1210	’	_	_	_	
9-49	1210-1211	t	_	_	_	
9-50	1212-1216	geen	_	_	_	
9-51	1217-1219	gy	_	_	_	
9-52	1220-1229	overdwers	_	_	_	
9-53	1230-1234	zult	_	_	_	
9-54	1235-1241	leggen	_	_	_	
9-55	1242-1248	tussen	_	_	_	
9-56	1249-1251	de	_	_	_	
9-57	1252-1257	Poort	_	_	_	
9-58	1258-1260	en	_	_	_	
9-59	1261-1263	de	_	_	_	
9-60	1264-1268	Deur	_	_	_	
9-61	1268-1269	,	_	_	_	
9-62	1270-1272	om	_	_	_	
9-63	1273-1275	de	_	_	_	
9-64	1276-1281	Poort	_	_	_	
9-65	1282-1286	open	_	_	_	
9-66	1287-1289	te	_	_	_	
9-67	1290-1296	zetten	_	_	_	
9-68	1296-1297	.	_	_	_	

#Text=Zodra het Beest de Roof zal ruiken, zal ’t’er in
#Text=komen om ze te vatten, en ’t willende mede nemen, zal ’t wakker aan het Tou trekken,
#Text=en door dit middel ’t hout weghalen, ’t geen de Deur open hield.
10-1	1298-1303	Zodra	Time	_	_	
10-2	1304-1307	het	Perceiver[4]	_	_	
10-3	1308-1313	Beest	Perceiver[4]	_	_	
10-4	1314-1316	de	Smell\_Source[5]	_	_	
10-5	1317-1321	Roof	Smell\_Source[5]	_	_	
10-6	1322-1325	zal	_	_	_	
10-7	1326-1332	ruiken	Smell\_Word	*|*|*|*	10-9[6_0]|10-4[5_0]|10-2[4_0]|10-1	
10-8	1332-1333	,	_	_	_	
10-9	1334-1337	zal	Effect[6]	_	_	
10-10	1338-1339	’	Effect[6]	_	_	
10-11	1339-1340	t	Effect[6]	_	_	
10-12	1340-1341	’	Effect[6]	_	_	
10-13	1341-1343	er	Effect[6]	_	_	
10-14	1344-1346	in	Effect[6]	_	_	
10-15	1347-1352	komen	Effect[6]	_	_	
10-16	1353-1355	om	Effect[6]	_	_	
10-17	1356-1358	ze	Effect[6]	_	_	
10-18	1359-1361	te	Effect[6]	_	_	
10-19	1362-1368	vatten	Effect[6]	_	_	
10-20	1368-1369	,	Effect[6]	_	_	
10-21	1370-1372	en	Effect[6]	_	_	
10-22	1373-1374	’	Effect[6]	_	_	
10-23	1374-1375	t	Effect[6]	_	_	
10-24	1376-1384	willende	Effect[6]	_	_	
10-25	1385-1389	mede	Effect[6]	_	_	
10-26	1390-1395	nemen	Effect[6]	_	_	
10-27	1395-1396	,	Effect[6]	_	_	
10-28	1397-1400	zal	Effect[6]	_	_	
10-29	1401-1402	’	Effect[6]	_	_	
10-30	1402-1403	t	Effect[6]	_	_	
10-31	1404-1410	wakker	Effect[6]	_	_	
10-32	1411-1414	aan	Effect[6]	_	_	
10-33	1415-1418	het	Effect[6]	_	_	
10-34	1419-1422	Tou	Effect[6]	_	_	
10-35	1423-1430	trekken	Effect[6]	_	_	
10-36	1430-1431	,	Effect[6]	_	_	
10-37	1432-1434	en	Effect[6]	_	_	
10-38	1435-1439	door	Effect[6]	_	_	
10-39	1440-1443	dit	Effect[6]	_	_	
10-40	1444-1450	middel	Effect[6]	_	_	
10-41	1451-1452	’	Effect[6]	_	_	
10-42	1452-1453	t	Effect[6]	_	_	
10-43	1454-1458	hout	Effect[6]	_	_	
10-44	1459-1467	weghalen	Effect[6]	_	_	
10-45	1467-1468	,	Effect[6]	_	_	
10-46	1469-1470	’	Effect[6]	_	_	
10-47	1470-1471	t	Effect[6]	_	_	
10-48	1472-1476	geen	Effect[6]	_	_	
10-49	1477-1479	de	Effect[6]	_	_	
10-50	1480-1484	Deur	Effect[6]	_	_	
10-51	1485-1489	open	Effect[6]	_	_	
10-52	1490-1495	hield	Effect[6]	_	_	
10-53	1495-1496	.	_	_	_	

#Text=Terstond zal de
#Text=Deur toesluiten, en om dit nog schielyker te doen, kan men’er een grote steen achter
#Text=aan vast hangen, die daar nog meer gewigt aan gevende, zyne beweging zal
#Text=verhaasten.
11-1	1497-1505	Terstond	_	_	_	
11-2	1506-1509	zal	_	_	_	
11-3	1510-1512	de	_	_	_	
11-4	1513-1517	Deur	_	_	_	
11-5	1518-1528	toesluiten	_	_	_	
11-6	1528-1529	,	_	_	_	
11-7	1530-1532	en	_	_	_	
11-8	1533-1535	om	_	_	_	
11-9	1536-1539	dit	_	_	_	
11-10	1540-1543	nog	_	_	_	
11-11	1544-1554	schielyker	_	_	_	
11-12	1555-1557	te	_	_	_	
11-13	1558-1562	doen	_	_	_	
11-14	1562-1563	,	_	_	_	
11-15	1564-1567	kan	_	_	_	
11-16	1568-1571	men	_	_	_	
11-17	1571-1572	’	_	_	_	
11-18	1572-1574	er	_	_	_	
11-19	1575-1578	een	_	_	_	
11-20	1579-1584	grote	_	_	_	
11-21	1585-1590	steen	_	_	_	
11-22	1591-1597	achter	_	_	_	
11-23	1598-1601	aan	_	_	_	
11-24	1602-1606	vast	_	_	_	
11-25	1607-1613	hangen	_	_	_	
11-26	1613-1614	,	_	_	_	
11-27	1615-1618	die	_	_	_	
11-28	1619-1623	daar	_	_	_	
11-29	1624-1627	nog	_	_	_	
11-30	1628-1632	meer	_	_	_	
11-31	1633-1639	gewigt	_	_	_	
11-32	1640-1643	aan	_	_	_	
11-33	1644-1651	gevende	_	_	_	
11-34	1651-1652	,	_	_	_	
11-35	1653-1657	zyne	_	_	_	
11-36	1658-1666	beweging	_	_	_	
11-37	1667-1670	zal	_	_	_	
11-38	1671-1681	verhaasten	_	_	_	
11-39	1681-1682	.	_	_	_	

#Text=Deze Strik is gemaklyk, en geeft geen ongemak aan de Reizigers, die
#Text=somtyds in de kuilen vallen, die men graaft, en gevaar loopen van zich te bezeeren,
#Text=of zeer kwalyk hunnen tyd deur te brengen.
12-1	1683-1687	Deze	_	_	_	
12-2	1688-1693	Strik	_	_	_	
12-3	1694-1696	is	_	_	_	
12-4	1697-1705	gemaklyk	_	_	_	
12-5	1705-1706	,	_	_	_	
12-6	1707-1709	en	_	_	_	
12-7	1710-1715	geeft	_	_	_	
12-8	1716-1720	geen	_	_	_	
12-9	1721-1728	ongemak	_	_	_	
12-10	1729-1732	aan	_	_	_	
12-11	1733-1735	de	_	_	_	
12-12	1736-1745	Reizigers	_	_	_	
12-13	1745-1746	,	_	_	_	
12-14	1747-1750	die	_	_	_	
12-15	1751-1758	somtyds	_	_	_	
12-16	1759-1761	in	_	_	_	
12-17	1762-1764	de	_	_	_	
12-18	1765-1771	kuilen	_	_	_	
12-19	1772-1778	vallen	_	_	_	
12-20	1778-1779	,	_	_	_	
12-21	1780-1783	die	_	_	_	
12-22	1784-1787	men	_	_	_	
12-23	1788-1794	graaft	_	_	_	
12-24	1794-1795	,	_	_	_	
12-25	1796-1798	en	_	_	_	
12-26	1799-1805	gevaar	_	_	_	
12-27	1806-1812	loopen	_	_	_	
12-28	1813-1816	van	_	_	_	
12-29	1817-1821	zich	_	_	_	
12-30	1822-1824	te	_	_	_	
12-31	1825-1833	bezeeren	_	_	_	
12-32	1833-1834	,	_	_	_	
12-33	1835-1837	of	_	_	_	
12-34	1838-1842	zeer	_	_	_	
12-35	1843-1849	kwalyk	_	_	_	
12-36	1850-1856	hunnen	_	_	_	
12-37	1857-1860	tyd	_	_	_	
12-38	1861-1865	deur	_	_	_	
12-39	1866-1868	te	_	_	_	
12-40	1869-1876	brengen	_	_	_	
12-41	1876-1877	.	_	_	_	

#Text=Om Wolven en Vossen te lokken in de Strik:
#Text=Zie aas.
13-1	1880-1882	Om	_	_	_	
13-2	1883-1889	Wolven	_	_	_	
13-3	1890-1892	en	_	_	_	
13-4	1893-1899	Vossen	_	_	_	
13-5	1900-1902	te	_	_	_	
13-6	1903-1909	lokken	_	_	_	
13-7	1910-1912	in	_	_	_	
13-8	1913-1915	de	_	_	_	
13-9	1916-1921	Strik	_	_	_	
13-10	1921-1922	:	_	_	_	
13-11	1923-1926	Zie	_	_	_	
13-12	1927-1930	aas	_	_	_	
13-13	1930-1931	.	_	_	_	

#Text=stroo is een pyp en stam van groot en klein graan, ’t geen gedorst is.
14-1	1933-1938	stroo	_	_	_	
14-2	1939-1941	is	_	_	_	
14-3	1942-1945	een	_	_	_	
14-4	1946-1949	pyp	_	_	_	
14-5	1950-1952	en	_	_	_	
14-6	1953-1957	stam	_	_	_	
14-7	1958-1961	van	_	_	_	
14-8	1962-1967	groot	_	_	_	
14-9	1968-1970	en	_	_	_	
14-10	1971-1976	klein	_	_	_	
14-11	1977-1982	graan	_	_	_	
14-12	1982-1983	,	_	_	_	
14-13	1984-1985	’	_	_	_	
14-14	1985-1986	t	_	_	_	
14-15	1987-1991	geen	_	_	_	
14-16	1992-1999	gedorst	_	_	_	
14-17	2000-2002	is	_	_	_	
14-18	2002-2003	.	_	_	_	

#Text=Men gebruikt
#Text=het Stroo om’er de Paarden en andere beesten mede te strojen.
15-1	2004-2007	Men	_	_	_	
15-2	2008-2016	gebruikt	_	_	_	
15-3	2017-2020	het	_	_	_	
15-4	2021-2026	Stroo	_	_	_	
15-5	2027-2029	om	_	_	_	
15-6	2029-2030	’	_	_	_	
15-7	2030-2032	er	_	_	_	
15-8	2033-2035	de	_	_	_	
15-9	2036-2043	Paarden	_	_	_	
15-10	2044-2046	en	_	_	_	
15-11	2047-2053	andere	_	_	_	
15-12	2054-2061	beesten	_	_	_	
15-13	2062-2066	mede	_	_	_	
15-14	2067-2069	te	_	_	_	
15-15	2070-2077	strojen	_	_	_	
15-16	2077-2078	.	_	_	_	

#Text=Daar van daan komen
#Text=de Mesthoopen, die dienstig zyn om Landen te mesten.
16-1	2079-2083	Daar	_	_	_	
16-2	2084-2087	van	_	_	_	
16-3	2088-2092	daan	_	_	_	
16-4	2093-2098	komen	_	_	_	
16-5	2099-2101	de	_	_	_	
16-6	2102-2112	Mesthoopen	_	_	_	
16-7	2112-2113	,	_	_	_	
16-8	2114-2117	die	_	_	_	
16-9	2118-2126	dienstig	_	_	_	
16-10	2127-2130	zyn	_	_	_	
16-11	2131-2133	om	_	_	_	
16-12	2134-2140	Landen	_	_	_	
16-13	2141-2143	te	_	_	_	
16-14	2144-2150	mesten	_	_	_	
16-15	2150-2151	.	_	_	_	

#Text=In de Huurcedels met de
#Text=huurders gemaakt, maakt men werk om de Stroo en Stroobergen op Hoeven te laten.
17-1	2152-2154	In	_	_	_	
17-2	2155-2157	de	_	_	_	
17-3	2158-2168	Huurcedels	_	_	_	
17-4	2169-2172	met	_	_	_	
17-5	2173-2175	de	_	_	_	
17-6	2176-2184	huurders	_	_	_	
17-7	2185-2192	gemaakt	_	_	_	
17-8	2192-2193	,	_	_	_	
17-9	2194-2199	maakt	_	_	_	
17-10	2200-2203	men	_	_	_	
17-11	2204-2208	werk	_	_	_	
17-12	2209-2211	om	_	_	_	
17-13	2212-2214	de	_	_	_	
17-14	2215-2220	Stroo	_	_	_	
17-15	2221-2223	en	_	_	_	
17-16	2224-2235	Stroobergen	_	_	_	
17-17	2236-2238	op	_	_	_	
17-18	2239-2245	Hoeven	_	_	_	
17-19	2246-2248	te	_	_	_	
17-20	2249-2254	laten	_	_	_	
17-21	2254-2255	.	_	_	_	
