#FORMAT=WebAnno TSV 3.3


#Text=Anton starrt den Vorgesetzten ungläubig an;
#Text=wenn die Durchsuchung nicht binnen wenigen Stunden erfolgt, wird die Finanzwache wieder einmal das Nachsehen haben und die von Lergetbohrer infolge seiner Achtsamkeit gemachte Entdeckung zwecklos sein und bleiben.
1-1	4-9	Anton	
1-2	10-16	starrt	
1-3	17-20	den	
1-4	21-33	Vorgesetzten	
1-5	34-43	ungläubig	
1-6	44-46	an	
1-7	46-47	;	
1-8	48-52	wenn	
1-9	53-56	die	
1-10	57-69	Durchsuchung	
1-11	70-75	nicht	
1-12	76-82	binnen	
1-13	83-90	wenigen	
1-14	91-98	Stunden	
1-15	99-106	erfolgt	
1-16	106-107	,	
1-17	108-112	wird	
1-18	113-116	die	
1-19	117-128	Finanzwache	
1-20	129-135	wieder	
1-21	136-142	einmal	
1-22	143-146	das	
1-23	147-156	Nachsehen	
1-24	157-162	haben	
1-25	163-166	und	
1-26	167-170	die	
1-27	171-174	von	
1-28	175-187	Lergetbohrer	
1-29	188-195	infolge	
1-30	196-202	seiner	
1-31	203-214	Achtsamkeit	
1-32	215-223	gemachte	
1-33	224-234	Entdeckung	
1-34	235-243	zwecklos	
1-35	244-248	sein	
1-36	249-252	und	
1-37	253-260	bleiben	
1-38	260-261	.	

#Text=Schon wollte der Oberaufseher sagen, wie er über das ganze dienstliche Gebaren denkt, welches eine ewige Rüge wegen erfolgloser Streifen bildet und ein Zugreifen in hochverdächtigen Fällen hinausschiebt, doch kämpft Lergetbohrer die bitteren Bemerkungen nieder und begibt sich zur wohlverdienten Ruhe.
2-1	262-267	Schon	
2-2	268-274	wollte	
2-3	275-278	der	
2-4	279-291	Oberaufseher	
2-5	292-297	sagen	
2-6	297-298	,	
2-7	299-302	wie	
2-8	303-305	er	
2-9	306-310	über	
2-10	311-314	das	
2-11	315-320	ganze	
2-12	321-332	dienstliche	
2-13	333-340	Gebaren	
2-14	341-346	denkt	
2-15	346-347	,	
2-16	348-355	welches	
2-17	356-360	eine	
2-18	361-366	ewige	
2-19	367-371	Rüge	
2-20	372-377	wegen	
2-21	378-389	erfolgloser	
2-22	390-398	Streifen	
2-23	399-405	bildet	
2-24	406-409	und	
2-25	410-413	ein	
2-26	414-423	Zugreifen	
2-27	424-426	in	
2-28	427-443	hochverdächtigen	
2-29	444-450	Fällen	
2-30	451-464	hinausschiebt	
2-31	464-465	,	
2-32	466-470	doch	
2-33	471-477	kämpft	
2-34	478-490	Lergetbohrer	
2-35	491-494	die	
2-36	495-503	bitteren	
2-37	504-515	Bemerkungen	
2-38	516-522	nieder	
2-39	523-526	und	
2-40	527-533	begibt	
2-41	534-538	sich	
2-42	539-542	zur	
2-43	543-557	wohlverdienten	
2-44	558-562	Ruhe	
2-45	562-563	.	

#Text=Der Respizient begann seine Amtstätigkeit in der Kanzlei mit der aufmerksamen Lektüre des Morgenblattes, die ein Stündchen verschlingt.
3-1	567-570	Der	
3-2	571-581	Respizient	
3-3	582-588	begann	
3-4	589-594	seine	
3-5	595-608	Amtstätigkeit	
3-6	609-611	in	
3-7	612-615	der	
3-8	616-623	Kanzlei	
3-9	624-627	mit	
3-10	628-631	der	
3-11	632-644	aufmerksamen	
3-12	645-652	Lektüre	
3-13	653-656	des	
3-14	657-670	Morgenblattes	
3-15	670-671	,	
3-16	672-675	die	
3-17	676-679	ein	
3-18	680-689	Stündchen	
3-19	690-701	verschlingt	
3-20	701-702	.	

#Text=Dann wurden Bleistifte gespitzt und wieder abgebrochen, hernach seufzend ob der Ueberlast schwerer Dienstgeschäfte der Turnus für neue Streifungen der Finanzwache entworfen.
4-1	703-707	Dann	
4-2	708-714	wurden	
4-3	715-725	Bleistifte	
4-4	726-734	gespitzt	
4-5	735-738	und	
4-6	739-745	wieder	
4-7	746-757	abgebrochen	
4-8	757-758	,	
4-9	759-766	hernach	
4-10	767-775	seufzend	
4-11	776-778	ob	
4-12	779-782	der	
4-13	783-792	Ueberlast	
4-14	793-801	schwerer	
4-15	802-817	Dienstgeschäfte	
4-16	818-821	der	
4-17	822-828	Turnus	
4-18	829-832	für	
4-19	833-837	neue	
4-20	838-849	Streifungen	
4-21	850-853	der	
4-22	854-865	Finanzwache	
4-23	866-875	entworfen	
4-24	875-876	.	

#Text=Diese Arbeit währt bis zur Marendzeit, an die ihn ein gewisses Leergefühl des Magens gemahnt.
5-1	877-882	Diese	
5-2	883-889	Arbeit	
5-3	890-895	währt	
5-4	896-899	bis	
5-5	900-903	zur	
5-6	904-914	Marendzeit	
5-7	914-915	,	
5-8	916-918	an	
5-9	919-922	die	
5-10	923-926	ihn	
5-11	927-930	ein	
5-12	931-939	gewisses	
5-13	940-950	Leergefühl	
5-14	951-954	des	
5-15	955-961	Magens	
5-16	962-969	gemahnt	
5-17	969-970	.	

#Text=Wieder tönt ein Seufzen durch die Kanzlei, das von Gedanken an den kleinen Gehalt und an die Unmöglichkeit eines Frühschoppens begleitet ist.
6-1	971-977	Wieder	
6-2	978-982	tönt	
6-3	983-986	ein	
6-4	987-994	Seufzen	
6-5	995-1000	durch	
6-6	1001-1004	die	
6-7	1005-1012	Kanzlei	
6-8	1012-1013	,	
6-9	1014-1017	das	
6-10	1018-1021	von	
6-11	1022-1030	Gedanken	
6-12	1031-1033	an	
6-13	1034-1037	den	
6-14	1038-1045	kleinen	
6-15	1046-1052	Gehalt	
6-16	1053-1056	und	
6-17	1057-1059	an	
6-18	1060-1063	die	
6-19	1064-1077	Unmöglichkeit	
6-20	1078-1083	eines	
6-21	1084-1097	Frühschoppens	
6-22	1098-1107	begleitet	
6-23	1108-1111	ist	
6-24	1111-1112	.	

#Text=Eiselt greift zum weitverbreiteten Beamtenmittel der Magentäuschung:
#Text=er raucht aus der kurzen Pfeife eine Handvoll Kommißtabak.
7-1	1113-1119	Eiselt	
7-2	1120-1126	greift	
7-3	1127-1130	zum	
7-4	1131-1147	weitverbreiteten	
7-5	1148-1161	Beamtenmittel	
7-6	1162-1165	der	
7-7	1166-1180	Magentäuschung	
7-8	1180-1181	:	
7-9	1182-1184	er	
7-10	1185-1191	raucht	
7-11	1192-1195	aus	
7-12	1196-1199	der	
7-13	1200-1206	kurzen	
7-14	1207-1213	Pfeife	
7-15	1214-1218	eine	
7-16	1219-1227	Handvoll	
7-17	1228-1239	Kommißtabak	
7-18	1239-1240	.	

#Text=Bald umhüllen dichte Rauchwolken den Beamten, es qualmt in der Kanzlei.
8-1	1241-1245	Bald	
8-2	1246-1254	umhüllen	
8-3	1255-1261	dichte	
8-4	1262-1273	Rauchwolken	
8-5	1274-1277	den	
8-6	1278-1285	Beamten	
8-7	1285-1286	,	
8-8	1287-1289	es	
8-9	1290-1296	qualmt	
8-10	1297-1299	in	
8-11	1300-1303	der	
8-12	1304-1311	Kanzlei	
8-13	1311-1312	.	

#Text=Der Respizient glättet einen Aktenumschlag und überlegt, ob er heute schon sich in den Inhalt dieses Aktes versenken oder ob er dies erst morgen tun soll.
9-1	1313-1316	Der	
9-2	1317-1327	Respizient	
9-3	1328-1335	glättet	
9-4	1336-1341	einen	
9-5	1342-1355	Aktenumschlag	
9-6	1356-1359	und	
9-7	1360-1368	überlegt	
9-8	1368-1369	,	
9-9	1370-1372	ob	
9-10	1373-1375	er	
9-11	1376-1381	heute	
9-12	1382-1387	schon	
9-13	1388-1392	sich	
9-14	1393-1395	in	
9-15	1396-1399	den	
9-16	1400-1406	Inhalt	
9-17	1407-1413	dieses	
9-18	1414-1419	Aktes	
9-19	1420-1429	versenken	
9-20	1430-1434	oder	
9-21	1435-1437	ob	
9-22	1438-1440	er	
9-23	1441-1445	dies	
9-24	1446-1450	erst	
9-25	1451-1457	morgen	
9-26	1458-1461	tun	
9-27	1462-1466	soll	
9-28	1466-1467	.	

#Text=In dieser Beschäftigung stört ihn ein Wachmann mit der Meldung:
#Text=Der Herr Kommissär lasse sagen, daß er dienstlich verreise auf zwei Tage und daß in besonders wichtigen Fällen eine etwaige Verfügungserlaubnis telegraphisch von der Bezirksdirektion in Feldkirch zu erwirken sei.
10-1	1468-1470	In	
10-2	1471-1477	dieser	
10-3	1478-1491	Beschäftigung	
10-4	1492-1497	stört	
10-5	1498-1501	ihn	
10-6	1502-1505	ein	
10-7	1506-1514	Wachmann	
10-8	1515-1518	mit	
10-9	1519-1522	der	
10-10	1523-1530	Meldung	
10-11	1530-1531	:	
10-12	1532-1535	Der	
10-13	1536-1540	Herr	
10-14	1541-1550	Kommissär	
10-15	1551-1556	lasse	
10-16	1557-1562	sagen	
10-17	1562-1563	,	
10-18	1564-1567	daß	
10-19	1568-1570	er	
10-20	1571-1581	dienstlich	
10-21	1582-1590	verreise	
10-22	1591-1594	auf	
10-23	1595-1599	zwei	
10-24	1600-1604	Tage	
10-25	1605-1608	und	
10-26	1609-1612	daß	
10-27	1613-1615	in	
10-28	1616-1625	besonders	
10-29	1626-1635	wichtigen	
10-30	1636-1642	Fällen	
10-31	1643-1647	eine	
10-32	1648-1655	etwaige	
10-33	1656-1675	Verfügungserlaubnis	
10-34	1676-1689	telegraphisch	
10-35	1690-1693	von	
10-36	1694-1697	der	
10-37	1698-1714	Bezirksdirektion	
10-38	1715-1717	in	
10-39	1718-1727	Feldkirch	
10-40	1728-1730	zu	
10-41	1731-1739	erwirken	
10-42	1740-1743	sei	
10-43	1743-1744	.	

#Text=Eiselt knurrt etwas und der Wachmann verläßt die Kanzlei.
11-1	1745-1751	Eiselt	
11-2	1752-1758	knurrt	
11-3	1759-1764	etwas	
11-4	1765-1768	und	
11-5	1769-1772	der	
11-6	1773-1781	Wachmann	
11-7	1782-1789	verläßt	
11-8	1790-1793	die	
11-9	1794-1801	Kanzlei	
11-10	1801-1802	.	

#Text=Zwei Tage also wäre die Katze aus dem Hause.
12-1	1803-1807	Zwei	
12-2	1808-1812	Tage	
12-3	1813-1817	also	
12-4	1818-1822	wäre	
12-5	1823-1826	die	
12-6	1827-1832	Katze	
12-7	1833-1836	aus	
12-8	1837-1840	dem	
12-9	1841-1846	Hause	
12-10	1846-1847	.	

#Text=Der Akt wandert zu dem Berg angehäufter Restanten;
#Text=drei Tage beschaulicher Ruhe
#Text=sind ihm jetzt sicher, und auch noch einige andere Genossen teilen dieses Schicksal, wasmaßen nichts übereilt werden solle.
13-1	1848-1851	Der	
13-2	1852-1855	Akt	
13-3	1856-1863	wandert	
13-4	1864-1866	zu	
13-5	1867-1870	dem	
13-6	1871-1875	Berg	
13-7	1876-1887	angehäufter	
13-8	1888-1897	Restanten	
13-9	1897-1898	;	
13-10	1899-1903	drei	
13-11	1904-1908	Tage	
13-12	1909-1922	beschaulicher	
13-13	1923-1927	Ruhe	
13-14	1928-1932	sind	
13-15	1933-1936	ihm	
13-16	1937-1942	jetzt	
13-17	1943-1949	sicher	
13-18	1949-1950	,	
13-19	1951-1954	und	
13-20	1955-1959	auch	
13-21	1960-1964	noch	
13-22	1965-1971	einige	
13-23	1972-1978	andere	
13-24	1979-1987	Genossen	
13-25	1988-1994	teilen	
13-26	1995-2001	dieses	
13-27	2002-2011	Schicksal	
13-28	2011-2012	,	
13-29	2013-2021	wasmaßen	
13-30	2022-2028	nichts	
13-31	2029-2037	übereilt	
13-32	2038-2044	werden	
13-33	2045-2050	solle	
13-34	2050-2051	.	

#Text=Im Bewußtsein, daß der allzeit bewegliche Kommissär heute nicht mehr zu befürchten ist, will Eiselt schon um elf Uhr Mittagspause machen, doch hindert ihn Lergetbohrer am Weggehen durch das dringende Ersuchen, den Vorfall vom gestrigen Abend dienstlich zu verfolgen.
14-1	2052-2054	Im	
14-2	2055-2065	Bewußtsein	
14-3	2065-2066	,	
14-4	2067-2070	daß	
14-5	2071-2074	der	
14-6	2075-2082	allzeit	
14-7	2083-2093	bewegliche	
14-8	2094-2103	Kommissär	
14-9	2104-2109	heute	
14-10	2110-2115	nicht	
14-11	2116-2120	mehr	
14-12	2121-2123	zu	
14-13	2124-2134	befürchten	
14-14	2135-2138	ist	
14-15	2138-2139	,	
14-16	2140-2144	will	
14-17	2145-2151	Eiselt	
14-18	2152-2157	schon	
14-19	2158-2160	um	
14-20	2161-2164	elf	
14-21	2165-2168	Uhr	
14-22	2169-2181	Mittagspause	
14-23	2182-2188	machen	
14-24	2188-2189	,	
14-25	2190-2194	doch	
14-26	2195-2202	hindert	
14-27	2203-2206	ihn	
14-28	2207-2219	Lergetbohrer	
14-29	2220-2222	am	
14-30	2223-2231	Weggehen	
14-31	2232-2237	durch	
14-32	2238-2241	das	
14-33	2242-2251	dringende	
14-34	2252-2260	Ersuchen	
14-35	2260-2261	,	
14-36	2262-2265	den	
14-37	2266-2273	Vorfall	
14-38	2274-2277	vom	
14-39	2278-2287	gestrigen	
14-40	2288-2293	Abend	
14-41	2294-2304	dienstlich	
14-42	2305-2307	zu	
14-43	2308-2317	verfolgen	
14-44	2317-2318	.	
