#FORMAT=WebAnno TSV 3.3


#Text=Quamprimum vero novum aërem haurimus, is per pofticos utrarum C2
#Text=
#Text=que 310.09) v.
1-1	2-12	Quamprimum	
1-2	13-17	vero	
1-3	18-23	novum	
1-4	24-29	aërem	
1-5	30-38	haurimus	
1-6	38-39	,	
1-7	40-42	is	
1-8	43-46	per	
1-9	47-55	pofticos	
1-10	56-63	utrarum	
1-11	64-66	C2	
1-12	68-71	que	
1-13	72-78	310.09	
1-14	78-79	)	
1-15	80-81	v	
1-16	81-82	.	

#Text=Berger.
2-1	83-89	Berger	
2-2	89-90	.	

#Text=Pbyfool.
3-1	91-98	Pbyfool	
3-2	98-99	.	

#Text=Medic.
#Text=l. 1.
#Text=6. do
#Text=
#Text=
#Text=
#Text=
#Text=
#Text=que narium meatus, fupra palatum ad: faucium ifthmos, ut C. 1.
#Text=%.
#Text=2. diximus, reflexos, impetuole ad pulmones ruit: quoniam autem major ejus est copia, quam quæ tam subito angustias istas trajicere queat, fieri, ut mihi quidem videtur, non poterit, quin insignis ejusdem portio , odoratis effluviis gravida, ad superiores narium meatus, verfus os cribrofum divergere cogatur, & majori, quam aliàs , impetu, narium tunicas, cavernulis, & labyrintheis du&ibus prætenfas, feriat , illiso odor res altius imprimat.
4-1	100-105	Medic	
4-2	105-106	.	
4-3	107-108	l	
4-4	108-109	.	
4-5	110-111	1	
4-6	111-112	.	
4-7	113-114	6	
4-8	114-115	.	
4-9	116-118	do	
4-10	124-127	que	
4-11	128-134	narium	
4-12	135-141	meatus	
4-13	141-142	,	
4-14	143-148	fupra	
4-15	149-156	palatum	
4-16	157-159	ad	
4-17	159-160	:	
4-18	161-168	faucium	
4-19	169-176	ifthmos	
4-20	176-177	,	
4-21	178-180	ut	
4-22	181-182	C	
4-23	182-183	.	
4-24	184-185	1	
4-25	185-186	.	
4-26	187-188	%	
4-27	188-189	.	
4-28	190-191	2	
4-29	191-192	.	
4-30	193-200	diximus	
4-31	200-201	,	
4-32	202-210	reflexos	
4-33	210-211	,	
4-34	212-221	impetuole	
4-35	222-224	ad	
4-36	225-233	pulmones	
4-37	234-238	ruit	
4-38	238-239	:	
4-39	240-247	quoniam	
4-40	248-253	autem	
4-41	254-259	major	
4-42	260-264	ejus	
4-43	265-268	est	
4-44	269-274	copia	
4-45	274-275	,	
4-46	276-280	quam	
4-47	281-284	quæ	
4-48	285-288	tam	
4-49	289-295	subito	
4-50	296-305	angustias	
4-51	306-311	istas	
4-52	312-321	trajicere	
4-53	322-327	queat	
4-54	327-328	,	
4-55	329-334	fieri	
4-56	334-335	,	
4-57	336-338	ut	
4-58	339-343	mihi	
4-59	344-350	quidem	
4-60	351-358	videtur	
4-61	358-359	,	
4-62	360-363	non	
4-63	364-371	poterit	
4-64	371-372	,	
4-65	373-377	quin	
4-66	378-386	insignis	
4-67	387-394	ejusdem	
4-68	395-401	portio	
4-69	402-403	,	
4-70	404-412	odoratis	
4-71	413-422	effluviis	
4-72	423-430	gravida	
4-73	430-431	,	
4-74	432-434	ad	
4-75	435-445	superiores	
4-76	446-452	narium	
4-77	453-459	meatus	
4-78	459-460	,	
4-79	461-467	verfus	
4-80	468-470	os	
4-81	471-480	cribrofum	
4-82	481-490	divergere	
4-83	491-498	cogatur	
4-84	498-499	,	
4-85	500-501	&	
4-86	502-508	majori	
4-87	508-509	,	
4-88	510-514	quam	
4-89	515-520	aliàs	
4-90	521-522	,	
4-91	523-529	impetu	
4-92	529-530	,	
4-93	531-537	narium	
4-94	538-545	tunicas	
4-95	545-546	,	
4-96	547-557	cavernulis	
4-97	557-558	,	
4-98	559-560	&	
4-99	561-573	labyrintheis	
4-100	574-576	du	
4-101	576-577	&	
4-102	577-581	ibus	
4-103	582-591	prætenfas	
4-104	591-592	,	
4-105	593-599	feriat	
4-106	600-601	,	
4-107	602-608	illiso	
4-108	609-613	odor	
4-109	614-617	res	
4-110	618-624	altius	
4-111	625-633	imprimat	
4-112	633-634	.	

#Text=Sed hæc mea faltem eft con je&ura, quam fi ullo modo cum sana ratione, & experimentis pugnare, aliquis mihi demonstrave ric, majori facilitate rejiciam, quam admisi.
#Text=9.
#Text=3.
5-1	635-638	Sed	
5-2	639-642	hæc	
5-3	643-646	mea	
5-4	647-653	faltem	
5-5	654-657	eft	
5-6	658-661	con	
5-7	662-664	je	
5-8	664-665	&	
5-9	665-668	ura	
5-10	668-669	,	
5-11	670-674	quam	
5-12	675-677	fi	
5-13	678-682	ullo	
5-14	683-687	modo	
5-15	688-691	cum	
5-16	692-696	sana	
5-17	697-704	ratione	
5-18	704-705	,	
5-19	706-707	&	
5-20	708-720	experimentis	
5-21	721-728	pugnare	
5-22	728-729	,	
5-23	730-737	aliquis	
5-24	738-742	mihi	
5-25	743-754	demonstrave	
5-26	755-758	ric	
5-27	758-759	,	
5-28	760-766	majori	
5-29	767-777	facilitate	
5-30	778-786	rejiciam	
5-31	786-787	,	
5-32	788-792	quam	
5-33	793-799	admisi	
5-34	799-800	.	
5-35	801-802	9	
5-36	802-803	.	
5-37	804-805	3	
5-38	805-806	.	

#Text=Quomodo aër odoratorum effluvia excipere, & ex uno loco in alium transvehere quer at, facile perspiciet ille, cui ex physicis nocum fuerit: aërem esse corpus liquidum, rarum, admo.
#Text=dum porosum, elastica vi præditum, intestino, & jugi, particularum inter le motu agitatum, omnią corpora fublunaria ambiens, & eorundem poris, meatibus atop rimulis facile fese insinuans.
6-1	807-814	Quomodo	
6-2	815-818	aër	
6-3	819-829	odoratorum	
6-4	830-838	effluvia	
6-5	839-847	excipere	
6-6	847-848	,	
6-7	849-850	&	
6-8	851-853	ex	
6-9	854-857	uno	
6-10	858-862	loco	
6-11	863-865	in	
6-12	866-871	alium	
6-13	872-883	transvehere	
6-14	884-888	quer	
6-15	889-891	at	
6-16	891-892	,	
6-17	893-899	facile	
6-18	900-910	perspiciet	
6-19	911-915	ille	
6-20	915-916	,	
6-21	917-920	cui	
6-22	921-923	ex	
6-23	924-932	physicis	
6-24	933-938	nocum	
6-25	939-945	fuerit	
6-26	945-946	:	
6-27	947-952	aërem	
6-28	953-957	esse	
6-29	958-964	corpus	
6-30	965-973	liquidum	
6-31	973-974	,	
6-32	975-980	rarum	
6-33	980-981	,	
6-34	982-986	admo	
6-35	986-987	.	
6-36	988-991	dum	
6-37	992-999	porosum	
6-38	999-1000	,	
6-39	1001-1009	elastica	
6-40	1010-1012	vi	
6-41	1013-1021	præditum	
6-42	1021-1022	,	
6-43	1023-1032	intestino	
6-44	1032-1033	,	
6-45	1034-1035	&	
6-46	1036-1040	jugi	
6-47	1040-1041	,	
6-48	1042-1054	particularum	
6-49	1055-1060	inter	
6-50	1061-1063	le	
6-51	1064-1068	motu	
6-52	1069-1077	agitatum	
6-53	1077-1078	,	
6-54	1079-1084	omnią	
6-55	1085-1092	corpora	
6-56	1093-1103	fublunaria	
6-57	1104-1111	ambiens	
6-58	1111-1112	,	
6-59	1113-1114	&	
6-60	1115-1123	eorundem	
6-61	1124-1129	poris	
6-62	1129-1130	,	
6-63	1131-1139	meatibus	
6-64	1140-1144	atop	
6-65	1145-1152	rimulis	
6-66	1153-1159	facile	
6-67	1160-1164	fese	
6-68	1165-1174	insinuans	
6-69	1174-1175	.	

#Text=Quas aëris qualitates., cum ante biennium & quod excurrit, in publica disputatione de Respiratione Hur mana, sub Experientiflimo Domino Præside habita, firmis argumentis demonstratas fuisse meminerim,
#Text=
#Text=1.1.,..
7-1	1176-1180	Quas	
7-2	1181-1186	aëris	
7-3	1187-1197	qualitates	
7-4	1197-1198	.	
7-5	1198-1199	,	
7-6	1200-1203	cum	
7-7	1204-1208	ante	
7-8	1209-1217	biennium	
7-9	1218-1219	&	
7-10	1220-1224	quod	
7-11	1225-1233	excurrit	
7-12	1233-1234	,	
7-13	1235-1237	in	
7-14	1238-1245	publica	
7-15	1246-1258	disputatione	
7-16	1259-1261	de	
7-17	1262-1274	Respiratione	
7-18	1275-1278	Hur	
7-19	1279-1283	mana	
7-20	1283-1284	,	
7-21	1285-1288	sub	
7-22	1289-1304	Experientiflimo	
7-23	1305-1311	Domino	
7-24	1312-1319	Præside	
7-25	1320-1326	habita	
7-26	1326-1327	,	
7-27	1328-1334	firmis	
7-28	1335-1345	argumentis	
7-29	1346-1358	demonstratas	
7-30	1359-1365	fuisse	
7-31	1366-1375	meminerim	
7-32	1375-1376	,	
7-33	1378-1381	1.1	
7-34	1381-1382	.	
7-35	1382-1383	,	
7-36	1383-1384	.	
7-37	1384-1385	.	

#Text=as fufiore
#Text=
#Text=
#Text=
#Text=
#Text=
#Text=(2) fafiore explicatione non profequor, ut tenuibus fa caltatibus meis parcam, nec a&tum agam.
8-1	1389-1391	as	
8-2	1392-1399	fufiore	
8-3	1405-1406	(	
8-4	1406-1407	2	
8-5	1407-1408	)	
8-6	1409-1416	fafiore	
8-7	1417-1429	explicatione	
8-8	1430-1433	non	
8-9	1434-1443	profequor	
8-10	1443-1444	,	
8-11	1445-1447	ut	
8-12	1448-1456	tenuibus	
8-13	1457-1459	fa	
8-14	1460-1470	caltatibus	
8-15	1471-1475	meis	
8-16	1476-1482	parcam	
8-17	1482-1483	,	
8-18	1484-1487	nec	
8-19	1488-1489	a	
8-20	1489-1490	&	
8-21	1490-1493	tum	
8-22	1494-1498	agam	
8-23	1498-1499	.	

#Text=CAPUT IV.
9-1	1500-1505	CAPUT	
9-2	1506-1508	IV	
9-3	1508-1509	.	

#Text=De
#Text=
#Text=Modo, quo odores percipimus.
10-1	1510-1512	De	
10-2	1514-1518	Modo	
10-3	1518-1519	,	
10-4	1520-1523	quo	
10-5	1524-1530	odores	
10-6	1531-1541	percipimus	
10-7	1541-1542	.	

#Text=B.
11-1	1543-1544	B	
11-2	1544-1545	.	

#Text=I.
12-1	1546-1547	I	
12-2	1547-1548	.	

#Text=Jt fub uno afpe&u ponantur, quæ de odoratûs
#Text=
#Text=Y modo dicenda funt, brevem eorum repetitio
#Text=
#Text=neu, quæ fparfim hactenos diximus, inftituere libet.
13-1	1550-1552	Jt	
13-2	1553-1556	fub	
13-3	1557-1560	uno	
13-4	1561-1565	afpe	
13-5	1565-1566	&	
13-6	1566-1567	u	
13-7	1568-1576	ponantur	
13-8	1576-1577	,	
13-9	1578-1581	quæ	
13-10	1582-1584	de	
13-11	1585-1593	odoratûs	
13-12	1595-1596	Y	
13-13	1597-1601	modo	
13-14	1602-1609	dicenda	
13-15	1610-1614	funt	
13-16	1614-1615	,	
13-17	1616-1622	brevem	
13-18	1623-1628	eorum	
13-19	1629-1638	repetitio	
13-20	1640-1643	neu	
13-21	1643-1644	,	
13-22	1645-1648	quæ	
13-23	1649-1656	fparfim	
13-24	1657-1665	hactenos	
13-25	1666-1673	diximus	
13-26	1673-1674	,	
13-27	1675-1685	inftituere	
13-28	1686-1691	libet	
13-29	1691-1692	.	

#Text=Sabtilia itaque, & corporibos odoratis vel laxius
#Text=
#Text=inhærentia , vel intime conjuncta effluvia falino-lul
#Text=
#Text=phurea., jugi materiæ fubtilis, uplurimum etiam
#Text=
#Text=aëris interni, motu, paulatim à reliqua compage
#Text=
#Text=sua diffociantur, divelluntur, & per proximos po-
#Text=
#Text=ros ac meatus exturbantur.
#Text=: Ur autem undam un-
#Text=
#Text=da trpdit: ita etiam effluvia jam exturbata, ab iis
#Text=
#Text=quæ à tergo feqvuntur femper ulterius protrudun-
#Text=
#Text=tur, adeo ut ferilim magnum, & haud raro incredj-
#Text=
#Text=bile, aëris fpatium occupent.
14-1	1693-1701	Sabtilia	
14-2	1702-1708	itaque	
14-3	1708-1709	,	
14-4	1710-1711	&	
14-5	1712-1722	corporibos	
14-6	1723-1731	odoratis	
14-7	1732-1735	vel	
14-8	1736-1742	laxius	
14-9	1744-1754	inhærentia	
14-10	1755-1756	,	
14-11	1757-1760	vel	
14-12	1761-1767	intime	
14-13	1768-1777	conjuncta	
14-14	1778-1786	effluvia	
14-15	1787-1797	falino-lul	
14-16	1799-1805	phurea	
14-17	1805-1806	.	
14-18	1806-1807	,	
14-19	1808-1812	jugi	
14-20	1813-1820	materiæ	
14-21	1821-1829	fubtilis	
14-22	1829-1830	,	
14-23	1831-1840	uplurimum	
14-24	1841-1846	etiam	
14-25	1848-1853	aëris	
14-26	1854-1861	interni	
14-27	1861-1862	,	
14-28	1863-1867	motu	
14-29	1867-1868	,	
14-30	1869-1877	paulatim	
14-31	1878-1879	à	
14-32	1880-1887	reliqua	
14-33	1888-1895	compage	
14-34	1897-1900	sua	
14-35	1901-1913	diffociantur	
14-36	1913-1914	,	
14-37	1915-1926	divelluntur	
14-38	1926-1927	,	
14-39	1928-1929	&	
14-40	1930-1933	per	
14-41	1934-1942	proximos	
14-42	1943-1945	po	
14-43	1945-1946	-	
14-44	1948-1951	ros	
14-45	1952-1954	ac	
14-46	1955-1961	meatus	
14-47	1962-1973	exturbantur	
14-48	1973-1974	.	
14-49	1975-1976	:	
14-50	1977-1979	Ur	
14-51	1980-1985	autem	
14-52	1986-1991	undam	
14-53	1992-1994	un	
14-54	1994-1995	-	
14-55	1997-1999	da	
14-56	2000-2006	trpdit	
14-57	2006-2007	:	
14-58	2008-2011	ita	
14-59	2012-2017	etiam	
14-60	2018-2026	effluvia	
14-61	2027-2030	jam	
14-62	2031-2040	exturbata	
14-63	2040-2041	,	
14-64	2042-2044	ab	
14-65	2045-2048	iis	
14-66	2050-2053	quæ	
14-67	2054-2055	à	
14-68	2056-2061	tergo	
14-69	2062-2071	feqvuntur	
14-70	2072-2078	femper	
14-71	2079-2087	ulterius	
14-72	2088-2097	protrudun	
14-73	2097-2098	-	
14-74	2100-2103	tur	
14-75	2103-2104	,	
14-76	2105-2109	adeo	
14-77	2110-2112	ut	
14-78	2113-2120	ferilim	
14-79	2121-2127	magnum	
14-80	2127-2128	,	
14-81	2129-2130	&	
14-82	2131-2135	haud	
14-83	2136-2140	raro	
14-84	2141-2148	incredj	
14-85	2148-2149	-	
14-86	2151-2155	bile	
14-87	2155-2156	,	
14-88	2157-2162	aëris	
14-89	2163-2170	fpatium	
14-90	2171-2179	occupent	
14-91	2179-2180	.	

#Text=Quando igitur ifta
#Text=
#Text=quocg aëris portio, quæ inspirationis tempore, per
#Text=
#Text=nares ad pulmones tendit, ejusmodi particulis odo;
#Text=
#Text=riferis imbata eft, illa easdem ad narium interiora
#Text=
#Text=fecum vehit: quæ poftquam eo pervenerunt, ex.
15-1	2181-2187	Quando	
15-2	2188-2194	igitur	
15-3	2195-2199	ifta	
15-4	2201-2206	quocg	
15-5	2207-2212	aëris	
15-6	2213-2219	portio	
15-7	2219-2220	,	
15-8	2221-2224	quæ	
15-9	2225-2238	inspirationis	
15-10	2239-2246	tempore	
15-11	2246-2247	,	
15-12	2248-2251	per	
15-13	2253-2258	nares	
15-14	2259-2261	ad	
15-15	2262-2270	pulmones	
15-16	2271-2277	tendit	
15-17	2277-2278	,	
15-18	2279-2287	ejusmodi	
15-19	2288-2298	particulis	
15-20	2299-2302	odo	
15-21	2302-2303	;	
15-22	2305-2312	riferis	
15-23	2313-2319	imbata	
15-24	2320-2323	eft	
15-25	2323-2324	,	
15-26	2325-2329	illa	
15-27	2330-2336	easdem	
15-28	2337-2339	ad	
15-29	2340-2346	narium	
15-30	2347-2356	interiora	
15-31	2358-2363	fecum	
15-32	2364-2369	vehit	
15-33	2369-2370	:	
15-34	2371-2374	quæ	
15-35	2375-2383	poftquam	
15-36	2384-2386	eo	
15-37	2387-2398	pervenerunt	
15-38	2398-2399	,	
15-39	2400-2402	ex	
15-40	2402-2403	.	
