#FORMAT=WebAnno TSV 3.3


#Text=25 Anima quæ benedicit impinguabitur, et qui inebriat, ipse quoque inebriabitur.
#Text=26 Qui abscondit frumenta maledicetur in populis ; benedictio autem super caput vendentium.
#Text=27 Bene consurgit diluculo qui quærit bona ; qui autem investigator malorum est, opprimetur ab eis.
#Text=28 Qui confidit in divitiis suis corruet : justi autem quasi virens folium germinabunt.
#Text=29 Qui conturbat domum suam possidebit ventos, et qui stultus est serviet sapienti.
#Text=30 Fructus justi lignum vitæ, et qui suscipit animas sapiens est.
#Text=31 Si justus in terra recipit, quanto magis impius et peccator !
1-1	2-4	25	
1-2	5-10	Anima	
1-3	11-14	quæ	
1-4	15-24	benedicit	
1-5	25-38	impinguabitur	
1-6	38-39	,	
1-7	40-42	et	
1-8	43-46	qui	
1-9	47-55	inebriat	
1-10	55-56	,	
1-11	57-61	ipse	
1-12	62-68	quoque	
1-13	69-81	inebriabitur	
1-14	81-82	.	
1-15	83-85	26	
1-16	86-89	Qui	
1-17	90-99	abscondit	
1-18	100-108	frumenta	
1-19	109-120	maledicetur	
1-20	121-123	in	
1-21	124-131	populis	
1-22	132-133	;	
1-23	134-144	benedictio	
1-24	145-150	autem	
1-25	151-156	super	
1-26	157-162	caput	
1-27	163-173	vendentium	
1-28	173-174	.	
1-29	175-177	27	
1-30	178-182	Bene	
1-31	183-192	consurgit	
1-32	193-201	diluculo	
1-33	202-205	qui	
1-34	206-212	quærit	
1-35	213-217	bona	
1-36	218-219	;	
1-37	220-223	qui	
1-38	224-229	autem	
1-39	230-242	investigator	
1-40	243-250	malorum	
1-41	251-254	est	
1-42	254-255	,	
1-43	256-266	opprimetur	
1-44	267-269	ab	
1-45	270-273	eis	
1-46	273-274	.	
1-47	275-277	28	
1-48	278-281	Qui	
1-49	282-290	confidit	
1-50	291-293	in	
1-51	294-302	divitiis	
1-52	303-307	suis	
1-53	308-315	corruet	
1-54	316-317	:	
1-55	318-323	justi	
1-56	324-329	autem	
1-57	330-335	quasi	
1-58	336-342	virens	
1-59	343-349	folium	
1-60	350-361	germinabunt	
1-61	361-362	.	
1-62	363-365	29	
1-63	366-369	Qui	
1-64	370-379	conturbat	
1-65	380-385	domum	
1-66	386-390	suam	
1-67	391-401	possidebit	
1-68	402-408	ventos	
1-69	408-409	,	
1-70	410-412	et	
1-71	413-416	qui	
1-72	417-424	stultus	
1-73	425-428	est	
1-74	429-436	serviet	
1-75	437-445	sapienti	
1-76	445-446	.	
1-77	447-449	30	
1-78	450-457	Fructus	
1-79	458-463	justi	
1-80	464-470	lignum	
1-81	471-475	vitæ	
1-82	475-476	,	
1-83	477-479	et	
1-84	480-483	qui	
1-85	484-492	suscipit	
1-86	493-499	animas	
1-87	500-507	sapiens	
1-88	508-511	est	
1-89	511-512	.	
1-90	513-515	31	
1-91	516-518	Si	
1-92	519-525	justus	
1-93	526-528	in	
1-94	529-534	terra	
1-95	535-542	recipit	
1-96	542-543	,	
1-97	544-550	quanto	
1-98	551-556	magis	
1-99	557-563	impius	
1-100	564-566	et	
1-101	567-575	peccator	
1-102	576-577	!	

#Text=Caput 12
#Text=
#Text=
#Text=1 Qui diligit disciplinam diligit scientiam ; qui autem odit increpationes insipiens est.
#Text=2 Qui bonus est hauriet gratiam a Domino ; qui autem confidit in cogitationibus suis impie agit.
#Text=3 Non roborabitur homo ex impietate, et radix justorum non commovebitur.
#Text=4 Mulier diligens corona est viro suo ; et putredo in ossibus ejus, quæ confusione res dignas gerit.
#Text=5 Cogitationes justorum judicia, et consilia impiorum fraudulenta.
#Text=6 Verba impiorum insidiantur sanguini ; os justorum liberabit eos.
#Text=7 Verte impios, et non erunt ; domus autem justorum permanebit.
#Text=8 Doctrina sua noscetur vir ; qui autem vanus et excors est patebit contemptui.
#Text=9 Melior est pauper et sufficiens sibi quam gloriosus et indigens pane.
#Text=10 Novit justus jumentorum suorum animas ; viscera autem impiorum crudelia.
#Text=11 Qui operatur terram suam satiabitur panibus ; qui autem sectatur otium stultissimus est.
2-1	578-583	Caput	
2-2	584-586	12	
2-3	589-590	1	
2-4	591-594	Qui	
2-5	595-602	diligit	
2-6	603-614	disciplinam	
2-7	615-622	diligit	
2-8	623-632	scientiam	
2-9	633-634	;	
2-10	635-638	qui	
2-11	639-644	autem	
2-12	645-649	odit	
2-13	650-663	increpationes	
2-14	664-673	insipiens	
2-15	674-677	est	
2-16	677-678	.	
2-17	679-680	2	
2-18	681-684	Qui	
2-19	685-690	bonus	
2-20	691-694	est	
2-21	695-702	hauriet	
2-22	703-710	gratiam	
2-23	711-712	a	
2-24	713-719	Domino	
2-25	720-721	;	
2-26	722-725	qui	
2-27	726-731	autem	
2-28	732-740	confidit	
2-29	741-743	in	
2-30	744-758	cogitationibus	
2-31	759-763	suis	
2-32	764-769	impie	
2-33	770-774	agit	
2-34	774-775	.	
2-35	776-777	3	
2-36	778-781	Non	
2-37	782-793	roborabitur	
2-38	794-798	homo	
2-39	799-801	ex	
2-40	802-811	impietate	
2-41	811-812	,	
2-42	813-815	et	
2-43	816-821	radix	
2-44	822-830	justorum	
2-45	831-834	non	
2-46	835-847	commovebitur	
2-47	847-848	.	
2-48	849-850	4	
2-49	851-857	Mulier	
2-50	858-866	diligens	
2-51	867-873	corona	
2-52	874-877	est	
2-53	878-882	viro	
2-54	883-886	suo	
2-55	887-888	;	
2-56	889-891	et	
2-57	892-899	putredo	
2-58	900-902	in	
2-59	903-910	ossibus	
2-60	911-915	ejus	
2-61	915-916	,	
2-62	917-920	quæ	
2-63	921-931	confusione	
2-64	932-935	res	
2-65	936-942	dignas	
2-66	943-948	gerit	
2-67	948-949	.	
2-68	950-951	5	
2-69	952-964	Cogitationes	
2-70	965-973	justorum	
2-71	974-981	judicia	
2-72	981-982	,	
2-73	983-985	et	
2-74	986-994	consilia	
2-75	995-1003	impiorum	
2-76	1004-1015	fraudulenta	
2-77	1015-1016	.	
2-78	1017-1018	6	
2-79	1019-1024	Verba	
2-80	1025-1033	impiorum	
2-81	1034-1045	insidiantur	
2-82	1046-1054	sanguini	
2-83	1055-1056	;	
2-84	1057-1059	os	
2-85	1060-1068	justorum	
2-86	1069-1078	liberabit	
2-87	1079-1082	eos	
2-88	1082-1083	.	
2-89	1084-1085	7	
2-90	1086-1091	Verte	
2-91	1092-1098	impios	
2-92	1098-1099	,	
2-93	1100-1102	et	
2-94	1103-1106	non	
2-95	1107-1112	erunt	
2-96	1113-1114	;	
2-97	1115-1120	domus	
2-98	1121-1126	autem	
2-99	1127-1135	justorum	
2-100	1136-1146	permanebit	
2-101	1146-1147	.	
2-102	1148-1149	8	
2-103	1150-1158	Doctrina	
2-104	1159-1162	sua	
2-105	1163-1171	noscetur	
2-106	1172-1175	vir	
2-107	1176-1177	;	
2-108	1178-1181	qui	
2-109	1182-1187	autem	
2-110	1188-1193	vanus	
2-111	1194-1196	et	
2-112	1197-1203	excors	
2-113	1204-1207	est	
2-114	1208-1215	patebit	
2-115	1216-1226	contemptui	
2-116	1226-1227	.	
2-117	1228-1229	9	
2-118	1230-1236	Melior	
2-119	1237-1240	est	
2-120	1241-1247	pauper	
2-121	1248-1250	et	
2-122	1251-1261	sufficiens	
2-123	1262-1266	sibi	
2-124	1267-1271	quam	
2-125	1272-1281	gloriosus	
2-126	1282-1284	et	
2-127	1285-1293	indigens	
2-128	1294-1298	pane	
2-129	1298-1299	.	
2-130	1300-1302	10	
2-131	1303-1308	Novit	
2-132	1309-1315	justus	
2-133	1316-1326	jumentorum	
2-134	1327-1333	suorum	
2-135	1334-1340	animas	
2-136	1341-1342	;	
2-137	1343-1350	viscera	
2-138	1351-1356	autem	
2-139	1357-1365	impiorum	
2-140	1366-1374	crudelia	
2-141	1374-1375	.	
2-142	1376-1378	11	
2-143	1379-1382	Qui	
2-144	1383-1391	operatur	
2-145	1392-1398	terram	
2-146	1399-1403	suam	
2-147	1404-1414	satiabitur	
2-148	1415-1422	panibus	
2-149	1423-1424	;	
2-150	1425-1428	qui	
2-151	1429-1434	autem	
2-152	1435-1443	sectatur	
2-153	1444-1449	otium	
2-154	1450-1462	stultissimus	
2-155	1463-1466	est	
2-156	1466-1467	.	

#Text=Qui suavis est in vini demorationibus, in suis munitionibus relinquit contumeliam.
#Text=12 Desiderium impii munimentum est pessimorum ; radix autem justorum proficiet.
3-1	1468-1471	Qui	
3-2	1472-1478	suavis	
3-3	1479-1482	est	
3-4	1483-1485	in	
3-5	1486-1490	vini	
3-6	1491-1505	demorationibus	
3-7	1505-1506	,	
3-8	1507-1509	in	
3-9	1510-1514	suis	
3-10	1515-1527	munitionibus	
3-11	1528-1537	relinquit	
3-12	1538-1549	contumeliam	
3-13	1549-1550	.	
3-14	1551-1553	12	
3-15	1554-1564	Desiderium	
3-16	1565-1570	impii	
3-17	1571-1581	munimentum	
3-18	1582-1585	est	
3-19	1586-1596	pessimorum	
3-20	1597-1598	;	
3-21	1599-1604	radix	
3-22	1605-1610	autem	
3-23	1611-1619	justorum	
3-24	1620-1629	proficiet	
3-25	1629-1630	.	
