#FORMAT=WebAnno TSV 3.3
#T_SP=custom.Span|label


#Text=Selection of passages from 18th century plays and discussions of theatre smells\r
#Text=\r
#Text=William Burnaby, The ladies visiting-day.
1-1	0-9	Selection	_	
1-2	10-12	of	_	
1-3	13-21	passages	_	
1-4	22-26	from	_	
1-5	27-31	18th	_	
1-6	32-39	century	_	
1-7	40-45	plays	_	
1-8	46-49	and	_	
1-9	50-61	discussions	_	
1-10	62-64	of	_	
1-11	65-72	theatre	_	
1-12	73-79	smells	_	
1-13	83-90	William	_	
1-14	91-98	Burnaby	_	
1-15	98-99	,	_	
1-16	100-103	The	_	
1-17	104-110	ladies	_	
1-18	111-123	visiting-day	_	
1-19	123-124	.	_	

#Text=A comedy.
2-1	125-126	A	_	
2-2	127-133	comedy	_	
2-3	133-134	.	_	

#Text=As it was acted at the Theatre in Lincolns-Inn-Fields, (London: , 1701)\r
#Text=Your ladyship may observe in this suddain change, how odious is an old fashion; we are ready to swoon, now when anybody comes Perfum’d among us; and it looks like a citizens dowdy daughter, roll’d up in sweets like a pastielle, and only Thames Street now smells of musk and civit.
3-1	135-137	As	_	
3-2	138-140	it	_	
3-3	141-144	was	_	
3-4	145-150	acted	_	
3-5	151-153	at	_	
3-6	154-157	the	_	
3-7	158-165	Theatre	_	
3-8	166-168	in	_	
3-9	169-188	Lincolns-Inn-Fields	_	
3-10	188-189	,	_	
3-11	190-191	(	_	
3-12	191-197	London	_	
3-13	197-198	:	_	
3-14	199-200	,	_	
3-15	201-205	1701	_	
3-16	205-206	)	_	
3-17	208-212	Your	_	
3-18	213-221	ladyship	_	
3-19	222-225	may	_	
3-20	226-233	observe	_	
3-21	234-236	in	_	
3-22	237-241	this	_	
3-23	242-249	suddain	_	
3-24	250-256	change	_	
3-25	256-257	,	_	
3-26	258-261	how	_	
3-27	262-268	odious	_	
3-28	269-271	is	_	
3-29	272-274	an	_	
3-30	275-278	old	_	
3-31	279-286	fashion	_	
3-32	286-287	;	_	
3-33	288-290	we	_	
3-34	291-294	are	_	
3-35	295-300	ready	_	
3-36	301-303	to	_	
3-37	304-309	swoon	_	
3-38	309-310	,	_	
3-39	311-314	now	_	
3-40	315-319	when	_	
3-41	320-327	anybody	_	
3-42	328-333	comes	_	
3-43	334-340	Perfum	_	
3-44	340-341	’	_	
3-45	341-342	d	_	
3-46	343-348	among	_	
3-47	349-351	us	_	
3-48	351-352	;	_	
3-49	353-356	and	_	
3-50	357-359	it	_	
3-51	360-365	looks	_	
3-52	366-370	like	_	
3-53	371-372	a	_	
3-54	373-381	citizens	_	
3-55	382-387	dowdy	_	
3-56	388-396	daughter	_	
3-57	396-397	,	_	
3-58	398-402	roll	_	
3-59	402-403	’	_	
3-60	403-404	d	_	
3-61	405-407	up	_	
3-62	408-410	in	_	
3-63	411-417	sweets	_	
3-64	418-422	like	_	
3-65	423-424	a	_	
3-66	425-434	pastielle	_	
3-67	434-435	,	_	
3-68	436-439	and	_	
3-69	440-444	only	_	
3-70	445-451	Thames	_	
3-71	452-458	Street	_	
3-72	459-462	now	_	
3-73	463-469	smells	_	
3-74	470-472	of	_	
3-75	473-477	musk	_	
3-76	478-481	and	_	
3-77	482-487	civit	_	
3-78	487-488	.	_	

#Text=The Tricks of the Town laid open: Or, a Companion for the country gentleman (London, 1746), pp. 10-11.
4-1	492-495	The	_	
4-2	496-502	Tricks	_	
4-3	503-505	of	_	
4-4	506-509	the	_	
4-5	510-514	Town	_	
4-6	515-519	laid	_	
4-7	520-524	open	_	
4-8	524-525	:	_	
4-9	526-528	Or	_	
4-10	528-529	,	_	
4-11	530-531	a	_	
4-12	532-541	Companion	_	
4-13	542-545	for	_	
4-14	546-549	the	_	
4-15	550-557	country	_	
4-16	558-567	gentleman	_	
4-17	568-569	(	_	
4-18	569-575	London	_	
4-19	575-576	,	_	
4-20	577-581	1746	_	
4-21	581-582	)	_	
4-22	582-583	,	_	
4-23	584-586	pp	_	
4-24	586-587	.	_	
4-25	588-590	10	_	
4-26	590-591	-	_	
4-27	591-593	11	_	
4-28	593-594	.	_	

#Text=There you’ll find some clapping and stamping, others hissing and scoffing, and perhaps both without any reason.
5-1	596-601	There	_	
5-2	602-605	you	_	
5-3	605-606	’	_	
5-4	606-608	ll	_	
5-5	609-613	find	_	
5-6	614-618	some	_	
5-7	619-627	clapping	_	
5-8	628-631	and	_	
5-9	632-640	stamping	_	
5-10	640-641	,	_	
5-11	642-648	others	_	
5-12	649-656	hissing	_	
5-13	657-660	and	_	
5-14	661-669	scoffing	_	
5-15	669-670	,	_	
5-16	671-674	and	_	
5-17	675-682	perhaps	_	
5-18	683-687	both	_	
5-19	688-695	without	_	
5-20	696-699	any	_	
5-21	700-706	reason	_	
5-22	706-707	.	_	

#Text=There you’ll see a cock horse on the seats, damning and confounding the play and players, they know not why or for what; others throwing about their wigs, and almost blinding you with the nauseous scents of their perfumes and pulvilios; others prating with orange wenches, or bantering with whores; and what’s more probable, the whores bantering of them.
6-1	708-713	There	_	
6-2	714-717	you	_	
6-3	717-718	’	_	
6-4	718-720	ll	_	
6-5	721-724	see	_	
6-6	725-726	a	_	
6-7	727-731	cock	_	
6-8	732-737	horse	_	
6-9	738-740	on	_	
6-10	741-744	the	_	
6-11	745-750	seats	_	
6-12	750-751	,	_	
6-13	752-759	damning	_	
6-14	760-763	and	_	
6-15	764-775	confounding	_	
6-16	776-779	the	_	
6-17	780-784	play	_	
6-18	785-788	and	_	
6-19	789-796	players	_	
6-20	796-797	,	_	
6-21	798-802	they	_	
6-22	803-807	know	_	
6-23	808-811	not	_	
6-24	812-815	why	_	
6-25	816-818	or	_	
6-26	819-822	for	_	
6-27	823-827	what	_	
6-28	827-828	;	_	
6-29	829-835	others	_	
6-30	836-844	throwing	_	
6-31	845-850	about	_	
6-32	851-856	their	_	
6-33	857-861	wigs	_	
6-34	861-862	,	_	
6-35	863-866	and	_	
6-36	867-873	almost	_	
6-37	874-882	blinding	_	
6-38	883-886	you	_	
6-39	887-891	with	_	
6-40	892-895	the	_	
6-41	896-904	nauseous	_	
6-42	905-911	scents	_	
6-43	912-914	of	_	
6-44	915-920	their	_	
6-45	921-929	perfumes	_	
6-46	930-933	and	_	
6-47	934-943	pulvilios	_	
6-48	943-944	;	_	
6-49	945-951	others	_	
6-50	952-959	prating	_	
6-51	960-964	with	_	
6-52	965-971	orange	_	
6-53	972-979	wenches	_	
6-54	979-980	,	_	
6-55	981-983	or	_	
6-56	984-993	bantering	_	
6-57	994-998	with	_	
6-58	999-1005	whores	_	
6-59	1005-1006	;	_	
6-60	1007-1010	and	_	
6-61	1011-1015	what	_	
6-62	1015-1016	’	_	
6-63	1016-1017	s	_	
6-64	1018-1022	more	_	
6-65	1023-1031	probable	_	
6-66	1031-1032	,	_	
6-67	1033-1036	the	_	
6-68	1037-1043	whores	_	
6-69	1044-1053	bantering	_	
6-70	1054-1056	of	_	
6-71	1057-1061	them	_	
6-72	1061-1062	.	_	

#Text=George Anne, Bellamy, An apology for the life of George Anne Bellamy, late of Covent-Garden Theatre.
7-1	1066-1072	George	_	
7-2	1073-1077	Anne	_	
7-3	1077-1078	,	_	
7-4	1079-1086	Bellamy	_	
7-5	1086-1087	,	_	
7-6	1088-1090	An	_	
7-7	1091-1098	apology	_	
7-8	1099-1102	for	_	
7-9	1103-1106	the	_	
7-10	1107-1111	life	_	
7-11	1112-1114	of	_	
7-12	1115-1121	George	_	
7-13	1122-1126	Anne	_	
7-14	1127-1134	Bellamy	_	
7-15	1134-1135	,	_	
7-16	1136-1140	late	_	
7-17	1141-1143	of	_	
7-18	1144-1157	Covent-Garden	_	
7-19	1158-1165	Theatre	_	
7-20	1165-1166	.	_	

#Text=Written by herself.
8-1	1167-1174	Written	_	
8-2	1175-1177	by	_	
8-3	1178-1185	herself	_	
8-4	1185-1186	.	_	

#Text=(London, 1785, 5vols), III, pp. 85-6.
9-1	1186-1187	(	_	
9-2	1187-1193	London	_	
9-3	1193-1194	,	_	
9-4	1195-1199	1785	_	
9-5	1199-1200	,	_	
9-6	1201-1206	5vols	_	
9-7	1206-1207	)	_	
9-8	1207-1208	,	_	
9-9	1209-1212	III	_	
9-10	1212-1213	,	_	
9-11	1214-1216	pp	_	
9-12	1216-1217	.	_	
9-13	1218-1220	85	_	
9-14	1220-1221	-	_	
9-15	1221-1222	6	_	
9-16	1222-1223	.	_	

#Text=And notwithstanding it happened to be a very wet afternoon, a great concourse of people for the second gallery attended.
10-1	1225-1228	And	_	
10-2	1229-1244	notwithstanding	_	
10-3	1245-1247	it	_	
10-4	1248-1256	happened	_	
10-5	1257-1259	to	_	
10-6	1260-1262	be	_	
10-7	1263-1264	a	_	
10-8	1265-1269	very	_	
10-9	1270-1273	wet	_	
10-10	1274-1283	afternoon	_	
10-11	1283-1284	,	_	
10-12	1285-1286	a	_	
10-13	1287-1292	great	_	
10-14	1293-1302	concourse	_	
10-15	1303-1305	of	_	
10-16	1306-1312	people	_	
10-17	1313-1316	for	_	
10-18	1317-1320	the	_	
10-19	1321-1327	second	_	
10-20	1328-1335	gallery	_	
10-21	1336-1344	attended	_	
10-22	1344-1345	.	_	

#Text=As soon as that part of the house was full, she disposed of the overflow in the boxes and up on the stage; wisely preferring their two shillings a piece to empty benches.
11-1	1346-1348	As	_	
11-2	1349-1353	soon	_	
11-3	1354-1356	as	_	
11-4	1357-1361	that	_	
11-5	1362-1366	part	_	
11-6	1367-1369	of	_	
11-7	1370-1373	the	_	
11-8	1374-1379	house	_	
11-9	1380-1383	was	_	
11-10	1384-1388	full	_	
11-11	1388-1389	,	_	
11-12	1390-1393	she	_	
11-13	1394-1402	disposed	_	
11-14	1403-1405	of	_	
11-15	1406-1409	the	_	
11-16	1410-1418	overflow	_	
11-17	1419-1421	in	_	
11-18	1422-1425	the	_	
11-19	1426-1431	boxes	_	
11-20	1432-1435	and	_	
11-21	1436-1438	up	_	
11-22	1439-1441	on	_	
11-23	1442-1445	the	_	
11-24	1446-1451	stage	_	
11-25	1451-1452	;	_	
11-26	1453-1459	wisely	_	
11-27	1460-1470	preferring	_	
11-28	1471-1476	their	_	
11-29	1477-1480	two	_	
11-30	1481-1490	shillings	_	
11-31	1491-1492	a	_	
11-32	1493-1498	piece	_	
11-33	1499-1501	to	_	
11-34	1502-1507	empty	_	
11-35	1508-1515	benches	_	
11-36	1515-1516	.	_	

#Text=The heat of the house occasioned the wet clothes of the dripping audience to send forth odours not quite so sweet as those of Arabia.
12-1	1517-1520	The	_	
12-2	1521-1525	heat	_	
12-3	1526-1528	of	_	
12-4	1529-1532	the	_	
12-5	1533-1538	house	_	
12-6	1539-1549	occasioned	_	
12-7	1550-1553	the	_	
12-8	1554-1557	wet	_	
12-9	1558-1565	clothes	_	
12-10	1566-1568	of	_	
12-11	1569-1572	the	_	
12-12	1573-1581	dripping	_	
12-13	1582-1590	audience	_	
12-14	1591-1593	to	_	
12-15	1594-1598	send	_	
12-16	1599-1604	forth	_	
12-17	1605-1611	odours	_	
12-18	1612-1615	not	_	
12-19	1616-1621	quite	_	
12-20	1622-1624	so	_	
12-21	1625-1630	sweet	_	
12-22	1631-1633	as	_	
12-23	1634-1639	those	_	
12-24	1640-1642	of	_	
12-25	1643-1649	Arabia	_	
12-26	1649-1650	.	_	

#Text=Not being accustomed to such effluvia, I gave preference to lavender water, with which I impregnated my handkerchief, and held it to my face.
13-1	1653-1656	Not	_	
13-2	1657-1662	being	_	
13-3	1663-1673	accustomed	_	
13-4	1674-1676	to	_	
13-5	1677-1681	such	_	
13-6	1682-1690	effluvia	_	
13-7	1690-1691	,	_	
13-8	1692-1693	I	_	
13-9	1694-1698	gave	_	
13-10	1699-1709	preference	_	
13-11	1710-1712	to	_	
13-12	1713-1721	lavender	_	
13-13	1722-1727	water	_	
13-14	1727-1728	,	_	
13-15	1729-1733	with	_	
13-16	1734-1739	which	_	
13-17	1740-1741	I	_	
13-18	1742-1753	impregnated	_	
13-19	1754-1756	my	_	
13-20	1757-1769	handkerchief	_	
13-21	1769-1770	,	_	
13-22	1771-1774	and	_	
13-23	1775-1779	held	_	
13-24	1780-1782	it	_	
13-25	1783-1785	to	_	
13-26	1786-1788	my	_	
13-27	1789-1793	face	_	
13-28	1793-1794	.	_	

#Text=Mr Ross, who played Alexander, happened that night to be in one of his active dispositions, and intending to do the part justice, which was full in his power, when he did not chuse to walk over the course, he enquired why I hid my face from him whilst he was paying homage to my queenship.
14-1	1795-1797	Mr	_	
14-2	1798-1802	Ross	_	
14-3	1802-1803	,	_	
14-4	1804-1807	who	_	
14-5	1808-1814	played	_	
14-6	1815-1824	Alexander	_	
14-7	1824-1825	,	_	
14-8	1826-1834	happened	_	
14-9	1835-1839	that	_	
14-10	1840-1845	night	_	
14-11	1846-1848	to	_	
14-12	1849-1851	be	_	
14-13	1852-1854	in	_	
14-14	1855-1858	one	_	
14-15	1859-1861	of	_	
14-16	1862-1865	his	_	
14-17	1866-1872	active	_	
14-18	1873-1885	dispositions	_	
14-19	1885-1886	,	_	
14-20	1887-1890	and	_	
14-21	1891-1900	intending	_	
14-22	1901-1903	to	_	
14-23	1904-1906	do	_	
14-24	1907-1910	the	_	
14-25	1911-1915	part	_	
14-26	1916-1923	justice	_	
14-27	1923-1924	,	_	
14-28	1925-1930	which	_	
14-29	1931-1934	was	_	
14-30	1935-1939	full	_	
14-31	1940-1942	in	_	
14-32	1943-1946	his	_	
14-33	1947-1952	power	_	
14-34	1952-1953	,	_	
14-35	1954-1958	when	_	
14-36	1959-1961	he	_	
14-37	1962-1965	did	_	
14-38	1966-1969	not	_	
14-39	1970-1975	chuse	_	
14-40	1976-1978	to	_	
14-41	1979-1983	walk	_	
14-42	1984-1988	over	_	
14-43	1989-1992	the	_	
14-44	1993-1999	course	_	
14-45	1999-2000	,	_	
14-46	2001-2003	he	_	
14-47	2004-2012	enquired	_	
14-48	2013-2016	why	_	
14-49	2017-2018	I	_	
14-50	2019-2022	hid	_	
14-51	2023-2025	my	_	
14-52	2026-2030	face	_	
14-53	2031-2035	from	_	
14-54	2036-2039	him	_	
14-55	2040-2046	whilst	_	
14-56	2047-2049	he	_	
14-57	2050-2053	was	_	
14-58	2054-2060	paying	_	
14-59	2061-2067	homage	_	
14-60	2068-2070	to	_	
14-61	2071-2073	my	_	
14-62	2074-2083	queenship	_	
14-63	2083-2084	.	_	

#Text=I as usual, played satire which I answered, that I did it because I was just suffocated with the stench; the people smelling so of tripe that they were horrible offensive.
15-1	2085-2086	I	_	
15-2	2087-2089	as	_	
15-3	2090-2095	usual	_	
15-4	2095-2096	,	_	
15-5	2097-2103	played	_	
15-6	2104-2110	satire	_	
15-7	2111-2116	which	_	
15-8	2117-2118	I	_	
15-9	2119-2127	answered	_	
15-10	2127-2128	,	_	
15-11	2129-2133	that	_	
15-12	2134-2135	I	_	
15-13	2136-2139	did	_	
15-14	2140-2142	it	_	
15-15	2143-2150	because	_	
15-16	2151-2152	I	_	
15-17	2153-2156	was	_	
15-18	2157-2161	just	_	
15-19	2162-2172	suffocated	_	
15-20	2173-2177	with	_	
15-21	2178-2181	the	_	
15-22	2182-2188	stench	_	
15-23	2188-2189	;	_	
15-24	2190-2193	the	_	
15-25	2194-2200	people	_	
15-26	2201-2209	smelling	_	
15-27	2210-2212	so	_	
15-28	2213-2215	of	_	
15-29	2216-2221	tripe	_	
15-30	2222-2226	that	_	
15-31	2227-2231	they	_	
15-32	2232-2236	were	_	
15-33	2237-2245	horrible	_	
15-34	2246-2255	offensive	_	
15-35	2255-2256	.	_	

#Text=The gentleman, out of humour at my delicacy put what I had uttered into his own tramontane language, and told the lovely Roxanna that I had said that her audience stunk.
16-1	2258-2261	The	_	
16-2	2262-2271	gentleman	_	
16-3	2271-2272	,	_	
16-4	2273-2276	out	_	
16-5	2277-2279	of	_	
16-6	2280-2286	humour	_	
16-7	2287-2289	at	_	
16-8	2290-2292	my	_	
16-9	2293-2301	delicacy	_	
16-10	2302-2305	put	_	
16-11	2306-2310	what	_	
16-12	2311-2312	I	_	
16-13	2313-2316	had	_	
16-14	2317-2324	uttered	_	
16-15	2325-2329	into	_	
16-16	2330-2333	his	_	
16-17	2334-2337	own	_	
16-18	2338-2348	tramontane	_	
16-19	2349-2357	language	_	
16-20	2357-2358	,	_	
16-21	2359-2362	and	_	
16-22	2363-2367	told	_	
16-23	2368-2371	the	_	
16-24	2372-2378	lovely	_	
16-25	2379-2386	Roxanna	_	
16-26	2387-2391	that	_	
16-27	2392-2393	I	_	
16-28	2394-2397	had	_	
16-29	2398-2402	said	_	
16-30	2403-2407	that	_	
16-31	2408-2411	her	_	
16-32	2412-2420	audience	_	
16-33	2421-2426	stunk	_	
16-34	2426-2427	.	_	

#Text=Enraged at so great a indignity thrown on such a a number of her worthy friends, who had endangered their lives, from being we to the skin in order to pay their respects to her, she formed a resolution to mortify me in my turn.
17-1	2428-2435	Enraged	_	
17-2	2436-2438	at	_	
17-3	2439-2441	so	_	
17-4	2442-2447	great	_	
17-5	2448-2449	a	_	
17-6	2450-2459	indignity	_	
17-7	2460-2466	thrown	_	
17-8	2467-2469	on	_	
17-9	2470-2474	such	_	
17-10	2475-2476	a	_	
17-11	2477-2478	a	_	
17-12	2479-2485	number	_	
17-13	2486-2488	of	_	
17-14	2489-2492	her	_	
17-15	2493-2499	worthy	_	
17-16	2500-2507	friends	_	
17-17	2507-2508	,	_	
17-18	2509-2512	who	_	
17-19	2513-2516	had	_	
17-20	2517-2527	endangered	_	
17-21	2528-2533	their	_	
17-22	2534-2539	lives	_	
17-23	2539-2540	,	_	
17-24	2541-2545	from	_	
17-25	2546-2551	being	_	
17-26	2552-2554	we	_	
17-27	2555-2557	to	_	
17-28	2558-2561	the	_	
17-29	2562-2566	skin	_	
17-30	2567-2569	in	_	
17-31	2570-2575	order	_	
17-32	2576-2578	to	_	
17-33	2579-2582	pay	_	
17-34	2583-2588	their	_	
17-35	2589-2597	respects	_	
17-36	2598-2600	to	_	
17-37	2601-2604	her	_	
17-38	2604-2605	,	_	
17-39	2606-2609	she	_	
17-40	2610-2616	formed	_	
17-41	2617-2618	a	_	
17-42	2619-2629	resolution	_	
17-43	2630-2632	to	_	
17-44	2633-2640	mortify	_	
17-45	2641-2643	me	_	
17-46	2644-2646	in	_	
17-47	2647-2649	my	_	
17-48	2650-2654	turn	_	
17-49	2654-2655	.	_	

#Text=‘On Affectation’, The Town and Country Magazine, Or Universal Repository of Knowledge, Instruction, and Entertainment, Volume 10 1778, p. 197\r
#Text=I was the other evening at the rout of a lady of some consequence at the west end of the town, and during a party of quadrille, the conversation turned upon the company that were the night before at the opera.
18-1	2659-2660	‘	_	
18-2	2660-2662	On	_	
18-3	2663-2674	Affectation	_	
18-4	2674-2675	’	_	
18-5	2675-2676	,	_	
18-6	2677-2680	The	_	
18-7	2681-2685	Town	_	
18-8	2686-2689	and	_	
18-9	2690-2697	Country	_	
18-10	2698-2706	Magazine	_	
18-11	2706-2707	,	_	
18-12	2708-2710	Or	_	
18-13	2711-2720	Universal	_	
18-14	2721-2731	Repository	_	
18-15	2732-2734	of	_	
18-16	2735-2744	Knowledge	_	
18-17	2744-2745	,	_	
18-18	2746-2757	Instruction	_	
18-19	2757-2758	,	_	
18-20	2759-2762	and	_	
18-21	2763-2776	Entertainment	_	
18-22	2776-2777	,	_	
18-23	2778-2784	Volume	_	
18-24	2785-2787	10	_	
18-25	2788-2792	1778	_	
18-26	2792-2793	,	_	
18-27	2794-2795	p	_	
18-28	2795-2796	.	_	
18-29	2797-2800	197	_	
18-30	2802-2803	I	_	
18-31	2804-2807	was	_	
18-32	2808-2811	the	_	
18-33	2812-2817	other	_	
18-34	2818-2825	evening	_	
18-35	2826-2828	at	_	
18-36	2829-2832	the	_	
18-37	2833-2837	rout	_	
18-38	2838-2840	of	_	
18-39	2841-2842	a	_	
18-40	2843-2847	lady	_	
18-41	2848-2850	of	_	
18-42	2851-2855	some	_	
18-43	2856-2867	consequence	_	
18-44	2868-2870	at	_	
18-45	2871-2874	the	_	
18-46	2875-2879	west	_	
18-47	2880-2883	end	_	
18-48	2884-2886	of	_	
18-49	2887-2890	the	_	
18-50	2891-2895	town	_	
18-51	2895-2896	,	_	
18-52	2897-2900	and	_	
18-53	2901-2907	during	_	
18-54	2908-2909	a	_	
18-55	2910-2915	party	_	
18-56	2916-2918	of	_	
18-57	2919-2928	quadrille	_	
18-58	2928-2929	,	_	
18-59	2930-2933	the	_	
18-60	2934-2946	conversation	_	
18-61	2947-2953	turned	_	
18-62	2954-2958	upon	_	
18-63	2959-2962	the	_	
18-64	2963-2970	company	_	
18-65	2971-2975	that	_	
18-66	2976-2980	were	_	
18-67	2981-2984	the	_	
18-68	2985-2990	night	_	
18-69	2991-2997	before	_	
18-70	2998-3000	at	_	
18-71	3001-3004	the	_	
18-72	3005-3010	opera	_	
18-73	3010-3011	.	_	

#Text=Lady Annabella S- declared that notwistanding all the encomiums that had been paid on the duchess of D-, she was a perfect fright.
19-1	3012-3016	Lady	_	
19-2	3017-3026	Annabella	_	
19-3	3027-3028	S	_	
19-4	3028-3029	-	_	
19-5	3030-3038	declared	_	
19-6	3039-3043	that	_	
19-7	3044-3057	notwistanding	_	
19-8	3058-3061	all	_	
19-9	3062-3065	the	_	
19-10	3066-3075	encomiums	_	
19-11	3076-3080	that	_	
19-12	3081-3084	had	_	
19-13	3085-3089	been	_	
19-14	3090-3094	paid	_	
19-15	3095-3097	on	_	
19-16	3098-3101	the	_	
19-17	3102-3109	duchess	_	
19-18	3110-3112	of	_	
19-19	3113-3114	D	_	
19-20	3114-3115	-	_	
19-21	3115-3116	,	_	
19-22	3117-3120	she	_	
19-23	3121-3124	was	_	
19-24	3125-3126	a	_	
19-25	3127-3134	perfect	_	
19-26	3135-3141	fright	_	
19-27	3141-3142	.	_	

#Text=Heaves!
20-1	3143-3149	Heaves	_	
20-2	3149-3150	!	_	

#Text=What a head!
21-1	3151-3155	What	_	
21-2	3156-3157	a	_	
21-3	3158-3162	head	_	
21-4	3162-3163	!	_	

#Text=Tittering all night with Colonel S-, and laughing out loud in the midst of some of the most favourite airs, yet she is pronounced a prodigy – she is indeed a prodify of coquetry and affectation; for my part, Miss, (addressing her next neighbour), I make it a rule positive at a public place, never to go beyond a simple.
22-1	3164-3173	Tittering	_	
22-2	3174-3177	all	_	
22-3	3178-3183	night	_	
22-4	3184-3188	with	_	
22-5	3189-3196	Colonel	_	
22-6	3197-3198	S	_	
22-7	3198-3199	-	_	
22-8	3199-3200	,	_	
22-9	3201-3204	and	_	
22-10	3205-3213	laughing	_	
22-11	3214-3217	out	_	
22-12	3218-3222	loud	_	
22-13	3223-3225	in	_	
22-14	3226-3229	the	_	
22-15	3230-3235	midst	_	
22-16	3236-3238	of	_	
22-17	3239-3243	some	_	
22-18	3244-3246	of	_	
22-19	3247-3250	the	_	
22-20	3251-3255	most	_	
22-21	3256-3265	favourite	_	
22-22	3266-3270	airs	_	
22-23	3270-3271	,	_	
22-24	3272-3275	yet	_	
22-25	3276-3279	she	_	
22-26	3280-3282	is	_	
22-27	3283-3293	pronounced	_	
22-28	3294-3295	a	_	
22-29	3296-3303	prodigy	_	
22-30	3304-3305	–	_	
22-31	3306-3309	she	_	
22-32	3310-3312	is	_	
22-33	3313-3319	indeed	_	
22-34	3320-3321	a	_	
22-35	3322-3329	prodify	_	
22-36	3330-3332	of	_	
22-37	3333-3341	coquetry	_	
22-38	3342-3345	and	_	
22-39	3346-3357	affectation	_	
22-40	3357-3358	;	_	
22-41	3359-3362	for	_	
22-42	3363-3365	my	_	
22-43	3366-3370	part	_	
22-44	3370-3371	,	_	
22-45	3372-3376	Miss	_	
22-46	3376-3377	,	_	
22-47	3378-3379	(	_	
22-48	3379-3389	addressing	_	
22-49	3390-3393	her	_	
22-50	3394-3398	next	_	
22-51	3399-3408	neighbour	_	
22-52	3408-3409	)	_	
22-53	3409-3410	,	_	
22-54	3411-3412	I	_	
22-55	3413-3417	make	_	
22-56	3418-3420	it	_	
22-57	3421-3422	a	_	
22-58	3423-3427	rule	_	
22-59	3428-3436	positive	_	
22-60	3437-3439	at	_	
22-61	3440-3441	a	_	
22-62	3442-3448	public	_	
22-63	3449-3454	place	_	
22-64	3454-3455	,	_	
22-65	3456-3461	never	_	
22-66	3462-3464	to	_	
22-67	3465-3467	go	_	
22-68	3468-3474	beyond	_	
22-69	3475-3476	a	_	
22-70	3477-3483	simple	_	
22-71	3483-3484	.	_	

#Text=Well, but, said lady R-, how would you have been motified had you been seated as I was next to a packer’s wife from Thames-Street?
23-1	3485-3489	Well	_	
23-2	3489-3490	,	_	
23-3	3491-3494	but	_	
23-4	3494-3495	,	_	
23-5	3496-3500	said	_	
23-6	3501-3505	lady	_	
23-7	3506-3507	R	_	
23-8	3507-3508	-	_	
23-9	3508-3509	,	_	
23-10	3510-3513	how	_	
23-11	3514-3519	would	_	
23-12	3520-3523	you	_	
23-13	3524-3528	have	_	
23-14	3529-3533	been	_	
23-15	3534-3542	motified	_	
23-16	3543-3546	had	_	
23-17	3547-3550	you	_	
23-18	3551-3555	been	_	
23-19	3556-3562	seated	_	
23-20	3563-3565	as	_	
23-21	3566-3567	I	_	
23-22	3568-3571	was	_	
23-23	3572-3576	next	_	
23-24	3577-3579	to	_	
23-25	3580-3581	a	_	
23-26	3582-3588	packer	*	
23-27	3588-3589	’	_	
23-28	3589-3590	s	_	
23-29	3591-3595	wife	_	
23-30	3596-3600	from	_	
23-31	3601-3614	Thames-Street	_	
23-32	3614-3615	?	_	

#Text=The odour of tar and pitch was so strong, that I had like to have fainted.
24-1	3616-3619	The	_	
24-2	3620-3625	odour	_	
24-3	3626-3628	of	_	
24-4	3629-3632	tar	_	
24-5	3633-3636	and	_	
24-6	3637-3642	pitch	_	
24-7	3643-3646	was	_	
24-8	3647-3649	so	_	
24-9	3650-3656	strong	_	
24-10	3656-3657	,	_	
24-11	3658-3662	that	_	
24-12	3663-3664	I	_	
24-13	3665-3668	had	_	
24-14	3669-3673	like	_	
24-15	3674-3676	to	_	
24-16	3677-3681	have	_	
24-17	3682-3689	fainted	_	
24-18	3689-3690	.	_	

#Text=I was obliged to keep my smelling bottle to mynose the whole night, and though it was the best eau de luce Warren sells, Mrs.
25-1	3691-3692	I	_	
25-2	3693-3696	was	_	
25-3	3697-3704	obliged	_	
25-4	3705-3707	to	_	
25-5	3708-3712	keep	_	
25-6	3713-3715	my	_	
25-7	3716-3724	smelling	_	
25-8	3725-3731	bottle	_	
25-9	3732-3734	to	_	
25-10	3735-3741	mynose	_	
25-11	3742-3745	the	_	
25-12	3746-3751	whole	_	
25-13	3752-3757	night	_	
25-14	3757-3758	,	_	
25-15	3759-3762	and	_	
25-16	3763-3769	though	_	
25-17	3770-3772	it	_	
25-18	3773-3776	was	_	
25-19	3777-3780	the	_	
25-20	3781-3785	best	_	
25-21	3786-3789	eau	_	
25-22	3790-3792	de	_	
25-23	3793-3797	luce	_	
25-24	3798-3804	Warren	_	
25-25	3805-3810	sells	_	
25-26	3810-3811	,	_	
25-27	3812-3815	Mrs	_	
25-28	3815-3816	.	_	

#Text=L- was still far predominant.
26-1	3817-3818	L	_	
26-2	3818-3819	-	_	
26-3	3820-3823	was	_	
26-4	3824-3829	still	_	
26-5	3830-3833	far	_	
26-6	3834-3845	predominant	_	
26-7	3845-3846	.	_	

#Text=My dear lady, cried Miss V-n, your mortification was trivial to mine the other night in the front-box at Drury-lane.
27-1	3847-3849	My	_	
27-2	3850-3854	dear	_	
27-3	3855-3859	lady	_	
27-4	3859-3860	,	_	
27-5	3861-3866	cried	_	
27-6	3867-3871	Miss	_	
27-7	3872-3875	V-n	_	
27-8	3875-3876	,	_	
27-9	3877-3881	your	_	
27-10	3882-3895	mortification	_	
27-11	3896-3899	was	_	
27-12	3900-3907	trivial	_	
27-13	3908-3910	to	_	
27-14	3911-3915	mine	_	
27-15	3916-3919	the	_	
27-16	3920-3925	other	_	
27-17	3926-3931	night	_	
27-18	3932-3934	in	_	
27-19	3935-3938	the	_	
27-20	3939-3948	front-box	_	
27-21	3949-3951	at	_	
27-22	3952-3962	Drury-lane	_	
27-23	3962-3963	.	_	

#Text=Down squatted alderman G- upon the same seat: I soon found from his conversation with his wife, that he had been at a city feast; but he needed not to have confirmed it with his tongue, his cloaths sufficiently revealed it; he smelt so insufferably of tobacco that I was obliged to withdraw before the end of the first act, or the consequences would have been fatal to me.
28-1	3964-3968	Down	_	
28-2	3969-3977	squatted	_	
28-3	3978-3986	alderman	_	
28-4	3987-3988	G	_	
28-5	3988-3989	-	_	
28-6	3990-3994	upon	_	
28-7	3995-3998	the	_	
28-8	3999-4003	same	_	
28-9	4004-4008	seat	_	
28-10	4008-4009	:	_	
28-11	4010-4011	I	_	
28-12	4012-4016	soon	_	
28-13	4017-4022	found	_	
28-14	4023-4027	from	_	
28-15	4028-4031	his	_	
28-16	4032-4044	conversation	_	
28-17	4045-4049	with	_	
28-18	4050-4053	his	_	
28-19	4054-4058	wife	_	
28-20	4058-4059	,	_	
28-21	4060-4064	that	_	
28-22	4065-4067	he	_	
28-23	4068-4071	had	_	
28-24	4072-4076	been	_	
28-25	4077-4079	at	_	
28-26	4080-4081	a	_	
28-27	4082-4086	city	_	
28-28	4087-4092	feast	_	
28-29	4092-4093	;	_	
28-30	4094-4097	but	_	
28-31	4098-4100	he	_	
28-32	4101-4107	needed	_	
28-33	4108-4111	not	_	
28-34	4112-4114	to	_	
28-35	4115-4119	have	_	
28-36	4120-4129	confirmed	_	
28-37	4130-4132	it	_	
28-38	4133-4137	with	_	
28-39	4138-4141	his	_	
28-40	4142-4148	tongue	_	
28-41	4148-4149	,	_	
28-42	4150-4153	his	_	
28-43	4154-4161	cloaths	_	
28-44	4162-4174	sufficiently	_	
28-45	4175-4183	revealed	_	
28-46	4184-4186	it	_	
28-47	4186-4187	;	_	
28-48	4188-4190	he	_	
28-49	4191-4196	smelt	_	
28-50	4197-4199	so	_	
28-51	4200-4212	insufferably	_	
28-52	4213-4215	of	_	
28-53	4216-4223	tobacco	_	
28-54	4224-4228	that	_	
28-55	4229-4230	I	_	
28-56	4231-4234	was	_	
28-57	4235-4242	obliged	_	
28-58	4243-4245	to	_	
28-59	4246-4254	withdraw	_	
28-60	4255-4261	before	_	
28-61	4262-4265	the	_	
28-62	4266-4269	end	_	
28-63	4270-4272	of	_	
28-64	4273-4276	the	_	
28-65	4277-4282	first	_	
28-66	4283-4286	act	_	
28-67	4286-4287	,	_	
28-68	4288-4290	or	_	
28-69	4291-4294	the	_	
28-70	4295-4307	consequences	_	
28-71	4308-4313	would	_	
28-72	4314-4318	have	_	
28-73	4319-4323	been	_	
28-74	4324-4329	fatal	_	
28-75	4330-4332	to	_	
28-76	4333-4335	me	_	
28-77	4335-4336	.	_	
