#FORMAT=WebAnno TSV 3.3


#Text=66 Servus autem cuncta, quæ gesserat, narravit Isaac.
#Text=67 Qui introduxit eam in tabernaculum Saræ matris suæ, et accepit eam uxorem : et in tantum dilexit eam, ut dolorem, qui ex morte matris ejus acciderat, temperaret.
1-1	2-4	66	
1-2	5-11	Servus	
1-3	12-17	autem	
1-4	18-24	cuncta	
1-5	24-25	,	
1-6	26-29	quæ	
1-7	30-38	gesserat	
1-8	38-39	,	
1-9	40-48	narravit	
1-10	49-54	Isaac	
1-11	54-55	.	
1-12	56-58	67	
1-13	59-62	Qui	
1-14	63-73	introduxit	
1-15	74-77	eam	
1-16	78-80	in	
1-17	81-93	tabernaculum	
1-18	94-98	Saræ	
1-19	99-105	matris	
1-20	106-109	suæ	
1-21	109-110	,	
1-22	111-113	et	
1-23	114-121	accepit	
1-24	122-125	eam	
1-25	126-132	uxorem	
1-26	133-134	:	
1-27	135-137	et	
1-28	138-140	in	
1-29	141-147	tantum	
1-30	148-155	dilexit	
1-31	156-159	eam	
1-32	159-160	,	
1-33	161-163	ut	
1-34	164-171	dolorem	
1-35	171-172	,	
1-36	173-176	qui	
1-37	177-179	ex	
1-38	180-185	morte	
1-39	186-192	matris	
1-40	193-197	ejus	
1-41	198-207	acciderat	
1-42	207-208	,	
1-43	209-219	temperaret	
1-44	219-220	.	

#Text=Caput 25
#Text=
#Text=
#Text=1 Abraham vero aliam duxit uxorem nomine Ceturam : 2 quæ peperit ei Zamran et Jecsan, et Madan, et Madian, et Jesboc, et Sue.
#Text=3 Jecsan quoque genuit Saba et Dadan.
2-1	221-226	Caput	
2-2	227-229	25	
2-3	232-233	1	
2-4	234-241	Abraham	
2-5	242-246	vero	
2-6	247-252	aliam	
2-7	253-258	duxit	
2-8	259-265	uxorem	
2-9	266-272	nomine	
2-10	273-280	Ceturam	
2-11	281-282	:	
2-12	283-284	2	
2-13	285-288	quæ	
2-14	289-296	peperit	
2-15	297-299	ei	
2-16	300-306	Zamran	
2-17	307-309	et	
2-18	310-316	Jecsan	
2-19	316-317	,	
2-20	318-320	et	
2-21	321-326	Madan	
2-22	326-327	,	
2-23	328-330	et	
2-24	331-337	Madian	
2-25	337-338	,	
2-26	339-341	et	
2-27	342-348	Jesboc	
2-28	348-349	,	
2-29	350-352	et	
2-30	353-356	Sue	
2-31	356-357	.	
2-32	358-359	3	
2-33	360-366	Jecsan	
2-34	367-373	quoque	
2-35	374-380	genuit	
2-36	381-385	Saba	
2-37	386-388	et	
2-38	389-394	Dadan	
2-39	394-395	.	

#Text=Filii Dadan fuerunt Assurim, et Latusim, et Loomin.
#Text=4 At vero ex Madian ortus est Epha, et Opher, et Henoch, et Abida, et Eldaa : omnes hi filii Ceturæ.
#Text=5 Deditque Abraham cuncta quæ possederat, Isaac : 6 filiis autem concubinarum largitus est munera, et separavit eos ab Isaac filio suo, dum adhuc ipse viveret, ad plagam orientalem.
#Text=7 Fuerunt autem dies vitæ Abrahæ, centum septuaginta quinque anni.
#Text=8 Et deficiens mortuus est in senectute bona, provectæque ætatis et plenus dierum : congregatusque est ad populum suum.
#Text=9 Et sepelierunt eum Isaac et Ismaël filii sui in spelunca duplici, quæ sita est in agro Ephron filii Seor Hethæi, e regione Mambre, 10 quem emerat a filiis Heth : ibi sepultus est ipse, et Sara uxor ejus.
#Text=11 Et post obitum illius benedixit Deus Isaac filio ejus, qui habitabat juxta puteum nomine Viventis et videntis.
#Text=12 Hæ sunt generationes Ismaël filii Abrahæ, quem peperit ei Agar Ægyptia, famula Saræ : 13 et hæc nomina filiorum ejus in vocabulis et generationibus suis.
3-1	396-401	Filii	
3-2	402-407	Dadan	
3-3	408-415	fuerunt	
3-4	416-423	Assurim	
3-5	423-424	,	
3-6	425-427	et	
3-7	428-435	Latusim	
3-8	435-436	,	
3-9	437-439	et	
3-10	440-446	Loomin	
3-11	446-447	.	
3-12	448-449	4	
3-13	450-452	At	
3-14	453-457	vero	
3-15	458-460	ex	
3-16	461-467	Madian	
3-17	468-473	ortus	
3-18	474-477	est	
3-19	478-482	Epha	
3-20	482-483	,	
3-21	484-486	et	
3-22	487-492	Opher	
3-23	492-493	,	
3-24	494-496	et	
3-25	497-503	Henoch	
3-26	503-504	,	
3-27	505-507	et	
3-28	508-513	Abida	
3-29	513-514	,	
3-30	515-517	et	
3-31	518-523	Eldaa	
3-32	524-525	:	
3-33	526-531	omnes	
3-34	532-534	hi	
3-35	535-540	filii	
3-36	541-547	Ceturæ	
3-37	547-548	.	
3-38	549-550	5	
3-39	551-559	Deditque	
3-40	560-567	Abraham	
3-41	568-574	cuncta	
3-42	575-578	quæ	
3-43	579-589	possederat	
3-44	589-590	,	
3-45	591-596	Isaac	
3-46	597-598	:	
3-47	599-600	6	
3-48	601-607	filiis	
3-49	608-613	autem	
3-50	614-626	concubinarum	
3-51	627-635	largitus	
3-52	636-639	est	
3-53	640-646	munera	
3-54	646-647	,	
3-55	648-650	et	
3-56	651-660	separavit	
3-57	661-664	eos	
3-58	665-667	ab	
3-59	668-673	Isaac	
3-60	674-679	filio	
3-61	680-683	suo	
3-62	683-684	,	
3-63	685-688	dum	
3-64	689-694	adhuc	
3-65	695-699	ipse	
3-66	700-707	viveret	
3-67	707-708	,	
3-68	709-711	ad	
3-69	712-718	plagam	
3-70	719-729	orientalem	
3-71	729-730	.	
3-72	731-732	7	
3-73	733-740	Fuerunt	
3-74	741-746	autem	
3-75	747-751	dies	
3-76	752-756	vitæ	
3-77	757-763	Abrahæ	
3-78	763-764	,	
3-79	765-771	centum	
3-80	772-783	septuaginta	
3-81	784-791	quinque	
3-82	792-796	anni	
3-83	796-797	.	
3-84	798-799	8	
3-85	800-802	Et	
3-86	803-812	deficiens	
3-87	813-820	mortuus	
3-88	821-824	est	
3-89	825-827	in	
3-90	828-837	senectute	
3-91	838-842	bona	
3-92	842-843	,	
3-93	844-855	provectæque	
3-94	856-862	ætatis	
3-95	863-865	et	
3-96	866-872	plenus	
3-97	873-879	dierum	
3-98	880-881	:	
3-99	882-896	congregatusque	
3-100	897-900	est	
3-101	901-903	ad	
3-102	904-911	populum	
3-103	912-916	suum	
3-104	916-917	.	
3-105	918-919	9	
3-106	920-922	Et	
3-107	923-934	sepelierunt	
3-108	935-938	eum	
3-109	939-944	Isaac	
3-110	945-947	et	
3-111	948-954	Ismaël	
3-112	955-960	filii	
3-113	961-964	sui	
3-114	965-967	in	
3-115	968-976	spelunca	
3-116	977-984	duplici	
3-117	984-985	,	
3-118	986-989	quæ	
3-119	990-994	sita	
3-120	995-998	est	
3-121	999-1001	in	
3-122	1002-1006	agro	
3-123	1007-1013	Ephron	
3-124	1014-1019	filii	
3-125	1020-1024	Seor	
3-126	1025-1031	Hethæi	
3-127	1031-1032	,	
3-128	1033-1034	e	
3-129	1035-1042	regione	
3-130	1043-1049	Mambre	
3-131	1049-1050	,	
3-132	1051-1053	10	
3-133	1054-1058	quem	
3-134	1059-1065	emerat	
3-135	1066-1067	a	
3-136	1068-1074	filiis	
3-137	1075-1079	Heth	
3-138	1080-1081	:	
3-139	1082-1085	ibi	
3-140	1086-1094	sepultus	
3-141	1095-1098	est	
3-142	1099-1103	ipse	
3-143	1103-1104	,	
3-144	1105-1107	et	
3-145	1108-1112	Sara	
3-146	1113-1117	uxor	
3-147	1118-1122	ejus	
3-148	1122-1123	.	
3-149	1124-1126	11	
3-150	1127-1129	Et	
3-151	1130-1134	post	
3-152	1135-1141	obitum	
3-153	1142-1148	illius	
3-154	1149-1158	benedixit	
3-155	1159-1163	Deus	
3-156	1164-1169	Isaac	
3-157	1170-1175	filio	
3-158	1176-1180	ejus	
3-159	1180-1181	,	
3-160	1182-1185	qui	
3-161	1186-1195	habitabat	
3-162	1196-1201	juxta	
3-163	1202-1208	puteum	
3-164	1209-1215	nomine	
3-165	1216-1224	Viventis	
3-166	1225-1227	et	
3-167	1228-1236	videntis	
3-168	1236-1237	.	
3-169	1238-1240	12	
3-170	1241-1243	Hæ	
3-171	1244-1248	sunt	
3-172	1249-1261	generationes	
3-173	1262-1268	Ismaël	
3-174	1269-1274	filii	
3-175	1275-1281	Abrahæ	
3-176	1281-1282	,	
3-177	1283-1287	quem	
3-178	1288-1295	peperit	
3-179	1296-1298	ei	
3-180	1299-1303	Agar	
3-181	1304-1311	Ægyptia	
3-182	1311-1312	,	
3-183	1313-1319	famula	
3-184	1320-1324	Saræ	
3-185	1325-1326	:	
3-186	1327-1329	13	
3-187	1330-1332	et	
3-188	1333-1336	hæc	
3-189	1337-1343	nomina	
3-190	1344-1352	filiorum	
3-191	1353-1357	ejus	
3-192	1358-1360	in	
3-193	1361-1370	vocabulis	
3-194	1371-1373	et	
3-195	1374-1388	generationibus	
3-196	1389-1393	suis	
3-197	1393-1394	.	

#Text=Primogenitus Ismaëlis Nabaioth, deinde Cedar, et Adbeel, et Mabsam, 14 Masma quoque, et Duma, et Massa, 15 Hadar, et Thema, et Jethur, et Naphis, et Cedma.
#Text=16 Isti sunt filii Ismaëlis : et hæc nomina per castella et oppida eorum, duodecim principes tribuum suarum.
#Text=17 Et facti sunt anni vitæ Ismaëlis centum triginta septem, deficiensque mortuus est, et appositus ad populum suum.
#Text=18 Habitavit autem ab Hevila usque Sur, quæ respicit Ægyptum introëuntibus Assyrios ; coram cunctis fratribus suis obiit.
#Text=19 Hæ quoque sunt generationes Isaac filii Abraham : Abraham genuit Isaac : 20 qui cum quadraginta esset annorum, duxit uxorem Rebeccam filiam Bathuelis Syri de Mesopotamia, sororem Laban.
#Text=21 Deprecatusque est Isaac Dominum pro uxore sua, eo quod esset sterilis : qui exaudivit eum, et dedit conceptum Rebeccæ.
#Text=22 Sed collidebantur in utero ejus parvuli ; quæ ait : Si sic mihi futurum erat, quid necesse fuit concipere ?
4-1	1395-1407	Primogenitus	
4-2	1408-1416	Ismaëlis	
4-3	1417-1425	Nabaioth	
4-4	1425-1426	,	
4-5	1427-1433	deinde	
4-6	1434-1439	Cedar	
4-7	1439-1440	,	
4-8	1441-1443	et	
4-9	1444-1450	Adbeel	
4-10	1450-1451	,	
4-11	1452-1454	et	
4-12	1455-1461	Mabsam	
4-13	1461-1462	,	
4-14	1463-1465	14	
4-15	1466-1471	Masma	
4-16	1472-1478	quoque	
4-17	1478-1479	,	
4-18	1480-1482	et	
4-19	1483-1487	Duma	
4-20	1487-1488	,	
4-21	1489-1491	et	
4-22	1492-1497	Massa	
4-23	1497-1498	,	
4-24	1499-1501	15	
4-25	1502-1507	Hadar	
4-26	1507-1508	,	
4-27	1509-1511	et	
4-28	1512-1517	Thema	
4-29	1517-1518	,	
4-30	1519-1521	et	
4-31	1522-1528	Jethur	
4-32	1528-1529	,	
4-33	1530-1532	et	
4-34	1533-1539	Naphis	
4-35	1539-1540	,	
4-36	1541-1543	et	
4-37	1544-1549	Cedma	
4-38	1549-1550	.	
4-39	1551-1553	16	
4-40	1554-1558	Isti	
4-41	1559-1563	sunt	
4-42	1564-1569	filii	
4-43	1570-1578	Ismaëlis	
4-44	1579-1580	:	
4-45	1581-1583	et	
4-46	1584-1587	hæc	
4-47	1588-1594	nomina	
4-48	1595-1598	per	
4-49	1599-1607	castella	
4-50	1608-1610	et	
4-51	1611-1617	oppida	
4-52	1618-1623	eorum	
4-53	1623-1624	,	
4-54	1625-1633	duodecim	
4-55	1634-1643	principes	
4-56	1644-1651	tribuum	
4-57	1652-1658	suarum	
4-58	1658-1659	.	
4-59	1660-1662	17	
4-60	1663-1665	Et	
4-61	1666-1671	facti	
4-62	1672-1676	sunt	
4-63	1677-1681	anni	
4-64	1682-1686	vitæ	
4-65	1687-1695	Ismaëlis	
4-66	1696-1702	centum	
4-67	1703-1711	triginta	
4-68	1712-1718	septem	
4-69	1718-1719	,	
4-70	1720-1732	deficiensque	
4-71	1733-1740	mortuus	
4-72	1741-1744	est	
4-73	1744-1745	,	
4-74	1746-1748	et	
4-75	1749-1758	appositus	
4-76	1759-1761	ad	
4-77	1762-1769	populum	
4-78	1770-1774	suum	
4-79	1774-1775	.	
4-80	1776-1778	18	
4-81	1779-1788	Habitavit	
4-82	1789-1794	autem	
4-83	1795-1797	ab	
4-84	1798-1804	Hevila	
4-85	1805-1810	usque	
4-86	1811-1814	Sur	
4-87	1814-1815	,	
4-88	1816-1819	quæ	
4-89	1820-1828	respicit	
4-90	1829-1836	Ægyptum	
4-91	1837-1850	introëuntibus	
4-92	1851-1859	Assyrios	
4-93	1860-1861	;	
4-94	1862-1867	coram	
4-95	1868-1875	cunctis	
4-96	1876-1885	fratribus	
4-97	1886-1890	suis	
4-98	1891-1896	obiit	
4-99	1896-1897	.	
4-100	1898-1900	19	
4-101	1901-1903	Hæ	
4-102	1904-1910	quoque	
4-103	1911-1915	sunt	
4-104	1916-1928	generationes	
4-105	1929-1934	Isaac	
4-106	1935-1940	filii	
4-107	1941-1948	Abraham	
4-108	1949-1950	:	
4-109	1951-1958	Abraham	
4-110	1959-1965	genuit	
4-111	1966-1971	Isaac	
4-112	1972-1973	:	
4-113	1974-1976	20	
4-114	1977-1980	qui	
4-115	1981-1984	cum	
4-116	1985-1996	quadraginta	
4-117	1997-2002	esset	
4-118	2003-2010	annorum	
4-119	2010-2011	,	
4-120	2012-2017	duxit	
4-121	2018-2024	uxorem	
4-122	2025-2033	Rebeccam	
4-123	2034-2040	filiam	
4-124	2041-2050	Bathuelis	
4-125	2051-2055	Syri	
4-126	2056-2058	de	
4-127	2059-2070	Mesopotamia	
4-128	2070-2071	,	
4-129	2072-2079	sororem	
4-130	2080-2085	Laban	
4-131	2085-2086	.	
4-132	2087-2089	21	
4-133	2090-2103	Deprecatusque	
4-134	2104-2107	est	
4-135	2108-2113	Isaac	
4-136	2114-2121	Dominum	
4-137	2122-2125	pro	
4-138	2126-2131	uxore	
4-139	2132-2135	sua	
4-140	2135-2136	,	
4-141	2137-2139	eo	
4-142	2140-2144	quod	
4-143	2145-2150	esset	
4-144	2151-2159	sterilis	
4-145	2160-2161	:	
4-146	2162-2165	qui	
4-147	2166-2175	exaudivit	
4-148	2176-2179	eum	
4-149	2179-2180	,	
4-150	2181-2183	et	
4-151	2184-2189	dedit	
4-152	2190-2199	conceptum	
4-153	2200-2207	Rebeccæ	
4-154	2207-2208	.	
4-155	2209-2211	22	
4-156	2212-2215	Sed	
4-157	2216-2229	collidebantur	
4-158	2230-2232	in	
4-159	2233-2238	utero	
4-160	2239-2243	ejus	
4-161	2244-2251	parvuli	
4-162	2252-2253	;	
4-163	2254-2257	quæ	
4-164	2258-2261	ait	
4-165	2262-2263	:	
4-166	2264-2266	Si	
4-167	2267-2270	sic	
4-168	2271-2275	mihi	
4-169	2276-2283	futurum	
4-170	2284-2288	erat	
4-171	2288-2289	,	
4-172	2290-2294	quid	
4-173	2295-2302	necesse	
4-174	2303-2307	fuit	
4-175	2308-2317	concipere	
4-176	2318-2319	?	

#Text=perrexitque ut consuleret Dominum.
5-1	2320-2331	perrexitque	
5-2	2332-2334	ut	
5-3	2335-2345	consuleret	
5-4	2346-2353	Dominum	
5-5	2353-2354	.	
