#FORMAT=WebAnno TSV 3.3
#T_SP=custom.Span|label


#Text=Siet boven cap. 5. op vers 25.
#Text=spruyten en sullen
#Text=D. vergaen van honger.
1-1	2-6	Siet	_	
1-2	7-12	boven	_	
1-3	13-16	cap	_	
1-4	16-17	.	_	
1-5	18-19	5	_	
1-6	19-20	.	_	
1-7	21-23	op	_	
1-8	24-28	vers	_	
1-9	29-31	25	_	
1-10	31-32	.	_	
1-11	33-41	spruyten	_	
1-12	42-44	en	_	
1-13	45-51	sullen	_	
1-14	52-53	D	_	
1-15	53-54	.	_	
1-16	55-62	vergaen	_	
1-17	63-66	van	_	
1-18	67-73	honger	_	
1-19	73-74	.	_	

#Text=Van het tegendeel, het welcke aldermeest geschiet, siet Psalm 17.14.
#Text=van broot niet verzadiget worden.
#Text=
#Text=15
#Text=
#Text=Sijne
#Text=Die
#Text=van het sweert ende den honger overigh zijn.
#Text=overgeblevene sullen D. sy sullen
#Text=soo in’t graf geraken, dat hare gedachtenisse mede sal begraven worden, als onweerdigh, ende stinckende by de menschen.
2-1	75-78	Van	_	
2-2	79-82	het	_	
2-3	83-92	tegendeel	_	
2-4	92-93	,	_	
2-5	94-97	het	_	
2-6	98-104	welcke	_	
2-7	105-115	aldermeest	_	
2-8	116-124	geschiet	_	
2-9	124-125	,	_	
2-10	126-130	siet	_	
2-11	131-136	Psalm	_	
2-12	137-142	17.14	_	
2-13	142-143	.	_	
2-14	144-147	van	_	
2-15	148-153	broot	_	
2-16	154-158	niet	_	
2-17	159-169	verzadiget	_	
2-18	170-176	worden	_	
2-19	176-177	.	_	
2-20	179-181	15	_	
2-21	183-188	Sijne	_	
2-22	189-192	Die	_	
2-23	193-196	van	_	
2-24	197-200	het	_	
2-25	201-207	sweert	_	
2-26	208-212	ende	_	
2-27	213-216	den	_	
2-28	217-223	honger	_	
2-29	224-231	overigh	_	
2-30	232-236	zijn	_	
2-31	236-237	.	_	
2-32	238-251	overgeblevene	_	
2-33	252-258	sullen	_	
2-34	259-260	D	_	
2-35	260-261	.	_	
2-36	262-264	sy	_	
2-37	265-271	sullen	_	
2-38	272-275	soo	_	
2-39	276-278	in	_	
2-40	278-279	’	_	
2-41	279-280	t	_	
2-42	281-285	graf	_	
2-43	286-293	geraken	_	
2-44	293-294	,	_	
2-45	295-298	dat	_	
2-46	299-303	hare	_	
2-47	304-317	gedachtenisse	_	
2-48	318-322	mede	_	
2-49	323-326	sal	_	
2-50	327-335	begraven	_	
2-51	336-342	worden	_	
2-52	342-343	,	_	
2-53	344-347	als	_	
2-54	348-358	onweerdigh	_	
2-55	358-359	,	_	
2-56	360-364	ende	_	
2-57	365-375	stinckende	Smell\_Word	
2-58	376-378	by	_	
2-59	379-381	de	_	
2-60	382-390	menschen	_	
2-61	390-391	.	_	

#Text=Vergel.
3-1	392-398	Vergel	_	
3-2	398-399	.	_	

#Text=Psalm 49.
#Text=vers 13.
#Text=in de doot begraven worden:
#Text=ende Psal.
#Text=78.64.
#Text=sijne weduwen en sullen T.w. in der selver begraeffenisse, ende dat om de gedachtenisse van hare groote boosheyt; of, om datse niet statelick begraven en souden worden. niet weenen.
#Text=
#Text=16
#Text=
#Text=Soo
4-1	400-405	Psalm	_	
4-2	406-408	49	_	
4-3	408-409	.	_	
4-4	410-414	vers	_	
4-5	415-417	13	_	
4-6	417-418	.	_	
4-7	419-421	in	_	
4-8	422-424	de	_	
4-9	425-429	doot	_	
4-10	430-438	begraven	_	
4-11	439-445	worden	_	
4-12	445-446	:	_	
4-13	447-451	ende	_	
4-14	452-456	Psal	_	
4-15	456-457	.	_	
4-16	458-463	78.64	_	
4-17	463-464	.	_	
4-18	465-470	sijne	_	
4-19	471-478	weduwen	_	
4-20	479-481	en	_	
4-21	482-488	sullen	_	
4-22	489-492	T.w	_	
4-23	492-493	.	_	
4-24	494-496	in	_	
4-25	497-500	der	_	
4-26	501-507	selver	_	
4-27	508-522	begraeffenisse	_	
4-28	522-523	,	_	
4-29	524-528	ende	_	
4-30	529-532	dat	_	
4-31	533-535	om	_	
4-32	536-538	de	_	
4-33	539-552	gedachtenisse	_	
4-34	553-556	van	_	
4-35	557-561	hare	_	
4-36	562-568	groote	_	
4-37	569-577	boosheyt	_	
4-38	577-578	;	_	
4-39	579-581	of	_	
4-40	581-582	,	_	
4-41	583-585	om	_	
4-42	586-591	datse	_	
4-43	592-596	niet	_	
4-44	597-606	statelick	_	
4-45	607-615	begraven	_	
4-46	616-618	en	_	
4-47	619-625	souden	_	
4-48	626-632	worden	_	
4-49	632-633	.	_	
4-50	634-638	niet	_	
4-51	639-645	weenen	_	
4-52	645-646	.	_	
4-53	648-650	16	_	
4-54	652-655	Soo	_	
