#FORMAT=WebAnno TSV 3.3


#Text=het gemak, alwaar een kelder is, en mede een vuur-schouwe staat.
1-1	2-5	het	
1-2	6-11	gemak	
1-3	11-12	,	
1-4	13-19	alwaar	
1-5	20-23	een	
1-6	24-30	kelder	
1-7	31-33	is	
1-8	33-34	,	
1-9	35-37	en	
1-10	38-42	mede	
1-11	43-46	een	
1-12	47-59	vuur-schouwe	
1-13	60-65	staat	
1-14	65-66	.	

#Text=Het Galjoot waar mede men voortydts Staats brieven, en reizigers, naar Engelandt
#Text=over voerde, was niet van de grootste slagh:
#Text=het voerde zeven man;
#Text=was stevig, en
#Text=sterk gebouwt:
#Text=zyn ruim, behalven
#Text=de kajuit achter, was in drie vakken verdeilt:
#Text=het
#Text=
#Text=Nicolaas Witsen, Aaloude en hedendaagsche scheeps-bouw en bestier
#Text=
#Text=\fvoor-onder, waar in de maats zich ont-hielden, en daar de kombuis stondt,
#Text=uit-genoomen het eerste kamerken naar achteren, hadt vier dubbelde kooijen, die
#Text=te midden met ondiepe afschutzels gescheiden waren, zoo dat in ieder bequamelyk
#Text=twee menschen konden leggen;
#Text=daar was een schouw, tafel, en veel kassen om
#Text=plunje in te bergen: de tweede kamer was midden in 't Schip, daar mede kooijen in
#Text=waren;
#Text=doch de voorste kamer hadde geen kooijen.
2-1	69-72	Het	
2-2	73-80	Galjoot	
2-3	81-85	waar	
2-4	86-90	mede	
2-5	91-94	men	
2-6	95-104	voortydts	
2-7	105-111	Staats	
2-8	112-119	brieven	
2-9	119-120	,	
2-10	121-123	en	
2-11	124-133	reizigers	
2-12	133-134	,	
2-13	135-139	naar	
2-14	140-149	Engelandt	
2-15	150-154	over	
2-16	155-161	voerde	
2-17	161-162	,	
2-18	163-166	was	
2-19	167-171	niet	
2-20	172-175	van	
2-21	176-178	de	
2-22	179-187	grootste	
2-23	188-193	slagh	
2-24	193-194	:	
2-25	195-198	het	
2-26	199-205	voerde	
2-27	206-211	zeven	
2-28	212-215	man	
2-29	215-216	;	
2-30	217-220	was	
2-31	221-227	stevig	
2-32	227-228	,	
2-33	229-231	en	
2-34	232-237	sterk	
2-35	238-245	gebouwt	
2-36	245-246	:	
2-37	247-250	zyn	
2-38	251-255	ruim	
2-39	255-256	,	
2-40	257-265	behalven	
2-41	266-268	de	
2-42	269-275	kajuit	
2-43	276-282	achter	
2-44	282-283	,	
2-45	284-287	was	
2-46	288-290	in	
2-47	291-295	drie	
2-48	296-302	vakken	
2-49	303-311	verdeilt	
2-50	311-312	:	
2-51	313-316	het	
2-52	318-326	Nicolaas	
2-53	327-333	Witsen	
2-54	333-334	,	
2-55	335-342	Aaloude	
2-56	343-345	en	
2-57	346-359	hedendaagsche	
2-58	360-372	scheeps-bouw	
2-59	373-375	en	
2-60	376-383	bestier	
2-61	386-396	voor-onder	
2-62	396-397	,	
2-63	398-402	waar	
2-64	403-405	in	
2-65	406-408	de	
2-66	409-414	maats	
2-67	415-419	zich	
2-68	420-431	ont-hielden	
2-69	431-432	,	
2-70	433-435	en	
2-71	436-440	daar	
2-72	441-443	de	
2-73	444-451	kombuis	
2-74	452-458	stondt	
2-75	458-459	,	
2-76	460-472	uit-genoomen	
2-77	473-476	het	
2-78	477-483	eerste	
2-79	484-492	kamerken	
2-80	493-497	naar	
2-81	498-506	achteren	
2-82	506-507	,	
2-83	508-512	hadt	
2-84	513-517	vier	
2-85	518-526	dubbelde	
2-86	527-534	kooijen	
2-87	534-535	,	
2-88	536-539	die	
2-89	540-542	te	
2-90	543-549	midden	
2-91	550-553	met	
2-92	554-561	ondiepe	
2-93	562-573	afschutzels	
2-94	574-584	gescheiden	
2-95	585-590	waren	
2-96	590-591	,	
2-97	592-595	zoo	
2-98	596-599	dat	
2-99	600-602	in	
2-100	603-608	ieder	
2-101	609-619	bequamelyk	
2-102	620-624	twee	
2-103	625-633	menschen	
2-104	634-640	konden	
2-105	641-647	leggen	
2-106	647-648	;	
2-107	649-653	daar	
2-108	654-657	was	
2-109	658-661	een	
2-110	662-668	schouw	
2-111	668-669	,	
2-112	670-675	tafel	
2-113	675-676	,	
2-114	677-679	en	
2-115	680-684	veel	
2-116	685-691	kassen	
2-117	692-694	om	
2-118	695-701	plunje	
2-119	702-704	in	
2-120	705-707	te	
2-121	708-714	bergen	
2-122	714-715	:	
2-123	716-718	de	
2-124	719-725	tweede	
2-125	726-731	kamer	
2-126	732-735	was	
2-127	736-742	midden	
2-128	743-745	in	
2-129	746-747	'	
2-130	747-748	t	
2-131	749-754	Schip	
2-132	754-755	,	
2-133	756-760	daar	
2-134	761-765	mede	
2-135	766-773	kooijen	
2-136	774-776	in	
2-137	777-782	waren	
2-138	782-783	;	
2-139	784-788	doch	
2-140	789-791	de	
2-141	792-799	voorste	
2-142	800-805	kamer	
2-143	806-811	hadde	
2-144	812-816	geen	
2-145	817-824	kooijen	
2-146	824-825	.	

#Text=De openingen waren zoodanigh
#Text=gemaakt, dat men daar door althans lucht konde scheppen, zonder dat het over
#Text=spattende water daar in stoof.
3-1	826-828	De	
3-2	829-838	openingen	
3-3	839-844	waren	
3-4	845-854	zoodanigh	
3-5	855-862	gemaakt	
3-6	862-863	,	
3-7	864-867	dat	
3-8	868-871	men	
3-9	872-876	daar	
3-10	877-881	door	
3-11	882-889	althans	
3-12	890-895	lucht	
3-13	896-901	konde	
3-14	902-910	scheppen	
3-15	910-911	,	
3-16	912-918	zonder	
3-17	919-922	dat	
3-18	923-926	het	
3-19	927-931	over	
3-20	932-941	spattende	
3-21	942-947	water	
3-22	948-952	daar	
3-23	953-955	in	
3-24	956-961	stoof	
3-25	961-962	.	

#Text=Galjoots die tot Advys-jaghten werden gebouwt, en niet om last te dragen, als de
#Text=voorige, verschillen eenighzins met de zelve in haar vorm:
#Text=zy zyn smoeg
#Text=, en boven
#Text=vry rank;
#Text=het vlak ryst meer, en zy hebben minder lichaam: de masten zyn zwaarder,
#Text=en daar hangt meerder zeil aan.
4-1	964-972	Galjoots	
4-2	973-976	die	
4-3	977-980	tot	
4-4	981-994	Advys-jaghten	
4-5	995-1001	werden	
4-6	1002-1009	gebouwt	
4-7	1009-1010	,	
4-8	1011-1013	en	
4-9	1014-1018	niet	
4-10	1019-1021	om	
4-11	1022-1026	last	
4-12	1027-1029	te	
4-13	1030-1036	dragen	
4-14	1036-1037	,	
4-15	1038-1041	als	
4-16	1042-1044	de	
4-17	1045-1052	voorige	
4-18	1052-1053	,	
4-19	1054-1065	verschillen	
4-20	1066-1076	eenighzins	
4-21	1077-1080	met	
4-22	1081-1083	de	
4-23	1084-1089	zelve	
4-24	1090-1092	in	
4-25	1093-1097	haar	
4-26	1098-1102	vorm	
4-27	1102-1103	:	
4-28	1104-1106	zy	
4-29	1107-1110	zyn	
4-30	1111-1116	smoeg	
4-31	1117-1118	,	
4-32	1119-1121	en	
4-33	1122-1127	boven	
4-34	1128-1131	vry	
4-35	1132-1136	rank	
4-36	1136-1137	;	
4-37	1138-1141	het	
4-38	1142-1146	vlak	
4-39	1147-1151	ryst	
4-40	1152-1156	meer	
4-41	1156-1157	,	
4-42	1158-1160	en	
4-43	1161-1163	zy	
4-44	1164-1170	hebben	
4-45	1171-1177	minder	
4-46	1178-1185	lichaam	
4-47	1185-1186	:	
4-48	1187-1189	de	
4-49	1190-1196	masten	
4-50	1197-1200	zyn	
4-51	1201-1209	zwaarder	
4-52	1209-1210	,	
4-53	1211-1213	en	
4-54	1214-1218	daar	
4-55	1219-1224	hangt	
4-56	1225-1232	meerder	
4-57	1233-1237	zeil	
4-58	1238-1241	aan	
4-59	1241-1242	.	

#Text=De Galjoots die tot de visschery werden gebouwt, zyn insgelyks van andere vorm:
#Text=
#Text=zy zyn kleinder, en het hol is, tot berging der visch, in verscheide bakken verdeelt.
5-1	1244-1246	De	
5-2	1247-1255	Galjoots	
5-3	1256-1259	die	
5-4	1260-1263	tot	
5-5	1264-1266	de	
5-6	1267-1276	visschery	
5-7	1277-1283	werden	
5-8	1284-1291	gebouwt	
5-9	1291-1292	,	
5-10	1293-1296	zyn	
5-11	1297-1306	insgelyks	
5-12	1307-1310	van	
5-13	1311-1317	andere	
5-14	1318-1322	vorm	
5-15	1322-1323	:	
5-16	1325-1327	zy	
5-17	1328-1331	zyn	
5-18	1332-1340	kleinder	
5-19	1340-1341	,	
5-20	1342-1344	en	
5-21	1345-1348	het	
5-22	1349-1352	hol	
5-23	1353-1355	is	
5-24	1355-1356	,	
5-25	1357-1360	tot	
5-26	1361-1368	berging	
5-27	1369-1372	der	
5-28	1373-1378	visch	
5-29	1378-1379	,	
5-30	1380-1382	in	
5-31	1383-1393	verscheide	
5-32	1394-1400	bakken	
5-33	1401-1409	verdeelt	
5-34	1409-1410	.	

#Text=Nicolaas Witsen, Aaloude en hedendaagsche scheeps-bouw en bestier
#Text=
#Text=\f
#Text=184
#Text=+
#Text=
#Text=
#Text=Tot het bouwen van een Galjoot, zoo als het zelve boven in zyn
6-1	1413-1421	Nicolaas	
6-2	1422-1428	Witsen	
6-3	1428-1429	,	
6-4	1430-1437	Aaloude	
6-5	1438-1440	en	
6-6	1441-1454	hedendaagsche	
6-7	1455-1467	scheeps-bouw	
6-8	1468-1470	en	
6-9	1471-1478	bestier	
6-10	1482-1485	184	
6-11	1486-1487	+	
6-12	1490-1493	Tot	
6-13	1494-1497	het	
6-14	1498-1504	bouwen	
6-15	1505-1508	van	
6-16	1509-1512	een	
6-17	1513-1520	Galjoot	
6-18	1520-1521	,	
6-19	1522-1525	zoo	
6-20	1526-1529	als	
6-21	1530-1533	het	
6-22	1534-1539	zelve	
6-23	1540-1545	boven	
6-24	1546-1548	in	
6-25	1549-1552	zyn	
