#FORMAT=WebAnno TSV 3.3


#Text=Maar de Heer de Mairan meent, dat het door alle de ervarenissen die daar over 
#Text=zyn gemaakt, en door deeze die hy zelf over t licht heeft waargenomen, niet blykt,
#Text=dan wanneer zyn tusschenval schuinser is, en de veelheit die er zich van weeromstuit 
#Text=grooter zy ten opzicht van deeze die breekt.
1-1	2-6	Maar	
1-2	7-9	de	
1-3	10-14	Heer	
1-4	15-17	de	
1-5	18-24	Mairan	
1-6	25-30	meent	
1-7	30-31	,	
1-8	32-35	dat	
1-9	36-39	het	
1-10	40-44	door	
1-11	45-49	alle	
1-12	50-52	de	
1-13	53-65	ervarenissen	
1-14	66-69	die	
1-15	70-74	daar	
1-16	75-79	over	
1-17	81-84	zyn	
1-18	85-92	gemaakt	
1-19	92-93	,	
1-20	94-96	en	
1-21	97-101	door	
1-22	102-107	deeze	
1-23	108-111	die	
1-24	112-114	hy	
1-25	115-119	zelf	
1-26	120-124	over	
1-27	125-126	t	
1-28	127-132	licht	
1-29	133-138	heeft	
1-30	139-150	waargenomen	
1-31	150-151	,	
1-32	152-156	niet	
1-33	157-162	blykt	
1-34	162-163	,	
1-35	164-167	dan	
1-36	168-175	wanneer	
1-37	176-179	zyn	
1-38	180-191	tusschenval	
1-39	192-201	schuinser	
1-40	202-204	is	
1-41	204-205	,	
1-42	206-208	en	
1-43	209-211	de	
1-44	212-220	veelheit	
1-45	221-224	die	
1-46	225-227	er	
1-47	228-232	zich	
1-48	233-236	van	
1-49	237-248	weeromstuit	
1-50	250-257	grooter	
1-51	258-260	zy	
1-52	261-264	ten	
1-53	265-272	opzicht	
1-54	273-276	van	
1-55	277-282	deeze	
1-56	283-286	die	
1-57	287-293	breekt	
1-58	293-294	.	

#Text=Het voorbeeldt van de stuiting zou geen 
#Text=gevolg voor het licht konnen trekken, t welk zyne byzondere eigenschappen heeft.
2-1	295-298	Het	
2-2	299-309	voorbeeldt	
2-3	310-313	van	
2-4	314-316	de	
2-5	317-325	stuiting	
2-6	326-329	zou	
2-7	330-334	geen	
2-8	336-342	gevolg	
2-9	343-347	voor	
2-10	348-351	het	
2-11	352-357	licht	
2-12	358-364	konnen	
2-13	365-372	trekken	
2-14	372-373	,	
2-15	374-375	t	
2-16	376-380	welk	
2-17	381-385	zyne	
2-18	386-395	byzondere	
2-19	396-409	eigenschappen	
2-20	410-415	heeft	
2-21	415-416	.	

#Text=t Is wel waar, en een zeker gevolg van ontwyffelbaare en bestendige overeenkomst 
#Text=der + Raak-hoekmaaten en van de  Wanstraling, dat wanneer het licht van een dikker 
#Text=middelste deel in een dunner van t water in de lucht doorgaat, by voorbeeldt:
#Text=daar 
#Text=is een zekere bestendige schuinsheit, waar na de geheele straal die een schuinscher 
#Text=raaking heeft, niet dan zich weeromstuiten kan, en niet breekt om in het tweede 
#Text=middelste deel door te gaan, t geene volmaaktelyk de stuiting vertoont.
3-1	418-419	t	
3-2	420-422	Is	
3-3	423-426	wel	
3-4	427-431	waar	
3-5	431-432	,	
3-6	433-435	en	
3-7	436-439	een	
3-8	440-445	zeker	
3-9	446-452	gevolg	
3-10	453-456	van	
3-11	457-471	ontwyffelbaare	
3-12	472-474	en	
3-13	475-485	bestendige	
3-14	486-498	overeenkomst	
3-15	500-503	der	
3-16	504-505	+	
3-17	506-521	Raak-hoekmaaten	
3-18	522-524	en	
3-19	525-528	van	
3-20	529-531	de	
3-21	533-544	Wanstraling	
3-22	544-545	,	
3-23	546-549	dat	
3-24	550-557	wanneer	
3-25	558-561	het	
3-26	562-567	licht	
3-27	568-571	van	
3-28	572-575	een	
3-29	576-582	dikker	
3-30	584-593	middelste	
3-31	594-598	deel	
3-32	599-601	in	
3-33	602-605	een	
3-34	606-612	dunner	
3-35	613-616	van	
3-36	617-618	t	
3-37	619-624	water	
3-38	625-627	in	
3-39	628-630	de	
3-40	631-636	lucht	
3-41	637-645	doorgaat	
3-42	645-646	,	
3-43	647-649	by	
3-44	650-660	voorbeeldt	
3-45	660-661	:	
3-46	662-666	daar	
3-47	668-670	is	
3-48	671-674	een	
3-49	675-681	zekere	
3-50	682-692	bestendige	
3-51	693-704	schuinsheit	
3-52	704-705	,	
3-53	706-710	waar	
3-54	711-713	na	
3-55	714-716	de	
3-56	717-724	geheele	
3-57	725-731	straal	
3-58	732-735	die	
3-59	736-739	een	
3-60	740-751	schuinscher	
3-61	753-760	raaking	
3-62	761-766	heeft	
3-63	766-767	,	
3-64	768-772	niet	
3-65	773-776	dan	
3-66	777-781	zich	
3-67	782-795	weeromstuiten	
3-68	796-799	kan	
3-69	799-800	,	
3-70	801-803	en	
3-71	804-808	niet	
3-72	809-815	breekt	
3-73	816-818	om	
3-74	819-821	in	
3-75	822-825	het	
3-76	826-832	tweede	
3-77	834-843	middelste	
3-78	844-848	deel	
3-79	849-853	door	
3-80	854-856	te	
3-81	857-861	gaan	
3-82	861-862	,	
3-83	863-864	t	
3-84	865-870	geene	
3-85	871-883	volmaaktelyk	
3-86	884-886	de	
3-87	887-895	stuiting	
3-88	896-904	vertoont	
3-89	904-905	.	

#Text=Maar wy 
#Text=vinden ons hier in het tegengestelt geval, alwaar het licht van een dunner middelste 
#Text=deel in een dikker doorgaat, of van het Etherieuse in t Damgewest, en dit geval 
#Text=gedoogt gelykelyk aan alle de straalen dat ze breeken, hoedanig ook hunne raaking 
#Text=zy, en men heeft geen reden van vermoeden dat het in de schuinscher raakingen meer 
#Text=weeromstuit, dan breekt.
4-1	906-910	Maar	
4-2	911-913	wy	
4-3	915-921	vinden	
4-4	922-925	ons	
4-5	926-930	hier	
4-6	931-933	in	
4-7	934-937	het	
4-8	938-950	tegengestelt	
4-9	951-956	geval	
4-10	956-957	,	
4-11	958-964	alwaar	
4-12	965-968	het	
4-13	969-974	licht	
4-14	975-978	van	
4-15	979-982	een	
4-16	983-989	dunner	
4-17	990-999	middelste	
4-18	1001-1005	deel	
4-19	1006-1008	in	
4-20	1009-1012	een	
4-21	1013-1019	dikker	
4-22	1020-1028	doorgaat	
4-23	1028-1029	,	
4-24	1030-1032	of	
4-25	1033-1036	van	
4-26	1037-1040	het	
4-27	1041-1051	Etherieuse	
4-28	1052-1054	in	
4-29	1055-1056	t	
4-30	1057-1066	Damgewest	
4-31	1066-1067	,	
4-32	1068-1070	en	
4-33	1071-1074	dit	
4-34	1075-1080	geval	
4-35	1082-1089	gedoogt	
4-36	1090-1099	gelykelyk	
4-37	1100-1103	aan	
4-38	1104-1108	alle	
4-39	1109-1111	de	
4-40	1112-1120	straalen	
4-41	1121-1124	dat	
4-42	1125-1127	ze	
4-43	1128-1135	breeken	
4-44	1135-1136	,	
4-45	1137-1145	hoedanig	
4-46	1146-1149	ook	
4-47	1150-1155	hunne	
4-48	1156-1163	raaking	
4-49	1165-1167	zy	
4-50	1167-1168	,	
4-51	1169-1171	en	
4-52	1172-1175	men	
4-53	1176-1181	heeft	
4-54	1182-1186	geen	
4-55	1187-1192	reden	
4-56	1193-1196	van	
4-57	1197-1206	vermoeden	
4-58	1207-1210	dat	
4-59	1211-1214	het	
4-60	1215-1217	in	
4-61	1218-1220	de	
4-62	1221-1232	schuinscher	
4-63	1233-1242	raakingen	
4-64	1243-1247	meer	
4-65	1249-1260	weeromstuit	
4-66	1260-1261	,	
4-67	1262-1265	dan	
4-68	1266-1272	breekt	
4-69	1272-1273	.	

#Text=Een groot Starrekundige is van gedachten geweest, dat de hitte door een raaking 
#Text=der stralen op de Aarde zich vermeerderde meer van de lynrechtheit naderende, 
#Text=naardien een lynrechte straal op zich weeromstuitende, andermaal dezelve lucht 
#Text=verwarmt, die reeds warm geworden is, en dat de andere straalen zoo veel naar maate 
#Text=doen van t geene zy naderen, lynrecht zynde.
5-1	1278-1281	Een	
5-2	1282-1287	groot	
5-3	1288-1301	Starrekundige	
5-4	1302-1304	is	
5-5	1305-1308	van	
5-6	1309-1318	gedachten	
5-7	1319-1326	geweest	
5-8	1326-1327	,	
5-9	1328-1331	dat	
5-10	1332-1334	de	
5-11	1335-1340	hitte	
5-12	1341-1345	door	
5-13	1346-1349	een	
5-14	1350-1357	raaking	
5-15	1359-1362	der	
5-16	1363-1370	stralen	
5-17	1371-1373	op	
5-18	1374-1376	de	
5-19	1377-1382	Aarde	
5-20	1383-1387	zich	
5-21	1388-1400	vermeerderde	
5-22	1401-1405	meer	
5-23	1406-1409	van	
5-24	1410-1412	de	
5-25	1413-1425	lynrechtheit	
5-26	1426-1435	naderende	
5-27	1435-1436	,	
5-28	1438-1446	naardien	
5-29	1447-1450	een	
5-30	1451-1460	lynrechte	
5-31	1461-1467	straal	
5-32	1468-1470	op	
5-33	1471-1475	zich	
5-34	1476-1491	weeromstuitende	
5-35	1491-1492	,	
5-36	1493-1502	andermaal	
5-37	1503-1510	dezelve	
5-38	1511-1516	lucht	
5-39	1518-1526	verwarmt	
5-40	1526-1527	,	
5-41	1528-1531	die	
5-42	1532-1537	reeds	
5-43	1538-1542	warm	
5-44	1543-1551	geworden	
5-45	1552-1554	is	
5-46	1554-1555	,	
5-47	1556-1558	en	
5-48	1559-1562	dat	
5-49	1563-1565	de	
5-50	1566-1572	andere	
5-51	1573-1581	straalen	
5-52	1582-1585	zoo	
5-53	1586-1590	veel	
5-54	1591-1595	naar	
5-55	1596-1601	maate	
5-56	1603-1607	doen	
5-57	1608-1611	van	
5-58	1612-1613	t	
5-59	1614-1619	geene	
5-60	1620-1622	zy	
5-61	1623-1630	naderen	
5-62	1630-1631	,	
5-63	1632-1640	lynrecht	
5-64	1641-1646	zynde	
5-65	1646-1647	.	

#Text=Maar blykbaar is t dat het er geenzins 
#Text=van afhangt, dat dit dezelve lucht zy die andermaal door weeromstuiting der-
#Text=
#Text=
#Text=
#Text=
#Text=
#Text=
#Text=
#Text=
#Text=+ Sinus dIncidence.
6-1	1648-1652	Maar	
6-2	1653-1661	blykbaar	
6-3	1662-1664	is	
6-4	1665-1666	t	
6-5	1667-1670	dat	
6-6	1671-1674	het	
6-7	1675-1677	er	
6-8	1678-1686	geenzins	
6-9	1688-1691	van	
6-10	1692-1699	afhangt	
6-11	1699-1700	,	
6-12	1701-1704	dat	
6-13	1705-1708	dit	
6-14	1709-1716	dezelve	
6-15	1717-1722	lucht	
6-16	1723-1725	zy	
6-17	1726-1729	die	
6-18	1730-1739	andermaal	
6-19	1740-1744	door	
6-20	1745-1759	weeromstuiting	
6-21	1760-1763	der	
6-22	1763-1764	-	
6-23	1773-1774	+	
6-24	1775-1780	Sinus	
6-25	1781-1791	dIncidence	
6-26	1791-1792	.	

#Text=Refraction.
7-1	1798-1808	Refraction	
7-2	1808-1809	.	

#Text=zelver straalen verwarmt worde; en dat de geheele straal weeromstuit anderwerf een 
#Text=lucht verwarmen zal, reeds door eenige andere raakstraal verwarmt, teenemaal met 
#Text=de eerste in kracht overeenkomende.
8-1	1817-1823	zelver	
8-2	1824-1832	straalen	
8-3	1833-1841	verwarmt	
8-4	1842-1847	worde	
8-5	1847-1848	;	
8-6	1849-1851	en	
8-7	1852-1855	dat	
8-8	1856-1858	de	
8-9	1859-1866	geheele	
8-10	1867-1873	straal	
8-11	1874-1885	weeromstuit	
8-12	1886-1895	anderwerf	
8-13	1896-1899	een	
8-14	1901-1906	lucht	
8-15	1907-1916	verwarmen	
8-16	1917-1920	zal	
8-17	1920-1921	,	
8-18	1922-1927	reeds	
8-19	1928-1932	door	
8-20	1933-1939	eenige	
8-21	1940-1946	andere	
8-22	1947-1957	raakstraal	
8-23	1958-1966	verwarmt	
8-24	1966-1967	,	
8-25	1968-1977	teenemaal	
8-26	1978-1981	met	
8-27	1983-1985	de	
8-28	1986-1992	eerste	
8-29	1993-1995	in	
8-30	1996-2002	kracht	
8-31	2003-2017	overeenkomende	
8-32	2017-2018	.	

#Text=Men zou van een grooter of minder afstant der Zonne met de Aarde
#Text=niets 
#Text=bevoordeelt zyn, wanneerze in haar veerste of naaste punt is.
9-1	2023-2026	Men	
9-2	2027-2030	zou	
9-3	2031-2034	van	
9-4	2035-2038	een	
9-5	2039-2046	grooter	
9-6	2047-2049	of	
9-7	2050-2056	minder	
9-8	2057-2064	afstant	
9-9	2065-2068	der	
9-10	2069-2074	Zonne	
9-11	2075-2078	met	
9-12	2079-2081	de	
9-13	2082-2087	Aarde	
9-14	2088-2093	niets	
9-15	2095-2106	bevoordeelt	
9-16	2107-2110	zyn	
9-17	2110-2111	,	
9-18	2112-2121	wanneerze	
9-19	2122-2124	in	
9-20	2125-2129	haar	
9-21	2130-2137	veerste	
9-22	2138-2140	of	
9-23	2141-2147	naaste	
9-24	2148-2152	punt	
9-25	2153-2155	is	
9-26	2155-2156	.	

#Text=Zy is nu op t einde 
#Text=van December in haar naaste-punt, en deeze grootste nabyheit verzacht echter weinig 
#Text=de strengheit van onze Winters, en zal ook de Zomerwarmte van ons Gewest weinig 
#Text=vermeerderen, wanneer in een groot getal van eeuwen het naaste punt in de maandt 
#Text=Iuny zyn zal.
10-1	2157-2159	Zy	
10-2	2160-2162	is	
10-3	2163-2165	nu	
10-4	2166-2168	op	
10-5	2169-2170	t	
10-6	2171-2176	einde	
10-7	2178-2181	van	
10-8	2182-2190	December	
10-9	2191-2193	in	
10-10	2194-2198	haar	
10-11	2199-2210	naaste-punt	
10-12	2210-2211	,	
10-13	2212-2214	en	
10-14	2215-2220	deeze	
10-15	2221-2229	grootste	
10-16	2230-2238	nabyheit	
10-17	2239-2247	verzacht	
10-18	2248-2254	echter	
10-19	2255-2261	weinig	
10-20	2263-2265	de	
10-21	2266-2276	strengheit	
10-22	2277-2280	van	
10-23	2281-2285	onze	
10-24	2286-2293	Winters	
10-25	2293-2294	,	
10-26	2295-2297	en	
10-27	2298-2301	zal	
10-28	2302-2305	ook	
10-29	2306-2308	de	
10-30	2309-2320	Zomerwarmte	
10-31	2321-2324	van	
10-32	2325-2328	ons	
10-33	2329-2335	Gewest	
10-34	2336-2342	weinig	
10-35	2344-2356	vermeerderen	
10-36	2356-2357	,	
10-37	2358-2365	wanneer	
10-38	2366-2368	in	
10-39	2369-2372	een	
10-40	2373-2378	groot	
10-41	2379-2384	getal	
10-42	2385-2388	van	
10-43	2389-2395	eeuwen	
10-44	2396-2399	het	
10-45	2400-2406	naaste	
10-46	2407-2411	punt	
10-47	2412-2414	in	
10-48	2415-2417	de	
10-49	2418-2424	maandt	
10-50	2426-2430	Iuny	
10-51	2431-2434	zyn	
10-52	2435-2438	zal	
10-53	2438-2439	.	

#Text=Waarlyk, deeze grootste nabyheit is het dertigste gedeelte niet van den 
#Text=geheelen afstant der Zonne met den Aardtkloot.
11-1	2440-2447	Waarlyk	
11-2	2447-2448	,	
11-3	2449-2454	deeze	
11-4	2455-2463	grootste	
11-5	2464-2472	nabyheit	
11-6	2473-2475	is	
11-7	2476-2479	het	
11-8	2480-2489	dertigste	
11-9	2490-2498	gedeelte	
11-10	2499-2503	niet	
11-11	2504-2507	van	
11-12	2508-2511	den	
11-13	2513-2521	geheelen	
11-14	2522-2529	afstant	
11-15	2530-2533	der	
11-16	2534-2539	Zonne	
11-17	2540-2543	met	
11-18	2544-2547	den	
11-19	2548-2558	Aardtkloot	
11-20	2558-2559	.	

#Text=De Heer de Mairan heeft nochtans tot andere beginselen zyn opzicht;
#Text=hy beschouwt 
#Text=het licht als een vloeibaarheit, en dit is waarlyk het natuurlykste denkbeeldt t welk 
#Text=men er van neemen kan:
#Text=maar alzoo deeze stoffe een natuurkundige naspeuring 
#Text=vereischt, en die naar den eisch te verhandelen voor ons oogmerk te veel uitweiden 
#Text=zoude;
12-1	2564-2566	De	
12-2	2567-2571	Heer	
12-3	2572-2574	de	
12-4	2575-2581	Mairan	
12-5	2582-2587	heeft	
12-6	2588-2596	nochtans	
12-7	2597-2600	tot	
12-8	2601-2607	andere	
12-9	2608-2618	beginselen	
12-10	2619-2622	zyn	
12-11	2623-2630	opzicht	
12-12	2630-2631	;	
12-13	2632-2634	hy	
12-14	2635-2644	beschouwt	
12-15	2646-2649	het	
12-16	2650-2655	licht	
12-17	2656-2659	als	
12-18	2660-2663	een	
12-19	2664-2677	vloeibaarheit	
12-20	2677-2678	,	
12-21	2679-2681	en	
12-22	2682-2685	dit	
12-23	2686-2688	is	
12-24	2689-2696	waarlyk	
12-25	2697-2700	het	
12-26	2701-2713	natuurlykste	
12-27	2714-2724	denkbeeldt	
12-28	2725-2726	t	
12-29	2727-2731	welk	
12-30	2733-2736	men	
12-31	2737-2739	er	
12-32	2740-2743	van	
12-33	2744-2750	neemen	
12-34	2751-2754	kan	
12-35	2754-2755	:	
12-36	2756-2760	maar	
12-37	2761-2766	alzoo	
12-38	2767-2772	deeze	
12-39	2773-2779	stoffe	
12-40	2780-2783	een	
12-41	2784-2797	natuurkundige	
12-42	2798-2808	naspeuring	
12-43	2810-2819	vereischt	
12-44	2819-2820	,	
12-45	2821-2823	en	
12-46	2824-2827	die	
12-47	2828-2832	naar	
12-48	2833-2836	den	
12-49	2837-2842	eisch	
12-50	2843-2845	te	
12-51	2846-2857	verhandelen	
12-52	2858-2862	voor	
12-53	2863-2866	ons	
12-54	2867-2874	oogmerk	
12-55	2875-2877	te	
12-56	2878-2882	veel	
12-57	2883-2892	uitweiden	
12-58	2894-2899	zoude	
12-59	2899-2900	;	
