#FORMAT=WebAnno TSV 3.3


#Text=innuunt idem fortissimi
#Text=illi vapores seminales, qui naribus percipiuntur;
#Text=sicubi vel pauci quidam duntaxat
#Text=
#Text=Mares, examinandi tempore
#Text=, per aliquot saltem horarum spatium simul intra capsulam
#Text=conclusi haeserunt.
1-1	2-9	innuunt	
1-2	10-14	idem	
1-3	15-25	fortissimi	
1-4	26-30	illi	
1-5	31-38	vapores	
1-6	39-48	seminales	
1-7	48-49	,	
1-8	50-53	qui	
1-9	54-61	naribus	
1-10	62-74	percipiuntur	
1-11	74-75	;	
1-12	76-82	sicubi	
1-13	83-86	vel	
1-14	87-92	pauci	
1-15	93-99	quidam	
1-16	100-108	duntaxat	
1-17	110-115	Mares	
1-18	115-116	,	
1-19	117-127	examinandi	
1-20	128-135	tempore	
1-21	136-137	,	
1-22	138-141	per	
1-23	142-149	aliquot	
1-24	150-156	saltem	
1-25	157-164	horarum	
1-26	165-172	spatium	
1-27	173-178	simul	
1-28	179-184	intra	
1-29	185-193	capsulam	
1-30	194-202	conclusi	
1-31	203-212	haeserunt	
1-32	212-213	.	

#Text=Quin hactenus propositis rationibus adjungi etiam possunt
#Text=aureae
#Text=Harvei observationes; quibus profecto quam evidentissime demonstratur,
#Text=quod vel in ipsis etiam Hominibus atque Brutis
#Text=se-
#Text=
#Text=genomen men mogt hier op antwoorden, dat de Mannekens met het Wyfken de
#Text=vermenging souden aangaan, wanneer sy om het huysken, daar het Wyfken uyt
#Text=voortkomt, hangen, soo is dat ook onmogelyk van wegen de onbekwame constructie
#Text=haarer Teelleeden, om dat werk te verrigten,
#Text=alsoo sy daar ganschelyk niet toegestelt
#Text=syn.
2-1	214-218	Quin	
2-2	219-227	hactenus	
2-3	228-238	propositis	
2-4	239-249	rationibus	
2-5	250-257	adjungi	
2-6	258-263	etiam	
2-7	264-271	possunt	
2-8	272-278	aureae	
2-9	279-285	Harvei	
2-10	286-299	observationes	
2-11	299-300	;	
2-12	301-307	quibus	
2-13	308-316	profecto	
2-14	317-321	quam	
2-15	322-335	evidentissime	
2-16	336-348	demonstratur	
2-17	348-349	,	
2-18	350-354	quod	
2-19	355-358	vel	
2-20	359-361	in	
2-21	362-367	ipsis	
2-22	368-373	etiam	
2-23	374-383	Hominibus	
2-24	384-389	atque	
2-25	390-396	Brutis	
2-26	397-399	se	
2-27	399-400	-	
2-28	402-409	genomen	
2-29	410-413	men	
2-30	414-418	mogt	
2-31	419-423	hier	
2-32	424-426	op	
2-33	427-437	antwoorden	
2-34	437-438	,	
2-35	439-442	dat	
2-36	443-445	de	
2-37	446-455	Mannekens	
2-38	456-459	met	
2-39	460-463	het	
2-40	464-470	Wyfken	
2-41	471-473	de	
2-42	474-484	vermenging	
2-43	485-491	souden	
2-44	492-499	aangaan	
2-45	499-500	,	
2-46	501-508	wanneer	
2-47	509-511	sy	
2-48	512-514	om	
2-49	515-518	het	
2-50	519-526	huysken	
2-51	526-527	,	
2-52	528-532	daar	
2-53	533-536	het	
2-54	537-543	Wyfken	
2-55	544-547	uyt	
2-56	548-557	voortkomt	
2-57	557-558	,	
2-58	559-565	hangen	
2-59	565-566	,	
2-60	567-570	soo	
2-61	571-573	is	
2-62	574-577	dat	
2-63	578-581	ook	
2-64	582-591	onmogelyk	
2-65	592-595	van	
2-66	596-601	wegen	
2-67	602-604	de	
2-68	605-614	onbekwame	
2-69	615-626	constructie	
2-70	627-633	haarer	
2-71	634-644	Teelleeden	
2-72	644-645	,	
2-73	646-648	om	
2-74	649-652	dat	
2-75	653-657	werk	
2-76	658-660	te	
2-77	661-670	verrigten	
2-78	670-671	,	
2-79	672-677	alsoo	
2-80	678-680	sy	
2-81	681-685	daar	
2-82	686-696	ganschelyk	
2-83	697-701	niet	
2-84	702-712	toegestelt	
2-85	713-716	syn	
2-86	716-717	.	

#Text=Maar soo nu de opening, daar het saat door passeert, natuurelyk in de
#Text=Teelleeden is, soo kan ik geern het gevoelen van eener myner vrienden toestaan,
#Text=dat de Mannekens, als se door de andere Byen heen loopen, wel eenig saat aan
#Text=het lichaam van het Wyfken kunnen vryven, om dat vrugtbaar te maaken; maar dat
#Text=gevoelen heeft weer geen plaats, soo die opening, daar het saat door uytgaat, niet
#Text=naturel is.
3-1	718-722	Maar	
3-2	723-726	soo	
3-3	727-729	nu	
3-4	730-732	de	
3-5	733-740	opening	
3-6	740-741	,	
3-7	742-746	daar	
3-8	747-750	het	
3-9	751-755	saat	
3-10	756-760	door	
3-11	761-769	passeert	
3-12	769-770	,	
3-13	771-781	natuurelyk	
3-14	782-784	in	
3-15	785-787	de	
3-16	788-798	Teelleeden	
3-17	799-801	is	
3-18	801-802	,	
3-19	803-806	soo	
3-20	807-810	kan	
3-21	811-813	ik	
3-22	814-819	geern	
3-23	820-823	het	
3-24	824-832	gevoelen	
3-25	833-836	van	
3-26	837-842	eener	
3-27	843-848	myner	
3-28	849-857	vrienden	
3-29	858-866	toestaan	
3-30	866-867	,	
3-31	868-871	dat	
3-32	872-874	de	
3-33	875-884	Mannekens	
3-34	884-885	,	
3-35	886-889	als	
3-36	890-892	se	
3-37	893-897	door	
3-38	898-900	de	
3-39	901-907	andere	
3-40	908-912	Byen	
3-41	913-917	heen	
3-42	918-924	loopen	
3-43	924-925	,	
3-44	926-929	wel	
3-45	930-935	eenig	
3-46	936-940	saat	
3-47	941-944	aan	
3-48	945-948	het	
3-49	949-956	lichaam	
3-50	957-960	van	
3-51	961-964	het	
3-52	965-971	Wyfken	
3-53	972-978	kunnen	
3-54	979-985	vryven	
3-55	985-986	,	
3-56	987-989	om	
3-57	990-993	dat	
3-58	994-1003	vrugtbaar	
3-59	1004-1006	te	
3-60	1007-1013	maaken	
3-61	1013-1014	;	
3-62	1015-1019	maar	
3-63	1020-1023	dat	
3-64	1024-1032	gevoelen	
3-65	1033-1038	heeft	
3-66	1039-1043	weer	
3-67	1044-1048	geen	
3-68	1049-1055	plaats	
3-69	1055-1056	,	
3-70	1057-1060	soo	
3-71	1061-1064	die	
3-72	1065-1072	opening	
3-73	1072-1073	,	
3-74	1074-1078	daar	
3-75	1079-1082	het	
3-76	1083-1087	saat	
3-77	1088-1092	door	
3-78	1093-1100	uytgaat	
3-79	1100-1101	,	
3-80	1102-1106	niet	
3-81	1107-1114	naturel	
3-82	1115-1117	is	
3-83	1117-1118	.	

#Text=Waarom ik dan veel liever en ook waarschynelyker wil besluyten, dat het
#Text=Wyfken alleen vrugtbaar wort, door de sterke en subtiele lucht van het mannelyke
#Text=saat.
4-1	1119-1125	Waarom	
4-2	1126-1128	ik	
4-3	1129-1132	dan	
4-4	1133-1137	veel	
4-5	1138-1144	liever	
4-6	1145-1147	en	
4-7	1148-1151	ook	
4-8	1152-1167	waarschynelyker	
4-9	1168-1171	wil	
4-10	1172-1181	besluyten	
4-11	1181-1182	,	
4-12	1183-1186	dat	
4-13	1187-1190	het	
4-14	1191-1197	Wyfken	
4-15	1198-1204	alleen	
4-16	1205-1214	vrugtbaar	
4-17	1215-1219	wort	
4-18	1219-1220	,	
4-19	1221-1225	door	
4-20	1226-1228	de	
4-21	1229-1235	sterke	
4-22	1236-1238	en	
4-23	1239-1247	subtiele	
4-24	1248-1253	lucht	
4-25	1254-1257	van	
4-26	1258-1261	het	
4-27	1262-1271	mannelyke	
4-28	1272-1276	saat	
4-29	1276-1277	.	

#Text=Want kunnen agt Mannekens alleen soo een kragtige lucht van haar geeven,
#Text=wat sal dan niet het getal van vier hondert kunnen, die 'er waarschynelyk in een
#Text=Korf syn, en mogelyk nog meerder;
#Text=dat men seker sou kunnen weeten, indien men
#Text=de Mannekens, of haare huyskens, daar sy in uytgebroeit syn, telden.
5-1	1278-1282	Want	
5-2	1283-1289	kunnen	
5-3	1290-1293	agt	
5-4	1294-1303	Mannekens	
5-5	1304-1310	alleen	
5-6	1311-1314	soo	
5-7	1315-1318	een	
5-8	1319-1327	kragtige	
5-9	1328-1333	lucht	
5-10	1334-1337	van	
5-11	1338-1342	haar	
5-12	1343-1349	geeven	
5-13	1349-1350	,	
5-14	1351-1354	wat	
5-15	1355-1358	sal	
5-16	1359-1362	dan	
5-17	1363-1367	niet	
5-18	1368-1371	het	
5-19	1372-1377	getal	
5-20	1378-1381	van	
5-21	1382-1386	vier	
5-22	1387-1394	hondert	
5-23	1395-1401	kunnen	
5-24	1401-1402	,	
5-25	1403-1406	die	
5-26	1407-1408	'	
5-27	1408-1410	er	
5-28	1411-1424	waarschynelyk	
5-29	1425-1427	in	
5-30	1428-1431	een	
5-31	1432-1436	Korf	
5-32	1437-1440	syn	
5-33	1440-1441	,	
5-34	1442-1444	en	
5-35	1445-1452	mogelyk	
5-36	1453-1456	nog	
5-37	1457-1464	meerder	
5-38	1464-1465	;	
5-39	1466-1469	dat	
5-40	1470-1473	men	
5-41	1474-1479	seker	
5-42	1480-1483	sou	
5-43	1484-1490	kunnen	
5-44	1491-1497	weeten	
5-45	1497-1498	,	
5-46	1499-1505	indien	
5-47	1506-1509	men	
5-48	1510-1512	de	
5-49	1513-1522	Mannekens	
5-50	1522-1523	,	
5-51	1524-1526	of	
5-52	1527-1532	haare	
5-53	1533-1541	huyskens	
5-54	1541-1542	,	
5-55	1543-1547	daar	
5-56	1548-1550	sy	
5-57	1551-1553	in	
5-58	1554-1565	uytgebroeit	
5-59	1566-1569	syn	
5-60	1569-1570	,	
5-61	1571-1577	telden	
5-62	1577-1578	.	

#Text=Doet hier nog
#Text=by, dat ook andere Dieren, alleen door een simpele aanraaking, of besproeying van
#Text=saat, haars gelyke vrugtbaar maaken, als in de Visschen en Vogelen plaats grypt.
6-1	1579-1583	Doet	
6-2	1584-1588	hier	
6-3	1589-1592	nog	
6-4	1593-1595	by	
6-5	1595-1596	,	
6-6	1597-1600	dat	
6-7	1601-1604	ook	
6-8	1605-1611	andere	
6-9	1612-1618	Dieren	
6-10	1618-1619	,	
6-11	1620-1626	alleen	
6-12	1627-1631	door	
6-13	1632-1635	een	
6-14	1636-1643	simpele	
6-15	1644-1654	aanraaking	
6-16	1654-1655	,	
6-17	1656-1658	of	
6-18	1659-1670	besproeying	
6-19	1671-1674	van	
6-20	1675-1679	saat	
6-21	1679-1680	,	
6-22	1681-1686	haars	
6-23	1687-1693	gelyke	
6-24	1694-1703	vrugtbaar	
6-25	1704-1710	maaken	
6-26	1710-1711	,	
6-27	1712-1715	als	
6-28	1716-1718	in	
6-29	1719-1721	de	
6-30	1722-1730	Visschen	
6-31	1731-1733	en	
6-32	1734-1741	Vogelen	
6-33	1742-1748	plaats	
6-34	1749-1754	grypt	
6-35	1754-1755	.	

#Text=Al waar men in de Visschen siet, dat op de Kuyt of Eyeren, die van het Wyfken in
#Text=
#Text=Jan Swammerdam, Bybel der natuure of historie der insecten.
7-1	1758-1760	Al	
7-2	1761-1765	waar	
7-3	1766-1769	men	
7-4	1770-1772	in	
7-5	1773-1775	de	
7-6	1776-1784	Visschen	
7-7	1785-1789	siet	
7-8	1789-1790	,	
7-9	1791-1794	dat	
7-10	1795-1797	op	
7-11	1798-1800	de	
7-12	1801-1805	Kuyt	
7-13	1806-1808	of	
7-14	1809-1815	Eyeren	
7-15	1815-1816	,	
7-16	1817-1820	die	
7-17	1821-1824	van	
7-18	1825-1828	het	
7-19	1829-1835	Wyfken	
7-20	1836-1838	in	
7-21	1840-1843	Jan	
7-22	1844-1854	Swammerdam	
7-23	1854-1855	,	
7-24	1856-1861	Bybel	
7-25	1862-1865	der	
7-26	1866-1873	natuure	
7-27	1874-1876	of	
7-28	1877-1885	historie	
7-29	1886-1889	der	
7-30	1890-1898	insecten	
7-31	1898-1899	.	

#Text=Deel 1
#Text=
#Text=\f't water geschooten syn, simpelyk de hom van het Manneken gesproeyt wort: waar
#Text=door dan deselve vrugtbaar worden.
8-1	1900-1904	Deel	
8-2	1905-1906	1	
8-3	1909-1910	'	
8-4	1910-1911	t	
8-5	1912-1917	water	
8-6	1918-1928	geschooten	
8-7	1929-1932	syn	
8-8	1932-1933	,	
8-9	1934-1942	simpelyk	
8-10	1943-1945	de	
8-11	1946-1949	hom	
8-12	1950-1953	van	
8-13	1954-1957	het	
8-14	1958-1966	Manneken	
8-15	1967-1976	gesproeyt	
8-16	1977-1981	wort	
8-17	1981-1982	:	
8-18	1983-1987	waar	
8-19	1988-1992	door	
8-20	1993-1996	dan	
8-21	1997-2004	deselve	
8-22	2005-2014	vrugtbaar	
8-23	2015-2021	worden	
8-24	2021-2022	.	

#Text=In het Haft gaat dit meede soo toe, alwaar het
#Text=Wyfken in de lucht vliegende haare Eyeren in 't water schiet, dewelke van het
#Text=Manneken opgesogt synde, door syn saat of Hom besproeyt, en vrugtbaar gemaakt
#Text=worden.
9-1	2023-2025	In	
9-2	2026-2029	het	
9-3	2030-2034	Haft	
9-4	2035-2039	gaat	
9-5	2040-2043	dit	
9-6	2044-2049	meede	
9-7	2050-2053	soo	
9-8	2054-2057	toe	
9-9	2057-2058	,	
9-10	2059-2065	alwaar	
9-11	2066-2069	het	
9-12	2070-2076	Wyfken	
9-13	2077-2079	in	
9-14	2080-2082	de	
9-15	2083-2088	lucht	
9-16	2089-2098	vliegende	
9-17	2099-2104	haare	
9-18	2105-2111	Eyeren	
9-19	2112-2114	in	
9-20	2115-2116	'	
9-21	2116-2117	t	
9-22	2118-2123	water	
9-23	2124-2130	schiet	
9-24	2130-2131	,	
9-25	2132-2139	dewelke	
9-26	2140-2143	van	
9-27	2144-2147	het	
9-28	2148-2156	Manneken	
9-29	2157-2165	opgesogt	
9-30	2166-2171	synde	
9-31	2171-2172	,	
9-32	2173-2177	door	
9-33	2178-2181	syn	
9-34	2182-2186	saat	
9-35	2187-2189	of	
9-36	2190-2193	Hom	
9-37	2194-2203	besproeyt	
9-38	2203-2204	,	
9-39	2205-2207	en	
9-40	2208-2217	vrugtbaar	
9-41	2218-2225	gemaakt	
9-42	2226-2232	worden	
9-43	2232-2233	.	

#Text=En gelyk in de Visschen het water het middel is, waar door de kragt van
#Text=het saat tot de vrugtbaarheid der Eyeren deselve meede gedeelt wort;
#Text=waarom sou
#Text=men het dan soo wonderlyk vinden, dat hier in de Byen de lucht het middel was,
#Text=waar door de subtiele deelen van het saat, in de lucht van de Bye korf verspreit
#Text=weesende, tot de vrugtbaarheid van den Eierstok in het Wyfken overgevoert wiert?
10-1	2234-2236	En	
10-2	2237-2242	gelyk	
10-3	2243-2245	in	
10-4	2246-2248	de	
10-5	2249-2257	Visschen	
10-6	2258-2261	het	
10-7	2262-2267	water	
10-8	2268-2271	het	
10-9	2272-2278	middel	
10-10	2279-2281	is	
10-11	2281-2282	,	
10-12	2283-2287	waar	
10-13	2288-2292	door	
10-14	2293-2295	de	
10-15	2296-2301	kragt	
10-16	2302-2305	van	
10-17	2306-2309	het	
10-18	2310-2314	saat	
10-19	2315-2318	tot	
10-20	2319-2321	de	
10-21	2322-2335	vrugtbaarheid	
10-22	2336-2339	der	
10-23	2340-2346	Eyeren	
10-24	2347-2354	deselve	
10-25	2355-2360	meede	
10-26	2361-2368	gedeelt	
10-27	2369-2373	wort	
10-28	2373-2374	;	
10-29	2375-2381	waarom	
10-30	2382-2385	sou	
10-31	2386-2389	men	
10-32	2390-2393	het	
10-33	2394-2397	dan	
10-34	2398-2401	soo	
10-35	2402-2411	wonderlyk	
10-36	2412-2418	vinden	
10-37	2418-2419	,	
10-38	2420-2423	dat	
10-39	2424-2428	hier	
10-40	2429-2431	in	
10-41	2432-2434	de	
10-42	2435-2439	Byen	
10-43	2440-2442	de	
10-44	2443-2448	lucht	
10-45	2449-2452	het	
10-46	2453-2459	middel	
10-47	2460-2463	was	
10-48	2463-2464	,	
10-49	2465-2469	waar	
10-50	2470-2474	door	
10-51	2475-2477	de	
10-52	2478-2486	subtiele	
10-53	2487-2493	deelen	
10-54	2494-2497	van	
10-55	2498-2501	het	
10-56	2502-2506	saat	
10-57	2506-2507	,	
10-58	2508-2510	in	
10-59	2511-2513	de	
10-60	2514-2519	lucht	
10-61	2520-2523	van	
10-62	2524-2526	de	
10-63	2527-2530	Bye	
10-64	2531-2535	korf	
10-65	2536-2545	verspreit	
10-66	2546-2554	weesende	
10-67	2554-2555	,	
10-68	2556-2559	tot	
10-69	2560-2562	de	
10-70	2563-2576	vrugtbaarheid	
10-71	2577-2580	van	
10-72	2581-2584	den	
10-73	2585-2593	Eierstok	
10-74	2594-2596	in	
10-75	2597-2600	het	
10-76	2601-2607	Wyfken	
10-77	2608-2619	overgevoert	
10-78	2620-2625	wiert	
10-79	2625-2626	?	

#Text=Te meer, nademaal de gansche constitutie van de Teeldeelen in het Manneken dit
#Text=bewaarheid, als ook de kragtige saat dampen die men van eenige weynige
#Text=Mannekens in de neus ontfangt, wanneer sy in de swerm tyt maar eenige uuren in
#Text=een doosken syn opgeslooten geweest?
11-1	2628-2630	Te	
11-2	2631-2635	meer	
11-3	2635-2636	,	
11-4	2637-2645	nademaal	
11-5	2646-2648	de	
11-6	2649-2656	gansche	
11-7	2657-2668	constitutie	
11-8	2669-2672	van	
11-9	2673-2675	de	
11-10	2676-2686	Teeldeelen	
11-11	2687-2689	in	
11-12	2690-2693	het	
11-13	2694-2702	Manneken	
11-14	2703-2706	dit	
11-15	2707-2717	bewaarheid	
11-16	2717-2718	,	
11-17	2719-2722	als	
11-18	2723-2726	ook	
11-19	2727-2729	de	
11-20	2730-2738	kragtige	
11-21	2739-2743	saat	
11-22	2744-2750	dampen	
11-23	2751-2754	die	
11-24	2755-2758	men	
11-25	2759-2762	van	
11-26	2763-2769	eenige	
11-27	2770-2777	weynige	
11-28	2778-2787	Mannekens	
11-29	2788-2790	in	
11-30	2791-2793	de	
11-31	2794-2798	neus	
11-32	2799-2807	ontfangt	
11-33	2807-2808	,	
11-34	2809-2816	wanneer	
11-35	2817-2819	sy	
11-36	2820-2822	in	
11-37	2823-2825	de	
11-38	2826-2831	swerm	
11-39	2832-2835	tyt	
11-40	2836-2840	maar	
11-41	2841-2847	eenige	
11-42	2848-2853	uuren	
11-43	2854-2856	in	
11-44	2857-2860	een	
11-45	2861-2868	doosken	
11-46	2869-2872	syn	
11-47	2873-2884	opgeslooten	
11-48	2885-2892	geweest	
11-49	2892-2893	?	
