#FORMAT=WebAnno TSV 3.3


#Text=14 Et cum jam esset ad mortem, sic ait : Potius est ab hominibus morti datos spem exspectare a Deo, iterum ab ipso resuscitandos : tibi enim resurrectio ad vitam non erit.
#Text=15 Et cum admovissent quintum, vexabant eum.
1-1	2-4	14	
1-2	5-7	Et	
1-3	8-11	cum	
1-4	12-15	jam	
1-5	16-21	esset	
1-6	22-24	ad	
1-7	25-31	mortem	
1-8	31-32	,	
1-9	33-36	sic	
1-10	37-40	ait	
1-11	41-42	:	
1-12	43-49	Potius	
1-13	50-53	est	
1-14	54-56	ab	
1-15	57-66	hominibus	
1-16	67-72	morti	
1-17	73-78	datos	
1-18	79-83	spem	
1-19	84-94	exspectare	
1-20	95-96	a	
1-21	97-100	Deo	
1-22	100-101	,	
1-23	102-108	iterum	
1-24	109-111	ab	
1-25	112-116	ipso	
1-26	117-130	resuscitandos	
1-27	131-132	:	
1-28	133-137	tibi	
1-29	138-142	enim	
1-30	143-154	resurrectio	
1-31	155-157	ad	
1-32	158-163	vitam	
1-33	164-167	non	
1-34	168-172	erit	
1-35	172-173	.	
1-36	174-176	15	
1-37	177-179	Et	
1-38	180-183	cum	
1-39	184-195	admovissent	
1-40	196-203	quintum	
1-41	203-204	,	
1-42	205-213	vexabant	
1-43	214-217	eum	
1-44	217-218	.	

#Text=At ille respiciens in eum, 16 dixit : Potestatem inter homines habens, cum sis corruptibilis, facis quod vis : noli autem putare genus nostrum a Deo esse derelictum : 17 tu autem patienter sustine, et videbis magnam potestatem ipsius, qualiter te et semen tuum torquebit.
#Text=18 Post hunc ducebant sextum, et is, mori incipiens, sic ait : Noli frustra errare : nos enim propter nosmetipsos hæc patimur, peccantes in Deum nostrum, et digna admiratione facta sunt in nobis : 19 tu autem ne existimes tibi impune futurum, quod contra Deum pugnare tentaveris.
#Text=20 Supra modum autem mater mirabilis, et bonorum memoria digna, quæ pereuntes septem filios sub unius diei tempore conspiciens, bono animo ferebat propter spem quam in Deum habebat : 21 singulos illorum hortabatur voce patria fortiter, repleta sapientia : et, femineæ cogitationi masculinum animum inserens, 22 dixit ad eos : Nescio qualiter in utero meo apparuistis, neque enim ego spiritum et animam donavi vobis et vitam, et singulorum membra non ego ipsa compegi : 23 sed enim mundi Creator, qui formavit hominis nativitatem, quique omnium invenit originem, et spiritum vobis iterum cum misericordia reddet et vitam, sicut nunc vosmetipsos despicitis propter leges ejus.
#Text=24 Antiochus autem, contemni se arbitratus, simul et exprobrantis voce despecta, cum adhuc adolescentior superesset, non solum verbis hortabatur, sed et cum juramento affirmabat se divitem et beatum facturum, et translatum a patriis legibus amicum habiturum, et res necessarias ei præbiturum.
#Text=25 Sed ad hæc cum adolescens nequaquam inclinaretur, vocavit rex matrem, et suadebat ei ut adolescenti fieret in salutem.
#Text=26 Cum autem multis eam verbis esset hortatus, promisit suasurum se filio suo.
#Text=27 Itaque inclinata ad illum, irridens crudelem tyrannum, ait patria voce : Fili mi, miserere mei, quæ te in utero novem mensibus portavi, et lac triennio dedi et alui, et in ætatem istam perduxi.
#Text=28 Peto, nate, ut aspicias ad cælum et terram, et ad omnia quæ in eis sunt, et intelligas quia ex nihilo fecit illa Deus, et hominum genus : 29 ita fiet, ut non timeas carnificem istum, sed dignus fratribus tuis effectus particeps, suscipe mortem, ut in illa miseratione cum fratribus tuis te recipiam.
#Text=30 Cum hæc illa adhuc diceret, ait adolescens : Quem sustinetis ?
2-1	219-221	At	
2-2	222-226	ille	
2-3	227-237	respiciens	
2-4	238-240	in	
2-5	241-244	eum	
2-6	244-245	,	
2-7	246-248	16	
2-8	249-254	dixit	
2-9	255-256	:	
2-10	257-267	Potestatem	
2-11	268-273	inter	
2-12	274-281	homines	
2-13	282-288	habens	
2-14	288-289	,	
2-15	290-293	cum	
2-16	294-297	sis	
2-17	298-311	corruptibilis	
2-18	311-312	,	
2-19	313-318	facis	
2-20	319-323	quod	
2-21	324-327	vis	
2-22	328-329	:	
2-23	330-334	noli	
2-24	335-340	autem	
2-25	341-347	putare	
2-26	348-353	genus	
2-27	354-361	nostrum	
2-28	362-363	a	
2-29	364-367	Deo	
2-30	368-372	esse	
2-31	373-383	derelictum	
2-32	384-385	:	
2-33	386-388	17	
2-34	389-391	tu	
2-35	392-397	autem	
2-36	398-407	patienter	
2-37	408-415	sustine	
2-38	415-416	,	
2-39	417-419	et	
2-40	420-427	videbis	
2-41	428-434	magnam	
2-42	435-445	potestatem	
2-43	446-452	ipsius	
2-44	452-453	,	
2-45	454-462	qualiter	
2-46	463-465	te	
2-47	466-468	et	
2-48	469-474	semen	
2-49	475-479	tuum	
2-50	480-489	torquebit	
2-51	489-490	.	
2-52	491-493	18	
2-53	494-498	Post	
2-54	499-503	hunc	
2-55	504-512	ducebant	
2-56	513-519	sextum	
2-57	519-520	,	
2-58	521-523	et	
2-59	524-526	is	
2-60	526-527	,	
2-61	528-532	mori	
2-62	533-542	incipiens	
2-63	542-543	,	
2-64	544-547	sic	
2-65	548-551	ait	
2-66	552-553	:	
2-67	554-558	Noli	
2-68	559-566	frustra	
2-69	567-573	errare	
2-70	574-575	:	
2-71	576-579	nos	
2-72	580-584	enim	
2-73	585-592	propter	
2-74	593-604	nosmetipsos	
2-75	605-608	hæc	
2-76	609-616	patimur	
2-77	616-617	,	
2-78	618-627	peccantes	
2-79	628-630	in	
2-80	631-635	Deum	
2-81	636-643	nostrum	
2-82	643-644	,	
2-83	645-647	et	
2-84	648-653	digna	
2-85	654-665	admiratione	
2-86	666-671	facta	
2-87	672-676	sunt	
2-88	677-679	in	
2-89	680-685	nobis	
2-90	686-687	:	
2-91	688-690	19	
2-92	691-693	tu	
2-93	694-699	autem	
2-94	700-702	ne	
2-95	703-712	existimes	
2-96	713-717	tibi	
2-97	718-724	impune	
2-98	725-732	futurum	
2-99	732-733	,	
2-100	734-738	quod	
2-101	739-745	contra	
2-102	746-750	Deum	
2-103	751-758	pugnare	
2-104	759-769	tentaveris	
2-105	769-770	.	
2-106	771-773	20	
2-107	774-779	Supra	
2-108	780-785	modum	
2-109	786-791	autem	
2-110	792-797	mater	
2-111	798-807	mirabilis	
2-112	807-808	,	
2-113	809-811	et	
2-114	812-819	bonorum	
2-115	820-827	memoria	
2-116	828-833	digna	
2-117	833-834	,	
2-118	835-838	quæ	
2-119	839-848	pereuntes	
2-120	849-855	septem	
2-121	856-862	filios	
2-122	863-866	sub	
2-123	867-872	unius	
2-124	873-877	diei	
2-125	878-885	tempore	
2-126	886-897	conspiciens	
2-127	897-898	,	
2-128	899-903	bono	
2-129	904-909	animo	
2-130	910-917	ferebat	
2-131	918-925	propter	
2-132	926-930	spem	
2-133	931-935	quam	
2-134	936-938	in	
2-135	939-943	Deum	
2-136	944-951	habebat	
2-137	952-953	:	
2-138	954-956	21	
2-139	957-965	singulos	
2-140	966-973	illorum	
2-141	974-984	hortabatur	
2-142	985-989	voce	
2-143	990-996	patria	
2-144	997-1005	fortiter	
2-145	1005-1006	,	
2-146	1007-1014	repleta	
2-147	1015-1024	sapientia	
2-148	1025-1026	:	
2-149	1027-1029	et	
2-150	1029-1030	,	
2-151	1031-1038	femineæ	
2-152	1039-1050	cogitationi	
2-153	1051-1061	masculinum	
2-154	1062-1068	animum	
2-155	1069-1077	inserens	
2-156	1077-1078	,	
2-157	1079-1081	22	
2-158	1082-1087	dixit	
2-159	1088-1090	ad	
2-160	1091-1094	eos	
2-161	1095-1096	:	
2-162	1097-1103	Nescio	
2-163	1104-1112	qualiter	
2-164	1113-1115	in	
2-165	1116-1121	utero	
2-166	1122-1125	meo	
2-167	1126-1137	apparuistis	
2-168	1137-1138	,	
2-169	1139-1144	neque	
2-170	1145-1149	enim	
2-171	1150-1153	ego	
2-172	1154-1162	spiritum	
2-173	1163-1165	et	
2-174	1166-1172	animam	
2-175	1173-1179	donavi	
2-176	1180-1185	vobis	
2-177	1186-1188	et	
2-178	1189-1194	vitam	
2-179	1194-1195	,	
2-180	1196-1198	et	
2-181	1199-1209	singulorum	
2-182	1210-1216	membra	
2-183	1217-1220	non	
2-184	1221-1224	ego	
2-185	1225-1229	ipsa	
2-186	1230-1237	compegi	
2-187	1238-1239	:	
2-188	1240-1242	23	
2-189	1243-1246	sed	
2-190	1247-1251	enim	
2-191	1252-1257	mundi	
2-192	1258-1265	Creator	
2-193	1265-1266	,	
2-194	1267-1270	qui	
2-195	1271-1279	formavit	
2-196	1280-1287	hominis	
2-197	1288-1299	nativitatem	
2-198	1299-1300	,	
2-199	1301-1307	quique	
2-200	1308-1314	omnium	
2-201	1315-1322	invenit	
2-202	1323-1331	originem	
2-203	1331-1332	,	
2-204	1333-1335	et	
2-205	1336-1344	spiritum	
2-206	1345-1350	vobis	
2-207	1351-1357	iterum	
2-208	1358-1361	cum	
2-209	1362-1374	misericordia	
2-210	1375-1381	reddet	
2-211	1382-1384	et	
2-212	1385-1390	vitam	
2-213	1390-1391	,	
2-214	1392-1397	sicut	
2-215	1398-1402	nunc	
2-216	1403-1414	vosmetipsos	
2-217	1415-1425	despicitis	
2-218	1426-1433	propter	
2-219	1434-1439	leges	
2-220	1440-1444	ejus	
2-221	1444-1445	.	
2-222	1446-1448	24	
2-223	1449-1458	Antiochus	
2-224	1459-1464	autem	
2-225	1464-1465	,	
2-226	1466-1474	contemni	
2-227	1475-1477	se	
2-228	1478-1488	arbitratus	
2-229	1488-1489	,	
2-230	1490-1495	simul	
2-231	1496-1498	et	
2-232	1499-1511	exprobrantis	
2-233	1512-1516	voce	
2-234	1517-1525	despecta	
2-235	1525-1526	,	
2-236	1527-1530	cum	
2-237	1531-1536	adhuc	
2-238	1537-1550	adolescentior	
2-239	1551-1561	superesset	
2-240	1561-1562	,	
2-241	1563-1566	non	
2-242	1567-1572	solum	
2-243	1573-1579	verbis	
2-244	1580-1590	hortabatur	
2-245	1590-1591	,	
2-246	1592-1595	sed	
2-247	1596-1598	et	
2-248	1599-1602	cum	
2-249	1603-1612	juramento	
2-250	1613-1623	affirmabat	
2-251	1624-1626	se	
2-252	1627-1634	divitem	
2-253	1635-1637	et	
2-254	1638-1644	beatum	
2-255	1645-1653	facturum	
2-256	1653-1654	,	
2-257	1655-1657	et	
2-258	1658-1668	translatum	
2-259	1669-1670	a	
2-260	1671-1678	patriis	
2-261	1679-1686	legibus	
2-262	1687-1693	amicum	
2-263	1694-1703	habiturum	
2-264	1703-1704	,	
2-265	1705-1707	et	
2-266	1708-1711	res	
2-267	1712-1723	necessarias	
2-268	1724-1726	ei	
2-269	1727-1737	præbiturum	
2-270	1737-1738	.	
2-271	1739-1741	25	
2-272	1742-1745	Sed	
2-273	1746-1748	ad	
2-274	1749-1752	hæc	
2-275	1753-1756	cum	
2-276	1757-1767	adolescens	
2-277	1768-1777	nequaquam	
2-278	1778-1790	inclinaretur	
2-279	1790-1791	,	
2-280	1792-1799	vocavit	
2-281	1800-1803	rex	
2-282	1804-1810	matrem	
2-283	1810-1811	,	
2-284	1812-1814	et	
2-285	1815-1823	suadebat	
2-286	1824-1826	ei	
2-287	1827-1829	ut	
2-288	1830-1841	adolescenti	
2-289	1842-1848	fieret	
2-290	1849-1851	in	
2-291	1852-1859	salutem	
2-292	1859-1860	.	
2-293	1861-1863	26	
2-294	1864-1867	Cum	
2-295	1868-1873	autem	
2-296	1874-1880	multis	
2-297	1881-1884	eam	
2-298	1885-1891	verbis	
2-299	1892-1897	esset	
2-300	1898-1906	hortatus	
2-301	1906-1907	,	
2-302	1908-1916	promisit	
2-303	1917-1925	suasurum	
2-304	1926-1928	se	
2-305	1929-1934	filio	
2-306	1935-1938	suo	
2-307	1938-1939	.	
2-308	1940-1942	27	
2-309	1943-1949	Itaque	
2-310	1950-1959	inclinata	
2-311	1960-1962	ad	
2-312	1963-1968	illum	
2-313	1968-1969	,	
2-314	1970-1978	irridens	
2-315	1979-1987	crudelem	
2-316	1988-1996	tyrannum	
2-317	1996-1997	,	
2-318	1998-2001	ait	
2-319	2002-2008	patria	
2-320	2009-2013	voce	
2-321	2014-2015	:	
2-322	2016-2020	Fili	
2-323	2021-2023	mi	
2-324	2023-2024	,	
2-325	2025-2033	miserere	
2-326	2034-2037	mei	
2-327	2037-2038	,	
2-328	2039-2042	quæ	
2-329	2043-2045	te	
2-330	2046-2048	in	
2-331	2049-2054	utero	
2-332	2055-2060	novem	
2-333	2061-2069	mensibus	
2-334	2070-2077	portavi	
2-335	2077-2078	,	
2-336	2079-2081	et	
2-337	2082-2085	lac	
2-338	2086-2094	triennio	
2-339	2095-2099	dedi	
2-340	2100-2102	et	
2-341	2103-2107	alui	
2-342	2107-2108	,	
2-343	2109-2111	et	
2-344	2112-2114	in	
2-345	2115-2121	ætatem	
2-346	2122-2127	istam	
2-347	2128-2135	perduxi	
2-348	2135-2136	.	
2-349	2137-2139	28	
2-350	2140-2144	Peto	
2-351	2144-2145	,	
2-352	2146-2150	nate	
2-353	2150-2151	,	
2-354	2152-2154	ut	
2-355	2155-2163	aspicias	
2-356	2164-2166	ad	
2-357	2167-2172	cælum	
2-358	2173-2175	et	
2-359	2176-2182	terram	
2-360	2182-2183	,	
2-361	2184-2186	et	
2-362	2187-2189	ad	
2-363	2190-2195	omnia	
2-364	2196-2199	quæ	
2-365	2200-2202	in	
2-366	2203-2206	eis	
2-367	2207-2211	sunt	
2-368	2211-2212	,	
2-369	2213-2215	et	
2-370	2216-2226	intelligas	
2-371	2227-2231	quia	
2-372	2232-2234	ex	
2-373	2235-2241	nihilo	
2-374	2242-2247	fecit	
2-375	2248-2252	illa	
2-376	2253-2257	Deus	
2-377	2257-2258	,	
2-378	2259-2261	et	
2-379	2262-2269	hominum	
2-380	2270-2275	genus	
2-381	2276-2277	:	
2-382	2278-2280	29	
2-383	2281-2284	ita	
2-384	2285-2289	fiet	
2-385	2289-2290	,	
2-386	2291-2293	ut	
2-387	2294-2297	non	
2-388	2298-2304	timeas	
2-389	2305-2315	carnificem	
2-390	2316-2321	istum	
2-391	2321-2322	,	
2-392	2323-2326	sed	
2-393	2327-2333	dignus	
2-394	2334-2343	fratribus	
2-395	2344-2348	tuis	
2-396	2349-2357	effectus	
2-397	2358-2367	particeps	
2-398	2367-2368	,	
2-399	2369-2376	suscipe	
2-400	2377-2383	mortem	
2-401	2383-2384	,	
2-402	2385-2387	ut	
2-403	2388-2390	in	
2-404	2391-2395	illa	
2-405	2396-2407	miseratione	
2-406	2408-2411	cum	
2-407	2412-2421	fratribus	
2-408	2422-2426	tuis	
2-409	2427-2429	te	
2-410	2430-2438	recipiam	
2-411	2438-2439	.	
2-412	2440-2442	30	
2-413	2443-2446	Cum	
2-414	2447-2450	hæc	
2-415	2451-2455	illa	
2-416	2456-2461	adhuc	
2-417	2462-2469	diceret	
2-418	2469-2470	,	
2-419	2471-2474	ait	
2-420	2475-2485	adolescens	
2-421	2486-2487	:	
2-422	2488-2492	Quem	
2-423	2493-2503	sustinetis	
2-424	2504-2505	?	

#Text=non obedio præcepto regis, sed præcepto legis, quæ data est nobis per Moysen.
#Text=31 Tu vero, qui inventor omnis malitiæ factus es in Hebræos, non effugies manum Dei.
#Text=32 Nos enim pro peccatis nostris hæc patimur.
#Text=33 Et si nobis propter increpationem et correptionem Dominus Deus noster modicum iratus est : sed iterum reconciliabitur servis suis.
#Text=34 Tu autem, o sceleste, et omnium hominum flagitiosissime, noli frustra extolli vanis spebus in servos ejus inflammatus : 35 nondum enim omnipotentis Dei, et omnia inspicientis, judicium effugisti.
#Text=36 Nam fratres mei, modico nunc dolore sustentato, sub testamento æternæ vitæ effecti sunt : tu vero judicio Dei justas superbiæ tuæ pœnas exsolves.
#Text=37 Ego autem, sicut fratres mei, animam et corpus meum trado pro patriis legibus, invocans Deum maturius genti nostræ propitium fieri, teque cum tormentis et verberibus confiteri quod ipse est Deus solus.
#Text=38 In me vero et in fratribus meis desinet Omnipotentis ira, quæ super omne genus nostrum juste superducta est.
#Text=39 Tunc rex accensus ira in hunc, super omnes crudelius desævit, indigne ferens se derisum.
3-1	2506-2509	non	
3-2	2510-2516	obedio	
3-3	2517-2525	præcepto	
3-4	2526-2531	regis	
3-5	2531-2532	,	
3-6	2533-2536	sed	
3-7	2537-2545	præcepto	
3-8	2546-2551	legis	
3-9	2551-2552	,	
3-10	2553-2556	quæ	
3-11	2557-2561	data	
3-12	2562-2565	est	
3-13	2566-2571	nobis	
3-14	2572-2575	per	
3-15	2576-2582	Moysen	
3-16	2582-2583	.	
3-17	2584-2586	31	
3-18	2587-2589	Tu	
3-19	2590-2594	vero	
3-20	2594-2595	,	
3-21	2596-2599	qui	
3-22	2600-2608	inventor	
3-23	2609-2614	omnis	
3-24	2615-2622	malitiæ	
3-25	2623-2629	factus	
3-26	2630-2632	es	
3-27	2633-2635	in	
3-28	2636-2643	Hebræos	
3-29	2643-2644	,	
3-30	2645-2648	non	
3-31	2649-2657	effugies	
3-32	2658-2663	manum	
3-33	2664-2667	Dei	
3-34	2667-2668	.	
3-35	2669-2671	32	
3-36	2672-2675	Nos	
3-37	2676-2680	enim	
3-38	2681-2684	pro	
3-39	2685-2693	peccatis	
3-40	2694-2701	nostris	
3-41	2702-2705	hæc	
3-42	2706-2713	patimur	
3-43	2713-2714	.	
3-44	2715-2717	33	
3-45	2718-2720	Et	
3-46	2721-2723	si	
3-47	2724-2729	nobis	
3-48	2730-2737	propter	
3-49	2738-2751	increpationem	
3-50	2752-2754	et	
3-51	2755-2767	correptionem	
3-52	2768-2775	Dominus	
3-53	2776-2780	Deus	
3-54	2781-2787	noster	
3-55	2788-2795	modicum	
3-56	2796-2802	iratus	
3-57	2803-2806	est	
3-58	2807-2808	:	
3-59	2809-2812	sed	
3-60	2813-2819	iterum	
3-61	2820-2835	reconciliabitur	
3-62	2836-2842	servis	
3-63	2843-2847	suis	
3-64	2847-2848	.	
3-65	2849-2851	34	
3-66	2852-2854	Tu	
3-67	2855-2860	autem	
3-68	2860-2861	,	
3-69	2862-2863	o	
3-70	2864-2872	sceleste	
3-71	2872-2873	,	
3-72	2874-2876	et	
3-73	2877-2883	omnium	
3-74	2884-2891	hominum	
3-75	2892-2907	flagitiosissime	
3-76	2907-2908	,	
3-77	2909-2913	noli	
3-78	2914-2921	frustra	
3-79	2922-2929	extolli	
3-80	2930-2935	vanis	
3-81	2936-2942	spebus	
3-82	2943-2945	in	
3-83	2946-2952	servos	
3-84	2953-2957	ejus	
3-85	2958-2969	inflammatus	
3-86	2970-2971	:	
3-87	2972-2974	35	
3-88	2975-2981	nondum	
3-89	2982-2986	enim	
3-90	2987-2999	omnipotentis	
3-91	3000-3003	Dei	
3-92	3003-3004	,	
3-93	3005-3007	et	
3-94	3008-3013	omnia	
3-95	3014-3026	inspicientis	
3-96	3026-3027	,	
3-97	3028-3036	judicium	
3-98	3037-3046	effugisti	
3-99	3046-3047	.	
3-100	3048-3050	36	
3-101	3051-3054	Nam	
3-102	3055-3062	fratres	
3-103	3063-3066	mei	
3-104	3066-3067	,	
3-105	3068-3074	modico	
3-106	3075-3079	nunc	
3-107	3080-3086	dolore	
3-108	3087-3097	sustentato	
3-109	3097-3098	,	
3-110	3099-3102	sub	
3-111	3103-3113	testamento	
3-112	3114-3120	æternæ	
3-113	3121-3125	vitæ	
3-114	3126-3133	effecti	
3-115	3134-3138	sunt	
3-116	3139-3140	:	
3-117	3141-3143	tu	
3-118	3144-3148	vero	
3-119	3149-3156	judicio	
3-120	3157-3160	Dei	
3-121	3161-3167	justas	
3-122	3168-3176	superbiæ	
3-123	3177-3180	tuæ	
3-124	3181-3186	pœnas	
3-125	3187-3195	exsolves	
3-126	3195-3196	.	
3-127	3197-3199	37	
3-128	3200-3203	Ego	
3-129	3204-3209	autem	
3-130	3209-3210	,	
3-131	3211-3216	sicut	
3-132	3217-3224	fratres	
3-133	3225-3228	mei	
3-134	3228-3229	,	
3-135	3230-3236	animam	
3-136	3237-3239	et	
3-137	3240-3246	corpus	
3-138	3247-3251	meum	
3-139	3252-3257	trado	
3-140	3258-3261	pro	
3-141	3262-3269	patriis	
3-142	3270-3277	legibus	
3-143	3277-3278	,	
3-144	3279-3287	invocans	
3-145	3288-3292	Deum	
3-146	3293-3301	maturius	
3-147	3302-3307	genti	
3-148	3308-3314	nostræ	
3-149	3315-3324	propitium	
3-150	3325-3330	fieri	
3-151	3330-3331	,	
3-152	3332-3337	teque	
3-153	3338-3341	cum	
3-154	3342-3351	tormentis	
3-155	3352-3354	et	
3-156	3355-3365	verberibus	
3-157	3366-3375	confiteri	
3-158	3376-3380	quod	
3-159	3381-3385	ipse	
3-160	3386-3389	est	
3-161	3390-3394	Deus	
3-162	3395-3400	solus	
3-163	3400-3401	.	
3-164	3402-3404	38	
3-165	3405-3407	In	
3-166	3408-3410	me	
3-167	3411-3415	vero	
3-168	3416-3418	et	
3-169	3419-3421	in	
3-170	3422-3431	fratribus	
3-171	3432-3436	meis	
3-172	3437-3444	desinet	
3-173	3445-3457	Omnipotentis	
3-174	3458-3461	ira	
3-175	3461-3462	,	
3-176	3463-3466	quæ	
3-177	3467-3472	super	
3-178	3473-3477	omne	
3-179	3478-3483	genus	
3-180	3484-3491	nostrum	
3-181	3492-3497	juste	
3-182	3498-3508	superducta	
3-183	3509-3512	est	
3-184	3512-3513	.	
3-185	3514-3516	39	
3-186	3517-3521	Tunc	
3-187	3522-3525	rex	
3-188	3526-3534	accensus	
3-189	3535-3538	ira	
3-190	3539-3541	in	
3-191	3542-3546	hunc	
3-192	3546-3547	,	
3-193	3548-3553	super	
3-194	3554-3559	omnes	
3-195	3560-3569	crudelius	
3-196	3570-3577	desævit	
3-197	3577-3578	,	
3-198	3579-3586	indigne	
3-199	3587-3593	ferens	
3-200	3594-3596	se	
3-201	3597-3604	derisum	
3-202	3604-3605	.	
