#FORMAT=WebAnno TSV 3.3


#Text=Vere fœnum est populus : 8 exsiccatum est fœnum, et cecidit flos ; verbum autem Domini nostri manet in æternum.
#Text=9 Super montem excelsum ascende, tu qui evangelizas Sion ; exalta in fortitudine vocem tuam, qui evangelizas Jerusalem : exalta, noli timere.
1-1	2-6	Vere	
1-2	7-12	fœnum	
1-3	13-16	est	
1-4	17-24	populus	
1-5	25-26	:	
1-6	27-28	8	
1-7	29-39	exsiccatum	
1-8	40-43	est	
1-9	44-49	fœnum	
1-10	49-50	,	
1-11	51-53	et	
1-12	54-61	cecidit	
1-13	62-66	flos	
1-14	67-68	;	
1-15	69-75	verbum	
1-16	76-81	autem	
1-17	82-88	Domini	
1-18	89-95	nostri	
1-19	96-101	manet	
1-20	102-104	in	
1-21	105-112	æternum	
1-22	112-113	.	
1-23	114-115	9	
1-24	116-121	Super	
1-25	122-128	montem	
1-26	129-137	excelsum	
1-27	138-145	ascende	
1-28	145-146	,	
1-29	147-149	tu	
1-30	150-153	qui	
1-31	154-165	evangelizas	
1-32	166-170	Sion	
1-33	171-172	;	
1-34	173-179	exalta	
1-35	180-182	in	
1-36	183-194	fortitudine	
1-37	195-200	vocem	
1-38	201-205	tuam	
1-39	205-206	,	
1-40	207-210	qui	
1-41	211-222	evangelizas	
1-42	223-232	Jerusalem	
1-43	233-234	:	
1-44	235-241	exalta	
1-45	241-242	,	
1-46	243-247	noli	
1-47	248-254	timere	
1-48	254-255	.	

#Text=Dic civitatibus Juda : Ecce Deus vester : 10 ecce Dominus Deus in fortitudine veniet, et brachium ejus dominabitur : ecce merces ejus cum eo, et opus illius coram illo.
#Text=11 Sicut pastor gregem suum pascet, in brachio suo congregabit agnos, et in sinu suo levabit ; fœtas ipse portabit.
#Text=12 Quis mensus est pugillo aquas, et cælos palmo ponderavit ?
2-1	256-259	Dic	
2-2	260-271	civitatibus	
2-3	272-276	Juda	
2-4	277-278	:	
2-5	279-283	Ecce	
2-6	284-288	Deus	
2-7	289-295	vester	
2-8	296-297	:	
2-9	298-300	10	
2-10	301-305	ecce	
2-11	306-313	Dominus	
2-12	314-318	Deus	
2-13	319-321	in	
2-14	322-333	fortitudine	
2-15	334-340	veniet	
2-16	340-341	,	
2-17	342-344	et	
2-18	345-353	brachium	
2-19	354-358	ejus	
2-20	359-370	dominabitur	
2-21	371-372	:	
2-22	373-377	ecce	
2-23	378-384	merces	
2-24	385-389	ejus	
2-25	390-393	cum	
2-26	394-396	eo	
2-27	396-397	,	
2-28	398-400	et	
2-29	401-405	opus	
2-30	406-412	illius	
2-31	413-418	coram	
2-32	419-423	illo	
2-33	423-424	.	
2-34	425-427	11	
2-35	428-433	Sicut	
2-36	434-440	pastor	
2-37	441-447	gregem	
2-38	448-452	suum	
2-39	453-459	pascet	
2-40	459-460	,	
2-41	461-463	in	
2-42	464-471	brachio	
2-43	472-475	suo	
2-44	476-487	congregabit	
2-45	488-493	agnos	
2-46	493-494	,	
2-47	495-497	et	
2-48	498-500	in	
2-49	501-505	sinu	
2-50	506-509	suo	
2-51	510-517	levabit	
2-52	518-519	;	
2-53	520-525	fœtas	
2-54	526-530	ipse	
2-55	531-539	portabit	
2-56	539-540	.	
2-57	541-543	12	
2-58	544-548	Quis	
2-59	549-555	mensus	
2-60	556-559	est	
2-61	560-567	pugillo	
2-62	568-573	aquas	
2-63	573-574	,	
2-64	575-577	et	
2-65	578-583	cælos	
2-66	584-589	palmo	
2-67	590-600	ponderavit	
2-68	601-602	?	

#Text=quis appendit tribus digitis molem terræ, et libravit in pondere montes, et colles in statera ?
3-1	603-607	quis	
3-2	608-616	appendit	
3-3	617-623	tribus	
3-4	624-631	digitis	
3-5	632-637	molem	
3-6	638-643	terræ	
3-7	643-644	,	
3-8	645-647	et	
3-9	648-656	libravit	
3-10	657-659	in	
3-11	660-667	pondere	
3-12	668-674	montes	
3-13	674-675	,	
3-14	676-678	et	
3-15	679-685	colles	
3-16	686-688	in	
3-17	689-696	statera	
3-18	697-698	?	

#Text=13 Quis adjuvit spiritum Domini ?
4-1	699-701	13	
4-2	702-706	Quis	
4-3	707-714	adjuvit	
4-4	715-723	spiritum	
4-5	724-730	Domini	
4-6	731-732	?	

#Text=aut quis consiliarius ejus fuit, et ostendit illi ?
5-1	733-736	aut	
5-2	737-741	quis	
5-3	742-754	consiliarius	
5-4	755-759	ejus	
5-5	760-764	fuit	
5-6	764-765	,	
5-7	766-768	et	
5-8	769-777	ostendit	
5-9	778-782	illi	
5-10	783-784	?	

#Text=14 cum quo iniit consilium, et instruxit eum, et docuit eum semitam justitiæ, et erudivit eum scientiam, et viam prudentiæ ostendit illi ?
6-1	785-787	14	
6-2	788-791	cum	
6-3	792-795	quo	
6-4	796-801	iniit	
6-5	802-811	consilium	
6-6	811-812	,	
6-7	813-815	et	
6-8	816-825	instruxit	
6-9	826-829	eum	
6-10	829-830	,	
6-11	831-833	et	
6-12	834-840	docuit	
6-13	841-844	eum	
6-14	845-852	semitam	
6-15	853-861	justitiæ	
6-16	861-862	,	
6-17	863-865	et	
6-18	866-874	erudivit	
6-19	875-878	eum	
6-20	879-888	scientiam	
6-21	888-889	,	
6-22	890-892	et	
6-23	893-897	viam	
6-24	898-907	prudentiæ	
6-25	908-916	ostendit	
6-26	917-921	illi	
6-27	922-923	?	

#Text=15 Ecce gentes quasi stilla situlæ, et quasi momentum stateræ reputatæ sunt ; ecce insulæ quasi pulvis exiguus.
#Text=16 Et Libanus non sufficiet ad succendendum, et animalia ejus non sufficient ad holocaustum.
#Text=17 Omnes gentes quasi non sint, sic sunt coram eo, et quasi nihilum et inane reputatæ sunt ei.
#Text=18 Cui ergo similem fecisti Deum ?
7-1	924-926	15	
7-2	927-931	Ecce	
7-3	932-938	gentes	
7-4	939-944	quasi	
7-5	945-951	stilla	
7-6	952-958	situlæ	
7-7	958-959	,	
7-8	960-962	et	
7-9	963-968	quasi	
7-10	969-977	momentum	
7-11	978-985	stateræ	
7-12	986-994	reputatæ	
7-13	995-999	sunt	
7-14	1000-1001	;	
7-15	1002-1006	ecce	
7-16	1007-1013	insulæ	
7-17	1014-1019	quasi	
7-18	1020-1026	pulvis	
7-19	1027-1034	exiguus	
7-20	1034-1035	.	
7-21	1036-1038	16	
7-22	1039-1041	Et	
7-23	1042-1049	Libanus	
7-24	1050-1053	non	
7-25	1054-1063	sufficiet	
7-26	1064-1066	ad	
7-27	1067-1079	succendendum	
7-28	1079-1080	,	
7-29	1081-1083	et	
7-30	1084-1092	animalia	
7-31	1093-1097	ejus	
7-32	1098-1101	non	
7-33	1102-1112	sufficient	
7-34	1113-1115	ad	
7-35	1116-1127	holocaustum	
7-36	1127-1128	.	
7-37	1129-1131	17	
7-38	1132-1137	Omnes	
7-39	1138-1144	gentes	
7-40	1145-1150	quasi	
7-41	1151-1154	non	
7-42	1155-1159	sint	
7-43	1159-1160	,	
7-44	1161-1164	sic	
7-45	1165-1169	sunt	
7-46	1170-1175	coram	
7-47	1176-1178	eo	
7-48	1178-1179	,	
7-49	1180-1182	et	
7-50	1183-1188	quasi	
7-51	1189-1196	nihilum	
7-52	1197-1199	et	
7-53	1200-1205	inane	
7-54	1206-1214	reputatæ	
7-55	1215-1219	sunt	
7-56	1220-1222	ei	
7-57	1222-1223	.	
7-58	1224-1226	18	
7-59	1227-1230	Cui	
7-60	1231-1235	ergo	
7-61	1236-1243	similem	
7-62	1244-1251	fecisti	
7-63	1252-1256	Deum	
7-64	1257-1258	?	

#Text=aut quam imaginem ponetis ei ?
8-1	1259-1262	aut	
8-2	1263-1267	quam	
8-3	1268-1276	imaginem	
8-4	1277-1284	ponetis	
8-5	1285-1287	ei	
8-6	1288-1289	?	

#Text=19 Numquid sculptile conflavit faber ?
9-1	1290-1292	19	
9-2	1293-1300	Numquid	
9-3	1301-1310	sculptile	
9-4	1311-1320	conflavit	
9-5	1321-1326	faber	
9-6	1327-1328	?	

#Text=aut aurifex auro figuravit illud, et laminis argenteis argentarius ?
10-1	1329-1332	aut	
10-2	1333-1340	aurifex	
10-3	1341-1345	auro	
10-4	1346-1355	figuravit	
10-5	1356-1361	illud	
10-6	1361-1362	,	
10-7	1363-1365	et	
10-8	1366-1373	laminis	
10-9	1374-1383	argenteis	
10-10	1384-1395	argentarius	
10-11	1396-1397	?	

#Text=20 Forte lignum et imputribile elegit ; artifex sapiens quærit quomodo statuat simulacrum, quod non moveatur.
#Text=21 Numquid non scitis ?
11-1	1398-1400	20	
11-2	1401-1406	Forte	
11-3	1407-1413	lignum	
11-4	1414-1416	et	
11-5	1417-1428	imputribile	
11-6	1429-1435	elegit	
11-7	1436-1437	;	
11-8	1438-1445	artifex	
11-9	1446-1453	sapiens	
11-10	1454-1460	quærit	
11-11	1461-1468	quomodo	
11-12	1469-1476	statuat	
11-13	1477-1487	simulacrum	
11-14	1487-1488	,	
11-15	1489-1493	quod	
11-16	1494-1497	non	
11-17	1498-1506	moveatur	
11-18	1506-1507	.	
11-19	1508-1510	21	
11-20	1511-1518	Numquid	
11-21	1519-1522	non	
11-22	1523-1529	scitis	
11-23	1530-1531	?	

#Text=numquid non audistis ?
12-1	1532-1539	numquid	
12-2	1540-1543	non	
12-3	1544-1552	audistis	
12-4	1553-1554	?	

#Text=numquid non annuntiatum est vobis ab initio ?
13-1	1555-1562	numquid	
13-2	1563-1566	non	
13-3	1567-1578	annuntiatum	
13-4	1579-1582	est	
13-5	1583-1588	vobis	
13-6	1589-1591	ab	
13-7	1592-1598	initio	
13-8	1599-1600	?	
