#FORMAT=WebAnno TSV 3.3


#Text=anders schijnt, dan een klomp vet, dat te samen gehoopt is.
1-1	3-9	anders	
1-2	10-17	schijnt	
1-3	17-18	,	
1-4	19-22	dan	
1-5	23-26	een	
1-6	27-32	klomp	
1-7	33-36	vet	
1-8	36-37	,	
1-9	38-41	dat	
1-10	42-44	te	
1-11	45-50	samen	
1-12	51-58	gehoopt	
1-13	59-61	is	
1-14	61-62	.	

#Text=Dese visch streckt sich 
#Text=boven mate uyt, en als hy sich niet meer kan uytrecken, soo werpt hy de visschen 
#Text=lichtelijck tot de mondt uyt, om dat hy, ghelijck oock d'andere visschen, gheen hals 
#Text=heeft.
2-1	63-67	Dese	
2-2	68-73	visch	
2-3	74-81	streckt	
2-4	82-86	sich	
2-5	88-93	boven	
2-6	94-98	mate	
2-7	99-102	uyt	
2-8	102-103	,	
2-9	104-106	en	
2-10	107-110	als	
2-11	111-113	hy	
2-12	114-118	sich	
2-13	119-123	niet	
2-14	124-128	meer	
2-15	129-132	kan	
2-16	133-142	uytrecken	
2-17	142-143	,	
2-18	144-147	soo	
2-19	148-153	werpt	
2-20	154-156	hy	
2-21	157-159	de	
2-22	160-168	visschen	
2-23	170-181	lichtelijck	
2-24	182-185	tot	
2-25	186-188	de	
2-26	189-194	mondt	
2-27	195-198	uyt	
2-28	198-199	,	
2-29	200-202	om	
2-30	203-206	dat	
2-31	207-209	hy	
2-32	209-210	,	
2-33	211-219	ghelijck	
2-34	220-224	oock	
2-35	225-233	d'andere	
2-36	234-242	visschen	
2-37	242-243	,	
2-38	244-249	gheen	
2-39	250-254	hals	
2-40	256-261	heeft	
2-41	261-262	.	

#Text=Sijn mondt streckt sich uyt tot aen sijn buyck.
3-1	263-267	Sijn	
3-2	268-273	mondt	
3-3	274-281	streckt	
3-4	282-286	sich	
3-5	287-290	uyt	
3-6	291-294	tot	
3-7	295-298	aen	
3-8	299-303	sijn	
3-9	304-309	buyck	
3-10	309-310	.	

#Text=Dit beest is dan soo dick, dat 
#Text=het, in gevaer zijnde, sijn vleesch, vet, en huydt, gelijck d'Egel, op sijn hooft 
#Text=verdubbelt, en, met na sich te trecken,
#Text=sijn hooft weghschuylt.
4-1	311-314	Dit	
4-2	315-320	beest	
4-3	321-323	is	
4-4	324-327	dan	
4-5	328-331	soo	
4-6	332-336	dick	
4-7	336-337	,	
4-8	338-341	dat	
4-9	343-346	het	
4-10	346-347	,	
4-11	348-350	in	
4-12	351-357	gevaer	
4-13	358-364	zijnde	
4-14	364-365	,	
4-15	366-370	sijn	
4-16	371-378	vleesch	
4-17	378-379	,	
4-18	380-383	vet	
4-19	383-384	,	
4-20	385-387	en	
4-21	388-393	huydt	
4-22	393-394	,	
4-23	395-402	gelijck	
4-24	403-409	d'Egel	
4-25	409-410	,	
4-26	411-413	op	
4-27	414-418	sijn	
4-28	419-424	hooft	
4-29	426-436	verdubbelt	
4-30	436-437	,	
4-31	438-440	en	
4-32	440-441	,	
4-33	442-445	met	
4-34	446-448	na	
4-35	449-453	sich	
4-36	454-456	te	
4-37	457-464	trecken	
4-38	464-465	,	
4-39	466-470	sijn	
4-40	471-476	hooft	
4-41	477-488	weghschuylt	
4-42	488-489	.	

#Text=Het doet dit oock niet 
#Text=sonder sijn schade; om dat het, voor de vyandelijcke beesten bevreest, sich, schoon 
#Text=van hongher ghedruckt, niet
#Text=
#Text=
#Text=
#Text=
#Text=openbaert, maer sich met sijn eyge vleesch onderhoudt, en liever verkiest ten deel 
#Text=self te verteeren, dan van de beesten, aen de selve tot een roof streckende, verslonden 
#Text=te werden.
5-1	490-493	Het	
5-2	494-498	doet	
5-3	499-502	dit	
5-4	503-507	oock	
5-5	508-512	niet	
5-6	514-520	sonder	
5-7	521-525	sijn	
5-8	526-532	schade	
5-9	532-533	;	
5-10	534-536	om	
5-11	537-540	dat	
5-12	541-544	het	
5-13	544-545	,	
5-14	546-550	voor	
5-15	551-553	de	
5-16	554-566	vyandelijcke	
5-17	567-574	beesten	
5-18	575-583	bevreest	
5-19	583-584	,	
5-20	585-589	sich	
5-21	589-590	,	
5-22	591-597	schoon	
5-23	599-602	van	
5-24	603-610	hongher	
5-25	611-620	ghedruckt	
5-26	620-621	,	
5-27	622-626	niet	
5-28	631-640	openbaert	
5-29	640-641	,	
5-30	642-646	maer	
5-31	647-651	sich	
5-32	652-655	met	
5-33	656-660	sijn	
5-34	661-665	eyge	
5-35	666-673	vleesch	
5-36	674-684	onderhoudt	
5-37	684-685	,	
5-38	686-688	en	
5-39	689-695	liever	
5-40	696-704	verkiest	
5-41	705-708	ten	
5-42	709-713	deel	
5-43	715-719	self	
5-44	720-722	te	
5-45	723-732	verteeren	
5-46	732-733	,	
5-47	734-737	dan	
5-48	738-741	van	
5-49	742-744	de	
5-50	745-752	beesten	
5-51	752-753	,	
5-52	754-757	aen	
5-53	758-760	de	
5-54	761-766	selve	
5-55	767-770	tot	
5-56	771-774	een	
5-57	775-779	roof	
5-58	780-790	streckende	
5-59	790-791	,	
5-60	792-802	verslonden	
5-61	804-806	te	
5-62	807-813	werden	
5-63	813-814	.	

#Text=Het doet echter groote naerstigheydt, om sich self te berghen, als 't gevaer 
#Text=wegh-genomen is.
6-1	815-818	Het	
6-2	819-823	doet	
6-3	824-830	echter	
6-4	831-837	groote	
6-5	838-851	naerstigheydt	
6-6	851-852	,	
6-7	853-855	om	
6-8	856-860	sich	
6-9	861-865	self	
6-10	866-868	te	
6-11	869-876	berghen	
6-12	876-877	,	
6-13	878-881	als	
6-14	882-883	'	
6-15	883-884	t	
6-16	885-891	gevaer	
6-17	893-905	wegh-genomen	
6-18	906-908	is	
6-19	908-909	.	

#Text=Daer is noch een ander zee-monster, Cahab genoemt, dat, ten 
#Text=opsicht van de grootheydt sijns lichaems, kleyne voeten heeft.
7-1	910-914	Daer	
7-2	915-917	is	
7-3	918-922	noch	
7-4	923-926	een	
7-5	927-932	ander	
7-6	933-944	zee-monster	
7-7	944-945	,	
7-8	946-951	Cahab	
7-9	952-959	genoemt	
7-10	959-960	,	
7-11	961-964	dat	
7-12	964-965	,	
7-13	966-969	ten	
7-14	971-978	opsicht	
7-15	979-982	van	
7-16	983-985	de	
7-17	986-996	grootheydt	
7-18	997-1002	sijns	
7-19	1003-1011	lichaems	
7-20	1011-1012	,	
7-21	1013-1019	kleyne	
7-22	1020-1026	voeten	
7-23	1027-1032	heeft	
7-24	1032-1033	.	

#Text=Het heeft echter een 
#Text=langhe voet, die het in plaets van een handt gebruyckt, om sich in alle sijn leden te 
#Text=verweeren, en daer me het de spijs aen sijn mondt brenght, en de kruyden afknaeght.
8-1	1034-1037	Het	
8-2	1038-1043	heeft	
8-3	1044-1050	echter	
8-4	1051-1054	een	
8-5	1056-1062	langhe	
8-6	1063-1067	voet	
8-7	1067-1068	,	
8-8	1069-1072	die	
8-9	1073-1076	het	
8-10	1077-1079	in	
8-11	1080-1086	plaets	
8-12	1087-1090	van	
8-13	1091-1094	een	
8-14	1095-1100	handt	
8-15	1101-1110	gebruyckt	
8-16	1110-1111	,	
8-17	1112-1114	om	
8-18	1115-1119	sich	
8-19	1120-1122	in	
8-20	1123-1127	alle	
8-21	1128-1132	sijn	
8-22	1133-1138	leden	
8-23	1139-1141	te	
8-24	1143-1152	verweeren	
8-25	1152-1153	,	
8-26	1154-1156	en	
8-27	1157-1161	daer	
8-28	1162-1164	me	
8-29	1165-1168	het	
8-30	1169-1171	de	
8-31	1172-1177	spijs	
8-32	1178-1181	aen	
8-33	1182-1186	sijn	
8-34	1187-1192	mondt	
8-35	1193-1200	brenght	
8-36	1200-1201	,	
8-37	1202-1204	en	
8-38	1205-1207	de	
8-39	1208-1215	kruyden	
8-40	1216-1225	afknaeght	
8-41	1225-1226	.	

#Text=Sijn voeten zijn meest kraeck-beenen, en van ghedaente als de voeten van een Koe 
#Text=of Kalf.
9-1	1228-1232	Sijn	
9-2	1233-1239	voeten	
9-3	1240-1244	zijn	
9-4	1245-1250	meest	
9-5	1251-1264	kraeck-beenen	
9-6	1264-1265	,	
9-7	1266-1268	en	
9-8	1269-1272	van	
9-9	1273-1282	ghedaente	
9-10	1283-1286	als	
9-11	1287-1289	de	
9-12	1290-1296	voeten	
9-13	1297-1300	van	
9-14	1301-1304	een	
9-15	1305-1308	Koe	
9-16	1310-1312	of	
9-17	1313-1317	Kalf	
9-18	1317-1318	.	

#Text=Dit beest, in 't water swemmende, ademt, en begeeft sich in de lucht, als het 
#Text=ademen sal, en werpt het water op in de hooghte, ghelijck de Dolfijn, en Walvisch.
10-1	1319-1322	Dit	
10-2	1323-1328	beest	
10-3	1328-1329	,	
10-4	1330-1332	in	
10-5	1333-1334	'	
10-6	1334-1335	t	
10-7	1336-1341	water	
10-8	1342-1351	swemmende	
10-9	1351-1352	,	
10-10	1353-1358	ademt	
10-11	1358-1359	,	
10-12	1360-1362	en	
10-13	1363-1370	begeeft	
10-14	1371-1375	sich	
10-15	1376-1378	in	
10-16	1379-1381	de	
10-17	1382-1387	lucht	
10-18	1387-1388	,	
10-19	1389-1392	als	
10-20	1393-1396	het	
10-21	1398-1404	ademen	
10-22	1405-1408	sal	
10-23	1408-1409	,	
10-24	1410-1412	en	
10-25	1413-1418	werpt	
10-26	1419-1422	het	
10-27	1423-1428	water	
10-28	1429-1431	op	
10-29	1432-1434	in	
10-30	1435-1437	de	
10-31	1438-1445	hooghte	
10-32	1445-1446	,	
10-33	1447-1455	ghelijck	
10-34	1456-1458	de	
10-35	1459-1466	Dolfijn	
10-36	1466-1467	,	
10-37	1468-1470	en	
10-38	1471-1479	Walvisch	
10-39	1479-1480	.	

#Text=Men vindt noch een ander zee-ghedrocht, Circhos genoemt, 't welck het voorgaende 
#Text=gelijckt, en een schelp-achtighe huydt heeft, sacht, en ten deel swart, en ten deel root 
#Text=is, met twee spleten in yeder voet, die drie teenen maken.
11-1	1483-1486	Men	
11-2	1487-1492	vindt	
11-3	1493-1497	noch	
11-4	1498-1501	een	
11-5	1502-1507	ander	
11-6	1508-1521	zee-ghedrocht	
11-7	1521-1522	,	
11-8	1523-1530	Circhos	
11-9	1531-1538	genoemt	
11-10	1538-1539	,	
11-11	1540-1541	'	
11-12	1541-1542	t	
11-13	1543-1548	welck	
11-14	1549-1552	het	
11-15	1553-1563	voorgaende	
11-16	1565-1573	gelijckt	
11-17	1573-1574	,	
11-18	1575-1577	en	
11-19	1578-1581	een	
11-20	1582-1597	schelp-achtighe	
11-21	1598-1603	huydt	
11-22	1604-1609	heeft	
11-23	1609-1610	,	
11-24	1611-1616	sacht	
11-25	1616-1617	,	
11-26	1618-1620	en	
11-27	1621-1624	ten	
11-28	1625-1629	deel	
11-29	1630-1635	swart	
11-30	1635-1636	,	
11-31	1637-1639	en	
11-32	1640-1643	ten	
11-33	1644-1648	deel	
11-34	1649-1653	root	
11-35	1655-1657	is	
11-36	1657-1658	,	
11-37	1659-1662	met	
11-38	1663-1667	twee	
11-39	1668-1675	spleten	
11-40	1676-1678	in	
11-41	1679-1684	yeder	
11-42	1685-1689	voet	
11-43	1689-1690	,	
11-44	1691-1694	die	
11-45	1695-1699	drie	
11-46	1700-1706	teenen	
11-47	1707-1712	maken	
11-48	1712-1713	.	

#Text=De rechter voet van dit 
#Text=beest is seer kleyn, maer de slincke voet is groot en langh: en dieshalven, als het gaet, 
#Text=soo draeght het sijn gheheel lichaem op sijn slincke voet, en sleept de rechte nae.
12-1	1714-1716	De	
12-2	1717-1724	rechter	
12-3	1725-1729	voet	
12-4	1730-1733	van	
12-5	1734-1737	dit	
12-6	1739-1744	beest	
12-7	1745-1747	is	
12-8	1748-1752	seer	
12-9	1753-1758	kleyn	
12-10	1758-1759	,	
12-11	1760-1764	maer	
12-12	1765-1767	de	
12-13	1768-1775	slincke	
12-14	1776-1780	voet	
12-15	1781-1783	is	
12-16	1784-1789	groot	
12-17	1790-1792	en	
12-18	1793-1798	langh	
12-19	1798-1799	:	
12-20	1800-1802	en	
12-21	1803-1813	dieshalven	
12-22	1813-1814	,	
12-23	1815-1818	als	
12-24	1819-1822	het	
12-25	1823-1827	gaet	
12-26	1827-1828	,	
12-27	1830-1833	soo	
12-28	1834-1841	draeght	
12-29	1842-1845	het	
12-30	1846-1850	sijn	
12-31	1851-1858	gheheel	
12-32	1859-1866	lichaem	
12-33	1867-1869	op	
12-34	1870-1874	sijn	
12-35	1875-1882	slincke	
12-36	1883-1887	voet	
12-37	1887-1888	,	
12-38	1889-1891	en	
12-39	1892-1898	sleept	
12-40	1899-1901	de	
12-41	1902-1908	rechte	
12-42	1909-1912	nae	
12-43	1912-1913	.	

#Text=Als de lucht klaer is, soo gaet het los en vry;
#Text=maer als het hardt waeyt, en de Hemel 
#Text=met wolcken betrocken is, soo leunt het tegen de steenen, en, onbeweghelijck daer 
#Text=aen rustende, is soo vast daer aen ghehecht, dat het naeuwelijcks daer af ghescheurt 
#Text=kan worden.
13-1	1916-1919	Als	
13-2	1920-1922	de	
13-3	1923-1928	lucht	
13-4	1929-1934	klaer	
13-5	1935-1937	is	
13-6	1937-1938	,	
13-7	1939-1942	soo	
13-8	1943-1947	gaet	
13-9	1948-1951	het	
13-10	1952-1955	los	
13-11	1956-1958	en	
13-12	1959-1962	vry	
13-13	1962-1963	;	
13-14	1964-1968	maer	
13-15	1969-1972	als	
13-16	1973-1976	het	
13-17	1977-1982	hardt	
13-18	1983-1988	waeyt	
13-19	1988-1989	,	
13-20	1990-1992	en	
13-21	1993-1995	de	
13-22	1996-2001	Hemel	
13-23	2003-2006	met	
13-24	2007-2014	wolcken	
13-25	2015-2024	betrocken	
13-26	2025-2027	is	
13-27	2027-2028	,	
13-28	2029-2032	soo	
13-29	2033-2038	leunt	
13-30	2039-2042	het	
13-31	2043-2048	tegen	
13-32	2049-2051	de	
13-33	2052-2059	steenen	
13-34	2059-2060	,	
13-35	2061-2063	en	
13-36	2063-2064	,	
13-37	2065-2079	onbeweghelijck	
13-38	2080-2084	daer	
13-39	2086-2089	aen	
13-40	2090-2098	rustende	
13-41	2098-2099	,	
13-42	2100-2102	is	
13-43	2103-2106	soo	
13-44	2107-2111	vast	
13-45	2112-2116	daer	
13-46	2117-2120	aen	
13-47	2121-2129	ghehecht	
13-48	2129-2130	,	
13-49	2131-2134	dat	
13-50	2135-2138	het	
13-51	2139-2151	naeuwelijcks	
13-52	2152-2156	daer	
13-53	2157-2159	af	
13-54	2160-2170	ghescheurt	
13-55	2172-2175	kan	
13-56	2176-2182	worden	
13-57	2182-2183	.	

#Text=Seecker, dit is een wonderlijcke natuur, die by klaer weer gesondt, en 
#Text=by onweer swack bevonden wordt.
14-1	2184-2191	Seecker	
14-2	2191-2192	,	
14-3	2193-2196	dit	
14-4	2197-2199	is	
14-5	2200-2203	een	
14-6	2204-2216	wonderlijcke	
14-7	2217-2223	natuur	
14-8	2223-2224	,	
14-9	2225-2228	die	
14-10	2229-2231	by	
14-11	2232-2237	klaer	
14-12	2238-2242	weer	
14-13	2243-2250	gesondt	
14-14	2250-2251	,	
14-15	2252-2254	en	
14-16	2256-2258	by	
14-17	2259-2265	onweer	
14-18	2266-2271	swack	
14-19	2272-2280	bevonden	
14-20	2281-2286	wordt	
14-21	2286-2287	.	

#Text=Cap.
15-1	2293-2296	Cap	
15-2	2296-2297	.	

#Text=XXVI.
16-1	2298-2302	XXVI	
16-2	2302-2303	.	

#Text=Van de Zee-koe, Zee-kalf, Zee-paert, Zee-haes, en Zee-muys.
17-1	2304-2307	Van	
17-2	2308-2310	de	
17-3	2311-2318	Zee-koe	
17-4	2318-2319	,	
17-5	2320-2328	Zee-kalf	
17-6	2328-2329	,	
17-7	2330-2339	Zee-paert	
17-8	2339-2340	,	
17-9	2341-2349	Zee-haes	
17-10	2349-2350	,	
17-11	2351-2353	en	
17-12	2354-2362	Zee-muys	
17-13	2362-2363	.	
