#FORMAT=WebAnno TSV 3.3


#Text=binnen vier
#Text=dagen hoop ik by u te zyn, en zal dan in alles uwen raad vol-
#Text=
#Text=
#Text=
#Text=gen, ik zal aan CLEMENTINA , en aan haare moeder schryven, vermids eene 
#Text=zekere soort van blooheid my werhoudt om mondelings myn voordel aan haare 
#Text=moeder te doen.
1-1	0-6	binnen	
1-2	7-11	vier	
1-3	12-17	dagen	
1-4	18-22	hoop	
1-5	23-25	ik	
1-6	26-28	by	
1-7	29-30	u	
1-8	31-33	te	
1-9	34-37	zyn	
1-10	37-38	,	
1-11	39-41	en	
1-12	42-45	zal	
1-13	46-49	dan	
1-14	50-52	in	
1-15	53-58	alles	
1-16	59-63	uwen	
1-17	64-68	raad	
1-18	69-72	vol	
1-19	72-73	-	
1-20	77-80	gen	
1-21	80-81	,	
1-22	82-84	ik	
1-23	85-88	zal	
1-24	89-92	aan	
1-25	93-103	CLEMENTINA	
1-26	104-105	,	
1-27	106-108	en	
1-28	109-112	aan	
1-29	113-118	haare	
1-30	119-125	moeder	
1-31	126-134	schryven	
1-32	134-135	,	
1-33	136-143	vermids	
1-34	144-148	eene	
1-35	150-156	zekere	
1-36	157-162	soort	
1-37	163-166	van	
1-38	167-175	blooheid	
1-39	176-178	my	
1-40	179-187	werhoudt	
1-41	188-190	om	
1-42	191-201	mondelings	
1-43	202-205	myn	
1-44	206-213	voordel	
1-45	214-217	aan	
1-46	218-223	haare	
1-47	225-231	moeder	
1-48	232-234	te	
1-49	235-239	doen	
1-50	239-240	.	

#Text=Dan vriend, ik betrouw geheel op u. gy weet reeds meer dan gy
#Text=my gezegd hebt;
#Text=anders zoudt gy my myn geluk niet zo stellig verzeekeren.
2-1	243-246	Dan	
2-2	247-253	vriend	
2-3	253-254	,	
2-4	255-257	ik	
2-5	258-265	betrouw	
2-6	266-272	geheel	
2-7	273-275	op	
2-8	276-277	u	
2-9	277-278	.	
2-10	279-281	gy	
2-11	282-286	weet	
2-12	287-292	reeds	
2-13	293-297	meer	
2-14	298-301	dan	
2-15	302-304	gy	
2-16	305-307	my	
2-17	308-314	gezegd	
2-18	315-319	hebt	
2-19	319-320	;	
2-20	321-327	anders	
2-21	328-333	zoudt	
2-22	334-336	gy	
2-23	337-339	my	
2-24	340-343	myn	
2-25	344-349	geluk	
2-26	350-354	niet	
2-27	355-357	zo	
2-28	358-365	stellig	
2-29	366-377	verzeekeren	
2-30	377-378	.	

#Text=Ik
#Text=neem dan met dankbaarheid het geluk aan, dat de Godheid my schenken wil, te 
#Text=meer, daar zy u tot het voorwerp gekozen heeft, dat my het zelve op de 
#Text=edelmoedigste wyze aanbiedt.
3-1	381-383	Ik	
3-2	384-388	neem	
3-3	389-392	dan	
3-4	393-396	met	
3-5	397-409	dankbaarheid	
3-6	410-413	het	
3-7	414-419	geluk	
3-8	420-423	aan	
3-9	423-424	,	
3-10	425-428	dat	
3-11	429-431	de	
3-12	432-439	Godheid	
3-13	440-442	my	
3-14	443-451	schenken	
3-15	452-455	wil	
3-16	455-456	,	
3-17	457-459	te	
3-18	461-465	meer	
3-19	465-466	,	
3-20	467-471	daar	
3-21	472-474	zy	
3-22	475-476	u	
3-23	477-480	tot	
3-24	481-484	het	
3-25	485-493	voorwerp	
3-26	494-501	gekozen	
3-27	502-507	heeft	
3-28	507-508	,	
3-29	509-512	dat	
3-30	513-515	my	
3-31	516-519	het	
3-32	520-525	zelve	
3-33	526-528	op	
3-34	529-531	de	
3-35	533-546	edelmoedigste	
3-36	547-551	wyze	
3-37	552-560	aanbiedt	
3-38	560-561	.	

#Text=Mondelings hoop ik u de gevoelens te herhaalen, 
#Text=waarme ik steeds zal zyn
#Text=
#Text=
#Text=Uw dankbaare vriend
#Text=
#Text=ADELSON .
4-1	562-572	Mondelings	
4-2	573-577	hoop	
4-3	578-580	ik	
4-4	581-582	u	
4-5	583-585	de	
4-6	586-595	gevoelens	
4-7	596-598	te	
4-8	599-608	herhaalen	
4-9	608-609	,	
4-10	611-617	waarme	
4-11	618-620	ik	
4-12	621-627	steeds	
4-13	628-631	zal	
4-14	632-635	zyn	
4-15	638-640	Uw	
4-16	641-650	dankbaare	
4-17	651-657	vriend	
4-18	659-666	ADELSON	
4-19	667-668	.	

#Text=Einde van het tweede Deel.
5-1	671-676	Einde	
5-2	677-680	van	
5-3	681-684	het	
5-4	685-691	tweede	
5-5	692-696	Deel	
5-6	696-697	.	

#Text=schynt de lucht hier besmettelyk te zyn.
6-1	714-720	schynt	
6-2	721-723	de	
6-3	724-729	lucht	
6-4	730-734	hier	
6-5	735-746	besmettelyk	
6-6	747-749	te	
6-7	750-753	zyn	
6-8	753-754	.	

#Text=en aan de aanwezenden een teder gevoel
#Text=
#Text=mede te deelen.
7-1	756-758	en	
7-2	759-762	aan	
7-3	763-765	de	
7-4	766-777	aanwezenden	
7-5	778-781	een	
7-6	782-787	teder	
7-7	788-794	gevoel	
7-8	796-800	mede	
7-9	801-803	te	
7-10	804-810	deelen	
7-11	810-811	.	

#Text=myn hart zou zich geheel ook voor het zagte gevoel der liefde
#Text=openen, indien de bovengemelde zwaarigheeden hetzelve niet bestormden:
#Text=los 
#Text=dezelven dus op, indien gy kunt, voor
#Text=
#Text=Uwen vriend
#Text=
#Text=ADELSON .
8-1	813-816	myn	
8-2	817-821	hart	
8-3	822-825	zou	
8-4	826-830	zich	
8-5	831-837	geheel	
8-6	838-841	ook	
8-7	842-846	voor	
8-8	847-850	het	
8-9	851-856	zagte	
8-10	857-863	gevoel	
8-11	864-867	der	
8-12	868-874	liefde	
8-13	875-881	openen	
8-14	881-882	,	
8-15	883-889	indien	
8-16	890-892	de	
8-17	893-905	bovengemelde	
8-18	906-919	zwaarigheeden	
8-19	920-928	hetzelve	
8-20	929-933	niet	
8-21	934-944	bestormden	
8-22	944-945	:	
8-23	946-949	los	
8-24	951-959	dezelven	
8-25	960-963	dus	
8-26	964-966	op	
8-27	966-967	,	
8-28	968-974	indien	
8-29	975-977	gy	
8-30	978-982	kunt	
8-31	982-983	,	
8-32	984-988	voor	
8-33	990-994	Uwen	
8-34	995-1001	vriend	
8-35	1003-1010	ADELSON	
8-36	1011-1012	.	

#Text=Agt-en-vyftigste brief.
9-1	1017-1033	Agt-en-vyftigste	
9-2	1034-1039	brief	
9-3	1039-1040	.	

#Text=Clementina aan haare moeder.
10-1	1042-1052	Clementina	
10-2	1053-1056	aan	
10-3	1057-1062	haare	
10-4	1063-1069	moeder	
10-5	1069-1070	.	

#Text=Gisteren is de groote dag geweest waarop myne vriendin zich voor altyd met haar 
#Text=geliefden verbonden heeft.
11-1	1072-1080	Gisteren	
11-2	1081-1083	is	
11-3	1084-1086	de	
11-4	1087-1093	groote	
11-5	1094-1097	dag	
11-6	1098-1105	geweest	
11-7	1106-1112	waarop	
11-8	1113-1117	myne	
11-9	1118-1126	vriendin	
11-10	1127-1131	zich	
11-11	1132-1136	voor	
11-12	1137-1142	altyd	
11-13	1143-1146	met	
11-14	1147-1151	haar	
11-15	1153-1162	geliefden	
11-16	1163-1172	verbonden	
11-17	1173-1178	heeft	
11-18	1178-1179	.	

#Text=Blydschap, ja de hoogste graad van verrukking waren 
#Text=op haar gelaat, als ook op dat van haaren geliefden geschilderd;
#Text=en zy beiden achten 
#Text=zich de gelukkigsten der stervelingen.
12-1	1180-1189	Blydschap	
12-2	1189-1190	,	
12-3	1191-1193	ja	
12-4	1194-1196	de	
12-5	1197-1204	hoogste	
12-6	1205-1210	graad	
12-7	1211-1214	van	
12-8	1215-1225	verrukking	
12-9	1226-1231	waren	
12-10	1233-1235	op	
12-11	1236-1240	haar	
12-12	1241-1247	gelaat	
12-13	1247-1248	,	
12-14	1249-1252	als	
12-15	1253-1256	ook	
12-16	1257-1259	op	
12-17	1260-1263	dat	
12-18	1264-1267	van	
12-19	1268-1274	haaren	
12-20	1275-1284	geliefden	
12-21	1285-1296	geschilderd	
12-22	1296-1297	;	
12-23	1298-1300	en	
12-24	1301-1303	zy	
12-25	1304-1310	beiden	
12-26	1311-1317	achten	
12-27	1319-1323	zich	
12-28	1324-1326	de	
12-29	1327-1339	gelukkigsten	
12-30	1340-1343	der	
12-31	1344-1356	stervelingen	
12-32	1356-1357	.	
