{"_context" : {
    "_types" : {
      "DocumentMetaData" : {
        "_feature_types" : {"sofa" : "_ref" } }, 
      "Relation" : {
        "_feature_types" : {"sofa" : "_ref",  "Dependent" : "_ref",  "Governor" : "_ref" } }, 
      "Sentence" : {
        "_feature_types" : {"sofa" : "_ref" } }, 
      "Sofa" : {
        "_feature_types" : {"sofaArray" : "_ref" } }, 
      "Span" : {
        "_feature_types" : {"sofa" : "_ref" } }, 
      "TagsetDescription" : {
        "_feature_types" : {"sofa" : "_ref",  "tags" : "_ref" } }, 
      "Token" : {
        "_feature_types" : {"sofa" : "_ref",  "parent" : "_ref",  "lemma" : "_ref",  "stem" : "_ref",  "pos" : "_ref",  "morph" : "_ref",  "form" : "_ref" } }, 
      "DocumentAnnotation" : {
        "_feature_types" : {"sofa" : "_ref" }, 
        "_subtypes" : ["DocumentMetaData" ] }, 
      "Annotation" : {
        "_feature_types" : {"sofa" : "_ref" }, 
        "_subtypes" : ["DocumentAnnotation",  "Relation",  "Sentence",  "Span",  "TagsetDescription",  "Token" ] }, 
      "AnnotationBase" : {
        "_feature_types" : {"sofa" : "_ref" }, 
        "_subtypes" : ["Annotation" ] }, 
      "TOP" : {
        "_subtypes" : ["AnnotationBase",  "Sofa" ] } } }, 
  "_views" : {
    "_InitialView" : {
      "Relation" : [
        {"sofa" : 1,  "begin" : 99,  "end" : 106,  "Dependent" : 3917,  "Governor" : 3922 }, 
        {"sofa" : 1,  "begin" : 99,  "end" : 106,  "Dependent" : 3917,  "Governor" : 3934 }, 
        {"sofa" : 1,  "begin" : 99,  "end" : 106,  "Dependent" : 3917,  "Governor" : 3946 }, 
        {"sofa" : 1,  "begin" : 187,  "end" : 194,  "Dependent" : 3958,  "Governor" : 3963 }, 
        {"sofa" : 1,  "begin" : 187,  "end" : 194,  "Dependent" : 3958,  "Governor" : 3975 }, 
        {"sofa" : 1,  "begin" : 187,  "end" : 194,  "Dependent" : 3958,  "Governor" : 3987 }, 
        {"sofa" : 1,  "begin" : 230,  "end" : 237,  "Dependent" : 4004,  "Governor" : 4009 }, 
        {"sofa" : 1,  "begin" : 230,  "end" : 237,  "Dependent" : 4004,  "Governor" : 3999 }, 
        {"sofa" : 1,  "begin" : 307,  "end" : 312,  "Dependent" : 4028,  "Governor" : 4033 }, 
        {"sofa" : 1,  "begin" : 307,  "end" : 312,  "Dependent" : 4028,  "Governor" : 4045 }, 
        {"sofa" : 1,  "begin" : 386,  "end" : 393,  "Dependent" : 4062,  "Governor" : 4067 }, 
        {"sofa" : 1,  "begin" : 386,  "end" : 393,  "Dependent" : 4062,  "Governor" : 4079 }, 
        {"sofa" : 1,  "begin" : 386,  "end" : 393,  "Dependent" : 4062,  "Governor" : 4057 }, 
        {"sofa" : 1,  "begin" : 386,  "end" : 393,  "Dependent" : 4062,  "Governor" : 4098 }, 
        {"sofa" : 1,  "begin" : 480,  "end" : 487,  "Dependent" : 4110,  "Governor" : 4115 }, 
        {"sofa" : 1,  "begin" : 480,  "end" : 487,  "Dependent" : 4110,  "Governor" : 4127 }, 
        {"sofa" : 1,  "begin" : 869,  "end" : 874,  "Dependent" : 4139,  "Governor" : 4164 }, 
        {"sofa" : 1,  "begin" : 869,  "end" : 874,  "Dependent" : 4139,  "Governor" : 4144 }, 
        {"sofa" : 1,  "begin" : 869,  "end" : 874,  "Dependent" : 4139,  "Governor" : 4149 }, 
        {"sofa" : 1,  "begin" : 1170,  "end" : 1172,  "Dependent" : 4205,  "Governor" : 4210,  "label" : "Anaphoric" }, 
        {"sofa" : 1,  "begin" : 1193,  "end" : 1198,  "Dependent" : 4195,  "Governor" : 4205 }, 
        {"sofa" : 1,  "begin" : 1264,  "end" : 1269,  "Dependent" : 4229,  "Governor" : 4234 }, 
        {"sofa" : 1,  "begin" : 1264,  "end" : 1269,  "Dependent" : 4229,  "Governor" : 4239 }, 
        {"sofa" : 1,  "begin" : 1288,  "end" : 1295,  "Dependent" : 4258,  "Governor" : 4263 }, 
        {"sofa" : 1,  "begin" : 1288,  "end" : 1295,  "Dependent" : 4258,  "Governor" : 4268 }, 
        {"sofa" : 1,  "begin" : 1288,  "end" : 1295,  "Dependent" : 4258,  "Governor" : 4273 }, 
        {"sofa" : 1,  "begin" : 1288,  "end" : 1295,  "Dependent" : 4258,  "Governor" : 4278 }, 
        {"sofa" : 1,  "begin" : 1288,  "end" : 1295,  "Dependent" : 4258,  "Governor" : 4283 }, 
        {"sofa" : 1,  "begin" : 1411,  "end" : 1418,  "Dependent" : 4333,  "Governor" : 4328 } ], 
      "Span" : [3934,  3917,  3922,  3946,  3963,  3958,  3975,  3987,  3999,  4004,  4009,  4028,  4033,  4045,  4057,  4062,  4067,  4079,  4098,  4127,  4110,  4115,  4149,  4144,  4164,  4139,  4210,  4205,  4195,  4239,  4229,  4234,  4258,  4263,  4268,  4273,  4278,  4283,  4328,  4333 ], 
      "DocumentMetaData" : [
        {"sofa" : 1,  "end" : 1496,  "language" : "x-unspecified",  "documentTitle" : "063E%20Pierre%20Joseph%20Buchoz%201784%20The%20Toilet%20of%20Flora__172_distribution_PER.txt",  "documentId" : "teresa",  "documentUri" : "file:/home/dhuser/alessio/inception/repository/project/29/document/11844/source/teresa",  "collectionId" : "file:/home/dhuser/alessio/inception/repository/project/29/document/11844/source/",  "documentBaseUri" : "file:/home/dhuser/alessio/inception/repository/project/29/document/11844/source/",  "isLastSegment" : false } ], 
      "TagsetDescription" : [
        {"sofa" : 1,  "layer" : "webanno.custom.Emotions",  "name" : "Emotion Labels",  "input" : false }, 
        {"sofa" : 1,  "layer" : "custom.Relation",  "name" : "Relation labels",  "input" : false }, 
        {"sofa" : 1,  "layer" : "custom.Span",  "name" : "Smell labels",  "input" : false } ], 
      "Sentence" : [
        {"sofa" : 1,  "end" : 4 }, 
        {"sofa" : 1,  "begin" : 5,  "end" : 306 }, 
        {"sofa" : 1,  "begin" : 307,  "end" : 473 }, 
        {"sofa" : 1,  "begin" : 474,  "end" : 739 }, 
        {"sofa" : 1,  "begin" : 742,  "end" : 805 }, 
        {"sofa" : 1,  "begin" : 806,  "end" : 889 }, 
        {"sofa" : 1,  "begin" : 893,  "end" : 1101 }, 
        {"sofa" : 1,  "begin" : 1103,  "end" : 1208 }, 
        {"sofa" : 1,  "begin" : 1212,  "end" : 1369 }, 
        {"sofa" : 1,  "begin" : 1370,  "end" : 1491 } ], 
      "Token" : [
        {"sofa" : 1,  "end" : 3 }, 
        {"sofa" : 1,  "begin" : 3,  "end" : 4 }, 
        {"sofa" : 1,  "begin" : 5,  "end" : 12 }, 
        {"sofa" : 1,  "begin" : 13,  "end" : 19 }, 
        {"sofa" : 1,  "begin" : 23,  "end" : 26 }, 
        {"sofa" : 1,  "begin" : 27,  "end" : 31 }, 
        {"sofa" : 1,  "begin" : 32,  "end" : 33 }, 
        {"sofa" : 1,  "begin" : 34,  "end" : 40 }, 
        {"sofa" : 1,  "begin" : 40,  "end" : 41 }, 
        {"sofa" : 1,  "begin" : 42,  "end" : 44 }, 
        {"sofa" : 1,  "begin" : 45,  "end" : 50 }, 
        {"sofa" : 1,  "begin" : 51,  "end" : 61 }, 
        {"sofa" : 1,  "begin" : 63,  "end" : 69 }, 
        {"sofa" : 1,  "begin" : 69,  "end" : 70 }, 
        {"sofa" : 1,  "begin" : 71,  "end" : 72 }, 
        {"sofa" : 1,  "begin" : 73,  "end" : 81 }, 
        {"sofa" : 1,  "begin" : 82,  "end" : 84 }, 
        {"sofa" : 1,  "begin" : 85,  "end" : 90 }, 
        {"sofa" : 1,  "begin" : 91,  "end" : 98 }, 
        {"sofa" : 1,  "begin" : 99,  "end" : 106 }, 
        {"sofa" : 1,  "begin" : 108,  "end" : 112 }, 
        {"sofa" : 1,  "begin" : 113,  "end" : 117 }, 
        {"sofa" : 1,  "begin" : 118,  "end" : 124 }, 
        {"sofa" : 1,  "begin" : 124,  "end" : 125 }, 
        {"sofa" : 1,  "begin" : 126,  "end" : 130 }, 
        {"sofa" : 1,  "begin" : 131,  "end" : 133 }, 
        {"sofa" : 1,  "begin" : 134,  "end" : 136 }, 
        {"sofa" : 1,  "begin" : 137,  "end" : 138 }, 
        {"sofa" : 1,  "begin" : 139,  "end" : 145 }, 
        {"sofa" : 1,  "begin" : 146,  "end" : 151 }, 
        {"sofa" : 1,  "begin" : 153,  "end" : 157 }, 
        {"sofa" : 1,  "begin" : 157,  "end" : 158 }, 
        {"sofa" : 1,  "begin" : 159,  "end" : 162 }, 
        {"sofa" : 1,  "begin" : 163,  "end" : 166 }, 
        {"sofa" : 1,  "begin" : 166,  "end" : 167 }, 
        {"sofa" : 1,  "begin" : 168,  "end" : 170 }, 
        {"sofa" : 1,  "begin" : 171,  "end" : 180 }, 
        {"sofa" : 1,  "begin" : 180,  "end" : 181 }, 
        {"sofa" : 1,  "begin" : 182,  "end" : 186 }, 
        {"sofa" : 1,  "begin" : 187,  "end" : 194 }, 
        {"sofa" : 1,  "begin" : 196,  "end" : 198 }, 
        {"sofa" : 1,  "begin" : 199,  "end" : 209 }, 
        {"sofa" : 1,  "begin" : 209,  "end" : 210 }, 
        {"sofa" : 1,  "begin" : 211,  "end" : 215 }, 
        {"sofa" : 1,  "begin" : 215,  "end" : 216 }, 
        {"sofa" : 1,  "begin" : 217,  "end" : 219 }, 
        {"sofa" : 1,  "begin" : 220,  "end" : 223 }, 
        {"sofa" : 1,  "begin" : 224,  "end" : 229 }, 
        {"sofa" : 1,  "begin" : 230,  "end" : 237 }, 
        {"sofa" : 1,  "begin" : 239,  "end" : 242 }, 
        {"sofa" : 1,  "begin" : 243,  "end" : 247 }, 
        {"sofa" : 1,  "begin" : 248,  "end" : 252 }, 
        {"sofa" : 1,  "begin" : 253,  "end" : 254 }, 
        {"sofa" : 1,  "begin" : 255,  "end" : 259 }, 
        {"sofa" : 1,  "begin" : 260,  "end" : 263 }, 
        {"sofa" : 1,  "begin" : 264,  "end" : 269 }, 
        {"sofa" : 1,  "begin" : 270,  "end" : 273 }, 
        {"sofa" : 1,  "begin" : 274,  "end" : 277 }, 
        {"sofa" : 1,  "begin" : 278,  "end" : 280 }, 
        {"sofa" : 1,  "begin" : 281,  "end" : 285 }, 
        {"sofa" : 1,  "begin" : 287,  "end" : 294 }, 
        {"sofa" : 1,  "begin" : 295,  "end" : 299 }, 
        {"sofa" : 1,  "begin" : 300,  "end" : 305 }, 
        {"sofa" : 1,  "begin" : 305,  "end" : 306 }, 
        {"sofa" : 1,  "begin" : 307,  "end" : 312 }, 
        {"sofa" : 1,  "begin" : 313,  "end" : 318 }, 
        {"sofa" : 1,  "begin" : 319,  "end" : 321 }, 
        {"sofa" : 1,  "begin" : 322,  "end" : 326 }, 
        {"sofa" : 1,  "begin" : 327,  "end" : 333 }, 
        {"sofa" : 1,  "begin" : 334,  "end" : 338 }, 
        {"sofa" : 1,  "begin" : 339,  "end" : 342 }, 
        {"sofa" : 1,  "begin" : 343,  "end" : 353 }, 
        {"sofa" : 1,  "begin" : 354,  "end" : 361 }, 
        {"sofa" : 1,  "begin" : 361,  "end" : 362 }, 
        {"sofa" : 1,  "begin" : 363,  "end" : 366 }, 
        {"sofa" : 1,  "begin" : 367,  "end" : 370 }, 
        {"sofa" : 1,  "begin" : 372,  "end" : 375 }, 
        {"sofa" : 1,  "begin" : 376,  "end" : 385 }, 
        {"sofa" : 1,  "begin" : 386,  "end" : 393 }, 
        {"sofa" : 1,  "begin" : 394,  "end" : 400 }, 
        {"sofa" : 1,  "begin" : 401,  "end" : 403 }, 
        {"sofa" : 1,  "begin" : 404,  "end" : 412 }, 
        {"sofa" : 1,  "begin" : 413,  "end" : 418 }, 
        {"sofa" : 1,  "begin" : 418,  "end" : 419 }, 
        {"sofa" : 1,  "begin" : 421,  "end" : 426 }, 
        {"sofa" : 1,  "begin" : 427,  "end" : 430 }, 
        {"sofa" : 1,  "begin" : 431,  "end" : 433 }, 
        {"sofa" : 1,  "begin" : 434,  "end" : 436 }, 
        {"sofa" : 1,  "begin" : 437,  "end" : 443 }, 
        {"sofa" : 1,  "begin" : 443,  "end" : 444 }, 
        {"sofa" : 1,  "begin" : 445,  "end" : 447 }, 
        {"sofa" : 1,  "begin" : 448,  "end" : 455 }, 
        {"sofa" : 1,  "begin" : 456,  "end" : 464 }, 
        {"sofa" : 1,  "begin" : 464,  "end" : 465 }, 
        {"sofa" : 1,  "begin" : 469,  "end" : 472 }, 
        {"sofa" : 1,  "begin" : 472,  "end" : 473 }, 
        {"sofa" : 1,  "begin" : 474,  "end" : 479 }, 
        {"sofa" : 1,  "begin" : 480,  "end" : 487 }, 
        {"sofa" : 1,  "begin" : 488,  "end" : 493 }, 
        {"sofa" : 1,  "begin" : 494,  "end" : 497 }, 
        {"sofa" : 1,  "begin" : 498,  "end" : 505 }, 
        {"sofa" : 1,  "begin" : 506,  "end" : 512 }, 
        {"sofa" : 1,  "begin" : 515,  "end" : 519 }, 
        {"sofa" : 1,  "begin" : 520,  "end" : 521 }, 
        {"sofa" : 1,  "begin" : 522,  "end" : 526 }, 
        {"sofa" : 1,  "begin" : 527,  "end" : 529 }, 
        {"sofa" : 1,  "begin" : 530,  "end" : 544 }, 
        {"sofa" : 1,  "begin" : 545,  "end" : 550 }, 
        {"sofa" : 1,  "begin" : 550,  "end" : 551 }, 
        {"sofa" : 1,  "begin" : 553,  "end" : 556 }, 
        {"sofa" : 1,  "begin" : 557,  "end" : 559 }, 
        {"sofa" : 1,  "begin" : 560,  "end" : 562 }, 
        {"sofa" : 1,  "begin" : 563,  "end" : 564 }, 
        {"sofa" : 1,  "begin" : 565,  "end" : 571 }, 
        {"sofa" : 1,  "begin" : 572,  "end" : 576 }, 
        {"sofa" : 1,  "begin" : 577,  "end" : 583 }, 
        {"sofa" : 1,  "begin" : 584,  "end" : 590 }, 
        {"sofa" : 1,  "begin" : 591,  "end" : 593 }, 
        {"sofa" : 1,  "begin" : 596,  "end" : 600 }, 
        {"sofa" : 1,  "begin" : 600,  "end" : 601 }, 
        {"sofa" : 1,  "begin" : 602,  "end" : 605 }, 
        {"sofa" : 1,  "begin" : 606,  "end" : 608 }, 
        {"sofa" : 1,  "begin" : 609,  "end" : 615 }, 
        {"sofa" : 1,  "begin" : 616,  "end" : 619 }, 
        {"sofa" : 1,  "begin" : 620,  "end" : 626 }, 
        {"sofa" : 1,  "begin" : 627,  "end" : 628 }, 
        {"sofa" : 1,  "begin" : 629,  "end" : 634 }, 
        {"sofa" : 1,  "begin" : 635,  "end" : 637 }, 
        {"sofa" : 1,  "begin" : 639,  "end" : 644 }, 
        {"sofa" : 1,  "begin" : 644,  "end" : 645 }, 
        {"sofa" : 1,  "begin" : 646,  "end" : 649 }, 
        {"sofa" : 1,  "begin" : 650,  "end" : 655 }, 
        {"sofa" : 1,  "begin" : 656,  "end" : 659 }, 
        {"sofa" : 1,  "begin" : 660,  "end" : 665 }, 
        {"sofa" : 1,  "begin" : 666,  "end" : 670 }, 
        {"sofa" : 1,  "begin" : 671,  "end" : 674 }, 
        {"sofa" : 1,  "begin" : 675,  "end" : 681 }, 
        {"sofa" : 1,  "begin" : 683,  "end" : 685 }, 
        {"sofa" : 1,  "begin" : 686,  "end" : 691 }, 
        {"sofa" : 1,  "begin" : 691,  "end" : 692 }, 
        {"sofa" : 1,  "begin" : 693,  "end" : 700 }, 
        {"sofa" : 1,  "begin" : 701,  "end" : 703 }, 
        {"sofa" : 1,  "begin" : 704,  "end" : 714 }, 
        {"sofa" : 1,  "begin" : 715,  "end" : 719 }, 
        {"sofa" : 1,  "begin" : 720,  "end" : 727 }, 
        {"sofa" : 1,  "begin" : 728,  "end" : 732 }, 
        {"sofa" : 1,  "begin" : 733,  "end" : 738 }, 
        {"sofa" : 1,  "begin" : 738,  "end" : 739 }, 
        {"sofa" : 1,  "begin" : 742,  "end" : 749 }, 
        {"sofa" : 1,  "begin" : 750,  "end" : 755 }, 
        {"sofa" : 1,  "begin" : 756,  "end" : 758 }, 
        {"sofa" : 1,  "begin" : 759,  "end" : 766 }, 
        {"sofa" : 1,  "begin" : 767,  "end" : 771 }, 
        {"sofa" : 1,  "begin" : 772,  "end" : 778 }, 
        {"sofa" : 1,  "begin" : 780,  "end" : 786 }, 
        {"sofa" : 1,  "begin" : 787,  "end" : 789 }, 
        {"sofa" : 1,  "begin" : 790,  "end" : 799 }, 
        {"sofa" : 1,  "begin" : 800,  "end" : 804 }, 
        {"sofa" : 1,  "begin" : 804,  "end" : 805 }, 
        {"sofa" : 1,  "begin" : 806,  "end" : 810 }, 
        {"sofa" : 1,  "begin" : 811,  "end" : 815 }, 
        {"sofa" : 1,  "begin" : 816,  "end" : 821 }, 
        {"sofa" : 1,  "begin" : 823,  "end" : 825 }, 
        {"sofa" : 1,  "begin" : 826,  "end" : 835 }, 
        {"sofa" : 1,  "begin" : 836,  "end" : 843 }, 
        {"sofa" : 1,  "begin" : 844,  "end" : 851 }, 
        {"sofa" : 1,  "begin" : 851,  "end" : 852 }, 
        {"sofa" : 1,  "begin" : 853,  "end" : 855 }, 
        {"sofa" : 1,  "begin" : 856,  "end" : 863 }, 
        {"sofa" : 1,  "begin" : 864,  "end" : 867 }, 
        {"sofa" : 1,  "begin" : 869,  "end" : 874 }, 
        {"sofa" : 1,  "begin" : 875,  "end" : 879 }, 
        {"sofa" : 1,  "begin" : 880,  "end" : 888 }, 
        {"sofa" : 1,  "begin" : 888,  "end" : 889 }, 
        {"sofa" : 1,  "begin" : 893,  "end" : 895 }, 
        {"sofa" : 1,  "begin" : 896,  "end" : 903 }, 
        {"sofa" : 1,  "begin" : 904,  "end" : 909 }, 
        {"sofa" : 1,  "begin" : 910,  "end" : 912 }, 
        {"sofa" : 1,  "begin" : 913,  "end" : 917 }, 
        {"sofa" : 1,  "begin" : 918,  "end" : 922 }, 
        {"sofa" : 1,  "begin" : 923,  "end" : 926 }, 
        {"sofa" : 1,  "begin" : 927,  "end" : 929 }, 
        {"sofa" : 1,  "begin" : 930,  "end" : 931 }, 
        {"sofa" : 1,  "begin" : 933,  "end" : 939 }, 
        {"sofa" : 1,  "begin" : 940,  "end" : 946 }, 
        {"sofa" : 1,  "begin" : 946,  "end" : 947 }, 
        {"sofa" : 1,  "begin" : 948,  "end" : 950 }, 
        {"sofa" : 1,  "begin" : 951,  "end" : 958 }, 
        {"sofa" : 1,  "begin" : 959,  "end" : 961 }, 
        {"sofa" : 1,  "begin" : 962,  "end" : 968 }, 
        {"sofa" : 1,  "begin" : 968,  "end" : 969 }, 
        {"sofa" : 1,  "begin" : 970,  "end" : 974 }, 
        {"sofa" : 1,  "begin" : 976,  "end" : 979 }, 
        {"sofa" : 1,  "begin" : 980,  "end" : 984 }, 
        {"sofa" : 1,  "begin" : 985,  "end" : 990 }, 
        {"sofa" : 1,  "begin" : 991,  "end" : 996 }, 
        {"sofa" : 1,  "begin" : 996,  "end" : 997 }, 
        {"sofa" : 1,  "begin" : 998,  "end" : 1002 }, 
        {"sofa" : 1,  "begin" : 1003,  "end" : 1011 }, 
        {"sofa" : 1,  "begin" : 1011,  "end" : 1012 }, 
        {"sofa" : 1,  "begin" : 1013,  "end" : 1023 }, 
        {"sofa" : 1,  "begin" : 1023,  "end" : 1024 }, 
        {"sofa" : 1,  "begin" : 1025,  "end" : 1028 }, 
        {"sofa" : 1,  "begin" : 1029,  "end" : 1037 }, 
        {"sofa" : 1,  "begin" : 1038,  "end" : 1041 }, 
        {"sofa" : 1,  "begin" : 1041,  "end" : 1042 }, 
        {"sofa" : 1,  "begin" : 1043,  "end" : 1047 }, 
        {"sofa" : 1,  "begin" : 1048,  "end" : 1050 }, 
        {"sofa" : 1,  "begin" : 1051,  "end" : 1055 }, 
        {"sofa" : 1,  "begin" : 1055,  "end" : 1056 }, 
        {"sofa" : 1,  "begin" : 1058,  "end" : 1061 }, 
        {"sofa" : 1,  "begin" : 1062,  "end" : 1066 }, 
        {"sofa" : 1,  "begin" : 1067,  "end" : 1069 }, 
        {"sofa" : 1,  "begin" : 1070,  "end" : 1077 }, 
        {"sofa" : 1,  "begin" : 1078,  "end" : 1079 }, 
        {"sofa" : 1,  "begin" : 1080,  "end" : 1084 }, 
        {"sofa" : 1,  "begin" : 1085,  "end" : 1089 }, 
        {"sofa" : 1,  "begin" : 1090,  "end" : 1094 }, 
        {"sofa" : 1,  "begin" : 1095,  "end" : 1100 }, 
        {"sofa" : 1,  "begin" : 1100,  "end" : 1101 }, 
        {"sofa" : 1,  "begin" : 1103,  "end" : 1108 }, 
        {"sofa" : 1,  "begin" : 1109,  "end" : 1111 }, 
        {"sofa" : 1,  "begin" : 1112,  "end" : 1115 }, 
        {"sofa" : 1,  "begin" : 1116,  "end" : 1120 }, 
        {"sofa" : 1,  "begin" : 1121,  "end" : 1129 }, 
        {"sofa" : 1,  "begin" : 1130,  "end" : 1139 }, 
        {"sofa" : 1,  "begin" : 1140,  "end" : 1142 }, 
        {"sofa" : 1,  "begin" : 1143,  "end" : 1146 }, 
        {"sofa" : 1,  "begin" : 1148,  "end" : 1157 }, 
        {"sofa" : 1,  "begin" : 1158,  "end" : 1168 }, 
        {"sofa" : 1,  "begin" : 1168,  "end" : 1169 }, 
        {"sofa" : 1,  "begin" : 1170,  "end" : 1172 }, 
        {"sofa" : 1,  "begin" : 1173,  "end" : 1175 }, 
        {"sofa" : 1,  "begin" : 1176,  "end" : 1179 }, 
        {"sofa" : 1,  "begin" : 1180,  "end" : 1182 }, 
        {"sofa" : 1,  "begin" : 1183,  "end" : 1187 }, 
        {"sofa" : 1,  "begin" : 1188,  "end" : 1191 }, 
        {"sofa" : 1,  "begin" : 1193,  "end" : 1198 }, 
        {"sofa" : 1,  "begin" : 1199,  "end" : 1207 }, 
        {"sofa" : 1,  "begin" : 1207,  "end" : 1208 }, 
        {"sofa" : 1,  "begin" : 1212,  "end" : 1217 }, 
        {"sofa" : 1,  "begin" : 1218,  "end" : 1220 }, 
        {"sofa" : 1,  "begin" : 1221,  "end" : 1223 }, 
        {"sofa" : 1,  "begin" : 1224,  "end" : 1228 }, 
        {"sofa" : 1,  "begin" : 1229,  "end" : 1231 }, 
        {"sofa" : 1,  "begin" : 1232,  "end" : 1237 }, 
        {"sofa" : 1,  "begin" : 1238,  "end" : 1239 }, 
        {"sofa" : 1,  "begin" : 1240,  "end" : 1245 }, 
        {"sofa" : 1,  "begin" : 1246,  "end" : 1250 }, 
        {"sofa" : 1,  "begin" : 1252,  "end" : 1259 }, 
        {"sofa" : 1,  "begin" : 1260,  "end" : 1263 }, 
        {"sofa" : 1,  "begin" : 1264,  "end" : 1269 }, 
        {"sofa" : 1,  "begin" : 1270,  "end" : 1272 }, 
        {"sofa" : 1,  "begin" : 1273,  "end" : 1276 }, 
        {"sofa" : 1,  "begin" : 1277,  "end" : 1283 }, 
        {"sofa" : 1,  "begin" : 1283,  "end" : 1284 }, 
        {"sofa" : 1,  "begin" : 1285,  "end" : 1287 }, 
        {"sofa" : 1,  "begin" : 1288,  "end" : 1295 }, 
        {"sofa" : 1,  "begin" : 1297,  "end" : 1301 }, 
        {"sofa" : 1,  "begin" : 1302,  "end" : 1307 }, 
        {"sofa" : 1,  "begin" : 1308,  "end" : 1312 }, 
        {"sofa" : 1,  "begin" : 1313,  "end" : 1316 }, 
        {"sofa" : 1,  "begin" : 1317,  "end" : 1324 }, 
        {"sofa" : 1,  "begin" : 1325,  "end" : 1327 }, 
        {"sofa" : 1,  "begin" : 1328,  "end" : 1332 }, 
        {"sofa" : 1,  "begin" : 1332,  "end" : 1333 }, 
        {"sofa" : 1,  "begin" : 1336,  "end" : 1346 }, 
        {"sofa" : 1,  "begin" : 1346,  "end" : 1347 }, 
        {"sofa" : 1,  "begin" : 1348,  "end" : 1350 }, 
        {"sofa" : 1,  "begin" : 1351,  "end" : 1354 }, 
        {"sofa" : 1,  "begin" : 1355,  "end" : 1360 }, 
        {"sofa" : 1,  "begin" : 1361,  "end" : 1368 }, 
        {"sofa" : 1,  "begin" : 1368,  "end" : 1369 }, 
        {"sofa" : 1,  "begin" : 1370,  "end" : 1372 }, 
        {"sofa" : 1,  "begin" : 1374,  "end" : 1377 }, 
        {"sofa" : 1,  "begin" : 1378,  "end" : 1386 }, 
        {"sofa" : 1,  "begin" : 1386,  "end" : 1387 }, 
        {"sofa" : 1,  "begin" : 1388,  "end" : 1391 }, 
        {"sofa" : 1,  "begin" : 1392,  "end" : 1397 }, 
        {"sofa" : 1,  "begin" : 1398,  "end" : 1406 }, 
        {"sofa" : 1,  "begin" : 1407,  "end" : 1410 }, 
        {"sofa" : 1,  "begin" : 1411,  "end" : 1418 }, 
        {"sofa" : 1,  "begin" : 1419,  "end" : 1422 }, 
        {"sofa" : 1,  "begin" : 1423,  "end" : 1427 }, 
        {"sofa" : 1,  "begin" : 1428,  "end" : 1435 }, 
        {"sofa" : 1,  "begin" : 1435,  "end" : 1436 }, 
        {"sofa" : 1,  "begin" : 1437,  "end" : 1440 }, 
        {"sofa" : 1,  "begin" : 1441,  "end" : 1450 }, 
        {"sofa" : 1,  "begin" : 1451,  "end" : 1454 }, 
        {"sofa" : 1,  "begin" : 1456,  "end" : 1463 }, 
        {"sofa" : 1,  "begin" : 1464,  "end" : 1467 }, 
        {"sofa" : 1,  "begin" : 1468,  "end" : 1474 }, 
        {"sofa" : 1,  "begin" : 1475,  "end" : 1477 }, 
        {"sofa" : 1,  "begin" : 1478,  "end" : 1482 }, 
        {"sofa" : 1,  "begin" : 1483,  "end" : 1490 }, 
        {"sofa" : 1,  "begin" : 1490,  "end" : 1491 } ] } }, 
  "_referenced_fss" : {
    "1" : {"_type" : "Sofa",  "sofaNum" : 1,  "sofaID" : "_InitialView",  "mimeType" : "text",  "sofaString" : "320. Italian Snuffs \n \nPut into a mortar, or other convenient \nvestel, a quantity of Snuff already scented \nwith some Flower, pour on it a little White \nWine, and add, if agreeable, some Essence \nof Ambergrise, Musk, or any other Perfume \nyou like best ; stir the Snuff and rub it well \nbetween your hands. Scent Snuff in this\nmanner with any particular flavour, and put \nthe different scented Snuffs in separate boxes, \nwhich are to be marked, to prevent mistakes. \n \n321. Snuff scented after the Spanish Manner\n \nTake a lump of double-refined Sugar, \nrub it in a mortar with twenty grains of  \nMusk; add by little and little a pound of \nSnuff, and grind the whole with ten grains \nof Civet, rubbing it afterwards well between your hands. \n\nSeville Snuff is scented with twenty \ngrains of Vanilloes only. Keep your Snuff \nin canisters closely syopped, to prevent the \nscent from exhaling. \n \nAs Spanish Snuff is very fine and of a \nredish colour, to imitate it nicely, take \nthe best Dutch Snuff, well cleansed, granulated, and coloured red; beat it fine, \nand sift it through a very fine lawn sieve. \nAfter it has been cleansed according to the \nforegoing directions, it is fit to take any \nscent whatever. \n \nThere is no rilk in using a sieve that \nretains the scent of any Flower, to perfume \nyour Snuff with the flavour of Musk, \n Ambergrise, or any other Perfume. On \nthe contrary, the Snuff receives the Perfume the more readily, and preserves its \nflavour the longer on that account. \n \n " }, 
    "3917" : {"_type" : "Span",  "sofa" : 1,  "begin" : 99,  "end" : 106,  "label" : "Smell_Word" }, 
    "3922" : {"_type" : "Span",  "sofa" : 1,  "begin" : 99,  "end" : 106,  "label" : "Quality" }, 
    "3934" : {"_type" : "Span",  "sofa" : 1,  "begin" : 85,  "end" : 90,  "label" : "Odour_Carrier" }, 
    "3946" : {"_type" : "Span",  "sofa" : 1,  "begin" : 108,  "end" : 124,  "label" : "Smell_Source" }, 
    "3958" : {"_type" : "Span",  "sofa" : 1,  "begin" : 187,  "end" : 194,  "label" : "Smell_Word" }, 
    "3963" : {"_type" : "Span",  "sofa" : 1,  "begin" : 171,  "end" : 180,  "label" : "Quality" }, 
    "3975" : {"_type" : "Span",  "sofa" : 1,  "begin" : 196,  "end" : 209,  "label" : "Smell_Source" }, 
    "3987" : {"_type" : "Span",  "sofa" : 1,  "begin" : 211,  "end" : 215,  "label" : "Smell_Source" }, 
    "4004" : {"_type" : "Span",  "sofa" : 1,  "begin" : 230,  "end" : 237,  "label" : "Smell_Word" }, 
    "4009" : {"_type" : "Span",  "sofa" : 1,  "begin" : 239,  "end" : 242,  "label" : "Perceiver" }, 
    "3999" : {"_type" : "Span",  "sofa" : 1,  "begin" : 224,  "end" : 229,  "label" : "Quality" }, 
    "4028" : {"_type" : "Span",  "sofa" : 1,  "begin" : 307,  "end" : 312,  "label" : "Smell_Word" }, 
    "4033" : {"_type" : "Span",  "sofa" : 1,  "begin" : 313,  "end" : 318,  "label" : "Odour_Carrier" }, 
    "4045" : {"_type" : "Span",  "sofa" : 1,  "begin" : 334,  "end" : 361,  "label" : "Smell_Source" }, 
    "4062" : {"_type" : "Span",  "sofa" : 1,  "begin" : 386,  "end" : 393,  "label" : "Smell_Word" }, 
    "4067" : {"_type" : "Span",  "sofa" : 1,  "begin" : 386,  "end" : 393,  "label" : "Quality" }, 
    "4079" : {"_type" : "Span",  "sofa" : 1,  "begin" : 394,  "end" : 400,  "label" : "Odour_Carrier" }, 
    "4057" : {"_type" : "Span",  "sofa" : 1,  "begin" : 376,  "end" : 385,  "label" : "Quality" }, 
    "4098" : {"_type" : "Span",  "sofa" : 1,  "begin" : 401,  "end" : 418,  "label" : "Location" }, 
    "4110" : {"_type" : "Span",  "sofa" : 1,  "begin" : 480,  "end" : 487,  "label" : "Smell_Word" }, 
    "4115" : {"_type" : "Span",  "sofa" : 1,  "begin" : 480,  "end" : 487,  "label" : "Quality" }, 
    "4127" : {"_type" : "Span",  "sofa" : 1,  "begin" : 474,  "end" : 479,  "label" : "Odour_Carrier" }, 
    "4139" : {"_type" : "Span",  "sofa" : 1,  "begin" : 869,  "end" : 874,  "label" : "Smell_Word" }, 
    "4164" : {"_type" : "Span",  "sofa" : 1,  "begin" : 823,  "end" : 851,  "label" : "Location" }, 
    "4144" : {"_type" : "Span",  "sofa" : 1,  "begin" : 816,  "end" : 821,  "label" : "Odour_Carrier" }, 
    "4149" : {"_type" : "Span",  "sofa" : 1,  "begin" : 811,  "end" : 815,  "label" : "Perceiver" }, 
    "4205" : {"_type" : "Span",  "sofa" : 1,  "begin" : 1170,  "end" : 1172,  "label" : "Odour_Carrier" }, 
    "4210" : {"_type" : "Span",  "sofa" : 1,  "begin" : 976,  "end" : 996,  "label" : "Odour_Carrier" }, 
    "4195" : {"_type" : "Span",  "sofa" : 1,  "begin" : 1193,  "end" : 1198,  "label" : "Smell_Word" }, 
    "4229" : {"_type" : "Span",  "sofa" : 1,  "begin" : 1264,  "end" : 1269,  "label" : "Smell_Word" }, 
    "4234" : {"_type" : "Span",  "sofa" : 1,  "begin" : 1270,  "end" : 1283,  "label" : "Smell_Source" }, 
    "4239" : {"_type" : "Span",  "sofa" : 1,  "begin" : 1238,  "end" : 1245,  "label" : "Odour_Carrier" }, 
    "4258" : {"_type" : "Span",  "sofa" : 1,  "begin" : 1288,  "end" : 1295,  "label" : "Smell_Word" }, 
    "4263" : {"_type" : "Span",  "sofa" : 1,  "begin" : 1297,  "end" : 1301,  "label" : "Perceiver" }, 
    "4268" : {"_type" : "Span",  "sofa" : 1,  "begin" : 1302,  "end" : 1307,  "label" : "Odour_Carrier" }, 
    "4273" : {"_type" : "Span",  "sofa" : 1,  "begin" : 1308,  "end" : 1332,  "label" : "Smell_Source" }, 
    "4278" : {"_type" : "Span",  "sofa" : 1,  "begin" : 1336,  "end" : 1346,  "label" : "Smell_Source" }, 
    "4283" : {"_type" : "Span",  "sofa" : 1,  "begin" : 1351,  "end" : 1368,  "label" : "Smell_Source" }, 
    "4333" : {"_type" : "Span",  "sofa" : 1,  "begin" : 1411,  "end" : 1418,  "label" : "Smell_Word" }, 
    "4328" : {"_type" : "Span",  "sofa" : 1,  "begin" : 1388,  "end" : 1397,  "label" : "Odour_Carrier" } } }