#FORMAT=WebAnno TSV 3.3


#Text=in 't eindloos ryk der bovenzaligheden!
1-1	2-4	in	
1-2	5-6	'	
1-3	6-7	t	
1-4	8-16	eindloos	
1-5	17-20	ryk	
1-6	21-24	der	
1-7	25-40	bovenzaligheden	
1-8	40-41	!	

#Text=’
#Text=
#Text=Daer
#Text=knielen ze op den berg, als Israël.
2-1	42-43	’	
2-2	45-49	Daer	
2-3	50-57	knielen	
2-4	58-60	ze	
2-5	61-63	op	
2-6	64-67	den	
2-7	68-72	berg	
2-8	72-73	,	
2-9	74-77	als	
2-10	78-84	Israël	
2-11	84-85	.	

#Text=Hun beden
#Text=
#Text=Verheffen zich, vermengd in 't avonddankgeschal
#Text=Der luchtkooralen, tot den Schepper van 't heelal.
3-1	86-89	Hun	
3-2	90-95	beden	
3-3	97-106	Verheffen	
3-4	107-111	zich	
3-5	111-112	,	
3-6	113-121	vermengd	
3-7	122-124	in	
3-8	125-126	'	
3-9	126-127	t	
3-10	128-144	avonddankgeschal	
3-11	145-148	Der	
3-12	149-162	luchtkooralen	
3-13	162-163	,	
3-14	164-167	tot	
3-15	168-171	den	
3-16	172-180	Schepper	
3-17	181-184	van	
3-18	185-186	'	
3-19	186-187	t	
3-20	188-194	heelal	
3-21	194-195	.	

#Text=De tempelklok verspreidde op eens godvruchte klanken.
4-1	198-200	De	
4-2	201-211	tempelklok	
4-3	212-223	verspreidde	
4-4	224-226	op	
4-5	227-231	eens	
4-6	232-242	godvruchte	
4-7	243-250	klanken	
4-8	250-251	.	

#Text=Zy wenden
#Text='t oog, en zien ze in 't gothisch luchtgat wanken
#Text=
#Text=Des ouden torens, waer de laetste zonnestrael
#Text=
#Text=Om flikkerde.
5-1	254-256	Zy	
5-2	257-263	wenden	
5-3	264-265	'	
5-4	265-266	t	
5-5	267-270	oog	
5-6	270-271	,	
5-7	272-274	en	
5-8	275-279	zien	
5-9	280-282	ze	
5-10	283-285	in	
5-11	286-287	'	
5-12	287-288	t	
5-13	289-297	gothisch	
5-14	298-306	luchtgat	
5-15	307-313	wanken	
5-16	315-318	Des	
5-17	319-324	ouden	
5-18	325-331	torens	
5-19	331-332	,	
5-20	333-337	waer	
5-21	338-340	de	
5-22	341-348	laetste	
5-23	349-360	zonnestrael	
5-24	362-364	Om	
5-25	365-374	flikkerde	
5-26	374-375	.	

#Text=Hun hart begreep haer schelle tael;
#Text=
#Text=
#Text=En 't biddend paer, wier zucht ten starren was gestegen.
6-1	376-379	Hun	
6-2	380-384	hart	
6-3	385-392	begreep	
6-4	393-397	haer	
6-5	398-405	schelle	
6-6	406-410	tael	
6-7	410-411	;	
6-8	414-416	En	
6-9	417-418	'	
6-10	418-419	t	
6-11	420-427	biddend	
6-12	428-432	paer	
6-13	432-433	,	
6-14	434-438	wier	
6-15	439-444	zucht	
6-16	445-448	ten	
6-17	449-456	starren	
6-18	457-460	was	
6-19	461-469	gestegen	
6-20	469-470	.	

#Text=Daelde, als van 't heilig brons de jongste bommen zwegen
#Text=Langs 't ingesluimerd veld, dat, moede, by dien klank
#Text=Den arbeid had gestaekt en rustte in stillen dank.
7-1	472-478	Daelde	
7-2	478-479	,	
7-3	480-483	als	
7-4	484-487	van	
7-5	488-489	'	
7-6	489-490	t	
7-7	491-497	heilig	
7-8	498-503	brons	
7-9	504-506	de	
7-10	507-514	jongste	
7-11	515-521	bommen	
7-12	522-528	zwegen	
7-13	529-534	Langs	
7-14	535-536	'	
7-15	536-537	t	
7-16	538-550	ingesluimerd	
7-17	551-555	veld	
7-18	555-556	,	
7-19	557-560	dat	
7-20	560-561	,	
7-21	562-567	moede	
7-22	567-568	,	
7-23	569-571	by	
7-24	572-576	dien	
7-25	577-582	klank	
7-26	583-586	Den	
7-27	587-593	arbeid	
7-28	594-597	had	
7-29	598-606	gestaekt	
7-30	607-609	en	
7-31	610-616	rustte	
7-32	617-619	in	
7-33	620-627	stillen	
7-34	628-632	dank	
7-35	632-633	.	

#Text=De landman teekende zich met het kruis des Heeren.
8-1	636-638	De	
8-2	639-646	landman	
8-3	647-655	teekende	
8-4	656-660	zich	
8-5	661-664	met	
8-6	665-668	het	
8-7	669-674	kruis	
8-8	675-678	des	
8-9	679-685	Heeren	
8-10	685-686	.	
