#FORMAT=WebAnno TSV 3.3


#Text=()
#Text=\t
#Text=Hartsinck, 2e
#Text=deel blz. 901.
1-1	3-4	(	
1-2	4-5	)	
1-3	8-17	Hartsinck	
1-4	17-18	,	
1-5	19-21	2e	
1-6	22-26	deel	
1-7	27-30	blz	
1-8	30-31	.	
1-9	32-35	901	
1-10	35-36	.	

#Text=naar de schepen gevoerd, en daar van 300 tol 350 en van 600 tot 700 in een schip 
#Text=geladen.
2-1	41-45	naar	
2-2	46-48	de	
2-3	49-56	schepen	
2-4	57-64	gevoerd	
2-5	64-65	,	
2-6	66-68	en	
2-7	69-73	daar	
2-8	74-77	van	
2-9	78-81	300	
2-10	82-85	tol	
2-11	86-89	350	
2-12	90-92	en	
2-13	93-96	van	
2-14	97-100	600	
2-15	101-104	tot	
2-16	105-108	700	
2-17	109-111	in	
2-18	112-115	een	
2-19	116-121	schip	
2-20	123-130	geladen	
2-21	130-131	.	

#Text=De mannen werden van de vrouwen gescheiden; de eersten daarenboven geboeid, 
#Text=en vervolgens, om ruimte te winnen, zoo digt mogelijk opeengepakt;
#Text=de benaauwde 
#Text=en verpestende atmospheer in dergelijke slavenschepen veroorzaakte dikwijls 
#Text=besmettelijke ziekten, en steeds vielen er vele slagtoffers daarvan op de reis.
3-1	136-138	De	
3-2	139-145	mannen	
3-3	146-152	werden	
3-4	153-156	van	
3-5	157-159	de	
3-6	160-167	vrouwen	
3-7	168-178	gescheiden	
3-8	178-179	;	
3-9	180-182	de	
3-10	183-190	eersten	
3-11	191-202	daarenboven	
3-12	203-210	geboeid	
3-13	210-211	,	
3-14	213-215	en	
3-15	216-226	vervolgens	
3-16	226-227	,	
3-17	228-230	om	
3-18	231-237	ruimte	
3-19	238-240	te	
3-20	241-247	winnen	
3-21	247-248	,	
3-22	249-252	zoo	
3-23	253-257	digt	
3-24	258-266	mogelijk	
3-25	267-278	opeengepakt	
3-26	278-279	;	
3-27	280-282	de	
3-28	283-292	benaauwde	
3-29	294-296	en	
3-30	297-308	verpestende	
3-31	309-319	atmospheer	
3-32	320-322	in	
3-33	323-333	dergelijke	
3-34	334-347	slavenschepen	
3-35	348-360	veroorzaakte	
3-36	361-369	dikwijls	
3-37	371-384	besmettelijke	
3-38	385-392	ziekten	
3-39	392-393	,	
3-40	394-396	en	
3-41	397-403	steeds	
3-42	404-410	vielen	
3-43	411-413	er	
3-44	414-418	vele	
3-45	419-430	slagtoffers	
3-46	431-438	daarvan	
3-47	439-441	op	
3-48	442-444	de	
3-49	445-449	reis	
3-50	449-450	.	

#Text=De Fransche, Engelsche en Portugesche slavenschepen waren altoos even 
#Text=morsig, vuil, stinkende; op de Nederlandsche betrachtte men ten minste eenigermate
#Text=de zindelijkheid(*).
4-1	454-456	De	
4-2	457-465	Fransche	
4-3	465-466	,	
4-4	467-476	Engelsche	
4-5	477-479	en	
4-6	480-491	Portugesche	
4-7	492-505	slavenschepen	
4-8	506-511	waren	
4-9	512-518	altoos	
4-10	519-523	even	
4-11	525-531	morsig	
4-12	531-532	,	
4-13	533-537	vuil	
4-14	537-538	,	
4-15	539-548	stinkende	
4-16	548-549	;	
4-17	550-552	op	
4-18	553-555	de	
4-19	556-569	Nederlandsche	
4-20	570-580	betrachtte	
4-21	581-584	men	
4-22	585-588	ten	
4-23	589-595	minste	
4-24	596-607	eenigermate	
4-25	608-610	de	
4-26	611-624	zindelijkheid	
4-27	624-625	(	
4-28	625-626	*	
4-29	626-627	)	
4-30	627-628	.	

#Text=Van tijd tot tijd liet men eenige slaven boven komen, om versche lucht te scheppen, 
#Text=bij welke gelegenheid de wacht met scherp geladen en daarenboven verdubbeld 
#Text=werd.
5-1	633-636	Van	
5-2	637-641	tijd	
5-3	642-645	tot	
5-4	646-650	tijd	
5-5	651-655	liet	
5-6	656-659	men	
5-7	660-666	eenige	
5-8	667-673	slaven	
5-9	674-679	boven	
5-10	680-685	komen	
5-11	685-686	,	
5-12	687-689	om	
5-13	690-697	versche	
5-14	698-703	lucht	
5-15	704-706	te	
5-16	707-715	scheppen	
5-17	715-716	,	
5-18	718-721	bij	
5-19	722-727	welke	
5-20	728-739	gelegenheid	
5-21	740-742	de	
5-22	743-748	wacht	
5-23	749-752	met	
5-24	753-759	scherp	
5-25	760-767	geladen	
5-26	768-770	en	
5-27	771-782	daarenboven	
5-28	783-793	verdubbeld	
5-29	795-799	werd	
5-30	799-800	.	

#Text=Niettegenstaande deze voorzorgen spanden de slaven soms te zamen,
6-1	804-820	Niettegenstaande	
6-2	821-825	deze	
6-3	826-836	voorzorgen	
6-4	837-844	spanden	
6-5	845-847	de	
6-6	848-854	slaven	
6-7	855-859	soms	
6-8	860-862	te	
6-9	863-868	zamen	
6-10	868-869	,	
