#FORMAT=WebAnno TSV 3.3
#T_SP=custom.Span|label
#T_RL=custom.Relation|label|BT_custom.Span


#Text=()
#Text=\t
#Text=Hartsinck, 2e
#Text=deel blz. 901.
1-1	3-4	(	_	_	_	
1-2	4-5	)	_	_	_	
1-3	8-17	Hartsinck	_	_	_	
1-4	17-18	,	_	_	_	
1-5	19-21	2e	_	_	_	
1-6	22-26	deel	_	_	_	
1-7	27-30	blz	_	_	_	
1-8	30-31	.	_	_	_	
1-9	32-35	901	_	_	_	
1-10	35-36	.	_	_	_	

#Text=naar de schepen gevoerd, en daar van 300 tol 350 en van 600 tot 700 in een schip 
#Text=geladen.
2-1	41-45	naar	_	_	_	
2-2	46-48	de	_	_	_	
2-3	49-56	schepen	_	_	_	
2-4	57-64	gevoerd	_	_	_	
2-5	64-65	,	_	_	_	
2-6	66-68	en	_	_	_	
2-7	69-73	daar	_	_	_	
2-8	74-77	van	_	_	_	
2-9	78-81	300	_	_	_	
2-10	82-85	tol	_	_	_	
2-11	86-89	350	_	_	_	
2-12	90-92	en	_	_	_	
2-13	93-96	van	_	_	_	
2-14	97-100	600	_	_	_	
2-15	101-104	tot	_	_	_	
2-16	105-108	700	_	_	_	
2-17	109-111	in	_	_	_	
2-18	112-115	een	_	_	_	
2-19	116-121	schip	_	_	_	
2-20	123-130	geladen	_	_	_	
2-21	130-131	.	_	_	_	

#Text=De mannen werden van de vrouwen gescheiden; de eersten daarenboven geboeid, 
#Text=en vervolgens, om ruimte te winnen, zoo digt mogelijk opeengepakt;
#Text=de benaauwde 
#Text=en verpestende atmospheer in dergelijke slavenschepen veroorzaakte dikwijls 
#Text=besmettelijke ziekten, en steeds vielen er vele slagtoffers daarvan op de reis.
3-1	136-138	De	_	_	_	
3-2	139-145	mannen	_	_	_	
3-3	146-152	werden	_	_	_	
3-4	153-156	van	_	_	_	
3-5	157-159	de	_	_	_	
3-6	160-167	vrouwen	_	_	_	
3-7	168-178	gescheiden	_	_	_	
3-8	178-179	;	_	_	_	
3-9	180-182	de	_	_	_	
3-10	183-190	eersten	_	_	_	
3-11	191-202	daarenboven	_	_	_	
3-12	203-210	geboeid	_	_	_	
3-13	210-211	,	_	_	_	
3-14	213-215	en	_	_	_	
3-15	216-226	vervolgens	_	_	_	
3-16	226-227	,	_	_	_	
3-17	228-230	om	_	_	_	
3-18	231-237	ruimte	_	_	_	
3-19	238-240	te	_	_	_	
3-20	241-247	winnen	_	_	_	
3-21	247-248	,	_	_	_	
3-22	249-252	zoo	_	_	_	
3-23	253-257	digt	_	_	_	
3-24	258-266	mogelijk	_	_	_	
3-25	267-278	opeengepakt	_	_	_	
3-26	278-279	;	_	_	_	
3-27	280-282	de	_	_	_	
3-28	283-292	benaauwde	_	_	_	
3-29	294-296	en	_	_	_	
3-30	297-308	verpestende	_	_	_	
3-31	309-319	atmospheer	_	_	_	
3-32	320-322	in	_	_	_	
3-33	323-333	dergelijke	_	_	_	
3-34	334-347	slavenschepen	_	_	_	
3-35	348-360	veroorzaakte	_	_	_	
3-36	361-369	dikwijls	_	_	_	
3-37	371-384	besmettelijke	_	_	_	
3-38	385-392	ziekten	_	_	_	
3-39	392-393	,	_	_	_	
3-40	394-396	en	_	_	_	
3-41	397-403	steeds	_	_	_	
3-42	404-410	vielen	_	_	_	
3-43	411-413	er	_	_	_	
3-44	414-418	vele	_	_	_	
3-45	419-430	slagtoffers	_	_	_	
3-46	431-438	daarvan	_	_	_	
3-47	439-441	op	_	_	_	
3-48	442-444	de	_	_	_	
3-49	445-449	reis	_	_	_	
3-50	449-450	.	_	_	_	

#Text=De Fransche, Engelsche en Portugesche slavenschepen waren altoos even 
#Text=morsig, vuil, stinkende; op de Nederlandsche betrachtte men ten minste eenigermate
#Text=de zindelijkheid(*).
4-1	454-456	De	Smell\_Source[1]	_	_	
4-2	457-465	Fransche	Smell\_Source[1]	_	_	
4-3	465-466	,	Smell\_Source[1]	_	_	
4-4	467-476	Engelsche	Smell\_Source[1]	_	_	
4-5	477-479	en	Smell\_Source[1]	_	_	
4-6	480-491	Portugesche	Smell\_Source[1]	_	_	
4-7	492-505	slavenschepen	Smell\_Source[1]	_	_	
4-8	506-511	waren	_	_	_	
4-9	512-518	altoos	Time	_	_	
4-10	519-523	even	_	_	_	
4-11	525-531	morsig	_	_	_	
4-12	531-532	,	_	_	_	
4-13	533-537	vuil	_	_	_	
4-14	537-538	,	_	_	_	
4-15	539-548	stinkende	Smell\_Word[2]|Quality[3]	*|*	4-1[1_2]|4-15[3_2]	
4-16	548-549	;	_	_	_	
4-17	550-552	op	_	_	_	
4-18	553-555	de	_	_	_	
4-19	556-569	Nederlandsche	_	_	_	
4-20	570-580	betrachtte	_	_	_	
4-21	581-584	men	_	_	_	
4-22	585-588	ten	_	_	_	
4-23	589-595	minste	_	_	_	
4-24	596-607	eenigermate	_	_	_	
4-25	608-610	de	_	_	_	
4-26	611-624	zindelijkheid	_	_	_	
4-27	624-625	(	_	_	_	
4-28	625-626	*	_	_	_	
4-29	626-627	)	_	_	_	
4-30	627-628	.	_	_	_	

#Text=Van tijd tot tijd liet men eenige slaven boven komen, om versche lucht te scheppen, 
#Text=bij welke gelegenheid de wacht met scherp geladen en daarenboven verdubbeld 
#Text=werd.
5-1	633-636	Van	_	_	_	
5-2	637-641	tijd	_	_	_	
5-3	642-645	tot	_	_	_	
5-4	646-650	tijd	_	_	_	
5-5	651-655	liet	_	_	_	
5-6	656-659	men	_	_	_	
5-7	660-666	eenige	_	_	_	
5-8	667-673	slaven	_	_	_	
5-9	674-679	boven	_	_	_	
5-10	680-685	komen	_	_	_	
5-11	685-686	,	_	_	_	
5-12	687-689	om	_	_	_	
5-13	690-697	versche	_	_	_	
5-14	698-703	lucht	_	_	_	
5-15	704-706	te	_	_	_	
5-16	707-715	scheppen	_	_	_	
5-17	715-716	,	_	_	_	
5-18	718-721	bij	_	_	_	
5-19	722-727	welke	_	_	_	
5-20	728-739	gelegenheid	_	_	_	
5-21	740-742	de	_	_	_	
5-22	743-748	wacht	_	_	_	
5-23	749-752	met	_	_	_	
5-24	753-759	scherp	_	_	_	
5-25	760-767	geladen	_	_	_	
5-26	768-770	en	_	_	_	
5-27	771-782	daarenboven	_	_	_	
5-28	783-793	verdubbeld	_	_	_	
5-29	795-799	werd	_	_	_	
5-30	799-800	.	_	_	_	

#Text=Niettegenstaande deze voorzorgen spanden de slaven soms te zamen,
6-1	804-820	Niettegenstaande	_	_	_	
6-2	821-825	deze	_	_	_	
6-3	826-836	voorzorgen	_	_	_	
6-4	837-844	spanden	_	_	_	
6-5	845-847	de	_	_	_	
6-6	848-854	slaven	_	_	_	
6-7	855-859	soms	_	_	_	
6-8	860-862	te	_	_	_	
6-9	863-868	zamen	_	_	_	
6-10	868-869	,	_	_	_	
