#FORMAT=WebAnno TSV 3.3


#Text=11 Sed hoc mihi videtur rectum esse consilium.
1-1	2-4	11	
1-2	5-8	Sed	
1-3	9-12	hoc	
1-4	13-17	mihi	
1-5	18-25	videtur	
1-6	26-32	rectum	
1-7	33-37	esse	
1-8	38-47	consilium	
1-9	47-48	.	

#Text=Congregetur ad te universus Israël, a Dan usque Bersabee, quasi arena maris innumerabilis : et tu eris in medio eorum.
#Text=12 Et irruemus super eum in quocumque loco inventus fuerit, et operiemus eum, sicut cadere solet ros super terram : et non relinquemus de viris qui cum eo sunt, ne unum quidem.
#Text=13 Quod si urbem aliquam fuerit ingressus, circumdabit omnis Israël civitati illi funes, et trahemus eam in torrentem, ut non reperiatur ne calculus quidem ex ea.
#Text=14 Dixitque Absalom, et omnes viri Israël : Melius est consilium Chusai Arachitæ, consilio Achitophel : Domini autem nutu dissipatum est consilium Achitophel utile, ut induceret Dominus super Absalom malum.
#Text=15 Et ait Chusai Sadoc et Abiathar sacerdotibus : Hoc et hoc modo consilium dedit Achitophel Absalom et senioribus Israël : et ego tale et tale dedi consilium.
#Text=16 Nunc ergo mittite cito, et nuntiate David, dicentes : Ne moreris nocte hac in campestribus deserti, sed absque dilatione transgredere : ne forte absorbeatur rex, et omnis populus qui cum eo est.
#Text=17 Jonathas autem et Achimaas stabant juxta fontem Rogel : abiit ancilla et nuntiavit eis.
2-1	49-60	Congregetur	
2-2	61-63	ad	
2-3	64-66	te	
2-4	67-76	universus	
2-5	77-83	Israël	
2-6	83-84	,	
2-7	85-86	a	
2-8	87-90	Dan	
2-9	91-96	usque	
2-10	97-105	Bersabee	
2-11	105-106	,	
2-12	107-112	quasi	
2-13	113-118	arena	
2-14	119-124	maris	
2-15	125-138	innumerabilis	
2-16	139-140	:	
2-17	141-143	et	
2-18	144-146	tu	
2-19	147-151	eris	
2-20	152-154	in	
2-21	155-160	medio	
2-22	161-166	eorum	
2-23	166-167	.	
2-24	168-170	12	
2-25	171-173	Et	
2-26	174-182	irruemus	
2-27	183-188	super	
2-28	189-192	eum	
2-29	193-195	in	
2-30	196-205	quocumque	
2-31	206-210	loco	
2-32	211-219	inventus	
2-33	220-226	fuerit	
2-34	226-227	,	
2-35	228-230	et	
2-36	231-240	operiemus	
2-37	241-244	eum	
2-38	244-245	,	
2-39	246-251	sicut	
2-40	252-258	cadere	
2-41	259-264	solet	
2-42	265-268	ros	
2-43	269-274	super	
2-44	275-281	terram	
2-45	282-283	:	
2-46	284-286	et	
2-47	287-290	non	
2-48	291-302	relinquemus	
2-49	303-305	de	
2-50	306-311	viris	
2-51	312-315	qui	
2-52	316-319	cum	
2-53	320-322	eo	
2-54	323-327	sunt	
2-55	327-328	,	
2-56	329-331	ne	
2-57	332-336	unum	
2-58	337-343	quidem	
2-59	343-344	.	
2-60	345-347	13	
2-61	348-352	Quod	
2-62	353-355	si	
2-63	356-361	urbem	
2-64	362-369	aliquam	
2-65	370-376	fuerit	
2-66	377-386	ingressus	
2-67	386-387	,	
2-68	388-399	circumdabit	
2-69	400-405	omnis	
2-70	406-412	Israël	
2-71	413-421	civitati	
2-72	422-426	illi	
2-73	427-432	funes	
2-74	432-433	,	
2-75	434-436	et	
2-76	437-445	trahemus	
2-77	446-449	eam	
2-78	450-452	in	
2-79	453-462	torrentem	
2-80	462-463	,	
2-81	464-466	ut	
2-82	467-470	non	
2-83	471-481	reperiatur	
2-84	482-484	ne	
2-85	485-493	calculus	
2-86	494-500	quidem	
2-87	501-503	ex	
2-88	504-506	ea	
2-89	506-507	.	
2-90	508-510	14	
2-91	511-519	Dixitque	
2-92	520-527	Absalom	
2-93	527-528	,	
2-94	529-531	et	
2-95	532-537	omnes	
2-96	538-542	viri	
2-97	543-549	Israël	
2-98	550-551	:	
2-99	552-558	Melius	
2-100	559-562	est	
2-101	563-572	consilium	
2-102	573-579	Chusai	
2-103	580-588	Arachitæ	
2-104	588-589	,	
2-105	590-598	consilio	
2-106	599-609	Achitophel	
2-107	610-611	:	
2-108	612-618	Domini	
2-109	619-624	autem	
2-110	625-629	nutu	
2-111	630-640	dissipatum	
2-112	641-644	est	
2-113	645-654	consilium	
2-114	655-665	Achitophel	
2-115	666-671	utile	
2-116	671-672	,	
2-117	673-675	ut	
2-118	676-685	induceret	
2-119	686-693	Dominus	
2-120	694-699	super	
2-121	700-707	Absalom	
2-122	708-713	malum	
2-123	713-714	.	
2-124	715-717	15	
2-125	718-720	Et	
2-126	721-724	ait	
2-127	725-731	Chusai	
2-128	732-737	Sadoc	
2-129	738-740	et	
2-130	741-749	Abiathar	
2-131	750-762	sacerdotibus	
2-132	763-764	:	
2-133	765-768	Hoc	
2-134	769-771	et	
2-135	772-775	hoc	
2-136	776-780	modo	
2-137	781-790	consilium	
2-138	791-796	dedit	
2-139	797-807	Achitophel	
2-140	808-815	Absalom	
2-141	816-818	et	
2-142	819-829	senioribus	
2-143	830-836	Israël	
2-144	837-838	:	
2-145	839-841	et	
2-146	842-845	ego	
2-147	846-850	tale	
2-148	851-853	et	
2-149	854-858	tale	
2-150	859-863	dedi	
2-151	864-873	consilium	
2-152	873-874	.	
2-153	875-877	16	
2-154	878-882	Nunc	
2-155	883-887	ergo	
2-156	888-895	mittite	
2-157	896-900	cito	
2-158	900-901	,	
2-159	902-904	et	
2-160	905-913	nuntiate	
2-161	914-919	David	
2-162	919-920	,	
2-163	921-929	dicentes	
2-164	930-931	:	
2-165	932-934	Ne	
2-166	935-942	moreris	
2-167	943-948	nocte	
2-168	949-952	hac	
2-169	953-955	in	
2-170	956-968	campestribus	
2-171	969-976	deserti	
2-172	976-977	,	
2-173	978-981	sed	
2-174	982-988	absque	
2-175	989-998	dilatione	
2-176	999-1011	transgredere	
2-177	1012-1013	:	
2-178	1014-1016	ne	
2-179	1017-1022	forte	
2-180	1023-1034	absorbeatur	
2-181	1035-1038	rex	
2-182	1038-1039	,	
2-183	1040-1042	et	
2-184	1043-1048	omnis	
2-185	1049-1056	populus	
2-186	1057-1060	qui	
2-187	1061-1064	cum	
2-188	1065-1067	eo	
2-189	1068-1071	est	
2-190	1071-1072	.	
2-191	1073-1075	17	
2-192	1076-1084	Jonathas	
2-193	1085-1090	autem	
2-194	1091-1093	et	
2-195	1094-1102	Achimaas	
2-196	1103-1110	stabant	
2-197	1111-1116	juxta	
2-198	1117-1123	fontem	
2-199	1124-1129	Rogel	
2-200	1130-1131	:	
2-201	1132-1137	abiit	
2-202	1138-1145	ancilla	
2-203	1146-1148	et	
2-204	1149-1158	nuntiavit	
2-205	1159-1162	eis	
2-206	1162-1163	.	

#Text=Et illi profecti sunt, ut referrent ad regem David nuntium : non enim poterant videri, aut introire civitatem.
#Text=18 Vidit autem eos quidam puer, et indicavit Absalom : illi vero concito gradu ingressi sunt domum cujusdam viri in Bahurim, qui habebat puteum in vestibulo suo : et descenderunt in eum.
#Text=19 Tulit autem mulier, et expandit velamen super os putei, quasi siccans ptisanas : et sic latuit res.
#Text=20 Cumque venissent servi Absalom in domum, ad mulierem dixerunt : Ubi est Achimaas et Jonathas ?
3-1	1164-1166	Et	
3-2	1167-1171	illi	
3-3	1172-1180	profecti	
3-4	1181-1185	sunt	
3-5	1185-1186	,	
3-6	1187-1189	ut	
3-7	1190-1199	referrent	
3-8	1200-1202	ad	
3-9	1203-1208	regem	
3-10	1209-1214	David	
3-11	1215-1222	nuntium	
3-12	1223-1224	:	
3-13	1225-1228	non	
3-14	1229-1233	enim	
3-15	1234-1242	poterant	
3-16	1243-1249	videri	
3-17	1249-1250	,	
3-18	1251-1254	aut	
3-19	1255-1263	introire	
3-20	1264-1273	civitatem	
3-21	1273-1274	.	
3-22	1275-1277	18	
3-23	1278-1283	Vidit	
3-24	1284-1289	autem	
3-25	1290-1293	eos	
3-26	1294-1300	quidam	
3-27	1301-1305	puer	
3-28	1305-1306	,	
3-29	1307-1309	et	
3-30	1310-1319	indicavit	
3-31	1320-1327	Absalom	
3-32	1328-1329	:	
3-33	1330-1334	illi	
3-34	1335-1339	vero	
3-35	1340-1347	concito	
3-36	1348-1353	gradu	
3-37	1354-1362	ingressi	
3-38	1363-1367	sunt	
3-39	1368-1373	domum	
3-40	1374-1382	cujusdam	
3-41	1383-1387	viri	
3-42	1388-1390	in	
3-43	1391-1398	Bahurim	
3-44	1398-1399	,	
3-45	1400-1403	qui	
3-46	1404-1411	habebat	
3-47	1412-1418	puteum	
3-48	1419-1421	in	
3-49	1422-1431	vestibulo	
3-50	1432-1435	suo	
3-51	1436-1437	:	
3-52	1438-1440	et	
3-53	1441-1453	descenderunt	
3-54	1454-1456	in	
3-55	1457-1460	eum	
3-56	1460-1461	.	
3-57	1462-1464	19	
3-58	1465-1470	Tulit	
3-59	1471-1476	autem	
3-60	1477-1483	mulier	
3-61	1483-1484	,	
3-62	1485-1487	et	
3-63	1488-1496	expandit	
3-64	1497-1504	velamen	
3-65	1505-1510	super	
3-66	1511-1513	os	
3-67	1514-1519	putei	
3-68	1519-1520	,	
3-69	1521-1526	quasi	
3-70	1527-1534	siccans	
3-71	1535-1543	ptisanas	
3-72	1544-1545	:	
3-73	1546-1548	et	
3-74	1549-1552	sic	
3-75	1553-1559	latuit	
3-76	1560-1563	res	
3-77	1563-1564	.	
3-78	1565-1567	20	
3-79	1568-1574	Cumque	
3-80	1575-1584	venissent	
3-81	1585-1590	servi	
3-82	1591-1598	Absalom	
3-83	1599-1601	in	
3-84	1602-1607	domum	
3-85	1607-1608	,	
3-86	1609-1611	ad	
3-87	1612-1620	mulierem	
3-88	1621-1629	dixerunt	
3-89	1630-1631	:	
3-90	1632-1635	Ubi	
3-91	1636-1639	est	
3-92	1640-1648	Achimaas	
3-93	1649-1651	et	
3-94	1652-1660	Jonathas	
3-95	1661-1662	?	

#Text=Et respondit eis mulier : Transierunt festinanter, gustata paululum aqua.
4-1	1663-1665	Et	
4-2	1666-1675	respondit	
4-3	1676-1679	eis	
4-4	1680-1686	mulier	
4-5	1687-1688	:	
4-6	1689-1700	Transierunt	
4-7	1701-1712	festinanter	
4-8	1712-1713	,	
4-9	1714-1721	gustata	
4-10	1722-1730	paululum	
4-11	1731-1735	aqua	
4-12	1735-1736	.	

#Text=At hi qui quærebant, cum non reperissent, reversi sunt in Jerusalem.
#Text=21 Cumque abiissent, ascenderunt illi de puteo, et pergentes nuntiaverunt regi David, et dixerunt : Surgite, et transite cito fluvium : quoniam hujuscemodi dedit consilium contra vos Achitophel.
#Text=22 Surrexit ergo David, et omnis populus qui cum eo erat, et transierunt Jordanem, donec dilucesceret : et ne unus quidem residuus fuit, qui non transisset fluvium.
#Text=23 Porro Achitophel videns quod non fuisset factum consilium suum, stravit asinum suum, surrexitque, et abiit in domum suam et in civitatem suam : et disposita domo sua, suspendio interiit, et sepultus est in sepulchro patris sui.
#Text=24 David autem venit in castra, et Absalom transivit Jordanem, ipse et omnes viri Israël cum eo.
#Text=25 Amasam vero constituit Absalom pro Joab super exercitum : Amasa autem erat filius viri qui vocabatur Jetra de Jezraëli, qui ingressus est ad Abigail filiam Naas, sororem Sarviæ, quæ fuit mater Joab.
#Text=26 Et castrametatus est Israël cum Absalom in terra Galaad.
5-1	1737-1739	At	
5-2	1740-1742	hi	
5-3	1743-1746	qui	
5-4	1747-1756	quærebant	
5-5	1756-1757	,	
5-6	1758-1761	cum	
5-7	1762-1765	non	
5-8	1766-1777	reperissent	
5-9	1777-1778	,	
5-10	1779-1786	reversi	
5-11	1787-1791	sunt	
5-12	1792-1794	in	
5-13	1795-1804	Jerusalem	
5-14	1804-1805	.	
5-15	1806-1808	21	
5-16	1809-1815	Cumque	
5-17	1816-1825	abiissent	
5-18	1825-1826	,	
5-19	1827-1838	ascenderunt	
5-20	1839-1843	illi	
5-21	1844-1846	de	
5-22	1847-1852	puteo	
5-23	1852-1853	,	
5-24	1854-1856	et	
5-25	1857-1866	pergentes	
5-26	1867-1879	nuntiaverunt	
5-27	1880-1884	regi	
5-28	1885-1890	David	
5-29	1890-1891	,	
5-30	1892-1894	et	
5-31	1895-1903	dixerunt	
5-32	1904-1905	:	
5-33	1906-1913	Surgite	
5-34	1913-1914	,	
5-35	1915-1917	et	
5-36	1918-1926	transite	
5-37	1927-1931	cito	
5-38	1932-1939	fluvium	
5-39	1940-1941	:	
5-40	1942-1949	quoniam	
5-41	1950-1961	hujuscemodi	
5-42	1962-1967	dedit	
5-43	1968-1977	consilium	
5-44	1978-1984	contra	
5-45	1985-1988	vos	
5-46	1989-1999	Achitophel	
5-47	1999-2000	.	
5-48	2001-2003	22	
5-49	2004-2012	Surrexit	
5-50	2013-2017	ergo	
5-51	2018-2023	David	
5-52	2023-2024	,	
5-53	2025-2027	et	
5-54	2028-2033	omnis	
5-55	2034-2041	populus	
5-56	2042-2045	qui	
5-57	2046-2049	cum	
5-58	2050-2052	eo	
5-59	2053-2057	erat	
5-60	2057-2058	,	
5-61	2059-2061	et	
5-62	2062-2073	transierunt	
5-63	2074-2082	Jordanem	
5-64	2082-2083	,	
5-65	2084-2089	donec	
5-66	2090-2102	dilucesceret	
5-67	2103-2104	:	
5-68	2105-2107	et	
5-69	2108-2110	ne	
5-70	2111-2115	unus	
5-71	2116-2122	quidem	
5-72	2123-2131	residuus	
5-73	2132-2136	fuit	
5-74	2136-2137	,	
5-75	2138-2141	qui	
5-76	2142-2145	non	
5-77	2146-2156	transisset	
5-78	2157-2164	fluvium	
5-79	2164-2165	.	
5-80	2166-2168	23	
5-81	2169-2174	Porro	
5-82	2175-2185	Achitophel	
5-83	2186-2192	videns	
5-84	2193-2197	quod	
5-85	2198-2201	non	
5-86	2202-2209	fuisset	
5-87	2210-2216	factum	
5-88	2217-2226	consilium	
5-89	2227-2231	suum	
5-90	2231-2232	,	
5-91	2233-2240	stravit	
5-92	2241-2247	asinum	
5-93	2248-2252	suum	
5-94	2252-2253	,	
5-95	2254-2265	surrexitque	
5-96	2265-2266	,	
5-97	2267-2269	et	
5-98	2270-2275	abiit	
5-99	2276-2278	in	
5-100	2279-2284	domum	
5-101	2285-2289	suam	
5-102	2290-2292	et	
5-103	2293-2295	in	
5-104	2296-2305	civitatem	
5-105	2306-2310	suam	
5-106	2311-2312	:	
5-107	2313-2315	et	
5-108	2316-2325	disposita	
5-109	2326-2330	domo	
5-110	2331-2334	sua	
5-111	2334-2335	,	
5-112	2336-2345	suspendio	
5-113	2346-2354	interiit	
5-114	2354-2355	,	
5-115	2356-2358	et	
5-116	2359-2367	sepultus	
5-117	2368-2371	est	
5-118	2372-2374	in	
5-119	2375-2384	sepulchro	
5-120	2385-2391	patris	
5-121	2392-2395	sui	
5-122	2395-2396	.	
5-123	2397-2399	24	
5-124	2400-2405	David	
5-125	2406-2411	autem	
5-126	2412-2417	venit	
5-127	2418-2420	in	
5-128	2421-2427	castra	
5-129	2427-2428	,	
5-130	2429-2431	et	
5-131	2432-2439	Absalom	
5-132	2440-2449	transivit	
5-133	2450-2458	Jordanem	
5-134	2458-2459	,	
5-135	2460-2464	ipse	
5-136	2465-2467	et	
5-137	2468-2473	omnes	
5-138	2474-2478	viri	
5-139	2479-2485	Israël	
5-140	2486-2489	cum	
5-141	2490-2492	eo	
5-142	2492-2493	.	
5-143	2494-2496	25	
5-144	2497-2503	Amasam	
5-145	2504-2508	vero	
5-146	2509-2519	constituit	
5-147	2520-2527	Absalom	
5-148	2528-2531	pro	
5-149	2532-2536	Joab	
5-150	2537-2542	super	
5-151	2543-2552	exercitum	
5-152	2553-2554	:	
5-153	2555-2560	Amasa	
5-154	2561-2566	autem	
5-155	2567-2571	erat	
5-156	2572-2578	filius	
5-157	2579-2583	viri	
5-158	2584-2587	qui	
5-159	2588-2597	vocabatur	
5-160	2598-2603	Jetra	
5-161	2604-2606	de	
5-162	2607-2615	Jezraëli	
5-163	2615-2616	,	
5-164	2617-2620	qui	
5-165	2621-2630	ingressus	
5-166	2631-2634	est	
5-167	2635-2637	ad	
5-168	2638-2645	Abigail	
5-169	2646-2652	filiam	
5-170	2653-2657	Naas	
5-171	2657-2658	,	
5-172	2659-2666	sororem	
5-173	2667-2673	Sarviæ	
5-174	2673-2674	,	
5-175	2675-2678	quæ	
5-176	2679-2683	fuit	
5-177	2684-2689	mater	
5-178	2690-2694	Joab	
5-179	2694-2695	.	
5-180	2696-2698	26	
5-181	2699-2701	Et	
5-182	2702-2715	castrametatus	
5-183	2716-2719	est	
5-184	2720-2726	Israël	
5-185	2727-2730	cum	
5-186	2731-2738	Absalom	
5-187	2739-2741	in	
5-188	2742-2747	terra	
5-189	2748-2754	Galaad	
5-190	2754-2755	.	
