{"_context" : {
    "_types" : {
      "DocumentMetaData" : {
        "_feature_types" : {"sofa" : "_ref" } }, 
      "Relation" : {
        "_feature_types" : {"sofa" : "_ref",  "Dependent" : "_ref",  "Governor" : "_ref" } }, 
      "Sentence" : {
        "_feature_types" : {"sofa" : "_ref" } }, 
      "Sofa" : {
        "_feature_types" : {"sofaArray" : "_ref" } }, 
      "Span" : {
        "_feature_types" : {"sofa" : "_ref" } }, 
      "TagsetDescription" : {
        "_feature_types" : {"sofa" : "_ref",  "tags" : "_ref" } }, 
      "Token" : {
        "_feature_types" : {"sofa" : "_ref",  "parent" : "_ref",  "lemma" : "_ref",  "stem" : "_ref",  "pos" : "_ref",  "morph" : "_ref",  "form" : "_ref" } }, 
      "DocumentAnnotation" : {
        "_feature_types" : {"sofa" : "_ref" }, 
        "_subtypes" : ["DocumentMetaData" ] }, 
      "Annotation" : {
        "_feature_types" : {"sofa" : "_ref" }, 
        "_subtypes" : ["DocumentAnnotation",  "Relation",  "Sentence",  "Span",  "TagsetDescription",  "Token" ] }, 
      "AnnotationBase" : {
        "_feature_types" : {"sofa" : "_ref" }, 
        "_subtypes" : ["Annotation" ] }, 
      "TOP" : {
        "_subtypes" : ["AnnotationBase",  "Sofa" ] } } }, 
  "_views" : {
    "_InitialView" : {
      "Relation" : [
        {"sofa" : 1,  "begin" : 6,  "end" : 11,  "Dependent" : 3725,  "Governor" : 3730 }, 
        {"sofa" : 1,  "begin" : 6,  "end" : 11,  "Dependent" : 3725,  "Governor" : 3742 }, 
        {"sofa" : 1,  "begin" : 258,  "end" : 263,  "Dependent" : 3759,  "Governor" : 3764 }, 
        {"sofa" : 1,  "begin" : 258,  "end" : 263,  "Dependent" : 3759,  "Governor" : 3754 }, 
        {"sofa" : 1,  "begin" : 271,  "end" : 275,  "Dependent" : 3793,  "Governor" : 3759,  "label" : "Anaphoric" }, 
        {"sofa" : 1,  "begin" : 271,  "end" : 275,  "Dependent" : 3793,  "Governor" : 3805 }, 
        {"sofa" : 1,  "begin" : 271,  "end" : 275,  "Dependent" : 3793,  "Governor" : 3817 }, 
        {"sofa" : 1,  "begin" : 271,  "end" : 275,  "Dependent" : 3793,  "Governor" : 3829 }, 
        {"sofa" : 1,  "begin" : 271,  "end" : 275,  "Dependent" : 3793,  "Governor" : 3841 }, 
        {"sofa" : 1,  "begin" : 628,  "end" : 633,  "Dependent" : 3853,  "Governor" : 3858 }, 
        {"sofa" : 1,  "begin" : 628,  "end" : 633,  "Dependent" : 3853,  "Governor" : 3870 }, 
        {"sofa" : 1,  "begin" : 628,  "end" : 633,  "Dependent" : 3853,  "Governor" : 3882 }, 
        {"sofa" : 1,  "begin" : 792,  "end" : 797,  "Dependent" : 3899,  "Governor" : 3894 }, 
        {"sofa" : 1,  "begin" : 792,  "end" : 797,  "Dependent" : 3899,  "Governor" : 3911 }, 
        {"sofa" : 1,  "begin" : 1216,  "end" : 1221,  "Dependent" : 3923,  "Governor" : 3928 }, 
        {"sofa" : 1,  "begin" : 1216,  "end" : 1221,  "Dependent" : 3923,  "Governor" : 3940 } ], 
      "Span" : [3725,  3730,  3742,  3754,  3764,  3759,  3793,  3805,  3817,  3829,  3841,  3858,  3870,  3853,  3882,  3894,  3899,  3911,  3928,  3923,  3940 ], 
      "DocumentMetaData" : [
        {"sofa" : 1,  "end" : 1312,  "language" : "x-unspecified",  "documentTitle" : "079E%20William%20Black%201835%20A%20practical%20treatise%20on%20brewing__72_distribution_HOUS.txt",  "documentId" : "teresa",  "documentUri" : "file:/home/dhuser/alessio/inception/repository/project/29/document/10795/source/teresa",  "collectionId" : "file:/home/dhuser/alessio/inception/repository/project/29/document/10795/source/",  "documentBaseUri" : "file:/home/dhuser/alessio/inception/repository/project/29/document/10795/source/",  "isLastSegment" : false } ], 
      "TagsetDescription" : [
        {"sofa" : 1,  "layer" : "webanno.custom.Emotions",  "name" : "Emotion Labels",  "input" : false }, 
        {"sofa" : 1,  "layer" : "custom.Relation",  "name" : "Relation labels",  "input" : false }, 
        {"sofa" : 1,  "layer" : "custom.Span",  "name" : "Smell labels",  "input" : false } ], 
      "Sentence" : [
        {"sofa" : 1,  "begin" : 2,  "end" : 227 }, 
        {"sofa" : 1,  "begin" : 228,  "end" : 328 }, 
        {"sofa" : 1,  "begin" : 329,  "end" : 478 }, 
        {"sofa" : 1,  "begin" : 479,  "end" : 583 }, 
        {"sofa" : 1,  "begin" : 584,  "end" : 830 }, 
        {"sofa" : 1,  "begin" : 831,  "end" : 881 }, 
        {"sofa" : 1,  "begin" : 882,  "end" : 1115 }, 
        {"sofa" : 1,  "begin" : 1116,  "end" : 1312 } ], 
      "Token" : [
        {"sofa" : 1,  "begin" : 2,  "end" : 5 }, 
        {"sofa" : 1,  "begin" : 6,  "end" : 11 }, 
        {"sofa" : 1,  "begin" : 11,  "end" : 12 }, 
        {"sofa" : 1,  "begin" : 13,  "end" : 16 }, 
        {"sofa" : 1,  "begin" : 17,  "end" : 25 }, 
        {"sofa" : 1,  "begin" : 25,  "end" : 26 }, 
        {"sofa" : 1,  "begin" : 27,  "end" : 29 }, 
        {"sofa" : 1,  "begin" : 30,  "end" : 31 }, 
        {"sofa" : 1,  "begin" : 32,  "end" : 41 }, 
        {"sofa" : 1,  "begin" : 41,  "end" : 42 }, 
        {"sofa" : 1,  "begin" : 42,  "end" : 43 }, 
        {"sofa" : 1,  "begin" : 44,  "end" : 56 }, 
        {"sofa" : 1,  "begin" : 56,  "end" : 57 }, 
        {"sofa" : 1,  "begin" : 58,  "end" : 61 }, 
        {"sofa" : 1,  "begin" : 62,  "end" : 67 }, 
        {"sofa" : 1,  "begin" : 68,  "end" : 72 }, 
        {"sofa" : 1,  "begin" : 73,  "end" : 74 }, 
        {"sofa" : 1,  "begin" : 75,  "end" : 82 }, 
        {"sofa" : 1,  "begin" : 83,  "end" : 85 }, 
        {"sofa" : 1,  "begin" : 86,  "end" : 89 }, 
        {"sofa" : 1,  "begin" : 90,  "end" : 94 }, 
        {"sofa" : 1,  "begin" : 95,  "end" : 98 }, 
        {"sofa" : 1,  "begin" : 99,  "end" : 103 }, 
        {"sofa" : 1,  "begin" : 103,  "end" : 104 }, 
        {"sofa" : 1,  "begin" : 105,  "end" : 107 }, 
        {"sofa" : 1,  "begin" : 108,  "end" : 114 }, 
        {"sofa" : 1,  "begin" : 115,  "end" : 117 }, 
        {"sofa" : 1,  "begin" : 118,  "end" : 127 }, 
        {"sofa" : 1,  "begin" : 128,  "end" : 130 }, 
        {"sofa" : 1,  "begin" : 131,  "end" : 136 }, 
        {"sofa" : 1,  "begin" : 137,  "end" : 141 }, 
        {"sofa" : 1,  "begin" : 142,  "end" : 145 }, 
        {"sofa" : 1,  "begin" : 145,  "end" : 146 }, 
        {"sofa" : 1,  "begin" : 147,  "end" : 151 }, 
        {"sofa" : 1,  "begin" : 152,  "end" : 156 }, 
        {"sofa" : 1,  "begin" : 157,  "end" : 159 }, 
        {"sofa" : 1,  "begin" : 160,  "end" : 161 }, 
        {"sofa" : 1,  "begin" : 162,  "end" : 168 }, 
        {"sofa" : 1,  "begin" : 168,  "end" : 169 }, 
        {"sofa" : 1,  "begin" : 169,  "end" : 170 }, 
        {"sofa" : 1,  "begin" : 170,  "end" : 171 }, 
        {"sofa" : 1,  "begin" : 172,  "end" : 175 }, 
        {"sofa" : 1,  "begin" : 176,  "end" : 179 }, 
        {"sofa" : 1,  "begin" : 180,  "end" : 181 }, 
        {"sofa" : 1,  "begin" : 182,  "end" : 187 }, 
        {"sofa" : 1,  "begin" : 188,  "end" : 200 }, 
        {"sofa" : 1,  "begin" : 200,  "end" : 201 }, 
        {"sofa" : 1,  "begin" : 202,  "end" : 205 }, 
        {"sofa" : 1,  "begin" : 206,  "end" : 211 }, 
        {"sofa" : 1,  "begin" : 212,  "end" : 216 }, 
        {"sofa" : 1,  "begin" : 217,  "end" : 221 }, 
        {"sofa" : 1,  "begin" : 222,  "end" : 226 }, 
        {"sofa" : 1,  "begin" : 226,  "end" : 227 }, 
        {"sofa" : 1,  "begin" : 228,  "end" : 231 }, 
        {"sofa" : 1,  "begin" : 232,  "end" : 237 }, 
        {"sofa" : 1,  "begin" : 238,  "end" : 241 }, 
        {"sofa" : 1,  "begin" : 242,  "end" : 248 }, 
        {"sofa" : 1,  "begin" : 249,  "end" : 250 }, 
        {"sofa" : 1,  "begin" : 251,  "end" : 257 }, 
        {"sofa" : 1,  "begin" : 258,  "end" : 263 }, 
        {"sofa" : 1,  "begin" : 263,  "end" : 264 }, 
        {"sofa" : 1,  "begin" : 265,  "end" : 270 }, 
        {"sofa" : 1,  "begin" : 271,  "end" : 275 }, 
        {"sofa" : 1,  "begin" : 276,  "end" : 278 }, 
        {"sofa" : 1,  "begin" : 279,  "end" : 282 }, 
        {"sofa" : 1,  "begin" : 283,  "end" : 288 }, 
        {"sofa" : 1,  "begin" : 289,  "end" : 291 }, 
        {"sofa" : 1,  "begin" : 292,  "end" : 298 }, 
        {"sofa" : 1,  "begin" : 299,  "end" : 305 }, 
        {"sofa" : 1,  "begin" : 305,  "end" : 306 }, 
        {"sofa" : 1,  "begin" : 307,  "end" : 314 }, 
        {"sofa" : 1,  "begin" : 315,  "end" : 318 }, 
        {"sofa" : 1,  "begin" : 319,  "end" : 327 }, 
        {"sofa" : 1,  "begin" : 327,  "end" : 328 }, 
        {"sofa" : 1,  "begin" : 329,  "end" : 330 }, 
        {"sofa" : 1,  "begin" : 331,  "end" : 335 }, 
        {"sofa" : 1,  "begin" : 336,  "end" : 343 }, 
        {"sofa" : 1,  "begin" : 344,  "end" : 348 }, 
        {"sofa" : 1,  "begin" : 348,  "end" : 349 }, 
        {"sofa" : 1,  "begin" : 350,  "end" : 354 }, 
        {"sofa" : 1,  "begin" : 355,  "end" : 358 }, 
        {"sofa" : 1,  "begin" : 359,  "end" : 363 }, 
        {"sofa" : 1,  "begin" : 364,  "end" : 366 }, 
        {"sofa" : 1,  "begin" : 367,  "end" : 373 }, 
        {"sofa" : 1,  "begin" : 374,  "end" : 375 }, 
        {"sofa" : 1,  "begin" : 376,  "end" : 380 }, 
        {"sofa" : 1,  "begin" : 381,  "end" : 386 }, 
        {"sofa" : 1,  "begin" : 387,  "end" : 389 }, 
        {"sofa" : 1,  "begin" : 390,  "end" : 392 }, 
        {"sofa" : 1,  "begin" : 393,  "end" : 404 }, 
        {"sofa" : 1,  "begin" : 405,  "end" : 411 }, 
        {"sofa" : 1,  "begin" : 411,  "end" : 412 }, 
        {"sofa" : 1,  "begin" : 413,  "end" : 415 }, 
        {"sofa" : 1,  "begin" : 416,  "end" : 428 }, 
        {"sofa" : 1,  "begin" : 429,  "end" : 436 }, 
        {"sofa" : 1,  "begin" : 437,  "end" : 440 }, 
        {"sofa" : 1,  "begin" : 441,  "end" : 453 }, 
        {"sofa" : 1,  "begin" : 454,  "end" : 456 }, 
        {"sofa" : 1,  "begin" : 457,  "end" : 462 }, 
        {"sofa" : 1,  "begin" : 463,  "end" : 465 }, 
        {"sofa" : 1,  "begin" : 466,  "end" : 470 }, 
        {"sofa" : 1,  "begin" : 471,  "end" : 473 }, 
        {"sofa" : 1,  "begin" : 474,  "end" : 477 }, 
        {"sofa" : 1,  "begin" : 477,  "end" : 478 }, 
        {"sofa" : 1,  "begin" : 479,  "end" : 482 }, 
        {"sofa" : 1,  "begin" : 483,  "end" : 484 }, 
        {"sofa" : 1,  "begin" : 485,  "end" : 490 }, 
        {"sofa" : 1,  "begin" : 491,  "end" : 495 }, 
        {"sofa" : 1,  "begin" : 496,  "end" : 498 }, 
        {"sofa" : 1,  "begin" : 499,  "end" : 506 }, 
        {"sofa" : 1,  "begin" : 507,  "end" : 511 }, 
        {"sofa" : 1,  "begin" : 512,  "end" : 517 }, 
        {"sofa" : 1,  "begin" : 518,  "end" : 522 }, 
        {"sofa" : 1,  "begin" : 523,  "end" : 535 }, 
        {"sofa" : 1,  "begin" : 536,  "end" : 538 }, 
        {"sofa" : 1,  "begin" : 539,  "end" : 542 }, 
        {"sofa" : 1,  "begin" : 543,  "end" : 547 }, 
        {"sofa" : 1,  "begin" : 547,  "end" : 548 }, 
        {"sofa" : 1,  "begin" : 549,  "end" : 553 }, 
        {"sofa" : 1,  "begin" : 554,  "end" : 555 }, 
        {"sofa" : 1,  "begin" : 556,  "end" : 560 }, 
        {"sofa" : 1,  "begin" : 561,  "end" : 568 }, 
        {"sofa" : 1,  "begin" : 569,  "end" : 577 }, 
        {"sofa" : 1,  "begin" : 578,  "end" : 582 }, 
        {"sofa" : 1,  "begin" : 582,  "end" : 583 }, 
        {"sofa" : 1,  "begin" : 584,  "end" : 586 }, 
        {"sofa" : 1,  "begin" : 587,  "end" : 598 }, 
        {"sofa" : 1,  "begin" : 599,  "end" : 605 }, 
        {"sofa" : 1,  "begin" : 606,  "end" : 610 }, 
        {"sofa" : 1,  "begin" : 611,  "end" : 612 }, 
        {"sofa" : 1,  "begin" : 613,  "end" : 617 }, 
        {"sofa" : 1,  "begin" : 618,  "end" : 627 }, 
        {"sofa" : 1,  "begin" : 628,  "end" : 633 }, 
        {"sofa" : 1,  "begin" : 633,  "end" : 634 }, 
        {"sofa" : 1,  "begin" : 635,  "end" : 641 }, 
        {"sofa" : 1,  "begin" : 642,  "end" : 644 }, 
        {"sofa" : 1,  "begin" : 645,  "end" : 649 }, 
        {"sofa" : 1,  "begin" : 650,  "end" : 652 }, 
        {"sofa" : 1,  "begin" : 653,  "end" : 658 }, 
        {"sofa" : 1,  "begin" : 659,  "end" : 663 }, 
        {"sofa" : 1,  "begin" : 664,  "end" : 666 }, 
        {"sofa" : 1,  "begin" : 667,  "end" : 674 }, 
        {"sofa" : 1,  "begin" : 675,  "end" : 682 }, 
        {"sofa" : 1,  "begin" : 683,  "end" : 684 }, 
        {"sofa" : 1,  "begin" : 685,  "end" : 695 }, 
        {"sofa" : 1,  "begin" : 695,  "end" : 696 }, 
        {"sofa" : 1,  "begin" : 697,  "end" : 704 }, 
        {"sofa" : 1,  "begin" : 705,  "end" : 707 }, 
        {"sofa" : 1,  "begin" : 708,  "end" : 711 }, 
        {"sofa" : 1,  "begin" : 712,  "end" : 714 }, 
        {"sofa" : 1,  "begin" : 715,  "end" : 717 }, 
        {"sofa" : 1,  "begin" : 718,  "end" : 720 }, 
        {"sofa" : 1,  "begin" : 721,  "end" : 725 }, 
        {"sofa" : 1,  "begin" : 725,  "end" : 726 }, 
        {"sofa" : 1,  "begin" : 727,  "end" : 730 }, 
        {"sofa" : 1,  "begin" : 731,  "end" : 732 }, 
        {"sofa" : 1,  "begin" : 733,  "end" : 738 }, 
        {"sofa" : 1,  "begin" : 739,  "end" : 745 }, 
        {"sofa" : 1,  "begin" : 746,  "end" : 750 }, 
        {"sofa" : 1,  "begin" : 751,  "end" : 753 }, 
        {"sofa" : 1,  "begin" : 754,  "end" : 757 }, 
        {"sofa" : 1,  "begin" : 758,  "end" : 761 }, 
        {"sofa" : 1,  "begin" : 762,  "end" : 765 }, 
        {"sofa" : 1,  "begin" : 766,  "end" : 769 }, 
        {"sofa" : 1,  "begin" : 770,  "end" : 774 }, 
        {"sofa" : 1,  "begin" : 775,  "end" : 776 }, 
        {"sofa" : 1,  "begin" : 777,  "end" : 781 }, 
        {"sofa" : 1,  "begin" : 782,  "end" : 791 }, 
        {"sofa" : 1,  "begin" : 792,  "end" : 797 }, 
        {"sofa" : 1,  "begin" : 798,  "end" : 801 }, 
        {"sofa" : 1,  "begin" : 802,  "end" : 807 }, 
        {"sofa" : 1,  "begin" : 807,  "end" : 808 }, 
        {"sofa" : 1,  "begin" : 809,  "end" : 812 }, 
        {"sofa" : 1,  "begin" : 813,  "end" : 815 }, 
        {"sofa" : 1,  "begin" : 816,  "end" : 817 }, 
        {"sofa" : 1,  "begin" : 818,  "end" : 822 }, 
        {"sofa" : 1,  "begin" : 823,  "end" : 829 }, 
        {"sofa" : 1,  "begin" : 829,  "end" : 830 }, 
        {"sofa" : 1,  "begin" : 831,  "end" : 835 }, 
        {"sofa" : 1,  "begin" : 836,  "end" : 837 }, 
        {"sofa" : 1,  "begin" : 838,  "end" : 842 }, 
        {"sofa" : 1,  "begin" : 843,  "end" : 847 }, 
        {"sofa" : 1,  "begin" : 848,  "end" : 851 }, 
        {"sofa" : 1,  "begin" : 852,  "end" : 856 }, 
        {"sofa" : 1,  "begin" : 857,  "end" : 861 }, 
        {"sofa" : 1,  "begin" : 862,  "end" : 864 }, 
        {"sofa" : 1,  "begin" : 865,  "end" : 866 }, 
        {"sofa" : 1,  "begin" : 867,  "end" : 875 }, 
        {"sofa" : 1,  "begin" : 876,  "end" : 880 }, 
        {"sofa" : 1,  "begin" : 880,  "end" : 881 }, 
        {"sofa" : 1,  "begin" : 882,  "end" : 885 }, 
        {"sofa" : 1,  "begin" : 886,  "end" : 889 }, 
        {"sofa" : 1,  "begin" : 890,  "end" : 895 }, 
        {"sofa" : 1,  "begin" : 896,  "end" : 898 }, 
        {"sofa" : 1,  "begin" : 899,  "end" : 901 }, 
        {"sofa" : 1,  "begin" : 902,  "end" : 905 }, 
        {"sofa" : 1,  "begin" : 906,  "end" : 910 }, 
        {"sofa" : 1,  "begin" : 911,  "end" : 915 }, 
        {"sofa" : 1,  "begin" : 916,  "end" : 919 }, 
        {"sofa" : 1,  "begin" : 920,  "end" : 923 }, 
        {"sofa" : 1,  "begin" : 923,  "end" : 924 }, 
        {"sofa" : 1,  "begin" : 925,  "end" : 928 }, 
        {"sofa" : 1,  "begin" : 929,  "end" : 931 }, 
        {"sofa" : 1,  "begin" : 932,  "end" : 944 }, 
        {"sofa" : 1,  "begin" : 945,  "end" : 947 }, 
        {"sofa" : 1,  "begin" : 948,  "end" : 952 }, 
        {"sofa" : 1,  "begin" : 953,  "end" : 954 }, 
        {"sofa" : 1,  "begin" : 955,  "end" : 959 }, 
        {"sofa" : 1,  "begin" : 960,  "end" : 965 }, 
        {"sofa" : 1,  "begin" : 966,  "end" : 969 }, 
        {"sofa" : 1,  "begin" : 970,  "end" : 974 }, 
        {"sofa" : 1,  "begin" : 975,  "end" : 977 }, 
        {"sofa" : 1,  "begin" : 978,  "end" : 982 }, 
        {"sofa" : 1,  "begin" : 982,  "end" : 983 }, 
        {"sofa" : 1,  "begin" : 984,  "end" : 988 }, 
        {"sofa" : 1,  "begin" : 989,  "end" : 994 }, 
        {"sofa" : 1,  "begin" : 995,  "end" : 998 }, 
        {"sofa" : 1,  "begin" : 999,  "end" : 1007 }, 
        {"sofa" : 1,  "begin" : 1008,  "end" : 1010 }, 
        {"sofa" : 1,  "begin" : 1011,  "end" : 1012 }, 
        {"sofa" : 1,  "begin" : 1013,  "end" : 1018 }, 
        {"sofa" : 1,  "begin" : 1019,  "end" : 1027 }, 
        {"sofa" : 1,  "begin" : 1028,  "end" : 1030 }, 
        {"sofa" : 1,  "begin" : 1031,  "end" : 1034 }, 
        {"sofa" : 1,  "begin" : 1035,  "end" : 1042 }, 
        {"sofa" : 1,  "begin" : 1042,  "end" : 1043 }, 
        {"sofa" : 1,  "begin" : 1044,  "end" : 1046 }, 
        {"sofa" : 1,  "begin" : 1047,  "end" : 1049 }, 
        {"sofa" : 1,  "begin" : 1050,  "end" : 1053 }, 
        {"sofa" : 1,  "begin" : 1054,  "end" : 1058 }, 
        {"sofa" : 1,  "begin" : 1059,  "end" : 1061 }, 
        {"sofa" : 1,  "begin" : 1062,  "end" : 1065 }, 
        {"sofa" : 1,  "begin" : 1066,  "end" : 1075 }, 
        {"sofa" : 1,  "begin" : 1076,  "end" : 1078 }, 
        {"sofa" : 1,  "begin" : 1079,  "end" : 1082 }, 
        {"sofa" : 1,  "begin" : 1083,  "end" : 1091 }, 
        {"sofa" : 1,  "begin" : 1092,  "end" : 1096 }, 
        {"sofa" : 1,  "begin" : 1097,  "end" : 1100 }, 
        {"sofa" : 1,  "begin" : 1101,  "end" : 1105 }, 
        {"sofa" : 1,  "begin" : 1106,  "end" : 1114 }, 
        {"sofa" : 1,  "begin" : 1114,  "end" : 1115 }, 
        {"sofa" : 1,  "begin" : 1116,  "end" : 1119 }, 
        {"sofa" : 1,  "begin" : 1120,  "end" : 1128 }, 
        {"sofa" : 1,  "begin" : 1128,  "end" : 1129 }, 
        {"sofa" : 1,  "begin" : 1130,  "end" : 1137 }, 
        {"sofa" : 1,  "begin" : 1137,  "end" : 1138 }, 
        {"sofa" : 1,  "begin" : 1139,  "end" : 1142 }, 
        {"sofa" : 1,  "begin" : 1143,  "end" : 1146 }, 
        {"sofa" : 1,  "begin" : 1147,  "end" : 1150 }, 
        {"sofa" : 1,  "begin" : 1151,  "end" : 1155 }, 
        {"sofa" : 1,  "begin" : 1156,  "end" : 1162 }, 
        {"sofa" : 1,  "begin" : 1163,  "end" : 1164 }, 
        {"sofa" : 1,  "begin" : 1165,  "end" : 1171 }, 
        {"sofa" : 1,  "begin" : 1172,  "end" : 1173 }, 
        {"sofa" : 1,  "begin" : 1174,  "end" : 1178 }, 
        {"sofa" : 1,  "begin" : 1179,  "end" : 1183 }, 
        {"sofa" : 1,  "begin" : 1184,  "end" : 1187 }, 
        {"sofa" : 1,  "begin" : 1188,  "end" : 1190 }, 
        {"sofa" : 1,  "begin" : 1191,  "end" : 1197 }, 
        {"sofa" : 1,  "begin" : 1198,  "end" : 1200 }, 
        {"sofa" : 1,  "begin" : 1201,  "end" : 1205 }, 
        {"sofa" : 1,  "begin" : 1206,  "end" : 1211 }, 
        {"sofa" : 1,  "begin" : 1212,  "end" : 1215 }, 
        {"sofa" : 1,  "begin" : 1216,  "end" : 1221 }, 
        {"sofa" : 1,  "begin" : 1221,  "end" : 1222 }, 
        {"sofa" : 1,  "begin" : 1223,  "end" : 1227 }, 
        {"sofa" : 1,  "begin" : 1228,  "end" : 1230 }, 
        {"sofa" : 1,  "begin" : 1231,  "end" : 1235 }, 
        {"sofa" : 1,  "begin" : 1236,  "end" : 1240 }, 
        {"sofa" : 1,  "begin" : 1241,  "end" : 1247 }, 
        {"sofa" : 1,  "begin" : 1248,  "end" : 1258 }, 
        {"sofa" : 1,  "begin" : 1258,  "end" : 1259 }, 
        {"sofa" : 1,  "begin" : 1260,  "end" : 1267 }, 
        {"sofa" : 1,  "begin" : 1268,  "end" : 1274 }, 
        {"sofa" : 1,  "begin" : 1275,  "end" : 1277 }, 
        {"sofa" : 1,  "begin" : 1278,  "end" : 1283 }, 
        {"sofa" : 1,  "begin" : 1284,  "end" : 1288 }, 
        {"sofa" : 1,  "begin" : 1289,  "end" : 1293 }, 
        {"sofa" : 1,  "begin" : 1294,  "end" : 1303 }, 
        {"sofa" : 1,  "begin" : 1304,  "end" : 1306 }, 
        {"sofa" : 1,  "begin" : 1307,  "end" : 1311 }, 
        {"sofa" : 1,  "begin" : 1311,  "end" : 1312 } ] } }, 
  "_referenced_fss" : {
    "1" : {"_type" : "Sofa",  "sofaNum" : 1,  "sofaID" : "_InitialView",  "mimeType" : "text",  "sofaString" : "\n\nThe odour, for instance, of a distiller’s fermentation, who works from a mixture of raw corn\nand malt, is always as different as night from\nday, from that of a brewer’s, who has a sound\nfermentation, and works with good malt. The\nfirst has always a foetid odour, while that of\nthe other is highly vinous, pungent and aromatic. I have already said, that the nose is\nalmost a sure guide to an experienced brewer,\nin ascertaining whether his fermentation is going\non well or ill. But I would wish to impress\nthis point more particularly on the mind, than\nI have perhaps formerly done. An experienced\nbrewer with a very sensitive smell, should be\nable to judge even by walking through a\nbrew-house, whether or not it is in trim, and\nI again repeat that no man who has not both\na very sensitive smell and taste, can be a\ngood brewer. Many I know will say that this\nis a fanciful idea. But how often do we see\nthat even one man, who is acknowledged to have\na good taste for wine or beer, will guide the\nopinions of a large majority in any company, as\nto the good or bad qualities of the beverage\nthey are then drinking. The majority, perhaps,\nare not the best judges ; indeed I have seen men\nso devoid of both taste and smell, that it made\nvery little difference, whether putrid or fresh\nfood were presented to them." }, 
    "3725" : {"_type" : "Span",  "sofa" : 1,  "begin" : 6,  "end" : 11,  "label" : "Smell_Word" }, 
    "3730" : {"_type" : "Span",  "sofa" : 1,  "begin" : 27,  "end" : 56,  "label" : "Smell_Source" }, 
    "3742" : {"_type" : "Span",  "sofa" : 1,  "begin" : 118,  "end" : 127,  "label" : "Quality" }, 
    "3759" : {"_type" : "Span",  "sofa" : 1,  "begin" : 258,  "end" : 263,  "label" : "Smell_Word" }, 
    "3764" : {"_type" : "Span",  "sofa" : 1,  "begin" : 251,  "end" : 257,  "label" : "Quality" }, 
    "3754" : {"_type" : "Span",  "sofa" : 1,  "begin" : 228,  "end" : 237,  "label" : "Smell_Source" }, 
    "3793" : {"_type" : "Span",  "sofa" : 1,  "begin" : 271,  "end" : 275,  "label" : "Smell_Word" }, 
    "3805" : {"_type" : "Span",  "sofa" : 1,  "begin" : 276,  "end" : 288,  "label" : "Smell_Source" }, 
    "3817" : {"_type" : "Span",  "sofa" : 1,  "begin" : 292,  "end" : 305,  "label" : "Quality" }, 
    "3829" : {"_type" : "Span",  "sofa" : 1,  "begin" : 307,  "end" : 314,  "label" : "Quality" }, 
    "3841" : {"_type" : "Span",  "sofa" : 1,  "begin" : 319,  "end" : 327,  "label" : "Quality" }, 
    "3853" : {"_type" : "Span",  "sofa" : 1,  "begin" : 628,  "end" : 633,  "label" : "Smell_Word" }, 
    "3858" : {"_type" : "Span",  "sofa" : 1,  "begin" : 584,  "end" : 605,  "label" : "Perceiver" }, 
    "3870" : {"_type" : "Span",  "sofa" : 1,  "begin" : 613,  "end" : 627,  "label" : "Quality" }, 
    "3882" : {"_type" : "Span",  "sofa" : 1,  "begin" : 664,  "end" : 695,  "label" : "Circumstances" }, 
    "3899" : {"_type" : "Span",  "sofa" : 1,  "begin" : 792,  "end" : 797,  "label" : "Smell_Word" }, 
    "3894" : {"_type" : "Span",  "sofa" : 1,  "begin" : 777,  "end" : 791,  "label" : "Quality" }, 
    "3911" : {"_type" : "Span",  "sofa" : 1,  "begin" : 816,  "end" : 829,  "label" : "Perceiver" }, 
    "3923" : {"_type" : "Span",  "sofa" : 1,  "begin" : 1216,  "end" : 1221,  "label" : "Smell_Word" }, 
    "3928" : {"_type" : "Span",  "sofa" : 1,  "begin" : 1184,  "end" : 1187,  "label" : "Perceiver" }, 
    "3940" : {"_type" : "Span",  "sofa" : 1,  "begin" : 1268,  "end" : 1288,  "label" : "Smell_Source" } } }