#FORMAT=WebAnno TSV 3.3


#Text=Hunc ignem omnia corpora per meare, non sine ratione suspicantur Philofophi.
1-1	2-6	Hunc	
1-2	7-12	ignem	
1-3	13-18	omnia	
1-4	19-26	corpora	
1-5	27-30	per	
1-6	31-36	meare	
1-7	36-37	,	
1-8	38-41	non	
1-9	42-46	sine	
1-10	47-54	ratione	
1-11	55-66	suspicantur	
1-12	67-77	Philofophi	
1-13	77-78	.	

#Text=Ne vero tibi persvadeas, fore ut ignis hic aquam trajiciendo extinguatur, scias solis radios , qui tamen etiam ignei sunt , vítro uftorio rite colle&tos; per medias aquas, chartam bibulam, vel lignum;
#Text=
#Text=+ ; , vitro (1) Confer Sturm.
2-1	79-81	Ne	
2-2	82-86	vero	
2-3	87-91	tibi	
2-4	92-102	persvadeas	
2-5	102-103	,	
2-6	104-108	fore	
2-7	109-111	ut	
2-8	112-117	ignis	
2-9	118-121	hic	
2-10	122-127	aquam	
2-11	128-139	trajiciendo	
2-12	140-151	extinguatur	
2-13	151-152	,	
2-14	153-158	scias	
2-15	159-164	solis	
2-16	165-171	radios	
2-17	172-173	,	
2-18	174-177	qui	
2-19	178-183	tamen	
2-20	184-189	etiam	
2-21	190-195	ignei	
2-22	196-200	sunt	
2-23	201-202	,	
2-24	203-208	vítro	
2-25	209-216	uftorio	
2-26	217-221	rite	
2-27	222-227	colle	
2-28	227-228	&	
2-29	228-231	tos	
2-30	231-232	;	
2-31	233-236	per	
2-32	237-243	medias	
2-33	244-249	aquas	
2-34	249-250	,	
2-35	251-258	chartam	
2-36	259-266	bibulam	
2-37	266-267	,	
2-38	268-271	vel	
2-39	272-278	lignum	
2-40	278-279	;	
2-41	281-282	+	
2-42	283-284	;	
2-43	285-286	,	
2-44	287-292	vitro	
2-45	293-294	(	
2-46	294-295	1	
2-47	295-296	)	
2-48	297-303	Confer	
2-49	304-309	Sturm	
2-50	309-310	.	

#Text=Pbyfic.
3-1	311-317	Pbyfic	
3-2	317-318	.	

#Text=Ele&tiv.
#Text=spicrifis ad c. 4.
4-1	319-322	Ele	
4-2	322-323	&	
4-3	323-326	tiv	
4-4	326-327	.	
4-5	328-337	spicrifis	
4-6	338-340	ad	
4-7	341-342	c	
4-8	342-343	.	
4-9	344-345	4	
4-10	345-346	.	

#Text=P: 179.
5-1	347-348	P	
5-2	348-349	:	
5-3	350-353	179	
5-4	353-354	.	

#Text=one (11) vitro alicui aquâ repleto subjecta, comburere, ut
#Text=
#Text=publice monstravit Experiencis: Præses.
6-1	360-363	one	
6-2	364-365	(	
6-3	365-367	11	
6-4	367-368	)	
6-5	369-374	vitro	
6-6	375-381	alicui	
6-7	382-386	aquâ	
6-8	387-394	repleto	
6-9	395-403	subjecta	
6-10	403-404	,	
6-11	405-414	comburere	
6-12	414-415	,	
6-13	416-418	ut	
6-14	420-427	publice	
6-15	428-438	monstravit	
6-16	439-450	Experiencis	
6-17	450-451	:	
6-18	452-458	Præses	
6-19	458-459	.	

#Text=Et fi forte exiftimes vegetabilia, alias tenerioris texturæ corpora concrematum iri , si eorundem poros trajicerec hic ignis; en!
7-1	460-462	Et	
7-2	463-465	fi	
7-3	466-471	forte	
7-4	472-481	exiftimes	
7-5	482-493	vegetabilia	
7-6	493-494	,	
7-7	495-500	alias	
7-8	501-511	tenerioris	
7-9	512-519	texturæ	
7-10	520-527	corpora	
7-11	528-539	concrematum	
7-12	540-543	iri	
7-13	544-545	,	
7-14	546-548	si	
7-15	549-557	eorundem	
7-16	558-563	poros	
7-17	564-574	trajicerec	
7-18	575-578	hic	
7-19	579-584	ignis	
7-20	584-585	;	
7-21	586-588	en	
7-22	588-589	!	

#Text=fulgur monetam intra marsupium interdum liquefacit , illæso tamen manente marsupio.
8-1	590-596	fulgur	
8-2	597-604	monetam	
8-3	605-610	intra	
8-4	611-620	marsupium	
8-5	621-629	interdum	
8-6	630-640	liquefacit	
8-7	641-642	,	
8-8	643-649	illæso	
8-9	650-655	tamen	
8-10	656-663	manente	
8-11	664-672	marsupio	
8-12	672-673	.	

#Text=Tandem & hoc affirmare tuto potero, quod effluvia odorifera valde à se'invicem discrépent, cum ratione magnitudinis; tum ratione figuræ & multitudinis; quamvis in genere ita sint exigua, ut visus ea cognoscere non queat.
9-1	674-680	Tandem	
9-2	681-682	&	
9-3	683-686	hoc	
9-4	687-696	affirmare	
9-5	697-701	tuto	
9-6	702-708	potero	
9-7	708-709	,	
9-8	710-714	quod	
9-9	715-723	effluvia	
9-10	724-733	odorifera	
9-11	734-739	valde	
9-12	740-741	à	
9-13	742-752	se'invicem	
9-14	753-763	discrépent	
9-15	763-764	,	
9-16	765-768	cum	
9-17	769-776	ratione	
9-18	777-789	magnitudinis	
9-19	789-790	;	
9-20	791-794	tum	
9-21	795-802	ratione	
9-22	803-809	figuræ	
9-23	810-811	&	
9-24	812-824	multitudinis	
9-25	824-825	;	
9-26	826-833	quamvis	
9-27	834-836	in	
9-28	837-843	genere	
9-29	844-847	ita	
9-30	848-852	sint	
9-31	853-859	exigua	
9-32	859-860	,	
9-33	861-863	ut	
9-34	864-869	visus	
9-35	870-872	ea	
9-36	873-883	cognoscere	
9-37	884-887	non	
9-38	888-893	queat	
9-39	893-894	.	

#Text=S. 4.
10-1	895-896	S	
10-2	896-897	.	
10-3	898-899	4	
10-4	899-900	.	

#Text=Sed, ne jure nobis objici queat, nimis nos generaliter de odoriferorum effluviis fuisse locutos, ad specialiora progrediendum.
11-1	901-904	Sed	
11-2	904-905	,	
11-3	906-908	ne	
11-4	909-913	jure	
11-5	914-919	nobis	
11-6	920-926	objici	
11-7	927-932	queat	
11-8	932-933	,	
11-9	934-939	nimis	
11-10	940-943	nos	
11-11	944-955	generaliter	
11-12	956-958	de	
11-13	959-971	odoriferorum	
11-14	972-981	effluviis	
11-15	982-988	fuisse	
11-16	989-996	locutos	
11-17	996-997	,	
11-18	998-1000	ad	
11-19	1001-1012	specialiora	
11-20	1013-1026	progrediendum	
11-21	1026-1027	.	

#Text=Adeamus itac Chymicorum officinas, ut per artificiofam corporum naturalium analysin, ad profundiorem odorum notitiam viam nobis aperiamus, & quænam in specie particulæ , pro odorum basi agnofcendæ sint, discamus; quoniam hoc certiffimum eft, non quasvis corporis odorati particulas adeequata odoratûs esse objecta , sed, hac in re, longè majorem prærogativam unam habere, quam alte
#Text=
#Text=Ut autem ordine procedamus , observabimus primò, quod omnia corpora odorata, vel tota, vel ex parte inflammabilia fint.
12-1	1028-1035	Adeamus	
12-2	1036-1040	itac	
12-3	1041-1051	Chymicorum	
12-4	1052-1061	officinas	
12-5	1061-1062	,	
12-6	1063-1065	ut	
12-7	1066-1069	per	
12-8	1070-1082	artificiofam	
12-9	1083-1091	corporum	
12-10	1092-1102	naturalium	
12-11	1103-1111	analysin	
12-12	1111-1112	,	
12-13	1113-1115	ad	
12-14	1116-1128	profundiorem	
12-15	1129-1135	odorum	
12-16	1136-1144	notitiam	
12-17	1145-1149	viam	
12-18	1150-1155	nobis	
12-19	1156-1165	aperiamus	
12-20	1165-1166	,	
12-21	1167-1168	&	
12-22	1169-1175	quænam	
12-23	1176-1178	in	
12-24	1179-1185	specie	
12-25	1186-1195	particulæ	
12-26	1196-1197	,	
12-27	1198-1201	pro	
12-28	1202-1208	odorum	
12-29	1209-1213	basi	
12-30	1214-1224	agnofcendæ	
12-31	1225-1229	sint	
12-32	1229-1230	,	
12-33	1231-1239	discamus	
12-34	1239-1240	;	
12-35	1241-1248	quoniam	
12-36	1249-1252	hoc	
12-37	1253-1264	certiffimum	
12-38	1265-1268	eft	
12-39	1268-1269	,	
12-40	1270-1273	non	
12-41	1274-1281	quasvis	
12-42	1282-1290	corporis	
12-43	1291-1298	odorati	
12-44	1299-1309	particulas	
12-45	1310-1319	adeequata	
12-46	1320-1328	odoratûs	
12-47	1329-1333	esse	
12-48	1334-1341	objecta	
12-49	1342-1343	,	
12-50	1344-1347	sed	
12-51	1347-1348	,	
12-52	1349-1352	hac	
12-53	1353-1355	in	
12-54	1356-1358	re	
12-55	1358-1359	,	
12-56	1360-1365	longè	
12-57	1366-1373	majorem	
12-58	1374-1386	prærogativam	
12-59	1387-1391	unam	
12-60	1392-1398	habere	
12-61	1398-1399	,	
12-62	1400-1404	quam	
12-63	1405-1409	alte	
12-64	1411-1413	Ut	
12-65	1414-1419	autem	
12-66	1420-1426	ordine	
12-67	1427-1437	procedamus	
12-68	1438-1439	,	
12-69	1440-1452	observabimus	
12-70	1453-1458	primò	
12-71	1458-1459	,	
12-72	1460-1464	quod	
12-73	1465-1470	omnia	
12-74	1471-1478	corpora	
12-75	1479-1486	odorata	
12-76	1486-1487	,	
12-77	1488-1491	vel	
12-78	1492-1496	tota	
12-79	1496-1497	,	
12-80	1498-1501	vel	
12-81	1502-1504	ex	
12-82	1505-1510	parte	
12-83	1511-1524	inflammabilia	
12-84	1525-1529	fint	
12-85	1529-1530	.	

#Text=Secundo , quod infiammabilitas hæc, maximam partem à sulphureis, " oleosis & pinguibus particulis derivanda Git.
13-1	1531-1538	Secundo	
13-2	1539-1540	,	
13-3	1541-1545	quod	
13-4	1546-1561	infiammabilitas	
13-5	1562-1565	hæc	
13-6	1565-1566	,	
13-7	1567-1574	maximam	
13-8	1575-1581	partem	
13-9	1582-1583	à	
13-10	1584-1594	sulphureis	
13-11	1594-1595	,	
13-12	1596-1597	"	
13-13	1598-1605	oleosis	
13-14	1606-1607	&	
13-15	1608-1617	pinguibus	
13-16	1618-1628	particulis	
13-17	1629-1638	derivanda	
13-18	1639-1642	Git	
13-19	1642-1643	.	

#Text=His
#Text=
#Text=B2
#Text=
#Text=enim
#Text=
#Text=
#Text=
#Text=· ram.
#Text=enim particulis quæ deftituuntur , ignem non facile concipiunt.
#Text=krtio quod omnia illa corpora, qui.
#Text=bus natura ipfa tales denegavic particulas, quemadmodum etiam illa , quæ mediante deftillationis, extractionis, aliusve chymicæ encheireseos artificiô, fulphureis particulis expoliata funt, inodora reperiantur.
14-1	1644-1647	His	
14-2	1649-1651	B2	
14-3	1653-1657	enim	
14-4	1661-1662	·	
14-5	1663-1666	ram	
14-6	1666-1667	.	
14-7	1668-1672	enim	
14-8	1673-1683	particulis	
14-9	1684-1687	quæ	
14-10	1688-1700	deftituuntur	
14-11	1701-1702	,	
14-12	1703-1708	ignem	
14-13	1709-1712	non	
14-14	1713-1719	facile	
14-15	1720-1730	concipiunt	
14-16	1730-1731	.	
14-17	1732-1737	krtio	
14-18	1738-1742	quod	
14-19	1743-1748	omnia	
14-20	1749-1753	illa	
14-21	1754-1761	corpora	
14-22	1761-1762	,	
14-23	1763-1766	qui	
14-24	1766-1767	.	
14-25	1768-1771	bus	
14-26	1772-1778	natura	
14-27	1779-1783	ipfa	
14-28	1784-1789	tales	
14-29	1790-1799	denegavic	
14-30	1800-1810	particulas	
14-31	1810-1811	,	
14-32	1812-1823	quemadmodum	
14-33	1824-1829	etiam	
14-34	1830-1834	illa	
14-35	1835-1836	,	
14-36	1837-1840	quæ	
14-37	1841-1849	mediante	
14-38	1850-1864	deftillationis	
14-39	1864-1865	,	
14-40	1866-1878	extractionis	
14-41	1878-1879	,	
14-42	1880-1887	aliusve	
14-43	1888-1895	chymicæ	
14-44	1896-1908	encheireseos	
14-45	1909-1918	artificiô	
14-46	1918-1919	,	
14-47	1920-1930	fulphureis	
14-48	1931-1941	particulis	
14-49	1942-1951	expoliata	
14-50	1952-1956	funt	
14-51	1956-1957	,	
14-52	1958-1965	inodora	
14-53	1966-1977	reperiantur	
14-54	1977-1978	.	

#Text=Quarto, quod fulphureæ particulæ folæ, nunquam certum aliquem odorem producant , sed semper salium consortio iudigeant, ut odores spirent.
15-1	1979-1985	Quarto	
15-2	1985-1986	,	
15-3	1987-1991	quod	
15-4	1992-2001	fulphureæ	
15-5	2002-2011	particulæ	
15-6	2012-2016	folæ	
15-7	2016-2017	,	
15-8	2018-2025	nunquam	
15-9	2026-2032	certum	
15-10	2033-2040	aliquem	
15-11	2041-2047	odorem	
15-12	2048-2057	producant	
15-13	2058-2059	,	
15-14	2060-2063	sed	
15-15	2064-2070	semper	
15-16	2071-2077	salium	
15-17	2078-2087	consortio	
15-18	2088-2097	iudigeant	
15-19	2097-2098	,	
15-20	2099-2101	ut	
15-21	2102-2108	odores	
15-22	2109-2116	spirent	
15-23	2116-2117	.	

#Text=Ex quibus omnibus bene penGtatis, manifesto liquet, omnium odorum bafin in particulis salino-sulphureis esse quærendam.
16-1	2118-2120	Ex	
16-2	2121-2127	quibus	
16-3	2128-2135	omnibus	
16-4	2136-2140	bene	
16-5	2141-2150	penGtatis	
16-6	2150-2151	,	
16-7	2152-2161	manifesto	
16-8	2162-2168	liquet	
16-9	2168-2169	,	
16-10	2170-2176	omnium	
16-11	2177-2183	odorum	
16-12	2184-2189	bafin	
16-13	2190-2192	in	
16-14	2193-2203	particulis	
16-15	2204-2221	salino-sulphureis	
16-16	2222-2226	esse	
16-17	2227-2236	quærendam	
16-18	2236-2237	.	

#Text=(m)
#Text=
#Text=S. 5.
17-1	2238-2239	(	
17-2	2239-2240	m	
17-3	2240-2241	)	
17-4	2243-2244	S	
17-5	2244-2245	.	
17-6	2246-2247	5	
17-7	2247-2248	.	
