#FORMAT=WebAnno TSV 3.3
#T_SP=custom.Span|label
#T_RL=custom.Relation|label|BT_custom.Span


#Text=quo sencia
#Text=
#Text=
#Text=
#Text=nuan
#Text=
#Text=
#Text=
#Text=
#Text=
#Text=accuratè de
#Text=
#Text=
#Text=
#Text=nuantur:illae coactae&conglobatae effunduntur ac dif Jipantur: omnes redduntur aptiores ,vt sua quaeque vi fenfum afficiat.
1-1	2-5	quo	_	_	_	
1-2	6-12	sencia	_	_	_	
1-3	16-20	nuan	_	_	_	
1-4	26-34	accuratè	_	_	_	
1-5	35-37	de	_	_	_	
1-6	41-48	nuantur	_	_	_	
1-7	48-49	:	_	_	_	
1-8	49-54	illae	_	_	_	
1-9	55-62	coactae	_	_	_	
1-10	62-63	&	_	_	_	
1-11	63-74	conglobatae	_	_	_	
1-12	75-86	effunduntur	_	_	_	
1-13	87-89	ac	_	_	_	
1-14	90-93	dif	_	_	_	
1-15	94-102	Jipantur	_	_	_	
1-16	102-103	:	_	_	_	
1-17	104-109	omnes	_	_	_	
1-18	110-119	redduntur	_	_	_	
1-19	120-128	aptiores	_	_	_	
1-20	129-130	,	_	_	_	
1-21	130-132	vt	_	_	_	
1-22	133-136	sua	_	_	_	
1-23	137-144	quaeque	_	_	_	
1-24	145-147	vi	_	_	_	
1-25	148-154	fenfum	_	_	_	
1-26	155-163	afficiat	_	_	_	
1-27	163-164	.	_	_	_	

#Text=Mihi verò haec fcribenti
#Text=
#Text=peropportunè adfuit ipfa Zibethum Zibethi felis, Bononia Rou fcribitur.
#Text=main ab Eminentiss.Cardi
#Text=
#Text=nali Sacchetto Eminentiss.
2-1	165-169	Mihi	_	_	_	
2-2	170-174	verò	_	_	_	
2-3	175-179	haec	_	_	_	
2-4	180-189	fcribenti	_	_	_	
2-5	191-203	peropportunè	_	_	_	
2-6	204-210	adfuit	_	_	_	
2-7	211-215	ipfa	_	_	_	
2-8	216-224	Zibethum	_	_	_	
2-9	225-232	Zibethi	_	_	_	
2-10	233-238	felis	_	_	_	
2-11	238-239	,	_	_	_	
2-12	240-247	Bononia	_	_	_	
2-13	248-251	Rou	_	_	_	
2-14	252-261	fcribitur	_	_	_	
2-15	261-262	.	_	_	_	
2-16	263-267	main	_	_	_	
2-17	268-270	ab	_	_	_	
2-18	271-287	Eminentiss.Cardi	_	_	_	
2-19	289-293	nali	_	_	_	
2-20	294-303	Sacchetto	_	_	_	
2-21	304-314	Eminentiss	_	_	_	
2-22	314-315	.	_	_	_	

#Text=Cardinali Antonio dono ad {porcata.
3-1	316-325	Cardinali	_	_	_	
3-2	326-333	Antonio	_	_	_	
3-3	334-338	dono	_	_	_	
3-4	339-341	ad	_	_	_	
3-5	342-343	{	_	_	_	
3-6	343-350	porcata	_	_	_	
3-7	350-351	.	_	_	_	

#Text=Huic duo infunt inter anum & vuluam.., çastaneae & figurae & ma
#Text=
#Text=gnitudinis , cubercula, (tetes , aur glandulas dixeris, nihil moror) quae inuicem adhaerefcunt, &introrsum -recedentia latent.
#Text=ea vego
#Text=
#Text=paso
#Text=
#Text=
#Text=
#Text=:
#Text=
#Text=
#Text=
#Text=
#Text=
#Text=lor varius.
#Text=parte; qua vuluam &anum percingunt, digitis apprehensa, ac: leuiter pressas promptè foris egtuberanczibethica & explicantur, pilis nudata.
4-1	352-356	Huic	_	_	_	
4-2	357-360	duo	_	_	_	
4-3	361-367	infunt	_	_	_	
4-4	368-373	inter	_	_	_	
4-5	374-378	anum	_	_	_	
4-6	379-380	&	_	_	_	
4-7	381-387	vuluam	_	_	_	
4-8	387-388	.	_	_	_	
4-9	388-389	.	_	_	_	
4-10	389-390	,	_	_	_	
4-11	391-400	çastaneae	_	_	_	
4-12	401-402	&	_	_	_	
4-13	403-410	figurae	_	_	_	
4-14	411-412	&	_	_	_	
4-15	413-415	ma	_	_	_	
4-16	417-427	gnitudinis	_	_	_	
4-17	428-429	,	_	_	_	
4-18	430-439	cubercula	_	_	_	
4-19	439-440	,	_	_	_	
4-20	441-442	(	_	_	_	
4-21	442-447	tetes	_	_	_	
4-22	448-449	,	_	_	_	
4-23	450-453	aur	_	_	_	
4-24	454-463	glandulas	_	_	_	
4-25	464-471	dixeris	_	_	_	
4-26	471-472	,	_	_	_	
4-27	473-478	nihil	_	_	_	
4-28	479-484	moror	_	_	_	
4-29	484-485	)	_	_	_	
4-30	486-490	quae	_	_	_	
4-31	491-498	inuicem	_	_	_	
4-32	499-511	adhaerefcunt	_	_	_	
4-33	511-512	,	_	_	_	
4-34	513-514	&	_	_	_	
4-35	514-523	introrsum	_	_	_	
4-36	524-525	-	_	_	_	
4-37	525-535	recedentia	_	_	_	
4-38	536-542	latent	_	_	_	
4-39	542-543	.	_	_	_	
4-40	544-546	ea	_	_	_	
4-41	547-551	vego	_	_	_	
4-42	553-557	paso	_	_	_	
4-43	561-562	:	_	_	_	
4-44	568-571	lor	_	_	_	
4-45	572-578	varius	_	_	_	
4-46	578-579	.	_	_	_	
4-47	580-585	parte	_	_	_	
4-48	585-586	;	_	_	_	
4-49	587-590	qua	_	_	_	
4-50	591-597	vuluam	_	_	_	
4-51	598-599	&	_	_	_	
4-52	599-603	anum	_	_	_	
4-53	604-614	percingunt	_	_	_	
4-54	614-615	,	_	_	_	
4-55	616-623	digitis	_	_	_	
4-56	624-634	apprehensa	_	_	_	
4-57	634-635	,	_	_	_	
4-58	636-638	ac	_	_	_	
4-59	638-639	:	_	_	_	
4-60	640-647	leuiter	_	_	_	
4-61	648-655	pressas	_	_	_	
4-62	656-663	promptè	_	_	_	
4-63	664-669	foris	_	_	_	
4-64	670-689	egtuberanczibethica	_	_	_	
4-65	690-691	&	_	_	_	
4-66	692-703	explicantur	_	_	_	
4-67	703-704	,	_	_	_	
4-68	705-710	pilis	_	_	_	
4-69	711-717	nudata	_	_	_	
4-70	717-718	.	_	_	_	

#Text=Mox fubalbum crassiufcuia lum ac pinguem: exudant humorem, in nigrum iam iam vergencem acutiffimum illum quidem, & na res:( nistomnino obaefas; & zibethi og mucosas) grauiter infuauiterque ferientem.
5-1	719-722	Mox	_	_	_	
5-2	723-731	fubalbum	_	_	_	
5-3	732-744	crassiufcuia	_	_	_	
5-4	745-748	lum	_	_	_	
5-5	749-751	ac	_	_	_	
5-6	752-759	pinguem	_	_	_	
5-7	759-760	:	_	_	_	
5-8	761-768	exudant	_	_	_	
5-9	769-776	humorem	Smell\_Source	_	_	
5-10	776-777	,	_	_	_	
5-11	778-780	in	_	_	_	
5-12	781-787	nigrum	_	_	_	
5-13	788-791	iam	_	_	_	
5-14	792-795	iam	_	_	_	
5-15	796-805	vergencem	_	_	_	
5-16	806-817	acutiffimum	Quality	_	_	
5-17	818-823	illum	_	_	_	
5-18	824-830	quidem	_	_	_	
5-19	830-831	,	_	_	_	
5-20	832-833	&	_	_	_	
5-21	834-836	na	Perceiver[1]	_	_	
5-22	837-840	res	Perceiver[1]	_	_	
5-23	840-841	:	_	_	_	
5-24	841-842	(	_	_	_	
5-25	843-853	nistomnino	Circumstances[2]	_	_	
5-26	854-861	obaefas	Circumstances[2]	_	_	
5-27	861-862	;	Circumstances[2]	_	_	
5-28	863-864	&	Circumstances[2]	_	_	
5-29	865-872	zibethi	Circumstances[2]	_	_	
5-30	873-875	og	Circumstances[2]	_	_	
5-31	876-883	mucosas	Circumstances[2]	_	_	
5-32	883-884	)	_	_	_	
5-33	885-893	grauiter	Quality[3]	_	_	
5-34	894-907	infuauiterque	Quality[3]	_	_	
5-35	908-917	ferientem	Smell\_Word	*|*|*|*|*	5-33[3_0]|5-21[1_0]|5-16|5-9|5-25[2_0]	
5-36	917-918	.	_	_	_	

#Text=Mihi laa nè, qui odoratu fagaciflimo (vitio ne dicam,an beneficio, incertus ).præditus fum omnino insuauis eft, grauis, acutieque molestus: fricauris verò acque identi
#Text=
#Text=
#Text=
#Text=dor varius.
#Text=dem refricatus processu té poris fuauiter olet.
6-1	919-923	Mihi	Perceiver	_	_	
6-2	924-927	laa	_	_	_	
6-3	928-930	nè	_	_	_	
6-4	930-931	,	_	_	_	
6-5	932-935	qui	_	_	_	
6-6	936-943	odoratu	Smell\_Word	*|*|*|*	6-7|6-1|6-21[4_0]|6-25[5_0]	
6-7	944-955	fagaciflimo	Quality	_	_	
6-8	956-957	(	_	_	_	
6-9	957-962	vitio	_	_	_	
6-10	963-965	ne	_	_	_	
6-11	966-971	dicam	_	_	_	
6-12	971-972	,	_	_	_	
6-13	972-974	an	_	_	_	
6-14	975-984	beneficio	_	_	_	
6-15	984-985	,	_	_	_	
6-16	986-994	incertus	_	_	_	
6-17	995-996	)	_	_	_	
6-18	996-997	.	_	_	_	
6-19	997-1005	præditus	_	_	_	
6-20	1006-1009	fum	_	_	_	
6-21	1010-1016	omnino	Quality[4]	_	_	
6-22	1017-1025	insuauis	Quality[4]	_	_	
6-23	1026-1029	eft	_	_	_	
6-24	1029-1030	,	_	_	_	
6-25	1031-1037	grauis	Quality[5]	_	_	
6-26	1037-1038	,	Quality[5]	_	_	
6-27	1039-1048	acutieque	Quality[5]	_	_	
6-28	1049-1057	molestus	Quality[5]	_	_	
6-29	1057-1058	:	_	_	_	
6-30	1059-1068	fricauris	Perceiver[6]	_	_	
6-31	1069-1073	verò	Perceiver[6]	_	_	
6-32	1074-1079	acque	Perceiver[6]	_	_	
6-33	1080-1086	identi	Perceiver[6]	_	_	
6-34	1090-1093	dor	Perceiver[6]	_	_	
6-35	1094-1100	varius	Perceiver[6]	_	_	
6-36	1100-1101	.	Perceiver[6]	_	_	
6-37	1102-1105	dem	Perceiver[6]	_	_	
6-38	1106-1116	refricatus	Perceiver[6]	_	_	
6-39	1117-1125	processu	Perceiver[6]	_	_	
6-40	1126-1128	té	Perceiver[6]	_	_	
6-41	1129-1134	poris	Perceiver[6]	_	_	
6-42	1135-1143	fuauiter	Quality	_	_	
6-43	1144-1148	olet	Smell\_Word	*|*	6-42|6-30[6_0]	
6-44	1148-1149	.	_	_	_	

#Text=Sane manus , quam nudius tertius illitam, ipfisque tefti bus humoro madidis affri catam, grauiter odoratus fui, suauiter nunc olet.
7-1	1150-1154	Sane	_	_	_	
7-2	1155-1160	manus	_	_	_	
7-3	1161-1162	,	_	_	_	
7-4	1163-1167	quam	_	_	_	
7-5	1168-1174	nudius	_	_	_	
7-6	1175-1182	tertius	_	_	_	
7-7	1183-1190	illitam	_	_	_	
7-8	1190-1191	,	_	_	_	
7-9	1192-1200	ipfisque	_	_	_	
7-10	1201-1206	tefti	_	_	_	
7-11	1207-1210	bus	_	_	_	
7-12	1211-1217	humoro	_	_	_	
7-13	1218-1225	madidis	_	_	_	
7-14	1226-1231	affri	_	_	_	
7-15	1232-1237	catam	_	_	_	
7-16	1237-1238	,	_	_	_	
7-17	1239-1247	grauiter	Quality	_	_	
7-18	1248-1256	odoratus	Smell\_Word[7]	*	7-17[0_7]	
7-19	1257-1260	fui	Smell\_Word[7]	_	_	
7-20	1260-1261	,	_	_	_	
7-21	1262-1270	suauiter	*	_	_	
7-22	1271-1275	nunc	Time	_	_	
7-23	1276-1280	olet	Smell\_Word	*|*	7-22|7-21	
7-24	1280-1281	.	_	_	_	

#Text=Er go verè sunt que in posterum diem melius alent, vt eft apud Theophrastum - Ceterùm Fallunt , inquies , nos oculi,
#Text=
#Text=vagique fenfus, Oppreffa ratione , mentiuntar.
8-1	1282-1284	Er	_	_	_	
8-2	1285-1287	go	_	_	_	
8-3	1288-1292	verè	_	_	_	
8-4	1293-1297	sunt	_	_	_	
8-5	1298-1301	que	_	_	_	
8-6	1302-1304	in	Time[8]	_	_	
8-7	1305-1313	posterum	Time[8]	_	_	
8-8	1314-1318	diem	Time[8]	_	_	
8-9	1319-1325	melius	Quality	_	_	
8-10	1326-1331	alent	Smell\_Word	*|*	8-9|8-6[8_0]	
8-11	1331-1332	,	_	_	_	
8-12	1333-1335	vt	_	_	_	
8-13	1336-1339	eft	_	_	_	
8-14	1340-1344	apud	_	_	_	
8-15	1345-1357	Theophrastum	_	_	_	
8-16	1358-1359	-	_	_	_	
8-17	1360-1367	Ceterùm	_	_	_	
8-18	1368-1375	Fallunt	_	_	_	
8-19	1376-1377	,	_	_	_	
8-20	1378-1385	inquies	_	_	_	
8-21	1386-1387	,	_	_	_	
8-22	1388-1391	nos	_	_	_	
8-23	1392-1397	oculi	_	_	_	
8-24	1397-1398	,	_	_	_	
8-25	1400-1407	vagique	_	_	_	
8-26	1408-1414	fenfus	_	_	_	
8-27	1414-1415	,	_	_	_	
8-28	1416-1424	Oppreffa	_	_	_	
8-29	1425-1432	ratione	_	_	_	
8-30	1433-1434	,	_	_	_	
8-31	1435-1445	mentiuntar	_	_	_	
8-32	1445-1446	.	_	_	_	

#Text=Fallunt mehercule & mena tiuntur, non inficior: Nam turris prope, quae quas
#Text=
#Text=drata furgit, Attritis procul angulis rotan
#Text=
#Text=
#Text=
#Text=Petronius
#Text=
#Text=Arbit,
#Text=
#Text=
#Text=
#Text=
#Text=
#Text=atque odorarus anger maleolencibus nion:faftidie, El marcem captam frequenter Petronius.
#Text=odit ciupe At nullus dabiro, quin fa no olfactus zibęchum itaw prorfus nędolçác .
9-1	1447-1454	Fallunt	_	_	_	
9-2	1455-1464	mehercule	_	_	_	
9-3	1465-1466	&	_	_	_	
9-4	1467-1471	mena	_	_	_	
9-5	1472-1479	tiuntur	_	_	_	
9-6	1479-1480	,	_	_	_	
9-7	1481-1484	non	_	_	_	
9-8	1485-1493	inficior	_	_	_	
9-9	1493-1494	:	_	_	_	
9-10	1495-1498	Nam	_	_	_	
9-11	1499-1505	turris	_	_	_	
9-12	1506-1511	prope	_	_	_	
9-13	1511-1512	,	_	_	_	
9-14	1513-1517	quae	_	_	_	
9-15	1518-1522	quas	_	_	_	
9-16	1524-1529	drata	_	_	_	
9-17	1530-1536	furgit	_	_	_	
9-18	1536-1537	,	_	_	_	
9-19	1538-1546	Attritis	_	_	_	
9-20	1547-1553	procul	_	_	_	
9-21	1554-1561	angulis	_	_	_	
9-22	1562-1567	rotan	_	_	_	
9-23	1571-1580	Petronius	_	_	_	
9-24	1582-1587	Arbit	_	_	_	
9-25	1587-1588	,	_	_	_	
9-26	1594-1599	atque	_	_	_	
9-27	1600-1608	odorarus	Smell\_Word	_	_	
9-28	1609-1614	anger	_	_	_	
9-29	1615-1628	maleolencibus	Smell\_Word[9]|Quality[10]	*	9-29[10_9]	
9-30	1629-1633	nion	_	_	_	
9-31	1633-1634	:	_	_	_	
9-32	1634-1642	faftidie	_	_	_	
9-33	1642-1643	,	_	_	_	
9-34	1644-1646	El	_	_	_	
9-35	1647-1653	marcem	_	_	_	
9-36	1654-1660	captam	_	_	_	
9-37	1661-1671	frequenter	_	_	_	
9-38	1672-1681	Petronius	_	_	_	
9-39	1681-1682	.	_	_	_	
9-40	1683-1687	odit	_	_	_	
9-41	1688-1693	ciupe	_	_	_	
9-42	1694-1696	At	_	_	_	
9-43	1697-1703	nullus	_	_	_	
9-44	1704-1710	dabiro	_	_	_	
9-45	1710-1711	,	_	_	_	
9-46	1712-1716	quin	_	_	_	
9-47	1717-1719	fa	_	_	_	
9-48	1720-1722	no	_	_	_	
9-49	1723-1731	olfactus	Perceiver	_	_	
9-50	1732-1740	zibęchum	Smell\_Source	_	_	
9-51	1741-1745	itaw	_	_	_	
9-52	1746-1753	prorfus	_	_	_	
9-53	1754-1762	nędolçác	Smell\_Word	*|*	9-49|9-50	
9-54	1763-1764	.	_	_	_	

#Text=Neque verò putes; quod vulgo e maibus persuasúeft, hunc Zibethum , humorem animal ira ini- modo fluat.
#Text=cenfum exudare: (liceriratum vberius:exudec ) nam, -sponte is, in teftibus tuge feens, plerunque manat.
#Text=ipfe quidem vidi , ab humoris acrimonia , vellicará felem affridare humo teftes, eximiumqueyrfibi tamen sejidatumoleftum,abittep
#Text=
#Text=
#Text=
#Text=
#Text=
#Text=gere zibechum
#Text=
#Text=Narrauit etiam mihi tum is , qui eam felem curat, tum alius , qui alteras quinque ex OrienteRomam.
#Text=asportauir, sibique tum eorum vnicuique pecuniam foluenti facta videndi copia; tum emuncto e testibus zibccho.victum multos
#Text=
#Text=iam menfes Romae quae quéteszi.
#Text=bethi feles.
#Text=rit: retulit , inquam , vter
#Text=
#Text=que animal;nisi certis qui.bufdá ac definicis diebus e - teftibus abradarur humor, nates exercosque ipfos teftes, citilladte fenfum humoris acrimonia, septis listgueis, in quibus conclufum
#Text=
#Text=eft,
#Text=
#Text=
#Text=
#Text=Romae fre.
10-1	1765-1770	Neque	_	_	_	
10-2	1771-1775	verò	_	_	_	
10-3	1776-1781	putes	_	_	_	
10-4	1781-1782	;	_	_	_	
10-5	1783-1787	quod	_	_	_	
10-6	1788-1793	vulgo	_	_	_	
10-7	1794-1795	e	_	_	_	
10-8	1796-1802	maibus	_	_	_	
10-9	1803-1814	persuasúeft	_	_	_	
10-10	1814-1815	,	_	_	_	
10-11	1816-1820	hunc	_	_	_	
10-12	1821-1829	Zibethum	_	_	_	
10-13	1830-1831	,	_	_	_	
10-14	1832-1839	humorem	_	_	_	
10-15	1840-1846	animal	_	_	_	
10-16	1847-1850	ira	_	_	_	
10-17	1851-1854	ini	_	_	_	
10-18	1854-1855	-	_	_	_	
10-19	1856-1860	modo	_	_	_	
10-20	1861-1866	fluat	_	_	_	
10-21	1866-1867	.	_	_	_	
10-22	1868-1874	cenfum	_	_	_	
10-23	1875-1882	exudare	_	_	_	
10-24	1882-1883	:	_	_	_	
10-25	1884-1885	(	_	_	_	
10-26	1885-1896	liceriratum	_	_	_	
10-27	1897-1904	vberius	_	_	_	
10-28	1904-1905	:	_	_	_	
10-29	1905-1911	exudec	_	_	_	
10-30	1912-1913	)	_	_	_	
10-31	1914-1917	nam	_	_	_	
10-32	1917-1918	,	_	_	_	
10-33	1919-1920	-	_	_	_	
10-34	1920-1926	sponte	_	_	_	
10-35	1927-1929	is	_	_	_	
10-36	1929-1930	,	_	_	_	
10-37	1931-1933	in	_	_	_	
10-38	1934-1942	teftibus	_	_	_	
10-39	1943-1947	tuge	_	_	_	
10-40	1948-1953	feens	_	_	_	
10-41	1953-1954	,	_	_	_	
10-42	1955-1964	plerunque	_	_	_	
10-43	1965-1970	manat	_	_	_	
10-44	1970-1971	.	_	_	_	
10-45	1972-1976	ipfe	_	_	_	
10-46	1977-1983	quidem	_	_	_	
10-47	1984-1988	vidi	_	_	_	
10-48	1989-1990	,	_	_	_	
10-49	1991-1993	ab	_	_	_	
10-50	1994-2001	humoris	_	_	_	
10-51	2002-2011	acrimonia	_	_	_	
10-52	2012-2013	,	_	_	_	
10-53	2014-2023	vellicará	_	_	_	
10-54	2024-2029	felem	_	_	_	
10-55	2030-2039	affridare	_	_	_	
10-56	2040-2044	humo	_	_	_	
10-57	2045-2051	teftes	_	_	_	
10-58	2051-2052	,	_	_	_	
10-59	2053-2069	eximiumqueyrfibi	_	_	_	
10-60	2070-2075	tamen	_	_	_	
10-61	2076-2092	sejidatumoleftum	_	_	_	
10-62	2092-2093	,	_	_	_	
10-63	2093-2100	abittep	_	_	_	
10-64	2106-2110	gere	_	_	_	
10-65	2111-2119	zibechum	_	_	_	
10-66	2121-2129	Narrauit	_	_	_	
10-67	2130-2135	etiam	_	_	_	
10-68	2136-2140	mihi	_	_	_	
10-69	2141-2144	tum	_	_	_	
10-70	2145-2147	is	_	_	_	
10-71	2148-2149	,	_	_	_	
10-72	2150-2153	qui	_	_	_	
10-73	2154-2157	eam	_	_	_	
10-74	2158-2163	felem	_	_	_	
10-75	2164-2169	curat	_	_	_	
10-76	2169-2170	,	_	_	_	
10-77	2171-2174	tum	_	_	_	
10-78	2175-2180	alius	_	_	_	
10-79	2181-2182	,	_	_	_	
10-80	2183-2186	qui	_	_	_	
10-81	2187-2194	alteras	_	_	_	
10-82	2195-2202	quinque	_	_	_	
10-83	2203-2205	ex	_	_	_	
10-84	2206-2218	OrienteRomam	_	_	_	
10-85	2218-2219	.	_	_	_	
10-86	2220-2230	asportauir	_	_	_	
10-87	2230-2231	,	_	_	_	
10-88	2232-2239	sibique	_	_	_	
10-89	2240-2243	tum	_	_	_	
10-90	2244-2249	eorum	_	_	_	
10-91	2250-2259	vnicuique	_	_	_	
10-92	2260-2268	pecuniam	_	_	_	
10-93	2269-2277	foluenti	_	_	_	
10-94	2278-2283	facta	_	_	_	
10-95	2284-2291	videndi	_	_	_	
10-96	2292-2297	copia	_	_	_	
10-97	2297-2298	;	_	_	_	
10-98	2299-2302	tum	_	_	_	
10-99	2303-2310	emuncto	_	_	_	
10-100	2311-2312	e	_	_	_	
10-101	2313-2321	testibus	_	_	_	
10-102	2322-2336	zibccho.victum	_	_	_	
10-103	2337-2343	multos	_	_	_	
10-104	2345-2348	iam	_	_	_	
10-105	2349-2355	menfes	_	_	_	
10-106	2356-2361	Romae	_	_	_	
10-107	2362-2366	quae	_	_	_	
10-108	2367-2375	quéteszi	_	_	_	
10-109	2375-2376	.	_	_	_	
10-110	2377-2382	bethi	_	_	_	
10-111	2383-2388	feles	_	_	_	
10-112	2388-2389	.	_	_	_	
10-113	2390-2393	rit	_	_	_	
10-114	2393-2394	:	_	_	_	
10-115	2395-2402	retulit	_	_	_	
10-116	2403-2404	,	_	_	_	
10-117	2405-2411	inquam	_	_	_	
10-118	2412-2413	,	_	_	_	
10-119	2414-2418	vter	_	_	_	
10-120	2420-2423	que	_	_	_	
10-121	2424-2430	animal	_	_	_	
10-122	2430-2431	;	_	_	_	
10-123	2431-2435	nisi	_	_	_	
10-124	2436-2442	certis	_	_	_	
10-125	2443-2452	qui.bufdá	_	_	_	
10-126	2453-2455	ac	_	_	_	
10-127	2456-2465	definicis	_	_	_	
10-128	2466-2472	diebus	_	_	_	
10-129	2473-2474	e	_	_	_	
10-130	2475-2476	-	_	_	_	
10-131	2477-2485	teftibus	_	_	_	
10-132	2486-2495	abradarur	_	_	_	
10-133	2496-2501	humor	_	_	_	
10-134	2501-2502	,	_	_	_	
10-135	2503-2508	nates	_	_	_	
10-136	2509-2519	exercosque	_	_	_	
10-137	2520-2525	ipfos	_	_	_	
10-138	2526-2532	teftes	_	_	_	
10-139	2532-2533	,	_	_	_	
10-140	2534-2544	citilladte	_	_	_	
10-141	2545-2551	fenfum	_	_	_	
10-142	2552-2559	humoris	_	_	_	
10-143	2560-2569	acrimonia	_	_	_	
10-144	2569-2570	,	_	_	_	
10-145	2571-2577	septis	_	_	_	
10-146	2578-2587	listgueis	_	_	_	
10-147	2587-2588	,	_	_	_	
10-148	2589-2591	in	_	_	_	
10-149	2592-2598	quibus	_	_	_	
10-150	2599-2608	conclufum	_	_	_	
10-151	2610-2613	eft	_	_	_	
10-152	2613-2614	,	_	_	_	
10-153	2618-2623	Romae	_	_	_	
10-154	2624-2627	fre	_	_	_	
10-155	2627-2628	.	_	_	_	
