#FORMAT=WebAnno TSV 3.3


#Text=6 Projecisti enim populum tuum, domum Jacob, quia repleti sunt ut olim, et augeres habuerunt ut Philisthiim, et pueris alienis adhæserunt.
#Text=7 Repleta est terra argento et auro, et non est finis thesaurorum ejus.
#Text=8 Et repleta est terra ejus equis, et innumerabiles quadrigæ ejus.
1-1	2-3	6	
1-2	4-14	Projecisti	
1-3	15-19	enim	
1-4	20-27	populum	
1-5	28-32	tuum	
1-6	32-33	,	
1-7	34-39	domum	
1-8	40-45	Jacob	
1-9	45-46	,	
1-10	47-51	quia	
1-11	52-59	repleti	
1-12	60-64	sunt	
1-13	65-67	ut	
1-14	68-72	olim	
1-15	72-73	,	
1-16	74-76	et	
1-17	77-84	augeres	
1-18	85-94	habuerunt	
1-19	95-97	ut	
1-20	98-109	Philisthiim	
1-21	109-110	,	
1-22	111-113	et	
1-23	114-120	pueris	
1-24	121-128	alienis	
1-25	129-139	adhæserunt	
1-26	139-140	.	
1-27	141-142	7	
1-28	143-150	Repleta	
1-29	151-154	est	
1-30	155-160	terra	
1-31	161-168	argento	
1-32	169-171	et	
1-33	172-176	auro	
1-34	176-177	,	
1-35	178-180	et	
1-36	181-184	non	
1-37	185-188	est	
1-38	189-194	finis	
1-39	195-206	thesaurorum	
1-40	207-211	ejus	
1-41	211-212	.	
1-42	213-214	8	
1-43	215-217	Et	
1-44	218-225	repleta	
1-45	226-229	est	
1-46	230-235	terra	
1-47	236-240	ejus	
1-48	241-246	equis	
1-49	246-247	,	
1-50	248-250	et	
1-51	251-264	innumerabiles	
1-52	265-273	quadrigæ	
1-53	274-278	ejus	
1-54	278-279	.	

#Text=Et repleta est terra ejus idolis ; opus manuum suarum adoraverunt, quod fecerunt digiti eorum.
#Text=9 Et incurvavit se homo, et humiliatus est vir ; ne ergo dimittas eis.
#Text=10 Ingredere in petram, et abscondere in fossa humo a facie timoris Domini, et a gloria majestatis ejus.
#Text=11 Oculi sublimes hominis humiliati sunt, et incurvabitur altitudo virorum ; exaltabitur autem Dominus solus in die illa.
#Text=12 Quia dies Domini exercituum super omnem superbum, et excelsum, et super omnem arrogantem, et humiliabitur ; 13 et super omnes cedros Libani sublimes et erectas, et super omnes quercus Basan, 14 et super omnes montes excelsos, et super omnes colles elevatos, 15 et super omnem turrim excelsam, et super omnem murum munitum, 16 et super omnes naves Tharsis, et super omne quod visu pulchrum est, 17 et incurvabitur sublimitas hominum, et humiliabitur altitudo virorum, et elevabitur Dominus solus in die illa ; 18 et idola penitus conterentur ; 19 et introibunt in speluncas petrarum, et in voragines terræ, a facie formidinis Domini et a gloria majestatis ejus, cum surrexerit percutere terram.
#Text=20 In die illa projiciet homo idola argenti sui, et simulacra auri sui, quæ fecerat sibi ut adoraret, talpas et vespertiliones.
#Text=21 Et ingredietur scissuras petrarum et in cavernas saxorum, a facie formidinis Domini, et a gloria majestatis ejus, cum surrexerit percutere terram.
#Text=22 Quiescite ergo ab homine, cujus spiritus in naribus ejus est, quia excelsus reputatus est ipse.
2-1	280-282	Et	
2-2	283-290	repleta	
2-3	291-294	est	
2-4	295-300	terra	
2-5	301-305	ejus	
2-6	306-312	idolis	
2-7	313-314	;	
2-8	315-319	opus	
2-9	320-326	manuum	
2-10	327-333	suarum	
2-11	334-345	adoraverunt	
2-12	345-346	,	
2-13	347-351	quod	
2-14	352-360	fecerunt	
2-15	361-367	digiti	
2-16	368-373	eorum	
2-17	373-374	.	
2-18	375-376	9	
2-19	377-379	Et	
2-20	380-390	incurvavit	
2-21	391-393	se	
2-22	394-398	homo	
2-23	398-399	,	
2-24	400-402	et	
2-25	403-413	humiliatus	
2-26	414-417	est	
2-27	418-421	vir	
2-28	422-423	;	
2-29	424-426	ne	
2-30	427-431	ergo	
2-31	432-440	dimittas	
2-32	441-444	eis	
2-33	444-445	.	
2-34	446-448	10	
2-35	449-458	Ingredere	
2-36	459-461	in	
2-37	462-468	petram	
2-38	468-469	,	
2-39	470-472	et	
2-40	473-483	abscondere	
2-41	484-486	in	
2-42	487-492	fossa	
2-43	493-497	humo	
2-44	498-499	a	
2-45	500-505	facie	
2-46	506-513	timoris	
2-47	514-520	Domini	
2-48	520-521	,	
2-49	522-524	et	
2-50	525-526	a	
2-51	527-533	gloria	
2-52	534-544	majestatis	
2-53	545-549	ejus	
2-54	549-550	.	
2-55	551-553	11	
2-56	554-559	Oculi	
2-57	560-568	sublimes	
2-58	569-576	hominis	
2-59	577-586	humiliati	
2-60	587-591	sunt	
2-61	591-592	,	
2-62	593-595	et	
2-63	596-608	incurvabitur	
2-64	609-617	altitudo	
2-65	618-625	virorum	
2-66	626-627	;	
2-67	628-639	exaltabitur	
2-68	640-645	autem	
2-69	646-653	Dominus	
2-70	654-659	solus	
2-71	660-662	in	
2-72	663-666	die	
2-73	667-671	illa	
2-74	671-672	.	
2-75	673-675	12	
2-76	676-680	Quia	
2-77	681-685	dies	
2-78	686-692	Domini	
2-79	693-703	exercituum	
2-80	704-709	super	
2-81	710-715	omnem	
2-82	716-724	superbum	
2-83	724-725	,	
2-84	726-728	et	
2-85	729-737	excelsum	
2-86	737-738	,	
2-87	739-741	et	
2-88	742-747	super	
2-89	748-753	omnem	
2-90	754-764	arrogantem	
2-91	764-765	,	
2-92	766-768	et	
2-93	769-781	humiliabitur	
2-94	782-783	;	
2-95	784-786	13	
2-96	787-789	et	
2-97	790-795	super	
2-98	796-801	omnes	
2-99	802-808	cedros	
2-100	809-815	Libani	
2-101	816-824	sublimes	
2-102	825-827	et	
2-103	828-835	erectas	
2-104	835-836	,	
2-105	837-839	et	
2-106	840-845	super	
2-107	846-851	omnes	
2-108	852-859	quercus	
2-109	860-865	Basan	
2-110	865-866	,	
2-111	867-869	14	
2-112	870-872	et	
2-113	873-878	super	
2-114	879-884	omnes	
2-115	885-891	montes	
2-116	892-900	excelsos	
2-117	900-901	,	
2-118	902-904	et	
2-119	905-910	super	
2-120	911-916	omnes	
2-121	917-923	colles	
2-122	924-932	elevatos	
2-123	932-933	,	
2-124	934-936	15	
2-125	937-939	et	
2-126	940-945	super	
2-127	946-951	omnem	
2-128	952-958	turrim	
2-129	959-967	excelsam	
2-130	967-968	,	
2-131	969-971	et	
2-132	972-977	super	
2-133	978-983	omnem	
2-134	984-989	murum	
2-135	990-997	munitum	
2-136	997-998	,	
2-137	999-1001	16	
2-138	1002-1004	et	
2-139	1005-1010	super	
2-140	1011-1016	omnes	
2-141	1017-1022	naves	
2-142	1023-1030	Tharsis	
2-143	1030-1031	,	
2-144	1032-1034	et	
2-145	1035-1040	super	
2-146	1041-1045	omne	
2-147	1046-1050	quod	
2-148	1051-1055	visu	
2-149	1056-1064	pulchrum	
2-150	1065-1068	est	
2-151	1068-1069	,	
2-152	1070-1072	17	
2-153	1073-1075	et	
2-154	1076-1088	incurvabitur	
2-155	1089-1099	sublimitas	
2-156	1100-1107	hominum	
2-157	1107-1108	,	
2-158	1109-1111	et	
2-159	1112-1124	humiliabitur	
2-160	1125-1133	altitudo	
2-161	1134-1141	virorum	
2-162	1141-1142	,	
2-163	1143-1145	et	
2-164	1146-1156	elevabitur	
2-165	1157-1164	Dominus	
2-166	1165-1170	solus	
2-167	1171-1173	in	
2-168	1174-1177	die	
2-169	1178-1182	illa	
2-170	1183-1184	;	
2-171	1185-1187	18	
2-172	1188-1190	et	
2-173	1191-1196	idola	
2-174	1197-1204	penitus	
2-175	1205-1216	conterentur	
2-176	1217-1218	;	
2-177	1219-1221	19	
2-178	1222-1224	et	
2-179	1225-1235	introibunt	
2-180	1236-1238	in	
2-181	1239-1248	speluncas	
2-182	1249-1257	petrarum	
2-183	1257-1258	,	
2-184	1259-1261	et	
2-185	1262-1264	in	
2-186	1265-1274	voragines	
2-187	1275-1280	terræ	
2-188	1280-1281	,	
2-189	1282-1283	a	
2-190	1284-1289	facie	
2-191	1290-1300	formidinis	
2-192	1301-1307	Domini	
2-193	1308-1310	et	
2-194	1311-1312	a	
2-195	1313-1319	gloria	
2-196	1320-1330	majestatis	
2-197	1331-1335	ejus	
2-198	1335-1336	,	
2-199	1337-1340	cum	
2-200	1341-1351	surrexerit	
2-201	1352-1361	percutere	
2-202	1362-1368	terram	
2-203	1368-1369	.	
2-204	1370-1372	20	
2-205	1373-1375	In	
2-206	1376-1379	die	
2-207	1380-1384	illa	
2-208	1385-1394	projiciet	
2-209	1395-1399	homo	
2-210	1400-1405	idola	
2-211	1406-1413	argenti	
2-212	1414-1417	sui	
2-213	1417-1418	,	
2-214	1419-1421	et	
2-215	1422-1431	simulacra	
2-216	1432-1436	auri	
2-217	1437-1440	sui	
2-218	1440-1441	,	
2-219	1442-1445	quæ	
2-220	1446-1453	fecerat	
2-221	1454-1458	sibi	
2-222	1459-1461	ut	
2-223	1462-1470	adoraret	
2-224	1470-1471	,	
2-225	1472-1478	talpas	
2-226	1479-1481	et	
2-227	1482-1496	vespertiliones	
2-228	1496-1497	.	
2-229	1498-1500	21	
2-230	1501-1503	Et	
2-231	1504-1515	ingredietur	
2-232	1516-1525	scissuras	
2-233	1526-1534	petrarum	
2-234	1535-1537	et	
2-235	1538-1540	in	
2-236	1541-1549	cavernas	
2-237	1550-1557	saxorum	
2-238	1557-1558	,	
2-239	1559-1560	a	
2-240	1561-1566	facie	
2-241	1567-1577	formidinis	
2-242	1578-1584	Domini	
2-243	1584-1585	,	
2-244	1586-1588	et	
2-245	1589-1590	a	
2-246	1591-1597	gloria	
2-247	1598-1608	majestatis	
2-248	1609-1613	ejus	
2-249	1613-1614	,	
2-250	1615-1618	cum	
2-251	1619-1629	surrexerit	
2-252	1630-1639	percutere	
2-253	1640-1646	terram	
2-254	1646-1647	.	
2-255	1648-1650	22	
2-256	1651-1660	Quiescite	
2-257	1661-1665	ergo	
2-258	1666-1668	ab	
2-259	1669-1675	homine	
2-260	1675-1676	,	
2-261	1677-1682	cujus	
2-262	1683-1691	spiritus	
2-263	1692-1694	in	
2-264	1695-1702	naribus	
2-265	1703-1707	ejus	
2-266	1708-1711	est	
2-267	1711-1712	,	
2-268	1713-1717	quia	
2-269	1718-1726	excelsus	
2-270	1727-1736	reputatus	
2-271	1737-1740	est	
2-272	1741-1745	ipse	
2-273	1745-1746	.	

#Text=Caput 3
#Text=
#Text=
#Text=1 Ecce enim Dominator, Dominus exercituum, auferet a Jerusalem et a Juda validum et fortem, omne robur panis, et omne robur aquæ ; 2 fortem, et virum bellatorem, judicem, et prophetam, et ariolum, et senem ; 3 principem super quinquaginta, et honorabilem vultu et consiliarium, et sapientem de architectis, et prudentem eloquii mystici.
#Text=4 Et dabo pueros principes eorum, et effeminati dominabuntur eis ; 5 et irruet populus, vir ad virum, et unusquisque ad proximum suum ; tumultuabitur puer contra senem, et ignobilis contra nobilem.
#Text=6 Apprehendet enim vir fratrem suum, domesticum patris sui : Vestimentum tibi est, princeps esto noster, ruina autem hæc sub manu tua.
#Text=7 Respondebit in die illa, dicens : Non sum medicus, et in domo mea non est panis neque vestimentum : nolite constituere me principem populi.
#Text=8 Ruit enim Jerusalem, et Judas concidit, quia lingua eorum et adinventiones eorum contra Dominum, ut provocarent oculos majestatis ejus.
#Text=9 Agnitio vultus eorum respondit eis ; et peccatum suum quasi Sodoma prædicaverunt, nec absconderunt.
3-1	1747-1752	Caput	
3-2	1753-1754	3	
3-3	1757-1758	1	
3-4	1759-1763	Ecce	
3-5	1764-1768	enim	
3-6	1769-1778	Dominator	
3-7	1778-1779	,	
3-8	1780-1787	Dominus	
3-9	1788-1798	exercituum	
3-10	1798-1799	,	
3-11	1800-1807	auferet	
3-12	1808-1809	a	
3-13	1810-1819	Jerusalem	
3-14	1820-1822	et	
3-15	1823-1824	a	
3-16	1825-1829	Juda	
3-17	1830-1837	validum	
3-18	1838-1840	et	
3-19	1841-1847	fortem	
3-20	1847-1848	,	
3-21	1849-1853	omne	
3-22	1854-1859	robur	
3-23	1860-1865	panis	
3-24	1865-1866	,	
3-25	1867-1869	et	
3-26	1870-1874	omne	
3-27	1875-1880	robur	
3-28	1881-1885	aquæ	
3-29	1886-1887	;	
3-30	1888-1889	2	
3-31	1890-1896	fortem	
3-32	1896-1897	,	
3-33	1898-1900	et	
3-34	1901-1906	virum	
3-35	1907-1917	bellatorem	
3-36	1917-1918	,	
3-37	1919-1926	judicem	
3-38	1926-1927	,	
3-39	1928-1930	et	
3-40	1931-1940	prophetam	
3-41	1940-1941	,	
3-42	1942-1944	et	
3-43	1945-1952	ariolum	
3-44	1952-1953	,	
3-45	1954-1956	et	
3-46	1957-1962	senem	
3-47	1963-1964	;	
3-48	1965-1966	3	
3-49	1967-1976	principem	
3-50	1977-1982	super	
3-51	1983-1995	quinquaginta	
3-52	1995-1996	,	
3-53	1997-1999	et	
3-54	2000-2011	honorabilem	
3-55	2012-2017	vultu	
3-56	2018-2020	et	
3-57	2021-2033	consiliarium	
3-58	2033-2034	,	
3-59	2035-2037	et	
3-60	2038-2047	sapientem	
3-61	2048-2050	de	
3-62	2051-2062	architectis	
3-63	2062-2063	,	
3-64	2064-2066	et	
3-65	2067-2076	prudentem	
3-66	2077-2084	eloquii	
3-67	2085-2092	mystici	
3-68	2092-2093	.	
3-69	2094-2095	4	
3-70	2096-2098	Et	
3-71	2099-2103	dabo	
3-72	2104-2110	pueros	
3-73	2111-2120	principes	
3-74	2121-2126	eorum	
3-75	2126-2127	,	
3-76	2128-2130	et	
3-77	2131-2141	effeminati	
3-78	2142-2154	dominabuntur	
3-79	2155-2158	eis	
3-80	2159-2160	;	
3-81	2161-2162	5	
3-82	2163-2165	et	
3-83	2166-2172	irruet	
3-84	2173-2180	populus	
3-85	2180-2181	,	
3-86	2182-2185	vir	
3-87	2186-2188	ad	
3-88	2189-2194	virum	
3-89	2194-2195	,	
3-90	2196-2198	et	
3-91	2199-2210	unusquisque	
3-92	2211-2213	ad	
3-93	2214-2222	proximum	
3-94	2223-2227	suum	
3-95	2228-2229	;	
3-96	2230-2243	tumultuabitur	
3-97	2244-2248	puer	
3-98	2249-2255	contra	
3-99	2256-2261	senem	
3-100	2261-2262	,	
3-101	2263-2265	et	
3-102	2266-2275	ignobilis	
3-103	2276-2282	contra	
3-104	2283-2290	nobilem	
3-105	2290-2291	.	
3-106	2292-2293	6	
3-107	2294-2305	Apprehendet	
3-108	2306-2310	enim	
3-109	2311-2314	vir	
3-110	2315-2322	fratrem	
3-111	2323-2327	suum	
3-112	2327-2328	,	
3-113	2329-2339	domesticum	
3-114	2340-2346	patris	
3-115	2347-2350	sui	
3-116	2351-2352	:	
3-117	2353-2364	Vestimentum	
3-118	2365-2369	tibi	
3-119	2370-2373	est	
3-120	2373-2374	,	
3-121	2375-2383	princeps	
3-122	2384-2388	esto	
3-123	2389-2395	noster	
3-124	2395-2396	,	
3-125	2397-2402	ruina	
3-126	2403-2408	autem	
3-127	2409-2412	hæc	
3-128	2413-2416	sub	
3-129	2417-2421	manu	
3-130	2422-2425	tua	
3-131	2425-2426	.	
3-132	2427-2428	7	
3-133	2429-2440	Respondebit	
3-134	2441-2443	in	
3-135	2444-2447	die	
3-136	2448-2452	illa	
3-137	2452-2453	,	
3-138	2454-2460	dicens	
3-139	2461-2462	:	
3-140	2463-2466	Non	
3-141	2467-2470	sum	
3-142	2471-2478	medicus	
3-143	2478-2479	,	
3-144	2480-2482	et	
3-145	2483-2485	in	
3-146	2486-2490	domo	
3-147	2491-2494	mea	
3-148	2495-2498	non	
3-149	2499-2502	est	
3-150	2503-2508	panis	
3-151	2509-2514	neque	
3-152	2515-2526	vestimentum	
3-153	2527-2528	:	
3-154	2529-2535	nolite	
3-155	2536-2547	constituere	
3-156	2548-2550	me	
3-157	2551-2560	principem	
3-158	2561-2567	populi	
3-159	2567-2568	.	
3-160	2569-2570	8	
3-161	2571-2575	Ruit	
3-162	2576-2580	enim	
3-163	2581-2590	Jerusalem	
3-164	2590-2591	,	
3-165	2592-2594	et	
3-166	2595-2600	Judas	
3-167	2601-2609	concidit	
3-168	2609-2610	,	
3-169	2611-2615	quia	
3-170	2616-2622	lingua	
3-171	2623-2628	eorum	
3-172	2629-2631	et	
3-173	2632-2645	adinventiones	
3-174	2646-2651	eorum	
3-175	2652-2658	contra	
3-176	2659-2666	Dominum	
3-177	2666-2667	,	
3-178	2668-2670	ut	
3-179	2671-2682	provocarent	
3-180	2683-2689	oculos	
3-181	2690-2700	majestatis	
3-182	2701-2705	ejus	
3-183	2705-2706	.	
3-184	2707-2708	9	
3-185	2709-2716	Agnitio	
3-186	2717-2723	vultus	
3-187	2724-2729	eorum	
3-188	2730-2739	respondit	
3-189	2740-2743	eis	
3-190	2744-2745	;	
3-191	2746-2748	et	
3-192	2749-2757	peccatum	
3-193	2758-2762	suum	
3-194	2763-2768	quasi	
3-195	2769-2775	Sodoma	
3-196	2776-2789	prædicaverunt	
3-197	2789-2790	,	
3-198	2791-2794	nec	
3-199	2795-2807	absconderunt	
3-200	2807-2808	.	

#Text=Væ animæ eorum, quoniam reddita sunt eis mala !
4-1	2809-2811	Væ	
4-2	2812-2817	animæ	
4-3	2818-2823	eorum	
4-4	2823-2824	,	
4-5	2825-2832	quoniam	
4-6	2833-2840	reddita	
4-7	2841-2845	sunt	
4-8	2846-2849	eis	
4-9	2850-2854	mala	
4-10	2855-2856	!	

#Text=10 Dicite justo quoniam bene, quoniam fructum adinventionum suarum comedet.
#Text=11 Væ impio in malum !
5-1	2857-2859	10	
5-2	2860-2866	Dicite	
5-3	2867-2872	justo	
5-4	2873-2880	quoniam	
5-5	2881-2885	bene	
5-6	2885-2886	,	
5-7	2887-2894	quoniam	
5-8	2895-2902	fructum	
5-9	2903-2916	adinventionum	
5-10	2917-2923	suarum	
5-11	2924-2931	comedet	
5-12	2931-2932	.	
5-13	2933-2935	11	
5-14	2936-2938	Væ	
5-15	2939-2944	impio	
5-16	2945-2947	in	
5-17	2948-2953	malum	
5-18	2954-2955	!	
