#FORMAT=WebAnno TSV 3.3
#T_SP=custom.Span|label
#T_RL=custom.Relation|label|BT_custom.Span


#Text=Am nächsten Morgen konnten wir im Dorfe die Spuren, die der Gasangriff hinterlassen hatte, bestaunen.
1-1	2-4	Am	_	_	_	
1-2	5-13	nächsten	_	_	_	
1-3	14-20	Morgen	_	_	_	
1-4	21-28	konnten	_	_	_	
1-5	29-32	wir	_	_	_	
1-6	33-35	im	_	_	_	
1-7	36-41	Dorfe	_	_	_	
1-8	42-45	die	_	_	_	
1-9	46-52	Spuren	_	_	_	
1-10	52-53	,	_	_	_	
1-11	54-57	die	_	_	_	
1-12	58-61	der	_	_	_	
1-13	62-72	Gasangriff	_	_	_	
1-14	73-85	hinterlassen	_	_	_	
1-15	86-91	hatte	_	_	_	
1-16	91-92	,	_	_	_	
1-17	93-102	bestaunen	_	_	_	
1-18	102-103	.	_	_	_	

#Text=Ein großer Teil aller Pflanzen war verwelkt, Schnecken und Maulwürfe lagen tot umher, und den in Monchy untergebrachten Pferden der Meldereiter lief das Wasser aus Maul und Augen.
2-1	104-107	Ein	_	_	_	
2-2	108-114	großer	_	_	_	
2-3	115-119	Teil	_	_	_	
2-4	120-125	aller	_	_	_	
2-5	126-134	Pflanzen	_	_	_	
2-6	135-138	war	_	_	_	
2-7	139-147	verwelkt	_	_	_	
2-8	147-148	,	_	_	_	
2-9	149-158	Schnecken	_	_	_	
2-10	159-162	und	_	_	_	
2-11	163-172	Maulwürfe	_	_	_	
2-12	173-178	lagen	_	_	_	
2-13	179-182	tot	_	_	_	
2-14	183-188	umher	_	_	_	
2-15	188-189	,	_	_	_	
2-16	190-193	und	_	_	_	
2-17	194-197	den	_	_	_	
2-18	198-200	in	_	_	_	
2-19	201-207	Monchy	_	_	_	
2-20	208-223	untergebrachten	_	_	_	
2-21	224-231	Pferden	_	_	_	
2-22	232-235	der	_	_	_	
2-23	236-247	Meldereiter	_	_	_	
2-24	248-252	lief	_	_	_	
2-25	253-256	das	_	_	_	
2-26	257-263	Wasser	_	_	_	
2-27	264-267	aus	_	_	_	
2-28	268-272	Maul	_	_	_	
2-29	273-276	und	_	_	_	
2-30	277-282	Augen	_	_	_	
2-31	282-283	.	_	_	_	

#Text=Die überall verstreuten Geschosse und Granatsplitter waren von einer schönen, grünen Patina überzogen.
3-1	284-287	Die	_	_	_	
3-2	288-295	überall	_	_	_	
3-3	296-307	verstreuten	_	_	_	
3-4	308-317	Geschosse	_	_	_	
3-5	318-321	und	_	_	_	
3-6	322-336	Granatsplitter	_	_	_	
3-7	337-342	waren	_	_	_	
3-8	343-346	von	_	_	_	
3-9	347-352	einer	_	_	_	
3-10	353-360	schönen	_	_	_	
3-11	360-361	,	_	_	_	
3-12	362-368	grünen	_	_	_	
3-13	369-375	Patina	_	_	_	
3-14	376-385	überzogen	_	_	_	
3-15	385-386	.	_	_	_	

#Text=Auch in dem weit zurückliegenden Douchy machte sich die Gaswolke noch bemerkbar.
4-1	387-391	Auch	_	_	_	
4-2	392-394	in	_	_	_	
4-3	395-398	dem	_	_	_	
4-4	399-403	weit	_	_	_	
4-5	404-419	zurückliegenden	_	_	_	
4-6	420-426	Douchy	_	_	_	
4-7	427-433	machte	_	_	_	
4-8	434-438	sich	_	_	_	
4-9	439-442	die	_	_	_	
4-10	443-451	Gaswolke	_	_	_	
4-11	452-456	noch	_	_	_	
4-12	457-466	bemerkbar	_	_	_	
4-13	466-467	.	_	_	_	

#Text=Die Zivilisten, denen die Sache unheimlich wurde, versammelten sich vor dem Quartier des Oberstleutnants von Oppen und verlangten Gasmasken.
5-1	468-471	Die	_	_	_	
5-2	472-482	Zivilisten	_	_	_	
5-3	482-483	,	_	_	_	
5-4	484-489	denen	_	_	_	
5-5	490-493	die	_	_	_	
5-6	494-499	Sache	_	_	_	
5-7	500-510	unheimlich	_	_	_	
5-8	511-516	wurde	_	_	_	
5-9	516-517	,	_	_	_	
5-10	518-530	versammelten	_	_	_	
5-11	531-535	sich	_	_	_	
5-12	536-539	vor	_	_	_	
5-13	540-543	dem	_	_	_	
5-14	544-552	Quartier	_	_	_	
5-15	553-556	des	_	_	_	
5-16	557-572	Oberstleutnants	_	_	_	
5-17	573-576	von	_	_	_	
5-18	577-582	Oppen	_	_	_	
5-19	583-586	und	_	_	_	
5-20	587-597	verlangten	_	_	_	
5-21	598-607	Gasmasken	_	_	_	
5-22	607-608	.	_	_	_	

#Text=Sie wurden auf Lastautos gesetzt und in weiter zurückliegende Ortschaften transportiert.
6-1	609-612	Sie	_	_	_	
6-2	613-619	wurden	_	_	_	
6-3	620-623	auf	_	_	_	
6-4	624-633	Lastautos	_	_	_	
6-5	634-641	gesetzt	_	_	_	
6-6	642-645	und	_	_	_	
6-7	646-648	in	_	_	_	
6-8	649-655	weiter	_	_	_	
6-9	656-670	zurückliegende	_	_	_	
6-10	671-682	Ortschaften	_	_	_	
6-11	683-696	transportiert	_	_	_	
6-12	696-697	.	_	_	_	

#Text=Die nächste Nacht verbrachten wir wieder im Bergwerk;
#Text=am Abend bekam ich Nachricht, daß um 4.15 Uhr Kaffee empfangen werden sollte, da ein englischer Überläufer ausgesagt hätte, daß um 5 Uhr angegriffen würde.
7-1	701-704	Die	_	_	_	
7-2	705-712	nächste	_	_	_	
7-3	713-718	Nacht	_	_	_	
7-4	719-730	verbrachten	_	_	_	
7-5	731-734	wir	_	_	_	
7-6	735-741	wieder	_	_	_	
7-7	742-744	im	_	_	_	
7-8	745-753	Bergwerk	_	_	_	
7-9	753-754	;	_	_	_	
7-10	755-757	am	_	_	_	
7-11	758-763	Abend	_	_	_	
7-12	764-769	bekam	_	_	_	
7-13	770-773	ich	_	_	_	
7-14	774-783	Nachricht	_	_	_	
7-15	783-784	,	_	_	_	
7-16	785-788	daß	_	_	_	
7-17	789-791	um	_	_	_	
7-18	792-796	4.15	_	_	_	
7-19	797-800	Uhr	_	_	_	
7-20	801-807	Kaffee	_	_	_	
7-21	808-817	empfangen	_	_	_	
7-22	818-824	werden	_	_	_	
7-23	825-831	sollte	_	_	_	
7-24	831-832	,	_	_	_	
7-25	833-835	da	_	_	_	
7-26	836-839	ein	_	_	_	
7-27	840-850	englischer	_	_	_	
7-28	851-861	Überläufer	_	_	_	
7-29	862-871	ausgesagt	_	_	_	
7-30	872-877	hätte	_	_	_	
7-31	877-878	,	_	_	_	
7-32	879-882	daß	_	_	_	
7-33	883-885	um	_	_	_	
7-34	886-887	5	_	_	_	
7-35	888-891	Uhr	_	_	_	
7-36	892-903	angegriffen	_	_	_	
7-37	904-909	würde	_	_	_	
7-38	909-910	.	_	_	_	

#Text=Wirklich, kaum hatten mich am Morgen die zurückkehrenden Kaffeeholer aus dem Schlaf gestört, als der uns nicht mehr fremde Ruf „Gasangriff!
8-1	911-919	Wirklich	_	_	_	
8-2	919-920	,	_	_	_	
8-3	921-925	kaum	_	_	_	
8-4	926-932	hatten	_	_	_	
8-5	933-937	mich	_	_	_	
8-6	938-940	am	_	_	_	
8-7	941-947	Morgen	_	_	_	
8-8	948-951	die	_	_	_	
8-9	952-967	zurückkehrenden	_	_	_	
8-10	968-979	Kaffeeholer	_	_	_	
8-11	980-983	aus	_	_	_	
8-12	984-987	dem	_	_	_	
8-13	988-994	Schlaf	_	_	_	
8-14	995-1002	gestört	_	_	_	
8-15	1002-1003	,	_	_	_	
8-16	1004-1007	als	_	_	_	
8-17	1008-1011	der	_	_	_	
8-18	1012-1015	uns	_	_	_	
8-19	1016-1021	nicht	_	_	_	
8-20	1022-1026	mehr	_	_	_	
8-21	1027-1033	fremde	_	_	_	
8-22	1034-1037	Ruf	_	_	_	
8-23	1038-1039	„	_	_	_	
8-24	1039-1049	Gasangriff	_	_	_	
8-25	1049-1050	!	_	_	_	

#Text=“ erscholl.
9-1	1050-1051	“	_	_	_	
9-2	1052-1060	erscholl	_	_	_	
9-3	1060-1061	.	_	_	_	

#Text=Draußen lag süßlicher Phosgengeruch in der Luft, und im Monchy-Bogen tobte starkes Trommelfeuer, das jedoch bald abflaute.
10-1	1062-1069	Draußen	Location	*	10-5[3_0]	
10-2	1070-1073	lag	_	_	_	
10-3	1074-1083	süßlicher	Quality	_	_	
10-4	1084-1097	Phosgengeruch	*[1]|Smell\_Word[2]	_	_	
10-5	1098-1100	in	Location[3]	_	_	
10-6	1101-1104	der	Location[3]	_	_	
10-7	1105-1109	Luft	Location[3]	_	_	
10-8	1109-1110	,	_	_	_	
10-9	1111-1114	und	_	_	_	
10-10	1115-1117	im	_	_	_	
10-11	1118-1130	Monchy-Bogen	_	_	_	
10-12	1131-1136	tobte	_	_	_	
10-13	1137-1144	starkes	_	_	_	
10-14	1145-1157	Trommelfeuer	_	_	_	
10-15	1157-1158	,	_	_	_	
10-16	1159-1162	das	_	_	_	
10-17	1163-1169	jedoch	_	_	_	
10-18	1170-1174	bald	_	_	_	
10-19	1175-1183	abflaute	_	_	_	
10-20	1183-1184	.	_	_	_	

#Text=Ein erquickender Morgen folgte dieser unruhigen Stunde.
11-1	1188-1191	Ein	_	_	_	
11-2	1192-1204	erquickender	_	_	_	
11-3	1205-1211	Morgen	_	_	_	
11-4	1212-1218	folgte	_	_	_	
11-5	1219-1225	dieser	_	_	_	
11-6	1226-1235	unruhigen	_	_	_	
11-7	1236-1242	Stunde	_	_	_	
11-8	1242-1243	.	_	_	_	

#Text=Aus dem Laufgraben 6 trat der Leutnant Brecht auf die Dorfstraße, einen blutigen Verband um die Hand gewunden, von einem Mann mit aufgepflanztem Seitengewehr und einem gefangenen Engländer begleitet.
12-1	1244-1247	Aus	_	_	_	
12-2	1248-1251	dem	_	_	_	
12-3	1252-1262	Laufgraben	_	_	_	
12-4	1263-1264	6	_	_	_	
12-5	1265-1269	trat	_	_	_	
12-6	1270-1273	der	_	_	_	
12-7	1274-1282	Leutnant	_	_	_	
12-8	1283-1289	Brecht	_	_	_	
12-9	1290-1293	auf	_	_	_	
12-10	1294-1297	die	_	_	_	
12-11	1298-1308	Dorfstraße	_	_	_	
12-12	1308-1309	,	_	_	_	
12-13	1310-1315	einen	_	_	_	
12-14	1316-1324	blutigen	_	_	_	
12-15	1325-1332	Verband	_	_	_	
12-16	1333-1335	um	_	_	_	
12-17	1336-1339	die	_	_	_	
12-18	1340-1344	Hand	_	_	_	
12-19	1345-1353	gewunden	_	_	_	
12-20	1353-1354	,	_	_	_	
12-21	1355-1358	von	_	_	_	
12-22	1359-1364	einem	_	_	_	
12-23	1365-1369	Mann	_	_	_	
12-24	1370-1373	mit	_	_	_	
12-25	1374-1388	aufgepflanztem	_	_	_	
12-26	1389-1401	Seitengewehr	_	_	_	
12-27	1402-1405	und	_	_	_	
12-28	1406-1411	einem	_	_	_	
12-29	1412-1422	gefangenen	_	_	_	
12-30	1423-1432	Engländer	_	_	_	
12-31	1433-1442	begleitet	_	_	_	
12-32	1442-1443	.	_	_	_	

#Text=Er wurde im Stabsquartier West im Triumph empfangen und erzählte folgendes:
#Text=
#Text=
#Text=
#Text=Die Engländer hatten um 5 Uhr Gas- und Rauchwolken abgeblasen und anschließend den Graben stark mit Minen betrommelt.
13-1	1444-1446	Er	_	_	_	
13-2	1447-1452	wurde	_	_	_	
13-3	1453-1455	im	_	_	_	
13-4	1456-1469	Stabsquartier	_	_	_	
13-5	1470-1474	West	_	_	_	
13-6	1475-1477	im	_	_	_	
13-7	1478-1485	Triumph	_	_	_	
13-8	1486-1495	empfangen	_	_	_	
13-9	1496-1499	und	_	_	_	
13-10	1500-1508	erzählte	_	_	_	
13-11	1509-1518	folgendes	_	_	_	
13-12	1518-1519	:	_	_	_	
13-13	1523-1526	Die	_	_	_	
13-14	1527-1536	Engländer	_	_	_	
13-15	1537-1543	hatten	_	_	_	
13-16	1544-1546	um	_	_	_	
13-17	1547-1548	5	_	_	_	
13-18	1549-1552	Uhr	_	_	_	
13-19	1553-1556	Gas	_	_	_	
13-20	1556-1557	-	_	_	_	
13-21	1558-1561	und	_	_	_	
13-22	1562-1573	Rauchwolken	_	_	_	
13-23	1574-1584	abgeblasen	_	_	_	
13-24	1585-1588	und	_	_	_	
13-25	1589-1601	anschließend	_	_	_	
13-26	1602-1605	den	_	_	_	
13-27	1606-1612	Graben	_	_	_	
13-28	1613-1618	stark	_	_	_	
13-29	1619-1622	mit	_	_	_	
13-30	1623-1628	Minen	_	_	_	
13-31	1629-1639	betrommelt	_	_	_	
13-32	1639-1640	.	_	_	_	

#Text=Unsere Leute waren wie gewöhnlich noch im Feuer aus Deckung gesprungen und hatten dabei über 30 Verluste gehabt.
14-1	1641-1647	Unsere	_	_	_	
14-2	1648-1653	Leute	_	_	_	
14-3	1654-1659	waren	_	_	_	
14-4	1660-1663	wie	_	_	_	
14-5	1664-1674	gewöhnlich	_	_	_	
14-6	1675-1679	noch	_	_	_	
14-7	1680-1682	im	_	_	_	
14-8	1683-1688	Feuer	_	_	_	
14-9	1689-1692	aus	_	_	_	
14-10	1693-1700	Deckung	_	_	_	
14-11	1701-1711	gesprungen	_	_	_	
14-12	1712-1715	und	_	_	_	
14-13	1716-1722	hatten	_	_	_	
14-14	1723-1728	dabei	_	_	_	
14-15	1729-1733	über	_	_	_	
14-16	1734-1736	30	_	_	_	
14-17	1737-1745	Verluste	_	_	_	
14-18	1746-1752	gehabt	_	_	_	
14-19	1752-1753	.	_	_	_	

#Text=Dann waren, in Rauchwolken verborgen, zwei starke englische Patrouillen erschienen, von denen eine in den Graben eingedrungen war und einen verwundeten Unteroffizier mitgenommen hatte.
15-1	1754-1758	Dann	_	_	_	
15-2	1759-1764	waren	_	_	_	
15-3	1764-1765	,	_	_	_	
15-4	1766-1768	in	_	_	_	
15-5	1769-1780	Rauchwolken	_	_	_	
15-6	1781-1790	verborgen	_	_	_	
15-7	1790-1791	,	_	_	_	
15-8	1792-1796	zwei	_	_	_	
15-9	1797-1803	starke	_	_	_	
15-10	1804-1813	englische	_	_	_	
15-11	1814-1825	Patrouillen	_	_	_	
15-12	1826-1836	erschienen	_	_	_	
15-13	1836-1837	,	_	_	_	
15-14	1838-1841	von	_	_	_	
15-15	1842-1847	denen	_	_	_	
15-16	1848-1852	eine	_	_	_	
15-17	1853-1855	in	_	_	_	
15-18	1856-1859	den	_	_	_	
15-19	1860-1866	Graben	_	_	_	
15-20	1867-1879	eingedrungen	_	_	_	
15-21	1880-1883	war	_	_	_	
15-22	1884-1887	und	_	_	_	
15-23	1888-1893	einen	_	_	_	
15-24	1894-1905	verwundeten	_	_	_	
15-25	1906-1919	Unteroffizier	_	_	_	
15-26	1920-1931	mitgenommen	_	_	_	
15-27	1932-1937	hatte	_	_	_	
15-28	1937-1938	.	_	_	_	

#Text=Die andere war schon vor dem Drahtverhau zusammengeknallt worden.
16-1	1939-1942	Die	_	_	_	
16-2	1943-1949	andere	_	_	_	
16-3	1950-1953	war	_	_	_	
16-4	1954-1959	schon	_	_	_	
16-5	1960-1963	vor	_	_	_	
16-6	1964-1967	dem	_	_	_	
16-7	1968-1979	Drahtverhau	_	_	_	
16-8	1980-1996	zusammengeknallt	_	_	_	
16-9	1997-2003	worden	_	_	_	
16-10	2003-2004	.	_	_	_	
