#FORMAT=WebAnno TSV 3.3


#Text=Op uw geheilight hooft, en voorhooft, overgooten
#Text=
#Text=Met schoonheit, wijsheit, gunst, en wat'er komt gevlooten,
#Text=
#Text=En stroomen, zonder maet, uit aller schatten bron.
1-1	2-4	Op	
1-2	5-7	uw	
1-3	8-18	geheilight	
1-4	19-24	hooft	
1-5	24-25	,	
1-6	26-28	en	
1-7	29-38	voorhooft	
1-8	38-39	,	
1-9	40-50	overgooten	
1-10	52-55	Met	
1-11	56-66	schoonheit	
1-12	66-67	,	
1-13	68-76	wijsheit	
1-14	76-77	,	
1-15	78-83	gunst	
1-16	83-84	,	
1-17	85-87	en	
1-18	88-94	wat'er	
1-19	95-99	komt	
1-20	100-109	gevlooten	
1-21	109-110	,	
1-22	112-114	En	
1-23	115-123	stroomen	
1-24	123-124	,	
1-25	125-131	zonder	
1-26	132-136	maet	
1-27	136-137	,	
1-28	138-141	uit	
1-29	142-147	aller	
1-30	148-156	schatten	
1-31	157-161	bron	
1-32	161-162	.	

#Text=Ghy blonckt in 't paradijs, voor 't aenschijn van de zon
#Text=Der Godtheit, uit een wolck van dau en versche roozen.
2-1	164-167	Ghy	
2-2	168-175	blonckt	
2-3	176-178	in	
2-4	179-180	'	
2-5	180-181	t	
2-6	182-190	paradijs	
2-7	190-191	,	
2-8	192-196	voor	
2-9	197-198	'	
2-10	198-199	t	
2-11	200-209	aenschijn	
2-12	210-213	van	
2-13	214-216	de	
2-14	217-220	zon	
2-15	221-224	Der	
2-16	225-233	Godtheit	
2-17	233-234	,	
2-18	235-238	uit	
2-19	239-242	een	
2-20	243-248	wolck	
2-21	249-252	van	
2-22	253-256	dau	
2-23	257-259	en	
2-24	260-267	versche	
2-25	268-274	roozen	
2-26	274-275	.	

#Text=Uw feestgewaet stont stijf van perlen, en turkoozen,
#Text=Smaragden, diamant, robijn, en louter gout.
3-1	278-280	Uw	
3-2	281-292	feestgewaet	
3-3	293-298	stont	
3-4	299-304	stijf	
3-5	305-308	van	
3-6	309-315	perlen	
3-7	315-316	,	
3-8	317-319	en	
3-9	320-329	turkoozen	
3-10	329-330	,	
3-11	331-340	Smaragden	
3-12	340-341	,	
3-13	342-349	diamant	
3-14	349-350	,	
3-15	351-357	robijn	
3-16	357-358	,	
3-17	359-361	en	
3-18	362-368	louter	
3-19	369-373	gout	
3-20	373-374	.	

#Text=De zwaerste scepter wert uw rechte hant betrout,
#Text=Zoo dra ghy steeght in 't licht, en, op bazuin en bommen,
#Text=
#Text=Door 't blakende gesternte en steenen quaemt te brommen:
#Text=
#Text=
#Text=En zoudt ghy reuckeloos u storten uit dien troon?
4-1	377-379	De	
4-2	380-388	zwaerste	
4-3	389-396	scepter	
4-4	397-401	wert	
4-5	402-404	uw	
4-6	405-411	rechte	
4-7	412-416	hant	
4-8	417-424	betrout	
4-9	424-425	,	
4-10	426-429	Zoo	
4-11	430-433	dra	
4-12	434-437	ghy	
4-13	438-445	steeght	
4-14	446-448	in	
4-15	449-450	'	
4-16	450-451	t	
4-17	452-457	licht	
4-18	457-458	,	
4-19	459-461	en	
4-20	461-462	,	
4-21	463-465	op	
4-22	466-472	bazuin	
4-23	473-475	en	
4-24	476-482	bommen	
4-25	482-483	,	
4-26	485-489	Door	
4-27	490-491	'	
4-28	491-492	t	
4-29	493-501	blakende	
4-30	502-511	gesternte	
4-31	512-514	en	
4-32	515-522	steenen	
4-33	523-529	quaemt	
4-34	530-532	te	
4-35	533-540	brommen	
4-36	540-541	:	
4-37	544-546	En	
4-38	547-552	zoudt	
4-39	553-556	ghy	
4-40	557-567	reuckeloos	
4-41	568-569	u	
4-42	570-577	storten	
4-43	578-581	uit	
4-44	582-586	dien	
4-45	587-592	troon	
4-46	592-593	?	

#Text=Verreuckeloozen al dat heerelijck, en schoon?
5-1	595-610	Verreuckeloozen	
5-2	611-613	al	
5-3	614-617	dat	
5-4	618-628	heerelijck	
5-5	628-629	,	
5-6	630-632	en	
5-7	633-639	schoon	
5-8	639-640	?	

#Text=Zoudt ghy uw glansen, die de hemelen vercieren,
#Text=Ons licht verduisteren, in eenen knoop van dieren,
#Text=
#Text=En
#Text=mengsel van gedierte en ondier onder een,
#Text=Griffoensklaeu, draeckenhooft, an andre gruwzaem heên
#Text=Misscheppen onbedacht?
6-1	642-647	Zoudt	
6-2	648-651	ghy	
6-3	652-654	uw	
6-4	655-662	glansen	
6-5	662-663	,	
6-6	664-667	die	
6-7	668-670	de	
6-8	671-678	hemelen	
6-9	679-688	vercieren	
6-10	688-689	,	
6-11	690-693	Ons	
6-12	694-699	licht	
6-13	700-712	verduisteren	
6-14	712-713	,	
6-15	714-716	in	
6-16	717-722	eenen	
6-17	723-728	knoop	
6-18	729-732	van	
6-19	733-739	dieren	
6-20	739-740	,	
6-21	742-744	En	
6-22	745-752	mengsel	
6-23	753-756	van	
6-24	757-765	gedierte	
6-25	766-768	en	
6-26	769-775	ondier	
6-27	776-781	onder	
6-28	782-785	een	
6-29	785-786	,	
6-30	787-801	Griffoensklaeu	
6-31	801-802	,	
6-32	803-816	draeckenhooft	
6-33	816-817	,	
6-34	818-820	an	
6-35	821-826	andre	
6-36	827-835	gruwzaem	
6-37	836-840	heên	
6-38	841-852	Misscheppen	
6-39	853-862	onbedacht	
6-40	862-863	?	

#Text=en zouden 's hemels oogen,
#Text=De starren, u zoo laegh berooft zien van vermogen,
#Text=En eere, en majesteit, door 't schenden van uw trou?
7-1	864-866	en	
7-2	867-873	zouden	
7-3	874-875	'	
7-4	875-876	s	
7-5	877-883	hemels	
7-6	884-889	oogen	
7-7	889-890	,	
7-8	891-893	De	
7-9	894-901	starren	
7-10	901-902	,	
7-11	903-904	u	
7-12	905-908	zoo	
7-13	909-914	laegh	
7-14	915-922	berooft	
7-15	923-927	zien	
7-16	928-931	van	
7-17	932-940	vermogen	
7-18	940-941	,	
7-19	942-944	En	
7-20	945-949	eere	
7-21	949-950	,	
7-22	951-953	en	
7-23	954-963	majesteit	
7-24	963-964	,	
7-25	965-969	door	
7-26	970-971	'	
7-27	971-972	t	
7-28	973-981	schenden	
7-29	982-985	van	
7-30	986-988	uw	
7-31	989-993	trou	
7-32	993-994	?	

#Text=Dat keer' de goede Godt, wiens aenschijn ick aenschou,
#Text=
#Text=Joost van den Vondel, Lucifer
#Text=
#Text=
#Text=\f
#Text=47
8-1	997-1000	Dat	
8-2	1001-1005	keer	
8-3	1005-1006	'	
8-4	1007-1009	de	
8-5	1010-1015	goede	
8-6	1016-1020	Godt	
8-7	1020-1021	,	
8-8	1022-1027	wiens	
8-9	1028-1037	aenschijn	
8-10	1038-1041	ick	
8-11	1042-1050	aenschou	
8-12	1050-1051	,	
8-13	1053-1058	Joost	
8-14	1059-1062	van	
8-15	1063-1066	den	
8-16	1067-1073	Vondel	
8-17	1073-1074	,	
8-18	1075-1082	Lucifer	
8-19	1087-1089	47	
