#FORMAT=WebAnno TSV 3.3
#T_SP=custom.Span|label
#T_RL=custom.Relation|label|BT_custom.Span


#Text=wann nun
#Text=der Hund die Stelle gerochen/ und dergleichen Geruch
#Text=
#Text=auch an denen Fuſtapffen findet/
#Text=fuͤhret man ihn gar ge-
#Text=nau auf der Spuhr fort/ biß er die Perſon findet/ die
#Text=man zum Abrichten brauchet/ drauf fuͤhret
#Text=man
#Text=den
#Text=Hund wieder zuruͤck an den vorigen Ort/ thut ihm guͤt-
#Text=
#Text=lich und ſchoͤn/ undgiebt ihm etwas zu eſſen;
#Text=dergleichen
#Text=thut man auch mit anderm Geruch/ der immer gelinder
#Text=
#Text=iſt/
#Text=
#Text=
#Text=\f
#Text=[
#Text=317/0335
#Text=]
#Text=Neuntes Buch/ Mayerhof.
1-1	0-4	wann	_	_	_	
1-2	5-8	nun	_	_	_	
1-3	9-12	der	Perceiver[1]	_	_	
1-4	13-17	Hund	Perceiver[1]	_	_	
1-5	18-21	die	Smell\_Source[2]	_	_	
1-6	22-28	Stelle	Smell\_Source[2]	_	_	
1-7	29-37	gerochen	Smell\_Word	*|*|*	1-3[1_0]|1-5[2_0]|1-18[4_0]	
1-8	37-38	/	_	_	_	
1-9	39-42	und	_	_	_	
1-10	43-54	dergleichen	_	_	_	
1-11	55-61	Geruch	Smell\_Word	*|*|*	1-3[1_0]|1-13[3_0]|1-18[4_0]	
1-12	63-67	auch	_	_	_	
1-13	68-70	an	Location[3]	_	_	
1-14	71-76	denen	Location[3]	_	_	
1-15	77-87	Fuſtapffen	Location[3]	_	_	
1-16	88-94	findet	_	_	_	
1-17	94-95	/	_	_	_	
1-18	96-103	fuͤhret	Effect[4]	_	_	
1-19	104-107	man	Effect[4]	_	_	
1-20	108-111	ihn	Effect[4]	_	_	
1-21	112-115	gar	Effect[4]	_	_	
1-22	116-118	ge	Effect[4]	_	_	
1-23	118-119	-	Effect[4]	_	_	
1-24	120-123	nau	Effect[4]	_	_	
1-25	124-127	auf	Effect[4]	_	_	
1-26	128-131	der	Effect[4]	_	_	
1-27	132-137	Spuhr	Effect[4]	_	_	
1-28	138-142	fort	Effect[4]	_	_	
1-29	142-143	/	Effect[4]	_	_	
1-30	144-147	biß	Effect[4]	_	_	
1-31	148-150	er	Effect[4]	_	_	
1-32	151-154	die	Effect[4]	_	_	
1-33	155-161	Perſon	Effect[4]	_	_	
1-34	162-168	findet	Effect[4]	_	_	
1-35	168-169	/	_	_	_	
1-36	170-173	die	_	_	_	
1-37	174-177	man	_	_	_	
1-38	178-181	zum	_	_	_	
1-39	182-191	Abrichten	_	_	_	
1-40	192-200	brauchet	_	_	_	
1-41	200-201	/	_	_	_	
1-42	202-207	drauf	_	_	_	
1-43	208-215	fuͤhret	_	_	_	
1-44	216-219	man	_	_	_	
1-45	220-223	den	_	_	_	
1-46	224-228	Hund	_	_	_	
1-47	229-235	wieder	_	_	_	
1-48	236-243	zuruͤck	_	_	_	
1-49	244-246	an	_	_	_	
1-50	247-250	den	_	_	_	
1-51	251-258	vorigen	_	_	_	
1-52	259-262	Ort	_	_	_	
1-53	262-263	/	_	_	_	
1-54	264-268	thut	_	_	_	
1-55	269-272	ihm	_	_	_	
1-56	273-277	guͤt	_	_	_	
1-57	277-278	-	_	_	_	
1-58	280-284	lich	_	_	_	
1-59	285-288	und	_	_	_	
1-60	289-295	ſchoͤn	_	_	_	
1-61	295-296	/	_	_	_	
1-62	297-305	undgiebt	_	_	_	
1-63	306-309	ihm	_	_	_	
1-64	310-315	etwas	_	_	_	
1-65	316-318	zu	_	_	_	
1-66	319-324	eſſen	_	_	_	
1-67	324-325	;	_	_	_	
1-68	326-337	dergleichen	_	_	_	
1-69	338-342	thut	_	_	_	
1-70	343-346	man	_	_	_	
1-71	347-351	auch	_	_	_	
1-72	352-355	mit	_	_	_	
1-73	356-362	anderm	_	_	_	
1-74	363-369	Geruch	Smell\_Word	*	1-78	
1-75	369-370	/	_	_	_	
1-76	371-374	der	_	_	_	
1-77	375-380	immer	_	_	_	
1-78	381-389	gelinder	Quality	_	_	
1-79	391-394	iſt	_	_	_	
1-80	394-395	/	_	_	_	
1-81	400-401	[	_	_	_	
1-82	402-405	317	_	_	_	
1-83	405-406	/	_	_	_	
1-84	406-410	0335	_	_	_	
1-85	411-412	]	_	_	_	
1-86	413-420	Neuntes	_	_	_	
1-87	421-425	Buch	_	_	_	
1-88	425-426	/	_	_	_	
1-89	427-435	Mayerhof	_	_	_	
1-90	435-436	.	_	_	_	

#Text=iſt/ etlichemal/ biß man endlich nichts riechendes mehr
#Text=brauchet/ ſondern nur einen Menſchen/ der gar ſchwitzig
#Text=und erhitzt iſt/
#Text=deſſen Geruch der Hund bald empfinden
#Text=kan/ und der wird immer weiter und weiter gelaſſen/
#Text=biß
#Text=endlich der Hund aller/ auch der gelindeſten Spuhren
#Text=
#Text=
#Text=gewohnet/ wiewol (ſagt der Author) dabey zu mercken/
#Text=
#Text=daß ein Dieb/ wann er in dem Handel des Stehlens be-
#Text=griffen iſt/ wegen habender Sorge/ Forcht/ Vorſich-
#Text=tigkeit/ und anderer dergleichen Regungen/ eine groſſe
#Text=Aufwallung in ſich befindet/ deßwegen in ihm die Gei-
#Text=ſter viel ſtaͤrcker aushauchen/ und gantz andere Beſchaf-
#Text=fenheiten haben/ als andere gemeine Perſonen/ alſo
#Text=
#Text=daß ein Hund ſolche von deſſen Fußtritten hinterſtellige
#Text=ungemeine Theilungen/ zumal ſolche auch bey etwa vor-
#Text=gegangenem Lauffen des Diebes ſtaͤrcker und in groͤſſe-
#Text=
#Text=rer Menge
#Text=uͤberall an der Erden kleben bleiben/
#Text=gar
#Text=leichtlich vor andern riechen/ und denſelbigen nachgehen
#Text=kan.
2-1	440-443	iſt	_	_	_	
2-2	443-444	/	_	_	_	
2-3	445-455	etlichemal	_	_	_	
2-4	455-456	/	_	_	_	
2-5	457-460	biß	_	_	_	
2-6	461-464	man	_	_	_	
2-7	465-472	endlich	_	_	_	
2-8	473-479	nichts	Smell\_Source	_	_	
2-9	480-490	riechendes	Smell\_Word	*	2-8	
2-10	491-495	mehr	_	_	_	
2-11	496-504	brauchet	_	_	_	
2-12	504-505	/	_	_	_	
2-13	506-513	ſondern	_	_	_	
2-14	514-517	nur	_	_	_	
2-15	518-523	einen	Smell\_Source[5]	_	_	
2-16	524-532	Menſchen	Smell\_Source[5]	_	_	
2-17	532-533	/	Smell\_Source[5]	_	_	
2-18	534-537	der	Smell\_Source[5]	_	_	
2-19	538-541	gar	Smell\_Source[5]	_	_	
2-20	542-551	ſchwitzig	Smell\_Source[5]	_	_	
2-21	552-555	und	Smell\_Source[5]	_	_	
2-22	556-563	erhitzt	Smell\_Source[5]	_	_	
2-23	564-567	iſt	Smell\_Source[5]	_	_	
2-24	567-568	/	_	_	_	
2-25	569-575	deſſen	_	_	_	
2-26	576-582	Geruch	Smell\_Word	*|*	2-27[6_0]|2-15[5_0]	
2-27	583-586	der	Perceiver[6]	_	_	
2-28	587-591	Hund	Perceiver[6]	_	_	
2-29	592-596	bald	_	_	_	
2-30	597-606	empfinden	_	_	_	
2-31	607-610	kan	_	_	_	
2-32	610-611	/	_	_	_	
2-33	612-615	und	_	_	_	
2-34	616-619	der	_	_	_	
2-35	620-624	wird	_	_	_	
2-36	625-630	immer	_	_	_	
2-37	631-637	weiter	_	_	_	
2-38	638-641	und	_	_	_	
2-39	642-648	weiter	_	_	_	
2-40	649-657	gelaſſen	_	_	_	
2-41	657-658	/	_	_	_	
2-42	659-662	biß	_	_	_	
2-43	663-670	endlich	_	_	_	
2-44	671-674	der	_	_	_	
2-45	675-679	Hund	_	_	_	
2-46	680-685	aller	_	_	_	
2-47	685-686	/	_	_	_	
2-48	687-691	auch	_	_	_	
2-49	692-695	der	_	_	_	
2-50	696-707	gelindeſten	_	_	_	
2-51	708-715	Spuhren	_	_	_	
2-52	718-726	gewohnet	_	_	_	
2-53	726-727	/	_	_	_	
2-54	728-734	wiewol	_	_	_	
2-55	735-736	(	_	_	_	
2-56	736-740	ſagt	_	_	_	
2-57	741-744	der	_	_	_	
2-58	745-751	Author	_	_	_	
2-59	751-752	)	_	_	_	
2-60	753-758	dabey	_	_	_	
2-61	759-761	zu	_	_	_	
2-62	762-769	mercken	_	_	_	
2-63	769-770	/	_	_	_	
2-64	772-775	daß	_	_	_	
2-65	776-779	ein	_	_	_	
2-66	780-784	Dieb	_	_	_	
2-67	784-785	/	_	_	_	
2-68	786-790	wann	_	_	_	
2-69	791-793	er	_	_	_	
2-70	794-796	in	_	_	_	
2-71	797-800	dem	_	_	_	
2-72	801-807	Handel	_	_	_	
2-73	808-811	des	_	_	_	
2-74	812-820	Stehlens	_	_	_	
2-75	821-823	be	_	_	_	
2-76	823-824	-	_	_	_	
2-77	825-832	griffen	_	_	_	
2-78	833-836	iſt	_	_	_	
2-79	836-837	/	_	_	_	
2-80	838-843	wegen	_	_	_	
2-81	844-852	habender	_	_	_	
2-82	853-858	Sorge	_	_	_	
2-83	858-859	/	_	_	_	
2-84	860-866	Forcht	_	_	_	
2-85	866-867	/	_	_	_	
2-86	868-875	Vorſich	_	_	_	
2-87	875-876	-	_	_	_	
2-88	877-884	tigkeit	_	_	_	
2-89	884-885	/	_	_	_	
2-90	886-889	und	_	_	_	
2-91	890-897	anderer	_	_	_	
2-92	898-909	dergleichen	_	_	_	
2-93	910-918	Regungen	_	_	_	
2-94	918-919	/	_	_	_	
2-95	920-924	eine	_	_	_	
2-96	925-931	groſſe	_	_	_	
2-97	932-942	Aufwallung	_	_	_	
2-98	943-945	in	_	_	_	
2-99	946-950	ſich	_	_	_	
2-100	951-959	befindet	_	_	_	
2-101	959-960	/	_	_	_	
2-102	961-969	deßwegen	_	_	_	
2-103	970-972	in	_	_	_	
2-104	973-976	ihm	_	_	_	
2-105	977-980	die	_	_	_	
2-106	981-984	Gei	_	_	_	
2-107	984-985	-	_	_	_	
2-108	986-990	ſter	_	_	_	
2-109	991-995	viel	_	_	_	
2-110	996-1005	ſtaͤrcker	_	_	_	
2-111	1006-1016	aushauchen	_	_	_	
2-112	1016-1017	/	_	_	_	
2-113	1018-1021	und	_	_	_	
2-114	1022-1027	gantz	_	_	_	
2-115	1028-1034	andere	_	_	_	
2-116	1035-1042	Beſchaf	_	_	_	
2-117	1042-1043	-	_	_	_	
2-118	1044-1053	fenheiten	_	_	_	
2-119	1054-1059	haben	_	_	_	
2-120	1059-1060	/	_	_	_	
2-121	1061-1064	als	_	_	_	
2-122	1065-1071	andere	_	_	_	
2-123	1072-1079	gemeine	_	_	_	
2-124	1080-1088	Perſonen	_	_	_	
2-125	1088-1089	/	_	_	_	
2-126	1090-1094	alſo	_	_	_	
2-127	1096-1099	daß	_	_	_	
2-128	1100-1103	ein	Perceiver[7]	_	_	
2-129	1104-1108	Hund	Perceiver[7]	_	_	
2-130	1109-1115	ſolche	_	_	_	
2-131	1116-1119	von	_	_	_	
2-132	1120-1126	deſſen	_	_	_	
2-133	1127-1137	Fußtritten	Odour\_Carrier	_	_	
2-134	1138-1152	hinterſtellige	_	_	_	
2-135	1153-1162	ungemeine	_	_	_	
2-136	1163-1173	Theilungen	_	_	_	
2-137	1173-1174	/	_	_	_	
2-138	1175-1180	zumal	_	_	_	
2-139	1181-1187	ſolche	_	_	_	
2-140	1188-1192	auch	_	_	_	
2-141	1193-1196	bey	_	_	_	
2-142	1197-1201	etwa	_	_	_	
2-143	1202-1205	vor	_	_	_	
2-144	1205-1206	-	_	_	_	
2-145	1207-1217	gegangenem	_	_	_	
2-146	1218-1225	Lauffen	_	_	_	
2-147	1226-1229	des	Smell\_Source[8]	_	_	
2-148	1230-1236	Diebes	Smell\_Source[8]	_	_	
2-149	1237-1246	ſtaͤrcker	_	_	_	
2-150	1247-1250	und	_	_	_	
2-151	1251-1253	in	_	_	_	
2-152	1254-1261	groͤſſe	_	_	_	
2-153	1261-1262	-	_	_	_	
2-154	1264-1267	rer	_	_	_	
2-155	1268-1273	Menge	_	_	_	
2-156	1274-1282	uͤberall	_	_	_	
2-157	1283-1285	an	Location[9]	_	_	
2-158	1286-1289	der	Location[9]	_	_	
2-159	1290-1295	Erden	Location[9]	_	_	
2-160	1296-1302	kleben	_	_	_	
2-161	1303-1310	bleiben	_	_	_	
2-162	1310-1311	/	_	_	_	
2-163	1312-1315	gar	_	_	_	
2-164	1316-1326	leichtlich	_	_	_	
2-165	1327-1330	vor	_	_	_	
2-166	1331-1337	andern	_	_	_	
2-167	1338-1345	riechen	Smell\_Word	*|*|*|*|*	2-128[7_0]|2-170[10_0]|2-147[8_0]|2-133|2-157[9_0]	
2-168	1345-1346	/	_	_	_	
2-169	1347-1350	und	_	_	_	
2-170	1351-1362	denſelbigen	Effect[10]	_	_	
2-171	1363-1372	nachgehen	Effect[10]	_	_	
2-172	1373-1376	kan	Effect[10]	_	_	
2-173	1376-1377	.	_	_	_	
