#FORMAT=WebAnno TSV 3.3
#T_SP=custom.Span|label
#T_RL=custom.Relation|label|BT_custom.Span


#Text=muͤſſen
#Text=gedoͤrꝛet werden.
1-1	2-9	muͤſſen	_	_	_	
1-2	10-19	gedoͤrꝛet	_	_	_	
1-3	20-26	werden	_	_	_	
1-4	26-27	.	_	_	_	

#Text=Wenn man aber ſolche/ ſich ſelbs bewegen-
#Text=de/ und lebendige pulverkoͤrnlein/ welche an-
#Text=ders nichts als lebendig gewordener Wurm-
#Text=ſamen iſt/ ſtehen laßt/ und mit keinem Eſſig
#Text=beſprenget/
#Text=ſo wird auß einem jederen wuͤrm-
#Text=
#Text=lein bald darauff ein kleines fliegendes muͤck-
#Text=
#Text=lein/
#Text=welches/ da es etliche wenig tage frey
#Text=herumb geflogen/ endlich nach geaͤnderter
#Text=farbe todt dahin faͤllet.
2-1	29-33	Wenn	_	_	_	
2-2	34-37	man	_	_	_	
2-3	38-42	aber	_	_	_	
2-4	43-49	ſolche	_	_	_	
2-5	49-50	/	_	_	_	
2-6	51-55	ſich	_	_	_	
2-7	56-61	ſelbs	_	_	_	
2-8	62-69	bewegen	_	_	_	
2-9	69-70	-	_	_	_	
2-10	71-73	de	_	_	_	
2-11	73-74	/	_	_	_	
2-12	75-78	und	_	_	_	
2-13	79-88	lebendige	_	_	_	
2-14	89-104	pulverkoͤrnlein	_	_	_	
2-15	104-105	/	_	_	_	
2-16	106-112	welche	_	_	_	
2-17	113-115	an	_	_	_	
2-18	115-116	-	_	_	_	
2-19	117-121	ders	_	_	_	
2-20	122-128	nichts	_	_	_	
2-21	129-132	als	_	_	_	
2-22	133-141	lebendig	_	_	_	
2-23	142-152	gewordener	_	_	_	
2-24	153-157	Wurm	_	_	_	
2-25	157-158	-	_	_	_	
2-26	159-164	ſamen	_	_	_	
2-27	165-168	iſt	_	_	_	
2-28	168-169	/	_	_	_	
2-29	170-176	ſtehen	_	_	_	
2-30	177-181	laßt	_	_	_	
2-31	181-182	/	_	_	_	
2-32	183-186	und	_	_	_	
2-33	187-190	mit	_	_	_	
2-34	191-197	keinem	_	_	_	
2-35	198-203	Eſſig	_	_	_	
2-36	204-214	beſprenget	_	_	_	
2-37	214-215	/	_	_	_	
2-38	216-218	ſo	_	_	_	
2-39	219-223	wird	_	_	_	
2-40	224-227	auß	_	_	_	
2-41	228-233	einem	_	_	_	
2-42	234-241	jederen	_	_	_	
2-43	242-247	wuͤrm	_	_	_	
2-44	247-248	-	_	_	_	
2-45	250-254	lein	_	_	_	
2-46	255-259	bald	_	_	_	
2-47	260-267	darauff	_	_	_	
2-48	268-271	ein	_	_	_	
2-49	272-279	kleines	_	_	_	
2-50	280-290	fliegendes	_	_	_	
2-51	291-296	muͤck	_	_	_	
2-52	296-297	-	_	_	_	
2-53	299-303	lein	_	_	_	
2-54	303-304	/	_	_	_	
2-55	305-312	welches	_	_	_	
2-56	312-313	/	_	_	_	
2-57	314-316	da	_	_	_	
2-58	317-319	es	_	_	_	
2-59	320-327	etliche	_	_	_	
2-60	328-333	wenig	_	_	_	
2-61	334-338	tage	_	_	_	
2-62	339-343	frey	_	_	_	
2-63	344-350	herumb	_	_	_	
2-64	351-359	geflogen	_	_	_	
2-65	359-360	/	_	_	_	
2-66	361-368	endlich	_	_	_	
2-67	369-373	nach	_	_	_	
2-68	374-385	geaͤnderter	_	_	_	
2-69	386-391	farbe	_	_	_	
2-70	392-396	todt	_	_	_	
2-71	397-402	dahin	_	_	_	
2-72	403-410	faͤllet	_	_	_	
2-73	410-411	.	_	_	_	

#Text=Wenn die Beere von
#Text=allem pulver oder wurmſamen geſaͤuberet/
#Text=
#Text=ſo waſcht man ſie mit Wein/ legt ſie an die
#Text=Sonne/ und wenn ſie trocken/ thut ſie in ein
#Text=Sack/ reibt ſie darinnen wohl/
#Text=daß ſie glaͤn-
#Text=
#Text=tzend werden/ da ſie denn einen gantz liebli-
#Text=chen geruch von ſich geben.
3-1	412-416	Wenn	_	_	_	
3-2	417-420	die	_	_	_	
3-3	421-426	Beere	Smell\_Source	_	_	
3-4	427-430	von	_	_	_	
3-5	431-436	allem	_	_	_	
3-6	437-443	pulver	_	_	_	
3-7	444-448	oder	_	_	_	
3-8	449-458	wurmſamen	_	_	_	
3-9	459-470	geſaͤuberet	_	_	_	
3-10	470-471	/	_	_	_	
3-11	473-475	ſo	_	_	_	
3-12	476-482	waſcht	_	_	_	
3-13	483-486	man	_	_	_	
3-14	487-490	ſie	_	_	_	
3-15	491-494	mit	_	_	_	
3-16	495-499	Wein	_	_	_	
3-17	499-500	/	_	_	_	
3-18	501-505	legt	_	_	_	
3-19	506-509	ſie	_	_	_	
3-20	510-512	an	_	_	_	
3-21	513-516	die	_	_	_	
3-22	517-522	Sonne	_	_	_	
3-23	522-523	/	_	_	_	
3-24	524-527	und	_	_	_	
3-25	528-532	wenn	_	_	_	
3-26	533-536	ſie	_	_	_	
3-27	537-544	trocken	_	_	_	
3-28	544-545	/	_	_	_	
3-29	546-550	thut	Circumstances[1]	_	_	
3-30	551-554	ſie	Circumstances[1]	_	_	
3-31	555-557	in	Circumstances[1]	_	_	
3-32	558-561	ein	Circumstances[1]	_	_	
3-33	562-566	Sack	Circumstances[1]	_	_	
3-34	566-567	/	_	_	_	
3-35	568-573	reibt	Circumstances[2]	_	_	
3-36	574-577	ſie	Circumstances[2]	_	_	
3-37	578-586	darinnen	Circumstances[2]	_	_	
3-38	587-591	wohl	Circumstances[2]	_	_	
3-39	591-592	/	_	_	_	
3-40	593-596	daß	_	_	_	
3-41	597-600	ſie	_	_	_	
3-42	601-606	glaͤn	_	_	_	
3-43	606-607	-	_	_	_	
3-44	609-614	tzend	_	_	_	
3-45	615-621	werden	_	_	_	
3-46	621-622	/	_	_	_	
3-47	623-625	da	_	_	_	
3-48	626-629	ſie	_	_	_	
3-49	630-634	denn	_	_	_	
3-50	635-640	einen	_	_	_	
3-51	641-646	gantz	Quality[3]	_	_	
3-52	647-653	liebli	Quality[3]	_	_	
3-53	653-654	-	Quality[3]	_	_	
3-54	655-659	chen	Quality[3]	_	_	
3-55	660-666	geruch	Smell\_Word	*|*|*|*	3-3|3-29[1_0]|3-35[2_0]|3-51[3_0]	
3-56	667-670	von	_	_	_	
3-57	671-675	ſich	_	_	_	
3-58	676-681	geben	_	_	_	
3-59	681-682	.	_	_	_	

#Text=Mit ſolchem
#Text=pulver vermiſcht man obiges Wurmſamen-
#Text=pulver/ und faͤrbt Scharlach-roth damit.
4-1	683-686	Mit	_	_	_	
4-2	687-694	ſolchem	_	_	_	
4-3	695-701	pulver	_	_	_	
4-4	702-711	vermiſcht	_	_	_	
4-5	712-715	man	_	_	_	
4-6	716-722	obiges	_	_	_	
4-7	723-732	Wurmſamen	_	_	_	
4-8	732-733	-	_	_	_	
4-9	734-740	pulver	_	_	_	
4-10	740-741	/	_	_	_	
4-11	742-745	und	_	_	_	
4-12	746-752	faͤrbt	_	_	_	
4-13	753-767	Scharlach-roth	_	_	_	
4-14	768-773	damit	_	_	_	
4-15	773-774	.	_	_	_	

#Text=Von den Scharlachbeer wird die beruͤhm-
#Text=te Confectio Alkermes, oder Alkermes-Latt-
#Text=werg gemacht/ von denen Johannes Stepha-
#Text=nus Strobelbergerus und Laurentius Eichſta-
#Text=dius geſchrieben.
5-1	778-781	Von	_	_	_	
5-2	782-785	den	_	_	_	
5-3	786-799	Scharlachbeer	_	_	_	
5-4	800-804	wird	_	_	_	
5-5	805-808	die	_	_	_	
5-6	809-816	beruͤhm	_	_	_	
5-7	816-817	-	_	_	_	
5-8	818-820	te	_	_	_	
5-9	821-830	Confectio	_	_	_	
5-10	831-839	Alkermes	_	_	_	
5-11	839-840	,	_	_	_	
5-12	841-845	oder	_	_	_	
5-13	846-859	Alkermes-Latt	_	_	_	
5-14	859-860	-	_	_	_	
5-15	861-865	werg	_	_	_	
5-16	866-873	gemacht	_	_	_	
5-17	873-874	/	_	_	_	
5-18	875-878	von	_	_	_	
5-19	879-884	denen	_	_	_	
5-20	885-893	Johannes	_	_	_	
5-21	894-900	Stepha	_	_	_	
5-22	900-901	-	_	_	_	
5-23	902-905	nus	_	_	_	
5-24	906-921	Strobelbergerus	_	_	_	
5-25	922-925	und	_	_	_	
5-26	926-936	Laurentius	_	_	_	
5-27	937-944	Eichſta	_	_	_	
5-28	944-945	-	_	_	_	
5-29	946-950	dius	_	_	_	
5-30	951-962	geſchrieben	_	_	_	
5-31	962-963	.	_	_	_	

#Text=Welche mit Ambra und
#Text=Biſam zubereitet wird/ iſt den Maͤnnern
#Text=
#Text=dienlich/ die aber ohne Ambra und Biſam
#Text=gemacht worden/ ſollen die Weiber gebrau-
#Text=chen.
6-1	964-970	Welche	_	_	_	
6-2	971-974	mit	_	_	_	
6-3	975-980	Ambra	_	_	_	
6-4	981-984	und	_	_	_	
6-5	985-990	Biſam	_	_	_	
6-6	991-1001	zubereitet	_	_	_	
6-7	1002-1006	wird	_	_	_	
6-8	1006-1007	/	_	_	_	
6-9	1008-1011	iſt	_	_	_	
6-10	1012-1015	den	_	_	_	
6-11	1016-1024	Maͤnnern	_	_	_	
6-12	1026-1034	dienlich	_	_	_	
6-13	1034-1035	/	_	_	_	
6-14	1036-1039	die	_	_	_	
6-15	1040-1044	aber	_	_	_	
6-16	1045-1049	ohne	_	_	_	
6-17	1050-1055	Ambra	_	_	_	
6-18	1056-1059	und	_	_	_	
6-19	1060-1065	Biſam	_	_	_	
6-20	1066-1073	gemacht	_	_	_	
6-21	1074-1080	worden	_	_	_	
6-22	1080-1081	/	_	_	_	
6-23	1082-1088	ſollen	_	_	_	
6-24	1089-1092	die	_	_	_	
6-25	1093-1099	Weiber	_	_	_	
6-26	1100-1106	gebrau	_	_	_	
6-27	1106-1107	-	_	_	_	
6-28	1108-1112	chen	_	_	_	
6-29	1112-1113	.	_	_	_	

#Text=Diſe Lattwerg
#Text=ſtaͤrcket das Hertz/ und die
#Text=lebendigen Geiſter kraͤfftiglich/
#Text=daher ſtillet
#Text=ſie die Ohnmachten und das Hertz-klopffen.
7-1	1117-1121	Diſe	_	_	_	
7-2	1122-1130	Lattwerg	_	_	_	
7-3	1131-1140	ſtaͤrcket	_	_	_	
7-4	1141-1144	das	_	_	_	
7-5	1145-1150	Hertz	_	_	_	
7-6	1150-1151	/	_	_	_	
7-7	1152-1155	und	_	_	_	
7-8	1156-1159	die	_	_	_	
7-9	1160-1170	lebendigen	_	_	_	
7-10	1171-1178	Geiſter	_	_	_	
7-11	1179-1192	kraͤfftiglich	_	_	_	
7-12	1192-1193	/	_	_	_	
7-13	1194-1199	daher	_	_	_	
7-14	1200-1207	ſtillet	_	_	_	
7-15	1208-1211	ſie	_	_	_	
7-16	1212-1215	die	_	_	_	
7-17	1216-1226	Ohnmachten	_	_	_	
7-18	1227-1230	und	_	_	_	
7-19	1231-1234	das	_	_	_	
7-20	1235-1249	Hertz-klopffen	_	_	_	
7-21	1249-1250	.	_	_	_	
