#FORMAT=WebAnno TSV 3.3


#Text=25 Constituit quoque Levitas in domo Domini cum cymbalis, et psalteriis, et citharis secundum dispositionem David regis, et Gad videntis, et Nathan prophetæ : siquidem Domini præceptum fuit per manum prophetarum ejus.
#Text=26 Steteruntque Levitæ tenentes organa David, et sacerdotes tubas.
#Text=27 Et jussit Ezechias ut offerrent holocausta super altare : cumque offerrentur holocausta, cœperunt laudes canere Domino, et clangere tubis, atque in diversis organis quæ David rex Israël præparaverat, concrepare.
#Text=28 Omni autem turba adorante, cantores, et ii qui tenebant tubas, erant in officio suo donec compleretur holocaustum.
#Text=29 Cumque finita esset oblatio, incurvatus est rex, et omnes qui erant cum eo, et adoraverunt.
#Text=30 Præcepitque Ezechias et principes Levitis, ut laudarent Dominum sermonibus David, et Asaph videntis : qui laudaverunt eum magna lætitia, et incurvato genu adoraverunt.
#Text=31 Ezechias autem etiam hæc addidit : Implestis manus vestras Domino : accedite, et offerte victimas et laudes in domo Domini.
1-1	2-4	25	
1-2	5-15	Constituit	
1-3	16-22	quoque	
1-4	23-30	Levitas	
1-5	31-33	in	
1-6	34-38	domo	
1-7	39-45	Domini	
1-8	46-49	cum	
1-9	50-58	cymbalis	
1-10	58-59	,	
1-11	60-62	et	
1-12	63-73	psalteriis	
1-13	73-74	,	
1-14	75-77	et	
1-15	78-86	citharis	
1-16	87-95	secundum	
1-17	96-109	dispositionem	
1-18	110-115	David	
1-19	116-121	regis	
1-20	121-122	,	
1-21	123-125	et	
1-22	126-129	Gad	
1-23	130-138	videntis	
1-24	138-139	,	
1-25	140-142	et	
1-26	143-149	Nathan	
1-27	150-158	prophetæ	
1-28	159-160	:	
1-29	161-169	siquidem	
1-30	170-176	Domini	
1-31	177-186	præceptum	
1-32	187-191	fuit	
1-33	192-195	per	
1-34	196-201	manum	
1-35	202-213	prophetarum	
1-36	214-218	ejus	
1-37	218-219	.	
1-38	220-222	26	
1-39	223-235	Steteruntque	
1-40	236-242	Levitæ	
1-41	243-251	tenentes	
1-42	252-258	organa	
1-43	259-264	David	
1-44	264-265	,	
1-45	266-268	et	
1-46	269-279	sacerdotes	
1-47	280-285	tubas	
1-48	285-286	.	
1-49	287-289	27	
1-50	290-292	Et	
1-51	293-299	jussit	
1-52	300-308	Ezechias	
1-53	309-311	ut	
1-54	312-321	offerrent	
1-55	322-332	holocausta	
1-56	333-338	super	
1-57	339-345	altare	
1-58	346-347	:	
1-59	348-354	cumque	
1-60	355-366	offerrentur	
1-61	367-377	holocausta	
1-62	377-378	,	
1-63	379-387	cœperunt	
1-64	388-394	laudes	
1-65	395-401	canere	
1-66	402-408	Domino	
1-67	408-409	,	
1-68	410-412	et	
1-69	413-421	clangere	
1-70	422-427	tubis	
1-71	427-428	,	
1-72	429-434	atque	
1-73	435-437	in	
1-74	438-446	diversis	
1-75	447-454	organis	
1-76	455-458	quæ	
1-77	459-464	David	
1-78	465-468	rex	
1-79	469-475	Israël	
1-80	476-488	præparaverat	
1-81	488-489	,	
1-82	490-500	concrepare	
1-83	500-501	.	
1-84	502-504	28	
1-85	505-509	Omni	
1-86	510-515	autem	
1-87	516-521	turba	
1-88	522-530	adorante	
1-89	530-531	,	
1-90	532-540	cantores	
1-91	540-541	,	
1-92	542-544	et	
1-93	545-547	ii	
1-94	548-551	qui	
1-95	552-560	tenebant	
1-96	561-566	tubas	
1-97	566-567	,	
1-98	568-573	erant	
1-99	574-576	in	
1-100	577-584	officio	
1-101	585-588	suo	
1-102	589-594	donec	
1-103	595-606	compleretur	
1-104	607-618	holocaustum	
1-105	618-619	.	
1-106	620-622	29	
1-107	623-629	Cumque	
1-108	630-636	finita	
1-109	637-642	esset	
1-110	643-650	oblatio	
1-111	650-651	,	
1-112	652-662	incurvatus	
1-113	663-666	est	
1-114	667-670	rex	
1-115	670-671	,	
1-116	672-674	et	
1-117	675-680	omnes	
1-118	681-684	qui	
1-119	685-690	erant	
1-120	691-694	cum	
1-121	695-697	eo	
1-122	697-698	,	
1-123	699-701	et	
1-124	702-713	adoraverunt	
1-125	713-714	.	
1-126	715-717	30	
1-127	718-729	Præcepitque	
1-128	730-738	Ezechias	
1-129	739-741	et	
1-130	742-751	principes	
1-131	752-759	Levitis	
1-132	759-760	,	
1-133	761-763	ut	
1-134	764-773	laudarent	
1-135	774-781	Dominum	
1-136	782-792	sermonibus	
1-137	793-798	David	
1-138	798-799	,	
1-139	800-802	et	
1-140	803-808	Asaph	
1-141	809-817	videntis	
1-142	818-819	:	
1-143	820-823	qui	
1-144	824-835	laudaverunt	
1-145	836-839	eum	
1-146	840-845	magna	
1-147	846-853	lætitia	
1-148	853-854	,	
1-149	855-857	et	
1-150	858-867	incurvato	
1-151	868-872	genu	
1-152	873-884	adoraverunt	
1-153	884-885	.	
1-154	886-888	31	
1-155	889-897	Ezechias	
1-156	898-903	autem	
1-157	904-909	etiam	
1-158	910-913	hæc	
1-159	914-921	addidit	
1-160	922-923	:	
1-161	924-933	Implestis	
1-162	934-939	manus	
1-163	940-947	vestras	
1-164	948-954	Domino	
1-165	955-956	:	
1-166	957-965	accedite	
1-167	965-966	,	
1-168	967-969	et	
1-169	970-977	offerte	
1-170	978-986	victimas	
1-171	987-989	et	
1-172	990-996	laudes	
1-173	997-999	in	
1-174	1000-1004	domo	
1-175	1005-1011	Domini	
1-176	1011-1012	.	

#Text=Obtulit ergo universa multitudo hostias, et laudes, et holocausta, mente devota.
#Text=32 Porro numerus holocaustorum quæ obtulit multitudo, hic fuit : tauros septuaginta, arietes centum, agnos ducentos.
#Text=33 Sanctificaveruntque Domino boves sexcentos, et oves tria millia.
#Text=34 Sacerdotes vero pauci erant, nec poterant sufficere ut pelles holocaustorum detraherent : unde et Levitæ fratres eorum adjuverunt eos, donec impleretur opus, et sanctificarentur antistites : Levitæ quippe faciliori ritu sanctificantur quam sacerdotes.
#Text=35 Fuerunt ergo holocausta plurima, adipes pacificorum, et libamina holocaustorum : et completus est cultus domus Domini.
#Text=36 Lætatusque est Ezechias et omnis populus, eo quod ministerium Domini esset expletum : de repente quippe hoc fieri placuerat.
2-1	1013-1020	Obtulit	
2-2	1021-1025	ergo	
2-3	1026-1034	universa	
2-4	1035-1044	multitudo	
2-5	1045-1052	hostias	
2-6	1052-1053	,	
2-7	1054-1056	et	
2-8	1057-1063	laudes	
2-9	1063-1064	,	
2-10	1065-1067	et	
2-11	1068-1078	holocausta	
2-12	1078-1079	,	
2-13	1080-1085	mente	
2-14	1086-1092	devota	
2-15	1092-1093	.	
2-16	1094-1096	32	
2-17	1097-1102	Porro	
2-18	1103-1110	numerus	
2-19	1111-1124	holocaustorum	
2-20	1125-1128	quæ	
2-21	1129-1136	obtulit	
2-22	1137-1146	multitudo	
2-23	1146-1147	,	
2-24	1148-1151	hic	
2-25	1152-1156	fuit	
2-26	1157-1158	:	
2-27	1159-1165	tauros	
2-28	1166-1177	septuaginta	
2-29	1177-1178	,	
2-30	1179-1186	arietes	
2-31	1187-1193	centum	
2-32	1193-1194	,	
2-33	1195-1200	agnos	
2-34	1201-1209	ducentos	
2-35	1209-1210	.	
2-36	1211-1213	33	
2-37	1214-1233	Sanctificaveruntque	
2-38	1234-1240	Domino	
2-39	1241-1246	boves	
2-40	1247-1256	sexcentos	
2-41	1256-1257	,	
2-42	1258-1260	et	
2-43	1261-1265	oves	
2-44	1266-1270	tria	
2-45	1271-1277	millia	
2-46	1277-1278	.	
2-47	1279-1281	34	
2-48	1282-1292	Sacerdotes	
2-49	1293-1297	vero	
2-50	1298-1303	pauci	
2-51	1304-1309	erant	
2-52	1309-1310	,	
2-53	1311-1314	nec	
2-54	1315-1323	poterant	
2-55	1324-1333	sufficere	
2-56	1334-1336	ut	
2-57	1337-1343	pelles	
2-58	1344-1357	holocaustorum	
2-59	1358-1369	detraherent	
2-60	1370-1371	:	
2-61	1372-1376	unde	
2-62	1377-1379	et	
2-63	1380-1386	Levitæ	
2-64	1387-1394	fratres	
2-65	1395-1400	eorum	
2-66	1401-1411	adjuverunt	
2-67	1412-1415	eos	
2-68	1415-1416	,	
2-69	1417-1422	donec	
2-70	1423-1433	impleretur	
2-71	1434-1438	opus	
2-72	1438-1439	,	
2-73	1440-1442	et	
2-74	1443-1459	sanctificarentur	
2-75	1460-1470	antistites	
2-76	1471-1472	:	
2-77	1473-1479	Levitæ	
2-78	1480-1486	quippe	
2-79	1487-1496	faciliori	
2-80	1497-1501	ritu	
2-81	1502-1516	sanctificantur	
2-82	1517-1521	quam	
2-83	1522-1532	sacerdotes	
2-84	1532-1533	.	
2-85	1534-1536	35	
2-86	1537-1544	Fuerunt	
2-87	1545-1549	ergo	
2-88	1550-1560	holocausta	
2-89	1561-1568	plurima	
2-90	1568-1569	,	
2-91	1570-1576	adipes	
2-92	1577-1588	pacificorum	
2-93	1588-1589	,	
2-94	1590-1592	et	
2-95	1593-1601	libamina	
2-96	1602-1615	holocaustorum	
2-97	1616-1617	:	
2-98	1618-1620	et	
2-99	1621-1630	completus	
2-100	1631-1634	est	
2-101	1635-1641	cultus	
2-102	1642-1647	domus	
2-103	1648-1654	Domini	
2-104	1654-1655	.	
2-105	1656-1658	36	
2-106	1659-1669	Lætatusque	
2-107	1670-1673	est	
2-108	1674-1682	Ezechias	
2-109	1683-1685	et	
2-110	1686-1691	omnis	
2-111	1692-1699	populus	
2-112	1699-1700	,	
2-113	1701-1703	eo	
2-114	1704-1708	quod	
2-115	1709-1720	ministerium	
2-116	1721-1727	Domini	
2-117	1728-1733	esset	
2-118	1734-1742	expletum	
2-119	1743-1744	:	
2-120	1745-1747	de	
2-121	1748-1755	repente	
2-122	1756-1762	quippe	
2-123	1763-1766	hoc	
2-124	1767-1772	fieri	
2-125	1773-1782	placuerat	
2-126	1782-1783	.	

#Text=Caput 30
#Text=
#Text=
#Text=1 Misit quoque Ezechias ad omnem Israël et Judam : scripsitque epistolas ad Ephraim et Manassen ut venirent ad domum Domini in Jerusalem, et facerent Phase Domino Deo Israël.
#Text=2 Inito ergo consilio regis et principum, et universi cœtus Jerusalem, decreverunt ut facerent Phase mense secundo.
#Text=3 Non enim potuerant facere in tempore suo, quia sacerdotes qui possent sufficere, sanctificati non fuerant, et populus nondum congregatus fuerat in Jerusalem.
#Text=4 Placuitque sermo regi, et omni multitudini.
#Text=5 Et decreverunt ut mitterent nuntios in universum Israël, de Bersabee usque Dan, ut venirent, et facerent Phase Domino Deo Israël in Jerusalem : multi enim non fecerant sicut lege præscriptum est.
#Text=6 Perrexeruntque cursores cum epistolis ex regis imperio, et principum ejus, in universum Israël et Judam, juxta id quod rex jusserat, prædicantes : Filii Israël, revertimini ad Dominum Deum Abraham, et Isaac, et Israël : et revertetur ad reliquias quæ effugerunt manum regis Assyriorum.
#Text=7 Nolite fieri sicut patres vestri et fratres, qui recesserunt a Domino Deo patrum suorum, qui tradidit eos in interitum, ut ipsi cernitis.
3-1	1784-1789	Caput	
3-2	1790-1792	30	
3-3	1795-1796	1	
3-4	1797-1802	Misit	
3-5	1803-1809	quoque	
3-6	1810-1818	Ezechias	
3-7	1819-1821	ad	
3-8	1822-1827	omnem	
3-9	1828-1834	Israël	
3-10	1835-1837	et	
3-11	1838-1843	Judam	
3-12	1844-1845	:	
3-13	1846-1857	scripsitque	
3-14	1858-1867	epistolas	
3-15	1868-1870	ad	
3-16	1871-1878	Ephraim	
3-17	1879-1881	et	
3-18	1882-1890	Manassen	
3-19	1891-1893	ut	
3-20	1894-1902	venirent	
3-21	1903-1905	ad	
3-22	1906-1911	domum	
3-23	1912-1918	Domini	
3-24	1919-1921	in	
3-25	1922-1931	Jerusalem	
3-26	1931-1932	,	
3-27	1933-1935	et	
3-28	1936-1944	facerent	
3-29	1945-1950	Phase	
3-30	1951-1957	Domino	
3-31	1958-1961	Deo	
3-32	1962-1968	Israël	
3-33	1968-1969	.	
3-34	1970-1971	2	
3-35	1972-1977	Inito	
3-36	1978-1982	ergo	
3-37	1983-1991	consilio	
3-38	1992-1997	regis	
3-39	1998-2000	et	
3-40	2001-2010	principum	
3-41	2010-2011	,	
3-42	2012-2014	et	
3-43	2015-2023	universi	
3-44	2024-2029	cœtus	
3-45	2030-2039	Jerusalem	
3-46	2039-2040	,	
3-47	2041-2052	decreverunt	
3-48	2053-2055	ut	
3-49	2056-2064	facerent	
3-50	2065-2070	Phase	
3-51	2071-2076	mense	
3-52	2077-2084	secundo	
3-53	2084-2085	.	
3-54	2086-2087	3	
3-55	2088-2091	Non	
3-56	2092-2096	enim	
3-57	2097-2106	potuerant	
3-58	2107-2113	facere	
3-59	2114-2116	in	
3-60	2117-2124	tempore	
3-61	2125-2128	suo	
3-62	2128-2129	,	
3-63	2130-2134	quia	
3-64	2135-2145	sacerdotes	
3-65	2146-2149	qui	
3-66	2150-2157	possent	
3-67	2158-2167	sufficere	
3-68	2167-2168	,	
3-69	2169-2181	sanctificati	
3-70	2182-2185	non	
3-71	2186-2193	fuerant	
3-72	2193-2194	,	
3-73	2195-2197	et	
3-74	2198-2205	populus	
3-75	2206-2212	nondum	
3-76	2213-2224	congregatus	
3-77	2225-2231	fuerat	
3-78	2232-2234	in	
3-79	2235-2244	Jerusalem	
3-80	2244-2245	.	
3-81	2246-2247	4	
3-82	2248-2258	Placuitque	
3-83	2259-2264	sermo	
3-84	2265-2269	regi	
3-85	2269-2270	,	
3-86	2271-2273	et	
3-87	2274-2278	omni	
3-88	2279-2290	multitudini	
3-89	2290-2291	.	
3-90	2292-2293	5	
3-91	2294-2296	Et	
3-92	2297-2308	decreverunt	
3-93	2309-2311	ut	
3-94	2312-2321	mitterent	
3-95	2322-2329	nuntios	
3-96	2330-2332	in	
3-97	2333-2342	universum	
3-98	2343-2349	Israël	
3-99	2349-2350	,	
3-100	2351-2353	de	
3-101	2354-2362	Bersabee	
3-102	2363-2368	usque	
3-103	2369-2372	Dan	
3-104	2372-2373	,	
3-105	2374-2376	ut	
3-106	2377-2385	venirent	
3-107	2385-2386	,	
3-108	2387-2389	et	
3-109	2390-2398	facerent	
3-110	2399-2404	Phase	
3-111	2405-2411	Domino	
3-112	2412-2415	Deo	
3-113	2416-2422	Israël	
3-114	2423-2425	in	
3-115	2426-2435	Jerusalem	
3-116	2436-2437	:	
3-117	2438-2443	multi	
3-118	2444-2448	enim	
3-119	2449-2452	non	
3-120	2453-2461	fecerant	
3-121	2462-2467	sicut	
3-122	2468-2472	lege	
3-123	2473-2484	præscriptum	
3-124	2485-2488	est	
3-125	2488-2489	.	
3-126	2490-2491	6	
3-127	2492-2506	Perrexeruntque	
3-128	2507-2515	cursores	
3-129	2516-2519	cum	
3-130	2520-2529	epistolis	
3-131	2530-2532	ex	
3-132	2533-2538	regis	
3-133	2539-2546	imperio	
3-134	2546-2547	,	
3-135	2548-2550	et	
3-136	2551-2560	principum	
3-137	2561-2565	ejus	
3-138	2565-2566	,	
3-139	2567-2569	in	
3-140	2570-2579	universum	
3-141	2580-2586	Israël	
3-142	2587-2589	et	
3-143	2590-2595	Judam	
3-144	2595-2596	,	
3-145	2597-2602	juxta	
3-146	2603-2605	id	
3-147	2606-2610	quod	
3-148	2611-2614	rex	
3-149	2615-2623	jusserat	
3-150	2623-2624	,	
3-151	2625-2636	prædicantes	
3-152	2637-2638	:	
3-153	2639-2644	Filii	
3-154	2645-2651	Israël	
3-155	2651-2652	,	
3-156	2653-2664	revertimini	
3-157	2665-2667	ad	
3-158	2668-2675	Dominum	
3-159	2676-2680	Deum	
3-160	2681-2688	Abraham	
3-161	2688-2689	,	
3-162	2690-2692	et	
3-163	2693-2698	Isaac	
3-164	2698-2699	,	
3-165	2700-2702	et	
3-166	2703-2709	Israël	
3-167	2710-2711	:	
3-168	2712-2714	et	
3-169	2715-2725	revertetur	
3-170	2726-2728	ad	
3-171	2729-2738	reliquias	
3-172	2739-2742	quæ	
3-173	2743-2753	effugerunt	
3-174	2754-2759	manum	
3-175	2760-2765	regis	
3-176	2766-2776	Assyriorum	
3-177	2776-2777	.	
3-178	2778-2779	7	
3-179	2780-2786	Nolite	
3-180	2787-2792	fieri	
3-181	2793-2798	sicut	
3-182	2799-2805	patres	
3-183	2806-2812	vestri	
3-184	2813-2815	et	
3-185	2816-2823	fratres	
3-186	2823-2824	,	
3-187	2825-2828	qui	
3-188	2829-2840	recesserunt	
3-189	2841-2842	a	
3-190	2843-2849	Domino	
3-191	2850-2853	Deo	
3-192	2854-2860	patrum	
3-193	2861-2867	suorum	
3-194	2867-2868	,	
3-195	2869-2872	qui	
3-196	2873-2881	tradidit	
3-197	2882-2885	eos	
3-198	2886-2888	in	
3-199	2889-2898	interitum	
3-200	2898-2899	,	
3-201	2900-2902	ut	
3-202	2903-2907	ipsi	
3-203	2908-2916	cernitis	
3-204	2916-2917	.	
