#FORMAT=WebAnno TSV 3.3


#Text=, en den 
#Text=Schipper
#Text=te vraagen, of hy ook eenige Spanjaarden, Genueezen, of Portugeezen, 
#Text=of hunne goederen inheeft, en zal de schipper de zelve goederen of persoonen, 
#Text=aan den voorzeiden kaaper moeten overleveren;
#Text=mits hem zyne vracht betaalende,
#Text=
#Text=
#Text='t verdragh, raakende het onderzoeken hunner scheepen en 't uitlichten der onvrye 
#Text=goederen.
1-1	2-3	,	
1-2	4-6	en	
1-3	7-10	den	
1-4	12-20	Schipper	
1-5	21-23	te	
1-6	24-31	vraagen	
1-7	31-32	,	
1-8	33-35	of	
1-9	36-38	hy	
1-10	39-42	ook	
1-11	43-49	eenige	
1-12	50-61	Spanjaarden	
1-13	61-62	,	
1-14	63-72	Genueezen	
1-15	72-73	,	
1-16	74-76	of	
1-17	77-88	Portugeezen	
1-18	88-89	,	
1-19	91-93	of	
1-20	94-99	hunne	
1-21	100-108	goederen	
1-22	109-116	inheeft	
1-23	116-117	,	
1-24	118-120	en	
1-25	121-124	zal	
1-26	125-127	de	
1-27	128-136	schipper	
1-28	137-139	de	
1-29	140-145	zelve	
1-30	146-154	goederen	
1-31	155-157	of	
1-32	158-167	persoonen	
1-33	167-168	,	
1-34	170-173	aan	
1-35	174-177	den	
1-36	178-188	voorzeiden	
1-37	189-195	kaaper	
1-38	196-202	moeten	
1-39	203-214	overleveren	
1-40	214-215	;	
1-41	216-220	mits	
1-42	221-224	hem	
1-43	225-229	zyne	
1-44	230-236	vracht	
1-45	237-247	betaalende	
1-46	247-248	,	
1-47	251-252	'	
1-48	252-253	t	
1-49	254-262	verdragh	
1-50	262-263	,	
1-51	264-272	raakende	
1-52	273-276	het	
1-53	277-288	onderzoeken	
1-54	289-295	hunner	
1-55	296-304	scheepen	
1-56	305-307	en	
1-57	308-309	'	
1-58	309-310	t	
1-59	311-321	uitlichten	
1-60	322-325	der	
1-61	326-332	onvrye	
1-62	334-342	goederen	
1-63	342-343	.	

#Text=maar de voorschreeve kaapers zullen den, Schipper, of zyn volk, niet met stokken, 
#Text=dreigementen, of slaagen, moogen dwingen om zulks te zeggen.
2-1	347-351	maar	
2-2	352-354	de	
2-3	355-367	voorschreeve	
2-4	368-375	kaapers	
2-5	376-382	zullen	
2-6	383-386	den	
2-7	386-387	,	
2-8	388-396	Schipper	
2-9	396-397	,	
2-10	398-400	of	
2-11	401-404	zyn	
2-12	405-409	volk	
2-13	409-410	,	
2-14	411-415	niet	
2-15	416-419	met	
2-16	420-427	stokken	
2-17	427-428	,	
2-18	430-442	dreigementen	
2-19	442-443	,	
2-20	444-446	of	
2-21	447-454	slaagen	
2-22	454-455	,	
2-23	456-462	moogen	
2-24	463-470	dwingen	
2-25	471-473	om	
2-26	474-479	zulks	
2-27	480-482	te	
2-28	483-489	zeggen	
2-29	489-490	.	

#Text=Die van Algiers 
#Text=verzochten, dat men dat verdragh zou aanneemen, en hun den dertienden der
#Text=maandt be-
#Text=
#Text=
#Text=
#Text=
#Text=
#Text=
#Text=
#Text=scheidt +laaten weeten.
3-1	491-494	Die	
3-2	495-498	van	
3-3	499-506	Algiers	
3-4	508-518	verzochten	
3-5	518-519	,	
3-6	520-523	dat	
3-7	524-527	men	
3-8	528-531	dat	
3-9	532-540	verdragh	
3-10	541-544	zou	
3-11	545-554	aanneemen	
3-12	554-555	,	
3-13	556-558	en	
3-14	559-562	hun	
3-15	563-566	den	
3-16	567-577	dertienden	
3-17	578-581	der	
3-18	582-588	maandt	
3-19	589-591	be	
3-20	591-592	-	
3-21	600-607	scheidt	
3-22	608-609	+	
3-23	609-615	laaten	
3-24	616-622	weeten	
3-25	622-623	.	

#Text=De Ruiter liet het terstondt uit het Turks in 't Nederduitsch 
#Text=vertaalen, en zondt eenige afschriften aan de Heeren Staaten.
4-1	624-626	De	
4-2	627-633	Ruiter	
4-3	634-638	liet	
4-4	639-642	het	
4-5	643-652	terstondt	
4-6	653-656	uit	
4-7	657-660	het	
4-8	661-666	Turks	
4-9	667-669	in	
4-10	670-671	'	
4-11	671-672	t	
4-12	673-685	Nederduitsch	
4-13	687-696	vertaalen	
4-14	696-697	,	
4-15	698-700	en	
4-16	701-706	zondt	
4-17	707-713	eenige	
4-18	714-725	afschriften	
4-19	726-729	aan	
4-20	730-732	de	
4-21	733-739	Heeren	
4-22	740-747	Staaten	
4-23	747-748	.	

#Text=Doch aan de 
#Text=Douane of hooge Regeering van Algiers schreef hy den dertienden den volgenden
#Text=
#Text=brief,
#Text=
#Text=[13 Juli 1662
#Text=]
#Text=
#Text=
#Text=Doorluchtige, hooghgeboore Heeren,
#Text=
#Text=+
#Text=Ik bedank uwe
#Text=Doorluchtigheden voor de gunst, my door 't overleveren van de 
#Text=vreedepunten, onlangs tusschen
#Text=den Koning van Engelandt en uw 
#Text=Doorluchtigheden geslooten;
#Text=beweezen:
#Text=welk verdragh ik met myne
#Text=Krygsraaden
#Text=
#Text=wel heb overwoogen.
5-1	749-753	Doch	
5-2	754-757	aan	
5-3	758-760	de	
5-4	762-768	Douane	
5-5	769-771	of	
5-6	772-777	hooge	
5-7	778-787	Regeering	
5-8	788-791	van	
5-9	792-799	Algiers	
5-10	800-807	schreef	
5-11	808-810	hy	
5-12	811-814	den	
5-13	815-825	dertienden	
5-14	826-829	den	
5-15	830-839	volgenden	
5-16	841-846	brief	
5-17	846-847	,	
5-18	849-850	[	
5-19	850-852	13	
5-20	853-857	Juli	
5-21	858-862	1662	
5-22	863-864	]	
5-23	867-879	Doorluchtige	
5-24	879-880	,	
5-25	881-893	hooghgeboore	
5-26	894-900	Heeren	
5-27	900-901	,	
5-28	903-904	+	
5-29	905-907	Ik	
5-30	908-914	bedank	
5-31	915-918	uwe	
5-32	919-935	Doorluchtigheden	
5-33	936-940	voor	
5-34	941-943	de	
5-35	944-949	gunst	
5-36	949-950	,	
5-37	951-953	my	
5-38	954-958	door	
5-39	959-960	'	
5-40	960-961	t	
5-41	962-973	overleveren	
5-42	974-977	van	
5-43	978-980	de	
5-44	982-994	vreedepunten	
5-45	994-995	,	
5-46	996-1003	onlangs	
5-47	1004-1012	tusschen	
5-48	1013-1016	den	
5-49	1017-1023	Koning	
5-50	1024-1027	van	
5-51	1028-1037	Engelandt	
5-52	1038-1040	en	
5-53	1041-1043	uw	
5-54	1045-1061	Doorluchtigheden	
5-55	1062-1071	geslooten	
5-56	1071-1072	;	
5-57	1073-1081	beweezen	
5-58	1081-1082	:	
5-59	1083-1087	welk	
5-60	1088-1096	verdragh	
5-61	1097-1099	ik	
5-62	1100-1103	met	
5-63	1104-1108	myne	
5-64	1109-1120	Krygsraaden	
5-65	1122-1125	wel	
5-66	1126-1129	heb	
5-67	1130-1140	overwoogen	
5-68	1140-1141	.	

#Text=Doch lettende op het zevende +punt, en daar by ziende, 
#Text=dat d'Engelschen het onderzoek der scheepen en 't uit lichten der goederen, die 
#Text=d'uwen verboode of onvrye noemen, onderworpen zyn, moet ik uwe Doorl.
#Text=bekent 
#Text=maaken, dat hunne Hoog.
6-1	1142-1146	Doch	
6-2	1147-1155	lettende	
6-3	1156-1158	op	
6-4	1159-1162	het	
6-5	1163-1170	zevende	
6-6	1171-1172	+	
6-7	1172-1176	punt	
6-8	1176-1177	,	
6-9	1178-1180	en	
6-10	1181-1185	daar	
6-11	1186-1188	by	
6-12	1189-1195	ziende	
6-13	1195-1196	,	
6-14	1198-1201	dat	
6-15	1202-1214	d'Engelschen	
6-16	1215-1218	het	
6-17	1219-1228	onderzoek	
6-18	1229-1232	der	
6-19	1233-1241	scheepen	
6-20	1242-1244	en	
6-21	1245-1246	'	
6-22	1246-1247	t	
6-23	1248-1251	uit	
6-24	1252-1259	lichten	
6-25	1260-1263	der	
6-26	1264-1272	goederen	
6-27	1272-1273	,	
6-28	1274-1277	die	
6-29	1279-1285	d'uwen	
6-30	1286-1294	verboode	
6-31	1295-1297	of	
6-32	1298-1304	onvrye	
6-33	1305-1311	noemen	
6-34	1311-1312	,	
6-35	1313-1324	onderworpen	
6-36	1325-1328	zyn	
6-37	1328-1329	,	
6-38	1330-1334	moet	
6-39	1335-1337	ik	
6-40	1338-1341	uwe	
6-41	1342-1347	Doorl	
6-42	1347-1348	.	
6-43	1349-1355	bekent	
6-44	1357-1363	maaken	
6-45	1363-1364	,	
6-46	1365-1368	dat	
6-47	1369-1374	hunne	
6-48	1375-1379	Hoog	
6-49	1379-1380	.	
