#FORMAT=WebAnno TSV 3.3
#T_SP=custom.Span|label
#T_RL=custom.Relation|label|BT_custom.Span


#Text=Sie behauptet, 
#Text=von einem Reitknecht in ihrem 7.
1-1	0-3	Sie	_	_	_	
1-2	4-13	behauptet	_	_	_	
1-3	13-14	,	_	_	_	
1-4	16-19	von	_	_	_	
1-5	20-25	einem	_	_	_	
1-6	26-36	Reitknecht	_	_	_	
1-7	37-39	in	_	_	_	
1-8	40-45	ihrem	_	_	_	
1-9	46-47	7	_	_	_	
1-10	47-48	.	_	_	_	

#Text=Lebensjahre sehr oft gereizt worden zu 
#Text=sein.
2-1	49-60	Lebensjahre	_	_	_	
2-2	61-65	sehr	_	_	_	
2-3	66-69	oft	_	_	_	
2-4	70-77	gereizt	_	_	_	
2-5	78-84	worden	_	_	_	
2-6	85-87	zu	_	_	_	
2-7	89-93	sein	_	_	_	
2-8	93-94	.	_	_	_	

#Text=Sie kam oft in den Stall und er setzte sie aufs Pferd.
3-1	95-98	Sie	_	_	_	
3-2	99-102	kam	_	_	_	
3-3	103-106	oft	_	_	_	
3-4	107-109	in	_	_	_	
3-5	110-113	den	_	_	_	
3-6	114-119	Stall	_	_	_	
3-7	120-123	und	_	_	_	
3-8	124-126	er	_	_	_	
3-9	127-133	setzte	_	_	_	
3-10	134-137	sie	_	_	_	
3-11	138-142	aufs	_	_	_	
3-12	143-148	Pferd	_	_	_	
3-13	148-149	.	_	_	_	

#Text=Später spielte 
#Text=er an ihren Genitalien.
4-1	150-156	Später	_	_	_	
4-2	157-164	spielte	_	_	_	
4-3	166-168	er	_	_	_	
4-4	169-171	an	_	_	_	
4-5	172-177	ihren	_	_	_	
4-6	178-188	Genitalien	_	_	_	
4-7	188-189	.	_	_	_	

#Text=Das Erinnerungsbild ist wohl unauslöschlich ein- 
#Text=gegraben und verlangt nach Wiederholung.
5-1	190-193	Das	_	_	_	
5-2	194-209	Erinnerungsbild	_	_	_	
5-3	210-213	ist	_	_	_	
5-4	214-218	wohl	_	_	_	
5-5	219-233	unauslöschlich	_	_	_	
5-6	234-237	ein	_	_	_	
5-7	237-238	-	_	_	_	
5-8	240-248	gegraben	_	_	_	
5-9	249-252	und	_	_	_	
5-10	253-261	verlangt	_	_	_	
5-11	262-266	nach	_	_	_	
5-12	267-279	Wiederholung	_	_	_	
5-13	279-280	.	_	_	_	

#Text=Sie besitzt eine ganze Sammlung
#Text=
#Text=von Lederflecken, die sie aus alten Stiefeln herausgeschnitten hat.
6-1	281-284	Sie	_	_	_	
6-2	285-292	besitzt	_	_	_	
6-3	293-297	eine	_	_	_	
6-4	298-303	ganze	_	_	_	
6-5	304-312	Sammlung	_	_	_	
6-6	314-317	von	_	_	_	
6-7	318-330	Lederflecken	_	_	_	
6-8	330-331	,	_	_	_	
6-9	332-335	die	_	_	_	
6-10	336-339	sie	_	_	_	
6-11	340-343	aus	_	_	_	
6-12	344-349	alten	_	_	_	
6-13	350-358	Stiefeln	_	_	_	
6-14	359-376	herausgeschnitten	_	_	_	
6-15	377-380	hat	_	_	_	
6-16	380-381	.	_	_	_	

#Text=Magnus Hirschfeld (Sexualpathologie, III.
7-1	385-391	Magnus	_	_	_	
7-2	392-402	Hirschfeld	_	_	_	
7-3	403-404	(	_	_	_	
7-4	404-420	Sexualpathologie	_	_	_	
7-5	420-421	,	_	_	_	
7-6	422-425	III	_	_	_	
7-7	425-426	.	_	_	_	

#Text=Teil) berichtet über 
#Text=einen ähnlichen Fall: 
#Text=
#Text=Fall Nr. 36.
8-1	427-431	Teil	_	_	_	
8-2	431-432	)	_	_	_	
8-3	433-442	berichtet	_	_	_	
8-4	443-447	über	_	_	_	
8-5	449-454	einen	_	_	_	
8-6	455-464	ähnlichen	_	_	_	
8-7	465-469	Fall	_	_	_	
8-8	469-470	:	_	_	_	
8-9	473-477	Fall	_	_	_	
8-10	478-480	Nr	_	_	_	
8-11	480-481	.	_	_	_	
8-12	482-484	36	_	_	_	
8-13	484-485	.	_	_	_	

#Text=Es zeigte mir einmal eine Dame ein kleines Stück Juchten- 
#Text=leder, das sie an einem Bande befestigt unter ihrer Bluse trug.
9-1	486-488	Es	_	_	_	
9-2	489-495	zeigte	_	_	_	
9-3	496-499	mir	_	_	_	
9-4	500-506	einmal	_	_	_	
9-5	507-511	eine	_	_	_	
9-6	512-516	Dame	_	_	_	
9-7	517-520	ein	_	_	_	
9-8	521-528	kleines	_	_	_	
9-9	529-534	Stück	_	_	_	
9-10	535-542	Juchten	_	_	_	
9-11	542-543	-	_	_	_	
9-12	545-550	leder	_	_	_	
9-13	550-551	,	_	_	_	
9-14	552-555	das	_	_	_	
9-15	556-559	sie	_	_	_	
9-16	560-562	an	_	_	_	
9-17	563-568	einem	_	_	_	
9-18	569-574	Bande	_	_	_	
9-19	575-584	befestigt	_	_	_	
9-20	585-590	unter	_	_	_	
9-21	591-596	ihrer	_	_	_	
9-22	597-602	Bluse	_	_	_	
9-23	603-607	trug	_	_	_	
9-24	607-608	.	_	_	_	

#Text=In starken 
#Text=Superlativen schildert sie die Bedeutung, welche der Geruch des Leders für 
#Text=sie besitze.
10-1	609-611	In	_	_	_	
10-2	612-619	starken	_	_	_	
10-3	621-633	Superlativen	_	_	_	
10-4	634-643	schildert	_	_	_	
10-5	644-647	sie	_	_	_	
10-6	648-651	die	_	_	_	
10-7	652-661	Bedeutung	_	_	_	
10-8	661-662	,	_	_	_	
10-9	663-669	welche	_	_	_	
10-10	670-673	der	_	_	_	
10-11	674-680	Geruch	Smell\_Word	_	_	
10-12	681-684	des	Smell\_Source[1]	_	_	
10-13	685-691	Leders	Smell\_Source[1]	_	_	
10-14	692-695	für	_	_	_	
10-15	697-700	sie	Perceiver	_	_	
10-16	701-708	besitze	_	_	_	
10-17	708-709	.	_	_	_	

#Text=Die erotische Neigung zu ihrem Manne, der von auffallender 
#Text=Häßlichkeit gewesen wäre — sie war früh verwitwet — sei ganz von Ge- 
#Text=rüchen beherrscht gewesen, vor allem von einem „mit Mannesgeruch ver- 
#Text=mischten Tabaks- und Juchtengeruch“.
11-1	710-713	Die	_	_	_	
11-2	714-723	erotische	_	_	_	
11-3	724-731	Neigung	_	_	_	
11-4	732-734	zu	_	_	_	
11-5	735-740	ihrem	_	_	_	
11-6	741-746	Manne	_	_	_	
11-7	746-747	,	_	_	_	
11-8	748-751	der	_	_	_	
11-9	752-755	von	_	_	_	
11-10	756-768	auffallender	_	_	_	
11-11	770-781	Häßlichkeit	_	_	_	
11-12	782-789	gewesen	_	_	_	
11-13	790-794	wäre	_	_	_	
11-14	795-796	—	_	_	_	
11-15	797-800	sie	Perceiver	_	_	
11-16	801-804	war	_	_	_	
11-17	805-809	früh	_	_	_	
11-18	810-819	verwitwet	_	_	_	
11-19	820-821	—	_	_	_	
11-20	822-825	sei	_	_	_	
11-21	826-830	ganz	_	_	_	
11-22	831-834	von	_	_	_	
11-23	835-837	Ge	_	_	_	
11-24	837-838	-	_	_	_	
11-25	840-846	rüchen	_	_	_	
11-26	847-857	beherrscht	_	_	_	
11-27	858-865	gewesen	_	_	_	
11-28	865-866	,	_	_	_	
11-29	867-870	vor	_	_	_	
11-30	871-876	allem	_	_	_	
11-31	877-880	von	_	_	_	
11-32	881-886	einem	_	_	_	
11-33	887-888	„	_	_	_	
11-34	888-891	mit	_	_	_	
11-35	892-904	Mannesgeruch	Smell\_Word	_	_	
11-36	905-908	ver	_	_	_	
11-37	908-909	-	_	_	_	
11-38	911-919	mischten	_	_	_	
11-39	920-926	Tabaks	Smell\_Word	_	_	
11-40	926-927	-	_	_	_	
11-41	928-931	und	_	_	_	
11-42	932-945	Juchtengeruch	Smell\_Word	*	11-39	
11-43	945-946	“	_	_	_	
11-44	946-947	.	_	_	_	

#Text=Sie berausche sich noch viel an den 
#Text=Kleidern des Mannes, denen immer noch ziemlich viel von diesem „süßen 
#Text=Aroma“ anhafte.
12-1	948-951	Sie	Perceiver	_	_	
12-2	952-961	berausche	_	_	_	
12-3	962-966	sich	_	_	_	
12-4	967-971	noch	_	_	_	
12-5	972-976	viel	_	_	_	
12-6	977-979	an	_	_	_	
12-7	980-983	den	_	_	_	
12-8	985-993	Kleidern	Odour\_Carrier	_	_	
12-9	994-997	des	Smell\_Source[2]	_	_	
12-10	998-1004	Mannes	Smell\_Source[2]	_	_	
12-11	1004-1005	,	_	_	_	
12-12	1006-1011	denen	_	_	_	
12-13	1012-1017	immer	Time	_	_	
12-14	1018-1022	noch	Quality	_	_	
12-15	1023-1031	ziemlich	Quality	*	12-14	
12-16	1032-1036	viel	Quality	*	12-15	
12-17	1037-1040	von	_	_	_	
12-18	1041-1047	diesem	_	_	_	
12-19	1048-1049	„	_	_	_	
12-20	1049-1054	süßen	Quality	_	_	
12-21	1056-1061	Aroma	Smell\_Word	_	_	
12-22	1061-1062	“	_	_	_	
12-23	1063-1070	anhafte	_	_	_	
12-24	1070-1071	.	_	_	_	

#Text=Es würde für sie große Beherrschungskraft erfordern, einem 
#Text=Manne Widerstand zu leisten, der sich ihr gegenüber dieses Lockmittels be- 
#Text=dienen würde, ln einem mir bekannt gewordenen Falle ließ die Frau sich 
#Text=
#Text=
#Text=Partialismus und Harcmskult.
#Text=
#Text=
#Text=
#Text=159 
#Text=
#Text=
#Text=die Hemden ihres im Felde stehenden Mannes schicken, um, ihren Duft ein- 
#Text=saugend, sich bis zum Orgasmus zu erregen.
#Text=1 )
#Text=
#Text=
#Text=
#Text=Ich habe die Psychologie des Sammlers ausführlich in Band IV
#Text=
#Text=beschrieben.
13-1	1072-1074	Es	_	_	_	
13-2	1075-1080	würde	_	_	_	
13-3	1081-1084	für	_	_	_	
13-4	1085-1088	sie	_	_	_	
13-5	1089-1094	große	_	_	_	
13-6	1095-1113	Beherrschungskraft	_	_	_	
13-7	1114-1123	erfordern	_	_	_	
13-8	1123-1124	,	_	_	_	
13-9	1125-1130	einem	_	_	_	
13-10	1132-1137	Manne	_	_	_	
13-11	1138-1148	Widerstand	_	_	_	
13-12	1149-1151	zu	_	_	_	
13-13	1152-1159	leisten	_	_	_	
13-14	1159-1160	,	_	_	_	
13-15	1161-1164	der	_	_	_	
13-16	1165-1169	sich	_	_	_	
13-17	1170-1173	ihr	_	_	_	
13-18	1174-1183	gegenüber	_	_	_	
13-19	1184-1190	dieses	_	_	_	
13-20	1191-1202	Lockmittels	_	_	_	
13-21	1203-1205	be	_	_	_	
13-22	1205-1206	-	_	_	_	
13-23	1208-1214	dienen	_	_	_	
13-24	1215-1220	würde	_	_	_	
13-25	1220-1221	,	_	_	_	
13-26	1222-1224	ln	_	_	_	
13-27	1225-1230	einem	_	_	_	
13-28	1231-1234	mir	_	_	_	
13-29	1235-1242	bekannt	_	_	_	
13-30	1243-1253	gewordenen	_	_	_	
13-31	1254-1259	Falle	_	_	_	
13-32	1260-1264	ließ	_	_	_	
13-33	1265-1268	die	_	_	_	
13-34	1269-1273	Frau	Perceiver	_	_	
13-35	1274-1278	sich	_	_	_	
13-36	1282-1294	Partialismus	_	_	_	
13-37	1295-1298	und	_	_	_	
13-38	1299-1309	Harcmskult	_	_	_	
13-39	1309-1310	.	_	_	_	
13-40	1314-1317	159	_	_	_	
13-41	1321-1324	die	_	_	_	
13-42	1325-1331	Hemden	Odour\_Carrier	*	13-52	
13-43	1332-1337	ihres	_	_	_	
13-44	1338-1340	im	_	_	_	
13-45	1341-1346	Felde	_	_	_	
13-46	1347-1356	stehenden	_	_	_	
13-47	1357-1363	Mannes	Smell\_Source	_	_	
13-48	1364-1372	schicken	_	_	_	
13-49	1372-1373	,	_	_	_	
13-50	1374-1376	um	_	_	_	
13-51	1376-1377	,	_	_	_	
13-52	1378-1383	ihren	Odour\_Carrier	_	_	
13-53	1384-1388	Duft	Smell\_Word	_	_	
13-54	1389-1392	ein	_	_	_	
13-55	1392-1393	-	_	_	_	
13-56	1395-1402	saugend	_	_	_	
13-57	1402-1403	,	_	_	_	
13-58	1404-1408	sich	_	_	_	
13-59	1409-1412	bis	_	_	_	
13-60	1413-1416	zum	_	_	_	
13-61	1417-1425	Orgasmus	Effect	_	_	
13-62	1426-1428	zu	_	_	_	
13-63	1429-1436	erregen	_	_	_	
13-64	1436-1437	.	_	_	_	
13-65	1438-1439	1	_	_	_	
13-66	1440-1441	)	_	_	_	
13-67	1445-1448	Ich	_	_	_	
13-68	1449-1453	habe	_	_	_	
13-69	1454-1457	die	_	_	_	
13-70	1458-1469	Psychologie	_	_	_	
13-71	1470-1473	des	_	_	_	
13-72	1474-1482	Sammlers	_	_	_	
13-73	1483-1494	ausführlich	_	_	_	
13-74	1495-1497	in	_	_	_	
13-75	1498-1502	Band	_	_	_	
13-76	1503-1505	IV	_	_	_	
13-77	1507-1518	beschrieben	_	_	_	
13-78	1518-1519	.	_	_	_	

#Text=Ich möchte nur einige ergänzende Bemerkungen hinzufügen.
14-1	1520-1523	Ich	_	_	_	
14-2	1524-1530	möchte	_	_	_	
14-3	1531-1534	nur	_	_	_	
14-4	1535-1541	einige	_	_	_	
14-5	1542-1552	ergänzende	_	_	_	
14-6	1553-1564	Bemerkungen	_	_	_	
14-7	1565-1575	hinzufügen	_	_	_	
14-8	1575-1576	.	_	_	_	

#Text=Jeder Sinn kommt beim Sammler in Betracht.
15-1	1578-1583	Jeder	_	_	_	
15-2	1584-1588	Sinn	_	_	_	
15-3	1589-1594	kommt	_	_	_	
15-4	1595-1599	beim	_	_	_	
15-5	1600-1607	Sammler	_	_	_	
15-6	1608-1610	in	_	_	_	
15-7	1611-1619	Betracht	_	_	_	
15-8	1619-1620	.	_	_	_	
