#FORMAT=WebAnno TSV 3.3


#Text=Geſchichtliches.
1-1	2-17	Geſchichtliches	
1-2	17-18	.	

#Text=Als es 1828 von Wöhler zuerſt dargeſtellt
#Text=wurde, gab es nur ſo geringe Quantitäten, daß der Preis für ein
#Text=Kilo überhaupt nicht feſtgeſetzt werden konnte.
2-1	19-22	Als	
2-2	23-25	es	
2-3	26-30	1828	
2-4	31-34	von	
2-5	35-41	Wöhler	
2-6	42-48	zuerſt	
2-7	49-60	dargeſtellt	
2-8	61-66	wurde	
2-9	66-67	,	
2-10	68-71	gab	
2-11	72-74	es	
2-12	75-78	nur	
2-13	79-81	ſo	
2-14	82-89	geringe	
2-15	90-101	Quantitäten	
2-16	101-102	,	
2-17	103-106	daß	
2-18	107-110	der	
2-19	111-116	Preis	
2-20	117-120	für	
2-21	121-124	ein	
2-22	125-129	Kilo	
2-23	130-139	überhaupt	
2-24	140-145	nicht	
2-25	146-157	feſtgeſetzt	
2-26	158-164	werden	
2-27	165-171	konnte	
2-28	171-172	.	

#Text=Als es Deville 1854
#Text=gelang, das Aluminium im kompakten Zuſtande darzuſtellen, galt das
#Text=Kilo 2400 Mark, und heute koſtet es infolge der außerordentlichen
#Text=Vervollkommnung der Darſtellungsmethoden nur noch fünf Mark.
3-1	173-176	Als	
3-2	177-179	es	
3-3	180-187	Deville	
3-4	188-192	1854	
3-5	193-199	gelang	
3-6	199-200	,	
3-7	201-204	das	
3-8	205-214	Aluminium	
3-9	215-217	im	
3-10	218-227	kompakten	
3-11	228-236	Zuſtande	
3-12	237-249	darzuſtellen	
3-13	249-250	,	
3-14	251-255	galt	
3-15	256-259	das	
3-16	260-264	Kilo	
3-17	265-269	2400	
3-18	270-274	Mark	
3-19	274-275	,	
3-20	276-279	und	
3-21	280-285	heute	
3-22	286-292	koſtet	
3-23	293-295	es	
3-24	296-303	infolge	
3-25	304-307	der	
3-26	308-325	außerordentlichen	
3-27	326-341	Vervollkommnung	
3-28	342-345	der	
3-29	346-366	Darſtellungsmethoden	
3-30	367-370	nur	
3-31	371-375	noch	
3-32	376-380	fünf	
3-33	381-385	Mark	
3-34	385-386	.	

#Text=Darſtellung.
4-1	389-400	Darſtellung	
4-2	400-401	.	

#Text=Die Darſtellung nach Wöhler beſtand darin, daß
#Text=er Thonerde mit Holzkohle gemengt, glühte und über dieſe glühende,
#Text=poröſe Thonerde Chlorgas leitete.
5-1	402-405	Die	
5-2	406-417	Darſtellung	
5-3	418-422	nach	
5-4	423-429	Wöhler	
5-5	430-437	beſtand	
5-6	438-443	darin	
5-7	443-444	,	
5-8	445-448	daß	
5-9	449-451	er	
5-10	452-460	Thonerde	
5-11	461-464	mit	
5-12	465-474	Holzkohle	
5-13	475-482	gemengt	
5-14	482-483	,	
5-15	484-490	glühte	
5-16	491-494	und	
5-17	495-499	über	
5-18	500-505	dieſe	
5-19	506-514	glühende	
5-20	514-515	,	
5-21	516-522	poröſe	
5-22	523-531	Thonerde	
5-23	532-540	Chlorgas	
5-24	541-548	leitete	
5-25	548-549	.	

#Text=Hierbei bildete ſich Chloraluminium,
#Text=welches mit metalliſchem Natrium oder Kalium ſtark geglüht, unter
#Text=Bildung von Chlornatrium, bez.
6-1	550-557	Hierbei	
6-2	558-565	bildete	
6-3	566-570	ſich	
6-4	571-585	Chloraluminium	
6-5	585-586	,	
6-6	587-594	welches	
6-7	595-598	mit	
6-8	599-611	metalliſchem	
6-9	612-619	Natrium	
6-10	620-624	oder	
6-11	625-631	Kalium	
6-12	632-637	ſtark	
6-13	638-645	geglüht	
6-14	645-646	,	
6-15	647-652	unter	
6-16	653-660	Bildung	
6-17	661-664	von	
6-18	665-677	Chlornatrium	
6-19	677-678	,	
6-20	679-682	bez	
6-21	682-683	.	

#Text=Chlorkalium zu metalliſchem Aluminium
#Text=
#Text=reduziert wurde.
7-1	684-695	Chlorkalium	
7-2	696-698	zu	
7-3	699-711	metalliſchem	
7-4	712-721	Aluminium	
7-5	723-732	reduziert	
7-6	733-738	wurde	
7-7	738-739	.	

#Text=Nachdem H.
8-1	740-747	Nachdem	
8-2	748-749	H	
8-3	749-750	.	

#Text=Deville 1854 bei der Darſtellung ge-
#Text=funden hatte, daß es ſich weit weniger leicht oxydiere als man bisher
#Text=glaubte und dadurch von ſehr großer Wichtigkeit für die Technik ſei,
#Text=ſtellte man das Metall in Javelle für Rechnung des Kaiſers Napoleon III.
#Text=fabrikmäßig dar und zwar im weſentlichen nach der vorher angegebenen
#Text=Methode.
9-1	751-758	Deville	
9-2	759-763	1854	
9-3	764-767	bei	
9-4	768-771	der	
9-5	772-783	Darſtellung	
9-6	784-786	ge	
9-7	786-787	-	
9-8	788-794	funden	
9-9	795-800	hatte	
9-10	800-801	,	
9-11	802-805	daß	
9-12	806-808	es	
9-13	809-813	ſich	
9-14	814-818	weit	
9-15	819-826	weniger	
9-16	827-833	leicht	
9-17	834-842	oxydiere	
9-18	843-846	als	
9-19	847-850	man	
9-20	851-857	bisher	
9-21	858-865	glaubte	
9-22	866-869	und	
9-23	870-877	dadurch	
9-24	878-881	von	
9-25	882-886	ſehr	
9-26	887-893	großer	
9-27	894-905	Wichtigkeit	
9-28	906-909	für	
9-29	910-913	die	
9-30	914-921	Technik	
9-31	922-925	ſei	
9-32	925-926	,	
9-33	927-934	ſtellte	
9-34	935-938	man	
9-35	939-942	das	
9-36	943-949	Metall	
9-37	950-952	in	
9-38	953-960	Javelle	
9-39	961-964	für	
9-40	965-973	Rechnung	
9-41	974-977	des	
9-42	978-985	Kaiſers	
9-43	986-994	Napoleon	
9-44	995-998	III	
9-45	998-999	.	
9-46	1000-1011	fabrikmäßig	
9-47	1012-1015	dar	
9-48	1016-1019	und	
9-49	1020-1024	zwar	
9-50	1025-1027	im	
9-51	1028-1040	weſentlichen	
9-52	1041-1045	nach	
9-53	1046-1049	der	
9-54	1050-1056	vorher	
9-55	1057-1068	angegebenen	
9-56	1069-1076	Methode	
9-57	1076-1077	.	

#Text=Da nun die Aluminium-Legierungen gleichfalls von ſehr
#Text=hoher Bedeutung für die Technik ſind, ſo iſt es in vielen Fällen nicht
#Text=nötig, das Aluminium rein zu gewinnen, und daher gehen viele der
#Text=Verbeſſerungen ſeiner Darſtellung darauf hinaus, es mit irgend einem
#Text=Metalle legiert darzuſtellen.
10-1	1078-1080	Da	
10-2	1081-1084	nun	
10-3	1085-1088	die	
10-4	1089-1110	Aluminium-Legierungen	
10-5	1111-1122	gleichfalls	
10-6	1123-1126	von	
10-7	1127-1131	ſehr	
10-8	1132-1137	hoher	
10-9	1138-1147	Bedeutung	
10-10	1148-1151	für	
10-11	1152-1155	die	
10-12	1156-1163	Technik	
10-13	1164-1168	ſind	
10-14	1168-1169	,	
10-15	1170-1172	ſo	
10-16	1173-1176	iſt	
10-17	1177-1179	es	
10-18	1180-1182	in	
10-19	1183-1189	vielen	
10-20	1190-1196	Fällen	
10-21	1197-1202	nicht	
10-22	1203-1208	nötig	
10-23	1208-1209	,	
10-24	1210-1213	das	
10-25	1214-1223	Aluminium	
10-26	1224-1228	rein	
10-27	1229-1231	zu	
10-28	1232-1240	gewinnen	
10-29	1240-1241	,	
10-30	1242-1245	und	
10-31	1246-1251	daher	
10-32	1252-1257	gehen	
10-33	1258-1263	viele	
10-34	1264-1267	der	
10-35	1268-1282	Verbeſſerungen	
10-36	1283-1289	ſeiner	
10-37	1290-1301	Darſtellung	
10-38	1302-1308	darauf	
10-39	1309-1315	hinaus	
10-40	1315-1316	,	
10-41	1317-1319	es	
10-42	1320-1323	mit	
10-43	1324-1330	irgend	
10-44	1331-1336	einem	
10-45	1337-1344	Metalle	
10-46	1345-1352	legiert	
10-47	1353-1365	darzuſtellen	
10-48	1365-1366	.	

#Text=So miſcht H.
11-1	1367-1369	So	
11-2	1370-1376	miſcht	
11-3	1377-1378	H	
11-4	1378-1379	.	

#Text=Niewerth Ferroſilicium mit
#Text=Fluoraluminium und ſchmelzt das Gemenge, wobei ſich Fluorſilicium
#Text=bildet, welches ſich verflüchtigt, während eine Legierung von Eiſen und
#Text=Aluminium zurückbleibt.
12-1	1380-1388	Niewerth	
12-2	1389-1402	Ferroſilicium	
12-3	1403-1406	mit	
12-4	1407-1421	Fluoraluminium	
12-5	1422-1425	und	
12-6	1426-1434	ſchmelzt	
12-7	1435-1438	das	
12-8	1439-1446	Gemenge	
12-9	1446-1447	,	
12-10	1448-1453	wobei	
12-11	1454-1458	ſich	
12-12	1459-1472	Fluorſilicium	
12-13	1473-1479	bildet	
12-14	1479-1480	,	
12-15	1481-1488	welches	
12-16	1489-1493	ſich	
12-17	1494-1506	verflüchtigt	
12-18	1506-1507	,	
12-19	1508-1515	während	
12-20	1516-1520	eine	
12-21	1521-1530	Legierung	
12-22	1531-1534	von	
12-23	1535-1540	Eiſen	
12-24	1541-1544	und	
12-25	1545-1554	Aluminium	
12-26	1555-1567	zurückbleibt	
12-27	1567-1568	.	

#Text=Schmelzt man dieſe Eiſen-Aluminium-Legierung
#Text=
#Text=mit Kupfer zuſammen, ſo erhält man die wertvolle Kupfer-Aluminium-
#Text=Legierung — Aluminiumbronze genannt — während das Eiſen aus-
#Text=ſcheidet.
13-1	1569-1577	Schmelzt	
13-2	1578-1581	man	
13-3	1582-1587	dieſe	
13-4	1588-1613	Eiſen-Aluminium-Legierung	
13-5	1615-1618	mit	
13-6	1619-1625	Kupfer	
13-7	1626-1634	zuſammen	
13-8	1634-1635	,	
13-9	1636-1638	ſo	
13-10	1639-1645	erhält	
13-11	1646-1649	man	
13-12	1650-1653	die	
13-13	1654-1663	wertvolle	
13-14	1664-1680	Kupfer-Aluminium	
13-15	1680-1681	-	
13-16	1682-1691	Legierung	
13-17	1692-1693	—	
13-18	1694-1709	Aluminiumbronze	
13-19	1710-1717	genannt	
13-20	1718-1719	—	
13-21	1720-1727	während	
13-22	1728-1731	das	
13-23	1732-1737	Eiſen	
13-24	1738-1741	aus	
13-25	1741-1742	-	
13-26	1743-1751	ſcheidet	
13-27	1751-1752	.	

#Text=W.
14-1	1753-1754	W	
14-2	1754-1755	.	

#Text=Weldon ſchmelzt Kryolith — das iſt ein Mineral, welches
#Text=eine Verbindung vom Fluoraluminium mit Fluornatrium darſtellt und
#Text=ſchon von H.
15-1	1756-1762	Weldon	
15-2	1763-1771	ſchmelzt	
15-3	1772-1780	Kryolith	
15-4	1781-1782	—	
15-5	1783-1786	das	
15-6	1787-1790	iſt	
15-7	1791-1794	ein	
15-8	1795-1802	Mineral	
15-9	1802-1803	,	
15-10	1804-1811	welches	
15-11	1812-1816	eine	
15-12	1817-1827	Verbindung	
15-13	1828-1831	vom	
15-14	1832-1846	Fluoraluminium	
15-15	1847-1850	mit	
15-16	1851-1863	Fluornatrium	
15-17	1864-1873	darſtellt	
15-18	1874-1877	und	
15-19	1878-1883	ſchon	
15-20	1884-1887	von	
15-21	1888-1889	H	
15-22	1889-1890	.	

#Text=Roſe zur Darſtellung des Aluminiums anſtatt der Thon-
#Text=erde benutzt wurde — mit Calciumchlorid zuſammen.
16-1	1891-1895	Roſe	
16-2	1896-1899	zur	
16-3	1900-1911	Darſtellung	
16-4	1912-1915	des	
16-5	1916-1926	Aluminiums	
16-6	1927-1934	anſtatt	
16-7	1935-1938	der	
16-8	1939-1943	Thon	
16-9	1943-1944	-	
16-10	1945-1949	erde	
16-11	1950-1957	benutzt	
16-12	1958-1963	wurde	
16-13	1964-1965	—	
16-14	1966-1969	mit	
16-15	1970-1984	Calciumchlorid	
16-16	1985-1993	zuſammen	
16-17	1993-1994	.	

#Text=Hierbei bildet
#Text=
#Text=\f
#Text=[609/0627
#Text=]
#Text=
#Text=Das Aluminium.
17-1	1995-2002	Hierbei	
17-2	2003-2009	bildet	
17-3	2013-2014	[	
17-4	2014-2017	609	
17-5	2017-2018	/	
17-6	2018-2022	0627	
17-7	2023-2024	]	
17-8	2026-2029	Das	
17-9	2030-2039	Aluminium	
17-10	2039-2040	.	

#Text=ſich Aluminiumchlorid, welches dann zu metalliſchem Aluminium redu-
#Text=ziert wird.
18-1	2044-2048	ſich	
18-2	2049-2065	Aluminiumchlorid	
18-3	2065-2066	,	
18-4	2067-2074	welches	
18-5	2075-2079	dann	
18-6	2080-2082	zu	
18-7	2083-2095	metalliſchem	
18-8	2096-2105	Aluminium	
18-9	2106-2110	redu	
18-10	2110-2111	-	
18-11	2112-2117	ziert	
18-12	2118-2122	wird	
18-13	2122-2123	.	

#Text=H.
19-1	2124-2125	H	
19-2	2125-2126	.	

#Text=A.
20-1	2127-2128	A	
20-2	2128-2129	.	

#Text=Gadsden reduziert das erhaltene Aluminiumchlorid
#Text=
#Text=zu metalliſchem Aluminium,
21-1	2130-2137	Gadsden	
21-2	2138-2147	reduziert	
21-3	2148-2151	das	
21-4	2152-2161	erhaltene	
21-5	2162-2178	Aluminiumchlorid	
21-6	2180-2182	zu	
21-7	2183-2195	metalliſchem	
21-8	2196-2205	Aluminium	
21-9	2205-2206	,	
