{"_context" : {
    "_types" : {
      "DocumentMetaData" : {
        "_feature_types" : {"sofa" : "_ref" } }, 
      "Relation" : {
        "_feature_types" : {"sofa" : "_ref",  "Dependent" : "_ref",  "Governor" : "_ref" } }, 
      "Sentence" : {
        "_feature_types" : {"sofa" : "_ref" } }, 
      "Sofa" : {
        "_feature_types" : {"sofaArray" : "_ref" } }, 
      "Span" : {
        "_feature_types" : {"sofa" : "_ref" } }, 
      "TagsetDescription" : {
        "_feature_types" : {"sofa" : "_ref",  "tags" : "_ref" } }, 
      "Token" : {
        "_feature_types" : {"sofa" : "_ref",  "parent" : "_ref",  "lemma" : "_ref",  "stem" : "_ref",  "pos" : "_ref",  "morph" : "_ref",  "form" : "_ref" } }, 
      "DocumentAnnotation" : {
        "_feature_types" : {"sofa" : "_ref" }, 
        "_subtypes" : ["DocumentMetaData" ] }, 
      "Annotation" : {
        "_feature_types" : {"sofa" : "_ref" }, 
        "_subtypes" : ["DocumentAnnotation",  "Relation",  "Sentence",  "Span",  "TagsetDescription",  "Token" ] }, 
      "AnnotationBase" : {
        "_feature_types" : {"sofa" : "_ref" }, 
        "_subtypes" : ["Annotation" ] }, 
      "TOP" : {
        "_subtypes" : ["AnnotationBase",  "Sofa" ] } } }, 
  "_views" : {
    "_InitialView" : {
      "Relation" : [
        {"sofa" : 1,  "begin" : 156,  "end" : 161,  "Dependent" : 13313,  "Governor" : 13318 }, 
        {"sofa" : 1,  "begin" : 254,  "end" : 259,  "Dependent" : 13340,  "Governor" : 13345 }, 
        {"sofa" : 1,  "begin" : 254,  "end" : 259,  "Dependent" : 13340,  "Governor" : 13335 }, 
        {"sofa" : 1,  "begin" : 290,  "end" : 295,  "Dependent" : 13374,  "Governor" : 13364 }, 
        {"sofa" : 1,  "begin" : 290,  "end" : 295,  "Dependent" : 13374,  "Governor" : 13369 }, 
        {"sofa" : 1,  "begin" : 290,  "end" : 295,  "Dependent" : 13374,  "Governor" : 13335 }, 
        {"sofa" : 1,  "begin" : 319,  "end" : 324,  "Dependent" : 13405,  "Governor" : 13400 }, 
        {"sofa" : 1,  "begin" : 319,  "end" : 324,  "Dependent" : 13405,  "Governor" : 13335 }, 
        {"sofa" : 1,  "begin" : 329,  "end" : 334,  "Dependent" : 13424,  "Governor" : 13429 }, 
        {"sofa" : 1,  "begin" : 561,  "end" : 566,  "Dependent" : 13441,  "Governor" : 13446 }, 
        {"sofa" : 1,  "begin" : 618,  "end" : 623,  "Dependent" : 13458,  "Governor" : 13463 }, 
        {"sofa" : 1,  "begin" : 618,  "end" : 623,  "Dependent" : 13458,  "Governor" : 13475 }, 
        {"sofa" : 1,  "begin" : 618,  "end" : 623,  "Dependent" : 13458,  "Governor" : 13487 }, 
        {"sofa" : 1,  "begin" : 727,  "end" : 735,  "Dependent" : 13499,  "Governor" : 13504 }, 
        {"sofa" : 1,  "begin" : 727,  "end" : 735,  "Dependent" : 13499,  "Governor" : 13528 }, 
        {"sofa" : 1,  "begin" : 727,  "end" : 735,  "Dependent" : 13499,  "Governor" : 13540 }, 
        {"sofa" : 1,  "begin" : 934,  "end" : 949,  "Dependent" : 13552,  "Governor" : 13557 }, 
        {"sofa" : 1,  "begin" : 934,  "end" : 949,  "Dependent" : 13552,  "Governor" : 13567 }, 
        {"sofa" : 1,  "begin" : 934,  "end" : 949,  "Dependent" : 13552,  "Governor" : 13586 }, 
        {"sofa" : 1,  "begin" : 934,  "end" : 949,  "Dependent" : 13552,  "Governor" : 13598 }, 
        {"sofa" : 1,  "begin" : 1018,  "end" : 1023,  "Dependent" : 13620,  "Governor" : 13615 }, 
        {"sofa" : 1,  "begin" : 1018,  "end" : 1023,  "Dependent" : 13620,  "Governor" : 13610 }, 
        {"sofa" : 1,  "begin" : 1018,  "end" : 1023,  "Dependent" : 13620,  "Governor" : 13625 }, 
        {"sofa" : 1,  "begin" : 1153,  "end" : 1157,  "Dependent" : 13695,  "Governor" : 13668,  "label" : "Anaphoric" }, 
        {"sofa" : 1,  "begin" : 1165,  "end" : 1173,  "Dependent" : 13651,  "Governor" : 13656 }, 
        {"sofa" : 1,  "begin" : 1165,  "end" : 1173,  "Dependent" : 13651,  "Governor" : 13695 }, 
        {"sofa" : 1,  "begin" : 1165,  "end" : 1173,  "Dependent" : 13651,  "Governor" : 13685 }, 
        {"sofa" : 1,  "begin" : 1165,  "end" : 1173,  "Dependent" : 13651,  "Governor" : 13690 }, 
        {"sofa" : 1,  "begin" : 1234,  "end" : 1236,  "Dependent" : 13769,  "Governor" : 13745,  "label" : "Anaphoric" }, 
        {"sofa" : 1,  "begin" : 1240,  "end" : 1246,  "Dependent" : 13728,  "Governor" : 13757 }, 
        {"sofa" : 1,  "begin" : 1240,  "end" : 1246,  "Dependent" : 13728,  "Governor" : 13769 }, 
        {"sofa" : 1,  "begin" : 1320,  "end" : 1325,  "Dependent" : 13793,  "Governor" : 13788 }, 
        {"sofa" : 1,  "begin" : 1320,  "end" : 1325,  "Dependent" : 13793,  "Governor" : 13805 }, 
        {"sofa" : 1,  "begin" : 1320,  "end" : 1325,  "Dependent" : 13793,  "Governor" : 13834 }, 
        {"sofa" : 1,  "begin" : 1375,  "end" : 1380,  "Dependent" : 13822,  "Governor" : 13817 }, 
        {"sofa" : 1,  "begin" : 1375,  "end" : 1380,  "Dependent" : 13822,  "Governor" : 13846 }, 
        {"sofa" : 1,  "begin" : 2076,  "end" : 2084,  "Dependent" : 13875,  "Governor" : 13880 }, 
        {"sofa" : 1,  "begin" : 2076,  "end" : 2084,  "Dependent" : 13875,  "Governor" : 13892 }, 
        {"sofa" : 1,  "begin" : 2076,  "end" : 2084,  "Dependent" : 13875,  "Governor" : 13904 }, 
        {"sofa" : 1,  "begin" : 2167,  "end" : 2172,  "Dependent" : 13916,  "Governor" : 13941 }, 
        {"sofa" : 1,  "begin" : 2167,  "end" : 2172,  "Dependent" : 13916,  "Governor" : 13953 }, 
        {"sofa" : 1,  "begin" : 2309,  "end" : 2314,  "Dependent" : 13975,  "Governor" : 13970 }, 
        {"sofa" : 1,  "begin" : 2309,  "end" : 2314,  "Dependent" : 13975,  "Governor" : 13987 }, 
        {"sofa" : 1,  "begin" : 2309,  "end" : 2314,  "Dependent" : 13975,  "Governor" : 14009 }, 
        {"sofa" : 1,  "begin" : 2519,  "end" : 2524,  "Dependent" : 14026,  "Governor" : 14021 }, 
        {"sofa" : 1,  "begin" : 2675,  "end" : 2683,  "Dependent" : 14055,  "Governor" : 14050 }, 
        {"sofa" : 1,  "begin" : 2726,  "end" : 2734,  "Dependent" : 14077,  "Governor" : 14060 }, 
        {"sofa" : 1,  "begin" : 2726,  "end" : 2734,  "Dependent" : 14077,  "Governor" : 14065 }, 
        {"sofa" : 1,  "begin" : 2802,  "end" : 2810,  "Dependent" : 14108,  "Governor" : 14118 }, 
        {"sofa" : 1,  "begin" : 2802,  "end" : 2810,  "Dependent" : 14108,  "Governor" : 14103 }, 
        {"sofa" : 1,  "begin" : 2955,  "end" : 2960,  "Dependent" : 14142,  "Governor" : 14137 }, 
        {"sofa" : 1,  "begin" : 2955,  "end" : 2960,  "Dependent" : 14142,  "Governor" : 14159 }, 
        {"sofa" : 1,  "begin" : 3044,  "end" : 3049,  "Dependent" : 14176,  "Governor" : 14171 }, 
        {"sofa" : 1,  "begin" : 3044,  "end" : 3049,  "Dependent" : 14176,  "Governor" : 14188 }, 
        {"sofa" : 1,  "begin" : 3196,  "end" : 3204,  "Dependent" : 14205,  "Governor" : 14200 }, 
        {"sofa" : 1,  "begin" : 3196,  "end" : 3204,  "Dependent" : 14205,  "Governor" : 14217 }, 
        {"sofa" : 1,  "begin" : 3196,  "end" : 3204,  "Dependent" : 14205,  "Governor" : 14229 }, 
        {"sofa" : 1,  "begin" : 3384,  "end" : 3389,  "Dependent" : 14263,  "Governor" : 14258,  "label" : "Anaphoric" }, 
        {"sofa" : 1,  "begin" : 3403,  "end" : 3408,  "Dependent" : 14246,  "Governor" : 14241 }, 
        {"sofa" : 1,  "begin" : 3403,  "end" : 3408,  "Dependent" : 14246,  "Governor" : 14263 }, 
        {"sofa" : 1,  "begin" : 3767,  "end" : 3772,  "Dependent" : 14292,  "Governor" : 14287,  "label" : "Anaphoric" }, 
        {"sofa" : 1,  "begin" : 3773,  "end" : 3778,  "Dependent" : 14282,  "Governor" : 14292 }, 
        {"sofa" : 1,  "begin" : 3990,  "end" : 3995,  "Dependent" : 14338,  "Governor" : 14333 }, 
        {"sofa" : 1,  "begin" : 4669,  "end" : 4680,  "Dependent" : 14350,  "Governor" : 14355 }, 
        {"sofa" : 1,  "begin" : 4669,  "end" : 4680,  "Dependent" : 14350,  "Governor" : 14367 } ], 
      "Span" : [13318,  13313, 
        {"sofa" : 1,  "begin" : 222,  "end" : 227,  "label" : "Smell_Word" },  13335,  13345,  13340,  13364,  13369,  13374,  13400,  13405,  13424,  13429,  13441,  13446,  13463,  13458,  13475,  13487,  13499,  13504,  13528,  13540,  13598,  13586,  13567,  13557,  13552,  13615,  13610,  13625,  13620,  13668,  13685,  13690,  13695,  13651,  13656,  13757,  13745,  13769,  13728,  13834,  13788,  13793,  13805,  13846,  13817,  13822,  13875,  13880,  13892,  13904,  13916,  13941,  13953,  13987,  13970,  13975,  14009,  14021,  14026,  14050,  14055,  14060,  14077,  14065,  14103,  14108, 
        {"sofa" : 1,  "begin" : 2802,  "end" : 2810,  "label" : "Quality" },  14118,  14137,  14142,  14159,  14188,  14171,  14176,  14229,  14200,  14205,  14217,  14258,  14263,  14241,  14246,  14287,  14292,  14282, 
        {"sofa" : 1,  "begin" : 3787,  "end" : 3792,  "label" : "Smell_Word" },  14333,  14338,  14350,  14355,  14367 ], 
      "DocumentMetaData" : [
        {"sofa" : 1,  "end" : 4929,  "language" : "x-unspecified",  "documentTitle" : "012E%20Pieter%20van%20Foreest%201623%20The%20Arraignment%20of%20Urines__40_MED.txt",  "documentId" : "teresa",  "documentUri" : "file:/home/dhuser/alessio/inception/repository/project/29/document/7217/source/teresa",  "collectionId" : "file:/home/dhuser/alessio/inception/repository/project/29/document/7217/source/",  "documentBaseUri" : "file:/home/dhuser/alessio/inception/repository/project/29/document/7217/source/",  "isLastSegment" : false } ], 
      "TagsetDescription" : [
        {"sofa" : 1,  "layer" : "webanno.custom.Emotions",  "name" : "Emotion Labels",  "input" : false }, 
        {"sofa" : 1,  "layer" : "custom.Relation",  "name" : "Relation labels",  "input" : false }, 
        {"sofa" : 1,  "layer" : "custom.Span",  "name" : "Smell labels",  "input" : false } ], 
      "Sentence" : [
        {"sofa" : 1,  "end" : 210 }, 
        {"sofa" : 1,  "begin" : 211,  "end" : 325 }, 
        {"sofa" : 1,  "begin" : 326,  "end" : 726 }, 
        {"sofa" : 1,  "begin" : 727,  "end" : 776 }, 
        {"sofa" : 1,  "begin" : 777,  "end" : 830 }, 
        {"sofa" : 1,  "begin" : 831,  "end" : 857 }, 
        {"sofa" : 1,  "begin" : 858,  "end" : 1024 }, 
        {"sofa" : 1,  "begin" : 1025,  "end" : 1177 }, 
        {"sofa" : 1,  "begin" : 1178,  "end" : 1250 }, 
        {"sofa" : 1,  "begin" : 1251,  "end" : 1381 }, 
        {"sofa" : 1,  "begin" : 1382,  "end" : 1469 }, 
        {"sofa" : 1,  "begin" : 1470,  "end" : 1529 }, 
        {"sofa" : 1,  "begin" : 1530,  "end" : 1675 }, 
        {"sofa" : 1,  "begin" : 1676,  "end" : 1857 }, 
        {"sofa" : 1,  "begin" : 1858,  "end" : 1978 }, 
        {"sofa" : 1,  "begin" : 1979,  "end" : 2015 }, 
        {"sofa" : 1,  "begin" : 2016,  "end" : 2240 }, 
        {"sofa" : 1,  "begin" : 2241,  "end" : 2259 }, 
        {"sofa" : 1,  "begin" : 2260,  "end" : 2401 }, 
        {"sofa" : 1,  "begin" : 2402,  "end" : 2485 }, 
        {"sofa" : 1,  "begin" : 2486,  "end" : 2659 }, 
        {"sofa" : 1,  "begin" : 2660,  "end" : 2741 }, 
        {"sofa" : 1,  "begin" : 2742,  "end" : 2838 }, 
        {"sofa" : 1,  "begin" : 2839,  "end" : 2889 }, 
        {"sofa" : 1,  "begin" : 2890,  "end" : 2992 }, 
        {"sofa" : 1,  "begin" : 2993,  "end" : 3050 }, 
        {"sofa" : 1,  "begin" : 3051,  "end" : 3237 }, 
        {"sofa" : 1,  "begin" : 3238,  "end" : 3456 }, 
        {"sofa" : 1,  "begin" : 3457,  "end" : 3700 }, 
        {"sofa" : 1,  "begin" : 3701,  "end" : 3779 }, 
        {"sofa" : 1,  "begin" : 3780,  "end" : 3897 }, 
        {"sofa" : 1,  "begin" : 3898,  "end" : 4150 }, 
        {"sofa" : 1,  "begin" : 4151,  "end" : 4224 }, 
        {"sofa" : 1,  "begin" : 4225,  "end" : 4278 }, 
        {"sofa" : 1,  "begin" : 4279,  "end" : 4384 }, 
        {"sofa" : 1,  "begin" : 4385,  "end" : 4500 }, 
        {"sofa" : 1,  "begin" : 4501,  "end" : 4779 }, 
        {"sofa" : 1,  "begin" : 4780,  "end" : 4929 } ], 
      "Token" : [
        {"sofa" : 1,  "end" : 3 }, 
        {"sofa" : 1,  "begin" : 4,  "end" : 8 }, 
        {"sofa" : 1,  "begin" : 9,  "end" : 17 }, 
        {"sofa" : 1,  "begin" : 18,  "end" : 20 }, 
        {"sofa" : 1,  "begin" : 21,  "end" : 26 }, 
        {"sofa" : 1,  "begin" : 27,  "end" : 29 }, 
        {"sofa" : 1,  "begin" : 30,  "end" : 33 }, 
        {"sofa" : 1,  "begin" : 34,  "end" : 42 }, 
        {"sofa" : 1,  "begin" : 42,  "end" : 43 }, 
        {"sofa" : 1,  "begin" : 44,  "end" : 47 }, 
        {"sofa" : 1,  "begin" : 48,  "end" : 51 }, 
        {"sofa" : 1,  "begin" : 52,  "end" : 61 }, 
        {"sofa" : 1,  "begin" : 61,  "end" : 62 }, 
        {"sofa" : 1,  "begin" : 63,  "end" : 65 }, 
        {"sofa" : 1,  "begin" : 66,  "end" : 76 }, 
        {"sofa" : 1,  "begin" : 77,  "end" : 87 }, 
        {"sofa" : 1,  "begin" : 87,  "end" : 88 }, 
        {"sofa" : 1,  "begin" : 89,  "end" : 98 }, 
        {"sofa" : 1,  "begin" : 99,  "end" : 101 }, 
        {"sofa" : 1,  "begin" : 102,  "end" : 105 }, 
        {"sofa" : 1,  "begin" : 106,  "end" : 114 }, 
        {"sofa" : 1,  "begin" : 115,  "end" : 117 }, 
        {"sofa" : 1,  "begin" : 118,  "end" : 121 }, 
        {"sofa" : 1,  "begin" : 122,  "end" : 129 }, 
        {"sofa" : 1,  "begin" : 130,  "end" : 140 }, 
        {"sofa" : 1,  "begin" : 140,  "end" : 141 }, 
        {"sofa" : 1,  "begin" : 142,  "end" : 145 }, 
        {"sofa" : 1,  "begin" : 146,  "end" : 150 }, 
        {"sofa" : 1,  "begin" : 150,  "end" : 151 }, 
        {"sofa" : 1,  "begin" : 152,  "end" : 155 }, 
        {"sofa" : 1,  "begin" : 156,  "end" : 161 }, 
        {"sofa" : 1,  "begin" : 161,  "end" : 162 }, 
        {"sofa" : 1,  "begin" : 163,  "end" : 166 }, 
        {"sofa" : 1,  "begin" : 167,  "end" : 171 }, 
        {"sofa" : 1,  "begin" : 171,  "end" : 172 }, 
        {"sofa" : 1,  "begin" : 173,  "end" : 176 }, 
        {"sofa" : 1,  "begin" : 177,  "end" : 182 }, 
        {"sofa" : 1,  "begin" : 182,  "end" : 183 }, 
        {"sofa" : 1,  "begin" : 184,  "end" : 187 }, 
        {"sofa" : 1,  "begin" : 188,  "end" : 193 }, 
        {"sofa" : 1,  "begin" : 193,  "end" : 194 }, 
        {"sofa" : 1,  "begin" : 195,  "end" : 198 }, 
        {"sofa" : 1,  "begin" : 199,  "end" : 202 }, 
        {"sofa" : 1,  "begin" : 203,  "end" : 209 }, 
        {"sofa" : 1,  "begin" : 209,  "end" : 210 }, 
        {"sofa" : 1,  "begin" : 211,  "end" : 213 }, 
        {"sofa" : 1,  "begin" : 214,  "end" : 217 }, 
        {"sofa" : 1,  "begin" : 218,  "end" : 221 }, 
        {"sofa" : 1,  "begin" : 222,  "end" : 227 }, 
        {"sofa" : 1,  "begin" : 227,  "end" : 228 }, 
        {"sofa" : 1,  "begin" : 229,  "end" : 235 }, 
        {"sofa" : 1,  "begin" : 236,  "end" : 240 }, 
        {"sofa" : 1,  "begin" : 241,  "end" : 247 }, 
        {"sofa" : 1,  "begin" : 248,  "end" : 250 }, 
        {"sofa" : 1,  "begin" : 251,  "end" : 253 }, 
        {"sofa" : 1,  "begin" : 254,  "end" : 259 }, 
        {"sofa" : 1,  "begin" : 259,  "end" : 260 }, 
        {"sofa" : 1,  "begin" : 261,  "end" : 263 }, 
        {"sofa" : 1,  "begin" : 264,  "end" : 268 }, 
        {"sofa" : 1,  "begin" : 269,  "end" : 270 }, 
        {"sofa" : 1,  "begin" : 271,  "end" : 276 }, 
        {"sofa" : 1,  "begin" : 277,  "end" : 280 }, 
        {"sofa" : 1,  "begin" : 281,  "end" : 289 }, 
        {"sofa" : 1,  "begin" : 290,  "end" : 295 }, 
        {"sofa" : 1,  "begin" : 295,  "end" : 296 }, 
        {"sofa" : 1,  "begin" : 297,  "end" : 299 }, 
        {"sofa" : 1,  "begin" : 300,  "end" : 307 }, 
        {"sofa" : 1,  "begin" : 308,  "end" : 309 }, 
        {"sofa" : 1,  "begin" : 310,  "end" : 318 }, 
        {"sofa" : 1,  "begin" : 319,  "end" : 324 }, 
        {"sofa" : 1,  "begin" : 324,  "end" : 325 }, 
        {"sofa" : 1,  "begin" : 326,  "end" : 328 }, 
        {"sofa" : 1,  "begin" : 329,  "end" : 334 }, 
        {"sofa" : 1,  "begin" : 334,  "end" : 335 }, 
        {"sofa" : 1,  "begin" : 336,  "end" : 341 }, 
        {"sofa" : 1,  "begin" : 342,  "end" : 352 }, 
        {"sofa" : 1,  "begin" : 352,  "end" : 353 }, 
        {"sofa" : 1,  "begin" : 354,  "end" : 364 }, 
        {"sofa" : 1,  "begin" : 365,  "end" : 369 }, 
        {"sofa" : 1,  "begin" : 370,  "end" : 372 }, 
        {"sofa" : 1,  "begin" : 373,  "end" : 378 }, 
        {"sofa" : 1,  "begin" : 379,  "end" : 384 }, 
        {"sofa" : 1,  "begin" : 385,  "end" : 389 }, 
        {"sofa" : 1,  "begin" : 390,  "end" : 394 }, 
        {"sofa" : 1,  "begin" : 395,  "end" : 398 }, 
        {"sofa" : 1,  "begin" : 399,  "end" : 412 }, 
        {"sofa" : 1,  "begin" : 413,  "end" : 415 }, 
        {"sofa" : 1,  "begin" : 416,  "end" : 424 }, 
        {"sofa" : 1,  "begin" : 425,  "end" : 430 }, 
        {"sofa" : 1,  "begin" : 430,  "end" : 431 }, 
        {"sofa" : 1,  "begin" : 432,  "end" : 439 }, 
        {"sofa" : 1,  "begin" : 440,  "end" : 442 }, 
        {"sofa" : 1,  "begin" : 443,  "end" : 446 }, 
        {"sofa" : 1,  "begin" : 447,  "end" : 456 }, 
        {"sofa" : 1,  "begin" : 457,  "end" : 464 }, 
        {"sofa" : 1,  "begin" : 465,  "end" : 469 }, 
        {"sofa" : 1,  "begin" : 470,  "end" : 476 }, 
        {"sofa" : 1,  "begin" : 477,  "end" : 479 }, 
        {"sofa" : 1,  "begin" : 480,  "end" : 481 }, 
        {"sofa" : 1,  "begin" : 482,  "end" : 486 }, 
        {"sofa" : 1,  "begin" : 487,  "end" : 495 }, 
        {"sofa" : 1,  "begin" : 495,  "end" : 496 }, 
        {"sofa" : 1,  "begin" : 497,  "end" : 501 }, 
        {"sofa" : 1,  "begin" : 502,  "end" : 504 }, 
        {"sofa" : 1,  "begin" : 505,  "end" : 507 }, 
        {"sofa" : 1,  "begin" : 508,  "end" : 511 }, 
        {"sofa" : 1,  "begin" : 512,  "end" : 514 }, 
        {"sofa" : 1,  "begin" : 515,  "end" : 519 }, 
        {"sofa" : 1,  "begin" : 520,  "end" : 529 }, 
        {"sofa" : 1,  "begin" : 529,  "end" : 530 }, 
        {"sofa" : 1,  "begin" : 531,  "end" : 534 }, 
        {"sofa" : 1,  "begin" : 535,  "end" : 538 }, 
        {"sofa" : 1,  "begin" : 539,  "end" : 543 }, 
        {"sofa" : 1,  "begin" : 544,  "end" : 555 }, 
        {"sofa" : 1,  "begin" : 555,  "end" : 556 }, 
        {"sofa" : 1,  "begin" : 557,  "end" : 560 }, 
        {"sofa" : 1,  "begin" : 561,  "end" : 566 }, 
        {"sofa" : 1,  "begin" : 567,  "end" : 569 }, 
        {"sofa" : 1,  "begin" : 570,  "end" : 573 }, 
        {"sofa" : 1,  "begin" : 574,  "end" : 579 }, 
        {"sofa" : 1,  "begin" : 580,  "end" : 582 }, 
        {"sofa" : 1,  "begin" : 583,  "end" : 586 }, 
        {"sofa" : 1,  "begin" : 587,  "end" : 589 }, 
        {"sofa" : 1,  "begin" : 590,  "end" : 594 }, 
        {"sofa" : 1,  "begin" : 595,  "end" : 597 }, 
        {"sofa" : 1,  "begin" : 598,  "end" : 600 }, 
        {"sofa" : 1,  "begin" : 601,  "end" : 610 }, 
        {"sofa" : 1,  "begin" : 610,  "end" : 611 }, 
        {"sofa" : 1,  "begin" : 612,  "end" : 617 }, 
        {"sofa" : 1,  "begin" : 618,  "end" : 623 }, 
        {"sofa" : 1,  "begin" : 624,  "end" : 628 }, 
        {"sofa" : 1,  "begin" : 628,  "end" : 629 }, 
        {"sofa" : 1,  "begin" : 629,  "end" : 635 }, 
        {"sofa" : 1,  "begin" : 636,  "end" : 638 }, 
        {"sofa" : 1,  "begin" : 639,  "end" : 645 }, 
        {"sofa" : 1,  "begin" : 646,  "end" : 648 }, 
        {"sofa" : 1,  "begin" : 649,  "end" : 653 }, 
        {"sofa" : 1,  "begin" : 654,  "end" : 656 }, 
        {"sofa" : 1,  "begin" : 657,  "end" : 662 }, 
        {"sofa" : 1,  "begin" : 662,  "end" : 663 }, 
        {"sofa" : 1,  "begin" : 664,  "end" : 667 }, 
        {"sofa" : 1,  "begin" : 668,  "end" : 678 }, 
        {"sofa" : 1,  "begin" : 679,  "end" : 681 }, 
        {"sofa" : 1,  "begin" : 682,  "end" : 688 }, 
        {"sofa" : 1,  "begin" : 689,  "end" : 691 }, 
        {"sofa" : 1,  "begin" : 692,  "end" : 693 }, 
        {"sofa" : 1,  "begin" : 694,  "end" : 703 }, 
        {"sofa" : 1,  "begin" : 704,  "end" : 709 }, 
        {"sofa" : 1,  "begin" : 710,  "end" : 720 }, 
        {"sofa" : 1,  "begin" : 721,  "end" : 725 }, 
        {"sofa" : 1,  "begin" : 725,  "end" : 726 }, 
        {"sofa" : 1,  "begin" : 727,  "end" : 735 }, 
        {"sofa" : 1,  "begin" : 736,  "end" : 742 }, 
        {"sofa" : 1,  "begin" : 743,  "end" : 747 }, 
        {"sofa" : 1,  "begin" : 748,  "end" : 750 }, 
        {"sofa" : 1,  "begin" : 751,  "end" : 756 }, 
        {"sofa" : 1,  "begin" : 757,  "end" : 765 }, 
        {"sofa" : 1,  "begin" : 766,  "end" : 772 }, 
        {"sofa" : 1,  "begin" : 772,  "end" : 773 }, 
        {"sofa" : 1,  "begin" : 774,  "end" : 775 }, 
        {"sofa" : 1,  "begin" : 775,  "end" : 776 }, 
        {"sofa" : 1,  "begin" : 777,  "end" : 779 }, 
        {"sofa" : 1,  "begin" : 780,  "end" : 786 }, 
        {"sofa" : 1,  "begin" : 787,  "end" : 789 }, 
        {"sofa" : 1,  "begin" : 790,  "end" : 798 }, 
        {"sofa" : 1,  "begin" : 799,  "end" : 802 }, 
        {"sofa" : 1,  "begin" : 803,  "end" : 814 }, 
        {"sofa" : 1,  "begin" : 815,  "end" : 817 }, 
        {"sofa" : 1,  "begin" : 818,  "end" : 821 }, 
        {"sofa" : 1,  "begin" : 822,  "end" : 826 }, 
        {"sofa" : 1,  "begin" : 826,  "end" : 827 }, 
        {"sofa" : 1,  "begin" : 828,  "end" : 829 }, 
        {"sofa" : 1,  "begin" : 829,  "end" : 830 }, 
        {"sofa" : 1,  "begin" : 831,  "end" : 833 }, 
        {"sofa" : 1,  "begin" : 834,  "end" : 840 }, 
        {"sofa" : 1,  "begin" : 841,  "end" : 843 }, 
        {"sofa" : 1,  "begin" : 844,  "end" : 856 }, 
        {"sofa" : 1,  "begin" : 856,  "end" : 857 }, 
        {"sofa" : 1,  "begin" : 858,  "end" : 863 }, 
        {"sofa" : 1,  "begin" : 864,  "end" : 874 }, 
        {"sofa" : 1,  "begin" : 874,  "end" : 875 }, 
        {"sofa" : 1,  "begin" : 876,  "end" : 880 }, 
        {"sofa" : 1,  "begin" : 881,  "end" : 891 }, 
        {"sofa" : 1,  "begin" : 892,  "end" : 897 }, 
        {"sofa" : 1,  "begin" : 898,  "end" : 900 }, 
        {"sofa" : 1,  "begin" : 901,  "end" : 910 }, 
        {"sofa" : 1,  "begin" : 911,  "end" : 915 }, 
        {"sofa" : 1,  "begin" : 916,  "end" : 918 }, 
        {"sofa" : 1,  "begin" : 919,  "end" : 924 }, 
        {"sofa" : 1,  "begin" : 925,  "end" : 933 }, 
        {"sofa" : 1,  "begin" : 934,  "end" : 949 }, 
        {"sofa" : 1,  "begin" : 950,  "end" : 952 }, 
        {"sofa" : 1,  "begin" : 953,  "end" : 966 }, 
        {"sofa" : 1,  "begin" : 967,  "end" : 974 }, 
        {"sofa" : 1,  "begin" : 975,  "end" : 978 }, 
        {"sofa" : 1,  "begin" : 979,  "end" : 985 }, 
        {"sofa" : 1,  "begin" : 986,  "end" : 989 }, 
        {"sofa" : 1,  "begin" : 990,  "end" : 994 }, 
        {"sofa" : 1,  "begin" : 995,  "end" : 1003 }, 
        {"sofa" : 1,  "begin" : 1004,  "end" : 1006 }, 
        {"sofa" : 1,  "begin" : 1007,  "end" : 1008 }, 
        {"sofa" : 1,  "begin" : 1009,  "end" : 1017 }, 
        {"sofa" : 1,  "begin" : 1018,  "end" : 1023 }, 
        {"sofa" : 1,  "begin" : 1023,  "end" : 1024 }, 
        {"sofa" : 1,  "begin" : 1025,  "end" : 1027 }, 
        {"sofa" : 1,  "begin" : 1028,  "end" : 1032 }, 
        {"sofa" : 1,  "begin" : 1033,  "end" : 1035 }, 
        {"sofa" : 1,  "begin" : 1036,  "end" : 1039 }, 
        {"sofa" : 1,  "begin" : 1040,  "end" : 1046 }, 
        {"sofa" : 1,  "begin" : 1047,  "end" : 1052 }, 
        {"sofa" : 1,  "begin" : 1053,  "end" : 1060 }, 
        {"sofa" : 1,  "begin" : 1061,  "end" : 1064 }, 
        {"sofa" : 1,  "begin" : 1065,  "end" : 1070 }, 
        {"sofa" : 1,  "begin" : 1071,  "end" : 1080 }, 
        {"sofa" : 1,  "begin" : 1081,  "end" : 1085 }, 
        {"sofa" : 1,  "begin" : 1086,  "end" : 1092 }, 
        {"sofa" : 1,  "begin" : 1093,  "end" : 1099 }, 
        {"sofa" : 1,  "begin" : 1099,  "end" : 1100 }, 
        {"sofa" : 1,  "begin" : 1101,  "end" : 1103 }, 
        {"sofa" : 1,  "begin" : 1104,  "end" : 1107 }, 
        {"sofa" : 1,  "begin" : 1108,  "end" : 1110 }, 
        {"sofa" : 1,  "begin" : 1111,  "end" : 1114 }, 
        {"sofa" : 1,  "begin" : 1115,  "end" : 1123 }, 
        {"sofa" : 1,  "begin" : 1124,  "end" : 1130 }, 
        {"sofa" : 1,  "begin" : 1131,  "end" : 1133 }, 
        {"sofa" : 1,  "begin" : 1134,  "end" : 1141 }, 
        {"sofa" : 1,  "begin" : 1142,  "end" : 1146 }, 
        {"sofa" : 1,  "begin" : 1147,  "end" : 1151 }, 
        {"sofa" : 1,  "begin" : 1151,  "end" : 1152 }, 
        {"sofa" : 1,  "begin" : 1153,  "end" : 1157 }, 
        {"sofa" : 1,  "begin" : 1158,  "end" : 1164 }, 
        {"sofa" : 1,  "begin" : 1165,  "end" : 1173 }, 
        {"sofa" : 1,  "begin" : 1173,  "end" : 1174 }, 
        {"sofa" : 1,  "begin" : 1175,  "end" : 1176 }, 
        {"sofa" : 1,  "begin" : 1176,  "end" : 1177 }, 
        {"sofa" : 1,  "begin" : 1178,  "end" : 1181 }, 
        {"sofa" : 1,  "begin" : 1182,  "end" : 1185 }, 
        {"sofa" : 1,  "begin" : 1186,  "end" : 1190 }, 
        {"sofa" : 1,  "begin" : 1191,  "end" : 1200 }, 
        {"sofa" : 1,  "begin" : 1201,  "end" : 1203 }, 
        {"sofa" : 1,  "begin" : 1204,  "end" : 1209 }, 
        {"sofa" : 1,  "begin" : 1210,  "end" : 1212 }, 
        {"sofa" : 1,  "begin" : 1213,  "end" : 1216 }, 
        {"sofa" : 1,  "begin" : 1217,  "end" : 1224 }, 
        {"sofa" : 1,  "begin" : 1225,  "end" : 1228 }, 
        {"sofa" : 1,  "begin" : 1229,  "end" : 1233 }, 
        {"sofa" : 1,  "begin" : 1234,  "end" : 1236 }, 
        {"sofa" : 1,  "begin" : 1237,  "end" : 1239 }, 
        {"sofa" : 1,  "begin" : 1240,  "end" : 1246 }, 
        {"sofa" : 1,  "begin" : 1246,  "end" : 1247 }, 
        {"sofa" : 1,  "begin" : 1248,  "end" : 1249 }, 
        {"sofa" : 1,  "begin" : 1249,  "end" : 1250 }, 
        {"sofa" : 1,  "begin" : 1251,  "end" : 1254 }, 
        {"sofa" : 1,  "begin" : 1255,  "end" : 1263 }, 
        {"sofa" : 1,  "begin" : 1264,  "end" : 1270 }, 
        {"sofa" : 1,  "begin" : 1271,  "end" : 1273 }, 
        {"sofa" : 1,  "begin" : 1274,  "end" : 1278 }, 
        {"sofa" : 1,  "begin" : 1279,  "end" : 1281 }, 
        {"sofa" : 1,  "begin" : 1282,  "end" : 1287 }, 
        {"sofa" : 1,  "begin" : 1287,  "end" : 1288 }, 
        {"sofa" : 1,  "begin" : 1289,  "end" : 1290 }, 
        {"sofa" : 1,  "begin" : 1290,  "end" : 1292 }, 
        {"sofa" : 1,  "begin" : 1293,  "end" : 1297 }, 
        {"sofa" : 1,  "begin" : 1298,  "end" : 1302 }, 
        {"sofa" : 1,  "begin" : 1303,  "end" : 1307 }, 
        {"sofa" : 1,  "begin" : 1308,  "end" : 1310 }, 
        {"sofa" : 1,  "begin" : 1311,  "end" : 1314 }, 
        {"sofa" : 1,  "begin" : 1315,  "end" : 1319 }, 
        {"sofa" : 1,  "begin" : 1320,  "end" : 1325 }, 
        {"sofa" : 1,  "begin" : 1326,  "end" : 1328 }, 
        {"sofa" : 1,  "begin" : 1329,  "end" : 1335 }, 
        {"sofa" : 1,  "begin" : 1335,  "end" : 1336 }, 
        {"sofa" : 1,  "begin" : 1337,  "end" : 1340 }, 
        {"sofa" : 1,  "begin" : 1341,  "end" : 1349 }, 
        {"sofa" : 1,  "begin" : 1350,  "end" : 1357 }, 
        {"sofa" : 1,  "begin" : 1358,  "end" : 1362 }, 
        {"sofa" : 1,  "begin" : 1363,  "end" : 1365 }, 
        {"sofa" : 1,  "begin" : 1366,  "end" : 1368 }, 
        {"sofa" : 1,  "begin" : 1369,  "end" : 1374 }, 
        {"sofa" : 1,  "begin" : 1375,  "end" : 1380 }, 
        {"sofa" : 1,  "begin" : 1380,  "end" : 1381 }, 
        {"sofa" : 1,  "begin" : 1382,  "end" : 1387 }, 
        {"sofa" : 1,  "begin" : 1388,  "end" : 1390 }, 
        {"sofa" : 1,  "begin" : 1391,  "end" : 1396 }, 
        {"sofa" : 1,  "begin" : 1397,  "end" : 1401 }, 
        {"sofa" : 1,  "begin" : 1402,  "end" : 1412 }, 
        {"sofa" : 1,  "begin" : 1413,  "end" : 1418 }, 
        {"sofa" : 1,  "begin" : 1419,  "end" : 1421 }, 
        {"sofa" : 1,  "begin" : 1422,  "end" : 1426 }, 
        {"sofa" : 1,  "begin" : 1427,  "end" : 1432 }, 
        {"sofa" : 1,  "begin" : 1432,  "end" : 1433 }, 
        {"sofa" : 1,  "begin" : 1434,  "end" : 1436 }, 
        {"sofa" : 1,  "begin" : 1437,  "end" : 1441 }, 
        {"sofa" : 1,  "begin" : 1442,  "end" : 1444 }, 
        {"sofa" : 1,  "begin" : 1445,  "end" : 1453 }, 
        {"sofa" : 1,  "begin" : 1454,  "end" : 1456 }, 
        {"sofa" : 1,  "begin" : 1457,  "end" : 1460 }, 
        {"sofa" : 1,  "begin" : 1461,  "end" : 1468 }, 
        {"sofa" : 1,  "begin" : 1468,  "end" : 1469 }, 
        {"sofa" : 1,  "begin" : 1470,  "end" : 1473 }, 
        {"sofa" : 1,  "begin" : 1474,  "end" : 1478 }, 
        {"sofa" : 1,  "begin" : 1479,  "end" : 1489 }, 
        {"sofa" : 1,  "begin" : 1490,  "end" : 1494 }, 
        {"sofa" : 1,  "begin" : 1495,  "end" : 1498 }, 
        {"sofa" : 1,  "begin" : 1499,  "end" : 1504 }, 
        {"sofa" : 1,  "begin" : 1505,  "end" : 1507 }, 
        {"sofa" : 1,  "begin" : 1508,  "end" : 1511 }, 
        {"sofa" : 1,  "begin" : 1512,  "end" : 1517 }, 
        {"sofa" : 1,  "begin" : 1518,  "end" : 1525 }, 
        {"sofa" : 1,  "begin" : 1526,  "end" : 1528 }, 
        {"sofa" : 1,  "begin" : 1528,  "end" : 1529 }, 
        {"sofa" : 1,  "begin" : 1530,  "end" : 1539 }, 
        {"sofa" : 1,  "begin" : 1540,  "end" : 1545 }, 
        {"sofa" : 1,  "begin" : 1546,  "end" : 1552 }, 
        {"sofa" : 1,  "begin" : 1553,  "end" : 1555 }, 
        {"sofa" : 1,  "begin" : 1556,  "end" : 1561 }, 
        {"sofa" : 1,  "begin" : 1562,  "end" : 1565 }, 
        {"sofa" : 1,  "begin" : 1566,  "end" : 1576 }, 
        {"sofa" : 1,  "begin" : 1577,  "end" : 1588 }, 
        {"sofa" : 1,  "begin" : 1589,  "end" : 1591 }, 
        {"sofa" : 1,  "begin" : 1592,  "end" : 1595 }, 
        {"sofa" : 1,  "begin" : 1596,  "end" : 1600 }, 
        {"sofa" : 1,  "begin" : 1600,  "end" : 1601 }, 
        {"sofa" : 1,  "begin" : 1602,  "end" : 1608 }, 
        {"sofa" : 1,  "begin" : 1609,  "end" : 1614 }, 
        {"sofa" : 1,  "begin" : 1615,  "end" : 1618 }, 
        {"sofa" : 1,  "begin" : 1619,  "end" : 1621 }, 
        {"sofa" : 1,  "begin" : 1622,  "end" : 1625 }, 
        {"sofa" : 1,  "begin" : 1626,  "end" : 1632 }, 
        {"sofa" : 1,  "begin" : 1633,  "end" : 1636 }, 
        {"sofa" : 1,  "begin" : 1637,  "end" : 1638 }, 
        {"sofa" : 1,  "begin" : 1638,  "end" : 1640 }, 
        {"sofa" : 1,  "begin" : 1641,  "end" : 1644 }, 
        {"sofa" : 1,  "begin" : 1645,  "end" : 1653 }, 
        {"sofa" : 1,  "begin" : 1654,  "end" : 1659 }, 
        {"sofa" : 1,  "begin" : 1659,  "end" : 1660 }, 
        {"sofa" : 1,  "begin" : 1661,  "end" : 1665 }, 
        {"sofa" : 1,  "begin" : 1666,  "end" : 1669 }, 
        {"sofa" : 1,  "begin" : 1670,  "end" : 1674 }, 
        {"sofa" : 1,  "begin" : 1674,  "end" : 1675 }, 
        {"sofa" : 1,  "begin" : 1676,  "end" : 1678 }, 
        {"sofa" : 1,  "begin" : 1679,  "end" : 1682 }, 
        {"sofa" : 1,  "begin" : 1683,  "end" : 1688 }, 
        {"sofa" : 1,  "begin" : 1689,  "end" : 1694 }, 
        {"sofa" : 1,  "begin" : 1695,  "end" : 1697 }, 
        {"sofa" : 1,  "begin" : 1698,  "end" : 1700 }, 
        {"sofa" : 1,  "begin" : 1701,  "end" : 1703 }, 
        {"sofa" : 1,  "begin" : 1704,  "end" : 1706 }, 
        {"sofa" : 1,  "begin" : 1707,  "end" : 1715 }, 
        {"sofa" : 1,  "begin" : 1715,  "end" : 1716 }, 
        {"sofa" : 1,  "begin" : 1717,  "end" : 1721 }, 
        {"sofa" : 1,  "begin" : 1722,  "end" : 1724 }, 
        {"sofa" : 1,  "begin" : 1725,  "end" : 1729 }, 
        {"sofa" : 1,  "begin" : 1730,  "end" : 1732 }, 
        {"sofa" : 1,  "begin" : 1733,  "end" : 1742 }, 
        {"sofa" : 1,  "begin" : 1743,  "end" : 1745 }, 
        {"sofa" : 1,  "begin" : 1746,  "end" : 1748 }, 
        {"sofa" : 1,  "begin" : 1749,  "end" : 1755 }, 
        {"sofa" : 1,  "begin" : 1755,  "end" : 1756 }, 
        {"sofa" : 1,  "begin" : 1757,  "end" : 1763 }, 
        {"sofa" : 1,  "begin" : 1764,  "end" : 1767 }, 
        {"sofa" : 1,  "begin" : 1768,  "end" : 1773 }, 
        {"sofa" : 1,  "begin" : 1774,  "end" : 1776 }, 
        {"sofa" : 1,  "begin" : 1777,  "end" : 1785 }, 
        {"sofa" : 1,  "begin" : 1786,  "end" : 1791 }, 
        {"sofa" : 1,  "begin" : 1792,  "end" : 1794 }, 
        {"sofa" : 1,  "begin" : 1795,  "end" : 1798 }, 
        {"sofa" : 1,  "begin" : 1799,  "end" : 1803 }, 
        {"sofa" : 1,  "begin" : 1803,  "end" : 1804 }, 
        {"sofa" : 1,  "begin" : 1805,  "end" : 1808 }, 
        {"sofa" : 1,  "begin" : 1809,  "end" : 1812 }, 
        {"sofa" : 1,  "begin" : 1813,  "end" : 1816 }, 
        {"sofa" : 1,  "begin" : 1817,  "end" : 1822 }, 
        {"sofa" : 1,  "begin" : 1823,  "end" : 1826 }, 
        {"sofa" : 1,  "begin" : 1827,  "end" : 1829 }, 
        {"sofa" : 1,  "begin" : 1830,  "end" : 1834 }, 
        {"sofa" : 1,  "begin" : 1835,  "end" : 1839 }, 
        {"sofa" : 1,  "begin" : 1840,  "end" : 1843 }, 
        {"sofa" : 1,  "begin" : 1844,  "end" : 1850 }, 
        {"sofa" : 1,  "begin" : 1851,  "end" : 1853 }, 
        {"sofa" : 1,  "begin" : 1854,  "end" : 1856 }, 
        {"sofa" : 1,  "begin" : 1856,  "end" : 1857 }, 
        {"sofa" : 1,  "begin" : 1858,  "end" : 1861 }, 
        {"sofa" : 1,  "begin" : 1862,  "end" : 1869 }, 
        {"sofa" : 1,  "begin" : 1870,  "end" : 1880 }, 
        {"sofa" : 1,  "begin" : 1881,  "end" : 1887 }, 
        {"sofa" : 1,  "begin" : 1888,  "end" : 1895 }, 
        {"sofa" : 1,  "begin" : 1896,  "end" : 1900 }, 
        {"sofa" : 1,  "begin" : 1901,  "end" : 1906 }, 
        {"sofa" : 1,  "begin" : 1907,  "end" : 1913 }, 
        {"sofa" : 1,  "begin" : 1914,  "end" : 1916 }, 
        {"sofa" : 1,  "begin" : 1917,  "end" : 1920 }, 
        {"sofa" : 1,  "begin" : 1921,  "end" : 1930 }, 
        {"sofa" : 1,  "begin" : 1930,  "end" : 1931 }, 
        {"sofa" : 1,  "begin" : 1932,  "end" : 1934 }, 
        {"sofa" : 1,  "begin" : 1935,  "end" : 1939 }, 
        {"sofa" : 1,  "begin" : 1940,  "end" : 1943 }, 
        {"sofa" : 1,  "begin" : 1944,  "end" : 1948 }, 
        {"sofa" : 1,  "begin" : 1949,  "end" : 1954 }, 
        {"sofa" : 1,  "begin" : 1954,  "end" : 1955 }, 
        {"sofa" : 1,  "begin" : 1956,  "end" : 1959 }, 
        {"sofa" : 1,  "begin" : 1960,  "end" : 1964 }, 
        {"sofa" : 1,  "begin" : 1965,  "end" : 1967 }, 
        {"sofa" : 1,  "begin" : 1968,  "end" : 1971 }, 
        {"sofa" : 1,  "begin" : 1972,  "end" : 1977 }, 
        {"sofa" : 1,  "begin" : 1977,  "end" : 1978 }, 
        {"sofa" : 1,  "begin" : 1979,  "end" : 1980 }, 
        {"sofa" : 1,  "begin" : 1981,  "end" : 1985 }, 
        {"sofa" : 1,  "begin" : 1986,  "end" : 1989 }, 
        {"sofa" : 1,  "begin" : 1990,  "end" : 2000 }, 
        {"sofa" : 1,  "begin" : 2001,  "end" : 2007 }, 
        {"sofa" : 1,  "begin" : 2008,  "end" : 2011 }, 
        {"sofa" : 1,  "begin" : 2012,  "end" : 2014 }, 
        {"sofa" : 1,  "begin" : 2014,  "end" : 2015 }, 
        {"sofa" : 1,  "begin" : 2016,  "end" : 2026 }, 
        {"sofa" : 1,  "begin" : 2027,  "end" : 2030 }, 
        {"sofa" : 1,  "begin" : 2031,  "end" : 2036 }, 
        {"sofa" : 1,  "begin" : 2037,  "end" : 2042 }, 
        {"sofa" : 1,  "begin" : 2043,  "end" : 2044 }, 
        {"sofa" : 1,  "begin" : 2044,  "end" : 2049 }, 
        {"sofa" : 1,  "begin" : 2050,  "end" : 2052 }, 
        {"sofa" : 1,  "begin" : 2052,  "end" : 2053 }, 
        {"sofa" : 1,  "begin" : 2054,  "end" : 2058 }, 
        {"sofa" : 1,  "begin" : 2059,  "end" : 2061 }, 
        {"sofa" : 1,  "begin" : 2062,  "end" : 2067 }, 
        {"sofa" : 1,  "begin" : 2068,  "end" : 2070 }, 
        {"sofa" : 1,  "begin" : 2071,  "end" : 2075 }, 
        {"sofa" : 1,  "begin" : 2076,  "end" : 2084 }, 
        {"sofa" : 1,  "begin" : 2085,  "end" : 2091 }, 
        {"sofa" : 1,  "begin" : 2092,  "end" : 2100 }, 
        {"sofa" : 1,  "begin" : 2101,  "end" : 2113 }, 
        {"sofa" : 1,  "begin" : 2114,  "end" : 2116 }, 
        {"sofa" : 1,  "begin" : 2117,  "end" : 2124 }, 
        {"sofa" : 1,  "begin" : 2124,  "end" : 2125 }, 
        {"sofa" : 1,  "begin" : 2126,  "end" : 2128 }, 
        {"sofa" : 1,  "begin" : 2129,  "end" : 2131 }, 
        {"sofa" : 1,  "begin" : 2132,  "end" : 2136 }, 
        {"sofa" : 1,  "begin" : 2137,  "end" : 2141 }, 
        {"sofa" : 1,  "begin" : 2142,  "end" : 2144 }, 
        {"sofa" : 1,  "begin" : 2145,  "end" : 2148 }, 
        {"sofa" : 1,  "begin" : 2149,  "end" : 2159 }, 
        {"sofa" : 1,  "begin" : 2160,  "end" : 2162 }, 
        {"sofa" : 1,  "begin" : 2163,  "end" : 2166 }, 
        {"sofa" : 1,  "begin" : 2167,  "end" : 2172 }, 
        {"sofa" : 1,  "begin" : 2172,  "end" : 2173 }, 
        {"sofa" : 1,  "begin" : 2174,  "end" : 2178 }, 
        {"sofa" : 1,  "begin" : 2179,  "end" : 2183 }, 
        {"sofa" : 1,  "begin" : 2184,  "end" : 2188 }, 
        {"sofa" : 1,  "begin" : 2189,  "end" : 2193 }, 
        {"sofa" : 1,  "begin" : 2194,  "end" : 2196 }, 
        {"sofa" : 1,  "begin" : 2197,  "end" : 2202 }, 
        {"sofa" : 1,  "begin" : 2203,  "end" : 2205 }, 
        {"sofa" : 1,  "begin" : 2206,  "end" : 2209 }, 
        {"sofa" : 1,  "begin" : 2210,  "end" : 2218 }, 
        {"sofa" : 1,  "begin" : 2219,  "end" : 2226 }, 
        {"sofa" : 1,  "begin" : 2227,  "end" : 2229 }, 
        {"sofa" : 1,  "begin" : 2230,  "end" : 2239 }, 
        {"sofa" : 1,  "begin" : 2239,  "end" : 2240 }, 
        {"sofa" : 1,  "begin" : 2241,  "end" : 2242 }, 
        {"sofa" : 1,  "begin" : 2243,  "end" : 2247 }, 
        {"sofa" : 1,  "begin" : 2248,  "end" : 2258 }, 
        {"sofa" : 1,  "begin" : 2258,  "end" : 2259 }, 
        {"sofa" : 1,  "begin" : 2260,  "end" : 2261 }, 
        {"sofa" : 1,  "begin" : 2262,  "end" : 2271 }, 
        {"sofa" : 1,  "begin" : 2272,  "end" : 2277 }, 
        {"sofa" : 1,  "begin" : 2278,  "end" : 2280 }, 
        {"sofa" : 1,  "begin" : 2281,  "end" : 2285 }, 
        {"sofa" : 1,  "begin" : 2285,  "end" : 2286 }, 
        {"sofa" : 1,  "begin" : 2287,  "end" : 2291 }, 
        {"sofa" : 1,  "begin" : 2292,  "end" : 2298 }, 
        {"sofa" : 1,  "begin" : 2299,  "end" : 2301 }, 
        {"sofa" : 1,  "begin" : 2302,  "end" : 2308 }, 
        {"sofa" : 1,  "begin" : 2309,  "end" : 2314 }, 
        {"sofa" : 1,  "begin" : 2315,  "end" : 2319 }, 
        {"sofa" : 1,  "begin" : 2320,  "end" : 2325 }, 
        {"sofa" : 1,  "begin" : 2326,  "end" : 2338 }, 
        {"sofa" : 1,  "begin" : 2339,  "end" : 2341 }, 
        {"sofa" : 1,  "begin" : 2342,  "end" : 2346 }, 
        {"sofa" : 1,  "begin" : 2347,  "end" : 2353 }, 
        {"sofa" : 1,  "begin" : 2353,  "end" : 2354 }, 
        {"sofa" : 1,  "begin" : 2355,  "end" : 2358 }, 
        {"sofa" : 1,  "begin" : 2359,  "end" : 2361 }, 
        {"sofa" : 1,  "begin" : 2362,  "end" : 2367 }, 
        {"sofa" : 1,  "begin" : 2368,  "end" : 2373 }, 
        {"sofa" : 1,  "begin" : 2374,  "end" : 2379 }, 
        {"sofa" : 1,  "begin" : 2380,  "end" : 2384 }, 
        {"sofa" : 1,  "begin" : 2385,  "end" : 2397 }, 
        {"sofa" : 1,  "begin" : 2398,  "end" : 2400 }, 
        {"sofa" : 1,  "begin" : 2400,  "end" : 2401 }, 
        {"sofa" : 1,  "begin" : 2402,  "end" : 2409 }, 
        {"sofa" : 1,  "begin" : 2410,  "end" : 2412 }, 
        {"sofa" : 1,  "begin" : 2413,  "end" : 2416 }, 
        {"sofa" : 1,  "begin" : 2417,  "end" : 2424 }, 
        {"sofa" : 1,  "begin" : 2425,  "end" : 2430 }, 
        {"sofa" : 1,  "begin" : 2430,  "end" : 2431 }, 
        {"sofa" : 1,  "begin" : 2432,  "end" : 2434 }, 
        {"sofa" : 1,  "begin" : 2435,  "end" : 2437 }, 
        {"sofa" : 1,  "begin" : 2438,  "end" : 2441 }, 
        {"sofa" : 1,  "begin" : 2442,  "end" : 2447 }, 
        {"sofa" : 1,  "begin" : 2448,  "end" : 2452 }, 
        {"sofa" : 1,  "begin" : 2452,  "end" : 2453 }, 
        {"sofa" : 1,  "begin" : 2454,  "end" : 2456 }, 
        {"sofa" : 1,  "begin" : 2457,  "end" : 2460 }, 
        {"sofa" : 1,  "begin" : 2461,  "end" : 2466 }, 
        {"sofa" : 1,  "begin" : 2466,  "end" : 2467 }, 
        {"sofa" : 1,  "begin" : 2468,  "end" : 2470 }, 
        {"sofa" : 1,  "begin" : 2471,  "end" : 2476 }, 
        {"sofa" : 1,  "begin" : 2477,  "end" : 2484 }, 
        {"sofa" : 1,  "begin" : 2484,  "end" : 2485 }, 
        {"sofa" : 1,  "begin" : 2486,  "end" : 2489 }, 
        {"sofa" : 1,  "begin" : 2490,  "end" : 2492 }, 
        {"sofa" : 1,  "begin" : 2493,  "end" : 2498 }, 
        {"sofa" : 1,  "begin" : 2499,  "end" : 2502 }, 
        {"sofa" : 1,  "begin" : 2503,  "end" : 2505 }, 
        {"sofa" : 1,  "begin" : 2506,  "end" : 2509 }, 
        {"sofa" : 1,  "begin" : 2510,  "end" : 2518 }, 
        {"sofa" : 1,  "begin" : 2519,  "end" : 2524 }, 
        {"sofa" : 1,  "begin" : 2525,  "end" : 2529 }, 
        {"sofa" : 1,  "begin" : 2530,  "end" : 2536 }, 
        {"sofa" : 1,  "begin" : 2537,  "end" : 2539 }, 
        {"sofa" : 1,  "begin" : 2540,  "end" : 2543 }, 
        {"sofa" : 1,  "begin" : 2544,  "end" : 2554 }, 
        {"sofa" : 1,  "begin" : 2555,  "end" : 2561 }, 
        {"sofa" : 1,  "begin" : 2562,  "end" : 2564 }, 
        {"sofa" : 1,  "begin" : 2565,  "end" : 2568 }, 
        {"sofa" : 1,  "begin" : 2569,  "end" : 2576 }, 
        {"sofa" : 1,  "begin" : 2576,  "end" : 2577 }, 
        {"sofa" : 1,  "begin" : 2578,  "end" : 2582 }, 
        {"sofa" : 1,  "begin" : 2583,  "end" : 2585 }, 
        {"sofa" : 1,  "begin" : 2586,  "end" : 2592 }, 
        {"sofa" : 1,  "begin" : 2593,  "end" : 2595 }, 
        {"sofa" : 1,  "begin" : 2596,  "end" : 2600 }, 
        {"sofa" : 1,  "begin" : 2601,  "end" : 2603 }, 
        {"sofa" : 1,  "begin" : 2604,  "end" : 2611 }, 
        {"sofa" : 1,  "begin" : 2612,  "end" : 2614 }, 
        {"sofa" : 1,  "begin" : 2615,  "end" : 2618 }, 
        {"sofa" : 1,  "begin" : 2619,  "end" : 2627 }, 
        {"sofa" : 1,  "begin" : 2628,  "end" : 2636 }, 
        {"sofa" : 1,  "begin" : 2637,  "end" : 2646 }, 
        {"sofa" : 1,  "begin" : 2647,  "end" : 2649 }, 
        {"sofa" : 1,  "begin" : 2650,  "end" : 2653 }, 
        {"sofa" : 1,  "begin" : 2654,  "end" : 2658 }, 
        {"sofa" : 1,  "begin" : 2658,  "end" : 2659 }, 
        {"sofa" : 1,  "begin" : 2660,  "end" : 2663 }, 
        {"sofa" : 1,  "begin" : 2664,  "end" : 2668 }, 
        {"sofa" : 1,  "begin" : 2669,  "end" : 2674 }, 
        {"sofa" : 1,  "begin" : 2675,  "end" : 2683 }, 
        {"sofa" : 1,  "begin" : 2684,  "end" : 2691 }, 
        {"sofa" : 1,  "begin" : 2692,  "end" : 2693 }, 
        {"sofa" : 1,  "begin" : 2693,  "end" : 2698 }, 
        {"sofa" : 1,  "begin" : 2699,  "end" : 2707 }, 
        {"sofa" : 1,  "begin" : 2707,  "end" : 2708 }, 
        {"sofa" : 1,  "begin" : 2709,  "end" : 2712 }, 
        {"sofa" : 1,  "begin" : 2713,  "end" : 2718 }, 
        {"sofa" : 1,  "begin" : 2719,  "end" : 2720 }, 
        {"sofa" : 1,  "begin" : 2721,  "end" : 2725 }, 
        {"sofa" : 1,  "begin" : 2726,  "end" : 2734 }, 
        {"sofa" : 1,  "begin" : 2735,  "end" : 2740 }, 
        {"sofa" : 1,  "begin" : 2740,  "end" : 2741 }, 
        {"sofa" : 1,  "begin" : 2742,  "end" : 2752 }, 
        {"sofa" : 1,  "begin" : 2753,  "end" : 2756 }, 
        {"sofa" : 1,  "begin" : 2757,  "end" : 2761 }, 
        {"sofa" : 1,  "begin" : 2762,  "end" : 2774 }, 
        {"sofa" : 1,  "begin" : 2775,  "end" : 2778 }, 
        {"sofa" : 1,  "begin" : 2779,  "end" : 2783 }, 
        {"sofa" : 1,  "begin" : 2784,  "end" : 2789 }, 
        {"sofa" : 1,  "begin" : 2790,  "end" : 2794 }, 
        {"sofa" : 1,  "begin" : 2795,  "end" : 2801 }, 
        {"sofa" : 1,  "begin" : 2802,  "end" : 2810 }, 
        {"sofa" : 1,  "begin" : 2811,  "end" : 2817 }, 
        {"sofa" : 1,  "begin" : 2817,  "end" : 2818 }, 
        {"sofa" : 1,  "begin" : 2819,  "end" : 2828 }, 
        {"sofa" : 1,  "begin" : 2829,  "end" : 2833 }, 
        {"sofa" : 1,  "begin" : 2834,  "end" : 2837 }, 
        {"sofa" : 1,  "begin" : 2837,  "end" : 2838 }, 
        {"sofa" : 1,  "begin" : 2839,  "end" : 2842 }, 
        {"sofa" : 1,  "begin" : 2843,  "end" : 2850 }, 
        {"sofa" : 1,  "begin" : 2850,  "end" : 2851 }, 
        {"sofa" : 1,  "begin" : 2852,  "end" : 2854 }, 
        {"sofa" : 1,  "begin" : 2855,  "end" : 2856 }, 
        {"sofa" : 1,  "begin" : 2857,  "end" : 2861 }, 
        {"sofa" : 1,  "begin" : 2862,  "end" : 2867 }, 
        {"sofa" : 1,  "begin" : 2868,  "end" : 2876 }, 
        {"sofa" : 1,  "begin" : 2877,  "end" : 2879 }, 
        {"sofa" : 1,  "begin" : 2880,  "end" : 2882 }, 
        {"sofa" : 1,  "begin" : 2883,  "end" : 2888 }, 
        {"sofa" : 1,  "begin" : 2888,  "end" : 2889 }, 
        {"sofa" : 1,  "begin" : 2890,  "end" : 2893 }, 
        {"sofa" : 1,  "begin" : 2894,  "end" : 2896 }, 
        {"sofa" : 1,  "begin" : 2897,  "end" : 2901 }, 
        {"sofa" : 1,  "begin" : 2902,  "end" : 2908 }, 
        {"sofa" : 1,  "begin" : 2908,  "end" : 2909 }, 
        {"sofa" : 1,  "begin" : 2910,  "end" : 2911 }, 
        {"sofa" : 1,  "begin" : 2912,  "end" : 2916 }, 
        {"sofa" : 1,  "begin" : 2917,  "end" : 2921 }, 
        {"sofa" : 1,  "begin" : 2921,  "end" : 2922 }, 
        {"sofa" : 1,  "begin" : 2923,  "end" : 2931 }, 
        {"sofa" : 1,  "begin" : 2932,  "end" : 2936 }, 
        {"sofa" : 1,  "begin" : 2937,  "end" : 2941 }, 
        {"sofa" : 1,  "begin" : 2942,  "end" : 2945 }, 
        {"sofa" : 1,  "begin" : 2946,  "end" : 2954 }, 
        {"sofa" : 1,  "begin" : 2955,  "end" : 2960 }, 
        {"sofa" : 1,  "begin" : 2961,  "end" : 2963 }, 
        {"sofa" : 1,  "begin" : 2964,  "end" : 2967 }, 
        {"sofa" : 1,  "begin" : 2968,  "end" : 2973 }, 
        {"sofa" : 1,  "begin" : 2974,  "end" : 2978 }, 
        {"sofa" : 1,  "begin" : 2979,  "end" : 2991 }, 
        {"sofa" : 1,  "begin" : 2991,  "end" : 2992 }, 
        {"sofa" : 1,  "begin" : 2993,  "end" : 2995 }, 
        {"sofa" : 1,  "begin" : 2996,  "end" : 2999 }, 
        {"sofa" : 1,  "begin" : 3000,  "end" : 3003 }, 
        {"sofa" : 1,  "begin" : 3004,  "end" : 3008 }, 
        {"sofa" : 1,  "begin" : 3009,  "end" : 3021 }, 
        {"sofa" : 1,  "begin" : 3022,  "end" : 3029 }, 
        {"sofa" : 1,  "begin" : 3030,  "end" : 3034 }, 
        {"sofa" : 1,  "begin" : 3035,  "end" : 3043 }, 
        {"sofa" : 1,  "begin" : 3044,  "end" : 3049 }, 
        {"sofa" : 1,  "begin" : 3049,  "end" : 3050 }, 
        {"sofa" : 1,  "begin" : 3051,  "end" : 3053 }, 
        {"sofa" : 1,  "begin" : 3054,  "end" : 3058 }, 
        {"sofa" : 1,  "begin" : 3059,  "end" : 3063 }, 
        {"sofa" : 1,  "begin" : 3064,  "end" : 3066 }, 
        {"sofa" : 1,  "begin" : 3066,  "end" : 3067 }, 
        {"sofa" : 1,  "begin" : 3068,  "end" : 3072 }, 
        {"sofa" : 1,  "begin" : 3073,  "end" : 3078 }, 
        {"sofa" : 1,  "begin" : 3079,  "end" : 3081 }, 
        {"sofa" : 1,  "begin" : 3082,  "end" : 3093 }, 
        {"sofa" : 1,  "begin" : 3094,  "end" : 3100 }, 
        {"sofa" : 1,  "begin" : 3100,  "end" : 3101 }, 
        {"sofa" : 1,  "begin" : 3102,  "end" : 3106 }, 
        {"sofa" : 1,  "begin" : 3107,  "end" : 3116 }, 
        {"sofa" : 1,  "begin" : 3117,  "end" : 3121 }, 
        {"sofa" : 1,  "begin" : 3122,  "end" : 3128 }, 
        {"sofa" : 1,  "begin" : 3129,  "end" : 3133 }, 
        {"sofa" : 1,  "begin" : 3134,  "end" : 3135 }, 
        {"sofa" : 1,  "begin" : 3136,  "end" : 3142 }, 
        {"sofa" : 1,  "begin" : 3143,  "end" : 3153 }, 
        {"sofa" : 1,  "begin" : 3154,  "end" : 3158 }, 
        {"sofa" : 1,  "begin" : 3159,  "end" : 3171 }, 
        {"sofa" : 1,  "begin" : 3172,  "end" : 3174 }, 
        {"sofa" : 1,  "begin" : 3175,  "end" : 3182 }, 
        {"sofa" : 1,  "begin" : 3182,  "end" : 3183 }, 
        {"sofa" : 1,  "begin" : 3184,  "end" : 3190 }, 
        {"sofa" : 1,  "begin" : 3191,  "end" : 3195 }, 
        {"sofa" : 1,  "begin" : 3196,  "end" : 3204 }, 
        {"sofa" : 1,  "begin" : 3205,  "end" : 3211 }, 
        {"sofa" : 1,  "begin" : 3211,  "end" : 3212 }, 
        {"sofa" : 1,  "begin" : 3213,  "end" : 3216 }, 
        {"sofa" : 1,  "begin" : 3217,  "end" : 3222 }, 
        {"sofa" : 1,  "begin" : 3223,  "end" : 3225 }, 
        {"sofa" : 1,  "begin" : 3226,  "end" : 3230 }, 
        {"sofa" : 1,  "begin" : 3231,  "end" : 3236 }, 
        {"sofa" : 1,  "begin" : 3236,  "end" : 3237 }, 
        {"sofa" : 1,  "begin" : 3238,  "end" : 3241 }, 
        {"sofa" : 1,  "begin" : 3242,  "end" : 3247 }, 
        {"sofa" : 1,  "begin" : 3248,  "end" : 3250 }, 
        {"sofa" : 1,  "begin" : 3251,  "end" : 3255 }, 
        {"sofa" : 1,  "begin" : 3256,  "end" : 3266 }, 
        {"sofa" : 1,  "begin" : 3267,  "end" : 3270 }, 
        {"sofa" : 1,  "begin" : 3271,  "end" : 3275 }, 
        {"sofa" : 1,  "begin" : 3276,  "end" : 3281 }, 
        {"sofa" : 1,  "begin" : 3282,  "end" : 3289 }, 
        {"sofa" : 1,  "begin" : 3289,  "end" : 3290 }, 
        {"sofa" : 1,  "begin" : 3291,  "end" : 3295 }, 
        {"sofa" : 1,  "begin" : 3296,  "end" : 3299 }, 
        {"sofa" : 1,  "begin" : 3300,  "end" : 3303 }, 
        {"sofa" : 1,  "begin" : 3304,  "end" : 3308 }, 
        {"sofa" : 1,  "begin" : 3309,  "end" : 3313 }, 
        {"sofa" : 1,  "begin" : 3314,  "end" : 3319 }, 
        {"sofa" : 1,  "begin" : 3320,  "end" : 3322 }, 
        {"sofa" : 1,  "begin" : 3323,  "end" : 3330 }, 
        {"sofa" : 1,  "begin" : 3331,  "end" : 3336 }, 
        {"sofa" : 1,  "begin" : 3337,  "end" : 3339 }, 
        {"sofa" : 1,  "begin" : 3340,  "end" : 3344 }, 
        {"sofa" : 1,  "begin" : 3345,  "end" : 3352 }, 
        {"sofa" : 1,  "begin" : 3352,  "end" : 3353 }, 
        {"sofa" : 1,  "begin" : 3354,  "end" : 3360 }, 
        {"sofa" : 1,  "begin" : 3361,  "end" : 3366 }, 
        {"sofa" : 1,  "begin" : 3367,  "end" : 3371 }, 
        {"sofa" : 1,  "begin" : 3372,  "end" : 3376 }, 
        {"sofa" : 1,  "begin" : 3377,  "end" : 3380 }, 
        {"sofa" : 1,  "begin" : 3381,  "end" : 3383 }, 
        {"sofa" : 1,  "begin" : 3384,  "end" : 3389 }, 
        {"sofa" : 1,  "begin" : 3390,  "end" : 3396 }, 
        {"sofa" : 1,  "begin" : 3397,  "end" : 3399 }, 
        {"sofa" : 1,  "begin" : 3400,  "end" : 3402 }, 
        {"sofa" : 1,  "begin" : 3403,  "end" : 3408 }, 
        {"sofa" : 1,  "begin" : 3408,  "end" : 3409 }, 
        {"sofa" : 1,  "begin" : 3410,  "end" : 3413 }, 
        {"sofa" : 1,  "begin" : 3414,  "end" : 3417 }, 
        {"sofa" : 1,  "begin" : 3418,  "end" : 3423 }, 
        {"sofa" : 1,  "begin" : 3424,  "end" : 3429 }, 
        {"sofa" : 1,  "begin" : 3430,  "end" : 3432 }, 
        {"sofa" : 1,  "begin" : 3433,  "end" : 3436 }, 
        {"sofa" : 1,  "begin" : 3437,  "end" : 3444 }, 
        {"sofa" : 1,  "begin" : 3445,  "end" : 3447 }, 
        {"sofa" : 1,  "begin" : 3448,  "end" : 3449 }, 
        {"sofa" : 1,  "begin" : 3450,  "end" : 3455 }, 
        {"sofa" : 1,  "begin" : 3455,  "end" : 3456 }, 
        {"sofa" : 1,  "begin" : 3457,  "end" : 3460 }, 
        {"sofa" : 1,  "begin" : 3461,  "end" : 3464 }, 
        {"sofa" : 1,  "begin" : 3465,  "end" : 3469 }, 
        {"sofa" : 1,  "begin" : 3470,  "end" : 3475 }, 
        {"sofa" : 1,  "begin" : 3476,  "end" : 3480 }, 
        {"sofa" : 1,  "begin" : 3481,  "end" : 3485 }, 
        {"sofa" : 1,  "begin" : 3486,  "end" : 3496 }, 
        {"sofa" : 1,  "begin" : 3497,  "end" : 3499 }, 
        {"sofa" : 1,  "begin" : 3500,  "end" : 3503 }, 
        {"sofa" : 1,  "begin" : 3504,  "end" : 3512 }, 
        {"sofa" : 1,  "begin" : 3513,  "end" : 3515 }, 
        {"sofa" : 1,  "begin" : 3516,  "end" : 3522 }, 
        {"sofa" : 1,  "begin" : 3522,  "end" : 3523 }, 
        {"sofa" : 1,  "begin" : 3524,  "end" : 3528 }, 
        {"sofa" : 1,  "begin" : 3529,  "end" : 3534 }, 
        {"sofa" : 1,  "begin" : 3535,  "end" : 3538 }, 
        {"sofa" : 1,  "begin" : 3539,  "end" : 3544 }, 
        {"sofa" : 1,  "begin" : 3545,  "end" : 3551 }, 
        {"sofa" : 1,  "begin" : 3552,  "end" : 3556 }, 
        {"sofa" : 1,  "begin" : 3557,  "end" : 3559 }, 
        {"sofa" : 1,  "begin" : 3560,  "end" : 3562 }, 
        {"sofa" : 1,  "begin" : 3563,  "end" : 3571 }, 
        {"sofa" : 1,  "begin" : 3572,  "end" : 3574 }, 
        {"sofa" : 1,  "begin" : 3575,  "end" : 3578 }, 
        {"sofa" : 1,  "begin" : 3579,  "end" : 3587 }, 
        {"sofa" : 1,  "begin" : 3588,  "end" : 3590 }, 
        {"sofa" : 1,  "begin" : 3591,  "end" : 3600 }, 
        {"sofa" : 1,  "begin" : 3601,  "end" : 3608 }, 
        {"sofa" : 1,  "begin" : 3608,  "end" : 3609 }, 
        {"sofa" : 1,  "begin" : 3610,  "end" : 3612 }, 
        {"sofa" : 1,  "begin" : 3613,  "end" : 3615 }, 
        {"sofa" : 1,  "begin" : 3616,  "end" : 3623 }, 
        {"sofa" : 1,  "begin" : 3624,  "end" : 3628 }, 
        {"sofa" : 1,  "begin" : 3629,  "end" : 3632 }, 
        {"sofa" : 1,  "begin" : 3633,  "end" : 3640 }, 
        {"sofa" : 1,  "begin" : 3641,  "end" : 3643 }, 
        {"sofa" : 1,  "begin" : 3644,  "end" : 3651 }, 
        {"sofa" : 1,  "begin" : 3651,  "end" : 3652 }, 
        {"sofa" : 1,  "begin" : 3653,  "end" : 3657 }, 
        {"sofa" : 1,  "begin" : 3658,  "end" : 3661 }, 
        {"sofa" : 1,  "begin" : 3662,  "end" : 3667 }, 
        {"sofa" : 1,  "begin" : 3668,  "end" : 3671 }, 
        {"sofa" : 1,  "begin" : 3672,  "end" : 3675 }, 
        {"sofa" : 1,  "begin" : 3676,  "end" : 3681 }, 
        {"sofa" : 1,  "begin" : 3682,  "end" : 3692 }, 
        {"sofa" : 1,  "begin" : 3693,  "end" : 3699 }, 
        {"sofa" : 1,  "begin" : 3699,  "end" : 3700 }, 
        {"sofa" : 1,  "begin" : 3701,  "end" : 3704 }, 
        {"sofa" : 1,  "begin" : 3705,  "end" : 3711 }, 
        {"sofa" : 1,  "begin" : 3712,  "end" : 3713 }, 
        {"sofa" : 1,  "begin" : 3714,  "end" : 3722 }, 
        {"sofa" : 1,  "begin" : 3723,  "end" : 3729 }, 
        {"sofa" : 1,  "begin" : 3730,  "end" : 3735 }, 
        {"sofa" : 1,  "begin" : 3736,  "end" : 3739 }, 
        {"sofa" : 1,  "begin" : 3740,  "end" : 3745 }, 
        {"sofa" : 1,  "begin" : 3746,  "end" : 3749 }, 
        {"sofa" : 1,  "begin" : 3750,  "end" : 3755 }, 
        {"sofa" : 1,  "begin" : 3756,  "end" : 3759 }, 
        {"sofa" : 1,  "begin" : 3760,  "end" : 3766 }, 
        {"sofa" : 1,  "begin" : 3767,  "end" : 3772 }, 
        {"sofa" : 1,  "begin" : 3773,  "end" : 3778 }, 
        {"sofa" : 1,  "begin" : 3778,  "end" : 3779 }, 
        {"sofa" : 1,  "begin" : 3780,  "end" : 3782 }, 
        {"sofa" : 1,  "begin" : 3783,  "end" : 3786 }, 
        {"sofa" : 1,  "begin" : 3787,  "end" : 3792 }, 
        {"sofa" : 1,  "begin" : 3793,  "end" : 3797 }, 
        {"sofa" : 1,  "begin" : 3798,  "end" : 3803 }, 
        {"sofa" : 1,  "begin" : 3804,  "end" : 3809 }, 
        {"sofa" : 1,  "begin" : 3810,  "end" : 3813 }, 
        {"sofa" : 1,  "begin" : 3814,  "end" : 3819 }, 
        {"sofa" : 1,  "begin" : 3820,  "end" : 3822 }, 
        {"sofa" : 1,  "begin" : 3823,  "end" : 3826 }, 
        {"sofa" : 1,  "begin" : 3827,  "end" : 3837 }, 
        {"sofa" : 1,  "begin" : 3838,  "end" : 3847 }, 
        {"sofa" : 1,  "begin" : 3848,  "end" : 3850 }, 
        {"sofa" : 1,  "begin" : 3851,  "end" : 3858 }, 
        {"sofa" : 1,  "begin" : 3859,  "end" : 3862 }, 
        {"sofa" : 1,  "begin" : 3863,  "end" : 3873 }, 
        {"sofa" : 1,  "begin" : 3874,  "end" : 3884 }, 
        {"sofa" : 1,  "begin" : 3885,  "end" : 3888 }, 
        {"sofa" : 1,  "begin" : 3889,  "end" : 3896 }, 
        {"sofa" : 1,  "begin" : 3896,  "end" : 3897 }, 
        {"sofa" : 1,  "begin" : 3898,  "end" : 3901 }, 
        {"sofa" : 1,  "begin" : 3902,  "end" : 3903 }, 
        {"sofa" : 1,  "begin" : 3904,  "end" : 3906 }, 
        {"sofa" : 1,  "begin" : 3907,  "end" : 3913 }, 
        {"sofa" : 1,  "begin" : 3914,  "end" : 3917 }, 
        {"sofa" : 1,  "begin" : 3918,  "end" : 3924 }, 
        {"sofa" : 1,  "begin" : 3925,  "end" : 3929 }, 
        {"sofa" : 1,  "begin" : 3930,  "end" : 3934 }, 
        {"sofa" : 1,  "begin" : 3935,  "end" : 3937 }, 
        {"sofa" : 1,  "begin" : 3938,  "end" : 3941 }, 
        {"sofa" : 1,  "begin" : 3941,  "end" : 3942 }, 
        {"sofa" : 1,  "begin" : 3943,  "end" : 3947 }, 
        {"sofa" : 1,  "begin" : 3948,  "end" : 3949 }, 
        {"sofa" : 1,  "begin" : 3950,  "end" : 3952 }, 
        {"sofa" : 1,  "begin" : 3953,  "end" : 3957 }, 
        {"sofa" : 1,  "begin" : 3958,  "end" : 3965 }, 
        {"sofa" : 1,  "begin" : 3966,  "end" : 3969 }, 
        {"sofa" : 1,  "begin" : 3970,  "end" : 3975 }, 
        {"sofa" : 1,  "begin" : 3976,  "end" : 3978 }, 
        {"sofa" : 1,  "begin" : 3979,  "end" : 3989 }, 
        {"sofa" : 1,  "begin" : 3990,  "end" : 3995 }, 
        {"sofa" : 1,  "begin" : 3995,  "end" : 3996 }, 
        {"sofa" : 1,  "begin" : 3997,  "end" : 4000 }, 
        {"sofa" : 1,  "begin" : 4001,  "end" : 4003 }, 
        {"sofa" : 1,  "begin" : 4004,  "end" : 4009 }, 
        {"sofa" : 1,  "begin" : 4010,  "end" : 4015 }, 
        {"sofa" : 1,  "begin" : 4016,  "end" : 4018 }, 
        {"sofa" : 1,  "begin" : 4019,  "end" : 4023 }, 
        {"sofa" : 1,  "begin" : 4024,  "end" : 4030 }, 
        {"sofa" : 1,  "begin" : 4031,  "end" : 4033 }, 
        {"sofa" : 1,  "begin" : 4034,  "end" : 4036 }, 
        {"sofa" : 1,  "begin" : 4037,  "end" : 4046 }, 
        {"sofa" : 1,  "begin" : 4047,  "end" : 4048 }, 
        {"sofa" : 1,  "begin" : 4049,  "end" : 4054 }, 
        {"sofa" : 1,  "begin" : 4054,  "end" : 4055 }, 
        {"sofa" : 1,  "begin" : 4056,  "end" : 4059 }, 
        {"sofa" : 1,  "begin" : 4060,  "end" : 4062 }, 
        {"sofa" : 1,  "begin" : 4063,  "end" : 4064 }, 
        {"sofa" : 1,  "begin" : 4065,  "end" : 4070 }, 
        {"sofa" : 1,  "begin" : 4071,  "end" : 4076 }, 
        {"sofa" : 1,  "begin" : 4077,  "end" : 4080 }, 
        {"sofa" : 1,  "begin" : 4081,  "end" : 4089 }, 
        {"sofa" : 1,  "begin" : 4090,  "end" : 4092 }, 
        {"sofa" : 1,  "begin" : 4093,  "end" : 4096 }, 
        {"sofa" : 1,  "begin" : 4097,  "end" : 4101 }, 
        {"sofa" : 1,  "begin" : 4101,  "end" : 4102 }, 
        {"sofa" : 1,  "begin" : 4103,  "end" : 4105 }, 
        {"sofa" : 1,  "begin" : 4106,  "end" : 4110 }, 
        {"sofa" : 1,  "begin" : 4111,  "end" : 4112 }, 
        {"sofa" : 1,  "begin" : 4113,  "end" : 4118 }, 
        {"sofa" : 1,  "begin" : 4119,  "end" : 4121 }, 
        {"sofa" : 1,  "begin" : 4122,  "end" : 4124 }, 
        {"sofa" : 1,  "begin" : 4125,  "end" : 4129 }, 
        {"sofa" : 1,  "begin" : 4130,  "end" : 4134 }, 
        {"sofa" : 1,  "begin" : 4135,  "end" : 4139 }, 
        {"sofa" : 1,  "begin" : 4140,  "end" : 4142 }, 
        {"sofa" : 1,  "begin" : 4143,  "end" : 4149 }, 
        {"sofa" : 1,  "begin" : 4149,  "end" : 4150 }, 
        {"sofa" : 1,  "begin" : 4151,  "end" : 4154 }, 
        {"sofa" : 1,  "begin" : 4155,  "end" : 4157 }, 
        {"sofa" : 1,  "begin" : 4158,  "end" : 4159 }, 
        {"sofa" : 1,  "begin" : 4160,  "end" : 4166 }, 
        {"sofa" : 1,  "begin" : 4167,  "end" : 4170 }, 
        {"sofa" : 1,  "begin" : 4171,  "end" : 4176 }, 
        {"sofa" : 1,  "begin" : 4177,  "end" : 4181 }, 
        {"sofa" : 1,  "begin" : 4182,  "end" : 4185 }, 
        {"sofa" : 1,  "begin" : 4186,  "end" : 4190 }, 
        {"sofa" : 1,  "begin" : 4190,  "end" : 4191 }, 
        {"sofa" : 1,  "begin" : 4192,  "end" : 4193 }, 
        {"sofa" : 1,  "begin" : 4194,  "end" : 4199 }, 
        {"sofa" : 1,  "begin" : 4200,  "end" : 4201 }, 
        {"sofa" : 1,  "begin" : 4202,  "end" : 4208 }, 
        {"sofa" : 1,  "begin" : 4209,  "end" : 4211 }, 
        {"sofa" : 1,  "begin" : 4212,  "end" : 4217 }, 
        {"sofa" : 1,  "begin" : 4218,  "end" : 4223 }, 
        {"sofa" : 1,  "begin" : 4223,  "end" : 4224 }, 
        {"sofa" : 1,  "begin" : 4225,  "end" : 4226 }, 
        {"sofa" : 1,  "begin" : 4227,  "end" : 4230 }, 
        {"sofa" : 1,  "begin" : 4231,  "end" : 4235 }, 
        {"sofa" : 1,  "begin" : 4236,  "end" : 4238 }, 
        {"sofa" : 1,  "begin" : 4239,  "end" : 4242 }, 
        {"sofa" : 1,  "begin" : 4243,  "end" : 4248 }, 
        {"sofa" : 1,  "begin" : 4249,  "end" : 4253 }, 
        {"sofa" : 1,  "begin" : 4254,  "end" : 4256 }, 
        {"sofa" : 1,  "begin" : 4257,  "end" : 4261 }, 
        {"sofa" : 1,  "begin" : 4262,  "end" : 4266 }, 
        {"sofa" : 1,  "begin" : 4267,  "end" : 4277 }, 
        {"sofa" : 1,  "begin" : 4277,  "end" : 4278 }, 
        {"sofa" : 1,  "begin" : 4279,  "end" : 4283 }, 
        {"sofa" : 1,  "begin" : 4284,  "end" : 4288 }, 
        {"sofa" : 1,  "begin" : 4289,  "end" : 4293 }, 
        {"sofa" : 1,  "begin" : 4294,  "end" : 4301 }, 
        {"sofa" : 1,  "begin" : 4302,  "end" : 4306 }, 
        {"sofa" : 1,  "begin" : 4307,  "end" : 4314 }, 
        {"sofa" : 1,  "begin" : 4314,  "end" : 4315 }, 
        {"sofa" : 1,  "begin" : 4316,  "end" : 4318 }, 
        {"sofa" : 1,  "begin" : 4319,  "end" : 4322 }, 
        {"sofa" : 1,  "begin" : 4323,  "end" : 4329 }, 
        {"sofa" : 1,  "begin" : 4330,  "end" : 4338 }, 
        {"sofa" : 1,  "begin" : 4338,  "end" : 4339 }, 
        {"sofa" : 1,  "begin" : 4340,  "end" : 4342 }, 
        {"sofa" : 1,  "begin" : 4343,  "end" : 4346 }, 
        {"sofa" : 1,  "begin" : 4347,  "end" : 4349 }, 
        {"sofa" : 1,  "begin" : 4350,  "end" : 4361 }, 
        {"sofa" : 1,  "begin" : 4362,  "end" : 4363 }, 
        {"sofa" : 1,  "begin" : 4364,  "end" : 4368 }, 
        {"sofa" : 1,  "begin" : 4369,  "end" : 4372 }, 
        {"sofa" : 1,  "begin" : 4373,  "end" : 4379 }, 
        {"sofa" : 1,  "begin" : 4380,  "end" : 4383 }, 
        {"sofa" : 1,  "begin" : 4383,  "end" : 4384 }, 
        {"sofa" : 1,  "begin" : 4385,  "end" : 4387 }, 
        {"sofa" : 1,  "begin" : 4388,  "end" : 4391 }, 
        {"sofa" : 1,  "begin" : 4392,  "end" : 4404 }, 
        {"sofa" : 1,  "begin" : 4405,  "end" : 4408 }, 
        {"sofa" : 1,  "begin" : 4409,  "end" : 4411 }, 
        {"sofa" : 1,  "begin" : 4412,  "end" : 4418 }, 
        {"sofa" : 1,  "begin" : 4419,  "end" : 4424 }, 
        {"sofa" : 1,  "begin" : 4425,  "end" : 4432 }, 
        {"sofa" : 1,  "begin" : 4433,  "end" : 4437 }, 
        {"sofa" : 1,  "begin" : 4437,  "end" : 4438 }, 
        {"sofa" : 1,  "begin" : 4439,  "end" : 4443 }, 
        {"sofa" : 1,  "begin" : 4444,  "end" : 4449 }, 
        {"sofa" : 1,  "begin" : 4450,  "end" : 4453 }, 
        {"sofa" : 1,  "begin" : 4454,  "end" : 4456 }, 
        {"sofa" : 1,  "begin" : 4457,  "end" : 4461 }, 
        {"sofa" : 1,  "begin" : 4462,  "end" : 4467 }, 
        {"sofa" : 1,  "begin" : 4468,  "end" : 4471 }, 
        {"sofa" : 1,  "begin" : 4472,  "end" : 4480 }, 
        {"sofa" : 1,  "begin" : 4481,  "end" : 4483 }, 
        {"sofa" : 1,  "begin" : 4484,  "end" : 4488 }, 
        {"sofa" : 1,  "begin" : 4489,  "end" : 4491 }, 
        {"sofa" : 1,  "begin" : 4492,  "end" : 4496 }, 
        {"sofa" : 1,  "begin" : 4497,  "end" : 4499 }, 
        {"sofa" : 1,  "begin" : 4499,  "end" : 4500 }, 
        {"sofa" : 1,  "begin" : 4501,  "end" : 4504 }, 
        {"sofa" : 1,  "begin" : 4505,  "end" : 4508 }, 
        {"sofa" : 1,  "begin" : 4509,  "end" : 4511 }, 
        {"sofa" : 1,  "begin" : 4512,  "end" : 4515 }, 
        {"sofa" : 1,  "begin" : 4516,  "end" : 4523 }, 
        {"sofa" : 1,  "begin" : 4524,  "end" : 4526 }, 
        {"sofa" : 1,  "begin" : 4527,  "end" : 4535 }, 
        {"sofa" : 1,  "begin" : 4536,  "end" : 4540 }, 
        {"sofa" : 1,  "begin" : 4541,  "end" : 4546 }, 
        {"sofa" : 1,  "begin" : 4546,  "end" : 4547 }, 
        {"sofa" : 1,  "begin" : 4548,  "end" : 4549 }, 
        {"sofa" : 1,  "begin" : 4550,  "end" : 4554 }, 
        {"sofa" : 1,  "begin" : 4555,  "end" : 4558 }, 
        {"sofa" : 1,  "begin" : 4559,  "end" : 4561 }, 
        {"sofa" : 1,  "begin" : 4562,  "end" : 4564 }, 
        {"sofa" : 1,  "begin" : 4565,  "end" : 4567 }, 
        {"sofa" : 1,  "begin" : 4568,  "end" : 4571 }, 
        {"sofa" : 1,  "begin" : 4572,  "end" : 4580 }, 
        {"sofa" : 1,  "begin" : 4580,  "end" : 4581 }, 
        {"sofa" : 1,  "begin" : 4582,  "end" : 4585 }, 
        {"sofa" : 1,  "begin" : 4586,  "end" : 4590 }, 
        {"sofa" : 1,  "begin" : 4591,  "end" : 4598 }, 
        {"sofa" : 1,  "begin" : 4599,  "end" : 4601 }, 
        {"sofa" : 1,  "begin" : 4602,  "end" : 4611 }, 
        {"sofa" : 1,  "begin" : 4612,  "end" : 4622 }, 
        {"sofa" : 1,  "begin" : 4623,  "end" : 4627 }, 
        {"sofa" : 1,  "begin" : 4628,  "end" : 4633 }, 
        {"sofa" : 1,  "begin" : 4633,  "end" : 4634 }, 
        {"sofa" : 1,  "begin" : 4635,  "end" : 4638 }, 
        {"sofa" : 1,  "begin" : 4639,  "end" : 4641 }, 
        {"sofa" : 1,  "begin" : 4642,  "end" : 4645 }, 
        {"sofa" : 1,  "begin" : 4646,  "end" : 4648 }, 
        {"sofa" : 1,  "begin" : 4648,  "end" : 4649 }, 
        {"sofa" : 1,  "begin" : 4650,  "end" : 4652 }, 
        {"sofa" : 1,  "begin" : 4653,  "end" : 4659 }, 
        {"sofa" : 1,  "begin" : 4660,  "end" : 4662 }, 
        {"sofa" : 1,  "begin" : 4663,  "end" : 4668 }, 
        {"sofa" : 1,  "begin" : 4669,  "end" : 4680 }, 
        {"sofa" : 1,  "begin" : 4681,  "end" : 4686 }, 
        {"sofa" : 1,  "begin" : 4686,  "end" : 4687 }, 
        {"sofa" : 1,  "begin" : 4688,  "end" : 4693 }, 
        {"sofa" : 1,  "begin" : 4694,  "end" : 4700 }, 
        {"sofa" : 1,  "begin" : 4701,  "end" : 4704 }, 
        {"sofa" : 1,  "begin" : 4705,  "end" : 4707 }, 
        {"sofa" : 1,  "begin" : 4708,  "end" : 4710 }, 
        {"sofa" : 1,  "begin" : 4711,  "end" : 4717 }, 
        {"sofa" : 1,  "begin" : 4718,  "end" : 4723 }, 
        {"sofa" : 1,  "begin" : 4724,  "end" : 4728 }, 
        {"sofa" : 1,  "begin" : 4729,  "end" : 4734 }, 
        {"sofa" : 1,  "begin" : 4735,  "end" : 4737 }, 
        {"sofa" : 1,  "begin" : 4738,  "end" : 4741 }, 
        {"sofa" : 1,  "begin" : 4742,  "end" : 4752 }, 
        {"sofa" : 1,  "begin" : 4752,  "end" : 4753 }, 
        {"sofa" : 1,  "begin" : 4754,  "end" : 4757 }, 
        {"sofa" : 1,  "begin" : 4758,  "end" : 4762 }, 
        {"sofa" : 1,  "begin" : 4763,  "end" : 4765 }, 
        {"sofa" : 1,  "begin" : 4766,  "end" : 4773 }, 
        {"sofa" : 1,  "begin" : 4774,  "end" : 4778 }, 
        {"sofa" : 1,  "begin" : 4778,  "end" : 4779 }, 
        {"sofa" : 1,  "begin" : 4780,  "end" : 4782 }, 
        {"sofa" : 1,  "begin" : 4783,  "end" : 4786 }, 
        {"sofa" : 1,  "begin" : 4787,  "end" : 4790 }, 
        {"sofa" : 1,  "begin" : 4791,  "end" : 4796 }, 
        {"sofa" : 1,  "begin" : 4797,  "end" : 4800 }, 
        {"sofa" : 1,  "begin" : 4801,  "end" : 4810 }, 
        {"sofa" : 1,  "begin" : 4810,  "end" : 4811 }, 
        {"sofa" : 1,  "begin" : 4812,  "end" : 4815 }, 
        {"sofa" : 1,  "begin" : 4816,  "end" : 4821 }, 
        {"sofa" : 1,  "begin" : 4822,  "end" : 4825 }, 
        {"sofa" : 1,  "begin" : 4826,  "end" : 4831 }, 
        {"sofa" : 1,  "begin" : 4831,  "end" : 4832 }, 
        {"sofa" : 1,  "begin" : 4833,  "end" : 4835 }, 
        {"sofa" : 1,  "begin" : 4836,  "end" : 4840 }, 
        {"sofa" : 1,  "begin" : 4841,  "end" : 4845 }, 
        {"sofa" : 1,  "begin" : 4846,  "end" : 4850 }, 
        {"sofa" : 1,  "begin" : 4851,  "end" : 4854 }, 
        {"sofa" : 1,  "begin" : 4855,  "end" : 4857 }, 
        {"sofa" : 1,  "begin" : 4858,  "end" : 4861 }, 
        {"sofa" : 1,  "begin" : 4862,  "end" : 4866 }, 
        {"sofa" : 1,  "begin" : 4867,  "end" : 4869 }, 
        {"sofa" : 1,  "begin" : 4870,  "end" : 4876 }, 
        {"sofa" : 1,  "begin" : 4877,  "end" : 4881 }, 
        {"sofa" : 1,  "begin" : 4882,  "end" : 4887 }, 
        {"sofa" : 1,  "begin" : 4888,  "end" : 4896 }, 
        {"sofa" : 1,  "begin" : 4896,  "end" : 4897 }, 
        {"sofa" : 1,  "begin" : 4898,  "end" : 4901 }, 
        {"sofa" : 1,  "begin" : 4902,  "end" : 4905 }, 
        {"sofa" : 1,  "begin" : 4906,  "end" : 4908 }, 
        {"sofa" : 1,  "begin" : 4909,  "end" : 4913 }, 
        {"sofa" : 1,  "begin" : 4914,  "end" : 4916 }, 
        {"sofa" : 1,  "begin" : 4917,  "end" : 4920 }, 
        {"sofa" : 1,  "begin" : 4921,  "end" : 4928 }, 
        {"sofa" : 1,  "begin" : 4928,  "end" : 4929 } ] } }, 
  "_referenced_fss" : {
    "1" : {"_type" : "Sofa",  "sofaNum" : 1,  "sofaID" : "_InitialView",  "mimeType" : "text",  "sofaString" : "The next accident of vrine is the qualitie: and the qualities,\nas witnesseth Mercuriale, according to the doctrine of the Arabian Physitians, are fiue: the smell, the tast, the sound, the touch, and the colour. As for the smell, vrines haue little or no smell, or else a sweet and pleasing smell, or finally a stinking smell. No smell, saith Mercuriall, proceedeth from no other cause then from the extinguishing of naturall heate: howbeit it may sometimes proceed from drinke of a cold qualitie, like as we see in cold countries, and the like complexions, the smell of the vrine is not so much to be discerned. rines smell well,either in regard of diet or drugs: but especially by meanes of a temperate heate concocting well. Stinking vrines come by foure seuerall meanes. 1. By meanes of cruditie and indigestion of the food. 2. By reason of putrefaction. Galen witnesseth, that whatsoeuer thing is putrified hath an euill fauoured smell.Wherefore in Pestilentiall feauers the vrines are most commonly of a stinking smell. As also if the vrines passe through any place oppressed with putrid vlcers; or yet if any purulent matter be mingled with them, they become stinking. 3. The too long retention of vrine in the bladder may make it to stinke. 4. The qualitie either of diet or drugs, (as hath bene said of the good smell of vrines) may likewise procure vnto it an euill smell. Looke at large what Sauonarola saith of this point, if thou be disposed to see further. But what certaintie doth the smell of the vrine affoord vs? whosoeuer shall thinke to helpe his vncertaine coniectures by the same, should leape out of the frying pan (as the prouerbe saith) into the fire. In the first place it is to be obserued, that as well in sicknesse as in health, vrines may offer no pleasing smell to the nose, and yet the party may be free from any danger at al. But because healthfull folkes seldome send their vrines to the Physitian, we will let them passe, and come to the sicke. I will let Scribonius speake for me. Concerning the sicks vrine (saith he) most do teach vs that stinking vrines signifie putrefaction of humours, in so much that by the difference of the smels, they take vpon them to iudge of the seuerall humours so putrified. O wise woodcockes! I willingly yeeld to them, that stinke or strong smell doth argue putrefaction in such vrines: but of which parts shall this putrefaction be? whether of the bladder onely, or of the Liuer also, of the chest, or other members? Nay so farre off is the stinking smell from giuing vs any particular notice of the disease,\nthat it cannot so much as affoord vs any certaine generall knowledge of the same. For many sweet smelling simples (saith Montanus) may cause a most stinking vrine. Cholericke and hote complexioned men void often very strong smelling vrines, howsoeuer free fro? any disease, as I haue often obserued in my selfe. And by what meanes, I pray thee, shouldst thou from the stinking smell of the vrine know putrefaction? or how can this putrefaction procure this stinking smell? If this were so, then would it necessarily follow, that whosoeuer were seised with a feauer proceeding from putrefaction of humours, should voyd stinking vrines, the which is most false. The truth of this assumption may from hence appeare, that for the most part among an hundred sicke of such feauers, scarce shalt thou find one of their vrines so to smell, nor yet their bloud at the opening of a veine. And for this cause well said Sauonarola in his treatise of Vrines, that there are other signes also to be obserued in the annoying of putrified members, if we purpose well and orderly to examine, trie and finde out any skill concerning vrines. And indeed a thousand causes there are which may alter and change their smell. By the smell then onely there can neuer be any certaintie collected to informe our iudgements concerning any disease. But I am afraid the Reader will take it ill, that I so long detaine him among so vnpleasing smels; and my selfe begin to waxe wearie of so vnworthie a thing, and as I neuer tooke any pleasure in the same, so here I leaue it to them that like it better. But if I should yet enter vpon the tast, I feare I should be worse taxed. I can tell no man their tast by mine owne experience. Salt they haue alwayes bene counted, as the teares likewise: If any be incredulous I will not hinder him. If our vrinemongers had no better beere allowed them, they would not so much adore the pissepot as some of them do. But yet if any purpose to practise this point, I wish him to go to the Arabians, who haue written so curiously concerning this point; and it may be, in regard of their aromaticall drugs, their vrines may be of better taste then those of our Europaeans, who feed on grosser food. As for the other two qualities, the sound and touch, we will send them all in one ship to Arabia with their fellowes: and now we come to the colours." }, 
    "13313" : {"_type" : "Span",  "sofa" : 1,  "begin" : 156,  "end" : 161,  "label" : "Smell_Word" }, 
    "13318" : {"_type" : "Span",  "sofa" : 1,  "begin" : 21,  "end" : 26,  "label" : "Smell_Source" }, 
    "13340" : {"_type" : "Span",  "sofa" : 1,  "begin" : 254,  "end" : 259,  "label" : "Smell_Word" }, 
    "13345" : {"_type" : "Span",  "sofa" : 1,  "begin" : 241,  "end" : 247,  "label" : "Quality" }, 
    "13335" : {"_type" : "Span",  "sofa" : 1,  "begin" : 229,  "end" : 235,  "label" : "Smell_Source" }, 
    "13374" : {"_type" : "Span",  "sofa" : 1,  "begin" : 290,  "end" : 295,  "label" : "Smell_Word" }, 
    "13364" : {"_type" : "Span",  "sofa" : 1,  "begin" : 271,  "end" : 276,  "label" : "Quality" }, 
    "13369" : {"_type" : "Span",  "sofa" : 1,  "begin" : 281,  "end" : 289,  "label" : "Quality" }, 
    "13405" : {"_type" : "Span",  "sofa" : 1,  "begin" : 319,  "end" : 324,  "label" : "Smell_Word" }, 
    "13400" : {"_type" : "Span",  "sofa" : 1,  "begin" : 310,  "end" : 318,  "label" : "Quality" }, 
    "13424" : {"_type" : "Span",  "sofa" : 1,  "begin" : 329,  "end" : 334,  "label" : "Smell_Word" }, 
    "13429" : {"_type" : "Span",  "sofa" : 1,  "begin" : 354,  "end" : 430,  "label" : "Circumstances" }, 
    "13441" : {"_type" : "Span",  "sofa" : 1,  "begin" : 561,  "end" : 566,  "label" : "Smell_Word" }, 
    "13446" : {"_type" : "Span",  "sofa" : 1,  "begin" : 567,  "end" : 579,  "label" : "Smell_Source" }, 
    "13458" : {"_type" : "Span",  "sofa" : 1,  "begin" : 618,  "end" : 623,  "label" : "Smell_Word" }, 
    "13463" : {"_type" : "Span",  "sofa" : 1,  "begin" : 612,  "end" : 617,  "label" : "Smell_Source" }, 
    "13475" : {"_type" : "Span",  "sofa" : 1,  "begin" : 624,  "end" : 628,  "label" : "Quality" }, 
    "13487" : {"_type" : "Span",  "sofa" : 1,  "begin" : 629,  "end" : 662,  "label" : "Circumstances" }, 
    "13499" : {"_type" : "Span",  "sofa" : 1,  "begin" : 727,  "end" : 735,  "label" : "Smell_Word" }, 
    "13504" : {"_type" : "Span",  "sofa" : 1,  "begin" : 736,  "end" : 742,  "label" : "Smell_Source" }, 
    "13528" : {"_type" : "Span",  "sofa" : 1,  "begin" : 777,  "end" : 826,  "label" : "Circumstances" }, 
    "13540" : {"_type" : "Span",  "sofa" : 1,  "begin" : 831,  "end" : 856,  "label" : "Circumstances" }, 
    "13552" : {"_type" : "Span",  "sofa" : 1,  "begin" : 934,  "end" : 949,  "label" : "Smell_Word" }, 
    "13557" : {"_type" : "Span",  "sofa" : 1,  "begin" : 925,  "end" : 933,  "label" : "Quality" }, 
    "13567" : {"_type" : "Span",  "sofa" : 1,  "begin" : 919,  "end" : 924,  "label" : "Quality" }, 
    "13586" : {"_type" : "Span",  "sofa" : 1,  "begin" : 881,  "end" : 910,  "label" : "Circumstances" }, 
    "13598" : {"_type" : "Span",  "sofa" : 1,  "begin" : 858,  "end" : 863,  "label" : "Perceiver" }, 
    "13620" : {"_type" : "Span",  "sofa" : 1,  "begin" : 1018,  "end" : 1023,  "label" : "Smell_Word" }, 
    "13615" : {"_type" : "Span",  "sofa" : 1,  "begin" : 950,  "end" : 974,  "label" : "Circumstances" }, 
    "13610" : {"_type" : "Span",  "sofa" : 1,  "begin" : 979,  "end" : 985,  "label" : "Smell_Source" }, 
    "13625" : {"_type" : "Span",  "sofa" : 1,  "begin" : 1009,  "end" : 1017,  "label" : "Quality" }, 
    "13695" : {"_type" : "Span",  "sofa" : 1,  "begin" : 1153,  "end" : 1157,  "label" : "Smell_Source" }, 
    "13668" : {"_type" : "Span",  "sofa" : 1,  "begin" : 1040,  "end" : 1046,  "label" : "Smell_Source" }, 
    "13651" : {"_type" : "Span",  "sofa" : 1,  "begin" : 1165,  "end" : 1173,  "label" : "Smell_Word" }, 
    "13656" : {"_type" : "Span",  "sofa" : 1,  "begin" : 1165,  "end" : 1173,  "label" : "Quality" }, 
    "13685" : {"_type" : "Span",  "sofa" : 1,  "begin" : 1047,  "end" : 1099,  "label" : "Circumstances" }, 
    "13690" : {"_type" : "Span",  "sofa" : 1,  "begin" : 1108,  "end" : 1151,  "label" : "Circumstances" }, 
    "13769" : {"_type" : "Span",  "sofa" : 1,  "begin" : 1234,  "end" : 1236,  "label" : "Smell_Source" }, 
    "13745" : {"_type" : "Span",  "sofa" : 1,  "begin" : 1204,  "end" : 1209,  "label" : "Smell_Source" }, 
    "13728" : {"_type" : "Span",  "sofa" : 1,  "begin" : 1240,  "end" : 1246,  "label" : "Smell_Word" }, 
    "13757" : {"_type" : "Span",  "sofa" : 1,  "begin" : 1178,  "end" : 1224,  "label" : "Circumstances" }, 
    "13793" : {"_type" : "Span",  "sofa" : 1,  "begin" : 1320,  "end" : 1325,  "label" : "Smell_Word" }, 
    "13788" : {"_type" : "Span",  "sofa" : 1,  "begin" : 1315,  "end" : 1319,  "label" : "Quality" }, 
    "13805" : {"_type" : "Span",  "sofa" : 1,  "begin" : 1326,  "end" : 1335,  "label" : "Smell_Source" }, 
    "13834" : {"_type" : "Span",  "sofa" : 1,  "begin" : 1251,  "end" : 1287,  "label" : "Circumstances" }, 
    "13822" : {"_type" : "Span",  "sofa" : 1,  "begin" : 1375,  "end" : 1380,  "label" : "Smell_Word" }, 
    "13817" : {"_type" : "Span",  "sofa" : 1,  "begin" : 1369,  "end" : 1374,  "label" : "Quality" }, 
    "13846" : {"_type" : "Span",  "sofa" : 1,  "begin" : 1337,  "end" : 1380,  "label" : "Effect" }, 
    "13875" : {"_type" : "Span",  "sofa" : 1,  "begin" : 2076,  "end" : 2084,  "label" : "Smell_Word" }, 
    "13880" : {"_type" : "Span",  "sofa" : 1,  "begin" : 2076,  "end" : 2084,  "label" : "Quality" }, 
    "13892" : {"_type" : "Span",  "sofa" : 1,  "begin" : 2085,  "end" : 2091,  "label" : "Smell_Source" }, 
    "13904" : {"_type" : "Span",  "sofa" : 1,  "begin" : 2092,  "end" : 2124,  "label" : "Circumstances" }, 
    "13916" : {"_type" : "Span",  "sofa" : 1,  "begin" : 2167,  "end" : 2172,  "label" : "Smell_Word" }, 
    "13941" : {"_type" : "Span",  "sofa" : 1,  "begin" : 2174,  "end" : 2178,  "label" : "Perceiver" }, 
    "13953" : {"_type" : "Span",  "sofa" : 1,  "begin" : 2206,  "end" : 2239,  "label" : "Smell_Source" }, 
    "13975" : {"_type" : "Span",  "sofa" : 1,  "begin" : 2309,  "end" : 2314,  "label" : "Smell_Word" }, 
    "13970" : {"_type" : "Span",  "sofa" : 1,  "begin" : 2302,  "end" : 2308,  "label" : "Quality" }, 
    "13987" : {"_type" : "Span",  "sofa" : 1,  "begin" : 2292,  "end" : 2298,  "label" : "Quality" }, 
    "14009" : {"_type" : "Span",  "sofa" : 1,  "begin" : 2326,  "end" : 2353,  "label" : "Smell_Source" }, 
    "14026" : {"_type" : "Span",  "sofa" : 1,  "begin" : 2519,  "end" : 2524,  "label" : "Smell_Word" }, 
    "14021" : {"_type" : "Span",  "sofa" : 1,  "begin" : 2510,  "end" : 2518,  "label" : "Quality" }, 
    "14055" : {"_type" : "Span",  "sofa" : 1,  "begin" : 2675,  "end" : 2683,  "label" : "Smell_Word" }, 
    "14050" : {"_type" : "Span",  "sofa" : 1,  "begin" : 2669,  "end" : 2674,  "label" : "Quality" }, 
    "14077" : {"_type" : "Span",  "sofa" : 1,  "begin" : 2726,  "end" : 2734,  "label" : "Smell_Word" }, 
    "14060" : {"_type" : "Span",  "sofa" : 1,  "begin" : 2726,  "end" : 2734,  "label" : "Quality" }, 
    "14065" : {"_type" : "Span",  "sofa" : 1,  "begin" : 2735,  "end" : 2740,  "label" : "Smell_Source" }, 
    "14108" : {"_type" : "Span",  "sofa" : 1,  "begin" : 2802,  "end" : 2810,  "label" : "Smell_Word" }, 
    "14118" : {"_type" : "Span",  "sofa" : 1,  "begin" : 2811,  "end" : 2817,  "label" : "Smell_Source" }, 
    "14103" : {"_type" : "Span",  "sofa" : 1,  "begin" : 2790,  "end" : 2801,  "label" : "Quality" }, 
    "14142" : {"_type" : "Span",  "sofa" : 1,  "begin" : 2955,  "end" : 2960,  "label" : "Smell_Word" }, 
    "14137" : {"_type" : "Span",  "sofa" : 1,  "begin" : 2946,  "end" : 2954,  "label" : "Quality" }, 
    "14159" : {"_type" : "Span",  "sofa" : 1,  "begin" : 2961,  "end" : 2973,  "label" : "Smell_Source" }, 
    "14176" : {"_type" : "Span",  "sofa" : 1,  "begin" : 3044,  "end" : 3049,  "label" : "Smell_Word" }, 
    "14171" : {"_type" : "Span",  "sofa" : 1,  "begin" : 3035,  "end" : 3043,  "label" : "Quality" }, 
    "14188" : {"_type" : "Span",  "sofa" : 1,  "begin" : 3004,  "end" : 3021,  "label" : "Circumstances" }, 
    "14205" : {"_type" : "Span",  "sofa" : 1,  "begin" : 3196,  "end" : 3204,  "label" : "Smell_Word" }, 
    "14200" : {"_type" : "Span",  "sofa" : 1,  "begin" : 3196,  "end" : 3204,  "label" : "Quality" }, 
    "14217" : {"_type" : "Span",  "sofa" : 1,  "begin" : 3205,  "end" : 3211,  "label" : "Smell_Source" }, 
    "14229" : {"_type" : "Span",  "sofa" : 1,  "begin" : 3134,  "end" : 3182,  "label" : "Circumstances" }, 
    "14263" : {"_type" : "Span",  "sofa" : 1,  "begin" : 3384,  "end" : 3389,  "label" : "Perceiver" }, 
    "14258" : {"_type" : "Span",  "sofa" : 1,  "begin" : 3320,  "end" : 3352,  "label" : "Perceiver" }, 
    "14246" : {"_type" : "Span",  "sofa" : 1,  "begin" : 3403,  "end" : 3408,  "label" : "Smell_Word" }, 
    "14241" : {"_type" : "Span",  "sofa" : 1,  "begin" : 3390,  "end" : 3396,  "label" : "Smell_Source" }, 
    "14292" : {"_type" : "Span",  "sofa" : 1,  "begin" : 3767,  "end" : 3772,  "label" : "Smell_Source" }, 
    "14287" : {"_type" : "Span",  "sofa" : 1,  "begin" : 3693,  "end" : 3699,  "label" : "Smell_Source" }, 
    "14282" : {"_type" : "Span",  "sofa" : 1,  "begin" : 3773,  "end" : 3778,  "label" : "Smell_Word" }, 
    "14338" : {"_type" : "Span",  "sofa" : 1,  "begin" : 3990,  "end" : 3995,  "label" : "Smell_Word" }, 
    "14333" : {"_type" : "Span",  "sofa" : 1,  "begin" : 3976,  "end" : 3989,  "label" : "Quality" }, 
    "14350" : {"_type" : "Span",  "sofa" : 1,  "begin" : 4669,  "end" : 4680,  "label" : "Smell_Word" }, 
    "14355" : {"_type" : "Span",  "sofa" : 1,  "begin" : 4669,  "end" : 4680,  "label" : "Quality" }, 
    "14367" : {"_type" : "Span",  "sofa" : 1,  "begin" : 4681,  "end" : 4686,  "label" : "Smell_Source" } } }