#FORMAT=WebAnno TSV 3.3


#Text=maar in een juiste gematigdheid tussen koud en heet.
1-1	2-6	maar	
1-2	7-9	in	
1-3	10-13	een	
1-4	14-20	juiste	
1-5	21-33	gematigdheid	
1-6	34-40	tussen	
1-7	41-45	koud	
1-8	46-48	en	
1-9	49-53	heet	
1-10	53-54	.	

#Text=Daar na
#Text=zal men in dit Vitriolies mengsel een Lywaat doen, daar bloed aan is, dat uit de Wond
#Text=is gekomen, die men wil genezen, en men zal ’t wel deurnat uithalen.
2-1	55-59	Daar	
2-2	60-62	na	
2-3	63-66	zal	
2-4	67-70	men	
2-5	71-73	in	
2-6	74-77	dit	
2-7	78-88	Vitriolies	
2-8	89-96	mengsel	
2-9	97-100	een	
2-10	101-107	Lywaat	
2-11	108-112	doen	
2-12	112-113	,	
2-13	114-118	daar	
2-14	119-124	bloed	
2-15	125-128	aan	
2-16	129-131	is	
2-17	131-132	,	
2-18	133-136	dat	
2-19	137-140	uit	
2-20	141-143	de	
2-21	144-148	Wond	
2-22	149-151	is	
2-23	152-159	gekomen	
2-24	159-160	,	
2-25	161-164	die	
2-26	165-168	men	
2-27	169-172	wil	
2-28	173-180	genezen	
2-29	180-181	,	
2-30	182-184	en	
2-31	185-188	men	
2-32	189-192	zal	
2-33	193-194	’	
2-34	194-195	t	
2-35	196-199	wel	
2-36	200-207	deurnat	
2-37	208-216	uithalen	
2-38	216-217	.	

#Text=Zo de gekwetste ver van de plaats is, daar men ’t doet, zo dat, na dat dat eerste
#Text=Lywaat van zyn bloed deurnat is, men geen ander kan hebben, zal men zich
#Text=vergenoegen, met het zelfde Lywaat van twaalf tot twaalf uren, in de zelfde vocht
#Text=
#Text=met Vitriool te steken, en dat Lywaat in een gematigde plaats te houden.
#Text=’t Geen daar
#Text=wonderbaarlyk in is, is, dat zo menigmaal als men dat Lywaat’er in zal steken, de
#Text=gekwetste in de Wonde ene verzachting zal vinden, welke het verbinden van een
#Text=bekwaam Chirurgyn aan een wond geeft;
#Text=en de Zieke zal in korten tyd, door de
#Text=onwaardeerbare kracht der Vitriool, genezen zyn.
3-1	220-222	Zo	
3-2	223-225	de	
3-3	226-235	gekwetste	
3-4	236-239	ver	
3-5	240-243	van	
3-6	244-246	de	
3-7	247-253	plaats	
3-8	254-256	is	
3-9	256-257	,	
3-10	258-262	daar	
3-11	263-266	men	
3-12	267-268	’	
3-13	268-269	t	
3-14	270-274	doet	
3-15	274-275	,	
3-16	276-278	zo	
3-17	279-282	dat	
3-18	282-283	,	
3-19	284-286	na	
3-20	287-290	dat	
3-21	291-294	dat	
3-22	295-301	eerste	
3-23	302-308	Lywaat	
3-24	309-312	van	
3-25	313-316	zyn	
3-26	317-322	bloed	
3-27	323-330	deurnat	
3-28	331-333	is	
3-29	333-334	,	
3-30	335-338	men	
3-31	339-343	geen	
3-32	344-349	ander	
3-33	350-353	kan	
3-34	354-360	hebben	
3-35	360-361	,	
3-36	362-365	zal	
3-37	366-369	men	
3-38	370-374	zich	
3-39	375-386	vergenoegen	
3-40	386-387	,	
3-41	388-391	met	
3-42	392-395	het	
3-43	396-402	zelfde	
3-44	403-409	Lywaat	
3-45	410-413	van	
3-46	414-420	twaalf	
3-47	421-424	tot	
3-48	425-431	twaalf	
3-49	432-436	uren	
3-50	436-437	,	
3-51	438-440	in	
3-52	441-443	de	
3-53	444-450	zelfde	
3-54	451-456	vocht	
3-55	458-461	met	
3-56	462-470	Vitriool	
3-57	471-473	te	
3-58	474-480	steken	
3-59	480-481	,	
3-60	482-484	en	
3-61	485-488	dat	
3-62	489-495	Lywaat	
3-63	496-498	in	
3-64	499-502	een	
3-65	503-512	gematigde	
3-66	513-519	plaats	
3-67	520-522	te	
3-68	523-529	houden	
3-69	529-530	.	
3-70	531-532	’	
3-71	532-533	t	
3-72	534-538	Geen	
3-73	539-543	daar	
3-74	544-557	wonderbaarlyk	
3-75	558-560	in	
3-76	561-563	is	
3-77	563-564	,	
3-78	565-567	is	
3-79	567-568	,	
3-80	569-572	dat	
3-81	573-575	zo	
3-82	576-585	menigmaal	
3-83	586-589	als	
3-84	590-593	men	
3-85	594-597	dat	
3-86	598-604	Lywaat	
3-87	604-605	’	
3-88	605-607	er	
3-89	608-610	in	
3-90	611-614	zal	
3-91	615-621	steken	
3-92	621-622	,	
3-93	623-625	de	
3-94	626-635	gekwetste	
3-95	636-638	in	
3-96	639-641	de	
3-97	642-647	Wonde	
3-98	648-651	ene	
3-99	652-663	verzachting	
3-100	664-667	zal	
3-101	668-674	vinden	
3-102	674-675	,	
3-103	676-681	welke	
3-104	682-685	het	
3-105	686-695	verbinden	
3-106	696-699	van	
3-107	700-703	een	
3-108	704-711	bekwaam	
3-109	712-721	Chirurgyn	
3-110	722-725	aan	
3-111	726-729	een	
3-112	730-734	wond	
3-113	735-740	geeft	
3-114	740-741	;	
3-115	742-744	en	
3-116	745-747	de	
3-117	748-753	Zieke	
3-118	754-757	zal	
3-119	758-760	in	
3-120	761-767	korten	
3-121	768-771	tyd	
3-122	771-772	,	
3-123	773-777	door	
3-124	778-780	de	
3-125	781-795	onwaardeerbare	
3-126	796-802	kracht	
3-127	803-806	der	
3-128	807-815	Vitriool	
3-129	815-816	,	
3-130	817-824	genezen	
3-131	825-828	zyn	
3-132	828-829	.	

#Text=Andere bereiding, of mengsel met de Engelse Vitriool.
4-1	832-838	Andere	
4-2	839-848	bereiding	
4-3	848-849	,	
4-4	850-852	of	
4-5	853-860	mengsel	
4-6	861-864	met	
4-7	865-867	de	
4-8	868-875	Engelse	
4-9	876-884	Vitriool	
4-10	884-885	.	

#Text=Neem een pond Koperrood, zo veel meer, of min als gy wilt, stoot het zeer fyn, doe
#Text=dit Poejer in een papier, leg dit papier, waar in het Poejer is, in ’een Doos, of ander
#Text=
#Text=M.
5-1	888-892	Neem	
5-2	893-896	een	
5-3	897-901	pond	
5-4	902-911	Koperrood	
5-5	911-912	,	
5-6	913-915	zo	
5-7	916-920	veel	
5-8	921-925	meer	
5-9	925-926	,	
5-10	927-929	of	
5-11	930-933	min	
5-12	934-937	als	
5-13	938-940	gy	
5-14	941-945	wilt	
5-15	945-946	,	
5-16	947-952	stoot	
5-17	953-956	het	
5-18	957-961	zeer	
5-19	962-965	fyn	
5-20	965-966	,	
5-21	967-970	doe	
5-22	971-974	dit	
5-23	975-981	Poejer	
5-24	982-984	in	
5-25	985-988	een	
5-26	989-995	papier	
5-27	995-996	,	
5-28	997-1000	leg	
5-29	1001-1004	dit	
5-30	1005-1011	papier	
5-31	1011-1012	,	
5-32	1013-1017	waar	
5-33	1018-1020	in	
5-34	1021-1024	het	
5-35	1025-1031	Poejer	
5-36	1032-1034	is	
5-37	1034-1035	,	
5-38	1036-1038	in	
5-39	1039-1040	’	
5-40	1040-1043	een	
5-41	1044-1048	Doos	
5-42	1048-1049	,	
5-43	1050-1052	of	
5-44	1053-1058	ander	
5-45	1060-1061	M	
5-46	1061-1062	.	

#Text=Noel Chomel, Huishoudelyk woordboek
#Text=
#Text=\fVat, bekwaam om het te kunnen houden, op dat het niet omvalle, noch men daar uit
#Text=storte.
6-1	1063-1067	Noel	
6-2	1068-1074	Chomel	
6-3	1074-1075	,	
6-4	1076-1088	Huishoudelyk	
6-5	1089-1098	woordboek	
6-6	1101-1104	Vat	
6-7	1104-1105	,	
6-8	1106-1113	bekwaam	
6-9	1114-1116	om	
6-10	1117-1120	het	
6-11	1121-1123	te	
6-12	1124-1130	kunnen	
6-13	1131-1137	houden	
6-14	1137-1138	,	
6-15	1139-1141	op	
6-16	1142-1145	dat	
6-17	1146-1149	het	
6-18	1150-1154	niet	
6-19	1155-1162	omvalle	
6-20	1162-1163	,	
6-21	1164-1168	noch	
6-22	1169-1172	men	
6-23	1173-1177	daar	
6-24	1178-1181	uit	
6-25	1182-1188	storte	
6-26	1188-1189	.	

#Text=Zet deze poejer met derzelver doos in de zon, en als ze niet meer opgeeft,
#Text=moet men ze’er uithalen, en ze niet meer in de lucht laten staan.
7-1	1190-1193	Zet	
7-2	1194-1198	deze	
7-3	1199-1205	poejer	
7-4	1206-1209	met	
7-5	1210-1219	derzelver	
7-6	1220-1224	doos	
7-7	1225-1227	in	
7-8	1228-1230	de	
7-9	1231-1234	zon	
7-10	1234-1235	,	
7-11	1236-1238	en	
7-12	1239-1242	als	
7-13	1243-1245	ze	
7-14	1246-1250	niet	
7-15	1251-1255	meer	
7-16	1256-1263	opgeeft	
7-17	1263-1264	,	
7-18	1265-1269	moet	
7-19	1270-1273	men	
7-20	1274-1276	ze	
7-21	1276-1277	’	
7-22	1277-1279	er	
7-23	1280-1288	uithalen	
7-24	1288-1289	,	
7-25	1290-1292	en	
7-26	1293-1295	ze	
7-27	1296-1300	niet	
7-28	1301-1305	meer	
7-29	1306-1308	in	
7-30	1309-1311	de	
7-31	1312-1317	lucht	
7-32	1318-1323	laten	
7-33	1324-1329	staan	
7-34	1329-1330	.	

#Text=Met deze poejer stelpt men alle Bloedvloejen, al was’er een Arteri afgesneden.
8-1	1333-1336	Met	
8-2	1337-1341	deze	
8-3	1342-1348	poejer	
8-4	1349-1355	stelpt	
8-5	1356-1359	men	
8-6	1360-1364	alle	
8-7	1365-1377	Bloedvloejen	
8-8	1377-1378	,	
8-9	1379-1381	al	
8-10	1382-1385	was	
8-11	1385-1386	’	
8-12	1386-1388	er	
8-13	1389-1392	een	
8-14	1393-1399	Arteri	
8-15	1400-1410	afgesneden	
8-16	1410-1411	.	

#Text=Men moet ze leggen op de bloedende ader, of slagader, met wat pluksel, leggende
#Text=daar een samentrekkend middel op van fynen Bolus, gezegelde Aarde, Wit van Ei,
#Text=Wyn-azyn, leggende daar een Compres en Verband overheen.
9-1	1414-1417	Men	
9-2	1418-1422	moet	
9-3	1423-1425	ze	
9-4	1426-1432	leggen	
9-5	1433-1435	op	
9-6	1436-1438	de	
9-7	1439-1448	bloedende	
9-8	1449-1453	ader	
9-9	1453-1454	,	
9-10	1455-1457	of	
9-11	1458-1466	slagader	
9-12	1466-1467	,	
9-13	1468-1471	met	
9-14	1472-1475	wat	
9-15	1476-1483	pluksel	
9-16	1483-1484	,	
9-17	1485-1493	leggende	
9-18	1494-1498	daar	
9-19	1499-1502	een	
9-20	1503-1516	samentrekkend	
9-21	1517-1523	middel	
9-22	1524-1526	op	
9-23	1527-1530	van	
9-24	1531-1536	fynen	
9-25	1537-1542	Bolus	
9-26	1542-1543	,	
9-27	1544-1553	gezegelde	
9-28	1554-1559	Aarde	
9-29	1559-1560	,	
9-30	1561-1564	Wit	
9-31	1565-1568	van	
9-32	1569-1571	Ei	
9-33	1571-1572	,	
9-34	1573-1581	Wyn-azyn	
9-35	1581-1582	,	
9-36	1583-1591	leggende	
9-37	1592-1596	daar	
9-38	1597-1600	een	
9-39	1601-1608	Compres	
9-40	1609-1611	en	
9-41	1612-1619	Verband	
9-42	1620-1628	overheen	
9-43	1628-1629	.	

#Text=Andere Bereidinge.
10-1	1632-1638	Andere	
10-2	1639-1649	Bereidinge	
10-3	1649-1650	.	

#Text=Men moet nemen Koperrood, of Roomse, of Duitse Vitriool, die van Engeland
#Text=uitgezonderd, die in de voorgaande poejer komt, en dat in zo groot een menigte als
#Text=gy wilt.
11-1	1653-1656	Men	
11-2	1657-1661	moet	
11-3	1662-1667	nemen	
11-4	1668-1677	Koperrood	
11-5	1677-1678	,	
11-6	1679-1681	of	
11-7	1682-1688	Roomse	
11-8	1688-1689	,	
11-9	1690-1692	of	
11-10	1693-1699	Duitse	
11-11	1700-1708	Vitriool	
11-12	1708-1709	,	
11-13	1710-1713	die	
11-14	1714-1717	van	
11-15	1718-1726	Engeland	
11-16	1727-1739	uitgezonderd	
11-17	1739-1740	,	
11-18	1741-1744	die	
11-19	1745-1747	in	
11-20	1748-1750	de	
11-21	1751-1761	voorgaande	
11-22	1762-1768	poejer	
11-23	1769-1773	komt	
11-24	1773-1774	,	
11-25	1775-1777	en	
11-26	1778-1781	dat	
11-27	1782-1784	in	
11-28	1785-1787	zo	
11-29	1788-1793	groot	
11-30	1794-1797	een	
11-31	1798-1805	menigte	
11-32	1806-1809	als	
11-33	1810-1812	gy	
11-34	1813-1817	wilt	
11-35	1817-1818	.	

#Text=Stoot deze Vitriool fyn, en zet ze in de zon, op de zelfde wys, en met de
#Text=zelfde voorhoede, als hier voor is gezegd.
12-1	1819-1824	Stoot	
12-2	1825-1829	deze	
12-3	1830-1838	Vitriool	
12-4	1839-1842	fyn	
12-5	1842-1843	,	
12-6	1844-1846	en	
12-7	1847-1850	zet	
12-8	1851-1853	ze	
12-9	1854-1856	in	
12-10	1857-1859	de	
12-11	1860-1863	zon	
12-12	1863-1864	,	
12-13	1865-1867	op	
12-14	1868-1870	de	
12-15	1871-1877	zelfde	
12-16	1878-1881	wys	
12-17	1881-1882	,	
12-18	1883-1885	en	
12-19	1886-1889	met	
12-20	1890-1892	de	
12-21	1893-1899	zelfde	
12-22	1900-1909	voorhoede	
12-23	1909-1910	,	
12-24	1911-1914	als	
12-25	1915-1919	hier	
12-26	1920-1924	voor	
12-27	1925-1927	is	
12-28	1928-1934	gezegd	
12-29	1934-1935	.	
