#FORMAT=WebAnno TSV 3.3


#Text=ghelijck S.
1-1	2-10	ghelijck	
1-2	11-12	S	
1-3	12-13	.	

#Text=Antonius terstondt verlost zijnde,
#Text=al meynde hy dat den Heere verre van daer was, veur eenen tijdt.
2-1	14-22	Antonius	
2-2	23-32	terstondt	
2-3	33-40	verlost	
2-4	41-47	zijnde	
2-5	47-48	,	
2-6	49-51	al	
2-7	52-58	meynde	
2-8	59-61	hy	
2-9	62-65	dat	
2-10	66-69	den	
2-11	70-75	Heere	
2-12	76-81	verre	
2-13	82-85	van	
2-14	86-90	daer	
2-15	91-94	was	
2-16	94-95	,	
2-17	96-100	veur	
2-18	101-106	eenen	
2-19	107-112	tijdt	
2-20	112-113	.	

#Text=Ghebedt in allen noodt en perijckel.
3-1	116-123	Ghebedt	
3-2	124-126	in	
3-3	127-132	allen	
3-4	133-138	noodt	
3-5	139-141	en	
3-6	142-151	perijckel	
3-7	151-152	.	

#Text=HEt ongheluck vlieght, ende de perijckelen in siel en lichaem zijn sonder ghetal: O
#Text=Heere, helpt my uyt desen noodt:
#Text=ende wilt my met v heyligh Cruys beschermen:
#Text=op
#Text=dat ick van allen teghen-spoedt ontslaghen zijnde, v met gheruster herten en sinnen
#Text=dienen magh.
4-1	154-157	HEt	
4-2	158-167	ongheluck	
4-3	168-175	vlieght	
4-4	175-176	,	
4-5	177-181	ende	
4-6	182-184	de	
4-7	185-196	perijckelen	
4-8	197-199	in	
4-9	200-204	siel	
4-10	205-207	en	
4-11	208-215	lichaem	
4-12	216-220	zijn	
4-13	221-227	sonder	
4-14	228-234	ghetal	
4-15	234-235	:	
4-16	236-237	O	
4-17	238-243	Heere	
4-18	243-244	,	
4-19	245-250	helpt	
4-20	251-253	my	
4-21	254-257	uyt	
4-22	258-263	desen	
4-23	264-269	noodt	
4-24	269-270	:	
4-25	271-275	ende	
4-26	276-280	wilt	
4-27	281-283	my	
4-28	284-287	met	
4-29	288-289	v	
4-30	290-297	heyligh	
4-31	298-303	Cruys	
4-32	304-314	beschermen	
4-33	314-315	:	
4-34	316-318	op	
4-35	319-322	dat	
4-36	323-326	ick	
4-37	327-330	van	
4-38	331-336	allen	
4-39	337-350	teghen-spoedt	
4-40	351-361	ontslaghen	
4-41	362-368	zijnde	
4-42	368-369	,	
4-43	370-371	v	
4-44	372-375	met	
4-45	376-385	gheruster	
4-46	386-392	herten	
4-47	393-395	en	
4-48	396-402	sinnen	
4-49	403-409	dienen	
4-50	410-414	magh	
4-51	414-415	.	

#Text=Amen.
5-1	416-420	Amen	
5-2	420-421	.	

#Text=Jan David, Christeliicken waerseggher
#Text=
#Text=
#Text=\f130
#Text=
#Text=
#Text=Cap.
6-1	424-427	Jan	
6-2	428-433	David	
6-3	433-434	,	
6-4	435-449	Christeliicken	
6-5	450-461	waerseggher	
6-6	465-468	130	
6-7	471-474	Cap	
6-8	474-475	.	

#Text=XLII.
7-1	476-480	XLII	
7-2	480-481	.	

#Text=Noemt der vijf Sinnen coor, die ons soo veel spels maecken.
8-1	483-488	Noemt	
8-2	489-492	der	
8-3	493-497	vijf	
8-4	498-504	Sinnen	
8-5	505-509	coor	
8-6	509-510	,	
8-7	511-514	die	
8-8	515-518	ons	
8-9	519-522	soo	
8-10	523-527	veel	
8-11	528-533	spels	
8-12	534-541	maecken	
8-13	541-542	.	

#Text=Sien: riecken: en ghehoor:
#Text=ghevoelen:
#Text=ende smaecken
9-1	544-548	Sien	
9-2	548-549	:	
9-3	550-557	riecken	
9-4	557-558	:	
9-5	559-561	en	
9-6	562-569	ghehoor	
9-7	569-570	:	
9-8	571-580	ghevoelen	
9-9	580-581	:	
9-10	582-586	ende	
9-11	587-595	smaecken	

#Text=.
10-1	595-596	.	

#Text=+
#Text=
#Text=
#Text=
#Text=HEt is een wonderlijcke saecke vande vijf sinnen: ende daerom roert de vraghe wat
#Text=+
#Text=
#Text=van sulcks, midts segghende daer
#Text=by:
#Text=Die ons soo veel spels maecken.
11-1	598-599	+	
11-2	603-606	HEt	
11-3	607-609	is	
11-4	610-613	een	
11-5	614-626	wonderlijcke	
11-6	627-633	saecke	
11-7	634-639	vande	
11-8	640-644	vijf	
11-9	645-651	sinnen	
11-10	651-652	:	
11-11	653-657	ende	
11-12	658-664	daerom	
11-13	665-670	roert	
11-14	671-673	de	
11-15	674-680	vraghe	
11-16	681-684	wat	
11-17	685-686	+	
11-18	688-691	van	
11-19	692-698	sulcks	
11-20	698-699	,	
11-21	700-705	midts	
11-22	706-715	segghende	
11-23	716-720	daer	
11-24	721-723	by	
11-25	723-724	:	
11-26	725-728	Die	
11-27	729-732	ons	
11-28	733-736	soo	
11-29	737-741	veel	
11-30	742-747	spels	
11-31	748-755	maecken	
11-32	755-756	.	

#Text=Ende het
12-1	757-761	Ende	
12-2	762-765	het	
