#FORMAT=WebAnno TSV 3.3


#Text=Hy fpreekt ook van witte en fwarte kan- 
#Text=neel, en dat in oude tyden de witte , dog 
#Text=in zynen tyd de fwarte , meeft getrokken 
#Text=was.
1-1	5-7	Hy	
1-2	8-15	fpreekt	
1-3	16-19	ook	
1-4	20-23	van	
1-5	24-29	witte	
1-6	30-32	en	
1-7	33-39	fwarte	
1-8	40-43	kan	
1-9	43-44	-	
1-10	46-50	neel	
1-11	50-51	,	
1-12	52-54	en	
1-13	55-58	dat	
1-14	59-61	in	
1-15	62-66	oude	
1-16	67-72	tyden	
1-17	73-75	de	
1-18	76-81	witte	
1-19	82-83	,	
1-20	84-87	dog	
1-21	89-91	in	
1-22	92-97	zynen	
1-23	98-101	tyd	
1-24	102-104	de	
1-25	105-111	fwarte	
1-26	112-113	,	
1-27	114-119	meeft	
1-28	120-129	getrokken	
1-29	131-134	was	
1-30	134-135	.	

#Text=Eertyds had zy duizent fchellingen of 
#Text=deniers 't pond gekoft j dog in zyn tyd , 
#Text=was zy dierder geworden , om dat de 
#Text=Abyffinen of Trogloditen de kanneelbos- 
#Text=fchen verbrandt hadden.
2-1	138-145	Eertyds	
2-2	146-149	had	
2-3	150-152	zy	
2-4	153-160	duizent	
2-5	161-172	fchellingen	
2-6	173-175	of	
2-7	177-184	deniers	
2-8	185-186	'	
2-9	186-187	t	
2-10	188-192	pond	
2-11	193-199	gekoft	
2-12	200-201	j	
2-13	202-205	dog	
2-14	206-208	in	
2-15	209-212	zyn	
2-16	213-216	tyd	
2-17	217-218	,	
2-18	220-223	was	
2-19	224-226	zy	
2-20	227-234	dierder	
2-21	235-243	geworden	
2-22	244-245	,	
2-23	246-248	om	
2-24	249-252	dat	
2-25	253-255	de	
2-26	257-266	Abyffinen	
2-27	267-269	of	
2-28	270-281	Trogloditen	
2-29	282-284	de	
2-30	285-295	kanneelbos	
2-31	295-296	-	
2-32	298-303	fchen	
2-33	304-313	verbrandt	
2-34	314-320	hadden	
2-35	320-321	.	

#Text=Dit is een verhaal , 't geen iemant , die 
#Text=van de kanneel, en van de plaats , daar 
#Text=zy maar alleen groeit (hoewel ik wel weet , 
#Text=dat 'er een baftaardfoort ook in Mindanao 
#Text=en elders valt) maar eenige kennis heeft , 
#Text=over de onkunde der Ouden ( vergeleken 
#Text=met alle hunne tochten na , en met hunne 
#Text=berichten van Ooftindiën) moet doen ver- 
#Text=baaft ftaan, en aan ons niet dan al te klaar 
#Text=toont, hoe weinig zy van Indien gewe- 
#Text=ten hebben.
3-1	325-328	Dit	
3-2	329-331	is	
3-3	332-335	een	
3-4	336-343	verhaal	
3-5	344-345	,	
3-6	346-347	'	
3-7	347-348	t	
3-8	349-353	geen	
3-9	354-360	iemant	
3-10	361-362	,	
3-11	363-366	die	
3-12	368-371	van	
3-13	372-374	de	
3-14	375-382	kanneel	
3-15	382-383	,	
3-16	384-386	en	
3-17	387-390	van	
3-18	391-393	de	
3-19	394-400	plaats	
3-20	401-402	,	
3-21	403-407	daar	
3-22	409-411	zy	
3-23	412-416	maar	
3-24	417-423	alleen	
3-25	424-430	groeit	
3-26	431-432	(	
3-27	432-438	hoewel	
3-28	439-441	ik	
3-29	442-445	wel	
3-30	446-450	weet	
3-31	451-452	,	
3-32	454-457	dat	
3-33	458-459	'	
3-34	459-461	er	
3-35	462-465	een	
3-36	466-479	baftaardfoort	
3-37	480-483	ook	
3-38	484-486	in	
3-39	487-495	Mindanao	
3-40	497-499	en	
3-41	500-506	elders	
3-42	507-511	valt	
3-43	511-512	)	
3-44	513-517	maar	
3-45	518-524	eenige	
3-46	525-531	kennis	
3-47	532-537	heeft	
3-48	538-539	,	
3-49	541-545	over	
3-50	546-548	de	
3-51	549-556	onkunde	
3-52	557-560	der	
3-53	561-566	Ouden	
3-54	567-568	(	
3-55	569-579	vergeleken	
3-56	581-584	met	
3-57	585-589	alle	
3-58	590-595	hunne	
3-59	596-603	tochten	
3-60	604-606	na	
3-61	607-608	,	
3-62	609-611	en	
3-63	612-615	met	
3-64	616-621	hunne	
3-65	623-632	berichten	
3-66	633-636	van	
3-67	637-647	Ooftindiën	
3-68	647-648	)	
3-69	649-653	moet	
3-70	654-658	doen	
3-71	659-662	ver	
3-72	662-663	-	
3-73	665-670	baaft	
3-74	671-676	ftaan	
3-75	676-677	,	
3-76	678-680	en	
3-77	681-684	aan	
3-78	685-688	ons	
3-79	689-693	niet	
3-80	694-697	dan	
3-81	698-700	al	
3-82	701-703	te	
3-83	704-709	klaar	
3-84	711-716	toont	
3-85	716-717	,	
3-86	718-721	hoe	
3-87	722-728	weinig	
3-88	729-731	zy	
3-89	732-735	van	
3-90	736-742	Indien	
3-91	743-747	gewe	
3-92	747-748	-	
3-93	750-753	ten	
3-94	754-760	hebben	
3-95	760-761	.	

#Text=Galenus en Dodoneus meenen, dat de kan- De orfc; 
#Text=neel der Ouden maar caflia was ; maai- kun( k 
#Text=hoe veel kennis
#Text=Galenus daar ook van ge- van * e ' 
#Text=had heeft , blykt daar hy zegt een tak ge- Dodo- 
#Text=zien te hebben , die aan de eene zyde met neus 
#Text=caffie , en aan de andere met kanneel , ontrent 
#Text=bedekt was.
4-1	764-771	Galenus	
4-2	772-774	en	
4-3	775-783	Dodoneus	
4-4	784-790	meenen	
4-5	790-791	,	
4-6	792-795	dat	
4-7	796-798	de	
4-8	799-802	kan	
4-9	802-803	-	
4-10	804-806	De	
4-11	807-811	orfc	
4-12	811-812	;	
4-13	814-818	neel	
4-14	819-822	der	
4-15	823-828	Ouden	
4-16	829-833	maar	
4-17	834-840	caflia	
4-18	841-844	was	
4-19	845-846	;	
4-20	847-851	maai	
4-21	851-852	-	
4-22	853-856	kun	
4-23	856-857	(	
4-24	858-859	k	
4-25	861-864	hoe	
4-26	865-869	veel	
4-27	870-876	kennis	
4-28	877-884	Galenus	
4-29	885-889	daar	
4-30	890-893	ook	
4-31	894-897	van	
4-32	898-900	ge	
4-33	900-901	-	
4-34	902-905	van	
4-35	906-907	*	
4-36	908-909	e	
4-37	910-911	'	
4-38	913-916	had	
4-39	917-922	heeft	
4-40	923-924	,	
4-41	925-930	blykt	
4-42	931-935	daar	
4-43	936-938	hy	
4-44	939-943	zegt	
4-45	944-947	een	
4-46	948-951	tak	
4-47	952-954	ge	
4-48	954-955	-	
4-49	956-960	Dodo	
4-50	960-961	-	
4-51	963-967	zien	
4-52	968-970	te	
4-53	971-977	hebben	
4-54	978-979	,	
4-55	980-983	die	
4-56	984-987	aan	
4-57	988-990	de	
4-58	991-995	eene	
4-59	996-1000	zyde	
4-60	1001-1004	met	
4-61	1005-1009	neus	
4-62	1011-1017	caffie	
4-63	1018-1019	,	
4-64	1020-1022	en	
4-65	1023-1026	aan	
4-66	1027-1029	de	
4-67	1030-1036	andere	
4-68	1037-1040	met	
4-69	1041-1048	kanneel	
4-70	1049-1050	,	
4-71	1051-1058	ontrent	
4-72	1060-1066	bedekt	
4-73	1067-1070	was	
4-74	1070-1071	.	

#Text=En wat Dodoneus aangaat , die meent 
#Text=dat de hekjens tufïchen de giroffelnagelen 
#Text=de oprechte kanneel der Ouden zou zyn , 
#Text='t geen echter nu van de rechte kanneel- 
#Text=kenners met reden verworpen word.
5-1	1074-1076	En	
5-2	1077-1080	wat	
5-3	1081-1089	Dodoneus	
5-4	1090-1097	aangaat	
5-5	1098-1099	,	
5-6	1100-1103	die	
5-7	1104-1109	meent	
5-8	1111-1114	dat	
5-9	1115-1117	de	
5-10	1118-1125	hekjens	
5-11	1126-1134	tufïchen	
5-12	1135-1137	de	
5-13	1138-1153	giroffelnagelen	
5-14	1155-1157	de	
5-15	1158-1166	oprechte	
5-16	1167-1174	kanneel	
5-17	1175-1178	der	
5-18	1179-1184	Ouden	
5-19	1185-1188	zou	
5-20	1189-1192	zyn	
5-21	1193-1194	,	
5-22	1196-1197	'	
5-23	1197-1198	t	
5-24	1199-1203	geen	
5-25	1204-1210	echter	
5-26	1211-1213	nu	
5-27	1214-1217	van	
5-28	1218-1220	de	
5-29	1221-1227	rechte	
5-30	1228-1235	kanneel	
5-31	1235-1236	-	
5-32	1238-1245	kenners	
5-33	1246-1249	met	
5-34	1250-1255	reden	
5-35	1256-1265	verworpen	
5-36	1266-1270	word	
5-37	1270-1271	.	

#Text=Lib.
#Text=xii.
#Text=cap. 22. zegt Pknius ook dat de 
#Text=fctenanthus (o£dejuncus odoratus, anders 
#Text=ook wel 'tArabifch hoy genaamt, en in 
#Text=Indien met de naam van fereè bekent) in 
#Text=Arabien, Indien en in Syrien viel $ dog 
#Text=
#Text=dat die ontrent eenige uitgedroogde moe-
#Text=
#Text=raden groeide j daar ik die in Indien wel 
#Text=inde vlakke velden j dog meeft op 't ge- 
#Text=bergte, heb zien groejen.
6-1	1274-1277	Lib	
6-2	1277-1278	.	
6-3	1279-1282	xii	
6-4	1282-1283	.	
6-5	1284-1287	cap	
6-6	1287-1288	.	
6-7	1289-1291	22	
6-8	1291-1292	.	
6-9	1293-1297	zegt	
6-10	1298-1304	Pknius	
6-11	1305-1308	ook	
6-12	1309-1312	dat	
6-13	1313-1315	de	
6-14	1317-1328	fctenanthus	
6-15	1329-1330	(	
6-16	1330-1331	o	
6-17	1331-1332	£	
6-18	1332-1340	dejuncus	
6-19	1341-1349	odoratus	
6-20	1349-1350	,	
6-21	1351-1357	anders	
6-22	1359-1362	ook	
6-23	1363-1366	wel	
6-24	1367-1368	'	
6-25	1368-1377	tArabifch	
6-26	1378-1381	hoy	
6-27	1382-1389	genaamt	
6-28	1389-1390	,	
6-29	1391-1393	en	
6-30	1394-1396	in	
6-31	1398-1404	Indien	
6-32	1405-1408	met	
6-33	1409-1411	de	
6-34	1412-1416	naam	
6-35	1417-1420	van	
6-36	1421-1426	fereè	
6-37	1427-1433	bekent	
6-38	1433-1434	)	
6-39	1435-1437	in	
6-40	1439-1446	Arabien	
6-41	1446-1447	,	
6-42	1448-1454	Indien	
6-43	1455-1457	en	
6-44	1458-1460	in	
6-45	1461-1467	Syrien	
6-46	1468-1472	viel	
6-47	1473-1474	$	
6-48	1475-1478	dog	
6-49	1481-1484	dat	
6-50	1485-1488	die	
6-51	1489-1496	ontrent	
6-52	1497-1503	eenige	
6-53	1504-1516	uitgedroogde	
6-54	1517-1520	moe	
6-55	1520-1521	-	
6-56	1523-1528	raden	
6-57	1529-1536	groeide	
6-58	1537-1538	j	
6-59	1539-1543	daar	
6-60	1544-1546	ik	
6-61	1547-1550	die	
6-62	1551-1553	in	
6-63	1554-1560	Indien	
6-64	1561-1564	wel	
6-65	1566-1570	inde	
6-66	1571-1577	vlakke	
6-67	1578-1584	velden	
6-68	1585-1586	j	
6-69	1587-1590	dog	
6-70	1591-1596	meeft	
6-71	1597-1599	op	
6-72	1600-1601	'	
6-73	1601-1602	t	
6-74	1603-1605	ge	
6-75	1605-1606	-	
6-76	1608-1614	bergte	
6-77	1614-1615	,	
6-78	1616-1619	heb	
6-79	1620-1624	zien	
6-80	1625-1632	groejen	
6-81	1632-1633	.	

#Text=Uit al dit gezegde dan meenen wy over- 
#Text=vloedig genoeg getoont te hebben , dat 
#Text=ons de Ouden wel hoog van Indien op- 
#Text=
#Text=fegeven , doch dat zy tot de tyden van 
#Text=eizer Auguftus , en nog verder, het niet 
#Text=gekent , en zeer buitenfpörig daar over 
#Text=gedacht, en van gefchreven hebben , gelyk 
#Text=wy nog breeder zouden konnen toonen
#Text=, 
#Text=zoo ons dit beftek toeliet hunne verdere 
#Text=beuzelagtige fchriften na te bladeren.
7-1	1636-1639	Uit	
7-2	1640-1642	al	
7-3	1643-1646	dit	
7-4	1647-1654	gezegde	
7-5	1655-1658	dan	
7-6	1659-1665	meenen	
7-7	1666-1668	wy	
7-8	1669-1673	over	
7-9	1673-1674	-	
7-10	1676-1683	vloedig	
7-11	1684-1690	genoeg	
7-12	1691-1698	getoont	
7-13	1699-1701	te	
7-14	1702-1708	hebben	
7-15	1709-1710	,	
7-16	1711-1714	dat	
7-17	1716-1719	ons	
7-18	1720-1722	de	
7-19	1723-1728	Ouden	
7-20	1729-1732	wel	
7-21	1733-1737	hoog	
7-22	1738-1741	van	
7-23	1742-1748	Indien	
7-24	1749-1751	op	
7-25	1751-1752	-	
7-26	1755-1762	fegeven	
7-27	1763-1764	,	
7-28	1765-1769	doch	
7-29	1770-1773	dat	
7-30	1774-1776	zy	
7-31	1777-1780	tot	
7-32	1781-1783	de	
7-33	1784-1789	tyden	
7-34	1790-1793	van	
7-35	1795-1800	eizer	
7-36	1801-1809	Auguftus	
7-37	1810-1811	,	
7-38	1812-1814	en	
7-39	1815-1818	nog	
7-40	1819-1825	verder	
7-41	1825-1826	,	
7-42	1827-1830	het	
7-43	1831-1835	niet	
7-44	1837-1843	gekent	
7-45	1844-1845	,	
7-46	1846-1848	en	
7-47	1849-1853	zeer	
7-48	1854-1866	buitenfpörig	
7-49	1867-1871	daar	
7-50	1872-1876	over	
7-51	1878-1885	gedacht	
7-52	1885-1886	,	
7-53	1887-1889	en	
7-54	1890-1893	van	
7-55	1894-1904	gefchreven	
7-56	1905-1911	hebben	
7-57	1912-1913	,	
7-58	1914-1919	gelyk	
7-59	1921-1923	wy	
7-60	1924-1927	nog	
7-61	1928-1935	breeder	
7-62	1936-1942	zouden	
7-63	1943-1949	konnen	
7-64	1950-1956	toonen	
7-65	1957-1958	,	
7-66	1960-1963	zoo	
7-67	1964-1967	ons	
7-68	1968-1971	dit	
7-69	1972-1978	beftek	
7-70	1979-1986	toeliet	
7-71	1987-1992	hunne	
7-72	1993-2000	verdere	
7-73	2002-2014	beuzelagtige	
7-74	2015-2024	fchriften	
7-75	2025-2027	na	
7-76	2028-2030	te	
7-77	2031-2039	bladeren	
7-78	2039-2040	.	

#Text=Indien men nu zelf eens de latere Schry- 
#Text=vers met deze Ouden vergelykt , heeft men 
#Text=nog zoo veel redenen niet om de Ouden 
#Text=te befchuldigen , vermits men 'er zelf on- 
#Text=der de latere vind , die hen in grove ver- 
#Text=dichtzelen , en botte verhaalen ( ten be- 
#Text=wyze van hare groye onkunde in dit ftuk )
#Text=
#Text=
#Text=niet
#Text=
#Text=
#Text=
#Text=
#Text=de kan-;
#Text=
#Text=neel.
8-1	2043-2049	Indien	
8-2	2050-2053	men	
8-3	2054-2056	nu	
8-4	2057-2061	zelf	
8-5	2062-2066	eens	
8-6	2067-2069	de	
8-7	2070-2076	latere	
8-8	2077-2082	Schry	
8-9	2082-2083	-	
8-10	2085-2089	vers	
8-11	2090-2093	met	
8-12	2094-2098	deze	
8-13	2099-2104	Ouden	
8-14	2105-2114	vergelykt	
8-15	2115-2116	,	
8-16	2117-2122	heeft	
8-17	2123-2126	men	
8-18	2128-2131	nog	
8-19	2132-2135	zoo	
8-20	2136-2140	veel	
8-21	2141-2148	redenen	
8-22	2149-2153	niet	
8-23	2154-2156	om	
8-24	2157-2159	de	
8-25	2160-2165	Ouden	
8-26	2167-2169	te	
8-27	2170-2182	befchuldigen	
8-28	2183-2184	,	
8-29	2185-2192	vermits	
8-30	2193-2196	men	
8-31	2197-2198	'	
8-32	2198-2200	er	
8-33	2201-2205	zelf	
8-34	2206-2208	on	
8-35	2208-2209	-	
8-36	2211-2214	der	
8-37	2215-2217	de	
8-38	2218-2224	latere	
8-39	2225-2229	vind	
8-40	2230-2231	,	
8-41	2232-2235	die	
8-42	2236-2239	hen	
8-43	2240-2242	in	
8-44	2243-2248	grove	
8-45	2249-2252	ver	
8-46	2252-2253	-	
8-47	2255-2265	dichtzelen	
8-48	2266-2267	,	
8-49	2268-2270	en	
8-50	2271-2276	botte	
8-51	2277-2286	verhaalen	
8-52	2287-2288	(	
8-53	2289-2292	ten	
8-54	2293-2295	be	
8-55	2295-2296	-	
8-56	2298-2302	wyze	
8-57	2303-2306	van	
8-58	2307-2311	hare	
8-59	2312-2317	groye	
8-60	2318-2325	onkunde	
8-61	2326-2328	in	
8-62	2329-2332	dit	
8-63	2333-2337	ftuk	
8-64	2338-2339	)	
8-65	2342-2346	niet	
8-66	2351-2353	de	
8-67	2354-2357	kan	
8-68	2357-2358	-	
8-69	2358-2359	;	
8-70	2361-2365	neel	
8-71	2365-2366	.	
