{"_context" : {
    "_types" : {
      "DocumentMetaData" : {
        "_feature_types" : {"sofa" : "_ref" } }, 
      "Relation" : {
        "_feature_types" : {"sofa" : "_ref",  "Dependent" : "_ref",  "Governor" : "_ref" } }, 
      "Sentence" : {
        "_feature_types" : {"sofa" : "_ref" } }, 
      "Sofa" : {
        "_feature_types" : {"sofaArray" : "_ref" } }, 
      "Span" : {
        "_feature_types" : {"sofa" : "_ref" } }, 
      "TagsetDescription" : {
        "_feature_types" : {"sofa" : "_ref",  "tags" : "_ref" } }, 
      "Token" : {
        "_feature_types" : {"sofa" : "_ref",  "parent" : "_ref",  "lemma" : "_ref",  "stem" : "_ref",  "pos" : "_ref",  "morph" : "_ref",  "form" : "_ref" } }, 
      "DocumentAnnotation" : {
        "_feature_types" : {"sofa" : "_ref" }, 
        "_subtypes" : ["DocumentMetaData" ] }, 
      "Annotation" : {
        "_feature_types" : {"sofa" : "_ref" }, 
        "_subtypes" : ["DocumentAnnotation",  "Relation",  "Sentence",  "Span",  "TagsetDescription",  "Token" ] }, 
      "AnnotationBase" : {
        "_feature_types" : {"sofa" : "_ref" }, 
        "_subtypes" : ["Annotation" ] }, 
      "TOP" : {
        "_subtypes" : ["AnnotationBase",  "Sofa" ] } } }, 
  "_views" : {
    "_InitialView" : {
      "Relation" : [
        {"sofa" : 1,  "begin" : 871,  "end" : 878,  "Dependent" : 8175,  "Governor" : 8180 }, 
        {"sofa" : 1,  "begin" : 871,  "end" : 878,  "Dependent" : 8175,  "Governor" : 8202 }, 
        {"sofa" : 1,  "begin" : 871,  "end" : 878,  "Dependent" : 8175,  "Governor" : 8207 }, 
        {"sofa" : 1,  "begin" : 871,  "end" : 878,  "Dependent" : 8175,  "Governor" : 8212 }, 
        {"sofa" : 1,  "begin" : 871,  "end" : 878,  "Dependent" : 8175,  "Governor" : 8192 }, 
        {"sofa" : 1,  "begin" : 871,  "end" : 878,  "Dependent" : 8175,  "Governor" : 8197 }, 
        {"sofa" : 1,  "begin" : 1167,  "end" : 1174,  "Dependent" : 8252,  "Governor" : 8257 }, 
        {"sofa" : 1,  "begin" : 1167,  "end" : 1174,  "Dependent" : 8279,  "Governor" : 8274 }, 
        {"sofa" : 1,  "begin" : 1356,  "end" : 1361,  "Dependent" : 8269,  "Governor" : 8274 } ], 
      "Span" : [8202,  8207,  8212,  8192,  8197,  8180,  8175,  8252,  8279,  8257,  8274,  8269 ], 
      "DocumentMetaData" : [
        {"sofa" : 1,  "end" : 2704,  "language" : "x-unspecified",  "documentTitle" : "074E%20KJV%20Bible%201611__96_distribution_REL.txt",  "documentId" : "teresa",  "documentUri" : "file:/home/dhuser/alessio/inception/repository/project/29/document/11878/source/teresa",  "collectionId" : "file:/home/dhuser/alessio/inception/repository/project/29/document/11878/source/",  "documentBaseUri" : "file:/home/dhuser/alessio/inception/repository/project/29/document/11878/source/",  "isLastSegment" : false } ], 
      "TagsetDescription" : [
        {"sofa" : 1,  "layer" : "webanno.custom.Emotions",  "name" : "Emotion Labels",  "input" : false }, 
        {"sofa" : 1,  "layer" : "custom.Relation",  "name" : "Relation labels",  "input" : false }, 
        {"sofa" : 1,  "layer" : "custom.Span",  "name" : "Smell labels",  "input" : false } ], 
      "Sentence" : [
        {"sofa" : 1,  "end" : 2703 } ], 
      "Token" : [
        {"sofa" : 1,  "end" : 2 }, 
        {"sofa" : 1,  "begin" : 2,  "end" : 3 }, 
        {"sofa" : 1,  "begin" : 3,  "end" : 5 }, 
        {"sofa" : 1,  "begin" : 6,  "end" : 9 }, 
        {"sofa" : 1,  "begin" : 10,  "end" : 14 }, 
        {"sofa" : 1,  "begin" : 15,  "end" : 20 }, 
        {"sofa" : 1,  "begin" : 21,  "end" : 29 }, 
        {"sofa" : 1,  "begin" : 30,  "end" : 34 }, 
        {"sofa" : 1,  "begin" : 34,  "end" : 35 }, 
        {"sofa" : 1,  "begin" : 36,  "end" : 40 }, 
        {"sofa" : 1,  "begin" : 41,  "end" : 45 }, 
        {"sofa" : 1,  "begin" : 46,  "end" : 49 }, 
        {"sofa" : 1,  "begin" : 50,  "end" : 52 }, 
        {"sofa" : 1,  "begin" : 53,  "end" : 57 }, 
        {"sofa" : 1,  "begin" : 58,  "end" : 62 }, 
        {"sofa" : 1,  "begin" : 62,  "end" : 63 }, 
        {"sofa" : 1,  "begin" : 64,  "end" : 74 }, 
        {"sofa" : 1,  "begin" : 75,  "end" : 83 }, 
        {"sofa" : 1,  "begin" : 84,  "end" : 88 }, 
        {"sofa" : 1,  "begin" : 89,  "end" : 94 }, 
        {"sofa" : 1,  "begin" : 95,  "end" : 97 }, 
        {"sofa" : 1,  "begin" : 98,  "end" : 102 }, 
        {"sofa" : 1,  "begin" : 102,  "end" : 103 }, 
        {"sofa" : 1,  "begin" : 105,  "end" : 107 }, 
        {"sofa" : 1,  "begin" : 107,  "end" : 108 }, 
        {"sofa" : 1,  "begin" : 108,  "end" : 110 }, 
        {"sofa" : 1,  "begin" : 111,  "end" : 114 }, 
        {"sofa" : 1,  "begin" : 115,  "end" : 119 }, 
        {"sofa" : 1,  "begin" : 120,  "end" : 125 }, 
        {"sofa" : 1,  "begin" : 126,  "end" : 132 }, 
        {"sofa" : 1,  "begin" : 133,  "end" : 138 }, 
        {"sofa" : 1,  "begin" : 139,  "end" : 142 }, 
        {"sofa" : 1,  "begin" : 143,  "end" : 146 }, 
        {"sofa" : 1,  "begin" : 147,  "end" : 151 }, 
        {"sofa" : 1,  "begin" : 151,  "end" : 152 }, 
        {"sofa" : 1,  "begin" : 153,  "end" : 156 }, 
        {"sofa" : 1,  "begin" : 157,  "end" : 167 }, 
        {"sofa" : 1,  "begin" : 168,  "end" : 172 }, 
        {"sofa" : 1,  "begin" : 172,  "end" : 173 }, 
        {"sofa" : 1,  "begin" : 174,  "end" : 178 }, 
        {"sofa" : 1,  "begin" : 179,  "end" : 183 }, 
        {"sofa" : 1,  "begin" : 184,  "end" : 187 }, 
        {"sofa" : 1,  "begin" : 188,  "end" : 196 }, 
        {"sofa" : 1,  "begin" : 197,  "end" : 201 }, 
        {"sofa" : 1,  "begin" : 202,  "end" : 204 }, 
        {"sofa" : 1,  "begin" : 205,  "end" : 207 }, 
        {"sofa" : 1,  "begin" : 208,  "end" : 211 }, 
        {"sofa" : 1,  "begin" : 212,  "end" : 218 }, 
        {"sofa" : 1,  "begin" : 218,  "end" : 219 }, 
        {"sofa" : 1,  "begin" : 219,  "end" : 220 }, 
        {"sofa" : 1,  "begin" : 221,  "end" : 227 }, 
        {"sofa" : 1,  "begin" : 227,  "end" : 228 }, 
        {"sofa" : 1,  "begin" : 230,  "end" : 232 }, 
        {"sofa" : 1,  "begin" : 232,  "end" : 233 }, 
        {"sofa" : 1,  "begin" : 233,  "end" : 235 }, 
        {"sofa" : 1,  "begin" : 236,  "end" : 239 }, 
        {"sofa" : 1,  "begin" : 240,  "end" : 244 }, 
        {"sofa" : 1,  "begin" : 245,  "end" : 250 }, 
        {"sofa" : 1,  "begin" : 251,  "end" : 256 }, 
        {"sofa" : 1,  "begin" : 257,  "end" : 261 }, 
        {"sofa" : 1,  "begin" : 262,  "end" : 265 }, 
        {"sofa" : 1,  "begin" : 266,  "end" : 274 }, 
        {"sofa" : 1,  "begin" : 275,  "end" : 277 }, 
        {"sofa" : 1,  "begin" : 278,  "end" : 284 }, 
        {"sofa" : 1,  "begin" : 284,  "end" : 285 }, 
        {"sofa" : 1,  "begin" : 286,  "end" : 292 }, 
        {"sofa" : 1,  "begin" : 292,  "end" : 293 }, 
        {"sofa" : 1,  "begin" : 294,  "end" : 298 }, 
        {"sofa" : 1,  "begin" : 299,  "end" : 304 }, 
        {"sofa" : 1,  "begin" : 305,  "end" : 307 }, 
        {"sofa" : 1,  "begin" : 308,  "end" : 310 }, 
        {"sofa" : 1,  "begin" : 311,  "end" : 315 }, 
        {"sofa" : 1,  "begin" : 316,  "end" : 325 }, 
        {"sofa" : 1,  "begin" : 326,  "end" : 329 }, 
        {"sofa" : 1,  "begin" : 330,  "end" : 334 }, 
        {"sofa" : 1,  "begin" : 335,  "end" : 337 }, 
        {"sofa" : 1,  "begin" : 338,  "end" : 348 }, 
        {"sofa" : 1,  "begin" : 349,  "end" : 353 }, 
        {"sofa" : 1,  "begin" : 354,  "end" : 365 }, 
        {"sofa" : 1,  "begin" : 365,  "end" : 366 }, 
        {"sofa" : 1,  "begin" : 368,  "end" : 370 }, 
        {"sofa" : 1,  "begin" : 370,  "end" : 371 }, 
        {"sofa" : 1,  "begin" : 371,  "end" : 373 }, 
        {"sofa" : 1,  "begin" : 374,  "end" : 378 }, 
        {"sofa" : 1,  "begin" : 379,  "end" : 382 }, 
        {"sofa" : 1,  "begin" : 382,  "end" : 383 }, 
        {"sofa" : 1,  "begin" : 383,  "end" : 384 }, 
        {"sofa" : 1,  "begin" : 385,  "end" : 390 }, 
        {"sofa" : 1,  "begin" : 391,  "end" : 396 }, 
        {"sofa" : 1,  "begin" : 397,  "end" : 399 }, 
        {"sofa" : 1,  "begin" : 400,  "end" : 403 }, 
        {"sofa" : 1,  "begin" : 404,  "end" : 406 }, 
        {"sofa" : 1,  "begin" : 407,  "end" : 413 }, 
        {"sofa" : 1,  "begin" : 413,  "end" : 414 }, 
        {"sofa" : 1,  "begin" : 415,  "end" : 422 }, 
        {"sofa" : 1,  "begin" : 423,  "end" : 428 }, 
        {"sofa" : 1,  "begin" : 429,  "end" : 431 }, 
        {"sofa" : 1,  "begin" : 432,  "end" : 436 }, 
        {"sofa" : 1,  "begin" : 437,  "end" : 440 }, 
        {"sofa" : 1,  "begin" : 441,  "end" : 446 }, 
        {"sofa" : 1,  "begin" : 447,  "end" : 451 }, 
        {"sofa" : 1,  "begin" : 452,  "end" : 454 }, 
        {"sofa" : 1,  "begin" : 454,  "end" : 455 }, 
        {"sofa" : 1,  "begin" : 456,  "end" : 461 }, 
        {"sofa" : 1,  "begin" : 462,  "end" : 465 }, 
        {"sofa" : 1,  "begin" : 466,  "end" : 477 }, 
        {"sofa" : 1,  "begin" : 478,  "end" : 480 }, 
        {"sofa" : 1,  "begin" : 481,  "end" : 483 }, 
        {"sofa" : 1,  "begin" : 483,  "end" : 484 }, 
        {"sofa" : 1,  "begin" : 485,  "end" : 487 }, 
        {"sofa" : 1,  "begin" : 488,  "end" : 490 }, 
        {"sofa" : 1,  "begin" : 491,  "end" : 495 }, 
        {"sofa" : 1,  "begin" : 495,  "end" : 496 }, 
        {"sofa" : 1,  "begin" : 497,  "end" : 500 }, 
        {"sofa" : 1,  "begin" : 501,  "end" : 503 }, 
        {"sofa" : 1,  "begin" : 504,  "end" : 509 }, 
        {"sofa" : 1,  "begin" : 510,  "end" : 512 }, 
        {"sofa" : 1,  "begin" : 513,  "end" : 517 }, 
        {"sofa" : 1,  "begin" : 518,  "end" : 522 }, 
        {"sofa" : 1,  "begin" : 523,  "end" : 526 }, 
        {"sofa" : 1,  "begin" : 526,  "end" : 527 }, 
        {"sofa" : 1,  "begin" : 529,  "end" : 531 }, 
        {"sofa" : 1,  "begin" : 531,  "end" : 532 }, 
        {"sofa" : 1,  "begin" : 532,  "end" : 534 }, 
        {"sofa" : 1,  "begin" : 535,  "end" : 544 }, 
        {"sofa" : 1,  "begin" : 545,  "end" : 556 }, 
        {"sofa" : 1,  "begin" : 557,  "end" : 560 }, 
        {"sofa" : 1,  "begin" : 561,  "end" : 565 }, 
        {"sofa" : 1,  "begin" : 566,  "end" : 568 }, 
        {"sofa" : 1,  "begin" : 568,  "end" : 569 }, 
        {"sofa" : 1,  "begin" : 570,  "end" : 572 }, 
        {"sofa" : 1,  "begin" : 573,  "end" : 582 }, 
        {"sofa" : 1,  "begin" : 583,  "end" : 590 }, 
        {"sofa" : 1,  "begin" : 591,  "end" : 594 }, 
        {"sofa" : 1,  "begin" : 595,  "end" : 597 }, 
        {"sofa" : 1,  "begin" : 598,  "end" : 600 }, 
        {"sofa" : 1,  "begin" : 601,  "end" : 605 }, 
        {"sofa" : 1,  "begin" : 606,  "end" : 607 }, 
        {"sofa" : 1,  "begin" : 608,  "end" : 616 }, 
        {"sofa" : 1,  "begin" : 616,  "end" : 617 }, 
        {"sofa" : 1,  "begin" : 618,  "end" : 623 }, 
        {"sofa" : 1,  "begin" : 624,  "end" : 628 }, 
        {"sofa" : 1,  "begin" : 629,  "end" : 631 }, 
        {"sofa" : 1,  "begin" : 632,  "end" : 635 }, 
        {"sofa" : 1,  "begin" : 636,  "end" : 639 }, 
        {"sofa" : 1,  "begin" : 640,  "end" : 644 }, 
        {"sofa" : 1,  "begin" : 645,  "end" : 648 }, 
        {"sofa" : 1,  "begin" : 649,  "end" : 655 }, 
        {"sofa" : 1,  "begin" : 655,  "end" : 656 }, 
        {"sofa" : 1,  "begin" : 658,  "end" : 660 }, 
        {"sofa" : 1,  "begin" : 660,  "end" : 661 }, 
        {"sofa" : 1,  "begin" : 661,  "end" : 663 }, 
        {"sofa" : 1,  "begin" : 664,  "end" : 667 }, 
        {"sofa" : 1,  "begin" : 668,  "end" : 671 }, 
        {"sofa" : 1,  "begin" : 672,  "end" : 676 }, 
        {"sofa" : 1,  "begin" : 677,  "end" : 681 }, 
        {"sofa" : 1,  "begin" : 682,  "end" : 686 }, 
        {"sofa" : 1,  "begin" : 687,  "end" : 692 }, 
        {"sofa" : 1,  "begin" : 692,  "end" : 693 }, 
        {"sofa" : 1,  "begin" : 694,  "end" : 698 }, 
        {"sofa" : 1,  "begin" : 699,  "end" : 703 }, 
        {"sofa" : 1,  "begin" : 704,  "end" : 708 }, 
        {"sofa" : 1,  "begin" : 709,  "end" : 714 }, 
        {"sofa" : 1,  "begin" : 715,  "end" : 721 }, 
        {"sofa" : 1,  "begin" : 721,  "end" : 722 }, 
        {"sofa" : 1,  "begin" : 723,  "end" : 729 }, 
        {"sofa" : 1,  "begin" : 729,  "end" : 730 }, 
        {"sofa" : 1,  "begin" : 731,  "end" : 734 }, 
        {"sofa" : 1,  "begin" : 735,  "end" : 741 }, 
        {"sofa" : 1,  "begin" : 741,  "end" : 742 }, 
        {"sofa" : 1,  "begin" : 743,  "end" : 746 }, 
        {"sofa" : 1,  "begin" : 747,  "end" : 755 }, 
        {"sofa" : 1,  "begin" : 755,  "end" : 756 }, 
        {"sofa" : 1,  "begin" : 757,  "end" : 762 }, 
        {"sofa" : 1,  "begin" : 763,  "end" : 768 }, 
        {"sofa" : 1,  "begin" : 769,  "end" : 775 }, 
        {"sofa" : 1,  "begin" : 776,  "end" : 780 }, 
        {"sofa" : 1,  "begin" : 781,  "end" : 785 }, 
        {"sofa" : 1,  "begin" : 786,  "end" : 798 }, 
        {"sofa" : 1,  "begin" : 798,  "end" : 799 }, 
        {"sofa" : 1,  "begin" : 800,  "end" : 802 }, 
        {"sofa" : 1,  "begin" : 803,  "end" : 807 }, 
        {"sofa" : 1,  "begin" : 808,  "end" : 813 }, 
        {"sofa" : 1,  "begin" : 814,  "end" : 819 }, 
        {"sofa" : 1,  "begin" : 820,  "end" : 822 }, 
        {"sofa" : 1,  "begin" : 823,  "end" : 824 }, 
        {"sofa" : 1,  "begin" : 825,  "end" : 829 }, 
        {"sofa" : 1,  "begin" : 830,  "end" : 836 }, 
        {"sofa" : 1,  "begin" : 836,  "end" : 837 }, 
        {"sofa" : 1,  "begin" : 840,  "end" : 842 }, 
        {"sofa" : 1,  "begin" : 842,  "end" : 843 }, 
        {"sofa" : 1,  "begin" : 843,  "end" : 845 }, 
        {"sofa" : 1,  "begin" : 846,  "end" : 849 }, 
        {"sofa" : 1,  "begin" : 850,  "end" : 854 }, 
        {"sofa" : 1,  "begin" : 855,  "end" : 860 }, 
        {"sofa" : 1,  "begin" : 861,  "end" : 865 }, 
        {"sofa" : 1,  "begin" : 866,  "end" : 868 }, 
        {"sofa" : 1,  "begin" : 869,  "end" : 870 }, 
        {"sofa" : 1,  "begin" : 871,  "end" : 878 }, 
        {"sofa" : 1,  "begin" : 878,  "end" : 879 }, 
        {"sofa" : 1,  "begin" : 880,  "end" : 881 }, 
        {"sofa" : 1,  "begin" : 882,  "end" : 892 }, 
        {"sofa" : 1,  "begin" : 893,  "end" : 898 }, 
        {"sofa" : 1,  "begin" : 899,  "end" : 902 }, 
        {"sofa" : 1,  "begin" : 903,  "end" : 906 }, 
        {"sofa" : 1,  "begin" : 907,  "end" : 909 }, 
        {"sofa" : 1,  "begin" : 910,  "end" : 913 }, 
        {"sofa" : 1,  "begin" : 914,  "end" : 924 }, 
        {"sofa" : 1,  "begin" : 924,  "end" : 925 }, 
        {"sofa" : 1,  "begin" : 926,  "end" : 934 }, 
        {"sofa" : 1,  "begin" : 935,  "end" : 943 }, 
        {"sofa" : 1,  "begin" : 943,  "end" : 944 }, 
        {"sofa" : 1,  "begin" : 945,  "end" : 949 }, 
        {"sofa" : 1,  "begin" : 950,  "end" : 953 }, 
        {"sofa" : 1,  "begin" : 954,  "end" : 958 }, 
        {"sofa" : 1,  "begin" : 958,  "end" : 959 }, 
        {"sofa" : 1,  "begin" : 961,  "end" : 963 }, 
        {"sofa" : 1,  "begin" : 963,  "end" : 964 }, 
        {"sofa" : 1,  "begin" : 964,  "end" : 966 }, 
        {"sofa" : 1,  "begin" : 967,  "end" : 970 }, 
        {"sofa" : 1,  "begin" : 971,  "end" : 975 }, 
        {"sofa" : 1,  "begin" : 976,  "end" : 981 }, 
        {"sofa" : 1,  "begin" : 982,  "end" : 986 }, 
        {"sofa" : 1,  "begin" : 987,  "end" : 991 }, 
        {"sofa" : 1,  "begin" : 992,  "end" : 994 }, 
        {"sofa" : 1,  "begin" : 995,  "end" : 997 }, 
        {"sofa" : 1,  "begin" : 998,  "end" : 1002 }, 
        {"sofa" : 1,  "begin" : 1003,  "end" : 1008 }, 
        {"sofa" : 1,  "begin" : 1008,  "end" : 1009 }, 
        {"sofa" : 1,  "begin" : 1010,  "end" : 1013 }, 
        {"sofa" : 1,  "begin" : 1014,  "end" : 1017 }, 
        {"sofa" : 1,  "begin" : 1018,  "end" : 1020 }, 
        {"sofa" : 1,  "begin" : 1021,  "end" : 1023 }, 
        {"sofa" : 1,  "begin" : 1024,  "end" : 1030 }, 
        {"sofa" : 1,  "begin" : 1031,  "end" : 1034 }, 
        {"sofa" : 1,  "begin" : 1035,  "end" : 1044 }, 
        {"sofa" : 1,  "begin" : 1045,  "end" : 1047 }, 
        {"sofa" : 1,  "begin" : 1048,  "end" : 1051 }, 
        {"sofa" : 1,  "begin" : 1052,  "end" : 1062 }, 
        {"sofa" : 1,  "begin" : 1063,  "end" : 1065 }, 
        {"sofa" : 1,  "begin" : 1066,  "end" : 1069 }, 
        {"sofa" : 1,  "begin" : 1070,  "end" : 1082 }, 
        {"sofa" : 1,  "begin" : 1082,  "end" : 1083 }, 
        {"sofa" : 1,  "begin" : 1084,  "end" : 1089 }, 
        {"sofa" : 1,  "begin" : 1090,  "end" : 1091 }, 
        {"sofa" : 1,  "begin" : 1092,  "end" : 1096 }, 
        {"sofa" : 1,  "begin" : 1097,  "end" : 1101 }, 
        {"sofa" : 1,  "begin" : 1102,  "end" : 1106 }, 
        {"sofa" : 1,  "begin" : 1107,  "end" : 1111 }, 
        {"sofa" : 1,  "begin" : 1111,  "end" : 1112 }, 
        {"sofa" : 1,  "begin" : 1113,  "end" : 1115 }, 
        {"sofa" : 1,  "begin" : 1116,  "end" : 1121 }, 
        {"sofa" : 1,  "begin" : 1122,  "end" : 1124 }, 
        {"sofa" : 1,  "begin" : 1125,  "end" : 1129 }, 
        {"sofa" : 1,  "begin" : 1130,  "end" : 1133 }, 
        {"sofa" : 1,  "begin" : 1134,  "end" : 1138 }, 
        {"sofa" : 1,  "begin" : 1139,  "end" : 1143 }, 
        {"sofa" : 1,  "begin" : 1143,  "end" : 1144 }, 
        {"sofa" : 1,  "begin" : 1146,  "end" : 1148 }, 
        {"sofa" : 1,  "begin" : 1148,  "end" : 1149 }, 
        {"sofa" : 1,  "begin" : 1149,  "end" : 1151 }, 
        {"sofa" : 1,  "begin" : 1152,  "end" : 1155 }, 
        {"sofa" : 1,  "begin" : 1156,  "end" : 1158 }, 
        {"sofa" : 1,  "begin" : 1159,  "end" : 1162 }, 
        {"sofa" : 1,  "begin" : 1163,  "end" : 1166 }, 
        {"sofa" : 1,  "begin" : 1167,  "end" : 1174 }, 
        {"sofa" : 1,  "begin" : 1175,  "end" : 1180 }, 
        {"sofa" : 1,  "begin" : 1181,  "end" : 1185 }, 
        {"sofa" : 1,  "begin" : 1186,  "end" : 1191 }, 
        {"sofa" : 1,  "begin" : 1192,  "end" : 1196 }, 
        {"sofa" : 1,  "begin" : 1196,  "end" : 1197 }, 
        {"sofa" : 1,  "begin" : 1198,  "end" : 1200 }, 
        {"sofa" : 1,  "begin" : 1201,  "end" : 1206 }, 
        {"sofa" : 1,  "begin" : 1207,  "end" : 1210 }, 
        {"sofa" : 1,  "begin" : 1211,  "end" : 1215 }, 
        {"sofa" : 1,  "begin" : 1216,  "end" : 1218 }, 
        {"sofa" : 1,  "begin" : 1219,  "end" : 1229 }, 
        {"sofa" : 1,  "begin" : 1230,  "end" : 1239 }, 
        {"sofa" : 1,  "begin" : 1240,  "end" : 1242 }, 
        {"sofa" : 1,  "begin" : 1243,  "end" : 1246 }, 
        {"sofa" : 1,  "begin" : 1247,  "end" : 1258 }, 
        {"sofa" : 1,  "begin" : 1259,  "end" : 1266 }, 
        {"sofa" : 1,  "begin" : 1266,  "end" : 1267 }, 
        {"sofa" : 1,  "begin" : 1268,  "end" : 1270 }, 
        {"sofa" : 1,  "begin" : 1271,  "end" : 1276 }, 
        {"sofa" : 1,  "begin" : 1277,  "end" : 1279 }, 
        {"sofa" : 1,  "begin" : 1280,  "end" : 1284 }, 
        {"sofa" : 1,  "begin" : 1285,  "end" : 1289 }, 
        {"sofa" : 1,  "begin" : 1290,  "end" : 1294 }, 
        {"sofa" : 1,  "begin" : 1295,  "end" : 1298 }, 
        {"sofa" : 1,  "begin" : 1299,  "end" : 1302 }, 
        {"sofa" : 1,  "begin" : 1303,  "end" : 1307 }, 
        {"sofa" : 1,  "begin" : 1307,  "end" : 1308 }, 
        {"sofa" : 1,  "begin" : 1310,  "end" : 1312 }, 
        {"sofa" : 1,  "begin" : 1312,  "end" : 1313 }, 
        {"sofa" : 1,  "begin" : 1313,  "end" : 1315 }, 
        {"sofa" : 1,  "begin" : 1316,  "end" : 1325 }, 
        {"sofa" : 1,  "begin" : 1326,  "end" : 1331 }, 
        {"sofa" : 1,  "begin" : 1332,  "end" : 1336 }, 
        {"sofa" : 1,  "begin" : 1337,  "end" : 1341 }, 
        {"sofa" : 1,  "begin" : 1342,  "end" : 1346 }, 
        {"sofa" : 1,  "begin" : 1347,  "end" : 1351 }, 
        {"sofa" : 1,  "begin" : 1351,  "end" : 1352 }, 
        {"sofa" : 1,  "begin" : 1353,  "end" : 1355 }, 
        {"sofa" : 1,  "begin" : 1356,  "end" : 1361 }, 
        {"sofa" : 1,  "begin" : 1362,  "end" : 1369 }, 
        {"sofa" : 1,  "begin" : 1369,  "end" : 1370 }, 
        {"sofa" : 1,  "begin" : 1371,  "end" : 1376 }, 
        {"sofa" : 1,  "begin" : 1377,  "end" : 1381 }, 
        {"sofa" : 1,  "begin" : 1382,  "end" : 1384 }, 
        {"sofa" : 1,  "begin" : 1385,  "end" : 1388 }, 
        {"sofa" : 1,  "begin" : 1389,  "end" : 1392 }, 
        {"sofa" : 1,  "begin" : 1393,  "end" : 1397 }, 
        {"sofa" : 1,  "begin" : 1398,  "end" : 1401 }, 
        {"sofa" : 1,  "begin" : 1402,  "end" : 1408 }, 
        {"sofa" : 1,  "begin" : 1408,  "end" : 1409 }, 
        {"sofa" : 1,  "begin" : 1411,  "end" : 1413 }, 
        {"sofa" : 1,  "begin" : 1413,  "end" : 1414 }, 
        {"sofa" : 1,  "begin" : 1414,  "end" : 1415 }, 
        {"sofa" : 1,  "begin" : 1416,  "end" : 1419 }, 
        {"sofa" : 1,  "begin" : 1420,  "end" : 1423 }, 
        {"sofa" : 1,  "begin" : 1424,  "end" : 1428 }, 
        {"sofa" : 1,  "begin" : 1429,  "end" : 1434 }, 
        {"sofa" : 1,  "begin" : 1435,  "end" : 1439 }, 
        {"sofa" : 1,  "begin" : 1440,  "end" : 1445 }, 
        {"sofa" : 1,  "begin" : 1445,  "end" : 1446 }, 
        {"sofa" : 1,  "begin" : 1447,  "end" : 1453 }, 
        {"sofa" : 1,  "begin" : 1453,  "end" : 1454 }, 
        {"sofa" : 1,  "begin" : 1455,  "end" : 1457 }, 
        {"sofa" : 1,  "begin" : 1457,  "end" : 1458 }, 
        {"sofa" : 1,  "begin" : 1458,  "end" : 1459 }, 
        {"sofa" : 1,  "begin" : 1460,  "end" : 1463 }, 
        {"sofa" : 1,  "begin" : 1463,  "end" : 1464 }, 
        {"sofa" : 1,  "begin" : 1465,  "end" : 1466 }, 
        {"sofa" : 1,  "begin" : 1467,  "end" : 1471 }, 
        {"sofa" : 1,  "begin" : 1472,  "end" : 1478 }, 
        {"sofa" : 1,  "begin" : 1479,  "end" : 1481 }, 
        {"sofa" : 1,  "begin" : 1482,  "end" : 1486 }, 
        {"sofa" : 1,  "begin" : 1487,  "end" : 1495 }, 
        {"sofa" : 1,  "begin" : 1496,  "end" : 1499 }, 
        {"sofa" : 1,  "begin" : 1500,  "end" : 1503 }, 
        {"sofa" : 1,  "begin" : 1504,  "end" : 1506 }, 
        {"sofa" : 1,  "begin" : 1507,  "end" : 1510 }, 
        {"sofa" : 1,  "begin" : 1510,  "end" : 1511 }, 
        {"sofa" : 1,  "begin" : 1512,  "end" : 1515 }, 
        {"sofa" : 1,  "begin" : 1516,  "end" : 1519 }, 
        {"sofa" : 1,  "begin" : 1520,  "end" : 1522 }, 
        {"sofa" : 1,  "begin" : 1523,  "end" : 1526 }, 
        {"sofa" : 1,  "begin" : 1526,  "end" : 1527 }, 
        {"sofa" : 1,  "begin" : 1528,  "end" : 1530 }, 
        {"sofa" : 1,  "begin" : 1531,  "end" : 1534 }, 
        {"sofa" : 1,  "begin" : 1535,  "end" : 1540 }, 
        {"sofa" : 1,  "begin" : 1541,  "end" : 1543 }, 
        {"sofa" : 1,  "begin" : 1544,  "end" : 1549 }, 
        {"sofa" : 1,  "begin" : 1549,  "end" : 1550 }, 
        {"sofa" : 1,  "begin" : 1551,  "end" : 1553 }, 
        {"sofa" : 1,  "begin" : 1553,  "end" : 1554 }, 
        {"sofa" : 1,  "begin" : 1554,  "end" : 1555 }, 
        {"sofa" : 1,  "begin" : 1556,  "end" : 1559 }, 
        {"sofa" : 1,  "begin" : 1560,  "end" : 1561 }, 
        {"sofa" : 1,  "begin" : 1562,  "end" : 1566 }, 
        {"sofa" : 1,  "begin" : 1567,  "end" : 1573 }, 
        {"sofa" : 1,  "begin" : 1574,  "end" : 1577 }, 
        {"sofa" : 1,  "begin" : 1578,  "end" : 1582 }, 
        {"sofa" : 1,  "begin" : 1583,  "end" : 1586 }, 
        {"sofa" : 1,  "begin" : 1587,  "end" : 1593 }, 
        {"sofa" : 1,  "begin" : 1594,  "end" : 1596 }, 
        {"sofa" : 1,  "begin" : 1597,  "end" : 1600 }, 
        {"sofa" : 1,  "begin" : 1600,  "end" : 1601 }, 
        {"sofa" : 1,  "begin" : 1602,  "end" : 1604 }, 
        {"sofa" : 1,  "begin" : 1605,  "end" : 1611 }, 
        {"sofa" : 1,  "begin" : 1611,  "end" : 1612 }, 
        {"sofa" : 1,  "begin" : 1613,  "end" : 1616 }, 
        {"sofa" : 1,  "begin" : 1617,  "end" : 1619 }, 
        {"sofa" : 1,  "begin" : 1620,  "end" : 1633 }, 
        {"sofa" : 1,  "begin" : 1633,  "end" : 1634 }, 
        {"sofa" : 1,  "begin" : 1635,  "end" : 1638 }, 
        {"sofa" : 1,  "begin" : 1639,  "end" : 1641 }, 
        {"sofa" : 1,  "begin" : 1642,  "end" : 1651 }, 
        {"sofa" : 1,  "begin" : 1651,  "end" : 1652 }, 
        {"sofa" : 1,  "begin" : 1653,  "end" : 1656 }, 
        {"sofa" : 1,  "begin" : 1657,  "end" : 1659 }, 
        {"sofa" : 1,  "begin" : 1660,  "end" : 1663 }, 
        {"sofa" : 1,  "begin" : 1664,  "end" : 1670 }, 
        {"sofa" : 1,  "begin" : 1671,  "end" : 1673 }, 
        {"sofa" : 1,  "begin" : 1674,  "end" : 1685 }, 
        {"sofa" : 1,  "begin" : 1685,  "end" : 1686 }, 
        {"sofa" : 1,  "begin" : 1687,  "end" : 1689 }, 
        {"sofa" : 1,  "begin" : 1689,  "end" : 1690 }, 
        {"sofa" : 1,  "begin" : 1690,  "end" : 1691 }, 
        {"sofa" : 1,  "begin" : 1692,  "end" : 1694 }, 
        {"sofa" : 1,  "begin" : 1695,  "end" : 1701 }, 
        {"sofa" : 1,  "begin" : 1702,  "end" : 1709 }, 
        {"sofa" : 1,  "begin" : 1710,  "end" : 1715 }, 
        {"sofa" : 1,  "begin" : 1715,  "end" : 1716 }, 
        {"sofa" : 1,  "begin" : 1717,  "end" : 1719 }, 
        {"sofa" : 1,  "begin" : 1720,  "end" : 1724 }, 
        {"sofa" : 1,  "begin" : 1725,  "end" : 1727 }, 
        {"sofa" : 1,  "begin" : 1728,  "end" : 1732 }, 
        {"sofa" : 1,  "begin" : 1732,  "end" : 1733 }, 
        {"sofa" : 1,  "begin" : 1734,  "end" : 1737 }, 
        {"sofa" : 1,  "begin" : 1738,  "end" : 1740 }, 
        {"sofa" : 1,  "begin" : 1741,  "end" : 1747 }, 
        {"sofa" : 1,  "begin" : 1747,  "end" : 1748 }, 
        {"sofa" : 1,  "begin" : 1749,  "end" : 1752 }, 
        {"sofa" : 1,  "begin" : 1753,  "end" : 1755 }, 
        {"sofa" : 1,  "begin" : 1756,  "end" : 1761 }, 
        {"sofa" : 1,  "begin" : 1761,  "end" : 1762 }, 
        {"sofa" : 1,  "begin" : 1763,  "end" : 1765 }, 
        {"sofa" : 1,  "begin" : 1765,  "end" : 1766 }, 
        {"sofa" : 1,  "begin" : 1766,  "end" : 1767 }, 
        {"sofa" : 1,  "begin" : 1768,  "end" : 1771 }, 
        {"sofa" : 1,  "begin" : 1772,  "end" : 1774 }, 
        {"sofa" : 1,  "begin" : 1775,  "end" : 1782 }, 
        {"sofa" : 1,  "begin" : 1783,  "end" : 1785 }, 
        {"sofa" : 1,  "begin" : 1786,  "end" : 1792 }, 
        {"sofa" : 1,  "begin" : 1792,  "end" : 1793 }, 
        {"sofa" : 1,  "begin" : 1794,  "end" : 1796 }, 
        {"sofa" : 1,  "begin" : 1797,  "end" : 1800 }, 
        {"sofa" : 1,  "begin" : 1801,  "end" : 1805 }, 
        {"sofa" : 1,  "begin" : 1805,  "end" : 1806 }, 
        {"sofa" : 1,  "begin" : 1807,  "end" : 1810 }, 
        {"sofa" : 1,  "begin" : 1811,  "end" : 1813 }, 
        {"sofa" : 1,  "begin" : 1814,  "end" : 1821 }, 
        {"sofa" : 1,  "begin" : 1822,  "end" : 1824 }, 
        {"sofa" : 1,  "begin" : 1825,  "end" : 1831 }, 
        {"sofa" : 1,  "begin" : 1831,  "end" : 1832 }, 
        {"sofa" : 1,  "begin" : 1833,  "end" : 1835 }, 
        {"sofa" : 1,  "begin" : 1836,  "end" : 1840 }, 
        {"sofa" : 1,  "begin" : 1841,  "end" : 1843 }, 
        {"sofa" : 1,  "begin" : 1844,  "end" : 1847 }, 
        {"sofa" : 1,  "begin" : 1848,  "end" : 1854 }, 
        {"sofa" : 1,  "begin" : 1855,  "end" : 1857 }, 
        {"sofa" : 1,  "begin" : 1858,  "end" : 1869 }, 
        {"sofa" : 1,  "begin" : 1869,  "end" : 1870 }, 
        {"sofa" : 1,  "begin" : 1872,  "end" : 1874 }, 
        {"sofa" : 1,  "begin" : 1874,  "end" : 1875 }, 
        {"sofa" : 1,  "begin" : 1875,  "end" : 1876 }, 
        {"sofa" : 1,  "begin" : 1877,  "end" : 1880 }, 
        {"sofa" : 1,  "begin" : 1881,  "end" : 1882 }, 
        {"sofa" : 1,  "begin" : 1882,  "end" : 1883 }, 
        {"sofa" : 1,  "begin" : 1884,  "end" : 1890 }, 
        {"sofa" : 1,  "begin" : 1890,  "end" : 1891 }, 
        {"sofa" : 1,  "begin" : 1892,  "end" : 1893 }, 
        {"sofa" : 1,  "begin" : 1894,  "end" : 1898 }, 
        {"sofa" : 1,  "begin" : 1899,  "end" : 1904 }, 
        {"sofa" : 1,  "begin" : 1905,  "end" : 1909 }, 
        {"sofa" : 1,  "begin" : 1910,  "end" : 1913 }, 
        {"sofa" : 1,  "begin" : 1914,  "end" : 1921 }, 
        {"sofa" : 1,  "begin" : 1921,  "end" : 1922 }, 
        {"sofa" : 1,  "begin" : 1923,  "end" : 1926 }, 
        {"sofa" : 1,  "begin" : 1927,  "end" : 1930 }, 
        {"sofa" : 1,  "begin" : 1931,  "end" : 1933 }, 
        {"sofa" : 1,  "begin" : 1934,  "end" : 1943 }, 
        {"sofa" : 1,  "begin" : 1943,  "end" : 1944 }, 
        {"sofa" : 1,  "begin" : 1945,  "end" : 1947 }, 
        {"sofa" : 1,  "begin" : 1948,  "end" : 1951 }, 
        {"sofa" : 1,  "begin" : 1952,  "end" : 1957 }, 
        {"sofa" : 1,  "begin" : 1958,  "end" : 1960 }, 
        {"sofa" : 1,  "begin" : 1961,  "end" : 1964 }, 
        {"sofa" : 1,  "begin" : 1964,  "end" : 1965 }, 
        {"sofa" : 1,  "begin" : 1966,  "end" : 1969 }, 
        {"sofa" : 1,  "begin" : 1970,  "end" : 1972 }, 
        {"sofa" : 1,  "begin" : 1973,  "end" : 1976 }, 
        {"sofa" : 1,  "begin" : 1977,  "end" : 1983 }, 
        {"sofa" : 1,  "begin" : 1984,  "end" : 1986 }, 
        {"sofa" : 1,  "begin" : 1987,  "end" : 1990 }, 
        {"sofa" : 1,  "begin" : 1991,  "end" : 1995 }, 
        {"sofa" : 1,  "begin" : 1996,  "end" : 1999 }, 
        {"sofa" : 1,  "begin" : 2000,  "end" : 2004 }, 
        {"sofa" : 1,  "begin" : 2005,  "end" : 2012 }, 
        {"sofa" : 1,  "begin" : 2013,  "end" : 2014 }, 
        {"sofa" : 1,  "begin" : 2015,  "end" : 2019 }, 
        {"sofa" : 1,  "begin" : 2020,  "end" : 2023 }, 
        {"sofa" : 1,  "begin" : 2024,  "end" : 2030 }, 
        {"sofa" : 1,  "begin" : 2030,  "end" : 2031 }, 
        {"sofa" : 1,  "begin" : 2032,  "end" : 2036 }, 
        {"sofa" : 1,  "begin" : 2037,  "end" : 2041 }, 
        {"sofa" : 1,  "begin" : 2042,  "end" : 2045 }, 
        {"sofa" : 1,  "begin" : 2046,  "end" : 2050 }, 
        {"sofa" : 1,  "begin" : 2051,  "end" : 2054 }, 
        {"sofa" : 1,  "begin" : 2055,  "end" : 2059 }, 
        {"sofa" : 1,  "begin" : 2060,  "end" : 2061 }, 
        {"sofa" : 1,  "begin" : 2062,  "end" : 2066 }, 
        {"sofa" : 1,  "begin" : 2067,  "end" : 2076 }, 
        {"sofa" : 1,  "begin" : 2077,  "end" : 2081 }, 
        {"sofa" : 1,  "begin" : 2081,  "end" : 2082 }, 
        {"sofa" : 1,  "begin" : 2083,  "end" : 2085 }, 
        {"sofa" : 1,  "begin" : 2085,  "end" : 2086 }, 
        {"sofa" : 1,  "begin" : 2086,  "end" : 2087 }, 
        {"sofa" : 1,  "begin" : 2088,  "end" : 2091 }, 
        {"sofa" : 1,  "begin" : 2092,  "end" : 2102 }, 
        {"sofa" : 1,  "begin" : 2103,  "end" : 2105 }, 
        {"sofa" : 1,  "begin" : 2106,  "end" : 2109 }, 
        {"sofa" : 1,  "begin" : 2110,  "end" : 2122 }, 
        {"sofa" : 1,  "begin" : 2122,  "end" : 2123 }, 
        {"sofa" : 1,  "begin" : 2124,  "end" : 2127 }, 
        {"sofa" : 1,  "begin" : 2128,  "end" : 2131 }, 
        {"sofa" : 1,  "begin" : 2132,  "end" : 2135 }, 
        {"sofa" : 1,  "begin" : 2136,  "end" : 2138 }, 
        {"sofa" : 1,  "begin" : 2139,  "end" : 2142 }, 
        {"sofa" : 1,  "begin" : 2143,  "end" : 2152 }, 
        {"sofa" : 1,  "begin" : 2152,  "end" : 2153 }, 
        {"sofa" : 1,  "begin" : 2154,  "end" : 2157 }, 
        {"sofa" : 1,  "begin" : 2158,  "end" : 2161 }, 
        {"sofa" : 1,  "begin" : 2162,  "end" : 2167 }, 
        {"sofa" : 1,  "begin" : 2168,  "end" : 2172 }, 
        {"sofa" : 1,  "begin" : 2173,  "end" : 2177 }, 
        {"sofa" : 1,  "begin" : 2178,  "end" : 2180 }, 
        {"sofa" : 1,  "begin" : 2181,  "end" : 2190 }, 
        {"sofa" : 1,  "begin" : 2190,  "end" : 2191 }, 
        {"sofa" : 1,  "begin" : 2192,  "end" : 2195 }, 
        {"sofa" : 1,  "begin" : 2196,  "end" : 2199 }, 
        {"sofa" : 1,  "begin" : 2200,  "end" : 2203 }, 
        {"sofa" : 1,  "begin" : 2204,  "end" : 2213 }, 
        {"sofa" : 1,  "begin" : 2214,  "end" : 2216 }, 
        {"sofa" : 1,  "begin" : 2217,  "end" : 2220 }, 
        {"sofa" : 1,  "begin" : 2221,  "end" : 2231 }, 
        {"sofa" : 1,  "begin" : 2231,  "end" : 2232 }, 
        {"sofa" : 1,  "begin" : 2233,  "end" : 2235 }, 
        {"sofa" : 1,  "begin" : 2235,  "end" : 2236 }, 
        {"sofa" : 1,  "begin" : 2236,  "end" : 2237 }, 
        {"sofa" : 1,  "begin" : 2238,  "end" : 2241 }, 
        {"sofa" : 1,  "begin" : 2242,  "end" : 2245 }, 
        {"sofa" : 1,  "begin" : 2246,  "end" : 2251 }, 
        {"sofa" : 1,  "begin" : 2252,  "end" : 2255 }, 
        {"sofa" : 1,  "begin" : 2256,  "end" : 2259 }, 
        {"sofa" : 1,  "begin" : 2260,  "end" : 2269 }, 
        {"sofa" : 1,  "begin" : 2269,  "end" : 2270 }, 
        {"sofa" : 1,  "begin" : 2271,  "end" : 2274 }, 
        {"sofa" : 1,  "begin" : 2275,  "end" : 2278 }, 
        {"sofa" : 1,  "begin" : 2279,  "end" : 2283 }, 
        {"sofa" : 1,  "begin" : 2284,  "end" : 2295 }, 
        {"sofa" : 1,  "begin" : 2296,  "end" : 2300 }, 
        {"sofa" : 1,  "begin" : 2301,  "end" : 2304 }, 
        {"sofa" : 1,  "begin" : 2305,  "end" : 2308 }, 
        {"sofa" : 1,  "begin" : 2309,  "end" : 2318 }, 
        {"sofa" : 1,  "begin" : 2318,  "end" : 2319 }, 
        {"sofa" : 1,  "begin" : 2320,  "end" : 2323 }, 
        {"sofa" : 1,  "begin" : 2324,  "end" : 2327 }, 
        {"sofa" : 1,  "begin" : 2328,  "end" : 2333 }, 
        {"sofa" : 1,  "begin" : 2334,  "end" : 2336 }, 
        {"sofa" : 1,  "begin" : 2337,  "end" : 2344 }, 
        {"sofa" : 1,  "begin" : 2344,  "end" : 2345 }, 
        {"sofa" : 1,  "begin" : 2346,  "end" : 2348 }, 
        {"sofa" : 1,  "begin" : 2348,  "end" : 2349 }, 
        {"sofa" : 1,  "begin" : 2349,  "end" : 2350 }, 
        {"sofa" : 1,  "begin" : 2351,  "end" : 2354 }, 
        {"sofa" : 1,  "begin" : 2355,  "end" : 2358 }, 
        {"sofa" : 1,  "begin" : 2359,  "end" : 2364 }, 
        {"sofa" : 1,  "begin" : 2365,  "end" : 2367 }, 
        {"sofa" : 1,  "begin" : 2368,  "end" : 2373 }, 
        {"sofa" : 1,  "begin" : 2374,  "end" : 2382 }, 
        {"sofa" : 1,  "begin" : 2383,  "end" : 2387 }, 
        {"sofa" : 1,  "begin" : 2388,  "end" : 2391 }, 
        {"sofa" : 1,  "begin" : 2392,  "end" : 2395 }, 
        {"sofa" : 1,  "begin" : 2396,  "end" : 2405 }, 
        {"sofa" : 1,  "begin" : 2405,  "end" : 2406 }, 
        {"sofa" : 1,  "begin" : 2407,  "end" : 2410 }, 
        {"sofa" : 1,  "begin" : 2411,  "end" : 2414 }, 
        {"sofa" : 1,  "begin" : 2415,  "end" : 2420 }, 
        {"sofa" : 1,  "begin" : 2421,  "end" : 2424 }, 
        {"sofa" : 1,  "begin" : 2425,  "end" : 2428 }, 
        {"sofa" : 1,  "begin" : 2429,  "end" : 2433 }, 
        {"sofa" : 1,  "begin" : 2433,  "end" : 2434 }, 
        {"sofa" : 1,  "begin" : 2435,  "end" : 2437 }, 
        {"sofa" : 1,  "begin" : 2437,  "end" : 2438 }, 
        {"sofa" : 1,  "begin" : 2438,  "end" : 2440 }, 
        {"sofa" : 1,  "begin" : 2441,  "end" : 2444 }, 
        {"sofa" : 1,  "begin" : 2445,  "end" : 2448 }, 
        {"sofa" : 1,  "begin" : 2449,  "end" : 2455 }, 
        {"sofa" : 1,  "begin" : 2456,  "end" : 2458 }, 
        {"sofa" : 1,  "begin" : 2459,  "end" : 2466 }, 
        {"sofa" : 1,  "begin" : 2466,  "end" : 2467 }, 
        {"sofa" : 1,  "begin" : 2468,  "end" : 2471 }, 
        {"sofa" : 1,  "begin" : 2472,  "end" : 2475 }, 
        {"sofa" : 1,  "begin" : 2476,  "end" : 2480 }, 
        {"sofa" : 1,  "begin" : 2481,  "end" : 2489 }, 
        {"sofa" : 1,  "begin" : 2490,  "end" : 2493 }, 
        {"sofa" : 1,  "begin" : 2494,  "end" : 2499 }, 
        {"sofa" : 1,  "begin" : 2500,  "end" : 2503 }, 
        {"sofa" : 1,  "begin" : 2504,  "end" : 2510 }, 
        {"sofa" : 1,  "begin" : 2510,  "end" : 2511 }, 
        {"sofa" : 1,  "begin" : 2512,  "end" : 2515 }, 
        {"sofa" : 1,  "begin" : 2516,  "end" : 2519 }, 
        {"sofa" : 1,  "begin" : 2520,  "end" : 2528 }, 
        {"sofa" : 1,  "begin" : 2529,  "end" : 2531 }, 
        {"sofa" : 1,  "begin" : 2532,  "end" : 2535 }, 
        {"sofa" : 1,  "begin" : 2536,  "end" : 2540 }, 
        {"sofa" : 1,  "begin" : 2540,  "end" : 2541 }, 
        {"sofa" : 1,  "begin" : 2542,  "end" : 2544 }, 
        {"sofa" : 1,  "begin" : 2545,  "end" : 2553 }, 
        {"sofa" : 1,  "begin" : 2554,  "end" : 2556 }, 
        {"sofa" : 1,  "begin" : 2557,  "end" : 2560 }, 
        {"sofa" : 1,  "begin" : 2561,  "end" : 2567 }, 
        {"sofa" : 1,  "begin" : 2567,  "end" : 2568 }, 
        {"sofa" : 1,  "begin" : 2568,  "end" : 2569 }, 
        {"sofa" : 1,  "begin" : 2570,  "end" : 2576 }, 
        {"sofa" : 1,  "begin" : 2576,  "end" : 2577 }, 
        {"sofa" : 1,  "begin" : 2578,  "end" : 2580 }, 
        {"sofa" : 1,  "begin" : 2580,  "end" : 2581 }, 
        {"sofa" : 1,  "begin" : 2581,  "end" : 2583 }, 
        {"sofa" : 1,  "begin" : 2584,  "end" : 2587 }, 
        {"sofa" : 1,  "begin" : 2588,  "end" : 2591 }, 
        {"sofa" : 1,  "begin" : 2592,  "end" : 2601 }, 
        {"sofa" : 1,  "begin" : 2602,  "end" : 2605 }, 
        {"sofa" : 1,  "begin" : 2605,  "end" : 2606 }, 
        {"sofa" : 1,  "begin" : 2607,  "end" : 2610 }, 
        {"sofa" : 1,  "begin" : 2611,  "end" : 2616 }, 
        {"sofa" : 1,  "begin" : 2617,  "end" : 2624 }, 
        {"sofa" : 1,  "begin" : 2625,  "end" : 2628 }, 
        {"sofa" : 1,  "begin" : 2629,  "end" : 2632 }, 
        {"sofa" : 1,  "begin" : 2633,  "end" : 2637 }, 
        {"sofa" : 1,  "begin" : 2638,  "end" : 2643 }, 
        {"sofa" : 1,  "begin" : 2643,  "end" : 2644 }, 
        {"sofa" : 1,  "begin" : 2645,  "end" : 2654 }, 
        {"sofa" : 1,  "begin" : 2655,  "end" : 2657 }, 
        {"sofa" : 1,  "begin" : 2658,  "end" : 2661 }, 
        {"sofa" : 1,  "begin" : 2662,  "end" : 2666 }, 
        {"sofa" : 1,  "begin" : 2667,  "end" : 2668 }, 
        {"sofa" : 1,  "begin" : 2669,  "end" : 2673 }, 
        {"sofa" : 1,  "begin" : 2674,  "end" : 2683 }, 
        {"sofa" : 1,  "begin" : 2684,  "end" : 2688 }, 
        {"sofa" : 1,  "begin" : 2689,  "end" : 2694 }, 
        {"sofa" : 1,  "begin" : 2695,  "end" : 2699 }, 
        {"sofa" : 1,  "begin" : 2700,  "end" : 2702 }, 
        {"sofa" : 1,  "begin" : 2702,  "end" : 2703 } ] } }, 
  "_referenced_fss" : {
    "1" : {"_type" : "Sofa",  "sofaNum" : 1,  "sofaID" : "_InitialView",  "mimeType" : "text",  "sofaString" : "30:29 And thou shalt sanctify them, that they may be most holy: whatsoever toucheth them shall be holy.\n\n30:30 And thou shalt anoint Aaron and his sons, and consecrate them, that they may minister unto me in the priest’s office.\n\n30:31 And thou shalt speak unto the children of Israel, saying, This shall be an holy anointing oil unto me throughout your generations.\n\n30:32 Upon man’s flesh shall it not be poured, neither shall ye make any other like it, after the composition of it: it is holy, and it shall be holy unto you.\n\n30:33 Whosoever compoundeth any like it, or whosoever putteth any of it upon a stranger, shall even be cut off from his people.\n\n30:34 And the LORD said unto Moses, Take unto thee sweet spices, stacte, and onycha, and galbanum; these sweet spices with pure frankincense: of each shall there be a like weight: \n\n30:35 And thou shalt make it a perfume, a confection after the art of the apothecary, tempered together, pure and holy: \n30:36 And thou shalt beat some of it very small, and put of it before the testimony in the tabernacle of the congregation, where I will meet with thee: it shall be unto you most holy.\n\n30:37 And as for the perfume which thou shalt make, ye shall not make to yourselves according to the composition thereof: it shall be unto thee holy for the LORD.\n\n30:38 Whosoever shall make like unto that, to smell thereto, shall even be cut off from his people.\n\n31:1 And the LORD spake unto Moses, saying, 31:2 See, I have called by name Bezaleel the son of Uri, the son of Hur, of the tribe of Judah: 31:3 And I have filled him with the spirit of God, in wisdom, and in understanding, and in knowledge, and in all manner of workmanship, 31:4 To devise cunning works, to work in gold, and in silver, and in brass, 31:5 And in cutting of stones, to set them, and in carving of timber, to work in all manner of workmanship.\n\n31:6 And I, behold, I have given with him Aholiab, the son of Ahisamach, of the tribe of Dan: and in the hearts of all that are wise hearted I have put wisdom, that they may make all that I have commanded thee; 31:7 The tabernacle of the congregation, and the ark of the testimony, and the mercy seat that is thereupon, and all the furniture of the tabernacle, 31:8 And the table and his furniture, and the pure candlestick with all his furniture, and the altar of incense, 31:9 And the altar of burnt offering with all his furniture, and the laver and his foot, 31:10 And the cloths of service, and the holy garments for Aaron the priest, and the garments of his sons, to minister in the priest’s office, 31:11 And the anointing oil, and sweet incense for the holy place: according to all that I have commanded thee shall they do.\n" }, 
    "8175" : {"_type" : "Span",  "sofa" : 1,  "begin" : 871,  "end" : 878,  "label" : "Smell_Word" }, 
    "8180" : {"_type" : "Span",  "sofa" : 1,  "begin" : 850,  "end" : 854,  "label" : "Perceiver" }, 
    "8202" : {"_type" : "Span",  "sofa" : 1,  "begin" : 723,  "end" : 729,  "label" : "Smell_Source" }, 
    "8207" : {"_type" : "Span",  "sofa" : 1,  "begin" : 735,  "end" : 741,  "label" : "Smell_Source" }, 
    "8212" : {"_type" : "Span",  "sofa" : 1,  "begin" : 747,  "end" : 755,  "label" : "Smell_Source" }, 
    "8192" : {"_type" : "Span",  "sofa" : 1,  "begin" : 763,  "end" : 775,  "label" : "Smell_Source" }, 
    "8197" : {"_type" : "Span",  "sofa" : 1,  "begin" : 781,  "end" : 798,  "label" : "Smell_Source" }, 
    "8252" : {"_type" : "Span",  "sofa" : 1,  "begin" : 1167,  "end" : 1174,  "label" : "Smell_Word" }, 
    "8257" : {"_type" : "Span",  "sofa" : 1,  "begin" : 1181,  "end" : 1185,  "label" : "Perceiver" }, 
    "8279" : {"_type" : "Span",  "sofa" : 1,  "begin" : 1167,  "end" : 1174,  "label" : "Smell_Source" }, 
    "8274" : {"_type" : "Span",  "sofa" : 1,  "begin" : 1268,  "end" : 1270,  "label" : "Smell_Source" }, 
    "8269" : {"_type" : "Span",  "sofa" : 1,  "begin" : 1356,  "end" : 1361,  "label" : "Smell_Word" } } }