#FORMAT=WebAnno TSV 3.3
#T_SP=custom.Span|label
#T_RL=custom.Relation|label|BT_custom.Span


#Text=Es wird aber dieſe compoſition des-
#Text=wegen Storax calamitæ geheiſſen, weil er,
#Text=der Sage nach, ehedeſſen aus Pamphi-
#Text=
#Text=lia in Federkielen und Roͤhrlein, welche
#Text=bey den Lateinern calami heiſſen, ge-
#Text=bracht wurde.
1-1	6-8	Es	_	_	_	
1-2	9-13	wird	_	_	_	
1-3	14-18	aber	_	_	_	
1-4	19-24	dieſe	_	_	_	
1-5	25-36	compoſition	_	_	_	
1-6	37-40	des	_	_	_	
1-7	40-41	-	_	_	_	
1-8	42-47	wegen	_	_	_	
1-9	48-54	Storax	_	_	_	
1-10	55-63	calamitæ	_	_	_	
1-11	64-73	geheiſſen	_	_	_	
1-12	73-74	,	_	_	_	
1-13	75-79	weil	_	_	_	
1-14	80-82	er	_	_	_	
1-15	82-83	,	_	_	_	
1-16	84-87	der	_	_	_	
1-17	88-92	Sage	_	_	_	
1-18	93-97	nach	_	_	_	
1-19	97-98	,	_	_	_	
1-20	99-108	ehedeſſen	_	_	_	
1-21	109-112	aus	_	_	_	
1-22	113-119	Pamphi	_	_	_	
1-23	119-120	-	_	_	_	
1-24	122-125	lia	_	_	_	
1-25	126-128	in	_	_	_	
1-26	129-140	Federkielen	_	_	_	
1-27	141-144	und	_	_	_	
1-28	145-154	Roͤhrlein	_	_	_	
1-29	154-155	,	_	_	_	
1-30	156-162	welche	_	_	_	
1-31	163-166	bey	_	_	_	
1-32	167-170	den	_	_	_	
1-33	171-180	Lateinern	_	_	_	
1-34	181-187	calami	_	_	_	
1-35	188-195	heiſſen	_	_	_	
1-36	195-196	,	_	_	_	
1-37	197-199	ge	_	_	_	
1-38	199-200	-	_	_	_	
1-39	201-207	bracht	_	_	_	
1-40	208-213	wurde	_	_	_	
1-41	213-214	.	_	_	_	

#Text=Das ſiebzehende Capitel.
2-1	219-222	Das	_	_	_	
2-2	223-234	ſiebzehende	_	_	_	
2-3	235-242	Capitel	_	_	_	
2-4	242-243	.	_	_	_	

#Text=Storax liquida.
3-1	245-251	Storax	_	_	_	
3-2	252-259	liquida	_	_	_	
3-3	259-260	.	_	_	_	

#Text=DEr fluͤßige Storax wird aus vier
#Text=Stuͤcken, welche untereinander ge-
#Text=ſchmoltzen werden, gemacht:
#Text=naͤmlich
#Text=
#Text=aus Storax, Galipot, Oel und Wein,
#Text=welche ſo lange mit Waſſer geſchlagen
#Text=werden, bis ſie die Conſiſtentz und Dicke
#Text=einer Salben uͤberkommen, welche
#Text=grau, und ſchier wie die Toͤpfererde oder
#Text=Thon ſiehet.
4-1	263-266	DEr	_	_	_	
4-2	267-275	fluͤßige	_	_	_	
4-3	276-282	Storax	_	_	_	
4-4	283-287	wird	_	_	_	
4-5	288-291	aus	_	_	_	
4-6	292-296	vier	_	_	_	
4-7	297-305	Stuͤcken	_	_	_	
4-8	305-306	,	_	_	_	
4-9	307-313	welche	_	_	_	
4-10	314-327	untereinander	_	_	_	
4-11	328-330	ge	_	_	_	
4-12	330-331	-	_	_	_	
4-13	332-342	ſchmoltzen	_	_	_	
4-14	343-349	werden	_	_	_	
4-15	349-350	,	_	_	_	
4-16	351-358	gemacht	_	_	_	
4-17	358-359	:	_	_	_	
4-18	360-368	naͤmlich	_	_	_	
4-19	370-373	aus	_	_	_	
4-20	374-380	Storax	_	_	_	
4-21	380-381	,	_	_	_	
4-22	382-389	Galipot	_	_	_	
4-23	389-390	,	_	_	_	
4-24	391-394	Oel	_	_	_	
4-25	395-398	und	_	_	_	
4-26	399-403	Wein	_	_	_	
4-27	403-404	,	_	_	_	
4-28	405-411	welche	_	_	_	
4-29	412-414	ſo	_	_	_	
4-30	415-420	lange	_	_	_	
4-31	421-424	mit	_	_	_	
4-32	425-431	Waſſer	_	_	_	
4-33	432-442	geſchlagen	_	_	_	
4-34	443-449	werden	_	_	_	
4-35	449-450	,	_	_	_	
4-36	451-454	bis	_	_	_	
4-37	455-458	ſie	_	_	_	
4-38	459-462	die	_	_	_	
4-39	463-474	Conſiſtentz	_	_	_	
4-40	475-478	und	_	_	_	
4-41	479-484	Dicke	_	_	_	
4-42	485-490	einer	_	_	_	
4-43	491-497	Salben	_	_	_	
4-44	498-509	uͤberkommen	_	_	_	
4-45	509-510	,	_	_	_	
4-46	511-517	welche	_	_	_	
4-47	518-522	grau	_	_	_	
4-48	522-523	,	_	_	_	
4-49	524-527	und	_	_	_	
4-50	528-534	ſchier	_	_	_	
4-51	535-538	wie	_	_	_	
4-52	539-542	die	_	_	_	
4-53	543-554	Toͤpfererde	_	_	_	
4-54	555-559	oder	_	_	_	
4-55	560-564	Thon	_	_	_	
4-56	565-571	ſiehet	_	_	_	
4-57	571-572	.	_	_	_	

#Text=Man nehme aber den fluͤßigen Sto-
#Text=rax/
#Text=welcher maͤuſefahl ſiehet, wie Sto-
#Text=rax riechet, und eine feine Conſiſtentz
#Text=hat, auch nicht voll Wuſt und Feuchtig-
#Text=
#Text=keiſt iſt und gewiß aus Holland kom-
#Text=men.
5-1	576-579	Man	_	_	_	
5-2	580-585	nehme	_	_	_	
5-3	586-590	aber	_	_	_	
5-4	591-594	den	_	_	_	
5-5	595-604	fluͤßigen	Smell\_Source[1]	_	_	
5-6	605-608	Sto	Smell\_Source[1]	_	_	
5-7	608-609	-	Smell\_Source[1]	_	_	
5-8	610-613	rax	Smell\_Source[1]	_	_	
5-9	613-614	/	_	_	_	
5-10	615-622	welcher	Smell\_Source	_	_	
5-11	623-633	maͤuſefahl	_	_	_	
5-12	634-640	ſiehet	_	_	_	
5-13	640-641	,	_	_	_	
5-14	642-645	wie	Evoked\_Odorant[2]	_	_	
5-15	646-649	Sto	Evoked\_Odorant[2]	_	_	
5-16	649-650	-	Evoked\_Odorant[2]	_	_	
5-17	651-654	rax	Evoked\_Odorant[2]	_	_	
5-18	655-662	riechet	Smell\_Word	*|*|*	5-14[2_0]|5-10|5-5[1_0]	
5-19	662-663	,	_	_	_	
5-20	664-667	und	_	_	_	
5-21	668-672	eine	_	_	_	
5-22	673-678	feine	_	_	_	
5-23	679-690	Conſiſtentz	_	_	_	
5-24	691-694	hat	_	_	_	
5-25	694-695	,	_	_	_	
5-26	696-700	auch	_	_	_	
5-27	701-706	nicht	_	_	_	
5-28	707-711	voll	_	_	_	
5-29	712-716	Wuſt	_	_	_	
5-30	717-720	und	_	_	_	
5-31	721-729	Feuchtig	_	_	_	
5-32	729-730	-	_	_	_	
5-33	732-737	keiſt	_	_	_	
5-34	738-741	iſt	_	_	_	
5-35	742-745	und	_	_	_	
5-36	746-751	gewiß	_	_	_	
5-37	752-755	aus	_	_	_	
5-38	756-763	Holland	_	_	_	
5-39	764-767	kom	_	_	_	
5-40	767-768	-	_	_	_	
5-41	769-772	men	_	_	_	
5-42	772-773	.	_	_	_	

#Text=Er wird zur Artzney gebraucht, ſon-
#Text=derlich aber zu einer Salbe, die ſeinen
#Text=Namen fuͤhret, indem er die baſis und
#Text=
#Text=das vornehmſte Stuͤcke dazu iſt.
6-1	777-779	Er	_	_	_	
6-2	780-784	wird	_	_	_	
6-3	785-788	zur	_	_	_	
6-4	789-796	Artzney	_	_	_	
6-5	797-806	gebraucht	_	_	_	
6-6	806-807	,	_	_	_	
6-7	808-811	ſon	_	_	_	
6-8	811-812	-	_	_	_	
6-9	813-820	derlich	_	_	_	
6-10	821-825	aber	_	_	_	
6-11	826-828	zu	_	_	_	
6-12	829-834	einer	_	_	_	
6-13	835-840	Salbe	_	_	_	
6-14	840-841	,	_	_	_	
6-15	842-845	die	_	_	_	
6-16	846-852	ſeinen	_	_	_	
6-17	853-858	Namen	_	_	_	
6-18	859-866	fuͤhret	_	_	_	
6-19	866-867	,	_	_	_	
6-20	868-873	indem	_	_	_	
6-21	874-876	er	_	_	_	
6-22	877-880	die	_	_	_	
6-23	881-886	baſis	_	_	_	
6-24	887-890	und	_	_	_	
6-25	892-895	das	_	_	_	
6-26	896-906	vornehmſte	_	_	_	
6-27	907-914	Stuͤcke	_	_	_	
6-28	915-919	dazu	_	_	_	
6-29	920-923	iſt	_	_	_	
6-30	923-924	.	_	_	_	

#Text=Die-
#Text=
#Text=ſe Salbe wird gar ſehr in den Spitalen,
#Text=abſonderlich im Hotel de Dieu zu Paris
#Text=
#Text=gebrauchet, und der Scharbock, Krebs
#Text=und Wunden gluͤcklich damit geheilet.
7-1	925-928	Die	_	_	_	
7-2	928-929	-	_	_	_	
7-3	931-933	ſe	_	_	_	
7-4	934-939	Salbe	_	_	_	
7-5	940-944	wird	_	_	_	
7-6	945-948	gar	_	_	_	
7-7	949-953	ſehr	_	_	_	
7-8	954-956	in	_	_	_	
7-9	957-960	den	_	_	_	
7-10	961-969	Spitalen	_	_	_	
7-11	969-970	,	_	_	_	
7-12	971-983	abſonderlich	_	_	_	
7-13	984-986	im	_	_	_	
7-14	987-992	Hotel	_	_	_	
7-15	993-995	de	_	_	_	
7-16	996-1000	Dieu	_	_	_	
7-17	1001-1003	zu	_	_	_	
7-18	1004-1009	Paris	_	_	_	
7-19	1011-1021	gebrauchet	_	_	_	
7-20	1021-1022	,	_	_	_	
7-21	1023-1026	und	_	_	_	
7-22	1027-1030	der	_	_	_	
7-23	1031-1040	Scharbock	_	_	_	
7-24	1040-1041	,	_	_	_	
7-25	1042-1047	Krebs	_	_	_	
7-26	1048-1051	und	_	_	_	
7-27	1052-1058	Wunden	_	_	_	
7-28	1059-1069	gluͤcklich	_	_	_	
7-29	1070-1075	damit	_	_	_	
7-30	1076-1084	geheilet	_	_	_	
7-31	1084-1085	.	_	_	_	

#Text=Er kommt auch zu etlichen Galeniſchen
#Text=Artzneyen, und wird gleichfalls von den
#Text=Parfumirern und andern zu den ſo ge-
#Text=nannten pots pourris (welche ein Gemen-
#Text=ge von allerhand Spezereyen ſind) ge-
#Text=brauchet:
#Text=doch meiſtens von denen, wel-
#Text=che die Storaxmaſſa und Kugeln berei-
#Text=ten.
8-1	1088-1090	Er	_	_	_	
8-2	1091-1096	kommt	_	_	_	
8-3	1097-1101	auch	_	_	_	
8-4	1102-1104	zu	_	_	_	
8-5	1105-1113	etlichen	_	_	_	
8-6	1114-1125	Galeniſchen	_	_	_	
8-7	1126-1135	Artzneyen	_	_	_	
8-8	1135-1136	,	_	_	_	
8-9	1137-1140	und	_	_	_	
8-10	1141-1145	wird	_	_	_	
8-11	1146-1157	gleichfalls	_	_	_	
8-12	1158-1161	von	_	_	_	
8-13	1162-1165	den	_	_	_	
8-14	1166-1177	Parfumirern	_	_	_	
8-15	1178-1181	und	_	_	_	
8-16	1182-1188	andern	_	_	_	
8-17	1189-1191	zu	_	_	_	
8-18	1192-1195	den	_	_	_	
8-19	1196-1198	ſo	_	_	_	
8-20	1199-1201	ge	_	_	_	
8-21	1201-1202	-	_	_	_	
8-22	1203-1210	nannten	_	_	_	
8-23	1211-1215	pots	_	_	_	
8-24	1216-1223	pourris	_	_	_	
8-25	1224-1225	(	_	_	_	
8-26	1225-1231	welche	_	_	_	
8-27	1232-1235	ein	_	_	_	
8-28	1236-1241	Gemen	_	_	_	
8-29	1241-1242	-	_	_	_	
8-30	1243-1245	ge	_	_	_	
8-31	1246-1249	von	_	_	_	
8-32	1250-1259	allerhand	_	_	_	
8-33	1260-1270	Spezereyen	_	_	_	
8-34	1271-1275	ſind	_	_	_	
8-35	1275-1276	)	_	_	_	
8-36	1277-1279	ge	_	_	_	
8-37	1279-1280	-	_	_	_	
8-38	1281-1289	brauchet	_	_	_	
8-39	1289-1290	:	_	_	_	
8-40	1291-1295	doch	_	_	_	
8-41	1296-1304	meiſtens	_	_	_	
8-42	1305-1308	von	_	_	_	
8-43	1309-1314	denen	_	_	_	
8-44	1314-1315	,	_	_	_	
8-45	1316-1319	wel	_	_	_	
8-46	1319-1320	-	_	_	_	
8-47	1321-1324	che	_	_	_	
8-48	1325-1328	die	_	_	_	
8-49	1329-1340	Storaxmaſſa	_	_	_	
8-50	1341-1344	und	_	_	_	
8-51	1345-1351	Kugeln	_	_	_	
8-52	1352-1357	berei	_	_	_	
8-53	1357-1358	-	_	_	_	
8-54	1359-1362	ten	_	_	_	
8-55	1362-1363	.	_	_	_	
