#FORMAT=WebAnno TSV 3.3


#Text=Sonder dat, och hoe veel soudender ter hellen varen!
1-1	0-6	Sonder	
1-2	7-10	dat	
1-3	10-11	,	
1-4	12-15	och	
1-5	16-19	hoe	
1-6	20-24	veel	
1-7	25-34	soudender	
1-8	35-38	ter	
1-9	39-45	hellen	
1-10	46-51	varen	
1-11	51-52	!	

#Text=Iae, hoe luttel
#Text=
#Text=Salighe
#Text=instellinghe van't
#Text=soudender saligh worden?
2-1	53-56	Iae	
2-2	56-57	,	
2-3	58-61	hoe	
2-4	62-68	luttel	
2-5	70-77	Salighe	
2-6	78-90	instellinghe	
2-7	91-96	van't	
2-8	97-106	soudender	
2-9	107-113	saligh	
2-10	114-120	worden	
2-11	120-121	?	

#Text=aen-ghesien
#Text=dat wy naer ons doopsel soo haest wederom H.
3-1	122-133	aen-ghesien	
3-2	134-137	dat	
3-3	138-140	wy	
3-4	141-145	naer	
3-5	146-149	ons	
3-6	150-157	doopsel	
3-7	158-161	soo	
3-8	162-167	haest	
3-9	168-175	wederom	
3-10	176-177	H	
3-11	177-178	.	

#Text=Sacrament der Penitentie.
4-1	179-188	Sacrament	
4-2	189-192	der	
4-3	193-203	Penitentie	
4-4	203-204	.	

#Text=ons wit cleedt van suyuerheydt der sielen en conscientie met sonden vuyl maecken:
#Text=
#Text=soo haest, seggh'ick:
#Text=by nae met dat wy tot verstande comen.
5-1	206-209	ons	
5-2	210-213	wit	
5-3	214-220	cleedt	
5-4	221-224	van	
5-5	225-236	suyuerheydt	
5-6	237-240	der	
5-7	241-247	sielen	
5-8	248-250	en	
5-9	251-262	conscientie	
5-10	263-266	met	
5-11	267-273	sonden	
5-12	274-278	vuyl	
5-13	279-286	maecken	
5-14	286-287	:	
5-15	289-292	soo	
5-16	293-298	haest	
5-17	298-299	,	
5-18	300-309	seggh'ick	
5-19	309-310	:	
5-20	311-313	by	
5-21	314-317	nae	
5-22	318-321	met	
5-23	322-325	dat	
5-24	326-328	wy	
5-25	329-332	tot	
5-26	333-342	verstande	
5-27	343-348	comen	
5-28	348-349	.	

#Text=Ende want-men niet
#Text=
#Text=meer sijn toe-vlucht totten doopsel nemen en magh (ghelijckmen maer eens en can
#Text=geboren werden) waer souden wy loopen om quijt-schel van sonden, waer't dat
#Text=Christus ons desen middel niet achter-gelaten en hadde, van soo met sijnen
#Text=stadt-houder te mogen rekenen, schuldt kennen, ende alle saecken effen stellen?
6-1	350-354	Ende	
6-2	355-363	want-men	
6-3	364-368	niet	
6-4	370-374	meer	
6-5	375-379	sijn	
6-6	380-390	toe-vlucht	
6-7	391-397	totten	
6-8	398-405	doopsel	
6-9	406-411	nemen	
6-10	412-414	en	
6-11	415-419	magh	
6-12	420-421	(	
6-13	421-432	ghelijckmen	
6-14	433-437	maer	
6-15	438-442	eens	
6-16	443-445	en	
6-17	446-449	can	
6-18	450-457	geboren	
6-19	458-464	werden	
6-20	464-465	)	
6-21	466-470	waer	
6-22	471-477	souden	
6-23	478-480	wy	
6-24	481-487	loopen	
6-25	488-490	om	
6-26	491-502	quijt-schel	
6-27	503-506	van	
6-28	507-513	sonden	
6-29	513-514	,	
6-30	515-521	waer't	
6-31	522-525	dat	
6-32	526-534	Christus	
6-33	535-538	ons	
6-34	539-544	desen	
6-35	545-551	middel	
6-36	552-556	niet	
6-37	557-571	achter-gelaten	
6-38	572-574	en	
6-39	575-580	hadde	
6-40	580-581	,	
6-41	582-585	van	
6-42	586-589	soo	
6-43	590-593	met	
6-44	594-600	sijnen	
6-45	601-613	stadt-houder	
6-46	614-616	te	
6-47	617-622	mogen	
6-48	623-630	rekenen	
6-49	630-631	,	
6-50	632-639	schuldt	
6-51	640-646	kennen	
6-52	646-647	,	
6-53	648-652	ende	
6-54	653-657	alle	
6-55	658-665	saecken	
6-56	666-671	effen	
6-57	672-679	stellen	
6-58	679-680	?	

#Text=Siet nu eens, hoe onwijs dat hy is, die dese gratie, van hier in tijdts te rekenen, niet
#Text=waer en nemt: ende hem schamende oft vreesende met eenen steruelijcken mensche
#Text=te rekenen, hem seluen in dien noodt stelt, van die scherpe, ende rigoreuse rekeninghe,
#Text=
#Text=ten sijnen sterf-daghe met Gode te doen.
7-1	682-686	Siet	
7-2	687-689	nu	
7-3	690-694	eens	
7-4	694-695	,	
7-5	696-699	hoe	
7-6	700-706	onwijs	
7-7	707-710	dat	
7-8	711-713	hy	
7-9	714-716	is	
7-10	716-717	,	
7-11	718-721	die	
7-12	722-726	dese	
7-13	727-733	gratie	
7-14	733-734	,	
7-15	735-738	van	
7-16	739-743	hier	
7-17	744-746	in	
7-18	747-753	tijdts	
7-19	754-756	te	
7-20	757-764	rekenen	
7-21	764-765	,	
7-22	766-770	niet	
7-23	771-775	waer	
7-24	776-778	en	
7-25	779-783	nemt	
7-26	783-784	:	
7-27	785-789	ende	
7-28	790-793	hem	
7-29	794-803	schamende	
7-30	804-807	oft	
7-31	808-817	vreesende	
7-32	818-821	met	
7-33	822-827	eenen	
7-34	828-841	steruelijcken	
7-35	842-849	mensche	
7-36	850-852	te	
7-37	853-860	rekenen	
7-38	860-861	,	
7-39	862-865	hem	
7-40	866-872	seluen	
7-41	873-875	in	
7-42	876-880	dien	
7-43	881-886	noodt	
7-44	887-892	stelt	
7-45	892-893	,	
7-46	894-897	van	
7-47	898-901	die	
7-48	902-909	scherpe	
7-49	909-910	,	
7-50	911-915	ende	
7-51	916-925	rigoreuse	
7-52	926-936	rekeninghe	
7-53	936-937	,	
7-54	939-942	ten	
7-55	943-949	sijnen	
7-56	950-961	sterf-daghe	
7-57	962-965	met	
7-58	966-970	Gode	
7-59	971-973	te	
7-60	974-978	doen	
7-61	978-979	.	

#Text=Wien hy van duysent saecken, die hy hem
#Text=op-legghen sal, van niet een hem en sal weten te verschoonen, oft te verantwoorden.
8-1	980-984	Wien	
8-2	985-987	hy	
8-3	988-991	van	
8-4	992-999	duysent	
8-5	1000-1007	saecken	
8-6	1007-1008	,	
8-7	1009-1012	die	
8-8	1013-1015	hy	
8-9	1016-1019	hem	
8-10	1020-1030	op-legghen	
8-11	1031-1034	sal	
8-12	1034-1035	,	
8-13	1036-1039	van	
8-14	1040-1044	niet	
8-15	1045-1048	een	
8-16	1049-1052	hem	
8-17	1053-1055	en	
8-18	1056-1059	sal	
8-19	1060-1065	weten	
8-20	1066-1068	te	
8-21	1069-1080	verschoonen	
8-22	1080-1081	,	
8-23	1082-1085	oft	
8-24	1086-1088	te	
8-25	1089-1102	verantwoorden	
8-26	1102-1103	.	

#Text=Dan sullen sy kennen, dattet waer is, dat den heylighen Iob seyt:
#Text=Wilt hy met hem
#Text=te rechte staen: hy en sal veur duyst niet+ een connen verantwoorden.
9-1	1106-1109	Dan	
9-2	1110-1116	sullen	
9-3	1117-1119	sy	
9-4	1120-1126	kennen	
9-5	1126-1127	,	
9-6	1128-1134	dattet	
9-7	1135-1139	waer	
9-8	1140-1142	is	
9-9	1142-1143	,	
9-10	1144-1147	dat	
9-11	1148-1151	den	
9-12	1152-1161	heylighen	
9-13	1162-1165	Iob	
9-14	1166-1170	seyt	
9-15	1170-1171	:	
9-16	1172-1176	Wilt	
9-17	1177-1179	hy	
9-18	1180-1183	met	
9-19	1184-1187	hem	
9-20	1188-1190	te	
9-21	1191-1197	rechte	
9-22	1198-1203	staen	
9-23	1203-1204	:	
9-24	1205-1207	hy	
9-25	1208-1210	en	
9-26	1211-1214	sal	
9-27	1215-1219	veur	
9-28	1220-1225	duyst	
9-29	1226-1230	niet	
9-30	1230-1231	+	
9-31	1232-1235	een	
9-32	1236-1242	connen	
9-33	1243-1256	verantwoorden	
9-34	1256-1257	.	

#Text=Dan sullen
#Text=sulcke wenschen, dat sy lieuer daghelijcks te biechten ghegaen hadden, ende haer +Iob.9.
10-1	1258-1261	Dan	
10-2	1262-1268	sullen	
10-3	1269-1275	sulcke	
10-4	1276-1284	wenschen	
10-5	1284-1285	,	
10-6	1286-1289	dat	
10-7	1290-1292	sy	
10-8	1293-1299	lieuer	
10-9	1300-1311	daghelijcks	
10-10	1312-1314	te	
10-11	1315-1323	biechten	
10-12	1324-1331	ghegaen	
10-13	1332-1338	hadden	
10-14	1338-1339	,	
10-15	1340-1344	ende	
10-16	1345-1349	haer	
10-17	1350-1351	+	
10-18	1351-1354	Iob	
10-19	1354-1356	.9	
10-20	1356-1357	.	

#Text=rekeninghe alle daghe effen ghestelt hadden, dan al-soo maer eens s'iaers, oft soo
#Text=selden oft soo traghelijck:
#Text=tot een teecken van cleyne danckbaerheydt, van soo salighe
#Text=institutie.
11-1	1359-1369	rekeninghe	
11-2	1370-1374	alle	
11-3	1375-1380	daghe	
11-4	1381-1386	effen	
11-5	1387-1395	ghestelt	
11-6	1396-1402	hadden	
11-7	1402-1403	,	
11-8	1404-1407	dan	
11-9	1408-1414	al-soo	
11-10	1415-1419	maer	
11-11	1420-1424	eens	
11-12	1425-1432	s'iaers	
11-13	1432-1433	,	
11-14	1434-1437	oft	
11-15	1438-1441	soo	
11-16	1442-1448	selden	
11-17	1449-1452	oft	
11-18	1453-1456	soo	
11-19	1457-1468	traghelijck	
11-20	1468-1469	:	
11-21	1470-1473	tot	
11-22	1474-1477	een	
11-23	1478-1485	teecken	
11-24	1486-1489	van	
11-25	1490-1496	cleyne	
11-26	1497-1511	danckbaerheydt	
11-27	1511-1512	,	
11-28	1513-1516	van	
11-29	1517-1520	soo	
11-30	1521-1528	salighe	
11-31	1529-1539	institutie	
11-32	1539-1540	.	
