#FORMAT=WebAnno TSV 3.3


#Text=26 Posuit et tentorium in introitu tabernaculi testimonii, 27 et altare holocausti in vestibulo testimonii, offerens in eo holocaustum, et sacrificia, ut Dominus imperaverat.
#Text=28 Labrum quoque statuit inter tabernaculum testimonii et altare, implens illud aqua.
#Text=29 Laveruntque Moyses et Aaron ac filii ejus manus suas et pedes, 30 cum ingrederentur tectum fœderis, et accederent ad altare, sicut præceperat Dominus Moysi.
#Text=31 Erexit et atrium per gyrum tabernaculi et altaris, ducto in introitu ejus tentorio.
1-1	2-4	26	
1-2	5-11	Posuit	
1-3	12-14	et	
1-4	15-24	tentorium	
1-5	25-27	in	
1-6	28-36	introitu	
1-7	37-48	tabernaculi	
1-8	49-59	testimonii	
1-9	59-60	,	
1-10	61-63	27	
1-11	64-66	et	
1-12	67-73	altare	
1-13	74-84	holocausti	
1-14	85-87	in	
1-15	88-97	vestibulo	
1-16	98-108	testimonii	
1-17	108-109	,	
1-18	110-118	offerens	
1-19	119-121	in	
1-20	122-124	eo	
1-21	125-136	holocaustum	
1-22	136-137	,	
1-23	138-140	et	
1-24	141-151	sacrificia	
1-25	151-152	,	
1-26	153-155	ut	
1-27	156-163	Dominus	
1-28	164-175	imperaverat	
1-29	175-176	.	
1-30	177-179	28	
1-31	180-186	Labrum	
1-32	187-193	quoque	
1-33	194-201	statuit	
1-34	202-207	inter	
1-35	208-220	tabernaculum	
1-36	221-231	testimonii	
1-37	232-234	et	
1-38	235-241	altare	
1-39	241-242	,	
1-40	243-250	implens	
1-41	251-256	illud	
1-42	257-261	aqua	
1-43	261-262	.	
1-44	263-265	29	
1-45	266-277	Laveruntque	
1-46	278-284	Moyses	
1-47	285-287	et	
1-48	288-293	Aaron	
1-49	294-296	ac	
1-50	297-302	filii	
1-51	303-307	ejus	
1-52	308-313	manus	
1-53	314-318	suas	
1-54	319-321	et	
1-55	322-327	pedes	
1-56	327-328	,	
1-57	329-331	30	
1-58	332-335	cum	
1-59	336-349	ingrederentur	
1-60	350-356	tectum	
1-61	357-364	fœderis	
1-62	364-365	,	
1-63	366-368	et	
1-64	369-379	accederent	
1-65	380-382	ad	
1-66	383-389	altare	
1-67	389-390	,	
1-68	391-396	sicut	
1-69	397-407	præceperat	
1-70	408-415	Dominus	
1-71	416-421	Moysi	
1-72	421-422	.	
1-73	423-425	31	
1-74	426-432	Erexit	
1-75	433-435	et	
1-76	436-442	atrium	
1-77	443-446	per	
1-78	447-452	gyrum	
1-79	453-464	tabernaculi	
1-80	465-467	et	
1-81	468-475	altaris	
1-82	475-476	,	
1-83	477-482	ducto	
1-84	483-485	in	
1-85	486-494	introitu	
1-86	495-499	ejus	
1-87	500-508	tentorio	
1-88	508-509	.	

#Text=Postquam omnia perfecta sunt, 32 operuit nubes tabernaculum testimonii, et gloria Domini implevit illud.
#Text=33 Nec poterat Moyses ingredi tectum fœderis, nube operiente omnia, et majestate Domini coruscante, quia cuncta nubes operuerat.
#Text=34 Siquando nubes tabernaculum deserebat, proficiscebantur filii Israël per turmas suas : 35 si pendebat desuper, manebant in eodem loco.
#Text=36 Nubes quippe Domini incubabat per diem tabernaculo, et ignis in nocte, videntibus cunctis populis Israël per cunctas mansiones suas.
2-1	510-518	Postquam	
2-2	519-524	omnia	
2-3	525-533	perfecta	
2-4	534-538	sunt	
2-5	538-539	,	
2-6	540-542	32	
2-7	543-550	operuit	
2-8	551-556	nubes	
2-9	557-569	tabernaculum	
2-10	570-580	testimonii	
2-11	580-581	,	
2-12	582-584	et	
2-13	585-591	gloria	
2-14	592-598	Domini	
2-15	599-607	implevit	
2-16	608-613	illud	
2-17	613-614	.	
2-18	615-617	33	
2-19	618-621	Nec	
2-20	622-629	poterat	
2-21	630-636	Moyses	
2-22	637-644	ingredi	
2-23	645-651	tectum	
2-24	652-659	fœderis	
2-25	659-660	,	
2-26	661-665	nube	
2-27	666-675	operiente	
2-28	676-681	omnia	
2-29	681-682	,	
2-30	683-685	et	
2-31	686-695	majestate	
2-32	696-702	Domini	
2-33	703-713	coruscante	
2-34	713-714	,	
2-35	715-719	quia	
2-36	720-726	cuncta	
2-37	727-732	nubes	
2-38	733-742	operuerat	
2-39	742-743	.	
2-40	744-746	34	
2-41	747-755	Siquando	
2-42	756-761	nubes	
2-43	762-774	tabernaculum	
2-44	775-784	deserebat	
2-45	784-785	,	
2-46	786-802	proficiscebantur	
2-47	803-808	filii	
2-48	809-815	Israël	
2-49	816-819	per	
2-50	820-826	turmas	
2-51	827-831	suas	
2-52	832-833	:	
2-53	834-836	35	
2-54	837-839	si	
2-55	840-848	pendebat	
2-56	849-856	desuper	
2-57	856-857	,	
2-58	858-866	manebant	
2-59	867-869	in	
2-60	870-875	eodem	
2-61	876-880	loco	
2-62	880-881	.	
2-63	882-884	36	
2-64	885-890	Nubes	
2-65	891-897	quippe	
2-66	898-904	Domini	
2-67	905-914	incubabat	
2-68	915-918	per	
2-69	919-923	diem	
2-70	924-935	tabernaculo	
2-71	935-936	,	
2-72	937-939	et	
2-73	940-945	ignis	
2-74	946-948	in	
2-75	949-954	nocte	
2-76	954-955	,	
2-77	956-966	videntibus	
2-78	967-974	cunctis	
2-79	975-982	populis	
2-80	983-989	Israël	
2-81	990-993	per	
2-82	994-1001	cunctas	
2-83	1002-1011	mansiones	
2-84	1012-1016	suas	
2-85	1016-1017	.	

#Text=Caput 1
#Text=
#Text=
#Text=1 Vocavit autem Moysen, et locutus est ei Dominus de tabernaculo testimonii, dicens : 2 Loquere filiis Israël, et dices ad eos : Homo, qui obtulerit ex vobis hostiam Domino de pecoribus, id est, de bobus et ovibus offerens victimas, 3 si holocaustum fuerit ejus oblatio, ac de armento : masculum immaculatum offeret ad ostium tabernaculi testimonii, ad placandum sibi Dominum : 4 ponetque manum super caput hostiæ, et acceptabilis erit, atque in expiationem ejus proficiens.
#Text=5 Immolabitque vitulum coram Domino, et offerent filii Aaron sacerdotes sanguinem ejus, fundentes per altaris circuitum, quod est ante ostium tabernaculi : 6 detractaque pelle hostiæ, artus in frusta concident.
#Text=7 Et subjicient in altari ignem, strue lignorum ante composita : 8 et membra quæ sunt cæsa, desuper ordinantes, caput videlicet, et cuncta quæ adhærent jecori, 9 intestinis et pedibus lotis aqua : adolebitque ea sacerdos super altare in holocaustum et suavem odorem Domino.
#Text=10 Quod si de pecoribus oblatio est, de ovibus sive de capris holocaustum, masculum absque macula offeret : 11 immolabitque ad latus altaris, quod respicit ad aquilonem, coram Domino : sanguinem vero illius fundent super altare filii Aaron per circuitum : 12 dividentque membra, caput, et omnia quæ adhærent jecori, et ponent super ligna, quibus subjiciendus est ignis : 13 intestina vero et pedes lavabunt aqua.
3-1	1018-1023	Caput	
3-2	1024-1025	1	
3-3	1028-1029	1	
3-4	1030-1037	Vocavit	
3-5	1038-1043	autem	
3-6	1044-1050	Moysen	
3-7	1050-1051	,	
3-8	1052-1054	et	
3-9	1055-1062	locutus	
3-10	1063-1066	est	
3-11	1067-1069	ei	
3-12	1070-1077	Dominus	
3-13	1078-1080	de	
3-14	1081-1092	tabernaculo	
3-15	1093-1103	testimonii	
3-16	1103-1104	,	
3-17	1105-1111	dicens	
3-18	1112-1113	:	
3-19	1114-1115	2	
3-20	1116-1123	Loquere	
3-21	1124-1130	filiis	
3-22	1131-1137	Israël	
3-23	1137-1138	,	
3-24	1139-1141	et	
3-25	1142-1147	dices	
3-26	1148-1150	ad	
3-27	1151-1154	eos	
3-28	1155-1156	:	
3-29	1157-1161	Homo	
3-30	1161-1162	,	
3-31	1163-1166	qui	
3-32	1167-1176	obtulerit	
3-33	1177-1179	ex	
3-34	1180-1185	vobis	
3-35	1186-1193	hostiam	
3-36	1194-1200	Domino	
3-37	1201-1203	de	
3-38	1204-1213	pecoribus	
3-39	1213-1214	,	
3-40	1215-1217	id	
3-41	1218-1221	est	
3-42	1221-1222	,	
3-43	1223-1225	de	
3-44	1226-1231	bobus	
3-45	1232-1234	et	
3-46	1235-1241	ovibus	
3-47	1242-1250	offerens	
3-48	1251-1259	victimas	
3-49	1259-1260	,	
3-50	1261-1262	3	
3-51	1263-1265	si	
3-52	1266-1277	holocaustum	
3-53	1278-1284	fuerit	
3-54	1285-1289	ejus	
3-55	1290-1297	oblatio	
3-56	1297-1298	,	
3-57	1299-1301	ac	
3-58	1302-1304	de	
3-59	1305-1312	armento	
3-60	1313-1314	:	
3-61	1315-1323	masculum	
3-62	1324-1335	immaculatum	
3-63	1336-1343	offeret	
3-64	1344-1346	ad	
3-65	1347-1353	ostium	
3-66	1354-1365	tabernaculi	
3-67	1366-1376	testimonii	
3-68	1376-1377	,	
3-69	1378-1380	ad	
3-70	1381-1390	placandum	
3-71	1391-1395	sibi	
3-72	1396-1403	Dominum	
3-73	1404-1405	:	
3-74	1406-1407	4	
3-75	1408-1416	ponetque	
3-76	1417-1422	manum	
3-77	1423-1428	super	
3-78	1429-1434	caput	
3-79	1435-1441	hostiæ	
3-80	1441-1442	,	
3-81	1443-1445	et	
3-82	1446-1458	acceptabilis	
3-83	1459-1463	erit	
3-84	1463-1464	,	
3-85	1465-1470	atque	
3-86	1471-1473	in	
3-87	1474-1485	expiationem	
3-88	1486-1490	ejus	
3-89	1491-1501	proficiens	
3-90	1501-1502	.	
3-91	1503-1504	5	
3-92	1505-1517	Immolabitque	
3-93	1518-1525	vitulum	
3-94	1526-1531	coram	
3-95	1532-1538	Domino	
3-96	1538-1539	,	
3-97	1540-1542	et	
3-98	1543-1551	offerent	
3-99	1552-1557	filii	
3-100	1558-1563	Aaron	
3-101	1564-1574	sacerdotes	
3-102	1575-1584	sanguinem	
3-103	1585-1589	ejus	
3-104	1589-1590	,	
3-105	1591-1600	fundentes	
3-106	1601-1604	per	
3-107	1605-1612	altaris	
3-108	1613-1622	circuitum	
3-109	1622-1623	,	
3-110	1624-1628	quod	
3-111	1629-1632	est	
3-112	1633-1637	ante	
3-113	1638-1644	ostium	
3-114	1645-1656	tabernaculi	
3-115	1657-1658	:	
3-116	1659-1660	6	
3-117	1661-1672	detractaque	
3-118	1673-1678	pelle	
3-119	1679-1685	hostiæ	
3-120	1685-1686	,	
3-121	1687-1692	artus	
3-122	1693-1695	in	
3-123	1696-1702	frusta	
3-124	1703-1712	concident	
3-125	1712-1713	.	
3-126	1714-1715	7	
3-127	1716-1718	Et	
3-128	1719-1729	subjicient	
3-129	1730-1732	in	
3-130	1733-1739	altari	
3-131	1740-1745	ignem	
3-132	1745-1746	,	
3-133	1747-1752	strue	
3-134	1753-1761	lignorum	
3-135	1762-1766	ante	
3-136	1767-1776	composita	
3-137	1777-1778	:	
3-138	1779-1780	8	
3-139	1781-1783	et	
3-140	1784-1790	membra	
3-141	1791-1794	quæ	
3-142	1795-1799	sunt	
3-143	1800-1804	cæsa	
3-144	1804-1805	,	
3-145	1806-1813	desuper	
3-146	1814-1824	ordinantes	
3-147	1824-1825	,	
3-148	1826-1831	caput	
3-149	1832-1841	videlicet	
3-150	1841-1842	,	
3-151	1843-1845	et	
3-152	1846-1852	cuncta	
3-153	1853-1856	quæ	
3-154	1857-1865	adhærent	
3-155	1866-1872	jecori	
3-156	1872-1873	,	
3-157	1874-1875	9	
3-158	1876-1886	intestinis	
3-159	1887-1889	et	
3-160	1890-1897	pedibus	
3-161	1898-1903	lotis	
3-162	1904-1908	aqua	
3-163	1909-1910	:	
3-164	1911-1922	adolebitque	
3-165	1923-1925	ea	
3-166	1926-1934	sacerdos	
3-167	1935-1940	super	
3-168	1941-1947	altare	
3-169	1948-1950	in	
3-170	1951-1962	holocaustum	
3-171	1963-1965	et	
3-172	1966-1972	suavem	
3-173	1973-1979	odorem	
3-174	1980-1986	Domino	
3-175	1986-1987	.	
3-176	1988-1990	10	
3-177	1991-1995	Quod	
3-178	1996-1998	si	
3-179	1999-2001	de	
3-180	2002-2011	pecoribus	
3-181	2012-2019	oblatio	
3-182	2020-2023	est	
3-183	2023-2024	,	
3-184	2025-2027	de	
3-185	2028-2034	ovibus	
3-186	2035-2039	sive	
3-187	2040-2042	de	
3-188	2043-2049	capris	
3-189	2050-2061	holocaustum	
3-190	2061-2062	,	
3-191	2063-2071	masculum	
3-192	2072-2078	absque	
3-193	2079-2085	macula	
3-194	2086-2093	offeret	
3-195	2094-2095	:	
3-196	2096-2098	11	
3-197	2099-2111	immolabitque	
3-198	2112-2114	ad	
3-199	2115-2120	latus	
3-200	2121-2128	altaris	
3-201	2128-2129	,	
3-202	2130-2134	quod	
3-203	2135-2143	respicit	
3-204	2144-2146	ad	
3-205	2147-2156	aquilonem	
3-206	2156-2157	,	
3-207	2158-2163	coram	
3-208	2164-2170	Domino	
3-209	2171-2172	:	
3-210	2173-2182	sanguinem	
3-211	2183-2187	vero	
3-212	2188-2194	illius	
3-213	2195-2202	fundent	
3-214	2203-2208	super	
3-215	2209-2215	altare	
3-216	2216-2221	filii	
3-217	2222-2227	Aaron	
3-218	2228-2231	per	
3-219	2232-2241	circuitum	
3-220	2242-2243	:	
3-221	2244-2246	12	
3-222	2247-2258	dividentque	
3-223	2259-2265	membra	
3-224	2265-2266	,	
3-225	2267-2272	caput	
3-226	2272-2273	,	
3-227	2274-2276	et	
3-228	2277-2282	omnia	
3-229	2283-2286	quæ	
3-230	2287-2295	adhærent	
3-231	2296-2302	jecori	
3-232	2302-2303	,	
3-233	2304-2306	et	
3-234	2307-2313	ponent	
3-235	2314-2319	super	
3-236	2320-2325	ligna	
3-237	2325-2326	,	
3-238	2327-2333	quibus	
3-239	2334-2346	subjiciendus	
3-240	2347-2350	est	
3-241	2351-2356	ignis	
3-242	2357-2358	:	
3-243	2359-2361	13	
3-244	2362-2371	intestina	
3-245	2372-2376	vero	
3-246	2377-2379	et	
3-247	2380-2385	pedes	
3-248	2386-2394	lavabunt	
3-249	2395-2399	aqua	
3-250	2399-2400	.	

#Text=Et oblata omnia adolebit sacerdos super altare in holocaustum et odorem suavissimum Domino.
#Text=14 Si autem de avibus, holocausti oblatio fuerit Domino, de turturibus, aut pullis columbæ, 15 offeret eam sacerdos ad altare : et retorto ad collum capite, ac rupto vulneris loco, decurrere faciet sanguinem super crepidinem altaris : 16 vesiculam vero gutturis, et plumas projiciet prope altare ad orientalem plagam, in loco in quo cineres effundi solent, 17 confringetque ascellas ejus, et non secabit, neque ferro dividet eam, et adolebit super altare, lignis igne supposito.
4-1	2401-2403	Et	
4-2	2404-2410	oblata	
4-3	2411-2416	omnia	
4-4	2417-2425	adolebit	
4-5	2426-2434	sacerdos	
4-6	2435-2440	super	
4-7	2441-2447	altare	
4-8	2448-2450	in	
4-9	2451-2462	holocaustum	
4-10	2463-2465	et	
4-11	2466-2472	odorem	
4-12	2473-2484	suavissimum	
4-13	2485-2491	Domino	
4-14	2491-2492	.	
4-15	2493-2495	14	
4-16	2496-2498	Si	
4-17	2499-2504	autem	
4-18	2505-2507	de	
4-19	2508-2514	avibus	
4-20	2514-2515	,	
4-21	2516-2526	holocausti	
4-22	2527-2534	oblatio	
4-23	2535-2541	fuerit	
4-24	2542-2548	Domino	
4-25	2548-2549	,	
4-26	2550-2552	de	
4-27	2553-2563	turturibus	
4-28	2563-2564	,	
4-29	2565-2568	aut	
4-30	2569-2575	pullis	
4-31	2576-2583	columbæ	
4-32	2583-2584	,	
4-33	2585-2587	15	
4-34	2588-2595	offeret	
4-35	2596-2599	eam	
4-36	2600-2608	sacerdos	
4-37	2609-2611	ad	
4-38	2612-2618	altare	
4-39	2619-2620	:	
4-40	2621-2623	et	
4-41	2624-2631	retorto	
4-42	2632-2634	ad	
4-43	2635-2641	collum	
4-44	2642-2648	capite	
4-45	2648-2649	,	
4-46	2650-2652	ac	
4-47	2653-2658	rupto	
4-48	2659-2667	vulneris	
4-49	2668-2672	loco	
4-50	2672-2673	,	
4-51	2674-2683	decurrere	
4-52	2684-2690	faciet	
4-53	2691-2700	sanguinem	
4-54	2701-2706	super	
4-55	2707-2717	crepidinem	
4-56	2718-2725	altaris	
4-57	2726-2727	:	
4-58	2728-2730	16	
4-59	2731-2740	vesiculam	
4-60	2741-2745	vero	
4-61	2746-2754	gutturis	
4-62	2754-2755	,	
4-63	2756-2758	et	
4-64	2759-2765	plumas	
4-65	2766-2775	projiciet	
4-66	2776-2781	prope	
4-67	2782-2788	altare	
4-68	2789-2791	ad	
4-69	2792-2802	orientalem	
4-70	2803-2809	plagam	
4-71	2809-2810	,	
4-72	2811-2813	in	
4-73	2814-2818	loco	
4-74	2819-2821	in	
4-75	2822-2825	quo	
4-76	2826-2833	cineres	
4-77	2834-2841	effundi	
4-78	2842-2848	solent	
4-79	2848-2849	,	
4-80	2850-2852	17	
4-81	2853-2866	confringetque	
4-82	2867-2875	ascellas	
4-83	2876-2880	ejus	
4-84	2880-2881	,	
4-85	2882-2884	et	
4-86	2885-2888	non	
4-87	2889-2896	secabit	
4-88	2896-2897	,	
4-89	2898-2903	neque	
4-90	2904-2909	ferro	
4-91	2910-2917	dividet	
4-92	2918-2921	eam	
4-93	2921-2922	,	
4-94	2923-2925	et	
4-95	2926-2934	adolebit	
4-96	2935-2940	super	
4-97	2941-2947	altare	
4-98	2947-2948	,	
4-99	2949-2955	lignis	
4-100	2956-2960	igne	
4-101	2961-2970	supposito	
4-102	2970-2971	.	

#Text=Holocaustum est et oblatio suavissimi odoris Domino.
5-1	2972-2983	Holocaustum	
5-2	2984-2987	est	
5-3	2988-2990	et	
5-4	2991-2998	oblatio	
5-5	2999-3009	suavissimi	
5-6	3010-3016	odoris	
5-7	3017-3023	Domino	
5-8	3023-3024	.	

#Text=Caput 2
#Text=
#Text=
#Text=1 Anima cum obtulerit oblationem sacrificii Domino, simila erit ejus oblatio ; fundetque super eam oleum, et ponet thus, 2 ac deferet ad filios Aaron sacerdotes : quorum unus tollet pugillum plenum similæ et olei, ac totum thus, et ponet memoriale super altare in odorem suavissimum Domino.
#Text=3 Quod autem reliquum fuerit de sacrificio, erit Aaron et filiorum ejus, Sanctum sanctorum de oblationibus Domini.
#Text=4 Cum autem obtuleris sacrificium coctum in clibano : de simila, panes scilicet absque fermento, conspersos oleo, et lagana azyma oleo lita.
#Text=5 Si oblatio tua fuerit de sartagine, similæ conspersæ oleo et absque fermento, 6 divides eam minutatim, et fundes super eam oleum.
#Text=7 Sin autem de craticula fuerit sacrificium, æque simila oleo conspergetur : 8 quam offerens Domino, trades manibus sacerdotis.
6-1	3025-3030	Caput	
6-2	3031-3032	2	
6-3	3035-3036	1	
6-4	3037-3042	Anima	
6-5	3043-3046	cum	
6-6	3047-3056	obtulerit	
6-7	3057-3067	oblationem	
6-8	3068-3078	sacrificii	
6-9	3079-3085	Domino	
6-10	3085-3086	,	
6-11	3087-3093	simila	
6-12	3094-3098	erit	
6-13	3099-3103	ejus	
6-14	3104-3111	oblatio	
6-15	3112-3113	;	
6-16	3114-3123	fundetque	
6-17	3124-3129	super	
6-18	3130-3133	eam	
6-19	3134-3139	oleum	
6-20	3139-3140	,	
6-21	3141-3143	et	
6-22	3144-3149	ponet	
6-23	3150-3154	thus	
6-24	3154-3155	,	
6-25	3156-3157	2	
6-26	3158-3160	ac	
6-27	3161-3168	deferet	
6-28	3169-3171	ad	
6-29	3172-3178	filios	
6-30	3179-3184	Aaron	
6-31	3185-3195	sacerdotes	
6-32	3196-3197	:	
6-33	3198-3204	quorum	
6-34	3205-3209	unus	
6-35	3210-3216	tollet	
6-36	3217-3225	pugillum	
6-37	3226-3232	plenum	
6-38	3233-3239	similæ	
6-39	3240-3242	et	
6-40	3243-3247	olei	
6-41	3247-3248	,	
6-42	3249-3251	ac	
6-43	3252-3257	totum	
6-44	3258-3262	thus	
6-45	3262-3263	,	
6-46	3264-3266	et	
6-47	3267-3272	ponet	
6-48	3273-3282	memoriale	
6-49	3283-3288	super	
6-50	3289-3295	altare	
6-51	3296-3298	in	
6-52	3299-3305	odorem	
6-53	3306-3317	suavissimum	
6-54	3318-3324	Domino	
6-55	3324-3325	.	
6-56	3326-3327	3	
6-57	3328-3332	Quod	
6-58	3333-3338	autem	
6-59	3339-3347	reliquum	
6-60	3348-3354	fuerit	
6-61	3355-3357	de	
6-62	3358-3368	sacrificio	
6-63	3368-3369	,	
6-64	3370-3374	erit	
6-65	3375-3380	Aaron	
6-66	3381-3383	et	
6-67	3384-3392	filiorum	
6-68	3393-3397	ejus	
6-69	3397-3398	,	
6-70	3399-3406	Sanctum	
6-71	3407-3416	sanctorum	
6-72	3417-3419	de	
6-73	3420-3432	oblationibus	
6-74	3433-3439	Domini	
6-75	3439-3440	.	
6-76	3441-3442	4	
6-77	3443-3446	Cum	
6-78	3447-3452	autem	
6-79	3453-3462	obtuleris	
6-80	3463-3474	sacrificium	
6-81	3475-3481	coctum	
6-82	3482-3484	in	
6-83	3485-3492	clibano	
6-84	3493-3494	:	
6-85	3495-3497	de	
6-86	3498-3504	simila	
6-87	3504-3505	,	
6-88	3506-3511	panes	
6-89	3512-3520	scilicet	
6-90	3521-3527	absque	
6-91	3528-3536	fermento	
6-92	3536-3537	,	
6-93	3538-3548	conspersos	
6-94	3549-3553	oleo	
6-95	3553-3554	,	
6-96	3555-3557	et	
6-97	3558-3564	lagana	
6-98	3565-3570	azyma	
6-99	3571-3575	oleo	
6-100	3576-3580	lita	
6-101	3580-3581	.	
6-102	3582-3583	5	
6-103	3584-3586	Si	
6-104	3587-3594	oblatio	
6-105	3595-3598	tua	
6-106	3599-3605	fuerit	
6-107	3606-3608	de	
6-108	3609-3618	sartagine	
6-109	3618-3619	,	
6-110	3620-3626	similæ	
6-111	3627-3636	conspersæ	
6-112	3637-3641	oleo	
6-113	3642-3644	et	
6-114	3645-3651	absque	
6-115	3652-3660	fermento	
6-116	3660-3661	,	
6-117	3662-3663	6	
6-118	3664-3671	divides	
6-119	3672-3675	eam	
6-120	3676-3685	minutatim	
6-121	3685-3686	,	
6-122	3687-3689	et	
6-123	3690-3696	fundes	
6-124	3697-3702	super	
6-125	3703-3706	eam	
6-126	3707-3712	oleum	
6-127	3712-3713	.	
6-128	3714-3715	7	
6-129	3716-3719	Sin	
6-130	3720-3725	autem	
6-131	3726-3728	de	
6-132	3729-3738	craticula	
6-133	3739-3745	fuerit	
6-134	3746-3757	sacrificium	
6-135	3757-3758	,	
6-136	3759-3763	æque	
6-137	3764-3770	simila	
6-138	3771-3775	oleo	
6-139	3776-3788	conspergetur	
6-140	3789-3790	:	
6-141	3791-3792	8	
6-142	3793-3797	quam	
6-143	3798-3806	offerens	
6-144	3807-3813	Domino	
6-145	3813-3814	,	
6-146	3815-3821	trades	
6-147	3822-3829	manibus	
6-148	3830-3840	sacerdotis	
6-149	3840-3841	.	
