#FORMAT=WebAnno TSV 3.3
#T_SP=custom.Span|label
#T_RL=custom.Relation|label|BT_custom.Span


#Text=Eigenschappen.
1-1	4-17	Eigenschappen	_	_	_	
1-2	17-18	.	_	_	_	

#Text=De Kaneel-olie is een uitnemend versterkend middel.
2-1	21-23	De	_	_	_	
2-2	24-35	Kaneel-olie	_	_	_	
2-3	36-38	is	_	_	_	
2-4	39-42	een	_	_	_	
2-5	43-52	uitnemend	_	_	_	
2-6	53-64	versterkend	_	_	_	
2-7	65-71	middel	_	_	_	
2-8	71-72	.	_	_	_	

#Text=Het versterkt de Maag en helpt
#Text=de natuur in zyne ontlastingen.
3-1	73-76	Het	_	_	_	
3-2	77-86	versterkt	_	_	_	
3-3	87-89	de	_	_	_	
3-4	90-94	Maag	_	_	_	
3-5	95-97	en	_	_	_	
3-6	98-103	helpt	_	_	_	
3-7	104-106	de	_	_	_	
3-8	107-113	natuur	_	_	_	
3-9	114-116	in	_	_	_	
3-10	117-121	zyne	_	_	_	
3-11	122-134	ontlastingen	_	_	_	
3-12	134-135	.	_	_	_	

#Text=Men geeft ze om Vrouwen te doen bevallen, en om
#Text=de Stonden voort te brengen.
4-1	136-139	Men	_	_	_	
4-2	140-145	geeft	_	_	_	
4-3	146-148	ze	_	_	_	
4-4	149-151	om	_	_	_	
4-5	152-159	Vrouwen	_	_	_	
4-6	160-162	te	_	_	_	
4-7	163-167	doen	_	_	_	
4-8	168-176	bevallen	_	_	_	
4-9	176-177	,	_	_	_	
4-10	178-180	en	_	_	_	
4-11	181-183	om	_	_	_	
4-12	184-186	de	_	_	_	
4-13	187-194	Stonden	_	_	_	
4-14	195-200	voort	_	_	_	
4-15	201-203	te	_	_	_	
4-16	204-211	brengen	_	_	_	
4-17	211-212	.	_	_	_	

#Text=Zy wekt ook het zaad op.
5-1	213-215	Zy	_	_	_	
5-2	216-220	wekt	_	_	_	
5-3	221-224	ook	_	_	_	
5-4	225-228	het	_	_	_	
5-5	229-233	zaad	_	_	_	
5-6	234-236	op	_	_	_	
5-7	236-237	.	_	_	_	

#Text=Men mengt gemeenlyk een
#Text=drup onder wat Suiker-kandy, om een Oly-suiker te maken, die gemaklyk in
#Text=hartsterkende waters, die tegen Moerkwalen zyn, kan worden ontbonden.
6-1	238-241	Men	_	_	_	
6-2	242-247	mengt	_	_	_	
6-3	248-257	gemeenlyk	_	_	_	
6-4	258-261	een	_	_	_	
6-5	262-266	drup	_	_	_	
6-6	267-272	onder	_	_	_	
6-7	273-276	wat	_	_	_	
6-8	277-289	Suiker-kandy	_	_	_	
6-9	289-290	,	_	_	_	
6-10	291-293	om	_	_	_	
6-11	294-297	een	_	_	_	
6-12	298-308	Oly-suiker	_	_	_	
6-13	309-311	te	_	_	_	
6-14	312-317	maken	_	_	_	
6-15	317-318	,	_	_	_	
6-16	319-322	die	_	_	_	
6-17	323-331	gemaklyk	_	_	_	
6-18	332-334	in	_	_	_	
6-19	335-348	hartsterkende	_	_	_	
6-20	349-355	waters	_	_	_	
6-21	355-356	,	_	_	_	
6-22	357-360	die	_	_	_	
6-23	361-366	tegen	_	_	_	
6-24	367-377	Moerkwalen	_	_	_	
6-25	378-381	zyn	_	_	_	
6-26	381-382	,	_	_	_	
6-27	383-386	kan	_	_	_	
6-28	387-393	worden	_	_	_	
6-29	394-403	ontbonden	_	_	_	
6-30	403-404	.	_	_	_	

#Text=Het geestig water van Kaneel heeft de zelfde kracht: maar men heeft op ene reis
#Text=twe, of drie dragmen van noden.
7-1	407-410	Het	_	_	_	
7-2	411-418	geestig	_	_	_	
7-3	419-424	water	_	_	_	
7-4	425-428	van	_	_	_	
7-5	429-435	Kaneel	_	_	_	
7-6	436-441	heeft	_	_	_	
7-7	442-444	de	_	_	_	
7-8	445-451	zelfde	_	_	_	
7-9	452-458	kracht	_	_	_	
7-10	458-459	:	_	_	_	
7-11	460-464	maar	_	_	_	
7-12	465-468	men	_	_	_	
7-13	469-474	heeft	_	_	_	
7-14	475-477	op	_	_	_	
7-15	478-481	ene	_	_	_	
7-16	482-486	reis	_	_	_	
7-17	487-490	twe	_	_	_	
7-18	490-491	,	_	_	_	
7-19	492-494	of	_	_	_	
7-20	495-499	drie	_	_	_	
7-21	500-507	dragmen	_	_	_	
7-22	508-511	van	_	_	_	
7-23	512-517	noden	_	_	_	
7-24	517-518	.	_	_	_	

#Text=Op deze wys kan men de Olien byna uit alle ruikende gewassen halen, als die van
#Text=Rozen-hout, van Rosmaryn, Lavendel, Genever, Nagelen, Anys, welke, of op ’t water
#Text=dryven, of op den grond zinken.
8-1	521-523	Op	_	_	_	
8-2	524-528	deze	_	_	_	
8-3	529-532	wys	_	_	_	
8-4	533-536	kan	_	_	_	
8-5	537-540	men	_	_	_	
8-6	541-543	de	_	_	_	
8-7	544-549	Olien	_	_	_	
8-8	550-554	byna	_	_	_	
8-9	555-558	uit	_	_	_	
8-10	559-563	alle	_	_	_	
8-11	564-572	ruikende	_	_	_	
8-12	573-581	gewassen	_	_	_	
8-13	582-587	halen	_	_	_	
8-14	587-588	,	_	_	_	
8-15	589-592	als	_	_	_	
8-16	593-596	die	_	_	_	
8-17	597-600	van	_	_	_	
8-18	601-611	Rozen-hout	_	_	_	
8-19	611-612	,	_	_	_	
8-20	613-616	van	_	_	_	
8-21	617-625	Rosmaryn	_	_	_	
8-22	625-626	,	_	_	_	
8-23	627-635	Lavendel	_	_	_	
8-24	635-636	,	_	_	_	
8-25	637-644	Genever	_	_	_	
8-26	644-645	,	_	_	_	
8-27	646-653	Nagelen	_	_	_	
8-28	653-654	,	_	_	_	
8-29	655-659	Anys	_	_	_	
8-30	659-660	,	_	_	_	
8-31	661-666	welke	_	_	_	
8-32	666-667	,	_	_	_	
8-33	668-670	of	_	_	_	
8-34	671-673	op	_	_	_	
8-35	674-675	’	_	_	_	
8-36	675-676	t	_	_	_	
8-37	677-682	water	_	_	_	
8-38	683-689	dryven	_	_	_	
8-39	689-690	,	_	_	_	
8-40	691-693	of	_	_	_	
8-41	694-696	op	_	_	_	
8-42	697-700	den	_	_	_	
8-43	701-706	grond	_	_	_	
8-44	707-713	zinken	_	_	_	
8-45	713-714	.	_	_	_	

#Text=Enige Schryvers voegen by het Trekzel Kanéél, acht oncen Salpeter, of drie oncen
#Text=geest van Zout, om aan ’t water tot een voersel te strekken, op dat de Kaneel beter
#Text=deurdringe, en men’er meer Olie uit hale; maar het heeft my toegeschenen, dat die
#Text=Zouten de Olie wat veranderen, terwyl zy de vlugtige deelen by een houden; en dat
#Text=die, welke op deze wyze gemaakt wordt, zo veel geur niet, als de andere, geeft.
9-1	717-722	Enige	_	_	_	
9-2	723-732	Schryvers	_	_	_	
9-3	733-739	voegen	_	_	_	
9-4	740-742	by	_	_	_	
9-5	743-746	het	Evoked\_Odorant[1]	Anaphoric	9-86[3_1]	
9-6	747-754	Trekzel	Evoked\_Odorant[1]	_	_	
9-7	755-761	Kanéél	Evoked\_Odorant[1]	_	_	
9-8	761-762	,	_	_	_	
9-9	763-767	acht	_	_	_	
9-10	768-773	oncen	_	_	_	
9-11	774-782	Salpeter	Smell\_Source	_	_	
9-12	782-783	,	_	_	_	
9-13	784-786	of	_	_	_	
9-14	787-791	drie	_	_	_	
9-15	792-797	oncen	_	_	_	
9-16	798-803	geest	Smell\_Source[2]	_	_	
9-17	804-807	van	Smell\_Source[2]	_	_	
9-18	808-812	Zout	Smell\_Source[2]	_	_	
9-19	812-813	,	_	_	_	
9-20	814-816	om	_	_	_	
9-21	817-820	aan	_	_	_	
9-22	821-822	’	_	_	_	
9-23	822-823	t	_	_	_	
9-24	824-829	water	_	_	_	
9-25	830-833	tot	_	_	_	
9-26	834-837	een	_	_	_	
9-27	838-845	voersel	_	_	_	
9-28	846-848	te	_	_	_	
9-29	849-857	strekken	_	_	_	
9-30	857-858	,	_	_	_	
9-31	859-861	op	_	_	_	
9-32	862-865	dat	_	_	_	
9-33	866-868	de	_	_	_	
9-34	869-875	Kaneel	Smell\_Source	_	_	
9-35	876-881	beter	_	_	_	
9-36	882-892	deurdringe	_	_	_	
9-37	892-893	,	_	_	_	
9-38	894-896	en	_	_	_	
9-39	897-900	men	_	_	_	
9-40	900-901	’	_	_	_	
9-41	901-903	er	_	_	_	
9-42	904-908	meer	_	_	_	
9-43	909-913	Olie	_	_	_	
9-44	914-917	uit	_	_	_	
9-45	918-922	hale	_	_	_	
9-46	922-923	;	_	_	_	
9-47	924-928	maar	_	_	_	
9-48	929-932	het	_	_	_	
9-49	933-938	heeft	_	_	_	
9-50	939-941	my	_	_	_	
9-51	942-954	toegeschenen	_	_	_	
9-52	954-955	,	_	_	_	
9-53	956-959	dat	_	_	_	
9-54	960-963	die	_	_	_	
9-55	964-970	Zouten	_	_	_	
9-56	971-973	de	_	_	_	
9-57	974-978	Olie	Odour\_Carrier	_	_	
9-58	979-982	wat	_	_	_	
9-59	983-993	veranderen	_	_	_	
9-60	993-994	,	_	_	_	
9-61	995-1001	terwyl	_	_	_	
9-62	1002-1004	zy	_	_	_	
9-63	1005-1007	de	_	_	_	
9-64	1008-1016	vlugtige	_	_	_	
9-65	1017-1023	deelen	_	_	_	
9-66	1024-1026	by	_	_	_	
9-67	1027-1030	een	_	_	_	
9-68	1031-1037	houden	_	_	_	
9-69	1037-1038	;	_	_	_	
9-70	1039-1041	en	_	_	_	
9-71	1042-1045	dat	_	_	_	
9-72	1046-1049	die	_	_	_	
9-73	1049-1050	,	_	_	_	
9-74	1051-1056	welke	_	_	_	
9-75	1057-1059	op	_	_	_	
9-76	1060-1064	deze	_	_	_	
9-77	1065-1069	wyze	_	_	_	
9-78	1070-1077	gemaakt	_	_	_	
9-79	1078-1083	wordt	_	_	_	
9-80	1083-1084	,	_	_	_	
9-81	1085-1087	zo	_	_	_	
9-82	1088-1092	veel	Quality	_	_	
9-83	1093-1097	geur	Smell\_Word	*|*|*|*|*|*|*	9-82|9-84|9-86[3_0]|9-57|9-34|9-11|9-16[2_0]	
9-84	1098-1102	niet	Quality	_	_	
9-85	1102-1103	,	_	_	_	
9-86	1104-1107	als	Evoked\_Odorant[3]	_	_	
9-87	1108-1110	de	Evoked\_Odorant[3]	_	_	
9-88	1111-1117	andere	Evoked\_Odorant[3]	_	_	
9-89	1117-1118	,	_	_	_	
9-90	1119-1124	geeft	_	_	_	
9-91	1124-1125	.	_	_	_	

#Text=Zie
#Text=destillatie.
10-1	1126-1129	Zie	_	_	_	
10-2	1130-1141	destillatie	_	_	_	
10-3	1141-1142	.	_	_	_	

#Text=M.
11-1	1145-1146	M	_	_	_	
11-2	1146-1147	.	_	_	_	

#Text=Noel Chomel, Huishoudelyk woordboek
#Text=
#Text=\f
#Text=De Olien, waar van wy spreken, en zulke, welke men op de zelfde wyze uit kan
#Text=trekken, zyn, om zo te spreken, eenvoudige.
12-1	1148-1152	Noel	_	_	_	
12-2	1153-1159	Chomel	_	_	_	
12-3	1159-1160	,	_	_	_	
12-4	1161-1173	Huishoudelyk	_	_	_	
12-5	1174-1183	woordboek	_	_	_	
12-6	1187-1189	De	_	_	_	
12-7	1190-1195	Olien	_	_	_	
12-8	1195-1196	,	_	_	_	
12-9	1197-1201	waar	_	_	_	
12-10	1202-1205	van	_	_	_	
12-11	1206-1208	wy	_	_	_	
12-12	1209-1216	spreken	_	_	_	
12-13	1216-1217	,	_	_	_	
12-14	1218-1220	en	_	_	_	
12-15	1221-1226	zulke	_	_	_	
12-16	1226-1227	,	_	_	_	
12-17	1228-1233	welke	_	_	_	
12-18	1234-1237	men	_	_	_	
12-19	1238-1240	op	_	_	_	
12-20	1241-1243	de	_	_	_	
12-21	1244-1250	zelfde	_	_	_	
12-22	1251-1255	wyze	_	_	_	
12-23	1256-1259	uit	_	_	_	
12-24	1260-1263	kan	_	_	_	
12-25	1264-1271	trekken	_	_	_	
12-26	1271-1272	,	_	_	_	
12-27	1273-1276	zyn	_	_	_	
12-28	1276-1277	,	_	_	_	
12-29	1278-1280	om	_	_	_	
12-30	1281-1283	zo	_	_	_	
12-31	1284-1286	te	_	_	_	
12-32	1287-1294	spreken	_	_	_	
12-33	1294-1295	,	_	_	_	
12-34	1296-1306	eenvoudige	_	_	_	
12-35	1306-1307	.	_	_	_	

#Text=Men heeft nog andere uitgevonden, die
#Text=men samengestelde noemt, en in de Heelkunst in gebruik zyn.
13-1	1308-1311	Men	_	_	_	
13-2	1312-1317	heeft	_	_	_	
13-3	1318-1321	nog	_	_	_	
13-4	1322-1328	andere	_	_	_	
13-5	1329-1340	uitgevonden	_	_	_	
13-6	1340-1341	,	_	_	_	
13-7	1342-1345	die	_	_	_	
13-8	1346-1349	men	_	_	_	
13-9	1350-1363	samengestelde	_	_	_	
13-10	1364-1369	noemt	_	_	_	
13-11	1369-1370	,	_	_	_	
13-12	1371-1373	en	_	_	_	
13-13	1374-1376	in	_	_	_	
13-14	1377-1379	de	_	_	_	
13-15	1380-1389	Heelkunst	_	_	_	
13-16	1390-1392	in	_	_	_	
13-17	1393-1400	gebruik	_	_	_	
13-18	1401-1404	zyn	_	_	_	
13-19	1404-1405	.	_	_	_	

#Text=Wy zullen’er enige
#Text=van beschryven.
14-1	1406-1408	Wy	_	_	_	
14-2	1409-1415	zullen	_	_	_	
14-3	1415-1416	’	_	_	_	
14-4	1416-1418	er	_	_	_	
14-5	1419-1424	enige	_	_	_	
14-6	1425-1428	van	_	_	_	
14-7	1429-1439	beschryven	_	_	_	
14-8	1439-1440	.	_	_	_	

#Text=OLIE VAN WYN voor allerleije Wonden.
15-1	1443-1447	OLIE	_	_	_	
15-2	1448-1451	VAN	_	_	_	
15-3	1452-1455	WYN	_	_	_	
15-4	1456-1460	voor	_	_	_	
15-5	1461-1471	allerleije	_	_	_	
15-6	1472-1478	Wonden	_	_	_	
15-7	1478-1479	.	_	_	_	
