#FORMAT=WebAnno TSV 3.3
#T_SP=custom.Span|label


#Text=Er fühlt die Absonderlichkeit seines Sexuallebens als eine Aus- 
#Text=zeichnung.
1-1	5-7	Er	_	
1-2	8-13	fühlt	_	
1-3	14-17	die	_	
1-4	18-34	Absonderlichkeit	_	
1-5	35-41	seines	_	
1-6	42-54	Sexuallebens	_	
1-7	55-58	als	_	
1-8	59-63	eine	_	
1-9	64-67	Aus	_	
1-10	67-68	-	_	
1-11	70-79	zeichnung	_	
1-12	79-80	.	_	

#Text=Man glaube diesen Kranken nicht, wenn sie zum Arzte 
#Text=kommen und um Heilung flehen.
2-1	81-84	Man	_	
2-2	85-91	glaube	_	
2-3	92-98	diesen	_	
2-4	99-106	Kranken	_	
2-5	107-112	nicht	_	
2-6	112-113	,	_	
2-7	114-118	wenn	_	
2-8	119-122	sie	_	
2-9	123-126	zum	_	
2-10	127-132	Arzte	_	
2-11	134-140	kommen	_	
2-12	141-144	und	_	
2-13	145-147	um	_	
2-14	148-155	Heilung	_	
2-15	156-162	flehen	_	
2-16	162-163	.	_	

#Text=Innerlich beherrscht sie der Stolz auf 
#Text=ihre Eigenart, welche die anderen Menschen nicht kennen.
3-1	164-173	Innerlich	_	
3-2	174-184	beherrscht	_	
3-3	185-188	sie	_	
3-4	189-192	der	_	
3-5	193-198	Stolz	_	
3-6	199-202	auf	_	
3-7	204-208	ihre	_	
3-8	209-217	Eigenart	_	
3-9	217-218	,	_	
3-10	219-225	welche	_	
3-11	226-229	die	_	
3-12	230-237	anderen	_	
3-13	238-246	Menschen	_	
3-14	247-252	nicht	_	
3-15	253-259	kennen	_	
3-16	259-260	.	_	

#Text=Wie schwer 
#Text=wird es einem anderen Manne, ein Weib zu erobern!
4-1	261-264	Wie	_	
4-2	265-271	schwer	_	
4-3	273-277	wird	_	
4-4	278-280	es	_	
4-5	281-286	einem	_	
4-6	287-294	anderen	_	
4-7	295-300	Manne	_	
4-8	300-301	,	_	
4-9	302-305	ein	_	
4-10	306-310	Weib	_	
4-11	311-313	zu	_	
4-12	314-321	erobern	_	
4-13	321-322	!	_	

#Text=Unser Patient 
#Text=braucht ihr nur die Hand zu küssen und schon kommt es zu Orgasmus
#Text=
#Text=und Ejakulation.
5-1	323-328	Unser	_	
5-2	329-336	Patient	_	
5-3	338-345	braucht	_	
5-4	346-349	ihr	_	
5-5	350-353	nur	_	
5-6	354-357	die	_	
5-7	358-362	Hand	_	
5-8	363-365	zu	_	
5-9	366-372	küssen	_	
5-10	373-376	und	_	
5-11	377-382	schon	_	
5-12	383-388	kommt	_	
5-13	389-391	es	_	
5-14	392-394	zu	_	
5-15	395-403	Orgasmus	_	
5-16	405-408	und	_	
5-17	409-420	Ejakulation	_	
5-18	420-421	.	_	

#Text=Er steht mit dieser Art von Befriedigung nicht ver- 
#Text=einzelt da.
6-1	422-424	Er	_	
6-2	425-430	steht	_	
6-3	431-434	mit	_	
6-4	435-441	dieser	_	
6-5	442-445	Art	_	
6-6	446-449	von	_	
6-7	450-462	Befriedigung	_	
6-8	463-468	nicht	_	
6-9	469-472	ver	_	
6-10	472-473	-	_	
6-11	475-482	einzelt	_	
6-12	483-485	da	_	
6-13	485-486	.	_	

#Text=Denn ich kenne einige Männer, die sich auf diese Weise be- 
#Text=friedigen.
7-1	487-491	Denn	_	
7-2	492-495	ich	_	
7-3	496-501	kenne	_	
7-4	502-508	einige	_	
7-5	509-515	Männer	_	
7-6	515-516	,	_	
7-7	517-520	die	_	
7-8	521-525	sich	_	
7-9	526-529	auf	_	
7-10	530-535	diese	_	
7-11	536-541	Weise	_	
7-12	542-544	be	_	
7-13	544-545	-	_	
7-14	547-556	friedigen	_	
7-15	556-557	.	_	

#Text=Man beobachte manche Männer beim Handkuß und man wird 
#Text=die Fetischisten sofort erkennen.
8-1	558-561	Man	_	
8-2	562-571	beobachte	_	
8-3	572-578	manche	_	
8-4	579-585	Männer	_	
8-5	586-590	beim	_	
8-6	591-598	Handkuß	_	
8-7	599-602	und	_	
8-8	603-606	man	_	
8-9	607-611	wird	_	
8-10	613-616	die	_	
8-11	617-629	Fetischisten	_	
8-12	630-636	sofort	_	
8-13	637-645	erkennen	_	
8-14	645-646	.	_	

#Text=Sie riechen an den Händen, sie saugen 
#Text=sich daran fest und sie bekommen den eigentümlichen Glanz in den 
#Text=Augen, der die sexuelle Ekstase erraten läßt.
9-1	647-650	Sie	Perceiver	
9-2	651-658	riechen	Smell\_Word	
9-3	659-661	an	_	
9-4	662-665	den	_	
9-5	666-672	Händen	Smell\_Source	
9-6	672-673	,	_	
9-7	674-677	sie	_	
9-8	678-684	saugen	_	
9-9	686-690	sich	_	
9-10	691-696	daran	_	
9-11	697-701	fest	_	
9-12	702-705	und	_	
9-13	706-709	sie	_	
9-14	710-718	bekommen	_	
9-15	719-722	den	_	
9-16	723-737	eigentümlichen	_	
9-17	738-743	Glanz	_	
9-18	744-746	in	_	
9-19	747-750	den	_	
9-20	752-757	Augen	_	
9-21	757-758	,	_	
9-22	759-762	der	_	
9-23	763-766	die	_	
9-24	767-775	sexuelle	_	
9-25	776-783	Ekstase	_	
9-26	784-791	erraten	_	
9-27	792-796	läßt	_	
9-28	796-797	.	_	

#Text=Ich kannte einen großen 
#Text=Künstler, der sich nur auf diese Weise befriedigte.
10-1	798-801	Ich	_	
10-2	802-808	kannte	_	
10-3	809-814	einen	_	
10-4	815-821	großen	_	
10-5	823-831	Künstler	_	
10-6	831-832	,	_	
10-7	833-836	der	_	
10-8	837-841	sich	_	
10-9	842-845	nur	_	
10-10	846-849	auf	_	
10-11	850-855	diese	_	
10-12	856-861	Weise	_	
10-13	862-873	befriedigte	_	
10-14	873-874	.	_	

#Text=Auch dieser Mann 
#Text=hatte immer Erlöserideen, war ein Religionsstifter, wollte eine eigene 
#Text=Sekte gründen, wurde Wanderprediger und sonderte sich von allen 
#Text=Menschen ab.
11-1	875-879	Auch	_	
11-2	880-886	dieser	_	
11-3	887-891	Mann	_	
11-4	893-898	hatte	_	
11-5	899-904	immer	_	
11-6	905-917	Erlöserideen	_	
11-7	917-918	,	_	
11-8	919-922	war	_	
11-9	923-926	ein	_	
11-10	927-943	Religionsstifter	_	
11-11	943-944	,	_	
11-12	945-951	wollte	_	
11-13	952-956	eine	_	
11-14	957-963	eigene	_	
11-15	965-970	Sekte	_	
11-16	971-978	gründen	_	
11-17	978-979	,	_	
11-18	980-985	wurde	_	
11-19	986-1000	Wanderprediger	_	
11-20	1001-1004	und	_	
11-21	1005-1013	sonderte	_	
11-22	1014-1018	sich	_	
11-23	1019-1022	von	_	
11-24	1023-1028	allen	_	
11-25	1030-1038	Menschen	_	
11-26	1039-1041	ab	_	
11-27	1041-1042	.	_	

#Text=Er verzichtete mit Hilfe der Hand auf den Besitz des 
#Text=Weibes und konnte seine Keuschheit bewahren, zeigte eine stark aske- 
#Text=tische Tendenz, die im späteren Alter siegreich durchbrach, als er 
#Text=plötzlich den Entschluß faßte, Missionär zu werden.
12-1	1043-1045	Er	_	
12-2	1046-1057	verzichtete	_	
12-3	1058-1061	mit	_	
12-4	1062-1067	Hilfe	_	
12-5	1068-1071	der	_	
12-6	1072-1076	Hand	_	
12-7	1077-1080	auf	_	
12-8	1081-1084	den	_	
12-9	1085-1091	Besitz	_	
12-10	1092-1095	des	_	
12-11	1097-1103	Weibes	_	
12-12	1104-1107	und	_	
12-13	1108-1114	konnte	_	
12-14	1115-1120	seine	_	
12-15	1121-1131	Keuschheit	_	
12-16	1132-1140	bewahren	_	
12-17	1140-1141	,	_	
12-18	1142-1148	zeigte	_	
12-19	1149-1153	eine	_	
12-20	1154-1159	stark	_	
12-21	1160-1164	aske	_	
12-22	1164-1165	-	_	
12-23	1167-1173	tische	_	
12-24	1174-1181	Tendenz	_	
12-25	1181-1182	,	_	
12-26	1183-1186	die	_	
12-27	1187-1189	im	_	
12-28	1190-1198	späteren	_	
12-29	1199-1204	Alter	_	
12-30	1205-1214	siegreich	_	
12-31	1215-1225	durchbrach	_	
12-32	1225-1226	,	_	
12-33	1227-1230	als	_	
12-34	1231-1233	er	_	
12-35	1235-1244	plötzlich	_	
12-36	1245-1248	den	_	
12-37	1249-1258	Entschluß	_	
12-38	1259-1264	faßte	_	
12-39	1264-1265	,	_	
12-40	1266-1275	Missionär	_	
12-41	1276-1278	zu	_	
12-42	1279-1285	werden	_	
12-43	1285-1286	.	_	

#Text=Er hatte Einsiedler- 
#Text=ideen, wollte sich auf einem Berge ein einsames Häuschen bauen u. dgl.
13-1	1287-1289	Er	_	
13-2	1290-1295	hatte	_	
13-3	1296-1306	Einsiedler	_	
13-4	1306-1307	-	_	
13-5	1309-1314	ideen	_	
13-6	1314-1315	,	_	
13-7	1316-1322	wollte	_	
13-8	1323-1327	sich	_	
13-9	1328-1331	auf	_	
13-10	1332-1337	einem	_	
13-11	1338-1343	Berge	_	
13-12	1344-1347	ein	_	
13-13	1348-1356	einsames	_	
13-14	1357-1365	Häuschen	_	
13-15	1366-1371	bauen	_	
13-16	1372-1373	u	_	
13-17	1373-1374	.	_	
13-18	1375-1378	dgl	_	
13-19	1378-1379	.	_	

#Text=Phantasien mehr.
14-1	1381-1391	Phantasien	_	
14-2	1392-1396	mehr	_	
14-3	1396-1397	.	_	

#Text=Wie treffend schildert Havelock Ellis diese Eigenschaft der Feti- 
#Text=schisten:
#Text=
#Text=
#Text=„Die Ursache der krankhaften und gefährlichen Isolierung
#Text=devS Feti- 
#Text=schisten ist in der extremen Individualität, die die Entwicklung des erotischen 
#Text=Symbolismus voraussetzt, zu suchen.
15-1	1401-1404	Wie	_	
15-2	1405-1413	treffend	_	
15-3	1414-1423	schildert	_	
15-4	1424-1432	Havelock	_	
15-5	1433-1438	Ellis	_	
15-6	1439-1444	diese	_	
15-7	1445-1456	Eigenschaft	_	
15-8	1457-1460	der	_	
15-9	1461-1465	Feti	_	
15-10	1465-1466	-	_	
15-11	1468-1476	schisten	_	
15-12	1476-1477	:	_	
15-13	1480-1481	„	_	
15-14	1481-1484	Die	_	
15-15	1485-1492	Ursache	_	
15-16	1493-1496	der	_	
15-17	1497-1508	krankhaften	_	
15-18	1509-1512	und	_	
15-19	1513-1525	gefährlichen	_	
15-20	1526-1536	Isolierung	_	
15-21	1537-1541	devS	_	
15-22	1542-1546	Feti	_	
15-23	1546-1547	-	_	
15-24	1549-1557	schisten	_	
15-25	1558-1561	ist	_	
15-26	1562-1564	in	_	
15-27	1565-1568	der	_	
15-28	1569-1577	extremen	_	
15-29	1578-1592	Individualität	_	
15-30	1592-1593	,	_	
15-31	1594-1597	die	_	
15-32	1598-1601	die	_	
15-33	1602-1613	Entwicklung	_	
15-34	1614-1617	des	_	
15-35	1618-1628	erotischen	_	
15-36	1630-1641	Symbolismus	_	
15-37	1642-1653	voraussetzt	_	
15-38	1653-1654	,	_	
15-39	1655-1657	zu	_	
15-40	1658-1664	suchen	_	
15-41	1664-1665	.	_	
