#FORMAT=WebAnno TSV 3.3


#Text=Aan David en zijn nakroost eeuwig denken.
1-1	3-6	Aan	
1-2	7-12	David	
1-3	13-15	en	
1-4	16-20	zijn	
1-5	21-29	nakroost	
1-6	30-36	eeuwig	
1-7	37-43	denken	
1-8	43-44	.	

#Text=Het boek der psalmen
#Text=
#Text=\f
#Text=9v
#Text=
#Text=
#Text=
#Text=De 19.
2-1	48-51	Het	
2-2	52-56	boek	
2-3	57-60	der	
2-4	61-68	psalmen	
2-5	72-74	9v	
2-6	78-80	De	
2-7	81-83	19	
2-8	83-84	.	

#Text=Psalm.
3-1	85-90	Psalm	
3-2	90-91	.	

#Text=Het boek der psalmen
#Text=
#Text=\f§1
#Text=
#Text=Het ruime hemelrond
#Text=Vertelt, met blijden mond,
#Text=Gods eer en heerlijkheid:
#Text=
#Text=De heldre lucht en 't zwerk
#Text=Verkondigen zijn werk,
#Text=
#Text=En prijzen zijn beleid.
4-1	95-98	Het	
4-2	99-103	boek	
4-3	104-107	der	
4-4	108-115	psalmen	
4-5	118-119	§	
4-6	119-120	1	
4-7	122-125	Het	
4-8	126-131	ruime	
4-9	132-141	hemelrond	
4-10	142-149	Vertelt	
4-11	149-150	,	
4-12	151-154	met	
4-13	155-162	blijden	
4-14	163-167	mond	
4-15	167-168	,	
4-16	169-173	Gods	
4-17	174-177	eer	
4-18	178-180	en	
4-19	181-193	heerlijkheid	
4-20	193-194	:	
4-21	196-198	De	
4-22	199-205	heldre	
4-23	206-211	lucht	
4-24	212-214	en	
4-25	215-216	'	
4-26	216-217	t	
4-27	218-223	zwerk	
4-28	224-235	Verkondigen	
4-29	236-240	zijn	
4-30	241-245	werk	
4-31	245-246	,	
4-32	248-250	En	
4-33	251-258	prijzen	
4-34	259-263	zijn	
4-35	264-270	beleid	
4-36	270-271	.	

#Text=Dus kan ons dag bij dag,
#Text=Tot roem van Gods gezag,
#Text=Zijn wonderen verhaalen:
#Text=
#Text=
#Text=Dus weet ons nacht bij nacht
#Text=Zijn onbegrensde magt
#Text=En wijsheid af te maalen.
5-1	274-277	Dus	
5-2	278-281	kan	
5-3	282-285	ons	
5-4	286-289	dag	
5-5	290-293	bij	
5-6	294-297	dag	
5-7	297-298	,	
5-8	299-302	Tot	
5-9	303-307	roem	
5-10	308-311	van	
5-11	312-316	Gods	
5-12	317-322	gezag	
5-13	322-323	,	
5-14	324-328	Zijn	
5-15	329-337	wonderen	
5-16	338-347	verhaalen	
5-17	347-348	:	
5-18	351-354	Dus	
5-19	355-359	weet	
5-20	360-363	ons	
5-21	364-369	nacht	
5-22	370-373	bij	
5-23	374-379	nacht	
5-24	380-384	Zijn	
5-25	385-396	onbegrensde	
5-26	397-401	magt	
5-27	402-404	En	
5-28	405-413	wijsheid	
5-29	414-416	af	
5-30	417-419	te	
5-31	420-426	maalen	
5-32	426-427	.	

#Text=Het boek der psalmen
#Text=
#Text=\f§2
#Text=
#Text=Hoe goddelijk en schoon
#Text=
#Text=Luidt deze hemeltoon!
6-1	431-434	Het	
6-2	435-439	boek	
6-3	440-443	der	
6-4	444-451	psalmen	
6-5	454-455	§	
6-6	455-456	2	
6-7	458-461	Hoe	
6-8	462-471	goddelijk	
6-9	472-474	en	
6-10	475-481	schoon	
6-11	483-488	Luidt	
6-12	489-493	deze	
6-13	494-503	hemeltoon	
6-14	503-504	!	
