#FORMAT=WebAnno TSV 3.3
#T_SP=custom.Span|label
#T_RL=custom.Relation|label|BT_custom.Span


#Text=im treugen zuviel ab, und giebt nie-
#Text=
#Text=mahls recht viel.
1-1	5-7	im	_	_	_	
1-2	8-15	treugen	_	_	_	
1-3	16-22	zuviel	_	_	_	
1-4	23-25	ab	_	_	_	
1-5	25-26	,	_	_	_	
1-6	27-30	und	_	_	_	
1-7	31-36	giebt	_	_	_	
1-8	37-40	nie	_	_	_	
1-9	40-41	-	_	_	_	
1-10	43-48	mahls	_	_	_	
1-11	49-54	recht	_	_	_	
1-12	55-59	viel	_	_	_	
1-13	59-60	.	_	_	_	

#Text=Petun à langue, das
#Text=Zungen-Petun/ wird alſo genannt,
#Text=weil ſeine zwey Fuß lange und der Hand
#Text=breite Blaͤtter die Geſtalt einer Zungen
#Text=zu haben ſcheinen:
#Text=Dieſes giebt reichlich,
#Text=und geht ihm beym
#Text=aufhaͤngen nichts
#Text=im geringſten ab.
2-1	61-66	Petun	_	_	_	
2-2	67-68	à	_	_	_	
2-3	69-75	langue	_	_	_	
2-4	75-76	,	_	_	_	
2-5	77-80	das	_	_	_	
2-6	81-93	Zungen-Petun	_	_	_	
2-7	93-94	/	_	_	_	
2-8	95-99	wird	_	_	_	
2-9	100-104	alſo	_	_	_	
2-10	105-112	genannt	_	_	_	
2-11	112-113	,	_	_	_	
2-12	114-118	weil	_	_	_	
2-13	119-124	ſeine	_	_	_	
2-14	125-129	zwey	_	_	_	
2-15	130-133	Fuß	_	_	_	
2-16	134-139	lange	_	_	_	
2-17	140-143	und	_	_	_	
2-18	144-147	der	_	_	_	
2-19	148-152	Hand	_	_	_	
2-20	153-159	breite	_	_	_	
2-21	160-168	Blaͤtter	_	_	_	
2-22	169-172	die	_	_	_	
2-23	173-180	Geſtalt	_	_	_	
2-24	181-186	einer	_	_	_	
2-25	187-193	Zungen	_	_	_	
2-26	194-196	zu	_	_	_	
2-27	197-202	haben	_	_	_	
2-28	203-211	ſcheinen	_	_	_	
2-29	211-212	:	_	_	_	
2-30	213-219	Dieſes	_	_	_	
2-31	220-225	giebt	_	_	_	
2-32	226-235	reichlich	_	_	_	
2-33	235-236	,	_	_	_	
2-34	237-240	und	_	_	_	
2-35	241-245	geht	_	_	_	
2-36	246-249	ihm	_	_	_	
2-37	250-254	beym	_	_	_	
2-38	255-265	aufhaͤngen	_	_	_	
2-39	266-272	nichts	_	_	_	
2-40	273-275	im	_	_	_	
2-41	276-286	geringſten	_	_	_	
2-42	287-289	ab	_	_	_	
2-43	289-290	.	_	_	_	

#Text=Diß ſind die beyden
#Text=
#Text=Sorten, von denen am meiſten verthan
#Text=
#Text=wird.
3-1	291-294	Diß	_	_	_	
3-2	295-299	ſind	_	_	_	
3-3	300-303	die	_	_	_	
3-4	304-310	beyden	_	_	_	
3-5	312-318	Sorten	_	_	_	
3-6	318-319	,	_	_	_	
3-7	320-323	von	_	_	_	
3-8	324-329	denen	_	_	_	
3-9	330-332	am	_	_	_	
3-10	333-340	meiſten	_	_	_	
3-11	341-348	verthan	_	_	_	
3-12	350-354	wird	_	_	_	
3-13	354-355	.	_	_	_	

#Text=Das Vetun Perine iſt viel klei-
#Text=ner, als die zwey vorhergehenden;
#Text=ſeine
#Text=Blaͤtter ſind etwas haͤrter, runtzlicht
#Text=und am Ende weit ſpitziger, als die an-
#Text=dern.
4-1	356-359	Das	_	_	_	
4-2	360-365	Vetun	_	_	_	
4-3	366-372	Perine	_	_	_	
4-4	373-376	iſt	_	_	_	
4-5	377-381	viel	_	_	_	
4-6	382-386	klei	_	_	_	
4-7	386-387	-	_	_	_	
4-8	388-391	ner	_	_	_	
4-9	391-392	,	_	_	_	
4-10	393-396	als	_	_	_	
4-11	397-400	die	_	_	_	
4-12	401-405	zwey	_	_	_	
4-13	406-420	vorhergehenden	_	_	_	
4-14	420-421	;	_	_	_	
4-15	422-427	ſeine	_	_	_	
4-16	428-436	Blaͤtter	_	_	_	
4-17	437-441	ſind	_	_	_	
4-18	442-447	etwas	_	_	_	
4-19	448-455	haͤrter	_	_	_	
4-20	455-456	,	_	_	_	
4-21	457-467	runtzlicht	_	_	_	
4-22	468-471	und	_	_	_	
4-23	472-474	am	_	_	_	
4-24	475-479	Ende	_	_	_	
4-25	480-484	weit	_	_	_	
4-26	485-494	ſpitziger	_	_	_	
4-27	494-495	,	_	_	_	
4-28	496-499	als	_	_	_	
4-29	500-503	die	_	_	_	
4-30	504-506	an	_	_	_	
4-31	506-507	-	_	_	_	
4-32	508-512	dern	_	_	_	
4-33	512-513	.	_	_	_	

#Text=Es giebt am wenigſten, und ver-
#Text=liehrt am meiſten auf der Haͤnge, iedoch
#Text=wird es am hoͤheſten geachtet, und iſt am
#Text=theuerſten, weil nicht allein das Blatt
#Text=nach Moſch riecht, ſondern auch der
#Text=Rauch, wenn es geſchmaucht wird, ſehr
#Text=angenehme iſt, da ſonſten der Rauch von
#Text=denen andern faſt iederman unertraͤg-
#Text=
#Text=lich faͤllt.
5-1	514-516	Es	_	_	_	
5-2	517-522	giebt	_	_	_	
5-3	523-525	am	_	_	_	
5-4	526-535	wenigſten	_	_	_	
5-5	535-536	,	_	_	_	
5-6	537-540	und	_	_	_	
5-7	541-544	ver	_	_	_	
5-8	544-545	-	_	_	_	
5-9	546-552	liehrt	_	_	_	
5-10	553-555	am	_	_	_	
5-11	556-563	meiſten	_	_	_	
5-12	564-567	auf	_	_	_	
5-13	568-571	der	_	_	_	
5-14	572-578	Haͤnge	_	_	_	
5-15	578-579	,	_	_	_	
5-16	580-586	iedoch	_	_	_	
5-17	587-591	wird	_	_	_	
5-18	592-594	es	_	_	_	
5-19	595-597	am	_	_	_	
5-20	598-607	hoͤheſten	_	_	_	
5-21	608-616	geachtet	_	_	_	
5-22	616-617	,	_	_	_	
5-23	618-621	und	_	_	_	
5-24	622-625	iſt	_	_	_	
5-25	626-628	am	_	_	_	
5-26	629-639	theuerſten	_	_	_	
5-27	639-640	,	_	_	_	
5-28	641-645	weil	_	_	_	
5-29	646-651	nicht	_	_	_	
5-30	652-658	allein	_	_	_	
5-31	659-662	das	Smell\_Source[1]	_	_	
5-32	663-668	Blatt	Smell\_Source[1]	_	_	
5-33	669-673	nach	_	_	_	
5-34	674-679	Moſch	Evoked\_Odorant	_	_	
5-35	680-686	riecht	Smell\_Word	*|*	5-34|5-31[1_0]	
5-36	686-687	,	_	_	_	
5-37	688-695	ſondern	_	_	_	
5-38	696-700	auch	_	_	_	
5-39	701-704	der	_	_	_	
5-40	705-710	Rauch	Smell\_Word[2]|Smell\_Source[3]	*|*|*	5-40[3_2]|5-42[4_2]|5-48[0_2]	
5-41	710-711	,	_	_	_	
5-42	712-716	wenn	Circumstances[4]	_	_	
5-43	717-719	es	Circumstances[4]	_	_	
5-44	720-731	geſchmaucht	Circumstances[4]	_	_	
5-45	732-736	wird	Circumstances[4]	_	_	
5-46	736-737	,	_	_	_	
5-47	738-742	ſehr	_	_	_	
5-48	743-752	angenehme	Quality	_	_	
5-49	753-756	iſt	_	_	_	
5-50	756-757	,	_	_	_	
5-51	758-760	da	_	_	_	
5-52	761-768	ſonſten	_	_	_	
5-53	769-772	der	_	_	_	
5-54	773-778	Rauch	_	_	_	
5-55	779-782	von	_	_	_	
5-56	783-788	denen	_	_	_	
5-57	789-795	andern	_	_	_	
5-58	796-800	faſt	_	_	_	
5-59	801-809	iederman	_	_	_	
5-60	810-819	unertraͤg	_	_	_	
5-61	819-820	-	_	_	_	
5-62	822-826	lich	_	_	_	
5-63	827-833	faͤllt	_	_	_	
5-64	833-834	.	_	_	_	

#Text=Uberdiß hat man in Acht ge-
#Text=nommen, daß eine eintzige Pflantze von
#Text=dieſem Petun vier andern Pflantzen ih-
#Text=re Eigenſchaft mittheile, alſo daß ſie
#Text=gleichfalls fuͤr Petun
#Text=Verine paßiren
#Text=koͤnnen, welches auch in den Jnſeln ge-
#Text=meiniglich practiſiret wird,
#Text=anders duͤrf-
#Text=te man ſeinen Conto nicht dabey fin-
#Text=den.
6-1	835-842	Uberdiß	_	_	_	
6-2	843-846	hat	_	_	_	
6-3	847-850	man	_	_	_	
6-4	851-853	in	_	_	_	
6-5	854-858	Acht	_	_	_	
6-6	859-861	ge	_	_	_	
6-7	861-862	-	_	_	_	
6-8	863-869	nommen	_	_	_	
6-9	869-870	,	_	_	_	
6-10	871-874	daß	_	_	_	
6-11	875-879	eine	_	_	_	
6-12	880-888	eintzige	_	_	_	
6-13	889-897	Pflantze	_	_	_	
6-14	898-901	von	_	_	_	
6-15	902-908	dieſem	_	_	_	
6-16	909-914	Petun	_	_	_	
6-17	915-919	vier	_	_	_	
6-18	920-926	andern	_	_	_	
6-19	927-936	Pflantzen	_	_	_	
6-20	937-939	ih	_	_	_	
6-21	939-940	-	_	_	_	
6-22	941-943	re	_	_	_	
6-23	944-955	Eigenſchaft	_	_	_	
6-24	956-965	mittheile	_	_	_	
6-25	965-966	,	_	_	_	
6-26	967-971	alſo	_	_	_	
6-27	972-975	daß	_	_	_	
6-28	976-979	ſie	_	_	_	
6-29	980-991	gleichfalls	_	_	_	
6-30	992-996	fuͤr	_	_	_	
6-31	997-1002	Petun	_	_	_	
6-32	1003-1009	Verine	_	_	_	
6-33	1010-1017	paßiren	_	_	_	
6-34	1018-1025	koͤnnen	_	_	_	
6-35	1025-1026	,	_	_	_	
6-36	1027-1034	welches	_	_	_	
6-37	1035-1039	auch	_	_	_	
6-38	1040-1042	in	_	_	_	
6-39	1043-1046	den	_	_	_	
6-40	1047-1053	Jnſeln	_	_	_	
6-41	1054-1056	ge	_	_	_	
6-42	1056-1057	-	_	_	_	
6-43	1058-1068	meiniglich	_	_	_	
6-44	1069-1080	practiſiret	_	_	_	
6-45	1081-1085	wird	_	_	_	
6-46	1085-1086	,	_	_	_	
6-47	1087-1093	anders	_	_	_	
6-48	1094-1099	duͤrf	_	_	_	
6-49	1099-1100	-	_	_	_	
6-50	1101-1103	te	_	_	_	
6-51	1104-1107	man	_	_	_	
6-52	1108-1114	ſeinen	_	_	_	
6-53	1115-1120	Conto	_	_	_	
6-54	1121-1126	nicht	_	_	_	
6-55	1127-1132	dabey	_	_	_	
6-56	1133-1136	fin	_	_	_	
6-57	1136-1137	-	_	_	_	
6-58	1138-1141	den	_	_	_	
6-59	1141-1142	.	_	_	_	

#Text=Das Amazonen-Petun iſt das
#Text=geringſte unter allen: ſein Blatt iſt vor-
#Text=ne rund, nicht zugeſpitzt, als wie der an-
#Text=dern ihre, und die kleinen Ribben, wel-
#Text=che auf beyden Seiten des Blattes zu
#Text=ſehen ſind, lauffen nicht krumm nach der
#Text=Spitze zu, ſondern gehen ſchnurgerade
#Text=zwerch durchhin.
7-1	1143-1146	Das	_	_	_	
7-2	1147-1161	Amazonen-Petun	_	_	_	
7-3	1162-1165	iſt	_	_	_	
7-4	1166-1169	das	_	_	_	
7-5	1170-1179	geringſte	_	_	_	
7-6	1180-1185	unter	_	_	_	
7-7	1186-1191	allen	_	_	_	
7-8	1191-1192	:	_	_	_	
7-9	1193-1197	ſein	_	_	_	
7-10	1198-1203	Blatt	_	_	_	
7-11	1204-1207	iſt	_	_	_	
7-12	1208-1211	vor	_	_	_	
7-13	1211-1212	-	_	_	_	
7-14	1213-1215	ne	_	_	_	
7-15	1216-1220	rund	_	_	_	
7-16	1220-1221	,	_	_	_	
7-17	1222-1227	nicht	_	_	_	
7-18	1228-1238	zugeſpitzt	_	_	_	
7-19	1238-1239	,	_	_	_	
7-20	1240-1243	als	_	_	_	
7-21	1244-1247	wie	_	_	_	
7-22	1248-1251	der	_	_	_	
7-23	1252-1254	an	_	_	_	
7-24	1254-1255	-	_	_	_	
7-25	1256-1260	dern	_	_	_	
7-26	1261-1265	ihre	_	_	_	
7-27	1265-1266	,	_	_	_	
7-28	1267-1270	und	_	_	_	
7-29	1271-1274	die	_	_	_	
7-30	1275-1282	kleinen	_	_	_	
7-31	1283-1289	Ribben	_	_	_	
7-32	1289-1290	,	_	_	_	
7-33	1291-1294	wel	_	_	_	
7-34	1294-1295	-	_	_	_	
7-35	1296-1299	che	_	_	_	
7-36	1300-1303	auf	_	_	_	
7-37	1304-1310	beyden	_	_	_	
7-38	1311-1317	Seiten	_	_	_	
7-39	1318-1321	des	_	_	_	
7-40	1322-1329	Blattes	_	_	_	
7-41	1330-1332	zu	_	_	_	
7-42	1333-1338	ſehen	_	_	_	
7-43	1339-1343	ſind	_	_	_	
7-44	1343-1344	,	_	_	_	
7-45	1345-1352	lauffen	_	_	_	
7-46	1353-1358	nicht	_	_	_	
7-47	1359-1364	krumm	_	_	_	
7-48	1365-1369	nach	_	_	_	
7-49	1370-1373	der	_	_	_	
7-50	1374-1380	Spitze	_	_	_	
7-51	1381-1383	zu	_	_	_	
7-52	1383-1384	,	_	_	_	
7-53	1385-1392	ſondern	_	_	_	
7-54	1393-1398	gehen	_	_	_	
7-55	1399-1411	ſchnurgerade	_	_	_	
7-56	1412-1418	zwerch	_	_	_	
7-57	1419-1427	durchhin	_	_	_	
7-58	1427-1428	.	_	_	_	

#Text=Dieſes
#Text=Petun giebt
#Text=
#Text=uͤberaus viel, allein es iſt auch uͤber
#Text=alle
#Text=maſſen ſchaͤdlich, wenn es noch friſch iſt,
#Text=ſchmeckt unangenehme, und macht, daß
#Text=ſich diejenigen, die es gebrauchen, von
#Text=Stund an erbrechen muͤſſen: ie aͤlter es
#Text=aber wird, ie beſſer wird es, und nach
#Text=Verlauff zweyer Jahren uͤberaus gut.
8-1	1429-1435	Dieſes	_	_	_	
8-2	1436-1441	Petun	_	_	_	
8-3	1442-1447	giebt	_	_	_	
8-4	1449-1457	uͤberaus	_	_	_	
8-5	1458-1462	viel	_	_	_	
8-6	1462-1463	,	_	_	_	
8-7	1464-1470	allein	_	_	_	
8-8	1471-1473	es	_	_	_	
8-9	1474-1477	iſt	_	_	_	
8-10	1478-1482	auch	_	_	_	
8-11	1483-1488	uͤber	_	_	_	
8-12	1489-1493	alle	_	_	_	
8-13	1494-1500	maſſen	_	_	_	
8-14	1501-1511	ſchaͤdlich	_	_	_	
8-15	1511-1512	,	_	_	_	
8-16	1513-1517	wenn	_	_	_	
8-17	1518-1520	es	_	_	_	
8-18	1521-1525	noch	_	_	_	
8-19	1526-1532	friſch	_	_	_	
8-20	1533-1536	iſt	_	_	_	
8-21	1536-1537	,	_	_	_	
8-22	1538-1546	ſchmeckt	_	_	_	
8-23	1547-1558	unangenehme	_	_	_	
8-24	1558-1559	,	_	_	_	
8-25	1560-1563	und	_	_	_	
8-26	1564-1569	macht	_	_	_	
8-27	1569-1570	,	_	_	_	
8-28	1571-1574	daß	_	_	_	
8-29	1575-1579	ſich	_	_	_	
8-30	1580-1590	diejenigen	_	_	_	
8-31	1590-1591	,	_	_	_	
8-32	1592-1595	die	_	_	_	
8-33	1596-1598	es	_	_	_	
8-34	1599-1609	gebrauchen	_	_	_	
8-35	1609-1610	,	_	_	_	
8-36	1611-1614	von	_	_	_	
8-37	1615-1620	Stund	_	_	_	
8-38	1621-1623	an	_	_	_	
8-39	1624-1633	erbrechen	_	_	_	
8-40	1634-1641	muͤſſen	_	_	_	
8-41	1641-1642	:	_	_	_	
8-42	1643-1645	ie	_	_	_	
8-43	1646-1652	aͤlter	_	_	_	
8-44	1653-1655	es	_	_	_	
8-45	1656-1660	aber	_	_	_	
8-46	1661-1665	wird	_	_	_	
8-47	1665-1666	,	_	_	_	
8-48	1667-1669	ie	_	_	_	
8-49	1670-1676	beſſer	_	_	_	
8-50	1677-1681	wird	_	_	_	
8-51	1682-1684	es	_	_	_	
8-52	1684-1685	,	_	_	_	
8-53	1686-1689	und	_	_	_	
8-54	1690-1694	nach	_	_	_	
8-55	1695-1703	Verlauff	_	_	_	
8-56	1704-1710	zweyer	_	_	_	
8-57	1711-1717	Jahren	_	_	_	
8-58	1718-1726	uͤberaus	_	_	_	
8-59	1727-1730	gut	_	_	_	
8-60	1730-1731	.	_	_	_	
