{"_context" : {
    "_types" : {
      "DocumentMetaData" : {
        "_feature_types" : {"sofa" : "_ref" } }, 
      "Relation" : {
        "_feature_types" : {"sofa" : "_ref",  "Dependent" : "_ref",  "Governor" : "_ref" } }, 
      "Sentence" : {
        "_feature_types" : {"sofa" : "_ref" } }, 
      "Sofa" : {
        "_feature_types" : {"sofaArray" : "_ref" } }, 
      "Span" : {
        "_feature_types" : {"sofa" : "_ref" } }, 
      "TagsetDescription" : {
        "_feature_types" : {"sofa" : "_ref",  "tags" : "_ref" } }, 
      "Token" : {
        "_feature_types" : {"sofa" : "_ref",  "parent" : "_ref",  "lemma" : "_ref",  "stem" : "_ref",  "pos" : "_ref",  "morph" : "_ref",  "form" : "_ref" } }, 
      "DocumentAnnotation" : {
        "_feature_types" : {"sofa" : "_ref" }, 
        "_subtypes" : ["DocumentMetaData" ] }, 
      "Annotation" : {
        "_feature_types" : {"sofa" : "_ref" }, 
        "_subtypes" : ["DocumentAnnotation",  "Relation",  "Sentence",  "Span",  "TagsetDescription",  "Token" ] }, 
      "AnnotationBase" : {
        "_feature_types" : {"sofa" : "_ref" }, 
        "_subtypes" : ["Annotation" ] }, 
      "TOP" : {
        "_subtypes" : ["AnnotationBase",  "Sofa" ] } } }, 
  "_views" : {
    "_InitialView" : {
      "Relation" : [
        {"sofa" : 1,  "begin" : 355,  "end" : 358,  "Dependent" : 4407,  "Governor" : 4412,  "label" : "Anaphoric" }, 
        {"sofa" : 1,  "begin" : 369,  "end" : 373,  "Dependent" : 4402,  "Governor" : 4407 }, 
        {"sofa" : 1,  "begin" : 741,  "end" : 746,  "Dependent" : 4431,  "Governor" : 4436 }, 
        {"sofa" : 1,  "begin" : 836,  "end" : 841,  "Dependent" : 4448,  "Governor" : 4458 }, 
        {"sofa" : 1,  "begin" : 836,  "end" : 841,  "Dependent" : 4448,  "Governor" : 4453 }, 
        {"sofa" : 1,  "begin" : 1606,  "end" : 1611,  "Dependent" : 4511,  "Governor" : 4516,  "label" : "Anaphoric" }, 
        {"sofa" : 1,  "begin" : 1649,  "end" : 1653,  "Dependent" : 4492,  "Governor" : 4487 }, 
        {"sofa" : 1,  "begin" : 1649,  "end" : 1653,  "Dependent" : 4492,  "Governor" : 4482 }, 
        {"sofa" : 1,  "begin" : 1649,  "end" : 1653,  "Dependent" : 4492,  "Governor" : 4511 }, 
        {"sofa" : 1,  "begin" : 1691,  "end" : 1696,  "Dependent" : 4540,  "Governor" : 4535 }, 
        {"sofa" : 1,  "begin" : 1691,  "end" : 1696,  "Dependent" : 4540,  "Governor" : 4552 }, 
        {"sofa" : 1,  "begin" : 1691,  "end" : 1696,  "Dependent" : 4540,  "Governor" : 4564 }, 
        {"sofa" : 1,  "begin" : 1775,  "end" : 1780,  "Dependent" : 4576,  "Governor" : 4552,  "label" : "Anaphoric" }, 
        {"sofa" : 1,  "begin" : 1865,  "end" : 1870,  "Dependent" : 4598,  "Governor" : 4603 }, 
        {"sofa" : 1,  "begin" : 1865,  "end" : 1870,  "Dependent" : 4598,  "Governor" : 4593 }, 
        {"sofa" : 1,  "begin" : 1865,  "end" : 1870,  "Dependent" : 4598,  "Governor" : 4588 }, 
        {"sofa" : 1,  "begin" : 1865,  "end" : 1870,  "Dependent" : 4598,  "Governor" : 4576 } ], 
      "Span" : [4412,  4407,  4402,  4436,  4431,  4458,  4453,  4448,  4516,  4511,  4482,  4487,  4492,  4535,  4540,  4552,  4564,  4576,  4588,  4593,  4598,  4603 ], 
      "DocumentMetaData" : [
        {"sofa" : 1,  "end" : 1962,  "language" : "x-unspecified",  "documentTitle" : "083E%20Estelle%20D%20Buchanan%201913%20Household%20bacteriology__75_distribution_HOUS.txt",  "documentId" : "teresa",  "documentUri" : "file:/home/dhuser/alessio/inception/repository/project/29/document/10789/source/teresa",  "collectionId" : "file:/home/dhuser/alessio/inception/repository/project/29/document/10789/source/",  "documentBaseUri" : "file:/home/dhuser/alessio/inception/repository/project/29/document/10789/source/",  "isLastSegment" : false } ], 
      "TagsetDescription" : [
        {"sofa" : 1,  "layer" : "webanno.custom.Emotions",  "name" : "Emotion Labels",  "input" : false }, 
        {"sofa" : 1,  "layer" : "custom.Relation",  "name" : "Relation labels",  "input" : false }, 
        {"sofa" : 1,  "layer" : "custom.Span",  "name" : "Smell labels",  "input" : false } ], 
      "Sentence" : [
        {"sofa" : 1,  "end" : 103 }, 
        {"sofa" : 1,  "begin" : 104,  "end" : 254 }, 
        {"sofa" : 1,  "begin" : 256,  "end" : 455 }, 
        {"sofa" : 1,  "begin" : 456,  "end" : 625 }, 
        {"sofa" : 1,  "begin" : 627,  "end" : 688 }, 
        {"sofa" : 1,  "begin" : 689,  "end" : 790 }, 
        {"sofa" : 1,  "begin" : 792,  "end" : 1052 }, 
        {"sofa" : 1,  "begin" : 1053,  "end" : 1126 }, 
        {"sofa" : 1,  "begin" : 1128,  "end" : 1229 }, 
        {"sofa" : 1,  "begin" : 1230,  "end" : 1383 }, 
        {"sofa" : 1,  "begin" : 1384,  "end" : 1467 }, 
        {"sofa" : 1,  "begin" : 1468,  "end" : 1605 }, 
        {"sofa" : 1,  "begin" : 1606,  "end" : 1654 }, 
        {"sofa" : 1,  "begin" : 1656,  "end" : 1774 }, 
        {"sofa" : 1,  "begin" : 1775,  "end" : 1899 }, 
        {"sofa" : 1,  "begin" : 1900,  "end" : 1961 } ], 
      "Token" : [
        {"sofa" : 1,  "end" : 3 }, 
        {"sofa" : 1,  "begin" : 4,  "end" : 13 }, 
        {"sofa" : 1,  "begin" : 14,  "end" : 20 }, 
        {"sofa" : 1,  "begin" : 21,  "end" : 23 }, 
        {"sofa" : 1,  "begin" : 24,  "end" : 31 }, 
        {"sofa" : 1,  "begin" : 32,  "end" : 38 }, 
        {"sofa" : 1,  "begin" : 39,  "end" : 42 }, 
        {"sofa" : 1,  "begin" : 43,  "end" : 45 }, 
        {"sofa" : 1,  "begin" : 46,  "end" : 54 }, 
        {"sofa" : 1,  "begin" : 55,  "end" : 65 }, 
        {"sofa" : 1,  "begin" : 66,  "end" : 70 }, 
        {"sofa" : 1,  "begin" : 71,  "end" : 78 }, 
        {"sofa" : 1,  "begin" : 79,  "end" : 87 }, 
        {"sofa" : 1,  "begin" : 88,  "end" : 94 }, 
        {"sofa" : 1,  "begin" : 95,  "end" : 97 }, 
        {"sofa" : 1,  "begin" : 98,  "end" : 102 }, 
        {"sofa" : 1,  "begin" : 102,  "end" : 103 }, 
        {"sofa" : 1,  "begin" : 104,  "end" : 108 }, 
        {"sofa" : 1,  "begin" : 109,  "end" : 116 }, 
        {"sofa" : 1,  "begin" : 117,  "end" : 128 }, 
        {"sofa" : 1,  "begin" : 129,  "end" : 138 }, 
        {"sofa" : 1,  "begin" : 139,  "end" : 143 }, 
        {"sofa" : 1,  "begin" : 144,  "end" : 146 }, 
        {"sofa" : 1,  "begin" : 147,  "end" : 153 }, 
        {"sofa" : 1,  "begin" : 154,  "end" : 158 }, 
        {"sofa" : 1,  "begin" : 159,  "end" : 161 }, 
        {"sofa" : 1,  "begin" : 162,  "end" : 168 }, 
        {"sofa" : 1,  "begin" : 169,  "end" : 173 }, 
        {"sofa" : 1,  "begin" : 174,  "end" : 181 }, 
        {"sofa" : 1,  "begin" : 182,  "end" : 185 }, 
        {"sofa" : 1,  "begin" : 186,  "end" : 194 }, 
        {"sofa" : 1,  "begin" : 195,  "end" : 199 }, 
        {"sofa" : 1,  "begin" : 200,  "end" : 204 }, 
        {"sofa" : 1,  "begin" : 205,  "end" : 208 }, 
        {"sofa" : 1,  "begin" : 209,  "end" : 214 }, 
        {"sofa" : 1,  "begin" : 215,  "end" : 217 }, 
        {"sofa" : 1,  "begin" : 218,  "end" : 227 }, 
        {"sofa" : 1,  "begin" : 228,  "end" : 230 }, 
        {"sofa" : 1,  "begin" : 231,  "end" : 241 }, 
        {"sofa" : 1,  "begin" : 241,  "end" : 242 }, 
        {"sofa" : 1,  "begin" : 243,  "end" : 245 }, 
        {"sofa" : 1,  "begin" : 246,  "end" : 253 }, 
        {"sofa" : 1,  "begin" : 253,  "end" : 254 }, 
        {"sofa" : 1,  "begin" : 256,  "end" : 261 }, 
        {"sofa" : 1,  "begin" : 262,  "end" : 271 }, 
        {"sofa" : 1,  "begin" : 272,  "end" : 280 }, 
        {"sofa" : 1,  "begin" : 281,  "end" : 284 }, 
        {"sofa" : 1,  "begin" : 285,  "end" : 294 }, 
        {"sofa" : 1,  "begin" : 295,  "end" : 299 }, 
        {"sofa" : 1,  "begin" : 300,  "end" : 303 }, 
        {"sofa" : 1,  "begin" : 304,  "end" : 316 }, 
        {"sofa" : 1,  "begin" : 317,  "end" : 319 }, 
        {"sofa" : 1,  "begin" : 320,  "end" : 324 }, 
        {"sofa" : 1,  "begin" : 324,  "end" : 325 }, 
        {"sofa" : 1,  "begin" : 326,  "end" : 328 }, 
        {"sofa" : 1,  "begin" : 329,  "end" : 337 }, 
        {"sofa" : 1,  "begin" : 338,  "end" : 341 }, 
        {"sofa" : 1,  "begin" : 342,  "end" : 353 }, 
        {"sofa" : 1,  "begin" : 353,  "end" : 354 }, 
        {"sofa" : 1,  "begin" : 355,  "end" : 358 }, 
        {"sofa" : 1,  "begin" : 359,  "end" : 365 }, 
        {"sofa" : 1,  "begin" : 366,  "end" : 368 }, 
        {"sofa" : 1,  "begin" : 369,  "end" : 373 }, 
        {"sofa" : 1,  "begin" : 373,  "end" : 374 }, 
        {"sofa" : 1,  "begin" : 375,  "end" : 377 }, 
        {"sofa" : 1,  "begin" : 378,  "end" : 382 }, 
        {"sofa" : 1,  "begin" : 383,  "end" : 385 }, 
        {"sofa" : 1,  "begin" : 386,  "end" : 395 }, 
        {"sofa" : 1,  "begin" : 396,  "end" : 404 }, 
        {"sofa" : 1,  "begin" : 405,  "end" : 414 }, 
        {"sofa" : 1,  "begin" : 415,  "end" : 428 }, 
        {"sofa" : 1,  "begin" : 429,  "end" : 437 }, 
        {"sofa" : 1,  "begin" : 438,  "end" : 444 }, 
        {"sofa" : 1,  "begin" : 445,  "end" : 454 }, 
        {"sofa" : 1,  "begin" : 454,  "end" : 455 }, 
        {"sofa" : 1,  "begin" : 456,  "end" : 459 }, 
        {"sofa" : 1,  "begin" : 460,  "end" : 467 }, 
        {"sofa" : 1,  "begin" : 468,  "end" : 470 }, 
        {"sofa" : 1,  "begin" : 471,  "end" : 482 }, 
        {"sofa" : 1,  "begin" : 483,  "end" : 486 }, 
        {"sofa" : 1,  "begin" : 487,  "end" : 489 }, 
        {"sofa" : 1,  "begin" : 490,  "end" : 501 }, 
        {"sofa" : 1,  "begin" : 502,  "end" : 512 }, 
        {"sofa" : 1,  "begin" : 513,  "end" : 517 }, 
        {"sofa" : 1,  "begin" : 518,  "end" : 525 }, 
        {"sofa" : 1,  "begin" : 526,  "end" : 530 }, 
        {"sofa" : 1,  "begin" : 531,  "end" : 539 }, 
        {"sofa" : 1,  "begin" : 539,  "end" : 540 }, 
        {"sofa" : 1,  "begin" : 541,  "end" : 545 }, 
        {"sofa" : 1,  "begin" : 546,  "end" : 548 }, 
        {"sofa" : 1,  "begin" : 549,  "end" : 555 }, 
        {"sofa" : 1,  "begin" : 555,  "end" : 556 }, 
        {"sofa" : 1,  "begin" : 557,  "end" : 560 }, 
        {"sofa" : 1,  "begin" : 561,  "end" : 565 }, 
        {"sofa" : 1,  "begin" : 566,  "end" : 568 }, 
        {"sofa" : 1,  "begin" : 569,  "end" : 578 }, 
        {"sofa" : 1,  "begin" : 579,  "end" : 584 }, 
        {"sofa" : 1,  "begin" : 585,  "end" : 588 }, 
        {"sofa" : 1,  "begin" : 589,  "end" : 596 }, 
        {"sofa" : 1,  "begin" : 598,  "end" : 602 }, 
        {"sofa" : 1,  "begin" : 603,  "end" : 605 }, 
        {"sofa" : 1,  "begin" : 606,  "end" : 614 }, 
        {"sofa" : 1,  "begin" : 615,  "end" : 624 }, 
        {"sofa" : 1,  "begin" : 624,  "end" : 625 }, 
        {"sofa" : 1,  "begin" : 627,  "end" : 630 }, 
        {"sofa" : 1,  "begin" : 631,  "end" : 635 }, 
        {"sofa" : 1,  "begin" : 636,  "end" : 639 }, 
        {"sofa" : 1,  "begin" : 640,  "end" : 642 }, 
        {"sofa" : 1,  "begin" : 643,  "end" : 647 }, 
        {"sofa" : 1,  "begin" : 648,  "end" : 650 }, 
        {"sofa" : 1,  "begin" : 651,  "end" : 654 }, 
        {"sofa" : 1,  "begin" : 655,  "end" : 666 }, 
        {"sofa" : 1,  "begin" : 667,  "end" : 669 }, 
        {"sofa" : 1,  "begin" : 670,  "end" : 679 }, 
        {"sofa" : 1,  "begin" : 680,  "end" : 687 }, 
        {"sofa" : 1,  "begin" : 687,  "end" : 688 }, 
        {"sofa" : 1,  "begin" : 689,  "end" : 696 }, 
        {"sofa" : 1,  "begin" : 696,  "end" : 697 }, 
        {"sofa" : 1,  "begin" : 698,  "end" : 701 }, 
        {"sofa" : 1,  "begin" : 702,  "end" : 713 }, 
        {"sofa" : 1,  "begin" : 714,  "end" : 716 }, 
        {"sofa" : 1,  "begin" : 717,  "end" : 728 }, 
        {"sofa" : 1,  "begin" : 729,  "end" : 736 }, 
        {"sofa" : 1,  "begin" : 737,  "end" : 740 }, 
        {"sofa" : 1,  "begin" : 741,  "end" : 746 }, 
        {"sofa" : 1,  "begin" : 747,  "end" : 750 }, 
        {"sofa" : 1,  "begin" : 751,  "end" : 753 }, 
        {"sofa" : 1,  "begin" : 754,  "end" : 763 }, 
        {"sofa" : 1,  "begin" : 764,  "end" : 769 }, 
        {"sofa" : 1,  "begin" : 770,  "end" : 773 }, 
        {"sofa" : 1,  "begin" : 774,  "end" : 779 }, 
        {"sofa" : 1,  "begin" : 780,  "end" : 789 }, 
        {"sofa" : 1,  "begin" : 789,  "end" : 790 }, 
        {"sofa" : 1,  "begin" : 792,  "end" : 804 }, 
        {"sofa" : 1,  "begin" : 805,  "end" : 815 }, 
        {"sofa" : 1,  "begin" : 816,  "end" : 822 }, 
        {"sofa" : 1,  "begin" : 823,  "end" : 835 }, 
        {"sofa" : 1,  "begin" : 836,  "end" : 841 }, 
        {"sofa" : 1,  "begin" : 842,  "end" : 845 }, 
        {"sofa" : 1,  "begin" : 846,  "end" : 853 }, 
        {"sofa" : 1,  "begin" : 853,  "end" : 854 }, 
        {"sofa" : 1,  "begin" : 855,  "end" : 856 }, 
        {"sofa" : 1,  "begin" : 857,  "end" : 858 }, 
        {"sofa" : 1,  "begin" : 859,  "end" : 867 }, 
        {"sofa" : 1,  "begin" : 868,  "end" : 878 }, 
        {"sofa" : 1,  "begin" : 879,  "end" : 881 }, 
        {"sofa" : 1,  "begin" : 882,  "end" : 885 }, 
        {"sofa" : 1,  "begin" : 886,  "end" : 895 }, 
        {"sofa" : 1,  "begin" : 896,  "end" : 903 }, 
        {"sofa" : 1,  "begin" : 904,  "end" : 906 }, 
        {"sofa" : 1,  "begin" : 907,  "end" : 916 }, 
        {"sofa" : 1,  "begin" : 917,  "end" : 920 }, 
        {"sofa" : 1,  "begin" : 921,  "end" : 927 }, 
        {"sofa" : 1,  "begin" : 928,  "end" : 930 }, 
        {"sofa" : 1,  "begin" : 931,  "end" : 936 }, 
        {"sofa" : 1,  "begin" : 937,  "end" : 941 }, 
        {"sofa" : 1,  "begin" : 942,  "end" : 945 }, 
        {"sofa" : 1,  "begin" : 946,  "end" : 948 }, 
        {"sofa" : 1,  "begin" : 949,  "end" : 955 }, 
        {"sofa" : 1,  "begin" : 956,  "end" : 958 }, 
        {"sofa" : 1,  "begin" : 959,  "end" : 970 }, 
        {"sofa" : 1,  "begin" : 971,  "end" : 975 }, 
        {"sofa" : 1,  "begin" : 976,  "end" : 981 }, 
        {"sofa" : 1,  "begin" : 982,  "end" : 989 }, 
        {"sofa" : 1,  "begin" : 990,  "end" : 991 }, 
        {"sofa" : 1,  "begin" : 992,  "end" : 1002 }, 
        {"sofa" : 1,  "begin" : 1003,  "end" : 1005 }, 
        {"sofa" : 1,  "begin" : 1006,  "end" : 1017 }, 
        {"sofa" : 1,  "begin" : 1018,  "end" : 1021 }, 
        {"sofa" : 1,  "begin" : 1022,  "end" : 1035 }, 
        {"sofa" : 1,  "begin" : 1036,  "end" : 1044 }, 
        {"sofa" : 1,  "begin" : 1045,  "end" : 1051 }, 
        {"sofa" : 1,  "begin" : 1051,  "end" : 1052 }, 
        {"sofa" : 1,  "begin" : 1053,  "end" : 1054 }, 
        {"sofa" : 1,  "begin" : 1055,  "end" : 1058 }, 
        {"sofa" : 1,  "begin" : 1059,  "end" : 1070 }, 
        {"sofa" : 1,  "begin" : 1071,  "end" : 1079 }, 
        {"sofa" : 1,  "begin" : 1080,  "end" : 1085 }, 
        {"sofa" : 1,  "begin" : 1086,  "end" : 1091 }, 
        {"sofa" : 1,  "begin" : 1092,  "end" : 1096 }, 
        {"sofa" : 1,  "begin" : 1097,  "end" : 1105 }, 
        {"sofa" : 1,  "begin" : 1106,  "end" : 1111 }, 
        {"sofa" : 1,  "begin" : 1112,  "end" : 1116 }, 
        {"sofa" : 1,  "begin" : 1117,  "end" : 1119 }, 
        {"sofa" : 1,  "begin" : 1120,  "end" : 1125 }, 
        {"sofa" : 1,  "begin" : 1125,  "end" : 1126 }, 
        {"sofa" : 1,  "begin" : 1128,  "end" : 1135 }, 
        {"sofa" : 1,  "begin" : 1136,  "end" : 1140 }, 
        {"sofa" : 1,  "begin" : 1141,  "end" : 1142 }, 
        {"sofa" : 1,  "begin" : 1142,  "end" : 1150 }, 
        {"sofa" : 1,  "begin" : 1150,  "end" : 1151 }, 
        {"sofa" : 1,  "begin" : 1152,  "end" : 1155 }, 
        {"sofa" : 1,  "begin" : 1156,  "end" : 1162 }, 
        {"sofa" : 1,  "begin" : 1163,  "end" : 1167 }, 
        {"sofa" : 1,  "begin" : 1168,  "end" : 1169 }, 
        {"sofa" : 1,  "begin" : 1169,  "end" : 1176 }, 
        {"sofa" : 1,  "begin" : 1176,  "end" : 1177 }, 
        {"sofa" : 1,  "begin" : 1178,  "end" : 1181 }, 
        {"sofa" : 1,  "begin" : 1182,  "end" : 1185 }, 
        {"sofa" : 1,  "begin" : 1186,  "end" : 1196 }, 
        {"sofa" : 1,  "begin" : 1197,  "end" : 1203 }, 
        {"sofa" : 1,  "begin" : 1204,  "end" : 1206 }, 
        {"sofa" : 1,  "begin" : 1207,  "end" : 1214 }, 
        {"sofa" : 1,  "begin" : 1215,  "end" : 1228 }, 
        {"sofa" : 1,  "begin" : 1228,  "end" : 1229 }, 
        {"sofa" : 1,  "begin" : 1230,  "end" : 1232 }, 
        {"sofa" : 1,  "begin" : 1233,  "end" : 1236 }, 
        {"sofa" : 1,  "begin" : 1237,  "end" : 1249 }, 
        {"sofa" : 1,  "begin" : 1250,  "end" : 1252 }, 
        {"sofa" : 1,  "begin" : 1253,  "end" : 1257 }, 
        {"sofa" : 1,  "begin" : 1258,  "end" : 1263 }, 
        {"sofa" : 1,  "begin" : 1264,  "end" : 1266 }, 
        {"sofa" : 1,  "begin" : 1267,  "end" : 1272 }, 
        {"sofa" : 1,  "begin" : 1272,  "end" : 1273 }, 
        {"sofa" : 1,  "begin" : 1274,  "end" : 1276 }, 
        {"sofa" : 1,  "begin" : 1277,  "end" : 1279 }, 
        {"sofa" : 1,  "begin" : 1280,  "end" : 1288 }, 
        {"sofa" : 1,  "begin" : 1289,  "end" : 1293 }, 
        {"sofa" : 1,  "begin" : 1294,  "end" : 1299 }, 
        {"sofa" : 1,  "begin" : 1300,  "end" : 1303 }, 
        {"sofa" : 1,  "begin" : 1304,  "end" : 1313 }, 
        {"sofa" : 1,  "begin" : 1314,  "end" : 1318 }, 
        {"sofa" : 1,  "begin" : 1319,  "end" : 1322 }, 
        {"sofa" : 1,  "begin" : 1323,  "end" : 1327 }, 
        {"sofa" : 1,  "begin" : 1328,  "end" : 1330 }, 
        {"sofa" : 1,  "begin" : 1331,  "end" : 1344 }, 
        {"sofa" : 1,  "begin" : 1345,  "end" : 1352 }, 
        {"sofa" : 1,  "begin" : 1353,  "end" : 1359 }, 
        {"sofa" : 1,  "begin" : 1360,  "end" : 1364 }, 
        {"sofa" : 1,  "begin" : 1365,  "end" : 1369 }, 
        {"sofa" : 1,  "begin" : 1370,  "end" : 1373 }, 
        {"sofa" : 1,  "begin" : 1374,  "end" : 1382 }, 
        {"sofa" : 1,  "begin" : 1382,  "end" : 1383 }, 
        {"sofa" : 1,  "begin" : 1384,  "end" : 1388 }, 
        {"sofa" : 1,  "begin" : 1389,  "end" : 1401 }, 
        {"sofa" : 1,  "begin" : 1402,  "end" : 1410 }, 
        {"sofa" : 1,  "begin" : 1410,  "end" : 1411 }, 
        {"sofa" : 1,  "begin" : 1412,  "end" : 1419 }, 
        {"sofa" : 1,  "begin" : 1419,  "end" : 1420 }, 
        {"sofa" : 1,  "begin" : 1421,  "end" : 1423 }, 
        {"sofa" : 1,  "begin" : 1424,  "end" : 1428 }, 
        {"sofa" : 1,  "begin" : 1429,  "end" : 1436 }, 
        {"sofa" : 1,  "begin" : 1437,  "end" : 1441 }, 
        {"sofa" : 1,  "begin" : 1442,  "end" : 1446 }, 
        {"sofa" : 1,  "begin" : 1447,  "end" : 1450 }, 
        {"sofa" : 1,  "begin" : 1451,  "end" : 1457 }, 
        {"sofa" : 1,  "begin" : 1458,  "end" : 1466 }, 
        {"sofa" : 1,  "begin" : 1466,  "end" : 1467 }, 
        {"sofa" : 1,  "begin" : 1468,  "end" : 1473 }, 
        {"sofa" : 1,  "begin" : 1475,  "end" : 1478 }, 
        {"sofa" : 1,  "begin" : 1479,  "end" : 1485 }, 
        {"sofa" : 1,  "begin" : 1486,  "end" : 1491 }, 
        {"sofa" : 1,  "begin" : 1492,  "end" : 1494 }, 
        {"sofa" : 1,  "begin" : 1495,  "end" : 1501 }, 
        {"sofa" : 1,  "begin" : 1502,  "end" : 1505 }, 
        {"sofa" : 1,  "begin" : 1506,  "end" : 1514 }, 
        {"sofa" : 1,  "begin" : 1515,  "end" : 1521 }, 
        {"sofa" : 1,  "begin" : 1522,  "end" : 1526 }, 
        {"sofa" : 1,  "begin" : 1527,  "end" : 1533 }, 
        {"sofa" : 1,  "begin" : 1534,  "end" : 1542 }, 
        {"sofa" : 1,  "begin" : 1543,  "end" : 1545 }, 
        {"sofa" : 1,  "begin" : 1546,  "end" : 1554 }, 
        {"sofa" : 1,  "begin" : 1555,  "end" : 1557 }, 
        {"sofa" : 1,  "begin" : 1558,  "end" : 1561 }, 
        {"sofa" : 1,  "begin" : 1562,  "end" : 1569 }, 
        {"sofa" : 1,  "begin" : 1570,  "end" : 1572 }, 
        {"sofa" : 1,  "begin" : 1573,  "end" : 1586 }, 
        {"sofa" : 1,  "begin" : 1587,  "end" : 1589 }, 
        {"sofa" : 1,  "begin" : 1590,  "end" : 1594 }, 
        {"sofa" : 1,  "begin" : 1595,  "end" : 1604 }, 
        {"sofa" : 1,  "begin" : 1604,  "end" : 1605 }, 
        {"sofa" : 1,  "begin" : 1606,  "end" : 1611 }, 
        {"sofa" : 1,  "begin" : 1612,  "end" : 1616 }, 
        {"sofa" : 1,  "begin" : 1617,  "end" : 1619 }, 
        {"sofa" : 1,  "begin" : 1620,  "end" : 1629 }, 
        {"sofa" : 1,  "begin" : 1630,  "end" : 1642 }, 
        {"sofa" : 1,  "begin" : 1643,  "end" : 1648 }, 
        {"sofa" : 1,  "begin" : 1649,  "end" : 1653 }, 
        {"sofa" : 1,  "begin" : 1653,  "end" : 1654 }, 
        {"sofa" : 1,  "begin" : 1656,  "end" : 1661 }, 
        {"sofa" : 1,  "begin" : 1662,  "end" : 1665 }, 
        {"sofa" : 1,  "begin" : 1666,  "end" : 1670 }, 
        {"sofa" : 1,  "begin" : 1671,  "end" : 1683 }, 
        {"sofa" : 1,  "begin" : 1684,  "end" : 1686 }, 
        {"sofa" : 1,  "begin" : 1687,  "end" : 1690 }, 
        {"sofa" : 1,  "begin" : 1691,  "end" : 1696 }, 
        {"sofa" : 1,  "begin" : 1697,  "end" : 1706 }, 
        {"sofa" : 1,  "begin" : 1707,  "end" : 1709 }, 
        {"sofa" : 1,  "begin" : 1710,  "end" : 1714 }, 
        {"sofa" : 1,  "begin" : 1715,  "end" : 1719 }, 
        {"sofa" : 1,  "begin" : 1720,  "end" : 1723 }, 
        {"sofa" : 1,  "begin" : 1724,  "end" : 1734 }, 
        {"sofa" : 1,  "begin" : 1734,  "end" : 1735 }, 
        {"sofa" : 1,  "begin" : 1736,  "end" : 1748 }, 
        {"sofa" : 1,  "begin" : 1749,  "end" : 1755 }, 
        {"sofa" : 1,  "begin" : 1756,  "end" : 1765 }, 
        {"sofa" : 1,  "begin" : 1766,  "end" : 1767 }, 
        {"sofa" : 1,  "begin" : 1767,  "end" : 1772 }, 
        {"sofa" : 1,  "begin" : 1772,  "end" : 1773 }, 
        {"sofa" : 1,  "begin" : 1773,  "end" : 1774 }, 
        {"sofa" : 1,  "begin" : 1775,  "end" : 1780 }, 
        {"sofa" : 1,  "begin" : 1781,  "end" : 1784 }, 
        {"sofa" : 1,  "begin" : 1785,  "end" : 1792 }, 
        {"sofa" : 1,  "begin" : 1793,  "end" : 1800 }, 
        {"sofa" : 1,  "begin" : 1801,  "end" : 1810 }, 
        {"sofa" : 1,  "begin" : 1811,  "end" : 1821 }, 
        {"sofa" : 1,  "begin" : 1822,  "end" : 1829 }, 
        {"sofa" : 1,  "begin" : 1830,  "end" : 1833 }, 
        {"sofa" : 1,  "begin" : 1834,  "end" : 1837 }, 
        {"sofa" : 1,  "begin" : 1838,  "end" : 1844 }, 
        {"sofa" : 1,  "begin" : 1845,  "end" : 1851 }, 
        {"sofa" : 1,  "begin" : 1852,  "end" : 1854 }, 
        {"sofa" : 1,  "begin" : 1855,  "end" : 1858 }, 
        {"sofa" : 1,  "begin" : 1859,  "end" : 1864 }, 
        {"sofa" : 1,  "begin" : 1865,  "end" : 1870 }, 
        {"sofa" : 1,  "begin" : 1871,  "end" : 1880 }, 
        {"sofa" : 1,  "begin" : 1881,  "end" : 1885 }, 
        {"sofa" : 1,  "begin" : 1886,  "end" : 1898 }, 
        {"sofa" : 1,  "begin" : 1898,  "end" : 1899 }, 
        {"sofa" : 1,  "begin" : 1900,  "end" : 1908 }, 
        {"sofa" : 1,  "begin" : 1909,  "end" : 1917 }, 
        {"sofa" : 1,  "begin" : 1918,  "end" : 1920 }, 
        {"sofa" : 1,  "begin" : 1921,  "end" : 1925 }, 
        {"sofa" : 1,  "begin" : 1926,  "end" : 1934 }, 
        {"sofa" : 1,  "begin" : 1935,  "end" : 1941 }, 
        {"sofa" : 1,  "begin" : 1941,  "end" : 1942 }, 
        {"sofa" : 1,  "begin" : 1943,  "end" : 1945 }, 
        {"sofa" : 1,  "begin" : 1946,  "end" : 1948 }, 
        {"sofa" : 1,  "begin" : 1949,  "end" : 1955 }, 
        {"sofa" : 1,  "begin" : 1956,  "end" : 1960 }, 
        {"sofa" : 1,  "begin" : 1960,  "end" : 1961 } ] } }, 
  "_referenced_fss" : {
    "1" : {"_type" : "Sofa",  "sofaNum" : 1,  "sofaID" : "_InitialView",  "mimeType" : "text",  "sofaString" : "The organisms acting on protein matter aie of economic\nimfwrtance from several distinct points of view. That organic\nnitrogenous compounds must be broken down in nature\ninto ammonia and nitrates that they may serve as nutrients\nto vegetation, is evident. \nThese organisms likewise may interfere with the preservation of food, by changing its consistency,\nits flavor or odor, or even by producing definite poisonous decomposition products termed ptomaines. The changes in\nconsistency are of jiarticular importance with certain food products, such as cheese, and will be discussed under the general\n\nhead of ripening processes.  The same may be said of the development of desirable flavors. However, the development of\nundesirable flavors and odors and of ptomaines calls for brief\ndisussion.\n\nPutrefactive Substances having Disagreeable Odors and\nFlavors. — A complete discussion of the compounds capable of\naffecting the flavor or aroma that may be formed in nitrogenous\nfood would include a discussion of practically all decomposition\nproducts formed. A few distinctive products among those\nmost commonly found will be noted.\n\nButyric acid (C3H7COOH) and acetic acid (CH3COOH) are\nnot uncommonly formed in protein decomposition. In the\nputrefaction of such foods as meats, it is possible that these may\noriginate from the fats or carbohydrates present rather than\nfrom the proteins. Some putrefactive bacteria, however, do\nform butyric acid from the native proteins. Indol  and methyl indol or skatol are commonly formed from native proteins\nor peptones in the absence of carbohydrates by many organisms.\nThese have an intensely disagreeable fecal odor.\n\nAmong the most disagreeable of the odors developed is that\nfrom the mercaptans, particularly methyl mercaptan (CH3SH).\nThese and certain related compounds containing sulphur are\nthe common causes of the worst odors attendant upon putrefaction. Hydrogen sulphide is also commonly formed, as in\nrotten eggs.\n" }, 
    "4407" : {"_type" : "Span",  "sofa" : 1,  "begin" : 355,  "end" : 358,  "label" : "Smell_Source" }, 
    "4412" : {"_type" : "Span",  "sofa" : 1,  "begin" : 109,  "end" : 138,  "label" : "Smell_Source" }, 
    "4402" : {"_type" : "Span",  "sofa" : 1,  "begin" : 369,  "end" : 373,  "label" : "Smell_Word" }, 
    "4431" : {"_type" : "Span",  "sofa" : 1,  "begin" : 741,  "end" : 746,  "label" : "Smell_Word" }, 
    "4436" : {"_type" : "Span",  "sofa" : 1,  "begin" : 717,  "end" : 728,  "label" : "Quality" }, 
    "4448" : {"_type" : "Span",  "sofa" : 1,  "begin" : 836,  "end" : 841,  "label" : "Smell_Word" }, 
    "4458" : {"_type" : "Span",  "sofa" : 1,  "begin" : 792,  "end" : 815,  "label" : "Smell_Source" }, 
    "4453" : {"_type" : "Span",  "sofa" : 1,  "begin" : 823,  "end" : 835,  "label" : "Quality" }, 
    "4511" : {"_type" : "Span",  "sofa" : 1,  "begin" : 1606,  "end" : 1611,  "label" : "Smell_Source" }, 
    "4516" : {"_type" : "Span",  "sofa" : 1,  "begin" : 1468,  "end" : 1501,  "label" : "Smell_Source" }, 
    "4492" : {"_type" : "Span",  "sofa" : 1,  "begin" : 1649,  "end" : 1653,  "label" : "Smell_Word" }, 
    "4487" : {"_type" : "Span",  "sofa" : 1,  "begin" : 1643,  "end" : 1648,  "label" : "Quality" }, 
    "4482" : {"_type" : "Span",  "sofa" : 1,  "begin" : 1620,  "end" : 1642,  "label" : "Quality" }, 
    "4540" : {"_type" : "Span",  "sofa" : 1,  "begin" : 1691,  "end" : 1696,  "label" : "Smell_Word" }, 
    "4535" : {"_type" : "Span",  "sofa" : 1,  "begin" : 1662,  "end" : 1683,  "label" : "Quality" }, 
    "4552" : {"_type" : "Span",  "sofa" : 1,  "begin" : 1720,  "end" : 1734,  "label" : "Smell_Source" }, 
    "4564" : {"_type" : "Span",  "sofa" : 1,  "begin" : 1749,  "end" : 1765,  "label" : "Smell_Source" }, 
    "4576" : {"_type" : "Span",  "sofa" : 1,  "begin" : 1775,  "end" : 1780,  "label" : "Smell_Source" }, 
    "4598" : {"_type" : "Span",  "sofa" : 1,  "begin" : 1865,  "end" : 1870,  "label" : "Smell_Word" }, 
    "4603" : {"_type" : "Span",  "sofa" : 1,  "begin" : 1871,  "end" : 1898,  "label" : "Circumstances" }, 
    "4593" : {"_type" : "Span",  "sofa" : 1,  "begin" : 1855,  "end" : 1864,  "label" : "Quality" }, 
    "4588" : {"_type" : "Span",  "sofa" : 1,  "begin" : 1785,  "end" : 1829,  "label" : "Smell_Source" } } }