#FORMAT=WebAnno TSV 3.3


#Text=9 Adduxit autem Isai Samma, de quo ait : Etiam hunc non elegit Dominus.
#Text=10 Adduxit itaque Isai septem filios suos coram Samuele : et ait Samuel ad Isai : Non elegit Dominus ex istis.
#Text=11 Dixitque Samuel ad Isai : Numquid jam completi sunt filii ?
1-1	2-3	9	
1-2	4-11	Adduxit	
1-3	12-17	autem	
1-4	18-22	Isai	
1-5	23-28	Samma	
1-6	28-29	,	
1-7	30-32	de	
1-8	33-36	quo	
1-9	37-40	ait	
1-10	41-42	:	
1-11	43-48	Etiam	
1-12	49-53	hunc	
1-13	54-57	non	
1-14	58-64	elegit	
1-15	65-72	Dominus	
1-16	72-73	.	
1-17	74-76	10	
1-18	77-84	Adduxit	
1-19	85-91	itaque	
1-20	92-96	Isai	
1-21	97-103	septem	
1-22	104-110	filios	
1-23	111-115	suos	
1-24	116-121	coram	
1-25	122-129	Samuele	
1-26	130-131	:	
1-27	132-134	et	
1-28	135-138	ait	
1-29	139-145	Samuel	
1-30	146-148	ad	
1-31	149-153	Isai	
1-32	154-155	:	
1-33	156-159	Non	
1-34	160-166	elegit	
1-35	167-174	Dominus	
1-36	175-177	ex	
1-37	178-183	istis	
1-38	183-184	.	
1-39	185-187	11	
1-40	188-196	Dixitque	
1-41	197-203	Samuel	
1-42	204-206	ad	
1-43	207-211	Isai	
1-44	212-213	:	
1-45	214-221	Numquid	
1-46	222-225	jam	
1-47	226-234	completi	
1-48	235-239	sunt	
1-49	240-245	filii	
1-50	246-247	?	

#Text=Qui respondit : Adhuc reliquus est parvulus, et pascit oves.
2-1	248-251	Qui	
2-2	252-261	respondit	
2-3	262-263	:	
2-4	264-269	Adhuc	
2-5	270-278	reliquus	
2-6	279-282	est	
2-7	283-291	parvulus	
2-8	291-292	,	
2-9	293-295	et	
2-10	296-302	pascit	
2-11	303-307	oves	
2-12	307-308	.	

#Text=Et ait Samuel ad Isai : Mitte, et adduc eum : nec enim discumbemus priusquam huc ille veniat.
#Text=12 Misit ergo, et adduxit eum.
3-1	309-311	Et	
3-2	312-315	ait	
3-3	316-322	Samuel	
3-4	323-325	ad	
3-5	326-330	Isai	
3-6	331-332	:	
3-7	333-338	Mitte	
3-8	338-339	,	
3-9	340-342	et	
3-10	343-348	adduc	
3-11	349-352	eum	
3-12	353-354	:	
3-13	355-358	nec	
3-14	359-363	enim	
3-15	364-375	discumbemus	
3-16	376-385	priusquam	
3-17	386-389	huc	
3-18	390-394	ille	
3-19	395-401	veniat	
3-20	401-402	.	
3-21	403-405	12	
3-22	406-411	Misit	
3-23	412-416	ergo	
3-24	416-417	,	
3-25	418-420	et	
3-26	421-428	adduxit	
3-27	429-432	eum	
3-28	432-433	.	

#Text=Erat autem rufus, et pulcher aspectu, decoraque facie : et ait Dominus : Surge, unge eum : ipse est enim.
#Text=13 Tulit ergo Samuel cornu olei, et unxit eum in medio fratrum ejus : et directus est spiritus Domini a die illa in David, et deinceps.
4-1	434-438	Erat	
4-2	439-444	autem	
4-3	445-450	rufus	
4-4	450-451	,	
4-5	452-454	et	
4-6	455-462	pulcher	
4-7	463-470	aspectu	
4-8	470-471	,	
4-9	472-481	decoraque	
4-10	482-487	facie	
4-11	488-489	:	
4-12	490-492	et	
4-13	493-496	ait	
4-14	497-504	Dominus	
4-15	505-506	:	
4-16	507-512	Surge	
4-17	512-513	,	
4-18	514-518	unge	
4-19	519-522	eum	
4-20	523-524	:	
4-21	525-529	ipse	
4-22	530-533	est	
4-23	534-538	enim	
4-24	538-539	.	
4-25	540-542	13	
4-26	543-548	Tulit	
4-27	549-553	ergo	
4-28	554-560	Samuel	
4-29	561-566	cornu	
4-30	567-571	olei	
4-31	571-572	,	
4-32	573-575	et	
4-33	576-581	unxit	
4-34	582-585	eum	
4-35	586-588	in	
4-36	589-594	medio	
4-37	595-602	fratrum	
4-38	603-607	ejus	
4-39	608-609	:	
4-40	610-612	et	
4-41	613-621	directus	
4-42	622-625	est	
4-43	626-634	spiritus	
4-44	635-641	Domini	
4-45	642-643	a	
4-46	644-647	die	
4-47	648-652	illa	
4-48	653-655	in	
4-49	656-661	David	
4-50	661-662	,	
4-51	663-665	et	
4-52	666-674	deinceps	
4-53	674-675	.	

#Text=Surgensque Samuel abiit in Ramatha.
#Text=14 Spiritus autem Domini recessit a Saul, et exagitabat eum spiritus nequam a Domino.
#Text=15 Dixeruntque servi Saul ad eum : Ecce spiritus Dei malus exagitat te.
#Text=16 Jubeat dominus noster, et servi tui qui coram te sunt quærent hominem scientem psallere cithara, ut quando arripuerit te spiritus Domini malus, psallat manu sua, et levius feras.
#Text=17 Et ait Saul ad servos suos : Providete ergo mihi aliquem bene psallentem, et adducite eum ad me.
#Text=18 Et respondens unus de pueris, ait : Ecce vidi filium Isai Bethlehemitem scientem psallere, et fortissimum robore, et virum bellicosum, et prudentem in verbis, et virum pulchrum : et Dominus est cum eo.
#Text=19 Misit ergo Saul nuntios ad Isai, dicens : Mitte ad me David filium tuum, qui est in pascuis.
#Text=20 Tulit itaque Isai asinum plenum panibus, et lagenam vini, et hædum de capris unum, et misit per manum David filii sui Sauli.
#Text=21 Et venit David ad Saul, et stetit coram eo : at ille dilexit eum nimis, et factus est ejus armiger.
#Text=22 Misitque Saul ad Isai, dicens : Stet David in conspectu meo : invenit enim gratiam in oculis meis.
#Text=23 Igitur quandocumque spiritus Domini malus arripiebat Saul, David tollebat citharam, et percutiebat manu sua, et refocillabatur Saul, et levius habebat : recedebat enim ab eo spiritus malus.
5-1	676-686	Surgensque	
5-2	687-693	Samuel	
5-3	694-699	abiit	
5-4	700-702	in	
5-5	703-710	Ramatha	
5-6	710-711	.	
5-7	712-714	14	
5-8	715-723	Spiritus	
5-9	724-729	autem	
5-10	730-736	Domini	
5-11	737-745	recessit	
5-12	746-747	a	
5-13	748-752	Saul	
5-14	752-753	,	
5-15	754-756	et	
5-16	757-767	exagitabat	
5-17	768-771	eum	
5-18	772-780	spiritus	
5-19	781-787	nequam	
5-20	788-789	a	
5-21	790-796	Domino	
5-22	796-797	.	
5-23	798-800	15	
5-24	801-812	Dixeruntque	
5-25	813-818	servi	
5-26	819-823	Saul	
5-27	824-826	ad	
5-28	827-830	eum	
5-29	831-832	:	
5-30	833-837	Ecce	
5-31	838-846	spiritus	
5-32	847-850	Dei	
5-33	851-856	malus	
5-34	857-865	exagitat	
5-35	866-868	te	
5-36	868-869	.	
5-37	870-872	16	
5-38	873-879	Jubeat	
5-39	880-887	dominus	
5-40	888-894	noster	
5-41	894-895	,	
5-42	896-898	et	
5-43	899-904	servi	
5-44	905-908	tui	
5-45	909-912	qui	
5-46	913-918	coram	
5-47	919-921	te	
5-48	922-926	sunt	
5-49	927-934	quærent	
5-50	935-942	hominem	
5-51	943-951	scientem	
5-52	952-960	psallere	
5-53	961-968	cithara	
5-54	968-969	,	
5-55	970-972	ut	
5-56	973-979	quando	
5-57	980-990	arripuerit	
5-58	991-993	te	
5-59	994-1002	spiritus	
5-60	1003-1009	Domini	
5-61	1010-1015	malus	
5-62	1015-1016	,	
5-63	1017-1024	psallat	
5-64	1025-1029	manu	
5-65	1030-1033	sua	
5-66	1033-1034	,	
5-67	1035-1037	et	
5-68	1038-1044	levius	
5-69	1045-1050	feras	
5-70	1050-1051	.	
5-71	1052-1054	17	
5-72	1055-1057	Et	
5-73	1058-1061	ait	
5-74	1062-1066	Saul	
5-75	1067-1069	ad	
5-76	1070-1076	servos	
5-77	1077-1081	suos	
5-78	1082-1083	:	
5-79	1084-1093	Providete	
5-80	1094-1098	ergo	
5-81	1099-1103	mihi	
5-82	1104-1111	aliquem	
5-83	1112-1116	bene	
5-84	1117-1127	psallentem	
5-85	1127-1128	,	
5-86	1129-1131	et	
5-87	1132-1140	adducite	
5-88	1141-1144	eum	
5-89	1145-1147	ad	
5-90	1148-1150	me	
5-91	1150-1151	.	
5-92	1152-1154	18	
5-93	1155-1157	Et	
5-94	1158-1168	respondens	
5-95	1169-1173	unus	
5-96	1174-1176	de	
5-97	1177-1183	pueris	
5-98	1183-1184	,	
5-99	1185-1188	ait	
5-100	1189-1190	:	
5-101	1191-1195	Ecce	
5-102	1196-1200	vidi	
5-103	1201-1207	filium	
5-104	1208-1212	Isai	
5-105	1213-1226	Bethlehemitem	
5-106	1227-1235	scientem	
5-107	1236-1244	psallere	
5-108	1244-1245	,	
5-109	1246-1248	et	
5-110	1249-1260	fortissimum	
5-111	1261-1267	robore	
5-112	1267-1268	,	
5-113	1269-1271	et	
5-114	1272-1277	virum	
5-115	1278-1288	bellicosum	
5-116	1288-1289	,	
5-117	1290-1292	et	
5-118	1293-1302	prudentem	
5-119	1303-1305	in	
5-120	1306-1312	verbis	
5-121	1312-1313	,	
5-122	1314-1316	et	
5-123	1317-1322	virum	
5-124	1323-1331	pulchrum	
5-125	1332-1333	:	
5-126	1334-1336	et	
5-127	1337-1344	Dominus	
5-128	1345-1348	est	
5-129	1349-1352	cum	
5-130	1353-1355	eo	
5-131	1355-1356	.	
5-132	1357-1359	19	
5-133	1360-1365	Misit	
5-134	1366-1370	ergo	
5-135	1371-1375	Saul	
5-136	1376-1383	nuntios	
5-137	1384-1386	ad	
5-138	1387-1391	Isai	
5-139	1391-1392	,	
5-140	1393-1399	dicens	
5-141	1400-1401	:	
5-142	1402-1407	Mitte	
5-143	1408-1410	ad	
5-144	1411-1413	me	
5-145	1414-1419	David	
5-146	1420-1426	filium	
5-147	1427-1431	tuum	
5-148	1431-1432	,	
5-149	1433-1436	qui	
5-150	1437-1440	est	
5-151	1441-1443	in	
5-152	1444-1451	pascuis	
5-153	1451-1452	.	
5-154	1453-1455	20	
5-155	1456-1461	Tulit	
5-156	1462-1468	itaque	
5-157	1469-1473	Isai	
5-158	1474-1480	asinum	
5-159	1481-1487	plenum	
5-160	1488-1495	panibus	
5-161	1495-1496	,	
5-162	1497-1499	et	
5-163	1500-1507	lagenam	
5-164	1508-1512	vini	
5-165	1512-1513	,	
5-166	1514-1516	et	
5-167	1517-1522	hædum	
5-168	1523-1525	de	
5-169	1526-1532	capris	
5-170	1533-1537	unum	
5-171	1537-1538	,	
5-172	1539-1541	et	
5-173	1542-1547	misit	
5-174	1548-1551	per	
5-175	1552-1557	manum	
5-176	1558-1563	David	
5-177	1564-1569	filii	
5-178	1570-1573	sui	
5-179	1574-1579	Sauli	
5-180	1579-1580	.	
5-181	1581-1583	21	
5-182	1584-1586	Et	
5-183	1587-1592	venit	
5-184	1593-1598	David	
5-185	1599-1601	ad	
5-186	1602-1606	Saul	
5-187	1606-1607	,	
5-188	1608-1610	et	
5-189	1611-1617	stetit	
5-190	1618-1623	coram	
5-191	1624-1626	eo	
5-192	1627-1628	:	
5-193	1629-1631	at	
5-194	1632-1636	ille	
5-195	1637-1644	dilexit	
5-196	1645-1648	eum	
5-197	1649-1654	nimis	
5-198	1654-1655	,	
5-199	1656-1658	et	
5-200	1659-1665	factus	
5-201	1666-1669	est	
5-202	1670-1674	ejus	
5-203	1675-1682	armiger	
5-204	1682-1683	.	
5-205	1684-1686	22	
5-206	1687-1695	Misitque	
5-207	1696-1700	Saul	
5-208	1701-1703	ad	
5-209	1704-1708	Isai	
5-210	1708-1709	,	
5-211	1710-1716	dicens	
5-212	1717-1718	:	
5-213	1719-1723	Stet	
5-214	1724-1729	David	
5-215	1730-1732	in	
5-216	1733-1742	conspectu	
5-217	1743-1746	meo	
5-218	1747-1748	:	
5-219	1749-1756	invenit	
5-220	1757-1761	enim	
5-221	1762-1769	gratiam	
5-222	1770-1772	in	
5-223	1773-1779	oculis	
5-224	1780-1784	meis	
5-225	1784-1785	.	
5-226	1786-1788	23	
5-227	1789-1795	Igitur	
5-228	1796-1808	quandocumque	
5-229	1809-1817	spiritus	
5-230	1818-1824	Domini	
5-231	1825-1830	malus	
5-232	1831-1841	arripiebat	
5-233	1842-1846	Saul	
5-234	1846-1847	,	
5-235	1848-1853	David	
5-236	1854-1862	tollebat	
5-237	1863-1871	citharam	
5-238	1871-1872	,	
5-239	1873-1875	et	
5-240	1876-1887	percutiebat	
5-241	1888-1892	manu	
5-242	1893-1896	sua	
5-243	1896-1897	,	
5-244	1898-1900	et	
5-245	1901-1915	refocillabatur	
5-246	1916-1920	Saul	
5-247	1920-1921	,	
5-248	1922-1924	et	
5-249	1925-1931	levius	
5-250	1932-1939	habebat	
5-251	1940-1941	:	
5-252	1942-1951	recedebat	
5-253	1952-1956	enim	
5-254	1957-1959	ab	
5-255	1960-1962	eo	
5-256	1963-1971	spiritus	
5-257	1972-1977	malus	
5-258	1977-1978	.	

#Text=Caput 17
#Text=
#Text=
#Text=1 Congregantes autem Philisthiim agmina sua in prælium, convenerunt in Socho Judæ : et castrametati sunt inter Socho et Azeca in finibus Dommim.
6-1	1979-1984	Caput	
6-2	1985-1987	17	
6-3	1990-1991	1	
6-4	1992-2004	Congregantes	
6-5	2005-2010	autem	
6-6	2011-2022	Philisthiim	
6-7	2023-2029	agmina	
6-8	2030-2033	sua	
6-9	2034-2036	in	
6-10	2037-2044	prælium	
6-11	2044-2045	,	
6-12	2046-2057	convenerunt	
6-13	2058-2060	in	
6-14	2061-2066	Socho	
6-15	2067-2071	Judæ	
6-16	2072-2073	:	
6-17	2074-2076	et	
6-18	2077-2089	castrametati	
6-19	2090-2094	sunt	
6-20	2095-2100	inter	
6-21	2101-2106	Socho	
6-22	2107-2109	et	
6-23	2110-2115	Azeca	
6-24	2116-2118	in	
6-25	2119-2126	finibus	
6-26	2127-2133	Dommim	
6-27	2133-2134	.	
