#FORMAT=WebAnno TSV 3.3


#Text=(3) Calor moderatus efficit ut odores majori vehementia in nares impingant, quam ordinario.
#Text=(4) Odores ut plurimum sursum versus fortius, quam deorfum, & ad latera, vires suas exserunt.
#Text=(5) Solida haud raro odores suos prorsus celant, nisi fricencur, limentur, contundantur, aut alio modo diffolvantur ac agitentur.
#Text=(6) Contrario nobis vento, odores e regione oppofita spirantes, facilius & validius percipimus, quam vento nobis fecundo.
1-1	2-3	(	
1-2	3-4	3	
1-3	4-5	)	
1-4	6-11	Calor	
1-5	12-21	moderatus	
1-6	22-29	efficit	
1-7	30-32	ut	
1-8	33-39	odores	
1-9	40-46	majori	
1-10	47-57	vehementia	
1-11	58-60	in	
1-12	61-66	nares	
1-13	67-76	impingant	
1-14	76-77	,	
1-15	78-82	quam	
1-16	83-92	ordinario	
1-17	92-93	.	
1-18	94-95	(	
1-19	95-96	4	
1-20	96-97	)	
1-21	98-104	Odores	
1-22	105-107	ut	
1-23	108-116	plurimum	
1-24	117-123	sursum	
1-25	124-130	versus	
1-26	131-138	fortius	
1-27	138-139	,	
1-28	140-144	quam	
1-29	145-152	deorfum	
1-30	152-153	,	
1-31	154-155	&	
1-32	156-158	ad	
1-33	159-165	latera	
1-34	165-166	,	
1-35	167-172	vires	
1-36	173-177	suas	
1-37	178-186	exserunt	
1-38	186-187	.	
1-39	188-189	(	
1-40	189-190	5	
1-41	190-191	)	
1-42	192-198	Solida	
1-43	199-203	haud	
1-44	204-208	raro	
1-45	209-215	odores	
1-46	216-220	suos	
1-47	221-228	prorsus	
1-48	229-235	celant	
1-49	235-236	,	
1-50	237-241	nisi	
1-51	242-251	fricencur	
1-52	251-252	,	
1-53	253-261	limentur	
1-54	261-262	,	
1-55	263-275	contundantur	
1-56	275-276	,	
1-57	277-280	aut	
1-58	281-285	alio	
1-59	286-290	modo	
1-60	291-303	diffolvantur	
1-61	304-306	ac	
1-62	307-316	agitentur	
1-63	316-317	.	
1-64	318-319	(	
1-65	319-320	6	
1-66	320-321	)	
1-67	322-331	Contrario	
1-68	332-337	nobis	
1-69	338-343	vento	
1-70	343-344	,	
1-71	345-351	odores	
1-72	352-353	e	
1-73	354-361	regione	
1-74	362-370	oppofita	
1-75	371-380	spirantes	
1-76	380-381	,	
1-77	382-390	facilius	
1-78	391-392	&	
1-79	393-401	validius	
1-80	402-412	percipimus	
1-81	412-413	,	
1-82	414-418	quam	
1-83	419-424	vento	
1-84	425-430	nobis	
1-85	431-438	fecundo	
1-86	438-439	.	

#Text=Sic Illuftris, fimus Kenelmus Digby, Angliæ quondam Comes, & Magnæ Britanniæ Cancellarius, (k) refert: se maritimas Hispaniæ oras præternavigando, ter vel quater observalle, nautas, duobus vel tribus ante diebus, quam in conspectum iftarum terrarum pro
#Text=
#Text=veheren(k) Sturm.
#Text=phyf.
#Text=ele&t.
#Text=c. 6. p. 33.7.
2-1	440-443	Sic	
2-2	444-453	Illuftris	
2-3	453-454	,	
2-4	455-460	fimus	
2-5	461-469	Kenelmus	
2-6	470-475	Digby	
2-7	475-476	,	
2-8	477-483	Angliæ	
2-9	484-491	quondam	
2-10	492-497	Comes	
2-11	497-498	,	
2-12	499-500	&	
2-13	501-506	Magnæ	
2-14	507-516	Britanniæ	
2-15	517-529	Cancellarius	
2-16	529-530	,	
2-17	531-532	(	
2-18	532-533	k	
2-19	533-534	)	
2-20	535-541	refert	
2-21	541-542	:	
2-22	543-545	se	
2-23	546-555	maritimas	
2-24	556-564	Hispaniæ	
2-25	565-569	oras	
2-26	570-585	præternavigando	
2-27	585-586	,	
2-28	587-590	ter	
2-29	591-594	vel	
2-30	595-601	quater	
2-31	602-612	observalle	
2-32	612-613	,	
2-33	614-620	nautas	
2-34	620-621	,	
2-35	622-628	duobus	
2-36	629-632	vel	
2-37	633-639	tribus	
2-38	640-644	ante	
2-39	645-651	diebus	
2-40	651-652	,	
2-41	653-657	quam	
2-42	658-660	in	
2-43	661-671	conspectum	
2-44	672-679	iftarum	
2-45	680-688	terrarum	
2-46	689-692	pro	
2-47	694-701	veheren	
2-48	701-702	(	
2-49	702-703	k	
2-50	703-704	)	
2-51	705-710	Sturm	
2-52	710-711	.	
2-53	712-716	phyf	
2-54	716-717	.	
2-55	718-721	ele	
2-56	721-722	&	
2-57	722-723	t	
2-58	723-724	.	
2-59	725-726	c	
2-60	726-727	.	
2-61	728-729	6	
2-62	729-730	.	
2-63	731-732	p	
2-64	732-733	.	
2-65	734-738	33.7	
2-66	738-739	.	

#Text=the (7) veherentur , ex fragrantissimo rorismarini odore, ad ungvem quasi tenuisse, quod triginta vel quadraginta adhuc milliaribus ab iftis regionibus remoci effent, addito se ipfum quoque hunc odorem æque valide percepisse, ac fi avulsum rorismarini ramum manibus tenuisset; hoc tamen fimul notat Illustrissimus Vir, quod vento tum temporis usus fit adverso.
#Text=(7) Plantæ in regionibus calidis natæ, fortioribus præditæ sunt odoribus, quam illæ, quæ sub asperiori cælo gignuntur.
#Text=(8) Tempore frigido & pluvio, parcius,
#Text=
#Text=& obtufius percipiuntur odores, quam cælo fereno, & æftivo tempore; hinc canes venatici infelicius feras vestigant aére humido, gnam ficco.
#Text=(9) Corpora fragrantia tenerioris texturæ, ut moschus, zibetum & ambra , temporis tractu, non tantum langvidius odores emittunt, sed mulcum etiam de priori pondere suo amittunt; nonnulla brevi spatio prorsus confumuntur & evanefcunt, ut falia vegetabilium volatilia , & sal volatile ex argilla confe&tum, fi chymica dexteritate ad fummum fubtilitatis gradum evecta fuerint.
#Text=(10) Res fragrantes oprime ac diutiffime conservantur in vicris hermetice' figillatis, five talibus, in quibus colli extremitas candefa&ta, forcipis ope ita compressa est, ut ne minimum quidem foramen reliAum fit , quod rebus in vitro contentis exitum, vel aéri externo adituin, concedere queat.
#Text=(11) Magna
#Text=
#Text=est
#Text=
#Text=
#Text=
#Text=
#Text=
#Text=(8) eft odorum differentia, quarum generalissima hæc eft, quod alii plerisq hominibus grati, alii ingrati; alii acuriores, alii debiliores sint.
#Text=(12) Aliquando idem odor, qui aliis gracus est, aliis ingratus videtur.
#Text=(13) Fit etiam interdum, ut idem odor, qui olim nos delectavit, alia vice nobis molestiam creet: nonnunquam autem contrarium contingit.
#Text=(14) Multorum corporum odores, temporis tractu ita immutantur, ut ex gratis ingrati, & ex ingratis grati fiant.
#Text=(15) E mediocri diftantia gratiorcs & svaviores corpora fragrantia fundunt odores, quam si naribus immediate admoveantur: (16) Nonnulli odores fternutationem excitant, lacrymasó oculis exprimunt.
#Text=(17) Multi odores cerebrum corroborant, multi illud e contrario lædant.
3-1	745-748	the	
3-2	749-750	(	
3-3	750-751	7	
3-4	751-752	)	
3-5	753-763	veherentur	
3-6	764-765	,	
3-7	766-768	ex	
3-8	769-783	fragrantissimo	
3-9	784-795	rorismarini	
3-10	796-801	odore	
3-11	801-802	,	
3-12	803-805	ad	
3-13	806-812	ungvem	
3-14	813-818	quasi	
3-15	819-827	tenuisse	
3-16	827-828	,	
3-17	829-833	quod	
3-18	834-842	triginta	
3-19	843-846	vel	
3-20	847-858	quadraginta	
3-21	859-864	adhuc	
3-22	865-876	milliaribus	
3-23	877-879	ab	
3-24	880-885	iftis	
3-25	886-896	regionibus	
3-26	897-903	remoci	
3-27	904-910	effent	
3-28	910-911	,	
3-29	912-918	addito	
3-30	919-921	se	
3-31	922-927	ipfum	
3-32	928-934	quoque	
3-33	935-939	hunc	
3-34	940-946	odorem	
3-35	947-951	æque	
3-36	952-958	valide	
3-37	959-969	percepisse	
3-38	969-970	,	
3-39	971-973	ac	
3-40	974-976	fi	
3-41	977-984	avulsum	
3-42	985-996	rorismarini	
3-43	997-1002	ramum	
3-44	1003-1010	manibus	
3-45	1011-1020	tenuisset	
3-46	1020-1021	;	
3-47	1022-1025	hoc	
3-48	1026-1031	tamen	
3-49	1032-1037	fimul	
3-50	1038-1043	notat	
3-51	1044-1058	Illustrissimus	
3-52	1059-1062	Vir	
3-53	1062-1063	,	
3-54	1064-1068	quod	
3-55	1069-1074	vento	
3-56	1075-1078	tum	
3-57	1079-1087	temporis	
3-58	1088-1092	usus	
3-59	1093-1096	fit	
3-60	1097-1104	adverso	
3-61	1104-1105	.	
3-62	1106-1107	(	
3-63	1107-1108	7	
3-64	1108-1109	)	
3-65	1110-1116	Plantæ	
3-66	1117-1119	in	
3-67	1120-1130	regionibus	
3-68	1131-1138	calidis	
3-69	1139-1143	natæ	
3-70	1143-1144	,	
3-71	1145-1156	fortioribus	
3-72	1157-1164	præditæ	
3-73	1165-1169	sunt	
3-74	1170-1178	odoribus	
3-75	1178-1179	,	
3-76	1180-1184	quam	
3-77	1185-1189	illæ	
3-78	1189-1190	,	
3-79	1191-1194	quæ	
3-80	1195-1198	sub	
3-81	1199-1208	asperiori	
3-82	1209-1213	cælo	
3-83	1214-1223	gignuntur	
3-84	1223-1224	.	
3-85	1225-1226	(	
3-86	1226-1227	8	
3-87	1227-1228	)	
3-88	1229-1236	Tempore	
3-89	1237-1244	frigido	
3-90	1245-1246	&	
3-91	1247-1253	pluvio	
3-92	1253-1254	,	
3-93	1255-1262	parcius	
3-94	1262-1263	,	
3-95	1265-1266	&	
3-96	1267-1275	obtufius	
3-97	1276-1288	percipiuntur	
3-98	1289-1295	odores	
3-99	1295-1296	,	
3-100	1297-1301	quam	
3-101	1302-1306	cælo	
3-102	1307-1313	fereno	
3-103	1313-1314	,	
3-104	1315-1316	&	
3-105	1317-1323	æftivo	
3-106	1324-1331	tempore	
3-107	1331-1332	;	
3-108	1333-1337	hinc	
3-109	1338-1343	canes	
3-110	1344-1352	venatici	
3-111	1353-1363	infelicius	
3-112	1364-1369	feras	
3-113	1370-1379	vestigant	
3-114	1380-1384	aére	
3-115	1385-1391	humido	
3-116	1391-1392	,	
3-117	1393-1397	gnam	
3-118	1398-1403	ficco	
3-119	1403-1404	.	
3-120	1405-1406	(	
3-121	1406-1407	9	
3-122	1407-1408	)	
3-123	1409-1416	Corpora	
3-124	1417-1427	fragrantia	
3-125	1428-1438	tenerioris	
3-126	1439-1446	texturæ	
3-127	1446-1447	,	
3-128	1448-1450	ut	
3-129	1451-1458	moschus	
3-130	1458-1459	,	
3-131	1460-1467	zibetum	
3-132	1468-1469	&	
3-133	1470-1475	ambra	
3-134	1476-1477	,	
3-135	1478-1486	temporis	
3-136	1487-1493	tractu	
3-137	1493-1494	,	
3-138	1495-1498	non	
3-139	1499-1505	tantum	
3-140	1506-1516	langvidius	
3-141	1517-1523	odores	
3-142	1524-1532	emittunt	
3-143	1532-1533	,	
3-144	1534-1537	sed	
3-145	1538-1544	mulcum	
3-146	1545-1550	etiam	
3-147	1551-1553	de	
3-148	1554-1560	priori	
3-149	1561-1568	pondere	
3-150	1569-1572	suo	
3-151	1573-1581	amittunt	
3-152	1581-1582	;	
3-153	1583-1591	nonnulla	
3-154	1592-1597	brevi	
3-155	1598-1604	spatio	
3-156	1605-1612	prorsus	
3-157	1613-1624	confumuntur	
3-158	1625-1626	&	
3-159	1627-1637	evanefcunt	
3-160	1637-1638	,	
3-161	1639-1641	ut	
3-162	1642-1647	falia	
3-163	1648-1660	vegetabilium	
3-164	1661-1670	volatilia	
3-165	1671-1672	,	
3-166	1673-1674	&	
3-167	1675-1678	sal	
3-168	1679-1687	volatile	
3-169	1688-1690	ex	
3-170	1691-1698	argilla	
3-171	1699-1704	confe	
3-172	1704-1705	&	
3-173	1705-1708	tum	
3-174	1708-1709	,	
3-175	1710-1712	fi	
3-176	1713-1720	chymica	
3-177	1721-1732	dexteritate	
3-178	1733-1735	ad	
3-179	1736-1742	fummum	
3-180	1743-1755	fubtilitatis	
3-181	1756-1762	gradum	
3-182	1763-1769	evecta	
3-183	1770-1777	fuerint	
3-184	1777-1778	.	
3-185	1779-1780	(	
3-186	1780-1782	10	
3-187	1782-1783	)	
3-188	1784-1787	Res	
3-189	1788-1798	fragrantes	
3-190	1799-1805	oprime	
3-191	1806-1808	ac	
3-192	1809-1819	diutiffime	
3-193	1820-1832	conservantur	
3-194	1833-1835	in	
3-195	1836-1842	vicris	
3-196	1843-1852	hermetice	
3-197	1852-1853	'	
3-198	1854-1864	figillatis	
3-199	1864-1865	,	
3-200	1866-1870	five	
3-201	1871-1878	talibus	
3-202	1878-1879	,	
3-203	1880-1882	in	
3-204	1883-1889	quibus	
3-205	1890-1895	colli	
3-206	1896-1906	extremitas	
3-207	1907-1914	candefa	
3-208	1914-1915	&	
3-209	1915-1917	ta	
3-210	1917-1918	,	
3-211	1919-1927	forcipis	
3-212	1928-1931	ope	
3-213	1932-1935	ita	
3-214	1936-1945	compressa	
3-215	1946-1949	est	
3-216	1949-1950	,	
3-217	1951-1953	ut	
3-218	1954-1956	ne	
3-219	1957-1964	minimum	
3-220	1965-1971	quidem	
3-221	1972-1979	foramen	
3-222	1980-1987	reliAum	
3-223	1988-1991	fit	
3-224	1992-1993	,	
3-225	1994-1998	quod	
3-226	1999-2004	rebus	
3-227	2005-2007	in	
3-228	2008-2013	vitro	
3-229	2014-2023	contentis	
3-230	2024-2030	exitum	
3-231	2030-2031	,	
3-232	2032-2035	vel	
3-233	2036-2040	aéri	
3-234	2041-2048	externo	
3-235	2049-2056	adituin	
3-236	2056-2057	,	
3-237	2058-2067	concedere	
3-238	2068-2073	queat	
3-239	2073-2074	.	
3-240	2075-2076	(	
3-241	2076-2078	11	
3-242	2078-2079	)	
3-243	2080-2085	Magna	
3-244	2087-2090	est	
3-245	2096-2097	(	
3-246	2097-2098	8	
3-247	2098-2099	)	
3-248	2100-2103	eft	
3-249	2104-2110	odorum	
3-250	2111-2122	differentia	
3-251	2122-2123	,	
3-252	2124-2130	quarum	
3-253	2131-2144	generalissima	
3-254	2145-2148	hæc	
3-255	2149-2152	eft	
3-256	2152-2153	,	
3-257	2154-2158	quod	
3-258	2159-2163	alii	
3-259	2164-2171	plerisq	
3-260	2172-2181	hominibus	
3-261	2182-2187	grati	
3-262	2187-2188	,	
3-263	2189-2193	alii	
3-264	2194-2201	ingrati	
3-265	2201-2202	;	
3-266	2203-2207	alii	
3-267	2208-2217	acuriores	
3-268	2217-2218	,	
3-269	2219-2223	alii	
3-270	2224-2234	debiliores	
3-271	2235-2239	sint	
3-272	2239-2240	.	
3-273	2241-2242	(	
3-274	2242-2244	12	
3-275	2244-2245	)	
3-276	2246-2255	Aliquando	
3-277	2256-2260	idem	
3-278	2261-2265	odor	
3-279	2265-2266	,	
3-280	2267-2270	qui	
3-281	2271-2276	aliis	
3-282	2277-2283	gracus	
3-283	2284-2287	est	
3-284	2287-2288	,	
3-285	2289-2294	aliis	
3-286	2295-2303	ingratus	
3-287	2304-2311	videtur	
3-288	2311-2312	.	
3-289	2313-2314	(	
3-290	2314-2316	13	
3-291	2316-2317	)	
3-292	2318-2321	Fit	
3-293	2322-2327	etiam	
3-294	2328-2336	interdum	
3-295	2336-2337	,	
3-296	2338-2340	ut	
3-297	2341-2345	idem	
3-298	2346-2350	odor	
3-299	2350-2351	,	
3-300	2352-2355	qui	
3-301	2356-2360	olim	
3-302	2361-2364	nos	
3-303	2365-2375	delectavit	
3-304	2375-2376	,	
3-305	2377-2381	alia	
3-306	2382-2386	vice	
3-307	2387-2392	nobis	
3-308	2393-2402	molestiam	
3-309	2403-2408	creet	
3-310	2408-2409	:	
3-311	2410-2420	nonnunquam	
3-312	2421-2426	autem	
3-313	2427-2437	contrarium	
3-314	2438-2447	contingit	
3-315	2447-2448	.	
3-316	2449-2450	(	
3-317	2450-2452	14	
3-318	2452-2453	)	
3-319	2454-2462	Multorum	
3-320	2463-2471	corporum	
3-321	2472-2478	odores	
3-322	2478-2479	,	
3-323	2480-2488	temporis	
3-324	2489-2495	tractu	
3-325	2496-2499	ita	
3-326	2500-2510	immutantur	
3-327	2510-2511	,	
3-328	2512-2514	ut	
3-329	2515-2517	ex	
3-330	2518-2524	gratis	
3-331	2525-2532	ingrati	
3-332	2532-2533	,	
3-333	2534-2535	&	
3-334	2536-2538	ex	
3-335	2539-2547	ingratis	
3-336	2548-2553	grati	
3-337	2554-2559	fiant	
3-338	2559-2560	.	
3-339	2561-2562	(	
3-340	2562-2564	15	
3-341	2564-2565	)	
3-342	2566-2567	E	
3-343	2568-2576	mediocri	
3-344	2577-2586	diftantia	
3-345	2587-2596	gratiorcs	
3-346	2597-2598	&	
3-347	2599-2608	svaviores	
3-348	2609-2616	corpora	
3-349	2617-2627	fragrantia	
3-350	2628-2635	fundunt	
3-351	2636-2642	odores	
3-352	2642-2643	,	
3-353	2644-2648	quam	
3-354	2649-2651	si	
3-355	2652-2659	naribus	
3-356	2660-2669	immediate	
3-357	2670-2681	admoveantur	
3-358	2681-2682	:	
3-359	2683-2684	(	
3-360	2684-2686	16	
3-361	2686-2687	)	
3-362	2688-2696	Nonnulli	
3-363	2697-2703	odores	
3-364	2704-2718	fternutationem	
3-365	2719-2727	excitant	
3-366	2727-2728	,	
3-367	2729-2738	lacrymasó	
3-368	2739-2745	oculis	
3-369	2746-2755	exprimunt	
3-370	2755-2756	.	
3-371	2757-2758	(	
3-372	2758-2760	17	
3-373	2760-2761	)	
3-374	2762-2767	Multi	
3-375	2768-2774	odores	
3-376	2775-2783	cerebrum	
3-377	2784-2795	corroborant	
3-378	2795-2796	,	
3-379	2797-2802	multi	
3-380	2803-2808	illud	
3-381	2809-2810	e	
3-382	2811-2820	contrario	
3-383	2821-2827	lædant	
3-384	2827-2828	.	

#Text=S. 3.
4-1	2829-2830	S	
4-2	2830-2831	.	
4-3	2832-2833	3	
4-4	2833-2834	.	

#Text=Ex enumeratis phænomenis fere omnibus, necessariâ consequentiâ primo hoc conficimus: quod odores, quatenus rebus odoratis inhærent, & ex iisdem proficiscuntur, non nudæ duntaxat qualicates intentionales sive virtuales, sed realia quædam, & trina dimensione prædita corpuscula fint.
5-1	2835-2837	Ex	
5-2	2838-2848	enumeratis	
5-3	2849-2859	phænomenis	
5-4	2860-2864	fere	
5-5	2865-2872	omnibus	
5-6	2872-2873	,	
5-7	2874-2884	necessariâ	
5-8	2885-2897	consequentiâ	
5-9	2898-2903	primo	
5-10	2904-2907	hoc	
5-11	2908-2918	conficimus	
5-12	2918-2919	:	
5-13	2920-2924	quod	
5-14	2925-2931	odores	
5-15	2931-2932	,	
5-16	2933-2941	quatenus	
5-17	2942-2947	rebus	
5-18	2948-2956	odoratis	
5-19	2957-2965	inhærent	
5-20	2965-2966	,	
5-21	2967-2968	&	
5-22	2969-2971	ex	
5-23	2972-2978	iisdem	
5-24	2979-2993	proficiscuntur	
5-25	2993-2994	,	
5-26	2995-2998	non	
5-27	2999-3003	nudæ	
5-28	3004-3012	duntaxat	
5-29	3013-3023	qualicates	
5-30	3024-3037	intentionales	
5-31	3038-3042	sive	
5-32	3043-3052	virtuales	
5-33	3052-3053	,	
5-34	3054-3057	sed	
5-35	3058-3064	realia	
5-36	3065-3071	quædam	
5-37	3071-3072	,	
5-38	3073-3074	&	
5-39	3075-3080	trina	
5-40	3081-3091	dimensione	
5-41	3092-3099	prædita	
5-42	3100-3110	corpuscula	
5-43	3111-3115	fint	
5-44	3115-3116	.	
