#FORMAT=WebAnno TSV 3.3


#Text=10 Non corrideas illi, ne doleas, et in novissimo obstupescent dentes tui.
#Text=11 Non des illi potestatem in juventute, et ne despicias cogitatus illius.
#Text=12 Curva cervicem ejus in juventute, et tunde latera ejus dum infans est, ne forte induret, et non credat tibi, et erit tibi dolor animæ.
#Text=13 Doce filium tuum, et operare in illo, ne in turpitudinem illius offendas.
#Text=14 Melior est pauper sanus, et fortis viribus, quam dives imbecillis et flagellatus malitia.
#Text=15 Salus animæ in sanctitate justitiæ melior est omni auro et argento : et corpus validum quam census immensus.
#Text=16 Non est census super censum salutis corporis, et non est oblectamentum super cordis gaudium.
#Text=17 Melior est mors quam vita amara, et requies æterna quam languor perseverans.
#Text=18 Bona abscondita in ore clauso, quasi appositiones epularum circumpositæ sepulchro.
#Text=19 Quid proderit libatio idolo ?
1-1	2-4	10	
1-2	5-8	Non	
1-3	9-18	corrideas	
1-4	19-23	illi	
1-5	23-24	,	
1-6	25-27	ne	
1-7	28-34	doleas	
1-8	34-35	,	
1-9	36-38	et	
1-10	39-41	in	
1-11	42-51	novissimo	
1-12	52-64	obstupescent	
1-13	65-71	dentes	
1-14	72-75	tui	
1-15	75-76	.	
1-16	77-79	11	
1-17	80-83	Non	
1-18	84-87	des	
1-19	88-92	illi	
1-20	93-103	potestatem	
1-21	104-106	in	
1-22	107-116	juventute	
1-23	116-117	,	
1-24	118-120	et	
1-25	121-123	ne	
1-26	124-133	despicias	
1-27	134-143	cogitatus	
1-28	144-150	illius	
1-29	150-151	.	
1-30	152-154	12	
1-31	155-160	Curva	
1-32	161-169	cervicem	
1-33	170-174	ejus	
1-34	175-177	in	
1-35	178-187	juventute	
1-36	187-188	,	
1-37	189-191	et	
1-38	192-197	tunde	
1-39	198-204	latera	
1-40	205-209	ejus	
1-41	210-213	dum	
1-42	214-220	infans	
1-43	221-224	est	
1-44	224-225	,	
1-45	226-228	ne	
1-46	229-234	forte	
1-47	235-242	induret	
1-48	242-243	,	
1-49	244-246	et	
1-50	247-250	non	
1-51	251-257	credat	
1-52	258-262	tibi	
1-53	262-263	,	
1-54	264-266	et	
1-55	267-271	erit	
1-56	272-276	tibi	
1-57	277-282	dolor	
1-58	283-288	animæ	
1-59	288-289	.	
1-60	290-292	13	
1-61	293-297	Doce	
1-62	298-304	filium	
1-63	305-309	tuum	
1-64	309-310	,	
1-65	311-313	et	
1-66	314-321	operare	
1-67	322-324	in	
1-68	325-329	illo	
1-69	329-330	,	
1-70	331-333	ne	
1-71	334-336	in	
1-72	337-349	turpitudinem	
1-73	350-356	illius	
1-74	357-365	offendas	
1-75	365-366	.	
1-76	367-369	14	
1-77	370-376	Melior	
1-78	377-380	est	
1-79	381-387	pauper	
1-80	388-393	sanus	
1-81	393-394	,	
1-82	395-397	et	
1-83	398-404	fortis	
1-84	405-412	viribus	
1-85	412-413	,	
1-86	414-418	quam	
1-87	419-424	dives	
1-88	425-435	imbecillis	
1-89	436-438	et	
1-90	439-450	flagellatus	
1-91	451-458	malitia	
1-92	458-459	.	
1-93	460-462	15	
1-94	463-468	Salus	
1-95	469-474	animæ	
1-96	475-477	in	
1-97	478-488	sanctitate	
1-98	489-497	justitiæ	
1-99	498-504	melior	
1-100	505-508	est	
1-101	509-513	omni	
1-102	514-518	auro	
1-103	519-521	et	
1-104	522-529	argento	
1-105	530-531	:	
1-106	532-534	et	
1-107	535-541	corpus	
1-108	542-549	validum	
1-109	550-554	quam	
1-110	555-561	census	
1-111	562-570	immensus	
1-112	570-571	.	
1-113	572-574	16	
1-114	575-578	Non	
1-115	579-582	est	
1-116	583-589	census	
1-117	590-595	super	
1-118	596-602	censum	
1-119	603-610	salutis	
1-120	611-619	corporis	
1-121	619-620	,	
1-122	621-623	et	
1-123	624-627	non	
1-124	628-631	est	
1-125	632-645	oblectamentum	
1-126	646-651	super	
1-127	652-658	cordis	
1-128	659-666	gaudium	
1-129	666-667	.	
1-130	668-670	17	
1-131	671-677	Melior	
1-132	678-681	est	
1-133	682-686	mors	
1-134	687-691	quam	
1-135	692-696	vita	
1-136	697-702	amara	
1-137	702-703	,	
1-138	704-706	et	
1-139	707-714	requies	
1-140	715-721	æterna	
1-141	722-726	quam	
1-142	727-734	languor	
1-143	735-746	perseverans	
1-144	746-747	.	
1-145	748-750	18	
1-146	751-755	Bona	
1-147	756-766	abscondita	
1-148	767-769	in	
1-149	770-773	ore	
1-150	774-780	clauso	
1-151	780-781	,	
1-152	782-787	quasi	
1-153	788-800	appositiones	
1-154	801-809	epularum	
1-155	810-822	circumpositæ	
1-156	823-832	sepulchro	
1-157	832-833	.	
1-158	834-836	19	
1-159	837-841	Quid	
1-160	842-850	proderit	
1-161	851-858	libatio	
1-162	859-864	idolo	
1-163	865-866	?	

#Text=nec enim manducabit, nec odorabit.
#Text=20 Sic qui effugatur a Domino, portans mercedes iniquitatis : 21 videns oculis et ingemiscens, sicut spado complectens virginem, et suspirans.
#Text=22 Tristitiam non des animæ tuæ, et non affligas temetipsum in consilio tuo.
#Text=23 Jucunditas cordis, hæc est vita hominis, et thesaurus sine defectione sanctitatis : et exsultatio viri est longævitas.
#Text=24 Miserere animæ tuæ placens Deo, et contine : congrega cor tuum in sanctitate ejus, et tristitiam longe repelle a te.
#Text=25 Multos enim occidit tristitia, et non est utilitas in illa.
#Text=26 Zelus et iracundia minuunt dies, et ante tempus senectam adducet cogitatus.
#Text=27 Splendidum cor et bonum in epulis est : epulæ enim illius diligenter fiunt.
2-1	867-870	nec	
2-2	871-875	enim	
2-3	876-886	manducabit	
2-4	886-887	,	
2-5	888-891	nec	
2-6	892-900	odorabit	
2-7	900-901	.	
2-8	902-904	20	
2-9	905-908	Sic	
2-10	909-912	qui	
2-11	913-922	effugatur	
2-12	923-924	a	
2-13	925-931	Domino	
2-14	931-932	,	
2-15	933-940	portans	
2-16	941-949	mercedes	
2-17	950-961	iniquitatis	
2-18	962-963	:	
2-19	964-966	21	
2-20	967-973	videns	
2-21	974-980	oculis	
2-22	981-983	et	
2-23	984-995	ingemiscens	
2-24	995-996	,	
2-25	997-1002	sicut	
2-26	1003-1008	spado	
2-27	1009-1020	complectens	
2-28	1021-1029	virginem	
2-29	1029-1030	,	
2-30	1031-1033	et	
2-31	1034-1043	suspirans	
2-32	1043-1044	.	
2-33	1045-1047	22	
2-34	1048-1058	Tristitiam	
2-35	1059-1062	non	
2-36	1063-1066	des	
2-37	1067-1072	animæ	
2-38	1073-1076	tuæ	
2-39	1076-1077	,	
2-40	1078-1080	et	
2-41	1081-1084	non	
2-42	1085-1093	affligas	
2-43	1094-1104	temetipsum	
2-44	1105-1107	in	
2-45	1108-1116	consilio	
2-46	1117-1120	tuo	
2-47	1120-1121	.	
2-48	1122-1124	23	
2-49	1125-1135	Jucunditas	
2-50	1136-1142	cordis	
2-51	1142-1143	,	
2-52	1144-1147	hæc	
2-53	1148-1151	est	
2-54	1152-1156	vita	
2-55	1157-1164	hominis	
2-56	1164-1165	,	
2-57	1166-1168	et	
2-58	1169-1178	thesaurus	
2-59	1179-1183	sine	
2-60	1184-1194	defectione	
2-61	1195-1206	sanctitatis	
2-62	1207-1208	:	
2-63	1209-1211	et	
2-64	1212-1222	exsultatio	
2-65	1223-1227	viri	
2-66	1228-1231	est	
2-67	1232-1242	longævitas	
2-68	1242-1243	.	
2-69	1244-1246	24	
2-70	1247-1255	Miserere	
2-71	1256-1261	animæ	
2-72	1262-1265	tuæ	
2-73	1266-1273	placens	
2-74	1274-1277	Deo	
2-75	1277-1278	,	
2-76	1279-1281	et	
2-77	1282-1289	contine	
2-78	1290-1291	:	
2-79	1292-1300	congrega	
2-80	1301-1304	cor	
2-81	1305-1309	tuum	
2-82	1310-1312	in	
2-83	1313-1323	sanctitate	
2-84	1324-1328	ejus	
2-85	1328-1329	,	
2-86	1330-1332	et	
2-87	1333-1343	tristitiam	
2-88	1344-1349	longe	
2-89	1350-1357	repelle	
2-90	1358-1359	a	
2-91	1360-1362	te	
2-92	1362-1363	.	
2-93	1364-1366	25	
2-94	1367-1373	Multos	
2-95	1374-1378	enim	
2-96	1379-1386	occidit	
2-97	1387-1396	tristitia	
2-98	1396-1397	,	
2-99	1398-1400	et	
2-100	1401-1404	non	
2-101	1405-1408	est	
2-102	1409-1417	utilitas	
2-103	1418-1420	in	
2-104	1421-1425	illa	
2-105	1425-1426	.	
2-106	1427-1429	26	
2-107	1430-1435	Zelus	
2-108	1436-1438	et	
2-109	1439-1448	iracundia	
2-110	1449-1456	minuunt	
2-111	1457-1461	dies	
2-112	1461-1462	,	
2-113	1463-1465	et	
2-114	1466-1470	ante	
2-115	1471-1477	tempus	
2-116	1478-1486	senectam	
2-117	1487-1494	adducet	
2-118	1495-1504	cogitatus	
2-119	1504-1505	.	
2-120	1506-1508	27	
2-121	1509-1519	Splendidum	
2-122	1520-1523	cor	
2-123	1524-1526	et	
2-124	1527-1532	bonum	
2-125	1533-1535	in	
2-126	1536-1542	epulis	
2-127	1543-1546	est	
2-128	1547-1548	:	
2-129	1549-1554	epulæ	
2-130	1555-1559	enim	
2-131	1560-1566	illius	
2-132	1567-1577	diligenter	
2-133	1578-1583	fiunt	
2-134	1583-1584	.	

#Text=Caput 31
#Text=
#Text=
#Text=1 Vigilia honestatis tabefaciet carnes, et cogitatus illius auferet somnum.
#Text=2 Cogitatus præscientiæ avertit sensum, et infirmitas gravis sobriam facit animam.
3-1	1585-1590	Caput	
3-2	1591-1593	31	
3-3	1596-1597	1	
3-4	1598-1605	Vigilia	
3-5	1606-1616	honestatis	
3-6	1617-1627	tabefaciet	
3-7	1628-1634	carnes	
3-8	1634-1635	,	
3-9	1636-1638	et	
3-10	1639-1648	cogitatus	
3-11	1649-1655	illius	
3-12	1656-1663	auferet	
3-13	1664-1670	somnum	
3-14	1670-1671	.	
3-15	1672-1673	2	
3-16	1674-1683	Cogitatus	
3-17	1684-1695	præscientiæ	
3-18	1696-1703	avertit	
3-19	1704-1710	sensum	
3-20	1710-1711	,	
3-21	1712-1714	et	
3-22	1715-1725	infirmitas	
3-23	1726-1732	gravis	
3-24	1733-1740	sobriam	
3-25	1741-1746	facit	
3-26	1747-1753	animam	
3-27	1753-1754	.	
