{"_context" : {
    "_types" : {
      "DocumentMetaData" : {
        "_feature_types" : {"sofa" : "_ref" } }, 
      "Relation" : {
        "_feature_types" : {"sofa" : "_ref",  "Dependent" : "_ref",  "Governor" : "_ref" } }, 
      "Sentence" : {
        "_feature_types" : {"sofa" : "_ref" } }, 
      "Sofa" : {
        "_feature_types" : {"sofaArray" : "_ref" } }, 
      "Span" : {
        "_feature_types" : {"sofa" : "_ref" } }, 
      "TagsetDescription" : {
        "_feature_types" : {"sofa" : "_ref",  "tags" : "_ref" } }, 
      "Token" : {
        "_feature_types" : {"sofa" : "_ref",  "parent" : "_ref",  "lemma" : "_ref",  "stem" : "_ref",  "pos" : "_ref",  "morph" : "_ref",  "form" : "_ref" } }, 
      "DocumentAnnotation" : {
        "_feature_types" : {"sofa" : "_ref" }, 
        "_subtypes" : ["DocumentMetaData" ] }, 
      "Annotation" : {
        "_feature_types" : {"sofa" : "_ref" }, 
        "_subtypes" : ["DocumentAnnotation",  "Relation",  "Sentence",  "Span",  "TagsetDescription",  "Token" ] }, 
      "AnnotationBase" : {
        "_feature_types" : {"sofa" : "_ref" }, 
        "_subtypes" : ["Annotation" ] }, 
      "TOP" : {
        "_subtypes" : ["AnnotationBase",  "Sofa" ] } } }, 
  "_views" : {
    "_InitialView" : {
      "Relation" : [
        {"sofa" : 1,  "begin" : 2538,  "end" : 2547,  "Dependent" : 9314,  "Governor" : 9319 }, 
        {"sofa" : 1,  "begin" : 2683,  "end" : 2691,  "Dependent" : 9331,  "Governor" : 9336 }, 
        {"sofa" : 1,  "begin" : 2683,  "end" : 2691,  "Dependent" : 9331,  "Governor" : 9348 }, 
        {"sofa" : 1,  "begin" : 2683,  "end" : 2691,  "Dependent" : 9331,  "Governor" : 9360 }, 
        {"sofa" : 1,  "begin" : 2710,  "end" : 2717,  "Dependent" : 9372,  "Governor" : 9377 }, 
        {"sofa" : 1,  "begin" : 2710,  "end" : 2717,  "Dependent" : 9372,  "Governor" : 9389 }, 
        {"sofa" : 1,  "begin" : 2710,  "end" : 2717,  "Dependent" : 9372,  "Governor" : 9401 }, 
        {"sofa" : 1,  "begin" : 2799,  "end" : 2808,  "Dependent" : 9418,  "Governor" : 9413 }, 
        {"sofa" : 1,  "begin" : 2799,  "end" : 2808,  "Dependent" : 9418,  "Governor" : 9524 }, 
        {"sofa" : 1,  "begin" : 2886,  "end" : 2891,  "Dependent" : 9447,  "Governor" : 9459 }, 
        {"sofa" : 1,  "begin" : 2886,  "end" : 2891,  "Dependent" : 9447,  "Governor" : 9488 }, 
        {"sofa" : 1,  "begin" : 2886,  "end" : 2891,  "Dependent" : 9447,  "Governor" : 9493 }, 
        {"sofa" : 1,  "begin" : 2886,  "end" : 2891,  "Dependent" : 9447,  "Governor" : 9498 }, 
        {"sofa" : 1,  "begin" : 2955,  "end" : 2959,  "Dependent" : 9471,  "Governor" : 9476 }, 
        {"sofa" : 1,  "begin" : 2955,  "end" : 2959,  "Dependent" : 9471,  "Governor" : 9536 } ], 
      "Span" : [9319,  9314,  9360,  9331,  9336,  9348,  9401,  9372,  9377,  9389,  9524,  9413,  9418,  9488,  9493,  9498,  9447,  9459,  9476,  9471,  9536 ], 
      "DocumentMetaData" : [
        {"sofa" : 1,  "end" : 3535,  "language" : "x-unspecified",  "documentTitle" : "004E%20Samuel%20Purchase%20%201657%20A%20THEATRE%20OF%20Politicall%20Flying%20Insects.TXT__84_SCIE.txt",  "documentId" : "teresa",  "documentUri" : "file:/home/dhuser/alessio/inception/repository/project/29/document/2822/source/teresa",  "collectionId" : "file:/home/dhuser/alessio/inception/repository/project/29/document/2822/source/",  "documentBaseUri" : "file:/home/dhuser/alessio/inception/repository/project/29/document/2822/source/",  "isLastSegment" : false } ], 
      "TagsetDescription" : [
        {"sofa" : 1,  "layer" : "webanno.custom.Emotions",  "name" : "Emotion Labels",  "input" : false }, 
        {"sofa" : 1,  "layer" : "custom.Relation",  "name" : "Relation labels",  "input" : false }, 
        {"sofa" : 1,  "layer" : "custom.Span",  "name" : "Smell labels",  "input" : false } ], 
      "Sentence" : [
        {"sofa" : 1,  "begin" : 3,  "end" : 166 }, 
        {"sofa" : 1,  "begin" : 170,  "end" : 173 }, 
        {"sofa" : 1,  "begin" : 175,  "end" : 602 }, 
        {"sofa" : 1,  "begin" : 603,  "end" : 1179 }, 
        {"sofa" : 1,  "begin" : 1183,  "end" : 1187 }, 
        {"sofa" : 1,  "begin" : 1189,  "end" : 1349 }, 
        {"sofa" : 1,  "begin" : 1350,  "end" : 1497 }, 
        {"sofa" : 1,  "begin" : 1501,  "end" : 1506 }, 
        {"sofa" : 1,  "begin" : 1508,  "end" : 1718 }, 
        {"sofa" : 1,  "begin" : 1719,  "end" : 1973 }, 
        {"sofa" : 1,  "begin" : 1974,  "end" : 2431 }, 
        {"sofa" : 1,  "begin" : 2435,  "end" : 2441 }, 
        {"sofa" : 1,  "begin" : 2443,  "end" : 2607 }, 
        {"sofa" : 1,  "begin" : 2611,  "end" : 2616 }, 
        {"sofa" : 1,  "begin" : 2618,  "end" : 2725 }, 
        {"sofa" : 1,  "begin" : 2726,  "end" : 2909 }, 
        {"sofa" : 1,  "begin" : 2910,  "end" : 3025 }, 
        {"sofa" : 1,  "begin" : 3026,  "end" : 3348 }, 
        {"sofa" : 1,  "begin" : 3349,  "end" : 3534 } ], 
      "Token" : [
        {"sofa" : 1,  "begin" : 3,  "end" : 11 }, 
        {"sofa" : 1,  "begin" : 12,  "end" : 14 }, 
        {"sofa" : 1,  "begin" : 15,  "end" : 18 }, 
        {"sofa" : 1,  "begin" : 19,  "end" : 27 }, 
        {"sofa" : 1,  "begin" : 28,  "end" : 33 }, 
        {"sofa" : 1,  "begin" : 34,  "end" : 36 }, 
        {"sofa" : 1,  "begin" : 37,  "end" : 45 }, 
        {"sofa" : 1,  "begin" : 45,  "end" : 46 }, 
        {"sofa" : 1,  "begin" : 47,  "end" : 50 }, 
        {"sofa" : 1,  "begin" : 51,  "end" : 56 }, 
        {"sofa" : 1,  "begin" : 57,  "end" : 59 }, 
        {"sofa" : 1,  "begin" : 60,  "end" : 63 }, 
        {"sofa" : 1,  "begin" : 64,  "end" : 68 }, 
        {"sofa" : 1,  "begin" : 68,  "end" : 69 }, 
        {"sofa" : 1,  "begin" : 70,  "end" : 75 }, 
        {"sofa" : 1,  "begin" : 76,  "end" : 81 }, 
        {"sofa" : 1,  "begin" : 82,  "end" : 88 }, 
        {"sofa" : 1,  "begin" : 89,  "end" : 96 }, 
        {"sofa" : 1,  "begin" : 96,  "end" : 97 }, 
        {"sofa" : 1,  "begin" : 98,  "end" : 104 }, 
        {"sofa" : 1,  "begin" : 105,  "end" : 109 }, 
        {"sofa" : 1,  "begin" : 110,  "end" : 114 }, 
        {"sofa" : 1,  "begin" : 115,  "end" : 121 }, 
        {"sofa" : 1,  "begin" : 121,  "end" : 122 }, 
        {"sofa" : 1,  "begin" : 123,  "end" : 129 }, 
        {"sofa" : 1,  "begin" : 130,  "end" : 137 }, 
        {"sofa" : 1,  "begin" : 138,  "end" : 140 }, 
        {"sofa" : 1,  "begin" : 141,  "end" : 146 }, 
        {"sofa" : 1,  "begin" : 147,  "end" : 149 }, 
        {"sofa" : 1,  "begin" : 150,  "end" : 154 }, 
        {"sofa" : 1,  "begin" : 155,  "end" : 165 }, 
        {"sofa" : 1,  "begin" : 165,  "end" : 166 }, 
        {"sofa" : 1,  "begin" : 170,  "end" : 172 }, 
        {"sofa" : 1,  "begin" : 172,  "end" : 173 }, 
        {"sofa" : 1,  "begin" : 175,  "end" : 178 }, 
        {"sofa" : 1,  "begin" : 179,  "end" : 183 }, 
        {"sofa" : 1,  "begin" : 184,  "end" : 186 }, 
        {"sofa" : 1,  "begin" : 187,  "end" : 192 }, 
        {"sofa" : 1,  "begin" : 193,  "end" : 195 }, 
        {"sofa" : 1,  "begin" : 196,  "end" : 198 }, 
        {"sofa" : 1,  "begin" : 199,  "end" : 200 }, 
        {"sofa" : 1,  "begin" : 201,  "end" : 202 }, 
        {"sofa" : 1,  "begin" : 203,  "end" : 208 }, 
        {"sofa" : 1,  "begin" : 209,  "end" : 214 }, 
        {"sofa" : 1,  "begin" : 215,  "end" : 217 }, 
        {"sofa" : 1,  "begin" : 218,  "end" : 222 }, 
        {"sofa" : 1,  "begin" : 223,  "end" : 225 }, 
        {"sofa" : 1,  "begin" : 226,  "end" : 227 }, 
        {"sofa" : 1,  "begin" : 228,  "end" : 232 }, 
        {"sofa" : 1,  "begin" : 233,  "end" : 241 }, 
        {"sofa" : 1,  "begin" : 241,  "end" : 242 }, 
        {"sofa" : 1,  "begin" : 243,  "end" : 246 }, 
        {"sofa" : 1,  "begin" : 247,  "end" : 251 }, 
        {"sofa" : 1,  "begin" : 252,  "end" : 262 }, 
        {"sofa" : 1,  "begin" : 263,  "end" : 265 }, 
        {"sofa" : 1,  "begin" : 266,  "end" : 268 }, 
        {"sofa" : 1,  "begin" : 269,  "end" : 274 }, 
        {"sofa" : 1,  "begin" : 274,  "end" : 275 }, 
        {"sofa" : 1,  "begin" : 276,  "end" : 281 }, 
        {"sofa" : 1,  "begin" : 282,  "end" : 292 }, 
        {"sofa" : 1,  "begin" : 293,  "end" : 299 }, 
        {"sofa" : 1,  "begin" : 299,  "end" : 300 }, 
        {"sofa" : 1,  "begin" : 301,  "end" : 304 }, 
        {"sofa" : 1,  "begin" : 305,  "end" : 309 }, 
        {"sofa" : 1,  "begin" : 310,  "end" : 312 }, 
        {"sofa" : 1,  "begin" : 313,  "end" : 315 }, 
        {"sofa" : 1,  "begin" : 316,  "end" : 320 }, 
        {"sofa" : 1,  "begin" : 321,  "end" : 323 }, 
        {"sofa" : 1,  "begin" : 324,  "end" : 326 }, 
        {"sofa" : 1,  "begin" : 327,  "end" : 329 }, 
        {"sofa" : 1,  "begin" : 330,  "end" : 340 }, 
        {"sofa" : 1,  "begin" : 340,  "end" : 341 }, 
        {"sofa" : 1,  "begin" : 342,  "end" : 346 }, 
        {"sofa" : 1,  "begin" : 347,  "end" : 349 }, 
        {"sofa" : 1,  "begin" : 350,  "end" : 352 }, 
        {"sofa" : 1,  "begin" : 353,  "end" : 356 }, 
        {"sofa" : 1,  "begin" : 357,  "end" : 358 }, 
        {"sofa" : 1,  "begin" : 359,  "end" : 363 }, 
        {"sofa" : 1,  "begin" : 364,  "end" : 365 }, 
        {"sofa" : 1,  "begin" : 366,  "end" : 376 }, 
        {"sofa" : 1,  "begin" : 377,  "end" : 381 }, 
        {"sofa" : 1,  "begin" : 381,  "end" : 382 }, 
        {"sofa" : 1,  "begin" : 383,  "end" : 390 }, 
        {"sofa" : 1,  "begin" : 391,  "end" : 394 }, 
        {"sofa" : 1,  "begin" : 395,  "end" : 401 }, 
        {"sofa" : 1,  "begin" : 402,  "end" : 404 }, 
        {"sofa" : 1,  "begin" : 405,  "end" : 416 }, 
        {"sofa" : 1,  "begin" : 416,  "end" : 417 }, 
        {"sofa" : 1,  "begin" : 418,  "end" : 421 }, 
        {"sofa" : 1,  "begin" : 422,  "end" : 427 }, 
        {"sofa" : 1,  "begin" : 428,  "end" : 429 }, 
        {"sofa" : 1,  "begin" : 430,  "end" : 433 }, 
        {"sofa" : 1,  "begin" : 434,  "end" : 439 }, 
        {"sofa" : 1,  "begin" : 440,  "end" : 443 }, 
        {"sofa" : 1,  "begin" : 444,  "end" : 447 }, 
        {"sofa" : 1,  "begin" : 448,  "end" : 453 }, 
        {"sofa" : 1,  "begin" : 454,  "end" : 458 }, 
        {"sofa" : 1,  "begin" : 459,  "end" : 466 }, 
        {"sofa" : 1,  "begin" : 466,  "end" : 467 }, 
        {"sofa" : 1,  "begin" : 468,  "end" : 472 }, 
        {"sofa" : 1,  "begin" : 473,  "end" : 477 }, 
        {"sofa" : 1,  "begin" : 478,  "end" : 482 }, 
        {"sofa" : 1,  "begin" : 483,  "end" : 485 }, 
        {"sofa" : 1,  "begin" : 486,  "end" : 491 }, 
        {"sofa" : 1,  "begin" : 492,  "end" : 495 }, 
        {"sofa" : 1,  "begin" : 496,  "end" : 505 }, 
        {"sofa" : 1,  "begin" : 506,  "end" : 513 }, 
        {"sofa" : 1,  "begin" : 514,  "end" : 519 }, 
        {"sofa" : 1,  "begin" : 520,  "end" : 523 }, 
        {"sofa" : 1,  "begin" : 524,  "end" : 526 }, 
        {"sofa" : 1,  "begin" : 527,  "end" : 533 }, 
        {"sofa" : 1,  "begin" : 534,  "end" : 543 }, 
        {"sofa" : 1,  "begin" : 544,  "end" : 550 }, 
        {"sofa" : 1,  "begin" : 550,  "end" : 551 }, 
        {"sofa" : 1,  "begin" : 552,  "end" : 555 }, 
        {"sofa" : 1,  "begin" : 556,  "end" : 560 }, 
        {"sofa" : 1,  "begin" : 561,  "end" : 563 }, 
        {"sofa" : 1,  "begin" : 564,  "end" : 569 }, 
        {"sofa" : 1,  "begin" : 570,  "end" : 575 }, 
        {"sofa" : 1,  "begin" : 576,  "end" : 578 }, 
        {"sofa" : 1,  "begin" : 579,  "end" : 584 }, 
        {"sofa" : 1,  "begin" : 585,  "end" : 592 }, 
        {"sofa" : 1,  "begin" : 593,  "end" : 601 }, 
        {"sofa" : 1,  "begin" : 601,  "end" : 602 }, 
        {"sofa" : 1,  "begin" : 603,  "end" : 606 }, 
        {"sofa" : 1,  "begin" : 607,  "end" : 609 }, 
        {"sofa" : 1,  "begin" : 610,  "end" : 613 }, 
        {"sofa" : 1,  "begin" : 614,  "end" : 618 }, 
        {"sofa" : 1,  "begin" : 619,  "end" : 622 }, 
        {"sofa" : 1,  "begin" : 623,  "end" : 627 }, 
        {"sofa" : 1,  "begin" : 628,  "end" : 631 }, 
        {"sofa" : 1,  "begin" : 632,  "end" : 637 }, 
        {"sofa" : 1,  "begin" : 638,  "end" : 645 }, 
        {"sofa" : 1,  "begin" : 646,  "end" : 648 }, 
        {"sofa" : 1,  "begin" : 649,  "end" : 652 }, 
        {"sofa" : 1,  "begin" : 653,  "end" : 658 }, 
        {"sofa" : 1,  "begin" : 659,  "end" : 661 }, 
        {"sofa" : 1,  "begin" : 662,  "end" : 666 }, 
        {"sofa" : 1,  "begin" : 666,  "end" : 667 }, 
        {"sofa" : 1,  "begin" : 668,  "end" : 674 }, 
        {"sofa" : 1,  "begin" : 675,  "end" : 677 }, 
        {"sofa" : 1,  "begin" : 678,  "end" : 680 }, 
        {"sofa" : 1,  "begin" : 680,  "end" : 681 }, 
        {"sofa" : 1,  "begin" : 682,  "end" : 685 }, 
        {"sofa" : 1,  "begin" : 686,  "end" : 696 }, 
        {"sofa" : 1,  "begin" : 697,  "end" : 699 }, 
        {"sofa" : 1,  "begin" : 700,  "end" : 703 }, 
        {"sofa" : 1,  "begin" : 704,  "end" : 709 }, 
        {"sofa" : 1,  "begin" : 710,  "end" : 711 }, 
        {"sofa" : 1,  "begin" : 712,  "end" : 715 }, 
        {"sofa" : 1,  "begin" : 716,  "end" : 724 }, 
        {"sofa" : 1,  "begin" : 724,  "end" : 725 }, 
        {"sofa" : 1,  "begin" : 726,  "end" : 729 }, 
        {"sofa" : 1,  "begin" : 730,  "end" : 732 }, 
        {"sofa" : 1,  "begin" : 733,  "end" : 736 }, 
        {"sofa" : 1,  "begin" : 737,  "end" : 742 }, 
        {"sofa" : 1,  "begin" : 743,  "end" : 745 }, 
        {"sofa" : 1,  "begin" : 746,  "end" : 749 }, 
        {"sofa" : 1,  "begin" : 750,  "end" : 755 }, 
        {"sofa" : 1,  "begin" : 755,  "end" : 756 }, 
        {"sofa" : 1,  "begin" : 757,  "end" : 759 }, 
        {"sofa" : 1,  "begin" : 760,  "end" : 764 }, 
        {"sofa" : 1,  "begin" : 765,  "end" : 768 }, 
        {"sofa" : 1,  "begin" : 769,  "end" : 774 }, 
        {"sofa" : 1,  "begin" : 775,  "end" : 779 }, 
        {"sofa" : 1,  "begin" : 780,  "end" : 783 }, 
        {"sofa" : 1,  "begin" : 784,  "end" : 792 }, 
        {"sofa" : 1,  "begin" : 792,  "end" : 793 }, 
        {"sofa" : 1,  "begin" : 794,  "end" : 798 }, 
        {"sofa" : 1,  "begin" : 799,  "end" : 802 }, 
        {"sofa" : 1,  "begin" : 803,  "end" : 810 }, 
        {"sofa" : 1,  "begin" : 811,  "end" : 813 }, 
        {"sofa" : 1,  "begin" : 814,  "end" : 817 }, 
        {"sofa" : 1,  "begin" : 818,  "end" : 826 }, 
        {"sofa" : 1,  "begin" : 827,  "end" : 828 }, 
        {"sofa" : 1,  "begin" : 829,  "end" : 832 }, 
        {"sofa" : 1,  "begin" : 833,  "end" : 838 }, 
        {"sofa" : 1,  "begin" : 838,  "end" : 839 }, 
        {"sofa" : 1,  "begin" : 840,  "end" : 842 }, 
        {"sofa" : 1,  "begin" : 843,  "end" : 850 }, 
        {"sofa" : 1,  "begin" : 851,  "end" : 856 }, 
        {"sofa" : 1,  "begin" : 857,  "end" : 862 }, 
        {"sofa" : 1,  "begin" : 863,  "end" : 869 }, 
        {"sofa" : 1,  "begin" : 870,  "end" : 872 }, 
        {"sofa" : 1,  "begin" : 873,  "end" : 875 }, 
        {"sofa" : 1,  "begin" : 876,  "end" : 878 }, 
        {"sofa" : 1,  "begin" : 879,  "end" : 880 }, 
        {"sofa" : 1,  "begin" : 881,  "end" : 885 }, 
        {"sofa" : 1,  "begin" : 886,  "end" : 889 }, 
        {"sofa" : 1,  "begin" : 890,  "end" : 896 }, 
        {"sofa" : 1,  "begin" : 897,  "end" : 902 }, 
        {"sofa" : 1,  "begin" : 902,  "end" : 903 }, 
        {"sofa" : 1,  "begin" : 904,  "end" : 908 }, 
        {"sofa" : 1,  "begin" : 909,  "end" : 911 }, 
        {"sofa" : 1,  "begin" : 912,  "end" : 921 }, 
        {"sofa" : 1,  "begin" : 921,  "end" : 922 }, 
        {"sofa" : 1,  "begin" : 923,  "end" : 926 }, 
        {"sofa" : 1,  "begin" : 927,  "end" : 931 }, 
        {"sofa" : 1,  "begin" : 932,  "end" : 937 }, 
        {"sofa" : 1,  "begin" : 938,  "end" : 941 }, 
        {"sofa" : 1,  "begin" : 942,  "end" : 946 }, 
        {"sofa" : 1,  "begin" : 947,  "end" : 953 }, 
        {"sofa" : 1,  "begin" : 954,  "end" : 958 }, 
        {"sofa" : 1,  "begin" : 959,  "end" : 964 }, 
        {"sofa" : 1,  "begin" : 965,  "end" : 971 }, 
        {"sofa" : 1,  "begin" : 971,  "end" : 972 }, 
        {"sofa" : 1,  "begin" : 973,  "end" : 978 }, 
        {"sofa" : 1,  "begin" : 979,  "end" : 990 }, 
        {"sofa" : 1,  "begin" : 991,  "end" : 995 }, 
        {"sofa" : 1,  "begin" : 995,  "end" : 996 }, 
        {"sofa" : 1,  "begin" : 997,  "end" : 1000 }, 
        {"sofa" : 1,  "begin" : 1001,  "end" : 1007 }, 
        {"sofa" : 1,  "begin" : 1008,  "end" : 1012 }, 
        {"sofa" : 1,  "begin" : 1013,  "end" : 1018 }, 
        {"sofa" : 1,  "begin" : 1019,  "end" : 1024 }, 
        {"sofa" : 1,  "begin" : 1025,  "end" : 1031 }, 
        {"sofa" : 1,  "begin" : 1032,  "end" : 1034 }, 
        {"sofa" : 1,  "begin" : 1035,  "end" : 1044 }, 
        {"sofa" : 1,  "begin" : 1045,  "end" : 1048 }, 
        {"sofa" : 1,  "begin" : 1049,  "end" : 1058 }, 
        {"sofa" : 1,  "begin" : 1058,  "end" : 1059 }, 
        {"sofa" : 1,  "begin" : 1060,  "end" : 1063 }, 
        {"sofa" : 1,  "begin" : 1064,  "end" : 1068 }, 
        {"sofa" : 1,  "begin" : 1069,  "end" : 1071 }, 
        {"sofa" : 1,  "begin" : 1072,  "end" : 1080 }, 
        {"sofa" : 1,  "begin" : 1081,  "end" : 1085 }, 
        {"sofa" : 1,  "begin" : 1086,  "end" : 1090 }, 
        {"sofa" : 1,  "begin" : 1091,  "end" : 1094 }, 
        {"sofa" : 1,  "begin" : 1095,  "end" : 1101 }, 
        {"sofa" : 1,  "begin" : 1102,  "end" : 1106 }, 
        {"sofa" : 1,  "begin" : 1107,  "end" : 1109 }, 
        {"sofa" : 1,  "begin" : 1110,  "end" : 1113 }, 
        {"sofa" : 1,  "begin" : 1114,  "end" : 1120 }, 
        {"sofa" : 1,  "begin" : 1120,  "end" : 1121 }, 
        {"sofa" : 1,  "begin" : 1122,  "end" : 1125 }, 
        {"sofa" : 1,  "begin" : 1126,  "end" : 1130 }, 
        {"sofa" : 1,  "begin" : 1131,  "end" : 1134 }, 
        {"sofa" : 1,  "begin" : 1135,  "end" : 1137 }, 
        {"sofa" : 1,  "begin" : 1138,  "end" : 1142 }, 
        {"sofa" : 1,  "begin" : 1143,  "end" : 1146 }, 
        {"sofa" : 1,  "begin" : 1147,  "end" : 1148 }, 
        {"sofa" : 1,  "begin" : 1148,  "end" : 1149 }, 
        {"sofa" : 1,  "begin" : 1149,  "end" : 1151 }, 
        {"sofa" : 1,  "begin" : 1152,  "end" : 1154 }, 
        {"sofa" : 1,  "begin" : 1155,  "end" : 1158 }, 
        {"sofa" : 1,  "begin" : 1159,  "end" : 1162 }, 
        {"sofa" : 1,  "begin" : 1163,  "end" : 1171 }, 
        {"sofa" : 1,  "begin" : 1172,  "end" : 1178 }, 
        {"sofa" : 1,  "begin" : 1178,  "end" : 1179 }, 
        {"sofa" : 1,  "begin" : 1183,  "end" : 1186 }, 
        {"sofa" : 1,  "begin" : 1186,  "end" : 1187 }, 
        {"sofa" : 1,  "begin" : 1189,  "end" : 1191 }, 
        {"sofa" : 1,  "begin" : 1192,  "end" : 1198 }, 
        {"sofa" : 1,  "begin" : 1199,  "end" : 1202 }, 
        {"sofa" : 1,  "begin" : 1203,  "end" : 1205 }, 
        {"sofa" : 1,  "begin" : 1206,  "end" : 1209 }, 
        {"sofa" : 1,  "begin" : 1210,  "end" : 1213 }, 
        {"sofa" : 1,  "begin" : 1214,  "end" : 1218 }, 
        {"sofa" : 1,  "begin" : 1219,  "end" : 1222 }, 
        {"sofa" : 1,  "begin" : 1223,  "end" : 1227 }, 
        {"sofa" : 1,  "begin" : 1228,  "end" : 1234 }, 
        {"sofa" : 1,  "begin" : 1235,  "end" : 1245 }, 
        {"sofa" : 1,  "begin" : 1249,  "end" : 1253 }, 
        {"sofa" : 1,  "begin" : 1254,  "end" : 1257 }, 
        {"sofa" : 1,  "begin" : 1258,  "end" : 1264 }, 
        {"sofa" : 1,  "begin" : 1264,  "end" : 1265 }, 
        {"sofa" : 1,  "begin" : 1266,  "end" : 1269 }, 
        {"sofa" : 1,  "begin" : 1270,  "end" : 1276 }, 
        {"sofa" : 1,  "begin" : 1277,  "end" : 1285 }, 
        {"sofa" : 1,  "begin" : 1286,  "end" : 1289 }, 
        {"sofa" : 1,  "begin" : 1290,  "end" : 1297 }, 
        {"sofa" : 1,  "begin" : 1298,  "end" : 1300 }, 
        {"sofa" : 1,  "begin" : 1301,  "end" : 1303 }, 
        {"sofa" : 1,  "begin" : 1304,  "end" : 1307 }, 
        {"sofa" : 1,  "begin" : 1308,  "end" : 1312 }, 
        {"sofa" : 1,  "begin" : 1313,  "end" : 1318 }, 
        {"sofa" : 1,  "begin" : 1318,  "end" : 1319 }, 
        {"sofa" : 1,  "begin" : 1320,  "end" : 1323 }, 
        {"sofa" : 1,  "begin" : 1324,  "end" : 1326 }, 
        {"sofa" : 1,  "begin" : 1327,  "end" : 1329 }, 
        {"sofa" : 1,  "begin" : 1330,  "end" : 1337 }, 
        {"sofa" : 1,  "begin" : 1338,  "end" : 1342 }, 
        {"sofa" : 1,  "begin" : 1343,  "end" : 1348 }, 
        {"sofa" : 1,  "begin" : 1348,  "end" : 1349 }, 
        {"sofa" : 1,  "begin" : 1350,  "end" : 1354 }, 
        {"sofa" : 1,  "begin" : 1355,  "end" : 1359 }, 
        {"sofa" : 1,  "begin" : 1360,  "end" : 1362 }, 
        {"sofa" : 1,  "begin" : 1363,  "end" : 1367 }, 
        {"sofa" : 1,  "begin" : 1368,  "end" : 1374 }, 
        {"sofa" : 1,  "begin" : 1375,  "end" : 1378 }, 
        {"sofa" : 1,  "begin" : 1379,  "end" : 1387 }, 
        {"sofa" : 1,  "begin" : 1388,  "end" : 1393 }, 
        {"sofa" : 1,  "begin" : 1393,  "end" : 1394 }, 
        {"sofa" : 1,  "begin" : 1395,  "end" : 1397 }, 
        {"sofa" : 1,  "begin" : 1398,  "end" : 1404 }, 
        {"sofa" : 1,  "begin" : 1405,  "end" : 1407 }, 
        {"sofa" : 1,  "begin" : 1408,  "end" : 1412 }, 
        {"sofa" : 1,  "begin" : 1413,  "end" : 1423 }, 
        {"sofa" : 1,  "begin" : 1424,  "end" : 1431 }, 
        {"sofa" : 1,  "begin" : 1432,  "end" : 1434 }, 
        {"sofa" : 1,  "begin" : 1435,  "end" : 1437 }, 
        {"sofa" : 1,  "begin" : 1438,  "end" : 1441 }, 
        {"sofa" : 1,  "begin" : 1442,  "end" : 1448 }, 
        {"sofa" : 1,  "begin" : 1448,  "end" : 1449 }, 
        {"sofa" : 1,  "begin" : 1450,  "end" : 1453 }, 
        {"sofa" : 1,  "begin" : 1454,  "end" : 1458 }, 
        {"sofa" : 1,  "begin" : 1459,  "end" : 1461 }, 
        {"sofa" : 1,  "begin" : 1462,  "end" : 1467 }, 
        {"sofa" : 1,  "begin" : 1468,  "end" : 1474 }, 
        {"sofa" : 1,  "begin" : 1475,  "end" : 1479 }, 
        {"sofa" : 1,  "begin" : 1480,  "end" : 1490 }, 
        {"sofa" : 1,  "begin" : 1491,  "end" : 1496 }, 
        {"sofa" : 1,  "begin" : 1496,  "end" : 1497 }, 
        {"sofa" : 1,  "begin" : 1501,  "end" : 1505 }, 
        {"sofa" : 1,  "begin" : 1505,  "end" : 1506 }, 
        {"sofa" : 1,  "begin" : 1508,  "end" : 1511 }, 
        {"sofa" : 1,  "begin" : 1512,  "end" : 1517 }, 
        {"sofa" : 1,  "begin" : 1518,  "end" : 1522 }, 
        {"sofa" : 1,  "begin" : 1523,  "end" : 1525 }, 
        {"sofa" : 1,  "begin" : 1526,  "end" : 1531 }, 
        {"sofa" : 1,  "begin" : 1532,  "end" : 1534 }, 
        {"sofa" : 1,  "begin" : 1535,  "end" : 1539 }, 
        {"sofa" : 1,  "begin" : 1540,  "end" : 1544 }, 
        {"sofa" : 1,  "begin" : 1545,  "end" : 1549 }, 
        {"sofa" : 1,  "begin" : 1550,  "end" : 1555 }, 
        {"sofa" : 1,  "begin" : 1556,  "end" : 1562 }, 
        {"sofa" : 1,  "begin" : 1563,  "end" : 1568 }, 
        {"sofa" : 1,  "begin" : 1568,  "end" : 1569 }, 
        {"sofa" : 1,  "begin" : 1570,  "end" : 1573 }, 
        {"sofa" : 1,  "begin" : 1574,  "end" : 1584 }, 
        {"sofa" : 1,  "begin" : 1585,  "end" : 1590 }, 
        {"sofa" : 1,  "begin" : 1591,  "end" : 1596 }, 
        {"sofa" : 1,  "begin" : 1597,  "end" : 1600 }, 
        {"sofa" : 1,  "begin" : 1601,  "end" : 1610 }, 
        {"sofa" : 1,  "begin" : 1610,  "end" : 1611 }, 
        {"sofa" : 1,  "begin" : 1612,  "end" : 1615 }, 
        {"sofa" : 1,  "begin" : 1616,  "end" : 1619 }, 
        {"sofa" : 1,  "begin" : 1620,  "end" : 1626 }, 
        {"sofa" : 1,  "begin" : 1627,  "end" : 1630 }, 
        {"sofa" : 1,  "begin" : 1631,  "end" : 1643 }, 
        {"sofa" : 1,  "begin" : 1644,  "end" : 1646 }, 
        {"sofa" : 1,  "begin" : 1647,  "end" : 1651 }, 
        {"sofa" : 1,  "begin" : 1652,  "end" : 1658 }, 
        {"sofa" : 1,  "begin" : 1658,  "end" : 1659 }, 
        {"sofa" : 1,  "begin" : 1660,  "end" : 1669 }, 
        {"sofa" : 1,  "begin" : 1670,  "end" : 1674 }, 
        {"sofa" : 1,  "begin" : 1675,  "end" : 1677 }, 
        {"sofa" : 1,  "begin" : 1678,  "end" : 1683 }, 
        {"sofa" : 1,  "begin" : 1684,  "end" : 1689 }, 
        {"sofa" : 1,  "begin" : 1689,  "end" : 1690 }, 
        {"sofa" : 1,  "begin" : 1691,  "end" : 1694 }, 
        {"sofa" : 1,  "begin" : 1695,  "end" : 1702 }, 
        {"sofa" : 1,  "begin" : 1703,  "end" : 1706 }, 
        {"sofa" : 1,  "begin" : 1707,  "end" : 1712 }, 
        {"sofa" : 1,  "begin" : 1713,  "end" : 1717 }, 
        {"sofa" : 1,  "begin" : 1717,  "end" : 1718 }, 
        {"sofa" : 1,  "begin" : 1719,  "end" : 1722 }, 
        {"sofa" : 1,  "begin" : 1723,  "end" : 1725 }, 
        {"sofa" : 1,  "begin" : 1726,  "end" : 1730 }, 
        {"sofa" : 1,  "begin" : 1731,  "end" : 1734 }, 
        {"sofa" : 1,  "begin" : 1735,  "end" : 1744 }, 
        {"sofa" : 1,  "begin" : 1745,  "end" : 1750 }, 
        {"sofa" : 1,  "begin" : 1750,  "end" : 1751 }, 
        {"sofa" : 1,  "begin" : 1752,  "end" : 1754 }, 
        {"sofa" : 1,  "begin" : 1755,  "end" : 1760 }, 
        {"sofa" : 1,  "begin" : 1761,  "end" : 1763 }, 
        {"sofa" : 1,  "begin" : 1764,  "end" : 1766 }, 
        {"sofa" : 1,  "begin" : 1767,  "end" : 1769 }, 
        {"sofa" : 1,  "begin" : 1770,  "end" : 1775 }, 
        {"sofa" : 1,  "begin" : 1776,  "end" : 1782 }, 
        {"sofa" : 1,  "begin" : 1782,  "end" : 1783 }, 
        {"sofa" : 1,  "begin" : 1784,  "end" : 1796 }, 
        {"sofa" : 1,  "begin" : 1797,  "end" : 1800 }, 
        {"sofa" : 1,  "begin" : 1801,  "end" : 1807 }, 
        {"sofa" : 1,  "begin" : 1808,  "end" : 1812 }, 
        {"sofa" : 1,  "begin" : 1813,  "end" : 1818 }, 
        {"sofa" : 1,  "begin" : 1819,  "end" : 1823 }, 
        {"sofa" : 1,  "begin" : 1824,  "end" : 1827 }, 
        {"sofa" : 1,  "begin" : 1827,  "end" : 1828 }, 
        {"sofa" : 1,  "begin" : 1829,  "end" : 1834 }, 
        {"sofa" : 1,  "begin" : 1835,  "end" : 1840 }, 
        {"sofa" : 1,  "begin" : 1841,  "end" : 1844 }, 
        {"sofa" : 1,  "begin" : 1845,  "end" : 1847 }, 
        {"sofa" : 1,  "begin" : 1848,  "end" : 1854 }, 
        {"sofa" : 1,  "begin" : 1855,  "end" : 1857 }, 
        {"sofa" : 1,  "begin" : 1858,  "end" : 1867 }, 
        {"sofa" : 1,  "begin" : 1867,  "end" : 1868 }, 
        {"sofa" : 1,  "begin" : 1869,  "end" : 1878 }, 
        {"sofa" : 1,  "begin" : 1879,  "end" : 1882 }, 
        {"sofa" : 1,  "begin" : 1883,  "end" : 1890 }, 
        {"sofa" : 1,  "begin" : 1890,  "end" : 1891 }, 
        {"sofa" : 1,  "begin" : 1892,  "end" : 1900 }, 
        {"sofa" : 1,  "begin" : 1901,  "end" : 1904 }, 
        {"sofa" : 1,  "begin" : 1905,  "end" : 1913 }, 
        {"sofa" : 1,  "begin" : 1914,  "end" : 1916 }, 
        {"sofa" : 1,  "begin" : 1917,  "end" : 1920 }, 
        {"sofa" : 1,  "begin" : 1921,  "end" : 1929 }, 
        {"sofa" : 1,  "begin" : 1930,  "end" : 1933 }, 
        {"sofa" : 1,  "begin" : 1934,  "end" : 1942 }, 
        {"sofa" : 1,  "begin" : 1942,  "end" : 1943 }, 
        {"sofa" : 1,  "begin" : 1944,  "end" : 1946 }, 
        {"sofa" : 1,  "begin" : 1947,  "end" : 1951 }, 
        {"sofa" : 1,  "begin" : 1952,  "end" : 1956 }, 
        {"sofa" : 1,  "begin" : 1957,  "end" : 1965 }, 
        {"sofa" : 1,  "begin" : 1966,  "end" : 1972 }, 
        {"sofa" : 1,  "begin" : 1972,  "end" : 1973 }, 
        {"sofa" : 1,  "begin" : 1974,  "end" : 1977 }, 
        {"sofa" : 1,  "begin" : 1978,  "end" : 1991 }, 
        {"sofa" : 1,  "begin" : 1992,  "end" : 1994 }, 
        {"sofa" : 1,  "begin" : 1995,  "end" : 1999 }, 
        {"sofa" : 1,  "begin" : 2000,  "end" : 2004 }, 
        {"sofa" : 1,  "begin" : 2005,  "end" : 2007 }, 
        {"sofa" : 1,  "begin" : 2007,  "end" : 2008 }, 
        {"sofa" : 1,  "begin" : 2009,  "end" : 2012 }, 
        {"sofa" : 1,  "begin" : 2013,  "end" : 2019 }, 
        {"sofa" : 1,  "begin" : 2020,  "end" : 2025 }, 
        {"sofa" : 1,  "begin" : 2026,  "end" : 2031 }, 
        {"sofa" : 1,  "begin" : 2032,  "end" : 2036 }, 
        {"sofa" : 1,  "begin" : 2037,  "end" : 2039 }, 
        {"sofa" : 1,  "begin" : 2040,  "end" : 2043 }, 
        {"sofa" : 1,  "begin" : 2044,  "end" : 2048 }, 
        {"sofa" : 1,  "begin" : 2049,  "end" : 2053 }, 
        {"sofa" : 1,  "begin" : 2054,  "end" : 2058 }, 
        {"sofa" : 1,  "begin" : 2059,  "end" : 2069 }, 
        {"sofa" : 1,  "begin" : 2070,  "end" : 2073 }, 
        {"sofa" : 1,  "begin" : 2074,  "end" : 2080 }, 
        {"sofa" : 1,  "begin" : 2080,  "end" : 2081 }, 
        {"sofa" : 1,  "begin" : 2082,  "end" : 2084 }, 
        {"sofa" : 1,  "begin" : 2085,  "end" : 2089 }, 
        {"sofa" : 1,  "begin" : 2090,  "end" : 2093 }, 
        {"sofa" : 1,  "begin" : 2094,  "end" : 2097 }, 
        {"sofa" : 1,  "begin" : 2098,  "end" : 2103 }, 
        {"sofa" : 1,  "begin" : 2104,  "end" : 2107 }, 
        {"sofa" : 1,  "begin" : 2108,  "end" : 2118 }, 
        {"sofa" : 1,  "begin" : 2119,  "end" : 2124 }, 
        {"sofa" : 1,  "begin" : 2125,  "end" : 2129 }, 
        {"sofa" : 1,  "begin" : 2130,  "end" : 2137 }, 
        {"sofa" : 1,  "begin" : 2138,  "end" : 2141 }, 
        {"sofa" : 1,  "begin" : 2142,  "end" : 2148 }, 
        {"sofa" : 1,  "begin" : 2149,  "end" : 2151 }, 
        {"sofa" : 1,  "begin" : 2152,  "end" : 2155 }, 
        {"sofa" : 1,  "begin" : 2155,  "end" : 2156 }, 
        {"sofa" : 1,  "begin" : 2157,  "end" : 2160 }, 
        {"sofa" : 1,  "begin" : 2161,  "end" : 2165 }, 
        {"sofa" : 1,  "begin" : 2166,  "end" : 2170 }, 
        {"sofa" : 1,  "begin" : 2171,  "end" : 2178 }, 
        {"sofa" : 1,  "begin" : 2179,  "end" : 2188 }, 
        {"sofa" : 1,  "begin" : 2189,  "end" : 2191 }, 
        {"sofa" : 1,  "begin" : 2192,  "end" : 2198 }, 
        {"sofa" : 1,  "begin" : 2198,  "end" : 2199 }, 
        {"sofa" : 1,  "begin" : 2200,  "end" : 2204 }, 
        {"sofa" : 1,  "begin" : 2205,  "end" : 2209 }, 
        {"sofa" : 1,  "begin" : 2210,  "end" : 2213 }, 
        {"sofa" : 1,  "begin" : 2214,  "end" : 2218 }, 
        {"sofa" : 1,  "begin" : 2219,  "end" : 2224 }, 
        {"sofa" : 1,  "begin" : 2225,  "end" : 2228 }, 
        {"sofa" : 1,  "begin" : 2229,  "end" : 2233 }, 
        {"sofa" : 1,  "begin" : 2234,  "end" : 2236 }, 
        {"sofa" : 1,  "begin" : 2237,  "end" : 2244 }, 
        {"sofa" : 1,  "begin" : 2245,  "end" : 2256 }, 
        {"sofa" : 1,  "begin" : 2257,  "end" : 2261 }, 
        {"sofa" : 1,  "begin" : 2262,  "end" : 2265 }, 
        {"sofa" : 1,  "begin" : 2266,  "end" : 2271 }, 
        {"sofa" : 1,  "begin" : 2272,  "end" : 2274 }, 
        {"sofa" : 1,  "begin" : 2275,  "end" : 2280 }, 
        {"sofa" : 1,  "begin" : 2281,  "end" : 2287 }, 
        {"sofa" : 1,  "begin" : 2288,  "end" : 2291 }, 
        {"sofa" : 1,  "begin" : 2292,  "end" : 2294 }, 
        {"sofa" : 1,  "begin" : 2295,  "end" : 2299 }, 
        {"sofa" : 1,  "begin" : 2300,  "end" : 2304 }, 
        {"sofa" : 1,  "begin" : 2305,  "end" : 2309 }, 
        {"sofa" : 1,  "begin" : 2310,  "end" : 2314 }, 
        {"sofa" : 1,  "begin" : 2314,  "end" : 2315 }, 
        {"sofa" : 1,  "begin" : 2316,  "end" : 2320 }, 
        {"sofa" : 1,  "begin" : 2321,  "end" : 2334 }, 
        {"sofa" : 1,  "begin" : 2335,  "end" : 2340 }, 
        {"sofa" : 1,  "begin" : 2340,  "end" : 2341 }, 
        {"sofa" : 1,  "begin" : 2342,  "end" : 2345 }, 
        {"sofa" : 1,  "begin" : 2346,  "end" : 2350 }, 
        {"sofa" : 1,  "begin" : 2351,  "end" : 2352 }, 
        {"sofa" : 1,  "begin" : 2353,  "end" : 2360 }, 
        {"sofa" : 1,  "begin" : 2361,  "end" : 2368 }, 
        {"sofa" : 1,  "begin" : 2369,  "end" : 2373 }, 
        {"sofa" : 1,  "begin" : 2374,  "end" : 2383 }, 
        {"sofa" : 1,  "begin" : 2384,  "end" : 2389 }, 
        {"sofa" : 1,  "begin" : 2390,  "end" : 2395 }, 
        {"sofa" : 1,  "begin" : 2396,  "end" : 2399 }, 
        {"sofa" : 1,  "begin" : 2400,  "end" : 2411 }, 
        {"sofa" : 1,  "begin" : 2412,  "end" : 2415 }, 
        {"sofa" : 1,  "begin" : 2416,  "end" : 2421 }, 
        {"sofa" : 1,  "begin" : 2422,  "end" : 2430 }, 
        {"sofa" : 1,  "begin" : 2430,  "end" : 2431 }, 
        {"sofa" : 1,  "begin" : 2435,  "end" : 2440 }, 
        {"sofa" : 1,  "begin" : 2440,  "end" : 2441 }, 
        {"sofa" : 1,  "begin" : 2443,  "end" : 2448 }, 
        {"sofa" : 1,  "begin" : 2449,  "end" : 2451 }, 
        {"sofa" : 1,  "begin" : 2452,  "end" : 2460 }, 
        {"sofa" : 1,  "begin" : 2461,  "end" : 2465 }, 
        {"sofa" : 1,  "begin" : 2466,  "end" : 2470 }, 
        {"sofa" : 1,  "begin" : 2471,  "end" : 2474 }, 
        {"sofa" : 1,  "begin" : 2475,  "end" : 2479 }, 
        {"sofa" : 1,  "begin" : 2480,  "end" : 2485 }, 
        {"sofa" : 1,  "begin" : 2486,  "end" : 2493 }, 
        {"sofa" : 1,  "begin" : 2494,  "end" : 2496 }, 
        {"sofa" : 1,  "begin" : 2497,  "end" : 2502 }, 
        {"sofa" : 1,  "begin" : 2503,  "end" : 2506 }, 
        {"sofa" : 1,  "begin" : 2507,  "end" : 2514 }, 
        {"sofa" : 1,  "begin" : 2514,  "end" : 2515 }, 
        {"sofa" : 1,  "begin" : 2516,  "end" : 2519 }, 
        {"sofa" : 1,  "begin" : 2520,  "end" : 2523 }, 
        {"sofa" : 1,  "begin" : 2524,  "end" : 2526 }, 
        {"sofa" : 1,  "begin" : 2527,  "end" : 2528 }, 
        {"sofa" : 1,  "begin" : 2529,  "end" : 2534 }, 
        {"sofa" : 1,  "begin" : 2534,  "end" : 2535 }, 
        {"sofa" : 1,  "begin" : 2536,  "end" : 2537 }, 
        {"sofa" : 1,  "begin" : 2538,  "end" : 2547 }, 
        {"sofa" : 1,  "begin" : 2548,  "end" : 2552 }, 
        {"sofa" : 1,  "begin" : 2553,  "end" : 2557 }, 
        {"sofa" : 1,  "begin" : 2558,  "end" : 2563 }, 
        {"sofa" : 1,  "begin" : 2564,  "end" : 2568 }, 
        {"sofa" : 1,  "begin" : 2569,  "end" : 2573 }, 
        {"sofa" : 1,  "begin" : 2574,  "end" : 2581 }, 
        {"sofa" : 1,  "begin" : 2581,  "end" : 2582 }, 
        {"sofa" : 1,  "begin" : 2583,  "end" : 2591 }, 
        {"sofa" : 1,  "begin" : 2591,  "end" : 2592 }, 
        {"sofa" : 1,  "begin" : 2593,  "end" : 2596 }, 
        {"sofa" : 1,  "begin" : 2597,  "end" : 2606 }, 
        {"sofa" : 1,  "begin" : 2606,  "end" : 2607 }, 
        {"sofa" : 1,  "begin" : 2611,  "end" : 2615 }, 
        {"sofa" : 1,  "begin" : 2615,  "end" : 2616 }, 
        {"sofa" : 1,  "begin" : 2618,  "end" : 2622 }, 
        {"sofa" : 1,  "begin" : 2623,  "end" : 2626 }, 
        {"sofa" : 1,  "begin" : 2627,  "end" : 2632 }, 
        {"sofa" : 1,  "begin" : 2633,  "end" : 2639 }, 
        {"sofa" : 1,  "begin" : 2640,  "end" : 2643 }, 
        {"sofa" : 1,  "begin" : 2644,  "end" : 2651 }, 
        {"sofa" : 1,  "begin" : 2652,  "end" : 2661 }, 
        {"sofa" : 1,  "begin" : 2661,  "end" : 2662 }, 
        {"sofa" : 1,  "begin" : 2663,  "end" : 2672 }, 
        {"sofa" : 1,  "begin" : 2673,  "end" : 2682 }, 
        {"sofa" : 1,  "begin" : 2683,  "end" : 2691 }, 
        {"sofa" : 1,  "begin" : 2692,  "end" : 2698 }, 
        {"sofa" : 1,  "begin" : 2699,  "end" : 2702 }, 
        {"sofa" : 1,  "begin" : 2703,  "end" : 2709 }, 
        {"sofa" : 1,  "begin" : 2710,  "end" : 2717 }, 
        {"sofa" : 1,  "begin" : 2718,  "end" : 2724 }, 
        {"sofa" : 1,  "begin" : 2724,  "end" : 2725 }, 
        {"sofa" : 1,  "begin" : 2726,  "end" : 2728 }, 
        {"sofa" : 1,  "begin" : 2729,  "end" : 2731 }, 
        {"sofa" : 1,  "begin" : 2732,  "end" : 2736 }, 
        {"sofa" : 1,  "begin" : 2737,  "end" : 2741 }, 
        {"sofa" : 1,  "begin" : 2742,  "end" : 2748 }, 
        {"sofa" : 1,  "begin" : 2749,  "end" : 2751 }, 
        {"sofa" : 1,  "begin" : 2752,  "end" : 2755 }, 
        {"sofa" : 1,  "begin" : 2756,  "end" : 2763 }, 
        {"sofa" : 1,  "begin" : 2764,  "end" : 2766 }, 
        {"sofa" : 1,  "begin" : 2767,  "end" : 2771 }, 
        {"sofa" : 1,  "begin" : 2772,  "end" : 2777 }, 
        {"sofa" : 1,  "begin" : 2778,  "end" : 2783 }, 
        {"sofa" : 1,  "begin" : 2784,  "end" : 2787 }, 
        {"sofa" : 1,  "begin" : 2788,  "end" : 2794 }, 
        {"sofa" : 1,  "begin" : 2795,  "end" : 2798 }, 
        {"sofa" : 1,  "begin" : 2799,  "end" : 2808 }, 
        {"sofa" : 1,  "begin" : 2808,  "end" : 2809 }, 
        {"sofa" : 1,  "begin" : 2810,  "end" : 2813 }, 
        {"sofa" : 1,  "begin" : 2814,  "end" : 2817 }, 
        {"sofa" : 1,  "begin" : 2818,  "end" : 2821 }, 
        {"sofa" : 1,  "begin" : 2822,  "end" : 2829 }, 
        {"sofa" : 1,  "begin" : 2830,  "end" : 2833 }, 
        {"sofa" : 1,  "begin" : 2834,  "end" : 2837 }, 
        {"sofa" : 1,  "begin" : 2838,  "end" : 2839 }, 
        {"sofa" : 1,  "begin" : 2839,  "end" : 2841 }, 
        {"sofa" : 1,  "begin" : 2842,  "end" : 2848 }, 
        {"sofa" : 1,  "begin" : 2848,  "end" : 2849 }, 
        {"sofa" : 1,  "begin" : 2850,  "end" : 2857 }, 
        {"sofa" : 1,  "begin" : 2857,  "end" : 2858 }, 
        {"sofa" : 1,  "begin" : 2859,  "end" : 2866 }, 
        {"sofa" : 1,  "begin" : 2866,  "end" : 2867 }, 
        {"sofa" : 1,  "begin" : 2868,  "end" : 2870 }, 
        {"sofa" : 1,  "begin" : 2871,  "end" : 2875 }, 
        {"sofa" : 1,  "begin" : 2876,  "end" : 2880 }, 
        {"sofa" : 1,  "begin" : 2881,  "end" : 2884 }, 
        {"sofa" : 1,  "begin" : 2886,  "end" : 2891 }, 
        {"sofa" : 1,  "begin" : 2893,  "end" : 2896 }, 
        {"sofa" : 1,  "begin" : 2897,  "end" : 2904 }, 
        {"sofa" : 1,  "begin" : 2905,  "end" : 2908 }, 
        {"sofa" : 1,  "begin" : 2908,  "end" : 2909 }, 
        {"sofa" : 1,  "begin" : 2910,  "end" : 2913 }, 
        {"sofa" : 1,  "begin" : 2914,  "end" : 2919 }, 
        {"sofa" : 1,  "begin" : 2920,  "end" : 2923 }, 
        {"sofa" : 1,  "begin" : 2924,  "end" : 2931 }, 
        {"sofa" : 1,  "begin" : 2932,  "end" : 2943 }, 
        {"sofa" : 1,  "begin" : 2944,  "end" : 2946 }, 
        {"sofa" : 1,  "begin" : 2947,  "end" : 2950 }, 
        {"sofa" : 1,  "begin" : 2951,  "end" : 2954 }, 
        {"sofa" : 1,  "begin" : 2955,  "end" : 2959 }, 
        {"sofa" : 1,  "begin" : 2960,  "end" : 2962 }, 
        {"sofa" : 1,  "begin" : 2963,  "end" : 2966 }, 
        {"sofa" : 1,  "begin" : 2967,  "end" : 2973 }, 
        {"sofa" : 1,  "begin" : 2974,  "end" : 2978 }, 
        {"sofa" : 1,  "begin" : 2979,  "end" : 2985 }, 
        {"sofa" : 1,  "begin" : 2986,  "end" : 2989 }, 
        {"sofa" : 1,  "begin" : 2990,  "end" : 2992 }, 
        {"sofa" : 1,  "begin" : 2993,  "end" : 2996 }, 
        {"sofa" : 1,  "begin" : 2997,  "end" : 2998 }, 
        {"sofa" : 1,  "begin" : 2998,  "end" : 3000 }, 
        {"sofa" : 1,  "begin" : 3001,  "end" : 3010 }, 
        {"sofa" : 1,  "begin" : 3010,  "end" : 3011 }, 
        {"sofa" : 1,  "begin" : 3012,  "end" : 3023 }, 
        {"sofa" : 1,  "begin" : 3023,  "end" : 3024 }, 
        {"sofa" : 1,  "begin" : 3024,  "end" : 3025 }, 
        {"sofa" : 1,  "begin" : 3026,  "end" : 3029 }, 
        {"sofa" : 1,  "begin" : 3030,  "end" : 3036 }, 
        {"sofa" : 1,  "begin" : 3037,  "end" : 3041 }, 
        {"sofa" : 1,  "begin" : 3042,  "end" : 3043 }, 
        {"sofa" : 1,  "begin" : 3043,  "end" : 3045 }, 
        {"sofa" : 1,  "begin" : 3049,  "end" : 3055 }, 
        {"sofa" : 1,  "begin" : 3056,  "end" : 3058 }, 
        {"sofa" : 1,  "begin" : 3059,  "end" : 3062 }, 
        {"sofa" : 1,  "begin" : 3063,  "end" : 3069 }, 
        {"sofa" : 1,  "begin" : 3070,  "end" : 3071 }, 
        {"sofa" : 1,  "begin" : 3071,  "end" : 3076 }, 
        {"sofa" : 1,  "begin" : 3077,  "end" : 3080 }, 
        {"sofa" : 1,  "begin" : 3080,  "end" : 3081 }, 
        {"sofa" : 1,  "begin" : 3082,  "end" : 3085 }, 
        {"sofa" : 1,  "begin" : 3086,  "end" : 3095 }, 
        {"sofa" : 1,  "begin" : 3096,  "end" : 3102 }, 
        {"sofa" : 1,  "begin" : 3103,  "end" : 3106 }, 
        {"sofa" : 1,  "begin" : 3107,  "end" : 3111 }, 
        {"sofa" : 1,  "begin" : 3112,  "end" : 3115 }, 
        {"sofa" : 1,  "begin" : 3116,  "end" : 3124 }, 
        {"sofa" : 1,  "begin" : 3125,  "end" : 3127 }, 
        {"sofa" : 1,  "begin" : 3128,  "end" : 3133 }, 
        {"sofa" : 1,  "begin" : 3134,  "end" : 3144 }, 
        {"sofa" : 1,  "begin" : 3144,  "end" : 3145 }, 
        {"sofa" : 1,  "begin" : 3146,  "end" : 3153 }, 
        {"sofa" : 1,  "begin" : 3154,  "end" : 3158 }, 
        {"sofa" : 1,  "begin" : 3159,  "end" : 3165 }, 
        {"sofa" : 1,  "begin" : 3166,  "end" : 3173 }, 
        {"sofa" : 1,  "begin" : 3173,  "end" : 3174 }, 
        {"sofa" : 1,  "begin" : 3175,  "end" : 3185 }, 
        {"sofa" : 1,  "begin" : 3186,  "end" : 3192 }, 
        {"sofa" : 1,  "begin" : 3193,  "end" : 3200 }, 
        {"sofa" : 1,  "begin" : 3201,  "end" : 3203 }, 
        {"sofa" : 1,  "begin" : 3204,  "end" : 3216 }, 
        {"sofa" : 1,  "begin" : 3216,  "end" : 3217 }, 
        {"sofa" : 1,  "begin" : 3218,  "end" : 3231 }, 
        {"sofa" : 1,  "begin" : 3232,  "end" : 3236 }, 
        {"sofa" : 1,  "begin" : 3237,  "end" : 3240 }, 
        {"sofa" : 1,  "begin" : 3241,  "end" : 3252 }, 
        {"sofa" : 1,  "begin" : 3252,  "end" : 3253 }, 
        {"sofa" : 1,  "begin" : 3254,  "end" : 3259 }, 
        {"sofa" : 1,  "begin" : 3260,  "end" : 3263 }, 
        {"sofa" : 1,  "begin" : 3264,  "end" : 3273 }, 
        {"sofa" : 1,  "begin" : 3274,  "end" : 3277 }, 
        {"sofa" : 1,  "begin" : 3278,  "end" : 3290 }, 
        {"sofa" : 1,  "begin" : 3290,  "end" : 3291 }, 
        {"sofa" : 1,  "begin" : 3292,  "end" : 3300 }, 
        {"sofa" : 1,  "begin" : 3301,  "end" : 3304 }, 
        {"sofa" : 1,  "begin" : 3305,  "end" : 3312 }, 
        {"sofa" : 1,  "begin" : 3313,  "end" : 3316 }, 
        {"sofa" : 1,  "begin" : 3317,  "end" : 3323 }, 
        {"sofa" : 1,  "begin" : 3324,  "end" : 3328 }, 
        {"sofa" : 1,  "begin" : 3329,  "end" : 3332 }, 
        {"sofa" : 1,  "begin" : 3333,  "end" : 3338 }, 
        {"sofa" : 1,  "begin" : 3339,  "end" : 3347 }, 
        {"sofa" : 1,  "begin" : 3347,  "end" : 3348 }, 
        {"sofa" : 1,  "begin" : 3349,  "end" : 3350 }, 
        {"sofa" : 1,  "begin" : 3351,  "end" : 3355 }, 
        {"sofa" : 1,  "begin" : 3356,  "end" : 3361 }, 
        {"sofa" : 1,  "begin" : 3362,  "end" : 3368 }, 
        {"sofa" : 1,  "begin" : 3369,  "end" : 3373 }, 
        {"sofa" : 1,  "begin" : 3374,  "end" : 3378 }, 
        {"sofa" : 1,  "begin" : 3379,  "end" : 3387 }, 
        {"sofa" : 1,  "begin" : 3388,  "end" : 3392 }, 
        {"sofa" : 1,  "begin" : 3393,  "end" : 3395 }, 
        {"sofa" : 1,  "begin" : 3396,  "end" : 3401 }, 
        {"sofa" : 1,  "begin" : 3402,  "end" : 3406 }, 
        {"sofa" : 1,  "begin" : 3407,  "end" : 3409 }, 
        {"sofa" : 1,  "begin" : 3410,  "end" : 3414 }, 
        {"sofa" : 1,  "begin" : 3415,  "end" : 3422 }, 
        {"sofa" : 1,  "begin" : 3423,  "end" : 3428 }, 
        {"sofa" : 1,  "begin" : 3428,  "end" : 3429 }, 
        {"sofa" : 1,  "begin" : 3430,  "end" : 3432 }, 
        {"sofa" : 1,  "begin" : 3433,  "end" : 3440 }, 
        {"sofa" : 1,  "begin" : 3441,  "end" : 3449 }, 
        {"sofa" : 1,  "begin" : 3449,  "end" : 3450 }, 
        {"sofa" : 1,  "begin" : 3451,  "end" : 3453 }, 
        {"sofa" : 1,  "begin" : 3454,  "end" : 3457 }, 
        {"sofa" : 1,  "begin" : 3458,  "end" : 3461 }, 
        {"sofa" : 1,  "begin" : 3462,  "end" : 3464 }, 
        {"sofa" : 1,  "begin" : 3465,  "end" : 3468 }, 
        {"sofa" : 1,  "begin" : 3469,  "end" : 3475 }, 
        {"sofa" : 1,  "begin" : 3475,  "end" : 3476 }, 
        {"sofa" : 1,  "begin" : 3477,  "end" : 3479 }, 
        {"sofa" : 1,  "begin" : 3480,  "end" : 3483 }, 
        {"sofa" : 1,  "begin" : 3484,  "end" : 3493 }, 
        {"sofa" : 1,  "begin" : 3494,  "end" : 3496 }, 
        {"sofa" : 1,  "begin" : 3497,  "end" : 3503 }, 
        {"sofa" : 1,  "begin" : 3503,  "end" : 3504 }, 
        {"sofa" : 1,  "begin" : 3505,  "end" : 3508 }, 
        {"sofa" : 1,  "begin" : 3509,  "end" : 3519 }, 
        {"sofa" : 1,  "begin" : 3520,  "end" : 3522 }, 
        {"sofa" : 1,  "begin" : 3523,  "end" : 3526 }, 
        {"sofa" : 1,  "begin" : 3527,  "end" : 3533 }, 
        {"sofa" : 1,  "begin" : 3533,  "end" : 3534 } ] } }, 
  "_referenced_fss" : {
    "1" : {"_type" : "Sofa",  "sofaNum" : 1,  "sofaID" : "_InitialView",  "mimeType" : "text",  "sofaString" : "\n\n\nReligion is the greatest enemy to religion, the false to the true, favos etiam vespae faciunt, Waspes also make combes, though instead of honey we find gun-powder. \n \nXC. \nThe grub or worme in it ' s first state or life is a rude creature, not much delighting in it selfe, lesse delighting others, but when it is shut up to be transmuted, then it is for a time a formelesse lump, without any beauty or comelinesse: but waite a few dayes and the parts will appeare, life will move in these yet imperfect members which are at length perfectly formed, and then it comes forth an agill usefull creature. And as God doth not make the whole fabrick of the world at once, though it wa• not impossible to him being a God almighty, but in the space of six dayes, so doth God deale with his children: when God creates in his children a new heart, he suffers first their hearts to be as a rude and massie lumpe, full of darknesse, and then sends his holy Spirit into their hearts, which illuminates them, and drives away those black clouds of darknesse and ignorance, and then he breathes into them the sweete ayre of his Spirit; And thus out of Tohu and B•hu is the new creature formed. \n \nXCI. \nWe should doe as the Bee when she hath sucked sweetnesse \n \nfrom the flower, she better concocts and refires it in her owne bodie, and so it becomes pure honey. Thus when we have sucked any precious truth, we should by holy meditation concoct it in our hearts, and then it would become pure profitable honey. \n \nXCII. \nThe young Bees as soone as they have past their second birth, and transmuted their shape and qualities, and are winged and strengthened to flie abroad, presently fall to their worke, and imitate the elder Bees. And so doth the beleeving soule, as soone as it is borne againe, strengthened and winged with grace from God, makes after him in workes of obedience, holinesse and praises, imitates the examples of the Prophets and Apostles, as they have followed Christ. Let disadvantages be what will be, you cannot keepe young Bees in the hive when once transmuted and winged, no more can you keepe the regenerate soule from working the workes of God, and with holy praises ascending to heaven, when they are once under the line of Christs everlasting love and feele it shine mighty hot in them with full face, with perpendicular rayes, but with a present rapture make holinesse their worke and Hallelujahs all their language. \n \nXCIII. \nHoney is gathered with much art from great variety of trees and flowers; and joy is a honey, a fragrancy made from above with much picking, choosing, and composing. \n \nXCIV. \nBees are neate sweete and cleanly creatures, naturally abhorring stinking places and strong senting herbes. It is true they gather of the flowers of some weeds which are bitter and offensive, but yet the flowers are not (as Broome, Henbane, Mayweed) as your tast and  smell  may informe you. But where the flowers participate of the ill sent of the herbes they meddle not at all (as Gallopsia, Cheesrunnet). And Christ puts •io \n \ntoades in his bosome (saith one) nor beleevers wicked men into the intimacy of their affections, puritie will bosome puritie, corruption cannot delight in uncorruption, Heterogeneals will not incorporate, light and darknesse are inconsistent, gracious and ungodly men cannot live and linke together. A good heart cannot with more pleasure rest it selfe then in Gods resting place, in Christs societie, in the way of the Spirit, in the Ministery of Angels, and fellowship of the Saints.\n" }, 
    "9314" : {"_type" : "Span",  "sofa" : 1,  "begin" : 2538,  "end" : 2547,  "label" : "Smell_Word" }, 
    "9319" : {"_type" : "Span",  "sofa" : 1,  "begin" : 2520,  "end" : 2523,  "label" : "Smell_Source" }, 
    "9331" : {"_type" : "Span",  "sofa" : 1,  "begin" : 2683,  "end" : 2691,  "label" : "Smell_Word" }, 
    "9336" : {"_type" : "Span",  "sofa" : 1,  "begin" : 2683,  "end" : 2691,  "label" : "Quality" }, 
    "9348" : {"_type" : "Span",  "sofa" : 1,  "begin" : 2692,  "end" : 2698,  "label" : "Location" }, 
    "9360" : {"_type" : "Span",  "sofa" : 1,  "begin" : 2618,  "end" : 2622,  "label" : "Perceiver" }, 
    "9372" : {"_type" : "Span",  "sofa" : 1,  "begin" : 2710,  "end" : 2717,  "label" : "Smell_Word" }, 
    "9377" : {"_type" : "Span",  "sofa" : 1,  "begin" : 2710,  "end" : 2717,  "label" : "Quality" }, 
    "9389" : {"_type" : "Span",  "sofa" : 1,  "begin" : 2718,  "end" : 2724,  "label" : "Smell_Source" }, 
    "9401" : {"_type" : "Span",  "sofa" : 1,  "begin" : 2703,  "end" : 2709,  "label" : "Quality" }, 
    "9418" : {"_type" : "Span",  "sofa" : 1,  "begin" : 2799,  "end" : 2808,  "label" : "Smell_Word" }, 
    "9413" : {"_type" : "Span",  "sofa" : 1,  "begin" : 2799,  "end" : 2808,  "label" : "Quality" }, 
    "9524" : {"_type" : "Span",  "sofa" : 1,  "begin" : 2752,  "end" : 2777,  "label" : "Smell_Source" }, 
    "9447" : {"_type" : "Span",  "sofa" : 1,  "begin" : 2886,  "end" : 2891,  "label" : "Smell_Word" }, 
    "9459" : {"_type" : "Span",  "sofa" : 1,  "begin" : 2905,  "end" : 2908,  "label" : "Perceiver" }, 
    "9488" : {"_type" : "Span",  "sofa" : 1,  "begin" : 2842,  "end" : 2848,  "label" : "Smell_Source" }, 
    "9493" : {"_type" : "Span",  "sofa" : 1,  "begin" : 2850,  "end" : 2857,  "label" : "Smell_Source" }, 
    "9498" : {"_type" : "Span",  "sofa" : 1,  "begin" : 2859,  "end" : 2866,  "label" : "Smell_Source" }, 
    "9471" : {"_type" : "Span",  "sofa" : 1,  "begin" : 2955,  "end" : 2959,  "label" : "Smell_Word" }, 
    "9476" : {"_type" : "Span",  "sofa" : 1,  "begin" : 2951,  "end" : 2954,  "label" : "Quality" }, 
    "9536" : {"_type" : "Span",  "sofa" : 1,  "begin" : 2960,  "end" : 2973,  "label" : "Smell_Source" } } }