#FORMAT=WebAnno TSV 3.3


#Text='t Is gelukkig,
#Text=dat wij van eene andere constitutie zijn, anders zouden we gaauw in eene huilende
#Text=wereld leven’ - en Kees lachte om zijn eigen aardigheid
1-1	2-3	'	
1-2	3-4	t	
1-3	5-7	Is	
1-4	8-16	gelukkig	
1-5	16-17	,	
1-6	18-21	dat	
1-7	22-25	wij	
1-8	26-29	van	
1-9	30-34	eene	
1-10	35-41	andere	
1-11	42-53	constitutie	
1-12	54-58	zijn	
1-13	58-59	,	
1-14	60-66	anders	
1-15	67-73	zouden	
1-16	74-76	we	
1-17	77-82	gaauw	
1-18	83-85	in	
1-19	86-90	eene	
1-20	91-99	huilende	
1-21	100-106	wereld	
1-22	107-112	leven	
1-23	112-113	’	
1-24	114-115	-	
1-25	116-118	en	
1-26	119-123	Kees	
1-27	124-130	lachte	
1-28	131-133	om	
1-29	134-138	zijn	
1-30	139-144	eigen	
1-31	145-155	aardigheid	

#Text=.
2-1	155-156	.	

#Text=‘
#Text=Als meneer 't wist, waarom ik bedroefd ben, zou hij wel meêlijden met je hebben.
#Text=’
#Text=
#Text=‘
#Text=Met mij, vrouw?
3-1	158-159	‘	
3-2	160-163	Als	
3-3	164-170	meneer	
3-4	171-172	'	
3-5	172-173	t	
3-6	174-178	wist	
3-7	178-179	,	
3-8	180-186	waarom	
3-9	187-189	ik	
3-10	190-198	bedroefd	
3-11	199-202	ben	
3-12	202-203	,	
3-13	204-207	zou	
3-14	208-211	hij	
3-15	212-215	wel	
3-16	216-225	meêlijden	
3-17	226-229	met	
3-18	230-232	je	
3-19	233-239	hebben	
3-20	239-240	.	
3-21	241-242	’	
3-22	244-245	‘	
3-23	246-249	Met	
3-24	250-253	mij	
3-25	253-254	,	
3-26	255-260	vrouw	
3-27	260-261	?	

#Text=Ik dacht, dat je 't medelijden voor je-zelve zou inroepen;
#Text=maar
#Text=hou nu op met je gepraat, want de heeren hebben zooveel tijd niet als wij.
#Text=’
#Text=
#Text=Van Stralen was intusschen nieuwsgierig geworden naar de reden van den twist,
#Text=die tusschen man en vrouw scheen plaats gehad te hebben, en daar het toch al laat
#Text=geworden was, moedigde hij vrouw Wolters aan om hem daarvan een en ander mede
#Text=te deelen.
4-1	262-264	Ik	
4-2	265-270	dacht	
4-3	270-271	,	
4-4	272-275	dat	
4-5	276-278	je	
4-6	279-280	'	
4-7	280-281	t	
4-8	282-292	medelijden	
4-9	293-297	voor	
4-10	298-306	je-zelve	
4-11	307-310	zou	
4-12	311-319	inroepen	
4-13	319-320	;	
4-14	321-325	maar	
4-15	326-329	hou	
4-16	330-332	nu	
4-17	333-335	op	
4-18	336-339	met	
4-19	340-342	je	
4-20	343-350	gepraat	
4-21	350-351	,	
4-22	352-356	want	
4-23	357-359	de	
4-24	360-366	heeren	
4-25	367-373	hebben	
4-26	374-381	zooveel	
4-27	382-386	tijd	
4-28	387-391	niet	
4-29	392-395	als	
4-30	396-399	wij	
4-31	399-400	.	
4-32	401-402	’	
4-33	404-407	Van	
4-34	408-415	Stralen	
4-35	416-419	was	
4-36	420-430	intusschen	
4-37	431-443	nieuwsgierig	
4-38	444-452	geworden	
4-39	453-457	naar	
4-40	458-460	de	
4-41	461-466	reden	
4-42	467-470	van	
4-43	471-474	den	
4-44	475-480	twist	
4-45	480-481	,	
4-46	482-485	die	
4-47	486-494	tusschen	
4-48	495-498	man	
4-49	499-501	en	
4-50	502-507	vrouw	
4-51	508-514	scheen	
4-52	515-521	plaats	
4-53	522-527	gehad	
4-54	528-530	te	
4-55	531-537	hebben	
4-56	537-538	,	
4-57	539-541	en	
4-58	542-546	daar	
4-59	547-550	het	
4-60	551-555	toch	
4-61	556-558	al	
4-62	559-563	laat	
4-63	564-572	geworden	
4-64	573-576	was	
4-65	576-577	,	
4-66	578-586	moedigde	
4-67	587-590	hij	
4-68	591-596	vrouw	
4-69	597-604	Wolters	
4-70	605-608	aan	
4-71	609-611	om	
4-72	612-615	hem	
4-73	616-623	daarvan	
4-74	624-627	een	
4-75	628-630	en	
4-76	631-636	ander	
4-77	637-641	mede	
4-78	642-644	te	
4-79	645-651	deelen	
4-80	651-652	.	

#Text=Vrouw Wolters gaf eerst door luid schreijen lucht aan het leed dat haar drukte en
#Text=zeî toen:
#Text=‘och, meneer, 't spijt me, dat ik 't zeggen moet, maar mijn man is zoo
#Text=
#Text=
#Text=Adriaan Hendrik van der Hoeve, Menschenwaan en Christendom (2 delen)
#Text=
#Text=
#Text=\f242
#Text=geheel wereldsch, weet u, en denkt nergens anders aan als aan het wereldsche.
5-1	654-659	Vrouw	
5-2	660-667	Wolters	
5-3	668-671	gaf	
5-4	672-677	eerst	
5-5	678-682	door	
5-6	683-687	luid	
5-7	688-697	schreijen	
5-8	698-703	lucht	
5-9	704-707	aan	
5-10	708-711	het	
5-11	712-716	leed	
5-12	717-720	dat	
5-13	721-725	haar	
5-14	726-732	drukte	
5-15	733-735	en	
5-16	736-739	zeî	
5-17	740-744	toen	
5-18	744-745	:	
5-19	746-747	‘	
5-20	747-750	och	
5-21	750-751	,	
5-22	752-758	meneer	
5-23	758-759	,	
5-24	760-761	'	
5-25	761-762	t	
5-26	763-768	spijt	
5-27	769-771	me	
5-28	771-772	,	
5-29	773-776	dat	
5-30	777-779	ik	
5-31	780-781	'	
5-32	781-782	t	
5-33	783-789	zeggen	
5-34	790-794	moet	
5-35	794-795	,	
5-36	796-800	maar	
5-37	801-805	mijn	
5-38	806-809	man	
5-39	810-812	is	
5-40	813-816	zoo	
5-41	819-826	Adriaan	
5-42	827-834	Hendrik	
5-43	835-838	van	
5-44	839-842	der	
5-45	843-848	Hoeve	
5-46	848-849	,	
5-47	850-862	Menschenwaan	
5-48	863-865	en	
5-49	866-877	Christendom	
5-50	878-879	(	
5-51	879-880	2	
5-52	881-886	delen	
5-53	886-887	)	
5-54	891-894	242	
5-55	895-901	geheel	
5-56	902-911	wereldsch	
5-57	911-912	,	
5-58	913-917	weet	
5-59	918-919	u	
5-60	919-920	,	
5-61	921-923	en	
5-62	924-929	denkt	
5-63	930-937	nergens	
5-64	938-944	anders	
5-65	945-948	aan	
5-66	949-952	als	
5-67	953-956	aan	
5-68	957-960	het	
5-69	961-971	wereldsche	
5-70	971-972	.	

#Text=Hij
#Text=zeit altijd maar:
#Text=we zijn in de wereld en we moeten voor de wereld leven.
#Text=’
#Text=
#Text=‘
#Text=Wat heeft meneer nu aan al dat geleuter, Trui?
6-1	973-976	Hij	
6-2	977-981	zeit	
6-3	982-988	altijd	
6-4	989-993	maar	
6-5	993-994	:	
6-6	995-997	we	
6-7	998-1002	zijn	
6-8	1003-1005	in	
6-9	1006-1008	de	
6-10	1009-1015	wereld	
6-11	1016-1018	en	
6-12	1019-1021	we	
6-13	1022-1028	moeten	
6-14	1029-1033	voor	
6-15	1034-1036	de	
6-16	1037-1043	wereld	
6-17	1044-1049	leven	
6-18	1049-1050	.	
6-19	1051-1052	’	
6-20	1054-1055	‘	
6-21	1056-1059	Wat	
6-22	1060-1065	heeft	
6-23	1066-1072	meneer	
6-24	1073-1075	nu	
6-25	1076-1079	aan	
6-26	1080-1082	al	
6-27	1083-1086	dat	
6-28	1087-1095	geleuter	
6-29	1095-1096	,	
6-30	1097-1101	Trui	
6-31	1101-1102	?	

#Text=Wat gaat 't meneer aan waar ik
7-1	1103-1106	Wat	
7-2	1107-1111	gaat	
7-3	1112-1113	'	
7-4	1113-1114	t	
7-5	1115-1121	meneer	
7-6	1122-1125	aan	
7-7	1126-1130	waar	
7-8	1131-1133	ik	
