#FORMAT=WebAnno TSV 3.3
#T_SP=custom.Span|label
#T_RL=custom.Relation|label|BT_custom.Span


#Text=Die Branntweinbrennerei.
1-1	3-6	Die	_	_	_	
1-2	7-26	Branntweinbrennerei	_	_	_	
1-3	26-27	.	_	_	_	

#Text=Sobald eine zuckerhaltige Flüſſigkeit zufällig mit Gährungserregern,
#Text=wie ſie unzählbar in der atmoſphäriſchen Luft enthalten ſind, in Be-
#Text=rührung kommt, oder ihr ſolche, wie z.
2-1	29-35	Sobald	_	_	_	
2-2	36-40	eine	_	_	_	
2-3	41-54	zuckerhaltige	_	_	_	
2-4	55-66	Flüſſigkeit	_	_	_	
2-5	67-75	zufällig	_	_	_	
2-6	76-79	mit	_	_	_	
2-7	80-96	Gährungserregern	_	_	_	
2-8	96-97	,	_	_	_	
2-9	98-101	wie	_	_	_	
2-10	102-105	ſie	_	_	_	
2-11	106-115	unzählbar	_	_	_	
2-12	116-118	in	_	_	_	
2-13	119-122	der	_	_	_	
2-14	123-138	atmoſphäriſchen	_	_	_	
2-15	139-143	Luft	_	_	_	
2-16	144-153	enthalten	_	_	_	
2-17	154-158	ſind	_	_	_	
2-18	158-159	,	_	_	_	
2-19	160-162	in	_	_	_	
2-20	163-165	Be	_	_	_	
2-21	165-166	-	_	_	_	
2-22	167-174	rührung	_	_	_	
2-23	175-180	kommt	_	_	_	
2-24	180-181	,	_	_	_	
2-25	182-186	oder	_	_	_	
2-26	187-190	ihr	_	_	_	
2-27	191-197	ſolche	_	_	_	
2-28	197-198	,	_	_	_	
2-29	199-202	wie	_	_	_	
2-30	203-204	z	_	_	_	
2-31	204-205	.	_	_	_	

#Text=B. die Hefe, abſichtlich zugeſetzt
#Text=werden, ſo beginnt die Gährung dieſer Flüſſigkeiten.
3-1	206-207	B	_	_	_	
3-2	207-208	.	_	_	_	
3-3	209-212	die	_	_	_	
3-4	213-217	Hefe	_	_	_	
3-5	217-218	,	_	_	_	
3-6	219-230	abſichtlich	_	_	_	
3-7	231-240	zugeſetzt	_	_	_	
3-8	241-247	werden	_	_	_	
3-9	247-248	,	_	_	_	
3-10	249-251	ſo	_	_	_	
3-11	252-259	beginnt	_	_	_	
3-12	260-263	die	_	_	_	
3-13	264-271	Gährung	_	_	_	
3-14	272-278	dieſer	_	_	_	
3-15	279-292	Flüſſigkeiten	_	_	_	
3-16	292-293	.	_	_	_	

#Text=Beim Wein z.
4-1	294-298	Beim	_	_	_	
4-2	299-303	Wein	_	_	_	
4-3	304-305	z	_	_	_	
4-4	305-306	.	_	_	_	

#Text=B.
5-1	307-308	B	_	_	_	
5-2	308-309	.	_	_	_	

#Text=wird die Gährung durch diejenigen Fermente oder Gährungserreger
#Text=hervorgerufen, welche in der atmoſphäriſchen Luft vorhanden ſind und
#Text=aus verſchiedenen Arten beſtehen, die der Botaniker unter dem Mi-
#Text=kroſkope genau von einander unterſcheidet.
6-1	311-315	wird	_	_	_	
6-2	316-319	die	_	_	_	
6-3	320-327	Gährung	_	_	_	
6-4	328-333	durch	_	_	_	
6-5	334-344	diejenigen	_	_	_	
6-6	345-353	Fermente	_	_	_	
6-7	354-358	oder	_	_	_	
6-8	359-374	Gährungserreger	_	_	_	
6-9	375-388	hervorgerufen	_	_	_	
6-10	388-389	,	_	_	_	
6-11	390-396	welche	_	_	_	
6-12	397-399	in	_	_	_	
6-13	400-403	der	_	_	_	
6-14	404-419	atmoſphäriſchen	_	_	_	
6-15	420-424	Luft	_	_	_	
6-16	425-434	vorhanden	_	_	_	
6-17	435-439	ſind	_	_	_	
6-18	440-443	und	_	_	_	
6-19	444-447	aus	_	_	_	
6-20	448-461	verſchiedenen	_	_	_	
6-21	462-467	Arten	_	_	_	
6-22	468-476	beſtehen	_	_	_	
6-23	476-477	,	_	_	_	
6-24	478-481	die	_	_	_	
6-25	482-485	der	_	_	_	
6-26	486-495	Botaniker	_	_	_	
6-27	496-501	unter	_	_	_	
6-28	502-505	dem	_	_	_	
6-29	506-508	Mi	_	_	_	
6-30	508-509	-	_	_	_	
6-31	510-518	kroſkope	_	_	_	
6-32	519-524	genau	_	_	_	
6-33	525-528	von	_	_	_	
6-34	529-537	einander	_	_	_	
6-35	538-551	unterſcheidet	_	_	_	
6-36	551-552	.	_	_	_	

#Text=Die Weinhefe unterſcheidet
#Text=
#Text=
#Text=ſich wiederum ſcharf von der Hefe, welche die Gährung im Biere
#Text=hervorruft und dieſem — wie wir im vorigen Kapitel erläutert haben
#Text=— in möglichſt rein gezogener Raſſe zugeſetzt wird.
7-1	553-556	Die	_	_	_	
7-2	557-565	Weinhefe	_	_	_	
7-3	566-579	unterſcheidet	_	_	_	
7-4	582-586	ſich	_	_	_	
7-5	587-595	wiederum	_	_	_	
7-6	596-602	ſcharf	_	_	_	
7-7	603-606	von	_	_	_	
7-8	607-610	der	_	_	_	
7-9	611-615	Hefe	_	_	_	
7-10	615-616	,	_	_	_	
7-11	617-623	welche	_	_	_	
7-12	624-627	die	_	_	_	
7-13	628-635	Gährung	_	_	_	
7-14	636-638	im	_	_	_	
7-15	639-644	Biere	_	_	_	
7-16	645-655	hervorruft	_	_	_	
7-17	656-659	und	_	_	_	
7-18	660-666	dieſem	_	_	_	
7-19	667-668	—	_	_	_	
7-20	669-672	wie	_	_	_	
7-21	673-676	wir	_	_	_	
7-22	677-679	im	_	_	_	
7-23	680-687	vorigen	_	_	_	
7-24	688-695	Kapitel	_	_	_	
7-25	696-705	erläutert	_	_	_	
7-26	706-711	haben	_	_	_	
7-27	712-713	—	_	_	_	
7-28	714-716	in	_	_	_	
7-29	717-726	möglichſt	_	_	_	
7-30	727-731	rein	_	_	_	
7-31	732-741	gezogener	_	_	_	
7-32	742-747	Raſſe	_	_	_	
7-33	748-757	zugeſetzt	_	_	_	
7-34	758-762	wird	_	_	_	
7-35	762-763	.	_	_	_	

#Text=Daß alle dieſe
#Text=kleinen Pflänzchen die Eigenſchaft haben, eine Gährung in einer Zucker-
#Text=löſung hervorzurufen, kann den Botaniker ebenſowenig veranlaſſen, ſie
#Text=
#Text=\f
#Text=[505/0523]
#Text=
#Text=Die Branntweinbrennerei.
8-1	764-767	Daß	_	_	_	
8-2	768-772	alle	_	_	_	
8-3	773-778	dieſe	_	_	_	
8-4	779-786	kleinen	_	_	_	
8-5	787-797	Pflänzchen	_	_	_	
8-6	798-801	die	_	_	_	
8-7	802-813	Eigenſchaft	_	_	_	
8-8	814-819	haben	_	_	_	
8-9	819-820	,	_	_	_	
8-10	821-825	eine	_	_	_	
8-11	826-833	Gährung	_	_	_	
8-12	834-836	in	_	_	_	
8-13	837-842	einer	_	_	_	
8-14	843-849	Zucker	_	_	_	
8-15	849-850	-	_	_	_	
8-16	851-857	löſung	_	_	_	
8-17	858-871	hervorzurufen	_	_	_	
8-18	871-872	,	_	_	_	
8-19	873-877	kann	_	_	_	
8-20	878-881	den	_	_	_	
8-21	882-891	Botaniker	_	_	_	
8-22	892-903	ebenſowenig	_	_	_	
8-23	904-915	veranlaſſen	_	_	_	
8-24	915-916	,	_	_	_	
8-25	917-920	ſie	_	_	_	
8-26	924-925	[	_	_	_	
8-27	925-928	505	_	_	_	
8-28	928-929	/	_	_	_	
8-29	929-933	0523	_	_	_	
8-30	933-934	]	_	_	_	
8-31	936-939	Die	_	_	_	
8-32	940-959	Branntweinbrennerei	_	_	_	
8-33	959-960	.	_	_	_	

#Text=für identiſch untereinander zu halten, als ein Laie z.
9-1	964-967	für	_	_	_	
9-2	968-977	identiſch	_	_	_	
9-3	978-991	untereinander	_	_	_	
9-4	992-994	zu	_	_	_	
9-5	995-1001	halten	_	_	_	
9-6	1001-1002	,	_	_	_	
9-7	1003-1006	als	_	_	_	
9-8	1007-1010	ein	_	_	_	
9-9	1011-1015	Laie	_	_	_	
9-10	1016-1017	z	_	_	_	
9-11	1017-1018	.	_	_	_	

#Text=B. eine Roſe
#Text=und ein Veilchen nur darum mit einander verwechſeln könnte, weil
#Text=beides Blumen ſind und angenehm riechen.
10-1	1019-1020	B	_	_	_	
10-2	1020-1021	.	_	_	_	
10-3	1022-1026	eine	Smell\_Source[1]	_	_	
10-4	1027-1031	Roſe	Smell\_Source[1]	_	_	
10-5	1032-1035	und	Smell\_Source[1]	_	_	
10-6	1036-1039	ein	Smell\_Source[1]	_	_	
10-7	1040-1048	Veilchen	Smell\_Source[1]	_	_	
10-8	1049-1052	nur	_	_	_	
10-9	1053-1058	darum	_	_	_	
10-10	1059-1062	mit	Effect[2]	_	_	
10-11	1063-1071	einander	Effect[2]	_	_	
10-12	1072-1083	verwechſeln	Effect[2]	_	_	
10-13	1084-1090	könnte	Effect[2]	_	_	
10-14	1090-1091	,	_	_	_	
10-15	1092-1096	weil	_	_	_	
10-16	1097-1103	beides	_	_	_	
10-17	1104-1110	Blumen	_	_	_	
10-18	1111-1115	ſind	_	_	_	
10-19	1116-1119	und	_	_	_	
10-20	1120-1128	angenehm	Quality	_	_	
10-21	1129-1136	riechen	Smell\_Word	*|*|*	10-20|10-3[1_0]|10-10[2_0]	
10-22	1136-1137	.	_	_	_	

#Text=Für den Chemismus der Gährung ſelbſt aber iſt die Art des
#Text=Gährungserregers bis zu einer gewiſſen Grenze gleichgiltig, denn beim
#Text=Weine, wie beim Biere und bei allen anderen Zuckerlöſungen, welche in
#Text=den Maiſchen der verſchiedenen Getreidearten, der Kartoffeln, in dem
#Text=Safte der Früchte ꝛc. enthalten ſind, gehen der Hauptſache nach die-
#Text=ſelben chemiſchen Umſetzungen vor ſich.
11-1	1141-1144	Für	_	_	_	
11-2	1145-1148	den	_	_	_	
11-3	1149-1158	Chemismus	_	_	_	
11-4	1159-1162	der	_	_	_	
11-5	1163-1170	Gährung	_	_	_	
11-6	1171-1177	ſelbſt	_	_	_	
11-7	1178-1182	aber	_	_	_	
11-8	1183-1186	iſt	_	_	_	
11-9	1187-1190	die	_	_	_	
11-10	1191-1194	Art	_	_	_	
11-11	1195-1198	des	_	_	_	
11-12	1199-1215	Gährungserregers	_	_	_	
11-13	1216-1219	bis	_	_	_	
11-14	1220-1222	zu	_	_	_	
11-15	1223-1228	einer	_	_	_	
11-16	1229-1237	gewiſſen	_	_	_	
11-17	1238-1244	Grenze	_	_	_	
11-18	1245-1257	gleichgiltig	_	_	_	
11-19	1257-1258	,	_	_	_	
11-20	1259-1263	denn	_	_	_	
11-21	1264-1268	beim	_	_	_	
11-22	1269-1274	Weine	_	_	_	
11-23	1274-1275	,	_	_	_	
11-24	1276-1279	wie	_	_	_	
11-25	1280-1284	beim	_	_	_	
11-26	1285-1290	Biere	_	_	_	
11-27	1291-1294	und	_	_	_	
11-28	1295-1298	bei	_	_	_	
11-29	1299-1304	allen	_	_	_	
11-30	1305-1312	anderen	_	_	_	
11-31	1313-1327	Zuckerlöſungen	_	_	_	
11-32	1327-1328	,	_	_	_	
11-33	1329-1335	welche	_	_	_	
11-34	1336-1338	in	_	_	_	
11-35	1339-1342	den	_	_	_	
11-36	1343-1351	Maiſchen	_	_	_	
11-37	1352-1355	der	_	_	_	
11-38	1356-1369	verſchiedenen	_	_	_	
11-39	1370-1383	Getreidearten	_	_	_	
11-40	1383-1384	,	_	_	_	
11-41	1385-1388	der	_	_	_	
11-42	1389-1399	Kartoffeln	_	_	_	
11-43	1399-1400	,	_	_	_	
11-44	1401-1403	in	_	_	_	
11-45	1404-1407	dem	_	_	_	
11-46	1408-1413	Safte	_	_	_	
11-47	1414-1417	der	_	_	_	
11-48	1418-1425	Früchte	_	_	_	
11-49	1426-1428	ꝛc	_	_	_	
11-50	1428-1429	.	_	_	_	
11-51	1430-1439	enthalten	_	_	_	
11-52	1440-1444	ſind	_	_	_	
11-53	1444-1445	,	_	_	_	
11-54	1446-1451	gehen	_	_	_	
11-55	1452-1455	der	_	_	_	
11-56	1456-1466	Hauptſache	_	_	_	
11-57	1467-1471	nach	_	_	_	
11-58	1472-1475	die	_	_	_	
11-59	1475-1476	-	_	_	_	
11-60	1477-1483	ſelben	_	_	_	
11-61	1484-1494	chemiſchen	_	_	_	
11-62	1495-1506	Umſetzungen	_	_	_	
11-63	1507-1510	vor	_	_	_	
11-64	1511-1515	ſich	_	_	_	
11-65	1515-1516	.	_	_	_	

#Text=Mit dem Fortſchreiten der
#Text=Gährung verſchwindet der Zuckergehalt dieſer Flüſſigkeiten immer mehr,
#Text=und ſie werden immer alkoholreicher, während große Mengen Kohlen-
#Text=ſäure frei werden und entweichen.
12-1	1517-1520	Mit	_	_	_	
12-2	1521-1524	dem	_	_	_	
12-3	1525-1538	Fortſchreiten	_	_	_	
12-4	1539-1542	der	_	_	_	
12-5	1543-1550	Gährung	_	_	_	
12-6	1551-1563	verſchwindet	_	_	_	
12-7	1564-1567	der	_	_	_	
12-8	1568-1580	Zuckergehalt	_	_	_	
12-9	1581-1587	dieſer	_	_	_	
12-10	1588-1601	Flüſſigkeiten	_	_	_	
12-11	1602-1607	immer	_	_	_	
12-12	1608-1612	mehr	_	_	_	
12-13	1612-1613	,	_	_	_	
12-14	1614-1617	und	_	_	_	
12-15	1618-1621	ſie	_	_	_	
12-16	1622-1628	werden	_	_	_	
12-17	1629-1634	immer	_	_	_	
12-18	1635-1649	alkoholreicher	_	_	_	
12-19	1649-1650	,	_	_	_	
12-20	1651-1658	während	_	_	_	
12-21	1659-1664	große	_	_	_	
12-22	1665-1671	Mengen	_	_	_	
12-23	1672-1678	Kohlen	_	_	_	
12-24	1678-1679	-	_	_	_	
12-25	1680-1685	ſäure	_	_	_	
12-26	1686-1690	frei	_	_	_	
12-27	1691-1697	werden	_	_	_	
12-28	1698-1701	und	_	_	_	
12-29	1702-1712	entweichen	_	_	_	
12-30	1712-1713	.	_	_	_	

#Text=Näheres über die Entſtehung des
#Text=Alkohols und der Kohlenſäure aus der Zuckerlöſung findet ſich gleich-
#Text=falls in dem vorſtehenden Aufſatz über Bierbrauerei.
13-1	1714-1721	Näheres	_	_	_	
13-2	1722-1726	über	_	_	_	
13-3	1727-1730	die	_	_	_	
13-4	1731-1741	Entſtehung	_	_	_	
13-5	1742-1745	des	_	_	_	
13-6	1746-1754	Alkohols	_	_	_	
13-7	1755-1758	und	_	_	_	
13-8	1759-1762	der	_	_	_	
13-9	1763-1774	Kohlenſäure	_	_	_	
13-10	1775-1778	aus	_	_	_	
13-11	1779-1782	der	_	_	_	
13-12	1783-1795	Zuckerlöſung	_	_	_	
13-13	1796-1802	findet	_	_	_	
13-14	1803-1807	ſich	_	_	_	
13-15	1808-1814	gleich	_	_	_	
13-16	1814-1815	-	_	_	_	
13-17	1816-1821	falls	_	_	_	
13-18	1822-1824	in	_	_	_	
13-19	1825-1828	dem	_	_	_	
13-20	1829-1841	vorſtehenden	_	_	_	
13-21	1842-1849	Aufſatz	_	_	_	
13-22	1850-1854	über	_	_	_	
13-23	1855-1867	Bierbrauerei	_	_	_	
13-24	1867-1868	.	_	_	_	

#Text=In Wirklichkeit
#Text=
#Text=geht aber die Spaltung des Alkohols nicht ſo rein und glatt vor ſich,
#Text=denn neben dem Alkohol bilden ſich gleichzeitig — je nach der Art
#Text=der Gährung und des zu vergährenden Rohmaterials —
#Text=noch ver-
#Text=ſchiedene andere Körper, wie z.
14-1	1869-1871	In	_	_	_	
14-2	1872-1884	Wirklichkeit	_	_	_	
14-3	1886-1890	geht	_	_	_	
14-4	1891-1895	aber	_	_	_	
14-5	1896-1899	die	_	_	_	
14-6	1900-1908	Spaltung	_	_	_	
14-7	1909-1912	des	_	_	_	
14-8	1913-1921	Alkohols	_	_	_	
14-9	1922-1927	nicht	_	_	_	
14-10	1928-1930	ſo	_	_	_	
14-11	1931-1935	rein	_	_	_	
14-12	1936-1939	und	_	_	_	
14-13	1940-1945	glatt	_	_	_	
14-14	1946-1949	vor	_	_	_	
14-15	1950-1954	ſich	_	_	_	
14-16	1954-1955	,	_	_	_	
14-17	1956-1960	denn	_	_	_	
14-18	1961-1966	neben	_	_	_	
14-19	1967-1970	dem	_	_	_	
14-20	1971-1978	Alkohol	_	_	_	
14-21	1979-1985	bilden	_	_	_	
14-22	1986-1990	ſich	_	_	_	
14-23	1991-2003	gleichzeitig	_	_	_	
14-24	2004-2005	—	_	_	_	
14-25	2006-2008	je	_	_	_	
14-26	2009-2013	nach	_	_	_	
14-27	2014-2017	der	_	_	_	
14-28	2018-2021	Art	_	_	_	
14-29	2022-2025	der	_	_	_	
14-30	2026-2033	Gährung	_	_	_	
14-31	2034-2037	und	_	_	_	
14-32	2038-2041	des	_	_	_	
14-33	2042-2044	zu	_	_	_	
14-34	2045-2057	vergährenden	_	_	_	
14-35	2058-2070	Rohmaterials	_	_	_	
14-36	2071-2072	—	_	_	_	
14-37	2073-2077	noch	_	_	_	
14-38	2078-2081	ver	_	_	_	
14-39	2081-2082	-	_	_	_	
14-40	2083-2092	ſchiedene	_	_	_	
14-41	2093-2099	andere	_	_	_	
14-42	2100-2106	Körper	_	_	_	
14-43	2106-2107	,	_	_	_	
14-44	2108-2111	wie	_	_	_	
14-45	2112-2113	z	_	_	_	
14-46	2113-2114	.	_	_	_	

#Text=B. das ſog.
15-1	2115-2116	B	_	_	_	
15-2	2116-2117	.	_	_	_	
15-3	2118-2121	das	_	_	_	
15-4	2122-2125	ſog	_	_	_	
15-5	2125-2126	.	_	_	_	

#Text=Fuſelöl, einige Äther-
#Text=arten ꝛc.
16-1	2127-2134	Fuſelöl	_	_	_	
16-2	2134-2135	,	_	_	_	
16-3	2136-2142	einige	_	_	_	
16-4	2143-2148	Äther	_	_	_	
16-5	2148-2149	-	_	_	_	
16-6	2150-2155	arten	_	_	_	
16-7	2156-2158	ꝛc	_	_	_	
16-8	2158-2159	.	_	_	_	

#Text=Das hat ſein Angenehmes und Unangenehmes.
17-1	2160-2163	Das	_	_	_	
17-2	2164-2167	hat	_	_	_	
17-3	2168-2172	ſein	_	_	_	
17-4	2173-2183	Angenehmes	_	_	_	
17-5	2184-2187	und	_	_	_	
17-6	2188-2200	Unangenehmes	_	_	_	
17-7	2200-2201	.	_	_	_	
