#FORMAT=WebAnno TSV 3.3
#T_SP=custom.Span|label
#T_RL=custom.Relation|label|BT_custom.Span


#Text=iſt die unter dem Namen Eau de Javelle, Javelliſche Lauge, be-
#Text=kannte Bleichflüſſigkeit.
1-1	3-6	iſt	_	_	_	
1-2	7-10	die	_	_	_	
1-3	11-16	unter	_	_	_	
1-4	17-20	dem	_	_	_	
1-5	21-26	Namen	_	_	_	
1-6	27-30	Eau	_	_	_	
1-7	31-33	de	_	_	_	
1-8	34-41	Javelle	_	_	_	
1-9	41-42	,	_	_	_	
1-10	43-54	Javelliſche	_	_	_	
1-11	55-60	Lauge	_	_	_	
1-12	60-61	,	_	_	_	
1-13	62-64	be	_	_	_	
1-14	64-65	-	_	_	_	
1-15	66-72	kannte	_	_	_	
1-16	73-90	Bleichflüſſigkeit	_	_	_	
1-17	90-91	.	_	_	_	

#Text=Dieſe
#Text=Javelliſche Lauge, welche viel gebraucht wird,
#Text=ſtellt man ſich mit Vorteil ſelbſt dar und gebe ich dazu folgende Vorſchrift:
#Text=
#Text=
#Text=In einem ſteinernen Mörſer reibt man 8 Teile Chlorkalk mit 40 Teilen
#Text=
#Text=Waſſer zu einem zarten Schlamm an, fügt dann noch 20 Teile Waſſer hinzu
#Text=und gießt das Ganze in einen großen ſteinernen Topf, worin man über Nacht
#Text=abſetzen und ſich klären läßt.
2-1	92-97	Dieſe	_	_	_	
2-2	98-109	Javelliſche	_	_	_	
2-3	110-115	Lauge	_	_	_	
2-4	115-116	,	_	_	_	
2-5	117-123	welche	_	_	_	
2-6	124-128	viel	_	_	_	
2-7	129-138	gebraucht	_	_	_	
2-8	139-143	wird	_	_	_	
2-9	143-144	,	_	_	_	
2-10	145-151	ſtellt	_	_	_	
2-11	152-155	man	_	_	_	
2-12	156-160	ſich	_	_	_	
2-13	161-164	mit	_	_	_	
2-14	165-172	Vorteil	_	_	_	
2-15	173-179	ſelbſt	_	_	_	
2-16	180-183	dar	_	_	_	
2-17	184-187	und	_	_	_	
2-18	188-192	gebe	_	_	_	
2-19	193-196	ich	_	_	_	
2-20	197-201	dazu	_	_	_	
2-21	202-210	folgende	_	_	_	
2-22	211-221	Vorſchrift	_	_	_	
2-23	221-222	:	_	_	_	
2-24	225-227	In	_	_	_	
2-25	228-233	einem	_	_	_	
2-26	234-244	ſteinernen	_	_	_	
2-27	245-251	Mörſer	_	_	_	
2-28	252-257	reibt	_	_	_	
2-29	258-261	man	_	_	_	
2-30	262-263	8	_	_	_	
2-31	264-269	Teile	_	_	_	
2-32	270-279	Chlorkalk	_	_	_	
2-33	280-283	mit	_	_	_	
2-34	284-286	40	_	_	_	
2-35	287-293	Teilen	_	_	_	
2-36	295-301	Waſſer	_	_	_	
2-37	302-304	zu	_	_	_	
2-38	305-310	einem	_	_	_	
2-39	311-317	zarten	_	_	_	
2-40	318-325	Schlamm	_	_	_	
2-41	326-328	an	_	_	_	
2-42	328-329	,	_	_	_	
2-43	330-334	fügt	_	_	_	
2-44	335-339	dann	_	_	_	
2-45	340-344	noch	_	_	_	
2-46	345-347	20	_	_	_	
2-47	348-353	Teile	_	_	_	
2-48	354-360	Waſſer	_	_	_	
2-49	361-366	hinzu	_	_	_	
2-50	367-370	und	_	_	_	
2-51	371-376	gießt	_	_	_	
2-52	377-380	das	_	_	_	
2-53	381-386	Ganze	_	_	_	
2-54	387-389	in	_	_	_	
2-55	390-395	einen	_	_	_	
2-56	396-402	großen	_	_	_	
2-57	403-413	ſteinernen	_	_	_	
2-58	414-418	Topf	_	_	_	
2-59	418-419	,	_	_	_	
2-60	420-425	worin	_	_	_	
2-61	426-429	man	_	_	_	
2-62	430-434	über	_	_	_	
2-63	435-440	Nacht	_	_	_	
2-64	441-449	abſetzen	_	_	_	
2-65	450-453	und	_	_	_	
2-66	454-458	ſich	_	_	_	
2-67	459-465	klären	_	_	_	
2-68	466-470	läßt	_	_	_	
2-69	470-471	.	_	_	_	

#Text=Am nächſten Morgen bereitet man ſich eine
#Text=ſiedend heiße Löſung von 10 Teilen Soda in 40 Teilen Waſſer, und gießt
#Text=in dieſelbe unter beſtändigem Rühren die klare Chlorkalklöſung.
3-1	472-474	Am	_	_	_	
3-2	475-483	nächſten	_	_	_	
3-3	484-490	Morgen	_	_	_	
3-4	491-499	bereitet	_	_	_	
3-5	500-503	man	_	_	_	
3-6	504-508	ſich	_	_	_	
3-7	509-513	eine	_	_	_	
3-8	514-521	ſiedend	_	_	_	
3-9	522-527	heiße	_	_	_	
3-10	528-534	Löſung	_	_	_	
3-11	535-538	von	_	_	_	
3-12	539-541	10	_	_	_	
3-13	542-548	Teilen	_	_	_	
3-14	549-553	Soda	_	_	_	
3-15	554-556	in	_	_	_	
3-16	557-559	40	_	_	_	
3-17	560-566	Teilen	_	_	_	
3-18	567-573	Waſſer	_	_	_	
3-19	573-574	,	_	_	_	
3-20	575-578	und	_	_	_	
3-21	579-584	gießt	_	_	_	
3-22	585-587	in	_	_	_	
3-23	588-596	dieſelbe	_	_	_	
3-24	597-602	unter	_	_	_	
3-25	603-614	beſtändigem	_	_	_	
3-26	615-621	Rühren	_	_	_	
3-27	622-625	die	_	_	_	
3-28	626-631	klare	_	_	_	
3-29	632-647	Chlorkalklöſung	_	_	_	
3-30	647-648	.	_	_	_	

#Text=Es ſcheidet
#Text=ſich ein weißer Niederſchlag ab, den man abſetzen läßt, und von dem ab
#Text=
#Text=man die klare Löſung in Flaſchen füllt, welche bis an den Stöpſel gefüllt
#Text=
#Text=werden müſſen.
4-1	649-651	Es	_	_	_	
4-2	652-660	ſcheidet	_	_	_	
4-3	661-665	ſich	_	_	_	
4-4	666-669	ein	_	_	_	
4-5	670-676	weißer	_	_	_	
4-6	677-689	Niederſchlag	_	_	_	
4-7	690-692	ab	_	_	_	
4-8	692-693	,	_	_	_	
4-9	694-697	den	_	_	_	
4-10	698-701	man	_	_	_	
4-11	702-710	abſetzen	_	_	_	
4-12	711-715	läßt	_	_	_	
4-13	715-716	,	_	_	_	
4-14	717-720	und	_	_	_	
4-15	721-724	von	_	_	_	
4-16	725-728	dem	_	_	_	
4-17	729-731	ab	_	_	_	
4-18	733-736	man	_	_	_	
4-19	737-740	die	_	_	_	
4-20	741-746	klare	_	_	_	
4-21	747-753	Löſung	_	_	_	
4-22	754-756	in	_	_	_	
4-23	757-765	Flaſchen	_	_	_	
4-24	766-771	füllt	_	_	_	
4-25	771-772	,	_	_	_	
4-26	773-779	welche	_	_	_	
4-27	780-783	bis	_	_	_	
4-28	784-786	an	_	_	_	
4-29	787-790	den	_	_	_	
4-30	791-798	Stöpſel	_	_	_	
4-31	799-806	gefüllt	_	_	_	
4-32	808-814	werden	_	_	_	
4-33	815-821	müſſen	_	_	_	
4-34	821-822	.	_	_	_	

#Text=Es iſt eine ſchwach grünlich gelbe, ſchwach nach Chlor riechende
#Text=Flüſſigkeit, welche außer Natriumhypochlorit auch Chlornatrium gelöſt ent-
#Text=hält.
5-1	823-825	Es	_	_	_	
5-2	826-829	iſt	_	_	_	
5-3	830-834	eine	_	_	_	
5-4	835-842	ſchwach	_	_	_	
5-5	843-851	grünlich	_	_	_	
5-6	852-857	gelbe	_	_	_	
5-7	857-858	,	_	_	_	
5-8	859-866	ſchwach	Quality	_	_	
5-9	867-871	nach	Effect[1]	*	5-8[0_1]	
5-10	872-877	Chlor	Effect[1]	_	_	
5-11	878-887	riechende	Smell\_Word	*|*	5-9[1_0]|5-12	
5-12	888-899	Flüſſigkeit	Smell\_Source	_	_	
5-13	899-900	,	_	_	_	
5-14	901-907	welche	_	_	_	
5-15	908-913	außer	_	_	_	
5-16	914-932	Natriumhypochlorit	_	_	_	
5-17	933-937	auch	_	_	_	
5-18	938-950	Chlornatrium	_	_	_	
5-19	951-957	gelöſt	_	_	_	
5-20	958-961	ent	_	_	_	
5-21	961-962	-	_	_	_	
5-22	963-967	hält	_	_	_	
5-23	967-968	.	_	_	_	

#Text=Sie enthält mindeſtens 2 Prozent wirkſames Chlor.
#Text=
#Text=
#Text=6.
6-1	969-972	Sie	_	_	_	
6-2	973-980	enthält	_	_	_	
6-3	981-991	mindeſtens	_	_	_	
6-4	992-993	2	_	_	_	
6-5	994-1001	Prozent	_	_	_	
6-6	1002-1011	wirkſames	_	_	_	
6-7	1012-1017	Chlor	_	_	_	
6-8	1017-1018	.	_	_	_	
6-9	1021-1022	6	_	_	_	
6-10	1022-1023	.	_	_	_	

#Text=Schwefelſaures Natron, Natriumſulfat, Glauberſalz,
#Text=Na2 SO4 + 10 H2 O, wird in großen Mengen als Zwiſchenprodukt bei der
#Text=Sodafabrikation nach dem Leblancſchen Prozeß gewonnen.
7-1	1024-1038	Schwefelſaures	_	_	_	
7-2	1039-1045	Natron	_	_	_	
7-3	1045-1046	,	_	_	_	
7-4	1047-1060	Natriumſulfat	_	_	_	
7-5	1060-1061	,	_	_	_	
7-6	1062-1073	Glauberſalz	_	_	_	
7-7	1073-1074	,	_	_	_	
7-8	1075-1078	Na2	_	_	_	
7-9	1079-1082	SO4	_	_	_	
7-10	1083-1084	+	_	_	_	
7-11	1085-1087	10	_	_	_	
7-12	1088-1090	H2	_	_	_	
7-13	1091-1092	O	_	_	_	
7-14	1092-1093	,	_	_	_	
7-15	1094-1098	wird	_	_	_	
7-16	1099-1101	in	_	_	_	
7-17	1102-1108	großen	_	_	_	
7-18	1109-1115	Mengen	_	_	_	
7-19	1116-1119	als	_	_	_	
7-20	1120-1135	Zwiſchenprodukt	_	_	_	
7-21	1136-1139	bei	_	_	_	
7-22	1140-1143	der	_	_	_	
7-23	1144-1159	Sodafabrikation	_	_	_	
7-24	1160-1164	nach	_	_	_	
7-25	1165-1168	dem	_	_	_	
7-26	1169-1181	Leblancſchen	_	_	_	
7-27	1182-1188	Prozeß	_	_	_	
7-28	1189-1197	gewonnen	_	_	_	
7-29	1197-1198	.	_	_	_	

#Text=Es kryſtalliſiert
#Text=in großen, durchſichtigen, monoklinen Säulen, welche circa 56 Prozent Kryſtall-
#Text=waſſer enthalten, an der Luft verwittern und zu einem weißen Pulver zer-
#Text=fallen.
8-1	1199-1201	Es	_	_	_	
8-2	1202-1216	kryſtalliſiert	_	_	_	
8-3	1217-1219	in	_	_	_	
8-4	1220-1226	großen	_	_	_	
8-5	1226-1227	,	_	_	_	
8-6	1228-1242	durchſichtigen	_	_	_	
8-7	1242-1243	,	_	_	_	
8-8	1244-1254	monoklinen	_	_	_	
8-9	1255-1261	Säulen	_	_	_	
8-10	1261-1262	,	_	_	_	
8-11	1263-1269	welche	_	_	_	
8-12	1270-1275	circa	_	_	_	
8-13	1276-1278	56	_	_	_	
8-14	1279-1286	Prozent	_	_	_	
8-15	1287-1295	Kryſtall	_	_	_	
8-16	1295-1296	-	_	_	_	
8-17	1297-1303	waſſer	_	_	_	
8-18	1304-1313	enthalten	_	_	_	
8-19	1313-1314	,	_	_	_	
8-20	1315-1317	an	_	_	_	
8-21	1318-1321	der	_	_	_	
8-22	1322-1326	Luft	_	_	_	
8-23	1327-1337	verwittern	_	_	_	
8-24	1338-1341	und	_	_	_	
8-25	1342-1344	zu	_	_	_	
8-26	1345-1350	einem	_	_	_	
8-27	1351-1357	weißen	_	_	_	
8-28	1358-1364	Pulver	_	_	_	
8-29	1365-1368	zer	_	_	_	
8-30	1368-1369	-	_	_	_	
8-31	1370-1376	fallen	_	_	_	
8-32	1376-1377	.	_	_	_	

#Text=Es iſt in Waſſer leicht löslich.
#Text=— Anwendung:
#Text=Der Zweck der An-
#Text=wendung von Glauberſalz in der Färberei iſt in den meiſten Fällen die Er-
#Text=zielung einer höheren Temperatur des Färbebades und eines gleichmäßigen
#Text=Angehens der Farben an die Faſer.
9-1	1378-1380	Es	_	_	_	
9-2	1381-1384	iſt	_	_	_	
9-3	1385-1387	in	_	_	_	
9-4	1388-1394	Waſſer	_	_	_	
9-5	1395-1401	leicht	_	_	_	
9-6	1402-1409	löslich	_	_	_	
9-7	1409-1410	.	_	_	_	
9-8	1411-1412	—	_	_	_	
9-9	1413-1422	Anwendung	_	_	_	
9-10	1422-1423	:	_	_	_	
9-11	1424-1427	Der	_	_	_	
9-12	1428-1433	Zweck	_	_	_	
9-13	1434-1437	der	_	_	_	
9-14	1438-1440	An	_	_	_	
9-15	1440-1441	-	_	_	_	
9-16	1442-1449	wendung	_	_	_	
9-17	1450-1453	von	_	_	_	
9-18	1454-1465	Glauberſalz	_	_	_	
9-19	1466-1468	in	_	_	_	
9-20	1469-1472	der	_	_	_	
9-21	1473-1481	Färberei	_	_	_	
9-22	1482-1485	iſt	_	_	_	
9-23	1486-1488	in	_	_	_	
9-24	1489-1492	den	_	_	_	
9-25	1493-1500	meiſten	_	_	_	
9-26	1501-1507	Fällen	_	_	_	
9-27	1508-1511	die	_	_	_	
9-28	1512-1514	Er	_	_	_	
9-29	1514-1515	-	_	_	_	
9-30	1516-1523	zielung	_	_	_	
9-31	1524-1529	einer	_	_	_	
9-32	1530-1537	höheren	_	_	_	
9-33	1538-1548	Temperatur	_	_	_	
9-34	1549-1552	des	_	_	_	
9-35	1553-1563	Färbebades	_	_	_	
9-36	1564-1567	und	_	_	_	
9-37	1568-1573	eines	_	_	_	
9-38	1574-1587	gleichmäßigen	_	_	_	
9-39	1588-1596	Angehens	_	_	_	
9-40	1597-1600	der	_	_	_	
9-41	1601-1607	Farben	_	_	_	
9-42	1608-1610	an	_	_	_	
9-43	1611-1614	die	_	_	_	
9-44	1615-1620	Faſer	_	_	_	
9-45	1620-1621	.	_	_	_	

#Text=Dieſes wird durch die leichte Löslich-
#Text=lichkeit des Glauberſalzes in der Weiſe erreicht, daß nicht der ganze Farb-
#Text=ſtoff des Färbebades ſich auf einmal zu löſen vermag, ſondern
#Text=daß die Glauber-
#Text=ſalzlöſung von dem im Ueberſchuß vorhandenen ungelöſten Farbſtoff nur ſo
#Text=viel löſt, als ſie von dem bereits gelöſten Farbſtoffe gleichzeitig an die Faſer
#Text=abgibt.
10-1	1622-1628	Dieſes	_	_	_	
10-2	1629-1633	wird	_	_	_	
10-3	1634-1639	durch	_	_	_	
10-4	1640-1643	die	_	_	_	
10-5	1644-1651	leichte	_	_	_	
10-6	1652-1659	Löslich	_	_	_	
10-7	1659-1660	-	_	_	_	
10-8	1661-1669	lichkeit	_	_	_	
10-9	1670-1673	des	_	_	_	
10-10	1674-1687	Glauberſalzes	_	_	_	
10-11	1688-1690	in	_	_	_	
10-12	1691-1694	der	_	_	_	
10-13	1695-1700	Weiſe	_	_	_	
10-14	1701-1709	erreicht	_	_	_	
10-15	1709-1710	,	_	_	_	
10-16	1711-1714	daß	_	_	_	
10-17	1715-1720	nicht	_	_	_	
10-18	1721-1724	der	_	_	_	
10-19	1725-1730	ganze	_	_	_	
10-20	1731-1735	Farb	_	_	_	
10-21	1735-1736	-	_	_	_	
10-22	1737-1742	ſtoff	_	_	_	
10-23	1743-1746	des	_	_	_	
10-24	1747-1757	Färbebades	_	_	_	
10-25	1758-1762	ſich	_	_	_	
10-26	1763-1766	auf	_	_	_	
10-27	1767-1773	einmal	_	_	_	
10-28	1774-1776	zu	_	_	_	
10-29	1777-1782	löſen	_	_	_	
10-30	1783-1789	vermag	_	_	_	
10-31	1789-1790	,	_	_	_	
10-32	1791-1798	ſondern	_	_	_	
10-33	1799-1802	daß	_	_	_	
10-34	1803-1806	die	_	_	_	
10-35	1807-1814	Glauber	_	_	_	
10-36	1814-1815	-	_	_	_	
10-37	1816-1826	ſalzlöſung	_	_	_	
10-38	1827-1830	von	_	_	_	
10-39	1831-1834	dem	_	_	_	
10-40	1835-1837	im	_	_	_	
10-41	1838-1848	Ueberſchuß	_	_	_	
10-42	1849-1860	vorhandenen	_	_	_	
10-43	1861-1871	ungelöſten	_	_	_	
10-44	1872-1881	Farbſtoff	_	_	_	
10-45	1882-1885	nur	_	_	_	
10-46	1886-1888	ſo	_	_	_	
10-47	1889-1893	viel	_	_	_	
10-48	1894-1898	löſt	_	_	_	
10-49	1898-1899	,	_	_	_	
10-50	1900-1903	als	_	_	_	
10-51	1904-1907	ſie	_	_	_	
10-52	1908-1911	von	_	_	_	
10-53	1912-1915	dem	_	_	_	
10-54	1916-1923	bereits	_	_	_	
10-55	1924-1932	gelöſten	_	_	_	
10-56	1933-1943	Farbſtoffe	_	_	_	
10-57	1944-1956	gleichzeitig	_	_	_	
10-58	1957-1959	an	_	_	_	
10-59	1960-1963	die	_	_	_	
10-60	1964-1969	Faſer	_	_	_	
10-61	1970-1976	abgibt	_	_	_	
10-62	1976-1977	.	_	_	_	

#Text=Das Glauberſalz würde in dieſer Weiſe als ein Regulator wirken,
#Text=und thatſächlich erzielt man damit ein allmähliches und gleichmäßiges Angehen
#Text=der Farben.
11-1	1978-1981	Das	_	_	_	
11-2	1982-1993	Glauberſalz	_	_	_	
11-3	1994-1999	würde	_	_	_	
11-4	2000-2002	in	_	_	_	
11-5	2003-2009	dieſer	_	_	_	
11-6	2010-2015	Weiſe	_	_	_	
11-7	2016-2019	als	_	_	_	
11-8	2020-2023	ein	_	_	_	
11-9	2024-2033	Regulator	_	_	_	
11-10	2034-2040	wirken	_	_	_	
11-11	2040-2041	,	_	_	_	
11-12	2042-2045	und	_	_	_	
11-13	2046-2058	thatſächlich	_	_	_	
11-14	2059-2066	erzielt	_	_	_	
11-15	2067-2070	man	_	_	_	
11-16	2071-2076	damit	_	_	_	
11-17	2077-2080	ein	_	_	_	
11-18	2081-2093	allmähliches	_	_	_	
11-19	2094-2097	und	_	_	_	
11-20	2098-2111	gleichmäßiges	_	_	_	
11-21	2112-2119	Angehen	_	_	_	
11-22	2120-2123	der	_	_	_	
11-23	2124-2130	Farben	_	_	_	
11-24	2130-2131	.	_	_	_	
