{"_context" : {
    "_types" : {
      "DocumentMetaData" : {
        "_feature_types" : {"sofa" : "_ref" } }, 
      "Relation" : {
        "_feature_types" : {"sofa" : "_ref",  "Dependent" : "_ref",  "Governor" : "_ref" } }, 
      "Sentence" : {
        "_feature_types" : {"sofa" : "_ref" } }, 
      "Sofa" : {
        "_feature_types" : {"sofaArray" : "_ref" } }, 
      "Span" : {
        "_feature_types" : {"sofa" : "_ref" } }, 
      "TagsetDescription" : {
        "_feature_types" : {"sofa" : "_ref",  "tags" : "_ref" } }, 
      "Token" : {
        "_feature_types" : {"sofa" : "_ref",  "parent" : "_ref",  "lemma" : "_ref",  "stem" : "_ref",  "pos" : "_ref",  "morph" : "_ref",  "form" : "_ref" } }, 
      "DocumentAnnotation" : {
        "_feature_types" : {"sofa" : "_ref" }, 
        "_subtypes" : ["DocumentMetaData" ] }, 
      "Annotation" : {
        "_feature_types" : {"sofa" : "_ref" }, 
        "_subtypes" : ["DocumentAnnotation",  "Relation",  "Sentence",  "Span",  "TagsetDescription",  "Token" ] }, 
      "AnnotationBase" : {
        "_feature_types" : {"sofa" : "_ref" }, 
        "_subtypes" : ["Annotation" ] }, 
      "TOP" : {
        "_subtypes" : ["AnnotationBase",  "Sofa" ] } } }, 
  "_views" : {
    "_InitialView" : {
      "Relation" : [
        {"sofa" : 1,  "begin" : 84,  "end" : 89,  "Dependent" : 7688,  "Governor" : 7693 }, 
        {"sofa" : 1,  "begin" : 461,  "end" : 468,  "Dependent" : 7705,  "Governor" : 7710 }, 
        {"sofa" : 1,  "begin" : 461,  "end" : 468,  "Dependent" : 7705,  "Governor" : 7722 }, 
        {"sofa" : 1,  "begin" : 461,  "end" : 468,  "Dependent" : 7705,  "Governor" : 7734 }, 
        {"sofa" : 1,  "begin" : 525,  "end" : 530,  "Dependent" : 7756,  "Governor" : 7746 }, 
        {"sofa" : 1,  "begin" : 525,  "end" : 530,  "Dependent" : 7756,  "Governor" : 7751 }, 
        {"sofa" : 1,  "begin" : 525,  "end" : 530,  "Dependent" : 7756,  "Governor" : 7775 }, 
        {"sofa" : 1,  "begin" : 582,  "end" : 589,  "Dependent" : 7787,  "Governor" : 7792 }, 
        {"sofa" : 1,  "begin" : 582,  "end" : 589,  "Dependent" : 7787,  "Governor" : 7804 }, 
        {"sofa" : 1,  "begin" : 582,  "end" : 589,  "Dependent" : 7787,  "Governor" : 7821 }, 
        {"sofa" : 1,  "begin" : 582,  "end" : 589,  "Dependent" : 7787,  "Governor" : 7816 }, 
        {"sofa" : 1,  "begin" : 582,  "end" : 589,  "Dependent" : 7787,  "Governor" : 7840 }, 
        {"sofa" : 1,  "begin" : 763,  "end" : 768,  "Dependent" : 7862,  "Governor" : 7857 }, 
        {"sofa" : 1,  "begin" : 763,  "end" : 768,  "Dependent" : 7862,  "Governor" : 7852 }, 
        {"sofa" : 1,  "begin" : 763,  "end" : 768,  "Dependent" : 7862,  "Governor" : 7881 }, 
        {"sofa" : 1,  "begin" : 887,  "end" : 892,  "Dependent" : 7893,  "Governor" : 7898 }, 
        {"sofa" : 1,  "begin" : 989,  "end" : 994,  "Dependent" : 7915,  "Governor" : 7910 }, 
        {"sofa" : 1,  "begin" : 989,  "end" : 994,  "Dependent" : 7915,  "Governor" : 7944 }, 
        {"sofa" : 1,  "begin" : 1029,  "end" : 1034,  "Dependent" : 7932,  "Governor" : 7927 }, 
        {"sofa" : 1,  "begin" : 1029,  "end" : 1034,  "Dependent" : 7932,  "Governor" : 7944 }, 
        {"sofa" : 1,  "begin" : 1685,  "end" : 1689,  "Dependent" : 7997,  "Governor" : 8009,  "label" : "Anaphoric" }, 
        {"sofa" : 1,  "begin" : 1697,  "end" : 1702,  "Dependent" : 7968,  "Governor" : 7963 }, 
        {"sofa" : 1,  "begin" : 1697,  "end" : 1702,  "Dependent" : 7968,  "Governor" : 7997 }, 
        {"sofa" : 1,  "begin" : 1738,  "end" : 1743,  "Dependent" : 7985,  "Governor" : 8021 }, 
        {"sofa" : 1,  "begin" : 1925,  "end" : 1930,  "Dependent" : 8038,  "Governor" : 8043 }, 
        {"sofa" : 1,  "begin" : 1925,  "end" : 1930,  "Dependent" : 8038,  "Governor" : 8033 }, 
        {"sofa" : 1,  "begin" : 1925,  "end" : 1930,  "Dependent" : 8038,  "Governor" : 8120 }, 
        {"sofa" : 1,  "begin" : 1971,  "end" : 1976,  "Dependent" : 8067,  "Governor" : 8062 }, 
        {"sofa" : 1,  "begin" : 1971,  "end" : 1976,  "Dependent" : 8067,  "Governor" : 8101 }, 
        {"sofa" : 1,  "begin" : 1971,  "end" : 1976,  "Dependent" : 8067,  "Governor" : 8084 }, 
        {"sofa" : 1,  "begin" : 1971,  "end" : 1976,  "Dependent" : 8067,  "Governor" : 8120 }, 
        {"sofa" : 1,  "begin" : 2115,  "end" : 2119,  "Dependent" : 8156,  "Governor" : 8043,  "label" : "Anaphoric" }, 
        {"sofa" : 1,  "begin" : 2120,  "end" : 2125,  "Dependent" : 8139,  "Governor" : 8168 }, 
        {"sofa" : 1,  "begin" : 2120,  "end" : 2125,  "Dependent" : 8139,  "Governor" : 8156 }, 
        {"sofa" : 1,  "begin" : 2493,  "end" : 2498,  "Dependent" : 8192,  "Governor" : 8197 }, 
        {"sofa" : 1,  "begin" : 2493,  "end" : 2498,  "Dependent" : 8192,  "Governor" : 8187 }, 
        {"sofa" : 1,  "begin" : 2493,  "end" : 2498,  "Dependent" : 8192,  "Governor" : 8216 }, 
        {"sofa" : 1,  "begin" : 2530,  "end" : 2535,  "Dependent" : 8233,  "Governor" : 8238 }, 
        {"sofa" : 1,  "begin" : 2530,  "end" : 2535,  "Dependent" : 8233,  "Governor" : 8197 }, 
        {"sofa" : 1,  "begin" : 2542,  "end" : 2546,  "Dependent" : 8262,  "Governor" : 8238,  "label" : "Anaphoric" }, 
        {"sofa" : 1,  "begin" : 2554,  "end" : 2559,  "Dependent" : 8257,  "Governor" : 8262 }, 
        {"sofa" : 1,  "begin" : 2554,  "end" : 2559,  "Dependent" : 8257,  "Governor" : 8286 }, 
        {"sofa" : 1,  "begin" : 2554,  "end" : 2559,  "Dependent" : 8257,  "Governor" : 8281 }, 
        {"sofa" : 1,  "begin" : 2750,  "end" : 2755,  "Dependent" : 8315,  "Governor" : 8310 }, 
        {"sofa" : 1,  "begin" : 2750,  "end" : 2755,  "Dependent" : 8315,  "Governor" : 8327 }, 
        {"sofa" : 1,  "begin" : 2750,  "end" : 2755,  "Dependent" : 8315,  "Governor" : 8339 } ], 
      "Span" : [7693,  7688,  7722,  7705,  7710,  7734,  7746,  7751,  7756,  7775,  7821,  7804,  7787,  7792,  7816,  7840,  7881,  7852,  7857,  7862,  7893,  7898,  7944,  7910,  7915,  7927,  7932,  8009,  7997,  7963,  7968,  8021,  7985,  8120,  8033,  8038,  8043,  8062,  8067,  8101,  8084,  8168,  8156,  8139,  8197,  8187,  8192,  8216,  8238,  8233,  8262,  8257,  8281,  8286,  8339,  8310,  8315,  8327 ], 
      "DocumentMetaData" : [
        {"sofa" : 1,  "end" : 2850,  "language" : "x-unspecified",  "documentTitle" : "067E%20Richardson%201910%20War%20Police%20and%20Watch%20Dogs__119_distribution_LAW.txt",  "documentId" : "teresa",  "documentUri" : "file:/home/dhuser/alessio/inception/repository/project/29/document/10780/source/teresa",  "collectionId" : "file:/home/dhuser/alessio/inception/repository/project/29/document/10780/source/",  "documentBaseUri" : "file:/home/dhuser/alessio/inception/repository/project/29/document/10780/source/",  "isLastSegment" : false } ], 
      "TagsetDescription" : [
        {"sofa" : 1,  "layer" : "webanno.custom.Emotions",  "name" : "Emotion Labels",  "input" : false }, 
        {"sofa" : 1,  "layer" : "custom.Relation",  "name" : "Relation labels",  "input" : false }, 
        {"sofa" : 1,  "layer" : "custom.Span",  "name" : "Smell labels",  "input" : false } ], 
      "Sentence" : [
        {"sofa" : 1,  "end" : 233 }, 
        {"sofa" : 1,  "begin" : 234,  "end" : 451 }, 
        {"sofa" : 1,  "begin" : 452,  "end" : 639 }, 
        {"sofa" : 1,  "begin" : 641,  "end" : 862 }, 
        {"sofa" : 1,  "begin" : 864,  "end" : 1056 }, 
        {"sofa" : 1,  "begin" : 1057,  "end" : 1155 }, 
        {"sofa" : 1,  "begin" : 1156,  "end" : 1317 }, 
        {"sofa" : 1,  "begin" : 1318,  "end" : 1479 }, 
        {"sofa" : 1,  "begin" : 1480,  "end" : 1540 }, 
        {"sofa" : 1,  "begin" : 1540,  "end" : 1541 }, 
        {"sofa" : 1,  "begin" : 1543,  "end" : 1668 }, 
        {"sofa" : 1,  "begin" : 1669,  "end" : 1785 }, 
        {"sofa" : 1,  "begin" : 1785,  "end" : 1786 }, 
        {"sofa" : 1,  "begin" : 1788,  "end" : 1997 }, 
        {"sofa" : 1,  "begin" : 1998,  "end" : 2127 }, 
        {"sofa" : 1,  "begin" : 2129,  "end" : 2442 }, 
        {"sofa" : 1,  "begin" : 2443,  "end" : 2680 }, 
        {"sofa" : 1,  "begin" : 2681,  "end" : 2849 } ], 
      "Token" : [
        {"sofa" : 1,  "end" : 2 }, 
        {"sofa" : 1,  "begin" : 3,  "end" : 7 }, 
        {"sofa" : 1,  "begin" : 8,  "end" : 10 }, 
        {"sofa" : 1,  "begin" : 11,  "end" : 18 }, 
        {"sofa" : 1,  "begin" : 19,  "end" : 23 }, 
        {"sofa" : 1,  "begin" : 24,  "end" : 28 }, 
        {"sofa" : 1,  "begin" : 29,  "end" : 39 }, 
        {"sofa" : 1,  "begin" : 40,  "end" : 42 }, 
        {"sofa" : 1,  "begin" : 43,  "end" : 46 }, 
        {"sofa" : 1,  "begin" : 47,  "end" : 51 }, 
        {"sofa" : 1,  "begin" : 52,  "end" : 62 }, 
        {"sofa" : 1,  "begin" : 63,  "end" : 66 }, 
        {"sofa" : 1,  "begin" : 67,  "end" : 70 }, 
        {"sofa" : 1,  "begin" : 71,  "end" : 80 }, 
        {"sofa" : 1,  "begin" : 81,  "end" : 83 }, 
        {"sofa" : 1,  "begin" : 84,  "end" : 89 }, 
        {"sofa" : 1,  "begin" : 89,  "end" : 90 }, 
        {"sofa" : 1,  "begin" : 91,  "end" : 93 }, 
        {"sofa" : 1,  "begin" : 94,  "end" : 105 }, 
        {"sofa" : 1,  "begin" : 106,  "end" : 110 }, 
        {"sofa" : 1,  "begin" : 111,  "end" : 114 }, 
        {"sofa" : 1,  "begin" : 115,  "end" : 119 }, 
        {"sofa" : 1,  "begin" : 120,  "end" : 125 }, 
        {"sofa" : 1,  "begin" : 126,  "end" : 128 }, 
        {"sofa" : 1,  "begin" : 129,  "end" : 136 }, 
        {"sofa" : 1,  "begin" : 137,  "end" : 141 }, 
        {"sofa" : 1,  "begin" : 141,  "end" : 142 }, 
        {"sofa" : 1,  "begin" : 143,  "end" : 146 }, 
        {"sofa" : 1,  "begin" : 147,  "end" : 151 }, 
        {"sofa" : 1,  "begin" : 151,  "end" : 152 }, 
        {"sofa" : 1,  "begin" : 153,  "end" : 155 }, 
        {"sofa" : 1,  "begin" : 156,  "end" : 162 }, 
        {"sofa" : 1,  "begin" : 162,  "end" : 163 }, 
        {"sofa" : 1,  "begin" : 164,  "end" : 166 }, 
        {"sofa" : 1,  "begin" : 167,  "end" : 168 }, 
        {"sofa" : 1,  "begin" : 169,  "end" : 173 }, 
        {"sofa" : 1,  "begin" : 174,  "end" : 179 }, 
        {"sofa" : 1,  "begin" : 179,  "end" : 180 }, 
        {"sofa" : 1,  "begin" : 181,  "end" : 183 }, 
        {"sofa" : 1,  "begin" : 184,  "end" : 187 }, 
        {"sofa" : 1,  "begin" : 188,  "end" : 192 }, 
        {"sofa" : 1,  "begin" : 193,  "end" : 196 }, 
        {"sofa" : 1,  "begin" : 197,  "end" : 201 }, 
        {"sofa" : 1,  "begin" : 202,  "end" : 212 }, 
        {"sofa" : 1,  "begin" : 213,  "end" : 219 }, 
        {"sofa" : 1,  "begin" : 220,  "end" : 222 }, 
        {"sofa" : 1,  "begin" : 223,  "end" : 227 }, 
        {"sofa" : 1,  "begin" : 228,  "end" : 232 }, 
        {"sofa" : 1,  "begin" : 232,  "end" : 233 }, 
        {"sofa" : 1,  "begin" : 234,  "end" : 236 }, 
        {"sofa" : 1,  "begin" : 237,  "end" : 239 }, 
        {"sofa" : 1,  "begin" : 240,  "end" : 244 }, 
        {"sofa" : 1,  "begin" : 245,  "end" : 253 }, 
        {"sofa" : 1,  "begin" : 254,  "end" : 256 }, 
        {"sofa" : 1,  "begin" : 257,  "end" : 262 }, 
        {"sofa" : 1,  "begin" : 263,  "end" : 264 }, 
        {"sofa" : 1,  "begin" : 265,  "end" : 271 }, 
        {"sofa" : 1,  "begin" : 272,  "end" : 278 }, 
        {"sofa" : 1,  "begin" : 279,  "end" : 284 }, 
        {"sofa" : 1,  "begin" : 285,  "end" : 287 }, 
        {"sofa" : 1,  "begin" : 288,  "end" : 295 }, 
        {"sofa" : 1,  "begin" : 296,  "end" : 301 }, 
        {"sofa" : 1,  "begin" : 302,  "end" : 304 }, 
        {"sofa" : 1,  "begin" : 305,  "end" : 310 }, 
        {"sofa" : 1,  "begin" : 311,  "end" : 313 }, 
        {"sofa" : 1,  "begin" : 314,  "end" : 319 }, 
        {"sofa" : 1,  "begin" : 320,  "end" : 322 }, 
        {"sofa" : 1,  "begin" : 323,  "end" : 326 }, 
        {"sofa" : 1,  "begin" : 327,  "end" : 331 }, 
        {"sofa" : 1,  "begin" : 332,  "end" : 339 }, 
        {"sofa" : 1,  "begin" : 339,  "end" : 340 }, 
        {"sofa" : 1,  "begin" : 341,  "end" : 344 }, 
        {"sofa" : 1,  "begin" : 345,  "end" : 346 }, 
        {"sofa" : 1,  "begin" : 347,  "end" : 352 }, 
        {"sofa" : 1,  "begin" : 353,  "end" : 359 }, 
        {"sofa" : 1,  "begin" : 360,  "end" : 365 }, 
        {"sofa" : 1,  "begin" : 366,  "end" : 368 }, 
        {"sofa" : 1,  "begin" : 369,  "end" : 377 }, 
        {"sofa" : 1,  "begin" : 377,  "end" : 378 }, 
        {"sofa" : 1,  "begin" : 379,  "end" : 385 }, 
        {"sofa" : 1,  "begin" : 386,  "end" : 395 }, 
        {"sofa" : 1,  "begin" : 396,  "end" : 401 }, 
        {"sofa" : 1,  "begin" : 402,  "end" : 406 }, 
        {"sofa" : 1,  "begin" : 407,  "end" : 410 }, 
        {"sofa" : 1,  "begin" : 411,  "end" : 415 }, 
        {"sofa" : 1,  "begin" : 416,  "end" : 422 }, 
        {"sofa" : 1,  "begin" : 423,  "end" : 426 }, 
        {"sofa" : 1,  "begin" : 427,  "end" : 431 }, 
        {"sofa" : 1,  "begin" : 432,  "end" : 434 }, 
        {"sofa" : 1,  "begin" : 435,  "end" : 440 }, 
        {"sofa" : 1,  "begin" : 441,  "end" : 450 }, 
        {"sofa" : 1,  "begin" : 450,  "end" : 451 }, 
        {"sofa" : 1,  "begin" : 452,  "end" : 460 }, 
        {"sofa" : 1,  "begin" : 461,  "end" : 468 }, 
        {"sofa" : 1,  "begin" : 469,  "end" : 475 }, 
        {"sofa" : 1,  "begin" : 476,  "end" : 481 }, 
        {"sofa" : 1,  "begin" : 482,  "end" : 490 }, 
        {"sofa" : 1,  "begin" : 491,  "end" : 500 }, 
        {"sofa" : 1,  "begin" : 500,  "end" : 501 }, 
        {"sofa" : 1,  "begin" : 502,  "end" : 504 }, 
        {"sofa" : 1,  "begin" : 505,  "end" : 508 }, 
        {"sofa" : 1,  "begin" : 509,  "end" : 515 }, 
        {"sofa" : 1,  "begin" : 516,  "end" : 518 }, 
        {"sofa" : 1,  "begin" : 519,  "end" : 524 }, 
        {"sofa" : 1,  "begin" : 525,  "end" : 530 }, 
        {"sofa" : 1,  "begin" : 531,  "end" : 533 }, 
        {"sofa" : 1,  "begin" : 534,  "end" : 545 }, 
        {"sofa" : 1,  "begin" : 546,  "end" : 547 }, 
        {"sofa" : 1,  "begin" : 548,  "end" : 552 }, 
        {"sofa" : 1,  "begin" : 553,  "end" : 559 }, 
        {"sofa" : 1,  "begin" : 560,  "end" : 566 }, 
        {"sofa" : 1,  "begin" : 566,  "end" : 567 }, 
        {"sofa" : 1,  "begin" : 568,  "end" : 570 }, 
        {"sofa" : 1,  "begin" : 571,  "end" : 574 }, 
        {"sofa" : 1,  "begin" : 575,  "end" : 581 }, 
        {"sofa" : 1,  "begin" : 582,  "end" : 589 }, 
        {"sofa" : 1,  "begin" : 590,  "end" : 595 }, 
        {"sofa" : 1,  "begin" : 595,  "end" : 596 }, 
        {"sofa" : 1,  "begin" : 597,  "end" : 600 }, 
        {"sofa" : 1,  "begin" : 601,  "end" : 608 }, 
        {"sofa" : 1,  "begin" : 609,  "end" : 615 }, 
        {"sofa" : 1,  "begin" : 615,  "end" : 616 }, 
        {"sofa" : 1,  "begin" : 617,  "end" : 620 }, 
        {"sofa" : 1,  "begin" : 621,  "end" : 628 }, 
        {"sofa" : 1,  "begin" : 629,  "end" : 638 }, 
        {"sofa" : 1,  "begin" : 638,  "end" : 639 }, 
        {"sofa" : 1,  "begin" : 641,  "end" : 646 }, 
        {"sofa" : 1,  "begin" : 647,  "end" : 655 }, 
        {"sofa" : 1,  "begin" : 656,  "end" : 662 }, 
        {"sofa" : 1,  "begin" : 663,  "end" : 666 }, 
        {"sofa" : 1,  "begin" : 667,  "end" : 679 }, 
        {"sofa" : 1,  "begin" : 680,  "end" : 695 }, 
        {"sofa" : 1,  "begin" : 695,  "end" : 696 }, 
        {"sofa" : 1,  "begin" : 697,  "end" : 700 }, 
        {"sofa" : 1,  "begin" : 701,  "end" : 707 }, 
        {"sofa" : 1,  "begin" : 708,  "end" : 713 }, 
        {"sofa" : 1,  "begin" : 714,  "end" : 718 }, 
        {"sofa" : 1,  "begin" : 719,  "end" : 722 }, 
        {"sofa" : 1,  "begin" : 723,  "end" : 729 }, 
        {"sofa" : 1,  "begin" : 730,  "end" : 731 }, 
        {"sofa" : 1,  "begin" : 732,  "end" : 734 }, 
        {"sofa" : 1,  "begin" : 735,  "end" : 740 }, 
        {"sofa" : 1,  "begin" : 741,  "end" : 744 }, 
        {"sofa" : 1,  "begin" : 745,  "end" : 746 }, 
        {"sofa" : 1,  "begin" : 747,  "end" : 753 }, 
        {"sofa" : 1,  "begin" : 754,  "end" : 762 }, 
        {"sofa" : 1,  "begin" : 763,  "end" : 768 }, 
        {"sofa" : 1,  "begin" : 769,  "end" : 771 }, 
        {"sofa" : 1,  "begin" : 772,  "end" : 775 }, 
        {"sofa" : 1,  "begin" : 776,  "end" : 779 }, 
        {"sofa" : 1,  "begin" : 779,  "end" : 780 }, 
        {"sofa" : 1,  "begin" : 781,  "end" : 786 }, 
        {"sofa" : 1,  "begin" : 787,  "end" : 791 }, 
        {"sofa" : 1,  "begin" : 792,  "end" : 796 }, 
        {"sofa" : 1,  "begin" : 797,  "end" : 799 }, 
        {"sofa" : 1,  "begin" : 800,  "end" : 803 }, 
        {"sofa" : 1,  "begin" : 804,  "end" : 813 }, 
        {"sofa" : 1,  "begin" : 813,  "end" : 814 }, 
        {"sofa" : 1,  "begin" : 815,  "end" : 816 }, 
        {"sofa" : 1,  "begin" : 816,  "end" : 817 }, 
        {"sofa" : 1,  "begin" : 817,  "end" : 818 }, 
        {"sofa" : 1,  "begin" : 818,  "end" : 819 }, 
        {"sofa" : 1,  "begin" : 820,  "end" : 824 }, 
        {"sofa" : 1,  "begin" : 825,  "end" : 828 }, 
        {"sofa" : 1,  "begin" : 829,  "end" : 833 }, 
        {"sofa" : 1,  "begin" : 834,  "end" : 838 }, 
        {"sofa" : 1,  "begin" : 839,  "end" : 849 }, 
        {"sofa" : 1,  "begin" : 850,  "end" : 853 }, 
        {"sofa" : 1,  "begin" : 854,  "end" : 858 }, 
        {"sofa" : 1,  "begin" : 859,  "end" : 861 }, 
        {"sofa" : 1,  "begin" : 861,  "end" : 862 }, 
        {"sofa" : 1,  "begin" : 864,  "end" : 867 }, 
        {"sofa" : 1,  "begin" : 868,  "end" : 872 }, 
        {"sofa" : 1,  "begin" : 873,  "end" : 879 }, 
        {"sofa" : 1,  "begin" : 880,  "end" : 882 }, 
        {"sofa" : 1,  "begin" : 883,  "end" : 886 }, 
        {"sofa" : 1,  "begin" : 887,  "end" : 892 }, 
        {"sofa" : 1,  "begin" : 893,  "end" : 897 }, 
        {"sofa" : 1,  "begin" : 898,  "end" : 900 }, 
        {"sofa" : 1,  "begin" : 901,  "end" : 902 }, 
        {"sofa" : 1,  "begin" : 903,  "end" : 906 }, 
        {"sofa" : 1,  "begin" : 906,  "end" : 907 }, 
        {"sofa" : 1,  "begin" : 908,  "end" : 912 }, 
        {"sofa" : 1,  "begin" : 913,  "end" : 924 }, 
        {"sofa" : 1,  "begin" : 925,  "end" : 936 }, 
        {"sofa" : 1,  "begin" : 937,  "end" : 943 }, 
        {"sofa" : 1,  "begin" : 944,  "end" : 946 }, 
        {"sofa" : 1,  "begin" : 947,  "end" : 949 }, 
        {"sofa" : 1,  "begin" : 950,  "end" : 957 }, 
        {"sofa" : 1,  "begin" : 958,  "end" : 961 }, 
        {"sofa" : 1,  "begin" : 962,  "end" : 965 }, 
        {"sofa" : 1,  "begin" : 966,  "end" : 971 }, 
        {"sofa" : 1,  "begin" : 972,  "end" : 980 }, 
        {"sofa" : 1,  "begin" : 981,  "end" : 983 }, 
        {"sofa" : 1,  "begin" : 984,  "end" : 988 }, 
        {"sofa" : 1,  "begin" : 989,  "end" : 994 }, 
        {"sofa" : 1,  "begin" : 994,  "end" : 995 }, 
        {"sofa" : 1,  "begin" : 996,  "end" : 998 }, 
        {"sofa" : 1,  "begin" : 999,  "end" : 1001 }, 
        {"sofa" : 1,  "begin" : 1002,  "end" : 1004 }, 
        {"sofa" : 1,  "begin" : 1005,  "end" : 1012 }, 
        {"sofa" : 1,  "begin" : 1013,  "end" : 1015 }, 
        {"sofa" : 1,  "begin" : 1016,  "end" : 1020 }, 
        {"sofa" : 1,  "begin" : 1021,  "end" : 1023 }, 
        {"sofa" : 1,  "begin" : 1024,  "end" : 1028 }, 
        {"sofa" : 1,  "begin" : 1029,  "end" : 1034 }, 
        {"sofa" : 1,  "begin" : 1034,  "end" : 1035 }, 
        {"sofa" : 1,  "begin" : 1036,  "end" : 1039 }, 
        {"sofa" : 1,  "begin" : 1040,  "end" : 1042 }, 
        {"sofa" : 1,  "begin" : 1043,  "end" : 1045 }, 
        {"sofa" : 1,  "begin" : 1045,  "end" : 1046 }, 
        {"sofa" : 1,  "begin" : 1047,  "end" : 1050 }, 
        {"sofa" : 1,  "begin" : 1051,  "end" : 1055 }, 
        {"sofa" : 1,  "begin" : 1055,  "end" : 1056 }, 
        {"sofa" : 1,  "begin" : 1057,  "end" : 1059 }, 
        {"sofa" : 1,  "begin" : 1060,  "end" : 1063 }, 
        {"sofa" : 1,  "begin" : 1063,  "end" : 1064 }, 
        {"sofa" : 1,  "begin" : 1065,  "end" : 1068 }, 
        {"sofa" : 1,  "begin" : 1069,  "end" : 1080 }, 
        {"sofa" : 1,  "begin" : 1081,  "end" : 1083 }, 
        {"sofa" : 1,  "begin" : 1084,  "end" : 1091 }, 
        {"sofa" : 1,  "begin" : 1092,  "end" : 1096 }, 
        {"sofa" : 1,  "begin" : 1097,  "end" : 1100 }, 
        {"sofa" : 1,  "begin" : 1101,  "end" : 1103 }, 
        {"sofa" : 1,  "begin" : 1104,  "end" : 1107 }, 
        {"sofa" : 1,  "begin" : 1108,  "end" : 1114 }, 
        {"sofa" : 1,  "begin" : 1115,  "end" : 1120 }, 
        {"sofa" : 1,  "begin" : 1121,  "end" : 1123 }, 
        {"sofa" : 1,  "begin" : 1124,  "end" : 1125 }, 
        {"sofa" : 1,  "begin" : 1126,  "end" : 1133 }, 
        {"sofa" : 1,  "begin" : 1134,  "end" : 1140 }, 
        {"sofa" : 1,  "begin" : 1141,  "end" : 1143 }, 
        {"sofa" : 1,  "begin" : 1144,  "end" : 1148 }, 
        {"sofa" : 1,  "begin" : 1149,  "end" : 1154 }, 
        {"sofa" : 1,  "begin" : 1154,  "end" : 1155 }, 
        {"sofa" : 1,  "begin" : 1156,  "end" : 1157 }, 
        {"sofa" : 1,  "begin" : 1158,  "end" : 1162 }, 
        {"sofa" : 1,  "begin" : 1163,  "end" : 1167 }, 
        {"sofa" : 1,  "begin" : 1168,  "end" : 1170 }, 
        {"sofa" : 1,  "begin" : 1171,  "end" : 1178 }, 
        {"sofa" : 1,  "begin" : 1179,  "end" : 1181 }, 
        {"sofa" : 1,  "begin" : 1182,  "end" : 1186 }, 
        {"sofa" : 1,  "begin" : 1187,  "end" : 1198 }, 
        {"sofa" : 1,  "begin" : 1199,  "end" : 1210 }, 
        {"sofa" : 1,  "begin" : 1211,  "end" : 1216 }, 
        {"sofa" : 1,  "begin" : 1217,  "end" : 1219 }, 
        {"sofa" : 1,  "begin" : 1220,  "end" : 1227 }, 
        {"sofa" : 1,  "begin" : 1228,  "end" : 1235 }, 
        {"sofa" : 1,  "begin" : 1236,  "end" : 1239 }, 
        {"sofa" : 1,  "begin" : 1239,  "end" : 1240 }, 
        {"sofa" : 1,  "begin" : 1241,  "end" : 1242 }, 
        {"sofa" : 1,  "begin" : 1243,  "end" : 1245 }, 
        {"sofa" : 1,  "begin" : 1246,  "end" : 1249 }, 
        {"sofa" : 1,  "begin" : 1250,  "end" : 1258 }, 
        {"sofa" : 1,  "begin" : 1259,  "end" : 1261 }, 
        {"sofa" : 1,  "begin" : 1262,  "end" : 1269 }, 
        {"sofa" : 1,  "begin" : 1270,  "end" : 1273 }, 
        {"sofa" : 1,  "begin" : 1274,  "end" : 1275 }, 
        {"sofa" : 1,  "begin" : 1276,  "end" : 1280 }, 
        {"sofa" : 1,  "begin" : 1281,  "end" : 1292 }, 
        {"sofa" : 1,  "begin" : 1293,  "end" : 1298 }, 
        {"sofa" : 1,  "begin" : 1299,  "end" : 1301 }, 
        {"sofa" : 1,  "begin" : 1302,  "end" : 1303 }, 
        {"sofa" : 1,  "begin" : 1304,  "end" : 1311 }, 
        {"sofa" : 1,  "begin" : 1312,  "end" : 1316 }, 
        {"sofa" : 1,  "begin" : 1316,  "end" : 1317 }, 
        {"sofa" : 1,  "begin" : 1318,  "end" : 1320 }, 
        {"sofa" : 1,  "begin" : 1321,  "end" : 1327 }, 
        {"sofa" : 1,  "begin" : 1328,  "end" : 1331 }, 
        {"sofa" : 1,  "begin" : 1332,  "end" : 1337 }, 
        {"sofa" : 1,  "begin" : 1338,  "end" : 1343 }, 
        {"sofa" : 1,  "begin" : 1344,  "end" : 1346 }, 
        {"sofa" : 1,  "begin" : 1347,  "end" : 1350 }, 
        {"sofa" : 1,  "begin" : 1351,  "end" : 1359 }, 
        {"sofa" : 1,  "begin" : 1360,  "end" : 1374 }, 
        {"sofa" : 1,  "begin" : 1375,  "end" : 1376 }, 
        {"sofa" : 1,  "begin" : 1377,  "end" : 1381 }, 
        {"sofa" : 1,  "begin" : 1382,  "end" : 1384 }, 
        {"sofa" : 1,  "begin" : 1385,  "end" : 1391 }, 
        {"sofa" : 1,  "begin" : 1392,  "end" : 1393 }, 
        {"sofa" : 1,  "begin" : 1394,  "end" : 1401 }, 
        {"sofa" : 1,  "begin" : 1402,  "end" : 1407 }, 
        {"sofa" : 1,  "begin" : 1408,  "end" : 1410 }, 
        {"sofa" : 1,  "begin" : 1411,  "end" : 1414 }, 
        {"sofa" : 1,  "begin" : 1415,  "end" : 1424 }, 
        {"sofa" : 1,  "begin" : 1424,  "end" : 1425 }, 
        {"sofa" : 1,  "begin" : 1426,  "end" : 1429 }, 
        {"sofa" : 1,  "begin" : 1430,  "end" : 1439 }, 
        {"sofa" : 1,  "begin" : 1440,  "end" : 1447 }, 
        {"sofa" : 1,  "begin" : 1448,  "end" : 1455 }, 
        {"sofa" : 1,  "begin" : 1456,  "end" : 1461 }, 
        {"sofa" : 1,  "begin" : 1462,  "end" : 1464 }, 
        {"sofa" : 1,  "begin" : 1465,  "end" : 1468 }, 
        {"sofa" : 1,  "begin" : 1469,  "end" : 1473 }, 
        {"sofa" : 1,  "begin" : 1474,  "end" : 1478 }, 
        {"sofa" : 1,  "begin" : 1478,  "end" : 1479 }, 
        {"sofa" : 1,  "begin" : 1480,  "end" : 1483 }, 
        {"sofa" : 1,  "begin" : 1484,  "end" : 1489 }, 
        {"sofa" : 1,  "begin" : 1490,  "end" : 1498 }, 
        {"sofa" : 1,  "begin" : 1499,  "end" : 1502 }, 
        {"sofa" : 1,  "begin" : 1503,  "end" : 1508 }, 
        {"sofa" : 1,  "begin" : 1509,  "end" : 1513 }, 
        {"sofa" : 1,  "begin" : 1514,  "end" : 1516 }, 
        {"sofa" : 1,  "begin" : 1517,  "end" : 1520 }, 
        {"sofa" : 1,  "begin" : 1521,  "end" : 1526 }, 
        {"sofa" : 1,  "begin" : 1527,  "end" : 1529 }, 
        {"sofa" : 1,  "begin" : 1530,  "end" : 1534 }, 
        {"sofa" : 1,  "begin" : 1535,  "end" : 1540 }, 
        {"sofa" : 1,  "begin" : 1540,  "end" : 1541 }, 
        {"sofa" : 1,  "begin" : 1543,  "end" : 1544 }, 
        {"sofa" : 1,  "begin" : 1545,  "end" : 1553 }, 
        {"sofa" : 1,  "begin" : 1554,  "end" : 1557 }, 
        {"sofa" : 1,  "begin" : 1558,  "end" : 1569 }, 
        {"sofa" : 1,  "begin" : 1569,  "end" : 1570 }, 
        {"sofa" : 1,  "begin" : 1571,  "end" : 1573 }, 
        {"sofa" : 1,  "begin" : 1574,  "end" : 1580 }, 
        {"sofa" : 1,  "begin" : 1581,  "end" : 1584 }, 
        {"sofa" : 1,  "begin" : 1585,  "end" : 1593 }, 
        {"sofa" : 1,  "begin" : 1594,  "end" : 1602 }, 
        {"sofa" : 1,  "begin" : 1603,  "end" : 1604 }, 
        {"sofa" : 1,  "begin" : 1605,  "end" : 1610 }, 
        {"sofa" : 1,  "begin" : 1611,  "end" : 1615 }, 
        {"sofa" : 1,  "begin" : 1616,  "end" : 1619 }, 
        {"sofa" : 1,  "begin" : 1620,  "end" : 1622 }, 
        {"sofa" : 1,  "begin" : 1623,  "end" : 1630 }, 
        {"sofa" : 1,  "begin" : 1630,  "end" : 1631 }, 
        {"sofa" : 1,  "begin" : 1632,  "end" : 1635 }, 
        {"sofa" : 1,  "begin" : 1636,  "end" : 1642 }, 
        {"sofa" : 1,  "begin" : 1643,  "end" : 1647 }, 
        {"sofa" : 1,  "begin" : 1648,  "end" : 1653 }, 
        {"sofa" : 1,  "begin" : 1654,  "end" : 1658 }, 
        {"sofa" : 1,  "begin" : 1659,  "end" : 1662 }, 
        {"sofa" : 1,  "begin" : 1663,  "end" : 1667 }, 
        {"sofa" : 1,  "begin" : 1667,  "end" : 1668 }, 
        {"sofa" : 1,  "begin" : 1669,  "end" : 1676 }, 
        {"sofa" : 1,  "begin" : 1677,  "end" : 1679 }, 
        {"sofa" : 1,  "begin" : 1680,  "end" : 1683 }, 
        {"sofa" : 1,  "begin" : 1683,  "end" : 1684 }, 
        {"sofa" : 1,  "begin" : 1685,  "end" : 1689 }, 
        {"sofa" : 1,  "begin" : 1690,  "end" : 1696 }, 
        {"sofa" : 1,  "begin" : 1697,  "end" : 1702 }, 
        {"sofa" : 1,  "begin" : 1703,  "end" : 1706 }, 
        {"sofa" : 1,  "begin" : 1707,  "end" : 1710 }, 
        {"sofa" : 1,  "begin" : 1711,  "end" : 1720 }, 
        {"sofa" : 1,  "begin" : 1721,  "end" : 1725 }, 
        {"sofa" : 1,  "begin" : 1726,  "end" : 1729 }, 
        {"sofa" : 1,  "begin" : 1730,  "end" : 1735 }, 
        {"sofa" : 1,  "begin" : 1735,  "end" : 1736 }, 
        {"sofa" : 1,  "begin" : 1736,  "end" : 1737 }, 
        {"sofa" : 1,  "begin" : 1738,  "end" : 1743 }, 
        {"sofa" : 1,  "begin" : 1743,  "end" : 1744 }, 
        {"sofa" : 1,  "begin" : 1745,  "end" : 1748 }, 
        {"sofa" : 1,  "begin" : 1749,  "end" : 1751 }, 
        {"sofa" : 1,  "begin" : 1752,  "end" : 1755 }, 
        {"sofa" : 1,  "begin" : 1756,  "end" : 1759 }, 
        {"sofa" : 1,  "begin" : 1760,  "end" : 1764 }, 
        {"sofa" : 1,  "begin" : 1765,  "end" : 1767 }, 
        {"sofa" : 1,  "begin" : 1768,  "end" : 1775 }, 
        {"sofa" : 1,  "begin" : 1776,  "end" : 1778 }, 
        {"sofa" : 1,  "begin" : 1779,  "end" : 1785 }, 
        {"sofa" : 1,  "begin" : 1785,  "end" : 1786 }, 
        {"sofa" : 1,  "begin" : 1788,  "end" : 1789 }, 
        {"sofa" : 1,  "begin" : 1790,  "end" : 1801 }, 
        {"sofa" : 1,  "begin" : 1801,  "end" : 1802 }, 
        {"sofa" : 1,  "begin" : 1803,  "end" : 1807 }, 
        {"sofa" : 1,  "begin" : 1808,  "end" : 1812 }, 
        {"sofa" : 1,  "begin" : 1813,  "end" : 1821 }, 
        {"sofa" : 1,  "begin" : 1822,  "end" : 1826 }, 
        {"sofa" : 1,  "begin" : 1827,  "end" : 1829 }, 
        {"sofa" : 1,  "begin" : 1830,  "end" : 1833 }, 
        {"sofa" : 1,  "begin" : 1834,  "end" : 1844 }, 
        {"sofa" : 1,  "begin" : 1845,  "end" : 1849 }, 
        {"sofa" : 1,  "begin" : 1850,  "end" : 1853 }, 
        {"sofa" : 1,  "begin" : 1854,  "end" : 1860 }, 
        {"sofa" : 1,  "begin" : 1861,  "end" : 1874 }, 
        {"sofa" : 1,  "begin" : 1875,  "end" : 1878 }, 
        {"sofa" : 1,  "begin" : 1879,  "end" : 1884 }, 
        {"sofa" : 1,  "begin" : 1885,  "end" : 1889 }, 
        {"sofa" : 1,  "begin" : 1890,  "end" : 1894 }, 
        {"sofa" : 1,  "begin" : 1895,  "end" : 1897 }, 
        {"sofa" : 1,  "begin" : 1898,  "end" : 1901 }, 
        {"sofa" : 1,  "begin" : 1902,  "end" : 1908 }, 
        {"sofa" : 1,  "begin" : 1909,  "end" : 1911 }, 
        {"sofa" : 1,  "begin" : 1912,  "end" : 1915 }, 
        {"sofa" : 1,  "begin" : 1916,  "end" : 1924 }, 
        {"sofa" : 1,  "begin" : 1925,  "end" : 1930 }, 
        {"sofa" : 1,  "begin" : 1931,  "end" : 1933 }, 
        {"sofa" : 1,  "begin" : 1934,  "end" : 1937 }, 
        {"sofa" : 1,  "begin" : 1938,  "end" : 1943 }, 
        {"sofa" : 1,  "begin" : 1943,  "end" : 1944 }, 
        {"sofa" : 1,  "begin" : 1945,  "end" : 1948 }, 
        {"sofa" : 1,  "begin" : 1949,  "end" : 1952 }, 
        {"sofa" : 1,  "begin" : 1953,  "end" : 1955 }, 
        {"sofa" : 1,  "begin" : 1956,  "end" : 1959 }, 
        {"sofa" : 1,  "begin" : 1960,  "end" : 1970 }, 
        {"sofa" : 1,  "begin" : 1971,  "end" : 1976 }, 
        {"sofa" : 1,  "begin" : 1977,  "end" : 1979 }, 
        {"sofa" : 1,  "begin" : 1980,  "end" : 1983 }, 
        {"sofa" : 1,  "begin" : 1984,  "end" : 1988 }, 
        {"sofa" : 1,  "begin" : 1989,  "end" : 1991 }, 
        {"sofa" : 1,  "begin" : 1992,  "end" : 1996 }, 
        {"sofa" : 1,  "begin" : 1996,  "end" : 1997 }, 
        {"sofa" : 1,  "begin" : 1998,  "end" : 2001 }, 
        {"sofa" : 1,  "begin" : 2002,  "end" : 2012 }, 
        {"sofa" : 1,  "begin" : 2013,  "end" : 2017 }, 
        {"sofa" : 1,  "begin" : 2018,  "end" : 2021 }, 
        {"sofa" : 1,  "begin" : 2022,  "end" : 2026 }, 
        {"sofa" : 1,  "begin" : 2027,  "end" : 2035 }, 
        {"sofa" : 1,  "begin" : 2036,  "end" : 2038 }, 
        {"sofa" : 1,  "begin" : 2039,  "end" : 2041 }, 
        {"sofa" : 1,  "begin" : 2042,  "end" : 2050 }, 
        {"sofa" : 1,  "begin" : 2051,  "end" : 2055 }, 
        {"sofa" : 1,  "begin" : 2056,  "end" : 2068 }, 
        {"sofa" : 1,  "begin" : 2068,  "end" : 2069 }, 
        {"sofa" : 1,  "begin" : 2070,  "end" : 2073 }, 
        {"sofa" : 1,  "begin" : 2074,  "end" : 2079 }, 
        {"sofa" : 1,  "begin" : 2080,  "end" : 2085 }, 
        {"sofa" : 1,  "begin" : 2086,  "end" : 2089 }, 
        {"sofa" : 1,  "begin" : 2090,  "end" : 2094 }, 
        {"sofa" : 1,  "begin" : 2095,  "end" : 2098 }, 
        {"sofa" : 1,  "begin" : 2099,  "end" : 2111 }, 
        {"sofa" : 1,  "begin" : 2112,  "end" : 2114 }, 
        {"sofa" : 1,  "begin" : 2115,  "end" : 2119 }, 
        {"sofa" : 1,  "begin" : 2120,  "end" : 2125 }, 
        {"sofa" : 1,  "begin" : 2125,  "end" : 2126 }, 
        {"sofa" : 1,  "begin" : 2126,  "end" : 2127 }, 
        {"sofa" : 1,  "begin" : 2129,  "end" : 2130 }, 
        {"sofa" : 1,  "begin" : 2131,  "end" : 2135 }, 
        {"sofa" : 1,  "begin" : 2136,  "end" : 2139 }, 
        {"sofa" : 1,  "begin" : 2140,  "end" : 2145 }, 
        {"sofa" : 1,  "begin" : 2146,  "end" : 2155 }, 
        {"sofa" : 1,  "begin" : 2156,  "end" : 2160 }, 
        {"sofa" : 1,  "begin" : 2161,  "end" : 2164 }, 
        {"sofa" : 1,  "begin" : 2165,  "end" : 2168 }, 
        {"sofa" : 1,  "begin" : 2169,  "end" : 2178 }, 
        {"sofa" : 1,  "begin" : 2179,  "end" : 2181 }, 
        {"sofa" : 1,  "begin" : 2182,  "end" : 2186 }, 
        {"sofa" : 1,  "begin" : 2187,  "end" : 2188 }, 
        {"sofa" : 1,  "begin" : 2189,  "end" : 2197 }, 
        {"sofa" : 1,  "begin" : 2198,  "end" : 2207 }, 
        {"sofa" : 1,  "begin" : 2208,  "end" : 2209 }, 
        {"sofa" : 1,  "begin" : 2210,  "end" : 2213 }, 
        {"sofa" : 1,  "begin" : 2214,  "end" : 2215 }, 
        {"sofa" : 1,  "begin" : 2216,  "end" : 2222 }, 
        {"sofa" : 1,  "begin" : 2222,  "end" : 2223 }, 
        {"sofa" : 1,  "begin" : 2224,  "end" : 2228 }, 
        {"sofa" : 1,  "begin" : 2229,  "end" : 2231 }, 
        {"sofa" : 1,  "begin" : 2232,  "end" : 2235 }, 
        {"sofa" : 1,  "begin" : 2236,  "end" : 2247 }, 
        {"sofa" : 1,  "begin" : 2247,  "end" : 2248 }, 
        {"sofa" : 1,  "begin" : 2249,  "end" : 2251 }, 
        {"sofa" : 1,  "begin" : 2252,  "end" : 2255 }, 
        {"sofa" : 1,  "begin" : 2256,  "end" : 2264 }, 
        {"sofa" : 1,  "begin" : 2265,  "end" : 2267 }, 
        {"sofa" : 1,  "begin" : 2268,  "end" : 2274 }, 
        {"sofa" : 1,  "begin" : 2274,  "end" : 2275 }, 
        {"sofa" : 1,  "begin" : 2276,  "end" : 2283 }, 
        {"sofa" : 1,  "begin" : 2284,  "end" : 2291 }, 
        {"sofa" : 1,  "begin" : 2291,  "end" : 2292 }, 
        {"sofa" : 1,  "begin" : 2293,  "end" : 2296 }, 
        {"sofa" : 1,  "begin" : 2297,  "end" : 2299 }, 
        {"sofa" : 1,  "begin" : 2300,  "end" : 2304 }, 
        {"sofa" : 1,  "begin" : 2304,  "end" : 2305 }, 
        {"sofa" : 1,  "begin" : 2306,  "end" : 2308 }, 
        {"sofa" : 1,  "begin" : 2309,  "end" : 2311 }, 
        {"sofa" : 1,  "begin" : 2312,  "end" : 2322 }, 
        {"sofa" : 1,  "begin" : 2323,  "end" : 2327 }, 
        {"sofa" : 1,  "begin" : 2328,  "end" : 2330 }, 
        {"sofa" : 1,  "begin" : 2331,  "end" : 2335 }, 
        {"sofa" : 1,  "begin" : 2336,  "end" : 2340 }, 
        {"sofa" : 1,  "begin" : 2341,  "end" : 2342 }, 
        {"sofa" : 1,  "begin" : 2343,  "end" : 2348 }, 
        {"sofa" : 1,  "begin" : 2349,  "end" : 2352 }, 
        {"sofa" : 1,  "begin" : 2353,  "end" : 2355 }, 
        {"sofa" : 1,  "begin" : 2356,  "end" : 2366 }, 
        {"sofa" : 1,  "begin" : 2367,  "end" : 2371 }, 
        {"sofa" : 1,  "begin" : 2371,  "end" : 2372 }, 
        {"sofa" : 1,  "begin" : 2373,  "end" : 2375 }, 
        {"sofa" : 1,  "begin" : 2376,  "end" : 2380 }, 
        {"sofa" : 1,  "begin" : 2381,  "end" : 2385 }, 
        {"sofa" : 1,  "begin" : 2385,  "end" : 2386 }, 
        {"sofa" : 1,  "begin" : 2387,  "end" : 2389 }, 
        {"sofa" : 1,  "begin" : 2390,  "end" : 2394 }, 
        {"sofa" : 1,  "begin" : 2395,  "end" : 2405 }, 
        {"sofa" : 1,  "begin" : 2406,  "end" : 2409 }, 
        {"sofa" : 1,  "begin" : 2410,  "end" : 2418 }, 
        {"sofa" : 1,  "begin" : 2419,  "end" : 2423 }, 
        {"sofa" : 1,  "begin" : 2424,  "end" : 2428 }, 
        {"sofa" : 1,  "begin" : 2429,  "end" : 2432 }, 
        {"sofa" : 1,  "begin" : 2433,  "end" : 2435 }, 
        {"sofa" : 1,  "begin" : 2436,  "end" : 2441 }, 
        {"sofa" : 1,  "begin" : 2441,  "end" : 2442 }, 
        {"sofa" : 1,  "begin" : 2443,  "end" : 2445 }, 
        {"sofa" : 1,  "begin" : 2446,  "end" : 2449 }, 
        {"sofa" : 1,  "begin" : 2450,  "end" : 2457 }, 
        {"sofa" : 1,  "begin" : 2458,  "end" : 2460 }, 
        {"sofa" : 1,  "begin" : 2460,  "end" : 2461 }, 
        {"sofa" : 1,  "begin" : 2462,  "end" : 2466 }, 
        {"sofa" : 1,  "begin" : 2467,  "end" : 2470 }, 
        {"sofa" : 1,  "begin" : 2471,  "end" : 2474 }, 
        {"sofa" : 1,  "begin" : 2475,  "end" : 2479 }, 
        {"sofa" : 1,  "begin" : 2480,  "end" : 2484 }, 
        {"sofa" : 1,  "begin" : 2485,  "end" : 2487 }, 
        {"sofa" : 1,  "begin" : 2488,  "end" : 2492 }, 
        {"sofa" : 1,  "begin" : 2493,  "end" : 2498 }, 
        {"sofa" : 1,  "begin" : 2499,  "end" : 2501 }, 
        {"sofa" : 1,  "begin" : 2502,  "end" : 2505 }, 
        {"sofa" : 1,  "begin" : 2506,  "end" : 2512 }, 
        {"sofa" : 1,  "begin" : 2513,  "end" : 2516 }, 
        {"sofa" : 1,  "begin" : 2517,  "end" : 2521 }, 
        {"sofa" : 1,  "begin" : 2522,  "end" : 2524 }, 
        {"sofa" : 1,  "begin" : 2525,  "end" : 2529 }, 
        {"sofa" : 1,  "begin" : 2530,  "end" : 2535 }, 
        {"sofa" : 1,  "begin" : 2535,  "end" : 2536 }, 
        {"sofa" : 1,  "begin" : 2537,  "end" : 2541 }, 
        {"sofa" : 1,  "begin" : 2542,  "end" : 2546 }, 
        {"sofa" : 1,  "begin" : 2547,  "end" : 2553 }, 
        {"sofa" : 1,  "begin" : 2554,  "end" : 2559 }, 
        {"sofa" : 1,  "begin" : 2560,  "end" : 2562 }, 
        {"sofa" : 1,  "begin" : 2563,  "end" : 2568 }, 
        {"sofa" : 1,  "begin" : 2568,  "end" : 2569 }, 
        {"sofa" : 1,  "begin" : 2570,  "end" : 2573 }, 
        {"sofa" : 1,  "begin" : 2574,  "end" : 2575 }, 
        {"sofa" : 1,  "begin" : 2576,  "end" : 2581 }, 
        {"sofa" : 1,  "begin" : 2582,  "end" : 2586 }, 
        {"sofa" : 1,  "begin" : 2587,  "end" : 2591 }, 
        {"sofa" : 1,  "begin" : 2592,  "end" : 2594 }, 
        {"sofa" : 1,  "begin" : 2595,  "end" : 2602 }, 
        {"sofa" : 1,  "begin" : 2603,  "end" : 2609 }, 
        {"sofa" : 1,  "begin" : 2610,  "end" : 2613 }, 
        {"sofa" : 1,  "begin" : 2614,  "end" : 2622 }, 
        {"sofa" : 1,  "begin" : 2623,  "end" : 2625 }, 
        {"sofa" : 1,  "begin" : 2626,  "end" : 2629 }, 
        {"sofa" : 1,  "begin" : 2630,  "end" : 2637 }, 
        {"sofa" : 1,  "begin" : 2638,  "end" : 2640 }, 
        {"sofa" : 1,  "begin" : 2641,  "end" : 2643 }, 
        {"sofa" : 1,  "begin" : 2644,  "end" : 2649 }, 
        {"sofa" : 1,  "begin" : 2650,  "end" : 2652 }, 
        {"sofa" : 1,  "begin" : 2653,  "end" : 2655 }, 
        {"sofa" : 1,  "begin" : 2656,  "end" : 2660 }, 
        {"sofa" : 1,  "begin" : 2661,  "end" : 2667 }, 
        {"sofa" : 1,  "begin" : 2668,  "end" : 2671 }, 
        {"sofa" : 1,  "begin" : 2672,  "end" : 2675 }, 
        {"sofa" : 1,  "begin" : 2676,  "end" : 2679 }, 
        {"sofa" : 1,  "begin" : 2679,  "end" : 2680 }, 
        {"sofa" : 1,  "begin" : 2681,  "end" : 2684 }, 
        {"sofa" : 1,  "begin" : 2685,  "end" : 2688 }, 
        {"sofa" : 1,  "begin" : 2689,  "end" : 2691 }, 
        {"sofa" : 1,  "begin" : 2692,  "end" : 2696 }, 
        {"sofa" : 1,  "begin" : 2697,  "end" : 2701 }, 
        {"sofa" : 1,  "begin" : 2702,  "end" : 2707 }, 
        {"sofa" : 1,  "begin" : 2708,  "end" : 2712 }, 
        {"sofa" : 1,  "begin" : 2713,  "end" : 2718 }, 
        {"sofa" : 1,  "begin" : 2719,  "end" : 2722 }, 
        {"sofa" : 1,  "begin" : 2723,  "end" : 2728 }, 
        {"sofa" : 1,  "begin" : 2728,  "end" : 2729 }, 
        {"sofa" : 1,  "begin" : 2730,  "end" : 2733 }, 
        {"sofa" : 1,  "begin" : 2734,  "end" : 2742 }, 
        {"sofa" : 1,  "begin" : 2742,  "end" : 2743 }, 
        {"sofa" : 1,  "begin" : 2743,  "end" : 2744 }, 
        {"sofa" : 1,  "begin" : 2745,  "end" : 2749 }, 
        {"sofa" : 1,  "begin" : 2750,  "end" : 2755 }, 
        {"sofa" : 1,  "begin" : 2756,  "end" : 2763 }, 
        {"sofa" : 1,  "begin" : 2764,  "end" : 2773 }, 
        {"sofa" : 1,  "begin" : 2774,  "end" : 2776 }, 
        {"sofa" : 1,  "begin" : 2777,  "end" : 2780 }, 
        {"sofa" : 1,  "begin" : 2781,  "end" : 2784 }, 
        {"sofa" : 1,  "begin" : 2785,  "end" : 2787 }, 
        {"sofa" : 1,  "begin" : 2788,  "end" : 2790 }, 
        {"sofa" : 1,  "begin" : 2791,  "end" : 2795 }, 
        {"sofa" : 1,  "begin" : 2796,  "end" : 2801 }, 
        {"sofa" : 1,  "begin" : 2801,  "end" : 2802 }, 
        {"sofa" : 1,  "begin" : 2803,  "end" : 2806 }, 
        {"sofa" : 1,  "begin" : 2807,  "end" : 2811 }, 
        {"sofa" : 1,  "begin" : 2812,  "end" : 2814 }, 
        {"sofa" : 1,  "begin" : 2815,  "end" : 2816 }, 
        {"sofa" : 1,  "begin" : 2817,  "end" : 2822 }, 
        {"sofa" : 1,  "begin" : 2823,  "end" : 2833 }, 
        {"sofa" : 1,  "begin" : 2834,  "end" : 2837 }, 
        {"sofa" : 1,  "begin" : 2838,  "end" : 2840 }, 
        {"sofa" : 1,  "begin" : 2841,  "end" : 2844 }, 
        {"sofa" : 1,  "begin" : 2845,  "end" : 2848 }, 
        {"sofa" : 1,  "begin" : 2848,  "end" : 2849 } ] } }, 
  "_referenced_fss" : {
    "1" : {"_type" : "Sofa",  "sofaNum" : 1,  "sofaID" : "_InitialView",  "mimeType" : "text",  "sofaString" : "It will\nbe readily seen that night-time is the most\nfavourable for the retention of scent, as\nevaporation does not take place so rapidly\nthen, and this, of course, as I have shown,\nis why dogs are more especially useful at this\ntime. It is even possible to track a fairly\nrecent trail on certain roads at night in spite\nof the hard surface, and a quite recent trail\non pavement, always supposing these have\nnot been fouled too much by other footsteps.\nStrongly scented ground makes tracking\ndifficult, as the animal or human scent is\noverpowered : thus clover fields, or any\nhighly scented crops, and manured fields,\nare decided drawbacks.\n\nNewly ploughed fields are unprofitable\ntracking-ground, the reason being that the\nturned - up earth has a strong aromatic\nodour of its own, apart from that of the\nchemicals, &c., that may have been previously put into it.\n\nNow with regard to the scent left by a\nman, much interesting speculation arises as\nto whether the dog works entirely by foot\nscent, or if he depends as well on body scent,\nand if so, how much. As yet, all experiments by experts have not to any extent\ngiven us a decided answer on this point.\nI here give an account of some interesting\nexperiments which Dr Romanes carried out.\n“ On one occasion Dr Romanes put a most\nintelligent bitch to a crucial test. He\nwalked for fifty yards in his ordinary\nshooting-boots ; then he walked a hundred\nyards in his stockings, and completed another hundred yards on his bare feet. The\nbitch followed the first part of the trail\nat full speed.\n\n“ Changing the experiments, he soaked\nhis ordinary shooting - boots with oil of\naniseed, and walked with these over the\npark. Strange to say, this strong odour\ndid not interfere with the bitch’s scent,\nfor it ran him down as quickly as before.\n\n“ Accordingly, this keen observer came to\nthe conclusion that his setter distinguished\nhis trail from that of all others by the\npeculiar smell of his boots, and not by the\nparticular scent of his feet or body. The\nexudations from his feet required to be combined with shoe-leather, and brown paper\ncan stop the transmission of that scent.”\n\nI give the above quotation with all due\ndeference to such a renowned authority ;\nbut I myself, from my own experiments,\nam not prepared to accept, without\nreserve, all he says, as my experience goes\nto show that a trail run in stockinged feet,\nor bare feet, is more favourable for tracking\nthan that run in boots. My own opinion\nis, that the dog goes both by foot scent\non the ground and also by body scent,\nwhen this latter scent is there, and I think\nthat this is another reason why tracking\nin the evening or at night is so much easier\nfor the dog. The air at this time being\nboth moist and still, the fugitive’s body\nscent remains suspended in the air as he\ngoes along, and this is a great additional\naid to the dog. " }, 
    "7688" : {"_type" : "Span",  "sofa" : 1,  "begin" : 84,  "end" : 89,  "label" : "Smell_Word" }, 
    "7693" : {"_type" : "Span",  "sofa" : 1,  "begin" : 29,  "end" : 39,  "label" : "Time" }, 
    "7705" : {"_type" : "Span",  "sofa" : 1,  "begin" : 461,  "end" : 468,  "label" : "Smell_Word" }, 
    "7710" : {"_type" : "Span",  "sofa" : 1,  "begin" : 461,  "end" : 468,  "label" : "Quality" }, 
    "7722" : {"_type" : "Span",  "sofa" : 1,  "begin" : 452,  "end" : 460,  "label" : "Quality" }, 
    "7734" : {"_type" : "Span",  "sofa" : 1,  "begin" : 469,  "end" : 475,  "label" : "Odour_Carrier" }, 
    "7756" : {"_type" : "Span",  "sofa" : 1,  "begin" : 525,  "end" : 530,  "label" : "Smell_Word" }, 
    "7746" : {"_type" : "Span",  "sofa" : 1,  "begin" : 509,  "end" : 515,  "label" : "Smell_Source" }, 
    "7751" : {"_type" : "Span",  "sofa" : 1,  "begin" : 519,  "end" : 524,  "label" : "Smell_Source" }, 
    "7775" : {"_type" : "Span",  "sofa" : 1,  "begin" : 534,  "end" : 545,  "label" : "Quality" }, 
    "7787" : {"_type" : "Span",  "sofa" : 1,  "begin" : 582,  "end" : 589,  "label" : "Smell_Word" }, 
    "7792" : {"_type" : "Span",  "sofa" : 1,  "begin" : 582,  "end" : 589,  "label" : "Quality" }, 
    "7804" : {"_type" : "Span",  "sofa" : 1,  "begin" : 575,  "end" : 581,  "label" : "Quality" }, 
    "7821" : {"_type" : "Span",  "sofa" : 1,  "begin" : 553,  "end" : 566,  "label" : "Smell_Source" }, 
    "7816" : {"_type" : "Span",  "sofa" : 1,  "begin" : 590,  "end" : 595,  "label" : "Smell_Source" }, 
    "7840" : {"_type" : "Span",  "sofa" : 1,  "begin" : 601,  "end" : 615,  "label" : "Smell_Source" }, 
    "7862" : {"_type" : "Span",  "sofa" : 1,  "begin" : 763,  "end" : 768,  "label" : "Smell_Word" }, 
    "7857" : {"_type" : "Span",  "sofa" : 1,  "begin" : 754,  "end" : 762,  "label" : "Quality" }, 
    "7852" : {"_type" : "Span",  "sofa" : 1,  "begin" : 747,  "end" : 753,  "label" : "Quality" }, 
    "7881" : {"_type" : "Span",  "sofa" : 1,  "begin" : 641,  "end" : 662,  "label" : "Smell_Source" }, 
    "7893" : {"_type" : "Span",  "sofa" : 1,  "begin" : 887,  "end" : 892,  "label" : "Smell_Word" }, 
    "7898" : {"_type" : "Span",  "sofa" : 1,  "begin" : 893,  "end" : 906,  "label" : "Smell_Source" }, 
    "7915" : {"_type" : "Span",  "sofa" : 1,  "begin" : 989,  "end" : 994,  "label" : "Smell_Word" }, 
    "7910" : {"_type" : "Span",  "sofa" : 1,  "begin" : 984,  "end" : 988,  "label" : "Smell_Source" }, 
    "7944" : {"_type" : "Span",  "sofa" : 1,  "begin" : 958,  "end" : 965,  "label" : "Perceiver" }, 
    "7932" : {"_type" : "Span",  "sofa" : 1,  "begin" : 1029,  "end" : 1034,  "label" : "Smell_Word" }, 
    "7927" : {"_type" : "Span",  "sofa" : 1,  "begin" : 1024,  "end" : 1028,  "label" : "Smell_Source" }, 
    "7997" : {"_type" : "Span",  "sofa" : 1,  "begin" : 1685,  "end" : 1689,  "label" : "Smell_Source" }, 
    "8009" : {"_type" : "Span",  "sofa" : 1,  "begin" : 1616,  "end" : 1630,  "label" : "Smell_Source" }, 
    "7968" : {"_type" : "Span",  "sofa" : 1,  "begin" : 1697,  "end" : 1702,  "label" : "Smell_Word" }, 
    "7963" : {"_type" : "Span",  "sofa" : 1,  "begin" : 1690,  "end" : 1696,  "label" : "Quality" }, 
    "7985" : {"_type" : "Span",  "sofa" : 1,  "begin" : 1738,  "end" : 1743,  "label" : "Smell_Word" }, 
    "8021" : {"_type" : "Span",  "sofa" : 1,  "begin" : 1730,  "end" : 1737,  "label" : "Smell_Source" }, 
    "8038" : {"_type" : "Span",  "sofa" : 1,  "begin" : 1925,  "end" : 1930,  "label" : "Smell_Word" }, 
    "8043" : {"_type" : "Span",  "sofa" : 1,  "begin" : 1931,  "end" : 1943,  "label" : "Smell_Source" }, 
    "8033" : {"_type" : "Span",  "sofa" : 1,  "begin" : 1916,  "end" : 1924,  "label" : "Quality" }, 
    "8120" : {"_type" : "Span",  "sofa" : 1,  "begin" : 1850,  "end" : 1860,  "label" : "Perceiver" }, 
    "8067" : {"_type" : "Span",  "sofa" : 1,  "begin" : 1971,  "end" : 1976,  "label" : "Smell_Word" }, 
    "8062" : {"_type" : "Span",  "sofa" : 1,  "begin" : 1960,  "end" : 1970,  "label" : "Quality" }, 
    "8101" : {"_type" : "Span",  "sofa" : 1,  "begin" : 1977,  "end" : 1988,  "label" : "Smell_Source" }, 
    "8084" : {"_type" : "Span",  "sofa" : 1,  "begin" : 1992,  "end" : 1996,  "label" : "Smell_Source" }, 
    "8156" : {"_type" : "Span",  "sofa" : 1,  "begin" : 2115,  "end" : 2119,  "label" : "Smell_Source" }, 
    "8139" : {"_type" : "Span",  "sofa" : 1,  "begin" : 2120,  "end" : 2125,  "label" : "Smell_Word" }, 
    "8168" : {"_type" : "Span",  "sofa" : 1,  "begin" : 1998,  "end" : 2085,  "label" : "Circumstances" }, 
    "8192" : {"_type" : "Span",  "sofa" : 1,  "begin" : 2493,  "end" : 2498,  "label" : "Smell_Word" }, 
    "8197" : {"_type" : "Span",  "sofa" : 1,  "begin" : 2467,  "end" : 2474,  "label" : "Perceiver" }, 
    "8187" : {"_type" : "Span",  "sofa" : 1,  "begin" : 2488,  "end" : 2492,  "label" : "Smell_Source" }, 
    "8216" : {"_type" : "Span",  "sofa" : 1,  "begin" : 2499,  "end" : 2512,  "label" : "Location" }, 
    "8233" : {"_type" : "Span",  "sofa" : 1,  "begin" : 2530,  "end" : 2535,  "label" : "Smell_Word" }, 
    "8238" : {"_type" : "Span",  "sofa" : 1,  "begin" : 2525,  "end" : 2529,  "label" : "Smell_Source" }, 
    "8262" : {"_type" : "Span",  "sofa" : 1,  "begin" : 2542,  "end" : 2546,  "label" : "Smell_Source" }, 
    "8257" : {"_type" : "Span",  "sofa" : 1,  "begin" : 2554,  "end" : 2559,  "label" : "Smell_Word" }, 
    "8286" : {"_type" : "Span",  "sofa" : 1,  "begin" : 2672,  "end" : 2679,  "label" : "Perceiver" }, 
    "8281" : {"_type" : "Span",  "sofa" : 1,  "begin" : 2623,  "end" : 2649,  "label" : "Time" }, 
    "8315" : {"_type" : "Span",  "sofa" : 1,  "begin" : 2750,  "end" : 2755,  "label" : "Smell_Word" }, 
    "8310" : {"_type" : "Span",  "sofa" : 1,  "begin" : 2734,  "end" : 2749,  "label" : "Smell_Source" }, 
    "8327" : {"_type" : "Span",  "sofa" : 1,  "begin" : 2841,  "end" : 2848,  "label" : "Perceiver" }, 
    "8339" : {"_type" : "Span",  "sofa" : 1,  "begin" : 2681,  "end" : 2728,  "label" : "Circumstances" } } }