#FORMAT=WebAnno TSV 3.3


#Text=7 Tota pulchra es, amica mea, et macula non est in te.
#Text=8 Veni de Libano, sponsa mea : veni de Libano, veni, coronaberis : de capite Amana, de vertice Sanir et Hermon, de cubilibus leonum, de montibus pardorum.
#Text=9 Vulnerasti cor meum, soror mea, sponsa ; vulnerasti cor meum in uno oculorum tuorum, et in uno crine colli tui.
#Text=10 Quam pulchræ sunt mammæ tuæ, soror mea sponsa !
1-1	2-3	7	
1-2	4-8	Tota	
1-3	9-16	pulchra	
1-4	17-19	es	
1-5	19-20	,	
1-6	21-26	amica	
1-7	27-30	mea	
1-8	30-31	,	
1-9	32-34	et	
1-10	35-41	macula	
1-11	42-45	non	
1-12	46-49	est	
1-13	50-52	in	
1-14	53-55	te	
1-15	55-56	.	
1-16	57-58	8	
1-17	59-63	Veni	
1-18	64-66	de	
1-19	67-73	Libano	
1-20	73-74	,	
1-21	75-81	sponsa	
1-22	82-85	mea	
1-23	86-87	:	
1-24	88-92	veni	
1-25	93-95	de	
1-26	96-102	Libano	
1-27	102-103	,	
1-28	104-108	veni	
1-29	108-109	,	
1-30	110-121	coronaberis	
1-31	122-123	:	
1-32	124-126	de	
1-33	127-133	capite	
1-34	134-139	Amana	
1-35	139-140	,	
1-36	141-143	de	
1-37	144-151	vertice	
1-38	152-157	Sanir	
1-39	158-160	et	
1-40	161-167	Hermon	
1-41	167-168	,	
1-42	169-171	de	
1-43	172-181	cubilibus	
1-44	182-188	leonum	
1-45	188-189	,	
1-46	190-192	de	
1-47	193-201	montibus	
1-48	202-210	pardorum	
1-49	210-211	.	
1-50	212-213	9	
1-51	214-224	Vulnerasti	
1-52	225-228	cor	
1-53	229-233	meum	
1-54	233-234	,	
1-55	235-240	soror	
1-56	241-244	mea	
1-57	244-245	,	
1-58	246-252	sponsa	
1-59	253-254	;	
1-60	255-265	vulnerasti	
1-61	266-269	cor	
1-62	270-274	meum	
1-63	275-277	in	
1-64	278-281	uno	
1-65	282-290	oculorum	
1-66	291-297	tuorum	
1-67	297-298	,	
1-68	299-301	et	
1-69	302-304	in	
1-70	305-308	uno	
1-71	309-314	crine	
1-72	315-320	colli	
1-73	321-324	tui	
1-74	324-325	.	
1-75	326-328	10	
1-76	329-333	Quam	
1-77	334-341	pulchræ	
1-78	342-346	sunt	
1-79	347-352	mammæ	
1-80	353-356	tuæ	
1-81	356-357	,	
1-82	358-363	soror	
1-83	364-367	mea	
1-84	368-374	sponsa	
1-85	375-376	!	

#Text=pulchriora sunt ubera tua vino, et odor unguentorum tuorum super omnia aromata.
#Text=11 Favus distillans labia tua, sponsa ; mel et lac sub lingua tua : et odor vestimentorum tuorum sicut odor thuris.
#Text=12 Hortus conclusus soror mea, sponsa, hortus conclusus, fons signatus.
#Text=13 Emissiones tuæ paradisus malorum punicorum, cum pomorum fructibus, cypri cum nardo.
#Text=14 Nardus et crocus, fistula et cinnamomum, cum universis lignis Libani ; myrrha et aloë, cum omnibus primis unguentis.
#Text=15 Fons hortorum, puteus aquarum viventium, quæ fluunt impetu de Libano.
#Text=16 <Sponsa>Surge, aquilo, et veni, auster : perfla hortum meum, et fluant aromata illius.
2-1	377-387	pulchriora	
2-2	388-392	sunt	
2-3	393-398	ubera	
2-4	399-402	tua	
2-5	403-407	vino	
2-6	407-408	,	
2-7	409-411	et	
2-8	412-416	odor	
2-9	417-428	unguentorum	
2-10	429-435	tuorum	
2-11	436-441	super	
2-12	442-447	omnia	
2-13	448-455	aromata	
2-14	455-456	.	
2-15	457-459	11	
2-16	460-465	Favus	
2-17	466-476	distillans	
2-18	477-482	labia	
2-19	483-486	tua	
2-20	486-487	,	
2-21	488-494	sponsa	
2-22	495-496	;	
2-23	497-500	mel	
2-24	501-503	et	
2-25	504-507	lac	
2-26	508-511	sub	
2-27	512-518	lingua	
2-28	519-522	tua	
2-29	523-524	:	
2-30	525-527	et	
2-31	528-532	odor	
2-32	533-546	vestimentorum	
2-33	547-553	tuorum	
2-34	554-559	sicut	
2-35	560-564	odor	
2-36	565-571	thuris	
2-37	571-572	.	
2-38	573-575	12	
2-39	576-582	Hortus	
2-40	583-592	conclusus	
2-41	593-598	soror	
2-42	599-602	mea	
2-43	602-603	,	
2-44	604-610	sponsa	
2-45	610-611	,	
2-46	612-618	hortus	
2-47	619-628	conclusus	
2-48	628-629	,	
2-49	630-634	fons	
2-50	635-643	signatus	
2-51	643-644	.	
2-52	645-647	13	
2-53	648-658	Emissiones	
2-54	659-662	tuæ	
2-55	663-672	paradisus	
2-56	673-680	malorum	
2-57	681-690	punicorum	
2-58	690-691	,	
2-59	692-695	cum	
2-60	696-703	pomorum	
2-61	704-713	fructibus	
2-62	713-714	,	
2-63	715-720	cypri	
2-64	721-724	cum	
2-65	725-730	nardo	
2-66	730-731	.	
2-67	732-734	14	
2-68	735-741	Nardus	
2-69	742-744	et	
2-70	745-751	crocus	
2-71	751-752	,	
2-72	753-760	fistula	
2-73	761-763	et	
2-74	764-774	cinnamomum	
2-75	774-775	,	
2-76	776-779	cum	
2-77	780-789	universis	
2-78	790-796	lignis	
2-79	797-803	Libani	
2-80	804-805	;	
2-81	806-812	myrrha	
2-82	813-815	et	
2-83	816-820	aloë	
2-84	820-821	,	
2-85	822-825	cum	
2-86	826-833	omnibus	
2-87	834-840	primis	
2-88	841-850	unguentis	
2-89	850-851	.	
2-90	852-854	15	
2-91	855-859	Fons	
2-92	860-868	hortorum	
2-93	868-869	,	
2-94	870-876	puteus	
2-95	877-884	aquarum	
2-96	885-894	viventium	
2-97	894-895	,	
2-98	896-899	quæ	
2-99	900-906	fluunt	
2-100	907-913	impetu	
2-101	914-916	de	
2-102	917-923	Libano	
2-103	923-924	.	
2-104	925-927	16	
2-105	928-929	<	
2-106	929-935	Sponsa	
2-107	935-936	>	
2-108	936-941	Surge	
2-109	941-942	,	
2-110	943-949	aquilo	
2-111	949-950	,	
2-112	951-953	et	
2-113	954-958	veni	
2-114	958-959	,	
2-115	960-966	auster	
2-116	967-968	:	
2-117	969-975	perfla	
2-118	976-982	hortum	
2-119	983-987	meum	
2-120	987-988	,	
2-121	989-991	et	
2-122	992-998	fluant	
2-123	999-1006	aromata	
2-124	1007-1013	illius	
2-125	1013-1014	.	

#Text=Caput 5
#Text=
#Text=
#Text=1 Veniat dilectus meus in hortum suum, et comedat fructum pomorum suorum.
3-1	1015-1020	Caput	
3-2	1021-1022	5	
3-3	1025-1026	1	
3-4	1027-1033	Veniat	
3-5	1034-1042	dilectus	
3-6	1043-1047	meus	
3-7	1048-1050	in	
3-8	1051-1057	hortum	
3-9	1058-1062	suum	
3-10	1062-1063	,	
3-11	1064-1066	et	
3-12	1067-1074	comedat	
3-13	1075-1082	fructum	
3-14	1083-1090	pomorum	
3-15	1091-1097	suorum	
3-16	1097-1098	.	

#Text=<Sponsus>Veni in hortum meum, soror mea, sponsa ; messui myrrham meam cum aromatibus meis ; comedi favum cum melle meo ; bibi vinum meum cum lacte meo ; comedite, amici, et bibite, et inebriamini, carissimi.
#Text=2 <Sponsa>Ego dormio, et cor meum vigilat.
4-1	1099-1100	<	
4-2	1100-1107	Sponsus	
4-3	1107-1108	>	
4-4	1108-1112	Veni	
4-5	1113-1115	in	
4-6	1116-1122	hortum	
4-7	1123-1127	meum	
4-8	1127-1128	,	
4-9	1129-1134	soror	
4-10	1135-1138	mea	
4-11	1138-1139	,	
4-12	1140-1146	sponsa	
4-13	1147-1148	;	
4-14	1149-1155	messui	
4-15	1156-1163	myrrham	
4-16	1164-1168	meam	
4-17	1169-1172	cum	
4-18	1173-1183	aromatibus	
4-19	1184-1188	meis	
4-20	1189-1190	;	
4-21	1191-1197	comedi	
4-22	1198-1203	favum	
4-23	1204-1207	cum	
4-24	1208-1213	melle	
4-25	1214-1217	meo	
4-26	1218-1219	;	
4-27	1220-1224	bibi	
4-28	1225-1230	vinum	
4-29	1231-1235	meum	
4-30	1236-1239	cum	
4-31	1240-1245	lacte	
4-32	1246-1249	meo	
4-33	1250-1251	;	
4-34	1252-1260	comedite	
4-35	1260-1261	,	
4-36	1262-1267	amici	
4-37	1267-1268	,	
4-38	1269-1271	et	
4-39	1272-1278	bibite	
4-40	1278-1279	,	
4-41	1280-1282	et	
4-42	1283-1294	inebriamini	
4-43	1294-1295	,	
4-44	1296-1305	carissimi	
4-45	1305-1306	.	
4-46	1307-1308	2	
4-47	1309-1310	<	
4-48	1310-1316	Sponsa	
4-49	1316-1317	>	
4-50	1317-1320	Ego	
4-51	1321-1327	dormio	
4-52	1327-1328	,	
4-53	1329-1331	et	
4-54	1332-1335	cor	
4-55	1336-1340	meum	
4-56	1341-1348	vigilat	
4-57	1348-1349	.	

#Text=Vox dilecti mei pulsantis : <Sponsus>Aperi mihi, soror mea, amica mea, columba mea, immaculata mea, quia caput meum plenum est rore, et cincinni mei guttis noctium.
#Text=3 <Sponsa>Expoliavi me tunica mea : quomodo induar illa ?
5-1	1350-1353	Vox	
5-2	1354-1361	dilecti	
5-3	1362-1365	mei	
5-4	1366-1375	pulsantis	
5-5	1376-1377	:	
5-6	1378-1379	<	
5-7	1379-1386	Sponsus	
5-8	1386-1387	>	
5-9	1387-1392	Aperi	
5-10	1393-1397	mihi	
5-11	1397-1398	,	
5-12	1399-1404	soror	
5-13	1405-1408	mea	
5-14	1408-1409	,	
5-15	1410-1415	amica	
5-16	1416-1419	mea	
5-17	1419-1420	,	
5-18	1421-1428	columba	
5-19	1429-1432	mea	
5-20	1432-1433	,	
5-21	1434-1444	immaculata	
5-22	1445-1448	mea	
5-23	1448-1449	,	
5-24	1450-1454	quia	
5-25	1455-1460	caput	
5-26	1461-1465	meum	
5-27	1466-1472	plenum	
5-28	1473-1476	est	
5-29	1477-1481	rore	
5-30	1481-1482	,	
5-31	1483-1485	et	
5-32	1486-1494	cincinni	
5-33	1495-1498	mei	
5-34	1499-1505	guttis	
5-35	1506-1513	noctium	
5-36	1513-1514	.	
5-37	1515-1516	3	
5-38	1517-1518	<	
5-39	1518-1524	Sponsa	
5-40	1524-1525	>	
5-41	1525-1534	Expoliavi	
5-42	1535-1537	me	
5-43	1538-1544	tunica	
5-44	1545-1548	mea	
5-45	1549-1550	:	
5-46	1551-1558	quomodo	
5-47	1559-1565	induar	
5-48	1566-1570	illa	
5-49	1571-1572	?	

#Text=lavi pedes meos : quomodo inquinabo illos ?
6-1	1573-1577	lavi	
6-2	1578-1583	pedes	
6-3	1584-1588	meos	
6-4	1589-1590	:	
6-5	1591-1598	quomodo	
6-6	1599-1608	inquinabo	
6-7	1609-1614	illos	
6-8	1615-1616	?	

#Text=4 Dilectus meus misit manum suam per foramen, et venter meus intremuit ad tactum ejus.
#Text=5 Surrexi ut aperirem dilecto meo ; manus meæ stillaverunt myrrham, et digiti mei pleni myrrha probatissima.
#Text=6 Pessulum ostii mei aperui dilecto meo, at ille declinaverat, atque transierat.
7-1	1617-1618	4	
7-2	1619-1627	Dilectus	
7-3	1628-1632	meus	
7-4	1633-1638	misit	
7-5	1639-1644	manum	
7-6	1645-1649	suam	
7-7	1650-1653	per	
7-8	1654-1661	foramen	
7-9	1661-1662	,	
7-10	1663-1665	et	
7-11	1666-1672	venter	
7-12	1673-1677	meus	
7-13	1678-1687	intremuit	
7-14	1688-1690	ad	
7-15	1691-1697	tactum	
7-16	1698-1702	ejus	
7-17	1702-1703	.	
7-18	1704-1705	5	
7-19	1706-1713	Surrexi	
7-20	1714-1716	ut	
7-21	1717-1725	aperirem	
7-22	1726-1733	dilecto	
7-23	1734-1737	meo	
7-24	1738-1739	;	
7-25	1740-1745	manus	
7-26	1746-1749	meæ	
7-27	1750-1762	stillaverunt	
7-28	1763-1770	myrrham	
7-29	1770-1771	,	
7-30	1772-1774	et	
7-31	1775-1781	digiti	
7-32	1782-1785	mei	
7-33	1786-1791	pleni	
7-34	1792-1798	myrrha	
7-35	1799-1811	probatissima	
7-36	1811-1812	.	
7-37	1813-1814	6	
7-38	1815-1823	Pessulum	
7-39	1824-1829	ostii	
7-40	1830-1833	mei	
7-41	1834-1840	aperui	
7-42	1841-1848	dilecto	
7-43	1849-1852	meo	
7-44	1852-1853	,	
7-45	1854-1856	at	
7-46	1857-1861	ille	
7-47	1862-1874	declinaverat	
7-48	1874-1875	,	
7-49	1876-1881	atque	
7-50	1882-1892	transierat	
7-51	1892-1893	.	
