#FORMAT=WebAnno TSV 3.3


#Text=En dat is vry al veel.
1-1	2-4	En	
1-2	5-8	dat	
1-3	9-11	is	
1-4	12-15	vry	
1-5	16-18	al	
1-6	19-23	veel	
1-7	23-24	.	

#Text=Want het zijn verscheidene dingen die hy den Duivel
#Text=toeschrijft, so hy sich hier en daar in 't voorseide boek ontvallen laat, oft ook duidelik
#Text=verklaart.
#Text=1.
2-1	25-29	Want	
2-2	30-33	het	
2-3	34-38	zijn	
2-4	39-51	verscheidene	
2-5	52-58	dingen	
2-6	59-62	die	
2-7	63-65	hy	
2-8	66-69	den	
2-9	70-76	Duivel	
2-10	77-88	toeschrijft	
2-11	88-89	,	
2-12	90-92	so	
2-13	93-95	hy	
2-14	96-100	sich	
2-15	101-105	hier	
2-16	106-108	en	
2-17	109-113	daar	
2-18	114-116	in	
2-19	117-118	'	
2-20	118-119	t	
2-21	120-129	voorseide	
2-22	130-134	boek	
2-23	135-144	ontvallen	
2-24	145-149	laat	
2-25	149-150	,	
2-26	151-154	oft	
2-27	155-158	ook	
2-28	159-167	duidelik	
2-29	168-177	verklaart	
2-30	177-178	.	
2-31	179-180	1	
2-32	180-181	.	

#Text=Dat hy dikmaals in menschelike of andere gedaante verschijnt.
#Text=2.
3-1	182-185	Dat	
3-2	186-188	hy	
3-3	189-197	dikmaals	
3-4	198-200	in	
3-5	201-212	menschelike	
3-6	213-215	of	
3-7	216-222	andere	
3-8	223-231	gedaante	
3-9	232-242	verschijnt	
3-10	242-243	.	
3-11	244-245	2	
3-12	245-246	.	

#Text=Dat
#Text=hy somtyds den menschen, die sich aan hem verbonden hebben, de sinnen bedwelmt:
#Text=
#Text=so datse meinen hier of daar geweest te zijn, en dit of dat gedaan te hebben;
#Text=sonder
#Text=datter
#Text=iets in waarheid is geschied.
#Text=3.
4-1	247-250	Dat	
4-2	251-253	hy	
4-3	254-261	somtyds	
4-4	262-265	den	
4-5	266-274	menschen	
4-6	274-275	,	
4-7	276-279	die	
4-8	280-284	sich	
4-9	285-288	aan	
4-10	289-292	hem	
4-11	293-302	verbonden	
4-12	303-309	hebben	
4-13	309-310	,	
4-14	311-313	de	
4-15	314-320	sinnen	
4-16	321-329	bedwelmt	
4-17	329-330	:	
4-18	332-334	so	
4-19	335-340	datse	
4-20	341-347	meinen	
4-21	348-352	hier	
4-22	353-355	of	
4-23	356-360	daar	
4-24	361-368	geweest	
4-25	369-371	te	
4-26	372-376	zijn	
4-27	376-377	,	
4-28	378-380	en	
4-29	381-384	dit	
4-30	385-387	of	
4-31	388-391	dat	
4-32	392-398	gedaan	
4-33	399-401	te	
4-34	402-408	hebben	
4-35	408-409	;	
4-36	410-416	sonder	
4-37	417-423	datter	
4-38	424-428	iets	
4-39	429-431	in	
4-40	432-440	waarheid	
4-41	441-443	is	
4-42	444-452	geschied	
4-43	452-453	.	
4-44	454-455	3	
4-45	455-456	.	

#Text=Maar dat hyse ook waarlik door de lucht voert,
#Text=daar sy wesen willen, of daar hy hen hebben wil.
#Text=4.
5-1	457-461	Maar	
5-2	462-465	dat	
5-3	466-470	hyse	
5-4	471-474	ook	
5-5	475-482	waarlik	
5-6	483-487	door	
5-7	488-490	de	
5-8	491-496	lucht	
5-9	497-502	voert	
5-10	502-503	,	
5-11	504-508	daar	
5-12	509-511	sy	
5-13	512-517	wesen	
5-14	518-524	willen	
5-15	524-525	,	
5-16	526-528	of	
5-17	529-533	daar	
5-18	534-536	hy	
5-19	537-540	hen	
5-20	541-547	hebben	
5-21	548-551	wil	
5-22	551-552	.	
5-23	553-554	4	
5-24	554-555	.	

#Text=Dat hy door dienst der Toveraars
#Text=en Kollen de menschen van verre, en sonder aanraken heimelik vergiften kan.
#Text=5.
6-1	556-559	Dat	
6-2	560-562	hy	
6-3	563-567	door	
6-4	568-574	dienst	
6-5	575-578	der	
6-6	579-588	Toveraars	
6-7	589-591	en	
6-8	592-598	Kollen	
6-9	599-601	de	
6-10	602-610	menschen	
6-11	611-614	van	
6-12	615-620	verre	
6-13	620-621	,	
6-14	622-624	en	
6-15	625-631	sonder	
6-16	632-640	aanraken	
6-17	641-649	heimelik	
6-18	650-659	vergiften	
6-19	660-663	kan	
6-20	663-664	.	
6-21	665-666	5	
6-22	666-667	.	

#Text=Dat
#Text=hy, of de Toveraars door sijne kragt, regen en onweer verwekken konnen.
#Text=6.
7-1	668-671	Dat	
7-2	672-674	hy	
7-3	674-675	,	
7-4	676-678	of	
7-5	679-681	de	
7-6	682-691	Toveraars	
7-7	692-696	door	
7-8	697-702	sijne	
7-9	703-708	kragt	
7-10	708-709	,	
7-11	710-715	regen	
7-12	716-718	en	
7-13	719-725	onweer	
7-14	726-735	verwekken	
7-15	736-742	konnen	
7-16	742-743	.	
7-17	744-745	6	
7-18	745-746	.	

#Text='t
#Text=Gevoelen van anderen verwerpende, die meinen dat des Duivels kracht ophoud,
#Text=wanneer de hex in Regters handen is:
#Text=so gelooft hy, dat de Toverkunst by wylen in
#Text=de gevangenisse self noch kragtig is; en datter de Duivel vaak sijn eigen volk den
#Text=hals wel breekt.
8-1	747-748	'	
8-2	748-749	t	
8-3	750-758	Gevoelen	
8-4	759-762	van	
8-5	763-770	anderen	
8-6	771-782	verwerpende	
8-7	782-783	,	
8-8	784-787	die	
8-9	788-794	meinen	
8-10	795-798	dat	
8-11	799-802	des	
8-12	803-810	Duivels	
8-13	811-817	kracht	
8-14	818-824	ophoud	
8-15	824-825	,	
8-16	826-833	wanneer	
8-17	834-836	de	
8-18	837-840	hex	
8-19	841-843	in	
8-20	844-851	Regters	
8-21	852-858	handen	
8-22	859-861	is	
8-23	861-862	:	
8-24	863-865	so	
8-25	866-873	gelooft	
8-26	874-876	hy	
8-27	876-877	,	
8-28	878-881	dat	
8-29	882-884	de	
8-30	885-895	Toverkunst	
8-31	896-898	by	
8-32	899-904	wylen	
8-33	905-907	in	
8-34	908-910	de	
8-35	911-923	gevangenisse	
8-36	924-928	self	
8-37	929-933	noch	
8-38	934-941	kragtig	
8-39	942-944	is	
8-40	944-945	;	
8-41	946-948	en	
8-42	949-955	datter	
8-43	956-958	de	
8-44	959-965	Duivel	
8-45	966-970	vaak	
8-46	971-975	sijn	
8-47	976-981	eigen	
8-48	982-986	volk	
8-49	987-990	den	
8-50	991-995	hals	
8-51	996-999	wel	
8-52	1000-1006	breekt	
8-53	1006-1007	.	

#Text=Dus verre wat Daneus leert
9-1	1008-1011	Dus	
9-2	1012-1017	verre	
9-3	1018-1021	wat	
9-4	1022-1028	Daneus	
9-5	1029-1034	leert	

#Text=.
10-1	1034-1035	.	

#Text=§.
11-1	1037-1038	§	
11-2	1038-1039	.	
