#FORMAT=WebAnno TSV 3.3


#Text=Quando autem, perspirationem ipfam graveolere, extra omnem dubitationis aleam pofitum eft, tunc meminille' nos oportet, dari quoque medicamenta 'et alimenta, quae fudori odorem infolitum impertire possunt (S.
1-1	2-8	Quando	
1-2	9-14	autem	
1-3	14-15	,	
1-4	16-30	perspirationem	
1-5	31-36	ipfam	
1-6	37-47	graveolere	
1-7	47-48	,	
1-8	49-54	extra	
1-9	55-60	omnem	
1-10	61-73	dubitationis	
1-11	74-79	aleam	
1-12	80-87	pofitum	
1-13	88-91	eft	
1-14	91-92	,	
1-15	93-97	tunc	
1-16	98-107	meminille	
1-17	107-108	'	
1-18	109-112	nos	
1-19	113-120	oportet	
1-20	120-121	,	
1-21	122-126	dari	
1-22	127-133	quoque	
1-23	134-145	medicamenta	
1-24	146-147	'	
1-25	147-149	et	
1-26	150-158	alimenta	
1-27	158-159	,	
1-28	160-164	quae	
1-29	165-171	fudori	
1-30	172-178	odorem	
1-31	179-188	infolitum	
1-32	189-198	impertire	
1-33	199-206	possunt	
1-34	207-208	(	
1-35	208-209	S	
1-36	209-210	.	

#Text=XI).
2-1	211-213	XI	
2-2	213-214	)	
2-3	214-215	.	

#Text=Nulla enim de odore perfpicationis ad Matuin aegri valet conseqüetitia, nisi haecomnia antea circumspiciamus,
#Text=
#Text=Quutin pòrro odores specifici în exanthematiņus nonnullis atque aliis morbis obseruandi , haud defcribi posfint, medico clinico olfactu erudito opus eft, quin igitur experientia et viu apud lectos aegro.
#Text=torum fibi adquirere ftudeat.
#Text=1
#Text=
#Text=
#Text=
#Text=Noli demum nimium credere fignis ex odore solo desumtis, ne.
#Text=que, vt breuibus opinionem exponam, immemor fis aurei dicti:
#Text=
#Text=Noscitur ex socio qui non cognoscitur ex se.
3-1	216-221	Nulla	
3-2	222-226	enim	
3-3	227-229	de	
3-4	230-235	odore	
3-5	236-250	perfpicationis	
3-6	251-253	ad	
3-7	254-260	Matuin	
3-8	261-266	aegri	
3-9	267-272	valet	
3-10	273-286	conseqüetitia	
3-11	286-287	,	
3-12	288-292	nisi	
3-13	293-302	haecomnia	
3-14	303-308	antea	
3-15	309-324	circumspiciamus	
3-16	324-325	,	
3-17	327-333	Quutin	
3-18	334-339	pòrro	
3-19	340-346	odores	
3-20	347-356	specifici	
3-21	357-359	în	
3-22	360-374	exanthematiņus	
3-23	375-384	nonnullis	
3-24	385-390	atque	
3-25	391-396	aliis	
3-26	397-403	morbis	
3-27	404-414	obseruandi	
3-28	415-416	,	
3-29	417-421	haud	
3-30	422-430	defcribi	
3-31	431-438	posfint	
3-32	438-439	,	
3-33	440-446	medico	
3-34	447-454	clinico	
3-35	455-462	olfactu	
3-36	463-470	erudito	
3-37	471-475	opus	
3-38	476-479	eft	
3-39	479-480	,	
3-40	481-485	quin	
3-41	486-492	igitur	
3-42	493-504	experientia	
3-43	505-507	et	
3-44	508-511	viu	
3-45	512-516	apud	
3-46	517-523	lectos	
3-47	524-529	aegro	
3-48	529-530	.	
3-49	531-536	torum	
3-50	537-541	fibi	
3-51	542-551	adquirere	
3-52	552-559	ftudeat	
3-53	559-560	.	
3-54	561-562	1	
3-55	566-570	Noli	
3-56	571-576	demum	
3-57	577-583	nimium	
3-58	584-591	credere	
3-59	592-598	fignis	
3-60	599-601	ex	
3-61	602-607	odore	
3-62	608-612	solo	
3-63	613-621	desumtis	
3-64	621-622	,	
3-65	623-625	ne	
3-66	625-626	.	
3-67	627-630	que	
3-68	630-631	,	
3-69	632-634	vt	
3-70	635-643	breuibus	
3-71	644-653	opinionem	
3-72	654-661	exponam	
3-73	661-662	,	
3-74	663-670	immemor	
3-75	671-674	fis	
3-76	675-680	aurei	
3-77	681-686	dicti	
3-78	686-687	:	
3-79	689-697	Noscitur	
3-80	698-700	ex	
3-81	701-706	socio	
3-82	707-710	qui	
3-83	711-714	non	
3-84	715-726	cognoscitur	
3-85	727-729	ex	
3-86	730-732	se	
3-87	732-733	.	

#Text=Signa ipsa, quae odores perspirationis varii in morbis praebent, Gigillatim hic recenseré, fuperfluum effet , quum partim huc et illuc in commentatione iam allata fint et praeterea aptior illis enuineran.
#Text=dis locus fit in pathologia atque femiotica fpeciali, vbi omnia fin.
#Text=gulorum morborum signa critice perlustrantur.
4-1	734-739	Signa	
4-2	740-744	ipsa	
4-3	744-745	,	
4-4	746-750	quae	
4-5	751-757	odores	
4-6	758-772	perspirationis	
4-7	773-778	varii	
4-8	779-781	in	
4-9	782-788	morbis	
4-10	789-797	praebent	
4-11	797-798	,	
4-12	799-809	Gigillatim	
4-13	810-813	hic	
4-14	814-823	recenseré	
4-15	823-824	,	
4-16	825-835	fuperfluum	
4-17	836-841	effet	
4-18	842-843	,	
4-19	844-848	quum	
4-20	849-855	partim	
4-21	856-859	huc	
4-22	860-862	et	
4-23	863-868	illuc	
4-24	869-871	in	
4-25	872-885	commentatione	
4-26	886-889	iam	
4-27	890-896	allata	
4-28	897-901	fint	
4-29	902-904	et	
4-30	905-914	praeterea	
4-31	915-921	aptior	
4-32	922-927	illis	
4-33	928-937	enuineran	
4-34	937-938	.	
4-35	939-942	dis	
4-36	943-948	locus	
4-37	949-952	fit	
4-38	953-955	in	
4-39	956-966	pathologia	
4-40	967-972	atque	
4-41	973-982	femiotica	
4-42	983-991	fpeciali	
4-43	991-992	,	
4-44	993-996	vbi	
4-45	997-1002	omnia	
4-46	1003-1006	fin	
4-47	1006-1007	.	
4-48	1008-1015	gulorum	
4-49	1016-1024	morborum	
4-50	1025-1030	signa	
4-51	1031-1038	critice	
4-52	1039-1052	perlustrantur	
4-53	1052-1053	.	

#Text=Mirabuntur forfan lectores, me in pertractando argumento de odori perspirationis cutaneae prorsus ferë tacuiffe di perspiratione pul monali ciusque frequentiffime obseruando foetore, quum tamen ilta arctisfime cohaereat cum illa.
5-1	1054-1064	Mirabuntur	
5-2	1065-1071	forfan	
5-3	1072-1080	lectores	
5-4	1080-1081	,	
5-5	1082-1084	me	
5-6	1085-1087	in	
5-7	1088-1100	pertractando	
5-8	1101-1110	argumento	
5-9	1111-1113	de	
5-10	1114-1119	odori	
5-11	1120-1134	perspirationis	
5-12	1135-1143	cutaneae	
5-13	1144-1151	prorsus	
5-14	1152-1156	ferë	
5-15	1157-1165	tacuiffe	
5-16	1166-1168	di	
5-17	1169-1182	perspiratione	
5-18	1183-1186	pul	
5-19	1187-1193	monali	
5-20	1194-1201	ciusque	
5-21	1202-1216	frequentiffime	
5-22	1217-1227	obseruando	
5-23	1228-1235	foetore	
5-24	1235-1236	,	
5-25	1237-1241	quum	
5-26	1242-1247	tamen	
5-27	1248-1252	ilta	
5-28	1253-1263	arctisfime	
5-29	1264-1273	cohaereat	
5-30	1274-1277	cum	
5-31	1278-1282	illa	
5-32	1282-1283	.	

#Text=Sed fciant, temporis angustiam me in-8* pediuisse, quo minus etiam de anima olente agerem, cuius caufas sy.
#Text=tem alio tempore euoluere et fimul de C.
6-1	1284-1287	Sed	
6-2	1288-1294	fciant	
6-3	1294-1295	,	
6-4	1296-1304	temporis	
6-5	1305-1314	angustiam	
6-6	1315-1317	me	
6-7	1318-1320	in	
6-8	1320-1321	-	
6-9	1321-1322	8	
6-10	1322-1323	*	
6-11	1324-1333	pediuisse	
6-12	1333-1334	,	
6-13	1335-1338	quo	
6-14	1339-1344	minus	
6-15	1345-1350	etiam	
6-16	1351-1353	de	
6-17	1354-1359	anima	
6-18	1360-1366	olente	
6-19	1367-1373	agerem	
6-20	1373-1374	,	
6-21	1375-1380	cuius	
6-22	1381-1387	caufas	
6-23	1388-1390	sy	
6-24	1390-1391	.	
6-25	1392-1395	tem	
6-26	1396-1400	alio	
6-27	1401-1408	tempore	
6-28	1409-1417	euoluere	
6-29	1418-1420	et	
6-30	1421-1426	fimul	
6-31	1427-1429	de	
6-32	1430-1431	C	
6-33	1431-1432	.	

#Text=L.
7-1	1433-1434	L	
7-2	1434-1435	.	

#Text=HOFFMANNI circa odores perfpirationis vtriusque opinionibus plura edisserere, mihi propofitum eft,
#Text=
#Text=
#Text=
#Text=
#Text=
#Text=THESES,
#Text=
#Text=
#Text=
#Text=
#Text=
#Text=.
#Text=: 3511
#Text=
#Text=
#Text=
#Text=
#Text=
#Text=tendo.
#Text=i
#Text=
#Text=
#Text=
#Text=1.
8-1	1436-1445	HOFFMANNI	
8-2	1446-1451	circa	
8-3	1452-1458	odores	
8-4	1459-1473	perfpirationis	
8-5	1474-1483	vtriusque	
8-6	1484-1495	opinionibus	
8-7	1496-1501	plura	
8-8	1502-1512	edisserere	
8-9	1512-1513	,	
8-10	1514-1518	mihi	
8-11	1519-1529	propofitum	
8-12	1530-1533	eft	
8-13	1533-1534	,	
8-14	1540-1546	THESES	
8-15	1546-1547	,	
8-16	1553-1554	.	
8-17	1555-1556	:	
8-18	1557-1561	3511	
8-19	1567-1572	tendo	
8-20	1572-1573	.	
8-21	1574-1575	i	
8-22	1579-1580	1	
8-23	1580-1581	.	

#Text=Somnus meridianus homini sano et vigenti fugiendus eft.
9-1	1582-1588	Somnus	
9-2	1589-1599	meridianus	
9-3	1600-1606	homini	
9-4	1607-1611	sano	
9-5	1612-1614	et	
9-6	1615-1622	vigenti	
9-7	1623-1632	fugiendus	
9-8	1633-1636	eft	
9-9	1636-1637	.	

#Text=II.
10-1	1638-1640	II	
10-2	1640-1641	.	

#Text=Diuifio remediorum in cuacilantia et alterantia haud eft approi í banda.
#Text=9 071472,
#Text=
#Text=1:111.
#Text=« Hominem vbique terrarum ad monogamiam deftinatum effe, come
#Text=
#Text=wi IV.
11-1	1642-1649	Diuifio	
11-2	1650-1660	remediorum	
11-3	1661-1663	in	
11-4	1664-1675	cuacilantia	
11-5	1676-1678	et	
11-6	1679-1689	alterantia	
11-7	1690-1694	haud	
11-8	1695-1698	eft	
11-9	1699-1705	approi	
11-10	1706-1707	í	
11-11	1708-1713	banda	
11-12	1713-1714	.	
11-13	1715-1716	9	
11-14	1717-1723	071472	
11-15	1723-1724	,	
11-16	1726-1727	1	
11-17	1727-1728	:	
11-18	1728-1731	111	
11-19	1731-1732	.	
11-20	1733-1734	«	
11-21	1735-1742	Hominem	
11-22	1743-1749	vbique	
11-23	1750-1758	terrarum	
11-24	1759-1761	ad	
11-25	1762-1772	monogamiam	
11-26	1773-1783	deftinatum	
11-27	1784-1788	effe	
11-28	1788-1789	,	
11-29	1790-1794	come	
11-30	1796-1798	wi	
11-31	1799-1801	IV	
11-32	1801-1802	.	

#Text=Superftitio medica aeque nociua eft, ac superstitio religiosa.
12-1	1803-1814	Superftitio	
12-2	1815-1821	medica	
12-3	1822-1827	aeque	
12-4	1828-1834	nociua	
12-5	1835-1838	eft	
12-6	1838-1839	,	
12-7	1840-1842	ac	
12-8	1843-1854	superstitio	
12-9	1855-1864	religiosa	
12-10	1864-1865	.	

#Text=V.
13-1	1866-1867	V	
13-2	1867-1868	.	

#Text=Omne medicamentum nocet homini fano.
14-1	1869-1873	Omne	
14-2	1874-1886	medicamentum	
14-3	1887-1892	nocet	
14-4	1893-1899	homini	
14-5	1900-1904	fano	
14-6	1904-1905	.	
