#FORMAT=WebAnno TSV 3.3


#Text=Verstaende het geberghte waer in dese metalen souden gevonden worden.
1-1	2-12	Verstaende	
1-2	13-16	het	
1-3	17-26	geberghte	
1-4	27-31	waer	
1-5	32-34	in	
1-6	35-39	dese	
1-7	40-47	metalen	
1-8	48-54	souden	
1-9	55-63	gevonden	
1-10	64-70	worden	
1-11	70-71	.	

#Text=[onder] uwe schoe zijn:
#Text=ende uwe And.
#Text=vermaertheyt.
2-1	72-73	[	
2-2	73-78	onder	
2-3	78-79	]	
2-4	80-83	uwe	
2-5	84-89	schoe	
2-6	90-94	zijn	
2-7	94-95	:	
2-8	96-100	ende	
2-9	101-104	uwe	
2-10	105-108	And	
2-11	108-109	.	
2-12	110-122	vermaertheyt	
2-13	122-123	.	

#Text=De sin is, Soo lange ghy een volck sult zijn, sult ghy sterck, machtigh, ofte, vermaert van wegen uwe sterckte ofte vermogen zijn, uwe ouderdom sal zijn als uwe jeught.
#Text=sterckte gelijck uwe dagen.
#Text=
#Text=26
#Text=Of, daer is niemant, gelijck de Godt van Ieschurun.
3-1	124-126	De	
3-2	127-130	sin	
3-3	131-133	is	
3-4	133-134	,	
3-5	135-138	Soo	
3-6	139-144	lange	
3-7	145-148	ghy	
3-8	149-152	een	
3-9	153-158	volck	
3-10	159-163	sult	
3-11	164-168	zijn	
3-12	168-169	,	
3-13	170-174	sult	
3-14	175-178	ghy	
3-15	179-185	sterck	
3-16	185-186	,	
3-17	187-195	machtigh	
3-18	195-196	,	
3-19	197-201	ofte	
3-20	201-202	,	
3-21	203-211	vermaert	
3-22	212-215	van	
3-23	216-221	wegen	
3-24	222-225	uwe	
3-25	226-234	sterckte	
3-26	235-239	ofte	
3-27	240-248	vermogen	
3-28	249-253	zijn	
3-29	253-254	,	
3-30	255-258	uwe	
3-31	259-267	ouderdom	
3-32	268-271	sal	
3-33	272-276	zijn	
3-34	277-280	als	
3-35	281-284	uwe	
3-36	285-291	jeught	
3-37	291-292	.	
3-38	293-301	sterckte	
3-39	302-309	gelijck	
3-40	310-313	uwe	
3-41	314-319	dagen	
3-42	319-320	.	
3-43	322-324	26	
3-44	325-327	Of	
3-45	327-328	,	
3-46	329-333	daer	
3-47	334-336	is	
3-48	337-344	niemant	
3-49	344-345	,	
3-50	346-353	gelijck	
3-51	354-356	de	
3-52	357-361	Godt	
3-53	362-365	van	
3-54	366-375	Ieschurun	
3-55	375-376	.	

#Text=Siet van Ieschurun boven 32.
#Text=vers 15.
4-1	377-381	Siet	
4-2	382-385	van	
4-3	386-395	Ieschurun	
4-4	396-401	boven	
4-5	402-404	32	
4-6	404-405	.	
4-7	406-410	vers	
4-8	411-413	15	
4-9	413-414	.	

#Text=Niemant is’er gelijck
#Text=Godt, O Ieschurun: die D. op de lucht, van waer hy sijn volck hulpe toeschickt tegens hare vyanden, die hy van daer met schrickelick onweder van hagel, blicksem ende donder slaet ende verderft.
5-1	415-422	Niemant	
5-2	423-425	is	
5-3	425-426	’	
5-4	426-428	er	
5-5	429-436	gelijck	
5-6	437-441	Godt	
5-7	441-442	,	
5-8	443-444	O	
5-9	445-454	Ieschurun	
5-10	454-455	:	
5-11	456-459	die	
5-12	460-461	D	
5-13	461-462	.	
5-14	463-465	op	
5-15	466-468	de	
5-16	469-474	lucht	
5-17	474-475	,	
5-18	476-479	van	
5-19	480-484	waer	
5-20	485-487	hy	
5-21	488-492	sijn	
5-22	493-498	volck	
5-23	499-504	hulpe	
5-24	505-515	toeschickt	
5-25	516-522	tegens	
5-26	523-527	hare	
5-27	528-535	vyanden	
5-28	535-536	,	
5-29	537-540	die	
5-30	541-543	hy	
5-31	544-547	van	
5-32	548-552	daer	
5-33	553-556	met	
5-34	557-569	schrickelick	
5-35	570-577	onweder	
5-36	578-581	van	
5-37	582-587	hagel	
5-38	587-588	,	
5-39	589-597	blicksem	
5-40	598-602	ende	
5-41	603-609	donder	
5-42	610-615	slaet	
5-43	616-620	ende	
5-44	621-629	verderft	
5-45	629-630	.	

#Text=Siet eene heerlicke verklaringe Psalm 18. van vers 7, tot vers 20.
#Text=op den hemel vaert tot uwe hulpe, ende D. met sijne hooge ende heerlicke werckingen.
#Text=met sijne hoogheyt op de Ofte, dunste, die in het opperste deel der lucht voort gebracht worden.
#Text=bovenste wolcken.
#Text=
#Text=27
#Text=
#Text=Het Hebreeusch woort, van schepselen gebruyckt, beteeckent, dat in voortijden, van oudts, ofte van het begin der werelt geweest is, als boven vers 15.
#Text=maer van Godt gebruyckt, beteeckent het oock eeuwigheyt, ofte, die voor alle tijden geweest is.
6-1	631-635	Siet	
6-2	636-640	eene	
6-3	641-650	heerlicke	
6-4	651-662	verklaringe	
6-5	663-668	Psalm	
6-6	669-671	18	
6-7	671-672	.	
6-8	673-676	van	
6-9	677-681	vers	
6-10	682-683	7	
6-11	683-684	,	
6-12	685-688	tot	
6-13	689-693	vers	
6-14	694-696	20	
6-15	696-697	.	
6-16	698-700	op	
6-17	701-704	den	
6-18	705-710	hemel	
6-19	711-716	vaert	
6-20	717-720	tot	
6-21	721-724	uwe	
6-22	725-730	hulpe	
6-23	730-731	,	
6-24	732-736	ende	
6-25	737-738	D	
6-26	738-739	.	
6-27	740-743	met	
6-28	744-749	sijne	
6-29	750-755	hooge	
6-30	756-760	ende	
6-31	761-770	heerlicke	
6-32	771-781	werckingen	
6-33	781-782	.	
6-34	783-786	met	
6-35	787-792	sijne	
6-36	793-801	hoogheyt	
6-37	802-804	op	
6-38	805-807	de	
6-39	808-812	Ofte	
6-40	812-813	,	
6-41	814-820	dunste	
6-42	820-821	,	
6-43	822-825	die	
6-44	826-828	in	
6-45	829-832	het	
6-46	833-841	opperste	
6-47	842-846	deel	
6-48	847-850	der	
6-49	851-856	lucht	
6-50	857-862	voort	
6-51	863-871	gebracht	
6-52	872-878	worden	
6-53	878-879	.	
6-54	880-888	bovenste	
6-55	889-896	wolcken	
6-56	896-897	.	
6-57	899-901	27	
6-58	903-906	Het	
6-59	907-917	Hebreeusch	
6-60	918-923	woort	
6-61	923-924	,	
6-62	925-928	van	
6-63	929-939	schepselen	
6-64	940-949	gebruyckt	
6-65	949-950	,	
6-66	951-961	beteeckent	
6-67	961-962	,	
6-68	963-966	dat	
6-69	967-969	in	
6-70	970-980	voortijden	
6-71	980-981	,	
6-72	982-985	van	
6-73	986-991	oudts	
6-74	991-992	,	
6-75	993-997	ofte	
6-76	998-1001	van	
6-77	1002-1005	het	
6-78	1006-1011	begin	
6-79	1012-1015	der	
6-80	1016-1022	werelt	
6-81	1023-1030	geweest	
6-82	1031-1033	is	
6-83	1033-1034	,	
6-84	1035-1038	als	
6-85	1039-1044	boven	
6-86	1045-1049	vers	
6-87	1050-1052	15	
6-88	1052-1053	.	
6-89	1054-1058	maer	
6-90	1059-1062	van	
6-91	1063-1067	Godt	
6-92	1068-1077	gebruyckt	
6-93	1077-1078	,	
6-94	1079-1089	beteeckent	
6-95	1090-1093	het	
6-96	1094-1098	oock	
6-97	1099-1109	eeuwigheyt	
6-98	1109-1110	,	
6-99	1111-1115	ofte	
6-100	1115-1116	,	
6-101	1117-1120	die	
6-102	1121-1125	voor	
6-103	1126-1130	alle	
6-104	1131-1137	tijden	
6-105	1138-1145	geweest	
6-106	1146-1148	is	
6-107	1148-1149	.	

#Text=Hebr.
7-1	1150-1154	Hebr	
7-2	1154-1155	.	

#Text=Godt der eeuwigheyt.
8-1	1156-1160	Godt	
8-2	1161-1164	der	
8-3	1165-1175	eeuwigheyt	
8-4	1175-1176	.	
