#FORMAT=WebAnno TSV 3.3


#Text=Obsecro itaque ut accipias benedictionem a servo tuo.
#Text=16 At ille respondit : Vivit Dominus, ante quem sto, quia non accipiam.
1-1	2-9	Obsecro	
1-2	10-16	itaque	
1-3	17-19	ut	
1-4	20-28	accipias	
1-5	29-42	benedictionem	
1-6	43-44	a	
1-7	45-50	servo	
1-8	51-54	tuo	
1-9	54-55	.	
1-10	56-58	16	
1-11	59-61	At	
1-12	62-66	ille	
1-13	67-76	respondit	
1-14	77-78	:	
1-15	79-84	Vivit	
1-16	85-92	Dominus	
1-17	92-93	,	
1-18	94-98	ante	
1-19	99-103	quem	
1-20	104-107	sto	
1-21	107-108	,	
1-22	109-113	quia	
1-23	114-117	non	
1-24	118-126	accipiam	
1-25	126-127	.	

#Text=Cumque vim faceret, penitus non acquievit.
#Text=17 Dixitque Naaman : Ut vis : sed, obsecro, concede mihi servo tuo ut tollam onus duorum burdonum de terra : non enim faciet ultra servus tuus holocaustum aut victimam diis alienis, nisi Domino.
#Text=18 Hoc autem solum est, de quo depreceris Dominum pro servo tuo, quando ingredietur dominus meus templum Remmon ut adoret : et illo innitente super manum meam, si adoravero in templo Remmon, adorante eo in eodem loco, ut ignoscat mihi Dominus servo tuo pro hac re.
#Text=19 Qui dixit ei : Vade in pace.
2-1	128-134	Cumque	
2-2	135-138	vim	
2-3	139-146	faceret	
2-4	146-147	,	
2-5	148-155	penitus	
2-6	156-159	non	
2-7	160-169	acquievit	
2-8	169-170	.	
2-9	171-173	17	
2-10	174-182	Dixitque	
2-11	183-189	Naaman	
2-12	190-191	:	
2-13	192-194	Ut	
2-14	195-198	vis	
2-15	199-200	:	
2-16	201-204	sed	
2-17	204-205	,	
2-18	206-213	obsecro	
2-19	213-214	,	
2-20	215-222	concede	
2-21	223-227	mihi	
2-22	228-233	servo	
2-23	234-237	tuo	
2-24	238-240	ut	
2-25	241-247	tollam	
2-26	248-252	onus	
2-27	253-259	duorum	
2-28	260-268	burdonum	
2-29	269-271	de	
2-30	272-277	terra	
2-31	278-279	:	
2-32	280-283	non	
2-33	284-288	enim	
2-34	289-295	faciet	
2-35	296-301	ultra	
2-36	302-308	servus	
2-37	309-313	tuus	
2-38	314-325	holocaustum	
2-39	326-329	aut	
2-40	330-338	victimam	
2-41	339-343	diis	
2-42	344-351	alienis	
2-43	351-352	,	
2-44	353-357	nisi	
2-45	358-364	Domino	
2-46	364-365	.	
2-47	366-368	18	
2-48	369-372	Hoc	
2-49	373-378	autem	
2-50	379-384	solum	
2-51	385-388	est	
2-52	388-389	,	
2-53	390-392	de	
2-54	393-396	quo	
2-55	397-407	depreceris	
2-56	408-415	Dominum	
2-57	416-419	pro	
2-58	420-425	servo	
2-59	426-429	tuo	
2-60	429-430	,	
2-61	431-437	quando	
2-62	438-449	ingredietur	
2-63	450-457	dominus	
2-64	458-462	meus	
2-65	463-470	templum	
2-66	471-477	Remmon	
2-67	478-480	ut	
2-68	481-487	adoret	
2-69	488-489	:	
2-70	490-492	et	
2-71	493-497	illo	
2-72	498-507	innitente	
2-73	508-513	super	
2-74	514-519	manum	
2-75	520-524	meam	
2-76	524-525	,	
2-77	526-528	si	
2-78	529-538	adoravero	
2-79	539-541	in	
2-80	542-548	templo	
2-81	549-555	Remmon	
2-82	555-556	,	
2-83	557-565	adorante	
2-84	566-568	eo	
2-85	569-571	in	
2-86	572-577	eodem	
2-87	578-582	loco	
2-88	582-583	,	
2-89	584-586	ut	
2-90	587-595	ignoscat	
2-91	596-600	mihi	
2-92	601-608	Dominus	
2-93	609-614	servo	
2-94	615-618	tuo	
2-95	619-622	pro	
2-96	623-626	hac	
2-97	627-629	re	
2-98	629-630	.	
2-99	631-633	19	
2-100	634-637	Qui	
2-101	638-643	dixit	
2-102	644-646	ei	
2-103	647-648	:	
2-104	649-653	Vade	
2-105	654-656	in	
2-106	657-661	pace	
2-107	661-662	.	

#Text=Abiit ergo ab eo electo terræ tempore.
#Text=20 Dixitque Giezi puer viri Dei : Pepercit dominus meus Naaman Syro isti, ut non acciperet ab eo quæ attulit : vivit Dominus, quia curram post eum, et accipiam ab eo aliquid.
#Text=21 Et secutus est Giezi post tergum Naaman : quem cum vidisset ille currentem ad se, desiliit de curru in occursum ejus, et ait : Rectene sunt omnia ?
3-1	663-668	Abiit	
3-2	669-673	ergo	
3-3	674-676	ab	
3-4	677-679	eo	
3-5	680-686	electo	
3-6	687-692	terræ	
3-7	693-700	tempore	
3-8	700-701	.	
3-9	702-704	20	
3-10	705-713	Dixitque	
3-11	714-719	Giezi	
3-12	720-724	puer	
3-13	725-729	viri	
3-14	730-733	Dei	
3-15	734-735	:	
3-16	736-744	Pepercit	
3-17	745-752	dominus	
3-18	753-757	meus	
3-19	758-764	Naaman	
3-20	765-769	Syro	
3-21	770-774	isti	
3-22	774-775	,	
3-23	776-778	ut	
3-24	779-782	non	
3-25	783-792	acciperet	
3-26	793-795	ab	
3-27	796-798	eo	
3-28	799-802	quæ	
3-29	803-810	attulit	
3-30	811-812	:	
3-31	813-818	vivit	
3-32	819-826	Dominus	
3-33	826-827	,	
3-34	828-832	quia	
3-35	833-839	curram	
3-36	840-844	post	
3-37	845-848	eum	
3-38	848-849	,	
3-39	850-852	et	
3-40	853-861	accipiam	
3-41	862-864	ab	
3-42	865-867	eo	
3-43	868-875	aliquid	
3-44	875-876	.	
3-45	877-879	21	
3-46	880-882	Et	
3-47	883-890	secutus	
3-48	891-894	est	
3-49	895-900	Giezi	
3-50	901-905	post	
3-51	906-912	tergum	
3-52	913-919	Naaman	
3-53	920-921	:	
3-54	922-926	quem	
3-55	927-930	cum	
3-56	931-939	vidisset	
3-57	940-944	ille	
3-58	945-954	currentem	
3-59	955-957	ad	
3-60	958-960	se	
3-61	960-961	,	
3-62	962-970	desiliit	
3-63	971-973	de	
3-64	974-979	curru	
3-65	980-982	in	
3-66	983-991	occursum	
3-67	992-996	ejus	
3-68	996-997	,	
3-69	998-1000	et	
3-70	1001-1004	ait	
3-71	1005-1006	:	
3-72	1007-1014	Rectene	
3-73	1015-1019	sunt	
3-74	1020-1025	omnia	
3-75	1026-1027	?	

#Text=22 Et ille ait : Recte.
4-1	1028-1030	22	
4-2	1031-1033	Et	
4-3	1034-1038	ille	
4-4	1039-1042	ait	
4-5	1043-1044	:	
4-6	1045-1050	Recte	
4-7	1050-1051	.	

#Text=Dominus meus misit me ad te dicens : Modo venerunt ad me duo adolescentes de monte Ephraim, ex filiis prophetarum : da eis talentum argenti, et vestes mutatorias duplices.
#Text=23 Dixitque Naaman : Melius est ut accipias duo talenta.
5-1	1052-1059	Dominus	
5-2	1060-1064	meus	
5-3	1065-1070	misit	
5-4	1071-1073	me	
5-5	1074-1076	ad	
5-6	1077-1079	te	
5-7	1080-1086	dicens	
5-8	1087-1088	:	
5-9	1089-1093	Modo	
5-10	1094-1102	venerunt	
5-11	1103-1105	ad	
5-12	1106-1108	me	
5-13	1109-1112	duo	
5-14	1113-1125	adolescentes	
5-15	1126-1128	de	
5-16	1129-1134	monte	
5-17	1135-1142	Ephraim	
5-18	1142-1143	,	
5-19	1144-1146	ex	
5-20	1147-1153	filiis	
5-21	1154-1165	prophetarum	
5-22	1166-1167	:	
5-23	1168-1170	da	
5-24	1171-1174	eis	
5-25	1175-1183	talentum	
5-26	1184-1191	argenti	
5-27	1191-1192	,	
5-28	1193-1195	et	
5-29	1196-1202	vestes	
5-30	1203-1213	mutatorias	
5-31	1214-1222	duplices	
5-32	1222-1223	.	
5-33	1224-1226	23	
5-34	1227-1235	Dixitque	
5-35	1236-1242	Naaman	
5-36	1243-1244	:	
5-37	1245-1251	Melius	
5-38	1252-1255	est	
5-39	1256-1258	ut	
5-40	1259-1267	accipias	
5-41	1268-1271	duo	
5-42	1272-1279	talenta	
5-43	1279-1280	.	

#Text=Et coëgit eum, ligavitque duo talenta argenti in duobus saccis, et duplicia vestimenta, et imposuit duobus pueris suis, qui et portaverunt coram eo.
#Text=24 Cumque venisset jam vesperi, tulit de manu eorum, et reposuit in domo, dimisitque viros, et abierunt.
#Text=25 Ipse autem ingressus, stetit coram domino suo.
6-1	1281-1283	Et	
6-2	1284-1290	coëgit	
6-3	1291-1294	eum	
6-4	1294-1295	,	
6-5	1296-1306	ligavitque	
6-6	1307-1310	duo	
6-7	1311-1318	talenta	
6-8	1319-1326	argenti	
6-9	1327-1329	in	
6-10	1330-1336	duobus	
6-11	1337-1343	saccis	
6-12	1343-1344	,	
6-13	1345-1347	et	
6-14	1348-1356	duplicia	
6-15	1357-1367	vestimenta	
6-16	1367-1368	,	
6-17	1369-1371	et	
6-18	1372-1380	imposuit	
6-19	1381-1387	duobus	
6-20	1388-1394	pueris	
6-21	1395-1399	suis	
6-22	1399-1400	,	
6-23	1401-1404	qui	
6-24	1405-1407	et	
6-25	1408-1419	portaverunt	
6-26	1420-1425	coram	
6-27	1426-1428	eo	
6-28	1428-1429	.	
6-29	1430-1432	24	
6-30	1433-1439	Cumque	
6-31	1440-1448	venisset	
6-32	1449-1452	jam	
6-33	1453-1460	vesperi	
6-34	1460-1461	,	
6-35	1462-1467	tulit	
6-36	1468-1470	de	
6-37	1471-1475	manu	
6-38	1476-1481	eorum	
6-39	1481-1482	,	
6-40	1483-1485	et	
6-41	1486-1494	reposuit	
6-42	1495-1497	in	
6-43	1498-1502	domo	
6-44	1502-1503	,	
6-45	1504-1514	dimisitque	
6-46	1515-1520	viros	
6-47	1520-1521	,	
6-48	1522-1524	et	
6-49	1525-1533	abierunt	
6-50	1533-1534	.	
6-51	1535-1537	25	
6-52	1538-1542	Ipse	
6-53	1543-1548	autem	
6-54	1549-1558	ingressus	
6-55	1558-1559	,	
6-56	1560-1566	stetit	
6-57	1567-1572	coram	
6-58	1573-1579	domino	
6-59	1580-1583	suo	
6-60	1583-1584	.	

#Text=Et dixit Eliseus : Unde venis, Giezi ?
7-1	1585-1587	Et	
7-2	1588-1593	dixit	
7-3	1594-1601	Eliseus	
7-4	1602-1603	:	
7-5	1604-1608	Unde	
7-6	1609-1614	venis	
7-7	1614-1615	,	
7-8	1616-1621	Giezi	
7-9	1622-1623	?	

#Text=Qui respondit : Non ivit servus tuus quoquam.
#Text=26 At ille ait : Nonne cor meum in præsenti erat, quando reversus est homo de curru suo in occursum tui ?
8-1	1624-1627	Qui	
8-2	1628-1637	respondit	
8-3	1638-1639	:	
8-4	1640-1643	Non	
8-5	1644-1648	ivit	
8-6	1649-1655	servus	
8-7	1656-1660	tuus	
8-8	1661-1668	quoquam	
8-9	1668-1669	.	
8-10	1670-1672	26	
8-11	1673-1675	At	
8-12	1676-1680	ille	
8-13	1681-1684	ait	
8-14	1685-1686	:	
8-15	1687-1692	Nonne	
8-16	1693-1696	cor	
8-17	1697-1701	meum	
8-18	1702-1704	in	
8-19	1705-1713	præsenti	
8-20	1714-1718	erat	
8-21	1718-1719	,	
8-22	1720-1726	quando	
8-23	1727-1735	reversus	
8-24	1736-1739	est	
8-25	1740-1744	homo	
8-26	1745-1747	de	
8-27	1748-1753	curru	
8-28	1754-1757	suo	
8-29	1758-1760	in	
8-30	1761-1769	occursum	
8-31	1770-1773	tui	
8-32	1774-1775	?	

#Text=nunc igitur accepisti argentum, et accepisti vestes ut emas oliveta, et vineas, et oves, et boves, et servos, et ancillas.
#Text=27 Sed et lepra Naaman adhærebit tibi, et semini tuo usque in sempiternum.
9-1	1776-1780	nunc	
9-2	1781-1787	igitur	
9-3	1788-1797	accepisti	
9-4	1798-1806	argentum	
9-5	1806-1807	,	
9-6	1808-1810	et	
9-7	1811-1820	accepisti	
9-8	1821-1827	vestes	
9-9	1828-1830	ut	
9-10	1831-1835	emas	
9-11	1836-1843	oliveta	
9-12	1843-1844	,	
9-13	1845-1847	et	
9-14	1848-1854	vineas	
9-15	1854-1855	,	
9-16	1856-1858	et	
9-17	1859-1863	oves	
9-18	1863-1864	,	
9-19	1865-1867	et	
9-20	1868-1873	boves	
9-21	1873-1874	,	
9-22	1875-1877	et	
9-23	1878-1884	servos	
9-24	1884-1885	,	
9-25	1886-1888	et	
9-26	1889-1897	ancillas	
9-27	1897-1898	.	
9-28	1899-1901	27	
9-29	1902-1905	Sed	
9-30	1906-1908	et	
9-31	1909-1914	lepra	
9-32	1915-1921	Naaman	
9-33	1922-1931	adhærebit	
9-34	1932-1936	tibi	
9-35	1936-1937	,	
9-36	1938-1940	et	
9-37	1941-1947	semini	
9-38	1948-1951	tuo	
9-39	1952-1957	usque	
9-40	1958-1960	in	
9-41	1961-1972	sempiternum	
9-42	1972-1973	.	
