#FORMAT=WebAnno TSV 3.3


#Text=9 Custodiant præcepta mea, ut non subjaceant peccato, et moriantur in sanctuario, cum polluerint illud.
1-1	2-3	9	
1-2	4-14	Custodiant	
1-3	15-23	præcepta	
1-4	24-27	mea	
1-5	27-28	,	
1-6	29-31	ut	
1-7	32-35	non	
1-8	36-46	subjaceant	
1-9	47-54	peccato	
1-10	54-55	,	
1-11	56-58	et	
1-12	59-68	moriantur	
1-13	69-71	in	
1-14	72-82	sanctuario	
1-15	82-83	,	
1-16	84-87	cum	
1-17	88-98	polluerint	
1-18	99-104	illud	
1-19	104-105	.	

#Text=Ego Dominus qui sanctifico eos.
#Text=10 Omnis alienigena non comedet de sanctificatis ; inquilinus sacerdotis et mercenarius non vescentur ex eis.
#Text=11 Quem autem sacerdos emerit, et qui vernaculus domus ejus fuerit, hi comedent ex eis.
#Text=12 Si filia sacerdotis cuilibet ex populo nupta fuerit, de his quæ sanctificata sunt, et de primitiis non vescetur.
#Text=13 Sin autem vidua, vel repudiata, et absque liberis reversa fuerit ad domum patris sui : sicut puella consueverat, aletur cibis patris sui.
2-1	106-109	Ego	
2-2	110-117	Dominus	
2-3	118-121	qui	
2-4	122-132	sanctifico	
2-5	133-136	eos	
2-6	136-137	.	
2-7	138-140	10	
2-8	141-146	Omnis	
2-9	147-157	alienigena	
2-10	158-161	non	
2-11	162-169	comedet	
2-12	170-172	de	
2-13	173-186	sanctificatis	
2-14	187-188	;	
2-15	189-199	inquilinus	
2-16	200-210	sacerdotis	
2-17	211-213	et	
2-18	214-225	mercenarius	
2-19	226-229	non	
2-20	230-239	vescentur	
2-21	240-242	ex	
2-22	243-246	eis	
2-23	246-247	.	
2-24	248-250	11	
2-25	251-255	Quem	
2-26	256-261	autem	
2-27	262-270	sacerdos	
2-28	271-277	emerit	
2-29	277-278	,	
2-30	279-281	et	
2-31	282-285	qui	
2-32	286-296	vernaculus	
2-33	297-302	domus	
2-34	303-307	ejus	
2-35	308-314	fuerit	
2-36	314-315	,	
2-37	316-318	hi	
2-38	319-327	comedent	
2-39	328-330	ex	
2-40	331-334	eis	
2-41	334-335	.	
2-42	336-338	12	
2-43	339-341	Si	
2-44	342-347	filia	
2-45	348-358	sacerdotis	
2-46	359-367	cuilibet	
2-47	368-370	ex	
2-48	371-377	populo	
2-49	378-383	nupta	
2-50	384-390	fuerit	
2-51	390-391	,	
2-52	392-394	de	
2-53	395-398	his	
2-54	399-402	quæ	
2-55	403-415	sanctificata	
2-56	416-420	sunt	
2-57	420-421	,	
2-58	422-424	et	
2-59	425-427	de	
2-60	428-437	primitiis	
2-61	438-441	non	
2-62	442-450	vescetur	
2-63	450-451	.	
2-64	452-454	13	
2-65	455-458	Sin	
2-66	459-464	autem	
2-67	465-470	vidua	
2-68	470-471	,	
2-69	472-475	vel	
2-70	476-485	repudiata	
2-71	485-486	,	
2-72	487-489	et	
2-73	490-496	absque	
2-74	497-504	liberis	
2-75	505-512	reversa	
2-76	513-519	fuerit	
2-77	520-522	ad	
2-78	523-528	domum	
2-79	529-535	patris	
2-80	536-539	sui	
2-81	540-541	:	
2-82	542-547	sicut	
2-83	548-554	puella	
2-84	555-566	consueverat	
2-85	566-567	,	
2-86	568-574	aletur	
2-87	575-580	cibis	
2-88	581-587	patris	
2-89	588-591	sui	
2-90	591-592	.	

#Text=Omnis alienigena comedendi ex eis non habet potestatem.
#Text=14 Qui comederit de sanctificatis per ignorantiam, addet quintam partem cum eo quod comedit, et dabit sacerdoti in sanctuarium.
#Text=15 Nec contaminabunt sanctificata filiorum Israël, quæ offerunt Domino : 16 ne forte sustineant iniquitatem delicti sui, cum sanctificata comederint.
3-1	593-598	Omnis	
3-2	599-609	alienigena	
3-3	610-619	comedendi	
3-4	620-622	ex	
3-5	623-626	eis	
3-6	627-630	non	
3-7	631-636	habet	
3-8	637-647	potestatem	
3-9	647-648	.	
3-10	649-651	14	
3-11	652-655	Qui	
3-12	656-665	comederit	
3-13	666-668	de	
3-14	669-682	sanctificatis	
3-15	683-686	per	
3-16	687-698	ignorantiam	
3-17	698-699	,	
3-18	700-705	addet	
3-19	706-713	quintam	
3-20	714-720	partem	
3-21	721-724	cum	
3-22	725-727	eo	
3-23	728-732	quod	
3-24	733-740	comedit	
3-25	740-741	,	
3-26	742-744	et	
3-27	745-750	dabit	
3-28	751-760	sacerdoti	
3-29	761-763	in	
3-30	764-775	sanctuarium	
3-31	775-776	.	
3-32	777-779	15	
3-33	780-783	Nec	
3-34	784-797	contaminabunt	
3-35	798-810	sanctificata	
3-36	811-819	filiorum	
3-37	820-826	Israël	
3-38	826-827	,	
3-39	828-831	quæ	
3-40	832-840	offerunt	
3-41	841-847	Domino	
3-42	848-849	:	
3-43	850-852	16	
3-44	853-855	ne	
3-45	856-861	forte	
3-46	862-872	sustineant	
3-47	873-884	iniquitatem	
3-48	885-892	delicti	
3-49	893-896	sui	
3-50	896-897	,	
3-51	898-901	cum	
3-52	902-914	sanctificata	
3-53	915-925	comederint	
3-54	925-926	.	

#Text=Ego Dominus qui sanctifico eos.
#Text=17 Locutusque est Dominus ad Moysen, dicens : 18 Loquere ad Aaron et filios ejus, et ad omnes filios Israël, dicesque ad eos : Homo de domo Israël, et de advenis qui habitant apud vos, qui obtulerit oblationem suam, vel vota solvens, vel sponte offerens, quidquid illud obtulerit in holocaustum Domini, 19 ut offeratur per vos, masculus immaculatus erit ex bobus, et ovibus, et ex capris : 20 si maculam habuerit, non offeretis, neque erit acceptabile.
#Text=21 Homo qui obtulerit victimam pacificorum Domino, vel vota solvens, vel sponte offerens, tam de bobus quam de ovibus, immaculatum offeret ut acceptabile sit : omnis macula non erit in eo.
#Text=22 Si cæcum fuerit, si fractum, si cicatricem habens, si papulas, aut scabiem, aut impetiginem : non offeretis ea Domino, nec adolebitis ex eis super altare Domini.
#Text=23 Bovem et ovem, aure et cauda amputatis, voluntarie offerre potes, votum autem ex eis solvi non potest.
#Text=24 Omne animal, quod vel contritis, vel tusis, vel sectis ablatisque testiculis est, non offeretis Domino, et in terra vestra hoc omnino ne faciatis.
#Text=25 De manu alienigenæ non offeretis panes Deo vestro, et quidquid aliud dare voluerit, quia corrupta, et maculata sunt omnia : non suscipietis ea.
#Text=26 Locutusque est Dominus ad Moysen, dicens : 27 Bos, ovis et capra, cum genita fuerint, septem diebus erunt sub ubere matris suæ : die autem octavo, et deinceps, offerri poterunt Domino.
#Text=28 Sive illa bos, sive ovis, non immolabuntur una die cum fœtibus suis.
#Text=29 Si immolaveritis hostiam pro gratiarum actione Domino, ut possit esse placabilis, 30 eodem die comedetis eam : non remanebit quidquam in mane alterius diei.
4-1	927-930	Ego	
4-2	931-938	Dominus	
4-3	939-942	qui	
4-4	943-953	sanctifico	
4-5	954-957	eos	
4-6	957-958	.	
4-7	959-961	17	
4-8	962-972	Locutusque	
4-9	973-976	est	
4-10	977-984	Dominus	
4-11	985-987	ad	
4-12	988-994	Moysen	
4-13	994-995	,	
4-14	996-1002	dicens	
4-15	1003-1004	:	
4-16	1005-1007	18	
4-17	1008-1015	Loquere	
4-18	1016-1018	ad	
4-19	1019-1024	Aaron	
4-20	1025-1027	et	
4-21	1028-1034	filios	
4-22	1035-1039	ejus	
4-23	1039-1040	,	
4-24	1041-1043	et	
4-25	1044-1046	ad	
4-26	1047-1052	omnes	
4-27	1053-1059	filios	
4-28	1060-1066	Israël	
4-29	1066-1067	,	
4-30	1068-1076	dicesque	
4-31	1077-1079	ad	
4-32	1080-1083	eos	
4-33	1084-1085	:	
4-34	1086-1090	Homo	
4-35	1091-1093	de	
4-36	1094-1098	domo	
4-37	1099-1105	Israël	
4-38	1105-1106	,	
4-39	1107-1109	et	
4-40	1110-1112	de	
4-41	1113-1120	advenis	
4-42	1121-1124	qui	
4-43	1125-1133	habitant	
4-44	1134-1138	apud	
4-45	1139-1142	vos	
4-46	1142-1143	,	
4-47	1144-1147	qui	
4-48	1148-1157	obtulerit	
4-49	1158-1168	oblationem	
4-50	1169-1173	suam	
4-51	1173-1174	,	
4-52	1175-1178	vel	
4-53	1179-1183	vota	
4-54	1184-1191	solvens	
4-55	1191-1192	,	
4-56	1193-1196	vel	
4-57	1197-1203	sponte	
4-58	1204-1212	offerens	
4-59	1212-1213	,	
4-60	1214-1222	quidquid	
4-61	1223-1228	illud	
4-62	1229-1238	obtulerit	
4-63	1239-1241	in	
4-64	1242-1253	holocaustum	
4-65	1254-1260	Domini	
4-66	1260-1261	,	
4-67	1262-1264	19	
4-68	1265-1267	ut	
4-69	1268-1277	offeratur	
4-70	1278-1281	per	
4-71	1282-1285	vos	
4-72	1285-1286	,	
4-73	1287-1295	masculus	
4-74	1296-1307	immaculatus	
4-75	1308-1312	erit	
4-76	1313-1315	ex	
4-77	1316-1321	bobus	
4-78	1321-1322	,	
4-79	1323-1325	et	
4-80	1326-1332	ovibus	
4-81	1332-1333	,	
4-82	1334-1336	et	
4-83	1337-1339	ex	
4-84	1340-1346	capris	
4-85	1347-1348	:	
4-86	1349-1351	20	
4-87	1352-1354	si	
4-88	1355-1362	maculam	
4-89	1363-1371	habuerit	
4-90	1371-1372	,	
4-91	1373-1376	non	
4-92	1377-1386	offeretis	
4-93	1386-1387	,	
4-94	1388-1393	neque	
4-95	1394-1398	erit	
4-96	1399-1410	acceptabile	
4-97	1410-1411	.	
4-98	1412-1414	21	
4-99	1415-1419	Homo	
4-100	1420-1423	qui	
4-101	1424-1433	obtulerit	
4-102	1434-1442	victimam	
4-103	1443-1454	pacificorum	
4-104	1455-1461	Domino	
4-105	1461-1462	,	
4-106	1463-1466	vel	
4-107	1467-1471	vota	
4-108	1472-1479	solvens	
4-109	1479-1480	,	
4-110	1481-1484	vel	
4-111	1485-1491	sponte	
4-112	1492-1500	offerens	
4-113	1500-1501	,	
4-114	1502-1505	tam	
4-115	1506-1508	de	
4-116	1509-1514	bobus	
4-117	1515-1519	quam	
4-118	1520-1522	de	
4-119	1523-1529	ovibus	
4-120	1529-1530	,	
4-121	1531-1542	immaculatum	
4-122	1543-1550	offeret	
4-123	1551-1553	ut	
4-124	1554-1565	acceptabile	
4-125	1566-1569	sit	
4-126	1570-1571	:	
4-127	1572-1577	omnis	
4-128	1578-1584	macula	
4-129	1585-1588	non	
4-130	1589-1593	erit	
4-131	1594-1596	in	
4-132	1597-1599	eo	
4-133	1599-1600	.	
4-134	1601-1603	22	
4-135	1604-1606	Si	
4-136	1607-1612	cæcum	
4-137	1613-1619	fuerit	
4-138	1619-1620	,	
4-139	1621-1623	si	
4-140	1624-1631	fractum	
4-141	1631-1632	,	
4-142	1633-1635	si	
4-143	1636-1646	cicatricem	
4-144	1647-1653	habens	
4-145	1653-1654	,	
4-146	1655-1657	si	
4-147	1658-1665	papulas	
4-148	1665-1666	,	
4-149	1667-1670	aut	
4-150	1671-1678	scabiem	
4-151	1678-1679	,	
4-152	1680-1683	aut	
4-153	1684-1695	impetiginem	
4-154	1696-1697	:	
4-155	1698-1701	non	
4-156	1702-1711	offeretis	
4-157	1712-1714	ea	
4-158	1715-1721	Domino	
4-159	1721-1722	,	
4-160	1723-1726	nec	
4-161	1727-1737	adolebitis	
4-162	1738-1740	ex	
4-163	1741-1744	eis	
4-164	1745-1750	super	
4-165	1751-1757	altare	
4-166	1758-1764	Domini	
4-167	1764-1765	.	
4-168	1766-1768	23	
4-169	1769-1774	Bovem	
4-170	1775-1777	et	
4-171	1778-1782	ovem	
4-172	1782-1783	,	
4-173	1784-1788	aure	
4-174	1789-1791	et	
4-175	1792-1797	cauda	
4-176	1798-1807	amputatis	
4-177	1807-1808	,	
4-178	1809-1819	voluntarie	
4-179	1820-1827	offerre	
4-180	1828-1833	potes	
4-181	1833-1834	,	
4-182	1835-1840	votum	
4-183	1841-1846	autem	
4-184	1847-1849	ex	
4-185	1850-1853	eis	
4-186	1854-1859	solvi	
4-187	1860-1863	non	
4-188	1864-1870	potest	
4-189	1870-1871	.	
4-190	1872-1874	24	
4-191	1875-1879	Omne	
4-192	1880-1886	animal	
4-193	1886-1887	,	
4-194	1888-1892	quod	
4-195	1893-1896	vel	
4-196	1897-1906	contritis	
4-197	1906-1907	,	
4-198	1908-1911	vel	
4-199	1912-1917	tusis	
4-200	1917-1918	,	
4-201	1919-1922	vel	
4-202	1923-1929	sectis	
4-203	1930-1940	ablatisque	
4-204	1941-1951	testiculis	
4-205	1952-1955	est	
4-206	1955-1956	,	
4-207	1957-1960	non	
4-208	1961-1970	offeretis	
4-209	1971-1977	Domino	
4-210	1977-1978	,	
4-211	1979-1981	et	
4-212	1982-1984	in	
4-213	1985-1990	terra	
4-214	1991-1997	vestra	
4-215	1998-2001	hoc	
4-216	2002-2008	omnino	
4-217	2009-2011	ne	
4-218	2012-2020	faciatis	
4-219	2020-2021	.	
4-220	2022-2024	25	
4-221	2025-2027	De	
4-222	2028-2032	manu	
4-223	2033-2043	alienigenæ	
4-224	2044-2047	non	
4-225	2048-2057	offeretis	
4-226	2058-2063	panes	
4-227	2064-2067	Deo	
4-228	2068-2074	vestro	
4-229	2074-2075	,	
4-230	2076-2078	et	
4-231	2079-2087	quidquid	
4-232	2088-2093	aliud	
4-233	2094-2098	dare	
4-234	2099-2107	voluerit	
4-235	2107-2108	,	
4-236	2109-2113	quia	
4-237	2114-2122	corrupta	
4-238	2122-2123	,	
4-239	2124-2126	et	
4-240	2127-2135	maculata	
4-241	2136-2140	sunt	
4-242	2141-2146	omnia	
4-243	2147-2148	:	
4-244	2149-2152	non	
4-245	2153-2164	suscipietis	
4-246	2165-2167	ea	
4-247	2167-2168	.	
4-248	2169-2171	26	
4-249	2172-2182	Locutusque	
4-250	2183-2186	est	
4-251	2187-2194	Dominus	
4-252	2195-2197	ad	
4-253	2198-2204	Moysen	
4-254	2204-2205	,	
4-255	2206-2212	dicens	
4-256	2213-2214	:	
4-257	2215-2217	27	
4-258	2218-2221	Bos	
4-259	2221-2222	,	
4-260	2223-2227	ovis	
4-261	2228-2230	et	
4-262	2231-2236	capra	
4-263	2236-2237	,	
4-264	2238-2241	cum	
4-265	2242-2248	genita	
4-266	2249-2256	fuerint	
4-267	2256-2257	,	
4-268	2258-2264	septem	
4-269	2265-2271	diebus	
4-270	2272-2277	erunt	
4-271	2278-2281	sub	
4-272	2282-2287	ubere	
4-273	2288-2294	matris	
4-274	2295-2298	suæ	
4-275	2299-2300	:	
4-276	2301-2304	die	
4-277	2305-2310	autem	
4-278	2311-2317	octavo	
4-279	2317-2318	,	
4-280	2319-2321	et	
4-281	2322-2330	deinceps	
4-282	2330-2331	,	
4-283	2332-2339	offerri	
4-284	2340-2348	poterunt	
4-285	2349-2355	Domino	
4-286	2355-2356	.	
4-287	2357-2359	28	
4-288	2360-2364	Sive	
4-289	2365-2369	illa	
4-290	2370-2373	bos	
4-291	2373-2374	,	
4-292	2375-2379	sive	
4-293	2380-2384	ovis	
4-294	2384-2385	,	
4-295	2386-2389	non	
4-296	2390-2402	immolabuntur	
4-297	2403-2406	una	
4-298	2407-2410	die	
4-299	2411-2414	cum	
4-300	2415-2422	fœtibus	
4-301	2423-2427	suis	
4-302	2427-2428	.	
4-303	2429-2431	29	
4-304	2432-2434	Si	
4-305	2435-2448	immolaveritis	
4-306	2449-2456	hostiam	
4-307	2457-2460	pro	
4-308	2461-2470	gratiarum	
4-309	2471-2478	actione	
4-310	2479-2485	Domino	
4-311	2485-2486	,	
4-312	2487-2489	ut	
4-313	2490-2496	possit	
4-314	2497-2501	esse	
4-315	2502-2512	placabilis	
4-316	2512-2513	,	
4-317	2514-2516	30	
4-318	2517-2522	eodem	
4-319	2523-2526	die	
4-320	2527-2536	comedetis	
4-321	2537-2540	eam	
4-322	2541-2542	:	
4-323	2543-2546	non	
4-324	2547-2556	remanebit	
4-325	2557-2565	quidquam	
4-326	2566-2568	in	
4-327	2569-2573	mane	
4-328	2574-2582	alterius	
4-329	2583-2587	diei	
4-330	2587-2588	.	

#Text=Ego Dominus.
5-1	2589-2592	Ego	
5-2	2593-2600	Dominus	
5-3	2600-2601	.	
