#FORMAT=WebAnno TSV 3.3
#T_SP=custom.Span|label
#T_RL=custom.Relation|label|BT_custom.Span


#Text=Das zehende Capitel.
1-1	5-8	Das	_	_	_	
1-2	9-16	zehende	_	_	_	
1-3	17-24	Capitel	_	_	_	
1-4	24-25	.	_	_	_	

#Text=Vom Saſſafras.
2-1	28-31	Vom	_	_	_	
2-2	32-41	Saſſafras	_	_	_	
2-3	41-42	.	_	_	_	

#Text=DEr Saſſafras, Canela/ oder Pa-
#Text=vanaholtz iſt ein Baum, der gar
#Text=lieblich anzuſehen, und auf Florida
#Text=haͤuffig waͤchſt, maſſen daſelbſt gantze
#Text=Waͤlder anzutreffen.
3-1	45-48	DEr	_	_	_	
3-2	49-58	Saſſafras	_	_	_	
3-3	58-59	,	_	_	_	
3-4	60-66	Canela	_	_	_	
3-5	66-67	/	_	_	_	
3-6	68-72	oder	_	_	_	
3-7	73-75	Pa	_	_	_	
3-8	75-76	-	_	_	_	
3-9	77-86	vanaholtz	_	_	_	
3-10	87-90	iſt	_	_	_	
3-11	91-94	ein	_	_	_	
3-12	95-99	Baum	_	_	_	
3-13	99-100	,	_	_	_	
3-14	101-104	der	_	_	_	
3-15	105-108	gar	_	_	_	
3-16	109-117	lieblich	_	_	_	
3-17	118-127	anzuſehen	_	_	_	
3-18	127-128	,	_	_	_	
3-19	129-132	und	_	_	_	
3-20	133-136	auf	_	_	_	
3-21	137-144	Florida	_	_	_	
3-22	145-153	haͤuffig	_	_	_	
3-23	154-161	waͤchſt	_	_	_	
3-24	161-162	,	_	_	_	
3-25	163-169	maſſen	_	_	_	
3-26	170-178	daſelbſt	_	_	_	
3-27	179-185	gantze	_	_	_	
3-28	186-193	Waͤlder	_	_	_	
3-29	194-205	anzutreffen	_	_	_	
3-30	205-206	.	_	_	_	

#Text=Des Baumes Stamm iſt ſchnur ge-
#Text=rade, hat zu oͤberſt einen Hauffen Aeſte
#Text=
#Text=mit gruͤnen Blaͤttern beladen, die ſchier
#Text=wie Feigenblaͤtter ſehen;
#Text=dieſe werden
#Text=von den Einwohnern zerqvetſcht und
#Text=die Wunden damit geheilet.
4-1	210-213	Des	_	_	_	
4-2	214-220	Baumes	_	_	_	
4-3	221-226	Stamm	_	_	_	
4-4	227-230	iſt	_	_	_	
4-5	231-237	ſchnur	_	_	_	
4-6	238-240	ge	_	_	_	
4-7	240-241	-	_	_	_	
4-8	242-246	rade	_	_	_	
4-9	246-247	,	_	_	_	
4-10	248-251	hat	_	_	_	
4-11	252-254	zu	_	_	_	
4-12	255-262	oͤberſt	_	_	_	
4-13	263-268	einen	_	_	_	
4-14	269-276	Hauffen	_	_	_	
4-15	277-282	Aeſte	_	_	_	
4-16	284-287	mit	_	_	_	
4-17	288-295	gruͤnen	_	_	_	
4-18	296-305	Blaͤttern	_	_	_	
4-19	306-313	beladen	_	_	_	
4-20	313-314	,	_	_	_	
4-21	315-318	die	_	_	_	
4-22	319-325	ſchier	_	_	_	
4-23	326-329	wie	_	_	_	
4-24	330-344	Feigenblaͤtter	_	_	_	
4-25	345-350	ſehen	_	_	_	
4-26	350-351	;	_	_	_	
4-27	352-357	dieſe	_	_	_	
4-28	358-364	werden	_	_	_	
4-29	365-368	von	_	_	_	
4-30	369-372	den	_	_	_	
4-31	373-383	Einwohnern	_	_	_	
4-32	384-395	zerqvetſcht	_	_	_	
4-33	396-399	und	_	_	_	
4-34	400-403	die	_	_	_	
4-35	404-410	Wunden	_	_	_	
4-36	411-416	damit	_	_	_	
4-37	417-425	geheilet	_	_	_	
4-38	425-426	.	_	_	_	

#Text=Man erwehle den Saſſafras, dar-
#Text=an die dicke, roͤthlichte und rauhe Rinde
#Text=noch ſitzt, denn dieſe iſt der allerbeſte
#Text=Theil des Baumes, ſo wohl wegen des
#Text=ſcharffen Geſchmacks, als auch wegen
#Text=des ſcharffen aromatiſchen Geruchs,
#Text=der den Geruch des Baumes weit uͤber-
#Text=
#Text=trifft, ſonderlich, wenn er noch auf der
#Text=Wurtzel ſtehet.
5-1	430-433	Man	_	_	_	
5-2	434-441	erwehle	_	_	_	
5-3	442-445	den	_	_	_	
5-4	446-455	Saſſafras	_	_	_	
5-5	455-456	,	_	_	_	
5-6	457-460	dar	_	_	_	
5-7	460-461	-	_	_	_	
5-8	462-464	an	_	_	_	
5-9	465-468	die	_	_	_	
5-10	469-474	dicke	_	_	_	
5-11	474-475	,	_	_	_	
5-12	476-487	roͤthlichte	_	_	_	
5-13	488-491	und	_	_	_	
5-14	492-497	rauhe	_	_	_	
5-15	498-503	Rinde	Smell\_Source	_	_	
5-16	504-508	noch	_	_	_	
5-17	509-514	ſitzt	_	_	_	
5-18	514-515	,	_	_	_	
5-19	516-520	denn	_	_	_	
5-20	521-526	dieſe	_	_	_	
5-21	527-530	iſt	_	_	_	
5-22	531-534	der	_	_	_	
5-23	535-545	allerbeſte	_	_	_	
5-24	546-551	Theil	_	_	_	
5-25	552-555	des	_	_	_	
5-26	556-562	Baumes	_	_	_	
5-27	562-563	,	_	_	_	
5-28	564-566	ſo	_	_	_	
5-29	567-571	wohl	_	_	_	
5-30	572-577	wegen	_	_	_	
5-31	578-581	des	_	_	_	
5-32	582-591	ſcharffen	_	_	_	
5-33	592-602	Geſchmacks	_	_	_	
5-34	602-603	,	_	_	_	
5-35	604-607	als	_	_	_	
5-36	608-612	auch	_	_	_	
5-37	613-618	wegen	_	_	_	
5-38	619-622	des	_	_	_	
5-39	623-632	ſcharffen	Quality	_	_	
5-40	633-645	aromatiſchen	Quality	_	_	
5-41	646-653	Geruchs	Smell\_Word	*|*|*|*	5-40|5-39|5-43[1_0]|5-15	
5-42	653-654	,	_	_	_	
5-43	655-658	der	Quality[1]	_	_	
5-44	659-662	den	Quality[1]	_	_	
5-45	663-669	Geruch	Quality[1]|Smell\_Word[2]	*	5-46[3_2]	
5-46	670-673	des	Quality[1]|Smell\_Source[3]	_	_	
5-47	674-680	Baumes	Quality[1]|Smell\_Source[3]	_	_	
5-48	681-685	weit	Quality[1]	_	_	
5-49	686-691	uͤber	Quality[1]	_	_	
5-50	691-692	-	Quality[1]	_	_	
5-51	694-700	trifft	Quality[1]	_	_	
5-52	700-701	,	_	_	_	
5-53	702-712	ſonderlich	_	_	_	
5-54	712-713	,	_	_	_	
5-55	714-718	wenn	_	_	_	
5-56	719-721	er	_	_	_	
5-57	722-726	noch	_	_	_	
5-58	727-730	auf	_	_	_	
5-59	731-734	der	_	_	_	
5-60	735-742	Wurtzel	_	_	_	
5-61	743-749	ſtehet	_	_	_	
5-62	749-750	.	_	_	_	

#Text=Daher vermeinten
#Text=auch die Spanier, als ſie das erſte mahl
#Text=an der Jnſel Florida gelandet, es waͤ-
#Text=
#Text=ren Zimmtbaͤume, weil ſie den ſtarcken
#Text=lieblichen Geruch auf zwey Meil weges
#Text=empfunden;
#Text=als ſie aber ausgeſtiegen
#Text=und unter den Baͤumen ſtunden
#Text=, ſahen
#Text=ſie ſich zwar in ihrer Hoffnung betro-
#Text=gen/ iedoch, nachdem ſie dieſelben genau
#Text=examiniret und unterſuchet, urtheilten
#Text=ſie gar wohl, daß ſie nicht aller Kraft
#Text=entbloͤſet waͤren, brachten ſie deswegen
#Text=
#Text=mit nach Spanien, woſelbſt das Pfund
#Text=um 40.
6-1	751-756	Daher	_	_	_	
6-2	757-767	vermeinten	_	_	_	
6-3	768-772	auch	_	_	_	
6-4	773-776	die	Perceiver[4]	_	_	
6-5	777-784	Spanier	Perceiver[4]	_	_	
6-6	784-785	,	_	_	_	
6-7	786-789	als	Time[5]	_	_	
6-8	790-793	ſie	Time[5]	_	_	
6-9	794-797	das	Time[5]	_	_	
6-10	798-803	erſte	Time[5]	_	_	
6-11	804-808	mahl	Time[5]	_	_	
6-12	809-811	an	Time[5]	_	_	
6-13	812-815	der	Time[5]	_	_	
6-14	816-821	Jnſel	Time[5]	_	_	
6-15	822-829	Florida	Time[5]|Location[6]	_	_	
6-16	830-838	gelandet	Time[5]	_	_	
6-17	838-839	,	_	_	_	
6-18	840-842	es	Smell\_Source	Anaphoric	5-15	
6-19	843-846	waͤ	_	_	_	
6-20	846-847	-	_	_	_	
6-21	849-852	ren	_	_	_	
6-22	853-864	Zimmtbaͤume	Evoked\_Odorant	_	_	
6-23	864-865	,	_	_	_	
6-24	866-870	weil	_	_	_	
6-25	871-874	ſie	_	_	_	
6-26	875-878	den	_	_	_	
6-27	879-887	ſtarcken	Quality	_	_	
6-28	888-898	lieblichen	Quality	_	_	
6-29	899-905	Geruch	Smell\_Word	*|*|*|*|*|*|*|*	6-30[7_0]|6-28|6-27|6-22|6-15[6_0]|6-4[4_0]|6-7[5_0]|6-18	
6-30	906-909	auf	Location[7]	_	_	
6-31	910-914	zwey	Location[7]	_	_	
6-32	915-919	Meil	Location[7]	_	_	
6-33	920-925	weges	Location[7]	_	_	
6-34	926-935	empfunden	_	_	_	
6-35	935-936	;	_	_	_	
6-36	937-940	als	_	_	_	
6-37	941-944	ſie	_	_	_	
6-38	945-949	aber	_	_	_	
6-39	950-962	ausgeſtiegen	_	_	_	
6-40	963-966	und	_	_	_	
6-41	967-972	unter	_	_	_	
6-42	973-976	den	_	_	_	
6-43	977-984	Baͤumen	_	_	_	
6-44	985-992	ſtunden	_	_	_	
6-45	993-994	,	_	_	_	
6-46	995-1000	ſahen	_	_	_	
6-47	1001-1004	ſie	_	_	_	
6-48	1005-1009	ſich	_	_	_	
6-49	1010-1014	zwar	_	_	_	
6-50	1015-1017	in	_	_	_	
6-51	1018-1023	ihrer	_	_	_	
6-52	1024-1032	Hoffnung	_	_	_	
6-53	1033-1038	betro	_	_	_	
6-54	1038-1039	-	_	_	_	
6-55	1040-1043	gen	_	_	_	
6-56	1043-1044	/	_	_	_	
6-57	1045-1051	iedoch	_	_	_	
6-58	1051-1052	,	_	_	_	
6-59	1053-1060	nachdem	_	_	_	
6-60	1061-1064	ſie	_	_	_	
6-61	1065-1074	dieſelben	_	_	_	
6-62	1075-1080	genau	_	_	_	
6-63	1081-1091	examiniret	_	_	_	
6-64	1092-1095	und	_	_	_	
6-65	1096-1107	unterſuchet	_	_	_	
6-66	1107-1108	,	_	_	_	
6-67	1109-1119	urtheilten	_	_	_	
6-68	1120-1123	ſie	_	_	_	
6-69	1124-1127	gar	_	_	_	
6-70	1128-1132	wohl	_	_	_	
6-71	1132-1133	,	_	_	_	
6-72	1134-1137	daß	_	_	_	
6-73	1138-1141	ſie	_	_	_	
6-74	1142-1147	nicht	_	_	_	
6-75	1148-1153	aller	_	_	_	
6-76	1154-1159	Kraft	_	_	_	
6-77	1160-1170	entbloͤſet	_	_	_	
6-78	1171-1177	waͤren	_	_	_	
6-79	1177-1178	,	_	_	_	
6-80	1179-1187	brachten	_	_	_	
6-81	1188-1191	ſie	_	_	_	
6-82	1192-1200	deswegen	_	_	_	
6-83	1202-1205	mit	_	_	_	
6-84	1206-1210	nach	_	_	_	
6-85	1211-1218	Spanien	_	_	_	
6-86	1218-1219	,	_	_	_	
6-87	1220-1228	woſelbſt	_	_	_	
6-88	1229-1232	das	_	_	_	
6-89	1233-1238	Pfund	_	_	_	
6-90	1239-1241	um	_	_	_	
6-91	1242-1244	40	_	_	_	
6-92	1244-1245	.	_	_	_	

#Text=Francken verkaufft wurde, nach-
#Text=dem es gebraucht, und zur Neapolita-
#Text=niſchen Kranckheit ſo trefflich dienlich
#Text=befunden ward.
7-1	1246-1254	Francken	_	_	_	
7-2	1255-1264	verkaufft	_	_	_	
7-3	1265-1270	wurde	_	_	_	
7-4	1270-1271	,	_	_	_	
7-5	1272-1276	nach	_	_	_	
7-6	1276-1277	-	_	_	_	
7-7	1278-1281	dem	_	_	_	
7-8	1282-1284	es	_	_	_	
7-9	1285-1294	gebraucht	_	_	_	
7-10	1294-1295	,	_	_	_	
7-11	1296-1299	und	_	_	_	
7-12	1300-1303	zur	_	_	_	
7-13	1304-1313	Neapolita	_	_	_	
7-14	1313-1314	-	_	_	_	
7-15	1315-1322	niſchen	_	_	_	
7-16	1323-1333	Kranckheit	_	_	_	
7-17	1334-1336	ſo	_	_	_	
7-18	1337-1346	trefflich	_	_	_	
7-19	1347-1355	dienlich	_	_	_	
7-20	1356-1364	befunden	_	_	_	
7-21	1365-1369	ward	_	_	_	
7-22	1369-1370	.	_	_	_	

#Text=Dieſes veranlaſſete
#Text=die Spanier wieder nach Florida zu
#Text=kehren, von dannen ſie eine ſolche Men-
#Text=ge Saſſafras mit zu ruͤcke brachten,
#Text=daß er bald darauf ſehr wenig galt: wie
#Text=nun der Preiß gefallen, ſo verminderte
#Text=ſich auch der Gebrauch;
#Text=welches in
#Text=Franckreich nichts ſeltſames.
8-1	1371-1377	Dieſes	_	_	_	
8-2	1378-1390	veranlaſſete	_	_	_	
8-3	1391-1394	die	_	_	_	
8-4	1395-1402	Spanier	_	_	_	
8-5	1403-1409	wieder	_	_	_	
8-6	1410-1414	nach	_	_	_	
8-7	1415-1422	Florida	_	_	_	
8-8	1423-1425	zu	_	_	_	
8-9	1426-1432	kehren	_	_	_	
8-10	1432-1433	,	_	_	_	
8-11	1434-1437	von	_	_	_	
8-12	1438-1444	dannen	_	_	_	
8-13	1445-1448	ſie	_	_	_	
8-14	1449-1453	eine	_	_	_	
8-15	1454-1460	ſolche	_	_	_	
8-16	1461-1464	Men	_	_	_	
8-17	1464-1465	-	_	_	_	
8-18	1466-1468	ge	_	_	_	
8-19	1469-1478	Saſſafras	_	_	_	
8-20	1479-1482	mit	_	_	_	
8-21	1483-1485	zu	_	_	_	
8-22	1486-1492	ruͤcke	_	_	_	
8-23	1493-1501	brachten	_	_	_	
8-24	1501-1502	,	_	_	_	
8-25	1503-1506	daß	_	_	_	
8-26	1507-1509	er	_	_	_	
8-27	1510-1514	bald	_	_	_	
8-28	1515-1521	darauf	_	_	_	
8-29	1522-1526	ſehr	_	_	_	
8-30	1527-1532	wenig	_	_	_	
8-31	1533-1537	galt	_	_	_	
8-32	1537-1538	:	_	_	_	
8-33	1539-1542	wie	_	_	_	
8-34	1543-1546	nun	_	_	_	
8-35	1547-1550	der	_	_	_	
8-36	1551-1556	Preiß	_	_	_	
8-37	1557-1565	gefallen	_	_	_	
8-38	1565-1566	,	_	_	_	
8-39	1567-1569	ſo	_	_	_	
8-40	1570-1581	verminderte	_	_	_	
8-41	1582-1586	ſich	_	_	_	
8-42	1587-1591	auch	_	_	_	
8-43	1592-1595	der	_	_	_	
8-44	1596-1604	Gebrauch	_	_	_	
8-45	1604-1605	;	_	_	_	
8-46	1606-1613	welches	_	_	_	
8-47	1614-1616	in	_	_	_	
8-48	1617-1628	Franckreich	_	_	_	
8-49	1629-1635	nichts	_	_	_	
8-50	1636-1645	ſeltſames	_	_	_	
8-51	1645-1646	.	_	_	_	

#Text=Jhrer
9-1	1650-1655	Jhrer	_	_	_	
