#FORMAT=WebAnno TSV 3.3


#Text=207
#Text=aandoening van een ligchaam:
#Text=even als de Maan, die haar licht van de Zon niet zou
#Text=konnen erlangen, veel minder aan ons mededeelen, dan door middel van een
#Text=ligchaam.
1-1	3-6	207	
1-2	7-17	aandoening	
1-3	18-21	van	
1-4	22-25	een	
1-5	26-34	ligchaam	
1-6	34-35	:	
1-7	36-40	even	
1-8	41-44	als	
1-9	45-47	de	
1-10	48-52	Maan	
1-11	52-53	,	
1-12	54-57	die	
1-13	58-62	haar	
1-14	63-68	licht	
1-15	69-72	van	
1-16	73-75	de	
1-17	76-79	Zon	
1-18	80-84	niet	
1-19	85-88	zou	
1-20	89-95	konnen	
1-21	96-104	erlangen	
1-22	104-105	,	
1-23	106-110	veel	
1-24	111-117	minder	
1-25	118-121	aan	
1-26	122-125	ons	
1-27	126-136	mededeelen	
1-28	136-137	,	
1-29	138-141	dan	
1-30	142-146	door	
1-31	147-153	middel	
1-32	154-157	van	
1-33	158-161	een	
1-34	162-170	ligchaam	
1-35	170-171	.	

#Text=Zo is ook het Wit dat geen, waar uit de Koleuren zyn voortkomende, en
#Text=het ligchaam waar door zy aan ons kennelyk werden
2-1	172-174	Zo	
2-2	175-177	is	
2-3	178-181	ook	
2-4	182-185	het	
2-5	186-189	Wit	
2-6	190-193	dat	
2-7	194-198	geen	
2-8	198-199	,	
2-9	200-204	waar	
2-10	205-208	uit	
2-11	209-211	de	
2-12	212-220	Koleuren	
2-13	221-224	zyn	
2-14	225-237	voortkomende	
2-15	237-238	,	
2-16	239-241	en	
2-17	242-245	het	
2-18	246-254	ligchaam	
2-19	255-259	waar	
2-20	260-264	door	
2-21	265-267	zy	
2-22	268-271	aan	
2-23	272-275	ons	
2-24	276-284	kennelyk	
2-25	285-291	werden	

#Text=.
3-1	291-292	.	

#Text=+
#Text=
#Text=
#Text=De Koleuren
#Text=geeven, ten opzichte der Schilderkonst, het leeven aan alle dingen
4-1	294-295	+	
4-2	298-300	De	
4-3	301-309	Koleuren	
4-4	310-316	geeven	
4-5	316-317	,	
4-6	318-321	ten	
4-7	322-330	opzichte	
4-8	331-334	der	
4-9	335-348	Schilderkonst	
4-10	348-349	,	
4-11	350-353	het	
4-12	354-360	leeven	
4-13	361-364	aan	
4-14	365-369	alle	
4-15	370-376	dingen	

#Text=.
5-1	376-377	.	

#Text=+
#Text=
#Text=
#Text=Zonder deze zou het onmogelyk zyn het leven van de dood te onderscheiden,
#Text=Hunne kracht en werking.
6-1	379-380	+	
6-2	383-389	Zonder	
6-3	390-394	deze	
6-4	395-398	zou	
6-5	399-402	het	
6-6	403-412	onmogelyk	
6-7	413-416	zyn	
6-8	417-420	het	
6-9	421-426	leven	
6-10	427-430	van	
6-11	431-433	de	
6-12	434-438	dood	
6-13	439-441	te	
6-14	442-455	onderscheiden	
6-15	455-456	,	
6-16	457-462	Hunne	
6-17	463-469	kracht	
6-18	470-472	en	
6-19	473-480	werking	
6-20	480-481	.	

#Text=het hout van steen, de lucht van 't water, goud van zilver, ja het licht van de
#Text=duisternis.
7-1	483-486	het	
7-2	487-491	hout	
7-3	492-495	van	
7-4	496-501	steen	
7-5	501-502	,	
7-6	503-505	de	
7-7	506-511	lucht	
7-8	512-515	van	
7-9	516-517	'	
7-10	517-518	t	
7-11	519-524	water	
7-12	524-525	,	
7-13	526-530	goud	
7-14	531-534	van	
7-15	535-541	zilver	
7-16	541-542	,	
7-17	543-545	ja	
7-18	546-549	het	
7-19	550-555	licht	
7-20	556-559	van	
7-21	560-562	de	
7-22	563-573	duisternis	
7-23	573-574	.	

#Text=Zy zyn van byzonder groot vermoogen;
#Text=vereenigende door hunne
#Text=lieffelykheid;
#Text=scheidende door geweld met hardigheid.
8-1	575-577	Zy	
8-2	578-581	zyn	
8-3	582-585	van	
8-4	586-594	byzonder	
8-5	595-600	groot	
8-6	601-610	vermoogen	
8-7	610-611	;	
8-8	612-624	vereenigende	
8-9	625-629	door	
8-10	630-635	hunne	
8-11	636-649	lieffelykheid	
8-12	649-650	;	
8-13	651-661	scheidende	
8-14	662-666	door	
8-15	667-673	geweld	
8-16	674-677	met	
8-17	678-688	hardigheid	
8-18	688-689	.	

#Text=Zy doen de dingen in de
#Text=dunne lucht verdwynen, en andere met geweld uit de gronden te voorschyn komen
9-1	690-692	Zy	
9-2	693-697	doen	
9-3	698-700	de	
9-4	701-707	dingen	
9-5	708-710	in	
9-6	711-713	de	
9-7	714-719	dunne	
9-8	720-725	lucht	
9-9	726-735	verdwynen	
9-10	735-736	,	
9-11	737-739	en	
9-12	740-746	andere	
9-13	747-750	met	
9-14	751-757	geweld	
9-15	758-761	uit	
9-16	762-764	de	
9-17	765-772	gronden	
9-18	773-775	te	
9-19	776-785	voorschyn	
9-20	786-791	komen	

#Text=.
10-1	791-792	.	

#Text=+
#Text=
#Text=Hunne
#Text=vermenigvuldiging maakt de grootste bevalligheid, zo wel in de natuur
#Text=+
#Text=als schildery, maar voornaamentlyk zo in het laatste dezelve door een konstige
#Text=Hunne aangenaamheid.
11-1	794-795	+	
11-2	797-802	Hunne	
11-3	803-820	vermenigvuldiging	
11-4	821-826	maakt	
11-5	827-829	de	
11-6	830-838	grootste	
11-7	839-851	bevalligheid	
11-8	851-852	,	
11-9	853-855	zo	
11-10	856-859	wel	
11-11	860-862	in	
11-12	863-865	de	
11-13	866-872	natuur	
11-14	873-874	+	
11-15	875-878	als	
11-16	879-888	schildery	
11-17	888-889	,	
11-18	890-894	maar	
11-19	895-909	voornaamentlyk	
11-20	910-912	zo	
11-21	913-915	in	
11-22	916-919	het	
11-23	920-927	laatste	
11-24	928-935	dezelve	
11-25	936-940	door	
11-26	941-944	een	
11-27	945-953	konstige	
11-28	954-959	Hunne	
11-29	960-973	aangenaamheid	
11-30	973-974	.	

#Text=hand geschikt worden.
12-1	976-980	hand	
12-2	981-989	geschikt	
12-3	990-996	worden	
12-4	996-997	.	

#Text=Dan is 'er niets dat de zinnen meêr bevreedigt en betoovert,
#Text=als der zelver overeenstemming en verschillendheid.
13-1	998-1001	Dan	
13-2	1002-1004	is	
13-3	1005-1006	'	
13-4	1006-1008	er	
13-5	1009-1014	niets	
13-6	1015-1018	dat	
13-7	1019-1021	de	
13-8	1022-1028	zinnen	
13-9	1029-1033	meêr	
13-10	1034-1044	bevreedigt	
13-11	1045-1047	en	
13-12	1048-1057	betoovert	
13-13	1057-1058	,	
13-14	1059-1062	als	
13-15	1063-1066	der	
13-16	1067-1073	zelver	
13-17	1074-1089	overeenstemming	
13-18	1090-1092	en	
13-19	1093-1109	verschillendheid	
13-20	1109-1110	.	
