#FORMAT=WebAnno TSV 3.3


#Text=en derhalven, so daar iets in voorkomt dat so schijnt te luiden, een van beiden
#Text=onvermijdelik te denken staat; of dat het niet waar is, dat de Formulieren met Gods
#Text=heilig Woord in alles t'samenstemmen, of dat sy in sulke plaatsen in dien sin zijn te
#Text=verstaan, als Gods Woord daar self van spreekt.
1-1	3-5	en	
1-2	6-15	derhalven	
1-3	15-16	,	
1-4	17-19	so	
1-5	20-24	daar	
1-6	25-29	iets	
1-7	30-32	in	
1-8	33-41	voorkomt	
1-9	42-45	dat	
1-10	46-48	so	
1-11	49-56	schijnt	
1-12	57-59	te	
1-13	60-66	luiden	
1-14	66-67	,	
1-15	68-71	een	
1-16	72-75	van	
1-17	76-82	beiden	
1-18	83-96	onvermijdelik	
1-19	97-99	te	
1-20	100-106	denken	
1-21	107-112	staat	
1-22	112-113	;	
1-23	114-116	of	
1-24	117-120	dat	
1-25	121-124	het	
1-26	125-129	niet	
1-27	130-134	waar	
1-28	135-137	is	
1-29	137-138	,	
1-30	139-142	dat	
1-31	143-145	de	
1-32	146-157	Formulieren	
1-33	158-161	met	
1-34	162-166	Gods	
1-35	167-173	heilig	
1-36	174-179	Woord	
1-37	180-182	in	
1-38	183-188	alles	
1-39	189-203	t'samenstemmen	
1-40	203-204	,	
1-41	205-207	of	
1-42	208-211	dat	
1-43	212-214	sy	
1-44	215-217	in	
1-45	218-223	sulke	
1-46	224-232	plaatsen	
1-47	233-235	in	
1-48	236-240	dien	
1-49	241-244	sin	
1-50	245-249	zijn	
1-51	250-252	te	
1-52	253-261	verstaan	
1-53	261-262	,	
1-54	263-266	als	
1-55	267-271	Gods	
1-56	272-277	Woord	
1-57	278-282	daar	
1-58	283-287	self	
1-59	288-291	van	
1-60	292-299	spreekt	
1-61	299-300	.	

#Text=En dit laatste is nu 't gene ik
#Text=hier
#Text=
#Text=kortelik
#Text=beweeren wil:
#Text=om so de gereformeerde Kerke, die men houd na Gods Woord
#Text=gereformeerd, dat is hervormd te zijn:
#Text=wanneer sy ergens af in hare Formulieren
#Text=spreekt, niet anders te verstaan, dan in alsulken sin als Gods Woord daar afgesproken
#Text=word.
2-1	301-303	En	
2-2	304-307	dit	
2-3	308-315	laatste	
2-4	316-318	is	
2-5	319-321	nu	
2-6	322-323	'	
2-7	323-324	t	
2-8	325-329	gene	
2-9	330-332	ik	
2-10	333-337	hier	
2-11	339-347	kortelik	
2-12	348-356	beweeren	
2-13	357-360	wil	
2-14	360-361	:	
2-15	362-364	om	
2-16	365-367	so	
2-17	368-370	de	
2-18	371-384	gereformeerde	
2-19	385-390	Kerke	
2-20	390-391	,	
2-21	392-395	die	
2-22	396-399	men	
2-23	400-404	houd	
2-24	405-407	na	
2-25	408-412	Gods	
2-26	413-418	Woord	
2-27	419-431	gereformeerd	
2-28	431-432	,	
2-29	433-436	dat	
2-30	437-439	is	
2-31	440-448	hervormd	
2-32	449-451	te	
2-33	452-456	zijn	
2-34	456-457	:	
2-35	458-465	wanneer	
2-36	466-468	sy	
2-37	469-475	ergens	
2-38	476-478	af	
2-39	479-481	in	
2-40	482-486	hare	
2-41	487-498	Formulieren	
2-42	499-506	spreekt	
2-43	506-507	,	
2-44	508-512	niet	
2-45	513-519	anders	
2-46	520-522	te	
2-47	523-531	verstaan	
2-48	531-532	,	
2-49	533-536	dan	
2-50	537-539	in	
2-51	540-548	alsulken	
2-52	549-552	sin	
2-53	553-556	als	
2-54	557-561	Gods	
2-55	562-567	Woord	
2-56	568-572	daar	
2-57	573-584	afgesproken	
2-58	585-589	word	
2-59	589-590	.	

#Text=Ook staat ons immers te besorgen, dat wy de Formulieren niet het eene tegen
#Text='t ander, noch enig van deselven tegen haar self doen spreken; en daarom alle
#Text=strijdigheden, die daar souden mogen schijnen in de woorden, soeken wech te nemen
3-1	591-594	Ook	
3-2	595-600	staat	
3-3	601-604	ons	
3-4	605-611	immers	
3-5	612-614	te	
3-6	615-623	besorgen	
3-7	623-624	,	
3-8	625-628	dat	
3-9	629-631	wy	
3-10	632-634	de	
3-11	635-646	Formulieren	
3-12	647-651	niet	
3-13	652-655	het	
3-14	656-660	eene	
3-15	661-666	tegen	
3-16	667-668	'	
3-17	668-669	t	
3-18	670-675	ander	
3-19	675-676	,	
3-20	677-681	noch	
3-21	682-686	enig	
3-22	687-690	van	
3-23	691-699	deselven	
3-24	700-705	tegen	
3-25	706-710	haar	
3-26	711-715	self	
3-27	716-720	doen	
3-28	721-728	spreken	
3-29	728-729	;	
3-30	730-732	en	
3-31	733-739	daarom	
3-32	740-744	alle	
3-33	745-758	strijdigheden	
3-34	758-759	,	
3-35	760-763	die	
3-36	764-768	daar	
3-37	769-775	souden	
3-38	776-781	mogen	
3-39	782-790	schijnen	
3-40	791-793	in	
3-41	794-796	de	
3-42	797-804	woorden	
3-43	804-805	,	
3-44	806-812	soeken	
3-45	813-817	wech	
3-46	818-820	te	
3-47	821-826	nemen	

#Text=.
4-1	826-827	.	

#Text=§.
#Text=12.
5-1	829-830	§	
5-2	830-831	.	
5-3	832-834	12	
5-4	834-835	.	

#Text=Nu valt my dit gemakkeliker aan te wijsen, door dien vooreerst
#Text=
#Text=Balthasar Bekker, De betoverde wereld
#Text=
#Text=\f157
#Text=noch Catechismus, noch Belijdenisse, noch Formulieren van bedieninge of van
#Text=bevestiginge, nog een van alle die Gebeden 't allerminste woord vermelden van dat
#Text=Duivels vloekverbont der Toveraars; noch van de werken die deselve souden doen
#Text=door sijne kragt, 't zy in de lucht, in 't water of op 't land, aan mensch of vee, in weer
#Text=of wind;
#Text=nog ook van 't allerminste dat de menschen door den Duivel souden konnen
#Text=weten of voorseggen; noch van Besetenen, die vreemde talen en verborgentheden
#Text=spreken; noch ook van Spokery of diergelijke.
6-1	836-838	Nu	
6-2	839-843	valt	
6-3	844-846	my	
6-4	847-850	dit	
6-5	851-863	gemakkeliker	
6-6	864-867	aan	
6-7	868-870	te	
6-8	871-877	wijsen	
6-9	877-878	,	
6-10	879-883	door	
6-11	884-888	dien	
6-12	889-898	vooreerst	
6-13	900-909	Balthasar	
6-14	910-916	Bekker	
6-15	916-917	,	
6-16	918-920	De	
6-17	921-930	betoverde	
6-18	931-937	wereld	
6-19	940-943	157	
6-20	944-948	noch	
6-21	949-960	Catechismus	
6-22	960-961	,	
6-23	962-966	noch	
6-24	967-979	Belijdenisse	
6-25	979-980	,	
6-26	981-985	noch	
6-27	986-997	Formulieren	
6-28	998-1001	van	
6-29	1002-1012	bedieninge	
6-30	1013-1015	of	
6-31	1016-1019	van	
6-32	1020-1032	bevestiginge	
6-33	1032-1033	,	
6-34	1034-1037	nog	
6-35	1038-1041	een	
6-36	1042-1045	van	
6-37	1046-1050	alle	
6-38	1051-1054	die	
6-39	1055-1062	Gebeden	
6-40	1063-1064	'	
6-41	1064-1065	t	
6-42	1066-1077	allerminste	
6-43	1078-1083	woord	
6-44	1084-1093	vermelden	
6-45	1094-1097	van	
6-46	1098-1101	dat	
6-47	1102-1109	Duivels	
6-48	1110-1122	vloekverbont	
6-49	1123-1126	der	
6-50	1127-1136	Toveraars	
6-51	1136-1137	;	
6-52	1138-1142	noch	
6-53	1143-1146	van	
6-54	1147-1149	de	
6-55	1150-1156	werken	
6-56	1157-1160	die	
6-57	1161-1168	deselve	
6-58	1169-1175	souden	
6-59	1176-1180	doen	
6-60	1181-1185	door	
6-61	1186-1191	sijne	
6-62	1192-1197	kragt	
6-63	1197-1198	,	
6-64	1199-1200	'	
6-65	1200-1201	t	
6-66	1202-1204	zy	
6-67	1205-1207	in	
6-68	1208-1210	de	
6-69	1211-1216	lucht	
6-70	1216-1217	,	
6-71	1218-1220	in	
6-72	1221-1222	'	
6-73	1222-1223	t	
6-74	1224-1229	water	
6-75	1230-1232	of	
6-76	1233-1235	op	
6-77	1236-1237	'	
6-78	1237-1238	t	
6-79	1239-1243	land	
6-80	1243-1244	,	
6-81	1245-1248	aan	
6-82	1249-1255	mensch	
6-83	1256-1258	of	
6-84	1259-1262	vee	
6-85	1262-1263	,	
6-86	1264-1266	in	
6-87	1267-1271	weer	
6-88	1272-1274	of	
6-89	1275-1279	wind	
6-90	1279-1280	;	
6-91	1281-1284	nog	
6-92	1285-1288	ook	
6-93	1289-1292	van	
6-94	1293-1294	'	
6-95	1294-1295	t	
6-96	1296-1307	allerminste	
6-97	1308-1311	dat	
6-98	1312-1314	de	
6-99	1315-1323	menschen	
6-100	1324-1328	door	
6-101	1329-1332	den	
6-102	1333-1339	Duivel	
6-103	1340-1346	souden	
6-104	1347-1353	konnen	
6-105	1354-1359	weten	
6-106	1360-1362	of	
6-107	1363-1373	voorseggen	
6-108	1373-1374	;	
6-109	1375-1379	noch	
6-110	1380-1383	van	
6-111	1384-1393	Besetenen	
6-112	1393-1394	,	
6-113	1395-1398	die	
6-114	1399-1406	vreemde	
6-115	1407-1412	talen	
6-116	1413-1415	en	
6-117	1416-1431	verborgentheden	
6-118	1432-1439	spreken	
6-119	1439-1440	;	
6-120	1441-1445	noch	
6-121	1446-1449	ook	
6-122	1450-1453	van	
6-123	1454-1461	Spokery	
6-124	1462-1464	of	
6-125	1465-1476	diergelijke	
6-126	1476-1477	.	

#Text=Niets in het alderminste is in die
#Text=voorschreven Formulieren van alsulke saken te verneemen;
#Text=so enen iegeliken die
#Text=deselve leest geblijken moet.
7-1	1478-1483	Niets	
7-2	1484-1486	in	
7-3	1487-1490	het	
7-4	1491-1502	alderminste	
7-5	1503-1505	is	
7-6	1506-1508	in	
7-7	1509-1512	die	
7-8	1513-1525	voorschreven	
7-9	1526-1537	Formulieren	
7-10	1538-1541	van	
7-11	1542-1549	alsulke	
7-12	1550-1555	saken	
7-13	1556-1558	te	
7-14	1559-1568	verneemen	
7-15	1568-1569	;	
7-16	1570-1572	so	
7-17	1573-1577	enen	
7-18	1578-1587	iegeliken	
7-19	1588-1591	die	
7-20	1592-1599	deselve	
7-21	1600-1605	leest	
7-22	1606-1615	geblijken	
7-23	1616-1620	moet	
7-24	1620-1621	.	

#Text=En wat belangt de Synodus van Dort, die is met dit
#Text=geschil niet eens gemoeid geweest: en zijn de Regelen, waar aan beneffens de
#Text=voorseide Formulieren, sig onse Predikanten, Professoren, Proponenten door
#Text=handtekening verbonden hebben, van geheel andere inhoud, ende raken dit geschil
#Text=in 't minste niet
8-1	1622-1624	En	
8-2	1625-1628	wat	
8-3	1629-1636	belangt	
8-4	1637-1639	de	
8-5	1640-1647	Synodus	
8-6	1648-1651	van	
8-7	1652-1656	Dort	
8-8	1656-1657	,	
8-9	1658-1661	die	
8-10	1662-1664	is	
8-11	1665-1668	met	
8-12	1669-1672	dit	
8-13	1673-1680	geschil	
8-14	1681-1685	niet	
8-15	1686-1690	eens	
8-16	1691-1698	gemoeid	
8-17	1699-1706	geweest	
8-18	1706-1707	:	
8-19	1708-1710	en	
8-20	1711-1715	zijn	
8-21	1716-1718	de	
8-22	1719-1726	Regelen	
8-23	1726-1727	,	
8-24	1728-1732	waar	
8-25	1733-1736	aan	
8-26	1737-1746	beneffens	
8-27	1747-1749	de	
8-28	1750-1759	voorseide	
8-29	1760-1771	Formulieren	
8-30	1771-1772	,	
8-31	1773-1776	sig	
8-32	1777-1781	onse	
8-33	1782-1793	Predikanten	
8-34	1793-1794	,	
8-35	1795-1806	Professoren	
8-36	1806-1807	,	
8-37	1808-1819	Proponenten	
8-38	1820-1824	door	
8-39	1825-1837	handtekening	
8-40	1838-1847	verbonden	
8-41	1848-1854	hebben	
8-42	1854-1855	,	
8-43	1856-1859	van	
8-44	1860-1866	geheel	
8-45	1867-1873	andere	
8-46	1874-1880	inhoud	
8-47	1880-1881	,	
8-48	1882-1886	ende	
8-49	1887-1892	raken	
8-50	1893-1896	dit	
8-51	1897-1904	geschil	
8-52	1905-1907	in	
8-53	1908-1909	'	
8-54	1909-1910	t	
8-55	1911-1917	minste	
8-56	1918-1922	niet	

#Text=.
9-1	1922-1923	.	

#Text=§.
#Text=13.
10-1	1925-1926	§	
10-2	1926-1927	.	
10-3	1928-1930	13	
10-4	1930-1931	.	

#Text=En om te tonen dat ik 't allerminste niet wil overslaan, so heb ik mijnen
#Text=
#Text=Leser te gevalle opgesocht en opgeschreven alle woorden, die ik vinde in de
#Text=Formulieren; so wel der gene die wy niet als die wy ondertekend hebben;
#Text=op dat hy
#Text=sien magh, wat deselve van den Duivel seggen, en al 't gene dat de Tovery betreft.
11-1	1932-1934	En	
11-2	1935-1937	om	
11-3	1938-1940	te	
11-4	1941-1946	tonen	
11-5	1947-1950	dat	
11-6	1951-1953	ik	
11-7	1954-1955	'	
11-8	1955-1956	t	
11-9	1957-1968	allerminste	
11-10	1969-1973	niet	
11-11	1974-1977	wil	
11-12	1978-1987	overslaan	
11-13	1987-1988	,	
11-14	1989-1991	so	
11-15	1992-1995	heb	
11-16	1996-1998	ik	
11-17	1999-2005	mijnen	
11-18	2007-2012	Leser	
11-19	2013-2015	te	
11-20	2016-2023	gevalle	
11-21	2024-2033	opgesocht	
11-22	2034-2036	en	
11-23	2037-2049	opgeschreven	
11-24	2050-2054	alle	
11-25	2055-2062	woorden	
11-26	2062-2063	,	
11-27	2064-2067	die	
11-28	2068-2070	ik	
11-29	2071-2076	vinde	
11-30	2077-2079	in	
11-31	2080-2082	de	
11-32	2083-2094	Formulieren	
11-33	2094-2095	;	
11-34	2096-2098	so	
11-35	2099-2102	wel	
11-36	2103-2106	der	
11-37	2107-2111	gene	
11-38	2112-2115	die	
11-39	2116-2118	wy	
11-40	2119-2123	niet	
11-41	2124-2127	als	
11-42	2128-2131	die	
11-43	2132-2134	wy	
11-44	2135-2146	ondertekend	
11-45	2147-2153	hebben	
11-46	2153-2154	;	
11-47	2155-2157	op	
11-48	2158-2161	dat	
11-49	2162-2164	hy	
11-50	2165-2169	sien	
11-51	2170-2174	magh	
11-52	2174-2175	,	
11-53	2176-2179	wat	
11-54	2180-2187	deselve	
11-55	2188-2191	van	
11-56	2192-2195	den	
11-57	2196-2202	Duivel	
11-58	2203-2209	seggen	
11-59	2209-2210	,	
11-60	2211-2213	en	
11-61	2214-2216	al	
11-62	2217-2218	'	
11-63	2218-2219	t	
11-64	2220-2224	gene	
11-65	2225-2228	dat	
11-66	2229-2231	de	
11-67	2232-2238	Tovery	
11-68	2239-2246	betreft	
11-69	2246-2247	.	
