#FORMAT=WebAnno TSV 3.3


#Text=21 Igitur Antiochus mille et octingentis ablatis de templo talentis, velociter Antiochiam regressus est, existimans se præ superbia terram ad navigandum, pelagus vero ad iter agendum deducturum propter mentis elationem.
#Text=22 Reliquit autem et præpositos ad affligendam gentem : Jerosolymis quidem Philippum genere Phrygem, moribus crudeliorem eo ipso a quo constitutus est : 23 in Garizim autem Andronicum et Menelaum, qui gravius quam ceteri imminebant civibus.
#Text=24 Cumque appositus esset contra Judæos, misit odiosum principem Apollonium cum exercitu viginti et duobus millibus, præcipiens ei omnes perfectæ ætatis interficere, mulieres ac juvenes vendere.
#Text=25 Qui cum venisset Jerosolymam, pacem simulans, quievit usque ad diem sanctum sabbati : et tunc feriatis Judæis arma capere suis præcepit.
#Text=26 Omnesque qui ad spectaculum processerant, trucidavit : et civitatem cum armatis discurrens, ingentem multitudinem peremit.
#Text=27 Judas autem Machabæus, qui decimus fuerat, secesserat in desertum locum, ibique inter feras vitam in montibus cum suis agebat : et fœni cibo vescentes, demorabantur, ne participes essent coinquinationis.
1-1	2-4	21	
1-2	5-11	Igitur	
1-3	12-21	Antiochus	
1-4	22-27	mille	
1-5	28-30	et	
1-6	31-42	octingentis	
1-7	43-50	ablatis	
1-8	51-53	de	
1-9	54-60	templo	
1-10	61-69	talentis	
1-11	69-70	,	
1-12	71-80	velociter	
1-13	81-91	Antiochiam	
1-14	92-101	regressus	
1-15	102-105	est	
1-16	105-106	,	
1-17	107-117	existimans	
1-18	118-120	se	
1-19	121-124	præ	
1-20	125-133	superbia	
1-21	134-140	terram	
1-22	141-143	ad	
1-23	144-154	navigandum	
1-24	154-155	,	
1-25	156-163	pelagus	
1-26	164-168	vero	
1-27	169-171	ad	
1-28	172-176	iter	
1-29	177-184	agendum	
1-30	185-195	deducturum	
1-31	196-203	propter	
1-32	204-210	mentis	
1-33	211-220	elationem	
1-34	220-221	.	
1-35	222-224	22	
1-36	225-233	Reliquit	
1-37	234-239	autem	
1-38	240-242	et	
1-39	243-253	præpositos	
1-40	254-256	ad	
1-41	257-268	affligendam	
1-42	269-275	gentem	
1-43	276-277	:	
1-44	278-289	Jerosolymis	
1-45	290-296	quidem	
1-46	297-306	Philippum	
1-47	307-313	genere	
1-48	314-321	Phrygem	
1-49	321-322	,	
1-50	323-330	moribus	
1-51	331-342	crudeliorem	
1-52	343-345	eo	
1-53	346-350	ipso	
1-54	351-352	a	
1-55	353-356	quo	
1-56	357-368	constitutus	
1-57	369-372	est	
1-58	373-374	:	
1-59	375-377	23	
1-60	378-380	in	
1-61	381-388	Garizim	
1-62	389-394	autem	
1-63	395-405	Andronicum	
1-64	406-408	et	
1-65	409-417	Menelaum	
1-66	417-418	,	
1-67	419-422	qui	
1-68	423-430	gravius	
1-69	431-435	quam	
1-70	436-442	ceteri	
1-71	443-453	imminebant	
1-72	454-461	civibus	
1-73	461-462	.	
1-74	463-465	24	
1-75	466-472	Cumque	
1-76	473-482	appositus	
1-77	483-488	esset	
1-78	489-495	contra	
1-79	496-502	Judæos	
1-80	502-503	,	
1-81	504-509	misit	
1-82	510-517	odiosum	
1-83	518-527	principem	
1-84	528-538	Apollonium	
1-85	539-542	cum	
1-86	543-551	exercitu	
1-87	552-559	viginti	
1-88	560-562	et	
1-89	563-569	duobus	
1-90	570-578	millibus	
1-91	578-579	,	
1-92	580-590	præcipiens	
1-93	591-593	ei	
1-94	594-599	omnes	
1-95	600-608	perfectæ	
1-96	609-615	ætatis	
1-97	616-627	interficere	
1-98	627-628	,	
1-99	629-637	mulieres	
1-100	638-640	ac	
1-101	641-648	juvenes	
1-102	649-656	vendere	
1-103	656-657	.	
1-104	658-660	25	
1-105	661-664	Qui	
1-106	665-668	cum	
1-107	669-677	venisset	
1-108	678-689	Jerosolymam	
1-109	689-690	,	
1-110	691-696	pacem	
1-111	697-705	simulans	
1-112	705-706	,	
1-113	707-714	quievit	
1-114	715-720	usque	
1-115	721-723	ad	
1-116	724-728	diem	
1-117	729-736	sanctum	
1-118	737-744	sabbati	
1-119	745-746	:	
1-120	747-749	et	
1-121	750-754	tunc	
1-122	755-763	feriatis	
1-123	764-770	Judæis	
1-124	771-775	arma	
1-125	776-782	capere	
1-126	783-787	suis	
1-127	788-796	præcepit	
1-128	796-797	.	
1-129	798-800	26	
1-130	801-809	Omnesque	
1-131	810-813	qui	
1-132	814-816	ad	
1-133	817-828	spectaculum	
1-134	829-841	processerant	
1-135	841-842	,	
1-136	843-853	trucidavit	
1-137	854-855	:	
1-138	856-858	et	
1-139	859-868	civitatem	
1-140	869-872	cum	
1-141	873-880	armatis	
1-142	881-891	discurrens	
1-143	891-892	,	
1-144	893-901	ingentem	
1-145	902-914	multitudinem	
1-146	915-922	peremit	
1-147	922-923	.	
1-148	924-926	27	
1-149	927-932	Judas	
1-150	933-938	autem	
1-151	939-948	Machabæus	
1-152	948-949	,	
1-153	950-953	qui	
1-154	954-961	decimus	
1-155	962-968	fuerat	
1-156	968-969	,	
1-157	970-980	secesserat	
1-158	981-983	in	
1-159	984-992	desertum	
1-160	993-998	locum	
1-161	998-999	,	
1-162	1000-1006	ibique	
1-163	1007-1012	inter	
1-164	1013-1018	feras	
1-165	1019-1024	vitam	
1-166	1025-1027	in	
1-167	1028-1036	montibus	
1-168	1037-1040	cum	
1-169	1041-1045	suis	
1-170	1046-1052	agebat	
1-171	1053-1054	:	
1-172	1055-1057	et	
1-173	1058-1062	fœni	
1-174	1063-1067	cibo	
1-175	1068-1077	vescentes	
1-176	1077-1078	,	
1-177	1079-1091	demorabantur	
1-178	1091-1092	,	
1-179	1093-1095	ne	
1-180	1096-1106	participes	
1-181	1107-1113	essent	
1-182	1114-1129	coinquinationis	
1-183	1129-1130	.	

#Text=Caput 6
#Text=
#Text=
#Text=1 Sed non post multum temporis, misit rex senem quemdam Antiochenum, qui compelleret Judæos ut se transferrent a patriis et Dei legibus : 2 contaminare etiam quod in Jerosolymis erat templum, et cognominare Jovis Olympii : et in Garizim, prout erant hi qui locum inhabitabant, Jovis hospitalis.
#Text=3 Pessima autem et universis gravis erat malorum incursio : 4 nam templum luxuria et comessationibus gentium erat plenum, et scortantium cum meretricibus : sacratisque ædibus mulieres se ultro ingerebant, intro ferentes ea quæ non licebat.
#Text=5 Altare etiam plenum erat illicitis, quæ legibus prohibebantur.
#Text=6 Neque autem sabbata custodiebantur, neque dies solemnes patrii servabantur, nec simpliciter Judæum se esse quisquam confitebatur.
#Text=7 Ducebantur autem cum amara necessitate in die natalis regis ad sacrificia : et cum Liberi sacra celebrarentur, cogebantur hedera coronati Libero circuire.
#Text=8 Decretum autem exiit in proximas gentilium civitates, suggerentibus Ptolemæis, ut pari modo et ipsi adversus Judæos agerent, ut sacrificarent : 9 eos autem qui nollent transire ad instituta gentium, interficerent : erat ergo videre miseriam.
#Text=10 Duæ enim mulieres delatæ sunt natos suos circumcidisse : quas, infantibus ad ubera suspensis, cum publice per civitatem circumduxissent, per muros præcipitaverunt.
#Text=11 Alii vero, ad proximas coëuntes speluncas, et latenter sabbati diem celebrantes, cum indicati essent Philippo, flammis succensi sunt, eo quod verebantur propter religionem et observantiam manu sibimet auxilium ferre.
#Text=12 Obsecro autem eos qui hunc librum lecturi sunt, ne abhorrescant propter adversos casus : sed reputent ea quæ acciderunt, non ad interitum, sed ad correptionem esse generis nostri.
#Text=13 Etenim multo tempore non sinere peccatoribus ex sententia agere, sed statim ultiones adhibere, magni beneficii est indicium.
#Text=14 Non enim, sicut in aliis nationibus, Dominus patienter exspectat, ut eas cum judicii dies advenerit, in plenitudine peccatorum puniat : 15 ita et in nobis statuit ut, peccatis nostris in finem devolutis, ita demum in nos vindicet.
#Text=16 Propter quod numquam quidem a nobis misericordiam suam amovet : corripiens vero in adversis, populum suum non dereliquit.
#Text=17 Sed hæc nobis ad commonitionem legentium dicta sint paucis.
2-1	1131-1136	Caput	
2-2	1137-1138	6	
2-3	1141-1142	1	
2-4	1143-1146	Sed	
2-5	1147-1150	non	
2-6	1151-1155	post	
2-7	1156-1162	multum	
2-8	1163-1171	temporis	
2-9	1171-1172	,	
2-10	1173-1178	misit	
2-11	1179-1182	rex	
2-12	1183-1188	senem	
2-13	1189-1196	quemdam	
2-14	1197-1208	Antiochenum	
2-15	1208-1209	,	
2-16	1210-1213	qui	
2-17	1214-1225	compelleret	
2-18	1226-1232	Judæos	
2-19	1233-1235	ut	
2-20	1236-1238	se	
2-21	1239-1251	transferrent	
2-22	1252-1253	a	
2-23	1254-1261	patriis	
2-24	1262-1264	et	
2-25	1265-1268	Dei	
2-26	1269-1276	legibus	
2-27	1277-1278	:	
2-28	1279-1280	2	
2-29	1281-1292	contaminare	
2-30	1293-1298	etiam	
2-31	1299-1303	quod	
2-32	1304-1306	in	
2-33	1307-1318	Jerosolymis	
2-34	1319-1323	erat	
2-35	1324-1331	templum	
2-36	1331-1332	,	
2-37	1333-1335	et	
2-38	1336-1347	cognominare	
2-39	1348-1353	Jovis	
2-40	1354-1361	Olympii	
2-41	1362-1363	:	
2-42	1364-1366	et	
2-43	1367-1369	in	
2-44	1370-1377	Garizim	
2-45	1377-1378	,	
2-46	1379-1384	prout	
2-47	1385-1390	erant	
2-48	1391-1393	hi	
2-49	1394-1397	qui	
2-50	1398-1403	locum	
2-51	1404-1416	inhabitabant	
2-52	1416-1417	,	
2-53	1418-1423	Jovis	
2-54	1424-1434	hospitalis	
2-55	1434-1435	.	
2-56	1436-1437	3	
2-57	1438-1445	Pessima	
2-58	1446-1451	autem	
2-59	1452-1454	et	
2-60	1455-1464	universis	
2-61	1465-1471	gravis	
2-62	1472-1476	erat	
2-63	1477-1484	malorum	
2-64	1485-1493	incursio	
2-65	1494-1495	:	
2-66	1496-1497	4	
2-67	1498-1501	nam	
2-68	1502-1509	templum	
2-69	1510-1517	luxuria	
2-70	1518-1520	et	
2-71	1521-1536	comessationibus	
2-72	1537-1544	gentium	
2-73	1545-1549	erat	
2-74	1550-1556	plenum	
2-75	1556-1557	,	
2-76	1558-1560	et	
2-77	1561-1572	scortantium	
2-78	1573-1576	cum	
2-79	1577-1589	meretricibus	
2-80	1590-1591	:	
2-81	1592-1603	sacratisque	
2-82	1604-1610	ædibus	
2-83	1611-1619	mulieres	
2-84	1620-1622	se	
2-85	1623-1628	ultro	
2-86	1629-1639	ingerebant	
2-87	1639-1640	,	
2-88	1641-1646	intro	
2-89	1647-1655	ferentes	
2-90	1656-1658	ea	
2-91	1659-1662	quæ	
2-92	1663-1666	non	
2-93	1667-1674	licebat	
2-94	1674-1675	.	
2-95	1676-1677	5	
2-96	1678-1684	Altare	
2-97	1685-1690	etiam	
2-98	1691-1697	plenum	
2-99	1698-1702	erat	
2-100	1703-1712	illicitis	
2-101	1712-1713	,	
2-102	1714-1717	quæ	
2-103	1718-1725	legibus	
2-104	1726-1739	prohibebantur	
2-105	1739-1740	.	
2-106	1741-1742	6	
2-107	1743-1748	Neque	
2-108	1749-1754	autem	
2-109	1755-1762	sabbata	
2-110	1763-1777	custodiebantur	
2-111	1777-1778	,	
2-112	1779-1784	neque	
2-113	1785-1789	dies	
2-114	1790-1798	solemnes	
2-115	1799-1805	patrii	
2-116	1806-1817	servabantur	
2-117	1817-1818	,	
2-118	1819-1822	nec	
2-119	1823-1834	simpliciter	
2-120	1835-1841	Judæum	
2-121	1842-1844	se	
2-122	1845-1849	esse	
2-123	1850-1858	quisquam	
2-124	1859-1871	confitebatur	
2-125	1871-1872	.	
2-126	1873-1874	7	
2-127	1875-1885	Ducebantur	
2-128	1886-1891	autem	
2-129	1892-1895	cum	
2-130	1896-1901	amara	
2-131	1902-1913	necessitate	
2-132	1914-1916	in	
2-133	1917-1920	die	
2-134	1921-1928	natalis	
2-135	1929-1934	regis	
2-136	1935-1937	ad	
2-137	1938-1948	sacrificia	
2-138	1949-1950	:	
2-139	1951-1953	et	
2-140	1954-1957	cum	
2-141	1958-1964	Liberi	
2-142	1965-1970	sacra	
2-143	1971-1984	celebrarentur	
2-144	1984-1985	,	
2-145	1986-1996	cogebantur	
2-146	1997-2003	hedera	
2-147	2004-2012	coronati	
2-148	2013-2019	Libero	
2-149	2020-2028	circuire	
2-150	2028-2029	.	
2-151	2030-2031	8	
2-152	2032-2040	Decretum	
2-153	2041-2046	autem	
2-154	2047-2052	exiit	
2-155	2053-2055	in	
2-156	2056-2064	proximas	
2-157	2065-2074	gentilium	
2-158	2075-2084	civitates	
2-159	2084-2085	,	
2-160	2086-2099	suggerentibus	
2-161	2100-2109	Ptolemæis	
2-162	2109-2110	,	
2-163	2111-2113	ut	
2-164	2114-2118	pari	
2-165	2119-2123	modo	
2-166	2124-2126	et	
2-167	2127-2131	ipsi	
2-168	2132-2140	adversus	
2-169	2141-2147	Judæos	
2-170	2148-2155	agerent	
2-171	2155-2156	,	
2-172	2157-2159	ut	
2-173	2160-2173	sacrificarent	
2-174	2174-2175	:	
2-175	2176-2177	9	
2-176	2178-2181	eos	
2-177	2182-2187	autem	
2-178	2188-2191	qui	
2-179	2192-2199	nollent	
2-180	2200-2208	transire	
2-181	2209-2211	ad	
2-182	2212-2221	instituta	
2-183	2222-2229	gentium	
2-184	2229-2230	,	
2-185	2231-2244	interficerent	
2-186	2245-2246	:	
2-187	2247-2251	erat	
2-188	2252-2256	ergo	
2-189	2257-2263	videre	
2-190	2264-2272	miseriam	
2-191	2272-2273	.	
2-192	2274-2276	10	
2-193	2277-2280	Duæ	
2-194	2281-2285	enim	
2-195	2286-2294	mulieres	
2-196	2295-2301	delatæ	
2-197	2302-2306	sunt	
2-198	2307-2312	natos	
2-199	2313-2317	suos	
2-200	2318-2331	circumcidisse	
2-201	2332-2333	:	
2-202	2334-2338	quas	
2-203	2338-2339	,	
2-204	2340-2350	infantibus	
2-205	2351-2353	ad	
2-206	2354-2359	ubera	
2-207	2360-2369	suspensis	
2-208	2369-2370	,	
2-209	2371-2374	cum	
2-210	2375-2382	publice	
2-211	2383-2386	per	
2-212	2387-2396	civitatem	
2-213	2397-2412	circumduxissent	
2-214	2412-2413	,	
2-215	2414-2417	per	
2-216	2418-2423	muros	
2-217	2424-2439	præcipitaverunt	
2-218	2439-2440	.	
2-219	2441-2443	11	
2-220	2444-2448	Alii	
2-221	2449-2453	vero	
2-222	2453-2454	,	
2-223	2455-2457	ad	
2-224	2458-2466	proximas	
2-225	2467-2475	coëuntes	
2-226	2476-2485	speluncas	
2-227	2485-2486	,	
2-228	2487-2489	et	
2-229	2490-2498	latenter	
2-230	2499-2506	sabbati	
2-231	2507-2511	diem	
2-232	2512-2523	celebrantes	
2-233	2523-2524	,	
2-234	2525-2528	cum	
2-235	2529-2537	indicati	
2-236	2538-2544	essent	
2-237	2545-2553	Philippo	
2-238	2553-2554	,	
2-239	2555-2562	flammis	
2-240	2563-2571	succensi	
2-241	2572-2576	sunt	
2-242	2576-2577	,	
2-243	2578-2580	eo	
2-244	2581-2585	quod	
2-245	2586-2596	verebantur	
2-246	2597-2604	propter	
2-247	2605-2615	religionem	
2-248	2616-2618	et	
2-249	2619-2631	observantiam	
2-250	2632-2636	manu	
2-251	2637-2644	sibimet	
2-252	2645-2653	auxilium	
2-253	2654-2659	ferre	
2-254	2659-2660	.	
2-255	2661-2663	12	
2-256	2664-2671	Obsecro	
2-257	2672-2677	autem	
2-258	2678-2681	eos	
2-259	2682-2685	qui	
2-260	2686-2690	hunc	
2-261	2691-2697	librum	
2-262	2698-2705	lecturi	
2-263	2706-2710	sunt	
2-264	2710-2711	,	
2-265	2712-2714	ne	
2-266	2715-2727	abhorrescant	
2-267	2728-2735	propter	
2-268	2736-2744	adversos	
2-269	2745-2750	casus	
2-270	2751-2752	:	
2-271	2753-2756	sed	
2-272	2757-2765	reputent	
2-273	2766-2768	ea	
2-274	2769-2772	quæ	
2-275	2773-2783	acciderunt	
2-276	2783-2784	,	
2-277	2785-2788	non	
2-278	2789-2791	ad	
2-279	2792-2801	interitum	
2-280	2801-2802	,	
2-281	2803-2806	sed	
2-282	2807-2809	ad	
2-283	2810-2822	correptionem	
2-284	2823-2827	esse	
2-285	2828-2835	generis	
2-286	2836-2842	nostri	
2-287	2842-2843	.	
2-288	2844-2846	13	
2-289	2847-2853	Etenim	
2-290	2854-2859	multo	
2-291	2860-2867	tempore	
2-292	2868-2871	non	
2-293	2872-2878	sinere	
2-294	2879-2891	peccatoribus	
2-295	2892-2894	ex	
2-296	2895-2904	sententia	
2-297	2905-2910	agere	
2-298	2910-2911	,	
2-299	2912-2915	sed	
2-300	2916-2922	statim	
2-301	2923-2931	ultiones	
2-302	2932-2940	adhibere	
2-303	2940-2941	,	
2-304	2942-2947	magni	
2-305	2948-2957	beneficii	
2-306	2958-2961	est	
2-307	2962-2970	indicium	
2-308	2970-2971	.	
2-309	2972-2974	14	
2-310	2975-2978	Non	
2-311	2979-2983	enim	
2-312	2983-2984	,	
2-313	2985-2990	sicut	
2-314	2991-2993	in	
2-315	2994-2999	aliis	
2-316	3000-3010	nationibus	
2-317	3010-3011	,	
2-318	3012-3019	Dominus	
2-319	3020-3029	patienter	
2-320	3030-3039	exspectat	
2-321	3039-3040	,	
2-322	3041-3043	ut	
2-323	3044-3047	eas	
2-324	3048-3051	cum	
2-325	3052-3059	judicii	
2-326	3060-3064	dies	
2-327	3065-3074	advenerit	
2-328	3074-3075	,	
2-329	3076-3078	in	
2-330	3079-3090	plenitudine	
2-331	3091-3101	peccatorum	
2-332	3102-3108	puniat	
2-333	3109-3110	:	
2-334	3111-3113	15	
2-335	3114-3117	ita	
2-336	3118-3120	et	
2-337	3121-3123	in	
2-338	3124-3129	nobis	
2-339	3130-3137	statuit	
2-340	3138-3140	ut	
2-341	3140-3141	,	
2-342	3142-3150	peccatis	
2-343	3151-3158	nostris	
2-344	3159-3161	in	
2-345	3162-3167	finem	
2-346	3168-3177	devolutis	
2-347	3177-3178	,	
2-348	3179-3182	ita	
2-349	3183-3188	demum	
2-350	3189-3191	in	
2-351	3192-3195	nos	
2-352	3196-3204	vindicet	
2-353	3204-3205	.	
2-354	3206-3208	16	
2-355	3209-3216	Propter	
2-356	3217-3221	quod	
2-357	3222-3229	numquam	
2-358	3230-3236	quidem	
2-359	3237-3238	a	
2-360	3239-3244	nobis	
2-361	3245-3258	misericordiam	
2-362	3259-3263	suam	
2-363	3264-3270	amovet	
2-364	3271-3272	:	
2-365	3273-3283	corripiens	
2-366	3284-3288	vero	
2-367	3289-3291	in	
2-368	3292-3300	adversis	
2-369	3300-3301	,	
2-370	3302-3309	populum	
2-371	3310-3314	suum	
2-372	3315-3318	non	
2-373	3319-3329	dereliquit	
2-374	3329-3330	.	
2-375	3331-3333	17	
2-376	3334-3337	Sed	
2-377	3338-3341	hæc	
2-378	3342-3347	nobis	
2-379	3348-3350	ad	
2-380	3351-3364	commonitionem	
2-381	3365-3374	legentium	
2-382	3375-3380	dicta	
2-383	3381-3385	sint	
2-384	3386-3392	paucis	
2-385	3392-3393	.	

#Text=Jam enim veniendum est ad narrationem.
3-1	3394-3397	Jam	
3-2	3398-3402	enim	
3-3	3403-3412	veniendum	
3-4	3413-3416	est	
3-5	3417-3419	ad	
3-6	3420-3431	narrationem	
3-7	3431-3432	.	
