#FORMAT=WebAnno TSV 3.3


#Text=14 Quis scit si convertatur, et ignoscat, et relinquat post se benedictionem, sacrificium et libamen Domino Deo vestro ?
1-1	2-4	14	
1-2	5-9	Quis	
1-3	10-14	scit	
1-4	15-17	si	
1-5	18-29	convertatur	
1-6	29-30	,	
1-7	31-33	et	
1-8	34-42	ignoscat	
1-9	42-43	,	
1-10	44-46	et	
1-11	47-56	relinquat	
1-12	57-61	post	
1-13	62-64	se	
1-14	65-78	benedictionem	
1-15	78-79	,	
1-16	80-91	sacrificium	
1-17	92-94	et	
1-18	95-102	libamen	
1-19	103-109	Domino	
1-20	110-113	Deo	
1-21	114-120	vestro	
1-22	121-122	?	

#Text=15 Canite tuba in Sion, sanctificate jejunium, vocate cœtum : 16 congregate populum, sanctificate ecclesiam, coadunate senes, congregate parvulos, et sugentes ubera ; egrediatur sponsus de cubili suo, et sponsa de thalamo suo.
#Text=17 Inter vestibulum et altare plorabunt sacerdotes, ministri Domini, et dicent : Parce, Domine, parce populo tuo ; et ne des hæreditatem tuam in opprobrium, ut dominentur eis nationes.
2-1	123-125	15	
2-2	126-132	Canite	
2-3	133-137	tuba	
2-4	138-140	in	
2-5	141-145	Sion	
2-6	145-146	,	
2-7	147-159	sanctificate	
2-8	160-168	jejunium	
2-9	168-169	,	
2-10	170-176	vocate	
2-11	177-182	cœtum	
2-12	183-184	:	
2-13	185-187	16	
2-14	188-198	congregate	
2-15	199-206	populum	
2-16	206-207	,	
2-17	208-220	sanctificate	
2-18	221-230	ecclesiam	
2-19	230-231	,	
2-20	232-241	coadunate	
2-21	242-247	senes	
2-22	247-248	,	
2-23	249-259	congregate	
2-24	260-268	parvulos	
2-25	268-269	,	
2-26	270-272	et	
2-27	273-281	sugentes	
2-28	282-287	ubera	
2-29	288-289	;	
2-30	290-300	egrediatur	
2-31	301-308	sponsus	
2-32	309-311	de	
2-33	312-318	cubili	
2-34	319-322	suo	
2-35	322-323	,	
2-36	324-326	et	
2-37	327-333	sponsa	
2-38	334-336	de	
2-39	337-344	thalamo	
2-40	345-348	suo	
2-41	348-349	.	
2-42	350-352	17	
2-43	353-358	Inter	
2-44	359-369	vestibulum	
2-45	370-372	et	
2-46	373-379	altare	
2-47	380-389	plorabunt	
2-48	390-400	sacerdotes	
2-49	400-401	,	
2-50	402-410	ministri	
2-51	411-417	Domini	
2-52	417-418	,	
2-53	419-421	et	
2-54	422-428	dicent	
2-55	429-430	:	
2-56	431-436	Parce	
2-57	436-437	,	
2-58	438-444	Domine	
2-59	444-445	,	
2-60	446-451	parce	
2-61	452-458	populo	
2-62	459-462	tuo	
2-63	463-464	;	
2-64	465-467	et	
2-65	468-470	ne	
2-66	471-474	des	
2-67	475-486	hæreditatem	
2-68	487-491	tuam	
2-69	492-494	in	
2-70	495-505	opprobrium	
2-71	505-506	,	
2-72	507-509	ut	
2-73	510-520	dominentur	
2-74	521-524	eis	
2-75	525-533	nationes	
2-76	533-534	.	

#Text=Quare dicunt in populis : Ubi est Deus eorum ?
3-1	535-540	Quare	
3-2	541-547	dicunt	
3-3	548-550	in	
3-4	551-558	populis	
3-5	559-560	:	
3-6	561-564	Ubi	
3-7	565-568	est	
3-8	569-573	Deus	
3-9	574-579	eorum	
3-10	580-581	?	

#Text=18 Zelatus est Dominus terram suam, et pepercit populo suo.
#Text=19 Et respondit Dominus, et dixit populo suo : Ecce ego mittam vobis frumentum, et vinum, et oleum, et replebimini eis ; et non dabo vos ultra opprobrium in gentibus.
#Text=20 Et eum qui ab aquilone est procul faciam a vobis, et expellam eum in terram inviam et desertam : faciem ejus contra mare orientale, et extremum ejus ad mare novissimum : et ascendet fœtor ejus, et ascendet putredo ejus, quia superbe egit.
#Text=21 Noli timere, terra : exsulta, et lætare, quoniam magnificavit Dominus ut faceret.
#Text=22 Nolite timere, animalia regionis, quia germinaverunt speciosa deserti ; quia lignum attulit fructum suum, ficus et vinea dederunt virtutem suam.
#Text=23 Et, filii Sion, exsultate, et lætamini in Domino Deo vestro, quia dedit vobis doctorem justitiæ, et descendere faciet ad vos imbrem matutinum et serotinum, sicut in principio.
#Text=24 Et implebuntur areæ frumento, et redundabunt torcularia vino et oleo.
#Text=25 Et reddam vobis annos, quos comedit locusta, bruchus, et rubigo, et eruca : fortitudo mea magna quam misi in vos.
#Text=26 Et comedetis vescentes, et saturabimini ; et laudabitis nomen Domini Dei vestri, qui fecit mirabilia vobiscum ; et non confundetur populus meus in sempiternum.
#Text=27 Et scietis quia in medio Israël ego sum, et ego Dominus Deus vester, et non est amplius ; et non confundetur populus meus in æternum.
#Text=28 Et erit post hæc : effundam spiritum meum super omnem carnem, et prophetabunt filii vestri et filiæ vestræ : senes vestri somnia somniabunt, et juvenes vestri visiones videbunt.
#Text=29 Sed et super servos meos et ancillas in diebus illis effundam spiritum meum.
#Text=30 Et dabo prodigia in cælo et in terra, sanguinem, et ignem, et vaporem fumi.
#Text=31 Sol convertetur in tenebras, et luna in sanguinem, antequam veniat dies Domini magnus et horribilis.
#Text=32 Et erit : omnis qui invocaverit nomen Domini, salvus erit : quia in monte Sion et in Jerusalem erit salvatio, sicut dixit Dominus, et in residuis quos Dominus vocaverit.
4-1	582-584	18	
4-2	585-592	Zelatus	
4-3	593-596	est	
4-4	597-604	Dominus	
4-5	605-611	terram	
4-6	612-616	suam	
4-7	616-617	,	
4-8	618-620	et	
4-9	621-629	pepercit	
4-10	630-636	populo	
4-11	637-640	suo	
4-12	640-641	.	
4-13	642-644	19	
4-14	645-647	Et	
4-15	648-657	respondit	
4-16	658-665	Dominus	
4-17	665-666	,	
4-18	667-669	et	
4-19	670-675	dixit	
4-20	676-682	populo	
4-21	683-686	suo	
4-22	687-688	:	
4-23	689-693	Ecce	
4-24	694-697	ego	
4-25	698-704	mittam	
4-26	705-710	vobis	
4-27	711-720	frumentum	
4-28	720-721	,	
4-29	722-724	et	
4-30	725-730	vinum	
4-31	730-731	,	
4-32	732-734	et	
4-33	735-740	oleum	
4-34	740-741	,	
4-35	742-744	et	
4-36	745-756	replebimini	
4-37	757-760	eis	
4-38	761-762	;	
4-39	763-765	et	
4-40	766-769	non	
4-41	770-774	dabo	
4-42	775-778	vos	
4-43	779-784	ultra	
4-44	785-795	opprobrium	
4-45	796-798	in	
4-46	799-807	gentibus	
4-47	807-808	.	
4-48	809-811	20	
4-49	812-814	Et	
4-50	815-818	eum	
4-51	819-822	qui	
4-52	823-825	ab	
4-53	826-834	aquilone	
4-54	835-838	est	
4-55	839-845	procul	
4-56	846-852	faciam	
4-57	853-854	a	
4-58	855-860	vobis	
4-59	860-861	,	
4-60	862-864	et	
4-61	865-873	expellam	
4-62	874-877	eum	
4-63	878-880	in	
4-64	881-887	terram	
4-65	888-894	inviam	
4-66	895-897	et	
4-67	898-906	desertam	
4-68	907-908	:	
4-69	909-915	faciem	
4-70	916-920	ejus	
4-71	921-927	contra	
4-72	928-932	mare	
4-73	933-942	orientale	
4-74	942-943	,	
4-75	944-946	et	
4-76	947-955	extremum	
4-77	956-960	ejus	
4-78	961-963	ad	
4-79	964-968	mare	
4-80	969-979	novissimum	
4-81	980-981	:	
4-82	982-984	et	
4-83	985-993	ascendet	
4-84	994-999	fœtor	
4-85	1000-1004	ejus	
4-86	1004-1005	,	
4-87	1006-1008	et	
4-88	1009-1017	ascendet	
4-89	1018-1025	putredo	
4-90	1026-1030	ejus	
4-91	1030-1031	,	
4-92	1032-1036	quia	
4-93	1037-1044	superbe	
4-94	1045-1049	egit	
4-95	1049-1050	.	
4-96	1051-1053	21	
4-97	1054-1058	Noli	
4-98	1059-1065	timere	
4-99	1065-1066	,	
4-100	1067-1072	terra	
4-101	1073-1074	:	
4-102	1075-1082	exsulta	
4-103	1082-1083	,	
4-104	1084-1086	et	
4-105	1087-1093	lætare	
4-106	1093-1094	,	
4-107	1095-1102	quoniam	
4-108	1103-1115	magnificavit	
4-109	1116-1123	Dominus	
4-110	1124-1126	ut	
4-111	1127-1134	faceret	
4-112	1134-1135	.	
4-113	1136-1138	22	
4-114	1139-1145	Nolite	
4-115	1146-1152	timere	
4-116	1152-1153	,	
4-117	1154-1162	animalia	
4-118	1163-1171	regionis	
4-119	1171-1172	,	
4-120	1173-1177	quia	
4-121	1178-1191	germinaverunt	
4-122	1192-1200	speciosa	
4-123	1201-1208	deserti	
4-124	1209-1210	;	
4-125	1211-1215	quia	
4-126	1216-1222	lignum	
4-127	1223-1230	attulit	
4-128	1231-1238	fructum	
4-129	1239-1243	suum	
4-130	1243-1244	,	
4-131	1245-1250	ficus	
4-132	1251-1253	et	
4-133	1254-1259	vinea	
4-134	1260-1268	dederunt	
4-135	1269-1277	virtutem	
4-136	1278-1282	suam	
4-137	1282-1283	.	
4-138	1284-1286	23	
4-139	1287-1289	Et	
4-140	1289-1290	,	
4-141	1291-1296	filii	
4-142	1297-1301	Sion	
4-143	1301-1302	,	
4-144	1303-1312	exsultate	
4-145	1312-1313	,	
4-146	1314-1316	et	
4-147	1317-1325	lætamini	
4-148	1326-1328	in	
4-149	1329-1335	Domino	
4-150	1336-1339	Deo	
4-151	1340-1346	vestro	
4-152	1346-1347	,	
4-153	1348-1352	quia	
4-154	1353-1358	dedit	
4-155	1359-1364	vobis	
4-156	1365-1373	doctorem	
4-157	1374-1382	justitiæ	
4-158	1382-1383	,	
4-159	1384-1386	et	
4-160	1387-1397	descendere	
4-161	1398-1404	faciet	
4-162	1405-1407	ad	
4-163	1408-1411	vos	
4-164	1412-1418	imbrem	
4-165	1419-1428	matutinum	
4-166	1429-1431	et	
4-167	1432-1441	serotinum	
4-168	1441-1442	,	
4-169	1443-1448	sicut	
4-170	1449-1451	in	
4-171	1452-1461	principio	
4-172	1461-1462	.	
4-173	1463-1465	24	
4-174	1466-1468	Et	
4-175	1469-1480	implebuntur	
4-176	1481-1485	areæ	
4-177	1486-1494	frumento	
4-178	1494-1495	,	
4-179	1496-1498	et	
4-180	1499-1510	redundabunt	
4-181	1511-1521	torcularia	
4-182	1522-1526	vino	
4-183	1527-1529	et	
4-184	1530-1534	oleo	
4-185	1534-1535	.	
4-186	1536-1538	25	
4-187	1539-1541	Et	
4-188	1542-1548	reddam	
4-189	1549-1554	vobis	
4-190	1555-1560	annos	
4-191	1560-1561	,	
4-192	1562-1566	quos	
4-193	1567-1574	comedit	
4-194	1575-1582	locusta	
4-195	1582-1583	,	
4-196	1584-1591	bruchus	
4-197	1591-1592	,	
4-198	1593-1595	et	
4-199	1596-1602	rubigo	
4-200	1602-1603	,	
4-201	1604-1606	et	
4-202	1607-1612	eruca	
4-203	1613-1614	:	
4-204	1615-1624	fortitudo	
4-205	1625-1628	mea	
4-206	1629-1634	magna	
4-207	1635-1639	quam	
4-208	1640-1644	misi	
4-209	1645-1647	in	
4-210	1648-1651	vos	
4-211	1651-1652	.	
4-212	1653-1655	26	
4-213	1656-1658	Et	
4-214	1659-1668	comedetis	
4-215	1669-1678	vescentes	
4-216	1678-1679	,	
4-217	1680-1682	et	
4-218	1683-1695	saturabimini	
4-219	1696-1697	;	
4-220	1698-1700	et	
4-221	1701-1711	laudabitis	
4-222	1712-1717	nomen	
4-223	1718-1724	Domini	
4-224	1725-1728	Dei	
4-225	1729-1735	vestri	
4-226	1735-1736	,	
4-227	1737-1740	qui	
4-228	1741-1746	fecit	
4-229	1747-1756	mirabilia	
4-230	1757-1765	vobiscum	
4-231	1766-1767	;	
4-232	1768-1770	et	
4-233	1771-1774	non	
4-234	1775-1786	confundetur	
4-235	1787-1794	populus	
4-236	1795-1799	meus	
4-237	1800-1802	in	
4-238	1803-1814	sempiternum	
4-239	1814-1815	.	
4-240	1816-1818	27	
4-241	1819-1821	Et	
4-242	1822-1829	scietis	
4-243	1830-1834	quia	
4-244	1835-1837	in	
4-245	1838-1843	medio	
4-246	1844-1850	Israël	
4-247	1851-1854	ego	
4-248	1855-1858	sum	
4-249	1858-1859	,	
4-250	1860-1862	et	
4-251	1863-1866	ego	
4-252	1867-1874	Dominus	
4-253	1875-1879	Deus	
4-254	1880-1886	vester	
4-255	1886-1887	,	
4-256	1888-1890	et	
4-257	1891-1894	non	
4-258	1895-1898	est	
4-259	1899-1906	amplius	
4-260	1907-1908	;	
4-261	1909-1911	et	
4-262	1912-1915	non	
4-263	1916-1927	confundetur	
4-264	1928-1935	populus	
4-265	1936-1940	meus	
4-266	1941-1943	in	
4-267	1944-1951	æternum	
4-268	1951-1952	.	
4-269	1953-1955	28	
4-270	1956-1958	Et	
4-271	1959-1963	erit	
4-272	1964-1968	post	
4-273	1969-1972	hæc	
4-274	1973-1974	:	
4-275	1975-1983	effundam	
4-276	1984-1992	spiritum	
4-277	1993-1997	meum	
4-278	1998-2003	super	
4-279	2004-2009	omnem	
4-280	2010-2016	carnem	
4-281	2016-2017	,	
4-282	2018-2020	et	
4-283	2021-2033	prophetabunt	
4-284	2034-2039	filii	
4-285	2040-2046	vestri	
4-286	2047-2049	et	
4-287	2050-2055	filiæ	
4-288	2056-2062	vestræ	
4-289	2063-2064	:	
4-290	2065-2070	senes	
4-291	2071-2077	vestri	
4-292	2078-2084	somnia	
4-293	2085-2095	somniabunt	
4-294	2095-2096	,	
4-295	2097-2099	et	
4-296	2100-2107	juvenes	
4-297	2108-2114	vestri	
4-298	2115-2123	visiones	
4-299	2124-2132	videbunt	
4-300	2132-2133	.	
4-301	2134-2136	29	
4-302	2137-2140	Sed	
4-303	2141-2143	et	
4-304	2144-2149	super	
4-305	2150-2156	servos	
4-306	2157-2161	meos	
4-307	2162-2164	et	
4-308	2165-2173	ancillas	
4-309	2174-2176	in	
4-310	2177-2183	diebus	
4-311	2184-2189	illis	
4-312	2190-2198	effundam	
4-313	2199-2207	spiritum	
4-314	2208-2212	meum	
4-315	2212-2213	.	
4-316	2214-2216	30	
4-317	2217-2219	Et	
4-318	2220-2224	dabo	
4-319	2225-2233	prodigia	
4-320	2234-2236	in	
4-321	2237-2241	cælo	
4-322	2242-2244	et	
4-323	2245-2247	in	
4-324	2248-2253	terra	
4-325	2253-2254	,	
4-326	2255-2264	sanguinem	
4-327	2264-2265	,	
4-328	2266-2268	et	
4-329	2269-2274	ignem	
4-330	2274-2275	,	
4-331	2276-2278	et	
4-332	2279-2286	vaporem	
4-333	2287-2291	fumi	
4-334	2291-2292	.	
4-335	2293-2295	31	
4-336	2296-2299	Sol	
4-337	2300-2311	convertetur	
4-338	2312-2314	in	
4-339	2315-2323	tenebras	
4-340	2323-2324	,	
4-341	2325-2327	et	
4-342	2328-2332	luna	
4-343	2333-2335	in	
4-344	2336-2345	sanguinem	
4-345	2345-2346	,	
4-346	2347-2355	antequam	
4-347	2356-2362	veniat	
4-348	2363-2367	dies	
4-349	2368-2374	Domini	
4-350	2375-2381	magnus	
4-351	2382-2384	et	
4-352	2385-2395	horribilis	
4-353	2395-2396	.	
4-354	2397-2399	32	
4-355	2400-2402	Et	
4-356	2403-2407	erit	
4-357	2408-2409	:	
4-358	2410-2415	omnis	
4-359	2416-2419	qui	
4-360	2420-2431	invocaverit	
4-361	2432-2437	nomen	
4-362	2438-2444	Domini	
4-363	2444-2445	,	
4-364	2446-2452	salvus	
4-365	2453-2457	erit	
4-366	2458-2459	:	
4-367	2460-2464	quia	
4-368	2465-2467	in	
4-369	2468-2473	monte	
4-370	2474-2478	Sion	
4-371	2479-2481	et	
4-372	2482-2484	in	
4-373	2485-2494	Jerusalem	
4-374	2495-2499	erit	
4-375	2500-2508	salvatio	
4-376	2508-2509	,	
4-377	2510-2515	sicut	
4-378	2516-2521	dixit	
4-379	2522-2529	Dominus	
4-380	2529-2530	,	
4-381	2531-2533	et	
4-382	2534-2536	in	
4-383	2537-2545	residuis	
4-384	2546-2550	quos	
4-385	2551-2558	Dominus	
4-386	2559-2568	vocaverit	
4-387	2568-2569	.	

#Text=Caput 3
#Text=
#Text=
#Text=1 Quia ecce in diebus illis, et in tempore illo, cum convertero captivitatem Juda et Jerusalem, 2 congregabo omnes gentes, et deducam eas in vallem Josaphat ; et disceptabo cum eis ibi super populo meo, et hæreditate mea Israël, quos disperserunt in nationibus, et terram meam diviserunt.
5-1	2570-2575	Caput	
5-2	2576-2577	3	
5-3	2580-2581	1	
5-4	2582-2586	Quia	
5-5	2587-2591	ecce	
5-6	2592-2594	in	
5-7	2595-2601	diebus	
5-8	2602-2607	illis	
5-9	2607-2608	,	
5-10	2609-2611	et	
5-11	2612-2614	in	
5-12	2615-2622	tempore	
5-13	2623-2627	illo	
5-14	2627-2628	,	
5-15	2629-2632	cum	
5-16	2633-2643	convertero	
5-17	2644-2656	captivitatem	
5-18	2657-2661	Juda	
5-19	2662-2664	et	
5-20	2665-2674	Jerusalem	
5-21	2674-2675	,	
5-22	2676-2677	2	
5-23	2678-2688	congregabo	
5-24	2689-2694	omnes	
5-25	2695-2701	gentes	
5-26	2701-2702	,	
5-27	2703-2705	et	
5-28	2706-2713	deducam	
5-29	2714-2717	eas	
5-30	2718-2720	in	
5-31	2721-2727	vallem	
5-32	2728-2736	Josaphat	
5-33	2737-2738	;	
5-34	2739-2741	et	
5-35	2742-2752	disceptabo	
5-36	2753-2756	cum	
5-37	2757-2760	eis	
5-38	2761-2764	ibi	
5-39	2765-2770	super	
5-40	2771-2777	populo	
5-41	2778-2781	meo	
5-42	2781-2782	,	
5-43	2783-2785	et	
5-44	2786-2796	hæreditate	
5-45	2797-2800	mea	
5-46	2801-2807	Israël	
5-47	2807-2808	,	
5-48	2809-2813	quos	
5-49	2814-2826	disperserunt	
5-50	2827-2829	in	
5-51	2830-2840	nationibus	
5-52	2840-2841	,	
5-53	2842-2844	et	
5-54	2845-2851	terram	
5-55	2852-2856	meam	
5-56	2857-2867	diviserunt	
5-57	2867-2868	.	
