#FORMAT=WebAnno TSV 3.3


#Text=En dewyle menighmaal klagten werden gemaakt, dat de Bevelhebbers van
#Text=zyn Majesteits Scheepen dikmaal in het uit gaan, en te rugge keeren van vreemde
#Text=Havenen, aan boort ontfangen koopmanschappen van alle slagh, waar by zyn
#Text=Majesteits dienst niet alleenlyk werdt onteert, maar ook menighmaal den Koning
#Text=werdt te kort gedaan in de Rechten en Inkomsten, op het inkomen van zulke
#Text=goederen en koopmanschappen, tot zyn Majesteits groote schade: Zoo werdt gy
#Text=derhalven scherpelyk belast, en afgeëischt, aan het boort van 't Schip, onder u
#Text=bevel, niet te ontfangen eenige goederen
#Text=Koopluiden toebehoorende, noch in of uit
#Text=zyn Majesteits gebiedt te brengen (Zilver, Koper, of Bullion, alleen uitgezondert) tot
#Text=eenige plaatze over zee.
1-1	0-2	En	
1-2	3-9	dewyle	
1-3	10-20	menighmaal	
1-4	21-28	klagten	
1-5	29-35	werden	
1-6	36-43	gemaakt	
1-7	43-44	,	
1-8	45-48	dat	
1-9	49-51	de	
1-10	52-64	Bevelhebbers	
1-11	65-68	van	
1-12	69-72	zyn	
1-13	73-83	Majesteits	
1-14	84-92	Scheepen	
1-15	93-100	dikmaal	
1-16	101-103	in	
1-17	104-107	het	
1-18	108-111	uit	
1-19	112-116	gaan	
1-20	116-117	,	
1-21	118-120	en	
1-22	121-123	te	
1-23	124-129	rugge	
1-24	130-136	keeren	
1-25	137-140	van	
1-26	141-148	vreemde	
1-27	149-156	Havenen	
1-28	156-157	,	
1-29	158-161	aan	
1-30	162-167	boort	
1-31	168-177	ontfangen	
1-32	178-193	koopmanschappen	
1-33	194-197	van	
1-34	198-202	alle	
1-35	203-208	slagh	
1-36	208-209	,	
1-37	210-214	waar	
1-38	215-217	by	
1-39	218-221	zyn	
1-40	222-232	Majesteits	
1-41	233-239	dienst	
1-42	240-244	niet	
1-43	245-254	alleenlyk	
1-44	255-260	werdt	
1-45	261-268	onteert	
1-46	268-269	,	
1-47	270-274	maar	
1-48	275-278	ook	
1-49	279-289	menighmaal	
1-50	290-293	den	
1-51	294-300	Koning	
1-52	301-306	werdt	
1-53	307-309	te	
1-54	310-314	kort	
1-55	315-321	gedaan	
1-56	322-324	in	
1-57	325-327	de	
1-58	328-335	Rechten	
1-59	336-338	en	
1-60	339-348	Inkomsten	
1-61	348-349	,	
1-62	350-352	op	
1-63	353-356	het	
1-64	357-364	inkomen	
1-65	365-368	van	
1-66	369-374	zulke	
1-67	375-383	goederen	
1-68	384-386	en	
1-69	387-402	koopmanschappen	
1-70	402-403	,	
1-71	404-407	tot	
1-72	408-411	zyn	
1-73	412-422	Majesteits	
1-74	423-429	groote	
1-75	430-436	schade	
1-76	436-437	:	
1-77	438-441	Zoo	
1-78	442-447	werdt	
1-79	448-450	gy	
1-80	451-460	derhalven	
1-81	461-471	scherpelyk	
1-82	472-478	belast	
1-83	478-479	,	
1-84	480-482	en	
1-85	483-493	afgeëischt	
1-86	493-494	,	
1-87	495-498	aan	
1-88	499-502	het	
1-89	503-508	boort	
1-90	509-512	van	
1-91	513-514	'	
1-92	514-515	t	
1-93	516-521	Schip	
1-94	521-522	,	
1-95	523-528	onder	
1-96	529-530	u	
1-97	531-536	bevel	
1-98	536-537	,	
1-99	538-542	niet	
1-100	543-545	te	
1-101	546-555	ontfangen	
1-102	556-562	eenige	
1-103	563-571	goederen	
1-104	572-582	Koopluiden	
1-105	583-596	toebehoorende	
1-106	596-597	,	
1-107	598-602	noch	
1-108	603-605	in	
1-109	606-608	of	
1-110	609-612	uit	
1-111	613-616	zyn	
1-112	617-627	Majesteits	
1-113	628-635	gebiedt	
1-114	636-638	te	
1-115	639-646	brengen	
1-116	647-648	(	
1-117	648-654	Zilver	
1-118	654-655	,	
1-119	656-661	Koper	
1-120	661-662	,	
1-121	663-665	of	
1-122	666-673	Bullion	
1-123	673-674	,	
1-124	675-681	alleen	
1-125	682-694	uitgezondert	
1-126	694-695	)	
1-127	696-699	tot	
1-128	700-706	eenige	
1-129	707-714	plaatze	
1-130	715-719	over	
1-131	720-723	zee	
1-132	723-724	.	

#Text=Als ook niet in te brengen, of uit zyn
#Text=Majesteits gebiedt te
#Text=vervoeren eenige hoeveelheit van goederen of koopmanschappen, anderzins, of
#Text=meer, als geoordeelt kan werden van nooden te zyn tot u eigen gebruik.
2-1	725-728	Als	
2-2	729-732	ook	
2-3	733-737	niet	
2-4	738-740	in	
2-5	741-743	te	
2-6	744-751	brengen	
2-7	751-752	,	
2-8	753-755	of	
2-9	756-759	uit	
2-10	760-763	zyn	
2-11	764-774	Majesteits	
2-12	775-782	gebiedt	
2-13	783-785	te	
2-14	786-795	vervoeren	
2-15	796-802	eenige	
2-16	803-814	hoeveelheit	
2-17	815-818	van	
2-18	819-827	goederen	
2-19	828-830	of	
2-20	831-846	koopmanschappen	
2-21	846-847	,	
2-22	848-857	anderzins	
2-23	857-858	,	
2-24	859-861	of	
2-25	862-866	meer	
2-26	866-867	,	
2-27	868-871	als	
2-28	872-882	geoordeelt	
2-29	883-886	kan	
2-30	887-893	werden	
2-31	894-897	van	
2-32	898-904	nooden	
2-33	905-907	te	
2-34	908-911	zyn	
2-35	912-915	tot	
2-36	916-917	u	
2-37	918-923	eigen	
2-38	924-931	gebruik	
2-39	931-932	.	

#Text=XXXI.
3-1	934-938	XXXI	
3-2	938-939	.	

#Text=Ghy hebt naauwkeurigh in achtinge te nemen, en te volgen, alle ende een
#Text=ieder van deeze voorschreeve beveelen, en voorder zoodanige beveelen en
#Text=berichten, als ghy van tydt tot tydt, van my zelfs, of iemandt anders, u
#Text=Opper-Officier,
#Text=in de
#Text=Vloot, tot zyn Majesteits dienst,
#Text=zult ontsangen.
4-1	940-943	Ghy	
4-2	944-948	hebt	
4-3	949-961	naauwkeurigh	
4-4	962-964	in	
4-5	965-973	achtinge	
4-6	974-976	te	
4-7	977-982	nemen	
4-8	982-983	,	
4-9	984-986	en	
4-10	987-989	te	
4-11	990-996	volgen	
4-12	996-997	,	
4-13	998-1002	alle	
4-14	1003-1007	ende	
4-15	1008-1011	een	
4-16	1012-1017	ieder	
4-17	1018-1021	van	
4-18	1022-1027	deeze	
4-19	1028-1040	voorschreeve	
4-20	1041-1049	beveelen	
4-21	1049-1050	,	
4-22	1051-1053	en	
4-23	1054-1061	voorder	
4-24	1062-1071	zoodanige	
4-25	1072-1080	beveelen	
4-26	1081-1083	en	
4-27	1084-1093	berichten	
4-28	1093-1094	,	
4-29	1095-1098	als	
4-30	1099-1102	ghy	
4-31	1103-1106	van	
4-32	1107-1111	tydt	
4-33	1112-1115	tot	
4-34	1116-1120	tydt	
4-35	1120-1121	,	
4-36	1122-1125	van	
4-37	1126-1128	my	
4-38	1129-1134	zelfs	
4-39	1134-1135	,	
4-40	1136-1138	of	
4-41	1139-1146	iemandt	
4-42	1147-1153	anders	
4-43	1153-1154	,	
4-44	1155-1156	u	
4-45	1157-1171	Opper-Officier	
4-46	1171-1172	,	
4-47	1173-1175	in	
4-48	1176-1178	de	
4-49	1179-1184	Vloot	
4-50	1184-1185	,	
4-51	1186-1189	tot	
4-52	1190-1193	zyn	
4-53	1194-1204	Majesteits	
4-54	1205-1211	dienst	
4-55	1211-1212	,	
4-56	1213-1217	zult	
4-57	1218-1227	ontsangen	
4-58	1227-1228	.	

#Text=Gegeven onder myn handt, &c.
5-1	1231-1238	Gegeven	
5-2	1239-1244	onder	
5-3	1245-1248	myn	
5-4	1249-1254	handt	
5-5	1254-1255	,	
5-6	1256-1257	&	
5-7	1257-1258	c	
5-8	1258-1259	.	

#Text=Nieuwe Bestellinge, strekkende tot verzekeringe, en beter schik voor
#Text=de Oorlogh-scheepen, en Zee-kasteelen, van den Doorluchtighsten
#Text=
#Text=Carolus II.
6-1	1262-1268	Nieuwe	
6-2	1269-1280	Bestellinge	
6-3	1280-1281	,	
6-4	1282-1292	strekkende	
6-5	1293-1296	tot	
6-6	1297-1309	verzekeringe	
6-7	1309-1310	,	
6-8	1311-1313	en	
6-9	1314-1319	beter	
6-10	1320-1325	schik	
6-11	1326-1330	voor	
6-12	1331-1333	de	
6-13	1334-1350	Oorlogh-scheepen	
6-14	1350-1351	,	
6-15	1352-1354	en	
6-16	1355-1368	Zee-kasteelen	
6-17	1368-1369	,	
6-18	1370-1373	van	
6-19	1374-1377	den	
6-20	1378-1394	Doorluchtighsten	
6-21	1396-1403	Carolus	
6-22	1404-1406	II	
6-23	1406-1407	.	

#Text=Koning van Engelandt, &c.
7-1	1408-1414	Koning	
7-2	1415-1418	van	
7-3	1419-1428	Engelandt	
7-4	1428-1429	,	
7-5	1430-1431	&	
7-6	1431-1432	c	
7-7	1432-1433	.	

#Text=&c.
8-1	1434-1435	&	
8-2	1435-1436	c	
8-3	1436-1437	.	

#Text=Nicolaas Witsen, Aaloude en hedendaagsche scheeps-bouw en bestier
#Text=
#Text=\f
#Text=TOt beter bestieringe van des Konings Oorlog-scheepen, en Zee-kasteelen, (waar
#Text=door, onder Godts voorzienigheit, en bescherminge, de welstandt en sterkte des
#Text=Koninkryks
#Text=bevordert wordt) zyn eenige ordres en leden ontworpen, door last van
#Text=zyn Majesteit, met toestemming der Heeren, op dien tydt in het Parlement vergadert,
#Text=met last en bevel, dat elk en een ieder punt getrouwelyk van een iegelyk zal
#Text=onderhouden werden.
9-1	1439-1447	Nicolaas	
9-2	1448-1454	Witsen	
9-3	1454-1455	,	
9-4	1456-1463	Aaloude	
9-5	1464-1466	en	
9-6	1467-1480	hedendaagsche	
9-7	1481-1493	scheeps-bouw	
9-8	1494-1496	en	
9-9	1497-1504	bestier	
9-10	1508-1511	TOt	
9-11	1512-1517	beter	
9-12	1518-1529	bestieringe	
9-13	1530-1533	van	
9-14	1534-1537	des	
9-15	1538-1545	Konings	
9-16	1546-1561	Oorlog-scheepen	
9-17	1561-1562	,	
9-18	1563-1565	en	
9-19	1566-1579	Zee-kasteelen	
9-20	1579-1580	,	
9-21	1581-1582	(	
9-22	1582-1586	waar	
9-23	1587-1591	door	
9-24	1591-1592	,	
9-25	1593-1598	onder	
9-26	1599-1604	Godts	
9-27	1605-1619	voorzienigheit	
9-28	1619-1620	,	
9-29	1621-1623	en	
9-30	1624-1636	bescherminge	
9-31	1636-1637	,	
9-32	1638-1640	de	
9-33	1641-1650	welstandt	
9-34	1651-1653	en	
9-35	1654-1661	sterkte	
9-36	1662-1665	des	
9-37	1666-1676	Koninkryks	
9-38	1677-1686	bevordert	
9-39	1687-1692	wordt	
9-40	1692-1693	)	
9-41	1694-1697	zyn	
9-42	1698-1704	eenige	
9-43	1705-1711	ordres	
9-44	1712-1714	en	
9-45	1715-1720	leden	
9-46	1721-1730	ontworpen	
9-47	1730-1731	,	
9-48	1732-1736	door	
9-49	1737-1741	last	
9-50	1742-1745	van	
9-51	1746-1749	zyn	
9-52	1750-1759	Majesteit	
9-53	1759-1760	,	
9-54	1761-1764	met	
9-55	1765-1776	toestemming	
9-56	1777-1780	der	
9-57	1781-1787	Heeren	
9-58	1787-1788	,	
9-59	1789-1791	op	
9-60	1792-1796	dien	
9-61	1797-1801	tydt	
9-62	1802-1804	in	
9-63	1805-1808	het	
9-64	1809-1818	Parlement	
9-65	1819-1828	vergadert	
9-66	1828-1829	,	
9-67	1830-1833	met	
9-68	1834-1838	last	
9-69	1839-1841	en	
9-70	1842-1847	bevel	
9-71	1847-1848	,	
9-72	1849-1852	dat	
9-73	1853-1856	elk	
9-74	1857-1859	en	
9-75	1860-1863	een	
9-76	1864-1869	ieder	
9-77	1870-1874	punt	
9-78	1875-1886	getrouwelyk	
9-79	1887-1890	van	
9-80	1891-1894	een	
9-81	1895-1902	iegelyk	
9-82	1903-1906	zal	
9-83	1907-1918	onderhouden	
9-84	1919-1925	werden	
9-85	1925-1926	.	

#Text=I.
10-1	1928-1929	I	
10-2	1929-1930	.	

#Text=Zal voor eerst, en voor al, by alle Hoofden van de Vloot, het zy hooge, het zy
#Text=laege, goede zorge gedragen worden dat den openbaren Godtsdienst, na de ordre
#Text=der Kerke, hier in Engelandt vast gestelt, op alle de Oorlogh-scheepen, tot alle
#Text=plaatzen, zeer naauw geviert en onderhouden werde; zullende Gebeden en
#Text=Predikatien naar gewoone ordre worden gedaan;
#Text=ook zal des Heeren Wet eerbiedigh
#Text=werden onderhouden.
11-1	1931-1934	Zal	
11-2	1935-1939	voor	
11-3	1940-1945	eerst	
11-4	1945-1946	,	
11-5	1947-1949	en	
11-6	1950-1954	voor	
11-7	1955-1957	al	
11-8	1957-1958	,	
11-9	1959-1961	by	
11-10	1962-1966	alle	
11-11	1967-1974	Hoofden	
11-12	1975-1978	van	
11-13	1979-1981	de	
11-14	1982-1987	Vloot	
11-15	1987-1988	,	
11-16	1989-1992	het	
11-17	1993-1995	zy	
11-18	1996-2001	hooge	
11-19	2001-2002	,	
11-20	2003-2006	het	
11-21	2007-2009	zy	
11-22	2010-2015	laege	
11-23	2015-2016	,	
11-24	2017-2022	goede	
11-25	2023-2028	zorge	
11-26	2029-2037	gedragen	
11-27	2038-2044	worden	
11-28	2045-2048	dat	
11-29	2049-2052	den	
11-30	2053-2062	openbaren	
11-31	2063-2074	Godtsdienst	
11-32	2074-2075	,	
11-33	2076-2078	na	
11-34	2079-2081	de	
11-35	2082-2087	ordre	
11-36	2088-2091	der	
11-37	2092-2097	Kerke	
11-38	2097-2098	,	
11-39	2099-2103	hier	
11-40	2104-2106	in	
11-41	2107-2116	Engelandt	
11-42	2117-2121	vast	
11-43	2122-2129	gestelt	
11-44	2129-2130	,	
11-45	2131-2133	op	
11-46	2134-2138	alle	
11-47	2139-2141	de	
11-48	2142-2158	Oorlogh-scheepen	
11-49	2158-2159	,	
11-50	2160-2163	tot	
11-51	2164-2168	alle	
11-52	2169-2177	plaatzen	
11-53	2177-2178	,	
11-54	2179-2183	zeer	
11-55	2184-2189	naauw	
11-56	2190-2197	geviert	
11-57	2198-2200	en	
11-58	2201-2212	onderhouden	
11-59	2213-2218	werde	
11-60	2218-2219	;	
11-61	2220-2228	zullende	
11-62	2229-2236	Gebeden	
11-63	2237-2239	en	
11-64	2240-2251	Predikatien	
11-65	2252-2256	naar	
11-66	2257-2264	gewoone	
11-67	2265-2270	ordre	
11-68	2271-2277	worden	
11-69	2278-2284	gedaan	
11-70	2284-2285	;	
11-71	2286-2289	ook	
11-72	2290-2293	zal	
11-73	2294-2297	des	
11-74	2298-2304	Heeren	
11-75	2305-2308	Wet	
11-76	2309-2319	eerbiedigh	
11-77	2320-2326	werden	
11-78	2327-2338	onderhouden	
11-79	2338-2339	.	

#Text=II.
12-1	2341-2343	II	
12-2	2343-2344	.	

#Text=Alle en een ieder, in des Konings dienst zynde, zal hem zorghvuldigh waghten
#Text=van vloeken, zweeren, dronkenschap, of eenige andere onreinigheit, strekkende
#Text=tot oneere Godes, en verderf van goede zeden, op straffe van gevangenisse, of na
#Text=dat den Richter zal oordeelen.
13-1	2345-2349	Alle	
13-2	2350-2352	en	
13-3	2353-2356	een	
13-4	2357-2362	ieder	
13-5	2362-2363	,	
13-6	2364-2366	in	
13-7	2367-2370	des	
13-8	2371-2378	Konings	
13-9	2379-2385	dienst	
13-10	2386-2391	zynde	
13-11	2391-2392	,	
13-12	2393-2396	zal	
13-13	2397-2400	hem	
13-14	2401-2413	zorghvuldigh	
13-15	2414-2421	waghten	
13-16	2422-2425	van	
13-17	2426-2433	vloeken	
13-18	2433-2434	,	
13-19	2435-2442	zweeren	
13-20	2442-2443	,	
13-21	2444-2456	dronkenschap	
13-22	2456-2457	,	
13-23	2458-2460	of	
13-24	2461-2467	eenige	
13-25	2468-2474	andere	
13-26	2475-2487	onreinigheit	
13-27	2487-2488	,	
13-28	2489-2499	strekkende	
13-29	2500-2503	tot	
13-30	2504-2510	oneere	
13-31	2511-2516	Godes	
13-32	2516-2517	,	
13-33	2518-2520	en	
13-34	2521-2528	verderf	
13-35	2529-2532	van	
13-36	2533-2538	goede	
13-37	2539-2544	zeden	
13-38	2544-2545	,	
13-39	2546-2548	op	
13-40	2549-2556	straffe	
13-41	2557-2560	van	
13-42	2561-2573	gevangenisse	
13-43	2573-2574	,	
13-44	2575-2577	of	
13-45	2578-2580	na	
13-46	2581-2584	dat	
13-47	2585-2588	den	
13-48	2589-2596	Richter	
13-49	2597-2600	zal	
13-50	2601-2610	oordeelen	
13-51	2610-2611	.	
