{"_context" : {
    "_types" : {
      "DocumentMetaData" : {
        "_feature_types" : {"sofa" : "_ref" } }, 
      "Relation" : {
        "_feature_types" : {"sofa" : "_ref",  "Dependent" : "_ref",  "Governor" : "_ref" } }, 
      "Sentence" : {
        "_feature_types" : {"sofa" : "_ref" } }, 
      "Sofa" : {
        "_feature_types" : {"sofaArray" : "_ref" } }, 
      "Span" : {
        "_feature_types" : {"sofa" : "_ref" } }, 
      "TagsetDescription" : {
        "_feature_types" : {"sofa" : "_ref",  "tags" : "_ref" } }, 
      "Token" : {
        "_feature_types" : {"sofa" : "_ref",  "parent" : "_ref",  "lemma" : "_ref",  "stem" : "_ref",  "pos" : "_ref",  "morph" : "_ref",  "form" : "_ref" } }, 
      "DocumentAnnotation" : {
        "_feature_types" : {"sofa" : "_ref" }, 
        "_subtypes" : ["DocumentMetaData" ] }, 
      "Annotation" : {
        "_feature_types" : {"sofa" : "_ref" }, 
        "_subtypes" : ["DocumentAnnotation",  "Relation",  "Sentence",  "Span",  "TagsetDescription",  "Token" ] }, 
      "AnnotationBase" : {
        "_feature_types" : {"sofa" : "_ref" }, 
        "_subtypes" : ["Annotation" ] }, 
      "TOP" : {
        "_subtypes" : ["AnnotationBase",  "Sofa" ] } } }, 
  "_views" : {
    "_InitialView" : {
      "Relation" : [
        {"sofa" : 1,  "begin" : 670,  "end" : 675,  "Dependent" : 5345,  "Governor" : 5350 }, 
        {"sofa" : 1,  "begin" : 670,  "end" : 675,  "Dependent" : 5345,  "Governor" : 5362 }, 
        {"sofa" : 1,  "begin" : 913,  "end" : 918,  "Dependent" : 5374,  "Governor" : 5379 }, 
        {"sofa" : 1,  "begin" : 913,  "end" : 918,  "Dependent" : 5374,  "Governor" : 5391 }, 
        {"sofa" : 1,  "begin" : 979,  "end" : 984,  "Dependent" : 5403,  "Governor" : 5408 }, 
        {"sofa" : 1,  "begin" : 979,  "end" : 984,  "Dependent" : 5403,  "Governor" : 5420 }, 
        {"sofa" : 1,  "begin" : 979,  "end" : 984,  "Dependent" : 5403,  "Governor" : 5432 }, 
        {"sofa" : 1,  "begin" : 979,  "end" : 984,  "Dependent" : 5403,  "Governor" : 5437 }, 
        {"sofa" : 1,  "begin" : 979,  "end" : 984,  "Dependent" : 5403,  "Governor" : 5442 }, 
        {"sofa" : 1,  "begin" : 979,  "end" : 984,  "Dependent" : 5403,  "Governor" : 5468 }, 
        {"sofa" : 1,  "begin" : 1485,  "end" : 1488,  "Dependent" : 5485,  "Governor" : 5538,  "label" : "Anaphoric" }, 
        {"sofa" : 1,  "begin" : 1489,  "end" : 1494,  "Dependent" : 5480,  "Governor" : 5490 }, 
        {"sofa" : 1,  "begin" : 1489,  "end" : 1494,  "Dependent" : 5480,  "Governor" : 5495 }, 
        {"sofa" : 1,  "begin" : 1489,  "end" : 1494,  "Dependent" : 5480,  "Governor" : 5500 }, 
        {"sofa" : 1,  "begin" : 1489,  "end" : 1494,  "Dependent" : 5480,  "Governor" : 5505 } ], 
      "Span" : [5362,  5345,  5350,  5379,  5391,  5374,  5420,  5408,  5403,  5432,  5437,  5442,  5468,  5538,  5485,  5480,  5490,  5495,  5500,  5505 ], 
      "DocumentMetaData" : [
        {"sofa" : 1,  "end" : 1747,  "language" : "x-unspecified",  "documentTitle" : "049E%20H%20V%20Morton%201926%20H%20V%20Mortons%20London__122_distribution_TRAV.txt",  "documentId" : "satonelli",  "documentUri" : "file:/home/dhuser/alessio/inception/repository/project/29/document/8696/source/satonelli",  "collectionId" : "file:/home/dhuser/alessio/inception/repository/project/29/document/8696/source/",  "documentBaseUri" : "file:/home/dhuser/alessio/inception/repository/project/29/document/8696/source/",  "isLastSegment" : false } ], 
      "TagsetDescription" : [
        {"sofa" : 1,  "layer" : "webanno.custom.Emotions",  "name" : "Emotion Labels",  "input" : false }, 
        {"sofa" : 1,  "layer" : "custom.Relation",  "name" : "Relation labels",  "input" : false }, 
        {"sofa" : 1,  "layer" : "custom.Span",  "name" : "Smell labels",  "input" : false } ], 
      "Sentence" : [
        {"sofa" : 1,  "end" : 112 }, 
        {"sofa" : 1,  "begin" : 114,  "end" : 124 }, 
        {"sofa" : 1,  "begin" : 125,  "end" : 257 }, 
        {"sofa" : 1,  "begin" : 258,  "end" : 474 }, 
        {"sofa" : 1,  "begin" : 475,  "end" : 501 }, 
        {"sofa" : 1,  "begin" : 503,  "end" : 530 }, 
        {"sofa" : 1,  "begin" : 531,  "end" : 579 }, 
        {"sofa" : 1,  "begin" : 580,  "end" : 876 }, 
        {"sofa" : 1,  "begin" : 878,  "end" : 928 }, 
        {"sofa" : 1,  "begin" : 929,  "end" : 945 }, 
        {"sofa" : 1,  "begin" : 946,  "end" : 1118 }, 
        {"sofa" : 1,  "begin" : 1120,  "end" : 1251 }, 
        {"sofa" : 1,  "begin" : 1252,  "end" : 1365 }, 
        {"sofa" : 1,  "begin" : 1368,  "end" : 1386 }, 
        {"sofa" : 1,  "begin" : 1387,  "end" : 1484 }, 
        {"sofa" : 1,  "begin" : 1485,  "end" : 1540 }, 
        {"sofa" : 1,  "begin" : 1542,  "end" : 1701 }, 
        {"sofa" : 1,  "begin" : 1703,  "end" : 1714 }, 
        {"sofa" : 1,  "begin" : 1715,  "end" : 1725 }, 
        {"sofa" : 1,  "begin" : 1726,  "end" : 1746 } ], 
      "Token" : [
        {"sofa" : 1,  "end" : 2 }, 
        {"sofa" : 1,  "begin" : 3,  "end" : 10 }, 
        {"sofa" : 1,  "begin" : 11,  "end" : 19 }, 
        {"sofa" : 1,  "begin" : 20,  "end" : 23 }, 
        {"sofa" : 1,  "begin" : 24,  "end" : 28 }, 
        {"sofa" : 1,  "begin" : 28,  "end" : 29 }, 
        {"sofa" : 1,  "begin" : 30,  "end" : 31 }, 
        {"sofa" : 1,  "begin" : 31,  "end" : 34 }, 
        {"sofa" : 1,  "begin" : 34,  "end" : 35 }, 
        {"sofa" : 1,  "begin" : 35,  "end" : 36 }, 
        {"sofa" : 1,  "begin" : 37,  "end" : 40 }, 
        {"sofa" : 1,  "begin" : 41,  "end" : 44 }, 
        {"sofa" : 1,  "begin" : 45,  "end" : 48 }, 
        {"sofa" : 1,  "begin" : 49,  "end" : 51 }, 
        {"sofa" : 1,  "begin" : 52,  "end" : 56 }, 
        {"sofa" : 1,  "begin" : 57,  "end" : 59 }, 
        {"sofa" : 1,  "begin" : 60,  "end" : 64 }, 
        {"sofa" : 1,  "begin" : 65,  "end" : 67 }, 
        {"sofa" : 1,  "begin" : 68,  "end" : 72 }, 
        {"sofa" : 1,  "begin" : 73,  "end" : 75 }, 
        {"sofa" : 1,  "begin" : 76,  "end" : 79 }, 
        {"sofa" : 1,  "begin" : 80,  "end" : 85 }, 
        {"sofa" : 1,  "begin" : 86,  "end" : 88 }, 
        {"sofa" : 1,  "begin" : 89,  "end" : 91 }, 
        {"sofa" : 1,  "begin" : 92,  "end" : 93 }, 
        {"sofa" : 1,  "begin" : 94,  "end" : 102 }, 
        {"sofa" : 1,  "begin" : 103,  "end" : 111 }, 
        {"sofa" : 1,  "begin" : 111,  "end" : 112 }, 
        {"sofa" : 1,  "begin" : 114,  "end" : 118 }, 
        {"sofa" : 1,  "begin" : 119,  "end" : 123 }, 
        {"sofa" : 1,  "begin" : 123,  "end" : 124 }, 
        {"sofa" : 1,  "begin" : 125,  "end" : 127 }, 
        {"sofa" : 1,  "begin" : 128,  "end" : 133 }, 
        {"sofa" : 1,  "begin" : 134,  "end" : 136 }, 
        {"sofa" : 1,  "begin" : 137,  "end" : 145 }, 
        {"sofa" : 1,  "begin" : 146,  "end" : 150 }, 
        {"sofa" : 1,  "begin" : 151,  "end" : 160 }, 
        {"sofa" : 1,  "begin" : 161,  "end" : 163 }, 
        {"sofa" : 1,  "begin" : 164,  "end" : 170 }, 
        {"sofa" : 1,  "begin" : 171,  "end" : 175 }, 
        {"sofa" : 1,  "begin" : 176,  "end" : 180 }, 
        {"sofa" : 1,  "begin" : 181,  "end" : 187 }, 
        {"sofa" : 1,  "begin" : 188,  "end" : 190 }, 
        {"sofa" : 1,  "begin" : 191,  "end" : 195 }, 
        {"sofa" : 1,  "begin" : 196,  "end" : 199 }, 
        {"sofa" : 1,  "begin" : 200,  "end" : 207 }, 
        {"sofa" : 1,  "begin" : 208,  "end" : 216 }, 
        {"sofa" : 1,  "begin" : 217,  "end" : 219 }, 
        {"sofa" : 1,  "begin" : 220,  "end" : 223 }, 
        {"sofa" : 1,  "begin" : 224,  "end" : 229 }, 
        {"sofa" : 1,  "begin" : 230,  "end" : 231 }, 
        {"sofa" : 1,  "begin" : 232,  "end" : 237 }, 
        {"sofa" : 1,  "begin" : 238,  "end" : 242 }, 
        {"sofa" : 1,  "begin" : 243,  "end" : 245 }, 
        {"sofa" : 1,  "begin" : 246,  "end" : 250 }, 
        {"sofa" : 1,  "begin" : 251,  "end" : 253 }, 
        {"sofa" : 1,  "begin" : 254,  "end" : 256 }, 
        {"sofa" : 1,  "begin" : 256,  "end" : 257 }, 
        {"sofa" : 1,  "begin" : 258,  "end" : 263 }, 
        {"sofa" : 1,  "begin" : 264,  "end" : 265 }, 
        {"sofa" : 1,  "begin" : 266,  "end" : 273 }, 
        {"sofa" : 1,  "begin" : 274,  "end" : 279 }, 
        {"sofa" : 1,  "begin" : 280,  "end" : 282 }, 
        {"sofa" : 1,  "begin" : 283,  "end" : 286 }, 
        {"sofa" : 1,  "begin" : 287,  "end" : 290 }, 
        {"sofa" : 1,  "begin" : 290,  "end" : 291 }, 
        {"sofa" : 1,  "begin" : 292,  "end" : 293 }, 
        {"sofa" : 1,  "begin" : 294,  "end" : 300 }, 
        {"sofa" : 1,  "begin" : 301,  "end" : 309 }, 
        {"sofa" : 1,  "begin" : 309,  "end" : 310 }, 
        {"sofa" : 1,  "begin" : 311,  "end" : 315 }, 
        {"sofa" : 1,  "begin" : 316,  "end" : 317 }, 
        {"sofa" : 1,  "begin" : 318,  "end" : 323 }, 
        {"sofa" : 1,  "begin" : 324,  "end" : 326 }, 
        {"sofa" : 1,  "begin" : 327,  "end" : 330 }, 
        {"sofa" : 1,  "begin" : 331,  "end" : 335 }, 
        {"sofa" : 1,  "begin" : 335,  "end" : 336 }, 
        {"sofa" : 1,  "begin" : 337,  "end" : 340 }, 
        {"sofa" : 1,  "begin" : 340,  "end" : 341 }, 
        {"sofa" : 1,  "begin" : 342,  "end" : 346 }, 
        {"sofa" : 1,  "begin" : 347,  "end" : 356 }, 
        {"sofa" : 1,  "begin" : 357,  "end" : 367 }, 
        {"sofa" : 1,  "begin" : 367,  "end" : 368 }, 
        {"sofa" : 1,  "begin" : 369,  "end" : 374 }, 
        {"sofa" : 1,  "begin" : 375,  "end" : 379 }, 
        {"sofa" : 1,  "begin" : 379,  "end" : 380 }, 
        {"sofa" : 1,  "begin" : 381,  "end" : 386 }, 
        {"sofa" : 1,  "begin" : 387,  "end" : 393 }, 
        {"sofa" : 1,  "begin" : 393,  "end" : 394 }, 
        {"sofa" : 1,  "begin" : 395,  "end" : 400 }, 
        {"sofa" : 1,  "begin" : 401,  "end" : 408 }, 
        {"sofa" : 1,  "begin" : 409,  "end" : 414 }, 
        {"sofa" : 1,  "begin" : 415,  "end" : 417 }, 
        {"sofa" : 1,  "begin" : 418,  "end" : 428 }, 
        {"sofa" : 1,  "begin" : 429,  "end" : 438 }, 
        {"sofa" : 1,  "begin" : 439,  "end" : 446 }, 
        {"sofa" : 1,  "begin" : 447,  "end" : 450 }, 
        {"sofa" : 1,  "begin" : 451,  "end" : 465 }, 
        {"sofa" : 1,  "begin" : 466,  "end" : 469 }, 
        {"sofa" : 1,  "begin" : 469,  "end" : 470 }, 
        {"sofa" : 1,  "begin" : 470,  "end" : 471 }, 
        {"sofa" : 1,  "begin" : 471,  "end" : 472 }, 
        {"sofa" : 1,  "begin" : 473,  "end" : 474 }, 
        {"sofa" : 1,  "begin" : 475,  "end" : 481 }, 
        {"sofa" : 1,  "begin" : 481,  "end" : 482 }, 
        {"sofa" : 1,  "begin" : 482,  "end" : 483 }, 
        {"sofa" : 1,  "begin" : 483,  "end" : 484 }, 
        {"sofa" : 1,  "begin" : 485,  "end" : 490 }, 
        {"sofa" : 1,  "begin" : 490,  "end" : 491 }, 
        {"sofa" : 1,  "begin" : 491,  "end" : 492 }, 
        {"sofa" : 1,  "begin" : 492,  "end" : 493 }, 
        {"sofa" : 1,  "begin" : 494,  "end" : 500 }, 
        {"sofa" : 1,  "begin" : 500,  "end" : 501 }, 
        {"sofa" : 1,  "begin" : 503,  "end" : 512 }, 
        {"sofa" : 1,  "begin" : 513,  "end" : 516 }, 
        {"sofa" : 1,  "begin" : 517,  "end" : 522 }, 
        {"sofa" : 1,  "begin" : 523,  "end" : 529 }, 
        {"sofa" : 1,  "begin" : 529,  "end" : 530 }, 
        {"sofa" : 1,  "begin" : 531,  "end" : 534 }, 
        {"sofa" : 1,  "begin" : 535,  "end" : 539 }, 
        {"sofa" : 1,  "begin" : 540,  "end" : 545 }, 
        {"sofa" : 1,  "begin" : 546,  "end" : 549 }, 
        {"sofa" : 1,  "begin" : 550,  "end" : 560 }, 
        {"sofa" : 1,  "begin" : 560,  "end" : 561 }, 
        {"sofa" : 1,  "begin" : 562,  "end" : 567 }, 
        {"sofa" : 1,  "begin" : 568,  "end" : 571 }, 
        {"sofa" : 1,  "begin" : 572,  "end" : 578 }, 
        {"sofa" : 1,  "begin" : 578,  "end" : 579 }, 
        {"sofa" : 1,  "begin" : 580,  "end" : 582 }, 
        {"sofa" : 1,  "begin" : 583,  "end" : 586 }, 
        {"sofa" : 1,  "begin" : 587,  "end" : 593 }, 
        {"sofa" : 1,  "begin" : 594,  "end" : 596 }, 
        {"sofa" : 1,  "begin" : 597,  "end" : 603 }, 
        {"sofa" : 1,  "begin" : 604,  "end" : 609 }, 
        {"sofa" : 1,  "begin" : 610,  "end" : 613 }, 
        {"sofa" : 1,  "begin" : 614,  "end" : 618 }, 
        {"sofa" : 1,  "begin" : 619,  "end" : 622 }, 
        {"sofa" : 1,  "begin" : 623,  "end" : 629 }, 
        {"sofa" : 1,  "begin" : 630,  "end" : 634 }, 
        {"sofa" : 1,  "begin" : 635,  "end" : 639 }, 
        {"sofa" : 1,  "begin" : 640,  "end" : 645 }, 
        {"sofa" : 1,  "begin" : 645,  "end" : 646 }, 
        {"sofa" : 1,  "begin" : 647,  "end" : 652 }, 
        {"sofa" : 1,  "begin" : 653,  "end" : 655 }, 
        {"sofa" : 1,  "begin" : 655,  "end" : 656 }, 
        {"sofa" : 1,  "begin" : 657,  "end" : 661 }, 
        {"sofa" : 1,  "begin" : 662,  "end" : 666 }, 
        {"sofa" : 1,  "begin" : 666,  "end" : 667 }, 
        {"sofa" : 1,  "begin" : 668,  "end" : 669 }, 
        {"sofa" : 1,  "begin" : 670,  "end" : 675 }, 
        {"sofa" : 1,  "begin" : 676,  "end" : 678 }, 
        {"sofa" : 1,  "begin" : 679,  "end" : 685 }, 
        {"sofa" : 1,  "begin" : 686,  "end" : 691 }, 
        {"sofa" : 1,  "begin" : 691,  "end" : 692 }, 
        {"sofa" : 1,  "begin" : 693,  "end" : 695 }, 
        {"sofa" : 1,  "begin" : 696,  "end" : 700 }, 
        {"sofa" : 1,  "begin" : 701,  "end" : 706 }, 
        {"sofa" : 1,  "begin" : 707,  "end" : 711 }, 
        {"sofa" : 1,  "begin" : 712,  "end" : 718 }, 
        {"sofa" : 1,  "begin" : 719,  "end" : 723 }, 
        {"sofa" : 1,  "begin" : 724,  "end" : 728 }, 
        {"sofa" : 1,  "begin" : 729,  "end" : 731 }, 
        {"sofa" : 1,  "begin" : 732,  "end" : 735 }, 
        {"sofa" : 1,  "begin" : 736,  "end" : 740 }, 
        {"sofa" : 1,  "begin" : 741,  "end" : 746 }, 
        {"sofa" : 1,  "begin" : 746,  "end" : 747 }, 
        {"sofa" : 1,  "begin" : 748,  "end" : 751 }, 
        {"sofa" : 1,  "begin" : 752,  "end" : 754 }, 
        {"sofa" : 1,  "begin" : 755,  "end" : 763 }, 
        {"sofa" : 1,  "begin" : 764,  "end" : 771 }, 
        {"sofa" : 1,  "begin" : 772,  "end" : 776 }, 
        {"sofa" : 1,  "begin" : 777,  "end" : 780 }, 
        {"sofa" : 1,  "begin" : 781,  "end" : 786 }, 
        {"sofa" : 1,  "begin" : 787,  "end" : 795 }, 
        {"sofa" : 1,  "begin" : 796,  "end" : 797 }, 
        {"sofa" : 1,  "begin" : 798,  "end" : 802 }, 
        {"sofa" : 1,  "begin" : 802,  "end" : 803 }, 
        {"sofa" : 1,  "begin" : 803,  "end" : 804 }, 
        {"sofa" : 1,  "begin" : 805,  "end" : 809 }, 
        {"sofa" : 1,  "begin" : 809,  "end" : 810 }, 
        {"sofa" : 1,  "begin" : 811,  "end" : 814 }, 
        {"sofa" : 1,  "begin" : 815,  "end" : 819 }, 
        {"sofa" : 1,  "begin" : 820,  "end" : 823 }, 
        {"sofa" : 1,  "begin" : 824,  "end" : 827 }, 
        {"sofa" : 1,  "begin" : 828,  "end" : 833 }, 
        {"sofa" : 1,  "begin" : 834,  "end" : 837 }, 
        {"sofa" : 1,  "begin" : 838,  "end" : 842 }, 
        {"sofa" : 1,  "begin" : 843,  "end" : 845 }, 
        {"sofa" : 1,  "begin" : 846,  "end" : 849 }, 
        {"sofa" : 1,  "begin" : 850,  "end" : 855 }, 
        {"sofa" : 1,  "begin" : 856,  "end" : 862 }, 
        {"sofa" : 1,  "begin" : 863,  "end" : 865 }, 
        {"sofa" : 1,  "begin" : 866,  "end" : 867 }, 
        {"sofa" : 1,  "begin" : 868,  "end" : 871 }, 
        {"sofa" : 1,  "begin" : 872,  "end" : 875 }, 
        {"sofa" : 1,  "begin" : 875,  "end" : 876 }, 
        {"sofa" : 1,  "begin" : 878,  "end" : 880 }, 
        {"sofa" : 1,  "begin" : 881,  "end" : 884 }, 
        {"sofa" : 1,  "begin" : 885,  "end" : 890 }, 
        {"sofa" : 1,  "begin" : 891,  "end" : 896 }, 
        {"sofa" : 1,  "begin" : 896,  "end" : 897 }, 
        {"sofa" : 1,  "begin" : 898,  "end" : 901 }, 
        {"sofa" : 1,  "begin" : 901,  "end" : 902 }, 
        {"sofa" : 1,  "begin" : 902,  "end" : 903 }, 
        {"sofa" : 1,  "begin" : 904,  "end" : 909 }, 
        {"sofa" : 1,  "begin" : 910,  "end" : 912 }, 
        {"sofa" : 1,  "begin" : 913,  "end" : 918 }, 
        {"sofa" : 1,  "begin" : 919,  "end" : 927 }, 
        {"sofa" : 1,  "begin" : 927,  "end" : 928 }, 
        {"sofa" : 1,  "begin" : 929,  "end" : 933 }, 
        {"sofa" : 1,  "begin" : 934,  "end" : 936 }, 
        {"sofa" : 1,  "begin" : 937,  "end" : 944 }, 
        {"sofa" : 1,  "begin" : 944,  "end" : 945 }, 
        {"sofa" : 1,  "begin" : 946,  "end" : 949 }, 
        {"sofa" : 1,  "begin" : 950,  "end" : 953 }, 
        {"sofa" : 1,  "begin" : 954,  "end" : 956 }, 
        {"sofa" : 1,  "begin" : 957,  "end" : 960 }, 
        {"sofa" : 1,  "begin" : 961,  "end" : 965 }, 
        {"sofa" : 1,  "begin" : 966,  "end" : 968 }, 
        {"sofa" : 1,  "begin" : 969,  "end" : 970 }, 
        {"sofa" : 1,  "begin" : 971,  "end" : 978 }, 
        {"sofa" : 1,  "begin" : 979,  "end" : 984 }, 
        {"sofa" : 1,  "begin" : 985,  "end" : 987 }, 
        {"sofa" : 1,  "begin" : 988,  "end" : 992 }, 
        {"sofa" : 1,  "begin" : 993,  "end" : 996 }, 
        {"sofa" : 1,  "begin" : 997,  "end" : 1000 }, 
        {"sofa" : 1,  "begin" : 1001,  "end" : 1004 }, 
        {"sofa" : 1,  "begin" : 1005,  "end" : 1008 }, 
        {"sofa" : 1,  "begin" : 1008,  "end" : 1009 }, 
        {"sofa" : 1,  "begin" : 1010,  "end" : 1013 }, 
        {"sofa" : 1,  "begin" : 1014,  "end" : 1018 }, 
        {"sofa" : 1,  "begin" : 1019,  "end" : 1026 }, 
        {"sofa" : 1,  "begin" : 1027,  "end" : 1032 }, 
        {"sofa" : 1,  "begin" : 1032,  "end" : 1033 }, 
        {"sofa" : 1,  "begin" : 1034,  "end" : 1040 }, 
        {"sofa" : 1,  "begin" : 1041,  "end" : 1045 }, 
        {"sofa" : 1,  "begin" : 1046,  "end" : 1051 }, 
        {"sofa" : 1,  "begin" : 1052,  "end" : 1063 }, 
        {"sofa" : 1,  "begin" : 1063,  "end" : 1064 }, 
        {"sofa" : 1,  "begin" : 1065,  "end" : 1069 }, 
        {"sofa" : 1,  "begin" : 1070,  "end" : 1072 }, 
        {"sofa" : 1,  "begin" : 1073,  "end" : 1083 }, 
        {"sofa" : 1,  "begin" : 1084,  "end" : 1089 }, 
        {"sofa" : 1,  "begin" : 1090,  "end" : 1094 }, 
        {"sofa" : 1,  "begin" : 1095,  "end" : 1097 }, 
        {"sofa" : 1,  "begin" : 1098,  "end" : 1101 }, 
        {"sofa" : 1,  "begin" : 1102,  "end" : 1106 }, 
        {"sofa" : 1,  "begin" : 1107,  "end" : 1111 }, 
        {"sofa" : 1,  "begin" : 1112,  "end" : 1117 }, 
        {"sofa" : 1,  "begin" : 1117,  "end" : 1118 }, 
        {"sofa" : 1,  "begin" : 1120,  "end" : 1125 }, 
        {"sofa" : 1,  "begin" : 1126,  "end" : 1128 }, 
        {"sofa" : 1,  "begin" : 1129,  "end" : 1130 }, 
        {"sofa" : 1,  "begin" : 1131,  "end" : 1136 }, 
        {"sofa" : 1,  "begin" : 1137,  "end" : 1139 }, 
        {"sofa" : 1,  "begin" : 1140,  "end" : 1144 }, 
        {"sofa" : 1,  "begin" : 1145,  "end" : 1150 }, 
        {"sofa" : 1,  "begin" : 1151,  "end" : 1155 }, 
        {"sofa" : 1,  "begin" : 1156,  "end" : 1158 }, 
        {"sofa" : 1,  "begin" : 1159,  "end" : 1161 }, 
        {"sofa" : 1,  "begin" : 1162,  "end" : 1165 }, 
        {"sofa" : 1,  "begin" : 1166,  "end" : 1169 }, 
        {"sofa" : 1,  "begin" : 1169,  "end" : 1170 }, 
        {"sofa" : 1,  "begin" : 1171,  "end" : 1175 }, 
        {"sofa" : 1,  "begin" : 1176,  "end" : 1177 }, 
        {"sofa" : 1,  "begin" : 1178,  "end" : 1186 }, 
        {"sofa" : 1,  "begin" : 1187,  "end" : 1195 }, 
        {"sofa" : 1,  "begin" : 1196,  "end" : 1200 }, 
        {"sofa" : 1,  "begin" : 1201,  "end" : 1205 }, 
        {"sofa" : 1,  "begin" : 1206,  "end" : 1213 }, 
        {"sofa" : 1,  "begin" : 1213,  "end" : 1214 }, 
        {"sofa" : 1,  "begin" : 1215,  "end" : 1222 }, 
        {"sofa" : 1,  "begin" : 1222,  "end" : 1223 }, 
        {"sofa" : 1,  "begin" : 1224,  "end" : 1227 }, 
        {"sofa" : 1,  "begin" : 1228,  "end" : 1233 }, 
        {"sofa" : 1,  "begin" : 1234,  "end" : 1238 }, 
        {"sofa" : 1,  "begin" : 1239,  "end" : 1241 }, 
        {"sofa" : 1,  "begin" : 1242,  "end" : 1245 }, 
        {"sofa" : 1,  "begin" : 1246,  "end" : 1250 }, 
        {"sofa" : 1,  "begin" : 1250,  "end" : 1251 }, 
        {"sofa" : 1,  "begin" : 1252,  "end" : 1254 }, 
        {"sofa" : 1,  "begin" : 1255,  "end" : 1262 }, 
        {"sofa" : 1,  "begin" : 1263,  "end" : 1267 }, 
        {"sofa" : 1,  "begin" : 1267,  "end" : 1268 }, 
        {"sofa" : 1,  "begin" : 1269,  "end" : 1272 }, 
        {"sofa" : 1,  "begin" : 1273,  "end" : 1276 }, 
        {"sofa" : 1,  "begin" : 1277,  "end" : 1281 }, 
        {"sofa" : 1,  "begin" : 1282,  "end" : 1286 }, 
        {"sofa" : 1,  "begin" : 1287,  "end" : 1289 }, 
        {"sofa" : 1,  "begin" : 1290,  "end" : 1293 }, 
        {"sofa" : 1,  "begin" : 1297,  "end" : 1303 }, 
        {"sofa" : 1,  "begin" : 1304,  "end" : 1307 }, 
        {"sofa" : 1,  "begin" : 1308,  "end" : 1311 }, 
        {"sofa" : 1,  "begin" : 1312,  "end" : 1315 }, 
        {"sofa" : 1,  "begin" : 1316,  "end" : 1320 }, 
        {"sofa" : 1,  "begin" : 1321,  "end" : 1323 }, 
        {"sofa" : 1,  "begin" : 1324,  "end" : 1328 }, 
        {"sofa" : 1,  "begin" : 1329,  "end" : 1330 }, 
        {"sofa" : 1,  "begin" : 1331,  "end" : 1337 }, 
        {"sofa" : 1,  "begin" : 1338,  "end" : 1341 }, 
        {"sofa" : 1,  "begin" : 1342,  "end" : 1346 }, 
        {"sofa" : 1,  "begin" : 1347,  "end" : 1350 }, 
        {"sofa" : 1,  "begin" : 1351,  "end" : 1356 }, 
        {"sofa" : 1,  "begin" : 1357,  "end" : 1359 }, 
        {"sofa" : 1,  "begin" : 1360,  "end" : 1364 }, 
        {"sofa" : 1,  "begin" : 1364,  "end" : 1365 }, 
        {"sofa" : 1,  "begin" : 1368,  "end" : 1370 }, 
        {"sofa" : 1,  "begin" : 1371,  "end" : 1376 }, 
        {"sofa" : 1,  "begin" : 1377,  "end" : 1380 }, 
        {"sofa" : 1,  "begin" : 1381,  "end" : 1385 }, 
        {"sofa" : 1,  "begin" : 1385,  "end" : 1386 }, 
        {"sofa" : 1,  "begin" : 1387,  "end" : 1388 }, 
        {"sofa" : 1,  "begin" : 1389,  "end" : 1397 }, 
        {"sofa" : 1,  "begin" : 1398,  "end" : 1401 }, 
        {"sofa" : 1,  "begin" : 1402,  "end" : 1405 }, 
        {"sofa" : 1,  "begin" : 1405,  "end" : 1406 }, 
        {"sofa" : 1,  "begin" : 1407,  "end" : 1415 }, 
        {"sofa" : 1,  "begin" : 1416,  "end" : 1418 }, 
        {"sofa" : 1,  "begin" : 1419,  "end" : 1424 }, 
        {"sofa" : 1,  "begin" : 1425,  "end" : 1427 }, 
        {"sofa" : 1,  "begin" : 1428,  "end" : 1432 }, 
        {"sofa" : 1,  "begin" : 1433,  "end" : 1437 }, 
        {"sofa" : 1,  "begin" : 1438,  "end" : 1443 }, 
        {"sofa" : 1,  "begin" : 1444,  "end" : 1446 }, 
        {"sofa" : 1,  "begin" : 1447,  "end" : 1450 }, 
        {"sofa" : 1,  "begin" : 1451,  "end" : 1455 }, 
        {"sofa" : 1,  "begin" : 1456,  "end" : 1460 }, 
        {"sofa" : 1,  "begin" : 1461,  "end" : 1464 }, 
        {"sofa" : 1,  "begin" : 1465,  "end" : 1474 }, 
        {"sofa" : 1,  "begin" : 1475,  "end" : 1477 }, 
        {"sofa" : 1,  "begin" : 1478,  "end" : 1483 }, 
        {"sofa" : 1,  "begin" : 1483,  "end" : 1484 }, 
        {"sofa" : 1,  "begin" : 1485,  "end" : 1488 }, 
        {"sofa" : 1,  "begin" : 1489,  "end" : 1494 }, 
        {"sofa" : 1,  "begin" : 1495,  "end" : 1497 }, 
        {"sofa" : 1,  "begin" : 1498,  "end" : 1503 }, 
        {"sofa" : 1,  "begin" : 1504,  "end" : 1508 }, 
        {"sofa" : 1,  "begin" : 1508,  "end" : 1509 }, 
        {"sofa" : 1,  "begin" : 1510,  "end" : 1515 }, 
        {"sofa" : 1,  "begin" : 1516,  "end" : 1519 }, 
        {"sofa" : 1,  "begin" : 1520,  "end" : 1524 }, 
        {"sofa" : 1,  "begin" : 1525,  "end" : 1528 }, 
        {"sofa" : 1,  "begin" : 1529,  "end" : 1535 }, 
        {"sofa" : 1,  "begin" : 1535,  "end" : 1536 }, 
        {"sofa" : 1,  "begin" : 1536,  "end" : 1537 }, 
        {"sofa" : 1,  "begin" : 1537,  "end" : 1538 }, 
        {"sofa" : 1,  "begin" : 1539,  "end" : 1540 }, 
        {"sofa" : 1,  "begin" : 1542,  "end" : 1546 }, 
        {"sofa" : 1,  "begin" : 1547,  "end" : 1552 }, 
        {"sofa" : 1,  "begin" : 1553,  "end" : 1554 }, 
        {"sofa" : 1,  "begin" : 1555,  "end" : 1558 }, 
        {"sofa" : 1,  "begin" : 1559,  "end" : 1565 }, 
        {"sofa" : 1,  "begin" : 1566,  "end" : 1567 }, 
        {"sofa" : 1,  "begin" : 1568,  "end" : 1571 }, 
        {"sofa" : 1,  "begin" : 1572,  "end" : 1574 }, 
        {"sofa" : 1,  "begin" : 1575,  "end" : 1579 }, 
        {"sofa" : 1,  "begin" : 1580,  "end" : 1583 }, 
        {"sofa" : 1,  "begin" : 1584,  "end" : 1589 }, 
        {"sofa" : 1,  "begin" : 1590,  "end" : 1593 }, 
        {"sofa" : 1,  "begin" : 1593,  "end" : 1594 }, 
        {"sofa" : 1,  "begin" : 1595,  "end" : 1598 }, 
        {"sofa" : 1,  "begin" : 1599,  "end" : 1600 }, 
        {"sofa" : 1,  "begin" : 1601,  "end" : 1604 }, 
        {"sofa" : 1,  "begin" : 1605,  "end" : 1609 }, 
        {"sofa" : 1,  "begin" : 1610,  "end" : 1612 }, 
        {"sofa" : 1,  "begin" : 1613,  "end" : 1619 }, 
        {"sofa" : 1,  "begin" : 1620,  "end" : 1627 }, 
        {"sofa" : 1,  "begin" : 1628,  "end" : 1629 }, 
        {"sofa" : 1,  "begin" : 1630,  "end" : 1634 }, 
        {"sofa" : 1,  "begin" : 1635,  "end" : 1637 }, 
        {"sofa" : 1,  "begin" : 1638,  "end" : 1641 }, 
        {"sofa" : 1,  "begin" : 1642,  "end" : 1646 }, 
        {"sofa" : 1,  "begin" : 1647,  "end" : 1650 }, 
        {"sofa" : 1,  "begin" : 1651,  "end" : 1652 }, 
        {"sofa" : 1,  "begin" : 1653,  "end" : 1656 }, 
        {"sofa" : 1,  "begin" : 1657,  "end" : 1662 }, 
        {"sofa" : 1,  "begin" : 1663,  "end" : 1667 }, 
        {"sofa" : 1,  "begin" : 1668,  "end" : 1671 }, 
        {"sofa" : 1,  "begin" : 1671,  "end" : 1672 }, 
        {"sofa" : 1,  "begin" : 1674,  "end" : 1675 }, 
        {"sofa" : 1,  "begin" : 1675,  "end" : 1678 }, 
        {"sofa" : 1,  "begin" : 1679,  "end" : 1682 }, 
        {"sofa" : 1,  "begin" : 1683,  "end" : 1686 }, 
        {"sofa" : 1,  "begin" : 1687,  "end" : 1690 }, 
        {"sofa" : 1,  "begin" : 1690,  "end" : 1691 }, 
        {"sofa" : 1,  "begin" : 1692,  "end" : 1699 }, 
        {"sofa" : 1,  "begin" : 1699,  "end" : 1700 }, 
        {"sofa" : 1,  "begin" : 1700,  "end" : 1701 }, 
        {"sofa" : 1,  "begin" : 1703,  "end" : 1704 }, 
        {"sofa" : 1,  "begin" : 1704,  "end" : 1712 }, 
        {"sofa" : 1,  "begin" : 1712,  "end" : 1713 }, 
        {"sofa" : 1,  "begin" : 1713,  "end" : 1714 }, 
        {"sofa" : 1,  "begin" : 1715,  "end" : 1718 }, 
        {"sofa" : 1,  "begin" : 1719,  "end" : 1724 }, 
        {"sofa" : 1,  "begin" : 1724,  "end" : 1725 }, 
        {"sofa" : 1,  "begin" : 1726,  "end" : 1727 }, 
        {"sofa" : 1,  "begin" : 1727,  "end" : 1730 }, 
        {"sofa" : 1,  "begin" : 1731,  "end" : 1733 }, 
        {"sofa" : 1,  "begin" : 1734,  "end" : 1738 }, 
        {"sofa" : 1,  "begin" : 1739,  "end" : 1741 }, 
        {"sofa" : 1,  "begin" : 1742,  "end" : 1745 }, 
        {"sofa" : 1,  "begin" : 1745,  "end" : 1746 } ] } }, 
  "_referenced_fss" : {
    "1" : {"_type" : "Sofa",  "sofaNum" : 1,  "sofaID" : "_InitialView",  "mimeType" : "text",  "sofaString" : "He coughed slightly and said, ‘Yes,’ and the way\nhe said it told me that it was going to be a romantic\noccasion.\n\nThen dawn. If there is anything more wonderful in London\nthan dawn coming up over the tangled shipping of the docks\nI would like to know of it. First a silvery light in the air, a\nchilly greyness, then a flush in the east, and, with startling\nsuddenness, every mast, every funnel, every leaning crane is\nsuhouetted jet-black against the pearl-coloured sky... .\nUnreal... still... silent.\n\nGradually the docks awaken. Men walk along the wharf-side, doors are opened. In the depths of little ships men rise\nand become busy with ropes; there is, from some, a smell of\nfrying bacon; on tall ships mast lights grow pale in the dawn\nlight, men in swinging cradles yawn and start painting a\nship’s hull, and from far off comes the ring of the first hammer\nof a new day.\n\nAs the light grows, one’s sense of smell improves. This is\nstrange. The air is now full of a pungent smell of hemp and\ntow and tar, and even distant docks, stored with their\nmerchandise, seem to contribute their part as the dawn\nwind blows.\n\nThere is a flush of pink cloud high up in the sky, such a\ndelicate flamingo pink that changes, spreads, and fades even\nas you look. It becomes gold, and you know that at any\n\n\n\nmoment the sun may nise up like a tocsin and call the world\nto work.\n\n\nWe found the ship. A mountain she was, towering up above\nus with tiny holes in her side like the entrances to caves. She\nsmelt of fried fish, bacon and eggs and coffee... .\n\nSoon after I was aboard I had to look the other way, for\nI had seen my friend holding a girl in his arms and I had heard\nhimm Say:\n\n‘And how are you, darling?’\n\n‘Splendid!’ she cried. ‘Let me look at you! " }, 
    "5345" : {"_type" : "Span",  "sofa" : 1,  "begin" : 670,  "end" : 675,  "label" : "Smell_Word" }, 
    "5350" : {"_type" : "Span",  "sofa" : 1,  "begin" : 676,  "end" : 691,  "label" : "Smell_Source" }, 
    "5362" : {"_type" : "Span",  "sofa" : 1,  "begin" : 657,  "end" : 666,  "label" : "Location" }, 
    "5374" : {"_type" : "Span",  "sofa" : 1,  "begin" : 913,  "end" : 918,  "label" : "Smell_Word" }, 
    "5379" : {"_type" : "Span",  "sofa" : 1,  "begin" : 878,  "end" : 896,  "label" : "Circumstances" }, 
    "5391" : {"_type" : "Span",  "sofa" : 1,  "begin" : 898,  "end" : 903,  "label" : "Perceiver" }, 
    "5403" : {"_type" : "Span",  "sofa" : 1,  "begin" : 979,  "end" : 984,  "label" : "Smell_Word" }, 
    "5408" : {"_type" : "Span",  "sofa" : 1,  "begin" : 971,  "end" : 978,  "label" : "Quality" }, 
    "5420" : {"_type" : "Span",  "sofa" : 1,  "begin" : 946,  "end" : 953,  "label" : "Odour_Carrier" }, 
    "5432" : {"_type" : "Span",  "sofa" : 1,  "begin" : 985,  "end" : 992,  "label" : "Smell_Source" }, 
    "5437" : {"_type" : "Span",  "sofa" : 1,  "begin" : 997,  "end" : 1000,  "label" : "Smell_Source" }, 
    "5442" : {"_type" : "Span",  "sofa" : 1,  "begin" : 1005,  "end" : 1008,  "label" : "Smell_Source" }, 
    "5468" : {"_type" : "Span",  "sofa" : 1,  "begin" : 1014,  "end" : 1032,  "label" : "Location" }, 
    "5485" : {"_type" : "Span",  "sofa" : 1,  "begin" : 1485,  "end" : 1488,  "label" : "Location" }, 
    "5538" : {"_type" : "Span",  "sofa" : 1,  "begin" : 1377,  "end" : 1385,  "label" : "Location" }, 
    "5480" : {"_type" : "Span",  "sofa" : 1,  "begin" : 1489,  "end" : 1494,  "label" : "Smell_Word" }, 
    "5490" : {"_type" : "Span",  "sofa" : 1,  "begin" : 1495,  "end" : 1508,  "label" : "Smell_Source" }, 
    "5495" : {"_type" : "Span",  "sofa" : 1,  "begin" : 1510,  "end" : 1515,  "label" : "Smell_Source" }, 
    "5500" : {"_type" : "Span",  "sofa" : 1,  "begin" : 1520,  "end" : 1524,  "label" : "Smell_Source" }, 
    "5505" : {"_type" : "Span",  "sofa" : 1,  "begin" : 1529,  "end" : 1535,  "label" : "Smell_Source" } } }