#FORMAT=WebAnno TSV 3.3
#T_SP=custom.Span|label
#T_RL=custom.Relation|label|BT_custom.Span


#Text=Y a-t-il quelque relation entre l'odeur et la composition chimique?
1-1	0-1	Y	_	_	_	
1-2	2-8	a-t-il	_	_	_	
1-3	9-16	quelque	_	_	_	
1-4	17-25	relation	_	_	_	
1-5	26-31	entre	_	_	_	
1-6	32-39	l'odeur	Smell\_Word	_	_	
1-7	40-42	et	_	_	_	
1-8	43-45	la	_	_	_	
1-9	46-57	composition	_	_	_	
1-10	58-66	chimique	_	_	_	
1-11	66-67	?	_	_	_	

#Text=Un physiologiste anglais, M.
2-1	68-70	Un	_	_	_	
2-2	71-84	physiologiste	_	_	_	
2-3	85-92	anglais	_	_	_	
2-4	92-93	,	_	_	_	
2-5	94-95	M	_	_	_	
2-6	95-96	.	_	_	_	

#Text=John Berry Haycraft, en étudiant les saveurs et les odeurs des principaux composés de chaque famille naturelle de corps, notamment celles des composés de la famille oxygène, soufre, chrome, sélénium, molybdène, tellure, didymium, tungstène, uranium, a noté des modifications dans l'odeur en même temps que des accroissements dans les poids atomiques.
3-1	97-101	John	Perceiver[1]	_	_	
3-2	102-107	Berry	Perceiver[1]	_	_	
3-3	108-116	Haycraft	Perceiver[1]	_	_	
3-4	116-117	,	_	_	_	
3-5	118-120	en	_	_	_	
3-6	121-129	étudiant	_	_	_	
3-7	130-133	les	_	_	_	
3-8	134-141	saveurs	_	_	_	
3-9	142-144	et	_	_	_	
3-10	145-148	les	_	_	_	
3-11	149-155	odeurs	Smell\_Word	*|Anaphoric|*	3-13[2_0]|3-23|3-1[1_0]	
3-12	156-159	des	_	_	_	
3-13	160-170	principaux	Smell\_Source[2]	_	_	
3-14	171-179	composés	Smell\_Source[2]	_	_	
3-15	180-182	de	Smell\_Source[2]	_	_	
3-16	183-189	chaque	Smell\_Source[2]	_	_	
3-17	190-197	famille	Smell\_Source[2]	_	_	
3-18	198-207	naturelle	Smell\_Source[2]	_	_	
3-19	208-210	de	Smell\_Source[2]	_	_	
3-20	211-216	corps	Smell\_Source[2]	_	_	
3-21	216-217	,	_	_	_	
3-22	218-227	notamment	_	_	_	
3-23	228-234	celles	Smell\_Word	*	3-25	
3-24	235-238	des	_	_	_	
3-25	239-247	composés	Smell\_Source	_	_	
3-26	248-250	de	_	_	_	
3-27	251-253	la	_	_	_	
3-28	254-261	famille	_	_	_	
3-29	262-269	oxygène	_	_	_	
3-30	269-270	,	_	_	_	
3-31	271-277	soufre	_	_	_	
3-32	277-278	,	_	_	_	
3-33	279-285	chrome	_	_	_	
3-34	285-286	,	_	_	_	
3-35	287-295	sélénium	_	_	_	
3-36	295-296	,	_	_	_	
3-37	297-306	molybdène	_	_	_	
3-38	306-307	,	_	_	_	
3-39	308-315	tellure	_	_	_	
3-40	315-316	,	_	_	_	
3-41	317-325	didymium	_	_	_	
3-42	325-326	,	_	_	_	
3-43	327-336	tungstène	_	_	_	
3-44	336-337	,	_	_	_	
3-45	338-345	uranium	_	_	_	
3-46	345-346	,	_	_	_	
3-47	347-348	a	_	_	_	
3-48	349-353	noté	_	_	_	
3-49	354-357	des	_	_	_	
3-50	358-371	modifications	_	_	_	
3-51	372-376	dans	_	_	_	
3-52	377-384	l'odeur	_	_	_	
3-53	385-387	en	_	_	_	
3-54	388-392	même	_	_	_	
3-55	393-398	temps	_	_	_	
3-56	399-402	que	_	_	_	
3-57	403-406	des	_	_	_	
3-58	407-421	accroissements	_	_	_	
3-59	422-426	dans	_	_	_	
3-60	427-430	les	_	_	_	
3-61	431-436	poids	_	_	_	
3-62	437-446	atomiques	_	_	_	
3-63	446-447	.	_	_	_	

#Text=Par exemple, l'hydrogène sulfuré, l'hydrogène sélénié et l'hydrogène tellure sentent les oeufs pourris.
4-1	448-451	Par	_	_	_	
4-2	452-459	exemple	_	_	_	
4-3	459-460	,	_	_	_	
4-4	461-472	l'hydrogène	_	_	_	
4-5	473-480	sulfuré	_	_	_	
4-6	480-481	,	_	_	_	
4-7	482-493	l'hydrogène	_	_	_	
4-8	494-501	sélénié	_	_	_	
4-9	502-504	et	_	_	_	
4-10	505-516	l'hydrogène	_	_	_	
4-11	517-524	tellure	_	_	_	
4-12	525-532	sentent	_	_	_	
4-13	533-536	les	_	_	_	
4-14	537-542	oeufs	_	_	_	
4-15	543-550	pourris	_	_	_	
4-16	550-551	.	_	_	_	

#Text=Les composés des éléments de celte famille avec le méthyle et l'éthyle sont désagréables et alliacés.
5-1	552-555	Les	_	_	_	
5-2	556-564	composés	_	_	_	
5-3	565-568	des	_	_	_	
5-4	569-577	éléments	_	_	_	
5-5	578-580	de	_	_	_	
5-6	581-586	celte	_	_	_	
5-7	587-594	famille	_	_	_	
5-8	595-599	avec	_	_	_	
5-9	600-602	le	_	_	_	
5-10	603-610	méthyle	_	_	_	
5-11	611-613	et	_	_	_	
5-12	614-622	l'éthyle	_	_	_	
5-13	623-627	sont	_	_	_	
5-14	628-640	désagréables	_	_	_	
5-15	641-643	et	_	_	_	
5-16	644-652	alliacés	_	_	_	
5-17	652-653	.	_	_	_	

#Text=De môme dans la famille suivante, le chlore, le brome, l'iode, le3 acides qu'ils forment avec l'hydrogène, leurs composés avec le méthyle, l'éthyle et l'éthylène ont des odeurs analogues, tellement que certaines d'entre elle$ paraissent participer de leurs voisines : le bromoformo, par exemple, rappelant le chloroforme et l'iodoforme.
6-1	654-656	De	_	_	_	
6-2	657-661	môme	_	_	_	
6-3	662-666	dans	_	_	_	
6-4	667-669	la	_	_	_	
6-5	670-677	famille	_	_	_	
6-6	678-686	suivante	_	_	_	
6-7	686-687	,	_	_	_	
6-8	688-690	le	Smell\_Source[3]	_	_	
6-9	691-697	chlore	Smell\_Source[3]	_	_	
6-10	697-698	,	Smell\_Source[3]	_	_	
6-11	699-701	le	Smell\_Source[3]	_	_	
6-12	702-707	brome	Smell\_Source[3]	_	_	
6-13	707-708	,	Smell\_Source[3]	_	_	
6-14	709-715	l'iode	Smell\_Source[3]	_	_	
6-15	715-716	,	Smell\_Source[3]	_	_	
6-16	717-720	le3	Smell\_Source[3]	_	_	
6-17	721-727	acides	Smell\_Source[3]	_	_	
6-18	728-734	qu'ils	Smell\_Source[3]	_	_	
6-19	735-742	forment	Smell\_Source[3]	_	_	
6-20	743-747	avec	Smell\_Source[3]	_	_	
6-21	748-759	l'hydrogène	Smell\_Source[3]	_	_	
6-22	759-760	,	Smell\_Source[3]	_	_	
6-23	761-766	leurs	Smell\_Source[3]	_	_	
6-24	767-775	composés	Smell\_Source[3]	_	_	
6-25	776-780	avec	Smell\_Source[3]	_	_	
6-26	781-783	le	Smell\_Source[3]	_	_	
6-27	784-791	méthyle	Smell\_Source[3]	_	_	
6-28	791-792	,	Smell\_Source[3]	_	_	
6-29	793-801	l'éthyle	Smell\_Source[3]	_	_	
6-30	802-804	et	Smell\_Source[3]	_	_	
6-31	805-815	l'éthylène	Smell\_Source[3]	_	_	
6-32	816-819	ont	_	_	_	
6-33	820-823	des	_	_	_	
6-34	824-830	odeurs	Smell\_Word	*	6-8[3_0]	
6-35	831-840	analogues	_	_	_	
6-36	840-841	,	_	_	_	
6-37	842-851	tellement	_	_	_	
6-38	852-855	que	_	_	_	
6-39	856-865	certaines	_	_	_	
6-40	866-873	d'entre	_	_	_	
6-41	874-878	elle	_	_	_	
6-42	878-879	$	_	_	_	
6-43	880-890	paraissent	_	_	_	
6-44	891-901	participer	_	_	_	
6-45	902-904	de	_	_	_	
6-46	905-910	leurs	_	_	_	
6-47	911-919	voisines	_	_	_	
6-48	920-921	:	_	_	_	
6-49	922-924	le	_	_	_	
6-50	925-935	bromoformo	_	_	_	
6-51	935-936	,	_	_	_	
6-52	937-940	par	_	_	_	
6-53	941-948	exemple	_	_	_	
6-54	948-949	,	_	_	_	
6-55	950-959	rappelant	_	_	_	
6-56	960-962	le	_	_	_	
6-57	963-974	chloroforme	_	_	_	
6-58	975-977	et	_	_	_	
6-59	978-989	l'iodoforme	_	_	_	
6-60	989-990	.	_	_	_	

#Text=Passant aux séries organiques, M.
7-1	991-998	Passant	_	_	_	
7-2	999-1002	aux	_	_	_	
7-3	1003-1009	séries	_	_	_	
7-4	1010-1020	organiques	_	_	_	
7-5	1020-1021	,	_	_	_	
7-6	1022-1023	M	_	_	_	
7-7	1023-1024	.	_	_	_	

#Text=Haycraft note dans les alcools monoatomiques une modification de l'odeur corrélative aux variations de poicjs atomique; par exemple\r
#Text=l'alcool méthylique a une faible odeur d'alcool ; l'alcool éthylique possède l'odeur alcoolique type; l'alcool propylique présente a la fois une odeur alcoolique et un parfum spécial; les alcools iso-butylique, amylique, oclylique perdent de plus en plus l'odeur alcoolique et gagnent, au contraire, un parfum spécial.
8-1	1025-1033	Haycraft	_	_	_	
8-2	1034-1038	note	_	_	_	
8-3	1039-1043	dans	_	_	_	
8-4	1044-1047	les	_	_	_	
8-5	1048-1055	alcools	_	_	_	
8-6	1056-1069	monoatomiques	_	_	_	
8-7	1070-1073	une	_	_	_	
8-8	1074-1086	modification	_	_	_	
8-9	1087-1089	de	_	_	_	
8-10	1090-1097	l'odeur	Smell\_Word	_	_	
8-11	1098-1109	corrélative	_	_	_	
8-12	1110-1113	aux	_	_	_	
8-13	1114-1124	variations	_	_	_	
8-14	1125-1127	de	_	_	_	
8-15	1128-1134	poicjs	_	_	_	
8-16	1135-1143	atomique	_	_	_	
8-17	1143-1144	;	_	_	_	
8-18	1145-1148	par	_	_	_	
8-19	1149-1156	exemple	_	_	_	
8-20	1158-1166	l'alcool	Smell\_Source[4]	_	_	
8-21	1167-1177	méthylique	Smell\_Source[4]	_	_	
8-22	1178-1179	a	_	_	_	
8-23	1180-1183	une	_	_	_	
8-24	1184-1190	faible	_	_	_	
8-25	1191-1196	odeur	Smell\_Word	*|*	8-26|8-20[4_0]	
8-26	1197-1205	d'alcool	Evoked\_Odorant	_	_	
8-27	1206-1207	;	_	_	_	
8-28	1208-1216	l'alcool	Smell\_Source[5]	_	_	
8-29	1217-1226	éthylique	Smell\_Source[5]	_	_	
8-30	1227-1234	possède	_	_	_	
8-31	1235-1242	l'odeur	Smell\_Word	*|*	8-32|8-28[5_0]	
8-32	1243-1253	alcoolique	Quality	_	_	
8-33	1254-1258	type	_	_	_	
8-34	1258-1259	;	_	_	_	
8-35	1260-1268	l'alcool	Smell\_Source[6]	_	_	
8-36	1269-1279	propylique	Smell\_Source[6]	_	_	
8-37	1280-1288	présente	_	_	_	
8-38	1289-1290	a	_	_	_	
8-39	1291-1293	la	_	_	_	
8-40	1294-1298	fois	_	_	_	
8-41	1299-1302	une	_	_	_	
8-42	1303-1308	odeur	Smell\_Word	*|*	8-43|8-35[6_0]	
8-43	1309-1319	alcoolique	Quality	_	_	
8-44	1320-1322	et	_	_	_	
8-45	1323-1325	un	_	_	_	
8-46	1326-1332	parfum	Smell\_Word	*|*	8-47|8-35[6_0]	
8-47	1333-1340	spécial	Quality	_	_	
8-48	1340-1341	;	_	_	_	
8-49	1342-1345	les	_	_	_	
8-50	1346-1353	alcools	Smell\_Source[7]	_	_	
8-51	1354-1367	iso-butylique	Smell\_Source[7]	_	_	
8-52	1367-1368	,	Smell\_Source[7]	_	_	
8-53	1369-1377	amylique	Smell\_Source[7]	_	_	
8-54	1377-1378	,	Smell\_Source[7]	_	_	
8-55	1379-1388	oclylique	Smell\_Source[7]	_	_	
8-56	1389-1396	perdent	_	_	_	
8-57	1397-1399	de	_	_	_	
8-58	1400-1404	plus	_	_	_	
8-59	1405-1407	en	_	_	_	
8-60	1408-1412	plus	_	_	_	
8-61	1413-1420	l'odeur	Smell\_Word	*|*	8-62|8-50[7_0]	
8-62	1421-1431	alcoolique	Quality	_	_	
8-63	1432-1434	et	_	_	_	
8-64	1435-1442	gagnent	_	_	_	
8-65	1442-1443	,	_	_	_	
8-66	1444-1446	au	_	_	_	
8-67	1447-1456	contraire	_	_	_	
8-68	1456-1457	,	_	_	_	
8-69	1458-1460	un	_	_	_	
8-70	1461-1467	parfum	Smell\_Word	*|*	8-71|8-50[7_0]	
8-71	1468-1475	spécial	Quality	_	_	
8-72	1475-1476	.	_	_	_	

#Text=Les mêmes faits s'observent dans les acides gras, dans les hydrocarbures, etc.
9-1	1477-1480	Les	_	_	_	
9-2	1481-1486	mêmes	_	_	_	
9-3	1487-1492	faits	_	_	_	
9-4	1493-1504	s'observent	_	_	_	
9-5	1505-1509	dans	_	_	_	
9-6	1510-1513	les	_	_	_	
9-7	1514-1520	acides	_	_	_	
9-8	1521-1525	gras	_	_	_	
9-9	1525-1526	,	_	_	_	
9-10	1527-1531	dans	_	_	_	
9-11	1532-1535	les	_	_	_	
9-12	1536-1549	hydrocarbures	_	_	_	
9-13	1549-1550	,	_	_	_	
9-14	1551-1554	etc	_	_	_	
9-15	1554-1555	.	_	_	_	

#Text=Cependant des odeurs analogues peuvent être fournies par des corps sans analogie dans la composition chimique.
10-1	1559-1568	Cependant	_	_	_	
10-2	1569-1572	des	_	_	_	
10-3	1573-1579	odeurs	Smell\_Word	*	10-10	
10-4	1580-1589	analogues	_	_	_	
10-5	1590-1597	peuvent	_	_	_	
10-6	1598-1602	être	_	_	_	
10-7	1603-1611	fournies	_	_	_	
10-8	1612-1615	par	_	_	_	
10-9	1616-1619	des	_	_	_	
10-10	1620-1625	corps	Smell\_Source	_	_	
10-11	1626-1630	sans	_	_	_	
10-12	1631-1639	analogie	_	_	_	
10-13	1640-1644	dans	_	_	_	
10-14	1645-1647	la	_	_	_	
10-15	1648-1659	composition	_	_	_	
10-16	1660-1668	chimique	_	_	_	
10-17	1668-1669	.	_	_	_	

#Text=L'arsenic en s'oxydant dégage des vapeurs qui sentent l'ail.
11-1	1670-1679	L'arsenic	Smell\_Source	_	_	
11-2	1680-1682	en	Circumstances[8]	_	_	
11-3	1683-1692	s'oxydant	Circumstances[8]	_	_	
11-4	1693-1699	dégage	_	_	_	
11-5	1700-1703	des	_	_	_	
11-6	1704-1711	vapeurs	Smell\_Word	*|*|*	11-1|11-2[8_0]|11-9	
11-7	1712-1715	qui	_	_	_	
11-8	1716-1723	sentent	_	_	_	
11-9	1724-1729	l'ail	Evoked\_Odorant	_	_	
11-10	1729-1730	.	_	_	_	

#Text=Les odeurs de la nitrobenzine, do l'aldéhyde benzoïque et de l'acide prussique se ressemblent.
12-1	1731-1734	Les	_	_	_	
12-2	1735-1741	odeurs	Smell\_Word	*|*|*	12-5|12-8[9_0]|12-12[10_0]	
12-3	1742-1744	de	_	_	_	
12-4	1745-1747	la	_	_	_	
12-5	1748-1760	nitrobenzine	Smell\_Source	_	_	
12-6	1760-1761	,	_	_	_	
12-7	1762-1764	do	_	_	_	
12-8	1765-1775	l'aldéhyde	Smell\_Source[9]	_	_	
12-9	1776-1785	benzoïque	Smell\_Source[9]	_	_	
12-10	1786-1788	et	_	_	_	
12-11	1789-1791	de	_	_	_	
12-12	1792-1799	l'acide	Smell\_Source[10]	_	_	
12-13	1800-1809	prussique	Smell\_Source[10]	_	_	
12-14	1810-1812	se	_	_	_	
12-15	1813-1824	ressemblent	_	_	_	
12-16	1824-1825	.	_	_	_	

#Text=On a prétendu qu'en pilant et triturant pendant trois semaines plusieurs heures chaque jour des émeraudes, des rubis et des perles, on .avait fait dégager à ces pierres précieuses une odeur de violette très prononcée.
13-1	1826-1828	On	_	_	_	
13-2	1829-1830	a	_	_	_	
13-3	1831-1839	prétendu	_	_	_	
13-4	1840-1845	qu'en	Circumstances[11]	_	_	
13-5	1846-1852	pilant	Circumstances[11]	_	_	
13-6	1853-1855	et	Circumstances[11]	_	_	
13-7	1856-1865	triturant	Circumstances[11]	_	_	
13-8	1866-1873	pendant	Time[12]	_	_	
13-9	1874-1879	trois	Time[12]	_	_	
13-10	1880-1888	semaines	Time[12]	_	_	
13-11	1889-1898	plusieurs	Time[12]	_	_	
13-12	1899-1905	heures	Time[12]	_	_	
13-13	1906-1912	chaque	Time[12]	_	_	
13-14	1913-1917	jour	Time[12]	_	_	
13-15	1918-1921	des	_	_	_	
13-16	1922-1931	émeraudes	Smell\_Source	_	_	
13-17	1931-1932	,	_	_	_	
13-18	1933-1936	des	_	_	_	
13-19	1937-1942	rubis	Smell\_Source	_	_	
13-20	1943-1945	et	_	_	_	
13-21	1946-1949	des	_	_	_	
13-22	1950-1956	perles	Smell\_Source	_	_	
13-23	1956-1957	,	_	_	_	
13-24	1958-1960	on	_	_	_	
13-25	1961-1962	.	_	_	_	
13-26	1962-1967	avait	_	_	_	
13-27	1968-1972	fait	_	_	_	
13-28	1973-1980	dégager	_	_	_	
13-29	1981-1982	à	_	_	_	
13-30	1983-1986	ces	_	_	_	
13-31	1987-1994	pierres	Smell\_Source[13]	_	_	
13-32	1995-2005	précieuses	Smell\_Source[13]	_	_	
13-33	2006-2009	une	_	_	_	
13-34	2010-2015	odeur	Smell\_Word	*|*|*|*|*|*|*|*	13-36|13-31[13_0]|13-37[14_0]|13-8[12_0]|13-4[11_0]|13-16|13-19|13-22	
13-35	2016-2018	de	_	_	_	
13-36	2019-2027	violette	Evoked\_Odorant	_	_	
13-37	2028-2032	très	Quality[14]	_	_	
13-38	2033-2042	prononcée	Quality[14]	_	_	
13-39	2042-2043	.	_	_	_	

#Text=Ce fait a été vérifié : mais est-il dû il la manipulation elle-même ou bien aux matières organiques que cette trituration peut mettre en liberté?
14-1	2044-2046	Ce	_	_	_	
14-2	2047-2051	fait	_	_	_	
14-3	2052-2053	a	_	_	_	
14-4	2054-2057	été	_	_	_	
14-5	2058-2065	vérifié	_	_	_	
14-6	2066-2067	:	_	_	_	
14-7	2068-2072	mais	_	_	_	
14-8	2073-2079	est-il	_	_	_	
14-9	2080-2082	dû	_	_	_	
14-10	2083-2085	il	_	_	_	
14-11	2086-2088	la	_	_	_	
14-12	2089-2101	manipulation	_	_	_	
14-13	2102-2111	elle-même	_	_	_	
14-14	2112-2114	ou	_	_	_	
14-15	2115-2119	bien	_	_	_	
14-16	2120-2123	aux	_	_	_	
14-17	2124-2132	matières	_	_	_	
14-18	2133-2143	organiques	_	_	_	
14-19	2144-2147	que	_	_	_	
14-20	2148-2153	cette	_	_	_	
14-21	2154-2165	trituration	_	_	_	
14-22	2166-2170	peut	_	_	_	
14-23	2171-2177	mettre	_	_	_	
14-24	2178-2180	en	_	_	_	
14-25	2181-2188	liberté	_	_	_	
14-26	2188-2189	?	_	_	_	

#Text=c'est ce qu'il serait intéressant de préciser.
15-1	2190-2195	c'est	_	_	_	
15-2	2196-2198	ce	_	_	_	
15-3	2199-2204	qu'il	_	_	_	
15-4	2205-2211	serait	_	_	_	
15-5	2212-2223	intéressant	_	_	_	
15-6	2224-2226	de	_	_	_	
15-7	2227-2235	préciser	_	_	_	
15-8	2235-2236	.	_	_	_	

#Text=L'acide sulfurique, en se combinant avec de l'eau distillée, dégage une odeur chaude qui rappelle le musc.
16-1	2237-2244	L'acide	Smell\_Source[15]	_	_	
16-2	2245-2255	sulfurique	Smell\_Source[15]	_	_	
16-3	2255-2256	,	_	_	_	
16-4	2257-2259	en	Circumstances[16]	_	_	
16-5	2260-2262	se	Circumstances[16]	_	_	
16-6	2263-2272	combinant	Circumstances[16]	_	_	
16-7	2273-2277	avec	_	_	_	
16-8	2278-2280	de	_	_	_	
16-9	2281-2286	l'eau	Smell\_Source[17]	_	_	
16-10	2287-2296	distillée	Smell\_Source[17]	_	_	
16-11	2296-2297	,	_	_	_	
16-12	2298-2304	dégage	_	_	_	
16-13	2305-2308	une	_	_	_	
16-14	2309-2314	odeur	Smell\_Word	*|*|*|*|*	16-19|16-15|16-1[15_0]|16-9[17_0]|16-4[16_0]	
16-15	2315-2321	chaude	Quality	_	_	
16-16	2322-2325	qui	_	_	_	
16-17	2326-2334	rappelle	_	_	_	
16-18	2335-2337	le	_	_	_	
16-19	2338-2342	musc	Evoked\_Odorant	_	_	
16-20	2342-2343	.	_	_	_	

#Text=L'odeur de musc apparaît dans un grand nombre de réactions; en général les dérivés nitrés des matières aromatiques sentent le musc ; le musc artificiel et le musc naturel n'ont pas de ressemblance chimique.
17-1	2344-2351	L'odeur	Smell\_Word	*|*	17-3|17-5[18_0]	
17-2	2352-2354	de	_	_	_	
17-3	2355-2359	musc	Evoked\_Odorant	_	_	
17-4	2360-2368	apparaît	_	_	_	
17-5	2369-2373	dans	Circumstances[18]	_	_	
17-6	2374-2376	un	Circumstances[18]	_	_	
17-7	2377-2382	grand	Circumstances[18]	_	_	
17-8	2383-2389	nombre	Circumstances[18]	_	_	
17-9	2390-2392	de	Circumstances[18]	_	_	
17-10	2393-2402	réactions	Circumstances[18]	_	_	
17-11	2402-2403	;	_	_	_	
17-12	2404-2406	en	_	_	_	
17-13	2407-2414	général	_	_	_	
17-14	2415-2418	les	_	_	_	
17-15	2419-2426	dérivés	Smell\_Source[19]	_	_	
17-16	2427-2433	nitrés	Smell\_Source[19]	_	_	
17-17	2434-2437	des	_	_	_	
17-18	2438-2446	matières	_	_	_	
17-19	2447-2458	aromatiques	Quality	_	_	
17-20	2459-2466	sentent	Smell\_Word	*|*|*	17-19|17-15[19_0]|17-22	
17-21	2467-2469	le	_	_	_	
17-22	2470-2474	musc	Evoked\_Odorant	_	_	
17-23	2475-2476	;	_	_	_	
17-24	2477-2479	le	_	_	_	
17-25	2480-2484	musc	_	_	_	
17-26	2485-2495	artificiel	_	_	_	
17-27	2496-2498	et	_	_	_	
17-28	2499-2501	le	_	_	_	
17-29	2502-2506	musc	_	_	_	
17-30	2507-2514	naturel	_	_	_	
17-31	2515-2520	n'ont	_	_	_	
17-32	2521-2524	pas	_	_	_	
17-33	2525-2527	de	_	_	_	
17-34	2528-2540	ressemblance	_	_	_	
17-35	2541-2549	chimique	_	_	_	
17-36	2549-2550	.	_	_	_	

#Text=De même, des alcools chimiquement identiques, mais de provenance différente, ne se comportent pas de la môme manière avec les essences.
18-1	2551-2553	De	_	_	_	
18-2	2554-2558	même	_	_	_	
18-3	2558-2559	,	_	_	_	
18-4	2560-2563	des	_	_	_	
18-5	2564-2571	alcools	_	_	_	
18-6	2572-2584	chimiquement	_	_	_	
18-7	2585-2595	identiques	_	_	_	
18-8	2595-2596	,	_	_	_	
18-9	2597-2601	mais	_	_	_	
18-10	2602-2604	de	_	_	_	
18-11	2605-2615	provenance	_	_	_	
18-12	2616-2626	différente	_	_	_	
18-13	2626-2627	,	_	_	_	
18-14	2628-2630	ne	_	_	_	
18-15	2631-2633	se	_	_	_	
18-16	2634-2644	comportent	_	_	_	
18-17	2645-2648	pas	_	_	_	
18-18	2649-2651	de	_	_	_	
18-19	2652-2654	la	_	_	_	
18-20	2655-2659	môme	_	_	_	
18-21	2660-2667	manière	_	_	_	
18-22	2668-2672	avec	_	_	_	
18-23	2673-2676	les	_	_	_	
18-24	2677-2685	essences	_	_	_	
18-25	2685-2686	.	_	_	_	

#Text=Puisque l'odeur est dans une grande mesure indépendante de\r
#Text=la composition chimique, elle doit dépendre de la disposition des particules, disposition qu'il nous est évidemment impossible de connaître par les procédés expérimentaux actuels.
19-1	2687-2694	Puisque	_	_	_	
19-2	2695-2702	l'odeur	Smell\_Word	*	19-8	
19-3	2703-2706	est	_	_	_	
19-4	2707-2711	dans	_	_	_	
19-5	2712-2715	une	_	_	_	
19-6	2716-2722	grande	_	_	_	
19-7	2723-2729	mesure	_	_	_	
19-8	2730-2742	indépendante	Quality	_	_	
19-9	2743-2745	de	_	_	_	
19-10	2747-2749	la	_	_	_	
19-11	2750-2761	composition	_	_	_	
19-12	2762-2770	chimique	_	_	_	
19-13	2770-2771	,	_	_	_	
19-14	2772-2776	elle	_	_	_	
19-15	2777-2781	doit	_	_	_	
19-16	2782-2790	dépendre	_	_	_	
19-17	2791-2793	de	_	_	_	
19-18	2794-2796	la	_	_	_	
19-19	2797-2808	disposition	_	_	_	
19-20	2809-2812	des	_	_	_	
19-21	2813-2823	particules	_	_	_	
19-22	2823-2824	,	_	_	_	
19-23	2825-2836	disposition	_	_	_	
19-24	2837-2842	qu'il	_	_	_	
19-25	2843-2847	nous	_	_	_	
19-26	2848-2851	est	_	_	_	
19-27	2852-2862	évidemment	_	_	_	
19-28	2863-2873	impossible	_	_	_	
19-29	2874-2876	de	_	_	_	
19-30	2877-2886	connaître	_	_	_	
19-31	2887-2890	par	_	_	_	
19-32	2891-2894	les	_	_	_	
19-33	2895-2903	procédés	_	_	_	
19-34	2904-2917	expérimentaux	_	_	_	
19-35	2918-2925	actuels	_	_	_	
19-36	2925-2926	.	_	_	_	
