#FORMAT=WebAnno TSV 3.3


#Text=Præceptum est sempiternum in generationibus, cunctisque habitaculis vestris.
#Text=15 Numerabitis ergo ab altero die sabbati, in quo obtulistis manipulum primitiarum, septem hebdomadas plenas, 16 usque ad alteram diem expletionis hebdomadæ septimæ, id est, quinquaginta dies : et sic offeretis sacrificium novum Domino 17 ex omnibus habitaculis vestris, panes primitiarum duos de duabus decimis similæ fermentatæ, quos coquetis in primitias Domini.
#Text=18 Offeretisque cum panibus septem agnos immaculatos anniculos, et vitulum de armento unum, et arietes duos, et erunt in holocaustum cum libamentis suis, in odorem suavissimum Domini.
#Text=19 Facietis et hircum pro peccato, duosque agnos anniculos hostias pacificorum.
#Text=20 Cumque elevaverit eos sacerdos cum panibus primitiarum coram Domino, cedent in usum ejus.
#Text=21 Et vocabitis hunc diem celeberrimum, atque sanctissimum : omne opus servile non facietis in eo.
1-1	2-11	Præceptum	
1-2	12-15	est	
1-3	16-27	sempiternum	
1-4	28-30	in	
1-5	31-45	generationibus	
1-6	45-46	,	
1-7	47-57	cunctisque	
1-8	58-69	habitaculis	
1-9	70-77	vestris	
1-10	77-78	.	
1-11	79-81	15	
1-12	82-93	Numerabitis	
1-13	94-98	ergo	
1-14	99-101	ab	
1-15	102-108	altero	
1-16	109-112	die	
1-17	113-120	sabbati	
1-18	120-121	,	
1-19	122-124	in	
1-20	125-128	quo	
1-21	129-139	obtulistis	
1-22	140-149	manipulum	
1-23	150-161	primitiarum	
1-24	161-162	,	
1-25	163-169	septem	
1-26	170-180	hebdomadas	
1-27	181-187	plenas	
1-28	187-188	,	
1-29	189-191	16	
1-30	192-197	usque	
1-31	198-200	ad	
1-32	201-208	alteram	
1-33	209-213	diem	
1-34	214-225	expletionis	
1-35	226-235	hebdomadæ	
1-36	236-243	septimæ	
1-37	243-244	,	
1-38	245-247	id	
1-39	248-251	est	
1-40	251-252	,	
1-41	253-265	quinquaginta	
1-42	266-270	dies	
1-43	271-272	:	
1-44	273-275	et	
1-45	276-279	sic	
1-46	280-289	offeretis	
1-47	290-301	sacrificium	
1-48	302-307	novum	
1-49	308-314	Domino	
1-50	315-317	17	
1-51	318-320	ex	
1-52	321-328	omnibus	
1-53	329-340	habitaculis	
1-54	341-348	vestris	
1-55	348-349	,	
1-56	350-355	panes	
1-57	356-367	primitiarum	
1-58	368-372	duos	
1-59	373-375	de	
1-60	376-382	duabus	
1-61	383-390	decimis	
1-62	391-397	similæ	
1-63	398-408	fermentatæ	
1-64	408-409	,	
1-65	410-414	quos	
1-66	415-423	coquetis	
1-67	424-426	in	
1-68	427-436	primitias	
1-69	437-443	Domini	
1-70	443-444	.	
1-71	445-447	18	
1-72	448-460	Offeretisque	
1-73	461-464	cum	
1-74	465-472	panibus	
1-75	473-479	septem	
1-76	480-485	agnos	
1-77	486-497	immaculatos	
1-78	498-507	anniculos	
1-79	507-508	,	
1-80	509-511	et	
1-81	512-519	vitulum	
1-82	520-522	de	
1-83	523-530	armento	
1-84	531-535	unum	
1-85	535-536	,	
1-86	537-539	et	
1-87	540-547	arietes	
1-88	548-552	duos	
1-89	552-553	,	
1-90	554-556	et	
1-91	557-562	erunt	
1-92	563-565	in	
1-93	566-577	holocaustum	
1-94	578-581	cum	
1-95	582-592	libamentis	
1-96	593-597	suis	
1-97	597-598	,	
1-98	599-601	in	
1-99	602-608	odorem	
1-100	609-620	suavissimum	
1-101	621-627	Domini	
1-102	627-628	.	
1-103	629-631	19	
1-104	632-640	Facietis	
1-105	641-643	et	
1-106	644-650	hircum	
1-107	651-654	pro	
1-108	655-662	peccato	
1-109	662-663	,	
1-110	664-671	duosque	
1-111	672-677	agnos	
1-112	678-687	anniculos	
1-113	688-695	hostias	
1-114	696-707	pacificorum	
1-115	707-708	.	
1-116	709-711	20	
1-117	712-718	Cumque	
1-118	719-729	elevaverit	
1-119	730-733	eos	
1-120	734-742	sacerdos	
1-121	743-746	cum	
1-122	747-754	panibus	
1-123	755-766	primitiarum	
1-124	767-772	coram	
1-125	773-779	Domino	
1-126	779-780	,	
1-127	781-787	cedent	
1-128	788-790	in	
1-129	791-795	usum	
1-130	796-800	ejus	
1-131	800-801	.	
1-132	802-804	21	
1-133	805-807	Et	
1-134	808-817	vocabitis	
1-135	818-822	hunc	
1-136	823-827	diem	
1-137	828-840	celeberrimum	
1-138	840-841	,	
1-139	842-847	atque	
1-140	848-860	sanctissimum	
1-141	861-862	:	
1-142	863-867	omne	
1-143	868-872	opus	
1-144	873-880	servile	
1-145	881-884	non	
1-146	885-893	facietis	
1-147	894-896	in	
1-148	897-899	eo	
1-149	899-900	.	

#Text=Legitimum sempiternum erit in cunctis habitaculis, et generationibus vestris.
#Text=22 Postquam autem messueritis segetem terræ vestræ, nec secabitis eam usque ad solum, nec remanentes spicas colligetis : sed pauperibus et peregrinis dimittetis eas.
2-1	901-910	Legitimum	
2-2	911-922	sempiternum	
2-3	923-927	erit	
2-4	928-930	in	
2-5	931-938	cunctis	
2-6	939-950	habitaculis	
2-7	950-951	,	
2-8	952-954	et	
2-9	955-969	generationibus	
2-10	970-977	vestris	
2-11	977-978	.	
2-12	979-981	22	
2-13	982-990	Postquam	
2-14	991-996	autem	
2-15	997-1008	messueritis	
2-16	1009-1016	segetem	
2-17	1017-1022	terræ	
2-18	1023-1029	vestræ	
2-19	1029-1030	,	
2-20	1031-1034	nec	
2-21	1035-1044	secabitis	
2-22	1045-1048	eam	
2-23	1049-1054	usque	
2-24	1055-1057	ad	
2-25	1058-1063	solum	
2-26	1063-1064	,	
2-27	1065-1068	nec	
2-28	1069-1079	remanentes	
2-29	1080-1086	spicas	
2-30	1087-1097	colligetis	
2-31	1098-1099	:	
2-32	1100-1103	sed	
2-33	1104-1114	pauperibus	
2-34	1115-1117	et	
2-35	1118-1128	peregrinis	
2-36	1129-1139	dimittetis	
2-37	1140-1143	eas	
2-38	1143-1144	.	

#Text=Ego sum Dominus Deus vester.
#Text=23 Locutusque est Dominus ad Moysen, dicens : 24 Loquere filiis Israël : Mense septimo, prima die mensis, erit vobis sabbatum, memoriale, clangentibus tubis, et vocabitur sanctum : 25 omne opus servile non facietis in eo, et offeretis holocaustum Domino.
#Text=26 Locutusque est Dominus ad Moysen, dicens : 27 Decimo die mensis hujus septimi, dies expiationum erit celeberrimus, et vocabitur sanctus : affligetisque animas vestras in eo, et offeretis holocaustum Domino.
#Text=28 Omne opus servile non facietis in tempore diei hujus : quia dies propitiationis est, ut propitietur vobis Dominus Deus vester.
#Text=29 Omnis anima, quæ afflicta non fuerit die hac, peribit de populis suis : 30 et quæ operis quippiam fecerit, delebo eam de populo suo.
#Text=31 Nihil ergo operis facietis in eo : legitimum sempiternum erit vobis in cunctis generationibus, et habitationibus vestris.
#Text=32 Sabbatum requietionis est, et affligetis animas vestras die nono mensis : a vespera usque ad vesperam celebrabitis sabbata vestra.
#Text=33 Et locutus est Dominus ad Moysen, dicens : 34 Loquere filiis Israël : A quintodecimo die mensis hujus septimi, erunt feriæ tabernaculorum septem diebus Domino.
#Text=35 Dies primus vocabitur celeberrimus atque sanctissimus : omne opus servile non facietis in eo.
#Text=36 Et septem diebus offeretis holocausta Domino.
3-1	1145-1148	Ego	
3-2	1149-1152	sum	
3-3	1153-1160	Dominus	
3-4	1161-1165	Deus	
3-5	1166-1172	vester	
3-6	1172-1173	.	
3-7	1174-1176	23	
3-8	1177-1187	Locutusque	
3-9	1188-1191	est	
3-10	1192-1199	Dominus	
3-11	1200-1202	ad	
3-12	1203-1209	Moysen	
3-13	1209-1210	,	
3-14	1211-1217	dicens	
3-15	1218-1219	:	
3-16	1220-1222	24	
3-17	1223-1230	Loquere	
3-18	1231-1237	filiis	
3-19	1238-1244	Israël	
3-20	1245-1246	:	
3-21	1247-1252	Mense	
3-22	1253-1260	septimo	
3-23	1260-1261	,	
3-24	1262-1267	prima	
3-25	1268-1271	die	
3-26	1272-1278	mensis	
3-27	1278-1279	,	
3-28	1280-1284	erit	
3-29	1285-1290	vobis	
3-30	1291-1299	sabbatum	
3-31	1299-1300	,	
3-32	1301-1310	memoriale	
3-33	1310-1311	,	
3-34	1312-1324	clangentibus	
3-35	1325-1330	tubis	
3-36	1330-1331	,	
3-37	1332-1334	et	
3-38	1335-1344	vocabitur	
3-39	1345-1352	sanctum	
3-40	1353-1354	:	
3-41	1355-1357	25	
3-42	1358-1362	omne	
3-43	1363-1367	opus	
3-44	1368-1375	servile	
3-45	1376-1379	non	
3-46	1380-1388	facietis	
3-47	1389-1391	in	
3-48	1392-1394	eo	
3-49	1394-1395	,	
3-50	1396-1398	et	
3-51	1399-1408	offeretis	
3-52	1409-1420	holocaustum	
3-53	1421-1427	Domino	
3-54	1427-1428	.	
3-55	1429-1431	26	
3-56	1432-1442	Locutusque	
3-57	1443-1446	est	
3-58	1447-1454	Dominus	
3-59	1455-1457	ad	
3-60	1458-1464	Moysen	
3-61	1464-1465	,	
3-62	1466-1472	dicens	
3-63	1473-1474	:	
3-64	1475-1477	27	
3-65	1478-1484	Decimo	
3-66	1485-1488	die	
3-67	1489-1495	mensis	
3-68	1496-1501	hujus	
3-69	1502-1509	septimi	
3-70	1509-1510	,	
3-71	1511-1515	dies	
3-72	1516-1527	expiationum	
3-73	1528-1532	erit	
3-74	1533-1545	celeberrimus	
3-75	1545-1546	,	
3-76	1547-1549	et	
3-77	1550-1559	vocabitur	
3-78	1560-1567	sanctus	
3-79	1568-1569	:	
3-80	1570-1583	affligetisque	
3-81	1584-1590	animas	
3-82	1591-1598	vestras	
3-83	1599-1601	in	
3-84	1602-1604	eo	
3-85	1604-1605	,	
3-86	1606-1608	et	
3-87	1609-1618	offeretis	
3-88	1619-1630	holocaustum	
3-89	1631-1637	Domino	
3-90	1637-1638	.	
3-91	1639-1641	28	
3-92	1642-1646	Omne	
3-93	1647-1651	opus	
3-94	1652-1659	servile	
3-95	1660-1663	non	
3-96	1664-1672	facietis	
3-97	1673-1675	in	
3-98	1676-1683	tempore	
3-99	1684-1688	diei	
3-100	1689-1694	hujus	
3-101	1695-1696	:	
3-102	1697-1701	quia	
3-103	1702-1706	dies	
3-104	1707-1721	propitiationis	
3-105	1722-1725	est	
3-106	1725-1726	,	
3-107	1727-1729	ut	
3-108	1730-1741	propitietur	
3-109	1742-1747	vobis	
3-110	1748-1755	Dominus	
3-111	1756-1760	Deus	
3-112	1761-1767	vester	
3-113	1767-1768	.	
3-114	1769-1771	29	
3-115	1772-1777	Omnis	
3-116	1778-1783	anima	
3-117	1783-1784	,	
3-118	1785-1788	quæ	
3-119	1789-1797	afflicta	
3-120	1798-1801	non	
3-121	1802-1808	fuerit	
3-122	1809-1812	die	
3-123	1813-1816	hac	
3-124	1816-1817	,	
3-125	1818-1825	peribit	
3-126	1826-1828	de	
3-127	1829-1836	populis	
3-128	1837-1841	suis	
3-129	1842-1843	:	
3-130	1844-1846	30	
3-131	1847-1849	et	
3-132	1850-1853	quæ	
3-133	1854-1860	operis	
3-134	1861-1869	quippiam	
3-135	1870-1877	fecerit	
3-136	1877-1878	,	
3-137	1879-1885	delebo	
3-138	1886-1889	eam	
3-139	1890-1892	de	
3-140	1893-1899	populo	
3-141	1900-1903	suo	
3-142	1903-1904	.	
3-143	1905-1907	31	
3-144	1908-1913	Nihil	
3-145	1914-1918	ergo	
3-146	1919-1925	operis	
3-147	1926-1934	facietis	
3-148	1935-1937	in	
3-149	1938-1940	eo	
3-150	1941-1942	:	
3-151	1943-1952	legitimum	
3-152	1953-1964	sempiternum	
3-153	1965-1969	erit	
3-154	1970-1975	vobis	
3-155	1976-1978	in	
3-156	1979-1986	cunctis	
3-157	1987-2001	generationibus	
3-158	2001-2002	,	
3-159	2003-2005	et	
3-160	2006-2020	habitationibus	
3-161	2021-2028	vestris	
3-162	2028-2029	.	
3-163	2030-2032	32	
3-164	2033-2041	Sabbatum	
3-165	2042-2054	requietionis	
3-166	2055-2058	est	
3-167	2058-2059	,	
3-168	2060-2062	et	
3-169	2063-2073	affligetis	
3-170	2074-2080	animas	
3-171	2081-2088	vestras	
3-172	2089-2092	die	
3-173	2093-2097	nono	
3-174	2098-2104	mensis	
3-175	2105-2106	:	
3-176	2107-2108	a	
3-177	2109-2116	vespera	
3-178	2117-2122	usque	
3-179	2123-2125	ad	
3-180	2126-2134	vesperam	
3-181	2135-2147	celebrabitis	
3-182	2148-2155	sabbata	
3-183	2156-2162	vestra	
3-184	2162-2163	.	
3-185	2164-2166	33	
3-186	2167-2169	Et	
3-187	2170-2177	locutus	
3-188	2178-2181	est	
3-189	2182-2189	Dominus	
3-190	2190-2192	ad	
3-191	2193-2199	Moysen	
3-192	2199-2200	,	
3-193	2201-2207	dicens	
3-194	2208-2209	:	
3-195	2210-2212	34	
3-196	2213-2220	Loquere	
3-197	2221-2227	filiis	
3-198	2228-2234	Israël	
3-199	2235-2236	:	
3-200	2237-2238	A	
3-201	2239-2251	quintodecimo	
3-202	2252-2255	die	
3-203	2256-2262	mensis	
3-204	2263-2268	hujus	
3-205	2269-2276	septimi	
3-206	2276-2277	,	
3-207	2278-2283	erunt	
3-208	2284-2289	feriæ	
3-209	2290-2304	tabernaculorum	
3-210	2305-2311	septem	
3-211	2312-2318	diebus	
3-212	2319-2325	Domino	
3-213	2325-2326	.	
3-214	2327-2329	35	
3-215	2330-2334	Dies	
3-216	2335-2341	primus	
3-217	2342-2351	vocabitur	
3-218	2352-2364	celeberrimus	
3-219	2365-2370	atque	
3-220	2371-2383	sanctissimus	
3-221	2384-2385	:	
3-222	2386-2390	omne	
3-223	2391-2395	opus	
3-224	2396-2403	servile	
3-225	2404-2407	non	
3-226	2408-2416	facietis	
3-227	2417-2419	in	
3-228	2420-2422	eo	
3-229	2422-2423	.	
3-230	2424-2426	36	
3-231	2427-2429	Et	
3-232	2430-2436	septem	
3-233	2437-2443	diebus	
3-234	2444-2453	offeretis	
3-235	2454-2464	holocausta	
3-236	2465-2471	Domino	
3-237	2471-2472	.	

#Text=Dies quoque octavus erit celeberrimus, atque sanctissimus, et offeretis holocaustum Domino : est enim cœtus atque collectæ : omne opus servile non facietis in eo.
#Text=37 Hæ sunt feriæ Domini, quas vocabitis celeberrimas atque sanctissimas, offeretisque in eis oblationes Domino, holocausta et libamenta juxta ritum uniuscujusque diei : 38 exceptis sabbatis Domini, donisque vestris, et quæ offeretis ex voto, vel quæ sponte tribuetis Domino.
4-1	2473-2477	Dies	
4-2	2478-2484	quoque	
4-3	2485-2492	octavus	
4-4	2493-2497	erit	
4-5	2498-2510	celeberrimus	
4-6	2510-2511	,	
4-7	2512-2517	atque	
4-8	2518-2530	sanctissimus	
4-9	2530-2531	,	
4-10	2532-2534	et	
4-11	2535-2544	offeretis	
4-12	2545-2556	holocaustum	
4-13	2557-2563	Domino	
4-14	2564-2565	:	
4-15	2566-2569	est	
4-16	2570-2574	enim	
4-17	2575-2580	cœtus	
4-18	2581-2586	atque	
4-19	2587-2595	collectæ	
4-20	2596-2597	:	
4-21	2598-2602	omne	
4-22	2603-2607	opus	
4-23	2608-2615	servile	
4-24	2616-2619	non	
4-25	2620-2628	facietis	
4-26	2629-2631	in	
4-27	2632-2634	eo	
4-28	2634-2635	.	
4-29	2636-2638	37	
4-30	2639-2641	Hæ	
4-31	2642-2646	sunt	
4-32	2647-2652	feriæ	
4-33	2653-2659	Domini	
4-34	2659-2660	,	
4-35	2661-2665	quas	
4-36	2666-2675	vocabitis	
4-37	2676-2688	celeberrimas	
4-38	2689-2694	atque	
4-39	2695-2707	sanctissimas	
4-40	2707-2708	,	
4-41	2709-2721	offeretisque	
4-42	2722-2724	in	
4-43	2725-2728	eis	
4-44	2729-2739	oblationes	
4-45	2740-2746	Domino	
4-46	2746-2747	,	
4-47	2748-2758	holocausta	
4-48	2759-2761	et	
4-49	2762-2771	libamenta	
4-50	2772-2777	juxta	
4-51	2778-2783	ritum	
4-52	2784-2797	uniuscujusque	
4-53	2798-2802	diei	
4-54	2803-2804	:	
4-55	2805-2807	38	
4-56	2808-2816	exceptis	
4-57	2817-2825	sabbatis	
4-58	2826-2832	Domini	
4-59	2832-2833	,	
4-60	2834-2842	donisque	
4-61	2843-2850	vestris	
4-62	2850-2851	,	
4-63	2852-2854	et	
4-64	2855-2858	quæ	
4-65	2859-2868	offeretis	
4-66	2869-2871	ex	
4-67	2872-2876	voto	
4-68	2876-2877	,	
4-69	2878-2881	vel	
4-70	2882-2885	quæ	
4-71	2886-2892	sponte	
4-72	2893-2902	tribuetis	
4-73	2903-2909	Domino	
4-74	2909-2910	.	
