#FORMAT=WebAnno TSV 3.3


#Text=nog soo en synse niet eenparig wit, maar als met
#Text=wateragtige ende doorlugtige oneffentheeden vervult.
1-1	2-5	nog	
1-2	6-9	soo	
1-3	10-12	en	
1-4	13-18	synse	
1-5	19-23	niet	
1-6	24-32	eenparig	
1-7	33-36	wit	
1-8	36-37	,	
1-9	38-42	maar	
1-10	43-46	als	
1-11	47-50	met	
1-12	51-62	wateragtige	
1-13	63-67	ende	
1-14	68-79	doorlugtige	
1-15	80-94	oneffentheeden	
1-16	95-102	vervult	
1-17	102-103	.	

#Text=Deese ses klierige deelkens
#Text=puylen boven de inwendige superficie van den Darm binnen in syn holligheid
#Text=merkelyk uyt, soo dat se seer sigtbaar syn.
2-1	104-109	Deese	
2-2	110-113	ses	
2-3	114-122	klierige	
2-4	123-131	deelkens	
2-5	132-138	puylen	
2-6	139-144	boven	
2-7	145-147	de	
2-8	148-157	inwendige	
2-9	158-168	superficie	
2-10	169-172	van	
2-11	173-176	den	
2-12	177-181	Darm	
2-13	182-188	binnen	
2-14	189-191	in	
2-15	192-195	syn	
2-16	196-206	holligheid	
2-17	207-215	merkelyk	
2-18	216-219	uyt	
2-19	219-220	,	
2-20	221-224	soo	
2-21	225-228	dat	
2-22	229-231	se	
2-23	232-236	seer	
2-24	237-245	sigtbaar	
2-25	246-249	syn	
2-26	249-250	.	

#Text=In de Horsels heb ik deese deelkens
#Text=meede gemerkt in de Darmen.
3-1	251-253	In	
3-2	254-256	de	
3-3	257-264	Horsels	
3-4	265-268	heb	
3-5	269-271	ik	
3-6	272-277	deese	
3-7	278-286	deelkens	
3-8	287-292	meede	
3-9	293-300	gemerkt	
3-10	301-303	in	
3-11	304-306	de	
3-12	307-313	Darmen	
3-13	313-314	.	

#Text=Nog moet genoteert syn, dat de laatste der Darmen,
#Text=daar diergelyke ses deelkens haar in vertoonen, somtyts soo vol van geele
#Text=vuyligheden opgeswollen is, dat het kwaalyk te gelooven
#Text=sou syn: deese
#Text=vuyligheeden syn geel en brokkelik als Byen broot, hoewel niet globeus nog regulier.
4-1	315-318	Nog	
4-2	319-323	moet	
4-3	324-333	genoteert	
4-4	334-337	syn	
4-5	337-338	,	
4-6	339-342	dat	
4-7	343-345	de	
4-8	346-353	laatste	
4-9	354-357	der	
4-10	358-364	Darmen	
4-11	364-365	,	
4-12	366-370	daar	
4-13	371-381	diergelyke	
4-14	382-385	ses	
4-15	386-394	deelkens	
4-16	395-399	haar	
4-17	400-402	in	
4-18	403-412	vertoonen	
4-19	412-413	,	
4-20	414-421	somtyts	
4-21	422-425	soo	
4-22	426-429	vol	
4-23	430-433	van	
4-24	434-439	geele	
4-25	440-451	vuyligheden	
4-26	452-463	opgeswollen	
4-27	464-466	is	
4-28	466-467	,	
4-29	468-471	dat	
4-30	472-475	het	
4-31	476-483	kwaalyk	
4-32	484-486	te	
4-33	487-495	gelooven	
4-34	496-499	sou	
4-35	500-503	syn	
4-36	503-504	:	
4-37	505-510	deese	
4-38	511-523	vuyligheeden	
4-39	524-527	syn	
4-40	528-532	geel	
4-41	533-535	en	
4-42	536-545	brokkelik	
4-43	546-549	als	
4-44	550-554	Byen	
4-45	555-560	broot	
4-46	560-561	,	
4-47	562-568	hoewel	
4-48	569-573	niet	
4-49	574-581	globeus	
4-50	582-585	nog	
4-51	586-594	regulier	
4-52	594-595	.	

#Text=Vorder soo is aan te merken, dat de Darm, daar de ses langwerpige klieragtige
#Text=deelkens in syn, somtyts ook met wateragtige en geleyagtige vogtigheid, soo dik
#Text=als met de geseide gele slof, wel opgeswollen bevonden word;
#Text=dan dit heeft geen
#Text=plaats, als in jonge Byen, die eerst voor den dag komen.
5-1	597-603	Vorder	
5-2	604-607	soo	
5-3	608-610	is	
5-4	611-614	aan	
5-5	615-617	te	
5-6	618-624	merken	
5-7	624-625	,	
5-8	626-629	dat	
5-9	630-632	de	
5-10	633-637	Darm	
5-11	637-638	,	
5-12	639-643	daar	
5-13	644-646	de	
5-14	647-650	ses	
5-15	651-662	langwerpige	
5-16	663-674	klieragtige	
5-17	675-683	deelkens	
5-18	684-686	in	
5-19	687-690	syn	
5-20	690-691	,	
5-21	692-699	somtyts	
5-22	700-703	ook	
5-23	704-707	met	
5-24	708-719	wateragtige	
5-25	720-722	en	
5-26	723-734	geleyagtige	
5-27	735-745	vogtigheid	
5-28	745-746	,	
5-29	747-750	soo	
5-30	751-754	dik	
5-31	755-758	als	
5-32	759-762	met	
5-33	763-765	de	
5-34	766-773	geseide	
5-35	774-778	gele	
5-36	779-783	slof	
5-37	783-784	,	
5-38	785-788	wel	
5-39	789-800	opgeswollen	
5-40	801-809	bevonden	
5-41	810-814	word	
5-42	814-815	;	
5-43	816-819	dan	
5-44	820-823	dit	
5-45	824-829	heeft	
5-46	830-834	geen	
5-47	835-841	plaats	
5-48	841-842	,	
5-49	843-846	als	
5-50	847-849	in	
5-51	850-855	jonge	
5-52	856-860	Byen	
5-53	860-861	,	
5-54	862-865	die	
5-55	866-871	eerst	
5-56	872-876	voor	
5-57	877-880	den	
5-58	881-884	dag	
5-59	885-890	komen	
5-60	890-891	.	

#Text=Eer deese Endeldarm eyndigt, soo wort hy nog eens vernauwt, en sig dan weer
#Text=dilaterende, soo maakt hy den regten en agtersten
#Text=Darm.
6-1	894-897	Eer	
6-2	898-903	deese	
6-3	904-913	Endeldarm	
6-4	914-921	eyndigt	
6-5	921-922	,	
6-6	923-926	soo	
6-7	927-931	wort	
6-8	932-934	hy	
6-9	935-938	nog	
6-10	939-943	eens	
6-11	944-952	vernauwt	
6-12	952-953	,	
6-13	954-956	en	
6-14	957-960	sig	
6-15	961-964	dan	
6-16	965-969	weer	
6-17	970-981	dilaterende	
6-18	981-982	,	
6-19	983-986	soo	
6-20	987-992	maakt	
6-21	993-995	hy	
6-22	996-999	den	
6-23	1000-1006	regten	
6-24	1007-1009	en	
6-25	1010-1019	agtersten	
6-26	1020-1024	Darm	
6-27	1024-1025	.	

#Text=Nu omtrent syn eynde of
#Text=uytgank, soo vertoont ook sig deese Darm sonder die vernauwinge, maar als geplooit
#Text=linnen, of als een cattoene neusdoek, die door de handen getrokken is; en soo gaat
#Text=
#Text=Jan Swammerdam, Bybel der natuure of historie der insecten.
7-1	1026-1028	Nu	
7-2	1029-1036	omtrent	
7-3	1037-1040	syn	
7-4	1041-1046	eynde	
7-5	1047-1049	of	
7-6	1050-1057	uytgank	
7-7	1057-1058	,	
7-8	1059-1062	soo	
7-9	1063-1071	vertoont	
7-10	1072-1075	ook	
7-11	1076-1079	sig	
7-12	1080-1085	deese	
7-13	1086-1090	Darm	
7-14	1091-1097	sonder	
7-15	1098-1101	die	
7-16	1102-1113	vernauwinge	
7-17	1113-1114	,	
7-18	1115-1119	maar	
7-19	1120-1123	als	
7-20	1124-1132	geplooit	
7-21	1133-1139	linnen	
7-22	1139-1140	,	
7-23	1141-1143	of	
7-24	1144-1147	als	
7-25	1148-1151	een	
7-26	1152-1160	cattoene	
7-27	1161-1169	neusdoek	
7-28	1169-1170	,	
7-29	1171-1174	die	
7-30	1175-1179	door	
7-31	1180-1182	de	
7-32	1183-1189	handen	
7-33	1190-1199	getrokken	
7-34	1200-1202	is	
7-35	1202-1203	;	
7-36	1204-1206	en	
7-37	1207-1210	soo	
7-38	1211-1215	gaat	
7-39	1217-1220	Jan	
7-40	1221-1231	Swammerdam	
7-41	1231-1232	,	
7-42	1233-1238	Bybel	
7-43	1239-1242	der	
7-44	1243-1250	natuure	
7-45	1251-1253	of	
7-46	1254-1262	historie	
7-47	1263-1266	der	
7-48	1267-1275	insecten	
7-49	1275-1276	.	

#Text=Deel 1
#Text=
#Text=\fhy dan onder de punt van den Angel eyndigen, alwaar ter plaatse dan de vuyligheden
#Text=uitgelost worden, en hy den regten Darm maakt.
8-1	1277-1281	Deel	
8-2	1282-1283	1	
8-3	1286-1288	hy	
8-4	1289-1292	dan	
8-5	1293-1298	onder	
8-6	1299-1301	de	
8-7	1302-1306	punt	
8-8	1307-1310	van	
8-9	1311-1314	den	
8-10	1315-1320	Angel	
8-11	1321-1329	eyndigen	
8-12	1329-1330	,	
8-13	1331-1337	alwaar	
8-14	1338-1341	ter	
8-15	1342-1349	plaatse	
8-16	1350-1353	dan	
8-17	1354-1356	de	
8-18	1357-1368	vuyligheden	
8-19	1369-1378	uitgelost	
8-20	1379-1385	worden	
8-21	1385-1386	,	
8-22	1387-1389	en	
8-23	1390-1392	hy	
8-24	1393-1396	den	
8-25	1397-1403	regten	
8-26	1404-1408	Darm	
8-27	1409-1414	maakt	
8-28	1414-1415	.	

#Text=Als men de Darmen, die aan den Maag vast syn, op een dun stuksken glas, by de
#Text=lamp geblasen, legt, ende die dan daar op droogt, soo kan men daar in sien, niet
#Text=alleen haare ronde Vesels, maar ook haar toesluitende Klapvliesen, soose
#Text=Kerkring
#Text=in den Mensch noemt, ende by Spigelius alreede beschreeven, ende ook eenig sins
#Text=af getekent syn: hebbende D.
9-1	1417-1420	Als	
9-2	1421-1424	men	
9-3	1425-1427	de	
9-4	1428-1434	Darmen	
9-5	1434-1435	,	
9-6	1436-1439	die	
9-7	1440-1443	aan	
9-8	1444-1447	den	
9-9	1448-1452	Maag	
9-10	1453-1457	vast	
9-11	1458-1461	syn	
9-12	1461-1462	,	
9-13	1463-1465	op	
9-14	1466-1469	een	
9-15	1470-1473	dun	
9-16	1474-1482	stuksken	
9-17	1483-1487	glas	
9-18	1487-1488	,	
9-19	1489-1491	by	
9-20	1492-1494	de	
9-21	1495-1499	lamp	
9-22	1500-1508	geblasen	
9-23	1508-1509	,	
9-24	1510-1514	legt	
9-25	1514-1515	,	
9-26	1516-1520	ende	
9-27	1521-1524	die	
9-28	1525-1528	dan	
9-29	1529-1533	daar	
9-30	1534-1536	op	
9-31	1537-1543	droogt	
9-32	1543-1544	,	
9-33	1545-1548	soo	
9-34	1549-1552	kan	
9-35	1553-1556	men	
9-36	1557-1561	daar	
9-37	1562-1564	in	
9-38	1565-1569	sien	
9-39	1569-1570	,	
9-40	1571-1575	niet	
9-41	1576-1582	alleen	
9-42	1583-1588	haare	
9-43	1589-1594	ronde	
9-44	1595-1601	Vesels	
9-45	1601-1602	,	
9-46	1603-1607	maar	
9-47	1608-1611	ook	
9-48	1612-1616	haar	
9-49	1617-1629	toesluitende	
9-50	1630-1641	Klapvliesen	
9-51	1641-1642	,	
9-52	1643-1648	soose	
9-53	1649-1657	Kerkring	
9-54	1658-1660	in	
9-55	1661-1664	den	
9-56	1665-1671	Mensch	
9-57	1672-1677	noemt	
9-58	1677-1678	,	
9-59	1679-1683	ende	
9-60	1684-1686	by	
9-61	1687-1696	Spigelius	
9-62	1697-1704	alreede	
9-63	1705-1716	beschreeven	
9-64	1716-1717	,	
9-65	1718-1722	ende	
9-66	1723-1726	ook	
9-67	1727-1732	eenig	
9-68	1733-1737	sins	
9-69	1738-1740	af	
9-70	1741-1749	getekent	
9-71	1750-1753	syn	
9-72	1753-1754	:	
9-73	1755-1763	hebbende	
9-74	1764-1765	D	
9-75	1765-1766	.	

#Text=Ruysch die in 't jaar 1667.
#Text=het eerst in een opgeblaasen
#Text=Menschendarm vertoont.
10-1	1767-1773	Ruysch	
10-2	1774-1777	die	
10-3	1778-1780	in	
10-4	1781-1782	'	
10-5	1782-1783	t	
10-6	1784-1788	jaar	
10-7	1789-1793	1667	
10-8	1793-1794	.	
10-9	1795-1798	het	
10-10	1799-1804	eerst	
10-11	1805-1807	in	
10-12	1808-1811	een	
10-13	1812-1823	opgeblaasen	
10-14	1824-1836	Menschendarm	
10-15	1837-1845	vertoont	
10-16	1845-1846	.	

#Text=Deese observatie heb ik en in den Bye ende in de Wespe
#Text=gedaan.
11-1	1847-1852	Deese	
11-2	1853-1863	observatie	
11-3	1864-1867	heb	
11-4	1868-1870	ik	
11-5	1871-1873	en	
11-6	1874-1876	in	
11-7	1877-1880	den	
11-8	1881-1884	Bye	
11-9	1885-1889	ende	
11-10	1890-1892	in	
11-11	1893-1895	de	
11-12	1896-1901	Wespe	
11-13	1902-1908	gedaan	
11-14	1908-1909	.	

#Text=Siet, dit syn soo de ingewanden van de gemeene Hooningbye, maar van
#Text=Saatdeelen of Teeldeelen, of ook iets dat met een Schacht of Eierstok sou kunnen
#Text=over een komen, of vergeleeken worden, en is het minste teken daar in niet:
#Text=waarom
#Text=ik se
#Text=
#Text=Jan Swammerdam, Bybel der natuure of historie der insecten.
12-1	1911-1915	Siet	
12-2	1915-1916	,	
12-3	1917-1920	dit	
12-4	1921-1924	syn	
12-5	1925-1928	soo	
12-6	1929-1931	de	
12-7	1932-1942	ingewanden	
12-8	1943-1946	van	
12-9	1947-1949	de	
12-10	1950-1957	gemeene	
12-11	1958-1968	Hooningbye	
12-12	1968-1969	,	
12-13	1970-1974	maar	
12-14	1975-1978	van	
12-15	1979-1989	Saatdeelen	
12-16	1990-1992	of	
12-17	1993-2003	Teeldeelen	
12-18	2003-2004	,	
12-19	2005-2007	of	
12-20	2008-2011	ook	
12-21	2012-2016	iets	
12-22	2017-2020	dat	
12-23	2021-2024	met	
12-24	2025-2028	een	
12-25	2029-2036	Schacht	
12-26	2037-2039	of	
12-27	2040-2048	Eierstok	
12-28	2049-2052	sou	
12-29	2053-2059	kunnen	
12-30	2060-2064	over	
12-31	2065-2068	een	
12-32	2069-2074	komen	
12-33	2074-2075	,	
12-34	2076-2078	of	
12-35	2079-2090	vergeleeken	
12-36	2091-2097	worden	
12-37	2097-2098	,	
12-38	2099-2101	en	
12-39	2102-2104	is	
12-40	2105-2108	het	
12-41	2109-2115	minste	
12-42	2116-2121	teken	
12-43	2122-2126	daar	
12-44	2127-2129	in	
12-45	2130-2134	niet	
12-46	2134-2135	:	
12-47	2136-2142	waarom	
12-48	2143-2145	ik	
12-49	2146-2148	se	
12-50	2150-2153	Jan	
12-51	2154-2164	Swammerdam	
12-52	2164-2165	,	
12-53	2166-2171	Bybel	
12-54	2172-2175	der	
12-55	2176-2183	natuure	
12-56	2184-2186	of	
12-57	2187-2195	historie	
12-58	2196-2199	der	
12-59	2200-2208	insecten	
12-60	2208-2209	.	

#Text=Deel 1
#Text=
#Text=\f
#Text=456
#Text=gium:
13-1	2210-2214	Deel	
13-2	2215-2216	1	
13-3	2220-2223	456	
13-4	2224-2228	gium	
13-5	2228-2229	:	
