#FORMAT=WebAnno TSV 3.3
#T_SP=custom.Span|label
#T_RL=custom.Relation|label|BT_custom.Span


#Text=Wie die
#Text=
#Text=Sonne
#Text=
#Text=\f
#Text=[793/0277
#Text=]
#Text=
#Text=Predigt.
1-1	2-5	Wie	_	_	_	
1-2	6-9	die	_	_	_	
1-3	11-16	Sonne	_	_	_	
1-4	20-21	[	_	_	_	
1-5	21-24	793	_	_	_	
1-6	24-25	/	_	_	_	
1-7	25-29	0277	_	_	_	
1-8	30-31	]	_	_	_	
1-9	33-40	Predigt	_	_	_	
1-10	40-41	.	_	_	_	

#Text=Sonne ſcheinet auff deß verguldeten Tempels Dach zu Jeruſalem/
#Text=davon
#Text=
#Text=die gantze gegend geglaͤntzet.
2-1	45-50	Sonne	_	_	_	
2-2	51-59	ſcheinet	_	_	_	
2-3	60-64	auff	_	_	_	
2-4	65-68	deß	_	_	_	
2-5	69-80	verguldeten	_	_	_	
2-6	81-88	Tempels	_	_	_	
2-7	89-93	Dach	_	_	_	
2-8	94-96	zu	_	_	_	
2-9	97-106	Jeruſalem	_	_	_	
2-10	106-107	/	_	_	_	
2-11	108-113	davon	_	_	_	
2-12	115-118	die	_	_	_	
2-13	119-125	gantze	_	_	_	
2-14	126-132	gegend	_	_	_	
2-15	133-144	geglaͤntzet	_	_	_	
2-16	144-145	.	_	_	_	

#Text=Alſo hat er auch gemelden Tempel in ſeiner
#Text=darſtellung bey der reinigung ſeiner Mutter geziert mit ſeinem holdſeligem
#Text=Gnaden-glantz/ daß die Herꝛligkeit deß andern Tempels weit groͤſſer wor-
#Text=den als geweſt die Glori vnd Herꝛligkeit deß erſten von Salomon erbawe-
#Text=ten Tempels:
#Text=So ſchoͤn iſt der Regenbogen niemahl in ſeinen farben:
#Text=noch
#Text=tauſendmahl ſchoͤner Chriſtus in ſeinen tugenden: die Roſe iſt ſchoͤn im
#Text=Lentzen/ hie die ſchoͤnſte tugend Roß mitten vnder den Creutzdornen!
3-1	146-150	Alſo	_	_	_	
3-2	151-154	hat	_	_	_	
3-3	155-157	er	_	_	_	
3-4	158-162	auch	_	_	_	
3-5	163-171	gemelden	_	_	_	
3-6	172-178	Tempel	_	_	_	
3-7	179-181	in	_	_	_	
3-8	182-188	ſeiner	_	_	_	
3-9	189-200	darſtellung	_	_	_	
3-10	201-204	bey	_	_	_	
3-11	205-208	der	_	_	_	
3-12	209-218	reinigung	_	_	_	
3-13	219-225	ſeiner	_	_	_	
3-14	226-232	Mutter	_	_	_	
3-15	233-240	geziert	_	_	_	
3-16	241-244	mit	_	_	_	
3-17	245-251	ſeinem	_	_	_	
3-18	252-263	holdſeligem	_	_	_	
3-19	264-277	Gnaden-glantz	_	_	_	
3-20	277-278	/	_	_	_	
3-21	279-282	daß	_	_	_	
3-22	283-286	die	_	_	_	
3-23	287-298	Herꝛligkeit	_	_	_	
3-24	299-302	deß	_	_	_	
3-25	303-309	andern	_	_	_	
3-26	310-317	Tempels	_	_	_	
3-27	318-322	weit	_	_	_	
3-28	323-331	groͤſſer	_	_	_	
3-29	332-335	wor	_	_	_	
3-30	335-336	-	_	_	_	
3-31	337-340	den	_	_	_	
3-32	341-344	als	_	_	_	
3-33	345-351	geweſt	_	_	_	
3-34	352-355	die	_	_	_	
3-35	356-361	Glori	_	_	_	
3-36	362-365	vnd	_	_	_	
3-37	366-377	Herꝛligkeit	_	_	_	
3-38	378-381	deß	_	_	_	
3-39	382-388	erſten	_	_	_	
3-40	389-392	von	_	_	_	
3-41	393-400	Salomon	_	_	_	
3-42	401-407	erbawe	_	_	_	
3-43	407-408	-	_	_	_	
3-44	409-412	ten	_	_	_	
3-45	413-420	Tempels	_	_	_	
3-46	420-421	:	_	_	_	
3-47	422-424	So	_	_	_	
3-48	425-431	ſchoͤn	_	_	_	
3-49	432-435	iſt	_	_	_	
3-50	436-439	der	_	_	_	
3-51	440-450	Regenbogen	_	_	_	
3-52	451-458	niemahl	_	_	_	
3-53	459-461	in	_	_	_	
3-54	462-468	ſeinen	_	_	_	
3-55	469-475	farben	_	_	_	
3-56	475-476	:	_	_	_	
3-57	477-481	noch	_	_	_	
3-58	482-493	tauſendmahl	_	_	_	
3-59	494-502	ſchoͤner	_	_	_	
3-60	503-511	Chriſtus	_	_	_	
3-61	512-514	in	_	_	_	
3-62	515-521	ſeinen	_	_	_	
3-63	522-530	tugenden	_	_	_	
3-64	530-531	:	_	_	_	
3-65	532-535	die	_	_	_	
3-66	536-540	Roſe	_	_	_	
3-67	541-544	iſt	_	_	_	
3-68	545-551	ſchoͤn	_	_	_	
3-69	552-554	im	_	_	_	
3-70	555-562	Lentzen	_	_	_	
3-71	562-563	/	_	_	_	
3-72	564-567	hie	_	_	_	
3-73	568-571	die	_	_	_	
3-74	572-581	ſchoͤnſte	_	_	_	
3-75	582-588	tugend	_	_	_	
3-76	589-592	Roß	_	_	_	
3-77	593-599	mitten	_	_	_	
3-78	600-605	vnder	_	_	_	
3-79	606-609	den	_	_	_	
3-80	610-622	Creutzdornen	_	_	_	
3-81	622-623	!	_	_	_	

#Text=die
#Text=Lilien ſtehen lieblich am Waſſer/ noch lieblicher Chriſtus an den gnaden-
#Text=ſtroͤhmen deß Heyligen Geiſtes:
#Text=Weyrauch-baum riechet wol;
#Text=viel beſſer
#Text=
#Text=der Weyrauch deß gebets in der erzoͤrneten goͤttlichen Naſen von Chriſto
#Text=geſchehen in den tagen ſeines fleiſches.
4-1	624-627	die	_	_	_	
4-2	628-634	Lilien	_	_	_	
4-3	635-641	ſtehen	_	_	_	
4-4	642-650	lieblich	_	_	_	
4-5	651-653	am	_	_	_	
4-6	654-660	Waſſer	_	_	_	
4-7	660-661	/	_	_	_	
4-8	662-666	noch	_	_	_	
4-9	667-677	lieblicher	_	_	_	
4-10	678-686	Chriſtus	_	_	_	
4-11	687-689	an	_	_	_	
4-12	690-693	den	_	_	_	
4-13	694-700	gnaden	_	_	_	
4-14	700-701	-	_	_	_	
4-15	702-711	ſtroͤhmen	_	_	_	
4-16	712-715	deß	_	_	_	
4-17	716-724	Heyligen	_	_	_	
4-18	725-732	Geiſtes	_	_	_	
4-19	732-733	:	_	_	_	
4-20	734-747	Weyrauch-baum	Smell\_Source	_	_	
4-21	748-755	riechet	Smell\_Word	*|*|*	4-22|4-20|4-24[1_0]	
4-22	756-759	wol	Quality	_	_	
4-23	759-760	;	_	_	_	
4-24	761-765	viel	Evoked\_Odorant[1]	_	_	
4-25	766-772	beſſer	Evoked\_Odorant[1]	_	_	
4-26	774-777	der	Evoked\_Odorant[1]	_	_	
4-27	778-786	Weyrauch	Evoked\_Odorant[1]	_	_	
4-28	787-790	deß	Evoked\_Odorant[1]	_	_	
4-29	791-797	gebets	Evoked\_Odorant[1]	_	_	
4-30	798-800	in	Evoked\_Odorant[1]	_	_	
4-31	801-804	der	Evoked\_Odorant[1]	_	_	
4-32	805-816	erzoͤrneten	Evoked\_Odorant[1]	_	_	
4-33	817-828	goͤttlichen	Evoked\_Odorant[1]	_	_	
4-34	829-834	Naſen	Evoked\_Odorant[1]	_	_	
4-35	835-838	von	Evoked\_Odorant[1]	_	_	
4-36	839-846	Chriſto	Evoked\_Odorant[1]	_	_	
4-37	847-856	geſchehen	Evoked\_Odorant[1]	_	_	
4-38	857-859	in	Evoked\_Odorant[1]	_	_	
4-39	860-863	den	Evoked\_Odorant[1]	_	_	
4-40	864-869	tagen	Evoked\_Odorant[1]	_	_	
4-41	870-876	ſeines	Evoked\_Odorant[1]	_	_	
4-42	877-886	fleiſches	Evoked\_Odorant[1]	_	_	
4-43	886-887	.	_	_	_	

#Text=Ein gulden Geſchirꝛ oder Pocal
#Text=
#Text=gefaͤllet dem jenigen wol/
#Text=dem es verehret wird/
#Text=viel beſſer einem glaubigen
#Text=Hertzen der Kelch deß Newen Teſtaments/ in welchem der Hoheprieſter
#Text=
#Text=ſelbs mit ſeinem geopfferten Blut die lechzenden Seelen traͤncket vnd
#Text=er-
#Text=quicket.
5-1	888-891	Ein	_	_	_	
5-2	892-898	gulden	_	_	_	
5-3	899-907	Geſchirꝛ	_	_	_	
5-4	908-912	oder	_	_	_	
5-5	913-918	Pocal	_	_	_	
5-6	920-929	gefaͤllet	_	_	_	
5-7	930-933	dem	_	_	_	
5-8	934-941	jenigen	_	_	_	
5-9	942-945	wol	_	_	_	
5-10	945-946	/	_	_	_	
5-11	947-950	dem	_	_	_	
5-12	951-953	es	_	_	_	
5-13	954-962	verehret	_	_	_	
5-14	963-967	wird	_	_	_	
5-15	967-968	/	_	_	_	
5-16	969-973	viel	_	_	_	
5-17	974-980	beſſer	_	_	_	
5-18	981-986	einem	_	_	_	
5-19	987-996	glaubigen	_	_	_	
5-20	997-1004	Hertzen	_	_	_	
5-21	1005-1008	der	_	_	_	
5-22	1009-1014	Kelch	_	_	_	
5-23	1015-1018	deß	_	_	_	
5-24	1019-1024	Newen	_	_	_	
5-25	1025-1035	Teſtaments	_	_	_	
5-26	1035-1036	/	_	_	_	
5-27	1037-1039	in	_	_	_	
5-28	1040-1047	welchem	_	_	_	
5-29	1048-1051	der	_	_	_	
5-30	1052-1064	Hoheprieſter	_	_	_	
5-31	1066-1071	ſelbs	_	_	_	
5-32	1072-1075	mit	_	_	_	
5-33	1076-1082	ſeinem	_	_	_	
5-34	1083-1094	geopfferten	_	_	_	
5-35	1095-1099	Blut	_	_	_	
5-36	1100-1103	die	_	_	_	
5-37	1104-1114	lechzenden	_	_	_	
5-38	1115-1121	Seelen	_	_	_	
5-39	1122-1131	traͤncket	_	_	_	
5-40	1132-1135	vnd	_	_	_	
5-41	1136-1138	er	_	_	_	
5-42	1138-1139	-	_	_	_	
5-43	1140-1147	quicket	_	_	_	
5-44	1147-1148	.	_	_	_	

#Text=Ein fruchtbarer Oelbaum ſtehet einem Garten/ der hohe Cypreß-
#Text=baum einem Berg wol an/ was iſt aber vber den Geiſtlichen
6-1	1149-1152	Ein	_	_	_	
6-2	1153-1164	fruchtbarer	_	_	_	
6-3	1165-1172	Oelbaum	_	_	_	
6-4	1173-1179	ſtehet	_	_	_	
6-5	1180-1185	einem	_	_	_	
6-6	1186-1192	Garten	_	_	_	
6-7	1192-1193	/	_	_	_	
6-8	1194-1197	der	_	_	_	
6-9	1198-1202	hohe	_	_	_	
6-10	1203-1209	Cypreß	_	_	_	
6-11	1209-1210	-	_	_	_	
6-12	1211-1215	baum	_	_	_	
6-13	1216-1221	einem	_	_	_	
6-14	1222-1226	Berg	_	_	_	
6-15	1227-1230	wol	_	_	_	
6-16	1231-1233	an	_	_	_	
6-17	1233-1234	/	_	_	_	
6-18	1235-1238	was	_	_	_	
6-19	1239-1242	iſt	_	_	_	
6-20	1243-1247	aber	_	_	_	
6-21	1248-1252	vber	_	_	_	
6-22	1253-1256	den	_	_	_	
6-23	1257-1268	Geiſtlichen	_	_	_	
