#FORMAT=WebAnno TSV 3.3


#Text=Onsterffelyk voert u de Faam op haar witte wagen ten hemel: en 
#Text=Phoebus doet uwe lof klinken uit bey zyne paleizen, en daar hy opgaat, en daar hy 
#Text=voor u zyne ondergaande straalen eerbiediglyk buigt.
1-1	2-14	Onsterffelyk	
1-2	15-20	voert	
1-3	21-22	u	
1-4	23-25	de	
1-5	26-30	Faam	
1-6	31-33	op	
1-7	34-38	haar	
1-8	39-44	witte	
1-9	45-50	wagen	
1-10	51-54	ten	
1-11	55-60	hemel	
1-12	60-61	:	
1-13	62-64	en	
1-14	66-73	Phoebus	
1-15	74-78	doet	
1-16	79-82	uwe	
1-17	83-86	lof	
1-18	87-94	klinken	
1-19	95-98	uit	
1-20	99-102	bey	
1-21	103-107	zyne	
1-22	108-116	paleizen	
1-23	116-117	,	
1-24	118-120	en	
1-25	121-125	daar	
1-26	126-128	hy	
1-27	129-135	opgaat	
1-28	135-136	,	
1-29	137-139	en	
1-30	140-144	daar	
1-31	145-147	hy	
1-32	149-153	voor	
1-33	154-155	u	
1-34	156-160	zyne	
1-35	161-172	ondergaande	
1-36	173-181	straalen	
1-37	182-194	eerbiediglyk	
1-38	195-200	buigt	
1-39	200-201	.	

#Text=Sicilie verkondight uwe deugd 
#Text=met drie tongen, en steekt haare kaapen verder in zee.
2-1	202-209	Sicilie	
2-2	210-221	verkondight	
2-3	222-225	uwe	
2-4	226-231	deugd	
2-5	233-236	met	
2-6	237-241	drie	
2-7	242-248	tongen	
2-8	248-249	,	
2-9	250-252	en	
2-10	253-259	steekt	
2-11	260-265	haare	
2-12	266-272	kaapen	
2-13	273-279	verder	
2-14	280-282	in	
2-15	283-286	zee	
2-16	286-287	.	

#Text=Phoenikusa zie ik nieuw
#Text=loof schieten, en haare verzengde palmen, om u te kroonen, wederom groenen.
3-1	288-298	Phoenikusa	
3-2	299-302	zie	
3-3	303-305	ik	
3-4	306-311	nieuw	
3-5	312-316	loof	
3-6	317-325	schieten	
3-7	325-326	,	
3-8	327-329	en	
3-9	330-335	haare	
3-10	336-345	verzengde	
3-11	346-352	palmen	
3-12	352-353	,	
3-13	354-356	om	
3-14	357-358	u	
3-15	359-361	te	
3-16	362-369	kroonen	
3-17	369-370	,	
3-18	371-378	wederom	
3-19	379-386	groenen	
3-20	386-387	.	

#Text=Zoo lang de rivieren in zee loopen, zullen de rivieren uwe roem gelykerhandt en 
#Text=volmondig uitspreeken: en zoo lang de zee water heeft, en tegen den aardtkloot 
#Text=aanspoelt, zullen de golven uwe naam verheffen, en uwe lof na strandt rollen.
4-1	389-392	Zoo	
4-2	393-397	lang	
4-3	398-400	de	
4-4	401-409	rivieren	
4-5	410-412	in	
4-6	413-416	zee	
4-7	417-423	loopen	
4-8	423-424	,	
4-9	425-431	zullen	
4-10	432-434	de	
4-11	435-443	rivieren	
4-12	444-447	uwe	
4-13	448-452	roem	
4-14	453-465	gelykerhandt	
4-15	466-468	en	
4-16	470-479	volmondig	
4-17	480-491	uitspreeken	
4-18	491-492	:	
4-19	493-495	en	
4-20	496-499	zoo	
4-21	500-504	lang	
4-22	505-507	de	
4-23	508-511	zee	
4-24	512-517	water	
4-25	518-523	heeft	
4-26	523-524	,	
4-27	525-527	en	
4-28	528-533	tegen	
4-29	534-537	den	
4-30	538-548	aardtkloot	
4-31	550-559	aanspoelt	
4-32	559-560	,	
4-33	561-567	zullen	
4-34	568-570	de	
4-35	571-577	golven	
4-36	578-581	uwe	
4-37	582-586	naam	
4-38	587-596	verheffen	
4-39	596-597	,	
4-40	598-600	en	
4-41	601-604	uwe	
4-42	605-608	lof	
4-43	609-611	na	
4-44	612-619	strandt	
4-45	620-626	rollen	
4-46	626-627	.	

#Text=Nederlandt rechte dien waarden zoon eene eeuwigduurende tombe op, eene tombe 
#Text=midden op strandt; die de gryze Tethys besproeije, en Neptuin met neergeboogene 
#Text=baaren begroette:
#Text=zy voege hier by den vervaarlyken helm, en de lyfrok, hoofd- en 
#Text=borst-wapen des grooten Heldts; de trompetten, de klaroenen, en den donder met 
#Text=schor geloey nabaauwende kanonnen:
#Text=op dat de vyandt, dit graf aanschouwende, 
#Text=dit graf schuwe, als eene gevaarelyke klip, en met omgewende stevens in zee 
#Text=steeke: en op dat die geene, die levendt zynen vaderlande eene muur verstrekte, 
#Text=ook van 't leeven ontbloot de vyandtlyke vloote van 's Vaderlandts grenzen afkeere, 
#Text=
#Text=en met zyne naam alleen den vyandt verschrikke, en na zyne doodt overwinnaar 
#Text=noch veele eeuwen de nakoomelingen bescherme.
5-1	629-639	Nederlandt	
5-2	640-646	rechte	
5-3	647-651	dien	
5-4	652-659	waarden	
5-5	660-664	zoon	
5-6	665-669	eene	
5-7	670-684	eeuwigduurende	
5-8	685-690	tombe	
5-9	691-693	op	
5-10	693-694	,	
5-11	695-699	eene	
5-12	700-705	tombe	
5-13	707-713	midden	
5-14	714-716	op	
5-15	717-724	strandt	
5-16	724-725	;	
5-17	726-729	die	
5-18	730-732	de	
5-19	733-738	gryze	
5-20	739-745	Tethys	
5-21	746-756	besproeije	
5-22	756-757	,	
5-23	758-760	en	
5-24	761-768	Neptuin	
5-25	769-772	met	
5-26	773-786	neergeboogene	
5-27	788-794	baaren	
5-28	795-804	begroette	
5-29	804-805	:	
5-30	806-808	zy	
5-31	809-814	voege	
5-32	815-819	hier	
5-33	820-822	by	
5-34	823-826	den	
5-35	827-839	vervaarlyken	
5-36	840-844	helm	
5-37	844-845	,	
5-38	846-848	en	
5-39	849-851	de	
5-40	852-858	lyfrok	
5-41	858-859	,	
5-42	860-865	hoofd	
5-43	865-866	-	
5-44	867-869	en	
5-45	871-882	borst-wapen	
5-46	883-886	des	
5-47	887-894	grooten	
5-48	895-901	Heldts	
5-49	901-902	;	
5-50	903-905	de	
5-51	906-916	trompetten	
5-52	916-917	,	
5-53	918-920	de	
5-54	921-930	klaroenen	
5-55	930-931	,	
5-56	932-934	en	
5-57	935-938	den	
5-58	939-945	donder	
5-59	946-949	met	
5-60	951-956	schor	
5-61	957-963	geloey	
5-62	964-975	nabaauwende	
5-63	976-984	kanonnen	
5-64	984-985	:	
5-65	986-988	op	
5-66	989-992	dat	
5-67	993-995	de	
5-68	996-1002	vyandt	
5-69	1002-1003	,	
5-70	1004-1007	dit	
5-71	1008-1012	graf	
5-72	1013-1026	aanschouwende	
5-73	1026-1027	,	
5-74	1029-1032	dit	
5-75	1033-1037	graf	
5-76	1038-1044	schuwe	
5-77	1044-1045	,	
5-78	1046-1049	als	
5-79	1050-1054	eene	
5-80	1055-1066	gevaarelyke	
5-81	1067-1071	klip	
5-82	1071-1072	,	
5-83	1073-1075	en	
5-84	1076-1079	met	
5-85	1080-1089	omgewende	
5-86	1090-1097	stevens	
5-87	1098-1100	in	
5-88	1101-1104	zee	
5-89	1106-1112	steeke	
5-90	1112-1113	:	
5-91	1114-1116	en	
5-92	1117-1119	op	
5-93	1120-1123	dat	
5-94	1124-1127	die	
5-95	1128-1133	geene	
5-96	1133-1134	,	
5-97	1135-1138	die	
5-98	1139-1146	levendt	
5-99	1147-1152	zynen	
5-100	1153-1163	vaderlande	
5-101	1164-1168	eene	
5-102	1169-1173	muur	
5-103	1174-1184	verstrekte	
5-104	1184-1185	,	
5-105	1187-1190	ook	
5-106	1191-1194	van	
5-107	1195-1196	'	
5-108	1196-1197	t	
5-109	1198-1204	leeven	
5-110	1205-1213	ontbloot	
5-111	1214-1216	de	
5-112	1217-1227	vyandtlyke	
5-113	1228-1234	vloote	
5-114	1235-1238	van	
5-115	1239-1240	'	
5-116	1240-1241	s	
5-117	1242-1253	Vaderlandts	
5-118	1254-1261	grenzen	
5-119	1262-1269	afkeere	
5-120	1269-1270	,	
5-121	1273-1275	en	
5-122	1276-1279	met	
5-123	1280-1284	zyne	
5-124	1285-1289	naam	
5-125	1290-1296	alleen	
5-126	1297-1300	den	
5-127	1301-1307	vyandt	
5-128	1308-1319	verschrikke	
5-129	1319-1320	,	
5-130	1321-1323	en	
5-131	1324-1326	na	
5-132	1327-1331	zyne	
5-133	1332-1337	doodt	
5-134	1338-1349	overwinnaar	
5-135	1351-1355	noch	
5-136	1356-1361	veele	
5-137	1362-1368	eeuwen	
5-138	1369-1371	de	
5-139	1372-1385	nakoomelingen	
5-140	1386-1395	bescherme	
5-141	1395-1396	.	

#Text=Zy voere ook zynen 
#Text=oorlogsdeegen ten gestarnten in, en hange den uitgedienden aan die
#Text=
#Text=
#Text=
#Text=
#Text=verwelfzelen:
#Text=op dat die, als het zwaardt van Perseus, of het zwaardt van Orion, de 
#Text=derde aan den hemel pronke, en, zyne straalen aan alle kanten uitschietende, den 
#Text=vyandt met zyne gloeijende vlammen de doodtschrik aanjaage.
6-1	1397-1399	Zy	
6-2	1400-1405	voere	
6-3	1406-1409	ook	
6-4	1410-1415	zynen	
6-5	1417-1430	oorlogsdeegen	
6-6	1431-1434	ten	
6-7	1435-1445	gestarnten	
6-8	1446-1448	in	
6-9	1448-1449	,	
6-10	1450-1452	en	
6-11	1453-1458	hange	
6-12	1459-1462	den	
6-13	1463-1475	uitgedienden	
6-14	1476-1479	aan	
6-15	1480-1483	die	
6-16	1488-1500	verwelfzelen	
6-17	1500-1501	:	
6-18	1502-1504	op	
6-19	1505-1508	dat	
6-20	1509-1512	die	
6-21	1512-1513	,	
6-22	1514-1517	als	
6-23	1518-1521	het	
6-24	1522-1529	zwaardt	
6-25	1530-1533	van	
6-26	1534-1541	Perseus	
6-27	1541-1542	,	
6-28	1543-1545	of	
6-29	1546-1549	het	
6-30	1550-1557	zwaardt	
6-31	1558-1561	van	
6-32	1562-1567	Orion	
6-33	1567-1568	,	
6-34	1569-1571	de	
6-35	1573-1578	derde	
6-36	1579-1582	aan	
6-37	1583-1586	den	
6-38	1587-1592	hemel	
6-39	1593-1599	pronke	
6-40	1599-1600	,	
6-41	1601-1603	en	
6-42	1603-1604	,	
6-43	1605-1609	zyne	
6-44	1610-1618	straalen	
6-45	1619-1622	aan	
6-46	1623-1627	alle	
6-47	1628-1634	kanten	
6-48	1635-1648	uitschietende	
6-49	1648-1649	,	
6-50	1650-1653	den	
6-51	1655-1661	vyandt	
6-52	1662-1665	met	
6-53	1666-1670	zyne	
6-54	1671-1681	gloeijende	
6-55	1682-1689	vlammen	
6-56	1690-1692	de	
6-57	1693-1704	doodtschrik	
6-58	1705-1713	aanjaage	
6-59	1713-1714	.	

#Text=Maar wy, laat ons 
#Text=met geen traanen en ydele klagten, en niet baatende zuchten, dit doorluchtig lyk 
#Text=onteeren, en met vergeefsche dienst ondienst doen.
7-1	1715-1719	Maar	
7-2	1720-1722	wy	
7-3	1722-1723	,	
7-4	1724-1728	laat	
7-5	1729-1732	ons	
7-6	1734-1737	met	
7-7	1738-1742	geen	
7-8	1743-1750	traanen	
7-9	1751-1753	en	
7-10	1754-1759	ydele	
7-11	1760-1767	klagten	
7-12	1767-1768	,	
7-13	1769-1771	en	
7-14	1772-1776	niet	
7-15	1777-1785	baatende	
7-16	1786-1793	zuchten	
7-17	1793-1794	,	
7-18	1795-1798	dit	
7-19	1799-1810	doorluchtig	
7-20	1811-1814	lyk	
7-21	1816-1824	onteeren	
7-22	1824-1825	,	
7-23	1826-1828	en	
7-24	1829-1832	met	
7-25	1833-1844	vergeefsche	
7-26	1845-1851	dienst	
7-27	1852-1860	ondienst	
7-28	1861-1865	doen	
7-29	1865-1866	.	

#Text=Staaken we de rouw, en droogen 
#Text=we de traanen af.
8-1	1867-1874	Staaken	
8-2	1875-1877	we	
8-3	1878-1880	de	
8-4	1881-1885	rouw	
8-5	1885-1886	,	
8-6	1887-1889	en	
8-7	1890-1897	droogen	
8-8	1899-1901	we	
8-9	1902-1904	de	
8-10	1905-1912	traanen	
8-11	1913-1915	af	
8-12	1915-1916	.	

#Text=Hy heeft volleeft, en is het padt, dat Natuur hem gesteldt hadt, 
#Text=ten einde gekoomen.
9-1	1917-1919	Hy	
9-2	1920-1925	heeft	
9-3	1926-1934	volleeft	
9-4	1934-1935	,	
9-5	1936-1938	en	
9-6	1939-1941	is	
9-7	1942-1945	het	
9-8	1946-1950	padt	
9-9	1950-1951	,	
9-10	1952-1955	dat	
9-11	1956-1962	Natuur	
9-12	1963-1966	hem	
9-13	1967-1975	gesteldt	
9-14	1976-1980	hadt	
9-15	1980-1981	,	
9-16	1983-1986	ten	
9-17	1987-1992	einde	
9-18	1993-2001	gekoomen	
9-19	2001-2002	.	

#Text=Geen gering lyk is ter aarde gedaaldt.
10-1	2003-2007	Geen	
10-2	2008-2014	gering	
10-3	2015-2018	lyk	
10-4	2019-2021	is	
10-5	2022-2025	ter	
10-6	2026-2031	aarde	
10-7	2032-2040	gedaaldt	
10-8	2040-2041	.	

#Text=Hollandt heeft hy 
#Text=behouden, de vrye zee beveiligd, den vyandt verwonnen.
11-1	2042-2050	Hollandt	
11-2	2051-2056	heeft	
11-3	2057-2059	hy	
11-4	2061-2069	behouden	
11-5	2069-2070	,	
11-6	2071-2073	de	
11-7	2074-2078	vrye	
11-8	2079-2082	zee	
11-9	2083-2092	beveiligd	
11-10	2092-2093	,	
11-11	2094-2097	den	
11-12	2098-2104	vyandt	
11-13	2105-2114	verwonnen	
11-14	2114-2115	.	

#Text=Gelukkig,  meer dan 
#Text=gelukkig waar hy geweest, waaren onze zeilen slechts nooit aan den Siciliaanschen 
#Text=oever gelandt.
12-1	2116-2124	Gelukkig	
12-2	2124-2125	,	
12-3	2127-2131	meer	
12-4	2132-2135	dan	
12-5	2137-2145	gelukkig	
12-6	2146-2150	waar	
12-7	2151-2153	hy	
12-8	2154-2161	geweest	
12-9	2161-2162	,	
12-10	2163-2169	waaren	
12-11	2170-2174	onze	
12-12	2175-2181	zeilen	
12-13	2182-2189	slechts	
12-14	2190-2195	nooit	
12-15	2196-2199	aan	
12-16	2200-2203	den	
12-17	2204-2218	Siciliaanschen	
12-18	2220-2225	oever	
12-19	2226-2233	gelandt	
12-20	2233-2234	.	

#Text=Hier liet hy 't leeven, zat van leeven, van overwinningen zat, en gaf 
#Text='tgeen hy ontfangen hadt den hemel weerom.
13-1	2235-2239	Hier	
13-2	2240-2244	liet	
13-3	2245-2247	hy	
13-4	2248-2249	'	
13-5	2249-2250	t	
13-6	2251-2257	leeven	
13-7	2257-2258	,	
13-8	2259-2262	zat	
13-9	2263-2266	van	
13-10	2267-2273	leeven	
13-11	2273-2274	,	
13-12	2275-2278	van	
13-13	2279-2292	overwinningen	
13-14	2293-2296	zat	
13-15	2296-2297	,	
13-16	2298-2300	en	
13-17	2301-2304	gaf	
13-18	2306-2307	'	
13-19	2307-2312	tgeen	
13-20	2313-2315	hy	
13-21	2316-2325	ontfangen	
13-22	2326-2330	hadt	
13-23	2331-2334	den	
13-24	2335-2340	hemel	
13-25	2341-2347	weerom	
13-26	2347-2348	.	

#Text=Laat ons 's mans weldaaden, dat ons 
#Text=alleen te doen staat, liever in onze gedachten begraaven, en in 't binnenst onzer 
#Text=harten opsluiten.
14-1	2349-2353	Laat	
14-2	2354-2357	ons	
14-3	2358-2359	'	
14-4	2359-2360	s	
14-5	2361-2365	mans	
14-6	2366-2375	weldaaden	
14-7	2375-2376	,	
14-8	2377-2380	dat	
14-9	2381-2384	ons	
14-10	2386-2392	alleen	
14-11	2393-2395	te	
14-12	2396-2400	doen	
14-13	2401-2406	staat	
14-14	2406-2407	,	
14-15	2408-2414	liever	
14-16	2415-2417	in	
14-17	2418-2422	onze	
14-18	2423-2432	gedachten	
14-19	2433-2442	begraaven	
14-20	2442-2443	,	
14-21	2444-2446	en	
14-22	2447-2449	in	
14-23	2450-2451	'	
14-24	2451-2452	t	
14-25	2453-2461	binnenst	
14-26	2462-2467	onzer	
14-27	2469-2475	harten	
14-28	2476-2485	opsluiten	
14-29	2485-2486	.	

#Text=In onze harten leeft hy noch na zyne doodt: want de doodt heeft 
#Text=dien Heldt niet teenemaale verslonden.
15-1	2487-2489	In	
15-2	2490-2494	onze	
15-3	2495-2501	harten	
15-4	2502-2507	leeft	
15-5	2508-2510	hy	
15-6	2511-2515	noch	
15-7	2516-2518	na	
15-8	2519-2523	zyne	
15-9	2524-2529	doodt	
15-10	2529-2530	:	
15-11	2531-2535	want	
15-12	2536-2538	de	
15-13	2539-2544	doodt	
15-14	2545-2550	heeft	
15-15	2552-2556	dien	
15-16	2557-2562	Heldt	
15-17	2563-2567	niet	
15-18	2568-2578	teenemaale	
15-19	2579-2589	verslonden	
15-20	2589-2590	.	

#Text=Kortom, wat behoeft men bewys?
16-1	2591-2597	Kortom	
16-2	2597-2598	,	
16-3	2599-2602	wat	
16-4	2603-2610	behoeft	
16-5	2611-2614	men	
16-6	2615-2620	bewys	
16-7	2620-2621	?	
