#FORMAT=WebAnno TSV 3.3


#Text=seecker, een bequame tijdt om visch te droogen.
1-1	3-10	seecker	
1-2	10-11	,	
1-3	12-15	een	
1-4	16-23	bequame	
1-5	24-29	tijdt	
1-6	30-32	om	
1-7	33-38	visch	
1-8	39-41	te	
1-9	42-49	droogen	
1-10	49-50	.	

#Text=Maer de visch, die in een sachter 
#Text=tijdt van 't jaer ghevanghen wordt, is niet soo goet, en de verdervingh meest 
#Text=onderworpen.
2-1	51-55	Maer	
2-2	56-58	de	
2-3	59-64	visch	
2-4	64-65	,	
2-5	66-69	die	
2-6	70-72	in	
2-7	73-76	een	
2-8	77-84	sachter	
2-9	86-91	tijdt	
2-10	92-95	van	
2-11	96-97	'	
2-12	97-98	t	
2-13	99-103	jaer	
2-14	104-114	ghevanghen	
2-15	115-120	wordt	
2-16	120-121	,	
2-17	122-124	is	
2-18	125-129	niet	
2-19	130-133	soo	
2-20	134-138	goet	
2-21	138-139	,	
2-22	140-142	en	
2-23	143-145	de	
2-24	146-157	verdervingh	
2-25	158-163	meest	
2-26	165-176	onderworpen	
2-27	176-177	.	

#Text=Noorwegen leght van 't Sweedsche Koninckrijck door groote en hooghe bergen 
#Text=afghescheyden, die altijdt met sneeuw bedeckt zijn
#Text=, en daer men swarelijck aenkomen 
#Text=kan.
3-1	181-190	Noorwegen	
3-2	191-196	leght	
3-3	197-200	van	
3-4	201-202	'	
3-5	202-203	t	
3-6	204-213	Sweedsche	
3-7	214-226	Koninckrijck	
3-8	227-231	door	
3-9	232-238	groote	
3-10	239-241	en	
3-11	242-248	hooghe	
3-12	249-255	bergen	
3-13	257-270	afghescheyden	
3-14	270-271	,	
3-15	272-275	die	
3-16	276-283	altijdt	
3-17	284-287	met	
3-18	288-294	sneeuw	
3-19	295-302	bedeckt	
3-20	303-307	zijn	
3-21	308-309	,	
3-22	310-312	en	
3-23	313-317	daer	
3-24	318-321	men	
3-25	322-332	swarelijck	
3-26	333-341	aenkomen	
3-27	343-346	kan	
3-28	346-347	.	

#Text=Men heeft echter allenghs eenighe weghen deur de berghen, die de toegangh 
#Text=tot het voorghenoemde Koninckrijck maecken, ghebaent.
4-1	348-351	Men	
4-2	352-357	heeft	
4-3	358-364	echter	
4-4	365-373	allenghs	
4-5	374-381	eenighe	
4-6	382-388	weghen	
4-7	389-393	deur	
4-8	394-396	de	
4-9	397-404	berghen	
4-10	404-405	,	
4-11	406-409	die	
4-12	410-412	de	
4-13	413-421	toegangh	
4-14	423-426	tot	
4-15	427-430	het	
4-16	431-444	voorghenoemde	
4-17	445-457	Koninckrijck	
4-18	458-465	maecken	
4-19	465-466	,	
4-20	467-475	ghebaent	
4-21	475-476	.	

#Text=Men telt in Noorweghen 
#Text=veel Burghten, Steden en Dorpen, en onder anderen de Burght van Warth, die een 
#Text=stercke vestingh is, en een besettingh teghen de Laplanders heeft:
#Text=ghelijck oock de 
#Text=stadt van Markur, de Burght van Reon, de stadt Nidrosien, of Dronten, 't welck de 
#Text=Hooftstadt is: Bergen, een Bisschoppelijcke stadt, Staffanger, oock een Bisdom,
#Text=Kunghspergh, een Burght, de stadt Saltsburgh, en noch een andere stercke Burght,
#Text=Bahus ghenoemt, aen de Noord-zyde ghelegen, daer de vloedt Tolheure in zee valt.
5-1	477-480	Men	
5-2	481-485	telt	
5-3	486-488	in	
5-4	489-499	Noorweghen	
5-5	501-505	veel	
5-6	506-514	Burghten	
5-7	514-515	,	
5-8	516-522	Steden	
5-9	523-525	en	
5-10	526-532	Dorpen	
5-11	532-533	,	
5-12	534-536	en	
5-13	537-542	onder	
5-14	543-550	anderen	
5-15	551-553	de	
5-16	554-560	Burght	
5-17	561-564	van	
5-18	565-570	Warth	
5-19	570-571	,	
5-20	572-575	die	
5-21	576-579	een	
5-22	581-588	stercke	
5-23	589-597	vestingh	
5-24	598-600	is	
5-25	600-601	,	
5-26	602-604	en	
5-27	605-608	een	
5-28	609-619	besettingh	
5-29	620-626	teghen	
5-30	627-629	de	
5-31	630-640	Laplanders	
5-32	641-646	heeft	
5-33	646-647	:	
5-34	648-656	ghelijck	
5-35	657-661	oock	
5-36	662-664	de	
5-37	666-671	stadt	
5-38	672-675	van	
5-39	676-682	Markur	
5-40	682-683	,	
5-41	684-686	de	
5-42	687-693	Burght	
5-43	694-697	van	
5-44	698-702	Reon	
5-45	702-703	,	
5-46	704-706	de	
5-47	707-712	stadt	
5-48	713-722	Nidrosien	
5-49	722-723	,	
5-50	724-726	of	
5-51	727-734	Dronten	
5-52	734-735	,	
5-53	736-737	'	
5-54	737-738	t	
5-55	739-744	welck	
5-56	745-747	de	
5-57	749-759	Hooftstadt	
5-58	760-762	is	
5-59	762-763	:	
5-60	764-770	Bergen	
5-61	770-771	,	
5-62	772-775	een	
5-63	776-792	Bisschoppelijcke	
5-64	793-798	stadt	
5-65	798-799	,	
5-66	800-810	Staffanger	
5-67	810-811	,	
5-68	812-816	oock	
5-69	817-820	een	
5-70	821-827	Bisdom	
5-71	827-828	,	
5-72	829-840	Kunghspergh	
5-73	840-841	,	
5-74	842-845	een	
5-75	846-852	Burght	
5-76	852-853	,	
5-77	854-856	de	
5-78	857-862	stadt	
5-79	863-873	Saltsburgh	
5-80	873-874	,	
5-81	875-877	en	
5-82	878-882	noch	
5-83	883-886	een	
5-84	887-893	andere	
5-85	894-901	stercke	
5-86	902-908	Burght	
5-87	908-909	,	
5-88	910-915	Bahus	
5-89	916-924	ghenoemt	
5-90	924-925	,	
5-91	926-929	aen	
5-92	930-932	de	
5-93	933-943	Noord-zyde	
5-94	944-952	ghelegen	
5-95	952-953	,	
5-96	954-958	daer	
5-97	959-961	de	
5-98	962-968	vloedt	
5-99	969-977	Tolheure	
5-100	978-980	in	
5-101	981-984	zee	
5-102	985-989	valt	
5-103	989-990	.	

#Text=De West-zyde van Noorweghen is deurgaens geplaeght met verschrickelijcke 
#Text=Zee-ghedrochten, en voorname-
#Text=
#Text=
#Text=
#Text=
#Text=lijck van groote Walvisschen, die, wel hondert elleboogen langh zijnde, sich in 't 
#Text=begin van 't jaer vertoonen, en voor de Schippers en Bootsghesellen seer vervarelijck 
#Text=zijn, vermits sy schepen en menschen verslinden, en in 't verderf storten.
6-1	995-997	De	
6-2	998-1007	West-zyde	
6-3	1008-1011	van	
6-4	1012-1022	Noorweghen	
6-5	1023-1025	is	
6-6	1026-1035	deurgaens	
6-7	1036-1045	geplaeght	
6-8	1046-1049	met	
6-9	1050-1067	verschrickelijcke	
6-10	1069-1084	Zee-ghedrochten	
6-11	1084-1085	,	
6-12	1086-1088	en	
6-13	1089-1097	voorname	
6-14	1097-1098	-	
6-15	1103-1108	lijck	
6-16	1109-1112	van	
6-17	1113-1119	groote	
6-18	1120-1131	Walvisschen	
6-19	1131-1132	,	
6-20	1133-1136	die	
6-21	1136-1137	,	
6-22	1138-1141	wel	
6-23	1142-1149	hondert	
6-24	1150-1160	elleboogen	
6-25	1161-1166	langh	
6-26	1167-1173	zijnde	
6-27	1173-1174	,	
6-28	1175-1179	sich	
6-29	1180-1182	in	
6-30	1183-1184	'	
6-31	1184-1185	t	
6-32	1187-1192	begin	
6-33	1193-1196	van	
6-34	1197-1198	'	
6-35	1198-1199	t	
6-36	1200-1204	jaer	
6-37	1205-1214	vertoonen	
6-38	1214-1215	,	
6-39	1216-1218	en	
6-40	1219-1223	voor	
6-41	1224-1226	de	
6-42	1227-1236	Schippers	
6-43	1237-1239	en	
6-44	1240-1254	Bootsghesellen	
6-45	1255-1259	seer	
6-46	1260-1272	vervarelijck	
6-47	1274-1278	zijn	
6-48	1278-1279	,	
6-49	1280-1287	vermits	
6-50	1288-1290	sy	
6-51	1291-1298	schepen	
6-52	1299-1301	en	
6-53	1302-1310	menschen	
6-54	1311-1321	verslinden	
6-55	1321-1322	,	
6-56	1323-1325	en	
6-57	1326-1328	in	
6-58	1329-1330	'	
6-59	1330-1331	t	
6-60	1332-1339	verderf	
6-61	1340-1347	storten	
6-62	1347-1348	.	

#Text=De Schippers, 
#Text=sulck een gevaer afweeren willende, hebben by sich Castoreum, of Beverskullen, dat 
#Text=sy nat maecken, en in zee werpen.
7-1	1349-1351	De	
7-2	1352-1361	Schippers	
7-3	1361-1362	,	
7-4	1364-1369	sulck	
7-5	1370-1373	een	
7-6	1374-1380	gevaer	
7-7	1381-1389	afweeren	
7-8	1390-1398	willende	
7-9	1398-1399	,	
7-10	1400-1406	hebben	
7-11	1407-1409	by	
7-12	1410-1414	sich	
7-13	1415-1424	Castoreum	
7-14	1424-1425	,	
7-15	1426-1428	of	
7-16	1429-1441	Beverskullen	
7-17	1441-1442	,	
7-18	1443-1446	dat	
7-19	1448-1450	sy	
7-20	1451-1454	nat	
7-21	1455-1462	maecken	
7-22	1462-1463	,	
7-23	1464-1466	en	
7-24	1467-1469	in	
7-25	1470-1473	zee	
7-26	1474-1480	werpen	
7-27	1480-1481	.	

#Text=De Walvisschen, dese stanck niet verdaghen 
#Text=konnende, verdwijnen, en sincken naer de gront.
8-1	1482-1484	De	
8-2	1485-1496	Walvisschen	
8-3	1496-1497	,	
8-4	1498-1502	dese	
8-5	1503-1509	stanck	
8-6	1510-1514	niet	
8-7	1515-1524	verdaghen	
8-8	1526-1534	konnende	
8-9	1534-1535	,	
8-10	1536-1546	verdwijnen	
8-11	1546-1547	,	
8-12	1548-1550	en	
8-13	1551-1558	sincken	
8-14	1559-1563	naer	
8-15	1564-1566	de	
8-16	1567-1572	gront	
8-17	1572-1573	.	

#Text=Dit Landtschap heeft noch een kleyn 
#Text=beest, ghelijck een Rot, dat men Lemmer noemt, vier voeten langh, en heeft een huydt 
#Text=van verscheyde verwen.
9-1	1574-1577	Dit	
9-2	1578-1588	Landtschap	
9-3	1589-1594	heeft	
9-4	1595-1599	noch	
9-5	1600-1603	een	
9-6	1604-1609	kleyn	
9-7	1611-1616	beest	
9-8	1616-1617	,	
9-9	1618-1626	ghelijck	
9-10	1627-1630	een	
9-11	1631-1634	Rot	
9-12	1634-1635	,	
9-13	1636-1639	dat	
9-14	1640-1643	men	
9-15	1644-1650	Lemmer	
9-16	1651-1656	noemt	
9-17	1656-1657	,	
9-18	1658-1662	vier	
9-19	1663-1669	voeten	
9-20	1670-1675	langh	
9-21	1675-1676	,	
9-22	1677-1679	en	
9-23	1680-1685	heeft	
9-24	1686-1689	een	
9-25	1690-1695	huydt	
9-26	1697-1700	van	
9-27	1701-1711	verscheyde	
9-28	1712-1718	verwen	
9-29	1718-1719	.	

#Text=Men seght dat dese beesten uyt de lucht vallen, als het 
#Text=dondert, en dat sy, ghelijck de Sprinckhanen, al de groente verteeren, en op sekere 
#Text=tijdt sterven.
10-1	1720-1723	Men	
10-2	1724-1729	seght	
10-3	1730-1733	dat	
10-4	1734-1738	dese	
10-5	1739-1746	beesten	
10-6	1747-1750	uyt	
10-7	1751-1753	de	
10-8	1754-1759	lucht	
10-9	1760-1766	vallen	
10-10	1766-1767	,	
10-11	1768-1771	als	
10-12	1772-1775	het	
10-13	1777-1784	dondert	
10-14	1784-1785	,	
10-15	1786-1788	en	
10-16	1789-1792	dat	
10-17	1793-1795	sy	
10-18	1795-1796	,	
10-19	1797-1805	ghelijck	
10-20	1806-1808	de	
10-21	1809-1821	Sprinckhanen	
10-22	1821-1822	,	
10-23	1823-1825	al	
10-24	1826-1828	de	
10-25	1829-1836	groente	
10-26	1837-1846	verteeren	
10-27	1846-1847	,	
10-28	1848-1850	en	
10-29	1851-1853	op	
10-30	1854-1860	sekere	
10-31	1862-1867	tijdt	
10-32	1868-1875	sterven	
10-33	1875-1876	.	

#Text=Dit is d'oorsaeck dat de lucht, door der selver stanck verdorven, veel 
#Text=sware sieckten, en voornamelijck eenighe domheydt in 't hooft, en de geelsucht aen 
#Text=de inwoonders veroorsaeckt.
11-1	1877-1880	Dit	
11-2	1881-1883	is	
11-3	1884-1894	d'oorsaeck	
11-4	1895-1898	dat	
11-5	1899-1901	de	
11-6	1902-1907	lucht	
11-7	1907-1908	,	
11-8	1909-1913	door	
11-9	1914-1917	der	
11-10	1918-1924	selver	
11-11	1925-1931	stanck	
11-12	1932-1941	verdorven	
11-13	1941-1942	,	
11-14	1943-1947	veel	
11-15	1949-1954	sware	
11-16	1955-1963	sieckten	
11-17	1963-1964	,	
11-18	1965-1967	en	
11-19	1968-1981	voornamelijck	
11-20	1982-1989	eenighe	
11-21	1990-1998	domheydt	
11-22	1999-2001	in	
11-23	2002-2003	'	
11-24	2003-2004	t	
11-25	2005-2010	hooft	
11-26	2010-2011	,	
11-27	2012-2014	en	
11-28	2015-2017	de	
11-29	2018-2027	geelsucht	
11-30	2028-2031	aen	
11-31	2033-2035	de	
11-32	2036-2046	inwoonders	
11-33	2047-2059	veroorsaeckt	
11-34	2059-2060	.	

#Text=In Noorweghen is oock een Meyr, Mos gheheeten, daer 
#Text=in somtijdts een Slangh gesien wordt, die wonderlijck groot is, en van d'inwoonders 
#Text=voor een teecken van groote veranderingh, die in 't Rijck ghebeuren sal, ghenomen 
#Text=wordt.
12-1	2061-2063	In	
12-2	2064-2074	Noorweghen	
12-3	2075-2077	is	
12-4	2078-2082	oock	
12-5	2083-2086	een	
12-6	2087-2091	Meyr	
12-7	2091-2092	,	
12-8	2093-2096	Mos	
12-9	2097-2106	gheheeten	
12-10	2106-2107	,	
12-11	2108-2112	daer	
12-12	2114-2116	in	
12-13	2117-2126	somtijdts	
12-14	2127-2130	een	
12-15	2131-2137	Slangh	
12-16	2138-2144	gesien	
12-17	2145-2150	wordt	
12-18	2150-2151	,	
12-19	2152-2155	die	
12-20	2156-2167	wonderlijck	
12-21	2168-2173	groot	
12-22	2174-2176	is	
12-23	2176-2177	,	
12-24	2178-2180	en	
12-25	2181-2184	van	
12-26	2185-2197	d'inwoonders	
12-27	2199-2203	voor	
12-28	2204-2207	een	
12-29	2208-2215	teecken	
12-30	2216-2219	van	
12-31	2220-2226	groote	
12-32	2227-2239	veranderingh	
12-33	2239-2240	,	
12-34	2241-2244	die	
12-35	2245-2247	in	
12-36	2248-2249	'	
12-37	2249-2250	t	
12-38	2251-2256	Rijck	
12-39	2257-2266	ghebeuren	
12-40	2267-2270	sal	
12-41	2270-2271	,	
12-42	2272-2280	ghenomen	
12-43	2282-2287	wordt	
12-44	2287-2288	.	

#Text=In 't jaer vijftien hondert twee-en-twintigh sagh men de boven-genoemde 
#Text=Slangh seer hoogh boven 't water, en was in 't ronde ghedraeyt, en, nae dat men van 
#Text=verre kon sien, vijftigh ellebooghen langh.
13-1	2289-2291	In	
13-2	2292-2293	'	
13-3	2293-2294	t	
13-4	2295-2299	jaer	
13-5	2300-2308	vijftien	
13-6	2309-2316	hondert	
13-7	2317-2333	twee-en-twintigh	
13-8	2334-2338	sagh	
13-9	2339-2342	men	
13-10	2343-2345	de	
13-11	2346-2360	boven-genoemde	
13-12	2362-2368	Slangh	
13-13	2369-2373	seer	
13-14	2374-2379	hoogh	
13-15	2380-2385	boven	
13-16	2386-2387	'	
13-17	2387-2388	t	
13-18	2389-2394	water	
13-19	2394-2395	,	
13-20	2396-2398	en	
13-21	2399-2402	was	
13-22	2403-2405	in	
13-23	2406-2407	'	
13-24	2407-2408	t	
13-25	2409-2414	ronde	
13-26	2415-2424	ghedraeyt	
13-27	2424-2425	,	
13-28	2426-2428	en	
13-29	2428-2429	,	
13-30	2430-2433	nae	
13-31	2434-2437	dat	
13-32	2438-2441	men	
13-33	2442-2445	van	
13-34	2447-2452	verre	
13-35	2453-2456	kon	
13-36	2457-2461	sien	
13-37	2461-2462	,	
13-38	2463-2471	vijftigh	
13-39	2472-2483	ellebooghen	
13-40	2484-2489	langh	
13-41	2489-2490	.	

#Text=Korts daer nae wierd Koningh Christiernus 
#Text=uyt sijn Rijck verdreven.
14-1	2491-2496	Korts	
14-2	2497-2501	daer	
14-3	2502-2505	nae	
14-4	2506-2511	wierd	
14-5	2512-2519	Koningh	
14-6	2520-2532	Christiernus	
14-7	2534-2537	uyt	
14-8	2538-2542	sijn	
14-9	2543-2548	Rijck	
14-10	2549-2558	verdreven	
14-11	2558-2559	.	

#Text=Uyt Noorweghen, Deenmarcken, Vrislandt, en uyt d'andere Landen zijn de de 
#Text=wreede en onbesuysde volcken gekomen, die met hun rooveryen en wreedtheydt deur 
#Text=heel Christenrijck ghejaeght en gheschuymt hebben, en die, nae dat sy 
#Text=onverdragelijcke schade ghedaen hadden, sich eyndelijck in Normandien, dat noch 
#Text=heden den naem van dat volck voert, nergheslaghen hebben.
15-1	2563-2566	Uyt	
15-2	2567-2577	Noorweghen	
15-3	2577-2578	,	
15-4	2579-2590	Deenmarcken	
15-5	2590-2591	,	
15-6	2592-2601	Vrislandt	
15-7	2601-2602	,	
15-8	2603-2605	en	
15-9	2606-2609	uyt	
15-10	2610-2618	d'andere	
15-11	2619-2625	Landen	
15-12	2626-2630	zijn	
15-13	2631-2633	de	
15-14	2634-2636	de	
15-15	2638-2644	wreede	
15-16	2645-2647	en	
15-17	2648-2658	onbesuysde	
15-18	2659-2666	volcken	
15-19	2667-2674	gekomen	
15-20	2674-2675	,	
15-21	2676-2679	die	
15-22	2680-2683	met	
15-23	2684-2687	hun	
15-24	2688-2697	rooveryen	
15-25	2698-2700	en	
15-26	2701-2712	wreedtheydt	
15-27	2713-2717	deur	
15-28	2719-2723	heel	
15-29	2724-2737	Christenrijck	
15-30	2738-2747	ghejaeght	
15-31	2748-2750	en	
15-32	2751-2761	gheschuymt	
15-33	2762-2768	hebben	
15-34	2768-2769	,	
15-35	2770-2772	en	
15-36	2773-2776	die	
15-37	2776-2777	,	
15-38	2778-2781	nae	
15-39	2782-2785	dat	
15-40	2786-2788	sy	
15-41	2790-2806	onverdragelijcke	
15-42	2807-2813	schade	
15-43	2814-2821	ghedaen	
15-44	2822-2828	hadden	
15-45	2828-2829	,	
15-46	2830-2834	sich	
15-47	2835-2845	eyndelijck	
15-48	2846-2848	in	
15-49	2849-2859	Normandien	
15-50	2859-2860	,	
15-51	2861-2864	dat	
15-52	2865-2869	noch	
15-53	2871-2876	heden	
15-54	2877-2880	den	
15-55	2881-2885	naem	
15-56	2886-2889	van	
15-57	2890-2893	dat	
15-58	2894-2899	volck	
15-59	2900-2905	voert	
15-60	2905-2906	,	
15-61	2907-2920	nergheslaghen	
15-62	2921-2927	hebben	
15-63	2927-2928	.	

#Text=De Longobarden zijn 
#Text=oock, naer 't gevoelen van eenighe Schryvers, uyt dit ghewest, daer Noorweghen in 
#Text=leght, ghekomen.
16-1	2929-2931	De	
16-2	2932-2943	Longobarden	
16-3	2944-2948	zijn	
16-4	2950-2954	oock	
16-5	2954-2955	,	
16-6	2956-2960	naer	
16-7	2961-2962	'	
16-8	2962-2963	t	
16-9	2964-2972	gevoelen	
16-10	2973-2976	van	
16-11	2977-2984	eenighe	
16-12	2985-2994	Schryvers	
16-13	2994-2995	,	
16-14	2996-2999	uyt	
16-15	3000-3003	dit	
16-16	3004-3011	ghewest	
16-17	3011-3012	,	
16-18	3013-3017	daer	
16-19	3018-3028	Noorweghen	
16-20	3029-3031	in	
16-21	3033-3038	leght	
16-22	3038-3039	,	
16-23	3040-3048	ghekomen	
16-24	3048-3049	.	

#Text=Maer Du Barras brenght hen voort uyt Sconien,
#Text=
#Text=
#Text=
#Text=
#Text=of Schoonlandt, dat een ghedeelte van Deenmarcken is.
17-1	3050-3054	Maer	
17-2	3055-3057	Du	
17-3	3058-3064	Barras	
17-4	3065-3072	brenght	
17-5	3073-3076	hen	
17-6	3077-3082	voort	
17-7	3083-3086	uyt	
17-8	3087-3094	Sconien	
17-9	3094-3095	,	
17-10	3100-3102	of	
17-11	3103-3114	Schoonlandt	
17-12	3114-3115	,	
17-13	3116-3119	dat	
17-14	3120-3123	een	
17-15	3124-3133	ghedeelte	
17-16	3134-3137	van	
17-17	3138-3149	Deenmarcken	
17-18	3150-3152	is	
17-19	3152-3153	.	
