#FORMAT=WebAnno TSV 3.3
#T_SP=custom.Span|label
#T_RL=custom.Relation|label|BT_custom.Span


#Text=Als Zuſatz
#Text=zur Appretur, beſonders von Weißwaren, um den Geweben einen größeren
#Text=Glanz und einen milden und feinen Griff zu verleihen.
#Text=
#Text=
#Text=11.
1-1	0-3	Als	_	_	_	
1-2	4-10	Zuſatz	_	_	_	
1-3	11-14	zur	_	_	_	
1-4	15-23	Appretur	_	_	_	
1-5	23-24	,	_	_	_	
1-6	25-34	beſonders	_	_	_	
1-7	35-38	von	_	_	_	
1-8	39-48	Weißwaren	_	_	_	
1-9	48-49	,	_	_	_	
1-10	50-52	um	_	_	_	
1-11	53-56	den	_	_	_	
1-12	57-64	Geweben	_	_	_	
1-13	65-70	einen	_	_	_	
1-14	71-79	größeren	_	_	_	
1-15	80-85	Glanz	_	_	_	
1-16	86-89	und	_	_	_	
1-17	90-95	einen	_	_	_	
1-18	96-102	milden	_	_	_	
1-19	103-106	und	_	_	_	
1-20	107-113	feinen	_	_	_	
1-21	114-119	Griff	_	_	_	
1-22	120-122	zu	_	_	_	
1-23	123-132	verleihen	_	_	_	
1-24	132-133	.	_	_	_	
1-25	136-138	11	_	_	_	
1-26	138-139	.	_	_	_	

#Text=Paraffin iſt ein Produkt der trockenen Deſtillation der Braun-
#Text=kohlen.
2-1	140-148	Paraffin	_	_	_	
2-2	149-152	iſt	_	_	_	
2-3	153-156	ein	_	_	_	
2-4	157-164	Produkt	_	_	_	
2-5	165-168	der	_	_	_	
2-6	169-178	trockenen	_	_	_	
2-7	179-191	Deſtillation	_	_	_	
2-8	192-195	der	_	_	_	
2-9	196-201	Braun	_	_	_	
2-10	201-202	-	_	_	_	
2-11	203-209	kohlen	_	_	_	
2-12	209-210	.	_	_	_	

#Text=Es wird in den Paraffin- und Solarölfabriken gewonnen und kommt
#Text=als feſte, weiße, durchſcheinende, leicht weich werdende, bei 45 bis 70°
#Text=ſchmelzende Maſſe in den Handel;
#Text=es löſt ſich in Alkohol und Aether und
#Text=läßt ſich mit anderen Fetten und Oelen leicht zuſammenſchmelzen.
#Text=— An-
#Text=wendung:
#Text=Als vorzügliches Appreturmittel, welches Weichheit, Glanz und
#Text=einen ſchönen milden weichen Griff gibt.
#Text=
#Text=
#Text=12.
3-1	211-213	Es	_	_	_	
3-2	214-218	wird	_	_	_	
3-3	219-221	in	_	_	_	
3-4	222-225	den	_	_	_	
3-5	226-234	Paraffin	_	_	_	
3-6	234-235	-	_	_	_	
3-7	236-239	und	_	_	_	
3-8	240-255	Solarölfabriken	_	_	_	
3-9	256-264	gewonnen	_	_	_	
3-10	265-268	und	_	_	_	
3-11	269-274	kommt	_	_	_	
3-12	275-278	als	_	_	_	
3-13	279-284	feſte	_	_	_	
3-14	284-285	,	_	_	_	
3-15	286-291	weiße	_	_	_	
3-16	291-292	,	_	_	_	
3-17	293-308	durchſcheinende	_	_	_	
3-18	308-309	,	_	_	_	
3-19	310-316	leicht	_	_	_	
3-20	317-322	weich	_	_	_	
3-21	323-331	werdende	_	_	_	
3-22	331-332	,	_	_	_	
3-23	333-336	bei	_	_	_	
3-24	337-339	45	_	_	_	
3-25	340-343	bis	_	_	_	
3-26	344-346	70	_	_	_	
3-27	346-347	°	_	_	_	
3-28	348-359	ſchmelzende	_	_	_	
3-29	360-365	Maſſe	_	_	_	
3-30	366-368	in	_	_	_	
3-31	369-372	den	_	_	_	
3-32	373-379	Handel	_	_	_	
3-33	379-380	;	_	_	_	
3-34	381-383	es	_	_	_	
3-35	384-388	löſt	_	_	_	
3-36	389-393	ſich	_	_	_	
3-37	394-396	in	_	_	_	
3-38	397-404	Alkohol	_	_	_	
3-39	405-408	und	_	_	_	
3-40	409-415	Aether	_	_	_	
3-41	416-419	und	_	_	_	
3-42	420-424	läßt	_	_	_	
3-43	425-429	ſich	_	_	_	
3-44	430-433	mit	_	_	_	
3-45	434-441	anderen	_	_	_	
3-46	442-448	Fetten	_	_	_	
3-47	449-452	und	_	_	_	
3-48	453-458	Oelen	_	_	_	
3-49	459-465	leicht	_	_	_	
3-50	466-483	zuſammenſchmelzen	_	_	_	
3-51	483-484	.	_	_	_	
3-52	485-486	—	_	_	_	
3-53	487-489	An	_	_	_	
3-54	489-490	-	_	_	_	
3-55	491-498	wendung	_	_	_	
3-56	498-499	:	_	_	_	
3-57	500-503	Als	_	_	_	
3-58	504-516	vorzügliches	_	_	_	
3-59	517-531	Appreturmittel	_	_	_	
3-60	531-532	,	_	_	_	
3-61	533-540	welches	_	_	_	
3-62	541-550	Weichheit	_	_	_	
3-63	550-551	,	_	_	_	
3-64	552-557	Glanz	_	_	_	
3-65	558-561	und	_	_	_	
3-66	562-567	einen	_	_	_	
3-67	568-575	ſchönen	_	_	_	
3-68	576-582	milden	_	_	_	
3-69	583-590	weichen	_	_	_	
3-70	591-596	Griff	_	_	_	
3-71	597-601	gibt	_	_	_	
3-72	601-602	.	_	_	_	
3-73	605-607	12	_	_	_	
3-74	607-608	.	_	_	_	

#Text=Wachs iſt ein ſehr ſchönes, aber teures und daher nur beſchränkte
#Text=Anwendung findendes Appreturmittel.
4-1	609-614	Wachs	_	_	_	
4-2	615-618	iſt	_	_	_	
4-3	619-622	ein	_	_	_	
4-4	623-627	ſehr	_	_	_	
4-5	628-635	ſchönes	_	_	_	
4-6	635-636	,	_	_	_	
4-7	637-641	aber	_	_	_	
4-8	642-648	teures	_	_	_	
4-9	649-652	und	_	_	_	
4-10	653-658	daher	_	_	_	
4-11	659-662	nur	_	_	_	
4-12	663-674	beſchränkte	_	_	_	
4-13	675-684	Anwendung	_	_	_	
4-14	685-694	findendes	_	_	_	
4-15	695-709	Appreturmittel	_	_	_	
4-16	709-710	.	_	_	_	

#Text=Es iſt ein Produkt der Bienen und
#Text=kommt in den Handel als a) gelbes Wachs, b) weißes Wachs.
5-1	711-713	Es	_	_	_	
5-2	714-717	iſt	_	_	_	
5-3	718-721	ein	_	_	_	
5-4	722-729	Produkt	_	_	_	
5-5	730-733	der	_	_	_	
5-6	734-740	Bienen	_	_	_	
5-7	741-744	und	_	_	_	
5-8	745-750	kommt	_	_	_	
5-9	751-753	in	_	_	_	
5-10	754-757	den	_	_	_	
5-11	758-764	Handel	_	_	_	
5-12	765-768	als	_	_	_	
5-13	769-770	a	_	_	_	
5-14	770-771	)	_	_	_	
5-15	772-778	gelbes	_	_	_	
5-16	779-784	Wachs	_	_	_	
5-17	784-785	,	_	_	_	
5-18	786-787	b	_	_	_	
5-19	787-788	)	_	_	_	
5-20	789-795	weißes	Smell\_Source[1]	_	_	
5-21	796-801	Wachs	Smell\_Source[1]	_	_	
5-22	801-802	.	_	_	_	

#Text=Letzteres
#Text=iſt das reinere, gebleichte Produkt und bildet runde, dünne, durchſcheinende,
#Text=weiße Scheiben von 12 bis 15 cm Durchmeſſer;
#Text=es iſt geruchlos, hart,
#Text=brüchig, wenig löslich in Alkohol und Aether, leicht löslich in Benzin,
#Text=Chloroform, Schwefelkohlenſtoff;
#Text=es ſchmilzt bei 63 bis 64° und läßt ſich
#Text=mit Fetten, Oelen und Harzen in jedem Verhältnis zuſammenſchmelzen.
6-1	803-812	Letzteres	_	_	_	
6-2	813-816	iſt	_	_	_	
6-3	817-820	das	_	_	_	
6-4	821-828	reinere	_	_	_	
6-5	828-829	,	_	_	_	
6-6	830-840	gebleichte	_	_	_	
6-7	841-848	Produkt	_	_	_	
6-8	849-852	und	_	_	_	
6-9	853-859	bildet	_	_	_	
6-10	860-865	runde	_	_	_	
6-11	865-866	,	_	_	_	
6-12	867-872	dünne	_	_	_	
6-13	872-873	,	_	_	_	
6-14	874-889	durchſcheinende	_	_	_	
6-15	889-890	,	_	_	_	
6-16	891-896	weiße	_	_	_	
6-17	897-905	Scheiben	_	_	_	
6-18	906-909	von	_	_	_	
6-19	910-912	12	_	_	_	
6-20	913-916	bis	_	_	_	
6-21	917-919	15	_	_	_	
6-22	920-922	cm	_	_	_	
6-23	923-934	Durchmeſſer	_	_	_	
6-24	934-935	;	_	_	_	
6-25	936-938	es	Smell\_Source	Anaphoric	5-20[1_0]	
6-26	939-942	iſt	_	_	_	
6-27	943-952	geruchlos	Smell\_Word[2]|Quality[3]	*|*|*	6-27[3_2]|6-25[0_2]|5-20[1_2]	
6-28	952-953	,	_	_	_	
6-29	954-958	hart	_	_	_	
6-30	958-959	,	_	_	_	
6-31	960-967	brüchig	_	_	_	
6-32	967-968	,	_	_	_	
6-33	969-974	wenig	_	_	_	
6-34	975-982	löslich	_	_	_	
6-35	983-985	in	_	_	_	
6-36	986-993	Alkohol	_	_	_	
6-37	994-997	und	_	_	_	
6-38	998-1004	Aether	_	_	_	
6-39	1004-1005	,	_	_	_	
6-40	1006-1012	leicht	_	_	_	
6-41	1013-1020	löslich	_	_	_	
6-42	1021-1023	in	_	_	_	
6-43	1024-1030	Benzin	_	_	_	
6-44	1030-1031	,	_	_	_	
6-45	1032-1042	Chloroform	_	_	_	
6-46	1042-1043	,	_	_	_	
6-47	1044-1063	Schwefelkohlenſtoff	_	_	_	
6-48	1063-1064	;	_	_	_	
6-49	1065-1067	es	_	_	_	
6-50	1068-1076	ſchmilzt	_	_	_	
6-51	1077-1080	bei	_	_	_	
6-52	1081-1083	63	_	_	_	
6-53	1084-1087	bis	_	_	_	
6-54	1088-1090	64	_	_	_	
6-55	1090-1091	°	_	_	_	
6-56	1092-1095	und	_	_	_	
6-57	1096-1100	läßt	_	_	_	
6-58	1101-1105	ſich	_	_	_	
6-59	1106-1109	mit	_	_	_	
6-60	1110-1116	Fetten	_	_	_	
6-61	1116-1117	,	_	_	_	
6-62	1118-1123	Oelen	_	_	_	
6-63	1124-1127	und	_	_	_	
6-64	1128-1134	Harzen	_	_	_	
6-65	1135-1137	in	_	_	_	
6-66	1138-1143	jedem	_	_	_	
6-67	1144-1154	Verhältnis	_	_	_	
6-68	1155-1172	zuſammenſchmelzen	_	_	_	
6-69	1172-1173	.	_	_	_	

#Text=Es
#Text=wird häufig verfälſcht.
7-1	1174-1176	Es	_	_	_	
7-2	1177-1181	wird	_	_	_	
7-3	1182-1188	häufig	_	_	_	
7-4	1189-1199	verfälſcht	_	_	_	
7-5	1199-1200	.	_	_	_	

#Text=Die Prüfung iſt ſchwierig und wird, wenn es ſich
#Text=um verläßliche Reſultate handelt, am beſten einem Apotheker oder Chemiker
#Text=
#Text=übertragen.
8-1	1201-1204	Die	_	_	_	
8-2	1205-1212	Prüfung	_	_	_	
8-3	1213-1216	iſt	_	_	_	
8-4	1217-1226	ſchwierig	_	_	_	
8-5	1227-1230	und	_	_	_	
8-6	1231-1235	wird	_	_	_	
8-7	1235-1236	,	_	_	_	
8-8	1237-1241	wenn	_	_	_	
8-9	1242-1244	es	_	_	_	
8-10	1245-1249	ſich	_	_	_	
8-11	1250-1252	um	_	_	_	
8-12	1253-1264	verläßliche	_	_	_	
8-13	1265-1274	Reſultate	_	_	_	
8-14	1275-1282	handelt	_	_	_	
8-15	1282-1283	,	_	_	_	
8-16	1284-1286	am	_	_	_	
8-17	1287-1293	beſten	_	_	_	
8-18	1294-1299	einem	_	_	_	
8-19	1300-1309	Apotheker	_	_	_	
8-20	1310-1314	oder	_	_	_	
8-21	1315-1323	Chemiker	_	_	_	
8-22	1325-1335	übertragen	_	_	_	
8-23	1335-1336	.	_	_	_	

#Text=Zur Verfälſchung dienen:
#Text=Waſſer, Stärke, Gyps, Schwerſpath,
#Text=Harz, Talg, Cereſin, Pflanzenwachs, Stearin und Paraffin.
#Text=
#Text=
#Text=13.
9-1	1337-1340	Zur	_	_	_	
9-2	1341-1353	Verfälſchung	_	_	_	
9-3	1354-1360	dienen	_	_	_	
9-4	1360-1361	:	_	_	_	
9-5	1362-1368	Waſſer	_	_	_	
9-6	1368-1369	,	_	_	_	
9-7	1370-1376	Stärke	_	_	_	
9-8	1376-1377	,	_	_	_	
9-9	1378-1382	Gyps	_	_	_	
9-10	1382-1383	,	_	_	_	
9-11	1384-1395	Schwerſpath	_	_	_	
9-12	1395-1396	,	_	_	_	
9-13	1397-1401	Harz	_	_	_	
9-14	1401-1402	,	_	_	_	
9-15	1403-1407	Talg	_	_	_	
9-16	1407-1408	,	_	_	_	
9-17	1409-1416	Cereſin	_	_	_	
9-18	1416-1417	,	_	_	_	
9-19	1418-1431	Pflanzenwachs	_	_	_	
9-20	1431-1432	,	_	_	_	
9-21	1433-1440	Stearin	_	_	_	
9-22	1441-1444	und	_	_	_	
9-23	1445-1453	Paraffin	_	_	_	
9-24	1453-1454	.	_	_	_	
9-25	1457-1459	13	_	_	_	
9-26	1459-1460	.	_	_	_	

#Text=Walrat ſtammt vom Pottfiſch oder Potwal, Catodon macroce-
#Text=phalus, einem Seeſäugetier von ungeheuren Dimenſionen, was am beſten
#Text=daraus hervorgeht, daß ein einziges Tier bis zu 5000 kg Walrat liefert,
#Text=daß dieſes ⅕ des geſamten Fettgehalts ausmacht und daß dieſe große Fett-
#Text=maſſe von etwa 500 Centnern in einer Höhlung unterhalb des Schädels ſich
#Text=befindet.
10-1	1461-1467	Walrat	_	_	_	
10-2	1468-1474	ſtammt	_	_	_	
10-3	1475-1478	vom	_	_	_	
10-4	1479-1488	Pottfiſch	_	_	_	
10-5	1489-1493	oder	_	_	_	
10-6	1494-1500	Potwal	_	_	_	
10-7	1500-1501	,	_	_	_	
10-8	1502-1509	Catodon	_	_	_	
10-9	1510-1517	macroce	_	_	_	
10-10	1517-1518	-	_	_	_	
10-11	1519-1525	phalus	_	_	_	
10-12	1525-1526	,	_	_	_	
10-13	1527-1532	einem	_	_	_	
10-14	1533-1545	Seeſäugetier	_	_	_	
10-15	1546-1549	von	_	_	_	
10-16	1550-1560	ungeheuren	_	_	_	
10-17	1561-1572	Dimenſionen	_	_	_	
10-18	1572-1573	,	_	_	_	
10-19	1574-1577	was	_	_	_	
10-20	1578-1580	am	_	_	_	
10-21	1581-1587	beſten	_	_	_	
10-22	1588-1594	daraus	_	_	_	
10-23	1595-1605	hervorgeht	_	_	_	
10-24	1605-1606	,	_	_	_	
10-25	1607-1610	daß	_	_	_	
10-26	1611-1614	ein	_	_	_	
10-27	1615-1623	einziges	_	_	_	
10-28	1624-1628	Tier	_	_	_	
10-29	1629-1632	bis	_	_	_	
10-30	1633-1635	zu	_	_	_	
10-31	1636-1640	5000	_	_	_	
10-32	1641-1643	kg	_	_	_	
10-33	1644-1650	Walrat	_	_	_	
10-34	1651-1658	liefert	_	_	_	
10-35	1658-1659	,	_	_	_	
10-36	1660-1663	daß	_	_	_	
10-37	1664-1670	dieſes	_	_	_	
10-38	1671-1672	⅕	_	_	_	
10-39	1673-1676	des	_	_	_	
10-40	1677-1685	geſamten	_	_	_	
10-41	1686-1697	Fettgehalts	_	_	_	
10-42	1698-1706	ausmacht	_	_	_	
10-43	1707-1710	und	_	_	_	
10-44	1711-1714	daß	_	_	_	
10-45	1715-1720	dieſe	_	_	_	
10-46	1721-1726	große	_	_	_	
10-47	1727-1731	Fett	_	_	_	
10-48	1731-1732	-	_	_	_	
10-49	1733-1738	maſſe	_	_	_	
10-50	1739-1742	von	_	_	_	
10-51	1743-1747	etwa	_	_	_	
10-52	1748-1751	500	_	_	_	
10-53	1752-1760	Centnern	_	_	_	
10-54	1761-1763	in	_	_	_	
10-55	1764-1769	einer	_	_	_	
10-56	1770-1777	Höhlung	_	_	_	
10-57	1778-1787	unterhalb	_	_	_	
10-58	1788-1791	des	_	_	_	
10-59	1792-1800	Schädels	_	_	_	
10-60	1801-1805	ſich	_	_	_	
10-61	1806-1814	befindet	_	_	_	
10-62	1814-1815	.	_	_	_	

#Text=Es bildet ſchneeweiße, perlmutterglänzende, etwas durchſcheinende,
#Text=ein wenig fettig anzufühlende, großblätterige, zerbrechliche Kryſtallmaſſen von
#Text=ſchwachem Geruch.
11-1	1816-1818	Es	Smell\_Source	_	_	
11-2	1819-1825	bildet	_	_	_	
11-3	1826-1837	ſchneeweiße	_	_	_	
11-4	1837-1838	,	_	_	_	
11-5	1839-1858	perlmutterglänzende	_	_	_	
11-6	1858-1859	,	_	_	_	
11-7	1860-1865	etwas	_	_	_	
11-8	1866-1881	durchſcheinende	_	_	_	
11-9	1881-1882	,	_	_	_	
11-10	1883-1886	ein	_	_	_	
11-11	1887-1892	wenig	_	_	_	
11-12	1893-1899	fettig	_	_	_	
11-13	1900-1912	anzufühlende	_	_	_	
11-14	1912-1913	,	_	_	_	
11-15	1914-1928	großblätterige	_	_	_	
11-16	1928-1929	,	_	_	_	
11-17	1930-1943	zerbrechliche	_	_	_	
11-18	1944-1958	Kryſtallmaſſen	_	_	_	
11-19	1959-1962	von	_	_	_	
11-20	1963-1972	ſchwachem	Quality	_	_	
11-21	1973-1979	Geruch	Smell\_Word	*|*	11-20|11-1	
11-22	1979-1980	.	_	_	_	

#Text=Es ſchmilzt bei 45 bis 54°, iſt in Waſſer unlöslich,
#Text=löſt ſich aber leicht in kochendem Weingeiſt, in Aether, Chloroform, Schwefel-
#Text=kohlenſtoff, wenig in Benzin und Petroleumäther.
12-1	1981-1983	Es	_	_	_	
12-2	1984-1992	ſchmilzt	_	_	_	
12-3	1993-1996	bei	_	_	_	
12-4	1997-1999	45	_	_	_	
12-5	2000-2003	bis	_	_	_	
12-6	2004-2006	54	_	_	_	
12-7	2006-2007	°	_	_	_	
12-8	2007-2008	,	_	_	_	
12-9	2009-2012	iſt	_	_	_	
12-10	2013-2015	in	_	_	_	
12-11	2016-2022	Waſſer	_	_	_	
12-12	2023-2032	unlöslich	_	_	_	
12-13	2032-2033	,	_	_	_	
12-14	2034-2038	löſt	_	_	_	
12-15	2039-2043	ſich	_	_	_	
12-16	2044-2048	aber	_	_	_	
12-17	2049-2055	leicht	_	_	_	
12-18	2056-2058	in	_	_	_	
12-19	2059-2068	kochendem	_	_	_	
12-20	2069-2078	Weingeiſt	_	_	_	
12-21	2078-2079	,	_	_	_	
12-22	2080-2082	in	_	_	_	
12-23	2083-2089	Aether	_	_	_	
12-24	2089-2090	,	_	_	_	
12-25	2091-2101	Chloroform	_	_	_	
12-26	2101-2102	,	_	_	_	
12-27	2103-2111	Schwefel	_	_	_	
12-28	2111-2112	-	_	_	_	
12-29	2113-2124	kohlenſtoff	_	_	_	
12-30	2124-2125	,	_	_	_	
12-31	2126-2131	wenig	_	_	_	
12-32	2132-2134	in	_	_	_	
12-33	2135-2141	Benzin	_	_	_	
12-34	2142-2145	und	_	_	_	
12-35	2146-2160	Petroleumäther	_	_	_	
12-36	2160-2161	.	_	_	_	
