#FORMAT=WebAnno TSV 3.3


#Text=Deze rook is daar, waar veen gebrand wordt en op verscheidene mijlen in de nabuurschap zoo digt, dat men zelfs bij helderen hemel de zon verduisterd ziet, waardoor dan alle voorwerpen geelachtig rood gekleurd zijn.
1-1	4-8	Deze	
1-2	9-13	rook	
1-3	14-16	is	
1-4	17-21	daar	
1-5	21-22	,	
1-6	23-27	waar	
1-7	28-32	veen	
1-8	33-40	gebrand	
1-9	41-46	wordt	
1-10	47-49	en	
1-11	50-52	op	
1-12	53-65	verscheidene	
1-13	66-72	mijlen	
1-14	73-75	in	
1-15	76-78	de	
1-16	79-90	nabuurschap	
1-17	91-94	zoo	
1-18	95-99	digt	
1-19	99-100	,	
1-20	101-104	dat	
1-21	105-108	men	
1-22	109-114	zelfs	
1-23	115-118	bij	
1-24	119-127	helderen	
1-25	128-133	hemel	
1-26	134-136	de	
1-27	137-140	zon	
1-28	141-152	verduisterd	
1-29	153-157	ziet	
1-30	157-158	,	
1-31	159-167	waardoor	
1-32	168-171	dan	
1-33	172-176	alle	
1-34	177-187	voorwerpen	
1-35	188-198	geelachtig	
1-36	199-203	rood	
1-37	204-212	gekleurd	
1-38	213-217	zijn	
1-39	217-218	.	

#Text=Onder gunstige omstandigheden, waartoe vooral eene drooge luchtsgesteldheid moet gerekend worden, wordt deze rook door den stroom der eeuwig bewogene luchtzee opgenomen, vele mijlen ver voortgedragen en over onze vlakten als zoogenaamde ‘hoogterook’ verspreid.
2-1	219-224	Onder	
2-2	225-233	gunstige	
2-3	234-248	omstandigheden	
2-4	248-249	,	
2-5	250-257	waartoe	
2-6	258-264	vooral	
2-7	265-269	eene	
2-8	270-276	drooge	
2-9	277-294	luchtsgesteldheid	
2-10	295-299	moet	
2-11	300-308	gerekend	
2-12	309-315	worden	
2-13	315-316	,	
2-14	317-322	wordt	
2-15	323-327	deze	
2-16	328-332	rook	
2-17	333-337	door	
2-18	338-341	den	
2-19	342-348	stroom	
2-20	349-352	der	
2-21	353-359	eeuwig	
2-22	360-368	bewogene	
2-23	369-377	luchtzee	
2-24	378-387	opgenomen	
2-25	387-388	,	
2-26	389-393	vele	
2-27	394-400	mijlen	
2-28	401-404	ver	
2-29	405-418	voortgedragen	
2-30	419-421	en	
2-31	422-426	over	
2-32	427-431	onze	
2-33	432-439	vlakten	
2-34	440-443	als	
2-35	444-455	zoogenaamde	
2-36	456-457	‘	
2-37	457-467	hoogterook	
2-38	467-468	’	
2-39	469-478	verspreid	
2-40	478-479	.	

#Text=Hoogterook noemt men hem daarom, omdat de in meerdere of mindere verwijdering, den horizon begrenzende hoogten, hem gemakkelijk doen herkennen, wanneer de doorschijnendheid der lucht door dampen, of gelijk hier, door rook verminderd is geworden, en omdat deze hoogten dan in rook gehuld schijnen.
3-1	480-490	Hoogterook	
3-2	491-496	noemt	
3-3	497-500	men	
3-4	501-504	hem	
3-5	505-511	daarom	
3-6	511-512	,	
3-7	513-518	omdat	
3-8	519-521	de	
3-9	522-524	in	
3-10	525-533	meerdere	
3-11	534-536	of	
3-12	537-544	mindere	
3-13	545-557	verwijdering	
3-14	557-558	,	
3-15	559-562	den	
3-16	563-570	horizon	
3-17	571-582	begrenzende	
3-18	583-590	hoogten	
3-19	590-591	,	
3-20	592-595	hem	
3-21	596-607	gemakkelijk	
3-22	608-612	doen	
3-23	613-622	herkennen	
3-24	622-623	,	
3-25	624-631	wanneer	
3-26	632-634	de	
3-27	635-652	doorschijnendheid	
3-28	653-656	der	
3-29	657-662	lucht	
3-30	663-667	door	
3-31	668-674	dampen	
3-32	674-675	,	
3-33	676-678	of	
3-34	679-685	gelijk	
3-35	686-690	hier	
3-36	690-691	,	
3-37	692-696	door	
3-38	697-701	rook	
3-39	702-712	verminderd	
3-40	713-715	is	
3-41	716-724	geworden	
3-42	724-725	,	
3-43	726-728	en	
3-44	729-734	omdat	
3-45	735-739	deze	
3-46	740-747	hoogten	
3-47	748-751	dan	
3-48	752-754	in	
3-49	755-759	rook	
3-50	760-766	gehuld	
3-51	767-775	schijnen	
3-52	775-776	.	

#Text=In streken, waar zich geene boven de vlakten uitstekende hoogten bevinden, kent men de uitdrukking ‘hoogterook’ in het geheel niet, doch is men daar met zijne afkomst te wel bekend, om hem niet bij zijn waren naam van ‘veendamp’ te noemen.
4-1	777-779	In	
4-2	780-787	streken	
4-3	787-788	,	
4-4	789-793	waar	
4-5	794-798	zich	
4-6	799-804	geene	
4-7	805-810	boven	
4-8	811-813	de	
4-9	814-821	vlakten	
4-10	822-833	uitstekende	
4-11	834-841	hoogten	
4-12	842-850	bevinden	
4-13	850-851	,	
4-14	852-856	kent	
4-15	857-860	men	
4-16	861-863	de	
4-17	864-875	uitdrukking	
4-18	876-877	‘	
4-19	877-887	hoogterook	
4-20	887-888	’	
4-21	889-891	in	
4-22	892-895	het	
4-23	896-902	geheel	
4-24	903-907	niet	
4-25	907-908	,	
4-26	909-913	doch	
4-27	914-916	is	
4-28	917-920	men	
4-29	921-925	daar	
4-30	926-929	met	
4-31	930-935	zijne	
4-32	936-943	afkomst	
4-33	944-946	te	
4-34	947-950	wel	
4-35	951-957	bekend	
4-36	957-958	,	
4-37	959-961	om	
4-38	962-965	hem	
4-39	966-970	niet	
4-40	971-974	bij	
4-41	975-979	zijn	
4-42	980-985	waren	
4-43	986-990	naam	
4-44	991-994	van	
4-45	995-996	‘	
4-46	996-1004	veendamp	
4-47	1004-1005	’	
4-48	1006-1008	te	
4-49	1009-1015	noemen	
4-50	1015-1016	.	

#Text=Een reispas kan wel is waar deze gast uit den vreemde niet vertoonen, maar toch voert hij eene zeer geloofwaardige gebooric-acte met zich, en dit is de niet te loochenen dikwijls
#Text=
#Text=[
#Text=p. 550]
#Text=
#Text=
#Text=zoo onaangename reuk naar brandende turf.
5-1	1019-1022	Een	
5-2	1023-1030	reispas	
5-3	1031-1034	kan	
5-4	1035-1038	wel	
5-5	1039-1041	is	
5-6	1042-1046	waar	
5-7	1047-1051	deze	
5-8	1052-1056	gast	
5-9	1057-1060	uit	
5-10	1061-1064	den	
5-11	1065-1072	vreemde	
5-12	1073-1077	niet	
5-13	1078-1087	vertoonen	
5-14	1087-1088	,	
5-15	1089-1093	maar	
5-16	1094-1098	toch	
5-17	1099-1104	voert	
5-18	1105-1108	hij	
5-19	1109-1113	eene	
5-20	1114-1118	zeer	
5-21	1119-1133	geloofwaardige	
5-22	1134-1147	gebooric-acte	
5-23	1148-1151	met	
5-24	1152-1156	zich	
5-25	1156-1157	,	
5-26	1158-1160	en	
5-27	1161-1164	dit	
5-28	1165-1167	is	
5-29	1168-1170	de	
5-30	1171-1175	niet	
5-31	1176-1178	te	
5-32	1179-1188	loochenen	
5-33	1189-1197	dikwijls	
5-34	1199-1200	[	
5-35	1201-1202	p	
5-36	1202-1203	.	
5-37	1204-1207	550	
5-38	1207-1208	]	
5-39	1211-1214	zoo	
5-40	1215-1226	onaangename	
5-41	1227-1231	reuk	
5-42	1232-1236	naar	
5-43	1237-1246	brandende	
5-44	1247-1251	turf	
5-45	1251-1252	.	

#Text=Deze reuk is zoo duidelijk, dat hij alleen reeds voor ieder die een neus tot ruiken gekregen heeft, voldoende is om de afkomst van den rook te bewijzen.
6-1	1253-1257	Deze	
6-2	1258-1262	reuk	
6-3	1263-1265	is	
6-4	1266-1269	zoo	
6-5	1270-1279	duidelijk	
6-6	1279-1280	,	
6-7	1281-1284	dat	
6-8	1285-1288	hij	
6-9	1289-1295	alleen	
6-10	1296-1301	reeds	
6-11	1302-1306	voor	
6-12	1307-1312	ieder	
6-13	1313-1316	die	
6-14	1317-1320	een	
6-15	1321-1325	neus	
6-16	1326-1329	tot	
6-17	1330-1336	ruiken	
6-18	1337-1345	gekregen	
6-19	1346-1351	heeft	
6-20	1351-1352	,	
6-21	1353-1362	voldoende	
6-22	1363-1365	is	
6-23	1366-1368	om	
6-24	1369-1371	de	
6-25	1372-1379	afkomst	
6-26	1380-1383	van	
6-27	1384-1387	den	
6-28	1388-1392	rook	
6-29	1393-1395	te	
6-30	1396-1404	bewijzen	
6-31	1404-1405	.	

#Text=De turfrook wordt daarbij te duidelijker, hoe meer men den ruimen haard der Oost-Friesche veenbranden nadert.
7-1	1406-1408	De	
7-2	1409-1417	turfrook	
7-3	1418-1423	wordt	
7-4	1424-1431	daarbij	
7-5	1432-1434	te	
7-6	1435-1446	duidelijker	
7-7	1446-1447	,	
7-8	1448-1451	hoe	
7-9	1452-1456	meer	
7-10	1457-1460	men	
7-11	1461-1464	den	
7-12	1465-1471	ruimen	
7-13	1472-1477	haard	
7-14	1478-1481	der	
7-15	1482-1495	Oost-Friesche	
7-16	1496-1507	veenbranden	
7-17	1508-1514	nadert	
7-18	1514-1515	.	

#Text=Ditzelfde is het geval met de geelroode kleur van den hoogterook, welke bij het naderen der veenstreken toeneemt en dikwijls reeds, wanneer men er nog 10 à 12 mijlen van verwijderd is, in een bepaald bruinrood overgaat.
8-1	1516-1525	Ditzelfde	
8-2	1526-1528	is	
8-3	1529-1532	het	
8-4	1533-1538	geval	
8-5	1539-1542	met	
8-6	1543-1545	de	
8-7	1546-1555	geelroode	
8-8	1556-1561	kleur	
8-9	1562-1565	van	
8-10	1566-1569	den	
8-11	1570-1580	hoogterook	
8-12	1580-1581	,	
8-13	1582-1587	welke	
8-14	1588-1591	bij	
8-15	1592-1595	het	
8-16	1596-1603	naderen	
8-17	1604-1607	der	
8-18	1608-1619	veenstreken	
8-19	1620-1628	toeneemt	
8-20	1629-1631	en	
8-21	1632-1640	dikwijls	
8-22	1641-1646	reeds	
8-23	1646-1647	,	
8-24	1648-1655	wanneer	
8-25	1656-1659	men	
8-26	1660-1662	er	
8-27	1663-1666	nog	
8-28	1667-1669	10	
8-29	1670-1671	à	
8-30	1672-1674	12	
8-31	1675-1681	mijlen	
8-32	1682-1685	van	
8-33	1686-1696	verwijderd	
8-34	1697-1699	is	
8-35	1699-1700	,	
8-36	1701-1703	in	
8-37	1704-1707	een	
8-38	1708-1715	bepaald	
8-39	1716-1725	bruinrood	
8-40	1726-1734	overgaat	
8-41	1734-1735	.	

#Text=Als verder bewijs hiervoor kan aangemerkt worden, dat de veendamp zich slechts op zulke tijden vertoont, als er aanmerkelijke veenbranden plaats grijpen, dat is in Mei en Junij en soms ook in den herfst, ten tijde van het uitzaaijen der wintervruchten.
9-1	1736-1739	Als	
9-2	1740-1746	verder	
9-3	1747-1753	bewijs	
9-4	1754-1762	hiervoor	
9-5	1763-1766	kan	
9-6	1767-1777	aangemerkt	
9-7	1778-1784	worden	
9-8	1784-1785	,	
9-9	1786-1789	dat	
9-10	1790-1792	de	
9-11	1793-1801	veendamp	
9-12	1802-1806	zich	
9-13	1807-1814	slechts	
9-14	1815-1817	op	
9-15	1818-1823	zulke	
9-16	1824-1830	tijden	
9-17	1831-1839	vertoont	
9-18	1839-1840	,	
9-19	1841-1844	als	
9-20	1845-1847	er	
9-21	1848-1861	aanmerkelijke	
9-22	1862-1873	veenbranden	
9-23	1874-1880	plaats	
9-24	1881-1888	grijpen	
9-25	1888-1889	,	
9-26	1890-1893	dat	
9-27	1894-1896	is	
9-28	1897-1899	in	
9-29	1900-1903	Mei	
9-30	1904-1906	en	
9-31	1907-1912	Junij	
9-32	1913-1915	en	
9-33	1916-1920	soms	
9-34	1921-1924	ook	
9-35	1925-1927	in	
9-36	1928-1931	den	
9-37	1932-1938	herfst	
9-38	1938-1939	,	
9-39	1940-1943	ten	
9-40	1944-1949	tijde	
9-41	1950-1953	van	
9-42	1954-1957	het	
9-43	1958-1968	uitzaaijen	
9-44	1969-1972	der	
9-45	1973-1987	wintervruchten	
9-46	1987-1988	.	

#Text=Eindelijk moeten wij nog zeggen, dat de veendamp ons, met hoogst zeldzame uitzonderingen, door zulk eene rigting van den luchtstroom wordt aangevoerd, die juist naar de streek van het veenbranden heenwijst.
10-1	1989-1998	Eindelijk	
10-2	1999-2005	moeten	
10-3	2006-2009	wij	
10-4	2010-2013	nog	
10-5	2014-2020	zeggen	
10-6	2020-2021	,	
10-7	2022-2025	dat	
10-8	2026-2028	de	
10-9	2029-2037	veendamp	
10-10	2038-2041	ons	
10-11	2041-2042	,	
10-12	2043-2046	met	
10-13	2047-2053	hoogst	
10-14	2054-2062	zeldzame	
10-15	2063-2077	uitzonderingen	
10-16	2077-2078	,	
10-17	2079-2083	door	
10-18	2084-2088	zulk	
10-19	2089-2093	eene	
10-20	2094-2101	rigting	
10-21	2102-2105	van	
10-22	2106-2109	den	
10-23	2110-2121	luchtstroom	
10-24	2122-2127	wordt	
10-25	2128-2138	aangevoerd	
10-26	2138-2139	,	
10-27	2140-2143	die	
10-28	2144-2149	juist	
10-29	2150-2154	naar	
10-30	2155-2157	de	
10-31	2158-2164	streek	
10-32	2165-2168	van	
10-33	2169-2172	het	
10-34	2173-2184	veenbranden	
10-35	2185-2194	heenwijst	
10-36	2194-2195	.	

#Text=Dit is alzoo voor het grootste gedeelte noordwestewind.
11-1	2196-2199	Dit	
11-2	2200-2202	is	
11-3	2203-2208	alzoo	
11-4	2209-2213	voor	
11-5	2214-2217	het	
11-6	2218-2226	grootste	
11-7	2227-2235	gedeelte	
11-8	2236-2250	noordwestewind	
11-9	2250-2251	.	

#Text=De zoo even opgenoemde uitzonderingen vindt men in de daadzaak, dat in de bovenste luchtstreken dikwijls eene geheel andere windrigting plaats grijpt, dan in de benedenste en kan alzoo verklaard worden, dat de rookmassa's door een westewind opgenomen en verder voortgedreven worden, vervolgens naar beneden drijven en dan door den oostewind tot ons gevoerd worden.
12-1	2252-2254	De	
12-2	2255-2258	zoo	
12-3	2259-2263	even	
12-4	2264-2274	opgenoemde	
12-5	2275-2289	uitzonderingen	
12-6	2290-2295	vindt	
12-7	2296-2299	men	
12-8	2300-2302	in	
12-9	2303-2305	de	
12-10	2306-2314	daadzaak	
12-11	2314-2315	,	
12-12	2316-2319	dat	
12-13	2320-2322	in	
12-14	2323-2325	de	
12-15	2326-2334	bovenste	
12-16	2335-2347	luchtstreken	
12-17	2348-2356	dikwijls	
12-18	2357-2361	eene	
12-19	2362-2368	geheel	
12-20	2369-2375	andere	
12-21	2376-2387	windrigting	
12-22	2388-2394	plaats	
12-23	2395-2401	grijpt	
12-24	2401-2402	,	
12-25	2403-2406	dan	
12-26	2407-2409	in	
12-27	2410-2412	de	
12-28	2413-2423	benedenste	
12-29	2424-2426	en	
12-30	2427-2430	kan	
12-31	2431-2436	alzoo	
12-32	2437-2446	verklaard	
12-33	2447-2453	worden	
12-34	2453-2454	,	
12-35	2455-2458	dat	
12-36	2459-2461	de	
12-37	2462-2473	rookmassa's	
12-38	2474-2478	door	
12-39	2479-2482	een	
12-40	2483-2492	westewind	
12-41	2493-2502	opgenomen	
12-42	2503-2505	en	
12-43	2506-2512	verder	
12-44	2513-2526	voortgedreven	
12-45	2527-2533	worden	
12-46	2533-2534	,	
12-47	2535-2545	vervolgens	
12-48	2546-2550	naar	
12-49	2551-2558	beneden	
12-50	2559-2566	drijven	
12-51	2567-2569	en	
12-52	2570-2573	dan	
12-53	2574-2578	door	
12-54	2579-2582	den	
12-55	2583-2592	oostewind	
12-56	2593-2596	tot	
12-57	2597-2600	ons	
12-58	2601-2608	gevoerd	
12-59	2609-2615	worden	
12-60	2615-2616	.	

#Text=Velen willen in den veendamp zelfs een meteorologisch verschijnsel zien, omdat zij een zekeren invloed van den rook op het weder meenen te ontdekken.
13-1	2618-2623	Velen	
13-2	2624-2630	willen	
13-3	2631-2633	in	
13-4	2634-2637	den	
13-5	2638-2646	veendamp	
13-6	2647-2652	zelfs	
13-7	2653-2656	een	
13-8	2657-2671	meteorologisch	
13-9	2672-2684	verschijnsel	
13-10	2685-2689	zien	
13-11	2689-2690	,	
13-12	2691-2696	omdat	
13-13	2697-2700	zij	
13-14	2701-2704	een	
13-15	2705-2712	zekeren	
13-16	2713-2720	invloed	
13-17	2721-2724	van	
13-18	2725-2728	den	
13-19	2729-2733	rook	
13-20	2734-2736	op	
13-21	2737-2740	het	
13-22	2741-2746	weder	
13-23	2747-2753	meenen	
13-24	2754-2756	te	
13-25	2757-2766	ontdekken	
13-26	2766-2767	.	

#Text=Dan eens is het de aanhoudende droogte, dan weder de spoedig daarop invallende koelte en dan nog weder de verdeeling van opstijgende onweerswolken, die men den veendamp ten laste legt.
14-1	2768-2771	Dan	
14-2	2772-2776	eens	
14-3	2777-2779	is	
14-4	2780-2783	het	
14-5	2784-2786	de	
14-6	2787-2798	aanhoudende	
14-7	2799-2806	droogte	
14-8	2806-2807	,	
14-9	2808-2811	dan	
14-10	2812-2817	weder	
14-11	2818-2820	de	
14-12	2821-2828	spoedig	
14-13	2829-2835	daarop	
14-14	2836-2846	invallende	
14-15	2847-2853	koelte	
14-16	2854-2856	en	
14-17	2857-2860	dan	
14-18	2861-2864	nog	
14-19	2865-2870	weder	
14-20	2871-2873	de	
14-21	2874-2884	verdeeling	
14-22	2885-2888	van	
14-23	2889-2900	opstijgende	
14-24	2901-2914	onweerswolken	
14-25	2914-2915	,	
14-26	2916-2919	die	
14-27	2920-2923	men	
14-28	2924-2927	den	
14-29	2928-2936	veendamp	
14-30	2937-2940	ten	
14-31	2941-2946	laste	
14-32	2947-2951	legt	
14-33	2951-2952	.	
