#FORMAT=WebAnno TSV 3.3


#Text=’t Zoude goed wezen, zo men ’t doen konde, de Muur zo hol te maken, als nodig
#Text=is, op dat de Plaat niet te veel voor uit schiete.
1-1	3-4	’	
1-2	4-5	t	
1-3	6-11	Zoude	
1-4	12-16	goed	
1-5	17-22	wezen	
1-6	22-23	,	
1-7	24-26	zo	
1-8	27-30	men	
1-9	31-32	’	
1-10	32-33	t	
1-11	34-38	doen	
1-12	39-44	konde	
1-13	44-45	,	
1-14	46-48	de	
1-15	49-53	Muur	
1-16	54-56	zo	
1-17	57-60	hol	
1-18	61-63	te	
1-19	64-69	maken	
1-20	69-70	,	
1-21	71-74	als	
1-22	75-80	nodig	
1-23	81-83	is	
1-24	83-84	,	
1-25	85-87	op	
1-26	88-91	dat	
1-27	92-94	de	
1-28	95-100	Plaat	
1-29	101-105	niet	
1-30	106-108	te	
1-31	109-113	veel	
1-32	114-118	voor	
1-33	119-122	uit	
1-34	123-130	schiete	
1-35	130-131	.	

#Text=Hoe ’t zy, men moet de Muur een
#Text=duim diep uithollen, zo dat het met de Messingen overeenkomt, vullen de zelve met
#Text=beslagen
#Text=Kalk
#Text=, en daar de Messingen doen inkomen, die zich zeer wel verzegeld
#Text=zullen bevinden, en tussen de Muur en de Plaat ene ruimte van vier duimen diep
#Text=zullen laten.
#Text=’t Zoude mooglyk gemaklyker zyn, een yzere Kas van geslagen yzer
#Text=naar de gegeven maat te laten maken, om ze in den bodem der Haart in te laten
#Text=Men
#Text=kan zo vele zulke huisjes maken, als men wil:
#Text=maar men kan’er gene maken, die
#Text=minder als tien, of twaalf duimen wyd zyn tussen de Messingen.
2-1	132-135	Hoe	
2-2	136-137	’	
2-3	137-138	t	
2-4	139-141	zy	
2-5	141-142	,	
2-6	143-146	men	
2-7	147-151	moet	
2-8	152-154	de	
2-9	155-159	Muur	
2-10	160-163	een	
2-11	164-168	duim	
2-12	169-173	diep	
2-13	174-183	uithollen	
2-14	183-184	,	
2-15	185-187	zo	
2-16	188-191	dat	
2-17	192-195	het	
2-18	196-199	met	
2-19	200-202	de	
2-20	203-212	Messingen	
2-21	213-224	overeenkomt	
2-22	224-225	,	
2-23	226-232	vullen	
2-24	233-235	de	
2-25	236-241	zelve	
2-26	242-245	met	
2-27	246-254	beslagen	
2-28	255-259	Kalk	
2-29	260-261	,	
2-30	262-264	en	
2-31	265-269	daar	
2-32	270-272	de	
2-33	273-282	Messingen	
2-34	283-287	doen	
2-35	288-295	inkomen	
2-36	295-296	,	
2-37	297-300	die	
2-38	301-305	zich	
2-39	306-310	zeer	
2-40	311-314	wel	
2-41	315-324	verzegeld	
2-42	325-331	zullen	
2-43	332-340	bevinden	
2-44	340-341	,	
2-45	342-344	en	
2-46	345-351	tussen	
2-47	352-354	de	
2-48	355-359	Muur	
2-49	360-362	en	
2-50	363-365	de	
2-51	366-371	Plaat	
2-52	372-375	ene	
2-53	376-382	ruimte	
2-54	383-386	van	
2-55	387-391	vier	
2-56	392-398	duimen	
2-57	399-403	diep	
2-58	404-410	zullen	
2-59	411-416	laten	
2-60	416-417	.	
2-61	418-419	’	
2-62	419-420	t	
2-63	421-426	Zoude	
2-64	427-434	mooglyk	
2-65	435-445	gemaklyker	
2-66	446-449	zyn	
2-67	449-450	,	
2-68	451-454	een	
2-69	455-460	yzere	
2-70	461-464	Kas	
2-71	465-468	van	
2-72	469-477	geslagen	
2-73	478-482	yzer	
2-74	483-487	naar	
2-75	488-490	de	
2-76	491-498	gegeven	
2-77	499-503	maat	
2-78	504-506	te	
2-79	507-512	laten	
2-80	513-518	maken	
2-81	518-519	,	
2-82	520-522	om	
2-83	523-525	ze	
2-84	526-528	in	
2-85	529-532	den	
2-86	533-538	bodem	
2-87	539-542	der	
2-88	543-548	Haart	
2-89	549-551	in	
2-90	552-554	te	
2-91	555-560	laten	
2-92	561-564	Men	
2-93	565-568	kan	
2-94	569-571	zo	
2-95	572-576	vele	
2-96	577-582	zulke	
2-97	583-590	huisjes	
2-98	591-596	maken	
2-99	596-597	,	
2-100	598-601	als	
2-101	602-605	men	
2-102	606-609	wil	
2-103	609-610	:	
2-104	611-615	maar	
2-105	616-619	men	
2-106	620-623	kan	
2-107	623-624	’	
2-108	624-626	er	
2-109	627-631	gene	
2-110	632-637	maken	
2-111	637-638	,	
2-112	639-642	die	
2-113	643-649	minder	
2-114	650-653	als	
2-115	654-658	tien	
2-116	658-659	,	
2-117	660-662	of	
2-118	663-669	twaalf	
2-119	670-676	duimen	
2-120	677-680	wyd	
2-121	681-684	zyn	
2-122	685-691	tussen	
2-123	692-694	de	
2-124	695-704	Messingen	
2-125	704-705	.	

#Text=Ook zoud het dan
#Text=nodig zyn, dat de twede holte groter dan de eerste zy, en de derde groter dan de
#Text=twede, en dus met de anderen.
3-1	706-709	Ook	
3-2	710-714	zoud	
3-3	715-718	het	
3-4	719-722	dan	
3-5	723-728	nodig	
3-6	729-732	zyn	
3-7	732-733	,	
3-8	734-737	dat	
3-9	738-740	de	
3-10	741-746	twede	
3-11	747-752	holte	
3-12	753-759	groter	
3-13	760-763	dan	
3-14	764-766	de	
3-15	767-773	eerste	
3-16	774-776	zy	
3-17	776-777	,	
3-18	778-780	en	
3-19	781-783	de	
3-20	784-789	derde	
3-21	790-796	groter	
3-22	797-800	dan	
3-23	801-803	de	
3-24	804-809	twede	
3-25	809-810	,	
3-26	811-813	en	
3-27	814-817	dus	
3-28	818-821	met	
3-29	822-824	de	
3-30	825-832	anderen	
3-31	832-833	.	

#Text=Deze Kas moet noch mag hebben buiten twe openingen, de ene om laag in D. en
#Text=ene andere aan de tegenovergestelde zyde om hoog in R.
4-1	836-840	Deze	
4-2	841-844	Kas	
4-3	845-849	moet	
4-4	850-854	noch	
4-5	855-858	mag	
4-6	859-865	hebben	
4-7	866-872	buiten	
4-8	873-876	twe	
4-9	877-886	openingen	
4-10	886-887	,	
4-11	888-890	de	
4-12	891-894	ene	
4-13	895-897	om	
4-14	898-902	laag	
4-15	903-905	in	
4-16	906-907	D	
4-17	907-908	.	
4-18	909-911	en	
4-19	912-915	ene	
4-20	916-922	andere	
4-21	923-926	aan	
4-22	927-929	de	
4-23	930-947	tegenovergestelde	
4-24	948-952	zyde	
4-25	953-955	om	
4-26	956-960	hoog	
4-27	961-963	in	
4-28	964-965	R	
4-29	965-966	.	

#Text=Als men de Schoorsteen
#Text=maakt zal men een Pyp leggen, waar van de opening op de straat, of een Plaats zal
#Text=komen, en hebben zal ene voet vierkant.
5-1	967-970	Als	
5-2	971-974	men	
5-3	975-977	de	
5-4	978-989	Schoorsteen	
5-5	990-995	maakt	
5-6	996-999	zal	
5-7	1000-1003	men	
5-8	1004-1007	een	
5-9	1008-1011	Pyp	
5-10	1012-1018	leggen	
5-11	1018-1019	,	
5-12	1020-1024	waar	
5-13	1025-1028	van	
5-14	1029-1031	de	
5-15	1032-1039	opening	
5-16	1040-1042	op	
5-17	1043-1045	de	
5-18	1046-1052	straat	
5-19	1052-1053	,	
5-20	1054-1056	of	
5-21	1057-1060	een	
5-22	1061-1067	Plaats	
5-23	1068-1071	zal	
5-24	1072-1077	komen	
5-25	1077-1078	,	
5-26	1079-1081	en	
5-27	1082-1088	hebben	
5-28	1089-1092	zal	
5-29	1093-1096	ene	
5-30	1097-1101	voet	
5-31	1102-1110	vierkant	
5-32	1110-1111	.	

#Text=Deze Pyp zal de koude lucht tot in D.
#Text=brengen, waar van daan ze, eer ze in de Kas komt, door een byzondere Pyp in Z. zal
#Text=geleid worden, dat de Luchtpyp is, waar van te voren de beschryving is gegeven.
6-1	1112-1116	Deze	
6-2	1117-1120	Pyp	
6-3	1121-1124	zal	
6-4	1125-1127	de	
6-5	1128-1133	koude	
6-6	1134-1139	lucht	
6-7	1140-1143	tot	
6-8	1144-1146	in	
6-9	1147-1148	D	
6-10	1148-1149	.	
6-11	1150-1157	brengen	
6-12	1157-1158	,	
6-13	1159-1163	waar	
6-14	1164-1167	van	
6-15	1168-1172	daan	
6-16	1173-1175	ze	
6-17	1175-1176	,	
6-18	1177-1180	eer	
6-19	1181-1183	ze	
6-20	1184-1186	in	
6-21	1187-1189	de	
6-22	1190-1193	Kas	
6-23	1194-1198	komt	
6-24	1198-1199	,	
6-25	1200-1204	door	
6-26	1205-1208	een	
6-27	1209-1218	byzondere	
6-28	1219-1222	Pyp	
6-29	1223-1225	in	
6-30	1226-1227	Z	
6-31	1227-1228	.	
6-32	1229-1232	zal	
6-33	1233-1239	geleid	
6-34	1240-1246	worden	
6-35	1246-1247	,	
6-36	1248-1251	dat	
6-37	1252-1254	de	
6-38	1255-1263	Luchtpyp	
6-39	1264-1266	is	
6-40	1266-1267	,	
6-41	1268-1272	waar	
6-42	1273-1276	van	
6-43	1277-1279	te	
6-44	1280-1285	voren	
6-45	1286-1288	de	
6-46	1289-1300	beschryving	
6-47	1301-1303	is	
6-48	1304-1311	gegeven	
6-49	1311-1312	.	

#Text=Van D. zal ze komen in de Kas, daar zy Slangswys alle de Kassen zal deur loopen,
#Text=die door die Messingen gemaakt worden.
7-1	1314-1317	Van	
7-2	1318-1319	D	
7-3	1319-1320	.	
7-4	1321-1324	zal	
7-5	1325-1327	ze	
7-6	1328-1333	komen	
7-7	1334-1336	in	
7-8	1337-1339	de	
7-9	1340-1343	Kas	
7-10	1343-1344	,	
7-11	1345-1349	daar	
7-12	1350-1352	zy	
7-13	1353-1362	Slangswys	
7-14	1363-1367	alle	
7-15	1368-1370	de	
7-16	1371-1377	Kassen	
7-17	1378-1381	zal	
7-18	1382-1386	deur	
7-19	1387-1393	loopen	
7-20	1393-1394	,	
7-21	1395-1398	die	
7-22	1399-1403	door	
7-23	1404-1407	die	
7-24	1408-1417	Messingen	
7-25	1418-1425	gemaakt	
7-26	1426-1432	worden	
7-27	1432-1433	.	

#Text=Zy zal daar in warm geworden door de
#Text=opening R.’er uit komen, die gemaakt zal worden aan een hoek van de
#Text=Schoorsteen-mantel.
8-1	1434-1436	Zy	
8-2	1437-1440	zal	
8-3	1441-1445	daar	
8-4	1446-1448	in	
8-5	1449-1453	warm	
8-6	1454-1462	geworden	
8-7	1463-1467	door	
8-8	1468-1470	de	
8-9	1471-1478	opening	
8-10	1479-1480	R	
8-11	1480-1481	.	
8-12	1481-1482	’	
8-13	1482-1484	er	
8-14	1485-1488	uit	
8-15	1489-1494	komen	
8-16	1494-1495	,	
8-17	1496-1499	die	
8-18	1500-1507	gemaakt	
8-19	1508-1511	zal	
8-20	1512-1518	worden	
8-21	1519-1522	aan	
8-22	1523-1526	een	
8-23	1527-1531	hoek	
8-24	1532-1535	van	
8-25	1536-1538	de	
8-26	1539-1557	Schoorsteen-mantel	
8-27	1557-1558	.	

#Text=Zo dat men de hitte van de Kamer vermeerderen, of verminderen
#Text=zal, naar de mate dat men dit gat openen, of sluiten zal, dat niet, dan twe duimen
#Text=wydte zal hebben.
9-1	1559-1561	Zo	
9-2	1562-1565	dat	
9-3	1566-1569	men	
9-4	1570-1572	de	
9-5	1573-1578	hitte	
9-6	1579-1582	van	
9-7	1583-1585	de	
9-8	1586-1591	Kamer	
9-9	1592-1604	vermeerderen	
9-10	1604-1605	,	
9-11	1606-1608	of	
9-12	1609-1620	verminderen	
9-13	1621-1624	zal	
9-14	1624-1625	,	
9-15	1626-1630	naar	
9-16	1631-1633	de	
9-17	1634-1638	mate	
9-18	1639-1642	dat	
9-19	1643-1646	men	
9-20	1647-1650	dit	
9-21	1651-1654	gat	
9-22	1655-1661	openen	
9-23	1661-1662	,	
9-24	1663-1665	of	
9-25	1666-1673	sluiten	
9-26	1674-1677	zal	
9-27	1677-1678	,	
9-28	1679-1682	dat	
9-29	1683-1687	niet	
9-30	1687-1688	,	
9-31	1689-1692	dan	
9-32	1693-1696	twe	
9-33	1697-1703	duimen	
9-34	1704-1709	wydte	
9-35	1710-1713	zal	
9-36	1714-1720	hebben	
9-37	1720-1721	.	

#Text=M.
10-1	1724-1725	M	
10-2	1725-1726	.	

#Text=Noel Chomel, Huishoudelyk woordboek
#Text=
#Text=\f
#Text=Zo men ene byzondere plaats van de Kamer wilde warm maken
#Text=, gelyk een zieken
#Text=op het bed
#Text=,
#Text=kan men’er ene Pyp van blank yzer aan vast maken, die zelf de verwarmde
#Text=lucht in een andere Kamer konde brengen.
11-1	1727-1731	Noel	
11-2	1732-1738	Chomel	
11-3	1738-1739	,	
11-4	1740-1752	Huishoudelyk	
11-5	1753-1762	woordboek	
11-6	1766-1768	Zo	
11-7	1769-1772	men	
11-8	1773-1776	ene	
11-9	1777-1786	byzondere	
11-10	1787-1793	plaats	
11-11	1794-1797	van	
11-12	1798-1800	de	
11-13	1801-1806	Kamer	
11-14	1807-1812	wilde	
11-15	1813-1817	warm	
11-16	1818-1823	maken	
11-17	1824-1825	,	
11-18	1826-1831	gelyk	
11-19	1832-1835	een	
11-20	1836-1842	zieken	
11-21	1843-1845	op	
11-22	1846-1849	het	
11-23	1850-1853	bed	
11-24	1854-1855	,	
11-25	1856-1859	kan	
11-26	1860-1863	men	
11-27	1863-1864	’	
11-28	1864-1866	er	
11-29	1867-1870	ene	
11-30	1871-1874	Pyp	
11-31	1875-1878	van	
11-32	1879-1884	blank	
11-33	1885-1889	yzer	
11-34	1890-1893	aan	
11-35	1894-1898	vast	
11-36	1899-1904	maken	
11-37	1904-1905	,	
11-38	1906-1909	die	
11-39	1910-1914	zelf	
11-40	1915-1917	de	
11-41	1918-1927	verwarmde	
11-42	1928-1933	lucht	
11-43	1934-1936	in	
11-44	1937-1940	een	
11-45	1941-1947	andere	
11-46	1948-1953	Kamer	
11-47	1954-1959	konde	
11-48	1960-1967	brengen	
11-49	1967-1968	.	

#Text=Men zoude mogelyk wel een ledere, of
#Text=bordpapiere Pyp kunnen maken.
12-1	1969-1972	Men	
12-2	1973-1978	zoude	
12-3	1979-1986	mogelyk	
12-4	1987-1990	wel	
12-5	1991-1994	een	
12-6	1995-2001	ledere	
12-7	2001-2002	,	
12-8	2003-2005	of	
12-9	2006-2017	bordpapiere	
12-10	2018-2021	Pyp	
12-11	2022-2028	kunnen	
12-12	2029-2034	maken	
12-13	2034-2035	.	
