#FORMAT=WebAnno TSV 3.3
#T_SP=custom.Span|label
#T_RL=custom.Relation|label|BT_custom.Span


#Text=nach-
#Text=gehends aber auſſer dieſer Taſchen/ oder
#Text=ſtarcken Huͤlſen/
#Text=theilet er ſich in viel Rei-
#Text=ſer/ oder Elen-lange duͤnne Stoͤcklein auß/
#Text=
#Text=alſo daß ein Reiſer auſſer dem anderen von
#Text=dem Kiel außgehet:
#Text=Dieſe Reiſer oder Steck-
#Text=lein ſind an ihrer undern kahlen Seiten vier-
#Text=eckicht/
#Text=gleich ob ſie mit einem Meſſer alſo
#Text=geſchnitten waͤren/ auf der obern Seiten
#Text=aber/ ſind ſie ungleich gedraͤhet/ und durch
#Text=viel Knorren/ daran die Dactel hangen/
#Text=
#Text=uneben gemacht.
1-1	2-6	nach	_	_	_	
1-2	6-7	-	_	_	_	
1-3	8-15	gehends	_	_	_	
1-4	16-20	aber	_	_	_	
1-5	21-27	auſſer	_	_	_	
1-6	28-34	dieſer	_	_	_	
1-7	35-42	Taſchen	_	_	_	
1-8	42-43	/	_	_	_	
1-9	44-48	oder	_	_	_	
1-10	49-57	ſtarcken	_	_	_	
1-11	58-65	Huͤlſen	_	_	_	
1-12	65-66	/	_	_	_	
1-13	67-74	theilet	_	_	_	
1-14	75-77	er	_	_	_	
1-15	78-82	ſich	_	_	_	
1-16	83-85	in	_	_	_	
1-17	86-90	viel	_	_	_	
1-18	91-94	Rei	_	_	_	
1-19	94-95	-	_	_	_	
1-20	96-99	ſer	_	_	_	
1-21	99-100	/	_	_	_	
1-22	101-105	oder	_	_	_	
1-23	106-116	Elen-lange	_	_	_	
1-24	117-123	duͤnne	_	_	_	
1-25	124-134	Stoͤcklein	_	_	_	
1-26	135-138	auß	_	_	_	
1-27	138-139	/	_	_	_	
1-28	141-145	alſo	_	_	_	
1-29	146-149	daß	_	_	_	
1-30	150-153	ein	_	_	_	
1-31	154-160	Reiſer	_	_	_	
1-32	161-167	auſſer	_	_	_	
1-33	168-171	dem	_	_	_	
1-34	172-179	anderen	_	_	_	
1-35	180-183	von	_	_	_	
1-36	184-187	dem	_	_	_	
1-37	188-192	Kiel	_	_	_	
1-38	193-201	außgehet	_	_	_	
1-39	201-202	:	_	_	_	
1-40	203-208	Dieſe	_	_	_	
1-41	209-215	Reiſer	_	_	_	
1-42	216-220	oder	_	_	_	
1-43	221-226	Steck	_	_	_	
1-44	226-227	-	_	_	_	
1-45	228-232	lein	_	_	_	
1-46	233-237	ſind	_	_	_	
1-47	238-240	an	_	_	_	
1-48	241-246	ihrer	_	_	_	
1-49	247-253	undern	_	_	_	
1-50	254-260	kahlen	_	_	_	
1-51	261-267	Seiten	_	_	_	
1-52	268-272	vier	_	_	_	
1-53	272-273	-	_	_	_	
1-54	274-281	eckicht	_	_	_	
1-55	281-282	/	_	_	_	
1-56	283-289	gleich	_	_	_	
1-57	290-292	ob	_	_	_	
1-58	293-296	ſie	_	_	_	
1-59	297-300	mit	_	_	_	
1-60	301-306	einem	_	_	_	
1-61	307-313	Meſſer	_	_	_	
1-62	314-318	alſo	_	_	_	
1-63	319-330	geſchnitten	_	_	_	
1-64	331-337	waͤren	_	_	_	
1-65	337-338	/	_	_	_	
1-66	339-342	auf	_	_	_	
1-67	343-346	der	_	_	_	
1-68	347-352	obern	_	_	_	
1-69	353-359	Seiten	_	_	_	
1-70	360-364	aber	_	_	_	
1-71	364-365	/	_	_	_	
1-72	366-370	ſind	_	_	_	
1-73	371-374	ſie	_	_	_	
1-74	375-383	ungleich	_	_	_	
1-75	384-393	gedraͤhet	_	_	_	
1-76	393-394	/	_	_	_	
1-77	395-398	und	_	_	_	
1-78	399-404	durch	_	_	_	
1-79	405-409	viel	_	_	_	
1-80	410-417	Knorren	_	_	_	
1-81	417-418	/	_	_	_	
1-82	419-424	daran	_	_	_	
1-83	425-428	die	_	_	_	
1-84	429-435	Dactel	_	_	_	
1-85	436-442	hangen	_	_	_	
1-86	442-443	/	_	_	_	
1-87	445-451	uneben	_	_	_	
1-88	452-459	gemacht	_	_	_	
1-89	459-460	.	_	_	_	

#Text=Die Huͤlſen/ darinn ſol-
#Text=che Sachen den Winter durch verborgen li-
#Text=gen/
#Text=thun ſich in dem Fruͤhling auff/ als-
#Text=denn ſproſſen anfaͤnglich die Reiſer/ und an
#Text=dem knorꝛichten Theile deroſelben die Bluͤm-
#Text=lein
#Text=/ trauben-weiß herfuͤr/
#Text=welche klein/
#Text=
#Text=weiß/
#Text=dreyblaͤttig/ und wohlriechend ſind.
2-1	461-464	Die	_	_	_	
2-2	465-472	Huͤlſen	_	_	_	
2-3	472-473	/	_	_	_	
2-4	474-480	darinn	_	_	_	
2-5	481-484	ſol	_	_	_	
2-6	484-485	-	_	_	_	
2-7	486-489	che	_	_	_	
2-8	490-496	Sachen	_	_	_	
2-9	497-500	den	_	_	_	
2-10	501-507	Winter	_	_	_	
2-11	508-513	durch	_	_	_	
2-12	514-523	verborgen	_	_	_	
2-13	524-526	li	_	_	_	
2-14	526-527	-	_	_	_	
2-15	528-531	gen	_	_	_	
2-16	531-532	/	_	_	_	
2-17	533-537	thun	_	_	_	
2-18	538-542	ſich	_	_	_	
2-19	543-545	in	_	_	_	
2-20	546-549	dem	_	_	_	
2-21	550-559	Fruͤhling	_	_	_	
2-22	560-564	auff	_	_	_	
2-23	564-565	/	_	_	_	
2-24	566-569	als	_	_	_	
2-25	569-570	-	_	_	_	
2-26	571-575	denn	_	_	_	
2-27	576-584	ſproſſen	_	_	_	
2-28	585-596	anfaͤnglich	_	_	_	
2-29	597-600	die	_	_	_	
2-30	601-607	Reiſer	_	_	_	
2-31	607-608	/	_	_	_	
2-32	609-612	und	_	_	_	
2-33	613-615	an	_	_	_	
2-34	616-619	dem	_	_	_	
2-35	620-631	knorꝛichten	_	_	_	
2-36	632-638	Theile	_	_	_	
2-37	639-649	deroſelben	_	_	_	
2-38	650-653	die	_	_	_	
2-39	654-659	Bluͤm	Smell\_Source[1]	_	_	
2-40	659-660	-	Smell\_Source[1]	_	_	
2-41	661-665	lein	Smell\_Source[1]	_	_	
2-42	666-667	/	_	_	_	
2-43	668-680	trauben-weiß	_	_	_	
2-44	681-688	herfuͤr	_	_	_	
2-45	688-689	/	_	_	_	
2-46	690-696	welche	_	_	_	
2-47	697-702	klein	_	_	_	
2-48	702-703	/	_	_	_	
2-49	705-709	weiß	_	_	_	
2-50	709-710	/	_	_	_	
2-51	711-723	dreyblaͤttig	_	_	_	
2-52	723-724	/	_	_	_	
2-53	725-728	und	_	_	_	
2-54	729-741	wohlriechend	Smell\_Word[2]|Quality[3]	*|*	2-54[3_2]|2-39[1_2]	
2-55	742-746	ſind	_	_	_	
2-56	746-747	.	_	_	_	

#Text=Den Blumen folgen die gruͤnen Dactel
#Text=
#Text=nach/
#Text=welche erſt in dem Herbſtmonat reiff
#Text=werden/ und alß groſſe Trauben von den
#Text=Baͤumen hangen:
#Text=Dieſe Dactel hangen
#Text=
#Text=vermittelſt ihrer flachen Knoͤpflein an den
#Text=Reiſeren oder Stecklein;
#Text=wenn ſie reiff/ ha-
#Text=ben ſie ins gemein ein aͤuſſerliche dunckel-
#Text=rothe Rinden;
#Text=under deren ligt das fette ſuͤſſe
#Text=
#Text=Marck oder Fleiſch/
#Text=welches ein weiſſes auß
#Text=vielen duͤnnen
3-1	749-752	Den	_	_	_	
3-2	753-759	Blumen	_	_	_	
3-3	760-766	folgen	_	_	_	
3-4	767-770	die	_	_	_	
3-5	771-778	gruͤnen	_	_	_	
3-6	779-785	Dactel	_	_	_	
3-7	787-791	nach	_	_	_	
3-8	791-792	/	_	_	_	
3-9	793-799	welche	_	_	_	
3-10	800-804	erſt	_	_	_	
3-11	805-807	in	_	_	_	
3-12	808-811	dem	_	_	_	
3-13	812-823	Herbſtmonat	_	_	_	
3-14	824-829	reiff	_	_	_	
3-15	830-836	werden	_	_	_	
3-16	836-837	/	_	_	_	
3-17	838-841	und	_	_	_	
3-18	842-845	alß	_	_	_	
3-19	846-852	groſſe	_	_	_	
3-20	853-860	Trauben	_	_	_	
3-21	861-864	von	_	_	_	
3-22	865-868	den	_	_	_	
3-23	869-876	Baͤumen	_	_	_	
3-24	877-883	hangen	_	_	_	
3-25	883-884	:	_	_	_	
3-26	885-890	Dieſe	_	_	_	
3-27	891-897	Dactel	_	_	_	
3-28	898-904	hangen	_	_	_	
3-29	906-917	vermittelſt	_	_	_	
3-30	918-923	ihrer	_	_	_	
3-31	924-931	flachen	_	_	_	
3-32	932-942	Knoͤpflein	_	_	_	
3-33	943-945	an	_	_	_	
3-34	946-949	den	_	_	_	
3-35	950-958	Reiſeren	_	_	_	
3-36	959-963	oder	_	_	_	
3-37	964-973	Stecklein	_	_	_	
3-38	973-974	;	_	_	_	
3-39	975-979	wenn	_	_	_	
3-40	980-983	ſie	_	_	_	
3-41	984-989	reiff	_	_	_	
3-42	989-990	/	_	_	_	
3-43	991-993	ha	_	_	_	
3-44	993-994	-	_	_	_	
3-45	995-998	ben	_	_	_	
3-46	999-1002	ſie	_	_	_	
3-47	1003-1006	ins	_	_	_	
3-48	1007-1013	gemein	_	_	_	
3-49	1014-1017	ein	_	_	_	
3-50	1018-1030	aͤuſſerliche	_	_	_	
3-51	1031-1038	dunckel	_	_	_	
3-52	1038-1039	-	_	_	_	
3-53	1040-1045	rothe	_	_	_	
3-54	1046-1052	Rinden	_	_	_	
3-55	1052-1053	;	_	_	_	
3-56	1054-1059	under	_	_	_	
3-57	1060-1065	deren	_	_	_	
3-58	1066-1070	ligt	_	_	_	
3-59	1071-1074	das	_	_	_	
3-60	1075-1080	fette	_	_	_	
3-61	1081-1087	ſuͤſſe	_	_	_	
3-62	1089-1094	Marck	_	_	_	
3-63	1095-1099	oder	_	_	_	
3-64	1100-1107	Fleiſch	_	_	_	
3-65	1107-1108	/	_	_	_	
3-66	1109-1116	welches	_	_	_	
3-67	1117-1120	ein	_	_	_	
3-68	1121-1128	weiſſes	_	_	_	
3-69	1129-1132	auß	_	_	_	
3-70	1133-1139	vielen	_	_	_	
3-71	1140-1147	duͤnnen	_	_	_	
