#FORMAT=WebAnno TSV 3.3


#Text=Te Harlingen
#Text=sterven zeker meer menschen, dan te Franeker, te Franeker meer dan te Leeuwarden:
#Text=dit heeft de schrandere berekening van den Grooten camper(t) noch onlangs buiten bedenkelykheid gesteld.
1-1	4-6	Te	
1-2	7-16	Harlingen	
1-3	17-24	sterven	
1-4	25-30	zeker	
1-5	31-35	meer	
1-6	36-44	menschen	
1-7	44-45	,	
1-8	46-49	dan	
1-9	50-52	te	
1-10	53-61	Franeker	
1-11	61-62	,	
1-12	63-65	te	
1-13	66-74	Franeker	
1-14	75-79	meer	
1-15	80-83	dan	
1-16	84-86	te	
1-17	87-97	Leeuwarden	
1-18	97-98	:	
1-19	99-102	dit	
1-20	103-108	heeft	
1-21	109-111	de	
1-22	112-122	schrandere	
1-23	123-133	berekening	
1-24	134-137	van	
1-25	138-141	den	
1-26	142-149	Grooten	
1-27	150-156	camper	
1-28	156-157	(	
1-29	157-158	t	
1-30	158-159	)	
1-31	160-164	noch	
1-32	165-172	onlangs	
1-33	173-179	buiten	
1-34	180-194	bedenkelykheid	
1-35	195-202	gesteld	
1-36	202-203	.	

#Text=Dan dat deze meerdere, sterfte te Harlingen en te Franeker van de Uitwaassemingen van rottend Water moet afgeleid worden, is niet waarschynelyk.
2-1	206-209	Dan	
2-2	210-213	dat	
2-3	214-218	deze	
2-4	219-227	meerdere	
2-5	227-228	,	
2-6	229-236	sterfte	
2-7	237-239	te	
2-8	240-249	Harlingen	
2-9	250-252	en	
2-10	253-255	te	
2-11	256-264	Franeker	
2-12	265-268	van	
2-13	269-271	de	
2-14	272-287	Uitwaassemingen	
2-15	288-291	van	
2-16	292-299	rottend	
2-17	300-305	Water	
2-18	306-310	moet	
2-19	311-319	afgeleid	
2-20	320-326	worden	
2-21	326-327	,	
2-22	328-330	is	
2-23	331-335	niet	
2-24	336-349	waarschynelyk	
2-25	349-350	.	

#Text=Harlingen ligt aan, ja zelfs gedeeltelyk in, zee.
#Text=- Door geene bosschen omcingeld, zo heeft het niets om de hevige kracht der winden te breeken, zy waaijen dus aanhoudende en langdurig, - zy beweegen, verdunnen en verfrisschen de lucht, en zuiveren ze van haare dampen door toevoer van nieuwe lucht.
#Text=- De luchtkolom wordt dus gedurig door versche lucht vervangen, en de dampen en uitwaassemingen
#Text=waaijen landwaards in.
3-1	351-360	Harlingen	
3-2	361-365	ligt	
3-3	366-369	aan	
3-4	369-370	,	
3-5	371-373	ja	
3-6	374-379	zelfs	
3-7	380-391	gedeeltelyk	
3-8	392-394	in	
3-9	394-395	,	
3-10	396-399	zee	
3-11	399-400	.	
3-12	401-402	-	
3-13	403-407	Door	
3-14	408-413	geene	
3-15	414-422	bosschen	
3-16	423-432	omcingeld	
3-17	432-433	,	
3-18	434-436	zo	
3-19	437-442	heeft	
3-20	443-446	het	
3-21	447-452	niets	
3-22	453-455	om	
3-23	456-458	de	
3-24	459-465	hevige	
3-25	466-472	kracht	
3-26	473-476	der	
3-27	477-483	winden	
3-28	484-486	te	
3-29	487-494	breeken	
3-30	494-495	,	
3-31	496-498	zy	
3-32	499-506	waaijen	
3-33	507-510	dus	
3-34	511-522	aanhoudende	
3-35	523-525	en	
3-36	526-535	langdurig	
3-37	535-536	,	
3-38	537-538	-	
3-39	539-541	zy	
3-40	542-550	beweegen	
3-41	550-551	,	
3-42	552-561	verdunnen	
3-43	562-564	en	
3-44	565-577	verfrisschen	
3-45	578-580	de	
3-46	581-586	lucht	
3-47	586-587	,	
3-48	588-590	en	
3-49	591-599	zuiveren	
3-50	600-602	ze	
3-51	603-606	van	
3-52	607-612	haare	
3-53	613-619	dampen	
3-54	620-624	door	
3-55	625-632	toevoer	
3-56	633-636	van	
3-57	637-643	nieuwe	
3-58	644-649	lucht	
3-59	649-650	.	
3-60	651-652	-	
3-61	653-655	De	
3-62	656-666	luchtkolom	
3-63	667-672	wordt	
3-64	673-676	dus	
3-65	677-684	gedurig	
3-66	685-689	door	
3-67	690-697	versche	
3-68	698-703	lucht	
3-69	704-713	vervangen	
3-70	713-714	,	
3-71	715-717	en	
3-72	718-720	de	
3-73	721-727	dampen	
3-74	728-730	en	
3-75	731-746	uitwaassemingen	
3-76	747-754	waaijen	
3-77	755-765	landwaards	
3-78	766-768	in	
3-79	768-769	.	

#Text=Harlingen mist dus noodzaakelyk de voordeelen van een luweren dampkring, welke andere steden, die meer voor de winden beschut zyn, hebben(u).
4-1	770-779	Harlingen	
4-2	780-784	mist	
4-3	785-788	dus	
4-4	789-801	noodzaakelyk	
4-5	802-804	de	
4-6	805-815	voordeelen	
4-7	816-819	van	
4-8	820-823	een	
4-9	824-831	luweren	
4-10	832-841	dampkring	
4-11	841-842	,	
4-12	843-848	welke	
4-13	849-855	andere	
4-14	856-862	steden	
4-15	862-863	,	
4-16	864-867	die	
4-17	868-872	meer	
4-18	873-877	voor	
4-19	878-880	de	
4-20	881-887	winden	
4-21	888-895	beschut	
4-22	896-899	zyn	
4-23	899-900	,	
4-24	901-907	hebben	
4-25	907-908	(	
4-26	908-909	u	
4-27	909-910	)	
4-28	910-911	.	

#Text=De schraale Noordelyke winden doen de ligchaamen onmiddelyker aan.
#Text=- Hierom
#Text=(r)
#Text=
#Text=
#Text=Zie
#Text=myne Aanmerk.
#Text=l. c. p. 400.
5-1	912-914	De	
5-2	915-923	schraale	
5-3	924-934	Noordelyke	
5-4	935-941	winden	
5-5	942-946	doen	
5-6	947-949	de	
5-7	950-960	ligchaamen	
5-8	961-973	onmiddelyker	
5-9	974-977	aan	
5-10	977-978	.	
5-11	979-980	-	
5-12	981-987	Hierom	
5-13	988-989	(	
5-14	989-990	r	
5-15	990-991	)	
5-16	994-997	Zie	
5-17	998-1002	myne	
5-18	1003-1010	Aanmerk	
5-19	1010-1011	.	
5-20	1012-1013	l	
5-21	1013-1014	.	
5-22	1015-1016	c	
5-23	1016-1017	.	
5-24	1018-1019	p	
5-25	1019-1020	.	
5-26	1021-1024	400	
5-27	1024-1025	.	

#Text=(s)
#Text=
#Text=
#Text=Zie
6-1	1027-1028	(	
6-2	1028-1029	s	
6-3	1029-1030	)	
6-4	1033-1036	Zie	
