#FORMAT=WebAnno TSV 3.3
#T_SP=custom.Span|label
#T_RL=custom.Relation|label|BT_custom.Span


#Text=welcher mit einer klebrigen Materie/
#Text=
#Text=(aber haͤuffiger als in der Europeiſchen
#Text=
#Text=Quitten)
#Text=umbher beſtrichen iſt/ weßwegen
#Text=vorgemelter Herꝛ ihme den Namen Quitten
#Text=gegeben hat:
#Text=Solcher klebrige Schleim die-
#Text=net fuͤr die Entzuͤndung des Halſes/
#Text=Zahn-
#Text=geſchwaͤr und Durchfaͤule/ oder Schwaͤm-
#Text=chen auff der Zunge der Kinder.
1-1	0-7	welcher	_	_	_	
1-2	8-11	mit	_	_	_	
1-3	12-17	einer	_	_	_	
1-4	18-27	klebrigen	_	_	_	
1-5	28-35	Materie	_	_	_	
1-6	35-36	/	_	_	_	
1-7	38-39	(	_	_	_	
1-8	39-43	aber	_	_	_	
1-9	44-54	haͤuffiger	_	_	_	
1-10	55-58	als	_	_	_	
1-11	59-61	in	_	_	_	
1-12	62-65	der	_	_	_	
1-13	66-78	Europeiſchen	_	_	_	
1-14	80-87	Quitten	_	_	_	
1-15	87-88	)	_	_	_	
1-16	89-95	umbher	_	_	_	
1-17	96-106	beſtrichen	_	_	_	
1-18	107-110	iſt	_	_	_	
1-19	110-111	/	_	_	_	
1-20	112-120	weßwegen	_	_	_	
1-21	121-132	vorgemelter	_	_	_	
1-22	133-137	Herꝛ	_	_	_	
1-23	138-142	ihme	_	_	_	
1-24	143-146	den	_	_	_	
1-25	147-152	Namen	_	_	_	
1-26	153-160	Quitten	_	_	_	
1-27	161-168	gegeben	_	_	_	
1-28	169-172	hat	_	_	_	
1-29	172-173	:	_	_	_	
1-30	174-181	Solcher	_	_	_	
1-31	182-190	klebrige	_	_	_	
1-32	191-198	Schleim	_	_	_	
1-33	199-202	die	_	_	_	
1-34	202-203	-	_	_	_	
1-35	204-207	net	_	_	_	
1-36	208-212	fuͤr	_	_	_	
1-37	213-216	die	_	_	_	
1-38	217-228	Entzuͤndung	_	_	_	
1-39	229-232	des	_	_	_	
1-40	233-239	Halſes	_	_	_	
1-41	239-240	/	_	_	_	
1-42	241-245	Zahn	_	_	_	
1-43	245-246	-	_	_	_	
1-44	247-256	geſchwaͤr	_	_	_	
1-45	257-260	und	_	_	_	
1-46	261-272	Durchfaͤule	_	_	_	
1-47	272-273	/	_	_	_	
1-48	274-278	oder	_	_	_	
1-49	279-286	Schwaͤm	_	_	_	
1-50	286-287	-	_	_	_	
1-51	288-292	chen	_	_	_	
1-52	293-297	auff	_	_	_	
1-53	298-301	der	_	_	_	
1-54	302-307	Zunge	_	_	_	
1-55	308-311	der	_	_	_	
1-56	312-318	Kinder	_	_	_	
1-57	318-319	.	_	_	_	

#Text=Wenn dieſe
#Text=Quitten-aͤpffel noch gruͤn ſind/ haben ſie
#Text=
#Text=weiß nicht was fuͤr einen widrigen Geruch
#Text=
#Text=bey ſich/
#Text=nach dem ſie aber reiff worden/
#Text=
#Text=riechen ſie den jenigen Marieviolen gleich/
#Text=
#Text=ſo von den Arabern Keiri genennet werden.
2-1	320-324	Wenn	Circumstances	_	_	
2-2	325-330	dieſe	_	_	_	
2-3	331-346	Quitten-aͤpffel	Smell\_Source	*|*	2-22|2-28	
2-4	347-351	noch	Circumstances[1]	_	_	
2-5	352-357	gruͤn	Circumstances[1]	_	_	
2-6	358-362	ſind	Circumstances[1]	_	_	
2-7	362-363	/	_	_	_	
2-8	364-369	haben	_	_	_	
2-9	370-373	ſie	Smell\_Source	_	_	
2-10	375-379	weiß	_	_	_	
2-11	380-385	nicht	_	_	_	
2-12	386-389	was	_	_	_	
2-13	390-394	fuͤr	_	_	_	
2-14	395-400	einen	_	_	_	
2-15	401-409	widrigen	Quality	_	_	
2-16	410-416	Geruch	*[2]|Smell\_Word[3]	_	_	
2-17	418-421	bey	_	_	_	
2-18	422-426	ſich	_	_	_	
2-19	426-427	/	_	_	_	
2-20	428-432	nach	Circumstances[4]	_	_	
2-21	433-436	dem	Circumstances[4]	_	_	
2-22	437-440	ſie	Smell\_Source	_	_	
2-23	441-445	aber	Circumstances[5]	*	2-20[4_5]	
2-24	446-451	reiff	Circumstances[5]	_	_	
2-25	452-458	worden	Circumstances[5]	_	_	
2-26	458-459	/	_	_	_	
2-27	461-468	riechen	Smell\_Word	_	_	
2-28	469-472	ſie	Smell\_Source	_	_	
2-29	473-476	den	Evoked\_Odorant[6]	_	_	
2-30	477-484	jenigen	Evoked\_Odorant[6]	_	_	
2-31	485-496	Marieviolen	Evoked\_Odorant[6]	_	_	
2-32	497-503	gleich	Evoked\_Odorant[6]	_	_	
2-33	503-504	/	_	_	_	
2-34	506-508	ſo	_	_	_	
2-35	509-512	von	_	_	_	
2-36	513-516	den	_	_	_	
2-37	517-524	Arabern	_	_	_	
2-38	525-530	Keiri	_	_	_	
2-39	531-539	genennet	_	_	_	
2-40	540-546	werden	_	_	_	
2-41	546-547	.	_	_	_	

#Text=Dieſer Quitten-apffel gebraten iſt
#Text=eine unge-
#Text=zweiflete Artzney wider die rothe Ruhr und
#Text=ſtarck Erbrechen des Magens.
3-1	549-555	Dieſer	_	_	_	
3-2	556-570	Quitten-apffel	_	_	_	
3-3	571-579	gebraten	_	_	_	
3-4	580-583	iſt	_	_	_	
3-5	584-588	eine	_	_	_	
3-6	589-593	unge	_	_	_	
3-7	593-594	-	_	_	_	
3-8	595-604	zweiflete	_	_	_	
3-9	605-612	Artzney	_	_	_	
3-10	613-618	wider	_	_	_	
3-11	619-622	die	_	_	_	
3-12	623-628	rothe	_	_	_	
3-13	629-633	Ruhr	_	_	_	
3-14	634-637	und	_	_	_	
3-15	638-644	ſtarck	_	_	_	
3-16	645-654	Erbrechen	_	_	_	
3-17	655-658	des	_	_	_	
3-18	659-665	Magens	_	_	_	
3-19	665-666	.	_	_	_	

#Text=Man findet
#Text=dieſen Baum hin und wider in den Waͤl-
#Text=dern/ von dannen die Schwartzen mit beſon-
#Text=derm Fleiß die Fruͤchte abholen/ und nach
#Text=der Statt feil tragen/ oder wider vorernante
#Text=Kranckheiten ſelbſt auffheben/ denn ſo man
#Text=ſie noch gruͤn abbricht/
#Text=koͤnnen
#Text=ſie trefflich
#Text=
#Text=lang wehren/ und werden umb des inwendi-
#Text=gen Schleims willen von den Niderlaͤndern
#Text=Slymappelen/
#Text=Schleimapffel geheiſſen.
4-1	667-670	Man	_	_	_	
4-2	671-677	findet	_	_	_	
4-3	678-684	dieſen	_	_	_	
4-4	685-689	Baum	_	_	_	
4-5	690-693	hin	_	_	_	
4-6	694-697	und	_	_	_	
4-7	698-703	wider	_	_	_	
4-8	704-706	in	_	_	_	
4-9	707-710	den	_	_	_	
4-10	711-715	Waͤl	_	_	_	
4-11	715-716	-	_	_	_	
4-12	717-721	dern	_	_	_	
4-13	721-722	/	_	_	_	
4-14	723-726	von	_	_	_	
4-15	727-733	dannen	_	_	_	
4-16	734-737	die	_	_	_	
4-17	738-748	Schwartzen	_	_	_	
4-18	749-752	mit	_	_	_	
4-19	753-758	beſon	_	_	_	
4-20	758-759	-	_	_	_	
4-21	760-764	derm	_	_	_	
4-22	765-770	Fleiß	_	_	_	
4-23	771-774	die	_	_	_	
4-24	775-783	Fruͤchte	_	_	_	
4-25	784-791	abholen	_	_	_	
4-26	791-792	/	_	_	_	
4-27	793-796	und	_	_	_	
4-28	797-801	nach	_	_	_	
4-29	802-805	der	_	_	_	
4-30	806-811	Statt	_	_	_	
4-31	812-816	feil	_	_	_	
4-32	817-823	tragen	_	_	_	
4-33	823-824	/	_	_	_	
4-34	825-829	oder	_	_	_	
4-35	830-835	wider	_	_	_	
4-36	836-846	vorernante	_	_	_	
4-37	847-859	Kranckheiten	_	_	_	
4-38	860-866	ſelbſt	_	_	_	
4-39	867-876	auffheben	_	_	_	
4-40	876-877	/	_	_	_	
4-41	878-882	denn	_	_	_	
4-42	883-885	ſo	_	_	_	
4-43	886-889	man	_	_	_	
4-44	890-893	ſie	_	_	_	
4-45	894-898	noch	_	_	_	
4-46	899-904	gruͤn	_	_	_	
4-47	905-913	abbricht	_	_	_	
4-48	913-914	/	_	_	_	
4-49	915-922	koͤnnen	_	_	_	
4-50	923-926	ſie	_	_	_	
4-51	927-936	trefflich	_	_	_	
4-52	938-942	lang	_	_	_	
4-53	943-949	wehren	_	_	_	
4-54	949-950	/	_	_	_	
4-55	951-954	und	_	_	_	
4-56	955-961	werden	_	_	_	
4-57	962-965	umb	_	_	_	
4-58	966-969	des	_	_	_	
4-59	970-977	inwendi	_	_	_	
4-60	977-978	-	_	_	_	
4-61	979-982	gen	_	_	_	
4-62	983-991	Schleims	_	_	_	
4-63	992-998	willen	_	_	_	
4-64	999-1002	von	_	_	_	
4-65	1003-1006	den	_	_	_	
4-66	1007-1020	Niderlaͤndern	_	_	_	
4-67	1021-1032	Slymappelen	_	_	_	
4-68	1032-1033	/	_	_	_	
4-69	1034-1047	Schleimapffel	_	_	_	
4-70	1048-1057	geheiſſen	_	_	_	
4-71	1057-1058	.	_	_	_	
