#FORMAT=WebAnno TSV 3.3


#Text=Namel.
#Text=gelijck de Priesters ende Leviten in den tempel plaghten te gebruycken.
1-1	2-7	Namel	
1-2	7-8	.	
1-3	9-16	gelijck	
1-4	17-19	de	
1-5	20-29	Priesters	
1-6	30-34	ende	
1-7	35-42	Leviten	
1-8	43-45	in	
1-9	46-49	den	
1-10	50-56	tempel	
1-11	57-65	plaghten	
1-12	66-68	te	
1-13	69-79	gebruycken	
1-14	79-80	.	

#Text=Van de citheren als instrumenten van musijcke, waer mede sy hare herten verhieven, ende Godt loofden, is al om te lesen in de Psalmen Davids.
2-1	81-84	Van	
2-2	85-87	de	
2-3	88-96	citheren	
2-4	97-100	als	
2-5	101-113	instrumenten	
2-6	114-117	van	
2-7	118-126	musijcke	
2-8	126-127	,	
2-9	128-132	waer	
2-10	133-137	mede	
2-11	138-140	sy	
2-12	141-145	hare	
2-13	146-152	herten	
2-14	153-162	verhieven	
2-15	162-163	,	
2-16	164-168	ende	
2-17	169-173	Godt	
2-18	174-181	loofden	
2-19	181-182	,	
2-20	183-185	is	
2-21	186-188	al	
2-22	189-191	om	
2-23	192-194	te	
2-24	195-200	lesen	
2-25	201-203	in	
2-26	204-206	de	
2-27	207-214	Psalmen	
2-28	215-221	Davids	
2-29	221-222	.	

#Text=Van de phiolen, schalen, ofte kruycken van reuckwerck, siet 2.Chron.
#Text=4.22.
3-1	223-226	Van	
3-2	227-229	de	
3-3	230-237	phiolen	
3-4	237-238	,	
3-5	239-246	schalen	
3-6	246-247	,	
3-7	248-252	ofte	
3-8	253-261	kruycken	
3-9	262-265	van	
3-10	266-276	reuckwerck	
3-11	276-277	,	
3-12	278-282	siet	
3-13	283-284	2	
3-14	284-285	.	
3-15	285-290	Chron	
3-16	290-291	.	
3-17	292-296	4.22	
3-18	296-297	.	

#Text=Zach.
#Text=14.20.
#Text=door welck reuckwerck de gebeden, die tot Godt opklommen, ende hem in Christo aengenaem waren, wierden beteeckent, als te sien is Psalm 141.
#Text=vers
#Text=2.
#Text=citheren ende gouden phiolen zijnde vol reuckwercks, D. welcke beteeckenen de gebeden der heylige: ende wort hier gesien op de wijse van doen in het Oude Testament.
4-1	298-302	Zach	
4-2	302-303	.	
4-3	304-309	14.20	
4-4	309-310	.	
4-5	311-315	door	
4-6	316-321	welck	
4-7	322-332	reuckwerck	
4-8	333-335	de	
4-9	336-343	gebeden	
4-10	343-344	,	
4-11	345-348	die	
4-12	349-352	tot	
4-13	353-357	Godt	
4-14	358-367	opklommen	
4-15	367-368	,	
4-16	369-373	ende	
4-17	374-377	hem	
4-18	378-380	in	
4-19	381-388	Christo	
4-20	389-398	aengenaem	
4-21	399-404	waren	
4-22	404-405	,	
4-23	406-413	wierden	
4-24	414-424	beteeckent	
4-25	424-425	,	
4-26	426-429	als	
4-27	430-432	te	
4-28	433-437	sien	
4-29	438-440	is	
4-30	441-446	Psalm	
4-31	447-450	141	
4-32	450-451	.	
4-33	452-456	vers	
4-34	457-458	2	
4-35	458-459	.	
4-36	460-468	citheren	
4-37	469-473	ende	
4-38	474-480	gouden	
4-39	481-488	phiolen	
4-40	489-495	zijnde	
4-41	496-499	vol	
4-42	500-511	reuckwercks	
4-43	511-512	,	
4-44	513-514	D	
4-45	514-515	.	
4-46	516-522	welcke	
4-47	523-534	beteeckenen	
4-48	535-537	de	
4-49	538-545	gebeden	
4-50	546-549	der	
4-51	550-557	heylige	
4-52	557-558	:	
4-53	559-563	ende	
4-54	564-568	wort	
4-55	569-573	hier	
4-56	574-580	gesien	
4-57	581-583	op	
4-58	584-586	de	
4-59	587-592	wijse	
4-60	593-596	van	
4-61	597-601	doen	
4-62	602-604	in	
4-63	605-608	het	
4-64	609-613	Oude	
4-65	614-623	Testament	
4-66	623-624	.	

#Text=Want gelijck de Priesters dagelicks ende de Hoogepriester eens des jaers het reuckwerck gevoeght met het bloet der offeranden, Levit.
#Text=cap.
#Text=16.
#Text=vers 13.
5-1	625-629	Want	
5-2	630-637	gelijck	
5-3	638-640	de	
5-4	641-650	Priesters	
5-5	651-660	dagelicks	
5-6	661-665	ende	
5-7	666-668	de	
5-8	669-682	Hoogepriester	
5-9	683-687	eens	
5-10	688-691	des	
5-11	692-697	jaers	
5-12	698-701	het	
5-13	702-712	reuckwerck	
5-14	713-721	gevoeght	
5-15	722-725	met	
5-16	726-729	het	
5-17	730-735	bloet	
5-18	736-739	der	
5-19	740-750	offeranden	
5-20	750-751	,	
5-21	752-757	Levit	
5-22	757-758	.	
5-23	759-762	cap	
5-24	762-763	.	
5-25	764-766	16	
5-26	766-767	.	
5-27	768-772	vers	
5-28	773-775	13	
5-29	775-776	.	

#Text=Hebr.
#Text=9.
#Text=vers 4, etc. voor Godt opofferden, om te kennen te geven, dat sy als voorgangers der gemeynte, ende te samen met de gemeynte des Ouden Testaments, hare gebeden ende danckseggingen tot Godt brochten, alsoo wort oock hier afgebeelt, dat de voorgangers der gemeynte soo des Ouden als des Nieuwen Testaments in de triumpheerende Kercke in den hemel oock gesamentlick hare gebeden ende danckseggingen in Christo voor Godts throon brengen:
#Text=gelijck met dese vier dieren ende vier en twintigh Ouderlingen
#Text=oock alle andere heylige in den hemel hier verstaen worden, na den inhoudt van den lofsangh, die in het volgende vers wort uytgedruckt ende naerder verklaert Cap. 6.
6-1	777-781	Hebr	
6-2	781-782	.	
6-3	783-784	9	
6-4	784-785	.	
6-5	786-790	vers	
6-6	791-792	4	
6-7	792-793	,	
6-8	794-797	etc	
6-9	797-798	.	
6-10	799-803	voor	
6-11	804-808	Godt	
6-12	809-819	opofferden	
6-13	819-820	,	
6-14	821-823	om	
6-15	824-826	te	
6-16	827-833	kennen	
6-17	834-836	te	
6-18	837-842	geven	
6-19	842-843	,	
6-20	844-847	dat	
6-21	848-850	sy	
6-22	851-854	als	
6-23	855-866	voorgangers	
6-24	867-870	der	
6-25	871-879	gemeynte	
6-26	879-880	,	
6-27	881-885	ende	
6-28	886-888	te	
6-29	889-894	samen	
6-30	895-898	met	
6-31	899-901	de	
6-32	902-910	gemeynte	
6-33	911-914	des	
6-34	915-920	Ouden	
6-35	921-931	Testaments	
6-36	931-932	,	
6-37	933-937	hare	
6-38	938-945	gebeden	
6-39	946-950	ende	
6-40	951-965	danckseggingen	
6-41	966-969	tot	
6-42	970-974	Godt	
6-43	975-983	brochten	
6-44	983-984	,	
6-45	985-990	alsoo	
6-46	991-995	wort	
6-47	996-1000	oock	
6-48	1001-1005	hier	
6-49	1006-1015	afgebeelt	
6-50	1015-1016	,	
6-51	1017-1020	dat	
6-52	1021-1023	de	
6-53	1024-1035	voorgangers	
6-54	1036-1039	der	
6-55	1040-1048	gemeynte	
6-56	1049-1052	soo	
6-57	1053-1056	des	
6-58	1057-1062	Ouden	
6-59	1063-1066	als	
6-60	1067-1070	des	
6-61	1071-1078	Nieuwen	
6-62	1079-1089	Testaments	
6-63	1090-1092	in	
6-64	1093-1095	de	
6-65	1096-1110	triumpheerende	
6-66	1111-1117	Kercke	
6-67	1118-1120	in	
6-68	1121-1124	den	
6-69	1125-1130	hemel	
6-70	1131-1135	oock	
6-71	1136-1148	gesamentlick	
6-72	1149-1153	hare	
6-73	1154-1161	gebeden	
6-74	1162-1166	ende	
6-75	1167-1181	danckseggingen	
6-76	1182-1184	in	
6-77	1185-1192	Christo	
6-78	1193-1197	voor	
6-79	1198-1203	Godts	
6-80	1204-1210	throon	
6-81	1211-1218	brengen	
6-82	1218-1219	:	
6-83	1220-1227	gelijck	
6-84	1228-1231	met	
6-85	1232-1236	dese	
6-86	1237-1241	vier	
6-87	1242-1248	dieren	
6-88	1249-1253	ende	
6-89	1254-1258	vier	
6-90	1259-1261	en	
6-91	1262-1270	twintigh	
6-92	1271-1282	Ouderlingen	
6-93	1283-1287	oock	
6-94	1288-1292	alle	
6-95	1293-1299	andere	
6-96	1300-1307	heylige	
6-97	1308-1310	in	
6-98	1311-1314	den	
6-99	1315-1320	hemel	
6-100	1321-1325	hier	
6-101	1326-1334	verstaen	
6-102	1335-1341	worden	
6-103	1341-1342	,	
6-104	1343-1345	na	
6-105	1346-1349	den	
6-106	1350-1357	inhoudt	
6-107	1358-1361	van	
6-108	1362-1365	den	
6-109	1366-1374	lofsangh	
6-110	1374-1375	,	
6-111	1376-1379	die	
6-112	1380-1382	in	
6-113	1383-1386	het	
6-114	1387-1395	volgende	
6-115	1396-1400	vers	
6-116	1401-1405	wort	
6-117	1406-1417	uytgedruckt	
6-118	1418-1422	ende	
6-119	1423-1430	naerder	
6-120	1431-1440	verklaert	
6-121	1441-1444	Cap	
6-122	1444-1445	.	
6-123	1446-1447	6	
6-124	1447-1448	.	
