#FORMAT=WebAnno TSV 3.3


#Text=Een Blad geplukt van een groeienden Boon, in een koud mengzel gestooken,
#Text=bevroozen, en vervolgens ontdooid, diende tot een regelmaat.
1-1	2-5	Een	
1-2	6-10	Blad	
1-3	11-18	geplukt	
1-4	19-22	van	
1-5	23-26	een	
1-6	27-37	groeienden	
1-7	38-42	Boon	
1-8	42-43	,	
1-9	44-46	in	
1-10	47-50	een	
1-11	51-55	koud	
1-12	56-63	mengzel	
1-13	64-73	gestooken	
1-14	73-74	,	
1-15	75-84	bevroozen	
1-16	84-85	,	
1-17	86-88	en	
1-18	89-99	vervolgens	
1-19	100-108	ontdooid	
1-20	108-109	,	
1-21	110-116	diende	
1-22	117-120	tot	
1-23	121-124	een	
1-24	125-134	regelmaat	
1-25	134-135	.	

#Text=Een ander versch
#Text=Blad werd genomen, en in 't midden geknakt;
#Text=een klein hollooden vat werd boven
#Text=op het koude mengzel geplaatst, en de twee bladen op den bodem nedergelegd:
#Text=
#Text=maar de eene helft van elk Blad liet men niet toe het vat aan te raaken, door het
#Text=ombuigen:
#Text=het koude mengzel was tusschen de 17 en 15 Graaden, en de Dampkring
#Text=op 22 Graaden.
2-1	136-139	Een	
2-2	140-145	ander	
2-3	146-152	versch	
2-4	153-157	Blad	
2-5	158-162	werd	
2-6	163-170	genomen	
2-7	170-171	,	
2-8	172-174	en	
2-9	175-177	in	
2-10	178-179	'	
2-11	179-180	t	
2-12	181-187	midden	
2-13	188-195	geknakt	
2-14	195-196	;	
2-15	197-200	een	
2-16	201-206	klein	
2-17	207-216	hollooden	
2-18	217-220	vat	
2-19	221-225	werd	
2-20	226-231	boven	
2-21	232-234	op	
2-22	235-238	het	
2-23	239-244	koude	
2-24	245-252	mengzel	
2-25	253-262	geplaatst	
2-26	262-263	,	
2-27	264-266	en	
2-28	267-269	de	
2-29	270-274	twee	
2-30	275-281	bladen	
2-31	282-284	op	
2-32	285-288	den	
2-33	289-294	bodem	
2-34	295-306	nedergelegd	
2-35	306-307	:	
2-36	309-313	maar	
2-37	314-316	de	
2-38	317-321	eene	
2-39	322-327	helft	
2-40	328-331	van	
2-41	332-335	elk	
2-42	336-340	Blad	
2-43	341-345	liet	
2-44	346-349	men	
2-45	350-354	niet	
2-46	355-358	toe	
2-47	359-362	het	
2-48	363-366	vat	
2-49	367-370	aan	
2-50	371-373	te	
2-51	374-380	raaken	
2-52	380-381	,	
2-53	382-386	door	
2-54	387-390	het	
2-55	391-399	ombuigen	
2-56	399-400	:	
2-57	401-404	het	
2-58	405-410	koude	
2-59	411-418	mengzel	
2-60	419-422	was	
2-61	423-431	tusschen	
2-62	432-434	de	
2-63	435-437	17	
2-64	438-440	en	
2-65	441-443	15	
2-66	444-451	Graaden	
2-67	451-452	,	
2-68	453-455	en	
2-69	456-458	de	
2-70	459-468	Dampkring	
2-71	469-471	op	
2-72	472-474	22	
2-73	475-482	Graaden	
2-74	482-483	.	

#Text=De oppervlakten van de twee Bladen, die het lood raakten, bevrooren
#Text=beide schielyk;
#Text=maar die oppervlakten, welke in rechte hoeken opliepen, en daarom
#Text=alleen door den kouden dampkring geraakt werden, bevrooren niet in gelyke tyden:
#Text=
#Text=het geen voorheen bevrooren geweest was, bevroor veel schielyker dan het frissche.
3-1	484-486	De	
3-2	487-499	oppervlakten	
3-3	500-503	van	
3-4	504-506	de	
3-5	507-511	twee	
3-6	512-518	Bladen	
3-7	518-519	,	
3-8	520-523	die	
3-9	524-527	het	
3-10	528-532	lood	
3-11	533-540	raakten	
3-12	540-541	,	
3-13	542-551	bevrooren	
3-14	552-557	beide	
3-15	558-566	schielyk	
3-16	566-567	;	
3-17	568-572	maar	
3-18	573-576	die	
3-19	577-589	oppervlakten	
3-20	589-590	,	
3-21	591-596	welke	
3-22	597-599	in	
3-23	600-606	rechte	
3-24	607-613	hoeken	
3-25	614-622	opliepen	
3-26	622-623	,	
3-27	624-626	en	
3-28	627-633	daarom	
3-29	634-640	alleen	
3-30	641-645	door	
3-31	646-649	den	
3-32	650-656	kouden	
3-33	657-666	dampkring	
3-34	667-674	geraakt	
3-35	675-681	werden	
3-36	681-682	,	
3-37	683-692	bevrooren	
3-38	693-697	niet	
3-39	698-700	in	
3-40	701-707	gelyke	
3-41	708-713	tyden	
3-42	713-714	:	
3-43	716-719	het	
3-44	720-724	geen	
3-45	725-733	voorheen	
3-46	734-743	bevrooren	
3-47	744-751	geweest	
3-48	752-755	was	
3-49	755-756	,	
3-50	757-764	bevroor	
3-51	765-769	veel	
3-52	770-780	schielyker	
3-53	781-784	dan	
3-54	785-788	het	
3-55	789-797	frissche	
3-56	797-798	.	

#Text=De bovengemelde Proeve werd herhaald als het koude mengzel op 25.
#Text=24 Graaden
#Text=stondt, en de dampkring omtrent even koud was, met denzelfden uitslag; alleen
#Text=hadden de Bladen langer werk om te bevriezen, inzonderheid het versch geplukte.
4-1	801-803	De	
4-2	804-816	bovengemelde	
4-3	817-823	Proeve	
4-4	824-828	werd	
4-5	829-837	herhaald	
4-6	838-841	als	
4-7	842-845	het	
4-8	846-851	koude	
4-9	852-859	mengzel	
4-10	860-862	op	
4-11	863-865	25	
4-12	865-866	.	
4-13	867-869	24	
4-14	870-877	Graaden	
4-15	878-884	stondt	
4-16	884-885	,	
4-17	886-888	en	
4-18	889-891	de	
4-19	892-901	dampkring	
4-20	902-909	omtrent	
4-21	910-914	even	
4-22	915-919	koud	
4-23	920-923	was	
4-24	923-924	,	
4-25	925-928	met	
4-26	929-939	denzelfden	
4-27	940-947	uitslag	
4-28	947-948	;	
4-29	949-955	alleen	
4-30	956-962	hadden	
4-31	963-965	de	
4-32	966-972	Bladen	
4-33	973-979	langer	
4-34	980-984	werk	
4-35	985-987	om	
4-36	988-990	te	
4-37	991-1000	bevriezen	
4-38	1000-1001	,	
4-39	1002-1014	inzonderheid	
4-40	1015-1018	het	
4-41	1019-1025	versch	
4-42	1026-1034	geplukte	
4-43	1034-1035	.	

#Text=V.
5-1	1037-1038	V	
5-2	1038-1039	.	

#Text=De bovengemelde groeiende vogten in het looden vat bevrooren zynde,
#Text=wanneer het koude mengzel op 28 Graaden stondt, en de dampkring dezelfde maat
#Text=van koude hadt, werd een groeiende scheut van een Pynboom, en een Boomblad
#Text=op de oppervlakte gelegd:
#Text=daar eenige minuuten gelegen hebbende, bevonden wy
#Text=
#Text=dat ze de oppervlakte, waar op zy lagen, ontdooid hadden.
6-1	1040-1042	De	
6-2	1043-1055	bovengemelde	
6-3	1056-1065	groeiende	
6-4	1066-1072	vogten	
6-5	1073-1075	in	
6-6	1076-1079	het	
6-7	1080-1086	looden	
6-8	1087-1090	vat	
6-9	1091-1100	bevrooren	
6-10	1101-1106	zynde	
6-11	1106-1107	,	
6-12	1108-1115	wanneer	
6-13	1116-1119	het	
6-14	1120-1125	koude	
6-15	1126-1133	mengzel	
6-16	1134-1136	op	
6-17	1137-1139	28	
6-18	1140-1147	Graaden	
6-19	1148-1154	stondt	
6-20	1154-1155	,	
6-21	1156-1158	en	
6-22	1159-1161	de	
6-23	1162-1171	dampkring	
6-24	1172-1180	dezelfde	
6-25	1181-1185	maat	
6-26	1186-1189	van	
6-27	1190-1195	koude	
6-28	1196-1200	hadt	
6-29	1200-1201	,	
6-30	1202-1206	werd	
6-31	1207-1210	een	
6-32	1211-1220	groeiende	
6-33	1221-1227	scheut	
6-34	1228-1231	van	
6-35	1232-1235	een	
6-36	1236-1243	Pynboom	
6-37	1243-1244	,	
6-38	1245-1247	en	
6-39	1248-1251	een	
6-40	1252-1260	Boomblad	
6-41	1261-1263	op	
6-42	1264-1266	de	
6-43	1267-1278	oppervlakte	
6-44	1279-1285	gelegd	
6-45	1285-1286	:	
6-46	1287-1291	daar	
6-47	1292-1298	eenige	
6-48	1299-1307	minuuten	
6-49	1308-1315	gelegen	
6-50	1316-1324	hebbende	
6-51	1324-1325	,	
6-52	1326-1334	bevonden	
6-53	1335-1337	wy	
6-54	1339-1342	dat	
6-55	1343-1345	ze	
6-56	1346-1348	de	
6-57	1349-1360	oppervlakte	
6-58	1360-1361	,	
6-59	1362-1366	waar	
6-60	1367-1369	op	
6-61	1370-1372	zy	
6-62	1373-1378	lagen	
6-63	1378-1379	,	
6-64	1380-1388	ontdooid	
6-65	1389-1395	hadden	
6-66	1395-1396	.	

#Text=Dit dagt ik kon voortkomen
#Text=
#Text=van de grootere warmte deezer zelfstandigheden, op den tyd der nederligginge;
#Text=doch de scheut des Pynbooms
#Text=op een ander deel verplaatzende, zagen wy 't zelfde
#Text=uitwerkzel.
7-1	1397-1400	Dit	
7-2	1401-1405	dagt	
7-3	1406-1408	ik	
7-4	1409-1412	kon	
7-5	1413-1423	voortkomen	
7-6	1425-1428	van	
7-7	1429-1431	de	
7-8	1432-1440	grootere	
7-9	1441-1447	warmte	
7-10	1448-1454	deezer	
7-11	1455-1471	zelfstandigheden	
7-12	1471-1472	,	
7-13	1473-1475	op	
7-14	1476-1479	den	
7-15	1480-1483	tyd	
7-16	1484-1487	der	
7-17	1488-1501	nederligginge	
7-18	1501-1502	;	
7-19	1503-1507	doch	
7-20	1508-1510	de	
7-21	1511-1517	scheut	
7-22	1518-1521	des	
7-23	1522-1530	Pynbooms	
7-24	1531-1533	op	
7-25	1534-1537	een	
7-26	1538-1543	ander	
7-27	1544-1548	deel	
7-28	1549-1562	verplaatzende	
7-29	1562-1563	,	
7-30	1564-1569	zagen	
7-31	1570-1572	wy	
7-32	1573-1574	'	
7-33	1574-1575	t	
7-34	1576-1582	zelfde	
7-35	1583-1593	uitwerkzel	
7-36	1593-1594	.	

#Text=VI.
8-1	1596-1598	VI	
8-2	1598-1599	.	

#Text=Wy hadden een versch Boonblad nauwkeurig gewoogen, en bragten het daar
#Text=op in den kouden dampkring, waar het bevroos: in deezen bevrooren staat lagen
9-1	1600-1602	Wy	
9-2	1603-1609	hadden	
9-3	1610-1613	een	
9-4	1614-1620	versch	
9-5	1621-1629	Boonblad	
9-6	1630-1640	nauwkeurig	
9-7	1641-1649	gewoogen	
9-8	1649-1650	,	
9-9	1651-1653	en	
9-10	1654-1661	bragten	
9-11	1662-1665	het	
9-12	1666-1670	daar	
9-13	1671-1673	op	
9-14	1674-1676	in	
9-15	1677-1680	den	
9-16	1681-1687	kouden	
9-17	1688-1697	dampkring	
9-18	1697-1698	,	
9-19	1699-1703	waar	
9-20	1704-1707	het	
9-21	1708-1715	bevroos	
9-22	1715-1716	:	
9-23	1717-1719	in	
9-24	1720-1726	deezen	
9-25	1727-1736	bevrooren	
9-26	1737-1742	staat	
9-27	1743-1748	lagen	
