#FORMAT=WebAnno TSV 3.3
#T_SP=custom.Span|label
#T_RL=custom.Relation|label|BT_custom.Span


#Text=ti.
1-1	2-4	ti	_	_	_	
1-2	4-5	.	_	_	_	

#Text=Eo maturius venimus, ut esset otium lustrandi visendique regiam istam tuam, quam audimus undique miris deliciis uariam, nusquam non testari domini sui ingenium.
#Text=eu.
2-1	6-8	Eo	_	_	_	
2-2	9-17	maturius	_	_	_	
2-3	18-25	venimus	_	_	_	
2-4	25-26	,	_	_	_	
2-5	27-29	ut	_	_	_	
2-6	30-35	esset	_	_	_	
2-7	36-41	otium	_	_	_	
2-8	42-51	lustrandi	_	_	_	
2-9	52-62	visendique	_	_	_	
2-10	63-69	regiam	_	_	_	
2-11	70-75	istam	_	_	_	
2-12	76-80	tuam	_	_	_	
2-13	80-81	,	_	_	_	
2-14	82-86	quam	_	_	_	
2-15	87-94	audimus	_	_	_	
2-16	95-102	undique	_	_	_	
2-17	103-108	miris	_	_	_	
2-18	109-117	deliciis	_	_	_	
2-19	118-124	uariam	_	_	_	
2-20	124-125	,	_	_	_	
2-21	126-133	nusquam	_	_	_	
2-22	134-137	non	_	_	_	
2-23	138-145	testari	_	_	_	
2-24	146-152	domini	_	_	_	
2-25	153-156	sui	_	_	_	
2-26	157-165	ingenium	_	_	_	
2-27	165-166	.	_	_	_	
2-28	167-169	eu	_	_	_	
2-29	169-170	.	_	_	_	

#Text=Regiam spectabitis tali dignam rege.
3-1	171-177	Regiam	_	_	_	
3-2	178-189	spectabitis	_	_	_	
3-3	190-194	tali	_	_	_	
3-4	195-201	dignam	_	_	_	
3-5	202-206	rege	_	_	_	
3-6	206-207	.	_	_	_	

#Text=Mihi certe nidulus est quavis regia gratior.
4-1	208-212	Mihi	_	_	_	
4-2	213-218	certe	_	_	_	
4-3	219-226	nidulus	_	_	_	
4-4	227-230	est	_	_	_	
4-5	231-237	quavis	_	_	_	
4-6	238-243	regia	_	_	_	
4-7	244-251	gratior	_	_	_	
4-8	251-252	.	_	_	_	

#Text=Et si regnat, qui libere vivit ex animi sui sententia, hic plane regno.
5-1	253-255	Et	_	_	_	
5-2	256-258	si	_	_	_	
5-3	259-265	regnat	_	_	_	
5-4	265-266	,	_	_	_	
5-5	267-270	qui	_	_	_	
5-6	271-277	libere	_	_	_	
5-7	278-283	vivit	_	_	_	
5-8	284-286	ex	_	_	_	
5-9	287-292	animi	_	_	_	
5-10	293-296	sui	_	_	_	
5-11	297-306	sententia	_	_	_	
5-12	306-307	,	_	_	_	
5-13	308-311	hic	_	_	_	
5-14	312-317	plane	_	_	_	
5-15	318-323	regno	_	_	_	
5-16	323-324	.	_	_	_	

#Text=Sed praestat, opinor interim, dum culinae praefecta parat holusculum, et adhuc moderatus est solis calor, visere hortos nostros.
#Text=ti.
6-1	325-328	Sed	_	_	_	
6-2	329-337	praestat	_	_	_	
6-3	337-338	,	_	_	_	
6-4	339-345	opinor	_	_	_	
6-5	346-353	interim	_	_	_	
6-6	353-354	,	_	_	_	
6-7	355-358	dum	_	_	_	
6-8	359-366	culinae	_	_	_	
6-9	367-376	praefecta	_	_	_	
6-10	377-382	parat	_	_	_	
6-11	383-393	holusculum	_	_	_	
6-12	393-394	,	_	_	_	
6-13	395-397	et	_	_	_	
6-14	398-403	adhuc	_	_	_	
6-15	404-413	moderatus	_	_	_	
6-16	414-417	est	_	_	_	
6-17	418-423	solis	_	_	_	
6-18	424-429	calor	_	_	_	
6-19	429-430	,	_	_	_	
6-20	431-437	visere	_	_	_	
6-21	438-444	hortos	_	_	_	
6-22	445-452	nostros	_	_	_	
6-23	452-453	.	_	_	_	
6-24	454-456	ti	_	_	_	
6-25	456-457	.	_	_	_	

#Text=Est alius praeter hunc?
7-1	458-461	Est	_	_	_	
7-2	462-467	alius	_	_	_	
7-3	468-475	praeter	_	_	_	
7-4	476-480	hunc	_	_	_	
7-5	480-481	?	_	_	_	

#Text=Nam hic sane mire cultus blandissimo aspectu statim ingredientes salutat et comiter excipit.
#Text=eu.
8-1	482-485	Nam	_	_	_	
8-2	486-489	hic	_	_	_	
8-3	490-494	sane	_	_	_	
8-4	495-499	mire	_	_	_	
8-5	500-506	cultus	_	_	_	
8-6	507-518	blandissimo	_	_	_	
8-7	519-526	aspectu	_	_	_	
8-8	527-533	statim	_	_	_	
8-9	534-546	ingredientes	_	_	_	
8-10	547-554	salutat	_	_	_	
8-11	555-557	et	_	_	_	
8-12	558-565	comiter	_	_	_	
8-13	566-573	excipit	_	_	_	
8-14	573-574	.	_	_	_	
8-15	575-577	eu	_	_	_	
8-16	577-578	.	_	_	_	

#Text=Hinc igitur decerpat sibi quisque flosculos ac frondes aliquot, ne quid offendat domus paedor.
9-1	579-583	Hinc	_	_	_	
9-2	584-590	igitur	_	_	_	
9-3	591-599	decerpat	_	_	_	
9-4	600-604	sibi	_	_	_	
9-5	605-612	quisque	_	_	_	
9-6	613-622	flosculos	_	_	_	
9-7	623-625	ac	_	_	_	
9-8	626-633	frondes	_	_	_	
9-9	634-641	aliquot	_	_	_	
9-10	641-642	,	_	_	_	
9-11	643-645	ne	Effect[1]	_	_	
9-12	646-650	quid	Effect[1]	_	_	
9-13	651-659	offendat	Effect[1]	_	_	
9-14	660-665	domus	Smell\_Source	_	_	
9-15	666-672	paedor	Smell\_Word	*|*	9-14|9-11[1_0]	
9-16	672-673	.	_	_	_	

#Text=Non idem odor aeque gratus omnibus.
10-1	674-677	Non	_	_	_	
10-2	678-682	idem	_	_	_	
10-3	683-687	odor	Smell\_Word	*|*	10-4[2_0]|10-6	
10-4	688-693	aeque	Quality[2]	_	_	
10-5	694-700	gratus	Quality[2]	_	_	
10-6	701-708	omnibus	Perceiver	_	_	
10-7	708-709	.	_	_	_	

#Text=Quare sibi quisque deligat.
11-1	710-715	Quare	_	_	_	
11-2	716-720	sibi	_	_	_	
11-3	721-728	quisque	_	_	_	
11-4	729-736	deligat	_	_	_	
11-5	736-737	.	_	_	_	

#Text=Ne parcite.
12-1	738-740	Ne	_	_	_	
12-2	741-748	parcite	_	_	_	
12-3	748-749	.	_	_	_	

#Text=Nam quicquid hic nascitur, pene publicum esse patior.
13-1	750-753	Nam	_	_	_	
13-2	754-762	quicquid	_	_	_	
13-3	763-766	hic	_	_	_	
13-4	767-775	nascitur	_	_	_	
13-5	775-776	,	_	_	_	
13-6	777-781	pene	_	_	_	
13-7	782-790	publicum	_	_	_	
13-8	791-795	esse	_	_	_	
13-9	796-802	patior	_	_	_	
13-10	802-803	.	_	_	_	

#Text=Neque enim unquam clauditur ostium huius vestibuli, nisi noctu.
#Text=ti.
14-1	804-809	Neque	_	_	_	
14-2	810-814	enim	_	_	_	
14-3	815-821	unquam	_	_	_	
14-4	822-831	clauditur	_	_	_	
14-5	832-838	ostium	_	_	_	
14-6	839-844	huius	_	_	_	
14-7	845-854	vestibuli	_	_	_	
14-8	854-855	,	_	_	_	
14-9	856-860	nisi	_	_	_	
14-10	861-866	noctu	_	_	_	
14-11	866-867	.	_	_	_	
14-12	868-870	ti	_	_	_	
14-13	870-871	.	_	_	_	

#Text=En tibi in ostio Petrus.
#Text=eu.
15-1	872-874	En	_	_	_	
15-2	875-879	tibi	_	_	_	
15-3	880-882	in	_	_	_	
15-4	883-888	ostio	_	_	_	
15-5	889-895	Petrus	_	_	_	
15-6	895-896	.	_	_	_	
15-7	897-899	eu	_	_	_	
15-8	899-900	.	_	_	_	

#Text=Hunc ego malo ianitorem, quam Mercurios, Centauros, aliaque portenta, quae quidam pingunt in foribus suis.
#Text=ti.
16-1	901-905	Hunc	_	_	_	
16-2	906-909	ego	_	_	_	
16-3	910-914	malo	_	_	_	
16-4	915-924	ianitorem	_	_	_	
16-5	924-925	,	_	_	_	
16-6	926-930	quam	_	_	_	
16-7	931-940	Mercurios	_	_	_	
16-8	940-941	,	_	_	_	
16-9	942-951	Centauros	_	_	_	
16-10	951-952	,	_	_	_	
16-11	953-960	aliaque	_	_	_	
16-12	961-969	portenta	_	_	_	
16-13	969-970	,	_	_	_	
16-14	971-975	quae	_	_	_	
16-15	976-982	quidam	_	_	_	
16-16	983-990	pingunt	_	_	_	
16-17	991-993	in	_	_	_	
16-18	994-1001	foribus	_	_	_	
16-19	1002-1006	suis	_	_	_	
16-20	1006-1007	.	_	_	_	
16-21	1008-1010	ti	_	_	_	
16-22	1010-1011	.	_	_	_	
