#FORMAT=WebAnno TSV 3.3


#Text=Als t nieuwe Maan is, 
#Text=of staat te worden,
#Text=
#Text=
#Text=scheemering by nacht.
1-1	0-3	Als	
1-2	4-5	t	
1-3	6-12	nieuwe	
1-4	13-17	Maan	
1-5	18-20	is	
1-6	20-21	,	
1-7	23-25	of	
1-8	26-31	staat	
1-9	32-34	te	
1-10	35-41	worden	
1-11	41-42	,	
1-12	45-56	scheemering	
1-13	57-59	by	
1-14	60-65	nacht	
1-15	65-66	.	

#Text=vertoont er zich een licht, byna als of de Maan vol was, en hoe donkerder deeze 
#Text=nachten zijn, zoo veel te helderder dit licht schijnt.
2-1	74-82	vertoont	
2-2	83-85	er	
2-3	86-90	zich	
2-4	91-94	een	
2-5	95-100	licht	
2-6	100-101	,	
2-7	102-106	byna	
2-8	107-110	als	
2-9	111-113	of	
2-10	114-116	de	
2-11	117-121	Maan	
2-12	122-125	vol	
2-13	126-129	was	
2-14	129-130	,	
2-15	131-133	en	
2-16	134-137	hoe	
2-17	138-147	donkerder	
2-18	148-153	deeze	
2-19	155-162	nachten	
2-20	163-167	zijn	
2-21	167-168	,	
2-22	169-172	zoo	
2-23	173-177	veel	
2-24	178-180	te	
2-25	181-190	helderder	
2-26	191-194	dit	
2-27	195-200	licht	
2-28	201-208	schijnt	
2-29	208-209	.	

#Text=Dit licht komt uit het Noorden, 
#Text=waarom het een Noorderlicht word genoemt.
#Text=t Vertoont zich als een schijnsel van 
#Text=Vuur, strekkende opwaarts in de lucht uit.
3-1	210-213	Dit	
3-2	214-219	licht	
3-3	220-224	komt	
3-4	225-228	uit	
3-5	229-232	het	
3-6	233-240	Noorden	
3-7	240-241	,	
3-8	243-249	waarom	
3-9	250-253	het	
3-10	254-257	een	
3-11	258-270	Noorderlicht	
3-12	271-275	word	
3-13	276-283	genoemt	
3-14	283-284	.	
3-15	285-286	t	
3-16	287-295	Vertoont	
3-17	296-300	zich	
3-18	301-304	als	
3-19	305-308	een	
3-20	309-318	schijnsel	
3-21	319-322	van	
3-22	324-328	Vuur	
3-23	328-329	,	
3-24	330-340	strekkende	
3-25	341-349	opwaarts	
3-26	350-352	in	
3-27	353-355	de	
3-28	356-361	lucht	
3-29	362-365	uit	
3-30	365-366	.	

#Text=Het verandert allenks van plaats, latende 
#Text=telkens een damp achter.
4-1	367-370	Het	
4-2	371-380	verandert	
4-3	381-388	allenks	
4-4	389-392	van	
4-5	393-399	plaats	
4-6	399-400	,	
4-7	401-408	latende	
4-8	410-417	telkens	
4-9	418-421	een	
4-10	422-426	damp	
4-11	427-433	achter	
4-12	433-434	.	

#Text=Dit Noorderlicht schijnt de gantsche nacht, en verdwijnt 
#Text=met de opgaande Zon.
5-1	435-438	Dit	
5-2	439-451	Noorderlicht	
5-3	452-459	schijnt	
5-4	460-462	de	
5-5	463-471	gantsche	
5-6	472-477	nacht	
5-7	477-478	,	
5-8	479-481	en	
5-9	482-491	verdwijnt	
5-10	493-496	met	
5-11	497-499	de	
5-12	500-508	opgaande	
5-13	509-512	Zon	
5-14	512-513	.	

#Text=Men verzekert dat dit licht insgelijks in Yslandt en Noorwegen 
#Text=gezien word, wanneer t helder weer is, en de lucht door geen nevels betrokken.
6-1	514-517	Men	
6-2	518-527	verzekert	
6-3	528-531	dat	
6-4	532-535	dit	
6-5	536-541	licht	
6-6	542-552	insgelijks	
6-7	553-555	in	
6-8	556-563	Yslandt	
6-9	564-566	en	
6-10	567-576	Noorwegen	
6-11	578-584	gezien	
6-12	585-589	word	
6-13	589-590	,	
6-14	591-598	wanneer	
6-15	599-600	t	
6-16	601-607	helder	
6-17	608-612	weer	
6-18	613-615	is	
6-19	615-616	,	
6-20	617-619	en	
6-21	620-622	de	
6-22	623-628	lucht	
6-23	629-633	door	
6-24	634-638	geen	
6-25	639-645	nevels	
6-26	646-655	betrokken	
6-27	655-656	.	

#Text=Het 
#Text=verlicht dan alleen die geenen, die de Gewesten van den Circulus Arcticus bewoonen.
7-1	657-660	Het	
7-2	662-670	verlicht	
7-3	671-674	dan	
7-4	675-681	alleen	
7-5	682-685	die	
7-6	686-692	geenen	
7-7	692-693	,	
7-8	694-697	die	
7-9	698-700	de	
7-10	701-709	Gewesten	
7-11	710-713	van	
7-12	714-717	den	
7-13	718-726	Circulus	
7-14	727-735	Arcticus	
7-15	736-744	bewoonen	
7-16	744-745	.	

#Text=t Staat
#Text=den Natuurkundigen
#Text=tonderzoeken, waar uit dit verschijnsel zijnen ooirsprong 
#Text=heeft, en of het uit de opgeheven dampen der aarde, die door haare beweeging 
#Text=ontsteken, voortkomt, met zodanig een snelte als de ontsteeken verhevelingen die 
#Text=gints en herwaarts uit de lucht vallen, of als dwaallichten die zich elders vertoonen.
8-1	747-748	t	
8-2	749-754	Staat	
8-3	755-758	den	
8-4	759-773	Natuurkundigen	
8-5	774-786	tonderzoeken	
8-6	786-787	,	
8-7	788-792	waar	
8-8	793-796	uit	
8-9	797-800	dit	
8-10	801-813	verschijnsel	
8-11	814-820	zijnen	
8-12	821-831	ooirsprong	
8-13	833-838	heeft	
8-14	838-839	,	
8-15	840-842	en	
8-16	843-845	of	
8-17	846-849	het	
8-18	850-853	uit	
8-19	854-856	de	
8-20	857-866	opgeheven	
8-21	867-873	dampen	
8-22	874-877	der	
8-23	878-883	aarde	
8-24	883-884	,	
8-25	885-888	die	
8-26	889-893	door	
8-27	894-899	haare	
8-28	900-909	beweeging	
8-29	911-920	ontsteken	
8-30	920-921	,	
8-31	922-931	voortkomt	
8-32	931-932	,	
8-33	933-936	met	
8-34	937-944	zodanig	
8-35	945-948	een	
8-36	949-955	snelte	
8-37	956-959	als	
8-38	960-962	de	
8-39	963-973	ontsteeken	
8-40	974-987	verhevelingen	
8-41	988-991	die	
8-42	993-998	gints	
8-43	999-1001	en	
8-44	1002-1011	herwaarts	
8-45	1012-1015	uit	
8-46	1016-1018	de	
8-47	1019-1024	lucht	
8-48	1025-1031	vallen	
8-49	1031-1032	,	
8-50	1033-1035	of	
8-51	1036-1039	als	
8-52	1040-1052	dwaallichten	
8-53	1053-1056	die	
8-54	1057-1061	zich	
8-55	1062-1068	elders	
8-56	1069-1078	vertoonen	
8-57	1078-1079	.	

#Text=Dit
#Text=Licht is ongetwijffelt het zelve t geen de Heer Gassendi dikmaals heeft
#Text=waargenomen, en de Noorder Dageraat genoemt;
#Text=van welk Noorderlicht wy in t 
#Text=derde Deel breeder handelen zullen
9-1	1082-1085	Dit	
9-2	1086-1091	Licht	
9-3	1092-1094	is	
9-4	1095-1108	ongetwijffelt	
9-5	1109-1112	het	
9-6	1113-1118	zelve	
9-7	1119-1120	t	
9-8	1121-1125	geen	
9-9	1126-1128	de	
9-10	1129-1133	Heer	
9-11	1134-1142	Gassendi	
9-12	1143-1151	dikmaals	
9-13	1152-1157	heeft	
9-14	1158-1169	waargenomen	
9-15	1169-1170	,	
9-16	1171-1173	en	
9-17	1174-1176	de	
9-18	1177-1184	Noorder	
9-19	1185-1193	Dageraat	
9-20	1194-1201	genoemt	
9-21	1201-1202	;	
9-22	1203-1206	van	
9-23	1207-1211	welk	
9-24	1212-1224	Noorderlicht	
9-25	1225-1227	wy	
9-26	1228-1230	in	
9-27	1231-1232	t	
9-28	1234-1239	derde	
9-29	1240-1244	Deel	
9-30	1245-1252	breeder	
9-31	1253-1261	handelen	
9-32	1262-1268	zullen	

#Text=.
10-1	1268-1269	.	

#Text=+
#Text=De Deensche Kronyk melt, dat in t jaar 1271 een sterke Noordooste wind, zeer 
#Text=veel ys naar Yslandt dreef, waar op veele Beeren waren, als meede dat er zeer
#Text=
#Text=
#Text=
#Text=
#Text=
#Text=
#Text=
#Text=
#Text=
#Text=
#Text=
#Text=
#Text=
#Text=
#Text=
#Text=
#Text=
#Text=
#Text=
#Text=
#Text=+Vruchtelooze ontdekkingen
#Text=
#Text=
#Text=
#Text=veel hout aan den oever geworpen wierd, zulks men geloofde, wat men ten Westen 
#Text=van Groenlandt ontdekt had, gantsch Groenlandt niet was, en dat zich dit Landt 
#Text=verder ten Noordoosten uitstrekte.
11-1	1276-1277	+	
11-2	1278-1280	De	
11-3	1281-1289	Deensche	
11-4	1290-1296	Kronyk	
11-5	1297-1301	melt	
11-6	1301-1302	,	
11-7	1303-1306	dat	
11-8	1307-1309	in	
11-9	1310-1311	t	
11-10	1312-1316	jaar	
11-11	1317-1321	1271	
11-12	1322-1325	een	
11-13	1326-1332	sterke	
11-14	1333-1343	Noordooste	
11-15	1344-1348	wind	
11-16	1348-1349	,	
11-17	1350-1354	zeer	
11-18	1356-1360	veel	
11-19	1361-1363	ys	
11-20	1364-1368	naar	
11-21	1369-1376	Yslandt	
11-22	1377-1382	dreef	
11-23	1382-1383	,	
11-24	1384-1388	waar	
11-25	1389-1391	op	
11-26	1392-1397	veele	
11-27	1398-1404	Beeren	
11-28	1405-1410	waren	
11-29	1410-1411	,	
11-30	1412-1415	als	
11-31	1416-1421	meede	
11-32	1422-1425	dat	
11-33	1426-1428	er	
11-34	1429-1433	zeer	
11-35	1454-1455	+	
11-36	1455-1467	Vruchtelooze	
11-37	1468-1480	ontdekkingen	
11-38	1484-1488	veel	
11-39	1489-1493	hout	
11-40	1494-1497	aan	
11-41	1498-1501	den	
11-42	1502-1507	oever	
11-43	1508-1516	geworpen	
11-44	1517-1522	wierd	
11-45	1522-1523	,	
11-46	1524-1529	zulks	
11-47	1530-1533	men	
11-48	1534-1542	geloofde	
11-49	1542-1543	,	
11-50	1544-1547	wat	
11-51	1548-1551	men	
11-52	1552-1555	ten	
11-53	1556-1562	Westen	
11-54	1564-1567	van	
11-55	1568-1578	Groenlandt	
11-56	1579-1586	ontdekt	
11-57	1587-1590	had	
11-58	1590-1591	,	
11-59	1592-1599	gantsch	
11-60	1600-1610	Groenlandt	
11-61	1611-1615	niet	
11-62	1616-1619	was	
11-63	1619-1620	,	
11-64	1621-1623	en	
11-65	1624-1627	dat	
11-66	1628-1632	zich	
11-67	1633-1636	dit	
11-68	1637-1642	Landt	
11-69	1644-1650	verder	
11-70	1651-1654	ten	
11-71	1655-1666	Noordoosten	
11-72	1667-1677	uitstrekte	
11-73	1677-1678	.	

#Text=Dit deed eenige Yslanders besluiten deeze 
#Text=ontdekking na te speuren, maar werden door t ys verhindert.
12-1	1679-1682	Dit	
12-2	1683-1687	deed	
12-3	1688-1694	eenige	
12-4	1695-1704	Yslanders	
12-5	1705-1714	besluiten	
12-6	1715-1720	deeze	
12-7	1722-1732	ontdekking	
12-8	1733-1735	na	
12-9	1736-1738	te	
12-10	1739-1746	speuren	
12-11	1746-1747	,	
12-12	1748-1752	maar	
12-13	1753-1759	werden	
12-14	1760-1764	door	
12-15	1765-1766	t	
12-16	1767-1769	ys	
12-17	1770-1780	verhindert	
12-18	1780-1781	.	
