#FORMAT=WebAnno TSV 3.3


#Text=tus quisquer poteric vfum mam fragrantiam ; quami aliqui praedicant, non fpi.
#Text=saveuil :91910 oto:
#Text=
#Text=Hinc factum esse opinor, bon vfurpa ve veteres eam , atque adeo Saguenta .
#Text=zibechum & mofchum net glexerit.
1-1	2-5	tus	
1-2	6-14	quisquer	
1-3	15-22	poteric	
1-4	23-27	vfum	
1-5	28-31	mam	
1-6	32-43	fragrantiam	
1-7	44-45	;	
1-8	46-51	quami	
1-9	52-58	aliqui	
1-10	59-69	praedicant	
1-11	69-70	,	
1-12	71-74	non	
1-13	75-78	fpi	
1-14	78-79	.	
1-15	80-87	saveuil	
1-16	88-89	:	
1-17	89-94	91910	
1-18	95-98	oto	
1-19	98-99	:	
1-20	101-105	Hinc	
1-21	106-112	factum	
1-22	113-117	esse	
1-23	118-124	opinor	
1-24	124-125	,	
1-25	126-129	bon	
1-26	130-136	vfurpa	
1-27	137-139	ve	
1-28	140-147	veteres	
1-29	148-151	eam	
1-30	152-153	,	
1-31	154-159	atque	
1-32	160-164	adeo	
1-33	165-173	Saguenta	
1-34	174-175	.	
1-35	176-184	zibechum	
1-36	185-186	&	
1-37	187-194	mofchum	
1-38	195-198	net	
1-39	199-207	glexerit	
1-40	207-208	.	

#Text=Neque enim edi.
2-1	209-214	Neque	
2-2	215-219	enim	
2-3	220-223	edi	
2-4	223-224	.	

#Text=Cur vete.
#Text=res ambra
#Text=
#Text=
#Text=
#Text=
#Text=
#Text=gaita,
#Text=
#Text=
#Text=
#Text=de nasca.
#Text=stimandum eft,vt aliqui fálSò existimasse vidétur, haec Ambra mo: pura fynceraque antiquitùs hos albe non fuisse , fed non fecus ac quitus cod opere aliquo; & artificio fa.
#Text=da, noftris temporibus in vniuerfitatem rerum emanal fe Etenim ambra, siue sit Ambra yabalenae semen, vt nonnul- tur : li arbitrati funt ; fiue fter cus quarundam auium :O doriferis herbis educatarú, in fcopulis agglutinatum; fiue pungi cuiųldam marini species, d'fundo, vbi na.
#Text=fcitur,agitatione maris eru.
#Text=ta, frie; quod
#Text=
#Text=Ronodaco pla cet; fic bituminis quoddam getnis, e maris alueo pro
#Text=
#Text=cel.
#Text=minatur,
#Text=
#Text=
#Text=
#Text=pram odoraberis , vix quic quam fenties w quod nares obiectet.
#Text=fi demum liquo It mollitum frices, bene
#Text=
#Text=elere percipies; non tamen Ambra exa fuauissime.
3-1	225-228	Cur	
3-2	229-233	vete	
3-3	233-234	.	
3-4	235-238	res	
3-5	239-244	ambra	
3-6	250-255	gaita	
3-7	255-256	,	
3-8	260-262	de	
3-9	263-268	nasca	
3-10	268-269	.	
3-11	270-279	stimandum	
3-12	280-283	eft	
3-13	283-284	,	
3-14	284-286	vt	
3-15	287-293	aliqui	
3-16	294-299	fálSò	
3-17	300-311	existimasse	
3-18	312-319	vidétur	
3-19	319-320	,	
3-20	321-325	haec	
3-21	326-331	Ambra	
3-22	332-334	mo	
3-23	334-335	:	
3-24	336-340	pura	
3-25	341-351	fynceraque	
3-26	352-362	antiquitùs	
3-27	363-366	hos	
3-28	367-371	albe	
3-29	372-375	non	
3-30	376-382	fuisse	
3-31	383-384	,	
3-32	385-388	fed	
3-33	389-392	non	
3-34	393-398	fecus	
3-35	399-401	ac	
3-36	402-408	quitus	
3-37	409-412	cod	
3-38	413-418	opere	
3-39	419-425	aliquo	
3-40	425-426	;	
3-41	427-428	&	
3-42	429-438	artificio	
3-43	439-441	fa	
3-44	441-442	.	
3-45	443-445	da	
3-46	445-446	,	
3-47	447-454	noftris	
3-48	455-465	temporibus	
3-49	466-468	in	
3-50	469-482	vniuerfitatem	
3-51	483-488	rerum	
3-52	489-495	emanal	
3-53	496-498	fe	
3-54	499-505	Etenim	
3-55	506-511	ambra	
3-56	511-512	,	
3-57	513-517	siue	
3-58	518-521	sit	
3-59	522-527	Ambra	
3-60	528-537	yabalenae	
3-61	538-543	semen	
3-62	543-544	,	
3-63	545-547	vt	
3-64	548-554	nonnul	
3-65	554-555	-	
3-66	556-559	tur	
3-67	560-561	:	
3-68	562-564	li	
3-69	565-574	arbitrati	
3-70	575-579	funt	
3-71	580-581	;	
3-72	582-586	fiue	
3-73	587-591	fter	
3-74	592-595	cus	
3-75	596-605	quarundam	
3-76	606-611	auium	
3-77	612-613	:	
3-78	613-614	O	
3-79	615-624	doriferis	
3-80	625-631	herbis	
3-81	632-641	educatarú	
3-82	641-642	,	
3-83	643-645	in	
3-84	646-654	fcopulis	
3-85	655-667	agglutinatum	
3-86	667-668	;	
3-87	669-673	fiue	
3-88	674-679	pungi	
3-89	680-688	cuiųldam	
3-90	689-695	marini	
3-91	696-703	species	
3-92	703-704	,	
3-93	705-712	d'fundo	
3-94	712-713	,	
3-95	714-717	vbi	
3-96	718-720	na	
3-97	720-721	.	
3-98	722-728	fcitur	
3-99	728-729	,	
3-100	729-739	agitatione	
3-101	740-745	maris	
3-102	746-749	eru	
3-103	749-750	.	
3-104	751-753	ta	
3-105	753-754	,	
3-106	755-759	frie	
3-107	759-760	;	
3-108	761-765	quod	
3-109	767-775	Ronodaco	
3-110	776-779	pla	
3-111	780-783	cet	
3-112	783-784	;	
3-113	785-788	fic	
3-114	789-798	bituminis	
3-115	799-806	quoddam	
3-116	807-813	getnis	
3-117	813-814	,	
3-118	815-816	e	
3-119	817-822	maris	
3-120	823-828	alueo	
3-121	829-832	pro	
3-122	834-837	cel	
3-123	837-838	.	
3-124	839-846	minatur	
3-125	846-847	,	
3-126	851-855	pram	
3-127	856-866	odoraberis	
3-128	867-868	,	
3-129	869-872	vix	
3-130	873-877	quic	
3-131	878-882	quam	
3-132	883-890	fenties	
3-133	891-892	w	
3-134	893-897	quod	
3-135	898-903	nares	
3-136	904-912	obiectet	
3-137	912-913	.	
3-138	914-916	fi	
3-139	917-922	demum	
3-140	923-928	liquo	
3-141	929-931	It	
3-142	932-940	mollitum	
3-143	941-947	frices	
3-144	947-948	,	
3-145	949-953	bene	
3-146	955-960	elere	
3-147	961-970	percipies	
3-148	970-971	;	
3-149	972-975	non	
3-150	976-981	tamen	
3-151	982-987	Ambra	
3-152	988-991	exa	
3-153	992-1002	fuauissime	
3-154	1002-1003	.	

#Text=At verò Am
#Text=
#Text=baignaua planè eft pura
#Text=
#Text=ac loliçaria; quam cum opti: 31 Maalta adoratus fatevis,vix di
#Text=
#Text=cere audeas, quid verè fpia ret; certè affirmare vel iumai ous- quisques poterit firm nam fragrantiam , quamli aliqui praedicant, non fpi
#Text=
#Text=pares, 19in orat: res ambrä - Hinc factum esse opinor, bon vfurpa ve veteres cam , atque adeò enguenta .
#Text=zibethum & mofchum met glewerikt.
4-1	1004-1006	At	
4-2	1007-1011	verò	
4-3	1012-1014	Am	
4-4	1016-1024	baignaua	
4-5	1025-1030	planè	
4-6	1031-1034	eft	
4-7	1035-1039	pura	
4-8	1041-1043	ac	
4-9	1044-1053	loliçaria	
4-10	1053-1054	;	
4-11	1055-1059	quam	
4-12	1060-1063	cum	
4-13	1064-1068	opti	
4-14	1068-1069	:	
4-15	1070-1072	31	
4-16	1073-1079	Maalta	
4-17	1080-1088	adoratus	
4-18	1089-1096	fatevis	
4-19	1096-1097	,	
4-20	1097-1100	vix	
4-21	1101-1103	di	
4-22	1105-1109	cere	
4-23	1110-1116	audeas	
4-24	1116-1117	,	
4-25	1118-1122	quid	
4-26	1123-1127	verè	
4-27	1128-1132	fpia	
4-28	1133-1136	ret	
4-29	1136-1137	;	
4-30	1138-1143	certè	
4-31	1144-1153	affirmare	
4-32	1154-1157	vel	
4-33	1158-1163	iumai	
4-34	1164-1167	ous	
4-35	1167-1168	-	
4-36	1169-1177	quisques	
4-37	1178-1185	poterit	
4-38	1186-1190	firm	
4-39	1191-1194	nam	
4-40	1195-1206	fragrantiam	
4-41	1207-1208	,	
4-42	1209-1215	quamli	
4-43	1216-1222	aliqui	
4-44	1223-1233	praedicant	
4-45	1233-1234	,	
4-46	1235-1238	non	
4-47	1239-1242	fpi	
4-48	1244-1249	pares	
4-49	1249-1250	,	
4-50	1251-1255	19in	
4-51	1256-1260	orat	
4-52	1260-1261	:	
4-53	1262-1265	res	
4-54	1266-1271	ambrä	
4-55	1272-1273	-	
4-56	1274-1278	Hinc	
4-57	1279-1285	factum	
4-58	1286-1290	esse	
4-59	1291-1297	opinor	
4-60	1297-1298	,	
4-61	1299-1302	bon	
4-62	1303-1309	vfurpa	
4-63	1310-1312	ve	
4-64	1313-1320	veteres	
4-65	1321-1324	cam	
4-66	1325-1326	,	
4-67	1327-1332	atque	
4-68	1333-1337	adeò	
4-69	1338-1346	enguenta	
4-70	1347-1348	.	
4-71	1349-1357	zibethum	
4-72	1358-1359	&	
4-73	1360-1367	mofchum	
4-74	1368-1371	met	
4-75	1372-1381	glewerikt	
4-76	1381-1382	.	

#Text=Neque enim
#Text=
#Text=escia
#Text=
#Text=, IST
#Text=
#Text=Iti
#Text=
#Text=
#Text=
#Text=1
#Text=
#Text=
#Text=
#Text=Cur vete.
#Text=gnita,
#Text=
#Text=
#Text=
#Text=de nasca.
#Text=stimandum eft,vtaliqui falsò existimasse vidétur, haec Ambra mo.
#Text=pura lynceraque antiquitùs (hus albe non fuisse , fed non fecus ac quitus coc opere aliquo, & artificio fa.
#Text=da,noftris temporibus in vniuerfitatem rerum emanaf fe Etenim ambra , fiue fit Ambra vnbalenae semen, vt nonnul- tur li arbitrati funt ; fiue fter cus:quarundam auium ,0 doriferis herbis educatarú, in fcopulis agglutinarum; fiue fungi cuiųldam maria ni species, d fundo, vbi na.
#Text=scicur,agitatione maris eruta, fnis, quod Renodaco pla cet; fic bituminis quoddam getuisje maris aluco pro
#Text=
#Text=cel
#Text=
#Text=
#Text=
#Text=
#Text=
#Text=per fuiff
#Text=
#Text=
#Text=
#Text=cellarum vi in littus eiectu; e nunquam profectò nó fuic; Ambrá fem alienum enim
#Text=
#Text=eft existinia , probátur.
5-1	1383-1388	Neque	
5-2	1389-1393	enim	
5-3	1395-1400	escia	
5-4	1402-1403	,	
5-5	1404-1407	IST	
5-6	1409-1412	Iti	
5-7	1416-1417	1	
5-8	1421-1424	Cur	
5-9	1425-1429	vete	
5-10	1429-1430	.	
5-11	1431-1436	gnita	
5-12	1436-1437	,	
5-13	1441-1443	de	
5-14	1444-1449	nasca	
5-15	1449-1450	.	
5-16	1451-1460	stimandum	
5-17	1461-1464	eft	
5-18	1464-1465	,	
5-19	1465-1473	vtaliqui	
5-20	1474-1479	falsò	
5-21	1480-1491	existimasse	
5-22	1492-1499	vidétur	
5-23	1499-1500	,	
5-24	1501-1505	haec	
5-25	1506-1511	Ambra	
5-26	1512-1514	mo	
5-27	1514-1515	.	
5-28	1516-1520	pura	
5-29	1521-1531	lynceraque	
5-30	1532-1542	antiquitùs	
5-31	1543-1544	(	
5-32	1544-1547	hus	
5-33	1548-1552	albe	
5-34	1553-1556	non	
5-35	1557-1563	fuisse	
5-36	1564-1565	,	
5-37	1566-1569	fed	
5-38	1570-1573	non	
5-39	1574-1579	fecus	
5-40	1580-1582	ac	
5-41	1583-1589	quitus	
5-42	1590-1593	coc	
5-43	1594-1599	opere	
5-44	1600-1606	aliquo	
5-45	1606-1607	,	
5-46	1608-1609	&	
5-47	1610-1619	artificio	
5-48	1620-1622	fa	
5-49	1622-1623	.	
5-50	1624-1626	da	
5-51	1626-1627	,	
5-52	1627-1634	noftris	
5-53	1635-1645	temporibus	
5-54	1646-1648	in	
5-55	1649-1662	vniuerfitatem	
5-56	1663-1668	rerum	
5-57	1669-1675	emanaf	
5-58	1676-1678	fe	
5-59	1679-1685	Etenim	
5-60	1686-1691	ambra	
5-61	1692-1693	,	
5-62	1694-1698	fiue	
5-63	1699-1702	fit	
5-64	1703-1708	Ambra	
5-65	1709-1718	vnbalenae	
5-66	1719-1724	semen	
5-67	1724-1725	,	
5-68	1726-1728	vt	
5-69	1729-1735	nonnul	
5-70	1735-1736	-	
5-71	1737-1740	tur	
5-72	1741-1743	li	
5-73	1744-1753	arbitrati	
5-74	1754-1758	funt	
5-75	1759-1760	;	
5-76	1761-1765	fiue	
5-77	1766-1770	fter	
5-78	1771-1774	cus	
5-79	1774-1775	:	
5-80	1775-1784	quarundam	
5-81	1785-1790	auium	
5-82	1791-1792	,	
5-83	1792-1793	0	
5-84	1794-1803	doriferis	
5-85	1804-1810	herbis	
5-86	1811-1820	educatarú	
5-87	1820-1821	,	
5-88	1822-1824	in	
5-89	1825-1833	fcopulis	
5-90	1834-1846	agglutinarum	
5-91	1846-1847	;	
5-92	1848-1852	fiue	
5-93	1853-1858	fungi	
5-94	1859-1867	cuiųldam	
5-95	1868-1873	maria	
5-96	1874-1876	ni	
5-97	1877-1884	species	
5-98	1884-1885	,	
5-99	1886-1887	d	
5-100	1888-1893	fundo	
5-101	1893-1894	,	
5-102	1895-1898	vbi	
5-103	1899-1901	na	
5-104	1901-1902	.	
5-105	1903-1909	scicur	
5-106	1909-1910	,	
5-107	1910-1920	agitatione	
5-108	1921-1926	maris	
5-109	1927-1932	eruta	
5-110	1932-1933	,	
5-111	1934-1938	fnis	
5-112	1938-1939	,	
5-113	1940-1944	quod	
5-114	1945-1953	Renodaco	
5-115	1954-1957	pla	
5-116	1958-1961	cet	
5-117	1961-1962	;	
5-118	1963-1966	fic	
5-119	1967-1976	bituminis	
5-120	1977-1984	quoddam	
5-121	1985-1993	getuisje	
5-122	1994-1999	maris	
5-123	2000-2005	aluco	
5-124	2006-2009	pro	
5-125	2011-2014	cel	
5-126	2020-2023	per	
5-127	2024-2029	fuiff	
5-128	2033-2041	cellarum	
5-129	2042-2044	vi	
5-130	2045-2047	in	
5-131	2048-2054	littus	
5-132	2055-2061	eiectu	
5-133	2061-2062	;	
5-134	2063-2064	e	
5-135	2065-2072	nunquam	
5-136	2073-2081	profectò	
5-137	2082-2084	nó	
5-138	2085-2089	fuic	
5-139	2089-2090	;	
5-140	2091-2096	Ambrá	
5-141	2097-2100	fem	
5-142	2101-2108	alienum	
5-143	2109-2113	enim	
5-144	2115-2118	eft	
5-145	2119-2128	existinia	
5-146	2129-2130	,	
5-147	2131-2139	probátur	
5-148	2139-2140	.	
