#FORMAT=WebAnno TSV 3.3
#T_SP=custom.Span|label
#T_RL=custom.Relation|label|BT_custom.Span


#Text=ja
#Text=wenn es ſchon auff gefarbte Kleider etwann
#Text=fallet/ ſo verſchwindet es nach und nach/
#Text=
#Text=ohne daß es einigen Flecken zuruck laſſet.
1-1	2-4	ja	_	_	_	
1-2	5-9	wenn	_	_	_	
1-3	10-12	es	_	_	_	
1-4	13-18	ſchon	_	_	_	
1-5	19-23	auff	_	_	_	
1-6	24-32	gefarbte	_	_	_	
1-7	33-40	Kleider	_	_	_	
1-8	41-47	etwann	_	_	_	
1-9	48-54	fallet	_	_	_	
1-10	54-55	/	_	_	_	
1-11	56-58	ſo	_	_	_	
1-12	59-71	verſchwindet	_	_	_	
1-13	72-74	es	_	_	_	
1-14	75-79	nach	_	_	_	
1-15	80-83	und	_	_	_	
1-16	84-88	nach	_	_	_	
1-17	88-89	/	_	_	_	
1-18	91-95	ohne	_	_	_	
1-19	96-99	daß	_	_	_	
1-20	100-102	es	_	_	_	
1-21	103-110	einigen	_	_	_	
1-22	111-118	Flecken	_	_	_	
1-23	119-125	zuruck	_	_	_	
1-24	126-132	laſſet	_	_	_	
1-25	132-133	.	_	_	_	

#Text=Setzet man ſolch Oel in einem Geſchirꝛ uͤber
#Text=
#Text=die Gluth/
#Text=ſo ſteiget es in form eines weiſſen
#Text=Rauchs in die Lufft/
#Text=welcher Rauch denn
#Text=von einem brennenden Liecht gleich in Flam-
#Text=men verwandelt wird.
2-1	135-141	Setzet	_	_	_	
2-2	142-145	man	_	_	_	
2-3	146-151	ſolch	_	_	_	
2-4	152-155	Oel	_	_	_	
2-5	156-158	in	_	_	_	
2-6	159-164	einem	_	_	_	
2-7	165-173	Geſchirꝛ	_	_	_	
2-8	174-179	uͤber	_	_	_	
2-9	181-184	die	_	_	_	
2-10	185-190	Gluth	_	_	_	
2-11	190-191	/	_	_	_	
2-12	192-194	ſo	_	_	_	
2-13	195-202	ſteiget	_	_	_	
2-14	203-205	es	_	_	_	
2-15	206-208	in	_	_	_	
2-16	209-213	form	_	_	_	
2-17	214-219	eines	_	_	_	
2-18	220-227	weiſſen	_	_	_	
2-19	228-234	Rauchs	_	_	_	
2-20	235-237	in	_	_	_	
2-21	238-241	die	_	_	_	
2-22	242-247	Lufft	_	_	_	
2-23	247-248	/	_	_	_	
2-24	249-256	welcher	_	_	_	
2-25	257-262	Rauch	_	_	_	
2-26	263-267	denn	_	_	_	
2-27	268-271	von	_	_	_	
2-28	272-277	einem	_	_	_	
2-29	278-288	brennenden	_	_	_	
2-30	289-295	Liecht	_	_	_	
2-31	296-302	gleich	_	_	_	
2-32	303-305	in	_	_	_	
2-33	306-310	Flam	_	_	_	
2-34	310-311	-	_	_	_	
2-35	312-315	men	_	_	_	
2-36	316-326	verwandelt	_	_	_	
2-37	327-331	wird	_	_	_	
2-38	331-332	.	_	_	_	

#Text=Wenn ein leinen
#Text=Tuch darein getaucht angezuͤndet wird/
#Text=ſo
#Text=wird allein das Oel/ nicht aber das Tuch
#Text=
#Text=verbrennen;
#Text=und wenn denn das Feuer auß-
#Text=loͤſchet/ ſo wirfft der Leinwat erſtlich ein
#Text=Camffer-geruch von ſich/ und da dieſer vor-
#Text=bey oder geſchwaͤchet wird/
#Text=ſo gehet darauff
#Text=ein lieblicher Zimmet-geruch von dannen
#Text=auß.
3-1	333-337	Wenn	_	_	_	
3-2	338-341	ein	_	_	_	
3-3	342-348	leinen	_	_	_	
3-4	349-353	Tuch	_	_	_	
3-5	354-360	darein	_	_	_	
3-6	361-369	getaucht	_	_	_	
3-7	370-381	angezuͤndet	_	_	_	
3-8	382-386	wird	_	_	_	
3-9	386-387	/	_	_	_	
3-10	388-390	ſo	_	_	_	
3-11	391-395	wird	_	_	_	
3-12	396-402	allein	_	_	_	
3-13	403-406	das	_	_	_	
3-14	407-410	Oel	_	_	_	
3-15	410-411	/	_	_	_	
3-16	412-417	nicht	_	_	_	
3-17	418-422	aber	_	_	_	
3-18	423-426	das	_	_	_	
3-19	427-431	Tuch	_	_	_	
3-20	433-443	verbrennen	_	_	_	
3-21	443-444	;	_	_	_	
3-22	445-448	und	_	_	_	
3-23	449-453	wenn	_	_	_	
3-24	454-458	denn	_	_	_	
3-25	459-462	das	_	_	_	
3-26	463-468	Feuer	_	_	_	
3-27	469-472	auß	_	_	_	
3-28	472-473	-	_	_	_	
3-29	474-482	loͤſchet	_	_	_	
3-30	482-483	/	_	_	_	
3-31	484-486	ſo	_	_	_	
3-32	487-493	wirfft	Evoked\_Odorant	_	_	
3-33	494-497	der	_	_	_	
3-34	498-505	Leinwat	Smell\_Source	*|*	3-36[1_0]|3-58[10_0]	
3-35	506-514	erſtlich	_	_	_	
3-36	515-518	ein	Evoked\_Odorant[1]	*	3-32[0_1]	
3-37	519-533	Camffer-geruch	Evoked\_Odorant[1]|*[2]|Smell\_Word[3]	*	3-43[0_3]	
3-38	534-537	von	Evoked\_Odorant[1]	_	_	
3-39	538-542	ſich	Evoked\_Odorant[1]	_	_	
3-40	542-543	/	_	_	_	
3-41	544-547	und	_	_	_	
3-42	548-550	da	_	_	_	
3-43	551-557	dieſer	*	_	_	
3-44	558-561	vor	Time[4]	_	_	
3-45	561-562	-	Time[4]	_	_	
3-46	563-566	bey	Time[4]	_	_	
3-47	567-571	oder	Circumstances[5]	_	_	
3-48	572-584	geſchwaͤchet	Circumstances[5]	_	_	
3-49	585-589	wird	Circumstances[5]	_	_	
3-50	589-590	/	_	_	_	
3-51	591-593	ſo	Evoked\_Odorant[6]	_	_	
3-52	594-599	gehet	Evoked\_Odorant[6]	_	_	
3-53	600-607	darauff	Evoked\_Odorant[6]	_	_	
3-54	608-611	ein	Evoked\_Odorant[6]	_	_	
3-55	612-622	lieblicher	Evoked\_Odorant[6]|Quality[7]	_	_	
3-56	623-636	Zimmet-geruch	Evoked\_Odorant[6]|*[8]|Smell\_Word[9]	_	_	
3-57	637-640	von	Evoked\_Odorant[6]	_	_	
3-58	641-647	dannen	Evoked\_Odorant[6]|Smell\_Source[10]	_	_	
3-59	648-651	auß	Evoked\_Odorant[6]	_	_	
3-60	651-652	.	_	_	_	

#Text=Wenn der Rauch dieſes Oels durch
#Text=ein drey- oder vierfaches Tuch gelaſſen wird/
#Text=
#Text=ſo verwandelt er ſich auff dem oberſten Tuch
#Text=
#Text=in ein weiſſes oͤlichtes Saltz/ oder in Camf-
#Text=fer/
#Text=und bleibt da ankleben;
#Text=worauß denn
#Text=Sonnen-klar erhellet/ daß ſolch Oel anders
#Text=nichts/ als ein fluͤchtig alkaliſches Saltz
#Text=ſeye/ mit einem fluͤchtigen Oel vergeſell-
#Text=ſchafftet.
4-1	653-657	Wenn	_	_	_	
4-2	658-661	der	_	_	_	
4-3	662-667	Rauch	_	_	_	
4-4	668-674	dieſes	_	_	_	
4-5	675-679	Oels	_	_	_	
4-6	680-685	durch	_	_	_	
4-7	686-689	ein	_	_	_	
4-8	690-694	drey	_	_	_	
4-9	694-695	-	_	_	_	
4-10	696-700	oder	_	_	_	
4-11	701-711	vierfaches	_	_	_	
4-12	712-716	Tuch	_	_	_	
4-13	717-725	gelaſſen	_	_	_	
4-14	726-730	wird	_	_	_	
4-15	730-731	/	_	_	_	
4-16	733-735	ſo	_	_	_	
4-17	736-746	verwandelt	_	_	_	
4-18	747-749	er	_	_	_	
4-19	750-754	ſich	_	_	_	
4-20	755-759	auff	_	_	_	
4-21	760-763	dem	_	_	_	
4-22	764-772	oberſten	_	_	_	
4-23	773-777	Tuch	_	_	_	
4-24	779-781	in	_	_	_	
4-25	782-785	ein	_	_	_	
4-26	786-793	weiſſes	_	_	_	
4-27	794-803	oͤlichtes	_	_	_	
4-28	804-809	Saltz	_	_	_	
4-29	809-810	/	_	_	_	
4-30	811-815	oder	_	_	_	
4-31	816-818	in	_	_	_	
4-32	819-823	Camf	_	_	_	
4-33	823-824	-	_	_	_	
4-34	825-828	fer	_	_	_	
4-35	828-829	/	_	_	_	
4-36	830-833	und	_	_	_	
4-37	834-840	bleibt	_	_	_	
4-38	841-843	da	_	_	_	
4-39	844-852	ankleben	_	_	_	
4-40	852-853	;	_	_	_	
4-41	854-860	worauß	_	_	_	
4-42	861-865	denn	_	_	_	
4-43	866-877	Sonnen-klar	_	_	_	
4-44	878-886	erhellet	_	_	_	
4-45	886-887	/	_	_	_	
4-46	888-891	daß	_	_	_	
4-47	892-897	ſolch	_	_	_	
4-48	898-901	Oel	_	_	_	
4-49	902-908	anders	_	_	_	
4-50	909-915	nichts	_	_	_	
4-51	915-916	/	_	_	_	
4-52	917-920	als	_	_	_	
4-53	921-924	ein	_	_	_	
4-54	925-934	fluͤchtig	_	_	_	
4-55	935-946	alkaliſches	_	_	_	
4-56	947-952	Saltz	_	_	_	
4-57	953-957	ſeye	_	_	_	
4-58	957-958	/	_	_	_	
4-59	959-962	mit	_	_	_	
4-60	963-968	einem	_	_	_	
4-61	969-980	fluͤchtigen	_	_	_	
4-62	981-984	Oel	_	_	_	
4-63	985-994	vergeſell	_	_	_	
4-64	994-995	-	_	_	_	
4-65	996-1005	ſchafftet	_	_	_	
4-66	1005-1006	.	_	_	_	

#Text=Auß der Rinde des Stammens aber wird
#Text=das rechte Zimmet-oͤl deſtilliert.
5-1	1010-1013	Auß	_	_	_	
5-2	1014-1017	der	_	_	_	
5-3	1018-1023	Rinde	_	_	_	
5-4	1024-1027	des	_	_	_	
5-5	1028-1036	Stammens	_	_	_	
5-6	1037-1041	aber	_	_	_	
5-7	1042-1046	wird	_	_	_	
5-8	1047-1050	das	_	_	_	
5-9	1051-1057	rechte	_	_	_	
5-10	1058-1068	Zimmet-oͤl	_	_	_	
5-11	1069-1080	deſtilliert	_	_	_	
5-12	1080-1081	.	_	_	_	

#Text=Auß den
#Text=Blaͤttern bekom̃t man durch die Deſtillation
#Text=erſtlich ein truͤbes Oel/ welches aber bald
#Text=hernach gelblicht und durchſcheinend wird/
#Text=
#Text=mit einem ſuͤſſen und ſcharffen geſchmack/
6-1	1082-1085	Auß	_	_	_	
6-2	1086-1089	den	_	_	_	
6-3	1090-1099	Blaͤttern	_	_	_	
6-4	1100-1107	bekom̃t	_	_	_	
6-5	1108-1111	man	_	_	_	
6-6	1112-1117	durch	_	_	_	
6-7	1118-1121	die	_	_	_	
6-8	1122-1134	Deſtillation	_	_	_	
6-9	1135-1143	erſtlich	_	_	_	
6-10	1144-1147	ein	_	_	_	
6-11	1148-1155	truͤbes	_	_	_	
6-12	1156-1159	Oel	_	_	_	
6-13	1159-1160	/	_	_	_	
6-14	1161-1168	welches	_	_	_	
6-15	1169-1173	aber	_	_	_	
6-16	1174-1178	bald	_	_	_	
6-17	1179-1186	hernach	_	_	_	
6-18	1187-1196	gelblicht	_	_	_	
6-19	1197-1200	und	_	_	_	
6-20	1201-1215	durchſcheinend	_	_	_	
6-21	1216-1220	wird	_	_	_	
6-22	1220-1221	/	_	_	_	
6-23	1223-1226	mit	_	_	_	
6-24	1227-1232	einem	_	_	_	
6-25	1233-1240	ſuͤſſen	_	_	_	
6-26	1241-1244	und	_	_	_	
6-27	1245-1254	ſcharffen	_	_	_	
6-28	1255-1264	geſchmack	_	_	_	
6-29	1264-1265	/	_	_	_	
