#FORMAT=WebAnno TSV 3.3


#Text=8 Fecerunt ergo Levitæ, et universus Juda, juxta omnia quæ præceperat Jojada pontifex : et assumpserunt singuli viros qui sub se erant, et veniebant per ordinem sabbati, cum his qui impleverant sabbatum et egressuri erant : siquidem Jojada pontifex non dimiserat abire turmas quæ sibi per singulas hebdomadas succedere consueverant.
#Text=9 Deditque Jojada sacerdos centurionibus lanceas, clypeosque et peltas regis David, quas consecraverat in domo Domini.
#Text=10 Constituitque omnem populum tenentium pugiones a parte templi dextra, usque ad partem templi sinistram, coram altari et templo, per circuitum regis.
#Text=11 Et eduxerunt filium regis, et imposuerunt ei diadema et testimonium, dederuntque in manu ejus tenendam legem, et constituerunt eum regem : unxit quoque illum Jojada pontifex, et filii ejus : imprecatique sunt ei, atque dixerunt : Vivat rex.
#Text=12 Quod cum audisset Athalia, vocem scilicet currentium atque laudantium regem, ingressa est ad populum in templum Domini.
#Text=13 Cumque vidisset regem stantem super gradum in introitu, et principes, turmasque circa eum, omnemque populum terræ gaudentem, atque clangentem tubis, et diversi generis organis concinentem, vocemque laudantium, scidit vestimenta sua, et ait : Insidiæ, insidiæ.
#Text=14 Egressus autem Jojada pontifex ad centuriones et principes exercitus, dixit eis : Educite illam extra septa templi, et interficiatur foris gladio.
1-1	2-3	8	
1-2	4-12	Fecerunt	
1-3	13-17	ergo	
1-4	18-24	Levitæ	
1-5	24-25	,	
1-6	26-28	et	
1-7	29-38	universus	
1-8	39-43	Juda	
1-9	43-44	,	
1-10	45-50	juxta	
1-11	51-56	omnia	
1-12	57-60	quæ	
1-13	61-71	præceperat	
1-14	72-78	Jojada	
1-15	79-87	pontifex	
1-16	88-89	:	
1-17	90-92	et	
1-18	93-105	assumpserunt	
1-19	106-113	singuli	
1-20	114-119	viros	
1-21	120-123	qui	
1-22	124-127	sub	
1-23	128-130	se	
1-24	131-136	erant	
1-25	136-137	,	
1-26	138-140	et	
1-27	141-150	veniebant	
1-28	151-154	per	
1-29	155-162	ordinem	
1-30	163-170	sabbati	
1-31	170-171	,	
1-32	172-175	cum	
1-33	176-179	his	
1-34	180-183	qui	
1-35	184-195	impleverant	
1-36	196-204	sabbatum	
1-37	205-207	et	
1-38	208-217	egressuri	
1-39	218-223	erant	
1-40	224-225	:	
1-41	226-234	siquidem	
1-42	235-241	Jojada	
1-43	242-250	pontifex	
1-44	251-254	non	
1-45	255-264	dimiserat	
1-46	265-270	abire	
1-47	271-277	turmas	
1-48	278-281	quæ	
1-49	282-286	sibi	
1-50	287-290	per	
1-51	291-299	singulas	
1-52	300-310	hebdomadas	
1-53	311-320	succedere	
1-54	321-333	consueverant	
1-55	333-334	.	
1-56	335-336	9	
1-57	337-345	Deditque	
1-58	346-352	Jojada	
1-59	353-361	sacerdos	
1-60	362-375	centurionibus	
1-61	376-383	lanceas	
1-62	383-384	,	
1-63	385-395	clypeosque	
1-64	396-398	et	
1-65	399-405	peltas	
1-66	406-411	regis	
1-67	412-417	David	
1-68	417-418	,	
1-69	419-423	quas	
1-70	424-437	consecraverat	
1-71	438-440	in	
1-72	441-445	domo	
1-73	446-452	Domini	
1-74	452-453	.	
1-75	454-456	10	
1-76	457-470	Constituitque	
1-77	471-476	omnem	
1-78	477-484	populum	
1-79	485-494	tenentium	
1-80	495-503	pugiones	
1-81	504-505	a	
1-82	506-511	parte	
1-83	512-518	templi	
1-84	519-525	dextra	
1-85	525-526	,	
1-86	527-532	usque	
1-87	533-535	ad	
1-88	536-542	partem	
1-89	543-549	templi	
1-90	550-559	sinistram	
1-91	559-560	,	
1-92	561-566	coram	
1-93	567-573	altari	
1-94	574-576	et	
1-95	577-583	templo	
1-96	583-584	,	
1-97	585-588	per	
1-98	589-598	circuitum	
1-99	599-604	regis	
1-100	604-605	.	
1-101	606-608	11	
1-102	609-611	Et	
1-103	612-621	eduxerunt	
1-104	622-628	filium	
1-105	629-634	regis	
1-106	634-635	,	
1-107	636-638	et	
1-108	639-650	imposuerunt	
1-109	651-653	ei	
1-110	654-661	diadema	
1-111	662-664	et	
1-112	665-676	testimonium	
1-113	676-677	,	
1-114	678-689	dederuntque	
1-115	690-692	in	
1-116	693-697	manu	
1-117	698-702	ejus	
1-118	703-711	tenendam	
1-119	712-717	legem	
1-120	717-718	,	
1-121	719-721	et	
1-122	722-735	constituerunt	
1-123	736-739	eum	
1-124	740-745	regem	
1-125	746-747	:	
1-126	748-753	unxit	
1-127	754-760	quoque	
1-128	761-766	illum	
1-129	767-773	Jojada	
1-130	774-782	pontifex	
1-131	782-783	,	
1-132	784-786	et	
1-133	787-792	filii	
1-134	793-797	ejus	
1-135	798-799	:	
1-136	800-812	imprecatique	
1-137	813-817	sunt	
1-138	818-820	ei	
1-139	820-821	,	
1-140	822-827	atque	
1-141	828-836	dixerunt	
1-142	837-838	:	
1-143	839-844	Vivat	
1-144	845-848	rex	
1-145	848-849	.	
1-146	850-852	12	
1-147	853-857	Quod	
1-148	858-861	cum	
1-149	862-870	audisset	
1-150	871-878	Athalia	
1-151	878-879	,	
1-152	880-885	vocem	
1-153	886-894	scilicet	
1-154	895-905	currentium	
1-155	906-911	atque	
1-156	912-922	laudantium	
1-157	923-928	regem	
1-158	928-929	,	
1-159	930-938	ingressa	
1-160	939-942	est	
1-161	943-945	ad	
1-162	946-953	populum	
1-163	954-956	in	
1-164	957-964	templum	
1-165	965-971	Domini	
1-166	971-972	.	
1-167	973-975	13	
1-168	976-982	Cumque	
1-169	983-991	vidisset	
1-170	992-997	regem	
1-171	998-1005	stantem	
1-172	1006-1011	super	
1-173	1012-1018	gradum	
1-174	1019-1021	in	
1-175	1022-1030	introitu	
1-176	1030-1031	,	
1-177	1032-1034	et	
1-178	1035-1044	principes	
1-179	1044-1045	,	
1-180	1046-1055	turmasque	
1-181	1056-1061	circa	
1-182	1062-1065	eum	
1-183	1065-1066	,	
1-184	1067-1075	omnemque	
1-185	1076-1083	populum	
1-186	1084-1089	terræ	
1-187	1090-1099	gaudentem	
1-188	1099-1100	,	
1-189	1101-1106	atque	
1-190	1107-1117	clangentem	
1-191	1118-1123	tubis	
1-192	1123-1124	,	
1-193	1125-1127	et	
1-194	1128-1135	diversi	
1-195	1136-1143	generis	
1-196	1144-1151	organis	
1-197	1152-1163	concinentem	
1-198	1163-1164	,	
1-199	1165-1173	vocemque	
1-200	1174-1184	laudantium	
1-201	1184-1185	,	
1-202	1186-1192	scidit	
1-203	1193-1203	vestimenta	
1-204	1204-1207	sua	
1-205	1207-1208	,	
1-206	1209-1211	et	
1-207	1212-1215	ait	
1-208	1216-1217	:	
1-209	1218-1225	Insidiæ	
1-210	1225-1226	,	
1-211	1227-1234	insidiæ	
1-212	1234-1235	.	
1-213	1236-1238	14	
1-214	1239-1247	Egressus	
1-215	1248-1253	autem	
1-216	1254-1260	Jojada	
1-217	1261-1269	pontifex	
1-218	1270-1272	ad	
1-219	1273-1284	centuriones	
1-220	1285-1287	et	
1-221	1288-1297	principes	
1-222	1298-1307	exercitus	
1-223	1307-1308	,	
1-224	1309-1314	dixit	
1-225	1315-1318	eis	
1-226	1319-1320	:	
1-227	1321-1328	Educite	
1-228	1329-1334	illam	
1-229	1335-1340	extra	
1-230	1341-1346	septa	
1-231	1347-1353	templi	
1-232	1353-1354	,	
1-233	1355-1357	et	
1-234	1358-1371	interficiatur	
1-235	1372-1377	foris	
1-236	1378-1384	gladio	
1-237	1384-1385	.	

#Text=Præcepitque sacerdos ne occideretur in domo Domini, 15 et imposuerunt cervicibus ejus manus : cumque intrasset portam equorum domus regis, interfecerunt eam ibi.
#Text=16 Pepigit autem Jojada fœdus inter se, universumque populum, et regem, ut esset populus Domini.
#Text=17 Itaque ingressus est omnis populus domum Baal, et destruxerunt eam, et altaria ac simulacra illius confregerunt : Mathan quoque sacerdotem Baal interfecerunt ante aras.
#Text=18 Constituit autem Jojada præpositos in domo Domini sub manibus sacerdotum et Levitarum quos distribuit David in domo Domini, ut offerrent holocausta Domino, sicut scriptum est in lege Moysi, in gaudio et canticis, juxta dispositionem David.
#Text=19 Constituit quoque janitores in portis domus Domini, ut non ingrederetur eam immundus in omni re.
#Text=20 Assumpsitque centuriones, et fortissimos viros, ac principes populi, et omne vulgus terræ, et fecerunt descendere regem de domo Domini, et introire per medium portæ superioris in domum regis, et collocaverunt eum in solio regali.
#Text=21 Lætatusque est omnis populus terræ, et urbs quievit : porro Athalia interfecta est gladio.
2-1	1386-1397	Præcepitque	
2-2	1398-1406	sacerdos	
2-3	1407-1409	ne	
2-4	1410-1421	occideretur	
2-5	1422-1424	in	
2-6	1425-1429	domo	
2-7	1430-1436	Domini	
2-8	1436-1437	,	
2-9	1438-1440	15	
2-10	1441-1443	et	
2-11	1444-1455	imposuerunt	
2-12	1456-1466	cervicibus	
2-13	1467-1471	ejus	
2-14	1472-1477	manus	
2-15	1478-1479	:	
2-16	1480-1486	cumque	
2-17	1487-1496	intrasset	
2-18	1497-1503	portam	
2-19	1504-1511	equorum	
2-20	1512-1517	domus	
2-21	1518-1523	regis	
2-22	1523-1524	,	
2-23	1525-1538	interfecerunt	
2-24	1539-1542	eam	
2-25	1543-1546	ibi	
2-26	1546-1547	.	
2-27	1548-1550	16	
2-28	1551-1558	Pepigit	
2-29	1559-1564	autem	
2-30	1565-1571	Jojada	
2-31	1572-1577	fœdus	
2-32	1578-1583	inter	
2-33	1584-1586	se	
2-34	1586-1587	,	
2-35	1588-1600	universumque	
2-36	1601-1608	populum	
2-37	1608-1609	,	
2-38	1610-1612	et	
2-39	1613-1618	regem	
2-40	1618-1619	,	
2-41	1620-1622	ut	
2-42	1623-1628	esset	
2-43	1629-1636	populus	
2-44	1637-1643	Domini	
2-45	1643-1644	.	
2-46	1645-1647	17	
2-47	1648-1654	Itaque	
2-48	1655-1664	ingressus	
2-49	1665-1668	est	
2-50	1669-1674	omnis	
2-51	1675-1682	populus	
2-52	1683-1688	domum	
2-53	1689-1693	Baal	
2-54	1693-1694	,	
2-55	1695-1697	et	
2-56	1698-1710	destruxerunt	
2-57	1711-1714	eam	
2-58	1714-1715	,	
2-59	1716-1718	et	
2-60	1719-1726	altaria	
2-61	1727-1729	ac	
2-62	1730-1739	simulacra	
2-63	1740-1746	illius	
2-64	1747-1759	confregerunt	
2-65	1760-1761	:	
2-66	1762-1768	Mathan	
2-67	1769-1775	quoque	
2-68	1776-1786	sacerdotem	
2-69	1787-1791	Baal	
2-70	1792-1805	interfecerunt	
2-71	1806-1810	ante	
2-72	1811-1815	aras	
2-73	1815-1816	.	
2-74	1817-1819	18	
2-75	1820-1830	Constituit	
2-76	1831-1836	autem	
2-77	1837-1843	Jojada	
2-78	1844-1854	præpositos	
2-79	1855-1857	in	
2-80	1858-1862	domo	
2-81	1863-1869	Domini	
2-82	1870-1873	sub	
2-83	1874-1881	manibus	
2-84	1882-1892	sacerdotum	
2-85	1893-1895	et	
2-86	1896-1905	Levitarum	
2-87	1906-1910	quos	
2-88	1911-1921	distribuit	
2-89	1922-1927	David	
2-90	1928-1930	in	
2-91	1931-1935	domo	
2-92	1936-1942	Domini	
2-93	1942-1943	,	
2-94	1944-1946	ut	
2-95	1947-1956	offerrent	
2-96	1957-1967	holocausta	
2-97	1968-1974	Domino	
2-98	1974-1975	,	
2-99	1976-1981	sicut	
2-100	1982-1990	scriptum	
2-101	1991-1994	est	
2-102	1995-1997	in	
2-103	1998-2002	lege	
2-104	2003-2008	Moysi	
2-105	2008-2009	,	
2-106	2010-2012	in	
2-107	2013-2019	gaudio	
2-108	2020-2022	et	
2-109	2023-2031	canticis	
2-110	2031-2032	,	
2-111	2033-2038	juxta	
2-112	2039-2052	dispositionem	
2-113	2053-2058	David	
2-114	2058-2059	.	
2-115	2060-2062	19	
2-116	2063-2073	Constituit	
2-117	2074-2080	quoque	
2-118	2081-2090	janitores	
2-119	2091-2093	in	
2-120	2094-2100	portis	
2-121	2101-2106	domus	
2-122	2107-2113	Domini	
2-123	2113-2114	,	
2-124	2115-2117	ut	
2-125	2118-2121	non	
2-126	2122-2134	ingrederetur	
2-127	2135-2138	eam	
2-128	2139-2147	immundus	
2-129	2148-2150	in	
2-130	2151-2155	omni	
2-131	2156-2158	re	
2-132	2158-2159	.	
2-133	2160-2162	20	
2-134	2163-2175	Assumpsitque	
2-135	2176-2187	centuriones	
2-136	2187-2188	,	
2-137	2189-2191	et	
2-138	2192-2203	fortissimos	
2-139	2204-2209	viros	
2-140	2209-2210	,	
2-141	2211-2213	ac	
2-142	2214-2223	principes	
2-143	2224-2230	populi	
2-144	2230-2231	,	
2-145	2232-2234	et	
2-146	2235-2239	omne	
2-147	2240-2246	vulgus	
2-148	2247-2252	terræ	
2-149	2252-2253	,	
2-150	2254-2256	et	
2-151	2257-2265	fecerunt	
2-152	2266-2276	descendere	
2-153	2277-2282	regem	
2-154	2283-2285	de	
2-155	2286-2290	domo	
2-156	2291-2297	Domini	
2-157	2297-2298	,	
2-158	2299-2301	et	
2-159	2302-2310	introire	
2-160	2311-2314	per	
2-161	2315-2321	medium	
2-162	2322-2327	portæ	
2-163	2328-2338	superioris	
2-164	2339-2341	in	
2-165	2342-2347	domum	
2-166	2348-2353	regis	
2-167	2353-2354	,	
2-168	2355-2357	et	
2-169	2358-2371	collocaverunt	
2-170	2372-2375	eum	
2-171	2376-2378	in	
2-172	2379-2384	solio	
2-173	2385-2391	regali	
2-174	2391-2392	.	
2-175	2393-2395	21	
2-176	2396-2406	Lætatusque	
2-177	2407-2410	est	
2-178	2411-2416	omnis	
2-179	2417-2424	populus	
2-180	2425-2430	terræ	
2-181	2430-2431	,	
2-182	2432-2434	et	
2-183	2435-2439	urbs	
2-184	2440-2447	quievit	
2-185	2448-2449	:	
2-186	2450-2455	porro	
2-187	2456-2463	Athalia	
2-188	2464-2474	interfecta	
2-189	2475-2478	est	
2-190	2479-2485	gladio	
2-191	2485-2486	.	

#Text=Caput 24
#Text=
#Text=
#Text=1 Septem annorum erat Joas cum regnare cœpisset, et quadraginta annis regnavit in Jerusalem : nomen matris ejus Sebia de Bersabee.
#Text=2 Fecitque quod bonum est coram Domino cunctis diebus Jojadæ sacerdotis.
#Text=3 Accepit autem ei Jojada uxores duas, e quibus genuit filios et filias.
#Text=4 Post quæ placuit Joas ut instauraret domum Domini.
#Text=5 Congregavitque sacerdotes et Levitas, et dixit eis : Egredimini ad civitates Juda, et colligite de universo Israël pecuniam ad sartatecta templi Dei vestri per singulos annos, festinatoque hoc facite.
3-1	2487-2492	Caput	
3-2	2493-2495	24	
3-3	2498-2499	1	
3-4	2500-2506	Septem	
3-5	2507-2514	annorum	
3-6	2515-2519	erat	
3-7	2520-2524	Joas	
3-8	2525-2528	cum	
3-9	2529-2536	regnare	
3-10	2537-2545	cœpisset	
3-11	2545-2546	,	
3-12	2547-2549	et	
3-13	2550-2561	quadraginta	
3-14	2562-2567	annis	
3-15	2568-2576	regnavit	
3-16	2577-2579	in	
3-17	2580-2589	Jerusalem	
3-18	2590-2591	:	
3-19	2592-2597	nomen	
3-20	2598-2604	matris	
3-21	2605-2609	ejus	
3-22	2610-2615	Sebia	
3-23	2616-2618	de	
3-24	2619-2627	Bersabee	
3-25	2627-2628	.	
3-26	2629-2630	2	
3-27	2631-2639	Fecitque	
3-28	2640-2644	quod	
3-29	2645-2650	bonum	
3-30	2651-2654	est	
3-31	2655-2660	coram	
3-32	2661-2667	Domino	
3-33	2668-2675	cunctis	
3-34	2676-2682	diebus	
3-35	2683-2689	Jojadæ	
3-36	2690-2700	sacerdotis	
3-37	2700-2701	.	
3-38	2702-2703	3	
3-39	2704-2711	Accepit	
3-40	2712-2717	autem	
3-41	2718-2720	ei	
3-42	2721-2727	Jojada	
3-43	2728-2734	uxores	
3-44	2735-2739	duas	
3-45	2739-2740	,	
3-46	2741-2742	e	
3-47	2743-2749	quibus	
3-48	2750-2756	genuit	
3-49	2757-2763	filios	
3-50	2764-2766	et	
3-51	2767-2773	filias	
3-52	2773-2774	.	
3-53	2775-2776	4	
3-54	2777-2781	Post	
3-55	2782-2785	quæ	
3-56	2786-2793	placuit	
3-57	2794-2798	Joas	
3-58	2799-2801	ut	
3-59	2802-2813	instauraret	
3-60	2814-2819	domum	
3-61	2820-2826	Domini	
3-62	2826-2827	.	
3-63	2828-2829	5	
3-64	2830-2844	Congregavitque	
3-65	2845-2855	sacerdotes	
3-66	2856-2858	et	
3-67	2859-2866	Levitas	
3-68	2866-2867	,	
3-69	2868-2870	et	
3-70	2871-2876	dixit	
3-71	2877-2880	eis	
3-72	2881-2882	:	
3-73	2883-2893	Egredimini	
3-74	2894-2896	ad	
3-75	2897-2906	civitates	
3-76	2907-2911	Juda	
3-77	2911-2912	,	
3-78	2913-2915	et	
3-79	2916-2925	colligite	
3-80	2926-2928	de	
3-81	2929-2937	universo	
3-82	2938-2944	Israël	
3-83	2945-2953	pecuniam	
3-84	2954-2956	ad	
3-85	2957-2967	sartatecta	
3-86	2968-2974	templi	
3-87	2975-2978	Dei	
3-88	2979-2985	vestri	
3-89	2986-2989	per	
3-90	2990-2998	singulos	
3-91	2999-3004	annos	
3-92	3004-3005	,	
3-93	3006-3018	festinatoque	
3-94	3019-3022	hoc	
3-95	3023-3029	facite	
3-96	3029-3030	.	

#Text=Porro Levitæ egere negligentius.
4-1	3031-3036	Porro	
4-2	3037-3043	Levitæ	
4-3	3044-3049	egere	
4-4	3050-3062	negligentius	
4-5	3062-3063	.	
