#FORMAT=WebAnno TSV 3.3
#T_SP=custom.Span|label
#T_RL=custom.Relation|label|BT_custom.Span


#Text=zu-
#Text=ſammengedrungen/ wie die Weintrauben/
#Text=
#Text=groß als die Lorbeern/ einer harten und
#Text=hartzichten Natur.
1-1	2-4	zu	_	_	_	
1-2	4-5	-	_	_	_	
1-3	6-21	ſammengedrungen	_	_	_	
1-4	21-22	/	_	_	_	
1-5	23-26	wie	_	_	_	
1-6	27-30	die	_	_	_	
1-7	31-42	Weintrauben	_	_	_	
1-8	42-43	/	_	_	_	
1-9	45-49	groß	_	_	_	
1-10	50-53	als	_	_	_	
1-11	54-57	die	_	_	_	
1-12	58-66	Lorbeern	_	_	_	
1-13	66-67	/	_	_	_	
1-14	68-73	einer	_	_	_	
1-15	74-80	harten	_	_	_	
1-16	81-84	und	_	_	_	
1-17	85-96	hartzichten	_	_	_	
1-18	97-102	Natur	_	_	_	
1-19	102-103	.	_	_	_	

#Text=Auch tragt dieſer Baum
#Text=
#Text=rothe gebogene Knoͤpffe/
#Text=wie die Bocks-
#Text=hoͤrnlein/ inwendig hol/
#Text=darinn wachſen
#Text=etliche Wuͤrmlein oder Mucken mit einer
#Text=Feuchtigkeit wie im Lerchenbaum.
2-1	104-108	Auch	_	_	_	
2-2	109-114	tragt	_	_	_	
2-3	115-121	dieſer	_	_	_	
2-4	122-126	Baum	_	_	_	
2-5	128-133	rothe	_	_	_	
2-6	134-142	gebogene	_	_	_	
2-7	143-151	Knoͤpffe	_	_	_	
2-8	151-152	/	_	_	_	
2-9	153-156	wie	_	_	_	
2-10	157-160	die	_	_	_	
2-11	161-166	Bocks	_	_	_	
2-12	166-167	-	_	_	_	
2-13	168-177	hoͤrnlein	_	_	_	
2-14	177-178	/	_	_	_	
2-15	179-187	inwendig	_	_	_	
2-16	188-191	hol	_	_	_	
2-17	191-192	/	_	_	_	
2-18	193-199	darinn	_	_	_	
2-19	200-207	wachſen	_	_	_	
2-20	208-215	etliche	_	_	_	
2-21	216-225	Wuͤrmlein	_	_	_	
2-22	226-230	oder	_	_	_	
2-23	231-237	Mucken	_	_	_	
2-24	238-241	mit	_	_	_	
2-25	242-247	einer	_	_	_	
2-26	248-260	Feuchtigkeit	_	_	_	
2-27	261-264	wie	_	_	_	
2-28	265-267	im	_	_	_	
2-29	268-279	Lerchenbaum	_	_	_	
2-30	279-280	.	_	_	_	

#Text=Das
#Text=Hartz rinnet von dem Stamm/ kombt durch
#Text=die Kauffleuth von Hand zu Hand in unſer
#Text=Land.
3-1	281-284	Das	_	_	_	
3-2	285-290	Hartz	_	_	_	
3-3	291-297	rinnet	_	_	_	
3-4	298-301	von	_	_	_	
3-5	302-305	dem	_	_	_	
3-6	306-311	Stamm	_	_	_	
3-7	311-312	/	_	_	_	
3-8	313-318	kombt	_	_	_	
3-9	319-324	durch	_	_	_	
3-10	325-328	die	_	_	_	
3-11	329-339	Kauffleuth	_	_	_	
3-12	340-343	von	_	_	_	
3-13	344-348	Hand	_	_	_	
3-14	349-351	zu	_	_	_	
3-15	352-356	Hand	_	_	_	
3-16	357-359	in	_	_	_	
3-17	360-365	unſer	_	_	_	
3-18	366-370	Land	_	_	_	
3-19	370-371	.	_	_	_	

#Text=Erſtlich bracht man es gelaͤutert und
#Text=außgewaſchen/ jetzund aber bringt man auch
#Text=das rohe/ wie es an ihme ſelber vom Baum
#Text=kombt/ ſolch
#Text=Hartz braucht man zu vielen
#Text=Dingen.
4-1	372-380	Erſtlich	_	_	_	
4-2	381-387	bracht	_	_	_	
4-3	388-391	man	_	_	_	
4-4	392-394	es	_	_	_	
4-5	395-405	gelaͤutert	_	_	_	
4-6	406-409	und	_	_	_	
4-7	410-422	außgewaſchen	_	_	_	
4-8	422-423	/	_	_	_	
4-9	424-431	jetzund	_	_	_	
4-10	432-436	aber	_	_	_	
4-11	437-443	bringt	_	_	_	
4-12	444-447	man	_	_	_	
4-13	448-452	auch	_	_	_	
4-14	453-456	das	_	_	_	
4-15	457-461	rohe	_	_	_	
4-16	461-462	/	_	_	_	
4-17	463-466	wie	_	_	_	
4-18	467-469	es	_	_	_	
4-19	470-472	an	_	_	_	
4-20	473-477	ihme	_	_	_	
4-21	478-484	ſelber	_	_	_	
4-22	485-488	vom	_	_	_	
4-23	489-493	Baum	_	_	_	
4-24	494-499	kombt	_	_	_	
4-25	499-500	/	_	_	_	
4-26	501-506	ſolch	_	_	_	
4-27	507-512	Hartz	_	_	_	
4-28	513-520	braucht	_	_	_	
4-29	521-524	man	_	_	_	
4-30	525-527	zu	_	_	_	
4-31	528-534	vielen	_	_	_	
4-32	535-541	Dingen	_	_	_	
4-33	541-542	.	_	_	_	

#Text=Das beſt iſt weiß/ klar/ liecht/
#Text=
#Text=auff blaw geneigt und wohlriechend.
5-1	543-546	Das	Smell\_Source[1]	_	_	
5-2	547-551	beſt	Smell\_Source[1]	_	_	
5-3	552-555	iſt	_	_	_	
5-4	556-560	weiß	_	_	_	
5-5	560-561	/	_	_	_	
5-6	562-566	klar	_	_	_	
5-7	566-567	/	_	_	_	
5-8	568-574	liecht	_	_	_	
5-9	574-575	/	_	_	_	
5-10	577-581	auff	_	_	_	
5-11	582-586	blaw	_	_	_	
5-12	587-594	geneigt	_	_	_	
5-13	595-598	und	_	_	_	
5-14	599-611	wohlriechend	Quality[2]|Smell\_Word[3]	*|*	5-14[2_3]|5-1[1_3]	
5-15	611-612	.	_	_	_	

#Text=Diß
#Text=Hartz uͤbertrifft alle andere/ nach ihme iſt
#Text=
#Text=
#Text=das Hartz vom Lerchenbaum/ Fiechten und
#Text=Thannen.
6-1	613-616	Diß	_	_	_	
6-2	617-622	Hartz	_	_	_	
6-3	623-634	uͤbertrifft	_	_	_	
6-4	635-639	alle	_	_	_	
6-5	640-646	andere	_	_	_	
6-6	646-647	/	_	_	_	
6-7	648-652	nach	_	_	_	
6-8	653-657	ihme	_	_	_	
6-9	658-661	iſt	_	_	_	
6-10	664-667	das	_	_	_	
6-11	668-673	Hartz	_	_	_	
6-12	674-677	vom	_	_	_	
6-13	678-689	Lerchenbaum	_	_	_	
6-14	689-690	/	_	_	_	
6-15	691-699	Fiechten	_	_	_	
6-16	700-703	und	_	_	_	
6-17	704-711	Thannen	_	_	_	
6-18	711-712	.	_	_	_	

#Text=Vorzeiten da man den rechten
#Text=Terbenthin zu uns nicht brachte/ haben die
#Text=Apothecker das Lerchen-hartz dafuͤr genom-
#Text=men/ und ihme den Namen Terbenthin zu-
#Text=geeignet.
7-1	713-722	Vorzeiten	_	_	_	
7-2	723-725	da	_	_	_	
7-3	726-729	man	_	_	_	
7-4	730-733	den	_	_	_	
7-5	734-741	rechten	_	_	_	
7-6	742-752	Terbenthin	_	_	_	
7-7	753-755	zu	_	_	_	
7-8	756-759	uns	_	_	_	
7-9	760-765	nicht	_	_	_	
7-10	766-773	brachte	_	_	_	
7-11	773-774	/	_	_	_	
7-12	775-780	haben	_	_	_	
7-13	781-784	die	_	_	_	
7-14	785-795	Apothecker	_	_	_	
7-15	796-799	das	_	_	_	
7-16	800-813	Lerchen-hartz	_	_	_	
7-17	814-820	dafuͤr	_	_	_	
7-18	821-826	genom	_	_	_	
7-19	826-827	-	_	_	_	
7-20	828-831	men	_	_	_	
7-21	831-832	/	_	_	_	
7-22	833-836	und	_	_	_	
7-23	837-841	ihme	_	_	_	
7-24	842-845	den	_	_	_	
7-25	846-851	Namen	_	_	_	
7-26	852-862	Terbenthin	_	_	_	
7-27	863-865	zu	_	_	_	
7-28	865-866	-	_	_	_	
7-29	867-875	geeignet	_	_	_	
7-30	875-876	.	_	_	_	

#Text=Der Terbenthin wachſt gern an
#Text=duͤrꝛen/ ſteinichten und Sonnreichen Orten.
8-1	877-880	Der	_	_	_	
8-2	881-891	Terbenthin	_	_	_	
8-3	892-898	wachſt	_	_	_	
8-4	899-903	gern	_	_	_	
8-5	904-906	an	_	_	_	
8-6	907-914	duͤrꝛen	_	_	_	
8-7	914-915	/	_	_	_	
8-8	916-927	ſteinichten	_	_	_	
8-9	928-931	und	_	_	_	
8-10	932-943	Sonnreichen	_	_	_	
8-11	944-949	Orten	_	_	_	
8-12	949-950	.	_	_	_	

#Text=Eigenſchafft.
9-1	953-965	Eigenſchafft	_	_	_	
9-2	965-966	.	_	_	_	

#Text=Dieſes Baums Blaͤtter/
#Text=Samen und
#Text=Rinde haben ein hartzichte/ herbe/ zuſam-
#Text=menziehende Natur/ wie der Lerchen-baum.
10-1	968-974	Dieſes	_	_	_	
10-2	975-980	Baums	_	_	_	
10-3	981-989	Blaͤtter	_	_	_	
10-4	989-990	/	_	_	_	
10-5	991-996	Samen	_	_	_	
10-6	997-1000	und	_	_	_	
10-7	1001-1006	Rinde	_	_	_	
10-8	1007-1012	haben	_	_	_	
10-9	1013-1016	ein	_	_	_	
10-10	1017-1027	hartzichte	_	_	_	
10-11	1027-1028	/	_	_	_	
10-12	1029-1034	herbe	_	_	_	
10-13	1034-1035	/	_	_	_	
10-14	1036-1041	zuſam	_	_	_	
10-15	1041-1042	-	_	_	_	
10-16	1043-1054	menziehende	_	_	_	
10-17	1055-1060	Natur	_	_	_	
10-18	1060-1061	/	_	_	_	
10-19	1062-1065	wie	_	_	_	
10-20	1066-1069	der	_	_	_	
10-21	1070-1082	Lerchen-baum	_	_	_	
10-22	1082-1083	.	_	_	_	

#Text=Terbenthin-hartz aber hat viel balſamiſche/
11-1	1085-1101	Terbenthin-hartz	_	_	_	
11-2	1102-1106	aber	_	_	_	
11-3	1107-1110	hat	_	_	_	
11-4	1111-1115	viel	_	_	_	
11-5	1116-1127	balſamiſche	_	_	_	
11-6	1127-1128	/	_	_	_	
