#FORMAT=WebAnno TSV 3.3


#Text=6 Reliquos autem quos genueris post eos, tui erunt, et nomine fratrum suorum vocabuntur in possessionibus suis.
#Text=7 Mihi enim, quando veniebam de Mesopotamia, mortua est Rachel in terra Chanaan in ipso itinere, eratque vernum tempus : et ingrediebar Ephratam, et sepelivi eam juxta viam Ephratæ, quæ alio nomine appellatur Bethlehem.
#Text=8 Videns autem filios ejus dixit ad eum : Qui sunt isti ?
1-1	2-3	6	
1-2	4-12	Reliquos	
1-3	13-18	autem	
1-4	19-23	quos	
1-5	24-32	genueris	
1-6	33-37	post	
1-7	38-41	eos	
1-8	41-42	,	
1-9	43-46	tui	
1-10	47-52	erunt	
1-11	52-53	,	
1-12	54-56	et	
1-13	57-63	nomine	
1-14	64-71	fratrum	
1-15	72-78	suorum	
1-16	79-89	vocabuntur	
1-17	90-92	in	
1-18	93-107	possessionibus	
1-19	108-112	suis	
1-20	112-113	.	
1-21	114-115	7	
1-22	116-120	Mihi	
1-23	121-125	enim	
1-24	125-126	,	
1-25	127-133	quando	
1-26	134-142	veniebam	
1-27	143-145	de	
1-28	146-157	Mesopotamia	
1-29	157-158	,	
1-30	159-165	mortua	
1-31	166-169	est	
1-32	170-176	Rachel	
1-33	177-179	in	
1-34	180-185	terra	
1-35	186-193	Chanaan	
1-36	194-196	in	
1-37	197-201	ipso	
1-38	202-209	itinere	
1-39	209-210	,	
1-40	211-218	eratque	
1-41	219-225	vernum	
1-42	226-232	tempus	
1-43	233-234	:	
1-44	235-237	et	
1-45	238-249	ingrediebar	
1-46	250-258	Ephratam	
1-47	258-259	,	
1-48	260-262	et	
1-49	263-271	sepelivi	
1-50	272-275	eam	
1-51	276-281	juxta	
1-52	282-286	viam	
1-53	287-294	Ephratæ	
1-54	294-295	,	
1-55	296-299	quæ	
1-56	300-304	alio	
1-57	305-311	nomine	
1-58	312-322	appellatur	
1-59	323-332	Bethlehem	
1-60	332-333	.	
1-61	334-335	8	
1-62	336-342	Videns	
1-63	343-348	autem	
1-64	349-355	filios	
1-65	356-360	ejus	
1-66	361-366	dixit	
1-67	367-369	ad	
1-68	370-373	eum	
1-69	374-375	:	
1-70	376-379	Qui	
1-71	380-384	sunt	
1-72	385-389	isti	
1-73	390-391	?	

#Text=9 Respondit : Filii mei sunt, quos donavit mihi Deus in hoc loco.
2-1	392-393	9	
2-2	394-403	Respondit	
2-3	404-405	:	
2-4	406-411	Filii	
2-5	412-415	mei	
2-6	416-420	sunt	
2-7	420-421	,	
2-8	422-426	quos	
2-9	427-434	donavit	
2-10	435-439	mihi	
2-11	440-444	Deus	
2-12	445-447	in	
2-13	448-451	hoc	
2-14	452-456	loco	
2-15	456-457	.	

#Text=Adduc, inquit, eos ad me, ut benedicam illis.
#Text=10 Oculi enim Israël caligabant præ nimia senectute, et clare videre non poterat.
3-1	458-463	Adduc	
3-2	463-464	,	
3-3	465-471	inquit	
3-4	471-472	,	
3-5	473-476	eos	
3-6	477-479	ad	
3-7	480-482	me	
3-8	482-483	,	
3-9	484-486	ut	
3-10	487-496	benedicam	
3-11	497-502	illis	
3-12	502-503	.	
3-13	504-506	10	
3-14	507-512	Oculi	
3-15	513-517	enim	
3-16	518-524	Israël	
3-17	525-535	caligabant	
3-18	536-539	præ	
3-19	540-545	nimia	
3-20	546-555	senectute	
3-21	555-556	,	
3-22	557-559	et	
3-23	560-565	clare	
3-24	566-572	videre	
3-25	573-576	non	
3-26	577-584	poterat	
3-27	584-585	.	

#Text=Applicitosque ad se, deosculatus et circumplexus eos, 11 dixit ad filium suum : Non sum fraudatus aspectu tuo : insuper ostendit mihi Deus semen tuum.
#Text=12 Cumque tulisset eos Joseph de gremio patris, adoravit pronus in terram.
#Text=13 Et posuit Ephraim ad dexteram suam, id est, ad sinistram Israël : Manassen vero in sinistra sua, ad dexteram scilicet patris, applicuitque ambos ad eum.
#Text=14 Qui extendens manum dexteram, posuit super caput Ephraim minoris fratris : sinistram autem super caput Manasse qui major natu erat, commutans manus.
#Text=15 Benedixitque Jacob filiis Joseph, et ait : Deus, in cujus conspectu ambulaverunt patres mei Abraham, et Isaac ; Deus qui pascit me ab adolescentia mea usque in præsentem diem : 16 angelus, qui eruit me de cunctis malis, benedicat pueris istis : et invocetur super eos nomen meum, nomina quoque patrum meorum Abraham et Isaac, et crescant in multitudinem super terram.
#Text=17 Videns autem Joseph quod posuisset pater suus dexteram manum super caput Ephraim, graviter accepit : et apprehensam manum patris levare conatus est de capite Ephraim, et transferre super caput Manasse.
#Text=18 Dixitque ad patrem : Non ita convenit, pater : quia hic est primogenitus, pone dexteram tuam super caput ejus.
#Text=19 Qui renuens, ait : Scio, fili mi, scio : et iste quidem erit in populos, et multiplicabitur : sed frater ejus minor, major erit illo : et semen illius crescet in gentes.
#Text=20 Benedixitque eis in tempore illo, dicens : In te benedicetur Israël, atque dicetur : Faciat tibi Deus sicut Ephraim, et sicut Manasse.
4-1	586-599	Applicitosque	
4-2	600-602	ad	
4-3	603-605	se	
4-4	605-606	,	
4-5	607-618	deosculatus	
4-6	619-621	et	
4-7	622-634	circumplexus	
4-8	635-638	eos	
4-9	638-639	,	
4-10	640-642	11	
4-11	643-648	dixit	
4-12	649-651	ad	
4-13	652-658	filium	
4-14	659-663	suum	
4-15	664-665	:	
4-16	666-669	Non	
4-17	670-673	sum	
4-18	674-683	fraudatus	
4-19	684-691	aspectu	
4-20	692-695	tuo	
4-21	696-697	:	
4-22	698-705	insuper	
4-23	706-714	ostendit	
4-24	715-719	mihi	
4-25	720-724	Deus	
4-26	725-730	semen	
4-27	731-735	tuum	
4-28	735-736	.	
4-29	737-739	12	
4-30	740-746	Cumque	
4-31	747-755	tulisset	
4-32	756-759	eos	
4-33	760-766	Joseph	
4-34	767-769	de	
4-35	770-776	gremio	
4-36	777-783	patris	
4-37	783-784	,	
4-38	785-793	adoravit	
4-39	794-800	pronus	
4-40	801-803	in	
4-41	804-810	terram	
4-42	810-811	.	
4-43	812-814	13	
4-44	815-817	Et	
4-45	818-824	posuit	
4-46	825-832	Ephraim	
4-47	833-835	ad	
4-48	836-844	dexteram	
4-49	845-849	suam	
4-50	849-850	,	
4-51	851-853	id	
4-52	854-857	est	
4-53	857-858	,	
4-54	859-861	ad	
4-55	862-871	sinistram	
4-56	872-878	Israël	
4-57	879-880	:	
4-58	881-889	Manassen	
4-59	890-894	vero	
4-60	895-897	in	
4-61	898-906	sinistra	
4-62	907-910	sua	
4-63	910-911	,	
4-64	912-914	ad	
4-65	915-923	dexteram	
4-66	924-932	scilicet	
4-67	933-939	patris	
4-68	939-940	,	
4-69	941-953	applicuitque	
4-70	954-959	ambos	
4-71	960-962	ad	
4-72	963-966	eum	
4-73	966-967	.	
4-74	968-970	14	
4-75	971-974	Qui	
4-76	975-984	extendens	
4-77	985-990	manum	
4-78	991-999	dexteram	
4-79	999-1000	,	
4-80	1001-1007	posuit	
4-81	1008-1013	super	
4-82	1014-1019	caput	
4-83	1020-1027	Ephraim	
4-84	1028-1035	minoris	
4-85	1036-1043	fratris	
4-86	1044-1045	:	
4-87	1046-1055	sinistram	
4-88	1056-1061	autem	
4-89	1062-1067	super	
4-90	1068-1073	caput	
4-91	1074-1081	Manasse	
4-92	1082-1085	qui	
4-93	1086-1091	major	
4-94	1092-1096	natu	
4-95	1097-1101	erat	
4-96	1101-1102	,	
4-97	1103-1112	commutans	
4-98	1113-1118	manus	
4-99	1118-1119	.	
4-100	1120-1122	15	
4-101	1123-1135	Benedixitque	
4-102	1136-1141	Jacob	
4-103	1142-1148	filiis	
4-104	1149-1155	Joseph	
4-105	1155-1156	,	
4-106	1157-1159	et	
4-107	1160-1163	ait	
4-108	1164-1165	:	
4-109	1166-1170	Deus	
4-110	1170-1171	,	
4-111	1172-1174	in	
4-112	1175-1180	cujus	
4-113	1181-1190	conspectu	
4-114	1191-1203	ambulaverunt	
4-115	1204-1210	patres	
4-116	1211-1214	mei	
4-117	1215-1222	Abraham	
4-118	1222-1223	,	
4-119	1224-1226	et	
4-120	1227-1232	Isaac	
4-121	1233-1234	;	
4-122	1235-1239	Deus	
4-123	1240-1243	qui	
4-124	1244-1250	pascit	
4-125	1251-1253	me	
4-126	1254-1256	ab	
4-127	1257-1269	adolescentia	
4-128	1270-1273	mea	
4-129	1274-1279	usque	
4-130	1280-1282	in	
4-131	1283-1292	præsentem	
4-132	1293-1297	diem	
4-133	1298-1299	:	
4-134	1300-1302	16	
4-135	1303-1310	angelus	
4-136	1310-1311	,	
4-137	1312-1315	qui	
4-138	1316-1321	eruit	
4-139	1322-1324	me	
4-140	1325-1327	de	
4-141	1328-1335	cunctis	
4-142	1336-1341	malis	
4-143	1341-1342	,	
4-144	1343-1352	benedicat	
4-145	1353-1359	pueris	
4-146	1360-1365	istis	
4-147	1366-1367	:	
4-148	1368-1370	et	
4-149	1371-1380	invocetur	
4-150	1381-1386	super	
4-151	1387-1390	eos	
4-152	1391-1396	nomen	
4-153	1397-1401	meum	
4-154	1401-1402	,	
4-155	1403-1409	nomina	
4-156	1410-1416	quoque	
4-157	1417-1423	patrum	
4-158	1424-1430	meorum	
4-159	1431-1438	Abraham	
4-160	1439-1441	et	
4-161	1442-1447	Isaac	
4-162	1447-1448	,	
4-163	1449-1451	et	
4-164	1452-1460	crescant	
4-165	1461-1463	in	
4-166	1464-1476	multitudinem	
4-167	1477-1482	super	
4-168	1483-1489	terram	
4-169	1489-1490	.	
4-170	1491-1493	17	
4-171	1494-1500	Videns	
4-172	1501-1506	autem	
4-173	1507-1513	Joseph	
4-174	1514-1518	quod	
4-175	1519-1528	posuisset	
4-176	1529-1534	pater	
4-177	1535-1539	suus	
4-178	1540-1548	dexteram	
4-179	1549-1554	manum	
4-180	1555-1560	super	
4-181	1561-1566	caput	
4-182	1567-1574	Ephraim	
4-183	1574-1575	,	
4-184	1576-1584	graviter	
4-185	1585-1592	accepit	
4-186	1593-1594	:	
4-187	1595-1597	et	
4-188	1598-1609	apprehensam	
4-189	1610-1615	manum	
4-190	1616-1622	patris	
4-191	1623-1629	levare	
4-192	1630-1637	conatus	
4-193	1638-1641	est	
4-194	1642-1644	de	
4-195	1645-1651	capite	
4-196	1652-1659	Ephraim	
4-197	1659-1660	,	
4-198	1661-1663	et	
4-199	1664-1674	transferre	
4-200	1675-1680	super	
4-201	1681-1686	caput	
4-202	1687-1694	Manasse	
4-203	1694-1695	.	
4-204	1696-1698	18	
4-205	1699-1707	Dixitque	
4-206	1708-1710	ad	
4-207	1711-1717	patrem	
4-208	1718-1719	:	
4-209	1720-1723	Non	
4-210	1724-1727	ita	
4-211	1728-1736	convenit	
4-212	1736-1737	,	
4-213	1738-1743	pater	
4-214	1744-1745	:	
4-215	1746-1750	quia	
4-216	1751-1754	hic	
4-217	1755-1758	est	
4-218	1759-1771	primogenitus	
4-219	1771-1772	,	
4-220	1773-1777	pone	
4-221	1778-1786	dexteram	
4-222	1787-1791	tuam	
4-223	1792-1797	super	
4-224	1798-1803	caput	
4-225	1804-1808	ejus	
4-226	1808-1809	.	
4-227	1810-1812	19	
4-228	1813-1816	Qui	
4-229	1817-1824	renuens	
4-230	1824-1825	,	
4-231	1826-1829	ait	
4-232	1830-1831	:	
4-233	1832-1836	Scio	
4-234	1836-1837	,	
4-235	1838-1842	fili	
4-236	1843-1845	mi	
4-237	1845-1846	,	
4-238	1847-1851	scio	
4-239	1852-1853	:	
4-240	1854-1856	et	
4-241	1857-1861	iste	
4-242	1862-1868	quidem	
4-243	1869-1873	erit	
4-244	1874-1876	in	
4-245	1877-1884	populos	
4-246	1884-1885	,	
4-247	1886-1888	et	
4-248	1889-1904	multiplicabitur	
4-249	1905-1906	:	
4-250	1907-1910	sed	
4-251	1911-1917	frater	
4-252	1918-1922	ejus	
4-253	1923-1928	minor	
4-254	1928-1929	,	
4-255	1930-1935	major	
4-256	1936-1940	erit	
4-257	1941-1945	illo	
4-258	1946-1947	:	
4-259	1948-1950	et	
4-260	1951-1956	semen	
4-261	1957-1963	illius	
4-262	1964-1971	crescet	
4-263	1972-1974	in	
4-264	1975-1981	gentes	
4-265	1981-1982	.	
4-266	1983-1985	20	
4-267	1986-1998	Benedixitque	
4-268	1999-2002	eis	
4-269	2003-2005	in	
4-270	2006-2013	tempore	
4-271	2014-2018	illo	
4-272	2018-2019	,	
4-273	2020-2026	dicens	
4-274	2027-2028	:	
4-275	2029-2031	In	
4-276	2032-2034	te	
4-277	2035-2046	benedicetur	
4-278	2047-2053	Israël	
4-279	2053-2054	,	
4-280	2055-2060	atque	
4-281	2061-2068	dicetur	
4-282	2069-2070	:	
4-283	2071-2077	Faciat	
4-284	2078-2082	tibi	
4-285	2083-2087	Deus	
4-286	2088-2093	sicut	
4-287	2094-2101	Ephraim	
4-288	2101-2102	,	
4-289	2103-2105	et	
4-290	2106-2111	sicut	
4-291	2112-2119	Manasse	
4-292	2119-2120	.	

#Text=Constituitque Ephraim ante Manassen.
#Text=21 Et ait ad Joseph filium suum : En ego morior, et erit Deus vobiscum, reducetque vos ad terram patrum vestrorum.
#Text=22 Do tibi partem unam extra fratres tuos, quam tuli de manu Amorrhæi in gladio et arcu meo.
5-1	2121-2134	Constituitque	
5-2	2135-2142	Ephraim	
5-3	2143-2147	ante	
5-4	2148-2156	Manassen	
5-5	2156-2157	.	
5-6	2158-2160	21	
5-7	2161-2163	Et	
5-8	2164-2167	ait	
5-9	2168-2170	ad	
5-10	2171-2177	Joseph	
5-11	2178-2184	filium	
5-12	2185-2189	suum	
5-13	2190-2191	:	
5-14	2192-2194	En	
5-15	2195-2198	ego	
5-16	2199-2205	morior	
5-17	2205-2206	,	
5-18	2207-2209	et	
5-19	2210-2214	erit	
5-20	2215-2219	Deus	
5-21	2220-2228	vobiscum	
5-22	2228-2229	,	
5-23	2230-2240	reducetque	
5-24	2241-2244	vos	
5-25	2245-2247	ad	
5-26	2248-2254	terram	
5-27	2255-2261	patrum	
5-28	2262-2271	vestrorum	
5-29	2271-2272	.	
5-30	2273-2275	22	
5-31	2276-2278	Do	
5-32	2279-2283	tibi	
5-33	2284-2290	partem	
5-34	2291-2295	unam	
5-35	2296-2301	extra	
5-36	2302-2309	fratres	
5-37	2310-2314	tuos	
5-38	2314-2315	,	
5-39	2316-2320	quam	
5-40	2321-2325	tuli	
5-41	2326-2328	de	
5-42	2329-2333	manu	
5-43	2334-2342	Amorrhæi	
5-44	2343-2345	in	
5-45	2346-2352	gladio	
5-46	2353-2355	et	
5-47	2356-2360	arcu	
5-48	2361-2364	meo	
5-49	2364-2365	.	

#Text=Caput 49
#Text=
#Text=
#Text=1 Vocavit autem Jacob filios suos, et ait eis : Congregamini, ut annuntiem quæ ventura sunt vobis in diebus novissimis.
#Text=2 Congregamini, et audite, filii Jacob, audite Israël patrem vestrum : 3 Ruben, primogenitus meus, tu fortitudo mea, et principium doloris mei ; prior in donis, major in imperio.
6-1	2366-2371	Caput	
6-2	2372-2374	49	
6-3	2377-2378	1	
6-4	2379-2386	Vocavit	
6-5	2387-2392	autem	
6-6	2393-2398	Jacob	
6-7	2399-2405	filios	
6-8	2406-2410	suos	
6-9	2410-2411	,	
6-10	2412-2414	et	
6-11	2415-2418	ait	
6-12	2419-2422	eis	
6-13	2423-2424	:	
6-14	2425-2437	Congregamini	
6-15	2437-2438	,	
6-16	2439-2441	ut	
6-17	2442-2451	annuntiem	
6-18	2452-2455	quæ	
6-19	2456-2463	ventura	
6-20	2464-2468	sunt	
6-21	2469-2474	vobis	
6-22	2475-2477	in	
6-23	2478-2484	diebus	
6-24	2485-2495	novissimis	
6-25	2495-2496	.	
6-26	2497-2498	2	
6-27	2499-2511	Congregamini	
6-28	2511-2512	,	
6-29	2513-2515	et	
6-30	2516-2522	audite	
6-31	2522-2523	,	
6-32	2524-2529	filii	
6-33	2530-2535	Jacob	
6-34	2535-2536	,	
6-35	2537-2543	audite	
6-36	2544-2550	Israël	
6-37	2551-2557	patrem	
6-38	2558-2565	vestrum	
6-39	2566-2567	:	
6-40	2568-2569	3	
6-41	2570-2575	Ruben	
6-42	2575-2576	,	
6-43	2577-2589	primogenitus	
6-44	2590-2594	meus	
6-45	2594-2595	,	
6-46	2596-2598	tu	
6-47	2599-2608	fortitudo	
6-48	2609-2612	mea	
6-49	2612-2613	,	
6-50	2614-2616	et	
6-51	2617-2627	principium	
6-52	2628-2635	doloris	
6-53	2636-2639	mei	
6-54	2640-2641	;	
6-55	2642-2647	prior	
6-56	2648-2650	in	
6-57	2651-2656	donis	
6-58	2656-2657	,	
6-59	2658-2663	major	
6-60	2664-2666	in	
6-61	2667-2674	imperio	
6-62	2674-2675	.	
