#FORMAT=WebAnno TSV 3.3


#Text=zal het niet kwalyk passen, dat wy insgelyks een weinig spreeken van de reflexie
#Text=derzelve; zynde een zaak die wel een naauwkeurige opmerkinge vereischt, alzo
#Text=hier in veeltydts groote misslagen worden begaan, wanneer men het niet na
#Text=behooren, en met een ryp oordeel, overweegt eer men het in 't werk stelt.
1-1	2-5	zal	
1-2	6-9	het	
1-3	10-14	niet	
1-4	15-21	kwalyk	
1-5	22-28	passen	
1-6	28-29	,	
1-7	30-33	dat	
1-8	34-36	wy	
1-9	37-46	insgelyks	
1-10	47-50	een	
1-11	51-57	weinig	
1-12	58-66	spreeken	
1-13	67-70	van	
1-14	71-73	de	
1-15	74-82	reflexie	
1-16	83-91	derzelve	
1-17	91-92	;	
1-18	93-98	zynde	
1-19	99-102	een	
1-20	103-107	zaak	
1-21	108-111	die	
1-22	112-115	wel	
1-23	116-119	een	
1-24	120-132	naauwkeurige	
1-25	133-143	opmerkinge	
1-26	144-153	vereischt	
1-27	153-154	,	
1-28	155-159	alzo	
1-29	160-164	hier	
1-30	165-167	in	
1-31	168-177	veeltydts	
1-32	178-184	groote	
1-33	185-194	misslagen	
1-34	195-201	worden	
1-35	202-208	begaan	
1-36	208-209	,	
1-37	210-217	wanneer	
1-38	218-221	men	
1-39	222-225	het	
1-40	226-230	niet	
1-41	231-233	na	
1-42	234-242	behooren	
1-43	242-243	,	
1-44	244-246	en	
1-45	247-250	met	
1-46	251-254	een	
1-47	255-258	ryp	
1-48	259-266	oordeel	
1-49	266-267	,	
1-50	268-277	overweegt	
1-51	278-281	eer	
1-52	282-285	men	
1-53	286-289	het	
1-54	290-292	in	
1-55	293-294	'	
1-56	294-295	t	
1-57	296-300	werk	
1-58	301-306	stelt	
1-59	306-307	.	

#Text=Wy
#Text=zullen dan, om onze zaak klaarlyk te bewyzen, alhier drie voorbeelden ter
#Text=neder stellen.
2-1	310-312	Wy	
2-2	313-319	zullen	
2-3	320-323	dan	
2-4	323-324	,	
2-5	325-327	om	
2-6	328-332	onze	
2-7	333-337	zaak	
2-8	338-346	klaarlyk	
2-9	347-349	te	
2-10	350-357	bewyzen	
2-11	357-358	,	
2-12	359-365	alhier	
2-13	366-370	drie	
2-14	371-382	voorbeelden	
2-15	383-386	ter	
2-16	387-392	neder	
2-17	393-400	stellen	
2-18	400-401	.	

#Text=De cyfferletters in de zelve beteekenen de tinten.
#Text=1 is een tint: 2 weder een tint
#Text=bruinden: en 3 noch een tint bruinder
3-1	404-406	De	
3-2	407-420	cyfferletters	
3-3	421-423	in	
3-4	424-426	de	
3-5	427-432	zelve	
3-6	433-443	beteekenen	
3-7	444-446	de	
3-8	447-453	tinten	
3-9	453-454	.	
3-10	455-456	1	
3-11	457-459	is	
3-12	460-463	een	
3-13	464-468	tint	
3-14	468-469	:	
3-15	470-471	2	
3-16	472-477	weder	
3-17	478-481	een	
3-18	482-486	tint	
3-19	487-495	bruinden	
3-20	495-496	:	
3-21	497-499	en	
3-22	500-501	3	
3-23	502-506	noch	
3-24	507-510	een	
3-25	511-515	tint	
3-26	516-524	bruinder	

#Text=.
4-1	524-525	.	

#Text=+
#Text=
#Text=
#Text=Het beeld A is een tint donkerder in de schaduwe als B. om dies wille dat de
#Text=stam C een ruuw voorwerp is 't welk geen licht van zich kan geeven, en het witte +Voorbeeld van de reflexie
#Text=huis D in tegendeel een groot licht of wederkaatsing.
5-1	527-528	+	
5-2	531-534	Het	
5-3	535-540	beeld	
5-4	541-542	A	
5-5	543-545	is	
5-6	546-549	een	
5-7	550-554	tint	
5-8	555-564	donkerder	
5-9	565-567	in	
5-10	568-570	de	
5-11	571-579	schaduwe	
5-12	580-583	als	
5-13	584-585	B	
5-14	585-586	.	
5-15	587-589	om	
5-16	590-594	dies	
5-17	595-600	wille	
5-18	601-604	dat	
5-19	605-607	de	
5-20	608-612	stam	
5-21	613-614	C	
5-22	615-618	een	
5-23	619-623	ruuw	
5-24	624-632	voorwerp	
5-25	633-635	is	
5-26	636-637	'	
5-27	637-638	t	
5-28	639-643	welk	
5-29	644-648	geen	
5-30	649-654	licht	
5-31	655-658	van	
5-32	659-663	zich	
5-33	664-667	kan	
5-34	668-674	geeven	
5-35	674-675	,	
5-36	676-678	en	
5-37	679-682	het	
5-38	683-688	witte	
5-39	689-690	+	
5-40	690-699	Voorbeeld	
5-41	700-703	van	
5-42	704-706	de	
5-43	707-715	reflexie	
5-44	716-720	huis	
5-45	721-722	D	
5-46	723-725	in	
5-47	726-735	tegendeel	
5-48	736-739	een	
5-49	740-745	groot	
5-50	746-751	licht	
5-51	752-754	of	
5-52	755-768	wederkaatsing	
5-53	768-769	.	

#Text=Wanneer het huis daar nu der lucht.
#Text=niet stond, maar dat het alleenlyk een vlak veld vertoonde, zou B noch eer lichter
#Text=als donkerder zyn.
6-1	770-777	Wanneer	
6-2	778-781	het	
6-3	782-786	huis	
6-4	787-791	daar	
6-5	792-794	nu	
6-6	795-798	der	
6-7	799-804	lucht	
6-8	804-805	.	
6-9	806-810	niet	
6-10	811-816	stond	
6-11	816-817	,	
6-12	818-822	maar	
6-13	823-826	dat	
6-14	827-830	het	
6-15	831-840	alleenlyk	
6-16	841-844	een	
6-17	845-849	vlak	
6-18	850-854	veld	
6-19	855-864	vertoonde	
6-20	864-865	,	
6-21	866-869	zou	
6-22	870-871	B	
6-23	872-876	noch	
6-24	877-880	eer	
6-25	881-888	lichter	
6-26	889-892	als	
6-27	893-902	donkerder	
6-28	903-906	zyn	
6-29	906-907	.	

#Text=Als men nu de stam en de achter staande kleine boomen ook
#Text=weg nam, dan zouden die twee beelden even eens van schaduwe weezen.
7-1	908-911	Als	
7-2	912-915	men	
7-3	916-918	nu	
7-4	919-921	de	
7-5	922-926	stam	
7-6	927-929	en	
7-7	930-932	de	
7-8	933-939	achter	
7-9	940-947	staande	
7-10	948-954	kleine	
7-11	955-961	boomen	
7-12	962-965	ook	
7-13	966-969	weg	
7-14	970-973	nam	
7-15	973-974	,	
7-16	975-978	dan	
7-17	979-985	zouden	
7-18	986-989	die	
7-19	990-994	twee	
7-20	995-1002	beelden	
7-21	1003-1007	even	
7-22	1008-1012	eens	
7-23	1013-1016	van	
7-24	1017-1025	schaduwe	
7-25	1026-1032	weezen	
7-26	1032-1033	.	

#Text=Nu zien
#Text=wy twee beelden paralel op een grond, het een donker en het ander lichter, hoewel
#Text=de diepsels in het laatste hunne eigene kracht behouden;
#Text=het welk anders verbeeld
#Text=zynde, tegens de natuur en de regels van de Konst zoude stryden.
8-1	1034-1036	Nu	
8-2	1037-1041	zien	
8-3	1042-1044	wy	
8-4	1045-1049	twee	
8-5	1050-1057	beelden	
8-6	1058-1065	paralel	
8-7	1066-1068	op	
8-8	1069-1072	een	
8-9	1073-1078	grond	
8-10	1078-1079	,	
8-11	1080-1083	het	
8-12	1084-1087	een	
8-13	1088-1094	donker	
8-14	1095-1097	en	
8-15	1098-1101	het	
8-16	1102-1107	ander	
8-17	1108-1115	lichter	
8-18	1115-1116	,	
8-19	1117-1123	hoewel	
8-20	1124-1126	de	
8-21	1127-1135	diepsels	
8-22	1136-1138	in	
8-23	1139-1142	het	
8-24	1143-1150	laatste	
8-25	1151-1156	hunne	
8-26	1157-1163	eigene	
8-27	1164-1170	kracht	
8-28	1171-1179	behouden	
8-29	1179-1180	;	
8-30	1181-1184	het	
8-31	1185-1189	welk	
8-32	1190-1196	anders	
8-33	1197-1205	verbeeld	
8-34	1206-1211	zynde	
8-35	1211-1212	,	
8-36	1213-1219	tegens	
8-37	1220-1222	de	
8-38	1223-1229	natuur	
8-39	1230-1232	en	
8-40	1233-1235	de	
8-41	1236-1242	regels	
8-42	1243-1246	van	
8-43	1247-1249	de	
8-44	1250-1255	Konst	
8-45	1256-1261	zoude	
8-46	1262-1269	stryden	
8-47	1269-1270	.	

#Text=Het twede voorbeeld is dezelfde aanmerkinge.
9-1	1273-1276	Het	
9-2	1277-1282	twede	
9-3	1283-1292	voorbeeld	
9-4	1293-1295	is	
9-5	1296-1304	dezelfde	
9-6	1305-1316	aanmerkinge	
9-7	1316-1317	.	

#Text=Nu ben ik wel verzekerd, volgens de ondervindinge, dat wanneer men aan eenigen,
#Text=zonder deze Aftekening gezien en de reden daar over gehoord te hebben, een
#Text=ommetrek van het volgende of een diergelyk concept gaf, even alzo geschikt, den
#Text=een dus verre van het bos en den ander zo veel nader, beide paralel aan den horizont
#Text=staande, om dezelve na hunne eigene bevatting te schaduwen, zy die gelyk in licht
#Text=en schaduwe zouden vertoonen:
#Text=daar het nochtans een onfeilbare regel is, dat
#Text=deze, die het verste van het bos staat, veel meer lucht rondom zich heeft, als die
#Text=welke nader is.
10-1	1320-1322	Nu	
10-2	1323-1326	ben	
10-3	1327-1329	ik	
10-4	1330-1333	wel	
10-5	1334-1343	verzekerd	
10-6	1343-1344	,	
10-7	1345-1352	volgens	
10-8	1353-1355	de	
10-9	1356-1369	ondervindinge	
10-10	1369-1370	,	
10-11	1371-1374	dat	
10-12	1375-1382	wanneer	
10-13	1383-1386	men	
10-14	1387-1390	aan	
10-15	1391-1398	eenigen	
10-16	1398-1399	,	
10-17	1400-1406	zonder	
10-18	1407-1411	deze	
10-19	1412-1422	Aftekening	
10-20	1423-1429	gezien	
10-21	1430-1432	en	
10-22	1433-1435	de	
10-23	1436-1441	reden	
10-24	1442-1446	daar	
10-25	1447-1451	over	
10-26	1452-1459	gehoord	
10-27	1460-1462	te	
10-28	1463-1469	hebben	
10-29	1469-1470	,	
10-30	1471-1474	een	
10-31	1475-1483	ommetrek	
10-32	1484-1487	van	
10-33	1488-1491	het	
10-34	1492-1500	volgende	
10-35	1501-1503	of	
10-36	1504-1507	een	
10-37	1508-1517	diergelyk	
10-38	1518-1525	concept	
10-39	1526-1529	gaf	
10-40	1529-1530	,	
10-41	1531-1535	even	
10-42	1536-1540	alzo	
10-43	1541-1549	geschikt	
10-44	1549-1550	,	
10-45	1551-1554	den	
10-46	1555-1558	een	
10-47	1559-1562	dus	
10-48	1563-1568	verre	
10-49	1569-1572	van	
10-50	1573-1576	het	
10-51	1577-1580	bos	
10-52	1581-1583	en	
10-53	1584-1587	den	
10-54	1588-1593	ander	
10-55	1594-1596	zo	
10-56	1597-1601	veel	
10-57	1602-1607	nader	
10-58	1607-1608	,	
10-59	1609-1614	beide	
10-60	1615-1622	paralel	
10-61	1623-1626	aan	
10-62	1627-1630	den	
10-63	1631-1639	horizont	
10-64	1640-1647	staande	
10-65	1647-1648	,	
10-66	1649-1651	om	
10-67	1652-1659	dezelve	
10-68	1660-1662	na	
10-69	1663-1668	hunne	
10-70	1669-1675	eigene	
10-71	1676-1685	bevatting	
10-72	1686-1688	te	
10-73	1689-1698	schaduwen	
10-74	1698-1699	,	
10-75	1700-1702	zy	
10-76	1703-1706	die	
10-77	1707-1712	gelyk	
10-78	1713-1715	in	
10-79	1716-1721	licht	
10-80	1722-1724	en	
10-81	1725-1733	schaduwe	
10-82	1734-1740	zouden	
10-83	1741-1750	vertoonen	
10-84	1750-1751	:	
10-85	1752-1756	daar	
10-86	1757-1760	het	
10-87	1761-1769	nochtans	
10-88	1770-1773	een	
10-89	1774-1784	onfeilbare	
10-90	1785-1790	regel	
10-91	1791-1793	is	
10-92	1793-1794	,	
10-93	1795-1798	dat	
10-94	1799-1803	deze	
10-95	1803-1804	,	
10-96	1805-1808	die	
10-97	1809-1812	het	
10-98	1813-1819	verste	
10-99	1820-1823	van	
10-100	1824-1827	het	
10-101	1828-1831	bos	
10-102	1832-1837	staat	
10-103	1837-1838	,	
10-104	1839-1843	veel	
10-105	1844-1848	meer	
10-106	1849-1854	lucht	
10-107	1855-1861	rondom	
10-108	1862-1866	zich	
10-109	1867-1872	heeft	
10-110	1872-1873	,	
10-111	1874-1877	als	
10-112	1878-1881	die	
10-113	1882-1887	welke	
10-114	1888-1893	nader	
10-115	1894-1896	is	
10-116	1896-1897	.	

#Text=By gevolg kan het onmogelyk anders weezen, als men 't hier verbeeld
#Text=ziet:
11-1	1898-1900	By	
11-2	1901-1907	gevolg	
11-3	1908-1911	kan	
11-4	1912-1915	het	
11-5	1916-1925	onmogelyk	
11-6	1926-1932	anders	
11-7	1933-1939	weezen	
11-8	1939-1940	,	
11-9	1941-1944	als	
11-10	1945-1948	men	
11-11	1949-1950	'	
11-12	1950-1951	t	
11-13	1952-1956	hier	
11-14	1957-1965	verbeeld	
11-15	1966-1970	ziet	
11-16	1970-1971	:	
