#FORMAT=WebAnno TSV 3.3
#T_SP=custom.Span|label
#T_RL=custom.Relation|label|BT_custom.Span


#Text=Een werk zeer goed
#Text=voor de Heeren Pastoren, Biegtvaders, en Geleiders der zielen, en voordeelig voor
#Text=de hoofden der huisgezinnen, in twe stukken, in Twaalven.
1-1	2-5	Een	_	_	_	
1-2	6-10	werk	_	_	_	
1-3	11-15	zeer	_	_	_	
1-4	16-20	goed	_	_	_	
1-5	21-25	voor	_	_	_	
1-6	26-28	de	_	_	_	
1-7	29-35	Heeren	_	_	_	
1-8	36-44	Pastoren	_	_	_	
1-9	44-45	,	_	_	_	
1-10	46-57	Biegtvaders	_	_	_	
1-11	57-58	,	_	_	_	
1-12	59-61	en	_	_	_	
1-13	62-71	Geleiders	_	_	_	
1-14	72-75	der	_	_	_	
1-15	76-82	zielen	_	_	_	
1-16	82-83	,	_	_	_	
1-17	84-86	en	_	_	_	
1-18	87-97	voordeelig	_	_	_	
1-19	98-102	voor	_	_	_	
1-20	103-105	de	_	_	_	
1-21	106-113	hoofden	_	_	_	
1-22	114-117	der	_	_	_	
1-23	118-130	huisgezinnen	_	_	_	
1-24	130-131	,	_	_	_	
1-25	132-134	in	_	_	_	
1-26	135-138	twe	_	_	_	
1-27	139-146	stukken	_	_	_	
1-28	146-147	,	_	_	_	
1-29	148-150	in	_	_	_	
1-30	151-159	Twaalven	_	_	_	
1-31	159-160	.	_	_	_	

#Text=Maar dit is een rechtaartig
#Text=middel, dat niet dan in Tabletjes bestaat, die in smaak, geur en kleur Chocolaat
#Text=schynen.
2-1	161-165	Maar	_	_	_	
2-2	166-169	dit	_	_	_	
2-3	170-172	is	_	_	_	
2-4	173-176	een	_	_	_	
2-5	177-188	rechtaartig	Smell\_Source[1]	_	_	
2-6	189-195	middel	Smell\_Source[1]	_	_	
2-7	195-196	,	_	_	_	
2-8	197-200	dat	_	_	_	
2-9	201-205	niet	_	_	_	
2-10	206-209	dan	_	_	_	
2-11	210-212	in	_	_	_	
2-12	213-222	Tabletjes	_	_	_	
2-13	223-230	bestaat	_	_	_	
2-14	230-231	,	_	_	_	
2-15	232-235	die	_	_	_	
2-16	236-238	in	_	_	_	
2-17	239-244	smaak	_	_	_	
2-18	244-245	,	_	_	_	
2-19	246-250	geur	Smell\_Word	*|*	2-5[1_0]|2-22[2_0]	
2-20	251-253	en	_	_	_	
2-21	254-259	kleur	_	_	_	
2-22	260-269	Chocolaat	Evoked\_Odorant[2]	_	_	
2-23	270-277	schynen	Evoked\_Odorant[2]	_	_	
2-24	277-278	.	_	_	_	

#Text=Men heeft ze zedert verscheiden jaren aan verscheiden Kurees, en Zielzorger, en
#Text=Oversten van gemeenschappen bekend gemaakt, op den raad van drie verstandige
#Text=Geneesmeesters, die verzekerden, dat ze niet konden schaden.
3-1	281-284	Men	_	_	_	
3-2	285-290	heeft	_	_	_	
3-3	291-293	ze	_	_	_	
3-4	294-300	zedert	_	_	_	
3-5	301-312	verscheiden	_	_	_	
3-6	313-318	jaren	_	_	_	
3-7	319-322	aan	_	_	_	
3-8	323-334	verscheiden	_	_	_	
3-9	335-341	Kurees	_	_	_	
3-10	341-342	,	_	_	_	
3-11	343-345	en	_	_	_	
3-12	346-356	Zielzorger	_	_	_	
3-13	356-357	,	_	_	_	
3-14	358-360	en	_	_	_	
3-15	361-369	Oversten	_	_	_	
3-16	370-373	van	_	_	_	
3-17	374-388	gemeenschappen	_	_	_	
3-18	389-395	bekend	_	_	_	
3-19	396-403	gemaakt	_	_	_	
3-20	403-404	,	_	_	_	
3-21	405-407	op	_	_	_	
3-22	408-411	den	_	_	_	
3-23	412-416	raad	_	_	_	
3-24	417-420	van	_	_	_	
3-25	421-425	drie	_	_	_	
3-26	426-437	verstandige	_	_	_	
3-27	438-452	Geneesmeesters	_	_	_	
3-28	452-453	,	_	_	_	
3-29	454-457	die	_	_	_	
3-30	458-469	verzekerden	_	_	_	
3-31	469-470	,	_	_	_	
3-32	471-474	dat	_	_	_	
3-33	475-477	ze	_	_	_	
3-34	478-482	niet	_	_	_	
3-35	483-489	konden	_	_	_	
3-36	490-497	schaden	_	_	_	
3-37	497-498	.	_	_	_	

#Text=Men heeft’er oneindige
#Text=proeven van genomen, die alle een goed gevolg gehad hebben, en nooit enig kwaad
#Text=deden, Midlerwyl, gelyk dit rechtaartig mlddel niets anders doet, dan de bewegingen
#Text=van het vlees temmen, zo laat het altyd aan het hart de noodzaaklykheid om over
#Text=zich en de zinnen te waken, en God zonder ophouden om de genade van de heilige
#Text=kuisheid te bidden:
#Text=maar het heeft daar door ook dat voordeel, dat het in ’t vervolg
#Text=de jonge luiden, die’er van gebruikt hadden, om ’t eerste vuur te dooven, niet belette,
#Text=zich in ’t huwelyk te verbinden, als de Voorzienigheid hen tot het huwelyk wil
#Text=toelaten.
4-1	499-502	Men	_	_	_	
4-2	503-508	heeft	_	_	_	
4-3	508-509	’	_	_	_	
4-4	509-511	er	_	_	_	
4-5	512-521	oneindige	_	_	_	
4-6	522-529	proeven	_	_	_	
4-7	530-533	van	_	_	_	
4-8	534-541	genomen	_	_	_	
4-9	541-542	,	_	_	_	
4-10	543-546	die	_	_	_	
4-11	547-551	alle	_	_	_	
4-12	552-555	een	_	_	_	
4-13	556-560	goed	_	_	_	
4-14	561-567	gevolg	_	_	_	
4-15	568-573	gehad	_	_	_	
4-16	574-580	hebben	_	_	_	
4-17	580-581	,	_	_	_	
4-18	582-584	en	_	_	_	
4-19	585-590	nooit	_	_	_	
4-20	591-595	enig	_	_	_	
4-21	596-601	kwaad	_	_	_	
4-22	602-607	deden	_	_	_	
4-23	607-608	,	_	_	_	
4-24	609-618	Midlerwyl	_	_	_	
4-25	618-619	,	_	_	_	
4-26	620-625	gelyk	_	_	_	
4-27	626-629	dit	_	_	_	
4-28	630-641	rechtaartig	_	_	_	
4-29	642-648	mlddel	_	_	_	
4-30	649-654	niets	_	_	_	
4-31	655-661	anders	_	_	_	
4-32	662-666	doet	_	_	_	
4-33	666-667	,	_	_	_	
4-34	668-671	dan	_	_	_	
4-35	672-674	de	_	_	_	
4-36	675-685	bewegingen	_	_	_	
4-37	686-689	van	_	_	_	
4-38	690-693	het	_	_	_	
4-39	694-699	vlees	_	_	_	
4-40	700-706	temmen	_	_	_	
4-41	706-707	,	_	_	_	
4-42	708-710	zo	_	_	_	
4-43	711-715	laat	_	_	_	
4-44	716-719	het	_	_	_	
4-45	720-725	altyd	_	_	_	
4-46	726-729	aan	_	_	_	
4-47	730-733	het	_	_	_	
4-48	734-738	hart	_	_	_	
4-49	739-741	de	_	_	_	
4-50	742-757	noodzaaklykheid	_	_	_	
4-51	758-760	om	_	_	_	
4-52	761-765	over	_	_	_	
4-53	766-770	zich	_	_	_	
4-54	771-773	en	_	_	_	
4-55	774-776	de	_	_	_	
4-56	777-783	zinnen	_	_	_	
4-57	784-786	te	_	_	_	
4-58	787-792	waken	_	_	_	
4-59	792-793	,	_	_	_	
4-60	794-796	en	_	_	_	
4-61	797-800	God	_	_	_	
4-62	801-807	zonder	_	_	_	
4-63	808-816	ophouden	_	_	_	
4-64	817-819	om	_	_	_	
4-65	820-822	de	_	_	_	
4-66	823-829	genade	_	_	_	
4-67	830-833	van	_	_	_	
4-68	834-836	de	_	_	_	
4-69	837-844	heilige	_	_	_	
4-70	845-853	kuisheid	_	_	_	
4-71	854-856	te	_	_	_	
4-72	857-863	bidden	_	_	_	
4-73	863-864	:	_	_	_	
4-74	865-869	maar	_	_	_	
4-75	870-873	het	_	_	_	
4-76	874-879	heeft	_	_	_	
4-77	880-884	daar	_	_	_	
4-78	885-889	door	_	_	_	
4-79	890-893	ook	_	_	_	
4-80	894-897	dat	_	_	_	
4-81	898-906	voordeel	_	_	_	
4-82	906-907	,	_	_	_	
4-83	908-911	dat	_	_	_	
4-84	912-915	het	_	_	_	
4-85	916-918	in	_	_	_	
4-86	919-920	’	_	_	_	
4-87	920-921	t	_	_	_	
4-88	922-929	vervolg	_	_	_	
4-89	930-932	de	_	_	_	
4-90	933-938	jonge	_	_	_	
4-91	939-945	luiden	_	_	_	
4-92	945-946	,	_	_	_	
4-93	947-950	die	_	_	_	
4-94	950-951	’	_	_	_	
4-95	951-953	er	_	_	_	
4-96	954-957	van	_	_	_	
4-97	958-966	gebruikt	_	_	_	
4-98	967-973	hadden	_	_	_	
4-99	973-974	,	_	_	_	
4-100	975-977	om	_	_	_	
4-101	978-979	’	_	_	_	
4-102	979-980	t	_	_	_	
4-103	981-987	eerste	_	_	_	
4-104	988-992	vuur	_	_	_	
4-105	993-995	te	_	_	_	
4-106	996-1002	dooven	_	_	_	
4-107	1002-1003	,	_	_	_	
4-108	1004-1008	niet	_	_	_	
4-109	1009-1016	belette	_	_	_	
4-110	1016-1017	,	_	_	_	
4-111	1018-1022	zich	_	_	_	
4-112	1023-1025	in	_	_	_	
4-113	1026-1027	’	_	_	_	
4-114	1027-1028	t	_	_	_	
4-115	1029-1036	huwelyk	_	_	_	
4-116	1037-1039	te	_	_	_	
4-117	1040-1049	verbinden	_	_	_	
4-118	1049-1050	,	_	_	_	
4-119	1051-1054	als	_	_	_	
4-120	1055-1057	de	_	_	_	
4-121	1058-1072	Voorzienigheid	_	_	_	
4-122	1073-1076	hen	_	_	_	
4-123	1077-1080	tot	_	_	_	
4-124	1081-1084	het	_	_	_	
4-125	1085-1092	huwelyk	_	_	_	
4-126	1093-1096	wil	_	_	_	
4-127	1097-1105	toelaten	_	_	_	
4-128	1105-1106	.	_	_	_	

#Text=Men geeft deze Tabletten by doozen uit, waar in ’t getal is, dat men daar
#Text=van gemeenlyk nemen moet, om’er een duurzaam en gestadig gebruik van te maken,
#Text=dat is, ontrent dertig, en nemende elken dag ene in twe uren voor en na het eten.
5-1	1107-1110	Men	_	_	_	
5-2	1111-1116	geeft	_	_	_	
5-3	1117-1121	deze	_	_	_	
5-4	1122-1131	Tabletten	_	_	_	
5-5	1132-1134	by	_	_	_	
5-6	1135-1141	doozen	_	_	_	
5-7	1142-1145	uit	_	_	_	
5-8	1145-1146	,	_	_	_	
5-9	1147-1151	waar	_	_	_	
5-10	1152-1154	in	_	_	_	
5-11	1155-1156	’	_	_	_	
5-12	1156-1157	t	_	_	_	
5-13	1158-1163	getal	_	_	_	
5-14	1164-1166	is	_	_	_	
5-15	1166-1167	,	_	_	_	
5-16	1168-1171	dat	_	_	_	
5-17	1172-1175	men	_	_	_	
5-18	1176-1180	daar	_	_	_	
5-19	1181-1184	van	_	_	_	
5-20	1185-1194	gemeenlyk	_	_	_	
5-21	1195-1200	nemen	_	_	_	
5-22	1201-1205	moet	_	_	_	
5-23	1205-1206	,	_	_	_	
5-24	1207-1209	om	_	_	_	
5-25	1209-1210	’	_	_	_	
5-26	1210-1212	er	_	_	_	
5-27	1213-1216	een	_	_	_	
5-28	1217-1225	duurzaam	_	_	_	
5-29	1226-1228	en	_	_	_	
5-30	1229-1237	gestadig	_	_	_	
5-31	1238-1245	gebruik	_	_	_	
5-32	1246-1249	van	_	_	_	
5-33	1250-1252	te	_	_	_	
5-34	1253-1258	maken	_	_	_	
5-35	1258-1259	,	_	_	_	
5-36	1260-1263	dat	_	_	_	
5-37	1264-1266	is	_	_	_	
5-38	1266-1267	,	_	_	_	
5-39	1268-1275	ontrent	_	_	_	
5-40	1276-1282	dertig	_	_	_	
5-41	1282-1283	,	_	_	_	
5-42	1284-1286	en	_	_	_	
5-43	1287-1294	nemende	_	_	_	
5-44	1295-1300	elken	_	_	_	
5-45	1301-1304	dag	_	_	_	
5-46	1305-1308	ene	_	_	_	
5-47	1309-1311	in	_	_	_	
5-48	1312-1315	twe	_	_	_	
5-49	1316-1320	uren	_	_	_	
5-50	1321-1325	voor	_	_	_	
5-51	1326-1328	en	_	_	_	
5-52	1329-1331	na	_	_	_	
5-53	1332-1335	het	_	_	_	
5-54	1336-1340	eten	_	_	_	
5-55	1340-1341	.	_	_	_	

#Text=Men
#Text=geeft’er niet meer, dan drie Livres voor.
6-1	1342-1345	Men	_	_	_	
6-2	1346-1351	geeft	_	_	_	
6-3	1351-1352	’	_	_	_	
6-4	1352-1354	er	_	_	_	
6-5	1355-1359	niet	_	_	_	
6-6	1360-1364	meer	_	_	_	
6-7	1364-1365	,	_	_	_	
6-8	1366-1369	dan	_	_	_	
6-9	1370-1374	drie	_	_	_	
6-10	1375-1381	Livres	_	_	_	
6-11	1382-1386	voor	_	_	_	
6-12	1386-1387	.	_	_	_	

#Text=Men heeft ook een rechtaartig water, dat
#Text=wonde-
#Text=
#Text=M.
7-1	1388-1391	Men	_	_	_	
7-2	1392-1397	heeft	_	_	_	
7-3	1398-1401	ook	_	_	_	
7-4	1402-1405	een	_	_	_	
7-5	1406-1417	rechtaartig	_	_	_	
7-6	1418-1423	water	_	_	_	
7-7	1423-1424	,	_	_	_	
7-8	1425-1428	dat	_	_	_	
7-9	1429-1434	wonde	_	_	_	
7-10	1434-1435	-	_	_	_	
7-11	1437-1438	M	_	_	_	
7-12	1438-1439	.	_	_	_	

#Text=Noel Chomel, Huishoudelyk woordboek
#Text=
#Text=\f
#Text=1095
#Text=ren in ’t zelfde geval doet; en zo men wist dat luiden arm waren, zoude men ze wat
#Text=minder geven.
8-1	1440-1444	Noel	_	_	_	
8-2	1445-1451	Chomel	_	_	_	
8-3	1451-1452	,	_	_	_	
8-4	1453-1465	Huishoudelyk	_	_	_	
8-5	1466-1475	woordboek	_	_	_	
8-6	1479-1483	1095	_	_	_	
8-7	1484-1487	ren	_	_	_	
8-8	1488-1490	in	_	_	_	
8-9	1491-1492	’	_	_	_	
8-10	1492-1493	t	_	_	_	
8-11	1494-1500	zelfde	_	_	_	
8-12	1501-1506	geval	_	_	_	
8-13	1507-1511	doet	_	_	_	
8-14	1511-1512	;	_	_	_	
8-15	1513-1515	en	_	_	_	
8-16	1516-1518	zo	_	_	_	
8-17	1519-1522	men	_	_	_	
8-18	1523-1527	wist	_	_	_	
8-19	1528-1531	dat	_	_	_	
8-20	1532-1538	luiden	_	_	_	
8-21	1539-1542	arm	_	_	_	
8-22	1543-1548	waren	_	_	_	
8-23	1548-1549	,	_	_	_	
8-24	1550-1555	zoude	_	_	_	
8-25	1556-1559	men	_	_	_	
8-26	1560-1562	ze	_	_	_	
8-27	1563-1566	wat	_	_	_	
8-28	1567-1573	minder	_	_	_	
8-29	1574-1579	geven	_	_	_	
8-30	1579-1580	.	_	_	_	

#Text=taborucu, een soort van Hars van gele kleur, bleek, geurig, gelykende na de Gom
#Text=Elemi.
#Text=’t Is een soort van Gomme Anime, die in verscheiden plaatzen van America
#Text=opkomt.
9-1	1582-1590	taborucu	Smell\_Source	_	_	
9-2	1590-1591	,	_	_	_	
9-3	1592-1595	een	_	_	_	
9-4	1596-1601	soort	_	_	_	
9-5	1602-1605	van	_	_	_	
9-6	1606-1610	Hars	_	_	_	
9-7	1611-1614	van	_	_	_	
9-8	1615-1619	gele	_	_	_	
9-9	1620-1625	kleur	_	_	_	
9-10	1625-1626	,	_	_	_	
9-11	1627-1632	bleek	_	_	_	
9-12	1632-1633	,	_	_	_	
9-13	1634-1640	geurig	Smell\_Word	*|*	9-1|9-15[3_0]	
9-14	1640-1641	,	_	_	_	
9-15	1642-1651	gelykende	Evoked\_Odorant[3]	_	_	
9-16	1652-1654	na	Evoked\_Odorant[3]	_	_	
9-17	1655-1657	de	Evoked\_Odorant[3]	_	_	
9-18	1658-1661	Gom	Evoked\_Odorant[3]	_	_	
9-19	1662-1667	Elemi	Evoked\_Odorant[3]	_	_	
9-20	1667-1668	.	_	_	_	
9-21	1669-1670	’	_	_	_	
9-22	1670-1671	t	_	_	_	
9-23	1672-1674	Is	_	_	_	
9-24	1675-1678	een	_	_	_	
9-25	1679-1684	soort	_	_	_	
9-26	1685-1688	van	_	_	_	
9-27	1689-1694	Gomme	_	_	_	
9-28	1695-1700	Anime	_	_	_	
9-29	1700-1701	,	_	_	_	
9-30	1702-1705	die	_	_	_	
9-31	1706-1708	in	_	_	_	
9-32	1709-1720	verscheiden	_	_	_	
9-33	1721-1729	plaatzen	_	_	_	
9-34	1730-1733	van	_	_	_	
9-35	1734-1741	America	_	_	_	
9-36	1742-1748	opkomt	_	_	_	
9-37	1748-1749	.	_	_	_	

#Text=Men gebruikt ze uitwendig voor de koude pynen, voor de geslagenheid en
#Text=wonden.
10-1	1750-1753	Men	_	_	_	
10-2	1754-1762	gebruikt	_	_	_	
10-3	1763-1765	ze	_	_	_	
10-4	1766-1775	uitwendig	_	_	_	
10-5	1776-1780	voor	_	_	_	
10-6	1781-1783	de	_	_	_	
10-7	1784-1789	koude	_	_	_	
10-8	1790-1795	pynen	_	_	_	
10-9	1795-1796	,	_	_	_	
10-10	1797-1801	voor	_	_	_	
10-11	1802-1804	de	_	_	_	
10-12	1805-1817	geslagenheid	_	_	_	
10-13	1818-1820	en	_	_	_	
10-14	1821-1827	wonden	_	_	_	
10-15	1827-1828	.	_	_	_	

#Text=tacamacha, of tacamahaca, is een soort van Gom, die men uit Spanje brengt, en
#Text=uit het Eiland Madagascar.
11-1	1830-1839	tacamacha	_	_	_	
11-2	1839-1840	,	_	_	_	
11-3	1841-1843	of	_	_	_	
11-4	1844-1854	tacamahaca	_	_	_	
11-5	1854-1855	,	_	_	_	
11-6	1856-1858	is	_	_	_	
11-7	1859-1862	een	_	_	_	
11-8	1863-1868	soort	_	_	_	
11-9	1869-1872	van	_	_	_	
11-10	1873-1876	Gom	_	_	_	
11-11	1876-1877	,	_	_	_	
11-12	1878-1881	die	_	_	_	
11-13	1882-1885	men	_	_	_	
11-14	1886-1889	uit	_	_	_	
11-15	1890-1896	Spanje	_	_	_	
11-16	1897-1903	brengt	_	_	_	
11-17	1903-1904	,	_	_	_	
11-18	1905-1907	en	_	_	_	
11-19	1908-1911	uit	_	_	_	
11-20	1912-1915	het	_	_	_	
11-21	1916-1922	Eiland	_	_	_	
11-22	1923-1933	Madagascar	_	_	_	
11-23	1933-1934	.	_	_	_	

#Text=Zy loopt door gegeven kerven uit een groten boom, die
#Text=wel na een Popelier gelykt.
12-1	1935-1937	Zy	_	_	_	
12-2	1938-1943	loopt	_	_	_	
12-3	1944-1948	door	_	_	_	
12-4	1949-1956	gegeven	_	_	_	
12-5	1957-1963	kerven	_	_	_	
12-6	1964-1967	uit	_	_	_	
12-7	1968-1971	een	_	_	_	
12-8	1972-1978	groten	_	_	_	
12-9	1979-1983	boom	_	_	_	
12-10	1983-1984	,	_	_	_	
12-11	1985-1988	die	_	_	_	
12-12	1989-1992	wel	_	_	_	
12-13	1993-1995	na	_	_	_	
12-14	1996-1999	een	_	_	_	
12-15	2000-2008	Popelier	_	_	_	
12-16	2009-2015	gelykt	_	_	_	
12-17	2015-2016	.	_	_	_	

#Text=Men maakt van die
#Text=Gom een pleister, die men op de
#Text=Slagader van ’t hoofd legt, om de kiespyn te bedaren.
#Text=
#Text=’t Is niet alleen een drogery en middel van de geneeskunde: maar zyn hout is ook
#Text=zeer bekwaam om’er planken voor schepen van te maken.
13-1	2017-2020	Men	_	_	_	
13-2	2021-2026	maakt	_	_	_	
13-3	2027-2030	van	_	_	_	
13-4	2031-2034	die	_	_	_	
13-5	2035-2038	Gom	_	_	_	
13-6	2039-2042	een	_	_	_	
13-7	2043-2051	pleister	_	_	_	
13-8	2051-2052	,	_	_	_	
13-9	2053-2056	die	_	_	_	
13-10	2057-2060	men	_	_	_	
13-11	2061-2063	op	_	_	_	
13-12	2064-2066	de	_	_	_	
13-13	2067-2075	Slagader	_	_	_	
13-14	2076-2079	van	_	_	_	
13-15	2080-2081	’	_	_	_	
13-16	2081-2082	t	_	_	_	
13-17	2083-2088	hoofd	_	_	_	
13-18	2089-2093	legt	_	_	_	
13-19	2093-2094	,	_	_	_	
13-20	2095-2097	om	_	_	_	
13-21	2098-2100	de	_	_	_	
13-22	2101-2108	kiespyn	_	_	_	
13-23	2109-2111	te	_	_	_	
13-24	2112-2119	bedaren	_	_	_	
13-25	2119-2120	.	_	_	_	
13-26	2122-2123	’	_	_	_	
13-27	2123-2124	t	_	_	_	
13-28	2125-2127	Is	_	_	_	
13-29	2128-2132	niet	_	_	_	
13-30	2133-2139	alleen	_	_	_	
13-31	2140-2143	een	_	_	_	
13-32	2144-2151	drogery	_	_	_	
13-33	2152-2154	en	_	_	_	
13-34	2155-2161	middel	_	_	_	
13-35	2162-2165	van	_	_	_	
13-36	2166-2168	de	_	_	_	
13-37	2169-2180	geneeskunde	_	_	_	
13-38	2180-2181	:	_	_	_	
13-39	2182-2186	maar	_	_	_	
13-40	2187-2190	zyn	_	_	_	
13-41	2191-2195	hout	_	_	_	
13-42	2196-2198	is	_	_	_	
13-43	2199-2202	ook	_	_	_	
13-44	2203-2207	zeer	_	_	_	
13-45	2208-2215	bekwaam	_	_	_	
13-46	2216-2218	om	_	_	_	
13-47	2218-2219	’	_	_	_	
13-48	2219-2221	er	_	_	_	
13-49	2222-2229	planken	_	_	_	
13-50	2230-2234	voor	_	_	_	
13-51	2235-2242	schepen	_	_	_	
13-52	2243-2246	van	_	_	_	
13-53	2247-2249	te	_	_	_	
13-54	2250-2255	maken	_	_	_	
13-55	2255-2256	.	_	_	_	

#Text=De Gom waar van dit hout
#Text=vol is, maakt het veel bekwamer daar toe, dan’er een mager hout toe wezen zoude.
14-1	2257-2259	De	_	_	_	
14-2	2260-2263	Gom	_	_	_	
14-3	2264-2268	waar	_	_	_	
14-4	2269-2272	van	_	_	_	
14-5	2273-2276	dit	_	_	_	
14-6	2277-2281	hout	_	_	_	
14-7	2282-2285	vol	_	_	_	
14-8	2286-2288	is	_	_	_	
14-9	2288-2289	,	_	_	_	
14-10	2290-2295	maakt	_	_	_	
14-11	2296-2299	het	_	_	_	
14-12	2300-2304	veel	_	_	_	
14-13	2305-2313	bekwamer	_	_	_	
14-14	2314-2318	daar	_	_	_	
14-15	2319-2322	toe	_	_	_	
14-16	2322-2323	,	_	_	_	
14-17	2324-2327	dan	_	_	_	
14-18	2327-2328	’	_	_	_	
14-19	2328-2330	er	_	_	_	
14-20	2331-2334	een	_	_	_	
14-21	2335-2340	mager	_	_	_	
14-22	2341-2345	hout	_	_	_	
14-23	2346-2349	toe	_	_	_	
14-24	2350-2355	wezen	_	_	_	
14-25	2356-2361	zoude	_	_	_	
14-26	2361-2362	.	_	_	_	
