#FORMAT=WebAnno TSV 3.3
#T_SP=custom.Span|label
#T_RL=custom.Relation|label|BT_custom.Span


#Text=Lirioſphodelus phœniceus, Lob.
1-1	0-14	Lirioſphodelus	_	_	_	
1-2	15-24	phœniceus	_	_	_	
1-3	24-25	,	_	_	_	
1-4	26-29	Lob	_	_	_	
1-5	29-30	.	_	_	_	

#Text=Aſphodelus liliaceus rubeus, Tab.
2-1	31-41	Aſphodelus	_	_	_	
2-2	42-51	liliaceus	_	_	_	
2-3	52-58	rubeus	_	_	_	
2-4	58-59	,	_	_	_	
2-5	60-63	Tab	_	_	_	
2-6	63-64	.	_	_	_	

#Text=Dieſe zwo Aphodill-Lilien/ wenn ihre knotige wurzeln einmahl in den garten
#Text=
#Text=ge-
#Text=
#Text=\f
#Text=[87/0119
#Text=]
#Text=
#Text=Zwiebel- und Knollen-gewaͤchſe.
3-1	68-73	Dieſe	_	_	_	
3-2	74-77	zwo	_	_	_	
3-3	78-93	Aphodill-Lilien	_	_	_	
3-4	93-94	/	_	_	_	
3-5	95-99	wenn	_	_	_	
3-6	100-104	ihre	_	_	_	
3-7	105-112	knotige	_	_	_	
3-8	113-120	wurzeln	_	_	_	
3-9	121-128	einmahl	_	_	_	
3-10	129-131	in	_	_	_	
3-11	132-135	den	_	_	_	
3-12	136-142	garten	_	_	_	
3-13	144-146	ge	_	_	_	
3-14	146-147	-	_	_	_	
3-15	151-152	[	_	_	_	
3-16	152-154	87	_	_	_	
3-17	154-155	/	_	_	_	
3-18	155-159	0119	_	_	_	
3-19	160-161	]	_	_	_	
3-20	163-170	Zwiebel	_	_	_	
3-21	170-171	-	_	_	_	
3-22	172-175	und	_	_	_	
3-23	176-193	Knollen-gewaͤchſe	_	_	_	
3-24	193-194	.	_	_	_	

#Text=gebracht werden/
#Text=vermehren ſich gnugſam daſelbſt/ und beduͤrffen keiner muͤhſamkeit:
#Text=
#Text=ſondern bringen ihre blumen im May oder Junio: die rohte aber wuchert viel mehr/
#Text=
#Text=als die gelbe.
4-1	198-206	gebracht	_	_	_	
4-2	207-213	werden	_	_	_	
4-3	213-214	/	_	_	_	
4-4	215-224	vermehren	_	_	_	
4-5	225-229	ſich	_	_	_	
4-6	230-237	gnugſam	_	_	_	
4-7	238-246	daſelbſt	_	_	_	
4-8	246-247	/	_	_	_	
4-9	248-251	und	_	_	_	
4-10	252-262	beduͤrffen	_	_	_	
4-11	263-269	keiner	_	_	_	
4-12	270-281	muͤhſamkeit	_	_	_	
4-13	281-282	:	_	_	_	
4-14	284-291	ſondern	_	_	_	
4-15	292-299	bringen	_	_	_	
4-16	300-304	ihre	_	_	_	
4-17	305-311	blumen	_	_	_	
4-18	312-314	im	_	_	_	
4-19	315-318	May	_	_	_	
4-20	319-323	oder	_	_	_	
4-21	324-329	Junio	_	_	_	
4-22	329-330	:	_	_	_	
4-23	331-334	die	_	_	_	
4-24	335-340	rohte	_	_	_	
4-25	341-345	aber	_	_	_	
4-26	346-353	wuchert	_	_	_	
4-27	354-358	viel	_	_	_	
4-28	359-363	mehr	_	_	_	
4-29	363-364	/	_	_	_	
4-30	366-369	als	_	_	_	
4-31	370-373	die	_	_	_	
4-32	374-379	gelbe	_	_	_	
4-33	379-380	.	_	_	_	

#Text=Die gelbe riechet wol/ die rohte wiederlich: jene iſt dawerhafftiger/
#Text=
#Text=dieſe
#Text=laͤſſet
#Text=ihre blumen geſchwinde fallen/
#Text=alle tage eine/ dahero ſie von etlichen He-
#Text=merocallis, Tage-Lilie geheiſſen wird.
#Text=
#Text=
#Text=7.
5-1	381-384	Die	Smell\_Source[1]	*	5-3[0_1]	
5-2	385-390	gelbe	Smell\_Source[1]	_	_	
5-3	391-398	riechet	Smell\_Word	*|*	5-4|5-8	
5-4	399-402	wol	Quality	_	_	
5-5	402-403	/	_	_	_	
5-6	404-407	die	Smell\_Source[2]	*	5-3[0_2]	
5-7	408-413	rohte	Smell\_Source[2]	_	_	
5-8	414-424	wiederlich	Quality	_	_	
5-9	424-425	:	_	_	_	
5-10	426-430	jene	_	_	_	
5-11	431-434	iſt	_	_	_	
5-12	435-449	dawerhafftiger	_	_	_	
5-13	449-450	/	_	_	_	
5-14	452-457	dieſe	_	_	_	
5-15	458-465	laͤſſet	_	_	_	
5-16	466-470	ihre	_	_	_	
5-17	471-477	blumen	_	_	_	
5-18	478-488	geſchwinde	_	_	_	
5-19	489-495	fallen	_	_	_	
5-20	495-496	/	_	_	_	
5-21	497-501	alle	_	_	_	
5-22	502-506	tage	_	_	_	
5-23	507-511	eine	_	_	_	
5-24	511-512	/	_	_	_	
5-25	513-519	dahero	_	_	_	
5-26	520-523	ſie	_	_	_	
5-27	524-527	von	_	_	_	
5-28	528-536	etlichen	_	_	_	
5-29	537-539	He	_	_	_	
5-30	539-540	-	_	_	_	
5-31	541-551	merocallis	_	_	_	
5-32	551-552	,	_	_	_	
5-33	553-563	Tage-Lilie	_	_	_	
5-34	564-573	geheiſſen	_	_	_	
5-35	574-578	wird	_	_	_	
5-36	578-579	.	_	_	_	
5-37	582-583	7	_	_	_	
5-38	583-584	.	_	_	_	

#Text=Spinnen-kraut.
6-1	585-598	Spinnen-kraut	_	_	_	
6-2	598-599	.	_	_	_	

#Text=Phalangium magno flore, c. b.
7-1	601-611	Phalangium	_	_	_	
7-2	612-617	magno	_	_	_	
7-3	618-623	flore	_	_	_	
7-4	623-624	,	_	_	_	
7-5	625-626	c	_	_	_	
7-6	626-627	.	_	_	_	
7-7	628-629	b	_	_	_	
7-8	629-630	.	_	_	_	

#Text=Phalangium, Matth.
8-1	631-641	Phalangium	_	_	_	
8-2	641-642	,	_	_	_	
8-3	643-648	Matth	_	_	_	
8-4	648-649	.	_	_	_	

#Text=Matthioli, Tab.
9-1	650-659	Matthioli	_	_	_	
9-2	659-660	,	_	_	_	
9-3	661-664	Tab	_	_	_	
9-4	664-665	.	_	_	_	

#Text=Allo-
#Text=brogicum majus, Cluſ.
10-1	666-670	Allo	_	_	_	
10-2	670-671	-	_	_	_	
10-3	672-680	brogicum	_	_	_	
10-4	681-686	majus	_	_	_	
10-5	686-687	,	_	_	_	
10-6	688-692	Cluſ	_	_	_	
10-7	692-693	.	_	_	_	

#Text=Eyſt.
11-1	694-698	Eyſt	_	_	_	
11-2	698-699	.	_	_	_	
