#FORMAT=WebAnno TSV 3.3
#T_SP=custom.Span|label
#T_RL=custom.Relation|label|BT_custom.Span


#Text=ein ieder, ſo gut
#Text=er kan: einige fuͤr das Gummi Elemy,
#Text=andere fuͤr Gummi Anime, und noch
#Text=andere fuͤr Tacamahaca.
1-1	2-5	ein	_	_	_	
1-2	6-11	ieder	_	_	_	
1-3	11-12	,	_	_	_	
1-4	13-15	ſo	_	_	_	
1-5	16-19	gut	_	_	_	
1-6	20-22	er	_	_	_	
1-7	23-26	kan	_	_	_	
1-8	26-27	:	_	_	_	
1-9	28-34	einige	_	_	_	
1-10	35-39	fuͤr	_	_	_	
1-11	40-43	das	_	_	_	
1-12	44-49	Gummi	Smell\_Source[1]	_	_	
1-13	50-55	Elemy	Smell\_Source[1]	_	_	
1-14	55-56	,	_	_	_	
1-15	57-63	andere	_	_	_	
1-16	64-68	fuͤr	_	_	_	
1-17	69-74	Gummi	_	_	_	
1-18	75-80	Anime	_	_	_	
1-19	80-81	,	_	_	_	
1-20	82-85	und	_	_	_	
1-21	86-90	noch	_	_	_	
1-22	91-97	andere	_	_	_	
1-23	98-102	fuͤr	_	_	_	
1-24	103-113	Tacamahaca	_	_	_	
1-25	113-114	.	_	_	_	

#Text=Allein man
#Text=moͤchte
#Text=es viel eher Americaniſchen
#Text=Galipot nennen, indem ſein Geruch
#Text=
#Text=und Geſtalt dem Galipot dergeſtalt
#Text=bey-
#Text=kommt, daß es gewißlich Muͤhe giebt, ſie
#Text=von einander zu unterſcheiden.
2-1	115-121	Allein	_	_	_	
2-2	122-125	man	_	_	_	
2-3	126-133	moͤchte	_	_	_	
2-4	134-136	es	_	_	_	
2-5	137-141	viel	_	_	_	
2-6	142-146	eher	_	_	_	
2-7	147-161	Americaniſchen	_	_	_	
2-8	162-169	Galipot	_	_	_	
2-9	170-176	nennen	_	_	_	
2-10	176-177	,	_	_	_	
2-11	178-183	indem	_	_	_	
2-12	184-188	ſein	_	_	_	
2-13	189-195	Geruch	Smell\_Word	*|*	2-17|1-12[1_0]	
2-14	197-200	und	_	_	_	
2-15	201-208	Geſtalt	_	_	_	
2-16	209-212	dem	_	_	_	
2-17	213-220	Galipot	Evoked\_Odorant	_	_	
2-18	221-231	dergeſtalt	_	_	_	
2-19	232-235	bey	_	_	_	
2-20	235-236	-	_	_	_	
2-21	237-242	kommt	_	_	_	
2-22	242-243	,	_	_	_	
2-23	244-247	daß	_	_	_	
2-24	248-250	es	_	_	_	
2-25	251-260	gewißlich	_	_	_	
2-26	261-266	Muͤhe	_	_	_	
2-27	267-272	giebt	_	_	_	
2-28	272-273	,	_	_	_	
2-29	274-277	ſie	_	_	_	
2-30	278-281	von	_	_	_	
2-31	282-290	einander	_	_	_	
2-32	291-293	zu	_	_	_	
2-33	294-307	unterſcheiden	_	_	_	
2-34	307-308	.	_	_	_	

#Text=Americani-
#Text=ſcher Galipot.
3-1	312-321	Americani	_	_	_	
3-2	321-322	-	_	_	_	
3-3	323-328	ſcher	_	_	_	
3-4	329-336	Galipot	_	_	_	
3-5	336-337	.	_	_	_	

#Text=Dieſes Hartz kommt in Faͤſſern von
#Text=
#Text=unterſchiedenem Gewichte, und iſt in
#Text=groſſe Blaͤtter eingewickelt, deren Na-
#Text=men ich bisanhero nicht habe erfahren
#Text=koͤnnen.
4-1	339-345	Dieſes	_	_	_	
4-2	346-351	Hartz	_	_	_	
4-3	352-357	kommt	_	_	_	
4-4	358-360	in	_	_	_	
4-5	361-369	Faͤſſern	_	_	_	
4-6	370-373	von	_	_	_	
4-7	375-390	unterſchiedenem	_	_	_	
4-8	391-399	Gewichte	_	_	_	
4-9	399-400	,	_	_	_	
4-10	401-404	und	_	_	_	
4-11	405-408	iſt	_	_	_	
4-12	409-411	in	_	_	_	
4-13	412-418	groſſe	_	_	_	
4-14	419-427	Blaͤtter	_	_	_	
4-15	428-440	eingewickelt	_	_	_	
4-16	440-441	,	_	_	_	
4-17	442-447	deren	_	_	_	
4-18	448-450	Na	_	_	_	
4-19	450-451	-	_	_	_	
4-20	452-455	men	_	_	_	
4-21	456-459	ich	_	_	_	
4-22	460-469	bisanhero	_	_	_	
4-23	470-475	nicht	_	_	_	
4-24	476-480	habe	_	_	_	
4-25	481-489	erfahren	_	_	_	
4-26	490-497	koͤnnen	_	_	_	
4-27	497-498	.	_	_	_	

#Text=Sonſt verkauffen wir noch zwey
#Text=
#Text=Sorten des Gummi Elemy, von de-
#Text=nen das eine dem Hartzpeche ſo
#Text=aͤhnlich
#Text=ſiehet, daß kein Menſch einigen Unter-
#Text=ſchied darunter zu machen vermoͤchte,
#Text=wenn nicht der liebliche aromatiſche
#Text=Geruch thaͤte, und daß es allezeit mit
#Text=ſolchen Blaͤttern, als wie das Naͤglein-
#Text=holtz umwickelt iſt.
5-1	501-506	Sonſt	_	_	_	
5-2	507-517	verkauffen	_	_	_	
5-3	518-521	wir	_	_	_	
5-4	522-526	noch	_	_	_	
5-5	527-531	zwey	_	_	_	
5-6	533-539	Sorten	_	_	_	
5-7	540-543	des	_	_	_	
5-8	544-549	Gummi	Smell\_Source[2]	_	_	
5-9	550-555	Elemy	Smell\_Source[2]	_	_	
5-10	555-556	,	_	_	_	
5-11	557-560	von	_	_	_	
5-12	561-563	de	_	_	_	
5-13	563-564	-	_	_	_	
5-14	565-568	nen	_	_	_	
5-15	569-572	das	_	_	_	
5-16	573-577	eine	_	_	_	
5-17	578-581	dem	_	_	_	
5-18	582-592	Hartzpeche	_	_	_	
5-19	593-595	ſo	_	_	_	
5-20	596-604	aͤhnlich	_	_	_	
5-21	605-611	ſiehet	_	_	_	
5-22	611-612	,	_	_	_	
5-23	613-616	daß	_	_	_	
5-24	617-621	kein	_	_	_	
5-25	622-628	Menſch	_	_	_	
5-26	629-636	einigen	_	_	_	
5-27	637-642	Unter	_	_	_	
5-28	642-643	-	_	_	_	
5-29	644-650	ſchied	_	_	_	
5-30	651-659	darunter	_	_	_	
5-31	660-662	zu	_	_	_	
5-32	663-669	machen	_	_	_	
5-33	670-680	vermoͤchte	_	_	_	
5-34	680-681	,	_	_	_	
5-35	682-686	wenn	_	_	_	
5-36	687-692	nicht	_	_	_	
5-37	693-696	der	_	_	_	
5-38	697-706	liebliche	Quality[3]	_	_	
5-39	707-718	aromatiſche	Quality[3]	_	_	
5-40	719-725	Geruch	Smell\_Word	*|*	5-8[2_0]|5-38[3_0]	
5-41	726-732	thaͤte	_	_	_	
5-42	732-733	,	_	_	_	
5-43	734-737	und	_	_	_	
5-44	738-741	daß	_	_	_	
5-45	742-744	es	_	_	_	
5-46	745-753	allezeit	_	_	_	
5-47	754-757	mit	_	_	_	
5-48	758-765	ſolchen	_	_	_	
5-49	766-775	Blaͤttern	_	_	_	
5-50	775-776	,	_	_	_	
5-51	777-780	als	_	_	_	
5-52	781-784	wie	_	_	_	
5-53	785-788	das	_	_	_	
5-54	789-797	Naͤglein	_	_	_	
5-55	797-798	-	_	_	_	
5-56	799-804	holtz	_	_	_	
5-57	805-814	umwickelt	_	_	_	
5-58	815-818	iſt	_	_	_	
5-59	818-819	.	_	_	_	

#Text=Die andere Gat-
#Text=tung des Gummi Elemy ſieht aſchgrau,
#Text=und zieht ſich aufs braune, und kommt
#Text=in dicken, trucknen und leicht zerbrech-
#Text=lichen Stuͤcken.
6-1	820-823	Die	_	_	_	
6-2	824-830	andere	_	_	_	
6-3	831-834	Gat	_	_	_	
6-4	834-835	-	_	_	_	
6-5	836-840	tung	_	_	_	
6-6	841-844	des	_	_	_	
6-7	845-850	Gummi	_	_	_	
6-8	851-856	Elemy	_	_	_	
6-9	857-862	ſieht	_	_	_	
6-10	863-871	aſchgrau	_	_	_	
6-11	871-872	,	_	_	_	
6-12	873-876	und	_	_	_	
6-13	877-882	zieht	_	_	_	
6-14	883-887	ſich	_	_	_	
6-15	888-892	aufs	_	_	_	
6-16	893-899	braune	_	_	_	
6-17	899-900	,	_	_	_	
6-18	901-904	und	_	_	_	
6-19	905-910	kommt	_	_	_	
6-20	911-913	in	_	_	_	
6-21	914-920	dicken	_	_	_	
6-22	920-921	,	_	_	_	
6-23	922-930	trucknen	_	_	_	
6-24	931-934	und	_	_	_	
6-25	935-941	leicht	_	_	_	
6-26	942-950	zerbrech	_	_	_	
6-27	950-951	-	_	_	_	
6-28	952-958	lichen	_	_	_	
6-29	959-967	Stuͤcken	_	_	_	
6-30	967-968	.	_	_	_	

#Text=Weil mir aber un-
#Text=moͤglich geweſen zu erfahren, was doch
#Text=nur dieſe beyden Sorten dieſes
#Text=Gummi
#Text=
#Text=Elemy ſeyn moͤchten, deshalben will
#Text=ich lieber gar nichts weiter davon geden-
#Text=cken, ſondern nur vermelden, wie daß
#Text=ich gaͤntzlich glaube, daß es gutes und
#Text=verdorbenes Gummi Elemy ſeye, das
#Text=man in ziemlicher Menge umgeſchmol-
#Text=tzen und wieder umgeſotten haben wird.
7-1	969-973	Weil	_	_	_	
7-2	974-977	mir	_	_	_	
7-3	978-982	aber	_	_	_	
7-4	983-985	un	_	_	_	
7-5	985-986	-	_	_	_	
7-6	987-995	moͤglich	_	_	_	
7-7	996-1003	geweſen	_	_	_	
7-8	1004-1006	zu	_	_	_	
7-9	1007-1015	erfahren	_	_	_	
7-10	1015-1016	,	_	_	_	
7-11	1017-1020	was	_	_	_	
7-12	1021-1025	doch	_	_	_	
7-13	1026-1029	nur	_	_	_	
7-14	1030-1035	dieſe	_	_	_	
7-15	1036-1042	beyden	_	_	_	
7-16	1043-1049	Sorten	_	_	_	
7-17	1050-1056	dieſes	_	_	_	
7-18	1057-1062	Gummi	_	_	_	
7-19	1064-1069	Elemy	_	_	_	
7-20	1070-1074	ſeyn	_	_	_	
7-21	1075-1083	moͤchten	_	_	_	
7-22	1083-1084	,	_	_	_	
7-23	1085-1094	deshalben	_	_	_	
7-24	1095-1099	will	_	_	_	
7-25	1100-1103	ich	_	_	_	
7-26	1104-1110	lieber	_	_	_	
7-27	1111-1114	gar	_	_	_	
7-28	1115-1121	nichts	_	_	_	
7-29	1122-1128	weiter	_	_	_	
7-30	1129-1134	davon	_	_	_	
7-31	1135-1140	geden	_	_	_	
7-32	1140-1141	-	_	_	_	
7-33	1142-1146	cken	_	_	_	
7-34	1146-1147	,	_	_	_	
7-35	1148-1155	ſondern	_	_	_	
7-36	1156-1159	nur	_	_	_	
7-37	1160-1169	vermelden	_	_	_	
7-38	1169-1170	,	_	_	_	
7-39	1171-1174	wie	_	_	_	
7-40	1175-1178	daß	_	_	_	
7-41	1179-1182	ich	_	_	_	
7-42	1183-1193	gaͤntzlich	_	_	_	
7-43	1194-1200	glaube	_	_	_	
7-44	1200-1201	,	_	_	_	
7-45	1202-1205	daß	_	_	_	
7-46	1206-1208	es	_	_	_	
7-47	1209-1214	gutes	_	_	_	
7-48	1215-1218	und	_	_	_	
7-49	1219-1230	verdorbenes	_	_	_	
7-50	1231-1236	Gummi	_	_	_	
7-51	1237-1242	Elemy	_	_	_	
7-52	1243-1247	ſeye	_	_	_	
7-53	1247-1248	,	_	_	_	
7-54	1249-1252	das	_	_	_	
7-55	1253-1256	man	_	_	_	
7-56	1257-1259	in	_	_	_	
7-57	1260-1270	ziemlicher	_	_	_	
7-58	1271-1276	Menge	_	_	_	
7-59	1277-1287	umgeſchmol	_	_	_	
7-60	1287-1288	-	_	_	_	
7-61	1289-1293	tzen	_	_	_	
7-62	1294-1297	und	_	_	_	
7-63	1298-1304	wieder	_	_	_	
7-64	1305-1315	umgeſotten	_	_	_	
7-65	1316-1321	haben	_	_	_	
7-66	1322-1326	wird	_	_	_	
7-67	1326-1327	.	_	_	_	

#Text=Wiewohl ich auch dieſes fuͤr keine
#Text=Wahrheit auszugeben begehre, dieweil
#Text=ichs ſelbſten nicht recht weiß.
8-1	1329-1336	Wiewohl	_	_	_	
8-2	1337-1340	ich	_	_	_	
8-3	1341-1345	auch	_	_	_	
8-4	1346-1352	dieſes	_	_	_	
8-5	1353-1357	fuͤr	_	_	_	
8-6	1358-1363	keine	_	_	_	
8-7	1364-1372	Wahrheit	_	_	_	
8-8	1373-1383	auszugeben	_	_	_	
8-9	1384-1391	begehre	_	_	_	
8-10	1391-1392	,	_	_	_	
8-11	1393-1400	dieweil	_	_	_	
8-12	1401-1405	ichs	_	_	_	
8-13	1406-1414	ſelbſten	_	_	_	
8-14	1415-1420	nicht	_	_	_	
8-15	1421-1426	recht	_	_	_	
8-16	1427-1431	weiß	_	_	_	
8-17	1431-1432	.	_	_	_	

#Text=Das ein und dreyßigſte Capitel.
9-1	1437-1440	Das	_	_	_	
9-2	1441-1444	ein	_	_	_	
9-3	1445-1448	und	_	_	_	
9-4	1449-1459	dreyßigſte	_	_	_	
9-5	1460-1467	Capitel	_	_	_	
9-6	1467-1468	.	_	_	_	

#Text=Tacamahaca.
10-1	1470-1480	Tacamahaca	_	_	_	
10-2	1480-1481	.	_	_	_	
