#FORMAT=WebAnno TSV 3.3


#Text=zoude konnen waarneemen.
1-1	2-7	zoude	
1-2	8-14	konnen	
1-3	15-25	waarneemen	
1-4	25-26	.	

#Text=De Hoogleeraar zelf had, in het loopende
#Text=jaar 1735, van den eersten January tot den eersten Juny, wel twintig reizen
#Text=Kringen
#Text=
#Text=om de Zon gezien; en de Heer V A N A K E N had ze, binnen een jaar, wel
#Text=zestigmaalen waargenomen.
2-1	27-29	De	
2-2	30-41	Hoogleeraar	
2-3	42-46	zelf	
2-4	47-50	had	
2-5	50-51	,	
2-6	52-54	in	
2-7	55-58	het	
2-8	59-67	loopende	
2-9	68-72	jaar	
2-10	73-77	1735	
2-11	77-78	,	
2-12	79-82	van	
2-13	83-86	den	
2-14	87-94	eersten	
2-15	95-102	January	
2-16	103-106	tot	
2-17	107-110	den	
2-18	111-118	eersten	
2-19	119-123	Juny	
2-20	123-124	,	
2-21	125-128	wel	
2-22	129-136	twintig	
2-23	137-143	reizen	
2-24	144-151	Kringen	
2-25	153-155	om	
2-26	156-158	de	
2-27	159-162	Zon	
2-28	163-169	gezien	
2-29	169-170	;	
2-30	171-173	en	
2-31	174-176	de	
2-32	177-181	Heer	
2-33	182-183	V	
2-34	184-185	A	
2-35	186-187	N	
2-36	188-189	A	
2-37	190-191	K	
2-38	192-193	E	
2-39	194-195	N	
2-40	196-199	had	
2-41	200-202	ze	
2-42	202-203	,	
2-43	204-210	binnen	
2-44	211-214	een	
2-45	215-219	jaar	
2-46	219-220	,	
2-47	221-224	wel	
2-48	225-237	zestigmaalen	
2-49	238-249	waargenomen	
2-50	249-250	.	

#Text=Zy worden van weinig menschen te gelyk gezien, en
#Text=zelden in grooter afstand, dan van twee of drie mylen:
#Text=zy verdwynen, zoo ras als
#Text='er by ons wind opkomt; en schoon zy somtyds by eene frissche koelte stand houden
#Text=,
#Text=gaan ze nogtans geheel weg, zoo dra die wakkert.
3-1	251-253	Zy	
3-2	254-260	worden	
3-3	261-264	van	
3-4	265-271	weinig	
3-5	272-280	menschen	
3-6	281-283	te	
3-7	284-289	gelyk	
3-8	290-296	gezien	
3-9	296-297	,	
3-10	298-300	en	
3-11	301-307	zelden	
3-12	308-310	in	
3-13	311-318	grooter	
3-14	319-326	afstand	
3-15	326-327	,	
3-16	328-331	dan	
3-17	332-335	van	
3-18	336-340	twee	
3-19	341-343	of	
3-20	344-348	drie	
3-21	349-354	mylen	
3-22	354-355	:	
3-23	356-358	zy	
3-24	359-368	verdwynen	
3-25	368-369	,	
3-26	370-373	zoo	
3-27	374-377	ras	
3-28	378-381	als	
3-29	382-383	'	
3-30	383-385	er	
3-31	386-388	by	
3-32	389-392	ons	
3-33	393-397	wind	
3-34	398-404	opkomt	
3-35	404-405	;	
3-36	406-408	en	
3-37	409-415	schoon	
3-38	416-418	zy	
3-39	419-426	somtyds	
3-40	427-429	by	
3-41	430-434	eene	
3-42	435-443	frissche	
3-43	444-450	koelte	
3-44	451-456	stand	
3-45	457-463	houden	
3-46	464-465	,	
3-47	466-470	gaan	
3-48	471-473	ze	
3-49	474-481	nogtans	
3-50	482-488	geheel	
3-51	489-492	weg	
3-52	492-493	,	
3-53	494-497	zoo	
3-54	498-501	dra	
3-55	502-505	die	
3-56	506-513	wakkert	
3-57	513-514	.	

#Text=Men ziet ze nooit, ten zy de lugt
#Text=vry stil zy, en ze zyn door den Hoogleeraar nimmer waargenomen met eene heldere
#Text=lugt, maar altyd als de lugt met dunne wolkjes, of met een ylen nevel bezet was.
4-1	515-518	Men	
4-2	519-523	ziet	
4-3	524-526	ze	
4-4	527-532	nooit	
4-5	532-533	,	
4-6	534-537	ten	
4-7	538-540	zy	
4-8	541-543	de	
4-9	544-548	lugt	
4-10	549-552	vry	
4-11	553-557	stil	
4-12	558-560	zy	
4-13	560-561	,	
4-14	562-564	en	
4-15	565-567	ze	
4-16	568-571	zyn	
4-17	572-576	door	
4-18	577-580	den	
4-19	581-592	Hoogleeraar	
4-20	593-599	nimmer	
4-21	600-611	waargenomen	
4-22	612-615	met	
4-23	616-620	eene	
4-24	621-628	heldere	
4-25	629-633	lugt	
4-26	633-634	,	
4-27	635-639	maar	
4-28	640-645	altyd	
4-29	646-649	als	
4-30	650-652	de	
4-31	653-657	lugt	
4-32	658-661	met	
4-33	662-667	dunne	
4-34	668-675	wolkjes	
4-35	675-676	,	
4-36	677-679	of	
4-37	680-683	met	
4-38	684-687	een	
4-39	688-692	ylen	
4-40	693-698	nevel	
4-41	699-704	bezet	
4-42	705-708	was	
4-43	708-709	.	

#Text=Wanneer de wolkjes voortdryven, begint de Kring eerst te verdwynen aan die zyde,
#Text=daar de lugt helder word;
#Text=zoo dat de Kring zig dan eerst gebrooken vertoone, en
#Text=eindelyk geheel verdwyne, na dat de wolkjes of nevelige dampen verdreeven of
#Text=+
#Text=nedergevallen zyn.
5-1	712-719	Wanneer	
5-2	720-722	de	
5-3	723-730	wolkjes	
5-4	731-742	voortdryven	
5-5	742-743	,	
5-6	744-750	begint	
5-7	751-753	de	
5-8	754-759	Kring	
5-9	760-765	eerst	
5-10	766-768	te	
5-11	769-778	verdwynen	
5-12	779-782	aan	
5-13	783-786	die	
5-14	787-791	zyde	
5-15	791-792	,	
5-16	793-797	daar	
5-17	798-800	de	
5-18	801-805	lugt	
5-19	806-812	helder	
5-20	813-817	word	
5-21	817-818	;	
5-22	819-822	zoo	
5-23	823-826	dat	
5-24	827-829	de	
5-25	830-835	Kring	
5-26	836-839	zig	
5-27	840-843	dan	
5-28	844-849	eerst	
5-29	850-859	gebrooken	
5-30	860-868	vertoone	
5-31	868-869	,	
5-32	870-872	en	
5-33	873-881	eindelyk	
5-34	882-888	geheel	
5-35	889-897	verdwyne	
5-36	897-898	,	
5-37	899-901	na	
5-38	902-905	dat	
5-39	906-908	de	
5-40	909-916	wolkjes	
5-41	917-919	of	
5-42	920-928	nevelige	
5-43	929-935	dampen	
5-44	936-946	verdreeven	
5-45	947-949	of	
5-46	950-951	+	
5-47	952-965	nedergevallen	
5-48	966-969	zyn	
5-49	969-970	.	

#Text=Dus verre M U S S C H E N B R O E K , wien ik tot hier bykans geheel
#Text=+
#Text=gevolgd heb.
6-1	971-974	Dus	
6-2	975-980	verre	
6-3	981-982	M	
6-4	983-984	U	
6-5	985-986	S	
6-6	987-988	S	
6-7	989-990	C	
6-8	991-992	H	
6-9	993-994	E	
6-10	995-996	N	
6-11	997-998	B	
6-12	999-1000	R	
6-13	1001-1002	O	
6-14	1003-1004	E	
6-15	1005-1006	K	
6-16	1007-1008	,	
6-17	1009-1013	wien	
6-18	1014-1016	ik	
6-19	1017-1020	tot	
6-20	1021-1025	hier	
6-21	1026-1032	bykans	
6-22	1033-1039	geheel	
6-23	1040-1041	+	
6-24	1042-1049	gevolgd	
6-25	1050-1053	heb	
6-26	1053-1054	.	

#Text=Meer dan eens heb ik deeze Zonnekringen beschouwd; dog, ik
#Text=Beginz.
#Text=der Natuurk
#Text=.
#Text=, bl.
#Text=815, 816, 817 enz.
#Text=beken het, niet met die oplettendheid, dat ik deswegens eenige eigen
#Text=aanmerkingen zoude konnen mededeelen.
7-1	1055-1059	Meer	
7-2	1060-1063	dan	
7-3	1064-1068	eens	
7-4	1069-1072	heb	
7-5	1073-1075	ik	
7-6	1076-1081	deeze	
7-7	1082-1094	Zonnekringen	
7-8	1095-1104	beschouwd	
7-9	1104-1105	;	
7-10	1106-1109	dog	
7-11	1109-1110	,	
7-12	1111-1113	ik	
7-13	1114-1120	Beginz	
7-14	1120-1121	.	
7-15	1122-1125	der	
7-16	1126-1133	Natuurk	
7-17	1134-1135	.	
7-18	1136-1137	,	
7-19	1138-1140	bl	
7-20	1140-1141	.	
7-21	1142-1145	815	
7-22	1145-1146	,	
7-23	1147-1150	816	
7-24	1150-1151	,	
7-25	1152-1155	817	
7-26	1156-1159	enz	
7-27	1159-1160	.	
7-28	1161-1166	beken	
7-29	1167-1170	het	
7-30	1170-1171	,	
7-31	1172-1176	niet	
7-32	1177-1180	met	
7-33	1181-1184	die	
7-34	1185-1198	oplettendheid	
7-35	1198-1199	,	
7-36	1200-1203	dat	
7-37	1204-1206	ik	
7-38	1207-1216	deswegens	
7-39	1217-1223	eenige	
7-40	1224-1229	eigen	
7-41	1230-1242	aanmerkingen	
7-42	1243-1248	zoude	
7-43	1249-1255	konnen	
7-44	1256-1266	mededeelen	
7-45	1266-1267	.	

#Text=Ze
#Text=
#Text=J. le Francq van Berkhey, Natuurlyke historie van Holland.
8-1	1268-1270	Ze	
8-2	1272-1273	J	
8-3	1273-1274	.	
8-4	1275-1277	le	
8-5	1278-1284	Francq	
8-6	1285-1288	van	
8-7	1289-1296	Berkhey	
8-8	1296-1297	,	
8-9	1298-1308	Natuurlyke	
8-10	1309-1317	historie	
8-11	1318-1321	van	
8-12	1322-1329	Holland	
8-13	1329-1330	.	

#Text=Eerste deel
#Text=
#Text=\f
#Text=332
#Text=
#Text=+
#Text=
#Text=zyn my altyd als heldere, lichte, eenigzins bleek roode Kringen voorgekomen, en
#Text=ik heb dezelven niet gezien, dan met eene betrokken, of, om het naar de gewoonte +LUGTVERSCHYNSELS.
9-1	1331-1337	Eerste	
9-2	1338-1342	deel	
9-3	1346-1349	332	
9-4	1351-1352	+	
9-5	1354-1357	zyn	
9-6	1358-1360	my	
9-7	1361-1366	altyd	
9-8	1367-1370	als	
9-9	1371-1378	heldere	
9-10	1378-1379	,	
9-11	1380-1386	lichte	
9-12	1386-1387	,	
9-13	1388-1397	eenigzins	
9-14	1398-1403	bleek	
9-15	1404-1409	roode	
9-16	1410-1417	Kringen	
9-17	1418-1429	voorgekomen	
9-18	1429-1430	,	
9-19	1431-1433	en	
9-20	1434-1436	ik	
9-21	1437-1440	heb	
9-22	1441-1449	dezelven	
9-23	1450-1454	niet	
9-24	1455-1461	gezien	
9-25	1461-1462	,	
9-26	1463-1466	dan	
9-27	1467-1470	met	
9-28	1471-1475	eene	
9-29	1476-1485	betrokken	
9-30	1485-1486	,	
9-31	1487-1489	of	
9-32	1489-1490	,	
9-33	1491-1493	om	
9-34	1494-1497	het	
9-35	1498-1502	naar	
9-36	1503-1505	de	
9-37	1506-1514	gewoonte	
9-38	1515-1516	+	
9-39	1516-1532	LUGTVERSCHYNSELS	
9-40	1532-1533	.	
