#FORMAT=WebAnno TSV 3.3


#Text=Et primoquidem in hac materia validissima causa non adeft,
#Text=
#Text=quze possic cito transformationem perficere ; secundo esto fit caufa aliqua.
#Text=mi
#Text=
#Text=
#Text=
#Text=
#Text=
#Text=culae, quze
#Text=
#Text=
#Text=
#Text=
#Text=
#Text=A 3
#Text=
#Text=
#Text=
#Text=
#Text=
#Text=minus valida, hæc non poteft elle ni& facis infirma, quæque indigeat ad mioimam jacturæ partem reparandam cempore fatis longo: exponatur proinde libero aeri, ac ventis agitato musci granum, plurimæ intra horæ e. g. spatium particulæ inde avo.
#Text=lanc nunquam regrelluræ ; illæ autem , ut olfactus organum ti, tillare poffint, crasiusculæ fiot, nccelle est, ut supra ostendi, adeoque granı mensuram pluries excedent; ut igitur idem pondus perseveret, opus eslet, ut intra horx (paciuin cantum acris, alteriusve materiæ in muscum convertatur , quantum inde abiic, id elt multo plus, quam fit ipla musci substantia : nullam autem hic esse causam, quæ hanc transformacionem brevissimo tempore efficere polloc, latis eft manifestum.
1-1	2-4	Et	
1-2	5-16	primoquidem	
1-3	17-19	in	
1-4	20-23	hac	
1-5	24-31	materia	
1-6	32-43	validissima	
1-7	44-49	causa	
1-8	50-53	non	
1-9	54-59	adeft	
1-10	59-60	,	
1-11	62-66	quze	
1-12	67-73	possic	
1-13	74-78	cito	
1-14	79-95	transformationem	
1-15	96-105	perficere	
1-16	106-107	;	
1-17	108-115	secundo	
1-18	116-120	esto	
1-19	121-124	fit	
1-20	125-130	caufa	
1-21	131-137	aliqua	
1-22	137-138	.	
1-23	139-141	mi	
1-24	147-152	culae	
1-25	152-153	,	
1-26	154-158	quze	
1-27	164-165	A	
1-28	166-167	3	
1-29	173-178	minus	
1-30	179-185	valida	
1-31	185-186	,	
1-32	187-190	hæc	
1-33	191-194	non	
1-34	195-201	poteft	
1-35	202-206	elle	
1-36	207-209	ni	
1-37	209-210	&	
1-38	211-216	facis	
1-39	217-224	infirma	
1-40	224-225	,	
1-41	226-232	quæque	
1-42	233-241	indigeat	
1-43	242-244	ad	
1-44	245-252	mioimam	
1-45	253-260	jacturæ	
1-46	261-267	partem	
1-47	268-278	reparandam	
1-48	279-286	cempore	
1-49	287-292	fatis	
1-50	293-298	longo	
1-51	298-299	:	
1-52	300-309	exponatur	
1-53	310-317	proinde	
1-54	318-324	libero	
1-55	325-329	aeri	
1-56	329-330	,	
1-57	331-333	ac	
1-58	334-340	ventis	
1-59	341-348	agitato	
1-60	349-354	musci	
1-61	355-361	granum	
1-62	361-362	,	
1-63	363-370	plurimæ	
1-64	371-376	intra	
1-65	377-381	horæ	
1-66	382-383	e	
1-67	383-384	.	
1-68	385-386	g	
1-69	386-387	.	
1-70	388-395	spatium	
1-71	396-405	particulæ	
1-72	406-410	inde	
1-73	411-414	avo	
1-74	414-415	.	
1-75	416-420	lanc	
1-76	421-428	nunquam	
1-77	429-439	regrelluræ	
1-78	440-441	;	
1-79	442-446	illæ	
1-80	447-452	autem	
1-81	453-454	,	
1-82	455-457	ut	
1-83	458-466	olfactus	
1-84	467-474	organum	
1-85	475-477	ti	
1-86	477-478	,	
1-87	479-486	tillare	
1-88	487-494	poffint	
1-89	494-495	,	
1-90	496-507	crasiusculæ	
1-91	508-512	fiot	
1-92	512-513	,	
1-93	514-521	nccelle	
1-94	522-525	est	
1-95	525-526	,	
1-96	527-529	ut	
1-97	530-535	supra	
1-98	536-543	ostendi	
1-99	543-544	,	
1-100	545-552	adeoque	
1-101	553-558	granı	
1-102	559-567	mensuram	
1-103	568-575	pluries	
1-104	576-584	excedent	
1-105	584-585	;	
1-106	586-588	ut	
1-107	589-595	igitur	
1-108	596-600	idem	
1-109	601-607	pondus	
1-110	608-618	perseveret	
1-111	618-619	,	
1-112	620-624	opus	
1-113	625-630	eslet	
1-114	630-631	,	
1-115	632-634	ut	
1-116	635-640	intra	
1-117	641-645	horx	
1-118	646-647	(	
1-119	647-654	paciuin	
1-120	655-661	cantum	
1-121	662-667	acris	
1-122	667-668	,	
1-123	669-679	alteriusve	
1-124	680-687	materiæ	
1-125	688-690	in	
1-126	691-697	muscum	
1-127	698-709	convertatur	
1-128	710-711	,	
1-129	712-719	quantum	
1-130	720-724	inde	
1-131	725-730	abiic	
1-132	730-731	,	
1-133	732-734	id	
1-134	735-738	elt	
1-135	739-744	multo	
1-136	745-749	plus	
1-137	749-750	,	
1-138	751-755	quam	
1-139	756-759	fit	
1-140	760-764	ipla	
1-141	765-770	musci	
1-142	771-781	substantia	
1-143	782-783	:	
1-144	784-790	nullam	
1-145	791-796	autem	
1-146	797-800	hic	
1-147	801-805	esse	
1-148	806-812	causam	
1-149	812-813	,	
1-150	814-817	quæ	
1-151	818-822	hanc	
1-152	823-839	transformacionem	
1-153	840-850	brevissimo	
1-154	851-858	tempore	
1-155	859-867	efficere	
1-156	868-874	polloc	
1-157	874-875	,	
1-158	876-881	latis	
1-159	882-885	eft	
1-160	886-896	manifestum	
1-161	896-897	.	

#Text=Ajunt quidem , poros odoriferi corporis ad hanc efficiendam transformationem aptıslimos elle, si cnim velociter ad cos poros cxcranca materia allidacur, hæc pororum figuram induet, quæ ad excitandam sensationem olfactus eft maxime idonea.
2-1	898-903	Ajunt	
2-2	904-910	quidem	
2-3	911-912	,	
2-4	913-918	poros	
2-5	919-928	odoriferi	
2-6	929-937	corporis	
2-7	938-940	ad	
2-8	941-945	hanc	
2-9	946-957	efficiendam	
2-10	958-974	transformationem	
2-11	975-985	aptıslimos	
2-12	986-990	elle	
2-13	990-991	,	
2-14	992-994	si	
2-15	995-999	cnim	
2-16	1000-1009	velociter	
2-17	1010-1012	ad	
2-18	1013-1016	cos	
2-19	1017-1022	poros	
2-20	1023-1031	cxcranca	
2-21	1032-1039	materia	
2-22	1040-1049	allidacur	
2-23	1049-1050	,	
2-24	1051-1054	hæc	
2-25	1055-1062	pororum	
2-26	1063-1070	figuram	
2-27	1071-1077	induet	
2-28	1077-1078	,	
2-29	1079-1082	quæ	
2-30	1083-1085	ad	
2-31	1086-1096	excitandam	
2-32	1097-1108	sensationem	
2-33	1109-1117	olfactus	
2-34	1118-1121	eft	
2-35	1122-1128	maxime	
2-36	1129-1135	idonea	
2-37	1135-1136	.	

#Text=Etto hac ratione fieri poffit transformacio exiguæ alicujus materix porcionis, certe læpius intra horam reparari, & quodammodo scproduci non potest materia odoritera, ut coolideranti fatis pacet į gam fi maieria per poros transiens facilem reperit, & apertum adicum, nulla fiec mucacio, ac li difficilem experiatur cranfcum, opus eft, ut diutius intra poros immoretur, adeoque bre.
3-1	1137-1141	Etto	
3-2	1142-1145	hac	
3-3	1146-1153	ratione	
3-4	1154-1159	fieri	
3-5	1160-1166	poffit	
3-6	1167-1180	transformacio	
3-7	1181-1187	exiguæ	
3-8	1188-1196	alicujus	
3-9	1197-1204	materix	
3-10	1205-1214	porcionis	
3-11	1214-1215	,	
3-12	1216-1221	certe	
3-13	1222-1228	læpius	
3-14	1229-1234	intra	
3-15	1235-1240	horam	
3-16	1241-1249	reparari	
3-17	1249-1250	,	
3-18	1251-1252	&	
3-19	1253-1263	quodammodo	
3-20	1264-1273	scproduci	
3-21	1274-1277	non	
3-22	1278-1284	potest	
3-23	1285-1292	materia	
3-24	1293-1302	odoritera	
3-25	1302-1303	,	
3-26	1304-1306	ut	
3-27	1307-1319	coolideranti	
3-28	1320-1325	fatis	
3-29	1326-1331	pacet	
3-30	1332-1333	į	
3-31	1334-1337	gam	
3-32	1338-1340	fi	
3-33	1341-1348	maieria	
3-34	1349-1352	per	
3-35	1353-1358	poros	
3-36	1359-1368	transiens	
3-37	1369-1376	facilem	
3-38	1377-1384	reperit	
3-39	1384-1385	,	
3-40	1386-1387	&	
3-41	1388-1395	apertum	
3-42	1396-1402	adicum	
3-43	1402-1403	,	
3-44	1404-1409	nulla	
3-45	1410-1414	fiec	
3-46	1415-1422	mucacio	
3-47	1422-1423	,	
3-48	1424-1426	ac	
3-49	1427-1429	li	
3-50	1430-1440	difficilem	
3-51	1441-1451	experiatur	
3-52	1452-1460	cranfcum	
3-53	1460-1461	,	
3-54	1462-1466	opus	
3-55	1467-1470	eft	
3-56	1470-1471	,	
3-57	1472-1474	ut	
3-58	1475-1482	diutius	
3-59	1483-1488	intra	
3-60	1489-1494	poros	
3-61	1495-1504	immoretur	
3-62	1504-1505	,	
3-63	1506-1513	adeoque	
3-64	1514-1517	bre	
3-65	1517-1518	.	

#Text=Vi temporis fpatio tanta jactura reparari non poteft.
4-1	1519-1521	Vi	
4-2	1522-1530	temporis	
4-3	1531-1537	fpatio	
4-4	1538-1543	tanta	
4-5	1544-1551	jactura	
4-6	1552-1560	reparari	
4-7	1561-1564	non	
4-8	1565-1571	poteft	
4-9	1571-1572	.	

#Text=Præterquam quod subtilem materiam, quæ per poros corporum velocislimo motu perpetuo transcat admictere, fi phænomenis non repugnat, eft faltem mera hypochelis; quare ubi fententia baberi poilie, quæ caulis certis indicatur, ad confiétas hypotheses, non elt recurrendum.
5-1	1573-1583	Præterquam	
5-2	1584-1588	quod	
5-3	1589-1597	subtilem	
5-4	1598-1606	materiam	
5-5	1606-1607	,	
5-6	1608-1611	quæ	
5-7	1612-1615	per	
5-8	1616-1621	poros	
5-9	1622-1630	corporum	
5-10	1631-1642	velocislimo	
5-11	1643-1647	motu	
5-12	1648-1656	perpetuo	
5-13	1657-1665	transcat	
5-14	1666-1675	admictere	
5-15	1675-1676	,	
5-16	1677-1679	fi	
5-17	1680-1690	phænomenis	
5-18	1691-1694	non	
5-19	1695-1703	repugnat	
5-20	1703-1704	,	
5-21	1705-1708	eft	
5-22	1709-1715	faltem	
5-23	1716-1720	mera	
5-24	1721-1731	hypochelis	
5-25	1731-1732	;	
5-26	1733-1738	quare	
5-27	1739-1742	ubi	
5-28	1743-1752	fententia	
5-29	1753-1759	baberi	
5-30	1760-1766	poilie	
5-31	1766-1767	,	
5-32	1768-1771	quæ	
5-33	1772-1778	caulis	
5-34	1779-1785	certis	
5-35	1786-1795	indicatur	
5-36	1795-1796	,	
5-37	1797-1799	ad	
5-38	1800-1809	confiétas	
5-39	1810-1820	hypotheses	
5-40	1820-1821	,	
5-41	1822-1825	non	
5-42	1826-1829	elt	
5-43	1830-1841	recurrendum	
5-44	1841-1842	.	

#Text=Hoc denique effugiuin nullum elle clare demonftrant corpora non suo odore tragrantia : fic enim lignum ex musci vicinia ejusdem odore imbutum, pori lignei ad musci odorem procreandum ex acris, alceriusve materize transformasione lunc certo omnino inepti; neque id pręttare pollunc ipfa musci odoratæ particulæ ligno adhærentes, ittæ enim ad oltactionem excicandam a natura factæ sunt, non vero ad alias odoras particulas producendas, quare hujufcemodi poros in iis fin
#Text=
#Text=Neque fermentatio huic fententiæ patrocinari poteft, nam fermentatio , liquidem valida Gt, poteft transformationem effice
#Text=
#Text=re,
#Text=
#Text=
#Text=
#Text=gere non licet.
#Text=7
#Text=
#Text=re, at fermentatio, quæ nullum nobis sui præbet indicium, id
#Text=
#Text=brevi tempore efficere certo non potcft; videmus enim in fenfio
#Text=
#Text=bilioribus eciam fermentacionibus mulcum temporis requiri , ut
#Text=
#Text=fiat substantiarum transmutatio, quo autem infirmiores sunt
#Text=
#Text=caufæ, co plus temporis requiritur ad cundem effectum præstane?
6-1	1843-1846	Hoc	
6-2	1847-1854	denique	
6-3	1855-1864	effugiuin	
6-4	1865-1871	nullum	
6-5	1872-1876	elle	
6-6	1877-1882	clare	
6-7	1883-1894	demonftrant	
6-8	1895-1902	corpora	
6-9	1903-1906	non	
6-10	1907-1910	suo	
6-11	1911-1916	odore	
6-12	1917-1927	tragrantia	
6-13	1928-1929	:	
6-14	1930-1933	fic	
6-15	1934-1938	enim	
6-16	1939-1945	lignum	
6-17	1946-1948	ex	
6-18	1949-1954	musci	
6-19	1955-1962	vicinia	
6-20	1963-1970	ejusdem	
6-21	1971-1976	odore	
6-22	1977-1984	imbutum	
6-23	1984-1985	,	
6-24	1986-1990	pori	
6-25	1991-1997	lignei	
6-26	1998-2000	ad	
6-27	2001-2006	musci	
6-28	2007-2013	odorem	
6-29	2014-2025	procreandum	
6-30	2026-2028	ex	
6-31	2029-2034	acris	
6-32	2034-2035	,	
6-33	2036-2046	alceriusve	
6-34	2047-2055	materize	
6-35	2056-2071	transformasione	
6-36	2072-2076	lunc	
6-37	2077-2082	certo	
6-38	2083-2089	omnino	
6-39	2090-2096	inepti	
6-40	2096-2097	;	
6-41	2098-2103	neque	
6-42	2104-2106	id	
6-43	2107-2115	pręttare	
6-44	2116-2123	pollunc	
6-45	2124-2128	ipfa	
6-46	2129-2134	musci	
6-47	2135-2142	odoratæ	
6-48	2143-2152	particulæ	
6-49	2153-2158	ligno	
6-50	2159-2169	adhærentes	
6-51	2169-2170	,	
6-52	2171-2175	ittæ	
6-53	2176-2180	enim	
6-54	2181-2183	ad	
6-55	2184-2195	oltactionem	
6-56	2196-2206	excicandam	
6-57	2207-2208	a	
6-58	2209-2215	natura	
6-59	2216-2221	factæ	
6-60	2222-2226	sunt	
6-61	2226-2227	,	
6-62	2228-2231	non	
6-63	2232-2236	vero	
6-64	2237-2239	ad	
6-65	2240-2245	alias	
6-66	2246-2252	odoras	
6-67	2253-2263	particulas	
6-68	2264-2275	producendas	
6-69	2275-2276	,	
6-70	2277-2282	quare	
6-71	2283-2294	hujufcemodi	
6-72	2295-2300	poros	
6-73	2301-2303	in	
6-74	2304-2307	iis	
6-75	2308-2311	fin	
6-76	2313-2318	Neque	
6-77	2319-2330	fermentatio	
6-78	2331-2335	huic	
6-79	2336-2345	fententiæ	
6-80	2346-2357	patrocinari	
6-81	2358-2364	poteft	
6-82	2364-2365	,	
6-83	2366-2369	nam	
6-84	2370-2381	fermentatio	
6-85	2382-2383	,	
6-86	2384-2392	liquidem	
6-87	2393-2399	valida	
6-88	2400-2402	Gt	
6-89	2402-2403	,	
6-90	2404-2410	poteft	
6-91	2411-2427	transformationem	
6-92	2428-2434	effice	
6-93	2436-2438	re	
6-94	2438-2439	,	
6-95	2443-2447	gere	
6-96	2448-2451	non	
6-97	2452-2457	licet	
6-98	2457-2458	.	
6-99	2459-2460	7	
6-100	2462-2464	re	
6-101	2464-2465	,	
6-102	2466-2468	at	
6-103	2469-2480	fermentatio	
6-104	2480-2481	,	
6-105	2482-2485	quæ	
6-106	2486-2492	nullum	
6-107	2493-2498	nobis	
6-108	2499-2502	sui	
6-109	2503-2509	præbet	
6-110	2510-2518	indicium	
6-111	2518-2519	,	
6-112	2520-2522	id	
6-113	2524-2529	brevi	
6-114	2530-2537	tempore	
6-115	2538-2546	efficere	
6-116	2547-2552	certo	
6-117	2553-2556	non	
6-118	2557-2563	potcft	
6-119	2563-2564	;	
6-120	2565-2572	videmus	
6-121	2573-2577	enim	
6-122	2578-2580	in	
6-123	2581-2587	fenfio	
6-124	2589-2599	bilioribus	
6-125	2600-2605	eciam	
6-126	2606-2622	fermentacionibus	
6-127	2623-2629	mulcum	
6-128	2630-2638	temporis	
6-129	2639-2646	requiri	
6-130	2647-2648	,	
6-131	2649-2651	ut	
6-132	2653-2657	fiat	
6-133	2658-2671	substantiarum	
6-134	2672-2684	transmutatio	
6-135	2684-2685	,	
6-136	2686-2689	quo	
6-137	2690-2695	autem	
6-138	2696-2707	infirmiores	
6-139	2708-2712	sunt	
6-140	2714-2719	caufæ	
6-141	2719-2720	,	
6-142	2721-2723	co	
6-143	2724-2728	plus	
6-144	2729-2737	temporis	
6-145	2738-2748	requiritur	
6-146	2749-2751	ad	
6-147	2752-2758	cundem	
6-148	2759-2767	effectum	
6-149	2768-2776	præstane	
6-150	2776-2777	?	

#Text=dum; cum igitur hic fermentatio, q qua est , in infinituma
#Text=
#Text=fere minuacur, in infinitum eriam fere augendum est rempus ad.
#Text=eundem habendum effectum : fieri icaque non potelt ut per fer-
#Text=
#Text=mentationem pluries intra horam ejusdem corporis odoriferi ja-
#Text=
#Text=
#Text=
#Text=Etura reparetur.
7-1	2778-2781	dum	
7-2	2781-2782	;	
7-3	2783-2786	cum	
7-4	2787-2793	igitur	
7-5	2794-2797	hic	
7-6	2798-2809	fermentatio	
7-7	2809-2810	,	
7-8	2811-2812	q	
7-9	2813-2816	qua	
7-10	2817-2820	est	
7-11	2821-2822	,	
7-12	2823-2825	in	
7-13	2826-2836	infinituma	
7-14	2838-2842	fere	
7-15	2843-2851	minuacur	
7-16	2851-2852	,	
7-17	2853-2855	in	
7-18	2856-2865	infinitum	
7-19	2866-2871	eriam	
7-20	2872-2876	fere	
7-21	2877-2885	augendum	
7-22	2886-2889	est	
7-23	2890-2896	rempus	
7-24	2897-2899	ad	
7-25	2899-2900	.	
7-26	2901-2907	eundem	
7-27	2908-2916	habendum	
7-28	2917-2925	effectum	
7-29	2926-2927	:	
7-30	2928-2933	fieri	
7-31	2934-2940	icaque	
7-32	2941-2944	non	
7-33	2945-2951	potelt	
7-34	2952-2954	ut	
7-35	2955-2958	per	
7-36	2959-2962	fer	
7-37	2962-2963	-	
7-38	2965-2976	mentationem	
7-39	2977-2984	pluries	
7-40	2985-2990	intra	
7-41	2991-2996	horam	
7-42	2997-3004	ejusdem	
7-43	3005-3013	corporis	
7-44	3014-3023	odoriferi	
7-45	3024-3026	ja	
7-46	3026-3027	-	
7-47	3031-3036	Etura	
7-48	3037-3046	reparetur	
7-49	3046-3047	.	

#Text=VI.
8-1	3048-3050	VI	
8-2	3050-3051	.	

#Text=Ar viri (ummo ingenio, ac doctrina prædici hanc difficultatem
#Text=
#Text=
#Text=
#Text=flocci omnino fecerunt, neque ea ad aliam excogitandam len-
#Text=
#Text=tencian fuere incitati.
9-1	3052-3054	Ar	
9-2	3055-3059	viri	
9-3	3060-3061	(	
9-4	3061-3065	ummo	
9-5	3066-3073	ingenio	
9-6	3073-3074	,	
9-7	3075-3077	ac	
9-8	3078-3086	doctrina	
9-9	3087-3094	prædici	
9-10	3095-3099	hanc	
9-11	3100-3113	difficultatem	
9-12	3117-3123	flocci	
9-13	3124-3130	omnino	
9-14	3131-3139	fecerunt	
9-15	3139-3140	,	
9-16	3141-3146	neque	
9-17	3147-3149	ea	
9-18	3150-3152	ad	
9-19	3153-3158	aliam	
9-20	3159-3171	excogitandam	
9-21	3172-3175	len	
9-22	3175-3176	-	
9-23	3178-3185	tencian	
9-24	3186-3191	fuere	
9-25	3192-3200	incitati	
9-26	3200-3201	.	

#Text=Vereor fane, ne illis idem contigerit, ac
#Text=
#Text=mihi: per plures annos apud meos auditores communi sententia
#Text=
#Text=( quandoquidem melior non occurrebar) & communibus etiam
#Text=
#Text=ad hanc difficultatem usus sum responsionibus ; attamen ut vera
#Text=
#Text=fatear, animus iis nunquam acquievit.
10-1	3202-3208	Vereor	
10-2	3209-3213	fane	
10-3	3213-3214	,	
10-4	3215-3217	ne	
10-5	3218-3223	illis	
10-6	3224-3228	idem	
10-7	3229-3239	contigerit	
10-8	3239-3240	,	
10-9	3241-3243	ac	
10-10	3245-3249	mihi	
10-11	3249-3250	:	
10-12	3251-3254	per	
10-13	3255-3261	plures	
10-14	3262-3267	annos	
10-15	3268-3272	apud	
10-16	3273-3277	meos	
10-17	3278-3287	auditores	
10-18	3288-3295	communi	
10-19	3296-3305	sententia	
10-20	3307-3308	(	
10-21	3309-3321	quandoquidem	
10-22	3322-3328	melior	
10-23	3329-3332	non	
10-24	3333-3343	occurrebar	
10-25	3343-3344	)	
10-26	3345-3346	&	
10-27	3347-3357	communibus	
10-28	3358-3363	etiam	
10-29	3365-3367	ad	
10-30	3368-3372	hanc	
10-31	3373-3386	difficultatem	
10-32	3387-3391	usus	
10-33	3392-3395	sum	
10-34	3396-3410	responsionibus	
10-35	3411-3412	;	
10-36	3413-3420	attamen	
10-37	3421-3423	ut	
10-38	3424-3428	vera	
10-39	3430-3436	fatear	
10-40	3436-3437	,	
10-41	3438-3444	animus	
10-42	3445-3448	iis	
10-43	3449-3456	nunquam	
10-44	3457-3466	acquievit	
10-45	3466-3467	.	

#Text=Mirum igitur non eflet ,
#Text=
#Text=li & illi , licet difficultatem vidcrint, hanc tamen fencenciam do-
#Text=
#Text=cuerint; quæ suspicio co magis mco inhæret aniino, quod plu-
#Text=
#Text=res videam hanc difficultatem (quæ cæteroquin in hac materia
#Text=
#Text=eft omnium maxima ) omnino dissimulare; quod fi fecissent in
#Text=
#Text=re minoris momenti, client venia digni; ac dillimulare, quod
#Text=
#Text=aliquam fententiam a fundamentis evertit, nonne ex eo fortasse
#Text=
#Text=oritur, quod difficultatem apprime viderint, fed ne lectoribus
#Text=
#Text=sententiam suspectam redderent , prætereundam duxerint?
11-1	3468-3473	Mirum	
11-2	3474-3480	igitur	
11-3	3481-3484	non	
11-4	3485-3490	eflet	
11-5	3491-3492	,	
11-6	3494-3496	li	
11-7	3497-3498	&	
11-8	3499-3503	illi	
11-9	3504-3505	,	
11-10	3506-3511	licet	
11-11	3512-3525	difficultatem	
11-12	3526-3534	vidcrint	
11-13	3534-3535	,	
11-14	3536-3540	hanc	
11-15	3541-3546	tamen	
11-16	3547-3557	fencenciam	
11-17	3558-3560	do	
11-18	3560-3561	-	
11-19	3563-3570	cuerint	
11-20	3570-3571	;	
11-21	3572-3575	quæ	
11-22	3576-3584	suspicio	
11-23	3585-3587	co	
11-24	3588-3593	magis	
11-25	3594-3597	mco	
11-26	3598-3605	inhæret	
11-27	3606-3612	aniino	
11-28	3612-3613	,	
11-29	3614-3618	quod	
11-30	3619-3622	plu	
11-31	3622-3623	-	
11-32	3625-3628	res	
11-33	3629-3635	videam	
11-34	3636-3640	hanc	
11-35	3641-3654	difficultatem	
11-36	3655-3656	(	
11-37	3656-3659	quæ	
11-38	3660-3670	cæteroquin	
11-39	3671-3673	in	
11-40	3674-3677	hac	
11-41	3678-3685	materia	
11-42	3687-3690	eft	
11-43	3691-3697	omnium	
11-44	3698-3704	maxima	
11-45	3705-3706	)	
11-46	3707-3713	omnino	
11-47	3714-3725	dissimulare	
11-48	3725-3726	;	
11-49	3727-3731	quod	
11-50	3732-3734	fi	
11-51	3735-3744	fecissent	
11-52	3745-3747	in	
11-53	3749-3751	re	
11-54	3752-3759	minoris	
11-55	3760-3767	momenti	
11-56	3767-3768	,	
11-57	3769-3775	client	
11-58	3776-3781	venia	
11-59	3782-3787	digni	
11-60	3787-3788	;	
11-61	3789-3791	ac	
11-62	3792-3803	dillimulare	
11-63	3803-3804	,	
11-64	3805-3809	quod	
11-65	3811-3818	aliquam	
11-66	3819-3829	fententiam	
11-67	3830-3831	a	
11-68	3832-3843	fundamentis	
11-69	3844-3851	evertit	
11-70	3851-3852	,	
11-71	3853-3858	nonne	
11-72	3859-3861	ex	
11-73	3862-3864	eo	
11-74	3865-3873	fortasse	
11-75	3875-3881	oritur	
11-76	3881-3882	,	
11-77	3883-3887	quod	
11-78	3888-3901	difficultatem	
11-79	3902-3909	apprime	
11-80	3910-3918	viderint	
11-81	3918-3919	,	
11-82	3920-3923	fed	
11-83	3924-3926	ne	
11-84	3927-3937	lectoribus	
11-85	3939-3949	sententiam	
11-86	3950-3959	suspectam	
11-87	3960-3969	redderent	
11-88	3970-3971	,	
11-89	3972-3984	prætereundam	
11-90	3985-3993	duxerint	
11-91	3993-3994	?	

#Text=Quid
#Text=
#Text=si tenuitatem , ad quam materia redigi poteft perpendentes, quę
#Text=
#Text=præterea adverci , non consideraveriac?
12-1	3995-3999	Quid	
12-2	4001-4003	si	
12-3	4004-4014	tenuitatem	
12-4	4015-4016	,	
12-5	4017-4019	ad	
12-6	4020-4024	quam	
12-7	4025-4032	materia	
12-8	4033-4039	redigi	
12-9	4040-4046	poteft	
12-10	4047-4059	perpendentes	
12-11	4059-4060	,	
12-12	4061-4064	quę	
12-13	4066-4074	præterea	
12-14	4075-4082	adverci	
12-15	4083-4084	,	
12-16	4085-4088	non	
12-17	4089-4104	consideraveriac	
12-18	4104-4105	?	

#Text=Cæterum non auctorita
#Text=
#Text=
#Text=
#Text=te, red ratione hic pugno.
13-1	4106-4113	Cæterum	
13-2	4114-4117	non	
13-3	4118-4127	auctorita	
13-4	4131-4133	te	
13-5	4133-4134	,	
13-6	4135-4138	red	
13-7	4139-4146	ratione	
13-8	4147-4150	hic	
13-9	4151-4156	pugno	
13-10	4156-4157	.	

#Text=VII.
14-1	4158-4161	VII	
14-2	4161-4162	.	

#Text=Hæc mihi cogitanti, & quod pro communi sententia satisfa.
#Text=ceret, nihil repcrienti illud occurrit, sonum non fieri per einif.
15-1	4163-4166	Hæc	
15-2	4167-4171	mihi	
15-3	4172-4181	cogitanti	
15-4	4181-4182	,	
15-5	4183-4184	&	
15-6	4185-4189	quod	
15-7	4190-4193	pro	
15-8	4194-4201	communi	
15-9	4202-4211	sententia	
15-10	4212-4219	satisfa	
15-11	4219-4220	.	
15-12	4221-4226	ceret	
15-13	4226-4227	,	
15-14	4228-4233	nihil	
15-15	4234-4244	repcrienti	
15-16	4245-4250	illud	
15-17	4251-4259	occurrit	
15-18	4259-4260	,	
15-19	4261-4266	sonum	
15-20	4267-4270	non	
15-21	4271-4276	fieri	
15-22	4277-4280	per	
15-23	4281-4286	einif	
15-24	4286-4287	.	
