#FORMAT=WebAnno TSV 3.3
#T_SP=custom.Span|label
#T_RL=custom.Relation|label|BT_custom.Span


#Text=Die Wurtzel der ſchwartzen Carlina
#Text=
#Text=iſt allein in dem Stuͤck von der weiſſen
#Text=unterſchieden, daß ſie gemeiniglich oben
#Text=als wie halb offen, auch nicht ſo ſchwer,
#Text=wie dieſe iſt.
1-1	5-8	Die	_	_	_	
1-2	9-16	Wurtzel	_	_	_	
1-3	17-20	der	_	_	_	
1-4	21-31	ſchwartzen	_	_	_	
1-5	32-39	Carlina	_	_	_	
1-6	41-44	iſt	_	_	_	
1-7	45-51	allein	_	_	_	
1-8	52-54	in	_	_	_	
1-9	55-58	dem	_	_	_	
1-10	59-65	Stuͤck	_	_	_	
1-11	66-69	von	_	_	_	
1-12	70-73	der	_	_	_	
1-13	74-81	weiſſen	_	_	_	
1-14	82-95	unterſchieden	_	_	_	
1-15	95-96	,	_	_	_	
1-16	97-100	daß	_	_	_	
1-17	101-104	ſie	_	_	_	
1-18	105-117	gemeiniglich	_	_	_	
1-19	118-122	oben	_	_	_	
1-20	123-126	als	_	_	_	
1-21	127-130	wie	_	_	_	
1-22	131-135	halb	_	_	_	
1-23	136-141	offen	_	_	_	
1-24	141-142	,	_	_	_	
1-25	143-147	auch	_	_	_	
1-26	148-153	nicht	_	_	_	
1-27	154-156	ſo	_	_	_	
1-28	157-163	ſchwer	_	_	_	
1-29	163-164	,	_	_	_	
1-30	165-168	wie	_	_	_	
1-31	169-174	dieſe	_	_	_	
1-32	175-178	iſt	_	_	_	
1-33	178-179	.	_	_	_	

#Text=Das drey und zwantzigſte Capitel.
2-1	184-187	Das	_	_	_	
2-2	188-192	drey	_	_	_	
2-3	193-196	und	_	_	_	
2-4	197-208	zwantzigſte	_	_	_	
2-5	209-216	Capitel	_	_	_	
2-6	216-217	.	_	_	_	

#Text=Vom groſſen Baldrian.
3-1	220-223	Vom	_	_	_	
3-2	224-231	groſſen	_	_	_	
3-3	232-240	Baldrian	_	_	_	
3-4	240-241	.	_	_	_	

#Text=VAleriana major, der groſſe Baldri-
#Text=an/
#Text=von Johann Bauhin Valeri-
#Text=
#Text=ana major radice odorata, mit der ſtarck-
#Text=riechenden Wurtzel, genennet, iſt ein
#Text=Kraut, deſſen Wurtzeln Daumens dicke,
#Text=auſſenher braun und knorricht ſind, als
#Text=ob ſie aus lauter Ringen beſtuͤnden;
#Text=an
#Text=den Seiten ſind ſie mit Zaſern beſetzt, und
#Text=haben einen ſtarcken aromatiſchen gantz
#Text=unangenehmen Geruch.
4-1	245-254	VAleriana	Smell\_Source[1]	*|*	4-5[2_1]|4-13[3_1]	
4-2	255-260	major	Smell\_Source[1]	_	_	
4-3	260-261	,	_	_	_	
4-4	262-265	der	_	_	_	
4-5	266-272	groſſe	Smell\_Source[2]	_	_	
4-6	273-279	Baldri	Smell\_Source[2]	_	_	
4-7	279-280	-	Smell\_Source[2]	_	_	
4-8	281-283	an	Smell\_Source[2]	_	_	
4-9	283-284	/	_	_	_	
4-10	285-288	von	_	_	_	
4-11	289-295	Johann	_	_	_	
4-12	296-302	Bauhin	_	_	_	
4-13	303-309	Valeri	Smell\_Source[3]	_	_	
4-14	309-310	-	Smell\_Source[3]	_	_	
4-15	312-315	ana	Smell\_Source[3]	_	_	
4-16	316-321	major	Smell\_Source[3]	_	_	
4-17	322-328	radice	Smell\_Source[3]	_	_	
4-18	329-336	odorata	Smell\_Source[3]	_	_	
4-19	336-337	,	_	_	_	
4-20	338-341	mit	_	_	_	
4-21	342-345	der	_	_	_	
4-22	346-352	ſtarck	Quality	_	_	
4-23	352-353	-	_	_	_	
4-24	354-364	riechenden	Smell\_Word	*|*	4-22|4-25	
4-25	365-372	Wurtzel	Smell\_Source	*	4-1[1_0]	
4-26	372-373	,	_	_	_	
4-27	374-382	genennet	_	_	_	
4-28	382-383	,	_	_	_	
4-29	384-387	iſt	_	_	_	
4-30	388-391	ein	_	_	_	
4-31	392-397	Kraut	_	_	_	
4-32	397-398	,	_	_	_	
4-33	399-405	deſſen	_	_	_	
4-34	406-414	Wurtzeln	Smell\_Source	_	_	
4-35	415-422	Daumens	_	_	_	
4-36	423-428	dicke	_	_	_	
4-37	428-429	,	_	_	_	
4-38	430-439	auſſenher	_	_	_	
4-39	440-445	braun	_	_	_	
4-40	446-449	und	_	_	_	
4-41	450-459	knorricht	_	_	_	
4-42	460-464	ſind	_	_	_	
4-43	464-465	,	_	_	_	
4-44	466-469	als	_	_	_	
4-45	470-472	ob	_	_	_	
4-46	473-476	ſie	_	_	_	
4-47	477-480	aus	_	_	_	
4-48	481-487	lauter	_	_	_	
4-49	488-494	Ringen	_	_	_	
4-50	495-505	beſtuͤnden	_	_	_	
4-51	505-506	;	_	_	_	
4-52	507-509	an	_	_	_	
4-53	510-513	den	_	_	_	
4-54	514-520	Seiten	_	_	_	
4-55	521-525	ſind	_	_	_	
4-56	526-529	ſie	_	_	_	
4-57	530-533	mit	_	_	_	
4-58	534-540	Zaſern	_	_	_	
4-59	541-548	beſetzt	_	_	_	
4-60	548-549	,	_	_	_	
4-61	550-553	und	_	_	_	
4-62	554-559	haben	_	_	_	
4-63	560-565	einen	_	_	_	
4-64	566-574	ſtarcken	Quality	_	_	
4-65	575-587	aromatiſchen	Quality	_	_	
4-66	588-593	gantz	Quality[4]	_	_	
4-67	594-606	unangenehmen	Quality[4]	_	_	
4-68	607-613	Geruch	Smell\_Word	*|*|*|*	4-64|4-65|4-66[4_0]|4-34	
4-69	613-614	.	_	_	_	

#Text=Er ſchießt drey
#Text=Fuß hoch gerade in die Hoͤhe, iſt hol und
#Text=hat bey iedem Knoten zwey Blaͤtter ge-
#Text=
#Text=gen einander uͤber ſtehend.
5-1	615-617	Er	_	_	_	
5-2	618-625	ſchießt	_	_	_	
5-3	626-630	drey	_	_	_	
5-4	631-634	Fuß	_	_	_	
5-5	635-639	hoch	_	_	_	
5-6	640-646	gerade	_	_	_	
5-7	647-649	in	_	_	_	
5-8	650-653	die	_	_	_	
5-9	654-659	Hoͤhe	_	_	_	
5-10	659-660	,	_	_	_	
5-11	661-664	iſt	_	_	_	
5-12	665-668	hol	_	_	_	
5-13	669-672	und	_	_	_	
5-14	673-676	hat	_	_	_	
5-15	677-680	bey	_	_	_	
5-16	681-686	iedem	_	_	_	
5-17	687-693	Knoten	_	_	_	
5-18	694-698	zwey	_	_	_	
5-19	699-707	Blaͤtter	_	_	_	
5-20	708-710	ge	_	_	_	
5-21	710-711	-	_	_	_	
5-22	713-716	gen	_	_	_	
5-23	717-725	einander	_	_	_	
5-24	726-731	uͤber	_	_	_	
5-25	732-739	ſtehend	_	_	_	
5-26	739-740	.	_	_	_	

#Text=Die erſten
#Text=Blaͤtter ſind gantz, die andern aber an
#Text=beyden Seiten gar ſehr zerkerbet, oft-
#Text=mahls bis an den Strunck.
6-1	741-744	Die	_	_	_	
6-2	745-751	erſten	_	_	_	
6-3	752-760	Blaͤtter	_	_	_	
6-4	761-765	ſind	_	_	_	
6-5	766-771	gantz	_	_	_	
6-6	771-772	,	_	_	_	
6-7	773-776	die	_	_	_	
6-8	777-783	andern	_	_	_	
6-9	784-788	aber	_	_	_	
6-10	789-791	an	_	_	_	
6-11	792-798	beyden	_	_	_	
6-12	799-805	Seiten	_	_	_	
6-13	806-809	gar	_	_	_	
6-14	810-814	ſehr	_	_	_	
6-15	815-824	zerkerbet	_	_	_	
6-16	824-825	,	_	_	_	
6-17	826-829	oft	_	_	_	
6-18	829-830	-	_	_	_	
6-19	831-836	mahls	_	_	_	
6-20	837-840	bis	_	_	_	
6-21	841-843	an	_	_	_	
6-22	844-847	den	_	_	_	
6-23	848-855	Strunck	_	_	_	
6-24	855-856	.	_	_	_	

#Text=Die Blu-
#Text=men ſind weiß, riechen wie Jaſinin, und
#Text=wachſen in Buͤſchlein, oben auf den
#Text=Stengeln, ſehen wie kleine Roͤhrlein, die
#Text=zu oberſt in fuͤnff Theile zerſpalten, und
#Text=laſſen lange platte Samen hinter ſich,
#Text=welche oben einen rauchen weiſſen Bart
#Text=haben.
7-1	857-860	Die	_	_	_	
7-2	861-864	Blu	Smell\_Source[5]	_	_	
7-3	864-865	-	Smell\_Source[5]	_	_	
7-4	866-869	men	Smell\_Source[5]	_	_	
7-5	870-874	ſind	_	_	_	
7-6	875-879	weiß	_	_	_	
7-7	879-880	,	_	_	_	
7-8	881-888	riechen	Smell\_Word	*|*	7-9[6_0]|7-2[5_0]	
7-9	889-892	wie	Effect[6]	_	_	
7-10	893-900	Jaſinin	Effect[6]	_	_	
7-11	900-901	,	_	_	_	
7-12	902-905	und	_	_	_	
7-13	906-913	wachſen	_	_	_	
7-14	914-916	in	_	_	_	
7-15	917-927	Buͤſchlein	_	_	_	
7-16	927-928	,	_	_	_	
7-17	929-933	oben	_	_	_	
7-18	934-937	auf	_	_	_	
7-19	938-941	den	_	_	_	
7-20	942-950	Stengeln	_	_	_	
7-21	950-951	,	_	_	_	
7-22	952-957	ſehen	_	_	_	
7-23	958-961	wie	_	_	_	
7-24	962-968	kleine	_	_	_	
7-25	969-978	Roͤhrlein	_	_	_	
7-26	978-979	,	_	_	_	
7-27	980-983	die	_	_	_	
7-28	984-986	zu	_	_	_	
7-29	987-993	oberſt	_	_	_	
7-30	994-996	in	_	_	_	
7-31	997-1003	fuͤnff	_	_	_	
7-32	1004-1010	Theile	_	_	_	
7-33	1011-1021	zerſpalten	_	_	_	
7-34	1021-1022	,	_	_	_	
7-35	1023-1026	und	_	_	_	
7-36	1027-1033	laſſen	_	_	_	
7-37	1034-1039	lange	_	_	_	
7-38	1040-1046	platte	_	_	_	
7-39	1047-1052	Samen	_	_	_	
7-40	1053-1059	hinter	_	_	_	
7-41	1060-1064	ſich	_	_	_	
7-42	1064-1065	,	_	_	_	
7-43	1066-1072	welche	_	_	_	
7-44	1073-1077	oben	_	_	_	
7-45	1078-1083	einen	_	_	_	
7-46	1084-1091	rauchen	_	_	_	
7-47	1092-1099	weiſſen	_	_	_	
7-48	1100-1104	Bart	_	_	_	
7-49	1105-1110	haben	_	_	_	
7-50	1110-1111	.	_	_	_	

#Text=Siehe Fig. 70.
8-1	1114-1119	Siehe	_	_	_	
8-2	1120-1123	Fig	_	_	_	
8-3	1123-1124	.	_	_	_	
8-4	1125-1127	70	_	_	_	
8-5	1127-1128	.	_	_	_	

#Text=Der kleinen Valeriana Wurtzeln
#Text=
#Text=ſind
#Text=
#Text=
#Text=
#Text=Siehe Fig.
#Text=71.
9-1	1131-1134	Der	_	_	_	
9-2	1135-1142	kleinen	_	_	_	
9-3	1143-1152	Valeriana	_	_	_	
9-4	1153-1161	Wurtzeln	_	_	_	
9-5	1163-1167	ſind	_	_	_	
9-6	1171-1176	Siehe	_	_	_	
9-7	1177-1180	Fig	_	_	_	
9-8	1180-1181	.	_	_	_	
9-9	1182-1184	71	_	_	_	
9-10	1184-1185	.	_	_	_	
