#FORMAT=WebAnno TSV 3.3


#Text=20 In cogitatione tua regi ne detrahas, et in secreto cubiculi tui ne maledixeris diviti : quia et aves cæli portabunt vocem tuam, et qui habet pennas annuntiabit sententiam.
1-1	2-4	20	
1-2	5-7	In	
1-3	8-19	cogitatione	
1-4	20-23	tua	
1-5	24-28	regi	
1-6	29-31	ne	
1-7	32-40	detrahas	
1-8	40-41	,	
1-9	42-44	et	
1-10	45-47	in	
1-11	48-55	secreto	
1-12	56-64	cubiculi	
1-13	65-68	tui	
1-14	69-71	ne	
1-15	72-83	maledixeris	
1-16	84-90	diviti	
1-17	91-92	:	
1-18	93-97	quia	
1-19	98-100	et	
1-20	101-105	aves	
1-21	106-110	cæli	
1-22	111-120	portabunt	
1-23	121-126	vocem	
1-24	127-131	tuam	
1-25	131-132	,	
1-26	133-135	et	
1-27	136-139	qui	
1-28	140-145	habet	
1-29	146-152	pennas	
1-30	153-164	annuntiabit	
1-31	165-175	sententiam	
1-32	175-176	.	

#Text=Caput 11
#Text=
#Text=
#Text=1 Mitte panem tuum super transeuntes aquas, quia post tempora multa invenies illum.
#Text=2 Da partem septem necnon et octo, quia ignoras quid futurum sit mali super terram.
#Text=3 Si repletæ fuerint nubes, imbrem super terram effundent.
2-1	177-182	Caput	
2-2	183-185	11	
2-3	188-189	1	
2-4	190-195	Mitte	
2-5	196-201	panem	
2-6	202-206	tuum	
2-7	207-212	super	
2-8	213-224	transeuntes	
2-9	225-230	aquas	
2-10	230-231	,	
2-11	232-236	quia	
2-12	237-241	post	
2-13	242-249	tempora	
2-14	250-255	multa	
2-15	256-264	invenies	
2-16	265-270	illum	
2-17	270-271	.	
2-18	272-273	2	
2-19	274-276	Da	
2-20	277-283	partem	
2-21	284-290	septem	
2-22	291-297	necnon	
2-23	298-300	et	
2-24	301-305	octo	
2-25	305-306	,	
2-26	307-311	quia	
2-27	312-319	ignoras	
2-28	320-324	quid	
2-29	325-332	futurum	
2-30	333-336	sit	
2-31	337-341	mali	
2-32	342-347	super	
2-33	348-354	terram	
2-34	354-355	.	
2-35	356-357	3	
2-36	358-360	Si	
2-37	361-368	repletæ	
2-38	369-376	fuerint	
2-39	377-382	nubes	
2-40	382-383	,	
2-41	384-390	imbrem	
2-42	391-396	super	
2-43	397-403	terram	
2-44	404-413	effundent	
2-45	413-414	.	

#Text=Si ceciderit lignum ad austrum aut ad aquilonem, in quocumque loco ceciderit, ibi erit.
#Text=4 Qui observat ventum non seminat ; et qui considerat nubes numquam metet.
#Text=5 Quomodo ignoras quæ sit via spiritus, et qua ratione compingantur ossa in ventre prægnantis, sic nescis opera Dei, qui fabricator est omnium.
#Text=6 Mane semina semen tuum, et vespere ne cesset manus tua : quia nescis quid magis oriatur, hoc aut illud ; et si utrumque simul, melius erit.
#Text=7 Dulce lumen, et delectabile est oculis videre solem.
#Text=8 Si annis multis vixerit homo, et in his omnibus lætatus fuerit, meminisse debet tenebrosi temporis, et dierum multorum, qui cum venerint, vanitatis arguentur præterita.
#Text=9 Lætare ergo, juvenis, in adolescentia tua, et in bono sit cor tuum in diebus juventutis tuæ : et ambula in viis cordis tui, et in intuitu oculorum tuorum, et scito quod pro omnibus his adducet te Deus in judicium.
#Text=10 Aufer iram a corde tuo, et amove malitiam a carne tua : adolescentia enim et voluptas vana sunt.
3-1	415-417	Si	
3-2	418-427	ceciderit	
3-3	428-434	lignum	
3-4	435-437	ad	
3-5	438-445	austrum	
3-6	446-449	aut	
3-7	450-452	ad	
3-8	453-462	aquilonem	
3-9	462-463	,	
3-10	464-466	in	
3-11	467-476	quocumque	
3-12	477-481	loco	
3-13	482-491	ceciderit	
3-14	491-492	,	
3-15	493-496	ibi	
3-16	497-501	erit	
3-17	501-502	.	
3-18	503-504	4	
3-19	505-508	Qui	
3-20	509-517	observat	
3-21	518-524	ventum	
3-22	525-528	non	
3-23	529-536	seminat	
3-24	537-538	;	
3-25	539-541	et	
3-26	542-545	qui	
3-27	546-556	considerat	
3-28	557-562	nubes	
3-29	563-570	numquam	
3-30	571-576	metet	
3-31	576-577	.	
3-32	578-579	5	
3-33	580-587	Quomodo	
3-34	588-595	ignoras	
3-35	596-599	quæ	
3-36	600-603	sit	
3-37	604-607	via	
3-38	608-616	spiritus	
3-39	616-617	,	
3-40	618-620	et	
3-41	621-624	qua	
3-42	625-632	ratione	
3-43	633-645	compingantur	
3-44	646-650	ossa	
3-45	651-653	in	
3-46	654-660	ventre	
3-47	661-671	prægnantis	
3-48	671-672	,	
3-49	673-676	sic	
3-50	677-683	nescis	
3-51	684-689	opera	
3-52	690-693	Dei	
3-53	693-694	,	
3-54	695-698	qui	
3-55	699-709	fabricator	
3-56	710-713	est	
3-57	714-720	omnium	
3-58	720-721	.	
3-59	722-723	6	
3-60	724-728	Mane	
3-61	729-735	semina	
3-62	736-741	semen	
3-63	742-746	tuum	
3-64	746-747	,	
3-65	748-750	et	
3-66	751-758	vespere	
3-67	759-761	ne	
3-68	762-768	cesset	
3-69	769-774	manus	
3-70	775-778	tua	
3-71	779-780	:	
3-72	781-785	quia	
3-73	786-792	nescis	
3-74	793-797	quid	
3-75	798-803	magis	
3-76	804-811	oriatur	
3-77	811-812	,	
3-78	813-816	hoc	
3-79	817-820	aut	
3-80	821-826	illud	
3-81	827-828	;	
3-82	829-831	et	
3-83	832-834	si	
3-84	835-843	utrumque	
3-85	844-849	simul	
3-86	849-850	,	
3-87	851-857	melius	
3-88	858-862	erit	
3-89	862-863	.	
3-90	864-865	7	
3-91	866-871	Dulce	
3-92	872-877	lumen	
3-93	877-878	,	
3-94	879-881	et	
3-95	882-893	delectabile	
3-96	894-897	est	
3-97	898-904	oculis	
3-98	905-911	videre	
3-99	912-917	solem	
3-100	917-918	.	
3-101	919-920	8	
3-102	921-923	Si	
3-103	924-929	annis	
3-104	930-936	multis	
3-105	937-944	vixerit	
3-106	945-949	homo	
3-107	949-950	,	
3-108	951-953	et	
3-109	954-956	in	
3-110	957-960	his	
3-111	961-968	omnibus	
3-112	969-976	lætatus	
3-113	977-983	fuerit	
3-114	983-984	,	
3-115	985-994	meminisse	
3-116	995-1000	debet	
3-117	1001-1010	tenebrosi	
3-118	1011-1019	temporis	
3-119	1019-1020	,	
3-120	1021-1023	et	
3-121	1024-1030	dierum	
3-122	1031-1039	multorum	
3-123	1039-1040	,	
3-124	1041-1044	qui	
3-125	1045-1048	cum	
3-126	1049-1057	venerint	
3-127	1057-1058	,	
3-128	1059-1068	vanitatis	
3-129	1069-1078	arguentur	
3-130	1079-1088	præterita	
3-131	1088-1089	.	
3-132	1090-1091	9	
3-133	1092-1098	Lætare	
3-134	1099-1103	ergo	
3-135	1103-1104	,	
3-136	1105-1112	juvenis	
3-137	1112-1113	,	
3-138	1114-1116	in	
3-139	1117-1129	adolescentia	
3-140	1130-1133	tua	
3-141	1133-1134	,	
3-142	1135-1137	et	
3-143	1138-1140	in	
3-144	1141-1145	bono	
3-145	1146-1149	sit	
3-146	1150-1153	cor	
3-147	1154-1158	tuum	
3-148	1159-1161	in	
3-149	1162-1168	diebus	
3-150	1169-1179	juventutis	
3-151	1180-1183	tuæ	
3-152	1184-1185	:	
3-153	1186-1188	et	
3-154	1189-1195	ambula	
3-155	1196-1198	in	
3-156	1199-1203	viis	
3-157	1204-1210	cordis	
3-158	1211-1214	tui	
3-159	1214-1215	,	
3-160	1216-1218	et	
3-161	1219-1221	in	
3-162	1222-1229	intuitu	
3-163	1230-1238	oculorum	
3-164	1239-1245	tuorum	
3-165	1245-1246	,	
3-166	1247-1249	et	
3-167	1250-1255	scito	
3-168	1256-1260	quod	
3-169	1261-1264	pro	
3-170	1265-1272	omnibus	
3-171	1273-1276	his	
3-172	1277-1284	adducet	
3-173	1285-1287	te	
3-174	1288-1292	Deus	
3-175	1293-1295	in	
3-176	1296-1304	judicium	
3-177	1304-1305	.	
3-178	1306-1308	10	
3-179	1309-1314	Aufer	
3-180	1315-1319	iram	
3-181	1320-1321	a	
3-182	1322-1327	corde	
3-183	1328-1331	tuo	
3-184	1331-1332	,	
3-185	1333-1335	et	
3-186	1336-1341	amove	
3-187	1342-1350	malitiam	
3-188	1351-1352	a	
3-189	1353-1358	carne	
3-190	1359-1362	tua	
3-191	1363-1364	:	
3-192	1365-1377	adolescentia	
3-193	1378-1382	enim	
3-194	1383-1385	et	
3-195	1386-1394	voluptas	
3-196	1395-1399	vana	
3-197	1400-1404	sunt	
3-198	1404-1405	.	

#Text=Caput 12
#Text=
#Text=
#Text=1 Memento Creatoris tui in diebus juventutis tuæ, antequam veniat tempus afflictionis, et appropinquent anni de quibus dicas : Non mihi placent ; 2 antequam tenebrescat sol, et lumen, et luna, et stellæ, et revertantur nubes post pluviam ; 3 quando commovebuntur custodes domus, et nutabunt viri fortissimi, et otiosæ erunt molentes in minuto numero, et tenebrescent videntes per foramina ; 4 et claudent ostia in platea, in humilitate vocis molentis, et consurgent ad vocem volucris, et obsurdescent omnes filiæ carminis : 5 excelsa quoque timebunt, et formidabunt in via.
4-1	1406-1411	Caput	
4-2	1412-1414	12	
4-3	1417-1418	1	
4-4	1419-1426	Memento	
4-5	1427-1436	Creatoris	
4-6	1437-1440	tui	
4-7	1441-1443	in	
4-8	1444-1450	diebus	
4-9	1451-1461	juventutis	
4-10	1462-1465	tuæ	
4-11	1465-1466	,	
4-12	1467-1475	antequam	
4-13	1476-1482	veniat	
4-14	1483-1489	tempus	
4-15	1490-1502	afflictionis	
4-16	1502-1503	,	
4-17	1504-1506	et	
4-18	1507-1520	appropinquent	
4-19	1521-1525	anni	
4-20	1526-1528	de	
4-21	1529-1535	quibus	
4-22	1536-1541	dicas	
4-23	1542-1543	:	
4-24	1544-1547	Non	
4-25	1548-1552	mihi	
4-26	1553-1560	placent	
4-27	1561-1562	;	
4-28	1563-1564	2	
4-29	1565-1573	antequam	
4-30	1574-1585	tenebrescat	
4-31	1586-1589	sol	
4-32	1589-1590	,	
4-33	1591-1593	et	
4-34	1594-1599	lumen	
4-35	1599-1600	,	
4-36	1601-1603	et	
4-37	1604-1608	luna	
4-38	1608-1609	,	
4-39	1610-1612	et	
4-40	1613-1619	stellæ	
4-41	1619-1620	,	
4-42	1621-1623	et	
4-43	1624-1635	revertantur	
4-44	1636-1641	nubes	
4-45	1642-1646	post	
4-46	1647-1654	pluviam	
4-47	1655-1656	;	
4-48	1657-1658	3	
4-49	1659-1665	quando	
4-50	1666-1679	commovebuntur	
4-51	1680-1688	custodes	
4-52	1689-1694	domus	
4-53	1694-1695	,	
4-54	1696-1698	et	
4-55	1699-1707	nutabunt	
4-56	1708-1712	viri	
4-57	1713-1723	fortissimi	
4-58	1723-1724	,	
4-59	1725-1727	et	
4-60	1728-1734	otiosæ	
4-61	1735-1740	erunt	
4-62	1741-1749	molentes	
4-63	1750-1752	in	
4-64	1753-1759	minuto	
4-65	1760-1766	numero	
4-66	1766-1767	,	
4-67	1768-1770	et	
4-68	1771-1783	tenebrescent	
4-69	1784-1792	videntes	
4-70	1793-1796	per	
4-71	1797-1805	foramina	
4-72	1806-1807	;	
4-73	1808-1809	4	
4-74	1810-1812	et	
4-75	1813-1821	claudent	
4-76	1822-1827	ostia	
4-77	1828-1830	in	
4-78	1831-1837	platea	
4-79	1837-1838	,	
4-80	1839-1841	in	
4-81	1842-1852	humilitate	
4-82	1853-1858	vocis	
4-83	1859-1867	molentis	
4-84	1867-1868	,	
4-85	1869-1871	et	
4-86	1872-1882	consurgent	
4-87	1883-1885	ad	
4-88	1886-1891	vocem	
4-89	1892-1900	volucris	
4-90	1900-1901	,	
4-91	1902-1904	et	
4-92	1905-1917	obsurdescent	
4-93	1918-1923	omnes	
4-94	1924-1929	filiæ	
4-95	1930-1938	carminis	
4-96	1939-1940	:	
4-97	1941-1942	5	
4-98	1943-1950	excelsa	
4-99	1951-1957	quoque	
4-100	1958-1966	timebunt	
4-101	1966-1967	,	
4-102	1968-1970	et	
4-103	1971-1982	formidabunt	
4-104	1983-1985	in	
4-105	1986-1989	via	
4-106	1989-1990	.	

#Text=Florebit amygdalus, impinguabitur locusta, et dissipabitur capparis, quoniam ibit homo in domum æternitatis suæ, et circuibunt in platea plangentes.
#Text=6 Antequam rumpatur funiculus argenteus, et recurrat vitta aurea, et conteratur hydria super fontem, et confringatur rota super cisternam, 7 et revertatur pulvis in terram suam unde erat, et spiritus redeat ad Deum, qui dedit illum.
#Text=8 Vanitas vanitatum, dixit Ecclesiastes, et omnia vanitas.
#Text=9 Cumque esset sapientissimus Ecclesiastes, docuit populum, et enarravit quæ fecerat ; et investigans composuit parabolas multas.
#Text=10 Quæsivit verba utilia, et conscripsit sermones rectissimos ac veritate plenos.
#Text=11 Verba sapientium sicut stimuli, et quasi clavi in altum defixi, quæ per magistrorum consilium data sunt a pastore uno.
#Text=12 His amplius, fili mi, ne requiras.
5-1	1991-1999	Florebit	
5-2	2000-2009	amygdalus	
5-3	2009-2010	,	
5-4	2011-2024	impinguabitur	
5-5	2025-2032	locusta	
5-6	2032-2033	,	
5-7	2034-2036	et	
5-8	2037-2049	dissipabitur	
5-9	2050-2058	capparis	
5-10	2058-2059	,	
5-11	2060-2067	quoniam	
5-12	2068-2072	ibit	
5-13	2073-2077	homo	
5-14	2078-2080	in	
5-15	2081-2086	domum	
5-16	2087-2098	æternitatis	
5-17	2099-2102	suæ	
5-18	2102-2103	,	
5-19	2104-2106	et	
5-20	2107-2117	circuibunt	
5-21	2118-2120	in	
5-22	2121-2127	platea	
5-23	2128-2138	plangentes	
5-24	2138-2139	.	
5-25	2140-2141	6	
5-26	2142-2150	Antequam	
5-27	2151-2159	rumpatur	
5-28	2160-2169	funiculus	
5-29	2170-2179	argenteus	
5-30	2179-2180	,	
5-31	2181-2183	et	
5-32	2184-2192	recurrat	
5-33	2193-2198	vitta	
5-34	2199-2204	aurea	
5-35	2204-2205	,	
5-36	2206-2208	et	
5-37	2209-2219	conteratur	
5-38	2220-2226	hydria	
5-39	2227-2232	super	
5-40	2233-2239	fontem	
5-41	2239-2240	,	
5-42	2241-2243	et	
5-43	2244-2256	confringatur	
5-44	2257-2261	rota	
5-45	2262-2267	super	
5-46	2268-2277	cisternam	
5-47	2277-2278	,	
5-48	2279-2280	7	
5-49	2281-2283	et	
5-50	2284-2294	revertatur	
5-51	2295-2301	pulvis	
5-52	2302-2304	in	
5-53	2305-2311	terram	
5-54	2312-2316	suam	
5-55	2317-2321	unde	
5-56	2322-2326	erat	
5-57	2326-2327	,	
5-58	2328-2330	et	
5-59	2331-2339	spiritus	
5-60	2340-2346	redeat	
5-61	2347-2349	ad	
5-62	2350-2354	Deum	
5-63	2354-2355	,	
5-64	2356-2359	qui	
5-65	2360-2365	dedit	
5-66	2366-2371	illum	
5-67	2371-2372	.	
5-68	2373-2374	8	
5-69	2375-2382	Vanitas	
5-70	2383-2392	vanitatum	
5-71	2392-2393	,	
5-72	2394-2399	dixit	
5-73	2400-2412	Ecclesiastes	
5-74	2412-2413	,	
5-75	2414-2416	et	
5-76	2417-2422	omnia	
5-77	2423-2430	vanitas	
5-78	2430-2431	.	
5-79	2432-2433	9	
5-80	2434-2440	Cumque	
5-81	2441-2446	esset	
5-82	2447-2461	sapientissimus	
5-83	2462-2474	Ecclesiastes	
5-84	2474-2475	,	
5-85	2476-2482	docuit	
5-86	2483-2490	populum	
5-87	2490-2491	,	
5-88	2492-2494	et	
5-89	2495-2504	enarravit	
5-90	2505-2508	quæ	
5-91	2509-2516	fecerat	
5-92	2517-2518	;	
5-93	2519-2521	et	
5-94	2522-2533	investigans	
5-95	2534-2543	composuit	
5-96	2544-2553	parabolas	
5-97	2554-2560	multas	
5-98	2560-2561	.	
5-99	2562-2564	10	
5-100	2565-2573	Quæsivit	
5-101	2574-2579	verba	
5-102	2580-2586	utilia	
5-103	2586-2587	,	
5-104	2588-2590	et	
5-105	2591-2602	conscripsit	
5-106	2603-2611	sermones	
5-107	2612-2623	rectissimos	
5-108	2624-2626	ac	
5-109	2627-2635	veritate	
5-110	2636-2642	plenos	
5-111	2642-2643	.	
5-112	2644-2646	11	
5-113	2647-2652	Verba	
5-114	2653-2663	sapientium	
5-115	2664-2669	sicut	
5-116	2670-2677	stimuli	
5-117	2677-2678	,	
5-118	2679-2681	et	
5-119	2682-2687	quasi	
5-120	2688-2693	clavi	
5-121	2694-2696	in	
5-122	2697-2702	altum	
5-123	2703-2709	defixi	
5-124	2709-2710	,	
5-125	2711-2714	quæ	
5-126	2715-2718	per	
5-127	2719-2730	magistrorum	
5-128	2731-2740	consilium	
5-129	2741-2745	data	
5-130	2746-2750	sunt	
5-131	2751-2752	a	
5-132	2753-2760	pastore	
5-133	2761-2764	uno	
5-134	2764-2765	.	
5-135	2766-2768	12	
5-136	2769-2772	His	
5-137	2773-2780	amplius	
5-138	2780-2781	,	
5-139	2782-2786	fili	
5-140	2787-2789	mi	
5-141	2789-2790	,	
5-142	2791-2793	ne	
5-143	2794-2802	requiras	
5-144	2802-2803	.	
