#FORMAT=WebAnno TSV 3.3


#Text=1 Form.
1-1	2-3	1	
1-2	4-8	Form	
1-3	8-9	.	

#Text=Maer om te verclaren hoe dit toegaet so laet A B C D den eertcloot sijn
#Text=, en daer
#Text=rondtom den Dampcloot E F G H I
#Text=;
#Text=En t'punt A het oogh eens sienders op den
#Text=eertcloot, diens natuerlicken sichteinder is E F, eyndende over beyden sijden in den
#Text=omtreck des Dampcloots an E en F, voort sy K L M N de Son, van wiens uytersten
#Text=ghetrocken sijn twee linien K G, M I, gerakende den eertcloot in B en D, en den
#Text=omtreck des Dampcloots in G en I.
2-1	11-15	Maer	
2-2	16-18	om	
2-3	19-21	te	
2-4	22-31	verclaren	
2-5	32-35	hoe	
2-6	36-39	dit	
2-7	40-47	toegaet	
2-8	48-50	so	
2-9	51-55	laet	
2-10	56-57	A	
2-11	58-59	B	
2-12	60-61	C	
2-13	62-63	D	
2-14	64-67	den	
2-15	68-77	eertcloot	
2-16	78-82	sijn	
2-17	83-84	,	
2-18	85-87	en	
2-19	88-92	daer	
2-20	93-100	rondtom	
2-21	101-104	den	
2-22	105-114	Dampcloot	
2-23	115-116	E	
2-24	117-118	F	
2-25	119-120	G	
2-26	121-122	H	
2-27	123-124	I	
2-28	125-126	;	
2-29	127-129	En	
2-30	130-136	t'punt	
2-31	137-138	A	
2-32	139-142	het	
2-33	143-147	oogh	
2-34	148-152	eens	
2-35	153-161	sienders	
2-36	162-164	op	
2-37	165-168	den	
2-38	169-178	eertcloot	
2-39	178-179	,	
2-40	180-185	diens	
2-41	186-198	natuerlicken	
2-42	199-210	sichteinder	
2-43	211-213	is	
2-44	214-215	E	
2-45	216-217	F	
2-46	217-218	,	
2-47	219-227	eyndende	
2-48	228-232	over	
2-49	233-239	beyden	
2-50	240-246	sijden	
2-51	247-249	in	
2-52	250-253	den	
2-53	254-261	omtreck	
2-54	262-265	des	
2-55	266-276	Dampcloots	
2-56	277-279	an	
2-57	280-281	E	
2-58	282-284	en	
2-59	285-286	F	
2-60	286-287	,	
2-61	288-293	voort	
2-62	294-296	sy	
2-63	297-298	K	
2-64	299-300	L	
2-65	301-302	M	
2-66	303-304	N	
2-67	305-307	de	
2-68	308-311	Son	
2-69	311-312	,	
2-70	313-316	van	
2-71	317-322	wiens	
2-72	323-332	uytersten	
2-73	333-343	ghetrocken	
2-74	344-348	sijn	
2-75	349-353	twee	
2-76	354-360	linien	
2-77	361-362	K	
2-78	363-364	G	
2-79	364-365	,	
2-80	366-367	M	
2-81	368-369	I	
2-82	369-370	,	
2-83	371-380	gerakende	
2-84	381-384	den	
2-85	385-394	eertcloot	
2-86	395-397	in	
2-87	398-399	B	
2-88	400-402	en	
2-89	403-404	D	
2-90	404-405	,	
2-91	406-408	en	
2-92	409-412	den	
2-93	413-420	omtreck	
2-94	421-424	des	
2-95	425-435	Dampcloots	
2-96	436-438	in	
2-97	439-440	G	
2-98	441-443	en	
2-99	444-445	I	
2-100	445-446	.	

#Text=Dit soo wesende, tis kennelick dat den Dampcloot
#Text=beschenen sal sijn van de Son en claer wesen van I over H tot G, maer de rest G
#Text=F E I onbeschenen, waer deur
#Text=het deel I H G een witticheyt crijcht van ander verwe
#Text=als het donckerder deel G F E I:
#Text=Ende vervolghens in het deel des damps boven
#Text=den natuerlicken sichteinder
#Text=E F, en wort
#Text=vant oogh A geen witticheyt ghesien.
3-1	447-450	Dit	
3-2	451-454	soo	
3-3	455-462	wesende	
3-4	462-463	,	
3-5	464-467	tis	
3-6	468-477	kennelick	
3-7	478-481	dat	
3-8	482-485	den	
3-9	486-495	Dampcloot	
3-10	496-505	beschenen	
3-11	506-509	sal	
3-12	510-514	sijn	
3-13	515-518	van	
3-14	519-521	de	
3-15	522-525	Son	
3-16	526-528	en	
3-17	529-534	claer	
3-18	535-540	wesen	
3-19	541-544	van	
3-20	545-546	I	
3-21	547-551	over	
3-22	552-553	H	
3-23	554-557	tot	
3-24	558-559	G	
3-25	559-560	,	
3-26	561-565	maer	
3-27	566-568	de	
3-28	569-573	rest	
3-29	574-575	G	
3-30	576-577	F	
3-31	578-579	E	
3-32	580-581	I	
3-33	582-593	onbeschenen	
3-34	593-594	,	
3-35	595-599	waer	
3-36	600-604	deur	
3-37	605-608	het	
3-38	609-613	deel	
3-39	614-615	I	
3-40	616-617	H	
3-41	618-619	G	
3-42	620-623	een	
3-43	624-634	witticheyt	
3-44	635-642	crijcht	
3-45	643-646	van	
3-46	647-652	ander	
3-47	653-658	verwe	
3-48	659-662	als	
3-49	663-666	het	
3-50	667-677	donckerder	
3-51	678-682	deel	
3-52	683-684	G	
3-53	685-686	F	
3-54	687-688	E	
3-55	689-690	I	
3-56	690-691	:	
3-57	692-696	Ende	
3-58	697-708	vervolghens	
3-59	709-711	in	
3-60	712-715	het	
3-61	716-720	deel	
3-62	721-724	des	
3-63	725-730	damps	
3-64	731-736	boven	
3-65	737-740	den	
3-66	741-753	natuerlicken	
3-67	754-765	sichteinder	
3-68	766-767	E	
3-69	768-769	F	
3-70	769-770	,	
3-71	771-773	en	
3-72	774-778	wort	
3-73	779-783	vant	
3-74	784-788	oogh	
3-75	789-790	A	
3-76	791-795	geen	
3-77	796-806	witticheyt	
3-78	807-814	ghesien	
3-79	814-815	.	

#Text=Simon Stevin, Wisconstighe gedachtenissen.
4-1	818-823	Simon	
4-2	824-830	Stevin	
4-3	830-831	,	
4-4	832-844	Wisconstighe	
4-5	845-859	gedachtenissen	
4-6	859-860	.	

#Text=Deel 1: van 't weereltschrift
#Text=
#Text=\f74
#Text=
#Text=2 Form.
5-1	861-865	Deel	
5-2	866-867	1	
5-3	867-868	:	
5-4	869-872	van	
5-5	873-874	'	
5-6	874-875	t	
5-7	876-890	weereltschrift	
5-8	893-895	74	
5-9	897-898	2	
5-10	899-903	Form	
5-11	903-904	.	

#Text=Maer de Son daer na noch hoogher ghecommen wesende ghelijck in dees 2 form,
#Text=alwaer de letters vande selver beteyckening sijn als in d'eerste, so is het beschenen
#Text=wit deel des damps I H G, nu an G naerder den siender ghecommen dant in d'eerste
#Text=form was: Doch in het deel des damps boven den natuerlicken sichteinder E F, en
#Text=wort vant oogh A noch gheen witticheyt ghesien.
6-1	906-910	Maer	
6-2	911-913	de	
6-3	914-917	Son	
6-4	918-922	daer	
6-5	923-925	na	
6-6	926-930	noch	
6-7	931-938	hoogher	
6-8	939-948	ghecommen	
6-9	949-956	wesende	
6-10	957-965	ghelijck	
6-11	966-968	in	
6-12	969-973	dees	
6-13	974-975	2	
6-14	976-980	form	
6-15	980-981	,	
6-16	982-988	alwaer	
6-17	989-991	de	
6-18	992-999	letters	
6-19	1000-1005	vande	
6-20	1006-1012	selver	
6-21	1013-1025	beteyckening	
6-22	1026-1030	sijn	
6-23	1031-1034	als	
6-24	1035-1037	in	
6-25	1038-1046	d'eerste	
6-26	1046-1047	,	
6-27	1048-1050	so	
6-28	1051-1053	is	
6-29	1054-1057	het	
6-30	1058-1067	beschenen	
6-31	1068-1071	wit	
6-32	1072-1076	deel	
6-33	1077-1080	des	
6-34	1081-1086	damps	
6-35	1087-1088	I	
6-36	1089-1090	H	
6-37	1091-1092	G	
6-38	1092-1093	,	
6-39	1094-1096	nu	
6-40	1097-1099	an	
6-41	1100-1101	G	
6-42	1102-1109	naerder	
6-43	1110-1113	den	
6-44	1114-1121	siender	
6-45	1122-1131	ghecommen	
6-46	1132-1136	dant	
6-47	1137-1139	in	
6-48	1140-1148	d'eerste	
6-49	1149-1153	form	
6-50	1154-1157	was	
6-51	1157-1158	:	
6-52	1159-1163	Doch	
6-53	1164-1166	in	
6-54	1167-1170	het	
6-55	1171-1175	deel	
6-56	1176-1179	des	
6-57	1180-1185	damps	
6-58	1186-1191	boven	
6-59	1192-1195	den	
6-60	1196-1208	natuerlicken	
6-61	1209-1220	sichteinder	
6-62	1221-1222	E	
6-63	1223-1224	F	
6-64	1224-1225	,	
6-65	1226-1228	en	
6-66	1229-1233	wort	
6-67	1234-1238	vant	
6-68	1239-1243	oogh	
6-69	1244-1245	A	
6-70	1246-1250	noch	
6-71	1251-1256	gheen	
6-72	1257-1267	witticheyt	
6-73	1268-1275	ghesien	
6-74	1275-1276	.	

#Text=Maer de Son K L M N daer na noch hoogher ghecommen wesende ghelijck in
#Text=dees navolgende 3 form, alwaer de letters vande selve beteyckening sijn als in
#Text=d'eerste, soo is het boveschreven wit deel I H G nu naerder den siender ghecommen
#Text=dant inde voorgaende 2 form was, want het punt G geraect het punt F.
7-1	1278-1282	Maer	
7-2	1283-1285	de	
7-3	1286-1289	Son	
7-4	1290-1291	K	
7-5	1292-1293	L	
7-6	1294-1295	M	
7-7	1296-1297	N	
7-8	1298-1302	daer	
7-9	1303-1305	na	
7-10	1306-1310	noch	
7-11	1311-1318	hoogher	
7-12	1319-1328	ghecommen	
7-13	1329-1336	wesende	
7-14	1337-1345	ghelijck	
7-15	1346-1348	in	
7-16	1349-1353	dees	
7-17	1354-1364	navolgende	
7-18	1365-1366	3	
7-19	1367-1371	form	
7-20	1371-1372	,	
7-21	1373-1379	alwaer	
7-22	1380-1382	de	
7-23	1383-1390	letters	
7-24	1391-1396	vande	
7-25	1397-1402	selve	
7-26	1403-1415	beteyckening	
7-27	1416-1420	sijn	
7-28	1421-1424	als	
7-29	1425-1427	in	
7-30	1428-1436	d'eerste	
7-31	1436-1437	,	
7-32	1438-1441	soo	
7-33	1442-1444	is	
7-34	1445-1448	het	
7-35	1449-1461	boveschreven	
7-36	1462-1465	wit	
7-37	1466-1470	deel	
7-38	1471-1472	I	
7-39	1473-1474	H	
7-40	1475-1476	G	
7-41	1477-1479	nu	
7-42	1480-1487	naerder	
7-43	1488-1491	den	
7-44	1492-1499	siender	
7-45	1500-1509	ghecommen	
7-46	1510-1514	dant	
7-47	1515-1519	inde	
7-48	1520-1530	voorgaende	
7-49	1531-1532	2	
7-50	1533-1537	form	
7-51	1538-1541	was	
7-52	1541-1542	,	
7-53	1543-1547	want	
7-54	1548-1551	het	
7-55	1552-1556	punt	
7-56	1557-1558	G	
7-57	1559-1566	geraect	
7-58	1567-1570	het	
7-59	1571-1575	punt	
7-60	1576-1577	F	
7-61	1577-1578	.	

#Text=Doch int deel
#Text=des damps boven den natuerlicken sichteinder E F, en wort vant oogh A noch gheen
#Text=witticheyt ghesien, hoe wel t'begin van dien dats t'begin des dagheraets, daer is,
#Text=en witticheyt stracx opcommen sal.
8-1	1579-1583	Doch	
8-2	1584-1587	int	
8-3	1588-1592	deel	
8-4	1593-1596	des	
8-5	1597-1602	damps	
8-6	1603-1608	boven	
8-7	1609-1612	den	
8-8	1613-1625	natuerlicken	
8-9	1626-1637	sichteinder	
8-10	1638-1639	E	
8-11	1640-1641	F	
8-12	1641-1642	,	
8-13	1643-1645	en	
8-14	1646-1650	wort	
8-15	1651-1655	vant	
8-16	1656-1660	oogh	
8-17	1661-1662	A	
8-18	1663-1667	noch	
8-19	1668-1673	gheen	
8-20	1674-1684	witticheyt	
8-21	1685-1692	ghesien	
8-22	1692-1693	,	
8-23	1694-1697	hoe	
8-24	1698-1701	wel	
8-25	1702-1709	t'begin	
8-26	1710-1713	van	
8-27	1714-1718	dien	
8-28	1719-1723	dats	
8-29	1724-1731	t'begin	
8-30	1732-1735	des	
8-31	1736-1746	dagheraets	
8-32	1746-1747	,	
8-33	1748-1752	daer	
8-34	1753-1755	is	
8-35	1755-1756	,	
8-36	1757-1759	en	
8-37	1760-1770	witticheyt	
8-38	1771-1777	stracx	
8-39	1778-1786	opcommen	
8-40	1787-1790	sal	
8-41	1790-1791	.	

#Text=Simon Stevin, Wisconstighe gedachtenissen.
9-1	1794-1799	Simon	
9-2	1800-1806	Stevin	
9-3	1806-1807	,	
9-4	1808-1820	Wisconstighe	
9-5	1821-1835	gedachtenissen	
9-6	1835-1836	.	

#Text=Deel 1: van 't weereltschrift
#Text=
#Text=\f75
#Text=
#Text=3 Form.
10-1	1837-1841	Deel	
10-2	1842-1843	1	
10-3	1843-1844	:	
10-4	1845-1848	van	
10-5	1849-1850	'	
10-6	1850-1851	t	
10-7	1852-1866	weereltschrift	
10-8	1869-1871	75	
10-9	1873-1874	3	
10-10	1875-1879	Form	
10-11	1879-1880	.	

#Text=Maer de Son K L M N daer na noch hoogher ghecommen wesende ghelijck in dees
#Text=4 form, alwaer de letters vande selve beteyckening sijn als in d'eerste, soo is het
#Text=boveschreven wit deel I H G, met sijn uyterste G ghecommen boven den natuerlicken
#Text=sichteinder E F: Sulcx dat vant oogh A nu daer af wit ghesien wort t'gene begrepen
#Text=is tusschen G O F, en de Son noch hoogher commende, soo sal t'gantsch deel F
#Text=G E wit worden.
11-1	1882-1886	Maer	
11-2	1887-1889	de	
11-3	1890-1893	Son	
11-4	1894-1895	K	
11-5	1896-1897	L	
11-6	1898-1899	M	
11-7	1900-1901	N	
11-8	1902-1906	daer	
11-9	1907-1909	na	
11-10	1910-1914	noch	
11-11	1915-1922	hoogher	
11-12	1923-1932	ghecommen	
11-13	1933-1940	wesende	
11-14	1941-1949	ghelijck	
11-15	1950-1952	in	
11-16	1953-1957	dees	
11-17	1958-1959	4	
11-18	1960-1964	form	
11-19	1964-1965	,	
11-20	1966-1972	alwaer	
11-21	1973-1975	de	
11-22	1976-1983	letters	
11-23	1984-1989	vande	
11-24	1990-1995	selve	
11-25	1996-2008	beteyckening	
11-26	2009-2013	sijn	
11-27	2014-2017	als	
11-28	2018-2020	in	
11-29	2021-2029	d'eerste	
11-30	2029-2030	,	
11-31	2031-2034	soo	
11-32	2035-2037	is	
11-33	2038-2041	het	
11-34	2042-2054	boveschreven	
11-35	2055-2058	wit	
11-36	2059-2063	deel	
11-37	2064-2065	I	
11-38	2066-2067	H	
11-39	2068-2069	G	
11-40	2069-2070	,	
11-41	2071-2074	met	
11-42	2075-2079	sijn	
11-43	2080-2088	uyterste	
11-44	2089-2090	G	
11-45	2091-2100	ghecommen	
11-46	2101-2106	boven	
11-47	2107-2110	den	
11-48	2111-2123	natuerlicken	
11-49	2124-2135	sichteinder	
11-50	2136-2137	E	
11-51	2138-2139	F	
11-52	2139-2140	:	
11-53	2141-2146	Sulcx	
11-54	2147-2150	dat	
11-55	2151-2155	vant	
11-56	2156-2160	oogh	
11-57	2161-2162	A	
11-58	2163-2165	nu	
11-59	2166-2170	daer	
11-60	2171-2173	af	
11-61	2174-2177	wit	
11-62	2178-2185	ghesien	
11-63	2186-2190	wort	
11-64	2191-2197	t'gene	
11-65	2198-2206	begrepen	
11-66	2207-2209	is	
11-67	2210-2218	tusschen	
11-68	2219-2220	G	
11-69	2221-2222	O	
11-70	2223-2224	F	
11-71	2224-2225	,	
11-72	2226-2228	en	
11-73	2229-2231	de	
11-74	2232-2235	Son	
11-75	2236-2240	noch	
11-76	2241-2248	hoogher	
11-77	2249-2257	commende	
11-78	2257-2258	,	
11-79	2259-2262	soo	
11-80	2263-2266	sal	
11-81	2267-2276	t'gantsch	
11-82	2277-2281	deel	
11-83	2282-2283	F	
11-84	2284-2285	G	
11-85	2286-2287	E	
11-86	2288-2291	wit	
11-87	2292-2298	worden	
11-88	2298-2299	.	

#Text=Simon Stevin, Wisconstighe gedachtenissen.
12-1	2302-2307	Simon	
12-2	2308-2314	Stevin	
12-3	2314-2315	,	
12-4	2316-2328	Wisconstighe	
12-5	2329-2343	gedachtenissen	
12-6	2343-2344	.	

#Text=Deel 1: van 't weereltschrift
#Text=
#Text=\f76
#Text=
#Text=4 Form.
13-1	2345-2349	Deel	
13-2	2350-2351	1	
13-3	2351-2352	:	
13-4	2353-2356	van	
13-5	2357-2358	'	
13-6	2358-2359	t	
13-7	2360-2374	weereltschrift	
13-8	2377-2379	76	
13-9	2381-2382	4	
13-10	2383-2387	Form	
13-11	2387-2388	.	

#Text=Al t'welck deur sijn selven openbaer genouch wesende, en behouven daer af gheen
#Text=
#Text=bewijste doen.
14-1	2392-2394	Al	
14-2	2395-2402	t'welck	
14-3	2403-2407	deur	
14-4	2408-2412	sijn	
14-5	2413-2419	selven	
14-6	2420-2428	openbaer	
14-7	2429-2436	genouch	
14-8	2437-2444	wesende	
14-9	2444-2445	,	
14-10	2446-2448	en	
14-11	2449-2457	behouven	
14-12	2458-2462	daer	
14-13	2463-2465	af	
14-14	2466-2471	gheen	
14-15	2473-2481	bewijste	
14-16	2482-2486	doen	
14-17	2486-2487	.	

#Text=TBESLVYT.
15-1	2488-2496	TBESLVYT	
15-2	2496-2497	.	
