#FORMAT=WebAnno TSV 3.3


#Text=Religion is the greatest enemy to religion, the false to the true, favos etiam vespae faciunt, Waspes also make combes, though instead of honey we find gun-powder.
1-1	3-11	Religion	
1-2	12-14	is	
1-3	15-18	the	
1-4	19-27	greatest	
1-5	28-33	enemy	
1-6	34-36	to	
1-7	37-45	religion	
1-8	45-46	,	
1-9	47-50	the	
1-10	51-56	false	
1-11	57-59	to	
1-12	60-63	the	
1-13	64-68	true	
1-14	68-69	,	
1-15	70-75	favos	
1-16	76-81	etiam	
1-17	82-88	vespae	
1-18	89-96	faciunt	
1-19	96-97	,	
1-20	98-104	Waspes	
1-21	105-109	also	
1-22	110-114	make	
1-23	115-121	combes	
1-24	121-122	,	
1-25	123-129	though	
1-26	130-137	instead	
1-27	138-140	of	
1-28	141-146	honey	
1-29	147-149	we	
1-30	150-154	find	
1-31	155-165	gun-powder	
1-32	165-166	.	

#Text=XC.
2-1	170-172	XC	
2-2	172-173	.	

#Text=The grub or worme in it ' s first state or life is a rude creature, not much delighting in it selfe, lesse delighting others, but when it is shut up to be transmuted, then it is for a time a formelesse lump, without any beauty or comelinesse: but waite a few dayes and the parts will appeare, life will move in these yet imperfect members which are at length perfectly formed, and then it comes forth an agill usefull creature.
3-1	175-178	The	
3-2	179-183	grub	
3-3	184-186	or	
3-4	187-192	worme	
3-5	193-195	in	
3-6	196-198	it	
3-7	199-200	'	
3-8	201-202	s	
3-9	203-208	first	
3-10	209-214	state	
3-11	215-217	or	
3-12	218-222	life	
3-13	223-225	is	
3-14	226-227	a	
3-15	228-232	rude	
3-16	233-241	creature	
3-17	241-242	,	
3-18	243-246	not	
3-19	247-251	much	
3-20	252-262	delighting	
3-21	263-265	in	
3-22	266-268	it	
3-23	269-274	selfe	
3-24	274-275	,	
3-25	276-281	lesse	
3-26	282-292	delighting	
3-27	293-299	others	
3-28	299-300	,	
3-29	301-304	but	
3-30	305-309	when	
3-31	310-312	it	
3-32	313-315	is	
3-33	316-320	shut	
3-34	321-323	up	
3-35	324-326	to	
3-36	327-329	be	
3-37	330-340	transmuted	
3-38	340-341	,	
3-39	342-346	then	
3-40	347-349	it	
3-41	350-352	is	
3-42	353-356	for	
3-43	357-358	a	
3-44	359-363	time	
3-45	364-365	a	
3-46	366-376	formelesse	
3-47	377-381	lump	
3-48	381-382	,	
3-49	383-390	without	
3-50	391-394	any	
3-51	395-401	beauty	
3-52	402-404	or	
3-53	405-416	comelinesse	
3-54	416-417	:	
3-55	418-421	but	
3-56	422-427	waite	
3-57	428-429	a	
3-58	430-433	few	
3-59	434-439	dayes	
3-60	440-443	and	
3-61	444-447	the	
3-62	448-453	parts	
3-63	454-458	will	
3-64	459-466	appeare	
3-65	466-467	,	
3-66	468-472	life	
3-67	473-477	will	
3-68	478-482	move	
3-69	483-485	in	
3-70	486-491	these	
3-71	492-495	yet	
3-72	496-505	imperfect	
3-73	506-513	members	
3-74	514-519	which	
3-75	520-523	are	
3-76	524-526	at	
3-77	527-533	length	
3-78	534-543	perfectly	
3-79	544-550	formed	
3-80	550-551	,	
3-81	552-555	and	
3-82	556-560	then	
3-83	561-563	it	
3-84	564-569	comes	
3-85	570-575	forth	
3-86	576-578	an	
3-87	579-584	agill	
3-88	585-592	usefull	
3-89	593-601	creature	
3-90	601-602	.	

#Text=And as God doth not make the whole fabrick of the world at once, though it wa• not impossible to him being a God almighty, but in the space of six dayes, so doth God deale with his children: when God creates in his children a new heart, he suffers first their hearts to be as a rude and massie lumpe, full of darknesse, and then sends his holy Spirit into their hearts, which illuminates them, and drives away those black clouds of darknesse and ignorance, and then he breathes into them the sweete ayre of his Spirit; And thus out of Tohu and B•hu is the new creature formed.
4-1	603-606	And	
4-2	607-609	as	
4-3	610-613	God	
4-4	614-618	doth	
4-5	619-622	not	
4-6	623-627	make	
4-7	628-631	the	
4-8	632-637	whole	
4-9	638-645	fabrick	
4-10	646-648	of	
4-11	649-652	the	
4-12	653-658	world	
4-13	659-661	at	
4-14	662-666	once	
4-15	666-667	,	
4-16	668-674	though	
4-17	675-677	it	
4-18	678-680	wa	
4-19	680-681	•	
4-20	682-685	not	
4-21	686-696	impossible	
4-22	697-699	to	
4-23	700-703	him	
4-24	704-709	being	
4-25	710-711	a	
4-26	712-715	God	
4-27	716-724	almighty	
4-28	724-725	,	
4-29	726-729	but	
4-30	730-732	in	
4-31	733-736	the	
4-32	737-742	space	
4-33	743-745	of	
4-34	746-749	six	
4-35	750-755	dayes	
4-36	755-756	,	
4-37	757-759	so	
4-38	760-764	doth	
4-39	765-768	God	
4-40	769-774	deale	
4-41	775-779	with	
4-42	780-783	his	
4-43	784-792	children	
4-44	792-793	:	
4-45	794-798	when	
4-46	799-802	God	
4-47	803-810	creates	
4-48	811-813	in	
4-49	814-817	his	
4-50	818-826	children	
4-51	827-828	a	
4-52	829-832	new	
4-53	833-838	heart	
4-54	838-839	,	
4-55	840-842	he	
4-56	843-850	suffers	
4-57	851-856	first	
4-58	857-862	their	
4-59	863-869	hearts	
4-60	870-872	to	
4-61	873-875	be	
4-62	876-878	as	
4-63	879-880	a	
4-64	881-885	rude	
4-65	886-889	and	
4-66	890-896	massie	
4-67	897-902	lumpe	
4-68	902-903	,	
4-69	904-908	full	
4-70	909-911	of	
4-71	912-921	darknesse	
4-72	921-922	,	
4-73	923-926	and	
4-74	927-931	then	
4-75	932-937	sends	
4-76	938-941	his	
4-77	942-946	holy	
4-78	947-953	Spirit	
4-79	954-958	into	
4-80	959-964	their	
4-81	965-971	hearts	
4-82	971-972	,	
4-83	973-978	which	
4-84	979-990	illuminates	
4-85	991-995	them	
4-86	995-996	,	
4-87	997-1000	and	
4-88	1001-1007	drives	
4-89	1008-1012	away	
4-90	1013-1018	those	
4-91	1019-1024	black	
4-92	1025-1031	clouds	
4-93	1032-1034	of	
4-94	1035-1044	darknesse	
4-95	1045-1048	and	
4-96	1049-1058	ignorance	
4-97	1058-1059	,	
4-98	1060-1063	and	
4-99	1064-1068	then	
4-100	1069-1071	he	
4-101	1072-1080	breathes	
4-102	1081-1085	into	
4-103	1086-1090	them	
4-104	1091-1094	the	
4-105	1095-1101	sweete	
4-106	1102-1106	ayre	
4-107	1107-1109	of	
4-108	1110-1113	his	
4-109	1114-1120	Spirit	
4-110	1120-1121	;	
4-111	1122-1125	And	
4-112	1126-1130	thus	
4-113	1131-1134	out	
4-114	1135-1137	of	
4-115	1138-1142	Tohu	
4-116	1143-1146	and	
4-117	1147-1148	B	
4-118	1148-1149	•	
4-119	1149-1151	hu	
4-120	1152-1154	is	
4-121	1155-1158	the	
4-122	1159-1162	new	
4-123	1163-1171	creature	
4-124	1172-1178	formed	
4-125	1178-1179	.	

#Text=XCI.
5-1	1183-1186	XCI	
5-2	1186-1187	.	

#Text=We should doe as the Bee when she hath sucked sweetnesse 
#Text= 
#Text=from the flower, she better concocts and refires it in her owne bodie, and so it becomes pure honey.
6-1	1189-1191	We	
6-2	1192-1198	should	
6-3	1199-1202	doe	
6-4	1203-1205	as	
6-5	1206-1209	the	
6-6	1210-1213	Bee	
6-7	1214-1218	when	
6-8	1219-1222	she	
6-9	1223-1227	hath	
6-10	1228-1234	sucked	
6-11	1235-1245	sweetnesse	
6-12	1249-1253	from	
6-13	1254-1257	the	
6-14	1258-1264	flower	
6-15	1264-1265	,	
6-16	1266-1269	she	
6-17	1270-1276	better	
6-18	1277-1285	concocts	
6-19	1286-1289	and	
6-20	1290-1297	refires	
6-21	1298-1300	it	
6-22	1301-1303	in	
6-23	1304-1307	her	
6-24	1308-1312	owne	
6-25	1313-1318	bodie	
6-26	1318-1319	,	
6-27	1320-1323	and	
6-28	1324-1326	so	
6-29	1327-1329	it	
6-30	1330-1337	becomes	
6-31	1338-1342	pure	
6-32	1343-1348	honey	
6-33	1348-1349	.	

#Text=Thus when we have sucked any precious truth, we should by holy meditation concoct it in our hearts, and then it would become pure profitable honey.
7-1	1350-1354	Thus	
7-2	1355-1359	when	
7-3	1360-1362	we	
7-4	1363-1367	have	
7-5	1368-1374	sucked	
7-6	1375-1378	any	
7-7	1379-1387	precious	
7-8	1388-1393	truth	
7-9	1393-1394	,	
7-10	1395-1397	we	
7-11	1398-1404	should	
7-12	1405-1407	by	
7-13	1408-1412	holy	
7-14	1413-1423	meditation	
7-15	1424-1431	concoct	
7-16	1432-1434	it	
7-17	1435-1437	in	
7-18	1438-1441	our	
7-19	1442-1448	hearts	
7-20	1448-1449	,	
7-21	1450-1453	and	
7-22	1454-1458	then	
7-23	1459-1461	it	
7-24	1462-1467	would	
7-25	1468-1474	become	
7-26	1475-1479	pure	
7-27	1480-1490	profitable	
7-28	1491-1496	honey	
7-29	1496-1497	.	

#Text=XCII.
8-1	1501-1505	XCII	
8-2	1505-1506	.	

#Text=The young Bees as soone as they have past their second birth, and transmuted their shape and qualities, and are winged and strengthened to flie abroad, presently fall to their worke, and imitate the elder Bees.
9-1	1508-1511	The	
9-2	1512-1517	young	
9-3	1518-1522	Bees	
9-4	1523-1525	as	
9-5	1526-1531	soone	
9-6	1532-1534	as	
9-7	1535-1539	they	
9-8	1540-1544	have	
9-9	1545-1549	past	
9-10	1550-1555	their	
9-11	1556-1562	second	
9-12	1563-1568	birth	
9-13	1568-1569	,	
9-14	1570-1573	and	
9-15	1574-1584	transmuted	
9-16	1585-1590	their	
9-17	1591-1596	shape	
9-18	1597-1600	and	
9-19	1601-1610	qualities	
9-20	1610-1611	,	
9-21	1612-1615	and	
9-22	1616-1619	are	
9-23	1620-1626	winged	
9-24	1627-1630	and	
9-25	1631-1643	strengthened	
9-26	1644-1646	to	
9-27	1647-1651	flie	
9-28	1652-1658	abroad	
9-29	1658-1659	,	
9-30	1660-1669	presently	
9-31	1670-1674	fall	
9-32	1675-1677	to	
9-33	1678-1683	their	
9-34	1684-1689	worke	
9-35	1689-1690	,	
9-36	1691-1694	and	
9-37	1695-1702	imitate	
9-38	1703-1706	the	
9-39	1707-1712	elder	
9-40	1713-1717	Bees	
9-41	1717-1718	.	

#Text=And so doth the beleeving soule, as soone as it is borne againe, strengthened and winged with grace from God, makes after him in workes of obedience, holinesse and praises, imitates the examples of the Prophets and Apostles, as they have followed Christ.
10-1	1719-1722	And	
10-2	1723-1725	so	
10-3	1726-1730	doth	
10-4	1731-1734	the	
10-5	1735-1744	beleeving	
10-6	1745-1750	soule	
10-7	1750-1751	,	
10-8	1752-1754	as	
10-9	1755-1760	soone	
10-10	1761-1763	as	
10-11	1764-1766	it	
10-12	1767-1769	is	
10-13	1770-1775	borne	
10-14	1776-1782	againe	
10-15	1782-1783	,	
10-16	1784-1796	strengthened	
10-17	1797-1800	and	
10-18	1801-1807	winged	
10-19	1808-1812	with	
10-20	1813-1818	grace	
10-21	1819-1823	from	
10-22	1824-1827	God	
10-23	1827-1828	,	
10-24	1829-1834	makes	
10-25	1835-1840	after	
10-26	1841-1844	him	
10-27	1845-1847	in	
10-28	1848-1854	workes	
10-29	1855-1857	of	
10-30	1858-1867	obedience	
10-31	1867-1868	,	
10-32	1869-1878	holinesse	
10-33	1879-1882	and	
10-34	1883-1890	praises	
10-35	1890-1891	,	
10-36	1892-1900	imitates	
10-37	1901-1904	the	
10-38	1905-1913	examples	
10-39	1914-1916	of	
10-40	1917-1920	the	
10-41	1921-1929	Prophets	
10-42	1930-1933	and	
10-43	1934-1942	Apostles	
10-44	1942-1943	,	
10-45	1944-1946	as	
10-46	1947-1951	they	
10-47	1952-1956	have	
10-48	1957-1965	followed	
10-49	1966-1972	Christ	
10-50	1972-1973	.	

#Text=Let disadvantages be what will be, you cannot keepe young Bees in the hive when once transmuted and winged, no more can you keepe the regenerate soule from working the workes of God, and with holy praises ascending to heaven, when they are once under the line of Christs everlasting love and feele it shine mighty hot in them with full face, with perpendicular rayes, but with a present rapture make holinesse their worke and Hallelujahs all their language.
11-1	1974-1977	Let	
11-2	1978-1991	disadvantages	
11-3	1992-1994	be	
11-4	1995-1999	what	
11-5	2000-2004	will	
11-6	2005-2007	be	
11-7	2007-2008	,	
11-8	2009-2012	you	
11-9	2013-2019	cannot	
11-10	2020-2025	keepe	
11-11	2026-2031	young	
11-12	2032-2036	Bees	
11-13	2037-2039	in	
11-14	2040-2043	the	
11-15	2044-2048	hive	
11-16	2049-2053	when	
11-17	2054-2058	once	
11-18	2059-2069	transmuted	
11-19	2070-2073	and	
11-20	2074-2080	winged	
11-21	2080-2081	,	
11-22	2082-2084	no	
11-23	2085-2089	more	
11-24	2090-2093	can	
11-25	2094-2097	you	
11-26	2098-2103	keepe	
11-27	2104-2107	the	
11-28	2108-2118	regenerate	
11-29	2119-2124	soule	
11-30	2125-2129	from	
11-31	2130-2137	working	
11-32	2138-2141	the	
11-33	2142-2148	workes	
11-34	2149-2151	of	
11-35	2152-2155	God	
11-36	2155-2156	,	
11-37	2157-2160	and	
11-38	2161-2165	with	
11-39	2166-2170	holy	
11-40	2171-2178	praises	
11-41	2179-2188	ascending	
11-42	2189-2191	to	
11-43	2192-2198	heaven	
11-44	2198-2199	,	
11-45	2200-2204	when	
11-46	2205-2209	they	
11-47	2210-2213	are	
11-48	2214-2218	once	
11-49	2219-2224	under	
11-50	2225-2228	the	
11-51	2229-2233	line	
11-52	2234-2236	of	
11-53	2237-2244	Christs	
11-54	2245-2256	everlasting	
11-55	2257-2261	love	
11-56	2262-2265	and	
11-57	2266-2271	feele	
11-58	2272-2274	it	
11-59	2275-2280	shine	
11-60	2281-2287	mighty	
11-61	2288-2291	hot	
11-62	2292-2294	in	
11-63	2295-2299	them	
11-64	2300-2304	with	
11-65	2305-2309	full	
11-66	2310-2314	face	
11-67	2314-2315	,	
11-68	2316-2320	with	
11-69	2321-2334	perpendicular	
11-70	2335-2340	rayes	
11-71	2340-2341	,	
11-72	2342-2345	but	
11-73	2346-2350	with	
11-74	2351-2352	a	
11-75	2353-2360	present	
11-76	2361-2368	rapture	
11-77	2369-2373	make	
11-78	2374-2383	holinesse	
11-79	2384-2389	their	
11-80	2390-2395	worke	
11-81	2396-2399	and	
11-82	2400-2411	Hallelujahs	
11-83	2412-2415	all	
11-84	2416-2421	their	
11-85	2422-2430	language	
11-86	2430-2431	.	

#Text=XCIII.
12-1	2435-2440	XCIII	
12-2	2440-2441	.	

#Text=Honey is gathered with much art from great variety of trees and flowers; and joy is a honey, a fragrancy made from above with much picking, choosing, and composing.
13-1	2443-2448	Honey	
13-2	2449-2451	is	
13-3	2452-2460	gathered	
13-4	2461-2465	with	
13-5	2466-2470	much	
13-6	2471-2474	art	
13-7	2475-2479	from	
13-8	2480-2485	great	
13-9	2486-2493	variety	
13-10	2494-2496	of	
13-11	2497-2502	trees	
13-12	2503-2506	and	
13-13	2507-2514	flowers	
13-14	2514-2515	;	
13-15	2516-2519	and	
13-16	2520-2523	joy	
13-17	2524-2526	is	
13-18	2527-2528	a	
13-19	2529-2534	honey	
13-20	2534-2535	,	
13-21	2536-2537	a	
13-22	2538-2547	fragrancy	
13-23	2548-2552	made	
13-24	2553-2557	from	
13-25	2558-2563	above	
13-26	2564-2568	with	
13-27	2569-2573	much	
13-28	2574-2581	picking	
13-29	2581-2582	,	
13-30	2583-2591	choosing	
13-31	2591-2592	,	
13-32	2593-2596	and	
13-33	2597-2606	composing	
13-34	2606-2607	.	

#Text=XCIV.
14-1	2611-2615	XCIV	
14-2	2615-2616	.	

#Text=Bees are neate sweete and cleanly creatures, naturally abhorring stinking places and strong senting herbes.
15-1	2618-2622	Bees	
15-2	2623-2626	are	
15-3	2627-2632	neate	
15-4	2633-2639	sweete	
15-5	2640-2643	and	
15-6	2644-2651	cleanly	
15-7	2652-2661	creatures	
15-8	2661-2662	,	
15-9	2663-2672	naturally	
15-10	2673-2682	abhorring	
15-11	2683-2691	stinking	
15-12	2692-2698	places	
15-13	2699-2702	and	
15-14	2703-2709	strong	
15-15	2710-2717	senting	
15-16	2718-2724	herbes	
15-17	2724-2725	.	

#Text=It is true they gather of the flowers of some weeds which are bitter and offensive, but yet the flowers are not (as Broome, Henbane, Mayweed) as your tast and  smell  may informe you.
16-1	2726-2728	It	
16-2	2729-2731	is	
16-3	2732-2736	true	
16-4	2737-2741	they	
16-5	2742-2748	gather	
16-6	2749-2751	of	
16-7	2752-2755	the	
16-8	2756-2763	flowers	
16-9	2764-2766	of	
16-10	2767-2771	some	
16-11	2772-2777	weeds	
16-12	2778-2783	which	
16-13	2784-2787	are	
16-14	2788-2794	bitter	
16-15	2795-2798	and	
16-16	2799-2808	offensive	
16-17	2808-2809	,	
16-18	2810-2813	but	
16-19	2814-2817	yet	
16-20	2818-2821	the	
16-21	2822-2829	flowers	
16-22	2830-2833	are	
16-23	2834-2837	not	
16-24	2838-2839	(	
16-25	2839-2841	as	
16-26	2842-2848	Broome	
16-27	2848-2849	,	
16-28	2850-2857	Henbane	
16-29	2857-2858	,	
16-30	2859-2866	Mayweed	
16-31	2866-2867	)	
16-32	2868-2870	as	
16-33	2871-2875	your	
16-34	2876-2880	tast	
16-35	2881-2884	and	
16-36	2886-2891	smell	
16-37	2893-2896	may	
16-38	2897-2904	informe	
16-39	2905-2908	you	
16-40	2908-2909	.	

#Text=But where the flowers participate of the ill sent of the herbes they meddle not at all (as Gallopsia, Cheesrunnet).
17-1	2910-2913	But	
17-2	2914-2919	where	
17-3	2920-2923	the	
17-4	2924-2931	flowers	
17-5	2932-2943	participate	
17-6	2944-2946	of	
17-7	2947-2950	the	
17-8	2951-2954	ill	
17-9	2955-2959	sent	
17-10	2960-2962	of	
17-11	2963-2966	the	
17-12	2967-2973	herbes	
17-13	2974-2978	they	
17-14	2979-2985	meddle	
17-15	2986-2989	not	
17-16	2990-2992	at	
17-17	2993-2996	all	
17-18	2997-2998	(	
17-19	2998-3000	as	
17-20	3001-3010	Gallopsia	
17-21	3010-3011	,	
17-22	3012-3023	Cheesrunnet	
17-23	3023-3024	)	
17-24	3024-3025	.	

#Text=And Christ puts •io 
#Text= 
#Text=toades in his bosome (saith one) nor beleevers wicked men into the intimacy of their affections, puritie will bosome puritie, corruption cannot delight in uncorruption, Heterogeneals will not incorporate, light and darknesse are inconsistent, gracious and ungodly men cannot live and linke together.
18-1	3026-3029	And	
18-2	3030-3036	Christ	
18-3	3037-3041	puts	
18-4	3042-3043	•	
18-5	3043-3045	io	
18-6	3049-3055	toades	
18-7	3056-3058	in	
18-8	3059-3062	his	
18-9	3063-3069	bosome	
18-10	3070-3071	(	
18-11	3071-3076	saith	
18-12	3077-3080	one	
18-13	3080-3081	)	
18-14	3082-3085	nor	
18-15	3086-3095	beleevers	
18-16	3096-3102	wicked	
18-17	3103-3106	men	
18-18	3107-3111	into	
18-19	3112-3115	the	
18-20	3116-3124	intimacy	
18-21	3125-3127	of	
18-22	3128-3133	their	
18-23	3134-3144	affections	
18-24	3144-3145	,	
18-25	3146-3153	puritie	
18-26	3154-3158	will	
18-27	3159-3165	bosome	
18-28	3166-3173	puritie	
18-29	3173-3174	,	
18-30	3175-3185	corruption	
18-31	3186-3192	cannot	
18-32	3193-3200	delight	
18-33	3201-3203	in	
18-34	3204-3216	uncorruption	
18-35	3216-3217	,	
18-36	3218-3231	Heterogeneals	
18-37	3232-3236	will	
18-38	3237-3240	not	
18-39	3241-3252	incorporate	
18-40	3252-3253	,	
18-41	3254-3259	light	
18-42	3260-3263	and	
18-43	3264-3273	darknesse	
18-44	3274-3277	are	
18-45	3278-3290	inconsistent	
18-46	3290-3291	,	
18-47	3292-3300	gracious	
18-48	3301-3304	and	
18-49	3305-3312	ungodly	
18-50	3313-3316	men	
18-51	3317-3323	cannot	
18-52	3324-3328	live	
18-53	3329-3332	and	
18-54	3333-3338	linke	
18-55	3339-3347	together	
18-56	3347-3348	.	

#Text=A good heart cannot with more pleasure rest it selfe then in Gods resting place, in Christs societie, in the way of the Spirit, in the Ministery of Angels, and fellowship of the Saints.
19-1	3349-3350	A	
19-2	3351-3355	good	
19-3	3356-3361	heart	
19-4	3362-3368	cannot	
19-5	3369-3373	with	
19-6	3374-3378	more	
19-7	3379-3387	pleasure	
19-8	3388-3392	rest	
19-9	3393-3395	it	
19-10	3396-3401	selfe	
19-11	3402-3406	then	
19-12	3407-3409	in	
19-13	3410-3414	Gods	
19-14	3415-3422	resting	
19-15	3423-3428	place	
19-16	3428-3429	,	
19-17	3430-3432	in	
19-18	3433-3440	Christs	
19-19	3441-3449	societie	
19-20	3449-3450	,	
19-21	3451-3453	in	
19-22	3454-3457	the	
19-23	3458-3461	way	
19-24	3462-3464	of	
19-25	3465-3468	the	
19-26	3469-3475	Spirit	
19-27	3475-3476	,	
19-28	3477-3479	in	
19-29	3480-3483	the	
19-30	3484-3493	Ministery	
19-31	3494-3496	of	
19-32	3497-3503	Angels	
19-33	3503-3504	,	
19-34	3505-3508	and	
19-35	3509-3519	fellowship	
19-36	3520-3522	of	
19-37	3523-3526	the	
19-38	3527-3533	Saints	
19-39	3533-3534	.	
