#FORMAT=WebAnno TSV 3.3


#Text=id poffumus ex Diofcoride,
#Text=
#Text=Lib.i.cap.
#Text=qui turi nullam tribuit odo- 2xX1.
#Text=ris fuauitatem, cortici verò, qui multò minùs fuauis eit, defert uoouiar: Ceteri, inquit, cortices suffici non ardent , fed fin në odore fumum exhalant : turis querò cortex accenditur , & pet' ευωδίας έκθιμιέται.
#Text=ybi animum aduertere oportet,etfi Ruellius vertit, Cum odoris fragrantia vaporem eiaculatur & Marcellus Virgilius,cum fuauitate odoris ardettamen caute putes , Dioscoridem scripsisse, curis corticem i11cenfum , fuauein ac fensui Tus non periucundum vereque fra: grantem odorem fpirares,
#Text=
#Text=Non
#Text=
#Text=
#Text=
#Text=
#Text=
#Text=suaue.
1-1	2-4	id	
1-2	5-13	poffumus	
1-3	14-16	ex	
1-4	17-27	Diofcoride	
1-5	27-28	,	
1-6	30-39	Lib.i.cap	
1-7	39-40	.	
1-8	41-44	qui	
1-9	45-49	turi	
1-10	50-56	nullam	
1-11	57-64	tribuit	
1-12	65-68	odo	
1-13	68-69	-	
1-14	70-74	2xX1	
1-15	74-75	.	
1-16	76-79	ris	
1-17	80-90	fuauitatem	
1-18	90-91	,	
1-19	92-99	cortici	
1-20	100-104	verò	
1-21	104-105	,	
1-22	106-109	qui	
1-23	110-115	multò	
1-24	116-121	minùs	
1-25	122-128	fuauis	
1-26	129-132	eit	
1-27	132-133	,	
1-28	134-140	defert	
1-29	141-148	uoouiar	
1-30	148-149	:	
1-31	150-156	Ceteri	
1-32	156-157	,	
1-33	158-164	inquit	
1-34	164-165	,	
1-35	166-174	cortices	
1-36	175-182	suffici	
1-37	183-186	non	
1-38	187-193	ardent	
1-39	194-195	,	
1-40	196-199	fed	
1-41	200-203	fin	
1-42	204-206	në	
1-43	207-212	odore	
1-44	213-218	fumum	
1-45	219-227	exhalant	
1-46	228-229	:	
1-47	230-235	turis	
1-48	236-241	querò	
1-49	242-248	cortex	
1-50	249-259	accenditur	
1-51	260-261	,	
1-52	262-263	&	
1-53	264-267	pet	
1-54	267-268	'	
1-55	269-276	ευωδίας	
1-56	277-287	έκθιμιέται	
1-57	287-288	.	
1-58	289-292	ybi	
1-59	293-299	animum	
1-60	300-309	aduertere	
1-61	310-317	oportet	
1-62	317-318	,	
1-63	318-322	etfi	
1-64	323-331	Ruellius	
1-65	332-338	vertit	
1-66	338-339	,	
1-67	340-343	Cum	
1-68	344-350	odoris	
1-69	351-361	fragrantia	
1-70	362-369	vaporem	
1-71	370-380	eiaculatur	
1-72	381-382	&	
1-73	383-392	Marcellus	
1-74	393-402	Virgilius	
1-75	402-403	,	
1-76	403-406	cum	
1-77	407-416	fuauitate	
1-78	417-423	odoris	
1-79	424-434	ardettamen	
1-80	435-440	caute	
1-81	441-446	putes	
1-82	447-448	,	
1-83	449-460	Dioscoridem	
1-84	461-471	scripsisse	
1-85	471-472	,	
1-86	473-478	curis	
1-87	479-487	corticem	
1-88	488-497	i11cenfum	
1-89	498-499	,	
1-90	500-507	fuauein	
1-91	508-510	ac	
1-92	511-517	fensui	
1-93	518-521	Tus	
1-94	522-525	non	
1-95	526-537	periucundum	
1-96	538-545	vereque	
1-97	546-549	fra	
1-98	549-550	:	
1-99	551-558	grantem	
1-100	559-565	odorem	
1-101	566-574	fpirares	
1-102	574-575	,	
1-103	577-580	Non	
1-104	586-591	suaue	
1-105	591-592	.	

#Text=I 2
#Text=
#Text=
#Text=
#Text=
#Text=
#Text=Non enim évadic idem eft Notatu di.
#Text=i
#Text=
#Text=apud Graecos, quod apud Latinos fragrantia .
2-1	593-594	I	
2-2	595-596	2	
2-3	602-605	Non	
2-4	606-610	enim	
2-5	611-617	évadic	
2-6	618-622	idem	
2-7	623-626	eft	
2-8	627-633	Notatu	
2-9	634-636	di	
2-10	636-637	.	
2-11	638-639	i	
2-12	641-645	apud	
2-13	646-653	Graecos	
2-14	653-654	,	
2-15	655-659	quod	
2-16	660-664	apud	
2-17	665-672	Latinos	
2-18	673-683	fragrantia	
2-19	684-685	.	

#Text=Apud hos quidem fragrantia &fua uitas praeftantiam odoris excellentiainque significat, atque adco abfolucam generis perfectionem.
3-1	686-690	Apud	
3-2	691-694	hos	
3-3	695-701	quidem	
3-4	702-712	fragrantia	
3-5	713-714	&	
3-6	714-717	fua	
3-7	718-723	uitas	
3-8	724-736	praeftantiam	
3-9	737-743	odoris	
3-10	744-760	excellentiainque	
3-11	761-771	significat	
3-12	771-772	,	
3-13	773-778	atque	
3-14	779-783	adco	
3-15	784-793	abfolucam	
3-16	794-801	generis	
3-17	802-814	perfectionem	
3-18	814-815	.	

#Text=Euwdica verò apud illos etfi non rarò fragrantiam , faepe tamen, aut folum bonum odorem, aut odoris intentionem & vehementiam designat Theophrastus id iplum de
#Text=
#Text=clarat lib. 1. de Hist.
4-1	816-823	Euwdica	
4-2	824-828	verò	
4-3	829-833	apud	
4-4	834-839	illos	
4-5	840-844	etfi	
4-6	845-848	non	
4-7	849-853	rarò	
4-8	854-865	fragrantiam	
4-9	866-867	,	
4-10	868-873	faepe	
4-11	874-879	tamen	
4-12	879-880	,	
4-13	881-884	aut	
4-14	885-890	folum	
4-15	891-896	bonum	
4-16	897-903	odorem	
4-17	903-904	,	
4-18	905-908	aut	
4-19	909-915	odoris	
4-20	916-927	intentionem	
4-21	928-929	&	
4-22	930-941	vehementiam	
4-23	942-950	designat	
4-24	951-963	Theophrastus	
4-25	964-966	id	
4-26	967-972	iplum	
4-27	973-975	de	
4-28	977-983	clarat	
4-29	984-987	lib	
4-30	987-988	.	
4-31	989-990	1	
4-32	990-991	.	
4-33	992-994	de	
4-34	995-999	Hist	
4-35	999-1000	.	

#Text=Plant, Thcophra- cap.
#Text=xix.
#Text=vbi loquens des Ito lux da- fuccorum odorunique dif
#Text=
#Text=ferentia , ait Apium & Ane thum suwelias praestare;
#Text=
#Text=quae
#Text=
#Text=
#Text=
#Text=ta.
#Text=quae non fragrantiam auc
#Text=
#Text=Theophra.
#Text=fuaueolentiam significat, vt ftus male in malè interpraetes arbitran-terpretatus : cur; sed solum odorem (bonum)aut acutiem vehenien tiamque odoris.
5-1	1001-1006	Plant	
5-2	1006-1007	,	
5-3	1008-1016	Thcophra	
5-4	1016-1017	-	
5-5	1018-1021	cap	
5-6	1021-1022	.	
5-7	1023-1026	xix	
5-8	1026-1027	.	
5-9	1028-1031	vbi	
5-10	1032-1039	loquens	
5-11	1040-1043	des	
5-12	1044-1047	Ito	
5-13	1048-1051	lux	
5-14	1052-1054	da	
5-15	1054-1055	-	
5-16	1056-1064	fuccorum	
5-17	1065-1075	odorunique	
5-18	1076-1079	dif	
5-19	1081-1089	ferentia	
5-20	1090-1091	,	
5-21	1092-1095	ait	
5-22	1096-1101	Apium	
5-23	1102-1103	&	
5-24	1104-1107	Ane	
5-25	1108-1112	thum	
5-26	1113-1121	suwelias	
5-27	1122-1131	praestare	
5-28	1131-1132	;	
5-29	1134-1138	quae	
5-30	1142-1144	ta	
5-31	1144-1145	.	
5-32	1146-1150	quae	
5-33	1151-1154	non	
5-34	1155-1166	fragrantiam	
5-35	1167-1170	auc	
5-36	1172-1180	Theophra	
5-37	1180-1181	.	
5-38	1182-1195	fuaueolentiam	
5-39	1196-1206	significat	
5-40	1206-1207	,	
5-41	1208-1210	vt	
5-42	1211-1215	ftus	
5-43	1216-1220	male	
5-44	1221-1223	in	
5-45	1224-1228	malè	
5-46	1229-1241	interpraetes	
5-47	1242-1262	arbitran-terpretatus	
5-48	1263-1264	:	
5-49	1265-1268	cur	
5-50	1268-1269	;	
5-51	1270-1273	sed	
5-52	1274-1279	solum	
5-53	1280-1286	odorem	
5-54	1287-1288	(	
5-55	1288-1293	bonum	
5-56	1293-1294	)	
5-57	1294-1297	aut	
5-58	1298-1305	acutiem	
5-59	1306-1314	vehenien	
5-60	1315-1322	tiamque	
5-61	1323-1329	odoris	
5-62	1329-1330	.	

#Text=Quorus enim quisque est, cui in mentem venire possit , vereres co praedicos fuisse odoratu, yr apio & anetro, tanquam fragranti suauique odoramento oblectarentur?
6-1	1331-1337	Quorus	
6-2	1338-1342	enim	
6-3	1343-1350	quisque	
6-4	1351-1354	est	
6-5	1354-1355	,	
6-6	1356-1359	cui	
6-7	1360-1362	in	
6-8	1363-1369	mentem	
6-9	1370-1376	venire	
6-10	1377-1383	possit	
6-11	1384-1385	,	
6-12	1386-1393	vereres	
6-13	1394-1396	co	
6-14	1397-1406	praedicos	
6-15	1407-1413	fuisse	
6-16	1414-1421	odoratu	
6-17	1421-1422	,	
6-18	1423-1425	yr	
6-19	1426-1430	apio	
6-20	1431-1432	&	
6-21	1433-1439	anetro	
6-22	1439-1440	,	
6-23	1441-1448	tanquam	
6-24	1449-1458	fragranti	
6-25	1459-1467	suauique	
6-26	1468-1478	odoramento	
6-27	1479-1492	oblectarentur	
6-28	1492-1493	?	

#Text=An Theophrastum & Diofcoridem obefae omnino & mucosae naris fuifle, cenfendum est ?
7-1	1494-1496	An	
7-2	1497-1509	Theophrastum	
7-3	1510-1511	&	
7-4	1512-1523	Diofcoridem	
7-5	1524-1530	obefae	
7-6	1531-1537	omnino	
7-7	1538-1539	&	
7-8	1540-1547	mucosae	
7-9	1548-1553	naris	
7-10	1554-1560	fuifle	
7-11	1560-1561	,	
7-12	1562-1571	cenfendum	
7-13	1572-1575	est	
7-14	1576-1577	?	

#Text=Itaque longè aptiùs , & auctoris fenten ciae accomodatiùs ea ver- Apriùs lati ba superiùs fcripta, Alapé
#Text=
#Text=
#Text=
#Text=ne factus;
#Text=
#Text=
#Text=
#Text=
#Text=
#Text=tur •
#Text=
#Text=
#Text=
#Text=gooi di red Tejs évodías olor de ca 08 , xét gidos, vertuntur ab eodem interprete, Odores praeterea distant ( succi) vt.
#Text=anethi, cedrulae, Odore, non fra
#Text=
#Text=grantia.
8-1	1578-1584	Itaque	
8-2	1585-1590	longè	
8-3	1591-1597	aptiùs	
8-4	1598-1599	,	
8-5	1600-1601	&	
8-6	1602-1610	auctoris	
8-7	1611-1617	fenten	
8-8	1618-1622	ciae	
8-9	1623-1635	accomodatiùs	
8-10	1636-1638	ea	
8-11	1639-1642	ver	
8-12	1642-1643	-	
8-13	1644-1650	Apriùs	
8-14	1651-1655	lati	
8-15	1656-1658	ba	
8-16	1659-1667	superiùs	
8-17	1668-1675	fcripta	
8-18	1675-1676	,	
8-19	1677-1682	Alapé	
8-20	1686-1688	ne	
8-21	1689-1695	factus	
8-22	1695-1696	;	
8-23	1702-1705	tur	
8-24	1706-1707	•	
8-25	1711-1715	gooi	
8-26	1716-1718	di	
8-27	1719-1722	red	
8-28	1723-1727	Tejs	
8-29	1728-1735	évodías	
8-30	1736-1740	olor	
8-31	1741-1743	de	
8-32	1744-1746	ca	
8-33	1747-1749	08	
8-34	1750-1751	,	
8-35	1752-1755	xét	
8-36	1756-1761	gidos	
8-37	1761-1762	,	
8-38	1763-1772	vertuntur	
8-39	1773-1775	ab	
8-40	1776-1781	eodem	
8-41	1782-1792	interprete	
8-42	1792-1793	,	
8-43	1794-1800	Odores	
8-44	1801-1810	praeterea	
8-45	1811-1818	distant	
8-46	1819-1820	(	
8-47	1821-1826	succi	
8-48	1826-1827	)	
8-49	1828-1830	vt	
8-50	1830-1831	.	
8-51	1832-1838	anethi	
8-52	1838-1839	,	
8-53	1840-1848	cedrulae	
8-54	1848-1849	,	
8-55	1850-1855	Odore	
8-56	1855-1856	,	
8-57	1857-1860	non	
8-58	1861-1864	fra	
8-59	1866-1873	grantia	
8-60	1873-1874	.	

#Text=Haec ideo meum Vulgus ho lectorem monui, yt ne yul.
#Text=prehendi go hominum affentiatur,
#Text=
#Text=qui existimant, apud veteres fuauia & fragrantia vel ea habita fuisse, quae nobis acutè folum vehementiusque oleant , Sapientissimi enim antiquorum Aristoteles, Theophrastus, Diofcorides , emunctissimaeque naris homines probè norunt, Quid distent aera lupin nis: quaeque Obokant allium ,
#Text=
#Text=bas
#Text=
#Text=
#Text=
#Text=
#Text=
#Text=tum Roma num.
#Text=baram , fuem , capram commixă.
9-1	1875-1879	Haec	
9-2	1880-1884	ideo	
9-3	1885-1889	meum	
9-4	1890-1896	Vulgus	
9-5	1897-1899	ho	
9-6	1900-1908	lectorem	
9-7	1909-1914	monui	
9-8	1914-1915	,	
9-9	1916-1918	yt	
9-10	1919-1921	ne	
9-11	1922-1925	yul	
9-12	1925-1926	.	
9-13	1927-1935	prehendi	
9-14	1936-1938	go	
9-15	1939-1946	hominum	
9-16	1947-1958	affentiatur	
9-17	1958-1959	,	
9-18	1961-1964	qui	
9-19	1965-1975	existimant	
9-20	1975-1976	,	
9-21	1977-1981	apud	
9-22	1982-1989	veteres	
9-23	1990-1996	fuauia	
9-24	1997-1998	&	
9-25	1999-2009	fragrantia	
9-26	2010-2013	vel	
9-27	2014-2016	ea	
9-28	2017-2023	habita	
9-29	2024-2030	fuisse	
9-30	2030-2031	,	
9-31	2032-2036	quae	
9-32	2037-2042	nobis	
9-33	2043-2048	acutè	
9-34	2049-2054	folum	
9-35	2055-2069	vehementiusque	
9-36	2070-2076	oleant	
9-37	2077-2078	,	
9-38	2079-2092	Sapientissimi	
9-39	2093-2097	enim	
9-40	2098-2108	antiquorum	
9-41	2109-2120	Aristoteles	
9-42	2120-2121	,	
9-43	2122-2134	Theophrastus	
9-44	2134-2135	,	
9-45	2136-2147	Diofcorides	
9-46	2148-2149	,	
9-47	2150-2166	emunctissimaeque	
9-48	2167-2172	naris	
9-49	2173-2180	homines	
9-50	2181-2186	probè	
9-51	2187-2193	norunt	
9-52	2193-2194	,	
9-53	2195-2199	Quid	
9-54	2200-2207	distent	
9-55	2208-2212	aera	
9-56	2213-2218	lupin	
9-57	2219-2222	nis	
9-58	2222-2223	:	
9-59	2224-2231	quaeque	
9-60	2232-2239	Obokant	
9-61	2240-2246	allium	
9-62	2247-2248	,	
9-63	2250-2253	bas	
9-64	2259-2262	tum	
9-65	2263-2267	Roma	
9-66	2268-2271	num	
9-67	2271-2272	.	
9-68	2273-2278	baram	
9-69	2279-2280	,	
9-70	2281-2285	fuem	
9-71	2286-2287	,	
9-72	2288-2294	capram	
9-73	2295-2302	commixă	
9-74	2302-2303	.	

#Text=Demum notare oportet,
#Text=
#Text=0.
10-1	2304-2309	Demum	
10-2	2310-2316	notare	
10-3	2317-2324	oportet	
10-4	2324-2325	,	
10-5	2327-2328	0	
10-6	2328-2329	.	
