#FORMAT=WebAnno TSV 3.3


#Text=(Vollendet im Sommer 1831.)
1-1	2-3	(	
1-2	3-12	Vollendet	
1-3	13-15	im	
1-4	16-22	Sommer	
1-5	23-27	1831	
1-6	27-28	.	
1-7	28-29	)	

#Text=Goethe's Werke.
2-1	33-41	Goethe's	
2-2	42-47	Werke	
2-3	47-48	.	

#Text=XLI.
3-1	49-52	XLI	
3-2	52-53	.	

#Text=Bd. 2\f
#Text=[[
#Text=2]/0014
#Text=]
#Text=\f
#Text=[[
#Text=3]/0015]
#Text=
#Text=
#Text=
#Text=Erster Act.
4-1	54-56	Bd	
4-2	56-57	.	
4-3	58-59	2	
4-4	61-62	[	
4-5	62-63	[	
4-6	64-65	2	
4-7	65-66	]	
4-8	66-67	/	
4-9	67-71	0014	
4-10	72-73	]	
4-11	76-77	[	
4-12	77-78	[	
4-13	79-80	3	
4-14	80-81	]	
4-15	81-82	/	
4-16	82-86	0015	
4-17	86-87	]	
4-18	91-97	Erster	
4-19	98-101	Act	
4-20	101-102	.	

#Text=Anmuthige Gegend.
5-1	106-115	Anmuthige	
5-2	116-122	Gegend	
5-3	122-123	.	

#Text=Faust auf blumigen Rasen gebettet, ermüdet, unruhig, schlaf-
#Text=suchend.
6-1	127-132	Faust	
6-2	133-136	auf	
6-3	137-145	blumigen	
6-4	146-151	Rasen	
6-5	152-160	gebettet	
6-6	160-161	,	
6-7	162-169	ermüdet	
6-8	169-170	,	
6-9	171-178	unruhig	
6-10	178-179	,	
6-11	180-186	schlaf	
6-12	186-187	-	
6-13	188-195	suchend	
6-14	195-196	.	

#Text=Dämmerung.
7-1	198-207	Dämmerung	
7-2	207-208	.	

#Text=Geister-Kreis schwebend bewegt, anmuthige kleine Ge-
#Text=stalten.
8-1	210-223	Geister-Kreis	
8-2	224-233	schwebend	
8-3	234-240	bewegt	
8-4	240-241	,	
8-5	242-251	anmuthige	
8-6	252-258	kleine	
8-7	259-261	Ge	
8-8	261-262	-	
8-9	263-270	stalten	
8-10	270-271	.	

#Text=Ariel.
9-1	274-279	Ariel	
9-2	279-280	.	

#Text=(Gesang von Aeolsharfen begleitet.)
10-1	282-283	(	
10-2	283-289	Gesang	
10-3	290-293	von	
10-4	294-305	Aeolsharfen	
10-5	306-315	begleitet	
10-6	315-316	.	
10-7	316-317	)	

#Text=Wenn der Blüthen Frühlings-Regen
#Text=Ueber
#Text=Alle schwebend sinkt,
#Text=Wenn der Felder grüner Segen
#Text=Allen Erdgebornen blinkt,
#Text=Kleiner Elfen
#Text=Geistergröße
#Text=Eilet wo sie helfen kann,
#Text=Ob er heilig?
11-1	319-323	Wenn	
11-2	324-327	der	
11-3	328-335	Blüthen	
11-4	336-351	Frühlings-Regen	
11-5	352-357	Ueber	
11-6	358-362	Alle	
11-7	363-372	schwebend	
11-8	373-378	sinkt	
11-9	378-379	,	
11-10	380-384	Wenn	
11-11	385-388	der	
11-12	389-395	Felder	
11-13	396-402	grüner	
11-14	403-408	Segen	
11-15	409-414	Allen	
11-16	415-426	Erdgebornen	
11-17	427-433	blinkt	
11-18	433-434	,	
11-19	435-442	Kleiner	
11-20	443-448	Elfen	
11-21	449-461	Geistergröße	
11-22	462-467	Eilet	
11-23	468-470	wo	
11-24	471-474	sie	
11-25	475-481	helfen	
11-26	482-486	kann	
11-27	486-487	,	
11-28	488-490	Ob	
11-29	491-493	er	
11-30	494-500	heilig	
11-31	500-501	?	

#Text=ob er böse?
12-1	502-504	ob	
12-2	505-507	er	
12-3	508-512	böse	
12-4	512-513	?	

#Text=Jammert sie der Unglücksmann.
13-1	515-522	Jammert	
13-2	523-526	sie	
13-3	527-530	der	
13-4	531-543	Unglücksmann	
13-5	543-544	.	
