#FORMAT=WebAnno TSV 3.3
#T_SP=custom.Span|label
#T_RL=custom.Relation|label|BT_custom.Span


#Text=anguſtifolia, Eyſt.
1-1	0-12	anguſtifolia	_	_	_	
1-2	12-13	,	_	_	_	
1-3	14-18	Eyſt	_	_	_	
1-4	18-19	.	_	_	_	

#Text=Faba inverſa, Trag.
2-1	20-24	Faba	_	_	_	
2-2	25-32	inverſa	_	_	_	
2-3	32-33	,	_	_	_	
2-4	34-38	Trag	_	_	_	
2-5	38-39	.	_	_	_	

#Text=Lon.
3-1	40-43	Lon	_	_	_	
3-2	43-44	.	_	_	_	

#Text=Eghelo, Dod.
4-1	46-52	Eghelo	_	_	_	
4-2	52-53	,	_	_	_	
4-3	54-57	Dod	_	_	_	
4-4	57-58	.	_	_	_	

#Text=Alle beyde ſind es Stauden-gewaͤchs/ koͤnnen aber durch beſchneiden
#Text=zu baͤumen gezogen werden.
5-1	59-63	Alle	_	_	_	
5-2	64-69	beyde	_	_	_	
5-3	70-74	ſind	_	_	_	
5-4	75-77	es	_	_	_	
5-5	78-94	Stauden-gewaͤchs	_	_	_	
5-6	94-95	/	_	_	_	
5-7	96-103	koͤnnen	_	_	_	
5-8	104-108	aber	_	_	_	
5-9	109-114	durch	_	_	_	
5-10	115-126	beſchneiden	_	_	_	
5-11	127-129	zu	_	_	_	
5-12	130-137	baͤumen	_	_	_	
5-13	138-145	gezogen	_	_	_	
5-14	146-152	werden	_	_	_	
5-15	152-153	.	_	_	_	

#Text=Jhre blaͤtter ſind laͤnglicht/ oben gruͤn/ untenher weiß-
#Text=licht/ je drey und drey beyſammen.
6-1	154-158	Jhre	_	_	_	
6-2	159-167	blaͤtter	_	_	_	
6-3	168-172	ſind	_	_	_	
6-4	173-183	laͤnglicht	_	_	_	
6-5	183-184	/	_	_	_	
6-6	185-189	oben	_	_	_	
6-7	190-195	gruͤn	_	_	_	
6-8	195-196	/	_	_	_	
6-9	197-205	untenher	_	_	_	
6-10	206-210	weiß	_	_	_	
6-11	210-211	-	_	_	_	
6-12	212-217	licht	_	_	_	
6-13	217-218	/	_	_	_	
6-14	219-221	je	_	_	_	
6-15	222-226	drey	_	_	_	
6-16	227-230	und	_	_	_	
6-17	231-235	drey	_	_	_	
6-18	236-245	beyſammen	_	_	_	
6-19	245-246	.	_	_	_	

#Text=Jm May oder Junio bringen ſie gelbe blumen/
#Text=
#Text=darauff folgen lange Schoten/ in welchen je drey oder vier bonen/ wie Nieren geſtalt/
#Text=
#Text=verſchloſſen liegen.
7-1	247-249	Jm	_	_	_	
7-2	250-253	May	_	_	_	
7-3	254-258	oder	_	_	_	
7-4	259-264	Junio	_	_	_	
7-5	265-272	bringen	_	_	_	
7-6	273-276	ſie	_	_	_	
7-7	277-282	gelbe	_	_	_	
7-8	283-289	blumen	_	_	_	
7-9	289-290	/	_	_	_	
7-10	292-299	darauff	_	_	_	
7-11	300-306	folgen	_	_	_	
7-12	307-312	lange	_	_	_	
7-13	313-320	Schoten	_	_	_	
7-14	320-321	/	_	_	_	
7-15	322-324	in	_	_	_	
7-16	325-332	welchen	_	_	_	
7-17	333-335	je	_	_	_	
7-18	336-340	drey	_	_	_	
7-19	341-345	oder	_	_	_	
7-20	346-350	vier	_	_	_	
7-21	351-356	bonen	_	_	_	
7-22	356-357	/	_	_	_	
7-23	358-361	wie	_	_	_	
7-24	362-368	Nieren	_	_	_	
7-25	369-376	geſtalt	_	_	_	
7-26	376-377	/	_	_	_	
7-27	379-391	verſchloſſen	_	_	_	
7-28	392-398	liegen	_	_	_	
7-29	398-399	.	_	_	_	

#Text=Die vermehrung geſchiehet durch ſotanen Samen/ oder auch
#Text=wol durch die Wurzelbrut.
8-1	400-403	Die	_	_	_	
8-2	404-414	vermehrung	_	_	_	
8-3	415-425	geſchiehet	_	_	_	
8-4	426-431	durch	_	_	_	
8-5	432-439	ſotanen	_	_	_	
8-6	440-445	Samen	_	_	_	
8-7	445-446	/	_	_	_	
8-8	447-451	oder	_	_	_	
8-9	452-456	auch	_	_	_	
8-10	457-460	wol	_	_	_	
8-11	461-466	durch	_	_	_	
8-12	467-470	die	_	_	_	
8-13	471-481	Wurzelbrut	_	_	_	
8-14	481-482	.	_	_	_	

#Text=Der unterſchied zwiſchen dieſen beyden arten beſtehet
#Text=theils im geruch/ ſintemahl die blaͤtter des einen ſehr uͤbel ſtincken/ die andern aber faſt
#Text=ohn geruch ſind: theils in der form der blaͤtter/ welche in der erſten ſchmaͤller/ in der
#Text=andern breit und rundlicher fallen.
9-1	483-486	Der	_	_	_	
9-2	487-498	unterſchied	_	_	_	
9-3	499-507	zwiſchen	_	_	_	
9-4	508-514	dieſen	Smell\_Source[1]	_	_	
9-5	515-521	beyden	Smell\_Source[1]	_	_	
9-6	522-527	arten	Smell\_Source[1]	_	_	
9-7	528-536	beſtehet	_	_	_	
9-8	537-543	theils	_	_	_	
9-9	544-546	im	_	_	_	
9-10	547-553	geruch	Smell\_Word	*	9-4[1_0]	
9-11	553-554	/	_	_	_	
9-12	555-564	ſintemahl	_	_	_	
9-13	565-568	die	Smell\_Source[2]	_	_	
9-14	569-577	blaͤtter	Smell\_Source[2]	_	_	
9-15	578-581	des	Smell\_Source[2]	_	_	
9-16	582-587	einen	Smell\_Source[2]	_	_	
9-17	588-592	ſehr	Quality[3]	_	_	
9-18	593-598	uͤbel	Quality[3]	_	_	
9-19	599-607	ſtincken	Quality[3]|Smell\_Word[4]	*|*	9-17[3_4]|9-13[2_4]	
9-20	607-608	/	_	_	_	
9-21	609-612	die	Smell\_Source[5]	_	_	
9-22	613-619	andern	Smell\_Source[5]	_	_	
9-23	620-624	aber	_	_	_	
9-24	625-629	faſt	Quality[6]	_	_	
9-25	630-633	ohn	Quality[6]	_	_	
9-26	634-640	geruch	Smell\_Word	*|*	9-24[6_0]|9-21[5_0]	
9-27	641-645	ſind	_	_	_	
9-28	645-646	:	_	_	_	
9-29	647-653	theils	_	_	_	
9-30	654-656	in	_	_	_	
9-31	657-660	der	_	_	_	
9-32	661-665	form	_	_	_	
9-33	666-669	der	_	_	_	
9-34	670-678	blaͤtter	_	_	_	
9-35	678-679	/	_	_	_	
9-36	680-686	welche	_	_	_	
9-37	687-689	in	_	_	_	
9-38	690-693	der	_	_	_	
9-39	694-700	erſten	_	_	_	
9-40	701-711	ſchmaͤller	_	_	_	
9-41	711-712	/	_	_	_	
9-42	713-715	in	_	_	_	
9-43	716-719	der	_	_	_	
9-44	720-726	andern	_	_	_	
9-45	727-732	breit	_	_	_	
9-46	733-736	und	_	_	_	
9-47	737-747	rundlicher	_	_	_	
9-48	748-754	fallen	_	_	_	
9-49	754-755	.	_	_	_	

#Text=IV.
10-1	758-760	IV	_	_	_	
10-2	760-761	.	_	_	_	

#Text=Berbers-ſtaude.
11-1	762-776	Berbers-ſtaude	_	_	_	
11-2	776-777	.	_	_	_	

#Text=Berberis dumetorum, C.
12-1	779-787	Berberis	_	_	_	
12-2	788-797	dumetorum	_	_	_	
12-3	797-798	,	_	_	_	
12-4	799-800	C	_	_	_	
12-5	800-801	.	_	_	_	

#Text=B.
13-1	802-803	B	_	_	_	
13-2	803-804	.	_	_	_	

#Text=Weinauglein.
14-1	805-816	Weinauglein	_	_	_	
14-2	816-817	.	_	_	_	

#Text=Berberis, Lob.
#Text=vulgaris, Cluſ.
15-1	818-826	Berberis	_	_	_	
15-2	826-827	,	_	_	_	
15-3	828-831	Lob	_	_	_	
15-4	831-832	.	_	_	_	
15-5	833-841	vulgaris	_	_	_	
15-6	841-842	,	_	_	_	
15-7	843-847	Cluſ	_	_	_	
15-8	847-848	.	_	_	_	

#Text=Spina acida quarta, Dod.
16-1	850-855	Spina	_	_	_	
16-2	856-861	acida	_	_	_	
16-3	862-868	quarta	_	_	_	
16-4	868-869	,	_	_	_	
16-5	870-873	Dod	_	_	_	
16-6	873-874	.	_	_	_	

#Text=Oxyacantha, Ruell.
17-1	875-885	Oxyacantha	_	_	_	
17-2	885-886	,	_	_	_	
17-3	887-892	Ruell	_	_	_	
17-4	892-893	.	_	_	_	

#Text=Trag.
18-1	894-898	Trag	_	_	_	
18-2	898-899	.	_	_	_	

#Text=Fuch.
19-1	900-904	Fuch	_	_	_	
19-2	904-905	.	_	_	_	

#Text=Eyſt.
20-1	906-910	Eyſt	_	_	_	
20-2	910-911	.	_	_	_	
