#FORMAT=WebAnno TSV 3.3


#Text=Grooms and Hostlers daily inhale a large quantity of ammoniacal gas generated in the stables.
1-1	0-6	Grooms	
1-2	7-10	and	
1-3	11-19	Hostlers	
1-4	20-25	daily	
1-5	26-32	inhale	
1-6	33-34	a	
1-7	35-40	large	
1-8	41-49	quantity	
1-9	50-52	of	
1-10	53-63	ammoniacal	
1-11	64-67	gas	
1-12	68-77	generated	
1-13	78-80	in	
1-14	81-84	the	
1-15	85-92	stables	
1-16	92-93	.	

#Text=This appears beneficial rather than injurious.
2-1	94-98	This	
2-2	99-106	appears	
2-3	107-117	beneficial	
2-4	118-124	rather	
2-5	125-129	than	
2-6	130-139	injurious	
2-7	139-140	.	

#Text=They
#Text=have, moreover, full and varied muscular exertion ;
#Text=and if they took a more moderate diet, would be almost universally robust.
3-1	141-145	They	
3-2	146-150	have	
3-3	150-151	,	
3-4	152-160	moreover	
3-5	160-161	,	
3-6	162-166	full	
3-7	167-170	and	
3-8	171-177	varied	
3-9	178-186	muscular	
3-10	187-195	exertion	
3-11	196-197	;	
3-12	198-201	and	
3-13	202-204	if	
3-14	205-209	they	
3-15	210-214	took	
3-16	215-216	a	
3-17	217-221	more	
3-18	222-230	moderate	
3-19	231-235	diet	
3-20	235-236	,	
3-21	237-242	would	
3-22	243-245	be	
3-23	246-252	almost	
3-24	253-264	universally	
3-25	265-271	robust	
3-26	271-272	.	

#Text=Hostlers, Porters, and
#Text=under-male servants at inns, are generally sickly,
#Text=
#Text=and labour under congestion (over fulness) of the vessels in the abdomen and head.
4-1	273-281	Hostlers	
4-2	281-282	,	
4-3	283-290	Porters	
4-4	290-291	,	
4-5	292-295	and	
4-6	296-306	under-male	
4-7	307-315	servants	
4-8	316-318	at	
4-9	319-323	inns	
4-10	323-324	,	
4-11	325-328	are	
4-12	329-338	generally	
4-13	339-345	sickly	
4-14	345-346	,	
4-15	348-351	and	
4-16	352-358	labour	
4-17	359-364	under	
4-18	365-375	congestion	
4-19	376-377	(	
4-20	377-381	over	
4-21	382-389	fulness	
4-22	389-390	)	
4-23	391-393	of	
4-24	394-397	the	
4-25	398-405	vessels	
4-26	406-408	in	
4-27	409-412	the	
4-28	413-420	abdomen	
4-29	421-424	and	
4-30	425-429	head	
4-31	429-430	.	

#Text=Their state evidently
#Text=results from the ale and spirits they take so frequently.
5-1	431-436	Their	
5-2	437-442	state	
5-3	443-452	evidently	
5-4	453-460	results	
5-5	461-465	from	
5-6	466-469	the	
5-7	470-473	ale	
5-8	474-477	and	
5-9	478-485	spirits	
5-10	486-490	they	
5-11	491-495	take	
5-12	496-498	so	
5-13	499-509	frequently	
5-14	509-510	.	

#Text=Glue and Size boilers are exposed to strong putrid and ammoniacal exhalations from the decomposition of animal refuse.
6-1	512-516	Glue	
6-2	517-520	and	
6-3	521-525	Size	
6-4	526-533	boilers	
6-5	534-537	are	
6-6	538-545	exposed	
6-7	546-548	to	
6-8	549-555	strong	
6-9	556-562	putrid	
6-10	563-566	and	
6-11	567-577	ammoniacal	
6-12	578-589	exhalations	
6-13	590-594	from	
6-14	595-598	the	
6-15	599-612	decomposition	
6-16	613-615	of	
6-17	616-622	animal	
6-18	623-629	refuse	
6-19	629-630	.	

#Text=The stench of the boiling
#Text=and drying rooms is indeed well known to be highly
#Text=offensive, even to the neighbourhood.
7-1	631-634	The	
7-2	635-641	stench	
7-3	642-644	of	
7-4	645-648	the	
7-5	649-656	boiling	
7-6	657-660	and	
7-7	661-667	drying	
7-8	668-673	rooms	
7-9	674-676	is	
7-10	677-683	indeed	
7-11	684-688	well	
7-12	689-694	known	
7-13	695-697	to	
7-14	698-700	be	
7-15	701-707	highly	
7-16	708-717	offensive	
7-17	717-718	,	
7-18	719-723	even	
7-19	724-726	to	
7-20	727-730	the	
7-21	731-744	neighbourhood	
7-22	744-745	.	

#Text=Yet the men
#Text=declare it agrees well with them — nay, many assert,
#Text=that on entering this employ, they experienced a
#Text=great increase of appetite and health.
8-1	746-749	Yet	
8-2	750-753	the	
8-3	754-757	men	
8-4	758-765	declare	
8-5	766-768	it	
8-6	769-775	agrees	
8-7	776-780	well	
8-8	781-785	with	
8-9	786-790	them	
8-10	791-792	—	
8-11	793-796	nay	
8-12	796-797	,	
8-13	798-802	many	
8-14	803-809	assert	
8-15	809-810	,	
8-16	811-815	that	
8-17	816-818	on	
8-18	819-827	entering	
8-19	828-832	this	
8-20	833-839	employ	
8-21	839-840	,	
8-22	841-845	they	
8-23	846-857	experienced	
8-24	858-859	a	
8-25	860-865	great	
8-26	866-874	increase	
8-27	875-877	of	
8-28	878-886	appetite	
8-29	887-890	and	
8-30	891-897	health	
8-31	897-898	.	

#Text=All the glue
#Text=and size boilers we saw, were remarkably fresh-looking and robust.
9-1	899-902	All	
9-2	903-906	the	
9-3	907-911	glue	
9-4	912-915	and	
9-5	916-920	size	
9-6	921-928	boilers	
9-7	929-931	we	
9-8	932-935	saw	
9-9	935-936	,	
9-10	937-941	were	
9-11	942-952	remarkably	
9-12	953-966	fresh-looking	
9-13	967-970	and	
9-14	971-977	robust	
9-15	977-978	.	

#Text=Though exposed to frequent and
#Text=considerable changes of temperature, to sudden
#Text=changes also from an atmosphere of hot vapour to
#Text=the dry cold air, they are not subject to rheumatism,
#Text=pulmonary inflammation or catarrh.
10-1	979-985	Though	
10-2	986-993	exposed	
10-3	994-996	to	
10-4	997-1005	frequent	
10-5	1006-1009	and	
10-6	1010-1022	considerable	
10-7	1023-1030	changes	
10-8	1031-1033	of	
10-9	1034-1045	temperature	
10-10	1045-1046	,	
10-11	1047-1049	to	
10-12	1050-1056	sudden	
10-13	1057-1064	changes	
10-14	1065-1069	also	
10-15	1070-1074	from	
10-16	1075-1077	an	
10-17	1078-1088	atmosphere	
10-18	1089-1091	of	
10-19	1092-1095	hot	
10-20	1096-1102	vapour	
10-21	1103-1105	to	
10-22	1106-1109	the	
10-23	1110-1113	dry	
10-24	1114-1118	cold	
10-25	1119-1122	air	
10-26	1122-1123	,	
10-27	1124-1128	they	
10-28	1129-1132	are	
10-29	1133-1136	not	
10-30	1137-1144	subject	
10-31	1145-1147	to	
10-32	1148-1158	rheumatism	
10-33	1158-1159	,	
10-34	1160-1169	pulmonary	
10-35	1170-1182	inflammation	
10-36	1183-1185	or	
10-37	1186-1193	catarrh	
10-38	1193-1194	.	

#Text=The only complaints we could hear of, were occasional pains in the
#Text=loins and hmbs, attributable to posture and exertion.
11-1	1195-1198	The	
11-2	1199-1203	only	
11-3	1204-1214	complaints	
11-4	1215-1217	we	
11-5	1218-1223	could	
11-6	1224-1228	hear	
11-7	1229-1231	of	
11-8	1231-1232	,	
11-9	1233-1237	were	
11-10	1238-1248	occasional	
11-11	1249-1254	pains	
11-12	1255-1257	in	
11-13	1258-1261	the	
11-14	1262-1267	loins	
11-15	1268-1271	and	
11-16	1272-1276	hmbs	
11-17	1276-1277	,	
11-18	1278-1290	attributable	
11-19	1291-1293	to	
11-20	1294-1301	posture	
11-21	1302-1305	and	
11-22	1306-1314	exertion	
11-23	1314-1315	.	

#Text=Buckram manufacturers are exposed to the
#Text=odour of the glue.
12-1	1317-1324	Buckram	
12-2	1325-1338	manufacturers	
12-3	1339-1342	are	
12-4	1343-1350	exposed	
12-5	1351-1353	to	
12-6	1354-1357	the	
12-7	1358-1363	odour	
12-8	1364-1366	of	
12-9	1367-1370	the	
12-10	1371-1375	glue	
12-11	1375-1376	.	

#Text=This is well known to be so great
#Text=as to offend the neighbourhood of the manufacture.
13-1	1377-1381	This	
13-2	1382-1384	is	
13-3	1385-1389	well	
13-4	1390-1395	known	
13-5	1396-1398	to	
13-6	1399-1401	be	
13-7	1402-1404	so	
13-8	1405-1410	great	
13-9	1411-1413	as	
13-10	1414-1416	to	
13-11	1417-1423	offend	
13-12	1424-1427	the	
13-13	1428-1441	neighbourhood	
13-14	1442-1444	of	
13-15	1445-1448	the	
13-16	1449-1460	manufacture	
13-17	1460-1461	.	

#Text=Yet the men make no complaint of ill health, and
#Text=reach considerable age.
14-1	1462-1465	Yet	
14-2	1466-1469	the	
14-3	1470-1473	men	
14-4	1474-1478	make	
14-5	1479-1481	no	
14-6	1482-1491	complaint	
14-7	1492-1494	of	
14-8	1495-1498	ill	
14-9	1499-1505	health	
14-10	1505-1506	,	
14-11	1507-1510	and	
14-12	1511-1516	reach	
14-13	1517-1529	considerable	
14-14	1530-1533	age	
14-15	1533-1534	.	

#Text=Of the seven men employed
#Text=at the Buckram-house, in Water-lane, one is 51,
#Text=another 58, a third 68, and the fourth 76; and these
#Text=individuals have been at the employ from an early age.
15-1	1535-1537	Of	
15-2	1538-1541	the	
15-3	1542-1547	seven	
15-4	1548-1551	men	
15-5	1552-1560	employed	
15-6	1561-1563	at	
15-7	1564-1567	the	
15-8	1568-1581	Buckram-house	
15-9	1581-1582	,	
15-10	1583-1585	in	
15-11	1586-1596	Water-lane	
15-12	1596-1597	,	
15-13	1598-1601	one	
15-14	1602-1604	is	
15-15	1605-1607	51	
15-16	1607-1608	,	
15-17	1609-1616	another	
15-18	1617-1619	58	
15-19	1619-1620	,	
15-20	1621-1622	a	
15-21	1623-1628	third	
15-22	1629-1631	68	
15-23	1631-1632	,	
15-24	1633-1636	and	
15-25	1637-1640	the	
15-26	1641-1647	fourth	
15-27	1648-1650	76	
15-28	1650-1651	;	
15-29	1652-1655	and	
15-30	1656-1661	these	
15-31	1662-1673	individuals	
15-32	1674-1678	have	
15-33	1679-1683	been	
15-34	1684-1686	at	
15-35	1687-1690	the	
15-36	1691-1697	employ	
15-37	1698-1702	from	
15-38	1703-1705	an	
15-39	1706-1711	early	
15-40	1712-1715	age	
15-41	1715-1716	.	

#Text=Tallow-chandlers, subjected to an offensive
#Text=animal odour, enjoy health, and attain a considerable
#Text=age.
16-1	1718-1734	Tallow-chandlers	
16-2	1734-1735	,	
16-3	1736-1745	subjected	
16-4	1746-1748	to	
16-5	1749-1751	an	
16-6	1752-1761	offensive	
16-7	1762-1768	animal	
16-8	1769-1774	odour	
16-9	1774-1775	,	
16-10	1776-1781	enjoy	
16-11	1782-1788	health	
16-12	1788-1789	,	
16-13	1790-1793	and	
16-14	1794-1800	attain	
16-15	1801-1802	a	
16-16	1803-1815	considerable	
16-17	1816-1819	age	
16-18	1819-1820	.	

#Text=During the plague in London it was remarked
#Text=that this class of men suffered much less than others.
17-1	1821-1827	During	
17-2	1828-1831	the	
17-3	1832-1838	plague	
17-4	1839-1841	in	
17-5	1842-1848	London	
17-6	1849-1851	it	
17-7	1852-1855	was	
17-8	1856-1864	remarked	
17-9	1865-1869	that	
17-10	1870-1874	this	
17-11	1875-1880	class	
17-12	1881-1883	of	
17-13	1884-1887	men	
17-14	1888-1896	suffered	
17-15	1897-1901	much	
17-16	1902-1906	less	
17-17	1907-1911	than	
17-18	1912-1918	others	
17-19	1918-1919	.	

#Text=Tanners, it is well known, arc subject to disagreeable odours.
18-1	1921-1928	Tanners	
18-2	1928-1929	,	
18-3	1930-1932	it	
18-4	1933-1935	is	
18-5	1936-1940	well	
18-6	1941-1946	known	
18-7	1946-1947	,	
18-8	1948-1951	arc	
18-9	1952-1959	subject	
18-10	1960-1962	to	
18-11	1963-1975	disagreeable	
18-12	1976-1982	odours	
18-13	1982-1983	.	

#Text=They work in an atmosphere largely
#Text=impregnated with the vapour of putrifying skins, and
#Text=this combined with the smell of lime in one place,
#Text=and of tan in another.
19-1	1984-1988	They	
19-2	1989-1993	work	
19-3	1994-1996	in	
19-4	1997-1999	an	
19-5	2000-2010	atmosphere	
19-6	2011-2018	largely	
19-7	2019-2030	impregnated	
19-8	2031-2035	with	
19-9	2036-2039	the	
19-10	2040-2046	vapour	
19-11	2047-2049	of	
19-12	2050-2060	putrifying	
19-13	2061-2066	skins	
19-14	2066-2067	,	
19-15	2068-2071	and	
19-16	2072-2076	this	
19-17	2077-2085	combined	
19-18	2086-2090	with	
19-19	2091-2094	the	
19-20	2095-2100	smell	
19-21	2101-2103	of	
19-22	2104-2108	lime	
19-23	2109-2111	in	
19-24	2112-2115	one	
19-25	2116-2121	place	
19-26	2121-2122	,	
19-27	2123-2126	and	
19-28	2127-2129	of	
19-29	2130-2133	tan	
19-30	2134-2136	in	
19-31	2137-2144	another	
19-32	2144-2145	.	

#Text=They are exposed constantly
#Text=to wet and cold.
20-1	2146-2150	They	
20-2	2151-2154	are	
20-3	2155-2162	exposed	
20-4	2163-2173	constantly	
20-5	2174-2176	to	
20-6	2177-2180	wet	
20-7	2181-2184	and	
20-8	2185-2189	cold	
20-9	2189-2190	.	

#Text=Their feet are scarcely ever dry.
21-1	2191-2196	Their	
21-2	2197-2201	feet	
21-3	2202-2205	are	
21-4	2206-2214	scarcely	
21-5	2215-2219	ever	
21-6	2220-2223	dry	
21-7	2223-2224	.	

#Text=Yet they are remarkably robust; the countenance
#Text=florid ; and disease almost unknown. t Tanners are
#Text=said to be exempt from consumption ; and the subject
#Text=has of late been repeatedly discussed in one of the
#Text=medical societies of London.
22-1	2225-2228	Yet	
22-2	2229-2233	they	
22-3	2234-2237	are	
22-4	2238-2248	remarkably	
22-5	2249-2255	robust	
22-6	2255-2256	;	
22-7	2257-2260	the	
22-8	2261-2272	countenance	
22-9	2273-2279	florid	
22-10	2280-2281	;	
22-11	2282-2285	and	
22-12	2286-2293	disease	
22-13	2294-2300	almost	
22-14	2301-2308	unknown	
22-15	2308-2309	.	
22-16	2310-2311	t	
22-17	2312-2319	Tanners	
22-18	2320-2323	are	
22-19	2324-2328	said	
22-20	2329-2331	to	
22-21	2332-2334	be	
22-22	2335-2341	exempt	
22-23	2342-2346	from	
22-24	2347-2358	consumption	
22-25	2359-2360	;	
22-26	2361-2364	and	
22-27	2365-2368	the	
22-28	2369-2376	subject	
22-29	2377-2380	has	
22-30	2381-2383	of	
22-31	2384-2388	late	
22-32	2389-2393	been	
22-33	2394-2404	repeatedly	
22-34	2405-2414	discussed	
22-35	2415-2417	in	
22-36	2418-2421	one	
22-37	2422-2424	of	
22-38	2425-2428	the	
22-39	2429-2436	medical	
22-40	2437-2446	societies	
22-41	2447-2449	of	
22-42	2450-2456	London	
22-43	2456-2457	.	

#Text=We have carefully inquired at several tan-yards, and could not hear of a
#Text=single example of this formidable disease.
23-1	2458-2460	We	
23-2	2461-2465	have	
23-3	2466-2475	carefully	
23-4	2476-2484	inquired	
23-5	2485-2487	at	
23-6	2488-2495	several	
23-7	2496-2505	tan-yards	
23-8	2505-2506	,	
23-9	2507-2510	and	
23-10	2511-2516	could	
23-11	2517-2520	not	
23-12	2521-2525	hear	
23-13	2526-2528	of	
23-14	2529-2530	a	
23-15	2531-2537	single	
23-16	2538-2545	example	
23-17	2546-2548	of	
23-18	2549-2553	this	
23-19	2554-2564	formidable	
23-20	2565-2572	disease	
23-21	2572-2573	.	

#Text=We do
#Text=not find old men actually in the employ; and the
#Text=reason assigned is, not the decline of health, but the
#Text=inferiority of men past middle age, in undergoing the
#Text=labour of the process.
24-1	2574-2576	We	
24-2	2577-2579	do	
24-3	2580-2583	not	
24-4	2584-2588	find	
24-5	2589-2592	old	
24-6	2593-2596	men	
24-7	2597-2605	actually	
24-8	2606-2608	in	
24-9	2609-2612	the	
24-10	2613-2619	employ	
24-11	2619-2620	;	
24-12	2621-2624	and	
24-13	2625-2628	the	
24-14	2629-2635	reason	
24-15	2636-2644	assigned	
24-16	2645-2647	is	
24-17	2647-2648	,	
24-18	2649-2652	not	
24-19	2653-2656	the	
24-20	2657-2664	decline	
24-21	2665-2667	of	
24-22	2668-2674	health	
24-23	2674-2675	,	
24-24	2676-2679	but	
24-25	2680-2683	the	
24-26	2684-2695	inferiority	
24-27	2696-2698	of	
24-28	2699-2702	men	
24-29	2703-2707	past	
24-30	2708-2714	middle	
24-31	2715-2718	age	
24-32	2718-2719	,	
24-33	2720-2722	in	
24-34	2723-2733	undergoing	
24-35	2734-2737	the	
24-36	2738-2744	labour	
24-37	2745-2747	of	
24-38	2748-2751	the	
24-39	2752-2759	process	
24-40	2759-2760	.	

#Text=Persons however in advanced
#Text=life, yet healthy, are found in other occupations, who
#Text=have before been for many years in the tan-yards,
#Text=and have not apparently suffered from the long continued exposure to their offensive odour.
25-1	2761-2768	Persons	
25-2	2769-2776	however	
25-3	2777-2779	in	
25-4	2780-2788	advanced	
25-5	2789-2793	life	
25-6	2793-2794	,	
25-7	2795-2798	yet	
25-8	2799-2806	healthy	
25-9	2806-2807	,	
25-10	2808-2811	are	
25-11	2812-2817	found	
25-12	2818-2820	in	
25-13	2821-2826	other	
25-14	2827-2838	occupations	
25-15	2838-2839	,	
25-16	2840-2843	who	
25-17	2844-2848	have	
25-18	2849-2855	before	
25-19	2856-2860	been	
25-20	2861-2864	for	
25-21	2865-2869	many	
25-22	2870-2875	years	
25-23	2876-2878	in	
25-24	2879-2882	the	
25-25	2883-2892	tan-yards	
25-26	2892-2893	,	
25-27	2894-2897	and	
25-28	2898-2902	have	
25-29	2903-2906	not	
25-30	2907-2917	apparently	
25-31	2918-2926	suffered	
25-32	2927-2931	from	
25-33	2932-2935	the	
25-34	2936-2940	long	
25-35	2941-2950	continued	
25-36	2951-2959	exposure	
25-37	2960-2962	to	
25-38	2963-2968	their	
25-39	2969-2978	offensive	
25-40	2979-2984	odour	
25-41	2984-2985	.	

#Text=Hence we
#Text=may infer that this employ, while it invigorates the
#Text=constitution in youth and middle age, does not sensibly shorten life ; does not, in other words, give temporary health at the expense of premature decline.
26-1	2986-2991	Hence	
26-2	2992-2994	we	
26-3	2995-2998	may	
26-4	2999-3004	infer	
26-5	3005-3009	that	
26-6	3010-3014	this	
26-7	3015-3021	employ	
26-8	3021-3022	,	
26-9	3023-3028	while	
26-10	3029-3031	it	
26-11	3032-3043	invigorates	
26-12	3044-3047	the	
26-13	3048-3060	constitution	
26-14	3061-3063	in	
26-15	3064-3069	youth	
26-16	3070-3073	and	
26-17	3074-3080	middle	
26-18	3081-3084	age	
26-19	3084-3085	,	
26-20	3086-3090	does	
26-21	3091-3094	not	
26-22	3095-3103	sensibly	
26-23	3104-3111	shorten	
26-24	3112-3116	life	
26-25	3117-3118	;	
26-26	3119-3123	does	
26-27	3124-3127	not	
26-28	3127-3128	,	
26-29	3129-3131	in	
26-30	3132-3137	other	
26-31	3138-3143	words	
26-32	3143-3144	,	
26-33	3145-3149	give	
26-34	3150-3159	temporary	
26-35	3160-3166	health	
26-36	3167-3169	at	
26-37	3170-3173	the	
26-38	3174-3181	expense	
26-39	3182-3184	of	
26-40	3185-3194	premature	
26-41	3195-3202	decline	
26-42	3202-3203	.	

#Text=Ramazzini tells us, that at Padua the tan-yards
#Text=were permitted only in the  '  suburbs.
27-1	3205-3214	Ramazzini	
27-2	3215-3220	tells	
27-3	3221-3223	us	
27-4	3223-3224	,	
27-5	3225-3229	that	
27-6	3230-3232	at	
27-7	3233-3238	Padua	
27-8	3239-3242	the	
27-9	3243-3252	tan-yards	
27-10	3253-3257	were	
27-11	3258-3267	permitted	
27-12	3268-3272	only	
27-13	3273-3275	in	
27-14	3276-3279	the	
27-15	3281-3282	'	
27-16	3284-3291	suburbs	
27-17	3291-3292	.	

#Text=Here also, as
#Text=the stench would be considered a nuisance, tan-yards
#Text=are at the outskirts.
28-1	3293-3297	Here	
28-2	3298-3302	also	
28-3	3302-3303	,	
28-4	3304-3306	as	
28-5	3307-3310	the	
28-6	3311-3317	stench	
28-7	3318-3323	would	
28-8	3324-3326	be	
28-9	3327-3337	considered	
28-10	3338-3339	a	
28-11	3340-3348	nuisance	
28-12	3348-3349	,	
28-13	3350-3359	tan-yards	
28-14	3360-3363	are	
28-15	3364-3366	at	
28-16	3367-3370	the	
28-17	3371-3380	outskirts	
28-18	3380-3381	.	

#Text=As a matter of medical police,
#Text=however, we see no occasion for their exclusion from
#Text=the town.
29-1	3382-3384	As	
29-2	3385-3386	a	
29-3	3387-3393	matter	
29-4	3394-3396	of	
29-5	3397-3404	medical	
29-6	3405-3411	police	
29-7	3411-3412	,	
29-8	3413-3420	however	
29-9	3420-3421	,	
29-10	3422-3424	we	
29-11	3425-3428	see	
29-12	3429-3431	no	
29-13	3432-3440	occasion	
29-14	3441-3444	for	
29-15	3445-3450	their	
29-16	3451-3460	exclusion	
29-17	3461-3465	from	
29-18	3466-3469	the	
29-19	3470-3474	town	
29-20	3474-3475	.	
