{"_context" : {
    "_types" : {
      "DocumentMetaData" : {
        "_feature_types" : {"sofa" : "_ref" } }, 
      "Relation" : {
        "_feature_types" : {"sofa" : "_ref",  "Dependent" : "_ref",  "Governor" : "_ref" } }, 
      "Sentence" : {
        "_feature_types" : {"sofa" : "_ref" } }, 
      "Sofa" : {
        "_feature_types" : {"sofaArray" : "_ref" } }, 
      "Span" : {
        "_feature_types" : {"sofa" : "_ref" } }, 
      "TagsetDescription" : {
        "_feature_types" : {"sofa" : "_ref",  "tags" : "_ref" } }, 
      "Token" : {
        "_feature_types" : {"sofa" : "_ref",  "parent" : "_ref",  "lemma" : "_ref",  "stem" : "_ref",  "pos" : "_ref",  "morph" : "_ref",  "form" : "_ref" } }, 
      "DocumentAnnotation" : {
        "_feature_types" : {"sofa" : "_ref" }, 
        "_subtypes" : ["DocumentMetaData" ] }, 
      "Annotation" : {
        "_feature_types" : {"sofa" : "_ref" }, 
        "_subtypes" : ["DocumentAnnotation",  "Relation",  "Sentence",  "Span",  "TagsetDescription",  "Token" ] }, 
      "AnnotationBase" : {
        "_feature_types" : {"sofa" : "_ref" }, 
        "_subtypes" : ["Annotation" ] }, 
      "TOP" : {
        "_subtypes" : ["AnnotationBase",  "Sofa" ] } } }, 
  "_views" : {
    "_InitialView" : {
      "Relation" : [
        {"sofa" : 1,  "begin" : 101,  "end" : 109,  "Dependent" : 9265,  "Governor" : 9260 }, 
        {"sofa" : 1,  "begin" : 101,  "end" : 109,  "Dependent" : 9265,  "Governor" : 9277 }, 
        {"sofa" : 1,  "begin" : 101,  "end" : 109,  "Dependent" : 9265,  "Governor" : 9333 }, 
        {"sofa" : 1,  "begin" : 101,  "end" : 109,  "Dependent" : 9265,  "Governor" : 9323 }, 
        {"sofa" : 1,  "begin" : 101,  "end" : 109,  "Dependent" : 9265,  "Governor" : 9328 }, 
        {"sofa" : 1,  "begin" : 101,  "end" : 109,  "Dependent" : 9265,  "Governor" : 9359 }, 
        {"sofa" : 1,  "begin" : 101,  "end" : 109,  "Dependent" : 9265,  "Governor" : 9364 }, 
        {"sofa" : 1,  "begin" : 265,  "end" : 273,  "Dependent" : 9289,  "Governor" : 9304 }, 
        {"sofa" : 1,  "begin" : 265,  "end" : 273,  "Dependent" : 9289,  "Governor" : 9386 }, 
        {"sofa" : 1,  "begin" : 289,  "end" : 295,  "Dependent" : 9299,  "Governor" : 9294 }, 
        {"sofa" : 1,  "begin" : 289,  "end" : 295,  "Dependent" : 9299,  "Governor" : 9386 }, 
        {"sofa" : 1,  "begin" : 427,  "end" : 435,  "Dependent" : 9369,  "Governor" : 9374 }, 
        {"sofa" : 1,  "begin" : 427,  "end" : 435,  "Dependent" : 9369,  "Governor" : 9405 }, 
        {"sofa" : 1,  "begin" : 427,  "end" : 435,  "Dependent" : 9369,  "Governor" : 9437 }, 
        {"sofa" : 1,  "begin" : 427,  "end" : 435,  "Dependent" : 9369,  "Governor" : 9432 }, 
        {"sofa" : 1,  "begin" : 427,  "end" : 435,  "Dependent" : 9369,  "Governor" : 9427 }, 
        {"sofa" : 1,  "begin" : 427,  "end" : 435,  "Dependent" : 9369,  "Governor" : 9422 }, 
        {"sofa" : 1,  "begin" : 427,  "end" : 435,  "Dependent" : 9369,  "Governor" : 9417 }, 
        {"sofa" : 1,  "begin" : 1314,  "end" : 1322,  "Dependent" : 9482,  "Governor" : 9487 }, 
        {"sofa" : 1,  "begin" : 1406,  "end" : 1411,  "Dependent" : 9499,  "Governor" : 9504 }, 
        {"sofa" : 1,  "begin" : 1406,  "end" : 1411,  "Dependent" : 9499,  "Governor" : 9516 }, 
        {"sofa" : 1,  "begin" : 1406,  "end" : 1411,  "Dependent" : 9499,  "Governor" : 9521 }, 
        {"sofa" : 1,  "begin" : 1881,  "end" : 1893,  "Dependent" : 9570,  "Governor" : 9565 }, 
        {"sofa" : 1,  "begin" : 1881,  "end" : 1893,  "Dependent" : 9570,  "Governor" : 9582 }, 
        {"sofa" : 1,  "begin" : 1881,  "end" : 1893,  "Dependent" : 9570,  "Governor" : 9594 }, 
        {"sofa" : 1,  "begin" : 2219,  "end" : 2227,  "Dependent" : 9606,  "Governor" : 9611 } ], 
      "Span" : [9260,  9265,  9277,  9323,  9328,  9333,  9359,  9364,  9304,  9289,  9294,  9299,  9386,  9374,  9369,  9405,  9417,  9422,  9427,  9432,  9437,  9487,  9482,  9504,  9499,  9516,  9521, 
        {"sofa" : 1,  "begin" : 1587,  "end" : 1595,  "label" : "Smell_Word" }, 
        {"sofa" : 1,  "begin" : 1682,  "end" : 1690,  "label" : "Smell_Word" }, 
        {"sofa" : 1,  "begin" : 1799,  "end" : 1807,  "label" : "Smell_Word" },  9570,  9582,  9594,  9565,  9611,  9606 ], 
      "DocumentMetaData" : [
        {"sofa" : 1,  "end" : 3479,  "language" : "x-unspecified",  "documentTitle" : "011E%20James%20Manning%201604%20A%20NEW%20BOOKE%20intituled%20I%20am%20for%20you%20all%20Complexions__28_MED.txt",  "documentId" : "teresa",  "documentUri" : "file:/home/dhuser/alessio/inception/repository/project/29/document/6964/source/teresa",  "collectionId" : "file:/home/dhuser/alessio/inception/repository/project/29/document/6964/source/",  "documentBaseUri" : "file:/home/dhuser/alessio/inception/repository/project/29/document/6964/source/",  "isLastSegment" : false } ], 
      "TagsetDescription" : [
        {"sofa" : 1,  "layer" : "webanno.custom.Emotions",  "name" : "Emotion Labels",  "input" : false }, 
        {"sofa" : 1,  "layer" : "custom.Relation",  "name" : "Relation labels",  "input" : false }, 
        {"sofa" : 1,  "layer" : "custom.Span",  "name" : "Smell labels",  "input" : false } ], 
      "Sentence" : [
        {"sofa" : 1,  "end" : 9 }, 
        {"sofa" : 1,  "begin" : 10,  "end" : 520 }, 
        {"sofa" : 1,  "begin" : 522,  "end" : 531 }, 
        {"sofa" : 1,  "begin" : 532,  "end" : 721 }, 
        {"sofa" : 1,  "begin" : 723,  "end" : 732 }, 
        {"sofa" : 1,  "begin" : 733,  "end" : 1005 }, 
        {"sofa" : 1,  "begin" : 1007,  "end" : 1016 }, 
        {"sofa" : 1,  "begin" : 1017,  "end" : 1193 }, 
        {"sofa" : 1,  "begin" : 1195,  "end" : 1204 }, 
        {"sofa" : 1,  "begin" : 1205,  "end" : 1558 }, 
        {"sofa" : 1,  "begin" : 1559,  "end" : 1654 }, 
        {"sofa" : 1,  "begin" : 1655,  "end" : 1862 }, 
        {"sofa" : 1,  "begin" : 1864,  "end" : 1873 }, 
        {"sofa" : 1,  "begin" : 1874,  "end" : 2111 }, 
        {"sofa" : 1,  "begin" : 2112,  "end" : 2228 }, 
        {"sofa" : 1,  "begin" : 2230,  "end" : 2239 }, 
        {"sofa" : 1,  "begin" : 2240,  "end" : 2448 }, 
        {"sofa" : 1,  "begin" : 2449,  "end" : 2624 }, 
        {"sofa" : 1,  "begin" : 2625,  "end" : 2801 }, 
        {"sofa" : 1,  "begin" : 2802,  "end" : 2988 }, 
        {"sofa" : 1,  "begin" : 2990,  "end" : 2999 }, 
        {"sofa" : 1,  "begin" : 3000,  "end" : 3271 }, 
        {"sofa" : 1,  "begin" : 3273,  "end" : 3479 } ], 
      "Token" : [
        {"sofa" : 1,  "end" : 4 }, 
        {"sofa" : 1,  "begin" : 4,  "end" : 5 }, 
        {"sofa" : 1,  "begin" : 6,  "end" : 8 }, 
        {"sofa" : 1,  "begin" : 8,  "end" : 9 }, 
        {"sofa" : 1,  "begin" : 10,  "end" : 12 }, 
        {"sofa" : 1,  "begin" : 13,  "end" : 16 }, 
        {"sofa" : 1,  "begin" : 17,  "end" : 29 }, 
        {"sofa" : 1,  "begin" : 30,  "end" : 40 }, 
        {"sofa" : 1,  "begin" : 41,  "end" : 45 }, 
        {"sofa" : 1,  "begin" : 46,  "end" : 48 }, 
        {"sofa" : 1,  "begin" : 49,  "end" : 52 }, 
        {"sofa" : 1,  "begin" : 53,  "end" : 58 }, 
        {"sofa" : 1,  "begin" : 59,  "end" : 61 }, 
        {"sofa" : 1,  "begin" : 62,  "end" : 71 }, 
        {"sofa" : 1,  "begin" : 72,  "end" : 78 }, 
        {"sofa" : 1,  "begin" : 79,  "end" : 81 }, 
        {"sofa" : 1,  "begin" : 82,  "end" : 85 }, 
        {"sofa" : 1,  "begin" : 86,  "end" : 91 }, 
        {"sofa" : 1,  "begin" : 91,  "end" : 92 }, 
        {"sofa" : 1,  "begin" : 93,  "end" : 95 }, 
        {"sofa" : 1,  "begin" : 96,  "end" : 100 }, 
        {"sofa" : 1,  "begin" : 101,  "end" : 109 }, 
        {"sofa" : 1,  "begin" : 110,  "end" : 119 }, 
        {"sofa" : 1,  "begin" : 119,  "end" : 120 }, 
        {"sofa" : 1,  "begin" : 121,  "end" : 129 }, 
        {"sofa" : 1,  "begin" : 130,  "end" : 135 }, 
        {"sofa" : 1,  "begin" : 135,  "end" : 136 }, 
        {"sofa" : 1,  "begin" : 137,  "end" : 144 }, 
        {"sofa" : 1,  "begin" : 144,  "end" : 145 }, 
        {"sofa" : 1,  "begin" : 146,  "end" : 148 }, 
        {"sofa" : 1,  "begin" : 149,  "end" : 154 }, 
        {"sofa" : 1,  "begin" : 155,  "end" : 163 }, 
        {"sofa" : 1,  "begin" : 164,  "end" : 170 }, 
        {"sofa" : 1,  "begin" : 170,  "end" : 171 }, 
        {"sofa" : 1,  "begin" : 172,  "end" : 174 }, 
        {"sofa" : 1,  "begin" : 175,  "end" : 184 }, 
        {"sofa" : 1,  "begin" : 184,  "end" : 185 }, 
        {"sofa" : 1,  "begin" : 186,  "end" : 194 }, 
        {"sofa" : 1,  "begin" : 195,  "end" : 199 }, 
        {"sofa" : 1,  "begin" : 200,  "end" : 206 }, 
        {"sofa" : 1,  "begin" : 206,  "end" : 207 }, 
        {"sofa" : 1,  "begin" : 208,  "end" : 211 }, 
        {"sofa" : 1,  "begin" : 212,  "end" : 216 }, 
        {"sofa" : 1,  "begin" : 217,  "end" : 221 }, 
        {"sofa" : 1,  "begin" : 221,  "end" : 222 }, 
        {"sofa" : 1,  "begin" : 223,  "end" : 227 }, 
        {"sofa" : 1,  "begin" : 228,  "end" : 233 }, 
        {"sofa" : 1,  "begin" : 234,  "end" : 238 }, 
        {"sofa" : 1,  "begin" : 239,  "end" : 241 }, 
        {"sofa" : 1,  "begin" : 242,  "end" : 246 }, 
        {"sofa" : 1,  "begin" : 247,  "end" : 251 }, 
        {"sofa" : 1,  "begin" : 252,  "end" : 258 }, 
        {"sofa" : 1,  "begin" : 259,  "end" : 264 }, 
        {"sofa" : 1,  "begin" : 265,  "end" : 273 }, 
        {"sofa" : 1,  "begin" : 273,  "end" : 274 }, 
        {"sofa" : 1,  "begin" : 275,  "end" : 278 }, 
        {"sofa" : 1,  "begin" : 279,  "end" : 288 }, 
        {"sofa" : 1,  "begin" : 289,  "end" : 295 }, 
        {"sofa" : 1,  "begin" : 295,  "end" : 296 }, 
        {"sofa" : 1,  "begin" : 297,  "end" : 301 }, 
        {"sofa" : 1,  "begin" : 302,  "end" : 304 }, 
        {"sofa" : 1,  "begin" : 305,  "end" : 311 }, 
        {"sofa" : 1,  "begin" : 312,  "end" : 314 }, 
        {"sofa" : 1,  "begin" : 315,  "end" : 328 }, 
        {"sofa" : 1,  "begin" : 328,  "end" : 329 }, 
        {"sofa" : 1,  "begin" : 330,  "end" : 332 }, 
        {"sofa" : 1,  "begin" : 333,  "end" : 342 }, 
        {"sofa" : 1,  "begin" : 342,  "end" : 343 }, 
        {"sofa" : 1,  "begin" : 344,  "end" : 348 }, 
        {"sofa" : 1,  "begin" : 349,  "end" : 351 }, 
        {"sofa" : 1,  "begin" : 352,  "end" : 354 }, 
        {"sofa" : 1,  "begin" : 354,  "end" : 355 }, 
        {"sofa" : 1,  "begin" : 356,  "end" : 358 }, 
        {"sofa" : 1,  "begin" : 359,  "end" : 366 }, 
        {"sofa" : 1,  "begin" : 367,  "end" : 369 }, 
        {"sofa" : 1,  "begin" : 370,  "end" : 377 }, 
        {"sofa" : 1,  "begin" : 377,  "end" : 378 }, 
        {"sofa" : 1,  "begin" : 379,  "end" : 386 }, 
        {"sofa" : 1,  "begin" : 387,  "end" : 389 }, 
        {"sofa" : 1,  "begin" : 390,  "end" : 392 }, 
        {"sofa" : 1,  "begin" : 393,  "end" : 403 }, 
        {"sofa" : 1,  "begin" : 403,  "end" : 404 }, 
        {"sofa" : 1,  "begin" : 405,  "end" : 411 }, 
        {"sofa" : 1,  "begin" : 412,  "end" : 416 }, 
        {"sofa" : 1,  "begin" : 417,  "end" : 419 }, 
        {"sofa" : 1,  "begin" : 420,  "end" : 426 }, 
        {"sofa" : 1,  "begin" : 427,  "end" : 435 }, 
        {"sofa" : 1,  "begin" : 435,  "end" : 436 }, 
        {"sofa" : 1,  "begin" : 437,  "end" : 439 }, 
        {"sofa" : 1,  "begin" : 440,  "end" : 444 }, 
        {"sofa" : 1,  "begin" : 445,  "end" : 450 }, 
        {"sofa" : 1,  "begin" : 451,  "end" : 456 }, 
        {"sofa" : 1,  "begin" : 457,  "end" : 460 }, 
        {"sofa" : 1,  "begin" : 461,  "end" : 463 }, 
        {"sofa" : 1,  "begin" : 464,  "end" : 468 }, 
        {"sofa" : 1,  "begin" : 469,  "end" : 476 }, 
        {"sofa" : 1,  "begin" : 476,  "end" : 477 }, 
        {"sofa" : 1,  "begin" : 478,  "end" : 484 }, 
        {"sofa" : 1,  "begin" : 484,  "end" : 485 }, 
        {"sofa" : 1,  "begin" : 486,  "end" : 494 }, 
        {"sofa" : 1,  "begin" : 495,  "end" : 501 }, 
        {"sofa" : 1,  "begin" : 501,  "end" : 502 }, 
        {"sofa" : 1,  "begin" : 503,  "end" : 508 }, 
        {"sofa" : 1,  "begin" : 508,  "end" : 509 }, 
        {"sofa" : 1,  "begin" : 510,  "end" : 513 }, 
        {"sofa" : 1,  "begin" : 514,  "end" : 519 }, 
        {"sofa" : 1,  "begin" : 519,  "end" : 520 }, 
        {"sofa" : 1,  "begin" : 522,  "end" : 526 }, 
        {"sofa" : 1,  "begin" : 526,  "end" : 527 }, 
        {"sofa" : 1,  "begin" : 528,  "end" : 530 }, 
        {"sofa" : 1,  "begin" : 530,  "end" : 531 }, 
        {"sofa" : 1,  "begin" : 532,  "end" : 534 }, 
        {"sofa" : 1,  "begin" : 535,  "end" : 538 }, 
        {"sofa" : 1,  "begin" : 539,  "end" : 551 }, 
        {"sofa" : 1,  "begin" : 552,  "end" : 562 }, 
        {"sofa" : 1,  "begin" : 563,  "end" : 567 }, 
        {"sofa" : 1,  "begin" : 568,  "end" : 574 }, 
        {"sofa" : 1,  "begin" : 575,  "end" : 578 }, 
        {"sofa" : 1,  "begin" : 579,  "end" : 584 }, 
        {"sofa" : 1,  "begin" : 584,  "end" : 585 }, 
        {"sofa" : 1,  "begin" : 586,  "end" : 590 }, 
        {"sofa" : 1,  "begin" : 591,  "end" : 599 }, 
        {"sofa" : 1,  "begin" : 600,  "end" : 606 }, 
        {"sofa" : 1,  "begin" : 607,  "end" : 610 }, 
        {"sofa" : 1,  "begin" : 611,  "end" : 617 }, 
        {"sofa" : 1,  "begin" : 618,  "end" : 622 }, 
        {"sofa" : 1,  "begin" : 623,  "end" : 625 }, 
        {"sofa" : 1,  "begin" : 626,  "end" : 631 }, 
        {"sofa" : 1,  "begin" : 632,  "end" : 636 }, 
        {"sofa" : 1,  "begin" : 637,  "end" : 645 }, 
        {"sofa" : 1,  "begin" : 646,  "end" : 651 }, 
        {"sofa" : 1,  "begin" : 652,  "end" : 655 }, 
        {"sofa" : 1,  "begin" : 656,  "end" : 661 }, 
        {"sofa" : 1,  "begin" : 661,  "end" : 662 }, 
        {"sofa" : 1,  "begin" : 663,  "end" : 666 }, 
        {"sofa" : 1,  "begin" : 667,  "end" : 671 }, 
        {"sofa" : 1,  "begin" : 672,  "end" : 678 }, 
        {"sofa" : 1,  "begin" : 679,  "end" : 683 }, 
        {"sofa" : 1,  "begin" : 684,  "end" : 687 }, 
        {"sofa" : 1,  "begin" : 688,  "end" : 693 }, 
        {"sofa" : 1,  "begin" : 693,  "end" : 694 }, 
        {"sofa" : 1,  "begin" : 695,  "end" : 698 }, 
        {"sofa" : 1,  "begin" : 699,  "end" : 703 }, 
        {"sofa" : 1,  "begin" : 704,  "end" : 706 }, 
        {"sofa" : 1,  "begin" : 707,  "end" : 711 }, 
        {"sofa" : 1,  "begin" : 712,  "end" : 716 }, 
        {"sofa" : 1,  "begin" : 717,  "end" : 720 }, 
        {"sofa" : 1,  "begin" : 720,  "end" : 721 }, 
        {"sofa" : 1,  "begin" : 723,  "end" : 727 }, 
        {"sofa" : 1,  "begin" : 727,  "end" : 728 }, 
        {"sofa" : 1,  "begin" : 729,  "end" : 731 }, 
        {"sofa" : 1,  "begin" : 731,  "end" : 732 }, 
        {"sofa" : 1,  "begin" : 733,  "end" : 736 }, 
        {"sofa" : 1,  "begin" : 737,  "end" : 749 }, 
        {"sofa" : 1,  "begin" : 750,  "end" : 752 }, 
        {"sofa" : 1,  "begin" : 753,  "end" : 761 }, 
        {"sofa" : 1,  "begin" : 762,  "end" : 768 }, 
        {"sofa" : 1,  "begin" : 769,  "end" : 771 }, 
        {"sofa" : 1,  "begin" : 772,  "end" : 781 }, 
        {"sofa" : 1,  "begin" : 782,  "end" : 785 }, 
        {"sofa" : 1,  "begin" : 785,  "end" : 786 }, 
        {"sofa" : 1,  "begin" : 787,  "end" : 789 }, 
        {"sofa" : 1,  "begin" : 790,  "end" : 794 }, 
        {"sofa" : 1,  "begin" : 795,  "end" : 805 }, 
        {"sofa" : 1,  "begin" : 806,  "end" : 811 }, 
        {"sofa" : 1,  "begin" : 812,  "end" : 823 }, 
        {"sofa" : 1,  "begin" : 823,  "end" : 824 }, 
        {"sofa" : 1,  "begin" : 825,  "end" : 829 }, 
        {"sofa" : 1,  "begin" : 830,  "end" : 834 }, 
        {"sofa" : 1,  "begin" : 835,  "end" : 842 }, 
        {"sofa" : 1,  "begin" : 843,  "end" : 849 }, 
        {"sofa" : 1,  "begin" : 849,  "end" : 850 }, 
        {"sofa" : 1,  "begin" : 851,  "end" : 857 }, 
        {"sofa" : 1,  "begin" : 858,  "end" : 862 }, 
        {"sofa" : 1,  "begin" : 863,  "end" : 870 }, 
        {"sofa" : 1,  "begin" : 871,  "end" : 878 }, 
        {"sofa" : 1,  "begin" : 879,  "end" : 881 }, 
        {"sofa" : 1,  "begin" : 882,  "end" : 885 }, 
        {"sofa" : 1,  "begin" : 885,  "end" : 886 }, 
        {"sofa" : 1,  "begin" : 887,  "end" : 895 }, 
        {"sofa" : 1,  "begin" : 896,  "end" : 898 }, 
        {"sofa" : 1,  "begin" : 899,  "end" : 902 }, 
        {"sofa" : 1,  "begin" : 903,  "end" : 906 }, 
        {"sofa" : 1,  "begin" : 907,  "end" : 913 }, 
        {"sofa" : 1,  "begin" : 913,  "end" : 914 }, 
        {"sofa" : 1,  "begin" : 915,  "end" : 918 }, 
        {"sofa" : 1,  "begin" : 919,  "end" : 922 }, 
        {"sofa" : 1,  "begin" : 923,  "end" : 928 }, 
        {"sofa" : 1,  "begin" : 929,  "end" : 931 }, 
        {"sofa" : 1,  "begin" : 932,  "end" : 939 }, 
        {"sofa" : 1,  "begin" : 940,  "end" : 943 }, 
        {"sofa" : 1,  "begin" : 944,  "end" : 952 }, 
        {"sofa" : 1,  "begin" : 952,  "end" : 953 }, 
        {"sofa" : 1,  "begin" : 954,  "end" : 956 }, 
        {"sofa" : 1,  "begin" : 957,  "end" : 964 }, 
        {"sofa" : 1,  "begin" : 965,  "end" : 968 }, 
        {"sofa" : 1,  "begin" : 969,  "end" : 973 }, 
        {"sofa" : 1,  "begin" : 974,  "end" : 981 }, 
        {"sofa" : 1,  "begin" : 982,  "end" : 988 }, 
        {"sofa" : 1,  "begin" : 988,  "end" : 989 }, 
        {"sofa" : 1,  "begin" : 990,  "end" : 993 }, 
        {"sofa" : 1,  "begin" : 994,  "end" : 1001 }, 
        {"sofa" : 1,  "begin" : 1002,  "end" : 1004 }, 
        {"sofa" : 1,  "begin" : 1004,  "end" : 1005 }, 
        {"sofa" : 1,  "begin" : 1007,  "end" : 1011 }, 
        {"sofa" : 1,  "begin" : 1011,  "end" : 1012 }, 
        {"sofa" : 1,  "begin" : 1013,  "end" : 1015 }, 
        {"sofa" : 1,  "begin" : 1015,  "end" : 1016 }, 
        {"sofa" : 1,  "begin" : 1017,  "end" : 1020 }, 
        {"sofa" : 1,  "begin" : 1021,  "end" : 1030 }, 
        {"sofa" : 1,  "begin" : 1031,  "end" : 1036 }, 
        {"sofa" : 1,  "begin" : 1037,  "end" : 1039 }, 
        {"sofa" : 1,  "begin" : 1040,  "end" : 1043 }, 
        {"sofa" : 1,  "begin" : 1044,  "end" : 1053 }, 
        {"sofa" : 1,  "begin" : 1054,  "end" : 1056 }, 
        {"sofa" : 1,  "begin" : 1057,  "end" : 1061 }, 
        {"sofa" : 1,  "begin" : 1062,  "end" : 1072 }, 
        {"sofa" : 1,  "begin" : 1073,  "end" : 1077 }, 
        {"sofa" : 1,  "begin" : 1078,  "end" : 1087 }, 
        {"sofa" : 1,  "begin" : 1087,  "end" : 1088 }, 
        {"sofa" : 1,  "begin" : 1089,  "end" : 1096 }, 
        {"sofa" : 1,  "begin" : 1097,  "end" : 1102 }, 
        {"sofa" : 1,  "begin" : 1103,  "end" : 1106 }, 
        {"sofa" : 1,  "begin" : 1107,  "end" : 1110 }, 
        {"sofa" : 1,  "begin" : 1111,  "end" : 1118 }, 
        {"sofa" : 1,  "begin" : 1119,  "end" : 1121 }, 
        {"sofa" : 1,  "begin" : 1122,  "end" : 1130 }, 
        {"sofa" : 1,  "begin" : 1131,  "end" : 1135 }, 
        {"sofa" : 1,  "begin" : 1136,  "end" : 1140 }, 
        {"sofa" : 1,  "begin" : 1141,  "end" : 1143 }, 
        {"sofa" : 1,  "begin" : 1144,  "end" : 1147 }, 
        {"sofa" : 1,  "begin" : 1148,  "end" : 1153 }, 
        {"sofa" : 1,  "begin" : 1153,  "end" : 1154 }, 
        {"sofa" : 1,  "begin" : 1155,  "end" : 1159 }, 
        {"sofa" : 1,  "begin" : 1160,  "end" : 1166 }, 
        {"sofa" : 1,  "begin" : 1167,  "end" : 1171 }, 
        {"sofa" : 1,  "begin" : 1171,  "end" : 1172 }, 
        {"sofa" : 1,  "begin" : 1173,  "end" : 1177 }, 
        {"sofa" : 1,  "begin" : 1178,  "end" : 1182 }, 
        {"sofa" : 1,  "begin" : 1183,  "end" : 1186 }, 
        {"sofa" : 1,  "begin" : 1187,  "end" : 1192 }, 
        {"sofa" : 1,  "begin" : 1192,  "end" : 1193 }, 
        {"sofa" : 1,  "begin" : 1195,  "end" : 1199 }, 
        {"sofa" : 1,  "begin" : 1199,  "end" : 1200 }, 
        {"sofa" : 1,  "begin" : 1201,  "end" : 1203 }, 
        {"sofa" : 1,  "begin" : 1203,  "end" : 1204 }, 
        {"sofa" : 1,  "begin" : 1205,  "end" : 1208 }, 
        {"sofa" : 1,  "begin" : 1209,  "end" : 1218 }, 
        {"sofa" : 1,  "begin" : 1219,  "end" : 1223 }, 
        {"sofa" : 1,  "begin" : 1224,  "end" : 1230 }, 
        {"sofa" : 1,  "begin" : 1231,  "end" : 1236 }, 
        {"sofa" : 1,  "begin" : 1237,  "end" : 1239 }, 
        {"sofa" : 1,  "begin" : 1240,  "end" : 1248 }, 
        {"sofa" : 1,  "begin" : 1249,  "end" : 1251 }, 
        {"sofa" : 1,  "begin" : 1252,  "end" : 1256 }, 
        {"sofa" : 1,  "begin" : 1257,  "end" : 1262 }, 
        {"sofa" : 1,  "begin" : 1262,  "end" : 1263 }, 
        {"sofa" : 1,  "begin" : 1264,  "end" : 1266 }, 
        {"sofa" : 1,  "begin" : 1267,  "end" : 1269 }, 
        {"sofa" : 1,  "begin" : 1270,  "end" : 1276 }, 
        {"sofa" : 1,  "begin" : 1277,  "end" : 1282 }, 
        {"sofa" : 1,  "begin" : 1283,  "end" : 1292 }, 
        {"sofa" : 1,  "begin" : 1293,  "end" : 1295 }, 
        {"sofa" : 1,  "begin" : 1296,  "end" : 1299 }, 
        {"sofa" : 1,  "begin" : 1300,  "end" : 1310 }, 
        {"sofa" : 1,  "begin" : 1311,  "end" : 1313 }, 
        {"sofa" : 1,  "begin" : 1314,  "end" : 1322 }, 
        {"sofa" : 1,  "begin" : 1322,  "end" : 1323 }, 
        {"sofa" : 1,  "begin" : 1324,  "end" : 1329 }, 
        {"sofa" : 1,  "begin" : 1330,  "end" : 1332 }, 
        {"sofa" : 1,  "begin" : 1333,  "end" : 1340 }, 
        {"sofa" : 1,  "begin" : 1341,  "end" : 1345 }, 
        {"sofa" : 1,  "begin" : 1346,  "end" : 1347 }, 
        {"sofa" : 1,  "begin" : 1348,  "end" : 1356 }, 
        {"sofa" : 1,  "begin" : 1357,  "end" : 1359 }, 
        {"sofa" : 1,  "begin" : 1360,  "end" : 1365 }, 
        {"sofa" : 1,  "begin" : 1365,  "end" : 1366 }, 
        {"sofa" : 1,  "begin" : 1367,  "end" : 1372 }, 
        {"sofa" : 1,  "begin" : 1373,  "end" : 1375 }, 
        {"sofa" : 1,  "begin" : 1376,  "end" : 1378 }, 
        {"sofa" : 1,  "begin" : 1379,  "end" : 1381 }, 
        {"sofa" : 1,  "begin" : 1382,  "end" : 1388 }, 
        {"sofa" : 1,  "begin" : 1389,  "end" : 1391 }, 
        {"sofa" : 1,  "begin" : 1392,  "end" : 1398 }, 
        {"sofa" : 1,  "begin" : 1399,  "end" : 1401 }, 
        {"sofa" : 1,  "begin" : 1402,  "end" : 1405 }, 
        {"sofa" : 1,  "begin" : 1406,  "end" : 1411 }, 
        {"sofa" : 1,  "begin" : 1412,  "end" : 1414 }, 
        {"sofa" : 1,  "begin" : 1415,  "end" : 1418 }, 
        {"sofa" : 1,  "begin" : 1419,  "end" : 1423 }, 
        {"sofa" : 1,  "begin" : 1424,  "end" : 1426 }, 
        {"sofa" : 1,  "begin" : 1427,  "end" : 1431 }, 
        {"sofa" : 1,  "begin" : 1431,  "end" : 1432 }, 
        {"sofa" : 1,  "begin" : 1433,  "end" : 1436 }, 
        {"sofa" : 1,  "begin" : 1437,  "end" : 1441 }, 
        {"sofa" : 1,  "begin" : 1442,  "end" : 1450 }, 
        {"sofa" : 1,  "begin" : 1451,  "end" : 1453 }, 
        {"sofa" : 1,  "begin" : 1454,  "end" : 1461 }, 
        {"sofa" : 1,  "begin" : 1462,  "end" : 1464 }, 
        {"sofa" : 1,  "begin" : 1465,  "end" : 1468 }, 
        {"sofa" : 1,  "begin" : 1469,  "end" : 1473 }, 
        {"sofa" : 1,  "begin" : 1474,  "end" : 1476 }, 
        {"sofa" : 1,  "begin" : 1477,  "end" : 1482 }, 
        {"sofa" : 1,  "begin" : 1483,  "end" : 1492 }, 
        {"sofa" : 1,  "begin" : 1492,  "end" : 1493 }, 
        {"sofa" : 1,  "begin" : 1494,  "end" : 1497 }, 
        {"sofa" : 1,  "begin" : 1498,  "end" : 1507 }, 
        {"sofa" : 1,  "begin" : 1508,  "end" : 1517 }, 
        {"sofa" : 1,  "begin" : 1518,  "end" : 1521 }, 
        {"sofa" : 1,  "begin" : 1522,  "end" : 1528 }, 
        {"sofa" : 1,  "begin" : 1529,  "end" : 1531 }, 
        {"sofa" : 1,  "begin" : 1532,  "end" : 1540 }, 
        {"sofa" : 1,  "begin" : 1541,  "end" : 1545 }, 
        {"sofa" : 1,  "begin" : 1546,  "end" : 1548 }, 
        {"sofa" : 1,  "begin" : 1549,  "end" : 1554 }, 
        {"sofa" : 1,  "begin" : 1555,  "end" : 1557 }, 
        {"sofa" : 1,  "begin" : 1557,  "end" : 1558 }, 
        {"sofa" : 1,  "begin" : 1559,  "end" : 1567 }, 
        {"sofa" : 1,  "begin" : 1567,  "end" : 1568 }, 
        {"sofa" : 1,  "begin" : 1569,  "end" : 1572 }, 
        {"sofa" : 1,  "begin" : 1573,  "end" : 1583 }, 
        {"sofa" : 1,  "begin" : 1584,  "end" : 1586 }, 
        {"sofa" : 1,  "begin" : 1587,  "end" : 1595 }, 
        {"sofa" : 1,  "begin" : 1596,  "end" : 1598 }, 
        {"sofa" : 1,  "begin" : 1599,  "end" : 1605 }, 
        {"sofa" : 1,  "begin" : 1606,  "end" : 1612 }, 
        {"sofa" : 1,  "begin" : 1613,  "end" : 1615 }, 
        {"sofa" : 1,  "begin" : 1616,  "end" : 1619 }, 
        {"sofa" : 1,  "begin" : 1620,  "end" : 1624 }, 
        {"sofa" : 1,  "begin" : 1624,  "end" : 1625 }, 
        {"sofa" : 1,  "begin" : 1626,  "end" : 1630 }, 
        {"sofa" : 1,  "begin" : 1631,  "end" : 1633 }, 
        {"sofa" : 1,  "begin" : 1634,  "end" : 1637 }, 
        {"sofa" : 1,  "begin" : 1638,  "end" : 1643 }, 
        {"sofa" : 1,  "begin" : 1644,  "end" : 1653 }, 
        {"sofa" : 1,  "begin" : 1653,  "end" : 1654 }, 
        {"sofa" : 1,  "begin" : 1655,  "end" : 1662 }, 
        {"sofa" : 1,  "begin" : 1662,  "end" : 1663 }, 
        {"sofa" : 1,  "begin" : 1664,  "end" : 1667 }, 
        {"sofa" : 1,  "begin" : 1668,  "end" : 1678 }, 
        {"sofa" : 1,  "begin" : 1679,  "end" : 1681 }, 
        {"sofa" : 1,  "begin" : 1682,  "end" : 1690 }, 
        {"sofa" : 1,  "begin" : 1691,  "end" : 1693 }, 
        {"sofa" : 1,  "begin" : 1694,  "end" : 1698 }, 
        {"sofa" : 1,  "begin" : 1699,  "end" : 1702 }, 
        {"sofa" : 1,  "begin" : 1703,  "end" : 1709 }, 
        {"sofa" : 1,  "begin" : 1710,  "end" : 1712 }, 
        {"sofa" : 1,  "begin" : 1713,  "end" : 1716 }, 
        {"sofa" : 1,  "begin" : 1716,  "end" : 1717 }, 
        {"sofa" : 1,  "begin" : 1718,  "end" : 1723 }, 
        {"sofa" : 1,  "begin" : 1724,  "end" : 1728 }, 
        {"sofa" : 1,  "begin" : 1729,  "end" : 1732 }, 
        {"sofa" : 1,  "begin" : 1733,  "end" : 1741 }, 
        {"sofa" : 1,  "begin" : 1742,  "end" : 1746 }, 
        {"sofa" : 1,  "begin" : 1747,  "end" : 1753 }, 
        {"sofa" : 1,  "begin" : 1754,  "end" : 1757 }, 
        {"sofa" : 1,  "begin" : 1758,  "end" : 1766 }, 
        {"sofa" : 1,  "begin" : 1767,  "end" : 1777 }, 
        {"sofa" : 1,  "begin" : 1778,  "end" : 1780 }, 
        {"sofa" : 1,  "begin" : 1781,  "end" : 1784 }, 
        {"sofa" : 1,  "begin" : 1785,  "end" : 1795 }, 
        {"sofa" : 1,  "begin" : 1796,  "end" : 1798 }, 
        {"sofa" : 1,  "begin" : 1799,  "end" : 1807 }, 
        {"sofa" : 1,  "begin" : 1807,  "end" : 1808 }, 
        {"sofa" : 1,  "begin" : 1809,  "end" : 1814 }, 
        {"sofa" : 1,  "begin" : 1815,  "end" : 1817 }, 
        {"sofa" : 1,  "begin" : 1818,  "end" : 1821 }, 
        {"sofa" : 1,  "begin" : 1822,  "end" : 1825 }, 
        {"sofa" : 1,  "begin" : 1826,  "end" : 1830 }, 
        {"sofa" : 1,  "begin" : 1830,  "end" : 1831 }, 
        {"sofa" : 1,  "begin" : 1832,  "end" : 1842 }, 
        {"sofa" : 1,  "begin" : 1843,  "end" : 1845 }, 
        {"sofa" : 1,  "begin" : 1846,  "end" : 1853 }, 
        {"sofa" : 1,  "begin" : 1854,  "end" : 1858 }, 
        {"sofa" : 1,  "begin" : 1859,  "end" : 1861 }, 
        {"sofa" : 1,  "begin" : 1861,  "end" : 1862 }, 
        {"sofa" : 1,  "begin" : 1864,  "end" : 1868 }, 
        {"sofa" : 1,  "begin" : 1868,  "end" : 1869 }, 
        {"sofa" : 1,  "begin" : 1870,  "end" : 1872 }, 
        {"sofa" : 1,  "begin" : 1872,  "end" : 1873 }, 
        {"sofa" : 1,  "begin" : 1874,  "end" : 1876 }, 
        {"sofa" : 1,  "begin" : 1877,  "end" : 1880 }, 
        {"sofa" : 1,  "begin" : 1881,  "end" : 1893 }, 
        {"sofa" : 1,  "begin" : 1894,  "end" : 1896 }, 
        {"sofa" : 1,  "begin" : 1897,  "end" : 1900 }, 
        {"sofa" : 1,  "begin" : 1901,  "end" : 1905 }, 
        {"sofa" : 1,  "begin" : 1906,  "end" : 1908 }, 
        {"sofa" : 1,  "begin" : 1909,  "end" : 1913 }, 
        {"sofa" : 1,  "begin" : 1914,  "end" : 1917 }, 
        {"sofa" : 1,  "begin" : 1918,  "end" : 1922 }, 
        {"sofa" : 1,  "begin" : 1923,  "end" : 1928 }, 
        {"sofa" : 1,  "begin" : 1928,  "end" : 1929 }, 
        {"sofa" : 1,  "begin" : 1930,  "end" : 1934 }, 
        {"sofa" : 1,  "begin" : 1935,  "end" : 1937 }, 
        {"sofa" : 1,  "begin" : 1938,  "end" : 1940 }, 
        {"sofa" : 1,  "begin" : 1941,  "end" : 1945 }, 
        {"sofa" : 1,  "begin" : 1946,  "end" : 1949 }, 
        {"sofa" : 1,  "begin" : 1950,  "end" : 1952 }, 
        {"sofa" : 1,  "begin" : 1953,  "end" : 1960 }, 
        {"sofa" : 1,  "begin" : 1960,  "end" : 1961 }, 
        {"sofa" : 1,  "begin" : 1962,  "end" : 1965 }, 
        {"sofa" : 1,  "begin" : 1966,  "end" : 1968 }, 
        {"sofa" : 1,  "begin" : 1969,  "end" : 1971 }, 
        {"sofa" : 1,  "begin" : 1972,  "end" : 1977 }, 
        {"sofa" : 1,  "begin" : 1978,  "end" : 1980 }, 
        {"sofa" : 1,  "begin" : 1981,  "end" : 1984 }, 
        {"sofa" : 1,  "begin" : 1985,  "end" : 1994 }, 
        {"sofa" : 1,  "begin" : 1994,  "end" : 1995 }, 
        {"sofa" : 1,  "begin" : 1996,  "end" : 2001 }, 
        {"sofa" : 1,  "begin" : 2001,  "end" : 2002 }, 
        {"sofa" : 1,  "begin" : 2003,  "end" : 2010 }, 
        {"sofa" : 1,  "begin" : 2011,  "end" : 2014 }, 
        {"sofa" : 1,  "begin" : 2015,  "end" : 2019 }, 
        {"sofa" : 1,  "begin" : 2020,  "end" : 2022 }, 
        {"sofa" : 1,  "begin" : 2023,  "end" : 2030 }, 
        {"sofa" : 1,  "begin" : 2030,  "end" : 2031 }, 
        {"sofa" : 1,  "begin" : 2032,  "end" : 2035 }, 
        {"sofa" : 1,  "begin" : 2036,  "end" : 2043 }, 
        {"sofa" : 1,  "begin" : 2044,  "end" : 2046 }, 
        {"sofa" : 1,  "begin" : 2047,  "end" : 2055 }, 
        {"sofa" : 1,  "begin" : 2056,  "end" : 2058 }, 
        {"sofa" : 1,  "begin" : 2059,  "end" : 2062 }, 
        {"sofa" : 1,  "begin" : 2063,  "end" : 2071 }, 
        {"sofa" : 1,  "begin" : 2071,  "end" : 2072 }, 
        {"sofa" : 1,  "begin" : 2073,  "end" : 2076 }, 
        {"sofa" : 1,  "begin" : 2077,  "end" : 2084 }, 
        {"sofa" : 1,  "begin" : 2085,  "end" : 2089 }, 
        {"sofa" : 1,  "begin" : 2090,  "end" : 2093 }, 
        {"sofa" : 1,  "begin" : 2094,  "end" : 2098 }, 
        {"sofa" : 1,  "begin" : 2099,  "end" : 2101 }, 
        {"sofa" : 1,  "begin" : 2102,  "end" : 2110 }, 
        {"sofa" : 1,  "begin" : 2110,  "end" : 2111 }, 
        {"sofa" : 1,  "begin" : 2112,  "end" : 2120 }, 
        {"sofa" : 1,  "begin" : 2120,  "end" : 2121 }, 
        {"sofa" : 1,  "begin" : 2122,  "end" : 2125 }, 
        {"sofa" : 1,  "begin" : 2126,  "end" : 2130 }, 
        {"sofa" : 1,  "begin" : 2131,  "end" : 2134 }, 
        {"sofa" : 1,  "begin" : 2135,  "end" : 2139 }, 
        {"sofa" : 1,  "begin" : 2140,  "end" : 2144 }, 
        {"sofa" : 1,  "begin" : 2145,  "end" : 2151 }, 
        {"sofa" : 1,  "begin" : 2152,  "end" : 2155 }, 
        {"sofa" : 1,  "begin" : 2156,  "end" : 2163 }, 
        {"sofa" : 1,  "begin" : 2164,  "end" : 2167 }, 
        {"sofa" : 1,  "begin" : 2168,  "end" : 2176 }, 
        {"sofa" : 1,  "begin" : 2177,  "end" : 2179 }, 
        {"sofa" : 1,  "begin" : 2180,  "end" : 2183 }, 
        {"sofa" : 1,  "begin" : 2184,  "end" : 2190 }, 
        {"sofa" : 1,  "begin" : 2190,  "end" : 2191 }, 
        {"sofa" : 1,  "begin" : 2192,  "end" : 2195 }, 
        {"sofa" : 1,  "begin" : 2196,  "end" : 2201 }, 
        {"sofa" : 1,  "begin" : 2202,  "end" : 2205 }, 
        {"sofa" : 1,  "begin" : 2206,  "end" : 2215 }, 
        {"sofa" : 1,  "begin" : 2216,  "end" : 2218 }, 
        {"sofa" : 1,  "begin" : 2219,  "end" : 2227 }, 
        {"sofa" : 1,  "begin" : 2227,  "end" : 2228 }, 
        {"sofa" : 1,  "begin" : 2230,  "end" : 2234 }, 
        {"sofa" : 1,  "begin" : 2234,  "end" : 2235 }, 
        {"sofa" : 1,  "begin" : 2236,  "end" : 2238 }, 
        {"sofa" : 1,  "begin" : 2238,  "end" : 2239 }, 
        {"sofa" : 1,  "begin" : 2240,  "end" : 2243 }, 
        {"sofa" : 1,  "begin" : 2244,  "end" : 2254 }, 
        {"sofa" : 1,  "begin" : 2255,  "end" : 2261 }, 
        {"sofa" : 1,  "begin" : 2262,  "end" : 2264 }, 
        {"sofa" : 1,  "begin" : 2265,  "end" : 2267 }, 
        {"sofa" : 1,  "begin" : 2268,  "end" : 2276 }, 
        {"sofa" : 1,  "begin" : 2276,  "end" : 2277 }, 
        {"sofa" : 1,  "begin" : 2278,  "end" : 2280 }, 
        {"sofa" : 1,  "begin" : 2281,  "end" : 2284 }, 
        {"sofa" : 1,  "begin" : 2285,  "end" : 2293 }, 
        {"sofa" : 1,  "begin" : 2293,  "end" : 2294 }, 
        {"sofa" : 1,  "begin" : 2295,  "end" : 2300 }, 
        {"sofa" : 1,  "begin" : 2300,  "end" : 2301 }, 
        {"sofa" : 1,  "begin" : 2302,  "end" : 2309 }, 
        {"sofa" : 1,  "begin" : 2310,  "end" : 2313 }, 
        {"sofa" : 1,  "begin" : 2314,  "end" : 2323 }, 
        {"sofa" : 1,  "begin" : 2324,  "end" : 2326 }, 
        {"sofa" : 1,  "begin" : 2327,  "end" : 2331 }, 
        {"sofa" : 1,  "begin" : 2332,  "end" : 2342 }, 
        {"sofa" : 1,  "begin" : 2343,  "end" : 2346 }, 
        {"sofa" : 1,  "begin" : 2347,  "end" : 2351 }, 
        {"sofa" : 1,  "begin" : 2352,  "end" : 2356 }, 
        {"sofa" : 1,  "begin" : 2357,  "end" : 2360 }, 
        {"sofa" : 1,  "begin" : 2361,  "end" : 2370 }, 
        {"sofa" : 1,  "begin" : 2371,  "end" : 2373 }, 
        {"sofa" : 1,  "begin" : 2374,  "end" : 2377 }, 
        {"sofa" : 1,  "begin" : 2378,  "end" : 2382 }, 
        {"sofa" : 1,  "begin" : 2382,  "end" : 2383 }, 
        {"sofa" : 1,  "begin" : 2384,  "end" : 2387 }, 
        {"sofa" : 1,  "begin" : 2388,  "end" : 2391 }, 
        {"sofa" : 1,  "begin" : 2392,  "end" : 2397 }, 
        {"sofa" : 1,  "begin" : 2397,  "end" : 2398 }, 
        {"sofa" : 1,  "begin" : 2399,  "end" : 2402 }, 
        {"sofa" : 1,  "begin" : 2403,  "end" : 2412 }, 
        {"sofa" : 1,  "begin" : 2413,  "end" : 2417 }, 
        {"sofa" : 1,  "begin" : 2418,  "end" : 2428 }, 
        {"sofa" : 1,  "begin" : 2429,  "end" : 2432 }, 
        {"sofa" : 1,  "begin" : 2433,  "end" : 2437 }, 
        {"sofa" : 1,  "begin" : 2438,  "end" : 2441 }, 
        {"sofa" : 1,  "begin" : 2442,  "end" : 2447 }, 
        {"sofa" : 1,  "begin" : 2447,  "end" : 2448 }, 
        {"sofa" : 1,  "begin" : 2449,  "end" : 2457 }, 
        {"sofa" : 1,  "begin" : 2457,  "end" : 2458 }, 
        {"sofa" : 1,  "begin" : 2459,  "end" : 2466 }, 
        {"sofa" : 1,  "begin" : 2467,  "end" : 2472 }, 
        {"sofa" : 1,  "begin" : 2473,  "end" : 2476 }, 
        {"sofa" : 1,  "begin" : 2477,  "end" : 2486 }, 
        {"sofa" : 1,  "begin" : 2487,  "end" : 2489 }, 
        {"sofa" : 1,  "begin" : 2490,  "end" : 2494 }, 
        {"sofa" : 1,  "begin" : 2495,  "end" : 2505 }, 
        {"sofa" : 1,  "begin" : 2506,  "end" : 2512 }, 
        {"sofa" : 1,  "begin" : 2513,  "end" : 2515 }, 
        {"sofa" : 1,  "begin" : 2516,  "end" : 2520 }, 
        {"sofa" : 1,  "begin" : 2521,  "end" : 2532 }, 
        {"sofa" : 1,  "begin" : 2532,  "end" : 2533 }, 
        {"sofa" : 1,  "begin" : 2534,  "end" : 2538 }, 
        {"sofa" : 1,  "begin" : 2539,  "end" : 2542 }, 
        {"sofa" : 1,  "begin" : 2543,  "end" : 2547 }, 
        {"sofa" : 1,  "begin" : 2547,  "end" : 2548 }, 
        {"sofa" : 1,  "begin" : 2549,  "end" : 2554 }, 
        {"sofa" : 1,  "begin" : 2555,  "end" : 2559 }, 
        {"sofa" : 1,  "begin" : 2560,  "end" : 2566 }, 
        {"sofa" : 1,  "begin" : 2567,  "end" : 2569 }, 
        {"sofa" : 1,  "begin" : 2570,  "end" : 2574 }, 
        {"sofa" : 1,  "begin" : 2575,  "end" : 2581 }, 
        {"sofa" : 1,  "begin" : 2582,  "end" : 2584 }, 
        {"sofa" : 1,  "begin" : 2585,  "end" : 2592 }, 
        {"sofa" : 1,  "begin" : 2593,  "end" : 2597 }, 
        {"sofa" : 1,  "begin" : 2598,  "end" : 2601 }, 
        {"sofa" : 1,  "begin" : 2602,  "end" : 2604 }, 
        {"sofa" : 1,  "begin" : 2605,  "end" : 2608 }, 
        {"sofa" : 1,  "begin" : 2609,  "end" : 2614 }, 
        {"sofa" : 1,  "begin" : 2615,  "end" : 2623 }, 
        {"sofa" : 1,  "begin" : 2623,  "end" : 2624 }, 
        {"sofa" : 1,  "begin" : 2625,  "end" : 2632 }, 
        {"sofa" : 1,  "begin" : 2632,  "end" : 2633 }, 
        {"sofa" : 1,  "begin" : 2634,  "end" : 2641 }, 
        {"sofa" : 1,  "begin" : 2642,  "end" : 2644 }, 
        {"sofa" : 1,  "begin" : 2645,  "end" : 2649 }, 
        {"sofa" : 1,  "begin" : 2650,  "end" : 2660 }, 
        {"sofa" : 1,  "begin" : 2660,  "end" : 2661 }, 
        {"sofa" : 1,  "begin" : 2662,  "end" : 2665 }, 
        {"sofa" : 1,  "begin" : 2666,  "end" : 2674 }, 
        {"sofa" : 1,  "begin" : 2675,  "end" : 2682 }, 
        {"sofa" : 1,  "begin" : 2683,  "end" : 2685 }, 
        {"sofa" : 1,  "begin" : 2686,  "end" : 2689 }, 
        {"sofa" : 1,  "begin" : 2690,  "end" : 2697 }, 
        {"sofa" : 1,  "begin" : 2698,  "end" : 2703 }, 
        {"sofa" : 1,  "begin" : 2704,  "end" : 2707 }, 
        {"sofa" : 1,  "begin" : 2708,  "end" : 2713 }, 
        {"sofa" : 1,  "begin" : 2713,  "end" : 2714 }, 
        {"sofa" : 1,  "begin" : 2715,  "end" : 2718 }, 
        {"sofa" : 1,  "begin" : 2719,  "end" : 2721 }, 
        {"sofa" : 1,  "begin" : 2722,  "end" : 2725 }, 
        {"sofa" : 1,  "begin" : 2726,  "end" : 2732 }, 
        {"sofa" : 1,  "begin" : 2733,  "end" : 2740 }, 
        {"sofa" : 1,  "begin" : 2741,  "end" : 2743 }, 
        {"sofa" : 1,  "begin" : 2744,  "end" : 2747 }, 
        {"sofa" : 1,  "begin" : 2748,  "end" : 2753 }, 
        {"sofa" : 1,  "begin" : 2753,  "end" : 2754 }, 
        {"sofa" : 1,  "begin" : 2755,  "end" : 2758 }, 
        {"sofa" : 1,  "begin" : 2759,  "end" : 2763 }, 
        {"sofa" : 1,  "begin" : 2764,  "end" : 2769 }, 
        {"sofa" : 1,  "begin" : 2770,  "end" : 2773 }, 
        {"sofa" : 1,  "begin" : 2774,  "end" : 2782 }, 
        {"sofa" : 1,  "begin" : 2783,  "end" : 2787 }, 
        {"sofa" : 1,  "begin" : 2788,  "end" : 2790 }, 
        {"sofa" : 1,  "begin" : 2791,  "end" : 2794 }, 
        {"sofa" : 1,  "begin" : 2795,  "end" : 2800 }, 
        {"sofa" : 1,  "begin" : 2800,  "end" : 2801 }, 
        {"sofa" : 1,  "begin" : 2802,  "end" : 2805 }, 
        {"sofa" : 1,  "begin" : 2806,  "end" : 2812 }, 
        {"sofa" : 1,  "begin" : 2813,  "end" : 2815 }, 
        {"sofa" : 1,  "begin" : 2815,  "end" : 2816 }, 
        {"sofa" : 1,  "begin" : 2817,  "end" : 2820 }, 
        {"sofa" : 1,  "begin" : 2821,  "end" : 2825 }, 
        {"sofa" : 1,  "begin" : 2826,  "end" : 2831 }, 
        {"sofa" : 1,  "begin" : 2832,  "end" : 2840 }, 
        {"sofa" : 1,  "begin" : 2841,  "end" : 2843 }, 
        {"sofa" : 1,  "begin" : 2844,  "end" : 2847 }, 
        {"sofa" : 1,  "begin" : 2848,  "end" : 2855 }, 
        {"sofa" : 1,  "begin" : 2856,  "end" : 2859 }, 
        {"sofa" : 1,  "begin" : 2860,  "end" : 2867 }, 
        {"sofa" : 1,  "begin" : 2867,  "end" : 2868 }, 
        {"sofa" : 1,  "begin" : 2869,  "end" : 2874 }, 
        {"sofa" : 1,  "begin" : 2875,  "end" : 2880 }, 
        {"sofa" : 1,  "begin" : 2881,  "end" : 2887 }, 
        {"sofa" : 1,  "begin" : 2887,  "end" : 2888 }, 
        {"sofa" : 1,  "begin" : 2889,  "end" : 2892 }, 
        {"sofa" : 1,  "begin" : 2893,  "end" : 2898 }, 
        {"sofa" : 1,  "begin" : 2899,  "end" : 2903 }, 
        {"sofa" : 1,  "begin" : 2904,  "end" : 2910 }, 
        {"sofa" : 1,  "begin" : 2911,  "end" : 2913 }, 
        {"sofa" : 1,  "begin" : 2914,  "end" : 2919 }, 
        {"sofa" : 1,  "begin" : 2920,  "end" : 2922 }, 
        {"sofa" : 1,  "begin" : 2922,  "end" : 2923 }, 
        {"sofa" : 1,  "begin" : 2924,  "end" : 2929 }, 
        {"sofa" : 1,  "begin" : 2930,  "end" : 2932 }, 
        {"sofa" : 1,  "begin" : 2933,  "end" : 2938 }, 
        {"sofa" : 1,  "begin" : 2939,  "end" : 2941 }, 
        {"sofa" : 1,  "begin" : 2942,  "end" : 2951 }, 
        {"sofa" : 1,  "begin" : 2951,  "end" : 2952 }, 
        {"sofa" : 1,  "begin" : 2953,  "end" : 2956 }, 
        {"sofa" : 1,  "begin" : 2957,  "end" : 2960 }, 
        {"sofa" : 1,  "begin" : 2961,  "end" : 2965 }, 
        {"sofa" : 1,  "begin" : 2966,  "end" : 2968 }, 
        {"sofa" : 1,  "begin" : 2969,  "end" : 2971 }, 
        {"sofa" : 1,  "begin" : 2972,  "end" : 2976 }, 
        {"sofa" : 1,  "begin" : 2977,  "end" : 2987 }, 
        {"sofa" : 1,  "begin" : 2987,  "end" : 2988 }, 
        {"sofa" : 1,  "begin" : 2990,  "end" : 2994 }, 
        {"sofa" : 1,  "begin" : 2994,  "end" : 2995 }, 
        {"sofa" : 1,  "begin" : 2996,  "end" : 2998 }, 
        {"sofa" : 1,  "begin" : 2998,  "end" : 2999 }, 
        {"sofa" : 1,  "begin" : 3000,  "end" : 3003 }, 
        {"sofa" : 1,  "begin" : 3004,  "end" : 3010 }, 
        {"sofa" : 1,  "begin" : 3011,  "end" : 3015 }, 
        {"sofa" : 1,  "begin" : 3016,  "end" : 3019 }, 
        {"sofa" : 1,  "begin" : 3020,  "end" : 3024 }, 
        {"sofa" : 1,  "begin" : 3025,  "end" : 3035 }, 
        {"sofa" : 1,  "begin" : 3036,  "end" : 3038 }, 
        {"sofa" : 1,  "begin" : 3039,  "end" : 3049 }, 
        {"sofa" : 1,  "begin" : 3050,  "end" : 3053 }, 
        {"sofa" : 1,  "begin" : 3054,  "end" : 3062 }, 
        {"sofa" : 1,  "begin" : 3063,  "end" : 3069 }, 
        {"sofa" : 1,  "begin" : 3070,  "end" : 3074 }, 
        {"sofa" : 1,  "begin" : 3075,  "end" : 3078 }, 
        {"sofa" : 1,  "begin" : 3079,  "end" : 3086 }, 
        {"sofa" : 1,  "begin" : 3086,  "end" : 3087 }, 
        {"sofa" : 1,  "begin" : 3088,  "end" : 3090 }, 
        {"sofa" : 1,  "begin" : 3091,  "end" : 3093 }, 
        {"sofa" : 1,  "begin" : 3094,  "end" : 3097 }, 
        {"sofa" : 1,  "begin" : 3098,  "end" : 3104 }, 
        {"sofa" : 1,  "begin" : 3105,  "end" : 3111 }, 
        {"sofa" : 1,  "begin" : 3112,  "end" : 3122 }, 
        {"sofa" : 1,  "begin" : 3122,  "end" : 3123 }, 
        {"sofa" : 1,  "begin" : 3124,  "end" : 3127 }, 
        {"sofa" : 1,  "begin" : 3128,  "end" : 3132 }, 
        {"sofa" : 1,  "begin" : 3133,  "end" : 3138 }, 
        {"sofa" : 1,  "begin" : 3139,  "end" : 3149 }, 
        {"sofa" : 1,  "begin" : 3149,  "end" : 3150 }, 
        {"sofa" : 1,  "begin" : 3151,  "end" : 3154 }, 
        {"sofa" : 1,  "begin" : 3155,  "end" : 3162 }, 
        {"sofa" : 1,  "begin" : 3163,  "end" : 3165 }, 
        {"sofa" : 1,  "begin" : 3166,  "end" : 3169 }, 
        {"sofa" : 1,  "begin" : 3170,  "end" : 3175 }, 
        {"sofa" : 1,  "begin" : 3175,  "end" : 3176 }, 
        {"sofa" : 1,  "begin" : 3177,  "end" : 3183 }, 
        {"sofa" : 1,  "begin" : 3184,  "end" : 3187 }, 
        {"sofa" : 1,  "begin" : 3188,  "end" : 3198 }, 
        {"sofa" : 1,  "begin" : 3199,  "end" : 3206 }, 
        {"sofa" : 1,  "begin" : 3206,  "end" : 3207 }, 
        {"sofa" : 1,  "begin" : 3208,  "end" : 3211 }, 
        {"sofa" : 1,  "begin" : 3212,  "end" : 3216 }, 
        {"sofa" : 1,  "begin" : 3217,  "end" : 3220 }, 
        {"sofa" : 1,  "begin" : 3221,  "end" : 3228 }, 
        {"sofa" : 1,  "begin" : 3229,  "end" : 3231 }, 
        {"sofa" : 1,  "begin" : 3232,  "end" : 3235 }, 
        {"sofa" : 1,  "begin" : 3236,  "end" : 3242 }, 
        {"sofa" : 1,  "begin" : 3243,  "end" : 3246 }, 
        {"sofa" : 1,  "begin" : 3247,  "end" : 3256 }, 
        {"sofa" : 1,  "begin" : 3257,  "end" : 3259 }, 
        {"sofa" : 1,  "begin" : 3260,  "end" : 3267 }, 
        {"sofa" : 1,  "begin" : 3268,  "end" : 3270 }, 
        {"sofa" : 1,  "begin" : 3270,  "end" : 3271 }, 
        {"sofa" : 1,  "begin" : 3273,  "end" : 3276 }, 
        {"sofa" : 1,  "begin" : 3277,  "end" : 3283 }, 
        {"sofa" : 1,  "begin" : 3284,  "end" : 3288 }, 
        {"sofa" : 1,  "begin" : 3289,  "end" : 3292 }, 
        {"sofa" : 1,  "begin" : 3293,  "end" : 3297 }, 
        {"sofa" : 1,  "begin" : 3298,  "end" : 3308 }, 
        {"sofa" : 1,  "begin" : 3309,  "end" : 3311 }, 
        {"sofa" : 1,  "begin" : 3312,  "end" : 3322 }, 
        {"sofa" : 1,  "begin" : 3323,  "end" : 3326 }, 
        {"sofa" : 1,  "begin" : 3327,  "end" : 3335 }, 
        {"sofa" : 1,  "begin" : 3336,  "end" : 3342 }, 
        {"sofa" : 1,  "begin" : 3343,  "end" : 3347 }, 
        {"sofa" : 1,  "begin" : 3348,  "end" : 3351 }, 
        {"sofa" : 1,  "begin" : 3352,  "end" : 3359 }, 
        {"sofa" : 1,  "begin" : 3360,  "end" : 3366 }, 
        {"sofa" : 1,  "begin" : 3367,  "end" : 3369 }, 
        {"sofa" : 1,  "begin" : 3370,  "end" : 3376 }, 
        {"sofa" : 1,  "begin" : 3376,  "end" : 3377 }, 
        {"sofa" : 1,  "begin" : 3378,  "end" : 3380 }, 
        {"sofa" : 1,  "begin" : 3381,  "end" : 3387 }, 
        {"sofa" : 1,  "begin" : 3388,  "end" : 3392 }, 
        {"sofa" : 1,  "begin" : 3393,  "end" : 3396 }, 
        {"sofa" : 1,  "begin" : 3397,  "end" : 3402 }, 
        {"sofa" : 1,  "begin" : 3403,  "end" : 3409 }, 
        {"sofa" : 1,  "begin" : 3410,  "end" : 3414 }, 
        {"sofa" : 1,  "begin" : 3415,  "end" : 3418 }, 
        {"sofa" : 1,  "begin" : 3418,  "end" : 3419 }, 
        {"sofa" : 1,  "begin" : 3420,  "end" : 3423 }, 
        {"sofa" : 1,  "begin" : 3424,  "end" : 3427 }, 
        {"sofa" : 1,  "begin" : 3428,  "end" : 3435 }, 
        {"sofa" : 1,  "begin" : 3436,  "end" : 3444 }, 
        {"sofa" : 1,  "begin" : 3445,  "end" : 3448 }, 
        {"sofa" : 1,  "begin" : 3448,  "end" : 3449 }, 
        {"sofa" : 1,  "begin" : 3450,  "end" : 3453 }, 
        {"sofa" : 1,  "begin" : 3454,  "end" : 3458 }, 
        {"sofa" : 1,  "begin" : 3459,  "end" : 3470 }, 
        {"sofa" : 1,  "begin" : 3471,  "end" : 3478 }, 
        {"sofa" : 1,  "begin" : 3478,  "end" : 3479 } ] } }, 
  "_referenced_fss" : {
    "1" : {"_type" : "Sofa",  "sofaNum" : 1,  "sofaID" : "_InitialView",  "mimeType" : "text",  "sofaString" : "CHAP. 12.\nIF the putrefaction proceedeth most of the earth or\nvppermost partes of the earth, as from stinking channells, standing\nlakes, priuyes, or other polluted places, as dunghills, vncleane kept houses,\nand such like, then there will be felt many sudden great stinches, and\nvnsauerie smells, such as cannot be distinguished, or discerned,\nwhat it is, or whereof it commeth, because it is confounded, beeing made of\ndiuers stinches: in that yeare there wil be many frogges, toades, venemous\nwormes, fleas, and flyes.\n\nCHAP. 13.\nIF the putrefaction proceedeth from within the earth, then\nvenemous beasts and wormes will be seene more commonly aboue the earth,\nand will breede vpon the earth, and many of them will die.\n\nCHAP. 14.\nTHe putrefaction or virulent matter of infection now, is from\ncelestiall orbes principally, also from corrupt places, partly from\ncorrupt humours in man, begotten by the two former, and ill order in feeding\nand sleeping, in idlenes and late walking abroad, and sitting vp.\n\nCHAP. 15.\nTHe infection taken at the nostrills is more daungerous then\notherwise, because there are two organes or passages that lead to the\nheart, from thence more, then from the mouth.\n\nCHAP. 16.\nTHe putrified aire cannot passe so speedily to mans\nheart, as to diuers other creatures by the instrument of smelling, which\nis couered with a pellicle or filme, which is to be lifted vp before he can\nsmell by the ayre or fume: and that pellicle is grosser in man then in\nother creatures: and therefore requireth the hotter or stronger fume to\nmooue it. Secondly, the instrument of smelling is placed deeper in the\nhead, then in any other creatures. Thirdly, the instrument of smelling is\nnigh the braine in man, which with the moysture doth hinder the naturall\ncomplexion of the instrument of smelling, which is hot and drie,\nattractiue or drawing vnto it.\n\nCHAP. 17.\nIF the putrefaction in the ayre be more hot then moist, then\nit is more apt to destroy, and to be taken by the nostrills: first,\nbecause the heat is subtile, and passeth vp speedily to the\npellicle, and mooueth with the fume or moisture. Secondly, for that the heat\ndoth resist the coldnes and moisture of the braine, the which are\nhinderers of smelling.\n\nCHAP. 18.\nThe complexion aptest to be infected, is the sanguine,\nfirst, because the qualities in that complexion are\nlike vnto the qualities in the ayre, hot and moist, and therefore doth\nentertaine the ayre the apter. Secondly, because these two qualities in\nthis complexion maketh it more conuertible, like the ayre, which will sooner\nbe made hotter or moister then any of the other elements. Thirdly, because\nin this complexion, the passages leading to the humours about the heart,\nand to the vitall spirits in the heart, are more large and spatious then in\nany other. The reason is, for that blood naturall is not without his\nvapours, which cause motion, and where most motion of blood is, there is\ncause of extention, and the same is in this complexion.\n\nCHAP. 19.\nThe aptest time for this complexion to entertaine the\nvirulent matter into the humours, is in the former spring especially: for\nthen blood increaseth, and passeth vp and downe, beeing not thoroughly\nrefined, and made the readier by his motion and impuritie to receiue it.\n\nThe aptest time for this complexion to entertaine the\nvirulent matter into the spirits vitall is sommer, by reason that the\nblood beeing made hot, and the spirits likewise hot, and ayre continually\nheating." }, 
    "9265" : {"_type" : "Span",  "sofa" : 1,  "begin" : 101,  "end" : 109,  "label" : "Smell_Word" }, 
    "9260" : {"_type" : "Span",  "sofa" : 1,  "begin" : 101,  "end" : 109,  "label" : "Quality" }, 
    "9277" : {"_type" : "Span",  "sofa" : 1,  "begin" : 110,  "end" : 119,  "label" : "Smell_Source" }, 
    "9333" : {"_type" : "Span",  "sofa" : 1,  "begin" : 149,  "end" : 170,  "label" : "Smell_Source" }, 
    "9323" : {"_type" : "Span",  "sofa" : 1,  "begin" : 121,  "end" : 135,  "label" : "Smell_Source" }, 
    "9328" : {"_type" : "Span",  "sofa" : 1,  "begin" : 137,  "end" : 144,  "label" : "Smell_Source" }, 
    "9359" : {"_type" : "Span",  "sofa" : 1,  "begin" : 175,  "end" : 184,  "label" : "Smell_Source" }, 
    "9364" : {"_type" : "Span",  "sofa" : 1,  "begin" : 186,  "end" : 206,  "label" : "Smell_Source" }, 
    "9289" : {"_type" : "Span",  "sofa" : 1,  "begin" : 265,  "end" : 273,  "label" : "Smell_Word" }, 
    "9304" : {"_type" : "Span",  "sofa" : 1,  "begin" : 259,  "end" : 264,  "label" : "Quality" }, 
    "9386" : {"_type" : "Span",  "sofa" : 1,  "begin" : 297,  "end" : 342,  "label" : "Effect" }, 
    "9299" : {"_type" : "Span",  "sofa" : 1,  "begin" : 289,  "end" : 295,  "label" : "Smell_Word" }, 
    "9294" : {"_type" : "Span",  "sofa" : 1,  "begin" : 279,  "end" : 288,  "label" : "Quality" }, 
    "9369" : {"_type" : "Span",  "sofa" : 1,  "begin" : 427,  "end" : 435,  "label" : "Smell_Word" }, 
    "9374" : {"_type" : "Span",  "sofa" : 1,  "begin" : 420,  "end" : 426,  "label" : "Quality" }, 
    "9405" : {"_type" : "Span",  "sofa" : 1,  "begin" : 437,  "end" : 450,  "label" : "Time" }, 
    "9437" : {"_type" : "Span",  "sofa" : 1,  "begin" : 514,  "end" : 519,  "label" : "Smell_Source" }, 
    "9432" : {"_type" : "Span",  "sofa" : 1,  "begin" : 503,  "end" : 508,  "label" : "Smell_Source" }, 
    "9427" : {"_type" : "Span",  "sofa" : 1,  "begin" : 486,  "end" : 501,  "label" : "Smell_Source" }, 
    "9422" : {"_type" : "Span",  "sofa" : 1,  "begin" : 478,  "end" : 484,  "label" : "Smell_Source" }, 
    "9417" : {"_type" : "Span",  "sofa" : 1,  "begin" : 464,  "end" : 476,  "label" : "Smell_Source" }, 
    "9482" : {"_type" : "Span",  "sofa" : 1,  "begin" : 1314,  "end" : 1322,  "label" : "Smell_Word" }, 
    "9487" : {"_type" : "Span",  "sofa" : 1,  "begin" : 1205,  "end" : 1223,  "label" : "Smell_Source" }, 
    "9499" : {"_type" : "Span",  "sofa" : 1,  "begin" : 1406,  "end" : 1411,  "label" : "Smell_Word" }, 
    "9504" : {"_type" : "Span",  "sofa" : 1,  "begin" : 1399,  "end" : 1401,  "label" : "Perceiver" }, 
    "9516" : {"_type" : "Span",  "sofa" : 1,  "begin" : 1412,  "end" : 1423,  "label" : "Odour_Carrier" }, 
    "9521" : {"_type" : "Span",  "sofa" : 1,  "begin" : 1427,  "end" : 1431,  "label" : "Odour_Carrier" }, 
    "9570" : {"_type" : "Span",  "sofa" : 1,  "begin" : 1881,  "end" : 1893,  "label" : "Smell_Word" }, 
    "9565" : {"_type" : "Span",  "sofa" : 1,  "begin" : 1978,  "end" : 1994,  "label" : "Perceiver" }, 
    "9582" : {"_type" : "Span",  "sofa" : 1,  "begin" : 1894,  "end" : 1905,  "label" : "Odour_Carrier" }, 
    "9594" : {"_type" : "Span",  "sofa" : 1,  "begin" : 1906,  "end" : 1928,  "label" : "Circumstances" }, 
    "9606" : {"_type" : "Span",  "sofa" : 1,  "begin" : 2219,  "end" : 2227,  "label" : "Smell_Word" }, 
    "9611" : {"_type" : "Span",  "sofa" : 1,  "begin" : 2131,  "end" : 2139,  "label" : "Circumstances" } } }