#FORMAT=WebAnno TSV 3.3


#Text=, want een geduurige scheemering maakt deeze nacht uit.
1-1	2-3	,	
1-2	4-8	want	
1-3	9-12	een	
1-4	13-22	geduurige	
1-5	23-34	scheemering	
1-6	35-40	maakt	
1-7	41-46	deeze	
1-8	47-52	nacht	
1-9	53-56	uit	
1-10	56-57	.	

#Text=Gelijk
#Text=
#Text=
#Text=
#Text=
#Text=
#Text=
#Text=
#Text=
#Text=
#Text=+en strenge koude.
2-1	58-64	Gelijk	
2-2	74-75	+	
2-3	75-77	en	
2-4	78-85	strenge	
2-5	86-91	koude	
2-6	91-92	.	

#Text=+t Noorderlicht, een
#Text=
#Text=
#Text=
#Text=de dagen des Winters zeer kort zijn, zoo zijn er de nachten mede zeer lang;
#Text=
#Text=wanneer er alsdan de natuur deeze zeldzaamheit uitwerkt:
#Text=Als t nieuwe Maan is, 
#Text=of staat te worden,
#Text=
#Text=
#Text=scheemering by nacht.
3-1	102-103	+	
3-2	103-104	t	
3-3	105-117	Noorderlicht	
3-4	117-118	,	
3-5	119-122	een	
3-6	126-128	de	
3-7	129-134	dagen	
3-8	135-138	des	
3-9	139-146	Winters	
3-10	147-151	zeer	
3-11	152-156	kort	
3-12	157-161	zijn	
3-13	161-162	,	
3-14	163-166	zoo	
3-15	167-171	zijn	
3-16	172-174	er	
3-17	175-177	de	
3-18	178-185	nachten	
3-19	186-190	mede	
3-20	191-195	zeer	
3-21	196-200	lang	
3-22	200-201	;	
3-23	203-210	wanneer	
3-24	211-213	er	
3-25	214-220	alsdan	
3-26	221-223	de	
3-27	224-230	natuur	
3-28	231-236	deeze	
3-29	237-249	zeldzaamheit	
3-30	250-258	uitwerkt	
3-31	258-259	:	
3-32	260-263	Als	
3-33	264-265	t	
3-34	266-272	nieuwe	
3-35	273-277	Maan	
3-36	278-280	is	
3-37	280-281	,	
3-38	283-285	of	
3-39	286-291	staat	
3-40	292-294	te	
3-41	295-301	worden	
3-42	301-302	,	
3-43	305-316	scheemering	
3-44	317-319	by	
3-45	320-325	nacht	
3-46	325-326	.	

#Text=vertoont er zich een licht, byna als of de Maan vol was, en hoe donkerder deeze 
#Text=nachten zijn, zoo veel te helderder dit licht schijnt.
4-1	334-342	vertoont	
4-2	343-345	er	
4-3	346-350	zich	
4-4	351-354	een	
4-5	355-360	licht	
4-6	360-361	,	
4-7	362-366	byna	
4-8	367-370	als	
4-9	371-373	of	
4-10	374-376	de	
4-11	377-381	Maan	
4-12	382-385	vol	
4-13	386-389	was	
4-14	389-390	,	
4-15	391-393	en	
4-16	394-397	hoe	
4-17	398-407	donkerder	
4-18	408-413	deeze	
4-19	415-422	nachten	
4-20	423-427	zijn	
4-21	427-428	,	
4-22	429-432	zoo	
4-23	433-437	veel	
4-24	438-440	te	
4-25	441-450	helderder	
4-26	451-454	dit	
4-27	455-460	licht	
4-28	461-468	schijnt	
4-29	468-469	.	

#Text=Dit licht komt uit het Noorden, 
#Text=waarom het een Noorderlicht word genoemt.
#Text=t Vertoont zich als een schijnsel van 
#Text=Vuur, strekkende opwaarts in de lucht uit.
5-1	470-473	Dit	
5-2	474-479	licht	
5-3	480-484	komt	
5-4	485-488	uit	
5-5	489-492	het	
5-6	493-500	Noorden	
5-7	500-501	,	
5-8	503-509	waarom	
5-9	510-513	het	
5-10	514-517	een	
5-11	518-530	Noorderlicht	
5-12	531-535	word	
5-13	536-543	genoemt	
5-14	543-544	.	
5-15	545-546	t	
5-16	547-555	Vertoont	
5-17	556-560	zich	
5-18	561-564	als	
5-19	565-568	een	
5-20	569-578	schijnsel	
5-21	579-582	van	
5-22	584-588	Vuur	
5-23	588-589	,	
5-24	590-600	strekkende	
5-25	601-609	opwaarts	
5-26	610-612	in	
5-27	613-615	de	
5-28	616-621	lucht	
5-29	622-625	uit	
5-30	625-626	.	

#Text=Het verandert allenks van plaats, latende 
#Text=telkens een damp achter.
6-1	627-630	Het	
6-2	631-640	verandert	
6-3	641-648	allenks	
6-4	649-652	van	
6-5	653-659	plaats	
6-6	659-660	,	
6-7	661-668	latende	
6-8	670-677	telkens	
6-9	678-681	een	
6-10	682-686	damp	
6-11	687-693	achter	
6-12	693-694	.	

#Text=Dit Noorderlicht schijnt de gantsche nacht, en verdwijnt 
#Text=met de opgaande Zon.
7-1	695-698	Dit	
7-2	699-711	Noorderlicht	
7-3	712-719	schijnt	
7-4	720-722	de	
7-5	723-731	gantsche	
7-6	732-737	nacht	
7-7	737-738	,	
7-8	739-741	en	
7-9	742-751	verdwijnt	
7-10	753-756	met	
7-11	757-759	de	
7-12	760-768	opgaande	
7-13	769-772	Zon	
7-14	772-773	.	

#Text=Men verzekert dat dit licht insgelijks in Yslandt en Noorwegen 
#Text=gezien word, wanneer t helder weer is, en de lucht door geen nevels betrokken.
8-1	774-777	Men	
8-2	778-787	verzekert	
8-3	788-791	dat	
8-4	792-795	dit	
8-5	796-801	licht	
8-6	802-812	insgelijks	
8-7	813-815	in	
8-8	816-823	Yslandt	
8-9	824-826	en	
8-10	827-836	Noorwegen	
8-11	838-844	gezien	
8-12	845-849	word	
8-13	849-850	,	
8-14	851-858	wanneer	
8-15	859-860	t	
8-16	861-867	helder	
8-17	868-872	weer	
8-18	873-875	is	
8-19	875-876	,	
8-20	877-879	en	
8-21	880-882	de	
8-22	883-888	lucht	
8-23	889-893	door	
8-24	894-898	geen	
8-25	899-905	nevels	
8-26	906-915	betrokken	
8-27	915-916	.	

#Text=Het 
#Text=verlicht dan alleen die geenen, die de Gewesten van den Circulus Arcticus bewoonen.
9-1	917-920	Het	
9-2	922-930	verlicht	
9-3	931-934	dan	
9-4	935-941	alleen	
9-5	942-945	die	
9-6	946-952	geenen	
9-7	952-953	,	
9-8	954-957	die	
9-9	958-960	de	
9-10	961-969	Gewesten	
9-11	970-973	van	
9-12	974-977	den	
9-13	978-986	Circulus	
9-14	987-995	Arcticus	
9-15	996-1004	bewoonen	
9-16	1004-1005	.	

#Text=t Staat
#Text=den Natuurkundigen
#Text=tonderzoeken, waar uit dit verschijnsel zijnen ooirsprong 
#Text=heeft, en of het uit de opgeheven dampen der aarde, die door haare beweeging 
#Text=ontsteken, voortkomt, met zodanig een snelte als de ontsteeken verhevelingen die 
#Text=gints en herwaarts uit de lucht vallen, of als dwaallichten die zich elders vertoonen.
10-1	1007-1008	t	
10-2	1009-1014	Staat	
10-3	1015-1018	den	
10-4	1019-1033	Natuurkundigen	
10-5	1034-1046	tonderzoeken	
10-6	1046-1047	,	
10-7	1048-1052	waar	
10-8	1053-1056	uit	
10-9	1057-1060	dit	
10-10	1061-1073	verschijnsel	
10-11	1074-1080	zijnen	
10-12	1081-1091	ooirsprong	
10-13	1093-1098	heeft	
10-14	1098-1099	,	
10-15	1100-1102	en	
10-16	1103-1105	of	
10-17	1106-1109	het	
10-18	1110-1113	uit	
10-19	1114-1116	de	
10-20	1117-1126	opgeheven	
10-21	1127-1133	dampen	
10-22	1134-1137	der	
10-23	1138-1143	aarde	
10-24	1143-1144	,	
10-25	1145-1148	die	
10-26	1149-1153	door	
10-27	1154-1159	haare	
10-28	1160-1169	beweeging	
10-29	1171-1180	ontsteken	
10-30	1180-1181	,	
10-31	1182-1191	voortkomt	
10-32	1191-1192	,	
10-33	1193-1196	met	
10-34	1197-1204	zodanig	
10-35	1205-1208	een	
10-36	1209-1215	snelte	
10-37	1216-1219	als	
10-38	1220-1222	de	
10-39	1223-1233	ontsteeken	
10-40	1234-1247	verhevelingen	
10-41	1248-1251	die	
10-42	1253-1258	gints	
10-43	1259-1261	en	
10-44	1262-1271	herwaarts	
10-45	1272-1275	uit	
10-46	1276-1278	de	
10-47	1279-1284	lucht	
10-48	1285-1291	vallen	
10-49	1291-1292	,	
10-50	1293-1295	of	
10-51	1296-1299	als	
10-52	1300-1312	dwaallichten	
10-53	1313-1316	die	
10-54	1317-1321	zich	
10-55	1322-1328	elders	
10-56	1329-1338	vertoonen	
10-57	1338-1339	.	

#Text=Dit
11-1	1342-1345	Dit	
