{"_context" : {
    "_types" : {
      "DocumentMetaData" : {
        "_feature_types" : {"sofa" : "_ref" } }, 
      "Relation" : {
        "_feature_types" : {"sofa" : "_ref",  "Dependent" : "_ref",  "Governor" : "_ref" } }, 
      "Sentence" : {
        "_feature_types" : {"sofa" : "_ref" } }, 
      "Sofa" : {
        "_feature_types" : {"sofaArray" : "_ref" } }, 
      "Span" : {
        "_feature_types" : {"sofa" : "_ref" } }, 
      "TagsetDescription" : {
        "_feature_types" : {"sofa" : "_ref",  "tags" : "_ref" } }, 
      "Token" : {
        "_feature_types" : {"sofa" : "_ref",  "parent" : "_ref",  "lemma" : "_ref",  "stem" : "_ref",  "pos" : "_ref",  "morph" : "_ref",  "form" : "_ref" } }, 
      "DocumentAnnotation" : {
        "_feature_types" : {"sofa" : "_ref" }, 
        "_subtypes" : ["DocumentMetaData" ] }, 
      "Annotation" : {
        "_feature_types" : {"sofa" : "_ref" }, 
        "_subtypes" : ["DocumentAnnotation",  "Relation",  "Sentence",  "Span",  "TagsetDescription",  "Token" ] }, 
      "AnnotationBase" : {
        "_feature_types" : {"sofa" : "_ref" }, 
        "_subtypes" : ["Annotation" ] }, 
      "TOP" : {
        "_subtypes" : ["AnnotationBase",  "Sofa" ] } } }, 
  "_views" : {
    "_InitialView" : {
      "Relation" : [
        {"sofa" : 1,  "begin" : 110,  "end" : 113,  "Dependent" : 1560,  "Governor" : 1606,  "label" : "Anaphoric" }, 
        {"sofa" : 1,  "begin" : 162,  "end" : 168,  "Dependent" : 1531,  "Governor" : 1541 }, 
        {"sofa" : 1,  "begin" : 162,  "end" : 168,  "Dependent" : 1531,  "Governor" : 1536 }, 
        {"sofa" : 1,  "begin" : 162,  "end" : 168,  "Dependent" : 1531,  "Governor" : 1560 }, 
        {"sofa" : 1,  "begin" : 195,  "end" : 203,  "Dependent" : 1572,  "Governor" : 1577 }, 
        {"sofa" : 1,  "begin" : 236,  "end" : 239,  "Dependent" : 1594,  "Governor" : 1606,  "label" : "Anaphoric" }, 
        {"sofa" : 1,  "begin" : 240,  "end" : 245,  "Dependent" : 1589,  "Governor" : 1594 }, 
        {"sofa" : 1,  "begin" : 319,  "end" : 322,  "Dependent" : 1635,  "Governor" : 1606,  "label" : "Anaphoric" }, 
        {"sofa" : 1,  "begin" : 381,  "end" : 386,  "Dependent" : 1625,  "Governor" : 1635 }, 
        {"sofa" : 1,  "begin" : 381,  "end" : 386,  "Dependent" : 1625,  "Governor" : 1661 }, 
        {"sofa" : 1,  "begin" : 381,  "end" : 386,  "Dependent" : 1625,  "Governor" : 1673 } ], 
      "Span" : [1606,  1560,  1531,  1536,  1541,  1572,  1577,  1594,  1589,  1635,  1625,  1661,  1673 ], 
      "DocumentMetaData" : [
        {"sofa" : 1,  "end" : 561,  "language" : "x-unspecified",  "documentTitle" : "073E%20Samuel%20Lee%201673%20Ecclesia%20Gemens__31_distribution_REL.txt",  "documentId" : "teresa",  "documentUri" : "file:/home/dhuser/alessio/inception/repository/project/29/document/10786/source/teresa",  "collectionId" : "file:/home/dhuser/alessio/inception/repository/project/29/document/10786/source/",  "documentBaseUri" : "file:/home/dhuser/alessio/inception/repository/project/29/document/10786/source/",  "isLastSegment" : false } ], 
      "TagsetDescription" : [
        {"sofa" : 1,  "layer" : "webanno.custom.Emotions",  "name" : "Emotion Labels",  "input" : false }, 
        {"sofa" : 1,  "layer" : "custom.Relation",  "name" : "Relation labels",  "input" : false }, 
        {"sofa" : 1,  "layer" : "custom.Span",  "name" : "Smell labels",  "input" : false } ], 
      "Sentence" : [
        {"sofa" : 1,  "end" : 109 }, 
        {"sofa" : 1,  "begin" : 110,  "end" : 186 }, 
        {"sofa" : 1,  "begin" : 187,  "end" : 245 }, 
        {"sofa" : 1,  "begin" : 245,  "end" : 246 }, 
        {"sofa" : 1,  "begin" : 248,  "end" : 427 }, 
        {"sofa" : 1,  "begin" : 428,  "end" : 560 } ], 
      "Token" : [
        {"sofa" : 1,  "end" : 3 }, 
        {"sofa" : 1,  "begin" : 4,  "end" : 8 }, 
        {"sofa" : 1,  "begin" : 9,  "end" : 14 }, 
        {"sofa" : 1,  "begin" : 15,  "end" : 21 }, 
        {"sofa" : 1,  "begin" : 22,  "end" : 24 }, 
        {"sofa" : 1,  "begin" : 25,  "end" : 28 }, 
        {"sofa" : 1,  "begin" : 29,  "end" : 38 }, 
        {"sofa" : 1,  "begin" : 39,  "end" : 41 }, 
        {"sofa" : 1,  "begin" : 42,  "end" : 47 }, 
        {"sofa" : 1,  "begin" : 48,  "end" : 56 }, 
        {"sofa" : 1,  "begin" : 56,  "end" : 57 }, 
        {"sofa" : 1,  "begin" : 58,  "end" : 61 }, 
        {"sofa" : 1,  "begin" : 62,  "end" : 67 }, 
        {"sofa" : 1,  "begin" : 68,  "end" : 71 }, 
        {"sofa" : 1,  "begin" : 72,  "end" : 77 }, 
        {"sofa" : 1,  "begin" : 78,  "end" : 80 }, 
        {"sofa" : 1,  "begin" : 81,  "end" : 85 }, 
        {"sofa" : 1,  "begin" : 86,  "end" : 93 }, 
        {"sofa" : 1,  "begin" : 94,  "end" : 96 }, 
        {"sofa" : 1,  "begin" : 97,  "end" : 100 }, 
        {"sofa" : 1,  "begin" : 101,  "end" : 108 }, 
        {"sofa" : 1,  "begin" : 108,  "end" : 109 }, 
        {"sofa" : 1,  "begin" : 110,  "end" : 113 }, 
        {"sofa" : 1,  "begin" : 114,  "end" : 115 }, 
        {"sofa" : 1,  "begin" : 116,  "end" : 117 }, 
        {"sofa" : 1,  "begin" : 118,  "end" : 123 }, 
        {"sofa" : 1,  "begin" : 124,  "end" : 128 }, 
        {"sofa" : 1,  "begin" : 129,  "end" : 136 }, 
        {"sofa" : 1,  "begin" : 137,  "end" : 140 }, 
        {"sofa" : 1,  "begin" : 141,  "end" : 149 }, 
        {"sofa" : 1,  "begin" : 150,  "end" : 156 }, 
        {"sofa" : 1,  "begin" : 156,  "end" : 157 }, 
        {"sofa" : 1,  "begin" : 158,  "end" : 161 }, 
        {"sofa" : 1,  "begin" : 162,  "end" : 168 }, 
        {"sofa" : 1,  "begin" : 169,  "end" : 175 }, 
        {"sofa" : 1,  "begin" : 176,  "end" : 178 }, 
        {"sofa" : 1,  "begin" : 179,  "end" : 185 }, 
        {"sofa" : 1,  "begin" : 185,  "end" : 186 }, 
        {"sofa" : 1,  "begin" : 187,  "end" : 190 }, 
        {"sofa" : 1,  "begin" : 191,  "end" : 194 }, 
        {"sofa" : 1,  "begin" : 195,  "end" : 203 }, 
        {"sofa" : 1,  "begin" : 204,  "end" : 206 }, 
        {"sofa" : 1,  "begin" : 207,  "end" : 213 }, 
        {"sofa" : 1,  "begin" : 214,  "end" : 217 }, 
        {"sofa" : 1,  "begin" : 218,  "end" : 219 }, 
        {"sofa" : 1,  "begin" : 220,  "end" : 221 }, 
        {"sofa" : 1,  "begin" : 222,  "end" : 226 }, 
        {"sofa" : 1,  "begin" : 227,  "end" : 229 }, 
        {"sofa" : 1,  "begin" : 230,  "end" : 235 }, 
        {"sofa" : 1,  "begin" : 236,  "end" : 239 }, 
        {"sofa" : 1,  "begin" : 240,  "end" : 245 }, 
        {"sofa" : 1,  "begin" : 245,  "end" : 246 }, 
        {"sofa" : 1,  "begin" : 248,  "end" : 249 }, 
        {"sofa" : 1,  "begin" : 250,  "end" : 253 }, 
        {"sofa" : 1,  "begin" : 254,  "end" : 257 }, 
        {"sofa" : 1,  "begin" : 258,  "end" : 265 }, 
        {"sofa" : 1,  "begin" : 266,  "end" : 272 }, 
        {"sofa" : 1,  "begin" : 273,  "end" : 277 }, 
        {"sofa" : 1,  "begin" : 278,  "end" : 288 }, 
        {"sofa" : 1,  "begin" : 289,  "end" : 292 }, 
        {"sofa" : 1,  "begin" : 293,  "end" : 299 }, 
        {"sofa" : 1,  "begin" : 300,  "end" : 304 }, 
        {"sofa" : 1,  "begin" : 305,  "end" : 313 }, 
        {"sofa" : 1,  "begin" : 313,  "end" : 314 }, 
        {"sofa" : 1,  "begin" : 315,  "end" : 318 }, 
        {"sofa" : 1,  "begin" : 319,  "end" : 322 }, 
        {"sofa" : 1,  "begin" : 323,  "end" : 330 }, 
        {"sofa" : 1,  "begin" : 331,  "end" : 338 }, 
        {"sofa" : 1,  "begin" : 339,  "end" : 345 }, 
        {"sofa" : 1,  "begin" : 346,  "end" : 348 }, 
        {"sofa" : 1,  "begin" : 349,  "end" : 352 }, 
        {"sofa" : 1,  "begin" : 353,  "end" : 359 }, 
        {"sofa" : 1,  "begin" : 360,  "end" : 362 }, 
        {"sofa" : 1,  "begin" : 363,  "end" : 368 }, 
        {"sofa" : 1,  "begin" : 368,  "end" : 369 }, 
        {"sofa" : 1,  "begin" : 370,  "end" : 371 }, 
        {"sofa" : 1,  "begin" : 372,  "end" : 376 }, 
        {"sofa" : 1,  "begin" : 377,  "end" : 380 }, 
        {"sofa" : 1,  "begin" : 381,  "end" : 386 }, 
        {"sofa" : 1,  "begin" : 387,  "end" : 391 }, 
        {"sofa" : 1,  "begin" : 392,  "end" : 395 }, 
        {"sofa" : 1,  "begin" : 396,  "end" : 400 }, 
        {"sofa" : 1,  "begin" : 401,  "end" : 403 }, 
        {"sofa" : 1,  "begin" : 404,  "end" : 408 }, 
        {"sofa" : 1,  "begin" : 409,  "end" : 415 }, 
        {"sofa" : 1,  "begin" : 416,  "end" : 426 }, 
        {"sofa" : 1,  "begin" : 426,  "end" : 427 }, 
        {"sofa" : 1,  "begin" : 428,  "end" : 432 }, 
        {"sofa" : 1,  "begin" : 433,  "end" : 437 }, 
        {"sofa" : 1,  "begin" : 438,  "end" : 441 }, 
        {"sofa" : 1,  "begin" : 442,  "end" : 447 }, 
        {"sofa" : 1,  "begin" : 448,  "end" : 450 }, 
        {"sofa" : 1,  "begin" : 451,  "end" : 455 }, 
        {"sofa" : 1,  "begin" : 456,  "end" : 461 }, 
        {"sofa" : 1,  "begin" : 461,  "end" : 462 }, 
        {"sofa" : 1,  "begin" : 463,  "end" : 466 }, 
        {"sofa" : 1,  "begin" : 467,  "end" : 473 }, 
        {"sofa" : 1,  "begin" : 474,  "end" : 476 }, 
        {"sofa" : 1,  "begin" : 477,  "end" : 481 }, 
        {"sofa" : 1,  "begin" : 482,  "end" : 487 }, 
        {"sofa" : 1,  "begin" : 487,  "end" : 488 }, 
        {"sofa" : 1,  "begin" : 489,  "end" : 492 }, 
        {"sofa" : 1,  "begin" : 493,  "end" : 501 }, 
        {"sofa" : 1,  "begin" : 502,  "end" : 505 }, 
        {"sofa" : 1,  "begin" : 506,  "end" : 510 }, 
        {"sofa" : 1,  "begin" : 511,  "end" : 513 }, 
        {"sofa" : 1,  "begin" : 514,  "end" : 520 }, 
        {"sofa" : 1,  "begin" : 521,  "end" : 524 }, 
        {"sofa" : 1,  "begin" : 525,  "end" : 538 }, 
        {"sofa" : 1,  "begin" : 539,  "end" : 543 }, 
        {"sofa" : 1,  "begin" : 544,  "end" : 545 }, 
        {"sofa" : 1,  "begin" : 546,  "end" : 552 }, 
        {"sofa" : 1,  "begin" : 553,  "end" : 559 }, 
        {"sofa" : 1,  "begin" : 559,  "end" : 560 } ] } }, 
  "_referenced_fss" : {
    "1" : {"_type" : "Sofa",  "sofaNum" : 1,  "sofaID" : "_InitialView",  "mimeType" : "text",  "sofaString" : "Let none stand amazed at the pageantry of false Churches,\nnor value the Whore of Rome because of her bravery.\nShe ' s deckt with\nPearles and precious stones, but smells strong of Aegypt. All\nthe Persumes of Arabia can ' t hide or choak her stink.  ' Tis not\nLateran Musick will consecrate her Masses into audience, nor her\nincense procure access to the Throne of Grace,\nI will not smell says the Lord in your Solemn Assemblies. Take away the noise of\nyour Songs, the melody of your Viols, let judgment run\ndown as waters and righteousness like a mighty stream. " }, 
    "1560" : {"_type" : "Span",  "sofa" : 1,  "begin" : 110,  "end" : 113,  "label" : "Smell_Source" }, 
    "1606" : {"_type" : "Span",  "sofa" : 1,  "begin" : 68,  "end" : 85,  "label" : "Smell_Source" }, 
    "1531" : {"_type" : "Span",  "sofa" : 1,  "begin" : 162,  "end" : 168,  "label" : "Smell_Word" }, 
    "1541" : {"_type" : "Span",  "sofa" : 1,  "begin" : 176,  "end" : 185,  "label" : "Evoked_Odorant" }, 
    "1536" : {"_type" : "Span",  "sofa" : 1,  "begin" : 169,  "end" : 175,  "label" : "Quality" }, 
    "1572" : {"_type" : "Span",  "sofa" : 1,  "begin" : 195,  "end" : 203,  "label" : "Smell_Word" }, 
    "1577" : {"_type" : "Span",  "sofa" : 1,  "begin" : 204,  "end" : 213,  "label" : "Location" }, 
    "1594" : {"_type" : "Span",  "sofa" : 1,  "begin" : 236,  "end" : 239,  "label" : "Smell_Source" }, 
    "1589" : {"_type" : "Span",  "sofa" : 1,  "begin" : 240,  "end" : 245,  "label" : "Smell_Word" }, 
    "1635" : {"_type" : "Span",  "sofa" : 1,  "begin" : 319,  "end" : 322,  "label" : "Smell_Source" }, 
    "1625" : {"_type" : "Span",  "sofa" : 1,  "begin" : 381,  "end" : 386,  "label" : "Smell_Word" }, 
    "1661" : {"_type" : "Span",  "sofa" : 1,  "begin" : 392,  "end" : 400,  "label" : "Perceiver" }, 
    "1673" : {"_type" : "Span",  "sofa" : 1,  "begin" : 401,  "end" : 426,  "label" : "Location" } } }