#FORMAT=WebAnno TSV 3.3


#Text=[p. 546]
#Text=dagen van Julij, in den nazomer en in den herfst terugkeerende gast, laat nooit na, zoo dikwijls hij verschijnt, levendige ja dikwijls belagchelijke redeneringen en twistgesprekken te verwekken.
1-1	4-5	[	
1-2	5-6	p	
1-3	6-7	.	
1-4	8-11	546	
1-5	11-12	]	
1-6	13-18	dagen	
1-7	19-22	van	
1-8	23-28	Julij	
1-9	28-29	,	
1-10	30-32	in	
1-11	33-36	den	
1-12	37-44	nazomer	
1-13	45-47	en	
1-14	48-50	in	
1-15	51-54	den	
1-16	55-61	herfst	
1-17	62-75	terugkeerende	
1-18	76-80	gast	
1-19	80-81	,	
1-20	82-86	laat	
1-21	87-92	nooit	
1-22	93-95	na	
1-23	95-96	,	
1-24	97-100	zoo	
1-25	101-109	dikwijls	
1-26	110-113	hij	
1-27	114-124	verschijnt	
1-28	124-125	,	
1-29	126-135	levendige	
1-30	136-138	ja	
1-31	139-147	dikwijls	
1-32	148-161	belagchelijke	
1-33	162-174	redeneringen	
1-34	175-177	en	
1-35	178-193	twistgesprekken	
1-36	194-196	te	
1-37	197-206	verwekken	
1-38	206-207	.	

#Text=Eenigen zeggen dat de veendamp het product is van turf- en heidebranden, welke jaarlijks in zekere groote uitgestrekte landstreken plaats grijpen, om daardoor den grond geschikt te maken tot het bezaaijen met boekweit, zoo als bij ons in Drenthe enz. veelal geschiedt.
2-1	208-215	Eenigen	
2-2	216-222	zeggen	
2-3	223-226	dat	
2-4	227-229	de	
2-5	230-238	veendamp	
2-6	239-242	het	
2-7	243-250	product	
2-8	251-253	is	
2-9	254-257	van	
2-10	258-262	turf	
2-11	262-263	-	
2-12	264-266	en	
2-13	267-279	heidebranden	
2-14	279-280	,	
2-15	281-286	welke	
2-16	287-296	jaarlijks	
2-17	297-299	in	
2-18	300-306	zekere	
2-19	307-313	groote	
2-20	314-326	uitgestrekte	
2-21	327-338	landstreken	
2-22	339-345	plaats	
2-23	346-353	grijpen	
2-24	353-354	,	
2-25	355-357	om	
2-26	358-366	daardoor	
2-27	367-370	den	
2-28	371-376	grond	
2-29	377-385	geschikt	
2-30	386-388	te	
2-31	389-394	maken	
2-32	395-398	tot	
2-33	399-402	het	
2-34	403-412	bezaaijen	
2-35	413-416	met	
2-36	417-425	boekweit	
2-37	425-426	,	
2-38	427-430	zoo	
2-39	431-434	als	
2-40	435-438	bij	
2-41	439-442	ons	
2-42	443-445	in	
2-43	446-453	Drenthe	
2-44	454-457	enz	
2-45	457-458	.	
2-46	459-465	veelal	
2-47	466-475	geschiedt	
2-48	475-476	.	

#Text=Anderen beweren dat het ‘opgeloste onweders’ zijn.
3-1	477-484	Anderen	
3-2	485-492	beweren	
3-3	493-496	dat	
3-4	497-500	het	
3-5	501-502	‘	
3-6	502-511	opgeloste	
3-7	512-520	onweders	
3-8	520-521	’	
3-9	522-526	zijn	
3-10	526-527	.	

#Text=Nog anderen lagchen over den onzin van beide beweringen en verklaren den veendamp voor gewonen nevel, die met zwaveldampen bezwangerd is.
4-1	528-531	Nog	
4-2	532-539	anderen	
4-3	540-547	lagchen	
4-4	548-552	over	
4-5	553-556	den	
4-6	557-562	onzin	
4-7	563-566	van	
4-8	567-572	beide	
4-9	573-583	beweringen	
4-10	584-586	en	
4-11	587-596	verklaren	
4-12	597-600	den	
4-13	601-609	veendamp	
4-14	610-614	voor	
4-15	615-622	gewonen	
4-16	623-628	nevel	
4-17	628-629	,	
4-18	630-633	die	
4-19	634-637	met	
4-20	638-650	zwaveldampen	
4-21	651-661	bezwangerd	
4-22	662-664	is	
4-23	664-665	.	

#Text=Eindelijk moeten wij nog de allernieuwste ontdckking mededeelen, die een geleerde in een bijzonder geschrift heeft opgeteekend en volgens wien de veendamp, door omzetting van het in de lucht aanwezige koolzuur, in zijne grondbestanddeelen koolstof en zuurstof, ontstaat.
5-1	666-675	Eindelijk	
5-2	676-682	moeten	
5-3	683-686	wij	
5-4	687-690	nog	
5-5	691-693	de	
5-6	694-707	allernieuwste	
5-7	708-718	ontdckking	
5-8	719-729	mededeelen	
5-9	729-730	,	
5-10	731-734	die	
5-11	735-738	een	
5-12	739-747	geleerde	
5-13	748-750	in	
5-14	751-754	een	
5-15	755-764	bijzonder	
5-16	765-774	geschrift	
5-17	775-780	heeft	
5-18	781-792	opgeteekend	
5-19	793-795	en	
5-20	796-803	volgens	
5-21	804-808	wien	
5-22	809-811	de	
5-23	812-820	veendamp	
5-24	820-821	,	
5-25	822-826	door	
5-26	827-836	omzetting	
5-27	837-840	van	
5-28	841-844	het	
5-29	845-847	in	
5-30	848-850	de	
5-31	851-856	lucht	
5-32	857-866	aanwezige	
5-33	867-875	koolzuur	
5-34	875-876	,	
5-35	877-879	in	
5-36	880-885	zijne	
5-37	886-904	grondbestanddeelen	
5-38	905-913	koolstof	
5-39	914-916	en	
5-40	917-925	zuurstof	
5-41	925-926	,	
5-42	927-935	ontstaat	
5-43	935-936	.	

#Text=Men zou werkelijk aan een gezond menschenverstand twijfelen, wanneer men aan al dien dolzinnigen onzin geloof kon slaan, die dikwijls bij dergelijke disputen wordt uitgekraamd en die op een volslagen gebrek aan kennis van de eenvoudigste natuurkundige wetten berust.
6-1	939-942	Men	
6-2	943-946	zou	
6-3	947-956	werkelijk	
6-4	957-960	aan	
6-5	961-964	een	
6-6	965-971	gezond	
6-7	972-988	menschenverstand	
6-8	989-998	twijfelen	
6-9	998-999	,	
6-10	1000-1007	wanneer	
6-11	1008-1011	men	
6-12	1012-1015	aan	
6-13	1016-1018	al	
6-14	1019-1023	dien	
6-15	1024-1035	dolzinnigen	
6-16	1036-1041	onzin	
6-17	1042-1048	geloof	
6-18	1049-1052	kon	
6-19	1053-1058	slaan	
6-20	1058-1059	,	
6-21	1060-1063	die	
6-22	1064-1072	dikwijls	
6-23	1073-1076	bij	
6-24	1077-1087	dergelijke	
6-25	1088-1096	disputen	
6-26	1097-1102	wordt	
6-27	1103-1114	uitgekraamd	
6-28	1115-1117	en	
6-29	1118-1121	die	
6-30	1122-1124	op	
6-31	1125-1128	een	
6-32	1129-1138	volslagen	
6-33	1139-1145	gebrek	
6-34	1146-1149	aan	
6-35	1150-1156	kennis	
6-36	1157-1160	van	
6-37	1161-1163	de	
6-38	1164-1176	eenvoudigste	
6-39	1177-1190	natuurkundige	
6-40	1191-1197	wetten	
6-41	1198-1204	berust	
6-42	1204-1205	.	

#Text=Blijven wij een oogenblik bij de zoo dikwijls geuite meening over den aard der veendampen stilstaan, volgens welke deze uit opgeloste onweders bestaan zou.
7-1	1207-1214	Blijven	
7-2	1215-1218	wij	
7-3	1219-1222	een	
7-4	1223-1232	oogenblik	
7-5	1233-1236	bij	
7-6	1237-1239	de	
7-7	1240-1243	zoo	
7-8	1244-1252	dikwijls	
7-9	1253-1259	geuite	
7-10	1260-1267	meening	
7-11	1268-1272	over	
7-12	1273-1276	den	
7-13	1277-1281	aard	
7-14	1282-1285	der	
7-15	1286-1296	veendampen	
7-16	1297-1306	stilstaan	
7-17	1306-1307	,	
7-18	1308-1315	volgens	
7-19	1316-1321	welke	
7-20	1322-1326	deze	
7-21	1327-1330	uit	
7-22	1331-1340	opgeloste	
7-23	1341-1349	onweders	
7-24	1350-1357	bestaan	
7-25	1358-1361	zou	
7-26	1361-1362	.	

#Text=Een ‘opgelost onweder’ is een onding.
8-1	1363-1366	Een	
8-2	1367-1368	‘	
8-3	1368-1376	opgelost	
8-4	1377-1384	onweder	
8-5	1384-1385	’	
8-6	1386-1388	is	
8-7	1389-1392	een	
8-8	1393-1399	onding	
8-9	1399-1400	.	

#Text=Slechts eene uit meerdere bestanddeelen te zamen gestelde stof kan opgelost of omgezet worden; doch een onweder is geene stof, maar een natuurkundig proces, daarin bestaande dat de in enkele wolken opgehoopte positieve electriciteit met de negatieve electriciteit van andere wolken of van de aardoppervlakte, door middel van zoogenaamde ontlading (donder en bliksem) evenwigt maakt.
9-1	1401-1408	Slechts	
9-2	1409-1413	eene	
9-3	1414-1417	uit	
9-4	1418-1426	meerdere	
9-5	1427-1440	bestanddeelen	
9-6	1441-1443	te	
9-7	1444-1449	zamen	
9-8	1450-1458	gestelde	
9-9	1459-1463	stof	
9-10	1464-1467	kan	
9-11	1468-1476	opgelost	
9-12	1477-1479	of	
9-13	1480-1487	omgezet	
9-14	1488-1494	worden	
9-15	1494-1495	;	
9-16	1496-1500	doch	
9-17	1501-1504	een	
9-18	1505-1512	onweder	
9-19	1513-1515	is	
9-20	1516-1521	geene	
9-21	1522-1526	stof	
9-22	1526-1527	,	
9-23	1528-1532	maar	
9-24	1533-1536	een	
9-25	1537-1549	natuurkundig	
9-26	1550-1556	proces	
9-27	1556-1557	,	
9-28	1558-1564	daarin	
9-29	1565-1574	bestaande	
9-30	1575-1578	dat	
9-31	1579-1581	de	
9-32	1582-1584	in	
9-33	1585-1591	enkele	
9-34	1592-1598	wolken	
9-35	1599-1609	opgehoopte	
9-36	1610-1619	positieve	
9-37	1620-1633	electriciteit	
9-38	1634-1637	met	
9-39	1638-1640	de	
9-40	1641-1650	negatieve	
9-41	1651-1664	electriciteit	
9-42	1665-1668	van	
9-43	1669-1675	andere	
9-44	1676-1682	wolken	
9-45	1683-1685	of	
9-46	1686-1689	van	
9-47	1690-1692	de	
9-48	1693-1708	aardoppervlakte	
9-49	1708-1709	,	
9-50	1710-1714	door	
9-51	1715-1721	middel	
9-52	1722-1725	van	
9-53	1726-1737	zoogenaamde	
9-54	1738-1747	ontlading	
9-55	1748-1749	(	
9-56	1749-1755	donder	
9-57	1756-1758	en	
9-58	1759-1766	bliksem	
9-59	1766-1767	)	
9-60	1768-1776	evenwigt	
9-61	1777-1782	maakt	
9-62	1782-1783	.	

#Text=Men verbeeldt zich nu, dat de ‘vrij gewordene’ electriciteit in de lucht zweeft en den aan den veendamp eigen reuk veroorzaakt, dat de gewezene onweêrswolk naar de aarde gedaald is en hier als nevel (hoogterook) blijft hangen.
10-1	1784-1787	Men	
10-2	1788-1797	verbeeldt	
10-3	1798-1802	zich	
10-4	1803-1805	nu	
10-5	1805-1806	,	
10-6	1807-1810	dat	
10-7	1811-1813	de	
10-8	1814-1815	‘	
10-9	1815-1819	vrij	
10-10	1820-1829	gewordene	
10-11	1829-1830	’	
10-12	1831-1844	electriciteit	
10-13	1845-1847	in	
10-14	1848-1850	de	
10-15	1851-1856	lucht	
10-16	1857-1863	zweeft	
10-17	1864-1866	en	
10-18	1867-1870	den	
10-19	1871-1874	aan	
10-20	1875-1878	den	
10-21	1879-1887	veendamp	
10-22	1888-1893	eigen	
10-23	1894-1898	reuk	
10-24	1899-1910	veroorzaakt	
10-25	1910-1911	,	
10-26	1912-1915	dat	
10-27	1916-1918	de	
10-28	1919-1927	gewezene	
10-29	1928-1939	onweêrswolk	
10-30	1940-1944	naar	
10-31	1945-1947	de	
10-32	1948-1953	aarde	
10-33	1954-1961	gedaald	
10-34	1962-1964	is	
10-35	1965-1967	en	
10-36	1968-1972	hier	
10-37	1973-1976	als	
10-38	1977-1982	nevel	
10-39	1983-1984	(	
10-40	1984-1994	hoogterook	
10-41	1994-1995	)	
10-42	1996-2002	blijft	
10-43	2003-2009	hangen	
10-44	2009-2010	.	

#Text=Deze dwaze meeningen zijn gemakkelijk te wederleggen.
11-1	2011-2015	Deze	
11-2	2016-2021	dwaze	
11-3	2022-2031	meeningen	
11-4	2032-2036	zijn	
11-5	2037-2048	gemakkelijk	
11-6	2049-2051	te	
11-7	2052-2063	wederleggen	
11-8	2063-2064	.	

#Text=Wolken, die als nevel op de aarde liggen, deelen aan de lucht eene bepaalde vochtige geaardheid mede, terwijl de tot het meten of bepalen van het vochtigheidsgehalte der lucht dienende werktuig (hygrometer) bij veendamp of hoogterook steeds
#Text=[
#Text=p. 547]
#Text=aantoont dat de lucht zeer droog is.
12-1	2065-2071	Wolken	
12-2	2071-2072	,	
12-3	2073-2076	die	
12-4	2077-2080	als	
12-5	2081-2086	nevel	
12-6	2087-2089	op	
12-7	2090-2092	de	
12-8	2093-2098	aarde	
12-9	2099-2105	liggen	
12-10	2105-2106	,	
12-11	2107-2113	deelen	
12-12	2114-2117	aan	
12-13	2118-2120	de	
12-14	2121-2126	lucht	
12-15	2127-2131	eene	
12-16	2132-2140	bepaalde	
12-17	2141-2149	vochtige	
12-18	2150-2160	geaardheid	
12-19	2161-2165	mede	
12-20	2165-2166	,	
12-21	2167-2174	terwijl	
12-22	2175-2177	de	
12-23	2178-2181	tot	
12-24	2182-2185	het	
12-25	2186-2191	meten	
12-26	2192-2194	of	
12-27	2195-2202	bepalen	
12-28	2203-2206	van	
12-29	2207-2210	het	
12-30	2211-2230	vochtigheidsgehalte	
12-31	2231-2234	der	
12-32	2235-2240	lucht	
12-33	2241-2249	dienende	
12-34	2250-2258	werktuig	
12-35	2259-2260	(	
12-36	2260-2270	hygrometer	
12-37	2270-2271	)	
12-38	2272-2275	bij	
12-39	2276-2284	veendamp	
12-40	2285-2287	of	
12-41	2288-2298	hoogterook	
12-42	2299-2305	steeds	
12-43	2306-2307	[	
12-44	2308-2309	p	
12-45	2309-2310	.	
12-46	2311-2314	547	
12-47	2314-2315	]	
12-48	2316-2324	aantoont	
12-49	2325-2328	dat	
12-50	2329-2331	de	
12-51	2332-2337	lucht	
12-52	2338-2342	zeer	
12-53	2343-2348	droog	
12-54	2349-2351	is	
12-55	2351-2352	.	

#Text=Ook ontbreekt aan den waternevel die eigendommelijke kleur, die de veendamp wanneer hij eenigzins dik is, duidelijk genoeg met zich meêbrengt.
13-1	2353-2356	Ook	
13-2	2357-2366	ontbreekt	
13-3	2367-2370	aan	
13-4	2371-2374	den	
13-5	2375-2385	waternevel	
13-6	2386-2389	die	
13-7	2390-2405	eigendommelijke	
13-8	2406-2411	kleur	
13-9	2411-2412	,	
13-10	2413-2416	die	
13-11	2417-2419	de	
13-12	2420-2428	veendamp	
13-13	2429-2436	wanneer	
13-14	2437-2440	hij	
13-15	2441-2450	eenigzins	
13-16	2451-2454	dik	
13-17	2455-2457	is	
13-18	2457-2458	,	
13-19	2459-2468	duidelijk	
13-20	2469-2475	genoeg	
13-21	2476-2479	met	
13-22	2480-2484	zich	
13-23	2485-2494	meêbrengt	
13-24	2494-2495	.	

#Text=Wat nu de ‘vrij gewordene’ electriciteit en haren reuk betreft, zoo kan er waarlijk van zulk eene vrij gewordene electriciteit in het geheel geene sprake zijn, daar de electriciteit altijd aan ligchamen gebonden is.
14-1	2496-2499	Wat	
14-2	2500-2502	nu	
14-3	2503-2505	de	
14-4	2506-2507	‘	
14-5	2507-2511	vrij	
14-6	2512-2521	gewordene	
14-7	2521-2522	’	
14-8	2523-2536	electriciteit	
14-9	2537-2539	en	
14-10	2540-2545	haren	
14-11	2546-2550	reuk	
14-12	2551-2558	betreft	
14-13	2558-2559	,	
14-14	2560-2563	zoo	
14-15	2564-2567	kan	
14-16	2568-2570	er	
14-17	2571-2579	waarlijk	
14-18	2580-2583	van	
14-19	2584-2588	zulk	
14-20	2589-2593	eene	
14-21	2594-2598	vrij	
14-22	2599-2608	gewordene	
14-23	2609-2622	electriciteit	
14-24	2623-2625	in	
14-25	2626-2629	het	
14-26	2630-2636	geheel	
14-27	2637-2642	geene	
14-28	2643-2649	sprake	
14-29	2650-2654	zijn	
14-30	2654-2655	,	
14-31	2656-2660	daar	
14-32	2661-2663	de	
14-33	2664-2677	electriciteit	
14-34	2678-2684	altijd	
14-35	2685-2688	aan	
14-36	2689-2698	ligchamen	
14-37	2699-2707	gebonden	
14-38	2708-2710	is	
14-39	2710-2711	.	

#Text=Ook heeft de electriciteit doorgaans geen reuk, ofschoon men er een duidelijken phosphor-reuk aan bespeurt, wanneer men den neus bij een opgewekt electrisch ligchaam, b.v. eene sterk geladene electriseermachine brengt.
15-1	2712-2715	Ook	
15-2	2716-2721	heeft	
15-3	2722-2724	de	
15-4	2725-2738	electriciteit	
15-5	2739-2748	doorgaans	
15-6	2749-2753	geen	
15-7	2754-2758	reuk	
15-8	2758-2759	,	
15-9	2760-2768	ofschoon	
15-10	2769-2772	men	
15-11	2773-2775	er	
15-12	2776-2779	een	
15-13	2780-2791	duidelijken	
15-14	2792-2805	phosphor-reuk	
15-15	2806-2809	aan	
15-16	2810-2818	bespeurt	
15-17	2818-2819	,	
15-18	2820-2827	wanneer	
15-19	2828-2831	men	
15-20	2832-2835	den	
15-21	2836-2840	neus	
15-22	2841-2844	bij	
15-23	2845-2848	een	
15-24	2849-2857	opgewekt	
15-25	2858-2868	electrisch	
15-26	2869-2877	ligchaam	
15-27	2877-2878	,	
15-28	2879-2882	b.v	
15-29	2882-2883	.	
15-30	2884-2888	eene	
15-31	2889-2894	sterk	
15-32	2895-2903	geladene	
15-33	2904-2922	electriseermachine	
15-34	2923-2929	brengt	
15-35	2929-2930	.	

#Text=Dit verschijnsel schrijft Schönbein aan het nog in vele opzigten problematisch Ozon toe, het kan echter op veel eenvoudiger en nader aan de waarheid liggende wijze verklaard worden door de daadzaak, dat iedere op eene gevoelzenuw werkende prikkel, onverschillig van waar die wordt aangebragt, in de zenuw de haar eigendommelijke waarneming opwekt.
16-1	2931-2934	Dit	
16-2	2935-2947	verschijnsel	
16-3	2948-2956	schrijft	
16-4	2957-2966	Schönbein	
16-5	2967-2970	aan	
16-6	2971-2974	het	
16-7	2975-2978	nog	
16-8	2979-2981	in	
16-9	2982-2986	vele	
16-10	2987-2995	opzigten	
16-11	2996-3009	problematisch	
16-12	3010-3014	Ozon	
16-13	3015-3018	toe	
16-14	3018-3019	,	
16-15	3020-3023	het	
16-16	3024-3027	kan	
16-17	3028-3034	echter	
16-18	3035-3037	op	
16-19	3038-3042	veel	
16-20	3043-3054	eenvoudiger	
16-21	3055-3057	en	
16-22	3058-3063	nader	
16-23	3064-3067	aan	
16-24	3068-3070	de	
16-25	3071-3079	waarheid	
16-26	3080-3088	liggende	
16-27	3089-3094	wijze	
16-28	3095-3104	verklaard	
16-29	3105-3111	worden	
16-30	3112-3116	door	
16-31	3117-3119	de	
16-32	3120-3128	daadzaak	
16-33	3128-3129	,	
16-34	3130-3133	dat	
16-35	3134-3140	iedere	
16-36	3141-3143	op	
16-37	3144-3148	eene	
16-38	3149-3160	gevoelzenuw	
16-39	3161-3169	werkende	
16-40	3170-3177	prikkel	
16-41	3177-3178	,	
16-42	3179-3192	onverschillig	
16-43	3193-3196	van	
16-44	3197-3201	waar	
16-45	3202-3205	die	
16-46	3206-3211	wordt	
16-47	3212-3222	aangebragt	
16-48	3222-3223	,	
16-49	3224-3226	in	
16-50	3227-3229	de	
16-51	3230-3235	zenuw	
16-52	3236-3238	de	
16-53	3239-3243	haar	
16-54	3244-3259	eigendommelijke	
16-55	3260-3270	waarneming	
16-56	3271-3277	opwekt	
16-57	3277-3278	.	

#Text=Zoo bewerkt een stoot tegen het oog, die sterk genoeg is om de achter den oogappel zich uitbreidende gezigtszenuw te prikkelen, terstond een lichtschijnsel, het zoogen.
#Text=vonken zien;
17-1	3279-3282	Zoo	
17-2	3283-3290	bewerkt	
17-3	3291-3294	een	
17-4	3295-3300	stoot	
17-5	3301-3306	tegen	
17-6	3307-3310	het	
17-7	3311-3314	oog	
17-8	3314-3315	,	
17-9	3316-3319	die	
17-10	3320-3325	sterk	
17-11	3326-3332	genoeg	
17-12	3333-3335	is	
17-13	3336-3338	om	
17-14	3339-3341	de	
17-15	3342-3348	achter	
17-16	3349-3352	den	
17-17	3353-3361	oogappel	
17-18	3362-3366	zich	
17-19	3367-3379	uitbreidende	
17-20	3380-3392	gezigtszenuw	
17-21	3393-3395	te	
17-22	3396-3405	prikkelen	
17-23	3405-3406	,	
17-24	3407-3415	terstond	
17-25	3416-3419	een	
17-26	3420-3434	lichtschijnsel	
17-27	3434-3435	,	
17-28	3436-3439	het	
17-29	3440-3446	zoogen	
17-30	3446-3447	.	
17-31	3448-3454	vonken	
17-32	3455-3459	zien	
17-33	3459-3460	;	
