#FORMAT=WebAnno TSV 3.3


#Text=34 Cumque mortuus esset Jobab, regnavit pro eo Husam de terra Themanorum.
#Text=35 Hoc quoque mortuo, regnavit pro eo Adad filius Badad, qui percussit Madian in regione Moab : et nomen urbis ejus Avith.
#Text=36 Cumque mortuus esset Adad, regnavit pro eo Semla de Masreca.
#Text=37 Hoc quoque mortuo regnavit pro eo Saul de fluvio Rohoboth.
#Text=38 Cumque et hic obiisset, successit in regnum Balanan filius Achobor.
#Text=39 Isto quoque mortuo regnavit pro eo Adar, nomenque urbis ejus Phau : et appellabatur uxor ejus Meetabel, filia Matred filiæ Mezaab.
#Text=40 Hæc ergo nomina ducum Esau in cognationibus, et locis, et vocabulis suis : dux Thamna, dux Alva, dux Jetheth, 41 dux Oolibama, dux Ela, dux Phinon, 42 dux Cenez, dux Theman, dux Mabsar, 43 dux Magdiel, dux Hiram : hi duces Edom habitantes in terra imperii sui, ipse est Esau pater Idumæorum.
1-1	2-4	34	
1-2	5-11	Cumque	
1-3	12-19	mortuus	
1-4	20-25	esset	
1-5	26-31	Jobab	
1-6	31-32	,	
1-7	33-41	regnavit	
1-8	42-45	pro	
1-9	46-48	eo	
1-10	49-54	Husam	
1-11	55-57	de	
1-12	58-63	terra	
1-13	64-74	Themanorum	
1-14	74-75	.	
1-15	76-78	35	
1-16	79-82	Hoc	
1-17	83-89	quoque	
1-18	90-96	mortuo	
1-19	96-97	,	
1-20	98-106	regnavit	
1-21	107-110	pro	
1-22	111-113	eo	
1-23	114-118	Adad	
1-24	119-125	filius	
1-25	126-131	Badad	
1-26	131-132	,	
1-27	133-136	qui	
1-28	137-146	percussit	
1-29	147-153	Madian	
1-30	154-156	in	
1-31	157-164	regione	
1-32	165-169	Moab	
1-33	170-171	:	
1-34	172-174	et	
1-35	175-180	nomen	
1-36	181-186	urbis	
1-37	187-191	ejus	
1-38	192-197	Avith	
1-39	197-198	.	
1-40	199-201	36	
1-41	202-208	Cumque	
1-42	209-216	mortuus	
1-43	217-222	esset	
1-44	223-227	Adad	
1-45	227-228	,	
1-46	229-237	regnavit	
1-47	238-241	pro	
1-48	242-244	eo	
1-49	245-250	Semla	
1-50	251-253	de	
1-51	254-261	Masreca	
1-52	261-262	.	
1-53	263-265	37	
1-54	266-269	Hoc	
1-55	270-276	quoque	
1-56	277-283	mortuo	
1-57	284-292	regnavit	
1-58	293-296	pro	
1-59	297-299	eo	
1-60	300-304	Saul	
1-61	305-307	de	
1-62	308-314	fluvio	
1-63	315-323	Rohoboth	
1-64	323-324	.	
1-65	325-327	38	
1-66	328-334	Cumque	
1-67	335-337	et	
1-68	338-341	hic	
1-69	342-350	obiisset	
1-70	350-351	,	
1-71	352-361	successit	
1-72	362-364	in	
1-73	365-371	regnum	
1-74	372-379	Balanan	
1-75	380-386	filius	
1-76	387-394	Achobor	
1-77	394-395	.	
1-78	396-398	39	
1-79	399-403	Isto	
1-80	404-410	quoque	
1-81	411-417	mortuo	
1-82	418-426	regnavit	
1-83	427-430	pro	
1-84	431-433	eo	
1-85	434-438	Adar	
1-86	438-439	,	
1-87	440-448	nomenque	
1-88	449-454	urbis	
1-89	455-459	ejus	
1-90	460-464	Phau	
1-91	465-466	:	
1-92	467-469	et	
1-93	470-482	appellabatur	
1-94	483-487	uxor	
1-95	488-492	ejus	
1-96	493-501	Meetabel	
1-97	501-502	,	
1-98	503-508	filia	
1-99	509-515	Matred	
1-100	516-521	filiæ	
1-101	522-528	Mezaab	
1-102	528-529	.	
1-103	530-532	40	
1-104	533-536	Hæc	
1-105	537-541	ergo	
1-106	542-548	nomina	
1-107	549-554	ducum	
1-108	555-559	Esau	
1-109	560-562	in	
1-110	563-576	cognationibus	
1-111	576-577	,	
1-112	578-580	et	
1-113	581-586	locis	
1-114	586-587	,	
1-115	588-590	et	
1-116	591-600	vocabulis	
1-117	601-605	suis	
1-118	606-607	:	
1-119	608-611	dux	
1-120	612-618	Thamna	
1-121	618-619	,	
1-122	620-623	dux	
1-123	624-628	Alva	
1-124	628-629	,	
1-125	630-633	dux	
1-126	634-641	Jetheth	
1-127	641-642	,	
1-128	643-645	41	
1-129	646-649	dux	
1-130	650-658	Oolibama	
1-131	658-659	,	
1-132	660-663	dux	
1-133	664-667	Ela	
1-134	667-668	,	
1-135	669-672	dux	
1-136	673-679	Phinon	
1-137	679-680	,	
1-138	681-683	42	
1-139	684-687	dux	
1-140	688-693	Cenez	
1-141	693-694	,	
1-142	695-698	dux	
1-143	699-705	Theman	
1-144	705-706	,	
1-145	707-710	dux	
1-146	711-717	Mabsar	
1-147	717-718	,	
1-148	719-721	43	
1-149	722-725	dux	
1-150	726-733	Magdiel	
1-151	733-734	,	
1-152	735-738	dux	
1-153	739-744	Hiram	
1-154	745-746	:	
1-155	747-749	hi	
1-156	750-755	duces	
1-157	756-760	Edom	
1-158	761-771	habitantes	
1-159	772-774	in	
1-160	775-780	terra	
1-161	781-788	imperii	
1-162	789-792	sui	
1-163	792-793	,	
1-164	794-798	ipse	
1-165	799-802	est	
1-166	803-807	Esau	
1-167	808-813	pater	
1-168	814-823	Idumæorum	
1-169	823-824	.	

#Text=Caput 37
#Text=
#Text=
#Text=1 Habitavit autem Jacob in terra Chanaan, in qua pater suus peregrinatus est.
#Text=2 Et hæ sunt generationes ejus : Joseph cum sedecim esset annorum, pascebat gregem cum fratribus suis adhuc puer : et erat cum filiis Balæ et Zelphæ uxorum patris sui : accusavitque fratres suos apud patrem crimine pessimo.
#Text=3 Israël autem diligebat Joseph super omnes filios suos, eo quod in senectute genuisset eum : fecitque ei tunicam polymitam.
#Text=4 Videntes autem fratres ejus quod a patre plus cunctis filiis amaretur, oderant eum, nec poterant ei quidquam pacifice loqui.
#Text=5 Accidit quoque ut visum somnium referret fratribus suis : quæ causa majoris odii seminarium fuit.
#Text=6 Dixitque ad eos : Audite somnium meum quod vidi : 7 putabam nos ligare manipulos in agro : et quasi consurgere manipulum meum, et stare, vestrosque manipulos circumstantes adorare manipulum meum.
#Text=8 Responderunt fratres ejus : Numquid rex noster eris ?
2-1	825-830	Caput	
2-2	831-833	37	
2-3	836-837	1	
2-4	838-847	Habitavit	
2-5	848-853	autem	
2-6	854-859	Jacob	
2-7	860-862	in	
2-8	863-868	terra	
2-9	869-876	Chanaan	
2-10	876-877	,	
2-11	878-880	in	
2-12	881-884	qua	
2-13	885-890	pater	
2-14	891-895	suus	
2-15	896-908	peregrinatus	
2-16	909-912	est	
2-17	912-913	.	
2-18	914-915	2	
2-19	916-918	Et	
2-20	919-921	hæ	
2-21	922-926	sunt	
2-22	927-939	generationes	
2-23	940-944	ejus	
2-24	945-946	:	
2-25	947-953	Joseph	
2-26	954-957	cum	
2-27	958-965	sedecim	
2-28	966-971	esset	
2-29	972-979	annorum	
2-30	979-980	,	
2-31	981-989	pascebat	
2-32	990-996	gregem	
2-33	997-1000	cum	
2-34	1001-1010	fratribus	
2-35	1011-1015	suis	
2-36	1016-1021	adhuc	
2-37	1022-1026	puer	
2-38	1027-1028	:	
2-39	1029-1031	et	
2-40	1032-1036	erat	
2-41	1037-1040	cum	
2-42	1041-1047	filiis	
2-43	1048-1052	Balæ	
2-44	1053-1055	et	
2-45	1056-1062	Zelphæ	
2-46	1063-1069	uxorum	
2-47	1070-1076	patris	
2-48	1077-1080	sui	
2-49	1081-1082	:	
2-50	1083-1095	accusavitque	
2-51	1096-1103	fratres	
2-52	1104-1108	suos	
2-53	1109-1113	apud	
2-54	1114-1120	patrem	
2-55	1121-1128	crimine	
2-56	1129-1136	pessimo	
2-57	1136-1137	.	
2-58	1138-1139	3	
2-59	1140-1146	Israël	
2-60	1147-1152	autem	
2-61	1153-1162	diligebat	
2-62	1163-1169	Joseph	
2-63	1170-1175	super	
2-64	1176-1181	omnes	
2-65	1182-1188	filios	
2-66	1189-1193	suos	
2-67	1193-1194	,	
2-68	1195-1197	eo	
2-69	1198-1202	quod	
2-70	1203-1205	in	
2-71	1206-1215	senectute	
2-72	1216-1225	genuisset	
2-73	1226-1229	eum	
2-74	1230-1231	:	
2-75	1232-1240	fecitque	
2-76	1241-1243	ei	
2-77	1244-1251	tunicam	
2-78	1252-1261	polymitam	
2-79	1261-1262	.	
2-80	1263-1264	4	
2-81	1265-1273	Videntes	
2-82	1274-1279	autem	
2-83	1280-1287	fratres	
2-84	1288-1292	ejus	
2-85	1293-1297	quod	
2-86	1298-1299	a	
2-87	1300-1305	patre	
2-88	1306-1310	plus	
2-89	1311-1318	cunctis	
2-90	1319-1325	filiis	
2-91	1326-1334	amaretur	
2-92	1334-1335	,	
2-93	1336-1343	oderant	
2-94	1344-1347	eum	
2-95	1347-1348	,	
2-96	1349-1352	nec	
2-97	1353-1361	poterant	
2-98	1362-1364	ei	
2-99	1365-1373	quidquam	
2-100	1374-1382	pacifice	
2-101	1383-1388	loqui	
2-102	1388-1389	.	
2-103	1390-1391	5	
2-104	1392-1399	Accidit	
2-105	1400-1406	quoque	
2-106	1407-1409	ut	
2-107	1410-1415	visum	
2-108	1416-1423	somnium	
2-109	1424-1432	referret	
2-110	1433-1442	fratribus	
2-111	1443-1447	suis	
2-112	1448-1449	:	
2-113	1450-1453	quæ	
2-114	1454-1459	causa	
2-115	1460-1467	majoris	
2-116	1468-1472	odii	
2-117	1473-1483	seminarium	
2-118	1484-1488	fuit	
2-119	1488-1489	.	
2-120	1490-1491	6	
2-121	1492-1500	Dixitque	
2-122	1501-1503	ad	
2-123	1504-1507	eos	
2-124	1508-1509	:	
2-125	1510-1516	Audite	
2-126	1517-1524	somnium	
2-127	1525-1529	meum	
2-128	1530-1534	quod	
2-129	1535-1539	vidi	
2-130	1540-1541	:	
2-131	1542-1543	7	
2-132	1544-1551	putabam	
2-133	1552-1555	nos	
2-134	1556-1562	ligare	
2-135	1563-1572	manipulos	
2-136	1573-1575	in	
2-137	1576-1580	agro	
2-138	1581-1582	:	
2-139	1583-1585	et	
2-140	1586-1591	quasi	
2-141	1592-1602	consurgere	
2-142	1603-1612	manipulum	
2-143	1613-1617	meum	
2-144	1617-1618	,	
2-145	1619-1621	et	
2-146	1622-1627	stare	
2-147	1627-1628	,	
2-148	1629-1639	vestrosque	
2-149	1640-1649	manipulos	
2-150	1650-1663	circumstantes	
2-151	1664-1671	adorare	
2-152	1672-1681	manipulum	
2-153	1682-1686	meum	
2-154	1686-1687	.	
2-155	1688-1689	8	
2-156	1690-1702	Responderunt	
2-157	1703-1710	fratres	
2-158	1711-1715	ejus	
2-159	1716-1717	:	
2-160	1718-1725	Numquid	
2-161	1726-1729	rex	
2-162	1730-1736	noster	
2-163	1737-1741	eris	
2-164	1742-1743	?	

#Text=aut subjiciemur ditioni tuæ ?
3-1	1744-1747	aut	
3-2	1748-1759	subjiciemur	
3-3	1760-1767	ditioni	
3-4	1768-1771	tuæ	
3-5	1772-1773	?	

#Text=Hæc ergo causa somniorum atque sermonum, invidiæ et odii fomitem ministravit.
#Text=9 Aliud quoque vidit somnium, quod narrans fratribus, ait : Vidi per somnium, quasi solem, et lunam, et stellas undecim adorare me.
#Text=10 Quod cum patri suo, et fratribus retulisset, increpavit eum pater suus, et dixit : Quid sibi vult hoc somnium quod vidisti ?
4-1	1774-1777	Hæc	
4-2	1778-1782	ergo	
4-3	1783-1788	causa	
4-4	1789-1798	somniorum	
4-5	1799-1804	atque	
4-6	1805-1813	sermonum	
4-7	1813-1814	,	
4-8	1815-1822	invidiæ	
4-9	1823-1825	et	
4-10	1826-1830	odii	
4-11	1831-1838	fomitem	
4-12	1839-1850	ministravit	
4-13	1850-1851	.	
4-14	1852-1853	9	
4-15	1854-1859	Aliud	
4-16	1860-1866	quoque	
4-17	1867-1872	vidit	
4-18	1873-1880	somnium	
4-19	1880-1881	,	
4-20	1882-1886	quod	
4-21	1887-1894	narrans	
4-22	1895-1904	fratribus	
4-23	1904-1905	,	
4-24	1906-1909	ait	
4-25	1910-1911	:	
4-26	1912-1916	Vidi	
4-27	1917-1920	per	
4-28	1921-1928	somnium	
4-29	1928-1929	,	
4-30	1930-1935	quasi	
4-31	1936-1941	solem	
4-32	1941-1942	,	
4-33	1943-1945	et	
4-34	1946-1951	lunam	
4-35	1951-1952	,	
4-36	1953-1955	et	
4-37	1956-1963	stellas	
4-38	1964-1971	undecim	
4-39	1972-1979	adorare	
4-40	1980-1982	me	
4-41	1982-1983	.	
4-42	1984-1986	10	
4-43	1987-1991	Quod	
4-44	1992-1995	cum	
4-45	1996-2001	patri	
4-46	2002-2005	suo	
4-47	2005-2006	,	
4-48	2007-2009	et	
4-49	2010-2019	fratribus	
4-50	2020-2030	retulisset	
4-51	2030-2031	,	
4-52	2032-2042	increpavit	
4-53	2043-2046	eum	
4-54	2047-2052	pater	
4-55	2053-2057	suus	
4-56	2057-2058	,	
4-57	2059-2061	et	
4-58	2062-2067	dixit	
4-59	2068-2069	:	
4-60	2070-2074	Quid	
4-61	2075-2079	sibi	
4-62	2080-2084	vult	
4-63	2085-2088	hoc	
4-64	2089-2096	somnium	
4-65	2097-2101	quod	
4-66	2102-2109	vidisti	
4-67	2110-2111	?	

#Text=num ego et mater tua, et fratres tui adorabimus te super terram ?
5-1	2112-2115	num	
5-2	2116-2119	ego	
5-3	2120-2122	et	
5-4	2123-2128	mater	
5-5	2129-2132	tua	
5-6	2132-2133	,	
5-7	2134-2136	et	
5-8	2137-2144	fratres	
5-9	2145-2148	tui	
5-10	2149-2159	adorabimus	
5-11	2160-2162	te	
5-12	2163-2168	super	
5-13	2169-2175	terram	
5-14	2176-2177	?	

#Text=11 Invidebant ei igitur fratres sui : pater vero rem tacitus considerabat.
6-1	2178-2180	11	
6-2	2181-2191	Invidebant	
6-3	2192-2194	ei	
6-4	2195-2201	igitur	
6-5	2202-2209	fratres	
6-6	2210-2213	sui	
6-7	2214-2215	:	
6-8	2216-2221	pater	
6-9	2222-2226	vero	
6-10	2227-2230	rem	
6-11	2231-2238	tacitus	
6-12	2239-2251	considerabat	
6-13	2251-2252	.	
