#FORMAT=WebAnno TSV 3.3
#T_SP=custom.Span|label
#T_RL=custom.Relation|label|BT_custom.Span


#Text=4o.
1-1	1-3	4o	_	_	_	
1-2	3-4	.	_	_	_	

#Text=Vous entendez une musique dans un salon éclairé de cent bougies; il n'y a pas un point de cet espace qui ne soit rempli de ces atomes de cire, de lumière et de fumée légère.
2-1	5-9	Vous	_	_	_	
2-2	10-18	entendez	_	_	_	
2-3	19-22	une	_	_	_	
2-4	23-30	musique	_	_	_	
2-5	31-35	dans	_	_	_	
2-6	36-38	un	_	_	_	
2-7	39-44	salon	_	_	_	
2-8	45-52	éclairé	_	_	_	
2-9	53-55	de	_	_	_	
2-10	56-60	cent	_	_	_	
2-11	61-68	bougies	_	_	_	
2-12	68-69	;	_	_	_	
2-13	70-72	il	_	_	_	
2-14	73-76	n'y	_	_	_	
2-15	77-78	a	_	_	_	
2-16	79-82	pas	_	_	_	
2-17	83-85	un	_	_	_	
2-18	86-91	point	_	_	_	
2-19	92-94	de	_	_	_	
2-20	95-98	cet	_	_	_	
2-21	99-105	espace	_	_	_	
2-22	106-109	qui	_	_	_	
2-23	110-112	ne	_	_	_	
2-24	113-117	soit	_	_	_	
2-25	118-124	rempli	_	_	_	
2-26	125-127	de	_	_	_	
2-27	128-131	ces	_	_	_	
2-28	132-138	atomes	_	_	_	
2-29	139-141	de	_	_	_	
2-30	142-146	cire	_	_	_	
2-31	146-147	,	_	_	_	
2-32	148-150	de	_	_	_	
2-33	151-158	lumière	_	_	_	
2-34	159-161	et	_	_	_	
2-35	162-164	de	_	_	_	
2-36	165-170	fumée	_	_	_	
2-37	171-177	légère	_	_	_	
2-38	177-178	.	_	_	_	

#Text=Brûlez-y des parfums, il n'y aura pas encore un point de cet espace où les atomes de ces parfums ne pénètrent.
3-1	179-187	Brûlez-y	_	_	_	
3-2	188-191	des	_	_	_	
3-3	192-199	parfums	_	_	_	
3-4	199-200	,	_	_	_	
3-5	201-203	il	_	_	_	
3-6	204-207	n'y	_	_	_	
3-7	208-212	aura	_	_	_	
3-8	213-216	pas	_	_	_	
3-9	217-223	encore	_	_	_	
3-10	224-226	un	_	_	_	
3-11	227-232	point	_	_	_	
3-12	233-235	de	_	_	_	
3-13	236-239	cet	_	_	_	
3-14	240-246	espace	_	_	_	
3-15	247-249	où	_	_	_	
3-16	250-253	les	_	_	_	
3-17	254-260	atomes	_	_	_	
3-18	261-263	de	_	_	_	
3-19	264-267	ces	_	_	_	
3-20	268-275	parfums	_	_	_	
3-21	276-278	ne	_	_	_	
3-22	279-288	pénètrent	_	_	_	
3-23	288-289	.	_	_	_	

#Text=Les exhalaisons continuelles du corps des spectateurs et des musiciens, et du parquet, et des fenêtres, et des plafonds, occupent encore ce salon.
4-1	290-293	Les	_	_	_	
4-2	294-305	exhalaisons	Smell\_Word	*|*	4-26[2_0]|4-5[1_0]	
4-3	306-318	continuelles	_	_	_	
4-4	319-321	du	_	_	_	
4-5	322-327	corps	Smell\_Source[1]	_	_	
4-6	328-331	des	Smell\_Source[1]	_	_	
4-7	332-343	spectateurs	Smell\_Source[1]	_	_	
4-8	344-346	et	Smell\_Source[1]	_	_	
4-9	347-350	des	Smell\_Source[1]	_	_	
4-10	351-360	musiciens	Smell\_Source[1]	_	_	
4-11	360-361	,	Smell\_Source[1]	_	_	
4-12	362-364	et	Smell\_Source[1]	_	_	
4-13	365-367	du	Smell\_Source[1]	_	_	
4-14	368-375	parquet	Smell\_Source[1]	_	_	
4-15	375-376	,	Smell\_Source[1]	_	_	
4-16	377-379	et	Smell\_Source[1]	_	_	
4-17	380-383	des	Smell\_Source[1]	_	_	
4-18	384-392	fenêtres	Smell\_Source[1]	_	_	
4-19	392-393	,	Smell\_Source[1]	_	_	
4-20	394-396	et	Smell\_Source[1]	_	_	
4-21	397-400	des	Smell\_Source[1]	_	_	
4-22	401-409	plafonds	Smell\_Source[1]	_	_	
4-23	409-410	,	_	_	_	
4-24	411-419	occupent	_	_	_	
4-25	420-426	encore	_	_	_	
4-26	427-429	ce	Location[2]	_	_	
4-27	430-435	salon	Location[2]	_	_	
4-28	435-436	.	_	_	_	

#Text=Que restera-t-il pour votre prétendu élément de l'air?
5-1	437-440	Que	_	_	_	
5-2	441-453	restera-t-il	_	_	_	
5-3	454-458	pour	_	_	_	
5-4	459-464	votre	_	_	_	
5-5	465-473	prétendu	_	_	_	
5-6	474-481	élément	_	_	_	
5-7	482-484	de	_	_	_	
5-8	485-490	l'air	_	_	_	
5-9	490-491	?	_	_	_	
