#FORMAT=WebAnno TSV 3.3


#Text=quam belle hae partes examine chymico cognitae per ipsum odoratus fenfum cognofcantur: Omnes materiae camphorati odoris fragrantem et con
#Text=
#Text=for
#Text=
#Text=
#Text=
#Text=
#Text=
#Text=tile
#Text=
#Text=
#Text=
#Text=um
#Text=
#Text=
#Text=
#Text=cum Di.
#Text=fortantem sensum exhiben.
1-1	2-6	quam	
1-2	7-12	belle	
1-3	13-16	hae	
1-4	17-23	partes	
1-5	24-31	examine	
1-6	32-39	chymico	
1-7	40-48	cognitae	
1-8	49-52	per	
1-9	53-58	ipsum	
1-10	59-67	odoratus	
1-11	68-74	fenfum	
1-12	75-87	cognofcantur	
1-13	87-88	:	
1-14	89-94	Omnes	
1-15	95-103	materiae	
1-16	104-114	camphorati	
1-17	115-121	odoris	
1-18	122-132	fragrantem	
1-19	133-135	et	
1-20	136-139	con	
1-21	141-144	for	
1-22	150-154	tile	
1-23	158-160	um	
1-24	164-167	cum	
1-25	168-170	Di	
1-26	170-171	.	
1-27	172-181	fortantem	
1-28	182-188	sensum	
1-29	189-196	exhiben	
1-30	196-197	.	

#Text=Confortatio vero neruorum confiftit in contractione neruorum et retentione subtilium.
2-1	198-209	Confortatio	
2-2	210-214	vero	
2-3	215-223	neruorum	
2-4	224-233	confiftit	
2-5	234-236	in	
2-6	237-249	contractione	
2-7	250-258	neruorum	
2-8	259-261	et	
2-9	262-272	retentione	
2-10	273-282	subtilium	
2-11	282-283	.	

#Text=Cum E, hic odor vires neruorum fe contrahendi augeat; confortationis fensus oritur.
3-1	284-287	Cum	
3-2	288-289	E	
3-3	289-290	,	
3-4	291-294	hic	
3-5	295-299	odor	
3-6	300-305	vires	
3-7	306-314	neruorum	
3-8	315-317	fe	
3-9	318-329	contrahendi	
3-10	330-336	augeat	
3-11	336-337	;	
3-12	338-352	confortationis	
3-13	353-359	fensus	
3-14	360-366	oritur	
3-15	366-367	.	

#Text=Et haec ita quoque interne fieri alia obferuatio BOERHA VII in Hift.
#Text=plant.
#Text=docet dum de serpillo dicit, quod fi a delaflatis affiimatur, protinus ipfis videatur, ac fi omnes fpiritus euaporantes retineantur et coerceantur.
4-1	368-370	Et	
4-2	371-375	haec	
4-3	376-379	ita	
4-4	380-386	quoque	
4-5	387-394	interne	
4-6	395-400	fieri	
4-7	401-405	alia	
4-8	406-416	obferuatio	
4-9	417-423	BOERHA	
4-10	424-427	VII	
4-11	428-430	in	
4-12	431-435	Hift	
4-13	435-436	.	
4-14	437-442	plant	
4-15	442-443	.	
4-16	444-449	docet	
4-17	450-453	dum	
4-18	454-456	de	
4-19	457-465	serpillo	
4-20	466-471	dicit	
4-21	471-472	,	
4-22	473-477	quod	
4-23	478-480	fi	
4-24	481-482	a	
4-25	483-493	delaflatis	
4-26	494-504	affiimatur	
4-27	504-505	,	
4-28	506-514	protinus	
4-29	515-520	ipfis	
4-30	521-529	videatur	
4-31	529-530	,	
4-32	531-533	ac	
4-33	534-536	fi	
4-34	537-542	omnes	
4-35	543-551	fpiritus	
4-36	552-563	euaporantes	
4-37	564-575	retineantur	
4-38	576-578	et	
4-39	579-590	coerceantur	
4-40	590-591	.	

#Text=Camphoratus.
5-1	592-603	Camphoratus	
5-2	603-604	.	

#Text=E. odor dum terram fubtilcm figentem i. e, nisus neruorum versus Centrum augentem ipfis applicat, confortantem sensum exhibet.
#Text=i Non ita multum diftat, Odor aromaticus: hic fine dubio proprie fic dictum mercarium falis olei et 'igném falis olei in fe continet.
6-1	605-606	E	
6-2	606-607	.	
6-3	608-612	odor	
6-4	613-616	dum	
6-5	617-623	terram	
6-6	624-632	fubtilcm	
6-7	633-641	figentem	
6-8	642-643	i	
6-9	643-644	.	
6-10	645-646	e	
6-11	646-647	,	
6-12	648-653	nisus	
6-13	654-662	neruorum	
6-14	663-669	versus	
6-15	670-677	Centrum	
6-16	678-686	augentem	
6-17	687-692	ipfis	
6-18	693-701	applicat	
6-19	701-702	,	
6-20	703-715	confortantem	
6-21	716-722	sensum	
6-22	723-730	exhibet	
6-23	730-731	.	
6-24	732-733	i	
6-25	734-737	Non	
6-26	738-741	ita	
6-27	742-748	multum	
6-28	749-755	diftat	
6-29	755-756	,	
6-30	757-761	Odor	
6-31	762-772	aromaticus	
6-32	772-773	:	
6-33	774-777	hic	
6-34	778-782	fine	
6-35	783-788	dubio	
6-36	789-796	proprie	
6-37	797-800	fic	
6-38	801-807	dictum	
6-39	808-817	mercarium	
6-40	818-823	falis	
6-41	824-828	olei	
6-42	829-831	et	
6-43	832-833	'	
6-44	833-838	igném	
6-45	839-844	falis	
6-46	845-849	olei	
6-47	850-852	in	
6-48	853-855	fe	
6-49	856-864	continet	
6-50	864-865	.	

#Text=Non fal' abundat, non aqua, nec terra, fed fal volatile oleofum tenuiffimum fed multo igne refertum.
7-1	866-869	Non	
7-2	870-873	fal	
7-3	873-874	'	
7-4	875-882	abundat	
7-5	882-883	,	
7-6	884-887	non	
7-7	888-892	aqua	
7-8	892-893	,	
7-9	894-897	nec	
7-10	898-903	terra	
7-11	903-904	,	
7-12	905-908	fed	
7-13	909-912	fal	
7-14	913-921	volatile	
7-15	922-929	oleofum	
7-16	930-941	tenuiffimum	
7-17	942-945	fed	
7-18	946-951	multo	
7-19	952-956	igne	
7-20	957-965	refertum	
7-21	965-966	.	

#Text=Hinc huius materiae omnes multum olei aetherei largiuntur: plurimafaporem acrem continent et calorem infigniter augent: fed 'numne haec fine fale volatili oleoso-acido igneo cogitari poffunt?
8-1	967-971	Hinc	
8-2	972-977	huius	
8-3	978-986	materiae	
8-4	987-992	omnes	
8-5	993-999	multum	
8-6	1000-1004	olei	
8-7	1005-1013	aetherei	
8-8	1014-1024	largiuntur	
8-9	1024-1025	:	
8-10	1026-1040	plurimafaporem	
8-11	1041-1046	acrem	
8-12	1047-1056	continent	
8-13	1057-1059	et	
8-14	1060-1067	calorem	
8-15	1068-1078	infigniter	
8-16	1079-1085	augent	
8-17	1085-1086	:	
8-18	1087-1090	fed	
8-19	1091-1092	'	
8-20	1092-1097	numne	
8-21	1098-1102	haec	
8-22	1103-1107	fine	
8-23	1108-1112	fale	
8-24	1113-1121	volatili	
8-25	1122-1134	oleoso-acido	
8-26	1135-1140	igneo	
8-27	1141-1149	cogitari	
8-28	1150-1157	poffunt	
8-29	1157-1158	?	

#Text=Sal vero ipsum effentiale in his oleis diuerfum eft fc.
#Text=est vel magis tenue et tartareum vel vinofum magis vet magis cogens et ad lignorum acidum accedens.
9-1	1159-1162	Sal	
9-2	1163-1167	vero	
9-3	1168-1173	ipsum	
9-4	1174-1184	effentiale	
9-5	1185-1187	in	
9-6	1188-1191	his	
9-7	1192-1197	oleis	
9-8	1198-1206	diuerfum	
9-9	1207-1210	eft	
9-10	1211-1213	fc	
9-11	1213-1214	.	
9-12	1215-1218	est	
9-13	1219-1222	vel	
9-14	1223-1228	magis	
9-15	1229-1234	tenue	
9-16	1235-1237	et	
9-17	1238-1247	tartareum	
9-18	1248-1251	vel	
9-19	1252-1259	vinofum	
9-20	1260-1265	magis	
9-21	1266-1269	vet	
9-22	1270-1275	magis	
9-23	1276-1282	cogens	
9-24	1283-1285	et	
9-25	1286-1288	ad	
9-26	1289-1297	lignorum	
9-27	1298-1304	acidum	
9-28	1305-1313	accedens	
9-29	1313-1314	.	

#Text=Sed dantur etiam aromata blanda et his adfcribitur Odor am.
#Text=brosiacus."
10-1	1315-1318	Sed	
10-2	1319-1325	dantur	
10-3	1326-1331	etiam	
10-4	1332-1339	aromata	
10-5	1340-1346	blanda	
10-6	1347-1349	et	
10-7	1350-1353	his	
10-8	1354-1365	adfcribitur	
10-9	1366-1370	Odor	
10-10	1371-1373	am	
10-11	1373-1374	.	
10-12	1375-1384	brosiacus	
10-13	1384-1385	.	
10-14	1385-1386	"	

#Text=In his omnes odoratu aquae vires mucilaginosas et falino- inflammábiles distinguere poflunt.
11-1	1387-1389	In	
11-2	1390-1393	his	
11-3	1394-1399	omnes	
11-4	1400-1407	odoratu	
11-5	1408-1413	aquae	
11-6	1414-1419	vires	
11-7	1420-1433	mucilaginosas	
11-8	1434-1436	et	
11-9	1437-1443	falino	
11-10	1443-1444	-	
11-11	1445-1458	inflammábiles	
11-12	1459-1470	distinguere	
11-13	1471-1478	poflunt	
11-14	1478-1479	.	

#Text=Non acris est aromaticus, E. ignis non superat: fed tamen aromatici quid continet i. e. oleum aethereum diffolutum i. e. fal olei est blandum et blandities cogitari non potest sine aquae 'et terrae viribus i. e. fine viscoso E.
12-1	1480-1483	Non	
12-2	1484-1489	acris	
12-3	1490-1493	est	
12-4	1494-1504	aromaticus	
12-5	1504-1505	,	
12-6	1506-1507	E	
12-7	1507-1508	.	
12-8	1509-1514	ignis	
12-9	1515-1518	non	
12-10	1519-1526	superat	
12-11	1526-1527	:	
12-12	1528-1531	fed	
12-13	1532-1537	tamen	
12-14	1538-1547	aromatici	
12-15	1548-1552	quid	
12-16	1553-1561	continet	
12-17	1562-1563	i	
12-18	1563-1564	.	
12-19	1565-1566	e	
12-20	1566-1567	.	
12-21	1568-1573	oleum	
12-22	1574-1583	aethereum	
12-23	1584-1594	diffolutum	
12-24	1595-1596	i	
12-25	1596-1597	.	
12-26	1598-1599	e	
12-27	1599-1600	.	
12-28	1601-1604	fal	
12-29	1605-1609	olei	
12-30	1610-1613	est	
12-31	1614-1621	blandum	
12-32	1622-1624	et	
12-33	1625-1635	blandities	
12-34	1636-1644	cogitari	
12-35	1645-1648	non	
12-36	1649-1655	potest	
12-37	1656-1660	sine	
12-38	1661-1666	aquae	
12-39	1667-1668	'	
12-40	1668-1670	et	
12-41	1671-1677	terrae	
12-42	1678-1685	viribus	
12-43	1686-1687	i	
12-44	1687-1688	.	
12-45	1689-1690	e	
12-46	1690-1691	.	
12-47	1692-1696	fine	
12-48	1697-1704	viscoso	
12-49	1705-1706	E	
12-50	1706-1707	.	

#Text=Sal olei non igneum sed blandum ineft.
13-1	1708-1711	Sal	
13-2	1712-1716	olei	
13-3	1717-1720	non	
13-4	1721-1727	igneum	
13-5	1728-1731	sed	
13-6	1732-1739	blandum	
13-7	1740-1745	ineft	
13-8	1745-1746	.	

#Text=E. mercurius falis olei áqua temperatus.
14-1	1747-1748	E	
14-2	1748-1749	.	
14-3	1750-1759	mercurius	
14-4	1760-1765	falis	
14-5	1766-1770	olei	
14-6	1771-1775	áqua	
14-7	1776-1786	temperatus	
14-8	1786-1787	.	
