#FORMAT=WebAnno TSV 3.3


#Text=quod.
#Text=ipsum Theophrastus antea lib, de Odor, poltea Serapion & plerique alij fcripfe
#Text=
#Text=runt.
1-1	2-6	quod	
1-2	6-7	.	
1-3	8-13	ipsum	
1-4	14-26	Theophrastus	
1-5	27-32	antea	
1-6	33-36	lib	
1-7	36-37	,	
1-8	38-40	de	
1-9	41-45	Odor	
1-10	45-46	,	
1-11	47-53	poltea	
1-12	54-62	Serapion	
1-13	63-64	&	
1-14	65-73	plerique	
1-15	74-78	alij	
1-16	79-86	fcripfe	
1-17	88-92	runt	
1-18	92-93	.	

#Text=Qua quidem in re, Lib.
2-1	94-97	Qua	
2-2	98-104	quidem	
2-3	105-107	in	
2-4	108-110	re	
2-5	110-111	,	
2-6	112-115	Lib	
2-7	115-116	.	

#Text=V.cap.
#Text=eorum aliqui (praesertim
#Text=
#Text=verò Brodaeus in Miscella neis,&Salmafius in Plinianis Exercitationibus) Theo
#Text=
#Text=phrasto & Diofcoridi afsenPlinius ac.
#Text=tientes, Plinium erroris insimulant.
3-1	117-122	V.cap	
3-2	122-123	.	
3-3	124-129	eorum	
3-4	130-136	aliqui	
3-5	137-138	(	
3-6	138-148	praesertim	
3-7	150-154	verò	
3-8	155-163	Brodaeus	
3-9	164-166	in	
3-10	167-175	Miscella	
3-11	176-180	neis	
3-12	180-181	,	
3-13	181-182	&	
3-14	182-191	Salmafius	
3-15	192-194	in	
3-16	195-204	Plinianis	
3-17	205-221	Exercitationibus	
3-18	221-222	)	
3-19	223-227	Theo	
3-20	229-236	phrasto	
3-21	237-238	&	
3-22	239-249	Diofcoridi	
3-23	250-262	afsenPlinius	
3-24	263-265	ac	
3-25	265-266	.	
3-26	267-274	tientes	
3-27	274-275	,	
3-28	276-283	Plinium	
3-29	284-291	erroris	
3-30	292-302	insimulant	
3-31	302-303	.	

#Text=Vt vero huius
#Text=
#Text=er
#Text=
#Text=
#Text=
#Text=VII.
#Text=cufatus,
#Text=
#Text=
#Text=
#Text=
#Text=
#Text=de reuerà
#Text=
#Text=
#Text=
#Text=
#Text=
#Text=erroris culpam aliqua ex Plinius de
#Text=
#Text=parte eluere poffim;illud af
#Text=
#Text=serere non dubito, Stacten.
#Text=arte quidem fieri ; ac simul
#Text=
#Text=naturà nafcit: fiue natura Stade vn.
#Text=natam arte perfici.
#Text=fieri,in- nascatur.
#Text=quam sexca-myrrha, quae 다.
4-1	304-306	Vt	
4-2	307-311	vero	
4-3	312-317	huius	
4-4	319-321	er	
4-5	325-328	VII	
4-6	328-329	.	
4-7	330-337	cufatus	
4-8	337-338	,	
4-9	344-346	de	
4-10	347-353	reuerà	
4-11	359-366	erroris	
4-12	367-373	culpam	
4-13	374-380	aliqua	
4-14	381-383	ex	
4-15	384-391	Plinius	
4-16	392-394	de	
4-17	396-401	parte	
4-18	402-408	eluere	
4-19	409-415	poffim	
4-20	415-416	;	
4-21	416-421	illud	
4-22	422-424	af	
4-23	426-432	serere	
4-24	433-436	non	
4-25	437-443	dubito	
4-26	443-444	,	
4-27	445-452	Stacten	
4-28	452-453	.	
4-29	454-458	arte	
4-30	459-465	quidem	
4-31	466-471	fieri	
4-32	472-473	;	
4-33	474-476	ac	
4-34	477-482	simul	
4-35	484-490	naturà	
4-36	491-497	nafcit	
4-37	497-498	:	
4-38	499-503	fiue	
4-39	504-510	natura	
4-40	511-516	Stade	
4-41	517-519	vn	
4-42	519-520	.	
4-43	521-526	natam	
4-44	527-531	arte	
4-45	532-539	perfici	
4-46	539-540	.	
4-47	541-546	fieri	
4-48	546-547	,	
4-49	547-549	in	
4-50	549-550	-	
4-51	551-559	nascatur	
4-52	559-560	.	
4-53	561-565	quam	
4-54	566-578	sexca-myrrha	
4-55	578-579	,	
4-56	580-584	quae	
4-57	585-586	다	
4-58	586-587	.	

#Text=fpontè, non plaga', exarbon
#Text=
#Text=re manapit: tusa tamén
#Text=
#Text=
#Text=
#Text=aquá, aut(quodTheophras & ftus addit) oleo perfufa, in
#Text=
#Text=ftrumencoque exprefla.
#Text=11.
5-1	589-595	fpontè	
5-2	595-596	,	
5-3	597-600	non	
5-4	601-606	plaga	
5-5	606-607	'	
5-6	607-608	,	
5-7	609-616	exarbon	
5-8	618-620	re	
5-9	621-628	manapit	
5-10	628-629	:	
5-11	630-634	tusa	
5-12	635-640	tamén	
5-13	644-648	aquá	
5-14	648-649	,	
5-15	650-653	aut	
5-16	653-654	(	
5-17	654-667	quodTheophras	
5-18	668-669	&	
5-19	670-674	ftus	
5-20	675-680	addit	
5-21	680-681	)	
5-22	682-686	oleo	
5-23	687-694	perfufa	
5-24	694-695	,	
5-25	696-698	in	
5-26	700-712	ftrumencoque	
5-27	713-721	exprefla	
5-28	721-722	.	
5-29	723-725	11	
5-30	725-726	.	

#Text=Neque ineptèrid mihi vis
#Text=
#Text=deor commerrari .
#Text=nam
#Text=
#Text=cum ftacte puriffimus fit ac stafta quid
#Text=
#Text=pinguiffimiis myrrhae flos,
#Text=
#Text=fuauitate praeditus eximia,
#Text=
#Text=ex ea myrrha fiat, necelles
#Text=
#Text=eft, quae pinguior, odora-
#Text=
#Text=
#Text=
#Text=
#Text=
#Text=S
#Text=
#Text=
#Text=
#Text=
#Text=
#Text=entia minus odorata, ta
#Text=
#Text=
#Text=
#Text=cior , praeftantiorque fit, quaeque proinde fpontes manet benè cocta subactaque ; non verò plaga & ui praeproperè euocetur , vc Diofcorides haud obfcurè
#Text=
#Text=docet lib. 1. cap.
6-1	727-732	Neque	
6-2	733-742	ineptèrid	
6-3	743-747	mihi	
6-4	748-751	vis	
6-5	753-757	deor	
6-6	758-768	commerrari	
6-7	769-770	.	
6-8	771-774	nam	
6-9	776-779	cum	
6-10	780-786	ftacte	
6-11	787-797	puriffimus	
6-12	798-801	fit	
6-13	802-804	ac	
6-14	805-811	stafta	
6-15	812-816	quid	
6-16	818-831	pinguiffimiis	
6-17	832-839	myrrhae	
6-18	840-844	flos	
6-19	844-845	,	
6-20	847-856	fuauitate	
6-21	857-866	praeditus	
6-22	867-873	eximia	
6-23	873-874	,	
6-24	876-878	ex	
6-25	879-881	ea	
6-26	882-888	myrrha	
6-27	889-893	fiat	
6-28	893-894	,	
6-29	895-903	necelles	
6-30	905-908	eft	
6-31	908-909	,	
6-32	910-914	quae	
6-33	915-923	pinguior	
6-34	923-924	,	
6-35	925-930	odora	
6-36	930-931	-	
6-37	937-938	S	
6-38	944-949	entia	
6-39	950-955	minus	
6-40	956-963	odorata	
6-41	963-964	,	
6-42	965-967	ta	
6-43	971-975	cior	
6-44	976-977	,	
6-45	978-993	praeftantiorque	
6-46	994-997	fit	
6-47	997-998	,	
6-48	999-1006	quaeque	
6-49	1007-1014	proinde	
6-50	1015-1022	fpontes	
6-51	1023-1028	manet	
6-52	1029-1033	benè	
6-53	1034-1039	cocta	
6-54	1040-1050	subactaque	
6-55	1051-1052	;	
6-56	1053-1056	non	
6-57	1057-1061	verò	
6-58	1062-1067	plaga	
6-59	1068-1069	&	
6-60	1070-1072	ui	
6-61	1073-1084	praeproperè	
6-62	1085-1093	euocetur	
6-63	1094-1095	,	
6-64	1096-1098	vc	
6-65	1099-1110	Diofcorides	
6-66	1111-1115	haud	
6-67	1116-1123	obfcurè	
6-68	1125-1130	docet	
6-69	1131-1134	lib	
6-70	1134-1135	.	
6-71	1136-1137	1	
6-72	1137-1138	.	
6-73	1139-1142	cap	
6-74	1142-1143	.	

#Text=LXVII.
7-1	1144-1149	LXVII	
7-2	1149-1150	.	

#Text=E plaga flu.
8-1	1151-1152	E	
8-2	1153-1158	plaga	
8-3	1159-1162	flu	
8-4	1162-1163	.	

#Text=Etenim ea , quæ ex vulnera
#Text=
#Text=arbore fluunt,aquea magis sunt, minds cocta, & om dorata minùs : ea verò,quae fponte sudat arbor , superuacaneo alimento , probe tamen cocto , turgefcens, longè odora tiora funr.quippe: e mirabili illa naturae
#Text=
#Text=officina non praematurè ac Sponte Auë intempestiuè vulnere euocata, fed certo conftituto
#Text=
#Text=que
#Text=
#Text=
#Text=
#Text=tia magis odorata,
#Text=
#Text=
#Text=
#Text=
#Text=
#Text=Dioscorides
#Text=
#Text=
#Text=
#Text=
#Text=
#Text=ار
#Text=
#Text=
#Text=
#Text=
#Text=
#Text=que a natura tempore pro deuntia.
9-1	1164-1170	Etenim	
9-2	1171-1173	ea	
9-3	1174-1175	,	
9-4	1176-1179	quæ	
9-5	1180-1182	ex	
9-6	1183-1190	vulnera	
9-7	1192-1198	arbore	
9-8	1199-1205	fluunt	
9-9	1205-1206	,	
9-10	1206-1211	aquea	
9-11	1212-1217	magis	
9-12	1218-1222	sunt	
9-13	1222-1223	,	
9-14	1224-1229	minds	
9-15	1230-1235	cocta	
9-16	1235-1236	,	
9-17	1237-1238	&	
9-18	1239-1241	om	
9-19	1242-1248	dorata	
9-20	1249-1254	minùs	
9-21	1255-1256	:	
9-22	1257-1259	ea	
9-23	1260-1264	verò	
9-24	1264-1265	,	
9-25	1265-1269	quae	
9-26	1270-1276	fponte	
9-27	1277-1282	sudat	
9-28	1283-1288	arbor	
9-29	1289-1290	,	
9-30	1291-1303	superuacaneo	
9-31	1304-1312	alimento	
9-32	1313-1314	,	
9-33	1315-1320	probe	
9-34	1321-1326	tamen	
9-35	1327-1332	cocto	
9-36	1333-1334	,	
9-37	1335-1345	turgefcens	
9-38	1345-1346	,	
9-39	1347-1352	longè	
9-40	1353-1358	odora	
9-41	1359-1364	tiora	
9-42	1365-1376	funr.quippe	
9-43	1376-1377	:	
9-44	1378-1379	e	
9-45	1380-1388	mirabili	
9-46	1389-1393	illa	
9-47	1394-1401	naturae	
9-48	1403-1411	officina	
9-49	1412-1415	non	
9-50	1416-1426	praematurè	
9-51	1427-1429	ac	
9-52	1430-1436	Sponte	
9-53	1437-1440	Auë	
9-54	1441-1453	intempestiuè	
9-55	1454-1461	vulnere	
9-56	1462-1469	euocata	
9-57	1469-1470	,	
9-58	1471-1474	fed	
9-59	1475-1480	certo	
9-60	1481-1491	conftituto	
9-61	1493-1496	que	
9-62	1500-1503	tia	
9-63	1504-1509	magis	
9-64	1510-1517	odorata	
9-65	1517-1518	,	
9-66	1524-1535	Dioscorides	
9-67	1541-1543	ار	
9-68	1549-1552	que	
9-69	1553-1554	a	
9-70	1555-1561	natura	
9-71	1562-1569	tempore	
9-72	1570-1573	pro	
9-73	1574-1581	deuntia	
9-74	1581-1582	.	

#Text=Itaque stacta verè ex arbore , vt ait Plinius Plinius , & sponte exudat, extillatque : illuftrati .
#Text=verè, quod Diofcorides ad dit , arte elaboratur, hoc **** eft, perficitur.
10-1	1583-1589	Itaque	
10-2	1590-1596	stacta	
10-3	1597-1601	verè	
10-4	1602-1604	ex	
10-5	1605-1611	arbore	
10-6	1612-1613	,	
10-7	1614-1616	vt	
10-8	1617-1620	ait	
10-9	1621-1628	Plinius	
10-10	1629-1636	Plinius	
10-11	1637-1638	,	
10-12	1639-1640	&	
10-13	1641-1647	sponte	
10-14	1648-1654	exudat	
10-15	1654-1655	,	
10-16	1656-1667	extillatque	
10-17	1668-1669	:	
10-18	1670-1680	illuftrati	
10-19	1681-1682	.	
10-20	1683-1687	verè	
10-21	1687-1688	,	
10-22	1689-1693	quod	
10-23	1694-1705	Diofcorides	
10-24	1706-1708	ad	
10-25	1709-1712	dit	
10-26	1713-1714	,	
10-27	1715-1719	arte	
10-28	1720-1730	elaboratur	
10-29	1730-1731	,	
10-30	1732-1735	hoc	
10-31	1736-1737	*	
10-32	1737-1738	*	
10-33	1738-1739	*	
10-34	1739-1740	*	
10-35	1741-1744	eft	
10-36	1744-1745	,	
10-37	1746-1756	perficitur	
10-38	1756-1757	.	

#Text=Quod fi quis, Scachum in Myrot: sequu tus, duplicem esse stacten, Scacłe an asseuerare voluerit, áltéřam duplex : Diofcoridisse myrrha expres fam; Plinijalteram, fponte, fuentem; per me licet,non morosus recufo.
11-1	1758-1762	Quod	
11-2	1763-1765	fi	
11-3	1766-1770	quis	
11-4	1770-1771	,	
11-5	1772-1779	Scachum	
11-6	1780-1782	in	
11-7	1783-1788	Myrot	
11-8	1788-1789	:	
11-9	1790-1795	sequu	
11-10	1796-1799	tus	
11-11	1799-1800	,	
11-12	1801-1809	duplicem	
11-13	1810-1814	esse	
11-14	1815-1822	stacten	
11-15	1822-1823	,	
11-16	1824-1830	Scacłe	
11-17	1831-1833	an	
11-18	1834-1844	asseuerare	
11-19	1845-1853	voluerit	
11-20	1853-1854	,	
11-21	1855-1862	áltéřam	
11-22	1863-1869	duplex	
11-23	1870-1871	:	
11-24	1872-1885	Diofcoridisse	
11-25	1886-1892	myrrha	
11-26	1893-1899	expres	
11-27	1900-1903	fam	
11-28	1903-1904	;	
11-29	1905-1918	Plinijalteram	
11-30	1918-1919	,	
11-31	1920-1926	fponte	
11-32	1926-1927	,	
11-33	1928-1935	fuentem	
11-34	1935-1936	;	
11-35	1937-1940	per	
11-36	1941-1943	me	
11-37	1944-1949	licet	
11-38	1949-1950	,	
11-39	1950-1953	non	
11-40	1954-1961	morosus	
11-41	1962-1968	recufo	
11-42	1968-1969	.	
