{"_context" : {
    "_types" : {
      "DocumentMetaData" : {
        "_feature_types" : {"sofa" : "_ref" } }, 
      "Relation" : {
        "_feature_types" : {"sofa" : "_ref",  "Dependent" : "_ref",  "Governor" : "_ref" } }, 
      "Sentence" : {
        "_feature_types" : {"sofa" : "_ref" } }, 
      "Sofa" : {
        "_feature_types" : {"sofaArray" : "_ref" } }, 
      "Span" : {
        "_feature_types" : {"sofa" : "_ref" } }, 
      "TagsetDescription" : {
        "_feature_types" : {"sofa" : "_ref",  "tags" : "_ref" } }, 
      "Token" : {
        "_feature_types" : {"sofa" : "_ref",  "parent" : "_ref",  "lemma" : "_ref",  "stem" : "_ref",  "pos" : "_ref",  "morph" : "_ref",  "form" : "_ref" } }, 
      "DocumentAnnotation" : {
        "_feature_types" : {"sofa" : "_ref" }, 
        "_subtypes" : ["DocumentMetaData" ] }, 
      "Annotation" : {
        "_feature_types" : {"sofa" : "_ref" }, 
        "_subtypes" : ["DocumentAnnotation",  "Relation",  "Sentence",  "Span",  "TagsetDescription",  "Token" ] }, 
      "AnnotationBase" : {
        "_feature_types" : {"sofa" : "_ref" }, 
        "_subtypes" : ["Annotation" ] }, 
      "TOP" : {
        "_subtypes" : ["AnnotationBase",  "Sofa" ] } } }, 
  "_views" : {
    "_InitialView" : {
      "Relation" : [
        {"sofa" : 1,  "begin" : 273,  "end" : 279,  "Dependent" : 9577,  "Governor" : 9582 }, 
        {"sofa" : 1,  "begin" : 273,  "end" : 279,  "Dependent" : 9577,  "Governor" : 9587 }, 
        {"sofa" : 1,  "begin" : 273,  "end" : 279,  "Dependent" : 9577,  "Governor" : 9606 }, 
        {"sofa" : 1,  "begin" : 356,  "end" : 361,  "Dependent" : 9664,  "Governor" : 9676,  "label" : "Anaphoric" }, 
        {"sofa" : 1,  "begin" : 362,  "end" : 371,  "Dependent" : 9647,  "Governor" : 9652 }, 
        {"sofa" : 1,  "begin" : 362,  "end" : 371,  "Dependent" : 9647,  "Governor" : 9664 }, 
        {"sofa" : 1,  "begin" : 473,  "end" : 480,  "Dependent" : 9618,  "Governor" : 9623 }, 
        {"sofa" : 1,  "begin" : 473,  "end" : 480,  "Dependent" : 9618,  "Governor" : 9635 } ], 
      "Span" : [9676,  9606,  9577,  9582,  9587,  9664,  9647,  9652,  9623,  9618,  9635 ], 
      "DocumentMetaData" : [
        {"sofa" : 1,  "end" : 3509,  "language" : "x-unspecified",  "documentTitle" : "045E%20Samuel%20Clarke%201670%20A%20true%20and%20faithful%20account%20of%20the%20four%20chiefest%20plantations%20of%20the%20English%20in%20America__45_distribution_TRAV.txt",  "documentId" : "satonelli",  "documentUri" : "file:/home/dhuser/alessio/inception/repository/project/29/document/8692/source/satonelli",  "collectionId" : "file:/home/dhuser/alessio/inception/repository/project/29/document/8692/source/",  "documentBaseUri" : "file:/home/dhuser/alessio/inception/repository/project/29/document/8692/source/",  "isLastSegment" : false } ], 
      "TagsetDescription" : [
        {"sofa" : 1,  "layer" : "webanno.custom.Emotions",  "name" : "Emotion Labels",  "input" : false }, 
        {"sofa" : 1,  "layer" : "custom.Relation",  "name" : "Relation labels",  "input" : false }, 
        {"sofa" : 1,  "layer" : "custom.Span",  "name" : "Smell labels",  "input" : false } ], 
      "Sentence" : [
        {"sofa" : 1,  "end" : 30 }, 
        {"sofa" : 1,  "begin" : 31,  "end" : 155 }, 
        {"sofa" : 1,  "begin" : 156,  "end" : 203 }, 
        {"sofa" : 1,  "begin" : 204,  "end" : 453 }, 
        {"sofa" : 1,  "begin" : 454,  "end" : 511 }, 
        {"sofa" : 1,  "begin" : 512,  "end" : 593 }, 
        {"sofa" : 1,  "begin" : 594,  "end" : 1020 }, 
        {"sofa" : 1,  "begin" : 1021,  "end" : 1396 }, 
        {"sofa" : 1,  "begin" : 1397,  "end" : 1643 }, 
        {"sofa" : 1,  "begin" : 1644,  "end" : 1800 }, 
        {"sofa" : 1,  "begin" : 1801,  "end" : 2107 }, 
        {"sofa" : 1,  "begin" : 2108,  "end" : 2214 }, 
        {"sofa" : 1,  "begin" : 2215,  "end" : 2385 }, 
        {"sofa" : 1,  "begin" : 2386,  "end" : 2489 }, 
        {"sofa" : 1,  "begin" : 2491,  "end" : 2538 }, 
        {"sofa" : 1,  "begin" : 2539,  "end" : 2574 }, 
        {"sofa" : 1,  "begin" : 2575,  "end" : 2755 }, 
        {"sofa" : 1,  "begin" : 2756,  "end" : 2841 }, 
        {"sofa" : 1,  "begin" : 2842,  "end" : 2941 }, 
        {"sofa" : 1,  "begin" : 2942,  "end" : 3032 }, 
        {"sofa" : 1,  "begin" : 3033,  "end" : 3221 }, 
        {"sofa" : 1,  "begin" : 3222,  "end" : 3409 }, 
        {"sofa" : 1,  "begin" : 3410,  "end" : 3462 }, 
        {"sofa" : 1,  "begin" : 3463,  "end" : 3508 } ], 
      "Token" : [
        {"sofa" : 1,  "end" : 2 }, 
        {"sofa" : 1,  "begin" : 3,  "end" : 9 }, 
        {"sofa" : 1,  "begin" : 10,  "end" : 16 }, 
        {"sofa" : 1,  "begin" : 17,  "end" : 19 }, 
        {"sofa" : 1,  "begin" : 20,  "end" : 23 }, 
        {"sofa" : 1,  "begin" : 24,  "end" : 29 }, 
        {"sofa" : 1,  "begin" : 29,  "end" : 30 }, 
        {"sofa" : 1,  "begin" : 31,  "end" : 36 }, 
        {"sofa" : 1,  "begin" : 37,  "end" : 43 }, 
        {"sofa" : 1,  "begin" : 44,  "end" : 47 }, 
        {"sofa" : 1,  "begin" : 48,  "end" : 52 }, 
        {"sofa" : 1,  "begin" : 53,  "end" : 55 }, 
        {"sofa" : 1,  "begin" : 56,  "end" : 60 }, 
        {"sofa" : 1,  "begin" : 61,  "end" : 66 }, 
        {"sofa" : 1,  "begin" : 66,  "end" : 67 }, 
        {"sofa" : 1,  "begin" : 68,  "end" : 71 }, 
        {"sofa" : 1,  "begin" : 72,  "end" : 77 }, 
        {"sofa" : 1,  "begin" : 78,  "end" : 83 }, 
        {"sofa" : 1,  "begin" : 84,  "end" : 87 }, 
        {"sofa" : 1,  "begin" : 88,  "end" : 94 }, 
        {"sofa" : 1,  "begin" : 95,  "end" : 97 }, 
        {"sofa" : 1,  "begin" : 98,  "end" : 102 }, 
        {"sofa" : 1,  "begin" : 103,  "end" : 105 }, 
        {"sofa" : 1,  "begin" : 106,  "end" : 112 }, 
        {"sofa" : 1,  "begin" : 112,  "end" : 113 }, 
        {"sofa" : 1,  "begin" : 114,  "end" : 119 }, 
        {"sofa" : 1,  "begin" : 120,  "end" : 123 }, 
        {"sofa" : 1,  "begin" : 124,  "end" : 126 }, 
        {"sofa" : 1,  "begin" : 127,  "end" : 129 }, 
        {"sofa" : 1,  "begin" : 130,  "end" : 134 }, 
        {"sofa" : 1,  "begin" : 135,  "end" : 138 }, 
        {"sofa" : 1,  "begin" : 139,  "end" : 142 }, 
        {"sofa" : 1,  "begin" : 143,  "end" : 147 }, 
        {"sofa" : 1,  "begin" : 148,  "end" : 154 }, 
        {"sofa" : 1,  "begin" : 154,  "end" : 155 }, 
        {"sofa" : 1,  "begin" : 156,  "end" : 163 }, 
        {"sofa" : 1,  "begin" : 164,  "end" : 168 }, 
        {"sofa" : 1,  "begin" : 169,  "end" : 173 }, 
        {"sofa" : 1,  "begin" : 174,  "end" : 175 }, 
        {"sofa" : 1,  "begin" : 176,  "end" : 180 }, 
        {"sofa" : 1,  "begin" : 181,  "end" : 184 }, 
        {"sofa" : 1,  "begin" : 185,  "end" : 188 }, 
        {"sofa" : 1,  "begin" : 189,  "end" : 194 }, 
        {"sofa" : 1,  "begin" : 195,  "end" : 202 }, 
        {"sofa" : 1,  "begin" : 202,  "end" : 203 }, 
        {"sofa" : 1,  "begin" : 204,  "end" : 214 }, 
        {"sofa" : 1,  "begin" : 215,  "end" : 218 }, 
        {"sofa" : 1,  "begin" : 219,  "end" : 225 }, 
        {"sofa" : 1,  "begin" : 226,  "end" : 230 }, 
        {"sofa" : 1,  "begin" : 231,  "end" : 238 }, 
        {"sofa" : 1,  "begin" : 238,  "end" : 239 }, 
        {"sofa" : 1,  "begin" : 240,  "end" : 243 }, 
        {"sofa" : 1,  "begin" : 244,  "end" : 247 }, 
        {"sofa" : 1,  "begin" : 248,  "end" : 250 }, 
        {"sofa" : 1,  "begin" : 251,  "end" : 254 }, 
        {"sofa" : 1,  "begin" : 254,  "end" : 255 }, 
        {"sofa" : 1,  "begin" : 256,  "end" : 259 }, 
        {"sofa" : 1,  "begin" : 260,  "end" : 265 }, 
        {"sofa" : 1,  "begin" : 266,  "end" : 272 }, 
        {"sofa" : 1,  "begin" : 273,  "end" : 279 }, 
        {"sofa" : 1,  "begin" : 280,  "end" : 282 }, 
        {"sofa" : 1,  "begin" : 283,  "end" : 288 }, 
        {"sofa" : 1,  "begin" : 289,  "end" : 291 }, 
        {"sofa" : 1,  "begin" : 292,  "end" : 296 }, 
        {"sofa" : 1,  "begin" : 296,  "end" : 297 }, 
        {"sofa" : 1,  "begin" : 298,  "end" : 301 }, 
        {"sofa" : 1,  "begin" : 302,  "end" : 307 }, 
        {"sofa" : 1,  "begin" : 308,  "end" : 314 }, 
        {"sofa" : 1,  "begin" : 315,  "end" : 317 }, 
        {"sofa" : 1,  "begin" : 318,  "end" : 324 }, 
        {"sofa" : 1,  "begin" : 325,  "end" : 327 }, 
        {"sofa" : 1,  "begin" : 328,  "end" : 331 }, 
        {"sofa" : 1,  "begin" : 332,  "end" : 338 }, 
        {"sofa" : 1,  "begin" : 339,  "end" : 343 }, 
        {"sofa" : 1,  "begin" : 344,  "end" : 349 }, 
        {"sofa" : 1,  "begin" : 350,  "end" : 355 }, 
        {"sofa" : 1,  "begin" : 356,  "end" : 361 }, 
        {"sofa" : 1,  "begin" : 362,  "end" : 371 }, 
        {"sofa" : 1,  "begin" : 371,  "end" : 372 }, 
        {"sofa" : 1,  "begin" : 373,  "end" : 377 }, 
        {"sofa" : 1,  "begin" : 378,  "end" : 381 }, 
        {"sofa" : 1,  "begin" : 382,  "end" : 384 }, 
        {"sofa" : 1,  "begin" : 385,  "end" : 391 }, 
        {"sofa" : 1,  "begin" : 392,  "end" : 396 }, 
        {"sofa" : 1,  "begin" : 397,  "end" : 407 }, 
        {"sofa" : 1,  "begin" : 407,  "end" : 408 }, 
        {"sofa" : 1,  "begin" : 409,  "end" : 412 }, 
        {"sofa" : 1,  "begin" : 413,  "end" : 416 }, 
        {"sofa" : 1,  "begin" : 417,  "end" : 420 }, 
        {"sofa" : 1,  "begin" : 421,  "end" : 425 }, 
        {"sofa" : 1,  "begin" : 426,  "end" : 429 }, 
        {"sofa" : 1,  "begin" : 430,  "end" : 434 }, 
        {"sofa" : 1,  "begin" : 435,  "end" : 444 }, 
        {"sofa" : 1,  "begin" : 445,  "end" : 446 }, 
        {"sofa" : 1,  "begin" : 447,  "end" : 452 }, 
        {"sofa" : 1,  "begin" : 452,  "end" : 453 }, 
        {"sofa" : 1,  "begin" : 454,  "end" : 457 }, 
        {"sofa" : 1,  "begin" : 458,  "end" : 462 }, 
        {"sofa" : 1,  "begin" : 463,  "end" : 467 }, 
        {"sofa" : 1,  "begin" : 468,  "end" : 472 }, 
        {"sofa" : 1,  "begin" : 473,  "end" : 480 }, 
        {"sofa" : 1,  "begin" : 481,  "end" : 482 }, 
        {"sofa" : 1,  "begin" : 483,  "end" : 488 }, 
        {"sofa" : 1,  "begin" : 489,  "end" : 494 }, 
        {"sofa" : 1,  "begin" : 495,  "end" : 499 }, 
        {"sofa" : 1,  "begin" : 500,  "end" : 502 }, 
        {"sofa" : 1,  "begin" : 503,  "end" : 510 }, 
        {"sofa" : 1,  "begin" : 510,  "end" : 511 }, 
        {"sofa" : 1,  "begin" : 512,  "end" : 515 }, 
        {"sofa" : 1,  "begin" : 516,  "end" : 522 }, 
        {"sofa" : 1,  "begin" : 523,  "end" : 529 }, 
        {"sofa" : 1,  "begin" : 530,  "end" : 533 }, 
        {"sofa" : 1,  "begin" : 534,  "end" : 547 }, 
        {"sofa" : 1,  "begin" : 548,  "end" : 553 }, 
        {"sofa" : 1,  "begin" : 554,  "end" : 557 }, 
        {"sofa" : 1,  "begin" : 558,  "end" : 562 }, 
        {"sofa" : 1,  "begin" : 563,  "end" : 567 }, 
        {"sofa" : 1,  "begin" : 568,  "end" : 570 }, 
        {"sofa" : 1,  "begin" : 571,  "end" : 572 }, 
        {"sofa" : 1,  "begin" : 573,  "end" : 583 }, 
        {"sofa" : 1,  "begin" : 584,  "end" : 592 }, 
        {"sofa" : 1,  "begin" : 592,  "end" : 593 }, 
        {"sofa" : 1,  "begin" : 594,  "end" : 597 }, 
        {"sofa" : 1,  "begin" : 598,  "end" : 602 }, 
        {"sofa" : 1,  "begin" : 603,  "end" : 605 }, 
        {"sofa" : 1,  "begin" : 606,  "end" : 611 }, 
        {"sofa" : 1,  "begin" : 612,  "end" : 615 }, 
        {"sofa" : 1,  "begin" : 616,  "end" : 621 }, 
        {"sofa" : 1,  "begin" : 621,  "end" : 622 }, 
        {"sofa" : 1,  "begin" : 623,  "end" : 627 }, 
        {"sofa" : 1,  "begin" : 628,  "end" : 633 }, 
        {"sofa" : 1,  "begin" : 634,  "end" : 639 }, 
        {"sofa" : 1,  "begin" : 639,  "end" : 640 }, 
        {"sofa" : 1,  "begin" : 641,  "end" : 645 }, 
        {"sofa" : 1,  "begin" : 646,  "end" : 650 }, 
        {"sofa" : 1,  "begin" : 651,  "end" : 652 }, 
        {"sofa" : 1,  "begin" : 653,  "end" : 657 }, 
        {"sofa" : 1,  "begin" : 658,  "end" : 664 }, 
        {"sofa" : 1,  "begin" : 664,  "end" : 665 }, 
        {"sofa" : 1,  "begin" : 666,  "end" : 669 }, 
        {"sofa" : 1,  "begin" : 670,  "end" : 676 }, 
        {"sofa" : 1,  "begin" : 677,  "end" : 681 }, 
        {"sofa" : 1,  "begin" : 682,  "end" : 683 }, 
        {"sofa" : 1,  "begin" : 684,  "end" : 689 }, 
        {"sofa" : 1,  "begin" : 689,  "end" : 690 }, 
        {"sofa" : 1,  "begin" : 691,  "end" : 692 }, 
        {"sofa" : 1,  "begin" : 693,  "end" : 698 }, 
        {"sofa" : 1,  "begin" : 699,  "end" : 703 }, 
        {"sofa" : 1,  "begin" : 704,  "end" : 708 }, 
        {"sofa" : 1,  "begin" : 709,  "end" : 710 }, 
        {"sofa" : 1,  "begin" : 711,  "end" : 720 }, 
        {"sofa" : 1,  "begin" : 720,  "end" : 721 }, 
        {"sofa" : 1,  "begin" : 722,  "end" : 726 }, 
        {"sofa" : 1,  "begin" : 727,  "end" : 732 }, 
        {"sofa" : 1,  "begin" : 733,  "end" : 736 }, 
        {"sofa" : 1,  "begin" : 737,  "end" : 743 }, 
        {"sofa" : 1,  "begin" : 743,  "end" : 744 }, 
        {"sofa" : 1,  "begin" : 745,  "end" : 748 }, 
        {"sofa" : 1,  "begin" : 749,  "end" : 753 }, 
        {"sofa" : 1,  "begin" : 754,  "end" : 756 }, 
        {"sofa" : 1,  "begin" : 757,  "end" : 766 }, 
        {"sofa" : 1,  "begin" : 767,  "end" : 771 }, 
        {"sofa" : 1,  "begin" : 772,  "end" : 774 }, 
        {"sofa" : 1,  "begin" : 775,  "end" : 781 }, 
        {"sofa" : 1,  "begin" : 781,  "end" : 782 }, 
        {"sofa" : 1,  "begin" : 783,  "end" : 789 }, 
        {"sofa" : 1,  "begin" : 790,  "end" : 794 }, 
        {"sofa" : 1,  "begin" : 795,  "end" : 798 }, 
        {"sofa" : 1,  "begin" : 799,  "end" : 808 }, 
        {"sofa" : 1,  "begin" : 809,  "end" : 811 }, 
        {"sofa" : 1,  "begin" : 812,  "end" : 816 }, 
        {"sofa" : 1,  "begin" : 817,  "end" : 823 }, 
        {"sofa" : 1,  "begin" : 823,  "end" : 824 }, 
        {"sofa" : 1,  "begin" : 825,  "end" : 828 }, 
        {"sofa" : 1,  "begin" : 829,  "end" : 834 }, 
        {"sofa" : 1,  "begin" : 835,  "end" : 838 }, 
        {"sofa" : 1,  "begin" : 839,  "end" : 842 }, 
        {"sofa" : 1,  "begin" : 843,  "end" : 850 }, 
        {"sofa" : 1,  "begin" : 850,  "end" : 851 }, 
        {"sofa" : 1,  "begin" : 852,  "end" : 857 }, 
        {"sofa" : 1,  "begin" : 858,  "end" : 861 }, 
        {"sofa" : 1,  "begin" : 862,  "end" : 867 }, 
        {"sofa" : 1,  "begin" : 867,  "end" : 868 }, 
        {"sofa" : 1,  "begin" : 869,  "end" : 873 }, 
        {"sofa" : 1,  "begin" : 874,  "end" : 879 }, 
        {"sofa" : 1,  "begin" : 880,  "end" : 882 }, 
        {"sofa" : 1,  "begin" : 883,  "end" : 887 }, 
        {"sofa" : 1,  "begin" : 888,  "end" : 892 }, 
        {"sofa" : 1,  "begin" : 893,  "end" : 898 }, 
        {"sofa" : 1,  "begin" : 899,  "end" : 901 }, 
        {"sofa" : 1,  "begin" : 902,  "end" : 905 }, 
        {"sofa" : 1,  "begin" : 906,  "end" : 908 }, 
        {"sofa" : 1,  "begin" : 909,  "end" : 910 }, 
        {"sofa" : 1,  "begin" : 911,  "end" : 915 }, 
        {"sofa" : 1,  "begin" : 916,  "end" : 921 }, 
        {"sofa" : 1,  "begin" : 921,  "end" : 922 }, 
        {"sofa" : 1,  "begin" : 923,  "end" : 925 }, 
        {"sofa" : 1,  "begin" : 926,  "end" : 932 }, 
        {"sofa" : 1,  "begin" : 932,  "end" : 933 }, 
        {"sofa" : 1,  "begin" : 934,  "end" : 939 }, 
        {"sofa" : 1,  "begin" : 940,  "end" : 950 }, 
        {"sofa" : 1,  "begin" : 951,  "end" : 953 }, 
        {"sofa" : 1,  "begin" : 954,  "end" : 961 }, 
        {"sofa" : 1,  "begin" : 962,  "end" : 966 }, 
        {"sofa" : 1,  "begin" : 967,  "end" : 974 }, 
        {"sofa" : 1,  "begin" : 975,  "end" : 984 }, 
        {"sofa" : 1,  "begin" : 985,  "end" : 987 }, 
        {"sofa" : 1,  "begin" : 988,  "end" : 991 }, 
        {"sofa" : 1,  "begin" : 992,  "end" : 996 }, 
        {"sofa" : 1,  "begin" : 997,  "end" : 1001 }, 
        {"sofa" : 1,  "begin" : 1002,  "end" : 1005 }, 
        {"sofa" : 1,  "begin" : 1006,  "end" : 1015 }, 
        {"sofa" : 1,  "begin" : 1016,  "end" : 1019 }, 
        {"sofa" : 1,  "begin" : 1019,  "end" : 1020 }, 
        {"sofa" : 1,  "begin" : 1021,  "end" : 1023 }, 
        {"sofa" : 1,  "begin" : 1024,  "end" : 1027 }, 
        {"sofa" : 1,  "begin" : 1028,  "end" : 1034 }, 
        {"sofa" : 1,  "begin" : 1035,  "end" : 1037 }, 
        {"sofa" : 1,  "begin" : 1038,  "end" : 1041 }, 
        {"sofa" : 1,  "begin" : 1042,  "end" : 1046 }, 
        {"sofa" : 1,  "begin" : 1047,  "end" : 1049 }, 
        {"sofa" : 1,  "begin" : 1050,  "end" : 1055 }, 
        {"sofa" : 1,  "begin" : 1056,  "end" : 1059 }, 
        {"sofa" : 1,  "begin" : 1060,  "end" : 1063 }, 
        {"sofa" : 1,  "begin" : 1063,  "end" : 1064 }, 
        {"sofa" : 1,  "begin" : 1065,  "end" : 1069 }, 
        {"sofa" : 1,  "begin" : 1070,  "end" : 1077 }, 
        {"sofa" : 1,  "begin" : 1078,  "end" : 1083 }, 
        {"sofa" : 1,  "begin" : 1084,  "end" : 1087 }, 
        {"sofa" : 1,  "begin" : 1087,  "end" : 1088 }, 
        {"sofa" : 1,  "begin" : 1089,  "end" : 1091 }, 
        {"sofa" : 1,  "begin" : 1092,  "end" : 1095 }, 
        {"sofa" : 1,  "begin" : 1096,  "end" : 1098 }, 
        {"sofa" : 1,  "begin" : 1099,  "end" : 1102 }, 
        {"sofa" : 1,  "begin" : 1103,  "end" : 1107 }, 
        {"sofa" : 1,  "begin" : 1107,  "end" : 1108 }, 
        {"sofa" : 1,  "begin" : 1109,  "end" : 1114 }, 
        {"sofa" : 1,  "begin" : 1115,  "end" : 1117 }, 
        {"sofa" : 1,  "begin" : 1118,  "end" : 1122 }, 
        {"sofa" : 1,  "begin" : 1123,  "end" : 1127 }, 
        {"sofa" : 1,  "begin" : 1128,  "end" : 1134 }, 
        {"sofa" : 1,  "begin" : 1134,  "end" : 1135 }, 
        {"sofa" : 1,  "begin" : 1136,  "end" : 1141 }, 
        {"sofa" : 1,  "begin" : 1142,  "end" : 1148 }, 
        {"sofa" : 1,  "begin" : 1149,  "end" : 1154 }, 
        {"sofa" : 1,  "begin" : 1155,  "end" : 1157 }, 
        {"sofa" : 1,  "begin" : 1158,  "end" : 1163 }, 
        {"sofa" : 1,  "begin" : 1163,  "end" : 1164 }, 
        {"sofa" : 1,  "begin" : 1165,  "end" : 1170 }, 
        {"sofa" : 1,  "begin" : 1171,  "end" : 1174 }, 
        {"sofa" : 1,  "begin" : 1175,  "end" : 1180 }, 
        {"sofa" : 1,  "begin" : 1181,  "end" : 1186 }, 
        {"sofa" : 1,  "begin" : 1187,  "end" : 1189 }, 
        {"sofa" : 1,  "begin" : 1190,  "end" : 1193 }, 
        {"sofa" : 1,  "begin" : 1194,  "end" : 1202 }, 
        {"sofa" : 1,  "begin" : 1203,  "end" : 1208 }, 
        {"sofa" : 1,  "begin" : 1209,  "end" : 1214 }, 
        {"sofa" : 1,  "begin" : 1214,  "end" : 1215 }, 
        {"sofa" : 1,  "begin" : 1216,  "end" : 1219 }, 
        {"sofa" : 1,  "begin" : 1220,  "end" : 1226 }, 
        {"sofa" : 1,  "begin" : 1227,  "end" : 1230 }, 
        {"sofa" : 1,  "begin" : 1231,  "end" : 1235 }, 
        {"sofa" : 1,  "begin" : 1236,  "end" : 1238 }, 
        {"sofa" : 1,  "begin" : 1239,  "end" : 1242 }, 
        {"sofa" : 1,  "begin" : 1243,  "end" : 1253 }, 
        {"sofa" : 1,  "begin" : 1253,  "end" : 1254 }, 
        {"sofa" : 1,  "begin" : 1255,  "end" : 1259 }, 
        {"sofa" : 1,  "begin" : 1260,  "end" : 1264 }, 
        {"sofa" : 1,  "begin" : 1265,  "end" : 1268 }, 
        {"sofa" : 1,  "begin" : 1269,  "end" : 1273 }, 
        {"sofa" : 1,  "begin" : 1274,  "end" : 1276 }, 
        {"sofa" : 1,  "begin" : 1277,  "end" : 1280 }, 
        {"sofa" : 1,  "begin" : 1281,  "end" : 1288 }, 
        {"sofa" : 1,  "begin" : 1289,  "end" : 1294 }, 
        {"sofa" : 1,  "begin" : 1294,  "end" : 1295 }, 
        {"sofa" : 1,  "begin" : 1296,  "end" : 1300 }, 
        {"sofa" : 1,  "begin" : 1301,  "end" : 1304 }, 
        {"sofa" : 1,  "begin" : 1305,  "end" : 1307 }, 
        {"sofa" : 1,  "begin" : 1308,  "end" : 1310 }, 
        {"sofa" : 1,  "begin" : 1311,  "end" : 1314 }, 
        {"sofa" : 1,  "begin" : 1315,  "end" : 1320 }, 
        {"sofa" : 1,  "begin" : 1320,  "end" : 1321 }, 
        {"sofa" : 1,  "begin" : 1322,  "end" : 1325 }, 
        {"sofa" : 1,  "begin" : 1326,  "end" : 1334 }, 
        {"sofa" : 1,  "begin" : 1335,  "end" : 1342 }, 
        {"sofa" : 1,  "begin" : 1343,  "end" : 1348 }, 
        {"sofa" : 1,  "begin" : 1349,  "end" : 1351 }, 
        {"sofa" : 1,  "begin" : 1351,  "end" : 1352 }, 
        {"sofa" : 1,  "begin" : 1353,  "end" : 1360 }, 
        {"sofa" : 1,  "begin" : 1361,  "end" : 1363 }, 
        {"sofa" : 1,  "begin" : 1364,  "end" : 1366 }, 
        {"sofa" : 1,  "begin" : 1367,  "end" : 1371 }, 
        {"sofa" : 1,  "begin" : 1372,  "end" : 1374 }, 
        {"sofa" : 1,  "begin" : 1375,  "end" : 1378 }, 
        {"sofa" : 1,  "begin" : 1379,  "end" : 1383 }, 
        {"sofa" : 1,  "begin" : 1384,  "end" : 1387 }, 
        {"sofa" : 1,  "begin" : 1388,  "end" : 1395 }, 
        {"sofa" : 1,  "begin" : 1395,  "end" : 1396 }, 
        {"sofa" : 1,  "begin" : 1397,  "end" : 1401 }, 
        {"sofa" : 1,  "begin" : 1402,  "end" : 1407 }, 
        {"sofa" : 1,  "begin" : 1408,  "end" : 1413 }, 
        {"sofa" : 1,  "begin" : 1414,  "end" : 1420 }, 
        {"sofa" : 1,  "begin" : 1421,  "end" : 1423 }, 
        {"sofa" : 1,  "begin" : 1424,  "end" : 1428 }, 
        {"sofa" : 1,  "begin" : 1429,  "end" : 1432 }, 
        {"sofa" : 1,  "begin" : 1433,  "end" : 1437 }, 
        {"sofa" : 1,  "begin" : 1437,  "end" : 1438 }, 
        {"sofa" : 1,  "begin" : 1439,  "end" : 1444 }, 
        {"sofa" : 1,  "begin" : 1445,  "end" : 1447 }, 
        {"sofa" : 1,  "begin" : 1448,  "end" : 1449 }, 
        {"sofa" : 1,  "begin" : 1450,  "end" : 1455 }, 
        {"sofa" : 1,  "begin" : 1456,  "end" : 1460 }, 
        {"sofa" : 1,  "begin" : 1460,  "end" : 1461 }, 
        {"sofa" : 1,  "begin" : 1462,  "end" : 1465 }, 
        {"sofa" : 1,  "begin" : 1466,  "end" : 1473 }, 
        {"sofa" : 1,  "begin" : 1474,  "end" : 1479 }, 
        {"sofa" : 1,  "begin" : 1480,  "end" : 1487 }, 
        {"sofa" : 1,  "begin" : 1487,  "end" : 1488 }, 
        {"sofa" : 1,  "begin" : 1489,  "end" : 1493 }, 
        {"sofa" : 1,  "begin" : 1494,  "end" : 1499 }, 
        {"sofa" : 1,  "begin" : 1500,  "end" : 1505 }, 
        {"sofa" : 1,  "begin" : 1506,  "end" : 1512 }, 
        {"sofa" : 1,  "begin" : 1513,  "end" : 1523 }, 
        {"sofa" : 1,  "begin" : 1523,  "end" : 1524 }, 
        {"sofa" : 1,  "begin" : 1525,  "end" : 1530 }, 
        {"sofa" : 1,  "begin" : 1531,  "end" : 1538 }, 
        {"sofa" : 1,  "begin" : 1539,  "end" : 1543 }, 
        {"sofa" : 1,  "begin" : 1543,  "end" : 1544 }, 
        {"sofa" : 1,  "begin" : 1545,  "end" : 1549 }, 
        {"sofa" : 1,  "begin" : 1550,  "end" : 1554 }, 
        {"sofa" : 1,  "begin" : 1555,  "end" : 1558 }, 
        {"sofa" : 1,  "begin" : 1559,  "end" : 1563 }, 
        {"sofa" : 1,  "begin" : 1564,  "end" : 1570 }, 
        {"sofa" : 1,  "begin" : 1571,  "end" : 1575 }, 
        {"sofa" : 1,  "begin" : 1576,  "end" : 1580 }, 
        {"sofa" : 1,  "begin" : 1581,  "end" : 1584 }, 
        {"sofa" : 1,  "begin" : 1585,  "end" : 1590 }, 
        {"sofa" : 1,  "begin" : 1591,  "end" : 1597 }, 
        {"sofa" : 1,  "begin" : 1597,  "end" : 1598 }, 
        {"sofa" : 1,  "begin" : 1599,  "end" : 1602 }, 
        {"sofa" : 1,  "begin" : 1603,  "end" : 1607 }, 
        {"sofa" : 1,  "begin" : 1608,  "end" : 1611 }, 
        {"sofa" : 1,  "begin" : 1612,  "end" : 1618 }, 
        {"sofa" : 1,  "begin" : 1619,  "end" : 1623 }, 
        {"sofa" : 1,  "begin" : 1623,  "end" : 1624 }, 
        {"sofa" : 1,  "begin" : 1625,  "end" : 1629 }, 
        {"sofa" : 1,  "begin" : 1630,  "end" : 1636 }, 
        {"sofa" : 1,  "begin" : 1637,  "end" : 1642 }, 
        {"sofa" : 1,  "begin" : 1642,  "end" : 1643 }, 
        {"sofa" : 1,  "begin" : 1644,  "end" : 1649 }, 
        {"sofa" : 1,  "begin" : 1650,  "end" : 1656 }, 
        {"sofa" : 1,  "begin" : 1657,  "end" : 1660 }, 
        {"sofa" : 1,  "begin" : 1661,  "end" : 1663 }, 
        {"sofa" : 1,  "begin" : 1664,  "end" : 1670 }, 
        {"sofa" : 1,  "begin" : 1671,  "end" : 1675 }, 
        {"sofa" : 1,  "begin" : 1676,  "end" : 1678 }, 
        {"sofa" : 1,  "begin" : 1679,  "end" : 1687 }, 
        {"sofa" : 1,  "begin" : 1687,  "end" : 1688 }, 
        {"sofa" : 1,  "begin" : 1689,  "end" : 1693 }, 
        {"sofa" : 1,  "begin" : 1694,  "end" : 1696 }, 
        {"sofa" : 1,  "begin" : 1697,  "end" : 1708 }, 
        {"sofa" : 1,  "begin" : 1709,  "end" : 1712 }, 
        {"sofa" : 1,  "begin" : 1713,  "end" : 1717 }, 
        {"sofa" : 1,  "begin" : 1718,  "end" : 1721 }, 
        {"sofa" : 1,  "begin" : 1722,  "end" : 1733 }, 
        {"sofa" : 1,  "begin" : 1734,  "end" : 1739 }, 
        {"sofa" : 1,  "begin" : 1740,  "end" : 1743 }, 
        {"sofa" : 1,  "begin" : 1744,  "end" : 1750 }, 
        {"sofa" : 1,  "begin" : 1751,  "end" : 1755 }, 
        {"sofa" : 1,  "begin" : 1755,  "end" : 1756 }, 
        {"sofa" : 1,  "begin" : 1757,  "end" : 1762 }, 
        {"sofa" : 1,  "begin" : 1763,  "end" : 1770 }, 
        {"sofa" : 1,  "begin" : 1771,  "end" : 1774 }, 
        {"sofa" : 1,  "begin" : 1775,  "end" : 1781 }, 
        {"sofa" : 1,  "begin" : 1782,  "end" : 1787 }, 
        {"sofa" : 1,  "begin" : 1788,  "end" : 1793 }, 
        {"sofa" : 1,  "begin" : 1794,  "end" : 1799 }, 
        {"sofa" : 1,  "begin" : 1799,  "end" : 1800 }, 
        {"sofa" : 1,  "begin" : 1801,  "end" : 1805 }, 
        {"sofa" : 1,  "begin" : 1806,  "end" : 1810 }, 
        {"sofa" : 1,  "begin" : 1811,  "end" : 1815 }, 
        {"sofa" : 1,  "begin" : 1816,  "end" : 1820 }, 
        {"sofa" : 1,  "begin" : 1821,  "end" : 1826 }, 
        {"sofa" : 1,  "begin" : 1826,  "end" : 1827 }, 
        {"sofa" : 1,  "begin" : 1828,  "end" : 1831 }, 
        {"sofa" : 1,  "begin" : 1832,  "end" : 1839 }, 
        {"sofa" : 1,  "begin" : 1840,  "end" : 1845 }, 
        {"sofa" : 1,  "begin" : 1846,  "end" : 1847 }, 
        {"sofa" : 1,  "begin" : 1848,  "end" : 1854 }, 
        {"sofa" : 1,  "begin" : 1855,  "end" : 1859 }, 
        {"sofa" : 1,  "begin" : 1860,  "end" : 1864 }, 
        {"sofa" : 1,  "begin" : 1865,  "end" : 1872 }, 
        {"sofa" : 1,  "begin" : 1873,  "end" : 1876 }, 
        {"sofa" : 1,  "begin" : 1877,  "end" : 1883 }, 
        {"sofa" : 1,  "begin" : 1884,  "end" : 1889 }, 
        {"sofa" : 1,  "begin" : 1889,  "end" : 1890 }, 
        {"sofa" : 1,  "begin" : 1891,  "end" : 1895 }, 
        {"sofa" : 1,  "begin" : 1896,  "end" : 1900 }, 
        {"sofa" : 1,  "begin" : 1901,  "end" : 1906 }, 
        {"sofa" : 1,  "begin" : 1907,  "end" : 1911 }, 
        {"sofa" : 1,  "begin" : 1912,  "end" : 1917 }, 
        {"sofa" : 1,  "begin" : 1918,  "end" : 1920 }, 
        {"sofa" : 1,  "begin" : 1921,  "end" : 1925 }, 
        {"sofa" : 1,  "begin" : 1926,  "end" : 1933 }, 
        {"sofa" : 1,  "begin" : 1934,  "end" : 1941 }, 
        {"sofa" : 1,  "begin" : 1942,  "end" : 1949 }, 
        {"sofa" : 1,  "begin" : 1950,  "end" : 1956 }, 
        {"sofa" : 1,  "begin" : 1957,  "end" : 1959 }, 
        {"sofa" : 1,  "begin" : 1959,  "end" : 1960 }, 
        {"sofa" : 1,  "begin" : 1961,  "end" : 1965 }, 
        {"sofa" : 1,  "begin" : 1966,  "end" : 1970 }, 
        {"sofa" : 1,  "begin" : 1971,  "end" : 1974 }, 
        {"sofa" : 1,  "begin" : 1975,  "end" : 1979 }, 
        {"sofa" : 1,  "begin" : 1979,  "end" : 1980 }, 
        {"sofa" : 1,  "begin" : 1981,  "end" : 1984 }, 
        {"sofa" : 1,  "begin" : 1985,  "end" : 1992 }, 
        {"sofa" : 1,  "begin" : 1993,  "end" : 1997 }, 
        {"sofa" : 1,  "begin" : 1998,  "end" : 2000 }, 
        {"sofa" : 1,  "begin" : 2001,  "end" : 2006 }, 
        {"sofa" : 1,  "begin" : 2007,  "end" : 2010 }, 
        {"sofa" : 1,  "begin" : 2011,  "end" : 2014 }, 
        {"sofa" : 1,  "begin" : 2015,  "end" : 2023 }, 
        {"sofa" : 1,  "begin" : 2024,  "end" : 2028 }, 
        {"sofa" : 1,  "begin" : 2029,  "end" : 2033 }, 
        {"sofa" : 1,  "begin" : 2034,  "end" : 2038 }, 
        {"sofa" : 1,  "begin" : 2039,  "end" : 2040 }, 
        {"sofa" : 1,  "begin" : 2041,  "end" : 2045 }, 
        {"sofa" : 1,  "begin" : 2046,  "end" : 2049 }, 
        {"sofa" : 1,  "begin" : 2050,  "end" : 2057 }, 
        {"sofa" : 1,  "begin" : 2058,  "end" : 2066 }, 
        {"sofa" : 1,  "begin" : 2066,  "end" : 2067 }, 
        {"sofa" : 1,  "begin" : 2068,  "end" : 2073 }, 
        {"sofa" : 1,  "begin" : 2074,  "end" : 2077 }, 
        {"sofa" : 1,  "begin" : 2078,  "end" : 2083 }, 
        {"sofa" : 1,  "begin" : 2084,  "end" : 2094 }, 
        {"sofa" : 1,  "begin" : 2095,  "end" : 2097 }, 
        {"sofa" : 1,  "begin" : 2098,  "end" : 2102 }, 
        {"sofa" : 1,  "begin" : 2103,  "end" : 2106 }, 
        {"sofa" : 1,  "begin" : 2106,  "end" : 2107 }, 
        {"sofa" : 1,  "begin" : 2108,  "end" : 2112 }, 
        {"sofa" : 1,  "begin" : 2113,  "end" : 2117 }, 
        {"sofa" : 1,  "begin" : 2118,  "end" : 2128 }, 
        {"sofa" : 1,  "begin" : 2129,  "end" : 2131 }, 
        {"sofa" : 1,  "begin" : 2132,  "end" : 2137 }, 
        {"sofa" : 1,  "begin" : 2138,  "end" : 2141 }, 
        {"sofa" : 1,  "begin" : 2142,  "end" : 2150 }, 
        {"sofa" : 1,  "begin" : 2150,  "end" : 2151 }, 
        {"sofa" : 1,  "begin" : 2152,  "end" : 2157 }, 
        {"sofa" : 1,  "begin" : 2158,  "end" : 2165 }, 
        {"sofa" : 1,  "begin" : 2166,  "end" : 2168 }, 
        {"sofa" : 1,  "begin" : 2169,  "end" : 2173 }, 
        {"sofa" : 1,  "begin" : 2174,  "end" : 2176 }, 
        {"sofa" : 1,  "begin" : 2177,  "end" : 2181 }, 
        {"sofa" : 1,  "begin" : 2182,  "end" : 2185 }, 
        {"sofa" : 1,  "begin" : 2186,  "end" : 2190 }, 
        {"sofa" : 1,  "begin" : 2191,  "end" : 2193 }, 
        {"sofa" : 1,  "begin" : 2194,  "end" : 2198 }, 
        {"sofa" : 1,  "begin" : 2199,  "end" : 2204 }, 
        {"sofa" : 1,  "begin" : 2205,  "end" : 2213 }, 
        {"sofa" : 1,  "begin" : 2213,  "end" : 2214 }, 
        {"sofa" : 1,  "begin" : 2215,  "end" : 2220 }, 
        {"sofa" : 1,  "begin" : 2221,  "end" : 2227 }, 
        {"sofa" : 1,  "begin" : 2228,  "end" : 2235 }, 
        {"sofa" : 1,  "begin" : 2236,  "end" : 2240 }, 
        {"sofa" : 1,  "begin" : 2241,  "end" : 2245 }, 
        {"sofa" : 1,  "begin" : 2246,  "end" : 2249 }, 
        {"sofa" : 1,  "begin" : 2250,  "end" : 2257 }, 
        {"sofa" : 1,  "begin" : 2257,  "end" : 2258 }, 
        {"sofa" : 1,  "begin" : 2259,  "end" : 2262 }, 
        {"sofa" : 1,  "begin" : 2263,  "end" : 2269 }, 
        {"sofa" : 1,  "begin" : 2270,  "end" : 2274 }, 
        {"sofa" : 1,  "begin" : 2275,  "end" : 2278 }, 
        {"sofa" : 1,  "begin" : 2279,  "end" : 2281 }, 
        {"sofa" : 1,  "begin" : 2282,  "end" : 2286 }, 
        {"sofa" : 1,  "begin" : 2286,  "end" : 2287 }, 
        {"sofa" : 1,  "begin" : 2288,  "end" : 2295 }, 
        {"sofa" : 1,  "begin" : 2296,  "end" : 2300 }, 
        {"sofa" : 1,  "begin" : 2301,  "end" : 2304 }, 
        {"sofa" : 1,  "begin" : 2305,  "end" : 2313 }, 
        {"sofa" : 1,  "begin" : 2314,  "end" : 2316 }, 
        {"sofa" : 1,  "begin" : 2317,  "end" : 2320 }, 
        {"sofa" : 1,  "begin" : 2321,  "end" : 2322 }, 
        {"sofa" : 1,  "begin" : 2323,  "end" : 2327 }, 
        {"sofa" : 1,  "begin" : 2328,  "end" : 2333 }, 
        {"sofa" : 1,  "begin" : 2333,  "end" : 2334 }, 
        {"sofa" : 1,  "begin" : 2335,  "end" : 2337 }, 
        {"sofa" : 1,  "begin" : 2338,  "end" : 2340 }, 
        {"sofa" : 1,  "begin" : 2341,  "end" : 2343 }, 
        {"sofa" : 1,  "begin" : 2344,  "end" : 2349 }, 
        {"sofa" : 1,  "begin" : 2350,  "end" : 2358 }, 
        {"sofa" : 1,  "begin" : 2359,  "end" : 2361 }, 
        {"sofa" : 1,  "begin" : 2362,  "end" : 2367 }, 
        {"sofa" : 1,  "begin" : 2368,  "end" : 2375 }, 
        {"sofa" : 1,  "begin" : 2376,  "end" : 2384 }, 
        {"sofa" : 1,  "begin" : 2384,  "end" : 2385 }, 
        {"sofa" : 1,  "begin" : 2386,  "end" : 2388 }, 
        {"sofa" : 1,  "begin" : 2389,  "end" : 2393 }, 
        {"sofa" : 1,  "begin" : 2394,  "end" : 2397 }, 
        {"sofa" : 1,  "begin" : 2398,  "end" : 2401 }, 
        {"sofa" : 1,  "begin" : 2402,  "end" : 2409 }, 
        {"sofa" : 1,  "begin" : 2410,  "end" : 2414 }, 
        {"sofa" : 1,  "begin" : 2415,  "end" : 2419 }, 
        {"sofa" : 1,  "begin" : 2420,  "end" : 2423 }, 
        {"sofa" : 1,  "begin" : 2424,  "end" : 2431 }, 
        {"sofa" : 1,  "begin" : 2431,  "end" : 2432 }, 
        {"sofa" : 1,  "begin" : 2433,  "end" : 2438 }, 
        {"sofa" : 1,  "begin" : 2439,  "end" : 2443 }, 
        {"sofa" : 1,  "begin" : 2444,  "end" : 2447 }, 
        {"sofa" : 1,  "begin" : 2448,  "end" : 2458 }, 
        {"sofa" : 1,  "begin" : 2459,  "end" : 2463 }, 
        {"sofa" : 1,  "begin" : 2464,  "end" : 2468 }, 
        {"sofa" : 1,  "begin" : 2469,  "end" : 2472 }, 
        {"sofa" : 1,  "begin" : 2473,  "end" : 2477 }, 
        {"sofa" : 1,  "begin" : 2478,  "end" : 2488 }, 
        {"sofa" : 1,  "begin" : 2488,  "end" : 2489 }, 
        {"sofa" : 1,  "begin" : 2491,  "end" : 2493 }, 
        {"sofa" : 1,  "begin" : 2494,  "end" : 2497 }, 
        {"sofa" : 1,  "begin" : 2498,  "end" : 2503 }, 
        {"sofa" : 1,  "begin" : 2503,  "end" : 2504 }, 
        {"sofa" : 1,  "begin" : 2505,  "end" : 2508 }, 
        {"sofa" : 1,  "begin" : 2509,  "end" : 2514 }, 
        {"sofa" : 1,  "begin" : 2515,  "end" : 2519 }, 
        {"sofa" : 1,  "begin" : 2520,  "end" : 2522 }, 
        {"sofa" : 1,  "begin" : 2523,  "end" : 2527 }, 
        {"sofa" : 1,  "begin" : 2528,  "end" : 2531 }, 
        {"sofa" : 1,  "begin" : 2532,  "end" : 2537 }, 
        {"sofa" : 1,  "begin" : 2537,  "end" : 2538 }, 
        {"sofa" : 1,  "begin" : 2539,  "end" : 2543 }, 
        {"sofa" : 1,  "begin" : 2544,  "end" : 2547 }, 
        {"sofa" : 1,  "begin" : 2548,  "end" : 2557 }, 
        {"sofa" : 1,  "begin" : 2558,  "end" : 2560 }, 
        {"sofa" : 1,  "begin" : 2561,  "end" : 2566 }, 
        {"sofa" : 1,  "begin" : 2567,  "end" : 2573 }, 
        {"sofa" : 1,  "begin" : 2573,  "end" : 2574 }, 
        {"sofa" : 1,  "begin" : 2575,  "end" : 2578 }, 
        {"sofa" : 1,  "begin" : 2579,  "end" : 2587 }, 
        {"sofa" : 1,  "begin" : 2588,  "end" : 2593 }, 
        {"sofa" : 1,  "begin" : 2593,  "end" : 2594 }, 
        {"sofa" : 1,  "begin" : 2595,  "end" : 2598 }, 
        {"sofa" : 1,  "begin" : 2599,  "end" : 2602 }, 
        {"sofa" : 1,  "begin" : 2603,  "end" : 2610 }, 
        {"sofa" : 1,  "begin" : 2611,  "end" : 2616 }, 
        {"sofa" : 1,  "begin" : 2616,  "end" : 2617 }, 
        {"sofa" : 1,  "begin" : 2618,  "end" : 2624 }, 
        {"sofa" : 1,  "begin" : 2625,  "end" : 2630 }, 
        {"sofa" : 1,  "begin" : 2631,  "end" : 2638 }, 
        {"sofa" : 1,  "begin" : 2639,  "end" : 2644 }, 
        {"sofa" : 1,  "begin" : 2645,  "end" : 2649 }, 
        {"sofa" : 1,  "begin" : 2650,  "end" : 2651 }, 
        {"sofa" : 1,  "begin" : 2652,  "end" : 2653 }, 
        {"sofa" : 1,  "begin" : 2654,  "end" : 2658 }, 
        {"sofa" : 1,  "begin" : 2659,  "end" : 2662 }, 
        {"sofa" : 1,  "begin" : 2663,  "end" : 2668 }, 
        {"sofa" : 1,  "begin" : 2668,  "end" : 2669 }, 
        {"sofa" : 1,  "begin" : 2670,  "end" : 2673 }, 
        {"sofa" : 1,  "begin" : 2674,  "end" : 2682 }, 
        {"sofa" : 1,  "begin" : 2683,  "end" : 2686 }, 
        {"sofa" : 1,  "begin" : 2687,  "end" : 2691 }, 
        {"sofa" : 1,  "begin" : 2692,  "end" : 2698 }, 
        {"sofa" : 1,  "begin" : 2699,  "end" : 2703 }, 
        {"sofa" : 1,  "begin" : 2704,  "end" : 2708 }, 
        {"sofa" : 1,  "begin" : 2709,  "end" : 2713 }, 
        {"sofa" : 1,  "begin" : 2714,  "end" : 2717 }, 
        {"sofa" : 1,  "begin" : 2718,  "end" : 2722 }, 
        {"sofa" : 1,  "begin" : 2723,  "end" : 2725 }, 
        {"sofa" : 1,  "begin" : 2726,  "end" : 2729 }, 
        {"sofa" : 1,  "begin" : 2730,  "end" : 2736 }, 
        {"sofa" : 1,  "begin" : 2737,  "end" : 2747 }, 
        {"sofa" : 1,  "begin" : 2748,  "end" : 2750 }, 
        {"sofa" : 1,  "begin" : 2751,  "end" : 2754 }, 
        {"sofa" : 1,  "begin" : 2754,  "end" : 2755 }, 
        {"sofa" : 1,  "begin" : 2756,  "end" : 2759 }, 
        {"sofa" : 1,  "begin" : 2760,  "end" : 2770 }, 
        {"sofa" : 1,  "begin" : 2771,  "end" : 2772 }, 
        {"sofa" : 1,  "begin" : 2773,  "end" : 2774 }, 
        {"sofa" : 1,  "begin" : 2775,  "end" : 2782 }, 
        {"sofa" : 1,  "begin" : 2783,  "end" : 2791 }, 
        {"sofa" : 1,  "begin" : 2792,  "end" : 2794 }, 
        {"sofa" : 1,  "begin" : 2795,  "end" : 2798 }, 
        {"sofa" : 1,  "begin" : 2799,  "end" : 2802 }, 
        {"sofa" : 1,  "begin" : 2802,  "end" : 2803 }, 
        {"sofa" : 1,  "begin" : 2804,  "end" : 2806 }, 
        {"sofa" : 1,  "begin" : 2807,  "end" : 2812 }, 
        {"sofa" : 1,  "begin" : 2813,  "end" : 2815 }, 
        {"sofa" : 1,  "begin" : 2816,  "end" : 2821 }, 
        {"sofa" : 1,  "begin" : 2822,  "end" : 2826 }, 
        {"sofa" : 1,  "begin" : 2827,  "end" : 2836 }, 
        {"sofa" : 1,  "begin" : 2837,  "end" : 2840 }, 
        {"sofa" : 1,  "begin" : 2840,  "end" : 2841 }, 
        {"sofa" : 1,  "begin" : 2842,  "end" : 2846 }, 
        {"sofa" : 1,  "begin" : 2847,  "end" : 2849 }, 
        {"sofa" : 1,  "begin" : 2850,  "end" : 2856 }, 
        {"sofa" : 1,  "begin" : 2857,  "end" : 2858 }, 
        {"sofa" : 1,  "begin" : 2859,  "end" : 2860 }, 
        {"sofa" : 1,  "begin" : 2861,  "end" : 2867 }, 
        {"sofa" : 1,  "begin" : 2868,  "end" : 2871 }, 
        {"sofa" : 1,  "begin" : 2872,  "end" : 2875 }, 
        {"sofa" : 1,  "begin" : 2876,  "end" : 2883 }, 
        {"sofa" : 1,  "begin" : 2883,  "end" : 2884 }, 
        {"sofa" : 1,  "begin" : 2885,  "end" : 2890 }, 
        {"sofa" : 1,  "begin" : 2891,  "end" : 2893 }, 
        {"sofa" : 1,  "begin" : 2894,  "end" : 2895 }, 
        {"sofa" : 1,  "begin" : 2897,  "end" : 2904 }, 
        {"sofa" : 1,  "begin" : 2905,  "end" : 2913 }, 
        {"sofa" : 1,  "begin" : 2914,  "end" : 2918 }, 
        {"sofa" : 1,  "begin" : 2919,  "end" : 2922 }, 
        {"sofa" : 1,  "begin" : 2923,  "end" : 2928 }, 
        {"sofa" : 1,  "begin" : 2929,  "end" : 2934 }, 
        {"sofa" : 1,  "begin" : 2935,  "end" : 2940 }, 
        {"sofa" : 1,  "begin" : 2940,  "end" : 2941 }, 
        {"sofa" : 1,  "begin" : 2942,  "end" : 2945 }, 
        {"sofa" : 1,  "begin" : 2946,  "end" : 2956 }, 
        {"sofa" : 1,  "begin" : 2957,  "end" : 2963 }, 
        {"sofa" : 1,  "begin" : 2963,  "end" : 2964 }, 
        {"sofa" : 1,  "begin" : 2965,  "end" : 2970 }, 
        {"sofa" : 1,  "begin" : 2971,  "end" : 2977 }, 
        {"sofa" : 1,  "begin" : 2977,  "end" : 2978 }, 
        {"sofa" : 1,  "begin" : 2979,  "end" : 2985 }, 
        {"sofa" : 1,  "begin" : 2986,  "end" : 2990 }, 
        {"sofa" : 1,  "begin" : 2991,  "end" : 2994 }, 
        {"sofa" : 1,  "begin" : 2995,  "end" : 2997 }, 
        {"sofa" : 1,  "begin" : 2998,  "end" : 3001 }, 
        {"sofa" : 1,  "begin" : 3002,  "end" : 3006 }, 
        {"sofa" : 1,  "begin" : 3007,  "end" : 3011 }, 
        {"sofa" : 1,  "begin" : 3012,  "end" : 3016 }, 
        {"sofa" : 1,  "begin" : 3017,  "end" : 3025 }, 
        {"sofa" : 1,  "begin" : 3026,  "end" : 3031 }, 
        {"sofa" : 1,  "begin" : 3031,  "end" : 3032 }, 
        {"sofa" : 1,  "begin" : 3033,  "end" : 3036 }, 
        {"sofa" : 1,  "begin" : 3037,  "end" : 3043 }, 
        {"sofa" : 1,  "begin" : 3043,  "end" : 3044 }, 
        {"sofa" : 1,  "begin" : 3045,  "end" : 3053 }, 
        {"sofa" : 1,  "begin" : 3053,  "end" : 3054 }, 
        {"sofa" : 1,  "begin" : 3055,  "end" : 3064 }, 
        {"sofa" : 1,  "begin" : 3064,  "end" : 3065 }, 
        {"sofa" : 1,  "begin" : 3066,  "end" : 3075 }, 
        {"sofa" : 1,  "begin" : 3076,  "end" : 3080 }, 
        {"sofa" : 1,  "begin" : 3080,  "end" : 3081 }, 
        {"sofa" : 1,  "begin" : 3082,  "end" : 3085 }, 
        {"sofa" : 1,  "begin" : 3086,  "end" : 3101 }, 
        {"sofa" : 1,  "begin" : 3102,  "end" : 3106 }, 
        {"sofa" : 1,  "begin" : 3106,  "end" : 3107 }, 
        {"sofa" : 1,  "begin" : 3108,  "end" : 3111 }, 
        {"sofa" : 1,  "begin" : 3112,  "end" : 3119 }, 
        {"sofa" : 1,  "begin" : 3120,  "end" : 3125 }, 
        {"sofa" : 1,  "begin" : 3125,  "end" : 3126 }, 
        {"sofa" : 1,  "begin" : 3127,  "end" : 3130 }, 
        {"sofa" : 1,  "begin" : 3131,  "end" : 3139 }, 
        {"sofa" : 1,  "begin" : 3140,  "end" : 3141 }, 
        {"sofa" : 1,  "begin" : 3142,  "end" : 3143 }, 
        {"sofa" : 1,  "begin" : 3144,  "end" : 3149 }, 
        {"sofa" : 1,  "begin" : 3149,  "end" : 3150 }, 
        {"sofa" : 1,  "begin" : 3151,  "end" : 3153 }, 
        {"sofa" : 1,  "begin" : 3154,  "end" : 3155 }, 
        {"sofa" : 1,  "begin" : 3157,  "end" : 3164 }, 
        {"sofa" : 1,  "begin" : 3165,  "end" : 3176 }, 
        {"sofa" : 1,  "begin" : 3176,  "end" : 3177 }, 
        {"sofa" : 1,  "begin" : 3178,  "end" : 3181 }, 
        {"sofa" : 1,  "begin" : 3182,  "end" : 3186 }, 
        {"sofa" : 1,  "begin" : 3187,  "end" : 3188 }, 
        {"sofa" : 1,  "begin" : 3188,  "end" : 3190 }, 
        {"sofa" : 1,  "begin" : 3191,  "end" : 3194 }, 
        {"sofa" : 1,  "begin" : 3195,  "end" : 3200 }, 
        {"sofa" : 1,  "begin" : 3201,  "end" : 3204 }, 
        {"sofa" : 1,  "begin" : 3204,  "end" : 3205 }, 
        {"sofa" : 1,  "begin" : 3206,  "end" : 3215 }, 
        {"sofa" : 1,  "begin" : 3216,  "end" : 3220 }, 
        {"sofa" : 1,  "begin" : 3220,  "end" : 3221 }, 
        {"sofa" : 1,  "begin" : 3222,  "end" : 3225 }, 
        {"sofa" : 1,  "begin" : 3226,  "end" : 3233 }, 
        {"sofa" : 1,  "begin" : 3234,  "end" : 3239 }, 
        {"sofa" : 1,  "begin" : 3240,  "end" : 3244 }, 
        {"sofa" : 1,  "begin" : 3245,  "end" : 3251 }, 
        {"sofa" : 1,  "begin" : 3252,  "end" : 3255 }, 
        {"sofa" : 1,  "begin" : 3256,  "end" : 3263 }, 
        {"sofa" : 1,  "begin" : 3264,  "end" : 3265 }, 
        {"sofa" : 1,  "begin" : 3266,  "end" : 3267 }, 
        {"sofa" : 1,  "begin" : 3268,  "end" : 3272 }, 
        {"sofa" : 1,  "begin" : 3273,  "end" : 3275 }, 
        {"sofa" : 1,  "begin" : 3276,  "end" : 3279 }, 
        {"sofa" : 1,  "begin" : 3280,  "end" : 3286 }, 
        {"sofa" : 1,  "begin" : 3287,  "end" : 3291 }, 
        {"sofa" : 1,  "begin" : 3292,  "end" : 3301 }, 
        {"sofa" : 1,  "begin" : 3302,  "end" : 3305 }, 
        {"sofa" : 1,  "begin" : 3306,  "end" : 3308 }, 
        {"sofa" : 1,  "begin" : 3309,  "end" : 3313 }, 
        {"sofa" : 1,  "begin" : 3313,  "end" : 3314 }, 
        {"sofa" : 1,  "begin" : 3315,  "end" : 3318 }, 
        {"sofa" : 1,  "begin" : 3319,  "end" : 3323 }, 
        {"sofa" : 1,  "begin" : 3324,  "end" : 3334 }, 
        {"sofa" : 1,  "begin" : 3335,  "end" : 3339 }, 
        {"sofa" : 1,  "begin" : 3339,  "end" : 3340 }, 
        {"sofa" : 1,  "begin" : 3341,  "end" : 3344 }, 
        {"sofa" : 1,  "begin" : 3345,  "end" : 3351 }, 
        {"sofa" : 1,  "begin" : 3352,  "end" : 3361 }, 
        {"sofa" : 1,  "begin" : 3361,  "end" : 3362 }, 
        {"sofa" : 1,  "begin" : 3363,  "end" : 3367 }, 
        {"sofa" : 1,  "begin" : 3368,  "end" : 3372 }, 
        {"sofa" : 1,  "begin" : 3373,  "end" : 3376 }, 
        {"sofa" : 1,  "begin" : 3377,  "end" : 3383 }, 
        {"sofa" : 1,  "begin" : 3384,  "end" : 3386 }, 
        {"sofa" : 1,  "begin" : 3387,  "end" : 3394 }, 
        {"sofa" : 1,  "begin" : 3395,  "end" : 3402 }, 
        {"sofa" : 1,  "begin" : 3403,  "end" : 3408 }, 
        {"sofa" : 1,  "begin" : 3408,  "end" : 3409 }, 
        {"sofa" : 1,  "begin" : 3410,  "end" : 3413 }, 
        {"sofa" : 1,  "begin" : 3414,  "end" : 3423 }, 
        {"sofa" : 1,  "begin" : 3424,  "end" : 3431 }, 
        {"sofa" : 1,  "begin" : 3431,  "end" : 3432 }, 
        {"sofa" : 1,  "begin" : 3433,  "end" : 3437 }, 
        {"sofa" : 1,  "begin" : 3438,  "end" : 3441 }, 
        {"sofa" : 1,  "begin" : 3442,  "end" : 3446 }, 
        {"sofa" : 1,  "begin" : 3447,  "end" : 3451 }, 
        {"sofa" : 1,  "begin" : 3452,  "end" : 3453 }, 
        {"sofa" : 1,  "begin" : 3454,  "end" : 3455 }, 
        {"sofa" : 1,  "begin" : 3456,  "end" : 3461 }, 
        {"sofa" : 1,  "begin" : 3461,  "end" : 3462 }, 
        {"sofa" : 1,  "begin" : 3463,  "end" : 3472 }, 
        {"sofa" : 1,  "begin" : 3473,  "end" : 3480 }, 
        {"sofa" : 1,  "begin" : 3481,  "end" : 3485 }, 
        {"sofa" : 1,  "begin" : 3485,  "end" : 3486 }, 
        {"sofa" : 1,  "begin" : 3487,  "end" : 3490 }, 
        {"sofa" : 1,  "begin" : 3491,  "end" : 3497 }, 
        {"sofa" : 1,  "begin" : 3498,  "end" : 3500 }, 
        {"sofa" : 1,  "begin" : 3501,  "end" : 3507 }, 
        {"sofa" : 1,  "begin" : 3507,  "end" : 3508 } ] } }, 
  "_referenced_fss" : {
    "1" : {"_type" : "Sofa",  "sofaNum" : 1,  "sofaID" : "_InitialView",  "mimeType" : "text",  "sofaString" : "Of Beasts living in the Water.\nTheir Otters are most of them black, and their skins are almost as good\nas Bevers; Their Oyl is of rare use for many things. Martins also have a\ngood Fur for their bigness. Musquashes are almost like Beavers, but\nnot so big, the Males stones smells as sweet as Musk, and being killed\nin Winter or the Spring they never loose their sweetness: they are no\nbigger than Cony-skins, and yet are sold for five shillings a piece. One\ngood Skin will perfume a whole house full of Clothes. The Bevers\nwisdom and understanding makes him come nigh to a reasonable creature.\nHis body is thick and short, with short leggs, feet like a Mole before,\nand behind like a Goose, a broad tail like a shoo-sole, very tough\nand strong: His head is something like an Otters, saving that his foreeteth\nbe like Conies, two above and two beneath, sharp and broad, with\nwhich he cuts down Trees as big as a mans thigh, or bigger, which afterwards\nhe divides into lengths according to the uses they are appoinetd\nfor. If one Beaver be too weak to carry the Log, than another helps\nhim: If two be too weak, three or four will assist, being placed three\nto three, which set their teeth in one anothers tough tails, and laying\nthe load on the hindermost, they draw the Logg to the desired place, they\ntow it in the water, the youngest getting under it, bearing it up that it\nmay swim the lighter. They build their houses of Wood and Clay,\nclose by a Ponds side, and knowing their seasons, they build their houses\nanswerably, three stories high, that when the Land Floods come they\nmay shift higher, and when the waters fall, they remove lower. These\nhouses are so strong that no Creature, save an industrious man with his\npenetrating tools can pierce them, their ingress and egress being under\nwater. They make very good Ponds; for knowing where a stream\nruns from between two rising Hills, they will pitch down Piles of Wood\nplacing smaller Rubbish before it, with clay and sods, not leaving till by\ntheir Art and Industry they have made a firm and curious Dam-head,\nwhich may cause admiration in wise men. They keep themselves to\ntheir own Families, never parting so long as they are able to keep house\ntogether. Their wisdom secures them from the English, who seldom\nkill any of them, wanting time and patience to lay a long siege, or to\nbe often deceived by their cunning evasions. So that all our Beavers\ncome from the Indians, whose time and experience fits them for that\nimployment.\n\nOf the Birds, and Fowls both of Land and Water. They are expressed in these Verses.\nThe princely Eagle, and the soaring Hawks,\nWithin their unknown wayes ther ' s none can chawk:\nThe Hum-Bird for some Queens rich Cage more fit\nThan in the vacant wilderness to sit.\nThe swift-wing ' d Swallow sweeping to and fro,\nAs swift as arrow from Tartarian bow.\nWhen as Aurora ' s infant day new Springs,\nThere th '  morning mounting Lark her sweet layes sings.\nThe harmonious Thrush, swift Pigeon, Turtle Dove\nWho to her Mate doth ever constant prove.\nThe Turkey, Pheasant, Heathcock, Partridge rare,\nThe Carrion-tearing Crow, and hurtful Stare;\nThe long-liv ' d Raven, th '  ominous Screach-Owl,\nWho tell (as old wives say) disasters foul.\nThe drowsie Madge that leaves her day-lov ' d nest\nTo fly abroad when day-birds are at rest:\nThe Eele murthering Hern, and greedy Cormorant,\nThat neer the Creeks in Moorish Marshes haunt.\nThe bellowing Bittern, with the long legg ' d Crane.\nPresaging Winters hard, and dearth of Graine.\n" }, 
    "9577" : {"_type" : "Span",  "sofa" : 1,  "begin" : 273,  "end" : 279,  "label" : "Smell_Word" }, 
    "9582" : {"_type" : "Span",  "sofa" : 1,  "begin" : 280,  "end" : 288,  "label" : "Quality" }, 
    "9587" : {"_type" : "Span",  "sofa" : 1,  "begin" : 289,  "end" : 296,  "label" : "Evoked_Odorant" }, 
    "9606" : {"_type" : "Span",  "sofa" : 1,  "begin" : 256,  "end" : 272,  "label" : "Smell_Source" }, 
    "9664" : {"_type" : "Span",  "sofa" : 1,  "begin" : 356,  "end" : 361,  "label" : "Smell_Source" }, 
    "9676" : {"_type" : "Span",  "sofa" : 1,  "begin" : 204,  "end" : 214,  "label" : "Smell_Source" }, 
    "9647" : {"_type" : "Span",  "sofa" : 1,  "begin" : 362,  "end" : 371,  "label" : "Smell_Word" }, 
    "9652" : {"_type" : "Span",  "sofa" : 1,  "begin" : 362,  "end" : 371,  "label" : "Quality" }, 
    "9618" : {"_type" : "Span",  "sofa" : 1,  "begin" : 473,  "end" : 480,  "label" : "Smell_Word" }, 
    "9623" : {"_type" : "Span",  "sofa" : 1,  "begin" : 454,  "end" : 467,  "label" : "Smell_Source" }, 
    "9635" : {"_type" : "Span",  "sofa" : 1,  "begin" : 481,  "end" : 510,  "label" : "Location" } } }