#FORMAT=WebAnno TSV 3.3


#Text=15 Quidam quidem et propter invidiam et contentionem : quidam autem et propter bonam voluntatem Christum prædicant : 16 quidam ex caritate, scientes quoniam in defensionem Evangelii positus sum.
#Text=17 Quidam autem ex contentione Christum annuntiant non sincere, existimantes pressuram se suscitare vinculis meis.
#Text=18 Quid enim ?
1-1	2-4	15	
1-2	5-11	Quidam	
1-3	12-18	quidem	
1-4	19-21	et	
1-5	22-29	propter	
1-6	30-38	invidiam	
1-7	39-41	et	
1-8	42-54	contentionem	
1-9	55-56	:	
1-10	57-63	quidam	
1-11	64-69	autem	
1-12	70-72	et	
1-13	73-80	propter	
1-14	81-86	bonam	
1-15	87-97	voluntatem	
1-16	98-106	Christum	
1-17	107-116	prædicant	
1-18	117-118	:	
1-19	119-121	16	
1-20	122-128	quidam	
1-21	129-131	ex	
1-22	132-140	caritate	
1-23	140-141	,	
1-24	142-150	scientes	
1-25	151-158	quoniam	
1-26	159-161	in	
1-27	162-173	defensionem	
1-28	174-183	Evangelii	
1-29	184-191	positus	
1-30	192-195	sum	
1-31	195-196	.	
1-32	197-199	17	
1-33	200-206	Quidam	
1-34	207-212	autem	
1-35	213-215	ex	
1-36	216-227	contentione	
1-37	228-236	Christum	
1-38	237-247	annuntiant	
1-39	248-251	non	
1-40	252-259	sincere	
1-41	259-260	,	
1-42	261-273	existimantes	
1-43	274-283	pressuram	
1-44	284-286	se	
1-45	287-296	suscitare	
1-46	297-305	vinculis	
1-47	306-310	meis	
1-48	310-311	.	
1-49	312-314	18	
1-50	315-319	Quid	
1-51	320-324	enim	
1-52	325-326	?	

#Text=Dum omni modo sive per occasionem, sive per veritatem, Christus annuntietur : et in hoc gaudeo, sed et gaudebo.
#Text=19 Scio enim quia hoc mihi proveniet ad salutem, per vestram orationem, et subministrationem Spiritus Jesu Christi, 20 secundum exspectationem et spem meam, quia in nullo confundar : sed in omni fiducia sicut semper, et nunc magnificabitur Christus in corpore meo, sive per vitam, sive per mortem.
#Text=21 Mihi enim vivere Christus est, et mori lucrum.
#Text=22 Quod si vivere in carne, hic mihi fructus operis est, et quid eligam ignoro.
#Text=23 Coarctor autem e duobus : desiderium habens dissolvi, et esse cum Christo, multo magis melius : 24 permanere autem in carne, necessarium propter vos.
#Text=25 Et hoc confidens scio quia manebo, et permanebo omnibus vobis ad profectum vestrum, et gaudium fidei : 26 ut gratulatio vestra abundet in Christo Jesu in me, per meum adventum iterum ad vos.
#Text=27 Tantum digne Evangelio Christi conversamini : ut sive cum venero, et videro vos, sive absens audiam de vobis, quia statis in uno spiritu unanimes, collaborantes fidei Evangelii : 28 et in nullo terreamini ab adversariis : quæ illis est causa perditionis, vobis autem salutis, et hoc a Deo : 29 quia vobis donatum est pro Christo, non solum ut in eum credatis, sed ut etiam pro illo patiamini : 30 idem certamen habentes, quale et vidistis in me, et nunc audistis de me.
2-1	327-330	Dum	
2-2	331-335	omni	
2-3	336-340	modo	
2-4	341-345	sive	
2-5	346-349	per	
2-6	350-360	occasionem	
2-7	360-361	,	
2-8	362-366	sive	
2-9	367-370	per	
2-10	371-380	veritatem	
2-11	380-381	,	
2-12	382-390	Christus	
2-13	391-402	annuntietur	
2-14	403-404	:	
2-15	405-407	et	
2-16	408-410	in	
2-17	411-414	hoc	
2-18	415-421	gaudeo	
2-19	421-422	,	
2-20	423-426	sed	
2-21	427-429	et	
2-22	430-437	gaudebo	
2-23	437-438	.	
2-24	439-441	19	
2-25	442-446	Scio	
2-26	447-451	enim	
2-27	452-456	quia	
2-28	457-460	hoc	
2-29	461-465	mihi	
2-30	466-475	proveniet	
2-31	476-478	ad	
2-32	479-486	salutem	
2-33	486-487	,	
2-34	488-491	per	
2-35	492-499	vestram	
2-36	500-509	orationem	
2-37	509-510	,	
2-38	511-513	et	
2-39	514-531	subministrationem	
2-40	532-540	Spiritus	
2-41	541-545	Jesu	
2-42	546-553	Christi	
2-43	553-554	,	
2-44	555-557	20	
2-45	558-566	secundum	
2-46	567-581	exspectationem	
2-47	582-584	et	
2-48	585-589	spem	
2-49	590-594	meam	
2-50	594-595	,	
2-51	596-600	quia	
2-52	601-603	in	
2-53	604-609	nullo	
2-54	610-619	confundar	
2-55	620-621	:	
2-56	622-625	sed	
2-57	626-628	in	
2-58	629-633	omni	
2-59	634-641	fiducia	
2-60	642-647	sicut	
2-61	648-654	semper	
2-62	654-655	,	
2-63	656-658	et	
2-64	659-663	nunc	
2-65	664-678	magnificabitur	
2-66	679-687	Christus	
2-67	688-690	in	
2-68	691-698	corpore	
2-69	699-702	meo	
2-70	702-703	,	
2-71	704-708	sive	
2-72	709-712	per	
2-73	713-718	vitam	
2-74	718-719	,	
2-75	720-724	sive	
2-76	725-728	per	
2-77	729-735	mortem	
2-78	735-736	.	
2-79	737-739	21	
2-80	740-744	Mihi	
2-81	745-749	enim	
2-82	750-756	vivere	
2-83	757-765	Christus	
2-84	766-769	est	
2-85	769-770	,	
2-86	771-773	et	
2-87	774-778	mori	
2-88	779-785	lucrum	
2-89	785-786	.	
2-90	787-789	22	
2-91	790-794	Quod	
2-92	795-797	si	
2-93	798-804	vivere	
2-94	805-807	in	
2-95	808-813	carne	
2-96	813-814	,	
2-97	815-818	hic	
2-98	819-823	mihi	
2-99	824-831	fructus	
2-100	832-838	operis	
2-101	839-842	est	
2-102	842-843	,	
2-103	844-846	et	
2-104	847-851	quid	
2-105	852-858	eligam	
2-106	859-865	ignoro	
2-107	865-866	.	
2-108	867-869	23	
2-109	870-878	Coarctor	
2-110	879-884	autem	
2-111	885-886	e	
2-112	887-893	duobus	
2-113	894-895	:	
2-114	896-906	desiderium	
2-115	907-913	habens	
2-116	914-922	dissolvi	
2-117	922-923	,	
2-118	924-926	et	
2-119	927-931	esse	
2-120	932-935	cum	
2-121	936-943	Christo	
2-122	943-944	,	
2-123	945-950	multo	
2-124	951-956	magis	
2-125	957-963	melius	
2-126	964-965	:	
2-127	966-968	24	
2-128	969-978	permanere	
2-129	979-984	autem	
2-130	985-987	in	
2-131	988-993	carne	
2-132	993-994	,	
2-133	995-1006	necessarium	
2-134	1007-1014	propter	
2-135	1015-1018	vos	
2-136	1018-1019	.	
2-137	1020-1022	25	
2-138	1023-1025	Et	
2-139	1026-1029	hoc	
2-140	1030-1039	confidens	
2-141	1040-1044	scio	
2-142	1045-1049	quia	
2-143	1050-1056	manebo	
2-144	1056-1057	,	
2-145	1058-1060	et	
2-146	1061-1070	permanebo	
2-147	1071-1078	omnibus	
2-148	1079-1084	vobis	
2-149	1085-1087	ad	
2-150	1088-1097	profectum	
2-151	1098-1105	vestrum	
2-152	1105-1106	,	
2-153	1107-1109	et	
2-154	1110-1117	gaudium	
2-155	1118-1123	fidei	
2-156	1124-1125	:	
2-157	1126-1128	26	
2-158	1129-1131	ut	
2-159	1132-1142	gratulatio	
2-160	1143-1149	vestra	
2-161	1150-1157	abundet	
2-162	1158-1160	in	
2-163	1161-1168	Christo	
2-164	1169-1173	Jesu	
2-165	1174-1176	in	
2-166	1177-1179	me	
2-167	1179-1180	,	
2-168	1181-1184	per	
2-169	1185-1189	meum	
2-170	1190-1198	adventum	
2-171	1199-1205	iterum	
2-172	1206-1208	ad	
2-173	1209-1212	vos	
2-174	1212-1213	.	
2-175	1214-1216	27	
2-176	1217-1223	Tantum	
2-177	1224-1229	digne	
2-178	1230-1239	Evangelio	
2-179	1240-1247	Christi	
2-180	1248-1260	conversamini	
2-181	1261-1262	:	
2-182	1263-1265	ut	
2-183	1266-1270	sive	
2-184	1271-1274	cum	
2-185	1275-1281	venero	
2-186	1281-1282	,	
2-187	1283-1285	et	
2-188	1286-1292	videro	
2-189	1293-1296	vos	
2-190	1296-1297	,	
2-191	1298-1302	sive	
2-192	1303-1309	absens	
2-193	1310-1316	audiam	
2-194	1317-1319	de	
2-195	1320-1325	vobis	
2-196	1325-1326	,	
2-197	1327-1331	quia	
2-198	1332-1338	statis	
2-199	1339-1341	in	
2-200	1342-1345	uno	
2-201	1346-1353	spiritu	
2-202	1354-1362	unanimes	
2-203	1362-1363	,	
2-204	1364-1377	collaborantes	
2-205	1378-1383	fidei	
2-206	1384-1393	Evangelii	
2-207	1394-1395	:	
2-208	1396-1398	28	
2-209	1399-1401	et	
2-210	1402-1404	in	
2-211	1405-1410	nullo	
2-212	1411-1421	terreamini	
2-213	1422-1424	ab	
2-214	1425-1436	adversariis	
2-215	1437-1438	:	
2-216	1439-1442	quæ	
2-217	1443-1448	illis	
2-218	1449-1452	est	
2-219	1453-1458	causa	
2-220	1459-1470	perditionis	
2-221	1470-1471	,	
2-222	1472-1477	vobis	
2-223	1478-1483	autem	
2-224	1484-1491	salutis	
2-225	1491-1492	,	
2-226	1493-1495	et	
2-227	1496-1499	hoc	
2-228	1500-1501	a	
2-229	1502-1505	Deo	
2-230	1506-1507	:	
2-231	1508-1510	29	
2-232	1511-1515	quia	
2-233	1516-1521	vobis	
2-234	1522-1529	donatum	
2-235	1530-1533	est	
2-236	1534-1537	pro	
2-237	1538-1545	Christo	
2-238	1545-1546	,	
2-239	1547-1550	non	
2-240	1551-1556	solum	
2-241	1557-1559	ut	
2-242	1560-1562	in	
2-243	1563-1566	eum	
2-244	1567-1575	credatis	
2-245	1575-1576	,	
2-246	1577-1580	sed	
2-247	1581-1583	ut	
2-248	1584-1589	etiam	
2-249	1590-1593	pro	
2-250	1594-1598	illo	
2-251	1599-1608	patiamini	
2-252	1609-1610	:	
2-253	1611-1613	30	
2-254	1614-1618	idem	
2-255	1619-1627	certamen	
2-256	1628-1636	habentes	
2-257	1636-1637	,	
2-258	1638-1643	quale	
2-259	1644-1646	et	
2-260	1647-1655	vidistis	
2-261	1656-1658	in	
2-262	1659-1661	me	
2-263	1661-1662	,	
2-264	1663-1665	et	
2-265	1666-1670	nunc	
2-266	1671-1679	audistis	
2-267	1680-1682	de	
2-268	1683-1685	me	
2-269	1685-1686	.	

#Text=Caput 2
#Text=
#Text=
#Text=1 Si qua ergo consolatio in Christo, si quod solatium caritatis, si qua societas spiritus, si qua viscera miserationis : 2 implete gaudium meum ut idem sapiatis, eamdem caritatem habentes, unanimes, idipsum sentientes, 3 nihil per contentionem, neque per inanem gloriam : sed in humilitate superiores sibi invicem arbitrantes, 4 non quæ sua sunt singuli considerantes, sed ea quæ aliorum.
#Text=5 Hoc enim sentite in vobis, quod et in Christo Jesu : 6 qui cum in forma Dei esset, non rapinam arbitratus est esse se æqualem Deo : 7 sed semetipsum exinanivit, formam servi accipiens, in similitudinem hominum factus, et habitu inventus ut homo.
#Text=8 Humiliavit semetipsum factus obediens usque ad mortem, mortem autem crucis.
#Text=9 Propter quod et Deus exaltavit illum, et donavit illi nomen, quod est super omne nomen : 10 ut in nomine Jesu omne genu flectatur cælestium, terrestrium et infernorum, 11 et omnis lingua confiteatur, quia Dominus Jesus Christus in gloria est Dei Patris.
#Text=12 Itaque carissimi mei (sicut semper obedistis), non ut in præsentia mei tantum, sed multo magis nunc in absentia mea, cum metu et tremore vestram salutem operamini.
#Text=13 Deus est enim, qui operatur in vobis et velle, et perficere pro bona voluntate.
#Text=14 Omnia autem facite sine murmurationibus et hæsitationibus : 15 ut sitis sine querela, et simplices filii Dei, sine reprehensione in medio nationis pravæ et perversæ : inter quos lucetis sicut luminaria in mundo, 16 verbum vitæ continentes ad gloriam meam in die Christi, quia non in vacuum cucurri, neque in vacuum laboravi.
#Text=17 Sed et si immolor supra sacrificium, et obsequium fidei vestræ, gaudeo, et congratulor omnibus vobis.
#Text=18 Idipsum autem et vos gaudete, et congratulamini mihi.
#Text=19 Spero autem in Domino Jesu, Timotheum me cito mittere ad vos : ut et ego bono animo sim, cognitis quæ circa vos sunt.
3-1	1687-1692	Caput	
3-2	1693-1694	2	
3-3	1697-1698	1	
3-4	1699-1701	Si	
3-5	1702-1705	qua	
3-6	1706-1710	ergo	
3-7	1711-1721	consolatio	
3-8	1722-1724	in	
3-9	1725-1732	Christo	
3-10	1732-1733	,	
3-11	1734-1736	si	
3-12	1737-1741	quod	
3-13	1742-1750	solatium	
3-14	1751-1760	caritatis	
3-15	1760-1761	,	
3-16	1762-1764	si	
3-17	1765-1768	qua	
3-18	1769-1777	societas	
3-19	1778-1786	spiritus	
3-20	1786-1787	,	
3-21	1788-1790	si	
3-22	1791-1794	qua	
3-23	1795-1802	viscera	
3-24	1803-1815	miserationis	
3-25	1816-1817	:	
3-26	1818-1819	2	
3-27	1820-1827	implete	
3-28	1828-1835	gaudium	
3-29	1836-1840	meum	
3-30	1841-1843	ut	
3-31	1844-1848	idem	
3-32	1849-1857	sapiatis	
3-33	1857-1858	,	
3-34	1859-1865	eamdem	
3-35	1866-1875	caritatem	
3-36	1876-1884	habentes	
3-37	1884-1885	,	
3-38	1886-1894	unanimes	
3-39	1894-1895	,	
3-40	1896-1903	idipsum	
3-41	1904-1914	sentientes	
3-42	1914-1915	,	
3-43	1916-1917	3	
3-44	1918-1923	nihil	
3-45	1924-1927	per	
3-46	1928-1940	contentionem	
3-47	1940-1941	,	
3-48	1942-1947	neque	
3-49	1948-1951	per	
3-50	1952-1958	inanem	
3-51	1959-1966	gloriam	
3-52	1967-1968	:	
3-53	1969-1972	sed	
3-54	1973-1975	in	
3-55	1976-1986	humilitate	
3-56	1987-1997	superiores	
3-57	1998-2002	sibi	
3-58	2003-2010	invicem	
3-59	2011-2022	arbitrantes	
3-60	2022-2023	,	
3-61	2024-2025	4	
3-62	2026-2029	non	
3-63	2030-2033	quæ	
3-64	2034-2037	sua	
3-65	2038-2042	sunt	
3-66	2043-2050	singuli	
3-67	2051-2064	considerantes	
3-68	2064-2065	,	
3-69	2066-2069	sed	
3-70	2070-2072	ea	
3-71	2073-2076	quæ	
3-72	2077-2084	aliorum	
3-73	2084-2085	.	
3-74	2086-2087	5	
3-75	2088-2091	Hoc	
3-76	2092-2096	enim	
3-77	2097-2104	sentite	
3-78	2105-2107	in	
3-79	2108-2113	vobis	
3-80	2113-2114	,	
3-81	2115-2119	quod	
3-82	2120-2122	et	
3-83	2123-2125	in	
3-84	2126-2133	Christo	
3-85	2134-2138	Jesu	
3-86	2139-2140	:	
3-87	2141-2142	6	
3-88	2143-2146	qui	
3-89	2147-2150	cum	
3-90	2151-2153	in	
3-91	2154-2159	forma	
3-92	2160-2163	Dei	
3-93	2164-2169	esset	
3-94	2169-2170	,	
3-95	2171-2174	non	
3-96	2175-2182	rapinam	
3-97	2183-2193	arbitratus	
3-98	2194-2197	est	
3-99	2198-2202	esse	
3-100	2203-2205	se	
3-101	2206-2213	æqualem	
3-102	2214-2217	Deo	
3-103	2218-2219	:	
3-104	2220-2221	7	
3-105	2222-2225	sed	
3-106	2226-2236	semetipsum	
3-107	2237-2247	exinanivit	
3-108	2247-2248	,	
3-109	2249-2255	formam	
3-110	2256-2261	servi	
3-111	2262-2271	accipiens	
3-112	2271-2272	,	
3-113	2273-2275	in	
3-114	2276-2289	similitudinem	
3-115	2290-2297	hominum	
3-116	2298-2304	factus	
3-117	2304-2305	,	
3-118	2306-2308	et	
3-119	2309-2315	habitu	
3-120	2316-2324	inventus	
3-121	2325-2327	ut	
3-122	2328-2332	homo	
3-123	2332-2333	.	
3-124	2334-2335	8	
3-125	2336-2346	Humiliavit	
3-126	2347-2357	semetipsum	
3-127	2358-2364	factus	
3-128	2365-2373	obediens	
3-129	2374-2379	usque	
3-130	2380-2382	ad	
3-131	2383-2389	mortem	
3-132	2389-2390	,	
3-133	2391-2397	mortem	
3-134	2398-2403	autem	
3-135	2404-2410	crucis	
3-136	2410-2411	.	
3-137	2412-2413	9	
3-138	2414-2421	Propter	
3-139	2422-2426	quod	
3-140	2427-2429	et	
3-141	2430-2434	Deus	
3-142	2435-2444	exaltavit	
3-143	2445-2450	illum	
3-144	2450-2451	,	
3-145	2452-2454	et	
3-146	2455-2462	donavit	
3-147	2463-2467	illi	
3-148	2468-2473	nomen	
3-149	2473-2474	,	
3-150	2475-2479	quod	
3-151	2480-2483	est	
3-152	2484-2489	super	
3-153	2490-2494	omne	
3-154	2495-2500	nomen	
3-155	2501-2502	:	
3-156	2503-2505	10	
3-157	2506-2508	ut	
3-158	2509-2511	in	
3-159	2512-2518	nomine	
3-160	2519-2523	Jesu	
3-161	2524-2528	omne	
3-162	2529-2533	genu	
3-163	2534-2543	flectatur	
3-164	2544-2553	cælestium	
3-165	2553-2554	,	
3-166	2555-2566	terrestrium	
3-167	2567-2569	et	
3-168	2570-2580	infernorum	
3-169	2580-2581	,	
3-170	2582-2584	11	
3-171	2585-2587	et	
3-172	2588-2593	omnis	
3-173	2594-2600	lingua	
3-174	2601-2612	confiteatur	
3-175	2612-2613	,	
3-176	2614-2618	quia	
3-177	2619-2626	Dominus	
3-178	2627-2632	Jesus	
3-179	2633-2641	Christus	
3-180	2642-2644	in	
3-181	2645-2651	gloria	
3-182	2652-2655	est	
3-183	2656-2659	Dei	
3-184	2660-2666	Patris	
3-185	2666-2667	.	
3-186	2668-2670	12	
3-187	2671-2677	Itaque	
3-188	2678-2687	carissimi	
3-189	2688-2691	mei	
3-190	2692-2693	(	
3-191	2693-2698	sicut	
3-192	2699-2705	semper	
3-193	2706-2715	obedistis	
3-194	2715-2716	)	
3-195	2716-2717	,	
3-196	2718-2721	non	
3-197	2722-2724	ut	
3-198	2725-2727	in	
3-199	2728-2737	præsentia	
3-200	2738-2741	mei	
3-201	2742-2748	tantum	
3-202	2748-2749	,	
3-203	2750-2753	sed	
3-204	2754-2759	multo	
3-205	2760-2765	magis	
3-206	2766-2770	nunc	
3-207	2771-2773	in	
3-208	2774-2782	absentia	
3-209	2783-2786	mea	
3-210	2786-2787	,	
3-211	2788-2791	cum	
3-212	2792-2796	metu	
3-213	2797-2799	et	
3-214	2800-2807	tremore	
3-215	2808-2815	vestram	
3-216	2816-2823	salutem	
3-217	2824-2833	operamini	
3-218	2833-2834	.	
3-219	2835-2837	13	
3-220	2838-2842	Deus	
3-221	2843-2846	est	
3-222	2847-2851	enim	
3-223	2851-2852	,	
3-224	2853-2856	qui	
3-225	2857-2865	operatur	
3-226	2866-2868	in	
3-227	2869-2874	vobis	
3-228	2875-2877	et	
3-229	2878-2883	velle	
3-230	2883-2884	,	
3-231	2885-2887	et	
3-232	2888-2897	perficere	
3-233	2898-2901	pro	
3-234	2902-2906	bona	
3-235	2907-2916	voluntate	
3-236	2916-2917	.	
3-237	2918-2920	14	
3-238	2921-2926	Omnia	
3-239	2927-2932	autem	
3-240	2933-2939	facite	
3-241	2940-2944	sine	
3-242	2945-2960	murmurationibus	
3-243	2961-2963	et	
3-244	2964-2978	hæsitationibus	
3-245	2979-2980	:	
3-246	2981-2983	15	
3-247	2984-2986	ut	
3-248	2987-2992	sitis	
3-249	2993-2997	sine	
3-250	2998-3005	querela	
3-251	3005-3006	,	
3-252	3007-3009	et	
3-253	3010-3019	simplices	
3-254	3020-3025	filii	
3-255	3026-3029	Dei	
3-256	3029-3030	,	
3-257	3031-3035	sine	
3-258	3036-3049	reprehensione	
3-259	3050-3052	in	
3-260	3053-3058	medio	
3-261	3059-3067	nationis	
3-262	3068-3073	pravæ	
3-263	3074-3076	et	
3-264	3077-3085	perversæ	
3-265	3086-3087	:	
3-266	3088-3093	inter	
3-267	3094-3098	quos	
3-268	3099-3106	lucetis	
3-269	3107-3112	sicut	
3-270	3113-3122	luminaria	
3-271	3123-3125	in	
3-272	3126-3131	mundo	
3-273	3131-3132	,	
3-274	3133-3135	16	
3-275	3136-3142	verbum	
3-276	3143-3147	vitæ	
3-277	3148-3159	continentes	
3-278	3160-3162	ad	
3-279	3163-3170	gloriam	
3-280	3171-3175	meam	
3-281	3176-3178	in	
3-282	3179-3182	die	
3-283	3183-3190	Christi	
3-284	3190-3191	,	
3-285	3192-3196	quia	
3-286	3197-3200	non	
3-287	3201-3203	in	
3-288	3204-3210	vacuum	
3-289	3211-3218	cucurri	
3-290	3218-3219	,	
3-291	3220-3225	neque	
3-292	3226-3228	in	
3-293	3229-3235	vacuum	
3-294	3236-3244	laboravi	
3-295	3244-3245	.	
3-296	3246-3248	17	
3-297	3249-3252	Sed	
3-298	3253-3255	et	
3-299	3256-3258	si	
3-300	3259-3266	immolor	
3-301	3267-3272	supra	
3-302	3273-3284	sacrificium	
3-303	3284-3285	,	
3-304	3286-3288	et	
3-305	3289-3298	obsequium	
3-306	3299-3304	fidei	
3-307	3305-3311	vestræ	
3-308	3311-3312	,	
3-309	3313-3319	gaudeo	
3-310	3319-3320	,	
3-311	3321-3323	et	
3-312	3324-3335	congratulor	
3-313	3336-3343	omnibus	
3-314	3344-3349	vobis	
3-315	3349-3350	.	
3-316	3351-3353	18	
3-317	3354-3361	Idipsum	
3-318	3362-3367	autem	
3-319	3368-3370	et	
3-320	3371-3374	vos	
3-321	3375-3382	gaudete	
3-322	3382-3383	,	
3-323	3384-3386	et	
3-324	3387-3401	congratulamini	
3-325	3402-3406	mihi	
3-326	3406-3407	.	
3-327	3408-3410	19	
3-328	3411-3416	Spero	
3-329	3417-3422	autem	
3-330	3423-3425	in	
3-331	3426-3432	Domino	
3-332	3433-3437	Jesu	
3-333	3437-3438	,	
3-334	3439-3448	Timotheum	
3-335	3449-3451	me	
3-336	3452-3456	cito	
3-337	3457-3464	mittere	
3-338	3465-3467	ad	
3-339	3468-3471	vos	
3-340	3472-3473	:	
3-341	3474-3476	ut	
3-342	3477-3479	et	
3-343	3480-3483	ego	
3-344	3484-3488	bono	
3-345	3489-3494	animo	
3-346	3495-3498	sim	
3-347	3498-3499	,	
3-348	3500-3508	cognitis	
3-349	3509-3512	quæ	
3-350	3513-3518	circa	
3-351	3519-3522	vos	
3-352	3523-3527	sunt	
3-353	3527-3528	.	
