#FORMAT=WebAnno TSV 3.3


#Text=Om dit te betoogen, zoo laat d, aan de
#Text=figuur P, een vat vol water zyn, gelyk aan a:
#Text=het vlak-vat d dan, mede vol water lucht.
1-1	2-4	Om	
1-2	5-8	dit	
1-3	9-11	te	
1-4	12-20	betoogen	
1-5	20-21	,	
1-6	22-25	zoo	
1-7	26-30	laat	
1-8	31-32	d	
1-9	32-33	,	
1-10	34-37	aan	
1-11	38-40	de	
1-12	41-47	figuur	
1-13	48-49	P	
1-14	49-50	,	
1-15	51-54	een	
1-16	55-58	vat	
1-17	59-62	vol	
1-18	63-68	water	
1-19	69-72	zyn	
1-20	72-73	,	
1-21	74-79	gelyk	
1-22	80-83	aan	
1-23	84-85	a	
1-24	85-86	:	
1-25	87-90	het	
1-26	91-99	vlak-vat	
1-27	100-101	d	
1-28	102-105	dan	
1-29	105-106	,	
1-30	107-111	mede	
1-31	112-115	vol	
1-32	116-121	water	
1-33	122-127	lucht	
1-34	127-128	.	

#Text=zynde, is in het water b c licht noch zwaar; want het houdt daar in alle gestalten die
#Text=men het zelve geeft:
#Text=waar van de reden is, dat, wanneer iets ryzen of dalen zal, dan
#Text=moet een kring geschieden van lichamen die verplaatzen; en om dat des waters
#Text=deelen alle van een aart zyn, en dat'er geen reden is waar om de eene minder als
#Text=de andere ryst of daalt, blyven zy in een even stalwightigheit, zoo lange als zy van
#Text=geen uitterlyke beweging daar uit gestooten werden:
#Text=daar om dan, het water d
#Text=uitgegooten zynde,
#Text=zal het vlak-vat dat gewight waters lichter wezen, dan toen het
#Text=in zyn eerste gedaante was.
2-1	130-135	zynde	
2-2	135-136	,	
2-3	137-139	is	
2-4	140-142	in	
2-5	143-146	het	
2-6	147-152	water	
2-7	153-154	b	
2-8	155-156	c	
2-9	157-162	licht	
2-10	163-167	noch	
2-11	168-173	zwaar	
2-12	173-174	;	
2-13	175-179	want	
2-14	180-183	het	
2-15	184-189	houdt	
2-16	190-194	daar	
2-17	195-197	in	
2-18	198-202	alle	
2-19	203-212	gestalten	
2-20	213-216	die	
2-21	217-220	men	
2-22	221-224	het	
2-23	225-230	zelve	
2-24	231-236	geeft	
2-25	236-237	:	
2-26	238-242	waar	
2-27	243-246	van	
2-28	247-249	de	
2-29	250-255	reden	
2-30	256-258	is	
2-31	258-259	,	
2-32	260-263	dat	
2-33	263-264	,	
2-34	265-272	wanneer	
2-35	273-277	iets	
2-36	278-283	ryzen	
2-37	284-286	of	
2-38	287-292	dalen	
2-39	293-296	zal	
2-40	296-297	,	
2-41	298-301	dan	
2-42	302-306	moet	
2-43	307-310	een	
2-44	311-316	kring	
2-45	317-327	geschieden	
2-46	328-331	van	
2-47	332-340	lichamen	
2-48	341-344	die	
2-49	345-356	verplaatzen	
2-50	356-357	;	
2-51	358-360	en	
2-52	361-363	om	
2-53	364-367	dat	
2-54	368-371	des	
2-55	372-378	waters	
2-56	379-385	deelen	
2-57	386-390	alle	
2-58	391-394	van	
2-59	395-398	een	
2-60	399-403	aart	
2-61	404-407	zyn	
2-62	407-408	,	
2-63	409-411	en	
2-64	412-418	dat'er	
2-65	419-423	geen	
2-66	424-429	reden	
2-67	430-432	is	
2-68	433-437	waar	
2-69	438-440	om	
2-70	441-443	de	
2-71	444-448	eene	
2-72	449-455	minder	
2-73	456-459	als	
2-74	460-462	de	
2-75	463-469	andere	
2-76	470-474	ryst	
2-77	475-477	of	
2-78	478-483	daalt	
2-79	483-484	,	
2-80	485-491	blyven	
2-81	492-494	zy	
2-82	495-497	in	
2-83	498-501	een	
2-84	502-506	even	
2-85	507-522	stalwightigheit	
2-86	522-523	,	
2-87	524-527	zoo	
2-88	528-533	lange	
2-89	534-537	als	
2-90	538-540	zy	
2-91	541-544	van	
2-92	545-549	geen	
2-93	550-560	uitterlyke	
2-94	561-569	beweging	
2-95	570-574	daar	
2-96	575-578	uit	
2-97	579-588	gestooten	
2-98	589-595	werden	
2-99	595-596	:	
2-100	597-601	daar	
2-101	602-604	om	
2-102	605-608	dan	
2-103	608-609	,	
2-104	610-613	het	
2-105	614-619	water	
2-106	620-621	d	
2-107	622-633	uitgegooten	
2-108	634-639	zynde	
2-109	639-640	,	
2-110	641-644	zal	
2-111	645-648	het	
2-112	649-657	vlak-vat	
2-113	658-661	dat	
2-114	662-669	gewight	
2-115	670-676	waters	
2-116	677-684	lichter	
2-117	685-690	wezen	
2-118	690-691	,	
2-119	692-695	dan	
2-120	696-700	toen	
2-121	701-704	het	
2-122	705-707	in	
2-123	708-711	zyn	
2-124	712-718	eerste	
2-125	719-727	gedaante	
2-126	728-731	was	
2-127	731-732	.	

#Text=Laat ons nu het lichaam a daar in leggen, het zelve zal
#Text=daar effen in passen, om dat zy (door het gestelde) even en gelyk zyn, en het
#Text=vlak-vat, met het lichaam a alzoo daar in, zal wegen het gewight van a, met zyn
#Text=voor genoemde lichtigheit, dat is, het gewight van a, min het gewight des waters
#Text=
#Text=dat daar eerst uit gegooten was:
#Text=maar dat water is even groot aan a;
#Text=daar om a, in
#Text=
#Text='t water b c geleght, is daar in zoo veel lichter dan in de lucht, als de zwaarheit des
#Text=waters die met hem even groot is, 't geene te bewyzen stondt.
3-1	733-737	Laat	
3-2	738-741	ons	
3-3	742-744	nu	
3-4	745-748	het	
3-5	749-756	lichaam	
3-6	757-758	a	
3-7	759-763	daar	
3-8	764-766	in	
3-9	767-773	leggen	
3-10	773-774	,	
3-11	775-778	het	
3-12	779-784	zelve	
3-13	785-788	zal	
3-14	789-793	daar	
3-15	794-799	effen	
3-16	800-802	in	
3-17	803-809	passen	
3-18	809-810	,	
3-19	811-813	om	
3-20	814-817	dat	
3-21	818-820	zy	
3-22	821-822	(	
3-23	822-826	door	
3-24	827-830	het	
3-25	831-839	gestelde	
3-26	839-840	)	
3-27	841-845	even	
3-28	846-848	en	
3-29	849-854	gelyk	
3-30	855-858	zyn	
3-31	858-859	,	
3-32	860-862	en	
3-33	863-866	het	
3-34	867-875	vlak-vat	
3-35	875-876	,	
3-36	877-880	met	
3-37	881-884	het	
3-38	885-892	lichaam	
3-39	893-894	a	
3-40	895-900	alzoo	
3-41	901-905	daar	
3-42	906-908	in	
3-43	908-909	,	
3-44	910-913	zal	
3-45	914-919	wegen	
3-46	920-923	het	
3-47	924-931	gewight	
3-48	932-935	van	
3-49	936-937	a	
3-50	937-938	,	
3-51	939-942	met	
3-52	943-946	zyn	
3-53	947-951	voor	
3-54	952-960	genoemde	
3-55	961-972	lichtigheit	
3-56	972-973	,	
3-57	974-977	dat	
3-58	978-980	is	
3-59	980-981	,	
3-60	982-985	het	
3-61	986-993	gewight	
3-62	994-997	van	
3-63	998-999	a	
3-64	999-1000	,	
3-65	1001-1004	min	
3-66	1005-1008	het	
3-67	1009-1016	gewight	
3-68	1017-1020	des	
3-69	1021-1027	waters	
3-70	1029-1032	dat	
3-71	1033-1037	daar	
3-72	1038-1043	eerst	
3-73	1044-1047	uit	
3-74	1048-1056	gegooten	
3-75	1057-1060	was	
3-76	1060-1061	:	
3-77	1062-1066	maar	
3-78	1067-1070	dat	
3-79	1071-1076	water	
3-80	1077-1079	is	
3-81	1080-1084	even	
3-82	1085-1090	groot	
3-83	1091-1094	aan	
3-84	1095-1096	a	
3-85	1096-1097	;	
3-86	1098-1102	daar	
3-87	1103-1105	om	
3-88	1106-1107	a	
3-89	1107-1108	,	
3-90	1109-1111	in	
3-91	1113-1114	'	
3-92	1114-1115	t	
3-93	1116-1121	water	
3-94	1122-1123	b	
3-95	1124-1125	c	
3-96	1126-1133	geleght	
3-97	1133-1134	,	
3-98	1135-1137	is	
3-99	1138-1142	daar	
3-100	1143-1145	in	
3-101	1146-1149	zoo	
3-102	1150-1154	veel	
3-103	1155-1162	lichter	
3-104	1163-1166	dan	
3-105	1167-1169	in	
3-106	1170-1172	de	
3-107	1173-1178	lucht	
3-108	1178-1179	,	
3-109	1180-1183	als	
3-110	1184-1186	de	
3-111	1187-1196	zwaarheit	
3-112	1197-1200	des	
3-113	1201-1207	waters	
3-114	1208-1211	die	
3-115	1212-1215	met	
3-116	1216-1219	hem	
3-117	1220-1224	even	
3-118	1225-1230	groot	
3-119	1231-1233	is	
3-120	1233-1234	,	
3-121	1235-1236	'	
3-122	1236-1237	t	
3-123	1238-1243	geene	
3-124	1244-1246	te	
3-125	1247-1254	bewyzen	
3-126	1255-1261	stondt	
3-127	1261-1262	.	

#Text=En hoedanig het met
#Text=gelykformige lichamen gestelt is, zoodanig is het ook gelegen met scheef hoekige
#Text=van alle gestalten, als ankers, en andere.
4-1	1263-1265	En	
4-2	1266-1274	hoedanig	
4-3	1275-1278	het	
4-4	1279-1282	met	
4-5	1283-1295	gelykformige	
4-6	1296-1304	lichamen	
4-7	1305-1312	gestelt	
4-8	1313-1315	is	
4-9	1315-1316	,	
4-10	1317-1325	zoodanig	
4-11	1326-1328	is	
4-12	1329-1332	het	
4-13	1333-1336	ook	
4-14	1337-1344	gelegen	
4-15	1345-1348	met	
4-16	1349-1355	scheef	
4-17	1356-1363	hoekige	
4-18	1364-1367	van	
4-19	1368-1372	alle	
4-20	1373-1382	gestalten	
4-21	1382-1383	,	
4-22	1384-1387	als	
4-23	1388-1394	ankers	
4-24	1394-1395	,	
4-25	1396-1398	en	
4-26	1399-1405	andere	
4-27	1405-1406	.	

#Text=De proef der ankers, of zy in de grondt wel vatten zullen, is, dat men op een effen
#Text=grondt de punt van een der armen met het eindt van de stok op de aarde leght, zoo
#Text=het anker met de punt omhoogh valt, dan is 't bequaam.
5-1	1409-1411	De	
5-2	1412-1417	proef	
5-3	1418-1421	der	
5-4	1422-1428	ankers	
5-5	1428-1429	,	
5-6	1430-1432	of	
5-7	1433-1435	zy	
5-8	1436-1438	in	
5-9	1439-1441	de	
5-10	1442-1448	grondt	
5-11	1449-1452	wel	
5-12	1453-1459	vatten	
5-13	1460-1466	zullen	
5-14	1466-1467	,	
5-15	1468-1470	is	
5-16	1470-1471	,	
5-17	1472-1475	dat	
5-18	1476-1479	men	
5-19	1480-1482	op	
5-20	1483-1486	een	
5-21	1487-1492	effen	
5-22	1493-1499	grondt	
5-23	1500-1502	de	
5-24	1503-1507	punt	
5-25	1508-1511	van	
5-26	1512-1515	een	
5-27	1516-1519	der	
5-28	1520-1525	armen	
5-29	1526-1529	met	
5-30	1530-1533	het	
5-31	1534-1539	eindt	
5-32	1540-1543	van	
5-33	1544-1546	de	
5-34	1547-1551	stok	
5-35	1552-1554	op	
5-36	1555-1557	de	
5-37	1558-1563	aarde	
5-38	1564-1569	leght	
5-39	1569-1570	,	
5-40	1571-1574	zoo	
5-41	1575-1578	het	
5-42	1579-1584	anker	
5-43	1585-1588	met	
5-44	1589-1591	de	
5-45	1592-1596	punt	
5-46	1597-1604	omhoogh	
5-47	1605-1609	valt	
5-48	1609-1610	,	
5-49	1611-1614	dan	
5-50	1615-1617	is	
5-51	1618-1619	'	
5-52	1619-1620	t	
5-53	1621-1628	bequaam	
5-54	1628-1629	.	

#Text=De ankers, geworpen zynde, moeten vry wat bots hebben, en niet op en neer
#Text=staan, zoo zy vast zullen houden.
6-1	1632-1634	De	
6-2	1635-1641	ankers	
6-3	1641-1642	,	
6-4	1643-1651	geworpen	
6-5	1652-1657	zynde	
6-6	1657-1658	,	
6-7	1659-1665	moeten	
6-8	1666-1669	vry	
6-9	1670-1673	wat	
6-10	1674-1678	bots	
6-11	1679-1685	hebben	
6-12	1685-1686	,	
6-13	1687-1689	en	
6-14	1690-1694	niet	
6-15	1695-1697	op	
6-16	1698-1700	en	
6-17	1701-1705	neer	
6-18	1706-1711	staan	
6-19	1711-1712	,	
6-20	1713-1716	zoo	
6-21	1717-1719	zy	
6-22	1720-1724	vast	
6-23	1725-1731	zullen	
6-24	1732-1738	houden	
6-25	1738-1739	.	

#Text=Om een Schip trage voortgang te doen hebben, werpt men nuttelyk het anker
#Text=achter uit, en laat het slepen.
7-1	1742-1744	Om	
7-2	1745-1748	een	
7-3	1749-1754	Schip	
7-4	1755-1760	trage	
7-5	1761-1770	voortgang	
7-6	1771-1773	te	
7-7	1774-1778	doen	
7-8	1779-1785	hebben	
7-9	1785-1786	,	
7-10	1787-1792	werpt	
7-11	1793-1796	men	
7-12	1797-1805	nuttelyk	
7-13	1806-1809	het	
7-14	1810-1815	anker	
7-15	1816-1822	achter	
7-16	1823-1826	uit	
7-17	1826-1827	,	
7-18	1828-1830	en	
7-19	1831-1835	laat	
7-20	1836-1839	het	
7-21	1840-1846	slepen	
7-22	1846-1847	.	

#Text=Wanneer een Schip op strandt aan stoot, 't zy met zyn voorste of achterste
#Text=gedeelte, dan is dienstigh, om hooger op te geraken, en 't leven voor de
#Text=scheepelingen te behouden
8-1	1850-1857	Wanneer	
8-2	1858-1861	een	
8-3	1862-1867	Schip	
8-4	1868-1870	op	
8-5	1871-1878	strandt	
8-6	1879-1882	aan	
8-7	1883-1888	stoot	
8-8	1888-1889	,	
8-9	1890-1891	'	
8-10	1891-1892	t	
8-11	1893-1895	zy	
8-12	1896-1899	met	
8-13	1900-1903	zyn	
8-14	1904-1911	voorste	
8-15	1912-1914	of	
8-16	1915-1924	achterste	
8-17	1925-1933	gedeelte	
8-18	1933-1934	,	
8-19	1935-1938	dan	
8-20	1939-1941	is	
8-21	1942-1951	dienstigh	
8-22	1951-1952	,	
8-23	1953-1955	om	
8-24	1956-1962	hooger	
8-25	1963-1965	op	
8-26	1966-1968	te	
8-27	1969-1976	geraken	
8-28	1976-1977	,	
8-29	1978-1980	en	
8-30	1981-1982	'	
8-31	1982-1983	t	
8-32	1984-1989	leven	
8-33	1990-1994	voor	
8-34	1995-1997	de	
8-35	1998-2011	scheepelingen	
8-36	2012-2014	te	
8-37	2015-2023	behouden	
