#FORMAT=WebAnno TSV 3.3
#T_SP=custom.Span|label
#T_RL=custom.Relation|label|BT_custom.Span


#Text=Von der Eſſenza di Berga-
#Text=motto.
1-1	6-9	Von	_	_	_	
1-2	10-13	der	_	_	_	
1-3	14-21	Eſſenza	Smell\_Source[1]	_	_	
1-4	22-24	di	Smell\_Source[1]	_	_	
1-5	25-30	Berga	Smell\_Source[1]	_	_	
1-6	30-31	-	Smell\_Source[1]	_	_	
1-7	32-37	motto	Smell\_Source[1]	_	_	
1-8	37-38	.	_	_	_	

#Text=Dieſe
#Text=Eſſentz wird aus den Schalen
#Text=der Citronaten, Poncires genannt, und
#Text=der groſſen Citronen bereitet, welche
#Text=auf Bergamottenbirnbaͤume gepfropft
#Text=
#Text=oder oculiret ſind.
2-1	40-45	Dieſe	_	_	_	
2-2	46-53	Eſſentz	_	_	_	
2-3	54-58	wird	_	_	_	
2-4	59-62	aus	_	_	_	
2-5	63-66	den	_	_	_	
2-6	67-74	Schalen	_	_	_	
2-7	75-78	der	_	_	_	
2-8	79-89	Citronaten	_	_	_	
2-9	89-90	,	_	_	_	
2-10	91-99	Poncires	_	_	_	
2-11	100-107	genannt	_	_	_	
2-12	107-108	,	_	_	_	
2-13	109-112	und	_	_	_	
2-14	113-116	der	_	_	_	
2-15	117-124	groſſen	_	_	_	
2-16	125-133	Citronen	_	_	_	
2-17	134-142	bereitet	_	_	_	
2-18	142-143	,	_	_	_	
2-19	144-150	welche	_	_	_	
2-20	151-154	auf	_	_	_	
2-21	155-176	Bergamottenbirnbaͤume	_	_	_	
2-22	177-186	gepfropft	_	_	_	
2-23	188-192	oder	_	_	_	
2-24	193-201	oculiret	_	_	_	
2-25	202-206	ſind	_	_	_	
2-26	206-207	.	_	_	_	

#Text=Es iſt dieſe
#Text=Eſſentz
#Text=weit lieblicher, als wie die von den Pon-
#Text=cires bereitet wird.
3-1	208-210	Es	_	_	_	
3-2	211-214	iſt	_	_	_	
3-3	215-220	dieſe	_	_	_	
3-4	221-228	Eſſentz	_	_	_	
3-5	229-233	weit	_	_	_	
3-6	234-244	lieblicher	_	_	_	
3-7	244-245	,	_	_	_	
3-8	246-249	als	_	_	_	
3-9	250-253	wie	_	_	_	
3-10	254-257	die	_	_	_	
3-11	258-261	von	_	_	_	
3-12	262-265	den	_	_	_	
3-13	266-269	Pon	_	_	_	
3-14	269-270	-	_	_	_	
3-15	271-276	cires	_	_	_	
3-16	277-285	bereitet	_	_	_	
3-17	286-290	wird	_	_	_	
3-18	290-291	.	_	_	_	

#Text=Was ihre Wahl
#Text=betrifft, da kauffe man ſie bey redlichen
#Text=Kauffleuten.
4-1	292-295	Was	_	_	_	
4-2	296-300	ihre	_	_	_	
4-3	301-305	Wahl	_	_	_	
4-4	306-314	betrifft	_	_	_	
4-5	314-315	,	_	_	_	
4-6	316-318	da	_	_	_	
4-7	319-325	kauffe	_	_	_	
4-8	326-329	man	_	_	_	
4-9	330-333	ſie	_	_	_	
4-10	334-337	bey	_	_	_	
4-11	338-347	redlichen	_	_	_	
4-12	348-359	Kauffleuten	_	_	_	
4-13	359-360	.	_	_	_	

#Text=Dann, weil ſie eine koſt-
#Text=bare Waare, wird ſie ſehr gern verfaͤl-
#Text=ſchet, oder man giebt an ſtatt der Ber-
#Text=gamotten Eſſentz die Eſſenza di Cedro.
5-1	361-365	Dann	_	_	_	
5-2	365-366	,	_	_	_	
5-3	367-371	weil	_	_	_	
5-4	372-375	ſie	_	_	_	
5-5	376-380	eine	_	_	_	
5-6	381-385	koſt	_	_	_	
5-7	385-386	-	_	_	_	
5-8	387-391	bare	_	_	_	
5-9	392-397	Waare	_	_	_	
5-10	397-398	,	_	_	_	
5-11	399-403	wird	_	_	_	
5-12	404-407	ſie	_	_	_	
5-13	408-412	ſehr	_	_	_	
5-14	413-417	gern	_	_	_	
5-15	418-425	verfaͤl	_	_	_	
5-16	425-426	-	_	_	_	
5-17	427-432	ſchet	_	_	_	
5-18	432-433	,	_	_	_	
5-19	434-438	oder	_	_	_	
5-20	439-442	man	_	_	_	
5-21	443-448	giebt	_	_	_	
5-22	449-451	an	_	_	_	
5-23	452-457	ſtatt	_	_	_	
5-24	458-461	der	_	_	_	
5-25	462-465	Ber	_	_	_	
5-26	465-466	-	_	_	_	
5-27	467-475	gamotten	_	_	_	
5-28	476-483	Eſſentz	_	_	_	
5-29	484-487	die	_	_	_	
5-30	488-495	Eſſenza	_	_	_	
5-31	496-498	di	_	_	_	
5-32	499-504	Cedro	_	_	_	
5-33	504-505	.	_	_	_	

#Text=Sie wird gebraucht, Tabac und an-
#Text=dere Sachen damit wohlriechend zu ma-
#Text=chen.
6-1	509-512	Sie	Smell\_Source	Anaphoric	1-3[1_0]	
6-2	513-517	wird	_	_	_	
6-3	518-527	gebraucht	_	_	_	
6-4	527-528	,	_	_	_	
6-5	529-534	Tabac	Odour\_Carrier[2]	_	_	
6-6	535-538	und	Odour\_Carrier[2]	_	_	
6-7	539-541	an	Odour\_Carrier[2]	_	_	
6-8	541-542	-	Odour\_Carrier[2]	_	_	
6-9	543-547	dere	Odour\_Carrier[2]	_	_	
6-10	548-554	Sachen	Odour\_Carrier[2]	_	_	
6-11	555-560	damit	_	_	_	
6-12	561-573	wohlriechend	Smell\_Word[3]|Quality[4]	*|*|*	6-12[4_3]|6-5[2_3]|6-1[0_3]	
6-13	574-576	zu	_	_	_	
6-14	577-579	ma	_	_	_	
6-15	579-580	-	_	_	_	
6-16	581-585	chen	_	_	_	
6-17	585-586	.	_	_	_	

#Text=Die Eſſenza di Limonetti iſt mit dieſer
#Text=einerley.
7-1	590-593	Die	_	_	_	
7-2	594-601	Eſſenza	_	_	_	
7-3	602-604	di	_	_	_	
7-4	605-614	Limonetti	_	_	_	
7-5	615-618	iſt	_	_	_	
7-6	619-622	mit	_	_	_	
7-7	623-629	dieſer	_	_	_	
7-8	630-638	einerley	_	_	_	
7-9	638-639	.	_	_	_	

#Text=Die Limonetto iſt eine liebliche
#Text=Frucht, daher iſt auch die Eſſentz davon
#Text=gar ſchwach.
8-1	640-643	Die	_	_	_	
8-2	644-653	Limonetto	_	_	_	
8-3	654-657	iſt	_	_	_	
8-4	658-662	eine	_	_	_	
8-5	663-672	liebliche	_	_	_	
8-6	673-679	Frucht	_	_	_	
8-7	679-680	,	_	_	_	
8-8	681-686	daher	_	_	_	
8-9	687-690	iſt	_	_	_	
8-10	691-695	auch	_	_	_	
8-11	696-699	die	_	_	_	
8-12	700-707	Eſſentz	_	_	_	
8-13	708-713	davon	_	_	_	
8-14	714-717	gar	_	_	_	
8-15	718-725	ſchwach	_	_	_	
8-16	725-726	.	_	_	_	

#Text=Gemeiniglich wird ſie
#Text=in Portugall oder zu Rom bereitet.
9-1	727-739	Gemeiniglich	_	_	_	
9-2	740-744	wird	_	_	_	
9-3	745-748	ſie	_	_	_	
9-4	749-751	in	_	_	_	
9-5	752-761	Portugall	_	_	_	
9-6	762-766	oder	_	_	_	
9-7	767-769	zu	_	_	_	
9-8	770-773	Rom	_	_	_	
9-9	774-782	bereitet	_	_	_	
9-10	782-783	.	_	_	_	

#Text=Die Roͤmiſche ſieht weiß, die Portugie-
#Text=ſiſche aber gelblicht, und ſchier ein wenig
#Text=als wie die vom Ambra.
10-1	786-789	Die	_	_	_	
10-2	790-799	Roͤmiſche	_	_	_	
10-3	800-805	ſieht	_	_	_	
10-4	806-810	weiß	_	_	_	
10-5	810-811	,	_	_	_	
10-6	812-815	die	_	_	_	
10-7	816-824	Portugie	_	_	_	
10-8	824-825	-	_	_	_	
10-9	826-832	ſiſche	_	_	_	
10-10	833-837	aber	_	_	_	
10-11	838-847	gelblicht	_	_	_	
10-12	847-848	,	_	_	_	
10-13	849-852	und	_	_	_	
10-14	853-859	ſchier	_	_	_	
10-15	860-863	ein	_	_	_	
10-16	864-869	wenig	_	_	_	
10-17	870-873	als	_	_	_	
10-18	874-877	wie	_	_	_	
10-19	878-881	die	_	_	_	
10-20	882-885	vom	_	_	_	
10-21	886-891	Ambra	_	_	_	
10-22	891-892	.	_	_	_	

#Text=Von der Tragea ſancti
#Text=
#Text=Rochi.
11-1	897-900	Von	_	_	_	
11-2	901-904	der	_	_	_	
11-3	905-911	Tragea	_	_	_	
11-4	912-918	ſancti	_	_	_	
11-5	920-925	Rochi	_	_	_	
11-6	925-926	.	_	_	_	
