#FORMAT=WebAnno TSV 3.3
#T_SP=custom.Span|label
#T_RL=custom.Relation|label|BT_custom.Span


#Text=hat/ und ein gut Theil kleiner iſt/ zu verſtehen.
1-1	3-6	hat	_	_	_	
1-2	6-7	/	_	_	_	
1-3	8-11	und	_	_	_	
1-4	12-15	ein	_	_	_	
1-5	16-19	gut	_	_	_	
1-6	20-25	Theil	_	_	_	
1-7	26-33	kleiner	_	_	_	
1-8	34-37	iſt	_	_	_	
1-9	37-38	/	_	_	_	
1-10	39-41	zu	_	_	_	
1-11	42-51	verſtehen	_	_	_	
1-12	51-52	.	_	_	_	

#Text=Doch im
#Text=Mangel des erſten/ kan man dieſes wol nehmen;
#Text=diß iſt
#Text=aber gewiß/ wann der Tabac-Saame/ der von dem
#Text=Maͤnnlein herkommt/ in ein duͤrr/ ungedungt und ſandicht
#Text=Ort gebauet wird/ daß er meiſtentheils in das Weiblein
#Text=degenerirt.
2-1	53-57	Doch	_	_	_	
2-2	58-60	im	_	_	_	
2-3	61-67	Mangel	_	_	_	
2-4	68-71	des	_	_	_	
2-5	72-78	erſten	_	_	_	
2-6	78-79	/	_	_	_	
2-7	80-83	kan	_	_	_	
2-8	84-87	man	_	_	_	
2-9	88-94	dieſes	_	_	_	
2-10	95-98	wol	_	_	_	
2-11	99-105	nehmen	_	_	_	
2-12	105-106	;	_	_	_	
2-13	107-110	diß	_	_	_	
2-14	111-114	iſt	_	_	_	
2-15	115-119	aber	_	_	_	
2-16	120-125	gewiß	_	_	_	
2-17	125-126	/	_	_	_	
2-18	127-131	wann	_	_	_	
2-19	132-135	der	_	_	_	
2-20	136-147	Tabac-Saame	_	_	_	
2-21	147-148	/	_	_	_	
2-22	149-152	der	_	_	_	
2-23	153-156	von	_	_	_	
2-24	157-160	dem	_	_	_	
2-25	161-170	Maͤnnlein	_	_	_	
2-26	171-179	herkommt	_	_	_	
2-27	179-180	/	_	_	_	
2-28	181-183	in	_	_	_	
2-29	184-187	ein	_	_	_	
2-30	188-193	duͤrr	_	_	_	
2-31	193-194	/	_	_	_	
2-32	195-204	ungedungt	_	_	_	
2-33	205-208	und	_	_	_	
2-34	209-217	ſandicht	_	_	_	
2-35	218-221	Ort	_	_	_	
2-36	222-229	gebauet	_	_	_	
2-37	230-234	wird	_	_	_	
2-38	234-235	/	_	_	_	
2-39	236-239	daß	_	_	_	
2-40	240-242	er	_	_	_	
2-41	243-256	meiſtentheils	_	_	_	
2-42	257-259	in	_	_	_	
2-43	260-263	das	_	_	_	
2-44	264-272	Weiblein	_	_	_	
2-45	273-283	degenerirt	_	_	_	
2-46	283-284	.	_	_	_	

#Text=Diß aber ſoll des Weibleins eigne und ſon-
#Text=derbare Wirckung ſeyen/ daß wann man ſeine Blaͤt-
#Text=ter ſiedet/ und wie ein Clyſtier einnimmt/ ſoll es eine be-
#Text=waͤhrte Artzney ſeyn fuͤr die rothe Ruhr.
3-1	285-288	Diß	_	_	_	
3-2	289-293	aber	_	_	_	
3-3	294-298	ſoll	_	_	_	
3-4	299-302	des	_	_	_	
3-5	303-312	Weibleins	_	_	_	
3-6	313-318	eigne	_	_	_	
3-7	319-322	und	_	_	_	
3-8	323-326	ſon	_	_	_	
3-9	326-327	-	_	_	_	
3-10	328-335	derbare	_	_	_	
3-11	336-344	Wirckung	_	_	_	
3-12	345-350	ſeyen	_	_	_	
3-13	350-351	/	_	_	_	
3-14	352-355	daß	_	_	_	
3-15	356-360	wann	_	_	_	
3-16	361-364	man	_	_	_	
3-17	365-370	ſeine	_	_	_	
3-18	371-376	Blaͤt	_	_	_	
3-19	376-377	-	_	_	_	
3-20	378-381	ter	_	_	_	
3-21	382-388	ſiedet	_	_	_	
3-22	388-389	/	_	_	_	
3-23	390-393	und	_	_	_	
3-24	394-397	wie	_	_	_	
3-25	398-401	ein	_	_	_	
3-26	402-410	Clyſtier	_	_	_	
3-27	411-419	einnimmt	_	_	_	
3-28	419-420	/	_	_	_	
3-29	421-425	ſoll	_	_	_	
3-30	426-428	es	_	_	_	
3-31	429-433	eine	_	_	_	
3-32	434-436	be	_	_	_	
3-33	436-437	-	_	_	_	
3-34	438-445	waͤhrte	_	_	_	
3-35	446-453	Artzney	_	_	_	
3-36	454-458	ſeyn	_	_	_	
3-37	459-463	fuͤr	_	_	_	
3-38	464-467	die	_	_	_	
3-39	468-473	rothe	_	_	_	
3-40	474-478	Ruhr	_	_	_	
3-41	478-479	.	_	_	_	

#Text=Von andern ſei-
#Text=nen des Maͤnnleins mehrerern Tugenden/ wie ſein
#Text=Waſſer/ Salben und Balſam zu bereiten und zu ge-
#Text=brauchen/
#Text=kan der guͤnſtige Leſer finden/ im dritten Buch
#Text=vom Feldbau Herꝛn Johan Libaut und Caroli Stephani
#Text=in 75 und 76 Capiteln.
4-1	480-483	Von	_	_	_	
4-2	484-490	andern	_	_	_	
4-3	491-494	ſei	_	_	_	
4-4	494-495	-	_	_	_	
4-5	496-499	nen	_	_	_	
4-6	500-503	des	_	_	_	
4-7	504-514	Maͤnnleins	_	_	_	
4-8	515-524	mehrerern	_	_	_	
4-9	525-533	Tugenden	_	_	_	
4-10	533-534	/	_	_	_	
4-11	535-538	wie	_	_	_	
4-12	539-543	ſein	_	_	_	
4-13	544-550	Waſſer	_	_	_	
4-14	550-551	/	_	_	_	
4-15	552-558	Salben	_	_	_	
4-16	559-562	und	_	_	_	
4-17	563-569	Balſam	_	_	_	
4-18	570-572	zu	_	_	_	
4-19	573-581	bereiten	_	_	_	
4-20	582-585	und	_	_	_	
4-21	586-588	zu	_	_	_	
4-22	589-591	ge	_	_	_	
4-23	591-592	-	_	_	_	
4-24	593-601	brauchen	_	_	_	
4-25	601-602	/	_	_	_	
4-26	603-606	kan	_	_	_	
4-27	607-610	der	_	_	_	
4-28	611-620	guͤnſtige	_	_	_	
4-29	621-626	Leſer	_	_	_	
4-30	627-633	finden	_	_	_	
4-31	633-634	/	_	_	_	
4-32	635-637	im	_	_	_	
4-33	638-645	dritten	_	_	_	
4-34	646-650	Buch	_	_	_	
4-35	651-654	vom	_	_	_	
4-36	655-662	Feldbau	_	_	_	
4-37	663-668	Herꝛn	_	_	_	
4-38	669-674	Johan	_	_	_	
4-39	675-681	Libaut	_	_	_	
4-40	682-685	und	_	_	_	
4-41	686-692	Caroli	_	_	_	
4-42	693-701	Stephani	_	_	_	
4-43	702-704	in	_	_	_	
4-44	705-707	75	_	_	_	
4-45	708-711	und	_	_	_	
4-46	712-714	76	_	_	_	
4-47	715-723	Capiteln	_	_	_	
4-48	723-724	.	_	_	_	

#Text=Dieſes hab ich ſchließlich anzuziehen nicht unterlaſ-
#Text=ſen wollen/ was J.
5-1	728-734	Dieſes	_	_	_	
5-2	735-738	hab	_	_	_	
5-3	739-742	ich	_	_	_	
5-4	743-754	ſchließlich	_	_	_	
5-5	755-765	anzuziehen	_	_	_	
5-6	766-771	nicht	_	_	_	
5-7	772-780	unterlaſ	_	_	_	
5-8	780-781	-	_	_	_	
5-9	782-785	ſen	_	_	_	
5-10	786-792	wollen	_	_	_	
5-11	792-793	/	_	_	_	
5-12	794-797	was	_	_	_	
5-13	798-799	J	_	_	_	
5-14	799-800	.	_	_	_	

#Text=Heurnius, vornehmer Medicus zu
#Text=Leiden in Holland lib.
#Text=1. de methodo medendi ſchrei-
#Text=bet/ wie folget: Als ich vorm Jahr einen unausſprech-
#Text=lichen Zahnſchmertzen hatte/ habe ich Tabackkraut mit
#Text=Camillenbluͤhe im Waſſer ſieden laſſen/ und davon ein
#Text=Loͤffel voll warm in den Mund genommen/ wieder aus-
#Text=geſpuͤrtzt/ und auf zwey Stunden alſo wiederhohlt/
#Text=da-
#Text=von die Schmertzen nachgelaſſen;
#Text=des andern Tages/ als
#Text=ich in mein in der Vorſtadt gelegenes Gaͤrtlein/ meiner
#Text=Gewonheit nach/ ſpatzirt/ und mich etwan nach einem
#Text=Kraͤutlein zur Erden gebuckt/ ſihe da ergieſſet ſich aus
#Text=meiner Naßloͤcher einem ein gelb/ wie Saffran gefaͤrb-
#Text=tes/ und nach Tabac riechendes Waͤſſerlein/ und ver-
#Text=lohr ſich alſo gantz und gar aller Zahnwehe.
6-1	801-809	Heurnius	_	_	_	
6-2	809-810	,	_	_	_	
6-3	811-820	vornehmer	_	_	_	
6-4	821-828	Medicus	_	_	_	
6-5	829-831	zu	_	_	_	
6-6	832-838	Leiden	_	_	_	
6-7	839-841	in	_	_	_	
6-8	842-849	Holland	_	_	_	
6-9	850-853	lib	_	_	_	
6-10	853-854	.	_	_	_	
6-11	855-856	1	_	_	_	
6-12	856-857	.	_	_	_	
6-13	858-860	de	_	_	_	
6-14	861-868	methodo	_	_	_	
6-15	869-876	medendi	_	_	_	
6-16	877-883	ſchrei	_	_	_	
6-17	883-884	-	_	_	_	
6-18	885-888	bet	_	_	_	
6-19	888-889	/	_	_	_	
6-20	890-893	wie	_	_	_	
6-21	894-900	folget	_	_	_	
6-22	900-901	:	_	_	_	
6-23	902-905	Als	Time[1]	_	_	
6-24	906-909	ich	Time[1]	_	_	
6-25	910-914	vorm	Time[1]	_	_	
6-26	915-919	Jahr	Time[1]	_	_	
6-27	920-925	einen	_	_	_	
6-28	926-937	unausſprech	_	_	_	
6-29	937-938	-	_	_	_	
6-30	939-945	lichen	_	_	_	
6-31	946-960	Zahnſchmertzen	_	_	_	
6-32	961-966	hatte	_	_	_	
6-33	966-967	/	_	_	_	
6-34	968-972	habe	Circumstances[2]	_	_	
6-35	973-976	ich	Circumstances[2]	_	_	
6-36	977-988	Tabackkraut	Circumstances[2]	_	_	
6-37	989-992	mit	Circumstances[2]	_	_	
6-38	993-1007	Camillenbluͤhe	Circumstances[2]	_	_	
6-39	1008-1010	im	Circumstances[2]	_	_	
6-40	1011-1017	Waſſer	Circumstances[2]	_	_	
6-41	1018-1024	ſieden	Circumstances[2]	_	_	
6-42	1025-1031	laſſen	Circumstances[2]	_	_	
6-43	1031-1032	/	Circumstances[2]	_	_	
6-44	1033-1036	und	Circumstances[2]	_	_	
6-45	1037-1042	davon	Circumstances[2]	_	_	
6-46	1043-1046	ein	Circumstances[2]	_	_	
6-47	1047-1054	Loͤffel	Circumstances[2]	_	_	
6-48	1055-1059	voll	Circumstances[2]	_	_	
6-49	1060-1064	warm	Circumstances[2]	_	_	
6-50	1065-1067	in	Circumstances[2]	_	_	
6-51	1068-1071	den	Circumstances[2]	_	_	
6-52	1072-1076	Mund	Circumstances[2]	_	_	
6-53	1077-1085	genommen	Circumstances[2]	_	_	
6-54	1085-1086	/	Circumstances[2]	_	_	
6-55	1087-1093	wieder	Circumstances[2]	_	_	
6-56	1094-1097	aus	Circumstances[2]	_	_	
6-57	1097-1098	-	Circumstances[2]	_	_	
6-58	1099-1109	geſpuͤrtzt	Circumstances[2]	_	_	
6-59	1109-1110	/	Circumstances[2]	_	_	
6-60	1111-1114	und	Circumstances[2]	_	_	
6-61	1115-1118	auf	Circumstances[2]	_	_	
6-62	1119-1123	zwey	Circumstances[2]	_	_	
6-63	1124-1131	Stunden	Circumstances[2]	_	_	
6-64	1132-1136	alſo	Circumstances[2]	_	_	
6-65	1137-1148	wiederhohlt	Circumstances[2]	_	_	
6-66	1148-1149	/	_	_	_	
6-67	1150-1152	da	_	_	_	
6-68	1152-1153	-	_	_	_	
6-69	1154-1157	von	_	_	_	
6-70	1158-1161	die	_	_	_	
6-71	1162-1172	Schmertzen	_	_	_	
6-72	1173-1185	nachgelaſſen	_	_	_	
6-73	1185-1186	;	_	_	_	
6-74	1187-1190	des	_	_	_	
6-75	1191-1197	andern	_	_	_	
6-76	1198-1203	Tages	_	_	_	
6-77	1203-1204	/	_	_	_	
6-78	1205-1208	als	_	_	_	
6-79	1209-1212	ich	_	_	_	
6-80	1213-1215	in	_	_	_	
6-81	1216-1220	mein	_	_	_	
6-82	1221-1223	in	_	_	_	
6-83	1224-1227	der	_	_	_	
6-84	1228-1236	Vorſtadt	_	_	_	
6-85	1237-1246	gelegenes	_	_	_	
6-86	1247-1256	Gaͤrtlein	Location	_	_	
6-87	1256-1257	/	_	_	_	
6-88	1258-1264	meiner	_	_	_	
6-89	1265-1274	Gewonheit	_	_	_	
6-90	1275-1279	nach	_	_	_	
6-91	1279-1280	/	_	_	_	
6-92	1281-1289	ſpatzirt	_	_	_	
6-93	1289-1290	/	_	_	_	
6-94	1291-1294	und	_	_	_	
6-95	1295-1299	mich	_	_	_	
6-96	1300-1305	etwan	_	_	_	
6-97	1306-1310	nach	_	_	_	
6-98	1311-1316	einem	_	_	_	
6-99	1317-1327	Kraͤutlein	_	_	_	
6-100	1328-1331	zur	_	_	_	
6-101	1332-1337	Erden	_	_	_	
6-102	1338-1345	gebuckt	_	_	_	
6-103	1345-1346	/	_	_	_	
6-104	1347-1351	ſihe	_	_	_	
6-105	1352-1354	da	_	_	_	
6-106	1355-1364	ergieſſet	_	_	_	
6-107	1365-1369	ſich	_	_	_	
6-108	1370-1373	aus	_	_	_	
6-109	1374-1380	meiner	_	_	_	
6-110	1381-1391	Naßloͤcher	_	_	_	
6-111	1392-1397	einem	_	_	_	
6-112	1398-1401	ein	_	_	_	
6-113	1402-1406	gelb	_	_	_	
6-114	1406-1407	/	_	_	_	
6-115	1408-1411	wie	_	_	_	
6-116	1412-1419	Saffran	_	_	_	
6-117	1420-1427	gefaͤrb	_	_	_	
6-118	1427-1428	-	_	_	_	
6-119	1429-1432	tes	_	_	_	
6-120	1432-1433	/	_	_	_	
6-121	1434-1437	und	_	_	_	
6-122	1438-1442	nach	_	_	_	
6-123	1443-1448	Tabac	Evoked\_Odorant	_	_	
6-124	1449-1459	riechendes	Smell\_Word	*|*|*|*|*	6-125|6-123|6-23[1_0]|6-34[2_0]|6-86	
6-125	1460-1471	Waͤſſerlein	Smell\_Source	_	_	
6-126	1471-1472	/	_	_	_	
6-127	1473-1476	und	_	_	_	
6-128	1477-1480	ver	_	_	_	
6-129	1480-1481	-	_	_	_	
6-130	1482-1486	lohr	_	_	_	
6-131	1487-1491	ſich	_	_	_	
6-132	1492-1496	alſo	_	_	_	
6-133	1497-1502	gantz	_	_	_	
6-134	1503-1506	und	_	_	_	
6-135	1507-1510	gar	_	_	_	
6-136	1511-1516	aller	_	_	_	
6-137	1517-1525	Zahnwehe	_	_	_	
6-138	1525-1526	.	_	_	_	

#Text=Cap.
7-1	1529-1532	Cap	_	_	_	
7-2	1532-1533	.	_	_	_	

#Text=LI.
8-1	1534-1536	LI	_	_	_	
8-2	1536-1537	.	_	_	_	

#Text=Bericht/ wie mit der Tabac-Pflantzung umzugehen.
#Text=
#Text=
#Text=1.
9-1	1539-1546	Bericht	_	_	_	
9-2	1546-1547	/	_	_	_	
9-3	1548-1551	wie	_	_	_	
9-4	1552-1555	mit	_	_	_	
9-5	1556-1559	der	_	_	_	
9-6	1560-1576	Tabac-Pflantzung	_	_	_	
9-7	1577-1586	umzugehen	_	_	_	
9-8	1586-1587	.	_	_	_	
9-9	1590-1591	1	_	_	_	
9-10	1591-1592	.	_	_	_	

#Text=WJrd ein Hochbette gemacht/ gleich andern/
#Text=
#Text=groß oder klein/ nachdem man viel oder we-
#Text=nig bauen will.
10-1	1593-1597	WJrd	_	_	_	
10-2	1598-1601	ein	_	_	_	
10-3	1602-1611	Hochbette	_	_	_	
10-4	1612-1619	gemacht	_	_	_	
10-5	1619-1620	/	_	_	_	
10-6	1621-1627	gleich	_	_	_	
10-7	1628-1634	andern	_	_	_	
10-8	1634-1635	/	_	_	_	
10-9	1637-1641	groß	_	_	_	
10-10	1642-1646	oder	_	_	_	
10-11	1647-1652	klein	_	_	_	
10-12	1652-1653	/	_	_	_	
10-13	1654-1661	nachdem	_	_	_	
10-14	1662-1665	man	_	_	_	
10-15	1666-1670	viel	_	_	_	
10-16	1671-1675	oder	_	_	_	
10-17	1676-1678	we	_	_	_	
10-18	1678-1679	-	_	_	_	
10-19	1680-1683	nig	_	_	_	
10-20	1684-1689	bauen	_	_	_	
10-21	1690-1694	will	_	_	_	
10-22	1694-1695	.	_	_	_	

#Text=Zum Exempel:
#Text=Eines von
#Text=12 Schuhe lang und 4 breit/ darauf iſt genug/ wann
#Text=man 2 Fingerhuͤt voll Saamen nimmt/
#Text=dieſer muß un-
#Text=ter einen Hut voll Aſchen wol vermiſcht/ und ein drey-
#Text=oder mehrmal das Hochbette/ daß der Saame wol aus-
#Text=einander kommt/ uͤberſaͤet/ hernach Fingersdick darauf/
#Text=
#Text=eine kleine Erd darauf durch eine Reuter geſiebet/ und mit
#Text=einem Bret etwas wenig zuſammen und niedergeſchla-
#Text=gen werden/ und das um Matthiœ Tag.
11-1	1696-1699	Zum	_	_	_	
11-2	1700-1707	Exempel	_	_	_	
11-3	1707-1708	:	_	_	_	
11-4	1709-1714	Eines	_	_	_	
11-5	1715-1718	von	_	_	_	
11-6	1719-1721	12	_	_	_	
11-7	1722-1728	Schuhe	_	_	_	
11-8	1729-1733	lang	_	_	_	
11-9	1734-1737	und	_	_	_	
11-10	1738-1739	4	_	_	_	
11-11	1740-1745	breit	_	_	_	
11-12	1745-1746	/	_	_	_	
11-13	1747-1753	darauf	_	_	_	
11-14	1754-1757	iſt	_	_	_	
11-15	1758-1763	genug	_	_	_	
11-16	1763-1764	/	_	_	_	
11-17	1765-1769	wann	_	_	_	
11-18	1770-1773	man	_	_	_	
11-19	1774-1775	2	_	_	_	
11-20	1776-1786	Fingerhuͤt	_	_	_	
11-21	1787-1791	voll	_	_	_	
11-22	1792-1798	Saamen	_	_	_	
11-23	1799-1804	nimmt	_	_	_	
11-24	1804-1805	/	_	_	_	
11-25	1806-1812	dieſer	_	_	_	
11-26	1813-1816	muß	_	_	_	
11-27	1817-1819	un	_	_	_	
11-28	1819-1820	-	_	_	_	
11-29	1821-1824	ter	_	_	_	
11-30	1825-1830	einen	_	_	_	
11-31	1831-1834	Hut	_	_	_	
11-32	1835-1839	voll	_	_	_	
11-33	1840-1846	Aſchen	_	_	_	
11-34	1847-1850	wol	_	_	_	
11-35	1851-1860	vermiſcht	_	_	_	
11-36	1860-1861	/	_	_	_	
11-37	1862-1865	und	_	_	_	
11-38	1866-1869	ein	_	_	_	
11-39	1870-1874	drey	_	_	_	
11-40	1874-1875	-	_	_	_	
11-41	1876-1880	oder	_	_	_	
11-42	1881-1888	mehrmal	_	_	_	
11-43	1889-1892	das	_	_	_	
11-44	1893-1902	Hochbette	_	_	_	
11-45	1902-1903	/	_	_	_	
11-46	1904-1907	daß	_	_	_	
11-47	1908-1911	der	_	_	_	
11-48	1912-1917	Saame	_	_	_	
11-49	1918-1921	wol	_	_	_	
11-50	1922-1925	aus	_	_	_	
11-51	1925-1926	-	_	_	_	
11-52	1927-1935	einander	_	_	_	
11-53	1936-1941	kommt	_	_	_	
11-54	1941-1942	/	_	_	_	
11-55	1943-1953	uͤberſaͤet	_	_	_	
11-56	1953-1954	/	_	_	_	
11-57	1955-1962	hernach	_	_	_	
11-58	1963-1974	Fingersdick	_	_	_	
11-59	1975-1981	darauf	_	_	_	
11-60	1981-1982	/	_	_	_	
11-61	1984-1988	eine	_	_	_	
11-62	1989-1995	kleine	_	_	_	
11-63	1996-1999	Erd	_	_	_	
11-64	2000-2006	darauf	_	_	_	
11-65	2007-2012	durch	_	_	_	
11-66	2013-2017	eine	_	_	_	
11-67	2018-2024	Reuter	_	_	_	
11-68	2025-2033	geſiebet	_	_	_	
11-69	2033-2034	/	_	_	_	
11-70	2035-2038	und	_	_	_	
11-71	2039-2042	mit	_	_	_	
11-72	2043-2048	einem	_	_	_	
11-73	2049-2053	Bret	_	_	_	
11-74	2054-2059	etwas	_	_	_	
11-75	2060-2065	wenig	_	_	_	
11-76	2066-2074	zuſammen	_	_	_	
11-77	2075-2078	und	_	_	_	
11-78	2079-2092	niedergeſchla	_	_	_	
11-79	2092-2093	-	_	_	_	
11-80	2094-2097	gen	_	_	_	
11-81	2098-2104	werden	_	_	_	
11-82	2104-2105	/	_	_	_	
11-83	2106-2109	und	_	_	_	
11-84	2110-2113	das	_	_	_	
11-85	2114-2116	um	_	_	_	
11-86	2117-2124	Matthiœ	_	_	_	
11-87	2125-2128	Tag	_	_	_	
11-88	2128-2129	.	_	_	_	
