#FORMAT=WebAnno TSV 3.3
#T_SP=custom.Span|label
#T_RL=custom.Relation|label|BT_custom.Span


#Text=Toutes les fleurs des plantes liliàcées perdent en- fièrement leur odeur à mesure qu e- Lies sèchent , et ne doivent être employées que lorsqu'elles sont fraîches.
1-1	0-6	Toutes	_	_	_	
1-2	7-10	les	_	_	_	
1-3	11-17	fleurs	Smell\_Source[1]	Anaphoric	1-11[0_1]	
1-4	18-21	des	Smell\_Source[1]	_	_	
1-5	22-29	plantes	Smell\_Source[1]	_	_	
1-6	30-39	liliàcées	Smell\_Source[1]	_	_	
1-7	40-47	perdent	_	_	_	
1-8	48-50	en	_	_	_	
1-9	50-51	-	_	_	_	
1-10	52-61	fièrement	_	_	_	
1-11	62-66	leur	Smell\_Source	_	_	
1-12	67-72	odeur	Smell\_Word	*	1-11	
1-13	73-74	à	_	_	_	
1-14	75-81	mesure	_	_	_	
1-15	82-84	qu	_	_	_	
1-16	85-86	e	_	_	_	
1-17	86-87	-	_	_	_	
1-18	88-92	Lies	_	_	_	
1-19	93-100	sèchent	_	_	_	
1-20	101-102	,	_	_	_	
1-21	103-105	et	_	_	_	
1-22	106-108	ne	_	_	_	
1-23	109-116	doivent	_	_	_	
1-24	117-121	être	_	_	_	
1-25	122-131	employées	_	_	_	
1-26	132-135	que	_	_	_	
1-27	136-148	lorsqu'elles	_	_	_	
1-28	149-153	sont	_	_	_	
1-29	154-162	fraîches	_	_	_	
1-30	162-163	.	_	_	_	

#Text=Il en est de même' des roses pâles et des roses muscates , qui ont beaucoup d odeur étant fraîches et qui la perdent entièrement ou presqu'entièrement pendant fexsiccadon.
2-1	165-167	Il	_	_	_	
2-2	168-170	en	_	_	_	
2-3	171-174	est	_	_	_	
2-4	175-177	de	_	_	_	
2-5	178-182	même	_	_	_	
2-6	182-183	'	_	_	_	
2-7	184-187	des	_	_	_	
2-8	188-193	roses	Smell\_Source[2]	Anaphoric	2-15[0_2]	
2-9	194-199	pâles	Smell\_Source[2]	_	_	
2-10	200-202	et	_	_	_	
2-11	203-206	des	_	_	_	
2-12	207-212	roses	Smell\_Source[3]	Anaphoric	2-15[0_3]	
2-13	213-221	muscates	Smell\_Source[3]	_	_	
2-14	222-223	,	_	_	_	
2-15	224-227	qui	Smell\_Source	_	_	
2-16	228-231	ont	_	_	_	
2-17	232-240	beaucoup	_	_	_	
2-18	241-242	d	_	_	_	
2-19	243-248	odeur	Smell\_Word	*|*	2-15|2-20[4_0]	
2-20	249-254	étant	Circumstances[4]	_	_	
2-21	255-263	fraîches	Circumstances[4]	_	_	
2-22	264-266	et	_	_	_	
2-23	267-270	qui	_	_	_	
2-24	271-273	la	_	_	_	
2-25	274-281	perdent	_	_	_	
2-26	282-293	entièrement	_	_	_	
2-27	294-296	ou	_	_	_	
2-28	297-315	presqu'entièrement	_	_	_	
2-29	316-323	pendant	_	_	_	
2-30	324-335	fexsiccadon	_	_	_	
2-31	335-336	.	_	_	_	

#Text=Les roses rouges, connues sous le nom de roses de Provins il ont que peu d odeur étant fraîches, et elles en acqmerrent beaucoup en séchant .
3-1	337-340	Les	_	_	_	
3-2	341-346	roses	Smell\_Source[5]	_	_	
3-3	347-353	rouges	Smell\_Source[5]	_	_	
3-4	353-354	,	_	_	_	
3-5	355-362	connues	_	_	_	
3-6	363-367	sous	_	_	_	
3-7	368-370	le	_	_	_	
3-8	371-374	nom	_	_	_	
3-9	375-377	de	_	_	_	
3-10	378-383	roses	_	_	_	
3-11	384-386	de	_	_	_	
3-12	387-394	Provins	_	_	_	
3-13	395-397	il	_	_	_	
3-14	398-401	ont	_	_	_	
3-15	402-405	que	_	_	_	
3-16	406-409	peu	Quality	_	_	
3-17	410-411	d	_	_	_	
3-18	412-417	odeur	Smell\_Word	*|*|*	3-16|3-2[5_0]|3-19[6_0]	
3-19	418-423	étant	Circumstances[6]	_	_	
3-20	424-432	fraîches	Circumstances[6]	_	_	
3-21	432-433	,	_	_	_	
3-22	434-436	et	_	_	_	
3-23	437-442	elles	_	_	_	
3-24	443-445	en	_	_	_	
3-25	446-456	acqmerrent	_	_	_	
3-26	457-465	beaucoup	_	_	_	
3-27	466-468	en	_	_	_	
3-28	469-476	séchant	_	_	_	
3-29	477-478	.	_	_	_	

#Text=Elles «e gardent en bon état pendant plusieurs années, quand ou les a cueillies avant qu'elles fussent épanouies; cédés qui le sont beaucoup se gardent moins et noircissent en séchant.
4-1	479-484	Elles	_	_	_	
4-2	485-486	«	_	_	_	
4-3	486-487	e	_	_	_	
4-4	488-495	gardent	_	_	_	
4-5	496-498	en	_	_	_	
4-6	499-502	bon	_	_	_	
4-7	503-507	état	_	_	_	
4-8	508-515	pendant	_	_	_	
4-9	516-525	plusieurs	_	_	_	
4-10	526-532	années	_	_	_	
4-11	532-533	,	_	_	_	
4-12	534-539	quand	_	_	_	
4-13	540-542	ou	_	_	_	
4-14	543-546	les	_	_	_	
4-15	547-548	a	_	_	_	
4-16	549-558	cueillies	_	_	_	
4-17	559-564	avant	_	_	_	
4-18	565-573	qu'elles	_	_	_	
4-19	574-581	fussent	_	_	_	
4-20	582-591	épanouies	_	_	_	
4-21	591-592	;	_	_	_	
4-22	593-598	cédés	_	_	_	
4-23	599-602	qui	_	_	_	
4-24	603-605	le	_	_	_	
4-25	606-610	sont	_	_	_	
4-26	611-619	beaucoup	_	_	_	
4-27	620-622	se	_	_	_	
4-28	623-630	gardent	_	_	_	
4-29	631-636	moins	_	_	_	
4-30	637-639	et	_	_	_	
4-31	640-651	noircissent	_	_	_	
4-32	652-654	en	_	_	_	
4-33	655-662	séchant	_	_	_	
4-34	662-663	.	_	_	_	

#Text=Les violettes noires , qu'on nommé communément violettes de Mars ou dé carême, sont meilleures que celles qui viennent dans les bois et dans les campagnes .
5-1	665-668	Les	_	_	_	
5-2	669-678	violettes	_	_	_	
5-3	679-685	noires	_	_	_	
5-4	686-687	,	_	_	_	
5-5	688-693	qu'on	_	_	_	
5-6	694-699	nommé	_	_	_	
5-7	700-711	communément	_	_	_	
5-8	712-721	violettes	_	_	_	
5-9	722-724	de	_	_	_	
5-10	725-729	Mars	_	_	_	
5-11	730-732	ou	_	_	_	
5-12	733-735	dé	_	_	_	
5-13	736-742	carême	_	_	_	
5-14	742-743	,	_	_	_	
5-15	744-748	sont	_	_	_	
5-16	749-759	meilleures	_	_	_	
5-17	760-763	que	_	_	_	
5-18	764-770	celles	_	_	_	
5-19	771-774	qui	_	_	_	
5-20	775-783	viennent	_	_	_	
5-21	784-788	dans	_	_	_	
5-22	789-792	les	_	_	_	
5-23	793-797	bois	_	_	_	
5-24	798-800	et	_	_	_	
5-25	801-805	dans	_	_	_	
5-26	806-809	les	_	_	_	
5-27	810-819	campagnes	_	_	_	
5-28	820-821	.	_	_	_	

#Text=On préféré ordinairement celles qui ont été cueillies dans un temps sec , et qui n'ont point été décolorées par les eaux des pluies, ou par laideur du soleil.
6-1	822-824	On	_	_	_	
6-2	825-832	préféré	_	_	_	
6-3	833-846	ordinairement	_	_	_	
6-4	847-853	celles	_	_	_	
6-5	854-857	qui	_	_	_	
6-6	858-861	ont	_	_	_	
6-7	862-865	été	_	_	_	
6-8	866-875	cueillies	_	_	_	
6-9	876-880	dans	_	_	_	
6-10	881-883	un	_	_	_	
6-11	884-889	temps	_	_	_	
6-12	890-893	sec	_	_	_	
6-13	894-895	,	_	_	_	
6-14	896-898	et	_	_	_	
6-15	899-902	qui	_	_	_	
6-16	903-908	n'ont	_	_	_	
6-17	909-914	point	_	_	_	
6-18	915-918	été	_	_	_	
6-19	919-929	décolorées	_	_	_	
6-20	930-933	par	_	_	_	
6-21	934-937	les	_	_	_	
6-22	938-942	eaux	_	_	_	
6-23	943-946	des	_	_	_	
6-24	947-953	pluies	_	_	_	
6-25	953-954	,	_	_	_	
6-26	955-957	ou	_	_	_	
6-27	958-961	par	_	_	_	
6-28	962-969	laideur	_	_	_	
6-29	970-972	du	_	_	_	
6-30	973-979	soleil	_	_	_	
6-31	979-980	.	_	_	_	
