#FORMAT=WebAnno TSV 3.3


#Text=Bei dieſer liegt die innere Luftzuführung unter dem
#Text=metallenen Baſſin der Lampe;
#Text=das Zuführungsrohr geht ſenkrecht durch
#Text=das Baſſin hindurch.
1-1	2-5	Bei	
1-2	6-12	dieſer	
1-3	13-18	liegt	
1-4	19-22	die	
1-5	23-29	innere	
1-6	30-43	Luftzuführung	
1-7	44-49	unter	
1-8	50-53	dem	
1-9	54-64	metallenen	
1-10	65-71	Baſſin	
1-11	72-75	der	
1-12	76-81	Lampe	
1-13	81-82	;	
1-14	83-86	das	
1-15	87-101	Zuführungsrohr	
1-16	102-106	geht	
1-17	107-116	ſenkrecht	
1-18	117-122	durch	
1-19	123-126	das	
1-20	127-133	Baſſin	
1-21	134-142	hindurch	
1-22	142-143	.	

#Text=Da die Energie des aufſteigenden Luftſtroms
#Text=von der Differenz der Temperaturen am oberen und unteren Ende
#Text=des Rohres abhängt, welche in dieſem Falle eine ſehr beträchtliche iſt,
#Text=ſo wird die Leiſtung der Lampe in dieſer Beziehung eine beſonders
#Text=hohe ſein.
2-1	144-146	Da	
2-2	147-150	die	
2-3	151-158	Energie	
2-4	159-162	des	
2-5	163-176	aufſteigenden	
2-6	177-187	Luftſtroms	
2-7	188-191	von	
2-8	192-195	der	
2-9	196-205	Differenz	
2-10	206-209	der	
2-11	210-222	Temperaturen	
2-12	223-225	am	
2-13	226-232	oberen	
2-14	233-236	und	
2-15	237-244	unteren	
2-16	245-249	Ende	
2-17	250-253	des	
2-18	254-260	Rohres	
2-19	261-268	abhängt	
2-20	268-269	,	
2-21	270-276	welche	
2-22	277-279	in	
2-23	280-286	dieſem	
2-24	287-292	Falle	
2-25	293-297	eine	
2-26	298-302	ſehr	
2-27	303-316	beträchtliche	
2-28	317-320	iſt	
2-29	320-321	,	
2-30	322-324	ſo	
2-31	325-329	wird	
2-32	330-333	die	
2-33	334-342	Leiſtung	
2-34	343-346	der	
2-35	347-352	Lampe	
2-36	353-355	in	
2-37	356-362	dieſer	
2-38	363-372	Beziehung	
2-39	373-377	eine	
2-40	378-387	beſonders	
2-41	388-392	hohe	
2-42	393-397	ſein	
2-43	397-398	.	

#Text=Auch der äußere Zug wird durch eine die Flamme ein-
#Text=ſchnürende Metallkappe dicht unter der Brennſcheibe nicht unbedeutend
#Text=verſtärkt.
3-1	399-403	Auch	
3-2	404-407	der	
3-3	408-414	äußere	
3-4	415-418	Zug	
3-5	419-423	wird	
3-6	424-429	durch	
3-7	430-434	eine	
3-8	435-438	die	
3-9	439-445	Flamme	
3-10	446-449	ein	
3-11	449-450	-	
3-12	451-461	ſchnürende	
3-13	462-473	Metallkappe	
3-14	474-479	dicht	
3-15	480-485	unter	
3-16	486-489	der	
3-17	490-502	Brennſcheibe	
3-18	503-508	nicht	
3-19	509-520	unbedeutend	
3-20	521-530	verſtärkt	
3-21	530-531	.	

#Text=Die Geſamtleiſtung der Patentreichslampe iſt die höchſte
#Text=bisher erreichte.
4-1	532-535	Die	
4-2	536-550	Geſamtleiſtung	
4-3	551-554	der	
4-4	555-572	Patentreichslampe	
4-5	573-576	iſt	
4-6	577-580	die	
4-7	581-588	höchſte	
4-8	589-595	bisher	
4-9	596-605	erreichte	
4-10	605-606	.	

#Text=Statt eines ringförmigen Flachdochtes hat man auch durch kreis-
#Text=förmige Zuſammenſtellung von zahlreichen maſſiven Runddochten, die ſich
#Text=naturgemäß durch ganz beſondere Saugekraft auszeichnen, recht leiſtungs-
#Text=fähige Brenner konſtruiert, welche unter dem Namen Mitrailleuſen-
#Text=brenner bekannt geworden ſind.
5-1	610-615	Statt	
5-2	616-621	eines	
5-3	622-634	ringförmigen	
5-4	635-647	Flachdochtes	
5-5	648-651	hat	
5-6	652-655	man	
5-7	656-660	auch	
5-8	661-666	durch	
5-9	667-672	kreis	
5-10	672-673	-	
5-11	674-681	förmige	
5-12	682-698	Zuſammenſtellung	
5-13	699-702	von	
5-14	703-714	zahlreichen	
5-15	715-723	maſſiven	
5-16	724-735	Runddochten	
5-17	735-736	,	
5-18	737-740	die	
5-19	741-745	ſich	
5-20	746-756	naturgemäß	
5-21	757-762	durch	
5-22	763-767	ganz	
5-23	768-777	beſondere	
5-24	778-788	Saugekraft	
5-25	789-800	auszeichnen	
5-26	800-801	,	
5-27	802-807	recht	
5-28	808-817	leiſtungs	
5-29	817-818	-	
5-30	819-825	fähige	
5-31	826-833	Brenner	
5-32	834-845	konſtruiert	
5-33	845-846	,	
5-34	847-853	welche	
5-35	854-859	unter	
5-36	860-863	dem	
5-37	864-869	Namen	
5-38	870-883	Mitrailleuſen	
5-39	883-884	-	
5-40	885-892	brenner	
5-41	893-900	bekannt	
5-42	901-909	geworden	
5-43	910-914	ſind	
5-44	914-915	.	

#Text=Dieſelben geben eine ſehr helle
#Text=Flamme, verbrauchen aber auch bedeutend mehr Öl.
6-1	916-925	Dieſelben	
6-2	926-931	geben	
6-3	932-936	eine	
6-4	937-941	ſehr	
6-5	942-947	helle	
6-6	948-954	Flamme	
6-7	954-955	,	
6-8	956-967	verbrauchen	
6-9	968-972	aber	
6-10	973-977	auch	
6-11	978-987	bedeutend	
6-12	988-992	mehr	
6-13	993-995	Öl	
6-14	995-996	.	

#Text=Die Exploſionen, welche bei den Mineralöllampen vorkommen
#Text=und deren Gebrauch immerhin nicht ganz ungefährlich machen, können
#Text=allerdings von ſchlechter Qualität des Petroleums herrühren, ſind aber
#Text=meiſtenteils der ſchlechten Bedienung und Reinigung der Lampen zu-
#Text=zuſchreiben.
7-1	1000-1003	Die	
7-2	1004-1015	Exploſionen	
7-3	1015-1016	,	
7-4	1017-1023	welche	
7-5	1024-1027	bei	
7-6	1028-1031	den	
7-7	1032-1047	Mineralöllampen	
7-8	1048-1057	vorkommen	
7-9	1058-1061	und	
7-10	1062-1067	deren	
7-11	1068-1076	Gebrauch	
7-12	1077-1085	immerhin	
7-13	1086-1091	nicht	
7-14	1092-1096	ganz	
7-15	1097-1109	ungefährlich	
7-16	1110-1116	machen	
7-17	1116-1117	,	
7-18	1118-1124	können	
7-19	1125-1135	allerdings	
7-20	1136-1139	von	
7-21	1140-1150	ſchlechter	
7-22	1151-1159	Qualität	
7-23	1160-1163	des	
7-24	1164-1174	Petroleums	
7-25	1175-1184	herrühren	
7-26	1184-1185	,	
7-27	1186-1190	ſind	
7-28	1191-1195	aber	
7-29	1196-1208	meiſtenteils	
7-30	1209-1212	der	
7-31	1213-1223	ſchlechten	
7-32	1224-1233	Bedienung	
7-33	1234-1237	und	
7-34	1238-1247	Reinigung	
7-35	1248-1251	der	
7-36	1252-1258	Lampen	
7-37	1259-1261	zu	
7-38	1261-1262	-	
7-39	1263-1274	zuſchreiben	
7-40	1274-1275	.	

#Text=Selbſt gutes Öl enthält immer noch wenige leichter flüchtige
#Text=Beſtandteile, welche beim Brennen allmählich verdampfen und ſich mit
#Text=der im Baſſin befindlichen Luft vermiſchen.
8-1	1276-1282	Selbſt	
8-2	1283-1288	gutes	
8-3	1289-1291	Öl	
8-4	1292-1299	enthält	
8-5	1300-1305	immer	
8-6	1306-1310	noch	
8-7	1311-1317	wenige	
8-8	1318-1326	leichter	
8-9	1327-1336	flüchtige	
8-10	1337-1349	Beſtandteile	
8-11	1349-1350	,	
8-12	1351-1357	welche	
8-13	1358-1362	beim	
8-14	1363-1370	Brennen	
8-15	1371-1381	allmählich	
8-16	1382-1392	verdampfen	
8-17	1393-1396	und	
8-18	1397-1401	ſich	
8-19	1402-1405	mit	
8-20	1406-1409	der	
8-21	1410-1412	im	
8-22	1413-1419	Baſſin	
8-23	1420-1432	befindlichen	
8-24	1433-1437	Luft	
8-25	1438-1448	vermiſchen	
8-26	1448-1449	.	

#Text=Somit ſind, nach den
#Text=früher entwickelten Prinzipien (S. 283), wohl in jeder Lampe die Be-
#Text=dingungen zu einer Exploſion mehr oder weniger erfüllt.
9-1	1450-1455	Somit	
9-2	1456-1460	ſind	
9-3	1460-1461	,	
9-4	1462-1466	nach	
9-5	1467-1470	den	
9-6	1471-1477	früher	
9-7	1478-1490	entwickelten	
9-8	1491-1501	Prinzipien	
9-9	1502-1503	(	
9-10	1503-1504	S	
9-11	1504-1505	.	
9-12	1506-1509	283	
9-13	1509-1510	)	
9-14	1510-1511	,	
9-15	1512-1516	wohl	
9-16	1517-1519	in	
9-17	1520-1525	jeder	
9-18	1526-1531	Lampe	
9-19	1532-1535	die	
9-20	1536-1538	Be	
9-21	1538-1539	-	
9-22	1540-1549	dingungen	
9-23	1550-1552	zu	
9-24	1553-1558	einer	
9-25	1559-1568	Exploſion	
9-26	1569-1573	mehr	
9-27	1574-1578	oder	
9-28	1579-1586	weniger	
9-29	1587-1594	erfüllt	
9-30	1594-1595	.	

#Text=Es kommt
#Text=daher im weſentlichen darauf an, daß die Entzündungsgefahr ver-
#Text=mieden wird.
10-1	1596-1598	Es	
10-2	1599-1604	kommt	
10-3	1605-1610	daher	
10-4	1611-1613	im	
10-5	1614-1626	weſentlichen	
10-6	1627-1633	darauf	
10-7	1634-1636	an	
10-8	1636-1637	,	
10-9	1638-1641	daß	
10-10	1642-1645	die	
10-11	1646-1663	Entzündungsgefahr	
10-12	1664-1667	ver	
10-13	1667-1668	-	
10-14	1669-1675	mieden	
10-15	1676-1680	wird	
10-16	1680-1681	.	

#Text=Nun iſt dieſe letztere beſonders hoch bei mangelhaft gereinigten
#Text=Brennern, bei welchen ſich die verkohlenden, glimmenden Dochtteilchen
#Text=beim Herunterſchrauben der Lampe loslöſen und herabfallend die Ent-
#Text=zündung des exploſiven Gemiſches im Baſſin bewirken können.
11-1	1685-1688	Nun	
11-2	1689-1692	iſt	
11-3	1693-1698	dieſe	
11-4	1699-1707	letztere	
11-5	1708-1717	beſonders	
11-6	1718-1722	hoch	
11-7	1723-1726	bei	
11-8	1727-1737	mangelhaft	
11-9	1738-1749	gereinigten	
11-10	1750-1758	Brennern	
11-11	1758-1759	,	
11-12	1760-1763	bei	
11-13	1764-1771	welchen	
11-14	1772-1776	ſich	
11-15	1777-1780	die	
11-16	1781-1793	verkohlenden	
11-17	1793-1794	,	
11-18	1795-1805	glimmenden	
11-19	1806-1819	Dochtteilchen	
11-20	1820-1824	beim	
11-21	1825-1842	Herunterſchrauben	
11-22	1843-1846	der	
11-23	1847-1852	Lampe	
11-24	1853-1861	loslöſen	
11-25	1862-1865	und	
11-26	1866-1878	herabfallend	
11-27	1879-1882	die	
11-28	1883-1886	Ent	
11-29	1886-1887	-	
11-30	1888-1895	zündung	
11-31	1896-1899	des	
11-32	1900-1910	exploſiven	
11-33	1911-1920	Gemiſches	
11-34	1921-1923	im	
11-35	1924-1930	Baſſin	
11-36	1931-1939	bewirken	
11-37	1940-1946	können	
11-38	1946-1947	.	

#Text=Wenn
#Text=alſo die Lampe nicht geradezu fehlerhaft oder feuergefährlich konſtruiert
#Text=iſt, was heute nur noch ſelten vorkommt, ſo wird eine ſorgfältige
#Text=Reinhaltung — gutes Petroleum vorausgeſetzt — eine genügende
#Text=Sicherheit gegen Exploſionen bieten.
12-1	1948-1952	Wenn	
12-2	1953-1957	alſo	
12-3	1958-1961	die	
12-4	1962-1967	Lampe	
12-5	1968-1973	nicht	
12-6	1974-1982	geradezu	
12-7	1983-1993	fehlerhaft	
12-8	1994-1998	oder	
12-9	1999-2014	feuergefährlich	
12-10	2015-2026	konſtruiert	
12-11	2027-2030	iſt	
12-12	2030-2031	,	
12-13	2032-2035	was	
12-14	2036-2041	heute	
12-15	2042-2045	nur	
12-16	2046-2050	noch	
12-17	2051-2057	ſelten	
12-18	2058-2066	vorkommt	
12-19	2066-2067	,	
12-20	2068-2070	ſo	
12-21	2071-2075	wird	
12-22	2076-2080	eine	
12-23	2081-2092	ſorgfältige	
12-24	2093-2104	Reinhaltung	
12-25	2105-2106	—	
12-26	2107-2112	gutes	
12-27	2113-2122	Petroleum	
12-28	2123-2136	vorausgeſetzt	
12-29	2137-2138	—	
12-30	2139-2143	eine	
12-31	2144-2153	genügende	
12-32	2154-2164	Sicherheit	
12-33	2165-2170	gegen	
12-34	2171-2182	Exploſionen	
12-35	2183-2189	bieten	
12-36	2189-2190	.	

#Text=Für ſehr flüchtige Mineralöle, beſonders Ligroin, Gaſolin und
#Text=andere, ſind die gewöhnlichen Lampen ganz unbrauchbar, weil ſie bei
#Text=
#Text=\f
#Text=[296/0314]
#Text=Beleuchtung.
13-1	2194-2197	Für	
13-2	2198-2202	ſehr	
13-3	2203-2212	flüchtige	
13-4	2213-2223	Mineralöle	
13-5	2223-2224	,	
13-6	2225-2234	beſonders	
13-7	2235-2242	Ligroin	
13-8	2242-2243	,	
13-9	2244-2251	Gaſolin	
13-10	2252-2255	und	
13-11	2256-2262	andere	
13-12	2262-2263	,	
13-13	2264-2268	ſind	
13-14	2269-2272	die	
13-15	2273-2285	gewöhnlichen	
13-16	2286-2292	Lampen	
13-17	2293-2297	ganz	
13-18	2298-2309	unbrauchbar	
13-19	2309-2310	,	
13-20	2311-2315	weil	
13-21	2316-2319	ſie	
13-22	2320-2323	bei	
13-23	2327-2328	[	
13-24	2328-2331	296	
13-25	2331-2332	/	
13-26	2332-2336	0314	
13-27	2336-2337	]	
13-28	2338-2349	Beleuchtung	
13-29	2349-2350	.	

#Text=der großen Flüchtigkeit dieſer Brennſtoffe ſofort explodieren würden.
14-1	2354-2357	der	
14-2	2358-2364	großen	
14-3	2365-2377	Flüchtigkeit	
14-4	2378-2384	dieſer	
14-5	2385-2396	Brennſtoffe	
14-6	2397-2403	ſofort	
14-7	2404-2415	explodieren	
14-8	2416-2422	würden	
14-9	2422-2423	.	
