#FORMAT=WebAnno TSV 3.3


#Text=De Vyver is een soort van Waterbak, daar men Vis in houdt, ten dienste van ’t
#Text=Huishouden; en ’t is goed, dat zy altyd zy gelegen op een plaats, daar de zon staat,
#Text=en niet altyd in de schaduwe.
1-1	2-4	De	
1-2	5-10	Vyver	
1-3	11-13	is	
1-4	14-17	een	
1-5	18-23	soort	
1-6	24-27	van	
1-7	28-36	Waterbak	
1-8	36-37	,	
1-9	38-42	daar	
1-10	43-46	men	
1-11	47-50	Vis	
1-12	51-53	in	
1-13	54-59	houdt	
1-14	59-60	,	
1-15	61-64	ten	
1-16	65-72	dienste	
1-17	73-76	van	
1-18	77-78	’	
1-19	78-79	t	
1-20	80-90	Huishouden	
1-21	90-91	;	
1-22	92-94	en	
1-23	95-96	’	
1-24	96-97	t	
1-25	98-100	is	
1-26	101-105	goed	
1-27	105-106	,	
1-28	107-110	dat	
1-29	111-113	zy	
1-30	114-119	altyd	
1-31	120-122	zy	
1-32	123-130	gelegen	
1-33	131-133	op	
1-34	134-137	een	
1-35	138-144	plaats	
1-36	144-145	,	
1-37	146-150	daar	
1-38	151-153	de	
1-39	154-157	zon	
1-40	158-163	staat	
1-41	163-164	,	
1-42	165-167	en	
1-43	168-172	niet	
1-44	173-178	altyd	
1-45	179-181	in	
1-46	182-184	de	
1-47	185-193	schaduwe	
1-48	193-194	.	

#Text=Men zal ook aan een Vyver zo veel Vis geven, als men denkt dat daar de kost in
#Text=zal kunnen vinden.
2-1	197-200	Men	
2-2	201-204	zal	
2-3	205-208	ook	
2-4	209-212	aan	
2-5	213-216	een	
2-6	217-222	Vyver	
2-7	223-225	zo	
2-8	226-230	veel	
2-9	231-234	Vis	
2-10	235-240	geven	
2-11	240-241	,	
2-12	242-245	als	
2-13	246-249	men	
2-14	250-255	denkt	
2-15	256-259	dat	
2-16	260-264	daar	
2-17	265-267	de	
2-18	268-272	kost	
2-19	273-275	in	
2-20	276-279	zal	
2-21	280-286	kunnen	
2-22	287-293	vinden	
2-23	293-294	.	

#Text=Want’er te veel in te zetten, zoude ze doen vermageren en hunne
#Text=waarde verliezen.
3-1	295-299	Want	
3-2	299-300	’	
3-3	300-302	er	
3-4	303-305	te	
3-5	306-310	veel	
3-6	311-313	in	
3-7	314-316	te	
3-8	317-323	zetten	
3-9	323-324	,	
3-10	325-330	zoude	
3-11	331-333	ze	
3-12	334-338	doen	
3-13	339-349	vermageren	
3-14	350-352	en	
3-15	353-358	hunne	
3-16	359-365	waarde	
3-17	366-375	verliezen	
3-18	375-376	.	

#Text=Dit maakt, dat men, op dat de Vis daar genoeg om te eten vinde,
#Text=alle dag’er wat uithaalt, of voor ’t Huishouden, of om te maken, dat men niet hoeft
#Text=na de markt te zenden.
4-1	377-380	Dit	
4-2	381-386	maakt	
4-3	386-387	,	
4-4	388-391	dat	
4-5	392-395	men	
4-6	395-396	,	
4-7	397-399	op	
4-8	400-403	dat	
4-9	404-406	de	
4-10	407-410	Vis	
4-11	411-415	daar	
4-12	416-422	genoeg	
4-13	423-425	om	
4-14	426-428	te	
4-15	429-433	eten	
4-16	434-439	vinde	
4-17	439-440	,	
4-18	441-445	alle	
4-19	446-449	dag	
4-20	449-450	’	
4-21	450-452	er	
4-22	453-456	wat	
4-23	457-465	uithaalt	
4-24	465-466	,	
4-25	467-469	of	
4-26	470-474	voor	
4-27	475-476	’	
4-28	476-477	t	
4-29	478-488	Huishouden	
4-30	488-489	,	
4-31	490-492	of	
4-32	493-495	om	
4-33	496-498	te	
4-34	499-504	maken	
4-35	504-505	,	
4-36	506-509	dat	
4-37	510-513	men	
4-38	514-518	niet	
4-39	519-524	hoeft	
4-40	525-527	na	
4-41	528-530	de	
4-42	531-536	markt	
4-43	537-539	te	
4-44	540-546	zenden	
4-45	546-547	.	

#Text=En om een Vyver te maken, heeft men niet anders te doen dan een Vyver te maken,
#Text=waarom men hier niet hoeft te herzeggen, ’t geen boven gezegd is, en men daar
#Text=slechts zynen toevlucht toe heeft te nemen.
5-1	549-551	En	
5-2	552-554	om	
5-3	555-558	een	
5-4	559-564	Vyver	
5-5	565-567	te	
5-6	568-573	maken	
5-7	573-574	,	
5-8	575-580	heeft	
5-9	581-584	men	
5-10	585-589	niet	
5-11	590-596	anders	
5-12	597-599	te	
5-13	600-604	doen	
5-14	605-608	dan	
5-15	609-612	een	
5-16	613-618	Vyver	
5-17	619-621	te	
5-18	622-627	maken	
5-19	627-628	,	
5-20	629-635	waarom	
5-21	636-639	men	
5-22	640-644	hier	
5-23	645-649	niet	
5-24	650-655	hoeft	
5-25	656-658	te	
5-26	659-668	herzeggen	
5-27	668-669	,	
5-28	670-671	’	
5-29	671-672	t	
5-30	673-677	geen	
5-31	678-683	boven	
5-32	684-690	gezegd	
5-33	691-693	is	
5-34	693-694	,	
5-35	695-697	en	
5-36	698-701	men	
5-37	702-706	daar	
5-38	707-714	slechts	
5-39	715-720	zynen	
5-40	721-730	toevlucht	
5-41	731-734	toe	
5-42	735-740	heeft	
5-43	741-743	te	
5-44	744-749	nemen	
5-45	749-750	.	

#Text=Van Poelen.
6-1	754-757	Van	
6-2	758-764	Poelen	
6-3	764-765	.	

#Text=Een Poel moet, om vis te kunnen voeden, een plaats hebben, daar ’t water uitloopt,
#Text=als ’t nodig is, anders is’er niet dan troebel water in, dat de vis een onaangename
#Text=smaak geeft, en deze is de rede waarom men ze alle vier jaren ledig maakt, om ze
#Text=geheel schoon te maken.
7-1	767-770	Een	
7-2	771-775	Poel	
7-3	776-780	moet	
7-4	780-781	,	
7-5	782-784	om	
7-6	785-788	vis	
7-7	789-791	te	
7-8	792-798	kunnen	
7-9	799-805	voeden	
7-10	805-806	,	
7-11	807-810	een	
7-12	811-817	plaats	
7-13	818-824	hebben	
7-14	824-825	,	
7-15	826-830	daar	
7-16	831-832	’	
7-17	832-833	t	
7-18	834-839	water	
7-19	840-848	uitloopt	
7-20	848-849	,	
7-21	850-853	als	
7-22	854-855	’	
7-23	855-856	t	
7-24	857-862	nodig	
7-25	863-865	is	
7-26	865-866	,	
7-27	867-873	anders	
7-28	874-876	is	
7-29	876-877	’	
7-30	877-879	er	
7-31	880-884	niet	
7-32	885-888	dan	
7-33	889-896	troebel	
7-34	897-902	water	
7-35	903-905	in	
7-36	905-906	,	
7-37	907-910	dat	
7-38	911-913	de	
7-39	914-917	vis	
7-40	918-921	een	
7-41	922-933	onaangename	
7-42	934-939	smaak	
7-43	940-945	geeft	
7-44	945-946	,	
7-45	947-949	en	
7-46	950-954	deze	
7-47	955-957	is	
7-48	958-960	de	
7-49	961-965	rede	
7-50	966-972	waarom	
7-51	973-976	men	
7-52	977-979	ze	
7-53	980-984	alle	
7-54	985-989	vier	
7-55	990-995	jaren	
7-56	996-1001	ledig	
7-57	1002-1007	maakt	
7-58	1007-1008	,	
7-59	1009-1011	om	
7-60	1012-1014	ze	
7-61	1015-1021	geheel	
7-62	1022-1028	schoon	
7-63	1029-1031	te	
7-64	1032-1037	maken	
7-65	1037-1038	.	

#Text=Deze Poel moet niet te kort aan een Mesthoop zyn;
#Text=op dat ’t kwaad water, daar in
#Text=te grote menigte uitkomende, de vis geen kwade geur geve.
#Text=
#Text=’t
#Text=Gemeenste zetten van vis in een Poel is veel Cheveneau, wat Zeeld en wat
#Text=minder Karper, om dat de laatste meer de modder-smaak na zich trekt als de andere.
8-1	1040-1044	Deze	
8-2	1045-1049	Poel	
8-3	1050-1054	moet	
8-4	1055-1059	niet	
8-5	1060-1062	te	
8-6	1063-1067	kort	
8-7	1068-1071	aan	
8-8	1072-1075	een	
8-9	1076-1084	Mesthoop	
8-10	1085-1088	zyn	
8-11	1088-1089	;	
8-12	1090-1092	op	
8-13	1093-1096	dat	
8-14	1097-1098	’	
8-15	1098-1099	t	
8-16	1100-1105	kwaad	
8-17	1106-1111	water	
8-18	1111-1112	,	
8-19	1113-1117	daar	
8-20	1118-1120	in	
8-21	1121-1123	te	
8-22	1124-1129	grote	
8-23	1130-1137	menigte	
8-24	1138-1148	uitkomende	
8-25	1148-1149	,	
8-26	1150-1152	de	
8-27	1153-1156	vis	
8-28	1157-1161	geen	
8-29	1162-1167	kwade	
8-30	1168-1172	geur	
8-31	1173-1177	geve	
8-32	1177-1178	.	
8-33	1180-1181	’	
8-34	1181-1182	t	
8-35	1183-1192	Gemeenste	
8-36	1193-1199	zetten	
8-37	1200-1203	van	
8-38	1204-1207	vis	
8-39	1208-1210	in	
8-40	1211-1214	een	
8-41	1215-1219	Poel	
8-42	1220-1222	is	
8-43	1223-1227	veel	
8-44	1228-1237	Cheveneau	
8-45	1237-1238	,	
8-46	1239-1242	wat	
8-47	1243-1248	Zeeld	
8-48	1249-1251	en	
8-49	1252-1255	wat	
8-50	1256-1262	minder	
8-51	1263-1269	Karper	
8-52	1269-1270	,	
8-53	1271-1273	om	
8-54	1274-1277	dat	
8-55	1278-1280	de	
8-56	1281-1288	laatste	
8-57	1289-1293	meer	
8-58	1294-1296	de	
8-59	1297-1309	modder-smaak	
8-60	1310-1312	na	
8-61	1313-1317	zich	
8-62	1318-1323	trekt	
8-63	1324-1327	als	
8-64	1328-1330	de	
8-65	1331-1337	andere	
8-66	1337-1338	.	

#Text=Als men in de Poel eerst heeft vis gezet, zal men zorgdragen voor Eenden en
#Text=Ganzen, want zy zouden’er de vis uithalen die’er in is; waar op ze een gedurige jagt
#Text=maken.
9-1	1341-1344	Als	
9-2	1345-1348	men	
9-3	1349-1351	in	
9-4	1352-1354	de	
9-5	1355-1359	Poel	
9-6	1360-1365	eerst	
9-7	1366-1371	heeft	
9-8	1372-1375	vis	
9-9	1376-1381	gezet	
9-10	1381-1382	,	
9-11	1383-1386	zal	
9-12	1387-1390	men	
9-13	1391-1401	zorgdragen	
9-14	1402-1406	voor	
9-15	1407-1413	Eenden	
9-16	1414-1416	en	
9-17	1417-1423	Ganzen	
9-18	1423-1424	,	
9-19	1425-1429	want	
9-20	1430-1432	zy	
9-21	1433-1439	zouden	
9-22	1439-1440	’	
9-23	1440-1442	er	
9-24	1443-1445	de	
9-25	1446-1449	vis	
9-26	1450-1458	uithalen	
9-27	1459-1462	die	
9-28	1462-1463	’	
9-29	1463-1465	er	
9-30	1466-1468	in	
9-31	1469-1471	is	
9-32	1471-1472	;	
9-33	1473-1477	waar	
9-34	1478-1480	op	
9-35	1481-1483	ze	
9-36	1484-1487	een	
9-37	1488-1496	gedurige	
9-38	1497-1501	jagt	
9-39	1502-1507	maken	
9-40	1507-1508	.	

#Text=Na twe jaren, kan een Vader des Huisgezins daar de vis uithalen, zo’er met dat
#Text=oogmerk vis in gezet is, en niet om’er voordeel van te halen, dat men van Vyvers
#Text=hoopt.
10-1	1511-1513	Na	
10-2	1514-1517	twe	
10-3	1518-1523	jaren	
10-4	1523-1524	,	
10-5	1525-1528	kan	
10-6	1529-1532	een	
10-7	1533-1538	Vader	
10-8	1539-1542	des	
10-9	1543-1553	Huisgezins	
10-10	1554-1558	daar	
10-11	1559-1561	de	
10-12	1562-1565	vis	
10-13	1566-1574	uithalen	
10-14	1574-1575	,	
10-15	1576-1578	zo	
10-16	1578-1579	’	
10-17	1579-1581	er	
10-18	1582-1585	met	
10-19	1586-1589	dat	
10-20	1590-1597	oogmerk	
10-21	1598-1601	vis	
10-22	1602-1604	in	
10-23	1605-1610	gezet	
10-24	1611-1613	is	
10-25	1613-1614	,	
10-26	1615-1617	en	
10-27	1618-1622	niet	
10-28	1623-1625	om	
10-29	1625-1626	’	
10-30	1626-1628	er	
10-31	1629-1637	voordeel	
10-32	1638-1641	van	
10-33	1642-1644	te	
10-34	1645-1650	halen	
10-35	1650-1651	,	
10-36	1652-1655	dat	
10-37	1656-1659	men	
10-38	1660-1663	van	
10-39	1664-1670	Vyvers	
10-40	1671-1676	hoopt	
10-41	1676-1677	.	

#Text=W.
#Text=waasem, Zie damp.
11-1	1680-1681	W	
11-2	1681-1682	.	
11-3	1683-1689	waasem	
11-4	1689-1690	,	
11-5	1691-1694	Zie	
11-6	1695-1699	damp	
11-7	1699-1700	.	

#Text=De dampen, zyn een soort van fijne vocht, die men kwalyk
#Text=redenerende onderstelt, dat van de ondérste deelen opwaard stygende, de hersenen
#Text=beledigen, en daar Mans en Vrouwen aan onderhevig zyn.
12-1	1701-1703	De	
12-2	1704-1710	dampen	
12-3	1710-1711	,	
12-4	1712-1715	zyn	
12-5	1716-1719	een	
12-6	1720-1725	soort	
12-7	1726-1729	van	
12-8	1730-1735	fijne	
12-9	1736-1741	vocht	
12-10	1741-1742	,	
12-11	1743-1746	die	
12-12	1747-1750	men	
12-13	1751-1757	kwalyk	
12-14	1758-1769	redenerende	
12-15	1770-1780	onderstelt	
12-16	1780-1781	,	
12-17	1782-1785	dat	
12-18	1786-1789	van	
12-19	1790-1792	de	
12-20	1793-1801	ondérste	
12-21	1802-1808	deelen	
12-22	1809-1816	opwaard	
12-23	1817-1825	stygende	
12-24	1825-1826	,	
12-25	1827-1829	de	
12-26	1830-1838	hersenen	
12-27	1839-1848	beledigen	
12-28	1848-1849	,	
12-29	1850-1852	en	
12-30	1853-1857	daar	
12-31	1858-1862	Mans	
12-32	1863-1865	en	
12-33	1866-1873	Vrouwen	
12-34	1874-1877	aan	
12-35	1878-1888	onderhevig	
12-36	1889-1892	zyn	
12-37	1892-1893	.	

#Text=De dampen van Lyfmoer,
#Text=
#Text=M.
13-1	1894-1896	De	
13-2	1897-1903	dampen	
13-3	1904-1907	van	
13-4	1908-1915	Lyfmoer	
13-5	1915-1916	,	
13-6	1918-1919	M	
13-7	1919-1920	.	

#Text=Noel Chomel, Huishoudelyk woordboek
#Text=
#Text=\fhebben van alle tyden her groten naam onder de Vrouwen gehad, ’t zy van pyn, ’t
#Text=zy uit dwaasheid.
14-1	1921-1925	Noel	
14-2	1926-1932	Chomel	
14-3	1932-1933	,	
14-4	1934-1946	Huishoudelyk	
14-5	1947-1956	woordboek	
14-6	1959-1965	hebben	
14-7	1966-1969	van	
14-8	1970-1974	alle	
14-9	1975-1980	tyden	
14-10	1981-1984	her	
14-11	1985-1991	groten	
14-12	1992-1996	naam	
14-13	1997-2002	onder	
14-14	2003-2005	de	
14-15	2006-2013	Vrouwen	
14-16	2014-2019	gehad	
14-17	2019-2020	,	
14-18	2021-2022	’	
14-19	2022-2023	t	
14-20	2024-2026	zy	
14-21	2027-2030	van	
14-22	2031-2034	pyn	
14-23	2034-2035	,	
14-24	2036-2037	’	
14-25	2037-2038	t	
14-26	2039-2041	zy	
14-27	2042-2045	uit	
14-28	2046-2055	dwaasheid	
14-29	2055-2056	.	
