#FORMAT=WebAnno TSV 3.3
#T_SP=custom.Span|label
#T_RL=custom.Relation|label|BT_custom.Span


#Text=Onvoorwaardelijk moet men echter toegeven, dat de veendamp zeer wel in staat is, bij zijn ontstaan het tot stand komen van onweder te verhinderen.
1-1	3-19	Onvoorwaardelijk	_	_	_	
1-2	20-24	moet	_	_	_	
1-3	25-28	men	_	_	_	
1-4	29-35	echter	_	_	_	
1-5	36-44	toegeven	_	_	_	
1-6	44-45	,	_	_	_	
1-7	46-49	dat	_	_	_	
1-8	50-52	de	_	_	_	
1-9	53-61	veendamp	_	_	_	
1-10	62-66	zeer	_	_	_	
1-11	67-70	wel	_	_	_	
1-12	71-73	in	_	_	_	
1-13	74-79	staat	_	_	_	
1-14	80-82	is	_	_	_	
1-15	82-83	,	_	_	_	
1-16	84-87	bij	_	_	_	
1-17	88-92	zijn	_	_	_	
1-18	93-101	ontstaan	_	_	_	
1-19	102-105	het	_	_	_	
1-20	106-109	tot	_	_	_	
1-21	110-115	stand	_	_	_	
1-22	116-121	komen	_	_	_	
1-23	122-125	van	_	_	_	
1-24	126-133	onweder	_	_	_	
1-25	134-136	te	_	_	_	
1-26	137-148	verhinderen	_	_	_	
1-27	148-149	.	_	_	_	

#Text=De steeds met positieve electriciteit bezwangerde rookmassa wordt door de negatiefclectrische aardoppervlakte aangetrokken en legert zich tusschen deze en de daarboven zwevende positief-eleetrische onweêrswolken.
2-1	150-152	De	_	_	_	
2-2	153-159	steeds	_	_	_	
2-3	160-163	met	_	_	_	
2-4	164-173	positieve	_	_	_	
2-5	174-187	electriciteit	_	_	_	
2-6	188-199	bezwangerde	_	_	_	
2-7	200-209	rookmassa	_	_	_	
2-8	210-215	wordt	_	_	_	
2-9	216-220	door	_	_	_	
2-10	221-223	de	_	_	_	
2-11	224-243	negatiefclectrische	_	_	_	
2-12	244-259	aardoppervlakte	_	_	_	
2-13	260-272	aangetrokken	_	_	_	
2-14	273-275	en	_	_	_	
2-15	276-282	legert	_	_	_	
2-16	283-287	zich	_	_	_	
2-17	288-296	tusschen	_	_	_	
2-18	297-301	deze	_	_	_	
2-19	302-304	en	_	_	_	
2-20	305-307	de	_	_	_	
2-21	308-317	daarboven	_	_	_	
2-22	318-326	zwevende	_	_	_	
2-23	327-347	positief-eleetrische	_	_	_	
2-24	348-361	onweêrswolken	_	_	_	
2-25	361-362	.	_	_	_	

#Text=Dit kan nu op tweederlei wijze plaats grijpen.
3-1	363-366	Dit	_	_	_	
3-2	367-370	kan	_	_	_	
3-3	371-373	nu	_	_	_	
3-4	374-376	op	_	_	_	
3-5	377-387	tweederlei	_	_	_	
3-6	388-393	wijze	_	_	_	
3-7	394-400	plaats	_	_	_	
3-8	401-408	grijpen	_	_	_	
3-9	408-409	.	_	_	_	

#Text=Of de ver verbreide rookmassa strekt door middel harer groote aanrakingsvlakte, welke zij den wolken, zoowel als der aarde aanbiedt, tot eene langzame in evenwigt-stelling der beide tegengestelde electriciteiten, waardoor de noodzakelijkste voorwaarde voor het ontstaan des onweders wegvalt.
4-1	410-412	Of	_	_	_	
4-2	413-415	de	_	_	_	
4-3	416-419	ver	_	_	_	
4-4	420-429	verbreide	_	_	_	
4-5	430-439	rookmassa	_	_	_	
4-6	440-446	strekt	_	_	_	
4-7	447-451	door	_	_	_	
4-8	452-458	middel	_	_	_	
4-9	459-464	harer	_	_	_	
4-10	465-471	groote	_	_	_	
4-11	472-488	aanrakingsvlakte	_	_	_	
4-12	488-489	,	_	_	_	
4-13	490-495	welke	_	_	_	
4-14	496-499	zij	_	_	_	
4-15	500-503	den	_	_	_	
4-16	504-510	wolken	_	_	_	
4-17	510-511	,	_	_	_	
4-18	512-518	zoowel	_	_	_	
4-19	519-522	als	_	_	_	
4-20	523-526	der	_	_	_	
4-21	527-532	aarde	_	_	_	
4-22	533-541	aanbiedt	_	_	_	
4-23	541-542	,	_	_	_	
4-24	543-546	tot	_	_	_	
4-25	547-551	eene	_	_	_	
4-26	552-560	langzame	_	_	_	
4-27	561-563	in	_	_	_	
4-28	564-581	evenwigt-stelling	_	_	_	
4-29	582-585	der	_	_	_	
4-30	586-591	beide	_	_	_	
4-31	592-605	tegengestelde	_	_	_	
4-32	606-621	electriciteiten	_	_	_	
4-33	621-622	,	_	_	_	
4-34	623-631	waardoor	_	_	_	
4-35	632-634	de	_	_	_	
4-36	635-650	noodzakelijkste	_	_	_	
4-37	651-661	voorwaarde	_	_	_	
4-38	662-666	voor	_	_	_	
4-39	667-670	het	_	_	_	
4-40	671-679	ontstaan	_	_	_	
4-41	680-683	des	_	_	_	
4-42	684-692	onweders	_	_	_	
4-43	693-700	wegvalt	_	_	_	
4-44	700-701	.	_	_	_	

#Text=Of de positief-electrieke rookmassa werkt afstootend op de met gelijksoortige eleetriciteit geladene waterblaasjes, wier digte opeenhooping de onweerswolken vormt.
5-1	702-704	Of	_	_	_	
5-2	705-707	de	_	_	_	
5-3	708-727	positief-electrieke	_	_	_	
5-4	728-737	rookmassa	_	_	_	
5-5	738-743	werkt	_	_	_	
5-6	744-754	afstootend	_	_	_	
5-7	755-757	op	_	_	_	
5-8	758-760	de	_	_	_	
5-9	761-764	met	_	_	_	
5-10	765-779	gelijksoortige	_	_	_	
5-11	780-793	eleetriciteit	_	_	_	
5-12	794-802	geladene	_	_	_	
5-13	803-816	waterblaasjes	_	_	_	
5-14	816-817	,	_	_	_	
5-15	818-822	wier	_	_	_	
5-16	823-828	digte	_	_	_	
5-17	829-841	opeenhooping	_	_	_	
5-18	842-844	de	_	_	_	
5-19	845-858	onweerswolken	_	_	_	
5-20	859-864	vormt	_	_	_	
5-21	864-865	.	_	_	_	

#Text=De laatste worden daardoor genoodzaakt zich in hoogere luchtlagen te verzamelen, waar zij door den wind opgenomen, weggevoerd en verstrooid worden.
6-1	866-868	De	_	_	_	
6-2	869-876	laatste	_	_	_	
6-3	877-883	worden	_	_	_	
6-4	884-892	daardoor	_	_	_	
6-5	893-904	genoodzaakt	_	_	_	
6-6	905-909	zich	_	_	_	
6-7	910-912	in	_	_	_	
6-8	913-920	hoogere	_	_	_	
6-9	921-931	luchtlagen	_	_	_	
6-10	932-934	te	_	_	_	
6-11	935-945	verzamelen	_	_	_	
6-12	945-946	,	_	_	_	
6-13	947-951	waar	_	_	_	
6-14	952-955	zij	_	_	_	
6-15	956-960	door	_	_	_	
6-16	961-964	den	_	_	_	
6-17	965-969	wind	_	_	_	
6-18	970-979	opgenomen	_	_	_	
6-19	979-980	,	_	_	_	
6-20	981-991	weggevoerd	_	_	_	
6-21	992-994	en	_	_	_	
6-22	995-1005	verstrooid	_	_	_	
6-23	1006-1012	worden	_	_	_	
6-24	1012-1013	.	_	_	_	

#Text=Wij kunnen dit hier slechts ter loops aanstippen en moeten als eene bekende zaak voorop plaatsen, dat ongelijksoortig-electrische ligchamen elkander aantrekken, terwijl gelijksoortig-electrische elkander afstooten.
7-1	1014-1017	Wij	_	_	_	
7-2	1018-1024	kunnen	_	_	_	
7-3	1025-1028	dit	_	_	_	
7-4	1029-1033	hier	_	_	_	
7-5	1034-1041	slechts	_	_	_	
7-6	1042-1045	ter	_	_	_	
7-7	1046-1051	loops	_	_	_	
7-8	1052-1062	aanstippen	_	_	_	
7-9	1063-1065	en	_	_	_	
7-10	1066-1072	moeten	_	_	_	
7-11	1073-1076	als	_	_	_	
7-12	1077-1081	eene	_	_	_	
7-13	1082-1089	bekende	_	_	_	
7-14	1090-1094	zaak	_	_	_	
7-15	1095-1101	voorop	_	_	_	
7-16	1102-1110	plaatsen	_	_	_	
7-17	1110-1111	,	_	_	_	
7-18	1112-1115	dat	_	_	_	
7-19	1116-1143	ongelijksoortig-electrische	_	_	_	
7-20	1144-1153	ligchamen	_	_	_	
7-21	1154-1162	elkander	_	_	_	
7-22	1163-1173	aantrekken	_	_	_	
7-23	1173-1174	,	_	_	_	
7-24	1175-1182	terwijl	_	_	_	
7-25	1183-1208	gelijksoortig-electrische	_	_	_	
7-26	1209-1217	elkander	_	_	_	
7-27	1218-1227	afstooten	_	_	_	
7-28	1227-1228	.	_	_	_	

#Text=Bij de landlieden staat de veendamp in geen goeden reuk.
8-1	1231-1234	Bij	Perceiver[1]	_	_	
8-2	1235-1237	de	Perceiver[1]	_	_	
8-3	1238-1248	landlieden	Perceiver[1]	_	_	
8-4	1249-1254	staat	_	_	_	
8-5	1255-1257	de	Smell\_Source[2]	_	_	
8-6	1258-1266	veendamp	Smell\_Source[2]	_	_	
8-7	1267-1269	in	_	_	_	
8-8	1270-1274	geen	Quality[3]	_	_	
8-9	1275-1281	goeden	Quality[3]	_	_	
8-10	1282-1286	reuk	Smell\_Word	*|*|*	8-8[3_0]|8-1[1_0]|8-5[2_0]	
8-11	1286-1287	.	_	_	_	

#Text=Wanneer ergens een oogst mislukt, hoort men altijd zeggen:
#Text=dat een ‘kwade damp’ of ‘schadelijke nevel’ in den ‘bloei’ gevallen is.
9-1	1288-1295	Wanneer	_	_	_	
9-2	1296-1302	ergens	_	_	_	
9-3	1303-1306	een	_	_	_	
9-4	1307-1312	oogst	_	_	_	
9-5	1313-1320	mislukt	_	_	_	
9-6	1320-1321	,	_	_	_	
9-7	1322-1327	hoort	_	_	_	
9-8	1328-1331	men	_	_	_	
9-9	1332-1338	altijd	_	_	_	
9-10	1339-1345	zeggen	_	_	_	
9-11	1345-1346	:	_	_	_	
9-12	1347-1350	dat	_	_	_	
9-13	1351-1354	een	_	_	_	
9-14	1355-1356	‘	_	_	_	
9-15	1356-1361	kwade	_	_	_	
9-16	1362-1366	damp	_	_	_	
9-17	1366-1367	’	_	_	_	
9-18	1368-1370	of	_	_	_	
9-19	1371-1372	‘	_	_	_	
9-20	1372-1383	schadelijke	_	_	_	
9-21	1384-1389	nevel	_	_	_	
9-22	1389-1390	’	_	_	_	
9-23	1391-1393	in	_	_	_	
9-24	1394-1397	den	_	_	_	
9-25	1398-1399	‘	_	_	_	
9-26	1399-1404	bloei	_	_	_	
9-27	1404-1405	’	_	_	_	
9-28	1406-1414	gevallen	_	_	_	
9-29	1415-1417	is	_	_	_	
9-30	1417-1418	.	_	_	_	

#Text=En onder dezen boosdoener wordt vrij algemeen de veendamp verstaan.
10-1	1419-1421	En	_	_	_	
10-2	1422-1427	onder	_	_	_	
10-3	1428-1433	dezen	_	_	_	
10-4	1434-1444	boosdoener	_	_	_	
10-5	1445-1450	wordt	_	_	_	
10-6	1451-1455	vrij	_	_	_	
10-7	1456-1464	algemeen	_	_	_	
10-8	1465-1467	de	_	_	_	
10-9	1468-1476	veendamp	_	_	_	
10-10	1477-1485	verstaan	_	_	_	
10-11	1485-1486	.	_	_	_	

#Text=In waarheid echter is hij een weldoener voor den plantengroei in ons juist niet zeer zacht klimaat.
11-1	1487-1489	In	_	_	_	
11-2	1490-1498	waarheid	_	_	_	
11-3	1499-1505	echter	_	_	_	
11-4	1506-1508	is	_	_	_	
11-5	1509-1512	hij	_	_	_	
11-6	1513-1516	een	_	_	_	
11-7	1517-1526	weldoener	_	_	_	
11-8	1527-1531	voor	_	_	_	
11-9	1532-1535	den	_	_	_	
11-10	1536-1548	plantengroei	_	_	_	
11-11	1549-1551	in	_	_	_	
11-12	1552-1555	ons	_	_	_	
11-13	1556-1561	juist	_	_	_	
11-14	1562-1566	niet	_	_	_	
11-15	1567-1571	zeer	_	_	_	
11-16	1572-1577	zacht	_	_	_	
11-17	1578-1585	klimaat	_	_	_	
11-18	1585-1586	.	_	_	_	

#Text=Men zegt wel zeer dikwijls, dat met den veendamp de warmte hand over hand afneemt, maar deze
#Text=[
#Text=p. 552
#Text=]
#Text=
#Text=
#Text=uitspraak schijnt op geene daadzakelijke waarnemingen te rusten, en zelfs de aanteekeningen van den predikant
#Text=Snel
#Text=in het Nassausche, verspreiden hierover geen genoegzaam licht, die gedurende zes jaren bij veendamp 67 maal eene temperatuursverhooging en slechts 42 maal eene afneming van warmte heeft waargenomen.
12-1	1587-1590	Men	_	_	_	
12-2	1591-1595	zegt	_	_	_	
12-3	1596-1599	wel	_	_	_	
12-4	1600-1604	zeer	_	_	_	
12-5	1605-1613	dikwijls	_	_	_	
12-6	1613-1614	,	_	_	_	
12-7	1615-1618	dat	_	_	_	
12-8	1619-1622	met	_	_	_	
12-9	1623-1626	den	_	_	_	
12-10	1627-1635	veendamp	_	_	_	
12-11	1636-1638	de	_	_	_	
12-12	1639-1645	warmte	_	_	_	
12-13	1646-1650	hand	_	_	_	
12-14	1651-1655	over	_	_	_	
12-15	1656-1660	hand	_	_	_	
12-16	1661-1668	afneemt	_	_	_	
12-17	1668-1669	,	_	_	_	
12-18	1670-1674	maar	_	_	_	
12-19	1675-1679	deze	_	_	_	
12-20	1680-1681	[	_	_	_	
12-21	1682-1683	p	_	_	_	
12-22	1683-1684	.	_	_	_	
12-23	1685-1688	552	_	_	_	
12-24	1689-1690	]	_	_	_	
12-25	1693-1702	uitspraak	_	_	_	
12-26	1703-1710	schijnt	_	_	_	
12-27	1711-1713	op	_	_	_	
12-28	1714-1719	geene	_	_	_	
12-29	1720-1733	daadzakelijke	_	_	_	
12-30	1734-1746	waarnemingen	_	_	_	
12-31	1747-1749	te	_	_	_	
12-32	1750-1756	rusten	_	_	_	
12-33	1756-1757	,	_	_	_	
12-34	1758-1760	en	_	_	_	
12-35	1761-1766	zelfs	_	_	_	
12-36	1767-1769	de	_	_	_	
12-37	1770-1784	aanteekeningen	_	_	_	
12-38	1785-1788	van	_	_	_	
12-39	1789-1792	den	_	_	_	
12-40	1793-1802	predikant	_	_	_	
12-41	1803-1807	Snel	_	_	_	
12-42	1808-1810	in	_	_	_	
12-43	1811-1814	het	_	_	_	
12-44	1815-1825	Nassausche	_	_	_	
12-45	1825-1826	,	_	_	_	
12-46	1827-1838	verspreiden	_	_	_	
12-47	1839-1847	hierover	_	_	_	
12-48	1848-1852	geen	_	_	_	
12-49	1853-1863	genoegzaam	_	_	_	
12-50	1864-1869	licht	_	_	_	
12-51	1869-1870	,	_	_	_	
12-52	1871-1874	die	_	_	_	
12-53	1875-1884	gedurende	_	_	_	
12-54	1885-1888	zes	_	_	_	
12-55	1889-1894	jaren	_	_	_	
12-56	1895-1898	bij	_	_	_	
12-57	1899-1907	veendamp	_	_	_	
12-58	1908-1910	67	_	_	_	
12-59	1911-1915	maal	_	_	_	
12-60	1916-1920	eene	_	_	_	
12-61	1921-1943	temperatuursverhooging	_	_	_	
12-62	1944-1946	en	_	_	_	
12-63	1947-1954	slechts	_	_	_	
12-64	1955-1957	42	_	_	_	
12-65	1958-1962	maal	_	_	_	
12-66	1963-1967	eene	_	_	_	
12-67	1968-1976	afneming	_	_	_	
12-68	1977-1980	van	_	_	_	
12-69	1981-1987	warmte	_	_	_	
12-70	1988-1993	heeft	_	_	_	
12-71	1994-2005	waargenomen	_	_	_	
12-72	2005-2006	.	_	_	_	
