#FORMAT=WebAnno TSV 3.3


#Text=maar hy en maakt nooit
#Text=
#Text=Balthasar Bekker, De betoverde wereld
#Text=
#Text=\f39
#Text=
#Text=dat iet swart word ende nochtans witt blijft, ofte dat iet licht zy terwyle 't noch duister
#Text=is.
1-1	2-6	maar	
1-2	7-9	hy	
1-3	10-12	en	
1-4	13-18	maakt	
1-5	19-24	nooit	
1-6	26-35	Balthasar	
1-7	36-42	Bekker	
1-8	42-43	,	
1-9	44-46	De	
1-10	47-56	betoverde	
1-11	57-63	wereld	
1-12	66-68	39	
1-13	70-73	dat	
1-14	74-77	iet	
1-15	78-83	swart	
1-16	84-88	word	
1-17	89-93	ende	
1-18	94-102	nochtans	
1-19	103-107	witt	
1-20	108-114	blijft	
1-21	114-115	,	
1-22	116-120	ofte	
1-23	121-124	dat	
1-24	125-128	iet	
1-25	129-134	licht	
1-26	135-137	zy	
1-27	138-145	terwyle	
1-28	146-147	'	
1-29	147-148	t	
1-30	149-153	noch	
1-31	154-161	duister	
1-32	162-164	is	
1-33	164-165	.	

#Text=Wil hy iet in den brand steken door water, hy sal 't doen:
#Text=maar so, dat hy 't water
#Text=eerst in vuur verandere; of 't vuur in water, so hy daar mede doen wil, 't gene 't water
#Text=eigen is.
2-1	166-169	Wil	
2-2	170-172	hy	
2-3	173-176	iet	
2-4	177-179	in	
2-5	180-183	den	
2-6	184-189	brand	
2-7	190-196	steken	
2-8	197-201	door	
2-9	202-207	water	
2-10	207-208	,	
2-11	209-211	hy	
2-12	212-215	sal	
2-13	216-217	'	
2-14	217-218	t	
2-15	219-223	doen	
2-16	223-224	:	
2-17	225-229	maar	
2-18	230-232	so	
2-19	232-233	,	
2-20	234-237	dat	
2-21	238-240	hy	
2-22	241-242	'	
2-23	242-243	t	
2-24	244-249	water	
2-25	250-255	eerst	
2-26	256-258	in	
2-27	259-263	vuur	
2-28	264-273	verandere	
2-29	273-274	;	
2-30	275-277	of	
2-31	278-279	'	
2-32	279-280	t	
2-33	281-285	vuur	
2-34	286-288	in	
2-35	289-294	water	
2-36	294-295	,	
2-37	296-298	so	
2-38	299-301	hy	
2-39	302-306	daar	
2-40	307-311	mede	
2-41	312-316	doen	
2-42	317-320	wil	
2-43	320-321	,	
2-44	322-323	'	
2-45	323-324	t	
2-46	325-329	gene	
2-47	330-331	'	
2-48	331-332	t	
2-49	333-338	water	
2-50	339-344	eigen	
2-51	345-347	is	
2-52	347-348	.	

#Text=Stelt dan mede, dat God enen Geest, so hy wil, in een Lichaam; ende insgelijk
#Text=een Lichaam in enen Geest verscheppen kan:
#Text=maar so hy dat doet, so sal de Geest
#Text=niet meer als een Geest, maar als een geestelijk wesen werken: of 't eene soude waarlik
#Text=geen Geest, en 't ander geen Lichaam zijn
3-1	349-354	Stelt	
3-2	355-358	dan	
3-3	359-363	mede	
3-4	363-364	,	
3-5	365-368	dat	
3-6	369-372	God	
3-7	373-377	enen	
3-8	378-383	Geest	
3-9	383-384	,	
3-10	385-387	so	
3-11	388-390	hy	
3-12	391-394	wil	
3-13	394-395	,	
3-14	396-398	in	
3-15	399-402	een	
3-16	403-410	Lichaam	
3-17	410-411	;	
3-18	412-416	ende	
3-19	417-426	insgelijk	
3-20	427-430	een	
3-21	431-438	Lichaam	
3-22	439-441	in	
3-23	442-446	enen	
3-24	447-452	Geest	
3-25	453-464	verscheppen	
3-26	465-468	kan	
3-27	468-469	:	
3-28	470-474	maar	
3-29	475-477	so	
3-30	478-480	hy	
3-31	481-484	dat	
3-32	485-489	doet	
3-33	489-490	,	
3-34	491-493	so	
3-35	494-497	sal	
3-36	498-500	de	
3-37	501-506	Geest	
3-38	507-511	niet	
3-39	512-516	meer	
3-40	517-520	als	
3-41	521-524	een	
3-42	525-530	Geest	
3-43	530-531	,	
3-44	532-536	maar	
3-45	537-540	als	
3-46	541-544	een	
3-47	545-555	geestelijk	
3-48	556-561	wesen	
3-49	562-568	werken	
3-50	568-569	:	
3-51	570-572	of	
3-52	573-574	'	
3-53	574-575	t	
3-54	576-580	eene	
3-55	581-586	soude	
3-56	587-594	waarlik	
3-57	595-599	geen	
3-58	600-605	Geest	
3-59	605-606	,	
3-60	607-609	en	
3-61	610-611	'	
3-62	611-612	t	
3-63	613-618	ander	
3-64	619-623	geen	
3-65	624-631	Lichaam	
3-66	632-636	zijn	

#Text=.
4-1	636-637	.	

#Text=§.
#Text=3.
5-1	639-640	§	
5-2	640-641	.	
5-3	642-643	3	
5-4	643-644	.	

#Text=Desgelijx is het met de wesentlike veranderinge, die 't Pausdom in de Misse
#Text=stelt, altijd by onse Leeraars opgevat: welke daarom sulks voor een verdichtsel
#Text=houden, dewijle alle d' eigenschappen, inwendig en uitwendig, blijven, van al sulke
#Text=Lichaam als het brood is; en door welken 't anders niet en is dan brood.
6-1	645-654	Desgelijx	
6-2	655-657	is	
6-3	658-661	het	
6-4	662-665	met	
6-5	666-668	de	
6-6	669-679	wesentlike	
6-7	680-692	veranderinge	
6-8	692-693	,	
6-9	694-697	die	
6-10	698-699	'	
6-11	699-700	t	
6-12	701-708	Pausdom	
6-13	709-711	in	
6-14	712-714	de	
6-15	715-720	Misse	
6-16	721-726	stelt	
6-17	726-727	,	
6-18	728-734	altijd	
6-19	735-737	by	
6-20	738-742	onse	
6-21	743-751	Leeraars	
6-22	752-759	opgevat	
6-23	759-760	:	
6-24	761-766	welke	
6-25	767-773	daarom	
6-26	774-779	sulks	
6-27	780-784	voor	
6-28	785-788	een	
6-29	789-800	verdichtsel	
6-30	801-807	houden	
6-31	807-808	,	
6-32	809-816	dewijle	
6-33	817-821	alle	
6-34	822-823	d	
6-35	823-824	'	
6-36	825-838	eigenschappen	
6-37	838-839	,	
6-38	840-848	inwendig	
6-39	849-851	en	
6-40	852-861	uitwendig	
6-41	861-862	,	
6-42	863-870	blijven	
6-43	870-871	,	
6-44	872-875	van	
6-45	876-878	al	
6-46	879-884	sulke	
6-47	885-892	Lichaam	
6-48	893-896	als	
6-49	897-900	het	
6-50	901-906	brood	
6-51	907-909	is	
6-52	909-910	;	
6-53	911-913	en	
6-54	914-918	door	
6-55	919-925	welken	
6-56	926-927	'	
6-57	927-928	t	
6-58	929-935	anders	
6-59	936-940	niet	
6-60	941-943	en	
6-61	944-946	is	
6-62	947-950	dan	
6-63	951-956	brood	
6-64	956-957	.	

#Text=Gelijk als
#Text=dan de eigenschappen 't wesen van sulk Lichaam van een ander onderscheiden: so
#Text=veel te meer dan Lichaam en Geest, tusschen welken 't onderscheid onvergelijkelik
#Text=groter is.
7-1	958-964	Gelijk	
7-2	965-968	als	
7-3	969-972	dan	
7-4	973-975	de	
7-5	976-989	eigenschappen	
7-6	990-991	'	
7-7	991-992	t	
7-8	993-998	wesen	
7-9	999-1002	van	
7-10	1003-1007	sulk	
7-11	1008-1015	Lichaam	
7-12	1016-1019	van	
7-13	1020-1023	een	
7-14	1024-1029	ander	
7-15	1030-1043	onderscheiden	
7-16	1043-1044	:	
7-17	1045-1047	so	
7-18	1048-1052	veel	
7-19	1053-1055	te	
7-20	1056-1060	meer	
7-21	1061-1064	dan	
7-22	1065-1072	Lichaam	
7-23	1073-1075	en	
7-24	1076-1081	Geest	
7-25	1081-1082	,	
7-26	1083-1091	tusschen	
7-27	1092-1098	welken	
7-28	1099-1100	'	
7-29	1100-1101	t	
7-30	1102-1113	onderscheid	
7-31	1114-1129	onvergelijkelik	
7-32	1130-1136	groter	
7-33	1137-1139	is	
7-34	1139-1140	.	

#Text=So weinig als derhalven de Papisten met dien uitvlucht op de Protestanten
#Text=ooit gewonnen hebben:
#Text=so weinig mag het ook by ons in overleg genomen worden,
#Text='t gene
#Text=hier
#Text=Gods Almagt soude konnen doen.
8-1	1141-1143	So	
8-2	1144-1150	weinig	
8-3	1151-1154	als	
8-4	1155-1164	derhalven	
8-5	1165-1167	de	
8-6	1168-1176	Papisten	
8-7	1177-1180	met	
8-8	1181-1185	dien	
8-9	1186-1195	uitvlucht	
8-10	1196-1198	op	
8-11	1199-1201	de	
8-12	1202-1214	Protestanten	
8-13	1215-1219	ooit	
8-14	1220-1228	gewonnen	
8-15	1229-1235	hebben	
8-16	1235-1236	:	
8-17	1237-1239	so	
8-18	1240-1246	weinig	
8-19	1247-1250	mag	
8-20	1251-1254	het	
8-21	1255-1258	ook	
8-22	1259-1261	by	
8-23	1262-1265	ons	
8-24	1266-1268	in	
8-25	1269-1276	overleg	
8-26	1277-1284	genomen	
8-27	1285-1291	worden	
8-28	1291-1292	,	
8-29	1293-1294	'	
8-30	1294-1295	t	
8-31	1296-1300	gene	
8-32	1301-1305	hier	
8-33	1306-1310	Gods	
8-34	1311-1317	Almagt	
8-35	1318-1323	soude	
8-36	1324-1330	konnen	
8-37	1331-1335	doen	
8-38	1335-1336	.	

#Text=En dat noch so veel te minder, om 't
#Text=verwijt niet onderhevig te zijn, dat wy self so snoden redeneringe te werk stellen,
#Text=die wy in anderen berispen
9-1	1337-1339	En	
9-2	1340-1343	dat	
9-3	1344-1348	noch	
9-4	1349-1351	so	
9-5	1352-1356	veel	
9-6	1357-1359	te	
9-7	1360-1366	minder	
9-8	1366-1367	,	
9-9	1368-1370	om	
9-10	1371-1372	'	
9-11	1372-1373	t	
9-12	1374-1381	verwijt	
9-13	1382-1386	niet	
9-14	1387-1397	onderhevig	
9-15	1398-1400	te	
9-16	1401-1405	zijn	
9-17	1405-1406	,	
9-18	1407-1410	dat	
9-19	1411-1413	wy	
9-20	1414-1418	self	
9-21	1419-1421	so	
9-22	1422-1428	snoden	
9-23	1429-1440	redeneringe	
9-24	1441-1443	te	
9-25	1444-1448	werk	
9-26	1449-1456	stellen	
9-27	1456-1457	,	
9-28	1458-1461	die	
9-29	1462-1464	wy	
9-30	1465-1467	in	
9-31	1468-1475	anderen	
9-32	1476-1484	berispen	

#Text=.
10-1	1484-1485	.	

#Text=§.
#Text=4.
11-1	1487-1488	§	
11-2	1488-1489	.	
11-3	1490-1491	4	
11-4	1491-1492	.	

#Text=Des valt hier noch een twede buitensporigheid te mijden:
#Text=dat wy ons op geen
#Text=mirakelen beroepen, wanneer de vraag is, wat natuur vermag, en ieder schepsel in
#Text=dien aart so als 't van God geschapen is.
12-1	1493-1496	Des	
12-2	1497-1501	valt	
12-3	1502-1506	hier	
12-4	1507-1511	noch	
12-5	1512-1515	een	
12-6	1516-1521	twede	
12-7	1522-1538	buitensporigheid	
12-8	1539-1541	te	
12-9	1542-1548	mijden	
12-10	1548-1549	:	
12-11	1550-1553	dat	
12-12	1554-1556	wy	
12-13	1557-1560	ons	
12-14	1561-1563	op	
12-15	1564-1568	geen	
12-16	1569-1578	mirakelen	
12-17	1579-1587	beroepen	
12-18	1587-1588	,	
12-19	1589-1596	wanneer	
12-20	1597-1599	de	
12-21	1600-1605	vraag	
12-22	1606-1608	is	
12-23	1608-1609	,	
12-24	1610-1613	wat	
12-25	1614-1620	natuur	
12-26	1621-1627	vermag	
12-27	1627-1628	,	
12-28	1629-1631	en	
12-29	1632-1637	ieder	
12-30	1638-1646	schepsel	
12-31	1647-1649	in	
12-32	1650-1654	dien	
12-33	1655-1659	aart	
12-34	1660-1662	so	
12-35	1663-1666	als	
12-36	1667-1668	'	
12-37	1668-1669	t	
12-38	1670-1673	van	
12-39	1674-1677	God	
12-40	1678-1687	geschapen	
12-41	1688-1690	is	
12-42	1690-1691	.	

#Text=Wanneer de vrage soude mogen zijn, of een
#Text=peerd ook vliegen kan?
13-1	1692-1699	Wanneer	
13-2	1700-1702	de	
13-3	1703-1708	vrage	
13-4	1709-1714	soude	
13-5	1715-1720	mogen	
13-6	1721-1725	zijn	
13-7	1725-1726	,	
13-8	1727-1729	of	
13-9	1730-1733	een	
13-10	1734-1739	peerd	
13-11	1740-1743	ook	
13-12	1744-1751	vliegen	
13-13	1752-1755	kan	
13-14	1755-1756	?	
