#FORMAT=WebAnno TSV 3.3
#T_SP=custom.Span|label
#T_RL=custom.Relation|label|BT_custom.Span


#Text=Of the Molucco Jles.
1-1	1-3	Of	_	_	_	
1-2	4-7	the	_	_	_	
1-3	8-15	Molucco	_	_	_	
1-4	16-20	Jles	_	_	_	
1-5	20-21	.	_	_	_	

#Text=THey are numbred five.
2-1	22-26	THey	_	_	_	
2-2	27-30	are	_	_	_	
2-3	31-38	numbred	_	_	_	
2-4	39-43	five	_	_	_	
2-5	43-44	.	_	_	_	

#Text=Molucco.
3-1	45-52	Molucco	_	_	_	
3-2	52-53	.	_	_	_	

#Text=Gillolo.
4-1	54-61	Gillolo	_	_	_	
4-2	61-62	.	_	_	_	

#Text=Ternate.
5-1	63-70	Ternate	_	_	_	
5-2	70-71	.	_	_	_	

#Text=Tidore. and Mahan (where Magellan after his long voyage Anno 1520 lost his life by treachery of these barbarians.)
6-1	72-78	Tidore	_	_	_	
6-2	78-79	.	_	_	_	
6-3	80-83	and	_	_	_	
6-4	84-89	Mahan	_	_	_	
6-5	90-91	(	_	_	_	
6-6	91-96	where	_	_	_	
6-7	97-105	Magellan	_	_	_	
6-8	106-111	after	_	_	_	
6-9	112-115	his	_	_	_	
6-10	116-120	long	_	_	_	
6-11	121-127	voyage	_	_	_	
6-12	128-132	Anno	_	_	_	
6-13	133-137	1520	_	_	_	
6-14	138-142	lost	_	_	_	
6-15	143-146	his	_	_	_	
6-16	147-151	life	_	_	_	
6-17	152-154	by	_	_	_	
6-18	155-164	treachery	_	_	_	
6-19	165-167	of	_	_	_	
6-20	168-173	these	_	_	_	
6-21	174-184	barbarians	_	_	_	
6-22	184-185	.	_	_	_	
6-23	185-186	)	_	_	_	

#Text=The English were the first that ever tradd to these Iles of any Christians: and most of them have acknowledg ' d our King their Sovereigne: but by the Duch it seemes our men are now thrust out, as if all India were theirs by title from the Creation.
7-1	187-190	The	_	_	_	
7-2	191-198	English	_	_	_	
7-3	199-203	were	_	_	_	
7-4	204-207	the	_	_	_	
7-5	208-213	first	_	_	_	
7-6	214-218	that	_	_	_	
7-7	219-223	ever	_	_	_	
7-8	224-229	tradd	_	_	_	
7-9	230-232	to	_	_	_	
7-10	233-238	these	_	_	_	
7-11	239-243	Iles	_	_	_	
7-12	244-246	of	_	_	_	
7-13	247-250	any	_	_	_	
7-14	251-261	Christians	_	_	_	
7-15	261-262	:	_	_	_	
7-16	263-266	and	_	_	_	
7-17	267-271	most	_	_	_	
7-18	272-274	of	_	_	_	
7-19	275-279	them	_	_	_	
7-20	280-284	have	_	_	_	
7-21	285-295	acknowledg	_	_	_	
7-22	296-297	'	_	_	_	
7-23	298-299	d	_	_	_	
7-24	300-303	our	_	_	_	
7-25	304-308	King	_	_	_	
7-26	309-314	their	_	_	_	
7-27	315-325	Sovereigne	_	_	_	
7-28	325-326	:	_	_	_	
7-29	327-330	but	_	_	_	
7-30	331-333	by	_	_	_	
7-31	334-337	the	_	_	_	
7-32	338-342	Duch	_	_	_	
7-33	343-345	it	_	_	_	
7-34	346-352	seemes	_	_	_	
7-35	353-356	our	_	_	_	
7-36	357-360	men	_	_	_	
7-37	361-364	are	_	_	_	
7-38	365-368	now	_	_	_	
7-39	369-375	thrust	_	_	_	
7-40	376-379	out	_	_	_	
7-41	379-380	,	_	_	_	
7-42	381-383	as	_	_	_	
7-43	384-386	if	_	_	_	
7-44	387-390	all	_	_	_	
7-45	391-396	India	_	_	_	
7-46	397-401	were	_	_	_	
7-47	402-408	theirs	_	_	_	
7-48	409-411	by	_	_	_	
7-49	412-417	title	_	_	_	
7-50	418-422	from	_	_	_	
7-51	423-426	the	_	_	_	
7-52	427-435	Creation	_	_	_	
7-53	435-436	.	_	_	_	

#Text=Of these Gillolo is greatest; but in Cloves, Mace, Nutmegs, Ginger, Pepper, Oyle, Aloes, and Honey, all of them alike plentifull.
8-1	438-440	Of	_	_	_	
8-2	441-446	these	_	_	_	
8-3	447-454	Gillolo	_	_	_	
8-4	455-457	is	_	_	_	
8-5	458-466	greatest	_	_	_	
8-6	466-467	;	_	_	_	
8-7	468-471	but	_	_	_	
8-8	472-474	in	_	_	_	
8-9	475-481	Cloves	_	_	_	
8-10	481-482	,	_	_	_	
8-11	483-487	Mace	_	_	_	
8-12	487-488	,	_	_	_	
8-13	489-496	Nutmegs	_	_	_	
8-14	496-497	,	_	_	_	
8-15	498-504	Ginger	_	_	_	
8-16	504-505	,	_	_	_	
8-17	506-512	Pepper	_	_	_	
8-18	512-513	,	_	_	_	
8-19	514-518	Oyle	_	_	_	
8-20	518-519	,	_	_	_	
8-21	520-525	Aloes	_	_	_	
8-22	525-526	,	_	_	_	
8-23	527-530	and	_	_	_	
8-24	531-536	Honey	_	_	_	
8-25	536-537	,	_	_	_	
8-26	538-541	all	_	_	_	
8-27	542-544	of	_	_	_	
8-28	545-549	them	_	_	_	
8-29	550-555	alike	_	_	_	
8-30	556-566	plentifull	_	_	_	
8-31	566-567	.	_	_	_	

#Text=All or most of these, have the Equinoctiall for their Zenyth, and by those diurnall showres, and breezes which faile them not, and Apolloes commorance, the the fruits ripen sooner, the earth smells more aromaticall, and the Ayre seemes more nutritive than in other places.
9-1	568-571	All	_	_	_	
9-2	572-574	or	_	_	_	
9-3	575-579	most	_	_	_	
9-4	580-582	of	_	_	_	
9-5	583-588	these	_	_	_	
9-6	588-589	,	_	_	_	
9-7	590-594	have	_	_	_	
9-8	595-598	the	_	_	_	
9-9	599-611	Equinoctiall	_	_	_	
9-10	612-615	for	_	_	_	
9-11	616-621	their	_	_	_	
9-12	622-628	Zenyth	_	_	_	
9-13	628-629	,	_	_	_	
9-14	630-633	and	_	_	_	
9-15	634-636	by	_	_	_	
9-16	637-642	those	_	_	_	
9-17	643-651	diurnall	_	_	_	
9-18	652-659	showres	_	_	_	
9-19	659-660	,	_	_	_	
9-20	661-664	and	_	_	_	
9-21	665-672	breezes	_	_	_	
9-22	673-678	which	_	_	_	
9-23	679-684	faile	_	_	_	
9-24	685-689	them	_	_	_	
9-25	690-693	not	_	_	_	
9-26	693-694	,	_	_	_	
9-27	695-698	and	_	_	_	
9-28	699-707	Apolloes	_	_	_	
9-29	708-718	commorance	_	_	_	
9-30	718-719	,	_	_	_	
9-31	720-723	the	_	_	_	
9-32	724-727	the	_	_	_	
9-33	728-734	fruits	_	_	_	
9-34	735-740	ripen	_	_	_	
9-35	741-747	sooner	_	_	_	
9-36	747-748	,	_	_	_	
9-37	749-752	the	Smell\_Source[1]	_	_	
9-38	753-758	earth	Smell\_Source[1]	_	_	
9-39	759-765	smells	Smell\_Word	*|*	9-37[1_0]|9-40[2_0]	
9-40	766-770	more	Quality[2]	_	_	
9-41	771-782	aromaticall	Quality[2]	_	_	
9-42	782-783	,	_	_	_	
9-43	784-787	and	_	_	_	
9-44	788-791	the	_	_	_	
9-45	792-796	Ayre	_	_	_	
9-46	797-803	seemes	_	_	_	
9-47	804-808	more	_	_	_	
9-48	809-818	nutritive	_	_	_	
9-49	819-823	than	_	_	_	
9-50	824-826	in	_	_	_	
9-51	827-832	other	_	_	_	
9-52	833-839	places	_	_	_	
9-53	839-840	.	_	_	_	

#Text=Let us rest a little upon some fruit descriptions.
10-1	841-844	Let	_	_	_	
10-2	845-847	us	_	_	_	
10-3	848-852	rest	_	_	_	
10-4	853-854	a	_	_	_	
10-5	855-861	little	_	_	_	
10-6	862-866	upon	_	_	_	
10-7	867-871	some	_	_	_	
10-8	872-877	fruit	_	_	_	
10-9	878-890	descriptions	_	_	_	
10-10	890-891	.	_	_	_	

#Text=*The Clove tree differs in proportion according to the place it receives vigor in: some being comparable to the Bay, others to Box or such like trees of humble stature;  ' tis, most part of the yeere green and pleasant, having leaves long and small, distending into many branches: It blossmes early, and becomes exceeding inconstant in complexion; from a virgin white palliating other colours: in the morne a pale green, in the meridian a distempered red, & sleepes in blacknesse.
11-1	893-894	*	_	_	_	
11-2	894-897	The	_	_	_	
11-3	898-903	Clove	_	_	_	
11-4	904-908	tree	_	_	_	
11-5	909-916	differs	_	_	_	
11-6	917-919	in	_	_	_	
11-7	920-930	proportion	_	_	_	
11-8	931-940	according	_	_	_	
11-9	941-943	to	_	_	_	
11-10	944-947	the	_	_	_	
11-11	948-953	place	_	_	_	
11-12	954-956	it	_	_	_	
11-13	957-965	receives	_	_	_	
11-14	966-971	vigor	_	_	_	
11-15	972-974	in	_	_	_	
11-16	974-975	:	_	_	_	
11-17	976-980	some	_	_	_	
11-18	981-986	being	_	_	_	
11-19	987-997	comparable	_	_	_	
11-20	998-1000	to	_	_	_	
11-21	1001-1004	the	_	_	_	
11-22	1005-1008	Bay	_	_	_	
11-23	1008-1009	,	_	_	_	
11-24	1010-1016	others	_	_	_	
11-25	1017-1019	to	_	_	_	
11-26	1020-1023	Box	_	_	_	
11-27	1024-1026	or	_	_	_	
11-28	1027-1031	such	_	_	_	
11-29	1032-1036	like	_	_	_	
11-30	1037-1042	trees	_	_	_	
11-31	1043-1045	of	_	_	_	
11-32	1046-1052	humble	_	_	_	
11-33	1053-1060	stature	_	_	_	
11-34	1060-1061	;	_	_	_	
11-35	1063-1064	'	_	_	_	
11-36	1065-1068	tis	_	_	_	
11-37	1068-1069	,	_	_	_	
11-38	1070-1074	most	_	_	_	
11-39	1075-1079	part	_	_	_	
11-40	1080-1082	of	_	_	_	
11-41	1083-1086	the	_	_	_	
11-42	1087-1092	yeere	_	_	_	
11-43	1093-1098	green	_	_	_	
11-44	1099-1102	and	_	_	_	
11-45	1103-1111	pleasant	_	_	_	
11-46	1111-1112	,	_	_	_	
11-47	1113-1119	having	_	_	_	
11-48	1120-1126	leaves	_	_	_	
11-49	1127-1131	long	_	_	_	
11-50	1132-1135	and	_	_	_	
11-51	1136-1141	small	_	_	_	
11-52	1141-1142	,	_	_	_	
11-53	1143-1153	distending	_	_	_	
11-54	1154-1158	into	_	_	_	
11-55	1159-1163	many	_	_	_	
11-56	1164-1172	branches	_	_	_	
11-57	1172-1173	:	_	_	_	
11-58	1174-1176	It	_	_	_	
11-59	1177-1185	blossmes	_	_	_	
11-60	1186-1191	early	_	_	_	
11-61	1191-1192	,	_	_	_	
11-62	1193-1196	and	_	_	_	
11-63	1197-1204	becomes	_	_	_	
11-64	1205-1214	exceeding	_	_	_	
11-65	1215-1225	inconstant	_	_	_	
11-66	1226-1228	in	_	_	_	
11-67	1229-1239	complexion	_	_	_	
11-68	1239-1240	;	_	_	_	
11-69	1241-1245	from	_	_	_	
11-70	1246-1247	a	_	_	_	
11-71	1248-1254	virgin	_	_	_	
11-72	1255-1260	white	_	_	_	
11-73	1261-1271	palliating	_	_	_	
11-74	1272-1277	other	_	_	_	
11-75	1278-1285	colours	_	_	_	
11-76	1285-1286	:	_	_	_	
11-77	1287-1289	in	_	_	_	
11-78	1290-1293	the	_	_	_	
11-79	1294-1299	morne	_	_	_	
11-80	1300-1301	a	_	_	_	
11-81	1302-1306	pale	_	_	_	
11-82	1307-1312	green	_	_	_	
11-83	1312-1313	,	_	_	_	
11-84	1314-1316	in	_	_	_	
11-85	1317-1320	the	_	_	_	
11-86	1321-1329	meridian	_	_	_	
11-87	1330-1331	a	_	_	_	
11-88	1332-1343	distempered	_	_	_	
11-89	1344-1347	red	_	_	_	
11-90	1347-1348	,	_	_	_	
11-91	1349-1350	&	_	_	_	
11-92	1351-1358	sleepes	_	_	_	
11-93	1359-1361	in	_	_	_	
11-94	1362-1372	blacknesse	_	_	_	
11-95	1372-1373	.	_	_	_	

#Text=The Cloves manifest themselves at the utmost end of all the branches in great plenty; and in their growng evaporate such sense ravishing odours, as if a compendium of Natures sweetest gums and delicacies were extracted and here uunited: they are thrice yeerly pruined, and gratefully retort a treble vintage: and though but perfected in 3 yeares, yet must be counted an advantage; for Physitins tell us, they are hot and drie in the third degree, corroborate the stoack, and benefit concoction.
12-1	1374-1377	The	Smell\_Source[3]	_	_	
12-2	1378-1384	Cloves	Smell\_Source[3]	_	_	
12-3	1385-1393	manifest	_	_	_	
12-4	1394-1404	themselves	_	_	_	
12-5	1405-1407	at	_	_	_	
12-6	1408-1411	the	_	_	_	
12-7	1412-1418	utmost	_	_	_	
12-8	1419-1422	end	_	_	_	
12-9	1423-1425	of	_	_	_	
12-10	1426-1429	all	_	_	_	
12-11	1430-1433	the	_	_	_	
12-12	1434-1442	branches	_	_	_	
12-13	1443-1445	in	_	_	_	
12-14	1446-1451	great	_	_	_	
12-15	1452-1458	plenty	_	_	_	
12-16	1458-1459	;	_	_	_	
12-17	1460-1463	and	_	_	_	
12-18	1464-1466	in	_	_	_	
12-19	1467-1472	their	Smell\_Source	Anaphoric	12-1[3_0]	
12-20	1473-1479	growng	_	_	_	
12-21	1480-1489	evaporate	_	_	_	
12-22	1490-1494	such	_	_	_	
12-23	1495-1500	sense	_	_	_	
12-24	1501-1510	ravishing	Quality	_	_	
12-25	1511-1517	odours	Smell\_Word	*|*|*	12-24|12-29[4_0]|12-19	
12-26	1517-1518	,	_	_	_	
12-27	1519-1521	as	_	_	_	
12-28	1522-1524	if	_	_	_	
12-29	1525-1526	a	Evoked\_Odorant[4]	_	_	
12-30	1527-1537	compendium	Evoked\_Odorant[4]	_	_	
12-31	1538-1540	of	Evoked\_Odorant[4]	_	_	
12-32	1541-1548	Natures	Evoked\_Odorant[4]	_	_	
12-33	1549-1557	sweetest	Evoked\_Odorant[4]	_	_	
12-34	1558-1562	gums	Evoked\_Odorant[4]	_	_	
12-35	1563-1566	and	Evoked\_Odorant[4]	_	_	
12-36	1567-1577	delicacies	Evoked\_Odorant[4]	_	_	
12-37	1578-1582	were	_	_	_	
12-38	1583-1592	extracted	_	_	_	
12-39	1593-1596	and	_	_	_	
12-40	1597-1601	here	_	_	_	
12-41	1602-1609	uunited	_	_	_	
12-42	1609-1610	:	_	_	_	
12-43	1611-1615	they	_	_	_	
12-44	1616-1619	are	_	_	_	
12-45	1620-1626	thrice	_	_	_	
12-46	1627-1633	yeerly	_	_	_	
12-47	1634-1641	pruined	_	_	_	
12-48	1641-1642	,	_	_	_	
12-49	1643-1646	and	_	_	_	
12-50	1647-1657	gratefully	_	_	_	
12-51	1658-1664	retort	_	_	_	
12-52	1665-1666	a	_	_	_	
12-53	1667-1673	treble	_	_	_	
12-54	1674-1681	vintage	_	_	_	
12-55	1681-1682	:	_	_	_	
12-56	1683-1686	and	_	_	_	
12-57	1687-1693	though	_	_	_	
12-58	1694-1697	but	_	_	_	
12-59	1698-1707	perfected	_	_	_	
12-60	1708-1710	in	_	_	_	
12-61	1711-1712	3	_	_	_	
12-62	1713-1719	yeares	_	_	_	
12-63	1719-1720	,	_	_	_	
12-64	1721-1724	yet	_	_	_	
12-65	1725-1729	must	_	_	_	
12-66	1730-1732	be	_	_	_	
12-67	1733-1740	counted	_	_	_	
12-68	1741-1743	an	_	_	_	
12-69	1744-1753	advantage	_	_	_	
12-70	1753-1754	;	_	_	_	
12-71	1755-1758	for	_	_	_	
12-72	1759-1768	Physitins	_	_	_	
12-73	1769-1773	tell	_	_	_	
12-74	1774-1776	us	_	_	_	
12-75	1776-1777	,	_	_	_	
12-76	1778-1782	they	_	_	_	
12-77	1783-1786	are	_	_	_	
12-78	1787-1790	hot	_	_	_	
12-79	1791-1794	and	_	_	_	
12-80	1795-1799	drie	_	_	_	
12-81	1800-1802	in	_	_	_	
12-82	1803-1806	the	_	_	_	
12-83	1807-1812	third	_	_	_	
12-84	1813-1819	degree	_	_	_	
12-85	1819-1820	,	_	_	_	
12-86	1821-1832	corroborate	_	_	_	
12-87	1833-1836	the	_	_	_	
12-88	1837-1843	stoack	_	_	_	
12-89	1843-1844	,	_	_	_	
12-90	1845-1848	and	_	_	_	
12-91	1849-1856	benefit	_	_	_	
12-92	1857-1867	concoction	_	_	_	
12-93	1867-1868	.	_	_	_	

#Text=*The Nutmegg (or great Nut) like those trees most famous for their exllencies, is not very lofty in its heigth, scarce so proper as the Cherrie; by some, resembled to the Peach, with which it varies in forme of leafe and graine, affecting more assize and compasse.
13-1	1870-1871	*	_	_	_	
13-2	1871-1874	The	_	_	_	
13-3	1875-1882	Nutmegg	_	_	_	
13-4	1883-1884	(	_	_	_	
13-5	1884-1886	or	_	_	_	
13-6	1887-1892	great	_	_	_	
13-7	1893-1896	Nut	_	_	_	
13-8	1896-1897	)	_	_	_	
13-9	1898-1902	like	_	_	_	
13-10	1903-1908	those	_	_	_	
13-11	1909-1914	trees	_	_	_	
13-12	1915-1919	most	_	_	_	
13-13	1920-1926	famous	_	_	_	
13-14	1927-1930	for	_	_	_	
13-15	1931-1936	their	_	_	_	
13-16	1937-1947	exllencies	_	_	_	
13-17	1947-1948	,	_	_	_	
13-18	1949-1951	is	_	_	_	
13-19	1952-1955	not	_	_	_	
13-20	1956-1960	very	_	_	_	
13-21	1961-1966	lofty	_	_	_	
13-22	1967-1969	in	_	_	_	
13-23	1970-1973	its	_	_	_	
13-24	1974-1980	heigth	_	_	_	
13-25	1980-1981	,	_	_	_	
13-26	1982-1988	scarce	_	_	_	
13-27	1989-1991	so	_	_	_	
13-28	1992-1998	proper	_	_	_	
13-29	1999-2001	as	_	_	_	
13-30	2002-2005	the	_	_	_	
13-31	2006-2013	Cherrie	_	_	_	
13-32	2013-2014	;	_	_	_	
13-33	2015-2017	by	_	_	_	
13-34	2018-2022	some	_	_	_	
13-35	2022-2023	,	_	_	_	
13-36	2024-2033	resembled	_	_	_	
13-37	2034-2036	to	_	_	_	
13-38	2037-2040	the	_	_	_	
13-39	2041-2046	Peach	_	_	_	
13-40	2046-2047	,	_	_	_	
13-41	2048-2052	with	_	_	_	
13-42	2053-2058	which	_	_	_	
13-43	2059-2061	it	_	_	_	
13-44	2062-2068	varies	_	_	_	
13-45	2069-2071	in	_	_	_	
13-46	2072-2077	forme	_	_	_	
13-47	2078-2080	of	_	_	_	
13-48	2081-2086	leafe	_	_	_	
13-49	2087-2090	and	_	_	_	
13-50	2091-2097	graine	_	_	_	
13-51	2097-2098	,	_	_	_	
13-52	2099-2108	affecting	_	_	_	
13-53	2109-2113	more	_	_	_	
13-54	2114-2120	assize	_	_	_	
13-55	2121-2124	and	_	_	_	
13-56	2125-2133	compasse	_	_	_	
13-57	2133-2134	.	_	_	_	

#Text=The Nut is cloathed with a defensive husk like those of baser quality, but at full ripenesse disroabs it selfe, and discovers her naked purity the Mace, which chastely intwines (with a vermilliion blush or colour) her endeared fruit and sister, both of them breathing out most pleasing smells and perfumes: the Mace in few dayes (like choisest beauties) by Apolloes wanton flames becom ' s tawny and unlike her former braverie: yet in that dissent, best pleases the rustick gatherer.
14-1	2135-2138	The	_	_	_	
14-2	2139-2142	Nut	_	_	_	
14-3	2143-2145	is	_	_	_	
14-4	2146-2154	cloathed	_	_	_	
14-5	2155-2159	with	_	_	_	
14-6	2160-2161	a	_	_	_	
14-7	2162-2171	defensive	_	_	_	
14-8	2172-2176	husk	_	_	_	
14-9	2177-2181	like	_	_	_	
14-10	2182-2187	those	_	_	_	
14-11	2188-2190	of	_	_	_	
14-12	2191-2196	baser	_	_	_	
14-13	2197-2204	quality	_	_	_	
14-14	2204-2205	,	_	_	_	
14-15	2206-2209	but	_	_	_	
14-16	2210-2212	at	_	_	_	
14-17	2213-2217	full	_	_	_	
14-18	2218-2227	ripenesse	_	_	_	
14-19	2228-2236	disroabs	_	_	_	
14-20	2237-2239	it	_	_	_	
14-21	2240-2245	selfe	_	_	_	
14-22	2245-2246	,	_	_	_	
14-23	2247-2250	and	_	_	_	
14-24	2251-2260	discovers	_	_	_	
14-25	2261-2264	her	_	_	_	
14-26	2265-2270	naked	_	_	_	
14-27	2271-2277	purity	_	_	_	
14-28	2278-2281	the	Smell\_Source[5]	_	_	
14-29	2282-2286	Mace	Smell\_Source[5]	_	_	
14-30	2286-2287	,	_	_	_	
14-31	2288-2293	which	_	_	_	
14-32	2294-2302	chastely	_	_	_	
14-33	2303-2311	intwines	_	_	_	
14-34	2312-2313	(	_	_	_	
14-35	2313-2317	with	_	_	_	
14-36	2318-2319	a	_	_	_	
14-37	2320-2331	vermilliion	_	_	_	
14-38	2332-2337	blush	_	_	_	
14-39	2338-2340	or	_	_	_	
14-40	2341-2347	colour	_	_	_	
14-41	2347-2348	)	_	_	_	
14-42	2349-2352	her	_	_	_	
14-43	2353-2361	endeared	_	_	_	
14-44	2362-2367	fruit	_	_	_	
14-45	2368-2371	and	_	_	_	
14-46	2372-2378	sister	_	_	_	
14-47	2378-2379	,	_	_	_	
14-48	2380-2384	both	_	_	_	
14-49	2385-2387	of	_	_	_	
14-50	2388-2392	them	_	_	_	
14-51	2393-2402	breathing	_	_	_	
14-52	2403-2406	out	_	_	_	
14-53	2407-2411	most	_	_	_	
14-54	2412-2420	pleasing	Quality	_	_	
14-55	2421-2427	smells	Smell\_Word	*|*	14-54|14-28[5_0]	
14-56	2428-2431	and	_	_	_	
14-57	2432-2440	perfumes	Smell\_Word	_	_	
14-58	2440-2441	:	_	_	_	
14-59	2442-2445	the	_	_	_	
14-60	2446-2450	Mace	_	_	_	
14-61	2451-2453	in	_	_	_	
14-62	2454-2457	few	_	_	_	
14-63	2458-2463	dayes	_	_	_	
14-64	2464-2465	(	_	_	_	
14-65	2465-2469	like	_	_	_	
14-66	2470-2478	choisest	_	_	_	
14-67	2479-2487	beauties	_	_	_	
14-68	2487-2488	)	_	_	_	
14-69	2489-2491	by	_	_	_	
14-70	2492-2500	Apolloes	_	_	_	
14-71	2501-2507	wanton	_	_	_	
14-72	2508-2514	flames	_	_	_	
14-73	2515-2520	becom	_	_	_	
14-74	2521-2522	'	_	_	_	
14-75	2523-2524	s	_	_	_	
14-76	2525-2530	tawny	_	_	_	
14-77	2531-2534	and	_	_	_	
14-78	2535-2541	unlike	_	_	_	
14-79	2542-2545	her	_	_	_	
14-80	2546-2552	former	_	_	_	
14-81	2553-2561	braverie	_	_	_	
14-82	2561-2562	:	_	_	_	
14-83	2563-2566	yet	_	_	_	
14-84	2567-2569	in	_	_	_	
14-85	2570-2574	that	_	_	_	
14-86	2575-2582	dissent	_	_	_	
14-87	2582-2583	,	_	_	_	
14-88	2584-2588	best	_	_	_	
14-89	2589-2596	pleases	_	_	_	
14-90	2597-2600	the	_	_	_	
14-91	2601-2608	rustick	_	_	_	
14-92	2609-2617	gatherer	_	_	_	
14-93	2617-2618	.	_	_	_	

#Text=Neere the Molucco ' s, and neerer the Antartique, wee see many other Iles, noble in esteeme, and rich in qualitie: but, for that more than bararous basenesse our miserable Country-men suffered by the Dutch, we have no pleasure to stand upon any thing save recitall; such are Amboyna, (placed  ' twixt Banda and Molucso:) Banda, (in 4, degrees 30 minutes, and (from Amboyna 24 leagues:) Puloway, (from Banda 3 leagues:) Puloreen, (from Puloway W.N.W.)
15-1	2621-2626	Neere	_	_	_	
15-2	2627-2630	the	_	_	_	
15-3	2631-2638	Molucco	_	_	_	
15-4	2639-2640	'	_	_	_	
15-5	2641-2642	s	_	_	_	
15-6	2642-2643	,	_	_	_	
15-7	2644-2647	and	_	_	_	
15-8	2648-2654	neerer	_	_	_	
15-9	2655-2658	the	_	_	_	
15-10	2659-2669	Antartique	_	_	_	
15-11	2669-2670	,	_	_	_	
15-12	2671-2674	wee	_	_	_	
15-13	2675-2678	see	_	_	_	
15-14	2679-2683	many	_	_	_	
15-15	2684-2689	other	_	_	_	
15-16	2690-2694	Iles	_	_	_	
15-17	2694-2695	,	_	_	_	
15-18	2696-2701	noble	_	_	_	
15-19	2702-2704	in	_	_	_	
15-20	2705-2712	esteeme	_	_	_	
15-21	2712-2713	,	_	_	_	
15-22	2714-2717	and	_	_	_	
15-23	2718-2722	rich	_	_	_	
15-24	2723-2725	in	_	_	_	
15-25	2726-2734	qualitie	_	_	_	
15-26	2734-2735	:	_	_	_	
15-27	2736-2739	but	_	_	_	
15-28	2739-2740	,	_	_	_	
15-29	2741-2744	for	_	_	_	
15-30	2745-2749	that	_	_	_	
15-31	2750-2754	more	_	_	_	
15-32	2755-2759	than	_	_	_	
15-33	2760-2768	bararous	_	_	_	
15-34	2769-2778	basenesse	_	_	_	
15-35	2779-2782	our	_	_	_	
15-36	2783-2792	miserable	_	_	_	
15-37	2793-2804	Country-men	_	_	_	
15-38	2805-2813	suffered	_	_	_	
15-39	2814-2816	by	_	_	_	
15-40	2817-2820	the	_	_	_	
15-41	2821-2826	Dutch	_	_	_	
15-42	2826-2827	,	_	_	_	
15-43	2828-2830	we	_	_	_	
15-44	2831-2835	have	_	_	_	
15-45	2836-2838	no	_	_	_	
15-46	2839-2847	pleasure	_	_	_	
15-47	2848-2850	to	_	_	_	
15-48	2851-2856	stand	_	_	_	
15-49	2857-2861	upon	_	_	_	
15-50	2862-2865	any	_	_	_	
15-51	2866-2871	thing	_	_	_	
15-52	2872-2876	save	_	_	_	
15-53	2877-2885	recitall	_	_	_	
15-54	2885-2886	;	_	_	_	
15-55	2887-2891	such	_	_	_	
15-56	2892-2895	are	_	_	_	
15-57	2896-2903	Amboyna	_	_	_	
15-58	2903-2904	,	_	_	_	
15-59	2905-2906	(	_	_	_	
15-60	2906-2912	placed	_	_	_	
15-61	2914-2915	'	_	_	_	
15-62	2916-2921	twixt	_	_	_	
15-63	2922-2927	Banda	_	_	_	
15-64	2928-2931	and	_	_	_	
15-65	2932-2939	Molucso	_	_	_	
15-66	2939-2940	:	_	_	_	
15-67	2940-2941	)	_	_	_	
15-68	2942-2947	Banda	_	_	_	
15-69	2947-2948	,	_	_	_	
15-70	2949-2950	(	_	_	_	
15-71	2950-2952	in	_	_	_	
15-72	2953-2954	4	_	_	_	
15-73	2954-2955	,	_	_	_	
15-74	2956-2963	degrees	_	_	_	
15-75	2964-2966	30	_	_	_	
15-76	2967-2974	minutes	_	_	_	
15-77	2974-2975	,	_	_	_	
15-78	2976-2979	and	_	_	_	
15-79	2980-2981	(	_	_	_	
15-80	2981-2985	from	_	_	_	
15-81	2986-2993	Amboyna	_	_	_	
15-82	2994-2996	24	_	_	_	
15-83	2997-3004	leagues	_	_	_	
15-84	3004-3005	:	_	_	_	
15-85	3005-3006	)	_	_	_	
15-86	3007-3014	Puloway	_	_	_	
15-87	3014-3015	,	_	_	_	
15-88	3016-3017	(	_	_	_	
15-89	3017-3021	from	_	_	_	
15-90	3022-3027	Banda	_	_	_	
15-91	3028-3029	3	_	_	_	
15-92	3030-3037	leagues	_	_	_	
15-93	3037-3038	:	_	_	_	
15-94	3038-3039	)	_	_	_	
15-95	3040-3048	Puloreen	_	_	_	
15-96	3048-3049	,	_	_	_	
15-97	3050-3051	(	_	_	_	
15-98	3051-3055	from	_	_	_	
15-99	3056-3063	Puloway	_	_	_	
15-100	3064-3069	W.N.W	_	_	_	
15-101	3069-3070	.	_	_	_	
15-102	3070-3071	)	_	_	_	

#Text=Lantore, (the greatest of the Iles of Banda:) Baan: Labatacka, Nero, Ticobassa, Cumber, Salame, and others: all of them, especially Puloway and Puloreen, seeming continued wildernesses of Nutegs and Clove-trees, Pepper, Vines, and Olives.
16-1	3072-3079	Lantore	_	_	_	
16-2	3079-3080	,	_	_	_	
16-3	3081-3082	(	_	_	_	
16-4	3082-3085	the	_	_	_	
16-5	3086-3094	greatest	_	_	_	
16-6	3095-3097	of	_	_	_	
16-7	3098-3101	the	_	_	_	
16-8	3102-3106	Iles	_	_	_	
16-9	3107-3109	of	_	_	_	
16-10	3110-3115	Banda	_	_	_	
16-11	3115-3116	:	_	_	_	
16-12	3116-3117	)	_	_	_	
16-13	3118-3122	Baan	_	_	_	
16-14	3122-3123	:	_	_	_	
16-15	3124-3133	Labatacka	_	_	_	
16-16	3133-3134	,	_	_	_	
16-17	3135-3139	Nero	_	_	_	
16-18	3139-3140	,	_	_	_	
16-19	3141-3150	Ticobassa	_	_	_	
16-20	3150-3151	,	_	_	_	
16-21	3152-3158	Cumber	_	_	_	
16-22	3158-3159	,	_	_	_	
16-23	3160-3166	Salame	_	_	_	
16-24	3166-3167	,	_	_	_	
16-25	3168-3171	and	_	_	_	
16-26	3172-3178	others	_	_	_	
16-27	3178-3179	:	_	_	_	
16-28	3180-3183	all	_	_	_	
16-29	3184-3186	of	_	_	_	
16-30	3187-3191	them	_	_	_	
16-31	3191-3192	,	_	_	_	
16-32	3193-3203	especially	_	_	_	
16-33	3204-3211	Puloway	_	_	_	
16-34	3212-3215	and	_	_	_	
16-35	3216-3224	Puloreen	_	_	_	
16-36	3224-3225	,	_	_	_	
16-37	3226-3233	seeming	_	_	_	
16-38	3234-3243	continued	_	_	_	
16-39	3244-3256	wildernesses	_	_	_	
16-40	3257-3259	of	_	_	_	
16-41	3260-3266	Nutegs	_	_	_	
16-42	3267-3270	and	_	_	_	
16-43	3271-3282	Clove-trees	_	_	_	
16-44	3282-3283	,	_	_	_	
16-45	3284-3290	Pepper	_	_	_	
16-46	3290-3291	,	_	_	_	
16-47	3292-3297	Vines	_	_	_	
16-48	3297-3298	,	_	_	_	
16-49	3299-3302	and	_	_	_	
16-50	3303-3309	Olives	_	_	_	
16-51	3309-3310	.	_	_	_	

#Text=These two last named commerced first with our Merchants, and contracted a perpetuall Amity and Fealty to our King; but in despight of them and us, the uncivill Dutch (whom for their braving humours here, pride, hate, and bloody execuion of our innocent men at Amboyna and other places in India, I cannot name with patience) have banisht our Merchants, and entitle themselves Lords of most of Banda Ilands, caring neither what right the Tarnatensian nor Banda Kings have over them.
17-1	3311-3316	These	_	_	_	
17-2	3317-3320	two	_	_	_	
17-3	3321-3325	last	_	_	_	
17-4	3326-3331	named	_	_	_	
17-5	3332-3341	commerced	_	_	_	
17-6	3342-3347	first	_	_	_	
17-7	3348-3352	with	_	_	_	
17-8	3353-3356	our	_	_	_	
17-9	3357-3366	Merchants	_	_	_	
17-10	3366-3367	,	_	_	_	
17-11	3368-3371	and	_	_	_	
17-12	3372-3382	contracted	_	_	_	
17-13	3383-3384	a	_	_	_	
17-14	3385-3395	perpetuall	_	_	_	
17-15	3396-3401	Amity	_	_	_	
17-16	3402-3405	and	_	_	_	
17-17	3406-3412	Fealty	_	_	_	
17-18	3413-3415	to	_	_	_	
17-19	3416-3419	our	_	_	_	
17-20	3420-3424	King	_	_	_	
17-21	3424-3425	;	_	_	_	
17-22	3426-3429	but	_	_	_	
17-23	3430-3432	in	_	_	_	
17-24	3433-3441	despight	_	_	_	
17-25	3442-3444	of	_	_	_	
17-26	3445-3449	them	_	_	_	
17-27	3450-3453	and	_	_	_	
17-28	3454-3456	us	_	_	_	
17-29	3456-3457	,	_	_	_	
17-30	3458-3461	the	_	_	_	
17-31	3462-3470	uncivill	_	_	_	
17-32	3471-3476	Dutch	_	_	_	
17-33	3477-3478	(	_	_	_	
17-34	3478-3482	whom	_	_	_	
17-35	3483-3486	for	_	_	_	
17-36	3487-3492	their	_	_	_	
17-37	3493-3500	braving	_	_	_	
17-38	3501-3508	humours	_	_	_	
17-39	3509-3513	here	_	_	_	
17-40	3513-3514	,	_	_	_	
17-41	3515-3520	pride	_	_	_	
17-42	3520-3521	,	_	_	_	
17-43	3522-3526	hate	_	_	_	
17-44	3526-3527	,	_	_	_	
17-45	3528-3531	and	_	_	_	
17-46	3532-3538	bloody	_	_	_	
17-47	3539-3547	execuion	_	_	_	
17-48	3548-3550	of	_	_	_	
17-49	3551-3554	our	_	_	_	
17-50	3555-3563	innocent	_	_	_	
17-51	3564-3567	men	_	_	_	
17-52	3568-3570	at	_	_	_	
17-53	3571-3578	Amboyna	_	_	_	
17-54	3579-3582	and	_	_	_	
17-55	3583-3588	other	_	_	_	
17-56	3589-3595	places	_	_	_	
17-57	3596-3598	in	_	_	_	
17-58	3599-3604	India	_	_	_	
17-59	3604-3605	,	_	_	_	
17-60	3606-3607	I	_	_	_	
17-61	3608-3614	cannot	_	_	_	
17-62	3615-3619	name	_	_	_	
17-63	3620-3624	with	_	_	_	
17-64	3625-3633	patience	_	_	_	
17-65	3633-3634	)	_	_	_	
17-66	3635-3639	have	_	_	_	
17-67	3640-3647	banisht	_	_	_	
17-68	3648-3651	our	_	_	_	
17-69	3652-3661	Merchants	_	_	_	
17-70	3661-3662	,	_	_	_	
17-71	3663-3666	and	_	_	_	
17-72	3667-3674	entitle	_	_	_	
17-73	3675-3685	themselves	_	_	_	
17-74	3686-3691	Lords	_	_	_	
17-75	3692-3694	of	_	_	_	
17-76	3695-3699	most	_	_	_	
17-77	3700-3702	of	_	_	_	
17-78	3703-3708	Banda	_	_	_	
17-79	3709-3715	Ilands	_	_	_	
17-80	3715-3716	,	_	_	_	
17-81	3717-3723	caring	_	_	_	
17-82	3724-3731	neither	_	_	_	
17-83	3732-3736	what	_	_	_	
17-84	3737-3742	right	_	_	_	
17-85	3743-3746	the	_	_	_	
17-86	3747-3759	Tarnatensian	_	_	_	
17-87	3760-3763	nor	_	_	_	
17-88	3764-3769	Banda	_	_	_	
17-89	3770-3775	Kings	_	_	_	
17-90	3776-3780	have	_	_	_	
17-91	3781-3785	over	_	_	_	
17-92	3786-3790	them	_	_	_	
17-93	3790-3791	.	_	_	_	

#Text=From these, steer wee another course, to Borneo a great and wealthy Iland.
18-1	3793-3797	From	_	_	_	
18-2	3798-3803	these	_	_	_	
18-3	3803-3804	,	_	_	_	
18-4	3805-3810	steer	_	_	_	
18-5	3811-3814	wee	_	_	_	
18-6	3815-3822	another	_	_	_	
18-7	3823-3829	course	_	_	_	
18-8	3829-3830	,	_	_	_	
18-9	3831-3833	to	_	_	_	
18-10	3834-3840	Borneo	_	_	_	
18-11	3841-3842	a	_	_	_	
18-12	3843-3848	great	_	_	_	
18-13	3849-3852	and	_	_	_	
18-14	3853-3860	wealthy	_	_	_	
18-15	3861-3866	Iland	_	_	_	
18-16	3866-3867	.	_	_	_	

#Text=We are soone in sight of it, the gale is so prosperous.
19-1	3868-3870	We	_	_	_	
19-2	3871-3874	are	_	_	_	
19-3	3875-3880	soone	_	_	_	
19-4	3881-3883	in	_	_	_	
19-5	3884-3889	sight	_	_	_	
19-6	3890-3892	of	_	_	_	
19-7	3893-3895	it	_	_	_	
19-8	3895-3896	,	_	_	_	
19-9	3897-3900	the	_	_	_	
19-10	3901-3905	gale	_	_	_	
19-11	3906-3908	is	_	_	_	
19-12	3909-3911	so	_	_	_	
19-13	3912-3922	prosperous	_	_	_	
19-14	3922-3923	.	_	_	_	

#Text=Of Borneo.
20-1	3925-3927	Of	_	_	_	
20-2	3928-3934	Borneo	_	_	_	
20-3	3934-3935	.	_	_	_	

#Text=BORNEO, or insula bonae fortunoe in Ptol. is Nadyr to the Aequator; and resembles an ovall shield; the major part inclining North: Antartick elevation not mounting above 3 degrees; Artick, to 7 and odde minutes: & owes her first discovery (by any Christian European) to one de Bren, who in the yeere of our blessed Lord 1523. anchored here.
21-1	3936-3942	BORNEO	_	_	_	
21-2	3942-3943	,	_	_	_	
21-3	3944-3946	or	_	_	_	
21-4	3947-3953	insula	_	_	_	
21-5	3954-3959	bonae	_	_	_	
21-6	3960-3968	fortunoe	_	_	_	
21-7	3969-3971	in	_	_	_	
21-8	3972-3976	Ptol	_	_	_	
21-9	3976-3977	.	_	_	_	
21-10	3978-3980	is	_	_	_	
21-11	3981-3986	Nadyr	_	_	_	
21-12	3987-3989	to	_	_	_	
21-13	3990-3993	the	_	_	_	
21-14	3994-4002	Aequator	_	_	_	
21-15	4002-4003	;	_	_	_	
21-16	4004-4007	and	_	_	_	
21-17	4008-4017	resembles	_	_	_	
21-18	4018-4020	an	_	_	_	
21-19	4021-4026	ovall	_	_	_	
21-20	4027-4033	shield	_	_	_	
21-21	4033-4034	;	_	_	_	
21-22	4035-4038	the	_	_	_	
21-23	4039-4044	major	_	_	_	
21-24	4045-4049	part	_	_	_	
21-25	4050-4059	inclining	_	_	_	
21-26	4060-4065	North	_	_	_	
21-27	4065-4066	:	_	_	_	
21-28	4067-4076	Antartick	_	_	_	
21-29	4077-4086	elevation	_	_	_	
21-30	4087-4090	not	_	_	_	
21-31	4091-4099	mounting	_	_	_	
21-32	4100-4105	above	_	_	_	
21-33	4106-4107	3	_	_	_	
21-34	4108-4115	degrees	_	_	_	
21-35	4115-4116	;	_	_	_	
21-36	4117-4123	Artick	_	_	_	
21-37	4123-4124	,	_	_	_	
21-38	4125-4127	to	_	_	_	
21-39	4128-4129	7	_	_	_	
21-40	4130-4133	and	_	_	_	
21-41	4134-4138	odde	_	_	_	
21-42	4139-4146	minutes	_	_	_	
21-43	4146-4147	:	_	_	_	
21-44	4148-4149	&	_	_	_	
21-45	4150-4154	owes	_	_	_	
21-46	4155-4158	her	_	_	_	
21-47	4159-4164	first	_	_	_	
21-48	4165-4174	discovery	_	_	_	
21-49	4175-4176	(	_	_	_	
21-50	4176-4178	by	_	_	_	
21-51	4179-4182	any	_	_	_	
21-52	4183-4192	Christian	_	_	_	
21-53	4193-4201	European	_	_	_	
21-54	4201-4202	)	_	_	_	
21-55	4203-4205	to	_	_	_	
21-56	4206-4209	one	_	_	_	
21-57	4210-4212	de	_	_	_	
21-58	4213-4217	Bren	_	_	_	
21-59	4217-4218	,	_	_	_	
21-60	4219-4222	who	_	_	_	
21-61	4223-4225	in	_	_	_	
21-62	4226-4229	the	_	_	_	
21-63	4230-4235	yeere	_	_	_	
21-64	4236-4238	of	_	_	_	
21-65	4239-4242	our	_	_	_	
21-66	4243-4250	blessed	_	_	_	
21-67	4251-4255	Lord	_	_	_	
21-68	4256-4260	1523	_	_	_	
21-69	4260-4261	.	_	_	_	
21-70	4262-4270	anchored	_	_	_	
21-71	4271-4275	here	_	_	_	
21-72	4275-4276	.	_	_	_	

#Text=It groanes at this day, (for the most part) under Spanish bondage; who in any place where gold or other treasure is to bee had, cease not till they can master it; vaewing neither soule nor body of any Inhabitant, (save for their lust) with the least weight of that too much soule-confounding creature.
22-1	4277-4279	It	_	_	_	
22-2	4280-4287	groanes	_	_	_	
22-3	4288-4290	at	_	_	_	
22-4	4291-4295	this	_	_	_	
22-5	4296-4299	day	_	_	_	
22-6	4299-4300	,	_	_	_	
22-7	4301-4302	(	_	_	_	
22-8	4302-4305	for	_	_	_	
22-9	4306-4309	the	_	_	_	
22-10	4310-4314	most	_	_	_	
22-11	4315-4319	part	_	_	_	
22-12	4319-4320	)	_	_	_	
22-13	4321-4326	under	_	_	_	
22-14	4327-4334	Spanish	_	_	_	
22-15	4335-4342	bondage	_	_	_	
22-16	4342-4343	;	_	_	_	
22-17	4344-4347	who	_	_	_	
22-18	4348-4350	in	_	_	_	
22-19	4351-4354	any	_	_	_	
22-20	4355-4360	place	_	_	_	
22-21	4361-4366	where	_	_	_	
22-22	4367-4371	gold	_	_	_	
22-23	4372-4374	or	_	_	_	
22-24	4375-4380	other	_	_	_	
22-25	4381-4389	treasure	_	_	_	
22-26	4390-4392	is	_	_	_	
22-27	4393-4395	to	_	_	_	
22-28	4396-4399	bee	_	_	_	
22-29	4400-4403	had	_	_	_	
22-30	4403-4404	,	_	_	_	
22-31	4405-4410	cease	_	_	_	
22-32	4411-4414	not	_	_	_	
22-33	4415-4419	till	_	_	_	
22-34	4420-4424	they	_	_	_	
22-35	4425-4428	can	_	_	_	
22-36	4429-4435	master	_	_	_	
22-37	4436-4438	it	_	_	_	
22-38	4438-4439	;	_	_	_	
22-39	4440-4447	vaewing	_	_	_	
22-40	4448-4455	neither	_	_	_	
22-41	4456-4461	soule	_	_	_	
22-42	4462-4465	nor	_	_	_	
22-43	4466-4470	body	_	_	_	
22-44	4471-4473	of	_	_	_	
22-45	4474-4477	any	_	_	_	
22-46	4478-4488	Inhabitant	_	_	_	
22-47	4488-4489	,	_	_	_	
22-48	4490-4491	(	_	_	_	
22-49	4491-4495	save	_	_	_	
22-50	4496-4499	for	_	_	_	
22-51	4500-4505	their	_	_	_	
22-52	4506-4510	lust	_	_	_	
22-53	4510-4511	)	_	_	_	
22-54	4512-4516	with	_	_	_	
22-55	4517-4520	the	_	_	_	
22-56	4521-4526	least	_	_	_	
22-57	4527-4533	weight	_	_	_	
22-58	4534-4536	of	_	_	_	
22-59	4537-4541	that	_	_	_	
22-60	4542-4545	too	_	_	_	
22-61	4546-4550	much	_	_	_	
22-62	4551-4568	soule-confounding	_	_	_	
22-63	4569-4577	creature	_	_	_	
22-64	4577-4578	.	_	_	_	

#Text=But let us consider!
23-1	4579-4582	But	_	_	_	
23-2	4583-4586	let	_	_	_	
23-3	4587-4589	us	_	_	_	
23-4	4590-4598	consider	_	_	_	
23-5	4598-4599	!	_	_	_	

#Text=Nulla Coelum reparabile gaza.
24-1	4600-4605	Nulla	_	_	_	
24-2	4606-4612	Coelum	_	_	_	
24-3	4613-4623	reparabile	_	_	_	
24-4	4624-4628	gaza	_	_	_	
24-5	4628-4629	.	_	_	_	

#Text=It has many Villages and people; but the one are poore in their maeriall; the other more wretched in their infernall Religion, and late taught Idolatry: both, no way valewable; did not those mynes of Gold and Dyamonds, and some other merchandises; as, Bezarrs, Musk, Amer, Lignum Aloes, Sanguis Draconûm, Wax, Rice, and Rattans or Canes make her most magneticall.
25-1	4631-4633	It	_	_	_	
25-2	4634-4637	has	_	_	_	
25-3	4638-4642	many	_	_	_	
25-4	4643-4651	Villages	_	_	_	
25-5	4652-4655	and	_	_	_	
25-6	4656-4662	people	_	_	_	
25-7	4662-4663	;	_	_	_	
25-8	4664-4667	but	_	_	_	
25-9	4668-4671	the	_	_	_	
25-10	4672-4675	one	_	_	_	
25-11	4676-4679	are	_	_	_	
25-12	4680-4685	poore	_	_	_	
25-13	4686-4688	in	_	_	_	
25-14	4689-4694	their	_	_	_	
25-15	4695-4703	maeriall	_	_	_	
25-16	4703-4704	;	_	_	_	
25-17	4705-4708	the	_	_	_	
25-18	4709-4714	other	_	_	_	
25-19	4715-4719	more	_	_	_	
25-20	4720-4728	wretched	_	_	_	
25-21	4729-4731	in	_	_	_	
25-22	4732-4737	their	_	_	_	
25-23	4738-4747	infernall	_	_	_	
25-24	4748-4756	Religion	_	_	_	
25-25	4756-4757	,	_	_	_	
25-26	4758-4761	and	_	_	_	
25-27	4762-4766	late	_	_	_	
25-28	4767-4773	taught	_	_	_	
25-29	4774-4782	Idolatry	_	_	_	
25-30	4782-4783	:	_	_	_	
25-31	4784-4788	both	_	_	_	
25-32	4788-4789	,	_	_	_	
25-33	4790-4792	no	_	_	_	
25-34	4793-4796	way	_	_	_	
25-35	4797-4806	valewable	_	_	_	
25-36	4806-4807	;	_	_	_	
25-37	4808-4811	did	_	_	_	
25-38	4812-4815	not	_	_	_	
25-39	4816-4821	those	_	_	_	
25-40	4822-4827	mynes	_	_	_	
25-41	4828-4830	of	_	_	_	
25-42	4831-4835	Gold	_	_	_	
25-43	4836-4839	and	_	_	_	
25-44	4840-4848	Dyamonds	_	_	_	
25-45	4848-4849	,	_	_	_	
25-46	4850-4853	and	_	_	_	
25-47	4854-4858	some	_	_	_	
25-48	4859-4864	other	_	_	_	
25-49	4865-4877	merchandises	_	_	_	
25-50	4877-4878	;	_	_	_	
25-51	4879-4881	as	_	_	_	
25-52	4881-4882	,	_	_	_	
25-53	4883-4890	Bezarrs	_	_	_	
25-54	4890-4891	,	_	_	_	
25-55	4892-4896	Musk	_	_	_	
25-56	4896-4897	,	_	_	_	
25-57	4898-4902	Amer	_	_	_	
25-58	4902-4903	,	_	_	_	
25-59	4904-4910	Lignum	_	_	_	
25-60	4911-4916	Aloes	_	_	_	
25-61	4916-4917	,	_	_	_	
25-62	4918-4925	Sanguis	_	_	_	
25-63	4926-4934	Draconûm	_	_	_	
25-64	4934-4935	,	_	_	_	
25-65	4936-4939	Wax	_	_	_	
25-66	4939-4940	,	_	_	_	
25-67	4941-4945	Rice	_	_	_	
25-68	4945-4946	,	_	_	_	
25-69	4947-4950	and	_	_	_	
25-70	4951-4958	Rattans	_	_	_	
25-71	4959-4961	or	_	_	_	
25-72	4962-4967	Canes	_	_	_	
25-73	4968-4972	make	_	_	_	
25-74	4973-4976	her	_	_	_	
25-75	4977-4981	most	_	_	_	
25-76	4982-4993	magneticall	_	_	_	
25-77	4993-4994	.	_	_	_	

#Text=Her marittim Townes and Ports exceed not for number, but Peu & bon.
26-1	4995-4998	Her	_	_	_	
26-2	4999-5007	marittim	_	_	_	
26-3	5008-5014	Townes	_	_	_	
26-4	5015-5018	and	_	_	_	
26-5	5019-5024	Ports	_	_	_	
26-6	5025-5031	exceed	_	_	_	
26-7	5032-5035	not	_	_	_	
26-8	5036-5039	for	_	_	_	
26-9	5040-5046	number	_	_	_	
26-10	5046-5047	,	_	_	_	
26-11	5048-5051	but	_	_	_	
26-12	5052-5055	Peu	_	_	_	
26-13	5056-5057	&	_	_	_	
26-14	5058-5061	bon	_	_	_	
26-15	5061-5062	.	_	_	_	

#Text=Socodania, (in 1 deg. 35 minutes South, from Bantam N.
27-1	5063-5072	Socodania	_	_	_	
27-2	5072-5073	,	_	_	_	
27-3	5074-5075	(	_	_	_	
27-4	5075-5077	in	_	_	_	
27-5	5078-5079	1	_	_	_	
27-6	5080-5083	deg	_	_	_	
27-7	5083-5084	.	_	_	_	
27-8	5085-5087	35	_	_	_	
27-9	5088-5095	minutes	_	_	_	
27-10	5096-5101	South	_	_	_	
27-11	5101-5102	,	_	_	_	
27-12	5103-5107	from	_	_	_	
27-13	5108-5114	Bantam	_	_	_	
27-14	5115-5116	N	_	_	_	
27-15	5116-5117	.	_	_	_	

#Text=E. 160 leagues) and Bemermassin; Little, but good, if such thou interpret.
28-1	5118-5119	E	_	_	_	
28-2	5119-5120	.	_	_	_	
28-3	5121-5124	160	_	_	_	
28-4	5125-5132	leagues	_	_	_	
28-5	5132-5133	)	_	_	_	
28-6	5134-5137	and	_	_	_	
28-7	5138-5149	Bemermassin	_	_	_	
28-8	5149-5150	;	_	_	_	
28-9	5151-5157	Little	_	_	_	
28-10	5157-5158	,	_	_	_	
28-11	5159-5162	but	_	_	_	
28-12	5163-5167	good	_	_	_	
28-13	5167-5168	,	_	_	_	
28-14	5169-5171	if	_	_	_	
28-15	5172-5176	such	_	_	_	
28-16	5177-5181	thou	_	_	_	
28-17	5182-5191	interpret	_	_	_	
28-18	5191-5192	.	_	_	_	

#Text=Safety and Satiety.
29-1	5193-5199	Safety	_	_	_	
29-2	5200-5203	and	_	_	_	
29-3	5204-5211	Satiety	_	_	_	
29-4	5211-5212	.	_	_	_	

#Text=We are landed in so good a place, that wee will rest our wearied feet awhile, and entertaine your curiosity with a few viands; friends (though simple food) to infeobled Nature.
30-1	5214-5216	We	_	_	_	
30-2	5217-5220	are	_	_	_	
30-3	5221-5227	landed	_	_	_	
30-4	5228-5230	in	_	_	_	
30-5	5231-5233	so	_	_	_	
30-6	5234-5238	good	_	_	_	
30-7	5239-5240	a	_	_	_	
30-8	5241-5246	place	_	_	_	
30-9	5246-5247	,	_	_	_	
30-10	5248-5252	that	_	_	_	
30-11	5253-5256	wee	_	_	_	
30-12	5257-5261	will	_	_	_	
30-13	5262-5266	rest	_	_	_	
30-14	5267-5270	our	_	_	_	
30-15	5271-5278	wearied	_	_	_	
30-16	5279-5283	feet	_	_	_	
30-17	5284-5290	awhile	_	_	_	
30-18	5290-5291	,	_	_	_	
30-19	5292-5295	and	_	_	_	
30-20	5296-5306	entertaine	_	_	_	
30-21	5307-5311	your	_	_	_	
30-22	5312-5321	curiosity	_	_	_	
30-23	5322-5326	with	_	_	_	
30-24	5327-5328	a	_	_	_	
30-25	5329-5332	few	_	_	_	
30-26	5333-5339	viands	_	_	_	
30-27	5339-5340	;	_	_	_	
30-28	5341-5348	friends	_	_	_	
30-29	5349-5350	(	_	_	_	
30-30	5350-5356	though	_	_	_	
30-31	5357-5363	simple	_	_	_	
30-32	5364-5368	food	_	_	_	
30-33	5368-5369	)	_	_	_	
30-34	5370-5372	to	_	_	_	
30-35	5373-5382	infeobled	_	_	_	
30-36	5383-5389	Nature	_	_	_	
30-37	5389-5390	.	_	_	_	

#Text=Bezar, Lignum Aloes, Musk, Civit, Benjamin, and Amber.
31-1	5391-5396	Bezar	_	_	_	
31-2	5396-5397	,	_	_	_	
31-3	5398-5404	Lignum	_	_	_	
31-4	5405-5410	Aloes	_	_	_	
31-5	5410-5411	,	_	_	_	
31-6	5412-5416	Musk	_	_	_	
31-7	5416-5417	,	_	_	_	
31-8	5418-5423	Civit	_	_	_	
31-9	5423-5424	,	_	_	_	
31-10	5425-5433	Benjamin	_	_	_	
31-11	5433-5434	,	_	_	_	
31-12	5435-5438	and	_	_	_	
31-13	5439-5444	Amber	_	_	_	
31-14	5444-5445	.	_	_	_	

#Text=Bezar, or (as the Persians call it) Pezar, is of two sorts; generated in Persia and both the Indyes: the American is worse than be these of Asia and the Orient.
32-1	5447-5452	Bezar	_	_	_	
32-2	5452-5453	,	_	_	_	
32-3	5454-5456	or	_	_	_	
32-4	5457-5458	(	_	_	_	
32-5	5458-5460	as	_	_	_	
32-6	5461-5464	the	_	_	_	
32-7	5465-5473	Persians	_	_	_	
32-8	5474-5478	call	_	_	_	
32-9	5479-5481	it	_	_	_	
32-10	5481-5482	)	_	_	_	
32-11	5483-5488	Pezar	_	_	_	
32-12	5488-5489	,	_	_	_	
32-13	5490-5492	is	_	_	_	
32-14	5493-5495	of	_	_	_	
32-15	5496-5499	two	_	_	_	
32-16	5500-5505	sorts	_	_	_	
32-17	5505-5506	;	_	_	_	
32-18	5507-5516	generated	_	_	_	
32-19	5517-5519	in	_	_	_	
32-20	5520-5526	Persia	_	_	_	
32-21	5527-5530	and	_	_	_	
32-22	5531-5535	both	_	_	_	
32-23	5536-5539	the	_	_	_	
32-24	5540-5546	Indyes	_	_	_	
32-25	5546-5547	:	_	_	_	
32-26	5548-5551	the	_	_	_	
32-27	5552-5560	American	_	_	_	
32-28	5561-5563	is	_	_	_	
32-29	5564-5569	worse	_	_	_	
32-30	5570-5574	than	_	_	_	
32-31	5575-5577	be	_	_	_	
32-32	5578-5583	these	_	_	_	
32-33	5584-5586	of	_	_	_	
32-34	5587-5591	Asia	_	_	_	
32-35	5592-5595	and	_	_	_	
32-36	5596-5599	the	_	_	_	
32-37	5600-5606	Orient	_	_	_	
32-38	5606-5607	.	_	_	_	

#Text=The shape also is various; some resembling a plum, some
#Text=
#Text=
#Text=a Date-stone, others like Egges of Doves, some like Cheznuts, and Goats kidnies; all agree in this, they are blunt ended: they are no lesse incontant and divers in colour; some being red, pale-greene some, other-some of a dark yellow, and some sky-coloured: the last are best, these consistng of many skales (like Unions and Onions) circumvolving one the other, and in which.
33-1	5608-5611	The	_	_	_	
33-2	5612-5617	shape	_	_	_	
33-3	5618-5622	also	_	_	_	
33-4	5623-5625	is	_	_	_	
33-5	5626-5633	various	_	_	_	
33-6	5633-5634	;	_	_	_	
33-7	5635-5639	some	_	_	_	
33-8	5640-5650	resembling	_	_	_	
33-9	5651-5652	a	_	_	_	
33-10	5653-5657	plum	_	_	_	
33-11	5657-5658	,	_	_	_	
33-12	5659-5663	some	_	_	_	
33-13	5666-5667	a	_	_	_	
33-14	5668-5678	Date-stone	_	_	_	
33-15	5678-5679	,	_	_	_	
33-16	5680-5686	others	_	_	_	
33-17	5687-5691	like	_	_	_	
33-18	5692-5697	Egges	_	_	_	
33-19	5698-5700	of	_	_	_	
33-20	5701-5706	Doves	_	_	_	
33-21	5706-5707	,	_	_	_	
33-22	5708-5712	some	_	_	_	
33-23	5713-5717	like	_	_	_	
33-24	5718-5726	Cheznuts	_	_	_	
33-25	5726-5727	,	_	_	_	
33-26	5728-5731	and	_	_	_	
33-27	5732-5737	Goats	_	_	_	
33-28	5738-5745	kidnies	_	_	_	
33-29	5745-5746	;	_	_	_	
33-30	5747-5750	all	_	_	_	
33-31	5751-5756	agree	_	_	_	
33-32	5757-5759	in	_	_	_	
33-33	5760-5764	this	_	_	_	
33-34	5764-5765	,	_	_	_	
33-35	5766-5770	they	_	_	_	
33-36	5771-5774	are	_	_	_	
33-37	5775-5780	blunt	_	_	_	
33-38	5781-5786	ended	_	_	_	
33-39	5786-5787	:	_	_	_	
33-40	5788-5792	they	_	_	_	
33-41	5793-5796	are	_	_	_	
33-42	5797-5799	no	_	_	_	
33-43	5800-5805	lesse	_	_	_	
33-44	5806-5815	incontant	_	_	_	
33-45	5816-5819	and	_	_	_	
33-46	5820-5826	divers	_	_	_	
33-47	5827-5829	in	_	_	_	
33-48	5830-5836	colour	_	_	_	
33-49	5836-5837	;	_	_	_	
33-50	5838-5842	some	_	_	_	
33-51	5843-5848	being	_	_	_	
33-52	5849-5852	red	_	_	_	
33-53	5852-5853	,	_	_	_	
33-54	5854-5865	pale-greene	_	_	_	
33-55	5866-5870	some	_	_	_	
33-56	5870-5871	,	_	_	_	
33-57	5872-5882	other-some	_	_	_	
33-58	5883-5885	of	_	_	_	
33-59	5886-5887	a	_	_	_	
33-60	5888-5892	dark	_	_	_	
33-61	5893-5899	yellow	_	_	_	
33-62	5899-5900	,	_	_	_	
33-63	5901-5904	and	_	_	_	
33-64	5905-5909	some	_	_	_	
33-65	5910-5922	sky-coloured	_	_	_	
33-66	5922-5923	:	_	_	_	
33-67	5924-5927	the	_	_	_	
33-68	5928-5932	last	_	_	_	
33-69	5933-5936	are	_	_	_	
33-70	5937-5941	best	_	_	_	
33-71	5941-5942	,	_	_	_	
33-72	5943-5948	these	_	_	_	
33-73	5949-5958	consistng	_	_	_	
33-74	5959-5961	of	_	_	_	
33-75	5962-5966	many	_	_	_	
33-76	5967-5973	skales	_	_	_	
33-77	5974-5975	(	_	_	_	
33-78	5975-5979	like	_	_	_	
33-79	5980-5986	Unions	_	_	_	
33-80	5987-5990	and	_	_	_	
33-81	5991-5997	Onions	_	_	_	
33-82	5997-5998	)	_	_	_	
33-83	5999-6012	circumvolving	_	_	_	
33-84	6013-6016	one	_	_	_	
33-85	6017-6020	the	_	_	_	
33-86	6021-6026	other	_	_	_	
33-87	6026-6027	,	_	_	_	
33-88	6028-6031	and	_	_	_	
33-89	6032-6034	in	_	_	_	
33-90	6035-6040	which	_	_	_	
33-91	6040-6041	.	_	_	_	

#Text=Nature has exprest farre more excellency, than Arts best inenuity or perfection: for, each inferior skale (not unlike the glorious Orbes inverted) yeelds fresher beauty, and more celestiall splendor than the former: each skale diminishing & being of more vertue, as the Bezar is in tenuity or crassitude.
34-1	6042-6048	Nature	_	_	_	
34-2	6049-6052	has	_	_	_	
34-3	6053-6060	exprest	_	_	_	
34-4	6061-6066	farre	_	_	_	
34-5	6067-6071	more	_	_	_	
34-6	6072-6082	excellency	_	_	_	
34-7	6082-6083	,	_	_	_	
34-8	6084-6088	than	_	_	_	
34-9	6089-6093	Arts	_	_	_	
34-10	6094-6098	best	_	_	_	
34-11	6099-6107	inenuity	_	_	_	
34-12	6108-6110	or	_	_	_	
34-13	6111-6121	perfection	_	_	_	
34-14	6121-6122	:	_	_	_	
34-15	6123-6126	for	_	_	_	
34-16	6126-6127	,	_	_	_	
34-17	6128-6132	each	_	_	_	
34-18	6133-6141	inferior	_	_	_	
34-19	6142-6147	skale	_	_	_	
34-20	6148-6149	(	_	_	_	
34-21	6149-6152	not	_	_	_	
34-22	6153-6159	unlike	_	_	_	
34-23	6160-6163	the	_	_	_	
34-24	6164-6172	glorious	_	_	_	
34-25	6173-6178	Orbes	_	_	_	
34-26	6179-6187	inverted	_	_	_	
34-27	6187-6188	)	_	_	_	
34-28	6189-6195	yeelds	_	_	_	
34-29	6196-6203	fresher	_	_	_	
34-30	6204-6210	beauty	_	_	_	
34-31	6210-6211	,	_	_	_	
34-32	6212-6215	and	_	_	_	
34-33	6216-6220	more	_	_	_	
34-34	6221-6231	celestiall	_	_	_	
34-35	6232-6240	splendor	_	_	_	
34-36	6241-6245	than	_	_	_	
34-37	6246-6249	the	_	_	_	
34-38	6250-6256	former	_	_	_	
34-39	6256-6257	:	_	_	_	
34-40	6258-6262	each	_	_	_	
34-41	6263-6268	skale	_	_	_	
34-42	6269-6280	diminishing	_	_	_	
34-43	6281-6282	&	_	_	_	
34-44	6283-6288	being	_	_	_	
34-45	6289-6291	of	_	_	_	
34-46	6292-6296	more	_	_	_	
34-47	6297-6303	vertue	_	_	_	
34-48	6303-6304	,	_	_	_	
34-49	6305-6307	as	_	_	_	
34-50	6308-6311	the	_	_	_	
34-51	6312-6317	Bezar	_	_	_	
34-52	6318-6320	is	_	_	_	
34-53	6321-6323	in	_	_	_	
34-54	6324-6331	tenuity	_	_	_	
34-55	6332-6334	or	_	_	_	
34-56	6335-6345	crassitude	_	_	_	
34-57	6345-6346	.	_	_	_	

#Text=Many are counterfeit.
35-1	6347-6351	Many	_	_	_	
35-2	6352-6355	are	_	_	_	
35-3	6356-6367	counterfeit	_	_	_	
35-4	6367-6368	.	_	_	_	

#Text=They try them thus, either by pearcing them with hot bodkins; or after they have wayd them, to steep them in cold water foure houres; and if it crack not, tis not feyned: to know it good, they then, wipe it, and ballance it againe; observing, if it weigh never so little above the first weight,  ' tis base and despicable.
36-1	6369-6373	They	_	_	_	
36-2	6374-6377	try	_	_	_	
36-3	6378-6382	them	_	_	_	
36-4	6383-6387	thus	_	_	_	
36-5	6387-6388	,	_	_	_	
36-6	6389-6395	either	_	_	_	
36-7	6396-6398	by	_	_	_	
36-8	6399-6407	pearcing	_	_	_	
36-9	6408-6412	them	_	_	_	
36-10	6413-6417	with	_	_	_	
36-11	6418-6421	hot	_	_	_	
36-12	6422-6429	bodkins	_	_	_	
36-13	6429-6430	;	_	_	_	
36-14	6431-6433	or	_	_	_	
36-15	6434-6439	after	_	_	_	
36-16	6440-6444	they	_	_	_	
36-17	6445-6449	have	_	_	_	
36-18	6450-6454	wayd	_	_	_	
36-19	6455-6459	them	_	_	_	
36-20	6459-6460	,	_	_	_	
36-21	6461-6463	to	_	_	_	
36-22	6464-6469	steep	_	_	_	
36-23	6470-6474	them	_	_	_	
36-24	6475-6477	in	_	_	_	
36-25	6478-6482	cold	_	_	_	
36-26	6483-6488	water	_	_	_	
36-27	6489-6494	foure	_	_	_	
36-28	6495-6501	houres	_	_	_	
36-29	6501-6502	;	_	_	_	
36-30	6503-6506	and	_	_	_	
36-31	6507-6509	if	_	_	_	
36-32	6510-6512	it	_	_	_	
36-33	6513-6518	crack	_	_	_	
36-34	6519-6522	not	_	_	_	
36-35	6522-6523	,	_	_	_	
36-36	6524-6527	tis	_	_	_	
36-37	6528-6531	not	_	_	_	
36-38	6532-6538	feyned	_	_	_	
36-39	6538-6539	:	_	_	_	
36-40	6540-6542	to	_	_	_	
36-41	6543-6547	know	_	_	_	
36-42	6548-6550	it	_	_	_	
36-43	6551-6555	good	_	_	_	
36-44	6555-6556	,	_	_	_	
36-45	6557-6561	they	_	_	_	
36-46	6562-6566	then	_	_	_	
36-47	6566-6567	,	_	_	_	
36-48	6568-6572	wipe	_	_	_	
36-49	6573-6575	it	_	_	_	
36-50	6575-6576	,	_	_	_	
36-51	6577-6580	and	_	_	_	
36-52	6581-6589	ballance	_	_	_	
36-53	6590-6592	it	_	_	_	
36-54	6593-6599	againe	_	_	_	
36-55	6599-6600	;	_	_	_	
36-56	6601-6610	observing	_	_	_	
36-57	6610-6611	,	_	_	_	
36-58	6612-6614	if	_	_	_	
36-59	6615-6617	it	_	_	_	
36-60	6618-6623	weigh	_	_	_	
36-61	6624-6629	never	_	_	_	
36-62	6630-6632	so	_	_	_	
36-63	6633-6639	little	_	_	_	
36-64	6640-6645	above	_	_	_	
36-65	6646-6649	the	_	_	_	
36-66	6650-6655	first	_	_	_	
36-67	6656-6662	weight	_	_	_	
36-68	6662-6663	,	_	_	_	
36-69	6665-6666	'	_	_	_	
36-70	6667-6670	tis	_	_	_	
36-71	6671-6675	base	_	_	_	
36-72	6676-6679	and	_	_	_	
36-73	6680-6690	despicable	_	_	_	
36-74	6690-6691	.	_	_	_	

#Text=Note also, that Borneo Bezars are not halfe so valewable as Persia ' s.
37-1	6692-6696	Note	_	_	_	
37-2	6697-6701	also	_	_	_	
37-3	6701-6702	,	_	_	_	
37-4	6703-6707	that	_	_	_	
37-5	6708-6714	Borneo	_	_	_	
37-6	6715-6721	Bezars	_	_	_	
37-7	6722-6725	are	_	_	_	
37-8	6726-6729	not	_	_	_	
37-9	6730-6735	halfe	_	_	_	
37-10	6736-6738	so	_	_	_	
37-11	6739-6748	valewable	_	_	_	
37-12	6749-6751	as	_	_	_	
37-13	6752-6758	Persia	_	_	_	
37-14	6759-6760	'	_	_	_	
37-15	6761-6762	s	_	_	_	
37-16	6762-6763	.	_	_	_	

#Text=Lignum Aloes, from diversity of Countries, varie in their Nomenclatins.
38-1	6765-6771	Lignum	_	_	_	
38-2	6772-6777	Aloes	_	_	_	
38-3	6777-6778	,	_	_	_	
38-4	6779-6783	from	_	_	_	
38-5	6784-6793	diversity	_	_	_	
38-6	6794-6796	of	_	_	_	
38-7	6797-6806	Countries	_	_	_	
38-8	6806-6807	,	_	_	_	
38-9	6808-6813	varie	_	_	_	
38-10	6814-6816	in	_	_	_	
38-11	6817-6822	their	_	_	_	
38-12	6823-6835	Nomenclatins	_	_	_	
38-13	6835-6836	.	_	_	_	

#Text=The Javans and Malayans name it, Garroo: Indians and Portuguizes, D '  Aquillha, the Chinae, and Cochinchinae, Calamba: fram ' d of large round sticks, of a cloody graine, commixt with ashy veines; no lesse pleasant to the eye, than to the hand ponderous: the relish or taste proves bitter, in its language telling you, It would be burned; for, hot coales of Fyre no sooner touch it, but it incendiates, and (to the honour of its owne Funeall solemnity) expires and breaths out an odor so aromatick and comforble, that no other is used by the Indians, Malayans, Siamites, Peguans; Cambogians, and Borneans, when they incinerate the Carcasses of their most honoured Parents.
39-1	6837-6840	The	_	_	_	
39-2	6841-6847	Javans	_	_	_	
39-3	6848-6851	and	_	_	_	
39-4	6852-6860	Malayans	_	_	_	
39-5	6861-6865	name	_	_	_	
39-6	6866-6868	it	_	_	_	
39-7	6868-6869	,	_	_	_	
39-8	6870-6876	Garroo	Smell\_Source	_	_	
39-9	6876-6877	:	_	_	_	
39-10	6878-6885	Indians	_	_	_	
39-11	6886-6889	and	_	_	_	
39-12	6890-6901	Portuguizes	_	_	_	
39-13	6901-6902	,	_	_	_	
39-14	6903-6904	D	_	_	_	
39-15	6905-6906	'	_	_	_	
39-16	6908-6916	Aquillha	_	_	_	
39-17	6916-6917	,	_	_	_	
39-18	6918-6921	the	_	_	_	
39-19	6922-6928	Chinae	_	_	_	
39-20	6928-6929	,	_	_	_	
39-21	6930-6933	and	_	_	_	
39-22	6934-6946	Cochinchinae	_	_	_	
39-23	6946-6947	,	_	_	_	
39-24	6948-6955	Calamba	_	_	_	
39-25	6955-6956	:	_	_	_	
39-26	6957-6961	fram	_	_	_	
39-27	6962-6963	'	_	_	_	
39-28	6964-6965	d	_	_	_	
39-29	6966-6968	of	_	_	_	
39-30	6969-6974	large	_	_	_	
39-31	6975-6980	round	_	_	_	
39-32	6981-6987	sticks	_	_	_	
39-33	6987-6988	,	_	_	_	
39-34	6989-6991	of	_	_	_	
39-35	6992-6993	a	_	_	_	
39-36	6994-7000	cloody	_	_	_	
39-37	7001-7007	graine	_	_	_	
39-38	7007-7008	,	_	_	_	
39-39	7009-7016	commixt	_	_	_	
39-40	7017-7021	with	_	_	_	
39-41	7022-7026	ashy	_	_	_	
39-42	7027-7033	veines	_	_	_	
39-43	7033-7034	;	_	_	_	
39-44	7035-7037	no	_	_	_	
39-45	7038-7043	lesse	_	_	_	
39-46	7044-7052	pleasant	_	_	_	
39-47	7053-7055	to	_	_	_	
39-48	7056-7059	the	_	_	_	
39-49	7060-7063	eye	_	_	_	
39-50	7063-7064	,	_	_	_	
39-51	7065-7069	than	_	_	_	
39-52	7070-7072	to	_	_	_	
39-53	7073-7076	the	_	_	_	
39-54	7077-7081	hand	_	_	_	
39-55	7082-7091	ponderous	_	_	_	
39-56	7091-7092	:	_	_	_	
39-57	7093-7096	the	_	_	_	
39-58	7097-7103	relish	_	_	_	
39-59	7104-7106	or	_	_	_	
39-60	7107-7112	taste	_	_	_	
39-61	7113-7119	proves	_	_	_	
39-62	7120-7126	bitter	_	_	_	
39-63	7126-7127	,	_	_	_	
39-64	7128-7130	in	_	_	_	
39-65	7131-7134	its	_	_	_	
39-66	7135-7143	language	_	_	_	
39-67	7144-7151	telling	_	_	_	
39-68	7152-7155	you	_	_	_	
39-69	7155-7156	,	_	_	_	
39-70	7157-7159	It	_	_	_	
39-71	7160-7165	would	_	_	_	
39-72	7166-7168	be	_	_	_	
39-73	7169-7175	burned	_	_	_	
39-74	7175-7176	;	_	_	_	
39-75	7177-7180	for	_	_	_	
39-76	7180-7181	,	_	_	_	
39-77	7182-7185	hot	_	_	_	
39-78	7186-7192	coales	_	_	_	
39-79	7193-7195	of	_	_	_	
39-80	7196-7200	Fyre	_	_	_	
39-81	7201-7203	no	_	_	_	
39-82	7204-7210	sooner	_	_	_	
39-83	7211-7216	touch	_	_	_	
39-84	7217-7219	it	_	_	_	
39-85	7219-7220	,	_	_	_	
39-86	7221-7224	but	_	_	_	
39-87	7225-7227	it	Smell\_Source	Anaphoric	39-8	
39-88	7228-7239	incendiates	_	_	_	
39-89	7239-7240	,	_	_	_	
39-90	7241-7244	and	_	_	_	
39-91	7245-7246	(	_	_	_	
39-92	7246-7248	to	_	_	_	
39-93	7249-7252	the	_	_	_	
39-94	7253-7259	honour	_	_	_	
39-95	7260-7262	of	_	_	_	
39-96	7263-7266	its	_	_	_	
39-97	7267-7271	owne	_	_	_	
39-98	7272-7279	Funeall	_	_	_	
39-99	7280-7289	solemnity	_	_	_	
39-100	7289-7290	)	_	_	_	
39-101	7291-7298	expires	_	_	_	
39-102	7299-7302	and	_	_	_	
39-103	7303-7310	breaths	_	_	_	
39-104	7311-7314	out	_	_	_	
39-105	7315-7317	an	_	_	_	
39-106	7318-7322	odor	Smell\_Word	*|*|*	39-107[6_0]|39-110|39-87	
39-107	7323-7325	so	Quality[6]	_	_	
39-108	7326-7335	aromatick	Quality[6]	_	_	
39-109	7336-7339	and	_	_	_	
39-110	7340-7349	comforble	Quality	_	_	
39-111	7349-7350	,	_	_	_	
39-112	7351-7355	that	_	_	_	
39-113	7356-7358	no	_	_	_	
39-114	7359-7364	other	_	_	_	
39-115	7365-7367	is	_	_	_	
39-116	7368-7372	used	_	_	_	
39-117	7373-7375	by	_	_	_	
39-118	7376-7379	the	_	_	_	
39-119	7380-7387	Indians	_	_	_	
39-120	7387-7388	,	_	_	_	
39-121	7389-7397	Malayans	_	_	_	
39-122	7397-7398	,	_	_	_	
39-123	7399-7407	Siamites	_	_	_	
39-124	7407-7408	,	_	_	_	
39-125	7409-7416	Peguans	_	_	_	
39-126	7416-7417	;	_	_	_	
39-127	7418-7428	Cambogians	_	_	_	
39-128	7428-7429	,	_	_	_	
39-129	7430-7433	and	_	_	_	
39-130	7434-7442	Borneans	_	_	_	
39-131	7442-7443	,	_	_	_	
39-132	7444-7448	when	_	_	_	
39-133	7449-7453	they	_	_	_	
39-134	7454-7464	incinerate	_	_	_	
39-135	7465-7468	the	_	_	_	
39-136	7469-7478	Carcasses	_	_	_	
39-137	7479-7481	of	_	_	_	
39-138	7482-7487	their	_	_	_	
39-139	7488-7492	most	_	_	_	
39-140	7493-7501	honoured	_	_	_	
39-141	7502-7509	Parents	_	_	_	
39-142	7509-7510	.	_	_	_	

#Text=Musk, is either yellow, browne, or black: the first is best, last is basest: the choysest yellow shews a deep Amber complection (not unlike Spikeard) cloathed with a reasonable moist skin, sweating out some bristly hayres, without stones, lead, or like adulterate mixtures; of so strong a smell as seemes offensive; but tasted, penetrates a strong braine by its fraor: sweet spices dead it; and put in the mouth, if it suddenly dissolve, or in the hand if it be long a melting; those trialls discover it for bad and imperfect.
40-1	7512-7516	Musk	Smell\_Source	_	_	
40-2	7516-7517	,	_	_	_	
40-3	7518-7520	is	_	_	_	
40-4	7521-7527	either	_	_	_	
40-5	7528-7534	yellow	_	_	_	
40-6	7534-7535	,	_	_	_	
40-7	7536-7542	browne	_	_	_	
40-8	7542-7543	,	_	_	_	
40-9	7544-7546	or	_	_	_	
40-10	7547-7552	black	_	_	_	
40-11	7552-7553	:	_	_	_	
40-12	7554-7557	the	_	_	_	
40-13	7558-7563	first	_	_	_	
40-14	7564-7566	is	_	_	_	
40-15	7567-7571	best	_	_	_	
40-16	7571-7572	,	_	_	_	
40-17	7573-7577	last	_	_	_	
40-18	7578-7580	is	_	_	_	
40-19	7581-7587	basest	_	_	_	
40-20	7587-7588	:	_	_	_	
40-21	7589-7592	the	_	_	_	
40-22	7593-7601	choysest	_	_	_	
40-23	7602-7608	yellow	_	_	_	
40-24	7609-7614	shews	_	_	_	
40-25	7615-7616	a	_	_	_	
40-26	7617-7621	deep	_	_	_	
40-27	7622-7627	Amber	_	_	_	
40-28	7628-7639	complection	_	_	_	
40-29	7640-7641	(	_	_	_	
40-30	7641-7644	not	_	_	_	
40-31	7645-7651	unlike	_	_	_	
40-32	7652-7660	Spikeard	_	_	_	
40-33	7660-7661	)	_	_	_	
40-34	7662-7670	cloathed	_	_	_	
40-35	7671-7675	with	_	_	_	
40-36	7676-7677	a	_	_	_	
40-37	7678-7688	reasonable	_	_	_	
40-38	7689-7694	moist	_	_	_	
40-39	7695-7699	skin	_	_	_	
40-40	7699-7700	,	_	_	_	
40-41	7701-7709	sweating	_	_	_	
40-42	7710-7713	out	_	_	_	
40-43	7714-7718	some	_	_	_	
40-44	7719-7726	bristly	_	_	_	
40-45	7727-7733	hayres	_	_	_	
40-46	7733-7734	,	_	_	_	
40-47	7735-7742	without	_	_	_	
40-48	7743-7749	stones	_	_	_	
40-49	7749-7750	,	_	_	_	
40-50	7751-7755	lead	_	_	_	
40-51	7755-7756	,	_	_	_	
40-52	7757-7759	or	_	_	_	
40-53	7760-7764	like	_	_	_	
40-54	7765-7775	adulterate	_	_	_	
40-55	7776-7784	mixtures	_	_	_	
40-56	7784-7785	;	_	_	_	
40-57	7786-7788	of	_	_	_	
40-58	7789-7791	so	Quality[7]	_	_	
40-59	7792-7798	strong	Quality[7]	_	_	
40-60	7799-7800	a	_	_	_	
40-61	7801-7806	smell	Smell\_Word	*|*|*	40-58[7_0]|40-63[8_0]|40-1	
40-62	7807-7809	as	_	_	_	
40-63	7810-7816	seemes	Effect[8]	_	_	
40-64	7817-7826	offensive	Effect[8]	_	_	
40-65	7826-7827	;	_	_	_	
40-66	7828-7831	but	_	_	_	
40-67	7832-7838	tasted	_	_	_	
40-68	7838-7839	,	_	_	_	
40-69	7840-7850	penetrates	_	_	_	
40-70	7851-7852	a	_	_	_	
40-71	7853-7859	strong	_	_	_	
40-72	7860-7866	braine	_	_	_	
40-73	7867-7869	by	_	_	_	
40-74	7870-7873	its	_	_	_	
40-75	7874-7879	fraor	_	_	_	
40-76	7879-7880	:	_	_	_	
40-77	7881-7886	sweet	_	_	_	
40-78	7887-7893	spices	_	_	_	
40-79	7894-7898	dead	_	_	_	
40-80	7899-7901	it	_	_	_	
40-81	7901-7902	;	_	_	_	
40-82	7903-7906	and	_	_	_	
40-83	7907-7910	put	_	_	_	
40-84	7911-7913	in	_	_	_	
40-85	7914-7917	the	_	_	_	
40-86	7918-7923	mouth	_	_	_	
40-87	7923-7924	,	_	_	_	
40-88	7925-7927	if	_	_	_	
40-89	7928-7930	it	_	_	_	
40-90	7931-7939	suddenly	_	_	_	
40-91	7940-7948	dissolve	_	_	_	
40-92	7948-7949	,	_	_	_	
40-93	7950-7952	or	_	_	_	
40-94	7953-7955	in	_	_	_	
40-95	7956-7959	the	_	_	_	
40-96	7960-7964	hand	_	_	_	
40-97	7965-7967	if	_	_	_	
40-98	7968-7970	it	_	_	_	
40-99	7971-7973	be	_	_	_	
40-100	7974-7978	long	_	_	_	
40-101	7979-7980	a	_	_	_	
40-102	7981-7988	melting	_	_	_	
40-103	7988-7989	;	_	_	_	
40-104	7990-7995	those	_	_	_	
40-105	7996-8003	trialls	_	_	_	
40-106	8004-8012	discover	_	_	_	
40-107	8013-8015	it	_	_	_	
40-108	8016-8019	for	_	_	_	
40-109	8020-8023	bad	_	_	_	
40-110	8024-8027	and	_	_	_	
40-111	8028-8037	imperfect	_	_	_	
40-112	8037-8038	.	_	_	_	

#Text=Civit, is diversified in colour also: deep yellow (I have beene told) is best, the worst is white, gerasie and sophisticat: how beit, the new is pale, and soone after groweth yellowish.
41-1	8040-8045	Civit	_	_	_	
41-2	8045-8046	,	_	_	_	
41-3	8047-8049	is	_	_	_	
41-4	8050-8061	diversified	_	_	_	
41-5	8062-8064	in	_	_	_	
41-6	8065-8071	colour	_	_	_	
41-7	8072-8076	also	_	_	_	
41-8	8076-8077	:	_	_	_	
41-9	8078-8082	deep	_	_	_	
41-10	8083-8089	yellow	_	_	_	
41-11	8090-8091	(	_	_	_	
41-12	8091-8092	I	_	_	_	
41-13	8093-8097	have	_	_	_	
41-14	8098-8103	beene	_	_	_	
41-15	8104-8108	told	_	_	_	
41-16	8108-8109	)	_	_	_	
41-17	8110-8112	is	_	_	_	
41-18	8113-8117	best	_	_	_	
41-19	8117-8118	,	_	_	_	
41-20	8119-8122	the	_	_	_	
41-21	8123-8128	worst	_	_	_	
41-22	8129-8131	is	_	_	_	
41-23	8132-8137	white	_	_	_	
41-24	8137-8138	,	_	_	_	
41-25	8139-8146	gerasie	_	_	_	
41-26	8147-8150	and	_	_	_	
41-27	8151-8162	sophisticat	_	_	_	
41-28	8162-8163	:	_	_	_	
41-29	8164-8167	how	_	_	_	
41-30	8168-8172	beit	_	_	_	
41-31	8172-8173	,	_	_	_	
41-32	8174-8177	the	_	_	_	
41-33	8178-8181	new	_	_	_	
41-34	8182-8184	is	_	_	_	
41-35	8185-8189	pale	_	_	_	
41-36	8189-8190	,	_	_	_	
41-37	8191-8194	and	_	_	_	
41-38	8195-8200	soone	_	_	_	
41-39	8201-8206	after	_	_	_	
41-40	8207-8214	groweth	_	_	_	
41-41	8215-8224	yellowish	_	_	_	
41-42	8224-8225	.	_	_	_	

#Text=Benjamin, by the Malayans call ' d Menyan; by other Indians Benyan: is either pure cleare white, or yellow, streaked or coloured; the gum issues from a tree high, small, and furnished with fruitlesse branches; the leaves are not unlike the Olive: Pegu and Siam yeelds the best; Arabia very good; that from Sumatra, Priaman and Barrouse, course, and had: better lik ' d of at Iava, than in England.
42-1	8227-8235	Benjamin	_	_	_	
42-2	8235-8236	,	_	_	_	
42-3	8237-8239	by	_	_	_	
42-4	8240-8243	the	_	_	_	
42-5	8244-8252	Malayans	_	_	_	
42-6	8253-8257	call	_	_	_	
42-7	8258-8259	'	_	_	_	
42-8	8260-8261	d	_	_	_	
42-9	8262-8268	Menyan	_	_	_	
42-10	8268-8269	;	_	_	_	
42-11	8270-8272	by	_	_	_	
42-12	8273-8278	other	_	_	_	
42-13	8279-8286	Indians	_	_	_	
42-14	8287-8293	Benyan	_	_	_	
42-15	8293-8294	:	_	_	_	
42-16	8295-8297	is	_	_	_	
42-17	8298-8304	either	_	_	_	
42-18	8305-8309	pure	_	_	_	
42-19	8310-8316	cleare	_	_	_	
42-20	8317-8322	white	_	_	_	
42-21	8322-8323	,	_	_	_	
42-22	8324-8326	or	_	_	_	
42-23	8327-8333	yellow	_	_	_	
42-24	8333-8334	,	_	_	_	
42-25	8335-8343	streaked	_	_	_	
42-26	8344-8346	or	_	_	_	
42-27	8347-8355	coloured	_	_	_	
42-28	8355-8356	;	_	_	_	
42-29	8357-8360	the	_	_	_	
42-30	8361-8364	gum	_	_	_	
42-31	8365-8371	issues	_	_	_	
42-32	8372-8376	from	_	_	_	
42-33	8377-8378	a	_	_	_	
42-34	8379-8383	tree	_	_	_	
42-35	8384-8388	high	_	_	_	
42-36	8388-8389	,	_	_	_	
42-37	8390-8395	small	_	_	_	
42-38	8395-8396	,	_	_	_	
42-39	8397-8400	and	_	_	_	
42-40	8401-8410	furnished	_	_	_	
42-41	8411-8415	with	_	_	_	
42-42	8416-8426	fruitlesse	_	_	_	
42-43	8427-8435	branches	_	_	_	
42-44	8435-8436	;	_	_	_	
42-45	8437-8440	the	_	_	_	
42-46	8441-8447	leaves	_	_	_	
42-47	8448-8451	are	_	_	_	
42-48	8452-8455	not	_	_	_	
42-49	8456-8462	unlike	_	_	_	
42-50	8463-8466	the	_	_	_	
42-51	8467-8472	Olive	_	_	_	
42-52	8472-8473	:	_	_	_	
42-53	8474-8478	Pegu	_	_	_	
42-54	8479-8482	and	_	_	_	
42-55	8483-8487	Siam	_	_	_	
42-56	8488-8494	yeelds	_	_	_	
42-57	8495-8498	the	_	_	_	
42-58	8499-8503	best	_	_	_	
42-59	8503-8504	;	_	_	_	
42-60	8505-8511	Arabia	_	_	_	
42-61	8512-8516	very	_	_	_	
42-62	8517-8521	good	_	_	_	
42-63	8521-8522	;	_	_	_	
42-64	8523-8527	that	_	_	_	
42-65	8528-8532	from	_	_	_	
42-66	8533-8540	Sumatra	_	_	_	
42-67	8540-8541	,	_	_	_	
42-68	8542-8549	Priaman	_	_	_	
42-69	8550-8553	and	_	_	_	
42-70	8554-8562	Barrouse	_	_	_	
42-71	8562-8563	,	_	_	_	
42-72	8564-8570	course	_	_	_	
42-73	8570-8571	,	_	_	_	
42-74	8572-8575	and	_	_	_	
42-75	8576-8579	had	_	_	_	
42-76	8579-8580	:	_	_	_	
42-77	8581-8587	better	_	_	_	
42-78	8588-8591	lik	_	_	_	
42-79	8592-8593	'	_	_	_	
42-80	8594-8595	d	_	_	_	
42-81	8596-8598	of	_	_	_	
42-82	8599-8601	at	_	_	_	
42-83	8602-8606	Iava	_	_	_	
42-84	8606-8607	,	_	_	_	
42-85	8608-8612	than	_	_	_	
42-86	8613-8615	in	_	_	_	
42-87	8616-8623	England	_	_	_	
42-88	8623-8624	.	_	_	_	

#Text=Amber, is of so many formes; grey, browne, white, black: grey is best; black is worst; the other two are indifferent.
43-1	8626-8631	Amber	_	_	_	
43-2	8631-8632	,	_	_	_	
43-3	8633-8635	is	_	_	_	
43-4	8636-8638	of	_	_	_	
43-5	8639-8641	so	_	_	_	
43-6	8642-8646	many	_	_	_	
43-7	8647-8653	formes	_	_	_	
43-8	8653-8654	;	_	_	_	
43-9	8655-8659	grey	_	_	_	
43-10	8659-8660	,	_	_	_	
43-11	8661-8667	browne	_	_	_	
43-12	8667-8668	,	_	_	_	
43-13	8669-8674	white	_	_	_	
43-14	8674-8675	,	_	_	_	
43-15	8676-8681	black	_	_	_	
43-16	8681-8682	:	_	_	_	
43-17	8683-8687	grey	_	_	_	
43-18	8688-8690	is	_	_	_	
43-19	8691-8695	best	_	_	_	
43-20	8695-8696	;	_	_	_	
43-21	8697-8702	black	_	_	_	
43-22	8703-8705	is	_	_	_	
43-23	8706-8711	worst	_	_	_	
43-24	8711-8712	;	_	_	_	
43-25	8713-8716	the	_	_	_	
43-26	8717-8722	other	_	_	_	
43-27	8723-8726	two	_	_	_	
43-28	8727-8730	are	_	_	_	
43-29	8731-8742	indifferent	_	_	_	
43-30	8742-8743	.	_	_	_	

#Text=The best sort of grey is pure, interlac ' t with ashie veines, not subject to sinck; and got (as Merhants informe us) in Soffala, Magadoxa, Mombassa, Mosambique, Madagasar Mohelia, Melinde, other parts of Afrique: found there at incertain
44-1	8744-8747	The	_	_	_	
44-2	8748-8752	best	_	_	_	
44-3	8753-8757	sort	_	_	_	
44-4	8758-8760	of	_	_	_	
44-5	8761-8765	grey	_	_	_	
44-6	8766-8768	is	_	_	_	
44-7	8769-8773	pure	_	_	_	
44-8	8773-8774	,	_	_	_	
44-9	8775-8783	interlac	_	_	_	
44-10	8784-8785	'	_	_	_	
44-11	8786-8787	t	_	_	_	
44-12	8788-8792	with	_	_	_	
44-13	8793-8798	ashie	_	_	_	
44-14	8799-8805	veines	_	_	_	
44-15	8805-8806	,	_	_	_	
44-16	8807-8810	not	_	_	_	
44-17	8811-8818	subject	_	_	_	
44-18	8819-8821	to	_	_	_	
44-19	8822-8827	sinck	_	_	_	
44-20	8827-8828	;	_	_	_	
44-21	8829-8832	and	_	_	_	
44-22	8833-8836	got	_	_	_	
44-23	8837-8838	(	_	_	_	
44-24	8838-8840	as	_	_	_	
44-25	8841-8849	Merhants	_	_	_	
44-26	8850-8857	informe	_	_	_	
44-27	8858-8860	us	_	_	_	
44-28	8860-8861	)	_	_	_	
44-29	8862-8864	in	_	_	_	
44-30	8865-8872	Soffala	_	_	_	
44-31	8872-8873	,	_	_	_	
44-32	8874-8882	Magadoxa	_	_	_	
44-33	8882-8883	,	_	_	_	
44-34	8884-8892	Mombassa	_	_	_	
44-35	8892-8893	,	_	_	_	
44-36	8894-8904	Mosambique	_	_	_	
44-37	8904-8905	,	_	_	_	
44-38	8906-8915	Madagasar	_	_	_	
44-39	8916-8923	Mohelia	_	_	_	
44-40	8923-8924	,	_	_	_	
44-41	8925-8932	Melinde	_	_	_	
44-42	8932-8933	,	_	_	_	
44-43	8934-8939	other	_	_	_	
44-44	8940-8945	parts	_	_	_	
44-45	8946-8948	of	_	_	_	
44-46	8949-8956	Afrique	_	_	_	
44-47	8956-8957	:	_	_	_	
44-48	8958-8963	found	_	_	_	
44-49	8964-8969	there	_	_	_	
44-50	8970-8972	at	_	_	_	
44-51	8973-8982	incertain	_	_	_	
