#FORMAT=WebAnno TSV 3.3


#Text=Het Hoofdlicht geeft den dag aan 't stuk ter rechter hand.
1-1	2-5	Het	
1-2	6-16	Hoofdlicht	
1-3	17-22	geeft	
1-4	23-26	den	
1-5	27-30	dag	
1-6	31-34	aan	
1-7	35-36	'	
1-8	36-37	t	
1-9	38-42	stuk	
1-10	43-46	ter	
1-11	47-54	rechter	
1-12	55-59	hand	
1-13	59-60	.	

#Text=Men ziet, in 't bruin verschiet, de bliksems wolken kerven
#Text=,
#Text=Een Etna vlammen, en oud Trojen in den brand.
2-1	63-66	Men	
2-2	67-71	ziet	
2-3	71-72	,	
2-4	73-75	in	
2-5	76-77	'	
2-6	77-78	t	
2-7	79-84	bruin	
2-8	85-94	verschiet	
2-9	94-95	,	
2-10	96-98	de	
2-11	99-107	bliksems	
2-12	108-114	wolken	
2-13	115-121	kerven	
2-14	122-123	,	
2-15	124-127	Een	
2-16	128-132	Etna	
2-17	133-140	vlammen	
2-18	140-141	,	
2-19	142-144	en	
2-20	145-148	oud	
2-21	149-155	Trojen	
2-22	156-158	in	
2-23	159-162	den	
2-24	163-168	brand	
2-25	168-169	.	

#Text=Uitbreiding.
3-1	172-183	Uitbreiding	
3-2	183-184	.	

#Text=WAnneer
#Text='t Heeläl noch in een Chaös lei verzonken,
#Text=
#Text='t Was eeuwig duister, zelf daar blikten licht noch vonken
#Text=
#Text=
#Text=In d'akelige nacht en lucht, noch nooit verdund.
4-1	187-194	WAnneer	
4-2	195-196	'	
4-3	196-197	t	
4-4	198-204	Heeläl	
4-5	205-209	noch	
4-6	210-212	in	
4-7	213-216	een	
4-8	217-222	Chaös	
4-9	223-226	lei	
4-10	227-236	verzonken	
4-11	236-237	,	
4-12	239-240	'	
4-13	240-241	t	
4-14	242-245	Was	
4-15	246-252	eeuwig	
4-16	253-260	duister	
4-17	260-261	,	
4-18	262-266	zelf	
4-19	267-271	daar	
4-20	272-279	blikten	
4-21	280-285	licht	
4-22	286-290	noch	
4-23	291-297	vonken	
4-24	300-302	In	
4-25	303-312	d'akelige	
4-26	313-318	nacht	
4-27	319-321	en	
4-28	322-327	lucht	
4-29	327-328	,	
4-30	329-333	noch	
4-31	334-339	nooit	
4-32	340-347	verdund	
4-33	347-348	.	

#Text=Maar toen de Liefde elk ging by zyns gelyken paaren,
#Text=Zeeg 't zwaare en donkre neêr, steeg op het licht en klaare;
#Text=
#Text=
#Text=En elk vergaderde zich om zyn Middelpunt.
5-1	351-355	Maar	
5-2	356-360	toen	
5-3	361-363	de	
5-4	364-370	Liefde	
5-5	371-374	elk	
5-6	375-379	ging	
5-7	380-382	by	
5-8	383-387	zyns	
5-9	388-395	gelyken	
5-10	396-402	paaren	
5-11	402-403	,	
5-12	404-408	Zeeg	
5-13	409-410	'	
5-14	410-411	t	
5-15	412-418	zwaare	
5-16	419-421	en	
5-17	422-428	donkre	
5-18	429-433	neêr	
5-19	433-434	,	
5-20	435-440	steeg	
5-21	441-443	op	
5-22	444-447	het	
5-23	448-453	licht	
5-24	454-456	en	
5-25	457-463	klaare	
5-26	463-464	;	
5-27	467-469	En	
5-28	470-473	elk	
5-29	474-484	vergaderde	
5-30	485-489	zich	
5-31	490-492	om	
5-32	493-496	zyn	
5-33	497-507	Middelpunt	
5-34	507-508	.	

#Text=Mits kwam de Zonneglans allengskens aan te groeien,
#Text=Auroor in blaakend goud en purperverw te gloeien,
#Text=
#Text=En Iris pronkten met een mantel van veel kleur.
6-1	512-516	Mits	
6-2	517-521	kwam	
6-3	522-524	de	
6-4	525-535	Zonneglans	
6-5	536-547	allengskens	
6-6	548-551	aan	
6-7	552-554	te	
6-8	555-562	groeien	
6-9	562-563	,	
6-10	564-570	Auroor	
6-11	571-573	in	
6-12	574-582	blaakend	
6-13	583-587	goud	
6-14	588-590	en	
6-15	591-601	purperverw	
6-16	602-604	te	
6-17	605-612	gloeien	
6-18	612-613	,	
6-19	615-617	En	
6-20	618-622	Iris	
6-21	623-631	pronkten	
6-22	632-635	met	
6-23	636-639	een	
6-24	640-646	mantel	
6-25	647-650	van	
6-26	651-655	veel	
6-27	656-661	kleur	
6-28	661-662	.	

#Text=O schoone Zon!
7-1	664-665	O	
7-2	666-673	schoone	
7-3	674-677	Zon	
7-4	677-678	!	

#Text=o bron!
8-1	679-680	o	
8-2	681-685	bron	
8-3	685-686	!	

#Text=o moeder aller klaarheid!
9-1	687-688	o	
9-2	689-695	moeder	
9-3	696-701	aller	
9-4	702-711	klaarheid	
9-5	711-712	!	
