#FORMAT=WebAnno TSV 3.3
#T_SP=custom.Span|label
#T_RL=custom.Relation|label|BT_custom.Span


#Text=Om de dampen van de Lyfmoeder te bezadigen.
1-1	2-4	Om	_	_	_	
1-2	5-7	de	_	_	_	
1-3	8-14	dampen	_	_	_	
1-4	15-18	van	_	_	_	
1-5	19-21	de	_	_	_	
1-6	22-31	Lyfmoeder	_	_	_	
1-7	32-34	te	_	_	_	
1-8	35-44	bezadigen	_	_	_	
1-9	44-45	.	_	_	_	

#Text=Doe Papier, oud Linden, oude
#Text=Schoenen en Poejers voor die kwaal branden.
2-1	46-49	Doe	_	_	_	
2-2	50-56	Papier	_	_	_	
2-3	56-57	,	_	_	_	
2-4	58-61	oud	_	_	_	
2-5	62-68	Linden	_	_	_	
2-6	68-69	,	_	_	_	
2-7	70-74	oude	_	_	_	
2-8	75-83	Schoenen	_	_	_	
2-9	84-86	en	_	_	_	
2-10	87-94	Poejers	_	_	_	
2-11	95-99	voor	_	_	_	
2-12	100-103	die	_	_	_	
2-13	104-109	kwaal	_	_	_	
2-14	110-117	branden	_	_	_	
2-15	117-118	.	_	_	_	

#Text=Om een lóópen van den mond te veroorzaken;
#Text=doe Mercuriale, of Kwikzilver poejer
#Text=
#Text=branden.
3-1	121-123	Om	_	_	_	
3-2	124-127	een	_	_	_	
3-3	128-134	lóópen	_	_	_	
3-4	135-138	van	_	_	_	
3-5	139-142	den	_	_	_	
3-6	143-147	mond	_	_	_	
3-7	148-150	te	_	_	_	
3-8	151-162	veroorzaken	_	_	_	
3-9	162-163	;	_	_	_	
3-10	164-167	doe	_	_	_	
3-11	168-178	Mercuriale	_	_	_	
3-12	178-179	,	_	_	_	
3-13	180-182	of	_	_	_	
3-14	183-193	Kwikzilver	_	_	_	
3-15	194-200	poejer	_	_	_	
3-16	202-209	branden	_	_	_	
3-17	209-210	.	_	_	_	

#Text=Eindlyk voor andere ongesteldheden, of ziekten, gebruikt men poejers, of bekwame
#Text=drogeryen, om ze te genezen, of enige verlichting toe te brengen.
4-1	212-219	Eindlyk	_	_	_	
4-2	220-224	voor	_	_	_	
4-3	225-231	andere	_	_	_	
4-4	232-246	ongesteldheden	_	_	_	
4-5	246-247	,	_	_	_	
4-6	248-250	of	_	_	_	
4-7	251-258	ziekten	_	_	_	
4-8	258-259	,	_	_	_	
4-9	260-268	gebruikt	_	_	_	
4-10	269-272	men	_	_	_	
4-11	273-280	poejers	_	_	_	
4-12	280-281	,	_	_	_	
4-13	282-284	of	_	_	_	
4-14	285-292	bekwame	_	_	_	
4-15	293-302	drogeryen	_	_	_	
4-16	302-303	,	_	_	_	
4-17	304-306	om	_	_	_	
4-18	307-309	ze	_	_	_	
4-19	310-312	te	_	_	_	
4-20	313-320	genezen	_	_	_	
4-21	320-321	,	_	_	_	
4-22	322-324	of	_	_	_	
4-23	325-330	enige	_	_	_	
4-24	331-342	verlichting	_	_	_	
4-25	343-346	toe	_	_	_	
4-26	347-349	te	_	_	_	
4-27	350-357	brengen	_	_	_	
4-28	357-358	.	_	_	_	

#Text=By voorbeeld, om
#Text=’t hart te sterken, en de hersenen, der droefgeestigen;
#Text=maakt men hun zakjes, of men
#Text=berookt hunne klederen met kruideryen.
5-1	359-361	By	_	_	_	
5-2	362-371	voorbeeld	_	_	_	
5-3	371-372	,	_	_	_	
5-4	373-375	om	_	_	_	
5-5	376-377	’	_	_	_	
5-6	377-378	t	_	_	_	
5-7	379-383	hart	_	_	_	
5-8	384-386	te	_	_	_	
5-9	387-394	sterken	_	_	_	
5-10	394-395	,	_	_	_	
5-11	396-398	en	_	_	_	
5-12	399-401	de	_	_	_	
5-13	402-410	hersenen	_	_	_	
5-14	410-411	,	_	_	_	
5-15	412-415	der	_	_	_	
5-16	416-430	droefgeestigen	_	_	_	
5-17	430-431	;	_	_	_	
5-18	432-437	maakt	_	_	_	
5-19	438-441	men	_	_	_	
5-20	442-445	hun	_	_	_	
5-21	446-452	zakjes	_	_	_	
5-22	452-453	,	_	_	_	
5-23	454-456	of	_	_	_	
5-24	457-460	men	_	_	_	
5-25	461-468	berookt	_	_	_	
5-26	469-474	hunne	_	_	_	
5-27	475-483	klederen	_	_	_	
5-28	484-487	met	_	_	_	
5-29	488-498	kruideryen	_	_	_	
5-30	498-499	.	_	_	_	

#Text=Om de lucht te zuiveren.
6-1	502-504	Om	Circumstances[1]	_	_	
6-2	505-507	de	Circumstances[1]	_	_	
6-3	508-513	lucht	Circumstances[1]	_	_	
6-4	514-516	te	Circumstances[1]	_	_	
6-5	517-525	zuiveren	Circumstances[1]	_	_	
6-6	525-526	.	_	_	_	

#Text=Men doet ten dien einde Reukballetjes branden, Beijen,
#Text=of Greinen van Jenever.
7-1	527-530	Men	_	_	_	
7-2	531-535	doet	_	_	_	
7-3	536-539	ten	_	_	_	
7-4	540-544	dien	_	_	_	
7-5	545-550	einde	_	_	_	
7-6	551-564	Reukballetjes	Smell\_Word[2]|Smell\_Source[3]	*|*|*|*	6-1[1_2]|7-6[3_2]|7-9[0_2]|7-12[4_2]	
7-7	565-572	branden	_	_	_	
7-8	572-573	,	_	_	_	
7-9	574-580	Beijen	Smell\_Source	_	_	
7-10	580-581	,	_	_	_	
7-11	582-584	of	_	_	_	
7-12	585-592	Greinen	Smell\_Source[4]	_	_	
7-13	593-596	van	Smell\_Source[4]	_	_	
7-14	597-604	Jenever	Smell\_Source[4]	_	_	
7-15	604-605	.	_	_	_	

#Text=Men moet ook hout doen branden, en ander hout welks reuk
#Text=aangenaam is, en ’t bederf verdryft.
8-1	606-609	Men	_	_	_	
8-2	610-614	moet	_	_	_	
8-3	615-618	ook	_	_	_	
8-4	619-623	hout	_	_	_	
8-5	624-628	doen	_	_	_	
8-6	629-636	branden	_	_	_	
8-7	636-637	,	_	_	_	
8-8	638-640	en	_	_	_	
8-9	641-646	ander	_	_	_	
8-10	647-651	hout	Smell\_Source	_	_	
8-11	652-657	welks	_	_	_	
8-12	658-662	reuk	Smell\_Word	*|*|*|*	8-10|8-13|6-1[1_0]|8-17[5_0]	
8-13	663-672	aangenaam	Quality	_	_	
8-14	673-675	is	_	_	_	
8-15	675-676	,	_	_	_	
8-16	677-679	en	_	_	_	
8-17	680-681	’	Effect[5]	_	_	
8-18	681-682	t	Effect[5]	_	_	
8-19	683-689	bederf	Effect[5]	_	_	
8-20	690-698	verdryft	Effect[5]	_	_	
8-21	698-699	.	_	_	_	

#Text=Vochtig Reukwerk.
9-1	702-709	Vochtig	Quality	_	_	
9-2	710-718	Reukwerk	Smell\_Word	*	9-1	
9-3	718-719	.	_	_	_	

#Text=Om ’t Vertrek eens Zieken op een aangename wyze ruikend te maken.
10-1	722-724	Om	Circumstances[6]	_	_	
10-2	725-726	’	Circumstances[6]	_	_	
10-3	726-727	t	Circumstances[6]	_	_	
10-4	728-735	Vertrek	Circumstances[6]	_	_	
10-5	736-740	eens	Circumstances[6]	_	_	
10-6	741-747	Zieken	Circumstances[6]	_	_	
10-7	748-750	op	Circumstances[6]	_	_	
10-8	751-754	een	Circumstances[6]	_	_	
10-9	755-764	aangename	Circumstances[6]	_	_	
10-10	765-769	wyze	Circumstances[6]	_	_	
10-11	770-777	ruikend	Circumstances[6]|Smell\_Word[7]	*	10-1[6_7]	
10-12	778-780	te	Circumstances[6]	_	_	
10-13	781-786	maken	Circumstances[6]	_	_	
10-14	786-787	.	_	_	_	

#Text=Men moet een
#Text=Fles met een naauwen hals vullen met Oranje-, of enig ander water, welks reuk
#Text=aangenaam is, en ze zetten op
#Text=
#Text=M.
11-1	788-791	Men	_	_	_	
11-2	792-796	moet	_	_	_	
11-3	797-800	een	_	_	_	
11-4	801-805	Fles	_	_	_	
11-5	806-809	met	_	_	_	
11-6	810-813	een	_	_	_	
11-7	814-821	naauwen	_	_	_	
11-8	822-826	hals	_	_	_	
11-9	827-833	vullen	_	_	_	
11-10	834-837	met	_	_	_	
11-11	838-844	Oranje	Smell\_Source[8]	_	_	
11-12	844-845	-	Smell\_Source[8]	_	_	
11-13	845-846	,	Smell\_Source[8]	_	_	
11-14	847-849	of	Smell\_Source[8]	_	_	
11-15	850-854	enig	Smell\_Source[8]	_	_	
11-16	855-860	ander	Smell\_Source[8]	_	_	
11-17	861-866	water	Smell\_Source[8]	_	_	
11-18	866-867	,	_	_	_	
11-19	868-873	welks	_	_	_	
11-20	874-878	reuk	Smell\_Word	*|*|*	11-21|11-11[8_0]|10-1[6_0]	
11-21	879-888	aangenaam	Quality	_	_	
11-22	889-891	is	_	_	_	
11-23	891-892	,	_	_	_	
11-24	893-895	en	_	_	_	
11-25	896-898	ze	_	_	_	
11-26	899-905	zetten	_	_	_	
11-27	906-908	op	_	_	_	
11-28	910-911	M	_	_	_	
11-29	911-912	.	_	_	_	

#Text=Noel Chomel, Huishoudelyk woordboek
#Text=
#Text=\f
#Text=895
#Text=
#Text=een Konfoort met heete as, op dat’
#Text=er de damp zachtjes uit ga, en zich zacht en zoet
#Text=verspreide.
12-1	913-917	Noel	_	_	_	
12-2	918-924	Chomel	_	_	_	
12-3	924-925	,	_	_	_	
12-4	926-938	Huishoudelyk	_	_	_	
12-5	939-948	woordboek	_	_	_	
12-6	952-955	895	_	_	_	
12-7	957-960	een	_	_	_	
12-8	961-969	Konfoort	_	_	_	
12-9	970-973	met	_	_	_	
12-10	974-979	heete	_	_	_	
12-11	980-982	as	_	_	_	
12-12	982-983	,	_	_	_	
12-13	984-986	op	_	_	_	
12-14	987-990	dat	_	_	_	
12-15	990-991	’	_	_	_	
12-16	992-994	er	_	_	_	
12-17	995-997	de	_	_	_	
12-18	998-1002	damp	_	_	_	
12-19	1003-1011	zachtjes	_	_	_	
12-20	1012-1015	uit	_	_	_	
12-21	1016-1018	ga	_	_	_	
12-22	1018-1019	,	_	_	_	
12-23	1020-1022	en	_	_	_	
12-24	1023-1027	zich	_	_	_	
12-25	1028-1033	zacht	_	_	_	
12-26	1034-1036	en	_	_	_	
12-27	1037-1041	zoet	_	_	_	
12-28	1042-1052	verspreide	_	_	_	
12-29	1052-1053	.	_	_	_	
