{"_context" : {
    "_types" : {
      "DocumentMetaData" : {
        "_feature_types" : {"sofa" : "_ref" } }, 
      "Relation" : {
        "_feature_types" : {"sofa" : "_ref",  "Dependent" : "_ref",  "Governor" : "_ref" } }, 
      "Sentence" : {
        "_feature_types" : {"sofa" : "_ref" } }, 
      "Sofa" : {
        "_feature_types" : {"sofaArray" : "_ref" } }, 
      "Span" : {
        "_feature_types" : {"sofa" : "_ref" } }, 
      "TagsetDescription" : {
        "_feature_types" : {"sofa" : "_ref",  "tags" : "_ref" } }, 
      "Token" : {
        "_feature_types" : {"sofa" : "_ref",  "parent" : "_ref",  "lemma" : "_ref",  "stem" : "_ref",  "pos" : "_ref",  "morph" : "_ref",  "form" : "_ref" } }, 
      "DocumentAnnotation" : {
        "_feature_types" : {"sofa" : "_ref" }, 
        "_subtypes" : ["DocumentMetaData" ] }, 
      "Annotation" : {
        "_feature_types" : {"sofa" : "_ref" }, 
        "_subtypes" : ["DocumentAnnotation",  "Relation",  "Sentence",  "Span",  "TagsetDescription",  "Token" ] }, 
      "AnnotationBase" : {
        "_feature_types" : {"sofa" : "_ref" }, 
        "_subtypes" : ["Annotation" ] }, 
      "TOP" : {
        "_subtypes" : ["AnnotationBase",  "Sofa" ] } } }, 
  "_views" : {
    "_InitialView" : {
      "Relation" : [
        {"sofa" : 1,  "begin" : 189,  "end" : 191,  "Dependent" : 6411,  "Governor" : 6423,  "label" : "Anaphoric" }, 
        {"sofa" : 1,  "begin" : 219,  "end" : 224,  "Dependent" : 6394,  "Governor" : 6399 }, 
        {"sofa" : 1,  "begin" : 219,  "end" : 224,  "Dependent" : 6394,  "Governor" : 6411 }, 
        {"sofa" : 1,  "begin" : 219,  "end" : 224,  "Dependent" : 6394,  "Governor" : 6435 }, 
        {"sofa" : 1,  "begin" : 219,  "end" : 224,  "Dependent" : 6394,  "Governor" : 6447 }, 
        {"sofa" : 1,  "begin" : 507,  "end" : 511,  "Dependent" : 6498,  "Governor" : 6539,  "label" : "Anaphoric" }, 
        {"sofa" : 1,  "begin" : 521,  "end" : 530,  "Dependent" : 6459,  "Governor" : 6498 }, 
        {"sofa" : 1,  "begin" : 532,  "end" : 536,  "Dependent" : 6503,  "Governor" : 6539,  "label" : "Anaphoric" }, 
        {"sofa" : 1,  "begin" : 537,  "end" : 548,  "Dependent" : 6464,  "Governor" : 6469 }, 
        {"sofa" : 1,  "begin" : 537,  "end" : 548,  "Dependent" : 6464,  "Governor" : 6503 }, 
        {"sofa" : 1,  "begin" : 554,  "end" : 558,  "Dependent" : 6508,  "Governor" : 6539,  "label" : "Anaphoric" }, 
        {"sofa" : 1,  "begin" : 579,  "end" : 591,  "Dependent" : 6481,  "Governor" : 6486 }, 
        {"sofa" : 1,  "begin" : 579,  "end" : 591,  "Dependent" : 6481,  "Governor" : 6513 }, 
        {"sofa" : 1,  "begin" : 579,  "end" : 591,  "Dependent" : 6481,  "Governor" : 6508 }, 
        {"sofa" : 1,  "begin" : 763,  "end" : 767,  "Dependent" : 6577,  "Governor" : 6589,  "label" : "Anaphoric" }, 
        {"sofa" : 1,  "begin" : 771,  "end" : 776,  "Dependent" : 6572,  "Governor" : 6577 }, 
        {"sofa" : 1,  "begin" : 771,  "end" : 776,  "Dependent" : 6572,  "Governor" : 6601 }, 
        {"sofa" : 1,  "begin" : 1042,  "end" : 1047,  "Dependent" : 6613,  "Governor" : 6618 }, 
        {"sofa" : 1,  "begin" : 1042,  "end" : 1047,  "Dependent" : 6613,  "Governor" : 6623 }, 
        {"sofa" : 1,  "begin" : 1042,  "end" : 1047,  "Dependent" : 6613,  "Governor" : 6642 } ], 
      "Span" : [6423,  6411,  6399,  6394,  6435,  6447,  6539,  6498,  6459,  6503,  6464,  6469,  6508,  6513,  6481,  6486,  6589,  6601,  6577,  6572,  6642,  6618,  6623,  6613 ], 
      "DocumentMetaData" : [
        {"sofa" : 1,  "end" : 2388,  "language" : "x-unspecified",  "documentTitle" : "050E%20Robert%20Boyle%201692%20The%20general%20history%20of%20the%20air__68_distribution_SCIE.txt",  "documentId" : "satonelli",  "documentUri" : "file:/home/dhuser/alessio/inception/repository/project/29/document/8697/source/satonelli",  "collectionId" : "file:/home/dhuser/alessio/inception/repository/project/29/document/8697/source/",  "documentBaseUri" : "file:/home/dhuser/alessio/inception/repository/project/29/document/8697/source/",  "isLastSegment" : false } ], 
      "TagsetDescription" : [
        {"sofa" : 1,  "layer" : "webanno.custom.Emotions",  "name" : "Emotion Labels",  "input" : false }, 
        {"sofa" : 1,  "layer" : "custom.Relation",  "name" : "Relation labels",  "input" : false }, 
        {"sofa" : 1,  "layer" : "custom.Span",  "name" : "Smell labels",  "input" : false } ], 
      "Sentence" : [
        {"sofa" : 1,  "end" : 8 }, 
        {"sofa" : 1,  "begin" : 9,  "end" : 42 }, 
        {"sofa" : 1,  "begin" : 44,  "end" : 367 }, 
        {"sofa" : 1,  "begin" : 368,  "end" : 592 }, 
        {"sofa" : 1,  "begin" : 593,  "end" : 777 }, 
        {"sofa" : 1,  "begin" : 779,  "end" : 1070 }, 
        {"sofa" : 1,  "begin" : 1071,  "end" : 1073 }, 
        {"sofa" : 1,  "begin" : 1075,  "end" : 1269 }, 
        {"sofa" : 1,  "begin" : 1270,  "end" : 1483 }, 
        {"sofa" : 1,  "begin" : 1485,  "end" : 1494 }, 
        {"sofa" : 1,  "begin" : 1495,  "end" : 1515 }, 
        {"sofa" : 1,  "begin" : 1517,  "end" : 1773 }, 
        {"sofa" : 1,  "begin" : 1774,  "end" : 2168 }, 
        {"sofa" : 1,  "begin" : 2169,  "end" : 2388 } ], 
      "Token" : [
        {"sofa" : 1,  "end" : 5 }, 
        {"sofa" : 1,  "begin" : 6,  "end" : 7 }, 
        {"sofa" : 1,  "begin" : 7,  "end" : 8 }, 
        {"sofa" : 1,  "begin" : 9,  "end" : 11 }, 
        {"sofa" : 1,  "begin" : 12,  "end" : 23 }, 
        {"sofa" : 1,  "begin" : 24,  "end" : 30 }, 
        {"sofa" : 1,  "begin" : 31,  "end" : 33 }, 
        {"sofa" : 1,  "begin" : 34,  "end" : 37 }, 
        {"sofa" : 1,  "begin" : 38,  "end" : 41 }, 
        {"sofa" : 1,  "begin" : 41,  "end" : 42 }, 
        {"sofa" : 1,  "begin" : 44,  "end" : 53 }, 
        {"sofa" : 1,  "begin" : 54,  "end" : 56 }, 
        {"sofa" : 1,  "begin" : 57,  "end" : 59 }, 
        {"sofa" : 1,  "begin" : 60,  "end" : 69 }, 
        {"sofa" : 1,  "begin" : 70,  "end" : 82 }, 
        {"sofa" : 1,  "begin" : 83,  "end" : 85 }, 
        {"sofa" : 1,  "begin" : 86,  "end" : 90 }, 
        {"sofa" : 1,  "begin" : 90,  "end" : 91 }, 
        {"sofa" : 1,  "begin" : 92,  "end" : 95 }, 
        {"sofa" : 1,  "begin" : 95,  "end" : 96 }, 
        {"sofa" : 1,  "begin" : 97,  "end" : 99 }, 
        {"sofa" : 1,  "begin" : 100,  "end" : 102 }, 
        {"sofa" : 1,  "begin" : 103,  "end" : 111 }, 
        {"sofa" : 1,  "begin" : 112,  "end" : 117 }, 
        {"sofa" : 1,  "begin" : 118,  "end" : 120 }, 
        {"sofa" : 1,  "begin" : 121,  "end" : 127 }, 
        {"sofa" : 1,  "begin" : 127,  "end" : 128 }, 
        {"sofa" : 1,  "begin" : 129,  "end" : 132 }, 
        {"sofa" : 1,  "begin" : 133,  "end" : 140 }, 
        {"sofa" : 1,  "begin" : 141,  "end" : 146 }, 
        {"sofa" : 1,  "begin" : 147,  "end" : 149 }, 
        {"sofa" : 1,  "begin" : 150,  "end" : 159 }, 
        {"sofa" : 1,  "begin" : 160,  "end" : 166 }, 
        {"sofa" : 1,  "begin" : 167,  "end" : 170 }, 
        {"sofa" : 1,  "begin" : 171,  "end" : 179 }, 
        {"sofa" : 1,  "begin" : 179,  "end" : 180 }, 
        {"sofa" : 1,  "begin" : 181,  "end" : 188 }, 
        {"sofa" : 1,  "begin" : 189,  "end" : 191 }, 
        {"sofa" : 1,  "begin" : 192,  "end" : 195 }, 
        {"sofa" : 1,  "begin" : 196,  "end" : 199 }, 
        {"sofa" : 1,  "begin" : 200,  "end" : 203 }, 
        {"sofa" : 1,  "begin" : 203,  "end" : 204 }, 
        {"sofa" : 1,  "begin" : 205,  "end" : 208 }, 
        {"sofa" : 1,  "begin" : 209,  "end" : 218 }, 
        {"sofa" : 1,  "begin" : 219,  "end" : 224 }, 
        {"sofa" : 1,  "begin" : 225,  "end" : 231 }, 
        {"sofa" : 1,  "begin" : 232,  "end" : 241 }, 
        {"sofa" : 1,  "begin" : 242,  "end" : 245 }, 
        {"sofa" : 1,  "begin" : 246,  "end" : 248 }, 
        {"sofa" : 1,  "begin" : 249,  "end" : 253 }, 
        {"sofa" : 1,  "begin" : 254,  "end" : 256 }, 
        {"sofa" : 1,  "begin" : 257,  "end" : 261 }, 
        {"sofa" : 1,  "begin" : 262,  "end" : 266 }, 
        {"sofa" : 1,  "begin" : 267,  "end" : 269 }, 
        {"sofa" : 1,  "begin" : 270,  "end" : 273 }, 
        {"sofa" : 1,  "begin" : 274,  "end" : 280 }, 
        {"sofa" : 1,  "begin" : 280,  "end" : 281 }, 
        {"sofa" : 1,  "begin" : 282,  "end" : 284 }, 
        {"sofa" : 1,  "begin" : 285,  "end" : 298 }, 
        {"sofa" : 1,  "begin" : 299,  "end" : 304 }, 
        {"sofa" : 1,  "begin" : 305,  "end" : 310 }, 
        {"sofa" : 1,  "begin" : 311,  "end" : 320 }, 
        {"sofa" : 1,  "begin" : 321,  "end" : 326 }, 
        {"sofa" : 1,  "begin" : 327,  "end" : 330 }, 
        {"sofa" : 1,  "begin" : 331,  "end" : 333 }, 
        {"sofa" : 1,  "begin" : 334,  "end" : 341 }, 
        {"sofa" : 1,  "begin" : 342,  "end" : 344 }, 
        {"sofa" : 1,  "begin" : 345,  "end" : 348 }, 
        {"sofa" : 1,  "begin" : 349,  "end" : 355 }, 
        {"sofa" : 1,  "begin" : 356,  "end" : 358 }, 
        {"sofa" : 1,  "begin" : 359,  "end" : 362 }, 
        {"sofa" : 1,  "begin" : 363,  "end" : 366 }, 
        {"sofa" : 1,  "begin" : 366,  "end" : 367 }, 
        {"sofa" : 1,  "begin" : 368,  "end" : 370 }, 
        {"sofa" : 1,  "begin" : 371,  "end" : 374 }, 
        {"sofa" : 1,  "begin" : 375,  "end" : 378 }, 
        {"sofa" : 1,  "begin" : 379,  "end" : 382 }, 
        {"sofa" : 1,  "begin" : 382,  "end" : 383 }, 
        {"sofa" : 1,  "begin" : 384,  "end" : 387 }, 
        {"sofa" : 1,  "begin" : 388,  "end" : 391 }, 
        {"sofa" : 1,  "begin" : 392,  "end" : 396 }, 
        {"sofa" : 1,  "begin" : 397,  "end" : 398 }, 
        {"sofa" : 1,  "begin" : 399,  "end" : 407 }, 
        {"sofa" : 1,  "begin" : 407,  "end" : 408 }, 
        {"sofa" : 1,  "begin" : 409,  "end" : 413 }, 
        {"sofa" : 1,  "begin" : 414,  "end" : 416 }, 
        {"sofa" : 1,  "begin" : 416,  "end" : 417 }, 
        {"sofa" : 1,  "begin" : 418,  "end" : 422 }, 
        {"sofa" : 1,  "begin" : 423,  "end" : 427 }, 
        {"sofa" : 1,  "begin" : 428,  "end" : 431 }, 
        {"sofa" : 1,  "begin" : 432,  "end" : 438 }, 
        {"sofa" : 1,  "begin" : 439,  "end" : 444 }, 
        {"sofa" : 1,  "begin" : 445,  "end" : 449 }, 
        {"sofa" : 1,  "begin" : 450,  "end" : 452 }, 
        {"sofa" : 1,  "begin" : 453,  "end" : 454 }, 
        {"sofa" : 1,  "begin" : 454,  "end" : 459 }, 
        {"sofa" : 1,  "begin" : 460,  "end" : 467 }, 
        {"sofa" : 1,  "begin" : 468,  "end" : 470 }, 
        {"sofa" : 1,  "begin" : 471,  "end" : 476 }, 
        {"sofa" : 1,  "begin" : 477,  "end" : 486 }, 
        {"sofa" : 1,  "begin" : 487,  "end" : 491 }, 
        {"sofa" : 1,  "begin" : 492,  "end" : 497 }, 
        {"sofa" : 1,  "begin" : 497,  "end" : 498 }, 
        {"sofa" : 1,  "begin" : 499,  "end" : 506 }, 
        {"sofa" : 1,  "begin" : 507,  "end" : 511 }, 
        {"sofa" : 1,  "begin" : 512,  "end" : 517 }, 
        {"sofa" : 1,  "begin" : 518,  "end" : 520 }, 
        {"sofa" : 1,  "begin" : 521,  "end" : 530 }, 
        {"sofa" : 1,  "begin" : 530,  "end" : 531 }, 
        {"sofa" : 1,  "begin" : 532,  "end" : 536 }, 
        {"sofa" : 1,  "begin" : 537,  "end" : 548 }, 
        {"sofa" : 1,  "begin" : 548,  "end" : 549 }, 
        {"sofa" : 1,  "begin" : 550,  "end" : 553 }, 
        {"sofa" : 1,  "begin" : 554,  "end" : 558 }, 
        {"sofa" : 1,  "begin" : 558,  "end" : 559 }, 
        {"sofa" : 1,  "begin" : 560,  "end" : 566 }, 
        {"sofa" : 1,  "begin" : 567,  "end" : 570 }, 
        {"sofa" : 1,  "begin" : 571,  "end" : 577 }, 
        {"sofa" : 1,  "begin" : 577,  "end" : 578 }, 
        {"sofa" : 1,  "begin" : 579,  "end" : 591 }, 
        {"sofa" : 1,  "begin" : 591,  "end" : 592 }, 
        {"sofa" : 1,  "begin" : 593,  "end" : 596 }, 
        {"sofa" : 1,  "begin" : 597,  "end" : 600 }, 
        {"sofa" : 1,  "begin" : 601,  "end" : 604 }, 
        {"sofa" : 1,  "begin" : 605,  "end" : 609 }, 
        {"sofa" : 1,  "begin" : 610,  "end" : 618 }, 
        {"sofa" : 1,  "begin" : 618,  "end" : 619 }, 
        {"sofa" : 1,  "begin" : 620,  "end" : 622 }, 
        {"sofa" : 1,  "begin" : 623,  "end" : 627 }, 
        {"sofa" : 1,  "begin" : 628,  "end" : 630 }, 
        {"sofa" : 1,  "begin" : 631,  "end" : 632 }, 
        {"sofa" : 1,  "begin" : 632,  "end" : 633 }, 
        {"sofa" : 1,  "begin" : 634,  "end" : 638 }, 
        {"sofa" : 1,  "begin" : 639,  "end" : 643 }, 
        {"sofa" : 1,  "begin" : 643,  "end" : 644 }, 
        {"sofa" : 1,  "begin" : 645,  "end" : 649 }, 
        {"sofa" : 1,  "begin" : 650,  "end" : 652 }, 
        {"sofa" : 1,  "begin" : 653,  "end" : 658 }, 
        {"sofa" : 1,  "begin" : 659,  "end" : 660 }, 
        {"sofa" : 1,  "begin" : 661,  "end" : 665 }, 
        {"sofa" : 1,  "begin" : 666,  "end" : 671 }, 
        {"sofa" : 1,  "begin" : 672,  "end" : 674 }, 
        {"sofa" : 1,  "begin" : 675,  "end" : 677 }, 
        {"sofa" : 1,  "begin" : 678,  "end" : 682 }, 
        {"sofa" : 1,  "begin" : 683,  "end" : 690 }, 
        {"sofa" : 1,  "begin" : 690,  "end" : 691 }, 
        {"sofa" : 1,  "begin" : 692,  "end" : 695 }, 
        {"sofa" : 1,  "begin" : 696,  "end" : 698 }, 
        {"sofa" : 1,  "begin" : 699,  "end" : 703 }, 
        {"sofa" : 1,  "begin" : 704,  "end" : 705 }, 
        {"sofa" : 1,  "begin" : 706,  "end" : 711 }, 
        {"sofa" : 1,  "begin" : 712,  "end" : 718 }, 
        {"sofa" : 1,  "begin" : 718,  "end" : 719 }, 
        {"sofa" : 1,  "begin" : 720,  "end" : 723 }, 
        {"sofa" : 1,  "begin" : 724,  "end" : 731 }, 
        {"sofa" : 1,  "begin" : 732,  "end" : 734 }, 
        {"sofa" : 1,  "begin" : 735,  "end" : 741 }, 
        {"sofa" : 1,  "begin" : 742,  "end" : 750 }, 
        {"sofa" : 1,  "begin" : 751,  "end" : 753 }, 
        {"sofa" : 1,  "begin" : 754,  "end" : 762 }, 
        {"sofa" : 1,  "begin" : 763,  "end" : 767 }, 
        {"sofa" : 1,  "begin" : 768,  "end" : 770 }, 
        {"sofa" : 1,  "begin" : 771,  "end" : 776 }, 
        {"sofa" : 1,  "begin" : 776,  "end" : 777 }, 
        {"sofa" : 1,  "begin" : 779,  "end" : 780 }, 
        {"sofa" : 1,  "begin" : 781,  "end" : 785 }, 
        {"sofa" : 1,  "begin" : 786,  "end" : 796 }, 
        {"sofa" : 1,  "begin" : 797,  "end" : 805 }, 
        {"sofa" : 1,  "begin" : 806,  "end" : 809 }, 
        {"sofa" : 1,  "begin" : 810,  "end" : 818 }, 
        {"sofa" : 1,  "begin" : 819,  "end" : 825 }, 
        {"sofa" : 1,  "begin" : 826,  "end" : 830 }, 
        {"sofa" : 1,  "begin" : 831,  "end" : 836 }, 
        {"sofa" : 1,  "begin" : 837,  "end" : 840 }, 
        {"sofa" : 1,  "begin" : 841,  "end" : 843 }, 
        {"sofa" : 1,  "begin" : 844,  "end" : 847 }, 
        {"sofa" : 1,  "begin" : 848,  "end" : 854 }, 
        {"sofa" : 1,  "begin" : 855,  "end" : 857 }, 
        {"sofa" : 1,  "begin" : 858,  "end" : 863 }, 
        {"sofa" : 1,  "begin" : 864,  "end" : 867 }, 
        {"sofa" : 1,  "begin" : 868,  "end" : 875 }, 
        {"sofa" : 1,  "begin" : 876,  "end" : 878 }, 
        {"sofa" : 1,  "begin" : 878,  "end" : 879 }, 
        {"sofa" : 1,  "begin" : 880,  "end" : 883 }, 
        {"sofa" : 1,  "begin" : 884,  "end" : 886 }, 
        {"sofa" : 1,  "begin" : 887,  "end" : 889 }, 
        {"sofa" : 1,  "begin" : 890,  "end" : 897 }, 
        {"sofa" : 1,  "begin" : 897,  "end" : 898 }, 
        {"sofa" : 1,  "begin" : 899,  "end" : 902 }, 
        {"sofa" : 1,  "begin" : 903,  "end" : 911 }, 
        {"sofa" : 1,  "begin" : 912,  "end" : 916 }, 
        {"sofa" : 1,  "begin" : 917,  "end" : 919 }, 
        {"sofa" : 1,  "begin" : 920,  "end" : 927 }, 
        {"sofa" : 1,  "begin" : 928,  "end" : 929 }, 
        {"sofa" : 1,  "begin" : 929,  "end" : 939 }, 
        {"sofa" : 1,  "begin" : 940,  "end" : 942 }, 
        {"sofa" : 1,  "begin" : 943,  "end" : 947 }, 
        {"sofa" : 1,  "begin" : 948,  "end" : 952 }, 
        {"sofa" : 1,  "begin" : 953,  "end" : 957 }, 
        {"sofa" : 1,  "begin" : 958,  "end" : 963 }, 
        {"sofa" : 1,  "begin" : 964,  "end" : 966 }, 
        {"sofa" : 1,  "begin" : 967,  "end" : 970 }, 
        {"sofa" : 1,  "begin" : 971,  "end" : 978 }, 
        {"sofa" : 1,  "begin" : 979,  "end" : 983 }, 
        {"sofa" : 1,  "begin" : 984,  "end" : 991 }, 
        {"sofa" : 1,  "begin" : 991,  "end" : 992 }, 
        {"sofa" : 1,  "begin" : 993,  "end" : 997 }, 
        {"sofa" : 1,  "begin" : 998,  "end" : 1004 }, 
        {"sofa" : 1,  "begin" : 1005,  "end" : 1006 }, 
        {"sofa" : 1,  "begin" : 1007,  "end" : 1015 }, 
        {"sofa" : 1,  "begin" : 1016,  "end" : 1025 }, 
        {"sofa" : 1,  "begin" : 1026,  "end" : 1029 }, 
        {"sofa" : 1,  "begin" : 1030,  "end" : 1041 }, 
        {"sofa" : 1,  "begin" : 1042,  "end" : 1047 }, 
        {"sofa" : 1,  "begin" : 1048,  "end" : 1054 }, 
        {"sofa" : 1,  "begin" : 1055,  "end" : 1060 }, 
        {"sofa" : 1,  "begin" : 1061,  "end" : 1069 }, 
        {"sofa" : 1,  "begin" : 1069,  "end" : 1070 }, 
        {"sofa" : 1,  "begin" : 1071,  "end" : 1072 }, 
        {"sofa" : 1,  "begin" : 1072,  "end" : 1073 }, 
        {"sofa" : 1,  "begin" : 1075,  "end" : 1078 }, 
        {"sofa" : 1,  "begin" : 1079,  "end" : 1082 }, 
        {"sofa" : 1,  "begin" : 1083,  "end" : 1086 }, 
        {"sofa" : 1,  "begin" : 1087,  "end" : 1094 }, 
        {"sofa" : 1,  "begin" : 1095,  "end" : 1097 }, 
        {"sofa" : 1,  "begin" : 1098,  "end" : 1103 }, 
        {"sofa" : 1,  "begin" : 1104,  "end" : 1112 }, 
        {"sofa" : 1,  "begin" : 1113,  "end" : 1118 }, 
        {"sofa" : 1,  "begin" : 1119,  "end" : 1124 }, 
        {"sofa" : 1,  "begin" : 1125,  "end" : 1126 }, 
        {"sofa" : 1,  "begin" : 1127,  "end" : 1134 }, 
        {"sofa" : 1,  "begin" : 1135,  "end" : 1138 }, 
        {"sofa" : 1,  "begin" : 1139,  "end" : 1146 }, 
        {"sofa" : 1,  "begin" : 1147,  "end" : 1149 }, 
        {"sofa" : 1,  "begin" : 1150,  "end" : 1152 }, 
        {"sofa" : 1,  "begin" : 1153,  "end" : 1156 }, 
        {"sofa" : 1,  "begin" : 1157,  "end" : 1159 }, 
        {"sofa" : 1,  "begin" : 1160,  "end" : 1165 }, 
        {"sofa" : 1,  "begin" : 1166,  "end" : 1168 }, 
        {"sofa" : 1,  "begin" : 1169,  "end" : 1181 }, 
        {"sofa" : 1,  "begin" : 1182,  "end" : 1184 }, 
        {"sofa" : 1,  "begin" : 1185,  "end" : 1191 }, 
        {"sofa" : 1,  "begin" : 1192,  "end" : 1194 }, 
        {"sofa" : 1,  "begin" : 1195,  "end" : 1199 }, 
        {"sofa" : 1,  "begin" : 1200,  "end" : 1203 }, 
        {"sofa" : 1,  "begin" : 1203,  "end" : 1204 }, 
        {"sofa" : 1,  "begin" : 1205,  "end" : 1207 }, 
        {"sofa" : 1,  "begin" : 1208,  "end" : 1211 }, 
        {"sofa" : 1,  "begin" : 1212,  "end" : 1219 }, 
        {"sofa" : 1,  "begin" : 1220,  "end" : 1227 }, 
        {"sofa" : 1,  "begin" : 1228,  "end" : 1232 }, 
        {"sofa" : 1,  "begin" : 1234,  "end" : 1239 }, 
        {"sofa" : 1,  "begin" : 1240,  "end" : 1242 }, 
        {"sofa" : 1,  "begin" : 1243,  "end" : 1246 }, 
        {"sofa" : 1,  "begin" : 1247,  "end" : 1256 }, 
        {"sofa" : 1,  "begin" : 1257,  "end" : 1261 }, 
        {"sofa" : 1,  "begin" : 1262,  "end" : 1264 }, 
        {"sofa" : 1,  "begin" : 1265,  "end" : 1268 }, 
        {"sofa" : 1,  "begin" : 1268,  "end" : 1269 }, 
        {"sofa" : 1,  "begin" : 1270,  "end" : 1272 }, 
        {"sofa" : 1,  "begin" : 1273,  "end" : 1276 }, 
        {"sofa" : 1,  "begin" : 1277,  "end" : 1281 }, 
        {"sofa" : 1,  "begin" : 1282,  "end" : 1285 }, 
        {"sofa" : 1,  "begin" : 1286,  "end" : 1289 }, 
        {"sofa" : 1,  "begin" : 1290,  "end" : 1295 }, 
        {"sofa" : 1,  "begin" : 1296,  "end" : 1303 }, 
        {"sofa" : 1,  "begin" : 1303,  "end" : 1304 }, 
        {"sofa" : 1,  "begin" : 1305,  "end" : 1308 }, 
        {"sofa" : 1,  "begin" : 1309,  "end" : 1312 }, 
        {"sofa" : 1,  "begin" : 1313,  "end" : 1320 }, 
        {"sofa" : 1,  "begin" : 1321,  "end" : 1327 }, 
        {"sofa" : 1,  "begin" : 1328,  "end" : 1330 }, 
        {"sofa" : 1,  "begin" : 1331,  "end" : 1338 }, 
        {"sofa" : 1,  "begin" : 1339,  "end" : 1349 }, 
        {"sofa" : 1,  "begin" : 1350,  "end" : 1355 }, 
        {"sofa" : 1,  "begin" : 1356,  "end" : 1358 }, 
        {"sofa" : 1,  "begin" : 1359,  "end" : 1362 }, 
        {"sofa" : 1,  "begin" : 1363,  "end" : 1370 }, 
        {"sofa" : 1,  "begin" : 1370,  "end" : 1371 }, 
        {"sofa" : 1,  "begin" : 1372,  "end" : 1374 }, 
        {"sofa" : 1,  "begin" : 1375,  "end" : 1378 }, 
        {"sofa" : 1,  "begin" : 1379,  "end" : 1381 }, 
        {"sofa" : 1,  "begin" : 1382,  "end" : 1392 }, 
        {"sofa" : 1,  "begin" : 1393,  "end" : 1394 }, 
        {"sofa" : 1,  "begin" : 1395,  "end" : 1401 }, 
        {"sofa" : 1,  "begin" : 1402,  "end" : 1404 }, 
        {"sofa" : 1,  "begin" : 1404,  "end" : 1405 }, 
        {"sofa" : 1,  "begin" : 1406,  "end" : 1408 }, 
        {"sofa" : 1,  "begin" : 1409,  "end" : 1414 }, 
        {"sofa" : 1,  "begin" : 1415,  "end" : 1420 }, 
        {"sofa" : 1,  "begin" : 1420,  "end" : 1421 }, 
        {"sofa" : 1,  "begin" : 1422,  "end" : 1433 }, 
        {"sofa" : 1,  "begin" : 1434,  "end" : 1436 }, 
        {"sofa" : 1,  "begin" : 1437,  "end" : 1441 }, 
        {"sofa" : 1,  "begin" : 1442,  "end" : 1445 }, 
        {"sofa" : 1,  "begin" : 1446,  "end" : 1450 }, 
        {"sofa" : 1,  "begin" : 1451,  "end" : 1459 }, 
        {"sofa" : 1,  "begin" : 1460,  "end" : 1462 }, 
        {"sofa" : 1,  "begin" : 1463,  "end" : 1472 }, 
        {"sofa" : 1,  "begin" : 1473,  "end" : 1476 }, 
        {"sofa" : 1,  "begin" : 1477,  "end" : 1482 }, 
        {"sofa" : 1,  "begin" : 1482,  "end" : 1483 }, 
        {"sofa" : 1,  "begin" : 1485,  "end" : 1490 }, 
        {"sofa" : 1,  "begin" : 1491,  "end" : 1493 }, 
        {"sofa" : 1,  "begin" : 1493,  "end" : 1494 }, 
        {"sofa" : 1,  "begin" : 1495,  "end" : 1497 }, 
        {"sofa" : 1,  "begin" : 1498,  "end" : 1503 }, 
        {"sofa" : 1,  "begin" : 1504,  "end" : 1506 }, 
        {"sofa" : 1,  "begin" : 1507,  "end" : 1510 }, 
        {"sofa" : 1,  "begin" : 1511,  "end" : 1514 }, 
        {"sofa" : 1,  "begin" : 1514,  "end" : 1515 }, 
        {"sofa" : 1,  "begin" : 1517,  "end" : 1518 }, 
        {"sofa" : 1,  "begin" : 1518,  "end" : 1521 }, 
        {"sofa" : 1,  "begin" : 1522,  "end" : 1534 }, 
        {"sofa" : 1,  "begin" : 1535,  "end" : 1540 }, 
        {"sofa" : 1,  "begin" : 1541,  "end" : 1545 }, 
        {"sofa" : 1,  "begin" : 1546,  "end" : 1549 }, 
        {"sofa" : 1,  "begin" : 1550,  "end" : 1562 }, 
        {"sofa" : 1,  "begin" : 1563,  "end" : 1570 }, 
        {"sofa" : 1,  "begin" : 1571,  "end" : 1576 }, 
        {"sofa" : 1,  "begin" : 1577,  "end" : 1580 }, 
        {"sofa" : 1,  "begin" : 1581,  "end" : 1584 }, 
        {"sofa" : 1,  "begin" : 1585,  "end" : 1587 }, 
        {"sofa" : 1,  "begin" : 1588,  "end" : 1590 }, 
        {"sofa" : 1,  "begin" : 1591,  "end" : 1593 }, 
        {"sofa" : 1,  "begin" : 1594,  "end" : 1601 }, 
        {"sofa" : 1,  "begin" : 1602,  "end" : 1606 }, 
        {"sofa" : 1,  "begin" : 1607,  "end" : 1610 }, 
        {"sofa" : 1,  "begin" : 1611,  "end" : 1616 }, 
        {"sofa" : 1,  "begin" : 1616,  "end" : 1617 }, 
        {"sofa" : 1,  "begin" : 1618,  "end" : 1621 }, 
        {"sofa" : 1,  "begin" : 1622,  "end" : 1624 }, 
        {"sofa" : 1,  "begin" : 1625,  "end" : 1627 }, 
        {"sofa" : 1,  "begin" : 1628,  "end" : 1630 }, 
        {"sofa" : 1,  "begin" : 1631,  "end" : 1633 }, 
        {"sofa" : 1,  "begin" : 1634,  "end" : 1641 }, 
        {"sofa" : 1,  "begin" : 1641,  "end" : 1642 }, 
        {"sofa" : 1,  "begin" : 1643,  "end" : 1645 }, 
        {"sofa" : 1,  "begin" : 1646,  "end" : 1651 }, 
        {"sofa" : 1,  "begin" : 1651,  "end" : 1652 }, 
        {"sofa" : 1,  "begin" : 1653,  "end" : 1662 }, 
        {"sofa" : 1,  "begin" : 1663,  "end" : 1665 }, 
        {"sofa" : 1,  "begin" : 1666,  "end" : 1671 }, 
        {"sofa" : 1,  "begin" : 1672,  "end" : 1682 }, 
        {"sofa" : 1,  "begin" : 1682,  "end" : 1683 }, 
        {"sofa" : 1,  "begin" : 1684,  "end" : 1687 }, 
        {"sofa" : 1,  "begin" : 1688,  "end" : 1693 }, 
        {"sofa" : 1,  "begin" : 1694,  "end" : 1696 }, 
        {"sofa" : 1,  "begin" : 1697,  "end" : 1700 }, 
        {"sofa" : 1,  "begin" : 1701,  "end" : 1709 }, 
        {"sofa" : 1,  "begin" : 1710,  "end" : 1714 }, 
        {"sofa" : 1,  "begin" : 1715,  "end" : 1717 }, 
        {"sofa" : 1,  "begin" : 1718,  "end" : 1723 }, 
        {"sofa" : 1,  "begin" : 1724,  "end" : 1735 }, 
        {"sofa" : 1,  "begin" : 1735,  "end" : 1736 }, 
        {"sofa" : 1,  "begin" : 1737,  "end" : 1739 }, 
        {"sofa" : 1,  "begin" : 1740,  "end" : 1742 }, 
        {"sofa" : 1,  "begin" : 1743,  "end" : 1744 }, 
        {"sofa" : 1,  "begin" : 1745,  "end" : 1751 }, 
        {"sofa" : 1,  "begin" : 1752,  "end" : 1755 }, 
        {"sofa" : 1,  "begin" : 1756,  "end" : 1767 }, 
        {"sofa" : 1,  "begin" : 1768,  "end" : 1772 }, 
        {"sofa" : 1,  "begin" : 1772,  "end" : 1773 }, 
        {"sofa" : 1,  "begin" : 1774,  "end" : 1777 }, 
        {"sofa" : 1,  "begin" : 1778,  "end" : 1785 }, 
        {"sofa" : 1,  "begin" : 1786,  "end" : 1790 }, 
        {"sofa" : 1,  "begin" : 1791,  "end" : 1793 }, 
        {"sofa" : 1,  "begin" : 1794,  "end" : 1804 }, 
        {"sofa" : 1,  "begin" : 1805,  "end" : 1807 }, 
        {"sofa" : 1,  "begin" : 1808,  "end" : 1815 }, 
        {"sofa" : 1,  "begin" : 1816,  "end" : 1822 }, 
        {"sofa" : 1,  "begin" : 1823,  "end" : 1825 }, 
        {"sofa" : 1,  "begin" : 1826,  "end" : 1830 }, 
        {"sofa" : 1,  "begin" : 1831,  "end" : 1837 }, 
        {"sofa" : 1,  "begin" : 1838,  "end" : 1840 }, 
        {"sofa" : 1,  "begin" : 1841,  "end" : 1843 }, 
        {"sofa" : 1,  "begin" : 1844,  "end" : 1849 }, 
        {"sofa" : 1,  "begin" : 1850,  "end" : 1852 }, 
        {"sofa" : 1,  "begin" : 1853,  "end" : 1856 }, 
        {"sofa" : 1,  "begin" : 1857,  "end" : 1865 }, 
        {"sofa" : 1,  "begin" : 1866,  "end" : 1868 }, 
        {"sofa" : 1,  "begin" : 1869,  "end" : 1878 }, 
        {"sofa" : 1,  "begin" : 1878,  "end" : 1879 }, 
        {"sofa" : 1,  "begin" : 1880,  "end" : 1884 }, 
        {"sofa" : 1,  "begin" : 1885,  "end" : 1892 }, 
        {"sofa" : 1,  "begin" : 1893,  "end" : 1896 }, 
        {"sofa" : 1,  "begin" : 1897,  "end" : 1902 }, 
        {"sofa" : 1,  "begin" : 1903,  "end" : 1905 }, 
        {"sofa" : 1,  "begin" : 1906,  "end" : 1912 }, 
        {"sofa" : 1,  "begin" : 1912,  "end" : 1913 }, 
        {"sofa" : 1,  "begin" : 1914,  "end" : 1918 }, 
        {"sofa" : 1,  "begin" : 1919,  "end" : 1921 }, 
        {"sofa" : 1,  "begin" : 1922,  "end" : 1925 }, 
        {"sofa" : 1,  "begin" : 1926,  "end" : 1932 }, 
        {"sofa" : 1,  "begin" : 1933,  "end" : 1945 }, 
        {"sofa" : 1,  "begin" : 1946,  "end" : 1950 }, 
        {"sofa" : 1,  "begin" : 1951,  "end" : 1957 }, 
        {"sofa" : 1,  "begin" : 1958,  "end" : 1966 }, 
        {"sofa" : 1,  "begin" : 1967,  "end" : 1971 }, 
        {"sofa" : 1,  "begin" : 1972,  "end" : 1980 }, 
        {"sofa" : 1,  "begin" : 1981,  "end" : 1983 }, 
        {"sofa" : 1,  "begin" : 1984,  "end" : 1987 }, 
        {"sofa" : 1,  "begin" : 1988,  "end" : 1998 }, 
        {"sofa" : 1,  "begin" : 1999,  "end" : 2009 }, 
        {"sofa" : 1,  "begin" : 2010,  "end" : 2012 }, 
        {"sofa" : 1,  "begin" : 2013,  "end" : 2016 }, 
        {"sofa" : 1,  "begin" : 2017,  "end" : 2020 }, 
        {"sofa" : 1,  "begin" : 2021,  "end" : 2023 }, 
        {"sofa" : 1,  "begin" : 2024,  "end" : 2028 }, 
        {"sofa" : 1,  "begin" : 2029,  "end" : 2036 }, 
        {"sofa" : 1,  "begin" : 2036,  "end" : 2037 }, 
        {"sofa" : 1,  "begin" : 2038,  "end" : 2041 }, 
        {"sofa" : 1,  "begin" : 2042,  "end" : 2049 }, 
        {"sofa" : 1,  "begin" : 2050,  "end" : 2054 }, 
        {"sofa" : 1,  "begin" : 2055,  "end" : 2058 }, 
        {"sofa" : 1,  "begin" : 2059,  "end" : 2061 }, 
        {"sofa" : 1,  "begin" : 2062,  "end" : 2066 }, 
        {"sofa" : 1,  "begin" : 2066,  "end" : 2067 }, 
        {"sofa" : 1,  "begin" : 2068,  "end" : 2070 }, 
        {"sofa" : 1,  "begin" : 2071,  "end" : 2074 }, 
        {"sofa" : 1,  "begin" : 2074,  "end" : 2075 }, 
        {"sofa" : 1,  "begin" : 2076,  "end" : 2080 }, 
        {"sofa" : 1,  "begin" : 2081,  "end" : 2089 }, 
        {"sofa" : 1,  "begin" : 2090,  "end" : 2093 }, 
        {"sofa" : 1,  "begin" : 2094,  "end" : 2097 }, 
        {"sofa" : 1,  "begin" : 2098,  "end" : 2100 }, 
        {"sofa" : 1,  "begin" : 2101,  "end" : 2103 }, 
        {"sofa" : 1,  "begin" : 2104,  "end" : 2106 }, 
        {"sofa" : 1,  "begin" : 2107,  "end" : 2118 }, 
        {"sofa" : 1,  "begin" : 2119,  "end" : 2129 }, 
        {"sofa" : 1,  "begin" : 2130,  "end" : 2131 }, 
        {"sofa" : 1,  "begin" : 2132,  "end" : 2136 }, 
        {"sofa" : 1,  "begin" : 2136,  "end" : 2137 }, 
        {"sofa" : 1,  "begin" : 2138,  "end" : 2140 }, 
        {"sofa" : 1,  "begin" : 2141,  "end" : 2143 }, 
        {"sofa" : 1,  "begin" : 2144,  "end" : 2146 }, 
        {"sofa" : 1,  "begin" : 2147,  "end" : 2154 }, 
        {"sofa" : 1,  "begin" : 2155,  "end" : 2157 }, 
        {"sofa" : 1,  "begin" : 2158,  "end" : 2164 }, 
        {"sofa" : 1,  "begin" : 2165,  "end" : 2167 }, 
        {"sofa" : 1,  "begin" : 2167,  "end" : 2168 }, 
        {"sofa" : 1,  "begin" : 2169,  "end" : 2172 }, 
        {"sofa" : 1,  "begin" : 2173,  "end" : 2179 }, 
        {"sofa" : 1,  "begin" : 2180,  "end" : 2182 }, 
        {"sofa" : 1,  "begin" : 2183,  "end" : 2187 }, 
        {"sofa" : 1,  "begin" : 2188,  "end" : 2193 }, 
        {"sofa" : 1,  "begin" : 2194,  "end" : 2200 }, 
        {"sofa" : 1,  "begin" : 2200,  "end" : 2201 }, 
        {"sofa" : 1,  "begin" : 2202,  "end" : 2206 }, 
        {"sofa" : 1,  "begin" : 2207,  "end" : 2210 }, 
        {"sofa" : 1,  "begin" : 2211,  "end" : 2221 }, 
        {"sofa" : 1,  "begin" : 2222,  "end" : 2224 }, 
        {"sofa" : 1,  "begin" : 2225,  "end" : 2228 }, 
        {"sofa" : 1,  "begin" : 2229,  "end" : 2239 }, 
        {"sofa" : 1,  "begin" : 2240,  "end" : 2244 }, 
        {"sofa" : 1,  "begin" : 2244,  "end" : 2245 }, 
        {"sofa" : 1,  "begin" : 2246,  "end" : 2249 }, 
        {"sofa" : 1,  "begin" : 2250,  "end" : 2253 }, 
        {"sofa" : 1,  "begin" : 2254,  "end" : 2259 }, 
        {"sofa" : 1,  "begin" : 2259,  "end" : 2260 }, 
        {"sofa" : 1,  "begin" : 2261,  "end" : 2265 }, 
        {"sofa" : 1,  "begin" : 2266,  "end" : 2268 }, 
        {"sofa" : 1,  "begin" : 2269,  "end" : 2276 }, 
        {"sofa" : 1,  "begin" : 2277,  "end" : 2280 }, 
        {"sofa" : 1,  "begin" : 2281,  "end" : 2290 }, 
        {"sofa" : 1,  "begin" : 2291,  "end" : 2295 }, 
        {"sofa" : 1,  "begin" : 2296,  "end" : 2300 }, 
        {"sofa" : 1,  "begin" : 2301,  "end" : 2304 }, 
        {"sofa" : 1,  "begin" : 2305,  "end" : 2311 }, 
        {"sofa" : 1,  "begin" : 2312,  "end" : 2315 }, 
        {"sofa" : 1,  "begin" : 2315,  "end" : 2316 }, 
        {"sofa" : 1,  "begin" : 2317,  "end" : 2319 }, 
        {"sofa" : 1,  "begin" : 2320,  "end" : 2325 }, 
        {"sofa" : 1,  "begin" : 2326,  "end" : 2327 }, 
        {"sofa" : 1,  "begin" : 2328,  "end" : 2334 }, 
        {"sofa" : 1,  "begin" : 2335,  "end" : 2340 }, 
        {"sofa" : 1,  "begin" : 2341,  "end" : 2344 }, 
        {"sofa" : 1,  "begin" : 2345,  "end" : 2353 }, 
        {"sofa" : 1,  "begin" : 2354,  "end" : 2358 }, 
        {"sofa" : 1,  "begin" : 2359,  "end" : 2363 }, 
        {"sofa" : 1,  "begin" : 2364,  "end" : 2369 }, 
        {"sofa" : 1,  "begin" : 2370,  "end" : 2373 }, 
        {"sofa" : 1,  "begin" : 2374,  "end" : 2381 }, 
        {"sofa" : 1,  "begin" : 2382,  "end" : 2387 }, 
        {"sofa" : 1,  "begin" : 2387,  "end" : 2388 } ] } }, 
  "_referenced_fss" : {
    "1" : {"_type" : "Sofa",  "sofaNum" : 1,  "sofaID" : "_InitialView",  "mimeType" : "text",  "sofaString" : "TITLE X.\nOf Terrestrial Steams in the Air.\n\nINquiring of an ingenious Acquaintance of mine, who, in an inclosed Scope of Ground, has several Veins of differing Metals and Minerals, whether he did not see, and sometimes smell Steams ascending out of this or that Spot of his Ground, in Circumstances where their Ascension could not be imputed to the Action of the Sun? He and his Son, who was also a Virtuoso, told me, that they had divers times seen as 'twere Pillars of Fumes ascending like Smoak, whereof some would be inodorous, some ill-scented, and some, though but seldom, well-scented. And you may have observed, as well as I, that Fogs, some of which I have known to be very lasting, and to have a large Spread, did require no tender Nostrils to perceive them to stink.\n\nI have frequently observed the smoaking Steams that arose out of the Shafts of Mines not wrought in: And it is certain, the Charcoal made in Cornwal (especially of that Wood that grows in the Mineral Part thereof) doth afford a manifest Arsenical and Sulphureous Smell beyond other Charcoal. N.\n\nTel est par exemple ce nuage horrible d'une fumée * epaisse qui s'eleva de la mer de Crete au Commencement de l'Este de l'an 721. et qui s'etant repandu dans\n\nl'air le fit paroistre tout en feu. La mer n'en fut pas mesme exempte; car les grosses masses de pierres enflammées qu'on en vit sortier, et qui se joignirent a l'Isle qu' on nomme Hiera, échauferent si fort les eaux qu'elles en bruloient les mains.\n\nTITLE XI.\nOf Salts in the Air.\n\n'TIS sufficiently known that the Peripatetick Schools teach the Air to be an Element warm and moist; and if it be an Element, it ought, according to their Principles, and those of the greatest part of other Naturalists, to be a simple and Homogeneous Body. But because such an elementary or uniform Purity is much easier to be found in the Writings of Schoolmen, than amongst the Works of Nature, many of the modern Philosophers have justly forsaken this Doctrine of the elementary Simplicity of the Air in some measure; but perhaps very few of them, if any, have asserted the Air to be so exceedingly compounded a Body, as in my Opinion it really is. For divers of them grant indeed, that the Atmosphere is not absolutely pure, but yet think, that it differs but gradually from true and simple Air, as Water a little moved and troubled does from clear and settled Water." }, 
    "6411" : {"_type" : "Span",  "sofa" : 1,  "begin" : 189,  "end" : 191,  "label" : "Perceiver" }, 
    "6423" : {"_type" : "Span",  "sofa" : 1,  "begin" : 57,  "end" : 91,  "label" : "Perceiver" }, 
    "6394" : {"_type" : "Span",  "sofa" : 1,  "begin" : 219,  "end" : 224,  "label" : "Smell_Word" }, 
    "6399" : {"_type" : "Span",  "sofa" : 1,  "begin" : 209,  "end" : 218,  "label" : "Time" }, 
    "6435" : {"_type" : "Span",  "sofa" : 1,  "begin" : 225,  "end" : 231,  "label" : "Smell_Source" }, 
    "6447" : {"_type" : "Span",  "sofa" : 1,  "begin" : 242,  "end" : 280,  "label" : "Location" }, 
    "6498" : {"_type" : "Span",  "sofa" : 1,  "begin" : 507,  "end" : 511,  "label" : "Odour_Carrier" }, 
    "6539" : {"_type" : "Span",  "sofa" : 1,  "begin" : 460,  "end" : 476,  "label" : "Odour_Carrier" }, 
    "6459" : {"_type" : "Span",  "sofa" : 1,  "begin" : 521,  "end" : 530,  "label" : "Smell_Word" }, 
    "6503" : {"_type" : "Span",  "sofa" : 1,  "begin" : 532,  "end" : 536,  "label" : "Odour_Carrier" }, 
    "6464" : {"_type" : "Span",  "sofa" : 1,  "begin" : 537,  "end" : 548,  "label" : "Smell_Word" }, 
    "6469" : {"_type" : "Span",  "sofa" : 1,  "begin" : 537,  "end" : 548,  "label" : "Quality" }, 
    "6508" : {"_type" : "Span",  "sofa" : 1,  "begin" : 554,  "end" : 558,  "label" : "Odour_Carrier" }, 
    "6481" : {"_type" : "Span",  "sofa" : 1,  "begin" : 579,  "end" : 591,  "label" : "Smell_Word" }, 
    "6486" : {"_type" : "Span",  "sofa" : 1,  "begin" : 579,  "end" : 591,  "label" : "Quality" }, 
    "6513" : {"_type" : "Span",  "sofa" : 1,  "begin" : 571,  "end" : 577,  "label" : "Time" }, 
    "6577" : {"_type" : "Span",  "sofa" : 1,  "begin" : 763,  "end" : 767,  "label" : "Odour_Carrier" }, 
    "6589" : {"_type" : "Span",  "sofa" : 1,  "begin" : 639,  "end" : 643,  "label" : "Odour_Carrier" }, 
    "6572" : {"_type" : "Span",  "sofa" : 1,  "begin" : 771,  "end" : 776,  "label" : "Smell_Word" }, 
    "6601" : {"_type" : "Span",  "sofa" : 1,  "begin" : 732,  "end" : 750,  "label" : "Perceiver" }, 
    "6613" : {"_type" : "Span",  "sofa" : 1,  "begin" : 1042,  "end" : 1047,  "label" : "Smell_Word" }, 
    "6618" : {"_type" : "Span",  "sofa" : 1,  "begin" : 1007,  "end" : 1025,  "label" : "Quality" }, 
    "6623" : {"_type" : "Span",  "sofa" : 1,  "begin" : 1030,  "end" : 1041,  "label" : "Quality" }, 
    "6642" : {"_type" : "Span",  "sofa" : 1,  "begin" : 899,  "end" : 927,  "label" : "Smell_Source" } } }