#FORMAT=WebAnno TSV 3.3


#Text=33 Abstulit ergo Josias cunctas abominationes de universis regionibus filiorum Israël : et fecit omnes qui residui erant in Israël, servire Domino Deo suo.
1-1	2-4	33	
1-2	5-13	Abstulit	
1-3	14-18	ergo	
1-4	19-25	Josias	
1-5	26-33	cunctas	
1-6	34-47	abominationes	
1-7	48-50	de	
1-8	51-60	universis	
1-9	61-71	regionibus	
1-10	72-80	filiorum	
1-11	81-87	Israël	
1-12	88-89	:	
1-13	90-92	et	
1-14	93-98	fecit	
1-15	99-104	omnes	
1-16	105-108	qui	
1-17	109-116	residui	
1-18	117-122	erant	
1-19	123-125	in	
1-20	126-132	Israël	
1-21	132-133	,	
1-22	134-141	servire	
1-23	142-148	Domino	
1-24	149-152	Deo	
1-25	153-156	suo	
1-26	156-157	.	

#Text=Cunctis diebus ejus non recesserunt a Domino Deo patrum suorum.
2-1	158-165	Cunctis	
2-2	166-172	diebus	
2-3	173-177	ejus	
2-4	178-181	non	
2-5	182-193	recesserunt	
2-6	194-195	a	
2-7	196-202	Domino	
2-8	203-206	Deo	
2-9	207-213	patrum	
2-10	214-220	suorum	
2-11	220-221	.	

#Text=Caput 35
#Text=
#Text=
#Text=1 Fecit autem Josias in Jerusalem Phase Domino, quod immolatum est quartadecima die mensis primi : 2 et constituit sacerdotes in officiis suis, hortatusque est eos ut ministrarent in domo Domini : 3 Levitis quoque, ad quorum eruditionem omnis Israël sanctificabatur Domino, locutus est : Ponite arcam in sanctuario templi, quod ædificavit Salomon filius David rex Israël, nequaquam enim eam ultra portabitis : nunc autem ministrate Domino Deo vestro, et populo ejus Israël.
#Text=4 Et præparate vos per domos et cognationes vestras in divisionibus singulorum, sicut præcepit David rex Israël, et descripsit Salomon filius ejus.
#Text=5 Et ministrate in sanctuario per familias turmasque Leviticas, 6 et sanctificati immolate Phase : fratres etiam vestros, ut possint juxta verba quæ locutus est Dominus in manu Moysi facere, præparate.
#Text=7 Dedit præterea Josias omni populo qui ibi fuerat inventus in solemnitate Phase, agnos et hædos de gregibus et reliqui pecoris triginta millia, boum quoque tria millia : hæc de regis universa substantia.
#Text=8 Duces quoque ejus sponte quod voverant, obtulerunt, tam populo quam sacerdotibus et Levitis.
3-1	222-227	Caput	
3-2	228-230	35	
3-3	233-234	1	
3-4	235-240	Fecit	
3-5	241-246	autem	
3-6	247-253	Josias	
3-7	254-256	in	
3-8	257-266	Jerusalem	
3-9	267-272	Phase	
3-10	273-279	Domino	
3-11	279-280	,	
3-12	281-285	quod	
3-13	286-295	immolatum	
3-14	296-299	est	
3-15	300-312	quartadecima	
3-16	313-316	die	
3-17	317-323	mensis	
3-18	324-329	primi	
3-19	330-331	:	
3-20	332-333	2	
3-21	334-336	et	
3-22	337-347	constituit	
3-23	348-358	sacerdotes	
3-24	359-361	in	
3-25	362-370	officiis	
3-26	371-375	suis	
3-27	375-376	,	
3-28	377-388	hortatusque	
3-29	389-392	est	
3-30	393-396	eos	
3-31	397-399	ut	
3-32	400-412	ministrarent	
3-33	413-415	in	
3-34	416-420	domo	
3-35	421-427	Domini	
3-36	428-429	:	
3-37	430-431	3	
3-38	432-439	Levitis	
3-39	440-446	quoque	
3-40	446-447	,	
3-41	448-450	ad	
3-42	451-457	quorum	
3-43	458-469	eruditionem	
3-44	470-475	omnis	
3-45	476-482	Israël	
3-46	483-498	sanctificabatur	
3-47	499-505	Domino	
3-48	505-506	,	
3-49	507-514	locutus	
3-50	515-518	est	
3-51	519-520	:	
3-52	521-527	Ponite	
3-53	528-533	arcam	
3-54	534-536	in	
3-55	537-547	sanctuario	
3-56	548-554	templi	
3-57	554-555	,	
3-58	556-560	quod	
3-59	561-571	ædificavit	
3-60	572-579	Salomon	
3-61	580-586	filius	
3-62	587-592	David	
3-63	593-596	rex	
3-64	597-603	Israël	
3-65	603-604	,	
3-66	605-614	nequaquam	
3-67	615-619	enim	
3-68	620-623	eam	
3-69	624-629	ultra	
3-70	630-640	portabitis	
3-71	641-642	:	
3-72	643-647	nunc	
3-73	648-653	autem	
3-74	654-664	ministrate	
3-75	665-671	Domino	
3-76	672-675	Deo	
3-77	676-682	vestro	
3-78	682-683	,	
3-79	684-686	et	
3-80	687-693	populo	
3-81	694-698	ejus	
3-82	699-705	Israël	
3-83	705-706	.	
3-84	707-708	4	
3-85	709-711	Et	
3-86	712-721	præparate	
3-87	722-725	vos	
3-88	726-729	per	
3-89	730-735	domos	
3-90	736-738	et	
3-91	739-750	cognationes	
3-92	751-758	vestras	
3-93	759-761	in	
3-94	762-774	divisionibus	
3-95	775-785	singulorum	
3-96	785-786	,	
3-97	787-792	sicut	
3-98	793-801	præcepit	
3-99	802-807	David	
3-100	808-811	rex	
3-101	812-818	Israël	
3-102	818-819	,	
3-103	820-822	et	
3-104	823-833	descripsit	
3-105	834-841	Salomon	
3-106	842-848	filius	
3-107	849-853	ejus	
3-108	853-854	.	
3-109	855-856	5	
3-110	857-859	Et	
3-111	860-870	ministrate	
3-112	871-873	in	
3-113	874-884	sanctuario	
3-114	885-888	per	
3-115	889-897	familias	
3-116	898-907	turmasque	
3-117	908-917	Leviticas	
3-118	917-918	,	
3-119	919-920	6	
3-120	921-923	et	
3-121	924-936	sanctificati	
3-122	937-945	immolate	
3-123	946-951	Phase	
3-124	952-953	:	
3-125	954-961	fratres	
3-126	962-967	etiam	
3-127	968-975	vestros	
3-128	975-976	,	
3-129	977-979	ut	
3-130	980-987	possint	
3-131	988-993	juxta	
3-132	994-999	verba	
3-133	1000-1003	quæ	
3-134	1004-1011	locutus	
3-135	1012-1015	est	
3-136	1016-1023	Dominus	
3-137	1024-1026	in	
3-138	1027-1031	manu	
3-139	1032-1037	Moysi	
3-140	1038-1044	facere	
3-141	1044-1045	,	
3-142	1046-1055	præparate	
3-143	1055-1056	.	
3-144	1057-1058	7	
3-145	1059-1064	Dedit	
3-146	1065-1073	præterea	
3-147	1074-1080	Josias	
3-148	1081-1085	omni	
3-149	1086-1092	populo	
3-150	1093-1096	qui	
3-151	1097-1100	ibi	
3-152	1101-1107	fuerat	
3-153	1108-1116	inventus	
3-154	1117-1119	in	
3-155	1120-1131	solemnitate	
3-156	1132-1137	Phase	
3-157	1137-1138	,	
3-158	1139-1144	agnos	
3-159	1145-1147	et	
3-160	1148-1153	hædos	
3-161	1154-1156	de	
3-162	1157-1165	gregibus	
3-163	1166-1168	et	
3-164	1169-1176	reliqui	
3-165	1177-1184	pecoris	
3-166	1185-1193	triginta	
3-167	1194-1200	millia	
3-168	1200-1201	,	
3-169	1202-1206	boum	
3-170	1207-1213	quoque	
3-171	1214-1218	tria	
3-172	1219-1225	millia	
3-173	1226-1227	:	
3-174	1228-1231	hæc	
3-175	1232-1234	de	
3-176	1235-1240	regis	
3-177	1241-1249	universa	
3-178	1250-1260	substantia	
3-179	1260-1261	.	
3-180	1262-1263	8	
3-181	1264-1269	Duces	
3-182	1270-1276	quoque	
3-183	1277-1281	ejus	
3-184	1282-1288	sponte	
3-185	1289-1293	quod	
3-186	1294-1302	voverant	
3-187	1302-1303	,	
3-188	1304-1314	obtulerunt	
3-189	1314-1315	,	
3-190	1316-1319	tam	
3-191	1320-1326	populo	
3-192	1327-1331	quam	
3-193	1332-1344	sacerdotibus	
3-194	1345-1347	et	
3-195	1348-1355	Levitis	
3-196	1355-1356	.	

#Text=Porro Helcias, et Zacharias, et Jahiel principes domus Domini dederunt sacerdotibus ad faciendum Phase pecora commixtim duo millia sexcenta, et boves trecentos.
#Text=9 Chonenias autem, et Semeias, etiam Nathanaël fratres ejus, necnon Hasabias, et Jehiel, et Jozabad principes Levitarum, dederunt ceteris Levitis ad celebrandum Phase quinque millia pecorum, et boves quingentos.
#Text=10 Præparatumque est ministerium, et steterunt sacerdotes in officio suo : Levitæ quoque in turmis, juxta regis imperium.
#Text=11 Et immolatum est Phase : asperseruntque sacerdotes manu sua sanguinem, et Levitæ detraxerunt pelles holocaustorum : 12 et separaverunt ea ut darent per domos et familias singulorum, et offerrentur Domino, sicut scriptum est in libro Moysi : de bobus quoque fecerunt similiter.
#Text=13 Et assaverunt Phase super ignem, juxta quod in lege scriptum est : pacificas vero hostias coxerunt in lebetibus, et cacabis, et ollis, et festinato distribuerunt universæ plebi : 14 sibi autem et sacerdotibus postea paraverunt, nam in oblatione holocaustorum et adipum usque ad noctem sacerdotes fuerunt occupati, unde Levitæ sibi et sacerdotibus filiis Aaron paraverunt novissimis.
#Text=15 Porro cantores filii Asaph stabant in ordine suo, juxta præceptum David, et Asaph, et Heman, et Idithun prophetarum regis : janitores vero per portas singulas observabant, ita ut nec puncto quidem discederent a ministerio : quam ob rem et fratres eorum Levitæ paraverunt eis cibos.
#Text=16 Omnis igitur cultura Domini rite completa est in die illa, ut facerent Phase, et offerrent holocausta super altare Domini, juxta præceptum regis Josiæ.
#Text=17 Feceruntque filii Israël, qui reperti fuerant ibi, Phase in tempore illo, et solemnitatem azymorum septem diebus.
#Text=18 Non fuit Phase simile huic in Israël a diebus Samuelis prophetæ : sed nec quisquam de cunctis regibus Israël fecit Phase sicut Josias, sacerdotibus, et Levitis, et omni Judæ et Israël qui repertus fuerat, et habitantibus in Jerusalem.
#Text=19 Octavodecimo anno regni Josiæ hoc Phase celebratum est.
#Text=20 Postquam instauraverat Josias templum, ascendit Nechao rex Ægypti ad pugnandum in Charcamis juxta Euphraten : et processit in occursum ejus Josias.
#Text=21 At ille, missis ad eum nuntiis, ait : Quid mihi et tibi est, rex Juda ?
4-1	1357-1362	Porro	
4-2	1363-1370	Helcias	
4-3	1370-1371	,	
4-4	1372-1374	et	
4-5	1375-1384	Zacharias	
4-6	1384-1385	,	
4-7	1386-1388	et	
4-8	1389-1395	Jahiel	
4-9	1396-1405	principes	
4-10	1406-1411	domus	
4-11	1412-1418	Domini	
4-12	1419-1427	dederunt	
4-13	1428-1440	sacerdotibus	
4-14	1441-1443	ad	
4-15	1444-1453	faciendum	
4-16	1454-1459	Phase	
4-17	1460-1466	pecora	
4-18	1467-1476	commixtim	
4-19	1477-1480	duo	
4-20	1481-1487	millia	
4-21	1488-1496	sexcenta	
4-22	1496-1497	,	
4-23	1498-1500	et	
4-24	1501-1506	boves	
4-25	1507-1516	trecentos	
4-26	1516-1517	.	
4-27	1518-1519	9	
4-28	1520-1529	Chonenias	
4-29	1530-1535	autem	
4-30	1535-1536	,	
4-31	1537-1539	et	
4-32	1540-1547	Semeias	
4-33	1547-1548	,	
4-34	1549-1554	etiam	
4-35	1555-1564	Nathanaël	
4-36	1565-1572	fratres	
4-37	1573-1577	ejus	
4-38	1577-1578	,	
4-39	1579-1585	necnon	
4-40	1586-1594	Hasabias	
4-41	1594-1595	,	
4-42	1596-1598	et	
4-43	1599-1605	Jehiel	
4-44	1605-1606	,	
4-45	1607-1609	et	
4-46	1610-1617	Jozabad	
4-47	1618-1627	principes	
4-48	1628-1637	Levitarum	
4-49	1637-1638	,	
4-50	1639-1647	dederunt	
4-51	1648-1655	ceteris	
4-52	1656-1663	Levitis	
4-53	1664-1666	ad	
4-54	1667-1678	celebrandum	
4-55	1679-1684	Phase	
4-56	1685-1692	quinque	
4-57	1693-1699	millia	
4-58	1700-1707	pecorum	
4-59	1707-1708	,	
4-60	1709-1711	et	
4-61	1712-1717	boves	
4-62	1718-1728	quingentos	
4-63	1728-1729	.	
4-64	1730-1732	10	
4-65	1733-1746	Præparatumque	
4-66	1747-1750	est	
4-67	1751-1762	ministerium	
4-68	1762-1763	,	
4-69	1764-1766	et	
4-70	1767-1776	steterunt	
4-71	1777-1787	sacerdotes	
4-72	1788-1790	in	
4-73	1791-1798	officio	
4-74	1799-1802	suo	
4-75	1803-1804	:	
4-76	1805-1811	Levitæ	
4-77	1812-1818	quoque	
4-78	1819-1821	in	
4-79	1822-1828	turmis	
4-80	1828-1829	,	
4-81	1830-1835	juxta	
4-82	1836-1841	regis	
4-83	1842-1850	imperium	
4-84	1850-1851	.	
4-85	1852-1854	11	
4-86	1855-1857	Et	
4-87	1858-1867	immolatum	
4-88	1868-1871	est	
4-89	1872-1877	Phase	
4-90	1878-1879	:	
4-91	1880-1894	asperseruntque	
4-92	1895-1905	sacerdotes	
4-93	1906-1910	manu	
4-94	1911-1914	sua	
4-95	1915-1924	sanguinem	
4-96	1924-1925	,	
4-97	1926-1928	et	
4-98	1929-1935	Levitæ	
4-99	1936-1947	detraxerunt	
4-100	1948-1954	pelles	
4-101	1955-1968	holocaustorum	
4-102	1969-1970	:	
4-103	1971-1973	12	
4-104	1974-1976	et	
4-105	1977-1989	separaverunt	
4-106	1990-1992	ea	
4-107	1993-1995	ut	
4-108	1996-2002	darent	
4-109	2003-2006	per	
4-110	2007-2012	domos	
4-111	2013-2015	et	
4-112	2016-2024	familias	
4-113	2025-2035	singulorum	
4-114	2035-2036	,	
4-115	2037-2039	et	
4-116	2040-2051	offerrentur	
4-117	2052-2058	Domino	
4-118	2058-2059	,	
4-119	2060-2065	sicut	
4-120	2066-2074	scriptum	
4-121	2075-2078	est	
4-122	2079-2081	in	
4-123	2082-2087	libro	
4-124	2088-2093	Moysi	
4-125	2094-2095	:	
4-126	2096-2098	de	
4-127	2099-2104	bobus	
4-128	2105-2111	quoque	
4-129	2112-2120	fecerunt	
4-130	2121-2130	similiter	
4-131	2130-2131	.	
4-132	2132-2134	13	
4-133	2135-2137	Et	
4-134	2138-2148	assaverunt	
4-135	2149-2154	Phase	
4-136	2155-2160	super	
4-137	2161-2166	ignem	
4-138	2166-2167	,	
4-139	2168-2173	juxta	
4-140	2174-2178	quod	
4-141	2179-2181	in	
4-142	2182-2186	lege	
4-143	2187-2195	scriptum	
4-144	2196-2199	est	
4-145	2200-2201	:	
4-146	2202-2211	pacificas	
4-147	2212-2216	vero	
4-148	2217-2224	hostias	
4-149	2225-2233	coxerunt	
4-150	2234-2236	in	
4-151	2237-2246	lebetibus	
4-152	2246-2247	,	
4-153	2248-2250	et	
4-154	2251-2258	cacabis	
4-155	2258-2259	,	
4-156	2260-2262	et	
4-157	2263-2268	ollis	
4-158	2268-2269	,	
4-159	2270-2272	et	
4-160	2273-2282	festinato	
4-161	2283-2296	distribuerunt	
4-162	2297-2305	universæ	
4-163	2306-2311	plebi	
4-164	2312-2313	:	
4-165	2314-2316	14	
4-166	2317-2321	sibi	
4-167	2322-2327	autem	
4-168	2328-2330	et	
4-169	2331-2343	sacerdotibus	
4-170	2344-2350	postea	
4-171	2351-2361	paraverunt	
4-172	2361-2362	,	
4-173	2363-2366	nam	
4-174	2367-2369	in	
4-175	2370-2379	oblatione	
4-176	2380-2393	holocaustorum	
4-177	2394-2396	et	
4-178	2397-2403	adipum	
4-179	2404-2409	usque	
4-180	2410-2412	ad	
4-181	2413-2419	noctem	
4-182	2420-2430	sacerdotes	
4-183	2431-2438	fuerunt	
4-184	2439-2447	occupati	
4-185	2447-2448	,	
4-186	2449-2453	unde	
4-187	2454-2460	Levitæ	
4-188	2461-2465	sibi	
4-189	2466-2468	et	
4-190	2469-2481	sacerdotibus	
4-191	2482-2488	filiis	
4-192	2489-2494	Aaron	
4-193	2495-2505	paraverunt	
4-194	2506-2516	novissimis	
4-195	2516-2517	.	
4-196	2518-2520	15	
4-197	2521-2526	Porro	
4-198	2527-2535	cantores	
4-199	2536-2541	filii	
4-200	2542-2547	Asaph	
4-201	2548-2555	stabant	
4-202	2556-2558	in	
4-203	2559-2565	ordine	
4-204	2566-2569	suo	
4-205	2569-2570	,	
4-206	2571-2576	juxta	
4-207	2577-2586	præceptum	
4-208	2587-2592	David	
4-209	2592-2593	,	
4-210	2594-2596	et	
4-211	2597-2602	Asaph	
4-212	2602-2603	,	
4-213	2604-2606	et	
4-214	2607-2612	Heman	
4-215	2612-2613	,	
4-216	2614-2616	et	
4-217	2617-2624	Idithun	
4-218	2625-2636	prophetarum	
4-219	2637-2642	regis	
4-220	2643-2644	:	
4-221	2645-2654	janitores	
4-222	2655-2659	vero	
4-223	2660-2663	per	
4-224	2664-2670	portas	
4-225	2671-2679	singulas	
4-226	2680-2691	observabant	
4-227	2691-2692	,	
4-228	2693-2696	ita	
4-229	2697-2699	ut	
4-230	2700-2703	nec	
4-231	2704-2710	puncto	
4-232	2711-2717	quidem	
4-233	2718-2729	discederent	
4-234	2730-2731	a	
4-235	2732-2742	ministerio	
4-236	2743-2744	:	
4-237	2745-2749	quam	
4-238	2750-2752	ob	
4-239	2753-2756	rem	
4-240	2757-2759	et	
4-241	2760-2767	fratres	
4-242	2768-2773	eorum	
4-243	2774-2780	Levitæ	
4-244	2781-2791	paraverunt	
4-245	2792-2795	eis	
4-246	2796-2801	cibos	
4-247	2801-2802	.	
4-248	2803-2805	16	
4-249	2806-2811	Omnis	
4-250	2812-2818	igitur	
4-251	2819-2826	cultura	
4-252	2827-2833	Domini	
4-253	2834-2838	rite	
4-254	2839-2847	completa	
4-255	2848-2851	est	
4-256	2852-2854	in	
4-257	2855-2858	die	
4-258	2859-2863	illa	
4-259	2863-2864	,	
4-260	2865-2867	ut	
4-261	2868-2876	facerent	
4-262	2877-2882	Phase	
4-263	2882-2883	,	
4-264	2884-2886	et	
4-265	2887-2896	offerrent	
4-266	2897-2907	holocausta	
4-267	2908-2913	super	
4-268	2914-2920	altare	
4-269	2921-2927	Domini	
4-270	2927-2928	,	
4-271	2929-2934	juxta	
4-272	2935-2944	præceptum	
4-273	2945-2950	regis	
4-274	2951-2956	Josiæ	
4-275	2956-2957	.	
4-276	2958-2960	17	
4-277	2961-2972	Feceruntque	
4-278	2973-2978	filii	
4-279	2979-2985	Israël	
4-280	2985-2986	,	
4-281	2987-2990	qui	
4-282	2991-2998	reperti	
4-283	2999-3006	fuerant	
4-284	3007-3010	ibi	
4-285	3010-3011	,	
4-286	3012-3017	Phase	
4-287	3018-3020	in	
4-288	3021-3028	tempore	
4-289	3029-3033	illo	
4-290	3033-3034	,	
4-291	3035-3037	et	
4-292	3038-3050	solemnitatem	
4-293	3051-3059	azymorum	
4-294	3060-3066	septem	
4-295	3067-3073	diebus	
4-296	3073-3074	.	
4-297	3075-3077	18	
4-298	3078-3081	Non	
4-299	3082-3086	fuit	
4-300	3087-3092	Phase	
4-301	3093-3099	simile	
4-302	3100-3104	huic	
4-303	3105-3107	in	
4-304	3108-3114	Israël	
4-305	3115-3116	a	
4-306	3117-3123	diebus	
4-307	3124-3132	Samuelis	
4-308	3133-3141	prophetæ	
4-309	3142-3143	:	
4-310	3144-3147	sed	
4-311	3148-3151	nec	
4-312	3152-3160	quisquam	
4-313	3161-3163	de	
4-314	3164-3171	cunctis	
4-315	3172-3179	regibus	
4-316	3180-3186	Israël	
4-317	3187-3192	fecit	
4-318	3193-3198	Phase	
4-319	3199-3204	sicut	
4-320	3205-3211	Josias	
4-321	3211-3212	,	
4-322	3213-3225	sacerdotibus	
4-323	3225-3226	,	
4-324	3227-3229	et	
4-325	3230-3237	Levitis	
4-326	3237-3238	,	
4-327	3239-3241	et	
4-328	3242-3246	omni	
4-329	3247-3251	Judæ	
4-330	3252-3254	et	
4-331	3255-3261	Israël	
4-332	3262-3265	qui	
4-333	3266-3274	repertus	
4-334	3275-3281	fuerat	
4-335	3281-3282	,	
4-336	3283-3285	et	
4-337	3286-3298	habitantibus	
4-338	3299-3301	in	
4-339	3302-3311	Jerusalem	
4-340	3311-3312	.	
4-341	3313-3315	19	
4-342	3316-3328	Octavodecimo	
4-343	3329-3333	anno	
4-344	3334-3339	regni	
4-345	3340-3345	Josiæ	
4-346	3346-3349	hoc	
4-347	3350-3355	Phase	
4-348	3356-3366	celebratum	
4-349	3367-3370	est	
4-350	3370-3371	.	
4-351	3372-3374	20	
4-352	3375-3383	Postquam	
4-353	3384-3397	instauraverat	
4-354	3398-3404	Josias	
4-355	3405-3412	templum	
4-356	3412-3413	,	
4-357	3414-3422	ascendit	
4-358	3423-3429	Nechao	
4-359	3430-3433	rex	
4-360	3434-3440	Ægypti	
4-361	3441-3443	ad	
4-362	3444-3453	pugnandum	
4-363	3454-3456	in	
4-364	3457-3466	Charcamis	
4-365	3467-3472	juxta	
4-366	3473-3482	Euphraten	
4-367	3483-3484	:	
4-368	3485-3487	et	
4-369	3488-3497	processit	
4-370	3498-3500	in	
4-371	3501-3509	occursum	
4-372	3510-3514	ejus	
4-373	3515-3521	Josias	
4-374	3521-3522	.	
4-375	3523-3525	21	
4-376	3526-3528	At	
4-377	3529-3533	ille	
4-378	3533-3534	,	
4-379	3535-3541	missis	
4-380	3542-3544	ad	
4-381	3545-3548	eum	
4-382	3549-3556	nuntiis	
4-383	3556-3557	,	
4-384	3558-3561	ait	
4-385	3562-3563	:	
4-386	3564-3568	Quid	
4-387	3569-3573	mihi	
4-388	3574-3576	et	
4-389	3577-3581	tibi	
4-390	3582-3585	est	
4-391	3585-3586	,	
4-392	3587-3590	rex	
4-393	3591-3595	Juda	
4-394	3596-3597	?	

#Text=non adversum te hodie venio, sed contra aliam pugno domum, ad quam me Deus festinato ire præcepit : desine adversum Deum facere, qui mecum est, ne interficiat te.
5-1	3598-3601	non	
5-2	3602-3610	adversum	
5-3	3611-3613	te	
5-4	3614-3619	hodie	
5-5	3620-3625	venio	
5-6	3625-3626	,	
5-7	3627-3630	sed	
5-8	3631-3637	contra	
5-9	3638-3643	aliam	
5-10	3644-3649	pugno	
5-11	3650-3655	domum	
5-12	3655-3656	,	
5-13	3657-3659	ad	
5-14	3660-3664	quam	
5-15	3665-3667	me	
5-16	3668-3672	Deus	
5-17	3673-3682	festinato	
5-18	3683-3686	ire	
5-19	3687-3695	præcepit	
5-20	3696-3697	:	
5-21	3698-3704	desine	
5-22	3705-3713	adversum	
5-23	3714-3718	Deum	
5-24	3719-3725	facere	
5-25	3725-3726	,	
5-26	3727-3730	qui	
5-27	3731-3736	mecum	
5-28	3737-3740	est	
5-29	3740-3741	,	
5-30	3742-3744	ne	
5-31	3745-3756	interficiat	
5-32	3757-3759	te	
5-33	3759-3760	.	
