#FORMAT=WebAnno TSV 3.3
#T_SP=custom.Span|label
#T_RL=custom.Relation|label|BT_custom.Span


#Text=uͤber dem Fluß Chi-
#Text=lau, in den Landen Negumbo, und innerhalb/
#Text=
#Text=auch umb Gale her.
1-1	0-5	uͤber	_	_	_	
1-2	6-9	dem	_	_	_	
1-3	10-14	Fluß	_	_	_	
1-4	15-18	Chi	_	_	_	
1-5	18-19	-	_	_	_	
1-6	20-23	lau	_	_	_	
1-7	23-24	,	_	_	_	
1-8	25-27	in	_	_	_	
1-9	28-31	den	_	_	_	
1-10	32-38	Landen	_	_	_	
1-11	39-46	Negumbo	_	_	_	
1-12	46-47	,	_	_	_	
1-13	48-51	und	_	_	_	
1-14	52-61	innerhalb	_	_	_	
1-15	61-62	/	_	_	_	
1-16	64-68	auch	_	_	_	
1-17	69-72	umb	_	_	_	
1-18	73-77	Gale	_	_	_	
1-19	78-81	her	_	_	_	
1-20	81-82	.	_	_	_	

#Text=Dieſe
#Text=baͤume wachſen
#Text=auch nicht ordenlich beyeinander her/
#Text=ſon-
#Text=dern ſtehen hin und wider in den Waͤldern/
#Text=
#Text=wie ich im reiſen erfahren und geſehen habe/
#Text=
#Text=daß meine Diener (als ich auff Gale den
#Text=
#Text=Kirchen-
#Text=
#Text=
#Text=A a 2\f
#Text=[188/0204
#Text=]
#Text=
#Text=
#Text=Das Erſte Buch/
#Text=
#Text=
#Text=Kirchen-dienſt verſahe)
#Text=under dem Brand-
#Text=holtz manchmahl Canellholtz mit ins Hauß
#Text=gebracht/ welches auffs fewr gelegt/ einen
#Text=ſehr lieblichen geruch gabe.
2-1	83-88	Dieſe	_	_	_	
2-2	89-95	baͤume	_	_	_	
2-3	96-103	wachſen	_	_	_	
2-4	104-108	auch	_	_	_	
2-5	109-114	nicht	_	_	_	
2-6	115-124	ordenlich	_	_	_	
2-7	125-136	beyeinander	_	_	_	
2-8	137-140	her	_	_	_	
2-9	140-141	/	_	_	_	
2-10	142-145	ſon	_	_	_	
2-11	145-146	-	_	_	_	
2-12	147-151	dern	_	_	_	
2-13	152-158	ſtehen	_	_	_	
2-14	159-162	hin	_	_	_	
2-15	163-166	und	_	_	_	
2-16	167-172	wider	_	_	_	
2-17	173-175	in	_	_	_	
2-18	176-179	den	_	_	_	
2-19	180-188	Waͤldern	_	_	_	
2-20	188-189	/	_	_	_	
2-21	191-194	wie	_	_	_	
2-22	195-198	ich	_	_	_	
2-23	199-201	im	_	_	_	
2-24	202-208	reiſen	_	_	_	
2-25	209-217	erfahren	_	_	_	
2-26	218-221	und	_	_	_	
2-27	222-229	geſehen	_	_	_	
2-28	230-234	habe	_	_	_	
2-29	234-235	/	_	_	_	
2-30	237-240	daß	_	_	_	
2-31	241-246	meine	_	_	_	
2-32	247-253	Diener	_	_	_	
2-33	254-255	(	_	_	_	
2-34	255-258	als	_	_	_	
2-35	259-262	ich	_	_	_	
2-36	263-267	auff	_	_	_	
2-37	268-272	Gale	_	_	_	
2-38	273-276	den	_	_	_	
2-39	278-285	Kirchen	_	_	_	
2-40	285-286	-	_	_	_	
2-41	289-290	A	_	_	_	
2-42	291-292	a	_	_	_	
2-43	293-294	2	_	_	_	
2-44	296-297	[	_	_	_	
2-45	297-300	188	_	_	_	
2-46	300-301	/	_	_	_	
2-47	301-305	0204	_	_	_	
2-48	306-307	]	_	_	_	
2-49	310-313	Das	_	_	_	
2-50	314-319	Erſte	_	_	_	
2-51	320-324	Buch	_	_	_	
2-52	324-325	/	_	_	_	
2-53	328-342	Kirchen-dienſt	_	_	_	
2-54	343-350	verſahe	_	_	_	
2-55	350-351	)	_	_	_	
2-56	352-357	under	_	_	_	
2-57	358-361	dem	_	_	_	
2-58	362-367	Brand	_	_	_	
2-59	367-368	-	_	_	_	
2-60	369-374	holtz	_	_	_	
2-61	375-384	manchmahl	_	_	_	
2-62	385-396	Canellholtz	Smell\_Source	*	2-68[2_0]	
2-63	397-400	mit	_	_	_	
2-64	401-404	ins	_	_	_	
2-65	405-409	Hauß	_	_	_	
2-66	410-418	gebracht	_	_	_	
2-67	418-419	/	_	_	_	
2-68	420-427	welches	Circumstances[1]|Smell\_Source[2]	_	_	
2-69	428-433	auffs	Circumstances[1]	_	_	
2-70	434-438	fewr	Circumstances[1]	_	_	
2-71	439-445	gelegt	Circumstances[1]	_	_	
2-72	445-446	/	_	_	_	
2-73	447-452	einen	_	_	_	
2-74	453-457	ſehr	Quality[3]	_	_	
2-75	458-468	lieblichen	Quality[3]	_	_	
2-76	469-475	geruch	Smell\_Word	*|*|*	2-62|2-68[1_0]|2-74[3_0]	
2-77	476-480	gabe	_	_	_	
2-78	480-481	.	_	_	_	

#Text=Es iſt auch anmerckens werth/ daß auß
#Text=der Wurtzel deß Canellbaums nicht allein
#Text=ein wolriehend Waſſer wie Camffer/ ſon-
#Text=dern an ſich ſelbſt der ſtaͤrckſte Camffer her-
#Text=fuͤrkom̃t.
3-1	485-487	Es	_	_	_	
3-2	488-491	iſt	_	_	_	
3-3	492-496	auch	_	_	_	
3-4	497-507	anmerckens	_	_	_	
3-5	508-513	werth	_	_	_	
3-6	513-514	/	_	_	_	
3-7	515-518	daß	_	_	_	
3-8	519-522	auß	_	_	_	
3-9	523-526	der	_	_	_	
3-10	527-534	Wurtzel	_	_	_	
3-11	535-538	deß	_	_	_	
3-12	539-550	Canellbaums	_	_	_	
3-13	551-556	nicht	_	_	_	
3-14	557-563	allein	_	_	_	
3-15	564-567	ein	_	_	_	
3-16	568-578	wolriehend	Quality[4]|Smell\_Word[5]	*|*	3-17[0_5]|3-18[6_5]	
3-17	579-585	Waſſer	Smell\_Source	_	_	
3-18	586-589	wie	Evoked\_Odorant[6]	_	_	
3-19	590-597	Camffer	Evoked\_Odorant[6]|*[7]	_	_	
3-20	597-598	/	_	_	_	
3-21	599-602	ſon	_	_	_	
3-22	602-603	-	_	_	_	
3-23	604-608	dern	_	_	_	
3-24	609-611	an	_	_	_	
3-25	612-616	ſich	_	_	_	
3-26	617-623	ſelbſt	_	_	_	
3-27	624-627	der	_	_	_	
3-28	628-638	ſtaͤrckſte	_	_	_	
3-29	639-646	Camffer	_	_	_	
3-30	647-650	her	_	_	_	
3-31	650-651	-	_	_	_	
3-32	652-661	fuͤrkom̃t	_	_	_	
3-33	661-662	.	_	_	_	

#Text=Jch hab runde/ weiſſe
#Text=Kuͤgelein
#Text=
#Text=davon in meiner verwahrung gehabt/ die
#Text=ich von wegen des ſtarcken geruchs nicht
#Text=vertragen konnte.
4-1	663-666	Jch	_	_	_	
4-2	667-670	hab	_	_	_	
4-3	671-676	runde	_	_	_	
4-4	676-677	/	_	_	_	
4-5	678-684	weiſſe	_	_	_	
4-6	685-694	Kuͤgelein	Smell\_Source	_	_	
4-7	696-701	davon	_	_	_	
4-8	702-704	in	_	_	_	
4-9	705-711	meiner	_	_	_	
4-10	712-722	verwahrung	_	_	_	
4-11	723-729	gehabt	_	_	_	
4-12	729-730	/	_	_	_	
4-13	731-734	die	_	_	_	
4-14	735-738	ich	Perceiver	_	_	
4-15	739-742	von	_	_	_	
4-16	743-748	wegen	_	_	_	
4-17	749-752	des	_	_	_	
4-18	753-761	ſtarcken	Quality	_	_	
4-19	762-769	geruchs	Smell\_Word	*|*|*|*	4-6|4-14|4-18|4-20[8_0]	
4-20	770-775	nicht	Effect[8]	_	_	
4-21	776-785	vertragen	Effect[8]	_	_	
4-22	786-792	konnte	Effect[8]	_	_	
4-23	792-793	.	_	_	_	

#Text=Von beſagtem Canell-
#Text=baum/ als er gruͤn iſt/ werden viel Waſſer
#Text=
#Text=gebrannt/ die ſehr geſund und lieblich von
#Text=geruch.
5-1	794-797	Von	_	_	_	
5-2	798-806	beſagtem	_	_	_	
5-3	807-813	Canell	Smell\_Source[9]	_	_	
5-4	813-814	-	Smell\_Source[9]	_	_	
5-5	815-819	baum	Smell\_Source[9]	_	_	
5-6	819-820	/	_	_	_	
5-7	821-824	als	_	_	_	
5-8	825-827	er	_	_	_	
5-9	828-833	gruͤn	_	_	_	
5-10	834-837	iſt	_	_	_	
5-11	837-838	/	_	_	_	
5-12	839-845	werden	_	_	_	
5-13	846-850	viel	_	_	_	
5-14	851-857	Waſſer	Smell\_Source	*	5-3[9_0]	
5-15	859-867	gebrannt	_	_	_	
5-16	867-868	/	_	_	_	
5-17	869-872	die	_	_	_	
5-18	873-877	ſehr	_	_	_	
5-19	878-884	geſund	_	_	_	
5-20	885-888	und	_	_	_	
5-21	889-897	lieblich	Quality	_	_	
5-22	898-901	von	_	_	_	
5-23	902-908	geruch	Smell\_Word	*|*	5-14|5-21	
5-24	908-909	.	_	_	_	

#Text=Die Einwohner wiſſen von der Rinde die-
#Text=ſes Baums ſehr nette Kabinethlein und
#Text=Schreibtiſche zu machen.
6-1	913-916	Die	_	_	_	
6-2	917-926	Einwohner	_	_	_	
6-3	927-933	wiſſen	_	_	_	
6-4	934-937	von	_	_	_	
6-5	938-941	der	_	_	_	
6-6	942-947	Rinde	_	_	_	
6-7	948-951	die	_	_	_	
6-8	951-952	-	_	_	_	
6-9	953-956	ſes	_	_	_	
6-10	957-962	Baums	_	_	_	
6-11	963-967	ſehr	_	_	_	
6-12	968-973	nette	_	_	_	
6-13	974-986	Kabinethlein	_	_	_	
6-14	987-990	und	_	_	_	
6-15	991-1004	Schreibtiſche	_	_	_	
6-16	1005-1007	zu	_	_	_	
6-17	1008-1014	machen	_	_	_	
6-18	1014-1015	.	_	_	_	
