{"_context" : {
    "_types" : {
      "DocumentMetaData" : {
        "_feature_types" : {"sofa" : "_ref" } }, 
      "Relation" : {
        "_feature_types" : {"sofa" : "_ref",  "Dependent" : "_ref",  "Governor" : "_ref" } }, 
      "Sentence" : {
        "_feature_types" : {"sofa" : "_ref" } }, 
      "Sofa" : {
        "_feature_types" : {"sofaArray" : "_ref" } }, 
      "Span" : {
        "_feature_types" : {"sofa" : "_ref" } }, 
      "TagsetDescription" : {
        "_feature_types" : {"sofa" : "_ref",  "tags" : "_ref" } }, 
      "Token" : {
        "_feature_types" : {"sofa" : "_ref",  "parent" : "_ref",  "lemma" : "_ref",  "stem" : "_ref",  "pos" : "_ref",  "morph" : "_ref",  "form" : "_ref" } }, 
      "DocumentAnnotation" : {
        "_feature_types" : {"sofa" : "_ref" }, 
        "_subtypes" : ["DocumentMetaData" ] }, 
      "Annotation" : {
        "_feature_types" : {"sofa" : "_ref" }, 
        "_subtypes" : ["DocumentAnnotation",  "Relation",  "Sentence",  "Span",  "TagsetDescription",  "Token" ] }, 
      "AnnotationBase" : {
        "_feature_types" : {"sofa" : "_ref" }, 
        "_subtypes" : ["Annotation" ] }, 
      "TOP" : {
        "_subtypes" : ["AnnotationBase",  "Sofa" ] } } }, 
  "_views" : {
    "_InitialView" : {
      "Relation" : [
        {"sofa" : 1,  "begin" : 128,  "end" : 133,  "Dependent" : 4154,  "Governor" : 4159 }, 
        {"sofa" : 1,  "begin" : 128,  "end" : 133,  "Dependent" : 4154,  "Governor" : 4171 }, 
        {"sofa" : 1,  "begin" : 128,  "end" : 133,  "Dependent" : 4154,  "Governor" : 4183 }, 
        {"sofa" : 1,  "begin" : 128,  "end" : 133,  "Dependent" : 4154,  "Governor" : 4195 }, 
        {"sofa" : 1,  "begin" : 190,  "end" : 204,  "Dependent" : 4207,  "Governor" : 4212 }, 
        {"sofa" : 1,  "begin" : 190,  "end" : 204,  "Dependent" : 4207,  "Governor" : 4224 }, 
        {"sofa" : 1,  "begin" : 190,  "end" : 204,  "Dependent" : 4207,  "Governor" : 4236 }, 
        {"sofa" : 1,  "begin" : 326,  "end" : 339,  "Dependent" : 4248,  "Governor" : 4253 }, 
        {"sofa" : 1,  "begin" : 326,  "end" : 339,  "Dependent" : 4248,  "Governor" : 4265 }, 
        {"sofa" : 1,  "begin" : 431,  "end" : 442,  "Dependent" : 4277,  "Governor" : 4282 }, 
        {"sofa" : 1,  "begin" : 431,  "end" : 442,  "Dependent" : 4277,  "Governor" : 4304 }, 
        {"sofa" : 1,  "begin" : 431,  "end" : 442,  "Dependent" : 4277,  "Governor" : 4294 }, 
        {"sofa" : 1,  "begin" : 431,  "end" : 442,  "Dependent" : 4277,  "Governor" : 4299 }, 
        {"sofa" : 1,  "begin" : 431,  "end" : 442,  "Dependent" : 4277,  "Governor" : 4330 }, 
        {"sofa" : 1,  "begin" : 454,  "end" : 475,  "Dependent" : 4330,  "Governor" : 4342,  "label" : "Anaphoric" }, 
        {"sofa" : 1,  "begin" : 608,  "end" : 615,  "Dependent" : 4354,  "Governor" : 4364 }, 
        {"sofa" : 1,  "begin" : 608,  "end" : 615,  "Dependent" : 4354,  "Governor" : 4359 }, 
        {"sofa" : 1,  "begin" : 693,  "end" : 698,  "Dependent" : 4383,  "Governor" : 4388 }, 
        {"sofa" : 1,  "begin" : 693,  "end" : 698,  "Dependent" : 4383,  "Governor" : 4400 }, 
        {"sofa" : 1,  "begin" : 818,  "end" : 823,  "Dependent" : 4412,  "Governor" : 4417 }, 
        {"sofa" : 1,  "begin" : 818,  "end" : 823,  "Dependent" : 4412,  "Governor" : 4422 }, 
        {"sofa" : 1,  "begin" : 963,  "end" : 968,  "Dependent" : 4441,  "Governor" : 4446 }, 
        {"sofa" : 1,  "begin" : 963,  "end" : 968,  "Dependent" : 4441,  "Governor" : 4458 }, 
        {"sofa" : 1,  "begin" : 963,  "end" : 968,  "Dependent" : 4441,  "Governor" : 4470 }, 
        {"sofa" : 1,  "begin" : 1107,  "end" : 1112,  "Dependent" : 4482,  "Governor" : 4492 }, 
        {"sofa" : 1,  "begin" : 1107,  "end" : 1112,  "Dependent" : 4482,  "Governor" : 4509 }, 
        {"sofa" : 1,  "begin" : 1256,  "end" : 1271,  "Dependent" : 4545,  "Governor" : 4550 }, 
        {"sofa" : 1,  "begin" : 1256,  "end" : 1271,  "Dependent" : 4545,  "Governor" : 4562 }, 
        {"sofa" : 1,  "begin" : 1256,  "end" : 1271,  "Dependent" : 4545,  "Governor" : 4603 }, 
        {"sofa" : 1,  "begin" : 1318,  "end" : 1323,  "Dependent" : 4504,  "Governor" : 4521 }, 
        {"sofa" : 1,  "begin" : 1318,  "end" : 1323,  "Dependent" : 4504,  "Governor" : 4526 }, 
        {"sofa" : 1,  "begin" : 1500,  "end" : 1514,  "Dependent" : 4579,  "Governor" : 4574 }, 
        {"sofa" : 1,  "begin" : 1500,  "end" : 1514,  "Dependent" : 4579,  "Governor" : 4591 }, 
        {"sofa" : 1,  "begin" : 1500,  "end" : 1514,  "Dependent" : 4579,  "Governor" : 4615 }, 
        {"sofa" : 1,  "begin" : 1562,  "end" : 1567,  "Dependent" : 4627,  "Governor" : 4632 }, 
        {"sofa" : 1,  "begin" : 1562,  "end" : 1567,  "Dependent" : 4627,  "Governor" : 4644 }, 
        {"sofa" : 1,  "begin" : 1562,  "end" : 1567,  "Dependent" : 4627,  "Governor" : 4649 }, 
        {"sofa" : 1,  "begin" : 1648,  "end" : 1653,  "Dependent" : 4668,  "Governor" : 4673 }, 
        {"sofa" : 1,  "begin" : 1648,  "end" : 1653,  "Dependent" : 4668,  "Governor" : 4685 }, 
        {"sofa" : 1,  "begin" : 1648,  "end" : 1653,  "Dependent" : 4668,  "Governor" : 4697 }, 
        {"sofa" : 1,  "begin" : 1648,  "end" : 1653,  "Dependent" : 4668,  "Governor" : 4709 } ], 
      "Span" : [4195,  4171,  4183,  4159,  4154,  4207,  4212,  4224,  4236,  4248,  4253,  4265,  4342,  4294,  4299,  4277,  4282,  4304,  4330,  4359,  4354,  4364,  4400,  4388,  4383,  4412,  4417,  4422,  4470,  4446,  4441,  4458,  4509,  4492,  4482,  4562,  4603,  4545,  4550,  4521,  4504,  4526,  4591,  4615,  4574,  4579,  4644,  4632,  4627,  4649,  4685,  4673,  4668,  4697,  4709 ], 
      "DocumentMetaData" : [
        {"sofa" : 1,  "end" : 1717,  "language" : "x-unspecified",  "documentTitle" : "042E%20Hoffman%20and%20Ramazzini%201744%20Endemical%20diseases%20and%20diseases%20of%20tradesmen__163_distribution_PUB.txt",  "documentId" : "satonelli",  "documentUri" : "file:/home/dhuser/alessio/inception/repository/project/29/document/11842/source/satonelli",  "collectionId" : "file:/home/dhuser/alessio/inception/repository/project/29/document/11842/source/",  "documentBaseUri" : "file:/home/dhuser/alessio/inception/repository/project/29/document/11842/source/",  "isLastSegment" : false } ], 
      "TagsetDescription" : [
        {"sofa" : 1,  "layer" : "webanno.custom.Emotions",  "name" : "Emotion Labels",  "input" : false }, 
        {"sofa" : 1,  "layer" : "custom.Relation",  "name" : "Relation labels",  "input" : false }, 
        {"sofa" : 1,  "layer" : "custom.Span",  "name" : "Smell labels",  "input" : false } ], 
      "Sentence" : [
        {"sofa" : 1,  "end" : 302 }, 
        {"sofa" : 1,  "begin" : 303,  "end" : 642 }, 
        {"sofa" : 1,  "begin" : 643,  "end" : 647 }, 
        {"sofa" : 1,  "begin" : 648,  "end" : 861 }, 
        {"sofa" : 1,  "begin" : 862,  "end" : 1113 }, 
        {"sofa" : 1,  "begin" : 1114,  "end" : 1272 }, 
        {"sofa" : 1,  "begin" : 1276,  "end" : 1515 }, 
        {"sofa" : 1,  "begin" : 1516,  "end" : 1715 } ], 
      "Token" : [
        {"sofa" : 1,  "end" : 1 }, 
        {"sofa" : 1,  "begin" : 2,  "end" : 6 }, 
        {"sofa" : 1,  "begin" : 7,  "end" : 12 }, 
        {"sofa" : 1,  "begin" : 13,  "end" : 21 }, 
        {"sofa" : 1,  "begin" : 21,  "end" : 22 }, 
        {"sofa" : 1,  "begin" : 23,  "end" : 27 }, 
        {"sofa" : 1,  "begin" : 28,  "end" : 31 }, 
        {"sofa" : 1,  "begin" : 32,  "end" : 37 }, 
        {"sofa" : 1,  "begin" : 37,  "end" : 38 }, 
        {"sofa" : 1,  "begin" : 39,  "end" : 45 }, 
        {"sofa" : 1,  "begin" : 47,  "end" : 51 }, 
        {"sofa" : 1,  "begin" : 52,  "end" : 57 }, 
        {"sofa" : 1,  "begin" : 58,  "end" : 69 }, 
        {"sofa" : 1,  "begin" : 69,  "end" : 70 }, 
        {"sofa" : 1,  "begin" : 71,  "end" : 79 }, 
        {"sofa" : 1,  "begin" : 80,  "end" : 82 }, 
        {"sofa" : 1,  "begin" : 83,  "end" : 91 }, 
        {"sofa" : 1,  "begin" : 92,  "end" : 100 }, 
        {"sofa" : 1,  "begin" : 100,  "end" : 101 }, 
        {"sofa" : 1,  "begin" : 102,  "end" : 112 }, 
        {"sofa" : 1,  "begin" : 113,  "end" : 115 }, 
        {"sofa" : 1,  "begin" : 116,  "end" : 119 }, 
        {"sofa" : 1,  "begin" : 120,  "end" : 127 }, 
        {"sofa" : 1,  "begin" : 128,  "end" : 133 }, 
        {"sofa" : 1,  "begin" : 133,  "end" : 134 }, 
        {"sofa" : 1,  "begin" : 135,  "end" : 140 }, 
        {"sofa" : 1,  "begin" : 142,  "end" : 146 }, 
        {"sofa" : 1,  "begin" : 147,  "end" : 150 }, 
        {"sofa" : 1,  "begin" : 151,  "end" : 157 }, 
        {"sofa" : 1,  "begin" : 158,  "end" : 160 }, 
        {"sofa" : 1,  "begin" : 160,  "end" : 161 }, 
        {"sofa" : 1,  "begin" : 162,  "end" : 166 }, 
        {"sofa" : 1,  "begin" : 167,  "end" : 170 }, 
        {"sofa" : 1,  "begin" : 171,  "end" : 184 }, 
        {"sofa" : 1,  "begin" : 185,  "end" : 189 }, 
        {"sofa" : 1,  "begin" : 190,  "end" : 204 }, 
        {"sofa" : 1,  "begin" : 205,  "end" : 211 }, 
        {"sofa" : 1,  "begin" : 211,  "end" : 212 }, 
        {"sofa" : 1,  "begin" : 213,  "end" : 220 }, 
        {"sofa" : 1,  "begin" : 221,  "end" : 223 }, 
        {"sofa" : 1,  "begin" : 224,  "end" : 227 }, 
        {"sofa" : 1,  "begin" : 228,  "end" : 236 }, 
        {"sofa" : 1,  "begin" : 236,  "end" : 237 }, 
        {"sofa" : 1,  "begin" : 238,  "end" : 241 }, 
        {"sofa" : 1,  "begin" : 243,  "end" : 252 }, 
        {"sofa" : 1,  "begin" : 253,  "end" : 255 }, 
        {"sofa" : 1,  "begin" : 256,  "end" : 258 }, 
        {"sofa" : 1,  "begin" : 259,  "end" : 270 }, 
        {"sofa" : 1,  "begin" : 271,  "end" : 273 }, 
        {"sofa" : 1,  "begin" : 274,  "end" : 275 }, 
        {"sofa" : 1,  "begin" : 276,  "end" : 282 }, 
        {"sofa" : 1,  "begin" : 283,  "end" : 286 }, 
        {"sofa" : 1,  "begin" : 288,  "end" : 296 }, 
        {"sofa" : 1,  "begin" : 297,  "end" : 301 }, 
        {"sofa" : 1,  "begin" : 301,  "end" : 302 }, 
        {"sofa" : 1,  "begin" : 303,  "end" : 306 }, 
        {"sofa" : 1,  "begin" : 307,  "end" : 309 }, 
        {"sofa" : 1,  "begin" : 310,  "end" : 312 }, 
        {"sofa" : 1,  "begin" : 313,  "end" : 316 }, 
        {"sofa" : 1,  "begin" : 317,  "end" : 320 }, 
        {"sofa" : 1,  "begin" : 321,  "end" : 325 }, 
        {"sofa" : 1,  "begin" : 326,  "end" : 339 }, 
        {"sofa" : 1,  "begin" : 341,  "end" : 347 }, 
        {"sofa" : 1,  "begin" : 348,  "end" : 350 }, 
        {"sofa" : 1,  "begin" : 351,  "end" : 354 }, 
        {"sofa" : 1,  "begin" : 355,  "end" : 361 }, 
        {"sofa" : 1,  "begin" : 362,  "end" : 368 }, 
        {"sofa" : 1,  "begin" : 369,  "end" : 377 }, 
        {"sofa" : 1,  "begin" : 378,  "end" : 382 }, 
        {"sofa" : 1,  "begin" : 382,  "end" : 383 }, 
        {"sofa" : 1,  "begin" : 384,  "end" : 386 }, 
        {"sofa" : 1,  "begin" : 387,  "end" : 393 }, 
        {"sofa" : 1,  "begin" : 394,  "end" : 398 }, 
        {"sofa" : 1,  "begin" : 399,  "end" : 407 }, 
        {"sofa" : 1,  "begin" : 407,  "end" : 408 }, 
        {"sofa" : 1,  "begin" : 409,  "end" : 416 }, 
        {"sofa" : 1,  "begin" : 417,  "end" : 420 }, 
        {"sofa" : 1,  "begin" : 421,  "end" : 425 }, 
        {"sofa" : 1,  "begin" : 426,  "end" : 430 }, 
        {"sofa" : 1,  "begin" : 431,  "end" : 442 }, 
        {"sofa" : 1,  "begin" : 443,  "end" : 449 }, 
        {"sofa" : 1,  "begin" : 450,  "end" : 453 }, 
        {"sofa" : 1,  "begin" : 454,  "end" : 462 }, 
        {"sofa" : 1,  "begin" : 463,  "end" : 470 }, 
        {"sofa" : 1,  "begin" : 471,  "end" : 475 }, 
        {"sofa" : 1,  "begin" : 475,  "end" : 476 }, 
        {"sofa" : 1,  "begin" : 477,  "end" : 482 }, 
        {"sofa" : 1,  "begin" : 484,  "end" : 492 }, 
        {"sofa" : 1,  "begin" : 493,  "end" : 501 }, 
        {"sofa" : 1,  "begin" : 502,  "end" : 507 }, 
        {"sofa" : 1,  "begin" : 508,  "end" : 510 }, 
        {"sofa" : 1,  "begin" : 511,  "end" : 513 }, 
        {"sofa" : 1,  "begin" : 514,  "end" : 524 }, 
        {"sofa" : 1,  "begin" : 524,  "end" : 525 }, 
        {"sofa" : 1,  "begin" : 526,  "end" : 529 }, 
        {"sofa" : 1,  "begin" : 532,  "end" : 537 }, 
        {"sofa" : 1,  "begin" : 538,  "end" : 546 }, 
        {"sofa" : 1,  "begin" : 547,  "end" : 551 }, 
        {"sofa" : 1,  "begin" : 552,  "end" : 555 }, 
        {"sofa" : 1,  "begin" : 556,  "end" : 563 }, 
        {"sofa" : 1,  "begin" : 563,  "end" : 564 }, 
        {"sofa" : 1,  "begin" : 565,  "end" : 568 }, 
        {"sofa" : 1,  "begin" : 569,  "end" : 571 }, 
        {"sofa" : 1,  "begin" : 572,  "end" : 583 }, 
        {"sofa" : 1,  "begin" : 584,  "end" : 594 }, 
        {"sofa" : 1,  "begin" : 595,  "end" : 598 }, 
        {"sofa" : 1,  "begin" : 599,  "end" : 607 }, 
        {"sofa" : 1,  "begin" : 608,  "end" : 615 }, 
        {"sofa" : 1,  "begin" : 616,  "end" : 620 }, 
        {"sofa" : 1,  "begin" : 620,  "end" : 621 }, 
        {"sofa" : 1,  "begin" : 622,  "end" : 624 }, 
        {"sofa" : 1,  "begin" : 626,  "end" : 629 }, 
        {"sofa" : 1,  "begin" : 630,  "end" : 634 }, 
        {"sofa" : 1,  "begin" : 635,  "end" : 637 }, 
        {"sofa" : 1,  "begin" : 638,  "end" : 641 }, 
        {"sofa" : 1,  "begin" : 641,  "end" : 642 }, 
        {"sofa" : 1,  "begin" : 643,  "end" : 646 }, 
        {"sofa" : 1,  "begin" : 646,  "end" : 647 }, 
        {"sofa" : 1,  "begin" : 648,  "end" : 650 }, 
        {"sofa" : 1,  "begin" : 651,  "end" : 653 }, 
        {"sofa" : 1,  "begin" : 654,  "end" : 657 }, 
        {"sofa" : 1,  "begin" : 658,  "end" : 663 }, 
        {"sofa" : 1,  "begin" : 664,  "end" : 668 }, 
        {"sofa" : 1,  "begin" : 670,  "end" : 676 }, 
        {"sofa" : 1,  "begin" : 677,  "end" : 679 }, 
        {"sofa" : 1,  "begin" : 680,  "end" : 682 }, 
        {"sofa" : 1,  "begin" : 683,  "end" : 692 }, 
        {"sofa" : 1,  "begin" : 693,  "end" : 698 }, 
        {"sofa" : 1,  "begin" : 699,  "end" : 702 }, 
        {"sofa" : 1,  "begin" : 703,  "end" : 706 }, 
        {"sofa" : 1,  "begin" : 707,  "end" : 713 }, 
        {"sofa" : 1,  "begin" : 714,  "end" : 720 }, 
        {"sofa" : 1,  "begin" : 721,  "end" : 723 }, 
        {"sofa" : 1,  "begin" : 724,  "end" : 729 }, 
        {"sofa" : 1,  "begin" : 730,  "end" : 735 }, 
        {"sofa" : 1,  "begin" : 736,  "end" : 740 }, 
        {"sofa" : 1,  "begin" : 740,  "end" : 741 }, 
        {"sofa" : 1,  "begin" : 742,  "end" : 744 }, 
        {"sofa" : 1,  "begin" : 745,  "end" : 753 }, 
        {"sofa" : 1,  "begin" : 754,  "end" : 757 }, 
        {"sofa" : 1,  "begin" : 758,  "end" : 762 }, 
        {"sofa" : 1,  "begin" : 763,  "end" : 771 }, 
        {"sofa" : 1,  "begin" : 772,  "end" : 773 }, 
        {"sofa" : 1,  "begin" : 774,  "end" : 777 }, 
        {"sofa" : 1,  "begin" : 778,  "end" : 780 }, 
        {"sofa" : 1,  "begin" : 781,  "end" : 783 }, 
        {"sofa" : 1,  "begin" : 784,  "end" : 786 }, 
        {"sofa" : 1,  "begin" : 787,  "end" : 794 }, 
        {"sofa" : 1,  "begin" : 795,  "end" : 806 }, 
        {"sofa" : 1,  "begin" : 806,  "end" : 807 }, 
        {"sofa" : 1,  "begin" : 808,  "end" : 812 }, 
        {"sofa" : 1,  "begin" : 813,  "end" : 816 }, 
        {"sofa" : 1,  "begin" : 818,  "end" : 823 }, 
        {"sofa" : 1,  "begin" : 824,  "end" : 826 }, 
        {"sofa" : 1,  "begin" : 827,  "end" : 828 }, 
        {"sofa" : 1,  "begin" : 829,  "end" : 833 }, 
        {"sofa" : 1,  "begin" : 834,  "end" : 840 }, 
        {"sofa" : 1,  "begin" : 841,  "end" : 849 }, 
        {"sofa" : 1,  "begin" : 850,  "end" : 860 }, 
        {"sofa" : 1,  "begin" : 860,  "end" : 861 }, 
        {"sofa" : 1,  "begin" : 862,  "end" : 865 }, 
        {"sofa" : 1,  "begin" : 867,  "end" : 876 }, 
        {"sofa" : 1,  "begin" : 877,  "end" : 878 }, 
        {"sofa" : 1,  "begin" : 879,  "end" : 881 }, 
        {"sofa" : 1,  "begin" : 882,  "end" : 885 }, 
        {"sofa" : 1,  "begin" : 886,  "end" : 892 }, 
        {"sofa" : 1,  "begin" : 893,  "end" : 897 }, 
        {"sofa" : 1,  "begin" : 898,  "end" : 901 }, 
        {"sofa" : 1,  "begin" : 902,  "end" : 908 }, 
        {"sofa" : 1,  "begin" : 909,  "end" : 916 }, 
        {"sofa" : 1,  "begin" : 917,  "end" : 920 }, 
        {"sofa" : 1,  "begin" : 921,  "end" : 924 }, 
        {"sofa" : 1,  "begin" : 925,  "end" : 929 }, 
        {"sofa" : 1,  "begin" : 930,  "end" : 940 }, 
        {"sofa" : 1,  "begin" : 941,  "end" : 948 }, 
        {"sofa" : 1,  "begin" : 949,  "end" : 951 }, 
        {"sofa" : 1,  "begin" : 952,  "end" : 955 }, 
        {"sofa" : 1,  "begin" : 956,  "end" : 962 }, 
        {"sofa" : 1,  "begin" : 963,  "end" : 968 }, 
        {"sofa" : 1,  "begin" : 970,  "end" : 972 }, 
        {"sofa" : 1,  "begin" : 973,  "end" : 979 }, 
        {"sofa" : 1,  "begin" : 980,  "end" : 981 }, 
        {"sofa" : 1,  "begin" : 982,  "end" : 985 }, 
        {"sofa" : 1,  "begin" : 986,  "end" : 990 }, 
        {"sofa" : 1,  "begin" : 991,  "end" : 998 }, 
        {"sofa" : 1,  "begin" : 999,  "end" : 1002 }, 
        {"sofa" : 1,  "begin" : 1003,  "end" : 1009 }, 
        {"sofa" : 1,  "begin" : 1010,  "end" : 1017 }, 
        {"sofa" : 1,  "begin" : 1019,  "end" : 1030 }, 
        {"sofa" : 1,  "begin" : 1031,  "end" : 1036 }, 
        {"sofa" : 1,  "begin" : 1037,  "end" : 1041 }, 
        {"sofa" : 1,  "begin" : 1042,  "end" : 1045 }, 
        {"sofa" : 1,  "begin" : 1046,  "end" : 1053 }, 
        {"sofa" : 1,  "begin" : 1053,  "end" : 1054 }, 
        {"sofa" : 1,  "begin" : 1055,  "end" : 1060 }, 
        {"sofa" : 1,  "begin" : 1061,  "end" : 1063 }, 
        {"sofa" : 1,  "begin" : 1064,  "end" : 1070 }, 
        {"sofa" : 1,  "begin" : 1072,  "end" : 1079 }, 
        {"sofa" : 1,  "begin" : 1080,  "end" : 1082 }, 
        {"sofa" : 1,  "begin" : 1083,  "end" : 1086 }, 
        {"sofa" : 1,  "begin" : 1087,  "end" : 1099 }, 
        {"sofa" : 1,  "begin" : 1100,  "end" : 1102 }, 
        {"sofa" : 1,  "begin" : 1103,  "end" : 1106 }, 
        {"sofa" : 1,  "begin" : 1107,  "end" : 1112 }, 
        {"sofa" : 1,  "begin" : 1112,  "end" : 1113 }, 
        {"sofa" : 1,  "begin" : 1114,  "end" : 1117 }, 
        {"sofa" : 1,  "begin" : 1118,  "end" : 1119 }, 
        {"sofa" : 1,  "begin" : 1121,  "end" : 1125 }, 
        {"sofa" : 1,  "begin" : 1126,  "end" : 1136 }, 
        {"sofa" : 1,  "begin" : 1137,  "end" : 1141 }, 
        {"sofa" : 1,  "begin" : 1142,  "end" : 1147 }, 
        {"sofa" : 1,  "begin" : 1148,  "end" : 1150 }, 
        {"sofa" : 1,  "begin" : 1151,  "end" : 1152 }, 
        {"sofa" : 1,  "begin" : 1153,  "end" : 1159 }, 
        {"sofa" : 1,  "begin" : 1159,  "end" : 1160 }, 
        {"sofa" : 1,  "begin" : 1161,  "end" : 1165 }, 
        {"sofa" : 1,  "begin" : 1167,  "end" : 1179 }, 
        {"sofa" : 1,  "begin" : 1179,  "end" : 1180 }, 
        {"sofa" : 1,  "begin" : 1181,  "end" : 1185 }, 
        {"sofa" : 1,  "begin" : 1186,  "end" : 1190 }, 
        {"sofa" : 1,  "begin" : 1191,  "end" : 1199 }, 
        {"sofa" : 1,  "begin" : 1200,  "end" : 1204 }, 
        {"sofa" : 1,  "begin" : 1205,  "end" : 1208 }, 
        {"sofa" : 1,  "begin" : 1209,  "end" : 1217 }, 
        {"sofa" : 1,  "begin" : 1219,  "end" : 1229 }, 
        {"sofa" : 1,  "begin" : 1230,  "end" : 1234 }, 
        {"sofa" : 1,  "begin" : 1235,  "end" : 1240 }, 
        {"sofa" : 1,  "begin" : 1241,  "end" : 1244 }, 
        {"sofa" : 1,  "begin" : 1245,  "end" : 1250 }, 
        {"sofa" : 1,  "begin" : 1251,  "end" : 1253 }, 
        {"sofa" : 1,  "begin" : 1254,  "end" : 1255 }, 
        {"sofa" : 1,  "begin" : 1256,  "end" : 1262 }, 
        {"sofa" : 1,  "begin" : 1262,  "end" : 1263 }, 
        {"sofa" : 1,  "begin" : 1265,  "end" : 1271 }, 
        {"sofa" : 1,  "begin" : 1271,  "end" : 1272 }, 
        {"sofa" : 1,  "begin" : 1276,  "end" : 1278 }, 
        {"sofa" : 1,  "begin" : 1279,  "end" : 1281 }, 
        {"sofa" : 1,  "begin" : 1282,  "end" : 1289 }, 
        {"sofa" : 1,  "begin" : 1290,  "end" : 1299 }, 
        {"sofa" : 1,  "begin" : 1300,  "end" : 1302 }, 
        {"sofa" : 1,  "begin" : 1303,  "end" : 1306 }, 
        {"sofa" : 1,  "begin" : 1307,  "end" : 1317 }, 
        {"sofa" : 1,  "begin" : 1318,  "end" : 1323 }, 
        {"sofa" : 1,  "begin" : 1324,  "end" : 1326 }, 
        {"sofa" : 1,  "begin" : 1328,  "end" : 1342 }, 
        {"sofa" : 1,  "begin" : 1343,  "end" : 1345 }, 
        {"sofa" : 1,  "begin" : 1346,  "end" : 1349 }, 
        {"sofa" : 1,  "begin" : 1350,  "end" : 1357 }, 
        {"sofa" : 1,  "begin" : 1358,  "end" : 1368 }, 
        {"sofa" : 1,  "begin" : 1369,  "end" : 1372 }, 
        {"sofa" : 1,  "begin" : 1374,  "end" : 1381 }, 
        {"sofa" : 1,  "begin" : 1382,  "end" : 1385 }, 
        {"sofa" : 1,  "begin" : 1385,  "end" : 1386 }, 
        {"sofa" : 1,  "begin" : 1387,  "end" : 1391 }, 
        {"sofa" : 1,  "begin" : 1392,  "end" : 1395 }, 
        {"sofa" : 1,  "begin" : 1396,  "end" : 1403 }, 
        {"sofa" : 1,  "begin" : 1404,  "end" : 1408 }, 
        {"sofa" : 1,  "begin" : 1409,  "end" : 1419 }, 
        {"sofa" : 1,  "begin" : 1420,  "end" : 1421 }, 
        {"sofa" : 1,  "begin" : 1423,  "end" : 1430 }, 
        {"sofa" : 1,  "begin" : 1431,  "end" : 1439 }, 
        {"sofa" : 1,  "begin" : 1440,  "end" : 1442 }, 
        {"sofa" : 1,  "begin" : 1443,  "end" : 1446 }, 
        {"sofa" : 1,  "begin" : 1447,  "end" : 1452 }, 
        {"sofa" : 1,  "begin" : 1453,  "end" : 1456 }, 
        {"sofa" : 1,  "begin" : 1457,  "end" : 1460 }, 
        {"sofa" : 1,  "begin" : 1461,  "end" : 1466 }, 
        {"sofa" : 1,  "begin" : 1467,  "end" : 1469 }, 
        {"sofa" : 1,  "begin" : 1470,  "end" : 1478 }, 
        {"sofa" : 1,  "begin" : 1479,  "end" : 1483 }, 
        {"sofa" : 1,  "begin" : 1484,  "end" : 1486 }, 
        {"sofa" : 1,  "begin" : 1487,  "end" : 1490 }, 
        {"sofa" : 1,  "begin" : 1491,  "end" : 1496 }, 
        {"sofa" : 1,  "begin" : 1497,  "end" : 1499 }, 
        {"sofa" : 1,  "begin" : 1500,  "end" : 1514 }, 
        {"sofa" : 1,  "begin" : 1514,  "end" : 1515 }, 
        {"sofa" : 1,  "begin" : 1516,  "end" : 1518 }, 
        {"sofa" : 1,  "begin" : 1520,  "end" : 1524 }, 
        {"sofa" : 1,  "begin" : 1524,  "end" : 1525 }, 
        {"sofa" : 1,  "begin" : 1526,  "end" : 1530 }, 
        {"sofa" : 1,  "begin" : 1531,  "end" : 1540 }, 
        {"sofa" : 1,  "begin" : 1541,  "end" : 1546 }, 
        {"sofa" : 1,  "begin" : 1547,  "end" : 1548 }, 
        {"sofa" : 1,  "begin" : 1549,  "end" : 1553 }, 
        {"sofa" : 1,  "begin" : 1554,  "end" : 1561 }, 
        {"sofa" : 1,  "begin" : 1562,  "end" : 1567 }, 
        {"sofa" : 1,  "begin" : 1569,  "end" : 1573 }, 
        {"sofa" : 1,  "begin" : 1574,  "end" : 1578 }, 
        {"sofa" : 1,  "begin" : 1579,  "end" : 1581 }, 
        {"sofa" : 1,  "begin" : 1582,  "end" : 1587 }, 
        {"sofa" : 1,  "begin" : 1588,  "end" : 1589 }, 
        {"sofa" : 1,  "begin" : 1590,  "end" : 1593 }, 
        {"sofa" : 1,  "begin" : 1594,  "end" : 1596 }, 
        {"sofa" : 1,  "begin" : 1597,  "end" : 1600 }, 
        {"sofa" : 1,  "begin" : 1601,  "end" : 1608 }, 
        {"sofa" : 1,  "begin" : 1609,  "end" : 1611 }, 
        {"sofa" : 1,  "begin" : 1612,  "end" : 1616 }, 
        {"sofa" : 1,  "begin" : 1618,  "end" : 1622 }, 
        {"sofa" : 1,  "begin" : 1623,  "end" : 1626 }, 
        {"sofa" : 1,  "begin" : 1627,  "end" : 1641 }, 
        {"sofa" : 1,  "begin" : 1642,  "end" : 1647 }, 
        {"sofa" : 1,  "begin" : 1648,  "end" : 1653 }, 
        {"sofa" : 1,  "begin" : 1654,  "end" : 1656 }, 
        {"sofa" : 1,  "begin" : 1657,  "end" : 1661 }, 
        {"sofa" : 1,  "begin" : 1661,  "end" : 1662 }, 
        {"sofa" : 1,  "begin" : 1663,  "end" : 1665 }, 
        {"sofa" : 1,  "begin" : 1667,  "end" : 1671 }, 
        {"sofa" : 1,  "begin" : 1672,  "end" : 1676 }, 
        {"sofa" : 1,  "begin" : 1677,  "end" : 1688 }, 
        {"sofa" : 1,  "begin" : 1689,  "end" : 1691 }, 
        {"sofa" : 1,  "begin" : 1692,  "end" : 1695 }, 
        {"sofa" : 1,  "begin" : 1696,  "end" : 1698 }, 
        {"sofa" : 1,  "begin" : 1699,  "end" : 1702 }, 
        {"sofa" : 1,  "begin" : 1703,  "end" : 1714 }, 
        {"sofa" : 1,  "begin" : 1714,  "end" : 1715 } ] } }, 
  "_referenced_fss" : {
    "1" : {"_type" : "Sofa",  "sofaNum" : 1,  "sofaID" : "_InitialView",  "mimeType" : "text",  "sofaString" : "I have often observed, that the Women, living \nnear these Work-houses, complain of hysteric Passions, occasioned by the noisome Smell, which \nsome may wonder at, upon the Consideration that\nsharp-smelling Things, applied to the Nostrils, are \nrecommend ed by Hippocrates as a Remedy for \nhysteric Fits. But as on the one hand sweet-scented \nThings do not always excite hysteric Fits, in regard that Cinnamon, Nutmegs and such like odoriferous Things are Remedies against them, which \nHoratius Augenius cries up as infallible, and \n\nwhich Etmuller does not condemn, and as Hippocrates recommends the sweetest scented Wine, in \nhis Book de Nat. Mul. So on the other hand \nThings of an unsavoury Smell are not always proper to check their Fits, as Forestus has well observed ; and it is an ansient Observation, that the \nSnuff of a Lamp raises hysteric Commotions. And \ntherefore I do not wonder that the animal Spirits\nare put into disorderly Motions by the putrid Smell \nof Tallow ; and that thereby the Uterus suffers \nConvulsions along with the Stomach, which is forced \nupwards by the Nauseousness of the Smell. Nay I \nhave oftentimes seen Women of a tender, nice \nConstitution, fall into fainting Fits and hysteric \nCommotions upon using the Light of a Tallow- \ncandle. \n \nTo be further satisfied of the pernicious Smell of \nTallow-candles do but consult Solenander who \ninforms you, that his Brother John contracted a \nviolent Disorder in his Lungs and his Brain by studying hard by the Light of Tallow-candles. He \nadds, that Ox-tallow gives a more noisome Smell \nthan that of Sheep : But in our Country we find \nthat the Tallow-candles never smell so rank, as \nwhen some Hogs-tallow is one of the Ingredients. \n" }, 
    "4154" : {"_type" : "Span",  "sofa" : 1,  "begin" : 128,  "end" : 133,  "label" : "Smell_Word" }, 
    "4159" : {"_type" : "Span",  "sofa" : 1,  "begin" : 120,  "end" : 127,  "label" : "Quality" }, 
    "4171" : {"_type" : "Span",  "sofa" : 1,  "begin" : 28,  "end" : 37,  "label" : "Perceiver" }, 
    "4183" : {"_type" : "Span",  "sofa" : 1,  "begin" : 47,  "end" : 69,  "label" : "Location" }, 
    "4195" : {"_type" : "Span",  "sofa" : 1,  "begin" : 28,  "end" : 100,  "label" : "Effect" }, 
    "4207" : {"_type" : "Span",  "sofa" : 1,  "begin" : 190,  "end" : 204,  "label" : "Smell_Word" }, 
    "4212" : {"_type" : "Span",  "sofa" : 1,  "begin" : 205,  "end" : 211,  "label" : "Smell_Source" }, 
    "4224" : {"_type" : "Span",  "sofa" : 1,  "begin" : 224,  "end" : 236,  "label" : "Perceiver" }, 
    "4236" : {"_type" : "Span",  "sofa" : 1,  "begin" : 274,  "end" : 301,  "label" : "Effect" }, 
    "4248" : {"_type" : "Span",  "sofa" : 1,  "begin" : 326,  "end" : 339,  "label" : "Smell_Word" }, 
    "4253" : {"_type" : "Span",  "sofa" : 1,  "begin" : 341,  "end" : 347,  "label" : "Smell_Source" }, 
    "4265" : {"_type" : "Span",  "sofa" : 1,  "begin" : 348,  "end" : 382,  "label" : "Effect" }, 
    "4277" : {"_type" : "Span",  "sofa" : 1,  "begin" : 431,  "end" : 442,  "label" : "Smell_Word" }, 
    "4282" : {"_type" : "Span",  "sofa" : 1,  "begin" : 431,  "end" : 442,  "label" : "Quality" }, 
    "4304" : {"_type" : "Span",  "sofa" : 1,  "begin" : 443,  "end" : 449,  "label" : "Smell_Source" }, 
    "4294" : {"_type" : "Span",  "sofa" : 1,  "begin" : 399,  "end" : 407,  "label" : "Smell_Source" }, 
    "4299" : {"_type" : "Span",  "sofa" : 1,  "begin" : 409,  "end" : 416,  "label" : "Smell_Source" }, 
    "4330" : {"_type" : "Span",  "sofa" : 1,  "begin" : 454,  "end" : 475,  "label" : "Effect" }, 
    "4342" : {"_type" : "Span",  "sofa" : 1,  "begin" : 369,  "end" : 382,  "label" : "Effect" }, 
    "4354" : {"_type" : "Span",  "sofa" : 1,  "begin" : 608,  "end" : 615,  "label" : "Smell_Word" }, 
    "4364" : {"_type" : "Span",  "sofa" : 1,  "begin" : 616,  "end" : 620,  "label" : "Smell_Source" }, 
    "4359" : {"_type" : "Span",  "sofa" : 1,  "begin" : 599,  "end" : 607,  "label" : "Quality" }, 
    "4383" : {"_type" : "Span",  "sofa" : 1,  "begin" : 693,  "end" : 698,  "label" : "Smell_Word" }, 
    "4388" : {"_type" : "Span",  "sofa" : 1,  "begin" : 683,  "end" : 692,  "label" : "Quality" }, 
    "4400" : {"_type" : "Span",  "sofa" : 1,  "begin" : 670,  "end" : 676,  "label" : "Smell_Source" }, 
    "4412" : {"_type" : "Span",  "sofa" : 1,  "begin" : 818,  "end" : 823,  "label" : "Smell_Word" }, 
    "4417" : {"_type" : "Span",  "sofa" : 1,  "begin" : 824,  "end" : 833,  "label" : "Smell_Source" }, 
    "4422" : {"_type" : "Span",  "sofa" : 1,  "begin" : 834,  "end" : 860,  "label" : "Effect" }, 
    "4441" : {"_type" : "Span",  "sofa" : 1,  "begin" : 963,  "end" : 968,  "label" : "Smell_Word" }, 
    "4446" : {"_type" : "Span",  "sofa" : 1,  "begin" : 956,  "end" : 962,  "label" : "Quality" }, 
    "4458" : {"_type" : "Span",  "sofa" : 1,  "begin" : 970,  "end" : 979,  "label" : "Smell_Source" }, 
    "4470" : {"_type" : "Span",  "sofa" : 1,  "begin" : 898,  "end" : 948,  "label" : "Effect" }, 
    "4482" : {"_type" : "Span",  "sofa" : 1,  "begin" : 1107,  "end" : 1112,  "label" : "Smell_Word" }, 
    "4492" : {"_type" : "Span",  "sofa" : 1,  "begin" : 1080,  "end" : 1099,  "label" : "Quality" }, 
    "4509" : {"_type" : "Span",  "sofa" : 1,  "begin" : 999,  "end" : 1053,  "label" : "Effect" }, 
    "4545" : {"_type" : "Span",  "sofa" : 1,  "begin" : 1256,  "end" : 1271,  "label" : "Smell_Word" }, 
    "4550" : {"_type" : "Span",  "sofa" : 1,  "begin" : 1256,  "end" : 1271,  "label" : "Smell_Source" }, 
    "4562" : {"_type" : "Span",  "sofa" : 1,  "begin" : 1142,  "end" : 1229,  "label" : "Effect" }, 
    "4603" : {"_type" : "Span",  "sofa" : 1,  "begin" : 1142,  "end" : 1179,  "label" : "Perceiver" }, 
    "4504" : {"_type" : "Span",  "sofa" : 1,  "begin" : 1318,  "end" : 1323,  "label" : "Smell_Word" }, 
    "4521" : {"_type" : "Span",  "sofa" : 1,  "begin" : 1307,  "end" : 1317,  "label" : "Quality" }, 
    "4526" : {"_type" : "Span",  "sofa" : 1,  "begin" : 1324,  "end" : 1342,  "label" : "Smell_Source" }, 
    "4579" : {"_type" : "Span",  "sofa" : 1,  "begin" : 1500,  "end" : 1514,  "label" : "Smell_Word" }, 
    "4574" : {"_type" : "Span",  "sofa" : 1,  "begin" : 1497,  "end" : 1514,  "label" : "Smell_Source" }, 
    "4591" : {"_type" : "Span",  "sofa" : 1,  "begin" : 1392,  "end" : 1466,  "label" : "Effect" }, 
    "4615" : {"_type" : "Span",  "sofa" : 1,  "begin" : 1392,  "end" : 1408,  "label" : "Perceiver" }, 
    "4627" : {"_type" : "Span",  "sofa" : 1,  "begin" : 1562,  "end" : 1567,  "label" : "Smell_Word" }, 
    "4632" : {"_type" : "Span",  "sofa" : 1,  "begin" : 1549,  "end" : 1561,  "label" : "Quality" }, 
    "4644" : {"_type" : "Span",  "sofa" : 1,  "begin" : 1531,  "end" : 1540,  "label" : "Smell_Source" }, 
    "4649" : {"_type" : "Span",  "sofa" : 1,  "begin" : 1579,  "end" : 1587,  "label" : "Smell_Source" }, 
    "4668" : {"_type" : "Span",  "sofa" : 1,  "begin" : 1648,  "end" : 1653,  "label" : "Smell_Word" }, 
    "4673" : {"_type" : "Span",  "sofa" : 1,  "begin" : 1623,  "end" : 1641,  "label" : "Smell_Source" }, 
    "4685" : {"_type" : "Span",  "sofa" : 1,  "begin" : 1594,  "end" : 1608,  "label" : "Location" }, 
    "4697" : {"_type" : "Span",  "sofa" : 1,  "begin" : 1654,  "end" : 1661,  "label" : "Quality" }, 
    "4709" : {"_type" : "Span",  "sofa" : 1,  "begin" : 1667,  "end" : 1714,  "label" : "Circumstances" } } }