#FORMAT=WebAnno TSV 3.3
#T_SP=custom.Span|label
#T_RL=custom.Relation|label|BT_custom.Span


#Text=Der Peruvianiſche Maſtix-baum wird
#Text=alſo genant/
#Text=dieweil er dem gemeinen Ma-
#Text=ſtixbaum aͤhnlich iſt, er hat viel biegige Aeſt/
#Text=
#Text=ſo under ſich ſehen/ und mit einer roth-und
#Text=runtzlichten Rinden bedeckt:
#Text=ſeine Satt-gruͤ-
#Text=ne Blaͤtter ſind wie an dem Maſtix-baum
#Text=gantz/ aber ſpitziger und laͤnger/ auff beyden
#Text=ſeiten zwey/ die doch nicht gerad gegen ein-
#Text=ander ſtehen/
#Text=es hangen fuͤnff-ſiben-wie
#Text=
#Text=auch neun-biß zehen an einem Stiel: in
#Text=der mitte der Blaͤttern ſihet man ein weiſſe
#Text=Linien/ und neben zu runtzlichte aͤderlein/
#Text=
#Text=welche meiſten theils an dem underen theil
#Text=
#Text=wahrgenom̃en werden.
1-1	2-5	Der	_	_	_	
1-2	6-19	Peruvianiſche	_	_	_	
1-3	20-31	Maſtix-baum	_	_	_	
1-4	32-36	wird	_	_	_	
1-5	37-41	alſo	_	_	_	
1-6	42-48	genant	_	_	_	
1-7	48-49	/	_	_	_	
1-8	50-57	dieweil	_	_	_	
1-9	58-60	er	_	_	_	
1-10	61-64	dem	_	_	_	
1-11	65-73	gemeinen	_	_	_	
1-12	74-76	Ma	_	_	_	
1-13	76-77	-	_	_	_	
1-14	78-86	ſtixbaum	_	_	_	
1-15	87-95	aͤhnlich	_	_	_	
1-16	96-99	iſt	_	_	_	
1-17	99-100	,	_	_	_	
1-18	101-103	er	_	_	_	
1-19	104-107	hat	_	_	_	
1-20	108-112	viel	_	_	_	
1-21	113-120	biegige	_	_	_	
1-22	121-125	Aeſt	_	_	_	
1-23	125-126	/	_	_	_	
1-24	128-130	ſo	_	_	_	
1-25	131-136	under	_	_	_	
1-26	137-141	ſich	_	_	_	
1-27	142-147	ſehen	_	_	_	
1-28	147-148	/	_	_	_	
1-29	149-152	und	_	_	_	
1-30	153-156	mit	_	_	_	
1-31	157-162	einer	_	_	_	
1-32	163-171	roth-und	_	_	_	
1-33	172-184	runtzlichten	_	_	_	
1-34	185-191	Rinden	_	_	_	
1-35	192-199	bedeckt	_	_	_	
1-36	199-200	:	_	_	_	
1-37	201-206	ſeine	_	_	_	
1-38	207-216	Satt-gruͤ	_	_	_	
1-39	216-217	-	_	_	_	
1-40	218-220	ne	_	_	_	
1-41	221-229	Blaͤtter	_	_	_	
1-42	230-234	ſind	_	_	_	
1-43	235-238	wie	_	_	_	
1-44	239-241	an	_	_	_	
1-45	242-245	dem	_	_	_	
1-46	246-257	Maſtix-baum	_	_	_	
1-47	258-263	gantz	_	_	_	
1-48	263-264	/	_	_	_	
1-49	265-269	aber	_	_	_	
1-50	270-279	ſpitziger	_	_	_	
1-51	280-283	und	_	_	_	
1-52	284-291	laͤnger	_	_	_	
1-53	291-292	/	_	_	_	
1-54	293-297	auff	_	_	_	
1-55	298-304	beyden	_	_	_	
1-56	305-311	ſeiten	_	_	_	
1-57	312-316	zwey	_	_	_	
1-58	316-317	/	_	_	_	
1-59	318-321	die	_	_	_	
1-60	322-326	doch	_	_	_	
1-61	327-332	nicht	_	_	_	
1-62	333-338	gerad	_	_	_	
1-63	339-344	gegen	_	_	_	
1-64	345-348	ein	_	_	_	
1-65	348-349	-	_	_	_	
1-66	350-355	ander	_	_	_	
1-67	356-362	ſtehen	_	_	_	
1-68	362-363	/	_	_	_	
1-69	364-366	es	_	_	_	
1-70	367-373	hangen	_	_	_	
1-71	374-390	fuͤnff-ſiben-wie	_	_	_	
1-72	392-396	auch	_	_	_	
1-73	397-405	neun-biß	_	_	_	
1-74	406-411	zehen	_	_	_	
1-75	412-414	an	_	_	_	
1-76	415-420	einem	_	_	_	
1-77	421-426	Stiel	_	_	_	
1-78	426-427	:	_	_	_	
1-79	428-430	in	_	_	_	
1-80	431-434	der	_	_	_	
1-81	435-440	mitte	_	_	_	
1-82	441-444	der	_	_	_	
1-83	445-454	Blaͤttern	_	_	_	
1-84	455-460	ſihet	_	_	_	
1-85	461-464	man	_	_	_	
1-86	465-468	ein	_	_	_	
1-87	469-475	weiſſe	_	_	_	
1-88	476-482	Linien	_	_	_	
1-89	482-483	/	_	_	_	
1-90	484-487	und	_	_	_	
1-91	488-493	neben	_	_	_	
1-92	494-496	zu	_	_	_	
1-93	497-508	runtzlichte	_	_	_	
1-94	509-518	aͤderlein	_	_	_	
1-95	518-519	/	_	_	_	
1-96	521-527	welche	_	_	_	
1-97	528-535	meiſten	_	_	_	
1-98	536-542	theils	_	_	_	
1-99	543-545	an	_	_	_	
1-100	546-549	dem	_	_	_	
1-101	550-557	underen	_	_	_	
1-102	558-563	theil	_	_	_	
1-103	565-577	wahrgenom̃en	_	_	_	
1-104	578-584	werden	_	_	_	
1-105	584-585	.	_	_	_	

#Text=So man die Blaͤt-
#Text=ter zerſtoßt/ geben ſie einen angenehmen
#Text=
#Text=Fenchel-geruch von ſich/ auff
#Text=den gipfflen
#Text=der ſpannen langen aͤſtlein/ ſitzen die kleinen
#Text=Bluͤmlein/ wie ein duͤnne Traube/ ſind weis/
#Text=
#Text=und beſtehen auß fuͤnf-ſpitzigen Blaͤtlein/
#Text=ſo
#Text=daß ſie gleichſam wie ſternlin gebildet.
2-1	586-588	So	_	_	_	
2-2	589-592	man	Perceiver	_	_	
2-3	593-596	die	_	_	_	
2-4	597-602	Blaͤt	Smell\_Source[1]	_	_	
2-5	602-603	-	Smell\_Source[1]	_	_	
2-6	604-607	ter	Smell\_Source[1]	_	_	
2-7	608-616	zerſtoßt	Circumstances	_	_	
2-8	616-617	/	_	_	_	
2-9	618-623	geben	_	_	_	
2-10	624-627	ſie	_	_	_	
2-11	628-633	einen	_	_	_	
2-12	634-644	angenehmen	Quality	_	_	
2-13	646-660	Fenchel-geruch	Smell\_Word[2]|Quality[3]	*|*|*|*	2-12[0_2]|2-7[0_2]|2-4[1_2]|2-2[0_2]	
2-14	661-664	von	_	_	_	
2-15	665-669	ſich	_	_	_	
2-16	669-670	/	_	_	_	
2-17	671-675	auff	_	_	_	
2-18	676-679	den	_	_	_	
2-19	680-688	gipfflen	_	_	_	
2-20	689-692	der	_	_	_	
2-21	693-700	ſpannen	_	_	_	
2-22	701-707	langen	_	_	_	
2-23	708-716	aͤſtlein	_	_	_	
2-24	716-717	/	_	_	_	
2-25	718-724	ſitzen	_	_	_	
2-26	725-728	die	_	_	_	
2-27	729-736	kleinen	_	_	_	
2-28	737-746	Bluͤmlein	_	_	_	
2-29	746-747	/	_	_	_	
2-30	748-751	wie	_	_	_	
2-31	752-755	ein	_	_	_	
2-32	756-762	duͤnne	_	_	_	
2-33	763-769	Traube	_	_	_	
2-34	769-770	/	_	_	_	
2-35	771-775	ſind	_	_	_	
2-36	776-780	weis	_	_	_	
2-37	780-781	/	_	_	_	
2-38	783-786	und	_	_	_	
2-39	787-795	beſtehen	_	_	_	
2-40	796-799	auß	_	_	_	
2-41	800-815	fuͤnf-ſpitzigen	_	_	_	
2-42	816-825	Blaͤtlein	_	_	_	
2-43	825-826	/	_	_	_	
2-44	827-829	ſo	_	_	_	
2-45	830-833	daß	_	_	_	
2-46	834-837	ſie	_	_	_	
2-47	838-847	gleichſam	_	_	_	
2-48	848-851	wie	_	_	_	
2-49	852-860	ſternlin	_	_	_	
2-50	861-869	gebildet	_	_	_	
2-51	869-870	.	_	_	_	

#Text=Die-
#Text=ſen folgen runde Fruͤcht/ mit kleinen ſtielen
#Text=und huͤlſchen/ werden Trauben weiß zuſam-
#Text=men gehaͤufft/ ſind erſtlich gruͤn/ bald roth/
#Text=
#Text=hernach ſchwartzlicht/ fett/ und wie Pfeffer
#Text=ſcharff/ mit einem duͤnnen haͤutlein
#Text=uͤberzo-
#Text=gen/
#Text=in der groͤſſe der Sparglen-Beeren de-
#Text=ren Marck auch einen ſcharffen Geruch und
#Text=Geſchmack/ dem Geſchmack und Geruch
#Text=
#Text=den
#Text=
#Text=\f
#Text=[88/0104
#Text=]
3-1	871-874	Die	_	_	_	
3-2	874-875	-	_	_	_	
3-3	876-879	ſen	_	_	_	
3-4	880-886	folgen	_	_	_	
3-5	887-892	runde	_	_	_	
3-6	893-900	Fruͤcht	_	_	_	
3-7	900-901	/	_	_	_	
3-8	902-905	mit	_	_	_	
3-9	906-913	kleinen	_	_	_	
3-10	914-921	ſtielen	_	_	_	
3-11	922-925	und	_	_	_	
3-12	926-935	huͤlſchen	_	_	_	
3-13	935-936	/	_	_	_	
3-14	937-943	werden	_	_	_	
3-15	944-951	Trauben	_	_	_	
3-16	952-956	weiß	_	_	_	
3-17	957-962	zuſam	_	_	_	
3-18	962-963	-	_	_	_	
3-19	964-967	men	_	_	_	
3-20	968-977	gehaͤufft	_	_	_	
3-21	977-978	/	_	_	_	
3-22	979-983	ſind	_	_	_	
3-23	984-992	erſtlich	_	_	_	
3-24	993-998	gruͤn	_	_	_	
3-25	998-999	/	_	_	_	
3-26	1000-1004	bald	_	_	_	
3-27	1005-1009	roth	_	_	_	
3-28	1009-1010	/	_	_	_	
3-29	1012-1019	hernach	_	_	_	
3-30	1020-1033	ſchwartzlicht	_	_	_	
3-31	1033-1034	/	_	_	_	
3-32	1035-1039	fett	_	_	_	
3-33	1039-1040	/	_	_	_	
3-34	1041-1044	und	_	_	_	
3-35	1045-1048	wie	_	_	_	
3-36	1049-1056	Pfeffer	_	_	_	
3-37	1057-1064	ſcharff	_	_	_	
3-38	1064-1065	/	_	_	_	
3-39	1066-1069	mit	_	_	_	
3-40	1070-1075	einem	_	_	_	
3-41	1076-1083	duͤnnen	_	_	_	
3-42	1084-1093	haͤutlein	_	_	_	
3-43	1094-1101	uͤberzo	_	_	_	
3-44	1101-1102	-	_	_	_	
3-45	1103-1106	gen	_	_	_	
3-46	1106-1107	/	_	_	_	
3-47	1108-1110	in	_	_	_	
3-48	1111-1114	der	_	_	_	
3-49	1115-1122	groͤſſe	_	_	_	
3-50	1123-1126	der	_	_	_	
3-51	1127-1142	Sparglen-Beeren	_	_	_	
3-52	1143-1145	de	_	_	_	
3-53	1145-1146	-	_	_	_	
3-54	1147-1150	ren	_	_	_	
3-55	1151-1156	Marck	Smell\_Source	_	_	
3-56	1157-1161	auch	_	_	_	
3-57	1162-1167	einen	_	_	_	
3-58	1168-1177	ſcharffen	Quality	_	_	
3-59	1178-1184	Geruch	Smell\_Word	*|*	3-55|3-58	
3-60	1185-1188	und	_	_	_	
3-61	1189-1198	Geſchmack	_	_	_	
3-62	1198-1199	/	_	_	_	
3-63	1200-1203	dem	_	_	_	
3-64	1204-1213	Geſchmack	_	_	_	
3-65	1214-1217	und	_	_	_	
3-66	1218-1224	Geruch	Smell\_Word	_	_	
3-67	1226-1229	den	_	_	_	
3-68	1233-1234	[	_	_	_	
3-69	1234-1236	88	_	_	_	
3-70	1236-1237	/	_	_	_	
3-71	1237-1241	0104	_	_	_	
3-72	1242-1243	]	_	_	_	
