#FORMAT=WebAnno TSV 3.3


#Text=De natuur bereidde een zonderling mengsel van luchtsoorten en dampen, hetwelk de gansche aarde, onder den naam van dampkring, als een kleed, omhult, schier door alle andere stoffen henen dringt, en naauwelijks met de grootste moeite uit eene kleine ruimte kan gedreven worden.
1-1	2-4	De	
1-2	5-11	natuur	
1-3	12-20	bereidde	
1-4	21-24	een	
1-5	25-35	zonderling	
1-6	36-43	mengsel	
1-7	44-47	van	
1-8	48-60	luchtsoorten	
1-9	61-63	en	
1-10	64-70	dampen	
1-11	70-71	,	
1-12	72-79	hetwelk	
1-13	80-82	de	
1-14	83-90	gansche	
1-15	91-96	aarde	
1-16	96-97	,	
1-17	98-103	onder	
1-18	104-107	den	
1-19	108-112	naam	
1-20	113-116	van	
1-21	117-126	dampkring	
1-22	126-127	,	
1-23	128-131	als	
1-24	132-135	een	
1-25	136-141	kleed	
1-26	141-142	,	
1-27	143-149	omhult	
1-28	149-150	,	
1-29	151-157	schier	
1-30	158-162	door	
1-31	163-167	alle	
1-32	168-174	andere	
1-33	175-182	stoffen	
1-34	183-188	henen	
1-35	189-195	dringt	
1-36	195-196	,	
1-37	197-199	en	
1-38	200-211	naauwelijks	
1-39	212-215	met	
1-40	216-218	de	
1-41	219-227	grootste	
1-42	228-234	moeite	
1-43	235-238	uit	
1-44	239-243	eene	
1-45	244-250	kleine	
1-46	251-257	ruimte	
1-47	258-261	kan	
1-48	262-270	gedreven	
1-49	271-277	worden	
1-50	277-278	.	

#Text=Elk der vaste deelen dezer stof waarborgt der bewerktuigde en levende schepsels bijzondere nuttigheid.
2-1	279-282	Elk	
2-2	283-286	der	
2-3	287-292	vaste	
2-4	293-299	deelen	
2-5	300-305	dezer	
2-6	306-310	stof	
2-7	311-320	waarborgt	
2-8	321-324	der	
2-9	325-337	bewerktuigde	
2-10	338-340	en	
2-11	341-348	levende	
2-12	349-358	schepsels	
2-13	359-369	bijzondere	
2-14	370-380	nuttigheid	
2-15	380-381	.	

#Text=Want het inademen dezer dampkringslucht is inzonderheid voor het leven der dieren en menschen volstrekt noodzakelijk.
3-1	382-386	Want	
3-2	387-390	het	
3-3	391-399	inademen	
3-4	400-405	dezer	
3-5	406-421	dampkringslucht	
3-6	422-424	is	
3-7	425-437	inzonderheid	
3-8	438-442	voor	
3-9	443-446	het	
3-10	447-452	leven	
3-11	453-456	der	
3-12	457-463	dieren	
3-13	464-466	en	
3-14	467-475	menschen	
3-15	476-485	volstrekt	
3-16	486-498	noodzakelijk	
3-17	498-499	.	

#Text=De dieren, die in het water, op de aarde en in de lucht leven, moeten sterven, zoo haast hun deze lucht benomen wordt.
4-1	500-502	De	
4-2	503-509	dieren	
4-3	509-510	,	
4-4	511-514	die	
4-5	515-517	in	
4-6	518-521	het	
4-7	522-527	water	
4-8	527-528	,	
4-9	529-531	op	
4-10	532-534	de	
4-11	535-540	aarde	
4-12	541-543	en	
4-13	544-546	in	
4-14	547-549	de	
4-15	550-555	lucht	
4-16	556-561	leven	
4-17	561-562	,	
4-18	563-569	moeten	
4-19	570-577	sterven	
4-20	577-578	,	
4-21	579-582	zoo	
4-22	583-588	haast	
4-23	589-592	hun	
4-24	593-597	deze	
4-25	598-603	lucht	
4-26	604-611	benomen	
4-27	612-617	wordt	
4-28	617-618	.	

#Text=De zoo overvloedige werktuigen van den adem, welke wij aan de dieren bespeuren, zijn alle zoo ingerigt, dat zij deze dampkringslucht inzwelgen, de voedende deelen in het ligchaam behouden, en de schadelijke weder uitdrijven kunnen.
5-1	619-621	De	
5-2	622-625	zoo	
5-3	626-638	overvloedige	
5-4	639-649	werktuigen	
5-5	650-653	van	
5-6	654-657	den	
5-7	658-662	adem	
5-8	662-663	,	
5-9	664-669	welke	
5-10	670-673	wij	
5-11	674-677	aan	
5-12	678-680	de	
5-13	681-687	dieren	
5-14	688-697	bespeuren	
5-15	697-698	,	
5-16	699-703	zijn	
5-17	704-708	alle	
5-18	709-712	zoo	
5-19	713-721	ingerigt	
5-20	721-722	,	
5-21	723-726	dat	
5-22	727-730	zij	
5-23	731-735	deze	
5-24	736-751	dampkringslucht	
5-25	752-761	inzwelgen	
5-26	761-762	,	
5-27	763-765	de	
5-28	766-774	voedende	
5-29	775-781	deelen	
5-30	782-784	in	
5-31	785-788	het	
5-32	789-797	ligchaam	
5-33	798-806	behouden	
5-34	806-807	,	
5-35	808-810	en	
5-36	811-813	de	
5-37	814-825	schadelijke	
5-38	826-831	weder	
5-39	832-842	uitdrijven	
5-40	843-849	kunnen	
5-41	849-850	.	

#Text=De menschen, viervoetige dieren en vogels ademen door longen;
#Text=de visschen door kieuwen; de wormen en insekten door luchtpijpen, die bij eenigen aan den staart, bij anderen aan den kop, aan de zijde, enz. geplaatst zijn, en waardoor zij niet alleen in- maar ook uitademen, zoo als reaumur en bonnet duidelijk hebben aangetoond.
6-1	851-853	De	
6-2	854-862	menschen	
6-3	862-863	,	
6-4	864-875	viervoetige	
6-5	876-882	dieren	
6-6	883-885	en	
6-7	886-892	vogels	
6-8	893-899	ademen	
6-9	900-904	door	
6-10	905-911	longen	
6-11	911-912	;	
6-12	913-915	de	
6-13	916-924	visschen	
6-14	925-929	door	
6-15	930-937	kieuwen	
6-16	937-938	;	
6-17	939-941	de	
6-18	942-948	wormen	
6-19	949-951	en	
6-20	952-960	insekten	
6-21	961-965	door	
6-22	966-977	luchtpijpen	
6-23	977-978	,	
6-24	979-982	die	
6-25	983-986	bij	
6-26	987-994	eenigen	
6-27	995-998	aan	
6-28	999-1002	den	
6-29	1003-1009	staart	
6-30	1009-1010	,	
6-31	1011-1014	bij	
6-32	1015-1022	anderen	
6-33	1023-1026	aan	
6-34	1027-1030	den	
6-35	1031-1034	kop	
6-36	1034-1035	,	
6-37	1036-1039	aan	
6-38	1040-1042	de	
6-39	1043-1048	zijde	
6-40	1048-1049	,	
6-41	1050-1053	enz	
6-42	1053-1054	.	
6-43	1055-1064	geplaatst	
6-44	1065-1069	zijn	
6-45	1069-1070	,	
6-46	1071-1073	en	
6-47	1074-1082	waardoor	
6-48	1083-1086	zij	
6-49	1087-1091	niet	
6-50	1092-1098	alleen	
6-51	1099-1101	in	
6-52	1101-1102	-	
6-53	1103-1107	maar	
6-54	1108-1111	ook	
6-55	1112-1121	uitademen	
6-56	1121-1122	,	
6-57	1123-1126	zoo	
6-58	1127-1130	als	
6-59	1131-1138	reaumur	
6-60	1139-1141	en	
6-61	1142-1148	bonnet	
6-62	1149-1158	duidelijk	
6-63	1159-1165	hebben	
6-64	1166-1176	aangetoond	
6-65	1176-1177	.	

#Text=Smeert men deze luchtpijpen der insekten digt, zoo moeten zij binnen korter tijd sterven, dan wanneer men hen in eene luchtledige plaats zet.
7-1	1178-1184	Smeert	
7-2	1185-1188	men	
7-3	1189-1193	deze	
7-4	1194-1205	luchtpijpen	
7-5	1206-1209	der	
7-6	1210-1218	insekten	
7-7	1219-1223	digt	
7-8	1223-1224	,	
7-9	1225-1228	zoo	
7-10	1229-1235	moeten	
7-11	1236-1239	zij	
7-12	1240-1246	binnen	
7-13	1247-1253	korter	
7-14	1254-1258	tijd	
7-15	1259-1266	sterven	
7-16	1266-1267	,	
7-17	1268-1271	dan	
7-18	1272-1279	wanneer	
7-19	1280-1283	men	
7-20	1284-1287	hen	
7-21	1288-1290	in	
7-22	1291-1295	eene	
7-23	1296-1307	luchtledige	
7-24	1308-1314	plaats	
7-25	1315-1318	zet	
7-26	1318-1319	.	

#Text=De lucht is niet alleen om te leven, maar ook voor de groeijing der aardgewassen noodzakelijk.
8-1	1320-1322	De	
8-2	1323-1328	lucht	
8-3	1329-1331	is	
8-4	1332-1336	niet	
8-5	1337-1343	alleen	
8-6	1344-1346	om	
8-7	1347-1349	te	
8-8	1350-1355	leven	
8-9	1355-1356	,	
8-10	1357-1361	maar	
8-11	1362-1365	ook	
8-12	1366-1370	voor	
8-13	1371-1373	de	
8-14	1374-1383	groeijing	
8-15	1384-1387	der	
8-16	1388-1400	aardgewassen	
8-17	1401-1413	noodzakelijk	
8-18	1413-1414	.	

#Text=Al de planten zijn met ontelbare luchtvaten en adem- of luchtscheppende werktuigen voorzien, waardoor zij de dampkringslucht inzwelgen en andere van zich geven.
9-1	1415-1417	Al	
9-2	1418-1420	de	
9-3	1421-1428	planten	
9-4	1429-1433	zijn	
9-5	1434-1437	met	
9-6	1438-1447	ontelbare	
9-7	1448-1458	luchtvaten	
9-8	1459-1461	en	
9-9	1462-1466	adem	
9-10	1466-1467	-	
9-11	1468-1470	of	
9-12	1471-1486	luchtscheppende	
9-13	1487-1497	werktuigen	
9-14	1498-1506	voorzien	
9-15	1506-1507	,	
9-16	1508-1516	waardoor	
9-17	1517-1520	zij	
9-18	1521-1523	de	
9-19	1524-1539	dampkringslucht	
9-20	1540-1549	inzwelgen	
9-21	1550-1552	en	
9-22	1553-1559	andere	
9-23	1560-1563	van	
9-24	1564-1568	zich	
9-25	1569-1574	geven	
9-26	1574-1575	.	

#Text=Plaatst de planten onder de klok eener luchtpomp, en ontneemt ze de haar omringende lucht;
#Text=zoo wordt de lucht, die in elk deel harer zelfstandigheid besloten is, daar spoedig uitgetrokken, de bloesems en bladeren verwelken, en de gansche plant sterft, wanneer men haar eenigen tijd in dezen toestand laat.
10-1	1576-1583	Plaatst	
10-2	1584-1586	de	
10-3	1587-1594	planten	
10-4	1595-1600	onder	
10-5	1601-1603	de	
10-6	1604-1608	klok	
10-7	1609-1614	eener	
10-8	1615-1624	luchtpomp	
10-9	1624-1625	,	
10-10	1626-1628	en	
10-11	1629-1637	ontneemt	
10-12	1638-1640	ze	
10-13	1641-1643	de	
10-14	1644-1648	haar	
10-15	1649-1659	omringende	
10-16	1660-1665	lucht	
10-17	1665-1666	;	
10-18	1667-1670	zoo	
10-19	1671-1676	wordt	
10-20	1677-1679	de	
10-21	1680-1685	lucht	
10-22	1685-1686	,	
10-23	1687-1690	die	
10-24	1691-1693	in	
10-25	1694-1697	elk	
10-26	1698-1702	deel	
10-27	1703-1708	harer	
10-28	1709-1724	zelfstandigheid	
10-29	1725-1733	besloten	
10-30	1734-1736	is	
10-31	1736-1737	,	
10-32	1738-1742	daar	
10-33	1743-1750	spoedig	
10-34	1751-1763	uitgetrokken	
10-35	1763-1764	,	
10-36	1765-1767	de	
10-37	1768-1776	bloesems	
10-38	1777-1779	en	
10-39	1780-1788	bladeren	
10-40	1789-1798	verwelken	
10-41	1798-1799	,	
10-42	1800-1802	en	
10-43	1803-1805	de	
10-44	1806-1813	gansche	
10-45	1814-1819	plant	
10-46	1820-1826	sterft	
10-47	1826-1827	,	
10-48	1828-1835	wanneer	
10-49	1836-1839	men	
10-50	1840-1844	haar	
10-51	1845-1852	eenigen	
10-52	1853-1857	tijd	
10-53	1858-1860	in	
10-54	1861-1866	dezen	
10-55	1867-1875	toestand	
10-56	1876-1880	laat	
10-57	1880-1881	.	

#Text=De eigenschap, om het 1 ven en den wasdom te onderhouden, bezit de dampkringslucht echter maar alleen binnen eenen zekeren kring, namelijk binnen dien omtrek der aarde, waar levende schepsels of
#Text=[p. 339]
#Text=aard- en plantgewassen zijn kunnen.
11-1	1884-1886	De	
11-2	1887-1897	eigenschap	
11-3	1897-1898	,	
11-4	1899-1901	om	
11-5	1902-1905	het	
11-6	1906-1907	1	
11-7	1908-1911	ven	
11-8	1912-1914	en	
11-9	1915-1918	den	
11-10	1919-1925	wasdom	
11-11	1926-1928	te	
11-12	1929-1940	onderhouden	
11-13	1940-1941	,	
11-14	1942-1947	bezit	
11-15	1948-1950	de	
11-16	1951-1966	dampkringslucht	
11-17	1967-1973	echter	
11-18	1974-1978	maar	
11-19	1979-1985	alleen	
11-20	1986-1992	binnen	
11-21	1993-1998	eenen	
11-22	1999-2006	zekeren	
11-23	2007-2012	kring	
11-24	2012-2013	,	
11-25	2014-2022	namelijk	
11-26	2023-2029	binnen	
11-27	2030-2034	dien	
11-28	2035-2041	omtrek	
11-29	2042-2045	der	
11-30	2046-2051	aarde	
11-31	2051-2052	,	
11-32	2053-2057	waar	
11-33	2058-2065	levende	
11-34	2066-2075	schepsels	
11-35	2076-2078	of	
11-36	2079-2080	[	
11-37	2080-2081	p	
11-38	2081-2082	.	
11-39	2083-2086	339	
11-40	2086-2087	]	
11-41	2088-2092	aard	
11-42	2092-2093	-	
11-43	2094-2096	en	
11-44	2097-2110	plantgewassen	
11-45	2111-2115	zijn	
11-46	2116-2122	kunnen	
11-47	2122-2123	.	

#Text=Op eene grootere hoogte, waar zij verdunt, verliest zij deze volmaaktheid, gelijk men reeds op de toppen der hooge bergen kan bespeuren, even zoo behoudt zij, gelijk in de onderaardsche holen, voor het minst slechts zoo veel kracht, om het leven te bewaren, als voor de schepsels noodig is, die zich in dergelijke oorden onthouden.
12-1	2124-2126	Op	
12-2	2127-2131	eene	
12-3	2132-2140	grootere	
12-4	2141-2147	hoogte	
12-5	2147-2148	,	
12-6	2149-2153	waar	
12-7	2154-2157	zij	
12-8	2158-2165	verdunt	
12-9	2165-2166	,	
12-10	2167-2175	verliest	
12-11	2176-2179	zij	
12-12	2180-2184	deze	
12-13	2185-2197	volmaaktheid	
12-14	2197-2198	,	
12-15	2199-2205	gelijk	
12-16	2206-2209	men	
12-17	2210-2215	reeds	
12-18	2216-2218	op	
12-19	2219-2221	de	
12-20	2222-2228	toppen	
12-21	2229-2232	der	
12-22	2233-2238	hooge	
12-23	2239-2245	bergen	
12-24	2246-2249	kan	
12-25	2250-2259	bespeuren	
12-26	2259-2260	,	
12-27	2261-2265	even	
12-28	2266-2269	zoo	
12-29	2270-2277	behoudt	
12-30	2278-2281	zij	
12-31	2281-2282	,	
12-32	2283-2289	gelijk	
12-33	2290-2292	in	
12-34	2293-2295	de	
12-35	2296-2309	onderaardsche	
12-36	2310-2315	holen	
12-37	2315-2316	,	
12-38	2317-2321	voor	
12-39	2322-2325	het	
12-40	2326-2331	minst	
12-41	2332-2339	slechts	
12-42	2340-2343	zoo	
12-43	2344-2348	veel	
12-44	2349-2355	kracht	
12-45	2355-2356	,	
12-46	2357-2359	om	
12-47	2360-2363	het	
12-48	2364-2369	leven	
12-49	2370-2372	te	
12-50	2373-2380	bewaren	
12-51	2380-2381	,	
12-52	2382-2385	als	
12-53	2386-2390	voor	
12-54	2391-2393	de	
12-55	2394-2403	schepsels	
12-56	2404-2410	noodig	
12-57	2411-2413	is	
12-58	2413-2414	,	
12-59	2415-2418	die	
12-60	2419-2423	zich	
12-61	2424-2426	in	
12-62	2427-2437	dergelijke	
12-63	2438-2444	oorden	
12-64	2445-2454	onthouden	
12-65	2454-2455	.	

#Text=Zij is derhalve alleen daar, naar de behoeften der schepsels ingerigt, waar dezelve in haar moeten leven en zich bewegen.
13-1	2456-2459	Zij	
13-2	2460-2462	is	
13-3	2463-2471	derhalve	
13-4	2472-2478	alleen	
13-5	2479-2483	daar	
13-6	2483-2484	,	
13-7	2485-2489	naar	
13-8	2490-2492	de	
13-9	2493-2502	behoeften	
13-10	2503-2506	der	
13-11	2507-2516	schepsels	
13-12	2517-2525	ingerigt	
13-13	2525-2526	,	
13-14	2527-2531	waar	
13-15	2532-2539	dezelve	
13-16	2540-2542	in	
13-17	2543-2547	haar	
13-18	2548-2554	moeten	
13-19	2555-2560	leven	
13-20	2561-2563	en	
13-21	2564-2568	zich	
13-22	2569-2576	bewegen	
13-23	2576-2577	.	

#Text=Ware zij zwaarder dan zij is, zoo zou zij alles verwoesten, en de beweging der dieren, op de aarde en in de lucht levende, moeijelijk of zelfs geheel onmogelijk gemaakt worden.
14-1	2578-2582	Ware	
14-2	2583-2586	zij	
14-3	2587-2595	zwaarder	
14-4	2596-2599	dan	
14-5	2600-2603	zij	
14-6	2604-2606	is	
14-7	2606-2607	,	
14-8	2608-2611	zoo	
14-9	2612-2615	zou	
14-10	2616-2619	zij	
14-11	2620-2625	alles	
14-12	2626-2636	verwoesten	
14-13	2636-2637	,	
14-14	2638-2640	en	
14-15	2641-2643	de	
14-16	2644-2652	beweging	
14-17	2653-2656	der	
14-18	2657-2663	dieren	
14-19	2663-2664	,	
14-20	2665-2667	op	
14-21	2668-2670	de	
14-22	2671-2676	aarde	
14-23	2677-2679	en	
14-24	2680-2682	in	
14-25	2683-2685	de	
14-26	2686-2691	lucht	
14-27	2692-2699	levende	
14-28	2699-2700	,	
14-29	2701-2711	moeijelijk	
14-30	2712-2714	of	
14-31	2715-2720	zelfs	
14-32	2721-2727	geheel	
14-33	2728-2738	onmogelijk	
14-34	2739-2746	gemaakt	
14-35	2747-2753	worden	
14-36	2753-2754	.	

#Text=Ware zij ligter, zoo zou zij noch voor onze longen geschikt zijn, noch de dampen in de hoogte houden kunnen.
15-1	2755-2759	Ware	
15-2	2760-2763	zij	
15-3	2764-2770	ligter	
15-4	2770-2771	,	
15-5	2772-2775	zoo	
15-6	2776-2779	zou	
15-7	2780-2783	zij	
15-8	2784-2788	noch	
15-9	2789-2793	voor	
15-10	2794-2798	onze	
15-11	2799-2805	longen	
15-12	2806-2814	geschikt	
15-13	2815-2819	zijn	
15-14	2819-2820	,	
15-15	2821-2825	noch	
15-16	2826-2828	de	
15-17	2829-2835	dampen	
15-18	2836-2838	in	
15-19	2839-2841	de	
15-20	2842-2848	hoogte	
15-21	2849-2855	houden	
15-22	2856-2862	kunnen	
15-23	2862-2863	.	

#Text=En welke wonderbare schikkingen zijn er niet gemaakt, opdat deze weldadige eigenschap der lucht, waardoor zij zoo nuttig en dienstig voor het leven is, bestendig onderhouden worden.
16-1	2866-2868	En	
16-2	2869-2874	welke	
16-3	2875-2885	wonderbare	
16-4	2886-2897	schikkingen	
16-5	2898-2902	zijn	
16-6	2903-2905	er	
16-7	2906-2910	niet	
16-8	2911-2918	gemaakt	
16-9	2918-2919	,	
16-10	2920-2925	opdat	
16-11	2926-2930	deze	
16-12	2931-2940	weldadige	
16-13	2941-2951	eigenschap	
16-14	2952-2955	der	
16-15	2956-2961	lucht	
16-16	2961-2962	,	
16-17	2963-2971	waardoor	
16-18	2972-2975	zij	
16-19	2976-2979	zoo	
16-20	2980-2986	nuttig	
16-21	2987-2989	en	
16-22	2990-2998	dienstig	
16-23	2999-3003	voor	
16-24	3004-3007	het	
16-25	3008-3013	leven	
16-26	3014-3016	is	
16-27	3016-3017	,	
16-28	3018-3027	bestendig	
16-29	3028-3039	onderhouden	
16-30	3040-3046	worden	
16-31	3046-3047	.	
