#FORMAT=WebAnno TSV 3.3


#Text=De
#Text=Ademhalende Openingen als gesegt syn tien aan weersyden van het lichaam,
#Text=en alsoo twintig in 't getal, even als in de Sydewurmen ende Houtwurm, dan daar
#Text=dit merkelyk onderscheit by komt, te weeten, dat 'er in de Houtwurm ende Sywurmen
#Text=maar agtien door rootagtige en hoornbeenige stippelen onderscheiden of merkelyk
#Text=
#Text=syn;
#Text=synde het tiende paar alsoo wat duysterder om te onderscheiden;
#Text=het welke
#Text=
#Text=Jan Swammerdam, Bybel der natuure of historie der insecten.
1-1	4-6	De	
1-2	7-18	Ademhalende	
1-3	19-28	Openingen	
1-4	29-32	als	
1-5	33-39	gesegt	
1-6	40-43	syn	
1-7	44-48	tien	
1-8	49-52	aan	
1-9	53-62	weersyden	
1-10	63-66	van	
1-11	67-70	het	
1-12	71-78	lichaam	
1-13	78-79	,	
1-14	80-82	en	
1-15	83-88	alsoo	
1-16	89-96	twintig	
1-17	97-99	in	
1-18	100-101	'	
1-19	101-102	t	
1-20	103-108	getal	
1-21	108-109	,	
1-22	110-114	even	
1-23	115-118	als	
1-24	119-121	in	
1-25	122-124	de	
1-26	125-135	Sydewurmen	
1-27	136-140	ende	
1-28	141-149	Houtwurm	
1-29	149-150	,	
1-30	151-154	dan	
1-31	155-159	daar	
1-32	160-163	dit	
1-33	164-172	merkelyk	
1-34	173-184	onderscheit	
1-35	185-187	by	
1-36	188-192	komt	
1-37	192-193	,	
1-38	194-196	te	
1-39	197-203	weeten	
1-40	203-204	,	
1-41	205-208	dat	
1-42	209-210	'	
1-43	210-212	er	
1-44	213-215	in	
1-45	216-218	de	
1-46	219-227	Houtwurm	
1-47	228-232	ende	
1-48	233-241	Sywurmen	
1-49	242-246	maar	
1-50	247-253	agtien	
1-51	254-258	door	
1-52	259-269	rootagtige	
1-53	270-272	en	
1-54	273-285	hoornbeenige	
1-55	286-295	stippelen	
1-56	296-309	onderscheiden	
1-57	310-312	of	
1-58	313-321	merkelyk	
1-59	323-326	syn	
1-60	326-327	;	
1-61	328-333	synde	
1-62	334-337	het	
1-63	338-344	tiende	
1-64	345-349	paar	
1-65	350-355	alsoo	
1-66	356-359	wat	
1-67	360-370	duysterder	
1-68	371-373	om	
1-69	374-376	te	
1-70	377-390	onderscheiden	
1-71	390-391	;	
1-72	392-395	het	
1-73	396-401	welke	
1-74	403-406	Jan	
1-75	407-417	Swammerdam	
1-76	417-418	,	
1-77	419-424	Bybel	
1-78	425-428	der	
1-79	429-436	natuure	
1-80	437-439	of	
1-81	440-448	historie	
1-82	449-452	der	
1-83	453-461	insecten	
1-84	461-462	.	

#Text=Deel 1
#Text=
#Text=\fmogelyk de reeden is, dat den onvergelykelyken Malpighius daar geen twintig, maar
#Text=alleen agtien beschryft in de Zywurmen.
2-1	463-467	Deel	
2-2	468-469	1	
2-3	472-479	mogelyk	
2-4	480-482	de	
2-5	483-489	reeden	
2-6	490-492	is	
2-7	492-493	,	
2-8	494-497	dat	
2-9	498-501	den	
2-10	502-518	onvergelykelyken	
2-11	519-529	Malpighius	
2-12	530-534	daar	
2-13	535-539	geen	
2-14	540-547	twintig	
2-15	547-548	,	
2-16	549-553	maar	
2-17	554-560	alleen	
2-18	561-567	agtien	
2-19	568-577	beschryft	
2-20	578-580	in	
2-21	581-583	de	
2-22	584-592	Zywurmen	
2-23	592-593	.	

#Text=Deese Longpypen hier in de Wurm van de
#Text=Bye, dewelke van de Openingen naa binnen in't lichaam gaan, communiceeren
#Text=geheel met malkanderen, gaande daar een pypken van de eene Opening tot de
#Text=andere, tot dat se eyndelyk het geheele lichaam door verspreit worden.
3-1	594-599	Deese	
3-2	600-609	Longpypen	
3-3	610-614	hier	
3-4	615-617	in	
3-5	618-620	de	
3-6	621-625	Wurm	
3-7	626-629	van	
3-8	630-632	de	
3-9	633-636	Bye	
3-10	636-637	,	
3-11	638-645	dewelke	
3-12	646-649	van	
3-13	650-652	de	
3-14	653-662	Openingen	
3-15	663-666	naa	
3-16	667-673	binnen	
3-17	674-678	in't	
3-18	679-686	lichaam	
3-19	687-691	gaan	
3-20	691-692	,	
3-21	693-706	communiceeren	
3-22	707-713	geheel	
3-23	714-717	met	
3-24	718-729	malkanderen	
3-25	729-730	,	
3-26	731-737	gaande	
3-27	738-742	daar	
3-28	743-746	een	
3-29	747-753	pypken	
3-30	754-757	van	
3-31	758-760	de	
3-32	761-765	eene	
3-33	766-773	Opening	
3-34	774-777	tot	
3-35	778-780	de	
3-36	781-787	andere	
3-37	787-788	,	
3-38	789-792	tot	
3-39	793-796	dat	
3-40	797-799	se	
3-41	800-808	eyndelyk	
3-42	809-812	het	
3-43	813-820	geheele	
3-44	821-828	lichaam	
3-45	829-833	door	
3-46	834-843	verspreit	
3-47	844-850	worden	
3-48	850-851	.	

#Text=Wonderlyk
#Text=
#Text=ja seer wonderlyk is
#Text='t hoe deese Longpypkens gemaakt syn, alle uyt krulwyse
#Text=ringekens bestaande, die seer digt aan een geboogen worden, ende met seer dunne
#Text=Veselkens ende Vlieskens aan een gehegt worden, ende alsoo digt daar door op
#Text=een sluyten, datter geen lucht, als door haare altyd openstaande holte passeren
#Text=kan.
4-1	852-861	Wonderlyk	
4-2	863-865	ja	
4-3	866-870	seer	
4-4	871-880	wonderlyk	
4-5	881-883	is	
4-6	884-885	'	
4-7	885-886	t	
4-8	887-890	hoe	
4-9	891-896	deese	
4-10	897-908	Longpypkens	
4-11	909-916	gemaakt	
4-12	917-920	syn	
4-13	920-921	,	
4-14	922-926	alle	
4-15	927-930	uyt	
4-16	931-939	krulwyse	
4-17	940-949	ringekens	
4-18	950-959	bestaande	
4-19	959-960	,	
4-20	961-964	die	
4-21	965-969	seer	
4-22	970-974	digt	
4-23	975-978	aan	
4-24	979-982	een	
4-25	983-991	geboogen	
4-26	992-998	worden	
4-27	998-999	,	
4-28	1000-1004	ende	
4-29	1005-1008	met	
4-30	1009-1013	seer	
4-31	1014-1019	dunne	
4-32	1020-1029	Veselkens	
4-33	1030-1034	ende	
4-34	1035-1044	Vlieskens	
4-35	1045-1048	aan	
4-36	1049-1052	een	
4-37	1053-1059	gehegt	
4-38	1060-1066	worden	
4-39	1066-1067	,	
4-40	1068-1072	ende	
4-41	1073-1078	alsoo	
4-42	1079-1083	digt	
4-43	1084-1088	daar	
4-44	1089-1093	door	
4-45	1094-1096	op	
4-46	1097-1100	een	
4-47	1101-1108	sluyten	
4-48	1108-1109	,	
4-49	1110-1116	datter	
4-50	1117-1121	geen	
4-51	1122-1127	lucht	
4-52	1127-1128	,	
4-53	1129-1132	als	
4-54	1133-1137	door	
4-55	1138-1143	haare	
4-56	1144-1149	altyd	
4-57	1150-1161	openstaande	
4-58	1162-1167	holte	
4-59	1168-1176	passeren	
4-60	1177-1180	kan	
4-61	1180-1181	.	

#Text=Nog syn deese ringekens in 't eene pypken langer als in het andere, ende
#Text=dikmaalder omgeboogen; synde vorders seer konstig van maaksel, ter plaatse daar
#Text=se in takken en ramificatien verdeelt worden, alwaar deese ringekens seer kunstig
#Text=neffens een en aan malkanderen gevleyt en verknogt worden: dat door verkortende
#Text=verlangende, en geboge ringekens geschiet.
5-1	1182-1185	Nog	
5-2	1186-1189	syn	
5-3	1190-1195	deese	
5-4	1196-1205	ringekens	
5-5	1206-1208	in	
5-6	1209-1210	'	
5-7	1210-1211	t	
5-8	1212-1216	eene	
5-9	1217-1223	pypken	
5-10	1224-1230	langer	
5-11	1231-1234	als	
5-12	1235-1237	in	
5-13	1238-1241	het	
5-14	1242-1248	andere	
5-15	1248-1249	,	
5-16	1250-1254	ende	
5-17	1255-1265	dikmaalder	
5-18	1266-1276	omgeboogen	
5-19	1276-1277	;	
5-20	1278-1283	synde	
5-21	1284-1291	vorders	
5-22	1292-1296	seer	
5-23	1297-1304	konstig	
5-24	1305-1308	van	
5-25	1309-1316	maaksel	
5-26	1316-1317	,	
5-27	1318-1321	ter	
5-28	1322-1329	plaatse	
5-29	1330-1334	daar	
5-30	1335-1337	se	
5-31	1338-1340	in	
5-32	1341-1347	takken	
5-33	1348-1350	en	
5-34	1351-1363	ramificatien	
5-35	1364-1372	verdeelt	
5-36	1373-1379	worden	
5-37	1379-1380	,	
5-38	1381-1387	alwaar	
5-39	1388-1393	deese	
5-40	1394-1403	ringekens	
5-41	1404-1408	seer	
5-42	1409-1416	kunstig	
5-43	1417-1424	neffens	
5-44	1425-1428	een	
5-45	1429-1431	en	
5-46	1432-1435	aan	
5-47	1436-1447	malkanderen	
5-48	1448-1455	gevleyt	
5-49	1456-1458	en	
5-50	1459-1467	verknogt	
5-51	1468-1474	worden	
5-52	1474-1475	:	
5-53	1476-1479	dat	
5-54	1480-1484	door	
5-55	1485-1496	verkortende	
5-56	1497-1508	verlangende	
5-57	1508-1509	,	
5-58	1510-1512	en	
5-59	1513-1519	geboge	
5-60	1520-1529	ringekens	
5-61	1530-1538	geschiet	
5-62	1538-1539	.	

#Text=Het welk alles niet beter te sien is, als
#Text=met deese pypkens op overdunne stukskens glas te leggen, dat een seer nutte
#Text=kunstgreep is alsoo, men op die wyse selfs de al-
#Text=
#Text=Jan Swammerdam, Bybel der natuure of historie der insecten.
6-1	1540-1543	Het	
6-2	1544-1548	welk	
6-3	1549-1554	alles	
6-4	1555-1559	niet	
6-5	1560-1565	beter	
6-6	1566-1568	te	
6-7	1569-1573	sien	
6-8	1574-1576	is	
6-9	1576-1577	,	
6-10	1578-1581	als	
6-11	1582-1585	met	
6-12	1586-1591	deese	
6-13	1592-1599	pypkens	
6-14	1600-1602	op	
6-15	1603-1612	overdunne	
6-16	1613-1622	stukskens	
6-17	1623-1627	glas	
6-18	1628-1630	te	
6-19	1631-1637	leggen	
6-20	1637-1638	,	
6-21	1639-1642	dat	
6-22	1643-1646	een	
6-23	1647-1651	seer	
6-24	1652-1657	nutte	
6-25	1658-1668	kunstgreep	
6-26	1669-1671	is	
6-27	1672-1677	alsoo	
6-28	1677-1678	,	
6-29	1679-1682	men	
6-30	1683-1685	op	
6-31	1686-1689	die	
6-32	1690-1694	wyse	
6-33	1695-1700	selfs	
6-34	1701-1703	de	
6-35	1704-1706	al	
6-36	1706-1707	-	
6-37	1709-1712	Jan	
6-38	1713-1723	Swammerdam	
6-39	1723-1724	,	
6-40	1725-1730	Bybel	
6-41	1731-1734	der	
6-42	1735-1742	natuure	
6-43	1743-1745	of	
6-44	1746-1754	historie	
6-45	1755-1758	der	
6-46	1759-1767	insecten	
6-47	1767-1768	.	

#Text=Deel 1
#Text=
#Text=\f
#Text=411
#Text=fragmento impositas, adversa dein luce
#Text=contemplatur: quae quidera utilissima sane
#Text=encheiresis est.
7-1	1769-1773	Deel	
7-2	1774-1775	1	
7-3	1779-1782	411	
7-4	1783-1792	fragmento	
7-5	1793-1802	impositas	
7-6	1802-1803	,	
7-7	1804-1811	adversa	
7-8	1812-1816	dein	
7-9	1817-1821	luce	
7-10	1822-1834	contemplatur	
7-11	1834-1835	:	
7-12	1836-1840	quae	
7-13	1841-1848	quidera	
7-14	1849-1859	utilissima	
7-15	1860-1864	sane	
7-16	1865-1876	encheiresis	
7-17	1877-1880	est	
7-18	1880-1881	.	

#Text=Possunt etiam, majoris distinctionis ergo, super tenuibus vitris
#Text=coloratis, nigris, viridibus, rubris, collocari.
8-1	1882-1889	Possunt	
8-2	1890-1895	etiam	
8-3	1895-1896	,	
8-4	1897-1904	majoris	
8-5	1905-1918	distinctionis	
8-6	1919-1923	ergo	
8-7	1923-1924	,	
8-8	1925-1930	super	
8-9	1931-1939	tenuibus	
8-10	1940-1946	vitris	
8-11	1947-1956	coloratis	
8-12	1956-1957	,	
8-13	1958-1964	nigris	
8-14	1964-1965	,	
8-15	1966-1975	viridibus	
8-16	1975-1976	,	
8-17	1977-1983	rubris	
8-18	1983-1984	,	
8-19	1985-1994	collocari	
8-20	1994-1995	.	

#Text=Pulmonum hae cannulae semper, uti
#Text=memoravi, patulae hiant: quod in nobis etiam, aliisque Animantibus, potissimum
#Text=tamen circa annulos cartilagineos, in Collo sitos, locum habet;
#Text=ut ideo aër in Homine
#Text=aut alio
#Text=Animante,
9-1	1996-2004	Pulmonum	
9-2	2005-2008	hae	
9-3	2009-2017	cannulae	
9-4	2018-2024	semper	
9-5	2024-2025	,	
9-6	2026-2029	uti	
9-7	2030-2038	memoravi	
9-8	2038-2039	,	
9-9	2040-2047	patulae	
9-10	2048-2053	hiant	
9-11	2053-2054	:	
9-12	2055-2059	quod	
9-13	2060-2062	in	
9-14	2063-2068	nobis	
9-15	2069-2074	etiam	
9-16	2074-2075	,	
9-17	2076-2084	aliisque	
9-18	2085-2096	Animantibus	
9-19	2096-2097	,	
9-20	2098-2108	potissimum	
9-21	2109-2114	tamen	
9-22	2115-2120	circa	
9-23	2121-2128	annulos	
9-24	2129-2142	cartilagineos	
9-25	2142-2143	,	
9-26	2144-2146	in	
9-27	2147-2152	Collo	
9-28	2153-2158	sitos	
9-29	2158-2159	,	
9-30	2160-2165	locum	
9-31	2166-2171	habet	
9-32	2171-2172	;	
9-33	2173-2175	ut	
9-34	2176-2180	ideo	
9-35	2181-2184	aër	
9-36	2185-2187	in	
9-37	2188-2194	Homine	
9-38	2195-2198	aut	
9-39	2199-2203	alio	
9-40	2204-2212	Animante	
9-41	2212-2213	,	
