#FORMAT=WebAnno TSV 3.3


#Text=Siet
#Text=
#Text=hier van breder, int lxvij.
1-1	2-6	Siet	
1-2	8-12	hier	
1-3	13-16	van	
1-4	17-23	breder	
1-5	23-24	,	
1-6	25-28	int	
1-7	29-34	lxvij	
1-8	34-35	.	

#Text=Capitel.
2-1	36-43	Capitel	
2-2	43-44	.	

#Text=Met den reuck pleghen meer rijcke en curieuse menschen te sondighen,+
#Text=haer
#Text=+
#Text=seluen wel-rieckende te maecken, ende daer in te glorieren:
#Text=ende ter contrarien,
#Text=Den reuck.
3-1	47-50	Met	
3-2	51-54	den	
3-3	55-60	reuck	
3-4	61-68	pleghen	
3-5	69-73	meer	
3-6	74-80	rijcke	
3-7	81-83	en	
3-8	84-92	curieuse	
3-9	93-101	menschen	
3-10	102-104	te	
3-11	105-114	sondighen	
3-12	114-115	,	
3-13	115-116	+	
3-14	117-121	haer	
3-15	122-123	+	
3-16	124-130	seluen	
3-17	131-144	wel-rieckende	
3-18	145-147	te	
3-19	148-155	maecken	
3-20	155-156	,	
3-21	157-161	ende	
3-22	162-166	daer	
3-23	167-169	in	
3-24	170-172	te	
3-25	173-182	glorieren	
3-26	182-183	:	
3-27	184-188	ende	
3-28	189-192	ter	
3-29	193-203	contrarien	
3-30	203-204	,	
3-31	205-208	Den	
3-32	209-214	reuck	
3-33	214-215	.	

#Text=IIII.
4-1	217-221	IIII	
4-2	221-222	.	

#Text=arme huys-ghesinnen, siecken, ende hospitalen te schouwen.
5-1	224-228	arme	
5-2	229-243	huys-ghesinnen	
5-3	243-244	,	
5-4	245-252	siecken	
5-5	252-253	,	
5-6	254-258	ende	
5-7	259-269	hospitalen	
5-8	270-272	te	
5-9	273-281	schouwen	
5-10	281-282	.	

#Text=Onsen
#Text=Heere heeft
#Text=hier teghen, veur remedie, oock in den+ reuck vele willen lijden:
#Text=namentlijck opden
#Text=+
#Text=bergh van Caluarien,
#Text=Remedie des reucks.
6-1	283-288	Onsen	
6-2	289-294	Heere	
6-3	295-300	heeft	
6-4	301-305	hier	
6-5	306-312	teghen	
6-6	312-313	,	
6-7	314-318	veur	
6-8	319-326	remedie	
6-9	326-327	,	
6-10	328-332	oock	
6-11	333-335	in	
6-12	336-339	den	
6-13	339-340	+	
6-14	341-346	reuck	
6-15	347-351	vele	
6-16	352-358	willen	
6-17	359-365	lijden	
6-18	365-366	:	
6-19	367-378	namentlijck	
6-20	379-384	opden	
6-21	385-386	+	
6-22	387-392	bergh	
6-23	393-396	van	
6-24	397-406	Caluarien	
6-25	406-407	,	
6-26	408-415	Remedie	
6-27	416-419	des	
6-28	420-426	reucks	
6-29	426-427	.	

#Text=Jan David, Christeliicken waerseggher
#Text=
#Text=\f134
#Text=ende onder de siecken.
7-1	430-433	Jan	
7-2	434-439	David	
7-3	439-440	,	
7-4	441-455	Christeliicken	
7-5	456-467	waerseggher	
7-6	470-473	134	
7-7	474-478	ende	
7-8	479-484	onder	
7-9	485-487	de	
7-10	488-495	siecken	
7-11	495-496	.	

#Text=Soo dat ons meer toe-staet eenen goeden reuck te maecken
#Text=
#Text=van deughden, dan in andere wel-rieckende ijdelheydt.
8-1	497-500	Soo	
8-2	501-504	dat	
8-3	505-508	ons	
8-4	509-513	meer	
8-5	514-523	toe-staet	
8-6	524-529	eenen	
8-7	530-536	goeden	
8-8	537-542	reuck	
8-9	543-545	te	
8-10	546-553	maecken	
8-11	555-558	van	
8-12	559-567	deughden	
8-13	567-568	,	
8-14	569-572	dan	
8-15	573-575	in	
8-16	576-582	andere	
8-17	583-596	wel-rieckende	
8-18	597-607	ijdelheydt	
8-19	607-608	.	

#Text=Want men houdt veur seker,
#Text=dat die hier best riecken, naer hun doodt meest stincken sullen, ende inde helle met
#Text=meerderen stanck ghequolen worden
9-1	609-613	Want	
9-2	614-617	men	
9-3	618-623	houdt	
9-4	624-628	veur	
9-5	629-634	seker	
9-6	634-635	,	
9-7	636-639	dat	
9-8	640-643	die	
9-9	644-648	hier	
9-10	649-653	best	
9-11	654-661	riecken	
9-12	661-662	,	
9-13	663-667	naer	
9-14	668-671	hun	
9-15	672-677	doodt	
9-16	678-683	meest	
9-17	684-692	stincken	
9-18	693-699	sullen	
9-19	699-700	,	
9-20	701-705	ende	
9-21	706-710	inde	
9-22	711-716	helle	
9-23	717-720	met	
9-24	721-730	meerderen	
9-25	731-737	stanck	
9-26	738-747	ghequolen	
9-27	748-754	worden	

#Text=.
10-1	754-755	.	

#Text=+
#Text=
#Text=Antiochus
#Text=maecktes al te vele, in te groot achten sijns selfs, ende dusdanighe
#Text=wellustigheydt: maer hy is vande luysen gh'eten: ende noch leuende soo stinckende, +2.Mach.9.
11-1	757-758	+	
11-2	760-769	Antiochus	
11-3	770-778	maecktes	
11-4	779-781	al	
11-5	782-784	te	
11-6	785-789	vele	
11-7	789-790	,	
11-8	791-793	in	
11-9	794-796	te	
11-10	797-802	groot	
11-11	803-809	achten	
11-12	810-815	sijns	
11-13	816-821	selfs	
11-14	821-822	,	
11-15	823-827	ende	
11-16	828-838	dusdanighe	
11-17	839-853	wellustigheydt	
11-18	853-854	:	
11-19	855-859	maer	
11-20	860-862	hy	
11-21	863-865	is	
11-22	866-871	vande	
11-23	872-878	luysen	
11-24	879-886	gh'eten	
11-25	886-887	:	
11-26	888-892	ende	
11-27	893-897	noch	
11-28	898-905	leuende	
11-29	906-909	soo	
11-30	910-920	stinckende	
11-31	920-921	,	
11-32	922-923	+	
11-33	923-924	2	
11-34	924-925	.	
11-35	925-929	Mach	
11-36	929-931	.9	
11-37	931-932	.	

#Text=Antiochus geplaeght.
12-1	934-943	Antiochus	
12-2	944-953	geplaeght	
12-3	953-954	.	
