{"_context" : {
    "_types" : {
      "DocumentMetaData" : {
        "_feature_types" : {"sofa" : "_ref" } }, 
      "Relation" : {
        "_feature_types" : {"sofa" : "_ref",  "Dependent" : "_ref",  "Governor" : "_ref" } }, 
      "Sentence" : {
        "_feature_types" : {"sofa" : "_ref" } }, 
      "Sofa" : {
        "_feature_types" : {"sofaArray" : "_ref" } }, 
      "Span" : {
        "_feature_types" : {"sofa" : "_ref" } }, 
      "TagsetDescription" : {
        "_feature_types" : {"sofa" : "_ref",  "tags" : "_ref" } }, 
      "Token" : {
        "_feature_types" : {"sofa" : "_ref",  "parent" : "_ref",  "lemma" : "_ref",  "stem" : "_ref",  "pos" : "_ref",  "morph" : "_ref",  "form" : "_ref" } }, 
      "DocumentAnnotation" : {
        "_feature_types" : {"sofa" : "_ref" }, 
        "_subtypes" : ["DocumentMetaData" ] }, 
      "Annotation" : {
        "_feature_types" : {"sofa" : "_ref" }, 
        "_subtypes" : ["DocumentAnnotation",  "Relation",  "Sentence",  "Span",  "TagsetDescription",  "Token" ] }, 
      "AnnotationBase" : {
        "_feature_types" : {"sofa" : "_ref" }, 
        "_subtypes" : ["Annotation" ] }, 
      "TOP" : {
        "_subtypes" : ["AnnotationBase",  "Sofa" ] } } }, 
  "_views" : {
    "_InitialView" : {
      "Relation" : [
        {"sofa" : 1,  "begin" : 523,  "end" : 528,  "Dependent" : 12844,  "Governor" : 12854 }, 
        {"sofa" : 1,  "begin" : 523,  "end" : 528,  "Dependent" : 12844,  "Governor" : 12849 }, 
        {"sofa" : 1,  "begin" : 560,  "end" : 566,  "Dependent" : 12919,  "Governor" : 12924 }, 
        {"sofa" : 1,  "begin" : 560,  "end" : 566,  "Dependent" : 12919,  "Governor" : 12936 }, 
        {"sofa" : 1,  "begin" : 560,  "end" : 566,  "Dependent" : 12919,  "Governor" : 12914 }, 
        {"sofa" : 1,  "begin" : 627,  "end" : 635,  "Dependent" : 12873,  "Governor" : 12878 }, 
        {"sofa" : 1,  "begin" : 627,  "end" : 635,  "Dependent" : 12873,  "Governor" : 12890 }, 
        {"sofa" : 1,  "begin" : 627,  "end" : 635,  "Dependent" : 12873,  "Governor" : 12902 }, 
        {"sofa" : 1,  "begin" : 739,  "end" : 743,  "Dependent" : 12955,  "Governor" : 12960 }, 
        {"sofa" : 1,  "begin" : 739,  "end" : 743,  "Dependent" : 12955,  "Governor" : 12972 }, 
        {"sofa" : 1,  "begin" : 739,  "end" : 743,  "Dependent" : 12955,  "Governor" : 12984 }, 
        {"sofa" : 1,  "begin" : 807,  "end" : 815,  "Dependent" : 12996,  "Governor" : 13001 }, 
        {"sofa" : 1,  "begin" : 807,  "end" : 815,  "Dependent" : 12996,  "Governor" : 13013 }, 
        {"sofa" : 1,  "begin" : 923,  "end" : 929,  "Dependent" : 13018,  "Governor" : 13023 }, 
        {"sofa" : 1,  "begin" : 923,  "end" : 929,  "Dependent" : 13018,  "Governor" : 13035 }, 
        {"sofa" : 1,  "begin" : 923,  "end" : 929,  "Dependent" : 13018,  "Governor" : 13057 }, 
        {"sofa" : 1,  "begin" : 923,  "end" : 929,  "Dependent" : 13018,  "Governor" : 13052 }, 
        {"sofa" : 1,  "begin" : 923,  "end" : 929,  "Dependent" : 13018,  "Governor" : 13047 }, 
        {"sofa" : 1,  "begin" : 1076,  "end" : 1081,  "Dependent" : 13083,  "Governor" : 13088 }, 
        {"sofa" : 1,  "begin" : 1076,  "end" : 1081,  "Dependent" : 13083,  "Governor" : 13093 }, 
        {"sofa" : 1,  "begin" : 1076,  "end" : 1081,  "Dependent" : 13083,  "Governor" : 13112 }, 
        {"sofa" : 1,  "begin" : 1153,  "end" : 1158,  "Dependent" : 13117,  "Governor" : 13122 }, 
        {"sofa" : 1,  "begin" : 1160,  "end" : 1162,  "Dependent" : 13173,  "Governor" : 13117,  "label" : "Anaphoric" }, 
        {"sofa" : 1,  "begin" : 1160,  "end" : 1162,  "Dependent" : 13173,  "Governor" : 13163 }, 
        {"sofa" : 1,  "begin" : 1246,  "end" : 1251,  "Dependent" : 13134,  "Governor" : 13139 }, 
        {"sofa" : 1,  "begin" : 1246,  "end" : 1251,  "Dependent" : 13134,  "Governor" : 13151 }, 
        {"sofa" : 1,  "begin" : 1295,  "end" : 1297,  "Dependent" : 13274,  "Governor" : 13117,  "label" : "Anaphoric" }, 
        {"sofa" : 1,  "begin" : 1295,  "end" : 1297,  "Dependent" : 13274,  "Governor" : 13269 }, 
        {"sofa" : 1,  "begin" : 1299,  "end" : 1301,  "Dependent" : 13192,  "Governor" : 13117,  "label" : "Anaphoric" }, 
        {"sofa" : 1,  "begin" : 1299,  "end" : 1301,  "Dependent" : 13192,  "Governor" : 13293 }, 
        {"sofa" : 1,  "begin" : 1327,  "end" : 1329,  "Dependent" : 13209,  "Governor" : 13117,  "label" : "Anaphoric" }, 
        {"sofa" : 1,  "begin" : 1327,  "end" : 1329,  "Dependent" : 13209,  "Governor" : 13305 }, 
        {"sofa" : 1,  "begin" : 1327,  "end" : 1329,  "Dependent" : 13209,  "Governor" : 13317 }, 
        {"sofa" : 1,  "begin" : 1456,  "end" : 1458,  "Dependent" : 13221,  "Governor" : 13117,  "label" : "Anaphoric" }, 
        {"sofa" : 1,  "begin" : 1456,  "end" : 1458,  "Dependent" : 13221,  "Governor" : 13329 }, 
        {"sofa" : 1,  "begin" : 1460,  "end" : 1462,  "Dependent" : 13233,  "Governor" : 13117,  "label" : "Anaphoric" }, 
        {"sofa" : 1,  "begin" : 1460,  "end" : 1462,  "Dependent" : 13233,  "Governor" : 13341 }, 
        {"sofa" : 1,  "begin" : 1493,  "end" : 1495,  "Dependent" : 13245,  "Governor" : 13117,  "label" : "Anaphoric" }, 
        {"sofa" : 1,  "begin" : 1493,  "end" : 1495,  "Dependent" : 13245,  "Governor" : 13353 }, 
        {"sofa" : 1,  "begin" : 1493,  "end" : 1495,  "Dependent" : 13245,  "Governor" : 13365 }, 
        {"sofa" : 1,  "begin" : 1590,  "end" : 1592,  "Dependent" : 13512,  "Governor" : 13117,  "label" : "Anaphoric" }, 
        {"sofa" : 1,  "begin" : 1590,  "end" : 1592,  "Dependent" : 13512,  "Governor" : 13377 }, 
        {"sofa" : 1,  "begin" : 1590,  "end" : 1592,  "Dependent" : 13512,  "Governor" : 13382 }, 
        {"sofa" : 1,  "begin" : 1594,  "end" : 1596,  "Dependent" : 13507,  "Governor" : 13117,  "label" : "Anaphoric" }, 
        {"sofa" : 1,  "begin" : 1594,  "end" : 1596,  "Dependent" : 13507,  "Governor" : 13562 }, 
        {"sofa" : 1,  "begin" : 1629,  "end" : 1633,  "Dependent" : 13574,  "Governor" : 13579 }, 
        {"sofa" : 1,  "begin" : 1669,  "end" : 1671,  "Dependent" : 13401,  "Governor" : 13433 }, 
        {"sofa" : 1,  "begin" : 1669,  "end" : 1671,  "Dependent" : 13401,  "Governor" : 13445 }, 
        {"sofa" : 1,  "begin" : 1669,  "end" : 1671,  "Dependent" : 13401,  "Governor" : 13117,  "label" : "Anaphoric" }, 
        {"sofa" : 1,  "begin" : 1769,  "end" : 1771,  "Dependent" : 13543,  "Governor" : 13117,  "label" : "Anaphoric" }, 
        {"sofa" : 1,  "begin" : 1769,  "end" : 1771,  "Dependent" : 13543,  "Governor" : 13457 }, 
        {"sofa" : 1,  "begin" : 1769,  "end" : 1771,  "Dependent" : 13543,  "Governor" : 13469 }, 
        {"sofa" : 1,  "begin" : 1842,  "end" : 1851,  "Dependent" : 13416,  "Governor" : 13421 }, 
        {"sofa" : 1,  "begin" : 1842,  "end" : 1851,  "Dependent" : 13416,  "Governor" : 13612 }, 
        {"sofa" : 1,  "begin" : 2062,  "end" : 2064,  "Dependent" : 13624,  "Governor" : 13629 }, 
        {"sofa" : 1,  "begin" : 2062,  "end" : 2064,  "Dependent" : 13624,  "Governor" : 13646 }, 
        {"sofa" : 1,  "begin" : 2062,  "end" : 2064,  "Dependent" : 13624,  "Governor" : 13416,  "label" : "Anaphoric" }, 
        {"sofa" : 1,  "begin" : 2217,  "end" : 2222,  "Dependent" : 13658,  "Governor" : 13670 }, 
        {"sofa" : 1,  "begin" : 2217,  "end" : 2222,  "Dependent" : 13658,  "Governor" : 13682 }, 
        {"sofa" : 1,  "begin" : 2217,  "end" : 2222,  "Dependent" : 13658,  "Governor" : 13694 }, 
        {"sofa" : 1,  "begin" : 2217,  "end" : 2222,  "Dependent" : 13658,  "Governor" : 13706 }, 
        {"sofa" : 1,  "begin" : 2847,  "end" : 2852,  "Dependent" : 13718,  "Governor" : 13723 }, 
        {"sofa" : 1,  "begin" : 2847,  "end" : 2852,  "Dependent" : 13718,  "Governor" : 13735 }, 
        {"sofa" : 1,  "begin" : 2847,  "end" : 2852,  "Dependent" : 13718,  "Governor" : 13747 }, 
        {"sofa" : 1,  "begin" : 4005,  "end" : 4010,  "Dependent" : 13764,  "Governor" : 13769 }, 
        {"sofa" : 1,  "begin" : 4776,  "end" : 4782,  "Dependent" : 13781,  "Governor" : 13786 }, 
        {"sofa" : 1,  "begin" : 4776,  "end" : 4782,  "Dependent" : 13781,  "Governor" : 13798 }, 
        {"sofa" : 1,  "begin" : 4846,  "end" : 4852,  "Dependent" : 13815,  "Governor" : 13820 }, 
        {"sofa" : 1,  "begin" : 4846,  "end" : 4852,  "Dependent" : 13815,  "Governor" : 13810 } ], 
      "Span" : [12849,  12854,  12844,  12914,  12919,  12924,  12936,  12890,  12873,  12878,  12902,  12984,  12955,  12960,  12972,  13001,  12996,  13013,  13023,  13018,  13035,  13047,  13052,  13057,  13112,  13083,  13088,  13093,  13122,  13117,  13173,  13163,  13151,  13134,  13139,  13269,  13274,  13192,  13293,  13209,  13317,  13305,  13329,  13221,  13233,  13341,  13245,  13353,  13365,  13377,  13382,  13512,  13507,  13574,  13579,  13562,  13401,  13433,  13445,  13543,  13457,  13469,  13416,  13421,  13612,  13629,  13646,  13624,  13670,  13706,  13694,  13658,  13682,  13718,  13723,  13747,  13735, 
        {"sofa" : 1,  "begin" : 2936,  "end" : 2941,  "label" : "Smell_Word" },  13769,  13764,  13798,  13786,  13781,  13810,  13820,  13815 ], 
      "DocumentMetaData" : [
        {"sofa" : 1,  "end" : 4944,  "language" : "x-unspecified",  "documentTitle" : "048E%20Rudyard%20Kipling%201891%20From%20Sea%20to%20Sea__139_distribution_TRAV.txt",  "documentId" : "satonelli",  "documentUri" : "file:/home/dhuser/alessio/inception/repository/project/29/document/8695/source/satonelli",  "collectionId" : "file:/home/dhuser/alessio/inception/repository/project/29/document/8695/source/",  "documentBaseUri" : "file:/home/dhuser/alessio/inception/repository/project/29/document/8695/source/",  "isLastSegment" : false } ], 
      "TagsetDescription" : [
        {"sofa" : 1,  "layer" : "webanno.custom.Emotions",  "name" : "Emotion Labels",  "input" : false }, 
        {"sofa" : 1,  "layer" : "custom.Relation",  "name" : "Relation labels",  "input" : false }, 
        {"sofa" : 1,  "layer" : "custom.Span",  "name" : "Smell labels",  "input" : false } ], 
      "Sentence" : [
        {"sofa" : 1,  "end" : 106 }, 
        {"sofa" : 1,  "begin" : 107,  "end" : 167 }, 
        {"sofa" : 1,  "begin" : 168,  "end" : 419 }, 
        {"sofa" : 1,  "begin" : 420,  "end" : 529 }, 
        {"sofa" : 1,  "begin" : 530,  "end" : 548 }, 
        {"sofa" : 1,  "begin" : 549,  "end" : 678 }, 
        {"sofa" : 1,  "begin" : 679,  "end" : 681 }, 
        {"sofa" : 1,  "begin" : 682,  "end" : 788 }, 
        {"sofa" : 1,  "begin" : 789,  "end" : 884 }, 
        {"sofa" : 1,  "begin" : 885,  "end" : 948 }, 
        {"sofa" : 1,  "begin" : 949,  "end" : 1122 }, 
        {"sofa" : 1,  "begin" : 1123,  "end" : 1159 }, 
        {"sofa" : 1,  "begin" : 1160,  "end" : 1266 }, 
        {"sofa" : 1,  "begin" : 1267,  "end" : 1298 }, 
        {"sofa" : 1,  "begin" : 1299,  "end" : 1593 }, 
        {"sofa" : 1,  "begin" : 1594,  "end" : 1668 }, 
        {"sofa" : 1,  "begin" : 1669,  "end" : 1841 }, 
        {"sofa" : 1,  "begin" : 1842,  "end" : 1868 }, 
        {"sofa" : 1,  "begin" : 1869,  "end" : 1935 }, 
        {"sofa" : 1,  "begin" : 1936,  "end" : 2008 }, 
        {"sofa" : 1,  "begin" : 2009,  "end" : 2065 }, 
        {"sofa" : 1,  "begin" : 2066,  "end" : 2234 }, 
        {"sofa" : 1,  "begin" : 2235,  "end" : 2257 }, 
        {"sofa" : 1,  "begin" : 2258,  "end" : 2338 }, 
        {"sofa" : 1,  "begin" : 2339,  "end" : 2455 }, 
        {"sofa" : 1,  "begin" : 2457,  "end" : 2751 }, 
        {"sofa" : 1,  "begin" : 2752,  "end" : 2841 }, 
        {"sofa" : 1,  "begin" : 2842,  "end" : 2913 }, 
        {"sofa" : 1,  "begin" : 2914,  "end" : 3008 }, 
        {"sofa" : 1,  "begin" : 3009,  "end" : 3220 }, 
        {"sofa" : 1,  "begin" : 3221,  "end" : 3313 }, 
        {"sofa" : 1,  "begin" : 3314,  "end" : 3386 }, 
        {"sofa" : 1,  "begin" : 3387,  "end" : 3678 }, 
        {"sofa" : 1,  "begin" : 3679,  "end" : 3720 }, 
        {"sofa" : 1,  "begin" : 3721,  "end" : 3758 }, 
        {"sofa" : 1,  "begin" : 3759,  "end" : 3813 }, 
        {"sofa" : 1,  "begin" : 3814,  "end" : 4105 }, 
        {"sofa" : 1,  "begin" : 4106,  "end" : 4254 }, 
        {"sofa" : 1,  "begin" : 4255,  "end" : 4451 }, 
        {"sofa" : 1,  "begin" : 4452,  "end" : 4501 }, 
        {"sofa" : 1,  "begin" : 4502,  "end" : 4643 }, 
        {"sofa" : 1,  "begin" : 4645,  "end" : 4874 }, 
        {"sofa" : 1,  "begin" : 4875,  "end" : 4944 } ], 
      "Token" : [
        {"sofa" : 1,  "end" : 4 }, 
        {"sofa" : 1,  "begin" : 5,  "end" : 6 }, 
        {"sofa" : 1,  "begin" : 7,  "end" : 17 }, 
        {"sofa" : 1,  "begin" : 18,  "end" : 24 }, 
        {"sofa" : 1,  "begin" : 25,  "end" : 29 }, 
        {"sofa" : 1,  "begin" : 30,  "end" : 35 }, 
        {"sofa" : 1,  "begin" : 36,  "end" : 46 }, 
        {"sofa" : 1,  "begin" : 47,  "end" : 49 }, 
        {"sofa" : 1,  "begin" : 50,  "end" : 53 }, 
        {"sofa" : 1,  "begin" : 54,  "end" : 58 }, 
        {"sofa" : 1,  "begin" : 58,  "end" : 59 }, 
        {"sofa" : 1,  "begin" : 60,  "end" : 61 }, 
        {"sofa" : 1,  "begin" : 61,  "end" : 65 }, 
        {"sofa" : 1,  "begin" : 66,  "end" : 67 }, 
        {"sofa" : 1,  "begin" : 68,  "end" : 79 }, 
        {"sofa" : 1,  "begin" : 80,  "end" : 81 }, 
        {"sofa" : 1,  "begin" : 82,  "end" : 90 }, 
        {"sofa" : 1,  "begin" : 91,  "end" : 96 }, 
        {"sofa" : 1,  "begin" : 97,  "end" : 99 }, 
        {"sofa" : 1,  "begin" : 100,  "end" : 104 }, 
        {"sofa" : 1,  "begin" : 104,  "end" : 105 }, 
        {"sofa" : 1,  "begin" : 105,  "end" : 106 }, 
        {"sofa" : 1,  "begin" : 107,  "end" : 111 }, 
        {"sofa" : 1,  "begin" : 112,  "end" : 117 }, 
        {"sofa" : 1,  "begin" : 118,  "end" : 123 }, 
        {"sofa" : 1,  "begin" : 124,  "end" : 126 }, 
        {"sofa" : 1,  "begin" : 127,  "end" : 128 }, 
        {"sofa" : 1,  "begin" : 129,  "end" : 133 }, 
        {"sofa" : 1,  "begin" : 134,  "end" : 139 }, 
        {"sofa" : 1,  "begin" : 140,  "end" : 150 }, 
        {"sofa" : 1,  "begin" : 151,  "end" : 153 }, 
        {"sofa" : 1,  "begin" : 154,  "end" : 166 }, 
        {"sofa" : 1,  "begin" : 166,  "end" : 167 }, 
        {"sofa" : 1,  "begin" : 168,  "end" : 170 }, 
        {"sofa" : 1,  "begin" : 171,  "end" : 176 }, 
        {"sofa" : 1,  "begin" : 177,  "end" : 180 }, 
        {"sofa" : 1,  "begin" : 181,  "end" : 185 }, 
        {"sofa" : 1,  "begin" : 186,  "end" : 187 }, 
        {"sofa" : 1,  "begin" : 188,  "end" : 193 }, 
        {"sofa" : 1,  "begin" : 194,  "end" : 197 }, 
        {"sofa" : 1,  "begin" : 198,  "end" : 199 }, 
        {"sofa" : 1,  "begin" : 200,  "end" : 208 }, 
        {"sofa" : 1,  "begin" : 209,  "end" : 214 }, 
        {"sofa" : 1,  "begin" : 215,  "end" : 217 }, 
        {"sofa" : 1,  "begin" : 218,  "end" : 223 }, 
        {"sofa" : 1,  "begin" : 224,  "end" : 231 }, 
        {"sofa" : 1,  "begin" : 232,  "end" : 234 }, 
        {"sofa" : 1,  "begin" : 235,  "end" : 239 }, 
        {"sofa" : 1,  "begin" : 240,  "end" : 243 }, 
        {"sofa" : 1,  "begin" : 244,  "end" : 249 }, 
        {"sofa" : 1,  "begin" : 250,  "end" : 252 }, 
        {"sofa" : 1,  "begin" : 253,  "end" : 256 }, 
        {"sofa" : 1,  "begin" : 257,  "end" : 264 }, 
        {"sofa" : 1,  "begin" : 265,  "end" : 267 }, 
        {"sofa" : 1,  "begin" : 268,  "end" : 272 }, 
        {"sofa" : 1,  "begin" : 273,  "end" : 274 }, 
        {"sofa" : 1,  "begin" : 275,  "end" : 287 }, 
        {"sofa" : 1,  "begin" : 287,  "end" : 288 }, 
        {"sofa" : 1,  "begin" : 289,  "end" : 295 }, 
        {"sofa" : 1,  "begin" : 295,  "end" : 296 }, 
        {"sofa" : 1,  "begin" : 297,  "end" : 304 }, 
        {"sofa" : 1,  "begin" : 304,  "end" : 305 }, 
        {"sofa" : 1,  "begin" : 306,  "end" : 313 }, 
        {"sofa" : 1,  "begin" : 313,  "end" : 314 }, 
        {"sofa" : 1,  "begin" : 315,  "end" : 318 }, 
        {"sofa" : 1,  "begin" : 319,  "end" : 328 }, 
        {"sofa" : 1,  "begin" : 329,  "end" : 331 }, 
        {"sofa" : 1,  "begin" : 332,  "end" : 342 }, 
        {"sofa" : 1,  "begin" : 342,  "end" : 343 }, 
        {"sofa" : 1,  "begin" : 344,  "end" : 352 }, 
        {"sofa" : 1,  "begin" : 353,  "end" : 357 }, 
        {"sofa" : 1,  "begin" : 358,  "end" : 365 }, 
        {"sofa" : 1,  "begin" : 366,  "end" : 373 }, 
        {"sofa" : 1,  "begin" : 374,  "end" : 379 }, 
        {"sofa" : 1,  "begin" : 379,  "end" : 380 }, 
        {"sofa" : 1,  "begin" : 381,  "end" : 384 }, 
        {"sofa" : 1,  "begin" : 385,  "end" : 394 }, 
        {"sofa" : 1,  "begin" : 395,  "end" : 398 }, 
        {"sofa" : 1,  "begin" : 399,  "end" : 402 }, 
        {"sofa" : 1,  "begin" : 403,  "end" : 407 }, 
        {"sofa" : 1,  "begin" : 408,  "end" : 410 }, 
        {"sofa" : 1,  "begin" : 411,  "end" : 418 }, 
        {"sofa" : 1,  "begin" : 418,  "end" : 419 }, 
        {"sofa" : 1,  "begin" : 420,  "end" : 423 }, 
        {"sofa" : 1,  "begin" : 424,  "end" : 429 }, 
        {"sofa" : 1,  "begin" : 430,  "end" : 435 }, 
        {"sofa" : 1,  "begin" : 436,  "end" : 438 }, 
        {"sofa" : 1,  "begin" : 439,  "end" : 442 }, 
        {"sofa" : 1,  "begin" : 443,  "end" : 451 }, 
        {"sofa" : 1,  "begin" : 452,  "end" : 464 }, 
        {"sofa" : 1,  "begin" : 464,  "end" : 465 }, 
        {"sofa" : 1,  "begin" : 466,  "end" : 469 }, 
        {"sofa" : 1,  "begin" : 470,  "end" : 473 }, 
        {"sofa" : 1,  "begin" : 474,  "end" : 477 }, 
        {"sofa" : 1,  "begin" : 478,  "end" : 481 }, 
        {"sofa" : 1,  "begin" : 482,  "end" : 492 }, 
        {"sofa" : 1,  "begin" : 493,  "end" : 505 }, 
        {"sofa" : 1,  "begin" : 506,  "end" : 509 }, 
        {"sofa" : 1,  "begin" : 510,  "end" : 513 }, 
        {"sofa" : 1,  "begin" : 514,  "end" : 522 }, 
        {"sofa" : 1,  "begin" : 523,  "end" : 528 }, 
        {"sofa" : 1,  "begin" : 528,  "end" : 529 }, 
        {"sofa" : 1,  "begin" : 530,  "end" : 535 }, 
        {"sofa" : 1,  "begin" : 536,  "end" : 538 }, 
        {"sofa" : 1,  "begin" : 539,  "end" : 543 }, 
        {"sofa" : 1,  "begin" : 544,  "end" : 547 }, 
        {"sofa" : 1,  "begin" : 547,  "end" : 548 }, 
        {"sofa" : 1,  "begin" : 549,  "end" : 556 }, 
        {"sofa" : 1,  "begin" : 557,  "end" : 559 }, 
        {"sofa" : 1,  "begin" : 560,  "end" : 566 }, 
        {"sofa" : 1,  "begin" : 567,  "end" : 569 }, 
        {"sofa" : 1,  "begin" : 570,  "end" : 575 }, 
        {"sofa" : 1,  "begin" : 576,  "end" : 578 }, 
        {"sofa" : 1,  "begin" : 579,  "end" : 591 }, 
        {"sofa" : 1,  "begin" : 591,  "end" : 592 }, 
        {"sofa" : 1,  "begin" : 593,  "end" : 600 }, 
        {"sofa" : 1,  "begin" : 601,  "end" : 605 }, 
        {"sofa" : 1,  "begin" : 605,  "end" : 606 }, 
        {"sofa" : 1,  "begin" : 607,  "end" : 610 }, 
        {"sofa" : 1,  "begin" : 611,  "end" : 616 }, 
        {"sofa" : 1,  "begin" : 617,  "end" : 620 }, 
        {"sofa" : 1,  "begin" : 621,  "end" : 626 }, 
        {"sofa" : 1,  "begin" : 627,  "end" : 635 }, 
        {"sofa" : 1,  "begin" : 636,  "end" : 638 }, 
        {"sofa" : 1,  "begin" : 639,  "end" : 647 }, 
        {"sofa" : 1,  "begin" : 648,  "end" : 653 }, 
        {"sofa" : 1,  "begin" : 654,  "end" : 657 }, 
        {"sofa" : 1,  "begin" : 658,  "end" : 666 }, 
        {"sofa" : 1,  "begin" : 667,  "end" : 671 }, 
        {"sofa" : 1,  "begin" : 672,  "end" : 675 }, 
        {"sofa" : 1,  "begin" : 676,  "end" : 677 }, 
        {"sofa" : 1,  "begin" : 677,  "end" : 678 }, 
        {"sofa" : 1,  "begin" : 679,  "end" : 680 }, 
        {"sofa" : 1,  "begin" : 680,  "end" : 681 }, 
        {"sofa" : 1,  "begin" : 682,  "end" : 683 }, 
        {"sofa" : 1,  "begin" : 683,  "end" : 684 }, 
        {"sofa" : 1,  "begin" : 684,  "end" : 685 }, 
        {"sofa" : 1,  "begin" : 686,  "end" : 689 }, 
        {"sofa" : 1,  "begin" : 689,  "end" : 690 }, 
        {"sofa" : 1,  "begin" : 691,  "end" : 694 }, 
        {"sofa" : 1,  "begin" : 695,  "end" : 703 }, 
        {"sofa" : 1,  "begin" : 703,  "end" : 704 }, 
        {"sofa" : 1,  "begin" : 705,  "end" : 719 }, 
        {"sofa" : 1,  "begin" : 720,  "end" : 733 }, 
        {"sofa" : 1,  "begin" : 733,  "end" : 734 }, 
        {"sofa" : 1,  "begin" : 735,  "end" : 738 }, 
        {"sofa" : 1,  "begin" : 739,  "end" : 743 }, 
        {"sofa" : 1,  "begin" : 744,  "end" : 746 }, 
        {"sofa" : 1,  "begin" : 747,  "end" : 755 }, 
        {"sofa" : 1,  "begin" : 756,  "end" : 761 }, 
        {"sofa" : 1,  "begin" : 762,  "end" : 766 }, 
        {"sofa" : 1,  "begin" : 767,  "end" : 774 }, 
        {"sofa" : 1,  "begin" : 775,  "end" : 778 }, 
        {"sofa" : 1,  "begin" : 779,  "end" : 787 }, 
        {"sofa" : 1,  "begin" : 787,  "end" : 788 }, 
        {"sofa" : 1,  "begin" : 789,  "end" : 795 }, 
        {"sofa" : 1,  "begin" : 796,  "end" : 802 }, 
        {"sofa" : 1,  "begin" : 803,  "end" : 806 }, 
        {"sofa" : 1,  "begin" : 807,  "end" : 815 }, 
        {"sofa" : 1,  "begin" : 816,  "end" : 820 }, 
        {"sofa" : 1,  "begin" : 821,  "end" : 822 }, 
        {"sofa" : 1,  "begin" : 823,  "end" : 829 }, 
        {"sofa" : 1,  "begin" : 830,  "end" : 832 }, 
        {"sofa" : 1,  "begin" : 833,  "end" : 843 }, 
        {"sofa" : 1,  "begin" : 844,  "end" : 847 }, 
        {"sofa" : 1,  "begin" : 848,  "end" : 855 }, 
        {"sofa" : 1,  "begin" : 855,  "end" : 856 }, 
        {"sofa" : 1,  "begin" : 857,  "end" : 865 }, 
        {"sofa" : 1,  "begin" : 866,  "end" : 868 }, 
        {"sofa" : 1,  "begin" : 869,  "end" : 874 }, 
        {"sofa" : 1,  "begin" : 875,  "end" : 883 }, 
        {"sofa" : 1,  "begin" : 883,  "end" : 884 }, 
        {"sofa" : 1,  "begin" : 885,  "end" : 890 }, 
        {"sofa" : 1,  "begin" : 891,  "end" : 893 }, 
        {"sofa" : 1,  "begin" : 894,  "end" : 896 }, 
        {"sofa" : 1,  "begin" : 897,  "end" : 904 }, 
        {"sofa" : 1,  "begin" : 905,  "end" : 909 }, 
        {"sofa" : 1,  "begin" : 910,  "end" : 913 }, 
        {"sofa" : 1,  "begin" : 914,  "end" : 922 }, 
        {"sofa" : 1,  "begin" : 923,  "end" : 929 }, 
        {"sofa" : 1,  "begin" : 930,  "end" : 932 }, 
        {"sofa" : 1,  "begin" : 933,  "end" : 936 }, 
        {"sofa" : 1,  "begin" : 937,  "end" : 940 }, 
        {"sofa" : 1,  "begin" : 941,  "end" : 947 }, 
        {"sofa" : 1,  "begin" : 947,  "end" : 948 }, 
        {"sofa" : 1,  "begin" : 949,  "end" : 951 }, 
        {"sofa" : 1,  "begin" : 952,  "end" : 954 }, 
        {"sofa" : 1,  "begin" : 955,  "end" : 960 }, 
        {"sofa" : 1,  "begin" : 960,  "end" : 961 }, 
        {"sofa" : 1,  "begin" : 962,  "end" : 964 }, 
        {"sofa" : 1,  "begin" : 965,  "end" : 967 }, 
        {"sofa" : 1,  "begin" : 968,  "end" : 974 }, 
        {"sofa" : 1,  "begin" : 974,  "end" : 975 }, 
        {"sofa" : 1,  "begin" : 976,  "end" : 979 }, 
        {"sofa" : 1,  "begin" : 980,  "end" : 982 }, 
        {"sofa" : 1,  "begin" : 983,  "end" : 985 }, 
        {"sofa" : 1,  "begin" : 986,  "end" : 999 }, 
        {"sofa" : 1,  "begin" : 999,  "end" : 1000 }, 
        {"sofa" : 1,  "begin" : 1001,  "end" : 1004 }, 
        {"sofa" : 1,  "begin" : 1005,  "end" : 1014 }, 
        {"sofa" : 1,  "begin" : 1015,  "end" : 1017 }, 
        {"sofa" : 1,  "begin" : 1018,  "end" : 1021 }, 
        {"sofa" : 1,  "begin" : 1022,  "end" : 1027 }, 
        {"sofa" : 1,  "begin" : 1028,  "end" : 1035 }, 
        {"sofa" : 1,  "begin" : 1036,  "end" : 1041 }, 
        {"sofa" : 1,  "begin" : 1042,  "end" : 1045 }, 
        {"sofa" : 1,  "begin" : 1046,  "end" : 1050 }, 
        {"sofa" : 1,  "begin" : 1051,  "end" : 1053 }, 
        {"sofa" : 1,  "begin" : 1054,  "end" : 1056 }, 
        {"sofa" : 1,  "begin" : 1057,  "end" : 1066 }, 
        {"sofa" : 1,  "begin" : 1067,  "end" : 1071 }, 
        {"sofa" : 1,  "begin" : 1072,  "end" : 1075 }, 
        {"sofa" : 1,  "begin" : 1076,  "end" : 1081 }, 
        {"sofa" : 1,  "begin" : 1082,  "end" : 1084 }, 
        {"sofa" : 1,  "begin" : 1085,  "end" : 1088 }, 
        {"sofa" : 1,  "begin" : 1089,  "end" : 1096 }, 
        {"sofa" : 1,  "begin" : 1097,  "end" : 1104 }, 
        {"sofa" : 1,  "begin" : 1105,  "end" : 1107 }, 
        {"sofa" : 1,  "begin" : 1108,  "end" : 1111 }, 
        {"sofa" : 1,  "begin" : 1112,  "end" : 1121 }, 
        {"sofa" : 1,  "begin" : 1121,  "end" : 1122 }, 
        {"sofa" : 1,  "begin" : 1123,  "end" : 1125 }, 
        {"sofa" : 1,  "begin" : 1126,  "end" : 1128 }, 
        {"sofa" : 1,  "begin" : 1129,  "end" : 1138 }, 
        {"sofa" : 1,  "begin" : 1139,  "end" : 1142 }, 
        {"sofa" : 1,  "begin" : 1143,  "end" : 1145 }, 
        {"sofa" : 1,  "begin" : 1146,  "end" : 1152 }, 
        {"sofa" : 1,  "begin" : 1153,  "end" : 1158 }, 
        {"sofa" : 1,  "begin" : 1158,  "end" : 1159 }, 
        {"sofa" : 1,  "begin" : 1160,  "end" : 1162 }, 
        {"sofa" : 1,  "begin" : 1163,  "end" : 1172 }, 
        {"sofa" : 1,  "begin" : 1173,  "end" : 1176 }, 
        {"sofa" : 1,  "begin" : 1177,  "end" : 1184 }, 
        {"sofa" : 1,  "begin" : 1185,  "end" : 1187 }, 
        {"sofa" : 1,  "begin" : 1188,  "end" : 1198 }, 
        {"sofa" : 1,  "begin" : 1199,  "end" : 1203 }, 
        {"sofa" : 1,  "begin" : 1204,  "end" : 1207 }, 
        {"sofa" : 1,  "begin" : 1208,  "end" : 1214 }, 
        {"sofa" : 1,  "begin" : 1215,  "end" : 1218 }, 
        {"sofa" : 1,  "begin" : 1219,  "end" : 1222 }, 
        {"sofa" : 1,  "begin" : 1223,  "end" : 1229 }, 
        {"sofa" : 1,  "begin" : 1230,  "end" : 1238 }, 
        {"sofa" : 1,  "begin" : 1239,  "end" : 1245 }, 
        {"sofa" : 1,  "begin" : 1246,  "end" : 1251 }, 
        {"sofa" : 1,  "begin" : 1252,  "end" : 1254 }, 
        {"sofa" : 1,  "begin" : 1255,  "end" : 1259 }, 
        {"sofa" : 1,  "begin" : 1260,  "end" : 1265 }, 
        {"sofa" : 1,  "begin" : 1265,  "end" : 1266 }, 
        {"sofa" : 1,  "begin" : 1267,  "end" : 1270 }, 
        {"sofa" : 1,  "begin" : 1271,  "end" : 1276 }, 
        {"sofa" : 1,  "begin" : 1277,  "end" : 1279 }, 
        {"sofa" : 1,  "begin" : 1280,  "end" : 1282 }, 
        {"sofa" : 1,  "begin" : 1283,  "end" : 1289 }, 
        {"sofa" : 1,  "begin" : 1290,  "end" : 1294 }, 
        {"sofa" : 1,  "begin" : 1295,  "end" : 1297 }, 
        {"sofa" : 1,  "begin" : 1297,  "end" : 1298 }, 
        {"sofa" : 1,  "begin" : 1299,  "end" : 1301 }, 
        {"sofa" : 1,  "begin" : 1302,  "end" : 1307 }, 
        {"sofa" : 1,  "begin" : 1308,  "end" : 1314 }, 
        {"sofa" : 1,  "begin" : 1315,  "end" : 1318 }, 
        {"sofa" : 1,  "begin" : 1319,  "end" : 1325 }, 
        {"sofa" : 1,  "begin" : 1325,  "end" : 1326 }, 
        {"sofa" : 1,  "begin" : 1327,  "end" : 1329 }, 
        {"sofa" : 1,  "begin" : 1330,  "end" : 1335 }, 
        {"sofa" : 1,  "begin" : 1336,  "end" : 1338 }, 
        {"sofa" : 1,  "begin" : 1339,  "end" : 1344 }, 
        {"sofa" : 1,  "begin" : 1345,  "end" : 1349 }, 
        {"sofa" : 1,  "begin" : 1350,  "end" : 1353 }, 
        {"sofa" : 1,  "begin" : 1354,  "end" : 1363 }, 
        {"sofa" : 1,  "begin" : 1364,  "end" : 1366 }, 
        {"sofa" : 1,  "begin" : 1367,  "end" : 1370 }, 
        {"sofa" : 1,  "begin" : 1371,  "end" : 1376 }, 
        {"sofa" : 1,  "begin" : 1377,  "end" : 1384 }, 
        {"sofa" : 1,  "begin" : 1385,  "end" : 1390 }, 
        {"sofa" : 1,  "begin" : 1390,  "end" : 1391 }, 
        {"sofa" : 1,  "begin" : 1392,  "end" : 1396 }, 
        {"sofa" : 1,  "begin" : 1397,  "end" : 1401 }, 
        {"sofa" : 1,  "begin" : 1402,  "end" : 1405 }, 
        {"sofa" : 1,  "begin" : 1406,  "end" : 1413 }, 
        {"sofa" : 1,  "begin" : 1414,  "end" : 1416 }, 
        {"sofa" : 1,  "begin" : 1417,  "end" : 1421 }, 
        {"sofa" : 1,  "begin" : 1422,  "end" : 1425 }, 
        {"sofa" : 1,  "begin" : 1426,  "end" : 1427 }, 
        {"sofa" : 1,  "begin" : 1427,  "end" : 1434 }, 
        {"sofa" : 1,  "begin" : 1435,  "end" : 1437 }, 
        {"sofa" : 1,  "begin" : 1438,  "end" : 1448 }, 
        {"sofa" : 1,  "begin" : 1448,  "end" : 1449 }, 
        {"sofa" : 1,  "begin" : 1450,  "end" : 1455 }, 
        {"sofa" : 1,  "begin" : 1456,  "end" : 1458 }, 
        {"sofa" : 1,  "begin" : 1458,  "end" : 1459 }, 
        {"sofa" : 1,  "begin" : 1460,  "end" : 1462 }, 
        {"sofa" : 1,  "begin" : 1463,  "end" : 1469 }, 
        {"sofa" : 1,  "begin" : 1470,  "end" : 1475 }, 
        {"sofa" : 1,  "begin" : 1476,  "end" : 1479 }, 
        {"sofa" : 1,  "begin" : 1480,  "end" : 1486 }, 
        {"sofa" : 1,  "begin" : 1487,  "end" : 1491 }, 
        {"sofa" : 1,  "begin" : 1491,  "end" : 1492 }, 
        {"sofa" : 1,  "begin" : 1493,  "end" : 1495 }, 
        {"sofa" : 1,  "begin" : 1496,  "end" : 1501 }, 
        {"sofa" : 1,  "begin" : 1502,  "end" : 1505 }, 
        {"sofa" : 1,  "begin" : 1506,  "end" : 1508 }, 
        {"sofa" : 1,  "begin" : 1509,  "end" : 1519 }, 
        {"sofa" : 1,  "begin" : 1520,  "end" : 1524 }, 
        {"sofa" : 1,  "begin" : 1525,  "end" : 1534 }, 
        {"sofa" : 1,  "begin" : 1535,  "end" : 1544 }, 
        {"sofa" : 1,  "begin" : 1544,  "end" : 1545 }, 
        {"sofa" : 1,  "begin" : 1546,  "end" : 1549 }, 
        {"sofa" : 1,  "begin" : 1550,  "end" : 1553 }, 
        {"sofa" : 1,  "begin" : 1554,  "end" : 1560 }, 
        {"sofa" : 1,  "begin" : 1561,  "end" : 1563 }, 
        {"sofa" : 1,  "begin" : 1564,  "end" : 1567 }, 
        {"sofa" : 1,  "begin" : 1568,  "end" : 1575 }, 
        {"sofa" : 1,  "begin" : 1576,  "end" : 1578 }, 
        {"sofa" : 1,  "begin" : 1579,  "end" : 1584 }, 
        {"sofa" : 1,  "begin" : 1585,  "end" : 1589 }, 
        {"sofa" : 1,  "begin" : 1590,  "end" : 1592 }, 
        {"sofa" : 1,  "begin" : 1592,  "end" : 1593 }, 
        {"sofa" : 1,  "begin" : 1594,  "end" : 1596 }, 
        {"sofa" : 1,  "begin" : 1597,  "end" : 1599 }, 
        {"sofa" : 1,  "begin" : 1600,  "end" : 1605 }, 
        {"sofa" : 1,  "begin" : 1606,  "end" : 1611 }, 
        {"sofa" : 1,  "begin" : 1611,  "end" : 1612 }, 
        {"sofa" : 1,  "begin" : 1613,  "end" : 1615 }, 
        {"sofa" : 1,  "begin" : 1616,  "end" : 1621 }, 
        {"sofa" : 1,  "begin" : 1622,  "end" : 1624 }, 
        {"sofa" : 1,  "begin" : 1625,  "end" : 1628 }, 
        {"sofa" : 1,  "begin" : 1629,  "end" : 1633 }, 
        {"sofa" : 1,  "begin" : 1634,  "end" : 1636 }, 
        {"sofa" : 1,  "begin" : 1637,  "end" : 1640 }, 
        {"sofa" : 1,  "begin" : 1641,  "end" : 1648 }, 
        {"sofa" : 1,  "begin" : 1648,  "end" : 1649 }, 
        {"sofa" : 1,  "begin" : 1650,  "end" : 1652 }, 
        {"sofa" : 1,  "begin" : 1653,  "end" : 1659 }, 
        {"sofa" : 1,  "begin" : 1660,  "end" : 1667 }, 
        {"sofa" : 1,  "begin" : 1667,  "end" : 1668 }, 
        {"sofa" : 1,  "begin" : 1669,  "end" : 1671 }, 
        {"sofa" : 1,  "begin" : 1672,  "end" : 1677 }, 
        {"sofa" : 1,  "begin" : 1678,  "end" : 1680 }, 
        {"sofa" : 1,  "begin" : 1681,  "end" : 1683 }, 
        {"sofa" : 1,  "begin" : 1684,  "end" : 1689 }, 
        {"sofa" : 1,  "begin" : 1690,  "end" : 1692 }, 
        {"sofa" : 1,  "begin" : 1693,  "end" : 1696 }, 
        {"sofa" : 1,  "begin" : 1697,  "end" : 1703 }, 
        {"sofa" : 1,  "begin" : 1704,  "end" : 1709 }, 
        {"sofa" : 1,  "begin" : 1710,  "end" : 1712 }, 
        {"sofa" : 1,  "begin" : 1713,  "end" : 1716 }, 
        {"sofa" : 1,  "begin" : 1717,  "end" : 1721 }, 
        {"sofa" : 1,  "begin" : 1722,  "end" : 1724 }, 
        {"sofa" : 1,  "begin" : 1725,  "end" : 1728 }, 
        {"sofa" : 1,  "begin" : 1729,  "end" : 1734 }, 
        {"sofa" : 1,  "begin" : 1735,  "end" : 1740 }, 
        {"sofa" : 1,  "begin" : 1741,  "end" : 1744 }, 
        {"sofa" : 1,  "begin" : 1745,  "end" : 1759 }, 
        {"sofa" : 1,  "begin" : 1760,  "end" : 1763 }, 
        {"sofa" : 1,  "begin" : 1763,  "end" : 1764 }, 
        {"sofa" : 1,  "begin" : 1765,  "end" : 1768 }, 
        {"sofa" : 1,  "begin" : 1769,  "end" : 1771 }, 
        {"sofa" : 1,  "begin" : 1772,  "end" : 1774 }, 
        {"sofa" : 1,  "begin" : 1775,  "end" : 1781 }, 
        {"sofa" : 1,  "begin" : 1782,  "end" : 1784 }, 
        {"sofa" : 1,  "begin" : 1785,  "end" : 1788 }, 
        {"sofa" : 1,  "begin" : 1789,  "end" : 1797 }, 
        {"sofa" : 1,  "begin" : 1798,  "end" : 1808 }, 
        {"sofa" : 1,  "begin" : 1809,  "end" : 1814 }, 
        {"sofa" : 1,  "begin" : 1815,  "end" : 1818 }, 
        {"sofa" : 1,  "begin" : 1819,  "end" : 1821 }, 
        {"sofa" : 1,  "begin" : 1822,  "end" : 1825 }, 
        {"sofa" : 1,  "begin" : 1826,  "end" : 1832 }, 
        {"sofa" : 1,  "begin" : 1833,  "end" : 1840 }, 
        {"sofa" : 1,  "begin" : 1840,  "end" : 1841 }, 
        {"sofa" : 1,  "begin" : 1842,  "end" : 1845 }, 
        {"sofa" : 1,  "begin" : 1846,  "end" : 1851 }, 
        {"sofa" : 1,  "begin" : 1852,  "end" : 1854 }, 
        {"sofa" : 1,  "begin" : 1855,  "end" : 1867 }, 
        {"sofa" : 1,  "begin" : 1867,  "end" : 1868 }, 
        {"sofa" : 1,  "begin" : 1869,  "end" : 1872 }, 
        {"sofa" : 1,  "begin" : 1873,  "end" : 1883 }, 
        {"sofa" : 1,  "begin" : 1884,  "end" : 1888 }, 
        {"sofa" : 1,  "begin" : 1889,  "end" : 1898 }, 
        {"sofa" : 1,  "begin" : 1899,  "end" : 1901 }, 
        {"sofa" : 1,  "begin" : 1902,  "end" : 1905 }, 
        {"sofa" : 1,  "begin" : 1906,  "end" : 1909 }, 
        {"sofa" : 1,  "begin" : 1910,  "end" : 1912 }, 
        {"sofa" : 1,  "begin" : 1913,  "end" : 1918 }, 
        {"sofa" : 1,  "begin" : 1919,  "end" : 1926 }, 
        {"sofa" : 1,  "begin" : 1927,  "end" : 1934 }, 
        {"sofa" : 1,  "begin" : 1934,  "end" : 1935 }, 
        {"sofa" : 1,  "begin" : 1936,  "end" : 1940 }, 
        {"sofa" : 1,  "begin" : 1941,  "end" : 1946 }, 
        {"sofa" : 1,  "begin" : 1947,  "end" : 1950 }, 
        {"sofa" : 1,  "begin" : 1951,  "end" : 1958 }, 
        {"sofa" : 1,  "begin" : 1959,  "end" : 1963 }, 
        {"sofa" : 1,  "begin" : 1964,  "end" : 1967 }, 
        {"sofa" : 1,  "begin" : 1968,  "end" : 1971 }, 
        {"sofa" : 1,  "begin" : 1972,  "end" : 1982 }, 
        {"sofa" : 1,  "begin" : 1983,  "end" : 1985 }, 
        {"sofa" : 1,  "begin" : 1986,  "end" : 1988 }, 
        {"sofa" : 1,  "begin" : 1989,  "end" : 1999 }, 
        {"sofa" : 1,  "begin" : 2000,  "end" : 2007 }, 
        {"sofa" : 1,  "begin" : 2007,  "end" : 2008 }, 
        {"sofa" : 1,  "begin" : 2009,  "end" : 2011 }, 
        {"sofa" : 1,  "begin" : 2012,  "end" : 2015 }, 
        {"sofa" : 1,  "begin" : 2016,  "end" : 2020 }, 
        {"sofa" : 1,  "begin" : 2021,  "end" : 2025 }, 
        {"sofa" : 1,  "begin" : 2026,  "end" : 2032 }, 
        {"sofa" : 1,  "begin" : 2033,  "end" : 2035 }, 
        {"sofa" : 1,  "begin" : 2036,  "end" : 2044 }, 
        {"sofa" : 1,  "begin" : 2045,  "end" : 2048 }, 
        {"sofa" : 1,  "begin" : 2049,  "end" : 2053 }, 
        {"sofa" : 1,  "begin" : 2054,  "end" : 2058 }, 
        {"sofa" : 1,  "begin" : 2059,  "end" : 2061 }, 
        {"sofa" : 1,  "begin" : 2062,  "end" : 2064 }, 
        {"sofa" : 1,  "begin" : 2064,  "end" : 2065 }, 
        {"sofa" : 1,  "begin" : 2066,  "end" : 2069 }, 
        {"sofa" : 1,  "begin" : 2070,  "end" : 2077 }, 
        {"sofa" : 1,  "begin" : 2078,  "end" : 2087 }, 
        {"sofa" : 1,  "begin" : 2088,  "end" : 2093 }, 
        {"sofa" : 1,  "begin" : 2094,  "end" : 2097 }, 
        {"sofa" : 1,  "begin" : 2098,  "end" : 2106 }, 
        {"sofa" : 1,  "begin" : 2106,  "end" : 2107 }, 
        {"sofa" : 1,  "begin" : 2108,  "end" : 2111 }, 
        {"sofa" : 1,  "begin" : 2112,  "end" : 2117 }, 
        {"sofa" : 1,  "begin" : 2118,  "end" : 2124 }, 
        {"sofa" : 1,  "begin" : 2125,  "end" : 2127 }, 
        {"sofa" : 1,  "begin" : 2127,  "end" : 2128 }, 
        {"sofa" : 1,  "begin" : 2129,  "end" : 2130 }, 
        {"sofa" : 1,  "begin" : 2130,  "end" : 2134 }, 
        {"sofa" : 1,  "begin" : 2135,  "end" : 2139 }, 
        {"sofa" : 1,  "begin" : 2140,  "end" : 2143 }, 
        {"sofa" : 1,  "begin" : 2144,  "end" : 2148 }, 
        {"sofa" : 1,  "begin" : 2149,  "end" : 2154 }, 
        {"sofa" : 1,  "begin" : 2155,  "end" : 2158 }, 
        {"sofa" : 1,  "begin" : 2159,  "end" : 2162 }, 
        {"sofa" : 1,  "begin" : 2163,  "end" : 2167 }, 
        {"sofa" : 1,  "begin" : 2168,  "end" : 2173 }, 
        {"sofa" : 1,  "begin" : 2174,  "end" : 2179 }, 
        {"sofa" : 1,  "begin" : 2180,  "end" : 2183 }, 
        {"sofa" : 1,  "begin" : 2184,  "end" : 2187 }, 
        {"sofa" : 1,  "begin" : 2188,  "end" : 2194 }, 
        {"sofa" : 1,  "begin" : 2195,  "end" : 2199 }, 
        {"sofa" : 1,  "begin" : 2199,  "end" : 2200 }, 
        {"sofa" : 1,  "begin" : 2201,  "end" : 2204 }, 
        {"sofa" : 1,  "begin" : 2205,  "end" : 2209 }, 
        {"sofa" : 1,  "begin" : 2210,  "end" : 2216 }, 
        {"sofa" : 1,  "begin" : 2217,  "end" : 2222 }, 
        {"sofa" : 1,  "begin" : 2223,  "end" : 2232 }, 
        {"sofa" : 1,  "begin" : 2232,  "end" : 2233 }, 
        {"sofa" : 1,  "begin" : 2233,  "end" : 2234 }, 
        {"sofa" : 1,  "begin" : 2235,  "end" : 2239 }, 
        {"sofa" : 1,  "begin" : 2240,  "end" : 2242 }, 
        {"sofa" : 1,  "begin" : 2243,  "end" : 2248 }, 
        {"sofa" : 1,  "begin" : 2249,  "end" : 2256 }, 
        {"sofa" : 1,  "begin" : 2256,  "end" : 2257 }, 
        {"sofa" : 1,  "begin" : 2258,  "end" : 2263 }, 
        {"sofa" : 1,  "begin" : 2264,  "end" : 2270 }, 
        {"sofa" : 1,  "begin" : 2271,  "end" : 2275 }, 
        {"sofa" : 1,  "begin" : 2276,  "end" : 2280 }, 
        {"sofa" : 1,  "begin" : 2281,  "end" : 2289 }, 
        {"sofa" : 1,  "begin" : 2290,  "end" : 2298 }, 
        {"sofa" : 1,  "begin" : 2299,  "end" : 2301 }, 
        {"sofa" : 1,  "begin" : 2302,  "end" : 2303 }, 
        {"sofa" : 1,  "begin" : 2304,  "end" : 2307 }, 
        {"sofa" : 1,  "begin" : 2308,  "end" : 2313 }, 
        {"sofa" : 1,  "begin" : 2314,  "end" : 2317 }, 
        {"sofa" : 1,  "begin" : 2318,  "end" : 2319 }, 
        {"sofa" : 1,  "begin" : 2320,  "end" : 2329 }, 
        {"sofa" : 1,  "begin" : 2330,  "end" : 2337 }, 
        {"sofa" : 1,  "begin" : 2337,  "end" : 2338 }, 
        {"sofa" : 1,  "begin" : 2339,  "end" : 2349 }, 
        {"sofa" : 1,  "begin" : 2350,  "end" : 2353 }, 
        {"sofa" : 1,  "begin" : 2354,  "end" : 2357 }, 
        {"sofa" : 1,  "begin" : 2358,  "end" : 2364 }, 
        {"sofa" : 1,  "begin" : 2365,  "end" : 2374 }, 
        {"sofa" : 1,  "begin" : 2375,  "end" : 2378 }, 
        {"sofa" : 1,  "begin" : 2379,  "end" : 2384 }, 
        {"sofa" : 1,  "begin" : 2385,  "end" : 2387 }, 
        {"sofa" : 1,  "begin" : 2388,  "end" : 2395 }, 
        {"sofa" : 1,  "begin" : 2396,  "end" : 2399 }, 
        {"sofa" : 1,  "begin" : 2400,  "end" : 2407 }, 
        {"sofa" : 1,  "begin" : 2408,  "end" : 2410 }, 
        {"sofa" : 1,  "begin" : 2411,  "end" : 2417 }, 
        {"sofa" : 1,  "begin" : 2418,  "end" : 2421 }, 
        {"sofa" : 1,  "begin" : 2422,  "end" : 2434 }, 
        {"sofa" : 1,  "begin" : 2435,  "end" : 2444 }, 
        {"sofa" : 1,  "begin" : 2445,  "end" : 2447 }, 
        {"sofa" : 1,  "begin" : 2448,  "end" : 2451 }, 
        {"sofa" : 1,  "begin" : 2452,  "end" : 2454 }, 
        {"sofa" : 1,  "begin" : 2454,  "end" : 2455 }, 
        {"sofa" : 1,  "begin" : 2457,  "end" : 2459 }, 
        {"sofa" : 1,  "begin" : 2460,  "end" : 2462 }, 
        {"sofa" : 1,  "begin" : 2463,  "end" : 2473 }, 
        {"sofa" : 1,  "begin" : 2474,  "end" : 2481 }, 
        {"sofa" : 1,  "begin" : 2482,  "end" : 2489 }, 
        {"sofa" : 1,  "begin" : 2490,  "end" : 2495 }, 
        {"sofa" : 1,  "begin" : 2496,  "end" : 2504 }, 
        {"sofa" : 1,  "begin" : 2505,  "end" : 2511 }, 
        {"sofa" : 1,  "begin" : 2512,  "end" : 2515 }, 
        {"sofa" : 1,  "begin" : 2516,  "end" : 2522 }, 
        {"sofa" : 1,  "begin" : 2523,  "end" : 2532 }, 
        {"sofa" : 1,  "begin" : 2533,  "end" : 2538 }, 
        {"sofa" : 1,  "begin" : 2539,  "end" : 2543 }, 
        {"sofa" : 1,  "begin" : 2544,  "end" : 2545 }, 
        {"sofa" : 1,  "begin" : 2546,  "end" : 2556 }, 
        {"sofa" : 1,  "begin" : 2557,  "end" : 2559 }, 
        {"sofa" : 1,  "begin" : 2560,  "end" : 2568 }, 
        {"sofa" : 1,  "begin" : 2569,  "end" : 2573 }, 
        {"sofa" : 1,  "begin" : 2573,  "end" : 2574 }, 
        {"sofa" : 1,  "begin" : 2575,  "end" : 2578 }, 
        {"sofa" : 1,  "begin" : 2579,  "end" : 2585 }, 
        {"sofa" : 1,  "begin" : 2586,  "end" : 2598 }, 
        {"sofa" : 1,  "begin" : 2599,  "end" : 2601 }, 
        {"sofa" : 1,  "begin" : 2602,  "end" : 2605 }, 
        {"sofa" : 1,  "begin" : 2606,  "end" : 2616 }, 
        {"sofa" : 1,  "begin" : 2617,  "end" : 2627 }, 
        {"sofa" : 1,  "begin" : 2628,  "end" : 2633 }, 
        {"sofa" : 1,  "begin" : 2634,  "end" : 2638 }, 
        {"sofa" : 1,  "begin" : 2639,  "end" : 2642 }, 
        {"sofa" : 1,  "begin" : 2643,  "end" : 2646 }, 
        {"sofa" : 1,  "begin" : 2647,  "end" : 2654 }, 
        {"sofa" : 1,  "begin" : 2655,  "end" : 2658 }, 
        {"sofa" : 1,  "begin" : 2659,  "end" : 2662 }, 
        {"sofa" : 1,  "begin" : 2663,  "end" : 2668 }, 
        {"sofa" : 1,  "begin" : 2669,  "end" : 2671 }, 
        {"sofa" : 1,  "begin" : 2672,  "end" : 2682 }, 
        {"sofa" : 1,  "begin" : 2683,  "end" : 2685 }, 
        {"sofa" : 1,  "begin" : 2686,  "end" : 2694 }, 
        {"sofa" : 1,  "begin" : 2695,  "end" : 2704 }, 
        {"sofa" : 1,  "begin" : 2705,  "end" : 2709 }, 
        {"sofa" : 1,  "begin" : 2710,  "end" : 2713 }, 
        {"sofa" : 1,  "begin" : 2714,  "end" : 2724 }, 
        {"sofa" : 1,  "begin" : 2725,  "end" : 2730 }, 
        {"sofa" : 1,  "begin" : 2731,  "end" : 2734 }, 
        {"sofa" : 1,  "begin" : 2735,  "end" : 2739 }, 
        {"sofa" : 1,  "begin" : 2740,  "end" : 2743 }, 
        {"sofa" : 1,  "begin" : 2744,  "end" : 2750 }, 
        {"sofa" : 1,  "begin" : 2750,  "end" : 2751 }, 
        {"sofa" : 1,  "begin" : 2752,  "end" : 2756 }, 
        {"sofa" : 1,  "begin" : 2757,  "end" : 2761 }, 
        {"sofa" : 1,  "begin" : 2762,  "end" : 2767 }, 
        {"sofa" : 1,  "begin" : 2768,  "end" : 2772 }, 
        {"sofa" : 1,  "begin" : 2773,  "end" : 2775 }, 
        {"sofa" : 1,  "begin" : 2776,  "end" : 2781 }, 
        {"sofa" : 1,  "begin" : 2782,  "end" : 2785 }, 
        {"sofa" : 1,  "begin" : 2786,  "end" : 2790 }, 
        {"sofa" : 1,  "begin" : 2791,  "end" : 2793 }, 
        {"sofa" : 1,  "begin" : 2794,  "end" : 2795 }, 
        {"sofa" : 1,  "begin" : 2795,  "end" : 2806 }, 
        {"sofa" : 1,  "begin" : 2807,  "end" : 2817 }, 
        {"sofa" : 1,  "begin" : 2817,  "end" : 2818 }, 
        {"sofa" : 1,  "begin" : 2819,  "end" : 2821 }, 
        {"sofa" : 1,  "begin" : 2822,  "end" : 2826 }, 
        {"sofa" : 1,  "begin" : 2827,  "end" : 2829 }, 
        {"sofa" : 1,  "begin" : 2830,  "end" : 2834 }, 
        {"sofa" : 1,  "begin" : 2835,  "end" : 2840 }, 
        {"sofa" : 1,  "begin" : 2840,  "end" : 2841 }, 
        {"sofa" : 1,  "begin" : 2842,  "end" : 2846 }, 
        {"sofa" : 1,  "begin" : 2847,  "end" : 2852 }, 
        {"sofa" : 1,  "begin" : 2852,  "end" : 2853 }, 
        {"sofa" : 1,  "begin" : 2854,  "end" : 2856 }, 
        {"sofa" : 1,  "begin" : 2857,  "end" : 2859 }, 
        {"sofa" : 1,  "begin" : 2860,  "end" : 2872 }, 
        {"sofa" : 1,  "begin" : 2873,  "end" : 2877 }, 
        {"sofa" : 1,  "begin" : 2877,  "end" : 2878 }, 
        {"sofa" : 1,  "begin" : 2879,  "end" : 2884 }, 
        {"sofa" : 1,  "begin" : 2885,  "end" : 2893 }, 
        {"sofa" : 1,  "begin" : 2894,  "end" : 2896 }, 
        {"sofa" : 1,  "begin" : 2897,  "end" : 2898 }, 
        {"sofa" : 1,  "begin" : 2899,  "end" : 2903 }, 
        {"sofa" : 1,  "begin" : 2904,  "end" : 2906 }, 
        {"sofa" : 1,  "begin" : 2907,  "end" : 2912 }, 
        {"sofa" : 1,  "begin" : 2912,  "end" : 2913 }, 
        {"sofa" : 1,  "begin" : 2914,  "end" : 2917 }, 
        {"sofa" : 1,  "begin" : 2917,  "end" : 2918 }, 
        {"sofa" : 1,  "begin" : 2919,  "end" : 2921 }, 
        {"sofa" : 1,  "begin" : 2922,  "end" : 2927 }, 
        {"sofa" : 1,  "begin" : 2928,  "end" : 2930 }, 
        {"sofa" : 1,  "begin" : 2931,  "end" : 2935 }, 
        {"sofa" : 1,  "begin" : 2936,  "end" : 2941 }, 
        {"sofa" : 1,  "begin" : 2941,  "end" : 2942 }, 
        {"sofa" : 1,  "begin" : 2943,  "end" : 2947 }, 
        {"sofa" : 1,  "begin" : 2948,  "end" : 2953 }, 
        {"sofa" : 1,  "begin" : 2953,  "end" : 2954 }, 
        {"sofa" : 1,  "begin" : 2955,  "end" : 2959 }, 
        {"sofa" : 1,  "begin" : 2960,  "end" : 2964 }, 
        {"sofa" : 1,  "begin" : 2965,  "end" : 2974 }, 
        {"sofa" : 1,  "begin" : 2974,  "end" : 2975 }, 
        {"sofa" : 1,  "begin" : 2976,  "end" : 2983 }, 
        {"sofa" : 1,  "begin" : 2984,  "end" : 2986 }, 
        {"sofa" : 1,  "begin" : 2987,  "end" : 2991 }, 
        {"sofa" : 1,  "begin" : 2992,  "end" : 2997 }, 
        {"sofa" : 1,  "begin" : 2998,  "end" : 3001 }, 
        {"sofa" : 1,  "begin" : 3002,  "end" : 3007 }, 
        {"sofa" : 1,  "begin" : 3007,  "end" : 3008 }, 
        {"sofa" : 1,  "begin" : 3009,  "end" : 3012 }, 
        {"sofa" : 1,  "begin" : 3013,  "end" : 3017 }, 
        {"sofa" : 1,  "begin" : 3017,  "end" : 3018 }, 
        {"sofa" : 1,  "begin" : 3019,  "end" : 3034 }, 
        {"sofa" : 1,  "begin" : 3035,  "end" : 3039 }, 
        {"sofa" : 1,  "begin" : 3040,  "end" : 3042 }, 
        {"sofa" : 1,  "begin" : 3043,  "end" : 3047 }, 
        {"sofa" : 1,  "begin" : 3048,  "end" : 3052 }, 
        {"sofa" : 1,  "begin" : 3053,  "end" : 3056 }, 
        {"sofa" : 1,  "begin" : 3057,  "end" : 3064 }, 
        {"sofa" : 1,  "begin" : 3065,  "end" : 3069 }, 
        {"sofa" : 1,  "begin" : 3070,  "end" : 3072 }, 
        {"sofa" : 1,  "begin" : 3073,  "end" : 3074 }, 
        {"sofa" : 1,  "begin" : 3075,  "end" : 3082 }, 
        {"sofa" : 1,  "begin" : 3083,  "end" : 3088 }, 
        {"sofa" : 1,  "begin" : 3088,  "end" : 3089 }, 
        {"sofa" : 1,  "begin" : 3090,  "end" : 3093 }, 
        {"sofa" : 1,  "begin" : 3094,  "end" : 3097 }, 
        {"sofa" : 1,  "begin" : 3098,  "end" : 3107 }, 
        {"sofa" : 1,  "begin" : 3108,  "end" : 3113 }, 
        {"sofa" : 1,  "begin" : 3114,  "end" : 3118 }, 
        {"sofa" : 1,  "begin" : 3119,  "end" : 3121 }, 
        {"sofa" : 1,  "begin" : 3122,  "end" : 3128 }, 
        {"sofa" : 1,  "begin" : 3129,  "end" : 3133 }, 
        {"sofa" : 1,  "begin" : 3134,  "end" : 3137 }, 
        {"sofa" : 1,  "begin" : 3138,  "end" : 3143 }, 
        {"sofa" : 1,  "begin" : 3144,  "end" : 3146 }, 
        {"sofa" : 1,  "begin" : 3147,  "end" : 3158 }, 
        {"sofa" : 1,  "begin" : 3159,  "end" : 3161 }, 
        {"sofa" : 1,  "begin" : 3162,  "end" : 3165 }, 
        {"sofa" : 1,  "begin" : 3166,  "end" : 3171 }, 
        {"sofa" : 1,  "begin" : 3172,  "end" : 3176 }, 
        {"sofa" : 1,  "begin" : 3177,  "end" : 3179 }, 
        {"sofa" : 1,  "begin" : 3180,  "end" : 3183 }, 
        {"sofa" : 1,  "begin" : 3184,  "end" : 3190 }, 
        {"sofa" : 1,  "begin" : 3191,  "end" : 3194 }, 
        {"sofa" : 1,  "begin" : 3195,  "end" : 3199 }, 
        {"sofa" : 1,  "begin" : 3200,  "end" : 3209 }, 
        {"sofa" : 1,  "begin" : 3210,  "end" : 3219 }, 
        {"sofa" : 1,  "begin" : 3219,  "end" : 3220 }, 
        {"sofa" : 1,  "begin" : 3221,  "end" : 3225 }, 
        {"sofa" : 1,  "begin" : 3226,  "end" : 3229 }, 
        {"sofa" : 1,  "begin" : 3230,  "end" : 3238 }, 
        {"sofa" : 1,  "begin" : 3238,  "end" : 3239 }, 
        {"sofa" : 1,  "begin" : 3240,  "end" : 3245 }, 
        {"sofa" : 1,  "begin" : 3246,  "end" : 3253 }, 
        {"sofa" : 1,  "begin" : 3254,  "end" : 3260 }, 
        {"sofa" : 1,  "begin" : 3261,  "end" : 3263 }, 
        {"sofa" : 1,  "begin" : 3264,  "end" : 3267 }, 
        {"sofa" : 1,  "begin" : 3268,  "end" : 3277 }, 
        {"sofa" : 1,  "begin" : 3278,  "end" : 3281 }, 
        {"sofa" : 1,  "begin" : 3282,  "end" : 3285 }, 
        {"sofa" : 1,  "begin" : 3286,  "end" : 3292 }, 
        {"sofa" : 1,  "begin" : 3293,  "end" : 3304 }, 
        {"sofa" : 1,  "begin" : 3305,  "end" : 3312 }, 
        {"sofa" : 1,  "begin" : 3312,  "end" : 3313 }, 
        {"sofa" : 1,  "begin" : 3314,  "end" : 3320 }, 
        {"sofa" : 1,  "begin" : 3321,  "end" : 3322 }, 
        {"sofa" : 1,  "begin" : 3323,  "end" : 3331 }, 
        {"sofa" : 1,  "begin" : 3332,  "end" : 3334 }, 
        {"sofa" : 1,  "begin" : 3335,  "end" : 3338 }, 
        {"sofa" : 1,  "begin" : 3339,  "end" : 3343 }, 
        {"sofa" : 1,  "begin" : 3344,  "end" : 3346 }, 
        {"sofa" : 1,  "begin" : 3347,  "end" : 3351 }, 
        {"sofa" : 1,  "begin" : 3352,  "end" : 3360 }, 
        {"sofa" : 1,  "begin" : 3360,  "end" : 3361 }, 
        {"sofa" : 1,  "begin" : 3362,  "end" : 3365 }, 
        {"sofa" : 1,  "begin" : 3366,  "end" : 3370 }, 
        {"sofa" : 1,  "begin" : 3371,  "end" : 3380 }, 
        {"sofa" : 1,  "begin" : 3381,  "end" : 3385 }, 
        {"sofa" : 1,  "begin" : 3385,  "end" : 3386 }, 
        {"sofa" : 1,  "begin" : 3387,  "end" : 3391 }, 
        {"sofa" : 1,  "begin" : 3392,  "end" : 3396 }, 
        {"sofa" : 1,  "begin" : 3397,  "end" : 3401 }, 
        {"sofa" : 1,  "begin" : 3402,  "end" : 3412 }, 
        {"sofa" : 1,  "begin" : 3412,  "end" : 3413 }, 
        {"sofa" : 1,  "begin" : 3414,  "end" : 3417 }, 
        {"sofa" : 1,  "begin" : 3418,  "end" : 3423 }, 
        {"sofa" : 1,  "begin" : 3424,  "end" : 3427 }, 
        {"sofa" : 1,  "begin" : 3428,  "end" : 3433 }, 
        {"sofa" : 1,  "begin" : 3434,  "end" : 3437 }, 
        {"sofa" : 1,  "begin" : 3438,  "end" : 3451 }, 
        {"sofa" : 1,  "begin" : 3452,  "end" : 3455 }, 
        {"sofa" : 1,  "begin" : 3456,  "end" : 3459 }, 
        {"sofa" : 1,  "begin" : 3459,  "end" : 3460 }, 
        {"sofa" : 1,  "begin" : 3461,  "end" : 3464 }, 
        {"sofa" : 1,  "begin" : 3465,  "end" : 3468 }, 
        {"sofa" : 1,  "begin" : 3469,  "end" : 3479 }, 
        {"sofa" : 1,  "begin" : 3480,  "end" : 3486 }, 
        {"sofa" : 1,  "begin" : 3487,  "end" : 3492 }, 
        {"sofa" : 1,  "begin" : 3492,  "end" : 3493 }, 
        {"sofa" : 1,  "begin" : 3494,  "end" : 3497 }, 
        {"sofa" : 1,  "begin" : 3498,  "end" : 3502 }, 
        {"sofa" : 1,  "begin" : 3503,  "end" : 3504 }, 
        {"sofa" : 1,  "begin" : 3505,  "end" : 3511 }, 
        {"sofa" : 1,  "begin" : 3512,  "end" : 3521 }, 
        {"sofa" : 1,  "begin" : 3522,  "end" : 3525 }, 
        {"sofa" : 1,  "begin" : 3526,  "end" : 3527 }, 
        {"sofa" : 1,  "begin" : 3528,  "end" : 3537 }, 
        {"sofa" : 1,  "begin" : 3538,  "end" : 3543 }, 
        {"sofa" : 1,  "begin" : 3544,  "end" : 3550 }, 
        {"sofa" : 1,  "begin" : 3551,  "end" : 3553 }, 
        {"sofa" : 1,  "begin" : 3554,  "end" : 3559 }, 
        {"sofa" : 1,  "begin" : 3560,  "end" : 3563 }, 
        {"sofa" : 1,  "begin" : 3564,  "end" : 3570 }, 
        {"sofa" : 1,  "begin" : 3571,  "end" : 3574 }, 
        {"sofa" : 1,  "begin" : 3575,  "end" : 3580 }, 
        {"sofa" : 1,  "begin" : 3581,  "end" : 3586 }, 
        {"sofa" : 1,  "begin" : 3587,  "end" : 3589 }, 
        {"sofa" : 1,  "begin" : 3590,  "end" : 3601 }, 
        {"sofa" : 1,  "begin" : 3601,  "end" : 3602 }, 
        {"sofa" : 1,  "begin" : 3603,  "end" : 3606 }, 
        {"sofa" : 1,  "begin" : 3607,  "end" : 3610 }, 
        {"sofa" : 1,  "begin" : 3611,  "end" : 3615 }, 
        {"sofa" : 1,  "begin" : 3616,  "end" : 3621 }, 
        {"sofa" : 1,  "begin" : 3622,  "end" : 3629 }, 
        {"sofa" : 1,  "begin" : 3630,  "end" : 3640 }, 
        {"sofa" : 1,  "begin" : 3640,  "end" : 3641 }, 
        {"sofa" : 1,  "begin" : 3642,  "end" : 3645 }, 
        {"sofa" : 1,  "begin" : 3646,  "end" : 3649 }, 
        {"sofa" : 1,  "begin" : 3650,  "end" : 3653 }, 
        {"sofa" : 1,  "begin" : 3654,  "end" : 3660 }, 
        {"sofa" : 1,  "begin" : 3661,  "end" : 3666 }, 
        {"sofa" : 1,  "begin" : 3667,  "end" : 3677 }, 
        {"sofa" : 1,  "begin" : 3677,  "end" : 3678 }, 
        {"sofa" : 1,  "begin" : 3679,  "end" : 3682 }, 
        {"sofa" : 1,  "begin" : 3682,  "end" : 3683 }, 
        {"sofa" : 1,  "begin" : 3684,  "end" : 3688 }, 
        {"sofa" : 1,  "begin" : 3689,  "end" : 3690 }, 
        {"sofa" : 1,  "begin" : 3691,  "end" : 3697 }, 
        {"sofa" : 1,  "begin" : 3697,  "end" : 3698 }, 
        {"sofa" : 1,  "begin" : 3699,  "end" : 3702 }, 
        {"sofa" : 1,  "begin" : 3703,  "end" : 3707 }, 
        {"sofa" : 1,  "begin" : 3708,  "end" : 3712 }, 
        {"sofa" : 1,  "begin" : 3713,  "end" : 3715 }, 
        {"sofa" : 1,  "begin" : 3716,  "end" : 3719 }, 
        {"sofa" : 1,  "begin" : 3719,  "end" : 3720 }, 
        {"sofa" : 1,  "begin" : 3721,  "end" : 3725 }, 
        {"sofa" : 1,  "begin" : 3726,  "end" : 3729 }, 
        {"sofa" : 1,  "begin" : 3730,  "end" : 3733 }, 
        {"sofa" : 1,  "begin" : 3734,  "end" : 3736 }, 
        {"sofa" : 1,  "begin" : 3737,  "end" : 3741 }, 
        {"sofa" : 1,  "begin" : 3742,  "end" : 3746 }, 
        {"sofa" : 1,  "begin" : 3747,  "end" : 3757 }, 
        {"sofa" : 1,  "begin" : 3757,  "end" : 3758 }, 
        {"sofa" : 1,  "begin" : 3759,  "end" : 3763 }, 
        {"sofa" : 1,  "begin" : 3764,  "end" : 3770 }, 
        {"sofa" : 1,  "begin" : 3771,  "end" : 3775 }, 
        {"sofa" : 1,  "begin" : 3776,  "end" : 3779 }, 
        {"sofa" : 1,  "begin" : 3780,  "end" : 3788 }, 
        {"sofa" : 1,  "begin" : 3789,  "end" : 3794 }, 
        {"sofa" : 1,  "begin" : 3795,  "end" : 3801 }, 
        {"sofa" : 1,  "begin" : 3802,  "end" : 3803 }, 
        {"sofa" : 1,  "begin" : 3804,  "end" : 3808 }, 
        {"sofa" : 1,  "begin" : 3809,  "end" : 3812 }, 
        {"sofa" : 1,  "begin" : 3812,  "end" : 3813 }, 
        {"sofa" : 1,  "begin" : 3814,  "end" : 3817 }, 
        {"sofa" : 1,  "begin" : 3818,  "end" : 3822 }, 
        {"sofa" : 1,  "begin" : 3823,  "end" : 3827 }, 
        {"sofa" : 1,  "begin" : 3828,  "end" : 3835 }, 
        {"sofa" : 1,  "begin" : 3836,  "end" : 3839 }, 
        {"sofa" : 1,  "begin" : 3840,  "end" : 3844 }, 
        {"sofa" : 1,  "begin" : 3845,  "end" : 3849 }, 
        {"sofa" : 1,  "begin" : 3850,  "end" : 3855 }, 
        {"sofa" : 1,  "begin" : 3856,  "end" : 3861 }, 
        {"sofa" : 1,  "begin" : 3862,  "end" : 3867 }, 
        {"sofa" : 1,  "begin" : 3868,  "end" : 3871 }, 
        {"sofa" : 1,  "begin" : 3872,  "end" : 3882 }, 
        {"sofa" : 1,  "begin" : 3882,  "end" : 3883 }, 
        {"sofa" : 1,  "begin" : 3884,  "end" : 3889 }, 
        {"sofa" : 1,  "begin" : 3890,  "end" : 3892 }, 
        {"sofa" : 1,  "begin" : 3893,  "end" : 3896 }, 
        {"sofa" : 1,  "begin" : 3897,  "end" : 3901 }, 
        {"sofa" : 1,  "begin" : 3902,  "end" : 3906 }, 
        {"sofa" : 1,  "begin" : 3907,  "end" : 3911 }, 
        {"sofa" : 1,  "begin" : 3912,  "end" : 3916 }, 
        {"sofa" : 1,  "begin" : 3917,  "end" : 3924 }, 
        {"sofa" : 1,  "begin" : 3925,  "end" : 3930 }, 
        {"sofa" : 1,  "begin" : 3931,  "end" : 3937 }, 
        {"sofa" : 1,  "begin" : 3938,  "end" : 3941 }, 
        {"sofa" : 1,  "begin" : 3942,  "end" : 3949 }, 
        {"sofa" : 1,  "begin" : 3950,  "end" : 3952 }, 
        {"sofa" : 1,  "begin" : 3953,  "end" : 3958 }, 
        {"sofa" : 1,  "begin" : 3959,  "end" : 3966 }, 
        {"sofa" : 1,  "begin" : 3967,  "end" : 3969 }, 
        {"sofa" : 1,  "begin" : 3970,  "end" : 3973 }, 
        {"sofa" : 1,  "begin" : 3974,  "end" : 3978 }, 
        {"sofa" : 1,  "begin" : 3978,  "end" : 3979 }, 
        {"sofa" : 1,  "begin" : 3980,  "end" : 3983 }, 
        {"sofa" : 1,  "begin" : 3984,  "end" : 3988 }, 
        {"sofa" : 1,  "begin" : 3989,  "end" : 3990 }, 
        {"sofa" : 1,  "begin" : 3991,  "end" : 3997 }, 
        {"sofa" : 1,  "begin" : 3998,  "end" : 4000 }, 
        {"sofa" : 1,  "begin" : 4001,  "end" : 4004 }, 
        {"sofa" : 1,  "begin" : 4005,  "end" : 4010 }, 
        {"sofa" : 1,  "begin" : 4011,  "end" : 4014 }, 
        {"sofa" : 1,  "begin" : 4015,  "end" : 4019 }, 
        {"sofa" : 1,  "begin" : 4020,  "end" : 4029 }, 
        {"sofa" : 1,  "begin" : 4029,  "end" : 4030 }, 
        {"sofa" : 1,  "begin" : 4031,  "end" : 4034 }, 
        {"sofa" : 1,  "begin" : 4035,  "end" : 4037 }, 
        {"sofa" : 1,  "begin" : 4038,  "end" : 4043 }, 
        {"sofa" : 1,  "begin" : 4044,  "end" : 4048 }, 
        {"sofa" : 1,  "begin" : 4049,  "end" : 4053 }, 
        {"sofa" : 1,  "begin" : 4054,  "end" : 4059 }, 
        {"sofa" : 1,  "begin" : 4060,  "end" : 4062 }, 
        {"sofa" : 1,  "begin" : 4063,  "end" : 4067 }, 
        {"sofa" : 1,  "begin" : 4068,  "end" : 4071 }, 
        {"sofa" : 1,  "begin" : 4072,  "end" : 4076 }, 
        {"sofa" : 1,  "begin" : 4077,  "end" : 4080 }, 
        {"sofa" : 1,  "begin" : 4081,  "end" : 4087 }, 
        {"sofa" : 1,  "begin" : 4088,  "end" : 4090 }, 
        {"sofa" : 1,  "begin" : 4091,  "end" : 4104 }, 
        {"sofa" : 1,  "begin" : 4104,  "end" : 4105 }, 
        {"sofa" : 1,  "begin" : 4106,  "end" : 4109 }, 
        {"sofa" : 1,  "begin" : 4110,  "end" : 4116 }, 
        {"sofa" : 1,  "begin" : 4117,  "end" : 4124 }, 
        {"sofa" : 1,  "begin" : 4125,  "end" : 4128 }, 
        {"sofa" : 1,  "begin" : 4129,  "end" : 4134 }, 
        {"sofa" : 1,  "begin" : 4135,  "end" : 4144 }, 
        {"sofa" : 1,  "begin" : 4145,  "end" : 4148 }, 
        {"sofa" : 1,  "begin" : 4149,  "end" : 4158 }, 
        {"sofa" : 1,  "begin" : 4158,  "end" : 4159 }, 
        {"sofa" : 1,  "begin" : 4160,  "end" : 4163 }, 
        {"sofa" : 1,  "begin" : 4164,  "end" : 4169 }, 
        {"sofa" : 1,  "begin" : 4170,  "end" : 4173 }, 
        {"sofa" : 1,  "begin" : 4174,  "end" : 4182 }, 
        {"sofa" : 1,  "begin" : 4183,  "end" : 4185 }, 
        {"sofa" : 1,  "begin" : 4186,  "end" : 4196 }, 
        {"sofa" : 1,  "begin" : 4197,  "end" : 4201 }, 
        {"sofa" : 1,  "begin" : 4202,  "end" : 4205 }, 
        {"sofa" : 1,  "begin" : 4206,  "end" : 4212 }, 
        {"sofa" : 1,  "begin" : 4213,  "end" : 4216 }, 
        {"sofa" : 1,  "begin" : 4217,  "end" : 4221 }, 
        {"sofa" : 1,  "begin" : 4222,  "end" : 4224 }, 
        {"sofa" : 1,  "begin" : 4225,  "end" : 4228 }, 
        {"sofa" : 1,  "begin" : 4229,  "end" : 4231 }, 
        {"sofa" : 1,  "begin" : 4232,  "end" : 4238 }, 
        {"sofa" : 1,  "begin" : 4239,  "end" : 4241 }, 
        {"sofa" : 1,  "begin" : 4242,  "end" : 4246 }, 
        {"sofa" : 1,  "begin" : 4247,  "end" : 4248 }, 
        {"sofa" : 1,  "begin" : 4249,  "end" : 4253 }, 
        {"sofa" : 1,  "begin" : 4253,  "end" : 4254 }, 
        {"sofa" : 1,  "begin" : 4255,  "end" : 4259 }, 
        {"sofa" : 1,  "begin" : 4260,  "end" : 4263 }, 
        {"sofa" : 1,  "begin" : 4264,  "end" : 4269 }, 
        {"sofa" : 1,  "begin" : 4270,  "end" : 4272 }, 
        {"sofa" : 1,  "begin" : 4273,  "end" : 4275 }, 
        {"sofa" : 1,  "begin" : 4276,  "end" : 4283 }, 
        {"sofa" : 1,  "begin" : 4284,  "end" : 4288 }, 
        {"sofa" : 1,  "begin" : 4289,  "end" : 4291 }, 
        {"sofa" : 1,  "begin" : 4292,  "end" : 4294 }, 
        {"sofa" : 1,  "begin" : 4295,  "end" : 4300 }, 
        {"sofa" : 1,  "begin" : 4300,  "end" : 4301 }, 
        {"sofa" : 1,  "begin" : 4302,  "end" : 4306 }, 
        {"sofa" : 1,  "begin" : 4307,  "end" : 4310 }, 
        {"sofa" : 1,  "begin" : 4311,  "end" : 4320 }, 
        {"sofa" : 1,  "begin" : 4321,  "end" : 4322 }, 
        {"sofa" : 1,  "begin" : 4323,  "end" : 4334 }, 
        {"sofa" : 1,  "begin" : 4335,  "end" : 4337 }, 
        {"sofa" : 1,  "begin" : 4338,  "end" : 4341 }, 
        {"sofa" : 1,  "begin" : 4342,  "end" : 4344 }, 
        {"sofa" : 1,  "begin" : 4345,  "end" : 4348 }, 
        {"sofa" : 1,  "begin" : 4349,  "end" : 4360 }, 
        {"sofa" : 1,  "begin" : 4361,  "end" : 4367 }, 
        {"sofa" : 1,  "begin" : 4368,  "end" : 4373 }, 
        {"sofa" : 1,  "begin" : 4373,  "end" : 4374 }, 
        {"sofa" : 1,  "begin" : 4375,  "end" : 4377 }, 
        {"sofa" : 1,  "begin" : 4378,  "end" : 4382 }, 
        {"sofa" : 1,  "begin" : 4383,  "end" : 4385 }, 
        {"sofa" : 1,  "begin" : 4386,  "end" : 4388 }, 
        {"sofa" : 1,  "begin" : 4389,  "end" : 4399 }, 
        {"sofa" : 1,  "begin" : 4400,  "end" : 4406 }, 
        {"sofa" : 1,  "begin" : 4407,  "end" : 4409 }, 
        {"sofa" : 1,  "begin" : 4410,  "end" : 4420 }, 
        {"sofa" : 1,  "begin" : 4420,  "end" : 4421 }, 
        {"sofa" : 1,  "begin" : 4422,  "end" : 4427 }, 
        {"sofa" : 1,  "begin" : 4428,  "end" : 4431 }, 
        {"sofa" : 1,  "begin" : 4432,  "end" : 4434 }, 
        {"sofa" : 1,  "begin" : 4435,  "end" : 4442 }, 
        {"sofa" : 1,  "begin" : 4443,  "end" : 4450 }, 
        {"sofa" : 1,  "begin" : 4450,  "end" : 4451 }, 
        {"sofa" : 1,  "begin" : 4452,  "end" : 4456 }, 
        {"sofa" : 1,  "begin" : 4457,  "end" : 4460 }, 
        {"sofa" : 1,  "begin" : 4461,  "end" : 4467 }, 
        {"sofa" : 1,  "begin" : 4468,  "end" : 4471 }, 
        {"sofa" : 1,  "begin" : 4472,  "end" : 4481 }, 
        {"sofa" : 1,  "begin" : 4482,  "end" : 4485 }, 
        {"sofa" : 1,  "begin" : 4486,  "end" : 4490 }, 
        {"sofa" : 1,  "begin" : 4491,  "end" : 4500 }, 
        {"sofa" : 1,  "begin" : 4500,  "end" : 4501 }, 
        {"sofa" : 1,  "begin" : 4502,  "end" : 4508 }, 
        {"sofa" : 1,  "begin" : 4509,  "end" : 4513 }, 
        {"sofa" : 1,  "begin" : 4514,  "end" : 4519 }, 
        {"sofa" : 1,  "begin" : 4520,  "end" : 4522 }, 
        {"sofa" : 1,  "begin" : 4523,  "end" : 4530 }, 
        {"sofa" : 1,  "begin" : 4531,  "end" : 4535 }, 
        {"sofa" : 1,  "begin" : 4536,  "end" : 4539 }, 
        {"sofa" : 1,  "begin" : 4540,  "end" : 4545 }, 
        {"sofa" : 1,  "begin" : 4546,  "end" : 4552 }, 
        {"sofa" : 1,  "begin" : 4553,  "end" : 4560 }, 
        {"sofa" : 1,  "begin" : 4561,  "end" : 4569 }, 
        {"sofa" : 1,  "begin" : 4570,  "end" : 4574 }, 
        {"sofa" : 1,  "begin" : 4575,  "end" : 4582 }, 
        {"sofa" : 1,  "begin" : 4583,  "end" : 4588 }, 
        {"sofa" : 1,  "begin" : 4589,  "end" : 4593 }, 
        {"sofa" : 1,  "begin" : 4594,  "end" : 4600 }, 
        {"sofa" : 1,  "begin" : 4600,  "end" : 4601 }, 
        {"sofa" : 1,  "begin" : 4602,  "end" : 4604 }, 
        {"sofa" : 1,  "begin" : 4605,  "end" : 4608 }, 
        {"sofa" : 1,  "begin" : 4609,  "end" : 4615 }, 
        {"sofa" : 1,  "begin" : 4616,  "end" : 4618 }, 
        {"sofa" : 1,  "begin" : 4619,  "end" : 4624 }, 
        {"sofa" : 1,  "begin" : 4625,  "end" : 4630 }, 
        {"sofa" : 1,  "begin" : 4630,  "end" : 4631 }, 
        {"sofa" : 1,  "begin" : 4632,  "end" : 4642 }, 
        {"sofa" : 1,  "begin" : 4642,  "end" : 4643 }, 
        {"sofa" : 1,  "begin" : 4645,  "end" : 4648 }, 
        {"sofa" : 1,  "begin" : 4648,  "end" : 4649 }, 
        {"sofa" : 1,  "begin" : 4650,  "end" : 4657 }, 
        {"sofa" : 1,  "begin" : 4658,  "end" : 4661 }, 
        {"sofa" : 1,  "begin" : 4662,  "end" : 4666 }, 
        {"sofa" : 1,  "begin" : 4667,  "end" : 4673 }, 
        {"sofa" : 1,  "begin" : 4674,  "end" : 4682 }, 
        {"sofa" : 1,  "begin" : 4683,  "end" : 4685 }, 
        {"sofa" : 1,  "begin" : 4686,  "end" : 4689 }, 
        {"sofa" : 1,  "begin" : 4690,  "end" : 4697 }, 
        {"sofa" : 1,  "begin" : 4698,  "end" : 4700 }, 
        {"sofa" : 1,  "begin" : 4701,  "end" : 4703 }, 
        {"sofa" : 1,  "begin" : 4704,  "end" : 4713 }, 
        {"sofa" : 1,  "begin" : 4714,  "end" : 4718 }, 
        {"sofa" : 1,  "begin" : 4719,  "end" : 4721 }, 
        {"sofa" : 1,  "begin" : 4722,  "end" : 4725 }, 
        {"sofa" : 1,  "begin" : 4726,  "end" : 4732 }, 
        {"sofa" : 1,  "begin" : 4733,  "end" : 4738 }, 
        {"sofa" : 1,  "begin" : 4739,  "end" : 4741 }, 
        {"sofa" : 1,  "begin" : 4742,  "end" : 4750 }, 
        {"sofa" : 1,  "begin" : 4751,  "end" : 4757 }, 
        {"sofa" : 1,  "begin" : 4758,  "end" : 4760 }, 
        {"sofa" : 1,  "begin" : 4761,  "end" : 4765 }, 
        {"sofa" : 1,  "begin" : 4766,  "end" : 4775 }, 
        {"sofa" : 1,  "begin" : 4776,  "end" : 4782 }, 
        {"sofa" : 1,  "begin" : 4782,  "end" : 4783 }, 
        {"sofa" : 1,  "begin" : 4784,  "end" : 4787 }, 
        {"sofa" : 1,  "begin" : 4788,  "end" : 4796 }, 
        {"sofa" : 1,  "begin" : 4797,  "end" : 4799 }, 
        {"sofa" : 1,  "begin" : 4800,  "end" : 4808 }, 
        {"sofa" : 1,  "begin" : 4809,  "end" : 4812 }, 
        {"sofa" : 1,  "begin" : 4813,  "end" : 4815 }, 
        {"sofa" : 1,  "begin" : 4816,  "end" : 4824 }, 
        {"sofa" : 1,  "begin" : 4825,  "end" : 4832 }, 
        {"sofa" : 1,  "begin" : 4833,  "end" : 4835 }, 
        {"sofa" : 1,  "begin" : 4836,  "end" : 4841 }, 
        {"sofa" : 1,  "begin" : 4842,  "end" : 4845 }, 
        {"sofa" : 1,  "begin" : 4846,  "end" : 4852 }, 
        {"sofa" : 1,  "begin" : 4852,  "end" : 4853 }, 
        {"sofa" : 1,  "begin" : 4854,  "end" : 4856 }, 
        {"sofa" : 1,  "begin" : 4857,  "end" : 4859 }, 
        {"sofa" : 1,  "begin" : 4860,  "end" : 4864 }, 
        {"sofa" : 1,  "begin" : 4865,  "end" : 4873 }, 
        {"sofa" : 1,  "begin" : 4873,  "end" : 4874 }, 
        {"sofa" : 1,  "begin" : 4875,  "end" : 4881 }, 
        {"sofa" : 1,  "begin" : 4881,  "end" : 4882 }, 
        {"sofa" : 1,  "begin" : 4883,  "end" : 4891 }, 
        {"sofa" : 1,  "begin" : 4892,  "end" : 4894 }, 
        {"sofa" : 1,  "begin" : 4895,  "end" : 4896 }, 
        {"sofa" : 1,  "begin" : 4897,  "end" : 4905 }, 
        {"sofa" : 1,  "begin" : 4906,  "end" : 4911 }, 
        {"sofa" : 1,  "begin" : 4912,  "end" : 4915 }, 
        {"sofa" : 1,  "begin" : 4916,  "end" : 4917 }, 
        {"sofa" : 1,  "begin" : 4918,  "end" : 4921 }, 
        {"sofa" : 1,  "begin" : 4922,  "end" : 4925 }, 
        {"sofa" : 1,  "begin" : 4926,  "end" : 4934 }, 
        {"sofa" : 1,  "begin" : 4935,  "end" : 4937 }, 
        {"sofa" : 1,  "begin" : 4938,  "end" : 4940 }, 
        {"sofa" : 1,  "begin" : 4941,  "end" : 4943 }, 
        {"sofa" : 1,  "begin" : 4943,  "end" : 4944 } ] } }, 
  "_referenced_fss" : {
    "1" : {"_type" : "Sofa",  "sofaNum" : 1,  "sofaID" : "_InitialView",  "mimeType" : "text",  "sofaString" : "Then a distinctly wicked idea takes possession of the mind: \"What a divine—what a heavenly place to loot!\" This gives place to a much worse devil—that of Conservatism. It seems not only a wrong but a criminal thing to allow natives to have any voice in the control of such a city—adorned, docked, wharfed, fronted, and reclaimed by Englishmen, existing only because England lives, and dependent for its life on England. All India knows of the Calcutta Municipality; but has any one thoroughly investigated the Big Calcutta Stink? There is only one. Benares is fouler in point of concentrated, pent-up muck, and there are local stenches in Peshawar which are stronger than the B. C. S.; but, for diffused, soul-sickening expansiveness, the reek of Calcutta beats both Benares and Peshawar. Bombay cloaks her stenches with a veneer of assafœtida and tobacco; Calcutta is above pretence. There is no tracing back the Calcutta plague to any one source. It is faint, it is sickly, and it is indescribable; but Americans at the Great Eastern Hotel say that it is something like the smell of the Chinese quarter in San Francisco. It is certainly not an Indian smell. It resembles the essence of corruption that has rotted for the second time—the clammy odour of blue slime. And there is no escape from it. It blows across the maidan; it comes in gusts into the corridors of the Great Eastern Hotel; what they are pleased to call the \"Palaces of Chowringhi\" carry it; it swirls round the Bengal Club; it pours out of by-streets with sickening intensity, and the breeze of the morning is laden with it. It is first found, in spite of the fume of the engines, in Howrah Station. It seems to be worst in the little lanes at the back of Lai Bazar where the drinking-shops are, but it is nearly as bad opposite Government House and in the Public Offices. The thing is intermittent. Six moderately pure mouthfuls of air may be drawn without offence. Then comes the seventh wave and the queasiness of an uncultured stomach. If you live long enough in Calcutta you grow used to it. The regular residents admit the disgrace, but their answer is: \"Wait till the wind blows off the Salt Lakes where all the sewage goes, and then you'll smell something.\" That is their defence! Small wonder that they consider Calcutta is a fit place for a permanent Viceroy. Englishmen who can calmly extenuate one shame by another are capable of asking for anything—and expecting to get it.\n\nIf an up-country station holding three thousand troops and twenty civilians owned such a possession as Calcutta does, the Deputy Commissioner or the Cantonment Magistrate would have all the natives off the board of management or decently shovelled into the background until the mess was abated. Then they might come on again and talk of \"high-handed oppression\" as much as they liked. That stink, to an unprejudiced nose, damns Calcutta as a City of Kings. And, in spite of that stink, they allow, they even encourage, natives to look after the place! The damp, drainage-soaked soil is sick with the teeming life of a hundred years, and the Municipal Board list is choked with the names of natives—men of the breed born in and raised off this surfeited muck-heap! They own property, these amiable Aryans on the Municipal and the Bengal Legislative Council. Launch a proposal to tax them on that property, and they naturally howl. They also howl up-country, but there the halls for mass-meetings are few, and the vernacular papers fewer, and with a strong Secretary and a President whose favour is worth the having and whose wrath is undesirable, men are kept clean despite themselves, and may not poison their neighbours. Why, asks a savage, let them vote at all? They can put up with this filthiness. They cannot have any feelings worth caring a rush for. Let them live quietly and hide away their money under our protection, while we tax them till they know through their purses the measure of their neglect in the past, and when a little of the smell has been abolished, let us bring them back again to talk and take the credit of enlightenment. The better classes own their broughams and barouches; the worse can shoulder an Englishman into the kennel and talk to him as though he were a cook. They can refer to an English lady as an aurat; they are permitted a freedom—not to put it too coarsely—of speech which, if used by an Englishman toward an Englishman, would end in serious trouble. They are fenced and protected and made inviolate. Surely they might be content with all those things without entering into matters which they cannot, by the nature of their birth, understand.\n\nNow, whether all this genial diatribe be the outcome of an unbiassed mind or the result first of sickness caused by that ferocious stench, and secondly of headache due to day-long smoking to drown the stench, is an open question. Anyway, Calcutta is a fearsome place for a man not educated up to it." }, 
    "12844" : {"_type" : "Span",  "sofa" : 1,  "begin" : 523,  "end" : 528,  "label" : "Smell_Word" }, 
    "12854" : {"_type" : "Span",  "sofa" : 1,  "begin" : 514,  "end" : 522,  "label" : "Location" }, 
    "12849" : {"_type" : "Span",  "sofa" : 1,  "begin" : 510,  "end" : 513,  "label" : "Quality" }, 
    "12919" : {"_type" : "Span",  "sofa" : 1,  "begin" : 560,  "end" : 566,  "label" : "Smell_Word" }, 
    "12924" : {"_type" : "Span",  "sofa" : 1,  "begin" : 560,  "end" : 566,  "label" : "Quality" }, 
    "12936" : {"_type" : "Span",  "sofa" : 1,  "begin" : 567,  "end" : 605,  "label" : "Smell_Source" }, 
    "12914" : {"_type" : "Span",  "sofa" : 1,  "begin" : 549,  "end" : 556,  "label" : "Location" }, 
    "12873" : {"_type" : "Span",  "sofa" : 1,  "begin" : 627,  "end" : 635,  "label" : "Smell_Word" }, 
    "12878" : {"_type" : "Span",  "sofa" : 1,  "begin" : 636,  "end" : 647,  "label" : "Location" }, 
    "12890" : {"_type" : "Span",  "sofa" : 1,  "begin" : 621,  "end" : 626,  "label" : "Quality" }, 
    "12902" : {"_type" : "Span",  "sofa" : 1,  "begin" : 658,  "end" : 666,  "label" : "Quality" }, 
    "12955" : {"_type" : "Span",  "sofa" : 1,  "begin" : 739,  "end" : 743,  "label" : "Smell_Word" }, 
    "12960" : {"_type" : "Span",  "sofa" : 1,  "begin" : 744,  "end" : 755,  "label" : "Location" }, 
    "12972" : {"_type" : "Span",  "sofa" : 1,  "begin" : 756,  "end" : 787,  "label" : "Quality" }, 
    "12984" : {"_type" : "Span",  "sofa" : 1,  "begin" : 691,  "end" : 733,  "label" : "Quality" }, 
    "12996" : {"_type" : "Span",  "sofa" : 1,  "begin" : 807,  "end" : 815,  "label" : "Smell_Word" }, 
    "13001" : {"_type" : "Span",  "sofa" : 1,  "begin" : 789,  "end" : 795,  "label" : "Location" }, 
    "13013" : {"_type" : "Span",  "sofa" : 1,  "begin" : 821,  "end" : 855,  "label" : "Smell_Source" }, 
    "13018" : {"_type" : "Span",  "sofa" : 1,  "begin" : 923,  "end" : 929,  "label" : "Smell_Word" }, 
    "13023" : {"_type" : "Span",  "sofa" : 1,  "begin" : 914,  "end" : 922,  "label" : "Location" }, 
    "13035" : {"_type" : "Span",  "sofa" : 1,  "begin" : 930,  "end" : 947,  "label" : "Smell_Source" }, 
    "13057" : {"_type" : "Span",  "sofa" : 1,  "begin" : 986,  "end" : 999,  "label" : "Quality" }, 
    "13052" : {"_type" : "Span",  "sofa" : 1,  "begin" : 968,  "end" : 974,  "label" : "Quality" }, 
    "13047" : {"_type" : "Span",  "sofa" : 1,  "begin" : 955,  "end" : 960,  "label" : "Quality" }, 
    "13083" : {"_type" : "Span",  "sofa" : 1,  "begin" : 1076,  "end" : 1081,  "label" : "Smell_Word" }, 
    "13088" : {"_type" : "Span",  "sofa" : 1,  "begin" : 1082,  "end" : 1104,  "label" : "Smell_Source" }, 
    "13093" : {"_type" : "Span",  "sofa" : 1,  "begin" : 1105,  "end" : 1121,  "label" : "Location" }, 
    "13112" : {"_type" : "Span",  "sofa" : 1,  "begin" : 1005,  "end" : 1041,  "label" : "Perceiver" }, 
    "13117" : {"_type" : "Span",  "sofa" : 1,  "begin" : 1153,  "end" : 1158,  "label" : "Smell_Word" }, 
    "13122" : {"_type" : "Span",  "sofa" : 1,  "begin" : 1146,  "end" : 1152,  "label" : "Quality" }, 
    "13173" : {"_type" : "Span",  "sofa" : 1,  "begin" : 1160,  "end" : 1162,  "label" : "Smell_Word" }, 
    "13163" : {"_type" : "Span",  "sofa" : 1,  "begin" : 1173,  "end" : 1238,  "label" : "Evoked_Odorant" }, 
    "13134" : {"_type" : "Span",  "sofa" : 1,  "begin" : 1246,  "end" : 1251,  "label" : "Smell_Word" }, 
    "13139" : {"_type" : "Span",  "sofa" : 1,  "begin" : 1252,  "end" : 1265,  "label" : "Smell_Source" }, 
    "13151" : {"_type" : "Span",  "sofa" : 1,  "begin" : 1239,  "end" : 1245,  "label" : "Quality" }, 
    "13274" : {"_type" : "Span",  "sofa" : 1,  "begin" : 1295,  "end" : 1297,  "label" : "Smell_Word" }, 
    "13269" : {"_type" : "Span",  "sofa" : 1,  "begin" : 1271,  "end" : 1289,  "label" : "Quality" }, 
    "13192" : {"_type" : "Span",  "sofa" : 1,  "begin" : 1299,  "end" : 1301,  "label" : "Smell_Word" }, 
    "13293" : {"_type" : "Span",  "sofa" : 1,  "begin" : 1308,  "end" : 1325,  "label" : "Location" }, 
    "13209" : {"_type" : "Span",  "sofa" : 1,  "begin" : 1327,  "end" : 1329,  "label" : "Smell_Word" }, 
    "13305" : {"_type" : "Span",  "sofa" : 1,  "begin" : 1345,  "end" : 1390,  "label" : "Location" }, 
    "13317" : {"_type" : "Span",  "sofa" : 1,  "begin" : 1336,  "end" : 1344,  "label" : "Odour_Carrier" }, 
    "13221" : {"_type" : "Span",  "sofa" : 1,  "begin" : 1456,  "end" : 1458,  "label" : "Smell_Word" }, 
    "13329" : {"_type" : "Span",  "sofa" : 1,  "begin" : 1422,  "end" : 1449,  "label" : "Odour_Carrier" }, 
    "13233" : {"_type" : "Span",  "sofa" : 1,  "begin" : 1460,  "end" : 1462,  "label" : "Smell_Word" }, 
    "13341" : {"_type" : "Span",  "sofa" : 1,  "begin" : 1470,  "end" : 1491,  "label" : "Location" }, 
    "13245" : {"_type" : "Span",  "sofa" : 1,  "begin" : 1493,  "end" : 1495,  "label" : "Smell_Word" }, 
    "13353" : {"_type" : "Span",  "sofa" : 1,  "begin" : 1502,  "end" : 1519,  "label" : "Location" }, 
    "13365" : {"_type" : "Span",  "sofa" : 1,  "begin" : 1520,  "end" : 1544,  "label" : "Quality" }, 
    "13512" : {"_type" : "Span",  "sofa" : 1,  "begin" : 1590,  "end" : 1592,  "label" : "Smell_Word" }, 
    "13377" : {"_type" : "Span",  "sofa" : 1,  "begin" : 1550,  "end" : 1560,  "label" : "Odour_Carrier" }, 
    "13382" : {"_type" : "Span",  "sofa" : 1,  "begin" : 1561,  "end" : 1575,  "label" : "Time" }, 
    "13507" : {"_type" : "Span",  "sofa" : 1,  "begin" : 1594,  "end" : 1596,  "label" : "Smell_Word" }, 
    "13562" : {"_type" : "Span",  "sofa" : 1,  "begin" : 1650,  "end" : 1667,  "label" : "Location" }, 
    "13574" : {"_type" : "Span",  "sofa" : 1,  "begin" : 1629,  "end" : 1633,  "label" : "Smell_Word" }, 
    "13579" : {"_type" : "Span",  "sofa" : 1,  "begin" : 1634,  "end" : 1648,  "label" : "Smell_Source" }, 
    "13401" : {"_type" : "Span",  "sofa" : 1,  "begin" : 1669,  "end" : 1671,  "label" : "Smell_Word" }, 
    "13433" : {"_type" : "Span",  "sofa" : 1,  "begin" : 1684,  "end" : 1689,  "label" : "Quality" }, 
    "13445" : {"_type" : "Span",  "sofa" : 1,  "begin" : 1690,  "end" : 1734,  "label" : "Location" }, 
    "13543" : {"_type" : "Span",  "sofa" : 1,  "begin" : 1769,  "end" : 1771,  "label" : "Smell_Word" }, 
    "13457" : {"_type" : "Span",  "sofa" : 1,  "begin" : 1775,  "end" : 1788,  "label" : "Quality" }, 
    "13469" : {"_type" : "Span",  "sofa" : 1,  "begin" : 1789,  "end" : 1840,  "label" : "Location" }, 
    "13416" : {"_type" : "Span",  "sofa" : 1,  "begin" : 1842,  "end" : 1851,  "label" : "Smell_Word" }, 
    "13421" : {"_type" : "Span",  "sofa" : 1,  "begin" : 1855,  "end" : 1867,  "label" : "Quality" }, 
    "13612" : {"_type" : "Span",  "sofa" : 1,  "begin" : 1968,  "end" : 2007,  "label" : "Effect" }, 
    "13624" : {"_type" : "Span",  "sofa" : 1,  "begin" : 2062,  "end" : 2064,  "label" : "Smell_Word" }, 
    "13629" : {"_type" : "Span",  "sofa" : 1,  "begin" : 2033,  "end" : 2044,  "label" : "Location" }, 
    "13646" : {"_type" : "Span",  "sofa" : 1,  "begin" : 2045,  "end" : 2048,  "label" : "Perceiver" }, 
    "13658" : {"_type" : "Span",  "sofa" : 1,  "begin" : 2217,  "end" : 2222,  "label" : "Smell_Word" }, 
    "13670" : {"_type" : "Span",  "sofa" : 1,  "begin" : 2140,  "end" : 2148,  "label" : "Odour_Carrier" }, 
    "13682" : {"_type" : "Span",  "sofa" : 1,  "begin" : 2223,  "end" : 2232,  "label" : "Smell_Source" }, 
    "13694" : {"_type" : "Span",  "sofa" : 1,  "begin" : 2210,  "end" : 2216,  "label" : "Perceiver" }, 
    "13706" : {"_type" : "Span",  "sofa" : 1,  "begin" : 2155,  "end" : 2199,  "label" : "Location" }, 
    "13718" : {"_type" : "Span",  "sofa" : 1,  "begin" : 2847,  "end" : 2852,  "label" : "Smell_Word" }, 
    "13723" : {"_type" : "Span",  "sofa" : 1,  "begin" : 2854,  "end" : 2877,  "label" : "Perceiver" }, 
    "13735" : {"_type" : "Span",  "sofa" : 1,  "begin" : 2885,  "end" : 2893,  "label" : "Location" }, 
    "13747" : {"_type" : "Span",  "sofa" : 1,  "begin" : 2879,  "end" : 2912,  "label" : "Effect" }, 
    "13764" : {"_type" : "Span",  "sofa" : 1,  "begin" : 4005,  "end" : 4010,  "label" : "Smell_Word" }, 
    "13769" : {"_type" : "Span",  "sofa" : 1,  "begin" : 3989,  "end" : 3997,  "label" : "Quality" }, 
    "13781" : {"_type" : "Span",  "sofa" : 1,  "begin" : 4776,  "end" : 4782,  "label" : "Smell_Word" }, 
    "13786" : {"_type" : "Span",  "sofa" : 1,  "begin" : 4766,  "end" : 4775,  "label" : "Quality" }, 
    "13798" : {"_type" : "Span",  "sofa" : 1,  "begin" : 4742,  "end" : 4750,  "label" : "Effect" }, 
    "13815" : {"_type" : "Span",  "sofa" : 1,  "begin" : 4846,  "end" : 4852,  "label" : "Smell_Word" }, 
    "13820" : {"_type" : "Span",  "sofa" : 1,  "begin" : 4816,  "end" : 4824,  "label" : "Time" }, 
    "13810" : {"_type" : "Span",  "sofa" : 1,  "begin" : 4797,  "end" : 4808,  "label" : "Effect" } } }