#FORMAT=WebAnno TSV 3.3
#T_SP=custom.Span|label


#Text=— Lac-Fuͤrniß auf Holtz-
#Text=Arbeit 33
#Text=
#Text=— zu roth und duncklen Far-
#Text=ben
#Text=34. 35
#Text=
#Text=
#Text=Galonen von Silber oder Gold
#Text=
#Text=ſo alt ſeyn/
#Text=wieder zuver-
#Text=neuern 15
#Text=
#Text=
#Text=Hunde zu ſich zu gewoͤhnen 42
#Text=
#Text=— ſich nachlauffent zu
#Text=ma-
#Text=chen 42
#Text=
#Text=
#Text=Jungferſchafft zu erkennen 41
#Text=
#Text=Lampen zu zurichten/ daß die Leute
#Text=wie Mohren ſcheinen 11
#Text=
#Text=Maſſa ad Fornacem zu machen 23
#Text=
#Text=Perſohnen (lebendige) in Wachs zu
#Text=pouſſiren 12
#Text=
#Text=Piſto-
#Text=\f
#Text=[[47]/0409
#Text=]
#Text=
#Text=Regiſter.
1-1	4-5	—	_	
1-2	6-17	Lac-Fuͤrniß	_	
1-3	18-21	auf	_	
1-4	22-27	Holtz	_	
1-5	27-28	-	_	
1-6	29-35	Arbeit	_	
1-7	36-38	33	_	
1-8	40-41	—	_	
1-9	42-44	zu	_	
1-10	45-49	roth	_	
1-11	50-53	und	_	
1-12	54-62	duncklen	_	
1-13	63-66	Far	_	
1-14	66-67	-	_	
1-15	68-71	ben	_	
1-16	72-74	34	_	
1-17	74-75	.	_	
1-18	76-78	35	_	
1-19	81-88	Galonen	_	
1-20	89-92	von	_	
1-21	93-99	Silber	_	
1-22	100-104	oder	_	
1-23	105-109	Gold	_	
1-24	111-113	ſo	_	
1-25	114-117	alt	_	
1-26	118-122	ſeyn	_	
1-27	122-123	/	_	
1-28	124-130	wieder	_	
1-29	131-136	zuver	_	
1-30	136-137	-	_	
1-31	138-144	neuern	_	
1-32	145-147	15	_	
1-33	150-155	Hunde	_	
1-34	156-158	zu	_	
1-35	159-163	ſich	_	
1-36	164-166	zu	_	
1-37	167-176	gewoͤhnen	_	
1-38	177-179	42	_	
1-39	181-182	—	_	
1-40	183-187	ſich	_	
1-41	188-200	nachlauffent	_	
1-42	201-203	zu	_	
1-43	204-206	ma	_	
1-44	206-207	-	_	
1-45	208-212	chen	_	
1-46	213-215	42	_	
1-47	218-232	Jungferſchafft	_	
1-48	233-235	zu	_	
1-49	236-244	erkennen	_	
1-50	245-247	41	_	
1-51	249-255	Lampen	_	
1-52	256-258	zu	_	
1-53	259-268	zurichten	_	
1-54	268-269	/	_	
1-55	270-273	daß	_	
1-56	274-277	die	_	
1-57	278-283	Leute	_	
1-58	284-287	wie	_	
1-59	288-294	Mohren	_	
1-60	295-303	ſcheinen	_	
1-61	304-306	11	_	
1-62	308-313	Maſſa	_	
1-63	314-316	ad	_	
1-64	317-325	Fornacem	_	
1-65	326-328	zu	_	
1-66	329-335	machen	_	
1-67	336-338	23	_	
1-68	340-349	Perſohnen	_	
1-69	350-351	(	_	
1-70	351-360	lebendige	_	
1-71	360-361	)	_	
1-72	362-364	in	_	
1-73	365-370	Wachs	_	
1-74	371-373	zu	_	
1-75	374-383	pouſſiren	_	
1-76	384-386	12	_	
1-77	388-393	Piſto	_	
1-78	393-394	-	_	
1-79	397-398	[	_	
1-80	398-399	[	_	
1-81	399-401	47	_	
1-82	401-402	]	_	
1-83	402-403	/	_	
1-84	403-407	0409	_	
1-85	408-409	]	_	
1-86	411-419	Regiſter	_	
1-87	419-420	.	_	

#Text=Piſtolen/ ſo weiter als andere ſchieſ-
#Text=ſen 24
#Text=
#Text=Poudre (wohlriechenden) zu
#Text=ma-
#Text=chen 19 ſq.
2-1	424-432	Piſtolen	_	
2-2	432-433	/	_	
2-3	434-436	ſo	_	
2-4	437-443	weiter	_	
2-5	444-447	als	_	
2-6	448-454	andere	_	
2-7	455-461	ſchieſ	_	
2-8	461-462	-	_	
2-9	463-466	ſen	_	
2-10	467-469	24	_	
2-11	471-477	Poudre	_	
2-12	478-479	(	_	
2-13	479-493	wohlriechenden	_	
2-14	493-494	)	_	
2-15	495-497	zu	_	
2-16	498-500	ma	_	
2-17	500-501	-	_	
2-18	502-506	chen	_	
2-19	507-509	19	_	
2-20	510-512	ſq	_	
2-21	512-513	.	_	

#Text=Probe
#Text=ob ein geſtochener oder ge-
#Text=ſchoſſener Menſch lebendig
#Text=
#Text=bleibe 38
#Text=
#Text=‒ ob ein verwundeter Menſch
#Text=
#Text=geneſe 39.
#Text=40
#Text=
#Text=Pulver wohlriechend
#Text=Blitz-Pulver
#Text=
#Text=zu machen 15
#Text=
#Text=‒ zu den Kleidern 16
#Text=
#Text=
#Text=Ringe und Ketten ſo alt ſeyn/
3-1	516-521	Probe	_	
3-2	522-524	ob	_	
3-3	525-528	ein	_	
3-4	529-540	geſtochener	_	
3-5	541-545	oder	_	
3-6	546-548	ge	_	
3-7	548-549	-	_	
3-8	550-560	ſchoſſener	_	
3-9	561-567	Menſch	_	
3-10	568-576	lebendig	_	
3-11	578-584	bleibe	_	
3-12	585-587	38	_	
3-13	589-590	‒	_	
3-14	591-593	ob	_	
3-15	594-597	ein	_	
3-16	598-609	verwundeter	_	
3-17	610-616	Menſch	_	
3-18	618-624	geneſe	_	
3-19	625-627	39	_	
3-20	627-628	.	_	
3-21	629-631	40	_	
3-22	633-639	Pulver	_	
3-23	640-652	wohlriechend	Quality[1]|Smell\_Word[2]	
3-24	653-665	Blitz-Pulver	Smell\_Source	
3-25	667-669	zu	_	
3-26	670-676	machen	_	
3-27	677-679	15	_	
3-28	681-682	‒	_	
3-29	683-685	zu	_	
3-30	686-689	den	_	
3-31	690-698	Kleidern	_	
3-32	699-701	16	_	
3-33	704-709	Ringe	_	
3-34	710-713	und	_	
3-35	714-720	Ketten	_	
3-36	721-723	ſo	_	
3-37	724-727	alt	_	
3-38	728-732	ſeyn	_	
3-39	732-733	/	_	
