#FORMAT=WebAnno TSV 3.3


#Text=+
#Text=
#Text=
#Text=Maer
#Text=elck een treedt te rug, end int gemeen,
#Text=Sy leyden al, een onnut stinckend leven,
#Text=Niet een alleen van hun wilt sick begeven.
1-1	4-5	+	
1-2	8-12	Maer	
1-3	13-17	elck	
1-4	18-21	een	
1-5	22-28	treedt	
1-6	29-31	te	
1-7	32-35	rug	
1-8	35-36	,	
1-9	37-40	end	
1-10	41-44	int	
1-11	45-51	gemeen	
1-12	51-52	,	
1-13	53-55	Sy	
1-14	56-62	leyden	
1-15	63-65	al	
1-16	65-66	,	
1-17	67-70	een	
1-18	71-76	onnut	
1-19	77-86	stinckend	
1-20	87-92	leven	
1-21	92-93	,	
1-22	94-98	Niet	
1-23	99-102	een	
1-24	103-109	alleen	
1-25	110-113	van	
1-26	114-117	hun	
1-27	118-122	wilt	
1-28	123-127	sick	
1-29	128-135	begeven	
1-30	135-136	.	

#Text=Tot eenig goet, beyd onder groot end kleen,
#Text=Iae
#Text=oock niet een
2-1	139-142	Tot	
2-2	143-148	eenig	
2-3	149-153	goet	
2-4	153-154	,	
2-5	155-159	beyd	
2-6	160-165	onder	
2-7	166-171	groot	
2-8	172-175	end	
2-9	176-181	kleen	
2-10	181-182	,	
2-11	183-186	Iae	
2-12	187-191	oock	
2-13	192-196	niet	
2-14	197-200	een	

#Text=.
3-1	200-201	.	

#Text=+
#Text=
#Text=
#Text=Een yegelijck van hun is
#Text=achterwaerts getreden, sy
#Text=sijn tsamen stinckende
#Text=geworden
#Text=, niemant [isser
#Text=]
#Text=die goet doe, iae oock niet
#Text=een
4-1	203-204	+	
4-2	207-210	Een	
4-3	211-220	yegelijck	
4-4	221-224	van	
4-5	225-228	hun	
4-6	229-231	is	
4-7	232-244	achterwaerts	
4-8	245-253	getreden	
4-9	253-254	,	
4-10	255-257	sy	
4-11	258-262	sijn	
4-12	263-269	tsamen	
4-13	270-280	stinckende	
4-14	281-289	geworden	
4-15	290-291	,	
4-16	292-299	niemant	
4-17	300-301	[	
4-18	301-306	isser	
4-19	307-308	]	
4-20	309-312	die	
4-21	313-317	goet	
4-22	318-321	doe	
4-23	321-322	,	
4-24	323-326	iae	
4-25	327-331	oock	
4-26	332-336	niet	
4-27	337-340	een	

#Text=.
5-1	340-341	.	

#Text=[
#Text=4]
#Text=
#Text=Philips van Marnix van Sint Aldegonde, Het boeck der Psalmen
#Text=.
6-1	344-345	[	
6-2	346-347	4	
6-3	347-348	]	
6-4	350-357	Philips	
6-5	358-361	van	
6-6	362-368	Marnix	
6-7	369-372	van	
6-8	373-377	Sint	
6-9	378-387	Aldegonde	
6-10	387-388	,	
6-11	389-392	Het	
6-12	393-398	boeck	
6-13	399-402	der	
6-14	403-410	Psalmen	
6-15	411-412	.	

#Text=Wt de Hebreische sprake in Nederduitschen dichte5
#Text=
#Text=+
7-1	413-415	Wt	
7-2	416-418	de	
7-3	419-429	Hebreische	
7-4	430-436	sprake	
7-5	437-439	in	
7-6	440-454	Nederduitschen	
7-7	455-462	dichte5	
7-8	464-465	+	
