#FORMAT=WebAnno TSV 3.3


#Text=Is geweldig door de hitte geplaagd.
1-1	2-4	Is	
1-2	5-13	geweldig	
1-3	14-18	door	
1-4	19-21	de	
1-5	22-27	hitte	
1-6	28-36	geplaagd	
1-7	36-37	.	

#Text=Deze verbeelding vertoont ons, dat de hitte,
#Text=het bloed verdunnende, het zelve gemakkelyk tot in de
#Text=
#Text=Gérard de Lairesse, Groot schilderboek
#Text=
#Text=
#Text=+
#Text=
#Text=Verbeeldinge van een
#Text=Mensch in den Zomertyd.
#Text=
#Text=
#Text=\f163
#Text=uiterste deelen des ligchaams brengt;
#Text='t geen veroorzaakt, dat zyne beweegingen
#Text=zonder dwang geschieden.
2-1	38-42	Deze	
2-2	43-54	verbeelding	
2-3	55-63	vertoont	
2-4	64-67	ons	
2-5	67-68	,	
2-6	69-72	dat	
2-7	73-75	de	
2-8	76-81	hitte	
2-9	81-82	,	
2-10	83-86	het	
2-11	87-92	bloed	
2-12	93-104	verdunnende	
2-13	104-105	,	
2-14	106-109	het	
2-15	110-115	zelve	
2-16	116-126	gemakkelyk	
2-17	127-130	tot	
2-18	131-133	in	
2-19	134-136	de	
2-20	138-144	Gérard	
2-21	145-147	de	
2-22	148-156	Lairesse	
2-23	156-157	,	
2-24	158-163	Groot	
2-25	164-176	schilderboek	
2-26	179-180	+	
2-27	182-194	Verbeeldinge	
2-28	195-198	van	
2-29	199-202	een	
2-30	203-209	Mensch	
2-31	210-212	in	
2-32	213-216	den	
2-33	217-225	Zomertyd	
2-34	225-226	.	
2-35	230-233	163	
2-36	234-242	uiterste	
2-37	243-249	deelen	
2-38	250-253	des	
2-39	254-263	ligchaams	
2-40	264-270	brengt	
2-41	270-271	;	
2-42	272-273	'	
2-43	273-274	t	
2-44	275-279	geen	
2-45	280-291	veroorzaakt	
2-46	291-292	,	
2-47	293-296	dat	
2-48	297-301	zyne	
2-49	302-313	beweegingen	
2-50	314-320	zonder	
2-51	321-326	dwang	
2-52	327-337	geschieden	
2-53	337-338	.	

#Text=Het hoofd ryst opwaarts, de schouders zakken, de armen
#Text=en beenen verspreiden zich, de handen werden geopend en de vingers van een
#Text=gescheiden;
#Text=zulks dat het schynt, dat ieder deel des ligchaams zich door dit middel
#Text=wil ververssen, geevende overal een vrye doortogt aan de koelte.
3-1	339-342	Het	
3-2	343-348	hoofd	
3-3	349-353	ryst	
3-4	354-362	opwaarts	
3-5	362-363	,	
3-6	364-366	de	
3-7	367-376	schouders	
3-8	377-383	zakken	
3-9	383-384	,	
3-10	385-387	de	
3-11	388-393	armen	
3-12	394-396	en	
3-13	397-403	beenen	
3-14	404-415	verspreiden	
3-15	416-420	zich	
3-16	420-421	,	
3-17	422-424	de	
3-18	425-431	handen	
3-19	432-438	werden	
3-20	439-446	geopend	
3-21	447-449	en	
3-22	450-452	de	
3-23	453-460	vingers	
3-24	461-464	van	
3-25	465-468	een	
3-26	469-479	gescheiden	
3-27	479-480	;	
3-28	481-486	zulks	
3-29	487-490	dat	
3-30	491-494	het	
3-31	495-501	schynt	
3-32	501-502	,	
3-33	503-506	dat	
3-34	507-512	ieder	
3-35	513-517	deel	
3-36	518-521	des	
3-37	522-531	ligchaams	
3-38	532-536	zich	
3-39	537-541	door	
3-40	542-545	dit	
3-41	546-552	middel	
3-42	553-556	wil	
3-43	557-567	ververssen	
3-44	567-568	,	
3-45	569-577	geevende	
3-46	578-584	overal	
3-47	585-588	een	
3-48	589-593	vrye	
3-49	594-602	doortogt	
3-50	603-606	aan	
3-51	607-609	de	
3-52	610-616	koelte	
3-53	616-617	.	

#Text=De mond is
#Text=meesten tyd open;
#Text=de oogleeden schynen ligter te zyn, ter oorzaak dat de warmte
#Text=alle ding vlugger en radder maakt;
#Text=veroorzaakende daar by
#Text=een damp, welke tot de
#Text=herssenen opgetrokken word, en eindelyk weder op de oogen valt.
4-1	618-620	De	
4-2	621-625	mond	
4-3	626-628	is	
4-4	629-636	meesten	
4-5	637-640	tyd	
4-6	641-645	open	
4-7	645-646	;	
4-8	647-649	de	
4-9	650-659	oogleeden	
4-10	660-667	schynen	
4-11	668-674	ligter	
4-12	675-677	te	
4-13	678-681	zyn	
4-14	681-682	,	
4-15	683-686	ter	
4-16	687-694	oorzaak	
4-17	695-698	dat	
4-18	699-701	de	
4-19	702-708	warmte	
4-20	709-713	alle	
4-21	714-718	ding	
4-22	719-726	vlugger	
4-23	727-729	en	
4-24	730-736	radder	
4-25	737-742	maakt	
4-26	742-743	;	
4-27	744-758	veroorzaakende	
4-28	759-763	daar	
4-29	764-766	by	
4-30	767-770	een	
4-31	771-775	damp	
4-32	775-776	,	
4-33	777-782	welke	
4-34	783-786	tot	
4-35	787-789	de	
4-36	790-799	herssenen	
4-37	800-811	opgetrokken	
4-38	812-816	word	
4-39	816-817	,	
4-40	818-820	en	
4-41	821-829	eindelyk	
4-42	830-835	weder	
4-43	836-838	op	
4-44	839-841	de	
4-45	842-847	oogen	
4-46	848-852	valt	
4-47	852-853	.	

#Text=De hairen, agter
#Text=de ooren gestreeken, hangen langs den rug;
#Text=zo dat alles ontdekt schynt te weezen.
5-1	854-856	De	
5-2	857-863	hairen	
5-3	863-864	,	
5-4	865-870	agter	
5-5	871-873	de	
5-6	874-879	ooren	
5-7	880-890	gestreeken	
5-8	890-891	,	
5-9	892-898	hangen	
5-10	899-904	langs	
5-11	905-908	den	
5-12	909-912	rug	
5-13	912-913	;	
5-14	914-916	zo	
5-15	917-920	dat	
5-16	921-926	alles	
5-17	927-934	ontdekt	
5-18	935-941	schynt	
5-19	942-944	te	
5-20	945-951	weezen	
5-21	951-952	.	

#Text=Verbeeldinge van een Mensch in den Wintertyd
6-1	955-967	Verbeeldinge	
6-2	968-971	van	
6-3	972-975	een	
6-4	976-982	Mensch	
6-5	983-985	in	
6-6	986-989	den	
6-7	990-999	Wintertyd	

#Text=.
7-1	999-1000	.	

#Text=+
#Text=
#Text=
#Text=OM dit Beeld wel uit te drukken, is het noodig dat men de koude zelve verklaare
#Text=+
#Text=welke de oorzaak dezer beweegingen is.
8-1	1002-1003	+	
8-2	1006-1008	OM	
8-3	1009-1012	dit	
8-4	1013-1018	Beeld	
8-5	1019-1022	wel	
8-6	1023-1026	uit	
8-7	1027-1029	te	
8-8	1030-1037	drukken	
8-9	1037-1038	,	
8-10	1039-1041	is	
8-11	1042-1045	het	
8-12	1046-1052	noodig	
8-13	1053-1056	dat	
8-14	1057-1060	men	
8-15	1061-1063	de	
8-16	1064-1069	koude	
8-17	1070-1075	zelve	
8-18	1076-1085	verklaare	
8-19	1086-1087	+	
8-20	1088-1093	welke	
8-21	1094-1096	de	
8-22	1097-1104	oorzaak	
8-23	1105-1110	dezer	
8-24	1111-1122	beweegingen	
8-25	1123-1125	is	
8-26	1125-1126	.	

#Text=Eerstelyk word het bloed, daar de
#Text=
#Text=Als mede een Mensch in
#Text=warmte des ligchaams in bestaat, door de koude, die met het zelve strydig is, en den wintertyd.
9-1	1127-1136	Eerstelyk	
9-2	1137-1141	word	
9-3	1142-1145	het	
9-4	1146-1151	bloed	
9-5	1151-1152	,	
9-6	1153-1157	daar	
9-7	1158-1160	de	
9-8	1162-1165	Als	
9-9	1166-1170	mede	
9-10	1171-1174	een	
9-11	1175-1181	Mensch	
9-12	1182-1184	in	
9-13	1185-1191	warmte	
9-14	1192-1195	des	
9-15	1196-1205	ligchaams	
9-16	1206-1208	in	
9-17	1209-1216	bestaat	
9-18	1216-1217	,	
9-19	1218-1222	door	
9-20	1223-1225	de	
9-21	1226-1231	koude	
9-22	1231-1232	,	
9-23	1233-1236	die	
9-24	1237-1240	met	
9-25	1241-1244	het	
9-26	1245-1250	zelve	
9-27	1251-1258	strydig	
9-28	1259-1261	is	
9-29	1261-1262	,	
9-30	1263-1265	en	
9-31	1266-1269	den	
9-32	1270-1279	wintertyd	
9-33	1279-1280	.	

#Text=door de pooren van buiten indringt, binnenwaarts gedrongen;
#Text=zulks dat het
#Text=inzonderheid uit de kleene leeden, als vingeren en toonen, na zyn middelpunt trekt.
10-1	1282-1286	door	
10-2	1287-1289	de	
10-3	1290-1296	pooren	
10-4	1297-1300	van	
10-5	1301-1307	buiten	
10-6	1308-1316	indringt	
10-7	1316-1317	,	
10-8	1318-1330	binnenwaarts	
10-9	1331-1340	gedrongen	
10-10	1340-1341	;	
10-11	1342-1347	zulks	
10-12	1348-1351	dat	
10-13	1352-1355	het	
10-14	1356-1368	inzonderheid	
10-15	1369-1372	uit	
10-16	1373-1375	de	
10-17	1376-1382	kleene	
10-18	1383-1389	leeden	
10-19	1389-1390	,	
10-20	1391-1394	als	
10-21	1395-1403	vingeren	
10-22	1404-1406	en	
10-23	1407-1413	toonen	
10-24	1413-1414	,	
10-25	1415-1417	na	
10-26	1418-1421	zyn	
10-27	1422-1432	middelpunt	
10-28	1433-1438	trekt	
10-29	1438-1439	.	
