#FORMAT=WebAnno TSV 3.3


#Text=Google Book Search helps readers discover the world's books while helping authors and publishers reach new audiences.
1-1	2-8	Google	
1-2	9-13	Book	
1-3	14-20	Search	
1-4	21-26	helps	
1-5	27-34	readers	
1-6	35-43	discover	
1-7	44-47	the	
1-8	48-55	world's	
1-9	56-61	books	
1-10	62-67	while	
1-11	68-75	helping	
1-12	76-83	authors	
1-13	84-87	and	
1-14	88-98	publishers	
1-15	99-104	reach	
1-16	105-108	new	
1-17	109-118	audiences	
1-18	118-119	.	

#Text=PROLOQVIUM.
2-1	120-130	PROLOQVIUM	
2-2	130-131	.	

#Text=E ipsum dissertiunculæ noftræ exordium, Alongis verborum ambagibus, Le&oris ,
#Text=
#Text=moræ ut plurimum impatientis, curiositaYtem obtundat potius, quam excitet , ar
#Text=
#Text=gumentum , de quo paucis agere constituimus, fine multa præfatione aggredimur , quatuor potiffimum in eo consideraturi: Organum nempe odoratui dicatum;.
3-1	132-133	E	
3-2	134-139	ipsum	
3-3	140-154	dissertiunculæ	
3-4	155-161	noftræ	
3-5	162-170	exordium	
3-6	170-171	,	
3-7	172-179	Alongis	
3-8	180-188	verborum	
3-9	189-198	ambagibus	
3-10	198-199	,	
3-11	200-202	Le	
3-12	202-203	&	
3-13	203-207	oris	
3-14	208-209	,	
3-15	211-215	moræ	
3-16	216-218	ut	
3-17	219-227	plurimum	
3-18	228-239	impatientis	
3-19	239-240	,	
3-20	241-254	curiositaYtem	
3-21	255-263	obtundat	
3-22	264-270	potius	
3-23	270-271	,	
3-24	272-276	quam	
3-25	277-284	excitet	
3-26	285-286	,	
3-27	287-289	ar	
3-28	291-299	gumentum	
3-29	300-301	,	
3-30	302-304	de	
3-31	305-308	quo	
3-32	309-315	paucis	
3-33	316-321	agere	
3-34	322-334	constituimus	
3-35	334-335	,	
3-36	336-340	fine	
3-37	341-346	multa	
3-38	347-357	præfatione	
3-39	358-368	aggredimur	
3-40	369-370	,	
3-41	371-378	quatuor	
3-42	379-389	potiffimum	
3-43	390-392	in	
3-44	393-395	eo	
3-45	396-409	consideraturi	
3-46	409-410	:	
3-47	411-418	Organum	
3-48	419-424	nempe	
3-49	425-433	odoratui	
3-50	434-441	dicatum	
3-51	441-442	;	
3-52	442-443	.	

#Text=Subjecta odores pargentia; Mediim odores ad organum transvebens; Modum denique quo odores percipimus.
4-1	444-452	Subjecta	
4-2	453-459	odores	
4-3	460-469	pargentia	
4-4	469-470	;	
4-5	471-477	Mediim	
4-6	478-484	odores	
4-7	485-487	ad	
4-8	488-495	organum	
4-9	496-507	transvebens	
4-10	507-508	;	
4-11	509-514	Modum	
4-12	515-522	denique	
4-13	523-526	quo	
4-14	527-533	odores	
4-15	534-544	percipimus	
4-16	544-545	.	

#Text=Tu interim B.
5-1	546-548	Tu	
5-2	549-556	interim	
5-3	557-558	B	
5-4	558-559	.	

#Text=L. tibi persvadeas velim, non ingenii, utpote tenuis, oftentandi, sęd exercendi gratiâ, exiguas hasce me conscripfiffe paginas, ideoš benigne eas interpreteris etiam ato etiam rogo.
#Text=.
6-1	560-561	L	
6-2	561-562	.	
6-3	563-567	tibi	
6-4	568-578	persvadeas	
6-5	579-584	velim	
6-6	584-585	,	
6-7	586-589	non	
6-8	590-597	ingenii	
6-9	597-598	,	
6-10	599-605	utpote	
6-11	606-612	tenuis	
6-12	612-613	,	
6-13	614-624	oftentandi	
6-14	624-625	,	
6-15	626-629	sęd	
6-16	630-639	exercendi	
6-17	640-646	gratiâ	
6-18	646-647	,	
6-19	648-655	exiguas	
6-20	656-661	hasce	
6-21	662-664	me	
6-22	665-678	conscripfiffe	
6-23	679-686	paginas	
6-24	686-687	,	
6-25	688-693	ideoš	
6-26	694-701	benigne	
6-27	702-705	eas	
6-28	706-719	interpreteris	
6-29	720-725	etiam	
6-30	726-729	ato	
6-31	730-735	etiam	
6-32	736-740	rogo	
6-33	740-741	.	
6-34	742-743	.	

#Text=CAPUT I.
7-1	744-749	CAPUT	
7-2	750-751	I	
7-3	751-752	.	

#Text=De
#Text=
#Text=Organo Odoratus.
8-1	753-755	De	
8-2	757-763	Organo	
8-3	764-772	Odoratus	
8-4	772-773	.	

#Text=B.
9-1	774-775	B	
9-2	775-776	.	

#Text=I.
10-1	777-778	I	
10-2	778-779	.	

#Text=Vamvis rem obiter intuenti videri poffet,
#Text=
#Text=externas Nasi partes parum vel nihil ad odora-
#Text=
#Text=A
#Text=
#Text=
#Text=
#Text=tum
#Text=
#Text=
#Text=
#Text=
#Text=
#Text=tum facere, certum tamen est, eas non folum formæ venuftati, fed respirationi quoque & odoratui servire.
11-1	781-787	Vamvis	
11-2	788-791	rem	
11-3	792-798	obiter	
11-4	799-807	intuenti	
11-5	808-814	videri	
11-6	815-821	poffet	
11-7	821-822	,	
11-8	824-832	externas	
11-9	833-837	Nasi	
11-10	838-844	partes	
11-11	845-850	parum	
11-12	851-854	vel	
11-13	855-860	nihil	
11-14	861-863	ad	
11-15	864-869	odora	
11-16	869-870	-	
11-17	872-873	A	
11-18	877-880	tum	
11-19	886-889	tum	
11-20	890-896	facere	
11-21	896-897	,	
11-22	898-904	certum	
11-23	905-910	tamen	
11-24	911-914	est	
11-25	914-915	,	
11-26	916-919	eas	
11-27	920-923	non	
11-28	924-929	folum	
11-29	930-935	formæ	
11-30	936-945	venuftati	
11-31	945-946	,	
11-32	947-950	fed	
11-33	951-963	respirationi	
11-34	964-970	quoque	
11-35	971-972	&	
11-36	973-981	odoratui	
11-37	982-989	servire	
11-38	989-990	.	

#Text=Eos enim, quibus nasus rescissus est, ut Cel: Bohnii (A) verbis utar, odorabilia minus exacte dijudicare, ipfa testatur experientia.
#Text=§.
#Text=2.
12-1	991-994	Eos	
12-2	995-999	enim	
12-3	999-1000	,	
12-4	1001-1007	quibus	
12-5	1008-1013	nasus	
12-6	1014-1023	rescissus	
12-7	1024-1027	est	
12-8	1027-1028	,	
12-9	1029-1031	ut	
12-10	1032-1035	Cel	
12-11	1035-1036	:	
12-12	1037-1043	Bohnii	
12-13	1044-1045	(	
12-14	1045-1046	A	
12-15	1046-1047	)	
12-16	1048-1054	verbis	
12-17	1055-1059	utar	
12-18	1059-1060	,	
12-19	1061-1071	odorabilia	
12-20	1072-1077	minus	
12-21	1078-1084	exacte	
12-22	1085-1095	dijudicare	
12-23	1095-1096	,	
12-24	1097-1101	ipfa	
12-25	1102-1110	testatur	
12-26	1111-1122	experientia	
12-27	1122-1123	.	
12-28	1124-1125	§	
12-29	1125-1126	.	
12-30	1127-1128	2	
12-31	1128-1129	.	

#Text=Interiorem nasi structuram li examinemus, mox patebit, cum offe quodam immobili, septum medium dicto, tanquam pariete intergerino, in duos dividi meatus, quos nares vocamus; Unde hoc nobis nafcitur commodum, quod, fi forte narium alterutra oppiletur, per alteram tamen aërem inspirando haurire, & exfpirando reddere queamus.
13-1	1130-1140	Interiorem	
13-2	1141-1145	nasi	
13-3	1146-1156	structuram	
13-4	1157-1159	li	
13-5	1160-1170	examinemus	
13-6	1170-1171	,	
13-7	1172-1175	mox	
13-8	1176-1183	patebit	
13-9	1183-1184	,	
13-10	1185-1188	cum	
13-11	1189-1193	offe	
13-12	1194-1200	quodam	
13-13	1201-1209	immobili	
13-14	1209-1210	,	
13-15	1211-1217	septum	
13-16	1218-1224	medium	
13-17	1225-1230	dicto	
13-18	1230-1231	,	
13-19	1232-1239	tanquam	
13-20	1240-1247	pariete	
13-21	1248-1259	intergerino	
13-22	1259-1260	,	
13-23	1261-1263	in	
13-24	1264-1268	duos	
13-25	1269-1275	dividi	
13-26	1276-1282	meatus	
13-27	1282-1283	,	
13-28	1284-1288	quos	
13-29	1289-1294	nares	
13-30	1295-1302	vocamus	
13-31	1302-1303	;	
13-32	1304-1308	Unde	
13-33	1309-1312	hoc	
13-34	1313-1318	nobis	
13-35	1319-1327	nafcitur	
13-36	1328-1336	commodum	
13-37	1336-1337	,	
13-38	1338-1342	quod	
13-39	1342-1343	,	
13-40	1344-1346	fi	
13-41	1347-1352	forte	
13-42	1353-1359	narium	
13-43	1360-1369	alterutra	
13-44	1370-1379	oppiletur	
13-45	1379-1380	,	
13-46	1381-1384	per	
13-47	1385-1392	alteram	
13-48	1393-1398	tamen	
13-49	1399-1404	aërem	
13-50	1405-1415	inspirando	
13-51	1416-1423	haurire	
13-52	1423-1424	,	
13-53	1425-1426	&	
13-54	1427-1437	exfpirando	
13-55	1438-1445	reddere	
13-56	1446-1453	queamus	
13-57	1453-1454	.	

#Text=Septo osseo conjungitur cartilaginofum, quod, quo magis ad nasi apicem vergit, eo fit mollius ac mobilius, tandemg in carnofam & ligamentosam fubftantiam abit, 6).
14-1	1455-1460	Septo	
14-2	1461-1466	osseo	
14-3	1467-1478	conjungitur	
14-4	1479-1493	cartilaginofum	
14-5	1493-1494	,	
14-6	1495-1499	quod	
14-7	1499-1500	,	
14-8	1501-1504	quo	
14-9	1505-1510	magis	
14-10	1511-1513	ad	
14-11	1514-1518	nasi	
14-12	1519-1525	apicem	
14-13	1526-1532	vergit	
14-14	1532-1533	,	
14-15	1534-1536	eo	
14-16	1537-1540	fit	
14-17	1541-1548	mollius	
14-18	1549-1551	ac	
14-19	1552-1560	mobilius	
14-20	1560-1561	,	
14-21	1562-1569	tandemg	
14-22	1570-1572	in	
14-23	1573-1581	carnofam	
14-24	1582-1583	&	
14-25	1584-1596	ligamentosam	
14-26	1597-1608	fubftantiam	
14-27	1609-1613	abit	
14-28	1613-1614	,	
14-29	1615-1616	6	
14-30	1616-1617	)	
14-31	1617-1618	.	

#Text=(c) Porro utralibet'narium, circa nafi medium, (d) in duos alios difpertitur meatus, quorum alter fursum tendit ad os quoddam, in media frontis basi, ad radicem narium fitum, Græcis ethmoides, Latinis spongiosum & cribrosum di&um, quoniam multis circa mediuin foraminulis pertusum, tam cribrum, quam spongiam referre vidctur; alter meatus fupra palatum, ad faucium isthmum, & oris cavum reflexus, liberum aëri ex
#Text=
#Text=terno (a) Cire.
#Text=anatom - physiolog: progymn.
#Text=25.
#Text=(6) v.
15-1	1619-1620	(	
15-2	1620-1621	c	
15-3	1621-1622	)	
15-4	1623-1628	Porro	
15-5	1629-1645	utralibet'narium	
15-6	1645-1646	,	
15-7	1647-1652	circa	
15-8	1653-1657	nafi	
15-9	1658-1664	medium	
15-10	1664-1665	,	
15-11	1666-1667	(	
15-12	1667-1668	d	
15-13	1668-1669	)	
15-14	1670-1672	in	
15-15	1673-1677	duos	
15-16	1678-1683	alios	
15-17	1684-1695	difpertitur	
15-18	1696-1702	meatus	
15-19	1702-1703	,	
15-20	1704-1710	quorum	
15-21	1711-1716	alter	
15-22	1717-1723	fursum	
15-23	1724-1730	tendit	
15-24	1731-1733	ad	
15-25	1734-1736	os	
15-26	1737-1744	quoddam	
15-27	1744-1745	,	
15-28	1746-1748	in	
15-29	1749-1754	media	
15-30	1755-1762	frontis	
15-31	1763-1767	basi	
15-32	1767-1768	,	
15-33	1769-1771	ad	
15-34	1772-1779	radicem	
15-35	1780-1786	narium	
15-36	1787-1792	fitum	
15-37	1792-1793	,	
15-38	1794-1800	Græcis	
15-39	1801-1810	ethmoides	
15-40	1810-1811	,	
15-41	1812-1819	Latinis	
15-42	1820-1830	spongiosum	
15-43	1831-1832	&	
15-44	1833-1842	cribrosum	
15-45	1843-1845	di	
15-46	1845-1846	&	
15-47	1846-1848	um	
15-48	1848-1849	,	
15-49	1850-1857	quoniam	
15-50	1858-1864	multis	
15-51	1865-1870	circa	
15-52	1871-1878	mediuin	
15-53	1879-1890	foraminulis	
15-54	1891-1899	pertusum	
15-55	1899-1900	,	
15-56	1901-1904	tam	
15-57	1905-1912	cribrum	
15-58	1912-1913	,	
15-59	1914-1918	quam	
15-60	1919-1927	spongiam	
15-61	1928-1935	referre	
15-62	1936-1943	vidctur	
15-63	1943-1944	;	
15-64	1945-1950	alter	
15-65	1951-1957	meatus	
15-66	1958-1963	fupra	
15-67	1964-1971	palatum	
15-68	1971-1972	,	
15-69	1973-1975	ad	
15-70	1976-1983	faucium	
15-71	1984-1991	isthmum	
15-72	1991-1992	,	
15-73	1993-1994	&	
15-74	1995-1999	oris	
15-75	2000-2005	cavum	
15-76	2006-2014	reflexus	
15-77	2014-2015	,	
15-78	2016-2023	liberum	
15-79	2024-2028	aëri	
15-80	2029-2031	ex	
15-81	2033-2038	terno	
15-82	2039-2040	(	
15-83	2040-2041	a	
15-84	2041-2042	)	
15-85	2043-2047	Cire	
15-86	2047-2048	.	
15-87	2049-2055	anatom	
15-88	2056-2057	-	
15-89	2058-2067	physiolog	
15-90	2067-2068	:	
15-91	2069-2076	progymn	
15-92	2076-2077	.	
15-93	2078-2080	25	
15-94	2080-2081	.	
15-95	2082-2083	(	
15-96	2083-2084	6	
15-97	2084-2085	)	
15-98	2086-2087	v	
15-99	2087-2088	.	

#Text=Chris
#Text=
#Text=frian.
16-1	2089-2094	Chris	
16-2	2096-2101	frian	
16-3	2101-2102	.	
