#FORMAT=WebAnno TSV 3.3
#T_SP=custom.Span|label
#T_RL=custom.Relation|label|BT_custom.Span


#Text=want den geheelen nacht duurde het krakeelen om de schoone dames - die uit al te 
#Text=groote teederheid een iegelijk wilden toebehooren en wier taal niemand verstond - 
#Text=het klagen en jammeren der beschonkenen en het vloeken dergenen, die uit 
#Text=ongewoonte met hun hoofd in eene onzachte aanraking kwamen met de klabaaijen, 
#Text=en tot overmaat van droefheid werden wij gekweld door tallooze zwermen van 
#Text=moskieten, die het vooral op hen, die pas aangekomen zijn, verzien hebben, en wier 
#Text=gegons evenzeer lastig is als hun steken.
1-1	3-7	want	_	_	_	
1-2	8-11	den	_	_	_	
1-3	12-20	geheelen	_	_	_	
1-4	21-26	nacht	_	_	_	
1-5	27-33	duurde	_	_	_	
1-6	34-37	het	_	_	_	
1-7	38-47	krakeelen	_	_	_	
1-8	48-50	om	_	_	_	
1-9	51-53	de	_	_	_	
1-10	54-61	schoone	_	_	_	
1-11	62-67	dames	_	_	_	
1-12	68-69	-	_	_	_	
1-13	70-73	die	_	_	_	
1-14	74-77	uit	_	_	_	
1-15	78-80	al	_	_	_	
1-16	81-83	te	_	_	_	
1-17	85-91	groote	_	_	_	
1-18	92-102	teederheid	_	_	_	
1-19	103-106	een	_	_	_	
1-20	107-115	iegelijk	_	_	_	
1-21	116-122	wilden	_	_	_	
1-22	123-134	toebehooren	_	_	_	
1-23	135-137	en	_	_	_	
1-24	138-142	wier	_	_	_	
1-25	143-147	taal	_	_	_	
1-26	148-155	niemand	_	_	_	
1-27	156-164	verstond	_	_	_	
1-28	165-166	-	_	_	_	
1-29	168-171	het	_	_	_	
1-30	172-178	klagen	_	_	_	
1-31	179-181	en	_	_	_	
1-32	182-190	jammeren	_	_	_	
1-33	191-194	der	_	_	_	
1-34	195-207	beschonkenen	_	_	_	
1-35	208-210	en	_	_	_	
1-36	211-214	het	_	_	_	
1-37	215-222	vloeken	_	_	_	
1-38	223-231	dergenen	_	_	_	
1-39	231-232	,	_	_	_	
1-40	233-236	die	_	_	_	
1-41	237-240	uit	_	_	_	
1-42	242-252	ongewoonte	_	_	_	
1-43	253-256	met	_	_	_	
1-44	257-260	hun	_	_	_	
1-45	261-266	hoofd	_	_	_	
1-46	267-269	in	_	_	_	
1-47	270-274	eene	_	_	_	
1-48	275-283	onzachte	_	_	_	
1-49	284-293	aanraking	_	_	_	
1-50	294-300	kwamen	_	_	_	
1-51	301-304	met	_	_	_	
1-52	305-307	de	_	_	_	
1-53	308-318	klabaaijen	_	_	_	
1-54	318-319	,	_	_	_	
1-55	321-323	en	_	_	_	
1-56	324-327	tot	_	_	_	
1-57	328-336	overmaat	_	_	_	
1-58	337-340	van	_	_	_	
1-59	341-350	droefheid	_	_	_	
1-60	351-357	werden	_	_	_	
1-61	358-361	wij	_	_	_	
1-62	362-369	gekweld	_	_	_	
1-63	370-374	door	_	_	_	
1-64	375-383	tallooze	_	_	_	
1-65	384-391	zwermen	_	_	_	
1-66	392-395	van	_	_	_	
1-67	397-406	moskieten	_	_	_	
1-68	406-407	,	_	_	_	
1-69	408-411	die	_	_	_	
1-70	412-415	het	_	_	_	
1-71	416-422	vooral	_	_	_	
1-72	423-425	op	_	_	_	
1-73	426-429	hen	_	_	_	
1-74	429-430	,	_	_	_	
1-75	431-434	die	_	_	_	
1-76	435-438	pas	_	_	_	
1-77	439-449	aangekomen	_	_	_	
1-78	450-454	zijn	_	_	_	
1-79	454-455	,	_	_	_	
1-80	456-463	verzien	_	_	_	
1-81	464-470	hebben	_	_	_	
1-82	470-471	,	_	_	_	
1-83	472-474	en	_	_	_	
1-84	475-479	wier	_	_	_	
1-85	481-487	gegons	_	_	_	
1-86	488-496	evenzeer	_	_	_	
1-87	497-503	lastig	_	_	_	
1-88	504-506	is	_	_	_	
1-89	507-510	als	_	_	_	
1-90	511-514	hun	_	_	_	
1-91	515-521	steken	_	_	_	
1-92	521-522	.	_	_	_	

#Text=Ik zat den halven nacht voor de kazerne en bewonderde de duizenden van 
#Text=lichtvliegen, die een veel helderder licht van zich geven dan de europesche en door 
#Text=het vochtige gras zwierven.
2-1	527-529	Ik	_	_	_	
2-2	530-533	zat	_	_	_	
2-3	534-537	den	_	_	_	
2-4	538-544	halven	_	_	_	
2-5	545-550	nacht	_	_	_	
2-6	551-555	voor	_	_	_	
2-7	556-558	de	_	_	_	
2-8	559-566	kazerne	_	_	_	
2-9	567-569	en	_	_	_	
2-10	570-580	bewonderde	_	_	_	
2-11	581-583	de	_	_	_	
2-12	584-593	duizenden	_	_	_	
2-13	594-597	van	_	_	_	
2-14	599-611	lichtvliegen	_	_	_	
2-15	611-612	,	_	_	_	
2-16	613-616	die	_	_	_	
2-17	617-620	een	_	_	_	
2-18	621-625	veel	_	_	_	
2-19	626-635	helderder	_	_	_	
2-20	636-641	licht	_	_	_	
2-21	642-645	van	_	_	_	
2-22	646-650	zich	_	_	_	
2-23	651-656	geven	_	_	_	
2-24	657-660	dan	_	_	_	
2-25	661-663	de	_	_	_	
2-26	664-674	europesche	_	_	_	
2-27	675-677	en	_	_	_	
2-28	678-682	door	_	_	_	
2-29	684-687	het	_	_	_	
2-30	688-696	vochtige	_	_	_	
2-31	697-701	gras	_	_	_	
2-32	702-710	zwierven	_	_	_	
2-33	710-711	.	_	_	_	

#Text=Zelfs al hadden de moskieten ons niet belet te slapen, 
#Text=zouden evenwel de tooneelen van den vorigen dag mij den slaap uit de oogen 
#Text=gehouden hebben, en naauwelijks begon het te schemeren, of ik begaf mij weder 
#Text=naar buiten, waar alles nieuw voor mij was.
3-1	712-717	Zelfs	_	_	_	
3-2	718-720	al	_	_	_	
3-3	721-727	hadden	_	_	_	
3-4	728-730	de	_	_	_	
3-5	731-740	moskieten	_	_	_	
3-6	741-744	ons	_	_	_	
3-7	745-749	niet	_	_	_	
3-8	750-755	belet	_	_	_	
3-9	756-758	te	_	_	_	
3-10	759-765	slapen	_	_	_	
3-11	765-766	,	_	_	_	
3-12	768-774	zouden	_	_	_	
3-13	775-782	evenwel	_	_	_	
3-14	783-785	de	_	_	_	
3-15	786-795	tooneelen	_	_	_	
3-16	796-799	van	_	_	_	
3-17	800-803	den	_	_	_	
3-18	804-811	vorigen	_	_	_	
3-19	812-815	dag	_	_	_	
3-20	816-819	mij	_	_	_	
3-21	820-823	den	_	_	_	
3-22	824-829	slaap	_	_	_	
3-23	830-833	uit	_	_	_	
3-24	834-836	de	_	_	_	
3-25	837-842	oogen	_	_	_	
3-26	844-852	gehouden	_	_	_	
3-27	853-859	hebben	_	_	_	
3-28	859-860	,	_	_	_	
3-29	861-863	en	_	_	_	
3-30	864-875	naauwelijks	_	_	_	
3-31	876-881	begon	_	_	_	
3-32	882-885	het	_	_	_	
3-33	886-888	te	_	_	_	
3-34	889-898	schemeren	_	_	_	
3-35	898-899	,	_	_	_	
3-36	900-902	of	_	_	_	
3-37	903-905	ik	_	_	_	
3-38	906-911	begaf	_	_	_	
3-39	912-915	mij	_	_	_	
3-40	916-921	weder	_	_	_	
3-41	923-927	naar	_	_	_	
3-42	928-934	buiten	_	_	_	
3-43	934-935	,	_	_	_	
3-44	936-940	waar	_	_	_	
3-45	941-946	alles	_	_	_	
3-46	947-952	nieuw	_	_	_	
3-47	953-957	voor	_	_	_	
3-48	958-961	mij	_	_	_	
3-49	962-965	was	_	_	_	
3-50	965-966	.	_	_	_	

#Text=De middelweg van het fort bestond uit eene heerlijke laan van koninklijke palmen, 
#Text=doorgaans koolboom genoemd, (Areca oleracea, Linn.);
#Text=hunne toppen, waarvan de 
#Text=bladeren in de gedaante van eene pluim groeijen, raakten elkander bijna aan, en 
#Text=vormden een prachtig gewelf.
4-1	971-973	De	_	_	_	
4-2	974-983	middelweg	_	_	_	
4-3	984-987	van	_	_	_	
4-4	988-991	het	_	_	_	
4-5	992-996	fort	_	_	_	
4-6	997-1004	bestond	_	_	_	
4-7	1005-1008	uit	_	_	_	
4-8	1009-1013	eene	_	_	_	
4-9	1014-1023	heerlijke	_	_	_	
4-10	1024-1028	laan	_	_	_	
4-11	1029-1032	van	_	_	_	
4-12	1033-1044	koninklijke	_	_	_	
4-13	1045-1051	palmen	_	_	_	
4-14	1051-1052	,	_	_	_	
4-15	1054-1063	doorgaans	_	_	_	
4-16	1064-1072	koolboom	_	_	_	
4-17	1073-1080	genoemd	_	_	_	
4-18	1080-1081	,	_	_	_	
4-19	1082-1083	(	_	_	_	
4-20	1083-1088	Areca	_	_	_	
4-21	1089-1097	oleracea	_	_	_	
4-22	1097-1098	,	_	_	_	
4-23	1099-1103	Linn	_	_	_	
4-24	1103-1104	.	_	_	_	
4-25	1104-1105	)	_	_	_	
4-26	1105-1106	;	_	_	_	
4-27	1107-1112	hunne	_	_	_	
4-28	1113-1119	toppen	_	_	_	
4-29	1119-1120	,	_	_	_	
4-30	1121-1128	waarvan	_	_	_	
4-31	1129-1131	de	_	_	_	
4-32	1133-1141	bladeren	_	_	_	
4-33	1142-1144	in	_	_	_	
4-34	1145-1147	de	_	_	_	
4-35	1148-1156	gedaante	_	_	_	
4-36	1157-1160	van	_	_	_	
4-37	1161-1165	eene	_	_	_	
4-38	1166-1171	pluim	_	_	_	
4-39	1172-1180	groeijen	_	_	_	
4-40	1180-1181	,	_	_	_	
4-41	1182-1189	raakten	_	_	_	
4-42	1190-1198	elkander	_	_	_	
4-43	1199-1204	bijna	_	_	_	
4-44	1205-1208	aan	_	_	_	
4-45	1208-1209	,	_	_	_	
4-46	1210-1212	en	_	_	_	
4-47	1214-1221	vormden	_	_	_	
4-48	1222-1225	een	_	_	_	
4-49	1226-1234	prachtig	_	_	_	
4-50	1235-1241	gewelf	_	_	_	
4-51	1241-1242	.	_	_	_	

#Text=De digt bebladerde boomen eener andere laan droegen 
#Text=groote, eivormige vruchten van eenen tot genot uitlokkenden geur.
5-1	1243-1245	De	_	_	_	
5-2	1246-1250	digt	_	_	_	
5-3	1251-1261	bebladerde	_	_	_	
5-4	1262-1268	boomen	_	_	_	
5-5	1269-1274	eener	_	_	_	
5-6	1275-1281	andere	_	_	_	
5-7	1282-1286	laan	_	_	_	
5-8	1287-1294	droegen	_	_	_	
5-9	1296-1302	groote	Smell\_Source[1]	_	_	
5-10	1302-1303	,	Smell\_Source[1]	_	_	
5-11	1304-1313	eivormige	Smell\_Source[1]	_	_	
5-12	1314-1322	vruchten	Smell\_Source[1]	_	_	
5-13	1323-1326	van	_	_	_	
5-14	1327-1332	eenen	_	_	_	
5-15	1333-1336	tot	Effect[2]	_	_	
5-16	1337-1342	genot	Effect[2]	_	_	
5-17	1343-1355	uitlokkenden	Effect[2]	_	_	
5-18	1356-1360	geur	Smell\_Word	*|*	5-9[1_0]|5-15[2_0]	
5-19	1360-1361	.	_	_	_	

#Text=Ofschoon ik ze 
#Text=niet kende, at ik er eenige van en vond ze voortreffelijk.
6-1	1362-1370	Ofschoon	_	_	_	
6-2	1371-1373	ik	_	_	_	
6-3	1374-1376	ze	_	_	_	
6-4	1378-1382	niet	_	_	_	
6-5	1383-1388	kende	_	_	_	
6-6	1388-1389	,	_	_	_	
6-7	1390-1392	at	_	_	_	
6-8	1393-1395	ik	_	_	_	
6-9	1396-1398	er	_	_	_	
6-10	1399-1405	eenige	_	_	_	
6-11	1406-1409	van	_	_	_	
6-12	1410-1412	en	_	_	_	
6-13	1413-1417	vond	_	_	_	
6-14	1418-1420	ze	_	_	_	
6-15	1421-1435	voortreffelijk	_	_	_	
6-16	1435-1436	.	_	_	_	

#Text=Het waren mango's
#Text=(Mangifera
#Text=
#Text=
#Text=
#Text=
#Text=indica), die op dezen tijd rijp zijn en somtijds twee oogsten 's jaars opleveren.
7-1	1437-1440	Het	_	_	_	
7-2	1441-1446	waren	_	_	_	
7-3	1447-1454	mango's	_	_	_	
7-4	1455-1456	(	_	_	_	
7-5	1456-1465	Mangifera	_	_	_	
7-6	1470-1476	indica	_	_	_	
7-7	1476-1477	)	_	_	_	
7-8	1477-1478	,	_	_	_	
7-9	1479-1482	die	_	_	_	
7-10	1483-1485	op	_	_	_	
7-11	1486-1491	dezen	_	_	_	
7-12	1492-1496	tijd	_	_	_	
7-13	1497-1501	rijp	_	_	_	
7-14	1502-1506	zijn	_	_	_	
7-15	1507-1509	en	_	_	_	
7-16	1510-1518	somtijds	_	_	_	
7-17	1519-1523	twee	_	_	_	
7-18	1524-1531	oogsten	_	_	_	
7-19	1532-1533	'	_	_	_	
7-20	1533-1534	s	_	_	_	
7-21	1535-1540	jaars	_	_	_	
7-22	1541-1550	opleveren	_	_	_	
7-23	1550-1551	.	_	_	_	

#Text=Deze 
#Text=vruchten hebben de grootte van een ganzenei, zijn gewoonlijk aan den eenen kant 
#Text=een weinig ingedrukt, rijp zijnde geel van kleur, en even als de bladen des booms 
#Text=van eenen terpentijnachtigen reuk.
8-1	1552-1556	Deze	Smell\_Source[3]	_	_	
8-2	1558-1566	vruchten	Smell\_Source[3]	_	_	
8-3	1567-1573	hebben	_	_	_	
8-4	1574-1576	de	_	_	_	
8-5	1577-1584	grootte	_	_	_	
8-6	1585-1588	van	_	_	_	
8-7	1589-1592	een	_	_	_	
8-8	1593-1601	ganzenei	_	_	_	
8-9	1601-1602	,	_	_	_	
8-10	1603-1607	zijn	_	_	_	
8-11	1608-1618	gewoonlijk	_	_	_	
8-12	1619-1622	aan	_	_	_	
8-13	1623-1626	den	_	_	_	
8-14	1627-1632	eenen	_	_	_	
8-15	1633-1637	kant	_	_	_	
8-16	1639-1642	een	_	_	_	
8-17	1643-1649	weinig	_	_	_	
8-18	1650-1659	ingedrukt	_	_	_	
8-19	1659-1660	,	_	_	_	
8-20	1661-1665	rijp	_	_	_	
8-21	1666-1672	zijnde	_	_	_	
8-22	1673-1677	geel	_	_	_	
8-23	1678-1681	van	_	_	_	
8-24	1682-1687	kleur	_	_	_	
8-25	1687-1688	,	_	_	_	
8-26	1689-1691	en	_	_	_	
8-27	1692-1696	even	_	_	_	
8-28	1697-1700	als	_	_	_	
8-29	1701-1703	de	Smell\_Source[4]	_	_	
8-30	1704-1710	bladen	Smell\_Source[4]	_	_	
8-31	1711-1714	des	Smell\_Source[4]	_	_	
8-32	1715-1720	booms	Smell\_Source[4]	_	_	
8-33	1722-1725	van	_	_	_	
8-34	1726-1731	eenen	_	_	_	
8-35	1732-1750	terpentijnachtigen	Evoked\_Odorant	_	_	
8-36	1751-1755	reuk	Smell\_Word	*|*|*	8-1[3_0]|8-29[4_0]|8-35	
8-37	1755-1756	.	_	_	_	

#Text=De schil wordt er afgetrokken en men zuigt het 
#Text=gele, vezelige vleesch van den steen, die eenigzins plat, doch bijna even lang is als 
#Text=de vrucht.
9-1	1757-1759	De	_	_	_	
9-2	1760-1765	schil	_	_	_	
9-3	1766-1771	wordt	_	_	_	
9-4	1772-1774	er	_	_	_	
9-5	1775-1786	afgetrokken	_	_	_	
9-6	1787-1789	en	_	_	_	
9-7	1790-1793	men	_	_	_	
9-8	1794-1799	zuigt	_	_	_	
9-9	1800-1803	het	_	_	_	
9-10	1805-1809	gele	_	_	_	
9-11	1809-1810	,	_	_	_	
9-12	1811-1819	vezelige	_	_	_	
9-13	1820-1827	vleesch	_	_	_	
9-14	1828-1831	van	_	_	_	
9-15	1832-1835	den	_	_	_	
9-16	1836-1841	steen	_	_	_	
9-17	1841-1842	,	_	_	_	
9-18	1843-1846	die	_	_	_	
9-19	1847-1856	eenigzins	_	_	_	
9-20	1857-1861	plat	_	_	_	
9-21	1861-1862	,	_	_	_	
9-22	1863-1867	doch	_	_	_	
9-23	1868-1873	bijna	_	_	_	
9-24	1874-1878	even	_	_	_	
9-25	1879-1883	lang	_	_	_	
9-26	1884-1886	is	_	_	_	
9-27	1887-1890	als	_	_	_	
9-28	1892-1894	de	_	_	_	
9-29	1895-1901	vrucht	_	_	_	
9-30	1901-1902	.	_	_	_	

#Text=De smaak er van is zeer zoet en aangenaam, en laat zich niet met dien van 
#Text=eene enkele europesche vrucht vergelijken;
#Text=de vezels van het vleesch blijven ligtelijk 
#Text=tusschen de tanden zitten.
10-1	1903-1905	De	_	_	_	
10-2	1906-1911	smaak	_	_	_	
10-3	1912-1914	er	_	_	_	
10-4	1915-1918	van	_	_	_	
10-5	1919-1921	is	_	_	_	
10-6	1922-1926	zeer	_	_	_	
10-7	1927-1931	zoet	_	_	_	
10-8	1932-1934	en	_	_	_	
10-9	1935-1944	aangenaam	_	_	_	
10-10	1944-1945	,	_	_	_	
10-11	1946-1948	en	_	_	_	
10-12	1949-1953	laat	_	_	_	
10-13	1954-1958	zich	_	_	_	
10-14	1959-1963	niet	_	_	_	
10-15	1964-1967	met	_	_	_	
10-16	1968-1972	dien	_	_	_	
10-17	1973-1976	van	_	_	_	
10-18	1978-1982	eene	_	_	_	
10-19	1983-1989	enkele	_	_	_	
10-20	1990-2000	europesche	_	_	_	
10-21	2001-2007	vrucht	_	_	_	
10-22	2008-2019	vergelijken	_	_	_	
10-23	2019-2020	;	_	_	_	
10-24	2021-2023	de	_	_	_	
10-25	2024-2030	vezels	_	_	_	
10-26	2031-2034	van	_	_	_	
10-27	2035-2038	het	_	_	_	
10-28	2039-2046	vleesch	_	_	_	
10-29	2047-2054	blijven	_	_	_	
10-30	2055-2064	ligtelijk	_	_	_	
10-31	2066-2074	tusschen	_	_	_	
10-32	2075-2077	de	_	_	_	
10-33	2078-2084	tanden	_	_	_	
10-34	2085-2091	zitten	_	_	_	
10-35	2091-2092	.	_	_	_	

#Text=De mangoboom wordt grooter dan de grootste appel- of 
#Text=perenboom, en draagt van zijn vierde jaar af vrucht, bij een gunstig jaargetijde in 
#Text=ongeloofelijke hoeveelheid.
11-1	2093-2095	De	_	_	_	
11-2	2096-2105	mangoboom	_	_	_	
11-3	2106-2111	wordt	_	_	_	
11-4	2112-2119	grooter	_	_	_	
11-5	2120-2123	dan	_	_	_	
11-6	2124-2126	de	_	_	_	
11-7	2127-2135	grootste	_	_	_	
11-8	2136-2141	appel	_	_	_	
11-9	2141-2142	-	_	_	_	
11-10	2143-2145	of	_	_	_	
11-11	2147-2156	perenboom	_	_	_	
11-12	2156-2157	,	_	_	_	
11-13	2158-2160	en	_	_	_	
11-14	2161-2167	draagt	_	_	_	
11-15	2168-2171	van	_	_	_	
11-16	2172-2176	zijn	_	_	_	
11-17	2177-2183	vierde	_	_	_	
11-18	2184-2188	jaar	_	_	_	
11-19	2189-2191	af	_	_	_	
11-20	2192-2198	vrucht	_	_	_	
11-21	2198-2199	,	_	_	_	
11-22	2200-2203	bij	_	_	_	
11-23	2204-2207	een	_	_	_	
11-24	2208-2215	gunstig	_	_	_	
11-25	2216-2227	jaargetijde	_	_	_	
11-26	2228-2230	in	_	_	_	
11-27	2232-2246	ongeloofelijke	_	_	_	
11-28	2247-2258	hoeveelheid	_	_	_	
11-29	2258-2259	.	_	_	_	

#Text=Op de plantagin, waar er dikwijls geheele lanen van 
#Text=gevonden worden, mest men de varkens met de vruchten.
12-1	2260-2262	Op	_	_	_	
12-2	2263-2265	de	_	_	_	
12-3	2266-2275	plantagin	_	_	_	
12-4	2275-2276	,	_	_	_	
12-5	2277-2281	waar	_	_	_	
12-6	2282-2284	er	_	_	_	
12-7	2285-2293	dikwijls	_	_	_	
12-8	2294-2301	geheele	_	_	_	
12-9	2302-2307	lanen	_	_	_	
12-10	2308-2311	van	_	_	_	
12-11	2313-2321	gevonden	_	_	_	
12-12	2322-2328	worden	_	_	_	
12-13	2328-2329	,	_	_	_	
12-14	2330-2334	mest	_	_	_	
12-15	2335-2338	men	_	_	_	
12-16	2339-2341	de	_	_	_	
12-17	2342-2349	varkens	_	_	_	
12-18	2350-2353	met	_	_	_	
12-19	2354-2356	de	_	_	_	
12-20	2357-2365	vruchten	_	_	_	
12-21	2365-2366	.	_	_	_	

#Text=Ook wordt er een fijne 
#Text=brandewijn uit gestookt.
13-1	2367-2370	Ook	_	_	_	
13-2	2371-2376	wordt	_	_	_	
13-3	2377-2379	er	_	_	_	
13-4	2380-2383	een	_	_	_	
13-5	2384-2389	fijne	_	_	_	
13-6	2391-2401	brandewijn	_	_	_	
13-7	2402-2405	uit	_	_	_	
13-8	2406-2414	gestookt	_	_	_	
13-9	2414-2415	.	_	_	_	

#Text=Langzamerhand werd het levendig in 't fort.
14-1	2419-2432	Langzamerhand	_	_	_	
14-2	2433-2437	werd	_	_	_	
14-3	2438-2441	het	_	_	_	
14-4	2442-2450	levendig	_	_	_	
14-5	2451-2453	in	_	_	_	
14-6	2454-2455	'	_	_	_	
14-7	2455-2456	t	_	_	_	
14-8	2457-2461	fort	_	_	_	
14-9	2461-2462	.	_	_	_	

#Text=De negers, allen geboeide slaven, die 
#Text=van de plantagin weggeloopen en weder opgevangen waren, gingen naar hun werk.
15-1	2463-2465	De	_	_	_	
15-2	2466-2472	negers	_	_	_	
15-3	2472-2473	,	_	_	_	
15-4	2474-2479	allen	_	_	_	
15-5	2480-2488	geboeide	_	_	_	
15-6	2489-2495	slaven	_	_	_	
15-7	2495-2496	,	_	_	_	
15-8	2497-2500	die	_	_	_	
15-9	2502-2505	van	_	_	_	
15-10	2506-2508	de	_	_	_	
15-11	2509-2518	plantagin	_	_	_	
15-12	2519-2530	weggeloopen	_	_	_	
15-13	2531-2533	en	_	_	_	
15-14	2534-2539	weder	_	_	_	
15-15	2540-2550	opgevangen	_	_	_	
15-16	2551-2556	waren	_	_	_	
15-17	2556-2557	,	_	_	_	
15-18	2558-2564	gingen	_	_	_	
15-19	2565-2569	naar	_	_	_	
15-20	2570-2573	hun	_	_	_	
15-21	2574-2578	werk	_	_	_	
15-22	2578-2579	.	_	_	_	

#Text=Zij moeten hier een bepaald aantal jaren aan de vestingwerken arbeiden en worden 
#Text=later, wanneer hun straftijd om is, naar hunne plantagin teruggezonden.
16-1	2581-2584	Zij	_	_	_	
16-2	2585-2591	moeten	_	_	_	
16-3	2592-2596	hier	_	_	_	
16-4	2597-2600	een	_	_	_	
16-5	2601-2608	bepaald	_	_	_	
16-6	2609-2615	aantal	_	_	_	
16-7	2616-2621	jaren	_	_	_	
16-8	2622-2625	aan	_	_	_	
16-9	2626-2628	de	_	_	_	
16-10	2629-2642	vestingwerken	_	_	_	
16-11	2643-2651	arbeiden	_	_	_	
16-12	2652-2654	en	_	_	_	
16-13	2655-2661	worden	_	_	_	
16-14	2663-2668	later	_	_	_	
16-15	2668-2669	,	_	_	_	
16-16	2670-2677	wanneer	_	_	_	
16-17	2678-2681	hun	_	_	_	
16-18	2682-2691	straftijd	_	_	_	
16-19	2692-2694	om	_	_	_	
16-20	2695-2697	is	_	_	_	
16-21	2697-2698	,	_	_	_	
16-22	2699-2703	naar	_	_	_	
16-23	2704-2709	hunne	_	_	_	
16-24	2710-2719	plantagin	_	_	_	
16-25	2720-2733	teruggezonden	_	_	_	
16-26	2733-2734	.	_	_	_	
