#FORMAT=WebAnno TSV 3.3
#T_SP=custom.Span|label
#T_RL=custom.Relation|label|BT_custom.Span


#Text=Bernſteinſäure + .
#Text=. . .
#Text=.
1-1	2-16	Bernſteinſäure	_	_	_	
1-2	17-18	+	_	_	_	
1-3	19-20	.	_	_	_	
1-4	21-22	.	_	_	_	
1-5	23-24	.	_	_	_	
1-6	25-26	.	_	_	_	
1-7	27-28	.	_	_	_	

#Text=Anorganiſche Salze .
#Text=. . .
#Text=
#Text=30 bis 20 Teile
#Text=
#Text=
#Text=Diejenigen der vorſtehend genannten Stoffe, welche mit + bezeichnet
#Text=ſind, haben ſich erſt während der Gährung gebildet.
2-1	32-44	Anorganiſche	_	_	_	
2-2	45-50	Salze	_	_	_	
2-3	51-52	.	_	_	_	
2-4	53-54	.	_	_	_	
2-5	55-56	.	_	_	_	
2-6	57-58	.	_	_	_	
2-7	60-62	30	_	_	_	
2-8	63-66	bis	_	_	_	
2-9	67-69	20	_	_	_	
2-10	70-75	Teile	_	_	_	
2-11	78-88	Diejenigen	_	_	_	
2-12	89-92	der	_	_	_	
2-13	93-103	vorſtehend	_	_	_	
2-14	104-113	genannten	_	_	_	
2-15	114-120	Stoffe	_	_	_	
2-16	120-121	,	_	_	_	
2-17	122-128	welche	_	_	_	
2-18	129-132	mit	_	_	_	
2-19	133-134	+	_	_	_	
2-20	135-145	bezeichnet	_	_	_	
2-21	146-150	ſind	_	_	_	
2-22	150-151	,	_	_	_	
2-23	152-157	haben	_	_	_	
2-24	158-162	ſich	_	_	_	
2-25	163-167	erſt	_	_	_	
2-26	168-175	während	_	_	_	
2-27	176-179	der	_	_	_	
2-28	180-187	Gährung	_	_	_	
2-29	188-196	gebildet	_	_	_	
2-30	196-197	.	_	_	_	

#Text=Fehler in der Behandlung und Aufbewahrung des Weines können
#Text=in demſelben Krankheiten erzeugen, welche, wie z.
3-1	201-207	Fehler	_	_	_	
3-2	208-210	in	_	_	_	
3-3	211-214	der	_	_	_	
3-4	215-225	Behandlung	_	_	_	
3-5	226-229	und	_	_	_	
3-6	230-242	Aufbewahrung	_	_	_	
3-7	243-246	des	_	_	_	
3-8	247-253	Weines	_	_	_	
3-9	254-260	können	_	_	_	
3-10	261-263	in	_	_	_	
3-11	264-273	demſelben	_	_	_	
3-12	274-285	Krankheiten	_	_	_	
3-13	286-294	erzeugen	_	_	_	
3-14	294-295	,	_	_	_	
3-15	296-302	welche	_	_	_	
3-16	302-303	,	_	_	_	
3-17	304-307	wie	_	_	_	
3-18	308-309	z	_	_	_	
3-19	309-310	.	_	_	_	

#Text=B. das Zähe- oder
#Text=Langwerden des Weines und auch das Bitterwerden, auf Mikro-
#Text=organismen zurückzuführen ſind, die bei der fehlerhaften Behandlung
#Text=des Weines günſtige Umſtände für ihre Entwickelung fanden.
4-1	311-312	B	_	_	_	
4-2	312-313	.	_	_	_	
4-3	314-317	das	_	_	_	
4-4	318-322	Zähe	_	_	_	
4-5	322-323	-	_	_	_	
4-6	324-328	oder	_	_	_	
4-7	329-339	Langwerden	_	_	_	
4-8	340-343	des	_	_	_	
4-9	344-350	Weines	_	_	_	
4-10	351-354	und	_	_	_	
4-11	355-359	auch	_	_	_	
4-12	360-363	das	_	_	_	
4-13	364-376	Bitterwerden	_	_	_	
4-14	376-377	,	_	_	_	
4-15	378-381	auf	_	_	_	
4-16	382-387	Mikro	_	_	_	
4-17	387-388	-	_	_	_	
4-18	389-399	organismen	_	_	_	
4-19	400-414	zurückzuführen	_	_	_	
4-20	415-419	ſind	_	_	_	
4-21	419-420	,	_	_	_	
4-22	421-424	die	_	_	_	
4-23	425-428	bei	_	_	_	
4-24	429-432	der	_	_	_	
4-25	433-445	fehlerhaften	_	_	_	
4-26	446-456	Behandlung	_	_	_	
4-27	457-460	des	_	_	_	
4-28	461-467	Weines	_	_	_	
4-29	468-476	günſtige	_	_	_	
4-30	477-485	Umſtände	_	_	_	
4-31	486-489	für	_	_	_	
4-32	490-494	ihre	_	_	_	
4-33	495-507	Entwickelung	_	_	_	
4-34	508-514	fanden	_	_	_	
4-35	514-515	.	_	_	_	

#Text=Aber
#Text=auch das Material der Lagerfäſſer ſelbſt kann ſchädlich auf den Wein
#Text=wirken, denn der Faßgeſchmack, wie Faß- und Schimmelgeruch werden
#Text=durch alte, anrüchige Dauben der Lagerfäſſer, oder auch durch das
#Text=Schimmligwerden derſelben in dumpfigen Kellern erzeugt.
5-1	516-520	Aber	_	_	_	
5-2	521-525	auch	_	_	_	
5-3	526-529	das	_	_	_	
5-4	530-538	Material	_	_	_	
5-5	539-542	der	_	_	_	
5-6	543-554	Lagerfäſſer	_	_	_	
5-7	555-561	ſelbſt	_	_	_	
5-8	562-566	kann	_	_	_	
5-9	567-576	ſchädlich	_	_	_	
5-10	577-580	auf	_	_	_	
5-11	581-584	den	_	_	_	
5-12	585-589	Wein	Odour\_Carrier	_	_	
5-13	590-596	wirken	_	_	_	
5-14	596-597	,	_	_	_	
5-15	598-602	denn	_	_	_	
5-16	603-606	der	_	_	_	
5-17	607-619	Faßgeſchmack	_	_	_	
5-18	619-620	,	_	_	_	
5-19	621-624	wie	_	_	_	
5-20	625-628	Faß	Smell\_Source[1]	_	_	
5-21	628-629	-	Smell\_Source[1]	_	_	
5-22	630-633	und	Smell\_Source[1]	_	_	
5-23	634-648	Schimmelgeruch	Smell\_Source[1]|Smell\_Word[2]	*|*|*	5-20[1_2]|5-12[0_2]|5-26[3_2]	
5-24	649-655	werden	_	_	_	
5-25	656-661	durch	_	_	_	
5-26	662-666	alte	Circumstances[3]	_	_	
5-27	666-667	,	Circumstances[3]	_	_	
5-28	668-677	anrüchige	Circumstances[3]	_	_	
5-29	678-684	Dauben	Circumstances[3]	_	_	
5-30	685-688	der	Circumstances[3]	_	_	
5-31	689-700	Lagerfäſſer	Circumstances[3]	_	_	
5-32	700-701	,	Circumstances[3]	_	_	
5-33	702-706	oder	Circumstances[3]	_	_	
5-34	707-711	auch	Circumstances[3]	_	_	
5-35	712-717	durch	Circumstances[3]	_	_	
5-36	718-721	das	Circumstances[3]	_	_	
5-37	722-737	Schimmligwerden	Circumstances[3]	_	_	
5-38	738-747	derſelben	Circumstances[3]	_	_	
5-39	748-750	in	Circumstances[3]	_	_	
5-40	751-760	dumpfigen	Circumstances[3]	_	_	
5-41	761-768	Kellern	Circumstances[3]	_	_	
5-42	769-776	erzeugt	_	_	_	
5-43	776-777	.	_	_	_	

#Text=Von den Konſervierungsmethoden des Weines iſt vor allen Dingen
#Text=
#Text=das Paſteuriſieren zu nennen.
6-1	781-784	Von	_	_	_	
6-2	785-788	den	_	_	_	
6-3	789-811	Konſervierungsmethoden	_	_	_	
6-4	812-815	des	_	_	_	
6-5	816-822	Weines	_	_	_	
6-6	823-826	iſt	_	_	_	
6-7	827-830	vor	_	_	_	
6-8	831-836	allen	_	_	_	
6-9	837-843	Dingen	_	_	_	
6-10	845-848	das	_	_	_	
6-11	849-863	Paſteuriſieren	_	_	_	
6-12	864-866	zu	_	_	_	
6-13	867-873	nennen	_	_	_	
6-14	873-874	.	_	_	_	

#Text=Dieſes nach ſeinem Erfinder, dem
#Text=franzöſiſchen Chemiker Paſteur genannte Verfahren beruht darauf, daß
#Text=die im Weine enthaltenen Pilzkeime und Sporen bei einer Temperatur
#Text=von 50 bis 60° C getötet werden, und iſt beim Biere bereits beſprochen.
7-1	875-881	Dieſes	_	_	_	
7-2	882-886	nach	_	_	_	
7-3	887-893	ſeinem	_	_	_	
7-4	894-902	Erfinder	_	_	_	
7-5	902-903	,	_	_	_	
7-6	904-907	dem	_	_	_	
7-7	908-921	franzöſiſchen	_	_	_	
7-8	922-930	Chemiker	_	_	_	
7-9	931-938	Paſteur	_	_	_	
7-10	939-947	genannte	_	_	_	
7-11	948-957	Verfahren	_	_	_	
7-12	958-964	beruht	_	_	_	
7-13	965-971	darauf	_	_	_	
7-14	971-972	,	_	_	_	
7-15	973-976	daß	_	_	_	
7-16	977-980	die	_	_	_	
7-17	981-983	im	_	_	_	
7-18	984-989	Weine	_	_	_	
7-19	990-1001	enthaltenen	_	_	_	
7-20	1002-1011	Pilzkeime	_	_	_	
7-21	1012-1015	und	_	_	_	
7-22	1016-1022	Sporen	_	_	_	
7-23	1023-1026	bei	_	_	_	
7-24	1027-1032	einer	_	_	_	
7-25	1033-1043	Temperatur	_	_	_	
7-26	1044-1047	von	_	_	_	
7-27	1048-1050	50	_	_	_	
7-28	1051-1054	bis	_	_	_	
7-29	1055-1057	60	_	_	_	
7-30	1057-1058	°	_	_	_	
7-31	1059-1060	C	_	_	_	
7-32	1061-1068	getötet	_	_	_	
7-33	1069-1075	werden	_	_	_	
7-34	1075-1076	,	_	_	_	
7-35	1077-1080	und	_	_	_	
7-36	1081-1084	iſt	_	_	_	
7-37	1085-1089	beim	_	_	_	
7-38	1090-1095	Biere	_	_	_	
7-39	1096-1103	bereits	_	_	_	
7-40	1104-1114	beſprochen	_	_	_	
7-41	1114-1115	.	_	_	_	

#Text=Da aber wegen des ſehr großen Druckes, welchen die im Biere ent-
#Text=haltene Kohlenſäure bei der Erwärmung ausüben würde, das Paſteuri-
#Text=ſieren des Bieres in Fäſſern unmöglich iſt und daher nur auf die
#Text=Flaſchenbiere beſchränkt bleibt, während der Wein hauptſächlich in
#Text=Fäſſern paſteuriſiert wird, ſo haben die Paſteuriſierapparate für Wein
#Text=
#Text=eine ſehr weitgehende Benutzung gefunden und ſind in ſehr vollkommenen
#Text=Konſtruktionen faſt allgemein im Gebrauch.
8-1	1117-1119	Da	_	_	_	
8-2	1120-1124	aber	_	_	_	
8-3	1125-1130	wegen	_	_	_	
8-4	1131-1134	des	_	_	_	
8-5	1135-1139	ſehr	_	_	_	
8-6	1140-1146	großen	_	_	_	
8-7	1147-1154	Druckes	_	_	_	
8-8	1154-1155	,	_	_	_	
8-9	1156-1163	welchen	_	_	_	
8-10	1164-1167	die	_	_	_	
8-11	1168-1170	im	_	_	_	
8-12	1171-1176	Biere	_	_	_	
8-13	1177-1180	ent	_	_	_	
8-14	1180-1181	-	_	_	_	
8-15	1182-1189	haltene	_	_	_	
8-16	1190-1201	Kohlenſäure	_	_	_	
8-17	1202-1205	bei	_	_	_	
8-18	1206-1209	der	_	_	_	
8-19	1210-1219	Erwärmung	_	_	_	
8-20	1220-1227	ausüben	_	_	_	
8-21	1228-1233	würde	_	_	_	
8-22	1233-1234	,	_	_	_	
8-23	1235-1238	das	_	_	_	
8-24	1239-1247	Paſteuri	_	_	_	
8-25	1247-1248	-	_	_	_	
8-26	1249-1255	ſieren	_	_	_	
8-27	1256-1259	des	_	_	_	
8-28	1260-1266	Bieres	_	_	_	
8-29	1267-1269	in	_	_	_	
8-30	1270-1277	Fäſſern	_	_	_	
8-31	1278-1287	unmöglich	_	_	_	
8-32	1288-1291	iſt	_	_	_	
8-33	1292-1295	und	_	_	_	
8-34	1296-1301	daher	_	_	_	
8-35	1302-1305	nur	_	_	_	
8-36	1306-1309	auf	_	_	_	
8-37	1310-1313	die	_	_	_	
8-38	1314-1327	Flaſchenbiere	_	_	_	
8-39	1328-1338	beſchränkt	_	_	_	
8-40	1339-1345	bleibt	_	_	_	
8-41	1345-1346	,	_	_	_	
8-42	1347-1354	während	_	_	_	
8-43	1355-1358	der	_	_	_	
8-44	1359-1363	Wein	_	_	_	
8-45	1364-1377	hauptſächlich	_	_	_	
8-46	1378-1380	in	_	_	_	
8-47	1381-1388	Fäſſern	_	_	_	
8-48	1389-1402	paſteuriſiert	_	_	_	
8-49	1403-1407	wird	_	_	_	
8-50	1407-1408	,	_	_	_	
8-51	1409-1411	ſo	_	_	_	
8-52	1412-1417	haben	_	_	_	
8-53	1418-1421	die	_	_	_	
8-54	1422-1442	Paſteuriſierapparate	_	_	_	
8-55	1443-1446	für	_	_	_	
8-56	1447-1451	Wein	_	_	_	
8-57	1453-1457	eine	_	_	_	
8-58	1458-1462	ſehr	_	_	_	
8-59	1463-1474	weitgehende	_	_	_	
8-60	1475-1484	Benutzung	_	_	_	
8-61	1485-1493	gefunden	_	_	_	
8-62	1494-1497	und	_	_	_	
8-63	1498-1502	ſind	_	_	_	
8-64	1503-1505	in	_	_	_	
8-65	1506-1510	ſehr	_	_	_	
8-66	1511-1523	vollkommenen	_	_	_	
8-67	1524-1538	Konſtruktionen	_	_	_	
8-68	1539-1543	faſt	_	_	_	
8-69	1544-1553	allgemein	_	_	_	
8-70	1554-1556	im	_	_	_	
8-71	1557-1565	Gebrauch	_	_	_	
8-72	1565-1566	.	_	_	_	

#Text=Auch die antiſeptiſch wirkenden Eigenſchaften der Salicylſäure ſind
#Text=zur Konſervierung des Weines verwendet worden, und da 25 bis 30
#Text=gr
#Text=derſelben genügen, um ein Hektoliter Wein jahrelang vor dem Ver-
#Text=
#Text=\f
#Text=[519/0537]
#Text=Die Weinbereitung.
9-1	1570-1574	Auch	_	_	_	
9-2	1575-1578	die	_	_	_	
9-3	1579-1591	antiſeptiſch	_	_	_	
9-4	1592-1601	wirkenden	_	_	_	
9-5	1602-1615	Eigenſchaften	_	_	_	
9-6	1616-1619	der	_	_	_	
9-7	1620-1632	Salicylſäure	_	_	_	
9-8	1633-1637	ſind	_	_	_	
9-9	1638-1641	zur	_	_	_	
9-10	1642-1655	Konſervierung	_	_	_	
9-11	1656-1659	des	_	_	_	
9-12	1660-1666	Weines	_	_	_	
9-13	1667-1676	verwendet	_	_	_	
9-14	1677-1683	worden	_	_	_	
9-15	1683-1684	,	_	_	_	
9-16	1685-1688	und	_	_	_	
9-17	1689-1691	da	_	_	_	
9-18	1692-1694	25	_	_	_	
9-19	1695-1698	bis	_	_	_	
9-20	1699-1701	30	_	_	_	
9-21	1702-1704	gr	_	_	_	
9-22	1705-1714	derſelben	_	_	_	
9-23	1715-1722	genügen	_	_	_	
9-24	1722-1723	,	_	_	_	
9-25	1724-1726	um	_	_	_	
9-26	1727-1730	ein	_	_	_	
9-27	1731-1741	Hektoliter	_	_	_	
9-28	1742-1746	Wein	_	_	_	
9-29	1747-1756	jahrelang	_	_	_	
9-30	1757-1760	vor	_	_	_	
9-31	1761-1764	dem	_	_	_	
9-32	1765-1768	Ver	_	_	_	
9-33	1768-1769	-	_	_	_	
9-34	1773-1774	[	_	_	_	
9-35	1774-1777	519	_	_	_	
9-36	1777-1778	/	_	_	_	
9-37	1778-1782	0537	_	_	_	
9-38	1782-1783	]	_	_	_	
9-39	1784-1787	Die	_	_	_	
9-40	1788-1801	Weinbereitung	_	_	_	
9-41	1801-1802	.	_	_	_	
