#FORMAT=WebAnno TSV 3.3


#Text=meldt de laetste les, die Christus 't menschdom gaf,
#Text=Wanneer hy zegepraelde op folter, vloek en graf.
1-1	2-7	meldt	
1-2	8-10	de	
1-3	11-18	laetste	
1-4	19-22	les	
1-5	22-23	,	
1-6	24-27	die	
1-7	28-36	Christus	
1-8	37-38	'	
1-9	38-39	t	
1-10	40-49	menschdom	
1-11	50-53	gaf	
1-12	53-54	,	
1-13	55-62	Wanneer	
1-14	63-65	hy	
1-15	66-77	zegepraelde	
1-16	78-80	op	
1-17	81-87	folter	
1-18	87-88	,	
1-19	89-94	vloek	
1-20	95-97	en	
1-21	98-102	graf	
1-22	102-103	.	

#Text='t Ryst op de bergkapel, van 't sneeuwgevlokte omgeven,
#Text=Waer de onverdraegbre kou
#Text=de bron verstopt van 't leven:
#Text=
#Text='t Verkondt den reiziger, verkild en schier ontzield,
#Text=Nog aen, dat menschenmin voor 't kruis eens heeft geknield.
2-1	105-106	'	
2-2	106-107	t	
2-3	108-112	Ryst	
2-4	113-115	op	
2-5	116-118	de	
2-6	119-128	bergkapel	
2-7	128-129	,	
2-8	130-133	van	
2-9	134-135	'	
2-10	135-136	t	
2-11	137-151	sneeuwgevlokte	
2-12	152-159	omgeven	
2-13	159-160	,	
2-14	161-165	Waer	
2-15	166-168	de	
2-16	169-182	onverdraegbre	
2-17	183-186	kou	
2-18	187-189	de	
2-19	190-194	bron	
2-20	195-203	verstopt	
2-21	204-207	van	
2-22	208-209	'	
2-23	209-210	t	
2-24	211-216	leven	
2-25	216-217	:	
2-26	219-220	'	
2-27	220-221	t	
2-28	222-230	Verkondt	
2-29	231-234	den	
2-30	235-243	reiziger	
2-31	243-244	,	
2-32	245-252	verkild	
2-33	253-255	en	
2-34	256-262	schier	
2-35	263-271	ontzield	
2-36	271-272	,	
2-37	273-276	Nog	
2-38	277-280	aen	
2-39	280-281	,	
2-40	282-285	dat	
2-41	286-297	menschenmin	
2-42	298-302	voor	
2-43	303-304	'	
2-44	304-305	t	
2-45	306-311	kruis	
2-46	312-316	eens	
2-47	317-322	heeft	
2-48	323-331	geknield	
2-49	331-332	.	

#Text=Het blinkt nog in de hand der broederzendelingen,
#Text=Die, met gebedeld goud, een slaef de boei ontwringen,
#Text=Vertrapt op vreemde kust door een onchristlyk rot,
#Text=Dat innig voor die deugd verstomt, als 't haer bespot.
3-1	335-338	Het	
3-2	339-345	blinkt	
3-3	346-349	nog	
3-4	350-352	in	
3-5	353-355	de	
3-6	356-360	hand	
3-7	361-364	der	
3-8	365-383	broederzendelingen	
3-9	383-384	,	
3-10	385-388	Die	
3-11	388-389	,	
3-12	390-393	met	
3-13	394-402	gebedeld	
3-14	403-407	goud	
3-15	407-408	,	
3-16	409-412	een	
3-17	413-418	slaef	
3-18	419-421	de	
3-19	422-426	boei	
3-20	427-437	ontwringen	
3-21	437-438	,	
3-22	439-447	Vertrapt	
3-23	448-450	op	
3-24	451-458	vreemde	
3-25	459-463	kust	
3-26	464-468	door	
3-27	469-472	een	
3-28	473-484	onchristlyk	
3-29	485-488	rot	
3-30	488-489	,	
3-31	490-493	Dat	
3-32	494-499	innig	
3-33	500-504	voor	
3-34	505-508	die	
3-35	509-514	deugd	
3-36	515-523	verstomt	
3-37	523-524	,	
3-38	525-528	als	
3-39	529-530	'	
3-40	530-531	t	
3-41	532-536	haer	
3-42	537-543	bespot	
3-43	543-544	.	

#Text=Het blinkt nog in de hand des braven, die, verloren
#Text=
#Text=In storm en nevelgrauw, den vondling op durft sporen.
4-1	547-550	Het	
4-2	551-557	blinkt	
4-3	558-561	nog	
4-4	562-564	in	
4-5	565-567	de	
4-6	568-572	hand	
4-7	573-576	des	
4-8	577-583	braven	
4-9	583-584	,	
4-10	585-588	die	
4-11	588-589	,	
4-12	590-598	verloren	
4-13	600-602	In	
4-14	603-608	storm	
4-15	609-611	en	
4-16	612-622	nevelgrauw	
4-17	622-623	,	
4-18	624-627	den	
4-19	628-636	vondling	
4-20	637-639	op	
4-21	640-645	durft	
4-22	646-652	sporen	
4-23	652-653	.	

#Text='t Blinkt op den boezem nog van een doorluchten
#Text=Belg,
#Text=
#Text=Die 't stomme-doove kind minde als zyn eigen telg.
5-1	656-657	'	
5-2	657-658	t	
5-3	659-665	Blinkt	
5-4	666-668	op	
5-5	669-672	den	
5-6	673-679	boezem	
5-7	680-683	nog	
5-8	684-687	van	
5-9	688-691	een	
5-10	692-703	doorluchten	
5-11	704-708	Belg	
5-12	708-709	,	
5-13	711-714	Die	
5-14	715-716	'	
5-15	716-717	t	
5-16	718-730	stomme-doove	
5-17	731-735	kind	
5-18	736-741	minde	
5-19	742-745	als	
5-20	746-749	zyn	
5-21	750-755	eigen	
5-22	756-760	telg	
5-23	760-761	.	

#Text='t Blinkt om den hals der maegd, wien ieder is tot broeder,
#Text=Die bruid der menscheid is en kind van d'Albehoeder.
6-1	764-765	'	
6-2	765-766	t	
6-3	767-773	Blinkt	
6-4	774-776	om	
6-5	777-780	den	
6-6	781-785	hals	
6-7	786-789	der	
6-8	790-795	maegd	
6-9	795-796	,	
6-10	797-801	wien	
6-11	802-807	ieder	
6-12	808-810	is	
6-13	811-814	tot	
6-14	815-822	broeder	
6-15	822-823	,	
6-16	824-827	Die	
6-17	828-833	bruid	
6-18	834-837	der	
6-19	838-847	menscheid	
6-20	848-850	is	
6-21	851-853	en	
6-22	854-858	kind	
6-23	859-862	van	
6-24	863-875	d'Albehoeder	
6-25	875-876	.	

#Text='t Blyft, als de regenboog, 't sein van een Liefdegod,
#Text=Voor die het woord begrypt:
#Text=De liefde is 't hoogst gebod.
7-1	878-879	'	
7-2	879-880	t	
7-3	881-886	Blyft	
7-4	886-887	,	
7-5	888-891	als	
7-6	892-894	de	
7-7	895-904	regenboog	
7-8	904-905	,	
7-9	906-907	'	
7-10	907-908	t	
7-11	909-913	sein	
7-12	914-917	van	
7-13	918-921	een	
7-14	922-931	Liefdegod	
7-15	931-932	,	
7-16	933-937	Voor	
7-17	938-941	die	
7-18	942-945	het	
7-19	946-951	woord	
7-20	952-959	begrypt	
7-21	959-960	:	
7-22	961-963	De	
7-23	964-970	liefde	
7-24	971-973	is	
7-25	974-975	'	
7-26	975-976	t	
7-27	977-983	hoogst	
7-28	984-989	gebod	
7-29	989-990	.	

#Text=Prudens van Duyse, Godfried of De
#Text=godsdienst op 't veld
8-1	994-1001	Prudens	
8-2	1002-1005	van	
8-3	1006-1011	Duyse	
8-4	1011-1012	,	
8-5	1013-1021	Godfried	
8-6	1022-1024	of	
8-7	1025-1027	De	
8-8	1028-1038	godsdienst	
8-9	1039-1041	op	
8-10	1042-1043	'	
8-11	1043-1044	t	
8-12	1045-1049	veld	
