{"_context" : {
    "_types" : {
      "DocumentMetaData" : {
        "_feature_types" : {"sofa" : "_ref" } }, 
      "Relation" : {
        "_feature_types" : {"sofa" : "_ref",  "Dependent" : "_ref",  "Governor" : "_ref" } }, 
      "Sentence" : {
        "_feature_types" : {"sofa" : "_ref" } }, 
      "Sofa" : {
        "_feature_types" : {"sofaArray" : "_ref" } }, 
      "Span" : {
        "_feature_types" : {"sofa" : "_ref" } }, 
      "TagsetDescription" : {
        "_feature_types" : {"sofa" : "_ref",  "tags" : "_ref" } }, 
      "Token" : {
        "_feature_types" : {"sofa" : "_ref",  "parent" : "_ref",  "lemma" : "_ref",  "stem" : "_ref",  "pos" : "_ref",  "morph" : "_ref",  "form" : "_ref" } }, 
      "DocumentAnnotation" : {
        "_feature_types" : {"sofa" : "_ref" }, 
        "_subtypes" : ["DocumentMetaData" ] }, 
      "Annotation" : {
        "_feature_types" : {"sofa" : "_ref" }, 
        "_subtypes" : ["DocumentAnnotation",  "Relation",  "Sentence",  "Span",  "TagsetDescription",  "Token" ] }, 
      "AnnotationBase" : {
        "_feature_types" : {"sofa" : "_ref" }, 
        "_subtypes" : ["Annotation" ] }, 
      "TOP" : {
        "_subtypes" : ["AnnotationBase",  "Sofa" ] } } }, 
  "_views" : {
    "_InitialView" : {
      "Relation" : [
        {"sofa" : 1,  "begin" : 416,  "end" : 421,  "Dependent" : 6167,  "Governor" : 6172 }, 
        {"sofa" : 1,  "begin" : 416,  "end" : 421,  "Dependent" : 6167,  "Governor" : 6184 }, 
        {"sofa" : 1,  "begin" : 416,  "end" : 421,  "Dependent" : 6167,  "Governor" : 6189 }, 
        {"sofa" : 1,  "begin" : 547,  "end" : 549,  "Dependent" : 6225,  "Governor" : 6184,  "label" : "Anaphoric" }, 
        {"sofa" : 1,  "begin" : 561,  "end" : 566,  "Dependent" : 6242,  "Governor" : 6237 }, 
        {"sofa" : 1,  "begin" : 561,  "end" : 566,  "Dependent" : 6242,  "Governor" : 6220 }, 
        {"sofa" : 1,  "begin" : 561,  "end" : 566,  "Dependent" : 6242,  "Governor" : 6225 }, 
        {"sofa" : 1,  "begin" : 1410,  "end" : 1415,  "Dependent" : 6288,  "Governor" : 6300 }, 
        {"sofa" : 1,  "begin" : 1410,  "end" : 1415,  "Dependent" : 6288,  "Governor" : 6283 }, 
        {"sofa" : 1,  "begin" : 1522,  "end" : 1527,  "Dependent" : 6324,  "Governor" : 6334 }, 
        {"sofa" : 1,  "begin" : 1522,  "end" : 1527,  "Dependent" : 6324,  "Governor" : 6339 }, 
        {"sofa" : 1,  "begin" : 1522,  "end" : 1527,  "Dependent" : 6324,  "Governor" : 6319 }, 
        {"sofa" : 1,  "begin" : 1522,  "end" : 1527,  "Dependent" : 6324,  "Governor" : 6384 }, 
        {"sofa" : 1,  "begin" : 1586,  "end" : 1590,  "Dependent" : 6365,  "Governor" : 6334,  "label" : "Anaphoric" }, 
        {"sofa" : 1,  "begin" : 1586,  "end" : 1590,  "Dependent" : 6365,  "Governor" : 6339,  "label" : "Anaphoric" }, 
        {"sofa" : 1,  "begin" : 1634,  "end" : 1639,  "Dependent" : 6401,  "Governor" : 6406 }, 
        {"sofa" : 1,  "begin" : 1634,  "end" : 1639,  "Dependent" : 6401,  "Governor" : 6396 }, 
        {"sofa" : 1,  "begin" : 1634,  "end" : 1639,  "Dependent" : 6401,  "Governor" : 6365 } ], 
      "Span" : [6184,  6189,  6172,  6167,  6220,  6225,  6237,  6242,  6300,  6283,  6288,  6334,  6339,  6384,  6319,  6324,  6396,  6365,  6406,  6401 ], 
      "DocumentMetaData" : [
        {"sofa" : 1,  "end" : 2170,  "language" : "x-unspecified",  "documentTitle" : "080E%20Duncan%20Mcdonald%201800%20New%20town%20cook__214_distribution_HOUS.txt",  "documentId" : "teresa",  "documentUri" : "file:/home/dhuser/alessio/inception/repository/project/29/document/11839/source/teresa",  "collectionId" : "file:/home/dhuser/alessio/inception/repository/project/29/document/11839/source/",  "documentBaseUri" : "file:/home/dhuser/alessio/inception/repository/project/29/document/11839/source/",  "isLastSegment" : false } ], 
      "TagsetDescription" : [
        {"sofa" : 1,  "layer" : "webanno.custom.Emotions",  "name" : "Emotion Labels",  "input" : false }, 
        {"sofa" : 1,  "layer" : "custom.Relation",  "name" : "Relation labels",  "input" : false }, 
        {"sofa" : 1,  "layer" : "custom.Span",  "name" : "Smell labels",  "input" : false } ], 
      "Sentence" : [
        {"sofa" : 1,  "end" : 110 }, 
        {"sofa" : 1,  "begin" : 111,  "end" : 224 }, 
        {"sofa" : 1,  "begin" : 225,  "end" : 375 }, 
        {"sofa" : 1,  "begin" : 377,  "end" : 601 }, 
        {"sofa" : 1,  "begin" : 602,  "end" : 686 }, 
        {"sofa" : 1,  "begin" : 687,  "end" : 861 }, 
        {"sofa" : 1,  "begin" : 862,  "end" : 914 }, 
        {"sofa" : 1,  "begin" : 915,  "end" : 1083 }, 
        {"sofa" : 1,  "begin" : 1085,  "end" : 1133 }, 
        {"sofa" : 1,  "begin" : 1135,  "end" : 1194 }, 
        {"sofa" : 1,  "begin" : 1196,  "end" : 1295 }, 
        {"sofa" : 1,  "begin" : 1296,  "end" : 1416 }, 
        {"sofa" : 1,  "begin" : 1417,  "end" : 1457 }, 
        {"sofa" : 1,  "begin" : 1459,  "end" : 1672 }, 
        {"sofa" : 1,  "begin" : 1674,  "end" : 1827 }, 
        {"sofa" : 1,  "begin" : 1828,  "end" : 1972 }, 
        {"sofa" : 1,  "begin" : 1973,  "end" : 2035 }, 
        {"sofa" : 1,  "begin" : 2036,  "end" : 2168 } ], 
      "Token" : [
        {"sofa" : 1,  "end" : 8 }, 
        {"sofa" : 1,  "begin" : 9,  "end" : 12 }, 
        {"sofa" : 1,  "begin" : 13,  "end" : 18 }, 
        {"sofa" : 1,  "begin" : 19,  "end" : 20 }, 
        {"sofa" : 1,  "begin" : 21,  "end" : 27 }, 
        {"sofa" : 1,  "begin" : 28,  "end" : 39 }, 
        {"sofa" : 1,  "begin" : 40,  "end" : 49 }, 
        {"sofa" : 1,  "begin" : 50,  "end" : 52 }, 
        {"sofa" : 1,  "begin" : 53,  "end" : 59 }, 
        {"sofa" : 1,  "begin" : 59,  "end" : 60 }, 
        {"sofa" : 1,  "begin" : 61,  "end" : 65 }, 
        {"sofa" : 1,  "begin" : 66,  "end" : 78 }, 
        {"sofa" : 1,  "begin" : 79,  "end" : 82 }, 
        {"sofa" : 1,  "begin" : 83,  "end" : 89 }, 
        {"sofa" : 1,  "begin" : 90,  "end" : 92 }, 
        {"sofa" : 1,  "begin" : 93,  "end" : 98 }, 
        {"sofa" : 1,  "begin" : 99,  "end" : 109 }, 
        {"sofa" : 1,  "begin" : 109,  "end" : 110 }, 
        {"sofa" : 1,  "begin" : 111,  "end" : 115 }, 
        {"sofa" : 1,  "begin" : 116,  "end" : 124 }, 
        {"sofa" : 1,  "begin" : 125,  "end" : 129 }, 
        {"sofa" : 1,  "begin" : 130,  "end" : 135 }, 
        {"sofa" : 1,  "begin" : 136,  "end" : 142 }, 
        {"sofa" : 1,  "begin" : 142,  "end" : 143 }, 
        {"sofa" : 1,  "begin" : 144,  "end" : 147 }, 
        {"sofa" : 1,  "begin" : 148,  "end" : 154 }, 
        {"sofa" : 1,  "begin" : 155,  "end" : 158 }, 
        {"sofa" : 1,  "begin" : 159,  "end" : 163 }, 
        {"sofa" : 1,  "begin" : 163,  "end" : 164 }, 
        {"sofa" : 1,  "begin" : 165,  "end" : 175 }, 
        {"sofa" : 1,  "begin" : 176,  "end" : 184 }, 
        {"sofa" : 1,  "begin" : 184,  "end" : 185 }, 
        {"sofa" : 1,  "begin" : 186,  "end" : 188 }, 
        {"sofa" : 1,  "begin" : 189,  "end" : 195 }, 
        {"sofa" : 1,  "begin" : 196,  "end" : 200 }, 
        {"sofa" : 1,  "begin" : 201,  "end" : 205 }, 
        {"sofa" : 1,  "begin" : 206,  "end" : 217 }, 
        {"sofa" : 1,  "begin" : 218,  "end" : 223 }, 
        {"sofa" : 1,  "begin" : 223,  "end" : 224 }, 
        {"sofa" : 1,  "begin" : 225,  "end" : 229 }, 
        {"sofa" : 1,  "begin" : 230,  "end" : 233 }, 
        {"sofa" : 1,  "begin" : 234,  "end" : 243 }, 
        {"sofa" : 1,  "begin" : 244,  "end" : 250 }, 
        {"sofa" : 1,  "begin" : 251,  "end" : 254 }, 
        {"sofa" : 1,  "begin" : 255,  "end" : 264 }, 
        {"sofa" : 1,  "begin" : 264,  "end" : 265 }, 
        {"sofa" : 1,  "begin" : 266,  "end" : 269 }, 
        {"sofa" : 1,  "begin" : 270,  "end" : 274 }, 
        {"sofa" : 1,  "begin" : 275,  "end" : 279 }, 
        {"sofa" : 1,  "begin" : 280,  "end" : 286 }, 
        {"sofa" : 1,  "begin" : 287,  "end" : 289 }, 
        {"sofa" : 1,  "begin" : 290,  "end" : 294 }, 
        {"sofa" : 1,  "begin" : 295,  "end" : 296 }, 
        {"sofa" : 1,  "begin" : 297,  "end" : 301 }, 
        {"sofa" : 1,  "begin" : 302,  "end" : 304 }, 
        {"sofa" : 1,  "begin" : 305,  "end" : 310 }, 
        {"sofa" : 1,  "begin" : 311,  "end" : 319 }, 
        {"sofa" : 1,  "begin" : 320,  "end" : 327 }, 
        {"sofa" : 1,  "begin" : 327,  "end" : 328 }, 
        {"sofa" : 1,  "begin" : 329,  "end" : 331 }, 
        {"sofa" : 1,  "begin" : 332,  "end" : 334 }, 
        {"sofa" : 1,  "begin" : 335,  "end" : 345 }, 
        {"sofa" : 1,  "begin" : 346,  "end" : 353 }, 
        {"sofa" : 1,  "begin" : 354,  "end" : 356 }, 
        {"sofa" : 1,  "begin" : 357,  "end" : 362 }, 
        {"sofa" : 1,  "begin" : 363,  "end" : 368 }, 
        {"sofa" : 1,  "begin" : 369,  "end" : 374 }, 
        {"sofa" : 1,  "begin" : 374,  "end" : 375 }, 
        {"sofa" : 1,  "begin" : 377,  "end" : 379 }, 
        {"sofa" : 1,  "begin" : 380,  "end" : 381 }, 
        {"sofa" : 1,  "begin" : 382,  "end" : 389 }, 
        {"sofa" : 1,  "begin" : 390,  "end" : 392 }, 
        {"sofa" : 1,  "begin" : 393,  "end" : 396 }, 
        {"sofa" : 1,  "begin" : 396,  "end" : 397 }, 
        {"sofa" : 1,  "begin" : 398,  "end" : 400 }, 
        {"sofa" : 1,  "begin" : 401,  "end" : 404 }, 
        {"sofa" : 1,  "begin" : 405,  "end" : 406 }, 
        {"sofa" : 1,  "begin" : 407,  "end" : 415 }, 
        {"sofa" : 1,  "begin" : 416,  "end" : 421 }, 
        {"sofa" : 1,  "begin" : 422,  "end" : 424 }, 
        {"sofa" : 1,  "begin" : 425,  "end" : 429 }, 
        {"sofa" : 1,  "begin" : 430,  "end" : 434 }, 
        {"sofa" : 1,  "begin" : 435,  "end" : 437 }, 
        {"sofa" : 1,  "begin" : 438,  "end" : 441 }, 
        {"sofa" : 1,  "begin" : 442,  "end" : 446 }, 
        {"sofa" : 1,  "begin" : 447,  "end" : 452 }, 
        {"sofa" : 1,  "begin" : 453,  "end" : 458 }, 
        {"sofa" : 1,  "begin" : 459,  "end" : 461 }, 
        {"sofa" : 1,  "begin" : 462,  "end" : 465 }, 
        {"sofa" : 1,  "begin" : 466,  "end" : 470 }, 
        {"sofa" : 1,  "begin" : 470,  "end" : 471 }, 
        {"sofa" : 1,  "begin" : 472,  "end" : 475 }, 
        {"sofa" : 1,  "begin" : 476,  "end" : 479 }, 
        {"sofa" : 1,  "begin" : 480,  "end" : 484 }, 
        {"sofa" : 1,  "begin" : 485,  "end" : 489 }, 
        {"sofa" : 1,  "begin" : 489,  "end" : 490 }, 
        {"sofa" : 1,  "begin" : 491,  "end" : 495 }, 
        {"sofa" : 1,  "begin" : 496,  "end" : 502 }, 
        {"sofa" : 1,  "begin" : 502,  "end" : 503 }, 
        {"sofa" : 1,  "begin" : 504,  "end" : 508 }, 
        {"sofa" : 1,  "begin" : 509,  "end" : 514 }, 
        {"sofa" : 1,  "begin" : 514,  "end" : 515 }, 
        {"sofa" : 1,  "begin" : 516,  "end" : 520 }, 
        {"sofa" : 1,  "begin" : 521,  "end" : 522 }, 
        {"sofa" : 1,  "begin" : 523,  "end" : 529 }, 
        {"sofa" : 1,  "begin" : 529,  "end" : 530 }, 
        {"sofa" : 1,  "begin" : 531,  "end" : 534 }, 
        {"sofa" : 1,  "begin" : 535,  "end" : 539 }, 
        {"sofa" : 1,  "begin" : 540,  "end" : 545 }, 
        {"sofa" : 1,  "begin" : 545,  "end" : 546 }, 
        {"sofa" : 1,  "begin" : 547,  "end" : 549 }, 
        {"sofa" : 1,  "begin" : 550,  "end" : 553 }, 
        {"sofa" : 1,  "begin" : 554,  "end" : 555 }, 
        {"sofa" : 1,  "begin" : 556,  "end" : 560 }, 
        {"sofa" : 1,  "begin" : 561,  "end" : 566 }, 
        {"sofa" : 1,  "begin" : 566,  "end" : 567 }, 
        {"sofa" : 1,  "begin" : 568,  "end" : 571 }, 
        {"sofa" : 1,  "begin" : 572,  "end" : 575 }, 
        {"sofa" : 1,  "begin" : 576,  "end" : 580 }, 
        {"sofa" : 1,  "begin" : 581,  "end" : 587 }, 
        {"sofa" : 1,  "begin" : 588,  "end" : 591 }, 
        {"sofa" : 1,  "begin" : 592,  "end" : 600 }, 
        {"sofa" : 1,  "begin" : 600,  "end" : 601 }, 
        {"sofa" : 1,  "begin" : 602,  "end" : 604 }, 
        {"sofa" : 1,  "begin" : 605,  "end" : 607 }, 
        {"sofa" : 1,  "begin" : 608,  "end" : 610 }, 
        {"sofa" : 1,  "begin" : 611,  "end" : 616 }, 
        {"sofa" : 1,  "begin" : 616,  "end" : 617 }, 
        {"sofa" : 1,  "begin" : 618,  "end" : 619 }, 
        {"sofa" : 1,  "begin" : 620,  "end" : 625 }, 
        {"sofa" : 1,  "begin" : 626,  "end" : 631 }, 
        {"sofa" : 1,  "begin" : 632,  "end" : 636 }, 
        {"sofa" : 1,  "begin" : 637,  "end" : 642 }, 
        {"sofa" : 1,  "begin" : 643,  "end" : 647 }, 
        {"sofa" : 1,  "begin" : 648,  "end" : 651 }, 
        {"sofa" : 1,  "begin" : 652,  "end" : 657 }, 
        {"sofa" : 1,  "begin" : 658,  "end" : 661 }, 
        {"sofa" : 1,  "begin" : 662,  "end" : 667 }, 
        {"sofa" : 1,  "begin" : 668,  "end" : 670 }, 
        {"sofa" : 1,  "begin" : 671,  "end" : 674 }, 
        {"sofa" : 1,  "begin" : 675,  "end" : 680 }, 
        {"sofa" : 1,  "begin" : 681,  "end" : 685 }, 
        {"sofa" : 1,  "begin" : 685,  "end" : 686 }, 
        {"sofa" : 1,  "begin" : 687,  "end" : 689 }, 
        {"sofa" : 1,  "begin" : 690,  "end" : 692 }, 
        {"sofa" : 1,  "begin" : 693,  "end" : 695 }, 
        {"sofa" : 1,  "begin" : 696,  "end" : 700 }, 
        {"sofa" : 1,  "begin" : 700,  "end" : 701 }, 
        {"sofa" : 1,  "begin" : 702,  "end" : 705 }, 
        {"sofa" : 1,  "begin" : 706,  "end" : 710 }, 
        {"sofa" : 1,  "begin" : 710,  "end" : 711 }, 
        {"sofa" : 1,  "begin" : 712,  "end" : 717 }, 
        {"sofa" : 1,  "begin" : 718,  "end" : 721 }, 
        {"sofa" : 1,  "begin" : 722,  "end" : 728 }, 
        {"sofa" : 1,  "begin" : 728,  "end" : 729 }, 
        {"sofa" : 1,  "begin" : 730,  "end" : 734 }, 
        {"sofa" : 1,  "begin" : 735,  "end" : 737 }, 
        {"sofa" : 1,  "begin" : 738,  "end" : 742 }, 
        {"sofa" : 1,  "begin" : 743,  "end" : 745 }, 
        {"sofa" : 1,  "begin" : 746,  "end" : 750 }, 
        {"sofa" : 1,  "begin" : 751,  "end" : 758 }, 
        {"sofa" : 1,  "begin" : 759,  "end" : 766 }, 
        {"sofa" : 1,  "begin" : 767,  "end" : 771 }, 
        {"sofa" : 1,  "begin" : 771,  "end" : 772 }, 
        {"sofa" : 1,  "begin" : 773,  "end" : 778 }, 
        {"sofa" : 1,  "begin" : 779,  "end" : 782 }, 
        {"sofa" : 1,  "begin" : 783,  "end" : 786 }, 
        {"sofa" : 1,  "begin" : 787,  "end" : 795 }, 
        {"sofa" : 1,  "begin" : 796,  "end" : 798 }, 
        {"sofa" : 1,  "begin" : 799,  "end" : 808 }, 
        {"sofa" : 1,  "begin" : 809,  "end" : 810 }, 
        {"sofa" : 1,  "begin" : 811,  "end" : 816 }, 
        {"sofa" : 1,  "begin" : 817,  "end" : 824 }, 
        {"sofa" : 1,  "begin" : 825,  "end" : 828 }, 
        {"sofa" : 1,  "begin" : 829,  "end" : 835 }, 
        {"sofa" : 1,  "begin" : 835,  "end" : 836 }, 
        {"sofa" : 1,  "begin" : 837,  "end" : 839 }, 
        {"sofa" : 1,  "begin" : 840,  "end" : 843 }, 
        {"sofa" : 1,  "begin" : 844,  "end" : 848 }, 
        {"sofa" : 1,  "begin" : 849,  "end" : 851 }, 
        {"sofa" : 1,  "begin" : 852,  "end" : 855 }, 
        {"sofa" : 1,  "begin" : 856,  "end" : 860 }, 
        {"sofa" : 1,  "begin" : 860,  "end" : 861 }, 
        {"sofa" : 1,  "begin" : 862,  "end" : 865 }, 
        {"sofa" : 1,  "begin" : 866,  "end" : 874 }, 
        {"sofa" : 1,  "begin" : 875,  "end" : 878 }, 
        {"sofa" : 1,  "begin" : 879,  "end" : 883 }, 
        {"sofa" : 1,  "begin" : 883,  "end" : 884 }, 
        {"sofa" : 1,  "begin" : 885,  "end" : 887 }, 
        {"sofa" : 1,  "begin" : 888,  "end" : 893 }, 
        {"sofa" : 1,  "begin" : 894,  "end" : 896 }, 
        {"sofa" : 1,  "begin" : 897,  "end" : 899 }, 
        {"sofa" : 1,  "begin" : 900,  "end" : 905 }, 
        {"sofa" : 1,  "begin" : 906,  "end" : 908 }, 
        {"sofa" : 1,  "begin" : 909,  "end" : 913 }, 
        {"sofa" : 1,  "begin" : 913,  "end" : 914 }, 
        {"sofa" : 1,  "begin" : 915,  "end" : 918 }, 
        {"sofa" : 1,  "begin" : 919,  "end" : 923 }, 
        {"sofa" : 1,  "begin" : 924,  "end" : 926 }, 
        {"sofa" : 1,  "begin" : 927,  "end" : 936 }, 
        {"sofa" : 1,  "begin" : 937,  "end" : 944 }, 
        {"sofa" : 1,  "begin" : 945,  "end" : 949 }, 
        {"sofa" : 1,  "begin" : 950,  "end" : 953 }, 
        {"sofa" : 1,  "begin" : 954,  "end" : 957 }, 
        {"sofa" : 1,  "begin" : 957,  "end" : 958 }, 
        {"sofa" : 1,  "begin" : 959,  "end" : 961 }, 
        {"sofa" : 1,  "begin" : 962,  "end" : 963 }, 
        {"sofa" : 1,  "begin" : 964,  "end" : 970 }, 
        {"sofa" : 1,  "begin" : 971,  "end" : 974 }, 
        {"sofa" : 1,  "begin" : 975,  "end" : 979 }, 
        {"sofa" : 1,  "begin" : 980,  "end" : 986 }, 
        {"sofa" : 1,  "begin" : 986,  "end" : 987 }, 
        {"sofa" : 1,  "begin" : 988,  "end" : 991 }, 
        {"sofa" : 1,  "begin" : 992,  "end" : 994 }, 
        {"sofa" : 1,  "begin" : 995,  "end" : 1000 }, 
        {"sofa" : 1,  "begin" : 1001,  "end" : 1003 }, 
        {"sofa" : 1,  "begin" : 1004,  "end" : 1008 }, 
        {"sofa" : 1,  "begin" : 1009,  "end" : 1014 }, 
        {"sofa" : 1,  "begin" : 1015,  "end" : 1018 }, 
        {"sofa" : 1,  "begin" : 1019,  "end" : 1023 }, 
        {"sofa" : 1,  "begin" : 1023,  "end" : 1024 }, 
        {"sofa" : 1,  "begin" : 1025,  "end" : 1028 }, 
        {"sofa" : 1,  "begin" : 1029,  "end" : 1032 }, 
        {"sofa" : 1,  "begin" : 1033,  "end" : 1042 }, 
        {"sofa" : 1,  "begin" : 1043,  "end" : 1047 }, 
        {"sofa" : 1,  "begin" : 1048,  "end" : 1054 }, 
        {"sofa" : 1,  "begin" : 1055,  "end" : 1058 }, 
        {"sofa" : 1,  "begin" : 1059,  "end" : 1063 }, 
        {"sofa" : 1,  "begin" : 1064,  "end" : 1067 }, 
        {"sofa" : 1,  "begin" : 1068,  "end" : 1073 }, 
        {"sofa" : 1,  "begin" : 1074,  "end" : 1077 }, 
        {"sofa" : 1,  "begin" : 1078,  "end" : 1082 }, 
        {"sofa" : 1,  "begin" : 1082,  "end" : 1083 }, 
        {"sofa" : 1,  "begin" : 1085,  "end" : 1093 }, 
        {"sofa" : 1,  "begin" : 1094,  "end" : 1097 }, 
        {"sofa" : 1,  "begin" : 1098,  "end" : 1100 }, 
        {"sofa" : 1,  "begin" : 1101,  "end" : 1107 }, 
        {"sofa" : 1,  "begin" : 1108,  "end" : 1114 }, 
        {"sofa" : 1,  "begin" : 1115,  "end" : 1118 }, 
        {"sofa" : 1,  "begin" : 1119,  "end" : 1125 }, 
        {"sofa" : 1,  "begin" : 1126,  "end" : 1132 }, 
        {"sofa" : 1,  "begin" : 1132,  "end" : 1133 }, 
        {"sofa" : 1,  "begin" : 1135,  "end" : 1139 }, 
        {"sofa" : 1,  "begin" : 1140,  "end" : 1144 }, 
        {"sofa" : 1,  "begin" : 1145,  "end" : 1146 }, 
        {"sofa" : 1,  "begin" : 1147,  "end" : 1153 }, 
        {"sofa" : 1,  "begin" : 1154,  "end" : 1156 }, 
        {"sofa" : 1,  "begin" : 1157,  "end" : 1163 }, 
        {"sofa" : 1,  "begin" : 1164,  "end" : 1166 }, 
        {"sofa" : 1,  "begin" : 1167,  "end" : 1170 }, 
        {"sofa" : 1,  "begin" : 1171,  "end" : 1175 }, 
        {"sofa" : 1,  "begin" : 1176,  "end" : 1181 }, 
        {"sofa" : 1,  "begin" : 1182,  "end" : 1184 }, 
        {"sofa" : 1,  "begin" : 1185,  "end" : 1193 }, 
        {"sofa" : 1,  "begin" : 1193,  "end" : 1194 }, 
        {"sofa" : 1,  "begin" : 1196,  "end" : 1201 }, 
        {"sofa" : 1,  "begin" : 1202,  "end" : 1203 }, 
        {"sofa" : 1,  "begin" : 1204,  "end" : 1205 }, 
        {"sofa" : 1,  "begin" : 1206,  "end" : 1209 }, 
        {"sofa" : 1,  "begin" : 1210,  "end" : 1218 }, 
        {"sofa" : 1,  "begin" : 1219,  "end" : 1222 }, 
        {"sofa" : 1,  "begin" : 1223,  "end" : 1227 }, 
        {"sofa" : 1,  "begin" : 1227,  "end" : 1228 }, 
        {"sofa" : 1,  "begin" : 1229,  "end" : 1236 }, 
        {"sofa" : 1,  "begin" : 1237,  "end" : 1242 }, 
        {"sofa" : 1,  "begin" : 1243,  "end" : 1245 }, 
        {"sofa" : 1,  "begin" : 1246,  "end" : 1251 }, 
        {"sofa" : 1,  "begin" : 1251,  "end" : 1252 }, 
        {"sofa" : 1,  "begin" : 1253,  "end" : 1256 }, 
        {"sofa" : 1,  "begin" : 1257,  "end" : 1262 }, 
        {"sofa" : 1,  "begin" : 1263,  "end" : 1265 }, 
        {"sofa" : 1,  "begin" : 1266,  "end" : 1267 }, 
        {"sofa" : 1,  "begin" : 1268,  "end" : 1276 }, 
        {"sofa" : 1,  "begin" : 1277,  "end" : 1281 }, 
        {"sofa" : 1,  "begin" : 1282,  "end" : 1285 }, 
        {"sofa" : 1,  "begin" : 1286,  "end" : 1294 }, 
        {"sofa" : 1,  "begin" : 1294,  "end" : 1295 }, 
        {"sofa" : 1,  "begin" : 1296,  "end" : 1298 }, 
        {"sofa" : 1,  "begin" : 1299,  "end" : 1304 }, 
        {"sofa" : 1,  "begin" : 1305,  "end" : 1309 }, 
        {"sofa" : 1,  "begin" : 1310,  "end" : 1313 }, 
        {"sofa" : 1,  "begin" : 1314,  "end" : 1320 }, 
        {"sofa" : 1,  "begin" : 1321,  "end" : 1322 }, 
        {"sofa" : 1,  "begin" : 1323,  "end" : 1327 }, 
        {"sofa" : 1,  "begin" : 1328,  "end" : 1330 }, 
        {"sofa" : 1,  "begin" : 1331,  "end" : 1341 }, 
        {"sofa" : 1,  "begin" : 1342,  "end" : 1345 }, 
        {"sofa" : 1,  "begin" : 1346,  "end" : 1352 }, 
        {"sofa" : 1,  "begin" : 1353,  "end" : 1355 }, 
        {"sofa" : 1,  "begin" : 1356,  "end" : 1359 }, 
        {"sofa" : 1,  "begin" : 1360,  "end" : 1364 }, 
        {"sofa" : 1,  "begin" : 1365,  "end" : 1368 }, 
        {"sofa" : 1,  "begin" : 1369,  "end" : 1374 }, 
        {"sofa" : 1,  "begin" : 1374,  "end" : 1375 }, 
        {"sofa" : 1,  "begin" : 1376,  "end" : 1379 }, 
        {"sofa" : 1,  "begin" : 1380,  "end" : 1383 }, 
        {"sofa" : 1,  "begin" : 1384,  "end" : 1388 }, 
        {"sofa" : 1,  "begin" : 1389,  "end" : 1392 }, 
        {"sofa" : 1,  "begin" : 1393,  "end" : 1394 }, 
        {"sofa" : 1,  "begin" : 1395,  "end" : 1399 }, 
        {"sofa" : 1,  "begin" : 1400,  "end" : 1409 }, 
        {"sofa" : 1,  "begin" : 1410,  "end" : 1415 }, 
        {"sofa" : 1,  "begin" : 1415,  "end" : 1416 }, 
        {"sofa" : 1,  "begin" : 1417,  "end" : 1420 }, 
        {"sofa" : 1,  "begin" : 1421,  "end" : 1425 }, 
        {"sofa" : 1,  "begin" : 1426,  "end" : 1430 }, 
        {"sofa" : 1,  "begin" : 1431,  "end" : 1435 }, 
        {"sofa" : 1,  "begin" : 1436,  "end" : 1439 }, 
        {"sofa" : 1,  "begin" : 1440,  "end" : 1445 }, 
        {"sofa" : 1,  "begin" : 1446,  "end" : 1450 }, 
        {"sofa" : 1,  "begin" : 1451,  "end" : 1456 }, 
        {"sofa" : 1,  "begin" : 1456,  "end" : 1457 }, 
        {"sofa" : 1,  "begin" : 1459,  "end" : 1465 }, 
        {"sofa" : 1,  "begin" : 1466,  "end" : 1469 }, 
        {"sofa" : 1,  "begin" : 1470,  "end" : 1477 }, 
        {"sofa" : 1,  "begin" : 1478,  "end" : 1479 }, 
        {"sofa" : 1,  "begin" : 1480,  "end" : 1482 }, 
        {"sofa" : 1,  "begin" : 1483,  "end" : 1487 }, 
        {"sofa" : 1,  "begin" : 1488,  "end" : 1491 }, 
        {"sofa" : 1,  "begin" : 1492,  "end" : 1496 }, 
        {"sofa" : 1,  "begin" : 1497,  "end" : 1500 }, 
        {"sofa" : 1,  "begin" : 1501,  "end" : 1506 }, 
        {"sofa" : 1,  "begin" : 1506,  "end" : 1507 }, 
        {"sofa" : 1,  "begin" : 1508,  "end" : 1510 }, 
        {"sofa" : 1,  "begin" : 1511,  "end" : 1512 }, 
        {"sofa" : 1,  "begin" : 1513,  "end" : 1521 }, 
        {"sofa" : 1,  "begin" : 1522,  "end" : 1527 }, 
        {"sofa" : 1,  "begin" : 1527,  "end" : 1528 }, 
        {"sofa" : 1,  "begin" : 1529,  "end" : 1532 }, 
        {"sofa" : 1,  "begin" : 1533,  "end" : 1538 }, 
        {"sofa" : 1,  "begin" : 1539,  "end" : 1544 }, 
        {"sofa" : 1,  "begin" : 1545,  "end" : 1551 }, 
        {"sofa" : 1,  "begin" : 1552,  "end" : 1560 }, 
        {"sofa" : 1,  "begin" : 1561,  "end" : 1567 }, 
        {"sofa" : 1,  "begin" : 1567,  "end" : 1568 }, 
        {"sofa" : 1,  "begin" : 1569,  "end" : 1572 }, 
        {"sofa" : 1,  "begin" : 1573,  "end" : 1576 }, 
        {"sofa" : 1,  "begin" : 1577,  "end" : 1578 }, 
        {"sofa" : 1,  "begin" : 1579,  "end" : 1582 }, 
        {"sofa" : 1,  "begin" : 1583,  "end" : 1585 }, 
        {"sofa" : 1,  "begin" : 1586,  "end" : 1590 }, 
        {"sofa" : 1,  "begin" : 1591,  "end" : 1594 }, 
        {"sofa" : 1,  "begin" : 1595,  "end" : 1601 }, 
        {"sofa" : 1,  "begin" : 1601,  "end" : 1602 }, 
        {"sofa" : 1,  "begin" : 1603,  "end" : 1608 }, 
        {"sofa" : 1,  "begin" : 1609,  "end" : 1615 }, 
        {"sofa" : 1,  "begin" : 1616,  "end" : 1621 }, 
        {"sofa" : 1,  "begin" : 1621,  "end" : 1622 }, 
        {"sofa" : 1,  "begin" : 1623,  "end" : 1625 }, 
        {"sofa" : 1,  "begin" : 1626,  "end" : 1627 }, 
        {"sofa" : 1,  "begin" : 1628,  "end" : 1633 }, 
        {"sofa" : 1,  "begin" : 1634,  "end" : 1639 }, 
        {"sofa" : 1,  "begin" : 1639,  "end" : 1640 }, 
        {"sofa" : 1,  "begin" : 1641,  "end" : 1644 }, 
        {"sofa" : 1,  "begin" : 1645,  "end" : 1649 }, 
        {"sofa" : 1,  "begin" : 1650,  "end" : 1655 }, 
        {"sofa" : 1,  "begin" : 1655,  "end" : 1656 }, 
        {"sofa" : 1,  "begin" : 1657,  "end" : 1661 }, 
        {"sofa" : 1,  "begin" : 1662,  "end" : 1665 }, 
        {"sofa" : 1,  "begin" : 1666,  "end" : 1671 }, 
        {"sofa" : 1,  "begin" : 1671,  "end" : 1672 }, 
        {"sofa" : 1,  "begin" : 1674,  "end" : 1681 }, 
        {"sofa" : 1,  "begin" : 1682,  "end" : 1683 }, 
        {"sofa" : 1,  "begin" : 1684,  "end" : 1685 }, 
        {"sofa" : 1,  "begin" : 1686,  "end" : 1689 }, 
        {"sofa" : 1,  "begin" : 1690,  "end" : 1697 }, 
        {"sofa" : 1,  "begin" : 1698,  "end" : 1700 }, 
        {"sofa" : 1,  "begin" : 1701,  "end" : 1705 }, 
        {"sofa" : 1,  "begin" : 1706,  "end" : 1713 }, 
        {"sofa" : 1,  "begin" : 1714,  "end" : 1717 }, 
        {"sofa" : 1,  "begin" : 1718,  "end" : 1724 }, 
        {"sofa" : 1,  "begin" : 1725,  "end" : 1730 }, 
        {"sofa" : 1,  "begin" : 1731,  "end" : 1733 }, 
        {"sofa" : 1,  "begin" : 1734,  "end" : 1738 }, 
        {"sofa" : 1,  "begin" : 1739,  "end" : 1745 }, 
        {"sofa" : 1,  "begin" : 1746,  "end" : 1747 }, 
        {"sofa" : 1,  "begin" : 1748,  "end" : 1749 }, 
        {"sofa" : 1,  "begin" : 1750,  "end" : 1756 }, 
        {"sofa" : 1,  "begin" : 1757,  "end" : 1760 }, 
        {"sofa" : 1,  "begin" : 1761,  "end" : 1763 }, 
        {"sofa" : 1,  "begin" : 1764,  "end" : 1769 }, 
        {"sofa" : 1,  "begin" : 1769,  "end" : 1770 }, 
        {"sofa" : 1,  "begin" : 1771,  "end" : 1773 }, 
        {"sofa" : 1,  "begin" : 1774,  "end" : 1777 }, 
        {"sofa" : 1,  "begin" : 1778,  "end" : 1782 }, 
        {"sofa" : 1,  "begin" : 1783,  "end" : 1787 }, 
        {"sofa" : 1,  "begin" : 1787,  "end" : 1788 }, 
        {"sofa" : 1,  "begin" : 1789,  "end" : 1793 }, 
        {"sofa" : 1,  "begin" : 1794,  "end" : 1799 }, 
        {"sofa" : 1,  "begin" : 1800,  "end" : 1807 }, 
        {"sofa" : 1,  "begin" : 1808,  "end" : 1815 }, 
        {"sofa" : 1,  "begin" : 1816,  "end" : 1819 }, 
        {"sofa" : 1,  "begin" : 1820,  "end" : 1821 }, 
        {"sofa" : 1,  "begin" : 1822,  "end" : 1826 }, 
        {"sofa" : 1,  "begin" : 1826,  "end" : 1827 }, 
        {"sofa" : 1,  "begin" : 1828,  "end" : 1832 }, 
        {"sofa" : 1,  "begin" : 1833,  "end" : 1835 }, 
        {"sofa" : 1,  "begin" : 1835,  "end" : 1836 }, 
        {"sofa" : 1,  "begin" : 1837,  "end" : 1840 }, 
        {"sofa" : 1,  "begin" : 1841,  "end" : 1849 }, 
        {"sofa" : 1,  "begin" : 1850,  "end" : 1855 }, 
        {"sofa" : 1,  "begin" : 1855,  "end" : 1856 }, 
        {"sofa" : 1,  "begin" : 1857,  "end" : 1869 }, 
        {"sofa" : 1,  "begin" : 1870,  "end" : 1875 }, 
        {"sofa" : 1,  "begin" : 1876,  "end" : 1882 }, 
        {"sofa" : 1,  "begin" : 1883,  "end" : 1890 }, 
        {"sofa" : 1,  "begin" : 1890,  "end" : 1891 }, 
        {"sofa" : 1,  "begin" : 1892,  "end" : 1897 }, 
        {"sofa" : 1,  "begin" : 1898,  "end" : 1902 }, 
        {"sofa" : 1,  "begin" : 1903,  "end" : 1907 }, 
        {"sofa" : 1,  "begin" : 1908,  "end" : 1914 }, 
        {"sofa" : 1,  "begin" : 1915,  "end" : 1921 }, 
        {"sofa" : 1,  "begin" : 1922,  "end" : 1927 }, 
        {"sofa" : 1,  "begin" : 1928,  "end" : 1932 }, 
        {"sofa" : 1,  "begin" : 1933,  "end" : 1936 }, 
        {"sofa" : 1,  "begin" : 1937,  "end" : 1943 }, 
        {"sofa" : 1,  "begin" : 1943,  "end" : 1944 }, 
        {"sofa" : 1,  "begin" : 1945,  "end" : 1948 }, 
        {"sofa" : 1,  "begin" : 1949,  "end" : 1958 }, 
        {"sofa" : 1,  "begin" : 1959,  "end" : 1962 }, 
        {"sofa" : 1,  "begin" : 1963,  "end" : 1971 }, 
        {"sofa" : 1,  "begin" : 1971,  "end" : 1972 }, 
        {"sofa" : 1,  "begin" : 1973,  "end" : 1976 }, 
        {"sofa" : 1,  "begin" : 1977,  "end" : 1983 }, 
        {"sofa" : 1,  "begin" : 1984,  "end" : 1987 }, 
        {"sofa" : 1,  "begin" : 1987,  "end" : 1988 }, 
        {"sofa" : 1,  "begin" : 1989,  "end" : 1992 }, 
        {"sofa" : 1,  "begin" : 1993,  "end" : 1999 }, 
        {"sofa" : 1,  "begin" : 2000,  "end" : 2002 }, 
        {"sofa" : 1,  "begin" : 2003,  "end" : 2009 }, 
        {"sofa" : 1,  "begin" : 2010,  "end" : 2020 }, 
        {"sofa" : 1,  "begin" : 2021,  "end" : 2023 }, 
        {"sofa" : 1,  "begin" : 2024,  "end" : 2027 }, 
        {"sofa" : 1,  "begin" : 2028,  "end" : 2034 }, 
        {"sofa" : 1,  "begin" : 2034,  "end" : 2035 }, 
        {"sofa" : 1,  "begin" : 2036,  "end" : 2039 }, 
        {"sofa" : 1,  "begin" : 2040,  "end" : 2044 }, 
        {"sofa" : 1,  "begin" : 2045,  "end" : 2051 }, 
        {"sofa" : 1,  "begin" : 2052,  "end" : 2054 }, 
        {"sofa" : 1,  "begin" : 2055,  "end" : 2058 }, 
        {"sofa" : 1,  "begin" : 2059,  "end" : 2066 }, 
        {"sofa" : 1,  "begin" : 2066,  "end" : 2067 }, 
        {"sofa" : 1,  "begin" : 2068,  "end" : 2071 }, 
        {"sofa" : 1,  "begin" : 2072,  "end" : 2077 }, 
        {"sofa" : 1,  "begin" : 2078,  "end" : 2087 }, 
        {"sofa" : 1,  "begin" : 2088,  "end" : 2091 }, 
        {"sofa" : 1,  "begin" : 2092,  "end" : 2099 }, 
        {"sofa" : 1,  "begin" : 2099,  "end" : 2100 }, 
        {"sofa" : 1,  "begin" : 2101,  "end" : 2102 }, 
        {"sofa" : 1,  "begin" : 2102,  "end" : 2103 }, 
        {"sofa" : 1,  "begin" : 2103,  "end" : 2104 }, 
        {"sofa" : 1,  "begin" : 2105,  "end" : 2106 }, 
        {"sofa" : 1,  "begin" : 2107,  "end" : 2110 }, 
        {"sofa" : 1,  "begin" : 2111,  "end" : 2113 }, 
        {"sofa" : 1,  "begin" : 2114,  "end" : 2119 }, 
        {"sofa" : 1,  "begin" : 2120,  "end" : 2123 }, 
        {"sofa" : 1,  "begin" : 2123,  "end" : 2124 }, 
        {"sofa" : 1,  "begin" : 2125,  "end" : 2127 }, 
        {"sofa" : 1,  "begin" : 2128,  "end" : 2135 }, 
        {"sofa" : 1,  "begin" : 2136,  "end" : 2139 }, 
        {"sofa" : 1,  "begin" : 2140,  "end" : 2141 }, 
        {"sofa" : 1,  "begin" : 2142,  "end" : 2148 }, 
        {"sofa" : 1,  "begin" : 2149,  "end" : 2152 }, 
        {"sofa" : 1,  "begin" : 2153,  "end" : 2159 }, 
        {"sofa" : 1,  "begin" : 2160,  "end" : 2167 }, 
        {"sofa" : 1,  "begin" : 2167,  "end" : 2168 } ] } }, 
  "_referenced_fss" : {
    "1" : {"_type" : "Sofa",  "sofaNum" : 1,  "sofaID" : "_InitialView",  "mimeType" : "text",  "sofaString" : "Lobsters and Crabs , though exceedingly different in\nfigure, have propensities and habits of great similarity.\nThey annually cast their shells, and obtain new ones,\ncompletely hardened, in little more than forty-eight\nhours. They are extremely fierce and voracious, but\nwhen they chance to lose a limb in their frequent combats, it is completely renewed in about three weeks.\n\nIf a lobster be new, it has a pleasant scent at that\npart of the tail which joins to the body, and the tail\nwill, when opened, fall smart, like a spring; but when\nstale, it has a rank scent, and the tail limber and flagging. If it be spent, a white scurf will issue from the\nmouth and roots of the small legs. If it be full, the\ntail, about the middle, will be full of hard reddish\nskinned meat, which you may discover by thrusting a\nknife between the joints, on the bend of the tail. The\nheaviest are best, if there be no water in them. The\ncock is generally smaller than the hen, of a deeper\nred when boiled, has no spawn or seed under its tail,\nand the uppermost fins within its tail are stiff and\nhard.\n\nLobsters are in season during the summer months.\n\nCray Fish — should be chosen by the same rules as\nlobsters.\n\nCrabs . — The heaviest are best, whether small or\nlarge, and those of a middling size are sweetest. If\nlight they are watery ; when in perfection the joints of\nthe legs are stiff, and the body has a very agreeable\nsmell. The eyes look dead and loose when stale.\n\nPrawns and Shrimps , if they are hard and stiff, of a\npleasant scent, and their tails turned strongly inward,\nare new ; but if they are limber, their colour faded, of\na faint smell, and feel slimy, they are stale.\n\nOysters . — The oysters of this country are unlike\nthose of some others ; a single one of which, it has\nbeen said, will serve several persons for a meal. With\nus, the smallest kinds, particularly those termed Natives, which come into season rather later than the\nothers, are generally the sweetest. For eating raw,\nthe native is indeed preferable to all others. The\nrock oyster is the largest, and suits admirably for\nstewing, &c. ; but if eaten raw, it usually has a coarse\nand strong flavour.\n\n" }, 
    "6167" : {"_type" : "Span",  "sofa" : 1,  "begin" : 416,  "end" : 421,  "label" : "Smell_Word" }, 
    "6172" : {"_type" : "Span",  "sofa" : 1,  "begin" : 407,  "end" : 415,  "label" : "Quality" }, 
    "6184" : {"_type" : "Span",  "sofa" : 1,  "begin" : 380,  "end" : 389,  "label" : "Smell_Source" }, 
    "6189" : {"_type" : "Span",  "sofa" : 1,  "begin" : 390,  "end" : 396,  "label" : "Circumstances" }, 
    "6225" : {"_type" : "Span",  "sofa" : 1,  "begin" : 547,  "end" : 549,  "label" : "Smell_Source" }, 
    "6242" : {"_type" : "Span",  "sofa" : 1,  "begin" : 561,  "end" : 566,  "label" : "Smell_Word" }, 
    "6237" : {"_type" : "Span",  "sofa" : 1,  "begin" : 556,  "end" : 560,  "label" : "Quality" }, 
    "6220" : {"_type" : "Span",  "sofa" : 1,  "begin" : 535,  "end" : 545,  "label" : "Circumstances" }, 
    "6288" : {"_type" : "Span",  "sofa" : 1,  "begin" : 1410,  "end" : 1415,  "label" : "Smell_Word" }, 
    "6300" : {"_type" : "Span",  "sofa" : 1,  "begin" : 1380,  "end" : 1388,  "label" : "Smell_Source" }, 
    "6283" : {"_type" : "Span",  "sofa" : 1,  "begin" : 1395,  "end" : 1409,  "label" : "Quality" }, 
    "6324" : {"_type" : "Span",  "sofa" : 1,  "begin" : 1522,  "end" : 1527,  "label" : "Smell_Word" }, 
    "6334" : {"_type" : "Span",  "sofa" : 1,  "begin" : 1459,  "end" : 1465,  "label" : "Smell_Source" }, 
    "6339" : {"_type" : "Span",  "sofa" : 1,  "begin" : 1470,  "end" : 1477,  "label" : "Smell_Source" }, 
    "6319" : {"_type" : "Span",  "sofa" : 1,  "begin" : 1513,  "end" : 1521,  "label" : "Quality" }, 
    "6384" : {"_type" : "Span",  "sofa" : 1,  "begin" : 1480,  "end" : 1506,  "label" : "Circumstances" }, 
    "6365" : {"_type" : "Span",  "sofa" : 1,  "begin" : 1586,  "end" : 1590,  "label" : "Smell_Source" }, 
    "6401" : {"_type" : "Span",  "sofa" : 1,  "begin" : 1634,  "end" : 1639,  "label" : "Smell_Word" }, 
    "6406" : {"_type" : "Span",  "sofa" : 1,  "begin" : 1628,  "end" : 1633,  "label" : "Quality" }, 
    "6396" : {"_type" : "Span",  "sofa" : 1,  "begin" : 1583,  "end" : 1601,  "label" : "Circumstances" } } }