#FORMAT=WebAnno TSV 3.3
#T_SP=custom.Span|label


#Text=Durch eine lange scharfe Schneide, die mechanisch mit großer Geschwindig- 
#Text=keit hinabsaust, werden alle 50 Zöpfe auf einmal dicht am Kopfe glatt durch- 
#Text=
#Text=
#Text=406 
#Text=
#Text=
#Text=Fetischismus.
1-1	2-7	Durch	_	
1-2	8-12	eine	_	
1-3	13-18	lange	_	
1-4	19-26	scharfe	_	
1-5	27-35	Schneide	_	
1-6	35-36	,	_	
1-7	37-40	die	_	
1-8	41-51	mechanisch	_	
1-9	52-55	mit	_	
1-10	56-62	großer	_	
1-11	63-74	Geschwindig	_	
1-12	74-75	-	_	
1-13	77-81	keit	_	
1-14	82-92	hinabsaust	_	
1-15	92-93	,	_	
1-16	94-100	werden	_	
1-17	101-105	alle	_	
1-18	106-108	50	_	
1-19	109-114	Zöpfe	_	
1-20	115-118	auf	_	
1-21	119-125	einmal	_	
1-22	126-131	dicht	_	
1-23	132-134	am	_	
1-24	135-140	Kopfe	_	
1-25	141-146	glatt	_	
1-26	147-152	durch	_	
1-27	152-153	-	_	
1-28	157-160	406	_	
1-29	164-176	Fetischismus	_	
1-30	176-177	.	_	

#Text=geschnitten.
2-1	181-192	geschnitten	_	
2-2	192-193	.	_	

#Text=Dann kommen sie in die großen Glasschränke, dort werden sie 
#Text=hineingehängt.
3-1	194-198	Dann	_	
3-2	199-205	kommen	_	
3-3	206-209	sie	_	
3-4	210-212	in	_	
3-5	213-216	die	_	
3-6	217-223	großen	_	
3-7	224-236	Glasschränke	_	
3-8	236-237	,	_	
3-9	238-242	dort	_	
3-10	243-249	werden	_	
3-11	250-253	sie	_	
3-12	255-268	hineingehängt	_	
3-13	268-269	.	_	

#Text=Dann habe er noch besondere Lieblinge, auch deren Locken
#Text=
#Text=fielen der Schere anheim, es geht dabei besonders feierlich zu und das Haar 
#Text=wird in prächtigen Ilolzkasten aufbewahrt, die innen mit farbiger Seide aus- 
#Text=geschlagen sind.
4-1	270-274	Dann	_	
4-2	275-279	habe	_	
4-3	280-282	er	_	
4-4	283-287	noch	_	
4-5	288-297	besondere	_	
4-6	298-307	Lieblinge	_	
4-7	307-308	,	_	
4-8	309-313	auch	_	
4-9	314-319	deren	_	
4-10	320-326	Locken	_	
4-11	328-334	fielen	_	
4-12	335-338	der	_	
4-13	339-345	Schere	_	
4-14	346-352	anheim	_	
4-15	352-353	,	_	
4-16	354-356	es	_	
4-17	357-361	geht	_	
4-18	362-367	dabei	_	
4-19	368-377	besonders	_	
4-20	378-387	feierlich	_	
4-21	388-390	zu	_	
4-22	391-394	und	_	
4-23	395-398	das	_	
4-24	399-403	Haar	_	
4-25	405-409	wird	_	
4-26	410-412	in	_	
4-27	413-423	prächtigen	_	
4-28	424-435	Ilolzkasten	_	
4-29	436-446	aufbewahrt	_	
4-30	446-447	,	_	
4-31	448-451	die	_	
4-32	452-457	innen	_	
4-33	458-461	mit	_	
4-34	462-470	farbiger	_	
4-35	471-476	Seide	_	
4-36	477-480	aus	_	
4-37	480-481	-	_	
4-38	483-493	geschlagen	_	
4-39	494-498	sind	_	
4-40	498-499	.	_	

#Text=Dann seine Frau, die hat zwei herrliche hellblonde Zöpfe, die 
#Text=weit länger sind, als sie groß ist.
5-1	500-504	Dann	_	
5-2	505-510	seine	_	
5-3	511-515	Frau	_	
5-4	515-516	,	_	
5-5	517-520	die	_	
5-6	521-524	hat	_	
5-7	525-529	zwei	_	
5-8	530-539	herrliche	_	
5-9	540-550	hellblonde	_	
5-10	551-556	Zöpfe	_	
5-11	556-557	,	_	
5-12	558-561	die	_	
5-13	563-567	weit	_	
5-14	568-574	länger	_	
5-15	575-579	sind	_	
5-16	579-580	,	_	
5-17	581-584	als	_	
5-18	585-588	sie	_	
5-19	589-593	groß	_	
5-20	594-597	ist	_	
5-21	597-598	.	_	

#Text=Nachts schläft er neben ihr, wenn sie 
#Text=schläft, spielt er mit ihren Zöpfen, morgens kämmt er ihr selbst das Haar, 
#Text=und zwar auf einem besonderen Stuhle, der sich in die Höhe heben läßt, 
#Text=damit das lange Haar frei herunterhängen kann.
6-1	599-605	Nachts	_	
6-2	606-613	schläft	_	
6-3	614-616	er	_	
6-4	617-622	neben	_	
6-5	623-626	ihr	_	
6-6	626-627	,	_	
6-7	628-632	wenn	_	
6-8	633-636	sie	_	
6-9	638-645	schläft	_	
6-10	645-646	,	_	
6-11	647-653	spielt	_	
6-12	654-656	er	_	
6-13	657-660	mit	_	
6-14	661-666	ihren	_	
6-15	667-673	Zöpfen	_	
6-16	673-674	,	_	
6-17	675-682	morgens	_	
6-18	683-688	kämmt	_	
6-19	689-691	er	_	
6-20	692-695	ihr	_	
6-21	696-702	selbst	_	
6-22	703-706	das	_	
6-23	707-711	Haar	_	
6-24	711-712	,	_	
6-25	714-717	und	_	
6-26	718-722	zwar	_	
6-27	723-726	auf	_	
6-28	727-732	einem	_	
6-29	733-743	besonderen	_	
6-30	744-750	Stuhle	_	
6-31	750-751	,	_	
6-32	752-755	der	_	
6-33	756-760	sich	_	
6-34	761-763	in	_	
6-35	764-767	die	_	
6-36	768-772	Höhe	_	
6-37	773-778	heben	_	
6-38	779-783	läßt	_	
6-39	783-784	,	_	
6-40	786-791	damit	_	
6-41	792-795	das	_	
6-42	796-801	lange	_	
6-43	802-806	Haar	_	
6-44	807-811	frei	_	
6-45	812-826	herunterhängen	_	
6-46	827-831	kann	_	
6-47	831-832	.	_	

#Text=Schließlich stirbt sie jung, 
#Text=auf der Bahre schneidet er ihr die Zöpfe ab und schließt dann den Sarg.
7-1	833-844	Schließlich	_	
7-2	845-851	stirbt	_	
7-3	852-855	sie	_	
7-4	856-860	jung	_	
7-5	860-861	,	_	
7-6	863-866	auf	_	
7-7	867-870	der	_	
7-8	871-876	Bahre	_	
7-9	877-886	schneidet	_	
7-10	887-889	er	_	
7-11	890-893	ihr	_	
7-12	894-897	die	_	
7-13	898-903	Zöpfe	_	
7-14	904-906	ab	_	
7-15	907-910	und	_	
7-16	911-919	schließt	_	
7-17	920-924	dann	_	
7-18	925-928	den	_	
7-19	929-933	Sarg	_	
7-20	933-934	.	_	

#Text=Ähnliche Szenen erlebe er auf einer Lustjacht, er möge darüber nicht sprechen.
8-1	936-944	Ähnliche	_	
8-2	945-951	Szenen	_	
8-3	952-958	erlebe	_	
8-4	959-961	er	_	
8-5	962-965	auf	_	
8-6	966-971	einer	_	
8-7	972-981	Lustjacht	_	
8-8	981-982	,	_	
8-9	983-985	er	_	
8-10	986-990	möge	_	
8-11	991-998	darüber	_	
8-12	999-1004	nicht	_	
8-13	1005-1013	sprechen	_	
8-14	1013-1014	.	_	

#Text=Manchmal habe er das Gefühl, als ob das ganze Kopfkissen aus Zöpfen 
#Text=bestehe und auf ihn einige duftige Locken zerstreut seien.
9-1	1016-1024	Manchmal	_	
9-2	1025-1029	habe	_	
9-3	1030-1032	er	_	
9-4	1033-1036	das	_	
9-5	1037-1043	Gefühl	_	
9-6	1043-1044	,	_	
9-7	1045-1048	als	_	
9-8	1049-1051	ob	_	
9-9	1052-1055	das	_	
9-10	1056-1061	ganze	_	
9-11	1062-1072	Kopfkissen	_	
9-12	1073-1076	aus	_	
9-13	1077-1083	Zöpfen	_	
9-14	1085-1092	bestehe	_	
9-15	1093-1096	und	_	
9-16	1097-1100	auf	_	
9-17	1101-1104	ihn	_	
9-18	1105-1111	einige	_	
9-19	1112-1119	duftige	Smell\_Word[1]|Quality[2]	
9-20	1120-1126	Locken	Smell\_Source	
9-21	1127-1136	zerstreut	_	
9-22	1137-1142	seien	_	
9-23	1142-1143	.	_	

#Text=Er vergrabe in 
#Text=diese sein Gesicht und um Brust, Arme und Gesicht spielten und fächelten 
#Text=Locken.
10-1	1144-1146	Er	_	
10-2	1147-1155	vergrabe	_	
10-3	1156-1158	in	_	
10-4	1160-1165	diese	_	
10-5	1166-1170	sein	_	
10-6	1171-1178	Gesicht	_	
10-7	1179-1182	und	_	
10-8	1183-1185	um	_	
10-9	1186-1191	Brust	_	
10-10	1191-1192	,	_	
10-11	1193-1197	Arme	_	
10-12	1198-1201	und	_	
10-13	1202-1209	Gesicht	_	
10-14	1210-1218	spielten	_	
10-15	1219-1222	und	_	
10-16	1223-1232	fächelten	_	
10-17	1234-1240	Locken	_	
10-18	1240-1241	.	_	

#Text=Nachdem er dann durch Onanieren Samenerguß gehabt hätte, fühle 
#Text=er sich ganz matt, erst nach und nach könne er dann unter Abklingen der 
#Text=Erregung einschlafen, meist aber finde er erst nach Stunden Schlaf.
11-1	1242-1249	Nachdem	_	
11-2	1250-1252	er	_	
11-3	1253-1257	dann	_	
11-4	1258-1263	durch	_	
11-5	1264-1273	Onanieren	_	
11-6	1274-1284	Samenerguß	_	
11-7	1285-1291	gehabt	_	
11-8	1292-1297	hätte	_	
11-9	1297-1298	,	_	
11-10	1299-1304	fühle	_	
11-11	1306-1308	er	_	
11-12	1309-1313	sich	_	
11-13	1314-1318	ganz	_	
11-14	1319-1323	matt	_	
11-15	1323-1324	,	_	
11-16	1325-1329	erst	_	
11-17	1330-1334	nach	_	
11-18	1335-1338	und	_	
11-19	1339-1343	nach	_	
11-20	1344-1349	könne	_	
11-21	1350-1352	er	_	
11-22	1353-1357	dann	_	
11-23	1358-1363	unter	_	
11-24	1364-1373	Abklingen	_	
11-25	1374-1377	der	_	
11-26	1379-1387	Erregung	_	
11-27	1388-1399	einschlafen	_	
11-28	1399-1400	,	_	
11-29	1401-1406	meist	_	
11-30	1407-1411	aber	_	
11-31	1412-1417	finde	_	
11-32	1418-1420	er	_	
11-33	1421-1425	erst	_	
11-34	1426-1430	nach	_	
11-35	1431-1438	Stunden	_	
11-36	1439-1445	Schlaf	_	
11-37	1445-1446	.	_	

#Text=Nicht 
#Text=selten hätte er in einer Nacht mehrfach Samenerguß gehabt.
12-1	1447-1452	Nicht	_	
12-2	1454-1460	selten	_	
12-3	1461-1466	hätte	_	
12-4	1467-1469	er	_	
12-5	1470-1472	in	_	
12-6	1473-1478	einer	_	
12-7	1479-1484	Nacht	_	
12-8	1485-1493	mehrfach	_	
12-9	1494-1504	Samenerguß	_	
12-10	1505-1511	gehabt	_	
12-11	1511-1512	.	_	

#Text=Er berühre 
#Text=sein Glied dabei nie mit den Händen, er läge meist auf der rechten Seite 
#Text=und mache stoßende Bewegungen, wobei sich sein Glied wohl an der Bett- 
#Text=decke reibe.
13-1	1513-1515	Er	_	
13-2	1516-1523	berühre	_	
13-3	1525-1529	sein	_	
13-4	1530-1535	Glied	_	
13-5	1536-1541	dabei	_	
13-6	1542-1545	nie	_	
13-7	1546-1549	mit	_	
13-8	1550-1553	den	_	
13-9	1554-1560	Händen	_	
13-10	1560-1561	,	_	
13-11	1562-1564	er	_	
13-12	1565-1569	läge	_	
13-13	1570-1575	meist	_	
13-14	1576-1579	auf	_	
13-15	1580-1583	der	_	
13-16	1584-1591	rechten	_	
13-17	1592-1597	Seite	_	
13-18	1599-1602	und	_	
13-19	1603-1608	mache	_	
13-20	1609-1617	stoßende	_	
13-21	1618-1628	Bewegungen	_	
13-22	1628-1629	,	_	
13-23	1630-1635	wobei	_	
13-24	1636-1640	sich	_	
13-25	1641-1645	sein	_	
13-26	1646-1651	Glied	_	
13-27	1652-1656	wohl	_	
13-28	1657-1659	an	_	
13-29	1660-1663	der	_	
13-30	1664-1668	Bett	_	
13-31	1668-1669	-	_	
13-32	1671-1676	decke	_	
13-33	1677-1682	reibe	_	
13-34	1682-1683	.	_	

#Text=Es dauere dabei manchmal längere Zeit, bis ein Samenerguß 
#Text=erfolge, wenn er aber sein Gesicht in die Haare vergrabe, dann hätte er sofort 
#Text=eine Ejakulation bekommen.
14-1	1684-1686	Es	_	
14-2	1687-1693	dauere	_	
14-3	1694-1699	dabei	_	
14-4	1700-1708	manchmal	_	
14-5	1709-1716	längere	_	
14-6	1717-1721	Zeit	_	
14-7	1721-1722	,	_	
14-8	1723-1726	bis	_	
14-9	1727-1730	ein	_	
14-10	1731-1741	Samenerguß	_	
14-11	1743-1750	erfolge	_	
14-12	1750-1751	,	_	
14-13	1752-1756	wenn	_	
14-14	1757-1759	er	_	
14-15	1760-1764	aber	_	
14-16	1765-1769	sein	_	
14-17	1770-1777	Gesicht	_	
14-18	1778-1780	in	_	
14-19	1781-1784	die	_	
14-20	1785-1790	Haare	_	
14-21	1791-1799	vergrabe	_	
14-22	1799-1800	,	_	
14-23	1801-1805	dann	_	
14-24	1806-1811	hätte	_	
14-25	1812-1814	er	_	
14-26	1815-1821	sofort	_	
14-27	1823-1827	eine	_	
14-28	1828-1839	Ejakulation	_	
14-29	1840-1848	bekommen	_	
14-30	1848-1849	.	_	

#Text=A. wurde für unzurechnungsfähig erklärt.
15-1	1850-1851	A	_	
15-2	1851-1852	.	_	
15-3	1853-1858	wurde	_	
15-4	1859-1862	für	_	
15-5	1863-1881	unzurechnungsfähig	_	
15-6	1882-1889	erklärt	_	
15-7	1889-1890	.	_	

#Text=(Mit- 
#Text=teilung der Polizeibehörde zu Hamburg.)
16-1	1891-1892	(	_	
16-2	1892-1895	Mit	_	
16-3	1895-1896	-	_	
16-4	1898-1905	teilung	_	
16-5	1906-1909	der	_	
16-6	1910-1924	Polizeibehörde	_	
16-7	1925-1927	zu	_	
16-8	1928-1935	Hamburg	_	
16-9	1935-1936	.	_	
16-10	1936-1937	)	_	

#Text=Über das weitere Schicksal des Robert St. finde ich in „Geschlecht und 
#Text=Charakter“ ergänzende Angaben.
17-1	1941-1945	Über	_	
17-2	1946-1949	das	_	
17-3	1950-1957	weitere	_	
17-4	1958-1967	Schicksal	_	
17-5	1968-1971	des	_	
17-6	1972-1978	Robert	_	
17-7	1979-1981	St	_	
17-8	1981-1982	.	_	
17-9	1983-1988	finde	_	
17-10	1989-1992	ich	_	
17-11	1993-1995	in	_	
17-12	1996-1997	„	_	
17-13	1997-2007	Geschlecht	_	
17-14	2008-2011	und	_	
17-15	2013-2022	Charakter	_	
17-16	2022-2023	“	_	
17-17	2024-2034	ergänzende	_	
17-18	2035-2042	Angaben	_	
17-19	2042-2043	.	_	
