#FORMAT=WebAnno TSV 3.3
#T_SP=custom.Span|label


#Text=die aldaar kunnen nagesien werden.
1-1	2-5	die	_	
1-2	6-12	aldaar	_	
1-3	13-19	kunnen	_	
1-4	20-28	nagesien	_	
1-5	29-35	werden	_	
1-6	35-36	.	_	

#Text=IV.
2-1	38-40	IV	_	
2-2	40-41	.	_	

#Text=Dat nu het water tot een vast lichaam ook door konst kan gebragt werden, is
#Text=blykelyk uit het Wonder-sout van Glauberus; 't geen na syn seggen alle vogten stremt.
3-1	42-45	Dat	_	
3-2	46-48	nu	_	
3-3	49-52	het	_	
3-4	53-58	water	_	
3-5	59-62	tot	_	
3-6	63-66	een	_	
3-7	67-71	vast	_	
3-8	72-79	lichaam	_	
3-9	80-83	ook	_	
3-10	84-88	door	_	
3-11	89-94	konst	_	
3-12	95-98	kan	_	
3-13	99-106	gebragt	_	
3-14	107-113	werden	_	
3-15	113-114	,	_	
3-16	115-117	is	_	
3-17	118-126	blykelyk	_	
3-18	127-130	uit	_	
3-19	131-134	het	_	
3-20	135-146	Wonder-sout	_	
3-21	147-150	van	_	
3-22	151-160	Glauberus	_	
3-23	160-161	;	_	
3-24	162-163	'	_	
3-25	163-164	t	_	
3-26	165-169	geen	_	
3-27	170-172	na	_	
3-28	173-176	syn	_	
3-29	177-183	seggen	_	
3-30	184-188	alle	_	
3-31	189-195	vogten	_	
3-32	196-202	stremt	_	
3-33	202-203	.	_	

#Text=Ende hebbe ik Rosewater in soo steen-hart een stoffe daar door bevonden verandert
#Text=te syn, dat het selve sterk tegen het glas, waar in het was, geschudt synde, dit daar
#Text=door gebroken wierde, en een gantsch stuk daar uit sprong.
4-1	206-210	Ende	_	
4-2	211-216	hebbe	_	
4-3	217-219	ik	_	
4-4	220-229	Rosewater	_	
4-5	230-232	in	_	
4-6	233-236	soo	_	
4-7	237-247	steen-hart	_	
4-8	248-251	een	_	
4-9	252-258	stoffe	_	
4-10	259-263	daar	_	
4-11	264-268	door	_	
4-12	269-277	bevonden	_	
4-13	278-287	verandert	_	
4-14	288-290	te	_	
4-15	291-294	syn	_	
4-16	294-295	,	_	
4-17	296-299	dat	_	
4-18	300-303	het	_	
4-19	304-309	selve	_	
4-20	310-315	sterk	_	
4-21	316-321	tegen	_	
4-22	322-325	het	_	
4-23	326-330	glas	_	
4-24	330-331	,	_	
4-25	332-336	waar	_	
4-26	337-339	in	_	
4-27	340-343	het	_	
4-28	344-347	was	_	
4-29	347-348	,	_	
4-30	349-357	geschudt	_	
4-31	358-363	synde	_	
4-32	363-364	,	_	
4-33	365-368	dit	_	
4-34	369-373	daar	_	
4-35	374-378	door	_	
4-36	379-387	gebroken	_	
4-37	388-394	wierde	_	
4-38	394-395	,	_	
4-39	396-398	en	_	
4-40	399-402	een	_	
4-41	403-410	gantsch	_	
4-42	411-415	stuk	_	
4-43	416-420	daar	_	
4-44	421-424	uit	_	
4-45	425-431	sprong	_	
4-46	431-432	.	_	

#Text=In andere vogten hebbe
#Text=ik sulx niet ondervonden;
#Text=dewyl aan my op die tyt geen wondersout meer overig
#Text=was; en een nieuwe toebereidinge wat te veel oppassens vereischte, om die nette
#Text=graet van sagte warmte aan te treffen, waar door dit sout sonder smelten tot poeyer
#Text=werden kan;
#Text=het geen egter hier nodigh is.
5-1	433-435	In	_	
5-2	436-442	andere	_	
5-3	443-449	vogten	_	
5-4	450-455	hebbe	_	
5-5	456-458	ik	_	
5-6	459-463	sulx	_	
5-7	464-468	niet	_	
5-8	469-480	ondervonden	_	
5-9	480-481	;	_	
5-10	482-487	dewyl	_	
5-11	488-491	aan	_	
5-12	492-494	my	_	
5-13	495-497	op	_	
5-14	498-501	die	_	
5-15	502-505	tyt	_	
5-16	506-510	geen	_	
5-17	511-521	wondersout	_	
5-18	522-526	meer	_	
5-19	527-533	overig	_	
5-20	534-537	was	_	
5-21	537-538	;	_	
5-22	539-541	en	_	
5-23	542-545	een	_	
5-24	546-552	nieuwe	_	
5-25	553-566	toebereidinge	_	
5-26	567-570	wat	_	
5-27	571-573	te	_	
5-28	574-578	veel	_	
5-29	579-588	oppassens	_	
5-30	589-599	vereischte	_	
5-31	599-600	,	_	
5-32	601-603	om	_	
5-33	604-607	die	_	
5-34	608-613	nette	_	
5-35	614-619	graet	_	
5-36	620-623	van	_	
5-37	624-629	sagte	_	
5-38	630-636	warmte	_	
5-39	637-640	aan	_	
5-40	641-643	te	_	
5-41	644-651	treffen	_	
5-42	651-652	,	_	
5-43	653-657	waar	_	
5-44	658-662	door	_	
5-45	663-666	dit	_	
5-46	667-671	sout	_	
5-47	672-678	sonder	_	
5-48	679-686	smelten	_	
5-49	687-690	tot	_	
5-50	691-697	poeyer	_	
5-51	698-704	werden	_	
5-52	705-708	kan	_	
5-53	708-709	;	_	
5-54	710-713	het	_	
5-55	714-718	geen	_	
5-56	719-724	egter	_	
5-57	725-729	hier	_	
5-58	730-736	nodigh	_	
5-59	737-739	is	_	
5-60	739-740	.	_	

#Text=Nogh een geval sal ik
#Text=hier by doen, dat aen myn (nu zalige) Broeder bejegent is;
#Text=
#Text=dewelke, van die vogt, welke by de Chymici geest genaamt wert, en uit het uitsteeksel
#Text=van paarde-hoeven gedestilleert was, eerst al het vlugtig sout by sublimatie
#Text=afgescheiden hebbende, gereet was om het overblyvende soo seer na brant riekende,
#Text=en genoegsaam geen teken van eenigh overblyvend vluchtig sout meer gevende
#Text=water, wegh te werpen: dog egter, om syne nieusgierigheit ontrent dese voght te
#Text=voldoen, goet vont deselve, met toeset alleen van assche uit den oven, weder
#Text=tedestilleeren;
#Text=doende tot dien einde, op een ongewone wyse, den gantschen kolf tot
#Text=boven toe, daar den helm op staet, vol assche; en vyer daar onder gelegt hebbende,
#Text=quam weder een seer heldere vogt over;
#Text=welke soo langh, als de voegen gestopt
#Text=bleven, vloeyend als water was.
6-1	742-746	Nogh	_	
6-2	747-750	een	_	
6-3	751-756	geval	_	
6-4	757-760	sal	_	
6-5	761-763	ik	_	
6-6	764-768	hier	_	
6-7	769-771	by	_	
6-8	772-776	doen	_	
6-9	776-777	,	_	
6-10	778-781	dat	_	
6-11	782-785	aen	_	
6-12	786-789	myn	_	
6-13	790-791	(	_	
6-14	791-793	nu	_	
6-15	794-800	zalige	_	
6-16	800-801	)	_	
6-17	802-809	Broeder	_	
6-18	810-818	bejegent	_	
6-19	819-821	is	_	
6-20	821-822	;	_	
6-21	824-831	dewelke	_	
6-22	831-832	,	_	
6-23	833-836	van	_	
6-24	837-840	die	_	
6-25	841-845	vogt	_	
6-26	845-846	,	_	
6-27	847-852	welke	_	
6-28	853-855	by	_	
6-29	856-858	de	_	
6-30	859-866	Chymici	_	
6-31	867-872	geest	_	
6-32	873-880	genaamt	_	
6-33	881-885	wert	_	
6-34	885-886	,	_	
6-35	887-889	en	_	
6-36	890-893	uit	_	
6-37	894-897	het	_	
6-38	898-909	uitsteeksel	_	
6-39	910-913	van	_	
6-40	914-927	paarde-hoeven	_	
6-41	928-941	gedestilleert	_	
6-42	942-945	was	_	
6-43	945-946	,	_	
6-44	947-952	eerst	_	
6-45	953-955	al	_	
6-46	956-959	het	_	
6-47	960-967	vlugtig	_	
6-48	968-972	sout	_	
6-49	973-975	by	_	
6-50	976-986	sublimatie	_	
6-51	987-999	afgescheiden	_	
6-52	1000-1008	hebbende	_	
6-53	1008-1009	,	_	
6-54	1010-1016	gereet	_	
6-55	1017-1020	was	_	
6-56	1021-1023	om	_	
6-57	1024-1027	het	_	
6-58	1028-1040	overblyvende	_	
6-59	1041-1044	soo	_	
6-60	1045-1049	seer	_	
6-61	1050-1052	na	_	
6-62	1053-1058	brant	_	
6-63	1059-1067	riekende	_	
6-64	1067-1068	,	_	
6-65	1069-1071	en	_	
6-66	1072-1082	genoegsaam	_	
6-67	1083-1087	geen	_	
6-68	1088-1093	teken	_	
6-69	1094-1097	van	_	
6-70	1098-1104	eenigh	_	
6-71	1105-1116	overblyvend	_	
6-72	1117-1125	vluchtig	_	
6-73	1126-1130	sout	_	
6-74	1131-1135	meer	_	
6-75	1136-1143	gevende	_	
6-76	1144-1149	water	_	
6-77	1149-1150	,	_	
6-78	1151-1155	wegh	_	
6-79	1156-1158	te	_	
6-80	1159-1165	werpen	_	
6-81	1165-1166	:	_	
6-82	1167-1170	dog	_	
6-83	1171-1176	egter	_	
6-84	1176-1177	,	_	
6-85	1178-1180	om	_	
6-86	1181-1185	syne	_	
6-87	1186-1201	nieusgierigheit	_	
6-88	1202-1209	ontrent	_	
6-89	1210-1214	dese	_	
6-90	1215-1220	voght	_	
6-91	1221-1223	te	_	
6-92	1224-1231	voldoen	_	
6-93	1231-1232	,	_	
6-94	1233-1237	goet	_	
6-95	1238-1242	vont	_	
6-96	1243-1250	deselve	_	
6-97	1250-1251	,	_	
6-98	1252-1255	met	_	
6-99	1256-1262	toeset	_	
6-100	1263-1269	alleen	_	
6-101	1270-1273	van	_	
6-102	1274-1280	assche	_	
6-103	1281-1284	uit	_	
6-104	1285-1288	den	_	
6-105	1289-1293	oven	_	
6-106	1293-1294	,	_	
6-107	1295-1300	weder	_	
6-108	1301-1315	tedestilleeren	_	
6-109	1315-1316	;	_	
6-110	1317-1323	doende	_	
6-111	1324-1327	tot	_	
6-112	1328-1332	dien	_	
6-113	1333-1338	einde	_	
6-114	1338-1339	,	_	
6-115	1340-1342	op	_	
6-116	1343-1346	een	_	
6-117	1347-1355	ongewone	_	
6-118	1356-1360	wyse	_	
6-119	1360-1361	,	_	
6-120	1362-1365	den	_	
6-121	1366-1375	gantschen	_	
6-122	1376-1380	kolf	_	
6-123	1381-1384	tot	_	
6-124	1385-1390	boven	_	
6-125	1391-1394	toe	_	
6-126	1394-1395	,	_	
6-127	1396-1400	daar	_	
6-128	1401-1404	den	_	
6-129	1405-1409	helm	_	
6-130	1410-1412	op	_	
6-131	1413-1418	staet	_	
6-132	1418-1419	,	_	
6-133	1420-1423	vol	_	
6-134	1424-1430	assche	_	
6-135	1430-1431	;	_	
6-136	1432-1434	en	_	
6-137	1435-1439	vyer	_	
6-138	1440-1444	daar	_	
6-139	1445-1450	onder	_	
6-140	1451-1457	gelegt	_	
6-141	1458-1466	hebbende	_	
6-142	1466-1467	,	_	
6-143	1468-1472	quam	_	
6-144	1473-1478	weder	_	
6-145	1479-1482	een	_	
6-146	1483-1487	seer	_	
6-147	1488-1495	heldere	_	
6-148	1496-1500	vogt	_	
6-149	1501-1505	over	_	
6-150	1505-1506	;	_	
6-151	1507-1512	welke	_	
6-152	1513-1516	soo	_	
6-153	1517-1522	langh	_	
6-154	1522-1523	,	_	
6-155	1524-1527	als	_	
6-156	1528-1530	de	_	
6-157	1531-1537	voegen	_	
6-158	1538-1545	gestopt	_	
6-159	1546-1552	bleven	_	
6-160	1552-1553	,	_	
6-161	1554-1562	vloeyend	_	
6-162	1563-1566	als	_	
6-163	1567-1572	water	_	
6-164	1573-1576	was	_	
6-165	1576-1577	.	_	

#Text=Maar deselve uit het recipient in een ronde en dikke
#Text=pints vlesse overgietende, bevont hy, dat deselve naulyx daar in synde, sigh strax in
#Text=een vast', wit, hart lichaam, als marmer veranderde, sonder dat de minste vloeybaare
#Text=vogtigheit sigh daar in vertoonde;
#Text=en nam dit vaste lichaam volkomen de figure van
#Text=het glas aan in alles, gelyk gesmolten loot gewoon is die van syn vorm, waar in het
#Text=gegoten wert, aan te nemen.
7-1	1578-1582	Maar	_	
7-2	1583-1590	deselve	_	
7-3	1591-1594	uit	_	
7-4	1595-1598	het	_	
7-5	1599-1608	recipient	_	
7-6	1609-1611	in	_	
7-7	1612-1615	een	_	
7-8	1616-1621	ronde	_	
7-9	1622-1624	en	_	
7-10	1625-1630	dikke	_	
7-11	1631-1636	pints	_	
7-12	1637-1643	vlesse	_	
7-13	1644-1656	overgietende	_	
7-14	1656-1657	,	_	
7-15	1658-1664	bevont	_	
7-16	1665-1667	hy	_	
7-17	1667-1668	,	_	
7-18	1669-1672	dat	_	
7-19	1673-1680	deselve	_	
7-20	1681-1687	naulyx	_	
7-21	1688-1692	daar	_	
7-22	1693-1695	in	_	
7-23	1696-1701	synde	_	
7-24	1701-1702	,	_	
7-25	1703-1707	sigh	_	
7-26	1708-1713	strax	_	
7-27	1714-1716	in	_	
7-28	1717-1720	een	_	
7-29	1721-1725	vast	_	
7-30	1725-1726	'	_	
7-31	1726-1727	,	_	
7-32	1728-1731	wit	_	
7-33	1731-1732	,	_	
7-34	1733-1737	hart	_	
7-35	1738-1745	lichaam	_	
7-36	1745-1746	,	_	
7-37	1747-1750	als	_	
7-38	1751-1757	marmer	_	
7-39	1758-1768	veranderde	_	
7-40	1768-1769	,	_	
7-41	1770-1776	sonder	_	
7-42	1777-1780	dat	_	
7-43	1781-1783	de	_	
7-44	1784-1790	minste	_	
7-45	1791-1801	vloeybaare	_	
7-46	1802-1812	vogtigheit	_	
7-47	1813-1817	sigh	_	
7-48	1818-1822	daar	_	
7-49	1823-1825	in	_	
7-50	1826-1835	vertoonde	_	
7-51	1835-1836	;	_	
7-52	1837-1839	en	_	
7-53	1840-1843	nam	_	
7-54	1844-1847	dit	_	
7-55	1848-1853	vaste	_	
7-56	1854-1861	lichaam	_	
7-57	1862-1870	volkomen	_	
7-58	1871-1873	de	_	
7-59	1874-1880	figure	_	
7-60	1881-1884	van	_	
7-61	1885-1888	het	_	
7-62	1889-1893	glas	_	
7-63	1894-1897	aan	_	
7-64	1898-1900	in	_	
7-65	1901-1906	alles	_	
7-66	1906-1907	,	_	
7-67	1908-1913	gelyk	_	
7-68	1914-1923	gesmolten	_	
7-69	1924-1928	loot	_	
7-70	1929-1935	gewoon	_	
7-71	1936-1938	is	_	
7-72	1939-1942	die	_	
7-73	1943-1946	van	_	
7-74	1947-1950	syn	_	
7-75	1951-1955	vorm	_	
7-76	1955-1956	,	_	
7-77	1957-1961	waar	_	
7-78	1962-1964	in	_	
7-79	1965-1968	het	_	
7-80	1969-1976	gegoten	_	
7-81	1977-1981	wert	_	
7-82	1981-1982	,	_	
7-83	1983-1986	aan	_	
7-84	1987-1989	te	_	
7-85	1990-1995	nemen	_	
7-86	1995-1996	.	_	

#Text=Het welk ik daar na meermalen met verwonderingh dus
#Text=beschout hebbe; tot dat eindelyk, na eenige maanden langh syn figuur en stant
#Text=gehouden te hebben, dit lichaam allenxkens (de flesse niet seer nauw gestopt synde)
#Text=
#Text=tot een vogt, in reuk, de aldersterkste geest van Hartshoorn of van sal Armoniac, soo
#Text=niet
#Text=overtreffende, immers volkomen gelyk synde, wederkeerde.
8-1	1997-2000	Het	_	
8-2	2001-2005	welk	_	
8-3	2006-2008	ik	_	
8-4	2009-2013	daar	_	
8-5	2014-2016	na	_	
8-6	2017-2026	meermalen	_	
8-7	2027-2030	met	_	
8-8	2031-2044	verwonderingh	_	
8-9	2045-2048	dus	_	
8-10	2049-2057	beschout	_	
8-11	2058-2063	hebbe	_	
8-12	2063-2064	;	_	
8-13	2065-2068	tot	_	
8-14	2069-2072	dat	_	
8-15	2073-2081	eindelyk	_	
8-16	2081-2082	,	_	
8-17	2083-2085	na	_	
8-18	2086-2092	eenige	_	
8-19	2093-2100	maanden	_	
8-20	2101-2106	langh	_	
8-21	2107-2110	syn	_	
8-22	2111-2117	figuur	_	
8-23	2118-2120	en	_	
8-24	2121-2126	stant	_	
8-25	2127-2135	gehouden	_	
8-26	2136-2138	te	_	
8-27	2139-2145	hebben	_	
8-28	2145-2146	,	_	
8-29	2147-2150	dit	_	
8-30	2151-2158	lichaam	_	
8-31	2159-2169	allenxkens	_	
8-32	2170-2171	(	_	
8-33	2171-2173	de	_	
8-34	2174-2180	flesse	_	
8-35	2181-2185	niet	_	
8-36	2186-2190	seer	_	
8-37	2191-2195	nauw	_	
8-38	2196-2203	gestopt	_	
8-39	2204-2209	synde	_	
8-40	2209-2210	)	_	
8-41	2212-2215	tot	_	
8-42	2216-2219	een	_	
8-43	2220-2224	vogt	_	
8-44	2224-2225	,	_	
8-45	2226-2228	in	_	
8-46	2229-2233	reuk	Smell\_Word	
8-47	2233-2234	,	_	
8-48	2235-2237	de	_	
8-49	2238-2251	aldersterkste	_	
8-50	2252-2257	geest	_	
8-51	2258-2261	van	_	
8-52	2262-2272	Hartshoorn	_	
8-53	2273-2275	of	_	
8-54	2276-2279	van	_	
8-55	2280-2283	sal	_	
8-56	2284-2292	Armoniac	_	
8-57	2292-2293	,	_	
8-58	2294-2297	soo	_	
8-59	2298-2302	niet	_	
8-60	2303-2316	overtreffende	_	
8-61	2316-2317	,	_	
8-62	2318-2324	immers	_	
8-63	2325-2333	volkomen	_	
8-64	2334-2339	gelyk	_	
8-65	2340-2345	synde	_	
8-66	2345-2346	,	_	
8-67	2347-2358	wederkeerde	_	
8-68	2358-2359	.	_	

#Text=Ik hebbe dit hier by gevoegt, om (dewyl by de Chymici dese vogt, als al het
#Text=vlughtigh sout, soo verre mogelyk is, daar af gescheiden wert, al-
#Text=
#Text=Bernard Nieuwentijt, Het regt gebruik der werelt beschouwingen
#Text=
#Text=\f397
9-1	2362-2364	Ik	_	
9-2	2365-2370	hebbe	_	
9-3	2371-2374	dit	_	
9-4	2375-2379	hier	_	
9-5	2380-2382	by	_	
9-6	2383-2390	gevoegt	_	
9-7	2390-2391	,	_	
9-8	2392-2394	om	_	
9-9	2395-2396	(	_	
9-10	2396-2401	dewyl	_	
9-11	2402-2404	by	_	
9-12	2405-2407	de	_	
9-13	2408-2415	Chymici	_	
9-14	2416-2420	dese	_	
9-15	2421-2425	vogt	_	
9-16	2425-2426	,	_	
9-17	2427-2430	als	_	
9-18	2431-2433	al	_	
9-19	2434-2437	het	_	
9-20	2438-2447	vlughtigh	_	
9-21	2448-2452	sout	_	
9-22	2452-2453	,	_	
9-23	2454-2457	soo	_	
9-24	2458-2463	verre	_	
9-25	2464-2471	mogelyk	_	
9-26	2472-2474	is	_	
9-27	2474-2475	,	_	
9-28	2476-2480	daar	_	
9-29	2481-2483	af	_	
9-30	2484-2494	gescheiden	_	
9-31	2495-2499	wert	_	
9-32	2499-2500	,	_	
9-33	2501-2503	al	_	
9-34	2503-2504	-	_	
9-35	2506-2513	Bernard	_	
9-36	2514-2525	Nieuwentijt	_	
9-37	2525-2526	,	_	
9-38	2527-2530	Het	_	
9-39	2531-2535	regt	_	
9-40	2536-2543	gebruik	_	
9-41	2544-2547	der	_	
9-42	2548-2554	werelt	_	
9-43	2555-2568	beschouwingen	_	
9-44	2571-2574	397	_	
