#FORMAT=WebAnno TSV 3.3
#T_SP=custom.Span|label
#T_RL=custom.Relation|label|BT_custom.Span


#Text=Den al-
#Text=lerbeſten findet man in der Jnſul Chio/ und
#Text=bald allein an dieſem ort bringt der Baum
#Text=
#Text=
#Text=das Gummi oder Hartz/ welches man Ma-
#Text=ſtix nennet.
1-1	2-5	Den	_	_	_	
1-2	6-8	al	_	_	_	
1-3	8-9	-	_	_	_	
1-4	10-19	lerbeſten	_	_	_	
1-5	20-26	findet	_	_	_	
1-6	27-30	man	_	_	_	
1-7	31-33	in	_	_	_	
1-8	34-37	der	_	_	_	
1-9	38-43	Jnſul	_	_	_	
1-10	44-48	Chio	_	_	_	
1-11	48-49	/	_	_	_	
1-12	50-53	und	_	_	_	
1-13	54-58	bald	_	_	_	
1-14	59-65	allein	_	_	_	
1-15	66-68	an	_	_	_	
1-16	69-75	dieſem	_	_	_	
1-17	76-79	ort	_	_	_	
1-18	80-86	bringt	_	_	_	
1-19	87-90	der	_	_	_	
1-20	91-95	Baum	_	_	_	
1-21	98-101	das	_	_	_	
1-22	102-107	Gummi	_	_	_	
1-23	108-112	oder	_	_	_	
1-24	113-118	Hartz	_	_	_	
1-25	118-119	/	_	_	_	
1-26	120-127	welches	_	_	_	
1-27	128-131	man	_	_	_	
1-28	132-134	Ma	_	_	_	
1-29	134-135	-	_	_	_	
1-30	136-140	ſtix	_	_	_	
1-31	141-147	nennet	_	_	_	
1-32	147-148	.	_	_	_	

#Text=Dieſer Baum iſt zweyer
#Text=Geſchlecht/ der
#Text=hohe und nidrige.
2-1	152-158	Dieſer	_	_	_	
2-2	159-163	Baum	_	_	_	
2-3	164-167	iſt	_	_	_	
2-4	168-174	zweyer	_	_	_	
2-5	175-185	Geſchlecht	_	_	_	
2-6	185-186	/	_	_	_	
2-7	187-190	der	_	_	_	
2-8	191-195	hohe	_	_	_	
2-9	196-199	und	_	_	_	
2-10	200-207	nidrige	_	_	_	
2-11	207-208	.	_	_	_	

#Text=Der hohe hat die laͤnge
#Text=eines mittelmaͤſſigen Baums.
3-1	209-212	Der	_	_	_	
3-2	213-217	hohe	_	_	_	
3-3	218-221	hat	_	_	_	
3-4	222-225	die	_	_	_	
3-5	226-232	laͤnge	_	_	_	
3-6	233-238	eines	_	_	_	
3-7	239-254	mittelmaͤſſigen	_	_	_	
3-8	255-260	Baums	_	_	_	
3-9	260-261	.	_	_	_	

#Text=Der nidrige
#Text=iſt in Jtalien gemein/ hat keinen ſonderli-
#Text=chen aufgerichten ſtamm/ denn bald von der
#Text=wurtzel ſteigen die zweige und gerten auff
#Text=wie in der Haſelſtauden.
4-1	262-265	Der	_	_	_	
4-2	266-273	nidrige	_	_	_	
4-3	274-277	iſt	_	_	_	
4-4	278-280	in	_	_	_	
4-5	281-288	Jtalien	_	_	_	
4-6	289-295	gemein	_	_	_	
4-7	295-296	/	_	_	_	
4-8	297-300	hat	_	_	_	
4-9	301-307	keinen	_	_	_	
4-10	308-316	ſonderli	_	_	_	
4-11	316-317	-	_	_	_	
4-12	318-322	chen	_	_	_	
4-13	323-335	aufgerichten	_	_	_	
4-14	336-341	ſtamm	_	_	_	
4-15	341-342	/	_	_	_	
4-16	343-347	denn	_	_	_	
4-17	348-352	bald	_	_	_	
4-18	353-356	von	_	_	_	
4-19	357-360	der	_	_	_	
4-20	361-368	wurtzel	_	_	_	
4-21	369-376	ſteigen	_	_	_	
4-22	377-380	die	_	_	_	
4-23	381-387	zweige	_	_	_	
4-24	388-391	und	_	_	_	
4-25	392-398	gerten	_	_	_	
4-26	399-403	auff	_	_	_	
4-27	404-407	wie	_	_	_	
4-28	408-410	in	_	_	_	
4-29	411-414	der	_	_	_	
4-30	415-427	Haſelſtauden	_	_	_	
4-31	427-428	.	_	_	_	

#Text=Beyde Baͤume
#Text=
#Text=haben blaͤtter wie der Myrꝛhenbaum/ auß-
#Text=genommen
#Text=daß ſie kleiner ſind/ fett/ muͤrb/
#Text=ſattgruͤn/ an dem umbkreiß/ und bey dem
#Text=ſtiel ein wenig roth/ riechen ſtarck/ und gruͤ-
#Text=nen ſtaͤts.
5-1	429-434	Beyde	Smell\_Source[1]	_	_	
5-2	435-441	Baͤume	Smell\_Source[1]	_	_	
5-3	443-448	haben	_	_	_	
5-4	449-457	blaͤtter	_	_	_	
5-5	458-461	wie	_	_	_	
5-6	462-465	der	_	_	_	
5-7	466-477	Myrꝛhenbaum	_	_	_	
5-8	477-478	/	_	_	_	
5-9	479-482	auß	_	_	_	
5-10	482-483	-	_	_	_	
5-11	484-492	genommen	_	_	_	
5-12	493-496	daß	_	_	_	
5-13	497-500	ſie	Smell\_Source	Anaphoric	5-1[1_0]	
5-14	501-508	kleiner	_	_	_	
5-15	509-513	ſind	_	_	_	
5-16	513-514	/	_	_	_	
5-17	515-519	fett	_	_	_	
5-18	519-520	/	_	_	_	
5-19	521-526	muͤrb	_	_	_	
5-20	526-527	/	_	_	_	
5-21	528-537	ſattgruͤn	_	_	_	
5-22	537-538	/	_	_	_	
5-23	539-541	an	_	_	_	
5-24	542-545	dem	_	_	_	
5-25	546-554	umbkreiß	_	_	_	
5-26	554-555	/	_	_	_	
5-27	556-559	und	_	_	_	
5-28	560-563	bey	_	_	_	
5-29	564-567	dem	_	_	_	
5-30	568-573	ſtiel	_	_	_	
5-31	574-577	ein	_	_	_	
5-32	578-583	wenig	_	_	_	
5-33	584-588	roth	_	_	_	
5-34	588-589	/	_	_	_	
5-35	590-597	riechen	Smell\_Word	*|*|*	5-36|5-13|5-1[1_0]	
5-36	598-604	ſtarck	Quality	_	_	
5-37	604-605	/	_	_	_	
5-38	606-609	und	_	_	_	
5-39	610-614	gruͤ	_	_	_	
5-40	614-615	-	_	_	_	
5-41	616-619	nen	_	_	_	
5-42	620-626	ſtaͤts	_	_	_	
5-43	626-627	.	_	_	_	

#Text=Die Rinde iſt roͤthlicht/ zaͤh und
#Text=ſchwanck.
6-1	628-631	Die	_	_	_	
6-2	632-637	Rinde	_	_	_	
6-3	638-641	iſt	_	_	_	
6-4	642-652	roͤthlicht	_	_	_	
6-5	652-653	/	_	_	_	
6-6	654-658	zaͤh	_	_	_	
6-7	659-662	und	_	_	_	
6-8	663-671	ſchwanck	_	_	_	
6-9	671-672	.	_	_	_	

#Text=Die Frucht iſt wie roͤthlichte
#Text=Beer
#Text=oder Weintrauben.
7-1	673-676	Die	_	_	_	
7-2	677-683	Frucht	_	_	_	
7-3	684-687	iſt	_	_	_	
7-4	688-691	wie	_	_	_	
7-5	692-703	roͤthlichte	_	_	_	
7-6	704-708	Beer	_	_	_	
7-7	709-713	oder	_	_	_	
7-8	714-725	Weintrauben	_	_	_	
7-9	725-726	.	_	_	_	

#Text=Auch ſiehet man an diſen
#Text=Baͤumen ſchoten/ die ſind an der ſpitzen
#Text=gebogen wie ein krumbs hoͤrnlein/ in dieſen
#Text=ſchoten ſteckt ein reine klare feuchtigkeit/
#Text=auß
#Text=welcher gefluͤgelte wuͤrme wachſen/ wie in
#Text=den ſchoten deß Ruͤſtholtzes uñ Terbenthin-
#Text=
#Text=baums.
8-1	727-731	Auch	_	_	_	
8-2	732-738	ſiehet	_	_	_	
8-3	739-742	man	_	_	_	
8-4	743-745	an	_	_	_	
8-5	746-751	diſen	_	_	_	
8-6	752-759	Baͤumen	_	_	_	
8-7	760-767	ſchoten	_	_	_	
8-8	767-768	/	_	_	_	
8-9	769-772	die	_	_	_	
8-10	773-777	ſind	_	_	_	
8-11	778-780	an	_	_	_	
8-12	781-784	der	_	_	_	
8-13	785-792	ſpitzen	_	_	_	
8-14	793-800	gebogen	_	_	_	
8-15	801-804	wie	_	_	_	
8-16	805-808	ein	_	_	_	
8-17	809-815	krumbs	_	_	_	
8-18	816-825	hoͤrnlein	_	_	_	
8-19	825-826	/	_	_	_	
8-20	827-829	in	_	_	_	
8-21	830-836	dieſen	_	_	_	
8-22	837-844	ſchoten	_	_	_	
8-23	845-851	ſteckt	_	_	_	
8-24	852-855	ein	_	_	_	
8-25	856-861	reine	_	_	_	
8-26	862-867	klare	_	_	_	
8-27	868-880	feuchtigkeit	_	_	_	
8-28	880-881	/	_	_	_	
8-29	882-885	auß	_	_	_	
8-30	886-893	welcher	_	_	_	
8-31	894-905	gefluͤgelte	_	_	_	
8-32	906-912	wuͤrme	_	_	_	
8-33	913-920	wachſen	_	_	_	
8-34	920-921	/	_	_	_	
8-35	922-925	wie	_	_	_	
8-36	926-928	in	_	_	_	
8-37	929-932	den	_	_	_	
8-38	933-940	ſchoten	_	_	_	
8-39	941-944	deß	_	_	_	
8-40	945-957	Ruͤſtholtzes	_	_	_	
8-41	958-960	uñ	_	_	_	
8-42	961-971	Terbenthin	_	_	_	
8-43	971-972	-	_	_	_	
8-44	974-979	baums	_	_	_	
8-45	979-980	.	_	_	_	

#Text=L 3
#Text=\f
#Text=[86/0102
#Text=]
9-1	984-985	L	_	_	_	
9-2	986-987	3	_	_	_	
9-3	990-991	[	_	_	_	
9-4	991-993	86	_	_	_	
9-5	993-994	/	_	_	_	
9-6	994-998	0102	_	_	_	
9-7	999-1000	]	_	_	_	
