#FORMAT=WebAnno TSV 3.3


#Text=der natuur, was in 1780 opgerigt.
1-1	3-6	der	
1-2	7-13	natuur	
1-3	13-14	,	
1-4	15-18	was	
1-5	19-21	in	
1-6	22-26	1780	
1-7	27-35	opgerigt	
1-8	35-36	.	

#Text=De heer Wichers, toen Raad Fiscaal, werd tot 
#Text=president verkozen, (zie bladz. 383) en naar Suriname, als Gouverneur-Generaal, 
#Text=teruggekeerd, bleef hij deze betrekking aanhouden.
2-1	37-39	De	
2-2	40-44	heer	
2-3	45-52	Wichers	
2-4	52-53	,	
2-5	54-58	toen	
2-6	59-63	Raad	
2-7	64-71	Fiscaal	
2-8	71-72	,	
2-9	73-77	werd	
2-10	78-81	tot	
2-11	83-92	president	
2-12	93-101	verkozen	
2-13	101-102	,	
2-14	103-104	(	
2-15	104-107	zie	
2-16	108-113	bladz	
2-17	113-114	.	
2-18	115-118	383	
2-19	118-119	)	
2-20	120-122	en	
2-21	123-127	naar	
2-22	128-136	Suriname	
2-23	136-137	,	
2-24	138-141	als	
2-25	142-161	Gouverneur-Generaal	
2-26	161-162	,	
2-27	164-176	teruggekeerd	
2-28	176-177	,	
2-29	178-183	bleef	
2-30	184-187	hij	
2-31	188-192	deze	
2-32	193-203	betrekking	
2-33	204-213	aanhouden	
2-34	213-214	.	

#Text=Maandelijks werd er vergadering 
#Text=gehouden en alsdan de door de leden ingeleverde geschriften gelezen en 
#Text=bediscussierd.
3-1	215-226	Maandelijks	
3-2	227-231	werd	
3-3	232-234	er	
3-4	235-246	vergadering	
3-5	248-256	gehouden	
3-6	257-259	en	
3-7	260-266	alsdan	
3-8	267-269	de	
3-9	270-274	door	
3-10	275-277	de	
3-11	278-283	leden	
3-12	284-295	ingeleverde	
3-13	296-307	geschriften	
3-14	308-315	gelezen	
3-15	316-318	en	
3-16	320-333	bediscussierd	
3-17	333-334	.	

#Text=De akkerbouw en de natuurlijke historie van Suriname waren voornamelijk de 
#Text=onderwerpen, welke dan werden behandeld.
4-1	339-341	De	
4-2	342-351	akkerbouw	
4-3	352-354	en	
4-4	355-357	de	
4-5	358-369	natuurlijke	
4-6	370-378	historie	
4-7	379-382	van	
4-8	383-391	Suriname	
4-9	392-397	waren	
4-10	398-410	voornamelijk	
4-11	411-413	de	
4-12	415-426	onderwerpen	
4-13	426-427	,	
4-14	428-433	welke	
4-15	434-437	dan	
4-16	438-444	werden	
4-17	445-454	behandeld	
4-18	454-455	.	

#Text=Ook werden metereologische 
#Text=waarnemingen gedaan, omtrent den staat des dampkrings, de zwaarte der lucht, 
#Text=de winden, die genoegzaam bestendig in elke maand waaijen, de graden van koude 
#Text=en warmte, volgens thermometer en barometer.
5-1	456-459	Ook	
5-2	460-466	werden	
5-3	467-482	metereologische	
5-4	484-496	waarnemingen	
5-5	497-503	gedaan	
5-6	503-504	,	
5-7	505-512	omtrent	
5-8	513-516	den	
5-9	517-522	staat	
5-10	523-526	des	
5-11	527-537	dampkrings	
5-12	537-538	,	
5-13	539-541	de	
5-14	542-549	zwaarte	
5-15	550-553	der	
5-16	554-559	lucht	
5-17	559-560	,	
5-18	562-564	de	
5-19	565-571	winden	
5-20	571-572	,	
5-21	573-576	die	
5-22	577-587	genoegzaam	
5-23	588-597	bestendig	
5-24	598-600	in	
5-25	601-605	elke	
5-26	606-611	maand	
5-27	612-619	waaijen	
5-28	619-620	,	
5-29	621-623	de	
5-30	624-630	graden	
5-31	631-634	van	
5-32	635-640	koude	
5-33	642-644	en	
5-34	645-651	warmte	
5-35	651-652	,	
5-36	653-660	volgens	
5-37	661-672	thermometer	
5-38	673-675	en	
5-39	676-685	barometer	
5-40	685-686	.	

#Text=De geneesheer Schilling, een man vervuld met liefde voor de wetenschap, was 
#Text=een der ijverigste en verdienstelijkste leden van dit genootschap.
6-1	691-693	De	
6-2	694-704	geneesheer	
6-3	705-714	Schilling	
6-4	714-715	,	
6-5	716-719	een	
6-6	720-723	man	
6-7	724-731	vervuld	
6-8	732-735	met	
6-9	736-742	liefde	
6-10	743-747	voor	
6-11	748-750	de	
6-12	751-761	wetenschap	
6-13	761-762	,	
6-14	763-766	was	
6-15	768-771	een	
6-16	772-775	der	
6-17	776-786	ijverigste	
6-18	787-789	en	
6-19	790-807	verdienstelijkste	
6-20	808-813	leden	
6-21	814-817	van	
6-22	818-821	dit	
6-23	822-833	genootschap	
6-24	833-834	.	

#Text=Eigenaar eener 
#Text=uitgebreide verzameling van physische, chirurgische en optische instrumenten gaf 
#Text=hij zich veel moeite, om het onderwijs in de natuurkunde door proeven op te helderen, 
#Text=en alzoo de kennis daarvan onder de kolonisten te bevorderen.
7-1	835-843	Eigenaar	
7-2	844-849	eener	
7-3	851-862	uitgebreide	
7-4	863-874	verzameling	
7-5	875-878	van	
7-6	879-888	physische	
7-7	888-889	,	
7-8	890-902	chirurgische	
7-9	903-905	en	
7-10	906-914	optische	
7-11	915-927	instrumenten	
7-12	928-931	gaf	
7-13	933-936	hij	
7-14	937-941	zich	
7-15	942-946	veel	
7-16	947-953	moeite	
7-17	953-954	,	
7-18	955-957	om	
7-19	958-961	het	
7-20	962-971	onderwijs	
7-21	972-974	in	
7-22	975-977	de	
7-23	978-989	natuurkunde	
7-24	990-994	door	
7-25	995-1002	proeven	
7-26	1003-1005	op	
7-27	1006-1008	te	
7-28	1009-1017	helderen	
7-29	1017-1018	,	
7-30	1020-1022	en	
7-31	1023-1028	alzoo	
7-32	1029-1031	de	
7-33	1032-1038	kennis	
7-34	1039-1046	daarvan	
7-35	1047-1052	onder	
7-36	1053-1055	de	
7-37	1056-1066	kolonisten	
7-38	1067-1069	te	
7-39	1070-1080	bevorderen	
7-40	1080-1081	.	

#Text=Eene dergelijke 
#Text=wijze was hiertoe bij uitstek geschikt, want de in Suriname geborenen, die nimmer 
#Text=Europa hadden bezocht, hadden niet genoeg aan bloote bespiegelingen om een of 
#Text=ander afgetrokken onderwerp te begrijpen; doch zoo men op zigtbare wijze, door 
#Text=proeven, een en ander kon aantoonen, dan verstonden zij het zelfs beter dan 
#Text=gewoonlijk bij Europeanen het geval is.
8-1	1082-1086	Eene	
8-2	1087-1097	dergelijke	
8-3	1099-1104	wijze	
8-4	1105-1108	was	
8-5	1109-1116	hiertoe	
8-6	1117-1120	bij	
8-7	1121-1128	uitstek	
8-8	1129-1137	geschikt	
8-9	1137-1138	,	
8-10	1139-1143	want	
8-11	1144-1146	de	
8-12	1147-1149	in	
8-13	1150-1158	Suriname	
8-14	1159-1168	geborenen	
8-15	1168-1169	,	
8-16	1170-1173	die	
8-17	1174-1180	nimmer	
8-18	1182-1188	Europa	
8-19	1189-1195	hadden	
8-20	1196-1203	bezocht	
8-21	1203-1204	,	
8-22	1205-1211	hadden	
8-23	1212-1216	niet	
8-24	1217-1223	genoeg	
8-25	1224-1227	aan	
8-26	1228-1234	bloote	
8-27	1235-1249	bespiegelingen	
8-28	1250-1252	om	
8-29	1253-1256	een	
8-30	1257-1259	of	
8-31	1261-1266	ander	
8-32	1267-1278	afgetrokken	
8-33	1279-1288	onderwerp	
8-34	1289-1291	te	
8-35	1292-1301	begrijpen	
8-36	1301-1302	;	
8-37	1303-1307	doch	
8-38	1308-1311	zoo	
8-39	1312-1315	men	
8-40	1316-1318	op	
8-41	1319-1327	zigtbare	
8-42	1328-1333	wijze	
8-43	1333-1334	,	
8-44	1335-1339	door	
8-45	1341-1348	proeven	
8-46	1348-1349	,	
8-47	1350-1353	een	
8-48	1354-1356	en	
8-49	1357-1362	ander	
8-50	1363-1366	kon	
8-51	1367-1376	aantoonen	
8-52	1376-1377	,	
8-53	1378-1381	dan	
8-54	1382-1392	verstonden	
8-55	1393-1396	zij	
8-56	1397-1400	het	
8-57	1401-1406	zelfs	
8-58	1407-1412	beter	
8-59	1413-1416	dan	
8-60	1418-1428	gewoonlijk	
8-61	1429-1432	bij	
8-62	1433-1443	Europeanen	
8-63	1444-1447	het	
8-64	1448-1453	geval	
8-65	1454-1456	is	
8-66	1456-1457	.	

#Text=Bij voorbeeld vruchteloos zou men een 
#Text=Creool door redeneringen hebben getracht te bewijzen, dat de lucht, die wij 
#Text=inademen, werktuigelijk uit ons kan worden weggepompt, zoodat wij dezelve ten 
#Text=eenemale missen
#Text=, doch na eenige proeven met de luchtpomp in zijn bijzijn, begreep 
#Text=hij aanstonds de mogelijkheid en waarheid er van en was in staat, om daarover zeer
#Text=verstandig te redeneren(*).
#Text=
#Text=
#Text=
#Text=
#Text=
#Text=
#Text=
#Text=
#Text=
#Text=
#Text=
#Text=
#Text=
#Text=
#Text=
#Text=
#Text=(*)\t
#Text=Historische proeve
#Text=2de deel, bladz.
#Text=71.
9-1	1458-1461	Bij	
9-2	1462-1471	voorbeeld	
9-3	1472-1483	vruchteloos	
9-4	1484-1487	zou	
9-5	1488-1491	men	
9-6	1492-1495	een	
9-7	1497-1503	Creool	
9-8	1504-1508	door	
9-9	1509-1521	redeneringen	
9-10	1522-1528	hebben	
9-11	1529-1537	getracht	
9-12	1538-1540	te	
9-13	1541-1549	bewijzen	
9-14	1549-1550	,	
9-15	1551-1554	dat	
9-16	1555-1557	de	
9-17	1558-1563	lucht	
9-18	1563-1564	,	
9-19	1565-1568	die	
9-20	1569-1572	wij	
9-21	1574-1582	inademen	
9-22	1582-1583	,	
9-23	1584-1597	werktuigelijk	
9-24	1598-1601	uit	
9-25	1602-1605	ons	
9-26	1606-1609	kan	
9-27	1610-1616	worden	
9-28	1617-1627	weggepompt	
9-29	1627-1628	,	
9-30	1629-1635	zoodat	
9-31	1636-1639	wij	
9-32	1640-1647	dezelve	
9-33	1648-1651	ten	
9-34	1653-1661	eenemale	
9-35	1662-1668	missen	
9-36	1669-1670	,	
9-37	1671-1675	doch	
9-38	1676-1678	na	
9-39	1679-1685	eenige	
9-40	1686-1693	proeven	
9-41	1694-1697	met	
9-42	1698-1700	de	
9-43	1701-1710	luchtpomp	
9-44	1711-1713	in	
9-45	1714-1718	zijn	
9-46	1719-1726	bijzijn	
9-47	1726-1727	,	
9-48	1728-1735	begreep	
9-49	1737-1740	hij	
9-50	1741-1750	aanstonds	
9-51	1751-1753	de	
9-52	1754-1766	mogelijkheid	
9-53	1767-1769	en	
9-54	1770-1778	waarheid	
9-55	1779-1781	er	
9-56	1782-1785	van	
9-57	1786-1788	en	
9-58	1789-1792	was	
9-59	1793-1795	in	
9-60	1796-1801	staat	
9-61	1801-1802	,	
9-62	1803-1805	om	
9-63	1806-1814	daarover	
9-64	1815-1819	zeer	
9-65	1820-1830	verstandig	
9-66	1831-1833	te	
9-67	1834-1843	redeneren	
9-68	1843-1844	(	
9-69	1844-1845	*	
9-70	1845-1846	)	
9-71	1846-1847	.	
9-72	1864-1865	(	
9-73	1865-1866	*	
9-74	1866-1867	)	
9-75	1869-1880	Historische	
9-76	1881-1887	proeve	
9-77	1888-1891	2de	
9-78	1892-1896	deel	
9-79	1896-1897	,	
9-80	1898-1903	bladz	
9-81	1903-1904	.	
9-82	1905-1907	71	
9-83	1907-1908	.	

#Text=Dit genootschap had echter grooter vorderingen kunnen maken, indien de honoraire 
#Text=leden, die op de plantaadjes woonden, beter voldaan hadden aan het verzoek, om 
#Text=belangrijke waarnemingen omtrent het en een ander te maken en hiervan aan het 
#Text=bestuur kennis te geven; doch het ontbrak dezen heeren niet aan tijd maar wel aan 
#Text=lust(*).
10-1	1914-1917	Dit	
10-2	1918-1929	genootschap	
10-3	1930-1933	had	
10-4	1934-1940	echter	
10-5	1941-1948	grooter	
10-6	1949-1960	vorderingen	
10-7	1961-1967	kunnen	
10-8	1968-1973	maken	
10-9	1973-1974	,	
10-10	1975-1981	indien	
10-11	1982-1984	de	
10-12	1985-1994	honoraire	
10-13	1996-2001	leden	
10-14	2001-2002	,	
10-15	2003-2006	die	
10-16	2007-2009	op	
10-17	2010-2012	de	
10-18	2013-2024	plantaadjes	
10-19	2025-2032	woonden	
10-20	2032-2033	,	
10-21	2034-2039	beter	
10-22	2040-2047	voldaan	
10-23	2048-2054	hadden	
10-24	2055-2058	aan	
10-25	2059-2062	het	
10-26	2063-2070	verzoek	
10-27	2070-2071	,	
10-28	2072-2074	om	
10-29	2076-2087	belangrijke	
10-30	2088-2100	waarnemingen	
10-31	2101-2108	omtrent	
10-32	2109-2112	het	
10-33	2113-2115	en	
10-34	2116-2119	een	
10-35	2120-2125	ander	
10-36	2126-2128	te	
10-37	2129-2134	maken	
10-38	2135-2137	en	
10-39	2138-2145	hiervan	
10-40	2146-2149	aan	
10-41	2150-2153	het	
10-42	2155-2162	bestuur	
10-43	2163-2169	kennis	
10-44	2170-2172	te	
10-45	2173-2178	geven	
10-46	2178-2179	;	
10-47	2180-2184	doch	
10-48	2185-2188	het	
10-49	2189-2196	ontbrak	
10-50	2197-2202	dezen	
10-51	2203-2209	heeren	
10-52	2210-2214	niet	
10-53	2215-2218	aan	
10-54	2219-2223	tijd	
10-55	2224-2228	maar	
10-56	2229-2232	wel	
10-57	2233-2236	aan	
10-58	2238-2242	lust	
10-59	2242-2243	(	
10-60	2243-2244	*	
10-61	2244-2245	)	
10-62	2245-2246	.	

#Text=Het eerste bepaald letterkundig genootschap dankt zijn oorsprong aan een rijk 
#Text=bejaard Israliet, den heer de Montel.
11-1	2251-2254	Het	
11-2	2255-2261	eerste	
11-3	2262-2269	bepaald	
11-4	2270-2282	letterkundig	
11-5	2283-2294	genootschap	
11-6	2295-2300	dankt	
11-7	2301-2305	zijn	
11-8	2306-2315	oorsprong	
11-9	2316-2319	aan	
11-10	2320-2323	een	
11-11	2324-2328	rijk	
11-12	2330-2337	bejaard	
11-13	2338-2346	Israliet	
11-14	2346-2347	,	
11-15	2348-2351	den	
11-16	2352-2356	heer	
11-17	2357-2359	de	
11-18	2360-2366	Montel	
11-19	2366-2367	.	
