#FORMAT=WebAnno TSV 3.3
#T_SP=custom.Span|label
#T_RL=custom.Relation|label|BT_custom.Span


#Text=ben außgeſpitzt/ einer grawlicht-gruͤnen
#Text=
#Text=farb/
#Text=
#Text=
#Text=\f
#Text=[
#Text=199/0215]
#Text=
#Text=
#Text=Von den Baum- und Staud-Gewaͤchſen
1-1	3-6	ben	_	_	_	
1-2	7-18	außgeſpitzt	_	_	_	
1-3	18-19	/	_	_	_	
1-4	20-25	einer	_	_	_	
1-5	26-43	grawlicht-gruͤnen	_	_	_	
1-6	45-49	farb	_	_	_	
1-7	49-50	/	_	_	_	
1-8	55-56	[	_	_	_	
1-9	57-60	199	_	_	_	
1-10	60-61	/	_	_	_	
1-11	61-65	0215	_	_	_	
1-12	65-66	]	_	_	_	
1-13	69-72	Von	_	_	_	
1-14	73-76	den	_	_	_	
1-15	77-81	Baum	_	_	_	
1-16	81-82	-	_	_	_	
1-17	83-86	und	_	_	_	
1-18	87-103	Staud-Gewaͤchſen	_	_	_	

#Text=.
2-1	103-104	.	_	_	_	

#Text=[
#Text=Abbildung\tJamaiſcher Pfeffer-baum.
3-1	108-109	[	_	_	_	
3-2	110-119	Abbildung	_	_	_	
3-3	120-130	Jamaiſcher	_	_	_	
3-4	131-143	Pfeffer-baum	_	_	_	
3-5	143-144	.	_	_	_	

#Text=Piper Jamaicenſe.
#Text=
#Text=]
#Text=
#Text=farb/ und ſehr ſcharffen geſchmacks.
4-1	146-151	Piper	_	_	_	
4-2	152-162	Jamaicenſe	_	_	_	
4-3	162-163	.	_	_	_	
4-4	165-166	]	_	_	_	
4-5	168-172	farb	_	_	_	
4-6	172-173	/	_	_	_	
4-7	174-177	und	_	_	_	
4-8	178-182	ſehr	_	_	_	
4-9	183-192	ſcharffen	_	_	_	
4-10	193-203	geſchmacks	_	_	_	
4-11	203-204	.	_	_	_	

#Text=Die
#Text=Bluͤthe erſcheine ſcharlach-roth/ und in ge-
#Text=ſtalt des Granatenbluſts;
#Text=mit einem geruch
#Text=der Pomerantzen-bluͤhte.
5-1	205-208	Die	_	_	_	
5-2	209-216	Bluͤthe	Smell\_Source	_	_	
5-3	217-226	erſcheine	_	_	_	
5-4	227-241	ſcharlach-roth	_	_	_	
5-5	241-242	/	_	_	_	
5-6	243-246	und	_	_	_	
5-7	247-249	in	_	_	_	
5-8	250-252	ge	_	_	_	
5-9	252-253	-	_	_	_	
5-10	254-259	ſtalt	_	_	_	
5-11	260-263	des	_	_	_	
5-12	264-278	Granatenbluſts	_	_	_	
5-13	278-279	;	_	_	_	
5-14	280-283	mit	_	_	_	
5-15	284-289	einem	_	_	_	
5-16	290-296	geruch	Smell\_Word	*|*	5-18|5-2	
5-17	297-300	der	_	_	_	
5-18	301-320	Pomerantzen-bluͤhte	Evoked\_Odorant	_	_	
5-19	320-321	.	_	_	_	

#Text=Die Frucht waͤchſt
#Text=
#Text=buͤſchelein-weiß beyſammen/ und wie die
#Text=Weintrauben/ viel an einem kam̃.
6-1	322-325	Die	_	_	_	
6-2	326-332	Frucht	_	_	_	
6-3	333-340	waͤchſt	_	_	_	
6-4	342-358	buͤſchelein-weiß	_	_	_	
6-5	359-368	beyſammen	_	_	_	
6-6	368-369	/	_	_	_	
6-7	370-373	und	_	_	_	
6-8	374-377	wie	_	_	_	
6-9	378-381	die	_	_	_	
6-10	382-393	Weintrauben	_	_	_	
6-11	393-394	/	_	_	_	
6-12	395-399	viel	_	_	_	
6-13	400-402	an	_	_	_	
6-14	403-408	einem	_	_	_	
6-15	409-413	kam̃	_	_	_	
6-16	413-414	.	_	_	_	

#Text=Sie iſt
#Text=rund/ groͤſſer als der runde Pfeffer/ mit ei-
#Text=ner braunſchwartzen/ runtzlichten
#Text=rinden o-
#Text=
#Text=der ſchalen/ begreifft zwey ſchwartze/ mit
#Text=einem gruͤn-ſchwartzen
#Text=haͤutlein bedeckte
#Text=kernlein in ſich/ die aͤuſſerliche figur dieſer
#Text=Frucht kommet ſonſten ſehr wol/ mit dem
#Text=Granataͤpffel uͤberein:
#Text=ſie hat einen ſcharf-
#Text=fen Gewuͤrtz-geſchmack/ faſt wie die Ge-
#Text=
#Text=wuͤrtz-naͤgelein
#Text=.
7-1	415-418	Sie	_	_	_	
7-2	419-422	iſt	_	_	_	
7-3	423-427	rund	_	_	_	
7-4	427-428	/	_	_	_	
7-5	429-437	groͤſſer	_	_	_	
7-6	438-441	als	_	_	_	
7-7	442-445	der	_	_	_	
7-8	446-451	runde	_	_	_	
7-9	452-459	Pfeffer	_	_	_	
7-10	459-460	/	_	_	_	
7-11	461-464	mit	_	_	_	
7-12	465-467	ei	_	_	_	
7-13	467-468	-	_	_	_	
7-14	469-472	ner	_	_	_	
7-15	473-488	braunſchwartzen	_	_	_	
7-16	488-489	/	_	_	_	
7-17	490-502	runtzlichten	_	_	_	
7-18	503-509	rinden	_	_	_	
7-19	510-511	o	_	_	_	
7-20	511-512	-	_	_	_	
7-21	514-517	der	_	_	_	
7-22	518-525	ſchalen	_	_	_	
7-23	525-526	/	_	_	_	
7-24	527-536	begreifft	_	_	_	
7-25	537-541	zwey	_	_	_	
7-26	542-551	ſchwartze	_	_	_	
7-27	551-552	/	_	_	_	
7-28	553-556	mit	_	_	_	
7-29	557-562	einem	_	_	_	
7-30	563-579	gruͤn-ſchwartzen	_	_	_	
7-31	580-589	haͤutlein	_	_	_	
7-32	590-598	bedeckte	_	_	_	
7-33	599-607	kernlein	_	_	_	
7-34	608-610	in	_	_	_	
7-35	611-615	ſich	_	_	_	
7-36	615-616	/	_	_	_	
7-37	617-620	die	_	_	_	
7-38	621-633	aͤuſſerliche	_	_	_	
7-39	634-639	figur	_	_	_	
7-40	640-646	dieſer	_	_	_	
7-41	647-653	Frucht	_	_	_	
7-42	654-660	kommet	_	_	_	
7-43	661-668	ſonſten	_	_	_	
7-44	669-673	ſehr	_	_	_	
7-45	674-677	wol	_	_	_	
7-46	677-678	/	_	_	_	
7-47	679-682	mit	_	_	_	
7-48	683-686	dem	_	_	_	
7-49	687-700	Granataͤpffel	_	_	_	
7-50	701-709	uͤberein	_	_	_	
7-51	709-710	:	_	_	_	
7-52	711-714	ſie	_	_	_	
7-53	715-718	hat	_	_	_	
7-54	719-724	einen	_	_	_	
7-55	725-731	ſcharf	_	_	_	
7-56	731-732	-	_	_	_	
7-57	733-736	fen	_	_	_	
7-58	737-755	Gewuͤrtz-geſchmack	_	_	_	
7-59	755-756	/	_	_	_	
7-60	757-761	faſt	_	_	_	
7-61	762-765	wie	_	_	_	
7-62	766-769	die	_	_	_	
7-63	770-772	Ge	_	_	_	
7-64	772-773	-	_	_	_	
7-65	775-791	wuͤrtz-naͤgelein	_	_	_	
7-66	792-793	.	_	_	_	

#Text=Darumb ſie auch heut zu
#Text=tag
8-1	794-800	Darumb	_	_	_	
8-2	801-804	ſie	_	_	_	
8-3	805-809	auch	_	_	_	
8-4	810-814	heut	_	_	_	
8-5	815-817	zu	_	_	_	
8-6	818-821	tag	_	_	_	
