#FORMAT=WebAnno TSV 3.3
#T_SP=custom.Span|label
#T_RL=custom.Relation|label|BT_custom.Span


#Text=Abſtammung.
1-1	3-13	Abſtammung	_	_	_	
1-2	13-14	.	_	_	_	

#Text=Das Färbematerial, welches unter dem Namen Orlean,
#Text=oder Anatto, Roucon, in den Handel kommt, wird aus der fleiſchigen,
#Text=roten, angenehm riechenden, bitter ſchmeckenden Samenſchale (nicht das
#Text=Mark der Frucht, wie einzelne Autoren angeben) des im tropiſchen Amerika
#Text=heimiſchen, in Oſtindien kultivierten, zur Familie der Cistiflorae gehörenden
#Text=Orleanbaumes, Bixa Orellana L. und Bixa Urucana Willd. gewonnen.
2-1	15-18	Das	_	_	_	
2-2	19-32	Färbematerial	_	_	_	
2-3	32-33	,	_	_	_	
2-4	34-41	welches	_	_	_	
2-5	42-47	unter	_	_	_	
2-6	48-51	dem	_	_	_	
2-7	52-57	Namen	_	_	_	
2-8	58-64	Orlean	_	_	_	
2-9	64-65	,	_	_	_	
2-10	66-70	oder	_	_	_	
2-11	71-77	Anatto	_	_	_	
2-12	77-78	,	_	_	_	
2-13	79-85	Roucon	_	_	_	
2-14	85-86	,	_	_	_	
2-15	87-89	in	_	_	_	
2-16	90-93	den	_	_	_	
2-17	94-100	Handel	_	_	_	
2-18	101-106	kommt	_	_	_	
2-19	106-107	,	_	_	_	
2-20	108-112	wird	_	_	_	
2-21	113-116	aus	_	_	_	
2-22	117-120	der	_	_	_	
2-23	121-132	fleiſchigen	_	_	_	
2-24	132-133	,	_	_	_	
2-25	134-139	roten	_	_	_	
2-26	139-140	,	_	_	_	
2-27	141-149	angenehm	Quality	_	_	
2-28	150-160	riechenden	Smell\_Word	_	_	
2-29	160-161	,	_	_	_	
2-30	162-168	bitter	_	_	_	
2-31	169-181	ſchmeckenden	_	_	_	
2-32	182-193	Samenſchale	Smell\_Source	_	_	
2-33	194-195	(	_	_	_	
2-34	195-200	nicht	_	_	_	
2-35	201-204	das	_	_	_	
2-36	205-209	Mark	_	_	_	
2-37	210-213	der	_	_	_	
2-38	214-220	Frucht	_	_	_	
2-39	220-221	,	_	_	_	
2-40	222-225	wie	_	_	_	
2-41	226-234	einzelne	_	_	_	
2-42	235-242	Autoren	_	_	_	
2-43	243-250	angeben	_	_	_	
2-44	250-251	)	_	_	_	
2-45	252-255	des	_	_	_	
2-46	256-258	im	_	_	_	
2-47	259-269	tropiſchen	_	_	_	
2-48	270-277	Amerika	_	_	_	
2-49	278-288	heimiſchen	_	_	_	
2-50	288-289	,	_	_	_	
2-51	290-292	in	_	_	_	
2-52	293-302	Oſtindien	_	_	_	
2-53	303-315	kultivierten	_	_	_	
2-54	315-316	,	_	_	_	
2-55	317-320	zur	_	_	_	
2-56	321-328	Familie	_	_	_	
2-57	329-332	der	_	_	_	
2-58	333-344	Cistiflorae	_	_	_	
2-59	345-355	gehörenden	_	_	_	
2-60	356-368	Orleanbaumes	_	_	_	
2-61	368-369	,	_	_	_	
2-62	370-374	Bixa	_	_	_	
2-63	375-383	Orellana	_	_	_	
2-64	384-385	L	_	_	_	
2-65	385-386	.	_	_	_	
2-66	387-390	und	_	_	_	
2-67	391-395	Bixa	_	_	_	
2-68	396-403	Urucana	_	_	_	
2-69	404-409	Willd	_	_	_	
2-70	409-410	.	_	_	_	
2-71	411-419	gewonnen	_	_	_	
2-72	419-420	.	_	_	_	

#Text=Dieſer iſt ein kleiner Baum mit herzförmigen Blättern und ſchön rötlich
#Text=
#Text=gefärbten Blütentrauben.
3-1	422-428	Dieſer	_	_	_	
3-2	429-432	iſt	_	_	_	
3-3	433-436	ein	_	_	_	
3-4	437-444	kleiner	_	_	_	
3-5	445-449	Baum	_	_	_	
3-6	450-453	mit	_	_	_	
3-7	454-466	herzförmigen	_	_	_	
3-8	467-475	Blättern	_	_	_	
3-9	476-479	und	_	_	_	
3-10	480-485	ſchön	_	_	_	
3-11	486-493	rötlich	_	_	_	
3-12	495-504	gefärbten	_	_	_	
3-13	505-518	Blütentrauben	_	_	_	
3-14	518-519	.	_	_	_	

#Text=Man läßt die Maſſe vergären und ſchlämmt den
#Text=Farbſtoff mittels Waſſer ab.
4-1	520-523	Man	_	_	_	
4-2	524-528	läßt	_	_	_	
4-3	529-532	die	_	_	_	
4-4	533-538	Maſſe	_	_	_	
4-5	539-547	vergären	_	_	_	
4-6	548-551	und	_	_	_	
4-7	552-560	ſchlämmt	_	_	_	
4-8	561-564	den	_	_	_	
4-9	565-574	Farbſtoff	_	_	_	
4-10	575-582	mittels	_	_	_	
4-11	583-589	Waſſer	_	_	_	
4-12	590-592	ab	_	_	_	
4-13	592-593	.	_	_	_	

#Text=Eigenſchaften.
5-1	596-609	Eigenſchaften	_	_	_	
5-2	609-610	.	_	_	_	

#Text=Der Orlean bildet einen roten, ſteifen Teig, der aus
#Text=den Samenſchalen durch Uebergießen mit Waſſer, Fällen des Farbſtoffes mit
#Text=Eſſig, und Sammeln, Erwärmen und Auspreſſen des entſtandenen Nieder-
#Text=ſchlages gewonnen wird;
#Text=er beſitzt butterartige Konſiſtenz und fühlt ſich fettig,
#Text=nicht erdig, an;
#Text=ſeine Farbe iſt ein ſchmutziges Rot, dem Ziegelmehl ähnlich,
#Text=außen ſtets matter, als im Innern des Teiges.
6-1	611-614	Der	_	_	_	
6-2	615-621	Orlean	_	_	_	
6-3	622-628	bildet	_	_	_	
6-4	629-634	einen	_	_	_	
6-5	635-640	roten	_	_	_	
6-6	640-641	,	_	_	_	
6-7	642-649	ſteifen	_	_	_	
6-8	650-654	Teig	_	_	_	
6-9	654-655	,	_	_	_	
6-10	656-659	der	_	_	_	
6-11	660-663	aus	_	_	_	
6-12	664-667	den	_	_	_	
6-13	668-680	Samenſchalen	_	_	_	
6-14	681-686	durch	_	_	_	
6-15	687-698	Uebergießen	_	_	_	
6-16	699-702	mit	_	_	_	
6-17	703-709	Waſſer	_	_	_	
6-18	709-710	,	_	_	_	
6-19	711-717	Fällen	_	_	_	
6-20	718-721	des	_	_	_	
6-21	722-733	Farbſtoffes	_	_	_	
6-22	734-737	mit	_	_	_	
6-23	738-743	Eſſig	_	_	_	
6-24	743-744	,	_	_	_	
6-25	745-748	und	_	_	_	
6-26	749-756	Sammeln	_	_	_	
6-27	756-757	,	_	_	_	
6-28	758-766	Erwärmen	_	_	_	
6-29	767-770	und	_	_	_	
6-30	771-781	Auspreſſen	_	_	_	
6-31	782-785	des	_	_	_	
6-32	786-798	entſtandenen	_	_	_	
6-33	799-805	Nieder	_	_	_	
6-34	805-806	-	_	_	_	
6-35	807-815	ſchlages	_	_	_	
6-36	816-824	gewonnen	_	_	_	
6-37	825-829	wird	_	_	_	
6-38	829-830	;	_	_	_	
6-39	831-833	er	_	_	_	
6-40	834-841	beſitzt	_	_	_	
6-41	842-854	butterartige	_	_	_	
6-42	855-865	Konſiſtenz	_	_	_	
6-43	866-869	und	_	_	_	
6-44	870-875	fühlt	_	_	_	
6-45	876-880	ſich	_	_	_	
6-46	881-887	fettig	_	_	_	
6-47	887-888	,	_	_	_	
6-48	889-894	nicht	_	_	_	
6-49	895-900	erdig	_	_	_	
6-50	900-901	,	_	_	_	
6-51	902-904	an	_	_	_	
6-52	904-905	;	_	_	_	
6-53	906-911	ſeine	_	_	_	
6-54	912-917	Farbe	_	_	_	
6-55	918-921	iſt	_	_	_	
6-56	922-925	ein	_	_	_	
6-57	926-937	ſchmutziges	_	_	_	
6-58	938-941	Rot	_	_	_	
6-59	941-942	,	_	_	_	
6-60	943-946	dem	_	_	_	
6-61	947-957	Ziegelmehl	_	_	_	
6-62	958-965	ähnlich	_	_	_	
6-63	965-966	,	_	_	_	
6-64	967-972	außen	_	_	_	
6-65	973-978	ſtets	_	_	_	
6-66	979-985	matter	_	_	_	
6-67	985-986	,	_	_	_	
6-68	987-990	als	_	_	_	
6-69	991-993	im	_	_	_	
6-70	994-1000	Innern	_	_	_	
6-71	1001-1004	des	_	_	_	
6-72	1005-1011	Teiges	_	_	_	
6-73	1011-1012	.	_	_	_	

#Text=Er riecht unangenehm nach
#Text=verfaultem Urin, weil man ihn mit Harn zu befeuchten pflegt, damit er ſtets
#Text=feucht bleibe und ſeine Farbe ſich durch das aus dem faulenden Harn ent-
#Text=wickelnde Ammoniak erhöhe;
#Text=mit Harn nicht behandelter Orlean riecht auch
#Text=nicht angenehm, aber nur ſchwach;
#Text=der ganz friſche riecht nach Möhren.
7-1	1013-1015	Er	Smell\_Source	_	_	
7-2	1016-1022	riecht	Smell\_Word	_	_	
7-3	1023-1033	unangenehm	Quality	_	_	
7-4	1034-1038	nach	Evoked\_Odorant[1]	_	_	
7-5	1039-1049	verfaultem	Evoked\_Odorant[1]	_	_	
7-6	1050-1054	Urin	Evoked\_Odorant[1]	_	_	
7-7	1054-1055	,	_	_	_	
7-8	1056-1060	weil	_	_	_	
7-9	1061-1064	man	_	_	_	
7-10	1065-1068	ihn	_	_	_	
7-11	1069-1072	mit	_	_	_	
7-12	1073-1077	Harn	_	_	_	
7-13	1078-1080	zu	_	_	_	
7-14	1081-1091	befeuchten	_	_	_	
7-15	1092-1098	pflegt	_	_	_	
7-16	1098-1099	,	_	_	_	
7-17	1100-1105	damit	_	_	_	
7-18	1106-1108	er	_	_	_	
7-19	1109-1114	ſtets	_	_	_	
7-20	1115-1121	feucht	_	_	_	
7-21	1122-1128	bleibe	_	_	_	
7-22	1129-1132	und	_	_	_	
7-23	1133-1138	ſeine	_	_	_	
7-24	1139-1144	Farbe	_	_	_	
7-25	1145-1149	ſich	_	_	_	
7-26	1150-1155	durch	_	_	_	
7-27	1156-1159	das	_	_	_	
7-28	1160-1163	aus	_	_	_	
7-29	1164-1167	dem	_	_	_	
7-30	1168-1177	faulenden	_	_	_	
7-31	1178-1182	Harn	_	_	_	
7-32	1183-1186	ent	_	_	_	
7-33	1186-1187	-	_	_	_	
7-34	1188-1197	wickelnde	_	_	_	
7-35	1198-1206	Ammoniak	_	_	_	
7-36	1207-1213	erhöhe	_	_	_	
7-37	1213-1214	;	_	_	_	
7-38	1215-1218	mit	_	_	_	
7-39	1219-1223	Harn	_	_	_	
7-40	1224-1229	nicht	_	_	_	
7-41	1230-1241	behandelter	_	_	_	
7-42	1242-1248	Orlean	Smell\_Source	*	7-52	
7-43	1249-1255	riecht	Smell\_Word	_	_	
7-44	1256-1260	auch	_	_	_	
7-45	1261-1266	nicht	Quality	_	_	
7-46	1267-1275	angenehm	Quality	*	7-45	
7-47	1275-1276	,	_	_	_	
7-48	1277-1281	aber	_	_	_	
7-49	1282-1285	nur	Quality	_	_	
7-50	1286-1293	ſchwach	Quality	*	7-49	
7-51	1293-1294	;	_	_	_	
7-52	1295-1298	der	Smell\_Source	_	_	
7-53	1299-1303	ganz	_	_	_	
7-54	1304-1311	friſche	_	_	_	
7-55	1312-1318	riecht	Smell\_Word	_	_	
7-56	1319-1323	nach	Evoked\_Odorant[2]	_	_	
7-57	1324-1330	Möhren	Evoked\_Odorant[2]	_	_	
7-58	1330-1331	.	_	_	_	

#Text=Auf Papier macht Orlean einen dunkeln Fleck;
#Text=zwiſchen den Fingern gleitet
#Text=er durch, indem ſich nur einige kleinere härtere Körner bemerklich machen.
8-1	1334-1337	Auf	_	_	_	
8-2	1338-1344	Papier	_	_	_	
8-3	1345-1350	macht	_	_	_	
8-4	1351-1357	Orlean	_	_	_	
8-5	1358-1363	einen	_	_	_	
8-6	1364-1371	dunkeln	_	_	_	
8-7	1372-1377	Fleck	_	_	_	
8-8	1377-1378	;	_	_	_	
8-9	1379-1387	zwiſchen	_	_	_	
8-10	1388-1391	den	_	_	_	
8-11	1392-1399	Fingern	_	_	_	
8-12	1400-1407	gleitet	_	_	_	
8-13	1408-1410	er	_	_	_	
8-14	1411-1416	durch	_	_	_	
8-15	1416-1417	,	_	_	_	
8-16	1418-1423	indem	_	_	_	
8-17	1424-1428	ſich	_	_	_	
8-18	1429-1432	nur	_	_	_	
8-19	1433-1439	einige	_	_	_	
8-20	1440-1448	kleinere	_	_	_	
8-21	1449-1456	härtere	_	_	_	
8-22	1457-1463	Körner	_	_	_	
8-23	1464-1474	bemerklich	_	_	_	
8-24	1475-1481	machen	_	_	_	
8-25	1481-1482	.	_	_	_	

#Text=Orlean darf im Innern weder ſchimmelig, noch ungleichmäßig gefärbt ſein;
#Text=
#Text=bei beginnender Fäulnis wird ſeine Farbe immer heller.
#Text=— Der Orlean
#Text=von Cayenne gilt als der beſte.
9-1	1484-1490	Orlean	_	_	_	
9-2	1491-1495	darf	_	_	_	
9-3	1496-1498	im	_	_	_	
9-4	1499-1505	Innern	_	_	_	
9-5	1506-1511	weder	_	_	_	
9-6	1512-1522	ſchimmelig	_	_	_	
9-7	1522-1523	,	_	_	_	
9-8	1524-1528	noch	_	_	_	
9-9	1529-1542	ungleichmäßig	_	_	_	
9-10	1543-1550	gefärbt	_	_	_	
9-11	1551-1555	ſein	_	_	_	
9-12	1555-1556	;	_	_	_	
9-13	1558-1561	bei	_	_	_	
9-14	1562-1573	beginnender	_	_	_	
9-15	1574-1581	Fäulnis	_	_	_	
9-16	1582-1586	wird	_	_	_	
9-17	1587-1592	ſeine	_	_	_	
9-18	1593-1598	Farbe	_	_	_	
9-19	1599-1604	immer	_	_	_	
9-20	1605-1611	heller	_	_	_	
9-21	1611-1612	.	_	_	_	
9-22	1613-1614	—	_	_	_	
9-23	1615-1618	Der	_	_	_	
9-24	1619-1625	Orlean	_	_	_	
9-25	1626-1629	von	_	_	_	
9-26	1630-1637	Cayenne	_	_	_	
9-27	1638-1642	gilt	_	_	_	
9-28	1643-1646	als	_	_	_	
9-29	1647-1650	der	_	_	_	
9-30	1651-1656	beſte	_	_	_	
9-31	1656-1657	.	_	_	_	

#Text=Zuſammenſetzung.
10-1	1661-1676	Zuſammenſetzung	_	_	_	
10-2	1676-1677	.	_	_	_	
