#FORMAT=WebAnno TSV 3.3
#T_SP=custom.Span|label
#T_RL=custom.Relation|label|BT_custom.Span


#Text=o-
#Text=der auß den Kluͤfften der Erden in das Meer
#Text=
#Text=fleußt/ und daſelbſt von dem Waſſer und
#Text=deſſen Saltz zuſammengedrungen/ und hart
#Text=
#Text=wird als ein Gummi.
1-1	2-3	o	_	_	_	
1-2	3-4	-	_	_	_	
1-3	5-8	der	_	_	_	
1-4	9-12	auß	_	_	_	
1-5	13-16	den	_	_	_	
1-6	17-26	Kluͤfften	_	_	_	
1-7	27-30	der	_	_	_	
1-8	31-36	Erden	_	_	_	
1-9	37-39	in	_	_	_	
1-10	40-43	das	_	_	_	
1-11	44-48	Meer	_	_	_	
1-12	50-56	fleußt	_	_	_	
1-13	56-57	/	_	_	_	
1-14	58-61	und	_	_	_	
1-15	62-70	daſelbſt	_	_	_	
1-16	71-74	von	_	_	_	
1-17	75-78	dem	_	_	_	
1-18	79-85	Waſſer	_	_	_	
1-19	86-89	und	_	_	_	
1-20	90-96	deſſen	_	_	_	
1-21	97-102	Saltz	_	_	_	
1-22	103-120	zuſammengedrungen	_	_	_	
1-23	120-121	/	_	_	_	
1-24	122-125	und	_	_	_	
1-25	126-130	hart	_	_	_	
1-26	132-136	wird	_	_	_	
1-27	137-140	als	_	_	_	
1-28	141-144	ein	_	_	_	
1-29	145-150	Gummi	_	_	_	
1-30	150-151	.	_	_	_	

#Text=Solches pflegt man
#Text=mit Netzen
#Text=bey dem Ufer deß Meers außzu-
#Text=heben/ wie in Preuſſen und Pommern ge-
#Text=ſchicht/ von dannen man es zu uns bringt.
2-1	152-159	Solches	_	_	_	
2-2	160-166	pflegt	_	_	_	
2-3	167-170	man	_	_	_	
2-4	171-174	mit	_	_	_	
2-5	175-181	Netzen	_	_	_	
2-6	182-185	bey	_	_	_	
2-7	186-189	dem	_	_	_	
2-8	190-194	Ufer	_	_	_	
2-9	195-198	deß	_	_	_	
2-10	199-204	Meers	_	_	_	
2-11	205-210	außzu	_	_	_	
2-12	210-211	-	_	_	_	
2-13	212-217	heben	_	_	_	
2-14	217-218	/	_	_	_	
2-15	219-222	wie	_	_	_	
2-16	223-225	in	_	_	_	
2-17	226-234	Preuſſen	_	_	_	
2-18	235-238	und	_	_	_	
2-19	239-246	Pommern	_	_	_	
2-20	247-249	ge	_	_	_	
2-21	249-250	-	_	_	_	
2-22	251-258	ſchicht	_	_	_	
2-23	258-259	/	_	_	_	
2-24	260-263	von	_	_	_	
2-25	264-270	dannen	_	_	_	
2-26	271-274	man	_	_	_	
2-27	275-277	es	_	_	_	
2-28	278-280	zu	_	_	_	
2-29	281-284	uns	_	_	_	
2-30	285-291	bringt	_	_	_	
2-31	291-292	.	_	_	_	

#Text=Bey Leb-zeiten Herꝛen Camerarii hat man
#Text=in Maͤhren/ nicht weit von Prinn/ ſchoͤne
#Text=
#Text=Stuck auß der Erden gegraben/
#Text=derer etliche
#Text=ihme ſind zugeſchickt worden.
3-1	294-297	Bey	_	_	_	
3-2	298-308	Leb-zeiten	_	_	_	
3-3	309-315	Herꝛen	_	_	_	
3-4	316-325	Camerarii	_	_	_	
3-5	326-329	hat	_	_	_	
3-6	330-333	man	_	_	_	
3-7	334-336	in	_	_	_	
3-8	337-344	Maͤhren	_	_	_	
3-9	344-345	/	_	_	_	
3-10	346-351	nicht	_	_	_	
3-11	352-356	weit	_	_	_	
3-12	357-360	von	_	_	_	
3-13	361-366	Prinn	_	_	_	
3-14	366-367	/	_	_	_	
3-15	368-375	ſchoͤne	_	_	_	
3-16	377-382	Stuck	_	_	_	
3-17	383-386	auß	_	_	_	
3-18	387-390	der	_	_	_	
3-19	391-396	Erden	_	_	_	
3-20	397-405	gegraben	_	_	_	
3-21	405-406	/	_	_	_	
3-22	407-412	derer	_	_	_	
3-23	413-420	etliche	_	_	_	
3-24	421-425	ihme	_	_	_	
3-25	426-430	ſind	_	_	_	
3-26	431-442	zugeſchickt	_	_	_	
3-27	443-449	worden	_	_	_	
3-28	449-450	.	_	_	_	

#Text=Jn Schle-
#Text=ſien under dem Schloß Greiffenſtein/
#Text=bey
#Text=dem Dorff Rabſaw/ deßgleichen bey der
#Text=Statt Jsleben in der Graffſchafft Manns-
#Text=
#Text=felden/ da ein Saltz-brunnen iſt/ wird der
#Text=Agſtein auch gefunden und auß der Erden
#Text=gegraben/
#Text=welcher mit dem Preußiſchen an
#Text=der farb/ geruch und klarheit uͤbereinkombt.
4-1	451-453	Jn	_	_	_	
4-2	454-459	Schle	_	_	_	
4-3	459-460	-	_	_	_	
4-4	461-465	ſien	_	_	_	
4-5	466-471	under	_	_	_	
4-6	472-475	dem	_	_	_	
4-7	476-482	Schloß	_	_	_	
4-8	483-496	Greiffenſtein	_	_	_	
4-9	496-497	/	_	_	_	
4-10	498-501	bey	_	_	_	
4-11	502-505	dem	_	_	_	
4-12	506-511	Dorff	_	_	_	
4-13	512-518	Rabſaw	_	_	_	
4-14	518-519	/	_	_	_	
4-15	520-531	deßgleichen	_	_	_	
4-16	532-535	bey	_	_	_	
4-17	536-539	der	_	_	_	
4-18	540-545	Statt	_	_	_	
4-19	546-553	Jsleben	_	_	_	
4-20	554-556	in	_	_	_	
4-21	557-560	der	_	_	_	
4-22	561-573	Graffſchafft	_	_	_	
4-23	574-579	Manns	_	_	_	
4-24	579-580	-	_	_	_	
4-25	582-588	felden	_	_	_	
4-26	588-589	/	_	_	_	
4-27	590-592	da	_	_	_	
4-28	593-596	ein	_	_	_	
4-29	597-610	Saltz-brunnen	_	_	_	
4-30	611-614	iſt	_	_	_	
4-31	614-615	/	_	_	_	
4-32	616-620	wird	_	_	_	
4-33	621-624	der	Smell\_Source[1]	_	_	
4-34	625-632	Agſtein	Smell\_Source[1]	_	_	
4-35	633-637	auch	_	_	_	
4-36	638-646	gefunden	_	_	_	
4-37	647-650	und	_	_	_	
4-38	651-654	auß	_	_	_	
4-39	655-658	der	_	_	_	
4-40	659-664	Erden	_	_	_	
4-41	665-673	gegraben	_	_	_	
4-42	673-674	/	_	_	_	
4-43	675-682	welcher	_	_	_	
4-44	683-686	mit	_	_	_	
4-45	687-690	dem	Evoked\_Odorant[2]	_	_	
4-46	691-702	Preußiſchen	Evoked\_Odorant[2]	_	_	
4-47	703-705	an	_	_	_	
4-48	706-709	der	_	_	_	
4-49	710-714	farb	_	_	_	
4-50	714-715	/	_	_	_	
4-51	716-722	geruch	Smell\_Word	*|*	4-45[2_0]|4-33[1_0]	
4-52	723-726	und	_	_	_	
4-53	727-735	klarheit	_	_	_	
4-54	736-749	uͤbereinkombt	_	_	_	
4-55	749-750	.	_	_	_	

#Text=Der Agſtein iſt dreyerley/ weiß/ gelb
#Text=
#Text=und ſchwartz/
#Text=welcher letſtere nichts tauget.
5-1	754-757	Der	_	_	_	
5-2	758-765	Agſtein	_	_	_	
5-3	766-769	iſt	_	_	_	
5-4	770-779	dreyerley	_	_	_	
5-5	779-780	/	_	_	_	
5-6	781-785	weiß	_	_	_	
5-7	785-786	/	_	_	_	
5-8	787-791	gelb	_	_	_	
5-9	793-796	und	_	_	_	
5-10	797-805	ſchwartz	_	_	_	
5-11	805-806	/	_	_	_	
5-12	807-814	welcher	_	_	_	
5-13	815-823	letſtere	_	_	_	
5-14	824-830	nichts	_	_	_	
5-15	831-837	tauget	_	_	_	
5-16	837-838	.	_	_	_	

#Text=Der weiſſe iſt nicht durchſichtig/ aber ſehr
#Text=rar/ und auß ſubtileren und reineren theilen
#Text=
#Text=deß Bituminoſiſchen Saffts mit dem Meer-
#Text=ſaltz und anderen wohl vermiſchet.
6-1	841-844	Der	_	_	_	
6-2	845-851	weiſſe	_	_	_	
6-3	852-855	iſt	_	_	_	
6-4	856-861	nicht	_	_	_	
6-5	862-874	durchſichtig	_	_	_	
6-6	874-875	/	_	_	_	
6-7	876-880	aber	_	_	_	
6-8	881-885	ſehr	_	_	_	
6-9	886-889	rar	_	_	_	
6-10	889-890	/	_	_	_	
6-11	891-894	und	_	_	_	
6-12	895-898	auß	_	_	_	
6-13	899-909	ſubtileren	_	_	_	
6-14	910-913	und	_	_	_	
6-15	914-922	reineren	_	_	_	
6-16	923-930	theilen	_	_	_	
6-17	932-935	deß	_	_	_	
6-18	936-951	Bituminoſiſchen	_	_	_	
6-19	952-958	Saffts	_	_	_	
6-20	959-962	mit	_	_	_	
6-21	963-966	dem	_	_	_	
6-22	967-971	Meer	_	_	_	
6-23	971-972	-	_	_	_	
6-24	973-978	ſaltz	_	_	_	
6-25	979-982	und	_	_	_	
6-26	983-990	anderen	_	_	_	
6-27	991-995	wohl	_	_	_	
6-28	996-1006	vermiſchet	_	_	_	
6-29	1006-1007	.	_	_	_	

#Text=Der
#Text=gelbe iſt hingegen durchſichtig/ und haͤuffig
#Text=zu bekommen/ und da er noch fluͤßig iſt/
#Text=
#Text=gerathen offt kleine Muͤcklein darein/ wel-
#Text=che hernach mit dem Agſtein vollkommen
#Text=umbgeben werden.
7-1	1008-1011	Der	_	_	_	
7-2	1012-1017	gelbe	_	_	_	
7-3	1018-1021	iſt	_	_	_	
7-4	1022-1030	hingegen	_	_	_	
7-5	1031-1043	durchſichtig	_	_	_	
7-6	1043-1044	/	_	_	_	
7-7	1045-1048	und	_	_	_	
7-8	1049-1057	haͤuffig	_	_	_	
7-9	1058-1060	zu	_	_	_	
7-10	1061-1069	bekommen	_	_	_	
7-11	1069-1070	/	_	_	_	
7-12	1071-1074	und	_	_	_	
7-13	1075-1077	da	_	_	_	
7-14	1078-1080	er	_	_	_	
7-15	1081-1085	noch	_	_	_	
7-16	1086-1093	fluͤßig	_	_	_	
7-17	1094-1097	iſt	_	_	_	
7-18	1097-1098	/	_	_	_	
7-19	1100-1108	gerathen	_	_	_	
7-20	1109-1113	offt	_	_	_	
7-21	1114-1120	kleine	_	_	_	
7-22	1121-1130	Muͤcklein	_	_	_	
7-23	1131-1137	darein	_	_	_	
7-24	1137-1138	/	_	_	_	
7-25	1139-1142	wel	_	_	_	
7-26	1142-1143	-	_	_	_	
7-27	1144-1147	che	_	_	_	
7-28	1148-1155	hernach	_	_	_	
7-29	1156-1159	mit	_	_	_	
7-30	1160-1163	dem	_	_	_	
7-31	1164-1171	Agſtein	_	_	_	
7-32	1172-1182	vollkommen	_	_	_	
7-33	1183-1191	umbgeben	_	_	_	
7-34	1192-1198	werden	_	_	_	
7-35	1198-1199	.	_	_	_	
