#FORMAT=WebAnno TSV 3.3
#T_SP=custom.Span|label


#Text=3.
#Text=vers 8.
#Text=ende Actor.
#Text=2.2.
1-1	2-3	3	_	
1-2	3-4	.	_	
1-3	5-9	vers	_	
1-4	10-11	8	_	
1-5	11-12	.	_	
1-6	13-17	ende	_	
1-7	18-23	Actor	_	
1-8	23-24	.	_	
1-9	25-28	2.2	_	
1-10	28-29	.	_	

#Text=Ende of wel de Zuyd ende Noorde wint van verscheyde qualiteyten ende werckingen zijn, den eenen zijnde kout, den anderen warm, den eenen vochtigh, den anderen drooge: Soo zijnse nochtans beyde desen hof, ofte der Kercke Godes voorderlick, die somtijts scherpe bestraffingen, somtijts oock kalmte ende soete vertroostinge van doen heeft.
2-1	30-34	Ende	_	
2-2	35-37	of	_	
2-3	38-41	wel	_	
2-4	42-44	de	_	
2-5	45-49	Zuyd	_	
2-6	50-54	ende	_	
2-7	55-61	Noorde	_	
2-8	62-66	wint	_	
2-9	67-70	van	_	
2-10	71-81	verscheyde	_	
2-11	82-93	qualiteyten	_	
2-12	94-98	ende	_	
2-13	99-109	werckingen	_	
2-14	110-114	zijn	_	
2-15	114-115	,	_	
2-16	116-119	den	_	
2-17	120-125	eenen	_	
2-18	126-132	zijnde	_	
2-19	133-137	kout	_	
2-20	137-138	,	_	
2-21	139-142	den	_	
2-22	143-150	anderen	_	
2-23	151-155	warm	_	
2-24	155-156	,	_	
2-25	157-160	den	_	
2-26	161-166	eenen	_	
2-27	167-175	vochtigh	_	
2-28	175-176	,	_	
2-29	177-180	den	_	
2-30	181-188	anderen	_	
2-31	189-195	drooge	_	
2-32	195-196	:	_	
2-33	197-200	Soo	_	
2-34	201-207	zijnse	_	
2-35	208-216	nochtans	_	
2-36	217-222	beyde	_	
2-37	223-228	desen	_	
2-38	229-232	hof	_	
2-39	232-233	,	_	
2-40	234-238	ofte	_	
2-41	239-242	der	_	
2-42	243-249	Kercke	_	
2-43	250-255	Godes	_	
2-44	256-267	voorderlick	_	
2-45	267-268	,	_	
2-46	269-272	die	_	
2-47	273-281	somtijts	_	
2-48	282-289	scherpe	_	
2-49	290-303	bestraffingen	_	
2-50	303-304	,	_	
2-51	305-313	somtijts	_	
2-52	314-318	oock	_	
2-53	319-325	kalmte	_	
2-54	326-330	ende	_	
2-55	331-336	soete	_	
2-56	337-350	vertroostinge	_	
2-57	351-354	van	_	
2-58	355-359	doen	_	
2-59	360-365	heeft	_	
2-60	365-366	.	_	

#Text=Ontwaeckt Noorden wint, ende komt ghy Zuyden wint, Het is Godt die de winden voort brenght uyt sijne schatkameren, Psalm 135.7.
#Text=doorwaeyt Merckt, dat de Kercke desen hof noemt haren hof, oock sijnen, T.w.
3-1	367-376	Ontwaeckt	_	
3-2	377-384	Noorden	_	
3-3	385-389	wint	_	
3-4	389-390	,	_	
3-5	391-395	ende	_	
3-6	396-400	komt	_	
3-7	401-404	ghy	_	
3-8	405-411	Zuyden	_	
3-9	412-416	wint	_	
3-10	416-417	,	_	
3-11	418-421	Het	_	
3-12	422-424	is	_	
3-13	425-429	Godt	_	
3-14	430-433	die	_	
3-15	434-436	de	_	
3-16	437-443	winden	_	
3-17	444-449	voort	_	
3-18	450-457	brenght	_	
3-19	458-461	uyt	_	
3-20	462-467	sijne	_	
3-21	468-480	schatkameren	_	
3-22	480-481	,	_	
3-23	482-487	Psalm	_	
3-24	488-493	135.7	_	
3-25	493-494	.	_	
3-26	495-504	doorwaeyt	_	
3-27	505-511	Merckt	_	
3-28	511-512	,	_	
3-29	513-516	dat	_	
3-30	517-519	de	_	
3-31	520-526	Kercke	_	
3-32	527-532	desen	_	
3-33	533-536	hof	_	
3-34	537-542	noemt	_	
3-35	543-548	haren	_	
3-36	549-552	hof	_	
3-37	552-553	,	_	
3-38	554-558	oock	_	
3-39	559-565	sijnen	_	
3-40	565-566	,	_	
3-41	567-570	T.w	_	
3-42	570-571	.	_	

#Text=Christi hof, ten verscheyden opsien.
4-1	572-579	Christi	_	
4-2	580-583	hof	_	
4-3	583-584	,	_	
4-4	585-588	ten	_	
4-5	589-600	verscheyden	_	
4-6	601-607	opsien	_	
4-7	607-608	.	_	

#Text=Christus is de eygenaer ende erfgenaem van desen hof, maer de Opsienders der Kercke, zijn Godes ackerlieden ende medewerckers in desen hof, D. gemeynte,
#Text=daer aen yegelick lidtmaet de geestelicke gemeenschap mede heeft, 1.Cor.
#Text=3.9.
#Text=mijnen hof, D. op dat de reucke verspreyt worde.
#Text=dat sijne specerijen uytvloeijen: O dat mijn liefste tot sijnen hof quame, ende D. dat hy de vruchten genoote, die wy hem, door de werckinge ende kracht sijnes Geestes, voort brengen, daer door wy schuldigh zijn hem te eeren, Rom. 6.22.
#Text=ate sijne Siet boven vers 13.
#Text=edele vruchten!
5-1	609-617	Christus	_	
5-2	618-620	is	_	
5-3	621-623	de	_	
5-4	624-632	eygenaer	_	
5-5	633-637	ende	_	
5-6	638-647	erfgenaem	_	
5-7	648-651	van	_	
5-8	652-657	desen	_	
5-9	658-661	hof	_	
5-10	661-662	,	_	
5-11	663-667	maer	_	
5-12	668-670	de	_	
5-13	671-681	Opsienders	_	
5-14	682-685	der	_	
5-15	686-692	Kercke	_	
5-16	692-693	,	_	
5-17	694-698	zijn	_	
5-18	699-704	Godes	_	
5-19	705-716	ackerlieden	_	
5-20	717-721	ende	_	
5-21	722-734	medewerckers	_	
5-22	735-737	in	_	
5-23	738-743	desen	_	
5-24	744-747	hof	_	
5-25	747-748	,	_	
5-26	749-750	D	_	
5-27	750-751	.	_	
5-28	752-760	gemeynte	_	
5-29	760-761	,	_	
5-30	762-766	daer	_	
5-31	767-770	aen	_	
5-32	771-779	yegelick	_	
5-33	780-788	lidtmaet	_	
5-34	789-791	de	_	
5-35	792-803	geestelicke	_	
5-36	804-815	gemeenschap	_	
5-37	816-820	mede	_	
5-38	821-826	heeft	_	
5-39	826-827	,	_	
5-40	828-829	1	_	
5-41	829-830	.	_	
5-42	830-833	Cor	_	
5-43	833-834	.	_	
5-44	835-838	3.9	_	
5-45	838-839	.	_	
5-46	840-846	mijnen	_	
5-47	847-850	hof	_	
5-48	850-851	,	_	
5-49	852-853	D	_	
5-50	853-854	.	_	
5-51	855-857	op	_	
5-52	858-861	dat	_	
5-53	862-864	de	_	
5-54	865-871	reucke	Smell\_Word	
5-55	872-881	verspreyt	_	
5-56	882-887	worde	_	
5-57	887-888	.	_	
5-58	889-892	dat	_	
5-59	893-898	sijne	_	
5-60	899-909	specerijen	Smell\_Source	
5-61	910-921	uytvloeijen	_	
5-62	921-922	:	_	
5-63	923-924	O	_	
5-64	925-928	dat	_	
5-65	929-933	mijn	_	
5-66	934-941	liefste	_	
5-67	942-945	tot	_	
5-68	946-952	sijnen	_	
5-69	953-956	hof	_	
5-70	957-962	quame	_	
5-71	962-963	,	_	
5-72	964-968	ende	_	
5-73	969-970	D	_	
5-74	970-971	.	_	
5-75	972-975	dat	_	
5-76	976-978	hy	_	
5-77	979-981	de	_	
5-78	982-990	vruchten	_	
5-79	991-998	genoote	_	
5-80	998-999	,	_	
5-81	1000-1003	die	_	
5-82	1004-1006	wy	_	
5-83	1007-1010	hem	_	
5-84	1010-1011	,	_	
5-85	1012-1016	door	_	
5-86	1017-1019	de	_	
5-87	1020-1029	werckinge	_	
5-88	1030-1034	ende	_	
5-89	1035-1041	kracht	_	
5-90	1042-1048	sijnes	_	
5-91	1049-1056	Geestes	_	
5-92	1056-1057	,	_	
5-93	1058-1063	voort	_	
5-94	1064-1071	brengen	_	
5-95	1071-1072	,	_	
5-96	1073-1077	daer	_	
5-97	1078-1082	door	_	
5-98	1083-1085	wy	_	
5-99	1086-1095	schuldigh	_	
5-100	1096-1100	zijn	_	
5-101	1101-1104	hem	_	
5-102	1105-1107	te	_	
5-103	1108-1113	eeren	_	
5-104	1113-1114	,	_	
5-105	1115-1118	Rom	_	
5-106	1118-1119	.	_	
5-107	1120-1124	6.22	_	
5-108	1124-1125	.	_	
5-109	1126-1129	ate	_	
5-110	1130-1135	sijne	_	
5-111	1136-1140	Siet	_	
5-112	1141-1146	boven	_	
5-113	1147-1151	vers	_	
5-114	1152-1154	13	_	
5-115	1154-1155	.	_	
5-116	1156-1161	edele	_	
5-117	1162-1170	vruchten	_	
5-118	1170-1171	!	_	

#Text=Het v.
6-1	1174-1177	Het	_	
6-2	1178-1179	v	_	
6-3	1179-1180	.	_	

#Text=Capittel.
7-1	1181-1189	Capittel	_	
7-2	1189-1190	.	_	

#Text=Hier antwoort de Bruydegom op de noodinge der Bruyt, cap. 4.
#Text=vers
#Text=16.
8-1	1193-1197	Hier	_	
8-2	1198-1206	antwoort	_	
8-3	1207-1209	de	_	
8-4	1210-1219	Bruydegom	_	
8-5	1220-1222	op	_	
8-6	1223-1225	de	_	
8-7	1226-1234	noodinge	_	
8-8	1235-1238	der	_	
8-9	1239-1244	Bruyt	_	
8-10	1244-1245	,	_	
8-11	1246-1249	cap	_	
8-12	1249-1250	.	_	
8-13	1251-1252	4	_	
8-14	1252-1253	.	_	
8-15	1254-1258	vers	_	
8-16	1259-1261	16	_	
8-17	1261-1262	.	_	
