#FORMAT=WebAnno TSV 3.3


#Text=15 Et erit in die illa : in oblivione eris, o Tyre !
1-1	2-4	15	
1-2	5-7	Et	
1-3	8-12	erit	
1-4	13-15	in	
1-5	16-19	die	
1-6	20-24	illa	
1-7	25-26	:	
1-8	27-29	in	
1-9	30-39	oblivione	
1-10	40-44	eris	
1-11	44-45	,	
1-12	46-47	o	
1-13	48-52	Tyre	
1-14	53-54	!	

#Text=septuaginta annis, sicut dies regis unius ; post septuaginta autem annos erit Tyro quasi canticum meretricis : 16 Sume citharam, circui civitatem, meretrix oblivioni tradita : bene cane, frequenta canticum, ut memoria tui sit.
#Text=17 Et erit post septuaginta annos : visitabit Dominus Tyrum, et reducet eam ad mercedes suas, et rursum fornicabitur cum universis regnis terræ super faciem terræ ; 18 et erunt negotiationes ejus et mercedes ejus sanctificatæ Domino : non condentur neque reponentur, quia his qui habitaverint coram Domino erit negotiatio ejus, ut manducent in saturitatem, et vestiantur usque ad vetustatem.
2-1	55-66	septuaginta	
2-2	67-72	annis	
2-3	72-73	,	
2-4	74-79	sicut	
2-5	80-84	dies	
2-6	85-90	regis	
2-7	91-96	unius	
2-8	97-98	;	
2-9	99-103	post	
2-10	104-115	septuaginta	
2-11	116-121	autem	
2-12	122-127	annos	
2-13	128-132	erit	
2-14	133-137	Tyro	
2-15	138-143	quasi	
2-16	144-152	canticum	
2-17	153-163	meretricis	
2-18	164-165	:	
2-19	166-168	16	
2-20	169-173	Sume	
2-21	174-182	citharam	
2-22	182-183	,	
2-23	184-190	circui	
2-24	191-200	civitatem	
2-25	200-201	,	
2-26	202-210	meretrix	
2-27	211-220	oblivioni	
2-28	221-228	tradita	
2-29	229-230	:	
2-30	231-235	bene	
2-31	236-240	cane	
2-32	240-241	,	
2-33	242-251	frequenta	
2-34	252-260	canticum	
2-35	260-261	,	
2-36	262-264	ut	
2-37	265-272	memoria	
2-38	273-276	tui	
2-39	277-280	sit	
2-40	280-281	.	
2-41	282-284	17	
2-42	285-287	Et	
2-43	288-292	erit	
2-44	293-297	post	
2-45	298-309	septuaginta	
2-46	310-315	annos	
2-47	316-317	:	
2-48	318-327	visitabit	
2-49	328-335	Dominus	
2-50	336-341	Tyrum	
2-51	341-342	,	
2-52	343-345	et	
2-53	346-353	reducet	
2-54	354-357	eam	
2-55	358-360	ad	
2-56	361-369	mercedes	
2-57	370-374	suas	
2-58	374-375	,	
2-59	376-378	et	
2-60	379-385	rursum	
2-61	386-398	fornicabitur	
2-62	399-402	cum	
2-63	403-412	universis	
2-64	413-419	regnis	
2-65	420-425	terræ	
2-66	426-431	super	
2-67	432-438	faciem	
2-68	439-444	terræ	
2-69	445-446	;	
2-70	447-449	18	
2-71	450-452	et	
2-72	453-458	erunt	
2-73	459-472	negotiationes	
2-74	473-477	ejus	
2-75	478-480	et	
2-76	481-489	mercedes	
2-77	490-494	ejus	
2-78	495-507	sanctificatæ	
2-79	508-514	Domino	
2-80	515-516	:	
2-81	517-520	non	
2-82	521-530	condentur	
2-83	531-536	neque	
2-84	537-547	reponentur	
2-85	547-548	,	
2-86	549-553	quia	
2-87	554-557	his	
2-88	558-561	qui	
2-89	562-574	habitaverint	
2-90	575-580	coram	
2-91	581-587	Domino	
2-92	588-592	erit	
2-93	593-603	negotiatio	
2-94	604-608	ejus	
2-95	608-609	,	
2-96	610-612	ut	
2-97	613-622	manducent	
2-98	623-625	in	
2-99	626-637	saturitatem	
2-100	637-638	,	
2-101	639-641	et	
2-102	642-652	vestiantur	
2-103	653-658	usque	
2-104	659-661	ad	
2-105	662-672	vetustatem	
2-106	672-673	.	

#Text=Caput 24
#Text=
#Text=
#Text=1 Ecce Dominus dissipabit terram : et nudabit eam, et affliget faciem ejus, et disperget habitatores ejus.
#Text=2 Et erit sicut populus, sic sacerdos ; et sicut servus, sic dominus ejus ; sicut ancilla, sic domina ejus ; sicut emens, sic ille qui vendit ; sicut fœnerator, sic is qui mutuum accipit ; sicut qui repetit, sic qui debet.
#Text=3 Dissipatione dissipabitur terra, et direptione prædabitur ; Dominus enim locutus est verbum hoc.
#Text=4 Luxit, et defluxit terra, et infirmata est ; defluxit orbis, infirmata est altitudo populi terræ.
#Text=5 Et terra infecta est ab habitatoribus suis, quia transgressi sunt leges, mutaverunt jus, dissipaverunt fœdus sempiternum.
#Text=6 Propter hoc maledictio vorabit terram, et peccabunt habitatores ejus ; ideoque insanient cultores ejus, et relinquentur homines pauci.
#Text=7 Luxit vindemia, infirmata est vitis, ingemuerunt omnes qui lætabantur corde ; 8 cessavit gaudium tympanorum, quievit sonitus lætantium, conticuit dulcedo citharæ.
#Text=9 Cum cantico non bibent vinum ; amara erit potio bibentibus illam.
#Text=10 Attrita est civitas vanitatis, clausa est omnis domus, nullo introëunte.
#Text=11 Clamor erit super vino in plateis, deserta est omnia lætitia, translatum est gaudium terræ.
#Text=12 Relicta est in urbe solitudo, et calamitas opprimet portas.
#Text=13 Quia hæc erunt in medio terræ in medio populorum, quomodo si paucæ olivæ quæ remanserunt excutiantur ex olea et racemi, cum fuerit finita vindemia.
#Text=14 Hi levabunt vocem suam, atque laudabunt : cum glorificatus fuerit Dominus, hinnient de mari.
#Text=15 Propter hoc in doctrinis glorificate Dominum ; in insulis maris nomen Domini Dei Israël.
#Text=16 A finibus terræ laudes audivimus, gloriam Justi.
3-1	674-679	Caput	
3-2	680-682	24	
3-3	685-686	1	
3-4	687-691	Ecce	
3-5	692-699	Dominus	
3-6	700-710	dissipabit	
3-7	711-717	terram	
3-8	718-719	:	
3-9	720-722	et	
3-10	723-730	nudabit	
3-11	731-734	eam	
3-12	734-735	,	
3-13	736-738	et	
3-14	739-747	affliget	
3-15	748-754	faciem	
3-16	755-759	ejus	
3-17	759-760	,	
3-18	761-763	et	
3-19	764-773	disperget	
3-20	774-785	habitatores	
3-21	786-790	ejus	
3-22	790-791	.	
3-23	792-793	2	
3-24	794-796	Et	
3-25	797-801	erit	
3-26	802-807	sicut	
3-27	808-815	populus	
3-28	815-816	,	
3-29	817-820	sic	
3-30	821-829	sacerdos	
3-31	830-831	;	
3-32	832-834	et	
3-33	835-840	sicut	
3-34	841-847	servus	
3-35	847-848	,	
3-36	849-852	sic	
3-37	853-860	dominus	
3-38	861-865	ejus	
3-39	866-867	;	
3-40	868-873	sicut	
3-41	874-881	ancilla	
3-42	881-882	,	
3-43	883-886	sic	
3-44	887-893	domina	
3-45	894-898	ejus	
3-46	899-900	;	
3-47	901-906	sicut	
3-48	907-912	emens	
3-49	912-913	,	
3-50	914-917	sic	
3-51	918-922	ille	
3-52	923-926	qui	
3-53	927-933	vendit	
3-54	934-935	;	
3-55	936-941	sicut	
3-56	942-951	fœnerator	
3-57	951-952	,	
3-58	953-956	sic	
3-59	957-959	is	
3-60	960-963	qui	
3-61	964-970	mutuum	
3-62	971-978	accipit	
3-63	979-980	;	
3-64	981-986	sicut	
3-65	987-990	qui	
3-66	991-998	repetit	
3-67	998-999	,	
3-68	1000-1003	sic	
3-69	1004-1007	qui	
3-70	1008-1013	debet	
3-71	1013-1014	.	
3-72	1015-1016	3	
3-73	1017-1029	Dissipatione	
3-74	1030-1042	dissipabitur	
3-75	1043-1048	terra	
3-76	1048-1049	,	
3-77	1050-1052	et	
3-78	1053-1063	direptione	
3-79	1064-1074	prædabitur	
3-80	1075-1076	;	
3-81	1077-1084	Dominus	
3-82	1085-1089	enim	
3-83	1090-1097	locutus	
3-84	1098-1101	est	
3-85	1102-1108	verbum	
3-86	1109-1112	hoc	
3-87	1112-1113	.	
3-88	1114-1115	4	
3-89	1116-1121	Luxit	
3-90	1121-1122	,	
3-91	1123-1125	et	
3-92	1126-1134	defluxit	
3-93	1135-1140	terra	
3-94	1140-1141	,	
3-95	1142-1144	et	
3-96	1145-1154	infirmata	
3-97	1155-1158	est	
3-98	1159-1160	;	
3-99	1161-1169	defluxit	
3-100	1170-1175	orbis	
3-101	1175-1176	,	
3-102	1177-1186	infirmata	
3-103	1187-1190	est	
3-104	1191-1199	altitudo	
3-105	1200-1206	populi	
3-106	1207-1212	terræ	
3-107	1212-1213	.	
3-108	1214-1215	5	
3-109	1216-1218	Et	
3-110	1219-1224	terra	
3-111	1225-1232	infecta	
3-112	1233-1236	est	
3-113	1237-1239	ab	
3-114	1240-1253	habitatoribus	
3-115	1254-1258	suis	
3-116	1258-1259	,	
3-117	1260-1264	quia	
3-118	1265-1276	transgressi	
3-119	1277-1281	sunt	
3-120	1282-1287	leges	
3-121	1287-1288	,	
3-122	1289-1299	mutaverunt	
3-123	1300-1303	jus	
3-124	1303-1304	,	
3-125	1305-1318	dissipaverunt	
3-126	1319-1324	fœdus	
3-127	1325-1336	sempiternum	
3-128	1336-1337	.	
3-129	1338-1339	6	
3-130	1340-1347	Propter	
3-131	1348-1351	hoc	
3-132	1352-1362	maledictio	
3-133	1363-1370	vorabit	
3-134	1371-1377	terram	
3-135	1377-1378	,	
3-136	1379-1381	et	
3-137	1382-1391	peccabunt	
3-138	1392-1403	habitatores	
3-139	1404-1408	ejus	
3-140	1409-1410	;	
3-141	1411-1418	ideoque	
3-142	1419-1428	insanient	
3-143	1429-1437	cultores	
3-144	1438-1442	ejus	
3-145	1442-1443	,	
3-146	1444-1446	et	
3-147	1447-1459	relinquentur	
3-148	1460-1467	homines	
3-149	1468-1473	pauci	
3-150	1473-1474	.	
3-151	1475-1476	7	
3-152	1477-1482	Luxit	
3-153	1483-1491	vindemia	
3-154	1491-1492	,	
3-155	1493-1502	infirmata	
3-156	1503-1506	est	
3-157	1507-1512	vitis	
3-158	1512-1513	,	
3-159	1514-1525	ingemuerunt	
3-160	1526-1531	omnes	
3-161	1532-1535	qui	
3-162	1536-1546	lætabantur	
3-163	1547-1552	corde	
3-164	1553-1554	;	
3-165	1555-1556	8	
3-166	1557-1565	cessavit	
3-167	1566-1573	gaudium	
3-168	1574-1584	tympanorum	
3-169	1584-1585	,	
3-170	1586-1593	quievit	
3-171	1594-1601	sonitus	
3-172	1602-1611	lætantium	
3-173	1611-1612	,	
3-174	1613-1622	conticuit	
3-175	1623-1630	dulcedo	
3-176	1631-1638	citharæ	
3-177	1638-1639	.	
3-178	1640-1641	9	
3-179	1642-1645	Cum	
3-180	1646-1653	cantico	
3-181	1654-1657	non	
3-182	1658-1664	bibent	
3-183	1665-1670	vinum	
3-184	1671-1672	;	
3-185	1673-1678	amara	
3-186	1679-1683	erit	
3-187	1684-1689	potio	
3-188	1690-1700	bibentibus	
3-189	1701-1706	illam	
3-190	1706-1707	.	
3-191	1708-1710	10	
3-192	1711-1718	Attrita	
3-193	1719-1722	est	
3-194	1723-1730	civitas	
3-195	1731-1740	vanitatis	
3-196	1740-1741	,	
3-197	1742-1748	clausa	
3-198	1749-1752	est	
3-199	1753-1758	omnis	
3-200	1759-1764	domus	
3-201	1764-1765	,	
3-202	1766-1771	nullo	
3-203	1772-1782	introëunte	
3-204	1782-1783	.	
3-205	1784-1786	11	
3-206	1787-1793	Clamor	
3-207	1794-1798	erit	
3-208	1799-1804	super	
3-209	1805-1809	vino	
3-210	1810-1812	in	
3-211	1813-1820	plateis	
3-212	1820-1821	,	
3-213	1822-1829	deserta	
3-214	1830-1833	est	
3-215	1834-1839	omnia	
3-216	1840-1847	lætitia	
3-217	1847-1848	,	
3-218	1849-1859	translatum	
3-219	1860-1863	est	
3-220	1864-1871	gaudium	
3-221	1872-1877	terræ	
3-222	1877-1878	.	
3-223	1879-1881	12	
3-224	1882-1889	Relicta	
3-225	1890-1893	est	
3-226	1894-1896	in	
3-227	1897-1901	urbe	
3-228	1902-1910	solitudo	
3-229	1910-1911	,	
3-230	1912-1914	et	
3-231	1915-1924	calamitas	
3-232	1925-1933	opprimet	
3-233	1934-1940	portas	
3-234	1940-1941	.	
3-235	1942-1944	13	
3-236	1945-1949	Quia	
3-237	1950-1953	hæc	
3-238	1954-1959	erunt	
3-239	1960-1962	in	
3-240	1963-1968	medio	
3-241	1969-1974	terræ	
3-242	1975-1977	in	
3-243	1978-1983	medio	
3-244	1984-1993	populorum	
3-245	1993-1994	,	
3-246	1995-2002	quomodo	
3-247	2003-2005	si	
3-248	2006-2011	paucæ	
3-249	2012-2017	olivæ	
3-250	2018-2021	quæ	
3-251	2022-2033	remanserunt	
3-252	2034-2045	excutiantur	
3-253	2046-2048	ex	
3-254	2049-2053	olea	
3-255	2054-2056	et	
3-256	2057-2063	racemi	
3-257	2063-2064	,	
3-258	2065-2068	cum	
3-259	2069-2075	fuerit	
3-260	2076-2082	finita	
3-261	2083-2091	vindemia	
3-262	2091-2092	.	
3-263	2093-2095	14	
3-264	2096-2098	Hi	
3-265	2099-2107	levabunt	
3-266	2108-2113	vocem	
3-267	2114-2118	suam	
3-268	2118-2119	,	
3-269	2120-2125	atque	
3-270	2126-2135	laudabunt	
3-271	2136-2137	:	
3-272	2138-2141	cum	
3-273	2142-2154	glorificatus	
3-274	2155-2161	fuerit	
3-275	2162-2169	Dominus	
3-276	2169-2170	,	
3-277	2171-2179	hinnient	
3-278	2180-2182	de	
3-279	2183-2187	mari	
3-280	2187-2188	.	
3-281	2189-2191	15	
3-282	2192-2199	Propter	
3-283	2200-2203	hoc	
3-284	2204-2206	in	
3-285	2207-2216	doctrinis	
3-286	2217-2228	glorificate	
3-287	2229-2236	Dominum	
3-288	2237-2238	;	
3-289	2239-2241	in	
3-290	2242-2249	insulis	
3-291	2250-2255	maris	
3-292	2256-2261	nomen	
3-293	2262-2268	Domini	
3-294	2269-2272	Dei	
3-295	2273-2279	Israël	
3-296	2279-2280	.	
3-297	2281-2283	16	
3-298	2284-2285	A	
3-299	2286-2293	finibus	
3-300	2294-2299	terræ	
3-301	2300-2306	laudes	
3-302	2307-2316	audivimus	
3-303	2316-2317	,	
3-304	2318-2325	gloriam	
3-305	2326-2331	Justi	
3-306	2331-2332	.	

#Text=Et dixi : Secretum meum mihi, secretum meum mihi.
4-1	2333-2335	Et	
4-2	2336-2340	dixi	
4-3	2341-2342	:	
4-4	2343-2351	Secretum	
4-5	2352-2356	meum	
4-6	2357-2361	mihi	
4-7	2361-2362	,	
4-8	2363-2371	secretum	
4-9	2372-2376	meum	
4-10	2377-2381	mihi	
4-11	2381-2382	.	

#Text=Væ mihi !
5-1	2383-2385	Væ	
5-2	2386-2390	mihi	
5-3	2391-2392	!	
