#FORMAT=WebAnno TSV 3.3
#T_SP=custom.Span|label
#T_RL=custom.Relation|label|BT_custom.Span


#Text=ſen Feuchtigkeiten reinigen/
#Text=ſonderlich mit den
#Text=oben beſchriebenen Peſtilentz-Pillen/ und we-
#Text=nigſt die Woche einmal einen Schweiß-
#Text=tranck thun und einnehmen.
1-1	3-6	ſen	_	_	_	
1-2	7-21	Feuchtigkeiten	_	_	_	
1-3	22-30	reinigen	_	_	_	
1-4	30-31	/	_	_	_	
1-5	32-42	ſonderlich	_	_	_	
1-6	43-46	mit	_	_	_	
1-7	47-50	den	_	_	_	
1-8	51-55	oben	_	_	_	
1-9	56-69	beſchriebenen	_	_	_	
1-10	70-87	Peſtilentz-Pillen	_	_	_	
1-11	87-88	/	_	_	_	
1-12	89-92	und	_	_	_	
1-13	93-95	we	_	_	_	
1-14	95-96	-	_	_	_	
1-15	97-102	nigſt	_	_	_	
1-16	103-106	die	_	_	_	
1-17	107-112	Woche	_	_	_	
1-18	113-119	einmal	_	_	_	
1-19	120-125	einen	_	_	_	
1-20	126-133	Schweiß	_	_	_	
1-21	133-134	-	_	_	_	
1-22	135-141	tranck	_	_	_	
1-23	142-146	thun	_	_	_	
1-24	147-150	und	_	_	_	
1-25	151-160	einnehmen	_	_	_	
1-26	160-161	.	_	_	_	

#Text=Sie ſollen 16.
2-1	162-165	Sie	_	_	_	
2-2	166-172	ſollen	_	_	_	
2-3	173-175	16	_	_	_	
2-4	175-176	.	_	_	_	

#Text=auch
#Text=
#Text=
#Text=J 2\f
#Text=[132/0154
#Text=]
#Text=
#Text=
#Text=Das XII.
3-1	178-182	auch	_	_	_	
3-2	185-186	J	_	_	_	
3-3	187-188	2	_	_	_	
3-4	190-191	[	_	_	_	
3-5	191-194	132	_	_	_	
3-6	194-195	/	_	_	_	
3-7	195-199	0154	_	_	_	
3-8	200-201	]	_	_	_	
3-9	204-207	Das	_	_	_	
3-10	208-211	XII	_	_	_	
3-11	211-212	.	_	_	_	

#Text=Capitel.
4-1	213-220	Capitel	_	_	_	
4-2	220-221	.	_	_	_	

#Text=auch Kuͤchlein unter die Zung zu nehmen ha-
#Text=ben;
#Text=Item Naſen-Saͤlblein brauchen/ oder
#Text=Kraͤuter fuͤr den Mund halten/ ſonderlich gruͤ-
#Text=
#Text=ne Raute/ oder Pomambra, Gifft-Knoͤpff-
#Text=lein oder Schwaͤmmlein/
#Text=daran ſie riechen/
#Text=
#Text=auch des Morgens ein Loͤffel voll Meerrettich
#Text=mit Saltz und Saffran genoſſen/ ſoll ein
#Text=approbirt Præſervativ ſeyn.
#Text=17.
5-1	225-229	auch	_	_	_	
5-2	230-239	Kuͤchlein	_	_	_	
5-3	240-245	unter	_	_	_	
5-4	246-249	die	_	_	_	
5-5	250-254	Zung	_	_	_	
5-6	255-257	zu	_	_	_	
5-7	258-264	nehmen	_	_	_	
5-8	265-267	ha	_	_	_	
5-9	267-268	-	_	_	_	
5-10	269-272	ben	_	_	_	
5-11	272-273	;	_	_	_	
5-12	274-278	Item	Smell\_Source[1]	_	_	
5-13	279-294	Naſen-Saͤlblein	Smell\_Source[1]	_	_	
5-14	295-303	brauchen	Smell\_Source[1]	_	_	
5-15	303-304	/	Smell\_Source[1]	_	_	
5-16	305-309	oder	Smell\_Source[1]	_	_	
5-17	310-318	Kraͤuter	Smell\_Source[1]	_	_	
5-18	319-323	fuͤr	Smell\_Source[1]	_	_	
5-19	324-327	den	Smell\_Source[1]	_	_	
5-20	328-332	Mund	Smell\_Source[1]	_	_	
5-21	333-339	halten	Smell\_Source[1]	_	_	
5-22	339-340	/	Smell\_Source[1]	_	_	
5-23	341-351	ſonderlich	Smell\_Source[1]	_	_	
5-24	352-356	gruͤ	Smell\_Source[1]	_	_	
5-25	356-357	-	Smell\_Source[1]	_	_	
5-26	359-361	ne	Smell\_Source[1]	_	_	
5-27	362-367	Raute	Smell\_Source[1]	_	_	
5-28	367-368	/	Smell\_Source[1]	_	_	
5-29	369-373	oder	Smell\_Source[1]	_	_	
5-30	374-382	Pomambra	Smell\_Source[1]	_	_	
5-31	382-383	,	Smell\_Source[1]	_	_	
5-32	384-397	Gifft-Knoͤpff	Smell\_Source[1]	_	_	
5-33	397-398	-	Smell\_Source[1]	_	_	
5-34	399-403	lein	Smell\_Source[1]	_	_	
5-35	404-408	oder	Smell\_Source[1]	_	_	
5-36	409-421	Schwaͤmmlein	Smell\_Source[1]	_	_	
5-37	421-422	/	_	_	_	
5-38	423-428	daran	Smell\_Source	Anaphoric	5-12[1_0]	
5-39	429-432	ſie	Perceiver	_	_	
5-40	433-440	riechen	Smell\_Word	*|*	5-39|5-12[1_0]	
5-41	440-441	/	_	_	_	
5-42	443-447	auch	_	_	_	
5-43	448-451	des	_	_	_	
5-44	452-459	Morgens	_	_	_	
5-45	460-463	ein	_	_	_	
5-46	464-471	Loͤffel	_	_	_	
5-47	472-476	voll	_	_	_	
5-48	477-488	Meerrettich	_	_	_	
5-49	489-492	mit	_	_	_	
5-50	493-498	Saltz	_	_	_	
5-51	499-502	und	_	_	_	
5-52	503-510	Saffran	_	_	_	
5-53	511-519	genoſſen	_	_	_	
5-54	519-520	/	_	_	_	
5-55	521-525	ſoll	_	_	_	
5-56	526-529	ein	_	_	_	
5-57	530-539	approbirt	_	_	_	
5-58	540-551	Præſervativ	_	_	_	
5-59	552-556	ſeyn	_	_	_	
5-60	556-557	.	_	_	_	
5-61	558-560	17	_	_	_	
5-62	560-561	.	_	_	_	

#Text=Sollen des
#Text=Morgens ihre Kleider auch des Tages offt
#Text=
#Text=gantz wohl durchraͤuchern laſſen.
#Text=18.
6-1	562-568	Sollen	_	_	_	
6-2	569-572	des	_	_	_	
6-3	573-580	Morgens	_	_	_	
6-4	581-585	ihre	_	_	_	
6-5	586-593	Kleider	_	_	_	
6-6	594-598	auch	_	_	_	
6-7	599-602	des	_	_	_	
6-8	603-608	Tages	_	_	_	
6-9	609-613	offt	_	_	_	
6-10	615-620	gantz	_	_	_	
6-11	621-625	wohl	_	_	_	
6-12	626-640	durchraͤuchern	_	_	_	
6-13	641-647	laſſen	_	_	_	
6-14	647-648	.	_	_	_	
6-15	649-651	18	_	_	_	
6-16	651-652	.	_	_	_	

#Text=Den
#Text=Mund auch offt mit einem Decocto oder
#Text=Wein ausſpuͤlen.
#Text=19.
7-1	653-656	Den	_	_	_	
7-2	657-661	Mund	_	_	_	
7-3	662-666	auch	_	_	_	
7-4	667-671	offt	_	_	_	
7-5	672-675	mit	_	_	_	
7-6	676-681	einem	_	_	_	
7-7	682-689	Decocto	_	_	_	
7-8	690-694	oder	_	_	_	
7-9	695-699	Wein	_	_	_	
7-10	700-710	ausſpuͤlen	_	_	_	
7-11	710-711	.	_	_	_	
7-12	712-714	19	_	_	_	
7-13	714-715	.	_	_	_	

#Text=Sollen ſich auch al-
#Text=ler Maͤſſigkeit gebrauchen/ und mit Freſſen
#Text=
#Text=und Sauffen nicht uͤberladen.
#Text=20.
8-1	716-722	Sollen	_	_	_	
8-2	723-727	ſich	_	_	_	
8-3	728-732	auch	_	_	_	
8-4	733-735	al	_	_	_	
8-5	735-736	-	_	_	_	
8-6	737-740	ler	_	_	_	
8-7	741-752	Maͤſſigkeit	_	_	_	
8-8	753-763	gebrauchen	_	_	_	
8-9	763-764	/	_	_	_	
8-10	765-768	und	_	_	_	
8-11	769-772	mit	_	_	_	
8-12	773-780	Freſſen	_	_	_	
8-13	782-785	und	_	_	_	
8-14	786-793	Sauffen	_	_	_	
8-15	794-799	nicht	_	_	_	
8-16	800-810	uͤberladen	_	_	_	
8-17	810-811	.	_	_	_	
8-18	812-814	20	_	_	_	
8-19	814-815	.	_	_	_	

#Text=Vom
#Text=warmen Brod und warm Waſſer in etlichen
#Text=Becken in die Stub zu ſtellen/ iſt oben be-
#Text=reits gerathen.
9-1	816-819	Vom	_	_	_	
9-2	820-826	warmen	_	_	_	
9-3	827-831	Brod	_	_	_	
9-4	832-835	und	_	_	_	
9-5	836-840	warm	_	_	_	
9-6	841-847	Waſſer	_	_	_	
9-7	848-850	in	_	_	_	
9-8	851-859	etlichen	_	_	_	
9-9	860-866	Becken	_	_	_	
9-10	867-869	in	_	_	_	
9-11	870-873	die	_	_	_	
9-12	874-878	Stub	_	_	_	
9-13	879-881	zu	_	_	_	
9-14	882-889	ſtellen	_	_	_	
9-15	889-890	/	_	_	_	
9-16	891-894	iſt	_	_	_	
9-17	895-899	oben	_	_	_	
9-18	900-902	be	_	_	_	
9-19	902-903	-	_	_	_	
9-20	904-909	reits	_	_	_	
9-21	910-918	gerathen	_	_	_	
9-22	918-919	.	_	_	_	
