#FORMAT=WebAnno TSV 3.3


#Text=der ſchalen/ begreifft zwey ſchwartze/ mit
#Text=einem gruͤn-ſchwartzen
#Text=haͤutlein bedeckte
#Text=kernlein in ſich/ die aͤuſſerliche figur dieſer
#Text=Frucht kommet ſonſten ſehr wol/ mit dem
#Text=Granataͤpffel uͤberein:
#Text=ſie hat einen ſcharf-
#Text=fen Gewuͤrtz-geſchmack/ faſt wie die Ge-
#Text=
#Text=wuͤrtz-naͤgelein
#Text=.
1-1	3-6	der	
1-2	7-14	ſchalen	
1-3	14-15	/	
1-4	16-25	begreifft	
1-5	26-30	zwey	
1-6	31-40	ſchwartze	
1-7	40-41	/	
1-8	42-45	mit	
1-9	46-51	einem	
1-10	52-68	gruͤn-ſchwartzen	
1-11	69-78	haͤutlein	
1-12	79-87	bedeckte	
1-13	88-96	kernlein	
1-14	97-99	in	
1-15	100-104	ſich	
1-16	104-105	/	
1-17	106-109	die	
1-18	110-122	aͤuſſerliche	
1-19	123-128	figur	
1-20	129-135	dieſer	
1-21	136-142	Frucht	
1-22	143-149	kommet	
1-23	150-157	ſonſten	
1-24	158-162	ſehr	
1-25	163-166	wol	
1-26	166-167	/	
1-27	168-171	mit	
1-28	172-175	dem	
1-29	176-189	Granataͤpffel	
1-30	190-198	uͤberein	
1-31	198-199	:	
1-32	200-203	ſie	
1-33	204-207	hat	
1-34	208-213	einen	
1-35	214-220	ſcharf	
1-36	220-221	-	
1-37	222-225	fen	
1-38	226-244	Gewuͤrtz-geſchmack	
1-39	244-245	/	
1-40	246-250	faſt	
1-41	251-254	wie	
1-42	255-258	die	
1-43	259-261	Ge	
1-44	261-262	-	
1-45	264-280	wuͤrtz-naͤgelein	
1-46	281-282	.	

#Text=Darumb ſie auch heut zu
#Text=tag
#Text=haͤuffig in Engelland gefuͤhret/ und da-
#Text=ſelbſten als ein Gewuͤrtz zu den Speiſen in
#Text=den Kuͤchen gebraucht wird;
#Text=man nennet es
#Text=aldorten All-ſpice/ weil es an ſtatt aller an-
#Text=deren Gewuͤrtzen dienet.
2-1	283-289	Darumb	
2-2	290-293	ſie	
2-3	294-298	auch	
2-4	299-303	heut	
2-5	304-306	zu	
2-6	307-310	tag	
2-7	311-319	haͤuffig	
2-8	320-322	in	
2-9	323-332	Engelland	
2-10	333-342	gefuͤhret	
2-11	342-343	/	
2-12	344-347	und	
2-13	348-350	da	
2-14	350-351	-	
2-15	352-360	ſelbſten	
2-16	361-364	als	
2-17	365-368	ein	
2-18	369-377	Gewuͤrtz	
2-19	378-380	zu	
2-20	381-384	den	
2-21	385-392	Speiſen	
2-22	393-395	in	
2-23	396-399	den	
2-24	400-407	Kuͤchen	
2-25	408-417	gebraucht	
2-26	418-422	wird	
2-27	422-423	;	
2-28	424-427	man	
2-29	428-434	nennet	
2-30	435-437	es	
2-31	438-446	aldorten	
2-32	447-456	All-ſpice	
2-33	456-457	/	
2-34	458-462	weil	
2-35	463-465	es	
2-36	466-468	an	
2-37	469-474	ſtatt	
2-38	475-480	aller	
2-39	481-483	an	
2-40	483-484	-	
2-41	485-490	deren	
2-42	491-501	Gewuͤrtzen	
2-43	502-508	dienet	
2-44	508-509	.	

#Text=Eigenſchafft und Gebrauch.
3-1	512-524	Eigenſchafft	
3-2	525-528	und	
3-3	529-537	Gebrauch	
3-4	537-538	.	

#Text=Es hat dieſe Frucht gleiche Eigenſchafft
#Text=
#Text=mit den Gewuͤrtz-naͤgelein/ iſt warm und
#Text=trocken im dritten grad/ und alſo mit einem
#Text=aromatiſch-oͤlicht-fluͤchtigen ſaltz begabet;
#Text=
#Text=dadurch ſie die Tugend bekom̃en das Hertz
#Text=
#Text=zu ſtaͤrcken/
#Text=die erkaltete Mutter zu erwaͤr-
#Text=men/
#Text=die verſtopffungen zu eroͤffnen/ die
#Text=monatliche Reinigung zu befuͤrderen/ den
#Text=harn zu treiben/ die verlohrene Mañheit wi-
#Text=der zu bringen.
4-1	540-542	Es	
4-2	543-546	hat	
4-3	547-552	dieſe	
4-4	553-559	Frucht	
4-5	560-567	gleiche	
4-6	568-580	Eigenſchafft	
4-7	582-585	mit	
4-8	586-589	den	
4-9	590-608	Gewuͤrtz-naͤgelein	
4-10	608-609	/	
4-11	610-613	iſt	
4-12	614-618	warm	
4-13	619-622	und	
4-14	623-630	trocken	
4-15	631-633	im	
4-16	634-641	dritten	
4-17	642-646	grad	
4-18	646-647	/	
4-19	648-651	und	
4-20	652-656	alſo	
4-21	657-660	mit	
4-22	661-666	einem	
4-23	667-697	aromatiſch-oͤlicht-fluͤchtigen	
4-24	698-703	ſaltz	
4-25	704-711	begabet	
4-26	711-712	;	
4-27	714-721	dadurch	
4-28	722-725	ſie	
4-29	726-729	die	
4-30	730-736	Tugend	
4-31	737-745	bekom̃en	
4-32	746-749	das	
4-33	750-755	Hertz	
4-34	757-759	zu	
4-35	760-769	ſtaͤrcken	
4-36	769-770	/	
4-37	771-774	die	
4-38	775-784	erkaltete	
4-39	785-791	Mutter	
4-40	792-794	zu	
4-41	795-801	erwaͤr	
4-42	801-802	-	
4-43	803-806	men	
4-44	806-807	/	
4-45	808-811	die	
4-46	812-826	verſtopffungen	
4-47	827-829	zu	
4-48	830-839	eroͤffnen	
4-49	839-840	/	
4-50	841-844	die	
4-51	845-855	monatliche	
4-52	856-865	Reinigung	
4-53	866-868	zu	
4-54	869-880	befuͤrderen	
4-55	880-881	/	
4-56	882-885	den	
4-57	886-890	harn	
4-58	891-893	zu	
4-59	894-901	treiben	
4-60	901-902	/	
4-61	903-906	die	
4-62	907-917	verlohrene	
4-63	918-925	Mañheit	
4-64	926-928	wi	
4-65	928-929	-	
4-66	930-933	der	
4-67	934-936	zu	
4-68	937-944	bringen	
4-69	944-945	.	

#Text=Kommet hiemit auch in die
#Text=compoſition der Chocolate, wird ſonſten mei-
#Text=ſtens in der Kuͤche annoch gebraucht.
5-1	946-952	Kommet	
5-2	953-959	hiemit	
5-3	960-964	auch	
5-4	965-967	in	
5-5	968-971	die	
5-6	972-983	compoſition	
5-7	984-987	der	
5-8	988-997	Chocolate	
5-9	997-998	,	
5-10	999-1003	wird	
5-11	1004-1011	ſonſten	
5-12	1012-1015	mei	
5-13	1015-1016	-	
5-14	1017-1022	ſtens	
5-15	1023-1025	in	
5-16	1026-1029	der	
5-17	1030-1036	Kuͤche	
5-18	1037-1043	annoch	
5-19	1044-1053	gebraucht	
5-20	1053-1054	.	

#Text=CAPUT CI
6-1	1058-1063	CAPUT	
6-2	1064-1066	CI	

#Text=.
7-1	1066-1067	.	

#Text=[
#Text=Abbildung\tI.
8-1	1071-1072	[	
8-2	1073-1082	Abbildung	
8-3	1083-1084	I	
8-4	1084-1085	.	

#Text=Egyptiſcher Schotendorn.
9-1	1086-1097	Egyptiſcher	
9-2	1098-1109	Schotendorn	
9-3	1109-1110	.	

#Text=I.
10-1	1112-1113	I	
10-2	1113-1114	.	

#Text=Acacia Ægyptiaca.
11-1	1115-1121	Acacia	
11-2	1122-1131	Ægyptiaca	
11-3	1131-1132	.	
