#FORMAT=WebAnno TSV 3.3


#Text=2. p. 179.
#Text=*) THIRAVLT de CHANVALON voyage à la Martinique.
1-1	2-3	2	
1-2	3-4	.	
1-3	5-6	p	
1-4	6-7	.	
1-5	8-11	179	
1-6	11-12	.	
1-7	13-14	*	
1-8	14-15	)	
1-9	16-24	THIRAVLT	
1-10	25-27	de	
1-11	28-37	CHANVALON	
1-12	38-44	voyage	
1-13	45-46	à	
1-14	47-49	la	
1-15	50-60	Martinique	
1-16	60-61	.	

#Text=Paris.
#Text=1703.
2-1	62-67	Paris	
2-2	67-68	.	
2-3	69-73	1703	
2-4	73-74	.	

#Text=P. 44.
#Text=*) LAVATERIS Fragmente, IV.
#Text=pag. 268.
3-1	75-76	P	
3-2	76-77	.	
3-3	78-80	44	
3-4	80-81	.	
3-5	82-83	*	
3-6	83-84	)	
3-7	85-94	LAVATERIS	
3-8	95-104	Fragmente	
3-9	104-105	,	
3-10	106-108	IV	
3-11	108-109	.	
3-12	110-113	pag	
3-13	113-114	.	
3-14	115-118	268	
3-15	118-119	.	

#Text=Sic Nigritas in insulis antillis dari dicunt o), qui olfactu Galli vestigium a vestigio Nigritae discernunt.
4-1	120-123	Sic	
4-2	124-132	Nigritas	
4-3	133-135	in	
4-4	136-143	insulis	
4-5	144-152	antillis	
4-6	153-157	dari	
4-7	158-164	dicunt	
4-8	165-166	o	
4-9	166-167	)	
4-10	167-168	,	
4-11	169-172	qui	
4-12	173-180	olfactu	
4-13	181-186	Galli	
4-14	187-196	vestigium	
4-15	197-198	a	
4-16	199-207	vestigio	
4-17	208-216	Nigritae	
4-18	217-227	discernunt	
4-19	227-228	.	

#Text=Sic barbarae quaedain gentes Americae Gallos, Hifpanos et Anglos narium ope dignoscere posse dicuntur p).
5-1	229-232	Sic	
5-2	233-241	barbarae	
5-3	242-250	quaedain	
5-4	251-257	gentes	
5-5	258-266	Americae	
5-6	267-273	Gallos	
5-7	273-274	,	
5-8	275-283	Hifpanos	
5-9	284-286	et	
5-10	287-293	Anglos	
5-11	294-300	narium	
5-12	301-304	ope	
5-13	305-315	dignoscere	
5-14	316-321	posse	
5-15	322-330	dicuntur	
5-16	331-332	p	
5-17	332-333	)	
5-18	333-334	.	

#Text=S.
6-1	335-336	S	
6-2	336-337	.	

#Text=X.
7-1	338-339	X	
7-2	339-340	.	

#Text=Magna deinde potentia est aetatis et sexus in odorem perspic rationis.
8-1	341-346	Magna	
8-2	347-353	deinde	
8-3	354-362	potentia	
8-4	363-366	est	
8-5	367-374	aetatis	
8-6	375-377	et	
8-7	378-383	sexus	
8-8	384-386	in	
8-9	387-393	odorem	
8-10	394-401	perspic	
8-11	402-410	rationis	
8-12	410-411	.	

#Text=In aetate infantili humores sunt blandiflimi, mere glutinosi, partibus acrioribus falinis paene deflituti.
9-1	412-414	In	
9-2	415-421	aetate	
9-3	422-431	infantili	
9-4	432-439	humores	
9-5	440-444	sunt	
9-6	445-456	blandiflimi	
9-7	456-457	,	
9-8	458-462	mere	
9-9	463-472	glutinosi	
9-10	472-473	,	
9-11	474-482	partibus	
9-12	483-493	acrioribus	
9-13	494-501	falinis	
9-14	502-507	paene	
9-15	508-517	deflituti	
9-16	517-518	.	

#Text=Haec est indoles sanguinis, haec etiam liquorum fecretorum: bilis haud est amara; vrina aquofa, insipida q), perfpiratio odoris, faltem grauioris, ex.
#Text=pers r).
10-1	519-523	Haec	
10-2	524-527	est	
10-3	528-535	indoles	
10-4	536-545	sanguinis	
10-5	545-546	,	
10-6	547-551	haec	
10-7	552-557	etiam	
10-8	558-566	liquorum	
10-9	567-577	fecretorum	
10-10	577-578	:	
10-11	579-584	bilis	
10-12	585-589	haud	
10-13	590-593	est	
10-14	594-599	amara	
10-15	599-600	;	
10-16	601-606	vrina	
10-17	607-613	aquofa	
10-18	613-614	,	
10-19	615-623	insipida	
10-20	624-625	q	
10-21	625-626	)	
10-22	626-627	,	
10-23	628-639	perfpiratio	
10-24	640-646	odoris	
10-25	646-647	,	
10-26	648-654	faltem	
10-27	655-664	grauioris	
10-28	664-665	,	
10-29	666-668	ex	
10-30	668-669	.	
10-31	670-674	pers	
10-32	675-676	r	
10-33	676-677	)	
10-34	677-678	.	

#Text=Aetate crescente natura omnium humorum paulatim mutatur; particulae acres in fanguine augentur; bili accedit amaritudo, vrinac acrimonia alcalina et perfpirationi odor fortior.
11-1	679-685	Aetate	
11-2	686-695	crescente	
11-3	696-702	natura	
11-4	703-709	omnium	
11-5	710-717	humorum	
11-6	718-726	paulatim	
11-7	727-734	mutatur	
11-8	734-735	;	
11-9	736-746	particulae	
11-10	747-752	acres	
11-11	753-755	in	
11-12	756-764	fanguine	
11-13	765-773	augentur	
11-14	773-774	;	
11-15	775-779	bili	
11-16	780-787	accedit	
11-17	788-797	amaritudo	
11-18	797-798	,	
11-19	799-805	vrinac	
11-20	806-815	acrimonia	
11-21	816-824	alcalina	
11-22	825-827	et	
11-23	828-841	perfpirationi	
11-24	842-846	odor	
11-25	847-854	fortior	
11-26	854-855	.	

#Text=Praecipue autem fenes per cutem atque alia emunctoria odorem fpirant valde ingratum, quem Hallervs, qui acutislimo gaudebat olfactu, iam in decem paffuum distantia percipere poterat s).
12-1	856-865	Praecipue	
12-2	866-871	autem	
12-3	872-877	fenes	
12-4	878-881	per	
12-5	882-887	cutem	
12-6	888-893	atque	
12-7	894-898	alia	
12-8	899-909	emunctoria	
12-9	910-916	odorem	
12-10	917-924	fpirant	
12-11	925-930	valde	
12-12	931-939	ingratum	
12-13	939-940	,	
12-14	941-945	quem	
12-15	946-954	Hallervs	
12-16	954-955	,	
12-17	956-959	qui	
12-18	960-970	acutislimo	
12-19	971-979	gaudebat	
12-20	980-987	olfactu	
12-21	987-988	,	
12-22	989-992	iam	
12-23	993-995	in	
12-24	996-1001	decem	
12-25	1002-1009	paffuum	
12-26	1010-1019	distantia	
12-27	1020-1029	percipere	
12-28	1030-1037	poterat	
12-29	1038-1039	s	
12-30	1039-1040	)	
12-31	1040-1041	.	

#Text=Quod
#Text=
#Text=.)
13-1	1042-1046	Quod	
13-2	1048-1049	.	
13-3	1049-1050	)	

#Text=Le Cat des sens.
#Text=pap. 256. p) On afsure, que les Brasiliens et ceux du Canada ont l'odorat fi fin,
#Text=
#Text=que au flair ils diftinguèrent un François d'avec un Espagnol et d'avec
#Text=
#Text=un Anglois.
14-1	1051-1053	Le	
14-2	1054-1057	Cat	
14-3	1058-1061	des	
14-4	1062-1066	sens	
14-5	1066-1067	.	
14-6	1068-1071	pap	
14-7	1071-1072	.	
14-8	1073-1076	256	
14-9	1076-1077	.	
14-10	1078-1079	p	
14-11	1079-1080	)	
14-12	1081-1083	On	
14-13	1084-1090	afsure	
14-14	1090-1091	,	
14-15	1092-1095	que	
14-16	1096-1099	les	
14-17	1100-1110	Brasiliens	
14-18	1111-1113	et	
14-19	1114-1118	ceux	
14-20	1119-1121	du	
14-21	1122-1128	Canada	
14-22	1129-1132	ont	
14-23	1133-1141	l'odorat	
14-24	1142-1144	fi	
14-25	1145-1148	fin	
14-26	1148-1149	,	
14-27	1151-1154	que	
14-28	1155-1157	au	
14-29	1158-1163	flair	
14-30	1164-1167	ils	
14-31	1168-1181	diftinguèrent	
14-32	1182-1184	un	
14-33	1185-1193	François	
14-34	1194-1200	d'avec	
14-35	1201-1203	un	
14-36	1204-1212	Espagnol	
14-37	1213-1215	et	
14-38	1216-1222	d'avec	
14-39	1224-1226	un	
14-40	1227-1234	Anglois	
14-41	1234-1235	.	

#Text=PERNETY recherches philosophiques.
15-1	1236-1243	PERNETY	
15-2	1244-1254	recherches	
15-3	1255-1269	philosophiques	
15-4	1269-1270	.	
