#FORMAT=WebAnno TSV 3.3
#T_SP=custom.Span|label
#T_RL=custom.Relation|label|BT_custom.Span


#Text=Es wird zu Wegnehmung der Haare
#Text=
#Text=dienlich erachtet, wie auch zu Heilung
#Text=
#Text=der Wunden.
1-1	2-4	Es	_	_	_	
1-2	5-9	wird	_	_	_	
1-3	10-12	zu	_	_	_	
1-4	13-23	Wegnehmung	_	_	_	
1-5	24-27	der	_	_	_	
1-6	28-33	Haare	_	_	_	
1-7	35-43	dienlich	_	_	_	
1-8	44-52	erachtet	_	_	_	
1-9	52-53	,	_	_	_	
1-10	54-57	wie	_	_	_	
1-11	58-62	auch	_	_	_	
1-12	63-65	zu	_	_	_	
1-13	66-73	Heilung	_	_	_	
1-14	75-78	der	_	_	_	
1-15	79-85	Wunden	_	_	_	
1-16	85-86	.	_	_	_	

#Text=Das drey und dreyßigſte Capitel.
2-1	91-94	Das	_	_	_	
2-2	95-99	drey	_	_	_	
2-3	100-103	und	_	_	_	
2-4	104-114	dreyßigſte	_	_	_	
2-5	115-122	Capitel	_	_	_	
2-6	122-123	.	_	_	_	

#Text=Gummi Carannæ.
3-1	125-130	Gummi	_	_	_	
3-2	131-138	Carannæ	_	_	_	
3-3	138-139	.	_	_	_	

#Text=JSt ein Gummi, welches aus den
#Text=Staͤmmen ſehr vieler, dem Palm-
#Text=baum gantz aͤhnlicher Baͤume rinnet,
#Text=welche in Neuſpanien befunden wer-
#Text=den.
4-1	142-145	JSt	_	_	_	
4-2	146-149	ein	_	_	_	
4-3	150-155	Gummi	_	_	_	
4-4	155-156	,	_	_	_	
4-5	157-164	welches	_	_	_	
4-6	165-168	aus	_	_	_	
4-7	169-172	den	_	_	_	
4-8	173-181	Staͤmmen	_	_	_	
4-9	182-186	ſehr	_	_	_	
4-10	187-193	vieler	_	_	_	
4-11	193-194	,	_	_	_	
4-12	195-198	dem	_	_	_	
4-13	199-203	Palm	_	_	_	
4-14	203-204	-	_	_	_	
4-15	205-209	baum	_	_	_	
4-16	210-215	gantz	_	_	_	
4-17	216-226	aͤhnlicher	_	_	_	
4-18	227-233	Baͤume	_	_	_	
4-19	234-240	rinnet	_	_	_	
4-20	240-241	,	_	_	_	
4-21	242-248	welche	_	_	_	
4-22	249-251	in	_	_	_	
4-23	252-262	Neuſpanien	_	_	_	
4-24	263-271	befunden	_	_	_	
4-25	272-275	wer	_	_	_	
4-26	275-276	-	_	_	_	
4-27	277-280	den	_	_	_	
4-28	280-281	.	_	_	_	

#Text=Dieſes
#Text=Gummi wird uns in ſolchen
#Text=Rohrblaͤttern, deren oben gedacht, uͤber-
#Text=
#Text=ſendet, und muß, wenn es gebuͤhrend
#Text=beſchaffen, ſo weich, als wie ein halbge-
#Text=kochtes Pflaſter ſeyn, graulichter und
#Text=auf weiß ſich ziehender Farbe, eines an-
#Text=genehmen, ziemlich aromatiſchen
#Text=Ge-
#Text=ruchs.
5-1	285-291	Dieſes	_	_	_	
5-2	292-297	Gummi	Smell\_Source	_	_	
5-3	298-302	wird	_	_	_	
5-4	303-306	uns	_	_	_	
5-5	307-309	in	_	_	_	
5-6	310-317	ſolchen	_	_	_	
5-7	318-331	Rohrblaͤttern	_	_	_	
5-8	331-332	,	_	_	_	
5-9	333-338	deren	_	_	_	
5-10	339-343	oben	_	_	_	
5-11	344-351	gedacht	_	_	_	
5-12	351-352	,	_	_	_	
5-13	353-358	uͤber	_	_	_	
5-14	358-359	-	_	_	_	
5-15	361-367	ſendet	_	_	_	
5-16	367-368	,	_	_	_	
5-17	369-372	und	_	_	_	
5-18	373-376	muß	_	_	_	
5-19	376-377	,	_	_	_	
5-20	378-382	wenn	_	_	_	
5-21	383-385	es	_	_	_	
5-22	386-396	gebuͤhrend	_	_	_	
5-23	397-407	beſchaffen	_	_	_	
5-24	407-408	,	_	_	_	
5-25	409-411	ſo	_	_	_	
5-26	412-417	weich	_	_	_	
5-27	417-418	,	_	_	_	
5-28	419-422	als	_	_	_	
5-29	423-426	wie	_	_	_	
5-30	427-430	ein	_	_	_	
5-31	431-437	halbge	_	_	_	
5-32	437-438	-	_	_	_	
5-33	439-446	kochtes	_	_	_	
5-34	447-455	Pflaſter	_	_	_	
5-35	456-460	ſeyn	_	_	_	
5-36	460-461	,	_	_	_	
5-37	462-473	graulichter	_	_	_	
5-38	474-477	und	_	_	_	
5-39	478-481	auf	_	_	_	
5-40	482-486	weiß	_	_	_	
5-41	487-491	ſich	_	_	_	
5-42	492-501	ziehender	_	_	_	
5-43	502-507	Farbe	_	_	_	
5-44	507-508	,	_	_	_	
5-45	509-514	eines	_	_	_	
5-46	515-517	an	Quality[1]	_	_	
5-47	517-518	-	Quality[1]	_	_	
5-48	519-527	genehmen	Quality[1]	_	_	
5-49	527-528	,	_	_	_	
5-50	529-537	ziemlich	Quality[2]	_	_	
5-51	538-550	aromatiſchen	Quality[2]	_	_	
5-52	551-553	Ge	Smell\_Word[3]	*|*|*	5-46[1_3]|5-50[2_3]|5-2[0_3]	
5-53	553-554	-	Smell\_Word[3]	_	_	
5-54	555-560	ruchs	Smell\_Word[3]	_	_	
5-55	560-561	.	_	_	_	

#Text=Es melden einige Scribenten, daß es
#Text=auch weiſſe Caranna gebe, welches ich
#Text=gantz gerne glaube, denn ſie alſo ſehen
#Text=kan, wenn ſie erſt kuͤrtzlich vom Baume
#Text=kommt.
6-1	565-567	Es	_	_	_	
6-2	568-574	melden	_	_	_	
6-3	575-581	einige	_	_	_	
6-4	582-592	Scribenten	_	_	_	
6-5	592-593	,	_	_	_	
6-6	594-597	daß	_	_	_	
6-7	598-600	es	_	_	_	
6-8	601-605	auch	_	_	_	
6-9	606-612	weiſſe	_	_	_	
6-10	613-620	Caranna	_	_	_	
6-11	621-625	gebe	_	_	_	
6-12	625-626	,	_	_	_	
6-13	627-634	welches	_	_	_	
6-14	635-638	ich	_	_	_	
6-15	639-644	gantz	_	_	_	
6-16	645-650	gerne	_	_	_	
6-17	651-657	glaube	_	_	_	
6-18	657-658	,	_	_	_	
6-19	659-663	denn	_	_	_	
6-20	664-667	ſie	_	_	_	
6-21	668-672	alſo	_	_	_	
6-22	673-678	ſehen	_	_	_	
6-23	679-682	kan	_	_	_	
6-24	682-683	,	_	_	_	
6-25	684-688	wenn	_	_	_	
6-26	689-692	ſie	_	_	_	
6-27	693-697	erſt	_	_	_	
6-28	698-708	kuͤrtzlich	_	_	_	
6-29	709-712	vom	_	_	_	
6-30	713-718	Baume	_	_	_	
6-31	719-724	kommt	_	_	_	
6-32	724-725	.	_	_	_	

#Text=Wann ſie demnach die obbe-
#Text=ſchriebene Farbe hat, ruͤhret ſelbige nir-
#Text=gend anders her, als von ihrem Alter.
7-1	726-730	Wann	_	_	_	
7-2	731-734	ſie	_	_	_	
7-3	735-742	demnach	_	_	_	
7-4	743-746	die	_	_	_	
7-5	747-751	obbe	_	_	_	
7-6	751-752	-	_	_	_	
7-7	753-763	ſchriebene	_	_	_	
7-8	764-769	Farbe	_	_	_	
7-9	770-773	hat	_	_	_	
7-10	773-774	,	_	_	_	
7-11	775-782	ruͤhret	_	_	_	
7-12	783-790	ſelbige	_	_	_	
7-13	791-794	nir	_	_	_	
7-14	794-795	-	_	_	_	
7-15	796-800	gend	_	_	_	
7-16	801-807	anders	_	_	_	
7-17	808-811	her	_	_	_	
7-18	811-812	,	_	_	_	
7-19	813-816	als	_	_	_	
7-20	817-820	von	_	_	_	
7-21	821-826	ihrem	_	_	_	
7-22	827-832	Alter	_	_	_	
7-23	832-833	.	_	_	_	

#Text=Dannenhero ſoll ſie auch um ſoviel deſto
#Text=
#Text=hoͤher gehalten werden, ie weiſſer man
#Text=ſie findet:
#Text=dagegen muͤſſen alle die har-
#Text=ten Gummen verworffen werden, die
#Text=man an ihre Statt geſtellet hat, wenn
#Text=ſie zu theuer iſt, ob ſie auch ſchon eine
#Text=gleiche Farbe haͤtten.
8-1	835-845	Dannenhero	_	_	_	
8-2	846-850	ſoll	_	_	_	
8-3	851-854	ſie	_	_	_	
8-4	855-859	auch	_	_	_	
8-5	860-862	um	_	_	_	
8-6	863-869	ſoviel	_	_	_	
8-7	870-875	deſto	_	_	_	
8-8	877-883	hoͤher	_	_	_	
8-9	884-892	gehalten	_	_	_	
8-10	893-899	werden	_	_	_	
8-11	899-900	,	_	_	_	
8-12	901-903	ie	_	_	_	
8-13	904-911	weiſſer	_	_	_	
8-14	912-915	man	_	_	_	
8-15	916-919	ſie	_	_	_	
8-16	920-926	findet	_	_	_	
8-17	926-927	:	_	_	_	
8-18	928-935	dagegen	_	_	_	
8-19	936-943	muͤſſen	_	_	_	
8-20	944-948	alle	_	_	_	
8-21	949-952	die	_	_	_	
8-22	953-956	har	_	_	_	
8-23	956-957	-	_	_	_	
8-24	958-961	ten	_	_	_	
8-25	962-968	Gummen	_	_	_	
8-26	969-979	verworffen	_	_	_	
8-27	980-986	werden	_	_	_	
8-28	986-987	,	_	_	_	
8-29	988-991	die	_	_	_	
8-30	992-995	man	_	_	_	
8-31	996-998	an	_	_	_	
8-32	999-1003	ihre	_	_	_	
8-33	1004-1009	Statt	_	_	_	
8-34	1010-1019	geſtellet	_	_	_	
8-35	1020-1023	hat	_	_	_	
8-36	1023-1024	,	_	_	_	
8-37	1025-1029	wenn	_	_	_	
8-38	1030-1033	ſie	_	_	_	
8-39	1034-1036	zu	_	_	_	
8-40	1037-1043	theuer	_	_	_	
8-41	1044-1047	iſt	_	_	_	
8-42	1047-1048	,	_	_	_	
8-43	1049-1051	ob	_	_	_	
8-44	1052-1055	ſie	_	_	_	
8-45	1056-1060	auch	_	_	_	
8-46	1061-1066	ſchon	_	_	_	
8-47	1067-1071	eine	_	_	_	
8-48	1072-1079	gleiche	_	_	_	
8-49	1080-1085	Farbe	_	_	_	
8-50	1086-1093	haͤtten	_	_	_	
8-51	1093-1094	.	_	_	_	

#Text=Wann dieſes Gummi in Form eines
#Text=Pflaſters aufs Haupt geleget wird, ſtil-
#Text=let es recht wunderſam deſſelben und ſei-
#Text=ner Suturen oder Naͤthe Schmertzen:
9-1	1099-1103	Wann	_	_	_	
9-2	1104-1110	dieſes	_	_	_	
9-3	1111-1116	Gummi	_	_	_	
9-4	1117-1119	in	_	_	_	
9-5	1120-1124	Form	_	_	_	
9-6	1125-1130	eines	_	_	_	
9-7	1131-1140	Pflaſters	_	_	_	
9-8	1141-1145	aufs	_	_	_	
9-9	1146-1151	Haupt	_	_	_	
9-10	1152-1159	geleget	_	_	_	
9-11	1160-1164	wird	_	_	_	
9-12	1164-1165	,	_	_	_	
9-13	1166-1170	ſtil	_	_	_	
9-14	1170-1171	-	_	_	_	
9-15	1172-1175	let	_	_	_	
9-16	1176-1178	es	_	_	_	
9-17	1179-1184	recht	_	_	_	
9-18	1185-1194	wunderſam	_	_	_	
9-19	1195-1204	deſſelben	_	_	_	
9-20	1205-1208	und	_	_	_	
9-21	1209-1212	ſei	_	_	_	
9-22	1212-1213	-	_	_	_	
9-23	1214-1217	ner	_	_	_	
9-24	1218-1225	Suturen	_	_	_	
9-25	1226-1230	oder	_	_	_	
9-26	1231-1237	Naͤthe	_	_	_	
9-27	1238-1248	Schmertzen	_	_	_	
9-28	1248-1249	:	_	_	_	
