#FORMAT=WebAnno TSV 3.3


#Text=En al is de moeite gering en al valt er weinig te beschikken, ik moet
#Text=u bij voorraad voor uwe belangelooze moeite danken.
1-1	0-2	En	
1-2	3-5	al	
1-3	6-8	is	
1-4	9-11	de	
1-5	12-18	moeite	
1-6	19-25	gering	
1-7	26-28	en	
1-8	29-31	al	
1-9	32-36	valt	
1-10	37-39	er	
1-11	40-46	weinig	
1-12	47-49	te	
1-13	50-60	beschikken	
1-14	60-61	,	
1-15	62-64	ik	
1-16	65-69	moet	
1-17	70-71	u	
1-18	72-75	bij	
1-19	76-84	voorraad	
1-20	85-89	voor	
1-21	90-93	uwe	
1-22	94-106	belangelooze	
1-23	107-113	moeite	
1-24	114-120	danken	
1-25	120-121	.	

#Text=Ik ben zoo vrij geweest u tot
#Text=mijn' executeur te benoemen, volgens bijgaand bewijsstuk.
2-1	122-124	Ik	
2-2	125-128	ben	
2-3	129-132	zoo	
2-4	133-137	vrij	
2-5	138-145	geweest	
2-6	146-147	u	
2-7	148-151	tot	
2-8	152-156	mijn	
2-9	156-157	'	
2-10	158-167	executeur	
2-11	168-170	te	
2-12	171-179	benoemen	
2-13	179-180	,	
2-14	181-188	volgens	
2-15	189-197	bijgaand	
2-16	198-208	bewijsstuk	
2-17	208-209	.	

#Text=Gaarne zou ik u daarvoor
#Text=een fiksch legaat hebben vermaakt, als ik daartoe in staat was geweest, doch in dat
#Text=geval - dat stemt gij mij toe - zou ik mijn besluit niet zoo haastig hebben ten uitvoer
#Text=gebragt. . . . . . . . . . . . . . . . . . . . . .
#Text=’
#Text=
#Text=
#Text=Met koortsachtige spanning had Hendrik tot hiertoe gelezen en met den uitroep:
#Text=‘Ellendeling!
3-1	210-216	Gaarne	
3-2	217-220	zou	
3-3	221-223	ik	
3-4	224-225	u	
3-5	226-234	daarvoor	
3-6	235-238	een	
3-7	239-245	fiksch	
3-8	246-252	legaat	
3-9	253-259	hebben	
3-10	260-268	vermaakt	
3-11	268-269	,	
3-12	270-273	als	
3-13	274-276	ik	
3-14	277-284	daartoe	
3-15	285-287	in	
3-16	288-293	staat	
3-17	294-297	was	
3-18	298-305	geweest	
3-19	305-306	,	
3-20	307-311	doch	
3-21	312-314	in	
3-22	315-318	dat	
3-23	319-324	geval	
3-24	325-326	-	
3-25	327-330	dat	
3-26	331-336	stemt	
3-27	337-340	gij	
3-28	341-344	mij	
3-29	345-348	toe	
3-30	349-350	-	
3-31	351-354	zou	
3-32	355-357	ik	
3-33	358-362	mijn	
3-34	363-370	besluit	
3-35	371-375	niet	
3-36	376-379	zoo	
3-37	380-387	haastig	
3-38	388-394	hebben	
3-39	395-398	ten	
3-40	399-406	uitvoer	
3-41	407-414	gebragt	
3-42	414-415	.	
3-43	416-417	.	
3-44	418-419	.	
3-45	420-421	.	
3-46	422-423	.	
3-47	424-425	.	
3-48	426-427	.	
3-49	428-429	.	
3-50	430-431	.	
3-51	432-433	.	
3-52	434-435	.	
3-53	436-437	.	
3-54	438-439	.	
3-55	440-441	.	
3-56	442-443	.	
3-57	444-445	.	
3-58	446-447	.	
3-59	448-449	.	
3-60	450-451	.	
3-61	452-453	.	
3-62	454-455	.	
3-63	456-457	.	
3-64	458-459	’	
3-65	462-465	Met	
3-66	466-479	koortsachtige	
3-67	480-488	spanning	
3-68	489-492	had	
3-69	493-500	Hendrik	
3-70	501-504	tot	
3-71	505-512	hiertoe	
3-72	513-520	gelezen	
3-73	521-523	en	
3-74	524-527	met	
3-75	528-531	den	
3-76	532-539	uitroep	
3-77	539-540	:	
3-78	541-542	‘	
3-79	542-553	Ellendeling	
3-80	553-554	!	

#Text=spot gij met mij nog na uwen dood!.....
4-1	555-559	spot	
4-2	560-563	gij	
4-3	564-567	met	
4-4	568-571	mij	
4-5	572-575	nog	
4-6	576-578	na	
4-7	579-583	uwen	
4-8	584-588	dood	
4-9	588-589	!	
4-10	589-590	.	
4-11	590-591	.	
4-12	591-592	.	
4-13	592-593	.	
4-14	593-594	.	

#Text=’ wierp hij den brief verre van
#Text=zich.
5-1	595-596	’	
5-2	597-602	wierp	
5-3	603-606	hij	
5-4	607-610	den	
5-5	611-616	brief	
5-6	617-622	verre	
5-7	623-626	van	
5-8	627-631	zich	
5-9	631-632	.	

#Text=Als uitgeput viel hij op een' stoel neder en bleef een' geruimen tijd bewegingloos
#Text=zitten, akelig starende op den grond, terwijl allerlei gedachten hem verward door het
#Text=hoofd gingen.
6-1	633-636	Als	
6-2	637-645	uitgeput	
6-3	646-650	viel	
6-4	651-654	hij	
6-5	655-657	op	
6-6	658-661	een	
6-7	661-662	'	
6-8	663-668	stoel	
6-9	669-674	neder	
6-10	675-677	en	
6-11	678-683	bleef	
6-12	684-687	een	
6-13	687-688	'	
6-14	689-697	geruimen	
6-15	698-702	tijd	
6-16	703-715	bewegingloos	
6-17	716-722	zitten	
6-18	722-723	,	
6-19	724-730	akelig	
6-20	731-739	starende	
6-21	740-742	op	
6-22	743-746	den	
6-23	747-752	grond	
6-24	752-753	,	
6-25	754-761	terwijl	
6-26	762-770	allerlei	
6-27	771-780	gedachten	
6-28	781-784	hem	
6-29	785-792	verward	
6-30	793-797	door	
6-31	798-801	het	
6-32	802-807	hoofd	
6-33	808-814	gingen	
6-34	814-815	.	

#Text=Eindelijk als uit een' benaauwden droom ontwakende, wreef hij met
#Text=zijne hand over zijn voorhoofd, alsof hij enkele herinneringen aan zijn' geest wilde
#Text=terugroepen.
7-1	816-825	Eindelijk	
7-2	826-829	als	
7-3	830-833	uit	
7-4	834-837	een	
7-5	837-838	'	
7-6	839-849	benaauwden	
7-7	850-855	droom	
7-8	856-866	ontwakende	
7-9	866-867	,	
7-10	868-873	wreef	
7-11	874-877	hij	
7-12	878-881	met	
7-13	882-887	zijne	
7-14	888-892	hand	
7-15	893-897	over	
7-16	898-902	zijn	
7-17	903-912	voorhoofd	
7-18	912-913	,	
7-19	914-919	alsof	
7-20	920-923	hij	
7-21	924-930	enkele	
7-22	931-944	herinneringen	
7-23	945-948	aan	
7-24	949-953	zijn	
7-25	953-954	'	
7-26	955-960	geest	
7-27	961-966	wilde	
7-28	967-978	terugroepen	
7-29	978-979	.	

#Text=Langzaam kwam hij tot bezinning, maar daarmede ook tot de overtuiging,
#Text=dat hij met eene valsche hoop zich gevleid had en dat hij een bedrogene was, wiens
#Text=uitzigten in damp waren vervlogen.
#Text=‘
#Text=Ongelukkige, die ik ben,’ riep hij uit.
8-1	980-988	Langzaam	
8-2	989-993	kwam	
8-3	994-997	hij	
8-4	998-1001	tot	
8-5	1002-1011	bezinning	
8-6	1011-1012	,	
8-7	1013-1017	maar	
8-8	1018-1026	daarmede	
8-9	1027-1030	ook	
8-10	1031-1034	tot	
8-11	1035-1037	de	
8-12	1038-1049	overtuiging	
8-13	1049-1050	,	
8-14	1051-1054	dat	
8-15	1055-1058	hij	
8-16	1059-1062	met	
8-17	1063-1067	eene	
8-18	1068-1075	valsche	
8-19	1076-1080	hoop	
8-20	1081-1085	zich	
8-21	1086-1093	gevleid	
8-22	1094-1097	had	
8-23	1098-1100	en	
8-24	1101-1104	dat	
8-25	1105-1108	hij	
8-26	1109-1112	een	
8-27	1113-1122	bedrogene	
8-28	1123-1126	was	
8-29	1126-1127	,	
8-30	1128-1133	wiens	
8-31	1134-1143	uitzigten	
8-32	1144-1146	in	
8-33	1147-1151	damp	
8-34	1152-1157	waren	
8-35	1158-1167	vervlogen	
8-36	1167-1168	.	
8-37	1169-1170	‘	
8-38	1171-1182	Ongelukkige	
8-39	1182-1183	,	
8-40	1184-1187	die	
8-41	1188-1190	ik	
8-42	1191-1194	ben	
8-43	1194-1195	,	
8-44	1195-1196	’	
8-45	1197-1201	riep	
8-46	1202-1205	hij	
8-47	1206-1209	uit	
8-48	1209-1210	.	

#Text=‘Wat blijft
#Text=mij over?
9-1	1211-1212	‘	
9-2	1212-1215	Wat	
9-3	1216-1222	blijft	
9-4	1223-1226	mij	
9-5	1227-1231	over	
9-6	1231-1232	?	

#Text=Gij hebt mij bedrogen, van der Wiek!
10-1	1233-1236	Gij	
10-2	1237-1241	hebt	
10-3	1242-1245	mij	
10-4	1246-1254	bedrogen	
10-5	1254-1255	,	
10-6	1256-1259	van	
10-7	1260-1263	der	
10-8	1264-1268	Wiek	
10-9	1268-1269	!	

#Text=Nu moet ik mij in de armen van een'
#Text=broeder werpen, die mij met verwijtingen overlaadt;
#Text=van wien ik wel het minst een
#Text=gunst wil aannemen.....
#Text=en toch, ik moet; ik moet, als ik niet geheel te gronde zal
#Text=gaan.
11-1	1270-1272	Nu	
11-2	1273-1277	moet	
11-3	1278-1280	ik	
11-4	1281-1284	mij	
11-5	1285-1287	in	
11-6	1288-1290	de	
11-7	1291-1296	armen	
11-8	1297-1300	van	
11-9	1301-1304	een	
11-10	1304-1305	'	
11-11	1306-1313	broeder	
11-12	1314-1320	werpen	
11-13	1320-1321	,	
11-14	1322-1325	die	
11-15	1326-1329	mij	
11-16	1330-1333	met	
11-17	1334-1346	verwijtingen	
11-18	1347-1356	overlaadt	
11-19	1356-1357	;	
11-20	1358-1361	van	
11-21	1362-1366	wien	
11-22	1367-1369	ik	
11-23	1370-1373	wel	
11-24	1374-1377	het	
11-25	1378-1383	minst	
11-26	1384-1387	een	
11-27	1388-1393	gunst	
11-28	1394-1397	wil	
11-29	1398-1406	aannemen	
11-30	1406-1407	.	
11-31	1407-1408	.	
11-32	1408-1409	.	
11-33	1409-1410	.	
11-34	1410-1411	.	
11-35	1412-1414	en	
11-36	1415-1419	toch	
11-37	1419-1420	,	
11-38	1421-1423	ik	
11-39	1424-1428	moet	
11-40	1428-1429	;	
11-41	1430-1432	ik	
11-42	1433-1437	moet	
11-43	1437-1438	,	
11-44	1439-1442	als	
11-45	1443-1445	ik	
11-46	1446-1450	niet	
11-47	1451-1457	geheel	
11-48	1458-1460	te	
11-49	1461-1467	gronde	
11-50	1468-1471	zal	
11-51	1472-1476	gaan	
11-52	1476-1477	.	

#Text=Waar is nu uw troost, van der Wiek?
12-1	1478-1482	Waar	
12-2	1483-1485	is	
12-3	1486-1488	nu	
12-4	1489-1491	uw	
12-5	1492-1498	troost	
12-6	1498-1499	,	
12-7	1500-1503	van	
12-8	1504-1507	der	
12-9	1508-1512	Wiek	
12-10	1512-1513	?	

#Text=Ha, ik zie uw' grijnzenden glimlach, die
#Text=mij bespot in mijn ongeluk!
13-1	1514-1516	Ha	
13-2	1516-1517	,	
13-3	1518-1520	ik	
13-4	1521-1524	zie	
13-5	1525-1527	uw	
13-6	1527-1528	'	
13-7	1529-1540	grijnzenden	
13-8	1541-1549	glimlach	
13-9	1549-1550	,	
13-10	1551-1554	die	
13-11	1555-1558	mij	
13-12	1559-1565	bespot	
13-13	1566-1568	in	
13-14	1569-1573	mijn	
13-15	1574-1581	ongeluk	
13-16	1581-1582	!	
