#FORMAT=WebAnno TSV 3.3
#T_SP=custom.Span|label
#T_RL=custom.Relation|label|BT_custom.Span


#Text=Art. 8.
1-1	0-3	Art	_	_	_	
1-2	3-4	.	_	_	_	
1-3	5-6	8	_	_	_	
1-4	6-7	.	_	_	_	

#Text=Le cloaque qui s’est formé au tournant de la rue de Charenton, et de celle de Reuilly, sur les routes de Champagne et de Lyon, et qui se prolonge jusqu’à la barrière des Poules, mérite l’attention la plus sérieuse et les soins les plus instants de l’administration qui en est chargée.
2-1	8-10	Le	_	_	_	
2-2	11-18	cloaque	_	_	_	
2-3	19-22	qui	_	_	_	
2-4	23-24	s	_	_	_	
2-5	24-25	’	_	_	_	
2-6	25-28	est	_	_	_	
2-7	29-34	formé	_	_	_	
2-8	35-37	au	Location[1]	_	_	
2-9	38-46	tournant	Location[1]	_	_	
2-10	47-49	de	Location[1]	_	_	
2-11	50-52	la	Location[1]	_	_	
2-12	53-56	rue	Location[1]	_	_	
2-13	57-59	de	Location[1]	_	_	
2-14	60-69	Charenton	Location[1]	_	_	
2-15	69-70	,	Location[1]	_	_	
2-16	71-73	et	Location[1]	_	_	
2-17	74-76	de	Location[1]	_	_	
2-18	77-82	celle	Location[1]	_	_	
2-19	83-85	de	Location[1]	_	_	
2-20	86-93	Reuilly	Location[1]	_	_	
2-21	93-94	,	Location[1]	_	_	
2-22	95-98	sur	Location[1]	_	_	
2-23	99-102	les	Location[1]	_	_	
2-24	103-109	routes	Location[1]	_	_	
2-25	110-112	de	Location[1]	_	_	
2-26	113-122	Champagne	Location[1]	_	_	
2-27	123-125	et	Location[1]	_	_	
2-28	126-128	de	Location[1]	_	_	
2-29	129-133	Lyon	Location[1]	_	_	
2-30	133-134	,	Location[1]	_	_	
2-31	135-137	et	Location[1]	_	_	
2-32	138-141	qui	Location[1]	_	_	
2-33	142-144	se	Location[1]	_	_	
2-34	145-153	prolonge	Location[1]	_	_	
2-35	154-159	jusqu	Location[1]	_	_	
2-36	159-160	’	Location[1]	_	_	
2-37	160-161	à	Location[1]	_	_	
2-38	162-164	la	Location[1]	_	_	
2-39	165-173	barrière	Location[1]	_	_	
2-40	174-177	des	Location[1]	_	_	
2-41	178-184	Poules	Location[1]	_	_	
2-42	184-185	,	_	_	_	
2-43	186-192	mérite	_	_	_	
2-44	193-194	l	_	_	_	
2-45	194-195	’	_	_	_	
2-46	195-204	attention	_	_	_	
2-47	205-207	la	_	_	_	
2-48	208-212	plus	_	_	_	
2-49	213-221	sérieuse	_	_	_	
2-50	222-224	et	_	_	_	
2-51	225-228	les	_	_	_	
2-52	229-234	soins	_	_	_	
2-53	235-238	les	_	_	_	
2-54	239-243	plus	_	_	_	
2-55	244-252	instants	_	_	_	
2-56	253-255	de	_	_	_	
2-57	256-257	l	_	_	_	
2-58	257-258	’	_	_	_	
2-59	258-272	administration	_	_	_	
2-60	273-276	qui	_	_	_	
2-61	277-279	en	_	_	_	
2-62	280-283	est	_	_	_	
2-63	284-291	chargée	_	_	_	
2-64	291-292	.	_	_	_	

#Text=Ce cloaque s’accroît et se creuse chaque jour par le poids énorme des voitures ; ces eaux stagnantes occasionnent, en été, des exhalaisons qui se répandent au loin, et il en résulte dans l’hiver un amas de glaces également dangereux pour les gens à pied et les chevaux.
3-1	294-296	Ce	_	_	_	
3-2	297-304	cloaque	Smell\_Source	_	_	
3-3	305-306	s	_	_	_	
3-4	306-307	’	_	_	_	
3-5	307-314	accroît	_	_	_	
3-6	315-317	et	_	_	_	
3-7	318-320	se	_	_	_	
3-8	321-327	creuse	_	_	_	
3-9	328-334	chaque	_	_	_	
3-10	335-339	jour	_	_	_	
3-11	340-343	par	_	_	_	
3-12	344-346	le	_	_	_	
3-13	347-352	poids	_	_	_	
3-14	353-359	énorme	_	_	_	
3-15	360-363	des	_	_	_	
3-16	364-372	voitures	_	_	_	
3-17	373-374	;	_	_	_	
3-18	375-378	ces	_	_	_	
3-19	379-383	eaux	Smell\_Source[2]	_	_	
3-20	384-394	stagnantes	Smell\_Source[2]	_	_	
3-21	395-407	occasionnent	_	_	_	
3-22	407-408	,	_	_	_	
3-23	409-411	en	Time[3]	_	_	
3-24	412-415	été	Time[3]	_	_	
3-25	415-416	,	_	_	_	
3-26	417-420	des	_	_	_	
3-27	421-432	exhalaisons	Smell\_Word	*|*|*|*|*	3-23[3_0]|3-19[2_0]|3-29[4_0]|3-2|2-8[1_0]	
3-28	433-436	qui	_	_	_	
3-29	437-439	se	Effect[4]	_	_	
3-30	440-449	répandent	Effect[4]	_	_	
3-31	450-452	au	Effect[4]	_	_	
3-32	453-457	loin	Effect[4]	_	_	
3-33	457-458	,	_	_	_	
3-34	459-461	et	_	_	_	
3-35	462-464	il	_	_	_	
3-36	465-467	en	_	_	_	
3-37	468-475	résulte	_	_	_	
3-38	476-480	dans	_	_	_	
3-39	481-482	l	_	_	_	
3-40	482-483	’	_	_	_	
3-41	483-488	hiver	_	_	_	
3-42	489-491	un	_	_	_	
3-43	492-496	amas	_	_	_	
3-44	497-499	de	_	_	_	
3-45	500-506	glaces	_	_	_	
3-46	507-516	également	_	_	_	
3-47	517-526	dangereux	_	_	_	
3-48	527-531	pour	_	_	_	
3-49	532-535	les	_	_	_	
3-50	536-540	gens	_	_	_	
3-51	541-542	à	_	_	_	
3-52	543-547	pied	_	_	_	
3-53	548-550	et	_	_	_	
3-54	551-554	les	_	_	_	
3-55	555-562	chevaux	_	_	_	
3-56	562-563	.	_	_	_	

#Text=Il existe un autre cloaque de 5 arpents formé à la butte de Chaumont, par le dépôt de tout ce qu’on appelle la voirie.
4-1	565-567	Il	_	_	_	
4-2	568-574	existe	_	_	_	
4-3	575-577	un	_	_	_	
4-4	578-583	autre	_	_	_	
4-5	584-591	cloaque	_	_	_	
4-6	592-594	de	_	_	_	
4-7	595-596	5	_	_	_	
4-8	597-604	arpents	_	_	_	
4-9	605-610	formé	_	_	_	
4-10	611-612	à	_	_	_	
4-11	613-615	la	_	_	_	
4-12	616-621	butte	_	_	_	
4-13	622-624	de	_	_	_	
4-14	625-633	Chaumont	_	_	_	
4-15	633-634	,	_	_	_	
4-16	635-638	par	_	_	_	
4-17	639-641	le	_	_	_	
4-18	642-647	dépôt	_	_	_	
4-19	648-650	de	_	_	_	
4-20	651-655	tout	_	_	_	
4-21	656-658	ce	_	_	_	
4-22	659-661	qu	_	_	_	
4-23	661-662	’	_	_	_	
4-24	662-664	on	_	_	_	
4-25	665-672	appelle	_	_	_	
4-26	673-675	la	_	_	_	
4-27	676-682	voirie	_	_	_	
4-28	682-683	.	_	_	_	

#Text=Lorsque, pour en diminuer le volume, on procure l’écoulement des eaux par
#Text=[page 292]
#Text=le moyen des vannes, elles se répandent dans un espace entouré de fossés, d’où elles se distribuent par infiltration et autrement, dans les terres voisines.
5-1	684-691	Lorsque	_	_	_	
5-2	691-692	,	_	_	_	
5-3	693-697	pour	_	_	_	
5-4	698-700	en	_	_	_	
5-5	701-709	diminuer	_	_	_	
5-6	710-712	le	_	_	_	
5-7	713-719	volume	_	_	_	
5-8	719-720	,	_	_	_	
5-9	721-723	on	_	_	_	
5-10	724-731	procure	_	_	_	
5-11	732-733	l	_	_	_	
5-12	733-734	’	_	_	_	
5-13	734-744	écoulement	_	_	_	
5-14	745-748	des	_	_	_	
5-15	749-753	eaux	_	_	_	
5-16	754-757	par	_	_	_	
5-17	758-759	[	_	_	_	
5-18	759-763	page	_	_	_	
5-19	764-767	292	_	_	_	
5-20	767-768	]	_	_	_	
5-21	769-771	le	_	_	_	
5-22	772-777	moyen	_	_	_	
5-23	778-781	des	_	_	_	
5-24	782-788	vannes	_	_	_	
5-25	788-789	,	_	_	_	
5-26	790-795	elles	_	_	_	
5-27	796-798	se	_	_	_	
5-28	799-808	répandent	_	_	_	
5-29	809-813	dans	_	_	_	
5-30	814-816	un	_	_	_	
5-31	817-823	espace	_	_	_	
5-32	824-831	entouré	_	_	_	
5-33	832-834	de	_	_	_	
5-34	835-841	fossés	_	_	_	
5-35	841-842	,	_	_	_	
5-36	843-844	d	_	_	_	
5-37	844-845	’	_	_	_	
5-38	845-847	où	_	_	_	
5-39	848-853	elles	_	_	_	
5-40	854-856	se	_	_	_	
5-41	857-868	distribuent	_	_	_	
5-42	869-872	par	_	_	_	
5-43	873-885	infiltration	_	_	_	
5-44	886-888	et	_	_	_	
5-45	889-898	autrement	_	_	_	
5-46	898-899	,	_	_	_	
5-47	900-904	dans	_	_	_	
5-48	905-908	les	_	_	_	
5-49	909-915	terres	_	_	_	
5-50	916-924	voisines	_	_	_	
5-51	924-925	.	_	_	_	

#Text=On est persuadé que les personnes de l’art n’ont point été consultées sur cet établissement.
6-1	926-928	On	_	_	_	
6-2	929-932	est	_	_	_	
6-3	933-941	persuadé	_	_	_	
6-4	942-945	que	_	_	_	
6-5	946-949	les	_	_	_	
6-6	950-959	personnes	_	_	_	
6-7	960-962	de	_	_	_	
6-8	963-964	l	_	_	_	
6-9	964-965	’	_	_	_	
6-10	965-968	art	_	_	_	
6-11	969-970	n	_	_	_	
6-12	970-971	’	_	_	_	
6-13	971-974	ont	_	_	_	
6-14	975-980	point	_	_	_	
6-15	981-984	été	_	_	_	
6-16	985-995	consultées	_	_	_	
6-17	996-999	sur	_	_	_	
6-18	1000-1003	cet	_	_	_	
6-19	1004-1017	établissement	_	_	_	
6-20	1017-1018	.	_	_	_	

#Text=On s’alarme des résultats et de tous les genres d’inconvénients d’un tel amas de principes pestilentiels aux portes de cette grande ville.
7-1	1019-1021	On	_	_	_	
7-2	1022-1023	s	_	_	_	
7-3	1023-1024	’	_	_	_	
7-4	1024-1030	alarme	_	_	_	
7-5	1031-1034	des	_	_	_	
7-6	1035-1044	résultats	_	_	_	
7-7	1045-1047	et	_	_	_	
7-8	1048-1050	de	_	_	_	
7-9	1051-1055	tous	_	_	_	
7-10	1056-1059	les	_	_	_	
7-11	1060-1066	genres	_	_	_	
7-12	1067-1068	d	_	_	_	
7-13	1068-1069	’	_	_	_	
7-14	1069-1082	inconvénients	_	_	_	
7-15	1083-1084	d	_	_	_	
7-16	1084-1085	’	_	_	_	
7-17	1085-1087	un	_	_	_	
7-18	1088-1091	tel	_	_	_	
7-19	1092-1096	amas	_	_	_	
7-20	1097-1099	de	_	_	_	
7-21	1100-1109	principes	_	_	_	
7-22	1110-1123	pestilentiels	_	_	_	
7-23	1124-1127	aux	_	_	_	
7-24	1128-1134	portes	_	_	_	
7-25	1135-1137	de	_	_	_	
7-26	1138-1143	cette	_	_	_	
7-27	1144-1150	grande	_	_	_	
7-28	1151-1156	ville	_	_	_	
7-29	1156-1157	.	_	_	_	

#Text=Quoique cet objet ne soit plus, depuis 1666 ou 1667, du ressort de la municipalité, il est toujours de son devoir d’avertir l’autorité de la nécessité d’y remédier ; c’est ce qu’elle a déjà fait et ce qu’elle croit devoir répéter encore, « puisqu’on n’y a pourvu par aucunes mesures. »
8-1	1159-1166	Quoique	_	_	_	
8-2	1167-1170	cet	_	_	_	
8-3	1171-1176	objet	_	_	_	
8-4	1177-1179	ne	_	_	_	
8-5	1180-1184	soit	_	_	_	
8-6	1185-1189	plus	_	_	_	
8-7	1189-1190	,	_	_	_	
8-8	1191-1197	depuis	_	_	_	
8-9	1198-1202	1666	_	_	_	
8-10	1203-1205	ou	_	_	_	
8-11	1206-1210	1667	_	_	_	
8-12	1210-1211	,	_	_	_	
8-13	1212-1214	du	_	_	_	
8-14	1215-1222	ressort	_	_	_	
8-15	1223-1225	de	_	_	_	
8-16	1226-1228	la	_	_	_	
8-17	1229-1241	municipalité	_	_	_	
8-18	1241-1242	,	_	_	_	
8-19	1243-1245	il	_	_	_	
8-20	1246-1249	est	_	_	_	
8-21	1250-1258	toujours	_	_	_	
8-22	1259-1261	de	_	_	_	
8-23	1262-1265	son	_	_	_	
8-24	1266-1272	devoir	_	_	_	
8-25	1273-1274	d	_	_	_	
8-26	1274-1275	’	_	_	_	
8-27	1275-1282	avertir	_	_	_	
8-28	1283-1284	l	_	_	_	
8-29	1284-1285	’	_	_	_	
8-30	1285-1293	autorité	_	_	_	
8-31	1294-1296	de	_	_	_	
8-32	1297-1299	la	_	_	_	
8-33	1300-1309	nécessité	_	_	_	
8-34	1310-1311	d	_	_	_	
8-35	1311-1312	’	_	_	_	
8-36	1312-1313	y	_	_	_	
8-37	1314-1322	remédier	_	_	_	
8-38	1323-1324	;	_	_	_	
8-39	1325-1326	c	_	_	_	
8-40	1326-1327	’	_	_	_	
8-41	1327-1330	est	_	_	_	
8-42	1331-1333	ce	_	_	_	
8-43	1334-1336	qu	_	_	_	
8-44	1336-1337	’	_	_	_	
8-45	1337-1341	elle	_	_	_	
8-46	1342-1343	a	_	_	_	
8-47	1344-1348	déjà	_	_	_	
8-48	1349-1353	fait	_	_	_	
8-49	1354-1356	et	_	_	_	
8-50	1357-1359	ce	_	_	_	
8-51	1360-1362	qu	_	_	_	
8-52	1362-1363	’	_	_	_	
8-53	1363-1367	elle	_	_	_	
8-54	1368-1373	croit	_	_	_	
8-55	1374-1380	devoir	_	_	_	
8-56	1381-1388	répéter	_	_	_	
8-57	1389-1395	encore	_	_	_	
8-58	1395-1396	,	_	_	_	
8-59	1397-1398	«	_	_	_	
8-60	1399-1405	puisqu	_	_	_	
8-61	1405-1406	’	_	_	_	
8-62	1406-1408	on	_	_	_	
8-63	1409-1410	n	_	_	_	
8-64	1410-1411	’	_	_	_	
8-65	1411-1412	y	_	_	_	
8-66	1413-1414	a	_	_	_	
8-67	1415-1421	pourvu	_	_	_	
8-68	1422-1425	par	_	_	_	
8-69	1426-1433	aucunes	_	_	_	
8-70	1434-1441	mesures	_	_	_	
8-71	1441-1442	.	_	_	_	
8-72	1443-1444	»	_	_	_	
