#FORMAT=WebAnno TSV 3.3
#T_SP=custom.Span|label
#T_RL=custom.Relation|label|BT_custom.Span


#Text=daß das Pfund davon
#Text=
#Text=offt uͤber 25. und 30.
1-1	2-5	daß	_	_	_	
1-2	6-9	das	_	_	_	
1-3	10-15	Pfund	_	_	_	
1-4	16-21	davon	_	_	_	
1-5	23-27	offt	_	_	_	
1-6	28-33	uͤber	_	_	_	
1-7	34-36	25	_	_	_	
1-8	36-37	.	_	_	_	
1-9	38-41	und	_	_	_	
1-10	42-44	30	_	_	_	
1-11	44-45	.	_	_	_	

#Text=Reichsthaler in dem
#Text=preiß ſteiget: das pfund aber der beſten klei-
#Text=nern blaͤttern kan man meiſtens umb zehen
#Text=Reichsthaler haben/ ja auch wolfeiler.
2-1	46-58	Reichsthaler	_	_	_	
2-2	59-61	in	_	_	_	
2-3	62-65	dem	_	_	_	
2-4	66-71	preiß	_	_	_	
2-5	72-79	ſteiget	_	_	_	
2-6	79-80	:	_	_	_	
2-7	81-84	das	_	_	_	
2-8	85-90	pfund	_	_	_	
2-9	91-95	aber	_	_	_	
2-10	96-99	der	_	_	_	
2-11	100-106	beſten	_	_	_	
2-12	107-111	klei	_	_	_	
2-13	111-112	-	_	_	_	
2-14	113-117	nern	_	_	_	
2-15	118-127	blaͤttern	_	_	_	
2-16	128-131	kan	_	_	_	
2-17	132-135	man	_	_	_	
2-18	136-144	meiſtens	_	_	_	
2-19	145-148	umb	_	_	_	
2-20	149-154	zehen	_	_	_	
2-21	155-167	Reichsthaler	_	_	_	
2-22	168-173	haben	_	_	_	
2-23	173-174	/	_	_	_	
2-24	175-177	ja	_	_	_	
2-25	178-182	auch	_	_	_	
2-26	183-192	wolfeiler	_	_	_	
2-27	192-193	.	_	_	_	

#Text=Es
#Text=
#Text=waͤchſt dieſes Kraut in vielen orten in Ja-
#Text=ponien/ wie auch in China/ von dannen
#Text=es zu uns heruͤber gefuͤhret wird.
3-1	194-196	Es	_	_	_	
3-2	198-205	waͤchſt	_	_	_	
3-3	206-212	dieſes	_	_	_	
3-4	213-218	Kraut	_	_	_	
3-5	219-221	in	_	_	_	
3-6	222-228	vielen	_	_	_	
3-7	229-234	orten	_	_	_	
3-8	235-237	in	_	_	_	
3-9	238-240	Ja	_	_	_	
3-10	240-241	-	_	_	_	
3-11	242-248	ponien	_	_	_	
3-12	248-249	/	_	_	_	
3-13	250-253	wie	_	_	_	
3-14	254-258	auch	_	_	_	
3-15	259-261	in	_	_	_	
3-16	262-267	China	_	_	_	
3-17	267-268	/	_	_	_	
3-18	269-272	von	_	_	_	
3-19	273-279	dannen	_	_	_	
3-20	280-282	es	_	_	_	
3-21	283-285	zu	_	_	_	
3-22	286-289	uns	_	_	_	
3-23	290-298	heruͤber	_	_	_	
3-24	299-308	gefuͤhret	_	_	_	
3-25	309-313	wird	_	_	_	
3-26	313-314	.	_	_	_	

#Text=Weilen aber mit dieſen Außlaͤndiſchen
#Text=
#Text=mittlen offt zimblicher betrug geſchihet/ und
#Text=ein mancher ehrlicher Teutſcher ein außge-
#Text=ſogenes/ oder bereits außgekochtes/ hernach
#Text=wider getrucknetes Kraut fuͤr ſeinen
#Text=blawen
#Text=Huſten zu gebrauchen bekommet/ als muß
#Text=man die zeichen
#Text=des beſten Thee-krauts
#Text=wol in acht nehmen.
4-1	318-324	Weilen	_	_	_	
4-2	325-329	aber	_	_	_	
4-3	330-333	mit	_	_	_	
4-4	334-340	dieſen	_	_	_	
4-5	341-355	Außlaͤndiſchen	_	_	_	
4-6	357-364	mittlen	_	_	_	
4-7	365-369	offt	_	_	_	
4-8	370-380	zimblicher	_	_	_	
4-9	381-387	betrug	_	_	_	
4-10	388-397	geſchihet	_	_	_	
4-11	397-398	/	_	_	_	
4-12	399-402	und	_	_	_	
4-13	403-406	ein	_	_	_	
4-14	407-414	mancher	_	_	_	
4-15	415-424	ehrlicher	_	_	_	
4-16	425-434	Teutſcher	_	_	_	
4-17	435-438	ein	_	_	_	
4-18	439-444	außge	_	_	_	
4-19	444-445	-	_	_	_	
4-20	446-453	ſogenes	_	_	_	
4-21	453-454	/	_	_	_	
4-22	455-459	oder	_	_	_	
4-23	460-467	bereits	_	_	_	
4-24	468-480	außgekochtes	_	_	_	
4-25	480-481	/	_	_	_	
4-26	482-489	hernach	_	_	_	
4-27	490-495	wider	_	_	_	
4-28	496-508	getrucknetes	_	_	_	
4-29	509-514	Kraut	_	_	_	
4-30	515-519	fuͤr	_	_	_	
4-31	520-526	ſeinen	_	_	_	
4-32	527-533	blawen	_	_	_	
4-33	534-540	Huſten	_	_	_	
4-34	541-543	zu	_	_	_	
4-35	544-554	gebrauchen	_	_	_	
4-36	555-563	bekommet	_	_	_	
4-37	563-564	/	_	_	_	
4-38	565-568	als	_	_	_	
4-39	569-572	muß	_	_	_	
4-40	573-576	man	_	_	_	
4-41	577-580	die	_	_	_	
4-42	581-588	zeichen	_	_	_	
4-43	589-592	des	_	_	_	
4-44	593-599	beſten	_	_	_	
4-45	600-611	Thee-krauts	_	_	_	
4-46	612-615	wol	_	_	_	
4-47	616-618	in	_	_	_	
4-48	619-623	acht	_	_	_	
4-49	624-630	nehmen	_	_	_	
4-50	630-631	.	_	_	_	

#Text=Das beſte Kraut aber
#Text=iſt/ welches gantz friſch/ nicht ſtaubig/ oder
#Text=halb zu pulver worden/ welches eine dun-
#Text=ckelgruͤne farbe;
#Text=einen ſuͤſſen lieblichen ge-
#Text=ruch/ dem Violen-geruch etwas gleich/ und
#Text=einen bitterlichten auff ſuͤß ſich neigenden
#Text=geſchmack hat.
5-1	632-635	Das	_	_	_	
5-2	636-641	beſte	_	_	_	
5-3	642-647	Kraut	Smell\_Source	_	_	
5-4	648-652	aber	_	_	_	
5-5	653-656	iſt	_	_	_	
5-6	656-657	/	_	_	_	
5-7	658-665	welches	_	_	_	
5-8	666-671	gantz	_	_	_	
5-9	672-678	friſch	_	_	_	
5-10	678-679	/	_	_	_	
5-11	680-685	nicht	_	_	_	
5-12	686-693	ſtaubig	_	_	_	
5-13	693-694	/	_	_	_	
5-14	695-699	oder	_	_	_	
5-15	700-704	halb	_	_	_	
5-16	705-707	zu	_	_	_	
5-17	708-714	pulver	_	_	_	
5-18	715-721	worden	_	_	_	
5-19	721-722	/	_	_	_	
5-20	723-730	welches	_	_	_	
5-21	731-735	eine	_	_	_	
5-22	736-739	dun	_	_	_	
5-23	739-740	-	_	_	_	
5-24	741-751	ckelgruͤne	_	_	_	
5-25	752-757	farbe	_	_	_	
5-26	757-758	;	_	_	_	
5-27	759-764	einen	_	_	_	
5-28	765-772	ſuͤſſen	Quality	_	_	
5-29	773-783	lieblichen	Quality	_	_	
5-30	784-786	ge	Smell\_Word[1]	_	_	
5-31	786-787	-	Smell\_Word[1]	_	_	
5-32	788-792	ruch	Smell\_Word[1]	_	_	
5-33	792-793	/	_	_	_	
5-34	794-797	dem	Evoked\_Odorant[2]	_	_	
5-35	798-811	Violen-geruch	Evoked\_Odorant[2]|*[3]	_	_	
5-36	812-817	etwas	Evoked\_Odorant[2]	_	_	
5-37	818-824	gleich	Evoked\_Odorant[2]	_	_	
5-38	824-825	/	_	_	_	
5-39	826-829	und	_	_	_	
5-40	830-835	einen	_	_	_	
5-41	836-849	bitterlichten	_	_	_	
5-42	850-854	auff	_	_	_	
5-43	855-859	ſuͤß	_	_	_	
5-44	860-864	ſich	_	_	_	
5-45	865-874	neigenden	_	_	_	
5-46	875-884	geſchmack	_	_	_	
5-47	885-888	hat	_	_	_	
5-48	888-889	.	_	_	_	

#Text=Welche blaͤtter aber ſchwartz/
#Text=
#Text=und halb pulver ſind/ auch einen ſchlechten
#Text=oder faſt keinen geruch haben/
#Text=diſe ſind ent-
#Text=weder ſchon außgelaugt/ oder ſonſten ver-
#Text=faͤlſcht.
6-1	890-896	Welche	_	_	_	
6-2	897-905	blaͤtter	Smell\_Source	*	6-8	
6-3	906-910	aber	_	_	_	
6-4	911-919	ſchwartz	_	_	_	
6-5	919-920	/	_	_	_	
6-6	922-925	und	_	_	_	
6-7	926-930	halb	_	_	_	
6-8	931-937	pulver	Smell\_Source	_	_	
6-9	938-942	ſind	_	_	_	
6-10	942-943	/	_	_	_	
6-11	944-948	auch	_	_	_	
6-12	949-954	einen	_	_	_	
6-13	955-965	ſchlechten	Quality	_	_	
6-14	966-970	oder	_	_	_	
6-15	971-975	faſt	Quality	_	_	
6-16	976-982	keinen	Quality	*	6-15	
6-17	983-989	geruch	*[4]|Smell\_Word[5]	*|*	6-13[0_5]|6-16[0_4]	
6-18	990-995	haben	_	_	_	
6-19	995-996	/	_	_	_	
6-20	997-1001	diſe	_	_	_	
6-21	1002-1006	ſind	_	_	_	
6-22	1007-1010	ent	_	_	_	
6-23	1010-1011	-	_	_	_	
6-24	1012-1017	weder	_	_	_	
6-25	1018-1023	ſchon	_	_	_	
6-26	1024-1034	außgelaugt	_	_	_	
6-27	1034-1035	/	_	_	_	
6-28	1036-1040	oder	_	_	_	
6-29	1041-1048	ſonſten	_	_	_	
6-30	1049-1052	ver	_	_	_	
6-31	1052-1053	-	_	_	_	
6-32	1054-1062	faͤlſcht	_	_	_	
6-33	1062-1063	.	_	_	_	

#Text=Eigenſchafft.
7-1	1066-1078	Eigenſchafft	_	_	_	
7-2	1078-1079	.	_	_	_	

#Text=Es haben die Thee-blaͤtter neben ihren
#Text=irdiſchen theilen/ ein gelindes faſt unem-
#Text=pfindliches Balſamiſches fluͤchtiges Alcali:
#Text=
#Text=das friſche Brunnwaſſer/ mit welchem das
#Text=uͤbliche Thee-tranck gemacht wird/
#Text=beſtehet
#Text=widerumb nach deß beruͤhmten
#Text=Adelichen
#Text=Philoſophi und Mathematici, Des Cartes, auß
#Text=kleinen/ laͤnglichten/ ſchlipfferichten und
#Text=ſehr weichen biegigen theilen/ welche gleich
#Text=dem Queckſilber/
#Text=ſich
8-1	1081-1083	Es	_	_	_	
8-2	1084-1089	haben	_	_	_	
8-3	1090-1093	die	_	_	_	
8-4	1094-1107	Thee-blaͤtter	_	_	_	
8-5	1108-1113	neben	_	_	_	
8-6	1114-1119	ihren	_	_	_	
8-7	1120-1129	irdiſchen	_	_	_	
8-8	1130-1137	theilen	_	_	_	
8-9	1137-1138	/	_	_	_	
8-10	1139-1142	ein	_	_	_	
8-11	1143-1151	gelindes	_	_	_	
8-12	1152-1156	faſt	_	_	_	
8-13	1157-1161	unem	_	_	_	
8-14	1161-1162	-	_	_	_	
8-15	1163-1174	pfindliches	_	_	_	
8-16	1175-1187	Balſamiſches	_	_	_	
8-17	1188-1199	fluͤchtiges	_	_	_	
8-18	1200-1206	Alcali	_	_	_	
8-19	1206-1207	:	_	_	_	
8-20	1209-1212	das	_	_	_	
8-21	1213-1220	friſche	_	_	_	
8-22	1221-1232	Brunnwaſſer	_	_	_	
8-23	1232-1233	/	_	_	_	
8-24	1234-1237	mit	_	_	_	
8-25	1238-1245	welchem	_	_	_	
8-26	1246-1249	das	_	_	_	
8-27	1250-1258	uͤbliche	_	_	_	
8-28	1259-1270	Thee-tranck	_	_	_	
8-29	1271-1278	gemacht	_	_	_	
8-30	1279-1283	wird	_	_	_	
8-31	1283-1284	/	_	_	_	
8-32	1285-1293	beſtehet	_	_	_	
8-33	1294-1302	widerumb	_	_	_	
8-34	1303-1307	nach	_	_	_	
8-35	1308-1311	deß	_	_	_	
8-36	1312-1322	beruͤhmten	_	_	_	
8-37	1323-1332	Adelichen	_	_	_	
8-38	1333-1343	Philoſophi	_	_	_	
8-39	1344-1347	und	_	_	_	
8-40	1348-1359	Mathematici	_	_	_	
8-41	1359-1360	,	_	_	_	
8-42	1361-1364	Des	_	_	_	
8-43	1365-1371	Cartes	_	_	_	
8-44	1371-1372	,	_	_	_	
8-45	1373-1376	auß	_	_	_	
8-46	1377-1384	kleinen	_	_	_	
8-47	1384-1385	/	_	_	_	
8-48	1386-1398	laͤnglichten	_	_	_	
8-49	1398-1399	/	_	_	_	
8-50	1400-1416	ſchlipfferichten	_	_	_	
8-51	1417-1420	und	_	_	_	
8-52	1421-1425	ſehr	_	_	_	
8-53	1426-1433	weichen	_	_	_	
8-54	1434-1442	biegigen	_	_	_	
8-55	1443-1450	theilen	_	_	_	
8-56	1450-1451	/	_	_	_	
8-57	1452-1458	welche	_	_	_	
8-58	1459-1465	gleich	_	_	_	
8-59	1466-1469	dem	_	_	_	
8-60	1470-1481	Queckſilber	_	_	_	
8-61	1481-1482	/	_	_	_	
8-62	1483-1487	ſich	_	_	_	
