#FORMAT=WebAnno TSV 3.3


#Text=In het snoeijen moet men het dikste, ronde, jonge hout bewaren, en het magere
#Text=uitsnyden.
1-1	4-6	In	
1-2	7-10	het	
1-3	11-19	snoeijen	
1-4	20-24	moet	
1-5	25-28	men	
1-6	29-32	het	
1-7	33-39	dikste	
1-8	39-40	,	
1-9	41-46	ronde	
1-10	46-47	,	
1-11	48-53	jonge	
1-12	54-58	hout	
1-13	59-66	bewaren	
1-14	66-67	,	
1-15	68-70	en	
1-16	71-74	het	
1-17	75-81	magere	
1-18	82-91	uitsnyden	
1-19	91-92	.	

#Text=Men mag ook niet veel inkorten, om dat hy boven draagbaarst is.
2-1	93-96	Men	
2-2	97-100	mag	
2-3	101-104	ook	
2-4	105-109	niet	
2-5	110-114	veel	
2-6	115-123	inkorten	
2-7	123-124	,	
2-8	125-127	om	
2-9	128-131	dat	
2-10	132-134	hy	
2-11	135-140	boven	
2-12	141-152	draagbaarst	
2-13	153-155	is	
2-14	155-156	.	

#Text=Geconfytte Kween.
3-1	159-169	Geconfytte	
3-2	170-175	Kween	
3-3	175-176	.	

#Text=Als men ze Confyten wil, moet men rype kiezen, ze wel schillen, in vieren snyden,
#Text=en in schoon water leggen, na dat men’er de klokhuizen heeft uitgenomen.
4-1	179-182	Als	
4-2	183-186	men	
4-3	187-189	ze	
4-4	190-198	Confyten	
4-5	199-202	wil	
4-6	202-203	,	
4-7	204-208	moet	
4-8	209-212	men	
4-9	213-217	rype	
4-10	218-224	kiezen	
4-11	224-225	,	
4-12	226-228	ze	
4-13	229-232	wel	
4-14	233-241	schillen	
4-15	241-242	,	
4-16	243-245	in	
4-17	246-252	vieren	
4-18	253-259	snyden	
4-19	259-260	,	
4-20	261-263	en	
4-21	264-266	in	
4-22	267-273	schoon	
4-23	274-279	water	
4-24	280-286	leggen	
4-25	286-287	,	
4-26	288-290	na	
4-27	291-294	dat	
4-28	295-298	men	
4-29	298-299	’	
4-30	299-301	er	
4-31	302-304	de	
4-32	305-315	klokhuizen	
4-33	316-321	heeft	
4-34	322-332	uitgenomen	
4-35	332-333	.	

#Text=Dit gedaan
#Text=zynde, laat men ze in schoon water, tot gaar zyn toe, koken.
5-1	334-337	Dit	
5-2	338-344	gedaan	
5-3	345-350	zynde	
5-4	350-351	,	
5-5	352-356	laat	
5-6	357-360	men	
5-7	361-363	ze	
5-8	364-366	in	
5-9	367-373	schoon	
5-10	374-379	water	
5-11	379-380	,	
5-12	381-384	tot	
5-13	385-389	gaar	
5-14	390-393	zyn	
5-15	394-397	toe	
5-16	397-398	,	
5-17	399-404	koken	
5-18	404-405	.	

#Text=Daar na neemt men ze
#Text=uit, om ze te laten afdruppen; en ze daar na in een geklaarde Suiker in te leggen, die
#Text=men wat meer dan laau gemaakt heeft.
6-1	406-410	Daar	
6-2	411-413	na	
6-3	414-419	neemt	
6-4	420-423	men	
6-5	424-426	ze	
6-6	427-430	uit	
6-7	430-431	,	
6-8	432-434	om	
6-9	435-437	ze	
6-10	438-440	te	
6-11	441-446	laten	
6-12	447-456	afdruppen	
6-13	456-457	;	
6-14	458-460	en	
6-15	461-463	ze	
6-16	464-468	daar	
6-17	469-471	na	
6-18	472-474	in	
6-19	475-478	een	
6-20	479-488	geklaarde	
6-21	489-495	Suiker	
6-22	496-498	in	
6-23	499-501	te	
6-24	502-508	leggen	
6-25	508-509	,	
6-26	510-513	die	
6-27	514-517	men	
6-28	518-521	wat	
6-29	522-526	meer	
6-30	527-530	dan	
6-31	531-535	laau	
6-32	536-543	gemaakt	
6-33	544-549	heeft	
6-34	549-550	.	

#Text=Men laat ze zo tot den volgenden dag staan,
#Text=wanneer men de zelfde Stroop laat koken;
#Text=daar men de Vrugt nog eens in legt.
7-1	551-554	Men	
7-2	555-559	laat	
7-3	560-562	ze	
7-4	563-565	zo	
7-5	566-569	tot	
7-6	570-573	den	
7-7	574-583	volgenden	
7-8	584-587	dag	
7-9	588-593	staan	
7-10	593-594	,	
7-11	595-602	wanneer	
7-12	603-606	men	
7-13	607-609	de	
7-14	610-616	zelfde	
7-15	617-623	Stroop	
7-16	624-628	laat	
7-17	629-634	koken	
7-18	634-635	;	
7-19	636-640	daar	
7-20	641-644	men	
7-21	645-647	de	
7-22	648-653	Vrugt	
7-23	654-657	nog	
7-24	658-662	eens	
7-25	663-665	in	
7-26	666-670	legt	
7-27	670-671	.	

#Text=Zo
#Text=men vreest, dat zy nog niet rood genoeg zyn, houdt men ze gedekt, en mengt daar
#Text=Conchenille, of Rozen-wyn onder; en eindlyk, als over de Kween een reis dertig-,
#Text=of veertig-malen een walm opgegaan is, en men oordeelt, dat de Siroop genoeg
#Text=gekookt is, laat men ze daar in tot den volgenden dag, dat men ze weder over ’t vuur
#Text=zet, om ze nog eens enige walmen te laten opkoken, tot dat zy gaar zyn.
8-1	672-674	Zo	
8-2	675-678	men	
8-3	679-685	vreest	
8-4	685-686	,	
8-5	687-690	dat	
8-6	691-693	zy	
8-7	694-697	nog	
8-8	698-702	niet	
8-9	703-707	rood	
8-10	708-714	genoeg	
8-11	715-718	zyn	
8-12	718-719	,	
8-13	720-725	houdt	
8-14	726-729	men	
8-15	730-732	ze	
8-16	733-739	gedekt	
8-17	739-740	,	
8-18	741-743	en	
8-19	744-749	mengt	
8-20	750-754	daar	
8-21	755-766	Conchenille	
8-22	766-767	,	
8-23	768-770	of	
8-24	771-780	Rozen-wyn	
8-25	781-786	onder	
8-26	786-787	;	
8-27	788-790	en	
8-28	791-798	eindlyk	
8-29	798-799	,	
8-30	800-803	als	
8-31	804-808	over	
8-32	809-811	de	
8-33	812-817	Kween	
8-34	818-821	een	
8-35	822-826	reis	
8-36	827-833	dertig	
8-37	833-834	-	
8-38	834-835	,	
8-39	836-838	of	
8-40	839-852	veertig-malen	
8-41	853-856	een	
8-42	857-861	walm	
8-43	862-870	opgegaan	
8-44	871-873	is	
8-45	873-874	,	
8-46	875-877	en	
8-47	878-881	men	
8-48	882-890	oordeelt	
8-49	890-891	,	
8-50	892-895	dat	
8-51	896-898	de	
8-52	899-905	Siroop	
8-53	906-912	genoeg	
8-54	913-920	gekookt	
8-55	921-923	is	
8-56	923-924	,	
8-57	925-929	laat	
8-58	930-933	men	
8-59	934-936	ze	
8-60	937-941	daar	
8-61	942-944	in	
8-62	945-948	tot	
8-63	949-952	den	
8-64	953-962	volgenden	
8-65	963-966	dag	
8-66	966-967	,	
8-67	968-971	dat	
8-68	972-975	men	
8-69	976-978	ze	
8-70	979-984	weder	
8-71	985-989	over	
8-72	990-991	’	
8-73	991-992	t	
8-74	993-997	vuur	
8-75	998-1001	zet	
8-76	1001-1002	,	
8-77	1003-1005	om	
8-78	1006-1008	ze	
8-79	1009-1012	nog	
8-80	1013-1017	eens	
8-81	1018-1023	enige	
8-82	1024-1030	walmen	
8-83	1031-1033	te	
8-84	1034-1039	laten	
8-85	1040-1047	opkoken	
8-86	1047-1048	,	
8-87	1049-1052	tot	
8-88	1053-1056	dat	
8-89	1057-1059	zy	
8-90	1060-1064	gaar	
8-91	1065-1068	zyn	
8-92	1068-1069	.	

#Text=M.
9-1	1072-1073	M	
9-2	1073-1074	.	

#Text=Noel Chomel, Huishoudelyk woordboek
#Text=
#Text=\f
#Text=Kween ingelegd op een andere wys.
10-1	1075-1079	Noel	
10-2	1080-1086	Chomel	
10-3	1086-1087	,	
10-4	1088-1100	Huishoudelyk	
10-5	1101-1110	woordboek	
10-6	1114-1119	Kween	
10-7	1120-1128	ingelegd	
10-8	1129-1131	op	
10-9	1132-1135	een	
10-10	1136-1142	andere	
10-11	1143-1146	wys	
10-12	1146-1147	.	

#Text=Neem goede gladde, niet stenige, Kween, sny ze in vieren;
#Text=zo als gy wilt;
#Text=schil ze,
#Text=en haal’er de klokhuizen uit, met het stenige, en werp ze in schoon water.
11-1	1150-1154	Neem	
11-2	1155-1160	goede	
11-3	1161-1167	gladde	
11-4	1167-1168	,	
11-5	1169-1173	niet	
11-6	1174-1181	stenige	
11-7	1181-1182	,	
11-8	1183-1188	Kween	
11-9	1188-1189	,	
11-10	1190-1193	sny	
11-11	1194-1196	ze	
11-12	1197-1199	in	
11-13	1200-1206	vieren	
11-14	1206-1207	;	
11-15	1208-1210	zo	
11-16	1211-1214	als	
11-17	1215-1217	gy	
11-18	1218-1222	wilt	
11-19	1222-1223	;	
11-20	1224-1229	schil	
11-21	1230-1232	ze	
11-22	1232-1233	,	
11-23	1234-1236	en	
11-24	1237-1241	haal	
11-25	1241-1242	’	
11-26	1242-1244	er	
11-27	1245-1247	de	
11-28	1248-1258	klokhuizen	
11-29	1259-1262	uit	
11-30	1262-1263	,	
11-31	1264-1267	met	
11-32	1268-1271	het	
11-33	1272-1279	stenige	
11-34	1279-1280	,	
11-35	1281-1283	en	
11-36	1284-1288	werp	
11-37	1289-1291	ze	
11-38	1292-1294	in	
11-39	1295-1301	schoon	
11-40	1302-1307	water	
11-41	1307-1308	.	

#Text=Bewaar
#Text=de schillen en klokhuizen met enige kwade Kween, welke gy in stukjes zult snyden,
#Text=na dat gy ze van ’t rottige gezuiverd hebt;
#Text=kook dit samen in een ketel, en laat het tot
#Text=Moes koken.
12-1	1309-1315	Bewaar	
12-2	1316-1318	de	
12-3	1319-1327	schillen	
12-4	1328-1330	en	
12-5	1331-1341	klokhuizen	
12-6	1342-1345	met	
12-7	1346-1351	enige	
12-8	1352-1357	kwade	
12-9	1358-1363	Kween	
12-10	1363-1364	,	
12-11	1365-1370	welke	
12-12	1371-1373	gy	
12-13	1374-1376	in	
12-14	1377-1384	stukjes	
12-15	1385-1389	zult	
12-16	1390-1396	snyden	
12-17	1396-1397	,	
12-18	1398-1400	na	
12-19	1401-1404	dat	
12-20	1405-1407	gy	
12-21	1408-1410	ze	
12-22	1411-1414	van	
12-23	1415-1416	’	
12-24	1416-1417	t	
12-25	1418-1425	rottige	
12-26	1426-1435	gezuiverd	
12-27	1436-1440	hebt	
12-28	1440-1441	;	
12-29	1442-1446	kook	
12-30	1447-1450	dit	
12-31	1451-1456	samen	
12-32	1457-1459	in	
12-33	1460-1463	een	
12-34	1464-1469	ketel	
12-35	1469-1470	,	
12-36	1471-1473	en	
12-37	1474-1478	laat	
12-38	1479-1482	het	
12-39	1483-1486	tot	
12-40	1487-1491	Moes	
12-41	1492-1497	koken	
12-42	1497-1498	.	

#Text=Dit Afkookzel moet door een doek gezygt zyn, in een aarden, of andere
#Text=pot.
13-1	1499-1502	Dit	
13-2	1503-1512	Afkookzel	
13-3	1513-1517	moet	
13-4	1518-1522	door	
13-5	1523-1526	een	
13-6	1527-1531	doek	
13-7	1532-1538	gezygt	
13-8	1539-1542	zyn	
13-9	1542-1543	,	
13-10	1544-1546	in	
13-11	1547-1550	een	
13-12	1551-1557	aarden	
13-13	1557-1558	,	
13-14	1559-1561	of	
13-15	1562-1568	andere	
13-16	1569-1572	pot	
13-17	1572-1573	.	
