#FORMAT=WebAnno TSV 3.3


#Text=fulgur monetam intra marsupium interdum liquefacit , illæso tamen manente marsupio.
1-1	2-8	fulgur	
1-2	9-16	monetam	
1-3	17-22	intra	
1-4	23-32	marsupium	
1-5	33-41	interdum	
1-6	42-52	liquefacit	
1-7	53-54	,	
1-8	55-61	illæso	
1-9	62-67	tamen	
1-10	68-75	manente	
1-11	76-84	marsupio	
1-12	84-85	.	

#Text=Tandem & hoc affirmare tuto potero, quod effluvia odorifera valde à se'invicem discrépent, cum ratione magnitudinis; tum ratione figuræ & multitudinis; quamvis in genere ita sint exigua, ut visus ea cognoscere non queat.
2-1	86-92	Tandem	
2-2	93-94	&	
2-3	95-98	hoc	
2-4	99-108	affirmare	
2-5	109-113	tuto	
2-6	114-120	potero	
2-7	120-121	,	
2-8	122-126	quod	
2-9	127-135	effluvia	
2-10	136-145	odorifera	
2-11	146-151	valde	
2-12	152-153	à	
2-13	154-164	se'invicem	
2-14	165-175	discrépent	
2-15	175-176	,	
2-16	177-180	cum	
2-17	181-188	ratione	
2-18	189-201	magnitudinis	
2-19	201-202	;	
2-20	203-206	tum	
2-21	207-214	ratione	
2-22	215-221	figuræ	
2-23	222-223	&	
2-24	224-236	multitudinis	
2-25	236-237	;	
2-26	238-245	quamvis	
2-27	246-248	in	
2-28	249-255	genere	
2-29	256-259	ita	
2-30	260-264	sint	
2-31	265-271	exigua	
2-32	271-272	,	
2-33	273-275	ut	
2-34	276-281	visus	
2-35	282-284	ea	
2-36	285-295	cognoscere	
2-37	296-299	non	
2-38	300-305	queat	
2-39	305-306	.	

#Text=S. 4.
3-1	307-308	S	
3-2	308-309	.	
3-3	310-311	4	
3-4	311-312	.	

#Text=Sed, ne jure nobis objici queat, nimis nos generaliter de odoriferorum effluviis fuisse locutos, ad specialiora progrediendum.
4-1	313-316	Sed	
4-2	316-317	,	
4-3	318-320	ne	
4-4	321-325	jure	
4-5	326-331	nobis	
4-6	332-338	objici	
4-7	339-344	queat	
4-8	344-345	,	
4-9	346-351	nimis	
4-10	352-355	nos	
4-11	356-367	generaliter	
4-12	368-370	de	
4-13	371-383	odoriferorum	
4-14	384-393	effluviis	
4-15	394-400	fuisse	
4-16	401-408	locutos	
4-17	408-409	,	
4-18	410-412	ad	
4-19	413-424	specialiora	
4-20	425-438	progrediendum	
4-21	438-439	.	

#Text=Adeamus itac Chymicorum officinas, ut per artificiofam corporum naturalium analysin, ad profundiorem odorum notitiam viam nobis aperiamus, & quænam in specie particulæ , pro odorum basi agnofcendæ sint, discamus; quoniam hoc certiffimum eft, non quasvis corporis odorati particulas adeequata odoratûs esse objecta , sed, hac in re, longè majorem prærogativam unam habere, quam alte
#Text=
#Text=Ut autem ordine procedamus , observabimus primò, quod omnia corpora odorata, vel tota, vel ex parte inflammabilia fint.
5-1	440-447	Adeamus	
5-2	448-452	itac	
5-3	453-463	Chymicorum	
5-4	464-473	officinas	
5-5	473-474	,	
5-6	475-477	ut	
5-7	478-481	per	
5-8	482-494	artificiofam	
5-9	495-503	corporum	
5-10	504-514	naturalium	
5-11	515-523	analysin	
5-12	523-524	,	
5-13	525-527	ad	
5-14	528-540	profundiorem	
5-15	541-547	odorum	
5-16	548-556	notitiam	
5-17	557-561	viam	
5-18	562-567	nobis	
5-19	568-577	aperiamus	
5-20	577-578	,	
5-21	579-580	&	
5-22	581-587	quænam	
5-23	588-590	in	
5-24	591-597	specie	
5-25	598-607	particulæ	
5-26	608-609	,	
5-27	610-613	pro	
5-28	614-620	odorum	
5-29	621-625	basi	
5-30	626-636	agnofcendæ	
5-31	637-641	sint	
5-32	641-642	,	
5-33	643-651	discamus	
5-34	651-652	;	
5-35	653-660	quoniam	
5-36	661-664	hoc	
5-37	665-676	certiffimum	
5-38	677-680	eft	
5-39	680-681	,	
5-40	682-685	non	
5-41	686-693	quasvis	
5-42	694-702	corporis	
5-43	703-710	odorati	
5-44	711-721	particulas	
5-45	722-731	adeequata	
5-46	732-740	odoratûs	
5-47	741-745	esse	
5-48	746-753	objecta	
5-49	754-755	,	
5-50	756-759	sed	
5-51	759-760	,	
5-52	761-764	hac	
5-53	765-767	in	
5-54	768-770	re	
5-55	770-771	,	
5-56	772-777	longè	
5-57	778-785	majorem	
5-58	786-798	prærogativam	
5-59	799-803	unam	
5-60	804-810	habere	
5-61	810-811	,	
5-62	812-816	quam	
5-63	817-821	alte	
5-64	823-825	Ut	
5-65	826-831	autem	
5-66	832-838	ordine	
5-67	839-849	procedamus	
5-68	850-851	,	
5-69	852-864	observabimus	
5-70	865-870	primò	
5-71	870-871	,	
5-72	872-876	quod	
5-73	877-882	omnia	
5-74	883-890	corpora	
5-75	891-898	odorata	
5-76	898-899	,	
5-77	900-903	vel	
5-78	904-908	tota	
5-79	908-909	,	
5-80	910-913	vel	
5-81	914-916	ex	
5-82	917-922	parte	
5-83	923-936	inflammabilia	
5-84	937-941	fint	
5-85	941-942	.	

#Text=Secundo , quod infiammabilitas hæc, maximam partem à sulphureis, " oleosis & pinguibus particulis derivanda Git.
6-1	943-950	Secundo	
6-2	951-952	,	
6-3	953-957	quod	
6-4	958-973	infiammabilitas	
6-5	974-977	hæc	
6-6	977-978	,	
6-7	979-986	maximam	
6-8	987-993	partem	
6-9	994-995	à	
6-10	996-1006	sulphureis	
6-11	1006-1007	,	
6-12	1008-1009	"	
6-13	1010-1017	oleosis	
6-14	1018-1019	&	
6-15	1020-1029	pinguibus	
6-16	1030-1040	particulis	
6-17	1041-1050	derivanda	
6-18	1051-1054	Git	
6-19	1054-1055	.	

#Text=His
#Text=
#Text=B2
#Text=
#Text=enim
#Text=
#Text=
#Text=
#Text=· ram.
#Text=enim particulis quæ deftituuntur , ignem non facile concipiunt.
#Text=krtio quod omnia illa corpora, qui.
#Text=bus natura ipfa tales denegavic particulas, quemadmodum etiam illa , quæ mediante deftillationis, extractionis, aliusve chymicæ encheireseos artificiô, fulphureis particulis expoliata funt, inodora reperiantur.
7-1	1056-1059	His	
7-2	1061-1063	B2	
7-3	1065-1069	enim	
7-4	1073-1074	·	
7-5	1075-1078	ram	
7-6	1078-1079	.	
7-7	1080-1084	enim	
7-8	1085-1095	particulis	
7-9	1096-1099	quæ	
7-10	1100-1112	deftituuntur	
7-11	1113-1114	,	
7-12	1115-1120	ignem	
7-13	1121-1124	non	
7-14	1125-1131	facile	
7-15	1132-1142	concipiunt	
7-16	1142-1143	.	
7-17	1144-1149	krtio	
7-18	1150-1154	quod	
7-19	1155-1160	omnia	
7-20	1161-1165	illa	
7-21	1166-1173	corpora	
7-22	1173-1174	,	
7-23	1175-1178	qui	
7-24	1178-1179	.	
7-25	1180-1183	bus	
7-26	1184-1190	natura	
7-27	1191-1195	ipfa	
7-28	1196-1201	tales	
7-29	1202-1211	denegavic	
7-30	1212-1222	particulas	
7-31	1222-1223	,	
7-32	1224-1235	quemadmodum	
7-33	1236-1241	etiam	
7-34	1242-1246	illa	
7-35	1247-1248	,	
7-36	1249-1252	quæ	
7-37	1253-1261	mediante	
7-38	1262-1276	deftillationis	
7-39	1276-1277	,	
7-40	1278-1290	extractionis	
7-41	1290-1291	,	
7-42	1292-1299	aliusve	
7-43	1300-1307	chymicæ	
7-44	1308-1320	encheireseos	
7-45	1321-1330	artificiô	
7-46	1330-1331	,	
7-47	1332-1342	fulphureis	
7-48	1343-1353	particulis	
7-49	1354-1363	expoliata	
7-50	1364-1368	funt	
7-51	1368-1369	,	
7-52	1370-1377	inodora	
7-53	1378-1389	reperiantur	
7-54	1389-1390	.	

#Text=Quarto, quod fulphureæ particulæ folæ, nunquam certum aliquem odorem producant , sed semper salium consortio iudigeant, ut odores spirent.
8-1	1391-1397	Quarto	
8-2	1397-1398	,	
8-3	1399-1403	quod	
8-4	1404-1413	fulphureæ	
8-5	1414-1423	particulæ	
8-6	1424-1428	folæ	
8-7	1428-1429	,	
8-8	1430-1437	nunquam	
8-9	1438-1444	certum	
8-10	1445-1452	aliquem	
8-11	1453-1459	odorem	
8-12	1460-1469	producant	
8-13	1470-1471	,	
8-14	1472-1475	sed	
8-15	1476-1482	semper	
8-16	1483-1489	salium	
8-17	1490-1499	consortio	
8-18	1500-1509	iudigeant	
8-19	1509-1510	,	
8-20	1511-1513	ut	
8-21	1514-1520	odores	
8-22	1521-1528	spirent	
8-23	1528-1529	.	

#Text=Ex quibus omnibus bene penGtatis, manifesto liquet, omnium odorum bafin in particulis salino-sulphureis esse quærendam.
9-1	1530-1532	Ex	
9-2	1533-1539	quibus	
9-3	1540-1547	omnibus	
9-4	1548-1552	bene	
9-5	1553-1562	penGtatis	
9-6	1562-1563	,	
9-7	1564-1573	manifesto	
9-8	1574-1580	liquet	
9-9	1580-1581	,	
9-10	1582-1588	omnium	
9-11	1589-1595	odorum	
9-12	1596-1601	bafin	
9-13	1602-1604	in	
9-14	1605-1615	particulis	
9-15	1616-1633	salino-sulphureis	
9-16	1634-1638	esse	
9-17	1639-1648	quærendam	
9-18	1648-1649	.	

#Text=(m)
#Text=
#Text=S. 5.
10-1	1650-1651	(	
10-2	1651-1652	m	
10-3	1652-1653	)	
10-4	1655-1656	S	
10-5	1656-1657	.	
10-6	1658-1659	5	
10-7	1659-1660	.	

#Text=His ita præmiffis luculentiorem denig nonnullorum, fecundæ paragraphi, phænomenoJūæthiologiam tradere potero.
11-1	1661-1664	His	
11-2	1665-1668	ita	
11-3	1669-1678	præmiffis	
11-4	1679-1692	luculentiorem	
11-5	1693-1698	denig	
11-6	1699-1710	nonnullorum	
11-7	1710-1711	,	
11-8	1712-1719	fecundæ	
11-9	1720-1730	paragraphi	
11-10	1730-1731	,	
11-11	1732-1754	phænomenoJūæthiologiam	
11-12	1755-1762	tradere	
11-13	1763-1769	potero	
11-14	1769-1770	.	

#Text=Ut autem Bhæn.
12-1	1771-1773	Ut	
12-2	1774-1779	autem	
12-3	1780-1784	Bhæn	
12-4	1784-1785	.	

#Text=I. ratio clare & diftincte percipiatur, notandum 1. fluida omnia ex particulis tenuibus, aétu feparacis, & motu quodam perpetuo, tam ab aere interno, quam à materia lubtili, proficiscente agitatis, & juxta se mvicem quafi-circumrepentibus,coacervata corpora esse.
#Text=2.
13-1	1786-1787	I	
13-2	1787-1788	.	
13-3	1789-1794	ratio	
13-4	1795-1800	clare	
13-5	1801-1802	&	
13-6	1803-1812	diftincte	
13-7	1813-1824	percipiatur	
13-8	1824-1825	,	
13-9	1826-1834	notandum	
13-10	1835-1836	1	
13-11	1836-1837	.	
13-12	1838-1844	fluida	
13-13	1845-1850	omnia	
13-14	1851-1853	ex	
13-15	1854-1864	particulis	
13-16	1865-1873	tenuibus	
13-17	1873-1874	,	
13-18	1875-1879	aétu	
13-19	1880-1889	feparacis	
13-20	1889-1890	,	
13-21	1891-1892	&	
13-22	1893-1897	motu	
13-23	1898-1904	quodam	
13-24	1905-1913	perpetuo	
13-25	1913-1914	,	
13-26	1915-1918	tam	
13-27	1919-1921	ab	
13-28	1922-1926	aere	
13-29	1927-1934	interno	
13-30	1934-1935	,	
13-31	1936-1940	quam	
13-32	1941-1942	à	
13-33	1943-1950	materia	
13-34	1951-1958	lubtili	
13-35	1958-1959	,	
13-36	1960-1973	proficiscente	
13-37	1974-1982	agitatis	
13-38	1982-1983	,	
13-39	1984-1985	&	
13-40	1986-1991	juxta	
13-41	1992-1994	se	
13-42	1995-2001	mvicem	
13-43	2002-2024	quafi-circumrepentibus	
13-44	2024-2025	,	
13-45	2025-2035	coacervata	
13-46	2036-2043	corpora	
13-47	2044-2048	esse	
13-48	2048-2049	.	
13-49	2050-2051	2	
13-50	2051-2052	.	

#Text=Solida è contrario ex majoribus & craffioribus , ar&tius combinatis, interdum nullo, interdum vel multo, vel exiguo aëre, Temper autem materia fubtili plus minus perfusis, & varie inter se implicatis consistere particulis.
14-1	2053-2059	Solida	
14-2	2060-2061	è	
14-3	2062-2071	contrario	
14-4	2072-2074	ex	
14-5	2075-2084	majoribus	
14-6	2085-2086	&	
14-7	2087-2099	craffioribus	
14-8	2100-2101	,	
14-9	2102-2104	ar	
14-10	2104-2105	&	
14-11	2105-2109	tius	
14-12	2110-2120	combinatis	
14-13	2120-2121	,	
14-14	2122-2130	interdum	
14-15	2131-2136	nullo	
14-16	2136-2137	,	
14-17	2138-2146	interdum	
14-18	2147-2150	vel	
14-19	2151-2156	multo	
14-20	2156-2157	,	
14-21	2158-2161	vel	
14-22	2162-2168	exiguo	
14-23	2169-2173	aëre	
14-24	2173-2174	,	
14-25	2175-2181	Temper	
14-26	2182-2187	autem	
14-27	2188-2195	materia	
14-28	2196-2203	fubtili	
14-29	2204-2208	plus	
14-30	2209-2214	minus	
14-31	2215-2223	perfusis	
14-32	2223-2224	,	
14-33	2225-2226	&	
14-34	2227-2232	varie	
14-35	2233-2238	inter	
14-36	2239-2241	se	
14-37	2242-2252	implicatis	
14-38	2253-2263	consistere	
14-39	2264-2274	particulis	
14-40	2274-2275	.	

#Text=(mm) Confer.
15-1	2276-2277	(	
15-2	2277-2279	mm	
15-3	2279-2280	)	
15-4	2281-2287	Confer	
15-5	2287-2288	.	

#Text=Disputat.
16-1	2289-2297	Disputat	
16-2	2297-2298	.	
