#FORMAT=WebAnno TSV 3.3


#Text=Een verblyding in de Hoope op 't toekomende.
1-1	4-7	Een	
1-2	8-18	verblyding	
1-3	19-21	in	
1-4	22-24	de	
1-5	25-30	Hoope	
1-6	31-33	op	
1-7	34-35	'	
1-8	35-36	t	
1-9	37-47	toekomende	
1-10	47-48	.	

#Text=Jezus de Eeuwige Liefde Gods.
2-1	50-55	Jezus	
2-2	56-58	de	
2-3	59-66	Eeuwige	
2-4	67-73	Liefde	
2-5	74-78	Gods	
2-6	78-79	.	

#Text=BEMINDE
#Text=ZUSTERS,
#Text=
#Text=Een vriendelyke groetenis in de naame Jezus, tot beklyving van eeuwige
#Text=gelukzaligheid, wy bevinden ons te zaamen in het wezen der wereld, uit de groote
#Text=verborgentheid des eeuwigen eens openbaar geworden zynde, tot een wonder
#Text=eener zelfstandige kreatuur, niet als een geheeld wezen, maar met eigenschap, om
#Text=zyn maaker of oorsprong te kennen, en tot eeuwige vreugde te beminnen.
3-1	81-88	BEMINDE	
3-2	89-96	ZUSTERS	
3-3	96-97	,	
3-4	99-102	Een	
3-5	103-114	vriendelyke	
3-6	115-124	groetenis	
3-7	125-127	in	
3-8	128-130	de	
3-9	131-136	naame	
3-10	137-142	Jezus	
3-11	142-143	,	
3-12	144-147	tot	
3-13	148-157	beklyving	
3-14	158-161	van	
3-15	162-169	eeuwige	
3-16	170-184	gelukzaligheid	
3-17	184-185	,	
3-18	186-188	wy	
3-19	189-197	bevinden	
3-20	198-201	ons	
3-21	202-204	te	
3-22	205-211	zaamen	
3-23	212-214	in	
3-24	215-218	het	
3-25	219-224	wezen	
3-26	225-228	der	
3-27	229-235	wereld	
3-28	235-236	,	
3-29	237-240	uit	
3-30	241-243	de	
3-31	244-250	groote	
3-32	251-265	verborgentheid	
3-33	266-269	des	
3-34	270-278	eeuwigen	
3-35	279-283	eens	
3-36	284-292	openbaar	
3-37	293-301	geworden	
3-38	302-307	zynde	
3-39	307-308	,	
3-40	309-312	tot	
3-41	313-316	een	
3-42	317-323	wonder	
3-43	324-329	eener	
3-44	330-342	zelfstandige	
3-45	343-351	kreatuur	
3-46	351-352	,	
3-47	353-357	niet	
3-48	358-361	als	
3-49	362-365	een	
3-50	366-373	geheeld	
3-51	374-379	wezen	
3-52	379-380	,	
3-53	381-385	maar	
3-54	386-389	met	
3-55	390-400	eigenschap	
3-56	400-401	,	
3-57	402-404	om	
3-58	405-408	zyn	
3-59	409-415	maaker	
3-60	416-418	of	
3-61	419-428	oorsprong	
3-62	429-431	te	
3-63	432-438	kennen	
3-64	438-439	,	
3-65	440-442	en	
3-66	443-446	tot	
3-67	447-454	eeuwige	
3-68	455-462	vreugde	
3-69	463-465	te	
3-70	466-474	beminnen	
3-71	474-475	.	

#Text=Hier
#Text=staan wy nu als verdwaalde kinderen in een vreemd land, wy die malkanders
#Text=aangezichten hebben leeren kennen, onder de veel duizenden der geenen, die de
#Text=aarde bewoonen, en wy zien het vriendelyke aangezicht van onzen Vader niet, maar
#Text=zyn te zaamen eens zins, ons uitstrekkende na de eeuwige oorsprong, die ons
#Text=voortgebragt heeft, uit de eeuwige natuur des eeuwigen eens, op dat wy een speelen
#Text=en queelen, en deelen zoude zyn, in de openbaringe zyner liefde, welke is de
#Text=ongebeelde Jezus, en op zulk een grooten Zaligheid, is 't dat wy met malkander
#Text=hoopen, en om des zelfs
#Text=
#Text=Jan Luyken, Geestelyke brieven
#Text=
#Text=
#Text=\f64
#Text=wille zyn wy vrienden, door 't geloove te gemoet ziende, een eeuwige vriendschap,
#Text=nevens het genot der Goddelyke omhelzinge, om malkanders aangezichte te kennen,
#Text=gelyk wy die in deze wereld gekend hebben, zo ook in die Goddelyke licht-wereld,
#Text=bescheenen van den eeuwigen dageraad der vriendelyke geboorte, des Zoons
#Text=Gods, te zaamen handelende, van dat eeuwige wonder dat God is, en van de
#Text=wonderen die uit hem in het licht des hemels opgaan, gelyk hier in deze wereld, in
#Text=het licht der zonne, het welk een schaduw is van het eeuwige, met al zyn zichtbaare
#Text=wezens.
4-1	476-480	Hier	
4-2	481-486	staan	
4-3	487-489	wy	
4-4	490-492	nu	
4-5	493-496	als	
4-6	497-507	verdwaalde	
4-7	508-516	kinderen	
4-8	517-519	in	
4-9	520-523	een	
4-10	524-530	vreemd	
4-11	531-535	land	
4-12	535-536	,	
4-13	537-539	wy	
4-14	540-543	die	
4-15	544-554	malkanders	
4-16	555-567	aangezichten	
4-17	568-574	hebben	
4-18	575-581	leeren	
4-19	582-588	kennen	
4-20	588-589	,	
4-21	590-595	onder	
4-22	596-598	de	
4-23	599-603	veel	
4-24	604-613	duizenden	
4-25	614-617	der	
4-26	618-624	geenen	
4-27	624-625	,	
4-28	626-629	die	
4-29	630-632	de	
4-30	633-638	aarde	
4-31	639-647	bewoonen	
4-32	647-648	,	
4-33	649-651	en	
4-34	652-654	wy	
4-35	655-659	zien	
4-36	660-663	het	
4-37	664-675	vriendelyke	
4-38	676-686	aangezicht	
4-39	687-690	van	
4-40	691-696	onzen	
4-41	697-702	Vader	
4-42	703-707	niet	
4-43	707-708	,	
4-44	709-713	maar	
4-45	714-717	zyn	
4-46	718-720	te	
4-47	721-727	zaamen	
4-48	728-732	eens	
4-49	733-737	zins	
4-50	737-738	,	
4-51	739-742	ons	
4-52	743-756	uitstrekkende	
4-53	757-759	na	
4-54	760-762	de	
4-55	763-770	eeuwige	
4-56	771-780	oorsprong	
4-57	780-781	,	
4-58	782-785	die	
4-59	786-789	ons	
4-60	790-802	voortgebragt	
4-61	803-808	heeft	
4-62	808-809	,	
4-63	810-813	uit	
4-64	814-816	de	
4-65	817-824	eeuwige	
4-66	825-831	natuur	
4-67	832-835	des	
4-68	836-844	eeuwigen	
4-69	845-849	eens	
4-70	849-850	,	
4-71	851-853	op	
4-72	854-857	dat	
4-73	858-860	wy	
4-74	861-864	een	
4-75	865-872	speelen	
4-76	873-875	en	
4-77	876-883	queelen	
4-78	883-884	,	
4-79	885-887	en	
4-80	888-894	deelen	
4-81	895-900	zoude	
4-82	901-904	zyn	
4-83	904-905	,	
4-84	906-908	in	
4-85	909-911	de	
4-86	912-923	openbaringe	
4-87	924-929	zyner	
4-88	930-936	liefde	
4-89	936-937	,	
4-90	938-943	welke	
4-91	944-946	is	
4-92	947-949	de	
4-93	950-960	ongebeelde	
4-94	961-966	Jezus	
4-95	966-967	,	
4-96	968-970	en	
4-97	971-973	op	
4-98	974-978	zulk	
4-99	979-982	een	
4-100	983-990	grooten	
4-101	991-1000	Zaligheid	
4-102	1000-1001	,	
4-103	1002-1004	is	
4-104	1005-1006	'	
4-105	1006-1007	t	
4-106	1008-1011	dat	
4-107	1012-1014	wy	
4-108	1015-1018	met	
4-109	1019-1028	malkander	
4-110	1029-1035	hoopen	
4-111	1035-1036	,	
4-112	1037-1039	en	
4-113	1040-1042	om	
4-114	1043-1046	des	
4-115	1047-1052	zelfs	
4-116	1054-1057	Jan	
4-117	1058-1064	Luyken	
4-118	1064-1065	,	
4-119	1066-1076	Geestelyke	
4-120	1077-1084	brieven	
4-121	1088-1090	64	
4-122	1091-1096	wille	
4-123	1097-1100	zyn	
4-124	1101-1103	wy	
4-125	1104-1112	vrienden	
4-126	1112-1113	,	
4-127	1114-1118	door	
4-128	1119-1120	'	
4-129	1120-1121	t	
4-130	1122-1129	geloove	
4-131	1130-1132	te	
4-132	1133-1139	gemoet	
4-133	1140-1146	ziende	
4-134	1146-1147	,	
4-135	1148-1151	een	
4-136	1152-1159	eeuwige	
4-137	1160-1171	vriendschap	
4-138	1171-1172	,	
4-139	1173-1179	nevens	
4-140	1180-1183	het	
4-141	1184-1189	genot	
4-142	1190-1193	der	
4-143	1194-1203	Goddelyke	
4-144	1204-1214	omhelzinge	
4-145	1214-1215	,	
4-146	1216-1218	om	
4-147	1219-1229	malkanders	
4-148	1230-1241	aangezichte	
4-149	1242-1244	te	
4-150	1245-1251	kennen	
4-151	1251-1252	,	
4-152	1253-1258	gelyk	
4-153	1259-1261	wy	
4-154	1262-1265	die	
4-155	1266-1268	in	
4-156	1269-1273	deze	
4-157	1274-1280	wereld	
4-158	1281-1287	gekend	
4-159	1288-1294	hebben	
4-160	1294-1295	,	
4-161	1296-1298	zo	
4-162	1299-1302	ook	
4-163	1303-1305	in	
4-164	1306-1309	die	
4-165	1310-1319	Goddelyke	
4-166	1320-1332	licht-wereld	
4-167	1332-1333	,	
4-168	1334-1344	bescheenen	
4-169	1345-1348	van	
4-170	1349-1352	den	
4-171	1353-1361	eeuwigen	
4-172	1362-1370	dageraad	
4-173	1371-1374	der	
4-174	1375-1386	vriendelyke	
4-175	1387-1395	geboorte	
4-176	1395-1396	,	
4-177	1397-1400	des	
4-178	1401-1406	Zoons	
4-179	1407-1411	Gods	
4-180	1411-1412	,	
4-181	1413-1415	te	
4-182	1416-1422	zaamen	
4-183	1423-1433	handelende	
4-184	1433-1434	,	
4-185	1435-1438	van	
4-186	1439-1442	dat	
4-187	1443-1450	eeuwige	
4-188	1451-1457	wonder	
4-189	1458-1461	dat	
4-190	1462-1465	God	
4-191	1466-1468	is	
4-192	1468-1469	,	
4-193	1470-1472	en	
4-194	1473-1476	van	
4-195	1477-1479	de	
4-196	1480-1488	wonderen	
4-197	1489-1492	die	
4-198	1493-1496	uit	
4-199	1497-1500	hem	
4-200	1501-1503	in	
4-201	1504-1507	het	
4-202	1508-1513	licht	
4-203	1514-1517	des	
4-204	1518-1524	hemels	
4-205	1525-1531	opgaan	
4-206	1531-1532	,	
4-207	1533-1538	gelyk	
4-208	1539-1543	hier	
4-209	1544-1546	in	
4-210	1547-1551	deze	
4-211	1552-1558	wereld	
4-212	1558-1559	,	
4-213	1560-1562	in	
4-214	1563-1566	het	
4-215	1567-1572	licht	
4-216	1573-1576	der	
4-217	1577-1582	zonne	
4-218	1582-1583	,	
4-219	1584-1587	het	
4-220	1588-1592	welk	
4-221	1593-1596	een	
4-222	1597-1604	schaduw	
4-223	1605-1607	is	
4-224	1608-1611	van	
4-225	1612-1615	het	
4-226	1616-1623	eeuwige	
4-227	1623-1624	,	
4-228	1625-1628	met	
4-229	1629-1631	al	
4-230	1632-1635	zyn	
4-231	1636-1646	zichtbaare	
4-232	1647-1653	wezens	
4-233	1653-1654	.	

#Text=O!
5-1	1655-1656	O	
5-2	1656-1657	!	

#Text=groot is die verwachtinge, van zulk een vermeidinge, en uitbreiding in
#Text=het huis en hof onzes
#Text=Vaders, zonder eenige kommer of slommer, in stille zachte
#Text=vrede, en gerustheid, voor eeuwig in de onbezorgde kost, en overvloedige weelde;
#Text=
#Text=ô Roozen en Leliëndal!
6-1	1658-1663	groot	
6-2	1664-1666	is	
6-3	1667-1670	die	
6-4	1671-1683	verwachtinge	
6-5	1683-1684	,	
6-6	1685-1688	van	
6-7	1689-1693	zulk	
6-8	1694-1697	een	
6-9	1698-1709	vermeidinge	
6-10	1709-1710	,	
6-11	1711-1713	en	
6-12	1714-1725	uitbreiding	
6-13	1726-1728	in	
6-14	1729-1732	het	
6-15	1733-1737	huis	
6-16	1738-1740	en	
6-17	1741-1744	hof	
6-18	1745-1750	onzes	
6-19	1751-1757	Vaders	
6-20	1757-1758	,	
6-21	1759-1765	zonder	
6-22	1766-1772	eenige	
6-23	1773-1779	kommer	
6-24	1780-1782	of	
6-25	1783-1790	slommer	
6-26	1790-1791	,	
6-27	1792-1794	in	
6-28	1795-1801	stille	
6-29	1802-1808	zachte	
6-30	1809-1814	vrede	
6-31	1814-1815	,	
6-32	1816-1818	en	
6-33	1819-1829	gerustheid	
6-34	1829-1830	,	
6-35	1831-1835	voor	
6-36	1836-1842	eeuwig	
6-37	1843-1845	in	
6-38	1846-1848	de	
6-39	1849-1859	onbezorgde	
6-40	1860-1864	kost	
6-41	1864-1865	,	
6-42	1866-1868	en	
6-43	1869-1881	overvloedige	
6-44	1882-1888	weelde	
6-45	1888-1889	;	
6-46	1891-1892	ô	
6-47	1893-1899	Roozen	
6-48	1900-1902	en	
6-49	1903-1912	Leliëndal	
6-50	1912-1913	!	

#Text=doorwatert met klaare beeken, hoe gerust zullen uw
#Text=schaapjes, in haar verzadiging neder leggen, gedooken in het wel ruikende kruid,
#Text=ô schoonheid en liefelyk wezen!
7-1	1914-1924	doorwatert	
7-2	1925-1928	met	
7-3	1929-1935	klaare	
7-4	1936-1942	beeken	
7-5	1942-1943	,	
7-6	1944-1947	hoe	
7-7	1948-1954	gerust	
7-8	1955-1961	zullen	
7-9	1962-1964	uw	
7-10	1965-1974	schaapjes	
7-11	1974-1975	,	
7-12	1976-1978	in	
7-13	1979-1983	haar	
7-14	1984-1995	verzadiging	
7-15	1996-2001	neder	
7-16	2002-2008	leggen	
7-17	2008-2009	,	
7-18	2010-2018	gedooken	
7-19	2019-2021	in	
7-20	2022-2025	het	
7-21	2026-2029	wel	
7-22	2030-2038	ruikende	
7-23	2039-2044	kruid	
7-24	2044-2045	,	
7-25	2046-2047	ô	
7-26	2048-2058	schoonheid	
7-27	2059-2061	en	
7-28	2062-2070	liefelyk	
7-29	2071-2076	wezen	
7-30	2076-2077	!	

#Text=zommige trachten het lichaam te versieren, met
#Text=droppeltjes der edele steenen en diergelyks, en andere zoeken een gants lichaam
#Text=van diamant, of edelheid, in zodaanigen hemelsen verklaart lichaam van Goddelyk
#Text=wezen, van het vlees en bloed Jezus Christus, hoopen wy malkander te ontmoeten,
#Text=en te begroeten, te kennen, en eeuwige vrienden te zyn, in het genot aller weelde,
#Text=en vriendelyke byeenwooninge, en mededeelzaamheid, tot vreugde
#Text=
#Text=Jan Luyken, Geestelyke brieven
#Text=
#Text=
#Text=\f65
#Text=en blydschap, en verquikkinge, aangenaame zaamenspraak, en geestroerende
#Text=lofgezangen, God beschouwende van aangezicht tot aangezicht.
8-1	2078-2085	zommige	
8-2	2086-2094	trachten	
8-3	2095-2098	het	
8-4	2099-2106	lichaam	
8-5	2107-2109	te	
8-6	2110-2119	versieren	
8-7	2119-2120	,	
8-8	2121-2124	met	
8-9	2125-2136	droppeltjes	
8-10	2137-2140	der	
8-11	2141-2146	edele	
8-12	2147-2154	steenen	
8-13	2155-2157	en	
8-14	2158-2168	diergelyks	
8-15	2168-2169	,	
8-16	2170-2172	en	
8-17	2173-2179	andere	
8-18	2180-2186	zoeken	
8-19	2187-2190	een	
8-20	2191-2196	gants	
8-21	2197-2204	lichaam	
8-22	2205-2208	van	
8-23	2209-2216	diamant	
8-24	2216-2217	,	
8-25	2218-2220	of	
8-26	2221-2229	edelheid	
8-27	2229-2230	,	
8-28	2231-2233	in	
8-29	2234-2244	zodaanigen	
8-30	2245-2253	hemelsen	
8-31	2254-2263	verklaart	
8-32	2264-2271	lichaam	
8-33	2272-2275	van	
8-34	2276-2284	Goddelyk	
8-35	2285-2290	wezen	
8-36	2290-2291	,	
8-37	2292-2295	van	
8-38	2296-2299	het	
8-39	2300-2305	vlees	
8-40	2306-2308	en	
8-41	2309-2314	bloed	
8-42	2315-2320	Jezus	
8-43	2321-2329	Christus	
8-44	2329-2330	,	
8-45	2331-2337	hoopen	
8-46	2338-2340	wy	
8-47	2341-2350	malkander	
8-48	2351-2353	te	
8-49	2354-2363	ontmoeten	
8-50	2363-2364	,	
8-51	2365-2367	en	
8-52	2368-2370	te	
8-53	2371-2380	begroeten	
8-54	2380-2381	,	
8-55	2382-2384	te	
8-56	2385-2391	kennen	
8-57	2391-2392	,	
8-58	2393-2395	en	
8-59	2396-2403	eeuwige	
8-60	2404-2412	vrienden	
8-61	2413-2415	te	
8-62	2416-2419	zyn	
8-63	2419-2420	,	
8-64	2421-2423	in	
8-65	2424-2427	het	
8-66	2428-2433	genot	
8-67	2434-2439	aller	
8-68	2440-2446	weelde	
8-69	2446-2447	,	
8-70	2448-2450	en	
8-71	2451-2462	vriendelyke	
8-72	2463-2476	byeenwooninge	
8-73	2476-2477	,	
8-74	2478-2480	en	
8-75	2481-2497	mededeelzaamheid	
8-76	2497-2498	,	
8-77	2499-2502	tot	
8-78	2503-2510	vreugde	
8-79	2512-2515	Jan	
8-80	2516-2522	Luyken	
8-81	2522-2523	,	
8-82	2524-2534	Geestelyke	
8-83	2535-2542	brieven	
8-84	2546-2548	65	
8-85	2549-2551	en	
8-86	2552-2561	blydschap	
8-87	2561-2562	,	
8-88	2563-2565	en	
8-89	2566-2578	verquikkinge	
8-90	2578-2579	,	
8-91	2580-2590	aangenaame	
8-92	2591-2603	zaamenspraak	
8-93	2603-2604	,	
8-94	2605-2607	en	
8-95	2608-2621	geestroerende	
8-96	2622-2633	lofgezangen	
8-97	2633-2634	,	
8-98	2635-2638	God	
8-99	2639-2651	beschouwende	
8-100	2652-2655	van	
8-101	2656-2666	aangezicht	
8-102	2667-2670	tot	
8-103	2671-2681	aangezicht	
8-104	2681-2682	.	

#Text=Het is dan niet weinig dat wy verwachten, en om welks wille wy vrienden zyn:
#Text=
#Text=stond iemant om alzo natuurlyk te spreeken, eerlang een koningryk te be-erven,
#Text=hoe groot scheen dat geluk?
9-1	2685-2688	Het	
9-2	2689-2691	is	
9-3	2692-2695	dan	
9-4	2696-2700	niet	
9-5	2701-2707	weinig	
9-6	2708-2711	dat	
9-7	2712-2714	wy	
9-8	2715-2725	verwachten	
9-9	2725-2726	,	
9-10	2727-2729	en	
9-11	2730-2732	om	
9-12	2733-2738	welks	
9-13	2739-2744	wille	
9-14	2745-2747	wy	
9-15	2748-2756	vrienden	
9-16	2757-2760	zyn	
9-17	2760-2761	:	
9-18	2763-2768	stond	
9-19	2769-2775	iemant	
9-20	2776-2778	om	
9-21	2779-2783	alzo	
9-22	2784-2793	natuurlyk	
9-23	2794-2796	te	
9-24	2797-2805	spreeken	
9-25	2805-2806	,	
9-26	2807-2814	eerlang	
9-27	2815-2818	een	
9-28	2819-2828	koningryk	
9-29	2829-2831	te	
9-30	2832-2840	be-erven	
9-31	2840-2841	,	
9-32	2842-2845	hoe	
9-33	2846-2851	groot	
9-34	2852-2858	scheen	
9-35	2859-2862	dat	
9-36	2863-2868	geluk	
9-37	2868-2869	?	

#Text=en wat is zulks tegens ons voorwerp, en heil, dat wy
#Text=te gemoed zien en met verlangen verwachten;
#Text=wy arme wormpjes, zittende in het
#Text=stof der aarde.
10-1	2870-2872	en	
10-2	2873-2876	wat	
10-3	2877-2879	is	
10-4	2880-2885	zulks	
10-5	2886-2892	tegens	
10-6	2893-2896	ons	
10-7	2897-2905	voorwerp	
10-8	2905-2906	,	
10-9	2907-2909	en	
10-10	2910-2914	heil	
10-11	2914-2915	,	
10-12	2916-2919	dat	
10-13	2920-2922	wy	
10-14	2923-2925	te	
10-15	2926-2932	gemoed	
10-16	2933-2937	zien	
10-17	2938-2940	en	
10-18	2941-2944	met	
10-19	2945-2954	verlangen	
10-20	2955-2965	verwachten	
10-21	2965-2966	;	
10-22	2967-2969	wy	
10-23	2970-2974	arme	
10-24	2975-2983	wormpjes	
10-25	2983-2984	,	
10-26	2985-2993	zittende	
10-27	2994-2996	in	
10-28	2997-3000	het	
10-29	3001-3005	stof	
10-30	3006-3009	der	
10-31	3010-3015	aarde	
10-32	3015-3016	.	

#Text=In onze geringheid hebben wy ons herte gezet op zo grooten goed,
#Text=dat ons niemant ont-erven kan, de vriend der toegenegentheid, is de Allerhoogste,
#Text=die 't ons belooft, en uit Vaderlyke liefde geeven wil.
11-1	3017-3019	In	
11-2	3020-3024	onze	
11-3	3025-3035	geringheid	
11-4	3036-3042	hebben	
11-5	3043-3045	wy	
11-6	3046-3049	ons	
11-7	3050-3055	herte	
11-8	3056-3061	gezet	
11-9	3062-3064	op	
11-10	3065-3067	zo	
11-11	3068-3075	grooten	
11-12	3076-3080	goed	
11-13	3080-3081	,	
11-14	3082-3085	dat	
11-15	3086-3089	ons	
11-16	3090-3097	niemant	
11-17	3098-3107	ont-erven	
11-18	3108-3111	kan	
11-19	3111-3112	,	
11-20	3113-3115	de	
11-21	3116-3122	vriend	
11-22	3123-3126	der	
11-23	3127-3142	toegenegentheid	
11-24	3142-3143	,	
11-25	3144-3146	is	
11-26	3147-3149	de	
11-27	3150-3162	Allerhoogste	
11-28	3162-3163	,	
11-29	3164-3167	die	
11-30	3168-3169	'	
11-31	3169-3170	t	
11-32	3171-3174	ons	
11-33	3175-3182	belooft	
11-34	3182-3183	,	
11-35	3184-3186	en	
11-36	3187-3190	uit	
11-37	3191-3200	Vaderlyke	
11-38	3201-3207	liefde	
11-39	3208-3214	geeven	
11-40	3215-3218	wil	
11-41	3218-3219	.	

#Text=Ondertussen bevinden wy ons
#Text=te zaamen in de vreemdelingschap op de weg van Pelgrimagie, daar noch ach!
12-1	3220-3231	Ondertussen	
12-2	3232-3240	bevinden	
12-3	3241-3243	wy	
12-4	3244-3247	ons	
12-5	3248-3250	te	
12-6	3251-3257	zaamen	
12-7	3258-3260	in	
12-8	3261-3263	de	
12-9	3264-3280	vreemdelingschap	
12-10	3281-3283	op	
12-11	3284-3286	de	
12-12	3287-3290	weg	
12-13	3291-3294	van	
12-14	3295-3306	Pelgrimagie	
12-15	3306-3307	,	
12-16	3308-3312	daar	
12-17	3313-3317	noch	
12-18	3318-3321	ach	
12-19	3321-3322	!	

#Text=en
#Text=och!
13-1	3323-3325	en	
13-2	3326-3329	och	
13-3	3329-3330	!	

#Text=gebooren word, daar wy noch te letten hebben op onze voetstappen, en om
#Text=te zien na onze vyanden, doch wy hoopen dat de goede God ons helpen zal over
#Text=alle bergen, en door alle dalen, gelyk hy ons tot hier toe genadig geholpen heeft.
14-1	3331-3339	gebooren	
14-2	3340-3344	word	
14-3	3344-3345	,	
14-4	3346-3350	daar	
14-5	3351-3353	wy	
14-6	3354-3358	noch	
14-7	3359-3361	te	
14-8	3362-3368	letten	
14-9	3369-3375	hebben	
14-10	3376-3378	op	
14-11	3379-3383	onze	
14-12	3384-3395	voetstappen	
14-13	3395-3396	,	
14-14	3397-3399	en	
14-15	3400-3402	om	
14-16	3403-3405	te	
14-17	3406-3410	zien	
14-18	3411-3413	na	
14-19	3414-3418	onze	
14-20	3419-3426	vyanden	
14-21	3426-3427	,	
14-22	3428-3432	doch	
14-23	3433-3435	wy	
14-24	3436-3442	hoopen	
14-25	3443-3446	dat	
14-26	3447-3449	de	
14-27	3450-3455	goede	
14-28	3456-3459	God	
14-29	3460-3463	ons	
14-30	3464-3470	helpen	
14-31	3471-3474	zal	
14-32	3475-3479	over	
14-33	3480-3484	alle	
14-34	3485-3491	bergen	
14-35	3491-3492	,	
14-36	3493-3495	en	
14-37	3496-3500	door	
14-38	3501-3505	alle	
14-39	3506-3511	dalen	
14-40	3511-3512	,	
14-41	3513-3518	gelyk	
14-42	3519-3521	hy	
14-43	3522-3525	ons	
14-44	3526-3529	tot	
14-45	3530-3534	hier	
14-46	3535-3538	toe	
14-47	3539-3546	genadig	
14-48	3547-3555	geholpen	
14-49	3556-3561	heeft	
14-50	3561-3562	.	
