#FORMAT=WebAnno TSV 3.3
#T_SP=custom.Span|label
#T_RL=custom.Relation|label|BT_custom.Span


#Text=+
#Text=
#Text=
#Text=indachtigh zijn
#Text=, dat onsen smaeck hem niet en verbelghe, ende dat wy in
#Text=Remedie des smaeks
#Text=gheestelijcke ende hemelsche spijse en dinghen beteren
#Text=smaeck vinden moghen.
1-1	4-5	+	_	_	_	
1-2	8-18	indachtigh	_	_	_	
1-3	19-23	zijn	_	_	_	
1-4	24-25	,	_	_	_	
1-5	26-29	dat	_	_	_	
1-6	30-35	onsen	_	_	_	
1-7	36-42	smaeck	_	_	_	
1-8	43-46	hem	_	_	_	
1-9	47-51	niet	_	_	_	
1-10	52-54	en	_	_	_	
1-11	55-64	verbelghe	_	_	_	
1-12	64-65	,	_	_	_	
1-13	66-70	ende	_	_	_	
1-14	71-74	dat	_	_	_	
1-15	75-77	wy	_	_	_	
1-16	78-80	in	_	_	_	
1-17	81-88	Remedie	_	_	_	
1-18	89-92	des	_	_	_	
1-19	93-99	smaeks	_	_	_	
1-20	100-113	gheestelijcke	_	_	_	
1-21	114-118	ende	_	_	_	
1-22	119-128	hemelsche	_	_	_	
1-23	129-135	spijse	_	_	_	
1-24	136-138	en	_	_	_	
1-25	139-146	dinghen	_	_	_	
1-26	147-154	beteren	_	_	_	
1-27	155-161	smaeck	_	_	_	
1-28	162-168	vinden	_	_	_	
1-29	169-175	moghen	_	_	_	
1-30	175-176	.	_	_	_	

#Text=Siet
#Text=
#Text=hier van breder, int lxvij.
2-1	177-181	Siet	_	_	_	
2-2	183-187	hier	_	_	_	
2-3	188-191	van	_	_	_	
2-4	192-198	breder	_	_	_	
2-5	198-199	,	_	_	_	
2-6	200-203	int	_	_	_	
2-7	204-209	lxvij	_	_	_	
2-8	209-210	.	_	_	_	

#Text=Capitel.
3-1	211-218	Capitel	_	_	_	
3-2	218-219	.	_	_	_	

#Text=Met den reuck pleghen meer rijcke en curieuse menschen te sondighen,+
#Text=haer
#Text=+
#Text=seluen wel-rieckende te maecken, ende daer in te glorieren:
#Text=ende ter contrarien,
#Text=Den reuck.
4-1	222-225	Met	_	_	_	
4-2	226-229	den	_	_	_	
4-3	230-235	reuck	Smell\_Word	*	4-6[1_0]	
4-4	236-243	pleghen	_	_	_	
4-5	244-248	meer	_	_	_	
4-6	249-255	rijcke	Smell\_Source[1]	_	_	
4-7	256-258	en	Smell\_Source[1]	_	_	
4-8	259-267	curieuse	Smell\_Source[1]	_	_	
4-9	268-276	menschen	Smell\_Source[1]	_	_	
4-10	277-279	te	Circumstances[2]	_	_	
4-11	280-289	sondighen	Circumstances[2]	_	_	
4-12	289-290	,	_	_	_	
4-13	290-291	+	_	_	_	
4-14	292-296	haer	Smell\_Source[3]	Anaphoric	4-6[1_3]	
4-15	297-298	+	Smell\_Source[3]	_	_	
4-16	299-305	seluen	Smell\_Source[3]	_	_	
4-17	306-319	wel-rieckende	Smell\_Word	*|*|*|*	4-10[2_0]|4-6[1_0]|4-14[3_0]|4-22[4_0]	
4-18	320-322	te	_	_	_	
4-19	323-330	maecken	_	_	_	
4-20	330-331	,	_	_	_	
4-21	332-336	ende	_	_	_	
4-22	337-341	daer	Effect[4]	_	_	
4-23	342-344	in	Effect[4]	_	_	
4-24	345-347	te	Effect[4]	_	_	
4-25	348-357	glorieren	Effect[4]	_	_	
4-26	357-358	:	_	_	_	
4-27	359-363	ende	_	_	_	
4-28	364-367	ter	_	_	_	
4-29	368-378	contrarien	_	_	_	
4-30	378-379	,	_	_	_	
4-31	380-383	Den	_	_	_	
4-32	384-389	reuck	_	_	_	
4-33	389-390	.	_	_	_	

#Text=IIII.
5-1	392-396	IIII	_	_	_	
5-2	396-397	.	_	_	_	

#Text=arme huys-ghesinnen, siecken, ende hospitalen te schouwen.
6-1	399-403	arme	_	_	_	
6-2	404-418	huys-ghesinnen	_	_	_	
6-3	418-419	,	_	_	_	
6-4	420-427	siecken	_	_	_	
6-5	427-428	,	_	_	_	
6-6	429-433	ende	_	_	_	
6-7	434-444	hospitalen	_	_	_	
6-8	445-447	te	_	_	_	
6-9	448-456	schouwen	_	_	_	
6-10	456-457	.	_	_	_	

#Text=Onsen
#Text=Heere heeft
#Text=hier teghen, veur remedie, oock in den+ reuck vele willen lijden:
#Text=namentlijck opden
#Text=+
#Text=bergh van Caluarien,
#Text=Remedie des reucks.
7-1	458-463	Onsen	_	_	_	
7-2	464-469	Heere	_	_	_	
7-3	470-475	heeft	_	_	_	
7-4	476-480	hier	_	_	_	
7-5	481-487	teghen	_	_	_	
7-6	487-488	,	_	_	_	
7-7	489-493	veur	_	_	_	
7-8	494-501	remedie	_	_	_	
7-9	501-502	,	_	_	_	
7-10	503-507	oock	_	_	_	
7-11	508-510	in	_	_	_	
7-12	511-514	den	_	_	_	
7-13	514-515	+	_	_	_	
7-14	516-521	reuck	_	_	_	
7-15	522-526	vele	_	_	_	
7-16	527-533	willen	_	_	_	
7-17	534-540	lijden	_	_	_	
7-18	540-541	:	_	_	_	
7-19	542-553	namentlijck	_	_	_	
7-20	554-559	opden	_	_	_	
7-21	560-561	+	_	_	_	
7-22	562-567	bergh	_	_	_	
7-23	568-571	van	_	_	_	
7-24	572-581	Caluarien	_	_	_	
7-25	581-582	,	_	_	_	
7-26	583-590	Remedie	_	_	_	
7-27	591-594	des	_	_	_	
7-28	595-601	reucks	_	_	_	
7-29	601-602	.	_	_	_	

#Text=Jan David, Christeliicken waerseggher
#Text=
#Text=\f134
#Text=ende onder de siecken.
8-1	605-608	Jan	_	_	_	
8-2	609-614	David	_	_	_	
8-3	614-615	,	_	_	_	
8-4	616-630	Christeliicken	_	_	_	
8-5	631-642	waerseggher	_	_	_	
8-6	645-648	134	_	_	_	
8-7	649-653	ende	_	_	_	
8-8	654-659	onder	_	_	_	
8-9	660-662	de	_	_	_	
8-10	663-670	siecken	_	_	_	
8-11	670-671	.	_	_	_	

#Text=Soo dat ons meer toe-staet eenen goeden reuck te maecken
9-1	672-675	Soo	_	_	_	
9-2	676-679	dat	_	_	_	
9-3	680-683	ons	_	_	_	
9-4	684-688	meer	_	_	_	
9-5	689-698	toe-staet	_	_	_	
9-6	699-704	eenen	_	_	_	
9-7	705-711	goeden	_	_	_	
9-8	712-717	reuck	_	_	_	
9-9	718-720	te	_	_	_	
9-10	721-728	maecken	_	_	_	
