#FORMAT=WebAnno TSV 3.3


#Text=maar de voorschreeve kaapers zullen den, Schipper, of zyn volk, niet met stokken, 
#Text=dreigementen, of slaagen, moogen dwingen om zulks te zeggen.
1-1	5-9	maar	
1-2	10-12	de	
1-3	13-25	voorschreeve	
1-4	26-33	kaapers	
1-5	34-40	zullen	
1-6	41-44	den	
1-7	44-45	,	
1-8	46-54	Schipper	
1-9	54-55	,	
1-10	56-58	of	
1-11	59-62	zyn	
1-12	63-67	volk	
1-13	67-68	,	
1-14	69-73	niet	
1-15	74-77	met	
1-16	78-85	stokken	
1-17	85-86	,	
1-18	88-100	dreigementen	
1-19	100-101	,	
1-20	102-104	of	
1-21	105-112	slaagen	
1-22	112-113	,	
1-23	114-120	moogen	
1-24	121-128	dwingen	
1-25	129-131	om	
1-26	132-137	zulks	
1-27	138-140	te	
1-28	141-147	zeggen	
1-29	147-148	.	

#Text=Die van Algiers 
#Text=verzochten, dat men dat verdragh zou aanneemen, en hun den dertienden der
#Text=maandt be-
#Text=
#Text=
#Text=
#Text=
#Text=
#Text=
#Text=
#Text=scheidt +laaten weeten.
2-1	149-152	Die	
2-2	153-156	van	
2-3	157-164	Algiers	
2-4	166-176	verzochten	
2-5	176-177	,	
2-6	178-181	dat	
2-7	182-185	men	
2-8	186-189	dat	
2-9	190-198	verdragh	
2-10	199-202	zou	
2-11	203-212	aanneemen	
2-12	212-213	,	
2-13	214-216	en	
2-14	217-220	hun	
2-15	221-224	den	
2-16	225-235	dertienden	
2-17	236-239	der	
2-18	240-246	maandt	
2-19	247-249	be	
2-20	249-250	-	
2-21	258-265	scheidt	
2-22	266-267	+	
2-23	267-273	laaten	
2-24	274-280	weeten	
2-25	280-281	.	

#Text=De Ruiter liet het terstondt uit het Turks in 't Nederduitsch 
#Text=vertaalen, en zondt eenige afschriften aan de Heeren Staaten.
3-1	282-284	De	
3-2	285-291	Ruiter	
3-3	292-296	liet	
3-4	297-300	het	
3-5	301-310	terstondt	
3-6	311-314	uit	
3-7	315-318	het	
3-8	319-324	Turks	
3-9	325-327	in	
3-10	328-329	'	
3-11	329-330	t	
3-12	331-343	Nederduitsch	
3-13	345-354	vertaalen	
3-14	354-355	,	
3-15	356-358	en	
3-16	359-364	zondt	
3-17	365-371	eenige	
3-18	372-383	afschriften	
3-19	384-387	aan	
3-20	388-390	de	
3-21	391-397	Heeren	
3-22	398-405	Staaten	
3-23	405-406	.	

#Text=Doch aan de 
#Text=Douane of hooge Regeering van Algiers schreef hy den dertienden den volgenden
#Text=
#Text=brief,
#Text=
#Text=[13 Juli 1662
#Text=]
#Text=
#Text=
#Text=Doorluchtige, hooghgeboore Heeren,
#Text=
#Text=+
#Text=Ik bedank uwe
#Text=Doorluchtigheden voor de gunst, my door 't overleveren van de 
#Text=vreedepunten, onlangs tusschen
#Text=den Koning van Engelandt en uw 
#Text=Doorluchtigheden geslooten;
#Text=beweezen:
#Text=welk verdragh ik met myne
#Text=Krygsraaden
#Text=
#Text=wel heb overwoogen.
4-1	407-411	Doch	
4-2	412-415	aan	
4-3	416-418	de	
4-4	420-426	Douane	
4-5	427-429	of	
4-6	430-435	hooge	
4-7	436-445	Regeering	
4-8	446-449	van	
4-9	450-457	Algiers	
4-10	458-465	schreef	
4-11	466-468	hy	
4-12	469-472	den	
4-13	473-483	dertienden	
4-14	484-487	den	
4-15	488-497	volgenden	
4-16	499-504	brief	
4-17	504-505	,	
4-18	507-508	[	
4-19	508-510	13	
4-20	511-515	Juli	
4-21	516-520	1662	
4-22	521-522	]	
4-23	525-537	Doorluchtige	
4-24	537-538	,	
4-25	539-551	hooghgeboore	
4-26	552-558	Heeren	
4-27	558-559	,	
4-28	561-562	+	
4-29	563-565	Ik	
4-30	566-572	bedank	
4-31	573-576	uwe	
4-32	577-593	Doorluchtigheden	
4-33	594-598	voor	
4-34	599-601	de	
4-35	602-607	gunst	
4-36	607-608	,	
4-37	609-611	my	
4-38	612-616	door	
4-39	617-618	'	
4-40	618-619	t	
4-41	620-631	overleveren	
4-42	632-635	van	
4-43	636-638	de	
4-44	640-652	vreedepunten	
4-45	652-653	,	
4-46	654-661	onlangs	
4-47	662-670	tusschen	
4-48	671-674	den	
4-49	675-681	Koning	
4-50	682-685	van	
4-51	686-695	Engelandt	
4-52	696-698	en	
4-53	699-701	uw	
4-54	703-719	Doorluchtigheden	
4-55	720-729	geslooten	
4-56	729-730	;	
4-57	731-739	beweezen	
4-58	739-740	:	
4-59	741-745	welk	
4-60	746-754	verdragh	
4-61	755-757	ik	
4-62	758-761	met	
4-63	762-766	myne	
4-64	767-778	Krygsraaden	
4-65	780-783	wel	
4-66	784-787	heb	
4-67	788-798	overwoogen	
4-68	798-799	.	

#Text=Doch lettende op het zevende +punt, en daar by ziende, 
#Text=dat d'Engelschen het onderzoek der scheepen en 't uit lichten der goederen, die 
#Text=d'uwen verboode of onvrye noemen, onderworpen zyn, moet ik uwe Doorl.
#Text=bekent 
#Text=maaken, dat hunne Hoog.
5-1	800-804	Doch	
5-2	805-813	lettende	
5-3	814-816	op	
5-4	817-820	het	
5-5	821-828	zevende	
5-6	829-830	+	
5-7	830-834	punt	
5-8	834-835	,	
5-9	836-838	en	
5-10	839-843	daar	
5-11	844-846	by	
5-12	847-853	ziende	
5-13	853-854	,	
5-14	856-859	dat	
5-15	860-872	d'Engelschen	
5-16	873-876	het	
5-17	877-886	onderzoek	
5-18	887-890	der	
5-19	891-899	scheepen	
5-20	900-902	en	
5-21	903-904	'	
5-22	904-905	t	
5-23	906-909	uit	
5-24	910-917	lichten	
5-25	918-921	der	
5-26	922-930	goederen	
5-27	930-931	,	
5-28	932-935	die	
5-29	937-943	d'uwen	
5-30	944-952	verboode	
5-31	953-955	of	
5-32	956-962	onvrye	
5-33	963-969	noemen	
5-34	969-970	,	
5-35	971-982	onderworpen	
5-36	983-986	zyn	
5-37	986-987	,	
5-38	988-992	moet	
5-39	993-995	ik	
5-40	996-999	uwe	
5-41	1000-1005	Doorl	
5-42	1005-1006	.	
5-43	1007-1013	bekent	
5-44	1015-1021	maaken	
5-45	1021-1022	,	
5-46	1023-1026	dat	
5-47	1027-1032	hunne	
5-48	1033-1037	Hoog	
5-49	1037-1038	.	

#Text=Moog.
#Text=dat zevende verdraghpunt, om hooghdringende
#Text=
#Text=
#Text=
#Text=
#Text=+1662.
6-1	1039-1043	Moog	
6-2	1043-1044	.	
6-3	1045-1048	dat	
6-4	1049-1056	zevende	
6-5	1057-1069	verdraghpunt	
6-6	1069-1070	,	
6-7	1071-1073	om	
6-8	1074-1088	hooghdringende	
6-9	1093-1094	+	
6-10	1094-1098	1662	
6-11	1098-1099	.	
