#FORMAT=WebAnno TSV 3.3
#T_SP=custom.Span|label
#T_RL=custom.Relation|label|BT_custom.Span


#Text=C
#Text=
#Text=um de odoribus exponere animus fit, nolo in ana
#Text=
#Text=tomicis organi descriptionibus ambages quaerere, quippe quae in anomicorum fcriptis locupletissimae inueniuntur , fed ea ftatim exponere
#Text=
#Text=pro viribus tentabo, quae perlecta , quid odora.
#Text=tus fit , in quo varia eius genera consistant, ignorare non finunt.
1-1	2-3	C	_	_	_	
1-2	5-7	um	_	_	_	
1-3	8-10	de	_	_	_	
1-4	11-19	odoribus	Smell\_Word	_	_	
1-5	20-28	exponere	_	_	_	
1-6	29-35	animus	_	_	_	
1-7	36-39	fit	_	_	_	
1-8	39-40	,	_	_	_	
1-9	41-45	nolo	_	_	_	
1-10	46-48	in	_	_	_	
1-11	49-52	ana	_	_	_	
1-12	54-61	tomicis	_	_	_	
1-13	62-68	organi	_	_	_	
1-14	69-84	descriptionibus	_	_	_	
1-15	85-92	ambages	_	_	_	
1-16	93-101	quaerere	_	_	_	
1-17	101-102	,	_	_	_	
1-18	103-109	quippe	_	_	_	
1-19	110-114	quae	_	_	_	
1-20	115-117	in	_	_	_	
1-21	118-128	anomicorum	_	_	_	
1-22	129-137	fcriptis	_	_	_	
1-23	138-153	locupletissimae	_	_	_	
1-24	154-165	inueniuntur	_	_	_	
1-25	166-167	,	_	_	_	
1-26	168-171	fed	_	_	_	
1-27	172-174	ea	_	_	_	
1-28	175-181	ftatim	_	_	_	
1-29	182-190	exponere	_	_	_	
1-30	192-195	pro	_	_	_	
1-31	196-203	viribus	_	_	_	
1-32	204-211	tentabo	_	_	_	
1-33	211-212	,	_	_	_	
1-34	213-217	quae	_	_	_	
1-35	218-226	perlecta	_	_	_	
1-36	227-228	,	_	_	_	
1-37	229-233	quid	_	_	_	
1-38	234-239	odora	Smell\_Word[1]	_	_	
1-39	239-240	.	Smell\_Word[1]	_	_	
1-40	241-244	tus	Smell\_Word[1]	_	_	
1-41	245-248	fit	_	_	_	
1-42	249-250	,	_	_	_	
1-43	251-253	in	_	_	_	
1-44	254-257	quo	_	_	_	
1-45	258-263	varia	_	_	_	
1-46	264-268	eius	_	_	_	
1-47	269-275	genera	_	_	_	
1-48	276-286	consistant	_	_	_	
1-49	286-287	,	_	_	_	
1-50	288-296	ignorare	_	_	_	
1-51	297-300	non	_	_	_	
1-52	301-307	finunt	_	_	_	
1-53	307-308	.	_	_	_	

#Text=Vsque huc odores recepti funt ad facultates medicamentorum explicandas, fed exiguo cum fructu.
2-1	309-314	Vsque	_	_	_	
2-2	315-318	huc	_	_	_	
2-3	319-325	odores	Smell\_Word	_	_	
2-4	326-333	recepti	_	_	_	
2-5	334-338	funt	_	_	_	
2-6	339-341	ad	_	_	_	
2-7	342-352	facultates	_	_	_	
2-8	353-367	medicamentorum	_	_	_	
2-9	368-379	explicandas	_	_	_	
2-10	379-380	,	_	_	_	
2-11	381-384	fed	_	_	_	
2-12	385-391	exiguo	_	_	_	
2-13	392-395	cum	_	_	_	
2-14	396-402	fructu	_	_	_	
2-15	402-403	.	_	_	_	

#Text=Nam nomina quidem dederunt odoribus, fed cuin nomina figna fint, ea ipfa vero nil iuuent, nisi id ipsum quod nomine fignificatur, intelligatur, alienum plane est, et pene inconcinnum varia odorum genera constituere, fi nonfolum in genere, vnde odor sit, cx quibus conftet, ignoratur, fed etiam quid faciat tantam diuersitatein odorum, lateat.
3-1	404-407	Nam	_	_	_	
3-2	408-414	nomina	_	_	_	
3-3	415-421	quidem	_	_	_	
3-4	422-430	dederunt	_	_	_	
3-5	431-439	odoribus	Smell\_Word	_	_	
3-6	439-440	,	_	_	_	
3-7	441-444	fed	_	_	_	
3-8	445-449	cuin	_	_	_	
3-9	450-456	nomina	_	_	_	
3-10	457-462	figna	_	_	_	
3-11	463-467	fint	_	_	_	
3-12	467-468	,	_	_	_	
3-13	469-471	ea	_	_	_	
3-14	472-476	ipfa	_	_	_	
3-15	477-481	vero	_	_	_	
3-16	482-485	nil	_	_	_	
3-17	486-492	iuuent	_	_	_	
3-18	492-493	,	_	_	_	
3-19	494-498	nisi	_	_	_	
3-20	499-501	id	_	_	_	
3-21	502-507	ipsum	_	_	_	
3-22	508-512	quod	_	_	_	
3-23	513-519	nomine	_	_	_	
3-24	520-532	fignificatur	_	_	_	
3-25	532-533	,	_	_	_	
3-26	534-546	intelligatur	_	_	_	
3-27	546-547	,	_	_	_	
3-28	548-555	alienum	_	_	_	
3-29	556-561	plane	_	_	_	
3-30	562-565	est	_	_	_	
3-31	565-566	,	_	_	_	
3-32	567-569	et	_	_	_	
3-33	570-574	pene	_	_	_	
3-34	575-586	inconcinnum	_	_	_	
3-35	587-592	varia	_	_	_	
3-36	593-599	odorum	Smell\_Word	_	_	
3-37	600-606	genera	_	_	_	
3-38	607-618	constituere	_	_	_	
3-39	618-619	,	_	_	_	
3-40	620-622	fi	_	_	_	
3-41	623-631	nonfolum	_	_	_	
3-42	632-634	in	_	_	_	
3-43	635-641	genere	_	_	_	
3-44	641-642	,	_	_	_	
3-45	643-647	vnde	_	_	_	
3-46	648-652	odor	Smell\_Word	_	_	
3-47	653-656	sit	_	_	_	
3-48	656-657	,	_	_	_	
3-49	658-660	cx	_	_	_	
3-50	661-667	quibus	_	_	_	
3-51	668-675	conftet	_	_	_	
3-52	675-676	,	_	_	_	
3-53	677-686	ignoratur	_	_	_	
3-54	686-687	,	_	_	_	
3-55	688-691	fed	_	_	_	
3-56	692-697	etiam	_	_	_	
3-57	698-702	quid	_	_	_	
3-58	703-709	faciat	_	_	_	
3-59	710-716	tantam	_	_	_	
3-60	717-730	diuersitatein	_	_	_	
3-61	731-737	odorum	Smell\_Word	_	_	
3-62	737-738	,	_	_	_	
3-63	739-745	lateat	_	_	_	
3-64	745-746	.	_	_	_	

#Text=Sed dicunt, non posle sciri, vnde haec fubtilia fint, quae nec videri nec manibus comprehendi poffunt, quafi omnia manibús, nil ratione comprehendi debeat, et quasi, quae ratione perspiciuntur, non aeque tuta ac certa esse possent, quam quae oculis videntur.
4-1	747-750	Sed	_	_	_	
4-2	751-757	dicunt	_	_	_	
4-3	757-758	,	_	_	_	
4-4	759-762	non	_	_	_	
4-5	763-768	posle	_	_	_	
4-6	769-774	sciri	_	_	_	
4-7	774-775	,	_	_	_	
4-8	776-780	vnde	_	_	_	
4-9	781-785	haec	_	_	_	
4-10	786-794	fubtilia	_	_	_	
4-11	795-799	fint	_	_	_	
4-12	799-800	,	_	_	_	
4-13	801-805	quae	_	_	_	
4-14	806-809	nec	_	_	_	
4-15	810-816	videri	_	_	_	
4-16	817-820	nec	_	_	_	
4-17	821-828	manibus	_	_	_	
4-18	829-840	comprehendi	_	_	_	
4-19	841-848	poffunt	_	_	_	
4-20	848-849	,	_	_	_	
4-21	850-855	quafi	_	_	_	
4-22	856-861	omnia	_	_	_	
4-23	862-869	manibús	_	_	_	
4-24	869-870	,	_	_	_	
4-25	871-874	nil	_	_	_	
4-26	875-882	ratione	_	_	_	
4-27	883-894	comprehendi	_	_	_	
4-28	895-901	debeat	_	_	_	
4-29	901-902	,	_	_	_	
4-30	903-905	et	_	_	_	
4-31	906-911	quasi	_	_	_	
4-32	911-912	,	_	_	_	
4-33	913-917	quae	_	_	_	
4-34	918-925	ratione	_	_	_	
4-35	926-939	perspiciuntur	_	_	_	
4-36	939-940	,	_	_	_	
4-37	941-944	non	_	_	_	
4-38	945-950	aeque	_	_	_	
4-39	951-955	tuta	_	_	_	
4-40	956-958	ac	_	_	_	
4-41	959-964	certa	_	_	_	
4-42	965-969	esse	_	_	_	
4-43	970-977	possent	_	_	_	
4-44	977-978	,	_	_	_	
4-45	979-983	quam	_	_	_	
4-46	984-988	quae	_	_	_	
4-47	989-995	oculis	_	_	_	
4-48	996-1004	videntur	_	_	_	
4-49	1004-1005	.	_	_	_	

#Text=Plurima ergo funt, quae odoris naturam ostendunt, eaque vel ex ipfa fensus odoris natura, , vel ex chernia peti pofsunt, quae quidem fi inteiligi volunt, nonfolum exercitatos fenfus externos quis habeat, fed etiam ip chemia non vulgari et
#Text=
#Text=phar
#Text=
#Text=
#Text=
#Text=
#Text=
#Text=Antequam ergo ad eruenda odorum genera tranfeam, fcire oportet, vnde odor fit et num fimpliciffima res fit, nec ne.
5-1	1006-1013	Plurima	_	_	_	
5-2	1014-1018	ergo	_	_	_	
5-3	1019-1023	funt	_	_	_	
5-4	1023-1024	,	_	_	_	
5-5	1025-1029	quae	_	_	_	
5-6	1030-1036	odoris	Smell\_Word	_	_	
5-7	1037-1044	naturam	_	_	_	
5-8	1045-1054	ostendunt	_	_	_	
5-9	1054-1055	,	_	_	_	
5-10	1056-1061	eaque	_	_	_	
5-11	1062-1065	vel	_	_	_	
5-12	1066-1068	ex	_	_	_	
5-13	1069-1073	ipfa	_	_	_	
5-14	1074-1080	fensus	_	_	_	
5-15	1081-1087	odoris	Smell\_Word	_	_	
5-16	1088-1094	natura	_	_	_	
5-17	1094-1095	,	_	_	_	
5-18	1096-1097	,	_	_	_	
5-19	1098-1101	vel	_	_	_	
5-20	1102-1104	ex	_	_	_	
5-21	1105-1112	chernia	_	_	_	
5-22	1113-1117	peti	_	_	_	
5-23	1118-1125	pofsunt	_	_	_	
5-24	1125-1126	,	_	_	_	
5-25	1127-1131	quae	_	_	_	
5-26	1132-1138	quidem	_	_	_	
5-27	1139-1141	fi	_	_	_	
5-28	1142-1151	inteiligi	_	_	_	
5-29	1152-1158	volunt	_	_	_	
5-30	1158-1159	,	_	_	_	
5-31	1160-1168	nonfolum	_	_	_	
5-32	1169-1180	exercitatos	_	_	_	
5-33	1181-1187	fenfus	_	_	_	
5-34	1188-1196	externos	_	_	_	
5-35	1197-1201	quis	_	_	_	
5-36	1202-1208	habeat	_	_	_	
5-37	1208-1209	,	_	_	_	
5-38	1210-1213	fed	_	_	_	
5-39	1214-1219	etiam	_	_	_	
5-40	1220-1222	ip	_	_	_	
5-41	1223-1229	chemia	_	_	_	
5-42	1230-1233	non	_	_	_	
5-43	1234-1241	vulgari	_	_	_	
5-44	1242-1244	et	_	_	_	
5-45	1246-1250	phar	_	_	_	
5-46	1256-1264	Antequam	_	_	_	
5-47	1265-1269	ergo	_	_	_	
5-48	1270-1272	ad	_	_	_	
5-49	1273-1280	eruenda	_	_	_	
5-50	1281-1287	odorum	Smell\_Word	_	_	
5-51	1288-1294	genera	_	_	_	
5-52	1295-1303	tranfeam	_	_	_	
5-53	1303-1304	,	_	_	_	
5-54	1305-1310	fcire	_	_	_	
5-55	1311-1318	oportet	_	_	_	
5-56	1318-1319	,	_	_	_	
5-57	1320-1324	vnde	_	_	_	
5-58	1325-1329	odor	Smell\_Word	_	_	
5-59	1330-1333	fit	_	_	_	
5-60	1334-1336	et	_	_	_	
5-61	1337-1340	num	_	_	_	
5-62	1341-1354	fimpliciffima	_	_	_	
5-63	1355-1358	res	_	_	_	
5-64	1359-1362	fit	_	_	_	
5-65	1362-1363	,	_	_	_	
5-66	1364-1367	nec	_	_	_	
5-67	1368-1370	ne	_	_	_	
5-68	1370-1371	.	_	_	_	

#Text=Et primo quidem certum eft, quod ex corpusculis tenuiffimis constet; nam fpiritum non effe iam Boyleus abunde docuit: nec, licet at.
#Text=tenuata maxime ac diducta fint, fimplicissima corpuscula effe poffunt, alias tam diuerfi odores non effent, nec odorem haberent: nam fi tam tenuia forent, quam fluidum nerueum aut lumen, aut aer, plane odoratus neruis fefe fubtraherent.
6-1	1372-1374	Et	_	_	_	
6-2	1375-1380	primo	_	_	_	
6-3	1381-1387	quidem	_	_	_	
6-4	1388-1394	certum	_	_	_	
6-5	1395-1398	eft	_	_	_	
6-6	1398-1399	,	_	_	_	
6-7	1400-1404	quod	_	_	_	
6-8	1405-1407	ex	_	_	_	
6-9	1408-1419	corpusculis	_	_	_	
6-10	1420-1431	tenuiffimis	_	_	_	
6-11	1432-1439	constet	_	_	_	
6-12	1439-1440	;	_	_	_	
6-13	1441-1444	nam	_	_	_	
6-14	1445-1453	fpiritum	_	_	_	
6-15	1454-1457	non	_	_	_	
6-16	1458-1462	effe	_	_	_	
6-17	1463-1466	iam	_	_	_	
6-18	1467-1474	Boyleus	_	_	_	
6-19	1475-1481	abunde	_	_	_	
6-20	1482-1488	docuit	_	_	_	
6-21	1488-1489	:	_	_	_	
6-22	1490-1493	nec	_	_	_	
6-23	1493-1494	,	_	_	_	
6-24	1495-1500	licet	_	_	_	
6-25	1501-1503	at	_	_	_	
6-26	1503-1504	.	_	_	_	
6-27	1505-1512	tenuata	_	_	_	
6-28	1513-1519	maxime	_	_	_	
6-29	1520-1522	ac	_	_	_	
6-30	1523-1530	diducta	_	_	_	
6-31	1531-1535	fint	_	_	_	
6-32	1535-1536	,	_	_	_	
6-33	1537-1550	fimplicissima	_	_	_	
6-34	1551-1561	corpuscula	_	_	_	
6-35	1562-1566	effe	_	_	_	
6-36	1567-1574	poffunt	_	_	_	
6-37	1574-1575	,	_	_	_	
6-38	1576-1581	alias	_	_	_	
6-39	1582-1585	tam	Quality[2]	_	_	
6-40	1586-1593	diuerfi	Quality[2]	_	_	
6-41	1594-1600	odores	Smell\_Word	*	6-39[2_0]	
6-42	1601-1604	non	_	_	_	
6-43	1605-1611	effent	_	_	_	
6-44	1611-1612	,	_	_	_	
6-45	1613-1616	nec	_	_	_	
6-46	1617-1623	odorem	Smell\_Word	_	_	
6-47	1624-1632	haberent	_	_	_	
6-48	1632-1633	:	_	_	_	
6-49	1634-1637	nam	_	_	_	
6-50	1638-1640	fi	Circumstances[3]	_	_	
6-51	1641-1644	tam	Circumstances[3]	_	_	
6-52	1645-1651	tenuia	Circumstances[3]	_	_	
6-53	1652-1658	forent	Circumstances[3]	_	_	
6-54	1658-1659	,	Circumstances[3]	_	_	
6-55	1660-1664	quam	Circumstances[3]	_	_	
6-56	1665-1672	fluidum	Circumstances[3]	_	_	
6-57	1673-1680	nerueum	Circumstances[3]	_	_	
6-58	1681-1684	aut	Circumstances[3]	_	_	
6-59	1685-1690	lumen	Circumstances[3]	_	_	
6-60	1690-1691	,	Circumstances[3]	_	_	
6-61	1692-1695	aut	Circumstances[3]	_	_	
6-62	1696-1699	aer	Circumstances[3]	_	_	
6-63	1699-1700	,	_	_	_	
6-64	1701-1706	plane	_	_	_	
6-65	1707-1715	odoratus	Smell\_Word	*|*	6-66|6-50[3_0]	
6-66	1716-1722	neruis	Perceiver	_	_	
6-67	1723-1727	fefe	_	_	_	
6-68	1728-1740	fubtraherent	_	_	_	
6-69	1740-1741	.	_	_	_	

#Text=Si itaque compofita adhuc dum funt, quod etiam exinde apparet, quia ex compofitione simplicium non odoratorum, odor oritur, quaeritur, quaenam hae partes fint et vnde?
7-1	1742-1744	Si	_	_	_	
7-2	1745-1751	itaque	_	_	_	
7-3	1752-1761	compofita	_	_	_	
7-4	1762-1767	adhuc	_	_	_	
7-5	1768-1771	dum	_	_	_	
7-6	1772-1776	funt	_	_	_	
7-7	1776-1777	,	_	_	_	
7-8	1778-1782	quod	_	_	_	
7-9	1783-1788	etiam	_	_	_	
7-10	1789-1795	exinde	_	_	_	
7-11	1796-1803	apparet	_	_	_	
7-12	1803-1804	,	_	_	_	
7-13	1805-1809	quia	_	_	_	
7-14	1810-1812	ex	_	_	_	
7-15	1813-1825	compofitione	_	_	_	
7-16	1826-1836	simplicium	_	_	_	
7-17	1837-1840	non	_	_	_	
7-18	1841-1851	odoratorum	Smell\_Word	_	_	
7-19	1851-1852	,	_	_	_	
7-20	1853-1857	odor	Smell\_Word	_	_	
7-21	1858-1864	oritur	_	_	_	
7-22	1864-1865	,	_	_	_	
7-23	1866-1875	quaeritur	_	_	_	
7-24	1875-1876	,	_	_	_	
7-25	1877-1884	quaenam	_	_	_	
7-26	1885-1888	hae	_	_	_	
7-27	1889-1895	partes	_	_	_	
7-28	1896-1900	fint	_	_	_	
7-29	1901-1903	et	_	_	_	
7-30	1904-1908	vnde	_	_	_	
7-31	1908-1909	?	_	_	_	

#Text=Phoenomena hoc docebunt, et natura quoque volatilis ipfa.
8-1	1910-1920	Phoenomena	_	_	_	
8-2	1921-1924	hoc	_	_	_	
8-3	1925-1933	docebunt	_	_	_	
8-4	1933-1934	,	_	_	_	
8-5	1935-1937	et	_	_	_	
8-6	1938-1944	natura	_	_	_	
8-7	1945-1951	quoque	_	_	_	
8-8	1952-1961	volatilis	_	_	_	
8-9	1962-1966	ipfa	_	_	_	
8-10	1966-1967	.	_	_	_	

#Text=Camphora e. g. corpus eft, quod totum in aerem auolat, sta tamen vt oculis non conspiciatur, vnum tamen eundemque fenfum perpetuo naribus inprimat, Camphora ergo integra et nondum in vapores resoluta corpus eft, quod fapore aeque ac examine chemico difquiri poteft: fi vero diuiditur in vapores inuifibiles, odor est.
9-1	1968-1976	Camphora	Smell\_Source	_	_	
9-2	1977-1978	e	_	_	_	
9-3	1978-1979	.	_	_	_	
9-4	1980-1981	g	_	_	_	
9-5	1981-1982	.	_	_	_	
9-6	1983-1989	corpus	_	_	_	
9-7	1990-1993	eft	_	_	_	
9-8	1993-1994	,	_	_	_	
9-9	1995-1999	quod	_	_	_	
9-10	2000-2005	totum	_	_	_	
9-11	2006-2008	in	_	_	_	
9-12	2009-2014	aerem	_	_	_	
9-13	2015-2021	auolat	_	_	_	
9-14	2021-2022	,	_	_	_	
9-15	2023-2026	sta	_	_	_	
9-16	2027-2032	tamen	_	_	_	
9-17	2033-2035	vt	_	_	_	
9-18	2036-2042	oculis	_	_	_	
9-19	2043-2046	non	_	_	_	
9-20	2047-2059	conspiciatur	_	_	_	
9-21	2059-2060	,	_	_	_	
9-22	2061-2065	vnum	Quality[4]	_	_	
9-23	2066-2071	tamen	Quality[4]	_	_	
9-24	2072-2081	eundemque	Quality[4]	_	_	
9-25	2082-2088	fenfum	Smell\_Word	*|*|*|*	9-22[4_0]|9-26|9-27|9-1	
9-26	2089-2097	perpetuo	Time	_	_	
9-27	2098-2105	naribus	Perceiver	_	_	
9-28	2106-2114	inprimat	_	_	_	
9-29	2114-2115	,	_	_	_	
9-30	2116-2124	Camphora	Smell\_Source	_	_	
9-31	2125-2129	ergo	_	_	_	
9-32	2130-2137	integra	_	_	_	
9-33	2138-2140	et	_	_	_	
9-34	2141-2147	nondum	_	_	_	
9-35	2148-2150	in	_	_	_	
9-36	2151-2158	vapores	_	_	_	
9-37	2159-2167	resoluta	_	_	_	
9-38	2168-2174	corpus	_	_	_	
9-39	2175-2178	eft	_	_	_	
9-40	2178-2179	,	_	_	_	
9-41	2180-2184	quod	_	_	_	
9-42	2185-2191	fapore	_	_	_	
9-43	2192-2197	aeque	_	_	_	
9-44	2198-2200	ac	_	_	_	
9-45	2201-2208	examine	_	_	_	
9-46	2209-2216	chemico	_	_	_	
9-47	2217-2225	difquiri	_	_	_	
9-48	2226-2232	poteft	_	_	_	
9-49	2232-2233	:	_	_	_	
9-50	2234-2236	fi	Circumstances[5]	_	_	
9-51	2237-2241	vero	Circumstances[5]	_	_	
9-52	2242-2251	diuiditur	Circumstances[5]	_	_	
9-53	2252-2254	in	Circumstances[5]	_	_	
9-54	2255-2262	vapores	Circumstances[5]	_	_	
9-55	2263-2274	inuifibiles	Circumstances[5]	_	_	
9-56	2274-2275	,	_	_	_	
9-57	2276-2280	odor	Smell\_Word	*|*	9-50[5_0]|9-30	
9-58	2281-2284	est	_	_	_	
9-59	2284-2285	.	_	_	_	

#Text=Promte ergo ex his concludi poteft, 0dorem ex terreis, falinis, viscidis, aquofis, inflammabilibus partibus conftare: nam ex his omnibus effe camphoram , examen chemicum ostendit.
10-1	2286-2292	Promte	_	_	_	
10-2	2293-2297	ergo	_	_	_	
10-3	2298-2300	ex	_	_	_	
10-4	2301-2304	his	_	_	_	
10-5	2305-2313	concludi	_	_	_	
10-6	2314-2320	poteft	_	_	_	
10-7	2320-2321	,	_	_	_	
10-8	2322-2328	0dorem	Smell\_Word	_	_	
10-9	2329-2331	ex	_	_	_	
10-10	2332-2339	terreis	_	_	_	
10-11	2339-2340	,	_	_	_	
10-12	2341-2348	falinis	_	_	_	
10-13	2348-2349	,	_	_	_	
10-14	2350-2358	viscidis	_	_	_	
10-15	2358-2359	,	_	_	_	
10-16	2360-2367	aquofis	_	_	_	
10-17	2367-2368	,	_	_	_	
10-18	2369-2384	inflammabilibus	_	_	_	
10-19	2385-2393	partibus	_	_	_	
10-20	2394-2402	conftare	_	_	_	
10-21	2402-2403	:	_	_	_	
10-22	2404-2407	nam	_	_	_	
10-23	2408-2410	ex	_	_	_	
10-24	2411-2414	his	_	_	_	
10-25	2415-2422	omnibus	_	_	_	
10-26	2423-2427	effe	_	_	_	
10-27	2428-2437	camphoram	_	_	_	
10-28	2438-2439	,	_	_	_	
10-29	2440-2446	examen	_	_	_	
10-30	2447-2455	chemicum	_	_	_	
10-31	2456-2464	ostendit	_	_	_	
10-32	2464-2465	.	_	_	_	

#Text=Idem colligere poffumus ex genesi odorum , quam HALLERVS in Element.
#Text=physiolog.
11-1	2466-2470	Idem	_	_	_	
11-2	2471-2480	colligere	_	_	_	
11-3	2481-2489	poffumus	_	_	_	
11-4	2490-2492	ex	_	_	_	
11-5	2493-2499	genesi	_	_	_	
11-6	2500-2506	odorum	Smell\_Word	_	_	
11-7	2507-2508	,	_	_	_	
11-8	2509-2513	quam	_	_	_	
11-9	2514-2522	HALLERVS	_	_	_	
11-10	2523-2525	in	_	_	_	
11-11	2526-2533	Element	_	_	_	
11-12	2533-2534	.	_	_	_	
11-13	2535-2544	physiolog	_	_	_	
11-14	2544-2545	.	_	_	_	

#Text=T.
12-1	2546-2547	T	_	_	_	
12-2	2547-2548	.	_	_	_	

#Text=IV.
#Text=p. 169-169. posuit.
13-1	2549-2551	IV	_	_	_	
13-2	2551-2552	.	_	_	_	
13-3	2553-2554	p	_	_	_	
13-4	2554-2555	.	_	_	_	
13-5	2556-2559	169	_	_	_	
13-6	2559-2560	-	_	_	_	
13-7	2560-2563	169	_	_	_	
13-8	2563-2564	.	_	_	_	
13-9	2565-2571	posuit	_	_	_	
13-10	2571-2572	.	_	_	_	

#Text=Deinde nullum volatile fine inflammabili principio esse poteft: cum vero inflammabile principium semper aliis partibus conftitutiuis admixtum fit, hae fimul efferantur , neceffe eft.
14-1	2573-2579	Deinde	_	_	_	
14-2	2580-2586	nullum	_	_	_	
14-3	2587-2595	volatile	_	_	_	
14-4	2596-2600	fine	_	_	_	
14-5	2601-2613	inflammabili	_	_	_	
14-6	2614-2623	principio	_	_	_	
14-7	2624-2628	esse	_	_	_	
14-8	2629-2635	poteft	_	_	_	
14-9	2635-2636	:	_	_	_	
14-10	2637-2640	cum	_	_	_	
14-11	2641-2645	vero	_	_	_	
14-12	2646-2658	inflammabile	_	_	_	
14-13	2659-2669	principium	_	_	_	
14-14	2670-2676	semper	_	_	_	
14-15	2677-2682	aliis	_	_	_	
14-16	2683-2691	partibus	_	_	_	
14-17	2692-2705	conftitutiuis	_	_	_	
14-18	2706-2714	admixtum	_	_	_	
14-19	2715-2718	fit	_	_	_	
14-20	2718-2719	,	_	_	_	
14-21	2720-2723	hae	_	_	_	
14-22	2724-2729	fimul	_	_	_	
14-23	2730-2740	efferantur	_	_	_	
14-24	2741-2742	,	_	_	_	
14-25	2743-2750	neceffe	_	_	_	
14-26	2751-2754	eft	_	_	_	
14-27	2754-2755	.	_	_	_	

#Text=Odor ergo fine dubio nil aliud eft, quam falia et terrae per inflammabile principium elata.
15-1	2756-2760	Odor	Smell\_Word	_	_	
15-2	2761-2765	ergo	_	_	_	
15-3	2766-2770	fine	_	_	_	
15-4	2771-2776	dubio	_	_	_	
15-5	2777-2780	nil	_	_	_	
15-6	2781-2786	aliud	_	_	_	
15-7	2787-2790	eft	_	_	_	
15-8	2790-2791	,	_	_	_	
15-9	2792-2796	quam	_	_	_	
15-10	2797-2802	falia	_	_	_	
15-11	2803-2805	et	_	_	_	
15-12	2806-2812	terrae	_	_	_	
15-13	2813-2816	per	_	_	_	
15-14	2817-2829	inflammabile	_	_	_	
15-15	2830-2840	principium	_	_	_	
15-16	2841-2846	elata	_	_	_	
15-17	2846-2847	.	_	_	_	

#Text=Non quidem falia puto et terras, quales fàpor aut tactus diiudicat, fed attenuatas magis et ad naturam aeris accedentes.
16-1	2848-2851	Non	_	_	_	
16-2	2852-2858	quidem	_	_	_	
16-3	2859-2864	falia	_	_	_	
16-4	2865-2869	puto	_	_	_	
16-5	2870-2872	et	_	_	_	
16-6	2873-2879	terras	_	_	_	
16-7	2879-2880	,	_	_	_	
16-8	2881-2887	quales	_	_	_	
16-9	2888-2893	fàpor	_	_	_	
16-10	2894-2897	aut	_	_	_	
16-11	2898-2904	tactus	_	_	_	
16-12	2905-2914	diiudicat	_	_	_	
16-13	2914-2915	,	_	_	_	
16-14	2916-2919	fed	_	_	_	
16-15	2920-2930	attenuatas	_	_	_	
16-16	2931-2936	magis	_	_	_	
16-17	2937-2939	et	_	_	_	
16-18	2940-2942	ad	_	_	_	
16-19	2943-2950	naturam	_	_	_	
16-20	2951-2956	aeris	_	_	_	
16-21	2957-2967	accedentes	_	_	_	
16-22	2967-2968	.	_	_	_	

#Text=Si itaque, copiofùm inflammabile principium attenuatiffimum et maxime diuisum in corpore quodam abundat, ita vt a terreis et falinis partibus non figi, non coerceri poffit, tenerrimam partem aquae vel terrae vel falis fecum commiftam fimul effert, vt effludium oriatur cor
#Text=
#Text=
#Text=
#Text=po.
17-1	2969-2971	Si	_	_	_	
17-2	2972-2978	itaque	_	_	_	
17-3	2978-2979	,	_	_	_	
17-4	2980-2988	copiofùm	_	_	_	
17-5	2989-3001	inflammabile	_	_	_	
17-6	3002-3012	principium	_	_	_	
17-7	3013-3028	attenuatiffimum	_	_	_	
17-8	3029-3031	et	_	_	_	
17-9	3032-3038	maxime	_	_	_	
17-10	3039-3046	diuisum	_	_	_	
17-11	3047-3049	in	_	_	_	
17-12	3050-3057	corpore	_	_	_	
17-13	3058-3064	quodam	_	_	_	
17-14	3065-3072	abundat	_	_	_	
17-15	3072-3073	,	_	_	_	
17-16	3074-3077	ita	_	_	_	
17-17	3078-3080	vt	_	_	_	
17-18	3081-3082	a	_	_	_	
17-19	3083-3090	terreis	_	_	_	
17-20	3091-3093	et	_	_	_	
17-21	3094-3101	falinis	_	_	_	
17-22	3102-3110	partibus	_	_	_	
17-23	3111-3114	non	_	_	_	
17-24	3115-3119	figi	_	_	_	
17-25	3119-3120	,	_	_	_	
17-26	3121-3124	non	_	_	_	
17-27	3125-3133	coerceri	_	_	_	
17-28	3134-3140	poffit	_	_	_	
17-29	3140-3141	,	_	_	_	
17-30	3142-3152	tenerrimam	_	_	_	
17-31	3153-3159	partem	_	_	_	
17-32	3160-3165	aquae	_	_	_	
17-33	3166-3169	vel	_	_	_	
17-34	3170-3176	terrae	_	_	_	
17-35	3177-3180	vel	_	_	_	
17-36	3181-3186	falis	_	_	_	
17-37	3187-3192	fecum	_	_	_	
17-38	3193-3202	commiftam	_	_	_	
17-39	3203-3208	fimul	_	_	_	
17-40	3209-3215	effert	_	_	_	
17-41	3215-3216	,	_	_	_	
17-42	3217-3219	vt	_	_	_	
17-43	3220-3229	effludium	_	_	_	
17-44	3230-3237	oriatur	_	_	_	
17-45	3238-3241	cor	_	_	_	
17-46	3245-3247	po	_	_	_	
17-47	3247-3248	.	_	_	_	
