#FORMAT=WebAnno TSV 3.3


#Text=13, Kapitein Philips
#Text=de
#Text=
#Text=
#Text=gaat t'zeil
1-1	0-2	13	
1-2	2-3	,	
1-3	4-12	Kapitein	
1-4	13-20	Philips	
1-5	21-23	de	
1-6	26-30	gaat	
1-7	31-37	t'zeil	

#Text=.
2-1	37-38	.	

#Text=+3 Iul.
3-1	41-42	+	
3-2	42-43	3	
3-3	44-47	Iul	
3-4	47-48	.	

#Text=+Ziekte op 's Landts scheepen.
4-1	51-52	+	
4-2	52-58	Ziekte	
4-3	59-61	op	
4-4	62-63	'	
4-5	63-64	s	
4-6	65-71	Landts	
4-7	72-80	scheepen	
4-8	80-81	.	

#Text=Munnik 25, Kapitein Elsevier
#Text=27, Kapitein Berkhout 66, Kapitein David
#Text=Sweerius 49.
5-1	86-92	Munnik	
5-2	93-95	25	
5-3	95-96	,	
5-4	97-105	Kapitein	
5-5	106-114	Elsevier	
5-6	115-117	27	
5-7	117-118	,	
5-8	119-127	Kapitein	
5-9	128-136	Berkhout	
5-10	137-139	66	
5-11	139-140	,	
5-12	141-149	Kapitein	
5-13	150-155	David	
5-14	156-164	Sweerius	
5-15	165-167	49	
5-16	167-168	.	

#Text=Ontren
#Text=130 kranken werden ten eersten naar landt gezonden, en Monard, 
#Text=Geneesmeester van 's Landts vloote, oordeelde dat al deeze ziekten byna zoo 
#Text=besmettelyk waaren dan de pest, en dat, om den voortgangk tydelyk in de vloot te 
#Text=sluiten
#Text=, ten hooghsten noodig was, al de kranken, die noch niet opgezonden waaren, 
#Text=ten spoedighste op te zenden, om aan landt des te eerder geneezen te worden: en 
#Text=dat men ondertusschen in de vloot met alle vlyt en behoorlyke middelen de scheepen 
#Text=van alle quaadtaardige lucht most trachten te zuiveren, om verder quaadt voor te 
#Text=koomen.
6-1	170-176	Ontren	
6-2	177-180	130	
6-3	181-188	kranken	
6-4	189-195	werden	
6-5	196-199	ten	
6-6	200-207	eersten	
6-7	208-212	naar	
6-8	213-218	landt	
6-9	219-227	gezonden	
6-10	227-228	,	
6-11	229-231	en	
6-12	232-238	Monard	
6-13	238-239	,	
6-14	241-254	Geneesmeester	
6-15	255-258	van	
6-16	259-260	'	
6-17	260-261	s	
6-18	262-268	Landts	
6-19	269-275	vloote	
6-20	275-276	,	
6-21	277-286	oordeelde	
6-22	287-290	dat	
6-23	291-293	al	
6-24	294-299	deeze	
6-25	300-307	ziekten	
6-26	308-312	byna	
6-27	313-316	zoo	
6-28	318-329	besmettelyk	
6-29	330-336	waaren	
6-30	337-340	dan	
6-31	341-343	de	
6-32	344-348	pest	
6-33	348-349	,	
6-34	350-352	en	
6-35	353-356	dat	
6-36	356-357	,	
6-37	358-360	om	
6-38	361-364	den	
6-39	365-375	voortgangk	
6-40	376-383	tydelyk	
6-41	384-386	in	
6-42	387-389	de	
6-43	390-395	vloot	
6-44	396-398	te	
6-45	400-407	sluiten	
6-46	408-409	,	
6-47	410-413	ten	
6-48	414-423	hooghsten	
6-49	424-430	noodig	
6-50	431-434	was	
6-51	434-435	,	
6-52	436-438	al	
6-53	439-441	de	
6-54	442-449	kranken	
6-55	449-450	,	
6-56	451-454	die	
6-57	455-459	noch	
6-58	460-464	niet	
6-59	465-475	opgezonden	
6-60	476-482	waaren	
6-61	482-483	,	
6-62	485-488	ten	
6-63	489-500	spoedighste	
6-64	501-503	op	
6-65	504-506	te	
6-66	507-513	zenden	
6-67	513-514	,	
6-68	515-517	om	
6-69	518-521	aan	
6-70	522-527	landt	
6-71	528-531	des	
6-72	532-534	te	
6-73	535-541	eerder	
6-74	542-550	geneezen	
6-75	551-553	te	
6-76	554-560	worden	
6-77	560-561	:	
6-78	562-564	en	
6-79	566-569	dat	
6-80	570-573	men	
6-81	574-587	ondertusschen	
6-82	588-590	in	
6-83	591-593	de	
6-84	594-599	vloot	
6-85	600-603	met	
6-86	604-608	alle	
6-87	609-613	vlyt	
6-88	614-616	en	
6-89	617-627	behoorlyke	
6-90	628-636	middelen	
6-91	637-639	de	
6-92	640-648	scheepen	
6-93	650-653	van	
6-94	654-658	alle	
6-95	659-672	quaadtaardige	
6-96	673-678	lucht	
6-97	679-683	most	
6-98	684-692	trachten	
6-99	693-695	te	
6-100	696-704	zuiveren	
6-101	704-705	,	
6-102	706-708	om	
6-103	709-715	verder	
6-104	716-722	quaadt	
6-105	723-727	voor	
6-106	728-730	te	
6-107	732-738	koomen	
6-108	738-739	.	

#Text=Dees raadt werdt in alle deelen gevolght.
7-1	740-744	Dees	
7-2	745-750	raadt	
7-3	751-756	werdt	
7-4	757-759	in	
7-5	760-764	alle	
7-6	765-771	deelen	
7-7	772-780	gevolght	
7-8	780-781	.	

#Text=Den Heer de Ruiter en anderen 
#Text=waaren van gevoelen, dat de gemelde ziekte, menschelyker wyze gesprooken, in 
#Text=de vloot was gebraght door 't bootsvolk, dat den verleeden winter, tot bescherming 
#Text=van de posten van Hollandt, aan den Uithoorn en elders was gebruikt, en aldaar 
#Text=veel ongemaks hadt geleeden.
8-1	782-785	Den	
8-2	786-790	Heer	
8-3	791-793	de	
8-4	794-800	Ruiter	
8-5	801-803	en	
8-6	804-811	anderen	
8-7	813-819	waaren	
8-8	820-823	van	
8-9	824-832	gevoelen	
8-10	832-833	,	
8-11	834-837	dat	
8-12	838-840	de	
8-13	841-848	gemelde	
8-14	849-855	ziekte	
8-15	855-856	,	
8-16	857-869	menschelyker	
8-17	870-874	wyze	
8-18	875-885	gesprooken	
8-19	885-886	,	
8-20	887-889	in	
8-21	891-893	de	
8-22	894-899	vloot	
8-23	900-903	was	
8-24	904-912	gebraght	
8-25	913-917	door	
8-26	918-919	'	
8-27	919-920	t	
8-28	921-930	bootsvolk	
8-29	930-931	,	
8-30	932-935	dat	
8-31	936-939	den	
8-32	940-949	verleeden	
8-33	950-956	winter	
8-34	956-957	,	
8-35	958-961	tot	
8-36	962-973	bescherming	
8-37	975-978	van	
8-38	979-981	de	
8-39	982-988	posten	
8-40	989-992	van	
8-41	993-1001	Hollandt	
8-42	1001-1002	,	
8-43	1003-1006	aan	
8-44	1007-1010	den	
8-45	1011-1019	Uithoorn	
8-46	1020-1022	en	
8-47	1023-1029	elders	
8-48	1030-1033	was	
8-49	1034-1042	gebruikt	
8-50	1042-1043	,	
8-51	1044-1046	en	
8-52	1047-1053	aldaar	
8-53	1055-1059	veel	
8-54	1060-1068	ongemaks	
8-55	1069-1073	hadt	
8-56	1074-1082	geleeden	
8-57	1082-1083	.	

#Text=Hy vondt zich nu in geen kleene bekommering, 
#Text=vreezende dat de ziekte, die daagelyks toenam, veel volks zou weghsleepen, of 
#Text=onbequaam +maaken om dienst te doen.
9-1	1084-1086	Hy	
9-2	1087-1092	vondt	
9-3	1093-1097	zich	
9-4	1098-1100	nu	
9-5	1101-1103	in	
9-6	1104-1108	geen	
9-7	1109-1115	kleene	
9-8	1116-1127	bekommering	
9-9	1127-1128	,	
9-10	1130-1139	vreezende	
9-11	1140-1143	dat	
9-12	1144-1146	de	
9-13	1147-1153	ziekte	
9-14	1153-1154	,	
9-15	1155-1158	die	
9-16	1159-1168	daagelyks	
9-17	1169-1175	toenam	
9-18	1175-1176	,	
9-19	1177-1181	veel	
9-20	1182-1187	volks	
9-21	1188-1191	zou	
9-22	1192-1203	weghsleepen	
9-23	1203-1204	,	
9-24	1205-1207	of	
9-25	1209-1218	onbequaam	
9-26	1219-1220	+	
9-27	1220-1226	maaken	
9-28	1227-1229	om	
9-29	1230-1236	dienst	
9-30	1237-1239	te	
9-31	1240-1244	doen	
9-32	1244-1245	.	

#Text=De vloot evenwel vervolgde haaren streek, 
#Text=zoo veel de tegenwindt en tusschenkoomende stilte toeliet, zulks dat ze eerst op
#Text=
#Text=
#Text=
#Text=
#Text=
#Text=
#Text=
#Text=
#Text=
#Text=
#Text=
#Text=
#Text=
#Text=
#Text=
#Text=
#Text=+
#Text=De Ruiter komt met 's
#Text=
#Text=
#Text=den vyfden d'Engelsche kust van verre in 't gezicht kreegen, en quam 's avondts 
#Text=daar onder ten anker, de hoek van de
#Text=
#Text=
#Text=Landts vloot op d'Engelsche kust.
10-1	1246-1248	De	
10-2	1249-1254	vloot	
10-3	1255-1262	evenwel	
10-4	1263-1272	vervolgde	
10-5	1273-1279	haaren	
10-6	1280-1286	streek	
10-7	1286-1287	,	
10-8	1289-1292	zoo	
10-9	1293-1297	veel	
10-10	1298-1300	de	
10-11	1301-1311	tegenwindt	
10-12	1312-1314	en	
10-13	1315-1331	tusschenkoomende	
10-14	1332-1338	stilte	
10-15	1339-1346	toeliet	
10-16	1346-1347	,	
10-17	1348-1353	zulks	
10-18	1354-1357	dat	
10-19	1358-1360	ze	
10-20	1361-1366	eerst	
10-21	1367-1369	op	
10-22	1386-1387	+	
10-23	1388-1390	De	
10-24	1391-1397	Ruiter	
10-25	1398-1402	komt	
10-26	1403-1406	met	
10-27	1407-1408	'	
10-28	1408-1409	s	
10-29	1412-1415	den	
10-30	1416-1422	vyfden	
10-31	1423-1434	d'Engelsche	
10-32	1435-1439	kust	
10-33	1440-1443	van	
10-34	1444-1449	verre	
10-35	1450-1452	in	
10-36	1453-1454	'	
10-37	1454-1455	t	
10-38	1456-1463	gezicht	
10-39	1464-1471	kreegen	
10-40	1471-1472	,	
10-41	1473-1475	en	
10-42	1476-1480	quam	
10-43	1481-1482	'	
10-44	1482-1483	s	
10-45	1484-1491	avondts	
10-46	1493-1497	daar	
10-47	1498-1503	onder	
10-48	1504-1507	ten	
10-49	1508-1513	anker	
10-50	1513-1514	,	
10-51	1515-1517	de	
10-52	1518-1522	hoek	
10-53	1523-1526	van	
10-54	1527-1529	de	
10-55	1532-1538	Landts	
10-56	1539-1544	vloot	
10-57	1545-1547	op	
10-58	1548-1559	d'Engelsche	
10-59	1560-1564	kust	
10-60	1564-1565	.	

#Text=+Maas Westnoordtwest ruim drie mylen van haar af.
11-1	1573-1574	+	
11-2	1574-1578	Maas	
11-3	1579-1593	Westnoordtwest	
11-4	1594-1598	ruim	
11-5	1599-1603	drie	
11-6	1604-1609	mylen	
11-7	1610-1613	van	
11-8	1614-1618	haar	
11-9	1619-1621	af	
11-10	1621-1622	.	

#Text=Vier of vyf scheepen, voor het 
#Text=Konings
#Text=Diep ten anker leggende, maakten, de Hollanders ziende, straks zeil,
#Text=en weeken inwaarts aan naar de reviere van Londen.
12-1	1623-1627	Vier	
12-2	1628-1630	of	
12-3	1631-1634	vyf	
12-4	1635-1643	scheepen	
12-5	1643-1644	,	
12-6	1645-1649	voor	
12-7	1650-1653	het	
12-8	1655-1662	Konings	
12-9	1663-1667	Diep	
12-10	1668-1671	ten	
12-11	1672-1677	anker	
12-12	1678-1686	leggende	
12-13	1686-1687	,	
12-14	1688-1695	maakten	
12-15	1695-1696	,	
12-16	1697-1699	de	
12-17	1700-1710	Hollanders	
12-18	1711-1717	ziende	
12-19	1717-1718	,	
12-20	1719-1725	straks	
12-21	1726-1730	zeil	
12-22	1730-1731	,	
12-23	1732-1734	en	
12-24	1735-1741	weeken	
12-25	1742-1750	inwaarts	
12-26	1751-1754	aan	
12-27	1755-1759	naar	
12-28	1760-1762	de	
12-29	1763-1770	reviere	
12-30	1771-1774	van	
12-31	1775-1781	Londen	
12-32	1781-1782	.	
