#FORMAT=WebAnno TSV 3.3


#Text=voorts
#Text=in gelijckformigheyt van dien, door de Apostelen Paulus en Iohannes in den Nieuwen Testamente geschiet is, etc. siet Apoc.
#Text=10.7.
1-1	2-8	voorts	
1-2	9-11	in	
1-3	12-29	gelijckformigheyt	
1-4	30-33	van	
1-5	34-38	dien	
1-6	38-39	,	
1-7	40-44	door	
1-8	45-47	de	
1-9	48-57	Apostelen	
1-10	58-64	Paulus	
1-11	65-67	en	
1-12	68-76	Iohannes	
1-13	77-79	in	
1-14	80-83	den	
1-15	84-91	Nieuwen	
1-16	92-102	Testamente	
1-17	103-111	geschiet	
1-18	112-114	is	
1-19	114-115	,	
1-20	116-119	etc	
1-21	119-120	.	
1-22	121-125	siet	
1-23	126-130	Apoc	
1-24	130-131	.	
1-25	132-136	10.7	
1-26	136-137	.	

#Text=Propheten Israëls, And. die in de dagen van die jaren gepropheteert hebben.
#Text=die in die dagen gepropheteert hebben, jaren
#Text=[langh,] dat ick u tegen Israël, mijn volck.
#Text=hen soude aenbrengen?
2-1	138-147	Propheten	
2-2	148-155	Israëls	
2-3	155-156	,	
2-4	157-160	And	
2-5	160-161	.	
2-6	162-165	die	
2-7	166-168	in	
2-8	169-171	de	
2-9	172-177	dagen	
2-10	178-181	van	
2-11	182-185	die	
2-12	186-191	jaren	
2-13	192-205	gepropheteert	
2-14	206-212	hebben	
2-15	212-213	.	
2-16	214-217	die	
2-17	218-220	in	
2-18	221-224	die	
2-19	225-230	dagen	
2-20	231-244	gepropheteert	
2-21	245-251	hebben	
2-22	251-252	,	
2-23	253-258	jaren	
2-24	259-260	[	
2-25	260-265	langh	
2-26	265-266	,	
2-27	266-267	]	
2-28	268-271	dat	
2-29	272-275	ick	
2-30	276-277	u	
2-31	278-283	tegen	
2-32	284-290	Israël	
2-33	290-291	,	
2-34	292-296	mijn	
2-35	297-302	volck	
2-36	302-303	.	
2-37	304-307	hen	
2-38	308-313	soude	
2-39	314-324	aenbrengen	
2-40	324-325	?	

#Text=18
#Text=
#Text=Maer het sal geschieden te dien dage, ten dage als Gog tegen het lant Israëls sal aenkomen, spreeckt de Heere HEERE; dat mijne grimmigheyt in mijne Ofte, aensicht, gelaet.
3-1	327-329	18	
3-2	331-335	Maer	
3-3	336-339	het	
3-4	340-343	sal	
3-5	344-354	geschieden	
3-6	355-357	te	
3-7	358-362	dien	
3-8	363-367	dage	
3-9	367-368	,	
3-10	369-372	ten	
3-11	373-377	dage	
3-12	378-381	als	
3-13	382-385	Gog	
3-14	386-391	tegen	
3-15	392-395	het	
3-16	396-400	lant	
3-17	401-408	Israëls	
3-18	409-412	sal	
3-19	413-421	aenkomen	
3-20	421-422	,	
3-21	423-431	spreeckt	
3-22	432-434	de	
3-23	435-440	Heere	
3-24	441-446	HEERE	
3-25	446-447	;	
3-26	448-451	dat	
3-27	452-457	mijne	
3-28	458-469	grimmigheyt	
3-29	470-472	in	
3-30	473-478	mijne	
3-31	479-483	Ofte	
3-32	483-484	,	
3-33	485-493	aensicht	
3-34	493-494	,	
3-35	495-501	gelaet	
3-36	501-502	.	

#Text=Menschelick van Godt gesproken om sijnen yver ende toorn uyt te drucken.
#Text=neuse sal opkomen.
#Text=
#Text=19
#Text=
#Text=
#Text=Want ick And.
#Text=ick sal spreken.
#Text=hebbe gesproken in mijnen Ezech.
#Text=36.5, 6.
4-1	503-514	Menschelick	
4-2	515-518	van	
4-3	519-523	Godt	
4-4	524-533	gesproken	
4-5	534-536	om	
4-6	537-543	sijnen	
4-7	544-548	yver	
4-8	549-553	ende	
4-9	554-559	toorn	
4-10	560-563	uyt	
4-11	564-566	te	
4-12	567-574	drucken	
4-13	574-575	.	
4-14	576-581	neuse	
4-15	582-585	sal	
4-16	586-593	opkomen	
4-17	593-594	.	
4-18	596-598	19	
4-19	601-605	Want	
4-20	606-609	ick	
4-21	610-613	And	
4-22	613-614	.	
4-23	615-618	ick	
4-24	619-622	sal	
4-25	623-630	spreken	
4-26	630-631	.	
4-27	632-637	hebbe	
4-28	638-647	gesproken	
4-29	648-650	in	
4-30	651-657	mijnen	
4-31	658-663	Ezech	
4-32	663-664	.	
4-33	665-669	36.5	
4-34	669-670	,	
4-35	671-672	6	
4-36	672-673	.	

#Text=Over ende voor mijn volck, ende tegen des selven vyanden.
#Text=yver, in het vyer mijner verbolgentheyt:
#Text=Een afgebroken reden, in ’t eedtsweeren gebruyckelick.
5-1	674-678	Over	
5-2	679-683	ende	
5-3	684-688	voor	
5-4	689-693	mijn	
5-5	694-699	volck	
5-6	699-700	,	
5-7	701-705	ende	
5-8	706-711	tegen	
5-9	712-715	des	
5-10	716-722	selven	
5-11	723-730	vyanden	
5-12	730-731	.	
5-13	732-736	yver	
5-14	736-737	,	
5-15	738-740	in	
5-16	741-744	het	
5-17	745-749	vyer	
5-18	750-756	mijner	
5-19	757-771	verbolgentheyt	
5-20	771-772	:	
5-21	773-776	Een	
5-22	777-787	afgebroken	
5-23	788-793	reden	
5-24	793-794	,	
5-25	795-797	in	
5-26	798-799	’	
5-27	799-800	t	
5-28	801-812	eedtsweeren	
5-29	813-826	gebruyckelick	
5-30	826-827	.	
