#FORMAT=WebAnno TSV 3.3
#T_SP=custom.Span|label
#T_RL=custom.Relation|label|BT_custom.Span


#Text=+
#Text=
#Text=Sie, hoe goet ende
#Text=lieflelijck is
#Text=het, dat
#Text=broeders selue samen
#Text=
#Text=woinen?
1-1	1-2	+	_	_	_	
1-2	4-7	Sie	_	_	_	
1-3	7-8	,	_	_	_	
1-4	9-12	hoe	_	_	_	
1-5	13-17	goet	_	_	_	
1-6	18-22	ende	_	_	_	
1-7	23-34	lieflelijck	_	_	_	
1-8	35-37	is	_	_	_	
1-9	38-41	het	_	_	_	
1-10	41-42	,	_	_	_	
1-11	43-46	dat	_	_	_	
1-12	47-55	broeders	_	_	_	
1-13	56-61	selue	_	_	_	
1-14	62-67	samen	_	_	_	
1-15	69-75	woinen	_	_	_	
1-16	75-76	?	_	_	_	

#Text=Philips van Marnix van Sint Aldegonde, Het boeck der Psalmen.
2-1	78-85	Philips	_	_	_	
2-2	86-89	van	_	_	_	
2-3	90-96	Marnix	_	_	_	
2-4	97-100	van	_	_	_	
2-5	101-105	Sint	_	_	_	
2-6	106-115	Aldegonde	_	_	_	
2-7	115-116	,	_	_	_	
2-8	117-120	Het	_	_	_	
2-9	121-126	boeck	_	_	_	
2-10	127-130	der	_	_	_	
2-11	131-138	Psalmen	_	_	_	
2-12	138-139	.	_	_	_	

#Text=Wt de Hebreische sprake in Nederduitschen dichte*
#Text=gherieflick,
#Text=
#Text=In eendracht tsamen sijn vergaert!
3-1	140-142	Wt	_	_	_	
3-2	143-145	de	_	_	_	
3-3	146-156	Hebreische	_	_	_	
3-4	157-163	sprake	_	_	_	
3-5	164-166	in	_	_	_	
3-6	167-181	Nederduitschen	_	_	_	
3-7	182-188	dichte	_	_	_	
3-8	188-189	*	_	_	_	
3-9	190-201	gherieflick	_	_	_	
3-10	201-202	,	_	_	_	
3-11	204-206	In	_	_	_	
3-12	207-216	eendracht	_	_	_	
3-13	217-223	tsamen	_	_	_	
3-14	224-228	sijn	_	_	_	
3-15	229-237	vergaert	_	_	_	
3-16	237-238	!	_	_	_	

#Text=Philips van Marnix van Sint Aldegonde, Het boeck der Psalmen.
4-1	240-247	Philips	_	_	_	
4-2	248-251	van	_	_	_	
4-3	252-258	Marnix	_	_	_	
4-4	259-262	van	_	_	_	
4-5	263-267	Sint	_	_	_	
4-6	268-277	Aldegonde	_	_	_	
4-7	277-278	,	_	_	_	
4-8	279-282	Het	_	_	_	
4-9	283-288	boeck	_	_	_	
4-10	289-292	der	_	_	_	
4-11	293-300	Psalmen	_	_	_	
4-12	300-301	.	_	_	_	

#Text=Wt de Hebreische sprake in Nederduitschen dichte2
#Text=+
#Text=
#Text=Tis
#Text=als een salf zeer costelijck end goet,
#Text=Wiens soeten reuck het hert verquicken doet,
#Text=Die vant hooft neerdaelt inden baert
5-1	302-304	Wt	_	_	_	
5-2	305-307	de	_	_	_	
5-3	308-318	Hebreische	_	_	_	
5-4	319-325	sprake	_	_	_	
5-5	326-328	in	_	_	_	
5-6	329-343	Nederduitschen	_	_	_	
5-7	344-351	dichte2	_	_	_	
5-8	352-353	+	_	_	_	
5-9	355-358	Tis	_	_	_	
5-10	359-362	als	_	_	_	
5-11	363-366	een	_	_	_	
5-12	367-371	salf	Smell\_Source	_	_	
5-13	372-376	zeer	_	_	_	
5-14	377-387	costelijck	_	_	_	
5-15	388-391	end	_	_	_	
5-16	392-396	goet	_	_	_	
5-17	396-397	,	_	_	_	
5-18	398-403	Wiens	_	_	_	
5-19	404-410	soeten	Quality	_	_	
5-20	411-416	reuck	Smell\_Word	*|*|*	5-19|5-12|5-21[1_0]	
5-21	417-420	het	Effect[1]	_	_	
5-22	421-425	hert	Effect[1]	_	_	
5-23	426-436	verquicken	Effect[1]	_	_	
5-24	437-441	doet	Effect[1]	_	_	
5-25	441-442	,	_	_	_	
5-26	443-446	Die	_	_	_	
5-27	447-451	vant	_	_	_	
5-28	452-457	hooft	_	_	_	
5-29	458-467	neerdaelt	_	_	_	
5-30	468-473	inden	_	_	_	
5-31	474-479	baert	_	_	_	

#Text=.
6-1	479-480	.	_	_	_	

#Text=+
#Text=
#Text=
#Text=[
#Text=Het is] als een
#Text=costelijcke salf ouer
#Text=het
#Text=hooft
#Text=, nederdalende ouer
#Text=
#Text=den baert, ouer
#Text=den baert
#Text=Aarons
#Text=[segge ick.
7-1	482-483	+	_	_	_	
7-2	486-487	[	_	_	_	
7-3	488-491	Het	_	_	_	
7-4	492-494	is	_	_	_	
7-5	494-495	]	_	_	_	
7-6	496-499	als	_	_	_	
7-7	500-503	een	_	_	_	
7-8	504-515	costelijcke	_	_	_	
7-9	516-520	salf	_	_	_	
7-10	521-525	ouer	_	_	_	
7-11	526-529	het	_	_	_	
7-12	530-535	hooft	_	_	_	
7-13	536-537	,	_	_	_	
7-14	538-550	nederdalende	_	_	_	
7-15	551-555	ouer	_	_	_	
7-16	557-560	den	_	_	_	
7-17	561-566	baert	_	_	_	
7-18	566-567	,	_	_	_	
7-19	568-572	ouer	_	_	_	
7-20	573-576	den	_	_	_	
7-21	577-582	baert	_	_	_	
7-22	583-589	Aarons	_	_	_	
7-23	590-591	[	_	_	_	
7-24	591-596	segge	_	_	_	
7-25	597-600	ick	_	_	_	
7-26	600-601	.	_	_	_	
