#FORMAT=WebAnno TSV 3.3


#Text=De omloop der levenszappen brengt dit Mengsel van vergift en Merkuur na het hoofd,
#Text=het welke opzwelt;
#Text=het Tandvlees, Tong, en Verhemelte zwellen en zweren, en de
#Text=kwyl-vaten zich openen doet;
#Text=deze toevallen, worden verzeld van ene overvloedige,
#Text=en tegens des Lyders wil voortgaande kwyl-vloejing, uit den mond, welke zo lang
#Text=duurt, tot dat al de vergiftige vocht, benevens de Kwik, uit het lighaam is.
#Text=(2.)
1-1	2-4	De	
1-2	5-11	omloop	
1-3	12-15	der	
1-4	16-28	levenszappen	
1-5	29-35	brengt	
1-6	36-39	dit	
1-7	40-47	Mengsel	
1-8	48-51	van	
1-9	52-59	vergift	
1-10	60-62	en	
1-11	63-70	Merkuur	
1-12	71-73	na	
1-13	74-77	het	
1-14	78-83	hoofd	
1-15	83-84	,	
1-16	85-88	het	
1-17	89-94	welke	
1-18	95-102	opzwelt	
1-19	102-103	;	
1-20	104-107	het	
1-21	108-117	Tandvlees	
1-22	117-118	,	
1-23	119-123	Tong	
1-24	123-124	,	
1-25	125-127	en	
1-26	128-138	Verhemelte	
1-27	139-146	zwellen	
1-28	147-149	en	
1-29	150-156	zweren	
1-30	156-157	,	
1-31	158-160	en	
1-32	161-163	de	
1-33	164-174	kwyl-vaten	
1-34	175-179	zich	
1-35	180-186	openen	
1-36	187-191	doet	
1-37	191-192	;	
1-38	193-197	deze	
1-39	198-207	toevallen	
1-40	207-208	,	
1-41	209-215	worden	
1-42	216-223	verzeld	
1-43	224-227	van	
1-44	228-231	ene	
1-45	232-244	overvloedige	
1-46	244-245	,	
1-47	246-248	en	
1-48	249-255	tegens	
1-49	256-259	des	
1-50	260-266	Lyders	
1-51	267-270	wil	
1-52	271-282	voortgaande	
1-53	283-296	kwyl-vloejing	
1-54	296-297	,	
1-55	298-301	uit	
1-56	302-305	den	
1-57	306-310	mond	
1-58	310-311	,	
1-59	312-317	welke	
1-60	318-320	zo	
1-61	321-325	lang	
1-62	326-331	duurt	
1-63	331-332	,	
1-64	333-336	tot	
1-65	337-340	dat	
1-66	341-343	al	
1-67	344-346	de	
1-68	347-357	vergiftige	
1-69	358-363	vocht	
1-70	363-364	,	
1-71	365-373	benevens	
1-72	374-376	de	
1-73	377-381	Kwik	
1-74	381-382	,	
1-75	383-386	uit	
1-76	387-390	het	
1-77	391-398	lighaam	
1-78	399-401	is	
1-79	401-402	.	
1-80	403-404	(	
1-81	404-405	2	
1-82	405-406	.	
1-83	406-407	)	

#Text=De
#Text=Kwik dood de Vlojen, Luizen, en ander ongedierte van ’t lighaam.
#Text=(3.)
2-1	408-410	De	
2-2	411-415	Kwik	
2-3	416-420	dood	
2-4	421-423	de	
2-5	424-430	Vlojen	
2-6	430-431	,	
2-7	432-438	Luizen	
2-8	438-439	,	
2-9	440-442	en	
2-10	443-448	ander	
2-11	449-459	ongedierte	
2-12	460-463	van	
2-13	464-465	’	
2-14	465-466	t	
2-15	467-474	lighaam	
2-16	474-475	.	
2-17	476-477	(	
2-18	477-478	3	
2-19	478-479	.	
2-20	479-480	)	

#Text=Men geeft
#Text=het water, daar rauwe levende Kwik in afgekookt is, in, om de Pieren in de
#Text=ingewanden te doden:
#Text=En hoewel het water, hoe lang men de Kwik daar ook in laat
#Text=koken, maar een heel kleinen indruk, of kracht van de Kwik ontfangt, zo is het
#Text=evenwel van ene goede uitwerking.
3-1	481-484	Men	
3-2	485-490	geeft	
3-3	491-494	het	
3-4	495-500	water	
3-5	500-501	,	
3-6	502-506	daar	
3-7	507-512	rauwe	
3-8	513-520	levende	
3-9	521-525	Kwik	
3-10	526-528	in	
3-11	529-538	afgekookt	
3-12	539-541	is	
3-13	541-542	,	
3-14	543-545	in	
3-15	545-546	,	
3-16	547-549	om	
3-17	550-552	de	
3-18	553-559	Pieren	
3-19	560-562	in	
3-20	563-565	de	
3-21	566-576	ingewanden	
3-22	577-579	te	
3-23	580-585	doden	
3-24	585-586	:	
3-25	587-589	En	
3-26	590-596	hoewel	
3-27	597-600	het	
3-28	601-606	water	
3-29	606-607	,	
3-30	608-611	hoe	
3-31	612-616	lang	
3-32	617-620	men	
3-33	621-623	de	
3-34	624-628	Kwik	
3-35	629-633	daar	
3-36	634-637	ook	
3-37	638-640	in	
3-38	641-645	laat	
3-39	646-651	koken	
3-40	651-652	,	
3-41	653-657	maar	
3-42	658-661	een	
3-43	662-666	heel	
3-44	667-674	kleinen	
3-45	675-681	indruk	
3-46	681-682	,	
3-47	683-685	of	
3-48	686-692	kracht	
3-49	693-696	van	
3-50	697-699	de	
3-51	700-704	Kwik	
3-52	705-713	ontfangt	
3-53	713-714	,	
3-54	715-717	zo	
3-55	718-720	is	
3-56	721-724	het	
3-57	725-732	evenwel	
3-58	733-736	van	
3-59	737-740	ene	
3-60	741-746	goede	
3-61	747-757	uitwerking	
3-62	757-758	.	

#Text=Het Vat, of de Pot waar in men dit water met de
#Text=Kwik laat koken, moet men van Aarde, of Glas, en immers niet van Metaal nemen
4-1	759-762	Het	
4-2	763-766	Vat	
4-3	766-767	,	
4-4	768-770	of	
4-5	771-773	de	
4-6	774-777	Pot	
4-7	778-782	waar	
4-8	783-785	in	
4-9	786-789	men	
4-10	790-793	dit	
4-11	794-799	water	
4-12	800-803	met	
4-13	804-806	de	
4-14	807-811	Kwik	
4-15	812-816	laat	
4-16	817-822	koken	
4-17	822-823	,	
4-18	824-828	moet	
4-19	829-832	men	
4-20	833-836	van	
4-21	837-842	Aarde	
4-22	842-843	,	
4-23	844-846	of	
4-24	847-851	Glas	
4-25	851-852	,	
4-26	853-855	en	
4-27	856-862	immers	
4-28	863-867	niet	
4-29	868-871	van	
4-30	872-878	Metaal	
4-31	879-884	nemen	

#Text=.
5-1	884-885	.	

#Text=(4.)
6-1	887-888	(	
6-2	888-889	4	
6-3	889-890	.	
6-4	890-891	)	

#Text=Men vult ook enige
#Text=
#Text=M.
7-1	892-895	Men	
7-2	896-900	vult	
7-3	901-904	ook	
7-4	905-910	enige	
7-5	912-913	M	
7-6	913-914	.	

#Text=Noel Chomel, Huishoudelyk woordboek
#Text=
#Text=\f470
#Text=kleine Pypjes van Riet, of Glas, met Kwik, en hangt ze den Kinderen om den hals
#Text=voor de kwade lucht.
8-1	915-919	Noel	
8-2	920-926	Chomel	
8-3	926-927	,	
8-4	928-940	Huishoudelyk	
8-5	941-950	woordboek	
8-6	953-956	470	
8-7	957-963	kleine	
8-8	964-970	Pypjes	
8-9	971-974	van	
8-10	975-979	Riet	
8-11	979-980	,	
8-12	981-983	of	
8-13	984-988	Glas	
8-14	988-989	,	
8-15	990-993	met	
8-16	994-998	Kwik	
8-17	998-999	,	
8-18	1000-1002	en	
8-19	1003-1008	hangt	
8-20	1009-1011	ze	
8-21	1012-1015	den	
8-22	1016-1024	Kinderen	
8-23	1025-1027	om	
8-24	1028-1031	den	
8-25	1032-1036	hals	
8-26	1037-1041	voor	
8-27	1042-1044	de	
8-28	1045-1050	kwade	
8-29	1051-1056	lucht	
8-30	1056-1057	.	

#Text=(Dit mag in Vrankryk geschieden, ik zoude juist niet raden van
#Text=het na te volgen.) (5.)
9-1	1058-1059	(	
9-2	1059-1062	Dit	
9-3	1063-1066	mag	
9-4	1067-1069	in	
9-5	1070-1078	Vrankryk	
9-6	1079-1089	geschieden	
9-7	1089-1090	,	
9-8	1091-1093	ik	
9-9	1094-1099	zoude	
9-10	1100-1105	juist	
9-11	1106-1110	niet	
9-12	1111-1116	raden	
9-13	1117-1120	van	
9-14	1121-1124	het	
9-15	1125-1127	na	
9-16	1128-1130	te	
9-17	1131-1137	volgen	
9-18	1137-1138	.	
9-19	1138-1139	)	
9-20	1140-1141	(	
9-21	1141-1142	5	
9-22	1142-1143	.	
9-23	1143-1144	)	

#Text=De Kwik is, gelyk te voren gezegd is, mede goed voor ’t lopende
#Text=Zeer, voor Schurftheid en Venus-kwalen.
#Text=(6.)
10-1	1145-1147	De	
10-2	1148-1152	Kwik	
10-3	1153-1155	is	
10-4	1155-1156	,	
10-5	1157-1162	gelyk	
10-6	1163-1165	te	
10-7	1166-1171	voren	
10-8	1172-1178	gezegd	
10-9	1179-1181	is	
10-10	1181-1182	,	
10-11	1183-1187	mede	
10-12	1188-1192	goed	
10-13	1193-1197	voor	
10-14	1198-1199	’	
10-15	1199-1200	t	
10-16	1201-1208	lopende	
10-17	1209-1213	Zeer	
10-18	1213-1214	,	
10-19	1215-1219	voor	
10-20	1220-1231	Schurftheid	
10-21	1232-1234	en	
10-22	1235-1247	Venus-kwalen	
10-23	1247-1248	.	
10-24	1249-1250	(	
10-25	1250-1251	6	
10-26	1251-1252	.	
10-27	1252-1253	)	

#Text=Het zy men ze in, of uitwendig gebruikt,
#Text=zy doet allerhande Gezwellen, en Verstoppingen verdwynen.
#Text=(7.)
11-1	1254-1257	Het	
11-2	1258-1260	zy	
11-3	1261-1264	men	
11-4	1265-1267	ze	
11-5	1268-1270	in	
11-6	1270-1271	,	
11-7	1272-1274	of	
11-8	1275-1284	uitwendig	
11-9	1285-1293	gebruikt	
11-10	1293-1294	,	
11-11	1295-1297	zy	
11-12	1298-1302	doet	
11-13	1303-1313	allerhande	
11-14	1314-1323	Gezwellen	
11-15	1323-1324	,	
11-16	1325-1327	en	
11-17	1328-1341	Verstoppingen	
11-18	1342-1351	verdwynen	
11-19	1351-1352	.	
11-20	1353-1354	(	
11-21	1354-1355	7	
11-22	1355-1356	.	
11-23	1356-1357	)	

#Text=Zy wordt gebezigt
#Text=in verscheide Zalven en Pleisters.
#Text=(8.)
12-1	1358-1360	Zy	
12-2	1361-1366	wordt	
12-3	1367-1375	gebezigt	
12-4	1376-1378	in	
12-5	1379-1389	verscheide	
12-6	1390-1396	Zalven	
12-7	1397-1399	en	
12-8	1400-1409	Pleisters	
12-9	1409-1410	.	
12-10	1411-1412	(	
12-11	1412-1413	8	
12-12	1413-1414	.	
12-13	1414-1415	)	

#Text=Eindelyk geeft men ze ook in, in het Miserere,
#Text=of de Darmkronkeling, nemende een heel pond rauwe Kwik, dat men t’effens laat
#Text=doorslikken; want door zyne zwaarte rekt het de Darmen uit, welke in deze Ziekte
#Text=verdraaid, of in malkander geplooid zyn; het gaat door den Stoelgank af, zo als het
#Text=ingenomen is, zonder verandering.
#Text=(9.)
13-1	1416-1424	Eindelyk	
13-2	1425-1430	geeft	
13-3	1431-1434	men	
13-4	1435-1437	ze	
13-5	1438-1441	ook	
13-6	1442-1444	in	
13-7	1444-1445	,	
13-8	1446-1448	in	
13-9	1449-1452	het	
13-10	1453-1461	Miserere	
13-11	1461-1462	,	
13-12	1463-1465	of	
13-13	1466-1468	de	
13-14	1469-1483	Darmkronkeling	
13-15	1483-1484	,	
13-16	1485-1492	nemende	
13-17	1493-1496	een	
13-18	1497-1501	heel	
13-19	1502-1506	pond	
13-20	1507-1512	rauwe	
13-21	1513-1517	Kwik	
13-22	1517-1518	,	
13-23	1519-1522	dat	
13-24	1523-1526	men	
13-25	1527-1528	t	
13-26	1528-1529	’	
13-27	1529-1535	effens	
13-28	1536-1540	laat	
13-29	1541-1552	doorslikken	
13-30	1552-1553	;	
13-31	1554-1558	want	
13-32	1559-1563	door	
13-33	1564-1568	zyne	
13-34	1569-1576	zwaarte	
13-35	1577-1581	rekt	
13-36	1582-1585	het	
13-37	1586-1588	de	
13-38	1589-1595	Darmen	
13-39	1596-1599	uit	
13-40	1599-1600	,	
13-41	1601-1606	welke	
13-42	1607-1609	in	
13-43	1610-1614	deze	
13-44	1615-1621	Ziekte	
13-45	1622-1631	verdraaid	
13-46	1631-1632	,	
13-47	1633-1635	of	
13-48	1636-1638	in	
13-49	1639-1648	malkander	
13-50	1649-1657	geplooid	
13-51	1658-1661	zyn	
13-52	1661-1662	;	
13-53	1663-1666	het	
13-54	1667-1671	gaat	
13-55	1672-1676	door	
13-56	1677-1680	den	
13-57	1681-1690	Stoelgank	
13-58	1691-1693	af	
13-59	1693-1694	,	
13-60	1695-1697	zo	
13-61	1698-1701	als	
13-62	1702-1705	het	
13-63	1706-1715	ingenomen	
13-64	1716-1718	is	
13-65	1718-1719	,	
13-66	1720-1726	zonder	
13-67	1727-1738	verandering	
13-68	1738-1739	.	
13-69	1740-1741	(	
13-70	1741-1742	9	
13-71	1742-1743	.	
13-72	1743-1744	)	
