#FORMAT=WebAnno TSV 3.3
#T_SP=custom.Span|label
#T_RL=custom.Relation|label|BT_custom.Span


#Text=4.
1-1	3-4	4	_	_	_	
1-2	4-5	.	_	_	_	

#Text=Hyacynthus Tuberoſus.
2-1	6-16	Hyacynthus	_	_	_	
2-2	17-26	Tuberoſus	_	_	_	
2-3	26-27	.	_	_	_	

#Text=Wird auch der Jndianiſche Aſphodelus genandt/
#Text=
#Text=treibt aus dem Gipffel ihres Stengels eine Aehren
#Text=mit vielen Blumen/
#Text=welche nicht alle zugleich/ ſon-
#Text=dern nach Art der ſonſt ſchoͤnſten und rareſten Sa-
#Text=chen/
#Text=ſo ſich ſelten ſehen laſſen/ eroͤffnen ſich ſolcher
#Text=Blumen auff einmahl nicht uͤber vier oder ſechs/ und
#Text=dieſe vergleichen ſich an der Weiſſe und an der Ge-
#Text=ſtalt den weiſſen Orientaliſchen Hyacinthen/ und ſind
#Text=deren Spitzlein uͤber das noch ein wenig umgebogen/
#Text=
#Text=an der Groͤſſe aber uͤbertreffen ſie ſolche doppelt/ und
#Text=wiewohl in dem Bluͤhen/ indeme ſich die folgenden
#Text=eroͤffnen/ die erſten weich werden/
#Text=ſo ſind ſie doch
#Text=
#Text=gleichwohl ſo wehrhafftig/
#Text=daß ſie nicht allein den gan-
#Text=tzen Sommer/ ſondern auch den Herbſt durch/ die
#Text=Zierde ihrer annehmlichen Schoͤnheit herfuͤr
#Text=bringen.
3-1	29-33	Wird	_	_	_	
3-2	34-38	auch	_	_	_	
3-3	39-42	der	_	_	_	
3-4	43-54	Jndianiſche	_	_	_	
3-5	55-65	Aſphodelus	_	_	_	
3-6	66-73	genandt	_	_	_	
3-7	73-74	/	_	_	_	
3-8	76-82	treibt	_	_	_	
3-9	83-86	aus	_	_	_	
3-10	87-90	dem	_	_	_	
3-11	91-98	Gipffel	_	_	_	
3-12	99-104	ihres	_	_	_	
3-13	105-113	Stengels	_	_	_	
3-14	114-118	eine	_	_	_	
3-15	119-125	Aehren	_	_	_	
3-16	126-129	mit	_	_	_	
3-17	130-136	vielen	_	_	_	
3-18	137-143	Blumen	_	_	_	
3-19	143-144	/	_	_	_	
3-20	145-151	welche	_	_	_	
3-21	152-157	nicht	_	_	_	
3-22	158-162	alle	_	_	_	
3-23	163-171	zugleich	_	_	_	
3-24	171-172	/	_	_	_	
3-25	173-176	ſon	_	_	_	
3-26	176-177	-	_	_	_	
3-27	178-182	dern	_	_	_	
3-28	183-187	nach	_	_	_	
3-29	188-191	Art	_	_	_	
3-30	192-195	der	_	_	_	
3-31	196-201	ſonſt	_	_	_	
3-32	202-212	ſchoͤnſten	_	_	_	
3-33	213-216	und	_	_	_	
3-34	217-225	rareſten	_	_	_	
3-35	226-228	Sa	_	_	_	
3-36	228-229	-	_	_	_	
3-37	230-234	chen	_	_	_	
3-38	234-235	/	_	_	_	
3-39	236-238	ſo	_	_	_	
3-40	239-243	ſich	_	_	_	
3-41	244-250	ſelten	_	_	_	
3-42	251-256	ſehen	_	_	_	
3-43	257-263	laſſen	_	_	_	
3-44	263-264	/	_	_	_	
3-45	265-274	eroͤffnen	_	_	_	
3-46	275-279	ſich	_	_	_	
3-47	280-287	ſolcher	_	_	_	
3-48	288-294	Blumen	_	_	_	
3-49	295-299	auff	_	_	_	
3-50	300-307	einmahl	_	_	_	
3-51	308-313	nicht	_	_	_	
3-52	314-319	uͤber	_	_	_	
3-53	320-324	vier	_	_	_	
3-54	325-329	oder	_	_	_	
3-55	330-335	ſechs	_	_	_	
3-56	335-336	/	_	_	_	
3-57	337-340	und	_	_	_	
3-58	341-346	dieſe	_	_	_	
3-59	347-358	vergleichen	_	_	_	
3-60	359-363	ſich	_	_	_	
3-61	364-366	an	_	_	_	
3-62	367-370	der	_	_	_	
3-63	371-377	Weiſſe	_	_	_	
3-64	378-381	und	_	_	_	
3-65	382-384	an	_	_	_	
3-66	385-388	der	_	_	_	
3-67	389-391	Ge	_	_	_	
3-68	391-392	-	_	_	_	
3-69	393-398	ſtalt	_	_	_	
3-70	399-402	den	_	_	_	
3-71	403-410	weiſſen	_	_	_	
3-72	411-425	Orientaliſchen	_	_	_	
3-73	426-436	Hyacinthen	_	_	_	
3-74	436-437	/	_	_	_	
3-75	438-441	und	_	_	_	
3-76	442-446	ſind	_	_	_	
3-77	447-452	deren	_	_	_	
3-78	453-462	Spitzlein	_	_	_	
3-79	463-468	uͤber	_	_	_	
3-80	469-472	das	_	_	_	
3-81	473-477	noch	_	_	_	
3-82	478-481	ein	_	_	_	
3-83	482-487	wenig	_	_	_	
3-84	488-497	umgebogen	_	_	_	
3-85	497-498	/	_	_	_	
3-86	500-502	an	_	_	_	
3-87	503-506	der	_	_	_	
3-88	507-514	Groͤſſe	_	_	_	
3-89	515-519	aber	_	_	_	
3-90	520-532	uͤbertreffen	_	_	_	
3-91	533-536	ſie	_	_	_	
3-92	537-543	ſolche	_	_	_	
3-93	544-551	doppelt	_	_	_	
3-94	551-552	/	_	_	_	
3-95	553-556	und	_	_	_	
3-96	557-564	wiewohl	_	_	_	
3-97	565-567	in	_	_	_	
3-98	568-571	dem	_	_	_	
3-99	572-579	Bluͤhen	_	_	_	
3-100	579-580	/	_	_	_	
3-101	581-587	indeme	_	_	_	
3-102	588-592	ſich	_	_	_	
3-103	593-596	die	_	_	_	
3-104	597-606	folgenden	_	_	_	
3-105	607-616	eroͤffnen	_	_	_	
3-106	616-617	/	_	_	_	
3-107	618-621	die	_	_	_	
3-108	622-628	erſten	_	_	_	
3-109	629-634	weich	_	_	_	
3-110	635-641	werden	_	_	_	
3-111	641-642	/	_	_	_	
3-112	643-645	ſo	_	_	_	
3-113	646-650	ſind	_	_	_	
3-114	651-654	ſie	_	_	_	
3-115	655-659	doch	_	_	_	
3-116	661-671	gleichwohl	_	_	_	
3-117	672-674	ſo	_	_	_	
3-118	675-686	wehrhafftig	_	_	_	
3-119	686-687	/	_	_	_	
3-120	688-691	daß	_	_	_	
3-121	692-695	ſie	_	_	_	
3-122	696-701	nicht	_	_	_	
3-123	702-708	allein	_	_	_	
3-124	709-712	den	_	_	_	
3-125	713-716	gan	_	_	_	
3-126	716-717	-	_	_	_	
3-127	718-722	tzen	_	_	_	
3-128	723-729	Sommer	_	_	_	
3-129	729-730	/	_	_	_	
3-130	731-738	ſondern	_	_	_	
3-131	739-743	auch	_	_	_	
3-132	744-747	den	_	_	_	
3-133	748-754	Herbſt	_	_	_	
3-134	755-760	durch	_	_	_	
3-135	760-761	/	_	_	_	
3-136	762-765	die	_	_	_	
3-137	766-772	Zierde	_	_	_	
3-138	773-778	ihrer	_	_	_	
3-139	779-791	annehmlichen	_	_	_	
3-140	792-802	Schoͤnheit	_	_	_	
3-141	803-810	herfuͤr	_	_	_	
3-142	811-818	bringen	_	_	_	
3-143	818-819	.	_	_	_	

#Text=Wenn man ſolche Blumen mit dem Geſchirr in
#Text=ein Zimmer traͤgt/ Fenſter und Thuͤren zumachet/ ge-
#Text=ben ſie
#Text=ſo einen lieblichen Geruch von ſich/ daß das
#Text=gantze Zimmer lange Zeit davon wohl riechet.
4-1	822-826	Wenn	_	_	_	
4-2	827-830	man	_	_	_	
4-3	831-837	ſolche	_	_	_	
4-4	838-844	Blumen	Smell\_Source	*|*	4-8[1_0]|4-21	
4-5	845-848	mit	_	_	_	
4-6	849-852	dem	_	_	_	
4-7	853-861	Geſchirr	_	_	_	
4-8	862-864	in	Location[1]	_	_	
4-9	865-868	ein	Location[1]	_	_	
4-10	869-875	Zimmer	Location[1]	_	_	
4-11	876-882	traͤgt	_	_	_	
4-12	882-883	/	_	_	_	
4-13	884-891	Fenſter	_	_	_	
4-14	892-895	und	_	_	_	
4-15	896-903	Thuͤren	_	_	_	
4-16	904-912	zumachet	_	_	_	
4-17	912-913	/	_	_	_	
4-18	914-916	ge	_	_	_	
4-19	916-917	-	_	_	_	
4-20	918-921	ben	_	_	_	
4-21	922-925	ſie	Smell\_Source	*	4-25	
4-22	926-928	ſo	_	_	_	
4-23	929-934	einen	_	_	_	
4-24	935-945	lieblichen	Quality	_	_	
4-25	946-952	Geruch	Smell\_Word	*	4-24	
4-26	953-956	von	_	_	_	
4-27	957-961	ſich	_	_	_	
4-28	961-962	/	_	_	_	
4-29	963-966	daß	_	_	_	
4-30	967-970	das	Location[2]	*	4-37[0_2]	
4-31	971-977	gantze	Location[2]	_	_	
4-32	978-984	Zimmer	Location[2]	_	_	
4-33	985-990	lange	_	_	_	
4-34	991-995	Zeit	_	_	_	
4-35	996-1001	davon	_	_	_	
4-36	1002-1006	wohl	Quality	_	_	
4-37	1007-1014	riechet	Smell\_Word	*	4-36	
4-38	1014-1015	.	_	_	_	

#Text=Die
#Text=erſt zu uns uͤbergebracht werden/ bluͤhen ungleich
#Text=
#Text=beſſer/ als die/ ſo ſchon eine Zeitlang im Lande ge-
#Text=weſen.
5-1	1016-1019	Die	_	_	_	
5-2	1020-1024	erſt	_	_	_	
5-3	1025-1027	zu	_	_	_	
5-4	1028-1031	uns	_	_	_	
5-5	1032-1045	uͤbergebracht	_	_	_	
5-6	1046-1052	werden	_	_	_	
5-7	1052-1053	/	_	_	_	
5-8	1054-1061	bluͤhen	_	_	_	
5-9	1062-1070	ungleich	_	_	_	
5-10	1072-1078	beſſer	_	_	_	
5-11	1078-1079	/	_	_	_	
5-12	1080-1083	als	_	_	_	
5-13	1084-1087	die	_	_	_	
5-14	1087-1088	/	_	_	_	
5-15	1089-1091	ſo	_	_	_	
5-16	1092-1097	ſchon	_	_	_	
5-17	1098-1102	eine	_	_	_	
5-18	1103-1111	Zeitlang	_	_	_	
5-19	1112-1114	im	_	_	_	
5-20	1115-1120	Lande	_	_	_	
5-21	1121-1123	ge	_	_	_	
5-22	1123-1124	-	_	_	_	
5-23	1125-1130	weſen	_	_	_	
5-24	1130-1131	.	_	_	_	

#Text=Es findet ſich auch eine knorrichte Hyacynthe ro-
#Text=ther Farbe/
#Text=ſo aber gar ſehr rahr.
6-1	1135-1137	Es	_	_	_	
6-2	1138-1144	findet	_	_	_	
6-3	1145-1149	ſich	_	_	_	
6-4	1150-1154	auch	_	_	_	
6-5	1155-1159	eine	_	_	_	
6-6	1160-1170	knorrichte	_	_	_	
6-7	1171-1180	Hyacynthe	_	_	_	
6-8	1181-1183	ro	_	_	_	
6-9	1183-1184	-	_	_	_	
6-10	1185-1189	ther	_	_	_	
6-11	1190-1195	Farbe	_	_	_	
6-12	1195-1196	/	_	_	_	
6-13	1197-1199	ſo	_	_	_	
6-14	1200-1204	aber	_	_	_	
6-15	1205-1208	gar	_	_	_	
6-16	1209-1213	ſehr	_	_	_	
6-17	1214-1218	rahr	_	_	_	
6-18	1218-1219	.	_	_	_	

#Text=Die erſt erwehnte
#Text=will einen meiſt ſonnichten Ort haben/ in gute zähe
#Text=fette Erde gepflantzt ſeyn/ und muß in ein Geſchirr
#Text=
#Text=drey oder vier Finger tieff geſetzt werden.
7-1	1220-1223	Die	_	_	_	
7-2	1224-1228	erſt	_	_	_	
7-3	1229-1237	erwehnte	_	_	_	
7-4	1238-1242	will	_	_	_	
7-5	1243-1248	einen	_	_	_	
7-6	1249-1254	meiſt	_	_	_	
7-7	1255-1265	ſonnichten	_	_	_	
7-8	1266-1269	Ort	_	_	_	
7-9	1270-1275	haben	_	_	_	
7-10	1275-1276	/	_	_	_	
7-11	1277-1279	in	_	_	_	
7-12	1280-1284	gute	_	_	_	
7-13	1285-1289	zähe	_	_	_	
7-14	1290-1295	fette	_	_	_	
7-15	1296-1300	Erde	_	_	_	
7-16	1301-1311	gepflantzt	_	_	_	
7-17	1312-1316	ſeyn	_	_	_	
7-18	1316-1317	/	_	_	_	
7-19	1318-1321	und	_	_	_	
7-20	1322-1325	muß	_	_	_	
7-21	1326-1328	in	_	_	_	
7-22	1329-1332	ein	_	_	_	
7-23	1333-1341	Geſchirr	_	_	_	
7-24	1343-1347	drey	_	_	_	
7-25	1348-1352	oder	_	_	_	
7-26	1353-1357	vier	_	_	_	
7-27	1358-1364	Finger	_	_	_	
7-28	1365-1370	tieff	_	_	_	
7-29	1371-1378	geſetzt	_	_	_	
7-30	1379-1385	werden	_	_	_	
7-31	1385-1386	.	_	_	_	

#Text=Jm
8-1	1390-1392	Jm	_	_	_	
