#FORMAT=WebAnno TSV 3.3


#Text=Um dieſe feinen Partikel zu ſammeln, wird Queckſilber hinzu-
#Text=geſetzt, welches mit denſelben ein Silberamalgam bildet, und aus dieſem das
#Text=Queckſilber in einem ſog.
1-1	2-4	Um	
1-2	5-10	dieſe	
1-3	11-17	feinen	
1-4	18-26	Partikel	
1-5	27-29	zu	
1-6	30-37	ſammeln	
1-7	37-38	,	
1-8	39-43	wird	
1-9	44-55	Queckſilber	
1-10	56-61	hinzu	
1-11	61-62	-	
1-12	63-70	geſetzt	
1-13	70-71	,	
1-14	72-79	welches	
1-15	80-83	mit	
1-16	84-93	denſelben	
1-17	94-97	ein	
1-18	98-111	Silberamalgam	
1-19	112-118	bildet	
1-20	118-119	,	
1-21	120-123	und	
1-22	124-127	aus	
1-23	128-134	dieſem	
1-24	135-138	das	
1-25	139-150	Queckſilber	
1-26	151-153	in	
1-27	154-159	einem	
1-28	160-163	ſog	
1-29	163-164	.	

#Text=Tellerofen geſchieden.
2-1	165-175	Tellerofen	
2-2	176-186	geſchieden	
2-3	186-187	.	

#Text=Dieſen Tellerofen, auch
#Text=Glockenofen genannt, den Fig.
#Text=371 zeigt, haben wir bereits bei Gewinnung
#Text=
#Text=des Queckſilbers kennen gelernt und dort erfahren, daß die Queckſilber-
#Text=Verbindung — in dieſem Falle das Silberamalgam — auf die Teller
#Text=b b gebracht wird, wodurch das die Glocke umgebende Feuer das
#Text=Queckſilber verdampft, und ſich kondenſiert in dem Waſſer a des Kaſtens
#Text=
#Text=d ſammelt, während das zurückbleibende Silber, jetzt „Tellerſilber“ ge-
#Text=nannt, von den Tellern b b nach Abkühlung und Herausheben der
#Text=Glocke aus dem Ofen e abgenommen wird.
3-1	188-194	Dieſen	
3-2	195-205	Tellerofen	
3-3	205-206	,	
3-4	207-211	auch	
3-5	212-223	Glockenofen	
3-6	224-231	genannt	
3-7	231-232	,	
3-8	233-236	den	
3-9	237-240	Fig	
3-10	240-241	.	
3-11	242-245	371	
3-12	246-251	zeigt	
3-13	251-252	,	
3-14	253-258	haben	
3-15	259-262	wir	
3-16	263-270	bereits	
3-17	271-274	bei	
3-18	275-284	Gewinnung	
3-19	286-289	des	
3-20	290-302	Queckſilbers	
3-21	303-309	kennen	
3-22	310-317	gelernt	
3-23	318-321	und	
3-24	322-326	dort	
3-25	327-335	erfahren	
3-26	335-336	,	
3-27	337-340	daß	
3-28	341-344	die	
3-29	345-356	Queckſilber	
3-30	356-357	-	
3-31	358-368	Verbindung	
3-32	369-370	—	
3-33	371-373	in	
3-34	374-380	dieſem	
3-35	381-386	Falle	
3-36	387-390	das	
3-37	391-404	Silberamalgam	
3-38	405-406	—	
3-39	407-410	auf	
3-40	411-414	die	
3-41	415-421	Teller	
3-42	422-423	b	
3-43	424-425	b	
3-44	426-434	gebracht	
3-45	435-439	wird	
3-46	439-440	,	
3-47	441-448	wodurch	
3-48	449-452	das	
3-49	453-456	die	
3-50	457-463	Glocke	
3-51	464-473	umgebende	
3-52	474-479	Feuer	
3-53	480-483	das	
3-54	484-495	Queckſilber	
3-55	496-505	verdampft	
3-56	505-506	,	
3-57	507-510	und	
3-58	511-515	ſich	
3-59	516-527	kondenſiert	
3-60	528-530	in	
3-61	531-534	dem	
3-62	535-541	Waſſer	
3-63	542-543	a	
3-64	544-547	des	
3-65	548-555	Kaſtens	
3-66	557-558	d	
3-67	559-566	ſammelt	
3-68	566-567	,	
3-69	568-575	während	
3-70	576-579	das	
3-71	580-595	zurückbleibende	
3-72	596-602	Silber	
3-73	602-603	,	
3-74	604-609	jetzt	
3-75	610-611	„	
3-76	611-623	Tellerſilber	
3-77	623-624	“	
3-78	625-627	ge	
3-79	627-628	-	
3-80	629-634	nannt	
3-81	634-635	,	
3-82	636-639	von	
3-83	640-643	den	
3-84	644-651	Tellern	
3-85	652-653	b	
3-86	654-655	b	
3-87	656-660	nach	
3-88	661-670	Abkühlung	
3-89	671-674	und	
3-90	675-686	Herausheben	
3-91	687-690	der	
3-92	691-697	Glocke	
3-93	698-701	aus	
3-94	702-705	dem	
3-95	706-710	Ofen	
3-96	711-712	e	
3-97	713-723	abgenommen	
3-98	724-728	wird	
3-99	728-729	.	

#Text=Dieſer Apparat iſt faſt
#Text=vollſtändig durch einen neueren verdrängt, in welchem die Deſtillation
#Text=des Queckſilbers aus dem Silberamalgam in einer weiten gußeiſernen
#Text=Röhre vorgenommen wird.
4-1	730-736	Dieſer	
4-2	737-744	Apparat	
4-3	745-748	iſt	
4-4	749-753	faſt	
4-5	754-765	vollſtändig	
4-6	766-771	durch	
4-7	772-777	einen	
4-8	778-785	neueren	
4-9	786-795	verdrängt	
4-10	795-796	,	
4-11	797-799	in	
4-12	800-807	welchem	
4-13	808-811	die	
4-14	812-824	Deſtillation	
4-15	825-828	des	
4-16	829-841	Queckſilbers	
4-17	842-845	aus	
4-18	846-849	dem	
4-19	850-863	Silberamalgam	
4-20	864-866	in	
4-21	867-872	einer	
4-22	873-879	weiten	
4-23	880-891	gußeiſernen	
4-24	892-897	Röhre	
4-25	898-909	vorgenommen	
4-26	910-914	wird	
4-27	914-915	.	

#Text=Dieſe
#Text=Röhre liegt in einem Ofen und
#Text=hat an ihrem einen Ende eine zweite rechtwinklig nach abwärts ge-
#Text=bogene Röhre aufgeſetzt,
#Text=welche aus dem Ofen heraus unter Waſſer
#Text=
#Text=\f
#Text=[620/0638]
#Text=Die Rohgewinnung der Metalle.
5-1	916-921	Dieſe	
5-2	922-927	Röhre	
5-3	928-933	liegt	
5-4	934-936	in	
5-5	937-942	einem	
5-6	943-947	Ofen	
5-7	948-951	und	
5-8	952-955	hat	
5-9	956-958	an	
5-10	959-964	ihrem	
5-11	965-970	einen	
5-12	971-975	Ende	
5-13	976-980	eine	
5-14	981-987	zweite	
5-15	988-1000	rechtwinklig	
5-16	1001-1005	nach	
5-17	1006-1013	abwärts	
5-18	1014-1016	ge	
5-19	1016-1017	-	
5-20	1018-1024	bogene	
5-21	1025-1030	Röhre	
5-22	1031-1041	aufgeſetzt	
5-23	1041-1042	,	
5-24	1043-1049	welche	
5-25	1050-1053	aus	
5-26	1054-1057	dem	
5-27	1058-1062	Ofen	
5-28	1063-1069	heraus	
5-29	1070-1075	unter	
5-30	1076-1082	Waſſer	
5-31	1086-1087	[	
5-32	1087-1090	620	
5-33	1090-1091	/	
5-34	1091-1095	0638	
5-35	1095-1096	]	
5-36	1097-1100	Die	
5-37	1101-1113	Rohgewinnung	
5-38	1114-1117	der	
5-39	1118-1125	Metalle	
5-40	1125-1126	.	

#Text=führt, und in welcher ſich das verdampfte Queckſilber wieder kon-
#Text=denſiert, während das andere Ende der Röhre, nachdem ſie mit
#Text=dem Silberamalgam beſchickt iſt, luftdicht verſchloſſen wird.
6-1	1130-1135	führt	
6-2	1135-1136	,	
6-3	1137-1140	und	
6-4	1141-1143	in	
6-5	1144-1151	welcher	
6-6	1152-1156	ſich	
6-7	1157-1160	das	
6-8	1161-1171	verdampfte	
6-9	1172-1183	Queckſilber	
6-10	1184-1190	wieder	
6-11	1191-1194	kon	
6-12	1194-1195	-	
6-13	1196-1204	denſiert	
6-14	1204-1205	,	
6-15	1206-1213	während	
6-16	1214-1217	das	
6-17	1218-1224	andere	
6-18	1225-1229	Ende	
6-19	1230-1233	der	
6-20	1234-1239	Röhre	
6-21	1239-1240	,	
6-22	1241-1248	nachdem	
6-23	1249-1252	ſie	
6-24	1253-1256	mit	
6-25	1257-1260	dem	
6-26	1261-1274	Silberamalgam	
6-27	1275-1284	beſchickt	
6-28	1285-1288	iſt	
6-29	1288-1289	,	
6-30	1290-1299	luftdicht	
6-31	1300-1312	verſchloſſen	
6-32	1313-1317	wird	
6-33	1317-1318	.	

#Text=Auch
#Text=werden geſpannte Waſſerdämpfe zur Deſtillation des Queckſilbers aus
#Text=dem Amalgam verwendet.
7-1	1319-1323	Auch	
7-2	1324-1330	werden	
7-3	1331-1340	geſpannte	
7-4	1341-1353	Waſſerdämpfe	
7-5	1354-1357	zur	
7-6	1358-1370	Deſtillation	
7-7	1371-1374	des	
7-8	1375-1387	Queckſilbers	
7-9	1388-1391	aus	
7-10	1392-1395	dem	
7-11	1396-1403	Amalgam	
7-12	1404-1413	verwendet	
7-13	1413-1414	.	

#Text=Das ſo erhaltene Tellerſilber enthält noch fremde Metalle und
#Text=wird von dieſen mit Ausnahme des Kupfers durch Umſchmelzen in
#Text=Graphittiegeln, nachdem es mit Kohlenpulver beſtreut iſt, befreit.
8-1	1418-1421	Das	
8-2	1422-1424	ſo	
8-3	1425-1434	erhaltene	
8-4	1435-1447	Tellerſilber	
8-5	1448-1455	enthält	
8-6	1456-1460	noch	
8-7	1461-1467	fremde	
8-8	1468-1475	Metalle	
8-9	1476-1479	und	
8-10	1480-1484	wird	
8-11	1485-1488	von	
8-12	1489-1495	dieſen	
8-13	1496-1499	mit	
8-14	1500-1508	Ausnahme	
8-15	1509-1512	des	
8-16	1513-1520	Kupfers	
8-17	1521-1526	durch	
8-18	1527-1538	Umſchmelzen	
8-19	1539-1541	in	
8-20	1542-1556	Graphittiegeln	
8-21	1556-1557	,	
8-22	1558-1565	nachdem	
8-23	1566-1568	es	
8-24	1569-1572	mit	
8-25	1573-1585	Kohlenpulver	
8-26	1586-1594	beſtreut	
8-27	1595-1598	iſt	
8-28	1598-1599	,	
8-29	1600-1607	befreit	
8-30	1607-1608	.	

#Text=Nun
#Text=wird es „Raffinatſilber“ genannt und enthält nur noch Kupfer, welches
#Text=durch Abtreiben oder Affinieren, eine Operation, die ſpäter beſchrieben
#Text=werden ſoll, entfernt wird.
9-1	1609-1612	Nun	
9-2	1613-1617	wird	
9-3	1618-1620	es	
9-4	1621-1622	„	
9-5	1622-1636	Raffinatſilber	
9-6	1636-1637	“	
9-7	1638-1645	genannt	
9-8	1646-1649	und	
9-9	1650-1657	enthält	
9-10	1658-1661	nur	
9-11	1662-1666	noch	
9-12	1667-1673	Kupfer	
9-13	1673-1674	,	
9-14	1675-1682	welches	
9-15	1683-1688	durch	
9-16	1689-1698	Abtreiben	
9-17	1699-1703	oder	
9-18	1704-1714	Affinieren	
9-19	1714-1715	,	
9-20	1716-1720	eine	
9-21	1721-1730	Operation	
9-22	1730-1731	,	
9-23	1732-1735	die	
9-24	1736-1742	ſpäter	
9-25	1743-1754	beſchrieben	
9-26	1755-1761	werden	
9-27	1762-1766	ſoll	
9-28	1766-1767	,	
9-29	1768-1776	entfernt	
9-30	1777-1781	wird	
9-31	1781-1782	.	

#Text=Nach der in Mexiko, Peru und Chile üblichen amerikaniſchen
#Text=
#Text=Amalgamation werden hauptſächlich Rotgiltigerz und Fahlerze ver-
#Text=arbeitet.
10-1	1786-1790	Nach	
10-2	1791-1794	der	
10-3	1795-1797	in	
10-4	1798-1804	Mexiko	
10-5	1804-1805	,	
10-6	1806-1810	Peru	
10-7	1811-1814	und	
10-8	1815-1820	Chile	
10-9	1821-1829	üblichen	
10-10	1830-1844	amerikaniſchen	
10-11	1846-1858	Amalgamation	
10-12	1859-1865	werden	
10-13	1866-1879	hauptſächlich	
10-14	1880-1892	Rotgiltigerz	
10-15	1893-1896	und	
10-16	1897-1905	Fahlerze	
10-17	1906-1909	ver	
10-18	1909-1910	-	
10-19	1911-1919	arbeitet	
10-20	1919-1920	.	

#Text=Hierbei müſſen die zu verarbeitenden Erze ſehr
#Text=gut zer-
#Text=kleinert ſein, weshalb ſie trocken gepocht und dann mit Waſſer auf
#Text=Erzmühlen, deren Steine aus Porphyr oder Baſalt beſtehen, ſehr fein
#Text=gemahlen werden.
11-1	1921-1928	Hierbei	
11-2	1929-1935	müſſen	
11-3	1936-1939	die	
11-4	1940-1942	zu	
11-5	1943-1957	verarbeitenden	
11-6	1958-1962	Erze	
11-7	1963-1967	ſehr	
11-8	1968-1971	gut	
11-9	1972-1975	zer	
11-10	1975-1976	-	
11-11	1977-1985	kleinert	
11-12	1986-1990	ſein	
11-13	1990-1991	,	
11-14	1992-1999	weshalb	
11-15	2000-2003	ſie	
11-16	2004-2011	trocken	
11-17	2012-2019	gepocht	
11-18	2020-2023	und	
11-19	2024-2028	dann	
11-20	2029-2032	mit	
11-21	2033-2039	Waſſer	
11-22	2040-2043	auf	
11-23	2044-2053	Erzmühlen	
11-24	2053-2054	,	
11-25	2055-2060	deren	
11-26	2061-2067	Steine	
11-27	2068-2071	aus	
11-28	2072-2079	Porphyr	
11-29	2080-2084	oder	
11-30	2085-2091	Baſalt	
11-31	2092-2100	beſtehen	
11-32	2100-2101	,	
11-33	2102-2106	ſehr	
11-34	2107-2111	fein	
11-35	2112-2120	gemahlen	
11-36	2121-2127	werden	
11-37	2127-2128	.	
