#FORMAT=WebAnno TSV 3.3


#Text=Bij het branden is een zorgvuldig toezigt noodig, het vuur mag niet meer dan smeulen en nooit tot vlam overslaan, waarom men de kluiten nooit geheel droog laat worden.
1-1	2-5	Bij	
1-2	6-9	het	
1-3	10-17	branden	
1-4	18-20	is	
1-5	21-24	een	
1-6	25-35	zorgvuldig	
1-7	36-43	toezigt	
1-8	44-50	noodig	
1-9	50-51	,	
1-10	52-55	het	
1-11	56-60	vuur	
1-12	61-64	mag	
1-13	65-69	niet	
1-14	70-74	meer	
1-15	75-78	dan	
1-16	79-86	smeulen	
1-17	87-89	en	
1-18	90-95	nooit	
1-19	96-99	tot	
1-20	100-104	vlam	
1-21	105-114	overslaan	
1-22	114-115	,	
1-23	116-122	waarom	
1-24	123-126	men	
1-25	127-129	de	
1-26	130-137	kluiten	
1-27	138-143	nooit	
1-28	144-150	geheel	
1-29	151-156	droog	
1-30	157-161	laat	
1-31	162-168	worden	
1-32	168-169	.	

#Text=Onophoudelijk zijn er menschen bezig om de brandende kluiten met ijzeren langsteelige pannen tegen den wind op, over den akker te gooijen.
2-1	170-183	Onophoudelijk	
2-2	184-188	zijn	
2-3	189-191	er	
2-4	192-200	menschen	
2-5	201-206	bezig	
2-6	207-209	om	
2-7	210-212	de	
2-8	213-222	brandende	
2-9	223-230	kluiten	
2-10	231-234	met	
2-11	235-242	ijzeren	
2-12	243-255	langsteelige	
2-13	256-262	pannen	
2-14	263-268	tegen	
2-15	269-272	den	
2-16	273-277	wind	
2-17	278-280	op	
2-18	280-281	,	
2-19	282-286	over	
2-20	287-290	den	
2-21	291-296	akker	
2-22	297-299	te	
2-23	300-307	gooijen	
2-24	307-308	.	

#Text=Het uitbranden van een enkel stuk duurt 1 à 2 dagen, bij vochtig weder iets langer.
3-1	309-312	Het	
3-2	313-323	uitbranden	
3-3	324-327	van	
3-4	328-331	een	
3-5	332-337	enkel	
3-6	338-342	stuk	
3-7	343-348	duurt	
3-8	349-350	1	
3-9	351-352	à	
3-10	353-354	2	
3-11	355-360	dagen	
3-12	360-361	,	
3-13	362-365	bij	
3-14	366-373	vochtig	
3-15	374-379	weder	
3-16	380-384	iets	
3-17	385-391	langer	
3-18	391-392	.	

#Text=Op het laatst van Mei of in het begin van Junij wordt in den zoo toebereiden grond de boekweit gezaaid.
4-1	393-395	Op	
4-2	396-399	het	
4-3	400-406	laatst	
4-4	407-410	van	
4-5	411-414	Mei	
4-6	415-417	of	
4-7	418-420	in	
4-8	421-424	het	
4-9	425-430	begin	
4-10	431-434	van	
4-11	435-440	Junij	
4-12	441-446	wordt	
4-13	447-449	in	
4-14	450-453	den	
4-15	454-457	zoo	
4-16	458-469	toebereiden	
4-17	470-475	grond	
4-18	476-478	de	
4-19	479-487	boekweit	
4-20	488-495	gezaaid	
4-21	495-496	.	

#Text=Hetzelfde stuk wordt ook in de volgende jaren, telkens vóór het zaaijen van den boekweit weder gebrand.
5-1	497-506	Hetzelfde	
5-2	507-511	stuk	
5-3	512-517	wordt	
5-4	518-521	ook	
5-5	522-524	in	
5-6	525-527	de	
5-7	528-536	volgende	
5-8	537-542	jaren	
5-9	542-543	,	
5-10	544-551	telkens	
5-11	552-556	vóór	
5-12	557-560	het	
5-13	561-568	zaaijen	
5-14	569-572	van	
5-15	573-576	den	
5-16	577-585	boekweit	
5-17	586-591	weder	
5-18	592-599	gebrand	
5-19	599-600	.	

#Text=Heeft de veengrond eenige jaren lang boekweit gedragen, zoo wordt hij hier en daar, voornamelijk op de Oostfriesche hoogveenen, ook
#Text=[p. 549]
#Text=geschikt om rogge voort te brengen, die op vele plaatsen zelfs zonder bemesting zeer goed slaagt.
6-1	601-606	Heeft	
6-2	607-609	de	
6-3	610-619	veengrond	
6-4	620-626	eenige	
6-5	627-632	jaren	
6-6	633-637	lang	
6-7	638-646	boekweit	
6-8	647-655	gedragen	
6-9	655-656	,	
6-10	657-660	zoo	
6-11	661-666	wordt	
6-12	667-670	hij	
6-13	671-675	hier	
6-14	676-678	en	
6-15	679-683	daar	
6-16	683-684	,	
6-17	685-697	voornamelijk	
6-18	698-700	op	
6-19	701-703	de	
6-20	704-716	Oostfriesche	
6-21	717-727	hoogveenen	
6-22	727-728	,	
6-23	729-732	ook	
6-24	733-734	[	
6-25	734-735	p	
6-26	735-736	.	
6-27	737-740	549	
6-28	740-741	]	
6-29	742-750	geschikt	
6-30	751-753	om	
6-31	754-759	rogge	
6-32	760-765	voort	
6-33	766-768	te	
6-34	769-776	brengen	
6-35	776-777	,	
6-36	778-781	die	
6-37	782-784	op	
6-38	785-789	vele	
6-39	790-798	plaatsen	
6-40	799-804	zelfs	
6-41	805-811	zonder	
6-42	812-821	bemesting	
6-43	822-826	zeer	
6-44	827-831	goed	
6-45	832-838	slaagt	
6-46	838-839	.	

#Text=Doch ook vóór het zaaijen van rogge moet de grond telkens behakt en gebrand worden.
7-1	840-844	Doch	
7-2	845-848	ook	
7-3	849-853	vóór	
7-4	854-857	het	
7-5	858-865	zaaijen	
7-6	866-869	van	
7-7	870-875	rogge	
7-8	876-880	moet	
7-9	881-883	de	
7-10	884-889	grond	
7-11	890-897	telkens	
7-12	898-904	behakt	
7-13	905-907	en	
7-14	908-915	gebrand	
7-15	916-922	worden	
7-16	922-923	.	

#Text=Dien ten gevolge hebben er ook, ofschoon niet zoo veelvuldig, in den herfst veenbranden plaats.
8-1	924-928	Dien	
8-2	929-932	ten	
8-3	933-940	gevolge	
8-4	941-947	hebben	
8-5	948-950	er	
8-6	951-954	ook	
8-7	954-955	,	
8-8	956-964	ofschoon	
8-9	965-969	niet	
8-10	970-973	zoo	
8-11	974-984	veelvuldig	
8-12	984-985	,	
8-13	986-988	in	
8-14	989-992	den	
8-15	993-999	herfst	
8-16	1000-1011	veenbranden	
8-17	1012-1018	plaats	
8-18	1018-1019	.	

#Text=Hier hebben wij nu met de eenige ware oorzaak eener zoo kolossale rook-ontwikkeling te doen.
9-1	1022-1026	Hier	
9-2	1027-1033	hebben	
9-3	1034-1037	wij	
9-4	1038-1040	nu	
9-5	1041-1044	met	
9-6	1045-1047	de	
9-7	1048-1054	eenige	
9-8	1055-1059	ware	
9-9	1060-1067	oorzaak	
9-10	1068-1073	eener	
9-11	1074-1077	zoo	
9-12	1078-1087	kolossale	
9-13	1088-1105	rook-ontwikkeling	
9-14	1106-1108	te	
9-15	1109-1113	doen	
9-16	1113-1114	.	

#Text=Ieder weet dat een volkomen uitgedroogd stuk zuivere turf met eene kleine vlam brandt, en daarbij zeer veel rook en een doordringenden eigenaardigen reuk van zich geeft.
10-1	1115-1120	Ieder	
10-2	1121-1125	weet	
10-3	1126-1129	dat	
10-4	1130-1133	een	
10-5	1134-1142	volkomen	
10-6	1143-1154	uitgedroogd	
10-7	1155-1159	stuk	
10-8	1160-1167	zuivere	
10-9	1168-1172	turf	
10-10	1173-1176	met	
10-11	1177-1181	eene	
10-12	1182-1188	kleine	
10-13	1189-1193	vlam	
10-14	1194-1200	brandt	
10-15	1200-1201	,	
10-16	1202-1204	en	
10-17	1205-1212	daarbij	
10-18	1213-1217	zeer	
10-19	1218-1222	veel	
10-20	1223-1227	rook	
10-21	1228-1230	en	
10-22	1231-1234	een	
10-23	1235-1249	doordringenden	
10-24	1250-1263	eigenaardigen	
10-25	1264-1268	reuk	
10-26	1269-1272	van	
10-27	1273-1277	zich	
10-28	1278-1283	geeft	
10-29	1283-1284	.	

#Text=Men denke nu eens na, dat de vele duizende, uit nog vrij vochtige turf en wortels en stengels van verscheidene planten bestaande kluiten van een enkelen akker, zoo op eens in brand staan.
11-1	1285-1288	Men	
11-2	1289-1294	denke	
11-3	1295-1297	nu	
11-4	1298-1302	eens	
11-5	1303-1305	na	
11-6	1305-1306	,	
11-7	1307-1310	dat	
11-8	1311-1313	de	
11-9	1314-1318	vele	
11-10	1319-1327	duizende	
11-11	1327-1328	,	
11-12	1329-1332	uit	
11-13	1333-1336	nog	
11-14	1337-1341	vrij	
11-15	1342-1350	vochtige	
11-16	1351-1355	turf	
11-17	1356-1358	en	
11-18	1359-1366	wortels	
11-19	1367-1369	en	
11-20	1370-1378	stengels	
11-21	1379-1382	van	
11-22	1383-1395	verscheidene	
11-23	1396-1403	planten	
11-24	1404-1413	bestaande	
11-25	1414-1421	kluiten	
11-26	1422-1425	van	
11-27	1426-1429	een	
11-28	1430-1437	enkelen	
11-29	1438-1443	akker	
11-30	1443-1444	,	
11-31	1445-1448	zoo	
11-32	1449-1451	op	
11-33	1452-1456	eens	
11-34	1457-1459	in	
11-35	1460-1465	brand	
11-36	1466-1471	staan	
11-37	1471-1472	.	

#Text=Welk eene verbazende massa rook moet dat geven!
12-1	1473-1477	Welk	
12-2	1478-1482	eene	
12-3	1483-1493	verbazende	
12-4	1494-1499	massa	
12-5	1500-1504	rook	
12-6	1505-1509	moet	
12-7	1510-1513	dat	
12-8	1514-1519	geven	
12-9	1519-1520	!	

#Text=Men
#Text=denke verder na dat niet een enkele, zelfs niet tien of honderd, maar dat duizende akkers te gelijker tijd branden, wier vlakte-inhoud naar □ mijlen berekend wordt, en men zal dan toestemmen, dat dit rook genoeg geeft om geheel Duitschland en aangrenzende landen geheel in rook te doen hullen.
13-1	1521-1524	Men	
13-2	1525-1530	denke	
13-3	1531-1537	verder	
13-4	1538-1540	na	
13-5	1541-1544	dat	
13-6	1545-1549	niet	
13-7	1550-1553	een	
13-8	1554-1560	enkele	
13-9	1560-1561	,	
13-10	1562-1567	zelfs	
13-11	1568-1572	niet	
13-12	1573-1577	tien	
13-13	1578-1580	of	
13-14	1581-1588	honderd	
13-15	1588-1589	,	
13-16	1590-1594	maar	
13-17	1595-1598	dat	
13-18	1599-1607	duizende	
13-19	1608-1614	akkers	
13-20	1615-1617	te	
13-21	1618-1626	gelijker	
13-22	1627-1631	tijd	
13-23	1632-1639	branden	
13-24	1639-1640	,	
13-25	1641-1645	wier	
13-26	1646-1659	vlakte-inhoud	
13-27	1660-1664	naar	
13-28	1665-1666	□	
13-29	1667-1673	mijlen	
13-30	1674-1682	berekend	
13-31	1683-1688	wordt	
13-32	1688-1689	,	
13-33	1690-1692	en	
13-34	1693-1696	men	
13-35	1697-1700	zal	
13-36	1701-1704	dan	
13-37	1705-1715	toestemmen	
13-38	1715-1716	,	
13-39	1717-1720	dat	
13-40	1721-1724	dit	
13-41	1725-1729	rook	
13-42	1730-1736	genoeg	
13-43	1737-1742	geeft	
13-44	1743-1745	om	
13-45	1746-1752	geheel	
13-46	1753-1764	Duitschland	
13-47	1765-1767	en	
13-48	1768-1780	aangrenzende	
13-49	1781-1787	landen	
13-50	1788-1794	geheel	
13-51	1795-1797	in	
13-52	1798-1802	rook	
13-53	1803-1805	te	
13-54	1806-1810	doen	
13-55	1811-1817	hullen	
13-56	1817-1818	.	

#Text=Deze rook is daar, waar veen gebrand wordt en op verscheidene mijlen in de nabuurschap zoo digt, dat men zelfs bij helderen hemel de zon verduisterd ziet, waardoor dan alle voorwerpen geelachtig rood gekleurd zijn.
14-1	1821-1825	Deze	
14-2	1826-1830	rook	
14-3	1831-1833	is	
14-4	1834-1838	daar	
14-5	1838-1839	,	
14-6	1840-1844	waar	
14-7	1845-1849	veen	
14-8	1850-1857	gebrand	
14-9	1858-1863	wordt	
14-10	1864-1866	en	
14-11	1867-1869	op	
14-12	1870-1882	verscheidene	
14-13	1883-1889	mijlen	
14-14	1890-1892	in	
14-15	1893-1895	de	
14-16	1896-1907	nabuurschap	
14-17	1908-1911	zoo	
14-18	1912-1916	digt	
14-19	1916-1917	,	
14-20	1918-1921	dat	
14-21	1922-1925	men	
14-22	1926-1931	zelfs	
14-23	1932-1935	bij	
14-24	1936-1944	helderen	
14-25	1945-1950	hemel	
14-26	1951-1953	de	
14-27	1954-1957	zon	
14-28	1958-1969	verduisterd	
14-29	1970-1974	ziet	
14-30	1974-1975	,	
14-31	1976-1984	waardoor	
14-32	1985-1988	dan	
14-33	1989-1993	alle	
14-34	1994-2004	voorwerpen	
14-35	2005-2015	geelachtig	
14-36	2016-2020	rood	
14-37	2021-2029	gekleurd	
14-38	2030-2034	zijn	
14-39	2034-2035	.	

#Text=Onder gunstige omstandigheden, waartoe vooral eene drooge luchtsgesteldheid moet gerekend worden, wordt deze rook door den stroom der eeuwig bewogene luchtzee opgenomen, vele mijlen ver voortgedragen en over onze vlakten als zoogenaamde ‘hoogterook’ verspreid.
15-1	2036-2041	Onder	
15-2	2042-2050	gunstige	
15-3	2051-2065	omstandigheden	
15-4	2065-2066	,	
15-5	2067-2074	waartoe	
15-6	2075-2081	vooral	
15-7	2082-2086	eene	
15-8	2087-2093	drooge	
15-9	2094-2111	luchtsgesteldheid	
15-10	2112-2116	moet	
15-11	2117-2125	gerekend	
15-12	2126-2132	worden	
15-13	2132-2133	,	
15-14	2134-2139	wordt	
15-15	2140-2144	deze	
15-16	2145-2149	rook	
15-17	2150-2154	door	
15-18	2155-2158	den	
15-19	2159-2165	stroom	
15-20	2166-2169	der	
15-21	2170-2176	eeuwig	
15-22	2177-2185	bewogene	
15-23	2186-2194	luchtzee	
15-24	2195-2204	opgenomen	
15-25	2204-2205	,	
15-26	2206-2210	vele	
15-27	2211-2217	mijlen	
15-28	2218-2221	ver	
15-29	2222-2235	voortgedragen	
15-30	2236-2238	en	
15-31	2239-2243	over	
15-32	2244-2248	onze	
15-33	2249-2256	vlakten	
15-34	2257-2260	als	
15-35	2261-2272	zoogenaamde	
15-36	2273-2274	‘	
15-37	2274-2284	hoogterook	
15-38	2284-2285	’	
15-39	2286-2295	verspreid	
15-40	2295-2296	.	

#Text=Hoogterook noemt men hem daarom, omdat de in meerdere of mindere verwijdering, den horizon begrenzende hoogten, hem gemakkelijk doen herkennen, wanneer de doorschijnendheid der lucht door dampen, of gelijk hier, door rook verminderd is geworden, en omdat deze hoogten dan in rook gehuld schijnen.
16-1	2297-2307	Hoogterook	
16-2	2308-2313	noemt	
16-3	2314-2317	men	
16-4	2318-2321	hem	
16-5	2322-2328	daarom	
16-6	2328-2329	,	
16-7	2330-2335	omdat	
16-8	2336-2338	de	
16-9	2339-2341	in	
16-10	2342-2350	meerdere	
16-11	2351-2353	of	
16-12	2354-2361	mindere	
16-13	2362-2374	verwijdering	
16-14	2374-2375	,	
16-15	2376-2379	den	
16-16	2380-2387	horizon	
16-17	2388-2399	begrenzende	
16-18	2400-2407	hoogten	
16-19	2407-2408	,	
16-20	2409-2412	hem	
16-21	2413-2424	gemakkelijk	
16-22	2425-2429	doen	
16-23	2430-2439	herkennen	
16-24	2439-2440	,	
16-25	2441-2448	wanneer	
16-26	2449-2451	de	
16-27	2452-2469	doorschijnendheid	
16-28	2470-2473	der	
16-29	2474-2479	lucht	
16-30	2480-2484	door	
16-31	2485-2491	dampen	
16-32	2491-2492	,	
16-33	2493-2495	of	
16-34	2496-2502	gelijk	
16-35	2503-2507	hier	
16-36	2507-2508	,	
16-37	2509-2513	door	
16-38	2514-2518	rook	
16-39	2519-2529	verminderd	
16-40	2530-2532	is	
16-41	2533-2541	geworden	
16-42	2541-2542	,	
16-43	2543-2545	en	
16-44	2546-2551	omdat	
16-45	2552-2556	deze	
16-46	2557-2564	hoogten	
16-47	2565-2568	dan	
16-48	2569-2571	in	
16-49	2572-2576	rook	
16-50	2577-2583	gehuld	
16-51	2584-2592	schijnen	
16-52	2592-2593	.	

#Text=In streken, waar zich geene boven de vlakten uitstekende hoogten bevinden, kent men de uitdrukking ‘hoogterook’ in het geheel niet, doch is men daar met zijne afkomst te wel bekend, om hem niet bij zijn waren naam van ‘veendamp’ te noemen.
17-1	2594-2596	In	
17-2	2597-2604	streken	
17-3	2604-2605	,	
17-4	2606-2610	waar	
17-5	2611-2615	zich	
17-6	2616-2621	geene	
17-7	2622-2627	boven	
17-8	2628-2630	de	
17-9	2631-2638	vlakten	
17-10	2639-2650	uitstekende	
17-11	2651-2658	hoogten	
17-12	2659-2667	bevinden	
17-13	2667-2668	,	
17-14	2669-2673	kent	
17-15	2674-2677	men	
17-16	2678-2680	de	
17-17	2681-2692	uitdrukking	
17-18	2693-2694	‘	
17-19	2694-2704	hoogterook	
17-20	2704-2705	’	
17-21	2706-2708	in	
17-22	2709-2712	het	
17-23	2713-2719	geheel	
17-24	2720-2724	niet	
17-25	2724-2725	,	
17-26	2726-2730	doch	
17-27	2731-2733	is	
17-28	2734-2737	men	
17-29	2738-2742	daar	
17-30	2743-2746	met	
17-31	2747-2752	zijne	
17-32	2753-2760	afkomst	
17-33	2761-2763	te	
17-34	2764-2767	wel	
17-35	2768-2774	bekend	
17-36	2774-2775	,	
17-37	2776-2778	om	
17-38	2779-2782	hem	
17-39	2783-2787	niet	
17-40	2788-2791	bij	
17-41	2792-2796	zijn	
17-42	2797-2802	waren	
17-43	2803-2807	naam	
17-44	2808-2811	van	
17-45	2812-2813	‘	
17-46	2813-2821	veendamp	
17-47	2821-2822	’	
17-48	2823-2825	te	
17-49	2826-2832	noemen	
17-50	2832-2833	.	
