#FORMAT=WebAnno TSV 3.3


#Text=Ierunt igitur ambo pariter, 7 et quinquaginta viri de filiis prophetarum secuti sunt eos, qui et steterunt e contra, longe : illi autem ambo stabant super Jordanem.
#Text=8 Tulitque Elias pallium suum, et involvit illud, et percussit aquas : quæ divisæ sunt in utramque partem, et transierunt ambo per siccum.
#Text=9 Cumque transissent, Elias dixit ad Eliseum : Postula quod vis ut faciam tibi, antequam tollar a te.
1-1	2-8	Ierunt	
1-2	9-15	igitur	
1-3	16-20	ambo	
1-4	21-28	pariter	
1-5	28-29	,	
1-6	30-31	7	
1-7	32-34	et	
1-8	35-47	quinquaginta	
1-9	48-52	viri	
1-10	53-55	de	
1-11	56-62	filiis	
1-12	63-74	prophetarum	
1-13	75-81	secuti	
1-14	82-86	sunt	
1-15	87-90	eos	
1-16	90-91	,	
1-17	92-95	qui	
1-18	96-98	et	
1-19	99-108	steterunt	
1-20	109-110	e	
1-21	111-117	contra	
1-22	117-118	,	
1-23	119-124	longe	
1-24	125-126	:	
1-25	127-131	illi	
1-26	132-137	autem	
1-27	138-142	ambo	
1-28	143-150	stabant	
1-29	151-156	super	
1-30	157-165	Jordanem	
1-31	165-166	.	
1-32	167-168	8	
1-33	169-177	Tulitque	
1-34	178-183	Elias	
1-35	184-191	pallium	
1-36	192-196	suum	
1-37	196-197	,	
1-38	198-200	et	
1-39	201-209	involvit	
1-40	210-215	illud	
1-41	215-216	,	
1-42	217-219	et	
1-43	220-229	percussit	
1-44	230-235	aquas	
1-45	236-237	:	
1-46	238-241	quæ	
1-47	242-248	divisæ	
1-48	249-253	sunt	
1-49	254-256	in	
1-50	257-265	utramque	
1-51	266-272	partem	
1-52	272-273	,	
1-53	274-276	et	
1-54	277-288	transierunt	
1-55	289-293	ambo	
1-56	294-297	per	
1-57	298-304	siccum	
1-58	304-305	.	
1-59	306-307	9	
1-60	308-314	Cumque	
1-61	315-326	transissent	
1-62	326-327	,	
1-63	328-333	Elias	
1-64	334-339	dixit	
1-65	340-342	ad	
1-66	343-350	Eliseum	
1-67	351-352	:	
1-68	353-360	Postula	
1-69	361-365	quod	
1-70	366-369	vis	
1-71	370-372	ut	
1-72	373-379	faciam	
1-73	380-384	tibi	
1-74	384-385	,	
1-75	386-394	antequam	
1-76	395-401	tollar	
1-77	402-403	a	
1-78	404-406	te	
1-79	406-407	.	

#Text=Dixitque Eliseus : Obsecro ut fiat in me duplex spiritus tuus.
#Text=10 Qui respondit : Rem difficilem postulasti : attamen si videris me quando tollar a te, erit tibi quod petisti : si autem non videris, non erit.
#Text=11 Cumque pergerent, et incedentes sermocinarentur, ecce currus igneus, et equi ignei diviserunt utrumque : et ascendit Elias per turbinem in cælum.
#Text=12 Eliseus autem videbat, et clamabat : Pater mi, pater mi, currus Israël, et auriga ejus.
2-1	408-416	Dixitque	
2-2	417-424	Eliseus	
2-3	425-426	:	
2-4	427-434	Obsecro	
2-5	435-437	ut	
2-6	438-442	fiat	
2-7	443-445	in	
2-8	446-448	me	
2-9	449-455	duplex	
2-10	456-464	spiritus	
2-11	465-469	tuus	
2-12	469-470	.	
2-13	471-473	10	
2-14	474-477	Qui	
2-15	478-487	respondit	
2-16	488-489	:	
2-17	490-493	Rem	
2-18	494-504	difficilem	
2-19	505-515	postulasti	
2-20	516-517	:	
2-21	518-525	attamen	
2-22	526-528	si	
2-23	529-536	videris	
2-24	537-539	me	
2-25	540-546	quando	
2-26	547-553	tollar	
2-27	554-555	a	
2-28	556-558	te	
2-29	558-559	,	
2-30	560-564	erit	
2-31	565-569	tibi	
2-32	570-574	quod	
2-33	575-582	petisti	
2-34	583-584	:	
2-35	585-587	si	
2-36	588-593	autem	
2-37	594-597	non	
2-38	598-605	videris	
2-39	605-606	,	
2-40	607-610	non	
2-41	611-615	erit	
2-42	615-616	.	
2-43	617-619	11	
2-44	620-626	Cumque	
2-45	627-636	pergerent	
2-46	636-637	,	
2-47	638-640	et	
2-48	641-651	incedentes	
2-49	652-667	sermocinarentur	
2-50	667-668	,	
2-51	669-673	ecce	
2-52	674-680	currus	
2-53	681-687	igneus	
2-54	687-688	,	
2-55	689-691	et	
2-56	692-696	equi	
2-57	697-702	ignei	
2-58	703-713	diviserunt	
2-59	714-722	utrumque	
2-60	723-724	:	
2-61	725-727	et	
2-62	728-736	ascendit	
2-63	737-742	Elias	
2-64	743-746	per	
2-65	747-755	turbinem	
2-66	756-758	in	
2-67	759-764	cælum	
2-68	764-765	.	
2-69	766-768	12	
2-70	769-776	Eliseus	
2-71	777-782	autem	
2-72	783-790	videbat	
2-73	790-791	,	
2-74	792-794	et	
2-75	795-803	clamabat	
2-76	804-805	:	
2-77	806-811	Pater	
2-78	812-814	mi	
2-79	814-815	,	
2-80	816-821	pater	
2-81	822-824	mi	
2-82	824-825	,	
2-83	826-832	currus	
2-84	833-839	Israël	
2-85	839-840	,	
2-86	841-843	et	
2-87	844-850	auriga	
2-88	851-855	ejus	
2-89	855-856	.	

#Text=Et non vidit eum amplius : apprehenditque vestimenta sua, et scidit illa in duas partes.
#Text=13 Et levavit pallium Eliæ, quod ceciderat ei : reversusque stetit super ripam Jordanis, 14 et pallio Eliæ, quod ceciderat ei, percussit aquas, et non sunt divisæ : et dixit : Ubi est Deus Eliæ etiam nunc ?
3-1	857-859	Et	
3-2	860-863	non	
3-3	864-869	vidit	
3-4	870-873	eum	
3-5	874-881	amplius	
3-6	882-883	:	
3-7	884-898	apprehenditque	
3-8	899-909	vestimenta	
3-9	910-913	sua	
3-10	913-914	,	
3-11	915-917	et	
3-12	918-924	scidit	
3-13	925-929	illa	
3-14	930-932	in	
3-15	933-937	duas	
3-16	938-944	partes	
3-17	944-945	.	
3-18	946-948	13	
3-19	949-951	Et	
3-20	952-959	levavit	
3-21	960-967	pallium	
3-22	968-972	Eliæ	
3-23	972-973	,	
3-24	974-978	quod	
3-25	979-988	ceciderat	
3-26	989-991	ei	
3-27	992-993	:	
3-28	994-1005	reversusque	
3-29	1006-1012	stetit	
3-30	1013-1018	super	
3-31	1019-1024	ripam	
3-32	1025-1033	Jordanis	
3-33	1033-1034	,	
3-34	1035-1037	14	
3-35	1038-1040	et	
3-36	1041-1047	pallio	
3-37	1048-1052	Eliæ	
3-38	1052-1053	,	
3-39	1054-1058	quod	
3-40	1059-1068	ceciderat	
3-41	1069-1071	ei	
3-42	1071-1072	,	
3-43	1073-1082	percussit	
3-44	1083-1088	aquas	
3-45	1088-1089	,	
3-46	1090-1092	et	
3-47	1093-1096	non	
3-48	1097-1101	sunt	
3-49	1102-1108	divisæ	
3-50	1109-1110	:	
3-51	1111-1113	et	
3-52	1114-1119	dixit	
3-53	1120-1121	:	
3-54	1122-1125	Ubi	
3-55	1126-1129	est	
3-56	1130-1134	Deus	
3-57	1135-1139	Eliæ	
3-58	1140-1145	etiam	
3-59	1146-1150	nunc	
3-60	1151-1152	?	

#Text=Percussitque aquas, et divisæ sunt huc atque illuc, et transiit Eliseus.
#Text=15 Videntes autem filii prophetarum qui erant in Jericho e contra, dixerunt : Requievit spiritus Eliæ super Eliseum.
4-1	1153-1165	Percussitque	
4-2	1166-1171	aquas	
4-3	1171-1172	,	
4-4	1173-1175	et	
4-5	1176-1182	divisæ	
4-6	1183-1187	sunt	
4-7	1188-1191	huc	
4-8	1192-1197	atque	
4-9	1198-1203	illuc	
4-10	1203-1204	,	
4-11	1205-1207	et	
4-12	1208-1216	transiit	
4-13	1217-1224	Eliseus	
4-14	1224-1225	.	
4-15	1226-1228	15	
4-16	1229-1237	Videntes	
4-17	1238-1243	autem	
4-18	1244-1249	filii	
4-19	1250-1261	prophetarum	
4-20	1262-1265	qui	
4-21	1266-1271	erant	
4-22	1272-1274	in	
4-23	1275-1282	Jericho	
4-24	1283-1284	e	
4-25	1285-1291	contra	
4-26	1291-1292	,	
4-27	1293-1301	dixerunt	
4-28	1302-1303	:	
4-29	1304-1313	Requievit	
4-30	1314-1322	spiritus	
4-31	1323-1327	Eliæ	
4-32	1328-1333	super	
4-33	1334-1341	Eliseum	
4-34	1341-1342	.	

#Text=Et venientes in occursum ejus, adoraverunt eum proni in terram, 16 dixeruntque illi : Ecce cum servis tuis sunt quinquaginta viri fortes qui possunt ire, et quærere dominum tuum, ne forte tulerit eum spiritus Domini, et projecerit eum in unum montium, aut in unam vallium.
5-1	1343-1345	Et	
5-2	1346-1355	venientes	
5-3	1356-1358	in	
5-4	1359-1367	occursum	
5-5	1368-1372	ejus	
5-6	1372-1373	,	
5-7	1374-1385	adoraverunt	
5-8	1386-1389	eum	
5-9	1390-1395	proni	
5-10	1396-1398	in	
5-11	1399-1405	terram	
5-12	1405-1406	,	
5-13	1407-1409	16	
5-14	1410-1421	dixeruntque	
5-15	1422-1426	illi	
5-16	1427-1428	:	
5-17	1429-1433	Ecce	
5-18	1434-1437	cum	
5-19	1438-1444	servis	
5-20	1445-1449	tuis	
5-21	1450-1454	sunt	
5-22	1455-1467	quinquaginta	
5-23	1468-1472	viri	
5-24	1473-1479	fortes	
5-25	1480-1483	qui	
5-26	1484-1491	possunt	
5-27	1492-1495	ire	
5-28	1495-1496	,	
5-29	1497-1499	et	
5-30	1500-1507	quærere	
5-31	1508-1515	dominum	
5-32	1516-1520	tuum	
5-33	1520-1521	,	
5-34	1522-1524	ne	
5-35	1525-1530	forte	
5-36	1531-1538	tulerit	
5-37	1539-1542	eum	
5-38	1543-1551	spiritus	
5-39	1552-1558	Domini	
5-40	1558-1559	,	
5-41	1560-1562	et	
5-42	1563-1573	projecerit	
5-43	1574-1577	eum	
5-44	1578-1580	in	
5-45	1581-1585	unum	
5-46	1586-1593	montium	
5-47	1593-1594	,	
5-48	1595-1598	aut	
5-49	1599-1601	in	
5-50	1602-1606	unam	
5-51	1607-1614	vallium	
5-52	1614-1615	.	

#Text=Qui ait : Nolite mittere.
#Text=17 Coëgeruntque eum donec acquiesceret, et diceret : Mittite.
6-1	1616-1619	Qui	
6-2	1620-1623	ait	
6-3	1624-1625	:	
6-4	1626-1632	Nolite	
6-5	1633-1640	mittere	
6-6	1640-1641	.	
6-7	1642-1644	17	
6-8	1645-1657	Coëgeruntque	
6-9	1658-1661	eum	
6-10	1662-1667	donec	
6-11	1668-1680	acquiesceret	
6-12	1680-1681	,	
6-13	1682-1684	et	
6-14	1685-1692	diceret	
6-15	1693-1694	:	
6-16	1695-1702	Mittite	
6-17	1702-1703	.	

#Text=Et miserunt quinquaginta viros : qui cum quæsissent tribus diebus, non invenerunt.
#Text=18 Et reversi sunt ad eum : at ille habitabat in Jericho, et dixit eis : Numquid non dixi vobis : Nolite mittere ?
7-1	1704-1706	Et	
7-2	1707-1715	miserunt	
7-3	1716-1728	quinquaginta	
7-4	1729-1734	viros	
7-5	1735-1736	:	
7-6	1737-1740	qui	
7-7	1741-1744	cum	
7-8	1745-1755	quæsissent	
7-9	1756-1762	tribus	
7-10	1763-1769	diebus	
7-11	1769-1770	,	
7-12	1771-1774	non	
7-13	1775-1785	invenerunt	
7-14	1785-1786	.	
7-15	1787-1789	18	
7-16	1790-1792	Et	
7-17	1793-1800	reversi	
7-18	1801-1805	sunt	
7-19	1806-1808	ad	
7-20	1809-1812	eum	
7-21	1813-1814	:	
7-22	1815-1817	at	
7-23	1818-1822	ille	
7-24	1823-1832	habitabat	
7-25	1833-1835	in	
7-26	1836-1843	Jericho	
7-27	1843-1844	,	
7-28	1845-1847	et	
7-29	1848-1853	dixit	
7-30	1854-1857	eis	
7-31	1858-1859	:	
7-32	1860-1867	Numquid	
7-33	1868-1871	non	
7-34	1872-1876	dixi	
7-35	1877-1882	vobis	
7-36	1883-1884	:	
7-37	1885-1891	Nolite	
7-38	1892-1899	mittere	
7-39	1900-1901	?	

#Text=19 Dixerunt quoque viri civitatis ad Eliseum : Ecce habitatio civitatis hujus optima est, sicut tu ipse, domine, perspicis : sed aquæ pessimæ sunt, et terra sterilis.
#Text=20 At ille ait : Afferte mihi vas novum, et mittite in illud sal.
8-1	1902-1904	19	
8-2	1905-1913	Dixerunt	
8-3	1914-1920	quoque	
8-4	1921-1925	viri	
8-5	1926-1935	civitatis	
8-6	1936-1938	ad	
8-7	1939-1946	Eliseum	
8-8	1947-1948	:	
8-9	1949-1953	Ecce	
8-10	1954-1963	habitatio	
8-11	1964-1973	civitatis	
8-12	1974-1979	hujus	
8-13	1980-1986	optima	
8-14	1987-1990	est	
8-15	1990-1991	,	
8-16	1992-1997	sicut	
8-17	1998-2000	tu	
8-18	2001-2005	ipse	
8-19	2005-2006	,	
8-20	2007-2013	domine	
8-21	2013-2014	,	
8-22	2015-2024	perspicis	
8-23	2025-2026	:	
8-24	2027-2030	sed	
8-25	2031-2035	aquæ	
8-26	2036-2043	pessimæ	
8-27	2044-2048	sunt	
8-28	2048-2049	,	
8-29	2050-2052	et	
8-30	2053-2058	terra	
8-31	2059-2067	sterilis	
8-32	2067-2068	.	
8-33	2069-2071	20	
8-34	2072-2074	At	
8-35	2075-2079	ille	
8-36	2080-2083	ait	
8-37	2084-2085	:	
8-38	2086-2093	Afferte	
8-39	2094-2098	mihi	
8-40	2099-2102	vas	
8-41	2103-2108	novum	
8-42	2108-2109	,	
8-43	2110-2112	et	
8-44	2113-2120	mittite	
8-45	2121-2123	in	
8-46	2124-2129	illud	
8-47	2130-2133	sal	
8-48	2133-2134	.	

#Text=Quod cum attulissent, 21 egressus ad fontem aquarum misit in illum sal, et ait : Hæc dicit Dominus : Sanavi aquas has, et non erit ultra in eis mors, neque sterilitas.
#Text=22 Sanatæ sunt ergo aquæ usque in diem hanc, juxta verbum Elisei quod locutus est.
9-1	2135-2139	Quod	
9-2	2140-2143	cum	
9-3	2144-2155	attulissent	
9-4	2155-2156	,	
9-5	2157-2159	21	
9-6	2160-2168	egressus	
9-7	2169-2171	ad	
9-8	2172-2178	fontem	
9-9	2179-2186	aquarum	
9-10	2187-2192	misit	
9-11	2193-2195	in	
9-12	2196-2201	illum	
9-13	2202-2205	sal	
9-14	2205-2206	,	
9-15	2207-2209	et	
9-16	2210-2213	ait	
9-17	2214-2215	:	
9-18	2216-2219	Hæc	
9-19	2220-2225	dicit	
9-20	2226-2233	Dominus	
9-21	2234-2235	:	
9-22	2236-2242	Sanavi	
9-23	2243-2248	aquas	
9-24	2249-2252	has	
9-25	2252-2253	,	
9-26	2254-2256	et	
9-27	2257-2260	non	
9-28	2261-2265	erit	
9-29	2266-2271	ultra	
9-30	2272-2274	in	
9-31	2275-2278	eis	
9-32	2279-2283	mors	
9-33	2283-2284	,	
9-34	2285-2290	neque	
9-35	2291-2301	sterilitas	
9-36	2301-2302	.	
9-37	2303-2305	22	
9-38	2306-2312	Sanatæ	
9-39	2313-2317	sunt	
9-40	2318-2322	ergo	
9-41	2323-2327	aquæ	
9-42	2328-2333	usque	
9-43	2334-2336	in	
9-44	2337-2341	diem	
9-45	2342-2346	hanc	
9-46	2346-2347	,	
9-47	2348-2353	juxta	
9-48	2354-2360	verbum	
9-49	2361-2367	Elisei	
9-50	2368-2372	quod	
9-51	2373-2380	locutus	
9-52	2381-2384	est	
9-53	2384-2385	.	
