#FORMAT=WebAnno TSV 3.3


#Text=Waar zy oock van zelfs quaad, zy most allen den ghenen daar inne zy woont,
#Text=quader maken ende niemand tot ghoed worden voorderen, ghelyck alle zonde die
#Text=inden mensche stadelyck woont, hem zondigh maackt ende quaad.
1-1	0-4	Waar	
1-2	5-7	zy	
1-3	8-12	oock	
1-4	13-16	van	
1-5	17-22	zelfs	
1-6	23-28	quaad	
1-7	28-29	,	
1-8	30-32	zy	
1-9	33-37	most	
1-10	38-43	allen	
1-11	44-47	den	
1-12	48-54	ghenen	
1-13	55-59	daar	
1-14	60-64	inne	
1-15	65-67	zy	
1-16	68-73	woont	
1-17	73-74	,	
1-18	75-81	quader	
1-19	82-87	maken	
1-20	88-92	ende	
1-21	93-100	niemand	
1-22	101-104	tot	
1-23	105-110	ghoed	
1-24	111-117	worden	
1-25	118-127	voorderen	
1-26	127-128	,	
1-27	129-136	ghelyck	
1-28	137-141	alle	
1-29	142-147	zonde	
1-30	148-151	die	
1-31	152-157	inden	
1-32	158-165	mensche	
1-33	166-175	stadelyck	
1-34	176-181	woont	
1-35	181-182	,	
1-36	183-186	hem	
1-37	187-194	zondigh	
1-38	195-201	maackt	
1-39	202-206	ende	
1-40	207-212	quaad	
1-41	212-213	.	

#Text=Dit en doet dees
#Text=vreze oock niet.
#Text=
#Text=26.
2-1	214-217	Dit	
2-2	218-220	en	
2-3	221-225	doet	
2-4	226-230	dees	
2-5	231-236	vreze	
2-6	237-241	oock	
2-7	242-246	niet	
2-8	246-247	.	
2-9	249-251	26	
2-10	251-252	.	

#Text=Nu bevint het zich onlochbaarlyck dat deze knechtlycke vreze by eenighe
#Text=onwyze menschen mesbruyckt zynde, den zelven af ghestort heeft inden
#Text=vertwyfelden
#Text=poel der wanhopen;
#Text=daar teghen vintmer eenighe, die uyt vreze vande
#Text=straf een afkeer hebben ghedaan, zich ter dueghden begheven ende alzo doort wel
#Text=
#Text=ghebruycken van deze knechtlycke
#Text=vreze ghevoordert zyn tot de zaligheyd der
#Text=kinderen
#Text=Godes.
#Text=
#Text=27.
3-1	253-255	Nu	
3-2	256-262	bevint	
3-3	263-266	het	
3-4	267-271	zich	
3-5	272-286	onlochbaarlyck	
3-6	287-290	dat	
3-7	291-295	deze	
3-8	296-307	knechtlycke	
3-9	308-313	vreze	
3-10	314-316	by	
3-11	317-324	eenighe	
3-12	325-331	onwyze	
3-13	332-340	menschen	
3-14	341-351	mesbruyckt	
3-15	352-357	zynde	
3-16	357-358	,	
3-17	359-362	den	
3-18	363-369	zelven	
3-19	370-372	af	
3-20	373-381	ghestort	
3-21	382-387	heeft	
3-22	388-393	inden	
3-23	394-406	vertwyfelden	
3-24	407-411	poel	
3-25	412-415	der	
3-26	416-424	wanhopen	
3-27	424-425	;	
3-28	426-430	daar	
3-29	431-437	teghen	
3-30	438-445	vintmer	
3-31	446-453	eenighe	
3-32	453-454	,	
3-33	455-458	die	
3-34	459-462	uyt	
3-35	463-468	vreze	
3-36	469-474	vande	
3-37	475-480	straf	
3-38	481-484	een	
3-39	485-491	afkeer	
3-40	492-498	hebben	
3-41	499-506	ghedaan	
3-42	506-507	,	
3-43	508-512	zich	
3-44	513-516	ter	
3-45	517-525	dueghden	
3-46	526-534	begheven	
3-47	535-539	ende	
3-48	540-544	alzo	
3-49	545-550	doort	
3-50	551-554	wel	
3-51	556-567	ghebruycken	
3-52	568-571	van	
3-53	572-576	deze	
3-54	577-588	knechtlycke	
3-55	589-594	vreze	
3-56	595-606	ghevoordert	
3-57	607-610	zyn	
3-58	611-614	tot	
3-59	615-617	de	
3-60	618-627	zaligheyd	
3-61	628-631	der	
3-62	632-640	kinderen	
3-63	641-646	Godes	
3-64	646-647	.	
3-65	649-651	27	
3-66	651-652	.	

#Text=Deze strafvluchtighe vreze en is dan van zelfs noch ghoed noch quaad.
4-1	653-657	Deze	
4-2	658-673	strafvluchtighe	
4-3	674-679	vreze	
4-4	680-682	en	
4-5	683-685	is	
4-6	686-689	dan	
4-7	690-693	van	
4-8	694-699	zelfs	
4-9	700-704	noch	
4-10	705-710	ghoed	
4-11	711-715	noch	
4-12	716-721	quaad	
4-13	721-722	.	

#Text=Want
#Text=ghelyck niet alle de ghene daar inne zy is tot wanhopen, zo en komen zy oock niet
#Text=alle dieze hebben tot zaligheyd.
#Text=
#Text=28.
5-1	723-727	Want	
5-2	728-735	ghelyck	
5-3	736-740	niet	
5-4	741-745	alle	
5-5	746-748	de	
5-6	749-754	ghene	
5-7	755-759	daar	
5-8	760-764	inne	
5-9	765-767	zy	
5-10	768-770	is	
5-11	771-774	tot	
5-12	775-783	wanhopen	
5-13	783-784	,	
5-14	785-787	zo	
5-15	788-790	en	
5-16	791-796	komen	
5-17	797-799	zy	
5-18	800-804	oock	
5-19	805-809	niet	
5-20	810-814	alle	
5-21	815-820	dieze	
5-22	821-827	hebben	
5-23	828-831	tot	
5-24	832-841	zaligheyd	
5-25	841-842	.	
5-26	844-846	28	
5-27	846-847	.	

#Text=Waarom datte?
6-1	848-854	Waarom	
6-2	855-860	datte	
6-3	860-861	?	

#Text='t Mesbruyck, niet deze vreze is daar an schuldigh.
7-1	862-863	'	
7-2	863-864	t	
7-3	865-874	Mesbruyck	
7-4	874-875	,	
7-5	876-880	niet	
7-6	881-885	deze	
7-7	886-891	vreze	
7-8	892-894	is	
7-9	895-899	daar	
7-10	900-902	an	
7-11	903-912	schuldigh	
7-12	912-913	.	

#Text=Elck een
#Text=ghebruycktze niet tot huer rechte eynde.
8-1	914-918	Elck	
8-2	919-922	een	
8-3	923-935	ghebruycktze	
8-4	936-940	niet	
8-5	941-944	tot	
8-6	945-949	huer	
8-7	950-956	rechte	
8-8	957-962	eynde	
8-9	962-963	.	

#Text=Welck is dat?
9-1	964-969	Welck	
9-2	970-972	is	
9-3	973-976	dat	
9-4	976-977	?	

#Text=Waar toe zoude zy ons
#Text=dienen?
10-1	978-982	Waar	
10-2	983-986	toe	
10-3	987-992	zoude	
10-4	993-995	zy	
10-5	996-999	ons	
10-6	1000-1006	dienen	
10-7	1006-1007	?	

#Text=Tot wackere opmerckinghe op 'tghene ons quaad is ende quelt, ten eynde
#Text=wy dat voor een pynlyck verderven haten, vlieden ende laten zouden.
#Text=
#Text=29.
11-1	1008-1011	Tot	
11-2	1012-1019	wackere	
11-3	1020-1032	opmerckinghe	
11-4	1033-1035	op	
11-5	1036-1037	'	
11-6	1037-1043	tghene	
11-7	1044-1047	ons	
11-8	1048-1053	quaad	
11-9	1054-1056	is	
11-10	1057-1061	ende	
11-11	1062-1067	quelt	
11-12	1067-1068	,	
11-13	1069-1072	ten	
11-14	1073-1078	eynde	
11-15	1079-1081	wy	
11-16	1082-1085	dat	
11-17	1086-1090	voor	
11-18	1091-1094	een	
11-19	1095-1102	pynlyck	
11-20	1103-1112	verderven	
11-21	1113-1118	haten	
11-22	1118-1119	,	
11-23	1120-1127	vlieden	
11-24	1128-1132	ende	
11-25	1133-1138	laten	
11-26	1139-1145	zouden	
11-27	1145-1146	.	
11-28	1148-1150	29	
11-29	1150-1151	.	
