#FORMAT=WebAnno TSV 3.3
#T_SP=custom.Span|label


#Text=Sie werden ſich demnach in Acht neh-
#Text=men, und es nicht mehr hinfort fuͤr das
#Text=Sal alkali verkauffen.
1-1	2-5	Sie	_	
1-2	6-12	werden	_	
1-3	13-17	ſich	_	
1-4	18-25	demnach	_	
1-5	26-28	in	_	
1-6	29-33	Acht	_	
1-7	34-37	neh	_	
1-8	37-38	-	_	
1-9	39-42	men	_	
1-10	42-43	,	_	
1-11	44-47	und	_	
1-12	48-50	es	_	
1-13	51-56	nicht	_	
1-14	57-61	mehr	_	
1-15	62-69	hinfort	_	
1-16	70-74	fuͤr	_	
1-17	75-78	das	_	
1-18	79-82	Sal	_	
1-19	83-89	alkali	_	
1-20	90-100	verkauffen	_	
1-21	100-101	.	_	

#Text=Sal alkali.
2-1	104-107	Sal	_	
2-2	108-114	alkali	_	
2-3	114-115	.	_	

#Text=Die andere Gattung iſt die Suda
#Text=von Cartagena, welche an Guͤte von
#Text=der Alicantiſchen unterſchieden, maſſen
#Text=ſie nicht ſo blau, und mehr Kruſte drum
#Text=her iſt, die Loͤchlein aber ſind viel kleiner,
#Text=und die Ballen weit groͤſſer.
3-1	118-121	Die	_	
3-2	122-128	andere	_	
3-3	129-136	Gattung	_	
3-4	137-140	iſt	_	
3-5	141-144	die	_	
3-6	145-149	Suda	_	
3-7	150-153	von	_	
3-8	154-163	Cartagena	_	
3-9	163-164	,	_	
3-10	165-171	welche	_	
3-11	172-174	an	_	
3-12	175-180	Guͤte	_	
3-13	181-184	von	_	
3-14	185-188	der	_	
3-15	189-202	Alicantiſchen	_	
3-16	203-216	unterſchieden	_	
3-17	216-217	,	_	
3-18	218-224	maſſen	_	
3-19	225-228	ſie	_	
3-20	229-234	nicht	_	
3-21	235-237	ſo	_	
3-22	238-242	blau	_	
3-23	242-243	,	_	
3-24	244-247	und	_	
3-25	248-252	mehr	_	
3-26	253-259	Kruſte	_	
3-27	260-264	drum	_	
3-28	265-268	her	_	
3-29	269-272	iſt	_	
3-30	272-273	,	_	
3-31	274-277	die	_	
3-32	278-287	Loͤchlein	_	
3-33	288-292	aber	_	
3-34	293-297	ſind	_	
3-35	298-302	viel	_	
3-36	303-310	kleiner	_	
3-37	310-311	,	_	
3-38	312-315	und	_	
3-39	316-319	die	_	
3-40	320-326	Ballen	_	
3-41	327-331	weit	_	
3-42	332-340	groͤſſer	_	
3-43	340-341	.	_	

#Text=Die dritte Suda, mit dem Zuna-
#Text=men von Bourde, ſoll gaͤntzlich ver-
#Text=worffen werden, weil ſie zu nichts nicht
#Text=tauget, als die Kaͤuffer damit zu betruͤ-
#Text=gen:
#Text=es iſt eine Suda, die recht uͤbel be-
#Text=ſchaffen, und gemeiniglich feuchte iſt,
#Text=ſchwartz und gruͤnlicht, uͤberaus ſtin-
#Text=ckend.
4-1	345-348	Die	_	
4-2	349-355	dritte	_	
4-3	356-360	Suda	_	
4-4	360-361	,	_	
4-5	362-365	mit	_	
4-6	366-369	dem	_	
4-7	370-374	Zuna	_	
4-8	374-375	-	_	
4-9	376-379	men	_	
4-10	380-383	von	_	
4-11	384-390	Bourde	_	
4-12	390-391	,	_	
4-13	392-396	ſoll	_	
4-14	397-407	gaͤntzlich	_	
4-15	408-411	ver	_	
4-16	411-412	-	_	
4-17	413-420	worffen	_	
4-18	421-427	werden	_	
4-19	427-428	,	_	
4-20	429-433	weil	_	
4-21	434-437	ſie	_	
4-22	438-440	zu	_	
4-23	441-447	nichts	_	
4-24	448-453	nicht	_	
4-25	454-460	tauget	_	
4-26	460-461	,	_	
4-27	462-465	als	_	
4-28	466-469	die	_	
4-29	470-478	Kaͤuffer	_	
4-30	479-484	damit	_	
4-31	485-487	zu	_	
4-32	488-494	betruͤ	_	
4-33	494-495	-	_	
4-34	496-499	gen	_	
4-35	499-500	:	_	
4-36	501-503	es	_	
4-37	504-507	iſt	_	
4-38	508-512	eine	_	
4-39	513-517	Suda	Smell\_Source	
4-40	517-518	,	_	
4-41	519-522	die	_	
4-42	523-528	recht	_	
4-43	529-534	uͤbel	_	
4-44	535-537	be	_	
4-45	537-538	-	_	
4-46	539-547	ſchaffen	_	
4-47	547-548	,	_	
4-48	549-552	und	_	
4-49	553-565	gemeiniglich	_	
4-50	566-573	feuchte	_	
4-51	574-577	iſt	_	
4-52	577-578	,	_	
4-53	579-587	ſchwartz	_	
4-54	588-591	und	_	
4-55	592-602	gruͤnlicht	_	
4-56	602-603	,	_	
4-57	604-612	uͤberaus	Quality	
4-58	613-617	ſtin	Smell\_Word[1]	
4-59	617-618	-	Smell\_Word[1]	
4-60	619-624	ckend	Smell\_Word[1]	
4-61	624-625	.	_	

#Text=Die vierte iſt die Suda von Cher-
#Text=bourg mit dem Zunamen Vareq.
5-1	629-632	Die	_	
5-2	633-639	vierte	_	
5-3	640-643	iſt	_	
5-4	644-647	die	_	
5-5	648-652	Suda	_	
5-6	653-656	von	_	
5-7	657-661	Cher	_	
5-8	661-662	-	_	
5-9	663-668	bourg	_	
5-10	669-672	mit	_	
5-11	673-676	dem	_	
5-12	677-684	Zunamen	_	
5-13	685-690	Vareq	_	
5-14	690-691	.	_	

#Text=Sie
#Text=wird aus einem Kraute, das langs der
#Text=Kuͤſten von Normandie waͤchſt, berei-
#Text=
#Text=tet, und iſt gleichfalls gar uͤbel beſchaf-
#Text=fen, denn ſie gar zu feuchte und voll
#Text=
#Text=Steine iſt, wie Koth ſiehet und riecht.
6-1	692-695	Sie	_	
6-2	696-700	wird	_	
6-3	701-704	aus	_	
6-4	705-710	einem	_	
6-5	711-717	Kraute	_	
6-6	717-718	,	_	
6-7	719-722	das	_	
6-8	723-728	langs	_	
6-9	729-732	der	_	
6-10	733-740	Kuͤſten	_	
6-11	741-744	von	_	
6-12	745-754	Normandie	_	
6-13	755-762	waͤchſt	_	
6-14	762-763	,	_	
6-15	764-769	berei	_	
6-16	769-770	-	_	
6-17	772-775	tet	_	
6-18	775-776	,	_	
6-19	777-780	und	_	
6-20	781-784	iſt	_	
6-21	785-796	gleichfalls	_	
6-22	797-800	gar	_	
6-23	801-806	uͤbel	_	
6-24	807-814	beſchaf	_	
6-25	814-815	-	_	
6-26	816-819	fen	_	
6-27	819-820	,	_	
6-28	821-825	denn	_	
6-29	826-829	ſie	Smell\_Source	
6-30	830-833	gar	_	
6-31	834-836	zu	_	
6-32	837-844	feuchte	_	
6-33	845-848	und	_	
6-34	849-853	voll	_	
6-35	855-861	Steine	_	
6-36	862-865	iſt	_	
6-37	865-866	,	_	
6-38	867-870	wie	Evoked\_Odorant[2]	
6-39	871-875	Koth	Evoked\_Odorant[2]	
6-40	876-882	ſiehet	_	
6-41	883-886	und	_	
6-42	887-893	riecht	Smell\_Word	
6-43	893-894	.	_	

#Text=Dieſe beyde Sorten, zuſammt derjeni-
#Text=gen, welche von den Seiffenſiedern
#Text=kommt, und ihres Saltzes entbloͤſet iſt,
#Text=dienen allein zu Verletzung der Gewiſ-
#Text=ſen dererjenigen, die ſie geſtoſſen oder
#Text=Stuͤckweiſe verkauffen, denn ſie ſolcher-
#Text=geſtalt die armen Waͤſcherinnen, die ſie
#Text=gebrauchen, betruͤgen.
7-1	896-901	Dieſe	_	
7-2	902-907	beyde	_	
7-3	908-914	Sorten	_	
7-4	914-915	,	_	
7-5	916-923	zuſammt	_	
7-6	924-931	derjeni	_	
7-7	931-932	-	_	
7-8	933-936	gen	_	
7-9	936-937	,	_	
7-10	938-944	welche	_	
7-11	945-948	von	_	
7-12	949-952	den	_	
7-13	953-967	Seiffenſiedern	_	
7-14	968-973	kommt	_	
7-15	973-974	,	_	
7-16	975-978	und	_	
7-17	979-984	ihres	_	
7-18	985-992	Saltzes	_	
7-19	993-1003	entbloͤſet	_	
7-20	1004-1007	iſt	_	
7-21	1007-1008	,	_	
7-22	1009-1015	dienen	_	
7-23	1016-1022	allein	_	
7-24	1023-1025	zu	_	
7-25	1026-1036	Verletzung	_	
7-26	1037-1040	der	_	
7-27	1041-1046	Gewiſ	_	
7-28	1046-1047	-	_	
7-29	1048-1051	ſen	_	
7-30	1052-1064	dererjenigen	_	
7-31	1064-1065	,	_	
7-32	1066-1069	die	_	
7-33	1070-1073	ſie	_	
7-34	1074-1083	geſtoſſen	_	
7-35	1084-1088	oder	_	
7-36	1089-1100	Stuͤckweiſe	_	
7-37	1101-1111	verkauffen	_	
7-38	1111-1112	,	_	
7-39	1113-1117	denn	_	
7-40	1118-1121	ſie	_	
7-41	1122-1129	ſolcher	_	
7-42	1129-1130	-	_	
7-43	1131-1138	geſtalt	_	
7-44	1139-1142	die	_	
7-45	1143-1148	armen	_	
7-46	1149-1162	Waͤſcherinnen	_	
7-47	1162-1163	,	_	
7-48	1164-1167	die	_	
7-49	1168-1171	ſie	_	
7-50	1172-1182	gebrauchen	_	
7-51	1182-1183	,	_	
7-52	1184-1193	betruͤgen	_	
7-53	1193-1194	.	_	

#Text=Weil aber die-
#Text=ſe Arten Suda faſt gar kein Saltz bey
#Text=ſich haben, deswegen miſchen ſie Kalch
#Text=
#Text=
#Text=drunter, welches denen, die es ſtoſſen und
#Text=vermengen, groſſe Ungelegenheit verur-
#Text=ſachet, indem es ihnen die Haut von den
#Text=Fingern frißt.
8-1	1195-1199	Weil	_	
8-2	1200-1204	aber	_	
8-3	1205-1208	die	_	
8-4	1208-1209	-	_	
8-5	1210-1212	ſe	_	
8-6	1213-1218	Arten	_	
8-7	1219-1223	Suda	_	
8-8	1224-1228	faſt	_	
8-9	1229-1232	gar	_	
8-10	1233-1237	kein	_	
8-11	1238-1243	Saltz	_	
8-12	1244-1247	bey	_	
8-13	1248-1252	ſich	_	
8-14	1253-1258	haben	_	
8-15	1258-1259	,	_	
8-16	1260-1268	deswegen	_	
8-17	1269-1276	miſchen	_	
8-18	1277-1280	ſie	_	
8-19	1281-1286	Kalch	_	
8-20	1289-1296	drunter	_	
8-21	1296-1297	,	_	
8-22	1298-1305	welches	_	
8-23	1306-1311	denen	_	
8-24	1311-1312	,	_	
8-25	1313-1316	die	_	
8-26	1317-1319	es	_	
8-27	1320-1327	ſtoſſen	_	
8-28	1328-1331	und	_	
8-29	1332-1341	vermengen	_	
8-30	1341-1342	,	_	
8-31	1343-1349	groſſe	_	
8-32	1350-1363	Ungelegenheit	_	
8-33	1364-1369	verur	_	
8-34	1369-1370	-	_	
8-35	1371-1377	ſachet	_	
8-36	1377-1378	,	_	
8-37	1379-1384	indem	_	
8-38	1385-1387	es	_	
8-39	1388-1393	ihnen	_	
8-40	1394-1397	die	_	
8-41	1398-1402	Haut	_	
8-42	1403-1406	von	_	
8-43	1407-1410	den	_	
8-44	1411-1418	Fingern	_	
8-45	1419-1424	frißt	_	
8-46	1424-1425	.	_	

#Text=Sie mengen ingleichen
#Text=tauſenderley andere Dinge drunter,
#Text=theils, um das Gewichte alſo zu vermeh-
#Text=ren, und dann, damit ſie beſſeres Kauffs
#Text=geben koͤnnen, als rechtſchaffene Kauff-
#Text=leute, die dergleichen Leichtfertigkeit zu
#Text=begehen ſich nicht entſchlieſſen wollen.
9-1	1426-1429	Sie	_	
9-2	1430-1436	mengen	_	
9-3	1437-1447	ingleichen	_	
9-4	1448-1460	tauſenderley	_	
9-5	1461-1467	andere	_	
9-6	1468-1473	Dinge	_	
9-7	1474-1481	drunter	_	
9-8	1481-1482	,	_	
9-9	1483-1489	theils	_	
9-10	1489-1490	,	_	
9-11	1491-1493	um	_	
9-12	1494-1497	das	_	
9-13	1498-1506	Gewichte	_	
9-14	1507-1511	alſo	_	
9-15	1512-1514	zu	_	
9-16	1515-1521	vermeh	_	
9-17	1521-1522	-	_	
9-18	1523-1526	ren	_	
9-19	1526-1527	,	_	
9-20	1528-1531	und	_	
9-21	1532-1536	dann	_	
9-22	1536-1537	,	_	
9-23	1538-1543	damit	_	
9-24	1544-1547	ſie	_	
9-25	1548-1556	beſſeres	_	
9-26	1557-1563	Kauffs	_	
9-27	1564-1569	geben	_	
9-28	1570-1577	koͤnnen	_	
9-29	1577-1578	,	_	
9-30	1579-1582	als	_	
9-31	1583-1597	rechtſchaffene	_	
9-32	1598-1603	Kauff	_	
9-33	1603-1604	-	_	
9-34	1605-1610	leute	_	
9-35	1610-1611	,	_	
9-36	1612-1615	die	_	
9-37	1616-1627	dergleichen	_	
9-38	1628-1644	Leichtfertigkeit	_	
9-39	1645-1647	zu	_	
9-40	1648-1655	begehen	_	
9-41	1656-1660	ſich	_	
9-42	1661-1666	nicht	_	
9-43	1667-1680	entſchlieſſen	_	
9-44	1681-1687	wollen	_	
9-45	1687-1688	.	_	

#Text=Jch vermeine, diß ſolle genug geſaget
#Text=ſeyn, die Spezereyhaͤndler von Verfaͤl-
#Text=ſchung der Suda und anderer Waaren
#Text=abzuhalten, denn ſie ſodann ein frey
#Text=Gewiſſen haben, und vielmehr gewin-
#Text=nen werden, als wenn ſie ſich auf ſolchen
#Text=Miſchmaſch legen, werden auch verur-
#Text=ſachen, daß ſie ein ieder um einerley
#Text=Preiß verkauffen muͤſſe, und niemand
#Text=betruͤge, bevoraus die Waͤſcherinnen,
#Text=welche arme Leute ofters kaum das
#Text=Geld haben die Suda zu bezahlen, und
#Text=noch dazu die meiſte Zeit ihre eigne Sa-
#Text=chen verſetzen muͤſſen.
10-1	1690-1693	Jch	_	
10-2	1694-1702	vermeine	_	
10-3	1702-1703	,	_	
10-4	1704-1707	diß	_	
10-5	1708-1713	ſolle	_	
10-6	1714-1719	genug	_	
10-7	1720-1727	geſaget	_	
10-8	1728-1732	ſeyn	_	
10-9	1732-1733	,	_	
10-10	1734-1737	die	_	
10-11	1738-1754	Spezereyhaͤndler	_	
10-12	1755-1758	von	_	
10-13	1759-1766	Verfaͤl	_	
10-14	1766-1767	-	_	
10-15	1768-1774	ſchung	_	
10-16	1775-1778	der	_	
10-17	1779-1783	Suda	_	
10-18	1784-1787	und	_	
10-19	1788-1795	anderer	_	
10-20	1796-1802	Waaren	_	
10-21	1803-1813	abzuhalten	_	
10-22	1813-1814	,	_	
10-23	1815-1819	denn	_	
10-24	1820-1823	ſie	_	
10-25	1824-1830	ſodann	_	
10-26	1831-1834	ein	_	
10-27	1835-1839	frey	_	
10-28	1840-1848	Gewiſſen	_	
10-29	1849-1854	haben	_	
10-30	1854-1855	,	_	
10-31	1856-1859	und	_	
10-32	1860-1868	vielmehr	_	
10-33	1869-1874	gewin	_	
10-34	1874-1875	-	_	
10-35	1876-1879	nen	_	
10-36	1880-1886	werden	_	
10-37	1886-1887	,	_	
10-38	1888-1891	als	_	
10-39	1892-1896	wenn	_	
10-40	1897-1900	ſie	_	
10-41	1901-1905	ſich	_	
10-42	1906-1909	auf	_	
10-43	1910-1917	ſolchen	_	
10-44	1918-1928	Miſchmaſch	_	
10-45	1929-1934	legen	_	
10-46	1934-1935	,	_	
10-47	1936-1942	werden	_	
10-48	1943-1947	auch	_	
10-49	1948-1953	verur	_	
10-50	1953-1954	-	_	
10-51	1955-1961	ſachen	_	
10-52	1961-1962	,	_	
10-53	1963-1966	daß	_	
10-54	1967-1970	ſie	_	
10-55	1971-1974	ein	_	
10-56	1975-1980	ieder	_	
10-57	1981-1983	um	_	
10-58	1984-1992	einerley	_	
10-59	1993-1998	Preiß	_	
10-60	1999-2009	verkauffen	_	
10-61	2010-2016	muͤſſe	_	
10-62	2016-2017	,	_	
10-63	2018-2021	und	_	
10-64	2022-2029	niemand	_	
10-65	2030-2038	betruͤge	_	
10-66	2038-2039	,	_	
10-67	2040-2048	bevoraus	_	
10-68	2049-2052	die	_	
10-69	2053-2066	Waͤſcherinnen	_	
10-70	2066-2067	,	_	
10-71	2068-2074	welche	_	
10-72	2075-2079	arme	_	
10-73	2080-2085	Leute	_	
10-74	2086-2092	ofters	_	
10-75	2093-2097	kaum	_	
10-76	2098-2101	das	_	
10-77	2102-2106	Geld	_	
10-78	2107-2112	haben	_	
10-79	2113-2116	die	_	
10-80	2117-2121	Suda	_	
10-81	2122-2124	zu	_	
10-82	2125-2133	bezahlen	_	
10-83	2133-2134	,	_	
10-84	2135-2138	und	_	
10-85	2139-2143	noch	_	
10-86	2144-2148	dazu	_	
10-87	2149-2152	die	_	
10-88	2153-2159	meiſte	_	
10-89	2160-2164	Zeit	_	
10-90	2165-2169	ihre	_	
10-91	2170-2175	eigne	_	
10-92	2176-2178	Sa	_	
10-93	2178-2179	-	_	
10-94	2180-2184	chen	_	
10-95	2185-2194	verſetzen	_	
10-96	2195-2202	muͤſſen	_	
10-97	2202-2203	.	_	

#Text=Wenn ſie nun
#Text=dieſe Wahre, die ihnen ſo viel Muͤhe ge-
#Text=koſtet, bis ſie dieſelbige bekommen, ge-
#Text=brauchen, finden ſie ſich genoͤthiget, ſie
#Text=wegzuſchmeiſſen, und mit groͤſſern
#Text=Un-
#Text=koſten friſche Lauge, gleich als haͤtten ſie
#Text=
#Text=gar keine bereitet gehabt, anzuſtellen,
#Text=welches ihnen denn groſſen Schaden
11-1	2204-2208	Wenn	_	
11-2	2209-2212	ſie	_	
11-3	2213-2216	nun	_	
11-4	2217-2222	dieſe	_	
11-5	2223-2228	Wahre	_	
11-6	2228-2229	,	_	
11-7	2230-2233	die	_	
11-8	2234-2239	ihnen	_	
11-9	2240-2242	ſo	_	
11-10	2243-2247	viel	_	
11-11	2248-2253	Muͤhe	_	
11-12	2254-2256	ge	_	
11-13	2256-2257	-	_	
11-14	2258-2264	koſtet	_	
11-15	2264-2265	,	_	
11-16	2266-2269	bis	_	
11-17	2270-2273	ſie	_	
11-18	2274-2284	dieſelbige	_	
11-19	2285-2293	bekommen	_	
11-20	2293-2294	,	_	
11-21	2295-2297	ge	_	
11-22	2297-2298	-	_	
11-23	2299-2307	brauchen	_	
11-24	2307-2308	,	_	
11-25	2309-2315	finden	_	
11-26	2316-2319	ſie	_	
11-27	2320-2324	ſich	_	
11-28	2325-2336	genoͤthiget	_	
11-29	2336-2337	,	_	
11-30	2338-2341	ſie	_	
11-31	2342-2357	wegzuſchmeiſſen	_	
11-32	2357-2358	,	_	
11-33	2359-2362	und	_	
11-34	2363-2366	mit	_	
11-35	2367-2376	groͤſſern	_	
11-36	2377-2379	Un	_	
11-37	2379-2380	-	_	
11-38	2381-2387	koſten	_	
11-39	2388-2395	friſche	_	
11-40	2396-2401	Lauge	_	
11-41	2401-2402	,	_	
11-42	2403-2409	gleich	_	
11-43	2410-2413	als	_	
11-44	2414-2421	haͤtten	_	
11-45	2422-2425	ſie	_	
11-46	2427-2430	gar	_	
11-47	2431-2436	keine	_	
11-48	2437-2445	bereitet	_	
11-49	2446-2452	gehabt	_	
11-50	2452-2453	,	_	
11-51	2454-2465	anzuſtellen	_	
11-52	2465-2466	,	_	
11-53	2467-2474	welches	_	
11-54	2475-2480	ihnen	_	
11-55	2481-2485	denn	_	
11-56	2486-2493	groſſen	_	
11-57	2494-2501	Schaden	_	
