#FORMAT=WebAnno TSV 3.3
#T_SP=custom.Span|label


#Text=Der Poley, Boley, Pulegium Off.
1-1	0-3	Der	_	
1-2	4-9	Poley	_	
1-3	9-10	,	_	
1-4	11-16	Boley	_	
1-5	16-17	,	_	
1-6	18-26	Pulegium	_	
1-7	27-30	Off	_	
1-8	30-31	.	_	

#Text=I.
2-1	32-33	I	_	
2-2	33-34	.	_	

#Text=B.
3-1	35-36	B	_	
3-2	36-37	.	_	

#Text=Dod.
4-1	38-41	Dod	_	
4-2	41-42	.	_	

#Text=Mentha aquarica ſeu Pulegium vulgare,
#Text=Tournef.
#Text=hat eine zaſigte weiſſe Wurzel, wor-
#Text=aus viele Stengel einen Schuh lang wachſen,
#Text=welche mehrentheils aufrecht ſtehen, einige aber
#Text=kriechen auch auf der Erde hin, und ſchlagen an
#Text=ihren Gelenken Wuͤrzelchen, welche ſich in der Er-
#Text=de anklammern.
5-1	43-49	Mentha	_	
5-2	50-58	aquarica	_	
5-3	59-62	ſeu	_	
5-4	63-71	Pulegium	_	
5-5	72-79	vulgare	_	
5-6	79-80	,	_	
5-7	81-88	Tournef	_	
5-8	88-89	.	_	
5-9	90-93	hat	_	
5-10	94-98	eine	_	
5-11	99-106	zaſigte	_	
5-12	107-113	weiſſe	_	
5-13	114-120	Wurzel	_	
5-14	120-121	,	_	
5-15	122-125	wor	_	
5-16	125-126	-	_	
5-17	127-130	aus	_	
5-18	131-136	viele	_	
5-19	137-144	Stengel	_	
5-20	145-150	einen	_	
5-21	151-156	Schuh	_	
5-22	157-161	lang	_	
5-23	162-169	wachſen	_	
5-24	169-170	,	_	
5-25	171-177	welche	_	
5-26	178-190	mehrentheils	_	
5-27	191-199	aufrecht	_	
5-28	200-206	ſtehen	_	
5-29	206-207	,	_	
5-30	208-214	einige	_	
5-31	215-219	aber	_	
5-32	220-228	kriechen	_	
5-33	229-233	auch	_	
5-34	234-237	auf	_	
5-35	238-241	der	_	
5-36	242-246	Erde	_	
5-37	247-250	hin	_	
5-38	250-251	,	_	
5-39	252-255	und	_	
5-40	256-264	ſchlagen	_	
5-41	265-267	an	_	
5-42	268-273	ihren	_	
5-43	274-282	Gelenken	_	
5-44	283-294	Wuͤrzelchen	_	
5-45	294-295	,	_	
5-46	296-302	welche	_	
5-47	303-307	ſich	_	
5-48	308-310	in	_	
5-49	311-314	der	_	
5-50	315-317	Er	_	
5-51	317-318	-	_	
5-52	319-321	de	_	
5-53	322-332	anklammern	_	
5-54	332-333	.	_	

#Text=Es verlanget dieſes Kraut einen ſchattigten
#Text=und feuchten Ort, weswegen es Tournefort
#Text=Mentham aquaticam nennet.
6-1	337-339	Es	_	
6-2	340-349	verlanget	_	
6-3	350-356	dieſes	_	
6-4	357-362	Kraut	_	
6-5	363-368	einen	_	
6-6	369-380	ſchattigten	_	
6-7	381-384	und	_	
6-8	385-393	feuchten	_	
6-9	394-397	Ort	_	
6-10	397-398	,	_	
6-11	399-407	weswegen	_	
6-12	408-410	es	_	
6-13	411-421	Tournefort	_	
6-14	422-429	Mentham	_	
6-15	430-439	aquaticam	_	
6-16	440-446	nennet	_	
6-17	446-447	.	_	

#Text=Es nimt mit al-
#Text=lem Erdreich vorlieb, und vermehret ſich durch das
#Text=Umwuchern.
7-1	448-450	Es	_	
7-2	451-455	nimt	_	
7-3	456-459	mit	_	
7-4	460-462	al	_	
7-5	462-463	-	_	
7-6	464-467	lem	_	
7-7	468-476	Erdreich	_	
7-8	477-484	vorlieb	_	
7-9	484-485	,	_	
7-10	486-489	und	_	
7-11	490-499	vermehret	_	
7-12	500-504	ſich	_	
7-13	505-510	durch	_	
7-14	511-514	das	_	
7-15	515-524	Umwuchern	_	
7-16	524-525	.	_	

#Text=Wenn man die Stengel abbricht,
#Text=welches im Fruͤhjahre bis zu Ende des Auguſts
#Text=
#Text=geſchehen kan, und ſolche verpflanzet, ſo bekleiben
#Text=ſie auch gerne, nur wollen ſie fleiſſig vom Unkrau-
#Text=te gereiniget und begoſſen ſeyn, welches letztere
#Text=beſonders zu beobachten, wenn man den Poley an
#Text=ein em etwas trockenem Ort pflanzet.
8-1	526-530	Wenn	_	
8-2	531-534	man	_	
8-3	535-538	die	_	
8-4	539-546	Stengel	_	
8-5	547-555	abbricht	_	
8-6	555-556	,	_	
8-7	557-564	welches	_	
8-8	565-567	im	_	
8-9	568-578	Fruͤhjahre	_	
8-10	579-582	bis	_	
8-11	583-585	zu	_	
8-12	586-590	Ende	_	
8-13	591-594	des	_	
8-14	595-602	Auguſts	_	
8-15	604-613	geſchehen	_	
8-16	614-617	kan	_	
8-17	617-618	,	_	
8-18	619-622	und	_	
8-19	623-629	ſolche	_	
8-20	630-641	verpflanzet	_	
8-21	641-642	,	_	
8-22	643-645	ſo	_	
8-23	646-655	bekleiben	_	
8-24	656-659	ſie	_	
8-25	660-664	auch	_	
8-26	665-670	gerne	_	
8-27	670-671	,	_	
8-28	672-675	nur	_	
8-29	676-682	wollen	_	
8-30	683-686	ſie	_	
8-31	687-695	fleiſſig	_	
8-32	696-699	vom	_	
8-33	700-706	Unkrau	_	
8-34	706-707	-	_	
8-35	708-710	te	_	
8-36	711-721	gereiniget	_	
8-37	722-725	und	_	
8-38	726-734	begoſſen	_	
8-39	735-739	ſeyn	_	
8-40	739-740	,	_	
8-41	741-748	welches	_	
8-42	749-757	letztere	_	
8-43	758-767	beſonders	_	
8-44	768-770	zu	_	
8-45	771-781	beobachten	_	
8-46	781-782	,	_	
8-47	783-787	wenn	_	
8-48	788-791	man	_	
8-49	792-795	den	_	
8-50	796-801	Poley	_	
8-51	802-804	an	_	
8-52	805-808	ein	_	
8-53	809-811	em	_	
8-54	812-817	etwas	_	
8-55	818-827	trockenem	_	
8-56	828-831	Ort	_	
8-57	832-840	pflanzet	_	
8-58	840-841	.	_	

#Text=Die-
#Text=
#Text=ſes Kraut riechet uͤberaus wohl und angenehm,
#Text=und bringet ſeine Blumen im Julius hervor, wel-
#Text=che ſich rund um den Stengel an einem jeden Kno-
#Text=ten oder Abſatze anſetzen und zum Theil purpur-
#Text=farbig und blau ſind
9-1	842-845	Die	_	
9-2	845-846	-	_	
9-3	848-851	ſes	_	
9-4	852-857	Kraut	Smell\_Source	
9-5	858-865	riechet	Smell\_Word	
9-6	866-874	uͤberaus	Quality	
9-7	875-879	wohl	Quality	
9-8	880-883	und	_	
9-9	884-892	angenehm	Quality	
9-10	892-893	,	_	
9-11	894-897	und	_	
9-12	898-905	bringet	_	
9-13	906-911	ſeine	_	
9-14	912-918	Blumen	_	
9-15	919-921	im	_	
9-16	922-928	Julius	_	
9-17	929-935	hervor	_	
9-18	935-936	,	_	
9-19	937-940	wel	_	
9-20	940-941	-	_	
9-21	942-945	che	_	
9-22	946-950	ſich	_	
9-23	951-955	rund	_	
9-24	956-958	um	_	
9-25	959-962	den	_	
9-26	963-970	Stengel	_	
9-27	971-973	an	_	
9-28	974-979	einem	_	
9-29	980-985	jeden	_	
9-30	986-989	Kno	_	
9-31	989-990	-	_	
9-32	991-994	ten	_	
9-33	995-999	oder	_	
9-34	1000-1007	Abſatze	_	
9-35	1008-1016	anſetzen	_	
9-36	1017-1020	und	_	
9-37	1021-1024	zum	_	
9-38	1025-1030	Theil	_	
9-39	1031-1037	purpur	_	
9-40	1037-1038	-	_	
9-41	1039-1045	farbig	_	
9-42	1046-1049	und	_	
9-43	1050-1054	blau	_	
9-44	1055-1059	ſind	_	

#Text=.
10-1	1059-1060	.	_	

#Text=§.
#Text=34.
11-1	1063-1064	§	_	
11-2	1064-1065	.	_	
11-3	1066-1068	34	_	
11-4	1068-1069	.	_	

#Text=Der Maͤuſe-Dorn, Rußken, Bruͤß-
#Text=ken, Ruſcus Offic.
12-1	1072-1075	Der	_	
12-2	1076-1087	Maͤuſe-Dorn	_	
12-3	1087-1088	,	_	
12-4	1089-1095	Rußken	_	
12-5	1095-1096	,	_	
12-6	1097-1102	Bruͤß	_	
12-7	1102-1103	-	_	
12-8	1104-1107	ken	_	
12-9	1107-1108	,	_	
12-10	1109-1115	Ruſcus	_	
12-11	1116-1121	Offic	_	
12-12	1121-1122	.	_	

#Text=I.
13-1	1123-1124	I	_	
13-2	1124-1125	.	_	

#Text=B.
14-1	1126-1127	B	_	
14-2	1127-1128	.	_	

#Text=C.
15-1	1129-1130	C	_	
15-2	1130-1131	.	_	

#Text=Bauh.
16-1	1132-1136	Bauh	_	
16-2	1136-1137	.	_	

#Text=Ruſcus myr-
#Text=tifolius, aculeatus, Tournef.
#Text=iſt ein niedriger
#Text=Strauch, hat weiſſe knollichte Wurzeln, und trei-
#Text=
#Text=bet
#Text=
#Text=\f
#Text=[239/0249
#Text=]
#Text=
#Text=gehoͤrigen Kraͤutern und Wurzeln.
17-1	1138-1144	Ruſcus	_	
17-2	1145-1148	myr	_	
17-3	1148-1149	-	_	
17-4	1150-1158	tifolius	_	
17-5	1158-1159	,	_	
17-6	1160-1169	aculeatus	_	
17-7	1169-1170	,	_	
17-8	1171-1178	Tournef	_	
17-9	1178-1179	.	_	
17-10	1180-1183	iſt	_	
17-11	1184-1187	ein	_	
17-12	1188-1197	niedriger	_	
17-13	1198-1205	Strauch	_	
17-14	1205-1206	,	_	
17-15	1207-1210	hat	_	
17-16	1211-1217	weiſſe	_	
17-17	1218-1228	knollichte	_	
17-18	1229-1236	Wurzeln	_	
17-19	1236-1237	,	_	
17-20	1238-1241	und	_	
17-21	1242-1246	trei	_	
17-22	1246-1247	-	_	
17-23	1249-1252	bet	_	
17-24	1256-1257	[	_	
17-25	1257-1260	239	_	
17-26	1260-1261	/	_	
17-27	1261-1265	0249	_	
17-28	1266-1267	]	_	
17-29	1269-1279	gehoͤrigen	_	
17-30	1280-1289	Kraͤutern	_	
17-31	1290-1293	und	_	
17-32	1294-1301	Wurzeln	_	
17-33	1301-1302	.	_	
