#FORMAT=WebAnno TSV 3.3
#T_SP=custom.Span|label
#T_RL=custom.Relation|label|BT_custom.Span


#Text=geopffert worden fuͤr die Suͤnde deß Menſchlichen Geſchlechts.
1-1	0-9	geopffert	_	_	_	
1-2	10-16	worden	_	_	_	
1-3	17-21	fuͤr	_	_	_	
1-4	22-25	die	_	_	_	
1-5	26-32	Suͤnde	_	_	_	
1-6	33-36	deß	_	_	_	
1-7	37-49	Menſchlichen	_	_	_	
1-8	50-61	Geſchlechts	_	_	_	
1-9	61-62	.	_	_	_	

#Text=Dißmahl
#Text=bleiben wir alleine ſtehen bey dem erſten Wort wir vnd vns.
2-1	63-70	Dißmahl	_	_	_	
2-2	71-78	bleiben	_	_	_	
2-3	79-82	wir	_	_	_	
2-4	83-90	alleine	_	_	_	
2-5	91-97	ſtehen	_	_	_	
2-6	98-101	bey	_	_	_	
2-7	102-105	dem	_	_	_	
2-8	106-112	erſten	_	_	_	
2-9	113-117	Wort	_	_	_	
2-10	118-121	wir	_	_	_	
2-11	122-125	vnd	_	_	_	
2-12	126-129	vns	_	_	_	
2-13	129-130	.	_	_	_	

#Text=Wer ſein die
#Text=Wir vnd Vns?
3-1	131-134	Wer	_	_	_	
3-2	135-139	ſein	_	_	_	
3-3	140-143	die	_	_	_	
3-4	144-147	Wir	_	_	_	
3-5	148-151	vnd	_	_	_	
3-6	152-155	Vns	_	_	_	
3-7	155-156	?	_	_	_	

#Text=Vmb welcher willen ſolch thewer vnd koſtbar Opffer
#Text=
#Text=vnd Raͤuchwerck hat muͤſſen
#Text=angezuͤndet vnd außgethan werden;
#Text=nemlich
#Text=wir ſtinckende Boͤcke vnd
#Text=vnflaͤter.
4-1	157-160	Vmb	_	_	_	
4-2	161-168	welcher	_	_	_	
4-3	169-175	willen	_	_	_	
4-4	176-181	ſolch	_	_	_	
4-5	182-188	thewer	_	_	_	
4-6	189-192	vnd	_	_	_	
4-7	193-200	koſtbar	_	_	_	
4-8	201-207	Opffer	_	_	_	
4-9	209-212	vnd	_	_	_	
4-10	213-224	Raͤuchwerck	_	_	_	
4-11	225-228	hat	_	_	_	
4-12	229-236	muͤſſen	_	_	_	
4-13	237-248	angezuͤndet	_	_	_	
4-14	249-252	vnd	_	_	_	
4-15	253-262	außgethan	_	_	_	
4-16	263-269	werden	_	_	_	
4-17	269-270	;	_	_	_	
4-18	271-278	nemlich	_	_	_	
4-19	279-282	wir	Smell\_Source	_	_	
4-20	283-293	ſtinckende	Smell\_Word	*	4-19	
4-21	294-300	Boͤcke	Smell\_Source[1]	Anaphoric	4-19[0_1]	
4-22	301-304	vnd	Smell\_Source[1]	_	_	
4-23	305-314	vnflaͤter	Smell\_Source[1]	_	_	
4-24	314-315	.	_	_	_	

#Text=Wir muͤſſen die Camarinam den Koth
#Text=
#Text=ruͤttelen/ ſolle er anders vnſer Hertz fruchtbar machen.
5-1	316-319	Wir	_	_	_	
5-2	320-327	muͤſſen	_	_	_	
5-3	328-331	die	_	_	_	
5-4	332-341	Camarinam	_	_	_	
5-5	342-345	den	_	_	_	
5-6	346-350	Koth	_	_	_	
5-7	352-361	ruͤttelen	_	_	_	
5-8	361-362	/	_	_	_	
5-9	363-368	ſolle	_	_	_	
5-10	369-371	er	_	_	_	
5-11	372-378	anders	_	_	_	
5-12	379-384	vnſer	_	_	_	
5-13	385-390	Hertz	_	_	_	
5-14	391-400	fruchtbar	_	_	_	
5-15	401-407	machen	_	_	_	
5-16	407-408	.	_	_	_	

#Text=Die Sonn der
#Text=Gerechtigkeit woll mit dero Gnaden-ſtrahlen in den Miſt ſcheinen/ daß er
#Text=auffgefriere/ daß wir jhn recht riechen
#Text=vnd dardurch fruchtbarlich erbawet
#Text=
#Text=werden/
#Text=Amen.
#Text=
#Text=
#Text=
#Text=1.
6-1	409-412	Die	Circumstances[2]	_	_	
6-2	413-417	Sonn	Circumstances[2]	_	_	
6-3	418-421	der	Circumstances[2]	_	_	
6-4	422-435	Gerechtigkeit	Circumstances[2]	_	_	
6-5	436-440	woll	Circumstances[2]	_	_	
6-6	441-444	mit	Circumstances[2]	_	_	
6-7	445-449	dero	Circumstances[2]	_	_	
6-8	450-465	Gnaden-ſtrahlen	Circumstances[2]	_	_	
6-9	466-468	in	Circumstances[2]	_	_	
6-10	469-472	den	Circumstances[2]	_	_	
6-11	473-477	Miſt	Circumstances[2]	_	_	
6-12	478-486	ſcheinen	Circumstances[2]	_	_	
6-13	486-487	/	_	_	_	
6-14	488-491	daß	_	_	_	
6-15	492-494	er	_	_	_	
6-16	495-507	auffgefriere	_	_	_	
6-17	507-508	/	_	_	_	
6-18	509-512	daß	_	_	_	
6-19	513-516	wir	Perceiver	_	_	
6-20	517-520	jhn	Smell\_Source	_	_	
6-21	521-526	recht	_	_	_	
6-22	527-534	riechen	Smell\_Word	*|*|*|*	6-24[3_0]|6-19|6-20|6-1[2_0]	
6-23	535-538	vnd	_	_	_	
6-24	539-547	dardurch	Effect[3]	_	_	
6-25	548-561	fruchtbarlich	Effect[3]	_	_	
6-26	562-569	erbawet	Effect[3]	_	_	
6-27	571-577	werden	Effect[3]	_	_	
6-28	577-578	/	_	_	_	
6-29	579-583	Amen	_	_	_	
6-30	583-584	.	_	_	_	
6-31	588-589	1	_	_	_	
6-32	589-590	.	_	_	_	

#Text=Cor. 5, 7.
7-1	591-594	Cor	_	_	_	
7-2	594-595	.	_	_	_	
7-3	596-597	5	_	_	_	
7-4	597-598	,	_	_	_	
7-5	599-600	7	_	_	_	
7-6	600-601	.	_	_	_	

#Text=WEr ſein nun die Wir?
8-1	603-606	WEr	_	_	_	
8-2	607-611	ſein	_	_	_	
8-3	612-615	nun	_	_	_	
8-4	616-619	die	_	_	_	
8-5	620-623	Wir	_	_	_	
8-6	623-624	?	_	_	_	

#Text=Wer ſein die Vnflaͤter/ die ſich ſo vbel
#Text=gehalten/ daß man einen ſolchen ſtarcken/ ſuͤſſen Rauch machen
#Text=muͤſſen.
9-1	625-628	Wer	_	_	_	
9-2	629-633	ſein	_	_	_	
9-3	634-637	die	_	_	_	
9-4	638-647	Vnflaͤter	_	_	_	
9-5	647-648	/	_	_	_	
9-6	649-652	die	_	_	_	
9-7	653-657	ſich	_	_	_	
9-8	658-660	ſo	_	_	_	
9-9	661-665	vbel	_	_	_	
9-10	666-674	gehalten	_	_	_	
9-11	674-675	/	_	_	_	
9-12	676-679	daß	_	_	_	
9-13	680-683	man	_	_	_	
9-14	684-689	einen	_	_	_	
9-15	690-697	ſolchen	_	_	_	
9-16	698-706	ſtarcken	_	_	_	
9-17	706-707	/	_	_	_	
9-18	708-715	ſuͤſſen	_	_	_	
9-19	716-721	Rauch	_	_	_	
9-20	722-728	machen	_	_	_	
9-21	729-736	muͤſſen	_	_	_	
9-22	736-737	.	_	_	_	

#Text=Zwar die Jſraeliter ſind ſolche Vnflaͤter geweſen/ auff
#Text=
#Text=dieſelbe
#Text=
#Text=
#Text=k\f
#Text=[810/0294
#Text=]
10-1	738-742	Zwar	_	_	_	
10-2	743-746	die	_	_	_	
10-3	747-757	Jſraeliter	_	_	_	
10-4	758-762	ſind	_	_	_	
10-5	763-769	ſolche	_	_	_	
10-6	770-779	Vnflaͤter	_	_	_	
10-7	780-787	geweſen	_	_	_	
10-8	787-788	/	_	_	_	
10-9	789-793	auff	_	_	_	
10-10	795-803	dieſelbe	_	_	_	
10-11	806-807	k	_	_	_	
10-12	809-810	[	_	_	_	
10-13	810-813	810	_	_	_	
10-14	813-814	/	_	_	_	
10-15	814-818	0294	_	_	_	
10-16	819-820	]	_	_	_	
