#FORMAT=WebAnno TSV 3.3


#Text=13 Et dixit mihi : In Jacob inhabita, et in Israël hæreditare, et in electis meis mitte radices.
#Text=14 Ab initio et ante sæcula creata sum, et usque ad futurum sæculum non desinam : et in habitatione sancta coram ipso ministravi.
#Text=15 Et sic in Sion firmata sum, et in civitate sanctificata similiter requievi, et in Jerusalem potestas mea.
#Text=16 Et radicavi in populo honorificato, et in parte Dei mei hæreditas illius, et in plenitudine sanctorum detentio mea.
#Text=17 Quasi cedrus exaltata sum in Libano, et quasi cypressus in monte Sion : 18 quasi palma exaltata sum in Cades, et quasi plantatio rosæ in Jericho : 19 quasi oliva speciosa in campis, et quasi platanus exaltata sum juxta aquam in plateis.
#Text=20 Sicut cinnamomum et balsamum aromatizans odorem dedi ; quasi myrrha electa dedi suavitatem odoris : 21 et quasi storax, et galbanus, et ungula, et gutta, et quasi Libanus non incisus vaporavi habitationem meam, et quasi balsamum non mistum odor meus.
#Text=22 Ego quasi terebinthus extendi ramos meos, et rami mei honoris et gratiæ.
#Text=23 Ego quasi vitis fructificavi suavitatem odoris : et flores mei fructus honoris et honestatis.
#Text=24 Ego mater pulchræ dilectionis, et timoris, et agnitionis, et sanctæ spei.
#Text=25 In me gratia omnis viæ et veritatis : in me omnis spes vitæ et virtutis.
#Text=26 Transite ad me, omnes qui concupiscitis me, et a generationibus meis implemini : 27 spiritus enim meus super mel dulcis, et hæreditas mea super mel et favum.
#Text=28 Memoria mea in generationes sæculorum.
#Text=29 Qui edunt me, adhuc esurient, et qui bibunt me, adhuc sitient.
#Text=30 Qui audit me non confundetur, et qui operantur in me non peccabunt : 31 qui elucidant me, vitam æternam habebunt.
#Text=32 Hæc omnia liber vitæ, et testamentum Altissimi, et agnitio veritatis.
#Text=33 Legem mandavit Moyses in præceptis justitiarum, et hæreditatem domui Jacob, et Israël promissiones.
#Text=34 Posuit David, puero suo, excitare regem ex ipso fortissimum, et in throno honoris sedentem in sempiternum.
#Text=35 Qui implet quasi Phison sapientiam, et sicut Tigris in diebus novorum : 36 qui adimplet quasi Euphrates sensum, qui multiplicat quasi Jordanis in tempore messis : 37 qui mittit disciplinam sicut lucem, et assistens quasi Gehon in die vindemiæ.
#Text=38 Qui perficit primus scire ipsam, et infirmior non investigabit eam.
#Text=39 A mari enim abundavit cogitatio ejus, et consilium illius ab abysso magna.
1-1	2-4	13	
1-2	5-7	Et	
1-3	8-13	dixit	
1-4	14-18	mihi	
1-5	19-20	:	
1-6	21-23	In	
1-7	24-29	Jacob	
1-8	30-38	inhabita	
1-9	38-39	,	
1-10	40-42	et	
1-11	43-45	in	
1-12	46-52	Israël	
1-13	53-63	hæreditare	
1-14	63-64	,	
1-15	65-67	et	
1-16	68-70	in	
1-17	71-78	electis	
1-18	79-83	meis	
1-19	84-89	mitte	
1-20	90-97	radices	
1-21	97-98	.	
1-22	99-101	14	
1-23	102-104	Ab	
1-24	105-111	initio	
1-25	112-114	et	
1-26	115-119	ante	
1-27	120-126	sæcula	
1-28	127-133	creata	
1-29	134-137	sum	
1-30	137-138	,	
1-31	139-141	et	
1-32	142-147	usque	
1-33	148-150	ad	
1-34	151-158	futurum	
1-35	159-166	sæculum	
1-36	167-170	non	
1-37	171-178	desinam	
1-38	179-180	:	
1-39	181-183	et	
1-40	184-186	in	
1-41	187-198	habitatione	
1-42	199-205	sancta	
1-43	206-211	coram	
1-44	212-216	ipso	
1-45	217-227	ministravi	
1-46	227-228	.	
1-47	229-231	15	
1-48	232-234	Et	
1-49	235-238	sic	
1-50	239-241	in	
1-51	242-246	Sion	
1-52	247-254	firmata	
1-53	255-258	sum	
1-54	258-259	,	
1-55	260-262	et	
1-56	263-265	in	
1-57	266-274	civitate	
1-58	275-287	sanctificata	
1-59	288-297	similiter	
1-60	298-306	requievi	
1-61	306-307	,	
1-62	308-310	et	
1-63	311-313	in	
1-64	314-323	Jerusalem	
1-65	324-332	potestas	
1-66	333-336	mea	
1-67	336-337	.	
1-68	338-340	16	
1-69	341-343	Et	
1-70	344-352	radicavi	
1-71	353-355	in	
1-72	356-362	populo	
1-73	363-375	honorificato	
1-74	375-376	,	
1-75	377-379	et	
1-76	380-382	in	
1-77	383-388	parte	
1-78	389-392	Dei	
1-79	393-396	mei	
1-80	397-406	hæreditas	
1-81	407-413	illius	
1-82	413-414	,	
1-83	415-417	et	
1-84	418-420	in	
1-85	421-432	plenitudine	
1-86	433-442	sanctorum	
1-87	443-451	detentio	
1-88	452-455	mea	
1-89	455-456	.	
1-90	457-459	17	
1-91	460-465	Quasi	
1-92	466-472	cedrus	
1-93	473-481	exaltata	
1-94	482-485	sum	
1-95	486-488	in	
1-96	489-495	Libano	
1-97	495-496	,	
1-98	497-499	et	
1-99	500-505	quasi	
1-100	506-515	cypressus	
1-101	516-518	in	
1-102	519-524	monte	
1-103	525-529	Sion	
1-104	530-531	:	
1-105	532-534	18	
1-106	535-540	quasi	
1-107	541-546	palma	
1-108	547-555	exaltata	
1-109	556-559	sum	
1-110	560-562	in	
1-111	563-568	Cades	
1-112	568-569	,	
1-113	570-572	et	
1-114	573-578	quasi	
1-115	579-588	plantatio	
1-116	589-593	rosæ	
1-117	594-596	in	
1-118	597-604	Jericho	
1-119	605-606	:	
1-120	607-609	19	
1-121	610-615	quasi	
1-122	616-621	oliva	
1-123	622-630	speciosa	
1-124	631-633	in	
1-125	634-640	campis	
1-126	640-641	,	
1-127	642-644	et	
1-128	645-650	quasi	
1-129	651-659	platanus	
1-130	660-668	exaltata	
1-131	669-672	sum	
1-132	673-678	juxta	
1-133	679-684	aquam	
1-134	685-687	in	
1-135	688-695	plateis	
1-136	695-696	.	
1-137	697-699	20	
1-138	700-705	Sicut	
1-139	706-716	cinnamomum	
1-140	717-719	et	
1-141	720-728	balsamum	
1-142	729-740	aromatizans	
1-143	741-747	odorem	
1-144	748-752	dedi	
1-145	753-754	;	
1-146	755-760	quasi	
1-147	761-767	myrrha	
1-148	768-774	electa	
1-149	775-779	dedi	
1-150	780-790	suavitatem	
1-151	791-797	odoris	
1-152	798-799	:	
1-153	800-802	21	
1-154	803-805	et	
1-155	806-811	quasi	
1-156	812-818	storax	
1-157	818-819	,	
1-158	820-822	et	
1-159	823-831	galbanus	
1-160	831-832	,	
1-161	833-835	et	
1-162	836-842	ungula	
1-163	842-843	,	
1-164	844-846	et	
1-165	847-852	gutta	
1-166	852-853	,	
1-167	854-856	et	
1-168	857-862	quasi	
1-169	863-870	Libanus	
1-170	871-874	non	
1-171	875-882	incisus	
1-172	883-891	vaporavi	
1-173	892-904	habitationem	
1-174	905-909	meam	
1-175	909-910	,	
1-176	911-913	et	
1-177	914-919	quasi	
1-178	920-928	balsamum	
1-179	929-932	non	
1-180	933-939	mistum	
1-181	940-944	odor	
1-182	945-949	meus	
1-183	949-950	.	
1-184	951-953	22	
1-185	954-957	Ego	
1-186	958-963	quasi	
1-187	964-975	terebinthus	
1-188	976-983	extendi	
1-189	984-989	ramos	
1-190	990-994	meos	
1-191	994-995	,	
1-192	996-998	et	
1-193	999-1003	rami	
1-194	1004-1007	mei	
1-195	1008-1015	honoris	
1-196	1016-1018	et	
1-197	1019-1025	gratiæ	
1-198	1025-1026	.	
1-199	1027-1029	23	
1-200	1030-1033	Ego	
1-201	1034-1039	quasi	
1-202	1040-1045	vitis	
1-203	1046-1058	fructificavi	
1-204	1059-1069	suavitatem	
1-205	1070-1076	odoris	
1-206	1077-1078	:	
1-207	1079-1081	et	
1-208	1082-1088	flores	
1-209	1089-1092	mei	
1-210	1093-1100	fructus	
1-211	1101-1108	honoris	
1-212	1109-1111	et	
1-213	1112-1122	honestatis	
1-214	1122-1123	.	
1-215	1124-1126	24	
1-216	1127-1130	Ego	
1-217	1131-1136	mater	
1-218	1137-1144	pulchræ	
1-219	1145-1156	dilectionis	
1-220	1156-1157	,	
1-221	1158-1160	et	
1-222	1161-1168	timoris	
1-223	1168-1169	,	
1-224	1170-1172	et	
1-225	1173-1183	agnitionis	
1-226	1183-1184	,	
1-227	1185-1187	et	
1-228	1188-1194	sanctæ	
1-229	1195-1199	spei	
1-230	1199-1200	.	
1-231	1201-1203	25	
1-232	1204-1206	In	
1-233	1207-1209	me	
1-234	1210-1216	gratia	
1-235	1217-1222	omnis	
1-236	1223-1226	viæ	
1-237	1227-1229	et	
1-238	1230-1239	veritatis	
1-239	1240-1241	:	
1-240	1242-1244	in	
1-241	1245-1247	me	
1-242	1248-1253	omnis	
1-243	1254-1258	spes	
1-244	1259-1263	vitæ	
1-245	1264-1266	et	
1-246	1267-1275	virtutis	
1-247	1275-1276	.	
1-248	1277-1279	26	
1-249	1280-1288	Transite	
1-250	1289-1291	ad	
1-251	1292-1294	me	
1-252	1294-1295	,	
1-253	1296-1301	omnes	
1-254	1302-1305	qui	
1-255	1306-1319	concupiscitis	
1-256	1320-1322	me	
1-257	1322-1323	,	
1-258	1324-1326	et	
1-259	1327-1328	a	
1-260	1329-1343	generationibus	
1-261	1344-1348	meis	
1-262	1349-1358	implemini	
1-263	1359-1360	:	
1-264	1361-1363	27	
1-265	1364-1372	spiritus	
1-266	1373-1377	enim	
1-267	1378-1382	meus	
1-268	1383-1388	super	
1-269	1389-1392	mel	
1-270	1393-1399	dulcis	
1-271	1399-1400	,	
1-272	1401-1403	et	
1-273	1404-1413	hæreditas	
1-274	1414-1417	mea	
1-275	1418-1423	super	
1-276	1424-1427	mel	
1-277	1428-1430	et	
1-278	1431-1436	favum	
1-279	1436-1437	.	
1-280	1438-1440	28	
1-281	1441-1448	Memoria	
1-282	1449-1452	mea	
1-283	1453-1455	in	
1-284	1456-1468	generationes	
1-285	1469-1478	sæculorum	
1-286	1478-1479	.	
1-287	1480-1482	29	
1-288	1483-1486	Qui	
1-289	1487-1492	edunt	
1-290	1493-1495	me	
1-291	1495-1496	,	
1-292	1497-1502	adhuc	
1-293	1503-1511	esurient	
1-294	1511-1512	,	
1-295	1513-1515	et	
1-296	1516-1519	qui	
1-297	1520-1526	bibunt	
1-298	1527-1529	me	
1-299	1529-1530	,	
1-300	1531-1536	adhuc	
1-301	1537-1544	sitient	
1-302	1544-1545	.	
1-303	1546-1548	30	
1-304	1549-1552	Qui	
1-305	1553-1558	audit	
1-306	1559-1561	me	
1-307	1562-1565	non	
1-308	1566-1577	confundetur	
1-309	1577-1578	,	
1-310	1579-1581	et	
1-311	1582-1585	qui	
1-312	1586-1595	operantur	
1-313	1596-1598	in	
1-314	1599-1601	me	
1-315	1602-1605	non	
1-316	1606-1615	peccabunt	
1-317	1616-1617	:	
1-318	1618-1620	31	
1-319	1621-1624	qui	
1-320	1625-1634	elucidant	
1-321	1635-1637	me	
1-322	1637-1638	,	
1-323	1639-1644	vitam	
1-324	1645-1652	æternam	
1-325	1653-1661	habebunt	
1-326	1661-1662	.	
1-327	1663-1665	32	
1-328	1666-1669	Hæc	
1-329	1670-1675	omnia	
1-330	1676-1681	liber	
1-331	1682-1686	vitæ	
1-332	1686-1687	,	
1-333	1688-1690	et	
1-334	1691-1702	testamentum	
1-335	1703-1712	Altissimi	
1-336	1712-1713	,	
1-337	1714-1716	et	
1-338	1717-1724	agnitio	
1-339	1725-1734	veritatis	
1-340	1734-1735	.	
1-341	1736-1738	33	
1-342	1739-1744	Legem	
1-343	1745-1753	mandavit	
1-344	1754-1760	Moyses	
1-345	1761-1763	in	
1-346	1764-1773	præceptis	
1-347	1774-1785	justitiarum	
1-348	1785-1786	,	
1-349	1787-1789	et	
1-350	1790-1801	hæreditatem	
1-351	1802-1807	domui	
1-352	1808-1813	Jacob	
1-353	1813-1814	,	
1-354	1815-1817	et	
1-355	1818-1824	Israël	
1-356	1825-1837	promissiones	
1-357	1837-1838	.	
1-358	1839-1841	34	
1-359	1842-1848	Posuit	
1-360	1849-1854	David	
1-361	1854-1855	,	
1-362	1856-1861	puero	
1-363	1862-1865	suo	
1-364	1865-1866	,	
1-365	1867-1875	excitare	
1-366	1876-1881	regem	
1-367	1882-1884	ex	
1-368	1885-1889	ipso	
1-369	1890-1901	fortissimum	
1-370	1901-1902	,	
1-371	1903-1905	et	
1-372	1906-1908	in	
1-373	1909-1915	throno	
1-374	1916-1923	honoris	
1-375	1924-1932	sedentem	
1-376	1933-1935	in	
1-377	1936-1947	sempiternum	
1-378	1947-1948	.	
1-379	1949-1951	35	
1-380	1952-1955	Qui	
1-381	1956-1962	implet	
1-382	1963-1968	quasi	
1-383	1969-1975	Phison	
1-384	1976-1986	sapientiam	
1-385	1986-1987	,	
1-386	1988-1990	et	
1-387	1991-1996	sicut	
1-388	1997-2003	Tigris	
1-389	2004-2006	in	
1-390	2007-2013	diebus	
1-391	2014-2021	novorum	
1-392	2022-2023	:	
1-393	2024-2026	36	
1-394	2027-2030	qui	
1-395	2031-2039	adimplet	
1-396	2040-2045	quasi	
1-397	2046-2055	Euphrates	
1-398	2056-2062	sensum	
1-399	2062-2063	,	
1-400	2064-2067	qui	
1-401	2068-2079	multiplicat	
1-402	2080-2085	quasi	
1-403	2086-2094	Jordanis	
1-404	2095-2097	in	
1-405	2098-2105	tempore	
1-406	2106-2112	messis	
1-407	2113-2114	:	
1-408	2115-2117	37	
1-409	2118-2121	qui	
1-410	2122-2128	mittit	
1-411	2129-2140	disciplinam	
1-412	2141-2146	sicut	
1-413	2147-2152	lucem	
1-414	2152-2153	,	
1-415	2154-2156	et	
1-416	2157-2166	assistens	
1-417	2167-2172	quasi	
1-418	2173-2178	Gehon	
1-419	2179-2181	in	
1-420	2182-2185	die	
1-421	2186-2194	vindemiæ	
1-422	2194-2195	.	
1-423	2196-2198	38	
1-424	2199-2202	Qui	
1-425	2203-2211	perficit	
1-426	2212-2218	primus	
1-427	2219-2224	scire	
1-428	2225-2230	ipsam	
1-429	2230-2231	,	
1-430	2232-2234	et	
1-431	2235-2244	infirmior	
1-432	2245-2248	non	
1-433	2249-2261	investigabit	
1-434	2262-2265	eam	
1-435	2265-2266	.	
1-436	2267-2269	39	
1-437	2270-2271	A	
1-438	2272-2276	mari	
1-439	2277-2281	enim	
1-440	2282-2291	abundavit	
1-441	2292-2301	cogitatio	
1-442	2302-2306	ejus	
1-443	2306-2307	,	
1-444	2308-2310	et	
1-445	2311-2320	consilium	
1-446	2321-2327	illius	
1-447	2328-2330	ab	
1-448	2331-2337	abysso	
1-449	2338-2343	magna	
1-450	2343-2344	.	
