#FORMAT=WebAnno TSV 3.3


#Text=Die Verſchönerungs- und Erhaltungsarbeiten.
1-1	0-3	Die	
1-2	4-18	Verſchönerungs	
1-3	18-19	-	
1-4	20-23	und	
1-5	24-42	Erhaltungsarbeiten	
1-6	42-43	.	

#Text=benutzt wird.
2-1	47-54	benutzt	
2-2	55-59	wird	
2-3	59-60	.	

#Text=Die Feuervergoldung, wie man es auch nennt, iſt zu-
#Text=gleich die älteſte unter allen Metallüberziehungen und wird ſchon von
#Text=Plinius erwähnt.
3-1	61-64	Die	
3-2	65-80	Feuervergoldung	
3-3	80-81	,	
3-4	82-85	wie	
3-5	86-89	man	
3-6	90-92	es	
3-7	93-97	auch	
3-8	98-103	nennt	
3-9	103-104	,	
3-10	105-108	iſt	
3-11	109-111	zu	
3-12	111-112	-	
3-13	113-119	gleich	
3-14	120-123	die	
3-15	124-131	älteſte	
3-16	132-137	unter	
3-17	138-143	allen	
3-18	144-163	Metallüberziehungen	
3-19	164-167	und	
3-20	168-172	wird	
3-21	173-178	ſchon	
3-22	179-182	von	
3-23	183-190	Plinius	
3-24	191-198	erwähnt	
3-25	198-199	.	

#Text=Man benutzt dazu möglichſt reines Gold, wenn eine
#Text=gelbe Vergoldung hervorgebracht werden ſoll;
#Text=eine Legierung von
#Text=Gold und Silber giebt eine grüne, eine Kupferlegierung eine mehr
#Text=rötliche Färbung.
4-1	200-203	Man	
4-2	204-211	benutzt	
4-3	212-216	dazu	
4-4	217-226	möglichſt	
4-5	227-233	reines	
4-6	234-238	Gold	
4-7	238-239	,	
4-8	240-244	wenn	
4-9	245-249	eine	
4-10	250-255	gelbe	
4-11	256-266	Vergoldung	
4-12	267-281	hervorgebracht	
4-13	282-288	werden	
4-14	289-293	ſoll	
4-15	293-294	;	
4-16	295-299	eine	
4-17	300-309	Legierung	
4-18	310-313	von	
4-19	314-318	Gold	
4-20	319-322	und	
4-21	323-329	Silber	
4-22	330-335	giebt	
4-23	336-340	eine	
4-24	341-346	grüne	
4-25	346-347	,	
4-26	348-352	eine	
4-27	353-368	Kupferlegierung	
4-28	369-373	eine	
4-29	374-378	mehr	
4-30	379-387	rötliche	
4-31	388-395	Färbung	
4-32	395-396	.	

#Text=Zum Gebrauche wird das Gold in kleine Stäbchen
#Text=geſchnitten, in einem Tiegel bis zur Rotglut erhitzt, dann das acht-
#Text=fache Gewicht reinen Queckſilbers hinzugethan und unter Umrühren
#Text=
#Text=noch einige Minuten erwärmt.
5-1	397-400	Zum	
5-2	401-410	Gebrauche	
5-3	411-415	wird	
5-4	416-419	das	
5-5	420-424	Gold	
5-6	425-427	in	
5-7	428-434	kleine	
5-8	435-443	Stäbchen	
5-9	444-455	geſchnitten	
5-10	455-456	,	
5-11	457-459	in	
5-12	460-465	einem	
5-13	466-472	Tiegel	
5-14	473-476	bis	
5-15	477-480	zur	
5-16	481-488	Rotglut	
5-17	489-496	erhitzt	
5-18	496-497	,	
5-19	498-502	dann	
5-20	503-506	das	
5-21	507-511	acht	
5-22	511-512	-	
5-23	513-518	fache	
5-24	519-526	Gewicht	
5-25	527-533	reinen	
5-26	534-546	Queckſilbers	
5-27	547-558	hinzugethan	
5-28	559-562	und	
5-29	563-568	unter	
5-30	569-577	Umrühren	
5-31	579-583	noch	
5-32	584-590	einige	
5-33	591-598	Minuten	
5-34	599-606	erwärmt	
5-35	606-607	.	

#Text=Das ſo entſtandene Amalgam gießt
#Text=man in kaltes Waſſer, damit eine ſchnelle Abkühlung und keine Kryſtalli-
#Text=ſation erfolge.
6-1	608-611	Das	
6-2	612-614	ſo	
6-3	615-626	entſtandene	
6-4	627-634	Amalgam	
6-5	635-640	gießt	
6-6	641-644	man	
6-7	645-647	in	
6-8	648-654	kaltes	
6-9	655-661	Waſſer	
6-10	661-662	,	
6-11	663-668	damit	
6-12	669-673	eine	
6-13	674-682	ſchnelle	
6-14	683-692	Abkühlung	
6-15	693-696	und	
6-16	697-702	keine	
6-17	703-712	Kryſtalli	
6-18	712-713	-	
6-19	714-720	ſation	
6-20	721-728	erfolge	
6-21	728-729	.	

#Text=Das überſchüſſige Queckſilber wird entfernt durch
#Text=Drücken und Kneten, das ſo lange fortgeſetzt wird, bis das kalte
#Text=Amalgam eine teigartige Konſiſtenz erlangt hat.
7-1	730-733	Das	
7-2	734-747	überſchüſſige	
7-3	748-759	Queckſilber	
7-4	760-764	wird	
7-5	765-773	entfernt	
7-6	774-779	durch	
7-7	780-787	Drücken	
7-8	788-791	und	
7-9	792-798	Kneten	
7-10	798-799	,	
7-11	800-803	das	
7-12	804-806	ſo	
7-13	807-812	lange	
7-14	813-824	fortgeſetzt	
7-15	825-829	wird	
7-16	829-830	,	
7-17	831-834	bis	
7-18	835-838	das	
7-19	839-844	kalte	
7-20	845-852	Amalgam	
7-21	853-857	eine	
7-22	858-868	teigartige	
7-23	869-879	Konſiſtenz	
7-24	880-887	erlangt	
7-25	888-891	hat	
7-26	891-892	.	

#Text=Da das Amalgam
#Text=auf einer matten Oberfläche beſſer haftet als auf einer glatten, ſo wird
#Text=der zu vergoldende Gegenſtand erſt erhitzt, dann gebeizt und abgetrocknet
#Text=und dann erſt das Amalgam mit einer Meſſingbürſte aufgetragen, die
#Text=vorher in Quickwaſſer getaucht wurde, d. h. in eine verdünnte Auf-
#Text=löſung von ſalpeterſaurem Queckſilber.
8-1	893-895	Da	
8-2	896-899	das	
8-3	900-907	Amalgam	
8-4	908-911	auf	
8-5	912-917	einer	
8-6	918-924	matten	
8-7	925-935	Oberfläche	
8-8	936-942	beſſer	
8-9	943-949	haftet	
8-10	950-953	als	
8-11	954-957	auf	
8-12	958-963	einer	
8-13	964-971	glatten	
8-14	971-972	,	
8-15	973-975	ſo	
8-16	976-980	wird	
8-17	981-984	der	
8-18	985-987	zu	
8-19	988-999	vergoldende	
8-20	1000-1010	Gegenſtand	
8-21	1011-1015	erſt	
8-22	1016-1023	erhitzt	
8-23	1023-1024	,	
8-24	1025-1029	dann	
8-25	1030-1037	gebeizt	
8-26	1038-1041	und	
8-27	1042-1054	abgetrocknet	
8-28	1055-1058	und	
8-29	1059-1063	dann	
8-30	1064-1068	erſt	
8-31	1069-1072	das	
8-32	1073-1080	Amalgam	
8-33	1081-1084	mit	
8-34	1085-1090	einer	
8-35	1091-1104	Meſſingbürſte	
8-36	1105-1116	aufgetragen	
8-37	1116-1117	,	
8-38	1118-1121	die	
8-39	1122-1128	vorher	
8-40	1129-1131	in	
8-41	1132-1143	Quickwaſſer	
8-42	1144-1152	getaucht	
8-43	1153-1158	wurde	
8-44	1158-1159	,	
8-45	1160-1161	d	
8-46	1161-1162	.	
8-47	1163-1164	h	
8-48	1164-1165	.	
8-49	1166-1168	in	
8-50	1169-1173	eine	
8-51	1174-1183	verdünnte	
8-52	1184-1187	Auf	
8-53	1187-1188	-	
8-54	1189-1195	löſung	
8-55	1196-1199	von	
8-56	1200-1214	ſalpeterſaurem	
8-57	1215-1226	Queckſilber	
8-58	1226-1227	.	

#Text=Dann wird die Säure ab-
#Text=geſpült, der Gegenſtand getrocknet und über Holzkohlenfeuer ſoweit
#Text=erhitzt, daß das Queckſilber ſich verflüchtigt, er wird abgeraucht.
9-1	1228-1232	Dann	
9-2	1233-1237	wird	
9-3	1238-1241	die	
9-4	1242-1247	Säure	
9-5	1248-1250	ab	
9-6	1250-1251	-	
9-7	1252-1259	geſpült	
9-8	1259-1260	,	
9-9	1261-1264	der	
9-10	1265-1275	Gegenſtand	
9-11	1276-1286	getrocknet	
9-12	1287-1290	und	
9-13	1291-1295	über	
9-14	1296-1311	Holzkohlenfeuer	
9-15	1312-1318	ſoweit	
9-16	1319-1326	erhitzt	
9-17	1326-1327	,	
9-18	1328-1331	daß	
9-19	1332-1335	das	
9-20	1336-1347	Queckſilber	
9-21	1348-1352	ſich	
9-22	1353-1365	verflüchtigt	
9-23	1365-1366	,	
9-24	1367-1369	er	
9-25	1370-1374	wird	
9-26	1375-1385	abgeraucht	
9-27	1385-1386	.	

#Text=Dieſes
#Text=
#Text=Verfahren wird mehrfach wiederholt, wenn die Vergoldung ſtärker
#Text=ausfallen ſoll.
10-1	1387-1393	Dieſes	
10-2	1395-1404	Verfahren	
10-3	1405-1409	wird	
10-4	1410-1418	mehrfach	
10-5	1419-1429	wiederholt	
10-6	1429-1430	,	
10-7	1431-1435	wenn	
10-8	1436-1439	die	
10-9	1440-1450	Vergoldung	
10-10	1451-1458	ſtärker	
10-11	1459-1468	ausfallen	
10-12	1469-1473	ſoll	
10-13	1473-1474	.	

#Text=Soll der Gegenſtand glänzend werden, ſo wird er
#Text=mit Blutſtein poliert, oder aber er wird mattiert, mit einem Gemiſch
#Text=von Salpeter, Kochſalz, Alaun und etwas Waſſer in Breiform über-
#Text=zogen und abermals erhitzt.
11-1	1475-1479	Soll	
11-2	1480-1483	der	
11-3	1484-1494	Gegenſtand	
11-4	1495-1503	glänzend	
11-5	1504-1510	werden	
11-6	1510-1511	,	
11-7	1512-1514	ſo	
11-8	1515-1519	wird	
11-9	1520-1522	er	
11-10	1523-1526	mit	
11-11	1527-1536	Blutſtein	
11-12	1537-1544	poliert	
11-13	1544-1545	,	
11-14	1546-1550	oder	
11-15	1551-1555	aber	
11-16	1556-1558	er	
11-17	1559-1563	wird	
11-18	1564-1572	mattiert	
11-19	1572-1573	,	
11-20	1574-1577	mit	
11-21	1578-1583	einem	
11-22	1584-1591	Gemiſch	
11-23	1592-1595	von	
11-24	1596-1604	Salpeter	
11-25	1604-1605	,	
11-26	1606-1614	Kochſalz	
11-27	1614-1615	,	
11-28	1616-1621	Alaun	
11-29	1622-1625	und	
11-30	1626-1631	etwas	
11-31	1632-1638	Waſſer	
11-32	1639-1641	in	
11-33	1642-1650	Breiform	
11-34	1651-1655	über	
11-35	1655-1656	-	
11-36	1657-1662	zogen	
11-37	1663-1666	und	
11-38	1667-1675	abermals	
11-39	1676-1683	erhitzt	
11-40	1683-1684	.	

#Text=Diejenigen
#Text=Stellen, welche blank bleiben ſollen, werden mit einem
#Text=Überzuge von einem Brei aus Kreide, Zucker, Gummi und Waſſer be-
#Text=deckt, die Stücke wieder getrocknet und bis zum Braunwerden des
#Text=Überzuges erhitzt, man nennt dies das Ausſparen.
12-1	1687-1697	Diejenigen	
12-2	1698-1705	Stellen	
12-3	1705-1706	,	
12-4	1707-1713	welche	
12-5	1714-1719	blank	
12-6	1720-1727	bleiben	
12-7	1728-1734	ſollen	
12-8	1734-1735	,	
12-9	1736-1742	werden	
12-10	1743-1746	mit	
12-11	1747-1752	einem	
12-12	1753-1761	Überzuge	
12-13	1762-1765	von	
12-14	1766-1771	einem	
12-15	1772-1776	Brei	
12-16	1777-1780	aus	
12-17	1781-1787	Kreide	
12-18	1787-1788	,	
12-19	1789-1795	Zucker	
12-20	1795-1796	,	
12-21	1797-1802	Gummi	
12-22	1803-1806	und	
12-23	1807-1813	Waſſer	
12-24	1814-1816	be	
12-25	1816-1817	-	
12-26	1818-1823	deckt	
12-27	1823-1824	,	
12-28	1825-1828	die	
12-29	1829-1835	Stücke	
12-30	1836-1842	wieder	
12-31	1843-1853	getrocknet	
12-32	1854-1857	und	
12-33	1858-1861	bis	
12-34	1862-1865	zum	
12-35	1866-1877	Braunwerden	
12-36	1878-1881	des	
12-37	1882-1891	Überzuges	
12-38	1892-1899	erhitzt	
12-39	1899-1900	,	
12-40	1901-1904	man	
12-41	1905-1910	nennt	
12-42	1911-1915	dies	
12-43	1916-1919	das	
12-44	1920-1929	Ausſparen	
12-45	1929-1930	.	

#Text=Iſt beim Erhitzen die
#Text=ſalzige Kruſte völlig geſchmolzen, ſo taucht man denſelben ſchnell in
#Text=die mit kaltem Waſſer gefüllte Mattiertonne, worin ſowohl die Salz-
#Text=löſung als auch die Ausſparung ſich ablöſen.
13-1	1931-1934	Iſt	
13-2	1935-1939	beim	
13-3	1940-1948	Erhitzen	
13-4	1949-1952	die	
13-5	1953-1960	ſalzige	
13-6	1961-1967	Kruſte	
13-7	1968-1974	völlig	
13-8	1975-1986	geſchmolzen	
13-9	1986-1987	,	
13-10	1988-1990	ſo	
13-11	1991-1997	taucht	
13-12	1998-2001	man	
13-13	2002-2011	denſelben	
13-14	2012-2019	ſchnell	
13-15	2020-2022	in	
13-16	2023-2026	die	
13-17	2027-2030	mit	
13-18	2031-2037	kaltem	
13-19	2038-2044	Waſſer	
13-20	2045-2053	gefüllte	
13-21	2054-2066	Mattiertonne	
13-22	2066-2067	,	
13-23	2068-2073	worin	
13-24	2074-2080	ſowohl	
13-25	2081-2084	die	
13-26	2085-2089	Salz	
13-27	2089-2090	-	
13-28	2091-2097	löſung	
13-29	2098-2101	als	
13-30	2102-2106	auch	
13-31	2107-2110	die	
13-32	2111-2121	Ausſparung	
13-33	2122-2126	ſich	
13-34	2127-2134	ablöſen	
13-35	2134-2135	.	

#Text=Beim Feuervergolden
#Text=
#Text=geht eine ganze Menge des edlen Metalles verloren;
#Text=in der Aſche des
#Text=Abrauchofens und des Mattierofens, im Kehricht von den Arbeits-
#Text=tiſchen und auf dem Fußboden der Werkſtätte, in der Flüſſigkeit und dem
#Text=Bodenſatze der Mattiertonne, in den Kratzbürſten und im Schornſtein-
#Text=ruß, überall ſind Goldſpuren vorhanden, ſo daß nur 74 Teile von dem
#Text=in das Amalgam hineingelegten Golde auch auf dem Werkſtück ſich
#Text=wieder vorfinden.
14-1	2136-2140	Beim	
14-2	2141-2155	Feuervergolden	
14-3	2157-2161	geht	
14-4	2162-2166	eine	
14-5	2167-2172	ganze	
14-6	2173-2178	Menge	
14-7	2179-2182	des	
14-8	2183-2188	edlen	
14-9	2189-2197	Metalles	
14-10	2198-2206	verloren	
14-11	2206-2207	;	
14-12	2208-2210	in	
14-13	2211-2214	der	
14-14	2215-2220	Aſche	
14-15	2221-2224	des	
14-16	2225-2237	Abrauchofens	
14-17	2238-2241	und	
14-18	2242-2245	des	
14-19	2246-2258	Mattierofens	
14-20	2258-2259	,	
14-21	2260-2262	im	
14-22	2263-2271	Kehricht	
14-23	2272-2275	von	
14-24	2276-2279	den	
14-25	2280-2287	Arbeits	
14-26	2287-2288	-	
14-27	2289-2296	tiſchen	
14-28	2297-2300	und	
14-29	2301-2304	auf	
14-30	2305-2308	dem	
14-31	2309-2317	Fußboden	
14-32	2318-2321	der	
14-33	2322-2332	Werkſtätte	
14-34	2332-2333	,	
14-35	2334-2336	in	
14-36	2337-2340	der	
14-37	2341-2352	Flüſſigkeit	
14-38	2353-2356	und	
14-39	2357-2360	dem	
14-40	2361-2371	Bodenſatze	
14-41	2372-2375	der	
14-42	2376-2388	Mattiertonne	
14-43	2388-2389	,	
14-44	2390-2392	in	
14-45	2393-2396	den	
14-46	2397-2409	Kratzbürſten	
14-47	2410-2413	und	
14-48	2414-2416	im	
14-49	2417-2428	Schornſtein	
14-50	2428-2429	-	
14-51	2430-2433	ruß	
14-52	2433-2434	,	
14-53	2435-2442	überall	
14-54	2443-2447	ſind	
14-55	2448-2458	Goldſpuren	
14-56	2459-2468	vorhanden	
14-57	2468-2469	,	
14-58	2470-2472	ſo	
14-59	2473-2476	daß	
14-60	2477-2480	nur	
14-61	2481-2483	74	
14-62	2484-2489	Teile	
14-63	2490-2493	von	
14-64	2494-2497	dem	
14-65	2498-2500	in	
14-66	2501-2504	das	
14-67	2505-2512	Amalgam	
14-68	2513-2527	hineingelegten	
14-69	2528-2533	Golde	
14-70	2534-2538	auch	
14-71	2539-2542	auf	
14-72	2543-2546	dem	
14-73	2547-2556	Werkſtück	
14-74	2557-2561	ſich	
14-75	2562-2568	wieder	
14-76	2569-2578	vorfinden	
14-77	2578-2579	.	
