#FORMAT=WebAnno TSV 3.3
#T_SP=custom.Span|label
#T_RL=custom.Relation|label|BT_custom.Span


#Text=Autour des Halles.
1-1	0-6	Autour	_	_	_	
1-2	7-10	des	_	_	_	
1-3	11-17	Halles	_	_	_	
1-4	17-18	.	_	_	_	

#Text=En traversant la r.
2-1	21-23	En	_	_	_	
2-2	24-34	traversant	_	_	_	
2-3	35-37	la	_	_	_	
2-4	38-39	r	_	_	_	
2-5	39-40	.	_	_	_	

#Text=Baltard, le deuxième pavillon en bordure de la r.
3-1	41-48	Baltard	_	_	_	
3-2	48-49	,	_	_	_	
3-3	50-52	le	_	_	_	
3-4	53-61	deuxième	_	_	_	
3-5	62-70	pavillon	_	_	_	
3-6	71-73	en	_	_	_	
3-7	74-81	bordure	_	_	_	
3-8	82-84	de	_	_	_	
3-9	85-87	la	_	_	_	
3-10	88-89	r	_	_	_	
3-11	89-90	.	_	_	_	

#Text=Berger, est celui des Beurres en gros, avec ses mandataires ventrus, qui ont fini par prendre eux-mêmes la rondeur d'une motte de beurre.
4-1	91-97	Berger	_	_	_	
4-2	97-98	,	_	_	_	
4-3	99-102	est	_	_	_	
4-4	103-108	celui	_	_	_	
4-5	109-112	des	_	_	_	
4-6	113-120	Beurres	_	_	_	
4-7	121-123	en	_	_	_	
4-8	124-128	gros	_	_	_	
4-9	128-129	,	_	_	_	
4-10	130-134	avec	_	_	_	
4-11	135-138	ses	_	_	_	
4-12	139-150	mandataires	_	_	_	
4-13	151-158	ventrus	_	_	_	
4-14	158-159	,	_	_	_	
4-15	160-163	qui	_	_	_	
4-16	164-167	ont	_	_	_	
4-17	168-172	fini	_	_	_	
4-18	173-176	par	_	_	_	
4-19	177-184	prendre	_	_	_	
4-20	185-194	eux-mêmes	_	_	_	
4-21	195-197	la	_	_	_	
4-22	198-205	rondeur	_	_	_	
4-23	206-211	d'une	_	_	_	
4-24	212-217	motte	_	_	_	
4-25	218-220	de	_	_	_	
4-26	221-227	beurre	_	_	_	
4-27	227-228	.	_	_	_	

#Text=Jolies marchandes coquettement attifées.- A côté, dans le Pavillon des fromages, toute la gamme de couleurs claires de l'or pâle au rouge vif, du chester au Hollande, toute la gamme des odeurs, depuis la puanteur des bries et des roqueforts, jusqu'aux fins arômes des parmesans.
5-1	229-235	Jolies	_	_	_	
5-2	236-246	marchandes	_	_	_	
5-3	247-259	coquettement	_	_	_	
5-4	260-268	attifées	_	_	_	
5-5	268-269	.	_	_	_	
5-6	269-270	-	_	_	_	
5-7	271-272	A	_	_	_	
5-8	273-277	côté	_	_	_	
5-9	277-278	,	_	_	_	
5-10	279-283	dans	_	_	_	
5-11	284-286	le	_	_	_	
5-12	287-295	Pavillon	Location[1]	_	_	
5-13	296-299	des	Location[1]	_	_	
5-14	300-308	fromages	Location[1]	_	_	
5-15	308-309	,	_	_	_	
5-16	310-315	toute	_	_	_	
5-17	316-318	la	_	_	_	
5-18	319-324	gamme	_	_	_	
5-19	325-327	de	_	_	_	
5-20	328-336	couleurs	_	_	_	
5-21	337-344	claires	_	_	_	
5-22	345-347	de	_	_	_	
5-23	348-352	l'or	_	_	_	
5-24	353-357	pâle	_	_	_	
5-25	358-360	au	_	_	_	
5-26	361-366	rouge	_	_	_	
5-27	367-370	vif	_	_	_	
5-28	370-371	,	_	_	_	
5-29	372-374	du	_	_	_	
5-30	375-382	chester	_	_	_	
5-31	383-385	au	_	_	_	
5-32	386-394	Hollande	_	_	_	
5-33	394-395	,	_	_	_	
5-34	396-401	toute	_	_	_	
5-35	402-404	la	_	_	_	
5-36	405-410	gamme	_	_	_	
5-37	411-414	des	_	_	_	
5-38	415-421	odeurs	Smell\_Word	*|*	5-42[3_0]|5-12[1_0]	
5-39	421-422	,	_	_	_	
5-40	423-429	depuis	_	_	_	
5-41	430-432	la	_	_	_	
5-42	433-441	puanteur	Smell\_Word[2]|Quality[3]	*	5-43[4_2]	
5-43	442-445	des	Smell\_Source[4]	_	_	
5-44	446-451	bries	Smell\_Source[4]	_	_	
5-45	452-454	et	Smell\_Source[4]	_	_	
5-46	455-458	des	Smell\_Source[4]	_	_	
5-47	459-469	roqueforts	Smell\_Source[4]	_	_	
5-48	469-470	,	_	_	_	
5-49	471-480	jusqu'aux	_	_	_	
5-50	481-485	fins	Quality	_	_	
5-51	486-492	arômes	Smell\_Word	*|*	5-50|5-53	
5-52	493-496	des	_	_	_	
5-53	497-506	parmesans	Smell\_Source	_	_	
5-54	506-507	.	_	_	_	

#Text=Le 2e pavillon en bordure de la rue Rambuteau, celui des Poissons, avec ses deux viviers circulaires, sa puis, sante odeur de marée qui vous saisit à la gorge, ses harangères, à la carrure masculine, à la voix rauque est l'un des plus curieux.
6-1	511-513	Le	Location[5]	_	_	
6-2	514-516	2e	Location[5]	_	_	
6-3	517-525	pavillon	Location[5]	_	_	
6-4	526-528	en	Location[5]	_	_	
6-5	529-536	bordure	Location[5]	_	_	
6-6	537-539	de	Location[5]	_	_	
6-7	540-542	la	Location[5]	_	_	
6-8	543-546	rue	Location[5]	_	_	
6-9	547-556	Rambuteau	Location[5]	_	_	
6-10	556-557	,	Location[5]	_	_	
6-11	558-563	celui	Location[5]	_	_	
6-12	564-567	des	Location[5]	_	_	
6-13	568-576	Poissons	Location[5]	_	_	
6-14	576-577	,	_	_	_	
6-15	578-582	avec	_	_	_	
6-16	583-586	ses	_	_	_	
6-17	587-591	deux	_	_	_	
6-18	592-599	viviers	_	_	_	
6-19	600-611	circulaires	_	_	_	
6-20	611-612	,	_	_	_	
6-21	613-615	sa	_	_	_	
6-22	616-620	puis	_	_	_	
6-23	620-621	,	_	_	_	
6-24	622-627	sante	_	_	_	
6-25	628-633	odeur	Smell\_Word	*|*	6-26[6_0]|6-1[5_0]	
6-26	634-636	de	Smell\_Source[6]	_	_	
6-27	637-642	marée	Smell\_Source[6]	_	_	
6-28	643-646	qui	_	_	_	
6-29	647-651	vous	_	_	_	
6-30	652-658	saisit	_	_	_	
6-31	659-660	à	_	_	_	
6-32	661-663	la	_	_	_	
6-33	664-669	gorge	_	_	_	
6-34	669-670	,	_	_	_	
6-35	671-674	ses	_	_	_	
6-36	675-685	harangères	_	_	_	
6-37	685-686	,	_	_	_	
6-38	687-688	à	_	_	_	
6-39	689-691	la	_	_	_	
6-40	692-699	carrure	_	_	_	
6-41	700-709	masculine	_	_	_	
6-42	709-710	,	_	_	_	
6-43	711-712	à	_	_	_	
6-44	713-715	la	_	_	_	
6-45	716-720	voix	_	_	_	
6-46	721-727	rauque	_	_	_	
6-47	728-731	est	_	_	_	
6-48	732-736	l'un	_	_	_	
6-49	737-740	des	_	_	_	
6-50	741-745	plus	_	_	_	
6-51	746-753	curieux	_	_	_	
6-52	753-754	.	_	_	_	

#Text=La Manche, la Mer du Nord, le Rhin, la Loire, la Seine, ont vomi là pêle-mêle les anguilles, les turbots, les thons gigantesques et visqueux, les brochets aux reflets d'acier, les carpes rousseâtres et mordorées, les maquereaux tachés de vert malachite.
7-1	755-757	La	_	_	_	
7-2	758-764	Manche	_	_	_	
7-3	764-765	,	_	_	_	
7-4	766-768	la	_	_	_	
7-5	769-772	Mer	_	_	_	
7-6	773-775	du	_	_	_	
7-7	776-780	Nord	_	_	_	
7-8	780-781	,	_	_	_	
7-9	782-784	le	_	_	_	
7-10	785-789	Rhin	_	_	_	
7-11	789-790	,	_	_	_	
7-12	791-793	la	_	_	_	
7-13	794-799	Loire	_	_	_	
7-14	799-800	,	_	_	_	
7-15	801-803	la	_	_	_	
7-16	804-809	Seine	_	_	_	
7-17	809-810	,	_	_	_	
7-18	811-814	ont	_	_	_	
7-19	815-819	vomi	_	_	_	
7-20	820-822	là	_	_	_	
7-21	823-832	pêle-mêle	_	_	_	
7-22	833-836	les	_	_	_	
7-23	837-846	anguilles	_	_	_	
7-24	846-847	,	_	_	_	
7-25	848-851	les	_	_	_	
7-26	852-859	turbots	_	_	_	
7-27	859-860	,	_	_	_	
7-28	861-864	les	_	_	_	
7-29	865-870	thons	_	_	_	
7-30	871-883	gigantesques	_	_	_	
7-31	884-886	et	_	_	_	
7-32	887-895	visqueux	_	_	_	
7-33	895-896	,	_	_	_	
7-34	897-900	les	_	_	_	
7-35	901-909	brochets	_	_	_	
7-36	910-913	aux	_	_	_	
7-37	914-921	reflets	_	_	_	
7-38	922-929	d'acier	_	_	_	
7-39	929-930	,	_	_	_	
7-40	931-934	les	_	_	_	
7-41	935-941	carpes	_	_	_	
7-42	942-953	rousseâtres	_	_	_	
7-43	954-956	et	_	_	_	
7-44	957-966	mordorées	_	_	_	
7-45	966-967	,	_	_	_	
7-46	968-971	les	_	_	_	
7-47	972-982	maquereaux	_	_	_	
7-48	983-989	tachés	_	_	_	
7-49	990-992	de	_	_	_	
7-50	993-997	vert	_	_	_	
7-51	998-1007	malachite	_	_	_	
7-52	1007-1008	.	_	_	_	
