#FORMAT=WebAnno TSV 3.3
#T_SP=custom.Span|label
#T_RL=custom.Relation|label|BT_custom.Span


#Text=siet Ruth 2. op vers 12.
1-1	0-4	siet	_	_	_	
1-2	5-9	Ruth	_	_	_	
1-3	10-11	2	_	_	_	
1-4	11-12	.	_	_	_	
1-5	13-15	op	_	_	_	
1-6	16-20	vers	_	_	_	
1-7	21-23	12	_	_	_	
1-8	23-24	.	_	_	_	

#Text=Psalm 91.1.
#Text=sijne schaduwe; sy sullen ten
#Text=Dat is, vruchtbaer zijn ende vermenighvuldigen:
#Text=verstaet dit insonderheyt van de geestelicke vruchten, die sy als nieuwe ende wedergeborene menschen sullen voort brengen, ende anderen, by middel van leeren ende stichten, doen voort brengen door de kracht des Heyligen Geests, die ons levendigh maeckt ten goede.
2-1	25-30	Psalm	_	_	_	
2-2	31-35	91.1	_	_	_	
2-3	35-36	.	_	_	_	
2-4	37-42	sijne	_	_	_	
2-5	43-51	schaduwe	_	_	_	
2-6	51-52	;	_	_	_	
2-7	53-55	sy	_	_	_	
2-8	56-62	sullen	_	_	_	
2-9	63-66	ten	_	_	_	
2-10	67-70	Dat	_	_	_	
2-11	71-73	is	_	_	_	
2-12	73-74	,	_	_	_	
2-13	75-85	vruchtbaer	_	_	_	
2-14	86-90	zijn	_	_	_	
2-15	91-95	ende	_	_	_	
2-16	96-113	vermenighvuldigen	_	_	_	
2-17	113-114	:	_	_	_	
2-18	115-123	verstaet	_	_	_	
2-19	124-127	dit	_	_	_	
2-20	128-140	insonderheyt	_	_	_	
2-21	141-144	van	_	_	_	
2-22	145-147	de	_	_	_	
2-23	148-159	geestelicke	_	_	_	
2-24	160-168	vruchten	_	_	_	
2-25	168-169	,	_	_	_	
2-26	170-173	die	_	_	_	
2-27	174-176	sy	_	_	_	
2-28	177-180	als	_	_	_	
2-29	181-187	nieuwe	_	_	_	
2-30	188-192	ende	_	_	_	
2-31	193-206	wedergeborene	_	_	_	
2-32	207-215	menschen	_	_	_	
2-33	216-222	sullen	_	_	_	
2-34	223-228	voort	_	_	_	
2-35	229-236	brengen	_	_	_	
2-36	236-237	,	_	_	_	
2-37	238-242	ende	_	_	_	
2-38	243-250	anderen	_	_	_	
2-39	250-251	,	_	_	_	
2-40	252-254	by	_	_	_	
2-41	255-261	middel	_	_	_	
2-42	262-265	van	_	_	_	
2-43	266-272	leeren	_	_	_	
2-44	273-277	ende	_	_	_	
2-45	278-286	stichten	_	_	_	
2-46	286-287	,	_	_	_	
2-47	288-292	doen	_	_	_	
2-48	293-298	voort	_	_	_	
2-49	299-306	brengen	_	_	_	
2-50	307-311	door	_	_	_	
2-51	312-314	de	_	_	_	
2-52	315-321	kracht	_	_	_	
2-53	322-325	des	_	_	_	
2-54	326-334	Heyligen	_	_	_	
2-55	335-341	Geests	_	_	_	
2-56	341-342	,	_	_	_	
2-57	343-346	die	_	_	_	
2-58	347-350	ons	_	_	_	
2-59	351-360	levendigh	_	_	_	
2-60	361-367	maeckt	_	_	_	
2-61	368-371	ten	_	_	_	
2-62	372-377	goede	_	_	_	
2-63	377-378	.	_	_	_	

#Text=Vergelijckt Psalm 72.16.
#Text=ende siet d’aenteeckeninge aldaer.
#Text=leven voortbrengen
#Text=[als] koorn, ende bloeijen als de wijnstock:
#Text=Des bekeerden Israëls gedachtenisse, Dat is, naem, faem, geruchte, sal soo aengenaem ende welrieckende zijn, als de edelste wijn van Libanon.
3-1	379-390	Vergelijckt	_	_	_	
3-2	391-396	Psalm	_	_	_	
3-3	397-402	72.16	_	_	_	
3-4	402-403	.	_	_	_	
3-5	404-408	ende	_	_	_	
3-6	409-413	siet	_	_	_	
3-7	414-415	d	_	_	_	
3-8	415-416	’	_	_	_	
3-9	416-430	aenteeckeninge	_	_	_	
3-10	431-437	aldaer	_	_	_	
3-11	437-438	.	_	_	_	
3-12	439-444	leven	_	_	_	
3-13	445-457	voortbrengen	_	_	_	
3-14	458-459	[	_	_	_	
3-15	459-462	als	_	_	_	
3-16	462-463	]	_	_	_	
3-17	464-469	koorn	_	_	_	
3-18	469-470	,	_	_	_	
3-19	471-475	ende	_	_	_	
3-20	476-484	bloeijen	_	_	_	
3-21	485-488	als	_	_	_	
3-22	489-491	de	_	_	_	
3-23	492-501	wijnstock	_	_	_	
3-24	501-502	:	_	_	_	
3-25	503-506	Des	_	_	_	
3-26	507-516	bekeerden	Smell\_Source[1]	_	_	
3-27	517-524	Israëls	Smell\_Source[1]	_	_	
3-28	525-538	gedachtenisse	Smell\_Source[1]	_	_	
3-29	538-539	,	_	_	_	
3-30	540-543	Dat	_	_	_	
3-31	544-546	is	_	_	_	
3-32	546-547	,	_	_	_	
3-33	548-552	naem	Smell\_Source[2]	Anaphoric	3-26[1_2]	
3-34	552-553	,	Smell\_Source[2]	_	_	
3-35	554-558	faem	Smell\_Source[2]	_	_	
3-36	558-559	,	Smell\_Source[2]	_	_	
3-37	560-568	geruchte	Smell\_Source[2]	_	_	
3-38	568-569	,	_	_	_	
3-39	570-573	sal	_	_	_	
3-40	574-577	soo	_	_	_	
3-41	578-587	aengenaem	Quality	_	_	
3-42	588-592	ende	_	_	_	
3-43	593-605	welrieckende	Quality[3]|Smell\_Word[4]	*|*|*|*|*	3-43[3_4]|3-41[0_4]|3-26[1_4]|3-33[2_4]|3-46[5_4]	
3-44	606-610	zijn	_	_	_	
3-45	610-611	,	_	_	_	
3-46	612-615	als	Evoked\_Odorant[5]	_	_	
3-47	616-618	de	Evoked\_Odorant[5]	_	_	
3-48	619-626	edelste	Evoked\_Odorant[5]	_	_	
3-49	627-631	wijn	Evoked\_Odorant[5]	_	_	
3-50	632-635	van	Evoked\_Odorant[5]	_	_	
3-51	636-643	Libanon	Evoked\_Odorant[5]	_	_	
3-52	643-644	.	_	_	_	

#Text=Anders, sijne welrieckentheyt, ofte, reucke, om dat het Hebreeusch woort beteeckenende gedachtenisse, somtijts schijnt voor reuck genomen te worden, gelijck een lieflick reuckwerck yemant doet gedencken.
4-1	645-651	Anders	_	_	_	
4-2	651-652	,	_	_	_	
4-3	653-658	sijne	_	_	_	
4-4	659-674	welrieckentheyt	Smell\_Word	Anaphoric|*|*	4-8|4-21|4-28[6_0]	
4-5	674-675	,	_	_	_	
4-6	676-680	ofte	_	_	_	
4-7	680-681	,	_	_	_	
4-8	682-688	reucke	Smell\_Word	_	_	
4-9	688-689	,	_	_	_	
4-10	690-692	om	_	_	_	
4-11	693-696	dat	_	_	_	
4-12	697-700	het	_	_	_	
4-13	701-711	Hebreeusch	_	_	_	
4-14	712-717	woort	_	_	_	
4-15	718-731	beteeckenende	_	_	_	
4-16	732-745	gedachtenisse	_	_	_	
4-17	745-746	,	_	_	_	
4-18	747-755	somtijts	_	_	_	
4-19	756-763	schijnt	_	_	_	
4-20	764-768	voor	_	_	_	
4-21	769-774	reuck	Evoked\_Odorant	_	_	
4-22	775-782	genomen	_	_	_	
4-23	783-785	te	_	_	_	
4-24	786-792	worden	_	_	_	
4-25	792-793	,	_	_	_	
4-26	794-801	gelijck	_	_	_	
4-27	802-805	een	_	_	_	
4-28	806-814	lieflick	Evoked\_Odorant[6]|Quality[7]	_	_	
4-29	815-825	reuckwerck	Evoked\_Odorant[6]|Smell\_Word[8]	*	4-28[7_8]	
4-30	826-832	yemant	_	_	_	
4-31	833-837	doet	_	_	_	
4-32	838-847	gedencken	_	_	_	
4-33	847-848	.	_	_	_	

#Text=Siet Iesa.
#Text=cap. 66.
#Text=vers 3.
#Text=item Levit.
#Text=cap. 2.
#Text=versen 2, 9.
5-1	849-853	Siet	_	_	_	
5-2	854-858	Iesa	_	_	_	
5-3	858-859	.	_	_	_	
5-4	860-863	cap	_	_	_	
5-5	863-864	.	_	_	_	
5-6	865-867	66	_	_	_	
5-7	867-868	.	_	_	_	
5-8	869-873	vers	_	_	_	
5-9	874-875	3	_	_	_	
5-10	875-876	.	_	_	_	
5-11	877-881	item	_	_	_	
5-12	882-887	Levit	_	_	_	
5-13	887-888	.	_	_	_	
5-14	889-892	cap	_	_	_	
5-15	892-893	.	_	_	_	
5-16	894-895	2	_	_	_	
5-17	895-896	.	_	_	_	
5-18	897-903	versen	_	_	_	
5-19	904-905	2	_	_	_	
5-20	905-906	,	_	_	_	
5-21	907-908	9	_	_	_	
5-22	908-909	.	_	_	_	

#Text=Numer.
#Text=cap. 5.
#Text=vers 26.
6-1	910-915	Numer	_	_	_	
6-2	915-916	.	_	_	_	
6-3	917-920	cap	_	_	_	
6-4	920-921	.	_	_	_	
6-5	922-923	5	_	_	_	
6-6	923-924	.	_	_	_	
6-7	925-929	vers	_	_	_	
6-8	930-932	26	_	_	_	
6-9	932-933	.	_	_	_	
