#FORMAT=WebAnno TSV 3.3


#Text=tegen welke kwade praktijken o.a. door Mauricius besluiten werden uitgevaardigd;
#Text=
#Text=zie journaal van Mauricius 3 Junij 1743
1-1	0-5	tegen	
1-2	6-11	welke	
1-3	12-17	kwade	
1-4	18-28	praktijken	
1-5	29-32	o.a	
1-6	32-33	.	
1-7	34-38	door	
1-8	39-48	Mauricius	
1-9	49-58	besluiten	
1-10	59-65	werden	
1-11	66-79	uitgevaardigd	
1-12	79-80	;	
1-13	82-85	zie	
1-14	86-94	journaal	
1-15	95-98	van	
1-16	99-108	Mauricius	
1-17	109-110	3	
1-18	111-116	Junij	
1-19	117-121	1743	

#Text=.
2-1	121-122	.	

#Text=()
#Text=\t
#Text=Hartsinck, 2de deel, blz. 899.
3-1	124-125	(	
3-2	125-126	)	
3-3	129-138	Hartsinck	
3-4	138-139	,	
3-5	140-143	2de	
3-6	144-148	deel	
3-7	148-149	,	
3-8	150-153	blz	
3-9	153-154	.	
3-10	155-158	899	
3-11	158-159	.	

#Text=Eene beschrijving van de onderscheidene stammen der Negers vindt men o.a. in 
#Text=Hartsinck, 2de deel, blz. 980 enz. en bij Teenstra, 2de deel, blz. 179.
4-1	165-169	Eene	
4-2	170-182	beschrijving	
4-3	183-186	van	
4-4	187-189	de	
4-5	190-204	onderscheidene	
4-6	205-212	stammen	
4-7	213-216	der	
4-8	217-223	Negers	
4-9	224-229	vindt	
4-10	230-233	men	
4-11	234-237	o.a	
4-12	237-238	.	
4-13	239-241	in	
4-14	243-252	Hartsinck	
4-15	252-253	,	
4-16	254-257	2de	
4-17	258-262	deel	
4-18	262-263	,	
4-19	264-267	blz	
4-20	267-268	.	
4-21	269-272	980	
4-22	273-276	enz	
4-23	276-277	.	
4-24	278-280	en	
4-25	281-284	bij	
4-26	285-293	Teenstra	
4-27	293-294	,	
4-28	295-298	2de	
4-29	299-303	deel	
4-30	303-304	,	
4-31	305-308	blz	
4-32	308-309	.	
4-33	310-313	179	
4-34	313-314	.	

#Text=Wij willen deze 
#Text=berigten zamentrekken en als resum de volgende algemeene opmerkingen omtrent 
#Text=de Negers, die thans evenveel als vroeger golden, mededeelen.
5-1	315-318	Wij	
5-2	319-325	willen	
5-3	326-330	deze	
5-4	332-340	berigten	
5-5	341-353	zamentrekken	
5-6	354-356	en	
5-7	357-360	als	
5-8	361-366	resum	
5-9	367-369	de	
5-10	370-378	volgende	
5-11	379-388	algemeene	
5-12	389-400	opmerkingen	
5-13	401-408	omtrent	
5-14	410-412	de	
5-15	413-419	Negers	
5-16	419-420	,	
5-17	421-424	die	
5-18	425-430	thans	
5-19	431-439	evenveel	
5-20	440-443	als	
5-21	444-451	vroeger	
5-22	452-458	golden	
5-23	458-459	,	
5-24	460-470	mededeelen	
5-25	470-471	.	

#Text=De negers zijn gebeel zwart, hoewel met een nog al aanmerkelijk verschil van 
#Text=tint; de zwartste negers worden voor de sterkste gehouden;
#Text=zij hebben zwart gekruld 
#Text=wolachtig haar, heldere bruine oogen, platte neuzen, dikke lippen en zeer witte 
#Text=tanden.
6-1	476-478	De	
6-2	479-485	negers	
6-3	486-490	zijn	
6-4	491-497	gebeel	
6-5	498-503	zwart	
6-6	503-504	,	
6-7	505-511	hoewel	
6-8	512-515	met	
6-9	516-519	een	
6-10	520-523	nog	
6-11	524-526	al	
6-12	527-539	aanmerkelijk	
6-13	540-548	verschil	
6-14	549-552	van	
6-15	554-558	tint	
6-16	558-559	;	
6-17	560-562	de	
6-18	563-571	zwartste	
6-19	572-578	negers	
6-20	579-585	worden	
6-21	586-590	voor	
6-22	591-593	de	
6-23	594-602	sterkste	
6-24	603-611	gehouden	
6-25	611-612	;	
6-26	613-616	zij	
6-27	617-623	hebben	
6-28	624-629	zwart	
6-29	630-637	gekruld	
6-30	639-648	wolachtig	
6-31	649-653	haar	
6-32	653-654	,	
6-33	655-662	heldere	
6-34	663-669	bruine	
6-35	670-675	oogen	
6-36	675-676	,	
6-37	677-683	platte	
6-38	684-690	neuzen	
6-39	690-691	,	
6-40	692-697	dikke	
6-41	698-704	lippen	
6-42	705-707	en	
6-43	708-712	zeer	
6-44	713-718	witte	
6-45	720-726	tanden	
6-46	726-727	.	

#Text=Men ziet er weinigen met ligchaamsgebreken, of die gebogcheld of kreupel 
#Text=zijn, tenzij door toevallige ongelukken.
7-1	728-731	Men	
7-2	732-736	ziet	
7-3	737-739	er	
7-4	740-748	weinigen	
7-5	749-752	met	
7-6	753-770	ligchaamsgebreken	
7-7	770-771	,	
7-8	772-774	of	
7-9	775-778	die	
7-10	779-789	gebogcheld	
7-11	790-792	of	
7-12	793-800	kreupel	
7-13	802-806	zijn	
7-14	806-807	,	
7-15	808-814	tenzij	
7-16	815-819	door	
7-17	820-830	toevallige	
7-18	831-841	ongelukken	
7-19	841-842	.	

#Text=Het zijn meerendeels forsche, sterke en welgemaakte menschen, gehard tegen 
#Text=vermoeijenis van het ligchaam en de ongemakken van het weder.
8-1	847-850	Het	
8-2	851-855	zijn	
8-3	856-867	meerendeels	
8-4	868-875	forsche	
8-5	875-876	,	
8-6	877-883	sterke	
8-7	884-886	en	
8-8	887-898	welgemaakte	
8-9	899-907	menschen	
8-10	907-908	,	
8-11	909-915	gehard	
8-12	916-921	tegen	
8-13	923-935	vermoeijenis	
8-14	936-939	van	
8-15	940-943	het	
8-16	944-952	ligchaam	
8-17	953-955	en	
8-18	956-958	de	
8-19	959-969	ongemakken	
8-20	970-973	van	
8-21	974-977	het	
8-22	978-983	weder	
8-23	983-984	.	

#Text=De negers zijn aan weinige ziekten onderhevig; in slavernij gekomen zijnde, 
#Text=ontstaan door moedeloosheid, afmatting enz. verscheidene langdurende kwalen;
#Text=
#Text=velen dezer zijn in meerdere of mindere mate aan de Lepra of melaatschheid 
#Text=verwand, welke kwaal voornamelijk onder die volkeren heerscht, welke in slavernij 
#Text=leven of vele verdrukkingen te lijden hebben.
9-1	989-991	De	
9-2	992-998	negers	
9-3	999-1003	zijn	
9-4	1004-1007	aan	
9-5	1008-1015	weinige	
9-6	1016-1023	ziekten	
9-7	1024-1034	onderhevig	
9-8	1034-1035	;	
9-9	1036-1038	in	
9-10	1039-1048	slavernij	
9-11	1049-1056	gekomen	
9-12	1057-1063	zijnde	
9-13	1063-1064	,	
9-14	1066-1074	ontstaan	
9-15	1075-1079	door	
9-16	1080-1093	moedeloosheid	
9-17	1093-1094	,	
9-18	1095-1104	afmatting	
9-19	1105-1108	enz	
9-20	1108-1109	.	
9-21	1110-1122	verscheidene	
9-22	1123-1134	langdurende	
9-23	1135-1141	kwalen	
9-24	1141-1142	;	
9-25	1144-1149	velen	
9-26	1150-1155	dezer	
9-27	1156-1160	zijn	
9-28	1161-1163	in	
9-29	1164-1172	meerdere	
9-30	1173-1175	of	
9-31	1176-1183	mindere	
9-32	1184-1188	mate	
9-33	1189-1192	aan	
9-34	1193-1195	de	
9-35	1196-1201	Lepra	
9-36	1202-1204	of	
9-37	1205-1218	melaatschheid	
9-38	1220-1227	verwand	
9-39	1227-1228	,	
9-40	1229-1234	welke	
9-41	1235-1240	kwaal	
9-42	1241-1253	voornamelijk	
9-43	1254-1259	onder	
9-44	1260-1263	die	
9-45	1264-1272	volkeren	
9-46	1273-1281	heerscht	
9-47	1281-1282	,	
9-48	1283-1288	welke	
9-49	1289-1291	in	
9-50	1292-1301	slavernij	
9-51	1303-1308	leven	
9-52	1309-1311	of	
9-53	1312-1316	vele	
9-54	1317-1330	verdrukkingen	
9-55	1331-1333	te	
9-56	1334-1340	lijden	
9-57	1341-1347	hebben	
9-58	1347-1348	.	

#Text=Omtrent hunnen geestelijken of zedelijken toestand schijnen wij het volgende als 
#Text=regel te kunnen stellen:
#Text=dat de negers, die aan de zeekust wonen, meerdere 
#Text=beschaving hebben dan zij, die dieper in de binnenlanden hun verblijf houden, maar 
#Text=daarentegen sluwer en meer tot diefstal zijn geneigd.
10-1	1352-1359	Omtrent	
10-2	1360-1366	hunnen	
10-3	1367-1379	geestelijken	
10-4	1380-1382	of	
10-5	1383-1393	zedelijken	
10-6	1394-1402	toestand	
10-7	1403-1411	schijnen	
10-8	1412-1415	wij	
10-9	1416-1419	het	
10-10	1420-1428	volgende	
10-11	1429-1432	als	
10-12	1434-1439	regel	
10-13	1440-1442	te	
10-14	1443-1449	kunnen	
10-15	1450-1457	stellen	
10-16	1457-1458	:	
10-17	1459-1462	dat	
10-18	1463-1465	de	
10-19	1466-1472	negers	
10-20	1472-1473	,	
10-21	1474-1477	die	
10-22	1478-1481	aan	
10-23	1482-1484	de	
10-24	1485-1492	zeekust	
10-25	1493-1498	wonen	
10-26	1498-1499	,	
10-27	1500-1508	meerdere	
10-28	1510-1520	beschaving	
10-29	1521-1527	hebben	
10-30	1528-1531	dan	
10-31	1532-1535	zij	
10-32	1535-1536	,	
10-33	1537-1540	die	
10-34	1541-1547	dieper	
10-35	1548-1550	in	
10-36	1551-1553	de	
10-37	1554-1566	binnenlanden	
10-38	1567-1570	hun	
10-39	1571-1579	verblijf	
10-40	1580-1586	houden	
10-41	1586-1587	,	
10-42	1588-1592	maar	
10-43	1594-1605	daarentegen	
10-44	1606-1612	sluwer	
10-45	1613-1615	en	
10-46	1616-1620	meer	
10-47	1621-1624	tot	
10-48	1625-1633	diefstal	
10-49	1634-1638	zijn	
10-50	1639-1646	geneigd	
10-51	1646-1647	.	

#Text=Over het algemeen zijn de negers zeer bijgeloovig, gelijk alle afgodendienaars;
11-1	1651-1655	Over	
11-2	1656-1659	het	
11-3	1660-1668	algemeen	
11-4	1669-1673	zijn	
11-5	1674-1676	de	
11-6	1677-1683	negers	
11-7	1684-1688	zeer	
11-8	1689-1700	bijgeloovig	
11-9	1700-1701	,	
11-10	1702-1708	gelijk	
11-11	1709-1713	alle	
11-12	1714-1729	afgodendienaars	
11-13	1729-1730	;	
