#FORMAT=WebAnno TSV 3.3


#Text=Aer abundat particulis cujufcumque generis, figure , ac magnitudinis.
1-1	2-5	Aer	
1-2	6-13	abundat	
1-3	14-24	particulis	
1-4	25-36	cujufcumque	
1-5	37-44	generis	
1-6	44-45	,	
1-7	46-52	figure	
1-8	53-54	,	
1-9	55-57	ac	
1-10	58-70	magnitudinis	
1-11	70-71	.	

#Text=A nemine hoc jam in dubium revocacur , caque super re consuli poteft Muffchembrebek... 38.
2-1	72-73	A	
2-2	74-80	nemine	
2-3	81-84	hoc	
2-4	85-88	jam	
2-5	89-91	in	
2-6	92-98	dubium	
2-7	99-108	revocacur	
2-8	109-110	,	
2-9	111-116	caque	
2-10	117-122	super	
2-11	123-125	re	
2-12	126-133	consuli	
2-13	134-140	poteft	
2-14	141-155	Muffchembrebek	
2-15	155-156	.	
2-16	156-157	.	
2-17	157-158	.	
2-18	159-161	38	
2-19	161-162	.	

#Text=II.
3-1	163-165	II	
3-2	165-166	.	

#Text=Sonus fit per tremulum aeris motum, quem carpus fonorum in eodem dere procreut.
4-1	167-172	Sonus	
4-2	173-176	fit	
4-3	177-180	per	
4-4	181-189	tremulum	
4-5	190-195	aeris	
4-6	196-201	motum	
4-7	201-202	,	
4-8	203-207	quem	
4-9	208-214	carpus	
4-10	215-222	fonorum	
4-11	223-225	in	
4-12	226-231	eodem	
4-13	232-236	dere	
4-14	237-245	procreut	
4-15	245-246	.	

#Text=Licet non omnino conveniant phylici in motu aflıgnando , qui fonum constituie, in co tamen consentiunt , quod ionus nihil fie aliud, quam acris motus.
5-1	247-252	Licet	
5-2	253-256	non	
5-3	257-263	omnino	
5-4	264-274	conveniant	
5-5	275-282	phylici	
5-6	283-285	in	
5-7	286-290	motu	
5-8	291-301	aflıgnando	
5-9	302-303	,	
5-10	304-307	qui	
5-11	308-313	fonum	
5-12	314-324	constituie	
5-13	324-325	,	
5-14	326-328	in	
5-15	329-331	co	
5-16	332-337	tamen	
5-17	338-349	consentiunt	
5-18	350-351	,	
5-19	352-356	quod	
5-20	357-362	ionus	
5-21	363-368	nihil	
5-22	369-372	fie	
5-23	373-378	aliud	
5-24	378-379	,	
5-25	380-384	quam	
5-26	385-390	acris	
5-27	391-396	motus	
5-28	396-397	.	

#Text=Lux fimili ratione producitur, ac fonus.
6-1	398-401	Lux	
6-2	402-408	fimili	
6-3	409-416	ratione	
6-4	417-427	producitur	
6-5	427-428	,	
6-6	429-431	ac	
6-7	432-437	fonus	
6-8	437-438	.	

#Text=Lucem fieri per cor.
#Text=pusculorum emiffionem a corpore lucido, docent quidem plures Phylicijali tamen, ut Cartelius, Malebranchius, Huygenius &c. mocum quendam in lucidis particulis concipiunt a corpore lucido iifdem imprellum, propter quem illæ fcoracionem procreeat in organo visus: neutra ex his featenciis suis caret difficultatibus; mihi licear interea secundam adoptare, fi non ut veram, faltem ut verosimilem, qua tantum utar ad clariorem meæ de odoribus theoriæ explicationem,
#Text=
#Text=IX.
7-1	439-444	Lucem	
7-2	445-450	fieri	
7-3	451-454	per	
7-4	455-458	cor	
7-5	458-459	.	
7-6	460-470	pusculorum	
7-7	471-481	emiffionem	
7-8	482-483	a	
7-9	484-491	corpore	
7-10	492-498	lucido	
7-11	498-499	,	
7-12	500-506	docent	
7-13	507-513	quidem	
7-14	514-520	plures	
7-15	521-532	Phylicijali	
7-16	533-538	tamen	
7-17	538-539	,	
7-18	540-542	ut	
7-19	543-552	Cartelius	
7-20	552-553	,	
7-21	554-567	Malebranchius	
7-22	567-568	,	
7-23	569-578	Huygenius	
7-24	579-580	&	
7-25	580-581	c	
7-26	581-582	.	
7-27	583-588	mocum	
7-28	589-596	quendam	
7-29	597-599	in	
7-30	600-607	lucidis	
7-31	608-618	particulis	
7-32	619-629	concipiunt	
7-33	630-631	a	
7-34	632-639	corpore	
7-35	640-646	lucido	
7-36	647-653	iifdem	
7-37	654-663	imprellum	
7-38	663-664	,	
7-39	665-672	propter	
7-40	673-677	quem	
7-41	678-682	illæ	
7-42	683-694	fcoracionem	
7-43	695-704	procreeat	
7-44	705-707	in	
7-45	708-714	organo	
7-46	715-720	visus	
7-47	720-721	:	
7-48	722-728	neutra	
7-49	729-731	ex	
7-50	732-735	his	
7-51	736-746	featenciis	
7-52	747-751	suis	
7-53	752-757	caret	
7-54	758-773	difficultatibus	
7-55	773-774	;	
7-56	775-779	mihi	
7-57	780-786	licear	
7-58	787-794	interea	
7-59	795-803	secundam	
7-60	804-812	adoptare	
7-61	812-813	,	
7-62	814-816	fi	
7-63	817-820	non	
7-64	821-823	ut	
7-65	824-829	veram	
7-66	829-830	,	
7-67	831-837	faltem	
7-68	838-840	ut	
7-69	841-852	verosimilem	
7-70	852-853	,	
7-71	854-857	qua	
7-72	858-864	tantum	
7-73	865-869	utar	
7-74	870-872	ad	
7-75	873-882	clariorem	
7-76	883-886	meæ	
7-77	887-889	de	
7-78	890-898	odoribus	
7-79	899-906	theoriæ	
7-80	907-920	explicationem	
7-81	920-921	,	
7-82	923-925	IX	
7-83	925-926	.	

#Text=His
#Text=
#Text=
#Text=
#Text=
#Text=
#Text=IX, His animadversis, odores cadem ratione generari concipio, ac
#Text=
#Text=fiat fonus, vel lux, ut in fecunda, ae tertia pofitione ; a corpore nimirum odorifero morus communicatur particulis certi generis per acrem disperfis, qux per primam pofitionem nunquam ia acre desunt; hujusmodi vero particule certo motu agratz ex varia odoriferi corporis natura fuo appulsu ad olfactus organum sensationem in eodem excitane.
8-1	927-930	His	
8-2	936-938	IX	
8-3	938-939	,	
8-4	940-943	His	
8-5	944-956	animadversis	
8-6	956-957	,	
8-7	958-964	odores	
8-8	965-970	cadem	
8-9	971-978	ratione	
8-10	979-987	generari	
8-11	988-996	concipio	
8-12	996-997	,	
8-13	998-1000	ac	
8-14	1002-1006	fiat	
8-15	1007-1012	fonus	
8-16	1012-1013	,	
8-17	1014-1017	vel	
8-18	1018-1021	lux	
8-19	1021-1022	,	
8-20	1023-1025	ut	
8-21	1026-1028	in	
8-22	1029-1036	fecunda	
8-23	1036-1037	,	
8-24	1038-1040	ae	
8-25	1041-1047	tertia	
8-26	1048-1057	pofitione	
8-27	1058-1059	;	
8-28	1060-1061	a	
8-29	1062-1069	corpore	
8-30	1070-1077	nimirum	
8-31	1078-1087	odorifero	
8-32	1088-1093	morus	
8-33	1094-1106	communicatur	
8-34	1107-1117	particulis	
8-35	1118-1123	certi	
8-36	1124-1131	generis	
8-37	1132-1135	per	
8-38	1136-1141	acrem	
8-39	1142-1151	disperfis	
8-40	1151-1152	,	
8-41	1153-1156	qux	
8-42	1157-1160	per	
8-43	1161-1167	primam	
8-44	1168-1178	pofitionem	
8-45	1179-1186	nunquam	
8-46	1187-1189	ia	
8-47	1190-1194	acre	
8-48	1195-1201	desunt	
8-49	1201-1202	;	
8-50	1203-1212	hujusmodi	
8-51	1213-1217	vero	
8-52	1218-1227	particule	
8-53	1228-1233	certo	
8-54	1234-1238	motu	
8-55	1239-1245	agratz	
8-56	1246-1248	ex	
8-57	1249-1254	varia	
8-58	1255-1264	odoriferi	
8-59	1265-1273	corporis	
8-60	1274-1280	natura	
8-61	1281-1284	fuo	
8-62	1285-1292	appulsu	
8-63	1293-1295	ad	
8-64	1296-1304	olfactus	
8-65	1305-1312	organum	
8-66	1313-1324	sensationem	
8-67	1325-1327	in	
8-68	1328-1333	eodem	
8-69	1334-1342	excitane	
8-70	1342-1343	.	

#Text=Difficultatem, quam supra innuimus de insengbili ponderis decremeato in communi fententia post emiffionem magnæ particularum copiæ, hic evitari, nemo sane non videt; illud igitur unice superett, ut reliqua ad odores fpectantia expilicem ; animus tamen non eft omnia Gngillatim perfequi, fed quædam præcipua tantum delibare, ex quibus reli
#Text=
#Text=qua suo marte quilibet erucre poflic.
9-1	1344-1357	Difficultatem	
9-2	1357-1358	,	
9-3	1359-1363	quam	
9-4	1364-1369	supra	
9-5	1370-1378	innuimus	
9-6	1379-1381	de	
9-7	1382-1392	insengbili	
9-8	1393-1401	ponderis	
9-9	1402-1412	decremeato	
9-10	1413-1415	in	
9-11	1416-1423	communi	
9-12	1424-1433	fententia	
9-13	1434-1438	post	
9-14	1439-1449	emiffionem	
9-15	1450-1455	magnæ	
9-16	1456-1468	particularum	
9-17	1469-1474	copiæ	
9-18	1474-1475	,	
9-19	1476-1479	hic	
9-20	1480-1487	evitari	
9-21	1487-1488	,	
9-22	1489-1493	nemo	
9-23	1494-1498	sane	
9-24	1499-1502	non	
9-25	1503-1508	videt	
9-26	1508-1509	;	
9-27	1510-1515	illud	
9-28	1516-1522	igitur	
9-29	1523-1528	unice	
9-30	1529-1537	superett	
9-31	1537-1538	,	
9-32	1539-1541	ut	
9-33	1542-1549	reliqua	
9-34	1550-1552	ad	
9-35	1553-1559	odores	
9-36	1560-1570	fpectantia	
9-37	1571-1580	expilicem	
9-38	1581-1582	;	
9-39	1583-1589	animus	
9-40	1590-1595	tamen	
9-41	1596-1599	non	
9-42	1600-1603	eft	
9-43	1604-1609	omnia	
9-44	1610-1620	Gngillatim	
9-45	1621-1629	perfequi	
9-46	1629-1630	,	
9-47	1631-1634	fed	
9-48	1635-1641	quædam	
9-49	1642-1650	præcipua	
9-50	1651-1657	tantum	
9-51	1658-1666	delibare	
9-52	1666-1667	,	
9-53	1668-1670	ex	
9-54	1671-1677	quibus	
9-55	1678-1682	reli	
9-56	1684-1687	qua	
9-57	1688-1691	suo	
9-58	1692-1697	marte	
9-59	1698-1706	quilibet	
9-60	1707-1713	erucre	
9-61	1714-1720	poflic	
9-62	1720-1721	.	

#Text=X.
10-1	1722-1723	X	
10-2	1723-1724	.	

#Text=Eç primo quidem motus odoriferi corporis eft in minimis
#Text=
#Text=ejusdem particulis, qui comparari poteft motui corporis lucidi, & maximc carbonis accenfi , cujus partes infenfibili motu moventur , a quo morus producitur in materia lucida per aerem dispersa : cadem ratione insensibiles corporis odoriferi particulæ motu quodam agitantur, qui particulis certi generis peo aerem communicatur, donec ad olfactus organum perveniat.
11-1	1725-1727	Eç	
11-2	1728-1733	primo	
11-3	1734-1740	quidem	
11-4	1741-1746	motus	
11-5	1747-1756	odoriferi	
11-6	1757-1765	corporis	
11-7	1766-1769	eft	
11-8	1770-1772	in	
11-9	1773-1780	minimis	
11-10	1782-1789	ejusdem	
11-11	1790-1800	particulis	
11-12	1800-1801	,	
11-13	1802-1805	qui	
11-14	1806-1815	comparari	
11-15	1816-1822	poteft	
11-16	1823-1828	motui	
11-17	1829-1837	corporis	
11-18	1838-1844	lucidi	
11-19	1844-1845	,	
11-20	1846-1847	&	
11-21	1848-1854	maximc	
11-22	1855-1863	carbonis	
11-23	1864-1871	accenfi	
11-24	1872-1873	,	
11-25	1874-1879	cujus	
11-26	1880-1886	partes	
11-27	1887-1898	infenfibili	
11-28	1899-1903	motu	
11-29	1904-1912	moventur	
11-30	1913-1914	,	
11-31	1915-1916	a	
11-32	1917-1920	quo	
11-33	1921-1926	morus	
11-34	1927-1937	producitur	
11-35	1938-1940	in	
11-36	1941-1948	materia	
11-37	1949-1955	lucida	
11-38	1956-1959	per	
11-39	1960-1965	aerem	
11-40	1966-1974	dispersa	
11-41	1975-1976	:	
11-42	1977-1982	cadem	
11-43	1983-1990	ratione	
11-44	1991-2003	insensibiles	
11-45	2004-2012	corporis	
11-46	2013-2022	odoriferi	
11-47	2023-2032	particulæ	
11-48	2033-2037	motu	
11-49	2038-2044	quodam	
11-50	2045-2054	agitantur	
11-51	2054-2055	,	
11-52	2056-2059	qui	
11-53	2060-2070	particulis	
11-54	2071-2076	certi	
11-55	2077-2084	generis	
11-56	2085-2088	peo	
11-57	2089-2094	aerem	
11-58	2095-2107	communicatur	
11-59	2107-2108	,	
11-60	2109-2114	donec	
11-61	2115-2117	ad	
11-62	2118-2126	olfactus	
11-63	2127-2134	organum	
11-64	2135-2144	perveniat	
11-65	2144-2145	.	

#Text=Nequc difficile eft motus causam in inf-ofibilibus corporis odoriferi particulis assignare : primo enim intestina quxdam pugna ia minimis particulis corporis odoriferi motum procreare pa.
#Text=teft, a quo particulæ odoræ agitentur ; deinde motus iplius aeris, vel alterius materiæ subtilioris hunc motum particulis odașis tribuere poteft, aer enim nunquam omnino quiescit.
12-1	2146-2151	Nequc	
12-2	2152-2161	difficile	
12-3	2162-2165	eft	
12-4	2166-2171	motus	
12-5	2172-2178	causam	
12-6	2179-2181	in	
12-7	2182-2196	inf-ofibilibus	
12-8	2197-2205	corporis	
12-9	2206-2215	odoriferi	
12-10	2216-2226	particulis	
12-11	2227-2236	assignare	
12-12	2237-2238	:	
12-13	2239-2244	primo	
12-14	2245-2249	enim	
12-15	2250-2259	intestina	
12-16	2260-2266	quxdam	
12-17	2267-2272	pugna	
12-18	2273-2275	ia	
12-19	2276-2283	minimis	
12-20	2284-2294	particulis	
12-21	2295-2303	corporis	
12-22	2304-2313	odoriferi	
12-23	2314-2319	motum	
12-24	2320-2329	procreare	
12-25	2330-2332	pa	
12-26	2332-2333	.	
12-27	2334-2338	teft	
12-28	2338-2339	,	
12-29	2340-2341	a	
12-30	2342-2345	quo	
12-31	2346-2355	particulæ	
12-32	2356-2361	odoræ	
12-33	2362-2371	agitentur	
12-34	2372-2373	;	
12-35	2374-2380	deinde	
12-36	2381-2386	motus	
12-37	2387-2393	iplius	
12-38	2394-2399	aeris	
12-39	2399-2400	,	
12-40	2401-2404	vel	
12-41	2405-2413	alterius	
12-42	2414-2421	materiæ	
12-43	2422-2433	subtilioris	
12-44	2434-2438	hunc	
12-45	2439-2444	motum	
12-46	2445-2455	particulis	
12-47	2456-2462	odașis	
12-48	2463-2471	tribuere	
12-49	2472-2478	poteft	
12-50	2478-2479	,	
12-51	2480-2483	aer	
12-52	2484-2488	enim	
12-53	2489-2496	nunquam	
12-54	2497-2503	omnino	
12-55	2504-2512	quiescit	
12-56	2512-2513	.	

#Text=Infirmæ quidem sung hujusmodi caufæ, adeoque non nifi mo, tum valde cenuem procreare pollunt; ideo ut S. 111. vidimus, macerix odorę motus elt valdc lentus, & nih adjuverut a motu acris impressionem nullam efficere poteft, vel satis tenuem; quare cum motus liç tardillimus, caula valida non requiritur.
#Text=lo hoc noftra de odoribus theoria præstac alteri de luce: cum enim lucis, propagatio fic celerrima, validiilimanı causam requirir, que non fatis facile excogitari pocelt; ar hic obyiam, ac patentem caufam habemus, qux fatis.
#Text=superque est ad lentam propagacionem efficiendam.
13-1	2514-2521	Infirmæ	
13-2	2522-2528	quidem	
13-3	2529-2533	sung	
13-4	2534-2543	hujusmodi	
13-5	2544-2549	caufæ	
13-6	2549-2550	,	
13-7	2551-2558	adeoque	
13-8	2559-2562	non	
13-9	2563-2567	nifi	
13-10	2568-2570	mo	
13-11	2570-2571	,	
13-12	2572-2575	tum	
13-13	2576-2581	valde	
13-14	2582-2588	cenuem	
13-15	2589-2598	procreare	
13-16	2599-2606	pollunt	
13-17	2606-2607	;	
13-18	2608-2612	ideo	
13-19	2613-2615	ut	
13-20	2616-2617	S	
13-21	2617-2618	.	
13-22	2619-2622	111	
13-23	2622-2623	.	
13-24	2624-2631	vidimus	
13-25	2631-2632	,	
13-26	2633-2640	macerix	
13-27	2641-2646	odorę	
13-28	2647-2652	motus	
13-29	2653-2656	elt	
13-30	2657-2662	valdc	
13-31	2663-2669	lentus	
13-32	2669-2670	,	
13-33	2671-2672	&	
13-34	2673-2676	nih	
13-35	2677-2686	adjuverut	
13-36	2687-2688	a	
13-37	2689-2693	motu	
13-38	2694-2699	acris	
13-39	2700-2712	impressionem	
13-40	2713-2719	nullam	
13-41	2720-2728	efficere	
13-42	2729-2735	poteft	
13-43	2735-2736	,	
13-44	2737-2740	vel	
13-45	2741-2746	satis	
13-46	2747-2753	tenuem	
13-47	2753-2754	;	
13-48	2755-2760	quare	
13-49	2761-2764	cum	
13-50	2765-2770	motus	
13-51	2771-2774	liç	
13-52	2775-2786	tardillimus	
13-53	2786-2787	,	
13-54	2788-2793	caula	
13-55	2794-2800	valida	
13-56	2801-2804	non	
13-57	2805-2815	requiritur	
13-58	2815-2816	.	
13-59	2817-2819	lo	
13-60	2820-2823	hoc	
13-61	2824-2830	noftra	
13-62	2831-2833	de	
13-63	2834-2842	odoribus	
13-64	2843-2850	theoria	
13-65	2851-2858	præstac	
13-66	2859-2865	alteri	
13-67	2866-2868	de	
13-68	2869-2873	luce	
13-69	2873-2874	:	
13-70	2875-2878	cum	
13-71	2879-2883	enim	
13-72	2884-2889	lucis	
13-73	2889-2890	,	
13-74	2891-2901	propagatio	
13-75	2902-2905	fic	
13-76	2906-2915	celerrima	
13-77	2915-2916	,	
13-78	2917-2930	validiilimanı	
13-79	2931-2937	causam	
13-80	2938-2946	requirir	
13-81	2946-2947	,	
13-82	2948-2951	que	
13-83	2952-2955	non	
13-84	2956-2961	fatis	
13-85	2962-2968	facile	
13-86	2969-2979	excogitari	
13-87	2980-2986	pocelt	
13-88	2986-2987	;	
13-89	2988-2990	ar	
13-90	2991-2994	hic	
13-91	2995-3001	obyiam	
13-92	3001-3002	,	
13-93	3003-3005	ac	
13-94	3006-3014	patentem	
13-95	3015-3021	caufam	
13-96	3022-3029	habemus	
13-97	3029-3030	,	
13-98	3031-3034	qux	
13-99	3035-3040	fatis	
13-100	3040-3041	.	
13-101	3042-3050	superque	
13-102	3051-3054	est	
13-103	3055-3057	ad	
13-104	3058-3064	lentam	
13-105	3065-3078	propagacionem	
13-106	3079-3090	efficiendam	
13-107	3090-3091	.	

#Text=XI.
14-1	3092-3094	XI	
14-2	3094-3095	.	

#Text=Corpora odorifera suo odore inficiunt alia, quibus sunt pros xima, vel quibus confrıcantur, eaque corpora ad plurimum tem
#Text=
#Text=pus
#Text=
#Text=
#Text=
#Text=
#Text=
#Text=pus odorem fervaot.
15-1	3096-3103	Corpora	
15-2	3104-3113	odorifera	
15-3	3114-3117	suo	
15-4	3118-3123	odore	
15-5	3124-3133	inficiunt	
15-6	3134-3138	alia	
15-7	3138-3139	,	
15-8	3140-3146	quibus	
15-9	3147-3151	sunt	
15-10	3152-3156	pros	
15-11	3157-3161	xima	
15-12	3161-3162	,	
15-13	3163-3166	vel	
15-14	3167-3173	quibus	
15-15	3174-3186	confrıcantur	
15-16	3186-3187	,	
15-17	3188-3193	eaque	
15-18	3194-3201	corpora	
15-19	3202-3204	ad	
15-20	3205-3213	plurimum	
15-21	3214-3217	tem	
15-22	3219-3222	pus	
15-23	3228-3231	pus	
15-24	3232-3238	odorem	
15-25	3239-3246	fervaot	
15-26	3246-3247	.	

#Text=Licet odorem eo pacto, quo dixi, explicem, aoimus tamen non est omnia efAuvia negandi, cum corum lacis certa habcamus indicia, ncque huic theorix adversentur: particulæ igitur aliqux corporis odoriferi ab eodem exhalacæ aliis cor.
#Text=poribus adhærent, maxime G iisdem affricentur ; illæ proinde ab iisdem caulis agitatx odorem emittere pollunt, scuti reliqua odorifera corpora : ita videmus, scintillas ex combuftis lignis avolantes, aliisque corporibus adhærentes lumen emittere, codem enim modo agitantur, ac antes : quod G scintillä сito percunt, non ita vero particulz odorę in causa elt, quia in scintillis vehementissima est causa propagationis lucis, quæ facile cellat, tum propter exiguam materix copiam, cum propter ipfius materie dillolutionem ab igne productam; non ita le res habet in odoribus, cum, enim motus in particulis odoris fit lentissimus, causa satis exigua sufficicns ett ad eum motum continuandum ; illa igitur diucissime durare poteit, & motum continuando odorem ad longissimum
#Text=
#Text=tempus conservare.
16-1	3248-3253	Licet	
16-2	3254-3260	odorem	
16-3	3261-3263	eo	
16-4	3264-3269	pacto	
16-5	3269-3270	,	
16-6	3271-3274	quo	
16-7	3275-3279	dixi	
16-8	3279-3280	,	
16-9	3281-3289	explicem	
16-10	3289-3290	,	
16-11	3291-3297	aoimus	
16-12	3298-3303	tamen	
16-13	3304-3307	non	
16-14	3308-3311	est	
16-15	3312-3317	omnia	
16-16	3318-3325	efAuvia	
16-17	3326-3333	negandi	
16-18	3333-3334	,	
16-19	3335-3338	cum	
16-20	3339-3344	corum	
16-21	3345-3350	lacis	
16-22	3351-3356	certa	
16-23	3357-3365	habcamus	
16-24	3366-3373	indicia	
16-25	3373-3374	,	
16-26	3375-3380	ncque	
16-27	3381-3385	huic	
16-28	3386-3393	theorix	
16-29	3394-3405	adversentur	
16-30	3405-3406	:	
16-31	3407-3416	particulæ	
16-32	3417-3423	igitur	
16-33	3424-3430	aliqux	
16-34	3431-3439	corporis	
16-35	3440-3449	odoriferi	
16-36	3450-3452	ab	
16-37	3453-3458	eodem	
16-38	3459-3467	exhalacæ	
16-39	3468-3473	aliis	
16-40	3474-3477	cor	
16-41	3477-3478	.	
16-42	3479-3486	poribus	
16-43	3487-3495	adhærent	
16-44	3495-3496	,	
16-45	3497-3503	maxime	
16-46	3504-3505	G	
16-47	3506-3512	iisdem	
16-48	3513-3524	affricentur	
16-49	3525-3526	;	
16-50	3527-3531	illæ	
16-51	3532-3539	proinde	
16-52	3540-3542	ab	
16-53	3543-3549	iisdem	
16-54	3550-3556	caulis	
16-55	3557-3564	agitatx	
16-56	3565-3571	odorem	
16-57	3572-3580	emittere	
16-58	3581-3588	pollunt	
16-59	3588-3589	,	
16-60	3590-3595	scuti	
16-61	3596-3603	reliqua	
16-62	3604-3613	odorifera	
16-63	3614-3621	corpora	
16-64	3622-3623	:	
16-65	3624-3627	ita	
16-66	3628-3635	videmus	
16-67	3635-3636	,	
16-68	3637-3647	scintillas	
16-69	3648-3650	ex	
16-70	3651-3660	combuftis	
16-71	3661-3667	lignis	
16-72	3668-3677	avolantes	
16-73	3677-3678	,	
16-74	3679-3687	aliisque	
16-75	3688-3698	corporibus	
16-76	3699-3709	adhærentes	
16-77	3710-3715	lumen	
16-78	3716-3724	emittere	
16-79	3724-3725	,	
16-80	3726-3731	codem	
16-81	3732-3736	enim	
16-82	3737-3741	modo	
16-83	3742-3751	agitantur	
16-84	3751-3752	,	
16-85	3753-3755	ac	
16-86	3756-3761	antes	
16-87	3762-3763	:	
16-88	3764-3768	quod	
16-89	3769-3770	G	
16-90	3771-3780	scintillä	
16-91	3781-3785	сito	
16-92	3786-3793	percunt	
16-93	3793-3794	,	
16-94	3795-3798	non	
16-95	3799-3802	ita	
16-96	3803-3807	vero	
16-97	3808-3817	particulz	
16-98	3818-3823	odorę	
16-99	3824-3826	in	
16-100	3827-3832	causa	
16-101	3833-3836	elt	
16-102	3836-3837	,	
16-103	3838-3842	quia	
16-104	3843-3845	in	
16-105	3846-3856	scintillis	
16-106	3857-3871	vehementissima	
16-107	3872-3875	est	
16-108	3876-3881	causa	
16-109	3882-3895	propagationis	
16-110	3896-3901	lucis	
16-111	3901-3902	,	
16-112	3903-3906	quæ	
16-113	3907-3913	facile	
16-114	3914-3920	cellat	
16-115	3920-3921	,	
16-116	3922-3925	tum	
16-117	3926-3933	propter	
16-118	3934-3941	exiguam	
16-119	3942-3949	materix	
16-120	3950-3956	copiam	
16-121	3956-3957	,	
16-122	3958-3961	cum	
16-123	3962-3969	propter	
16-124	3970-3976	ipfius	
16-125	3977-3984	materie	
16-126	3985-3998	dillolutionem	
16-127	3999-4001	ab	
16-128	4002-4006	igne	
16-129	4007-4016	productam	
16-130	4016-4017	;	
16-131	4018-4021	non	
16-132	4022-4025	ita	
16-133	4026-4028	le	
16-134	4029-4032	res	
16-135	4033-4038	habet	
16-136	4039-4041	in	
16-137	4042-4050	odoribus	
16-138	4050-4051	,	
16-139	4052-4055	cum	
16-140	4055-4056	,	
16-141	4057-4061	enim	
16-142	4062-4067	motus	
16-143	4068-4070	in	
16-144	4071-4081	particulis	
16-145	4082-4088	odoris	
16-146	4089-4092	fit	
16-147	4093-4104	lentissimus	
16-148	4104-4105	,	
16-149	4106-4111	causa	
16-150	4112-4117	satis	
16-151	4118-4124	exigua	
16-152	4125-4135	sufficicns	
16-153	4136-4139	ett	
16-154	4140-4142	ad	
16-155	4143-4146	eum	
16-156	4147-4152	motum	
16-157	4153-4165	continuandum	
16-158	4166-4167	;	
16-159	4168-4172	illa	
16-160	4173-4179	igitur	
16-161	4180-4190	diucissime	
16-162	4191-4197	durare	
16-163	4198-4204	poteit	
16-164	4204-4205	,	
16-165	4206-4207	&	
16-166	4208-4213	motum	
16-167	4214-4225	continuando	
16-168	4226-4232	odorem	
16-169	4233-4235	ad	
16-170	4236-4247	longissimum	
16-171	4249-4255	tempus	
16-172	4256-4266	conservare	
16-173	4266-4267	.	
