#FORMAT=WebAnno TSV 3.3
#T_SP=custom.Span|label


#Text=Es muß aber das aufrichtige Muß-
#Text=katoͤl dicke ſeyn, goldgelbe ſehen, und
#Text=einen aromatiſchen Geruch nebſt ei-
#Text=
#Text=nem heiſſen und beiſſenden Geſchmack
#Text=haben.
1-1	2-4	Es	_	
1-2	5-8	muß	_	
1-3	9-13	aber	_	
1-4	14-17	das	_	
1-5	18-29	aufrichtige	_	
1-6	30-33	Muß	Smell\_Source[1]	
1-7	33-34	-	Smell\_Source[1]	
1-8	35-41	katoͤl	Smell\_Source[1]	
1-9	42-47	dicke	_	
1-10	48-52	ſeyn	_	
1-11	52-53	,	_	
1-12	54-63	goldgelbe	_	
1-13	64-69	ſehen	_	
1-14	69-70	,	_	
1-15	71-74	und	_	
1-16	75-80	einen	_	
1-17	81-93	aromatiſchen	Quality	
1-18	94-100	Geruch	Smell\_Word	
1-19	101-106	nebſt	_	
1-20	107-109	ei	_	
1-21	109-110	-	_	
1-22	112-115	nem	_	
1-23	116-123	heiſſen	_	
1-24	124-127	und	_	
1-25	128-138	beiſſenden	_	
1-26	139-148	Geſchmack	_	
1-27	149-154	haben	_	
1-28	154-155	.	_	

#Text=Die Art und Weiſe, wie dieſes Oel
#Text=zu bereiten, iſt gantz leichte;
#Text=denn man
#Text=darff die Mußkatnuͤſſe nur groͤblich zer-
#Text=ſtoſſen, und in einem haͤrinen
#Text=Siebe
#Text=
#Text=uͤber ſiedendheiſſes Waſſer ſtellen, und
#Text=mit einem doppelten haͤrinen Tuche und
#Text=einer Schuͤſſel zudecken.
2-1	159-162	Die	_	
2-2	163-166	Art	_	
2-3	167-170	und	_	
2-4	171-176	Weiſe	_	
2-5	176-177	,	_	
2-6	178-181	wie	_	
2-7	182-188	dieſes	_	
2-8	189-192	Oel	_	
2-9	193-195	zu	_	
2-10	196-204	bereiten	_	
2-11	204-205	,	_	
2-12	206-209	iſt	_	
2-13	210-215	gantz	_	
2-14	216-223	leichte	_	
2-15	223-224	;	_	
2-16	225-229	denn	_	
2-17	230-233	man	_	
2-18	234-239	darff	_	
2-19	240-243	die	_	
2-20	244-256	Mußkatnuͤſſe	_	
2-21	257-260	nur	_	
2-22	261-270	groͤblich	_	
2-23	271-274	zer	_	
2-24	274-275	-	_	
2-25	276-283	ſtoſſen	_	
2-26	283-284	,	_	
2-27	285-288	und	_	
2-28	289-291	in	_	
2-29	292-297	einem	_	
2-30	298-306	haͤrinen	_	
2-31	307-312	Siebe	_	
2-32	314-319	uͤber	_	
2-33	320-334	ſiedendheiſſes	_	
2-34	335-341	Waſſer	_	
2-35	342-349	ſtellen	_	
2-36	349-350	,	_	
2-37	351-354	und	_	
2-38	355-358	mit	_	
2-39	359-364	einem	_	
2-40	365-374	doppelten	_	
2-41	375-383	haͤrinen	_	
2-42	384-389	Tuche	_	
2-43	390-393	und	_	
2-44	394-399	einer	_	
2-45	400-409	Schuͤſſel	_	
2-46	410-418	zudecken	_	
2-47	418-419	.	_	

#Text=Wann nun
#Text=der Boden der Schuͤſſel von der Dunſt
#Text=des ſiedenden Waſſers heiß worden,
#Text=kehrt man das Tuch auf der Schuͤſſel
#Text=um, nimmt mit aller moͤglichen Behut-
#Text=ſamkeit die vier Zipfel des Tuchs zuſam-
#Text=men, und bindet ſie mit einer Schnure
#Text=
#Text=aufs veſteſte zuſammen.
3-1	420-424	Wann	_	
3-2	425-428	nun	_	
3-3	429-432	der	_	
3-4	433-438	Boden	_	
3-5	439-442	der	_	
3-6	443-452	Schuͤſſel	_	
3-7	453-456	von	_	
3-8	457-460	der	_	
3-9	461-466	Dunſt	_	
3-10	467-470	des	_	
3-11	471-480	ſiedenden	_	
3-12	481-488	Waſſers	_	
3-13	489-493	heiß	_	
3-14	494-500	worden	_	
3-15	500-501	,	_	
3-16	502-507	kehrt	_	
3-17	508-511	man	_	
3-18	512-515	das	_	
3-19	516-520	Tuch	_	
3-20	521-524	auf	_	
3-21	525-528	der	_	
3-22	529-538	Schuͤſſel	_	
3-23	539-541	um	_	
3-24	541-542	,	_	
3-25	543-548	nimmt	_	
3-26	549-552	mit	_	
3-27	553-558	aller	_	
3-28	559-569	moͤglichen	_	
3-29	570-575	Behut	_	
3-30	575-576	-	_	
3-31	577-584	ſamkeit	_	
3-32	585-588	die	_	
3-33	589-593	vier	_	
3-34	594-600	Zipfel	_	
3-35	601-604	des	_	
3-36	605-610	Tuchs	_	
3-37	611-616	zuſam	_	
3-38	616-617	-	_	
3-39	618-621	men	_	
3-40	621-622	,	_	
3-41	623-626	und	_	
3-42	627-633	bindet	_	
3-43	634-637	ſie	_	
3-44	638-641	mit	_	
3-45	642-647	einer	_	
3-46	648-655	Schnure	_	
3-47	657-661	aufs	_	
3-48	662-670	veſteſte	_	
3-49	671-679	zuſammen	_	
3-50	679-680	.	_	

#Text=Drauf legt
#Text=man die dergeſtalt erwaͤrmeten
#Text=Nuͤſſe
#Text=unter die Preſſe, zwiſchen zwey warme
#Text=Bleche, und preßt fein gleich und ſo hur-
#Text=tig, als nur ſeyn kan, zu, ſo rinnet ein
#Text=Goldgelbes Oel hervor, welches, wie es
#Text=in die Schuͤſſel faͤllt, geſtehet.
4-1	681-686	Drauf	_	
4-2	687-691	legt	_	
4-3	692-695	man	_	
4-4	696-699	die	_	
4-5	700-710	dergeſtalt	_	
4-6	711-722	erwaͤrmeten	_	
4-7	723-729	Nuͤſſe	_	
4-8	730-735	unter	_	
4-9	736-739	die	_	
4-10	740-746	Preſſe	_	
4-11	746-747	,	_	
4-12	748-756	zwiſchen	_	
4-13	757-761	zwey	_	
4-14	762-767	warme	_	
4-15	768-774	Bleche	_	
4-16	774-775	,	_	
4-17	776-779	und	_	
4-18	780-785	preßt	_	
4-19	786-790	fein	_	
4-20	791-797	gleich	_	
4-21	798-801	und	_	
4-22	802-804	ſo	_	
4-23	805-808	hur	_	
4-24	808-809	-	_	
4-25	810-813	tig	_	
4-26	813-814	,	_	
4-27	815-818	als	_	
4-28	819-822	nur	_	
4-29	823-827	ſeyn	_	
4-30	828-831	kan	_	
4-31	831-832	,	_	
4-32	833-835	zu	_	
4-33	835-836	,	_	
4-34	837-839	ſo	_	
4-35	840-846	rinnet	_	
4-36	847-850	ein	_	
4-37	851-861	Goldgelbes	_	
4-38	862-865	Oel	_	
4-39	866-872	hervor	_	
4-40	872-873	,	_	
4-41	874-881	welches	_	
4-42	881-882	,	_	
4-43	883-886	wie	_	
4-44	887-889	es	_	
4-45	890-892	in	_	
4-46	893-896	die	_	
4-47	897-906	Schuͤſſel	_	
4-48	907-913	faͤllt	_	
4-49	913-914	,	_	
4-50	915-923	geſtehet	_	
4-51	923-924	.	_	

#Text=Auch kan
#Text=man aus den Mußkaten ein klares ſtaꝛck-
#Text=riechendes Oel diſtilliren, welches eben
#Text=die Tugenden hat, wie das ausgepreßte,
#Text=allein es kommt um ein gutes hoͤher.
5-1	925-929	Auch	_	
5-2	930-933	kan	_	
5-3	934-937	man	_	
5-4	938-941	aus	_	
5-5	942-945	den	_	
5-6	946-954	Mußkaten	_	
5-7	955-958	ein	_	
5-8	959-965	klares	_	
5-9	966-972	ſtaꝛck	Smell\_Word[2]	
5-10	972-973	-	Smell\_Word[2]	
5-11	974-984	riechendes	Smell\_Word[2]	
5-12	985-988	Oel	Smell\_Source	
5-13	989-1000	diſtilliren	_	
5-14	1000-1001	,	_	
5-15	1002-1009	welches	_	
5-16	1010-1014	eben	_	
5-17	1015-1018	die	_	
5-18	1019-1027	Tugenden	_	
5-19	1028-1031	hat	_	
5-20	1031-1032	,	_	
5-21	1033-1036	wie	_	
5-22	1037-1040	das	_	
5-23	1041-1052	ausgepreßte	_	
5-24	1052-1053	,	_	
5-25	1054-1060	allein	_	
5-26	1061-1063	es	_	
5-27	1064-1069	kommt	_	
5-28	1070-1072	um	_	
5-29	1073-1076	ein	_	
5-30	1077-1082	gutes	_	
5-31	1083-1089	hoͤher	_	
5-32	1089-1090	.	_	

#Text=Diſtillirt
#Text=
#Text=Mußkatenoͤl.
6-1	1094-1104	Diſtillirt	_	
6-2	1106-1117	Mußkatenoͤl	_	
6-3	1117-1118	.	_	

#Text=Das eine und das andere haben treff-
#Text=liche Eigenſchaften, ſie moͤgen innerlich
#Text=oder aͤuſſerlich gebrauchet werden, ſinte-
#Text=mahl ſie den Magen uͤber alle maſſen
#Text=ſtaͤrcken.
7-1	1120-1123	Das	_	
7-2	1124-1128	eine	_	
7-3	1129-1132	und	_	
7-4	1133-1136	das	_	
7-5	1137-1143	andere	_	
7-6	1144-1149	haben	_	
7-7	1150-1155	treff	_	
7-8	1155-1156	-	_	
7-9	1157-1162	liche	_	
7-10	1163-1176	Eigenſchaften	_	
7-11	1176-1177	,	_	
7-12	1178-1181	ſie	_	
7-13	1182-1188	moͤgen	_	
7-14	1189-1198	innerlich	_	
7-15	1199-1203	oder	_	
7-16	1204-1215	aͤuſſerlich	_	
7-17	1216-1226	gebrauchet	_	
7-18	1227-1233	werden	_	
7-19	1233-1234	,	_	
7-20	1235-1240	ſinte	_	
7-21	1240-1241	-	_	
7-22	1242-1246	mahl	_	
7-23	1247-1250	ſie	_	
7-24	1251-1254	den	_	
7-25	1255-1260	Magen	_	
7-26	1261-1266	uͤber	_	
7-27	1267-1271	alle	_	
7-28	1272-1278	maſſen	_	
7-29	1279-1288	ſtaͤrcken	_	
7-30	1288-1289	.	_	

#Text=Was die Macis belanget, welche der
#Text=Schale, die die Nuß beſchließt, zur Decke
#Text=dienet, dieſelbe ſoll man ausſuchen,
#Text=wenn ſie fein breitblaͤttricht, und recht
#Text=hoch von Farbe iſt, auch ſo wenig kleine
#Text=Stuͤcklein, als immer moͤglich, darun-
#Text=ter zu befinden:
#Text=ſie ſoll ingleichen
#Text=einen
#Text=heiſſen und ſtarcken aromatiſchen Ge-
#Text=ſchmack haben.
8-1	1293-1296	Was	_	
8-2	1297-1300	die	_	
8-3	1301-1306	Macis	_	
8-4	1307-1315	belanget	_	
8-5	1315-1316	,	_	
8-6	1317-1323	welche	_	
8-7	1324-1327	der	_	
8-8	1328-1334	Schale	_	
8-9	1334-1335	,	_	
8-10	1336-1339	die	_	
8-11	1340-1343	die	_	
8-12	1344-1347	Nuß	_	
8-13	1348-1358	beſchließt	_	
8-14	1358-1359	,	_	
8-15	1360-1363	zur	_	
8-16	1364-1369	Decke	_	
8-17	1370-1376	dienet	_	
8-18	1376-1377	,	_	
8-19	1378-1386	dieſelbe	_	
8-20	1387-1391	ſoll	_	
8-21	1392-1395	man	_	
8-22	1396-1405	ausſuchen	_	
8-23	1405-1406	,	_	
8-24	1407-1411	wenn	_	
8-25	1412-1415	ſie	_	
8-26	1416-1420	fein	_	
8-27	1421-1437	breitblaͤttricht	_	
8-28	1437-1438	,	_	
8-29	1439-1442	und	_	
8-30	1443-1448	recht	_	
8-31	1449-1453	hoch	_	
8-32	1454-1457	von	_	
8-33	1458-1463	Farbe	_	
8-34	1464-1467	iſt	_	
8-35	1467-1468	,	_	
8-36	1469-1473	auch	_	
8-37	1474-1476	ſo	_	
8-38	1477-1482	wenig	_	
8-39	1483-1489	kleine	_	
8-40	1490-1500	Stuͤcklein	_	
8-41	1500-1501	,	_	
8-42	1502-1505	als	_	
8-43	1506-1511	immer	_	
8-44	1512-1520	moͤglich	_	
8-45	1520-1521	,	_	
8-46	1522-1527	darun	_	
8-47	1527-1528	-	_	
8-48	1529-1532	ter	_	
8-49	1533-1535	zu	_	
8-50	1536-1544	befinden	_	
8-51	1544-1545	:	_	
8-52	1546-1549	ſie	_	
8-53	1550-1554	ſoll	_	
8-54	1555-1565	ingleichen	_	
8-55	1566-1571	einen	_	
8-56	1572-1579	heiſſen	_	
8-57	1580-1583	und	_	
8-58	1584-1592	ſtarcken	_	
8-59	1593-1605	aromatiſchen	_	
8-60	1606-1608	Ge	_	
8-61	1608-1609	-	_	
8-62	1610-1617	ſchmack	_	
8-63	1618-1623	haben	_	
8-64	1623-1624	.	_	

#Text=Es verſichern etliche,
#Text=daß die Macis, wenn ſie noch gantz
#Text=friſch, und erſt neulich von der aͤuſſerſten
#Text=Schale entbloͤſet worden, roth, als wie
#Text=Scharlach ſehe;
9-1	1625-1627	Es	_	
9-2	1628-1638	verſichern	_	
9-3	1639-1646	etliche	_	
9-4	1646-1647	,	_	
9-5	1648-1651	daß	_	
9-6	1652-1655	die	_	
9-7	1656-1661	Macis	_	
9-8	1661-1662	,	_	
9-9	1663-1667	wenn	_	
9-10	1668-1671	ſie	_	
9-11	1672-1676	noch	_	
9-12	1677-1682	gantz	_	
9-13	1683-1689	friſch	_	
9-14	1689-1690	,	_	
9-15	1691-1694	und	_	
9-16	1695-1699	erſt	_	
9-17	1700-1707	neulich	_	
9-18	1708-1711	von	_	
9-19	1712-1715	der	_	
9-20	1716-1727	aͤuſſerſten	_	
9-21	1728-1734	Schale	_	
9-22	1735-1745	entbloͤſet	_	
9-23	1746-1752	worden	_	
9-24	1752-1753	,	_	
9-25	1754-1758	roth	_	
9-26	1758-1759	,	_	
9-27	1760-1763	als	_	
9-28	1764-1767	wie	_	
9-29	1768-1777	Scharlach	_	
9-30	1778-1782	ſehe	_	
9-31	1782-1783	;	_	
