{"_context" : {
    "_types" : {
      "DocumentMetaData" : {
        "_feature_types" : {"sofa" : "_ref" } }, 
      "Relation" : {
        "_feature_types" : {"sofa" : "_ref",  "Dependent" : "_ref",  "Governor" : "_ref" } }, 
      "Sentence" : {
        "_feature_types" : {"sofa" : "_ref" } }, 
      "Sofa" : {
        "_feature_types" : {"sofaArray" : "_ref" } }, 
      "Span" : {
        "_feature_types" : {"sofa" : "_ref" } }, 
      "TagsetDescription" : {
        "_feature_types" : {"sofa" : "_ref",  "tags" : "_ref" } }, 
      "Token" : {
        "_feature_types" : {"sofa" : "_ref",  "parent" : "_ref",  "lemma" : "_ref",  "stem" : "_ref",  "pos" : "_ref",  "morph" : "_ref",  "form" : "_ref" } }, 
      "DocumentAnnotation" : {
        "_feature_types" : {"sofa" : "_ref" }, 
        "_subtypes" : ["DocumentMetaData" ] }, 
      "Annotation" : {
        "_feature_types" : {"sofa" : "_ref" }, 
        "_subtypes" : ["DocumentAnnotation",  "Relation",  "Sentence",  "Span",  "TagsetDescription",  "Token" ] }, 
      "AnnotationBase" : {
        "_feature_types" : {"sofa" : "_ref" }, 
        "_subtypes" : ["Annotation" ] }, 
      "TOP" : {
        "_subtypes" : ["AnnotationBase",  "Sofa" ] } } }, 
  "_views" : {
    "_InitialView" : {
      "Relation" : [
        {"sofa" : 1,  "begin" : 1193,  "end" : 1202,  "Dependent" : 13582,  "Governor" : 13587 }, 
        {"sofa" : 1,  "begin" : 1193,  "end" : 1202,  "Dependent" : 13582,  "Governor" : 13597 }, 
        {"sofa" : 1,  "begin" : 1193,  "end" : 1202,  "Dependent" : 13582,  "Governor" : 13592 }, 
        {"sofa" : 1,  "begin" : 1969,  "end" : 1977,  "Dependent" : 13623,  "Governor" : 13628 }, 
        {"sofa" : 1,  "begin" : 1969,  "end" : 1977,  "Dependent" : 13623,  "Governor" : 13645 }, 
        {"sofa" : 1,  "begin" : 1984,  "end" : 1989,  "Dependent" : 13657,  "Governor" : 13662 }, 
        {"sofa" : 1,  "begin" : 1984,  "end" : 1989,  "Dependent" : 13657,  "Governor" : 13679 }, 
        {"sofa" : 1,  "begin" : 1984,  "end" : 1989,  "Dependent" : 13657,  "Governor" : 13674 } ], 
      "Span" : [13592,  13597,  13587,  13582,  13645,  13623,  13628,  13657,  13662,  13674,  13679 ], 
      "DocumentMetaData" : [
        {"sofa" : 1,  "end" : 5218,  "language" : "x-unspecified",  "documentTitle" : "025E%20John%20Gabriel%20Steadman%201796%20Narrative%20of%20a%20five%20years%20expedition__79_TRAV.txt",  "documentId" : "satonelli",  "documentUri" : "file:/home/dhuser/alessio/inception/repository/project/29/document/8668/source/satonelli",  "collectionId" : "file:/home/dhuser/alessio/inception/repository/project/29/document/8668/source/",  "documentBaseUri" : "file:/home/dhuser/alessio/inception/repository/project/29/document/8668/source/",  "isLastSegment" : false } ], 
      "TagsetDescription" : [
        {"sofa" : 1,  "layer" : "webanno.custom.Emotions",  "name" : "Emotion Labels",  "input" : false }, 
        {"sofa" : 1,  "layer" : "custom.Relation",  "name" : "Relation labels",  "input" : false }, 
        {"sofa" : 1,  "layer" : "custom.Span",  "name" : "Smell labels",  "input" : false } ], 
      "Sentence" : [
        {"sofa" : 1,  "end" : 433 }, 
        {"sofa" : 1,  "begin" : 434,  "end" : 614 }, 
        {"sofa" : 1,  "begin" : 616,  "end" : 919 }, 
        {"sofa" : 1,  "begin" : 920,  "end" : 1112 }, 
        {"sofa" : 1,  "begin" : 1113,  "end" : 1203 }, 
        {"sofa" : 1,  "begin" : 1204,  "end" : 1391 }, 
        {"sofa" : 1,  "begin" : 1392,  "end" : 1624 }, 
        {"sofa" : 1,  "begin" : 1625,  "end" : 1787 }, 
        {"sofa" : 1,  "begin" : 1788,  "end" : 2106 }, 
        {"sofa" : 1,  "begin" : 2107,  "end" : 2122 }, 
        {"sofa" : 1,  "begin" : 2124,  "end" : 2503 }, 
        {"sofa" : 1,  "begin" : 2504,  "end" : 2835 }, 
        {"sofa" : 1,  "begin" : 2836,  "end" : 3326 }, 
        {"sofa" : 1,  "begin" : 3328,  "end" : 3676 }, 
        {"sofa" : 1,  "begin" : 3677,  "end" : 4240 }, 
        {"sofa" : 1,  "begin" : 4241,  "end" : 4568 }, 
        {"sofa" : 1,  "begin" : 4569,  "end" : 4650 }, 
        {"sofa" : 1,  "begin" : 4651,  "end" : 4877 }, 
        {"sofa" : 1,  "begin" : 4878,  "end" : 5216 } ], 
      "Token" : [
        {"sofa" : 1,  "end" : 3 }, 
        {"sofa" : 1,  "begin" : 4,  "end" : 12 }, 
        {"sofa" : 1,  "begin" : 13,  "end" : 14 }, 
        {"sofa" : 1,  "begin" : 15,  "end" : 16 }, 
        {"sofa" : 1,  "begin" : 17,  "end" : 24 }, 
        {"sofa" : 1,  "begin" : 25,  "end" : 29 }, 
        {"sofa" : 1,  "begin" : 30,  "end" : 33 }, 
        {"sofa" : 1,  "begin" : 34,  "end" : 41 }, 
        {"sofa" : 1,  "begin" : 42,  "end" : 44 }, 
        {"sofa" : 1,  "begin" : 45,  "end" : 50 }, 
        {"sofa" : 1,  "begin" : 51,  "end" : 53 }, 
        {"sofa" : 1,  "begin" : 54,  "end" : 57 }, 
        {"sofa" : 1,  "begin" : 58,  "end" : 61 }, 
        {"sofa" : 1,  "begin" : 62,  "end" : 64 }, 
        {"sofa" : 1,  "begin" : 65,  "end" : 70 }, 
        {"sofa" : 1,  "begin" : 71,  "end" : 76 }, 
        {"sofa" : 1,  "begin" : 76,  "end" : 77 }, 
        {"sofa" : 1,  "begin" : 78,  "end" : 83 }, 
        {"sofa" : 1,  "begin" : 84,  "end" : 87 }, 
        {"sofa" : 1,  "begin" : 88,  "end" : 89 }, 
        {"sofa" : 1,  "begin" : 90,  "end" : 95 }, 
        {"sofa" : 1,  "begin" : 96,  "end" : 101 }, 
        {"sofa" : 1,  "begin" : 102,  "end" : 104 }, 
        {"sofa" : 1,  "begin" : 105,  "end" : 108 }, 
        {"sofa" : 1,  "begin" : 109,  "end" : 119 }, 
        {"sofa" : 1,  "begin" : 119,  "end" : 120 }, 
        {"sofa" : 1,  "begin" : 121,  "end" : 124 }, 
        {"sofa" : 1,  "begin" : 125,  "end" : 132 }, 
        {"sofa" : 1,  "begin" : 133,  "end" : 142 }, 
        {"sofa" : 1,  "begin" : 143,  "end" : 146 }, 
        {"sofa" : 1,  "begin" : 147,  "end" : 154 }, 
        {"sofa" : 1,  "begin" : 155,  "end" : 159 }, 
        {"sofa" : 1,  "begin" : 160,  "end" : 164 }, 
        {"sofa" : 1,  "begin" : 165,  "end" : 174 }, 
        {"sofa" : 1,  "begin" : 174,  "end" : 175 }, 
        {"sofa" : 1,  "begin" : 176,  "end" : 179 }, 
        {"sofa" : 1,  "begin" : 180,  "end" : 181 }, 
        {"sofa" : 1,  "begin" : 182,  "end" : 188 }, 
        {"sofa" : 1,  "begin" : 189,  "end" : 192 }, 
        {"sofa" : 1,  "begin" : 193,  "end" : 198 }, 
        {"sofa" : 1,  "begin" : 199,  "end" : 204 }, 
        {"sofa" : 1,  "begin" : 204,  "end" : 205 }, 
        {"sofa" : 1,  "begin" : 206,  "end" : 209 }, 
        {"sofa" : 1,  "begin" : 210,  "end" : 214 }, 
        {"sofa" : 1,  "begin" : 215,  "end" : 218 }, 
        {"sofa" : 1,  "begin" : 219,  "end" : 223 }, 
        {"sofa" : 1,  "begin" : 224,  "end" : 231 }, 
        {"sofa" : 1,  "begin" : 232,  "end" : 234 }, 
        {"sofa" : 1,  "begin" : 235,  "end" : 238 }, 
        {"sofa" : 1,  "begin" : 239,  "end" : 247 }, 
        {"sofa" : 1,  "begin" : 247,  "end" : 248 }, 
        {"sofa" : 1,  "begin" : 249,  "end" : 251 }, 
        {"sofa" : 1,  "begin" : 252,  "end" : 255 }, 
        {"sofa" : 1,  "begin" : 256,  "end" : 261 }, 
        {"sofa" : 1,  "begin" : 262,  "end" : 275 }, 
        {"sofa" : 1,  "begin" : 276,  "end" : 278 }, 
        {"sofa" : 1,  "begin" : 279,  "end" : 286 }, 
        {"sofa" : 1,  "begin" : 287,  "end" : 296 }, 
        {"sofa" : 1,  "begin" : 296,  "end" : 297 }, 
        {"sofa" : 1,  "begin" : 298,  "end" : 304 }, 
        {"sofa" : 1,  "begin" : 305,  "end" : 307 }, 
        {"sofa" : 1,  "begin" : 308,  "end" : 314 }, 
        {"sofa" : 1,  "begin" : 315,  "end" : 317 }, 
        {"sofa" : 1,  "begin" : 318,  "end" : 321 }, 
        {"sofa" : 1,  "begin" : 322,  "end" : 329 }, 
        {"sofa" : 1,  "begin" : 330,  "end" : 335 }, 
        {"sofa" : 1,  "begin" : 336,  "end" : 338 }, 
        {"sofa" : 1,  "begin" : 339,  "end" : 342 }, 
        {"sofa" : 1,  "begin" : 343,  "end" : 346 }, 
        {"sofa" : 1,  "begin" : 347,  "end" : 354 }, 
        {"sofa" : 1,  "begin" : 354,  "end" : 355 }, 
        {"sofa" : 1,  "begin" : 356,  "end" : 358 }, 
        {"sofa" : 1,  "begin" : 359,  "end" : 361 }, 
        {"sofa" : 1,  "begin" : 362,  "end" : 365 }, 
        {"sofa" : 1,  "begin" : 366,  "end" : 371 }, 
        {"sofa" : 1,  "begin" : 372,  "end" : 377 }, 
        {"sofa" : 1,  "begin" : 378,  "end" : 381 }, 
        {"sofa" : 1,  "begin" : 382,  "end" : 390 }, 
        {"sofa" : 1,  "begin" : 391,  "end" : 399 }, 
        {"sofa" : 1,  "begin" : 400,  "end" : 406 }, 
        {"sofa" : 1,  "begin" : 407,  "end" : 409 }, 
        {"sofa" : 1,  "begin" : 410,  "end" : 413 }, 
        {"sofa" : 1,  "begin" : 414,  "end" : 422 }, 
        {"sofa" : 1,  "begin" : 423,  "end" : 432 }, 
        {"sofa" : 1,  "begin" : 432,  "end" : 433 }, 
        {"sofa" : 1,  "begin" : 434,  "end" : 437 }, 
        {"sofa" : 1,  "begin" : 438,  "end" : 445 }, 
        {"sofa" : 1,  "begin" : 446,  "end" : 449 }, 
        {"sofa" : 1,  "begin" : 450,  "end" : 454 }, 
        {"sofa" : 1,  "begin" : 455,  "end" : 459 }, 
        {"sofa" : 1,  "begin" : 460,  "end" : 462 }, 
        {"sofa" : 1,  "begin" : 463,  "end" : 468 }, 
        {"sofa" : 1,  "begin" : 469,  "end" : 472 }, 
        {"sofa" : 1,  "begin" : 473,  "end" : 478 }, 
        {"sofa" : 1,  "begin" : 478,  "end" : 479 }, 
        {"sofa" : 1,  "begin" : 480,  "end" : 483 }, 
        {"sofa" : 1,  "begin" : 484,  "end" : 485 }, 
        {"sofa" : 1,  "begin" : 486,  "end" : 495 }, 
        {"sofa" : 1,  "begin" : 496,  "end" : 498 }, 
        {"sofa" : 1,  "begin" : 499,  "end" : 502 }, 
        {"sofa" : 1,  "begin" : 503,  "end" : 507 }, 
        {"sofa" : 1,  "begin" : 508,  "end" : 510 }, 
        {"sofa" : 1,  "begin" : 511,  "end" : 514 }, 
        {"sofa" : 1,  "begin" : 515,  "end" : 520 }, 
        {"sofa" : 1,  "begin" : 521,  "end" : 532 }, 
        {"sofa" : 1,  "begin" : 533,  "end" : 536 }, 
        {"sofa" : 1,  "begin" : 537,  "end" : 544 }, 
        {"sofa" : 1,  "begin" : 545,  "end" : 547 }, 
        {"sofa" : 1,  "begin" : 548,  "end" : 551 }, 
        {"sofa" : 1,  "begin" : 552,  "end" : 559 }, 
        {"sofa" : 1,  "begin" : 560,  "end" : 567 }, 
        {"sofa" : 1,  "begin" : 568,  "end" : 572 }, 
        {"sofa" : 1,  "begin" : 573,  "end" : 578 }, 
        {"sofa" : 1,  "begin" : 579,  "end" : 586 }, 
        {"sofa" : 1,  "begin" : 587,  "end" : 594 }, 
        {"sofa" : 1,  "begin" : 595,  "end" : 597 }, 
        {"sofa" : 1,  "begin" : 598,  "end" : 602 }, 
        {"sofa" : 1,  "begin" : 602,  "end" : 603 }, 
        {"sofa" : 1,  "begin" : 604,  "end" : 609 }, 
        {"sofa" : 1,  "begin" : 609,  "end" : 610 }, 
        {"sofa" : 1,  "begin" : 611,  "end" : 612 }, 
        {"sofa" : 1,  "begin" : 612,  "end" : 613 }, 
        {"sofa" : 1,  "begin" : 613,  "end" : 614 }, 
        {"sofa" : 1,  "begin" : 616,  "end" : 617 }, 
        {"sofa" : 1,  "begin" : 618,  "end" : 622 }, 
        {"sofa" : 1,  "begin" : 623,  "end" : 628 }, 
        {"sofa" : 1,  "begin" : 629,  "end" : 637 }, 
        {"sofa" : 1,  "begin" : 638,  "end" : 641 }, 
        {"sofa" : 1,  "begin" : 642,  "end" : 653 }, 
        {"sofa" : 1,  "begin" : 654,  "end" : 657 }, 
        {"sofa" : 1,  "begin" : 658,  "end" : 668 }, 
        {"sofa" : 1,  "begin" : 669,  "end" : 671 }, 
        {"sofa" : 1,  "begin" : 672,  "end" : 677 }, 
        {"sofa" : 1,  "begin" : 678,  "end" : 684 }, 
        {"sofa" : 1,  "begin" : 684,  "end" : 685 }, 
        {"sofa" : 1,  "begin" : 686,  "end" : 691 }, 
        {"sofa" : 1,  "begin" : 692,  "end" : 693 }, 
        {"sofa" : 1,  "begin" : 694,  "end" : 697 }, 
        {"sofa" : 1,  "begin" : 698,  "end" : 702 }, 
        {"sofa" : 1,  "begin" : 703,  "end" : 707 }, 
        {"sofa" : 1,  "begin" : 708,  "end" : 712 }, 
        {"sofa" : 1,  "begin" : 713,  "end" : 724 }, 
        {"sofa" : 1,  "begin" : 724,  "end" : 725 }, 
        {"sofa" : 1,  "begin" : 726,  "end" : 735 }, 
        {"sofa" : 1,  "begin" : 736,  "end" : 743 }, 
        {"sofa" : 1,  "begin" : 744,  "end" : 752 }, 
        {"sofa" : 1,  "begin" : 753,  "end" : 755 }, 
        {"sofa" : 1,  "begin" : 756,  "end" : 762 }, 
        {"sofa" : 1,  "begin" : 763,  "end" : 766 }, 
        {"sofa" : 1,  "begin" : 767,  "end" : 776 }, 
        {"sofa" : 1,  "begin" : 777,  "end" : 781 }, 
        {"sofa" : 1,  "begin" : 782,  "end" : 784 }, 
        {"sofa" : 1,  "begin" : 785,  "end" : 793 }, 
        {"sofa" : 1,  "begin" : 794,  "end" : 801 }, 
        {"sofa" : 1,  "begin" : 801,  "end" : 802 }, 
        {"sofa" : 1,  "begin" : 803,  "end" : 805 }, 
        {"sofa" : 1,  "begin" : 806,  "end" : 813 }, 
        {"sofa" : 1,  "begin" : 814,  "end" : 816 }, 
        {"sofa" : 1,  "begin" : 817,  "end" : 819 }, 
        {"sofa" : 1,  "begin" : 820,  "end" : 823 }, 
        {"sofa" : 1,  "begin" : 824,  "end" : 829 }, 
        {"sofa" : 1,  "begin" : 830,  "end" : 832 }, 
        {"sofa" : 1,  "begin" : 833,  "end" : 836 }, 
        {"sofa" : 1,  "begin" : 837,  "end" : 843 }, 
        {"sofa" : 1,  "begin" : 843,  "end" : 844 }, 
        {"sofa" : 1,  "begin" : 845,  "end" : 852 }, 
        {"sofa" : 1,  "begin" : 853,  "end" : 856 }, 
        {"sofa" : 1,  "begin" : 857,  "end" : 866 }, 
        {"sofa" : 1,  "begin" : 867,  "end" : 871 }, 
        {"sofa" : 1,  "begin" : 872,  "end" : 875 }, 
        {"sofa" : 1,  "begin" : 876,  "end" : 882 }, 
        {"sofa" : 1,  "begin" : 883,  "end" : 891 }, 
        {"sofa" : 1,  "begin" : 891,  "end" : 892 }, 
        {"sofa" : 1,  "begin" : 893,  "end" : 896 }, 
        {"sofa" : 1,  "begin" : 897,  "end" : 901 }, 
        {"sofa" : 1,  "begin" : 902,  "end" : 909 }, 
        {"sofa" : 1,  "begin" : 910,  "end" : 912 }, 
        {"sofa" : 1,  "begin" : 913,  "end" : 918 }, 
        {"sofa" : 1,  "begin" : 918,  "end" : 919 }, 
        {"sofa" : 1,  "begin" : 920,  "end" : 924 }, 
        {"sofa" : 1,  "begin" : 925,  "end" : 930 }, 
        {"sofa" : 1,  "begin" : 931,  "end" : 933 }, 
        {"sofa" : 1,  "begin" : 934,  "end" : 935 }, 
        {"sofa" : 1,  "begin" : 936,  "end" : 940 }, 
        {"sofa" : 1,  "begin" : 941,  "end" : 946 }, 
        {"sofa" : 1,  "begin" : 946,  "end" : 947 }, 
        {"sofa" : 1,  "begin" : 948,  "end" : 952 }, 
        {"sofa" : 1,  "begin" : 953,  "end" : 959 }, 
        {"sofa" : 1,  "begin" : 960,  "end" : 964 }, 
        {"sofa" : 1,  "begin" : 965,  "end" : 969 }, 
        {"sofa" : 1,  "begin" : 969,  "end" : 970 }, 
        {"sofa" : 1,  "begin" : 971,  "end" : 979 }, 
        {"sofa" : 1,  "begin" : 979,  "end" : 980 }, 
        {"sofa" : 1,  "begin" : 981,  "end" : 984 }, 
        {"sofa" : 1,  "begin" : 985,  "end" : 990 }, 
        {"sofa" : 1,  "begin" : 991,  "end" : 997 }, 
        {"sofa" : 1,  "begin" : 997,  "end" : 998 }, 
        {"sofa" : 1,  "begin" : 999,  "end" : 1002 }, 
        {"sofa" : 1,  "begin" : 1003,  "end" : 1006 }, 
        {"sofa" : 1,  "begin" : 1007,  "end" : 1012 }, 
        {"sofa" : 1,  "begin" : 1013,  "end" : 1020 }, 
        {"sofa" : 1,  "begin" : 1021,  "end" : 1025 }, 
        {"sofa" : 1,  "begin" : 1026,  "end" : 1027 }, 
        {"sofa" : 1,  "begin" : 1028,  "end" : 1033 }, 
        {"sofa" : 1,  "begin" : 1033,  "end" : 1034 }, 
        {"sofa" : 1,  "begin" : 1035,  "end" : 1038 }, 
        {"sofa" : 1,  "begin" : 1039,  "end" : 1043 }, 
        {"sofa" : 1,  "begin" : 1044,  "end" : 1052 }, 
        {"sofa" : 1,  "begin" : 1053,  "end" : 1055 }, 
        {"sofa" : 1,  "begin" : 1056,  "end" : 1063 }, 
        {"sofa" : 1,  "begin" : 1064,  "end" : 1073 }, 
        {"sofa" : 1,  "begin" : 1074,  "end" : 1080 }, 
        {"sofa" : 1,  "begin" : 1080,  "end" : 1081 }, 
        {"sofa" : 1,  "begin" : 1082,  "end" : 1091 }, 
        {"sofa" : 1,  "begin" : 1092,  "end" : 1097 }, 
        {"sofa" : 1,  "begin" : 1098,  "end" : 1101 }, 
        {"sofa" : 1,  "begin" : 1102,  "end" : 1111 }, 
        {"sofa" : 1,  "begin" : 1111,  "end" : 1112 }, 
        {"sofa" : 1,  "begin" : 1113,  "end" : 1116 }, 
        {"sofa" : 1,  "begin" : 1117,  "end" : 1122 }, 
        {"sofa" : 1,  "begin" : 1123,  "end" : 1128 }, 
        {"sofa" : 1,  "begin" : 1129,  "end" : 1134 }, 
        {"sofa" : 1,  "begin" : 1135,  "end" : 1137 }, 
        {"sofa" : 1,  "begin" : 1138,  "end" : 1141 }, 
        {"sofa" : 1,  "begin" : 1142,  "end" : 1147 }, 
        {"sofa" : 1,  "begin" : 1147,  "end" : 1148 }, 
        {"sofa" : 1,  "begin" : 1149,  "end" : 1152 }, 
        {"sofa" : 1,  "begin" : 1153,  "end" : 1159 }, 
        {"sofa" : 1,  "begin" : 1160,  "end" : 1162 }, 
        {"sofa" : 1,  "begin" : 1163,  "end" : 1170 }, 
        {"sofa" : 1,  "begin" : 1171,  "end" : 1174 }, 
        {"sofa" : 1,  "begin" : 1176,  "end" : 1177 }, 
        {"sofa" : 1,  "begin" : 1178,  "end" : 1182 }, 
        {"sofa" : 1,  "begin" : 1183,  "end" : 1192 }, 
        {"sofa" : 1,  "begin" : 1193,  "end" : 1202 }, 
        {"sofa" : 1,  "begin" : 1202,  "end" : 1203 }, 
        {"sofa" : 1,  "begin" : 1204,  "end" : 1208 }, 
        {"sofa" : 1,  "begin" : 1209,  "end" : 1213 }, 
        {"sofa" : 1,  "begin" : 1213,  "end" : 1214 }, 
        {"sofa" : 1,  "begin" : 1215,  "end" : 1217 }, 
        {"sofa" : 1,  "begin" : 1218,  "end" : 1220 }, 
        {"sofa" : 1,  "begin" : 1221,  "end" : 1224 }, 
        {"sofa" : 1,  "begin" : 1225,  "end" : 1229 }, 
        {"sofa" : 1,  "begin" : 1230,  "end" : 1233 }, 
        {"sofa" : 1,  "begin" : 1234,  "end" : 1239 }, 
        {"sofa" : 1,  "begin" : 1240,  "end" : 1242 }, 
        {"sofa" : 1,  "begin" : 1243,  "end" : 1244 }, 
        {"sofa" : 1,  "begin" : 1245,  "end" : 1256 }, 
        {"sofa" : 1,  "begin" : 1256,  "end" : 1257 }, 
        {"sofa" : 1,  "begin" : 1258,  "end" : 1261 }, 
        {"sofa" : 1,  "begin" : 1262,  "end" : 1267 }, 
        {"sofa" : 1,  "begin" : 1268,  "end" : 1272 }, 
        {"sofa" : 1,  "begin" : 1273,  "end" : 1278 }, 
        {"sofa" : 1,  "begin" : 1279,  "end" : 1281 }, 
        {"sofa" : 1,  "begin" : 1282,  "end" : 1288 }, 
        {"sofa" : 1,  "begin" : 1288,  "end" : 1289 }, 
        {"sofa" : 1,  "begin" : 1290,  "end" : 1293 }, 
        {"sofa" : 1,  "begin" : 1294,  "end" : 1297 }, 
        {"sofa" : 1,  "begin" : 1298,  "end" : 1302 }, 
        {"sofa" : 1,  "begin" : 1303,  "end" : 1305 }, 
        {"sofa" : 1,  "begin" : 1306,  "end" : 1310 }, 
        {"sofa" : 1,  "begin" : 1311,  "end" : 1315 }, 
        {"sofa" : 1,  "begin" : 1316,  "end" : 1319 }, 
        {"sofa" : 1,  "begin" : 1320,  "end" : 1325 }, 
        {"sofa" : 1,  "begin" : 1325,  "end" : 1326 }, 
        {"sofa" : 1,  "begin" : 1327,  "end" : 1330 }, 
        {"sofa" : 1,  "begin" : 1331,  "end" : 1336 }, 
        {"sofa" : 1,  "begin" : 1337,  "end" : 1341 }, 
        {"sofa" : 1,  "begin" : 1342,  "end" : 1344 }, 
        {"sofa" : 1,  "begin" : 1345,  "end" : 1349 }, 
        {"sofa" : 1,  "begin" : 1350,  "end" : 1353 }, 
        {"sofa" : 1,  "begin" : 1354,  "end" : 1359 }, 
        {"sofa" : 1,  "begin" : 1359,  "end" : 1360 }, 
        {"sofa" : 1,  "begin" : 1361,  "end" : 1367 }, 
        {"sofa" : 1,  "begin" : 1368,  "end" : 1372 }, 
        {"sofa" : 1,  "begin" : 1373,  "end" : 1384 }, 
        {"sofa" : 1,  "begin" : 1385,  "end" : 1390 }, 
        {"sofa" : 1,  "begin" : 1390,  "end" : 1391 }, 
        {"sofa" : 1,  "begin" : 1392,  "end" : 1396 }, 
        {"sofa" : 1,  "begin" : 1397,  "end" : 1402 }, 
        {"sofa" : 1,  "begin" : 1403,  "end" : 1405 }, 
        {"sofa" : 1,  "begin" : 1406,  "end" : 1410 }, 
        {"sofa" : 1,  "begin" : 1411,  "end" : 1419 }, 
        {"sofa" : 1,  "begin" : 1420,  "end" : 1422 }, 
        {"sofa" : 1,  "begin" : 1423,  "end" : 1426 }, 
        {"sofa" : 1,  "begin" : 1427,  "end" : 1429 }, 
        {"sofa" : 1,  "begin" : 1430,  "end" : 1436 }, 
        {"sofa" : 1,  "begin" : 1437,  "end" : 1440 }, 
        {"sofa" : 1,  "begin" : 1441,  "end" : 1447 }, 
        {"sofa" : 1,  "begin" : 1447,  "end" : 1448 }, 
        {"sofa" : 1,  "begin" : 1449,  "end" : 1453 }, 
        {"sofa" : 1,  "begin" : 1454,  "end" : 1456 }, 
        {"sofa" : 1,  "begin" : 1457,  "end" : 1461 }, 
        {"sofa" : 1,  "begin" : 1462,  "end" : 1466 }, 
        {"sofa" : 1,  "begin" : 1467,  "end" : 1474 }, 
        {"sofa" : 1,  "begin" : 1475,  "end" : 1482 }, 
        {"sofa" : 1,  "begin" : 1482,  "end" : 1483 }, 
        {"sofa" : 1,  "begin" : 1484,  "end" : 1487 }, 
        {"sofa" : 1,  "begin" : 1488,  "end" : 1492 }, 
        {"sofa" : 1,  "begin" : 1493,  "end" : 1496 }, 
        {"sofa" : 1,  "begin" : 1497,  "end" : 1499 }, 
        {"sofa" : 1,  "begin" : 1500,  "end" : 1511 }, 
        {"sofa" : 1,  "begin" : 1512,  "end" : 1515 }, 
        {"sofa" : 1,  "begin" : 1516,  "end" : 1529 }, 
        {"sofa" : 1,  "begin" : 1530,  "end" : 1533 }, 
        {"sofa" : 1,  "begin" : 1534,  "end" : 1544 }, 
        {"sofa" : 1,  "begin" : 1544,  "end" : 1545 }, 
        {"sofa" : 1,  "begin" : 1546,  "end" : 1550 }, 
        {"sofa" : 1,  "begin" : 1551,  "end" : 1556 }, 
        {"sofa" : 1,  "begin" : 1556,  "end" : 1557 }, 
        {"sofa" : 1,  "begin" : 1558,  "end" : 1561 }, 
        {"sofa" : 1,  "begin" : 1562,  "end" : 1566 }, 
        {"sofa" : 1,  "begin" : 1567,  "end" : 1570 }, 
        {"sofa" : 1,  "begin" : 1571,  "end" : 1579 }, 
        {"sofa" : 1,  "begin" : 1580,  "end" : 1585 }, 
        {"sofa" : 1,  "begin" : 1586,  "end" : 1590 }, 
        {"sofa" : 1,  "begin" : 1591,  "end" : 1600 }, 
        {"sofa" : 1,  "begin" : 1601,  "end" : 1609 }, 
        {"sofa" : 1,  "begin" : 1610,  "end" : 1613 }, 
        {"sofa" : 1,  "begin" : 1614,  "end" : 1623 }, 
        {"sofa" : 1,  "begin" : 1623,  "end" : 1624 }, 
        {"sofa" : 1,  "begin" : 1625,  "end" : 1626 }, 
        {"sofa" : 1,  "begin" : 1627,  "end" : 1630 }, 
        {"sofa" : 1,  "begin" : 1631,  "end" : 1635 }, 
        {"sofa" : 1,  "begin" : 1636,  "end" : 1640 }, 
        {"sofa" : 1,  "begin" : 1641,  "end" : 1643 }, 
        {"sofa" : 1,  "begin" : 1644,  "end" : 1648 }, 
        {"sofa" : 1,  "begin" : 1649,  "end" : 1653 }, 
        {"sofa" : 1,  "begin" : 1654,  "end" : 1663 }, 
        {"sofa" : 1,  "begin" : 1664,  "end" : 1670 }, 
        {"sofa" : 1,  "begin" : 1670,  "end" : 1671 }, 
        {"sofa" : 1,  "begin" : 1672,  "end" : 1676 }, 
        {"sofa" : 1,  "begin" : 1677,  "end" : 1679 }, 
        {"sofa" : 1,  "begin" : 1680,  "end" : 1683 }, 
        {"sofa" : 1,  "begin" : 1684,  "end" : 1688 }, 
        {"sofa" : 1,  "begin" : 1689,  "end" : 1691 }, 
        {"sofa" : 1,  "begin" : 1692,  "end" : 1693 }, 
        {"sofa" : 1,  "begin" : 1694,  "end" : 1698 }, 
        {"sofa" : 1,  "begin" : 1699,  "end" : 1701 }, 
        {"sofa" : 1,  "begin" : 1702,  "end" : 1707 }, 
        {"sofa" : 1,  "begin" : 1708,  "end" : 1713 }, 
        {"sofa" : 1,  "begin" : 1713,  "end" : 1714 }, 
        {"sofa" : 1,  "begin" : 1715,  "end" : 1719 }, 
        {"sofa" : 1,  "begin" : 1720,  "end" : 1725 }, 
        {"sofa" : 1,  "begin" : 1726,  "end" : 1733 }, 
        {"sofa" : 1,  "begin" : 1734,  "end" : 1737 }, 
        {"sofa" : 1,  "begin" : 1738,  "end" : 1742 }, 
        {"sofa" : 1,  "begin" : 1743,  "end" : 1745 }, 
        {"sofa" : 1,  "begin" : 1746,  "end" : 1752 }, 
        {"sofa" : 1,  "begin" : 1752,  "end" : 1753 }, 
        {"sofa" : 1,  "begin" : 1754,  "end" : 1758 }, 
        {"sofa" : 1,  "begin" : 1759,  "end" : 1763 }, 
        {"sofa" : 1,  "begin" : 1763,  "end" : 1764 }, 
        {"sofa" : 1,  "begin" : 1765,  "end" : 1771 }, 
        {"sofa" : 1,  "begin" : 1772,  "end" : 1779 }, 
        {"sofa" : 1,  "begin" : 1780,  "end" : 1786 }, 
        {"sofa" : 1,  "begin" : 1786,  "end" : 1787 }, 
        {"sofa" : 1,  "begin" : 1788,  "end" : 1793 }, 
        {"sofa" : 1,  "begin" : 1794,  "end" : 1799 }, 
        {"sofa" : 1,  "begin" : 1800,  "end" : 1803 }, 
        {"sofa" : 1,  "begin" : 1804,  "end" : 1812 }, 
        {"sofa" : 1,  "begin" : 1812,  "end" : 1813 }, 
        {"sofa" : 1,  "begin" : 1814,  "end" : 1822 }, 
        {"sofa" : 1,  "begin" : 1822,  "end" : 1823 }, 
        {"sofa" : 1,  "begin" : 1824,  "end" : 1829 }, 
        {"sofa" : 1,  "begin" : 1829,  "end" : 1830 }, 
        {"sofa" : 1,  "begin" : 1831,  "end" : 1834 }, 
        {"sofa" : 1,  "begin" : 1835,  "end" : 1844 }, 
        {"sofa" : 1,  "begin" : 1845,  "end" : 1847 }, 
        {"sofa" : 1,  "begin" : 1848,  "end" : 1852 }, 
        {"sofa" : 1,  "begin" : 1853,  "end" : 1862 }, 
        {"sofa" : 1,  "begin" : 1863,  "end" : 1869 }, 
        {"sofa" : 1,  "begin" : 1869,  "end" : 1870 }, 
        {"sofa" : 1,  "begin" : 1871,  "end" : 1874 }, 
        {"sofa" : 1,  "begin" : 1875,  "end" : 1881 }, 
        {"sofa" : 1,  "begin" : 1882,  "end" : 1894 }, 
        {"sofa" : 1,  "begin" : 1894,  "end" : 1895 }, 
        {"sofa" : 1,  "begin" : 1896,  "end" : 1899 }, 
        {"sofa" : 1,  "begin" : 1900,  "end" : 1902 }, 
        {"sofa" : 1,  "begin" : 1903,  "end" : 1909 }, 
        {"sofa" : 1,  "begin" : 1910,  "end" : 1913 }, 
        {"sofa" : 1,  "begin" : 1914,  "end" : 1918 }, 
        {"sofa" : 1,  "begin" : 1919,  "end" : 1925 }, 
        {"sofa" : 1,  "begin" : 1926,  "end" : 1928 }, 
        {"sofa" : 1,  "begin" : 1929,  "end" : 1932 }, 
        {"sofa" : 1,  "begin" : 1933,  "end" : 1939 }, 
        {"sofa" : 1,  "begin" : 1939,  "end" : 1940 }, 
        {"sofa" : 1,  "begin" : 1941,  "end" : 1944 }, 
        {"sofa" : 1,  "begin" : 1945,  "end" : 1952 }, 
        {"sofa" : 1,  "begin" : 1952,  "end" : 1953 }, 
        {"sofa" : 1,  "begin" : 1954,  "end" : 1958 }, 
        {"sofa" : 1,  "begin" : 1958,  "end" : 1959 }, 
        {"sofa" : 1,  "begin" : 1960,  "end" : 1963 }, 
        {"sofa" : 1,  "begin" : 1963,  "end" : 1964 }, 
        {"sofa" : 1,  "begin" : 1965,  "end" : 1968 }, 
        {"sofa" : 1,  "begin" : 1969,  "end" : 1977 }, 
        {"sofa" : 1,  "begin" : 1977,  "end" : 1978 }, 
        {"sofa" : 1,  "begin" : 1979,  "end" : 1982 }, 
        {"sofa" : 1,  "begin" : 1984,  "end" : 1989 }, 
        {"sofa" : 1,  "begin" : 1991,  "end" : 1993 }, 
        {"sofa" : 1,  "begin" : 1994,  "end" : 2000 }, 
        {"sofa" : 1,  "begin" : 2001,  "end" : 2009 }, 
        {"sofa" : 1,  "begin" : 2009,  "end" : 2010 }, 
        {"sofa" : 1,  "begin" : 2011,  "end" : 2013 }, 
        {"sofa" : 1,  "begin" : 2014,  "end" : 2016 }, 
        {"sofa" : 1,  "begin" : 2017,  "end" : 2021 }, 
        {"sofa" : 1,  "begin" : 2022,  "end" : 2027 }, 
        {"sofa" : 1,  "begin" : 2028,  "end" : 2030 }, 
        {"sofa" : 1,  "begin" : 2031,  "end" : 2033 }, 
        {"sofa" : 1,  "begin" : 2034,  "end" : 2037 }, 
        {"sofa" : 1,  "begin" : 2038,  "end" : 2042 }, 
        {"sofa" : 1,  "begin" : 2043,  "end" : 2045 }, 
        {"sofa" : 1,  "begin" : 2046,  "end" : 2055 }, 
        {"sofa" : 1,  "begin" : 2056,  "end" : 2064 }, 
        {"sofa" : 1,  "begin" : 2064,  "end" : 2065 }, 
        {"sofa" : 1,  "begin" : 2066,  "end" : 2069 }, 
        {"sofa" : 1,  "begin" : 2070,  "end" : 2072 }, 
        {"sofa" : 1,  "begin" : 2073,  "end" : 2077 }, 
        {"sofa" : 1,  "begin" : 2078,  "end" : 2083 }, 
        {"sofa" : 1,  "begin" : 2084,  "end" : 2086 }, 
        {"sofa" : 1,  "begin" : 2087,  "end" : 2096 }, 
        {"sofa" : 1,  "begin" : 2097,  "end" : 2105 }, 
        {"sofa" : 1,  "begin" : 2105,  "end" : 2106 }, 
        {"sofa" : 1,  "begin" : 2107,  "end" : 2110 }, 
        {"sofa" : 1,  "begin" : 2111,  "end" : 2113 }, 
        {"sofa" : 1,  "begin" : 2114,  "end" : 2121 }, 
        {"sofa" : 1,  "begin" : 2121,  "end" : 2122 }, 
        {"sofa" : 1,  "begin" : 2124,  "end" : 2126 }, 
        {"sofa" : 1,  "begin" : 2127,  "end" : 2130 }, 
        {"sofa" : 1,  "begin" : 2131,  "end" : 2135 }, 
        {"sofa" : 1,  "begin" : 2136,  "end" : 2138 }, 
        {"sofa" : 1,  "begin" : 2139,  "end" : 2143 }, 
        {"sofa" : 1,  "begin" : 2143,  "end" : 2144 }, 
        {"sofa" : 1,  "begin" : 2145,  "end" : 2148 }, 
        {"sofa" : 1,  "begin" : 2149,  "end" : 2154 }, 
        {"sofa" : 1,  "begin" : 2155,  "end" : 2160 }, 
        {"sofa" : 1,  "begin" : 2161,  "end" : 2165 }, 
        {"sofa" : 1,  "begin" : 2166,  "end" : 2168 }, 
        {"sofa" : 1,  "begin" : 2169,  "end" : 2172 }, 
        {"sofa" : 1,  "begin" : 2173,  "end" : 2178 }, 
        {"sofa" : 1,  "begin" : 2178,  "end" : 2179 }, 
        {"sofa" : 1,  "begin" : 2180,  "end" : 2182 }, 
        {"sofa" : 1,  "begin" : 2183,  "end" : 2185 }, 
        {"sofa" : 1,  "begin" : 2186,  "end" : 2190 }, 
        {"sofa" : 1,  "begin" : 2191,  "end" : 2200 }, 
        {"sofa" : 1,  "begin" : 2201,  "end" : 2203 }, 
        {"sofa" : 1,  "begin" : 2204,  "end" : 2209 }, 
        {"sofa" : 1,  "begin" : 2210,  "end" : 2212 }, 
        {"sofa" : 1,  "begin" : 2213,  "end" : 2217 }, 
        {"sofa" : 1,  "begin" : 2218,  "end" : 2223 }, 
        {"sofa" : 1,  "begin" : 2224,  "end" : 2226 }, 
        {"sofa" : 1,  "begin" : 2227,  "end" : 2230 }, 
        {"sofa" : 1,  "begin" : 2231,  "end" : 2241 }, 
        {"sofa" : 1,  "begin" : 2242,  "end" : 2245 }, 
        {"sofa" : 1,  "begin" : 2246,  "end" : 2254 }, 
        {"sofa" : 1,  "begin" : 2255,  "end" : 2257 }, 
        {"sofa" : 1,  "begin" : 2258,  "end" : 2261 }, 
        {"sofa" : 1,  "begin" : 2262,  "end" : 2268 }, 
        {"sofa" : 1,  "begin" : 2268,  "end" : 2269 }, 
        {"sofa" : 1,  "begin" : 2270,  "end" : 2273 }, 
        {"sofa" : 1,  "begin" : 2273,  "end" : 2274 }, 
        {"sofa" : 1,  "begin" : 2275,  "end" : 2280 }, 
        {"sofa" : 1,  "begin" : 2281,  "end" : 2283 }, 
        {"sofa" : 1,  "begin" : 2284,  "end" : 2289 }, 
        {"sofa" : 1,  "begin" : 2290,  "end" : 2298 }, 
        {"sofa" : 1,  "begin" : 2299,  "end" : 2301 }, 
        {"sofa" : 1,  "begin" : 2302,  "end" : 2306 }, 
        {"sofa" : 1,  "begin" : 2307,  "end" : 2310 }, 
        {"sofa" : 1,  "begin" : 2311,  "end" : 2319 }, 
        {"sofa" : 1,  "begin" : 2320,  "end" : 2330 }, 
        {"sofa" : 1,  "begin" : 2330,  "end" : 2331 }, 
        {"sofa" : 1,  "begin" : 2332,  "end" : 2335 }, 
        {"sofa" : 1,  "begin" : 2336,  "end" : 2340 }, 
        {"sofa" : 1,  "begin" : 2341,  "end" : 2344 }, 
        {"sofa" : 1,  "begin" : 2345,  "end" : 2349 }, 
        {"sofa" : 1,  "begin" : 2350,  "end" : 2352 }, 
        {"sofa" : 1,  "begin" : 2353,  "end" : 2363 }, 
        {"sofa" : 1,  "begin" : 2363,  "end" : 2364 }, 
        {"sofa" : 1,  "begin" : 2365,  "end" : 2369 }, 
        {"sofa" : 1,  "begin" : 2370,  "end" : 2374 }, 
        {"sofa" : 1,  "begin" : 2375,  "end" : 2378 }, 
        {"sofa" : 1,  "begin" : 2379,  "end" : 2386 }, 
        {"sofa" : 1,  "begin" : 2387,  "end" : 2390 }, 
        {"sofa" : 1,  "begin" : 2391,  "end" : 2393 }, 
        {"sofa" : 1,  "begin" : 2394,  "end" : 2396 }, 
        {"sofa" : 1,  "begin" : 2397,  "end" : 2401 }, 
        {"sofa" : 1,  "begin" : 2402,  "end" : 2404 }, 
        {"sofa" : 1,  "begin" : 2405,  "end" : 2410 }, 
        {"sofa" : 1,  "begin" : 2410,  "end" : 2411 }, 
        {"sofa" : 1,  "begin" : 2412,  "end" : 2416 }, 
        {"sofa" : 1,  "begin" : 2417,  "end" : 2423 }, 
        {"sofa" : 1,  "begin" : 2424,  "end" : 2428 }, 
        {"sofa" : 1,  "begin" : 2429,  "end" : 2438 }, 
        {"sofa" : 1,  "begin" : 2439,  "end" : 2441 }, 
        {"sofa" : 1,  "begin" : 2442,  "end" : 2449 }, 
        {"sofa" : 1,  "begin" : 2450,  "end" : 2454 }, 
        {"sofa" : 1,  "begin" : 2455,  "end" : 2460 }, 
        {"sofa" : 1,  "begin" : 2461,  "end" : 2468 }, 
        {"sofa" : 1,  "begin" : 2469,  "end" : 2474 }, 
        {"sofa" : 1,  "begin" : 2475,  "end" : 2487 }, 
        {"sofa" : 1,  "begin" : 2488,  "end" : 2492 }, 
        {"sofa" : 1,  "begin" : 2493,  "end" : 2498 }, 
        {"sofa" : 1,  "begin" : 2499,  "end" : 2502 }, 
        {"sofa" : 1,  "begin" : 2502,  "end" : 2503 }, 
        {"sofa" : 1,  "begin" : 2504,  "end" : 2509 }, 
        {"sofa" : 1,  "begin" : 2510,  "end" : 2515 }, 
        {"sofa" : 1,  "begin" : 2516,  "end" : 2518 }, 
        {"sofa" : 1,  "begin" : 2519,  "end" : 2523 }, 
        {"sofa" : 1,  "begin" : 2524,  "end" : 2527 }, 
        {"sofa" : 1,  "begin" : 2528,  "end" : 2533 }, 
        {"sofa" : 1,  "begin" : 2534,  "end" : 2539 }, 
        {"sofa" : 1,  "begin" : 2540,  "end" : 2542 }, 
        {"sofa" : 1,  "begin" : 2543,  "end" : 2550 }, 
        {"sofa" : 1,  "begin" : 2551,  "end" : 2559 }, 
        {"sofa" : 1,  "begin" : 2560,  "end" : 2562 }, 
        {"sofa" : 1,  "begin" : 2563,  "end" : 2566 }, 
        {"sofa" : 1,  "begin" : 2567,  "end" : 2580 }, 
        {"sofa" : 1,  "begin" : 2581,  "end" : 2583 }, 
        {"sofa" : 1,  "begin" : 2584,  "end" : 2589 }, 
        {"sofa" : 1,  "begin" : 2589,  "end" : 2590 }, 
        {"sofa" : 1,  "begin" : 2591,  "end" : 2593 }, 
        {"sofa" : 1,  "begin" : 2594,  "end" : 2598 }, 
        {"sofa" : 1,  "begin" : 2599,  "end" : 2601 }, 
        {"sofa" : 1,  "begin" : 2602,  "end" : 2603 }, 
        {"sofa" : 1,  "begin" : 2604,  "end" : 2614 }, 
        {"sofa" : 1,  "begin" : 2615,  "end" : 2621 }, 
        {"sofa" : 1,  "begin" : 2622,  "end" : 2624 }, 
        {"sofa" : 1,  "begin" : 2625,  "end" : 2632 }, 
        {"sofa" : 1,  "begin" : 2632,  "end" : 2633 }, 
        {"sofa" : 1,  "begin" : 2634,  "end" : 2637 }, 
        {"sofa" : 1,  "begin" : 2638,  "end" : 2640 }, 
        {"sofa" : 1,  "begin" : 2641,  "end" : 2645 }, 
        {"sofa" : 1,  "begin" : 2646,  "end" : 2653 }, 
        {"sofa" : 1,  "begin" : 2654,  "end" : 2656 }, 
        {"sofa" : 1,  "begin" : 2657,  "end" : 2666 }, 
        {"sofa" : 1,  "begin" : 2667,  "end" : 2670 }, 
        {"sofa" : 1,  "begin" : 2671,  "end" : 2681 }, 
        {"sofa" : 1,  "begin" : 2682,  "end" : 2686 }, 
        {"sofa" : 1,  "begin" : 2687,  "end" : 2696 }, 
        {"sofa" : 1,  "begin" : 2697,  "end" : 2700 }, 
        {"sofa" : 1,  "begin" : 2701,  "end" : 2704 }, 
        {"sofa" : 1,  "begin" : 2705,  "end" : 2708 }, 
        {"sofa" : 1,  "begin" : 2708,  "end" : 2709 }, 
        {"sofa" : 1,  "begin" : 2710,  "end" : 2713 }, 
        {"sofa" : 1,  "begin" : 2714,  "end" : 2721 }, 
        {"sofa" : 1,  "begin" : 2722,  "end" : 2727 }, 
        {"sofa" : 1,  "begin" : 2727,  "end" : 2728 }, 
        {"sofa" : 1,  "begin" : 2729,  "end" : 2736 }, 
        {"sofa" : 1,  "begin" : 2736,  "end" : 2737 }, 
        {"sofa" : 1,  "begin" : 2738,  "end" : 2740 }, 
        {"sofa" : 1,  "begin" : 2741,  "end" : 2745 }, 
        {"sofa" : 1,  "begin" : 2746,  "end" : 2748 }, 
        {"sofa" : 1,  "begin" : 2749,  "end" : 2758 }, 
        {"sofa" : 1,  "begin" : 2759,  "end" : 2760 }, 
        {"sofa" : 1,  "begin" : 2761,  "end" : 2762 }, 
        {"sofa" : 1,  "begin" : 2763,  "end" : 2773 }, 
        {"sofa" : 1,  "begin" : 2773,  "end" : 2774 }, 
        {"sofa" : 1,  "begin" : 2775,  "end" : 2776 }, 
        {"sofa" : 1,  "begin" : 2777,  "end" : 2780 }, 
        {"sofa" : 1,  "begin" : 2781,  "end" : 2787 }, 
        {"sofa" : 1,  "begin" : 2788,  "end" : 2795 }, 
        {"sofa" : 1,  "begin" : 2796,  "end" : 2802 }, 
        {"sofa" : 1,  "begin" : 2803,  "end" : 2807 }, 
        {"sofa" : 1,  "begin" : 2808,  "end" : 2812 }, 
        {"sofa" : 1,  "begin" : 2814,  "end" : 2816 }, 
        {"sofa" : 1,  "begin" : 2817,  "end" : 2818 }, 
        {"sofa" : 1,  "begin" : 2819,  "end" : 2826 }, 
        {"sofa" : 1,  "begin" : 2827,  "end" : 2834 }, 
        {"sofa" : 1,  "begin" : 2834,  "end" : 2835 }, 
        {"sofa" : 1,  "begin" : 2836,  "end" : 2839 }, 
        {"sofa" : 1,  "begin" : 2840,  "end" : 2843 }, 
        {"sofa" : 1,  "begin" : 2843,  "end" : 2844 }, 
        {"sofa" : 1,  "begin" : 2845,  "end" : 2848 }, 
        {"sofa" : 1,  "begin" : 2849,  "end" : 2852 }, 
        {"sofa" : 1,  "begin" : 2853,  "end" : 2857 }, 
        {"sofa" : 1,  "begin" : 2858,  "end" : 2860 }, 
        {"sofa" : 1,  "begin" : 2861,  "end" : 2866 }, 
        {"sofa" : 1,  "begin" : 2867,  "end" : 2872 }, 
        {"sofa" : 1,  "begin" : 2873,  "end" : 2876 }, 
        {"sofa" : 1,  "begin" : 2877,  "end" : 2881 }, 
        {"sofa" : 1,  "begin" : 2881,  "end" : 2882 }, 
        {"sofa" : 1,  "begin" : 2883,  "end" : 2888 }, 
        {"sofa" : 1,  "begin" : 2889,  "end" : 2892 }, 
        {"sofa" : 1,  "begin" : 2893,  "end" : 2899 }, 
        {"sofa" : 1,  "begin" : 2900,  "end" : 2902 }, 
        {"sofa" : 1,  "begin" : 2903,  "end" : 2908 }, 
        {"sofa" : 1,  "begin" : 2909,  "end" : 2917 }, 
        {"sofa" : 1,  "begin" : 2917,  "end" : 2918 }, 
        {"sofa" : 1,  "begin" : 2919,  "end" : 2922 }, 
        {"sofa" : 1,  "begin" : 2923,  "end" : 2927 }, 
        {"sofa" : 1,  "begin" : 2928,  "end" : 2935 }, 
        {"sofa" : 1,  "begin" : 2936,  "end" : 2938 }, 
        {"sofa" : 1,  "begin" : 2939,  "end" : 2943 }, 
        {"sofa" : 1,  "begin" : 2944,  "end" : 2948 }, 
        {"sofa" : 1,  "begin" : 2949,  "end" : 2957 }, 
        {"sofa" : 1,  "begin" : 2958,  "end" : 2962 }, 
        {"sofa" : 1,  "begin" : 2963,  "end" : 2967 }, 
        {"sofa" : 1,  "begin" : 2968,  "end" : 2975 }, 
        {"sofa" : 1,  "begin" : 2976,  "end" : 2984 }, 
        {"sofa" : 1,  "begin" : 2984,  "end" : 2985 }, 
        {"sofa" : 1,  "begin" : 2986,  "end" : 2989 }, 
        {"sofa" : 1,  "begin" : 2990,  "end" : 2992 }, 
        {"sofa" : 1,  "begin" : 2993,  "end" : 2996 }, 
        {"sofa" : 1,  "begin" : 2997,  "end" : 3004 }, 
        {"sofa" : 1,  "begin" : 3005,  "end" : 3009 }, 
        {"sofa" : 1,  "begin" : 3010,  "end" : 3012 }, 
        {"sofa" : 1,  "begin" : 3013,  "end" : 3020 }, 
        {"sofa" : 1,  "begin" : 3020,  "end" : 3021 }, 
        {"sofa" : 1,  "begin" : 3022,  "end" : 3031 }, 
        {"sofa" : 1,  "begin" : 3032,  "end" : 3034 }, 
        {"sofa" : 1,  "begin" : 3035,  "end" : 3038 }, 
        {"sofa" : 1,  "begin" : 3039,  "end" : 3043 }, 
        {"sofa" : 1,  "begin" : 3044,  "end" : 3047 }, 
        {"sofa" : 1,  "begin" : 3048,  "end" : 3057 }, 
        {"sofa" : 1,  "begin" : 3058,  "end" : 3061 }, 
        {"sofa" : 1,  "begin" : 3062,  "end" : 3065 }, 
        {"sofa" : 1,  "begin" : 3066,  "end" : 3072 }, 
        {"sofa" : 1,  "begin" : 3072,  "end" : 3073 }, 
        {"sofa" : 1,  "begin" : 3074,  "end" : 3079 }, 
        {"sofa" : 1,  "begin" : 3080,  "end" : 3081 }, 
        {"sofa" : 1,  "begin" : 3081,  "end" : 3084 }, 
        {"sofa" : 1,  "begin" : 3085,  "end" : 3090 }, 
        {"sofa" : 1,  "begin" : 3091,  "end" : 3099 }, 
        {"sofa" : 1,  "begin" : 3099,  "end" : 3100 }, 
        {"sofa" : 1,  "begin" : 3101,  "end" : 3106 }, 
        {"sofa" : 1,  "begin" : 3107,  "end" : 3118 }, 
        {"sofa" : 1,  "begin" : 3119,  "end" : 3123 }, 
        {"sofa" : 1,  "begin" : 3124,  "end" : 3127 }, 
        {"sofa" : 1,  "begin" : 3128,  "end" : 3138 }, 
        {"sofa" : 1,  "begin" : 3139,  "end" : 3141 }, 
        {"sofa" : 1,  "begin" : 3142,  "end" : 3151 }, 
        {"sofa" : 1,  "begin" : 3152,  "end" : 3155 }, 
        {"sofa" : 1,  "begin" : 3156,  "end" : 3159 }, 
        {"sofa" : 1,  "begin" : 3159,  "end" : 3160 }, 
        {"sofa" : 1,  "begin" : 3161,  "end" : 3164 }, 
        {"sofa" : 1,  "begin" : 3165,  "end" : 3172 }, 
        {"sofa" : 1,  "begin" : 3173,  "end" : 3179 }, 
        {"sofa" : 1,  "begin" : 3180,  "end" : 3185 }, 
        {"sofa" : 1,  "begin" : 3186,  "end" : 3191 }, 
        {"sofa" : 1,  "begin" : 3192,  "end" : 3195 }, 
        {"sofa" : 1,  "begin" : 3196,  "end" : 3206 }, 
        {"sofa" : 1,  "begin" : 3207,  "end" : 3209 }, 
        {"sofa" : 1,  "begin" : 3210,  "end" : 3213 }, 
        {"sofa" : 1,  "begin" : 3214,  "end" : 3217 }, 
        {"sofa" : 1,  "begin" : 3218,  "end" : 3227 }, 
        {"sofa" : 1,  "begin" : 3228,  "end" : 3234 }, 
        {"sofa" : 1,  "begin" : 3234,  "end" : 3235 }, 
        {"sofa" : 1,  "begin" : 3236,  "end" : 3240 }, 
        {"sofa" : 1,  "begin" : 3241,  "end" : 3244 }, 
        {"sofa" : 1,  "begin" : 3245,  "end" : 3249 }, 
        {"sofa" : 1,  "begin" : 3250,  "end" : 3257 }, 
        {"sofa" : 1,  "begin" : 3258,  "end" : 3261 }, 
        {"sofa" : 1,  "begin" : 3262,  "end" : 3268 }, 
        {"sofa" : 1,  "begin" : 3269,  "end" : 3273 }, 
        {"sofa" : 1,  "begin" : 3274,  "end" : 3280 }, 
        {"sofa" : 1,  "begin" : 3281,  "end" : 3284 }, 
        {"sofa" : 1,  "begin" : 3285,  "end" : 3288 }, 
        {"sofa" : 1,  "begin" : 3289,  "end" : 3294 }, 
        {"sofa" : 1,  "begin" : 3295,  "end" : 3297 }, 
        {"sofa" : 1,  "begin" : 3298,  "end" : 3303 }, 
        {"sofa" : 1,  "begin" : 3304,  "end" : 3310 }, 
        {"sofa" : 1,  "begin" : 3311,  "end" : 3314 }, 
        {"sofa" : 1,  "begin" : 3315,  "end" : 3318 }, 
        {"sofa" : 1,  "begin" : 3319,  "end" : 3321 }, 
        {"sofa" : 1,  "begin" : 3322,  "end" : 3325 }, 
        {"sofa" : 1,  "begin" : 3325,  "end" : 3326 }, 
        {"sofa" : 1,  "begin" : 3328,  "end" : 3331 }, 
        {"sofa" : 1,  "begin" : 3332,  "end" : 3334 }, 
        {"sofa" : 1,  "begin" : 3335,  "end" : 3338 }, 
        {"sofa" : 1,  "begin" : 3339,  "end" : 3341 }, 
        {"sofa" : 1,  "begin" : 3342,  "end" : 3346 }, 
        {"sofa" : 1,  "begin" : 3347,  "end" : 3355 }, 
        {"sofa" : 1,  "begin" : 3356,  "end" : 3360 }, 
        {"sofa" : 1,  "begin" : 3361,  "end" : 3366 }, 
        {"sofa" : 1,  "begin" : 3367,  "end" : 3372 }, 
        {"sofa" : 1,  "begin" : 3373,  "end" : 3378 }, 
        {"sofa" : 1,  "begin" : 3379,  "end" : 3382 }, 
        {"sofa" : 1,  "begin" : 3383,  "end" : 3395 }, 
        {"sofa" : 1,  "begin" : 3396,  "end" : 3400 }, 
        {"sofa" : 1,  "begin" : 3401,  "end" : 3405 }, 
        {"sofa" : 1,  "begin" : 3406,  "end" : 3412 }, 
        {"sofa" : 1,  "begin" : 3413,  "end" : 3415 }, 
        {"sofa" : 1,  "begin" : 3416,  "end" : 3423 }, 
        {"sofa" : 1,  "begin" : 3423,  "end" : 3424 }, 
        {"sofa" : 1,  "begin" : 3425,  "end" : 3428 }, 
        {"sofa" : 1,  "begin" : 3429,  "end" : 3431 }, 
        {"sofa" : 1,  "begin" : 3432,  "end" : 3435 }, 
        {"sofa" : 1,  "begin" : 3436,  "end" : 3440 }, 
        {"sofa" : 1,  "begin" : 3441,  "end" : 3447 }, 
        {"sofa" : 1,  "begin" : 3448,  "end" : 3450 }, 
        {"sofa" : 1,  "begin" : 3451,  "end" : 3460 }, 
        {"sofa" : 1,  "begin" : 3460,  "end" : 3461 }, 
        {"sofa" : 1,  "begin" : 3462,  "end" : 3463 }, 
        {"sofa" : 1,  "begin" : 3464,  "end" : 3468 }, 
        {"sofa" : 1,  "begin" : 3469,  "end" : 3476 }, 
        {"sofa" : 1,  "begin" : 3477,  "end" : 3480 }, 
        {"sofa" : 1,  "begin" : 3481,  "end" : 3486 }, 
        {"sofa" : 1,  "begin" : 3487,  "end" : 3491 }, 
        {"sofa" : 1,  "begin" : 3492,  "end" : 3502 }, 
        {"sofa" : 1,  "begin" : 3502,  "end" : 3503 }, 
        {"sofa" : 1,  "begin" : 3504,  "end" : 3513 }, 
        {"sofa" : 1,  "begin" : 3514,  "end" : 3516 }, 
        {"sofa" : 1,  "begin" : 3517,  "end" : 3522 }, 
        {"sofa" : 1,  "begin" : 3523,  "end" : 3526 }, 
        {"sofa" : 1,  "begin" : 3527,  "end" : 3530 }, 
        {"sofa" : 1,  "begin" : 3531,  "end" : 3539 }, 
        {"sofa" : 1,  "begin" : 3540,  "end" : 3551 }, 
        {"sofa" : 1,  "begin" : 3552,  "end" : 3554 }, 
        {"sofa" : 1,  "begin" : 3555,  "end" : 3563 }, 
        {"sofa" : 1,  "begin" : 3564,  "end" : 3567 }, 
        {"sofa" : 1,  "begin" : 3568,  "end" : 3573 }, 
        {"sofa" : 1,  "begin" : 3573,  "end" : 3574 }, 
        {"sofa" : 1,  "begin" : 3575,  "end" : 3578 }, 
        {"sofa" : 1,  "begin" : 3579,  "end" : 3585 }, 
        {"sofa" : 1,  "begin" : 3586,  "end" : 3588 }, 
        {"sofa" : 1,  "begin" : 3589,  "end" : 3592 }, 
        {"sofa" : 1,  "begin" : 3593,  "end" : 3599 }, 
        {"sofa" : 1,  "begin" : 3600,  "end" : 3605 }, 
        {"sofa" : 1,  "begin" : 3606,  "end" : 3614 }, 
        {"sofa" : 1,  "begin" : 3615,  "end" : 3617 }, 
        {"sofa" : 1,  "begin" : 3618,  "end" : 3623 }, 
        {"sofa" : 1,  "begin" : 3624,  "end" : 3630 }, 
        {"sofa" : 1,  "begin" : 3631,  "end" : 3633 }, 
        {"sofa" : 1,  "begin" : 3634,  "end" : 3636 }, 
        {"sofa" : 1,  "begin" : 3637,  "end" : 3641 }, 
        {"sofa" : 1,  "begin" : 3642,  "end" : 3645 }, 
        {"sofa" : 1,  "begin" : 3646,  "end" : 3650 }, 
        {"sofa" : 1,  "begin" : 3651,  "end" : 3658 }, 
        {"sofa" : 1,  "begin" : 3659,  "end" : 3662 }, 
        {"sofa" : 1,  "begin" : 3663,  "end" : 3667 }, 
        {"sofa" : 1,  "begin" : 3668,  "end" : 3675 }, 
        {"sofa" : 1,  "begin" : 3675,  "end" : 3676 }, 
        {"sofa" : 1,  "begin" : 3677,  "end" : 3680 }, 
        {"sofa" : 1,  "begin" : 3681,  "end" : 3688 }, 
        {"sofa" : 1,  "begin" : 3689,  "end" : 3695 }, 
        {"sofa" : 1,  "begin" : 3696,  "end" : 3698 }, 
        {"sofa" : 1,  "begin" : 3699,  "end" : 3702 }, 
        {"sofa" : 1,  "begin" : 3703,  "end" : 3709 }, 
        {"sofa" : 1,  "begin" : 3710,  "end" : 3718 }, 
        {"sofa" : 1,  "begin" : 3719,  "end" : 3722 }, 
        {"sofa" : 1,  "begin" : 3723,  "end" : 3729 }, 
        {"sofa" : 1,  "begin" : 3730,  "end" : 3732 }, 
        {"sofa" : 1,  "begin" : 3733,  "end" : 3739 }, 
        {"sofa" : 1,  "begin" : 3740,  "end" : 3744 }, 
        {"sofa" : 1,  "begin" : 3745,  "end" : 3748 }, 
        {"sofa" : 1,  "begin" : 3749,  "end" : 3753 }, 
        {"sofa" : 1,  "begin" : 3754,  "end" : 3756 }, 
        {"sofa" : 1,  "begin" : 3757,  "end" : 3760 }, 
        {"sofa" : 1,  "begin" : 3761,  "end" : 3764 }, 
        {"sofa" : 1,  "begin" : 3765,  "end" : 3769 }, 
        {"sofa" : 1,  "begin" : 3770,  "end" : 3773 }, 
        {"sofa" : 1,  "begin" : 3774,  "end" : 3786 }, 
        {"sofa" : 1,  "begin" : 3787,  "end" : 3789 }, 
        {"sofa" : 1,  "begin" : 3790,  "end" : 3794 }, 
        {"sofa" : 1,  "begin" : 3795,  "end" : 3801 }, 
        {"sofa" : 1,  "begin" : 3801,  "end" : 3802 }, 
        {"sofa" : 1,  "begin" : 3804,  "end" : 3805 }, 
        {"sofa" : 1,  "begin" : 3805,  "end" : 3808 }, 
        {"sofa" : 1,  "begin" : 3809,  "end" : 3812 }, 
        {"sofa" : 1,  "begin" : 3813,  "end" : 3818 }, 
        {"sofa" : 1,  "begin" : 3819,  "end" : 3822 }, 
        {"sofa" : 1,  "begin" : 3823,  "end" : 3831 }, 
        {"sofa" : 1,  "begin" : 3832,  "end" : 3839 }, 
        {"sofa" : 1,  "begin" : 3840,  "end" : 3844 }, 
        {"sofa" : 1,  "begin" : 3845,  "end" : 3848 }, 
        {"sofa" : 1,  "begin" : 3849,  "end" : 3858 }, 
        {"sofa" : 1,  "begin" : 3859,  "end" : 3865 }, 
        {"sofa" : 1,  "begin" : 3866,  "end" : 3868 }, 
        {"sofa" : 1,  "begin" : 3869,  "end" : 3873 }, 
        {"sofa" : 1,  "begin" : 3874,  "end" : 3875 }, 
        {"sofa" : 1,  "begin" : 3876,  "end" : 3881 }, 
        {"sofa" : 1,  "begin" : 3881,  "end" : 3882 }, 
        {"sofa" : 1,  "begin" : 3883,  "end" : 3886 }, 
        {"sofa" : 1,  "begin" : 3887,  "end" : 3889 }, 
        {"sofa" : 1,  "begin" : 3890,  "end" : 3894 }, 
        {"sofa" : 1,  "begin" : 3895,  "end" : 3900 }, 
        {"sofa" : 1,  "begin" : 3901,  "end" : 3904 }, 
        {"sofa" : 1,  "begin" : 3905,  "end" : 3918 }, 
        {"sofa" : 1,  "begin" : 3919,  "end" : 3928 }, 
        {"sofa" : 1,  "begin" : 3928,  "end" : 3929 }, 
        {"sofa" : 1,  "begin" : 3929,  "end" : 3930 }, 
        {"sofa" : 1,  "begin" : 3931,  "end" : 3934 }, 
        {"sofa" : 1,  "begin" : 3935,  "end" : 3937 }, 
        {"sofa" : 1,  "begin" : 3938,  "end" : 3942 }, 
        {"sofa" : 1,  "begin" : 3943,  "end" : 3952 }, 
        {"sofa" : 1,  "begin" : 3953,  "end" : 3957 }, 
        {"sofa" : 1,  "begin" : 3958,  "end" : 3964 }, 
        {"sofa" : 1,  "begin" : 3965,  "end" : 3968 }, 
        {"sofa" : 1,  "begin" : 3969,  "end" : 3972 }, 
        {"sofa" : 1,  "begin" : 3973,  "end" : 3979 }, 
        {"sofa" : 1,  "begin" : 3980,  "end" : 3982 }, 
        {"sofa" : 1,  "begin" : 3983,  "end" : 3992 }, 
        {"sofa" : 1,  "begin" : 3992,  "end" : 3993 }, 
        {"sofa" : 1,  "begin" : 3994,  "end" : 3997 }, 
        {"sofa" : 1,  "begin" : 3998,  "end" : 4004 }, 
        {"sofa" : 1,  "begin" : 4005,  "end" : 4007 }, 
        {"sofa" : 1,  "begin" : 4008,  "end" : 4012 }, 
        {"sofa" : 1,  "begin" : 4013,  "end" : 4021 }, 
        {"sofa" : 1,  "begin" : 4022,  "end" : 4029 }, 
        {"sofa" : 1,  "begin" : 4029,  "end" : 4030 }, 
        {"sofa" : 1,  "begin" : 4031,  "end" : 4032 }, 
        {"sofa" : 1,  "begin" : 4033,  "end" : 4038 }, 
        {"sofa" : 1,  "begin" : 4039,  "end" : 4042 }, 
        {"sofa" : 1,  "begin" : 4043,  "end" : 4052 }, 
        {"sofa" : 1,  "begin" : 4052,  "end" : 4053 }, 
        {"sofa" : 1,  "begin" : 4054,  "end" : 4068 }, 
        {"sofa" : 1,  "begin" : 4068,  "end" : 4069 }, 
        {"sofa" : 1,  "begin" : 4070,  "end" : 4073 }, 
        {"sofa" : 1,  "begin" : 4074,  "end" : 4081 }, 
        {"sofa" : 1,  "begin" : 4082,  "end" : 4084 }, 
        {"sofa" : 1,  "begin" : 4085,  "end" : 4093 }, 
        {"sofa" : 1,  "begin" : 4094,  "end" : 4100 }, 
        {"sofa" : 1,  "begin" : 4100,  "end" : 4101 }, 
        {"sofa" : 1,  "begin" : 4102,  "end" : 4107 }, 
        {"sofa" : 1,  "begin" : 4108,  "end" : 4110 }, 
        {"sofa" : 1,  "begin" : 4111,  "end" : 4115 }, 
        {"sofa" : 1,  "begin" : 4116,  "end" : 4122 }, 
        {"sofa" : 1,  "begin" : 4123,  "end" : 4124 }, 
        {"sofa" : 1,  "begin" : 4124,  "end" : 4125 }, 
        {"sofa" : 1,  "begin" : 4126,  "end" : 4129 }, 
        {"sofa" : 1,  "begin" : 4130,  "end" : 4133 }, 
        {"sofa" : 1,  "begin" : 4134,  "end" : 4138 }, 
        {"sofa" : 1,  "begin" : 4139,  "end" : 4145 }, 
        {"sofa" : 1,  "begin" : 4146,  "end" : 4149 }, 
        {"sofa" : 1,  "begin" : 4150,  "end" : 4154 }, 
        {"sofa" : 1,  "begin" : 4155,  "end" : 4165 }, 
        {"sofa" : 1,  "begin" : 4166,  "end" : 4175 }, 
        {"sofa" : 1,  "begin" : 4175,  "end" : 4176 }, 
        {"sofa" : 1,  "begin" : 4177,  "end" : 4180 }, 
        {"sofa" : 1,  "begin" : 4181,  "end" : 4184 }, 
        {"sofa" : 1,  "begin" : 4185,  "end" : 4187 }, 
        {"sofa" : 1,  "begin" : 4188,  "end" : 4192 }, 
        {"sofa" : 1,  "begin" : 4193,  "end" : 4196 }, 
        {"sofa" : 1,  "begin" : 4197,  "end" : 4201 }, 
        {"sofa" : 1,  "begin" : 4202,  "end" : 4205 }, 
        {"sofa" : 1,  "begin" : 4206,  "end" : 4209 }, 
        {"sofa" : 1,  "begin" : 4210,  "end" : 4213 }, 
        {"sofa" : 1,  "begin" : 4214,  "end" : 4217 }, 
        {"sofa" : 1,  "begin" : 4218,  "end" : 4227 }, 
        {"sofa" : 1,  "begin" : 4228,  "end" : 4232 }, 
        {"sofa" : 1,  "begin" : 4233,  "end" : 4239 }, 
        {"sofa" : 1,  "begin" : 4239,  "end" : 4240 }, 
        {"sofa" : 1,  "begin" : 4241,  "end" : 4243 }, 
        {"sofa" : 1,  "begin" : 4244,  "end" : 4247 }, 
        {"sofa" : 1,  "begin" : 4248,  "end" : 4253 }, 
        {"sofa" : 1,  "begin" : 4254,  "end" : 4256 }, 
        {"sofa" : 1,  "begin" : 4257,  "end" : 4261 }, 
        {"sofa" : 1,  "begin" : 4262,  "end" : 4268 }, 
        {"sofa" : 1,  "begin" : 4269,  "end" : 4274 }, 
        {"sofa" : 1,  "begin" : 4274,  "end" : 4275 }, 
        {"sofa" : 1,  "begin" : 4276,  "end" : 4279 }, 
        {"sofa" : 1,  "begin" : 4280,  "end" : 4283 }, 
        {"sofa" : 1,  "begin" : 4284,  "end" : 4288 }, 
        {"sofa" : 1,  "begin" : 4289,  "end" : 4296 }, 
        {"sofa" : 1,  "begin" : 4297,  "end" : 4299 }, 
        {"sofa" : 1,  "begin" : 4300,  "end" : 4304 }, 
        {"sofa" : 1,  "begin" : 4305,  "end" : 4310 }, 
        {"sofa" : 1,  "begin" : 4311,  "end" : 4317 }, 
        {"sofa" : 1,  "begin" : 4317,  "end" : 4318 }, 
        {"sofa" : 1,  "begin" : 4319,  "end" : 4324 }, 
        {"sofa" : 1,  "begin" : 4325,  "end" : 4328 }, 
        {"sofa" : 1,  "begin" : 4329,  "end" : 4336 }, 
        {"sofa" : 1,  "begin" : 4337,  "end" : 4339 }, 
        {"sofa" : 1,  "begin" : 4340,  "end" : 4345 }, 
        {"sofa" : 1,  "begin" : 4346,  "end" : 4349 }, 
        {"sofa" : 1,  "begin" : 4350,  "end" : 4352 }, 
        {"sofa" : 1,  "begin" : 4353,  "end" : 4356 }, 
        {"sofa" : 1,  "begin" : 4357,  "end" : 4364 }, 
        {"sofa" : 1,  "begin" : 4365,  "end" : 4375 }, 
        {"sofa" : 1,  "begin" : 4376,  "end" : 4383 }, 
        {"sofa" : 1,  "begin" : 4384,  "end" : 4386 }, 
        {"sofa" : 1,  "begin" : 4387,  "end" : 4393 }, 
        {"sofa" : 1,  "begin" : 4394,  "end" : 4398 }, 
        {"sofa" : 1,  "begin" : 4398,  "end" : 4399 }, 
        {"sofa" : 1,  "begin" : 4400,  "end" : 4407 }, 
        {"sofa" : 1,  "begin" : 4408,  "end" : 4415 }, 
        {"sofa" : 1,  "begin" : 4415,  "end" : 4416 }, 
        {"sofa" : 1,  "begin" : 4417,  "end" : 4420 }, 
        {"sofa" : 1,  "begin" : 4421,  "end" : 4430 }, 
        {"sofa" : 1,  "begin" : 4431,  "end" : 4437 }, 
        {"sofa" : 1,  "begin" : 4437,  "end" : 4438 }, 
        {"sofa" : 1,  "begin" : 4439,  "end" : 4443 }, 
        {"sofa" : 1,  "begin" : 4444,  "end" : 4446 }, 
        {"sofa" : 1,  "begin" : 4447,  "end" : 4458 }, 
        {"sofa" : 1,  "begin" : 4459,  "end" : 4466 }, 
        {"sofa" : 1,  "begin" : 4467,  "end" : 4469 }, 
        {"sofa" : 1,  "begin" : 4470,  "end" : 4476 }, 
        {"sofa" : 1,  "begin" : 4477,  "end" : 4481 }, 
        {"sofa" : 1,  "begin" : 4481,  "end" : 4482 }, 
        {"sofa" : 1,  "begin" : 4483,  "end" : 4488 }, 
        {"sofa" : 1,  "begin" : 4489,  "end" : 4491 }, 
        {"sofa" : 1,  "begin" : 4492,  "end" : 4501 }, 
        {"sofa" : 1,  "begin" : 4501,  "end" : 4502 }, 
        {"sofa" : 1,  "begin" : 4503,  "end" : 4507 }, 
        {"sofa" : 1,  "begin" : 4508,  "end" : 4509 }, 
        {"sofa" : 1,  "begin" : 4510,  "end" : 4514 }, 
        {"sofa" : 1,  "begin" : 4515,  "end" : 4517 }, 
        {"sofa" : 1,  "begin" : 4518,  "end" : 4521 }, 
        {"sofa" : 1,  "begin" : 4522,  "end" : 4526 }, 
        {"sofa" : 1,  "begin" : 4526,  "end" : 4527 }, 
        {"sofa" : 1,  "begin" : 4528,  "end" : 4531 }, 
        {"sofa" : 1,  "begin" : 4532,  "end" : 4533 }, 
        {"sofa" : 1,  "begin" : 4534,  "end" : 4540 }, 
        {"sofa" : 1,  "begin" : 4541,  "end" : 4547 }, 
        {"sofa" : 1,  "begin" : 4548,  "end" : 4554 }, 
        {"sofa" : 1,  "begin" : 4555,  "end" : 4557 }, 
        {"sofa" : 1,  "begin" : 4558,  "end" : 4561 }, 
        {"sofa" : 1,  "begin" : 4562,  "end" : 4567 }, 
        {"sofa" : 1,  "begin" : 4567,  "end" : 4568 }, 
        {"sofa" : 1,  "begin" : 4569,  "end" : 4576 }, 
        {"sofa" : 1,  "begin" : 4577,  "end" : 4580 }, 
        {"sofa" : 1,  "begin" : 4581,  "end" : 4587 }, 
        {"sofa" : 1,  "begin" : 4588,  "end" : 4590 }, 
        {"sofa" : 1,  "begin" : 4591,  "end" : 4593 }, 
        {"sofa" : 1,  "begin" : 4594,  "end" : 4599 }, 
        {"sofa" : 1,  "begin" : 4600,  "end" : 4603 }, 
        {"sofa" : 1,  "begin" : 4604,  "end" : 4613 }, 
        {"sofa" : 1,  "begin" : 4613,  "end" : 4614 }, 
        {"sofa" : 1,  "begin" : 4615,  "end" : 4619 }, 
        {"sofa" : 1,  "begin" : 4620,  "end" : 4623 }, 
        {"sofa" : 1,  "begin" : 4624,  "end" : 4625 }, 
        {"sofa" : 1,  "begin" : 4626,  "end" : 4629 }, 
        {"sofa" : 1,  "begin" : 4630,  "end" : 4634 }, 
        {"sofa" : 1,  "begin" : 4635,  "end" : 4637 }, 
        {"sofa" : 1,  "begin" : 4638,  "end" : 4642 }, 
        {"sofa" : 1,  "begin" : 4643,  "end" : 4649 }, 
        {"sofa" : 1,  "begin" : 4649,  "end" : 4650 }, 
        {"sofa" : 1,  "begin" : 4651,  "end" : 4652 }, 
        {"sofa" : 1,  "begin" : 4653,  "end" : 4661 }, 
        {"sofa" : 1,  "begin" : 4662,  "end" : 4667 }, 
        {"sofa" : 1,  "begin" : 4668,  "end" : 4672 }, 
        {"sofa" : 1,  "begin" : 4673,  "end" : 4676 }, 
        {"sofa" : 1,  "begin" : 4677,  "end" : 4681 }, 
        {"sofa" : 1,  "begin" : 4682,  "end" : 4686 }, 
        {"sofa" : 1,  "begin" : 4687,  "end" : 4690 }, 
        {"sofa" : 1,  "begin" : 4691,  "end" : 4701 }, 
        {"sofa" : 1,  "begin" : 4701,  "end" : 4702 }, 
        {"sofa" : 1,  "begin" : 4703,  "end" : 4708 }, 
        {"sofa" : 1,  "begin" : 4708,  "end" : 4709 }, 
        {"sofa" : 1,  "begin" : 4710,  "end" : 4715 }, 
        {"sofa" : 1,  "begin" : 4716,  "end" : 4726 }, 
        {"sofa" : 1,  "begin" : 4727,  "end" : 4732 }, 
        {"sofa" : 1,  "begin" : 4733,  "end" : 4736 }, 
        {"sofa" : 1,  "begin" : 4737,  "end" : 4741 }, 
        {"sofa" : 1,  "begin" : 4742,  "end" : 4748 }, 
        {"sofa" : 1,  "begin" : 4749,  "end" : 4753 }, 
        {"sofa" : 1,  "begin" : 4754,  "end" : 4757 }, 
        {"sofa" : 1,  "begin" : 4758,  "end" : 4765 }, 
        {"sofa" : 1,  "begin" : 4765,  "end" : 4766 }, 
        {"sofa" : 1,  "begin" : 4767,  "end" : 4768 }, 
        {"sofa" : 1,  "begin" : 4769,  "end" : 4777 }, 
        {"sofa" : 1,  "begin" : 4778,  "end" : 4781 }, 
        {"sofa" : 1,  "begin" : 4782,  "end" : 4786 }, 
        {"sofa" : 1,  "begin" : 4787,  "end" : 4788 }, 
        {"sofa" : 1,  "begin" : 4789,  "end" : 4790 }, 
        {"sofa" : 1,  "begin" : 4791,  "end" : 4795 }, 
        {"sofa" : 1,  "begin" : 4796,  "end" : 4802 }, 
        {"sofa" : 1,  "begin" : 4803,  "end" : 4810 }, 
        {"sofa" : 1,  "begin" : 4811,  "end" : 4813 }, 
        {"sofa" : 1,  "begin" : 4814,  "end" : 4821 }, 
        {"sofa" : 1,  "begin" : 4822,  "end" : 4823 }, 
        {"sofa" : 1,  "begin" : 4824,  "end" : 4825 }, 
        {"sofa" : 1,  "begin" : 4826,  "end" : 4829 }, 
        {"sofa" : 1,  "begin" : 4830,  "end" : 4832 }, 
        {"sofa" : 1,  "begin" : 4833,  "end" : 4837 }, 
        {"sofa" : 1,  "begin" : 4838,  "end" : 4843 }, 
        {"sofa" : 1,  "begin" : 4844,  "end" : 4848 }, 
        {"sofa" : 1,  "begin" : 4849,  "end" : 4854 }, 
        {"sofa" : 1,  "begin" : 4855,  "end" : 4858 }, 
        {"sofa" : 1,  "begin" : 4859,  "end" : 4869 }, 
        {"sofa" : 1,  "begin" : 4870,  "end" : 4876 }, 
        {"sofa" : 1,  "begin" : 4876,  "end" : 4877 }, 
        {"sofa" : 1,  "begin" : 4878,  "end" : 4882 }, 
        {"sofa" : 1,  "begin" : 4883,  "end" : 4891 }, 
        {"sofa" : 1,  "begin" : 4892,  "end" : 4897 }, 
        {"sofa" : 1,  "begin" : 4898,  "end" : 4901 }, 
        {"sofa" : 1,  "begin" : 4902,  "end" : 4914 }, 
        {"sofa" : 1,  "begin" : 4914,  "end" : 4915 }, 
        {"sofa" : 1,  "begin" : 4916,  "end" : 4917 }, 
        {"sofa" : 1,  "begin" : 4918,  "end" : 4928 }, 
        {"sofa" : 1,  "begin" : 4929,  "end" : 4932 }, 
        {"sofa" : 1,  "begin" : 4933,  "end" : 4940 }, 
        {"sofa" : 1,  "begin" : 4941,  "end" : 4945 }, 
        {"sofa" : 1,  "begin" : 4946,  "end" : 4949 }, 
        {"sofa" : 1,  "begin" : 4950,  "end" : 4954 }, 
        {"sofa" : 1,  "begin" : 4955,  "end" : 4958 }, 
        {"sofa" : 1,  "begin" : 4959,  "end" : 4964 }, 
        {"sofa" : 1,  "begin" : 4965,  "end" : 4968 }, 
        {"sofa" : 1,  "begin" : 4969,  "end" : 4976 }, 
        {"sofa" : 1,  "begin" : 4977,  "end" : 4979 }, 
        {"sofa" : 1,  "begin" : 4980,  "end" : 4984 }, 
        {"sofa" : 1,  "begin" : 4985,  "end" : 4988 }, 
        {"sofa" : 1,  "begin" : 4989,  "end" : 4997 }, 
        {"sofa" : 1,  "begin" : 4997,  "end" : 4998 }, 
        {"sofa" : 1,  "begin" : 4999,  "end" : 5001 }, 
        {"sofa" : 1,  "begin" : 5002,  "end" : 5006 }, 
        {"sofa" : 1,  "begin" : 5007,  "end" : 5017 }, 
        {"sofa" : 1,  "begin" : 5018,  "end" : 5021 }, 
        {"sofa" : 1,  "begin" : 5022,  "end" : 5026 }, 
        {"sofa" : 1,  "begin" : 5026,  "end" : 5027 }, 
        {"sofa" : 1,  "begin" : 5028,  "end" : 5031 }, 
        {"sofa" : 1,  "begin" : 5032,  "end" : 5034 }, 
        {"sofa" : 1,  "begin" : 5035,  "end" : 5042 }, 
        {"sofa" : 1,  "begin" : 5043,  "end" : 5046 }, 
        {"sofa" : 1,  "begin" : 5047,  "end" : 5050 }, 
        {"sofa" : 1,  "begin" : 5051,  "end" : 5054 }, 
        {"sofa" : 1,  "begin" : 5055,  "end" : 5067 }, 
        {"sofa" : 1,  "begin" : 5068,  "end" : 5070 }, 
        {"sofa" : 1,  "begin" : 5071,  "end" : 5078 }, 
        {"sofa" : 1,  "begin" : 5079,  "end" : 5084 }, 
        {"sofa" : 1,  "begin" : 5085,  "end" : 5091 }, 
        {"sofa" : 1,  "begin" : 5092,  "end" : 5098 }, 
        {"sofa" : 1,  "begin" : 5099,  "end" : 5103 }, 
        {"sofa" : 1,  "begin" : 5104,  "end" : 5107 }, 
        {"sofa" : 1,  "begin" : 5108,  "end" : 5115 }, 
        {"sofa" : 1,  "begin" : 5115,  "end" : 5116 }, 
        {"sofa" : 1,  "begin" : 5117,  "end" : 5119 }, 
        {"sofa" : 1,  "begin" : 5120,  "end" : 5125 }, 
        {"sofa" : 1,  "begin" : 5126,  "end" : 5132 }, 
        {"sofa" : 1,  "begin" : 5133,  "end" : 5134 }, 
        {"sofa" : 1,  "begin" : 5135,  "end" : 5138 }, 
        {"sofa" : 1,  "begin" : 5139,  "end" : 5146 }, 
        {"sofa" : 1,  "begin" : 5146,  "end" : 5147 }, 
        {"sofa" : 1,  "begin" : 5148,  "end" : 5151 }, 
        {"sofa" : 1,  "begin" : 5152,  "end" : 5156 }, 
        {"sofa" : 1,  "begin" : 5157,  "end" : 5161 }, 
        {"sofa" : 1,  "begin" : 5162,  "end" : 5169 }, 
        {"sofa" : 1,  "begin" : 5170,  "end" : 5175 }, 
        {"sofa" : 1,  "begin" : 5176,  "end" : 5179 }, 
        {"sofa" : 1,  "begin" : 5180,  "end" : 5185 }, 
        {"sofa" : 1,  "begin" : 5186,  "end" : 5192 }, 
        {"sofa" : 1,  "begin" : 5193,  "end" : 5195 }, 
        {"sofa" : 1,  "begin" : 5196,  "end" : 5202 }, 
        {"sofa" : 1,  "begin" : 5203,  "end" : 5205 }, 
        {"sofa" : 1,  "begin" : 5206,  "end" : 5215 }, 
        {"sofa" : 1,  "begin" : 5215,  "end" : 5216 } ] } }, 
  "_referenced_fss" : {
    "1" : {"_type" : "Sofa",  "sofaNum" : 1,  "sofaID" : "_InitialView",  "mimeType" : "text",  "sofaString" : "The regiment ' s colours were now carried on board on the 23d in great state, which put a final close to the expedition, but without receiving any honours from Fort Zealandia, not a single gun being fired, nor even the flag hoisted on the occasion, to the great mortification of Colonel Fourgeoud, though in effect it was chiefly owing to his own neglect, as he had never given the Governor official notice of his intended departure. The baggage was also sent on board the ships; and a gentleman of the name of Van Heyst entertained the marines at his private expence with three hundred bottles of wine, fruit, &c.\n\nI have often remarked the hospitality and generosity of these people, which I now also once more experienced, receiving various presents of fruits and preserves from my numerous friends, to refresh me at sea while on the voyage; amongst the preserves were the female pappayas, the male bearing no fruit. This grows on a grey trunk, near twenty feet high, straight, and pithy within, the top being covered with a crown, and only fourteen or sixteen diverging leaves, extremely large and digitated. The fruit grows close to the trunk; the flower or blossom has\n\na most delicious fragrance. When ripe, it is the size and shape of a water-melon, and turns from green to yellow, but its pulp is more firm and solid: the inner pulp is soft and slimy, filled with innumerable seeds. This fruit at full maturity is cut in pieces and boiled, when it eats like English turnips; but they use it principally for confectionary and sweetmeats, when young, and with its blossoms being both extremely delicate and wholesome. I had also sent me some fine preserved ginger; this is the root of a kind of reedy stalk, that never exceeds two feet in height, with long, narrow pointed leaves. These roots are tuberous, flattish, small, and clustered in many different shapes, not unlike pig-potatoes, and of nearly the same colour in the inside, but fibrous, acid, hot, and aromatic; the  smell  is highly fragrant: it is well known to be not only an agreeable preserve, but in many cases an excellent medicine. But to proceed.\n\nOn the 24th of July, the sails being bent to the yards, we at last proceeded in corps to take leave of his Excellency the Governor of the colony, who, while he still received us with the greatest politeness, yet gave our hero to understand, that were his colours now to be sent on board, they should most certainly be saluted with those honours which indisputably were their due. After which he sent the whole corps of Society officers to the head-quarters in state, to wish us a prosperous voyage to Holland; and in this contest of etiquette his Excellency most assuredly led the van; for hinting which, however, to some of Fourgeoud ' s favourites, I had nearly engaged myself once more\n\nin a serious quarrel. Our men, who had been on board since the 18th, being now joined by their officers, the poor remains of this fine regiment were thus finally embarked, and in the highest flow of spirits, expecting to set sail the following day for Europe; while (one alone excepted) every countenance wore the appearance of happiness and joy; and nothing indeed could equal the exultation of the few surviving troops, when the next morning the orders were issued for the ships to weigh anchor and put to sea.\n\nBut it was by fate ordained that their eager hopes and expectations once more should be blasted: for on the very moment of departure, a ship entered the river with dispatches, inclosing an order for the regiment immediately to re-enter the woods, and remain in the colony until relieved by fresh troops to be sent out from Holland for that purpose. The SINCERE THANKS of his Serene Highness the Prince of Orange were now read to the men from the quarter-deck of each vessel,\n\n\"for the manly and spirited conduct they had displayed during so long a trial, and so many great and unprecedented hardships;\"\nbut as they concluded with orders for the troops to disembark, and remain in this dreadful service, I never saw dejection, disappointment, and despair so strongly marked: while at this moment I, who but just before had been completely miserable, was now in turn the only one who was not depressed with sorrow.\nIn the midst of this gloomy scene, the men were ordered to give three cheers, which the marines on board one of the vessels absolutely refused to comply with: Colonel Scyburg, and unluckily myself, were in consequence ordered to compel them; which he undertook, with a cane in one hand, and a loaded pistol cocked in the other. Knowing his temper to be fiery and irascible, what did I not feel at this moment? I suddenly leapt into the boat that lay along-side, where, after haranguing those few that leaned over the gunwale, I promised the ship ' s crew twenty gallons of Holland ' s gin if they would only begin the melancholy chorus. Then mounting again the quarter-deck, I acquainted the Colonel that all were now ready and willing to obey his commands; we then re-entered the boat, and in shoving off had the satisfaction to receive three hearty cheers from the sailors, in which joined a few marines, but with such languid looks and heavy hearts as cannot be described.\n\n" }, 
    "13582" : {"_type" : "Span",  "sofa" : 1,  "begin" : 1193,  "end" : 1202,  "label" : "Smell_Word" }, 
    "13587" : {"_type" : "Span",  "sofa" : 1,  "begin" : 1178,  "end" : 1192,  "label" : "Quality" }, 
    "13597" : {"_type" : "Span",  "sofa" : 1,  "begin" : 1163,  "end" : 1170,  "label" : "Smell_Source" }, 
    "13592" : {"_type" : "Span",  "sofa" : 1,  "begin" : 1149,  "end" : 1159,  "label" : "Smell_Source" }, 
    "13623" : {"_type" : "Span",  "sofa" : 1,  "begin" : 1969,  "end" : 1977,  "label" : "Smell_Word" }, 
    "13628" : {"_type" : "Span",  "sofa" : 1,  "begin" : 1969,  "end" : 1977,  "label" : "Quality" }, 
    "13645" : {"_type" : "Span",  "sofa" : 1,  "begin" : 1788,  "end" : 1799,  "label" : "Smell_Source" }, 
    "13657" : {"_type" : "Span",  "sofa" : 1,  "begin" : 1984,  "end" : 1989,  "label" : "Smell_Word" }, 
    "13662" : {"_type" : "Span",  "sofa" : 1,  "begin" : 1994,  "end" : 2009,  "label" : "Quality" }, 
    "13679" : {"_type" : "Span",  "sofa" : 1,  "begin" : 2070,  "end" : 2105,  "label" : "Effect" }, 
    "13674" : {"_type" : "Span",  "sofa" : 1,  "begin" : 2028,  "end" : 2064,  "label" : "Effect" } } }