#FORMAT=WebAnno TSV 3.3
#T_SP=custom.Span|label


#Text=Roſa maxima multiplex, C.
1-1	2-6	Roſa	_	
1-2	7-13	maxima	_	
1-3	14-23	multiplex	_	
1-4	23-24	,	_	
1-5	25-26	C	_	
1-6	26-27	.	_	

#Text=B.
2-1	28-29	B	_	
2-2	29-30	.	_	

#Text=Groſſe Hollaͤndiſche Centifolien.
3-1	31-37	Groſſe	_	
3-2	38-51	Hollaͤndiſche	_	
3-3	52-63	Centifolien	_	
3-4	63-64	.	_	

#Text=Roſa cen-
#Text=tifolia Batavica rubra, Cluſ.
4-1	65-69	Roſa	_	
4-2	70-73	cen	_	
4-3	73-74	-	_	
4-4	75-82	tifolia	_	
4-5	83-91	Batavica	_	
4-6	92-97	rubra	_	
4-7	97-98	,	_	
4-8	99-103	Cluſ	_	
4-9	103-104	.	_	

#Text=Eyſt.
5-1	105-109	Eyſt	_	
5-2	109-110	.	_	

#Text=Sind den vorigen gleich/ aber viel groͤſſer.
6-1	111-115	Sind	_	
6-2	116-119	den	_	
6-3	120-127	vorigen	_	
6-4	128-134	gleich	_	
6-5	134-135	/	_	
6-6	136-140	aber	_	
6-7	141-145	viel	_	
6-8	146-154	groͤſſer	_	
6-9	154-155	.	_	

#Text=Roſa minor rubello flore, C.
7-1	159-163	Roſa	_	
7-2	164-169	minor	_	
7-3	170-177	rubello	_	
7-4	178-183	flore	_	
7-5	183-184	,	_	
7-6	185-186	C	_	
7-7	186-187	.	_	

#Text=B.
8-1	188-189	B	_	
8-2	189-190	.	_	

#Text=May-roſen/ kleine Provintz-roſen.
9-1	191-200	May-roſen	_	
9-2	200-201	/	_	
9-3	202-208	kleine	_	
9-4	209-223	Provintz-roſen	_	
9-5	223-224	.	_	

#Text=Roſa
#Text=
#Text=provincialis minor, Tab.
#Text=cinamomea altera, Cam.
10-1	225-229	Roſa	_	
10-2	231-243	provincialis	_	
10-3	244-249	minor	_	
10-4	249-250	,	_	
10-5	251-254	Tab	_	
10-6	254-255	.	_	
10-7	256-265	cinamomea	_	
10-8	266-272	altera	_	
10-9	272-273	,	_	
10-10	274-277	Cam	_	
10-11	277-278	.	_	

#Text=Dieſe ſind faſt die fruͤhzeitigſte
#Text=
#Text=Roſen/ die blume iſt roͤhtlich/ ſchlechten geruchs/ zwar klein/ aber doch gefuͤllet.
11-1	279-284	Dieſe	_	
11-2	285-289	ſind	_	
11-3	290-294	faſt	_	
11-4	295-298	die	_	
11-5	299-313	fruͤhzeitigſte	_	
11-6	315-320	Roſen	_	
11-7	320-321	/	_	
11-8	322-325	die	_	
11-9	326-331	blume	Smell\_Source	
11-10	332-335	iſt	_	
11-11	336-345	roͤhtlich	_	
11-12	345-346	/	_	
11-13	347-357	ſchlechten	Quality	
11-14	358-365	geruchs	*[1]|Smell\_Word[2]	
11-15	365-366	/	_	
11-16	367-371	zwar	_	
11-17	372-377	klein	_	
11-18	377-378	/	_	
11-19	379-383	aber	_	
11-20	384-388	doch	_	
11-21	389-398	gefuͤllet	_	
11-22	398-399	.	_	

#Text=Roſa verſicolor, C.
12-1	403-407	Roſa	_	
12-2	408-418	verſicolor	_	
12-3	418-419	,	_	
12-4	420-421	C	_	
12-5	421-422	.	_	

#Text=B.
13-1	423-424	B	_	
13-2	424-425	.	_	

#Text=Bunte Roſen.
14-1	426-431	Bunte	_	
14-2	432-437	Roſen	_	
14-3	437-438	.	_	

#Text=Roſa præneſtina verſicolor, Cluſ.
15-1	439-443	Roſa	_	
15-2	444-454	præneſtina	_	
15-3	455-465	verſicolor	_	
15-4	465-466	,	_	
15-5	467-471	Cluſ	_	
15-6	471-472	.	_	

#Text=An dieſer ſind weiſſe und rohte blaͤtter durch einander gemenget/ als bunter Marmor:
#Text=
#Text=oder die eine helffte iſt weiß/ die andtr roht.
16-1	475-477	An	_	
16-2	478-484	dieſer	_	
16-3	485-489	ſind	_	
16-4	490-496	weiſſe	_	
16-5	497-500	und	_	
16-6	501-506	rohte	_	
16-7	507-515	blaͤtter	_	
16-8	516-521	durch	_	
16-9	522-530	einander	_	
16-10	531-539	gemenget	_	
16-11	539-540	/	_	
16-12	541-544	als	_	
16-13	545-551	bunter	_	
16-14	552-558	Marmor	_	
16-15	558-559	:	_	
16-16	561-565	oder	_	
16-17	566-569	die	_	
16-18	570-574	eine	_	
16-19	575-582	helffte	_	
16-20	583-586	iſt	_	
16-21	587-591	weiß	_	
16-22	591-592	/	_	
16-23	593-596	die	_	
16-24	597-602	andtr	_	
16-25	603-607	roht	_	
16-26	607-608	.	_	

#Text=Roſa alba vulgaris major, C.
17-1	612-616	Roſa	_	
17-2	617-621	alba	_	
17-3	622-630	vulgaris	_	
17-4	631-636	major	_	
17-5	636-637	,	_	
17-6	638-639	C	_	
17-7	639-640	.	_	

#Text=B.
18-1	641-642	B	_	
18-2	642-643	.	_	

#Text=Weiſſe Roſen/ einfach und gefuͤllet.
19-1	644-650	Weiſſe	_	
19-2	651-656	Roſen	_	
19-3	656-657	/	_	
19-4	658-665	einfach	_	
19-5	666-669	und	_	
19-6	670-679	gefuͤllet	_	
19-7	679-680	.	_	

#Text=Roſa
20-1	681-685	Roſa	_	
