#FORMAT=WebAnno TSV 3.3


#Text=TITLE X.
1-1	0-5	TITLE	
1-2	6-7	X	
1-3	7-8	.	

#Text=Of Terrestrial Steams in the Air.
2-1	9-11	Of	
2-2	12-23	Terrestrial	
2-3	24-30	Steams	
2-4	31-33	in	
2-5	34-37	the	
2-6	38-41	Air	
2-7	41-42	.	

#Text=INquiring of an ingenious Acquaintance of mine, who, in an inclosed Scope of Ground, has several Veins of differing Metals and Minerals, whether he did not see, and sometimes smell Steams ascending out of this or that Spot of his Ground, in Circumstances where their Ascension could not be imputed to the Action of the Sun?
3-1	44-53	INquiring	
3-2	54-56	of	
3-3	57-59	an	
3-4	60-69	ingenious	
3-5	70-82	Acquaintance	
3-6	83-85	of	
3-7	86-90	mine	
3-8	90-91	,	
3-9	92-95	who	
3-10	95-96	,	
3-11	97-99	in	
3-12	100-102	an	
3-13	103-111	inclosed	
3-14	112-117	Scope	
3-15	118-120	of	
3-16	121-127	Ground	
3-17	127-128	,	
3-18	129-132	has	
3-19	133-140	several	
3-20	141-146	Veins	
3-21	147-149	of	
3-22	150-159	differing	
3-23	160-166	Metals	
3-24	167-170	and	
3-25	171-179	Minerals	
3-26	179-180	,	
3-27	181-188	whether	
3-28	189-191	he	
3-29	192-195	did	
3-30	196-199	not	
3-31	200-203	see	
3-32	203-204	,	
3-33	205-208	and	
3-34	209-218	sometimes	
3-35	219-224	smell	
3-36	225-231	Steams	
3-37	232-241	ascending	
3-38	242-245	out	
3-39	246-248	of	
3-40	249-253	this	
3-41	254-256	or	
3-42	257-261	that	
3-43	262-266	Spot	
3-44	267-269	of	
3-45	270-273	his	
3-46	274-280	Ground	
3-47	280-281	,	
3-48	282-284	in	
3-49	285-298	Circumstances	
3-50	299-304	where	
3-51	305-310	their	
3-52	311-320	Ascension	
3-53	321-326	could	
3-54	327-330	not	
3-55	331-333	be	
3-56	334-341	imputed	
3-57	342-344	to	
3-58	345-348	the	
3-59	349-355	Action	
3-60	356-358	of	
3-61	359-362	the	
3-62	363-366	Sun	
3-63	366-367	?	

#Text=He and his Son, who was also a Virtuoso, told me, that they had divers times seen as 'twere Pillars of Fumes ascending like Smoak, whereof some would be inodorous, some ill-scented, and some, though but seldom, well-scented.
4-1	368-370	He	
4-2	371-374	and	
4-3	375-378	his	
4-4	379-382	Son	
4-5	382-383	,	
4-6	384-387	who	
4-7	388-391	was	
4-8	392-396	also	
4-9	397-398	a	
4-10	399-407	Virtuoso	
4-11	407-408	,	
4-12	409-413	told	
4-13	414-416	me	
4-14	416-417	,	
4-15	418-422	that	
4-16	423-427	they	
4-17	428-431	had	
4-18	432-438	divers	
4-19	439-444	times	
4-20	445-449	seen	
4-21	450-452	as	
4-22	453-454	'	
4-23	454-459	twere	
4-24	460-467	Pillars	
4-25	468-470	of	
4-26	471-476	Fumes	
4-27	477-486	ascending	
4-28	487-491	like	
4-29	492-497	Smoak	
4-30	497-498	,	
4-31	499-506	whereof	
4-32	507-511	some	
4-33	512-517	would	
4-34	518-520	be	
4-35	521-530	inodorous	
4-36	530-531	,	
4-37	532-536	some	
4-38	537-548	ill-scented	
4-39	548-549	,	
4-40	550-553	and	
4-41	554-558	some	
4-42	558-559	,	
4-43	560-566	though	
4-44	567-570	but	
4-45	571-577	seldom	
4-46	577-578	,	
4-47	579-591	well-scented	
4-48	591-592	.	

#Text=And you may have observed, as well as I, that Fogs, some of which I have known to be very lasting, and to have a large Spread, did require no tender Nostrils to perceive them to stink.
5-1	593-596	And	
5-2	597-600	you	
5-3	601-604	may	
5-4	605-609	have	
5-5	610-618	observed	
5-6	618-619	,	
5-7	620-622	as	
5-8	623-627	well	
5-9	628-630	as	
5-10	631-632	I	
5-11	632-633	,	
5-12	634-638	that	
5-13	639-643	Fogs	
5-14	643-644	,	
5-15	645-649	some	
5-16	650-652	of	
5-17	653-658	which	
5-18	659-660	I	
5-19	661-665	have	
5-20	666-671	known	
5-21	672-674	to	
5-22	675-677	be	
5-23	678-682	very	
5-24	683-690	lasting	
5-25	690-691	,	
5-26	692-695	and	
5-27	696-698	to	
5-28	699-703	have	
5-29	704-705	a	
5-30	706-711	large	
5-31	712-718	Spread	
5-32	718-719	,	
5-33	720-723	did	
5-34	724-731	require	
5-35	732-734	no	
5-36	735-741	tender	
5-37	742-750	Nostrils	
5-38	751-753	to	
5-39	754-762	perceive	
5-40	763-767	them	
5-41	768-770	to	
5-42	771-776	stink	
5-43	776-777	.	

#Text=I have frequently observed the smoaking Steams that arose out of the Shafts of Mines not wrought in: And it is certain, the Charcoal made in Cornwal (especially of that Wood that grows in the Mineral Part thereof) doth afford a manifest Arsenical and Sulphureous Smell beyond other Charcoal.
6-1	779-780	I	
6-2	781-785	have	
6-3	786-796	frequently	
6-4	797-805	observed	
6-5	806-809	the	
6-6	810-818	smoaking	
6-7	819-825	Steams	
6-8	826-830	that	
6-9	831-836	arose	
6-10	837-840	out	
6-11	841-843	of	
6-12	844-847	the	
6-13	848-854	Shafts	
6-14	855-857	of	
6-15	858-863	Mines	
6-16	864-867	not	
6-17	868-875	wrought	
6-18	876-878	in	
6-19	878-879	:	
6-20	880-883	And	
6-21	884-886	it	
6-22	887-889	is	
6-23	890-897	certain	
6-24	897-898	,	
6-25	899-902	the	
6-26	903-911	Charcoal	
6-27	912-916	made	
6-28	917-919	in	
6-29	920-927	Cornwal	
6-30	928-929	(	
6-31	929-939	especially	
6-32	940-942	of	
6-33	943-947	that	
6-34	948-952	Wood	
6-35	953-957	that	
6-36	958-963	grows	
6-37	964-966	in	
6-38	967-970	the	
6-39	971-978	Mineral	
6-40	979-983	Part	
6-41	984-991	thereof	
6-42	991-992	)	
6-43	993-997	doth	
6-44	998-1004	afford	
6-45	1005-1006	a	
6-46	1007-1015	manifest	
6-47	1016-1025	Arsenical	
6-48	1026-1029	and	
6-49	1030-1041	Sulphureous	
6-50	1042-1047	Smell	
6-51	1048-1054	beyond	
6-52	1055-1060	other	
6-53	1061-1069	Charcoal	
6-54	1069-1070	.	

#Text=N.
7-1	1071-1072	N	
7-2	1072-1073	.	

#Text=Tel est par exemple ce nuage horrible d'une fumée * epaisse qui s'eleva de la mer de Crete au Commencement de l'Este de l'an 721. et qui s'etant repandu dans
#Text=
#Text=l'air le fit paroistre tout en feu.
8-1	1075-1078	Tel	
8-2	1079-1082	est	
8-3	1083-1086	par	
8-4	1087-1094	exemple	
8-5	1095-1097	ce	
8-6	1098-1103	nuage	
8-7	1104-1112	horrible	
8-8	1113-1118	d'une	
8-9	1119-1124	fumée	
8-10	1125-1126	*	
8-11	1127-1134	epaisse	
8-12	1135-1138	qui	
8-13	1139-1146	s'eleva	
8-14	1147-1149	de	
8-15	1150-1152	la	
8-16	1153-1156	mer	
8-17	1157-1159	de	
8-18	1160-1165	Crete	
8-19	1166-1168	au	
8-20	1169-1181	Commencement	
8-21	1182-1184	de	
8-22	1185-1191	l'Este	
8-23	1192-1194	de	
8-24	1195-1199	l'an	
8-25	1200-1203	721	
8-26	1203-1204	.	
8-27	1205-1207	et	
8-28	1208-1211	qui	
8-29	1212-1219	s'etant	
8-30	1220-1227	repandu	
8-31	1228-1232	dans	
8-32	1234-1239	l'air	
8-33	1240-1242	le	
8-34	1243-1246	fit	
8-35	1247-1256	paroistre	
8-36	1257-1261	tout	
8-37	1262-1264	en	
8-38	1265-1268	feu	
8-39	1268-1269	.	

#Text=La mer n'en fut pas mesme exempte; car les grosses masses de pierres enflammées qu'on en vit sortier, et qui se joignirent a l'Isle qu' on nomme Hiera, échauferent si fort les eaux qu'elles en bruloient les mains.
9-1	1270-1272	La	
9-2	1273-1276	mer	
9-3	1277-1281	n'en	
9-4	1282-1285	fut	
9-5	1286-1289	pas	
9-6	1290-1295	mesme	
9-7	1296-1303	exempte	
9-8	1303-1304	;	
9-9	1305-1308	car	
9-10	1309-1312	les	
9-11	1313-1320	grosses	
9-12	1321-1327	masses	
9-13	1328-1330	de	
9-14	1331-1338	pierres	
9-15	1339-1349	enflammées	
9-16	1350-1355	qu'on	
9-17	1356-1358	en	
9-18	1359-1362	vit	
9-19	1363-1370	sortier	
9-20	1370-1371	,	
9-21	1372-1374	et	
9-22	1375-1378	qui	
9-23	1379-1381	se	
9-24	1382-1392	joignirent	
9-25	1393-1394	a	
9-26	1395-1401	l'Isle	
9-27	1402-1404	qu	
9-28	1404-1405	'	
9-29	1406-1408	on	
9-30	1409-1414	nomme	
9-31	1415-1420	Hiera	
9-32	1420-1421	,	
9-33	1422-1433	échauferent	
9-34	1434-1436	si	
9-35	1437-1441	fort	
9-36	1442-1445	les	
9-37	1446-1450	eaux	
9-38	1451-1459	qu'elles	
9-39	1460-1462	en	
9-40	1463-1472	bruloient	
9-41	1473-1476	les	
9-42	1477-1482	mains	
9-43	1482-1483	.	

#Text=TITLE XI.
10-1	1485-1490	TITLE	
10-2	1491-1493	XI	
10-3	1493-1494	.	

#Text=Of Salts in the Air.
11-1	1495-1497	Of	
11-2	1498-1503	Salts	
11-3	1504-1506	in	
11-4	1507-1510	the	
11-5	1511-1514	Air	
11-6	1514-1515	.	

#Text='TIS sufficiently known that the Peripatetick Schools teach the Air to be an Element warm and moist; and if it be an Element, it ought, according to their Principles, and those of the greatest part of other Naturalists, to be a simple and Homogeneous Body.
12-1	1517-1518	'	
12-2	1518-1521	TIS	
12-3	1522-1534	sufficiently	
12-4	1535-1540	known	
12-5	1541-1545	that	
12-6	1546-1549	the	
12-7	1550-1562	Peripatetick	
12-8	1563-1570	Schools	
12-9	1571-1576	teach	
12-10	1577-1580	the	
12-11	1581-1584	Air	
12-12	1585-1587	to	
12-13	1588-1590	be	
12-14	1591-1593	an	
12-15	1594-1601	Element	
12-16	1602-1606	warm	
12-17	1607-1610	and	
12-18	1611-1616	moist	
12-19	1616-1617	;	
12-20	1618-1621	and	
12-21	1622-1624	if	
12-22	1625-1627	it	
12-23	1628-1630	be	
12-24	1631-1633	an	
12-25	1634-1641	Element	
12-26	1641-1642	,	
12-27	1643-1645	it	
12-28	1646-1651	ought	
12-29	1651-1652	,	
12-30	1653-1662	according	
12-31	1663-1665	to	
12-32	1666-1671	their	
12-33	1672-1682	Principles	
12-34	1682-1683	,	
12-35	1684-1687	and	
12-36	1688-1693	those	
12-37	1694-1696	of	
12-38	1697-1700	the	
12-39	1701-1709	greatest	
12-40	1710-1714	part	
12-41	1715-1717	of	
12-42	1718-1723	other	
12-43	1724-1735	Naturalists	
12-44	1735-1736	,	
12-45	1737-1739	to	
12-46	1740-1742	be	
12-47	1743-1744	a	
12-48	1745-1751	simple	
12-49	1752-1755	and	
12-50	1756-1767	Homogeneous	
12-51	1768-1772	Body	
12-52	1772-1773	.	

#Text=But because such an elementary or uniform Purity is much easier to be found in the Writings of Schoolmen, than amongst the Works of Nature, many of the modern Philosophers have justly forsaken this Doctrine of the elementary Simplicity of the Air in some measure; but perhaps very few of them, if any, have asserted the Air to be so exceedingly compounded a Body, as in my Opinion it really is.
13-1	1774-1777	But	
13-2	1778-1785	because	
13-3	1786-1790	such	
13-4	1791-1793	an	
13-5	1794-1804	elementary	
13-6	1805-1807	or	
13-7	1808-1815	uniform	
13-8	1816-1822	Purity	
13-9	1823-1825	is	
13-10	1826-1830	much	
13-11	1831-1837	easier	
13-12	1838-1840	to	
13-13	1841-1843	be	
13-14	1844-1849	found	
13-15	1850-1852	in	
13-16	1853-1856	the	
13-17	1857-1865	Writings	
13-18	1866-1868	of	
13-19	1869-1878	Schoolmen	
13-20	1878-1879	,	
13-21	1880-1884	than	
13-22	1885-1892	amongst	
13-23	1893-1896	the	
13-24	1897-1902	Works	
13-25	1903-1905	of	
13-26	1906-1912	Nature	
13-27	1912-1913	,	
13-28	1914-1918	many	
13-29	1919-1921	of	
13-30	1922-1925	the	
13-31	1926-1932	modern	
13-32	1933-1945	Philosophers	
13-33	1946-1950	have	
13-34	1951-1957	justly	
13-35	1958-1966	forsaken	
13-36	1967-1971	this	
13-37	1972-1980	Doctrine	
13-38	1981-1983	of	
13-39	1984-1987	the	
13-40	1988-1998	elementary	
13-41	1999-2009	Simplicity	
13-42	2010-2012	of	
13-43	2013-2016	the	
13-44	2017-2020	Air	
13-45	2021-2023	in	
13-46	2024-2028	some	
13-47	2029-2036	measure	
13-48	2036-2037	;	
13-49	2038-2041	but	
13-50	2042-2049	perhaps	
13-51	2050-2054	very	
13-52	2055-2058	few	
13-53	2059-2061	of	
13-54	2062-2066	them	
13-55	2066-2067	,	
13-56	2068-2070	if	
13-57	2071-2074	any	
13-58	2074-2075	,	
13-59	2076-2080	have	
13-60	2081-2089	asserted	
13-61	2090-2093	the	
13-62	2094-2097	Air	
13-63	2098-2100	to	
13-64	2101-2103	be	
13-65	2104-2106	so	
13-66	2107-2118	exceedingly	
13-67	2119-2129	compounded	
13-68	2130-2131	a	
13-69	2132-2136	Body	
13-70	2136-2137	,	
13-71	2138-2140	as	
13-72	2141-2143	in	
13-73	2144-2146	my	
13-74	2147-2154	Opinion	
13-75	2155-2157	it	
13-76	2158-2164	really	
13-77	2165-2167	is	
13-78	2167-2168	.	

#Text=For divers of them grant indeed, that the Atmosphere is not absolutely pure, but yet think, that it differs but gradually from true and simple Air, as Water a little moved and troubled does from clear and settled Water.
14-1	2169-2172	For	
14-2	2173-2179	divers	
14-3	2180-2182	of	
14-4	2183-2187	them	
14-5	2188-2193	grant	
14-6	2194-2200	indeed	
14-7	2200-2201	,	
14-8	2202-2206	that	
14-9	2207-2210	the	
14-10	2211-2221	Atmosphere	
14-11	2222-2224	is	
14-12	2225-2228	not	
14-13	2229-2239	absolutely	
14-14	2240-2244	pure	
14-15	2244-2245	,	
14-16	2246-2249	but	
14-17	2250-2253	yet	
14-18	2254-2259	think	
14-19	2259-2260	,	
14-20	2261-2265	that	
14-21	2266-2268	it	
14-22	2269-2276	differs	
14-23	2277-2280	but	
14-24	2281-2290	gradually	
14-25	2291-2295	from	
14-26	2296-2300	true	
14-27	2301-2304	and	
14-28	2305-2311	simple	
14-29	2312-2315	Air	
14-30	2315-2316	,	
14-31	2317-2319	as	
14-32	2320-2325	Water	
14-33	2326-2327	a	
14-34	2328-2334	little	
14-35	2335-2340	moved	
14-36	2341-2344	and	
14-37	2345-2353	troubled	
14-38	2354-2358	does	
14-39	2359-2363	from	
14-40	2364-2369	clear	
14-41	2370-2373	and	
14-42	2374-2381	settled	
14-43	2382-2387	Water	
14-44	2387-2388	.	
