#FORMAT=WebAnno TSV 3.3
#T_SP=custom.Span|label
#T_RL=custom.Relation|label|BT_custom.Span


#Text=.
1-1	2-3	.	_	_	_	

#Text=ins gemein findet man ſie ſpannen lang/
#Text=o-
#Text=
#Text=ben auff ſatt gruͤn/ unden etwas bleicher.
2-1	7-10	ins	_	_	_	
2-2	11-17	gemein	_	_	_	
2-3	18-24	findet	_	_	_	
2-4	25-28	man	_	_	_	
2-5	29-32	ſie	_	_	_	
2-6	33-40	ſpannen	_	_	_	
2-7	41-45	lang	_	_	_	
2-8	45-46	/	_	_	_	
2-9	47-48	o	_	_	_	
2-10	48-49	-	_	_	_	
2-11	51-54	ben	_	_	_	
2-12	55-59	auff	_	_	_	
2-13	60-64	ſatt	_	_	_	
2-14	65-70	gruͤn	_	_	_	
2-15	70-71	/	_	_	_	
2-16	72-77	unden	_	_	_	
2-17	78-83	etwas	_	_	_	
2-18	84-92	bleicher	_	_	_	
2-19	92-93	.	_	_	_	

#Text=Auß den ſtielen gehen drey heiter gruͤne/ auch
#Text=wol gelblichte Aderen oder Nerven in das
#Text=Blatt auß/ deren mittlere allezeit was di-
#Text=cker/ und ſich beyderſeits des Blatts ſehen
#Text=laſſen;
#Text=Auß dieſen Haupt-aderen theilen ſich
#Text=
#Text=ſehr viel Neben-aͤderlein
#Text=auff die ſeiten durch
#Text=das blatt hin.
3-1	95-98	Auß	_	_	_	
3-2	99-102	den	_	_	_	
3-3	103-110	ſtielen	_	_	_	
3-4	111-116	gehen	_	_	_	
3-5	117-121	drey	_	_	_	
3-6	122-128	heiter	_	_	_	
3-7	129-135	gruͤne	_	_	_	
3-8	135-136	/	_	_	_	
3-9	137-141	auch	_	_	_	
3-10	142-145	wol	_	_	_	
3-11	146-156	gelblichte	_	_	_	
3-12	157-163	Aderen	_	_	_	
3-13	164-168	oder	_	_	_	
3-14	169-175	Nerven	_	_	_	
3-15	176-178	in	_	_	_	
3-16	179-182	das	_	_	_	
3-17	183-188	Blatt	_	_	_	
3-18	189-192	auß	_	_	_	
3-19	192-193	/	_	_	_	
3-20	194-199	deren	_	_	_	
3-21	200-208	mittlere	_	_	_	
3-22	209-217	allezeit	_	_	_	
3-23	218-221	was	_	_	_	
3-24	222-224	di	_	_	_	
3-25	224-225	-	_	_	_	
3-26	226-230	cker	_	_	_	
3-27	230-231	/	_	_	_	
3-28	232-235	und	_	_	_	
3-29	236-240	ſich	_	_	_	
3-30	241-252	beyderſeits	_	_	_	
3-31	253-256	des	_	_	_	
3-32	257-263	Blatts	_	_	_	
3-33	264-269	ſehen	_	_	_	
3-34	270-276	laſſen	_	_	_	
3-35	276-277	;	_	_	_	
3-36	278-281	Auß	_	_	_	
3-37	282-288	dieſen	_	_	_	
3-38	289-301	Haupt-aderen	_	_	_	
3-39	302-309	theilen	_	_	_	
3-40	310-314	ſich	_	_	_	
3-41	316-320	ſehr	_	_	_	
3-42	321-325	viel	_	_	_	
3-43	326-341	Neben-aͤderlein	_	_	_	
3-44	342-346	auff	_	_	_	
3-45	347-350	die	_	_	_	
3-46	351-357	ſeiten	_	_	_	
3-47	358-363	durch	_	_	_	
3-48	364-367	das	_	_	_	
3-49	368-373	blatt	_	_	_	
3-50	374-377	hin	_	_	_	
3-51	377-378	.	_	_	_	

#Text=Die blaͤtter haben ſambtlich
#Text=ein ſtarcken aromatiſchen geruch/ ſonderlich
#Text=da ſie zerꝛieben werden/ ja ſie riehen und
#Text=ſchmacken wie Zimmet/ wiewol nicht ſo heff-
#Text=tig.
4-1	379-382	Die	_	_	_	
4-2	383-391	blaͤtter	Smell\_Source	_	_	
4-3	392-397	haben	_	_	_	
4-4	398-407	ſambtlich	_	_	_	
4-5	408-411	ein	_	_	_	
4-6	412-420	ſtarcken	Quality	_	_	
4-7	421-433	aromatiſchen	Quality[1]|Smell\_Word[2]	_	_	
4-8	434-440	geruch	Smell\_Word	*|*|*|*	4-2|4-7[1_0]|4-6|4-10[3_0]	
4-9	440-441	/	_	_	_	
4-10	442-452	ſonderlich	Circumstances[3]	_	_	
4-11	453-455	da	Circumstances[3]	_	_	
4-12	456-459	ſie	Circumstances[3]|Smell\_Source[4]	*	4-2[0_4]	
4-13	460-469	zerꝛieben	Circumstances[3]	_	_	
4-14	470-476	werden	Circumstances[3]	_	_	
4-15	476-477	/	_	_	_	
4-16	478-480	ja	_	_	_	
4-17	481-484	ſie	Smell\_Source	*	4-2	
4-18	485-491	riehen	Smell\_Word	*|*|*	4-17|4-21[5_0]|4-24[7_0]	
4-19	492-495	und	_	_	_	
4-20	496-505	ſchmacken	_	_	_	
4-21	506-509	wie	Effect[5]	_	_	
4-22	510-516	Zimmet	Effect[5]|*[6]	_	_	
4-23	516-517	/	_	_	_	
4-24	518-524	wiewol	Quality[7]	_	_	
4-25	525-530	nicht	Quality[7]	_	_	
4-26	531-533	ſo	Quality[7]	_	_	
4-27	534-538	heff	Quality[7]	_	_	
4-28	538-539	-	Quality[7]	_	_	
4-29	540-543	tig	Quality[7]	_	_	
4-30	543-544	.	_	_	_	

#Text=Die in dem Jenner herfuͤrkommende
#Text=Bluͤthe iſt klein/ hat die figur eines Ster-
#Text=nens/ mit ſechs weiß-gruͤnlichten/
#Text=etwas
#Text=ablangen und runden blaͤttlein/ lieblichem
#Text=geruch/ und kurtzen gruͤnlichten ſtielein be-
#Text=gabet:
#Text=Jn mitte der bluͤthe iſt ein hertzlein/
#Text=
#Text=ſo auß zwey reihen gruͤnlichter faͤſerlein
#Text=mit
#Text=gelben gipfelein beſtehet;
#Text=Dieſe faͤſerlein aber
#Text=
#Text=umbfaſſen den gruͤnen duͤnnen ſtiel/
#Text=ſo an
#Text=dem gipfel ſchwartzlicht iſt;
#Text=welcher ſtiel denn
#Text=der anfang oder fundament der folgenden
#Text=Frucht iſt.
5-1	545-548	Die	_	_	_	
5-2	549-551	in	Time[8]	_	_	
5-3	552-555	dem	Time[8]	_	_	
5-4	556-562	Jenner	Time[8]	_	_	
5-5	563-578	herfuͤrkommende	Time[8]	_	_	
5-6	579-586	Bluͤthe	Smell\_Source	_	_	
5-7	587-590	iſt	_	_	_	
5-8	591-596	klein	_	_	_	
5-9	596-597	/	_	_	_	
5-10	598-601	hat	_	_	_	
5-11	602-605	die	_	_	_	
5-12	606-611	figur	_	_	_	
5-13	612-617	eines	_	_	_	
5-14	618-622	Ster	_	_	_	
5-15	622-623	-	_	_	_	
5-16	624-628	nens	_	_	_	
5-17	628-629	/	_	_	_	
5-18	630-633	mit	_	_	_	
5-19	634-639	ſechs	_	_	_	
5-20	640-657	weiß-gruͤnlichten	_	_	_	
5-21	657-658	/	_	_	_	
5-22	659-664	etwas	_	_	_	
5-23	665-673	ablangen	_	_	_	
5-24	674-677	und	_	_	_	
5-25	678-684	runden	_	_	_	
5-26	685-695	blaͤttlein	_	_	_	
5-27	695-696	/	_	_	_	
5-28	697-707	lieblichem	Quality	_	_	
5-29	708-714	geruch	Smell\_Word	*|*|*	5-2[8_0]|5-6|5-28	
5-30	714-715	/	_	_	_	
5-31	716-719	und	_	_	_	
5-32	720-727	kurtzen	_	_	_	
5-33	728-740	gruͤnlichten	_	_	_	
5-34	741-749	ſtielein	_	_	_	
5-35	750-752	be	_	_	_	
5-36	752-753	-	_	_	_	
5-37	754-759	gabet	_	_	_	
5-38	759-760	:	_	_	_	
5-39	761-763	Jn	_	_	_	
5-40	764-769	mitte	_	_	_	
5-41	770-773	der	_	_	_	
5-42	774-781	bluͤthe	_	_	_	
5-43	782-785	iſt	_	_	_	
5-44	786-789	ein	_	_	_	
5-45	790-799	hertzlein	_	_	_	
5-46	799-800	/	_	_	_	
5-47	802-804	ſo	_	_	_	
5-48	805-808	auß	_	_	_	
5-49	809-813	zwey	_	_	_	
5-50	814-820	reihen	_	_	_	
5-51	821-833	gruͤnlichter	_	_	_	
5-52	834-844	faͤſerlein	_	_	_	
5-53	845-848	mit	_	_	_	
5-54	849-855	gelben	_	_	_	
5-55	856-865	gipfelein	_	_	_	
5-56	866-874	beſtehet	_	_	_	
5-57	874-875	;	_	_	_	
5-58	876-881	Dieſe	_	_	_	
5-59	882-892	faͤſerlein	_	_	_	
5-60	893-897	aber	_	_	_	
5-61	899-908	umbfaſſen	_	_	_	
5-62	909-912	den	_	_	_	
5-63	913-920	gruͤnen	_	_	_	
5-64	921-928	duͤnnen	_	_	_	
5-65	929-934	ſtiel	_	_	_	
5-66	934-935	/	_	_	_	
5-67	936-938	ſo	_	_	_	
5-68	939-941	an	_	_	_	
5-69	942-945	dem	_	_	_	
5-70	946-952	gipfel	_	_	_	
5-71	953-966	ſchwartzlicht	_	_	_	
5-72	967-970	iſt	_	_	_	
5-73	970-971	;	_	_	_	
5-74	972-979	welcher	_	_	_	
5-75	980-985	ſtiel	_	_	_	
5-76	986-990	denn	_	_	_	
5-77	991-994	der	_	_	_	
5-78	995-1001	anfang	_	_	_	
5-79	1002-1006	oder	_	_	_	
5-80	1007-1016	fundament	_	_	_	
5-81	1017-1020	der	_	_	_	
5-82	1021-1030	folgenden	_	_	_	
5-83	1031-1037	Frucht	_	_	_	
5-84	1038-1041	iſt	_	_	_	
5-85	1041-1042	.	_	_	_	

#Text=Die Fruͤchten ſind ablange/ run-
#Text=de Beere wie die Eycheln/ eines ſcharflich-
#Text=ten geſchmacks/ und in ſechs-eckichte Kelch-
#Text=lein eingefaßt.
6-1	1043-1046	Die	_	_	_	
6-2	1047-1056	Fruͤchten	_	_	_	
6-3	1057-1061	ſind	_	_	_	
6-4	1062-1069	ablange	_	_	_	
6-5	1069-1070	/	_	_	_	
6-6	1071-1074	run	_	_	_	
6-7	1074-1075	-	_	_	_	
6-8	1076-1078	de	_	_	_	
6-9	1079-1084	Beere	_	_	_	
6-10	1085-1088	wie	_	_	_	
6-11	1089-1092	die	_	_	_	
6-12	1093-1100	Eycheln	_	_	_	
6-13	1100-1101	/	_	_	_	
6-14	1102-1107	eines	_	_	_	
6-15	1108-1118	ſcharflich	_	_	_	
6-16	1118-1119	-	_	_	_	
6-17	1120-1123	ten	_	_	_	
6-18	1124-1134	geſchmacks	_	_	_	
6-19	1134-1135	/	_	_	_	
6-20	1136-1139	und	_	_	_	
6-21	1140-1142	in	_	_	_	
6-22	1143-1157	ſechs-eckichte	_	_	_	
6-23	1158-1163	Kelch	_	_	_	
6-24	1163-1164	-	_	_	_	
6-25	1165-1169	lein	_	_	_	
6-26	1170-1179	eingefaßt	_	_	_	
6-27	1179-1180	.	_	_	_	

#Text=II.
7-1	1183-1185	II	_	_	_	
7-2	1185-1186	.	_	_	_	
