#FORMAT=WebAnno TSV 3.3
#T_SP=custom.Span|label
#T_RL=custom.Relation|label|BT_custom.Span


#Text=WO eigene Haͤuſer zu dieſer Arbeit aufgerichtet
#Text=ſind/ dazu man viel Leute halten muß/ da iſt Je-
#Text=mand vonnoͤthen/ der das Aufſehen habe/ der
#Text=ſolle nun nicht allein an ſeiner ſelbſt-eignen Perſon/ als
#Text=auch an allen ſeinen Untergebenen/ die Reinigkeit vor
#Text=alles beobachten;
#Text=Morgens ehe er ſich zu ihnen nahet/
#Text=
#Text=wie Herꝛ de Serres will/ ſoll er ein wenig Wein zu ſich
#Text=nehmen/ weil ihnen dieſer Geruch ſehr lieb und ange-
#Text=nehm iſt.
1-1	3-5	WO	_	_	_	
1-2	6-12	eigene	_	_	_	
1-3	13-20	Haͤuſer	_	_	_	
1-4	21-23	zu	_	_	_	
1-5	24-30	dieſer	_	_	_	
1-6	31-37	Arbeit	_	_	_	
1-7	38-50	aufgerichtet	_	_	_	
1-8	51-55	ſind	_	_	_	
1-9	55-56	/	_	_	_	
1-10	57-61	dazu	_	_	_	
1-11	62-65	man	_	_	_	
1-12	66-70	viel	_	_	_	
1-13	71-76	Leute	_	_	_	
1-14	77-83	halten	_	_	_	
1-15	84-87	muß	_	_	_	
1-16	87-88	/	_	_	_	
1-17	89-91	da	_	_	_	
1-18	92-95	iſt	_	_	_	
1-19	96-98	Je	_	_	_	
1-20	98-99	-	_	_	_	
1-21	100-104	mand	_	_	_	
1-22	105-115	vonnoͤthen	_	_	_	
1-23	115-116	/	_	_	_	
1-24	117-120	der	_	_	_	
1-25	121-124	das	_	_	_	
1-26	125-133	Aufſehen	_	_	_	
1-27	134-138	habe	_	_	_	
1-28	138-139	/	_	_	_	
1-29	140-143	der	_	_	_	
1-30	144-149	ſolle	_	_	_	
1-31	150-153	nun	_	_	_	
1-32	154-159	nicht	_	_	_	
1-33	160-166	allein	_	_	_	
1-34	167-169	an	_	_	_	
1-35	170-176	ſeiner	_	_	_	
1-36	177-190	ſelbſt-eignen	_	_	_	
1-37	191-197	Perſon	_	_	_	
1-38	197-198	/	_	_	_	
1-39	199-202	als	_	_	_	
1-40	203-207	auch	_	_	_	
1-41	208-210	an	_	_	_	
1-42	211-216	allen	_	_	_	
1-43	217-223	ſeinen	_	_	_	
1-44	224-236	Untergebenen	_	_	_	
1-45	236-237	/	_	_	_	
1-46	238-241	die	_	_	_	
1-47	242-252	Reinigkeit	_	_	_	
1-48	253-256	vor	_	_	_	
1-49	257-262	alles	_	_	_	
1-50	263-273	beobachten	_	_	_	
1-51	273-274	;	_	_	_	
1-52	275-282	Morgens	_	_	_	
1-53	283-286	ehe	_	_	_	
1-54	287-289	er	_	_	_	
1-55	290-294	ſich	_	_	_	
1-56	295-297	zu	_	_	_	
1-57	298-303	ihnen	_	_	_	
1-58	304-309	nahet	_	_	_	
1-59	309-310	/	_	_	_	
1-60	312-315	wie	_	_	_	
1-61	316-320	Herꝛ	_	_	_	
1-62	321-323	de	_	_	_	
1-63	324-330	Serres	_	_	_	
1-64	331-335	will	_	_	_	
1-65	335-336	/	_	_	_	
1-66	337-341	ſoll	_	_	_	
1-67	342-344	er	_	_	_	
1-68	345-348	ein	Quality[1]	_	_	
1-69	349-354	wenig	Quality[1]	_	_	
1-70	355-359	Wein	Smell\_Source	*	1-68[1_0]	
1-71	360-362	zu	_	_	_	
1-72	363-367	ſich	_	_	_	
1-73	368-374	nehmen	_	_	_	
1-74	374-375	/	_	_	_	
1-75	376-380	weil	_	_	_	
1-76	381-386	ihnen	Perceiver	_	_	
1-77	387-393	dieſer	_	_	_	
1-78	394-400	Geruch	Smell\_Word	_	_	
1-79	401-405	ſehr	_	_	_	
1-80	406-410	lieb	_	_	_	
1-81	411-414	und	_	_	_	
1-82	415-419	ange	_	_	_	
1-83	419-420	-	_	_	_	
1-84	421-425	nehm	_	_	_	
1-85	426-429	iſt	_	_	_	
1-86	429-430	.	_	_	_	

#Text=Man muß ſich huͤten/ ſo ſelten/ als moͤglich/
#Text=
#Text=ſie nicht mit bloſſen Haͤnden anzuruͤhren/ und wann es
#Text=ſeyn muß/
#Text=ſolches mit hoͤchſter Beſcheidenheit verrichten;
#Text=
#Text=alte Leute/ ſonderlich die einen uͤbelriechenden Athem ha-
#Text=ben/ ſoll man nuͤchtern nie zu ihnen laſſen/ weil es ihnen/
#Text=ſowol als aller Geſtanck/ hefftig zuwider iſt/ daher ſoll
#Text=er nicht Jederman laſſen/ nach Belieben/ ein- und aus-
#Text=gehen/ ſondern dißfalls eine fleiſſige Obſorg tragen.
2-1	431-434	Man	_	_	_	
2-2	435-438	muß	_	_	_	
2-3	439-443	ſich	_	_	_	
2-4	444-450	huͤten	_	_	_	
2-5	450-451	/	_	_	_	
2-6	452-454	ſo	_	_	_	
2-7	455-461	ſelten	_	_	_	
2-8	461-462	/	_	_	_	
2-9	463-466	als	_	_	_	
2-10	467-475	moͤglich	_	_	_	
2-11	475-476	/	_	_	_	
2-12	478-481	ſie	_	_	_	
2-13	482-487	nicht	_	_	_	
2-14	488-491	mit	_	_	_	
2-15	492-499	bloſſen	_	_	_	
2-16	500-507	Haͤnden	_	_	_	
2-17	508-519	anzuruͤhren	_	_	_	
2-18	519-520	/	_	_	_	
2-19	521-524	und	_	_	_	
2-20	525-529	wann	_	_	_	
2-21	530-532	es	_	_	_	
2-22	533-537	ſeyn	_	_	_	
2-23	538-541	muß	_	_	_	
2-24	541-542	/	_	_	_	
2-25	543-550	ſolches	_	_	_	
2-26	551-554	mit	_	_	_	
2-27	555-564	hoͤchſter	_	_	_	
2-28	565-579	Beſcheidenheit	_	_	_	
2-29	580-590	verrichten	_	_	_	
2-30	590-591	;	_	_	_	
2-31	593-597	alte	_	_	_	
2-32	598-603	Leute	_	_	_	
2-33	603-604	/	_	_	_	
2-34	605-615	ſonderlich	_	_	_	
2-35	616-619	die	_	_	_	
2-36	620-625	einen	_	_	_	
2-37	626-641	uͤbelriechenden	Quality	_	_	
2-38	642-647	Athem	Smell\_Source	*	2-37	
2-39	648-650	ha	_	_	_	
2-40	650-651	-	_	_	_	
2-41	652-655	ben	_	_	_	
2-42	655-656	/	_	_	_	
2-43	657-661	ſoll	_	_	_	
2-44	662-665	man	_	_	_	
2-45	666-675	nuͤchtern	_	_	_	
2-46	676-679	nie	_	_	_	
2-47	680-682	zu	_	_	_	
2-48	683-688	ihnen	_	_	_	
2-49	689-695	laſſen	_	_	_	
2-50	695-696	/	_	_	_	
2-51	697-701	weil	_	_	_	
2-52	702-704	es	_	_	_	
2-53	705-710	ihnen	_	_	_	
2-54	710-711	/	_	_	_	
2-55	712-717	ſowol	_	_	_	
2-56	718-721	als	_	_	_	
2-57	722-727	aller	_	_	_	
2-58	728-736	Geſtanck	Smell\_Word	_	_	
2-59	736-737	/	_	_	_	
2-60	738-745	hefftig	_	_	_	
2-61	746-753	zuwider	_	_	_	
2-62	754-757	iſt	_	_	_	
2-63	757-758	/	_	_	_	
2-64	759-764	daher	_	_	_	
2-65	765-769	ſoll	_	_	_	
2-66	770-772	er	_	_	_	
2-67	773-778	nicht	_	_	_	
2-68	779-787	Jederman	_	_	_	
2-69	788-794	laſſen	_	_	_	
2-70	794-795	/	_	_	_	
2-71	796-800	nach	_	_	_	
2-72	801-809	Belieben	_	_	_	
2-73	809-810	/	_	_	_	
2-74	811-814	ein	_	_	_	
2-75	814-815	-	_	_	_	
2-76	816-819	und	_	_	_	
2-77	820-823	aus	_	_	_	
2-78	823-824	-	_	_	_	
2-79	825-830	gehen	_	_	_	
2-80	830-831	/	_	_	_	
2-81	832-839	ſondern	_	_	_	
2-82	840-848	dißfalls	_	_	_	
2-83	849-853	eine	_	_	_	
2-84	854-863	fleiſſige	_	_	_	
2-85	864-870	Obſorg	_	_	_	
2-86	871-877	tragen	_	_	_	
2-87	877-878	.	_	_	_	

#Text=Man muß ihnen alle Tage rein auskehren/ und das
#Text=Fletz offt mit Wein-Eſſig beſpruͤtzen/ und mit Lavendel/
#Text=
#Text=Spicanard/ Roſmarin/ Quendel und dergleichen wol-
#Text=riechenden Kraͤutern uͤberſtreuen/ bißweilen auch von
#Text=Weyrauch/ Benjoin, Storax, und andern ihnen ange-
#Text=nehmen Specien raͤuchern/ die man auf einer Glut ma-
#Text=chen ſolle/
#Text=dardurch bleiben ſie bey gutem Luſt/ und ſtaͤter
#Text=Geſundheit/
#Text=uͤberſtehen ihre Kranckheiten deſto leichtli-
#Text=
#Text=cher/ und arbeiten deſto beſſer/
#Text=freudiger und anhaͤbi-
#Text=ger.
3-1	882-885	Man	_	_	_	
3-2	886-889	muß	_	_	_	
3-3	890-895	ihnen	_	_	_	
3-4	896-900	alle	_	_	_	
3-5	901-905	Tage	_	_	_	
3-6	906-910	rein	_	_	_	
3-7	911-920	auskehren	_	_	_	
3-8	920-921	/	_	_	_	
3-9	922-925	und	_	_	_	
3-10	926-929	das	_	_	_	
3-11	930-935	Fletz	_	_	_	
3-12	936-940	offt	_	_	_	
3-13	941-944	mit	_	_	_	
3-14	945-955	Wein-Eſſig	_	_	_	
3-15	956-967	beſpruͤtzen	_	_	_	
3-16	967-968	/	_	_	_	
3-17	969-972	und	_	_	_	
3-18	973-976	mit	_	_	_	
3-19	977-985	Lavendel	Smell\_Source	_	_	
3-20	985-986	/	_	_	_	
3-21	988-997	Spicanard	Smell\_Source	_	_	
3-22	997-998	/	_	_	_	
3-23	999-1007	Roſmarin	Smell\_Source	_	_	
3-24	1007-1008	/	_	_	_	
3-25	1009-1016	Quendel	Smell\_Source	_	_	
3-26	1017-1020	und	_	_	_	
3-27	1021-1032	dergleichen	_	_	_	
3-28	1033-1036	wol	Quality[2]	_	_	
3-29	1036-1037	-	Quality[2]	_	_	
3-30	1038-1048	riechenden	Quality[2]	_	_	
3-31	1049-1058	Kraͤutern	Smell\_Source	*|*|*|*|*	3-28[2_0]|3-19|3-21|3-23|3-25	
3-32	1059-1071	uͤberſtreuen	_	_	_	
3-33	1071-1072	/	_	_	_	
3-34	1073-1082	bißweilen	_	_	_	
3-35	1083-1087	auch	_	_	_	
3-36	1088-1091	von	_	_	_	
3-37	1092-1100	Weyrauch	_	_	_	
3-38	1100-1101	/	_	_	_	
3-39	1102-1109	Benjoin	_	_	_	
3-40	1109-1110	,	_	_	_	
3-41	1111-1117	Storax	_	_	_	
3-42	1117-1118	,	_	_	_	
3-43	1119-1122	und	_	_	_	
3-44	1123-1129	andern	_	_	_	
3-45	1130-1135	ihnen	_	_	_	
3-46	1136-1140	ange	_	_	_	
3-47	1140-1141	-	_	_	_	
3-48	1142-1148	nehmen	_	_	_	
3-49	1149-1156	Specien	_	_	_	
3-50	1157-1166	raͤuchern	_	_	_	
3-51	1166-1167	/	_	_	_	
3-52	1168-1171	die	_	_	_	
3-53	1172-1175	man	_	_	_	
3-54	1176-1179	auf	_	_	_	
3-55	1180-1185	einer	_	_	_	
3-56	1186-1190	Glut	_	_	_	
3-57	1191-1193	ma	_	_	_	
3-58	1193-1194	-	_	_	_	
3-59	1195-1199	chen	_	_	_	
3-60	1200-1205	ſolle	_	_	_	
3-61	1205-1206	/	_	_	_	
3-62	1207-1215	dardurch	_	_	_	
3-63	1216-1223	bleiben	_	_	_	
3-64	1224-1227	ſie	_	_	_	
3-65	1228-1231	bey	_	_	_	
3-66	1232-1237	gutem	_	_	_	
3-67	1238-1242	Luſt	_	_	_	
3-68	1242-1243	/	_	_	_	
3-69	1244-1247	und	_	_	_	
3-70	1248-1255	ſtaͤter	_	_	_	
3-71	1256-1266	Geſundheit	_	_	_	
3-72	1266-1267	/	_	_	_	
3-73	1268-1279	uͤberſtehen	_	_	_	
3-74	1280-1284	ihre	_	_	_	
3-75	1285-1297	Kranckheiten	_	_	_	
3-76	1298-1303	deſto	_	_	_	
3-77	1304-1312	leichtli	_	_	_	
3-78	1312-1313	-	_	_	_	
3-79	1315-1319	cher	_	_	_	
3-80	1319-1320	/	_	_	_	
3-81	1321-1324	und	_	_	_	
3-82	1325-1333	arbeiten	_	_	_	
3-83	1334-1339	deſto	_	_	_	
3-84	1340-1346	beſſer	_	_	_	
3-85	1346-1347	/	_	_	_	
3-86	1348-1357	freudiger	_	_	_	
3-87	1358-1361	und	_	_	_	
3-88	1362-1369	anhaͤbi	_	_	_	
3-89	1369-1370	-	_	_	_	
3-90	1371-1374	ger	_	_	_	
3-91	1374-1375	.	_	_	_	

#Text=Die Tafeln/ darauf ſie wohnen/ muß man offter-
#Text=mals ausſaͤubern und putzen/ und ſie nie zu lang auf ei-
#Text=nerley Bett liegen laſſen/ die man von vier zu vier Tagen
#Text=wechſeln mag/ und ſo offt ſie ihren Schlaff und Abſtreif-
#Text=fung der Haut geendet haben/ oder wann es anfaͤngt
#Text=warm zu werden.
4-1	1379-1382	Die	_	_	_	
4-2	1383-1389	Tafeln	_	_	_	
4-3	1389-1390	/	_	_	_	
4-4	1391-1397	darauf	_	_	_	
4-5	1398-1401	ſie	_	_	_	
4-6	1402-1408	wohnen	_	_	_	
4-7	1408-1409	/	_	_	_	
4-8	1410-1413	muß	_	_	_	
4-9	1414-1417	man	_	_	_	
4-10	1418-1424	offter	_	_	_	
4-11	1424-1425	-	_	_	_	
4-12	1426-1430	mals	_	_	_	
4-13	1431-1442	ausſaͤubern	_	_	_	
4-14	1443-1446	und	_	_	_	
4-15	1447-1453	putzen	_	_	_	
4-16	1453-1454	/	_	_	_	
4-17	1455-1458	und	_	_	_	
4-18	1459-1462	ſie	_	_	_	
4-19	1463-1466	nie	_	_	_	
4-20	1467-1469	zu	_	_	_	
4-21	1470-1474	lang	_	_	_	
4-22	1475-1478	auf	_	_	_	
4-23	1479-1481	ei	_	_	_	
4-24	1481-1482	-	_	_	_	
4-25	1483-1489	nerley	_	_	_	
4-26	1490-1494	Bett	_	_	_	
4-27	1495-1501	liegen	_	_	_	
4-28	1502-1508	laſſen	_	_	_	
4-29	1508-1509	/	_	_	_	
4-30	1510-1513	die	_	_	_	
4-31	1514-1517	man	_	_	_	
4-32	1518-1521	von	_	_	_	
4-33	1522-1526	vier	_	_	_	
4-34	1527-1529	zu	_	_	_	
4-35	1530-1534	vier	_	_	_	
4-36	1535-1540	Tagen	_	_	_	
4-37	1541-1549	wechſeln	_	_	_	
4-38	1550-1553	mag	_	_	_	
4-39	1553-1554	/	_	_	_	
4-40	1555-1558	und	_	_	_	
4-41	1559-1561	ſo	_	_	_	
4-42	1562-1566	offt	_	_	_	
4-43	1567-1570	ſie	_	_	_	
4-44	1571-1576	ihren	_	_	_	
4-45	1577-1584	Schlaff	_	_	_	
4-46	1585-1588	und	_	_	_	
4-47	1589-1597	Abſtreif	_	_	_	
4-48	1597-1598	-	_	_	_	
4-49	1599-1603	fung	_	_	_	
4-50	1604-1607	der	_	_	_	
4-51	1608-1612	Haut	_	_	_	
4-52	1613-1620	geendet	_	_	_	
4-53	1621-1626	haben	_	_	_	
4-54	1626-1627	/	_	_	_	
4-55	1628-1632	oder	_	_	_	
4-56	1633-1637	wann	_	_	_	
4-57	1638-1640	es	_	_	_	
4-58	1641-1649	anfaͤngt	_	_	_	
4-59	1650-1654	warm	_	_	_	
4-60	1655-1657	zu	_	_	_	
4-61	1658-1664	werden	_	_	_	
4-62	1664-1665	.	_	_	_	

#Text=Wañ unverſehens eine gaͤhe
#Text=Kaͤlte einbricht/ muß
#Text=man alle Fenſter und Thuͤren zuhalten/ und mit einem
#Text=Glut-Feuer inwendig an etlichen Orten in Bereitſchafft
#Text=ſtehen;
#Text=wañ die Wuͤrme ſtincken/
#Text=ſo von den Haͤutlein/
5-1	1668-1672	Wañ	_	_	_	
5-2	1673-1684	unverſehens	_	_	_	
5-3	1685-1689	eine	_	_	_	
5-4	1690-1695	gaͤhe	_	_	_	
5-5	1696-1702	Kaͤlte	_	_	_	
5-6	1703-1712	einbricht	_	_	_	
5-7	1712-1713	/	_	_	_	
5-8	1714-1717	muß	_	_	_	
5-9	1718-1721	man	_	_	_	
5-10	1722-1726	alle	_	_	_	
5-11	1727-1734	Fenſter	_	_	_	
5-12	1735-1738	und	_	_	_	
5-13	1739-1746	Thuͤren	_	_	_	
5-14	1747-1755	zuhalten	_	_	_	
5-15	1755-1756	/	_	_	_	
5-16	1757-1760	und	_	_	_	
5-17	1761-1764	mit	_	_	_	
5-18	1765-1770	einem	_	_	_	
5-19	1771-1781	Glut-Feuer	_	_	_	
5-20	1782-1790	inwendig	_	_	_	
5-21	1791-1793	an	_	_	_	
5-22	1794-1802	etlichen	_	_	_	
5-23	1803-1808	Orten	_	_	_	
5-24	1809-1811	in	_	_	_	
5-25	1812-1825	Bereitſchafft	_	_	_	
5-26	1826-1832	ſtehen	_	_	_	
5-27	1832-1833	;	_	_	_	
5-28	1834-1838	wañ	_	_	_	
5-29	1839-1842	die	_	_	_	
5-30	1843-1849	Wuͤrme	_	_	_	
5-31	1850-1858	ſtincken	_	_	_	
5-32	1858-1859	/	_	_	_	
5-33	1860-1862	ſo	_	_	_	
5-34	1863-1866	von	_	_	_	
5-35	1867-1870	den	_	_	_	
5-36	1871-1880	Haͤutlein	_	_	_	
5-37	1880-1881	/	_	_	_	
