#FORMAT=WebAnno TSV 3.3


#Text=7 Ab increpatione tua, Deus Jacob, dormitaverunt qui ascenderunt equos.
#Text=8 Tu terribilis es ; et quis resistet tibi ?
1-1	2-3	7	
1-2	4-6	Ab	
1-3	7-19	increpatione	
1-4	20-23	tua	
1-5	23-24	,	
1-6	25-29	Deus	
1-7	30-35	Jacob	
1-8	35-36	,	
1-9	37-50	dormitaverunt	
1-10	51-54	qui	
1-11	55-66	ascenderunt	
1-12	67-72	equos	
1-13	72-73	.	
1-14	74-75	8	
1-15	76-78	Tu	
1-16	79-89	terribilis	
1-17	90-92	es	
1-18	93-94	;	
1-19	95-97	et	
1-20	98-102	quis	
1-21	103-111	resistet	
1-22	112-116	tibi	
1-23	117-118	?	

#Text=ex tunc ira tua.
#Text=9 De cælo auditum fecisti judicium : terra tremuit et quievit 10 cum exsurgeret in judicium Deus, ut salvos faceret omnes mansuetos terræ.
#Text=11 Quoniam cogitatio hominis confitebitur tibi, et reliquiæ cogitationis diem festum agent tibi.
#Text=12 Vovete et reddite Domino Deo vestro, omnes qui in circuitu ejus affertis munera : terribili, 13 et ei qui aufert spiritum principum : terribili apud reges terræ.
2-1	119-121	ex	
2-2	122-126	tunc	
2-3	127-130	ira	
2-4	131-134	tua	
2-5	134-135	.	
2-6	136-137	9	
2-7	138-140	De	
2-8	141-145	cælo	
2-9	146-153	auditum	
2-10	154-161	fecisti	
2-11	162-170	judicium	
2-12	171-172	:	
2-13	173-178	terra	
2-14	179-186	tremuit	
2-15	187-189	et	
2-16	190-197	quievit	
2-17	198-200	10	
2-18	201-204	cum	
2-19	205-215	exsurgeret	
2-20	216-218	in	
2-21	219-227	judicium	
2-22	228-232	Deus	
2-23	232-233	,	
2-24	234-236	ut	
2-25	237-243	salvos	
2-26	244-251	faceret	
2-27	252-257	omnes	
2-28	258-267	mansuetos	
2-29	268-273	terræ	
2-30	273-274	.	
2-31	275-277	11	
2-32	278-285	Quoniam	
2-33	286-295	cogitatio	
2-34	296-303	hominis	
2-35	304-316	confitebitur	
2-36	317-321	tibi	
2-37	321-322	,	
2-38	323-325	et	
2-39	326-334	reliquiæ	
2-40	335-347	cogitationis	
2-41	348-352	diem	
2-42	353-359	festum	
2-43	360-365	agent	
2-44	366-370	tibi	
2-45	370-371	.	
2-46	372-374	12	
2-47	375-381	Vovete	
2-48	382-384	et	
2-49	385-392	reddite	
2-50	393-399	Domino	
2-51	400-403	Deo	
2-52	404-410	vestro	
2-53	410-411	,	
2-54	412-417	omnes	
2-55	418-421	qui	
2-56	422-424	in	
2-57	425-433	circuitu	
2-58	434-438	ejus	
2-59	439-447	affertis	
2-60	448-454	munera	
2-61	455-456	:	
2-62	457-466	terribili	
2-63	466-467	,	
2-64	468-470	13	
2-65	471-473	et	
2-66	474-476	ei	
2-67	477-480	qui	
2-68	481-487	aufert	
2-69	488-496	spiritum	
2-70	497-506	principum	
2-71	507-508	:	
2-72	509-518	terribili	
2-73	519-523	apud	
2-74	524-529	reges	
2-75	530-535	terræ	
2-76	535-536	.	

#Text=Caput 76
#Text=
#Text=
#Text=1 In finem, pro Idithun.
3-1	537-542	Caput	
3-2	543-545	76	
3-3	548-549	1	
3-4	550-552	In	
3-5	553-558	finem	
3-6	558-559	,	
3-7	560-563	pro	
3-8	564-571	Idithun	
3-9	571-572	.	

#Text=Psalmus Asaph.
#Text=2 Voce mea ad Dominum clamavi ; voce mea ad Deum, et intendit mihi.
#Text=3 In die tribulationis meæ Deum exquisivi ; manibus meis nocte contra eum, et non sum deceptus.
4-1	573-580	Psalmus	
4-2	581-586	Asaph	
4-3	586-587	.	
4-4	588-589	2	
4-5	590-594	Voce	
4-6	595-598	mea	
4-7	599-601	ad	
4-8	602-609	Dominum	
4-9	610-617	clamavi	
4-10	618-619	;	
4-11	620-624	voce	
4-12	625-628	mea	
4-13	629-631	ad	
4-14	632-636	Deum	
4-15	636-637	,	
4-16	638-640	et	
4-17	641-649	intendit	
4-18	650-654	mihi	
4-19	654-655	.	
4-20	656-657	3	
4-21	658-660	In	
4-22	661-664	die	
4-23	665-678	tribulationis	
4-24	679-682	meæ	
4-25	683-687	Deum	
4-26	688-697	exquisivi	
4-27	698-699	;	
4-28	700-707	manibus	
4-29	708-712	meis	
4-30	713-718	nocte	
4-31	719-725	contra	
4-32	726-729	eum	
4-33	729-730	,	
4-34	731-733	et	
4-35	734-737	non	
4-36	738-741	sum	
4-37	742-750	deceptus	
4-38	750-751	.	

#Text=Renuit consolari anima mea ; 4 memor fui Dei, et delectatus sum, et exercitatus sum, et defecit spiritus meus.
#Text=5 Anticipaverunt vigilias oculi mei ; turbatus sum, et non sum locutus.
#Text=6 Cogitavi dies antiquos, et annos æternos in mente habui.
#Text=7 Et meditatus sum nocte cum corde meo, et exercitabar, et scopebam spiritum meum.
#Text=8 Numquid in æternum projiciet Deus ?
5-1	752-758	Renuit	
5-2	759-768	consolari	
5-3	769-774	anima	
5-4	775-778	mea	
5-5	779-780	;	
5-6	781-782	4	
5-7	783-788	memor	
5-8	789-792	fui	
5-9	793-796	Dei	
5-10	796-797	,	
5-11	798-800	et	
5-12	801-811	delectatus	
5-13	812-815	sum	
5-14	815-816	,	
5-15	817-819	et	
5-16	820-831	exercitatus	
5-17	832-835	sum	
5-18	835-836	,	
5-19	837-839	et	
5-20	840-847	defecit	
5-21	848-856	spiritus	
5-22	857-861	meus	
5-23	861-862	.	
5-24	863-864	5	
5-25	865-879	Anticipaverunt	
5-26	880-888	vigilias	
5-27	889-894	oculi	
5-28	895-898	mei	
5-29	899-900	;	
5-30	901-909	turbatus	
5-31	910-913	sum	
5-32	913-914	,	
5-33	915-917	et	
5-34	918-921	non	
5-35	922-925	sum	
5-36	926-933	locutus	
5-37	933-934	.	
5-38	935-936	6	
5-39	937-945	Cogitavi	
5-40	946-950	dies	
5-41	951-959	antiquos	
5-42	959-960	,	
5-43	961-963	et	
5-44	964-969	annos	
5-45	970-977	æternos	
5-46	978-980	in	
5-47	981-986	mente	
5-48	987-992	habui	
5-49	992-993	.	
5-50	994-995	7	
5-51	996-998	Et	
5-52	999-1008	meditatus	
5-53	1009-1012	sum	
5-54	1013-1018	nocte	
5-55	1019-1022	cum	
5-56	1023-1028	corde	
5-57	1029-1032	meo	
5-58	1032-1033	,	
5-59	1034-1036	et	
5-60	1037-1048	exercitabar	
5-61	1048-1049	,	
5-62	1050-1052	et	
5-63	1053-1061	scopebam	
5-64	1062-1070	spiritum	
5-65	1071-1075	meum	
5-66	1075-1076	.	
5-67	1077-1078	8	
5-68	1079-1086	Numquid	
5-69	1087-1089	in	
5-70	1090-1097	æternum	
5-71	1098-1107	projiciet	
5-72	1108-1112	Deus	
5-73	1113-1114	?	

#Text=aut non apponet ut complacitior sit adhuc ?
6-1	1115-1118	aut	
6-2	1119-1122	non	
6-3	1123-1130	apponet	
6-4	1131-1133	ut	
6-5	1134-1146	complacitior	
6-6	1147-1150	sit	
6-7	1151-1156	adhuc	
6-8	1157-1158	?	

#Text=9 aut in finem misericordiam suam abscindet, a generatione in generationem ?
7-1	1159-1160	9	
7-2	1161-1164	aut	
7-3	1165-1167	in	
7-4	1168-1173	finem	
7-5	1174-1187	misericordiam	
7-6	1188-1192	suam	
7-7	1193-1202	abscindet	
7-8	1202-1203	,	
7-9	1204-1205	a	
7-10	1206-1217	generatione	
7-11	1218-1220	in	
7-12	1221-1233	generationem	
7-13	1234-1235	?	

#Text=10 aut obliviscetur misereri Deus ?
8-1	1236-1238	10	
8-2	1239-1242	aut	
8-3	1243-1255	obliviscetur	
8-4	1256-1264	misereri	
8-5	1265-1269	Deus	
8-6	1270-1271	?	

#Text=aut continebit in ira sua misericordias suas ?
9-1	1272-1275	aut	
9-2	1276-1286	continebit	
9-3	1287-1289	in	
9-4	1290-1293	ira	
9-5	1294-1297	sua	
9-6	1298-1311	misericordias	
9-7	1312-1316	suas	
9-8	1317-1318	?	

#Text=11 Et dixi : Nunc cœpi ; hæc mutatio dexteræ Excelsi.
10-1	1319-1321	11	
10-2	1322-1324	Et	
10-3	1325-1329	dixi	
10-4	1330-1331	:	
10-5	1332-1336	Nunc	
10-6	1337-1341	cœpi	
10-7	1342-1343	;	
10-8	1344-1347	hæc	
10-9	1348-1355	mutatio	
10-10	1356-1363	dexteræ	
10-11	1364-1371	Excelsi	
10-12	1371-1372	.	
