#FORMAT=WebAnno TSV 3.3


#Text=Spruitjens van Munte
#Text=gedronken, met Sap van zure Granaat, stilt den Hik, Braking
#Text=en Gal-buikloop; zy is uitstekend om hun den Reuk te herstellen, die hem verloren
#Text=hebben, als men haar dikwils onder de Neus houdt; haar blad gedroogd en tot een
#Text=Poeijer gemaakt, met witten
#Text=Wyn gedronken, doet de Wormen by kinderen sterven.
1-1	2-12	Spruitjens	
1-2	13-16	van	
1-3	17-22	Munte	
1-4	23-32	gedronken	
1-5	32-33	,	
1-6	34-37	met	
1-7	38-41	Sap	
1-8	42-45	van	
1-9	46-50	zure	
1-10	51-58	Granaat	
1-11	58-59	,	
1-12	60-65	stilt	
1-13	66-69	den	
1-14	70-73	Hik	
1-15	73-74	,	
1-16	75-82	Braking	
1-17	83-85	en	
1-18	86-98	Gal-buikloop	
1-19	98-99	;	
1-20	100-102	zy	
1-21	103-105	is	
1-22	106-116	uitstekend	
1-23	117-119	om	
1-24	120-123	hun	
1-25	124-127	den	
1-26	128-132	Reuk	
1-27	133-135	te	
1-28	136-146	herstellen	
1-29	146-147	,	
1-30	148-151	die	
1-31	152-155	hem	
1-32	156-164	verloren	
1-33	165-171	hebben	
1-34	171-172	,	
1-35	173-176	als	
1-36	177-180	men	
1-37	181-185	haar	
1-38	186-193	dikwils	
1-39	194-199	onder	
1-40	200-202	de	
1-41	203-207	Neus	
1-42	208-213	houdt	
1-43	213-214	;	
1-44	215-219	haar	
1-45	220-224	blad	
1-46	225-233	gedroogd	
1-47	234-236	en	
1-48	237-240	tot	
1-49	241-244	een	
1-50	245-252	Poeijer	
1-51	253-260	gemaakt	
1-52	260-261	,	
1-53	262-265	met	
1-54	266-272	witten	
1-55	273-276	Wyn	
1-56	277-286	gedronken	
1-57	286-287	,	
1-58	288-292	doet	
1-59	293-295	de	
1-60	296-302	Wormen	
1-61	303-305	by	
1-62	306-314	kinderen	
1-63	315-322	sterven	
1-64	322-323	.	

#Text=Die veel van Melk houden, en ze echter niet kunnen verdragen, moeten aanstonds,
#Text=na dat zy de zelve gegeten hebben, enige bladeren van Munte knauwen
#Text=, om te beletten
#Text=dat de Melk in de Maag niet schifte; want de Munte heeft die kracht, om te maken
#Text=
#Text=dat de Melk niet tot een loopt; zelfs om de Kaas voor het bederf en verrotting te
#Text=bewaren, als men ze met het Sap, of Afkookzel van Munte besproeit.
2-1	326-329	Die	
2-2	330-334	veel	
2-3	335-338	van	
2-4	339-343	Melk	
2-5	344-350	houden	
2-6	350-351	,	
2-7	352-354	en	
2-8	355-357	ze	
2-9	358-364	echter	
2-10	365-369	niet	
2-11	370-376	kunnen	
2-12	377-386	verdragen	
2-13	386-387	,	
2-14	388-394	moeten	
2-15	395-404	aanstonds	
2-16	404-405	,	
2-17	406-408	na	
2-18	409-412	dat	
2-19	413-415	zy	
2-20	416-418	de	
2-21	419-424	zelve	
2-22	425-432	gegeten	
2-23	433-439	hebben	
2-24	439-440	,	
2-25	441-446	enige	
2-26	447-455	bladeren	
2-27	456-459	van	
2-28	460-465	Munte	
2-29	466-473	knauwen	
2-30	474-475	,	
2-31	476-478	om	
2-32	479-481	te	
2-33	482-490	beletten	
2-34	491-494	dat	
2-35	495-497	de	
2-36	498-502	Melk	
2-37	503-505	in	
2-38	506-508	de	
2-39	509-513	Maag	
2-40	514-518	niet	
2-41	519-526	schifte	
2-42	526-527	;	
2-43	528-532	want	
2-44	533-535	de	
2-45	536-541	Munte	
2-46	542-547	heeft	
2-47	548-551	die	
2-48	552-558	kracht	
2-49	558-559	,	
2-50	560-562	om	
2-51	563-565	te	
2-52	566-571	maken	
2-53	573-576	dat	
2-54	577-579	de	
2-55	580-584	Melk	
2-56	585-589	niet	
2-57	590-593	tot	
2-58	594-597	een	
2-59	598-603	loopt	
2-60	603-604	;	
2-61	605-610	zelfs	
2-62	611-613	om	
2-63	614-616	de	
2-64	617-621	Kaas	
2-65	622-626	voor	
2-66	627-630	het	
2-67	631-637	bederf	
2-68	638-640	en	
2-69	641-651	verrotting	
2-70	652-654	te	
2-71	655-662	bewaren	
2-72	662-663	,	
2-73	664-667	als	
2-74	668-671	men	
2-75	672-674	ze	
2-76	675-678	met	
2-77	679-682	het	
2-78	683-686	Sap	
2-79	686-687	,	
2-80	688-690	of	
2-81	691-700	Afkookzel	
2-82	701-704	van	
2-83	705-710	Munte	
2-84	711-720	besproeit	
2-85	720-721	.	

#Text=Eindelyk stilt
#Text=de Munte ook de koude Hoofdpyn, als men ze op het Voorhoofd bindt.
3-1	722-730	Eindelyk	
3-2	731-736	stilt	
3-3	737-739	de	
3-4	740-745	Munte	
3-5	746-749	ook	
3-6	750-752	de	
3-7	753-758	koude	
3-8	759-767	Hoofdpyn	
3-9	767-768	,	
3-10	769-772	als	
3-11	773-776	men	
3-12	777-779	ze	
3-13	780-782	op	
3-14	783-786	het	
3-15	787-796	Voorhoofd	
3-16	797-802	bindt	
3-17	802-803	.	

#Text=Siroop van
#Text=Kruize Munt.
4-1	804-810	Siroop	
4-2	811-814	van	
4-3	815-821	Kruize	
4-4	822-826	Munt	
4-5	826-827	.	

#Text=Zie siroop.
5-1	828-831	Zie	
5-2	832-838	siroop	
5-3	838-839	.	

#Text=krygsraad houden is een Kunstwoord der Jageren, waar mede zy betekenen, dat de
#Text=Brakken, het Spoor hebbende opgedaan, de lugt daar van zo sterk vinden, dat zy by
#Text=een loopen, de neuzen by den anderen steken en snuffelen.
6-1	841-850	krygsraad	
6-2	851-857	houden	
6-3	858-860	is	
6-4	861-864	een	
6-5	865-875	Kunstwoord	
6-6	876-879	der	
6-7	880-887	Jageren	
6-8	887-888	,	
6-9	889-893	waar	
6-10	894-898	mede	
6-11	899-901	zy	
6-12	902-911	betekenen	
6-13	911-912	,	
6-14	913-916	dat	
6-15	917-919	de	
6-16	920-927	Brakken	
6-17	927-928	,	
6-18	929-932	het	
6-19	933-938	Spoor	
6-20	939-947	hebbende	
6-21	948-956	opgedaan	
6-22	956-957	,	
6-23	958-960	de	
6-24	961-965	lugt	
6-25	966-970	daar	
6-26	971-974	van	
6-27	975-977	zo	
6-28	978-983	sterk	
6-29	984-990	vinden	
6-30	990-991	,	
6-31	992-995	dat	
6-32	996-998	zy	
6-33	999-1001	by	
6-34	1002-1005	een	
6-35	1006-1012	loopen	
6-36	1012-1013	,	
6-37	1014-1016	de	
6-38	1017-1023	neuzen	
6-39	1024-1026	by	
6-40	1027-1030	den	
6-41	1031-1038	anderen	
6-42	1039-1045	steken	
6-43	1046-1048	en	
6-44	1049-1058	snuffelen	
6-45	1058-1059	.	

#Text=kuddeboter;
#Text=is een woord van de keuken, en betekent het vet van Varkens-reuzel
#Text=gesmolten.
7-1	1061-1071	kuddeboter	
7-2	1071-1072	;	
7-3	1073-1075	is	
7-4	1076-1079	een	
7-5	1080-1085	woord	
7-6	1086-1089	van	
7-7	1090-1092	de	
7-8	1093-1099	keuken	
7-9	1099-1100	,	
7-10	1101-1103	en	
7-11	1104-1112	betekent	
7-12	1113-1116	het	
7-13	1117-1120	vet	
7-14	1121-1124	van	
7-15	1125-1139	Varkens-reuzel	
7-16	1140-1149	gesmolten	
7-17	1149-1150	.	

#Text=M.
8-1	1153-1154	M	
8-2	1154-1155	.	

#Text=Noel Chomel, Huishoudelyk woordboek
#Text=
#Text=\f461
#Text=
#Text=Om dit lang te bewaren, moet men’er, als men het gesmolten heeft, op drie pond
#Text=ontrent
#Text=een half pond
#Text=Verjuis onder smelten, en laten koken.
9-1	1156-1160	Noel	
9-2	1161-1167	Chomel	
9-3	1167-1168	,	
9-4	1169-1181	Huishoudelyk	
9-5	1182-1191	woordboek	
9-6	1194-1197	461	
9-7	1199-1201	Om	
9-8	1202-1205	dit	
9-9	1206-1210	lang	
9-10	1211-1213	te	
9-11	1214-1221	bewaren	
9-12	1221-1222	,	
9-13	1223-1227	moet	
9-14	1228-1231	men	
9-15	1231-1232	’	
9-16	1232-1234	er	
9-17	1234-1235	,	
9-18	1236-1239	als	
9-19	1240-1243	men	
9-20	1244-1247	het	
9-21	1248-1257	gesmolten	
9-22	1258-1263	heeft	
9-23	1263-1264	,	
9-24	1265-1267	op	
9-25	1268-1272	drie	
9-26	1273-1277	pond	
9-27	1278-1285	ontrent	
9-28	1286-1289	een	
9-29	1290-1294	half	
9-30	1295-1299	pond	
9-31	1300-1307	Verjuis	
9-32	1308-1313	onder	
9-33	1314-1321	smelten	
9-34	1321-1322	,	
9-35	1323-1325	en	
9-36	1326-1331	laten	
9-37	1332-1337	koken	
9-38	1337-1338	.	

#Text=Als men de Pomade dus bereidt, kan men ze lang bewaren.
10-1	1341-1344	Als	
10-2	1345-1348	men	
10-3	1349-1351	de	
10-4	1352-1358	Pomade	
10-5	1359-1362	dus	
10-6	1363-1370	bereidt	
10-7	1370-1371	,	
10-8	1372-1375	kan	
10-9	1376-1379	men	
10-10	1380-1382	ze	
10-11	1383-1387	lang	
10-12	1388-1395	bewaren	
10-13	1395-1396	.	

#Text=Zie varken.
11-1	1397-1400	Zie	
11-2	1401-1407	varken	
11-3	1407-1408	.	
