#FORMAT=WebAnno TSV 3.3


#Text=dies gavenwe ten antwoordt:
#Text=was t 
#Text=een gemeene Visch, had men er beter hoop toe, maar nu men ziet hoe groot en 
#Text=ongemeen hoog hy allenks gereezen is, waar tegen onze kleine magt krachteloos
#Text=word bevonden, wat geweld daar aan reeds geoeffent is, niet tegenstaande de Visch 
#Text=zich echter weinig roert;
#Text=derhalven de zelve voor den boeg hebbende, zorgenwe, zal 
#Text=t vergeefsche moeite zyn, en t zal echter aan onze magt ontbreeken;
#Text=maar zeiden 
#Text=we, op ons woord;
#Text=volg onzen order, en t zal wel gaan.
1-1	0-4	dies	
1-2	5-12	gavenwe	
1-3	13-16	ten	
1-4	17-26	antwoordt	
1-5	26-27	:	
1-6	28-31	was	
1-7	32-33	t	
1-8	35-38	een	
1-9	39-46	gemeene	
1-10	47-52	Visch	
1-11	52-53	,	
1-12	54-57	had	
1-13	58-61	men	
1-14	62-64	er	
1-15	65-70	beter	
1-16	71-75	hoop	
1-17	76-79	toe	
1-18	79-80	,	
1-19	81-85	maar	
1-20	86-88	nu	
1-21	89-92	men	
1-22	93-97	ziet	
1-23	98-101	hoe	
1-24	102-107	groot	
1-25	108-110	en	
1-26	112-120	ongemeen	
1-27	121-125	hoog	
1-28	126-128	hy	
1-29	129-136	allenks	
1-30	137-145	gereezen	
1-31	146-148	is	
1-32	148-149	,	
1-33	150-154	waar	
1-34	155-160	tegen	
1-35	161-165	onze	
1-36	166-172	kleine	
1-37	173-177	magt	
1-38	178-189	krachteloos	
1-39	190-194	word	
1-40	195-203	bevonden	
1-41	203-204	,	
1-42	205-208	wat	
1-43	209-215	geweld	
1-44	216-220	daar	
1-45	221-224	aan	
1-46	225-230	reeds	
1-47	231-240	geoeffent	
1-48	241-243	is	
1-49	243-244	,	
1-50	245-249	niet	
1-51	250-262	tegenstaande	
1-52	263-265	de	
1-53	266-271	Visch	
1-54	273-277	zich	
1-55	278-284	echter	
1-56	285-291	weinig	
1-57	292-297	roert	
1-58	297-298	;	
1-59	299-308	derhalven	
1-60	309-311	de	
1-61	312-317	zelve	
1-62	318-322	voor	
1-63	323-326	den	
1-64	327-331	boeg	
1-65	332-340	hebbende	
1-66	340-341	,	
1-67	342-350	zorgenwe	
1-68	350-351	,	
1-69	352-355	zal	
1-70	357-358	t	
1-71	359-370	vergeefsche	
1-72	371-377	moeite	
1-73	378-381	zyn	
1-74	381-382	,	
1-75	383-385	en	
1-76	386-387	t	
1-77	388-391	zal	
1-78	392-398	echter	
1-79	399-402	aan	
1-80	403-407	onze	
1-81	408-412	magt	
1-82	413-423	ontbreeken	
1-83	423-424	;	
1-84	425-429	maar	
1-85	430-436	zeiden	
1-86	438-440	we	
1-87	440-441	,	
1-88	442-444	op	
1-89	445-448	ons	
1-90	449-454	woord	
1-91	454-455	;	
1-92	456-460	volg	
1-93	461-466	onzen	
1-94	467-472	order	
1-95	472-473	,	
1-96	474-476	en	
1-97	477-478	t	
1-98	479-482	zal	
1-99	483-486	wel	
1-100	487-491	gaan	
1-101	491-492	.	

#Text=Dus lieten zy zich dan 
#Text=gezeggen, en zeiden:
#Text=volgens uw last zullen wy t doen; doch zy scheenen noch 
#Text=twyfelmoedig te zyn, denkende baat het niet, t kan immer niet schaden.
#Text=+ Naauwlyks 
#Text=was er dan eenige opening gemaakt, of de windt quam er met groote kracht
#Text=
#Text=
#Text=
#Text=
#Text=
#Text=
#Text=
#Text=
#Text=
#Text=
#Text=
#Text=
#Text=
#Text=
#Text=
#Text=
#Text=
#Text=
#Text=+
#Text=Die hem gelukt, en de
#Text=
#Text=
#Text=uitbarsten, zulks dat ook t gedarmte
#Text=door de zuiging van dien, het gemaakte gat 
#Text=verstopte, dies lietenwe noch andere gaaten maaken, het oude gat vergrooten en 
#Text=van t gedarmte zuiveren,
#Text=
#Text=
#Text=geduchte zwaarighit in t
#Text=kenteren te boven komt.
2-1	493-496	Dus	
2-2	497-503	lieten	
2-3	504-506	zy	
2-4	507-511	zich	
2-5	512-515	dan	
2-6	517-525	gezeggen	
2-7	525-526	,	
2-8	527-529	en	
2-9	530-536	zeiden	
2-10	536-537	:	
2-11	538-545	volgens	
2-12	546-548	uw	
2-13	549-553	last	
2-14	554-560	zullen	
2-15	561-563	wy	
2-16	564-565	t	
2-17	566-570	doen	
2-18	570-571	;	
2-19	572-576	doch	
2-20	577-579	zy	
2-21	580-588	scheenen	
2-22	589-593	noch	
2-23	595-607	twyfelmoedig	
2-24	608-610	te	
2-25	611-614	zyn	
2-26	614-615	,	
2-27	616-624	denkende	
2-28	625-629	baat	
2-29	630-633	het	
2-30	634-638	niet	
2-31	638-639	,	
2-32	640-641	t	
2-33	642-645	kan	
2-34	646-651	immer	
2-35	652-656	niet	
2-36	657-664	schaden	
2-37	664-665	.	
2-38	666-667	+	
2-39	668-677	Naauwlyks	
2-40	679-682	was	
2-41	683-685	er	
2-42	686-689	dan	
2-43	690-696	eenige	
2-44	697-704	opening	
2-45	705-712	gemaakt	
2-46	712-713	,	
2-47	714-716	of	
2-48	717-719	de	
2-49	720-725	windt	
2-50	726-730	quam	
2-51	731-733	er	
2-52	734-737	met	
2-53	738-744	groote	
2-54	745-751	kracht	
2-55	770-771	+	
2-56	772-775	Die	
2-57	776-779	hem	
2-58	780-786	gelukt	
2-59	786-787	,	
2-60	788-790	en	
2-61	791-793	de	
2-62	796-806	uitbarsten	
2-63	806-807	,	
2-64	808-813	zulks	
2-65	814-817	dat	
2-66	818-821	ook	
2-67	822-823	t	
2-68	824-832	gedarmte	
2-69	833-837	door	
2-70	838-840	de	
2-71	841-848	zuiging	
2-72	849-852	van	
2-73	853-857	dien	
2-74	857-858	,	
2-75	859-862	het	
2-76	863-871	gemaakte	
2-77	872-875	gat	
2-78	877-886	verstopte	
2-79	886-887	,	
2-80	888-892	dies	
2-81	893-901	lietenwe	
2-82	902-906	noch	
2-83	907-913	andere	
2-84	914-920	gaaten	
2-85	921-927	maaken	
2-86	927-928	,	
2-87	929-932	het	
2-88	933-937	oude	
2-89	938-941	gat	
2-90	942-952	vergrooten	
2-91	953-955	en	
2-92	957-960	van	
2-93	961-962	t	
2-94	963-971	gedarmte	
2-95	972-980	zuiveren	
2-96	980-981	,	
2-97	984-992	geduchte	
2-98	993-1003	zwaarighit	
2-99	1004-1006	in	
2-100	1007-1008	t	
2-101	1009-1017	kenteren	
2-102	1018-1020	te	
2-103	1021-1026	boven	
2-104	1027-1031	komt	
2-105	1031-1032	.	

#Text=waar door eerlang de lucht of windt en te gelyk al ons belet vervloog;
#Text=de Visch viel 
#Text=in, en verslenkte gelyk een lekke blaas;
#Text=de overhellende Buis liep van zelfs meest
#Text=recht, terwyl insgelyks de Visch zoo verre van zelfs op de reeds styf gespannen 
#Text=snaaren begon te kenteren, zulks hy voorts zeer gemaklyk t eenemaal gekentert 
#Text=wierd.
3-1	1040-1044	waar	
3-2	1045-1049	door	
3-3	1050-1057	eerlang	
3-4	1058-1060	de	
3-5	1061-1066	lucht	
3-6	1067-1069	of	
3-7	1070-1075	windt	
3-8	1076-1078	en	
3-9	1079-1081	te	
3-10	1082-1087	gelyk	
3-11	1088-1090	al	
3-12	1091-1094	ons	
3-13	1095-1100	belet	
3-14	1101-1109	vervloog	
3-15	1109-1110	;	
3-16	1111-1113	de	
3-17	1114-1119	Visch	
3-18	1120-1124	viel	
3-19	1126-1128	in	
3-20	1128-1129	,	
3-21	1130-1132	en	
3-22	1133-1143	verslenkte	
3-23	1144-1149	gelyk	
3-24	1150-1153	een	
3-25	1154-1159	lekke	
3-26	1160-1165	blaas	
3-27	1165-1166	;	
3-28	1167-1169	de	
3-29	1170-1182	overhellende	
3-30	1183-1187	Buis	
3-31	1188-1192	liep	
3-32	1193-1196	van	
3-33	1197-1202	zelfs	
3-34	1203-1208	meest	
3-35	1209-1214	recht	
3-36	1214-1215	,	
3-37	1216-1222	terwyl	
3-38	1223-1232	insgelyks	
3-39	1233-1235	de	
3-40	1236-1241	Visch	
3-41	1242-1245	zoo	
3-42	1246-1251	verre	
3-43	1252-1255	van	
3-44	1256-1261	zelfs	
3-45	1262-1264	op	
3-46	1265-1267	de	
3-47	1268-1273	reeds	
3-48	1274-1278	styf	
3-49	1279-1288	gespannen	
3-50	1290-1297	snaaren	
3-51	1298-1303	begon	
3-52	1304-1306	te	
3-53	1307-1315	kenteren	
3-54	1315-1316	,	
3-55	1317-1322	zulks	
3-56	1323-1325	hy	
3-57	1326-1332	voorts	
3-58	1333-1337	zeer	
3-59	1338-1346	gemaklyk	
3-60	1347-1348	t	
3-61	1349-1357	eenemaal	
3-62	1358-1367	gekentert	
3-63	1369-1374	wierd	
3-64	1374-1375	.	

#Text=Dit hebbenwe alleen wat omstandig verhaalt, ten einde kleine Scheepjes die zwak 
#Text=bemant zyn, zich in diergelyke gevallen, wiskunstig hier van zouden bedienen konnen.
4-1	1380-1383	Dit	
4-2	1384-1392	hebbenwe	
4-3	1393-1399	alleen	
4-4	1400-1403	wat	
4-5	1404-1413	omstandig	
4-6	1414-1422	verhaalt	
4-7	1422-1423	,	
4-8	1424-1427	ten	
4-9	1428-1433	einde	
4-10	1434-1440	kleine	
4-11	1441-1450	Scheepjes	
4-12	1451-1454	die	
4-13	1455-1459	zwak	
4-14	1461-1467	bemant	
4-15	1468-1471	zyn	
4-16	1471-1472	,	
4-17	1473-1477	zich	
4-18	1478-1480	in	
4-19	1481-1491	diergelyke	
4-20	1492-1500	gevallen	
4-21	1500-1501	,	
4-22	1502-1512	wiskunstig	
4-23	1513-1517	hier	
4-24	1518-1521	van	
4-25	1522-1528	zouden	
4-26	1529-1537	bedienen	
4-27	1538-1544	konnen	
4-28	1544-1545	.	

#Text=Maar om nu ter zaak te komen;
#Text=wat de Visschery van de Eilandsche Walvisch 
#Text=aanbelangt, waar van alreeds zyne plaats van deeze der Noortkapers onderscheiden
#Text=
#Text=is: maar noch niet t eenemaal bepaalt;
#Text=of men nu deeze gelyk die van de Noortkaper 
#Text=bepaalen kan, zullenwe in t vervolg onderzoeken.
5-1	1550-1554	Maar	
5-2	1555-1557	om	
5-3	1558-1560	nu	
5-4	1561-1564	ter	
5-5	1565-1569	zaak	
5-6	1570-1572	te	
5-7	1573-1578	komen	
5-8	1578-1579	;	
5-9	1580-1583	wat	
5-10	1584-1586	de	
5-11	1587-1596	Visschery	
5-12	1597-1600	van	
5-13	1601-1603	de	
5-14	1604-1614	Eilandsche	
5-15	1615-1623	Walvisch	
5-16	1625-1635	aanbelangt	
5-17	1635-1636	,	
5-18	1637-1641	waar	
5-19	1642-1645	van	
5-20	1646-1653	alreeds	
5-21	1654-1658	zyne	
5-22	1659-1665	plaats	
5-23	1666-1669	van	
5-24	1670-1675	deeze	
5-25	1676-1679	der	
5-26	1680-1691	Noortkapers	
5-27	1692-1705	onderscheiden	
5-28	1707-1709	is	
5-29	1709-1710	:	
5-30	1711-1715	maar	
5-31	1716-1720	noch	
5-32	1721-1725	niet	
5-33	1726-1727	t	
5-34	1728-1736	eenemaal	
5-35	1737-1744	bepaalt	
5-36	1744-1745	;	
5-37	1746-1748	of	
5-38	1749-1752	men	
5-39	1753-1755	nu	
5-40	1756-1761	deeze	
5-41	1762-1767	gelyk	
5-42	1768-1771	die	
5-43	1772-1775	van	
5-44	1776-1778	de	
5-45	1779-1789	Noortkaper	
5-46	1791-1799	bepaalen	
5-47	1800-1803	kan	
5-48	1803-1804	,	
5-49	1805-1813	zullenwe	
5-50	1814-1816	in	
5-51	1817-1818	t	
5-52	1819-1826	vervolg	
5-53	1827-1838	onderzoeken	
5-54	1838-1839	.	
