#FORMAT=WebAnno TSV 3.3


#Text=binnen boort haalde, en de gaaten toe maakte.
1-1	5-11	binnen	
1-2	12-17	boort	
1-3	18-24	haalde	
1-4	24-25	,	
1-5	26-28	en	
1-6	29-31	de	
1-7	32-38	gaaten	
1-8	39-42	toe	
1-9	43-49	maakte	
1-10	49-50	.	

#Text=Ondertusschen was de L.
2-1	51-64	Ondertusschen	
2-2	65-68	was	
2-3	69-71	de	
2-4	72-73	L	
2-5	73-74	.	

#Text=Admiraal 
#Text=de Ruiter met zyn schip, 't welk nu weer wat gereddert was, by de vloot gekoomen, 
#Text=en van Nes nam de wimpel wer in, die de Ruiter wer straks liet waaijen.
3-1	75-83	Admiraal	
3-2	85-87	de	
3-3	88-94	Ruiter	
3-4	95-98	met	
3-5	99-102	zyn	
3-6	103-108	schip	
3-7	108-109	,	
3-8	110-111	'	
3-9	111-112	t	
3-10	113-117	welk	
3-11	118-120	nu	
3-12	121-125	weer	
3-13	126-129	wat	
3-14	130-139	gereddert	
3-15	140-143	was	
3-16	143-144	,	
3-17	145-147	by	
3-18	148-150	de	
3-19	151-156	vloot	
3-20	157-165	gekoomen	
3-21	165-166	,	
3-22	168-170	en	
3-23	171-174	van	
3-24	175-178	Nes	
3-25	179-182	nam	
3-26	183-185	de	
3-27	186-192	wimpel	
3-28	193-196	wer	
3-29	197-199	in	
3-30	199-200	,	
3-31	201-204	die	
3-32	205-207	de	
3-33	208-214	Ruiter	
3-34	215-218	wer	
3-35	219-225	straks	
3-36	226-230	liet	
3-37	231-238	waaijen	
3-38	238-239	.	

#Text=Korts
#Text=
#Text=daarna
#Text=raakte het schip wer vlot.
4-1	240-245	Korts	
4-2	247-253	daarna	
4-3	254-260	raakte	
4-4	261-264	het	
4-5	265-270	schip	
4-6	271-274	wer	
4-7	275-279	vlot	
4-8	279-280	.	

#Text=Hy, toen oordeelende dat Askues schip de
#Text=Nederlandtsche vloot merkelyk zoude belemmeren, en d'Engelschen, in 't gevecht 
#Text=dat noch te wachten stondt, (want men begon de scheepen die t'hunner hulpe 
#Text=quaamen te zien) alle middelen zouden aanwenden om het te herneemen, stelde 
#Text=straks ordre, en beval dat men 't schip zonder uitstel zou in +brandt steeken:
#Text='t welk 
#Text=terstondt in 't werk werdt gestelt.
5-1	281-283	Hy	
5-2	283-284	,	
5-3	285-289	toen	
5-4	290-301	oordeelende	
5-5	302-305	dat	
5-6	306-312	Askues	
5-7	313-318	schip	
5-8	319-321	de	
5-9	322-336	Nederlandtsche	
5-10	337-342	vloot	
5-11	343-351	merkelyk	
5-12	352-357	zoude	
5-13	358-368	belemmeren	
5-14	368-369	,	
5-15	370-372	en	
5-16	373-385	d'Engelschen	
5-17	385-386	,	
5-18	387-389	in	
5-19	390-391	'	
5-20	391-392	t	
5-21	393-400	gevecht	
5-22	402-405	dat	
5-23	406-410	noch	
5-24	411-413	te	
5-25	414-421	wachten	
5-26	422-428	stondt	
5-27	428-429	,	
5-28	430-431	(	
5-29	431-435	want	
5-30	436-439	men	
5-31	440-445	begon	
5-32	446-448	de	
5-33	449-457	scheepen	
5-34	458-461	die	
5-35	462-470	t'hunner	
5-36	471-476	hulpe	
5-37	478-485	quaamen	
5-38	486-488	te	
5-39	489-493	zien	
5-40	493-494	)	
5-41	495-499	alle	
5-42	500-508	middelen	
5-43	509-515	zouden	
5-44	516-525	aanwenden	
5-45	526-528	om	
5-46	529-532	het	
5-47	533-535	te	
5-48	536-545	herneemen	
5-49	545-546	,	
5-50	547-553	stelde	
5-51	555-561	straks	
5-52	562-567	ordre	
5-53	567-568	,	
5-54	569-571	en	
5-55	572-577	beval	
5-56	578-581	dat	
5-57	582-585	men	
5-58	586-587	'	
5-59	587-588	t	
5-60	589-594	schip	
5-61	595-601	zonder	
5-62	602-609	uitstel	
5-63	610-613	zou	
5-64	614-616	in	
5-65	617-618	+	
5-66	618-624	brandt	
5-67	625-632	steeken	
5-68	632-633	:	
5-69	634-635	'	
5-70	635-636	t	
5-71	637-641	welk	
5-72	643-652	terstondt	
5-73	653-655	in	
5-74	656-657	'	
5-75	657-658	t	
5-76	659-663	werk	
5-77	664-669	werdt	
5-78	670-677	gestelt	
5-79	677-678	.	

#Text=Dus verging dat Koningklyk schip, het
#Text=
#Text=
#Text=
#Text=
#Text=
#Text=
#Text=
#Text=
#Text=
#Text=+
#Text=Het schip de Royale
#Text=
#Text=
#Text=allergrootste, voornaamste en weerbaarste der gantsche Engelsche vloote, en\tPrins wordt verbrandt.
6-1	679-682	Dus	
6-2	683-690	verging	
6-3	691-694	dat	
6-4	695-705	Koningklyk	
6-5	706-711	schip	
6-6	711-712	,	
6-7	713-716	het	
6-8	726-727	+	
6-9	728-731	Het	
6-10	732-737	schip	
6-11	738-740	de	
6-12	741-747	Royale	
6-13	750-763	allergrootste	
6-14	763-764	,	
6-15	765-776	voornaamste	
6-16	777-779	en	
6-17	780-791	weerbaarste	
6-18	792-795	der	
6-19	796-804	gantsche	
6-20	805-814	Engelsche	
6-21	815-821	vloote	
6-22	821-822	,	
6-23	823-825	en	
6-24	826-831	Prins	
6-25	832-837	wordt	
6-26	838-847	verbrandt	
6-27	847-848	.	

#Text=vloog, toen 't vuur aan 't kruidt quam, met zyn tweentnegentig metaale stukken in 
#Text=de lucht.
7-1	852-857	vloog	
7-2	857-858	,	
7-3	859-863	toen	
7-4	864-865	'	
7-5	865-866	t	
7-6	867-871	vuur	
7-7	872-875	aan	
7-8	876-877	'	
7-9	877-878	t	
7-10	879-885	kruidt	
7-11	886-890	quam	
7-12	890-891	,	
7-13	892-895	met	
7-14	896-899	zyn	
7-15	900-914	tweentnegentig	
7-16	915-922	metaale	
7-17	923-930	stukken	
7-18	931-933	in	
7-19	935-937	de	
7-20	938-943	lucht	
7-21	943-944	.	

#Text=Dus hadden de Nederlanders het geluk, dat ze op den zelven dagh, den 
#Text=dertienden van Junius, op welken in 't verleeden jaar hunnen L.
8-1	945-948	Dus	
8-2	949-955	hadden	
8-3	956-958	de	
8-4	959-971	Nederlanders	
8-5	972-975	het	
8-6	976-981	geluk	
8-7	981-982	,	
8-8	983-986	dat	
8-9	987-989	ze	
8-10	990-992	op	
8-11	993-996	den	
8-12	997-1003	zelven	
8-13	1004-1008	dagh	
8-14	1008-1009	,	
8-15	1010-1013	den	
8-16	1015-1025	dertienden	
8-17	1026-1029	van	
8-18	1030-1036	Junius	
8-19	1036-1037	,	
8-20	1038-1040	op	
8-21	1041-1047	welken	
8-22	1048-1050	in	
8-23	1051-1052	'	
8-24	1052-1053	t	
8-25	1054-1063	verleeden	
8-26	1064-1068	jaar	
8-27	1069-1075	hunnen	
8-28	1076-1077	L	
8-29	1077-1078	.	

#Text=Admiraal de Heer 
#Text=van Wassenaar, met het schip d'Eendraght, ongelukkig in de lucht vloogh, een 
#Text=Admiraal van geen minder naam gevangen kreegen, en zyn Admiraalschip, de
#Text=Royale Prins, de glorie der Engelsche vloote, met hunne eigen handen in de brandt 
#Text=staaken, en deeden opvliegen.
9-1	1079-1087	Admiraal	
9-2	1088-1090	de	
9-3	1091-1095	Heer	
9-4	1097-1100	van	
9-5	1101-1110	Wassenaar	
9-6	1110-1111	,	
9-7	1112-1115	met	
9-8	1116-1119	het	
9-9	1120-1125	schip	
9-10	1126-1137	d'Eendraght	
9-11	1137-1138	,	
9-12	1139-1149	ongelukkig	
9-13	1150-1152	in	
9-14	1153-1155	de	
9-15	1156-1161	lucht	
9-16	1162-1168	vloogh	
9-17	1168-1169	,	
9-18	1170-1173	een	
9-19	1175-1183	Admiraal	
9-20	1184-1187	van	
9-21	1188-1192	geen	
9-22	1193-1199	minder	
9-23	1200-1204	naam	
9-24	1205-1213	gevangen	
9-25	1214-1221	kreegen	
9-26	1221-1222	,	
9-27	1223-1225	en	
9-28	1226-1229	zyn	
9-29	1230-1243	Admiraalschip	
9-30	1243-1244	,	
9-31	1245-1247	de	
9-32	1248-1254	Royale	
9-33	1255-1260	Prins	
9-34	1260-1261	,	
9-35	1262-1264	de	
9-36	1265-1271	glorie	
9-37	1272-1275	der	
9-38	1276-1285	Engelsche	
9-39	1286-1292	vloote	
9-40	1292-1293	,	
9-41	1294-1297	met	
9-42	1298-1303	hunne	
9-43	1304-1309	eigen	
9-44	1310-1316	handen	
9-45	1317-1319	in	
9-46	1320-1322	de	
9-47	1323-1329	brandt	
9-48	1331-1338	staaken	
9-49	1338-1339	,	
9-50	1340-1342	en	
9-51	1343-1349	deeden	
9-52	1350-1359	opvliegen	
9-53	1359-1360	.	

#Text=D'Admiraal Askue werdt des anderendaaghs 's
#Text=morgens met een galjoot, onder bewaarnis van den Vendrigh Elzevier, naar 's 
#Text=Gravenhage
#Text=+opgezonden.
10-1	1361-1371	D'Admiraal	
10-2	1372-1377	Askue	
10-3	1378-1383	werdt	
10-4	1384-1387	des	
10-5	1388-1401	anderendaaghs	
10-6	1402-1403	'	
10-7	1403-1404	s	
10-8	1405-1412	morgens	
10-9	1413-1416	met	
10-10	1417-1420	een	
10-11	1421-1428	galjoot	
10-12	1428-1429	,	
10-13	1430-1435	onder	
10-14	1436-1445	bewaarnis	
10-15	1446-1449	van	
10-16	1450-1453	den	
10-17	1454-1462	Vendrigh	
10-18	1463-1471	Elzevier	
10-19	1471-1472	,	
10-20	1473-1477	naar	
10-21	1478-1479	'	
10-22	1479-1480	s	
10-23	1482-1492	Gravenhage	
10-24	1493-1494	+	
10-25	1494-1504	opgezonden	
10-26	1504-1505	.	

#Text=Ontrent de tydt toen de Royale Prins op de Galper aan 
#Text=de grondt vast raakte, tegens den avondt, zaagen de Nederlanders
#Text=tweentwintig
#Text=
#Text=
#Text=
#Text=
#Text=
#Text=
#Text=
#Text=
#Text=
#Text=
#Text=
#Text=+
#Text=Prins Robbert komt
#Text=
#Text=
#Text=
#Text=Engelsche oorlogscheepen uit den Zuidtwesten aankoomen, daar by noch drie 
#Text=andere oorlogscheepen uit de Riviere van Londen, zoo men vertroude, oft immers 
#Text=van d'Engelsche kust, zyn opgekoomen, maakende t'zaamen een nieuwe 
#Text=hulpvloot van vyfentwintig scheepen, daar Prins Robbert het bevel over hadt: die, 
#Text=gelyk men naderhandt verstondt, 's daaghs voor het begin van den slagh met eenige 
#Text=scheepen na het kanaal was afgezonden, om aldaar, en uit de havenen van
#Text=
#Text=
#Text=d'Engelschen met vyfentwintig versche scheepen te hulpe.
11-1	1506-1513	Ontrent	
11-2	1514-1516	de	
11-3	1517-1521	tydt	
11-4	1522-1526	toen	
11-5	1527-1529	de	
11-6	1530-1536	Royale	
11-7	1537-1542	Prins	
11-8	1543-1545	op	
11-9	1546-1548	de	
11-10	1549-1555	Galper	
11-11	1556-1559	aan	
11-12	1561-1563	de	
11-13	1564-1570	grondt	
11-14	1571-1575	vast	
11-15	1576-1582	raakte	
11-16	1582-1583	,	
11-17	1584-1590	tegens	
11-18	1591-1594	den	
11-19	1595-1601	avondt	
11-20	1601-1602	,	
11-21	1603-1609	zaagen	
11-22	1610-1612	de	
11-23	1613-1625	Nederlanders	
11-24	1626-1638	tweentwintig	
11-25	1650-1651	+	
11-26	1652-1657	Prins	
11-27	1658-1665	Robbert	
11-28	1666-1670	komt	
11-29	1674-1683	Engelsche	
11-30	1684-1698	oorlogscheepen	
11-31	1699-1702	uit	
11-32	1703-1706	den	
11-33	1707-1718	Zuidtwesten	
11-34	1719-1728	aankoomen	
11-35	1728-1729	,	
11-36	1730-1734	daar	
11-37	1735-1737	by	
11-38	1738-1742	noch	
11-39	1743-1747	drie	
11-40	1749-1755	andere	
11-41	1756-1770	oorlogscheepen	
11-42	1771-1774	uit	
11-43	1775-1777	de	
11-44	1778-1785	Riviere	
11-45	1786-1789	van	
11-46	1790-1796	Londen	
11-47	1796-1797	,	
11-48	1798-1801	zoo	
11-49	1802-1805	men	
11-50	1806-1815	vertroude	
11-51	1815-1816	,	
11-52	1817-1820	oft	
11-53	1821-1827	immers	
11-54	1829-1832	van	
11-55	1833-1844	d'Engelsche	
11-56	1845-1849	kust	
11-57	1849-1850	,	
11-58	1851-1854	zyn	
11-59	1855-1865	opgekoomen	
11-60	1865-1866	,	
11-61	1867-1875	maakende	
11-62	1876-1884	t'zaamen	
11-63	1885-1888	een	
11-64	1889-1895	nieuwe	
11-65	1897-1906	hulpvloot	
11-66	1907-1910	van	
11-67	1911-1923	vyfentwintig	
11-68	1924-1932	scheepen	
11-69	1932-1933	,	
11-70	1934-1938	daar	
11-71	1939-1944	Prins	
11-72	1945-1952	Robbert	
11-73	1953-1956	het	
11-74	1957-1962	bevel	
11-75	1963-1967	over	
11-76	1968-1972	hadt	
11-77	1972-1973	:	
11-78	1974-1977	die	
11-79	1977-1978	,	
11-80	1980-1985	gelyk	
11-81	1986-1989	men	
11-82	1990-2000	naderhandt	
11-83	2001-2010	verstondt	
11-84	2010-2011	,	
11-85	2012-2013	'	
11-86	2013-2014	s	
11-87	2015-2021	daaghs	
11-88	2022-2026	voor	
11-89	2027-2030	het	
11-90	2031-2036	begin	
11-91	2037-2040	van	
11-92	2041-2044	den	
11-93	2045-2050	slagh	
11-94	2051-2054	met	
11-95	2055-2061	eenige	
11-96	2063-2071	scheepen	
11-97	2072-2074	na	
11-98	2075-2078	het	
11-99	2079-2085	kanaal	
11-100	2086-2089	was	
11-101	2090-2100	afgezonden	
11-102	2100-2101	,	
11-103	2102-2104	om	
11-104	2105-2111	aldaar	
11-105	2111-2112	,	
11-106	2113-2115	en	
11-107	2116-2119	uit	
11-108	2120-2122	de	
11-109	2123-2130	havenen	
11-110	2131-2134	van	
11-111	2137-2149	d'Engelschen	
11-112	2150-2153	met	
11-113	2154-2166	vyfentwintig	
11-114	2167-2174	versche	
11-115	2175-2183	scheepen	
11-116	2184-2186	te	
11-117	2187-2192	hulpe	
11-118	2192-2193	.	

#Text=Portsmouth en Pleymouth, noch eenige andere scheepen by zich te verzaamelen, 
#Text=en alzoo gezaamentlyk de Fransche vloot, onder den Hartogh van Beaufort, (van 
#Text=wiens komst toen eenige geruchten liepen) om de West te gemoet te loopen
12-1	2198-2208	Portsmouth	
12-2	2209-2211	en	
12-3	2212-2221	Pleymouth	
12-4	2221-2222	,	
12-5	2223-2227	noch	
12-6	2228-2234	eenige	
12-7	2235-2241	andere	
12-8	2242-2250	scheepen	
12-9	2251-2253	by	
12-10	2254-2258	zich	
12-11	2259-2261	te	
12-12	2262-2273	verzaamelen	
12-13	2273-2274	,	
12-14	2276-2278	en	
12-15	2279-2284	alzoo	
12-16	2285-2297	gezaamentlyk	
12-17	2298-2300	de	
12-18	2301-2309	Fransche	
12-19	2310-2315	vloot	
12-20	2315-2316	,	
12-21	2317-2322	onder	
12-22	2323-2326	den	
12-23	2327-2334	Hartogh	
12-24	2335-2338	van	
12-25	2339-2347	Beaufort	
12-26	2347-2348	,	
12-27	2349-2350	(	
12-28	2350-2353	van	
12-29	2355-2360	wiens	
12-30	2361-2366	komst	
12-31	2367-2371	toen	
12-32	2372-2378	eenige	
12-33	2379-2388	geruchten	
12-34	2389-2395	liepen	
12-35	2395-2396	)	
12-36	2397-2399	om	
12-37	2400-2402	de	
12-38	2403-2407	West	
12-39	2408-2410	te	
12-40	2411-2417	gemoet	
12-41	2418-2420	te	
12-42	2421-2427	loopen	
