#FORMAT=WebAnno TSV 3.3


#Text=bus vel terra figens volatilis cum inflammabili volatili vel aliae magis compositae mixtiones fnperant.
1-1	2-5	bus	
1-2	6-9	vel	
1-3	10-15	terra	
1-4	16-22	figens	
1-5	23-32	volatilis	
1-6	33-36	cum	
1-7	37-49	inflammabili	
1-8	50-58	volatili	
1-9	59-62	vel	
1-10	63-68	aliae	
1-11	69-74	magis	
1-12	75-85	compositae	
1-13	86-95	mixtiones	
1-14	96-104	fnperant	
1-15	104-105	.	

#Text=Simpliciffimae E. mixtionis in his eft Odor camphoratus, qui in multis plantis reperitur, vid.
2-1	106-120	Simpliciffimae	
2-2	121-122	E	
2-3	122-123	.	
2-4	124-133	mixtionis	
2-5	134-136	in	
2-6	137-140	his	
2-7	141-144	eft	
2-8	145-149	Odor	
2-9	150-161	camphoratus	
2-10	161-162	,	
2-11	163-166	qui	
2-12	167-169	in	
2-13	170-176	multis	
2-14	177-184	plantis	
2-15	185-194	reperitur	
2-16	194-195	,	
2-17	196-199	vid	
2-18	199-200	.	

#Text=CARTHE VSERI Disputat.
#Text=de hac materia.
3-1	201-207	CARTHE	
3-2	208-213	VSERI	
3-3	214-222	Disputat	
3-4	222-223	.	
3-5	224-226	de	
3-6	227-230	hac	
3-7	231-238	materia	
3-8	238-239	.	

#Text=Camphora examine chymico explorata multam terram figentem subtilem cum pauca tèrra viscosa, et multo ignescente principio largitur.
#Text=i. e, resina volatilis viscofa et blanda est.
4-1	240-248	Camphora	
4-2	249-256	examine	
4-3	257-264	chymico	
4-4	265-274	explorata	
4-5	275-281	multam	
4-6	282-288	terram	
4-7	289-297	figentem	
4-8	298-306	subtilem	
4-9	307-310	cum	
4-10	311-316	pauca	
4-11	317-322	tèrra	
4-12	323-330	viscosa	
4-13	330-331	,	
4-14	332-334	et	
4-15	335-340	multo	
4-16	341-351	ignescente	
4-17	352-361	principio	
4-18	362-370	largitur	
4-19	370-371	.	
4-20	372-373	i	
4-21	373-374	.	
4-22	375-376	e	
4-23	376-377	,	
4-24	378-384	resina	
4-25	385-394	volatilis	
4-26	395-402	viscofa	
4-27	403-405	et	
4-28	406-412	blanda	
4-29	413-416	est	
4-30	416-417	.	

#Text=Cum E. tota haec mixtio id odorem refoluatur, fignum est, omnem odorem camphoratum ex his partibus conftare.
5-1	418-421	Cum	
5-2	422-423	E	
5-3	423-424	.	
5-4	425-429	tota	
5-5	430-434	haec	
5-6	435-441	mixtio	
5-7	442-444	id	
5-8	445-451	odorem	
5-9	452-462	refoluatur	
5-10	462-463	,	
5-11	464-470	fignum	
5-12	471-474	est	
5-13	474-475	,	
5-14	476-481	omnem	
5-15	482-488	odorem	
5-16	489-500	camphoratum	
5-17	501-503	ex	
5-18	504-507	his	
5-19	508-516	partibus	
5-20	517-525	conftare	
5-21	525-526	.	

#Text=Sed en!
6-1	527-530	Sed	
6-2	531-533	en	
6-3	533-534	!	

#Text=quam belle hae partes examine chymico cognitae per ipsum odoratus fenfum cognofcantur: Omnes materiae camphorati odoris fragrantem et con
#Text=
#Text=for
#Text=
#Text=
#Text=
#Text=
#Text=
#Text=tile
#Text=
#Text=
#Text=
#Text=um
#Text=
#Text=
#Text=
#Text=cum Di.
#Text=fortantem sensum exhiben.
7-1	535-539	quam	
7-2	540-545	belle	
7-3	546-549	hae	
7-4	550-556	partes	
7-5	557-564	examine	
7-6	565-572	chymico	
7-7	573-581	cognitae	
7-8	582-585	per	
7-9	586-591	ipsum	
7-10	592-600	odoratus	
7-11	601-607	fenfum	
7-12	608-620	cognofcantur	
7-13	620-621	:	
7-14	622-627	Omnes	
7-15	628-636	materiae	
7-16	637-647	camphorati	
7-17	648-654	odoris	
7-18	655-665	fragrantem	
7-19	666-668	et	
7-20	669-672	con	
7-21	674-677	for	
7-22	683-687	tile	
7-23	691-693	um	
7-24	697-700	cum	
7-25	701-703	Di	
7-26	703-704	.	
7-27	705-714	fortantem	
7-28	715-721	sensum	
7-29	722-729	exhiben	
7-30	729-730	.	

#Text=Confortatio vero neruorum confiftit in contractione neruorum et retentione subtilium.
8-1	731-742	Confortatio	
8-2	743-747	vero	
8-3	748-756	neruorum	
8-4	757-766	confiftit	
8-5	767-769	in	
8-6	770-782	contractione	
8-7	783-791	neruorum	
8-8	792-794	et	
8-9	795-805	retentione	
8-10	806-815	subtilium	
8-11	815-816	.	

#Text=Cum E, hic odor vires neruorum fe contrahendi augeat; confortationis fensus oritur.
9-1	817-820	Cum	
9-2	821-822	E	
9-3	822-823	,	
9-4	824-827	hic	
9-5	828-832	odor	
9-6	833-838	vires	
9-7	839-847	neruorum	
9-8	848-850	fe	
9-9	851-862	contrahendi	
9-10	863-869	augeat	
9-11	869-870	;	
9-12	871-885	confortationis	
9-13	886-892	fensus	
9-14	893-899	oritur	
9-15	899-900	.	

#Text=Et haec ita quoque interne fieri alia obferuatio BOERHA VII in Hift.
#Text=plant.
#Text=docet dum de serpillo dicit, quod fi a delaflatis affiimatur, protinus ipfis videatur, ac fi omnes fpiritus euaporantes retineantur et coerceantur.
10-1	901-903	Et	
10-2	904-908	haec	
10-3	909-912	ita	
10-4	913-919	quoque	
10-5	920-927	interne	
10-6	928-933	fieri	
10-7	934-938	alia	
10-8	939-949	obferuatio	
10-9	950-956	BOERHA	
10-10	957-960	VII	
10-11	961-963	in	
10-12	964-968	Hift	
10-13	968-969	.	
10-14	970-975	plant	
10-15	975-976	.	
10-16	977-982	docet	
10-17	983-986	dum	
10-18	987-989	de	
10-19	990-998	serpillo	
10-20	999-1004	dicit	
10-21	1004-1005	,	
10-22	1006-1010	quod	
10-23	1011-1013	fi	
10-24	1014-1015	a	
10-25	1016-1026	delaflatis	
10-26	1027-1037	affiimatur	
10-27	1037-1038	,	
10-28	1039-1047	protinus	
10-29	1048-1053	ipfis	
10-30	1054-1062	videatur	
10-31	1062-1063	,	
10-32	1064-1066	ac	
10-33	1067-1069	fi	
10-34	1070-1075	omnes	
10-35	1076-1084	fpiritus	
10-36	1085-1096	euaporantes	
10-37	1097-1108	retineantur	
10-38	1109-1111	et	
10-39	1112-1123	coerceantur	
10-40	1123-1124	.	

#Text=Camphoratus.
11-1	1125-1136	Camphoratus	
11-2	1136-1137	.	

#Text=E. odor dum terram fubtilcm figentem i. e, nisus neruorum versus Centrum augentem ipfis applicat, confortantem sensum exhibet.
#Text=i Non ita multum diftat, Odor aromaticus: hic fine dubio proprie fic dictum mercarium falis olei et 'igném falis olei in fe continet.
12-1	1138-1139	E	
12-2	1139-1140	.	
12-3	1141-1145	odor	
12-4	1146-1149	dum	
12-5	1150-1156	terram	
12-6	1157-1165	fubtilcm	
12-7	1166-1174	figentem	
12-8	1175-1176	i	
12-9	1176-1177	.	
12-10	1178-1179	e	
12-11	1179-1180	,	
12-12	1181-1186	nisus	
12-13	1187-1195	neruorum	
12-14	1196-1202	versus	
12-15	1203-1210	Centrum	
12-16	1211-1219	augentem	
12-17	1220-1225	ipfis	
12-18	1226-1234	applicat	
12-19	1234-1235	,	
12-20	1236-1248	confortantem	
12-21	1249-1255	sensum	
12-22	1256-1263	exhibet	
12-23	1263-1264	.	
12-24	1265-1266	i	
12-25	1267-1270	Non	
12-26	1271-1274	ita	
12-27	1275-1281	multum	
12-28	1282-1288	diftat	
12-29	1288-1289	,	
12-30	1290-1294	Odor	
12-31	1295-1305	aromaticus	
12-32	1305-1306	:	
12-33	1307-1310	hic	
12-34	1311-1315	fine	
12-35	1316-1321	dubio	
12-36	1322-1329	proprie	
12-37	1330-1333	fic	
12-38	1334-1340	dictum	
12-39	1341-1350	mercarium	
12-40	1351-1356	falis	
12-41	1357-1361	olei	
12-42	1362-1364	et	
12-43	1365-1366	'	
12-44	1366-1371	igném	
12-45	1372-1377	falis	
12-46	1378-1382	olei	
12-47	1383-1385	in	
12-48	1386-1388	fe	
12-49	1389-1397	continet	
12-50	1397-1398	.	

#Text=Non fal' abundat, non aqua, nec terra, fed fal volatile oleofum tenuiffimum fed multo igne refertum.
13-1	1399-1402	Non	
13-2	1403-1406	fal	
13-3	1406-1407	'	
13-4	1408-1415	abundat	
13-5	1415-1416	,	
13-6	1417-1420	non	
13-7	1421-1425	aqua	
13-8	1425-1426	,	
13-9	1427-1430	nec	
13-10	1431-1436	terra	
13-11	1436-1437	,	
13-12	1438-1441	fed	
13-13	1442-1445	fal	
13-14	1446-1454	volatile	
13-15	1455-1462	oleofum	
13-16	1463-1474	tenuiffimum	
13-17	1475-1478	fed	
13-18	1479-1484	multo	
13-19	1485-1489	igne	
13-20	1490-1498	refertum	
13-21	1498-1499	.	

#Text=Hinc huius materiae omnes multum olei aetherei largiuntur: plurimafaporem acrem continent et calorem infigniter augent: fed 'numne haec fine fale volatili oleoso-acido igneo cogitari poffunt?
14-1	1500-1504	Hinc	
14-2	1505-1510	huius	
14-3	1511-1519	materiae	
14-4	1520-1525	omnes	
14-5	1526-1532	multum	
14-6	1533-1537	olei	
14-7	1538-1546	aetherei	
14-8	1547-1557	largiuntur	
14-9	1557-1558	:	
14-10	1559-1573	plurimafaporem	
14-11	1574-1579	acrem	
14-12	1580-1589	continent	
14-13	1590-1592	et	
14-14	1593-1600	calorem	
14-15	1601-1611	infigniter	
14-16	1612-1618	augent	
14-17	1618-1619	:	
14-18	1620-1623	fed	
14-19	1624-1625	'	
14-20	1625-1630	numne	
14-21	1631-1635	haec	
14-22	1636-1640	fine	
14-23	1641-1645	fale	
14-24	1646-1654	volatili	
14-25	1655-1667	oleoso-acido	
14-26	1668-1673	igneo	
14-27	1674-1682	cogitari	
14-28	1683-1690	poffunt	
14-29	1690-1691	?	

#Text=Sal vero ipsum effentiale in his oleis diuerfum eft fc.
15-1	1692-1695	Sal	
15-2	1696-1700	vero	
15-3	1701-1706	ipsum	
15-4	1707-1717	effentiale	
15-5	1718-1720	in	
15-6	1721-1724	his	
15-7	1725-1730	oleis	
15-8	1731-1739	diuerfum	
15-9	1740-1743	eft	
15-10	1744-1746	fc	
15-11	1746-1747	.	
