#FORMAT=WebAnno TSV 3.3
#T_SP=custom.Span|label
#T_RL=custom.Relation|label|BT_custom.Span


#Text=Si les effluves orageuses se prolongent, la sécrétion odorante se tarit et les émanations cessent, pour reparaître avec les phénomènes atmosphériques.
1-1	0-2	Si	_	_	_	
1-2	3-6	les	_	_	_	
1-3	7-15	effluves	_	_	_	
1-4	16-25	orageuses	_	_	_	
1-5	26-28	se	_	_	_	
1-6	29-39	prolongent	_	_	_	
1-7	39-40	,	_	_	_	
1-8	41-43	la	_	_	_	
1-9	44-53	sécrétion	Smell\_Source	_	_	
1-10	54-62	odorante	Smell\_Word	*	1-9	
1-11	63-65	se	_	_	_	
1-12	66-71	tarit	_	_	_	
1-13	72-74	et	_	_	_	
1-14	75-78	les	_	_	_	
1-15	79-89	émanations	_	_	_	
1-16	90-97	cessent	_	_	_	
1-17	97-98	,	_	_	_	
1-18	99-103	pour	_	_	_	
1-19	104-114	reparaître	_	_	_	
1-20	115-119	avec	_	_	_	
1-21	120-123	les	_	_	_	
1-22	124-134	phénomènes	_	_	_	
1-23	135-149	atmosphériques	_	_	_	
1-24	149-150	.	_	_	_	

#Text=On en trouve la preuve évidente dans l'expérience de Libri (1).
2-1	154-156	On	_	_	_	
2-2	157-159	en	_	_	_	
2-3	160-166	trouve	_	_	_	
2-4	167-169	la	_	_	_	
2-5	170-176	preuve	_	_	_	
2-6	177-185	évidente	_	_	_	
2-7	186-190	dans	_	_	_	
2-8	191-203	l'expérience	_	_	_	
2-9	204-206	de	_	_	_	
2-10	207-212	Libri	_	_	_	
2-11	213-214	(	_	_	_	
2-12	214-215	1	_	_	_	
2-13	215-216	)	_	_	_	
2-14	216-217	.	_	_	_	

#Text=Cet observateur a constaté que le camphre traversé par un courant électrique, devient de moins en moins odorant, puis cesse de l'être et le redevient peu à peu par le repos.
3-1	218-221	Cet	Perceiver[1]	_	_	
3-2	222-233	observateur	Perceiver[1]	_	_	
3-3	234-235	a	_	_	_	
3-4	236-244	constaté	_	_	_	
3-5	245-248	que	_	_	_	
3-6	249-251	le	_	_	_	
3-7	252-259	camphre	Smell\_Source	_	_	
3-8	260-268	traversé	_	_	_	
3-9	269-272	par	_	_	_	
3-10	273-275	un	_	_	_	
3-11	276-283	courant	_	_	_	
3-12	284-294	électrique	_	_	_	
3-13	294-295	,	_	_	_	
3-14	296-303	devient	_	_	_	
3-15	304-306	de	_	_	_	
3-16	307-312	moins	_	_	_	
3-17	313-315	en	_	_	_	
3-18	316-321	moins	_	_	_	
3-19	322-329	odorant	Smell\_Word	*|*	3-7|3-1[1_0]	
3-20	329-330	,	_	_	_	
3-21	331-335	puis	_	_	_	
3-22	336-341	cesse	_	_	_	
3-23	342-344	de	_	_	_	
3-24	345-351	l'être	_	_	_	
3-25	352-354	et	_	_	_	
3-26	355-357	le	_	_	_	
3-27	358-367	redevient	_	_	_	
3-28	368-371	peu	_	_	_	
3-29	372-373	à	_	_	_	
3-30	374-377	peu	_	_	_	
3-31	378-381	par	_	_	_	
3-32	382-384	le	_	_	_	
3-33	385-390	repos	_	_	_	
3-34	390-391	.	_	_	_	

#Text=Tout le monde, sait qu'un grand nombre de substances dégagent des odeurs par suite de choc, de froissement, de frottement ; si l'on frappe m avec un bâton certaines pierres, il en sort une odeur de musc.
4-1	395-399	Tout	_	_	_	
4-2	400-402	le	_	_	_	
4-3	403-408	monde	_	_	_	
4-4	408-409	,	_	_	_	
4-5	410-414	sait	_	_	_	
4-6	415-420	qu'un	Smell\_Source[2]	_	_	
4-7	421-426	grand	Smell\_Source[2]	_	_	
4-8	427-433	nombre	Smell\_Source[2]	_	_	
4-9	434-436	de	Smell\_Source[2]	_	_	
4-10	437-447	substances	Smell\_Source[2]	_	_	
4-11	448-456	dégagent	_	_	_	
4-12	457-460	des	_	_	_	
4-13	461-467	odeurs	Smell\_Word	*|*|*	4-14[3_0]|4-6[2_0]|4-39[4_0]	
4-14	468-471	par	Creator[3]	_	_	
4-15	472-477	suite	Creator[3]	_	_	
4-16	478-480	de	Creator[3]	_	_	
4-17	481-485	choc	Creator[3]	_	_	
4-18	485-486	,	Creator[3]	_	_	
4-19	487-489	de	Creator[3]	_	_	
4-20	490-501	froissement	Creator[3]	_	_	
4-21	501-502	,	Creator[3]	_	_	
4-22	503-505	de	Creator[3]	_	_	
4-23	506-516	frottement	Creator[3]	_	_	
4-24	517-518	;	_	_	_	
4-25	519-521	si	_	_	_	
4-26	522-526	l'on	_	_	_	
4-27	527-533	frappe	_	_	_	
4-28	534-535	m	_	_	_	
4-29	536-540	avec	_	_	_	
4-30	541-543	un	_	_	_	
4-31	544-549	bâton	_	_	_	
4-32	550-559	certaines	_	_	_	
4-33	560-567	pierres	_	_	_	
4-34	567-568	,	_	_	_	
4-35	569-571	il	_	_	_	
4-36	572-574	en	_	_	_	
4-37	575-579	sort	_	_	_	
4-38	580-583	une	_	_	_	
4-39	584-589	odeur	Evoked\_Odorant[4]	_	_	
4-40	590-592	de	Evoked\_Odorant[4]	_	_	
4-41	593-597	musc	Evoked\_Odorant[4]	_	_	
4-42	597-598	.	_	_	_	

#Text=Quelques marbres énergiquement frottés, dégagent une odeur fétide, on rend odorant de la même façon, le soufre, les résines et nombre de métaux.
5-1	599-607	Quelques	Smell\_Source[5]	_	_	
5-2	608-615	marbres	Smell\_Source[5]	_	_	
5-3	616-629	énergiquement	Smell\_Source[5]	_	_	
5-4	630-637	frottés	Smell\_Source[5]	_	_	
5-5	637-638	,	_	_	_	
5-6	639-647	dégagent	_	_	_	
5-7	648-651	une	_	_	_	
5-8	652-657	odeur	Smell\_Word	*|*|*|*|*	5-9|5-1[5_0]|5-20|5-22[6_0]|5-25[7_0]	
5-9	658-664	fétide	Quality	_	_	
5-10	664-665	,	_	_	_	
5-11	666-668	on	_	_	_	
5-12	669-673	rend	_	_	_	
5-13	674-681	odorant	_	_	_	
5-14	682-684	de	_	_	_	
5-15	685-687	la	_	_	_	
5-16	688-692	même	_	_	_	
5-17	693-698	façon	_	_	_	
5-18	698-699	,	_	_	_	
5-19	700-702	le	_	_	_	
5-20	703-709	soufre	Smell\_Source	_	_	
5-21	709-710	,	_	_	_	
5-22	711-714	les	Smell\_Source[6]	_	_	
5-23	715-722	résines	Smell\_Source[6]	_	_	
5-24	723-725	et	_	_	_	
5-25	726-732	nombre	Smell\_Source[7]	_	_	
5-26	733-735	de	Smell\_Source[7]	_	_	
5-27	736-742	métaux	Smell\_Source[7]	_	_	
5-28	742-743	.	_	_	_	

#Text=Le heurt violent du fer du cheval sur le pavé provoque une étincelle en même temps qu'une odeur caractéristique d'ozone très remarquable.
6-1	747-749	Le	_	_	_	
6-2	750-755	heurt	_	_	_	
6-3	756-763	violent	_	_	_	
6-4	764-766	du	_	_	_	
6-5	767-770	fer	Smell\_Source[8]	_	_	
6-6	771-773	du	Smell\_Source[8]	_	_	
6-7	774-780	cheval	Smell\_Source[8]	_	_	
6-8	781-784	sur	_	_	_	
6-9	785-787	le	_	_	_	
6-10	788-792	pavé	_	_	_	
6-11	793-801	provoque	_	_	_	
6-12	802-805	une	_	_	_	
6-13	806-815	étincelle	_	_	_	
6-14	816-818	en	_	_	_	
6-15	819-823	même	_	_	_	
6-16	824-829	temps	_	_	_	
6-17	830-836	qu'une	_	_	_	
6-18	837-842	odeur	Smell\_Word	*|*|*	6-5[8_0]|6-20|6-21[9_0]	
6-19	843-858	caractéristique	_	_	_	
6-20	859-866	d'ozone	Evoked\_Odorant	_	_	
6-21	867-871	très	Quality[9]	_	_	
6-22	872-883	remarquable	Quality[9]	_	_	
6-23	883-884	.	_	_	_	

#Text=Un os mordu par une scie dégage un parfum bien évident de sperme.
7-1	885-887	Un	Smell\_Source[10]	_	_	
7-2	888-890	os	Smell\_Source[10]	_	_	
7-3	891-896	mordu	Smell\_Source[10]	_	_	
7-4	897-900	par	Smell\_Source[10]	_	_	
7-5	901-904	une	Smell\_Source[10]	_	_	
7-6	905-909	scie	Smell\_Source[10]	_	_	
7-7	910-916	dégage	_	_	_	
7-8	917-919	un	_	_	_	
7-9	920-926	parfum	Smell\_Word	*|*	7-1[10_0]|7-13	
7-10	927-931	bien	_	_	_	
7-11	932-939	évident	_	_	_	
7-12	940-942	de	_	_	_	
7-13	943-949	sperme	Evoked\_Odorant	_	_	
7-14	949-950	.	_	_	_	

#Text=Le bois de hêtre dégage une odeur de rose quand il est travaillé.
8-1	951-953	Le	Smell\_Source[11]	_	_	
8-2	954-958	bois	Smell\_Source[11]	_	_	
8-3	959-961	de	Smell\_Source[11]	_	_	
8-4	962-967	hêtre	Smell\_Source[11]	_	_	
8-5	968-974	dégage	_	_	_	
8-6	975-978	une	_	_	_	
8-7	979-984	odeur	Smell\_Word	*|*	8-9|8-1[11_0]	
8-8	985-987	de	_	_	_	
8-9	988-992	rose	Evoked\_Odorant	_	_	
8-10	993-998	quand	_	_	_	
8-11	999-1001	il	_	_	_	
8-12	1002-1005	est	_	_	_	
8-13	1006-1015	travaillé	_	_	_	
8-14	1015-1016	.	_	_	_	

#Text=Les feuilles du myrthe, du géranium, de la verveine, deviennent plus odorantes quand on les froisse sous les doigts.
9-1	1017-1020	Les	Smell\_Source[12]	_	_	
9-2	1021-1029	feuilles	Smell\_Source[12]	_	_	
9-3	1030-1032	du	Smell\_Source[12]	_	_	
9-4	1033-1039	myrthe	Smell\_Source[12]	_	_	
9-5	1039-1040	,	Smell\_Source[12]	_	_	
9-6	1041-1043	du	Smell\_Source[12]	_	_	
9-7	1044-1052	géranium	Smell\_Source[12]	_	_	
9-8	1052-1053	,	Smell\_Source[12]	_	_	
9-9	1054-1056	de	Smell\_Source[12]	_	_	
9-10	1057-1059	la	Smell\_Source[12]	_	_	
9-11	1060-1068	verveine	Smell\_Source[12]	_	_	
9-12	1068-1069	,	_	_	_	
9-13	1070-1080	deviennent	_	_	_	
9-14	1081-1085	plus	Quality	_	_	
9-15	1086-1095	odorantes	Smell\_Word	*|*	9-14|9-1[12_0]	
9-16	1096-1101	quand	_	_	_	
9-17	1102-1104	on	_	_	_	
9-18	1105-1108	les	_	_	_	
9-19	1109-1116	froisse	_	_	_	
9-20	1117-1121	sous	_	_	_	
9-21	1122-1125	les	_	_	_	
9-22	1126-1132	doigts	_	_	_	
9-23	1132-1133	.	_	_	_	

#Text=De même que les corps organiques et inorganiques atteignent leur plus grande intensité odorante par le frottement et le froissement, jamais le 7 parfum naturel de l'être humain ne se dégage plus subtilement, plus agréablement que sous l'influence de caresses amoureuses ; voilà pourquoi l'homme chiffonne instinctivement la femme avant la grande lutte 1 La température du corps augmente considérablement chez certaines femmes ardentes lorsqu'elles se trouvent en présence d'un homme dont les désirs sont manifestement évidents, et sous cette influence magnétique, les émanations odorantes se dégagent en abondance.
10-1	1137-1139	De	_	_	_	
10-2	1140-1144	même	_	_	_	
10-3	1145-1148	que	_	_	_	
10-4	1149-1152	les	Smell\_Source[13]	_	_	
10-5	1153-1158	corps	Smell\_Source[13]	_	_	
10-6	1159-1169	organiques	Smell\_Source[13]	_	_	
10-7	1170-1172	et	Smell\_Source[13]	_	_	
10-8	1173-1185	inorganiques	Smell\_Source[13]	_	_	
10-9	1186-1196	atteignent	_	_	_	
10-10	1197-1201	leur	_	_	_	
10-11	1202-1206	plus	Quality[14]	_	_	
10-12	1207-1213	grande	Quality[14]	_	_	
10-13	1214-1223	intensité	Quality[14]	_	_	
10-14	1224-1232	odorante	Smell\_Word	*|*	10-11[14_0]|10-4[13_0]	
10-15	1233-1236	par	_	_	_	
10-16	1237-1239	le	_	_	_	
10-17	1240-1250	frottement	_	_	_	
10-18	1251-1253	et	_	_	_	
10-19	1254-1256	le	_	_	_	
10-20	1257-1268	froissement	_	_	_	
10-21	1268-1269	,	_	_	_	
10-22	1270-1276	jamais	_	_	_	
10-23	1277-1279	le	_	_	_	
10-24	1280-1281	7	_	_	_	
10-25	1282-1288	parfum	Smell\_Word	_	_	
10-26	1289-1296	naturel	_	_	_	
10-27	1297-1299	de	_	_	_	
10-28	1300-1306	l'être	_	_	_	
10-29	1307-1313	humain	_	_	_	
10-30	1314-1316	ne	_	_	_	
10-31	1317-1319	se	_	_	_	
10-32	1320-1326	dégage	_	_	_	
10-33	1327-1331	plus	_	_	_	
10-34	1332-1343	subtilement	_	_	_	
10-35	1343-1344	,	_	_	_	
10-36	1345-1349	plus	_	_	_	
10-37	1350-1362	agréablement	_	_	_	
10-38	1363-1366	que	_	_	_	
10-39	1367-1371	sous	_	_	_	
10-40	1372-1383	l'influence	_	_	_	
10-41	1384-1386	de	_	_	_	
10-42	1387-1395	caresses	_	_	_	
10-43	1396-1406	amoureuses	_	_	_	
10-44	1407-1408	;	_	_	_	
10-45	1409-1414	voilà	_	_	_	
10-46	1415-1423	pourquoi	_	_	_	
10-47	1424-1431	l'homme	_	_	_	
10-48	1432-1441	chiffonne	_	_	_	
10-49	1442-1457	instinctivement	_	_	_	
10-50	1458-1460	la	_	_	_	
10-51	1461-1466	femme	_	_	_	
10-52	1467-1472	avant	_	_	_	
10-53	1473-1475	la	_	_	_	
10-54	1476-1482	grande	_	_	_	
10-55	1483-1488	lutte	_	_	_	
10-56	1489-1490	1	_	_	_	
10-57	1491-1493	La	_	_	_	
10-58	1494-1505	température	_	_	_	
10-59	1506-1508	du	_	_	_	
10-60	1509-1514	corps	_	_	_	
10-61	1515-1523	augmente	_	_	_	
10-62	1524-1540	considérablement	_	_	_	
10-63	1541-1545	chez	_	_	_	
10-64	1546-1555	certaines	_	_	_	
10-65	1556-1562	femmes	_	_	_	
10-66	1563-1571	ardentes	_	_	_	
10-67	1572-1584	lorsqu'elles	_	_	_	
10-68	1585-1587	se	_	_	_	
10-69	1588-1596	trouvent	_	_	_	
10-70	1597-1599	en	_	_	_	
10-71	1600-1608	présence	_	_	_	
10-72	1609-1613	d'un	_	_	_	
10-73	1614-1619	homme	_	_	_	
10-74	1620-1624	dont	_	_	_	
10-75	1625-1628	les	_	_	_	
10-76	1629-1635	désirs	_	_	_	
10-77	1636-1640	sont	_	_	_	
10-78	1641-1654	manifestement	_	_	_	
10-79	1655-1663	évidents	_	_	_	
10-80	1663-1664	,	_	_	_	
10-81	1665-1667	et	_	_	_	
10-82	1668-1672	sous	_	_	_	
10-83	1673-1678	cette	_	_	_	
10-84	1679-1688	influence	_	_	_	
10-85	1689-1699	magnétique	_	_	_	
10-86	1699-1700	,	_	_	_	
10-87	1701-1704	les	_	_	_	
10-88	1705-1715	émanations	Smell\_Source	_	_	
10-89	1716-1725	odorantes	Smell\_Word	*	10-88	
10-90	1726-1728	se	_	_	_	
10-91	1729-1737	dégagent	_	_	_	
10-92	1738-1740	en	_	_	_	
10-93	1741-1750	abondance	_	_	_	
10-94	1750-1751	.	_	_	_	

#Text=C'est alors qu'on peut dire que l'ivresse des amants est portée à son comble et qu'il y a fusion complète de leurs âmes.
11-1	1752-1757	C'est	_	_	_	
11-2	1758-1763	alors	_	_	_	
11-3	1764-1769	qu'on	_	_	_	
11-4	1770-1774	peut	_	_	_	
11-5	1775-1779	dire	_	_	_	
11-6	1780-1783	que	_	_	_	
11-7	1784-1793	l'ivresse	_	_	_	
11-8	1794-1797	des	_	_	_	
11-9	1798-1804	amants	_	_	_	
11-10	1805-1808	est	_	_	_	
11-11	1809-1815	portée	_	_	_	
11-12	1816-1817	à	_	_	_	
11-13	1818-1821	son	_	_	_	
11-14	1822-1828	comble	_	_	_	
11-15	1829-1831	et	_	_	_	
11-16	1832-1837	qu'il	_	_	_	
11-17	1838-1839	y	_	_	_	
11-18	1840-1841	a	_	_	_	
11-19	1842-1848	fusion	_	_	_	
11-20	1849-1857	complète	_	_	_	
11-21	1858-1860	de	_	_	_	
11-22	1861-1866	leurs	_	_	_	
11-23	1867-1871	âmes	_	_	_	
11-24	1871-1872	.	_	_	_	

#Text=Ces femmes attirent et sont généralement aimées.
12-1	1873-1876	Ces	_	_	_	
12-2	1877-1883	femmes	_	_	_	
12-3	1884-1892	attirent	_	_	_	
12-4	1893-1895	et	_	_	_	
12-5	1896-1900	sont	_	_	_	
12-6	1901-1913	généralement	_	_	_	
12-7	1914-1920	aimées	_	_	_	
12-8	1920-1921	.	_	_	_	

#Text=L'humidité atmosphérique influesur l'intensité du sens olfactif, il n'y a pas de raison pour croire qu'il n'en est pas de même sur les dégagements des odeurs.
13-1	1925-1935	L'humidité	_	_	_	
13-2	1936-1949	atmosphérique	_	_	_	
13-3	1950-1959	influesur	_	_	_	
13-4	1960-1971	l'intensité	_	_	_	
13-5	1972-1974	du	_	_	_	
13-6	1975-1979	sens	_	_	_	
13-7	1980-1988	olfactif	_	_	_	
13-8	1988-1989	,	_	_	_	
13-9	1990-1992	il	_	_	_	
13-10	1993-1996	n'y	_	_	_	
13-11	1997-1998	a	_	_	_	
13-12	1999-2002	pas	_	_	_	
13-13	2003-2005	de	_	_	_	
13-14	2006-2012	raison	_	_	_	
13-15	2013-2017	pour	_	_	_	
13-16	2018-2024	croire	_	_	_	
13-17	2025-2030	qu'il	_	_	_	
13-18	2031-2035	n'en	_	_	_	
13-19	2036-2039	est	_	_	_	
13-20	2040-2043	pas	_	_	_	
13-21	2044-2046	de	_	_	_	
13-22	2047-2051	même	_	_	_	
13-23	2052-2055	sur	_	_	_	
13-24	2056-2059	les	_	_	_	
13-25	2060-2071	dégagements	_	_	_	
13-26	2072-2075	des	_	_	_	
13-27	2076-2082	odeurs	Smell\_Word	_	_	
13-28	2082-2083	.	_	_	_	

#Text=C'est en effet le matin, à l'aurore, sous l'influence des vapeurs humides du sol que les fleurs répandent le plus de parfum ; de même, la femme répand le plus de parfum autour d'elle, durant les minutes qui précèdent et suivent l'aurore.
14-1	2084-2089	C'est	_	_	_	
14-2	2090-2092	en	_	_	_	
14-3	2093-2098	effet	_	_	_	
14-4	2099-2101	le	_	_	_	
14-5	2102-2107	matin	_	_	_	
14-6	2107-2108	,	_	_	_	
14-7	2109-2110	à	_	_	_	
14-8	2111-2119	l'aurore	_	_	_	
14-9	2119-2120	,	_	_	_	
14-10	2121-2125	sous	_	_	_	
14-11	2126-2137	l'influence	_	_	_	
14-12	2138-2141	des	_	_	_	
14-13	2142-2149	vapeurs	_	_	_	
14-14	2150-2157	humides	_	_	_	
14-15	2158-2160	du	_	_	_	
14-16	2161-2164	sol	_	_	_	
14-17	2165-2168	que	_	_	_	
14-18	2169-2172	les	_	_	_	
14-19	2173-2179	fleurs	Smell\_Source	_	_	
14-20	2180-2189	répandent	_	_	_	
14-21	2190-2192	le	_	_	_	
14-22	2193-2197	plus	_	_	_	
14-23	2198-2200	de	_	_	_	
14-24	2201-2207	parfum	Smell\_Word	*	14-19	
14-25	2208-2209	;	_	_	_	
14-26	2210-2212	de	_	_	_	
14-27	2213-2217	même	_	_	_	
14-28	2217-2218	,	_	_	_	
14-29	2219-2221	la	_	_	_	
14-30	2222-2227	femme	Smell\_Source	_	_	
14-31	2228-2234	répand	_	_	_	
14-32	2235-2237	le	_	_	_	
14-33	2238-2242	plus	_	_	_	
14-34	2243-2245	de	_	_	_	
14-35	2246-2252	parfum	Smell\_Word	*	14-30	
14-36	2253-2259	autour	_	_	_	
14-37	2260-2266	d'elle	_	_	_	
14-38	2266-2267	,	_	_	_	
14-39	2268-2274	durant	_	_	_	
14-40	2275-2278	les	_	_	_	
14-41	2279-2286	minutes	_	_	_	
14-42	2287-2290	qui	_	_	_	
14-43	2291-2300	précèdent	_	_	_	
14-44	2301-2303	et	_	_	_	
14-45	2304-2311	suivent	_	_	_	
14-46	2312-2320	l'aurore	_	_	_	
14-47	2320-2321	.	_	_	_	

#Text=Or, comme rien ne ressemble plus à un jardin émaillé de fleurs que le sanctuaire de l'amour, à aucun instant du jour, l'air n'est plus embaumé que le matin après une nuit de volupté.
15-1	2322-2324	Or	_	_	_	
15-2	2324-2325	,	_	_	_	
15-3	2326-2331	comme	_	_	_	
15-4	2332-2336	rien	_	_	_	
15-5	2337-2339	ne	_	_	_	
15-6	2340-2349	ressemble	_	_	_	
15-7	2350-2354	plus	_	_	_	
15-8	2355-2356	à	_	_	_	
15-9	2357-2359	un	_	_	_	
15-10	2360-2366	jardin	_	_	_	
15-11	2367-2374	émaillé	_	_	_	
15-12	2375-2377	de	_	_	_	
15-13	2378-2384	fleurs	_	_	_	
15-14	2385-2388	que	_	_	_	
15-15	2389-2391	le	_	_	_	
15-16	2392-2402	sanctuaire	_	_	_	
15-17	2403-2405	de	_	_	_	
15-18	2406-2413	l'amour	_	_	_	
15-19	2413-2414	,	_	_	_	
15-20	2415-2416	à	_	_	_	
15-21	2417-2422	aucun	_	_	_	
15-22	2423-2430	instant	_	_	_	
15-23	2431-2433	du	_	_	_	
15-24	2434-2438	jour	_	_	_	
15-25	2438-2439	,	_	_	_	
15-26	2440-2445	l'air	_	_	_	
15-27	2446-2451	n'est	_	_	_	
15-28	2452-2456	plus	_	_	_	
15-29	2457-2464	embaumé	_	_	_	
15-30	2465-2468	que	_	_	_	
15-31	2469-2471	le	_	_	_	
15-32	2472-2477	matin	_	_	_	
15-33	2478-2483	après	_	_	_	
15-34	2484-2487	une	_	_	_	
15-35	2488-2492	nuit	_	_	_	
15-36	2493-2495	de	_	_	_	
15-37	2496-2503	volupté	_	_	_	
15-38	2503-2504	.	_	_	_	

#Text=C'est précisément pour ce motif que les amants se lèvent tard !
16-1	2505-2510	C'est	_	_	_	
16-2	2511-2522	précisément	_	_	_	
16-3	2523-2527	pour	_	_	_	
16-4	2528-2530	ce	_	_	_	
16-5	2531-2536	motif	_	_	_	
16-6	2537-2540	que	_	_	_	
16-7	2541-2544	les	_	_	_	
16-8	2545-2551	amants	_	_	_	
16-9	2552-2554	se	_	_	_	
16-10	2555-2561	lèvent	_	_	_	
16-11	2562-2566	tard	_	_	_	
16-12	2567-2568	!	_	_	_	
