#FORMAT=WebAnno TSV 3.3


#Text=Die Schokolade ſelbſt wird bereitet, indem die geröſteten und ent-
#Text=hülſten Bohnen zwiſchen heißen Walzen gemahlen werden, worauf
#Text=man die Kakaomaſſe mit Zucker, Vanille und häufig auch noch mit
#Text=anderen Gewürzen ſehr innig vermiſcht.
1-1	2-5	Die	
1-2	6-16	Schokolade	
1-3	17-23	ſelbſt	
1-4	24-28	wird	
1-5	29-37	bereitet	
1-6	37-38	,	
1-7	39-44	indem	
1-8	45-48	die	
1-9	49-59	geröſteten	
1-10	60-63	und	
1-11	64-67	ent	
1-12	67-68	-	
1-13	69-76	hülſten	
1-14	77-83	Bohnen	
1-15	84-92	zwiſchen	
1-16	93-99	heißen	
1-17	100-106	Walzen	
1-18	107-115	gemahlen	
1-19	116-122	werden	
1-20	122-123	,	
1-21	124-130	worauf	
1-22	131-134	man	
1-23	135-138	die	
1-24	139-149	Kakaomaſſe	
1-25	150-153	mit	
1-26	154-160	Zucker	
1-27	160-161	,	
1-28	162-169	Vanille	
1-29	170-173	und	
1-30	174-180	häufig	
1-31	181-185	auch	
1-32	186-190	noch	
1-33	191-194	mit	
1-34	195-202	anderen	
1-35	203-211	Gewürzen	
1-36	212-216	ſehr	
1-37	217-222	innig	
1-38	223-232	vermiſcht	
1-39	232-233	.	

#Text=Dieſe innige Miſchung wird
#Text=in einem Apparat, Melangeur genannt, erzielt, wie ihn Fig.
#Text=313 zeigt,
#Text=einem runden, beckenartigen Gefäß, in dem die Kakaomaſſe mit den
#Text=genannten Zuſätzen ſtundenlang von zwei rotierenden Granitwalzen
#Text=
#Text=[
#Text=Abbildung\tFig.
#Text=313 \tApparat zum Mengen der Schokolade.
2-1	234-239	Dieſe	
2-2	240-246	innige	
2-3	247-255	Miſchung	
2-4	256-260	wird	
2-5	261-263	in	
2-6	264-269	einem	
2-7	270-277	Apparat	
2-8	277-278	,	
2-9	279-288	Melangeur	
2-10	289-296	genannt	
2-11	296-297	,	
2-12	298-305	erzielt	
2-13	305-306	,	
2-14	307-310	wie	
2-15	311-314	ihn	
2-16	315-318	Fig	
2-17	318-319	.	
2-18	320-323	313	
2-19	324-329	zeigt	
2-20	329-330	,	
2-21	331-336	einem	
2-22	337-343	runden	
2-23	343-344	,	
2-24	345-358	beckenartigen	
2-25	359-364	Gefäß	
2-26	364-365	,	
2-27	366-368	in	
2-28	369-372	dem	
2-29	373-376	die	
2-30	377-387	Kakaomaſſe	
2-31	388-391	mit	
2-32	392-395	den	
2-33	396-405	genannten	
2-34	406-414	Zuſätzen	
2-35	415-426	ſtundenlang	
2-36	427-430	von	
2-37	431-435	zwei	
2-38	436-447	rotierenden	
2-39	448-460	Granitwalzen	
2-40	462-463	[	
2-41	464-473	Abbildung	
2-42	474-477	Fig	
2-43	477-478	.	
2-44	479-482	313	
2-45	484-491	Apparat	
2-46	492-495	zum	
2-47	496-502	Mengen	
2-48	503-506	der	
2-49	507-517	Schokolade	
2-50	517-518	.	

#Text=(Melangeur.)
#Text=]
#Text=
#Text=zuſammengeknetet wird.
3-1	519-520	(	
3-2	520-529	Melangeur	
3-3	529-530	.	
3-4	530-531	)	
3-5	532-533	]	
3-6	535-551	zuſammengeknetet	
3-7	552-556	wird	
3-8	556-557	.	

#Text=Auch die Löslichkeit aller Subſtanzen der
#Text=Schokolade wird, wie vorher beim Kakao erwähnt, durch Zuſatz von
#Text=Alkalien ſehr erhöht, ein Verfahren, das neuerdings viel verwendet
#Text=
#Text=wird.
4-1	558-562	Auch	
4-2	563-566	die	
4-3	567-578	Löslichkeit	
4-4	579-584	aller	
4-5	585-595	Subſtanzen	
4-6	596-599	der	
4-7	600-610	Schokolade	
4-8	611-615	wird	
4-9	615-616	,	
4-10	617-620	wie	
4-11	621-627	vorher	
4-12	628-632	beim	
4-13	633-638	Kakao	
4-14	639-646	erwähnt	
4-15	646-647	,	
4-16	648-653	durch	
4-17	654-660	Zuſatz	
4-18	661-664	von	
4-19	665-673	Alkalien	
4-20	674-678	ſehr	
4-21	679-685	erhöht	
4-22	685-686	,	
4-23	687-690	ein	
4-24	691-700	Verfahren	
4-25	700-701	,	
4-26	702-705	das	
4-27	706-716	neuerdings	
4-28	717-721	viel	
4-29	722-731	verwendet	
4-30	733-737	wird	
4-31	737-738	.	

#Text=Aus der Kakaomaſſe wird hierbei zuerſt durch warmes Preſſen
#Text=das Fett — es ſchmilzt bei 29 bis 30°C.
#Text=— entfernt, hierauf eine
#Text=wäſſerige Löſung von Alkalien hinzugeſetzt, das Waſſer verdampft und
#Text=ſchließlich das abgepreßte Kakaofett wieder in die Maſſe gemiſcht.
5-1	739-742	Aus	
5-2	743-746	der	
5-3	747-757	Kakaomaſſe	
5-4	758-762	wird	
5-5	763-770	hierbei	
5-6	771-777	zuerſt	
5-7	778-783	durch	
5-8	784-790	warmes	
5-9	791-798	Preſſen	
5-10	799-802	das	
5-11	803-807	Fett	
5-12	808-809	—	
5-13	810-812	es	
5-14	813-821	ſchmilzt	
5-15	822-825	bei	
5-16	826-828	29	
5-17	829-832	bis	
5-18	833-835	30	
5-19	835-836	°	
5-20	836-837	C	
5-21	837-838	.	
5-22	839-840	—	
5-23	841-849	entfernt	
5-24	849-850	,	
5-25	851-858	hierauf	
5-26	859-863	eine	
5-27	864-873	wäſſerige	
5-28	874-880	Löſung	
5-29	881-884	von	
5-30	885-893	Alkalien	
5-31	894-906	hinzugeſetzt	
5-32	906-907	,	
5-33	908-911	das	
5-34	912-918	Waſſer	
5-35	919-928	verdampft	
5-36	929-932	und	
5-37	933-944	ſchließlich	
5-38	945-948	das	
5-39	949-959	abgepreßte	
5-40	960-969	Kakaofett	
5-41	970-976	wieder	
5-42	977-979	in	
5-43	980-983	die	
5-44	984-989	Maſſe	
5-45	990-998	gemiſcht	
5-46	998-999	.	

#Text=Die bei Verarbeitung der beſſeren Kakaoſorten entfernten Schalen
#Text=
#Text=ſind eine unter dem Namen „Miſerables“ beſonders von italieniſchen
#Text=
#Text=\f
#Text=[538/0556]
#Text=
#Text=Nahrungs- und Genußmittel.
6-1	1003-1006	Die	
6-2	1007-1010	bei	
6-3	1011-1023	Verarbeitung	
6-4	1024-1027	der	
6-5	1028-1036	beſſeren	
6-6	1037-1048	Kakaoſorten	
6-7	1049-1059	entfernten	
6-8	1060-1067	Schalen	
6-9	1069-1073	ſind	
6-10	1074-1078	eine	
6-11	1079-1084	unter	
6-12	1085-1088	dem	
6-13	1089-1094	Namen	
6-14	1095-1096	„	
6-15	1096-1106	Miſerables	
6-16	1106-1107	“	
6-17	1108-1117	beſonders	
6-18	1118-1121	von	
6-19	1122-1135	italieniſchen	
6-20	1139-1140	[	
6-21	1140-1143	538	
6-22	1143-1144	/	
6-23	1144-1148	0556	
6-24	1148-1149	]	
6-25	1151-1159	Nahrungs	
6-26	1159-1160	-	
6-27	1161-1164	und	
6-28	1165-1176	Genußmittel	
6-29	1176-1177	.	

#Text=Häfen nach Irland ausgeführte Ware.
7-1	1181-1186	Häfen	
7-2	1187-1191	nach	
7-3	1192-1198	Irland	
7-4	1199-1210	ausgeführte	
7-5	1211-1215	Ware	
7-6	1215-1216	.	

#Text=Hier wird aus denſelben von
#Text=der ärmeren Bevölkerung durch Abkochen ein theeartiges Getränk be-
#Text=reitet, daß einen angenehmen Geſchmack haben und der Geſundheit ſehr
#Text=zuträglich ſein ſoll.
8-1	1217-1221	Hier	
8-2	1222-1226	wird	
8-3	1227-1230	aus	
8-4	1231-1240	denſelben	
8-5	1241-1244	von	
8-6	1245-1248	der	
8-7	1249-1256	ärmeren	
8-8	1257-1268	Bevölkerung	
8-9	1269-1274	durch	
8-10	1275-1283	Abkochen	
8-11	1284-1287	ein	
8-12	1288-1299	theeartiges	
8-13	1300-1307	Getränk	
8-14	1308-1310	be	
8-15	1310-1311	-	
8-16	1312-1318	reitet	
8-17	1318-1319	,	
8-18	1320-1323	daß	
8-19	1324-1329	einen	
8-20	1330-1340	angenehmen	
8-21	1341-1350	Geſchmack	
8-22	1351-1356	haben	
8-23	1357-1360	und	
8-24	1361-1364	der	
8-25	1365-1375	Geſundheit	
8-26	1376-1380	ſehr	
8-27	1381-1391	zuträglich	
8-28	1392-1396	ſein	
8-29	1397-1401	ſoll	
8-30	1401-1402	.	

#Text=Auch dienen die Schalen leider in gemahlenem
#Text=Zuſtande zur Verfälſchung der billigeren Schokoladenſorten
9-1	1403-1407	Auch	
9-2	1408-1414	dienen	
9-3	1415-1418	die	
9-4	1419-1426	Schalen	
9-5	1427-1433	leider	
9-6	1434-1436	in	
9-7	1437-1447	gemahlenem	
9-8	1448-1456	Zuſtande	
9-9	1457-1460	zur	
9-10	1461-1473	Verfälſchung	
9-11	1474-1477	der	
9-12	1478-1488	billigeren	
9-13	1489-1506	Schokoladenſorten	

#Text=.
10-1	1506-1507	.	

#Text=[
#Text=Abbildung\tFig.
11-1	1511-1512	[	
11-2	1513-1522	Abbildung	
11-3	1523-1526	Fig	
11-4	1526-1527	.	
