#FORMAT=WebAnno TSV 3.3
#T_SP=custom.Span|label
#T_RL=custom.Relation|label|BT_custom.Span


#Text=welche eine kurtze wiſſenſchafft der oͤrter
#Text=in Europa/ da die bey uns beruͤhmteſten Weine gefal-
#Text=len/ erlangen wollen.
1-1	2-8	welche	_	_	_	
1-2	9-13	eine	_	_	_	
1-3	14-20	kurtze	_	_	_	
1-4	21-34	wiſſenſchafft	_	_	_	
1-5	35-38	der	_	_	_	
1-6	39-45	oͤrter	_	_	_	
1-7	46-48	in	_	_	_	
1-8	49-55	Europa	_	_	_	
1-9	55-56	/	_	_	_	
1-10	57-59	da	_	_	_	
1-11	60-63	die	_	_	_	
1-12	64-67	bey	_	_	_	
1-13	68-71	uns	_	_	_	
1-14	72-85	beruͤhmteſten	_	_	_	
1-15	86-91	Weine	_	_	_	
1-16	92-97	gefal	_	_	_	
1-17	97-98	-	_	_	_	
1-18	99-102	len	_	_	_	
1-19	102-103	/	_	_	_	
1-20	104-112	erlangen	_	_	_	
1-21	113-119	wollen	_	_	_	
1-22	119-120	.	_	_	_	

#Text=Man kan aber die gantze ſache
#Text=fuͤglich in fuͤnff Titel theilen.
2-1	121-124	Man	_	_	_	
2-2	125-128	kan	_	_	_	
2-3	129-133	aber	_	_	_	
2-4	134-137	die	_	_	_	
2-5	138-144	gantze	_	_	_	
2-6	145-150	ſache	_	_	_	
2-7	151-159	fuͤglich	_	_	_	
2-8	160-162	in	_	_	_	
2-9	163-169	fuͤnff	_	_	_	
2-10	170-175	Titel	_	_	_	
2-11	176-183	theilen	_	_	_	
2-12	183-184	.	_	_	_	

#Text=Jn Jtalien
#Text=waͤchſet:
#Text=
#Text=
#Text=Vinum Malvaticum, Malvaſier/ nem-
#Text=lich auff der Jnſel Creta oder Candia/ die
#Text=zwar zu Griechenland gehoͤret/ anjetzo
#Text=
#Text=aber der Herrſchafft Venedig unterworf-
#Text=fen iſt.
3-1	188-190	Jn	_	_	_	
3-2	191-198	Jtalien	_	_	_	
3-3	199-207	waͤchſet	_	_	_	
3-4	207-208	:	_	_	_	
3-5	211-216	Vinum	_	_	_	
3-6	217-227	Malvaticum	_	_	_	
3-7	227-228	,	_	_	_	
3-8	229-238	Malvaſier	_	_	_	
3-9	238-239	/	_	_	_	
3-10	240-243	nem	_	_	_	
3-11	243-244	-	_	_	_	
3-12	245-249	lich	_	_	_	
3-13	250-254	auff	_	_	_	
3-14	255-258	der	_	_	_	
3-15	259-264	Jnſel	_	_	_	
3-16	265-270	Creta	_	_	_	
3-17	271-275	oder	_	_	_	
3-18	276-282	Candia	_	_	_	
3-19	282-283	/	_	_	_	
3-20	284-287	die	_	_	_	
3-21	288-292	zwar	_	_	_	
3-22	293-295	zu	_	_	_	
3-23	296-308	Griechenland	_	_	_	
3-24	309-317	gehoͤret	_	_	_	
3-25	317-318	/	_	_	_	
3-26	319-326	anjetzo	_	_	_	
3-27	328-332	aber	_	_	_	
3-28	333-336	der	_	_	_	
3-29	337-348	Herrſchafft	_	_	_	
3-30	349-356	Venedig	_	_	_	
3-31	357-366	unterworf	_	_	_	
3-32	366-367	-	_	_	_	
3-33	368-371	fen	_	_	_	
3-34	372-375	iſt	_	_	_	
3-35	375-376	.	_	_	_	

#Text=Der zu uns gebracht wird/ iſt
#Text=Vinum paſſum, aus von der Sonnen hi-
#Text=tze halb verwelckten oder eingeſchrumpff-
#Text=ten Trauben gepreſſet.
4-1	377-380	Der	_	_	_	
4-2	381-383	zu	_	_	_	
4-3	384-387	uns	_	_	_	
4-4	388-396	gebracht	_	_	_	
4-5	397-401	wird	_	_	_	
4-6	401-402	/	_	_	_	
4-7	403-406	iſt	_	_	_	
4-8	407-412	Vinum	_	_	_	
4-9	413-419	paſſum	_	_	_	
4-10	419-420	,	_	_	_	
4-11	421-424	aus	_	_	_	
4-12	425-428	von	_	_	_	
4-13	429-432	der	_	_	_	
4-14	433-439	Sonnen	_	_	_	
4-15	440-442	hi	_	_	_	
4-16	442-443	-	_	_	_	
4-17	444-447	tze	_	_	_	
4-18	448-452	halb	_	_	_	
4-19	453-464	verwelckten	_	_	_	
4-20	465-469	oder	_	_	_	
4-21	470-484	eingeſchrumpff	_	_	_	
4-22	484-485	-	_	_	_	
4-23	486-489	ten	_	_	_	
4-24	490-497	Trauben	_	_	_	
4-25	498-507	gepreſſet	_	_	_	
4-26	507-508	.	_	_	_	

#Text=Lachryma, waͤchſet an der wurzel des
#Text=bergs Veſuvij, welcher wegen ſeiner viel-
#Text=faͤltigen fewersbrunſt bekandt.
5-1	512-520	Lachryma	_	_	_	
5-2	520-521	,	_	_	_	
5-3	522-530	waͤchſet	_	_	_	
5-4	531-533	an	_	_	_	
5-5	534-537	der	_	_	_	
5-6	538-544	wurzel	_	_	_	
5-7	545-548	des	_	_	_	
5-8	549-554	bergs	_	_	_	
5-9	555-562	Veſuvij	_	_	_	
5-10	562-563	,	_	_	_	
5-11	564-571	welcher	_	_	_	
5-12	572-577	wegen	_	_	_	
5-13	578-584	ſeiner	_	_	_	
5-14	585-589	viel	_	_	_	
5-15	589-590	-	_	_	_	
5-16	591-600	faͤltigen	_	_	_	
5-17	601-613	fewersbrunſt	_	_	_	
5-18	614-621	bekandt	_	_	_	
5-19	621-622	.	_	_	_	

#Text=Dieſer
#Text=wein iſt roͤhtlich/ von geruch ſehr anmuh-
#Text=tig/ erfrewet das hertz/ und ſchadet weder
#Text=dem Haupt/
#Text=noch dem Magen.
6-1	623-629	Dieſer	_	_	_	
6-2	630-634	wein	Smell\_Source	_	_	
6-3	635-638	iſt	_	_	_	
6-4	639-648	roͤhtlich	_	_	_	
6-5	648-649	/	_	_	_	
6-6	650-653	von	_	_	_	
6-7	654-660	geruch	Smell\_Word	*|*	6-2|6-8[1_0]	
6-8	661-665	ſehr	Quality[1]	_	_	
6-9	666-671	anmuh	Quality[1]	_	_	
6-10	671-672	-	Quality[1]	_	_	
6-11	673-676	tig	Quality[1]	_	_	
6-12	676-677	/	_	_	_	
6-13	678-686	erfrewet	_	_	_	
6-14	687-690	das	_	_	_	
6-15	691-696	hertz	_	_	_	
6-16	696-697	/	_	_	_	
6-17	698-701	und	_	_	_	
6-18	702-709	ſchadet	_	_	_	
6-19	710-715	weder	_	_	_	
6-20	716-719	dem	_	_	_	
6-21	720-725	Haupt	_	_	_	
6-22	725-726	/	_	_	_	
6-23	727-731	noch	_	_	_	
6-24	732-735	dem	_	_	_	
6-25	736-741	Magen	_	_	_	
6-26	741-742	.	_	_	_	

#Text=Muſcatellum Falſicorum, Vin de
#Text=Montefiaſcon, waͤchſet bey der Stadt
#Text=Montefiaſcon am berge Alcino nella
#Text=
#Text=campagna di Roma, davon das Sprich-
#Text=wort entſtanden: Propter
#Text=Eſt Eſt, Do-
#Text=minus meus mortuus
#Text=eſt.
7-1	746-757	Muſcatellum	_	_	_	
7-2	758-768	Falſicorum	_	_	_	
7-3	768-769	,	_	_	_	
7-4	770-773	Vin	_	_	_	
7-5	774-776	de	_	_	_	
7-6	777-789	Montefiaſcon	_	_	_	
7-7	789-790	,	_	_	_	
7-8	791-799	waͤchſet	_	_	_	
7-9	800-803	bey	_	_	_	
7-10	804-807	der	_	_	_	
7-11	808-813	Stadt	_	_	_	
7-12	814-826	Montefiaſcon	_	_	_	
7-13	827-829	am	_	_	_	
7-14	830-835	berge	_	_	_	
7-15	836-842	Alcino	_	_	_	
7-16	843-848	nella	_	_	_	
7-17	850-858	campagna	_	_	_	
7-18	859-861	di	_	_	_	
7-19	862-866	Roma	_	_	_	
7-20	866-867	,	_	_	_	
7-21	868-873	davon	_	_	_	
7-22	874-877	das	_	_	_	
7-23	878-884	Sprich	_	_	_	
7-24	884-885	-	_	_	_	
7-25	886-890	wort	_	_	_	
7-26	891-901	entſtanden	_	_	_	
7-27	901-902	:	_	_	_	
7-28	903-910	Propter	_	_	_	
7-29	911-914	Eſt	_	_	_	
7-30	915-918	Eſt	_	_	_	
7-31	918-919	,	_	_	_	
7-32	920-922	Do	_	_	_	
7-33	922-923	-	_	_	_	
7-34	924-929	minus	_	_	_	
7-35	930-934	meus	_	_	_	
7-36	935-942	mortuus	_	_	_	
7-37	943-946	eſt	_	_	_	
7-38	946-947	.	_	_	_	

#Text=Albannm, waͤchſet bey der Stadt Al-
#Text=ba, gleichfalls in dem Roͤmiſchen gebiet
#Text=gelegen/ und wird in Rom heutiges tags
#Text=faſt am meiſten getruncken.
8-1	951-958	Albannm	_	_	_	
8-2	958-959	,	_	_	_	
8-3	960-968	waͤchſet	_	_	_	
8-4	969-972	bey	_	_	_	
8-5	973-976	der	_	_	_	
8-6	977-982	Stadt	_	_	_	
8-7	983-985	Al	_	_	_	
8-8	985-986	-	_	_	_	
8-9	987-989	ba	_	_	_	
8-10	989-990	,	_	_	_	
8-11	991-1002	gleichfalls	_	_	_	
8-12	1003-1005	in	_	_	_	
8-13	1006-1009	dem	_	_	_	
8-14	1010-1020	Roͤmiſchen	_	_	_	
8-15	1021-1027	gebiet	_	_	_	
8-16	1028-1035	gelegen	_	_	_	
8-17	1035-1036	/	_	_	_	
8-18	1037-1040	und	_	_	_	
8-19	1041-1045	wird	_	_	_	
8-20	1046-1048	in	_	_	_	
8-21	1049-1052	Rom	_	_	_	
8-22	1053-1061	heutiges	_	_	_	
8-23	1062-1066	tags	_	_	_	
8-24	1067-1071	faſt	_	_	_	
8-25	1072-1074	am	_	_	_	
8-26	1075-1082	meiſten	_	_	_	
8-27	1083-1093	getruncken	_	_	_	
8-28	1093-1094	.	_	_	_	

#Text=Marzeminum, waͤchſet uͤmb Vincentz
9-1	1098-1108	Marzeminum	_	_	_	
9-2	1108-1109	,	_	_	_	
9-3	1110-1118	waͤchſet	_	_	_	
9-4	1119-1123	uͤmb	_	_	_	
9-5	1124-1132	Vincentz	_	_	_	
