#FORMAT=WebAnno TSV 3.3


#Text=p. 529]
#Text=
#Text=Herfst hun begin neemen ten platten
#Text=Lande: en van daar naar de Steden overgaan;
#Text=deze schynt my waarlyk niet voor het gevoelen van UWelEd.
#Text=zeer Gel.
#Text=te pleiten.
1-1	2-3	p	
1-2	3-4	.	
1-3	5-8	529	
1-4	8-9	]	
1-5	11-17	Herfst	
1-6	18-21	hun	
1-7	22-27	begin	
1-8	28-34	neemen	
1-9	35-38	ten	
1-10	39-46	platten	
1-11	47-52	Lande	
1-12	52-53	:	
1-13	54-56	en	
1-14	57-60	van	
1-15	61-65	daar	
1-16	66-70	naar	
1-17	71-73	de	
1-18	74-80	Steden	
1-19	81-89	overgaan	
1-20	89-90	;	
1-21	91-95	deze	
1-22	96-102	schynt	
1-23	103-105	my	
1-24	106-113	waarlyk	
1-25	114-118	niet	
1-26	119-123	voor	
1-27	124-127	het	
1-28	128-136	gevoelen	
1-29	137-140	van	
1-30	141-147	UWelEd	
1-31	147-148	.	
1-32	149-153	zeer	
1-33	154-157	Gel	
1-34	157-158	.	
1-35	159-161	te	
1-36	162-169	pleiten	
1-37	169-170	.	

#Text=De lucht ten platten
#Text=Lande is zeker zo niet bezwangerd met dampen van rottend Water, als in de Steden, te Amsterdam b.v. - te meer dewyl de winden in de Steden de lucht zo niet verdeelen en zuiveren kunnen(i) - en dus het water meer gelegenheid heeft om stil te staan en te rotten;
#Text=- hier koomt by, dat de Ligchaamen der Boeren meer gehard zyn, tegen de veranderingen des Weders, dan die der Stedelingen - dat de levenswyze der laatstgenoemde veel weeker is, en hun dus geschikter maakt tot Ziekten, welke geschiktheid, door de meerdere luwheid der Lucht in de Steden, nog(k) bevorderd word.
2-1	173-175	De	
2-2	176-181	lucht	
2-3	182-185	ten	
2-4	186-193	platten	
2-5	194-199	Lande	
2-6	200-202	is	
2-7	203-208	zeker	
2-8	209-211	zo	
2-9	212-216	niet	
2-10	217-227	bezwangerd	
2-11	228-231	met	
2-12	232-238	dampen	
2-13	239-242	van	
2-14	243-250	rottend	
2-15	251-256	Water	
2-16	256-257	,	
2-17	258-261	als	
2-18	262-264	in	
2-19	265-267	de	
2-20	268-274	Steden	
2-21	274-275	,	
2-22	276-278	te	
2-23	279-288	Amsterdam	
2-24	289-292	b.v	
2-25	292-293	.	
2-26	294-295	-	
2-27	296-298	te	
2-28	299-303	meer	
2-29	304-309	dewyl	
2-30	310-312	de	
2-31	313-319	winden	
2-32	320-322	in	
2-33	323-325	de	
2-34	326-332	Steden	
2-35	333-335	de	
2-36	336-341	lucht	
2-37	342-344	zo	
2-38	345-349	niet	
2-39	350-359	verdeelen	
2-40	360-362	en	
2-41	363-371	zuiveren	
2-42	372-378	kunnen	
2-43	378-379	(	
2-44	379-380	i	
2-45	380-381	)	
2-46	382-383	-	
2-47	384-386	en	
2-48	387-390	dus	
2-49	391-394	het	
2-50	395-400	water	
2-51	401-405	meer	
2-52	406-417	gelegenheid	
2-53	418-423	heeft	
2-54	424-426	om	
2-55	427-431	stil	
2-56	432-434	te	
2-57	435-440	staan	
2-58	441-443	en	
2-59	444-446	te	
2-60	447-453	rotten	
2-61	453-454	;	
2-62	455-456	-	
2-63	457-461	hier	
2-64	462-467	koomt	
2-65	468-470	by	
2-66	470-471	,	
2-67	472-475	dat	
2-68	476-478	de	
2-69	479-489	Ligchaamen	
2-70	490-493	der	
2-71	494-500	Boeren	
2-72	501-505	meer	
2-73	506-512	gehard	
2-74	513-516	zyn	
2-75	516-517	,	
2-76	518-523	tegen	
2-77	524-526	de	
2-78	527-540	veranderingen	
2-79	541-544	des	
2-80	545-551	Weders	
2-81	551-552	,	
2-82	553-556	dan	
2-83	557-560	die	
2-84	561-564	der	
2-85	565-576	Stedelingen	
2-86	577-578	-	
2-87	579-582	dat	
2-88	583-585	de	
2-89	586-596	levenswyze	
2-90	597-600	der	
2-91	601-615	laatstgenoemde	
2-92	616-620	veel	
2-93	621-627	weeker	
2-94	628-630	is	
2-95	630-631	,	
2-96	632-634	en	
2-97	635-638	hun	
2-98	639-642	dus	
2-99	643-653	geschikter	
2-100	654-659	maakt	
2-101	660-663	tot	
2-102	664-671	Ziekten	
2-103	671-672	,	
2-104	673-678	welke	
2-105	679-691	geschiktheid	
2-106	691-692	,	
2-107	693-697	door	
2-108	698-700	de	
2-109	701-709	meerdere	
2-110	710-717	luwheid	
2-111	718-721	der	
2-112	722-727	Lucht	
2-113	728-730	in	
2-114	731-733	de	
2-115	734-740	Steden	
2-116	740-741	,	
2-117	742-745	nog	
2-118	745-746	(	
2-119	746-747	k	
2-120	747-748	)	
2-121	749-758	bevorderd	
2-122	759-763	word	
2-123	763-764	.	

#Text=Men moest dus noodzaakelyk in de Steden meer en hardnekkiger Herfstziekten waarneemen dan op het Land, zo de dampen medewerkende oorzaaken van die Ziekten waren - dan dit is zo niet.
#Text=- In de Beverwyk, b.v. zyn de Koortsen meer en hardnekkiger in den Herfst, dan te Amsterdam(l).
3-1	765-768	Men	
3-2	769-774	moest	
3-3	775-778	dus	
3-4	779-791	noodzaakelyk	
3-5	792-794	in	
3-6	795-797	de	
3-7	798-804	Steden	
3-8	805-809	meer	
3-9	810-812	en	
3-10	813-825	hardnekkiger	
3-11	826-839	Herfstziekten	
3-12	840-850	waarneemen	
3-13	851-854	dan	
3-14	855-857	op	
3-15	858-861	het	
3-16	862-866	Land	
3-17	866-867	,	
3-18	868-870	zo	
3-19	871-873	de	
3-20	874-880	dampen	
3-21	881-893	medewerkende	
3-22	894-903	oorzaaken	
3-23	904-907	van	
3-24	908-911	die	
3-25	912-919	Ziekten	
3-26	920-925	waren	
3-27	926-927	-	
3-28	928-931	dan	
3-29	932-935	dit	
3-30	936-938	is	
3-31	939-941	zo	
3-32	942-946	niet	
3-33	946-947	.	
3-34	948-949	-	
3-35	950-952	In	
3-36	953-955	de	
3-37	956-964	Beverwyk	
3-38	964-965	,	
3-39	966-969	b.v	
3-40	969-970	.	
3-41	971-974	zyn	
3-42	975-977	de	
3-43	978-986	Koortsen	
3-44	987-991	meer	
3-45	992-994	en	
3-46	995-1007	hardnekkiger	
3-47	1008-1010	in	
3-48	1011-1014	den	
3-49	1015-1021	Herfst	
3-50	1021-1022	,	
3-51	1023-1026	dan	
3-52	1027-1029	te	
3-53	1030-1039	Amsterdam	
3-54	1039-1040	(	
3-55	1040-1041	l	
3-56	1041-1042	)	
3-57	1042-1043	.	

#Text=In de hoogere landen zyn dezelfde Herfst-Koortzen ook zeer gemeen, en op de hooge Veluwe zelfs, dat UWel Ed. voor zeer gezond opgeeft, vindt men zedert tien jaaren veel Rot-Koortzen(m), welke men te Amsterdam zeer zelden, naar de grootte van de Stad, waarneemt.
4-1	1044-1046	In	
4-2	1047-1049	de	
4-3	1050-1057	hoogere	
4-4	1058-1064	landen	
4-5	1065-1068	zyn	
4-6	1069-1077	dezelfde	
4-7	1078-1093	Herfst-Koortzen	
4-8	1094-1097	ook	
4-9	1098-1102	zeer	
4-10	1103-1109	gemeen	
4-11	1109-1110	,	
4-12	1111-1113	en	
4-13	1114-1116	op	
4-14	1117-1119	de	
4-15	1120-1125	hooge	
4-16	1126-1132	Veluwe	
4-17	1133-1138	zelfs	
4-18	1138-1139	,	
4-19	1140-1143	dat	
4-20	1144-1148	UWel	
4-21	1149-1151	Ed	
4-22	1151-1152	.	
4-23	1153-1157	voor	
4-24	1158-1162	zeer	
4-25	1163-1169	gezond	
4-26	1170-1177	opgeeft	
4-27	1177-1178	,	
4-28	1179-1184	vindt	
4-29	1185-1188	men	
4-30	1189-1195	zedert	
4-31	1196-1200	tien	
4-32	1201-1207	jaaren	
4-33	1208-1212	veel	
4-34	1213-1225	Rot-Koortzen	
4-35	1225-1226	(	
4-36	1226-1227	m	
4-37	1227-1228	)	
4-38	1228-1229	,	
4-39	1230-1235	welke	
4-40	1236-1239	men	
4-41	1240-1242	te	
4-42	1243-1252	Amsterdam	
4-43	1253-1257	zeer	
4-44	1258-1264	zelden	
4-45	1264-1265	,	
4-46	1266-1270	naar	
4-47	1271-1273	de	
4-48	1274-1281	grootte	
4-49	1282-1285	van	
4-50	1286-1288	de	
4-51	1289-1293	Stad	
4-52	1293-1294	,	
4-53	1295-1304	waarneemt	
4-54	1304-1305	.	

#Text=Leyden en Delft hebben in den Herfst ook geen minder aantal Zieken, en daar kan men die dampen egter niet beschuldigen.
5-1	1306-1312	Leyden	
5-2	1313-1315	en	
5-3	1316-1321	Delft	
5-4	1322-1328	hebben	
5-5	1329-1331	in	
5-6	1332-1335	den	
5-7	1336-1342	Herfst	
5-8	1343-1346	ook	
5-9	1347-1351	geen	
5-10	1352-1358	minder	
5-11	1359-1365	aantal	
5-12	1366-1372	Zieken	
5-13	1372-1373	,	
5-14	1374-1376	en	
5-15	1377-1381	daar	
5-16	1382-1385	kan	
5-17	1386-1389	men	
5-18	1390-1393	die	
5-19	1394-1400	dampen	
5-20	1401-1406	egter	
5-21	1407-1411	niet	
5-22	1412-1424	beschuldigen	
5-23	1424-1425	.	

#Text=Wat het tweede bewys aangaat, dat men namelyk in Steden, waarin een geweldigen stank waargenomen wordt, niet meer Zieken en dooden telt, dan op plaatzen, welke op het oog gezonder en beter gelegen zyn - dit gaat vry zeker;
#Text=en men kan het, ten minsten wat Haarlem en Amsterdam aangaat, uit de sterslysten betoogen.
#Text=- Immers daar UWelEd. de berekeningen van den kundigen struik niet alleen naauwkeurig noemt(n), maar dezelve ook ten
#Text=(i)
#Text=
#Text=Mengelw.
6-1	1428-1431	Wat	
6-2	1432-1435	het	
6-3	1436-1442	tweede	
6-4	1443-1448	bewys	
6-5	1449-1456	aangaat	
6-6	1456-1457	,	
6-7	1458-1461	dat	
6-8	1462-1465	men	
6-9	1466-1473	namelyk	
6-10	1474-1476	in	
6-11	1477-1483	Steden	
6-12	1483-1484	,	
6-13	1485-1491	waarin	
6-14	1492-1495	een	
6-15	1496-1506	geweldigen	
6-16	1507-1512	stank	
6-17	1513-1524	waargenomen	
6-18	1525-1530	wordt	
6-19	1530-1531	,	
6-20	1532-1536	niet	
6-21	1537-1541	meer	
6-22	1542-1548	Zieken	
6-23	1549-1551	en	
6-24	1552-1558	dooden	
6-25	1559-1563	telt	
6-26	1563-1564	,	
6-27	1565-1568	dan	
6-28	1569-1571	op	
6-29	1572-1580	plaatzen	
6-30	1580-1581	,	
6-31	1582-1587	welke	
6-32	1588-1590	op	
6-33	1591-1594	het	
6-34	1595-1598	oog	
6-35	1599-1607	gezonder	
6-36	1608-1610	en	
6-37	1611-1616	beter	
6-38	1617-1624	gelegen	
6-39	1625-1628	zyn	
6-40	1629-1630	-	
6-41	1631-1634	dit	
6-42	1635-1639	gaat	
6-43	1640-1643	vry	
6-44	1644-1649	zeker	
6-45	1649-1650	;	
6-46	1651-1653	en	
6-47	1654-1657	men	
6-48	1658-1661	kan	
6-49	1662-1665	het	
6-50	1665-1666	,	
6-51	1667-1670	ten	
6-52	1671-1678	minsten	
6-53	1679-1682	wat	
6-54	1683-1690	Haarlem	
6-55	1691-1693	en	
6-56	1694-1703	Amsterdam	
6-57	1704-1711	aangaat	
6-58	1711-1712	,	
6-59	1713-1716	uit	
6-60	1717-1719	de	
6-61	1720-1731	sterslysten	
6-62	1732-1740	betoogen	
6-63	1740-1741	.	
6-64	1742-1743	-	
6-65	1744-1750	Immers	
6-66	1751-1755	daar	
6-67	1756-1762	UWelEd	
6-68	1762-1763	.	
6-69	1764-1766	de	
6-70	1767-1779	berekeningen	
6-71	1780-1783	van	
6-72	1784-1787	den	
6-73	1788-1796	kundigen	
6-74	1797-1803	struik	
6-75	1804-1808	niet	
6-76	1809-1815	alleen	
6-77	1816-1827	naauwkeurig	
6-78	1828-1833	noemt	
6-79	1833-1834	(	
6-80	1834-1835	n	
6-81	1835-1836	)	
6-82	1836-1837	,	
6-83	1838-1842	maar	
6-84	1843-1850	dezelve	
6-85	1851-1854	ook	
6-86	1855-1858	ten	
6-87	1859-1860	(	
6-88	1860-1861	i	
6-89	1861-1862	)	
6-90	1864-1871	Mengelw	
6-91	1871-1872	.	

#Text=Zie boven, p. 442.
7-1	1873-1876	Zie	
7-2	1877-1882	boven	
7-3	1882-1883	,	
7-4	1884-1885	p	
7-5	1885-1886	.	
7-6	1887-1890	442	
7-7	1890-1891	.	
