#FORMAT=WebAnno TSV 3.3
#T_SP=custom.Span|label
#T_RL=custom.Relation|label|BT_custom.Span


#Text=Die Verwandtſchaft zu den Säuren iſt bei den Alkalien größer als bei den
#Text=Metallhydroxyden.
1-1	2-5	Die	_	_	_	
1-2	6-20	Verwandtſchaft	_	_	_	
1-3	21-23	zu	_	_	_	
1-4	24-27	den	_	_	_	
1-5	28-34	Säuren	_	_	_	
1-6	35-38	iſt	_	_	_	
1-7	39-42	bei	_	_	_	
1-8	43-46	den	_	_	_	
1-9	47-55	Alkalien	_	_	_	
1-10	56-62	größer	_	_	_	
1-11	63-66	als	_	_	_	
1-12	67-70	bei	_	_	_	
1-13	71-74	den	_	_	_	
1-14	75-91	Metallhydroxyden	_	_	_	
1-15	91-92	.	_	_	_	

#Text=Dieſe verſchiedene Verwandtſchaftsgröße nennt man
#Text=Alkalinität oder Baſicität;
#Text=ſie kann ſo verſchieden ſein, daß z.
2-1	93-98	Dieſe	_	_	_	
2-2	99-111	verſchiedene	_	_	_	
2-3	112-132	Verwandtſchaftsgröße	_	_	_	
2-4	133-138	nennt	_	_	_	
2-5	139-142	man	_	_	_	
2-6	143-154	Alkalinität	_	_	_	
2-7	155-159	oder	_	_	_	
2-8	160-169	Baſicität	_	_	_	
2-9	169-170	;	_	_	_	
2-10	171-174	ſie	_	_	_	
2-11	175-179	kann	_	_	_	
2-12	180-182	ſo	_	_	_	
2-13	183-194	verſchieden	_	_	_	
2-14	195-199	ſein	_	_	_	
2-15	199-200	,	_	_	_	
2-16	201-204	daß	_	_	_	
2-17	205-206	z	_	_	_	
2-18	206-207	.	_	_	_	

#Text=B. das
#Text=Thonerdehydrat, Aluminiumhydroxyd, ſich gegen ſtarke Säuren (Schwefel-
#Text=ſäure, Eſſigſäure) als Baſe, gegen ſtarke Baſen aber, z.
3-1	208-209	B	_	_	_	
3-2	209-210	.	_	_	_	
3-3	211-214	das	_	_	_	
3-4	215-229	Thonerdehydrat	_	_	_	
3-5	229-230	,	_	_	_	
3-6	231-248	Aluminiumhydroxyd	_	_	_	
3-7	248-249	,	_	_	_	
3-8	250-254	ſich	_	_	_	
3-9	255-260	gegen	_	_	_	
3-10	261-267	ſtarke	_	_	_	
3-11	268-274	Säuren	_	_	_	
3-12	275-276	(	_	_	_	
3-13	276-284	Schwefel	_	_	_	
3-14	284-285	-	_	_	_	
3-15	286-291	ſäure	_	_	_	
3-16	291-292	,	_	_	_	
3-17	293-303	Eſſigſäure	_	_	_	
3-18	303-304	)	_	_	_	
3-19	305-308	als	_	_	_	
3-20	309-313	Baſe	_	_	_	
3-21	313-314	,	_	_	_	
3-22	315-320	gegen	_	_	_	
3-23	321-327	ſtarke	_	_	_	
3-24	328-333	Baſen	_	_	_	
3-25	334-338	aber	_	_	_	
3-26	338-339	,	_	_	_	
3-27	340-341	z	_	_	_	
3-28	341-342	.	_	_	_	

#Text=B. gegen Aetznatron,
#Text=als Säure verhält.
4-1	343-344	B	_	_	_	
4-2	344-345	.	_	_	_	
4-3	346-351	gegen	_	_	_	
4-4	352-362	Aetznatron	_	_	_	
4-5	362-363	,	_	_	_	
4-6	364-367	als	_	_	_	
4-7	368-373	Säure	_	_	_	
4-8	374-381	verhält	_	_	_	
4-9	381-382	.	_	_	_	

#Text=Letztere Verbindung iſt das in der Färberei mehrfach
#Text=
#Text=gebrauchte Thonerdenatron oder Natriumaluminat.
5-1	383-391	Letztere	_	_	_	
5-2	392-402	Verbindung	_	_	_	
5-3	403-406	iſt	_	_	_	
5-4	407-410	das	_	_	_	
5-5	411-413	in	_	_	_	
5-6	414-417	der	_	_	_	
5-7	418-426	Färberei	_	_	_	
5-8	427-435	mehrfach	_	_	_	
5-9	437-447	gebrauchte	_	_	_	
5-10	448-462	Thonerdenatron	_	_	_	
5-11	463-467	oder	_	_	_	
5-12	468-483	Natriumaluminat	_	_	_	
5-13	483-484	.	_	_	_	

#Text=Von den Baſen wird der größere Teil in der Färberei nur an Säuren
#Text=gebunden als Salze verwendet;
#Text=als freie Baſen finden nur die wenigen
#Text=folgenden Verwendung.
#Text=
#Text=
#Text=
#Text=1.
6-1	488-491	Von	_	_	_	
6-2	492-495	den	_	_	_	
6-3	496-501	Baſen	_	_	_	
6-4	502-506	wird	_	_	_	
6-5	507-510	der	_	_	_	
6-6	511-518	größere	_	_	_	
6-7	519-523	Teil	_	_	_	
6-8	524-526	in	_	_	_	
6-9	527-530	der	_	_	_	
6-10	531-539	Färberei	_	_	_	
6-11	540-543	nur	_	_	_	
6-12	544-546	an	_	_	_	
6-13	547-553	Säuren	_	_	_	
6-14	554-562	gebunden	_	_	_	
6-15	563-566	als	_	_	_	
6-16	567-572	Salze	_	_	_	
6-17	573-582	verwendet	_	_	_	
6-18	582-583	;	_	_	_	
6-19	584-587	als	_	_	_	
6-20	588-593	freie	_	_	_	
6-21	594-599	Baſen	_	_	_	
6-22	600-606	finden	_	_	_	
6-23	607-610	nur	_	_	_	
6-24	611-614	die	_	_	_	
6-25	615-622	wenigen	_	_	_	
6-26	623-632	folgenden	_	_	_	
6-27	633-643	Verwendung	_	_	_	
6-28	643-644	.	_	_	_	
6-29	648-649	1	_	_	_	
6-30	649-650	.	_	_	_	

#Text=Salmiakgeiſt iſt eine wäſſerige Löſung des Ammoniaks
#Text=N H3.
7-1	651-663	Salmiakgeiſt	Smell\_Source	*	8-1	
7-2	664-667	iſt	_	_	_	
7-3	668-672	eine	_	_	_	
7-4	673-682	wäſſerige	_	_	_	
7-5	683-689	Löſung	_	_	_	
7-6	690-693	des	_	_	_	
7-7	694-703	Ammoniaks	_	_	_	
7-8	704-705	N	_	_	_	
7-9	706-708	H3	_	_	_	
7-10	708-709	.	_	_	_	

#Text=Dieſes iſt ein ſtechendes, eigentümlich riechendes, farbloſes, nicht atembares
#Text=Gas von 0,589 ſpez.
8-1	710-716	Dieſes	Smell\_Source	*	8-13	
8-2	717-720	iſt	_	_	_	
8-3	721-724	ein	_	_	_	
8-4	725-735	ſtechendes	Quality	_	_	
8-5	735-736	,	_	_	_	
8-6	737-749	eigentümlich	Quality	_	_	
8-7	750-760	riechendes	Smell\_Word	_	_	
8-8	760-761	,	_	_	_	
8-9	762-771	farbloſes	_	_	_	
8-10	771-772	,	_	_	_	
8-11	773-778	nicht	_	_	_	
8-12	779-788	atembares	_	_	_	
8-13	789-792	Gas	Smell\_Source	_	_	
8-14	793-796	von	_	_	_	
8-15	797-802	0,589	_	_	_	
8-16	803-807	ſpez	_	_	_	
8-17	807-808	.	_	_	_	

#Text=Gewicht, welches vom Waſſer mit großer Begierde
#Text=aufgenommen wird.
#Text=1
#Text=Liter Waſſer vermag bei einer Temperatur von 0°
#Text=und normalem Barometerſtand 1050 Liter Ammoniakgas zu abſorbieren.
9-1	809-816	Gewicht	_	_	_	
9-2	816-817	,	_	_	_	
9-3	818-825	welches	_	_	_	
9-4	826-829	vom	_	_	_	
9-5	830-836	Waſſer	_	_	_	
9-6	837-840	mit	_	_	_	
9-7	841-847	großer	_	_	_	
9-8	848-856	Begierde	_	_	_	
9-9	857-868	aufgenommen	_	_	_	
9-10	869-873	wird	_	_	_	
9-11	873-874	.	_	_	_	
9-12	875-876	1	_	_	_	
9-13	877-882	Liter	_	_	_	
9-14	883-889	Waſſer	_	_	_	
9-15	890-896	vermag	_	_	_	
9-16	897-900	bei	_	_	_	
9-17	901-906	einer	_	_	_	
9-18	907-917	Temperatur	_	_	_	
9-19	918-921	von	_	_	_	
9-20	922-923	0	_	_	_	
9-21	923-924	°	_	_	_	
9-22	925-928	und	_	_	_	
9-23	929-937	normalem	_	_	_	
9-24	938-952	Barometerſtand	_	_	_	
9-25	953-957	1050	_	_	_	
9-26	958-963	Liter	_	_	_	
9-27	964-975	Ammoniakgas	_	_	_	
9-28	976-978	zu	_	_	_	
9-29	979-990	abſorbieren	_	_	_	
9-30	990-991	.	_	_	_	

#Text=Dieſe wäſſerige Löſung iſt der Salmiakgeiſt oder die Ammoniakflüſſigkeit des
#Text=Handels, eine farbloſe wäſſerige Flüſſigkeit von dem charakteriſtiſchen Geruch
#Text=
#Text=des Gaſes und ſtark baſiſchen Eigenſchaften und 0,960 ſpez.
10-1	993-998	Dieſe	_	_	_	
10-2	999-1008	wäſſerige	_	_	_	
10-3	1009-1015	Löſung	_	_	_	
10-4	1016-1019	iſt	_	_	_	
10-5	1020-1023	der	_	_	_	
10-6	1024-1036	Salmiakgeiſt	_	_	_	
10-7	1037-1041	oder	_	_	_	
10-8	1042-1045	die	_	_	_	
10-9	1046-1065	Ammoniakflüſſigkeit	_	_	_	
10-10	1066-1069	des	_	_	_	
10-11	1070-1077	Handels	_	_	_	
10-12	1077-1078	,	_	_	_	
10-13	1079-1083	eine	_	_	_	
10-14	1084-1092	farbloſe	_	_	_	
10-15	1093-1102	wäſſerige	_	_	_	
10-16	1103-1114	Flüſſigkeit	Smell\_Source	*	10-22	
10-17	1115-1118	von	_	_	_	
10-18	1119-1122	dem	_	_	_	
10-19	1123-1141	charakteriſtiſchen	Quality	_	_	
10-20	1142-1148	Geruch	Smell\_Word	_	_	
10-21	1150-1153	des	_	_	_	
10-22	1154-1159	Gaſes	Smell\_Source	_	_	
10-23	1160-1163	und	_	_	_	
10-24	1164-1169	ſtark	_	_	_	
10-25	1170-1179	baſiſchen	_	_	_	
10-26	1180-1193	Eigenſchaften	_	_	_	
10-27	1194-1197	und	_	_	_	
10-28	1198-1203	0,960	_	_	_	
10-29	1204-1208	ſpez	_	_	_	
10-30	1208-1209	.	_	_	_	

#Text=Gewicht.
11-1	1210-1217	Gewicht	_	_	_	
11-2	1217-1218	.	_	_	_	

#Text=Durch
#Text=Kochen läßt ſich das Ammoniak daraus entfernen.
12-1	1219-1224	Durch	_	_	_	
12-2	1225-1231	Kochen	_	_	_	
12-3	1232-1236	läßt	_	_	_	
12-4	1237-1241	ſich	_	_	_	
12-5	1242-1245	das	_	_	_	
12-6	1246-1254	Ammoniak	_	_	_	
12-7	1255-1261	daraus	_	_	_	
12-8	1262-1271	entfernen	_	_	_	
12-9	1271-1272	.	_	_	_	

#Text=Der Salmiakgeiſt iſt
#Text=auch bei gewöhnlicher Temperatur flüchtig, bei Annäherung von Salzſäure
#Text=
#Text=dichten weißen Nebel bildend.
13-1	1273-1276	Der	_	_	_	
13-2	1277-1289	Salmiakgeiſt	_	_	_	
13-3	1290-1293	iſt	_	_	_	
13-4	1294-1298	auch	_	_	_	
13-5	1299-1302	bei	_	_	_	
13-6	1303-1315	gewöhnlicher	_	_	_	
13-7	1316-1326	Temperatur	_	_	_	
13-8	1327-1335	flüchtig	_	_	_	
13-9	1335-1336	,	_	_	_	
13-10	1337-1340	bei	_	_	_	
13-11	1341-1351	Annäherung	_	_	_	
13-12	1352-1355	von	_	_	_	
13-13	1356-1365	Salzſäure	_	_	_	
13-14	1367-1374	dichten	_	_	_	
13-15	1375-1381	weißen	_	_	_	
13-16	1382-1387	Nebel	_	_	_	
13-17	1388-1395	bildend	_	_	_	
13-18	1395-1396	.	_	_	_	
