#FORMAT=WebAnno TSV 3.3


#Text=Om een lóópen van den mond te veroorzaken;
#Text=doe Mercuriale, of Kwikzilver poejer
#Text=
#Text=branden.
1-1	4-6	Om	
1-2	7-10	een	
1-3	11-17	lóópen	
1-4	18-21	van	
1-5	22-25	den	
1-6	26-30	mond	
1-7	31-33	te	
1-8	34-45	veroorzaken	
1-9	45-46	;	
1-10	47-50	doe	
1-11	51-61	Mercuriale	
1-12	61-62	,	
1-13	63-65	of	
1-14	66-76	Kwikzilver	
1-15	77-83	poejer	
1-16	85-92	branden	
1-17	92-93	.	

#Text=Eindlyk voor andere ongesteldheden, of ziekten, gebruikt men poejers, of bekwame
#Text=drogeryen, om ze te genezen, of enige verlichting toe te brengen.
2-1	95-102	Eindlyk	
2-2	103-107	voor	
2-3	108-114	andere	
2-4	115-129	ongesteldheden	
2-5	129-130	,	
2-6	131-133	of	
2-7	134-141	ziekten	
2-8	141-142	,	
2-9	143-151	gebruikt	
2-10	152-155	men	
2-11	156-163	poejers	
2-12	163-164	,	
2-13	165-167	of	
2-14	168-175	bekwame	
2-15	176-185	drogeryen	
2-16	185-186	,	
2-17	187-189	om	
2-18	190-192	ze	
2-19	193-195	te	
2-20	196-203	genezen	
2-21	203-204	,	
2-22	205-207	of	
2-23	208-213	enige	
2-24	214-225	verlichting	
2-25	226-229	toe	
2-26	230-232	te	
2-27	233-240	brengen	
2-28	240-241	.	

#Text=By voorbeeld, om
#Text=’t hart te sterken, en de hersenen, der droefgeestigen;
#Text=maakt men hun zakjes, of men
#Text=berookt hunne klederen met kruideryen.
3-1	242-244	By	
3-2	245-254	voorbeeld	
3-3	254-255	,	
3-4	256-258	om	
3-5	259-260	’	
3-6	260-261	t	
3-7	262-266	hart	
3-8	267-269	te	
3-9	270-277	sterken	
3-10	277-278	,	
3-11	279-281	en	
3-12	282-284	de	
3-13	285-293	hersenen	
3-14	293-294	,	
3-15	295-298	der	
3-16	299-313	droefgeestigen	
3-17	313-314	;	
3-18	315-320	maakt	
3-19	321-324	men	
3-20	325-328	hun	
3-21	329-335	zakjes	
3-22	335-336	,	
3-23	337-339	of	
3-24	340-343	men	
3-25	344-351	berookt	
3-26	352-357	hunne	
3-27	358-366	klederen	
3-28	367-370	met	
3-29	371-381	kruideryen	
3-30	381-382	.	

#Text=Om de lucht te zuiveren.
4-1	385-387	Om	
4-2	388-390	de	
4-3	391-396	lucht	
4-4	397-399	te	
4-5	400-408	zuiveren	
4-6	408-409	.	

#Text=Men doet ten dien einde Reukballetjes branden, Beijen,
#Text=of Greinen van Jenever.
5-1	410-413	Men	
5-2	414-418	doet	
5-3	419-422	ten	
5-4	423-427	dien	
5-5	428-433	einde	
5-6	434-447	Reukballetjes	
5-7	448-455	branden	
5-8	455-456	,	
5-9	457-463	Beijen	
5-10	463-464	,	
5-11	465-467	of	
5-12	468-475	Greinen	
5-13	476-479	van	
5-14	480-487	Jenever	
5-15	487-488	.	

#Text=Men moet ook hout doen branden, en ander hout welks reuk
#Text=aangenaam is, en ’t bederf verdryft.
6-1	489-492	Men	
6-2	493-497	moet	
6-3	498-501	ook	
6-4	502-506	hout	
6-5	507-511	doen	
6-6	512-519	branden	
6-7	519-520	,	
6-8	521-523	en	
6-9	524-529	ander	
6-10	530-534	hout	
6-11	535-540	welks	
6-12	541-545	reuk	
6-13	546-555	aangenaam	
6-14	556-558	is	
6-15	558-559	,	
6-16	560-562	en	
6-17	563-564	’	
6-18	564-565	t	
6-19	566-572	bederf	
6-20	573-581	verdryft	
6-21	581-582	.	

#Text=Vochtig Reukwerk.
7-1	585-592	Vochtig	
7-2	593-601	Reukwerk	
7-3	601-602	.	

#Text=Om ’t Vertrek eens Zieken op een aangename wyze ruikend te maken.
8-1	605-607	Om	
8-2	608-609	’	
8-3	609-610	t	
8-4	611-618	Vertrek	
8-5	619-623	eens	
8-6	624-630	Zieken	
8-7	631-633	op	
8-8	634-637	een	
8-9	638-647	aangename	
8-10	648-652	wyze	
8-11	653-660	ruikend	
8-12	661-663	te	
8-13	664-669	maken	
8-14	669-670	.	

#Text=Men moet een
#Text=Fles met een naauwen hals vullen met Oranje-, of enig ander water, welks reuk
#Text=aangenaam is, en ze zetten op
#Text=
#Text=M.
9-1	671-674	Men	
9-2	675-679	moet	
9-3	680-683	een	
9-4	684-688	Fles	
9-5	689-692	met	
9-6	693-696	een	
9-7	697-704	naauwen	
9-8	705-709	hals	
9-9	710-716	vullen	
9-10	717-720	met	
9-11	721-727	Oranje	
9-12	727-728	-	
9-13	728-729	,	
9-14	730-732	of	
9-15	733-737	enig	
9-16	738-743	ander	
9-17	744-749	water	
9-18	749-750	,	
9-19	751-756	welks	
9-20	757-761	reuk	
9-21	762-771	aangenaam	
9-22	772-774	is	
9-23	774-775	,	
9-24	776-778	en	
9-25	779-781	ze	
9-26	782-788	zetten	
9-27	789-791	op	
9-28	793-794	M	
9-29	794-795	.	

#Text=Noel Chomel, Huishoudelyk woordboek
#Text=
#Text=\f
#Text=895
#Text=
#Text=een Konfoort met heete as, op dat’
#Text=er de damp zachtjes uit ga, en zich zacht en zoet
#Text=verspreide.
10-1	796-800	Noel	
10-2	801-807	Chomel	
10-3	807-808	,	
10-4	809-821	Huishoudelyk	
10-5	822-831	woordboek	
10-6	835-838	895	
10-7	840-843	een	
10-8	844-852	Konfoort	
10-9	853-856	met	
10-10	857-862	heete	
10-11	863-865	as	
10-12	865-866	,	
10-13	867-869	op	
10-14	870-873	dat	
10-15	873-874	’	
10-16	875-877	er	
10-17	878-880	de	
10-18	881-885	damp	
10-19	886-894	zachtjes	
10-20	895-898	uit	
10-21	899-901	ga	
10-22	901-902	,	
10-23	903-905	en	
10-24	906-910	zich	
10-25	911-916	zacht	
10-26	917-919	en	
10-27	920-924	zoet	
10-28	925-935	verspreide	
10-29	935-936	.	

#Text=Om de Kortademigen te hulp te komen.
11-1	939-941	Om	
11-2	942-944	de	
11-3	945-957	Kortademigen	
11-4	958-960	te	
11-5	961-965	hulp	
11-6	966-968	te	
11-7	969-974	komen	
11-8	974-975	.	
