#FORMAT=WebAnno TSV 3.3


#Text=Haoc lentcntiam antequam hic expono, politiones aliquas
#Text=
#Text=
#Text=
#Text=præmitto.
1-1	2-6	Haoc	
1-2	7-17	lentcntiam	
1-3	18-26	antequam	
1-4	27-30	hic	
1-5	31-37	expono	
1-6	37-38	,	
1-7	39-49	politiones	
1-8	50-57	aliquas	
1-9	61-69	præmitto	
1-10	69-70	.	

#Text=POSITIO I.
2-1	71-78	POSITIO	
2-2	79-80	I	
2-3	80-81	.	

#Text=Aer abundat particulis cujufcumque generis, figure , ac magnitudinis.
3-1	82-85	Aer	
3-2	86-93	abundat	
3-3	94-104	particulis	
3-4	105-116	cujufcumque	
3-5	117-124	generis	
3-6	124-125	,	
3-7	126-132	figure	
3-8	133-134	,	
3-9	135-137	ac	
3-10	138-150	magnitudinis	
3-11	150-151	.	

#Text=A nemine hoc jam in dubium revocacur , caque super re consuli poteft Muffchembrebek... 38.
4-1	152-153	A	
4-2	154-160	nemine	
4-3	161-164	hoc	
4-4	165-168	jam	
4-5	169-171	in	
4-6	172-178	dubium	
4-7	179-188	revocacur	
4-8	189-190	,	
4-9	191-196	caque	
4-10	197-202	super	
4-11	203-205	re	
4-12	206-213	consuli	
4-13	214-220	poteft	
4-14	221-235	Muffchembrebek	
4-15	235-236	.	
4-16	236-237	.	
4-17	237-238	.	
4-18	239-241	38	
4-19	241-242	.	

#Text=II.
5-1	243-245	II	
5-2	245-246	.	

#Text=Sonus fit per tremulum aeris motum, quem carpus fonorum in eodem dere procreut.
6-1	247-252	Sonus	
6-2	253-256	fit	
6-3	257-260	per	
6-4	261-269	tremulum	
6-5	270-275	aeris	
6-6	276-281	motum	
6-7	281-282	,	
6-8	283-287	quem	
6-9	288-294	carpus	
6-10	295-302	fonorum	
6-11	303-305	in	
6-12	306-311	eodem	
6-13	312-316	dere	
6-14	317-325	procreut	
6-15	325-326	.	

#Text=Licet non omnino conveniant phylici in motu aflıgnando , qui fonum constituie, in co tamen consentiunt , quod ionus nihil fie aliud, quam acris motus.
7-1	327-332	Licet	
7-2	333-336	non	
7-3	337-343	omnino	
7-4	344-354	conveniant	
7-5	355-362	phylici	
7-6	363-365	in	
7-7	366-370	motu	
7-8	371-381	aflıgnando	
7-9	382-383	,	
7-10	384-387	qui	
7-11	388-393	fonum	
7-12	394-404	constituie	
7-13	404-405	,	
7-14	406-408	in	
7-15	409-411	co	
7-16	412-417	tamen	
7-17	418-429	consentiunt	
7-18	430-431	,	
7-19	432-436	quod	
7-20	437-442	ionus	
7-21	443-448	nihil	
7-22	449-452	fie	
7-23	453-458	aliud	
7-24	458-459	,	
7-25	460-464	quam	
7-26	465-470	acris	
7-27	471-476	motus	
7-28	476-477	.	

#Text=Lux fimili ratione producitur, ac fonus.
8-1	478-481	Lux	
8-2	482-488	fimili	
8-3	489-496	ratione	
8-4	497-507	producitur	
8-5	507-508	,	
8-6	509-511	ac	
8-7	512-517	fonus	
8-8	517-518	.	

#Text=Lucem fieri per cor.
#Text=pusculorum emiffionem a corpore lucido, docent quidem plures Phylicijali tamen, ut Cartelius, Malebranchius, Huygenius &c. mocum quendam in lucidis particulis concipiunt a corpore lucido iifdem imprellum, propter quem illæ fcoracionem procreeat in organo visus: neutra ex his featenciis suis caret difficultatibus; mihi licear interea secundam adoptare, fi non ut veram, faltem ut verosimilem, qua tantum utar ad clariorem meæ de odoribus theoriæ explicationem,
#Text=
#Text=IX.
9-1	519-524	Lucem	
9-2	525-530	fieri	
9-3	531-534	per	
9-4	535-538	cor	
9-5	538-539	.	
9-6	540-550	pusculorum	
9-7	551-561	emiffionem	
9-8	562-563	a	
9-9	564-571	corpore	
9-10	572-578	lucido	
9-11	578-579	,	
9-12	580-586	docent	
9-13	587-593	quidem	
9-14	594-600	plures	
9-15	601-612	Phylicijali	
9-16	613-618	tamen	
9-17	618-619	,	
9-18	620-622	ut	
9-19	623-632	Cartelius	
9-20	632-633	,	
9-21	634-647	Malebranchius	
9-22	647-648	,	
9-23	649-658	Huygenius	
9-24	659-660	&	
9-25	660-661	c	
9-26	661-662	.	
9-27	663-668	mocum	
9-28	669-676	quendam	
9-29	677-679	in	
9-30	680-687	lucidis	
9-31	688-698	particulis	
9-32	699-709	concipiunt	
9-33	710-711	a	
9-34	712-719	corpore	
9-35	720-726	lucido	
9-36	727-733	iifdem	
9-37	734-743	imprellum	
9-38	743-744	,	
9-39	745-752	propter	
9-40	753-757	quem	
9-41	758-762	illæ	
9-42	763-774	fcoracionem	
9-43	775-784	procreeat	
9-44	785-787	in	
9-45	788-794	organo	
9-46	795-800	visus	
9-47	800-801	:	
9-48	802-808	neutra	
9-49	809-811	ex	
9-50	812-815	his	
9-51	816-826	featenciis	
9-52	827-831	suis	
9-53	832-837	caret	
9-54	838-853	difficultatibus	
9-55	853-854	;	
9-56	855-859	mihi	
9-57	860-866	licear	
9-58	867-874	interea	
9-59	875-883	secundam	
9-60	884-892	adoptare	
9-61	892-893	,	
9-62	894-896	fi	
9-63	897-900	non	
9-64	901-903	ut	
9-65	904-909	veram	
9-66	909-910	,	
9-67	911-917	faltem	
9-68	918-920	ut	
9-69	921-932	verosimilem	
9-70	932-933	,	
9-71	934-937	qua	
9-72	938-944	tantum	
9-73	945-949	utar	
9-74	950-952	ad	
9-75	953-962	clariorem	
9-76	963-966	meæ	
9-77	967-969	de	
9-78	970-978	odoribus	
9-79	979-986	theoriæ	
9-80	987-1000	explicationem	
9-81	1000-1001	,	
9-82	1003-1005	IX	
9-83	1005-1006	.	

#Text=His
#Text=
#Text=
#Text=
#Text=
#Text=
#Text=IX, His animadversis, odores cadem ratione generari concipio, ac
#Text=
#Text=fiat fonus, vel lux, ut in fecunda, ae tertia pofitione ; a corpore nimirum odorifero morus communicatur particulis certi generis per acrem disperfis, qux per primam pofitionem nunquam ia acre desunt; hujusmodi vero particule certo motu agratz ex varia odoriferi corporis natura fuo appulsu ad olfactus organum sensationem in eodem excitane.
10-1	1007-1010	His	
10-2	1016-1018	IX	
10-3	1018-1019	,	
10-4	1020-1023	His	
10-5	1024-1036	animadversis	
10-6	1036-1037	,	
10-7	1038-1044	odores	
10-8	1045-1050	cadem	
10-9	1051-1058	ratione	
10-10	1059-1067	generari	
10-11	1068-1076	concipio	
10-12	1076-1077	,	
10-13	1078-1080	ac	
10-14	1082-1086	fiat	
10-15	1087-1092	fonus	
10-16	1092-1093	,	
10-17	1094-1097	vel	
10-18	1098-1101	lux	
10-19	1101-1102	,	
10-20	1103-1105	ut	
10-21	1106-1108	in	
10-22	1109-1116	fecunda	
10-23	1116-1117	,	
10-24	1118-1120	ae	
10-25	1121-1127	tertia	
10-26	1128-1137	pofitione	
10-27	1138-1139	;	
10-28	1140-1141	a	
10-29	1142-1149	corpore	
10-30	1150-1157	nimirum	
10-31	1158-1167	odorifero	
10-32	1168-1173	morus	
10-33	1174-1186	communicatur	
10-34	1187-1197	particulis	
10-35	1198-1203	certi	
10-36	1204-1211	generis	
10-37	1212-1215	per	
10-38	1216-1221	acrem	
10-39	1222-1231	disperfis	
10-40	1231-1232	,	
10-41	1233-1236	qux	
10-42	1237-1240	per	
10-43	1241-1247	primam	
10-44	1248-1258	pofitionem	
10-45	1259-1266	nunquam	
10-46	1267-1269	ia	
10-47	1270-1274	acre	
10-48	1275-1281	desunt	
10-49	1281-1282	;	
10-50	1283-1292	hujusmodi	
10-51	1293-1297	vero	
10-52	1298-1307	particule	
10-53	1308-1313	certo	
10-54	1314-1318	motu	
10-55	1319-1325	agratz	
10-56	1326-1328	ex	
10-57	1329-1334	varia	
10-58	1335-1344	odoriferi	
10-59	1345-1353	corporis	
10-60	1354-1360	natura	
10-61	1361-1364	fuo	
10-62	1365-1372	appulsu	
10-63	1373-1375	ad	
10-64	1376-1384	olfactus	
10-65	1385-1392	organum	
10-66	1393-1404	sensationem	
10-67	1405-1407	in	
10-68	1408-1413	eodem	
10-69	1414-1422	excitane	
10-70	1422-1423	.	

#Text=Difficultatem, quam supra innuimus de insengbili ponderis decremeato in communi fententia post emiffionem magnæ particularum copiæ, hic evitari, nemo sane non videt; illud igitur unice superett, ut reliqua ad odores fpectantia expilicem ; animus tamen non eft omnia Gngillatim perfequi, fed quædam præcipua tantum delibare, ex quibus reli
#Text=
#Text=qua suo marte quilibet erucre poflic.
11-1	1424-1437	Difficultatem	
11-2	1437-1438	,	
11-3	1439-1443	quam	
11-4	1444-1449	supra	
11-5	1450-1458	innuimus	
11-6	1459-1461	de	
11-7	1462-1472	insengbili	
11-8	1473-1481	ponderis	
11-9	1482-1492	decremeato	
11-10	1493-1495	in	
11-11	1496-1503	communi	
11-12	1504-1513	fententia	
11-13	1514-1518	post	
11-14	1519-1529	emiffionem	
11-15	1530-1535	magnæ	
11-16	1536-1548	particularum	
11-17	1549-1554	copiæ	
11-18	1554-1555	,	
11-19	1556-1559	hic	
11-20	1560-1567	evitari	
11-21	1567-1568	,	
11-22	1569-1573	nemo	
11-23	1574-1578	sane	
11-24	1579-1582	non	
11-25	1583-1588	videt	
11-26	1588-1589	;	
11-27	1590-1595	illud	
11-28	1596-1602	igitur	
11-29	1603-1608	unice	
11-30	1609-1617	superett	
11-31	1617-1618	,	
11-32	1619-1621	ut	
11-33	1622-1629	reliqua	
11-34	1630-1632	ad	
11-35	1633-1639	odores	
11-36	1640-1650	fpectantia	
11-37	1651-1660	expilicem	
11-38	1661-1662	;	
11-39	1663-1669	animus	
11-40	1670-1675	tamen	
11-41	1676-1679	non	
11-42	1680-1683	eft	
11-43	1684-1689	omnia	
11-44	1690-1700	Gngillatim	
11-45	1701-1709	perfequi	
11-46	1709-1710	,	
11-47	1711-1714	fed	
11-48	1715-1721	quædam	
11-49	1722-1730	præcipua	
11-50	1731-1737	tantum	
11-51	1738-1746	delibare	
11-52	1746-1747	,	
11-53	1748-1750	ex	
11-54	1751-1757	quibus	
11-55	1758-1762	reli	
11-56	1764-1767	qua	
11-57	1768-1771	suo	
11-58	1772-1777	marte	
11-59	1778-1786	quilibet	
11-60	1787-1793	erucre	
11-61	1794-1800	poflic	
11-62	1800-1801	.	

#Text=X.
12-1	1802-1803	X	
12-2	1803-1804	.	

#Text=Eç primo quidem motus odoriferi corporis eft in minimis
#Text=
#Text=ejusdem particulis, qui comparari poteft motui corporis lucidi, & maximc carbonis accenfi , cujus partes infenfibili motu moventur , a quo morus producitur in materia lucida per aerem dispersa : cadem ratione insensibiles corporis odoriferi particulæ motu quodam agitantur, qui particulis certi generis peo aerem communicatur, donec ad olfactus organum perveniat.
13-1	1805-1807	Eç	
13-2	1808-1813	primo	
13-3	1814-1820	quidem	
13-4	1821-1826	motus	
13-5	1827-1836	odoriferi	
13-6	1837-1845	corporis	
13-7	1846-1849	eft	
13-8	1850-1852	in	
13-9	1853-1860	minimis	
13-10	1862-1869	ejusdem	
13-11	1870-1880	particulis	
13-12	1880-1881	,	
13-13	1882-1885	qui	
13-14	1886-1895	comparari	
13-15	1896-1902	poteft	
13-16	1903-1908	motui	
13-17	1909-1917	corporis	
13-18	1918-1924	lucidi	
13-19	1924-1925	,	
13-20	1926-1927	&	
13-21	1928-1934	maximc	
13-22	1935-1943	carbonis	
13-23	1944-1951	accenfi	
13-24	1952-1953	,	
13-25	1954-1959	cujus	
13-26	1960-1966	partes	
13-27	1967-1978	infenfibili	
13-28	1979-1983	motu	
13-29	1984-1992	moventur	
13-30	1993-1994	,	
13-31	1995-1996	a	
13-32	1997-2000	quo	
13-33	2001-2006	morus	
13-34	2007-2017	producitur	
13-35	2018-2020	in	
13-36	2021-2028	materia	
13-37	2029-2035	lucida	
13-38	2036-2039	per	
13-39	2040-2045	aerem	
13-40	2046-2054	dispersa	
13-41	2055-2056	:	
13-42	2057-2062	cadem	
13-43	2063-2070	ratione	
13-44	2071-2083	insensibiles	
13-45	2084-2092	corporis	
13-46	2093-2102	odoriferi	
13-47	2103-2112	particulæ	
13-48	2113-2117	motu	
13-49	2118-2124	quodam	
13-50	2125-2134	agitantur	
13-51	2134-2135	,	
13-52	2136-2139	qui	
13-53	2140-2150	particulis	
13-54	2151-2156	certi	
13-55	2157-2164	generis	
13-56	2165-2168	peo	
13-57	2169-2174	aerem	
13-58	2175-2187	communicatur	
13-59	2187-2188	,	
13-60	2189-2194	donec	
13-61	2195-2197	ad	
13-62	2198-2206	olfactus	
13-63	2207-2214	organum	
13-64	2215-2224	perveniat	
13-65	2224-2225	.	

#Text=Nequc difficile eft motus causam in inf-ofibilibus corporis odoriferi particulis assignare : primo enim intestina quxdam pugna ia minimis particulis corporis odoriferi motum procreare pa.
#Text=teft, a quo particulæ odoræ agitentur ; deinde motus iplius aeris, vel alterius materiæ subtilioris hunc motum particulis odașis tribuere poteft, aer enim nunquam omnino quiescit.
14-1	2226-2231	Nequc	
14-2	2232-2241	difficile	
14-3	2242-2245	eft	
14-4	2246-2251	motus	
14-5	2252-2258	causam	
14-6	2259-2261	in	
14-7	2262-2276	inf-ofibilibus	
14-8	2277-2285	corporis	
14-9	2286-2295	odoriferi	
14-10	2296-2306	particulis	
14-11	2307-2316	assignare	
14-12	2317-2318	:	
14-13	2319-2324	primo	
14-14	2325-2329	enim	
14-15	2330-2339	intestina	
14-16	2340-2346	quxdam	
14-17	2347-2352	pugna	
14-18	2353-2355	ia	
14-19	2356-2363	minimis	
14-20	2364-2374	particulis	
14-21	2375-2383	corporis	
14-22	2384-2393	odoriferi	
14-23	2394-2399	motum	
14-24	2400-2409	procreare	
14-25	2410-2412	pa	
14-26	2412-2413	.	
14-27	2414-2418	teft	
14-28	2418-2419	,	
14-29	2420-2421	a	
14-30	2422-2425	quo	
14-31	2426-2435	particulæ	
14-32	2436-2441	odoræ	
14-33	2442-2451	agitentur	
14-34	2452-2453	;	
14-35	2454-2460	deinde	
14-36	2461-2466	motus	
14-37	2467-2473	iplius	
14-38	2474-2479	aeris	
14-39	2479-2480	,	
14-40	2481-2484	vel	
14-41	2485-2493	alterius	
14-42	2494-2501	materiæ	
14-43	2502-2513	subtilioris	
14-44	2514-2518	hunc	
14-45	2519-2524	motum	
14-46	2525-2535	particulis	
14-47	2536-2542	odașis	
14-48	2543-2551	tribuere	
14-49	2552-2558	poteft	
14-50	2558-2559	,	
14-51	2560-2563	aer	
14-52	2564-2568	enim	
14-53	2569-2576	nunquam	
14-54	2577-2583	omnino	
14-55	2584-2592	quiescit	
14-56	2592-2593	.	

#Text=Infirmæ quidem sung hujusmodi caufæ, adeoque non nifi mo, tum valde cenuem procreare pollunt; ideo ut S. 111. vidimus, macerix odorę motus elt valdc lentus, & nih adjuverut a motu acris impressionem nullam efficere poteft, vel satis tenuem; quare cum motus liç tardillimus, caula valida non requiritur.
#Text=lo hoc noftra de odoribus theoria præstac alteri de luce: cum enim lucis, propagatio fic celerrima, validiilimanı causam requirir, que non fatis facile excogitari pocelt; ar hic obyiam, ac patentem caufam habemus, qux fatis.
#Text=superque est ad lentam propagacionem efficiendam.
15-1	2594-2601	Infirmæ	
15-2	2602-2608	quidem	
15-3	2609-2613	sung	
15-4	2614-2623	hujusmodi	
15-5	2624-2629	caufæ	
15-6	2629-2630	,	
15-7	2631-2638	adeoque	
15-8	2639-2642	non	
15-9	2643-2647	nifi	
15-10	2648-2650	mo	
15-11	2650-2651	,	
15-12	2652-2655	tum	
15-13	2656-2661	valde	
15-14	2662-2668	cenuem	
15-15	2669-2678	procreare	
15-16	2679-2686	pollunt	
15-17	2686-2687	;	
15-18	2688-2692	ideo	
15-19	2693-2695	ut	
15-20	2696-2697	S	
15-21	2697-2698	.	
15-22	2699-2702	111	
15-23	2702-2703	.	
15-24	2704-2711	vidimus	
15-25	2711-2712	,	
15-26	2713-2720	macerix	
15-27	2721-2726	odorę	
15-28	2727-2732	motus	
15-29	2733-2736	elt	
15-30	2737-2742	valdc	
15-31	2743-2749	lentus	
15-32	2749-2750	,	
15-33	2751-2752	&	
15-34	2753-2756	nih	
15-35	2757-2766	adjuverut	
15-36	2767-2768	a	
15-37	2769-2773	motu	
15-38	2774-2779	acris	
15-39	2780-2792	impressionem	
15-40	2793-2799	nullam	
15-41	2800-2808	efficere	
15-42	2809-2815	poteft	
15-43	2815-2816	,	
15-44	2817-2820	vel	
15-45	2821-2826	satis	
15-46	2827-2833	tenuem	
15-47	2833-2834	;	
15-48	2835-2840	quare	
15-49	2841-2844	cum	
15-50	2845-2850	motus	
15-51	2851-2854	liç	
15-52	2855-2866	tardillimus	
15-53	2866-2867	,	
15-54	2868-2873	caula	
15-55	2874-2880	valida	
15-56	2881-2884	non	
15-57	2885-2895	requiritur	
15-58	2895-2896	.	
15-59	2897-2899	lo	
15-60	2900-2903	hoc	
15-61	2904-2910	noftra	
15-62	2911-2913	de	
15-63	2914-2922	odoribus	
15-64	2923-2930	theoria	
15-65	2931-2938	præstac	
15-66	2939-2945	alteri	
15-67	2946-2948	de	
15-68	2949-2953	luce	
15-69	2953-2954	:	
15-70	2955-2958	cum	
15-71	2959-2963	enim	
15-72	2964-2969	lucis	
15-73	2969-2970	,	
15-74	2971-2981	propagatio	
15-75	2982-2985	fic	
15-76	2986-2995	celerrima	
15-77	2995-2996	,	
15-78	2997-3010	validiilimanı	
15-79	3011-3017	causam	
15-80	3018-3026	requirir	
15-81	3026-3027	,	
15-82	3028-3031	que	
15-83	3032-3035	non	
15-84	3036-3041	fatis	
15-85	3042-3048	facile	
15-86	3049-3059	excogitari	
15-87	3060-3066	pocelt	
15-88	3066-3067	;	
15-89	3068-3070	ar	
15-90	3071-3074	hic	
15-91	3075-3081	obyiam	
15-92	3081-3082	,	
15-93	3083-3085	ac	
15-94	3086-3094	patentem	
15-95	3095-3101	caufam	
15-96	3102-3109	habemus	
15-97	3109-3110	,	
15-98	3111-3114	qux	
15-99	3115-3120	fatis	
15-100	3120-3121	.	
15-101	3122-3130	superque	
15-102	3131-3134	est	
15-103	3135-3137	ad	
15-104	3138-3144	lentam	
15-105	3145-3158	propagacionem	
15-106	3159-3170	efficiendam	
15-107	3170-3171	.	

#Text=XI.
16-1	3172-3174	XI	
16-2	3174-3175	.	

#Text=Corpora odorifera suo odore inficiunt alia, quibus sunt pros xima, vel quibus confrıcantur, eaque corpora ad plurimum tem
#Text=
#Text=pus
#Text=
#Text=
#Text=
#Text=
#Text=
#Text=pus odorem fervaot.
17-1	3176-3183	Corpora	
17-2	3184-3193	odorifera	
17-3	3194-3197	suo	
17-4	3198-3203	odore	
17-5	3204-3213	inficiunt	
17-6	3214-3218	alia	
17-7	3218-3219	,	
17-8	3220-3226	quibus	
17-9	3227-3231	sunt	
17-10	3232-3236	pros	
17-11	3237-3241	xima	
17-12	3241-3242	,	
17-13	3243-3246	vel	
17-14	3247-3253	quibus	
17-15	3254-3266	confrıcantur	
17-16	3266-3267	,	
17-17	3268-3273	eaque	
17-18	3274-3281	corpora	
17-19	3282-3284	ad	
17-20	3285-3293	plurimum	
17-21	3294-3297	tem	
17-22	3299-3302	pus	
17-23	3308-3311	pus	
17-24	3312-3318	odorem	
17-25	3319-3326	fervaot	
17-26	3326-3327	.	
