#FORMAT=WebAnno TSV 3.3


#Text=16 Et respondens unus de turba, dixit : Magister, attuli filium meum ad te habentem spiritum mutum : 17 qui ubicumque eum apprehenderit, allidit illum, et spumat, et stridet dentibus, et arescit : et dixi discipulis tuis ut ejicerent illum, et non potuerunt.
#Text=18 Qui respondens eis, dixit : O generatio incredula, quamdiu apud vos ero ?
1-1	2-4	16	
1-2	5-7	Et	
1-3	8-18	respondens	
1-4	19-23	unus	
1-5	24-26	de	
1-6	27-32	turba	
1-7	32-33	,	
1-8	34-39	dixit	
1-9	40-41	:	
1-10	42-50	Magister	
1-11	50-51	,	
1-12	52-58	attuli	
1-13	59-65	filium	
1-14	66-70	meum	
1-15	71-73	ad	
1-16	74-76	te	
1-17	77-85	habentem	
1-18	86-94	spiritum	
1-19	95-100	mutum	
1-20	101-102	:	
1-21	103-105	17	
1-22	106-109	qui	
1-23	110-119	ubicumque	
1-24	120-123	eum	
1-25	124-137	apprehenderit	
1-26	137-138	,	
1-27	139-146	allidit	
1-28	147-152	illum	
1-29	152-153	,	
1-30	154-156	et	
1-31	157-163	spumat	
1-32	163-164	,	
1-33	165-167	et	
1-34	168-175	stridet	
1-35	176-184	dentibus	
1-36	184-185	,	
1-37	186-188	et	
1-38	189-196	arescit	
1-39	197-198	:	
1-40	199-201	et	
1-41	202-206	dixi	
1-42	207-217	discipulis	
1-43	218-222	tuis	
1-44	223-225	ut	
1-45	226-235	ejicerent	
1-46	236-241	illum	
1-47	241-242	,	
1-48	243-245	et	
1-49	246-249	non	
1-50	250-259	potuerunt	
1-51	259-260	.	
1-52	261-263	18	
1-53	264-267	Qui	
1-54	268-278	respondens	
1-55	279-282	eis	
1-56	282-283	,	
1-57	284-289	dixit	
1-58	290-291	:	
1-59	292-293	O	
1-60	294-303	generatio	
1-61	304-313	incredula	
1-62	313-314	,	
1-63	315-322	quamdiu	
1-64	323-327	apud	
1-65	328-331	vos	
1-66	332-335	ero	
1-67	336-337	?	

#Text=quamdiu vos patiar ?
2-1	338-345	quamdiu	
2-2	346-349	vos	
2-3	350-356	patiar	
2-4	357-358	?	

#Text=afferte illum ad me.
#Text=19 Et attulerunt eum.
3-1	359-366	afferte	
3-2	367-372	illum	
3-3	373-375	ad	
3-4	376-378	me	
3-5	378-379	.	
3-6	380-382	19	
3-7	383-385	Et	
3-8	386-396	attulerunt	
3-9	397-400	eum	
3-10	400-401	.	

#Text=Et cum vidisset eum, statim spiritus conturbavit illum : et elisus in terram, volutabatur spumans.
#Text=20 Et interrogavit patrem ejus : Quantum temporis est ex quo ei hoc accidit ?
4-1	402-404	Et	
4-2	405-408	cum	
4-3	409-417	vidisset	
4-4	418-421	eum	
4-5	421-422	,	
4-6	423-429	statim	
4-7	430-438	spiritus	
4-8	439-450	conturbavit	
4-9	451-456	illum	
4-10	457-458	:	
4-11	459-461	et	
4-12	462-468	elisus	
4-13	469-471	in	
4-14	472-478	terram	
4-15	478-479	,	
4-16	480-491	volutabatur	
4-17	492-499	spumans	
4-18	499-500	.	
4-19	501-503	20	
4-20	504-506	Et	
4-21	507-519	interrogavit	
4-22	520-526	patrem	
4-23	527-531	ejus	
4-24	532-533	:	
4-25	534-541	Quantum	
4-26	542-550	temporis	
4-27	551-554	est	
4-28	555-557	ex	
4-29	558-561	quo	
4-30	562-564	ei	
4-31	565-568	hoc	
4-32	569-576	accidit	
4-33	577-578	?	

#Text=At ille ait : Ab infantia : 21 et frequenter eum in ignem, et in aquas misit ut eum perderet : sed si quid potes, adjuva nos, misertus nostri.
#Text=22 Jesus autem ait illi : Si potes credere, omnia possibilia sunt credenti.
#Text=23 Et continuo exclamans pater pueri, cum lacrimis aiebat : Credo, Domine ; adjuva incredulitatem meam.
#Text=24 Et cum videret Jesus concurrentem turbam, comminatus est spiritui immundo, dicens illi : Surde et mute spiritus, ego præcipio tibi, exi ab eo : et amplius ne introëas in eum.
#Text=25 Et exclamans, et multum discerpens eum, exiit ab eo, et factus est sicut mortuus, ita ut multi dicerent : Quia mortuus est.
#Text=26 Jesus autem tenens manum ejus elevavit eum, et surrexit.
#Text=27 Et cum introisset in domum, discipuli ejus secreto interrogabant eum : Quare nos non potuimus ejicere eum ?
5-1	579-581	At	
5-2	582-586	ille	
5-3	587-590	ait	
5-4	591-592	:	
5-5	593-595	Ab	
5-6	596-604	infantia	
5-7	605-606	:	
5-8	607-609	21	
5-9	610-612	et	
5-10	613-623	frequenter	
5-11	624-627	eum	
5-12	628-630	in	
5-13	631-636	ignem	
5-14	636-637	,	
5-15	638-640	et	
5-16	641-643	in	
5-17	644-649	aquas	
5-18	650-655	misit	
5-19	656-658	ut	
5-20	659-662	eum	
5-21	663-671	perderet	
5-22	672-673	:	
5-23	674-677	sed	
5-24	678-680	si	
5-25	681-685	quid	
5-26	686-691	potes	
5-27	691-692	,	
5-28	693-699	adjuva	
5-29	700-703	nos	
5-30	703-704	,	
5-31	705-713	misertus	
5-32	714-720	nostri	
5-33	720-721	.	
5-34	722-724	22	
5-35	725-730	Jesus	
5-36	731-736	autem	
5-37	737-740	ait	
5-38	741-745	illi	
5-39	746-747	:	
5-40	748-750	Si	
5-41	751-756	potes	
5-42	757-764	credere	
5-43	764-765	,	
5-44	766-771	omnia	
5-45	772-782	possibilia	
5-46	783-787	sunt	
5-47	788-796	credenti	
5-48	796-797	.	
5-49	798-800	23	
5-50	801-803	Et	
5-51	804-812	continuo	
5-52	813-822	exclamans	
5-53	823-828	pater	
5-54	829-834	pueri	
5-55	834-835	,	
5-56	836-839	cum	
5-57	840-848	lacrimis	
5-58	849-855	aiebat	
5-59	856-857	:	
5-60	858-863	Credo	
5-61	863-864	,	
5-62	865-871	Domine	
5-63	872-873	;	
5-64	874-880	adjuva	
5-65	881-895	incredulitatem	
5-66	896-900	meam	
5-67	900-901	.	
5-68	902-904	24	
5-69	905-907	Et	
5-70	908-911	cum	
5-71	912-919	videret	
5-72	920-925	Jesus	
5-73	926-938	concurrentem	
5-74	939-945	turbam	
5-75	945-946	,	
5-76	947-957	comminatus	
5-77	958-961	est	
5-78	962-970	spiritui	
5-79	971-978	immundo	
5-80	978-979	,	
5-81	980-986	dicens	
5-82	987-991	illi	
5-83	992-993	:	
5-84	994-999	Surde	
5-85	1000-1002	et	
5-86	1003-1007	mute	
5-87	1008-1016	spiritus	
5-88	1016-1017	,	
5-89	1018-1021	ego	
5-90	1022-1030	præcipio	
5-91	1031-1035	tibi	
5-92	1035-1036	,	
5-93	1037-1040	exi	
5-94	1041-1043	ab	
5-95	1044-1046	eo	
5-96	1047-1048	:	
5-97	1049-1051	et	
5-98	1052-1059	amplius	
5-99	1060-1062	ne	
5-100	1063-1071	introëas	
5-101	1072-1074	in	
5-102	1075-1078	eum	
5-103	1078-1079	.	
5-104	1080-1082	25	
5-105	1083-1085	Et	
5-106	1086-1095	exclamans	
5-107	1095-1096	,	
5-108	1097-1099	et	
5-109	1100-1106	multum	
5-110	1107-1117	discerpens	
5-111	1118-1121	eum	
5-112	1121-1122	,	
5-113	1123-1128	exiit	
5-114	1129-1131	ab	
5-115	1132-1134	eo	
5-116	1134-1135	,	
5-117	1136-1138	et	
5-118	1139-1145	factus	
5-119	1146-1149	est	
5-120	1150-1155	sicut	
5-121	1156-1163	mortuus	
5-122	1163-1164	,	
5-123	1165-1168	ita	
5-124	1169-1171	ut	
5-125	1172-1177	multi	
5-126	1178-1186	dicerent	
5-127	1187-1188	:	
5-128	1189-1193	Quia	
5-129	1194-1201	mortuus	
5-130	1202-1205	est	
5-131	1205-1206	.	
5-132	1207-1209	26	
5-133	1210-1215	Jesus	
5-134	1216-1221	autem	
5-135	1222-1228	tenens	
5-136	1229-1234	manum	
5-137	1235-1239	ejus	
5-138	1240-1248	elevavit	
5-139	1249-1252	eum	
5-140	1252-1253	,	
5-141	1254-1256	et	
5-142	1257-1265	surrexit	
5-143	1265-1266	.	
5-144	1267-1269	27	
5-145	1270-1272	Et	
5-146	1273-1276	cum	
5-147	1277-1287	introisset	
5-148	1288-1290	in	
5-149	1291-1296	domum	
5-150	1296-1297	,	
5-151	1298-1307	discipuli	
5-152	1308-1312	ejus	
5-153	1313-1320	secreto	
5-154	1321-1334	interrogabant	
5-155	1335-1338	eum	
5-156	1339-1340	:	
5-157	1341-1346	Quare	
5-158	1347-1350	nos	
5-159	1351-1354	non	
5-160	1355-1363	potuimus	
5-161	1364-1371	ejicere	
5-162	1372-1375	eum	
5-163	1376-1377	?	

#Text=28 Et dixit illis : Hoc genus in nullo potest exire, nisi in oratione et jejunio.
#Text=29 Et inde profecti prætergrediebantur Galilæam : nec volebat quemquam scire.
#Text=30 Docebat autem discipulos suos, et dicebat illis : Quoniam Filius hominis tradetur in manus hominum, et occident eum, et occisus tertia die resurget.
#Text=31 At illi ignorabant verbum : et timebant interrogare eum.
#Text=32 Et venerunt Capharnaum.
6-1	1378-1380	28	
6-2	1381-1383	Et	
6-3	1384-1389	dixit	
6-4	1390-1395	illis	
6-5	1396-1397	:	
6-6	1398-1401	Hoc	
6-7	1402-1407	genus	
6-8	1408-1410	in	
6-9	1411-1416	nullo	
6-10	1417-1423	potest	
6-11	1424-1429	exire	
6-12	1429-1430	,	
6-13	1431-1435	nisi	
6-14	1436-1438	in	
6-15	1439-1447	oratione	
6-16	1448-1450	et	
6-17	1451-1458	jejunio	
6-18	1458-1459	.	
6-19	1460-1462	29	
6-20	1463-1465	Et	
6-21	1466-1470	inde	
6-22	1471-1479	profecti	
6-23	1480-1498	prætergrediebantur	
6-24	1499-1507	Galilæam	
6-25	1508-1509	:	
6-26	1510-1513	nec	
6-27	1514-1521	volebat	
6-28	1522-1530	quemquam	
6-29	1531-1536	scire	
6-30	1536-1537	.	
6-31	1538-1540	30	
6-32	1541-1548	Docebat	
6-33	1549-1554	autem	
6-34	1555-1565	discipulos	
6-35	1566-1570	suos	
6-36	1570-1571	,	
6-37	1572-1574	et	
6-38	1575-1582	dicebat	
6-39	1583-1588	illis	
6-40	1589-1590	:	
6-41	1591-1598	Quoniam	
6-42	1599-1605	Filius	
6-43	1606-1613	hominis	
6-44	1614-1622	tradetur	
6-45	1623-1625	in	
6-46	1626-1631	manus	
6-47	1632-1639	hominum	
6-48	1639-1640	,	
6-49	1641-1643	et	
6-50	1644-1652	occident	
6-51	1653-1656	eum	
6-52	1656-1657	,	
6-53	1658-1660	et	
6-54	1661-1668	occisus	
6-55	1669-1675	tertia	
6-56	1676-1679	die	
6-57	1680-1688	resurget	
6-58	1688-1689	.	
6-59	1690-1692	31	
6-60	1693-1695	At	
6-61	1696-1700	illi	
6-62	1701-1711	ignorabant	
6-63	1712-1718	verbum	
6-64	1719-1720	:	
6-65	1721-1723	et	
6-66	1724-1732	timebant	
6-67	1733-1744	interrogare	
6-68	1745-1748	eum	
6-69	1748-1749	.	
6-70	1750-1752	32	
6-71	1753-1755	Et	
6-72	1756-1764	venerunt	
6-73	1765-1775	Capharnaum	
6-74	1775-1776	.	

#Text=Qui cum domi essent, interrogabat eos : Quid in via tractabatis ?
7-1	1777-1780	Qui	
7-2	1781-1784	cum	
7-3	1785-1789	domi	
7-4	1790-1796	essent	
7-5	1796-1797	,	
7-6	1798-1810	interrogabat	
7-7	1811-1814	eos	
7-8	1815-1816	:	
7-9	1817-1821	Quid	
7-10	1822-1824	in	
7-11	1825-1828	via	
7-12	1829-1840	tractabatis	
7-13	1841-1842	?	
