#FORMAT=WebAnno TSV 3.3
#T_SP=custom.Span|label
#T_RL=custom.Relation|label|BT_custom.Span


#Text=Phæn: XII.
1-1	2-6	Phæn	_	_	_	
1-2	6-7	:	_	_	_	
1-3	8-11	XII	_	_	_	
1-4	11-12	.	_	_	_	

#Text=XII.
2-1	13-16	XII	_	_	_	
2-2	16-17	.	_	_	_	

#Text=XVI.
#Text=& XVH.
#Text=rationes in capite hujus difputationis quarto breviter tradere conabimur.
3-1	18-21	XVI	_	_	_	
3-2	21-22	.	_	_	_	
3-3	23-24	&	_	_	_	
3-4	25-28	XVH	_	_	_	
3-5	28-29	.	_	_	_	
3-6	30-38	rationes	_	_	_	
3-7	39-41	in	_	_	_	
3-8	42-48	capite	_	_	_	
3-9	49-54	hujus	_	_	_	
3-10	55-68	difputationis	_	_	_	
3-11	69-75	quarto	_	_	_	
3-12	76-84	breviter	_	_	_	
3-13	85-92	tradere	_	_	_	
3-14	93-102	conabimur	_	_	_	
3-15	102-103	.	_	_	_	

#Text=Reftat interim ut de Phan.
4-1	104-110	Reftat	_	_	_	
4-2	111-118	interim	_	_	_	
4-3	119-121	ut	_	_	_	
4-4	122-124	de	_	_	_	
4-5	125-129	Phan	_	_	_	
4-6	129-130	.	_	_	_	

#Text=XI.
5-1	131-133	XI	_	_	_	
5-2	133-134	.	_	_	_	

#Text=XIV.
#Text=& XV: mentèm no= Atram aperiamus.
6-1	135-138	XIV	_	_	_	
6-2	138-139	.	_	_	_	
6-3	140-141	&	_	_	_	
6-4	142-144	XV	_	_	_	
6-5	144-145	:	_	_	_	
6-6	146-152	mentèm	_	_	_	
6-7	153-155	no	_	_	_	
6-8	155-156	=	_	_	_	
6-9	157-162	Atram	_	_	_	
6-10	163-172	aperiamus	_	_	_	
6-11	172-173	.	_	_	_	

#Text=Hanc autem de XI.
#Text=suspicionem fovemus: quod effluvia quæ ex re odorifera emittuntur, tamdiu grata sint, quamdiu delicatioris sunt structuræ , & levi affriętu odoratus organa leviter titillant; quamprimum autem crassiusculis & nimis acutis particulis imperiosius ifta organa feriunt ac vellicant, ftatim molestiam, ingrato odore pares percellendo, nobis pariant.
7-1	174-178	Hanc	_	_	_	
7-2	179-184	autem	_	_	_	
7-3	185-187	de	_	_	_	
7-4	188-190	XI	_	_	_	
7-5	190-191	.	_	_	_	
7-6	192-203	suspicionem	_	_	_	
7-7	204-211	fovemus	_	_	_	
7-8	211-212	:	_	_	_	
7-9	213-217	quod	_	_	_	
7-10	218-226	effluvia	Smell\_Source	_	_	
7-11	227-230	quæ	_	_	_	
7-12	231-233	ex	_	_	_	
7-13	234-236	re	Smell\_Source	_	_	
7-14	237-246	odorifera	Smell\_Word	*|*|*|*|*|*	7-13|7-10|7-18|7-17|7-27[2_0]|7-49[6_0]	
7-15	247-257	emittuntur	_	_	_	
7-16	257-258	,	_	_	_	
7-17	259-265	tamdiu	Time	Same\_span	7-21[1_0]	
7-18	266-271	grata	Quality	_	_	
7-19	272-276	sint	_	_	_	
7-20	276-277	,	_	_	_	
7-21	278-285	quamdiu	Time[1]	_	_	
7-22	286-298	delicatioris	Time[1]	_	_	
7-23	299-303	sunt	Time[1]	_	_	
7-24	304-313	structuræ	Time[1]	_	_	
7-25	314-315	,	_	_	_	
7-26	316-317	&	_	_	_	
7-27	318-322	levi	Effect[2]	_	_	
7-28	323-331	affriętu	Effect[2]	_	_	
7-29	332-340	odoratus	Effect[2]|Smell\_Word[3]	*|*	7-30[4_3]|7-10[0_3]	
7-30	341-347	organa	Effect[2]|Perceiver[4]	_	_	
7-31	348-355	leviter	Effect[2]	_	_	
7-32	356-365	titillant	Effect[2]	_	_	
7-33	365-366	;	_	_	_	
7-34	367-377	quamprimum	Time[5]	_	_	
7-35	378-383	autem	Time[5]	_	_	
7-36	384-397	crassiusculis	Time[5]	_	_	
7-37	398-399	&	Time[5]	_	_	
7-38	400-405	nimis	Time[5]	_	_	
7-39	406-412	acutis	Time[5]	_	_	
7-40	413-423	particulis	Time[5]	_	_	
7-41	424-435	imperiosius	Time[5]	_	_	
7-42	436-440	ifta	Time[5]	_	_	
7-43	441-447	organa	Time[5]	_	_	
7-44	448-455	feriunt	Time[5]	_	_	
7-45	456-458	ac	Time[5]	_	_	
7-46	459-468	vellicant	Time[5]	_	_	
7-47	468-469	,	_	_	_	
7-48	470-476	ftatim	Time	_	_	
7-49	477-486	molestiam	Effect[6]	_	_	
7-50	486-487	,	Effect[6]	_	_	
7-51	488-495	ingrato	Effect[6]|Quality[7]	_	_	
7-52	496-501	odore	Effect[6]|Smell\_Word[8]	*|*|*|*|*	7-51[7_8]|7-48[0_8]|7-53[9_8]|7-34[5_8]|7-10[0_8]	
7-53	502-507	pares	Effect[6]|Perceiver[9]	_	_	
7-54	508-519	percellendo	Effect[6]	_	_	
7-55	519-520	,	Effect[6]	_	_	
7-56	521-526	nobis	Effect[6]	_	_	
7-57	527-534	pariant	Effect[6]	_	_	
7-58	534-535	.	Effect[6]	_	_	

#Text=Acutum odorem à multo sale organa folito magis vellicante deduco: obtusum vero fulphurearum & aquofarum particularum prædominio abfcribo.
8-1	536-542	Acutum	Quality	_	_	
8-2	543-549	odorem	Smell\_Word	*|*	8-1|8-6	
8-3	550-551	à	_	_	_	
8-4	552-557	multo	_	_	_	
8-5	558-562	sale	_	_	_	
8-6	563-569	organa	Perceiver	_	_	
8-7	570-576	folito	_	_	_	
8-8	577-582	magis	_	_	_	
8-9	583-593	vellicante	_	_	_	
8-10	594-600	deduco	_	_	_	
8-11	600-601	:	_	_	_	
8-12	602-609	obtusum	_	_	_	
8-13	610-614	vero	_	_	_	
8-14	615-627	fulphurearum	_	_	_	
8-15	628-629	&	_	_	_	
8-16	630-639	aquofarum	_	_	_	
8-17	640-652	particularum	_	_	_	
8-18	653-663	prædominio	_	_	_	
8-19	664-672	abfcribo	_	_	_	
8-20	672-673	.	_	_	_	

#Text=De Phan: XIV.
#Text=ita sentio: quod svaveolentia objecta, exhauftis fubtilioribus effluviorum fuorum particulis, & fublata nativa earundem inter fe proportione ; non nifi Craffiora , & sulphure corrupto comitata, effluvia, naribus ingrata, eructent.
9-1	674-676	De	_	_	_	
9-2	677-681	Phan	_	_	_	
9-3	681-682	:	_	_	_	
9-4	683-686	XIV	_	_	_	
9-5	686-687	.	_	_	_	
9-6	688-691	ita	_	_	_	
9-7	692-698	sentio	_	_	_	
9-8	698-699	:	_	_	_	
9-9	700-704	quod	_	_	_	
9-10	705-717	svaveolentia	Smell\_Word	*|*|*	9-11|9-13[10_0]|9-27[11_0]	
9-11	718-725	objecta	Smell\_Source	_	_	
9-12	725-726	,	_	_	_	
9-13	727-736	exhauftis	Circumstances[10]	_	_	
9-14	737-750	fubtilioribus	Circumstances[10]	_	_	
9-15	751-762	effluviorum	Circumstances[10]	_	_	
9-16	763-769	fuorum	Circumstances[10]	_	_	
9-17	770-780	particulis	Circumstances[10]	_	_	
9-18	780-781	,	Circumstances[10]	_	_	
9-19	782-783	&	Circumstances[10]	_	_	
9-20	784-791	fublata	Circumstances[10]	_	_	
9-21	792-798	nativa	Circumstances[10]	_	_	
9-22	799-807	earundem	Circumstances[10]	_	_	
9-23	808-813	inter	Circumstances[10]	_	_	
9-24	814-816	fe	Circumstances[10]	_	_	
9-25	817-828	proportione	Circumstances[10]	_	_	
9-26	829-830	;	_	_	_	
9-27	831-834	non	Effect[11]|Quality[12]	_	_	
9-28	835-839	nifi	Effect[11]|Quality[12]	_	_	
9-29	840-849	Craffiora	Effect[11]|Quality[12]	_	_	
9-30	850-851	,	Effect[11]|Quality[12]	_	_	
9-31	852-853	&	Effect[11]|Quality[12]	_	_	
9-32	854-862	sulphure	Effect[11]|Quality[12]	_	_	
9-33	863-871	corrupto	Effect[11]|Quality[12]	_	_	
9-34	872-880	comitata	Effect[11]|Quality[12]	_	_	
9-35	880-881	,	Effect[11]	_	_	
9-36	882-890	effluvia	Effect[11]|Smell\_Word[13]	*|*|*	9-38[14_13]|9-39[15_13]|9-27[12_13]	
9-37	890-891	,	Effect[11]	_	_	
9-38	892-899	naribus	Effect[11]|Perceiver[14]	_	_	
9-39	900-907	ingrata	Effect[11]|Quality[15]	_	_	
9-40	907-908	,	Effect[11]	_	_	
9-41	909-917	eructent	Effect[11]	_	_	
9-42	917-918	.	Effect[11]	_	_	

#Text=Quemadmodum è contrario hæreditarium, ue ita dicam, fætorem suum deponere videntur corpora, quando tali gaudent textura , ut intestino motu agitata, craffiora , & admodum irregulari figura prædita eorundem corpuscula paulatim fubigi, & in fubtiliores atomos
#Text=
#Text=2.)
10-1	919-930	Quemadmodum	_	_	_	
10-2	931-932	è	_	_	_	
10-3	933-942	contrario	_	_	_	
10-4	943-955	hæreditarium	Quality	_	_	
10-5	955-956	,	_	_	_	
10-6	957-959	ue	_	_	_	
10-7	960-963	ita	_	_	_	
10-8	964-969	dicam	_	_	_	
10-9	969-970	,	_	_	_	
10-10	971-978	fætorem	Smell\_Word[16]|Quality[17]	*|*|*|*	10-10[17_16]|10-11[0_16]|10-4[0_16]|10-16[18_16]	
10-11	979-983	suum	Smell\_Source	Anaphoric	10-14	
10-12	984-992	deponere	_	_	_	
10-13	993-1001	videntur	_	_	_	
10-14	1002-1009	corpora	Smell\_Source	_	_	
10-15	1009-1010	,	_	_	_	
10-16	1011-1017	quando	Circumstances[18]	Same\_span	11-2[19_18]	
10-17	1018-1022	tali	Circumstances[18]	_	_	
10-18	1023-1030	gaudent	Circumstances[18]	_	_	
10-19	1031-1038	textura	Circumstances[18]	_	_	
10-20	1039-1040	,	Circumstances[18]	_	_	
10-21	1041-1043	ut	Circumstances[18]	_	_	
10-22	1044-1053	intestino	Circumstances[18]	_	_	
10-23	1054-1058	motu	Circumstances[18]	_	_	
10-24	1059-1066	agitata	Circumstances[18]	_	_	
10-25	1066-1067	,	Circumstances[18]	_	_	
10-26	1068-1077	craffiora	Circumstances[18]	_	_	
10-27	1078-1079	,	Circumstances[18]	_	_	
10-28	1080-1081	&	Circumstances[18]	_	_	
10-29	1082-1089	admodum	Circumstances[18]	_	_	
10-30	1090-1100	irregulari	Circumstances[18]	_	_	
10-31	1101-1107	figura	Circumstances[18]	_	_	
10-32	1108-1115	prædita	Circumstances[18]	_	_	
10-33	1116-1124	eorundem	Circumstances[18]	_	_	
10-34	1125-1135	corpuscula	Circumstances[18]	_	_	
10-35	1136-1144	paulatim	Circumstances[18]	_	_	
10-36	1145-1151	fubigi	Circumstances[18]	_	_	
10-37	1151-1152	,	Circumstances[18]	_	_	
10-38	1153-1154	&	Circumstances[18]	_	_	
10-39	1155-1157	in	Circumstances[18]	_	_	
10-40	1158-1169	fubtiliores	Circumstances[18]	_	_	
10-41	1170-1176	atomos	Circumstances[18]	_	_	
10-42	1178-1179	2	_	_	_	
10-43	1179-1180	.	_	_	_	
10-44	1180-1181	)	_	_	_	

#Text=Vot_trans
#Text=
#Text=
#Text=
#Text=
#Text=
#Text=transformari queant.
11-1	1182-1191	Vot_trans	_	_	_	
11-2	1197-1209	transformari	Circumstances[19]	_	_	
11-3	1210-1216	queant	Circumstances[19]	_	_	
11-4	1216-1217	.	Circumstances[19]	_	_	

#Text=Dę Phæn.
12-1	1218-1220	Dę	_	_	_	
12-2	1221-1225	Phæn	_	_	_	
12-3	1225-1226	.	_	_	_	

#Text=XV.
#Text=hoc mihi per(valum habeo: quod, ut ftomacho, ita quos na.
#Text=ribos nimia sacietas faftidium pariat, hinc ex modico intervallo, numero pauciores impetu leviores, & confequenter gratiores percipiuntur odor res; & forte fpatio inter obje&tum, & nares intermedio, fubtiliora odorum corpuscula, crassiuscuJis viam præripiunt, adeo ut hæc, ad motum tardiora, palmam reliquis concedere cogantur.
13-1	1227-1229	XV	_	_	_	
13-2	1229-1230	.	_	_	_	
13-3	1231-1234	hoc	_	_	_	
13-4	1235-1239	mihi	_	_	_	
13-5	1240-1243	per	_	_	_	
13-6	1243-1244	(	_	_	_	
13-7	1244-1249	valum	_	_	_	
13-8	1250-1255	habeo	_	_	_	
13-9	1255-1256	:	_	_	_	
13-10	1257-1261	quod	_	_	_	
13-11	1261-1262	,	_	_	_	
13-12	1263-1265	ut	_	_	_	
13-13	1266-1274	ftomacho	_	_	_	
13-14	1274-1275	,	_	_	_	
13-15	1276-1279	ita	_	_	_	
13-16	1280-1284	quos	_	_	_	
13-17	1285-1287	na	_	_	_	
13-18	1287-1288	.	_	_	_	
13-19	1289-1294	ribos	_	_	_	
13-20	1295-1300	nimia	_	_	_	
13-21	1301-1309	sacietas	_	_	_	
13-22	1310-1319	faftidium	_	_	_	
13-23	1320-1326	pariat	_	_	_	
13-24	1326-1327	,	_	_	_	
13-25	1328-1332	hinc	_	_	_	
13-26	1333-1335	ex	Time[20]	_	_	
13-27	1336-1342	modico	Time[20]	_	_	
13-28	1343-1353	intervallo	Time[20]	_	_	
13-29	1353-1354	,	_	_	_	
13-30	1355-1361	numero	_	_	_	
13-31	1362-1371	pauciores	_	_	_	
13-32	1372-1378	impetu	Quality[21]	_	_	
13-33	1379-1387	leviores	Quality[21]	_	_	
13-34	1387-1388	,	_	_	_	
13-35	1389-1390	&	_	_	_	
13-36	1391-1403	confequenter	_	_	_	
13-37	1404-1413	gratiores	Quality	_	_	
13-38	1414-1426	percipiuntur	_	_	_	
13-39	1427-1431	odor	Smell\_Word[22]	*|*|*	13-37[0_22]|13-32[21_22]|13-26[20_22]	
13-40	1432-1435	res	Smell\_Word[22]	_	_	
13-41	1435-1436	;	_	_	_	
13-42	1437-1438	&	_	_	_	
13-43	1439-1444	forte	_	_	_	
13-44	1445-1451	fpatio	Location[23]	_	_	
13-45	1452-1457	inter	Location[23]	_	_	
13-46	1458-1462	obje	Location[23]	_	_	
13-47	1462-1463	&	Location[23]	_	_	
13-48	1463-1466	tum	Location[23]	_	_	
13-49	1466-1467	,	Location[23]	_	_	
13-50	1468-1469	&	Location[23]	_	_	
13-51	1470-1475	nares	Location[23]|Perceiver[24]	_	_	
13-52	1476-1486	intermedio	Location[23]	_	_	
13-53	1486-1487	,	_	_	_	
13-54	1488-1498	fubtiliora	_	_	_	
13-55	1499-1505	odorum	Smell\_Word	*|*|*	13-56|13-51[24_0]|13-44[23_0]	
13-56	1506-1516	corpuscula	Smell\_Source	_	_	
13-57	1516-1517	,	_	_	_	
13-58	1518-1531	crassiuscuJis	_	_	_	
13-59	1532-1536	viam	_	_	_	
13-60	1537-1547	præripiunt	_	_	_	
13-61	1547-1548	,	_	_	_	
13-62	1549-1553	adeo	_	_	_	
13-63	1554-1556	ut	_	_	_	
13-64	1557-1560	hæc	_	_	_	
13-65	1560-1561	,	_	_	_	
13-66	1562-1564	ad	_	_	_	
13-67	1565-1570	motum	_	_	_	
13-68	1571-1579	tardiora	_	_	_	
13-69	1579-1580	,	_	_	_	
13-70	1581-1587	palmam	_	_	_	
13-71	1588-1596	reliquis	_	_	_	
13-72	1597-1606	concedere	_	_	_	
13-73	1607-1615	cogantur	_	_	_	
13-74	1615-1616	.	_	_	_	
