#FORMAT=WebAnno TSV 3.3
#T_SP=custom.Span|label
#T_RL=custom.Relation|label|BT_custom.Span


#Text=Die Parfumirer machen ihre Teige
#Text=darmit an, und miſchen es unter aller-
#Text=hand Gewuͤrtze, ſo ſie hernach Pots-pour-
#Text=
#Text=ris nennen.
1-1	2-5	Die	_	_	_	
1-2	6-16	Parfumirer	_	_	_	
1-3	17-23	machen	_	_	_	
1-4	24-28	ihre	_	_	_	
1-5	29-34	Teige	_	_	_	
1-6	35-41	darmit	_	_	_	
1-7	42-44	an	_	_	_	
1-8	44-45	,	_	_	_	
1-9	46-49	und	_	_	_	
1-10	50-57	miſchen	_	_	_	
1-11	58-60	es	_	_	_	
1-12	61-66	unter	_	_	_	
1-13	67-72	aller	_	_	_	
1-14	72-73	-	_	_	_	
1-15	74-78	hand	_	_	_	
1-16	79-88	Gewuͤrtze	_	_	_	
1-17	88-89	,	_	_	_	
1-18	90-92	ſo	_	_	_	
1-19	93-96	ſie	_	_	_	
1-20	97-104	hernach	_	_	_	
1-21	105-114	Pots-pour	_	_	_	
1-22	114-115	-	_	_	_	
1-23	117-120	ris	_	_	_	
1-24	121-127	nennen	_	_	_	
1-25	127-128	.	_	_	_	

#Text=Einige brauchen es auch,
#Text=wiewohl ſehr ungereimt, ein ſo genann-
#Text=tes Aniswaſſer zu machen.
2-1	129-135	Einige	_	_	_	
2-2	136-144	brauchen	_	_	_	
2-3	145-147	es	_	_	_	
2-4	148-152	auch	_	_	_	
2-5	152-153	,	_	_	_	
2-6	154-161	wiewohl	_	_	_	
2-7	162-166	ſehr	_	_	_	
2-8	167-176	ungereimt	_	_	_	
2-9	176-177	,	_	_	_	
2-10	178-181	ein	_	_	_	
2-11	182-184	ſo	_	_	_	
2-12	185-191	genann	_	_	_	
2-13	191-192	-	_	_	_	
2-14	193-196	tes	_	_	_	
2-15	197-207	Aniswaſſer	_	_	_	
2-16	208-210	zu	_	_	_	
2-17	211-217	machen	_	_	_	
2-18	217-218	.	_	_	_	

#Text=Sonſten
#Text=
#Text=hat dieſes Oel uͤberaus groſſe Tugenden,
#Text=denn es nicht nur ein herrlich Mittel wi-
#Text=der das Grimmen und Bauchwehe/
#Text=
#Text=ſonderlich der jungen Kinder/
#Text=wenn
#Text=man ihnen den Nabel damit ſtreicht,
#Text=oder nur ein eintziges Troͤpflein unter
#Text=die Speiſe miſchet;
#Text=ſondern es hat auch,
#Text=mit einem Worte, alle Tugenden des
#Text=Aniſes, und kan eben alſo gebrauchet
#Text=
#Text=werden.
3-1	219-226	Sonſten	_	_	_	
3-2	228-231	hat	_	_	_	
3-3	232-238	dieſes	_	_	_	
3-4	239-242	Oel	_	_	_	
3-5	243-251	uͤberaus	_	_	_	
3-6	252-258	groſſe	_	_	_	
3-7	259-267	Tugenden	_	_	_	
3-8	267-268	,	_	_	_	
3-9	269-273	denn	_	_	_	
3-10	274-276	es	_	_	_	
3-11	277-282	nicht	_	_	_	
3-12	283-286	nur	_	_	_	
3-13	287-290	ein	_	_	_	
3-14	291-299	herrlich	_	_	_	
3-15	300-306	Mittel	_	_	_	
3-16	307-309	wi	_	_	_	
3-17	309-310	-	_	_	_	
3-18	311-314	der	_	_	_	
3-19	315-318	das	_	_	_	
3-20	319-326	Grimmen	_	_	_	
3-21	327-330	und	_	_	_	
3-22	331-340	Bauchwehe	_	_	_	
3-23	340-341	/	_	_	_	
3-24	343-353	ſonderlich	_	_	_	
3-25	354-357	der	_	_	_	
3-26	358-364	jungen	_	_	_	
3-27	365-371	Kinder	_	_	_	
3-28	371-372	/	_	_	_	
3-29	373-377	wenn	_	_	_	
3-30	378-381	man	_	_	_	
3-31	382-387	ihnen	_	_	_	
3-32	388-391	den	_	_	_	
3-33	392-397	Nabel	_	_	_	
3-34	398-403	damit	_	_	_	
3-35	404-412	ſtreicht	_	_	_	
3-36	412-413	,	_	_	_	
3-37	414-418	oder	_	_	_	
3-38	419-422	nur	_	_	_	
3-39	423-426	ein	_	_	_	
3-40	427-436	eintziges	_	_	_	
3-41	437-447	Troͤpflein	_	_	_	
3-42	448-453	unter	_	_	_	
3-43	454-457	die	_	_	_	
3-44	458-464	Speiſe	_	_	_	
3-45	465-472	miſchet	_	_	_	
3-46	472-473	;	_	_	_	
3-47	474-481	ſondern	_	_	_	
3-48	482-484	es	_	_	_	
3-49	485-488	hat	_	_	_	
3-50	489-493	auch	_	_	_	
3-51	493-494	,	_	_	_	
3-52	495-498	mit	_	_	_	
3-53	499-504	einem	_	_	_	
3-54	505-510	Worte	_	_	_	
3-55	510-511	,	_	_	_	
3-56	512-516	alle	_	_	_	
3-57	517-525	Tugenden	_	_	_	
3-58	526-529	des	_	_	_	
3-59	530-536	Aniſes	_	_	_	
3-60	536-537	,	_	_	_	
3-61	538-541	und	_	_	_	
3-62	542-545	kan	_	_	_	
3-63	546-550	eben	_	_	_	
3-64	551-555	alſo	_	_	_	
3-65	556-566	gebrauchet	_	_	_	
3-66	568-574	werden	_	_	_	
3-67	574-575	.	_	_	_	

#Text=Weiter wird auch ein gruͤnes Oel
#Text=aus dem Anis gepreßt, welches ſehr
#Text=ſtarck riecht, und alle Eigenſchafften mit
#Text=dem weiſſen gemein hat, nur daß es nicht
#Text=ſo gar kraͤftig iſt,
#Text=weil man es zwar in
#Text=groͤßrer Menge, aber nicht ſo rein und
#Text=
#Text=purifi-
#Text=
#Text=\f
#Text=[0036]
#Text=
#Text=
#Text=Der Spezereyen und Materialien
#Text=
#Text=
#Text=purificiret bekommt;
#Text=wie Charras in
#Text=ſeiner Koͤniglichen Apotheckerkunſt an-
#Text=mercket: deme wir, als deſſen Erfinder,
#Text=Danck ſchuldig ſind.
4-1	579-585	Weiter	_	_	_	
4-2	586-590	wird	_	_	_	
4-3	591-595	auch	_	_	_	
4-4	596-599	ein	_	_	_	
4-5	600-607	gruͤnes	_	_	_	
4-6	608-611	Oel	_	_	_	
4-7	612-615	aus	_	_	_	
4-8	616-619	dem	_	_	_	
4-9	620-624	Anis	Smell\_Source	_	_	
4-10	625-632	gepreßt	_	_	_	
4-11	632-633	,	_	_	_	
4-12	634-641	welches	Smell\_Source	*	4-9	
4-13	642-646	ſehr	Quality[1]	_	_	
4-14	647-653	ſtarck	Quality[1]	_	_	
4-15	654-660	riecht	Smell\_Word	*|*	4-12|4-13[1_0]	
4-16	660-661	,	_	_	_	
4-17	662-665	und	_	_	_	
4-18	666-670	alle	_	_	_	
4-19	671-685	Eigenſchafften	_	_	_	
4-20	686-689	mit	_	_	_	
4-21	690-693	dem	_	_	_	
4-22	694-701	weiſſen	_	_	_	
4-23	702-708	gemein	_	_	_	
4-24	709-712	hat	_	_	_	
4-25	712-713	,	_	_	_	
4-26	714-717	nur	_	_	_	
4-27	718-721	daß	_	_	_	
4-28	722-724	es	_	_	_	
4-29	725-730	nicht	_	_	_	
4-30	731-733	ſo	_	_	_	
4-31	734-737	gar	_	_	_	
4-32	738-746	kraͤftig	_	_	_	
4-33	747-750	iſt	_	_	_	
4-34	750-751	,	_	_	_	
4-35	752-756	weil	_	_	_	
4-36	757-760	man	_	_	_	
4-37	761-763	es	_	_	_	
4-38	764-768	zwar	_	_	_	
4-39	769-771	in	_	_	_	
4-40	772-780	groͤßrer	_	_	_	
4-41	781-786	Menge	_	_	_	
4-42	786-787	,	_	_	_	
4-43	788-792	aber	_	_	_	
4-44	793-798	nicht	_	_	_	
4-45	799-801	ſo	_	_	_	
4-46	802-806	rein	_	_	_	
4-47	807-810	und	_	_	_	
4-48	812-818	purifi	_	_	_	
4-49	818-819	-	_	_	_	
4-50	823-824	[	_	_	_	
4-51	824-828	0036	_	_	_	
4-52	828-829	]	_	_	_	
4-53	832-835	Der	_	_	_	
4-54	836-846	Spezereyen	_	_	_	
4-55	847-850	und	_	_	_	
4-56	851-862	Materialien	_	_	_	
4-57	865-876	purificiret	_	_	_	
4-58	877-884	bekommt	_	_	_	
4-59	884-885	;	_	_	_	
4-60	886-889	wie	_	_	_	
4-61	890-897	Charras	_	_	_	
4-62	898-900	in	_	_	_	
4-63	901-907	ſeiner	_	_	_	
4-64	908-920	Koͤniglichen	_	_	_	
4-65	921-936	Apotheckerkunſt	_	_	_	
4-66	937-939	an	_	_	_	
4-67	939-940	-	_	_	_	
4-68	941-948	mercket	_	_	_	
4-69	948-949	:	_	_	_	
4-70	950-954	deme	_	_	_	
4-71	955-958	wir	_	_	_	
4-72	958-959	,	_	_	_	
4-73	960-963	als	_	_	_	
4-74	964-970	deſſen	_	_	_	
4-75	971-979	Erfinder	_	_	_	
4-76	979-980	,	_	_	_	
4-77	981-986	Danck	_	_	_	
4-78	987-995	ſchuldig	_	_	_	
4-79	996-1000	ſind	_	_	_	
4-80	1000-1001	.	_	_	_	

#Text=Das weiſſe bekommen wir aus Hol-
#Text=land, theils, weil es weniger koſtet, theils
#Text=aber, weil es viel weiſſer und klaͤrer, auch
#Text=ſtaͤrcker von Geruch iſt, denn das in
#Text=Franckreich bereitet wird.
5-1	1005-1008	Das	_	_	_	
5-2	1009-1015	weiſſe	_	_	_	
5-3	1016-1024	bekommen	_	_	_	
5-4	1025-1028	wir	_	_	_	
5-5	1029-1032	aus	_	_	_	
5-6	1033-1036	Hol	_	_	_	
5-7	1036-1037	-	_	_	_	
5-8	1038-1042	land	_	_	_	
5-9	1042-1043	,	_	_	_	
5-10	1044-1050	theils	_	_	_	
5-11	1050-1051	,	_	_	_	
5-12	1052-1056	weil	_	_	_	
5-13	1057-1059	es	_	_	_	
5-14	1060-1067	weniger	_	_	_	
5-15	1068-1074	koſtet	_	_	_	
5-16	1074-1075	,	_	_	_	
5-17	1076-1082	theils	_	_	_	
5-18	1083-1087	aber	_	_	_	
5-19	1087-1088	,	_	_	_	
5-20	1089-1093	weil	_	_	_	
5-21	1094-1096	es	_	_	_	
5-22	1097-1101	viel	_	_	_	
5-23	1102-1109	weiſſer	_	_	_	
5-24	1110-1113	und	_	_	_	
5-25	1114-1121	klaͤrer	_	_	_	
5-26	1121-1122	,	_	_	_	
5-27	1123-1127	auch	_	_	_	
5-28	1128-1137	ſtaͤrcker	Quality	_	_	
5-29	1138-1141	von	_	_	_	
5-30	1142-1148	Geruch	Smell\_Word	*	5-28	
5-31	1149-1152	iſt	_	_	_	
5-32	1152-1153	,	_	_	_	
5-33	1154-1158	denn	_	_	_	
5-34	1159-1162	das	_	_	_	
5-35	1163-1165	in	_	_	_	
5-36	1166-1177	Franckreich	_	_	_	
5-37	1178-1186	bereitet	_	_	_	
5-38	1187-1191	wird	_	_	_	
5-39	1191-1192	.	_	_	_	

#Text=Ob hieran der
#Text=Anis Schuld, oder ob ſie hierzu ein ſonder-
#Text=liches Menſtruum gebrauchen, ſolches iſt
#Text=uns unbekannt: wiewohl ich dennoch
#Text=verſichern wolte, daß in Paris eben ſo
#Text=wohl dergleichen Leute zu finden, die es
#Text=gleich ſo gut, als die in Holland, machen
#Text=
#Text=duͤrfften;
#Text=doch glaube ich gantz gerne,
#Text=daß es auch wohl noch eins ſo hoch zu
#Text=ſtehen kommen duͤrffte.
6-1	1193-1195	Ob	_	_	_	
6-2	1196-1202	hieran	_	_	_	
6-3	1203-1206	der	_	_	_	
6-4	1207-1211	Anis	_	_	_	
6-5	1212-1218	Schuld	_	_	_	
6-6	1218-1219	,	_	_	_	
6-7	1220-1224	oder	_	_	_	
6-8	1225-1227	ob	_	_	_	
6-9	1228-1231	ſie	_	_	_	
6-10	1232-1238	hierzu	_	_	_	
6-11	1239-1242	ein	_	_	_	
6-12	1243-1249	ſonder	_	_	_	
6-13	1249-1250	-	_	_	_	
6-14	1251-1257	liches	_	_	_	
6-15	1258-1267	Menſtruum	_	_	_	
6-16	1268-1278	gebrauchen	_	_	_	
6-17	1278-1279	,	_	_	_	
6-18	1280-1287	ſolches	_	_	_	
6-19	1288-1291	iſt	_	_	_	
6-20	1292-1295	uns	_	_	_	
6-21	1296-1305	unbekannt	_	_	_	
6-22	1305-1306	:	_	_	_	
6-23	1307-1314	wiewohl	_	_	_	
6-24	1315-1318	ich	_	_	_	
6-25	1319-1326	dennoch	_	_	_	
6-26	1327-1337	verſichern	_	_	_	
6-27	1338-1343	wolte	_	_	_	
6-28	1343-1344	,	_	_	_	
6-29	1345-1348	daß	_	_	_	
6-30	1349-1351	in	_	_	_	
6-31	1352-1357	Paris	_	_	_	
6-32	1358-1362	eben	_	_	_	
6-33	1363-1365	ſo	_	_	_	
6-34	1366-1370	wohl	_	_	_	
6-35	1371-1382	dergleichen	_	_	_	
6-36	1383-1388	Leute	_	_	_	
6-37	1389-1391	zu	_	_	_	
6-38	1392-1398	finden	_	_	_	
6-39	1398-1399	,	_	_	_	
6-40	1400-1403	die	_	_	_	
6-41	1404-1406	es	_	_	_	
6-42	1407-1413	gleich	_	_	_	
6-43	1414-1416	ſo	_	_	_	
6-44	1417-1420	gut	_	_	_	
6-45	1420-1421	,	_	_	_	
6-46	1422-1425	als	_	_	_	
6-47	1426-1429	die	_	_	_	
6-48	1430-1432	in	_	_	_	
6-49	1433-1440	Holland	_	_	_	
6-50	1440-1441	,	_	_	_	
6-51	1442-1448	machen	_	_	_	
6-52	1450-1459	duͤrfften	_	_	_	
6-53	1459-1460	;	_	_	_	
6-54	1461-1465	doch	_	_	_	
6-55	1466-1472	glaube	_	_	_	
6-56	1473-1476	ich	_	_	_	
6-57	1477-1482	gantz	_	_	_	
6-58	1483-1488	gerne	_	_	_	
6-59	1488-1489	,	_	_	_	
6-60	1490-1493	daß	_	_	_	
6-61	1494-1496	es	_	_	_	
6-62	1497-1501	auch	_	_	_	
6-63	1502-1506	wohl	_	_	_	
6-64	1507-1511	noch	_	_	_	
6-65	1512-1516	eins	_	_	_	
6-66	1517-1519	ſo	_	_	_	
6-67	1520-1524	hoch	_	_	_	
6-68	1525-1527	zu	_	_	_	
6-69	1528-1534	ſtehen	_	_	_	
6-70	1535-1541	kommen	_	_	_	
6-71	1542-1550	duͤrffte	_	_	_	
6-72	1550-1551	.	_	_	_	

#Text=Wie gedacht,
#Text=es muß weiß, klar und helle ſeyn, ſtarck
#Text=riechen, von der geringſten Kaͤlte zuſam-
#Text=men lauffen, und bey der gelindeſten
#Text=Waͤꝛme wiederum zerflieſſen, auch, wenn
#Text=mans ins Waſſer thut, oben auf ſchwim-
#Text=men.
7-1	1552-1555	Wie	_	_	_	
7-2	1556-1563	gedacht	_	_	_	
7-3	1563-1564	,	_	_	_	
7-4	1565-1567	es	_	_	_	
7-5	1568-1571	muß	_	_	_	
7-6	1572-1576	weiß	_	_	_	
7-7	1576-1577	,	_	_	_	
7-8	1578-1582	klar	_	_	_	
7-9	1583-1586	und	_	_	_	
7-10	1587-1592	helle	_	_	_	
7-11	1593-1597	ſeyn	_	_	_	
7-12	1597-1598	,	_	_	_	
7-13	1599-1605	ſtarck	Quality	_	_	
7-14	1606-1613	riechen	Smell\_Word	*	7-13	
7-15	1613-1614	,	_	_	_	
7-16	1615-1618	von	_	_	_	
7-17	1619-1622	der	_	_	_	
7-18	1623-1633	geringſten	_	_	_	
7-19	1634-1640	Kaͤlte	_	_	_	
7-20	1641-1646	zuſam	_	_	_	
7-21	1646-1647	-	_	_	_	
7-22	1648-1651	men	_	_	_	
7-23	1652-1659	lauffen	_	_	_	
7-24	1659-1660	,	_	_	_	
7-25	1661-1664	und	_	_	_	
7-26	1665-1668	bey	_	_	_	
7-27	1669-1672	der	_	_	_	
7-28	1673-1684	gelindeſten	_	_	_	
7-29	1685-1691	Waͤꝛme	_	_	_	
7-30	1692-1700	wiederum	_	_	_	
7-31	1701-1712	zerflieſſen	_	_	_	
7-32	1712-1713	,	_	_	_	
7-33	1714-1718	auch	_	_	_	
7-34	1718-1719	,	_	_	_	
7-35	1720-1724	wenn	_	_	_	
7-36	1725-1729	mans	_	_	_	
7-37	1730-1733	ins	_	_	_	
7-38	1734-1740	Waſſer	_	_	_	
7-39	1741-1745	thut	_	_	_	
7-40	1745-1746	,	_	_	_	
7-41	1747-1751	oben	_	_	_	
7-42	1752-1755	auf	_	_	_	
7-43	1756-1762	ſchwim	_	_	_	
7-44	1762-1763	-	_	_	_	
7-45	1764-1767	men	_	_	_	
7-46	1767-1768	.	_	_	_	
