#FORMAT=WebAnno TSV 3.3


#Text=ratio nullo modo vitiata fit.
1-1	2-7	ratio	
1-2	8-13	nullo	
1-3	14-18	modo	
1-4	19-26	vitiata	
1-5	27-30	fit	
1-6	30-31	.	

#Text=Quando autem, perspirationem ipfam graveolere, extra omnem dubitationis aleam pofitum eft, tunc meminille' nos oportet, dari quoque medicamenta 'et alimenta, quae fudori odorem infolitum impertire possunt (S.
2-1	32-38	Quando	
2-2	39-44	autem	
2-3	44-45	,	
2-4	46-60	perspirationem	
2-5	61-66	ipfam	
2-6	67-77	graveolere	
2-7	77-78	,	
2-8	79-84	extra	
2-9	85-90	omnem	
2-10	91-103	dubitationis	
2-11	104-109	aleam	
2-12	110-117	pofitum	
2-13	118-121	eft	
2-14	121-122	,	
2-15	123-127	tunc	
2-16	128-137	meminille	
2-17	137-138	'	
2-18	139-142	nos	
2-19	143-150	oportet	
2-20	150-151	,	
2-21	152-156	dari	
2-22	157-163	quoque	
2-23	164-175	medicamenta	
2-24	176-177	'	
2-25	177-179	et	
2-26	180-188	alimenta	
2-27	188-189	,	
2-28	190-194	quae	
2-29	195-201	fudori	
2-30	202-208	odorem	
2-31	209-218	infolitum	
2-32	219-228	impertire	
2-33	229-236	possunt	
2-34	237-238	(	
2-35	238-239	S	
2-36	239-240	.	

#Text=XI).
3-1	241-243	XI	
3-2	243-244	)	
3-3	244-245	.	

#Text=Nulla enim de odore perfpicationis ad Matuin aegri valet conseqüetitia, nisi haecomnia antea circumspiciamus,
#Text=
#Text=Quutin pòrro odores specifici în exanthematiņus nonnullis atque aliis morbis obseruandi , haud defcribi posfint, medico clinico olfactu erudito opus eft, quin igitur experientia et viu apud lectos aegro.
#Text=torum fibi adquirere ftudeat.
#Text=1
#Text=
#Text=
#Text=
#Text=Noli demum nimium credere fignis ex odore solo desumtis, ne.
#Text=que, vt breuibus opinionem exponam, immemor fis aurei dicti:
#Text=
#Text=Noscitur ex socio qui non cognoscitur ex se.
4-1	246-251	Nulla	
4-2	252-256	enim	
4-3	257-259	de	
4-4	260-265	odore	
4-5	266-280	perfpicationis	
4-6	281-283	ad	
4-7	284-290	Matuin	
4-8	291-296	aegri	
4-9	297-302	valet	
4-10	303-316	conseqüetitia	
4-11	316-317	,	
4-12	318-322	nisi	
4-13	323-332	haecomnia	
4-14	333-338	antea	
4-15	339-354	circumspiciamus	
4-16	354-355	,	
4-17	357-363	Quutin	
4-18	364-369	pòrro	
4-19	370-376	odores	
4-20	377-386	specifici	
4-21	387-389	în	
4-22	390-404	exanthematiņus	
4-23	405-414	nonnullis	
4-24	415-420	atque	
4-25	421-426	aliis	
4-26	427-433	morbis	
4-27	434-444	obseruandi	
4-28	445-446	,	
4-29	447-451	haud	
4-30	452-460	defcribi	
4-31	461-468	posfint	
4-32	468-469	,	
4-33	470-476	medico	
4-34	477-484	clinico	
4-35	485-492	olfactu	
4-36	493-500	erudito	
4-37	501-505	opus	
4-38	506-509	eft	
4-39	509-510	,	
4-40	511-515	quin	
4-41	516-522	igitur	
4-42	523-534	experientia	
4-43	535-537	et	
4-44	538-541	viu	
4-45	542-546	apud	
4-46	547-553	lectos	
4-47	554-559	aegro	
4-48	559-560	.	
4-49	561-566	torum	
4-50	567-571	fibi	
4-51	572-581	adquirere	
4-52	582-589	ftudeat	
4-53	589-590	.	
4-54	591-592	1	
4-55	596-600	Noli	
4-56	601-606	demum	
4-57	607-613	nimium	
4-58	614-621	credere	
4-59	622-628	fignis	
4-60	629-631	ex	
4-61	632-637	odore	
4-62	638-642	solo	
4-63	643-651	desumtis	
4-64	651-652	,	
4-65	653-655	ne	
4-66	655-656	.	
4-67	657-660	que	
4-68	660-661	,	
4-69	662-664	vt	
4-70	665-673	breuibus	
4-71	674-683	opinionem	
4-72	684-691	exponam	
4-73	691-692	,	
4-74	693-700	immemor	
4-75	701-704	fis	
4-76	705-710	aurei	
4-77	711-716	dicti	
4-78	716-717	:	
4-79	719-727	Noscitur	
4-80	728-730	ex	
4-81	731-736	socio	
4-82	737-740	qui	
4-83	741-744	non	
4-84	745-756	cognoscitur	
4-85	757-759	ex	
4-86	760-762	se	
4-87	762-763	.	

#Text=Signa ipsa, quae odores perspirationis varii in morbis praebent, Gigillatim hic recenseré, fuperfluum effet , quum partim huc et illuc in commentatione iam allata fint et praeterea aptior illis enuineran.
#Text=dis locus fit in pathologia atque femiotica fpeciali, vbi omnia fin.
#Text=gulorum morborum signa critice perlustrantur.
5-1	764-769	Signa	
5-2	770-774	ipsa	
5-3	774-775	,	
5-4	776-780	quae	
5-5	781-787	odores	
5-6	788-802	perspirationis	
5-7	803-808	varii	
5-8	809-811	in	
5-9	812-818	morbis	
5-10	819-827	praebent	
5-11	827-828	,	
5-12	829-839	Gigillatim	
5-13	840-843	hic	
5-14	844-853	recenseré	
5-15	853-854	,	
5-16	855-865	fuperfluum	
5-17	866-871	effet	
5-18	872-873	,	
5-19	874-878	quum	
5-20	879-885	partim	
5-21	886-889	huc	
5-22	890-892	et	
5-23	893-898	illuc	
5-24	899-901	in	
5-25	902-915	commentatione	
5-26	916-919	iam	
5-27	920-926	allata	
5-28	927-931	fint	
5-29	932-934	et	
5-30	935-944	praeterea	
5-31	945-951	aptior	
5-32	952-957	illis	
5-33	958-967	enuineran	
5-34	967-968	.	
5-35	969-972	dis	
5-36	973-978	locus	
5-37	979-982	fit	
5-38	983-985	in	
5-39	986-996	pathologia	
5-40	997-1002	atque	
5-41	1003-1012	femiotica	
5-42	1013-1021	fpeciali	
5-43	1021-1022	,	
5-44	1023-1026	vbi	
5-45	1027-1032	omnia	
5-46	1033-1036	fin	
5-47	1036-1037	.	
5-48	1038-1045	gulorum	
5-49	1046-1054	morborum	
5-50	1055-1060	signa	
5-51	1061-1068	critice	
5-52	1069-1082	perlustrantur	
5-53	1082-1083	.	

#Text=Mirabuntur forfan lectores, me in pertractando argumento de odori perspirationis cutaneae prorsus ferë tacuiffe di perspiratione pul monali ciusque frequentiffime obseruando foetore, quum tamen ilta arctisfime cohaereat cum illa.
6-1	1084-1094	Mirabuntur	
6-2	1095-1101	forfan	
6-3	1102-1110	lectores	
6-4	1110-1111	,	
6-5	1112-1114	me	
6-6	1115-1117	in	
6-7	1118-1130	pertractando	
6-8	1131-1140	argumento	
6-9	1141-1143	de	
6-10	1144-1149	odori	
6-11	1150-1164	perspirationis	
6-12	1165-1173	cutaneae	
6-13	1174-1181	prorsus	
6-14	1182-1186	ferë	
6-15	1187-1195	tacuiffe	
6-16	1196-1198	di	
6-17	1199-1212	perspiratione	
6-18	1213-1216	pul	
6-19	1217-1223	monali	
6-20	1224-1231	ciusque	
6-21	1232-1246	frequentiffime	
6-22	1247-1257	obseruando	
6-23	1258-1265	foetore	
6-24	1265-1266	,	
6-25	1267-1271	quum	
6-26	1272-1277	tamen	
6-27	1278-1282	ilta	
6-28	1283-1293	arctisfime	
6-29	1294-1303	cohaereat	
6-30	1304-1307	cum	
6-31	1308-1312	illa	
6-32	1312-1313	.	

#Text=Sed fciant, temporis angustiam me in-8* pediuisse, quo minus etiam de anima olente agerem, cuius caufas sy.
#Text=tem alio tempore euoluere et fimul de C.
7-1	1314-1317	Sed	
7-2	1318-1324	fciant	
7-3	1324-1325	,	
7-4	1326-1334	temporis	
7-5	1335-1344	angustiam	
7-6	1345-1347	me	
7-7	1348-1350	in	
7-8	1350-1351	-	
7-9	1351-1352	8	
7-10	1352-1353	*	
7-11	1354-1363	pediuisse	
7-12	1363-1364	,	
7-13	1365-1368	quo	
7-14	1369-1374	minus	
7-15	1375-1380	etiam	
7-16	1381-1383	de	
7-17	1384-1389	anima	
7-18	1390-1396	olente	
7-19	1397-1403	agerem	
7-20	1403-1404	,	
7-21	1405-1410	cuius	
7-22	1411-1417	caufas	
7-23	1418-1420	sy	
7-24	1420-1421	.	
7-25	1422-1425	tem	
7-26	1426-1430	alio	
7-27	1431-1438	tempore	
7-28	1439-1447	euoluere	
7-29	1448-1450	et	
7-30	1451-1456	fimul	
7-31	1457-1459	de	
7-32	1460-1461	C	
7-33	1461-1462	.	

#Text=L.
8-1	1463-1464	L	
8-2	1464-1465	.	

#Text=HOFFMANNI circa odores perfpirationis vtriusque opinionibus plura edisserere, mihi propofitum eft,
#Text=
#Text=
#Text=
#Text=
#Text=
#Text=THESES,
#Text=
#Text=
#Text=
#Text=
#Text=
#Text=.
#Text=: 3511
#Text=
#Text=
#Text=
#Text=
#Text=
#Text=tendo.
#Text=i
#Text=
#Text=
#Text=
#Text=1.
9-1	1466-1475	HOFFMANNI	
9-2	1476-1481	circa	
9-3	1482-1488	odores	
9-4	1489-1503	perfpirationis	
9-5	1504-1513	vtriusque	
9-6	1514-1525	opinionibus	
9-7	1526-1531	plura	
9-8	1532-1542	edisserere	
9-9	1542-1543	,	
9-10	1544-1548	mihi	
9-11	1549-1559	propofitum	
9-12	1560-1563	eft	
9-13	1563-1564	,	
9-14	1570-1576	THESES	
9-15	1576-1577	,	
9-16	1583-1584	.	
9-17	1585-1586	:	
9-18	1587-1591	3511	
9-19	1597-1602	tendo	
9-20	1602-1603	.	
9-21	1604-1605	i	
9-22	1609-1610	1	
9-23	1610-1611	.	

#Text=Somnus meridianus homini sano et vigenti fugiendus eft.
10-1	1612-1618	Somnus	
10-2	1619-1629	meridianus	
10-3	1630-1636	homini	
10-4	1637-1641	sano	
10-5	1642-1644	et	
10-6	1645-1652	vigenti	
10-7	1653-1662	fugiendus	
10-8	1663-1666	eft	
10-9	1666-1667	.	

#Text=II.
11-1	1668-1670	II	
11-2	1670-1671	.	

#Text=Diuifio remediorum in cuacilantia et alterantia haud eft approi í banda.
#Text=9 071472,
#Text=
#Text=1:111.
#Text=« Hominem vbique terrarum ad monogamiam deftinatum effe, come
#Text=
#Text=wi IV.
12-1	1672-1679	Diuifio	
12-2	1680-1690	remediorum	
12-3	1691-1693	in	
12-4	1694-1705	cuacilantia	
12-5	1706-1708	et	
12-6	1709-1719	alterantia	
12-7	1720-1724	haud	
12-8	1725-1728	eft	
12-9	1729-1735	approi	
12-10	1736-1737	í	
12-11	1738-1743	banda	
12-12	1743-1744	.	
12-13	1745-1746	9	
12-14	1747-1753	071472	
12-15	1753-1754	,	
12-16	1756-1757	1	
12-17	1757-1758	:	
12-18	1758-1761	111	
12-19	1761-1762	.	
12-20	1763-1764	«	
12-21	1765-1772	Hominem	
12-22	1773-1779	vbique	
12-23	1780-1788	terrarum	
12-24	1789-1791	ad	
12-25	1792-1802	monogamiam	
12-26	1803-1813	deftinatum	
12-27	1814-1818	effe	
12-28	1818-1819	,	
12-29	1820-1824	come	
12-30	1826-1828	wi	
12-31	1829-1831	IV	
12-32	1831-1832	.	

#Text=Superftitio medica aeque nociua eft, ac superstitio religiosa.
13-1	1833-1844	Superftitio	
13-2	1845-1851	medica	
13-3	1852-1857	aeque	
13-4	1858-1864	nociua	
13-5	1865-1868	eft	
13-6	1868-1869	,	
13-7	1870-1872	ac	
13-8	1873-1884	superstitio	
13-9	1885-1894	religiosa	
13-10	1894-1895	.	
