#FORMAT=WebAnno TSV 3.3


#Text=immer/
#Text=und tragt deß Jahrs dreymahlen
#Text=Fruͤchten/
#Text=welche meiſtens in dem Augſt-
#Text=und Herbſtmonat/ wie auch in dem Mertzen/
#Text=und denn nach dem das wetter guͤnſtig/ auch
#Text=in anderen Monaten eingeſamlet werden/
#Text=
#Text=und weilen mehr und weniger reiffe
#Text=Fruͤch-
#Text=ten auff den Baͤumen ſich finden/ als muß
#Text=man die allerꝛeiffeſten außwehlen/ denn ſie
#Text=
#Text=ſich ſonſten nicht wol halten laſſen.
1-1	3-8	immer	
1-2	8-9	/	
1-3	10-13	und	
1-4	14-19	tragt	
1-5	20-23	deß	
1-6	24-29	Jahrs	
1-7	30-40	dreymahlen	
1-8	41-50	Fruͤchten	
1-9	50-51	/	
1-10	52-58	welche	
1-11	59-67	meiſtens	
1-12	68-70	in	
1-13	71-74	dem	
1-14	75-80	Augſt	
1-15	80-81	-	
1-16	82-85	und	
1-17	86-97	Herbſtmonat	
1-18	97-98	/	
1-19	99-102	wie	
1-20	103-107	auch	
1-21	108-110	in	
1-22	111-114	dem	
1-23	115-122	Mertzen	
1-24	122-123	/	
1-25	124-127	und	
1-26	128-132	denn	
1-27	133-137	nach	
1-28	138-141	dem	
1-29	142-145	das	
1-30	146-152	wetter	
1-31	153-161	guͤnſtig	
1-32	161-162	/	
1-33	163-167	auch	
1-34	168-170	in	
1-35	171-178	anderen	
1-36	179-186	Monaten	
1-37	187-198	eingeſamlet	
1-38	199-205	werden	
1-39	205-206	/	
1-40	208-211	und	
1-41	212-218	weilen	
1-42	219-223	mehr	
1-43	224-227	und	
1-44	228-235	weniger	
1-45	236-242	reiffe	
1-46	243-249	Fruͤch	
1-47	249-250	-	
1-48	251-254	ten	
1-49	255-259	auff	
1-50	260-263	den	
1-51	264-271	Baͤumen	
1-52	272-276	ſich	
1-53	277-283	finden	
1-54	283-284	/	
1-55	285-288	als	
1-56	289-292	muß	
1-57	293-296	man	
1-58	297-300	die	
1-59	301-316	allerꝛeiffeſten	
1-60	317-326	außwehlen	
1-61	326-327	/	
1-62	328-332	denn	
1-63	333-336	ſie	
1-64	338-342	ſich	
1-65	343-350	ſonſten	
1-66	351-356	nicht	
1-67	357-360	wol	
1-68	361-367	halten	
1-69	368-374	laſſen	
1-70	374-375	.	

#Text=Die ge-
#Text=ſambleten/ und von ihrer auſſerſten muͤrben
#Text=
#Text=ſchalen erledigten Nuͤſſe doͤrꝛet man an der
#Text=Sonnen/ wenn ſie duͤrꝛ/ ſo ſoͤnderet man die
#Text=Muſcatbluͤthe ſampt der inneren ſchalen da-
#Text=von/ und waſchet die Nuͤſſe hernach mit
#Text=Kalck-waſſer/ als dadurch ſie am beſten vor
#Text=aller faͤulung bewahret werden.
2-1	376-379	Die	
2-2	380-382	ge	
2-3	382-383	-	
2-4	384-393	ſambleten	
2-5	393-394	/	
2-6	395-398	und	
2-7	399-402	von	
2-8	403-408	ihrer	
2-9	409-419	auſſerſten	
2-10	420-427	muͤrben	
2-11	429-436	ſchalen	
2-12	437-447	erledigten	
2-13	448-454	Nuͤſſe	
2-14	455-462	doͤrꝛet	
2-15	463-466	man	
2-16	467-469	an	
2-17	470-473	der	
2-18	474-480	Sonnen	
2-19	480-481	/	
2-20	482-486	wenn	
2-21	487-490	ſie	
2-22	491-496	duͤrꝛ	
2-23	496-497	/	
2-24	498-500	ſo	
2-25	501-510	ſoͤnderet	
2-26	511-514	man	
2-27	515-518	die	
2-28	519-532	Muſcatbluͤthe	
2-29	533-538	ſampt	
2-30	539-542	der	
2-31	543-550	inneren	
2-32	551-558	ſchalen	
2-33	559-561	da	
2-34	561-562	-	
2-35	563-566	von	
2-36	566-567	/	
2-37	568-571	und	
2-38	572-579	waſchet	
2-39	580-583	die	
2-40	584-590	Nuͤſſe	
2-41	591-598	hernach	
2-42	599-602	mit	
2-43	603-615	Kalck-waſſer	
2-44	615-616	/	
2-45	617-620	als	
2-46	621-628	dadurch	
2-47	629-632	ſie	
2-48	633-635	am	
2-49	636-642	beſten	
2-50	643-646	vor	
2-51	647-652	aller	
2-52	653-661	faͤulung	
2-53	662-670	bewahret	
2-54	671-677	werden	
2-55	677-678	.	

#Text=Auff bemel-
#Text=ter Jnſel Banda werden die Muſcatnuß in
#Text=ſolcher menge gefunden/ daß gantze Schiffe
#Text=damit beladen/ und durch die Niderlaͤndi-
#Text=ſchen Kauffleuth faſt die gantze Welt da-
#Text=durch verſorget wird.
3-1	679-683	Auff	
3-2	684-689	bemel	
3-3	689-690	-	
3-4	691-694	ter	
3-5	695-700	Jnſel	
3-6	701-706	Banda	
3-7	707-713	werden	
3-8	714-717	die	
3-9	718-727	Muſcatnuß	
3-10	728-730	in	
3-11	731-738	ſolcher	
3-12	739-744	menge	
3-13	745-753	gefunden	
3-14	753-754	/	
3-15	755-758	daß	
3-16	759-765	gantze	
3-17	766-773	Schiffe	
3-18	774-779	damit	
3-19	780-787	beladen	
3-20	787-788	/	
3-21	789-792	und	
3-22	793-798	durch	
3-23	799-802	die	
3-24	803-814	Niderlaͤndi	
3-25	814-815	-	
3-26	816-821	ſchen	
3-27	822-832	Kauffleuth	
3-28	833-837	faſt	
3-29	838-841	die	
3-30	842-848	gantze	
3-31	849-853	Welt	
3-32	854-856	da	
3-33	856-857	-	
3-34	858-863	durch	
3-35	864-873	verſorget	
3-36	874-878	wird	
3-37	878-879	.	

#Text=Die Einwohner die-
#Text=ſer Jnſul pflegen auch viel ſolcher Nuͤſſen
#Text=
#Text=ehe ſie reiff worden/ ſampt den gruͤnen ſcha-
#Text=len in zerlaſſenem Zucker zu legen/ und ein-
#Text=zumachen/ und als die beſten confecturen in
#Text=gantz Jndien zu verfuͤhren/ wie ſie denn
#Text=nicht nur ſehr anmuͤthig zu eſſen/ ſonderen
#Text=auch wegen ihrer aromatiſchen tugend dem
#Text=Hertzen und Magen treffliche krafft geben.
4-1	880-883	Die	
4-2	884-893	Einwohner	
4-3	894-897	die	
4-4	897-898	-	
4-5	899-902	ſer	
4-6	903-908	Jnſul	
4-7	909-916	pflegen	
4-8	917-921	auch	
4-9	922-926	viel	
4-10	927-934	ſolcher	
4-11	935-942	Nuͤſſen	
4-12	944-947	ehe	
4-13	948-951	ſie	
4-14	952-957	reiff	
4-15	958-964	worden	
4-16	964-965	/	
4-17	966-971	ſampt	
4-18	972-975	den	
4-19	976-983	gruͤnen	
4-20	984-988	ſcha	
4-21	988-989	-	
4-22	990-993	len	
4-23	994-996	in	
4-24	997-1008	zerlaſſenem	
4-25	1009-1015	Zucker	
4-26	1016-1018	zu	
4-27	1019-1024	legen	
4-28	1024-1025	/	
4-29	1026-1029	und	
4-30	1030-1033	ein	
4-31	1033-1034	-	
4-32	1035-1043	zumachen	
4-33	1043-1044	/	
4-34	1045-1048	und	
4-35	1049-1052	als	
4-36	1053-1056	die	
4-37	1057-1063	beſten	
4-38	1064-1075	confecturen	
4-39	1076-1078	in	
4-40	1079-1084	gantz	
4-41	1085-1091	Jndien	
4-42	1092-1094	zu	
4-43	1095-1105	verfuͤhren	
4-44	1105-1106	/	
4-45	1107-1110	wie	
4-46	1111-1114	ſie	
4-47	1115-1119	denn	
4-48	1120-1125	nicht	
4-49	1126-1129	nur	
4-50	1130-1134	ſehr	
4-51	1135-1144	anmuͤthig	
4-52	1145-1147	zu	
4-53	1148-1153	eſſen	
4-54	1153-1154	/	
4-55	1155-1163	ſonderen	
4-56	1164-1168	auch	
4-57	1169-1174	wegen	
4-58	1175-1180	ihrer	
4-59	1181-1193	aromatiſchen	
4-60	1194-1200	tugend	
4-61	1201-1204	dem	
4-62	1205-1212	Hertzen	
4-63	1213-1216	und	
4-64	1217-1222	Magen	
4-65	1223-1233	treffliche	
4-66	1234-1240	krafft	
4-67	1241-1246	geben	
4-68	1246-1247	.	

#Text=Dieſe
#Text=Nuͤſſe werden von underſchiedli-
#Text=chen Voͤglen gefreſſen/ ſonderlich aber von
#Text=einer gewiſſen art weiſſer Tauben/ welche
#Text=die Nuͤſſe ſampt dem Mußcatbluͤthe ver-
#Text=ſchlingen/ und deßwegen von den Kauffleu-
#Text=then Neut-erters/ Nußfreſſer genennet
#Text=wer-
#Text=den:
#Text=Dieſe Voͤgel aber geben die Nuͤſſe oh-
#Text=ne die bluͤthe unden wider gantz von ſich/
#Text=
#Text=welche/ da ſie alsdenn auff fruchtbahres
#Text=Erdreich fallen/ viel geſchwinder aufwachſen
#Text=als die gepflantzten Nuͤſſe/ ihre Fruͤchten a-
#Text=
#Text=ber ſind der faͤulung auch eher underworffen.
5-1	1251-1256	Dieſe	
5-2	1257-1263	Nuͤſſe	
5-3	1264-1270	werden	
5-4	1271-1274	von	
5-5	1275-1288	underſchiedli	
5-6	1288-1289	-	
5-7	1290-1294	chen	
5-8	1295-1302	Voͤglen	
5-9	1303-1312	gefreſſen	
5-10	1312-1313	/	
5-11	1314-1324	ſonderlich	
5-12	1325-1329	aber	
5-13	1330-1333	von	
5-14	1334-1339	einer	
5-15	1340-1348	gewiſſen	
5-16	1349-1352	art	
5-17	1353-1360	weiſſer	
5-18	1361-1367	Tauben	
5-19	1367-1368	/	
5-20	1369-1375	welche	
5-21	1376-1379	die	
5-22	1380-1386	Nuͤſſe	
5-23	1387-1392	ſampt	
5-24	1393-1396	dem	
5-25	1397-1410	Mußcatbluͤthe	
5-26	1411-1414	ver	
5-27	1414-1415	-	
5-28	1416-1425	ſchlingen	
5-29	1425-1426	/	
5-30	1427-1430	und	
5-31	1431-1439	deßwegen	
5-32	1440-1443	von	
5-33	1444-1447	den	
5-34	1448-1456	Kauffleu	
5-35	1456-1457	-	
5-36	1458-1462	then	
5-37	1463-1474	Neut-erters	
5-38	1474-1475	/	
5-39	1476-1486	Nußfreſſer	
5-40	1487-1495	genennet	
5-41	1496-1499	wer	
5-42	1499-1500	-	
5-43	1501-1504	den	
5-44	1504-1505	:	
5-45	1506-1511	Dieſe	
5-46	1512-1518	Voͤgel	
5-47	1519-1523	aber	
5-48	1524-1529	geben	
5-49	1530-1533	die	
5-50	1534-1540	Nuͤſſe	
5-51	1541-1543	oh	
5-52	1543-1544	-	
5-53	1545-1547	ne	
5-54	1548-1551	die	
5-55	1552-1559	bluͤthe	
5-56	1560-1565	unden	
5-57	1566-1571	wider	
5-58	1572-1577	gantz	
5-59	1578-1581	von	
5-60	1582-1586	ſich	
5-61	1586-1587	/	
5-62	1589-1595	welche	
5-63	1595-1596	/	
5-64	1597-1599	da	
5-65	1600-1603	ſie	
5-66	1604-1611	alsdenn	
5-67	1612-1616	auff	
5-68	1617-1629	fruchtbahres	
5-69	1630-1638	Erdreich	
5-70	1639-1645	fallen	
5-71	1645-1646	/	
5-72	1647-1651	viel	
5-73	1652-1663	geſchwinder	
5-74	1664-1674	aufwachſen	
5-75	1675-1678	als	
5-76	1679-1682	die	
5-77	1683-1695	gepflantzten	
5-78	1696-1702	Nuͤſſe	
5-79	1702-1703	/	
5-80	1704-1708	ihre	
5-81	1709-1718	Fruͤchten	
5-82	1719-1720	a	
5-83	1720-1721	-	
5-84	1723-1726	ber	
5-85	1727-1731	ſind	
5-86	1732-1735	der	
5-87	1736-1744	faͤulung	
5-88	1745-1749	auch	
5-89	1750-1754	eher	
5-90	1755-1767	underworffen	
5-91	1767-1768	.	

#Text=Das andere Geſchlecht iſt die ablange
#Text=Mußcatnuß/
6-1	1772-1775	Das	
6-2	1776-1782	andere	
6-3	1783-1793	Geſchlecht	
6-4	1794-1797	iſt	
6-5	1798-1801	die	
6-6	1802-1809	ablange	
6-7	1810-1819	Mußcatnuß	
6-8	1819-1820	/	
