#FORMAT=WebAnno TSV 3.3
#T_SP=custom.Span|label
#T_RL=custom.Relation|label|BT_custom.Span


#Text=Tournef.
#Text=inſt.
1-1	2-9	Tournef	_	_	_	
1-2	9-10	.	_	_	_	
1-3	11-15	inſt	_	_	_	
1-4	15-16	.	_	_	_	

#Text=Ligu-
#Text=ſticum vulgare foliis apii, I.
2-1	17-21	Ligu	_	_	_	
2-2	21-22	-	_	_	_	
2-3	23-29	ſticum	_	_	_	
2-4	30-37	vulgare	_	_	_	
2-5	38-44	foliis	_	_	_	
2-6	45-49	apii	_	_	_	
2-7	49-50	,	_	_	_	
2-8	51-52	I	_	_	_	
2-9	52-53	.	_	_	_	

#Text=B. hat eine dicke,
#Text=holzigte und wohlriechende Wurzel, und treibet ei-
#Text=nen holen und fetten Stengel eines Daumes dicke
#Text=mit verſchiedenen Nebenzweigen.
3-1	54-55	B	_	_	_	
3-2	55-56	.	_	_	_	
3-3	57-60	hat	_	_	_	
3-4	61-65	eine	_	_	_	
3-5	66-71	dicke	_	_	_	
3-6	71-72	,	_	_	_	
3-7	73-81	holzigte	_	_	_	
3-8	82-85	und	_	_	_	
3-9	86-99	wohlriechende	Quality[1]|Smell\_Word[2]	*	3-10[0_2]	
3-10	100-106	Wurzel	Smell\_Source	_	_	
3-11	106-107	,	_	_	_	
3-12	108-111	und	_	_	_	
3-13	112-119	treibet	_	_	_	
3-14	120-122	ei	_	_	_	
3-15	122-123	-	_	_	_	
3-16	124-127	nen	_	_	_	
3-17	128-133	holen	_	_	_	
3-18	134-137	und	_	_	_	
3-19	138-144	fetten	_	_	_	
3-20	145-152	Stengel	_	_	_	
3-21	153-158	eines	_	_	_	
3-22	159-165	Daumes	_	_	_	
3-23	166-171	dicke	_	_	_	
3-24	172-175	mit	_	_	_	
3-25	176-189	verſchiedenen	_	_	_	
3-26	190-202	Nebenzweigen	_	_	_	
3-27	202-203	.	_	_	_	

#Text=Vom Lieb-
#Text=
#Text=ſtoͤckel.
4-1	207-210	Vom	_	_	_	
4-2	211-215	Lieb	_	_	_	
4-3	215-216	-	_	_	_	
4-4	218-226	ſtoͤckel	_	_	_	
4-5	226-227	.	_	_	_	

#Text=Die Wurzel, wenn ſie nicht verletzet wird, blei-
#Text=bet viele Jahre in der Erden gut, und ſchadet ihr
#Text=nicht leicht ein ſtarker Froſt.
5-1	229-232	Die	_	_	_	
5-2	233-239	Wurzel	_	_	_	
5-3	239-240	,	_	_	_	
5-4	241-245	wenn	_	_	_	
5-5	246-249	ſie	_	_	_	
5-6	250-255	nicht	_	_	_	
5-7	256-265	verletzet	_	_	_	
5-8	266-270	wird	_	_	_	
5-9	270-271	,	_	_	_	
5-10	272-276	blei	_	_	_	
5-11	276-277	-	_	_	_	
5-12	278-281	bet	_	_	_	
5-13	282-287	viele	_	_	_	
5-14	288-293	Jahre	_	_	_	
5-15	294-296	in	_	_	_	
5-16	297-300	der	_	_	_	
5-17	301-306	Erden	_	_	_	
5-18	307-310	gut	_	_	_	
5-19	310-311	,	_	_	_	
5-20	312-315	und	_	_	_	
5-21	316-323	ſchadet	_	_	_	
5-22	324-327	ihr	_	_	_	
5-23	328-333	nicht	_	_	_	
5-24	334-340	leicht	_	_	_	
5-25	341-344	ein	_	_	_	
5-26	345-352	ſtarker	_	_	_	
5-27	353-358	Froſt	_	_	_	
5-28	358-359	.	_	_	_	

#Text=Sie nimt auch mit al-
#Text=lerhand Garten-Grunde vorlieb, und waͤchſet
#Text=ger-
#Text=ne an ſchattigten und feuchten Orten.
6-1	360-363	Sie	_	_	_	
6-2	364-368	nimt	_	_	_	
6-3	369-373	auch	_	_	_	
6-4	374-377	mit	_	_	_	
6-5	378-380	al	_	_	_	
6-6	380-381	-	_	_	_	
6-7	382-389	lerhand	_	_	_	
6-8	390-403	Garten-Grunde	_	_	_	
6-9	404-411	vorlieb	_	_	_	
6-10	411-412	,	_	_	_	
6-11	413-416	und	_	_	_	
6-12	417-425	waͤchſet	_	_	_	
6-13	426-429	ger	_	_	_	
6-14	429-430	-	_	_	_	
6-15	431-433	ne	_	_	_	
6-16	434-436	an	_	_	_	
6-17	437-448	ſchattigten	_	_	_	
6-18	449-452	und	_	_	_	
6-19	453-461	feuchten	_	_	_	
6-20	462-467	Orten	_	_	_	
6-21	467-468	.	_	_	_	

#Text=Die Vermehrung geſchiehet erſtlich durch
#Text=den Samen, welcher laͤnglicht, rund, plat und duͤn-
#Text=ne iſt, und einen aromatiſchen Geſchmack hat.
7-1	472-475	Die	_	_	_	
7-2	476-486	Vermehrung	_	_	_	
7-3	487-497	geſchiehet	_	_	_	
7-4	498-506	erſtlich	_	_	_	
7-5	507-512	durch	_	_	_	
7-6	513-516	den	_	_	_	
7-7	517-522	Samen	_	_	_	
7-8	522-523	,	_	_	_	
7-9	524-531	welcher	_	_	_	
7-10	532-542	laͤnglicht	_	_	_	
7-11	542-543	,	_	_	_	
7-12	544-548	rund	_	_	_	
7-13	548-549	,	_	_	_	
7-14	550-554	plat	_	_	_	
7-15	555-558	und	_	_	_	
7-16	559-563	duͤn	_	_	_	
7-17	563-564	-	_	_	_	
7-18	565-567	ne	_	_	_	
7-19	568-571	iſt	_	_	_	
7-20	571-572	,	_	_	_	
7-21	573-576	und	_	_	_	
7-22	577-582	einen	_	_	_	
7-23	583-595	aromatiſchen	_	_	_	
7-24	596-605	Geſchmack	_	_	_	
7-25	606-609	hat	_	_	_	
7-26	609-610	.	_	_	_	

#Text=Er
#Text=
#Text=wird im Fruͤhjahre im Merz in gemeine Garten-
#Text=Erde geſaͤet, und wenn er aufgegangen und in et-
#Text=was erwachſen, in das Land zwey Schuh weit von
#Text=einander gepflanzet.
8-1	611-613	Er	_	_	_	
8-2	615-619	wird	_	_	_	
8-3	620-622	im	_	_	_	
8-4	623-633	Fruͤhjahre	_	_	_	
8-5	634-636	im	_	_	_	
8-6	637-641	Merz	_	_	_	
8-7	642-644	in	_	_	_	
8-8	645-652	gemeine	_	_	_	
8-9	653-659	Garten	_	_	_	
8-10	659-660	-	_	_	_	
8-11	661-665	Erde	_	_	_	
8-12	666-673	geſaͤet	_	_	_	
8-13	673-674	,	_	_	_	
8-14	675-678	und	_	_	_	
8-15	679-683	wenn	_	_	_	
8-16	684-686	er	_	_	_	
8-17	687-698	aufgegangen	_	_	_	
8-18	699-702	und	_	_	_	
8-19	703-705	in	_	_	_	
8-20	706-708	et	_	_	_	
8-21	708-709	-	_	_	_	
8-22	710-713	was	_	_	_	
8-23	714-723	erwachſen	_	_	_	
8-24	723-724	,	_	_	_	
8-25	725-727	in	_	_	_	
8-26	728-731	das	_	_	_	
8-27	732-736	Land	_	_	_	
8-28	737-741	zwey	_	_	_	
8-29	742-747	Schuh	_	_	_	
8-30	748-752	weit	_	_	_	
8-31	753-756	von	_	_	_	
8-32	757-765	einander	_	_	_	
8-33	766-776	gepflanzet	_	_	_	
8-34	776-777	.	_	_	_	

#Text=Jngleichen vermehret man dieſes Gewaͤchſe
#Text=
#Text=durch
#Text=
#Text=\f
#Text=[222/0232
#Text=]
#Text=
#Text=6.
9-1	781-791	Jngleichen	_	_	_	
9-2	792-801	vermehret	_	_	_	
9-3	802-805	man	_	_	_	
9-4	806-812	dieſes	_	_	_	
9-5	813-822	Gewaͤchſe	_	_	_	
9-6	824-829	durch	_	_	_	
9-7	833-834	[	_	_	_	
9-8	834-837	222	_	_	_	
9-9	837-838	/	_	_	_	
9-10	838-842	0232	_	_	_	
9-11	843-844	]	_	_	_	
9-12	846-847	6	_	_	_	
9-13	847-848	.	_	_	_	

#Text=Cap.
10-1	849-852	Cap	_	_	_	
10-2	852-853	.	_	_	_	

#Text=Von einigen zur Arzeney
#Text=
#Text=
#Text=durch Zertheilung der Wurzeln, wie auch durch die
#Text=Nebenpflanzen, welche an dem alten Stocke auf-
#Text=ſchieſſen, und ſowol im Herbſte als Fruͤhjahre abge-
#Text=nommen und verpflanzet werden koͤnnen.
11-1	854-857	Von	_	_	_	
11-2	858-865	einigen	_	_	_	
11-3	866-869	zur	_	_	_	
11-4	870-877	Arzeney	_	_	_	
11-5	880-885	durch	_	_	_	
11-6	886-897	Zertheilung	_	_	_	
11-7	898-901	der	_	_	_	
11-8	902-909	Wurzeln	_	_	_	
11-9	909-910	,	_	_	_	
11-10	911-914	wie	_	_	_	
11-11	915-919	auch	_	_	_	
11-12	920-925	durch	_	_	_	
11-13	926-929	die	_	_	_	
11-14	930-943	Nebenpflanzen	_	_	_	
11-15	943-944	,	_	_	_	
11-16	945-951	welche	_	_	_	
11-17	952-954	an	_	_	_	
11-18	955-958	dem	_	_	_	
11-19	959-964	alten	_	_	_	
11-20	965-971	Stocke	_	_	_	
11-21	972-975	auf	_	_	_	
11-22	975-976	-	_	_	_	
11-23	977-986	ſchieſſen	_	_	_	
11-24	986-987	,	_	_	_	
11-25	988-991	und	_	_	_	
11-26	992-997	ſowol	_	_	_	
11-27	998-1000	im	_	_	_	
11-28	1001-1008	Herbſte	_	_	_	
11-29	1009-1012	als	_	_	_	
11-30	1013-1023	Fruͤhjahre	_	_	_	
11-31	1024-1028	abge	_	_	_	
11-32	1028-1029	-	_	_	_	
11-33	1030-1036	nommen	_	_	_	
11-34	1037-1040	und	_	_	_	
11-35	1041-1052	verpflanzet	_	_	_	
11-36	1053-1059	werden	_	_	_	
11-37	1060-1067	koͤnnen	_	_	_	
11-38	1067-1068	.	_	_	_	

#Text=Jm Ju-
#Text=lio und Auguſto bringen ſie ihre gelbe Sterne
#Text=
#Text=gleichſam wie der Jtaliaͤniſche Fenchel.
12-1	1069-1071	Jm	_	_	_	
12-2	1072-1074	Ju	_	_	_	
12-3	1074-1075	-	_	_	_	
12-4	1076-1079	lio	_	_	_	
12-5	1080-1083	und	_	_	_	
12-6	1084-1091	Auguſto	_	_	_	
12-7	1092-1099	bringen	_	_	_	
12-8	1100-1103	ſie	_	_	_	
12-9	1104-1108	ihre	_	_	_	
12-10	1109-1114	gelbe	_	_	_	
12-11	1115-1121	Sterne	_	_	_	
12-12	1123-1132	gleichſam	_	_	_	
12-13	1133-1136	wie	_	_	_	
12-14	1137-1140	der	_	_	_	
12-15	1141-1154	Jtaliaͤniſche	_	_	_	
12-16	1155-1162	Fenchel	_	_	_	
12-17	1162-1163	.	_	_	_	
