#FORMAT=WebAnno TSV 3.3


#Text=sim Sophoclis, Regium Cras
#Text=
#Text=tis , Psagden Ariftophanis , de Panganium Palomenis , aur;
#Text=
#Text=certè Plangonis, Nardinum Menandri, Sagdam Epilici, Aegyptium Achaei , cetera
#Text=
#Text=que fexcenta adeò fuauia Plin.
#Text=lib.
1-1	2-5	sim	
1-2	6-15	Sophoclis	
1-3	15-16	,	
1-4	17-23	Regium	
1-5	24-28	Cras	
1-6	30-33	tis	
1-7	34-35	,	
1-8	36-43	Psagden	
1-9	44-56	Ariftophanis	
1-10	57-58	,	
1-11	59-61	de	
1-12	62-71	Panganium	
1-13	72-81	Palomenis	
1-14	82-83	,	
1-15	84-87	aur	
1-16	87-88	;	
1-17	90-95	certè	
1-18	96-105	Plangonis	
1-19	105-106	,	
1-20	107-115	Nardinum	
1-21	116-124	Menandri	
1-22	124-125	,	
1-23	126-132	Sagdam	
1-24	133-140	Epilici	
1-25	140-141	,	
1-26	142-151	Aegyptium	
1-27	152-158	Achaei	
1-28	159-160	,	
1-29	161-167	cetera	
1-30	169-172	que	
1-31	173-181	fexcenta	
1-32	182-186	adeò	
1-33	187-193	fuauia	
1-34	194-198	Plin	
1-35	198-199	.	
1-36	200-203	lib	
1-37	203-204	.	

#Text=V t transeunte femina, ador inuia
#Text=
#Text=tet etiam aliud agenter i Aded
#Text=
#Text=suauia acutaque, V.C L.
2-1	205-206	V	
2-2	207-208	t	
2-3	209-219	transeunte	
2-4	220-226	femina	
2-5	226-227	,	
2-6	228-232	ador	
2-7	233-238	inuia	
2-8	240-243	tet	
2-9	244-249	etiam	
2-10	250-255	aliud	
2-11	256-263	agenter	
2-12	264-265	i	
2-13	266-270	Aded	
2-14	272-278	suauia	
2-15	279-287	acutaque	
2-16	287-288	,	
2-17	289-292	V.C	
2-18	293-294	L	
2-19	294-295	.	

#Text=PleValerius li.
#Text=tium , L.
3-1	296-307	PleValerius	
3-2	308-310	li	
3-3	310-311	.	
3-4	312-316	tium	
3-5	317-318	,	
3-6	319-320	L	
3-7	320-321	.	

#Text=Plangi his Canfulis Cen
#Text=
#Text=forijue fratrem profcriptum a Tri-.
4-1	322-328	Plangi	
4-2	329-332	his	
4-3	333-341	Canfulis	
4-4	342-345	Cen	
4-5	347-354	forijue	
4-6	355-362	fratrem	
4-7	363-374	profcriptum	
4-8	375-376	a	
4-9	377-380	Tri	
4-10	380-381	-	
4-11	381-382	.	

#Text=Solinus ca.
#Text=umujxis in Salernitana latebnawe
#Text=
#Text=unguenti odore proditum comitet.
5-1	383-390	Solinus	
5-2	391-393	ca	
5-3	393-394	.	
5-4	395-402	umujxis	
5-5	403-405	in	
5-6	406-417	Salernitana	
5-7	418-427	latebnawe	
5-8	429-437	unguenti	
5-9	438-443	odore	
5-10	444-452	proditum	
5-11	453-460	comitet	
5-12	460-461	.	

#Text=Adeo demum fuauia , ut Terras odor fimul atque coelum peruaderets !!
6-1	462-466	Adeo	
6-2	467-472	demum	
6-3	473-479	fuauia	
6-4	480-481	,	
6-5	482-484	ut	
6-6	485-491	Terras	
6-7	492-496	odor	
6-8	497-502	fimul	
6-9	503-508	atque	
6-10	509-515	coelum	
6-11	516-527	peruaderets	
6-12	528-529	!	
6-13	529-530	!	

#Text=X111.
#Text=cap.
#Text=111.
7-1	531-535	X111	
7-2	535-536	.	
7-3	537-540	cap	
7-4	540-541	.	
7-5	542-545	111	
7-6	545-546	.	

#Text=vi cáp PIII,
#Text=
#Text=
#Text=
#Text=
#Text=
#Text=vtque ea din
#Text=
#Text=
#Text=
#Text=Cum olfacies, Deas.
#Text=rogabis, -ri
#Text=
#Text=brutta Totum utite faciant s Fabula Çatullus 2: ke, nafumi, izvisko Sed video te haereniemsbe Etor;aut certè haefurú prae uideo, an haec yngućea tam grata fuerintis vt cum non itris ambtaceis comparari: poffint, nám eorum con, pofitio fufpicionem facit:no mediocrem, aliqua enimo adhibentur.velinodora, vek etiam grauiter olentia.
8-1	552-554	vi	
8-2	555-558	cáp	
8-3	559-563	PIII	
8-4	563-564	,	
8-5	570-575	vtque	
8-6	576-578	ea	
8-7	579-582	din	
8-8	586-589	Cum	
8-9	590-598	olfacies	
8-10	598-599	,	
8-11	600-604	Deas	
8-12	604-605	.	
8-13	606-613	rogabis	
8-14	613-614	,	
8-15	615-616	-	
8-16	616-618	ri	
8-17	620-626	brutta	
8-18	627-632	Totum	
8-19	633-638	utite	
8-20	639-646	faciant	
8-21	647-648	s	
8-22	649-655	Fabula	
8-23	656-664	Çatullus	
8-24	665-666	2	
8-25	666-667	:	
8-26	668-670	ke	
8-27	670-671	,	
8-28	672-678	nafumi	
8-29	678-679	,	
8-30	680-687	izvisko	
8-31	688-691	Sed	
8-32	692-697	video	
8-33	698-700	te	
8-34	701-713	haereniemsbe	
8-35	714-718	Etor	
8-36	718-719	;	
8-37	719-722	aut	
8-38	723-728	certè	
8-39	729-736	haefurú	
8-40	737-741	prae	
8-41	742-747	uideo	
8-42	747-748	,	
8-43	749-751	an	
8-44	752-756	haec	
8-45	757-764	yngućea	
8-46	765-768	tam	
8-47	769-774	grata	
8-48	775-784	fuerintis	
8-49	785-787	vt	
8-50	788-791	cum	
8-51	792-795	non	
8-52	796-801	itris	
8-53	802-811	ambtaceis	
8-54	812-821	comparari	
8-55	821-822	:	
8-56	823-830	poffint	
8-57	830-831	,	
8-58	832-835	nám	
8-59	836-841	eorum	
8-60	842-845	con	
8-61	845-846	,	
8-62	847-854	pofitio	
8-63	855-866	fufpicionem	
8-64	867-872	facit	
8-65	872-873	:	
8-66	873-875	no	
8-67	876-885	mediocrem	
8-68	885-886	,	
8-69	887-893	aliqua	
8-70	894-899	enimo	
8-71	900-921	adhibentur.velinodora	
8-72	921-922	,	
8-73	923-926	vek	
8-74	927-932	etiam	
8-75	933-941	grauiter	
8-76	942-949	olentia	
8-77	949-950	.	

#Text=Ceny terùm
#Text=
#Text=verem, quae mulig; rụm torsit ingenia,quaequel plurimis perfuafitivilia fuilo le & grauia antiquoruıq.xn-, Multa di: guenta , exploratam habea- ma quae mus , multa funt animad.
#Text=tuncur.
#Text=uer
#Text=
#Text=
#Text=
#Text=
#Text=
#Text=Primò ani.
#Text=uertenda.
9-1	951-955	Ceny	
9-2	956-961	terùm	
9-3	963-968	verem	
9-4	968-969	,	
9-5	970-974	quae	
9-6	975-980	mulig	
9-7	980-981	;	
9-8	982-985	rụm	
9-9	986-992	torsit	
9-10	993-1000	ingenia	
9-11	1000-1001	,	
9-12	1001-1009	quaequel	
9-13	1010-1018	plurimis	
9-14	1019-1034	perfuafitivilia	
9-15	1035-1040	fuilo	
9-16	1041-1043	le	
9-17	1044-1045	&	
9-18	1046-1052	grauia	
9-19	1053-1067	antiquoruıq.xn	
9-20	1067-1068	-	
9-21	1068-1069	,	
9-22	1070-1075	Multa	
9-23	1076-1078	di	
9-24	1078-1079	:	
9-25	1080-1086	guenta	
9-26	1087-1088	,	
9-27	1089-1099	exploratam	
9-28	1100-1105	habea	
9-29	1105-1106	-	
9-30	1107-1109	ma	
9-31	1110-1114	quae	
9-32	1115-1118	mus	
9-33	1119-1120	,	
9-34	1121-1126	multa	
9-35	1127-1131	funt	
9-36	1132-1138	animad	
9-37	1138-1139	.	
9-38	1140-1146	tuncur	
9-39	1146-1147	.	
9-40	1148-1151	uer	
9-41	1157-1162	Primò	
9-42	1163-1166	ani	
9-43	1166-1167	.	
9-44	1168-1176	uertenda	
9-45	1176-1177	.	

#Text=Primò non om maduer.
#Text=nia ynguentorum generas ad delicias tantùm & luxus composita fuisse ; fed pleraque etiam ad fanitatem: quod vel ex Pomponio sureconfulto , non minùs antiquitate , quàm doctrinas clarissimo, liquidò conftat.
#Text=is enim lib.xxx I v. titulo 11.
10-1	1178-1183	Primò	
10-2	1184-1187	non	
10-3	1188-1190	om	
10-4	1191-1197	maduer	
10-5	1197-1198	.	
10-6	1199-1202	nia	
10-7	1203-1214	ynguentorum	
10-8	1215-1222	generas	
10-9	1223-1225	ad	
10-10	1226-1234	delicias	
10-11	1235-1241	tantùm	
10-12	1242-1243	&	
10-13	1244-1249	luxus	
10-14	1250-1259	composita	
10-15	1260-1266	fuisse	
10-16	1267-1268	;	
10-17	1269-1272	fed	
10-18	1273-1281	pleraque	
10-19	1282-1287	etiam	
10-20	1288-1290	ad	
10-21	1291-1300	fanitatem	
10-22	1300-1301	:	
10-23	1302-1306	quod	
10-24	1307-1310	vel	
10-25	1311-1313	ex	
10-26	1314-1322	Pomponio	
10-27	1323-1335	sureconfulto	
10-28	1336-1337	,	
10-29	1338-1341	non	
10-30	1342-1347	minùs	
10-31	1348-1359	antiquitate	
10-32	1360-1361	,	
10-33	1362-1366	quàm	
10-34	1367-1376	doctrinas	
10-35	1377-1387	clarissimo	
10-36	1387-1388	,	
10-37	1389-1396	liquidò	
10-38	1397-1404	conftat	
10-39	1404-1405	.	
10-40	1406-1408	is	
10-41	1409-1413	enim	
10-42	1414-1421	lib.xxx	
10-43	1422-1423	I	
10-44	1424-1425	v	
10-45	1425-1426	.	
10-46	1427-1433	titulo	
10-47	1434-1436	11	
10-48	1436-1437	.	

#Text=Pandect.
#Text=haec habet: Vine
#Text=
#Text=guentis kgatis, non tantùm ea leo Non omnia gata videntur , quibus vrgimus ad delicias.
11-1	1438-1445	Pandect	
11-2	1445-1446	.	
11-3	1447-1451	haec	
11-4	1452-1457	habet	
11-5	1457-1458	:	
11-6	1459-1463	Vine	
11-7	1465-1472	guentis	
11-8	1473-1479	kgatis	
11-9	1479-1480	,	
11-10	1481-1484	non	
11-11	1485-1491	tantùm	
11-12	1492-1494	ea	
11-13	1495-1498	leo	
11-14	1499-1502	Non	
11-15	1503-1508	omnia	
11-16	1509-1513	gata	
11-17	1514-1522	videntur	
11-18	1523-1524	,	
11-19	1525-1531	quibus	
11-20	1532-1539	vrgimus	
11-21	1540-1542	ad	
11-22	1543-1551	delicias	
11-23	1551-1552	.	
