#FORMAT=WebAnno TSV 3.3
#T_SP=custom.Span|label
#T_RL=custom.Relation|label|BT_custom.Span


#Text=Von dieſem habe ich in meinem er-
#Text=ſten Buche weitlaͤufftig genug gehan-
#Text=delt, will dannenhero nichts nicht all-
#Text=hier vermelden, auf was fuͤr Art und
#Text=Weiſe dieſelben zuzurichten, wann
#Text=man ſie will aufheben, noch auch von
#Text=dem Paſtel, oder dem darinn enthaltenen
#Text=Pulver, welches ohnedem in der Medi-
#Text=ein gar unbekannt.
1-1	4-7	Von	_	_	_	
1-2	8-14	dieſem	_	_	_	
1-3	15-19	habe	_	_	_	
1-4	20-23	ich	_	_	_	
1-5	24-26	in	_	_	_	
1-6	27-33	meinem	_	_	_	
1-7	34-36	er	_	_	_	
1-8	36-37	-	_	_	_	
1-9	38-42	ſten	_	_	_	
1-10	43-48	Buche	_	_	_	
1-11	49-62	weitlaͤufftig	_	_	_	
1-12	63-68	genug	_	_	_	
1-13	69-74	gehan	_	_	_	
1-14	74-75	-	_	_	_	
1-15	76-80	delt	_	_	_	
1-16	80-81	,	_	_	_	
1-17	82-86	will	_	_	_	
1-18	87-97	dannenhero	_	_	_	
1-19	98-104	nichts	_	_	_	
1-20	105-110	nicht	_	_	_	
1-21	111-114	all	_	_	_	
1-22	114-115	-	_	_	_	
1-23	116-120	hier	_	_	_	
1-24	121-130	vermelden	_	_	_	
1-25	130-131	,	_	_	_	
1-26	132-135	auf	_	_	_	
1-27	136-139	was	_	_	_	
1-28	140-144	fuͤr	_	_	_	
1-29	145-148	Art	_	_	_	
1-30	149-152	und	_	_	_	
1-31	153-158	Weiſe	_	_	_	
1-32	159-168	dieſelben	_	_	_	
1-33	169-180	zuzurichten	_	_	_	
1-34	180-181	,	_	_	_	
1-35	182-186	wann	_	_	_	
1-36	187-190	man	_	_	_	
1-37	191-194	ſie	_	_	_	
1-38	195-199	will	_	_	_	
1-39	200-208	aufheben	_	_	_	
1-40	208-209	,	_	_	_	
1-41	210-214	noch	_	_	_	
1-42	215-219	auch	_	_	_	
1-43	220-223	von	_	_	_	
1-44	224-227	dem	_	_	_	
1-45	228-234	Paſtel	_	_	_	
1-46	234-235	,	_	_	_	
1-47	236-240	oder	_	_	_	
1-48	241-244	dem	_	_	_	
1-49	245-251	darinn	_	_	_	
1-50	252-263	enthaltenen	_	_	_	
1-51	264-270	Pulver	_	_	_	
1-52	270-271	,	_	_	_	
1-53	272-279	welches	_	_	_	
1-54	280-287	ohnedem	_	_	_	
1-55	288-290	in	_	_	_	
1-56	291-294	der	_	_	_	
1-57	295-299	Medi	_	_	_	
1-58	299-300	-	_	_	_	
1-59	301-304	ein	_	_	_	
1-60	305-308	gar	_	_	_	
1-61	309-318	unbekannt	_	_	_	
1-62	318-319	.	_	_	_	

#Text=Die Portugieſen,
#Text=Spanier, ingleichen die Einwohner in
#Text=Languedoc, Provence und andern Or-
#Text=ten, welche dieſe Waare zu ſammlen
#Text=pflegen, laſſen ſie mit ſonderlichen Fleiß
#Text=
#Text=durch Weineßig gehen, damit die un-
#Text=zehlbare Anzahl der gantz kleinen, faſt
#Text=unbegreifflichen Wuͤrmlein davon ſter-
#Text=ben, und legen ſie hernachmahls an die
#Text=Sonne, bis daß ſie wiederum recht tro-
#Text=
#Text=cken worden.
2-1	320-323	Die	_	_	_	
2-2	324-335	Portugieſen	_	_	_	
2-3	335-336	,	_	_	_	
2-4	337-344	Spanier	_	_	_	
2-5	344-345	,	_	_	_	
2-6	346-356	ingleichen	_	_	_	
2-7	357-360	die	_	_	_	
2-8	361-370	Einwohner	_	_	_	
2-9	371-373	in	_	_	_	
2-10	374-383	Languedoc	_	_	_	
2-11	383-384	,	_	_	_	
2-12	385-393	Provence	_	_	_	
2-13	394-397	und	_	_	_	
2-14	398-404	andern	_	_	_	
2-15	405-407	Or	_	_	_	
2-16	407-408	-	_	_	_	
2-17	409-412	ten	_	_	_	
2-18	412-413	,	_	_	_	
2-19	414-420	welche	_	_	_	
2-20	421-426	dieſe	_	_	_	
2-21	427-432	Waare	_	_	_	
2-22	433-435	zu	_	_	_	
2-23	436-443	ſammlen	_	_	_	
2-24	444-451	pflegen	_	_	_	
2-25	451-452	,	_	_	_	
2-26	453-459	laſſen	_	_	_	
2-27	460-463	ſie	_	_	_	
2-28	464-467	mit	_	_	_	
2-29	468-480	ſonderlichen	_	_	_	
2-30	481-486	Fleiß	_	_	_	
2-31	488-493	durch	_	_	_	
2-32	494-502	Weineßig	_	_	_	
2-33	503-508	gehen	_	_	_	
2-34	508-509	,	_	_	_	
2-35	510-515	damit	_	_	_	
2-36	516-519	die	_	_	_	
2-37	520-522	un	_	_	_	
2-38	522-523	-	_	_	_	
2-39	524-532	zehlbare	_	_	_	
2-40	533-539	Anzahl	_	_	_	
2-41	540-543	der	_	_	_	
2-42	544-549	gantz	_	_	_	
2-43	550-557	kleinen	_	_	_	
2-44	557-558	,	_	_	_	
2-45	559-563	faſt	_	_	_	
2-46	564-580	unbegreifflichen	_	_	_	
2-47	581-590	Wuͤrmlein	_	_	_	
2-48	591-596	davon	_	_	_	
2-49	597-601	ſter	_	_	_	
2-50	601-602	-	_	_	_	
2-51	603-606	ben	_	_	_	
2-52	606-607	,	_	_	_	
2-53	608-611	und	_	_	_	
2-54	612-617	legen	_	_	_	
2-55	618-621	ſie	_	_	_	
2-56	622-634	hernachmahls	_	_	_	
2-57	635-637	an	_	_	_	
2-58	638-641	die	_	_	_	
2-59	642-647	Sonne	_	_	_	
2-60	647-648	,	_	_	_	
2-61	649-652	bis	_	_	_	
2-62	653-656	daß	_	_	_	
2-63	657-660	ſie	_	_	_	
2-64	661-669	wiederum	_	_	_	
2-65	670-675	recht	_	_	_	
2-66	676-679	tro	_	_	_	
2-67	679-680	-	_	_	_	
2-68	682-686	cken	_	_	_	
2-69	687-693	worden	_	_	_	
2-70	693-694	.	_	_	_	

#Text=Sonſt, wann ſie den
#Text=Weineißig nicht wohl empfunden, be-
#Text=vor daß ſie getreuget werden, ſo kommt
#Text=eine gantz unglaubliche Menge kleiner
#Text=Wuͤrmer oder Muͤcken heraus.
3-1	695-700	Sonſt	_	_	_	
3-2	700-701	,	_	_	_	
3-3	702-706	wann	_	_	_	
3-4	707-710	ſie	_	_	_	
3-5	711-714	den	_	_	_	
3-6	715-724	Weineißig	_	_	_	
3-7	725-730	nicht	_	_	_	
3-8	731-735	wohl	_	_	_	
3-9	736-745	empfunden	_	_	_	
3-10	745-746	,	_	_	_	
3-11	747-749	be	_	_	_	
3-12	749-750	-	_	_	_	
3-13	751-754	vor	_	_	_	
3-14	755-758	daß	_	_	_	
3-15	759-762	ſie	_	_	_	
3-16	763-772	getreuget	_	_	_	
3-17	773-779	werden	_	_	_	
3-18	779-780	,	_	_	_	
3-19	781-783	ſo	_	_	_	
3-20	784-789	kommt	_	_	_	
3-21	790-794	eine	_	_	_	
3-22	795-800	gantz	_	_	_	
3-23	801-813	unglaubliche	_	_	_	
3-24	814-819	Menge	_	_	_	
3-25	820-827	kleiner	_	_	_	
3-26	828-835	Wuͤrmer	_	_	_	
3-27	836-840	oder	_	_	_	
3-28	841-848	Muͤcken	_	_	_	
3-29	849-855	heraus	_	_	_	
3-30	855-856	.	_	_	_	

#Text=Daher
#Text=kommt es auch, daß die meiſten Schar-
#Text=lachkoͤrner, die wir zu veꝛkauffen haben,
#Text=ledige und durchloͤcherte Huͤlſen und
#Text=Schalen ſind: welches auch geſchiehet,
#Text=wann ſie zu alt werden, indem der dar-
#Text=inne befindliche Paſtel (ſo wie gedacht,
#Text=nichts anders iſt, als eitel kleine Wuͤrm-
#Text=
#Text=lein) ſich ſelbſt verzehret, und zu weiſſen
#Text=Staube, darauf aber gar zu nichts
#Text=nicht wird.
4-1	857-862	Daher	_	_	_	
4-2	863-868	kommt	_	_	_	
4-3	869-871	es	_	_	_	
4-4	872-876	auch	_	_	_	
4-5	876-877	,	_	_	_	
4-6	878-881	daß	_	_	_	
4-7	882-885	die	_	_	_	
4-8	886-893	meiſten	_	_	_	
4-9	894-899	Schar	_	_	_	
4-10	899-900	-	_	_	_	
4-11	901-912	lachkoͤrner	_	_	_	
4-12	912-913	,	_	_	_	
4-13	914-917	die	_	_	_	
4-14	918-921	wir	_	_	_	
4-15	922-924	zu	_	_	_	
4-16	925-935	veꝛkauffen	_	_	_	
4-17	936-941	haben	_	_	_	
4-18	941-942	,	_	_	_	
4-19	943-949	ledige	_	_	_	
4-20	950-953	und	_	_	_	
4-21	954-968	durchloͤcherte	_	_	_	
4-22	969-976	Huͤlſen	_	_	_	
4-23	977-980	und	_	_	_	
4-24	981-988	Schalen	_	_	_	
4-25	989-993	ſind	_	_	_	
4-26	993-994	:	_	_	_	
4-27	995-1002	welches	_	_	_	
4-28	1003-1007	auch	_	_	_	
4-29	1008-1018	geſchiehet	_	_	_	
4-30	1018-1019	,	_	_	_	
4-31	1020-1024	wann	_	_	_	
4-32	1025-1028	ſie	_	_	_	
4-33	1029-1031	zu	_	_	_	
4-34	1032-1035	alt	_	_	_	
4-35	1036-1042	werden	_	_	_	
4-36	1042-1043	,	_	_	_	
4-37	1044-1049	indem	_	_	_	
4-38	1050-1053	der	_	_	_	
4-39	1054-1057	dar	_	_	_	
4-40	1057-1058	-	_	_	_	
4-41	1059-1063	inne	_	_	_	
4-42	1064-1075	befindliche	_	_	_	
4-43	1076-1082	Paſtel	_	_	_	
4-44	1083-1084	(	_	_	_	
4-45	1084-1086	ſo	_	_	_	
4-46	1087-1090	wie	_	_	_	
4-47	1091-1098	gedacht	_	_	_	
4-48	1098-1099	,	_	_	_	
4-49	1100-1106	nichts	_	_	_	
4-50	1107-1113	anders	_	_	_	
4-51	1114-1117	iſt	_	_	_	
4-52	1117-1118	,	_	_	_	
4-53	1119-1122	als	_	_	_	
4-54	1123-1128	eitel	_	_	_	
4-55	1129-1135	kleine	_	_	_	
4-56	1136-1141	Wuͤrm	_	_	_	
4-57	1141-1142	-	_	_	_	
4-58	1144-1148	lein	_	_	_	
4-59	1148-1149	)	_	_	_	
4-60	1150-1154	ſich	_	_	_	
4-61	1155-1161	ſelbſt	_	_	_	
4-62	1162-1171	verzehret	_	_	_	
4-63	1171-1172	,	_	_	_	
4-64	1173-1176	und	_	_	_	
4-65	1177-1179	zu	_	_	_	
4-66	1180-1187	weiſſen	_	_	_	
4-67	1188-1194	Staube	_	_	_	
4-68	1194-1195	,	_	_	_	
4-69	1196-1202	darauf	_	_	_	
4-70	1203-1207	aber	_	_	_	
4-71	1208-1211	gar	_	_	_	
4-72	1212-1214	zu	_	_	_	
4-73	1215-1221	nichts	_	_	_	
4-74	1222-1227	nicht	_	_	_	
4-75	1228-1232	wird	_	_	_	
4-76	1232-1233	.	_	_	_	

#Text=Und das ſind die beyden
#Text=Maͤngel, davon die Scharlachkoͤrner
#Text=ſchadhaft werden und zum Verkauff
#Text=
#Text=undienlich: einer, wann ſie nicht gebuͤh-
#Text=rend und wohl zugerichtet ſind, der an-
#Text=dere, wann ſie gar zu ſehr alt worden.
5-1	1234-1237	Und	_	_	_	
5-2	1238-1241	das	_	_	_	
5-3	1242-1246	ſind	_	_	_	
5-4	1247-1250	die	_	_	_	
5-5	1251-1257	beyden	_	_	_	
5-6	1258-1265	Maͤngel	_	_	_	
5-7	1265-1266	,	_	_	_	
5-8	1267-1272	davon	_	_	_	
5-9	1273-1276	die	_	_	_	
5-10	1277-1293	Scharlachkoͤrner	_	_	_	
5-11	1294-1303	ſchadhaft	_	_	_	
5-12	1304-1310	werden	_	_	_	
5-13	1311-1314	und	_	_	_	
5-14	1315-1318	zum	_	_	_	
5-15	1319-1327	Verkauff	_	_	_	
5-16	1329-1339	undienlich	_	_	_	
5-17	1339-1340	:	_	_	_	
5-18	1341-1346	einer	_	_	_	
5-19	1346-1347	,	_	_	_	
5-20	1348-1352	wann	_	_	_	
5-21	1353-1356	ſie	_	_	_	
5-22	1357-1362	nicht	_	_	_	
5-23	1363-1369	gebuͤh	_	_	_	
5-24	1369-1370	-	_	_	_	
5-25	1371-1375	rend	_	_	_	
5-26	1376-1379	und	_	_	_	
5-27	1380-1384	wohl	_	_	_	
5-28	1385-1396	zugerichtet	_	_	_	
5-29	1397-1401	ſind	_	_	_	
5-30	1401-1402	,	_	_	_	
5-31	1403-1406	der	_	_	_	
5-32	1407-1409	an	_	_	_	
5-33	1409-1410	-	_	_	_	
5-34	1411-1415	dere	_	_	_	
5-35	1415-1416	,	_	_	_	
5-36	1417-1421	wann	_	_	_	
5-37	1422-1425	ſie	_	_	_	
5-38	1426-1429	gar	_	_	_	
5-39	1430-1432	zu	_	_	_	
5-40	1433-1437	ſehr	_	_	_	
5-41	1438-1441	alt	_	_	_	
5-42	1442-1448	worden	_	_	_	
5-43	1448-1449	.	_	_	_	

#Text=Hierbey iſt auch zu mercken, wie daß ich
#Text=im Articul von dieſem Pulver gemeldet,
#Text=daß man dasjenige auswerffen muͤſſe,
#Text=welches feuchte und zu ſtarck nach Eßig
#Text=
#Text=riecht, und das iſt auch recht, um erſt an-
#Text=gefuͤhrter Urſachen willen:
#Text=doch muß
#Text=man ihm zugleich geſagt ſeyn laſſen, daß
#Text=alles ſolches Pulver nothwendig muͤſſe
#Text=mit Eßig beſpritzet werden, damit die
#Text=Wuͤrmer davon ſterben, dann ſie ſich
#Text=
#Text=ſonſten in Muͤcken verwandeln wuͤr-
#Text=den.
6-1	1451-1458	Hierbey	_	_	_	
6-2	1459-1462	iſt	_	_	_	
6-3	1463-1467	auch	_	_	_	
6-4	1468-1470	zu	_	_	_	
6-5	1471-1478	mercken	_	_	_	
6-6	1478-1479	,	_	_	_	
6-7	1480-1483	wie	_	_	_	
6-8	1484-1487	daß	_	_	_	
6-9	1488-1491	ich	_	_	_	
6-10	1492-1494	im	_	_	_	
6-11	1495-1502	Articul	_	_	_	
6-12	1503-1506	von	_	_	_	
6-13	1507-1513	dieſem	_	_	_	
6-14	1514-1520	Pulver	Smell\_Source	_	_	
6-15	1521-1529	gemeldet	_	_	_	
6-16	1529-1530	,	_	_	_	
6-17	1531-1534	daß	_	_	_	
6-18	1535-1538	man	_	_	_	
6-19	1539-1548	dasjenige	_	_	_	
6-20	1549-1559	auswerffen	Effect[1]	_	_	
6-21	1560-1566	muͤſſe	Effect[1]	_	_	
6-22	1566-1567	,	_	_	_	
6-23	1568-1575	welches	_	_	_	
6-24	1576-1583	feuchte	_	_	_	
6-25	1584-1587	und	_	_	_	
6-26	1588-1590	zu	_	_	_	
6-27	1591-1597	ſtarck	Quality	_	_	
6-28	1598-1602	nach	Evoked\_Odorant[2]	_	_	
6-29	1603-1607	Eßig	Evoked\_Odorant[2]	_	_	
6-30	1609-1615	riecht	Smell\_Word	*|*|*|*	6-27|6-28[2_0]|6-14|6-20[1_0]	
6-31	1615-1616	,	_	_	_	
6-32	1617-1620	und	_	_	_	
6-33	1621-1624	das	_	_	_	
6-34	1625-1628	iſt	_	_	_	
6-35	1629-1633	auch	_	_	_	
6-36	1634-1639	recht	_	_	_	
6-37	1639-1640	,	_	_	_	
6-38	1641-1643	um	_	_	_	
6-39	1644-1648	erſt	_	_	_	
6-40	1649-1651	an	_	_	_	
6-41	1651-1652	-	_	_	_	
6-42	1653-1663	gefuͤhrter	_	_	_	
6-43	1664-1672	Urſachen	_	_	_	
6-44	1673-1679	willen	_	_	_	
6-45	1679-1680	:	_	_	_	
6-46	1681-1685	doch	_	_	_	
6-47	1686-1689	muß	_	_	_	
6-48	1690-1693	man	_	_	_	
6-49	1694-1697	ihm	_	_	_	
6-50	1698-1706	zugleich	_	_	_	
6-51	1707-1713	geſagt	_	_	_	
6-52	1714-1718	ſeyn	_	_	_	
6-53	1719-1725	laſſen	_	_	_	
6-54	1725-1726	,	_	_	_	
6-55	1727-1730	daß	_	_	_	
6-56	1731-1736	alles	_	_	_	
6-57	1737-1744	ſolches	_	_	_	
6-58	1745-1751	Pulver	_	_	_	
6-59	1752-1762	nothwendig	_	_	_	
6-60	1763-1769	muͤſſe	_	_	_	
6-61	1770-1773	mit	_	_	_	
6-62	1774-1778	Eßig	_	_	_	
6-63	1779-1789	beſpritzet	_	_	_	
6-64	1790-1796	werden	_	_	_	
6-65	1796-1797	,	_	_	_	
6-66	1798-1803	damit	_	_	_	
6-67	1804-1807	die	_	_	_	
6-68	1808-1815	Wuͤrmer	_	_	_	
6-69	1816-1821	davon	_	_	_	
6-70	1822-1829	ſterben	_	_	_	
6-71	1829-1830	,	_	_	_	
6-72	1831-1835	dann	_	_	_	
6-73	1836-1839	ſie	_	_	_	
6-74	1840-1844	ſich	_	_	_	
6-75	1846-1853	ſonſten	_	_	_	
6-76	1854-1856	in	_	_	_	
6-77	1857-1864	Muͤcken	_	_	_	
6-78	1865-1875	verwandeln	_	_	_	
6-79	1876-1880	wuͤr	_	_	_	
6-80	1880-1881	-	_	_	_	
6-81	1882-1885	den	_	_	_	
6-82	1885-1886	.	_	_	_	

#Text=Dem aber unerachtet, muß es
#Text=recht trocken ſeyn und gar wenig nach
#Text=Eßig riechen, das iſt alsdann ein Zei-
#Text=chen, daß es nicht zuviel Eßig hat be-
#Text=kommen, und uͤber dem Feuer wohl ge-
#Text=trocknet worden iſt, alldieweil ſie dieſes
#Text=Pulver weder mit Eßig anfeuchten,
#Text=noch an der Sonne trocknen, als wie
#Text=die Scharlachkoͤrner, ſondern ſie ma-
#Text=chen es uͤber einem Kohlfeuer trocken,
#Text=und ruͤhren es beſtaͤndig um, ſo hurtig,
#Text=als es immermehr ſeyn kan.
7-1	1887-1890	Dem	_	_	_	
7-2	1891-1895	aber	_	_	_	
7-3	1896-1906	unerachtet	_	_	_	
7-4	1906-1907	,	_	_	_	
7-5	1908-1911	muß	_	_	_	
7-6	1912-1914	es	Smell\_Source	_	_	
7-7	1915-1920	recht	_	_	_	
7-8	1921-1928	trocken	_	_	_	
7-9	1929-1933	ſeyn	_	_	_	
7-10	1934-1937	und	_	_	_	
7-11	1938-1941	gar	_	_	_	
7-12	1942-1947	wenig	Quality	_	_	
7-13	1948-1952	nach	Evoked\_Odorant[3]	_	_	
7-14	1953-1957	Eßig	Evoked\_Odorant[3]	_	_	
7-15	1958-1965	riechen	Smell\_Word	*|*|*|*	7-13[3_0]|7-12|7-6|7-36[4_0]	
7-16	1965-1966	,	_	_	_	
7-17	1967-1970	das	_	_	_	
7-18	1971-1974	iſt	_	_	_	
7-19	1975-1982	alsdann	_	_	_	
7-20	1983-1986	ein	_	_	_	
7-21	1987-1990	Zei	_	_	_	
7-22	1990-1991	-	_	_	_	
7-23	1992-1996	chen	_	_	_	
7-24	1996-1997	,	_	_	_	
7-25	1998-2001	daß	_	_	_	
7-26	2002-2004	es	_	_	_	
7-27	2005-2010	nicht	_	_	_	
7-28	2011-2017	zuviel	_	_	_	
7-29	2018-2022	Eßig	_	_	_	
7-30	2023-2026	hat	_	_	_	
7-31	2027-2029	be	_	_	_	
7-32	2029-2030	-	_	_	_	
7-33	2031-2037	kommen	_	_	_	
7-34	2037-2038	,	_	_	_	
7-35	2039-2042	und	_	_	_	
7-36	2043-2048	uͤber	Circumstances[4]	_	_	
7-37	2049-2052	dem	Circumstances[4]	_	_	
7-38	2053-2058	Feuer	Circumstances[4]	_	_	
7-39	2059-2063	wohl	Circumstances[4]	_	_	
7-40	2064-2066	ge	Circumstances[4]	_	_	
7-41	2066-2067	-	Circumstances[4]	_	_	
7-42	2068-2076	trocknet	Circumstances[4]	_	_	
7-43	2077-2083	worden	Circumstances[4]	_	_	
7-44	2084-2087	iſt	_	_	_	
7-45	2087-2088	,	_	_	_	
7-46	2089-2099	alldieweil	_	_	_	
7-47	2100-2103	ſie	_	_	_	
7-48	2104-2110	dieſes	_	_	_	
7-49	2111-2117	Pulver	_	_	_	
7-50	2118-2123	weder	_	_	_	
7-51	2124-2127	mit	_	_	_	
7-52	2128-2132	Eßig	_	_	_	
7-53	2133-2143	anfeuchten	_	_	_	
7-54	2143-2144	,	_	_	_	
7-55	2145-2149	noch	_	_	_	
7-56	2150-2152	an	_	_	_	
7-57	2153-2156	der	_	_	_	
7-58	2157-2162	Sonne	_	_	_	
7-59	2163-2171	trocknen	_	_	_	
7-60	2171-2172	,	_	_	_	
7-61	2173-2176	als	_	_	_	
7-62	2177-2180	wie	_	_	_	
7-63	2181-2184	die	_	_	_	
7-64	2185-2201	Scharlachkoͤrner	_	_	_	
7-65	2201-2202	,	_	_	_	
7-66	2203-2210	ſondern	_	_	_	
7-67	2211-2214	ſie	_	_	_	
7-68	2215-2217	ma	_	_	_	
7-69	2217-2218	-	_	_	_	
7-70	2219-2223	chen	_	_	_	
7-71	2224-2226	es	_	_	_	
7-72	2227-2232	uͤber	_	_	_	
7-73	2233-2238	einem	_	_	_	
7-74	2239-2248	Kohlfeuer	_	_	_	
7-75	2249-2256	trocken	_	_	_	
7-76	2256-2257	,	_	_	_	
7-77	2258-2261	und	_	_	_	
7-78	2262-2269	ruͤhren	_	_	_	
7-79	2270-2272	es	_	_	_	
7-80	2273-2283	beſtaͤndig	_	_	_	
7-81	2284-2286	um	_	_	_	
7-82	2286-2287	,	_	_	_	
7-83	2288-2290	ſo	_	_	_	
7-84	2291-2297	hurtig	_	_	_	
7-85	2297-2298	,	_	_	_	
7-86	2299-2302	als	_	_	_	
7-87	2303-2305	es	_	_	_	
7-88	2306-2315	immermehr	_	_	_	
7-89	2316-2320	ſeyn	_	_	_	
7-90	2321-2324	kan	_	_	_	
7-91	2324-2325	.	_	_	_	

#Text=Weil
#Text=ich dann bey dem Capitel von dem
#Text=Scharlach bin, ſo muß ich auch etwas
#Text=von dem Jrrthume melden, wann ſie
#Text=dieſe kleinen Huͤlſen Koͤrner nennen;
#Text=
#Text=da es doch nur kleine Blaͤslein ſind, wel-
#Text=che auf den Blaͤttern und der Rinde ei-
#Text=nes in hieſigen Landen gar zu wohl be-
#Text=kannten Strauches zu entſtehen pfle-
#Text=gen: zu deſto beſſerer Bekraͤftigung
#Text=
#Text=will ich allhier anfuͤhren, was mir der
#Text=Herr premier Medecin am 22.
8-1	2326-2330	Weil	_	_	_	
8-2	2331-2334	ich	_	_	_	
8-3	2335-2339	dann	_	_	_	
8-4	2340-2343	bey	_	_	_	
8-5	2344-2347	dem	_	_	_	
8-6	2348-2355	Capitel	_	_	_	
8-7	2356-2359	von	_	_	_	
8-8	2360-2363	dem	_	_	_	
8-9	2364-2373	Scharlach	_	_	_	
8-10	2374-2377	bin	_	_	_	
8-11	2377-2378	,	_	_	_	
8-12	2379-2381	ſo	_	_	_	
8-13	2382-2385	muß	_	_	_	
8-14	2386-2389	ich	_	_	_	
8-15	2390-2394	auch	_	_	_	
8-16	2395-2400	etwas	_	_	_	
8-17	2401-2404	von	_	_	_	
8-18	2405-2408	dem	_	_	_	
8-19	2409-2417	Jrrthume	_	_	_	
8-20	2418-2424	melden	_	_	_	
8-21	2424-2425	,	_	_	_	
8-22	2426-2430	wann	_	_	_	
8-23	2431-2434	ſie	_	_	_	
8-24	2435-2440	dieſe	_	_	_	
8-25	2441-2448	kleinen	_	_	_	
8-26	2449-2456	Huͤlſen	_	_	_	
8-27	2457-2464	Koͤrner	_	_	_	
8-28	2465-2471	nennen	_	_	_	
8-29	2471-2472	;	_	_	_	
8-30	2474-2476	da	_	_	_	
8-31	2477-2479	es	_	_	_	
8-32	2480-2484	doch	_	_	_	
8-33	2485-2488	nur	_	_	_	
8-34	2489-2495	kleine	_	_	_	
8-35	2496-2505	Blaͤslein	_	_	_	
8-36	2506-2510	ſind	_	_	_	
8-37	2510-2511	,	_	_	_	
8-38	2512-2515	wel	_	_	_	
8-39	2515-2516	-	_	_	_	
8-40	2517-2520	che	_	_	_	
8-41	2521-2524	auf	_	_	_	
8-42	2525-2528	den	_	_	_	
8-43	2529-2538	Blaͤttern	_	_	_	
8-44	2539-2542	und	_	_	_	
8-45	2543-2546	der	_	_	_	
8-46	2547-2552	Rinde	_	_	_	
8-47	2553-2555	ei	_	_	_	
8-48	2555-2556	-	_	_	_	
8-49	2557-2560	nes	_	_	_	
8-50	2561-2563	in	_	_	_	
8-51	2564-2572	hieſigen	_	_	_	
8-52	2573-2579	Landen	_	_	_	
8-53	2580-2583	gar	_	_	_	
8-54	2584-2586	zu	_	_	_	
8-55	2587-2591	wohl	_	_	_	
8-56	2592-2594	be	_	_	_	
8-57	2594-2595	-	_	_	_	
8-58	2596-2603	kannten	_	_	_	
8-59	2604-2613	Strauches	_	_	_	
8-60	2614-2616	zu	_	_	_	
8-61	2617-2626	entſtehen	_	_	_	
8-62	2627-2631	pfle	_	_	_	
8-63	2631-2632	-	_	_	_	
8-64	2633-2636	gen	_	_	_	
8-65	2636-2637	:	_	_	_	
8-66	2638-2640	zu	_	_	_	
8-67	2641-2646	deſto	_	_	_	
8-68	2647-2655	beſſerer	_	_	_	
8-69	2656-2669	Bekraͤftigung	_	_	_	
8-70	2671-2675	will	_	_	_	
8-71	2676-2679	ich	_	_	_	
8-72	2680-2687	allhier	_	_	_	
8-73	2688-2697	anfuͤhren	_	_	_	
8-74	2697-2698	,	_	_	_	
8-75	2699-2702	was	_	_	_	
8-76	2703-2706	mir	_	_	_	
8-77	2707-2710	der	_	_	_	
8-78	2711-2715	Herr	_	_	_	
8-79	2716-2723	premier	_	_	_	
8-80	2724-2731	Medecin	_	_	_	
8-81	2732-2734	am	_	_	_	
8-82	2735-2737	22	_	_	_	
8-83	2737-2738	.	_	_	_	

#Text=Decembr.
#Text=
#Text=1694. davon hat zugeſchrieben.
9-1	2739-2746	Decembr	_	_	_	
9-2	2746-2747	.	_	_	_	
9-3	2749-2753	1694	_	_	_	
9-4	2753-2754	.	_	_	_	
9-5	2755-2760	davon	_	_	_	
9-6	2761-2764	hat	_	_	_	
9-7	2765-2778	zugeſchrieben	_	_	_	
9-8	2778-2779	.	_	_	_	

#Text=Der
#Text=
#Text=Ker-
#Text=
#Text=
#Text=L l l\f
#Text=[0602
#Text=]
10-1	2780-2783	Der	_	_	_	
10-2	2785-2788	Ker	_	_	_	
10-3	2788-2789	-	_	_	_	
10-4	2792-2793	L	_	_	_	
10-5	2794-2795	l	_	_	_	
10-6	2796-2797	l	_	_	_	
10-7	2799-2800	[	_	_	_	
10-8	2800-2804	0602	_	_	_	
10-9	2805-2806	]	_	_	_	
