#FORMAT=WebAnno TSV 3.3
#T_SP=custom.Span|label
#T_RL=custom.Relation|label|BT_custom.Span


#Text=haͤuffig in
#Text=
#Text=Provence/
#Text=Dauphine und Langue-
#Text=doc, zwiſchen den Steinen und Klippen,
#Text=daher es auch, gleichwie andere mehr, den
#Text=Namen Steinbrech hat erhalten.
1-1	2-10	haͤuffig	_	_	_	
1-2	11-13	in	_	_	_	
1-3	15-23	Provence	_	_	_	
1-4	23-24	/	_	_	_	
1-5	25-33	Dauphine	_	_	_	
1-6	34-37	und	_	_	_	
1-7	38-44	Langue	_	_	_	
1-8	44-45	-	_	_	_	
1-9	46-49	doc	_	_	_	
1-10	49-50	,	_	_	_	
1-11	51-59	zwiſchen	_	_	_	
1-12	60-63	den	_	_	_	
1-13	64-71	Steinen	_	_	_	
1-14	72-75	und	_	_	_	
1-15	76-83	Klippen	_	_	_	
1-16	83-84	,	_	_	_	
1-17	85-90	daher	_	_	_	
1-18	91-93	es	_	_	_	
1-19	94-98	auch	_	_	_	
1-20	98-99	,	_	_	_	
1-21	100-109	gleichwie	_	_	_	
1-22	110-116	andere	_	_	_	
1-23	117-121	mehr	_	_	_	
1-24	121-122	,	_	_	_	
1-25	123-126	den	_	_	_	
1-26	127-132	Namen	_	_	_	
1-27	133-143	Steinbrech	_	_	_	
1-28	144-147	hat	_	_	_	
1-29	148-156	erhalten	_	_	_	
1-30	156-157	.	_	_	_	

#Text=Siehe Fig.
#Text=9.
2-1	160-165	Siehe	_	_	_	
2-2	166-169	Fig	_	_	_	
2-3	169-170	.	_	_	_	
2-4	171-172	9	_	_	_	
2-5	172-173	.	_	_	_	

#Text=Der
#Text=
#Text=A 3
#Text=\f
#Text=[
#Text=0032
#Text=]
#Text=
#Text=Der Spezereien und Materialien
#Text=
#Text=
#Text=
#Text=Der Samen ſoll friſch ſeyn, ſo viel als
#Text=nur moͤglich, und einen heiſſen beiſſenden
#Text=
#Text=Geſchmack haben, dabey aber wohl
#Text=riechen.
3-1	175-178	Der	_	_	_	
3-2	180-181	A	_	_	_	
3-3	182-183	3	_	_	_	
3-4	186-187	[	_	_	_	
3-5	188-192	0032	_	_	_	
3-6	193-194	]	_	_	_	
3-7	196-199	Der	_	_	_	
3-8	200-210	Spezereien	_	_	_	
3-9	211-214	und	_	_	_	
3-10	215-226	Materialien	_	_	_	
3-11	230-233	Der	_	_	_	
3-12	234-239	Samen	_	_	_	
3-13	240-244	ſoll	_	_	_	
3-14	245-251	friſch	_	_	_	
3-15	252-256	ſeyn	_	_	_	
3-16	256-257	,	_	_	_	
3-17	258-260	ſo	_	_	_	
3-18	261-265	viel	_	_	_	
3-19	266-269	als	_	_	_	
3-20	270-273	nur	_	_	_	
3-21	274-282	moͤglich	_	_	_	
3-22	282-283	,	_	_	_	
3-23	284-287	und	_	_	_	
3-24	288-293	einen	_	_	_	
3-25	294-301	heiſſen	_	_	_	
3-26	302-312	beiſſenden	_	_	_	
3-27	314-323	Geſchmack	_	_	_	
3-28	324-329	haben	_	_	_	
3-29	329-330	,	_	_	_	
3-30	331-336	dabey	_	_	_	
3-31	337-341	aber	_	_	_	
3-32	342-346	wohl	Quality	_	_	
3-33	347-354	riechen	Smell\_Word	*	3-32	
3-34	354-355	.	_	_	_	

#Text=Jhm wird die Kraft den Stein zu
#Text=zermalmen beygeleget, wenn er naͤmlich
#Text=fruͤh nuͤchtern mit dem aus ſeinem Krau-
#Text=te diſtillirten, oder einem andern harn-
#Text=treibenden Waſſer, eines halben Qvint-
#Text=leins ſchwer, gepuͤlvert, eingegeben
#Text=wird.
4-1	359-362	Jhm	_	_	_	
4-2	363-367	wird	_	_	_	
4-3	368-371	die	_	_	_	
4-4	372-377	Kraft	_	_	_	
4-5	378-381	den	_	_	_	
4-6	382-387	Stein	_	_	_	
4-7	388-390	zu	_	_	_	
4-8	391-400	zermalmen	_	_	_	
4-9	401-411	beygeleget	_	_	_	
4-10	411-412	,	_	_	_	
4-11	413-417	wenn	_	_	_	
4-12	418-420	er	_	_	_	
4-13	421-429	naͤmlich	_	_	_	
4-14	430-435	fruͤh	_	_	_	
4-15	436-445	nuͤchtern	_	_	_	
4-16	446-449	mit	_	_	_	
4-17	450-453	dem	_	_	_	
4-18	454-457	aus	_	_	_	
4-19	458-464	ſeinem	_	_	_	
4-20	465-469	Krau	_	_	_	
4-21	469-470	-	_	_	_	
4-22	471-473	te	_	_	_	
4-23	474-486	diſtillirten	_	_	_	
4-24	486-487	,	_	_	_	
4-25	488-492	oder	_	_	_	
4-26	493-498	einem	_	_	_	
4-27	499-505	andern	_	_	_	
4-28	506-510	harn	_	_	_	
4-29	510-511	-	_	_	_	
4-30	512-522	treibenden	_	_	_	
4-31	523-529	Waſſer	_	_	_	
4-32	529-530	,	_	_	_	
4-33	531-536	eines	_	_	_	
4-34	537-543	halben	_	_	_	
4-35	544-549	Qvint	_	_	_	
4-36	549-550	-	_	_	_	
4-37	551-556	leins	_	_	_	
4-38	557-563	ſchwer	_	_	_	
4-39	563-564	,	_	_	_	
4-40	565-575	gepuͤlvert	_	_	_	
4-41	575-576	,	_	_	_	
4-42	577-587	eingegeben	_	_	_	
4-43	588-592	wird	_	_	_	
4-44	592-593	.	_	_	_	

#Text=Es werden wohl noch mehr Arten des
#Text=Steinbrechs von den Scribenten be-
#Text=
#Text=ſchrieben: weil aber allein obbeſchrie-
#Text=benen Krautes Samen bey uns ge-
#Text=brauchet wird, wir auch keinen andern
#Text=in unſern Laͤden haben, deshalben will ich
#Text=nichts von denenſelbigen vermelden,
#Text=da-
#Text=zumahl ihrer ohnediß in vielen Kraͤuter-
#Text=
#Text=
#Text=buͤchern
#Text=gedacht wird, ſonderlich beym
#Text=
#Text=Dodonæo und Dalechampio, welche die
#Text=Saxifragias weitlaͤufftig genug beſchrei-
#Text=ben.
5-1	597-599	Es	_	_	_	
5-2	600-606	werden	_	_	_	
5-3	607-611	wohl	_	_	_	
5-4	612-616	noch	_	_	_	
5-5	617-621	mehr	_	_	_	
5-6	622-627	Arten	_	_	_	
5-7	628-631	des	_	_	_	
5-8	632-643	Steinbrechs	_	_	_	
5-9	644-647	von	_	_	_	
5-10	648-651	den	_	_	_	
5-11	652-662	Scribenten	_	_	_	
5-12	663-665	be	_	_	_	
5-13	665-666	-	_	_	_	
5-14	668-677	ſchrieben	_	_	_	
5-15	677-678	:	_	_	_	
5-16	679-683	weil	_	_	_	
5-17	684-688	aber	_	_	_	
5-18	689-695	allein	_	_	_	
5-19	696-706	obbeſchrie	_	_	_	
5-20	706-707	-	_	_	_	
5-21	708-713	benen	_	_	_	
5-22	714-721	Krautes	_	_	_	
5-23	722-727	Samen	_	_	_	
5-24	728-731	bey	_	_	_	
5-25	732-735	uns	_	_	_	
5-26	736-738	ge	_	_	_	
5-27	738-739	-	_	_	_	
5-28	740-748	brauchet	_	_	_	
5-29	749-753	wird	_	_	_	
5-30	753-754	,	_	_	_	
5-31	755-758	wir	_	_	_	
5-32	759-763	auch	_	_	_	
5-33	764-770	keinen	_	_	_	
5-34	771-777	andern	_	_	_	
5-35	778-780	in	_	_	_	
5-36	781-787	unſern	_	_	_	
5-37	788-794	Laͤden	_	_	_	
5-38	795-800	haben	_	_	_	
5-39	800-801	,	_	_	_	
5-40	802-811	deshalben	_	_	_	
5-41	812-816	will	_	_	_	
5-42	817-820	ich	_	_	_	
5-43	821-827	nichts	_	_	_	
5-44	828-831	von	_	_	_	
5-45	832-845	denenſelbigen	_	_	_	
5-46	846-855	vermelden	_	_	_	
5-47	855-856	,	_	_	_	
5-48	857-859	da	_	_	_	
5-49	859-860	-	_	_	_	
5-50	861-867	zumahl	_	_	_	
5-51	868-873	ihrer	_	_	_	
5-52	874-881	ohnediß	_	_	_	
5-53	882-884	in	_	_	_	
5-54	885-891	vielen	_	_	_	
5-55	892-900	Kraͤuter	_	_	_	
5-56	900-901	-	_	_	_	
5-57	904-912	buͤchern	_	_	_	
5-58	913-920	gedacht	_	_	_	
5-59	921-925	wird	_	_	_	
5-60	925-926	,	_	_	_	
5-61	927-937	ſonderlich	_	_	_	
5-62	938-942	beym	_	_	_	
5-63	944-951	Dodonæo	_	_	_	
5-64	952-955	und	_	_	_	
5-65	956-967	Dalechampio	_	_	_	
5-66	967-968	,	_	_	_	
5-67	969-975	welche	_	_	_	
5-68	976-979	die	_	_	_	
5-69	980-991	Saxifragias	_	_	_	
5-70	992-1005	weitlaͤufftig	_	_	_	
5-71	1006-1011	genug	_	_	_	
5-72	1012-1020	beſchrei	_	_	_	
5-73	1020-1021	-	_	_	_	
5-74	1022-1025	ben	_	_	_	
5-75	1025-1026	.	_	_	_	
