#FORMAT=WebAnno TSV 3.3


#Text=Adriaan Hendrik van der Hoeve, Menschenwaan en Christendom (2 delen)
#Text=
#Text=
#Text=\f185
#Text=
#Text=Tiende hoofdstuk.
1-1	0-7	Adriaan	
1-2	8-15	Hendrik	
1-3	16-19	van	
1-4	20-23	der	
1-5	24-29	Hoeve	
1-6	29-30	,	
1-7	31-43	Menschenwaan	
1-8	44-46	en	
1-9	47-58	Christendom	
1-10	59-60	(	
1-11	60-61	2	
1-12	62-67	delen	
1-13	67-68	)	
1-14	72-75	185	
1-15	77-83	Tiende	
1-16	84-93	hoofdstuk	
1-17	93-94	.	

#Text=Een doopmaal, dat wel wat ernstig is
2-1	97-100	Een	
2-2	101-109	doopmaal	
2-3	109-110	,	
2-4	111-114	dat	
2-5	115-118	wel	
2-6	119-122	wat	
2-7	123-130	ernstig	
2-8	131-133	is	

#Text=.
3-1	133-134	.	

#Text=‘
#Text=Dank voor je bezoek, Karel,’ met deze woorden deed Hendrik van Stralen zijn'
#Text=broeder uitgeleide, die hem met de heugelijke gebeurtenis in zijn huis was komen
#Text=geluk wenschen.
4-1	136-137	‘	
4-2	138-142	Dank	
4-3	143-147	voor	
4-4	148-150	je	
4-5	151-157	bezoek	
4-6	157-158	,	
4-7	159-164	Karel	
4-8	164-165	,	
4-9	165-166	’	
4-10	167-170	met	
4-11	171-175	deze	
4-12	176-183	woorden	
4-13	184-188	deed	
4-14	189-196	Hendrik	
4-15	197-200	van	
4-16	201-208	Stralen	
4-17	209-213	zijn	
4-18	213-214	'	
4-19	215-222	broeder	
4-20	223-233	uitgeleide	
4-21	233-234	,	
4-22	235-238	die	
4-23	239-242	hem	
4-24	243-246	met	
4-25	247-249	de	
4-26	250-260	heugelijke	
4-27	261-272	gebeurtenis	
4-28	273-275	in	
4-29	276-280	zijn	
4-30	281-285	huis	
4-31	286-289	was	
4-32	290-295	komen	
4-33	296-301	geluk	
4-34	302-310	wenschen	
4-35	310-311	.	

#Text=Onmiddellijk daarop keerde Hendrik naar zijne kamer terug, maar alvorens zich
#Text=weder aan zijne schrijftafel neder te zetten, om de blijde tijding aan verre vrienden
#Text=mede te deelen, liep hij de kamer een paar malen op en neêr en sprak toen half luide:
#Text=
#Text=‘
#Text='t is toch hartelijk, dat hij zoo terstond gekomen is om mij zijne deelneming te
#Text=betuigen; maar waartoe toch altijd die stroefheid, wanneer een ander van vreugde
#Text=buiten zich zelven is?
5-1	314-326	Onmiddellijk	
5-2	327-333	daarop	
5-3	334-340	keerde	
5-4	341-348	Hendrik	
5-5	349-353	naar	
5-6	354-359	zijne	
5-7	360-365	kamer	
5-8	366-371	terug	
5-9	371-372	,	
5-10	373-377	maar	
5-11	378-386	alvorens	
5-12	387-391	zich	
5-13	392-397	weder	
5-14	398-401	aan	
5-15	402-407	zijne	
5-16	408-420	schrijftafel	
5-17	421-426	neder	
5-18	427-429	te	
5-19	430-436	zetten	
5-20	436-437	,	
5-21	438-440	om	
5-22	441-443	de	
5-23	444-450	blijde	
5-24	451-458	tijding	
5-25	459-462	aan	
5-26	463-468	verre	
5-27	469-477	vrienden	
5-28	478-482	mede	
5-29	483-485	te	
5-30	486-492	deelen	
5-31	492-493	,	
5-32	494-498	liep	
5-33	499-502	hij	
5-34	503-505	de	
5-35	506-511	kamer	
5-36	512-515	een	
5-37	516-520	paar	
5-38	521-526	malen	
5-39	527-529	op	
5-40	530-532	en	
5-41	533-537	neêr	
5-42	538-540	en	
5-43	541-546	sprak	
5-44	547-551	toen	
5-45	552-556	half	
5-46	557-562	luide	
5-47	562-563	:	
5-48	565-566	‘	
5-49	567-568	'	
5-50	568-569	t	
5-51	570-572	is	
5-52	573-577	toch	
5-53	578-587	hartelijk	
5-54	587-588	,	
5-55	589-592	dat	
5-56	593-596	hij	
5-57	597-600	zoo	
5-58	601-609	terstond	
5-59	610-617	gekomen	
5-60	618-620	is	
5-61	621-623	om	
5-62	624-627	mij	
5-63	628-633	zijne	
5-64	634-644	deelneming	
5-65	645-647	te	
5-66	648-656	betuigen	
5-67	656-657	;	
5-68	658-662	maar	
5-69	663-670	waartoe	
5-70	671-675	toch	
5-71	676-682	altijd	
5-72	683-686	die	
5-73	687-697	stroefheid	
5-74	697-698	,	
5-75	699-706	wanneer	
5-76	707-710	een	
5-77	711-716	ander	
5-78	717-720	van	
5-79	721-728	vreugde	
5-80	729-735	buiten	
5-81	736-740	zich	
5-82	741-747	zelven	
5-83	748-750	is	
5-84	750-751	?	

#Text=Ik had het nog wel zoo hartelijk gevonden, wanneer hij dat
#Text=strenge gelaat wat ontplooid en met luchtiger toon zijne deelneming betuigd had.
6-1	752-754	Ik	
6-2	755-758	had	
6-3	759-762	het	
6-4	763-766	nog	
6-5	767-770	wel	
6-6	771-774	zoo	
6-7	775-784	hartelijk	
6-8	785-793	gevonden	
6-9	793-794	,	
6-10	795-802	wanneer	
6-11	803-806	hij	
6-12	807-810	dat	
6-13	811-818	strenge	
6-14	819-825	gelaat	
6-15	826-829	wat	
6-16	830-839	ontplooid	
6-17	840-842	en	
6-18	843-846	met	
6-19	847-856	luchtiger	
6-20	857-861	toon	
6-21	862-867	zijne	
6-22	868-878	deelneming	
6-23	879-886	betuigd	
6-24	887-890	had	
6-25	890-891	.	

#Text=Maar die zedekraam moet overal uitgepakt, de godsdienst met de haren er bijgesleept
#Text=en de bekeeringsphrasen voorgediend worden, alsof ik ze van buiten moest leeren.
7-1	894-898	Maar	
7-2	899-902	die	
7-3	903-912	zedekraam	
7-4	913-917	moet	
7-5	918-924	overal	
7-6	925-934	uitgepakt	
7-7	934-935	,	
7-8	936-938	de	
7-9	939-949	godsdienst	
7-10	950-953	met	
7-11	954-956	de	
7-12	957-962	haren	
7-13	963-965	er	
7-14	966-977	bijgesleept	
7-15	978-980	en	
7-16	981-983	de	
7-17	984-1001	bekeeringsphrasen	
7-18	1002-1013	voorgediend	
7-19	1014-1020	worden	
7-20	1020-1021	,	
7-21	1022-1027	alsof	
7-22	1028-1030	ik	
7-23	1031-1033	ze	
7-24	1034-1037	van	
7-25	1038-1044	buiten	
7-26	1045-1050	moest	
7-27	1051-1057	leeren	
7-28	1057-1058	.	

#Text=Mijn hoofd stond er niet naar om hem veel tegen te spreken, en nu denkt hij misschien
#Text=nog wel, dat hij bijster veel op mij gewonnen heeft.
8-1	1061-1065	Mijn	
8-2	1066-1071	hoofd	
8-3	1072-1077	stond	
8-4	1078-1080	er	
8-5	1081-1085	niet	
8-6	1086-1090	naar	
8-7	1091-1093	om	
8-8	1094-1097	hem	
8-9	1098-1102	veel	
8-10	1103-1108	tegen	
8-11	1109-1111	te	
8-12	1112-1119	spreken	
8-13	1119-1120	,	
8-14	1121-1123	en	
8-15	1124-1126	nu	
8-16	1127-1132	denkt	
8-17	1133-1136	hij	
8-18	1137-1146	misschien	
8-19	1147-1150	nog	
8-20	1151-1154	wel	
8-21	1154-1155	,	
8-22	1156-1159	dat	
8-23	1160-1163	hij	
8-24	1164-1171	bijster	
8-25	1172-1176	veel	
8-26	1177-1179	op	
8-27	1180-1183	mij	
8-28	1184-1192	gewonnen	
8-29	1193-1198	heeft	
8-30	1198-1199	.	

#Text=Nu, laat hij zich ook maar eens
#Text=vrolijk maken, ik ben 't met mijn' flinken jongen.
#Text=’
#Text=En Hendrik hervatte zijne
#Text=correspondentie.
9-1	1200-1202	Nu	
9-2	1202-1203	,	
9-3	1204-1208	laat	
9-4	1209-1212	hij	
9-5	1213-1217	zich	
9-6	1218-1221	ook	
9-7	1222-1226	maar	
9-8	1227-1231	eens	
9-9	1232-1239	vrolijk	
9-10	1240-1245	maken	
9-11	1245-1246	,	
9-12	1247-1249	ik	
9-13	1250-1253	ben	
9-14	1254-1255	'	
9-15	1255-1256	t	
9-16	1257-1260	met	
9-17	1261-1265	mijn	
9-18	1265-1266	'	
9-19	1267-1274	flinken	
9-20	1275-1281	jongen	
9-21	1281-1282	.	
9-22	1283-1284	’	
9-23	1285-1287	En	
9-24	1288-1295	Hendrik	
9-25	1296-1304	hervatte	
9-26	1305-1310	zijne	
9-27	1311-1326	correspondentie	
9-28	1326-1327	.	

#Text=En toch, hoe 't hem ook hinderde, dat zijn broeder
#Text=
#Text=Adriaan Hendrik van der Hoeve, Menschenwaan en Christendom (2 delen)
#Text=
#Text=
#Text=\f186
#Text=altijd en overal de godsdienst bijhaalde, zijn eigen godsdienstig gevoel was dezen
#Text=morgen meer opgewekt, dan hij zich zelven wilde bekennen.
10-1	1329-1331	En	
10-2	1332-1336	toch	
10-3	1336-1337	,	
10-4	1338-1341	hoe	
10-5	1342-1343	'	
10-6	1343-1344	t	
10-7	1345-1348	hem	
10-8	1349-1352	ook	
10-9	1353-1361	hinderde	
10-10	1361-1362	,	
10-11	1363-1366	dat	
10-12	1367-1371	zijn	
10-13	1372-1379	broeder	
10-14	1381-1388	Adriaan	
10-15	1389-1396	Hendrik	
10-16	1397-1400	van	
10-17	1401-1404	der	
10-18	1405-1410	Hoeve	
10-19	1410-1411	,	
10-20	1412-1424	Menschenwaan	
10-21	1425-1427	en	
10-22	1428-1439	Christendom	
10-23	1440-1441	(	
10-24	1441-1442	2	
10-25	1443-1448	delen	
10-26	1448-1449	)	
10-27	1453-1456	186	
10-28	1457-1463	altijd	
10-29	1464-1466	en	
10-30	1467-1473	overal	
10-31	1474-1476	de	
10-32	1477-1487	godsdienst	
10-33	1488-1497	bijhaalde	
10-34	1497-1498	,	
10-35	1499-1503	zijn	
10-36	1504-1509	eigen	
10-37	1510-1522	godsdienstig	
10-38	1523-1529	gevoel	
10-39	1530-1533	was	
10-40	1534-1539	dezen	
10-41	1540-1546	morgen	
10-42	1547-1551	meer	
10-43	1552-1560	opgewekt	
10-44	1560-1561	,	
10-45	1562-1565	dan	
10-46	1566-1569	hij	
10-47	1570-1574	zich	
10-48	1575-1581	zelven	
10-49	1582-1587	wilde	
10-50	1588-1596	bekennen	
10-51	1596-1597	.	
