#FORMAT=WebAnno TSV 3.3
#T_SP=custom.Span|label
#T_RL=custom.Relation|label|BT_custom.Span


#Text=Rayer fand in einer 
#Text=Choleraleiche die Gallenblase mit einer blassen, eiweissartigen Galle
#Text=
#Text=ausgedehnt.
1-1	2-7	Rayer	_	_	_	
1-2	8-12	fand	_	_	_	
1-3	13-15	in	_	_	_	
1-4	16-21	einer	_	_	_	
1-5	23-36	Choleraleiche	_	_	_	
1-6	37-40	die	_	_	_	
1-7	41-52	Gallenblase	_	_	_	
1-8	53-56	mit	_	_	_	
1-9	57-62	einer	_	_	_	
1-10	63-70	blassen	_	_	_	
1-11	70-71	,	_	_	_	
1-12	72-86	eiweissartigen	_	_	_	
1-13	87-92	Galle	_	_	_	
1-14	94-104	ausgedehnt	_	_	_	
1-15	104-105	.	_	_	_	

#Text=Bonnet will bemerkt haben , dass in den Cholera- 
#Text=leichen die Galle immer weiss imd ähnlich dem Secretum des 
#Text=Darmkanals sei.
2-1	106-112	Bonnet	_	_	_	
2-2	113-117	will	_	_	_	
2-3	118-125	bemerkt	_	_	_	
2-4	126-131	haben	_	_	_	
2-5	132-133	,	_	_	_	
2-6	134-138	dass	_	_	_	
2-7	139-141	in	_	_	_	
2-8	142-145	den	_	_	_	
2-9	146-153	Cholera	_	_	_	
2-10	153-154	-	_	_	_	
2-11	156-163	leichen	_	_	_	
2-12	164-167	die	_	_	_	
2-13	168-173	Galle	_	_	_	
2-14	174-179	immer	_	_	_	
2-15	180-185	weiss	_	_	_	
2-16	186-189	imd	_	_	_	
2-17	190-197	ähnlich	_	_	_	
2-18	198-201	dem	_	_	_	
2-19	202-210	Secretum	_	_	_	
2-20	211-214	des	_	_	_	
2-21	216-226	Darmkanals	_	_	_	
2-22	227-230	sei	_	_	_	
2-23	230-231	.	_	_	_	

#Text=Digitized by Google 
#Text=
#Text=
#Text=
#Text=
#Text=
#Text=149 
#Text=
#Text=
#Text=
#Text=
#Text=Die Gallengänge waren bald natürlich , bald mehr oder we- 
#Text=niger aufgetrieben , ihre Häute vollkommen normal.
3-1	239-248	Digitized	_	_	_	
3-2	249-251	by	_	_	_	
3-3	252-258	Google	_	_	_	
3-4	265-268	149	_	_	_	
3-5	274-277	Die	_	_	_	
3-6	278-289	Gallengänge	_	_	_	
3-7	290-295	waren	_	_	_	
3-8	296-300	bald	_	_	_	
3-9	301-310	natürlich	_	_	_	
3-10	311-312	,	_	_	_	
3-11	313-317	bald	_	_	_	
3-12	318-322	mehr	_	_	_	
3-13	323-327	oder	_	_	_	
3-14	328-330	we	_	_	_	
3-15	330-331	-	_	_	_	
3-16	333-338	niger	_	_	_	
3-17	339-351	aufgetrieben	_	_	_	
3-18	352-353	,	_	_	_	
3-19	354-358	ihre	_	_	_	
3-20	359-364	Häute	_	_	_	
3-21	365-375	vollkommen	_	_	_	
3-22	376-382	normal	_	_	_	
3-23	382-383	.	_	_	_	

#Text=Die Harnorgane.
4-1	387-390	Die	_	_	_	
4-2	391-401	Harnorgane	_	_	_	
4-3	401-402	.	_	_	_	

#Text=Die Nieren waren fest und strotzten von Blut.
5-1	406-409	Die	_	_	_	
5-2	410-416	Nieren	_	_	_	
5-3	417-422	waren	_	_	_	
5-4	423-427	fest	_	_	_	
5-5	428-431	und	_	_	_	
5-6	432-441	strotzten	_	_	_	
5-7	442-445	von	_	_	_	
5-8	446-450	Blut	_	_	_	
5-9	450-451	.	_	_	_	

#Text=Die Nieren- 
#Text=becken , Nierenkelche und die Ureteren enthielten gewöhnlich ei- 
#Text=nen weissen, eiterartigen, adhärenten, säuerlich riechenden Schleim.
6-1	452-455	Die	_	_	_	
6-2	456-462	Nieren	_	_	_	
6-3	462-463	-	_	_	_	
6-4	465-471	becken	_	_	_	
6-5	472-473	,	_	_	_	
6-6	474-486	Nierenkelche	_	_	_	
6-7	487-490	und	_	_	_	
6-8	491-494	die	_	_	_	
6-9	495-503	Ureteren	_	_	_	
6-10	504-514	enthielten	_	_	_	
6-11	515-525	gewöhnlich	_	_	_	
6-12	526-528	ei	_	_	_	
6-13	528-529	-	_	_	_	
6-14	531-534	nen	_	_	_	
6-15	535-542	weissen	_	_	_	
6-16	542-543	,	_	_	_	
6-17	544-556	eiterartigen	_	_	_	
6-18	556-557	,	_	_	_	
6-19	558-568	adhärenten	_	_	_	
6-20	568-569	,	_	_	_	
6-21	570-579	säuerlich	Quality	_	_	
6-22	580-590	riechenden	Smell\_Word	*|*	6-21|6-23	
6-23	591-598	Schleim	Smell\_Source	_	_	
6-24	598-599	.	_	_	_	

#Text=Die Harnblase war immer sehr zusammengezogen , ihre 
#Text=Schleimhaut niemals injicirt, häufig sammetartig und runzelig, und 
#Text=mit einem weissen , milchartigen , fest adhärirenden Schleime be- 
#Text=deckt.
7-1	603-606	Die	_	_	_	
7-2	607-616	Harnblase	_	_	_	
7-3	617-620	war	_	_	_	
7-4	621-626	immer	_	_	_	
7-5	627-631	sehr	_	_	_	
7-6	632-647	zusammengezogen	_	_	_	
7-7	648-649	,	_	_	_	
7-8	650-654	ihre	_	_	_	
7-9	656-667	Schleimhaut	_	_	_	
7-10	668-675	niemals	_	_	_	
7-11	676-684	injicirt	_	_	_	
7-12	684-685	,	_	_	_	
7-13	686-692	häufig	_	_	_	
7-14	693-704	sammetartig	_	_	_	
7-15	705-708	und	_	_	_	
7-16	709-717	runzelig	_	_	_	
7-17	717-718	,	_	_	_	
7-18	719-722	und	_	_	_	
7-19	724-727	mit	_	_	_	
7-20	728-733	einem	_	_	_	
7-21	734-741	weissen	_	_	_	
7-22	742-743	,	_	_	_	
7-23	744-756	milchartigen	_	_	_	
7-24	757-758	,	_	_	_	
7-25	759-763	fest	_	_	_	
7-26	764-776	adhärirenden	_	_	_	
7-27	777-785	Schleime	_	_	_	
7-28	786-788	be	_	_	_	
7-29	788-789	-	_	_	_	
7-30	791-796	deckt	_	_	_	
7-31	796-797	.	_	_	_	

#Text=In den meisten Fällen traf man in der Blase keinen oder 
#Text=sehr wenig Urin.
8-1	798-800	In	_	_	_	
8-2	801-804	den	_	_	_	
8-3	805-812	meisten	_	_	_	
8-4	813-819	Fällen	_	_	_	
8-5	820-824	traf	_	_	_	
8-6	825-828	man	_	_	_	
8-7	829-831	in	_	_	_	
8-8	832-835	der	_	_	_	
8-9	836-841	Blase	_	_	_	
8-10	842-848	keinen	_	_	_	
8-11	849-853	oder	_	_	_	
8-12	855-859	sehr	_	_	_	
8-13	860-865	wenig	_	_	_	
8-14	866-870	Urin	_	_	_	
8-15	870-871	.	_	_	_	

#Text=Nur in Emern Falle (N. 2) enthielt sie ungefähr
#Text=
#Text=zwei Unzen trüben Ham.
9-1	872-875	Nur	_	_	_	
9-2	876-878	in	_	_	_	
9-3	879-884	Emern	_	_	_	
9-4	885-890	Falle	_	_	_	
9-5	891-892	(	_	_	_	
9-6	892-893	N	_	_	_	
9-7	893-894	.	_	_	_	
9-8	895-896	2	_	_	_	
9-9	896-897	)	_	_	_	
9-10	898-906	enthielt	_	_	_	
9-11	907-910	sie	_	_	_	
9-12	911-919	ungefähr	_	_	_	
9-13	921-925	zwei	_	_	_	
9-14	926-931	Unzen	_	_	_	
9-15	932-938	trüben	_	_	_	
9-16	939-942	Ham	_	_	_	
9-17	942-943	.	_	_	_	

#Text=Velpeau bemerkte in melirem Fällen
#Text=
#Text=eine bedeutende Quantität
#Text=Urin in der Blase, wobei indessen nicht 
#Text=übersehen werden darf, dass der Tod hier immer sehr spät er- 
#Text=folgt war.
10-1	944-951	Velpeau	_	_	_	
10-2	952-960	bemerkte	_	_	_	
10-3	961-963	in	_	_	_	
10-4	964-971	melirem	_	_	_	
10-5	972-978	Fällen	_	_	_	
10-6	980-984	eine	_	_	_	
10-7	985-995	bedeutende	_	_	_	
10-8	996-1005	Quantität	_	_	_	
10-9	1006-1010	Urin	_	_	_	
10-10	1011-1013	in	_	_	_	
10-11	1014-1017	der	_	_	_	
10-12	1018-1023	Blase	_	_	_	
10-13	1023-1024	,	_	_	_	
10-14	1025-1030	wobei	_	_	_	
10-15	1031-1039	indessen	_	_	_	
10-16	1040-1045	nicht	_	_	_	
10-17	1047-1056	übersehen	_	_	_	
10-18	1057-1063	werden	_	_	_	
10-19	1064-1068	darf	_	_	_	
10-20	1068-1069	,	_	_	_	
10-21	1070-1074	dass	_	_	_	
10-22	1075-1078	der	_	_	_	
10-23	1079-1082	Tod	_	_	_	
10-24	1083-1087	hier	_	_	_	
10-25	1088-1093	immer	_	_	_	
10-26	1094-1098	sehr	_	_	_	
10-27	1099-1103	spät	_	_	_	
10-28	1104-1106	er	_	_	_	
10-29	1106-1107	-	_	_	_	
10-30	1109-1114	folgt	_	_	_	
10-31	1115-1118	war	_	_	_	
10-32	1118-1119	.	_	_	_	
