#FORMAT=WebAnno TSV 3.3


#Text=OVERDO in the stocks.
1-1	0-6	OVERDO	
1-2	7-9	in	
1-3	10-13	the	
1-4	14-20	stocks	
1-5	20-21	.	

#Text=People, etc.
2-1	22-28	People	
2-2	28-29	,	
2-3	30-33	etc	
2-4	33-34	.	

#Text=Enter QUARLOUS with the license, and EDGWORTH.
3-1	36-41	Enter	
3-2	42-50	QUARLOUS	
3-3	51-55	with	
3-4	56-59	the	
3-5	60-67	license	
3-6	67-68	,	
3-7	69-72	and	
3-8	73-81	EDGWORTH	
3-9	81-82	.	

#Text=Quar.
4-1	84-88	Quar	
4-2	88-89	.	

#Text=Well, sir, you are now discharged; beware of being spied hereafter.
5-1	90-94	Well	
5-2	94-95	,	
5-3	96-99	sir	
5-4	99-100	,	
5-5	101-104	you	
5-6	105-108	are	
5-7	109-112	now	
5-8	113-123	discharged	
5-9	123-124	;	
5-10	125-131	beware	
5-11	132-134	of	
5-12	135-140	being	
5-13	141-146	spied	
5-14	147-156	hereafter	
5-15	156-157	.	

#Text=Edg.
6-1	159-162	Edg	
6-2	162-163	.	

#Text=Sir, will it please you, enter in here at Ursula’s, and take part of a silken gown, a velvet petticoat, or a wrought smock; I am promised such, and I can spare a gentleman a moiety.
7-1	164-167	Sir	
7-2	167-168	,	
7-3	169-173	will	
7-4	174-176	it	
7-5	177-183	please	
7-6	184-187	you	
7-7	187-188	,	
7-8	189-194	enter	
7-9	195-197	in	
7-10	198-202	here	
7-11	203-205	at	
7-12	206-212	Ursula	
7-13	212-213	’	
7-14	213-214	s	
7-15	214-215	,	
7-16	216-219	and	
7-17	220-224	take	
7-18	225-229	part	
7-19	230-232	of	
7-20	233-234	a	
7-21	235-241	silken	
7-22	242-246	gown	
7-23	246-247	,	
7-24	248-249	a	
7-25	250-256	velvet	
7-26	257-266	petticoat	
7-27	266-267	,	
7-28	268-270	or	
7-29	271-272	a	
7-30	273-280	wrought	
7-31	281-286	smock	
7-32	286-287	;	
7-33	288-289	I	
7-34	290-292	am	
7-35	293-301	promised	
7-36	302-306	such	
7-37	306-307	,	
7-38	308-311	and	
7-39	312-313	I	
7-40	314-317	can	
7-41	318-323	spare	
7-42	324-325	a	
7-43	326-335	gentleman	
7-44	336-337	a	
7-45	338-344	moiety	
7-46	344-345	.	

#Text=Quar.
8-1	347-351	Quar	
8-2	351-352	.	

#Text=Keep it for your companions in beastliness, I am none of them, sir.
9-1	353-357	Keep	
9-2	358-360	it	
9-3	361-364	for	
9-4	365-369	your	
9-5	370-380	companions	
9-6	381-383	in	
9-7	384-395	beastliness	
9-8	395-396	,	
9-9	397-398	I	
9-10	399-401	am	
9-11	402-406	none	
9-12	407-409	of	
9-13	410-414	them	
9-14	414-415	,	
9-15	416-419	sir	
9-16	419-420	.	

#Text=If I had not already forgiven you a greater trespass, or thought you yet worth my beating, I would instruct your manners, to whom you made your offers.
10-1	421-423	If	
10-2	424-425	I	
10-3	426-429	had	
10-4	430-433	not	
10-5	434-441	already	
10-6	442-450	forgiven	
10-7	451-454	you	
10-8	455-456	a	
10-9	457-464	greater	
10-10	465-473	trespass	
10-11	473-474	,	
10-12	475-477	or	
10-13	478-485	thought	
10-14	486-489	you	
10-15	490-493	yet	
10-16	494-499	worth	
10-17	500-502	my	
10-18	503-510	beating	
10-19	510-511	,	
10-20	512-513	I	
10-21	514-519	would	
10-22	520-528	instruct	
10-23	529-533	your	
10-24	534-541	manners	
10-25	541-542	,	
10-26	543-545	to	
10-27	546-550	whom	
10-28	551-554	you	
10-29	555-559	made	
10-30	560-564	your	
10-31	565-571	offers	
10-32	571-572	.	

#Text=But go your ways, talk not to me, the hangman is only fit to discourse with you; the hand of beadle is too merciful a punishment for your trade of life.
11-1	573-576	But	
11-2	577-579	go	
11-3	580-584	your	
11-4	585-589	ways	
11-5	589-590	,	
11-6	591-595	talk	
11-7	596-599	not	
11-8	600-602	to	
11-9	603-605	me	
11-10	605-606	,	
11-11	607-610	the	
11-12	611-618	hangman	
11-13	619-621	is	
11-14	622-626	only	
11-15	627-630	fit	
11-16	631-633	to	
11-17	634-643	discourse	
11-18	644-648	with	
11-19	649-652	you	
11-20	652-653	;	
11-21	654-657	the	
11-22	658-662	hand	
11-23	663-665	of	
11-24	666-672	beadle	
11-25	673-675	is	
11-26	676-679	too	
11-27	680-688	merciful	
11-28	689-690	a	
11-29	691-701	punishment	
11-30	702-705	for	
11-31	706-710	your	
11-32	711-716	trade	
11-33	717-719	of	
11-34	720-724	life	
11-35	724-725	.	

#Text=[Exit Edgworth.]
12-1	726-727	[	
12-2	727-731	Exit	
12-3	732-740	Edgworth	
12-4	740-741	.	
12-5	741-742	]	

#Text=—I am sorry I employ’d this fellow, for he thinks me such; facinus quos inquinat, æquat.
13-1	742-743	—	
13-2	743-744	I	
13-3	745-747	am	
13-4	748-753	sorry	
13-5	754-755	I	
13-6	756-762	employ	
13-7	762-763	’	
13-8	763-764	d	
13-9	765-769	this	
13-10	770-776	fellow	
13-11	776-777	,	
13-12	778-781	for	
13-13	782-784	he	
13-14	785-791	thinks	
13-15	792-794	me	
13-16	795-799	such	
13-17	799-800	;	
13-18	801-808	facinus	
13-19	809-813	quos	
13-20	814-822	inquinat	
13-21	822-823	,	
13-22	824-829	æquat	
13-23	829-830	.	

#Text=But it was for sport; and would I make it serious, the getting of this license is nothing to me, without other circumstances concur.
14-1	831-834	But	
14-2	835-837	it	
14-3	838-841	was	
14-4	842-845	for	
14-5	846-851	sport	
14-6	851-852	;	
14-7	853-856	and	
14-8	857-862	would	
14-9	863-864	I	
14-10	865-869	make	
14-11	870-872	it	
14-12	873-880	serious	
14-13	880-881	,	
14-14	882-885	the	
14-15	886-893	getting	
14-16	894-896	of	
14-17	897-901	this	
14-18	902-909	license	
14-19	910-912	is	
14-20	913-920	nothing	
14-21	921-923	to	
14-22	924-926	me	
14-23	926-927	,	
14-24	928-935	without	
14-25	936-941	other	
14-26	942-955	circumstances	
14-27	956-962	concur	
14-28	962-963	.	

#Text=I do think how impertinently I labour, if the word be not mine that the ragged fellow mark’d: and what advantage I have given Ned Winwife in this time now of working her, though it be mine.
15-1	964-965	I	
15-2	966-968	do	
15-3	969-974	think	
15-4	975-978	how	
15-5	979-992	impertinently	
15-6	993-994	I	
15-7	995-1001	labour	
15-8	1001-1002	,	
15-9	1003-1005	if	
15-10	1006-1009	the	
15-11	1010-1014	word	
15-12	1015-1017	be	
15-13	1018-1021	not	
15-14	1022-1026	mine	
15-15	1027-1031	that	
15-16	1032-1035	the	
15-17	1036-1042	ragged	
15-18	1043-1049	fellow	
15-19	1050-1054	mark	
15-20	1054-1055	’	
15-21	1055-1056	d	
15-22	1056-1057	:	
15-23	1058-1061	and	
15-24	1062-1066	what	
15-25	1067-1076	advantage	
15-26	1077-1078	I	
15-27	1079-1083	have	
15-28	1084-1089	given	
15-29	1090-1093	Ned	
15-30	1094-1101	Winwife	
15-31	1102-1104	in	
15-32	1105-1109	this	
15-33	1110-1114	time	
15-34	1115-1118	now	
15-35	1119-1121	of	
15-36	1122-1129	working	
15-37	1130-1133	her	
15-38	1133-1134	,	
15-39	1135-1141	though	
15-40	1142-1144	it	
15-41	1145-1147	be	
15-42	1148-1152	mine	
15-43	1152-1153	.	

#Text=He’ll go near to form to her what a debauched rascal I am, and fright her out of all good conceit of me: I should do so by him, I am sure, if I had the opportunity.
16-1	1154-1156	He	
16-2	1156-1157	’	
16-3	1157-1159	ll	
16-4	1160-1162	go	
16-5	1163-1167	near	
16-6	1168-1170	to	
16-7	1171-1175	form	
16-8	1176-1178	to	
16-9	1179-1182	her	
16-10	1183-1187	what	
16-11	1188-1189	a	
16-12	1190-1199	debauched	
16-13	1200-1206	rascal	
16-14	1207-1208	I	
16-15	1209-1211	am	
16-16	1211-1212	,	
16-17	1213-1216	and	
16-18	1217-1223	fright	
16-19	1224-1227	her	
16-20	1228-1231	out	
16-21	1232-1234	of	
16-22	1235-1238	all	
16-23	1239-1243	good	
16-24	1244-1251	conceit	
16-25	1252-1254	of	
16-26	1255-1257	me	
16-27	1257-1258	:	
16-28	1259-1260	I	
16-29	1261-1267	should	
16-30	1268-1270	do	
16-31	1271-1273	so	
16-32	1274-1276	by	
16-33	1277-1280	him	
16-34	1280-1281	,	
16-35	1282-1283	I	
16-36	1284-1286	am	
16-37	1287-1291	sure	
16-38	1291-1292	,	
16-39	1293-1295	if	
16-40	1296-1297	I	
16-41	1298-1301	had	
16-42	1302-1305	the	
16-43	1306-1317	opportunity	
16-44	1317-1318	.	

#Text=But my hope is in her temper yet; and it must needs be next to despair, that is grounded on any part of a woman’s discretion.
17-1	1319-1322	But	
17-2	1323-1325	my	
17-3	1326-1330	hope	
17-4	1331-1333	is	
17-5	1334-1336	in	
17-6	1337-1340	her	
17-7	1341-1347	temper	
17-8	1348-1351	yet	
17-9	1351-1352	;	
17-10	1353-1356	and	
17-11	1357-1359	it	
17-12	1360-1364	must	
17-13	1365-1370	needs	
17-14	1371-1373	be	
17-15	1374-1378	next	
17-16	1379-1381	to	
17-17	1382-1389	despair	
17-18	1389-1390	,	
17-19	1391-1395	that	
17-20	1396-1398	is	
17-21	1399-1407	grounded	
17-22	1408-1410	on	
17-23	1411-1414	any	
17-24	1415-1419	part	
17-25	1420-1422	of	
17-26	1423-1424	a	
17-27	1425-1430	woman	
17-28	1430-1431	’	
17-29	1431-1432	s	
17-30	1433-1443	discretion	
17-31	1443-1444	.	

#Text=I would give, by my troth now, all I could spare, to my clothes and my sword, to meet my tatter’d soothsayer again, who was my judge in the question, to know certainly whose word he has damn’d or saved; for till then I live but under a reprieve.
18-1	1445-1446	I	
18-2	1447-1452	would	
18-3	1453-1457	give	
18-4	1457-1458	,	
18-5	1459-1461	by	
18-6	1462-1464	my	
18-7	1465-1470	troth	
18-8	1471-1474	now	
18-9	1474-1475	,	
18-10	1476-1479	all	
18-11	1480-1481	I	
18-12	1482-1487	could	
18-13	1488-1493	spare	
18-14	1493-1494	,	
18-15	1495-1497	to	
18-16	1498-1500	my	
18-17	1501-1508	clothes	
18-18	1509-1512	and	
18-19	1513-1515	my	
18-20	1516-1521	sword	
18-21	1521-1522	,	
18-22	1523-1525	to	
18-23	1526-1530	meet	
18-24	1531-1533	my	
18-25	1534-1540	tatter	
18-26	1540-1541	’	
18-27	1541-1542	d	
18-28	1543-1553	soothsayer	
18-29	1554-1559	again	
18-30	1559-1560	,	
18-31	1561-1564	who	
18-32	1565-1568	was	
18-33	1569-1571	my	
18-34	1572-1577	judge	
18-35	1578-1580	in	
18-36	1581-1584	the	
18-37	1585-1593	question	
18-38	1593-1594	,	
18-39	1595-1597	to	
18-40	1598-1602	know	
18-41	1603-1612	certainly	
18-42	1613-1618	whose	
18-43	1619-1623	word	
18-44	1624-1626	he	
18-45	1627-1630	has	
18-46	1631-1635	damn	
18-47	1635-1636	’	
18-48	1636-1637	d	
18-49	1638-1640	or	
18-50	1641-1646	saved	
18-51	1646-1647	;	
18-52	1648-1651	for	
18-53	1652-1656	till	
18-54	1657-1661	then	
18-55	1662-1663	I	
18-56	1664-1668	live	
18-57	1669-1672	but	
18-58	1673-1678	under	
18-59	1679-1680	a	
18-60	1681-1689	reprieve	
18-61	1689-1690	.	

#Text=I must seek him.
19-1	1691-1692	I	
19-2	1693-1697	must	
19-3	1698-1702	seek	
19-4	1703-1706	him	
19-5	1706-1707	.	

#Text=Who be these?
20-1	1708-1711	Who	
20-2	1712-1714	be	
20-3	1715-1720	these	
20-4	1720-1721	?	

#Text=Enter BRISTLE and some of the Watch, with WASPE.
21-1	1723-1728	Enter	
21-2	1729-1736	BRISTLE	
21-3	1737-1740	and	
21-4	1741-1745	some	
21-5	1746-1748	of	
21-6	1749-1752	the	
21-7	1753-1758	Watch	
21-8	1758-1759	,	
21-9	1760-1764	with	
21-10	1765-1770	WASPE	
21-11	1770-1771	.	

#Text=Waspe.
22-1	1773-1778	Waspe	
22-2	1778-1779	.	

#Text=Sir, you are a Welsh cuckold, and a prating runt, and no constable.
23-1	1780-1783	Sir	
23-2	1783-1784	,	
23-3	1785-1788	you	
23-4	1789-1792	are	
23-5	1793-1794	a	
23-6	1795-1800	Welsh	
23-7	1801-1808	cuckold	
23-8	1808-1809	,	
23-9	1810-1813	and	
23-10	1814-1815	a	
23-11	1816-1823	prating	
23-12	1824-1828	runt	
23-13	1828-1829	,	
23-14	1830-1833	and	
23-15	1834-1836	no	
23-16	1837-1846	constable	
23-17	1846-1847	.	

#Text=Bri.
24-1	1849-1852	Bri	
24-2	1852-1853	.	

#Text=You say very well.
25-1	1854-1857	You	
25-2	1858-1861	say	
25-3	1862-1866	very	
25-4	1867-1871	well	
25-5	1871-1872	.	

#Text=—Come, put in his leg in the middle roundel, and let him hole there.
26-1	1872-1873	—	
26-2	1873-1877	Come	
26-3	1877-1878	,	
26-4	1879-1882	put	
26-5	1883-1885	in	
26-6	1886-1889	his	
26-7	1890-1893	leg	
26-8	1894-1896	in	
26-9	1897-1900	the	
26-10	1901-1907	middle	
26-11	1908-1915	roundel	
26-12	1915-1916	,	
26-13	1917-1920	and	
26-14	1921-1924	let	
26-15	1925-1928	him	
26-16	1929-1933	hole	
26-17	1934-1939	there	
26-18	1939-1940	.	

#Text=[They put him in the stocks.
27-1	1942-1943	[	
27-2	1943-1947	They	
27-3	1948-1951	put	
27-4	1952-1955	him	
27-5	1956-1958	in	
27-6	1959-1962	the	
27-7	1963-1969	stocks	
27-8	1969-1970	.	

#Text=Waspe.
28-1	1972-1977	Waspe	
28-2	1977-1978	.	

#Text=You stink of leeks, metheglin, and cheese, you rogue.
29-1	1979-1982	You	
29-2	1983-1988	stink	
29-3	1989-1991	of	
29-4	1992-1997	leeks	
29-5	1997-1998	,	
29-6	1999-2008	metheglin	
29-7	2008-2009	,	
29-8	2010-2013	and	
29-9	2014-2020	cheese	
29-10	2020-2021	,	
29-11	2022-2025	you	
29-12	2026-2031	rogue	
29-13	2031-2032	.	

#Text=Bri.
30-1	2034-2037	Bri	
30-2	2037-2038	.	

#Text=Why, what is that to you, if you sit sweetly in the stocks in the mean time?
31-1	2039-2042	Why	
31-2	2042-2043	,	
31-3	2044-2048	what	
31-4	2049-2051	is	
31-5	2052-2056	that	
31-6	2057-2059	to	
31-7	2060-2063	you	
31-8	2063-2064	,	
31-9	2065-2067	if	
31-10	2068-2071	you	
31-11	2072-2075	sit	
31-12	2076-2083	sweetly	
31-13	2084-2086	in	
31-14	2087-2090	the	
31-15	2091-2097	stocks	
31-16	2098-2100	in	
31-17	2101-2104	the	
31-18	2105-2109	mean	
31-19	2110-2114	time	
31-20	2114-2115	?	

#Text=if you have a mind to stink too, your breeches sit close enough to your bum.
32-1	2116-2118	if	
32-2	2119-2122	you	
32-3	2123-2127	have	
32-4	2128-2129	a	
32-5	2130-2134	mind	
32-6	2135-2137	to	
32-7	2138-2143	stink	
32-8	2144-2147	too	
32-9	2147-2148	,	
32-10	2149-2153	your	
32-11	2154-2162	breeches	
32-12	2163-2166	sit	
32-13	2167-2172	close	
32-14	2173-2179	enough	
32-15	2180-2182	to	
32-16	2183-2187	your	
32-17	2188-2191	bum	
32-18	2191-2192	.	

#Text=Sit you merry, sir.
33-1	2193-2196	Sit	
33-2	2197-2200	you	
33-3	2201-2206	merry	
33-4	2206-2207	,	
33-5	2208-2211	sir	
33-6	2211-2212	.	

#Text=Quar.
34-1	2214-2218	Quar	
34-2	2218-2219	.	

#Text=How now, Numps?
35-1	2220-2223	How	
35-2	2224-2227	now	
35-3	2227-2228	,	
35-4	2229-2234	Numps	
35-5	2234-2235	?	

#Text=Waspe.
36-1	2237-2242	Waspe	
36-2	2242-2243	.	

#Text=It is no matter how; pray you look off.
37-1	2244-2246	It	
37-2	2247-2249	is	
37-3	2250-2252	no	
37-4	2253-2259	matter	
37-5	2260-2263	how	
37-6	2263-2264	;	
37-7	2265-2269	pray	
37-8	2270-2273	you	
37-9	2274-2278	look	
37-10	2279-2282	off	
37-11	2282-2283	.	

#Text=Quar.
38-1	2285-2289	Quar	
38-2	2289-2290	.	

#Text=Nay, I’ll not offend you, Numps; I thought you had sat there to be seen.
39-1	2291-2294	Nay	
39-2	2294-2295	,	
39-3	2296-2297	I	
39-4	2297-2298	’	
39-5	2298-2300	ll	
39-6	2301-2304	not	
39-7	2305-2311	offend	
39-8	2312-2315	you	
39-9	2315-2316	,	
39-10	2317-2322	Numps	
39-11	2322-2323	;	
39-12	2324-2325	I	
39-13	2326-2333	thought	
39-14	2334-2337	you	
39-15	2338-2341	had	
39-16	2342-2345	sat	
39-17	2346-2351	there	
39-18	2352-2354	to	
39-19	2355-2357	be	
39-20	2358-2362	seen	
39-21	2362-2363	.	

#Text=Waspe.
40-1	2365-2370	Waspe	
40-2	2370-2371	.	

#Text=And to be sold, did you not?
41-1	2372-2375	And	
41-2	2376-2378	to	
41-3	2379-2381	be	
41-4	2382-2386	sold	
41-5	2386-2387	,	
41-6	2388-2391	did	
41-7	2392-2395	you	
41-8	2396-2399	not	
41-9	2399-2400	?	

#Text=pray you mind your business, an you have any.
42-1	2401-2405	pray	
42-2	2406-2409	you	
42-3	2410-2414	mind	
42-4	2415-2419	your	
42-5	2420-2428	business	
42-6	2428-2429	,	
42-7	2430-2432	an	
42-8	2433-2436	you	
42-9	2437-2441	have	
42-10	2442-2445	any	
42-11	2445-2446	.	

#Text=Quar.
43-1	2448-2452	Quar	
43-2	2452-2453	.	

#Text=Cry you mercy, Numps; does your leg lie high enough?
44-1	2454-2457	Cry	
44-2	2458-2461	you	
44-3	2462-2467	mercy	
44-4	2467-2468	,	
44-5	2469-2474	Numps	
44-6	2474-2475	;	
44-7	2476-2480	does	
44-8	2481-2485	your	
44-9	2486-2489	leg	
44-10	2490-2493	lie	
44-11	2494-2498	high	
44-12	2499-2505	enough	
44-13	2505-2506	?	

#Text=Enter HAGGISE.
45-1	2508-2513	Enter	
45-2	2514-2521	HAGGISE	
45-3	2521-2522	.	

#Text=Bri.
46-1	2524-2527	Bri	
46-2	2527-2528	.	

#Text=How now, neighbour Haggise, what says justice Overdo’s worship to the other offenders?
47-1	2529-2532	How	
47-2	2533-2536	now	
47-3	2536-2537	,	
47-4	2538-2547	neighbour	
47-5	2548-2555	Haggise	
47-6	2555-2556	,	
47-7	2557-2561	what	
47-8	2562-2566	says	
47-9	2567-2574	justice	
47-10	2575-2581	Overdo	
47-11	2581-2582	’	
47-12	2582-2583	s	
47-13	2584-2591	worship	
47-14	2592-2594	to	
47-15	2595-2598	the	
47-16	2599-2604	other	
47-17	2605-2614	offenders	
47-18	2614-2615	?	

#Text=Hag.
48-1	2617-2620	Hag	
48-2	2620-2621	.	

#Text=Why, he says just nothing; what should he say, or where should he say?
49-1	2622-2625	Why	
49-2	2625-2626	,	
49-3	2627-2629	he	
49-4	2630-2634	says	
49-5	2635-2639	just	
49-6	2640-2647	nothing	
49-7	2647-2648	;	
49-8	2649-2653	what	
49-9	2654-2660	should	
49-10	2661-2663	he	
49-11	2664-2667	say	
49-12	2667-2668	,	
49-13	2669-2671	or	
49-14	2672-2677	where	
49-15	2678-2684	should	
49-16	2685-2687	he	
49-17	2688-2691	say	
49-18	2691-2692	?	

#Text=He is not to be found, man; he has not been seen in the Fair here all this live-long day, never since seven a clock i’ the morning.
50-1	2693-2695	He	
50-2	2696-2698	is	
50-3	2699-2702	not	
50-4	2703-2705	to	
50-5	2706-2708	be	
50-6	2709-2714	found	
50-7	2714-2715	,	
50-8	2716-2719	man	
50-9	2719-2720	;	
50-10	2721-2723	he	
50-11	2724-2727	has	
50-12	2728-2731	not	
50-13	2732-2736	been	
50-14	2737-2741	seen	
50-15	2742-2744	in	
50-16	2745-2748	the	
50-17	2749-2753	Fair	
50-18	2754-2758	here	
50-19	2759-2762	all	
50-20	2763-2767	this	
50-21	2768-2777	live-long	
50-22	2778-2781	day	
50-23	2781-2782	,	
50-24	2783-2788	never	
50-25	2789-2794	since	
50-26	2795-2800	seven	
50-27	2801-2802	a	
50-28	2803-2808	clock	
50-29	2809-2810	i	
50-30	2810-2811	’	
50-31	2812-2815	the	
50-32	2816-2823	morning	
50-33	2823-2824	.	

#Text=His clerks know not what to think on’t.
51-1	2825-2828	His	
51-2	2829-2835	clerks	
51-3	2836-2840	know	
51-4	2841-2844	not	
51-5	2845-2849	what	
51-6	2850-2852	to	
51-7	2853-2858	think	
51-8	2859-2861	on	
51-9	2861-2862	’	
51-10	2862-2863	t	
51-11	2863-2864	.	

#Text=There is no court of Pie-poudres yet.
52-1	2865-2870	There	
52-2	2871-2873	is	
52-3	2874-2876	no	
52-4	2877-2882	court	
52-5	2883-2885	of	
52-6	2886-2897	Pie-poudres	
52-7	2898-2901	yet	
52-8	2901-2902	.	

#Text=Here they be return’d.
53-1	2903-2907	Here	
53-2	2908-2912	they	
53-3	2913-2915	be	
53-4	2916-2922	return	
53-5	2922-2923	’	
53-6	2923-2924	d	
53-7	2924-2925	.	

#Text=Enter others of the Watch with BUSY.
54-1	2927-2932	Enter	
54-2	2933-2939	others	
54-3	2940-2942	of	
54-4	2943-2946	the	
54-5	2947-2952	Watch	
54-6	2953-2957	with	
54-7	2958-2962	BUSY	
54-8	2962-2963	.	

#Text=Bri.
55-1	2965-2968	Bri	
55-2	2968-2969	.	

#Text=What shall be done with them, then, in your discretion?
56-1	2970-2974	What	
56-2	2975-2980	shall	
56-3	2981-2983	be	
56-4	2984-2988	done	
56-5	2989-2993	with	
56-6	2994-2998	them	
56-7	2998-2999	,	
56-8	3000-3004	then	
56-9	3004-3005	,	
56-10	3006-3008	in	
56-11	3009-3013	your	
56-12	3014-3024	discretion	
56-13	3024-3025	?	

#Text=Hag.
57-1	3027-3030	Hag	
57-2	3030-3031	.	

#Text=I think we were best put them in the stocks in discretion (there they will be safe in discretion) for the valour of an hour, or such a thing, till his worship come.
58-1	3032-3033	I	
58-2	3034-3039	think	
58-3	3040-3042	we	
58-4	3043-3047	were	
58-5	3048-3052	best	
58-6	3053-3056	put	
58-7	3057-3061	them	
58-8	3062-3064	in	
58-9	3065-3068	the	
58-10	3069-3075	stocks	
58-11	3076-3078	in	
58-12	3079-3089	discretion	
58-13	3090-3091	(	
58-14	3091-3096	there	
58-15	3097-3101	they	
58-16	3102-3106	will	
58-17	3107-3109	be	
58-18	3110-3114	safe	
58-19	3115-3117	in	
58-20	3118-3128	discretion	
58-21	3128-3129	)	
58-22	3130-3133	for	
58-23	3134-3137	the	
58-24	3138-3144	valour	
58-25	3145-3147	of	
58-26	3148-3150	an	
58-27	3151-3155	hour	
58-28	3155-3156	,	
58-29	3157-3159	or	
58-30	3160-3164	such	
58-31	3165-3166	a	
58-32	3167-3172	thing	
58-33	3172-3173	,	
58-34	3174-3178	till	
58-35	3179-3182	his	
58-36	3183-3190	worship	
58-37	3191-3195	come	
58-38	3195-3196	.	

#Text=Bri.
59-1	3198-3201	Bri	
59-2	3201-3202	.	

#Text=It is but a hole matter if we do, neighbour Haggise; come, sir, [to Waspe.] here is company for you; heave up the stocks.
60-1	3203-3205	It	
60-2	3206-3208	is	
60-3	3209-3212	but	
60-4	3213-3214	a	
60-5	3215-3219	hole	
60-6	3220-3226	matter	
60-7	3227-3229	if	
60-8	3230-3232	we	
60-9	3233-3235	do	
60-10	3235-3236	,	
60-11	3237-3246	neighbour	
60-12	3247-3254	Haggise	
60-13	3254-3255	;	
60-14	3256-3260	come	
60-15	3260-3261	,	
60-16	3262-3265	sir	
60-17	3265-3266	,	
60-18	3267-3268	[	
60-19	3268-3270	to	
60-20	3271-3276	Waspe	
60-21	3276-3277	.	
60-22	3277-3278	]	
60-23	3279-3283	here	
60-24	3284-3286	is	
60-25	3287-3294	company	
60-26	3295-3298	for	
60-27	3299-3302	you	
60-28	3302-3303	;	
60-29	3304-3309	heave	
60-30	3310-3312	up	
60-31	3313-3316	the	
60-32	3317-3323	stocks	
60-33	3323-3324	.	

#Text=[As they open the stocks, Waspe puts his shoe on his hand, and slips it in for his leg.
61-1	3326-3327	[	
61-2	3327-3329	As	
61-3	3330-3334	they	
61-4	3335-3339	open	
61-5	3340-3343	the	
61-6	3344-3350	stocks	
61-7	3350-3351	,	
61-8	3352-3357	Waspe	
61-9	3358-3362	puts	
61-10	3363-3366	his	
61-11	3367-3371	shoe	
61-12	3372-3374	on	
61-13	3375-3378	his	
61-14	3379-3383	hand	
61-15	3383-3384	,	
61-16	3385-3388	and	
61-17	3389-3394	slips	
61-18	3395-3397	it	
61-19	3398-3400	in	
61-20	3401-3404	for	
61-21	3405-3408	his	
61-22	3409-3412	leg	
61-23	3412-3413	.	

#Text=Waspe.
62-1	3415-3420	Waspe	
62-2	3420-3421	.	

#Text=I shall put a trick upon your Welsh diligence perhaps.
63-1	3422-3423	I	
63-2	3424-3429	shall	
63-3	3430-3433	put	
63-4	3434-3435	a	
63-5	3436-3441	trick	
63-6	3442-3446	upon	
63-7	3447-3451	your	
63-8	3452-3457	Welsh	
63-9	3458-3467	diligence	
63-10	3468-3475	perhaps	
63-11	3475-3476	.	

#Text=[Aside.
64-1	3477-3478	[	
64-2	3478-3483	Aside	
64-3	3483-3484	.	

#Text=Bri.
65-1	3486-3489	Bri	
65-2	3489-3490	.	

#Text=Put in your leg, sir.
66-1	3491-3494	Put	
66-2	3495-3497	in	
66-3	3498-3502	your	
66-4	3503-3506	leg	
66-5	3506-3507	,	
66-6	3508-3511	sir	
66-7	3511-3512	.	

#Text=[To Busy.
67-1	3513-3514	[	
67-2	3514-3516	To	
67-3	3517-3521	Busy	
67-4	3521-3522	.	

#Text=Quar.
68-1	3524-3528	Quar	
68-2	3528-3529	.	

#Text=What, rabbi Busy!
69-1	3530-3534	What	
69-2	3534-3535	,	
69-3	3536-3541	rabbi	
69-4	3542-3546	Busy	
69-5	3546-3547	!	

#Text=is he come?
70-1	3548-3550	is	
70-2	3551-3553	he	
70-3	3554-3558	come	
70-4	3558-3559	?	

#Text=Busy.
71-1	3561-3565	Busy	
71-2	3565-3566	.	

#Text=I do obey thee; the lion may roar, but he cannot bite.
72-1	3567-3568	I	
72-2	3569-3571	do	
72-3	3572-3576	obey	
72-4	3577-3581	thee	
72-5	3581-3582	;	
72-6	3583-3586	the	
72-7	3587-3591	lion	
72-8	3592-3595	may	
72-9	3596-3600	roar	
72-10	3600-3601	,	
72-11	3602-3605	but	
72-12	3606-3608	he	
72-13	3609-3615	cannot	
72-14	3616-3620	bite	
72-15	3620-3621	.	

#Text=I am glad to be thus separated from the heathen of the land, and put apart in the stocks, for the holy cause.
73-1	3622-3623	I	
73-2	3624-3626	am	
73-3	3627-3631	glad	
73-4	3632-3634	to	
73-5	3635-3637	be	
73-6	3638-3642	thus	
73-7	3643-3652	separated	
73-8	3653-3657	from	
73-9	3658-3661	the	
73-10	3662-3669	heathen	
73-11	3670-3672	of	
73-12	3673-3676	the	
73-13	3677-3681	land	
73-14	3681-3682	,	
73-15	3683-3686	and	
73-16	3687-3690	put	
73-17	3691-3696	apart	
73-18	3697-3699	in	
73-19	3700-3703	the	
73-20	3704-3710	stocks	
73-21	3710-3711	,	
73-22	3712-3715	for	
73-23	3716-3719	the	
73-24	3720-3724	holy	
73-25	3725-3730	cause	
73-26	3730-3731	.	

#Text=Waspe.
74-1	3733-3738	Waspe	
74-2	3738-3739	.	

#Text=What are you, sir?
75-1	3740-3744	What	
75-2	3745-3748	are	
75-3	3749-3752	you	
75-4	3752-3753	,	
75-5	3754-3757	sir	
75-6	3757-3758	?	

#Text=Busy.
76-1	3760-3764	Busy	
76-2	3764-3765	.	

#Text=One that rejoiceth in his affliction, and sitteth here to prophesy the destruction of fairs and May-games, wakes and Whitson-ales, and doth sigh and groan for the reformation of these abuses.
77-1	3766-3769	One	
77-2	3770-3774	that	
77-3	3775-3784	rejoiceth	
77-4	3785-3787	in	
77-5	3788-3791	his	
77-6	3792-3802	affliction	
77-7	3802-3803	,	
77-8	3804-3807	and	
77-9	3808-3815	sitteth	
77-10	3816-3820	here	
77-11	3821-3823	to	
77-12	3824-3832	prophesy	
77-13	3833-3836	the	
77-14	3837-3848	destruction	
77-15	3849-3851	of	
77-16	3852-3857	fairs	
77-17	3858-3861	and	
77-18	3862-3871	May-games	
77-19	3871-3872	,	
77-20	3873-3878	wakes	
77-21	3879-3882	and	
77-22	3883-3895	Whitson-ales	
77-23	3895-3896	,	
77-24	3897-3900	and	
77-25	3901-3905	doth	
77-26	3906-3910	sigh	
77-27	3911-3914	and	
77-28	3915-3920	groan	
77-29	3921-3924	for	
77-30	3925-3928	the	
77-31	3929-3940	reformation	
77-32	3941-3943	of	
77-33	3944-3949	these	
77-34	3950-3956	abuses	
77-35	3956-3957	.	
