#FORMAT=WebAnno TSV 3.3


#Text=IV.
1-1	2-4	IV	
1-2	4-5	.	

#Text=Illud etiam solet ad hanc folvendam difficultatem in auxilium
#Text=
#Text=vocari, particulas odoras per aerem non dispergi, sed circa corpus odoriferum volitantes ab codem attractas idem corpus rursus ingredi, ut deinde iterum egrediantur.
2-1	6-11	Illud	
2-2	12-17	etiam	
2-3	18-23	solet	
2-4	24-26	ad	
2-5	27-31	hanc	
2-6	32-41	folvendam	
2-7	42-55	difficultatem	
2-8	56-58	in	
2-9	59-67	auxilium	
2-10	69-75	vocari	
2-11	75-76	,	
2-12	77-87	particulas	
2-13	88-94	odoras	
2-14	95-98	per	
2-15	99-104	aerem	
2-16	105-108	non	
2-17	109-117	dispergi	
2-18	117-118	,	
2-19	119-122	sed	
2-20	123-128	circa	
2-21	129-135	corpus	
2-22	136-146	odoriferum	
2-23	147-157	volitantes	
2-24	158-160	ab	
2-25	161-166	codem	
2-26	167-176	attractas	
2-27	177-181	idem	
2-28	182-188	corpus	
2-29	189-195	rursus	
2-30	196-203	ingredi	
2-31	203-204	,	
2-32	205-207	ut	
2-33	208-214	deinde	
2-34	215-221	iterum	
2-35	222-233	egrediantur	
2-36	233-234	.	

#Text=Sed parum huic sententiz suffragari potest hujusmodi attractio, nam particulæ, quæ parum a corporc receduot, poterunt fortc ita attrahi, at parti
#Text=
#Text=quæ ad majorem diftantiam abeunt, illæ profecto ab aeris motu per ipsum aerem disperguntur; maxima proinde carum
#Text=
#Text=particularum portio omnino cvanescic.
3-1	235-238	Sed	
3-2	239-244	parum	
3-3	245-249	huic	
3-4	250-259	sententiz	
3-5	260-270	suffragari	
3-6	271-277	potest	
3-7	278-287	hujusmodi	
3-8	288-297	attractio	
3-9	297-298	,	
3-10	299-302	nam	
3-11	303-312	particulæ	
3-12	312-313	,	
3-13	314-317	quæ	
3-14	318-323	parum	
3-15	324-325	a	
3-16	326-333	corporc	
3-17	334-342	receduot	
3-18	342-343	,	
3-19	344-352	poterunt	
3-20	353-358	fortc	
3-21	359-362	ita	
3-22	363-370	attrahi	
3-23	370-371	,	
3-24	372-374	at	
3-25	375-380	parti	
3-26	382-385	quæ	
3-27	386-388	ad	
3-28	389-396	majorem	
3-29	397-407	diftantiam	
3-30	408-414	abeunt	
3-31	414-415	,	
3-32	416-420	illæ	
3-33	421-429	profecto	
3-34	430-432	ab	
3-35	433-438	aeris	
3-36	439-443	motu	
3-37	444-447	per	
3-38	448-453	ipsum	
3-39	454-459	aerem	
3-40	460-472	disperguntur	
3-41	472-473	;	
3-42	474-480	maxima	
3-43	481-488	proinde	
3-44	489-494	carum	
3-45	496-508	particularum	
3-46	509-515	portio	
3-47	516-522	omnino	
3-48	523-532	cvanescic	
3-49	532-533	.	

#Text=V.
4-1	534-535	V	
4-2	535-536	.	

#Text=Reponunt, acris particulas, vel alia's cum acre commixtas in
#Text=
#Text=particulas odoras transmutari; reparabitur proinde jactura carum partium , quæ perpetuo a corpore odorifero avolant .
5-1	537-545	Reponunt	
5-2	545-546	,	
5-3	547-552	acris	
5-4	553-563	particulas	
5-5	563-564	,	
5-6	565-568	vel	
5-7	569-575	alia's	
5-8	576-579	cum	
5-9	580-584	acre	
5-10	585-594	commixtas	
5-11	595-597	in	
5-12	599-609	particulas	
5-13	610-616	odoras	
5-14	617-628	transmutari	
5-15	628-629	;	
5-16	630-641	reparabitur	
5-17	642-649	proinde	
5-18	650-657	jactura	
5-19	658-663	carum	
5-20	664-671	partium	
5-21	672-673	,	
5-22	674-677	quæ	
5-23	678-686	perpetuo	
5-24	687-688	a	
5-25	689-696	corpore	
5-26	697-706	odorifero	
5-27	707-714	avolant	
5-28	715-716	.	

#Text=Ecg omnium, quæ hactenus excogitatæ funt , fortasse optima fic hæc respoalio , difficultaci tamen fatis non facit: pollunt enim vel acriæ, vel alterius generis particulæ in varias formas transmutari, fed fi volumus non arbitrario, sed secundum experimenta ra.
#Text=tiocinari, hæc transformatio non fit brevi tempore nisi a causa validissima , cujusmodi e. g. eft ignis, vel a caulis quidem minus validis, sed interpolito longissimi temporis intervallo.
6-1	717-720	Ecg	
6-2	721-727	omnium	
6-3	727-728	,	
6-4	729-732	quæ	
6-5	733-741	hactenus	
6-6	742-752	excogitatæ	
6-7	753-757	funt	
6-8	758-759	,	
6-9	760-768	fortasse	
6-10	769-775	optima	
6-11	776-779	fic	
6-12	780-783	hæc	
6-13	784-793	respoalio	
6-14	794-795	,	
6-15	796-808	difficultaci	
6-16	809-814	tamen	
6-17	815-820	fatis	
6-18	821-824	non	
6-19	825-830	facit	
6-20	830-831	:	
6-21	832-839	pollunt	
6-22	840-844	enim	
6-23	845-848	vel	
6-24	849-854	acriæ	
6-25	854-855	,	
6-26	856-859	vel	
6-27	860-868	alterius	
6-28	869-876	generis	
6-29	877-886	particulæ	
6-30	887-889	in	
6-31	890-896	varias	
6-32	897-903	formas	
6-33	904-915	transmutari	
6-34	915-916	,	
6-35	917-920	fed	
6-36	921-923	fi	
6-37	924-931	volumus	
6-38	932-935	non	
6-39	936-946	arbitrario	
6-40	946-947	,	
6-41	948-951	sed	
6-42	952-960	secundum	
6-43	961-972	experimenta	
6-44	973-975	ra	
6-45	975-976	.	
6-46	977-986	tiocinari	
6-47	986-987	,	
6-48	988-991	hæc	
6-49	992-1005	transformatio	
6-50	1006-1009	non	
6-51	1010-1013	fit	
6-52	1014-1019	brevi	
6-53	1020-1027	tempore	
6-54	1028-1032	nisi	
6-55	1033-1034	a	
6-56	1035-1040	causa	
6-57	1041-1052	validissima	
6-58	1053-1054	,	
6-59	1055-1064	cujusmodi	
6-60	1065-1066	e	
6-61	1066-1067	.	
6-62	1068-1069	g	
6-63	1069-1070	.	
6-64	1071-1074	eft	
6-65	1075-1080	ignis	
6-66	1080-1081	,	
6-67	1082-1085	vel	
6-68	1086-1087	a	
6-69	1088-1094	caulis	
6-70	1095-1101	quidem	
6-71	1102-1107	minus	
6-72	1108-1115	validis	
6-73	1115-1116	,	
6-74	1117-1120	sed	
6-75	1121-1132	interpolito	
6-76	1133-1143	longissimi	
6-77	1144-1152	temporis	
6-78	1153-1163	intervallo	
6-79	1163-1164	.	

#Text=Et primoquidem in hac materia validissima causa non adeft,
#Text=
#Text=quze possic cito transformationem perficere ; secundo esto fit caufa aliqua.
#Text=mi
#Text=
#Text=
#Text=
#Text=
#Text=
#Text=culae, quze
#Text=
#Text=
#Text=
#Text=
#Text=
#Text=A 3
#Text=
#Text=
#Text=
#Text=
#Text=
#Text=minus valida, hæc non poteft elle ni& facis infirma, quæque indigeat ad mioimam jacturæ partem reparandam cempore fatis longo: exponatur proinde libero aeri, ac ventis agitato musci granum, plurimæ intra horæ e. g. spatium particulæ inde avo.
#Text=lanc nunquam regrelluræ ; illæ autem , ut olfactus organum ti, tillare poffint, crasiusculæ fiot, nccelle est, ut supra ostendi, adeoque granı mensuram pluries excedent; ut igitur idem pondus perseveret, opus eslet, ut intra horx (paciuin cantum acris, alteriusve materiæ in muscum convertatur , quantum inde abiic, id elt multo plus, quam fit ipla musci substantia : nullam autem hic esse causam, quæ hanc transformacionem brevissimo tempore efficere polloc, latis eft manifestum.
7-1	1165-1167	Et	
7-2	1168-1179	primoquidem	
7-3	1180-1182	in	
7-4	1183-1186	hac	
7-5	1187-1194	materia	
7-6	1195-1206	validissima	
7-7	1207-1212	causa	
7-8	1213-1216	non	
7-9	1217-1222	adeft	
7-10	1222-1223	,	
7-11	1225-1229	quze	
7-12	1230-1236	possic	
7-13	1237-1241	cito	
7-14	1242-1258	transformationem	
7-15	1259-1268	perficere	
7-16	1269-1270	;	
7-17	1271-1278	secundo	
7-18	1279-1283	esto	
7-19	1284-1287	fit	
7-20	1288-1293	caufa	
7-21	1294-1300	aliqua	
7-22	1300-1301	.	
7-23	1302-1304	mi	
7-24	1310-1315	culae	
7-25	1315-1316	,	
7-26	1317-1321	quze	
7-27	1327-1328	A	
7-28	1329-1330	3	
7-29	1336-1341	minus	
7-30	1342-1348	valida	
7-31	1348-1349	,	
7-32	1350-1353	hæc	
7-33	1354-1357	non	
7-34	1358-1364	poteft	
7-35	1365-1369	elle	
7-36	1370-1372	ni	
7-37	1372-1373	&	
7-38	1374-1379	facis	
7-39	1380-1387	infirma	
7-40	1387-1388	,	
7-41	1389-1395	quæque	
7-42	1396-1404	indigeat	
7-43	1405-1407	ad	
7-44	1408-1415	mioimam	
7-45	1416-1423	jacturæ	
7-46	1424-1430	partem	
7-47	1431-1441	reparandam	
7-48	1442-1449	cempore	
7-49	1450-1455	fatis	
7-50	1456-1461	longo	
7-51	1461-1462	:	
7-52	1463-1472	exponatur	
7-53	1473-1480	proinde	
7-54	1481-1487	libero	
7-55	1488-1492	aeri	
7-56	1492-1493	,	
7-57	1494-1496	ac	
7-58	1497-1503	ventis	
7-59	1504-1511	agitato	
7-60	1512-1517	musci	
7-61	1518-1524	granum	
7-62	1524-1525	,	
7-63	1526-1533	plurimæ	
7-64	1534-1539	intra	
7-65	1540-1544	horæ	
7-66	1545-1546	e	
7-67	1546-1547	.	
7-68	1548-1549	g	
7-69	1549-1550	.	
7-70	1551-1558	spatium	
7-71	1559-1568	particulæ	
7-72	1569-1573	inde	
7-73	1574-1577	avo	
7-74	1577-1578	.	
7-75	1579-1583	lanc	
7-76	1584-1591	nunquam	
7-77	1592-1602	regrelluræ	
7-78	1603-1604	;	
7-79	1605-1609	illæ	
7-80	1610-1615	autem	
7-81	1616-1617	,	
7-82	1618-1620	ut	
7-83	1621-1629	olfactus	
7-84	1630-1637	organum	
7-85	1638-1640	ti	
7-86	1640-1641	,	
7-87	1642-1649	tillare	
7-88	1650-1657	poffint	
7-89	1657-1658	,	
7-90	1659-1670	crasiusculæ	
7-91	1671-1675	fiot	
7-92	1675-1676	,	
7-93	1677-1684	nccelle	
7-94	1685-1688	est	
7-95	1688-1689	,	
7-96	1690-1692	ut	
7-97	1693-1698	supra	
7-98	1699-1706	ostendi	
7-99	1706-1707	,	
7-100	1708-1715	adeoque	
7-101	1716-1721	granı	
7-102	1722-1730	mensuram	
7-103	1731-1738	pluries	
7-104	1739-1747	excedent	
7-105	1747-1748	;	
7-106	1749-1751	ut	
7-107	1752-1758	igitur	
7-108	1759-1763	idem	
7-109	1764-1770	pondus	
7-110	1771-1781	perseveret	
7-111	1781-1782	,	
7-112	1783-1787	opus	
7-113	1788-1793	eslet	
7-114	1793-1794	,	
7-115	1795-1797	ut	
7-116	1798-1803	intra	
7-117	1804-1808	horx	
7-118	1809-1810	(	
7-119	1810-1817	paciuin	
7-120	1818-1824	cantum	
7-121	1825-1830	acris	
7-122	1830-1831	,	
7-123	1832-1842	alteriusve	
7-124	1843-1850	materiæ	
7-125	1851-1853	in	
7-126	1854-1860	muscum	
7-127	1861-1872	convertatur	
7-128	1873-1874	,	
7-129	1875-1882	quantum	
7-130	1883-1887	inde	
7-131	1888-1893	abiic	
7-132	1893-1894	,	
7-133	1895-1897	id	
7-134	1898-1901	elt	
7-135	1902-1907	multo	
7-136	1908-1912	plus	
7-137	1912-1913	,	
7-138	1914-1918	quam	
7-139	1919-1922	fit	
7-140	1923-1927	ipla	
7-141	1928-1933	musci	
7-142	1934-1944	substantia	
7-143	1945-1946	:	
7-144	1947-1953	nullam	
7-145	1954-1959	autem	
7-146	1960-1963	hic	
7-147	1964-1968	esse	
7-148	1969-1975	causam	
7-149	1975-1976	,	
7-150	1977-1980	quæ	
7-151	1981-1985	hanc	
7-152	1986-2002	transformacionem	
7-153	2003-2013	brevissimo	
7-154	2014-2021	tempore	
7-155	2022-2030	efficere	
7-156	2031-2037	polloc	
7-157	2037-2038	,	
7-158	2039-2044	latis	
7-159	2045-2048	eft	
7-160	2049-2059	manifestum	
7-161	2059-2060	.	

#Text=Ajunt quidem , poros odoriferi corporis ad hanc efficiendam transformationem aptıslimos elle, si cnim velociter ad cos poros cxcranca materia allidacur, hæc pororum figuram induet, quæ ad excitandam sensationem olfactus eft maxime idonea.
8-1	2061-2066	Ajunt	
8-2	2067-2073	quidem	
8-3	2074-2075	,	
8-4	2076-2081	poros	
8-5	2082-2091	odoriferi	
8-6	2092-2100	corporis	
8-7	2101-2103	ad	
8-8	2104-2108	hanc	
8-9	2109-2120	efficiendam	
8-10	2121-2137	transformationem	
8-11	2138-2148	aptıslimos	
8-12	2149-2153	elle	
8-13	2153-2154	,	
8-14	2155-2157	si	
8-15	2158-2162	cnim	
8-16	2163-2172	velociter	
8-17	2173-2175	ad	
8-18	2176-2179	cos	
8-19	2180-2185	poros	
8-20	2186-2194	cxcranca	
8-21	2195-2202	materia	
8-22	2203-2212	allidacur	
8-23	2212-2213	,	
8-24	2214-2217	hæc	
8-25	2218-2225	pororum	
8-26	2226-2233	figuram	
8-27	2234-2240	induet	
8-28	2240-2241	,	
8-29	2242-2245	quæ	
8-30	2246-2248	ad	
8-31	2249-2259	excitandam	
8-32	2260-2271	sensationem	
8-33	2272-2280	olfactus	
8-34	2281-2284	eft	
8-35	2285-2291	maxime	
8-36	2292-2298	idonea	
8-37	2298-2299	.	

#Text=Etto hac ratione fieri poffit transformacio exiguæ alicujus materix porcionis, certe læpius intra horam reparari, & quodammodo scproduci non potest materia odoritera, ut coolideranti fatis pacet į gam fi maieria per poros transiens facilem reperit, & apertum adicum, nulla fiec mucacio, ac li difficilem experiatur cranfcum, opus eft, ut diutius intra poros immoretur, adeoque bre.
9-1	2300-2304	Etto	
9-2	2305-2308	hac	
9-3	2309-2316	ratione	
9-4	2317-2322	fieri	
9-5	2323-2329	poffit	
9-6	2330-2343	transformacio	
9-7	2344-2350	exiguæ	
9-8	2351-2359	alicujus	
9-9	2360-2367	materix	
9-10	2368-2377	porcionis	
9-11	2377-2378	,	
9-12	2379-2384	certe	
9-13	2385-2391	læpius	
9-14	2392-2397	intra	
9-15	2398-2403	horam	
9-16	2404-2412	reparari	
9-17	2412-2413	,	
9-18	2414-2415	&	
9-19	2416-2426	quodammodo	
9-20	2427-2436	scproduci	
9-21	2437-2440	non	
9-22	2441-2447	potest	
9-23	2448-2455	materia	
9-24	2456-2465	odoritera	
9-25	2465-2466	,	
9-26	2467-2469	ut	
9-27	2470-2482	coolideranti	
9-28	2483-2488	fatis	
9-29	2489-2494	pacet	
9-30	2495-2496	į	
9-31	2497-2500	gam	
9-32	2501-2503	fi	
9-33	2504-2511	maieria	
9-34	2512-2515	per	
9-35	2516-2521	poros	
9-36	2522-2531	transiens	
9-37	2532-2539	facilem	
9-38	2540-2547	reperit	
9-39	2547-2548	,	
9-40	2549-2550	&	
9-41	2551-2558	apertum	
9-42	2559-2565	adicum	
9-43	2565-2566	,	
9-44	2567-2572	nulla	
9-45	2573-2577	fiec	
9-46	2578-2585	mucacio	
9-47	2585-2586	,	
9-48	2587-2589	ac	
9-49	2590-2592	li	
9-50	2593-2603	difficilem	
9-51	2604-2614	experiatur	
9-52	2615-2623	cranfcum	
9-53	2623-2624	,	
9-54	2625-2629	opus	
9-55	2630-2633	eft	
9-56	2633-2634	,	
9-57	2635-2637	ut	
9-58	2638-2645	diutius	
9-59	2646-2651	intra	
9-60	2652-2657	poros	
9-61	2658-2667	immoretur	
9-62	2667-2668	,	
9-63	2669-2676	adeoque	
9-64	2677-2680	bre	
9-65	2680-2681	.	

#Text=Vi temporis fpatio tanta jactura reparari non poteft.
10-1	2682-2684	Vi	
10-2	2685-2693	temporis	
10-3	2694-2700	fpatio	
10-4	2701-2706	tanta	
10-5	2707-2714	jactura	
10-6	2715-2723	reparari	
10-7	2724-2727	non	
10-8	2728-2734	poteft	
10-9	2734-2735	.	

#Text=Præterquam quod subtilem materiam, quæ per poros corporum velocislimo motu perpetuo transcat admictere, fi phænomenis non repugnat, eft faltem mera hypochelis; quare ubi fententia baberi poilie, quæ caulis certis indicatur, ad confiétas hypotheses, non elt recurrendum.
11-1	2736-2746	Præterquam	
11-2	2747-2751	quod	
11-3	2752-2760	subtilem	
11-4	2761-2769	materiam	
11-5	2769-2770	,	
11-6	2771-2774	quæ	
11-7	2775-2778	per	
11-8	2779-2784	poros	
11-9	2785-2793	corporum	
11-10	2794-2805	velocislimo	
11-11	2806-2810	motu	
11-12	2811-2819	perpetuo	
11-13	2820-2828	transcat	
11-14	2829-2838	admictere	
11-15	2838-2839	,	
11-16	2840-2842	fi	
11-17	2843-2853	phænomenis	
11-18	2854-2857	non	
11-19	2858-2866	repugnat	
11-20	2866-2867	,	
11-21	2868-2871	eft	
11-22	2872-2878	faltem	
11-23	2879-2883	mera	
11-24	2884-2894	hypochelis	
11-25	2894-2895	;	
11-26	2896-2901	quare	
11-27	2902-2905	ubi	
11-28	2906-2915	fententia	
11-29	2916-2922	baberi	
11-30	2923-2929	poilie	
11-31	2929-2930	,	
11-32	2931-2934	quæ	
11-33	2935-2941	caulis	
11-34	2942-2948	certis	
11-35	2949-2958	indicatur	
11-36	2958-2959	,	
11-37	2960-2962	ad	
11-38	2963-2972	confiétas	
11-39	2973-2983	hypotheses	
11-40	2983-2984	,	
11-41	2985-2988	non	
11-42	2989-2992	elt	
11-43	2993-3004	recurrendum	
11-44	3004-3005	.	

#Text=Hoc denique effugiuin nullum elle clare demonftrant corpora non suo odore tragrantia : fic enim lignum ex musci vicinia ejusdem odore imbutum, pori lignei ad musci odorem procreandum ex acris, alceriusve materize transformasione lunc certo omnino inepti; neque id pręttare pollunc ipfa musci odoratæ particulæ ligno adhærentes, ittæ enim ad oltactionem excicandam a natura factæ sunt, non vero ad alias odoras particulas producendas, quare hujufcemodi poros in iis fin
#Text=
#Text=Neque fermentatio huic fententiæ patrocinari poteft, nam fermentatio , liquidem valida Gt, poteft transformationem effice
#Text=
#Text=re,
#Text=
#Text=
#Text=
#Text=gere non licet.
#Text=7
#Text=
#Text=re, at fermentatio, quæ nullum nobis sui præbet indicium, id
#Text=
#Text=brevi tempore efficere certo non potcft; videmus enim in fenfio
#Text=
#Text=bilioribus eciam fermentacionibus mulcum temporis requiri , ut
#Text=
#Text=fiat substantiarum transmutatio, quo autem infirmiores sunt
#Text=
#Text=caufæ, co plus temporis requiritur ad cundem effectum præstane?
12-1	3006-3009	Hoc	
12-2	3010-3017	denique	
12-3	3018-3027	effugiuin	
12-4	3028-3034	nullum	
12-5	3035-3039	elle	
12-6	3040-3045	clare	
12-7	3046-3057	demonftrant	
12-8	3058-3065	corpora	
12-9	3066-3069	non	
12-10	3070-3073	suo	
12-11	3074-3079	odore	
12-12	3080-3090	tragrantia	
12-13	3091-3092	:	
12-14	3093-3096	fic	
12-15	3097-3101	enim	
12-16	3102-3108	lignum	
12-17	3109-3111	ex	
12-18	3112-3117	musci	
12-19	3118-3125	vicinia	
12-20	3126-3133	ejusdem	
12-21	3134-3139	odore	
12-22	3140-3147	imbutum	
12-23	3147-3148	,	
12-24	3149-3153	pori	
12-25	3154-3160	lignei	
12-26	3161-3163	ad	
12-27	3164-3169	musci	
12-28	3170-3176	odorem	
12-29	3177-3188	procreandum	
12-30	3189-3191	ex	
12-31	3192-3197	acris	
12-32	3197-3198	,	
12-33	3199-3209	alceriusve	
12-34	3210-3218	materize	
12-35	3219-3234	transformasione	
12-36	3235-3239	lunc	
12-37	3240-3245	certo	
12-38	3246-3252	omnino	
12-39	3253-3259	inepti	
12-40	3259-3260	;	
12-41	3261-3266	neque	
12-42	3267-3269	id	
12-43	3270-3278	pręttare	
12-44	3279-3286	pollunc	
12-45	3287-3291	ipfa	
12-46	3292-3297	musci	
12-47	3298-3305	odoratæ	
12-48	3306-3315	particulæ	
12-49	3316-3321	ligno	
12-50	3322-3332	adhærentes	
12-51	3332-3333	,	
12-52	3334-3338	ittæ	
12-53	3339-3343	enim	
12-54	3344-3346	ad	
12-55	3347-3358	oltactionem	
12-56	3359-3369	excicandam	
12-57	3370-3371	a	
12-58	3372-3378	natura	
12-59	3379-3384	factæ	
12-60	3385-3389	sunt	
12-61	3389-3390	,	
12-62	3391-3394	non	
12-63	3395-3399	vero	
12-64	3400-3402	ad	
12-65	3403-3408	alias	
12-66	3409-3415	odoras	
12-67	3416-3426	particulas	
12-68	3427-3438	producendas	
12-69	3438-3439	,	
12-70	3440-3445	quare	
12-71	3446-3457	hujufcemodi	
12-72	3458-3463	poros	
12-73	3464-3466	in	
12-74	3467-3470	iis	
12-75	3471-3474	fin	
12-76	3476-3481	Neque	
12-77	3482-3493	fermentatio	
12-78	3494-3498	huic	
12-79	3499-3508	fententiæ	
12-80	3509-3520	patrocinari	
12-81	3521-3527	poteft	
12-82	3527-3528	,	
12-83	3529-3532	nam	
12-84	3533-3544	fermentatio	
12-85	3545-3546	,	
12-86	3547-3555	liquidem	
12-87	3556-3562	valida	
12-88	3563-3565	Gt	
12-89	3565-3566	,	
12-90	3567-3573	poteft	
12-91	3574-3590	transformationem	
12-92	3591-3597	effice	
12-93	3599-3601	re	
12-94	3601-3602	,	
12-95	3606-3610	gere	
12-96	3611-3614	non	
12-97	3615-3620	licet	
12-98	3620-3621	.	
12-99	3622-3623	7	
12-100	3625-3627	re	
12-101	3627-3628	,	
12-102	3629-3631	at	
12-103	3632-3643	fermentatio	
12-104	3643-3644	,	
12-105	3645-3648	quæ	
12-106	3649-3655	nullum	
12-107	3656-3661	nobis	
12-108	3662-3665	sui	
12-109	3666-3672	præbet	
12-110	3673-3681	indicium	
12-111	3681-3682	,	
12-112	3683-3685	id	
12-113	3687-3692	brevi	
12-114	3693-3700	tempore	
12-115	3701-3709	efficere	
12-116	3710-3715	certo	
12-117	3716-3719	non	
12-118	3720-3726	potcft	
12-119	3726-3727	;	
12-120	3728-3735	videmus	
12-121	3736-3740	enim	
12-122	3741-3743	in	
12-123	3744-3750	fenfio	
12-124	3752-3762	bilioribus	
12-125	3763-3768	eciam	
12-126	3769-3785	fermentacionibus	
12-127	3786-3792	mulcum	
12-128	3793-3801	temporis	
12-129	3802-3809	requiri	
12-130	3810-3811	,	
12-131	3812-3814	ut	
12-132	3816-3820	fiat	
12-133	3821-3834	substantiarum	
12-134	3835-3847	transmutatio	
12-135	3847-3848	,	
12-136	3849-3852	quo	
12-137	3853-3858	autem	
12-138	3859-3870	infirmiores	
12-139	3871-3875	sunt	
12-140	3877-3882	caufæ	
12-141	3882-3883	,	
12-142	3884-3886	co	
12-143	3887-3891	plus	
12-144	3892-3900	temporis	
12-145	3901-3911	requiritur	
12-146	3912-3914	ad	
12-147	3915-3921	cundem	
12-148	3922-3930	effectum	
12-149	3931-3939	præstane	
12-150	3939-3940	?	

#Text=dum; cum igitur hic fermentatio, q qua est , in infinituma
#Text=
#Text=fere minuacur, in infinitum eriam fere augendum est rempus ad.
#Text=eundem habendum effectum : fieri icaque non potelt ut per fer-
#Text=
#Text=mentationem pluries intra horam ejusdem corporis odoriferi ja-
#Text=
#Text=
#Text=
#Text=Etura reparetur.
13-1	3941-3944	dum	
13-2	3944-3945	;	
13-3	3946-3949	cum	
13-4	3950-3956	igitur	
13-5	3957-3960	hic	
13-6	3961-3972	fermentatio	
13-7	3972-3973	,	
13-8	3974-3975	q	
13-9	3976-3979	qua	
13-10	3980-3983	est	
13-11	3984-3985	,	
13-12	3986-3988	in	
13-13	3989-3999	infinituma	
13-14	4001-4005	fere	
13-15	4006-4014	minuacur	
13-16	4014-4015	,	
13-17	4016-4018	in	
13-18	4019-4028	infinitum	
13-19	4029-4034	eriam	
13-20	4035-4039	fere	
13-21	4040-4048	augendum	
13-22	4049-4052	est	
13-23	4053-4059	rempus	
13-24	4060-4062	ad	
13-25	4062-4063	.	
13-26	4064-4070	eundem	
13-27	4071-4079	habendum	
13-28	4080-4088	effectum	
13-29	4089-4090	:	
13-30	4091-4096	fieri	
13-31	4097-4103	icaque	
13-32	4104-4107	non	
13-33	4108-4114	potelt	
13-34	4115-4117	ut	
13-35	4118-4121	per	
13-36	4122-4125	fer	
13-37	4125-4126	-	
13-38	4128-4139	mentationem	
13-39	4140-4147	pluries	
13-40	4148-4153	intra	
13-41	4154-4159	horam	
13-42	4160-4167	ejusdem	
13-43	4168-4176	corporis	
13-44	4177-4186	odoriferi	
13-45	4187-4189	ja	
13-46	4189-4190	-	
13-47	4194-4199	Etura	
13-48	4200-4209	reparetur	
13-49	4209-4210	.	

#Text=VI.
14-1	4211-4213	VI	
14-2	4213-4214	.	

#Text=Ar viri (ummo ingenio, ac doctrina prædici hanc difficultatem
#Text=
#Text=
#Text=
#Text=flocci omnino fecerunt, neque ea ad aliam excogitandam len-
#Text=
#Text=tencian fuere incitati.
15-1	4215-4217	Ar	
15-2	4218-4222	viri	
15-3	4223-4224	(	
15-4	4224-4228	ummo	
15-5	4229-4236	ingenio	
15-6	4236-4237	,	
15-7	4238-4240	ac	
15-8	4241-4249	doctrina	
15-9	4250-4257	prædici	
15-10	4258-4262	hanc	
15-11	4263-4276	difficultatem	
15-12	4280-4286	flocci	
15-13	4287-4293	omnino	
15-14	4294-4302	fecerunt	
15-15	4302-4303	,	
15-16	4304-4309	neque	
15-17	4310-4312	ea	
15-18	4313-4315	ad	
15-19	4316-4321	aliam	
15-20	4322-4334	excogitandam	
15-21	4335-4338	len	
15-22	4338-4339	-	
15-23	4341-4348	tencian	
15-24	4349-4354	fuere	
15-25	4355-4363	incitati	
15-26	4363-4364	.	

#Text=Vereor fane, ne illis idem contigerit, ac
#Text=
#Text=mihi: per plures annos apud meos auditores communi sententia
#Text=
#Text=( quandoquidem melior non occurrebar) & communibus etiam
#Text=
#Text=ad hanc difficultatem usus sum responsionibus ; attamen ut vera
#Text=
#Text=fatear, animus iis nunquam acquievit.
16-1	4365-4371	Vereor	
16-2	4372-4376	fane	
16-3	4376-4377	,	
16-4	4378-4380	ne	
16-5	4381-4386	illis	
16-6	4387-4391	idem	
16-7	4392-4402	contigerit	
16-8	4402-4403	,	
16-9	4404-4406	ac	
16-10	4408-4412	mihi	
16-11	4412-4413	:	
16-12	4414-4417	per	
16-13	4418-4424	plures	
16-14	4425-4430	annos	
16-15	4431-4435	apud	
16-16	4436-4440	meos	
16-17	4441-4450	auditores	
16-18	4451-4458	communi	
16-19	4459-4468	sententia	
16-20	4470-4471	(	
16-21	4472-4484	quandoquidem	
16-22	4485-4491	melior	
16-23	4492-4495	non	
16-24	4496-4506	occurrebar	
16-25	4506-4507	)	
16-26	4508-4509	&	
16-27	4510-4520	communibus	
16-28	4521-4526	etiam	
16-29	4528-4530	ad	
16-30	4531-4535	hanc	
16-31	4536-4549	difficultatem	
16-32	4550-4554	usus	
16-33	4555-4558	sum	
16-34	4559-4573	responsionibus	
16-35	4574-4575	;	
16-36	4576-4583	attamen	
16-37	4584-4586	ut	
16-38	4587-4591	vera	
16-39	4593-4599	fatear	
16-40	4599-4600	,	
16-41	4601-4607	animus	
16-42	4608-4611	iis	
16-43	4612-4619	nunquam	
16-44	4620-4629	acquievit	
16-45	4629-4630	.	
