#FORMAT=WebAnno TSV 3.3


#Text=Then at last there were lights and houses and men and women passing the windows.
1-1	0-4	Then	
1-2	5-7	at	
1-3	8-12	last	
1-4	13-18	there	
1-5	19-23	were	
1-6	24-30	lights	
1-7	31-34	and	
1-8	35-41	houses	
1-9	42-45	and	
1-10	46-49	men	
1-11	50-53	and	
1-12	54-59	women	
1-13	60-67	passing	
1-14	68-71	the	
1-15	72-79	windows	
1-16	79-80	.	

#Text=They had entered a village.
2-1	81-85	They	
2-2	86-89	had	
2-3	90-97	entered	
2-4	98-99	a	
2-5	100-107	village	
2-6	107-108	.	

#Text=Instantly Flush was all attention. ". . . his eyes were starting out of his head with eagerness; he looked east, he looked west, you would conclude that he was taking notes or preparing them."
3-1	109-118	Instantly	
3-2	119-124	Flush	
3-3	125-128	was	
3-4	129-132	all	
3-5	133-142	attention	
3-6	142-143	.	
3-7	144-145	"	
3-8	145-146	.	
3-9	147-148	.	
3-10	149-150	.	
3-11	151-154	his	
3-12	155-159	eyes	
3-13	160-164	were	
3-14	165-173	starting	
3-15	174-177	out	
3-16	178-180	of	
3-17	181-184	his	
3-18	185-189	head	
3-19	190-194	with	
3-20	195-204	eagerness	
3-21	204-205	;	
3-22	206-208	he	
3-23	209-215	looked	
3-24	216-220	east	
3-25	220-221	,	
3-26	222-224	he	
3-27	225-231	looked	
3-28	232-236	west	
3-29	236-237	,	
3-30	238-241	you	
3-31	242-247	would	
3-32	248-256	conclude	
3-33	257-261	that	
3-34	262-264	he	
3-35	265-268	was	
3-36	269-275	taking	
3-37	276-281	notes	
3-38	282-284	or	
3-39	285-294	preparing	
3-40	295-299	them	
3-41	299-300	.	
3-42	300-301	"	

#Text=It was the human scene that stirred him, not beauty.
4-1	302-304	It	
4-2	305-308	was	
4-3	309-312	the	
4-4	313-318	human	
4-5	319-324	scene	
4-6	325-329	that	
4-7	330-337	stirred	
4-8	338-341	him	
4-9	341-342	,	
4-10	343-346	not	
4-11	347-353	beauty	
4-12	353-354	.	

#Text=Beauty, so it seems at least, had to be crystallised into a green or violet powder and puffed by some celestial syringe down the fringed channels that lay behind his nostrils before it touched Flush's senses; and then it issued not in words, but in a silent rapture.
5-1	355-361	Beauty	
5-2	361-362	,	
5-3	363-365	so	
5-4	366-368	it	
5-5	369-374	seems	
5-6	375-377	at	
5-7	378-383	least	
5-8	383-384	,	
5-9	385-388	had	
5-10	389-391	to	
5-11	392-394	be	
5-12	395-407	crystallised	
5-13	408-412	into	
5-14	413-414	a	
5-15	415-420	green	
5-16	421-423	or	
5-17	424-430	violet	
5-18	431-437	powder	
5-19	438-441	and	
5-20	442-448	puffed	
5-21	449-451	by	
5-22	452-456	some	
5-23	457-466	celestial	
5-24	467-474	syringe	
5-25	475-479	down	
5-26	480-483	the	
5-27	484-491	fringed	
5-28	492-500	channels	
5-29	501-505	that	
5-30	506-509	lay	
5-31	510-516	behind	
5-32	517-520	his	
5-33	521-529	nostrils	
5-34	530-536	before	
5-35	537-539	it	
5-36	540-547	touched	
5-37	548-555	Flush's	
5-38	556-562	senses	
5-39	562-563	;	
5-40	564-567	and	
5-41	568-572	then	
5-42	573-575	it	
5-43	576-582	issued	
5-44	583-586	not	
5-45	587-589	in	
5-46	590-595	words	
5-47	595-596	,	
5-48	597-600	but	
5-49	601-603	in	
5-50	604-605	a	
5-51	606-612	silent	
5-52	613-620	rapture	
5-53	620-621	.	

#Text=Where Mrs.
6-1	622-627	Where	
6-2	628-631	Mrs	
6-3	631-632	.	

#Text=Browning saw, he smelt; where she wrote, he snuffed.
7-1	633-641	Browning	
7-2	642-645	saw	
7-3	645-646	,	
7-4	647-649	he	
7-5	650-655	smelt	
7-6	655-656	;	
7-7	657-662	where	
7-8	663-666	she	
7-9	667-672	wrote	
7-10	672-673	,	
7-11	674-676	he	
7-12	677-684	snuffed	
7-13	684-685	.	

#Text=Here, then, the biographer must perforce come to a pause.
8-1	687-691	Here	
8-2	691-692	,	
8-3	693-697	then	
8-4	697-698	,	
8-5	699-702	the	
8-6	703-713	biographer	
8-7	714-718	must	
8-8	719-727	perforce	
8-9	728-732	come	
8-10	733-735	to	
8-11	736-737	a	
8-12	738-743	pause	
8-13	743-744	.	

#Text=Where two or three thousand words are insufficient for what we see--and Mrs.
9-1	745-750	Where	
9-2	751-754	two	
9-3	755-757	or	
9-4	758-763	three	
9-5	764-772	thousand	
9-6	773-778	words	
9-7	779-782	are	
9-8	783-795	insufficient	
9-9	796-799	for	
9-10	800-804	what	
9-11	805-807	we	
9-12	808-811	see	
9-13	811-812	-	
9-14	812-813	-	
9-15	813-816	and	
9-16	817-820	Mrs	
9-17	820-821	.	

#Text=Browning had to admit herself beaten by the Apennines: "Of these things I cannot give you any idea," she admitted--there are no more than two words and perhaps one-half for what we smell.
10-1	822-830	Browning	
10-2	831-834	had	
10-3	835-837	to	
10-4	838-843	admit	
10-5	844-851	herself	
10-6	852-858	beaten	
10-7	859-861	by	
10-8	862-865	the	
10-9	866-875	Apennines	
10-10	875-876	:	
10-11	877-878	"	
10-12	878-880	Of	
10-13	881-886	these	
10-14	887-893	things	
10-15	894-895	I	
10-16	896-902	cannot	
10-17	903-907	give	
10-18	908-911	you	
10-19	912-915	any	
10-20	916-920	idea	
10-21	920-921	,	
10-22	921-922	"	
10-23	923-926	she	
10-24	927-935	admitted	
10-25	935-936	-	
10-26	936-937	-	
10-27	937-942	there	
10-28	943-946	are	
10-29	947-949	no	
10-30	950-954	more	
10-31	955-959	than	
10-32	960-963	two	
10-33	964-969	words	
10-34	970-973	and	
10-35	974-981	perhaps	
10-36	982-990	one-half	
10-37	991-994	for	
10-38	995-999	what	
10-39	1000-1002	we	
10-40	1003-1008	smell	
10-41	1008-1009	.	

#Text=The human nose is practically non-existent.
11-1	1010-1013	The	
11-2	1014-1019	human	
11-3	1020-1024	nose	
11-4	1025-1027	is	
11-5	1028-1039	practically	
11-6	1040-1052	non-existent	
11-7	1052-1053	.	

#Text=The greatest poets in the world have smelt nothing but roses on the one hand, and dung on the other.
12-1	1054-1057	The	
12-2	1058-1066	greatest	
12-3	1067-1072	poets	
12-4	1073-1075	in	
12-5	1076-1079	the	
12-6	1080-1085	world	
12-7	1086-1090	have	
12-8	1091-1096	smelt	
12-9	1097-1104	nothing	
12-10	1105-1108	but	
12-11	1109-1114	roses	
12-12	1115-1117	on	
12-13	1118-1121	the	
12-14	1122-1125	one	
12-15	1126-1130	hand	
12-16	1130-1131	,	
12-17	1132-1135	and	
12-18	1136-1140	dung	
12-19	1141-1143	on	
12-20	1144-1147	the	
12-21	1148-1153	other	
12-22	1153-1154	.	

#Text=The infinite gradations that lie between are unrecorded.
13-1	1155-1158	The	
13-2	1159-1167	infinite	
13-3	1168-1178	gradations	
13-4	1179-1183	that	
13-5	1184-1187	lie	
13-6	1188-1195	between	
13-7	1196-1199	are	
13-8	1200-1210	unrecorded	
13-9	1210-1211	.	

#Text=Yet it was in the world of smell that Flush mostly lived.
14-1	1212-1215	Yet	
14-2	1216-1218	it	
14-3	1219-1222	was	
14-4	1223-1225	in	
14-5	1226-1229	the	
14-6	1230-1235	world	
14-7	1236-1238	of	
14-8	1239-1244	smell	
14-9	1245-1249	that	
14-10	1250-1255	Flush	
14-11	1256-1262	mostly	
14-12	1263-1268	lived	
14-13	1268-1269	.	

#Text=Love was chiefly smell; form and colour were smell; music and architecture, law, politics and science were smell.
15-1	1270-1274	Love	
15-2	1275-1278	was	
15-3	1279-1286	chiefly	
15-4	1287-1292	smell	
15-5	1292-1293	;	
15-6	1294-1298	form	
15-7	1299-1302	and	
15-8	1303-1309	colour	
15-9	1310-1314	were	
15-10	1315-1320	smell	
15-11	1320-1321	;	
15-12	1322-1327	music	
15-13	1328-1331	and	
15-14	1332-1344	architecture	
15-15	1344-1345	,	
15-16	1346-1349	law	
15-17	1349-1350	,	
15-18	1351-1359	politics	
15-19	1360-1363	and	
15-20	1364-1371	science	
15-21	1372-1376	were	
15-22	1377-1382	smell	
15-23	1382-1383	.	

#Text=To him religion itself was smell.
16-1	1384-1386	To	
16-2	1387-1390	him	
16-3	1391-1399	religion	
16-4	1400-1406	itself	
16-5	1407-1410	was	
16-6	1411-1416	smell	
16-7	1416-1417	.	

#Text=To describe his simplest experience with the daily chop or biscuit is beyond our power.
17-1	1418-1420	To	
17-2	1421-1429	describe	
17-3	1430-1433	his	
17-4	1434-1442	simplest	
17-5	1443-1453	experience	
17-6	1454-1458	with	
17-7	1459-1462	the	
17-8	1463-1468	daily	
17-9	1469-1473	chop	
17-10	1474-1476	or	
17-11	1477-1484	biscuit	
17-12	1485-1487	is	
17-13	1488-1494	beyond	
17-14	1495-1498	our	
17-15	1499-1504	power	
17-16	1504-1505	.	

#Text=Not even Mr.
18-1	1506-1509	Not	
18-2	1510-1514	even	
18-3	1515-1517	Mr	
18-4	1517-1518	.	

#Text=Swinburne could have said what the smell of Wimpole Street meant to Flush on a hot afternoon in June.
19-1	1519-1528	Swinburne	
19-2	1529-1534	could	
19-3	1535-1539	have	
19-4	1540-1544	said	
19-5	1545-1549	what	
19-6	1550-1553	the	
19-7	1554-1559	smell	
19-8	1560-1562	of	
19-9	1563-1570	Wimpole	
19-10	1571-1577	Street	
19-11	1578-1583	meant	
19-12	1584-1586	to	
19-13	1587-1592	Flush	
19-14	1593-1595	on	
19-15	1596-1597	a	
19-16	1598-1601	hot	
19-17	1602-1611	afternoon	
19-18	1612-1614	in	
19-19	1615-1619	June	
19-20	1619-1620	.	

#Text=As for describing the smell of a spaniel mixed with the smell of torches, laurels, incense, banners, wax candles and a garland of rose leaves crushed by a satin heel that has been laid up in camphor, perhaps Shakespeare, had he paused in the middle of writing Antony and Cleopatra--But Shakespeare did not pause.
20-1	1621-1623	As	
20-2	1624-1627	for	
20-3	1628-1638	describing	
20-4	1639-1642	the	
20-5	1643-1648	smell	
20-6	1649-1651	of	
20-7	1652-1653	a	
20-8	1654-1661	spaniel	
20-9	1662-1667	mixed	
20-10	1668-1672	with	
20-11	1673-1676	the	
20-12	1677-1682	smell	
20-13	1683-1685	of	
20-14	1686-1693	torches	
20-15	1693-1694	,	
20-16	1695-1702	laurels	
20-17	1702-1703	,	
20-18	1704-1711	incense	
20-19	1711-1712	,	
20-20	1713-1720	banners	
20-21	1720-1721	,	
20-22	1722-1725	wax	
20-23	1726-1733	candles	
20-24	1734-1737	and	
20-25	1738-1739	a	
20-26	1740-1747	garland	
20-27	1748-1750	of	
20-28	1751-1755	rose	
20-29	1756-1762	leaves	
20-30	1763-1770	crushed	
20-31	1771-1773	by	
20-32	1774-1775	a	
20-33	1776-1781	satin	
20-34	1782-1786	heel	
20-35	1787-1791	that	
20-36	1792-1795	has	
20-37	1796-1800	been	
20-38	1801-1805	laid	
20-39	1806-1808	up	
20-40	1809-1811	in	
20-41	1812-1819	camphor	
20-42	1819-1820	,	
20-43	1821-1828	perhaps	
20-44	1829-1840	Shakespeare	
20-45	1840-1841	,	
20-46	1842-1845	had	
20-47	1846-1848	he	
20-48	1849-1855	paused	
20-49	1856-1858	in	
20-50	1859-1862	the	
20-51	1863-1869	middle	
20-52	1870-1872	of	
20-53	1873-1880	writing	
20-54	1881-1887	Antony	
20-55	1888-1891	and	
20-56	1892-1901	Cleopatra	
20-57	1901-1902	-	
20-58	1902-1903	-	
20-59	1903-1906	But	
20-60	1907-1918	Shakespeare	
20-61	1919-1922	did	
20-62	1923-1926	not	
20-63	1927-1932	pause	
20-64	1932-1933	.	

#Text=Confessing our inadequacy, then, we can but note that to Flush Italy, in these the fullest, the freest, the happiest years of his life, meant mainly a succession of smells.
21-1	1934-1944	Confessing	
21-2	1945-1948	our	
21-3	1949-1959	inadequacy	
21-4	1959-1960	,	
21-5	1961-1965	then	
21-6	1965-1966	,	
21-7	1967-1969	we	
21-8	1970-1973	can	
21-9	1974-1977	but	
21-10	1978-1982	note	
21-11	1983-1987	that	
21-12	1988-1990	to	
21-13	1991-1996	Flush	
21-14	1997-2002	Italy	
21-15	2002-2003	,	
21-16	2004-2006	in	
21-17	2007-2012	these	
21-18	2013-2016	the	
21-19	2017-2024	fullest	
21-20	2024-2025	,	
21-21	2026-2029	the	
21-22	2030-2036	freest	
21-23	2036-2037	,	
21-24	2038-2041	the	
21-25	2042-2050	happiest	
21-26	2051-2056	years	
21-27	2057-2059	of	
21-28	2060-2063	his	
21-29	2064-2068	life	
21-30	2068-2069	,	
21-31	2070-2075	meant	
21-32	2076-2082	mainly	
21-33	2083-2084	a	
21-34	2085-2095	succession	
21-35	2096-2098	of	
21-36	2099-2105	smells	
21-37	2105-2106	.	

#Text=Love, it must be supposed, was gradually losing its appeal.
22-1	2107-2111	Love	
22-2	2111-2112	,	
22-3	2113-2115	it	
22-4	2116-2120	must	
22-5	2121-2123	be	
22-6	2124-2132	supposed	
22-7	2132-2133	,	
22-8	2134-2137	was	
22-9	2138-2147	gradually	
22-10	2148-2154	losing	
22-11	2155-2158	its	
22-12	2159-2165	appeal	
22-13	2165-2166	.	

#Text=Smell remained.
23-1	2167-2172	Smell	
23-2	2173-2181	remained	
23-3	2181-2182	.	

#Text=Now that they were established in Casa Guidi again, all had their avocations.
24-1	2183-2186	Now	
24-2	2187-2191	that	
24-3	2192-2196	they	
24-4	2197-2201	were	
24-5	2202-2213	established	
24-6	2214-2216	in	
24-7	2217-2221	Casa	
24-8	2222-2227	Guidi	
24-9	2228-2233	again	
24-10	2233-2234	,	
24-11	2235-2238	all	
24-12	2239-2242	had	
24-13	2243-2248	their	
24-14	2249-2259	avocations	
24-15	2259-2260	.	

#Text=Mr.
25-1	2261-2263	Mr	
25-2	2263-2264	.	

#Text=Browning wrote regularly in one room; Mrs.
26-1	2265-2273	Browning	
26-2	2274-2279	wrote	
26-3	2280-2289	regularly	
26-4	2290-2292	in	
26-5	2293-2296	one	
26-6	2297-2301	room	
26-7	2301-2302	;	
26-8	2303-2306	Mrs	
26-9	2306-2307	.	

#Text=Browning wrote regularly in another.
27-1	2308-2316	Browning	
27-2	2317-2322	wrote	
27-3	2323-2332	regularly	
27-4	2333-2335	in	
27-5	2336-2343	another	
27-6	2343-2344	.	

#Text=The baby played in the nursery.
28-1	2345-2348	The	
28-2	2349-2353	baby	
28-3	2354-2360	played	
28-4	2361-2363	in	
28-5	2364-2367	the	
28-6	2368-2375	nursery	
28-7	2375-2376	.	

#Text=But Flush wandered off into the streets of Florence to enjoy the rapture of smell.
29-1	2377-2380	But	
29-2	2381-2386	Flush	
29-3	2387-2395	wandered	
29-4	2396-2399	off	
29-5	2400-2404	into	
29-6	2405-2408	the	
29-7	2409-2416	streets	
29-8	2417-2419	of	
29-9	2420-2428	Florence	
29-10	2429-2431	to	
29-11	2432-2437	enjoy	
29-12	2438-2441	the	
29-13	2442-2449	rapture	
29-14	2450-2452	of	
29-15	2453-2458	smell	
29-16	2458-2459	.	

#Text=He threaded his path through main streets and back streets, through squares and alleys, by smell.
30-1	2460-2462	He	
30-2	2463-2471	threaded	
30-3	2472-2475	his	
30-4	2476-2480	path	
30-5	2481-2488	through	
30-6	2489-2493	main	
30-7	2494-2501	streets	
30-8	2502-2505	and	
30-9	2506-2510	back	
30-10	2511-2518	streets	
30-11	2518-2519	,	
30-12	2520-2527	through	
30-13	2528-2535	squares	
30-14	2536-2539	and	
30-15	2540-2546	alleys	
30-16	2546-2547	,	
30-17	2548-2550	by	
30-18	2551-2556	smell	
30-19	2556-2557	.	

#Text=He nosed his way from smell to smell; the rough, the smooth, the dark, the golden.
31-1	2558-2560	He	
31-2	2561-2566	nosed	
31-3	2567-2570	his	
31-4	2571-2574	way	
31-5	2575-2579	from	
31-6	2580-2585	smell	
31-7	2586-2588	to	
31-8	2589-2594	smell	
31-9	2594-2595	;	
31-10	2596-2599	the	
31-11	2600-2605	rough	
31-12	2605-2606	,	
31-13	2607-2610	the	
31-14	2611-2617	smooth	
31-15	2617-2618	,	
31-16	2619-2622	the	
31-17	2623-2627	dark	
31-18	2627-2628	,	
31-19	2629-2632	the	
31-20	2633-2639	golden	
31-21	2639-2640	.	

#Text=He went in and out, up and down, where they beat brass, where they bake bread, where the women sit combing their hair, where the bird-cages are piled high on the causeway, where the wine spills itself in dark red stains on the pavement, where leather smells and harness and garlic, where cloth is beaten, where vine leaves tremble, where men sit and drink and spit and dice--he ran in and out, always with his nose to the ground, drinking in the essence; or with his nose in the air vibrating with the aroma.
32-1	2641-2643	He	
32-2	2644-2648	went	
32-3	2649-2651	in	
32-4	2652-2655	and	
32-5	2656-2659	out	
32-6	2659-2660	,	
32-7	2661-2663	up	
32-8	2664-2667	and	
32-9	2668-2672	down	
32-10	2672-2673	,	
32-11	2674-2679	where	
32-12	2680-2684	they	
32-13	2685-2689	beat	
32-14	2690-2695	brass	
32-15	2695-2696	,	
32-16	2697-2702	where	
32-17	2703-2707	they	
32-18	2708-2712	bake	
32-19	2713-2718	bread	
32-20	2718-2719	,	
32-21	2720-2725	where	
32-22	2726-2729	the	
32-23	2730-2735	women	
32-24	2736-2739	sit	
32-25	2740-2747	combing	
32-26	2748-2753	their	
32-27	2754-2758	hair	
32-28	2758-2759	,	
32-29	2760-2765	where	
32-30	2766-2769	the	
32-31	2770-2780	bird-cages	
32-32	2781-2784	are	
32-33	2785-2790	piled	
32-34	2791-2795	high	
32-35	2796-2798	on	
32-36	2799-2802	the	
32-37	2803-2811	causeway	
32-38	2811-2812	,	
32-39	2813-2818	where	
32-40	2819-2822	the	
32-41	2823-2827	wine	
32-42	2828-2834	spills	
32-43	2835-2841	itself	
32-44	2842-2844	in	
32-45	2845-2849	dark	
32-46	2850-2853	red	
32-47	2854-2860	stains	
32-48	2861-2863	on	
32-49	2864-2867	the	
32-50	2868-2876	pavement	
32-51	2876-2877	,	
32-52	2878-2883	where	
32-53	2884-2891	leather	
32-54	2892-2898	smells	
32-55	2899-2902	and	
32-56	2903-2910	harness	
32-57	2911-2914	and	
32-58	2915-2921	garlic	
32-59	2921-2922	,	
32-60	2923-2928	where	
32-61	2929-2934	cloth	
32-62	2935-2937	is	
32-63	2938-2944	beaten	
32-64	2944-2945	,	
32-65	2946-2951	where	
32-66	2952-2956	vine	
32-67	2957-2963	leaves	
32-68	2964-2971	tremble	
32-69	2971-2972	,	
32-70	2973-2978	where	
32-71	2979-2982	men	
32-72	2983-2986	sit	
32-73	2987-2990	and	
32-74	2991-2996	drink	
32-75	2997-3000	and	
32-76	3001-3005	spit	
32-77	3006-3009	and	
32-78	3010-3014	dice	
32-79	3014-3015	-	
32-80	3015-3016	-	
32-81	3016-3018	he	
32-82	3019-3022	ran	
32-83	3023-3025	in	
32-84	3026-3029	and	
32-85	3030-3033	out	
32-86	3033-3034	,	
32-87	3035-3041	always	
32-88	3042-3046	with	
32-89	3047-3050	his	
32-90	3051-3055	nose	
32-91	3056-3058	to	
32-92	3059-3062	the	
32-93	3063-3069	ground	
32-94	3069-3070	,	
32-95	3071-3079	drinking	
32-96	3080-3082	in	
32-97	3083-3086	the	
32-98	3087-3094	essence	
32-99	3094-3095	;	
32-100	3096-3098	or	
32-101	3099-3103	with	
32-102	3104-3107	his	
32-103	3108-3112	nose	
32-104	3113-3115	in	
32-105	3116-3119	the	
32-106	3120-3123	air	
32-107	3124-3133	vibrating	
32-108	3134-3138	with	
32-109	3139-3142	the	
32-110	3143-3148	aroma	
32-111	3148-3149	.	

#Text=He slept in this hot patch of sun--how sun made the stone reek!
33-1	3150-3152	He	
33-2	3153-3158	slept	
33-3	3159-3161	in	
33-4	3162-3166	this	
33-5	3167-3170	hot	
33-6	3171-3176	patch	
33-7	3177-3179	of	
33-8	3180-3183	sun	
33-9	3183-3184	-	
33-10	3184-3185	-	
33-11	3185-3188	how	
33-12	3189-3192	sun	
33-13	3193-3197	made	
33-14	3198-3201	the	
33-15	3202-3207	stone	
33-16	3208-3212	reek	
33-17	3212-3213	!	

#Text=he sought that tunnel of shade--how acid shade made the stone smell!
34-1	3214-3216	he	
34-2	3217-3223	sought	
34-3	3224-3228	that	
34-4	3229-3235	tunnel	
34-5	3236-3238	of	
34-6	3239-3244	shade	
34-7	3244-3245	-	
34-8	3245-3246	-	
34-9	3246-3249	how	
34-10	3250-3254	acid	
34-11	3255-3260	shade	
34-12	3261-3265	made	
34-13	3266-3269	the	
34-14	3270-3275	stone	
34-15	3276-3281	smell	
34-16	3281-3282	!	

#Text=He devoured whole bunches of ripe grapes largely because of their purple smell; he chewed and spat out whatever tough relic of goat or macaroni the Italian housewife had thrown from the balcony--goat and macaroni were raucous smells, crimson smells.
35-1	3283-3285	He	
35-2	3286-3294	devoured	
35-3	3295-3300	whole	
35-4	3301-3308	bunches	
35-5	3309-3311	of	
35-6	3312-3316	ripe	
35-7	3317-3323	grapes	
35-8	3324-3331	largely	
35-9	3332-3339	because	
35-10	3340-3342	of	
35-11	3343-3348	their	
35-12	3349-3355	purple	
35-13	3356-3361	smell	
35-14	3361-3362	;	
35-15	3363-3365	he	
35-16	3366-3372	chewed	
35-17	3373-3376	and	
35-18	3377-3381	spat	
35-19	3382-3385	out	
35-20	3386-3394	whatever	
35-21	3395-3400	tough	
35-22	3401-3406	relic	
35-23	3407-3409	of	
35-24	3410-3414	goat	
35-25	3415-3417	or	
35-26	3418-3426	macaroni	
35-27	3427-3430	the	
35-28	3431-3438	Italian	
35-29	3439-3448	housewife	
35-30	3449-3452	had	
35-31	3453-3459	thrown	
35-32	3460-3464	from	
35-33	3465-3468	the	
35-34	3469-3476	balcony	
35-35	3476-3477	-	
35-36	3477-3478	-	
35-37	3478-3482	goat	
35-38	3483-3486	and	
35-39	3487-3495	macaroni	
35-40	3496-3500	were	
35-41	3501-3508	raucous	
35-42	3509-3515	smells	
35-43	3515-3516	,	
35-44	3517-3524	crimson	
35-45	3525-3531	smells	
35-46	3531-3532	.	

#Text=He followed the swooning sweetness of incense into the violet intricacies of dark cathedrals; and, sniffing, tried to lap the gold on the window-stained tomb.
36-1	3533-3535	He	
36-2	3536-3544	followed	
36-3	3545-3548	the	
36-4	3549-3557	swooning	
36-5	3558-3567	sweetness	
36-6	3568-3570	of	
36-7	3571-3578	incense	
36-8	3579-3583	into	
36-9	3584-3587	the	
36-10	3588-3594	violet	
36-11	3595-3606	intricacies	
36-12	3607-3609	of	
36-13	3610-3614	dark	
36-14	3615-3625	cathedrals	
36-15	3625-3626	;	
36-16	3627-3630	and	
36-17	3630-3631	,	
36-18	3632-3640	sniffing	
36-19	3640-3641	,	
36-20	3642-3647	tried	
36-21	3648-3650	to	
36-22	3651-3654	lap	
36-23	3655-3658	the	
36-24	3659-3663	gold	
36-25	3664-3666	on	
36-26	3667-3670	the	
36-27	3671-3685	window-stained	
36-28	3686-3690	tomb	
36-29	3690-3691	.	

#Text=Nor was his sense of touch much less acute.
37-1	3692-3695	Nor	
37-2	3696-3699	was	
37-3	3700-3703	his	
37-4	3704-3709	sense	
37-5	3710-3712	of	
37-6	3713-3718	touch	
37-7	3719-3723	much	
37-8	3724-3728	less	
37-9	3729-3734	acute	
37-10	3734-3735	.	

#Text=He knew Florence in its marmoreal smoothness and in its gritty and cobbled roughness.
38-1	3736-3738	He	
38-2	3739-3743	knew	
38-3	3744-3752	Florence	
38-4	3753-3755	in	
38-5	3756-3759	its	
38-6	3760-3769	marmoreal	
38-7	3770-3780	smoothness	
38-8	3781-3784	and	
38-9	3785-3787	in	
38-10	3788-3791	its	
38-11	3792-3798	gritty	
38-12	3799-3802	and	
38-13	3803-3810	cobbled	
38-14	3811-3820	roughness	
38-15	3820-3821	.	

#Text=Hoary folds of drapery, smooth fingers and feet of stone received the lick of his tongue, the quiver of his shivering snout.
39-1	3822-3827	Hoary	
39-2	3828-3833	folds	
39-3	3834-3836	of	
39-4	3837-3844	drapery	
39-5	3844-3845	,	
39-6	3846-3852	smooth	
39-7	3853-3860	fingers	
39-8	3861-3864	and	
39-9	3865-3869	feet	
39-10	3870-3872	of	
39-11	3873-3878	stone	
39-12	3879-3887	received	
39-13	3888-3891	the	
39-14	3892-3896	lick	
39-15	3897-3899	of	
39-16	3900-3903	his	
39-17	3904-3910	tongue	
39-18	3910-3911	,	
39-19	3912-3915	the	
39-20	3916-3922	quiver	
39-21	3923-3925	of	
39-22	3926-3929	his	
39-23	3930-3939	shivering	
39-24	3940-3945	snout	
39-25	3945-3946	.	

#Text=Upon the infinitely sensitive pads of his feet he took the clear stamp of proud Latin inscriptions.
40-1	3947-3951	Upon	
40-2	3952-3955	the	
40-3	3956-3966	infinitely	
40-4	3967-3976	sensitive	
40-5	3977-3981	pads	
40-6	3982-3984	of	
40-7	3985-3988	his	
40-8	3989-3993	feet	
40-9	3994-3996	he	
40-10	3997-4001	took	
40-11	4002-4005	the	
40-12	4006-4011	clear	
40-13	4012-4017	stamp	
40-14	4018-4020	of	
40-15	4021-4026	proud	
40-16	4027-4032	Latin	
40-17	4033-4045	inscriptions	
40-18	4045-4046	.	

#Text=In short, he knew Florence as no human being has ever known it; as Ruskin never knew it or George Eliot either.
41-1	4047-4049	In	
41-2	4050-4055	short	
41-3	4055-4056	,	
41-4	4057-4059	he	
41-5	4060-4064	knew	
41-6	4065-4073	Florence	
41-7	4074-4076	as	
41-8	4077-4079	no	
41-9	4080-4085	human	
41-10	4086-4091	being	
41-11	4092-4095	has	
41-12	4096-4100	ever	
41-13	4101-4106	known	
41-14	4107-4109	it	
41-15	4109-4110	;	
41-16	4111-4113	as	
41-17	4114-4120	Ruskin	
41-18	4121-4126	never	
41-19	4127-4131	knew	
41-20	4132-4134	it	
41-21	4135-4137	or	
41-22	4138-4144	George	
41-23	4145-4150	Eliot	
41-24	4151-4157	either	
41-25	4157-4158	.	

#Text=He knew it as only the dumb know.
42-1	4159-4161	He	
42-2	4162-4166	knew	
42-3	4167-4169	it	
42-4	4170-4172	as	
42-5	4173-4177	only	
42-6	4178-4181	the	
42-7	4182-4186	dumb	
42-8	4187-4191	know	
42-9	4191-4192	.	

#Text=Not a single one of his myriad sensations ever submitted itself to the deformity of words.
43-1	4193-4196	Not	
43-2	4197-4198	a	
43-3	4199-4205	single	
43-4	4206-4209	one	
43-5	4210-4212	of	
43-6	4213-4216	his	
43-7	4217-4223	myriad	
43-8	4224-4234	sensations	
43-9	4235-4239	ever	
43-10	4240-4249	submitted	
43-11	4250-4256	itself	
43-12	4257-4259	to	
43-13	4260-4263	the	
43-14	4264-4273	deformity	
43-15	4274-4276	of	
43-16	4277-4282	words	
43-17	4282-4283	.	

#Text=But though it would be pleasant for the biographer to infer that Flush's life in late middle age was an orgy of pleasure transcending all description; to maintain that while the baby day by day picked up a new word and thus removed sensation a little further beyond reach, Flush was fated to remain for ever in a Paradise where essences exist in their utmost purity, and the naked soul of things presses on the naked nerve--it would not be true.
44-1	4285-4288	But	
44-2	4289-4295	though	
44-3	4296-4298	it	
44-4	4299-4304	would	
44-5	4305-4307	be	
44-6	4308-4316	pleasant	
44-7	4317-4320	for	
44-8	4321-4324	the	
44-9	4325-4335	biographer	
44-10	4336-4338	to	
44-11	4339-4344	infer	
44-12	4345-4349	that	
44-13	4350-4357	Flush's	
44-14	4358-4362	life	
44-15	4363-4365	in	
44-16	4366-4370	late	
44-17	4371-4377	middle	
44-18	4378-4381	age	
44-19	4382-4385	was	
44-20	4386-4388	an	
44-21	4389-4393	orgy	
44-22	4394-4396	of	
44-23	4397-4405	pleasure	
44-24	4406-4418	transcending	
44-25	4419-4422	all	
44-26	4423-4434	description	
44-27	4434-4435	;	
44-28	4436-4438	to	
44-29	4439-4447	maintain	
44-30	4448-4452	that	
44-31	4453-4458	while	
44-32	4459-4462	the	
44-33	4463-4467	baby	
44-34	4468-4471	day	
44-35	4472-4474	by	
44-36	4475-4478	day	
44-37	4479-4485	picked	
44-38	4486-4488	up	
44-39	4489-4490	a	
44-40	4491-4494	new	
44-41	4495-4499	word	
44-42	4500-4503	and	
44-43	4504-4508	thus	
44-44	4509-4516	removed	
44-45	4517-4526	sensation	
44-46	4527-4528	a	
44-47	4529-4535	little	
44-48	4536-4543	further	
44-49	4544-4550	beyond	
44-50	4551-4556	reach	
44-51	4556-4557	,	
44-52	4558-4563	Flush	
44-53	4564-4567	was	
44-54	4568-4573	fated	
44-55	4574-4576	to	
44-56	4577-4583	remain	
44-57	4584-4587	for	
44-58	4588-4592	ever	
44-59	4593-4595	in	
44-60	4596-4597	a	
44-61	4598-4606	Paradise	
44-62	4607-4612	where	
44-63	4613-4621	essences	
44-64	4622-4627	exist	
44-65	4628-4630	in	
44-66	4631-4636	their	
44-67	4637-4643	utmost	
44-68	4644-4650	purity	
44-69	4650-4651	,	
44-70	4652-4655	and	
44-71	4656-4659	the	
44-72	4660-4665	naked	
44-73	4666-4670	soul	
44-74	4671-4673	of	
44-75	4674-4680	things	
44-76	4681-4688	presses	
44-77	4689-4691	on	
44-78	4692-4695	the	
44-79	4696-4701	naked	
44-80	4702-4707	nerve	
44-81	4707-4708	-	
44-82	4708-4709	-	
44-83	4709-4711	it	
44-84	4712-4717	would	
44-85	4718-4721	not	
44-86	4722-4724	be	
44-87	4725-4729	true	
44-88	4729-4730	.	

#Text=Flush lived in no such Paradise.
45-1	4731-4736	Flush	
45-2	4737-4742	lived	
45-3	4743-4745	in	
45-4	4746-4748	no	
45-5	4749-4753	such	
45-6	4754-4762	Paradise	
45-7	4762-4763	.	

#Text=The spirit, ranging from star to star, the bird whose furthest flight over polar snows or tropical forests never brings it within sight of human houses and their curling wood-smoke, may, for anything we know, enjoy such immunity, such integrity of bliss.
46-1	4764-4767	The	
46-2	4768-4774	spirit	
46-3	4774-4775	,	
46-4	4776-4783	ranging	
46-5	4784-4788	from	
46-6	4789-4793	star	
46-7	4794-4796	to	
46-8	4797-4801	star	
46-9	4801-4802	,	
46-10	4803-4806	the	
46-11	4807-4811	bird	
46-12	4812-4817	whose	
46-13	4818-4826	furthest	
46-14	4827-4833	flight	
46-15	4834-4838	over	
46-16	4839-4844	polar	
46-17	4845-4850	snows	
46-18	4851-4853	or	
46-19	4854-4862	tropical	
46-20	4863-4870	forests	
46-21	4871-4876	never	
46-22	4877-4883	brings	
46-23	4884-4886	it	
46-24	4887-4893	within	
46-25	4894-4899	sight	
46-26	4900-4902	of	
46-27	4903-4908	human	
46-28	4909-4915	houses	
46-29	4916-4919	and	
46-30	4920-4925	their	
46-31	4926-4933	curling	
46-32	4934-4944	wood-smoke	
46-33	4944-4945	,	
46-34	4946-4949	may	
46-35	4949-4950	,	
46-36	4951-4954	for	
46-37	4955-4963	anything	
46-38	4964-4966	we	
46-39	4967-4971	know	
46-40	4971-4972	,	
46-41	4973-4978	enjoy	
46-42	4979-4983	such	
46-43	4984-4992	immunity	
46-44	4992-4993	,	
46-45	4994-4998	such	
46-46	4999-5008	integrity	
46-47	5009-5011	of	
46-48	5012-5017	bliss	
46-49	5017-5018	.	

#Text=But Flush had lain upon human knees and heard men's voices.
47-1	5019-5022	But	
47-2	5023-5028	Flush	
47-3	5029-5032	had	
47-4	5033-5037	lain	
47-5	5038-5042	upon	
47-6	5043-5048	human	
47-7	5049-5054	knees	
47-8	5055-5058	and	
47-9	5059-5064	heard	
47-10	5065-5070	men's	
47-11	5071-5077	voices	
47-12	5077-5078	.	

#Text=His flesh was veined with human passions; he knew all grades of jealousy, anger and despair.
48-1	5079-5082	His	
48-2	5083-5088	flesh	
48-3	5089-5092	was	
48-4	5093-5099	veined	
48-5	5100-5104	with	
48-6	5105-5110	human	
48-7	5111-5119	passions	
48-8	5119-5120	;	
48-9	5121-5123	he	
48-10	5124-5128	knew	
48-11	5129-5132	all	
48-12	5133-5139	grades	
48-13	5140-5142	of	
48-14	5143-5151	jealousy	
48-15	5151-5152	,	
48-16	5153-5158	anger	
48-17	5159-5162	and	
48-18	5163-5170	despair	
48-19	5170-5171	.	

#Text=Now in summer he was scourged by fleas.
49-1	5172-5175	Now	
49-2	5176-5178	in	
49-3	5179-5185	summer	
49-4	5186-5188	he	
49-5	5189-5192	was	
49-6	5193-5201	scourged	
49-7	5202-5204	by	
49-8	5205-5210	fleas	
49-9	5210-5211	.	

#Text=With a cruel irony the sun that ripened the grapes brought also the fleas. ". . .
50-1	5212-5216	With	
50-2	5217-5218	a	
50-3	5219-5224	cruel	
50-4	5225-5230	irony	
50-5	5231-5234	the	
50-6	5235-5238	sun	
50-7	5239-5243	that	
50-8	5244-5251	ripened	
50-9	5252-5255	the	
50-10	5256-5262	grapes	
50-11	5263-5270	brought	
50-12	5271-5275	also	
50-13	5276-5279	the	
50-14	5280-5285	fleas	
50-15	5285-5286	.	
50-16	5287-5288	"	
50-17	5288-5289	.	
50-18	5290-5291	.	
50-19	5292-5293	.	

#Text=Savonarola's martyrdom here in Florence," wrote Mrs.
51-1	5294-5306	Savonarola's	
51-2	5307-5316	martyrdom	
51-3	5317-5321	here	
51-4	5322-5324	in	
51-5	5325-5333	Florence	
51-6	5333-5334	,	
51-7	5334-5335	"	
51-8	5336-5341	wrote	
51-9	5342-5345	Mrs	
51-10	5345-5346	.	

#Text=Browning, "is scarcely worse than Flush's in the summer."
52-1	5347-5355	Browning	
52-2	5355-5356	,	
52-3	5357-5358	"	
52-4	5358-5360	is	
52-5	5361-5369	scarcely	
52-6	5370-5375	worse	
52-7	5376-5380	than	
52-8	5381-5388	Flush's	
52-9	5389-5391	in	
52-10	5392-5395	the	
52-11	5396-5402	summer	
52-12	5402-5403	.	
52-13	5403-5404	"	

#Text=Fleas leapt to life in every corner of the Florentine houses; they skipped and hopped out of every cranny of the old stone; out of every fold of old tapestry; out of every cloak, hat and blanket.
53-1	5405-5410	Fleas	
53-2	5411-5416	leapt	
53-3	5417-5419	to	
53-4	5420-5424	life	
53-5	5425-5427	in	
53-6	5428-5433	every	
53-7	5434-5440	corner	
53-8	5441-5443	of	
53-9	5444-5447	the	
53-10	5448-5458	Florentine	
53-11	5459-5465	houses	
53-12	5465-5466	;	
53-13	5467-5471	they	
53-14	5472-5479	skipped	
53-15	5480-5483	and	
53-16	5484-5490	hopped	
53-17	5491-5494	out	
53-18	5495-5497	of	
53-19	5498-5503	every	
53-20	5504-5510	cranny	
53-21	5511-5513	of	
53-22	5514-5517	the	
53-23	5518-5521	old	
53-24	5522-5527	stone	
53-25	5527-5528	;	
53-26	5529-5532	out	
53-27	5533-5535	of	
53-28	5536-5541	every	
53-29	5542-5546	fold	
53-30	5547-5549	of	
53-31	5550-5553	old	
53-32	5554-5562	tapestry	
53-33	5562-5563	;	
53-34	5564-5567	out	
53-35	5568-5570	of	
53-36	5571-5576	every	
53-37	5577-5582	cloak	
53-38	5582-5583	,	
53-39	5584-5587	hat	
53-40	5588-5591	and	
53-41	5592-5599	blanket	
53-42	5599-5600	.	

#Text=They nested in Flush's fur.
54-1	5601-5605	They	
54-2	5606-5612	nested	
54-3	5613-5615	in	
54-4	5616-5623	Flush's	
54-5	5624-5627	fur	
54-6	5627-5628	.	

#Text=They bit their way into the thickest of his coat.
55-1	5629-5633	They	
55-2	5634-5637	bit	
55-3	5638-5643	their	
55-4	5644-5647	way	
55-5	5648-5652	into	
55-6	5653-5656	the	
55-7	5657-5665	thickest	
55-8	5666-5668	of	
55-9	5669-5672	his	
55-10	5673-5677	coat	
55-11	5677-5678	.	

#Text=He scratched and tore.
56-1	5679-5681	He	
56-2	5682-5691	scratched	
56-3	5692-5695	and	
56-4	5696-5700	tore	
56-5	5700-5701	.	

#Text=His health suffered; he became morose, thin and feverish.
57-1	5702-5705	His	
57-2	5706-5712	health	
57-3	5713-5721	suffered	
57-4	5721-5722	;	
57-5	5723-5725	he	
57-6	5726-5732	became	
57-7	5733-5739	morose	
57-8	5739-5740	,	
57-9	5741-5745	thin	
57-10	5746-5749	and	
57-11	5750-5758	feverish	
57-12	5758-5759	.	

#Text=Miss Mitford was appealed to.
58-1	5760-5764	Miss	
58-2	5765-5772	Mitford	
58-3	5773-5776	was	
58-4	5777-5785	appealed	
58-5	5786-5788	to	
58-6	5788-5789	.	

#Text=What remedy was there, Mrs.
59-1	5790-5794	What	
59-2	5795-5801	remedy	
59-3	5802-5805	was	
59-4	5806-5811	there	
59-5	5811-5812	,	
59-6	5813-5816	Mrs	
59-7	5816-5817	.	

#Text=Browning wrote anxiously, for fleas?
60-1	5818-5826	Browning	
60-2	5827-5832	wrote	
60-3	5833-5842	anxiously	
60-4	5842-5843	,	
60-5	5844-5847	for	
60-6	5848-5853	fleas	
60-7	5853-5854	?	

#Text=Miss Mitford, still sitting in her greenhouse at Three Mile Cross, still writing tragedies, put down her pen and looked up her old prescriptions--what Mayflower had taken, what Rosebud.
61-1	5855-5859	Miss	
61-2	5860-5867	Mitford	
61-3	5867-5868	,	
61-4	5869-5874	still	
61-5	5875-5882	sitting	
61-6	5883-5885	in	
61-7	5886-5889	her	
61-8	5890-5900	greenhouse	
61-9	5901-5903	at	
61-10	5904-5909	Three	
61-11	5910-5914	Mile	
61-12	5915-5920	Cross	
61-13	5920-5921	,	
61-14	5922-5927	still	
61-15	5928-5935	writing	
61-16	5936-5945	tragedies	
61-17	5945-5946	,	
61-18	5947-5950	put	
61-19	5951-5955	down	
61-20	5956-5959	her	
61-21	5960-5963	pen	
61-22	5964-5967	and	
61-23	5968-5974	looked	
61-24	5975-5977	up	
61-25	5978-5981	her	
61-26	5982-5985	old	
61-27	5986-5999	prescriptions	
61-28	5999-6000	-	
61-29	6000-6001	-	
61-30	6001-6005	what	
61-31	6006-6015	Mayflower	
61-32	6016-6019	had	
61-33	6020-6025	taken	
61-34	6025-6026	,	
61-35	6027-6031	what	
61-36	6032-6039	Rosebud	
61-37	6039-6040	.	

#Text=But the fleas of Reading die at a pinch.
62-1	6041-6044	But	
62-2	6045-6048	the	
62-3	6049-6054	fleas	
62-4	6055-6057	of	
62-5	6058-6065	Reading	
62-6	6066-6069	die	
62-7	6070-6072	at	
62-8	6073-6074	a	
62-9	6075-6080	pinch	
62-10	6080-6081	.	

#Text=The fleas of Florence are red and virile.
63-1	6082-6085	The	
63-2	6086-6091	fleas	
63-3	6092-6094	of	
63-4	6095-6103	Florence	
63-5	6104-6107	are	
63-6	6108-6111	red	
63-7	6112-6115	and	
63-8	6116-6122	virile	
63-9	6122-6123	.	

#Text=To them Miss Mitford's powders might well have been snuff.
64-1	6124-6126	To	
64-2	6127-6131	them	
64-3	6132-6136	Miss	
64-4	6137-6146	Mitford's	
64-5	6147-6154	powders	
64-6	6155-6160	might	
64-7	6161-6165	well	
64-8	6166-6170	have	
64-9	6171-6175	been	
64-10	6176-6181	snuff	
64-11	6181-6182	.	

#Text=In despair Mr. and Mrs.
65-1	6183-6185	In	
65-2	6186-6193	despair	
65-3	6194-6196	Mr	
65-4	6196-6197	.	
65-5	6198-6201	and	
65-6	6202-6205	Mrs	
65-7	6205-6206	.	

#Text=Browning went down on their knees beside a pail of water and did their best to exorcise the pest with soap and scrubbing-brush.
66-1	6207-6215	Browning	
66-2	6216-6220	went	
66-3	6221-6225	down	
66-4	6226-6228	on	
66-5	6229-6234	their	
66-6	6235-6240	knees	
66-7	6241-6247	beside	
66-8	6248-6249	a	
66-9	6250-6254	pail	
66-10	6255-6257	of	
66-11	6258-6263	water	
66-12	6264-6267	and	
66-13	6268-6271	did	
66-14	6272-6277	their	
66-15	6278-6282	best	
66-16	6283-6285	to	
66-17	6286-6294	exorcise	
66-18	6295-6298	the	
66-19	6299-6303	pest	
66-20	6304-6308	with	
66-21	6309-6313	soap	
66-22	6314-6317	and	
66-23	6318-6333	scrubbing-brush	
66-24	6333-6334	.	

#Text=It was in vain.
67-1	6335-6337	It	
67-2	6338-6341	was	
67-3	6342-6344	in	
67-4	6345-6349	vain	
67-5	6349-6350	.	

#Text=At last one day Mr.
68-1	6351-6353	At	
68-2	6354-6358	last	
68-3	6359-6362	one	
68-4	6363-6366	day	
68-5	6367-6369	Mr	
68-6	6369-6370	.	

#Text=Browning, taking Flush for a walk, noticed that people pointed; he heard one man lay a finger to his nose and whisper "La rogna" (mange).
69-1	6371-6379	Browning	
69-2	6379-6380	,	
69-3	6381-6387	taking	
69-4	6388-6393	Flush	
69-5	6394-6397	for	
69-6	6398-6399	a	
69-7	6400-6404	walk	
69-8	6404-6405	,	
69-9	6406-6413	noticed	
69-10	6414-6418	that	
69-11	6419-6425	people	
69-12	6426-6433	pointed	
69-13	6433-6434	;	
69-14	6435-6437	he	
69-15	6438-6443	heard	
69-16	6444-6447	one	
69-17	6448-6451	man	
69-18	6452-6455	lay	
69-19	6456-6457	a	
69-20	6458-6464	finger	
69-21	6465-6467	to	
69-22	6468-6471	his	
69-23	6472-6476	nose	
69-24	6477-6480	and	
69-25	6481-6488	whisper	
69-26	6489-6490	"	
69-27	6490-6492	La	
69-28	6493-6498	rogna	
69-29	6498-6499	"	
69-30	6500-6501	(	
69-31	6501-6506	mange	
69-32	6506-6507	)	
69-33	6507-6508	.	

#Text=As by this time "Robert is as fond of Flush as I am," to take his walk of an afternoon with a friend and to hear him thus stigmatised was intolerable.
70-1	6509-6511	As	
70-2	6512-6514	by	
70-3	6515-6519	this	
70-4	6520-6524	time	
70-5	6525-6526	"	
70-6	6526-6532	Robert	
70-7	6533-6535	is	
70-8	6536-6538	as	
70-9	6539-6543	fond	
70-10	6544-6546	of	
70-11	6547-6552	Flush	
70-12	6553-6555	as	
70-13	6556-6557	I	
70-14	6558-6560	am	
70-15	6560-6561	,	
70-16	6561-6562	"	
70-17	6563-6565	to	
70-18	6566-6570	take	
70-19	6571-6574	his	
70-20	6575-6579	walk	
70-21	6580-6582	of	
70-22	6583-6585	an	
70-23	6586-6595	afternoon	
70-24	6596-6600	with	
70-25	6601-6602	a	
70-26	6603-6609	friend	
70-27	6610-6613	and	
70-28	6614-6616	to	
70-29	6617-6621	hear	
70-30	6622-6625	him	
70-31	6626-6630	thus	
70-32	6631-6642	stigmatised	
70-33	6643-6646	was	
70-34	6647-6658	intolerable	
70-35	6658-6659	.	

#Text=Robert, his wife wrote, "wouldn't bear it any longer."
71-1	6660-6666	Robert	
71-2	6666-6667	,	
71-3	6668-6671	his	
71-4	6672-6676	wife	
71-5	6677-6682	wrote	
71-6	6682-6683	,	
71-7	6684-6685	"	
71-8	6685-6693	wouldn't	
71-9	6694-6698	bear	
71-10	6699-6701	it	
71-11	6702-6705	any	
71-12	6706-6712	longer	
71-13	6712-6713	.	
71-14	6713-6714	"	

#Text=Only one remedy remained, but it was a remedy that was almost as drastic as the disease itself.
72-1	6715-6719	Only	
72-2	6720-6723	one	
72-3	6724-6730	remedy	
72-4	6731-6739	remained	
72-5	6739-6740	,	
72-6	6741-6744	but	
72-7	6745-6747	it	
72-8	6748-6751	was	
72-9	6752-6753	a	
72-10	6754-6760	remedy	
72-11	6761-6765	that	
72-12	6766-6769	was	
72-13	6770-6776	almost	
72-14	6777-6779	as	
72-15	6780-6787	drastic	
72-16	6788-6790	as	
72-17	6791-6794	the	
72-18	6795-6802	disease	
72-19	6803-6809	itself	
72-20	6809-6810	.	

#Text=However democratic Flush had become and careless of the signs of rank, he still remained what Philip Sidney had called him, a gentleman by birth.
73-1	6811-6818	However	
73-2	6819-6829	democratic	
73-3	6830-6835	Flush	
73-4	6836-6839	had	
73-5	6840-6846	become	
73-6	6847-6850	and	
73-7	6851-6859	careless	
73-8	6860-6862	of	
73-9	6863-6866	the	
73-10	6867-6872	signs	
73-11	6873-6875	of	
73-12	6876-6880	rank	
73-13	6880-6881	,	
73-14	6882-6884	he	
73-15	6885-6890	still	
73-16	6891-6899	remained	
73-17	6900-6904	what	
73-18	6905-6911	Philip	
73-19	6912-6918	Sidney	
73-20	6919-6922	had	
73-21	6923-6929	called	
73-22	6930-6933	him	
73-23	6933-6934	,	
73-24	6935-6936	a	
73-25	6937-6946	gentleman	
73-26	6947-6949	by	
73-27	6950-6955	birth	
73-28	6955-6956	.	
