#FORMAT=WebAnno TSV 3.3


#Text=Curry Powder is ordinarily a mixture of turmeric, black
#Text=pepper, coriander seeds, cayenne, cardamoms, cumin, fenugreek, ginger, allspice, and cloves.
1-1	0-5	Curry	
1-2	6-12	Powder	
1-3	13-15	is	
1-4	16-26	ordinarily	
1-5	27-28	a	
1-6	29-36	mixture	
1-7	37-39	of	
1-8	40-48	turmeric	
1-9	48-49	,	
1-10	50-55	black	
1-11	56-62	pepper	
1-12	62-63	,	
1-13	64-73	coriander	
1-14	74-79	seeds	
1-15	79-80	,	
1-16	81-88	cayenne	
1-17	88-89	,	
1-18	90-99	cardamoms	
1-19	99-100	,	
1-20	101-106	cumin	
1-21	106-107	,	
1-22	108-117	fenugreek	
1-23	117-118	,	
1-24	119-125	ginger	
1-25	125-126	,	
1-26	127-135	allspice	
1-27	135-136	,	
1-28	137-140	and	
1-29	141-147	cloves	
1-30	147-148	.	

#Text=Turmeric, the ingredient
#Text=furnishing the colouring matter, forms the largest proportion.
2-1	149-157	Turmeric	
2-2	157-158	,	
2-3	159-162	the	
2-4	163-173	ingredient	
2-5	174-184	furnishing	
2-6	185-188	the	
2-7	189-198	colouring	
2-8	199-205	matter	
2-9	205-206	,	
2-10	207-212	forms	
2-11	213-216	the	
2-12	217-224	largest	
2-13	225-235	proportion	
2-14	235-236	.	

#Text=There is only a small quantity of cayenne, cardamoms,
#Text=cumin, and fenugreek.
3-1	237-242	There	
3-2	243-245	is	
3-3	246-250	only	
3-4	251-252	a	
3-5	253-258	small	
3-6	259-267	quantity	
3-7	268-270	of	
3-8	271-278	cayenne	
3-9	278-279	,	
3-10	280-289	cardamoms	
3-11	289-290	,	
3-12	291-296	cumin	
3-13	296-297	,	
3-14	298-301	and	
3-15	302-311	fenugreek	
3-16	311-312	.	

#Text=Ginger, allspice, and cloves are often
#Text=omitted.
4-1	313-319	Ginger	
4-2	319-320	,	
4-3	321-329	allspice	
4-4	329-330	,	
4-5	331-334	and	
4-6	335-341	cloves	
4-7	342-345	are	
4-8	346-351	often	
4-9	352-359	omitted	
4-10	359-360	.	

#Text=Turmeric powder is obtained from the Curucma
#Text=longa.
5-1	361-369	Turmeric	
5-2	370-376	powder	
5-3	377-379	is	
5-4	380-388	obtained	
5-5	389-393	from	
5-6	394-397	the	
5-7	398-405	Curucma	
5-8	406-411	longa	
5-9	411-412	.	

#Text=The ground turners of the plant are dried and
#Text=ground to flour.
6-1	413-416	The	
6-2	417-423	ground	
6-3	424-431	turners	
6-4	432-434	of	
6-5	435-438	the	
6-6	439-444	plant	
6-7	445-448	are	
6-8	449-454	dried	
6-9	455-458	and	
6-10	459-465	ground	
6-11	466-468	to	
6-12	469-474	flour	
6-13	474-475	.	

#Text=It is said to be adulterated with alkali to
#Text=heighten the colour, and with yellow ochre.
7-1	476-478	It	
7-2	479-481	is	
7-3	482-486	said	
7-4	487-489	to	
7-5	490-492	be	
7-6	493-504	adulterated	
7-7	505-509	with	
7-8	510-516	alkali	
7-9	517-519	to	
7-10	520-528	heighten	
7-11	529-532	the	
7-12	533-539	colour	
7-13	539-540	,	
7-14	541-544	and	
7-15	545-549	with	
7-16	550-556	yellow	
7-17	557-562	ochre	
7-18	562-563	.	

#Text=The fruit of the coriander is round, and nearly as large as white pepper.
8-1	565-568	The	
8-2	569-574	fruit	
8-3	575-577	of	
8-4	578-581	the	
8-5	582-591	coriander	
8-6	592-594	is	
8-7	595-600	round	
8-8	600-601	,	
8-9	602-605	and	
8-10	606-612	nearly	
8-11	613-615	as	
8-12	616-621	large	
8-13	622-624	as	
8-14	625-630	white	
8-15	631-637	pepper	
8-16	637-638	.	

#Text=It contains two brown-coloured hemispherical seeds, having
#Text=an aromatic taste and odour.
9-1	639-641	It	
9-2	642-650	contains	
9-3	651-654	two	
9-4	655-669	brown-coloured	
9-5	670-683	hemispherical	
9-6	684-689	seeds	
9-7	689-690	,	
9-8	691-697	having	
9-9	698-700	an	
9-10	701-709	aromatic	
9-11	710-715	taste	
9-12	716-719	and	
9-13	720-725	odour	
9-14	725-726	.	

#Text=The seed-vessels, or pods, of
#Text=cardamom are of triangular form, each containing several
#Text=hard, reddish-brown seeds, having a pungent taste, and
#Text=popularly known as "grains of paradise."
10-1	727-730	The	
10-2	731-743	seed-vessels	
10-3	743-744	,	
10-4	745-747	or	
10-5	748-752	pods	
10-6	752-753	,	
10-7	754-756	of	
10-8	757-765	cardamom	
10-9	766-769	are	
10-10	770-772	of	
10-11	773-783	triangular	
10-12	784-788	form	
10-13	788-789	,	
10-14	790-794	each	
10-15	795-805	containing	
10-16	806-813	several	
10-17	814-818	hard	
10-18	818-819	,	
10-19	820-833	reddish-brown	
10-20	834-839	seeds	
10-21	839-840	,	
10-22	841-847	having	
10-23	848-849	a	
10-24	850-857	pungent	
10-25	858-863	taste	
10-26	863-864	,	
10-27	865-868	and	
10-28	869-878	popularly	
10-29	879-884	known	
10-30	885-887	as	
10-31	888-889	"	
10-32	889-895	grains	
10-33	896-898	of	
10-34	899-907	paradise	
10-35	907-908	.	
10-36	908-909	"	

#Text=Cumin and fenugreek seeds are aromatic seeds having a peculiar medicinal
#Text=taste and odour.
11-1	910-915	Cumin	
11-2	916-919	and	
11-3	920-929	fenugreek	
11-4	930-935	seeds	
11-5	936-939	are	
11-6	940-948	aromatic	
11-7	949-954	seeds	
11-8	955-961	having	
11-9	962-963	a	
11-10	964-972	peculiar	
11-11	973-982	medicinal	
11-12	983-988	taste	
11-13	989-992	and	
11-14	993-998	odour	
11-15	998-999	.	

#Text=The characteristic flavour of curry is due
#Text=largely to the cumin it contains.
12-1	1000-1003	The	
12-2	1004-1018	characteristic	
12-3	1019-1026	flavour	
12-4	1027-1029	of	
12-5	1030-1035	curry	
12-6	1036-1038	is	
12-7	1039-1042	due	
12-8	1043-1050	largely	
12-9	1051-1053	to	
12-10	1054-1057	the	
12-11	1058-1063	cumin	
12-12	1064-1066	it	
12-13	1067-1075	contains	
12-14	1075-1076	.	

#Text=Curry has been found to
#Text=be adulterated with ground rice, potato starch, common salt,
#Text=red lead, and ferruginous earths.
13-1	1077-1082	Curry	
13-2	1083-1086	has	
13-3	1087-1091	been	
13-4	1092-1097	found	
13-5	1098-1100	to	
13-6	1101-1103	be	
13-7	1104-1115	adulterated	
13-8	1116-1120	with	
13-9	1121-1127	ground	
13-10	1128-1132	rice	
13-11	1132-1133	,	
13-12	1134-1140	potato	
13-13	1141-1147	starch	
13-14	1147-1148	,	
13-15	1149-1155	common	
13-16	1156-1160	salt	
13-17	1160-1161	,	
13-18	1162-1165	red	
13-19	1166-1170	lead	
13-20	1170-1171	,	
13-21	1172-1175	and	
13-22	1176-1187	ferruginous	
13-23	1188-1194	earths	
13-24	1194-1195	.	

#Text=Olive Oil is expressed from olives, the fruit of a well-known
#Text=tree cultivated in many European countries.
14-1	1197-1202	Olive	
14-2	1203-1206	Oil	
14-3	1207-1209	is	
14-4	1210-1219	expressed	
14-5	1220-1224	from	
14-6	1225-1231	olives	
14-7	1231-1232	,	
14-8	1233-1236	the	
14-9	1237-1242	fruit	
14-10	1243-1245	of	
14-11	1246-1247	a	
14-12	1248-1258	well-known	
14-13	1259-1263	tree	
14-14	1264-1274	cultivated	
14-15	1275-1277	in	
14-16	1278-1282	many	
14-17	1283-1291	European	
14-18	1292-1301	countries	
14-19	1301-1302	.	

#Text=Olives should
#Text=furnish from 20 to 25 per cent, of their weight of oil, but
#Text=the whole yield is not usually of the same quality.
15-1	1303-1309	Olives	
15-2	1310-1316	should	
15-3	1317-1324	furnish	
15-4	1325-1329	from	
15-5	1330-1332	20	
15-6	1333-1335	to	
15-7	1336-1338	25	
15-8	1339-1342	per	
15-9	1343-1347	cent	
15-10	1347-1348	,	
15-11	1349-1351	of	
15-12	1352-1357	their	
15-13	1358-1364	weight	
15-14	1365-1367	of	
15-15	1368-1371	oil	
15-16	1371-1372	,	
15-17	1373-1376	but	
15-18	1377-1380	the	
15-19	1381-1386	whole	
15-20	1387-1392	yield	
15-21	1393-1395	is	
15-22	1396-1399	not	
15-23	1400-1407	usually	
15-24	1408-1410	of	
15-25	1411-1414	the	
15-26	1415-1419	same	
15-27	1420-1427	quality	
15-28	1427-1428	.	

#Text=The
#Text=pure oil is pale yellow, transparent, of agreeable odour and
#Text=bland taste.
16-1	1429-1432	The	
16-2	1433-1437	pure	
16-3	1438-1441	oil	
16-4	1442-1444	is	
16-5	1445-1449	pale	
16-6	1450-1456	yellow	
16-7	1456-1457	,	
16-8	1458-1469	transparent	
16-9	1469-1470	,	
16-10	1471-1473	of	
16-11	1474-1483	agreeable	
16-12	1484-1489	odour	
16-13	1490-1493	and	
16-14	1494-1499	bland	
16-15	1500-1505	taste	
16-16	1505-1506	.	

#Text=It keeps well, being little liable to become
#Text=rancid.
17-1	1507-1509	It	
17-2	1510-1515	keeps	
17-3	1516-1520	well	
17-4	1520-1521	,	
17-5	1522-1527	being	
17-6	1528-1534	little	
17-7	1535-1541	liable	
17-8	1542-1544	to	
17-9	1545-1551	become	
17-10	1552-1558	rancid	
17-11	1558-1559	.	

#Text=Olive oil is not infrequently adulterated with cotton-seed
#Text=oil, rape oil, and other cheap vegetable oils.
18-1	1562-1567	Olive	
18-2	1568-1571	oil	
18-3	1572-1574	is	
18-4	1575-1578	not	
18-5	1579-1591	infrequently	
18-6	1592-1603	adulterated	
18-7	1604-1608	with	
18-8	1609-1620	cotton-seed	
18-9	1621-1624	oil	
18-10	1624-1625	,	
18-11	1626-1630	rape	
18-12	1631-1634	oil	
18-13	1634-1635	,	
18-14	1636-1639	and	
18-15	1640-1645	other	
18-16	1646-1651	cheap	
18-17	1652-1661	vegetable	
18-18	1662-1666	oils	
18-19	1666-1667	.	

#Text=Taking the
#Text=specific gravity is often sufficient to show there is an adulterant present, and to warrant the food inspector in sending
#Text=a sample to an expert.
19-1	1668-1674	Taking	
19-2	1675-1678	the	
19-3	1679-1687	specific	
19-4	1688-1695	gravity	
19-5	1696-1698	is	
19-6	1699-1704	often	
19-7	1705-1715	sufficient	
19-8	1716-1718	to	
19-9	1719-1723	show	
19-10	1724-1729	there	
19-11	1730-1732	is	
19-12	1733-1735	an	
19-13	1736-1746	adulterant	
19-14	1747-1754	present	
19-15	1754-1755	,	
19-16	1756-1759	and	
19-17	1760-1762	to	
19-18	1763-1770	warrant	
19-19	1771-1774	the	
19-20	1775-1779	food	
19-21	1780-1789	inspector	
19-22	1790-1792	in	
19-23	1793-1800	sending	
19-24	1801-1802	a	
19-25	1803-1809	sample	
19-26	1810-1812	to	
19-27	1813-1815	an	
19-28	1816-1822	expert	
19-29	1822-1823	.	

#Text=The specific gravity of olive oil is
#Text=917-6 at 59 deg.
20-1	1824-1827	The	
20-2	1828-1836	specific	
20-3	1837-1844	gravity	
20-4	1845-1847	of	
20-5	1848-1853	olive	
20-6	1854-1857	oil	
20-7	1858-1860	is	
20-8	1861-1864	917	
20-9	1864-1865	-	
20-10	1865-1866	6	
20-11	1867-1869	at	
20-12	1870-1872	59	
20-13	1873-1876	deg	
20-14	1876-1877	.	

#Text=Fah.
21-1	1878-1881	Fah	
21-2	1881-1882	.	

#Text=Vinegar. — Commercial vinegar is a more or less impure
#Text=acetic acid.
22-1	1884-1891	Vinegar	
22-2	1891-1892	.	
22-3	1893-1894	—	
22-4	1895-1905	Commercial	
22-5	1906-1913	vinegar	
22-6	1914-1916	is	
22-7	1917-1918	a	
22-8	1919-1923	more	
22-9	1924-1926	or	
22-10	1927-1931	less	
22-11	1932-1938	impure	
22-12	1939-1945	acetic	
22-13	1946-1950	acid	
22-14	1950-1951	.	

#Text=Besides acetic acid it usually contains some
#Text=alcohol, acetic ether, sugar, gum, various salts, &c, its composition depending to some extent on the substances from
#Text=which it has been produced.
23-1	1952-1959	Besides	
23-2	1960-1966	acetic	
23-3	1967-1971	acid	
23-4	1972-1974	it	
23-5	1975-1982	usually	
23-6	1983-1991	contains	
23-7	1992-1996	some	
23-8	1997-2004	alcohol	
23-9	2004-2005	,	
23-10	2006-2012	acetic	
23-11	2013-2018	ether	
23-12	2018-2019	,	
23-13	2020-2025	sugar	
23-14	2025-2026	,	
23-15	2027-2030	gum	
23-16	2030-2031	,	
23-17	2032-2039	various	
23-18	2040-2045	salts	
23-19	2045-2046	,	
23-20	2047-2048	&	
23-21	2048-2049	c	
23-22	2049-2050	,	
23-23	2051-2054	its	
23-24	2055-2066	composition	
23-25	2067-2076	depending	
23-26	2077-2079	to	
23-27	2080-2084	some	
23-28	2085-2091	extent	
23-29	2092-2094	on	
23-30	2095-2098	the	
23-31	2099-2109	substances	
23-32	2110-2114	from	
23-33	2115-2120	which	
23-34	2121-2123	it	
23-35	2124-2127	has	
23-36	2128-2132	been	
23-37	2133-2141	produced	
23-38	2141-2142	.	

#Text=The different varieties of vinegar, according to their
#Text=source, are malt, wine, cider, beet, sugar, and wood vinegars.
24-1	2144-2147	The	
24-2	2148-2157	different	
24-3	2158-2167	varieties	
24-4	2168-2170	of	
24-5	2171-2178	vinegar	
24-6	2178-2179	,	
24-7	2180-2189	according	
24-8	2190-2192	to	
24-9	2193-2198	their	
24-10	2199-2205	source	
24-11	2205-2206	,	
24-12	2207-2210	are	
24-13	2211-2215	malt	
24-14	2215-2216	,	
24-15	2217-2221	wine	
24-16	2221-2222	,	
24-17	2223-2228	cider	
24-18	2228-2229	,	
24-19	2230-2234	beet	
24-20	2234-2235	,	
24-21	2236-2241	sugar	
24-22	2241-2242	,	
24-23	2243-2246	and	
24-24	2247-2251	wood	
24-25	2252-2260	vinegars	
24-26	2260-2261	.	

#Text=Acetic acid is the volatile principle in all, to the presence of
#Text=which vinegar mainly owes its aroma and pungency.
25-1	2262-2268	Acetic	
25-2	2269-2273	acid	
25-3	2274-2276	is	
25-4	2277-2280	the	
25-5	2281-2289	volatile	
25-6	2290-2299	principle	
25-7	2300-2302	in	
25-8	2303-2306	all	
25-9	2306-2307	,	
25-10	2308-2310	to	
25-11	2311-2314	the	
25-12	2315-2323	presence	
25-13	2324-2326	of	
25-14	2327-2332	which	
25-15	2333-2340	vinegar	
25-16	2341-2347	mainly	
25-17	2348-2352	owes	
25-18	2353-2356	its	
25-19	2357-2362	aroma	
25-20	2363-2366	and	
25-21	2367-2375	pungency	
25-22	2375-2376	.	

#Text=It
#Text=may be generated by the fermentation  of many vegetable
#Text=and some animal substances.
26-1	2377-2379	It	
26-2	2380-2383	may	
26-3	2384-2386	be	
26-4	2387-2396	generated	
26-5	2397-2399	by	
26-6	2400-2403	the	
26-7	2404-2416	fermentation	
26-8	2418-2420	of	
26-9	2421-2425	many	
26-10	2426-2435	vegetable	
26-11	2436-2439	and	
26-12	2440-2444	some	
26-13	2445-2451	animal	
26-14	2452-2462	substances	
26-15	2462-2463	.	

#Text=Any vegetable infusion
#Text=capable of yielding alcohol will furnish vinegar.
27-1	2464-2467	Any	
27-2	2468-2477	vegetable	
27-3	2478-2486	infusion	
27-4	2487-2494	capable	
27-5	2495-2497	of	
27-6	2498-2506	yielding	
27-7	2507-2514	alcohol	
27-8	2515-2519	will	
27-9	2520-2527	furnish	
27-10	2528-2535	vinegar	
27-11	2535-2536	.	
