#FORMAT=WebAnno TSV 3.3


#Text=+
#Text=
#Text=
#Text=hier nog eene bedenking te opperen, van zeker Hoogleeraar in de Natuurkunde,
#Text=my medegedeeld.
1-1	3-4	+	
1-2	7-11	hier	
1-3	12-15	nog	
1-4	16-20	eene	
1-5	21-30	bedenking	
1-6	31-33	te	
1-7	34-41	opperen	
1-8	41-42	,	
1-9	43-46	van	
1-10	47-52	zeker	
1-11	53-64	Hoogleeraar	
1-12	65-67	in	
1-13	68-70	de	
1-14	71-82	Natuurkunde	
1-15	82-83	,	
1-16	84-86	my	
1-17	87-98	medegedeeld	
1-18	98-99	.	

#Text=Na dat ik hem deeze myne Verhandeling had overgegeeven, +DE WINDEN, ENZ.
#Text=en het gevoelen, zoo van den Hoogleeraar M U S S C H E N B R O E K , als van den
#Text=
#Text=Heer
#Text=D R Y F H O U T
#Text=voorgesteld, om daar omtrent, gelyk ook wegens de andere
#Text=Stoffen van dien aart, niet alleen op my zelven te vertrouwen, zoo ontving ik,
#Text=benevens
#Text=een heusch antwoord, eene zeer aanmerkelyke bedenking, en proeve,
#Text=toepasselyk op dit onderwerp; welke ik alhier woordelyk, uit de Fransche taale in
#Text=het Nederduitsch overgebragt, zal laaten volgen
2-1	100-102	Na	
2-2	103-106	dat	
2-3	107-109	ik	
2-4	110-113	hem	
2-5	114-119	deeze	
2-6	120-124	myne	
2-7	125-137	Verhandeling	
2-8	138-141	had	
2-9	142-154	overgegeeven	
2-10	154-155	,	
2-11	156-157	+	
2-12	157-159	DE	
2-13	160-166	WINDEN	
2-14	166-167	,	
2-15	168-171	ENZ	
2-16	171-172	.	
2-17	173-175	en	
2-18	176-179	het	
2-19	180-188	gevoelen	
2-20	188-189	,	
2-21	190-193	zoo	
2-22	194-197	van	
2-23	198-201	den	
2-24	202-213	Hoogleeraar	
2-25	214-215	M	
2-26	216-217	U	
2-27	218-219	S	
2-28	220-221	S	
2-29	222-223	C	
2-30	224-225	H	
2-31	226-227	E	
2-32	228-229	N	
2-33	230-231	B	
2-34	232-233	R	
2-35	234-235	O	
2-36	236-237	E	
2-37	238-239	K	
2-38	240-241	,	
2-39	242-245	als	
2-40	246-249	van	
2-41	250-253	den	
2-42	255-259	Heer	
2-43	260-261	D	
2-44	262-263	R	
2-45	264-265	Y	
2-46	266-267	F	
2-47	268-269	H	
2-48	270-271	O	
2-49	272-273	U	
2-50	274-275	T	
2-51	276-287	voorgesteld	
2-52	287-288	,	
2-53	289-291	om	
2-54	292-296	daar	
2-55	297-304	omtrent	
2-56	304-305	,	
2-57	306-311	gelyk	
2-58	312-315	ook	
2-59	316-322	wegens	
2-60	323-325	de	
2-61	326-332	andere	
2-62	333-340	Stoffen	
2-63	341-344	van	
2-64	345-349	dien	
2-65	350-354	aart	
2-66	354-355	,	
2-67	356-360	niet	
2-68	361-367	alleen	
2-69	368-370	op	
2-70	371-373	my	
2-71	374-380	zelven	
2-72	381-383	te	
2-73	384-394	vertrouwen	
2-74	394-395	,	
2-75	396-399	zoo	
2-76	400-407	ontving	
2-77	408-410	ik	
2-78	410-411	,	
2-79	412-420	benevens	
2-80	421-424	een	
2-81	425-431	heusch	
2-82	432-440	antwoord	
2-83	440-441	,	
2-84	442-446	eene	
2-85	447-451	zeer	
2-86	452-464	aanmerkelyke	
2-87	465-474	bedenking	
2-88	474-475	,	
2-89	476-478	en	
2-90	479-485	proeve	
2-91	485-486	,	
2-92	487-498	toepasselyk	
2-93	499-501	op	
2-94	502-505	dit	
2-95	506-515	onderwerp	
2-96	515-516	;	
2-97	517-522	welke	
2-98	523-525	ik	
2-99	526-532	alhier	
2-100	533-542	woordelyk	
2-101	542-543	,	
2-102	544-547	uit	
2-103	548-550	de	
2-104	551-559	Fransche	
2-105	560-565	taale	
2-106	566-568	in	
2-107	569-572	het	
2-108	573-585	Nederduitsch	
2-109	586-597	overgebragt	
2-110	597-598	,	
2-111	599-602	zal	
2-112	603-609	laaten	
2-113	610-616	volgen	

#Text=.
3-1	616-617	.	

#Text=‘
#Text=Onder de uitwerksels van den Wind, na gesproken te hebben over de Hoozen,
#Text=(Trombes de Mer,) zoud gy een woord kunnen zeggen, van het geene 'er gebeurt,
#Text=wanneer de wind eene wolk, met Electrike stoffen gelaaden, aanstuuwt tegens eene
#Text=andere die niet Electriek is.
4-1	619-620	‘	
4-2	621-626	Onder	
4-3	627-629	de	
4-4	630-641	uitwerksels	
4-5	642-645	van	
4-6	646-649	den	
4-7	650-654	Wind	
4-8	654-655	,	
4-9	656-658	na	
4-10	659-668	gesproken	
4-11	669-671	te	
4-12	672-678	hebben	
4-13	679-683	over	
4-14	684-686	de	
4-15	687-693	Hoozen	
4-16	693-694	,	
4-17	695-696	(	
4-18	696-703	Trombes	
4-19	704-706	de	
4-20	707-710	Mer	
4-21	710-711	,	
4-22	711-712	)	
4-23	713-717	zoud	
4-24	718-720	gy	
4-25	721-724	een	
4-26	725-730	woord	
4-27	731-737	kunnen	
4-28	738-744	zeggen	
4-29	744-745	,	
4-30	746-749	van	
4-31	750-753	het	
4-32	754-759	geene	
4-33	760-761	'	
4-34	761-763	er	
4-35	764-771	gebeurt	
4-36	771-772	,	
4-37	773-780	wanneer	
4-38	781-783	de	
4-39	784-788	wind	
4-40	789-793	eene	
4-41	794-798	wolk	
4-42	798-799	,	
4-43	800-803	met	
4-44	804-813	Electrike	
4-45	814-821	stoffen	
4-46	822-830	gelaaden	
4-47	830-831	,	
4-48	832-841	aanstuuwt	
4-49	842-848	tegens	
4-50	849-853	eene	
4-51	854-860	andere	
4-52	861-864	die	
4-53	865-869	niet	
4-54	870-879	Electriek	
4-55	880-882	is	
4-56	882-883	.	

#Text=Als dan word 'er eene bliksemvonk gevormd;
#Text=op die
#Text=zelfde wyze als ik eenmaal zag, dat de rook, van een persoon die tabak rookte,
#Text=terwyl hy geëlectriseerd wierd, den rook, die uit den mond van iemand, die niet
#Text=geëlectriseerd was, vloeide, ontmoetende, eene vonk, of eene soort van bliksem in
#Text='t kleen, in het midden der lucht, voortbragt.
5-1	884-887	Als	
5-2	888-891	dan	
5-3	892-896	word	
5-4	897-898	'	
5-5	898-900	er	
5-6	901-905	eene	
5-7	906-917	bliksemvonk	
5-8	918-925	gevormd	
5-9	925-926	;	
5-10	927-929	op	
5-11	930-933	die	
5-12	934-940	zelfde	
5-13	941-945	wyze	
5-14	946-949	als	
5-15	950-952	ik	
5-16	953-960	eenmaal	
5-17	961-964	zag	
5-18	964-965	,	
5-19	966-969	dat	
5-20	970-972	de	
5-21	973-977	rook	
5-22	977-978	,	
5-23	979-982	van	
5-24	983-986	een	
5-25	987-994	persoon	
5-26	995-998	die	
5-27	999-1004	tabak	
5-28	1005-1011	rookte	
5-29	1011-1012	,	
5-30	1013-1019	terwyl	
5-31	1020-1022	hy	
5-32	1023-1037	geëlectriseerd	
5-33	1038-1043	wierd	
5-34	1043-1044	,	
5-35	1045-1048	den	
5-36	1049-1053	rook	
5-37	1053-1054	,	
5-38	1055-1058	die	
5-39	1059-1062	uit	
5-40	1063-1066	den	
5-41	1067-1071	mond	
5-42	1072-1075	van	
5-43	1076-1082	iemand	
5-44	1082-1083	,	
5-45	1084-1087	die	
5-46	1088-1092	niet	
5-47	1093-1107	geëlectriseerd	
5-48	1108-1111	was	
5-49	1111-1112	,	
5-50	1113-1120	vloeide	
5-51	1120-1121	,	
5-52	1122-1133	ontmoetende	
5-53	1133-1134	,	
5-54	1135-1139	eene	
5-55	1140-1144	vonk	
5-56	1144-1145	,	
5-57	1146-1148	of	
5-58	1149-1153	eene	
5-59	1154-1159	soort	
5-60	1160-1163	van	
5-61	1164-1171	bliksem	
5-62	1172-1174	in	
5-63	1175-1176	'	
5-64	1176-1177	t	
5-65	1178-1183	kleen	
5-66	1183-1184	,	
5-67	1185-1187	in	
5-68	1188-1191	het	
5-69	1192-1198	midden	
5-70	1199-1202	der	
5-71	1203-1208	lucht	
5-72	1208-1209	,	
5-73	1210-1220	voortbragt	
5-74	1220-1221	.	

#Text=Dit verschynsel wierd gevolgd, van eene
#Text=sterke beweeging in de twee rookwolkjes, die zig in een verwarden;
#Text=deeze twee
#Text=rook-
#Text=
#Text=
#Text=J. le Francq van Berkhey, Natuurlyke historie van Holland.
6-1	1222-1225	Dit	
6-2	1226-1237	verschynsel	
6-3	1238-1243	wierd	
6-4	1244-1251	gevolgd	
6-5	1251-1252	,	
6-6	1253-1256	van	
6-7	1257-1261	eene	
6-8	1262-1268	sterke	
6-9	1269-1278	beweeging	
6-10	1279-1281	in	
6-11	1282-1284	de	
6-12	1285-1289	twee	
6-13	1290-1301	rookwolkjes	
6-14	1301-1302	,	
6-15	1303-1306	die	
6-16	1307-1310	zig	
6-17	1311-1313	in	
6-18	1314-1317	een	
6-19	1318-1327	verwarden	
6-20	1327-1328	;	
6-21	1329-1334	deeze	
6-22	1335-1339	twee	
6-23	1340-1344	rook	
6-24	1344-1345	-	
6-25	1348-1349	J	
6-26	1349-1350	.	
6-27	1351-1353	le	
6-28	1354-1360	Francq	
6-29	1361-1364	van	
6-30	1365-1372	Berkhey	
6-31	1372-1373	,	
6-32	1374-1384	Natuurlyke	
6-33	1385-1393	historie	
6-34	1394-1397	van	
6-35	1398-1405	Holland	
6-36	1405-1406	.	

#Text=Eerste deel
#Text=
#Text=\f
#Text=439
#Text=
#Text=+
#Text=
#Text=
#Text=wolkjes formeerden eenigen van die Cirkels;
#Text=welken men gewaar word, als de rook
#Text=zig meerder saamgedrongen bevind; en, door een gelukkig geval, zag men deeze +DE WINDEN, ENZ.
7-1	1407-1413	Eerste	
7-2	1414-1418	deel	
7-3	1422-1425	439	
7-4	1427-1428	+	
7-5	1431-1438	wolkjes	
7-6	1439-1449	formeerden	
7-7	1450-1457	eenigen	
7-8	1458-1461	van	
7-9	1462-1465	die	
7-10	1466-1473	Cirkels	
7-11	1473-1474	;	
7-12	1475-1481	welken	
7-13	1482-1485	men	
7-14	1486-1492	gewaar	
7-15	1493-1497	word	
7-16	1497-1498	,	
7-17	1499-1502	als	
7-18	1503-1505	de	
7-19	1506-1510	rook	
7-20	1511-1514	zig	
7-21	1515-1522	meerder	
7-22	1523-1536	saamgedrongen	
7-23	1537-1543	bevind	
7-24	1543-1544	;	
7-25	1545-1547	en	
7-26	1547-1548	,	
7-27	1549-1553	door	
7-28	1554-1557	een	
7-29	1558-1566	gelukkig	
7-30	1567-1572	geval	
7-31	1572-1573	,	
7-32	1574-1577	zag	
7-33	1578-1581	men	
7-34	1582-1587	deeze	
7-35	1588-1589	+	
7-36	1589-1591	DE	
7-37	1592-1598	WINDEN	
7-38	1598-1599	,	
7-39	1600-1603	ENZ	
7-40	1603-1604	.	

#Text=Cirkels onderling tegens een botzen.
#Text=’
8-1	1605-1612	Cirkels	
8-2	1613-1622	onderling	
8-3	1623-1629	tegens	
8-4	1630-1633	een	
8-5	1634-1640	botzen	
8-6	1640-1641	.	
8-7	1642-1643	’	
