#FORMAT=WebAnno TSV 3.3
#T_SP=custom.Span|label
#T_RL=custom.Relation|label|BT_custom.Span


#Text=stercken drancks, den HEERE
#Text=Het Hebr.
#Text=woort beteeckent het offeren van vochtige dingen, als Genes.
#Text=35.14.
1-1	2-10	stercken	_	_	_	
1-2	11-18	drancks	_	_	_	
1-3	18-19	,	_	_	_	
1-4	20-23	den	_	_	_	
1-5	24-29	HEERE	_	_	_	
1-6	30-33	Het	_	_	_	
1-7	34-38	Hebr	_	_	_	
1-8	38-39	.	_	_	_	
1-9	40-45	woort	_	_	_	
1-10	46-56	beteeckent	_	_	_	
1-11	57-60	het	_	_	_	
1-12	61-68	offeren	_	_	_	
1-13	69-72	van	_	_	_	
1-14	73-81	vochtige	_	_	_	
1-15	82-88	dingen	_	_	_	
1-16	88-89	,	_	_	_	
1-17	90-93	als	_	_	_	
1-18	94-99	Genes	_	_	_	
1-19	99-100	.	_	_	_	
1-20	101-106	35.14	_	_	_	
1-21	106-107	.	_	_	_	

#Text=Exod.
#Text=30.9. offeren.
#Text=
#Text=8
#Text=
#Text=
#Text=Ende
#Text=dat ander lam sult ghy bereyden tusschen de twee avonden:
#Text=gelijck het spijs-offer des morgens, ende gelijck sijn dranck-offer sult ghy het bereyden, ten vyer-offer des lieflicken reucks den HEERE.
#Text=
#Text=9
#Text=
#Text=Maer op den Sabbathdagh
#Text=twee volkomene eenjarige lammeren:
#Text=ende twee tienden meelbloeme, ten spijs-offer, met olie gemenght, mitsgaders sijn dranck-offer.
#Text=
#Text=10
#Text=’t Is het brand-offer des Sabbaths op Hebr. in sijnen Sabbath.
2-1	108-112	Exod	_	_	_	
2-2	112-113	.	_	_	_	
2-3	114-118	30.9	_	_	_	
2-4	118-119	.	_	_	_	
2-5	120-127	offeren	_	_	_	
2-6	127-128	.	_	_	_	
2-7	130-131	8	_	_	_	
2-8	134-138	Ende	_	_	_	
2-9	139-142	dat	_	_	_	
2-10	143-148	ander	_	_	_	
2-11	149-152	lam	Smell\_Source	_	_	
2-12	153-157	sult	_	_	_	
2-13	158-161	ghy	_	_	_	
2-14	162-170	bereyden	_	_	_	
2-15	171-179	tusschen	Time[1]	_	_	
2-16	180-182	de	Time[1]	_	_	
2-17	183-187	twee	Time[1]	_	_	
2-18	188-195	avonden	Time[1]	_	_	
2-19	195-196	:	_	_	_	
2-20	197-204	gelijck	_	_	_	
2-21	205-208	het	_	_	_	
2-22	209-220	spijs-offer	_	_	_	
2-23	221-224	des	_	_	_	
2-24	225-232	morgens	_	_	_	
2-25	232-233	,	_	_	_	
2-26	234-238	ende	_	_	_	
2-27	239-246	gelijck	_	_	_	
2-28	247-251	sijn	_	_	_	
2-29	252-264	dranck-offer	_	_	_	
2-30	265-269	sult	_	_	_	
2-31	270-273	ghy	_	_	_	
2-32	274-277	het	_	_	_	
2-33	278-286	bereyden	_	_	_	
2-34	286-287	,	_	_	_	
2-35	288-291	ten	_	_	_	
2-36	292-302	vyer-offer	Smell\_Source	Anaphoric	2-11	
2-37	303-306	des	_	_	_	
2-38	307-317	lieflicken	Quality	_	_	
2-39	318-324	reucks	Smell\_Word	*|*|*	2-15[1_0]|2-38|2-40[2_0]	
2-40	325-328	den	Perceiver[2]	_	_	
2-41	329-334	HEERE	Perceiver[2]	_	_	
2-42	334-335	.	_	_	_	
2-43	337-338	9	_	_	_	
2-44	340-344	Maer	_	_	_	
2-45	345-347	op	_	_	_	
2-46	348-351	den	_	_	_	
2-47	352-363	Sabbathdagh	_	_	_	
2-48	364-368	twee	_	_	_	
2-49	369-378	volkomene	_	_	_	
2-50	379-388	eenjarige	_	_	_	
2-51	389-397	lammeren	_	_	_	
2-52	397-398	:	_	_	_	
2-53	399-403	ende	_	_	_	
2-54	404-408	twee	_	_	_	
2-55	409-416	tienden	_	_	_	
2-56	417-427	meelbloeme	_	_	_	
2-57	427-428	,	_	_	_	
2-58	429-432	ten	_	_	_	
2-59	433-444	spijs-offer	_	_	_	
2-60	444-445	,	_	_	_	
2-61	446-449	met	_	_	_	
2-62	450-454	olie	_	_	_	
2-63	455-463	gemenght	_	_	_	
2-64	463-464	,	_	_	_	
2-65	465-475	mitsgaders	_	_	_	
2-66	476-480	sijn	_	_	_	
2-67	481-493	dranck-offer	_	_	_	
2-68	493-494	.	_	_	_	
2-69	496-498	10	_	_	_	
2-70	499-500	’	_	_	_	
2-71	500-501	t	_	_	_	
2-72	502-504	Is	_	_	_	
2-73	505-508	het	_	_	_	
2-74	509-520	brand-offer	_	_	_	
2-75	521-524	des	_	_	_	
2-76	525-533	Sabbaths	_	_	_	
2-77	534-536	op	_	_	_	
2-78	537-541	Hebr	_	_	_	
2-79	541-542	.	_	_	_	
2-80	543-545	in	_	_	_	
2-81	546-552	sijnen	_	_	_	
2-82	553-560	Sabbath	_	_	_	
2-83	560-561	.	_	_	_	

#Text=Alsoo oock onder vers 14.
#Text=in sijne maent, voor, in elcke maent.
#Text=elcken
#Text=Sabbath: boven het gedurigh brand-offer, ende sijn dranck-offer.
3-1	562-567	Alsoo	_	_	_	
3-2	568-572	oock	_	_	_	
3-3	573-578	onder	_	_	_	
3-4	579-583	vers	_	_	_	
3-5	584-586	14	_	_	_	
3-6	586-587	.	_	_	_	
3-7	588-590	in	_	_	_	
3-8	591-596	sijne	_	_	_	
3-9	597-602	maent	_	_	_	
3-10	602-603	,	_	_	_	
3-11	604-608	voor	_	_	_	
3-12	608-609	,	_	_	_	
3-13	610-612	in	_	_	_	
3-14	613-618	elcke	_	_	_	
3-15	619-624	maent	_	_	_	
3-16	624-625	.	_	_	_	
3-17	626-632	elcken	_	_	_	
3-18	633-640	Sabbath	_	_	_	
3-19	640-641	:	_	_	_	
3-20	642-647	boven	_	_	_	
3-21	648-651	het	_	_	_	
3-22	652-660	gedurigh	_	_	_	
3-23	661-672	brand-offer	_	_	_	
3-24	672-673	,	_	_	_	
3-25	674-678	ende	_	_	_	
3-26	679-683	sijn	_	_	_	
3-27	684-696	dranck-offer	_	_	_	
3-28	696-697	.	_	_	_	
