#FORMAT=WebAnno TSV 3.3


#Text=‘
#Text=Voyez la bizarrerie’ (zegt Ed.
1-1	0-1	‘	
1-2	2-7	Voyez	
1-3	8-10	la	
1-4	11-21	bizarrerie	
1-5	21-22	’	
1-6	23-24	(	
1-7	24-28	zegt	
1-8	29-31	Ed	
1-9	31-32	.	

#Text=Auber in zijne Hygiène des femmes nerveuses), ‘on rencontre à chaque instant et partout des femmes si dégoûtées, qu'elles ne boiraient pour rien au monde après
#Text=telle ou telle personne, d'ailleurs fort propre, qui ne serait ni de leur famille, ni de leur connaissance, ni de leur rang; et ces douces sensitives, ces femmes de dentelle et de gaze, en apparence si dèlicates, sont les premières à passer
#Text=de longues heures dans des gouffres
#Text=, où, à peine vêtues, elles absorbent sans se plaindre les miasmes les plus délétères, et avalent en riant l'air expiré par mille haleines
#Text=
#Text=[
#Text=p. 539]
#Text=fièvreuses, se condamnant ainsi bénévolemment à lutter le reste de la nuit contre un empoisonnement ou au moins contre les rêvasseries énervantes, que les poisons humains lentement aspirés produisent nècessairement.
2-1	33-38	Auber	
2-2	39-41	in	
2-3	42-47	zijne	
2-4	48-55	Hygiène	
2-5	56-59	des	
2-6	60-66	femmes	
2-7	67-76	nerveuses	
2-8	76-77	)	
2-9	77-78	,	
2-10	79-80	‘	
2-11	80-82	on	
2-12	83-92	rencontre	
2-13	93-94	à	
2-14	95-101	chaque	
2-15	102-109	instant	
2-16	110-112	et	
2-17	113-120	partout	
2-18	121-124	des	
2-19	125-131	femmes	
2-20	132-134	si	
2-21	135-144	dégoûtées	
2-22	144-145	,	
2-23	146-154	qu'elles	
2-24	155-157	ne	
2-25	158-167	boiraient	
2-26	168-172	pour	
2-27	173-177	rien	
2-28	178-180	au	
2-29	181-186	monde	
2-30	187-192	après	
2-31	193-198	telle	
2-32	199-201	ou	
2-33	202-207	telle	
2-34	208-216	personne	
2-35	216-217	,	
2-36	218-228	d'ailleurs	
2-37	229-233	fort	
2-38	234-240	propre	
2-39	240-241	,	
2-40	242-245	qui	
2-41	246-248	ne	
2-42	249-255	serait	
2-43	256-258	ni	
2-44	259-261	de	
2-45	262-266	leur	
2-46	267-274	famille	
2-47	274-275	,	
2-48	276-278	ni	
2-49	279-281	de	
2-50	282-286	leur	
2-51	287-299	connaissance	
2-52	299-300	,	
2-53	301-303	ni	
2-54	304-306	de	
2-55	307-311	leur	
2-56	312-316	rang	
2-57	316-317	;	
2-58	318-320	et	
2-59	321-324	ces	
2-60	325-331	douces	
2-61	332-342	sensitives	
2-62	342-343	,	
2-63	344-347	ces	
2-64	348-354	femmes	
2-65	355-357	de	
2-66	358-366	dentelle	
2-67	367-369	et	
2-68	370-372	de	
2-69	373-377	gaze	
2-70	377-378	,	
2-71	379-381	en	
2-72	382-391	apparence	
2-73	392-394	si	
2-74	395-404	dèlicates	
2-75	404-405	,	
2-76	406-410	sont	
2-77	411-414	les	
2-78	415-424	premières	
2-79	425-426	à	
2-80	427-433	passer	
2-81	434-436	de	
2-82	437-444	longues	
2-83	445-451	heures	
2-84	452-456	dans	
2-85	457-460	des	
2-86	461-469	gouffres	
2-87	470-471	,	
2-88	472-474	où	
2-89	474-475	,	
2-90	476-477	à	
2-91	478-483	peine	
2-92	484-490	vêtues	
2-93	490-491	,	
2-94	492-497	elles	
2-95	498-507	absorbent	
2-96	508-512	sans	
2-97	513-515	se	
2-98	516-524	plaindre	
2-99	525-528	les	
2-100	529-536	miasmes	
2-101	537-540	les	
2-102	541-545	plus	
2-103	546-555	délétères	
2-104	555-556	,	
2-105	557-559	et	
2-106	560-567	avalent	
2-107	568-570	en	
2-108	571-576	riant	
2-109	577-582	l'air	
2-110	583-589	expiré	
2-111	590-593	par	
2-112	594-599	mille	
2-113	600-608	haleines	
2-114	610-611	[	
2-115	612-613	p	
2-116	613-614	.	
2-117	615-618	539	
2-118	618-619	]	
2-119	620-630	fièvreuses	
2-120	630-631	,	
2-121	632-634	se	
2-122	635-645	condamnant	
2-123	646-651	ainsi	
2-124	652-665	bénévolemment	
2-125	666-667	à	
2-126	668-674	lutter	
2-127	675-677	le	
2-128	678-683	reste	
2-129	684-686	de	
2-130	687-689	la	
2-131	690-694	nuit	
2-132	695-701	contre	
2-133	702-704	un	
2-134	705-719	empoisonnement	
2-135	720-722	ou	
2-136	723-725	au	
2-137	726-731	moins	
2-138	732-738	contre	
2-139	739-742	les	
2-140	743-754	rêvasseries	
2-141	755-765	énervantes	
2-142	765-766	,	
2-143	767-770	que	
2-144	771-774	les	
2-145	775-782	poisons	
2-146	783-790	humains	
2-147	791-800	lentement	
2-148	801-808	aspirés	
2-149	809-819	produisent	
2-150	820-834	nècessairement	
2-151	834-835	.	

#Text=Toutes ces réflexions sur les inconvénients des grandes réunions s'appliquent non seulement aux salles de spectacle ou de concert, mais encore à tous les endroits où la vie en présence de la vie n'a d'autre soutien qu'un air étouffé et corrompu.
#Text=’
#Text=Nu eens toch zijn die schouwburgen kerken te kil, dan weder zijn zij te benaauwd, doordien er óf niet gestookt óf niet geventileerd wordt.
3-1	836-842	Toutes	
3-2	843-846	ces	
3-3	847-857	réflexions	
3-4	858-861	sur	
3-5	862-865	les	
3-6	866-879	inconvénients	
3-7	880-883	des	
3-8	884-891	grandes	
3-9	892-900	réunions	
3-10	901-913	s'appliquent	
3-11	914-917	non	
3-12	918-927	seulement	
3-13	928-931	aux	
3-14	932-938	salles	
3-15	939-941	de	
3-16	942-951	spectacle	
3-17	952-954	ou	
3-18	955-957	de	
3-19	958-965	concert	
3-20	965-966	,	
3-21	967-971	mais	
3-22	972-978	encore	
3-23	979-980	à	
3-24	981-985	tous	
3-25	986-989	les	
3-26	990-998	endroits	
3-27	999-1001	où	
3-28	1002-1004	la	
3-29	1005-1008	vie	
3-30	1009-1011	en	
3-31	1012-1020	présence	
3-32	1021-1023	de	
3-33	1024-1026	la	
3-34	1027-1030	vie	
3-35	1031-1034	n'a	
3-36	1035-1042	d'autre	
3-37	1043-1050	soutien	
3-38	1051-1056	qu'un	
3-39	1057-1060	air	
3-40	1061-1068	étouffé	
3-41	1069-1071	et	
3-42	1072-1080	corrompu	
3-43	1080-1081	.	
3-44	1082-1083	’	
3-45	1084-1086	Nu	
3-46	1087-1091	eens	
3-47	1092-1096	toch	
3-48	1097-1101	zijn	
3-49	1102-1105	die	
3-50	1106-1118	schouwburgen	
3-51	1119-1125	kerken	
3-52	1126-1128	te	
3-53	1129-1132	kil	
3-54	1132-1133	,	
3-55	1134-1137	dan	
3-56	1138-1143	weder	
3-57	1144-1148	zijn	
3-58	1149-1152	zij	
3-59	1153-1155	te	
3-60	1156-1164	benaauwd	
3-61	1164-1165	,	
3-62	1166-1174	doordien	
3-63	1175-1177	er	
3-64	1178-1180	óf	
3-65	1181-1185	niet	
3-66	1186-1194	gestookt	
3-67	1195-1197	óf	
3-68	1198-1202	niet	
3-69	1203-1215	geventileerd	
3-70	1216-1221	wordt	
3-71	1221-1222	.	

#Text=Voeg in de kerken, bij de kilheid der zerken, de uitwasemingen der opeengehoopte lijken (waartegen Dr.
4-1	1223-1227	Voeg	
4-2	1228-1230	in	
4-3	1231-1233	de	
4-4	1234-1240	kerken	
4-5	1240-1241	,	
4-6	1242-1245	bij	
4-7	1246-1248	de	
4-8	1249-1256	kilheid	
4-9	1257-1260	der	
4-10	1261-1267	zerken	
4-11	1267-1268	,	
4-12	1269-1271	de	
4-13	1272-1285	uitwasemingen	
4-14	1286-1289	der	
4-15	1290-1303	opeengehoopte	
4-16	1304-1310	lijken	
4-17	1311-1312	(	
4-18	1312-1321	waartegen	
4-19	1322-1324	Dr	
4-20	1324-1325	.	

#Text=Egeling (D.
5-1	1326-1333	Egeling	
5-2	1334-1335	(	
5-3	1335-1336	D	
5-4	1336-1337	.	

#Text=I, blz. 283) eene kostelijke philippica schreef), den verpestenden stank der stoven met hare zwavelige kolen, en men zal het begrijpelijk vinden, dat zoo menig genoegen in den schouwburg gezocht door opvolgende ziekte geboet moet worden, en dat zoo menige zwakke, zenuwachtige schoone hare zondagsche stichting door flaauwten, misselijkheid, hoofdpijn en malaise moet bezuren.
6-1	1338-1339	I	
6-2	1339-1340	,	
6-3	1341-1344	blz	
6-4	1344-1345	.	
6-5	1346-1349	283	
6-6	1349-1350	)	
6-7	1351-1355	eene	
6-8	1356-1366	kostelijke	
6-9	1367-1377	philippica	
6-10	1378-1385	schreef	
6-11	1385-1386	)	
6-12	1386-1387	,	
6-13	1388-1391	den	
6-14	1392-1404	verpestenden	
6-15	1405-1410	stank	
6-16	1411-1414	der	
6-17	1415-1421	stoven	
6-18	1422-1425	met	
6-19	1426-1430	hare	
6-20	1431-1440	zwavelige	
6-21	1441-1446	kolen	
6-22	1446-1447	,	
6-23	1448-1450	en	
6-24	1451-1454	men	
6-25	1455-1458	zal	
6-26	1459-1462	het	
6-27	1463-1475	begrijpelijk	
6-28	1476-1482	vinden	
6-29	1482-1483	,	
6-30	1484-1487	dat	
6-31	1488-1491	zoo	
6-32	1492-1497	menig	
6-33	1498-1506	genoegen	
6-34	1507-1509	in	
6-35	1510-1513	den	
6-36	1514-1524	schouwburg	
6-37	1525-1532	gezocht	
6-38	1533-1537	door	
6-39	1538-1548	opvolgende	
6-40	1549-1555	ziekte	
6-41	1556-1562	geboet	
6-42	1563-1567	moet	
6-43	1568-1574	worden	
6-44	1574-1575	,	
6-45	1576-1578	en	
6-46	1579-1582	dat	
6-47	1583-1586	zoo	
6-48	1587-1593	menige	
6-49	1594-1600	zwakke	
6-50	1600-1601	,	
6-51	1602-1614	zenuwachtige	
6-52	1615-1622	schoone	
6-53	1623-1627	hare	
6-54	1628-1638	zondagsche	
6-55	1639-1648	stichting	
6-56	1649-1653	door	
6-57	1654-1663	flaauwten	
6-58	1663-1664	,	
6-59	1665-1678	misselijkheid	
6-60	1678-1679	,	
6-61	1680-1689	hoofdpijn	
6-62	1690-1692	en	
6-63	1693-1700	malaise	
6-64	1701-1705	moet	
6-65	1706-1713	bezuren	
6-66	1713-1714	.	

#Text=Is er nog meer noodig om dit gedeelte van de hygieine behoorlijk in het licht te stellen en den wensch te regtvaardigen: dat men ook in deze hare lessen meer en meer bij ons volk ingang doe vinden en, zoo als te Weenen (waarvan ons het reglement D.
7-1	1716-1718	Is	
7-2	1719-1721	er	
7-3	1722-1725	nog	
7-4	1726-1730	meer	
7-5	1731-1737	noodig	
7-6	1738-1740	om	
7-7	1741-1744	dit	
7-8	1745-1753	gedeelte	
7-9	1754-1757	van	
7-10	1758-1760	de	
7-11	1761-1769	hygieine	
7-12	1770-1780	behoorlijk	
7-13	1781-1783	in	
7-14	1784-1787	het	
7-15	1788-1793	licht	
7-16	1794-1796	te	
7-17	1797-1804	stellen	
7-18	1805-1807	en	
7-19	1808-1811	den	
7-20	1812-1818	wensch	
7-21	1819-1821	te	
7-22	1822-1835	regtvaardigen	
7-23	1835-1836	:	
7-24	1837-1840	dat	
7-25	1841-1844	men	
7-26	1845-1848	ook	
7-27	1849-1851	in	
7-28	1852-1856	deze	
7-29	1857-1861	hare	
7-30	1862-1868	lessen	
7-31	1869-1873	meer	
7-32	1874-1876	en	
7-33	1877-1881	meer	
7-34	1882-1885	bij	
7-35	1886-1889	ons	
7-36	1890-1894	volk	
7-37	1895-1901	ingang	
7-38	1902-1905	doe	
7-39	1906-1912	vinden	
7-40	1913-1915	en	
7-41	1915-1916	,	
7-42	1917-1920	zoo	
7-43	1921-1924	als	
7-44	1925-1927	te	
7-45	1928-1934	Weenen	
7-46	1935-1936	(	
7-47	1936-1943	waarvan	
7-48	1944-1947	ons	
7-49	1948-1951	het	
7-50	1952-1961	reglement	
7-51	1962-1963	D	
7-52	1963-1964	.	

#Text=III, blz. 191 wordt medegedeeld), Berlijn en andere groote plaatsen, door zorgvuldige bouw-reglementen het kwade trachte te weren om het goede daarvoor in de plaats te doen treden?
8-1	1965-1968	III	
8-2	1968-1969	,	
8-3	1970-1973	blz	
8-4	1973-1974	.	
8-5	1975-1978	191	
8-6	1979-1984	wordt	
8-7	1985-1996	medegedeeld	
8-8	1996-1997	)	
8-9	1997-1998	,	
8-10	1999-2006	Berlijn	
8-11	2007-2009	en	
8-12	2010-2016	andere	
8-13	2017-2023	groote	
8-14	2024-2032	plaatsen	
8-15	2032-2033	,	
8-16	2034-2038	door	
8-17	2039-2050	zorgvuldige	
8-18	2051-2067	bouw-reglementen	
8-19	2068-2071	het	
8-20	2072-2077	kwade	
8-21	2078-2085	trachte	
8-22	2086-2088	te	
8-23	2089-2094	weren	
8-24	2095-2097	om	
8-25	2098-2101	het	
8-26	2102-2107	goede	
8-27	2108-2116	daarvoor	
8-28	2117-2119	in	
8-29	2120-2122	de	
8-30	2123-2129	plaats	
8-31	2130-2132	te	
8-32	2133-2137	doen	
8-33	2138-2144	treden	
8-34	2144-2145	?	

#Text=Waar gezondheidscommissiën, zoo als te Zutphen, Leiden, Rotterdam, Schiedam, Utrecht enz. tot stand gekomen zijn (D.
9-1	2146-2150	Waar	
9-2	2151-2172	gezondheidscommissiën	
9-3	2172-2173	,	
9-4	2174-2177	zoo	
9-5	2178-2181	als	
9-6	2182-2184	te	
9-7	2185-2192	Zutphen	
9-8	2192-2193	,	
9-9	2194-2200	Leiden	
9-10	2200-2201	,	
9-11	2202-2211	Rotterdam	
9-12	2211-2212	,	
9-13	2213-2221	Schiedam	
9-14	2221-2222	,	
9-15	2223-2230	Utrecht	
9-16	2231-2234	enz	
9-17	2234-2235	.	
9-18	2236-2239	tot	
9-19	2240-2245	stand	
9-20	2246-2253	gekomen	
9-21	2254-2258	zijn	
9-22	2259-2260	(	
9-23	2260-2261	D	
9-24	2261-2262	.	

#Text=III, blz. 311 en 389), waar zij, of anders de plaatselijke en provinciale geneeskundige commissiën, in hare pogingen krachtdadig door de regering ondersteund worden, mag men vertrouwen, dat ook in ons land, al is het dan ook langzamerhand, het bouwen meer bewaakt en de woningen beter ingerigt zullen worden.
10-1	2263-2266	III	
10-2	2266-2267	,	
10-3	2268-2271	blz	
10-4	2271-2272	.	
10-5	2273-2276	311	
10-6	2277-2279	en	
10-7	2280-2283	389	
10-8	2283-2284	)	
10-9	2284-2285	,	
10-10	2286-2290	waar	
10-11	2291-2294	zij	
10-12	2294-2295	,	
10-13	2296-2298	of	
10-14	2299-2305	anders	
10-15	2306-2308	de	
10-16	2309-2321	plaatselijke	
10-17	2322-2324	en	
10-18	2325-2336	provinciale	
10-19	2337-2350	geneeskundige	
10-20	2351-2361	commissiën	
10-21	2361-2362	,	
10-22	2363-2365	in	
10-23	2366-2370	hare	
10-24	2371-2379	pogingen	
10-25	2380-2391	krachtdadig	
10-26	2392-2396	door	
10-27	2397-2399	de	
10-28	2400-2408	regering	
10-29	2409-2420	ondersteund	
10-30	2421-2427	worden	
10-31	2427-2428	,	
10-32	2429-2432	mag	
10-33	2433-2436	men	
10-34	2437-2447	vertrouwen	
10-35	2447-2448	,	
10-36	2449-2452	dat	
10-37	2453-2456	ook	
10-38	2457-2459	in	
10-39	2460-2463	ons	
10-40	2464-2468	land	
10-41	2468-2469	,	
10-42	2470-2472	al	
10-43	2473-2475	is	
10-44	2476-2479	het	
10-45	2480-2483	dan	
10-46	2484-2487	ook	
10-47	2488-2501	langzamerhand	
10-48	2501-2502	,	
10-49	2503-2506	het	
10-50	2507-2513	bouwen	
10-51	2514-2518	meer	
10-52	2519-2526	bewaakt	
10-53	2527-2529	en	
10-54	2530-2532	de	
10-55	2533-2541	woningen	
10-56	2542-2547	beter	
10-57	2548-2556	ingerigt	
10-58	2557-2563	zullen	
10-59	2564-2570	worden	
10-60	2570-2571	.	

#Text=Ziet men toch nu reeds hier en daar reeksen van huizen of openlijke gebouwen verrijzen, bij wier oprigting men de hygieine om raad en hulp gevraagd heeft, en die daarvan de duidelijke kenmerken dragen, terwijl de bewoners er de weldadige gevolgen van mogen ondervinden, laat ons daarom ook de geruststellende hope koesteren, dat het aan de waakzame zorg en de volhardende pogingen van eenen man, als Allebé, moge, gelukken hier in Amsterdam nieuwe schoollokalen te doen verrijzen, die wat ruimte en inrigting betreft,
#Text=[
#Text=p. 540]
#Text=aan de eerste eischen der gezondheidsleer zullen beantwoorden.
11-1	2572-2576	Ziet	
11-2	2577-2580	men	
11-3	2581-2585	toch	
11-4	2586-2588	nu	
11-5	2589-2594	reeds	
11-6	2595-2599	hier	
11-7	2600-2602	en	
11-8	2603-2607	daar	
11-9	2608-2615	reeksen	
11-10	2616-2619	van	
11-11	2620-2626	huizen	
11-12	2627-2629	of	
11-13	2630-2639	openlijke	
11-14	2640-2648	gebouwen	
11-15	2649-2658	verrijzen	
11-16	2658-2659	,	
11-17	2660-2663	bij	
11-18	2664-2668	wier	
11-19	2669-2678	oprigting	
11-20	2679-2682	men	
11-21	2683-2685	de	
11-22	2686-2694	hygieine	
11-23	2695-2697	om	
11-24	2698-2702	raad	
11-25	2703-2705	en	
11-26	2706-2710	hulp	
11-27	2711-2719	gevraagd	
11-28	2720-2725	heeft	
11-29	2725-2726	,	
11-30	2727-2729	en	
11-31	2730-2733	die	
11-32	2734-2741	daarvan	
11-33	2742-2744	de	
11-34	2745-2755	duidelijke	
11-35	2756-2765	kenmerken	
11-36	2766-2772	dragen	
11-37	2772-2773	,	
11-38	2774-2781	terwijl	
11-39	2782-2784	de	
11-40	2785-2793	bewoners	
11-41	2794-2796	er	
11-42	2797-2799	de	
11-43	2800-2809	weldadige	
11-44	2810-2818	gevolgen	
11-45	2819-2822	van	
11-46	2823-2828	mogen	
11-47	2829-2840	ondervinden	
11-48	2840-2841	,	
11-49	2842-2846	laat	
11-50	2847-2850	ons	
11-51	2851-2857	daarom	
11-52	2858-2861	ook	
11-53	2862-2864	de	
11-54	2865-2880	geruststellende	
11-55	2881-2885	hope	
11-56	2886-2895	koesteren	
11-57	2895-2896	,	
11-58	2897-2900	dat	
11-59	2901-2904	het	
11-60	2905-2908	aan	
11-61	2909-2911	de	
11-62	2912-2920	waakzame	
11-63	2921-2925	zorg	
11-64	2926-2928	en	
11-65	2929-2931	de	
11-66	2932-2943	volhardende	
11-67	2944-2952	pogingen	
11-68	2953-2956	van	
11-69	2957-2962	eenen	
11-70	2963-2966	man	
11-71	2966-2967	,	
11-72	2968-2971	als	
11-73	2972-2978	Allebé	
11-74	2978-2979	,	
11-75	2980-2984	moge	
11-76	2984-2985	,	
11-77	2986-2994	gelukken	
11-78	2995-2999	hier	
11-79	3000-3002	in	
11-80	3003-3012	Amsterdam	
11-81	3013-3019	nieuwe	
11-82	3020-3033	schoollokalen	
11-83	3034-3036	te	
11-84	3037-3041	doen	
11-85	3042-3051	verrijzen	
11-86	3051-3052	,	
11-87	3053-3056	die	
11-88	3057-3060	wat	
11-89	3061-3067	ruimte	
11-90	3068-3070	en	
11-91	3071-3080	inrigting	
11-92	3081-3088	betreft	
11-93	3088-3089	,	
11-94	3090-3091	[	
11-95	3092-3093	p	
11-96	3093-3094	.	
11-97	3095-3098	540	
11-98	3098-3099	]	
11-99	3100-3103	aan	
11-100	3104-3106	de	
11-101	3107-3113	eerste	
11-102	3114-3121	eischen	
11-103	3122-3125	der	
11-104	3126-3141	gezondheidsleer	
11-105	3142-3148	zullen	
11-106	3149-3161	beantwoorden	
11-107	3161-3162	.	

#Text=Inderdaad de invloed, dien de school op de gezondheid en de ligchamelijke ontwikkeling van de leerlingen uitoefent, wordt over het algemeen veel te laag aangeslagen.
12-1	3163-3172	Inderdaad	
12-2	3173-3175	de	
12-3	3176-3183	invloed	
12-4	3183-3184	,	
12-5	3185-3189	dien	
12-6	3190-3192	de	
12-7	3193-3199	school	
12-8	3200-3202	op	
12-9	3203-3205	de	
12-10	3206-3216	gezondheid	
12-11	3217-3219	en	
12-12	3220-3222	de	
12-13	3223-3236	ligchamelijke	
12-14	3237-3249	ontwikkeling	
12-15	3250-3253	van	
12-16	3254-3256	de	
12-17	3257-3267	leerlingen	
12-18	3268-3277	uitoefent	
12-19	3277-3278	,	
12-20	3279-3284	wordt	
12-21	3285-3289	over	
12-22	3290-3293	het	
12-23	3294-3302	algemeen	
12-24	3303-3307	veel	
12-25	3308-3310	te	
12-26	3311-3315	laag	
12-27	3316-3327	aangeslagen	
12-28	3327-3328	.	

#Text=Veel te veel verliest men uit het oog, hoe menig uur
#Text=het kind, juist in die jaren, waarin de wasdom het sterkst plaats grijpt, waarin de beenderen hunne stevigheid, de spieren hare kracht, de longen hare elasticiteit moeten krijgen, in die bedompte lokalen doorbrengt, terwijl zijne beenderen en spieren, op de schoolbanken geketend, tot werkeloosheid gedoemd en zijne longen door eene irrespirabele lucht vervuld worden.
13-1	3329-3333	Veel	
13-2	3334-3336	te	
13-3	3337-3341	veel	
13-4	3342-3350	verliest	
13-5	3351-3354	men	
13-6	3355-3358	uit	
13-7	3359-3362	het	
13-8	3363-3366	oog	
13-9	3366-3367	,	
13-10	3368-3371	hoe	
13-11	3372-3377	menig	
13-12	3378-3381	uur	
13-13	3382-3385	het	
13-14	3386-3390	kind	
13-15	3390-3391	,	
13-16	3392-3397	juist	
13-17	3398-3400	in	
13-18	3401-3404	die	
13-19	3405-3410	jaren	
13-20	3410-3411	,	
13-21	3412-3418	waarin	
13-22	3419-3421	de	
13-23	3422-3428	wasdom	
13-24	3429-3432	het	
13-25	3433-3440	sterkst	
13-26	3441-3447	plaats	
13-27	3448-3454	grijpt	
13-28	3454-3455	,	
13-29	3456-3462	waarin	
13-30	3463-3465	de	
13-31	3466-3475	beenderen	
13-32	3476-3481	hunne	
13-33	3482-3492	stevigheid	
13-34	3492-3493	,	
13-35	3494-3496	de	
13-36	3497-3504	spieren	
13-37	3505-3509	hare	
13-38	3510-3516	kracht	
13-39	3516-3517	,	
13-40	3518-3520	de	
13-41	3521-3527	longen	
13-42	3528-3532	hare	
13-43	3533-3545	elasticiteit	
13-44	3546-3552	moeten	
13-45	3553-3560	krijgen	
13-46	3560-3561	,	
13-47	3562-3564	in	
13-48	3565-3568	die	
13-49	3569-3577	bedompte	
13-50	3578-3585	lokalen	
13-51	3586-3596	doorbrengt	
13-52	3596-3597	,	
13-53	3598-3605	terwijl	
13-54	3606-3611	zijne	
13-55	3612-3621	beenderen	
13-56	3622-3624	en	
13-57	3625-3632	spieren	
13-58	3632-3633	,	
13-59	3634-3636	op	
13-60	3637-3639	de	
13-61	3640-3652	schoolbanken	
13-62	3653-3661	geketend	
13-63	3661-3662	,	
13-64	3663-3666	tot	
13-65	3667-3680	werkeloosheid	
13-66	3681-3688	gedoemd	
13-67	3689-3691	en	
13-68	3692-3697	zijne	
13-69	3698-3704	longen	
13-70	3705-3709	door	
13-71	3710-3714	eene	
13-72	3715-3728	irrespirabele	
13-73	3729-3734	lucht	
13-74	3735-3742	vervuld	
13-75	3743-3749	worden	
13-76	3749-3750	.	

#Text=Zou daarin niet mede eene der oorzaken gelegen zijn, waardoor de 18jarige jongeling bij ons te lande zoo vaak ziekelijk en achterlijk gebleven is in zijne ontwikkeling?
14-1	3751-3754	Zou	
14-2	3755-3761	daarin	
14-3	3762-3766	niet	
14-4	3767-3771	mede	
14-5	3772-3776	eene	
14-6	3777-3780	der	
14-7	3781-3789	oorzaken	
14-8	3790-3797	gelegen	
14-9	3798-3802	zijn	
14-10	3802-3803	,	
14-11	3804-3812	waardoor	
14-12	3813-3815	de	
14-13	3816-3824	18jarige	
14-14	3825-3834	jongeling	
14-15	3835-3838	bij	
14-16	3839-3842	ons	
14-17	3843-3845	te	
14-18	3846-3851	lande	
14-19	3852-3855	zoo	
14-20	3856-3860	vaak	
14-21	3861-3870	ziekelijk	
14-22	3871-3873	en	
14-23	3874-3884	achterlijk	
14-24	3885-3893	gebleven	
14-25	3894-3896	is	
14-26	3897-3899	in	
14-27	3900-3905	zijne	
14-28	3906-3918	ontwikkeling	
14-29	3918-3919	?	
