#FORMAT=WebAnno TSV 3.3


#Text=der Nerven ſieben ſattgruͤne/ laͤnglicht
#Text=auß-
#Text=geſpitzte/ weiche blaͤttlein hervor wachſen/
#Text=
#Text=welche den blaͤttern der Wicken nicht unaͤhn-
#Text=lich.
1-1	3-6	der	
1-2	7-13	Nerven	
1-3	14-20	ſieben	
1-4	21-31	ſattgruͤne	
1-5	31-32	/	
1-6	33-43	laͤnglicht	
1-7	44-47	auß	
1-8	47-48	-	
1-9	49-58	geſpitzte	
1-10	58-59	/	
1-11	60-66	weiche	
1-12	67-77	blaͤttlein	
1-13	78-84	hervor	
1-14	85-92	wachſen	
1-15	92-93	/	
1-16	95-101	welche	
1-17	102-105	den	
1-18	106-115	blaͤttern	
1-19	116-119	der	
1-20	120-126	Wicken	
1-21	127-132	nicht	
1-22	133-139	unaͤhn	
1-23	139-140	-	
1-24	141-145	lich	
1-25	145-146	.	

#Text=Traͤgt weiſſe wolriechende/ auß einem
#Text=laͤnglichen duͤnnen holen ſtiel auffſteigende/
#Text=
#Text=in fuͤnff oben zertheilte/ unden aber in ein
#Text=kelchlein zuſammen gewachſene blaͤttlein
#Text=underſchieden.
2-1	147-153	Traͤgt	
2-2	154-160	weiſſe	
2-3	161-173	wolriechende	
2-4	173-174	/	
2-5	175-178	auß	
2-6	179-184	einem	
2-7	185-196	laͤnglichen	
2-8	197-204	duͤnnen	
2-9	205-210	holen	
2-10	211-216	ſtiel	
2-11	217-230	auffſteigende	
2-12	230-231	/	
2-13	233-235	in	
2-14	236-242	fuͤnff	
2-15	243-247	oben	
2-16	248-258	zertheilte	
2-17	258-259	/	
2-18	260-265	unden	
2-19	266-270	aber	
2-20	271-273	in	
2-21	274-277	ein	
2-22	278-287	kelchlein	
2-23	288-296	zuſammen	
2-24	297-307	gewachſene	
2-25	308-318	blaͤttlein	
2-26	319-332	underſchieden	
2-27	332-333	.	

#Text=Auf die bluͤmlein folgen gruͤn-
#Text=
#Text=liche beere/ darinnen runde kleine ſamen mit
#Text=ſchwartzen ringlein umbgeben ſich finden.
3-1	334-337	Auf	
3-2	338-341	die	
3-3	342-351	bluͤmlein	
3-4	352-358	folgen	
3-5	359-364	gruͤn	
3-6	364-365	-	
3-7	367-372	liche	
3-8	373-378	beere	
3-9	378-379	/	
3-10	380-388	darinnen	
3-11	389-394	runde	
3-12	395-401	kleine	
3-13	402-407	ſamen	
3-14	408-411	mit	
3-15	412-422	ſchwartzen	
3-16	423-431	ringlein	
3-17	432-440	umbgeben	
3-18	441-445	ſich	
3-19	446-452	finden	
3-20	452-453	.	

#Text=Solche Frucht der beere wird allein in den
#Text=warmen Laͤndern an dieſem gewaͤchs geſe-
#Text=hen/ denn in den kalten Laͤndern fallen die
#Text=bluͤmlein gantz ab/ ohne daß beere hernach-
#Text=wachſen.
4-1	455-461	Solche	
4-2	462-468	Frucht	
4-3	469-472	der	
4-4	473-478	beere	
4-5	479-483	wird	
4-6	484-490	allein	
4-7	491-493	in	
4-8	494-497	den	
4-9	498-504	warmen	
4-10	505-513	Laͤndern	
4-11	514-516	an	
4-12	517-523	dieſem	
4-13	524-532	gewaͤchs	
4-14	533-537	geſe	
4-15	537-538	-	
4-16	539-542	hen	
4-17	542-543	/	
4-18	544-548	denn	
4-19	549-551	in	
4-20	552-555	den	
4-21	556-562	kalten	
4-22	563-571	Laͤndern	
4-23	572-578	fallen	
4-24	579-582	die	
4-25	583-592	bluͤmlein	
4-26	593-598	gantz	
4-27	599-601	ab	
4-28	601-602	/	
4-29	603-607	ohne	
4-30	608-611	daß	
4-31	612-617	beere	
4-32	618-625	hernach	
4-33	625-626	-	
4-34	627-634	wachſen	
4-35	634-635	.	

#Text=Dieſe Veielraͤben wird in warmen
#Text=
#Text=Laͤndern in die Garten-better gepflantzet/ in
#Text=den kalten aber in Garten-kachel gezielet/
#Text=
#Text=umb guten geruch in dem Lufft davon zu
#Text=erwecken.
5-1	636-641	Dieſe	
5-2	642-653	Veielraͤben	
5-3	654-658	wird	
5-4	659-661	in	
5-5	662-668	warmen	
5-6	670-678	Laͤndern	
5-7	679-681	in	
5-8	682-685	die	
5-9	686-699	Garten-better	
5-10	700-711	gepflantzet	
5-11	711-712	/	
5-12	713-715	in	
5-13	716-719	den	
5-14	720-726	kalten	
5-15	727-731	aber	
5-16	732-734	in	
5-17	735-748	Garten-kachel	
5-18	749-757	gezielet	
5-19	757-758	/	
5-20	760-763	umb	
5-21	764-769	guten	
5-22	770-776	geruch	
5-23	777-779	in	
5-24	780-783	dem	
5-25	784-789	Lufft	
5-26	790-795	davon	
5-27	796-798	zu	
5-28	799-807	erwecken	
5-29	807-808	.	

#Text=II.
6-1	811-813	II	
6-2	813-814	.	

#Text=Das andere Geſchlecht iſt der gelbe
#Text=Jaßmin/ Jaſminum ſ.
7-1	815-818	Das	
7-2	819-825	andere	
7-3	826-836	Geſchlecht	
7-4	837-840	iſt	
7-5	841-844	der	
7-6	845-850	gelbe	
7-7	851-857	Jaßmin	
7-8	857-858	/	
7-9	859-867	Jaſminum	
7-10	868-869	ſ	
7-11	869-870	.	

#Text=Gelſeminum luteum,
#Text=J.
8-1	871-881	Gelſeminum	
8-2	882-888	luteum	
8-3	888-889	,	
8-4	890-891	J	
8-5	891-892	.	

#Text=B.
9-1	893-894	B	
9-2	894-895	.	

#Text=Jaſminum humilius luteum, C.
10-1	896-904	Jaſminum	
10-2	905-913	humilius	
10-3	914-920	luteum	
10-4	920-921	,	
10-5	922-923	C	
10-6	923-924	.	

#Text=B.
11-1	925-926	B	
11-2	926-927	.	

#Text=Dieſes
#Text=
#Text=waͤchſt
#Text=wie der vorige Jaſmin mit gruͤnen/
#Text=
#Text=eckichten/ geſtreifften zweigen auff/ an wel-
#Text=chen gemeinlich außgeſpitzte/ hartlichere und
#Text=
#Text=groͤſſere
#Text=
#Text=\f
#Text=[
#Text=223/0239
#Text=]
12-1	928-934	Dieſes	
12-2	936-943	waͤchſt	
12-3	944-947	wie	
12-4	948-951	der	
12-5	952-958	vorige	
12-6	959-965	Jaſmin	
12-7	966-969	mit	
12-8	970-977	gruͤnen	
12-9	977-978	/	
12-10	980-989	eckichten	
12-11	989-990	/	
12-12	991-1003	geſtreifften	
12-13	1004-1011	zweigen	
12-14	1012-1016	auff	
12-15	1016-1017	/	
12-16	1018-1020	an	
12-17	1021-1024	wel	
12-18	1024-1025	-	
12-19	1026-1030	chen	
12-20	1031-1041	gemeinlich	
12-21	1042-1054	außgeſpitzte	
12-22	1054-1055	/	
12-23	1056-1067	hartlichere	
12-24	1068-1071	und	
12-25	1073-1082	groͤſſere	
12-26	1086-1087	[	
12-27	1088-1091	223	
12-28	1091-1092	/	
12-29	1092-1096	0239	
12-30	1097-1098	]	
