#FORMAT=WebAnno TSV 3.3


#Text=4 Holocaustum autem hoc offeret princeps Domino : in die sabbati, sex agnos immaculatos, et arietem immaculatum, 5 et sacrificium ephi per arietem, in agnis autem sacrificium quod dederit manus ejus, et olei hin per singula ephi.
#Text=6 In die autem calendarum vitulum de armento immaculatum, et sex agni et arietes immaculati erunt.
#Text=7 Et ephi per vitulum, ephi quoque per arietem faciet sacrificium : de agnis autem sicut invenerit manus ejus, et olei hin per singula ephi.
#Text=8 Cumque ingressurus est princeps, per viam vestibuli portæ ingrediatur, et per eamdem viam exeat.
#Text=9 Et cum intrabit populus terræ in conspectu Domini in solemnitatibus, qui ingreditur per portam aquilonis ut adoret, egrediatur per viam portæ meridianæ : porro qui ingreditur per viam portæ meridianæ, egrediatur per viam portæ aquilonis.
1-1	2-3	4	
1-2	4-15	Holocaustum	
1-3	16-21	autem	
1-4	22-25	hoc	
1-5	26-33	offeret	
1-6	34-42	princeps	
1-7	43-49	Domino	
1-8	50-51	:	
1-9	52-54	in	
1-10	55-58	die	
1-11	59-66	sabbati	
1-12	66-67	,	
1-13	68-71	sex	
1-14	72-77	agnos	
1-15	78-89	immaculatos	
1-16	89-90	,	
1-17	91-93	et	
1-18	94-101	arietem	
1-19	102-113	immaculatum	
1-20	113-114	,	
1-21	115-116	5	
1-22	117-119	et	
1-23	120-131	sacrificium	
1-24	132-136	ephi	
1-25	137-140	per	
1-26	141-148	arietem	
1-27	148-149	,	
1-28	150-152	in	
1-29	153-158	agnis	
1-30	159-164	autem	
1-31	165-176	sacrificium	
1-32	177-181	quod	
1-33	182-189	dederit	
1-34	190-195	manus	
1-35	196-200	ejus	
1-36	200-201	,	
1-37	202-204	et	
1-38	205-209	olei	
1-39	210-213	hin	
1-40	214-217	per	
1-41	218-225	singula	
1-42	226-230	ephi	
1-43	230-231	.	
1-44	232-233	6	
1-45	234-236	In	
1-46	237-240	die	
1-47	241-246	autem	
1-48	247-257	calendarum	
1-49	258-265	vitulum	
1-50	266-268	de	
1-51	269-276	armento	
1-52	277-288	immaculatum	
1-53	288-289	,	
1-54	290-292	et	
1-55	293-296	sex	
1-56	297-301	agni	
1-57	302-304	et	
1-58	305-312	arietes	
1-59	313-323	immaculati	
1-60	324-329	erunt	
1-61	329-330	.	
1-62	331-332	7	
1-63	333-335	Et	
1-64	336-340	ephi	
1-65	341-344	per	
1-66	345-352	vitulum	
1-67	352-353	,	
1-68	354-358	ephi	
1-69	359-365	quoque	
1-70	366-369	per	
1-71	370-377	arietem	
1-72	378-384	faciet	
1-73	385-396	sacrificium	
1-74	397-398	:	
1-75	399-401	de	
1-76	402-407	agnis	
1-77	408-413	autem	
1-78	414-419	sicut	
1-79	420-429	invenerit	
1-80	430-435	manus	
1-81	436-440	ejus	
1-82	440-441	,	
1-83	442-444	et	
1-84	445-449	olei	
1-85	450-453	hin	
1-86	454-457	per	
1-87	458-465	singula	
1-88	466-470	ephi	
1-89	470-471	.	
1-90	472-473	8	
1-91	474-480	Cumque	
1-92	481-492	ingressurus	
1-93	493-496	est	
1-94	497-505	princeps	
1-95	505-506	,	
1-96	507-510	per	
1-97	511-515	viam	
1-98	516-525	vestibuli	
1-99	526-531	portæ	
1-100	532-543	ingrediatur	
1-101	543-544	,	
1-102	545-547	et	
1-103	548-551	per	
1-104	552-558	eamdem	
1-105	559-563	viam	
1-106	564-569	exeat	
1-107	569-570	.	
1-108	571-572	9	
1-109	573-575	Et	
1-110	576-579	cum	
1-111	580-588	intrabit	
1-112	589-596	populus	
1-113	597-602	terræ	
1-114	603-605	in	
1-115	606-615	conspectu	
1-116	616-622	Domini	
1-117	623-625	in	
1-118	626-640	solemnitatibus	
1-119	640-641	,	
1-120	642-645	qui	
1-121	646-656	ingreditur	
1-122	657-660	per	
1-123	661-667	portam	
1-124	668-677	aquilonis	
1-125	678-680	ut	
1-126	681-687	adoret	
1-127	687-688	,	
1-128	689-699	egrediatur	
1-129	700-703	per	
1-130	704-708	viam	
1-131	709-714	portæ	
1-132	715-724	meridianæ	
1-133	725-726	:	
1-134	727-732	porro	
1-135	733-736	qui	
1-136	737-747	ingreditur	
1-137	748-751	per	
1-138	752-756	viam	
1-139	757-762	portæ	
1-140	763-772	meridianæ	
1-141	772-773	,	
1-142	774-784	egrediatur	
1-143	785-788	per	
1-144	789-793	viam	
1-145	794-799	portæ	
1-146	800-809	aquilonis	
1-147	809-810	.	

#Text=Non revertetur per viam portæ per quam ingressus est, sed e regione illius egredietur.
#Text=10 Princeps autem in medio eorum cum ingredientibus ingredietur, et cum egredientibus egredietur.
#Text=11 Et in nundinis, et in solemnitatibus, erit sacrificium ephi per vitulum, et ephi per arietem : agnis autem erit sacrificium sicut invenerit manus ejus, et olei hin per singula ephi.
#Text=12 Cum autem fecerit princeps spontaneum holocaustum, aut pacifica voluntaria Domino, aperietur ei porta quæ respicit ad orientem, et faciet holocaustum suum et pacifica sua, sicut fieri solet in die sabbati : et egredietur, claudeturque porta postquam exierit.
#Text=13 Et agnum ejusdem anni immaculatum faciet holocaustum quotidie Domino : semper mane faciet illud.
#Text=14 Et faciet sacrificium super eo cata mane mane sextam partem ephi, et de oleo tertiam partem hin, ut misceatur similæ : sacrificium Domino legitimum, juge atque perpetuum.
#Text=15 Faciet agnum, et sacrificium, et oleum cata mane mane, holocaustum sempiternum.
#Text=16 Hæc dicit Dominus Deus : Si dederit princeps donum alicui de filiis suis, hæreditas ejus filiorum suorum erit : possidebunt eam hæreditarie.
#Text=17 Si autem dederit legatum de hæreditate sua uni servorum suorum, erit illius usque ad annum remissionis, et revertetur ad principem : hæreditas autem ejus filiis ejus erit.
#Text=18 Et non accipiet princeps de hæreditate populi per violentiam, et de possessione eorum : sed de possessione sua hæreditatem dabit filiis suis, ut non dispergatur populus meus unusquisque a possessione sua.
#Text=19 Et introduxit me per ingressum qui erat ex latere portæ, in gazophylacia sanctuarii ad sacerdotes, quæ respiciebant ad aquilonem : et erat ibi locus vergens ad occidentem.
#Text=20 Et dixit ad me : Iste est locus ubi coquent sacerdotes pro peccato et pro delicto : ubi coquent sacrificium, ut non efferant in atrium exterius, et sanctificetur populus.
#Text=21 Et eduxit me in atrium exterius, et circumduxit me per quatuor angulos atrii : et ecce atriolum erat in angulo atrii, atriola singula per angulos atrii.
#Text=22 In quatuor angulis atrii atriola disposita, quadraginta cubitorum per longum, et triginta per latum : mensuræ unius quatuor erant.
#Text=23 Et paries per circuitum ambiens quatuor atriola : et culinæ fabricatæ erant subter porticus per gyrum.
2-1	811-814	Non	
2-2	815-825	revertetur	
2-3	826-829	per	
2-4	830-834	viam	
2-5	835-840	portæ	
2-6	841-844	per	
2-7	845-849	quam	
2-8	850-859	ingressus	
2-9	860-863	est	
2-10	863-864	,	
2-11	865-868	sed	
2-12	869-870	e	
2-13	871-878	regione	
2-14	879-885	illius	
2-15	886-896	egredietur	
2-16	896-897	.	
2-17	898-900	10	
2-18	901-909	Princeps	
2-19	910-915	autem	
2-20	916-918	in	
2-21	919-924	medio	
2-22	925-930	eorum	
2-23	931-934	cum	
2-24	935-949	ingredientibus	
2-25	950-961	ingredietur	
2-26	961-962	,	
2-27	963-965	et	
2-28	966-969	cum	
2-29	970-983	egredientibus	
2-30	984-994	egredietur	
2-31	994-995	.	
2-32	996-998	11	
2-33	999-1001	Et	
2-34	1002-1004	in	
2-35	1005-1013	nundinis	
2-36	1013-1014	,	
2-37	1015-1017	et	
2-38	1018-1020	in	
2-39	1021-1035	solemnitatibus	
2-40	1035-1036	,	
2-41	1037-1041	erit	
2-42	1042-1053	sacrificium	
2-43	1054-1058	ephi	
2-44	1059-1062	per	
2-45	1063-1070	vitulum	
2-46	1070-1071	,	
2-47	1072-1074	et	
2-48	1075-1079	ephi	
2-49	1080-1083	per	
2-50	1084-1091	arietem	
2-51	1092-1093	:	
2-52	1094-1099	agnis	
2-53	1100-1105	autem	
2-54	1106-1110	erit	
2-55	1111-1122	sacrificium	
2-56	1123-1128	sicut	
2-57	1129-1138	invenerit	
2-58	1139-1144	manus	
2-59	1145-1149	ejus	
2-60	1149-1150	,	
2-61	1151-1153	et	
2-62	1154-1158	olei	
2-63	1159-1162	hin	
2-64	1163-1166	per	
2-65	1167-1174	singula	
2-66	1175-1179	ephi	
2-67	1179-1180	.	
2-68	1181-1183	12	
2-69	1184-1187	Cum	
2-70	1188-1193	autem	
2-71	1194-1201	fecerit	
2-72	1202-1210	princeps	
2-73	1211-1221	spontaneum	
2-74	1222-1233	holocaustum	
2-75	1233-1234	,	
2-76	1235-1238	aut	
2-77	1239-1247	pacifica	
2-78	1248-1258	voluntaria	
2-79	1259-1265	Domino	
2-80	1265-1266	,	
2-81	1267-1276	aperietur	
2-82	1277-1279	ei	
2-83	1280-1285	porta	
2-84	1286-1289	quæ	
2-85	1290-1298	respicit	
2-86	1299-1301	ad	
2-87	1302-1310	orientem	
2-88	1310-1311	,	
2-89	1312-1314	et	
2-90	1315-1321	faciet	
2-91	1322-1333	holocaustum	
2-92	1334-1338	suum	
2-93	1339-1341	et	
2-94	1342-1350	pacifica	
2-95	1351-1354	sua	
2-96	1354-1355	,	
2-97	1356-1361	sicut	
2-98	1362-1367	fieri	
2-99	1368-1373	solet	
2-100	1374-1376	in	
2-101	1377-1380	die	
2-102	1381-1388	sabbati	
2-103	1389-1390	:	
2-104	1391-1393	et	
2-105	1394-1404	egredietur	
2-106	1404-1405	,	
2-107	1406-1418	claudeturque	
2-108	1419-1424	porta	
2-109	1425-1433	postquam	
2-110	1434-1441	exierit	
2-111	1441-1442	.	
2-112	1443-1445	13	
2-113	1446-1448	Et	
2-114	1449-1454	agnum	
2-115	1455-1462	ejusdem	
2-116	1463-1467	anni	
2-117	1468-1479	immaculatum	
2-118	1480-1486	faciet	
2-119	1487-1498	holocaustum	
2-120	1499-1507	quotidie	
2-121	1508-1514	Domino	
2-122	1515-1516	:	
2-123	1517-1523	semper	
2-124	1524-1528	mane	
2-125	1529-1535	faciet	
2-126	1536-1541	illud	
2-127	1541-1542	.	
2-128	1543-1545	14	
2-129	1546-1548	Et	
2-130	1549-1555	faciet	
2-131	1556-1567	sacrificium	
2-132	1568-1573	super	
2-133	1574-1576	eo	
2-134	1577-1581	cata	
2-135	1582-1586	mane	
2-136	1587-1591	mane	
2-137	1592-1598	sextam	
2-138	1599-1605	partem	
2-139	1606-1610	ephi	
2-140	1610-1611	,	
2-141	1612-1614	et	
2-142	1615-1617	de	
2-143	1618-1622	oleo	
2-144	1623-1630	tertiam	
2-145	1631-1637	partem	
2-146	1638-1641	hin	
2-147	1641-1642	,	
2-148	1643-1645	ut	
2-149	1646-1655	misceatur	
2-150	1656-1662	similæ	
2-151	1663-1664	:	
2-152	1665-1676	sacrificium	
2-153	1677-1683	Domino	
2-154	1684-1693	legitimum	
2-155	1693-1694	,	
2-156	1695-1699	juge	
2-157	1700-1705	atque	
2-158	1706-1715	perpetuum	
2-159	1715-1716	.	
2-160	1717-1719	15	
2-161	1720-1726	Faciet	
2-162	1727-1732	agnum	
2-163	1732-1733	,	
2-164	1734-1736	et	
2-165	1737-1748	sacrificium	
2-166	1748-1749	,	
2-167	1750-1752	et	
2-168	1753-1758	oleum	
2-169	1759-1763	cata	
2-170	1764-1768	mane	
2-171	1769-1773	mane	
2-172	1773-1774	,	
2-173	1775-1786	holocaustum	
2-174	1787-1798	sempiternum	
2-175	1798-1799	.	
2-176	1800-1802	16	
2-177	1803-1806	Hæc	
2-178	1807-1812	dicit	
2-179	1813-1820	Dominus	
2-180	1821-1825	Deus	
2-181	1826-1827	:	
2-182	1828-1830	Si	
2-183	1831-1838	dederit	
2-184	1839-1847	princeps	
2-185	1848-1853	donum	
2-186	1854-1860	alicui	
2-187	1861-1863	de	
2-188	1864-1870	filiis	
2-189	1871-1875	suis	
2-190	1875-1876	,	
2-191	1877-1886	hæreditas	
2-192	1887-1891	ejus	
2-193	1892-1900	filiorum	
2-194	1901-1907	suorum	
2-195	1908-1912	erit	
2-196	1913-1914	:	
2-197	1915-1926	possidebunt	
2-198	1927-1930	eam	
2-199	1931-1942	hæreditarie	
2-200	1942-1943	.	
2-201	1944-1946	17	
2-202	1947-1949	Si	
2-203	1950-1955	autem	
2-204	1956-1963	dederit	
2-205	1964-1971	legatum	
2-206	1972-1974	de	
2-207	1975-1985	hæreditate	
2-208	1986-1989	sua	
2-209	1990-1993	uni	
2-210	1994-2002	servorum	
2-211	2003-2009	suorum	
2-212	2009-2010	,	
2-213	2011-2015	erit	
2-214	2016-2022	illius	
2-215	2023-2028	usque	
2-216	2029-2031	ad	
2-217	2032-2037	annum	
2-218	2038-2049	remissionis	
2-219	2049-2050	,	
2-220	2051-2053	et	
2-221	2054-2064	revertetur	
2-222	2065-2067	ad	
2-223	2068-2077	principem	
2-224	2078-2079	:	
2-225	2080-2089	hæreditas	
2-226	2090-2095	autem	
2-227	2096-2100	ejus	
2-228	2101-2107	filiis	
2-229	2108-2112	ejus	
2-230	2113-2117	erit	
2-231	2117-2118	.	
2-232	2119-2121	18	
2-233	2122-2124	Et	
2-234	2125-2128	non	
2-235	2129-2137	accipiet	
2-236	2138-2146	princeps	
2-237	2147-2149	de	
2-238	2150-2160	hæreditate	
2-239	2161-2167	populi	
2-240	2168-2171	per	
2-241	2172-2182	violentiam	
2-242	2182-2183	,	
2-243	2184-2186	et	
2-244	2187-2189	de	
2-245	2190-2201	possessione	
2-246	2202-2207	eorum	
2-247	2208-2209	:	
2-248	2210-2213	sed	
2-249	2214-2216	de	
2-250	2217-2228	possessione	
2-251	2229-2232	sua	
2-252	2233-2244	hæreditatem	
2-253	2245-2250	dabit	
2-254	2251-2257	filiis	
2-255	2258-2262	suis	
2-256	2262-2263	,	
2-257	2264-2266	ut	
2-258	2267-2270	non	
2-259	2271-2282	dispergatur	
2-260	2283-2290	populus	
2-261	2291-2295	meus	
2-262	2296-2307	unusquisque	
2-263	2308-2309	a	
2-264	2310-2321	possessione	
2-265	2322-2325	sua	
2-266	2325-2326	.	
2-267	2327-2329	19	
2-268	2330-2332	Et	
2-269	2333-2343	introduxit	
2-270	2344-2346	me	
2-271	2347-2350	per	
2-272	2351-2360	ingressum	
2-273	2361-2364	qui	
2-274	2365-2369	erat	
2-275	2370-2372	ex	
2-276	2373-2379	latere	
2-277	2380-2385	portæ	
2-278	2385-2386	,	
2-279	2387-2389	in	
2-280	2390-2402	gazophylacia	
2-281	2403-2413	sanctuarii	
2-282	2414-2416	ad	
2-283	2417-2427	sacerdotes	
2-284	2427-2428	,	
2-285	2429-2432	quæ	
2-286	2433-2445	respiciebant	
2-287	2446-2448	ad	
2-288	2449-2458	aquilonem	
2-289	2459-2460	:	
2-290	2461-2463	et	
2-291	2464-2468	erat	
2-292	2469-2472	ibi	
2-293	2473-2478	locus	
2-294	2479-2486	vergens	
2-295	2487-2489	ad	
2-296	2490-2500	occidentem	
2-297	2500-2501	.	
2-298	2502-2504	20	
2-299	2505-2507	Et	
2-300	2508-2513	dixit	
2-301	2514-2516	ad	
2-302	2517-2519	me	
2-303	2520-2521	:	
2-304	2522-2526	Iste	
2-305	2527-2530	est	
2-306	2531-2536	locus	
2-307	2537-2540	ubi	
2-308	2541-2548	coquent	
2-309	2549-2559	sacerdotes	
2-310	2560-2563	pro	
2-311	2564-2571	peccato	
2-312	2572-2574	et	
2-313	2575-2578	pro	
2-314	2579-2586	delicto	
2-315	2587-2588	:	
2-316	2589-2592	ubi	
2-317	2593-2600	coquent	
2-318	2601-2612	sacrificium	
2-319	2612-2613	,	
2-320	2614-2616	ut	
2-321	2617-2620	non	
2-322	2621-2629	efferant	
2-323	2630-2632	in	
2-324	2633-2639	atrium	
2-325	2640-2648	exterius	
2-326	2648-2649	,	
2-327	2650-2652	et	
2-328	2653-2666	sanctificetur	
2-329	2667-2674	populus	
2-330	2674-2675	.	
2-331	2676-2678	21	
2-332	2679-2681	Et	
2-333	2682-2688	eduxit	
2-334	2689-2691	me	
2-335	2692-2694	in	
2-336	2695-2701	atrium	
2-337	2702-2710	exterius	
2-338	2710-2711	,	
2-339	2712-2714	et	
2-340	2715-2726	circumduxit	
2-341	2727-2729	me	
2-342	2730-2733	per	
2-343	2734-2741	quatuor	
2-344	2742-2749	angulos	
2-345	2750-2755	atrii	
2-346	2756-2757	:	
2-347	2758-2760	et	
2-348	2761-2765	ecce	
2-349	2766-2774	atriolum	
2-350	2775-2779	erat	
2-351	2780-2782	in	
2-352	2783-2789	angulo	
2-353	2790-2795	atrii	
2-354	2795-2796	,	
2-355	2797-2804	atriola	
2-356	2805-2812	singula	
2-357	2813-2816	per	
2-358	2817-2824	angulos	
2-359	2825-2830	atrii	
2-360	2830-2831	.	
2-361	2832-2834	22	
2-362	2835-2837	In	
2-363	2838-2845	quatuor	
2-364	2846-2853	angulis	
2-365	2854-2859	atrii	
2-366	2860-2867	atriola	
2-367	2868-2877	disposita	
2-368	2877-2878	,	
2-369	2879-2890	quadraginta	
2-370	2891-2900	cubitorum	
2-371	2901-2904	per	
2-372	2905-2911	longum	
2-373	2911-2912	,	
2-374	2913-2915	et	
2-375	2916-2924	triginta	
2-376	2925-2928	per	
2-377	2929-2934	latum	
2-378	2935-2936	:	
2-379	2937-2944	mensuræ	
2-380	2945-2950	unius	
2-381	2951-2958	quatuor	
2-382	2959-2964	erant	
2-383	2964-2965	.	
2-384	2966-2968	23	
2-385	2969-2971	Et	
2-386	2972-2978	paries	
2-387	2979-2982	per	
2-388	2983-2992	circuitum	
2-389	2993-3000	ambiens	
2-390	3001-3008	quatuor	
2-391	3009-3016	atriola	
2-392	3017-3018	:	
2-393	3019-3021	et	
2-394	3022-3028	culinæ	
2-395	3029-3038	fabricatæ	
2-396	3039-3044	erant	
2-397	3045-3051	subter	
2-398	3052-3060	porticus	
2-399	3061-3064	per	
2-400	3065-3070	gyrum	
2-401	3070-3071	.	
