#FORMAT=WebAnno TSV 3.3


#Text=Ende daer en was geen dagh desen gelijck, voor hem noch na hem, D. dat Godt om de bede eenes menschen, de sonne ende mane dede stille staen.
1-1	4-8	Ende	
1-2	9-13	daer	
1-3	14-16	en	
1-4	17-20	was	
1-5	21-25	geen	
1-6	26-30	dagh	
1-7	31-36	desen	
1-8	37-44	gelijck	
1-9	44-45	,	
1-10	46-50	voor	
1-11	51-54	hem	
1-12	55-59	noch	
1-13	60-62	na	
1-14	63-66	hem	
1-15	66-67	,	
1-16	68-69	D	
1-17	69-70	.	
1-18	71-74	dat	
1-19	75-79	Godt	
1-20	80-82	om	
1-21	83-85	de	
1-22	86-90	bede	
1-23	91-96	eenes	
1-24	97-105	menschen	
1-25	105-106	,	
1-26	107-109	de	
1-27	110-115	sonne	
1-28	116-120	ende	
1-29	121-125	mane	
1-30	126-130	dede	
1-31	131-137	stille	
1-32	138-143	staen	
1-33	143-144	.	

#Text=Ter tijt Ezechiae en is de sonne niet stille gestaen, maer te rugge gegaen.
#Text=dat de HEERE de stemme eenes mans [alsoo] verhoorde:
#Text=want de HEERE street voor Israël.
#Text=
#Text=15
#Text=T.w.
#Text=na dat hy verrichtt hadde alles wat van dit versken af tot het laetste vers deses
#Text=Capittels
#Text=verhaelt wort.
2-1	145-148	Ter	
2-2	149-153	tijt	
2-3	154-162	Ezechiae	
2-4	163-165	en	
2-5	166-168	is	
2-6	169-171	de	
2-7	172-177	sonne	
2-8	178-182	niet	
2-9	183-189	stille	
2-10	190-197	gestaen	
2-11	197-198	,	
2-12	199-203	maer	
2-13	204-206	te	
2-14	207-212	rugge	
2-15	213-219	gegaen	
2-16	219-220	.	
2-17	221-224	dat	
2-18	225-227	de	
2-19	228-233	HEERE	
2-20	234-236	de	
2-21	237-243	stemme	
2-22	244-249	eenes	
2-23	250-254	mans	
2-24	255-256	[	
2-25	256-261	alsoo	
2-26	261-262	]	
2-27	263-272	verhoorde	
2-28	272-273	:	
2-29	274-278	want	
2-30	279-281	de	
2-31	282-287	HEERE	
2-32	288-294	street	
2-33	295-299	voor	
2-34	300-306	Israël	
2-35	306-307	.	
2-36	309-311	15	
2-37	312-315	T.w	
2-38	315-316	.	
2-39	317-319	na	
2-40	320-323	dat	
2-41	324-326	hy	
2-42	327-336	verrichtt	
2-43	337-342	hadde	
2-44	343-348	alles	
2-45	349-352	wat	
2-46	353-356	van	
2-47	357-360	dit	
2-48	361-368	versken	
2-49	369-371	af	
2-50	372-375	tot	
2-51	376-379	het	
2-52	380-387	laetste	
2-53	388-392	vers	
2-54	393-398	deses	
2-55	399-408	Capittels	
2-56	409-417	verhaelt	
2-57	418-422	wort	
2-58	422-423	.	

#Text=De schrijver deses boecks heeft dese geheele oorloge als in eener somma in het korte, verhaelt:
#Text=daer na beschrijft hy wijtluchtiger ende nader, het gene dat sich daer in heeft toegedragen.
3-1	424-426	De	
3-2	427-436	schrijver	
3-3	437-442	deses	
3-4	443-449	boecks	
3-5	450-455	heeft	
3-6	456-460	dese	
3-7	461-468	geheele	
3-8	469-476	oorloge	
3-9	477-480	als	
3-10	481-483	in	
3-11	484-489	eener	
3-12	490-495	somma	
3-13	496-498	in	
3-14	499-502	het	
3-15	503-508	korte	
3-16	508-509	,	
3-17	510-518	verhaelt	
3-18	518-519	:	
3-19	520-524	daer	
3-20	525-527	na	
3-21	528-538	beschrijft	
3-22	539-541	hy	
3-23	542-555	wijtluchtiger	
3-24	556-560	ende	
3-25	561-566	nader	
3-26	566-567	,	
3-27	568-571	het	
3-28	572-576	gene	
3-29	577-580	dat	
3-30	581-585	sich	
3-31	586-590	daer	
3-32	591-593	in	
3-33	594-599	heeft	
3-34	600-611	toegedragen	
3-35	611-612	.	

#Text=Doe keerde Iosua weder, ende gantsch Israël met hem, na het leger te Gilgal.
#Text=
#Text=16
#Text=
#Text=
#Text=Maer T.w. die genoemt staen vers 3.
#Text=die vijf Koningen waren gevloden, ende hadden haer verborgen in de speloncke by Makkeda.
#Text=
#Text=17
#Text=
#Text=Ende Iosua
#Text=wiert geboodschapt, mits te seggen:
#Text=Die vijf Koningen zijn gevonden, verborgen in de speloncke by Makkeda:
#Text=18
#Text=Soo
4-1	613-616	Doe	
4-2	617-623	keerde	
4-3	624-629	Iosua	
4-4	630-635	weder	
4-5	635-636	,	
4-6	637-641	ende	
4-7	642-649	gantsch	
4-8	650-656	Israël	
4-9	657-660	met	
4-10	661-664	hem	
4-11	664-665	,	
4-12	666-668	na	
4-13	669-672	het	
4-14	673-678	leger	
4-15	679-681	te	
4-16	682-688	Gilgal	
4-17	688-689	.	
4-18	691-693	16	
4-19	696-700	Maer	
4-20	701-704	T.w	
4-21	704-705	.	
4-22	706-709	die	
4-23	710-717	genoemt	
4-24	718-723	staen	
4-25	724-728	vers	
4-26	729-730	3	
4-27	730-731	.	
4-28	732-735	die	
4-29	736-740	vijf	
4-30	741-749	Koningen	
4-31	750-755	waren	
4-32	756-764	gevloden	
4-33	764-765	,	
4-34	766-770	ende	
4-35	771-777	hadden	
4-36	778-782	haer	
4-37	783-792	verborgen	
4-38	793-795	in	
4-39	796-798	de	
4-40	799-808	speloncke	
4-41	809-811	by	
4-42	812-819	Makkeda	
4-43	819-820	.	
4-44	822-824	17	
4-45	826-830	Ende	
4-46	831-836	Iosua	
4-47	837-842	wiert	
4-48	843-855	geboodschapt	
4-49	855-856	,	
4-50	857-861	mits	
4-51	862-864	te	
4-52	865-871	seggen	
4-53	871-872	:	
4-54	873-876	Die	
4-55	877-881	vijf	
4-56	882-890	Koningen	
4-57	891-895	zijn	
4-58	896-904	gevonden	
4-59	904-905	,	
4-60	906-915	verborgen	
4-61	916-918	in	
4-62	919-921	de	
4-63	922-931	speloncke	
4-64	932-934	by	
4-65	935-942	Makkeda	
4-66	942-943	:	
4-67	944-946	18	
4-68	947-950	Soo	
