#FORMAT=WebAnno TSV 3.3


#Text=8 Et nunc audi hæc delicata, et habitans confidenter, quæ dicis in corde tuo : Ego sum, et non est præter me amplius ; non sedebo vidua, et ignorabo sterilitatem.
#Text=9 Venient tibi duo hæc subito in die una, sterilitas et viduitas : universa venerunt super te, propter multitudinem maleficiorum tuorum, et propter duritiam incantatorum tuorum vehementem.
#Text=10 Et fiduciam habuisti in malitia tua, et dixisti : Non est qui videat me.
1-1	2-3	8	
1-2	4-6	Et	
1-3	7-11	nunc	
1-4	12-16	audi	
1-5	17-20	hæc	
1-6	21-29	delicata	
1-7	29-30	,	
1-8	31-33	et	
1-9	34-42	habitans	
1-10	43-54	confidenter	
1-11	54-55	,	
1-12	56-59	quæ	
1-13	60-65	dicis	
1-14	66-68	in	
1-15	69-74	corde	
1-16	75-78	tuo	
1-17	79-80	:	
1-18	81-84	Ego	
1-19	85-88	sum	
1-20	88-89	,	
1-21	90-92	et	
1-22	93-96	non	
1-23	97-100	est	
1-24	101-107	præter	
1-25	108-110	me	
1-26	111-118	amplius	
1-27	119-120	;	
1-28	121-124	non	
1-29	125-131	sedebo	
1-30	132-137	vidua	
1-31	137-138	,	
1-32	139-141	et	
1-33	142-150	ignorabo	
1-34	151-163	sterilitatem	
1-35	163-164	.	
1-36	165-166	9	
1-37	167-174	Venient	
1-38	175-179	tibi	
1-39	180-183	duo	
1-40	184-187	hæc	
1-41	188-194	subito	
1-42	195-197	in	
1-43	198-201	die	
1-44	202-205	una	
1-45	205-206	,	
1-46	207-217	sterilitas	
1-47	218-220	et	
1-48	221-229	viduitas	
1-49	230-231	:	
1-50	232-240	universa	
1-51	241-249	venerunt	
1-52	250-255	super	
1-53	256-258	te	
1-54	258-259	,	
1-55	260-267	propter	
1-56	268-280	multitudinem	
1-57	281-293	maleficiorum	
1-58	294-300	tuorum	
1-59	300-301	,	
1-60	302-304	et	
1-61	305-312	propter	
1-62	313-321	duritiam	
1-63	322-334	incantatorum	
1-64	335-341	tuorum	
1-65	342-352	vehementem	
1-66	352-353	.	
1-67	354-356	10	
1-68	357-359	Et	
1-69	360-368	fiduciam	
1-70	369-377	habuisti	
1-71	378-380	in	
1-72	381-388	malitia	
1-73	389-392	tua	
1-74	392-393	,	
1-75	394-396	et	
1-76	397-404	dixisti	
1-77	405-406	:	
1-78	407-410	Non	
1-79	411-414	est	
1-80	415-418	qui	
1-81	419-425	videat	
1-82	426-428	me	
1-83	428-429	.	

#Text=Sapientia tua et scientia tua, hæc decepit te.
2-1	430-439	Sapientia	
2-2	440-443	tua	
2-3	444-446	et	
2-4	447-455	scientia	
2-5	456-459	tua	
2-6	459-460	,	
2-7	461-464	hæc	
2-8	465-472	decepit	
2-9	473-475	te	
2-10	475-476	.	

#Text=Et dixisti in corde tuo : Ego sum, et præter me non est altera.
#Text=11 Veniet super te malum, et nescies ortum ejus ; et irruet super te calamitas quam non poteris expiare ; veniet super te repente miseria quam nescies.
#Text=12 Sta cum incantatoribus tuis et cum multitudine maleficiorum tuorum, in quibus laborasti ab adolescentia tua, si forte quod prosit tibi, aut si possis fieri fortior.
#Text=13 Defecisti in multitudine consiliorum tuorum.
3-1	477-479	Et	
3-2	480-487	dixisti	
3-3	488-490	in	
3-4	491-496	corde	
3-5	497-500	tuo	
3-6	501-502	:	
3-7	503-506	Ego	
3-8	507-510	sum	
3-9	510-511	,	
3-10	512-514	et	
3-11	515-521	præter	
3-12	522-524	me	
3-13	525-528	non	
3-14	529-532	est	
3-15	533-539	altera	
3-16	539-540	.	
3-17	541-543	11	
3-18	544-550	Veniet	
3-19	551-556	super	
3-20	557-559	te	
3-21	560-565	malum	
3-22	565-566	,	
3-23	567-569	et	
3-24	570-577	nescies	
3-25	578-583	ortum	
3-26	584-588	ejus	
3-27	589-590	;	
3-28	591-593	et	
3-29	594-600	irruet	
3-30	601-606	super	
3-31	607-609	te	
3-32	610-619	calamitas	
3-33	620-624	quam	
3-34	625-628	non	
3-35	629-636	poteris	
3-36	637-644	expiare	
3-37	645-646	;	
3-38	647-653	veniet	
3-39	654-659	super	
3-40	660-662	te	
3-41	663-670	repente	
3-42	671-678	miseria	
3-43	679-683	quam	
3-44	684-691	nescies	
3-45	691-692	.	
3-46	693-695	12	
3-47	696-699	Sta	
3-48	700-703	cum	
3-49	704-718	incantatoribus	
3-50	719-723	tuis	
3-51	724-726	et	
3-52	727-730	cum	
3-53	731-742	multitudine	
3-54	743-755	maleficiorum	
3-55	756-762	tuorum	
3-56	762-763	,	
3-57	764-766	in	
3-58	767-773	quibus	
3-59	774-783	laborasti	
3-60	784-786	ab	
3-61	787-799	adolescentia	
3-62	800-803	tua	
3-63	803-804	,	
3-64	805-807	si	
3-65	808-813	forte	
3-66	814-818	quod	
3-67	819-825	prosit	
3-68	826-830	tibi	
3-69	830-831	,	
3-70	832-835	aut	
3-71	836-838	si	
3-72	839-845	possis	
3-73	846-851	fieri	
3-74	852-859	fortior	
3-75	859-860	.	
3-76	861-863	13	
3-77	864-873	Defecisti	
3-78	874-876	in	
3-79	877-888	multitudine	
3-80	889-900	consiliorum	
3-81	901-907	tuorum	
3-82	907-908	.	

#Text=Stent, et salvent te augures cæli, qui contemplabantur sidera, et supputabant menses, ut ex eis annuntiarent ventura tibi.
#Text=14 Ecce facti sunt quasi stipula, ignis combussit eos ; non liberabunt animam suam de manu flammæ ; non sunt prunæ quibus calefiant, nec focus ut sedeant ad eum.
#Text=15 Sic facta sunt tibi in quibuscumque laboraveras : negotiatores tui ab adolescentia tua, unusquisque in via sua erraverunt ; non est qui salvet te.
4-1	909-914	Stent	
4-2	914-915	,	
4-3	916-918	et	
4-4	919-926	salvent	
4-5	927-929	te	
4-6	930-937	augures	
4-7	938-942	cæli	
4-8	942-943	,	
4-9	944-947	qui	
4-10	948-963	contemplabantur	
4-11	964-970	sidera	
4-12	970-971	,	
4-13	972-974	et	
4-14	975-986	supputabant	
4-15	987-993	menses	
4-16	993-994	,	
4-17	995-997	ut	
4-18	998-1000	ex	
4-19	1001-1004	eis	
4-20	1005-1017	annuntiarent	
4-21	1018-1025	ventura	
4-22	1026-1030	tibi	
4-23	1030-1031	.	
4-24	1032-1034	14	
4-25	1035-1039	Ecce	
4-26	1040-1045	facti	
4-27	1046-1050	sunt	
4-28	1051-1056	quasi	
4-29	1057-1064	stipula	
4-30	1064-1065	,	
4-31	1066-1071	ignis	
4-32	1072-1081	combussit	
4-33	1082-1085	eos	
4-34	1086-1087	;	
4-35	1088-1091	non	
4-36	1092-1102	liberabunt	
4-37	1103-1109	animam	
4-38	1110-1114	suam	
4-39	1115-1117	de	
4-40	1118-1122	manu	
4-41	1123-1129	flammæ	
4-42	1130-1131	;	
4-43	1132-1135	non	
4-44	1136-1140	sunt	
4-45	1141-1146	prunæ	
4-46	1147-1153	quibus	
4-47	1154-1163	calefiant	
4-48	1163-1164	,	
4-49	1165-1168	nec	
4-50	1169-1174	focus	
4-51	1175-1177	ut	
4-52	1178-1185	sedeant	
4-53	1186-1188	ad	
4-54	1189-1192	eum	
4-55	1192-1193	.	
4-56	1194-1196	15	
4-57	1197-1200	Sic	
4-58	1201-1206	facta	
4-59	1207-1211	sunt	
4-60	1212-1216	tibi	
4-61	1217-1219	in	
4-62	1220-1232	quibuscumque	
4-63	1233-1244	laboraveras	
4-64	1245-1246	:	
4-65	1247-1259	negotiatores	
4-66	1260-1263	tui	
4-67	1264-1266	ab	
4-68	1267-1279	adolescentia	
4-69	1280-1283	tua	
4-70	1283-1284	,	
4-71	1285-1296	unusquisque	
4-72	1297-1299	in	
4-73	1300-1303	via	
4-74	1304-1307	sua	
4-75	1308-1318	erraverunt	
4-76	1319-1320	;	
4-77	1321-1324	non	
4-78	1325-1328	est	
4-79	1329-1332	qui	
4-80	1333-1339	salvet	
4-81	1340-1342	te	
4-82	1342-1343	.	

#Text=Caput 48
#Text=
#Text=
#Text=1 Audite hæc, domus Jacob, qui vocamini nomine Israël, et de aquis Juda existis ; qui juratis in nomine Domini, et Dei Israël recordamini non in veritate neque in justitia.
#Text=2 De civitate enim sancta vocati sunt, et super Deum Israël constabiliti sunt : Dominus exercituum nomen ejus.
#Text=3 Priora ex tunc annuntiavi, et ex ore meo exierunt, et audita feci ea : repente operatus sum, et venerunt.
#Text=4 Scivi enim quia durus es tu, et nervus ferreus cervix tua, et frons tua ærea.
#Text=5 Prædixi tibi ex tunc ; antequam venirent, indicavi tibi, ne forte diceres : Idola mea fecerunt hæc, et sculptilia mea et conflatilia mandaverunt ista.
#Text=6 Quæ audisti, vide omnia ; vos autem, num annuntiastis ?
5-1	1344-1349	Caput	
5-2	1350-1352	48	
5-3	1355-1356	1	
5-4	1357-1363	Audite	
5-5	1364-1367	hæc	
5-6	1367-1368	,	
5-7	1369-1374	domus	
5-8	1375-1380	Jacob	
5-9	1380-1381	,	
5-10	1382-1385	qui	
5-11	1386-1394	vocamini	
5-12	1395-1401	nomine	
5-13	1402-1408	Israël	
5-14	1408-1409	,	
5-15	1410-1412	et	
5-16	1413-1415	de	
5-17	1416-1421	aquis	
5-18	1422-1426	Juda	
5-19	1427-1434	existis	
5-20	1435-1436	;	
5-21	1437-1440	qui	
5-22	1441-1448	juratis	
5-23	1449-1451	in	
5-24	1452-1458	nomine	
5-25	1459-1465	Domini	
5-26	1465-1466	,	
5-27	1467-1469	et	
5-28	1470-1473	Dei	
5-29	1474-1480	Israël	
5-30	1481-1492	recordamini	
5-31	1493-1496	non	
5-32	1497-1499	in	
5-33	1500-1508	veritate	
5-34	1509-1514	neque	
5-35	1515-1517	in	
5-36	1518-1526	justitia	
5-37	1526-1527	.	
5-38	1528-1529	2	
5-39	1530-1532	De	
5-40	1533-1541	civitate	
5-41	1542-1546	enim	
5-42	1547-1553	sancta	
5-43	1554-1560	vocati	
5-44	1561-1565	sunt	
5-45	1565-1566	,	
5-46	1567-1569	et	
5-47	1570-1575	super	
5-48	1576-1580	Deum	
5-49	1581-1587	Israël	
5-50	1588-1600	constabiliti	
5-51	1601-1605	sunt	
5-52	1606-1607	:	
5-53	1608-1615	Dominus	
5-54	1616-1626	exercituum	
5-55	1627-1632	nomen	
5-56	1633-1637	ejus	
5-57	1637-1638	.	
5-58	1639-1640	3	
5-59	1641-1647	Priora	
5-60	1648-1650	ex	
5-61	1651-1655	tunc	
5-62	1656-1666	annuntiavi	
5-63	1666-1667	,	
5-64	1668-1670	et	
5-65	1671-1673	ex	
5-66	1674-1677	ore	
5-67	1678-1681	meo	
5-68	1682-1690	exierunt	
5-69	1690-1691	,	
5-70	1692-1694	et	
5-71	1695-1701	audita	
5-72	1702-1706	feci	
5-73	1707-1709	ea	
5-74	1710-1711	:	
5-75	1712-1719	repente	
5-76	1720-1728	operatus	
5-77	1729-1732	sum	
5-78	1732-1733	,	
5-79	1734-1736	et	
5-80	1737-1745	venerunt	
5-81	1745-1746	.	
5-82	1747-1748	4	
5-83	1749-1754	Scivi	
5-84	1755-1759	enim	
5-85	1760-1764	quia	
5-86	1765-1770	durus	
5-87	1771-1773	es	
5-88	1774-1776	tu	
5-89	1776-1777	,	
5-90	1778-1780	et	
5-91	1781-1787	nervus	
5-92	1788-1795	ferreus	
5-93	1796-1802	cervix	
5-94	1803-1806	tua	
5-95	1806-1807	,	
5-96	1808-1810	et	
5-97	1811-1816	frons	
5-98	1817-1820	tua	
5-99	1821-1825	ærea	
5-100	1825-1826	.	
5-101	1827-1828	5	
5-102	1829-1836	Prædixi	
5-103	1837-1841	tibi	
5-104	1842-1844	ex	
5-105	1845-1849	tunc	
5-106	1850-1851	;	
5-107	1852-1860	antequam	
5-108	1861-1869	venirent	
5-109	1869-1870	,	
5-110	1871-1879	indicavi	
5-111	1880-1884	tibi	
5-112	1884-1885	,	
5-113	1886-1888	ne	
5-114	1889-1894	forte	
5-115	1895-1902	diceres	
5-116	1903-1904	:	
5-117	1905-1910	Idola	
5-118	1911-1914	mea	
5-119	1915-1923	fecerunt	
5-120	1924-1927	hæc	
5-121	1927-1928	,	
5-122	1929-1931	et	
5-123	1932-1942	sculptilia	
5-124	1943-1946	mea	
5-125	1947-1949	et	
5-126	1950-1961	conflatilia	
5-127	1962-1973	mandaverunt	
5-128	1974-1978	ista	
5-129	1978-1979	.	
5-130	1980-1981	6	
5-131	1982-1985	Quæ	
5-132	1986-1993	audisti	
5-133	1993-1994	,	
5-134	1995-1999	vide	
5-135	2000-2005	omnia	
5-136	2006-2007	;	
5-137	2008-2011	vos	
5-138	2012-2017	autem	
5-139	2017-2018	,	
5-140	2019-2022	num	
5-141	2023-2035	annuntiastis	
5-142	2036-2037	?	

#Text=Audita feci tibi nova ex tunc, et conservata sunt quæ nescis.
#Text=7 Nunc creata sunt et non ex tunc ; et ante diem, et non audisti ea, ne forte dicas : Ecce ego cognovi ea.
#Text=8 Neque audisti, neque cognovisti, neque ex tunc aperta est auris tua : scio enim quia prævaricans prævaricaberis, et transgressorem ex utero vocavi te.
6-1	2038-2044	Audita	
6-2	2045-2049	feci	
6-3	2050-2054	tibi	
6-4	2055-2059	nova	
6-5	2060-2062	ex	
6-6	2063-2067	tunc	
6-7	2067-2068	,	
6-8	2069-2071	et	
6-9	2072-2082	conservata	
6-10	2083-2087	sunt	
6-11	2088-2091	quæ	
6-12	2092-2098	nescis	
6-13	2098-2099	.	
6-14	2100-2101	7	
6-15	2102-2106	Nunc	
6-16	2107-2113	creata	
6-17	2114-2118	sunt	
6-18	2119-2121	et	
6-19	2122-2125	non	
6-20	2126-2128	ex	
6-21	2129-2133	tunc	
6-22	2134-2135	;	
6-23	2136-2138	et	
6-24	2139-2143	ante	
6-25	2144-2148	diem	
6-26	2148-2149	,	
6-27	2150-2152	et	
6-28	2153-2156	non	
6-29	2157-2164	audisti	
6-30	2165-2167	ea	
6-31	2167-2168	,	
6-32	2169-2171	ne	
6-33	2172-2177	forte	
6-34	2178-2183	dicas	
6-35	2184-2185	:	
6-36	2186-2190	Ecce	
6-37	2191-2194	ego	
6-38	2195-2202	cognovi	
6-39	2203-2205	ea	
6-40	2205-2206	.	
6-41	2207-2208	8	
6-42	2209-2214	Neque	
6-43	2215-2222	audisti	
6-44	2222-2223	,	
6-45	2224-2229	neque	
6-46	2230-2240	cognovisti	
6-47	2240-2241	,	
6-48	2242-2247	neque	
6-49	2248-2250	ex	
6-50	2251-2255	tunc	
6-51	2256-2262	aperta	
6-52	2263-2266	est	
6-53	2267-2272	auris	
6-54	2273-2276	tua	
6-55	2277-2278	:	
6-56	2279-2283	scio	
6-57	2284-2288	enim	
6-58	2289-2293	quia	
6-59	2294-2305	prævaricans	
6-60	2306-2320	prævaricaberis	
6-61	2320-2321	,	
6-62	2322-2324	et	
6-63	2325-2339	transgressorem	
6-64	2340-2342	ex	
6-65	2343-2348	utero	
6-66	2349-2355	vocavi	
6-67	2356-2358	te	
6-68	2358-2359	.	
