{"_context" : {
    "_types" : {
      "DocumentMetaData" : {
        "_feature_types" : {"sofa" : "_ref" } }, 
      "Relation" : {
        "_feature_types" : {"sofa" : "_ref",  "Dependent" : "_ref",  "Governor" : "_ref" } }, 
      "Sentence" : {
        "_feature_types" : {"sofa" : "_ref" } }, 
      "Sofa" : {
        "_feature_types" : {"sofaArray" : "_ref" } }, 
      "Span" : {
        "_feature_types" : {"sofa" : "_ref" } }, 
      "TagsetDescription" : {
        "_feature_types" : {"sofa" : "_ref",  "tags" : "_ref" } }, 
      "Token" : {
        "_feature_types" : {"sofa" : "_ref",  "parent" : "_ref",  "lemma" : "_ref",  "stem" : "_ref",  "pos" : "_ref",  "morph" : "_ref",  "form" : "_ref" } }, 
      "DocumentAnnotation" : {
        "_feature_types" : {"sofa" : "_ref" }, 
        "_subtypes" : ["DocumentMetaData" ] }, 
      "Annotation" : {
        "_feature_types" : {"sofa" : "_ref" }, 
        "_subtypes" : ["DocumentAnnotation",  "Relation",  "Sentence",  "Span",  "TagsetDescription",  "Token" ] }, 
      "AnnotationBase" : {
        "_feature_types" : {"sofa" : "_ref" }, 
        "_subtypes" : ["Annotation" ] }, 
      "TOP" : {
        "_subtypes" : ["AnnotationBase",  "Sofa" ] } } }, 
  "_views" : {
    "_InitialView" : {
      "Relation" : [
        {"sofa" : 1,  "begin" : 192,  "end" : 194,  "Dependent" : 7320,  "Governor" : 7397,  "label" : "Anaphoric" }, 
        {"sofa" : 1,  "begin" : 273,  "end" : 282,  "Dependent" : 7279,  "Governor" : 7284 }, 
        {"sofa" : 1,  "begin" : 273,  "end" : 282,  "Dependent" : 7279,  "Governor" : 7289 }, 
        {"sofa" : 1,  "begin" : 273,  "end" : 282,  "Dependent" : 7279,  "Governor" : 7308 }, 
        {"sofa" : 1,  "begin" : 273,  "end" : 282,  "Dependent" : 7279,  "Governor" : 7320 }, 
        {"sofa" : 1,  "begin" : 329,  "end" : 331,  "Dependent" : 7359,  "Governor" : 7397,  "label" : "Anaphoric" }, 
        {"sofa" : 1,  "begin" : 426,  "end" : 431,  "Dependent" : 7349,  "Governor" : 7371 }, 
        {"sofa" : 1,  "begin" : 426,  "end" : 431,  "Dependent" : 7349,  "Governor" : 7354 }, 
        {"sofa" : 1,  "begin" : 426,  "end" : 431,  "Dependent" : 7349,  "Governor" : 7359 }, 
        {"sofa" : 1,  "begin" : 819,  "end" : 828,  "Dependent" : 7421,  "Governor" : 7431 }, 
        {"sofa" : 1,  "begin" : 819,  "end" : 828,  "Dependent" : 7421,  "Governor" : 7426 }, 
        {"sofa" : 1,  "begin" : 819,  "end" : 828,  "Dependent" : 7421,  "Governor" : 7450 }, 
        {"sofa" : 1,  "begin" : 819,  "end" : 828,  "Dependent" : 7421,  "Governor" : 7455 }, 
        {"sofa" : 1,  "begin" : 1011,  "end" : 1017,  "Dependent" : 7416,  "Governor" : 7479 }, 
        {"sofa" : 1,  "begin" : 1011,  "end" : 1017,  "Dependent" : 7416,  "Governor" : 7474 }, 
        {"sofa" : 1,  "begin" : 1118,  "end" : 1124,  "Dependent" : 7498,  "Governor" : 7503 }, 
        {"sofa" : 1,  "begin" : 1118,  "end" : 1124,  "Dependent" : 7498,  "Governor" : 7474 }, 
        {"sofa" : 1,  "begin" : 1159,  "end" : 1161,  "Dependent" : 7527,  "Governor" : 7474,  "label" : "Anaphoric" }, 
        {"sofa" : 1,  "begin" : 1167,  "end" : 1172,  "Dependent" : 7522,  "Governor" : 7527 }, 
        {"sofa" : 1,  "begin" : 1167,  "end" : 1172,  "Dependent" : 7522,  "Governor" : 7546 }, 
        {"sofa" : 1,  "begin" : 1167,  "end" : 1172,  "Dependent" : 7522,  "Governor" : 7558 }, 
        {"sofa" : 1,  "begin" : 2065,  "end" : 2070,  "Dependent" : 7587,  "Governor" : 7597,  "label" : "Anaphoric" }, 
        {"sofa" : 1,  "begin" : 2065,  "end" : 2070,  "Dependent" : 7587,  "Governor" : 7592,  "label" : "Anaphoric" }, 
        {"sofa" : 1,  "begin" : 2080,  "end" : 2085,  "Dependent" : 7570,  "Governor" : 7575 }, 
        {"sofa" : 1,  "begin" : 2080,  "end" : 2085,  "Dependent" : 7570,  "Governor" : 7587 }, 
        {"sofa" : 1,  "begin" : 2446,  "end" : 2454,  "Dependent" : 7628,  "Governor" : 7623 }, 
        {"sofa" : 1,  "begin" : 2446,  "end" : 2454,  "Dependent" : 7628,  "Governor" : 7640 }, 
        {"sofa" : 1,  "begin" : 2446,  "end" : 2454,  "Dependent" : 7628,  "Governor" : 7652 }, 
        {"sofa" : 1,  "begin" : 2446,  "end" : 2454,  "Dependent" : 7628,  "Governor" : 7657 }, 
        {"sofa" : 1,  "begin" : 2446,  "end" : 2454,  "Dependent" : 7628,  "Governor" : 7667 }, 
        {"sofa" : 1,  "begin" : 2446,  "end" : 2454,  "Dependent" : 7628,  "Governor" : 7662 }, 
        {"sofa" : 1,  "begin" : 2446,  "end" : 2454,  "Dependent" : 7628,  "Governor" : 7672 }, 
        {"sofa" : 1,  "begin" : 2446,  "end" : 2454,  "Dependent" : 7628,  "Governor" : 7677 }, 
        {"sofa" : 1,  "begin" : 2446,  "end" : 2454,  "Dependent" : 7628,  "Governor" : 7682 }, 
        {"sofa" : 1,  "begin" : 2446,  "end" : 2454,  "Dependent" : 7628,  "Governor" : 7687 }, 
        {"sofa" : 1,  "begin" : 2446,  "end" : 2454,  "Dependent" : 7628,  "Governor" : 7692 }, 
        {"sofa" : 1,  "begin" : 2697,  "end" : 2699,  "Dependent" : 7770,  "Governor" : 7765,  "label" : "Anaphoric" }, 
        {"sofa" : 1,  "begin" : 2717,  "end" : 2722,  "Dependent" : 7760,  "Governor" : 7782 }, 
        {"sofa" : 1,  "begin" : 2717,  "end" : 2722,  "Dependent" : 7760,  "Governor" : 7787 }, 
        {"sofa" : 1,  "begin" : 2717,  "end" : 2722,  "Dependent" : 7760,  "Governor" : 7770 } ], 
      "Span" : [7397,  7308,  7320,  7289,  7284,  7279,  7359,  7354,  7349,  7371,  7450,  7455,  7421,  7426,  7431,  7474,  7479,  7416,  7503,  7498,  7527,  7522,  7558,  7546,  7592,  7597,  7587,  7575,  7570,  7623,  7628,  7640,  7652,  7657,  7662,  7667,  7672,  7677,  7682,  7687,  7692,  7765,  7770,  7782,  7787,  7760 ], 
      "DocumentMetaData" : [
        {"sofa" : 1,  "end" : 2760,  "language" : "x-unspecified",  "documentTitle" : "060E%20Eugene%20Rimmel%201865%20The%20Book%20of%20Perfumes__964_distribution_PER.txt",  "documentId" : "teresa",  "documentUri" : "file:/home/dhuser/alessio/inception/repository/project/29/document/8708/source/teresa",  "collectionId" : "file:/home/dhuser/alessio/inception/repository/project/29/document/8708/source/",  "documentBaseUri" : "file:/home/dhuser/alessio/inception/repository/project/29/document/8708/source/",  "isLastSegment" : false } ], 
      "TagsetDescription" : [
        {"sofa" : 1,  "layer" : "webanno.custom.Emotions",  "name" : "Emotion Labels",  "input" : false }, 
        {"sofa" : 1,  "layer" : "custom.Relation",  "name" : "Relation labels",  "input" : false }, 
        {"sofa" : 1,  "layer" : "custom.Span",  "name" : "Smell labels",  "input" : false } ], 
      "Sentence" : [
        {"sofa" : 1,  "end" : 178 }, 
        {"sofa" : 1,  "begin" : 179,  "end" : 328 }, 
        {"sofa" : 1,  "begin" : 329,  "end" : 457 }, 
        {"sofa" : 1,  "begin" : 459,  "end" : 527 }, 
        {"sofa" : 1,  "begin" : 528,  "end" : 564 }, 
        {"sofa" : 1,  "begin" : 565,  "end" : 650 }, 
        {"sofa" : 1,  "begin" : 653,  "end" : 778 }, 
        {"sofa" : 1,  "begin" : 779,  "end" : 970 }, 
        {"sofa" : 1,  "begin" : 972,  "end" : 1125 }, 
        {"sofa" : 1,  "begin" : 1126,  "end" : 1157 }, 
        {"sofa" : 1,  "begin" : 1159,  "end" : 1292 }, 
        {"sofa" : 1,  "begin" : 1293,  "end" : 1439 }, 
        {"sofa" : 1,  "begin" : 1440,  "end" : 1500 }, 
        {"sofa" : 1,  "begin" : 1501,  "end" : 1692 }, 
        {"sofa" : 1,  "begin" : 1693,  "end" : 1855 }, 
        {"sofa" : 1,  "begin" : 1857,  "end" : 2114 }, 
        {"sofa" : 1,  "begin" : 2115,  "end" : 2199 }, 
        {"sofa" : 1,  "begin" : 2200,  "end" : 2334 }, 
        {"sofa" : 1,  "begin" : 2335,  "end" : 2412 }, 
        {"sofa" : 1,  "begin" : 2414,  "end" : 2608 }, 
        {"sofa" : 1,  "begin" : 2609,  "end" : 2696 }, 
        {"sofa" : 1,  "begin" : 2697,  "end" : 2759 } ], 
      "Token" : [
        {"sofa" : 1,  "end" : 3 }, 
        {"sofa" : 1,  "begin" : 4,  "end" : 9 }, 
        {"sofa" : 1,  "begin" : 10,  "end" : 13 }, 
        {"sofa" : 1,  "begin" : 14,  "end" : 18 }, 
        {"sofa" : 1,  "begin" : 19,  "end" : 28 }, 
        {"sofa" : 1,  "begin" : 29,  "end" : 31 }, 
        {"sofa" : 1,  "begin" : 32,  "end" : 36 }, 
        {"sofa" : 1,  "begin" : 37,  "end" : 43 }, 
        {"sofa" : 1,  "begin" : 44,  "end" : 46 }, 
        {"sofa" : 1,  "begin" : 47,  "end" : 50 }, 
        {"sofa" : 1,  "begin" : 51,  "end" : 56 }, 
        {"sofa" : 1,  "begin" : 57,  "end" : 59 }, 
        {"sofa" : 1,  "begin" : 60,  "end" : 65 }, 
        {"sofa" : 1,  "begin" : 66,  "end" : 70 }, 
        {"sofa" : 1,  "begin" : 71,  "end" : 73 }, 
        {"sofa" : 1,  "begin" : 74,  "end" : 79 }, 
        {"sofa" : 1,  "begin" : 80,  "end" : 88 }, 
        {"sofa" : 1,  "begin" : 89,  "end" : 93 }, 
        {"sofa" : 1,  "begin" : 94,  "end" : 102 }, 
        {"sofa" : 1,  "begin" : 103,  "end" : 111 }, 
        {"sofa" : 1,  "begin" : 112,  "end" : 115 }, 
        {"sofa" : 1,  "begin" : 116,  "end" : 124 }, 
        {"sofa" : 1,  "begin" : 125,  "end" : 128 }, 
        {"sofa" : 1,  "begin" : 129,  "end" : 133 }, 
        {"sofa" : 1,  "begin" : 134,  "end" : 136 }, 
        {"sofa" : 1,  "begin" : 137,  "end" : 140 }, 
        {"sofa" : 1,  "begin" : 141,  "end" : 147 }, 
        {"sofa" : 1,  "begin" : 148,  "end" : 158 }, 
        {"sofa" : 1,  "begin" : 159,  "end" : 163 }, 
        {"sofa" : 1,  "begin" : 164,  "end" : 169 }, 
        {"sofa" : 1,  "begin" : 170,  "end" : 177 }, 
        {"sofa" : 1,  "begin" : 177,  "end" : 178 }, 
        {"sofa" : 1,  "begin" : 179,  "end" : 181 }, 
        {"sofa" : 1,  "begin" : 182,  "end" : 191 }, 
        {"sofa" : 1,  "begin" : 192,  "end" : 194 }, 
        {"sofa" : 1,  "begin" : 195,  "end" : 197 }, 
        {"sofa" : 1,  "begin" : 198,  "end" : 199 }, 
        {"sofa" : 1,  "begin" : 200,  "end" : 204 }, 
        {"sofa" : 1,  "begin" : 205,  "end" : 213 }, 
        {"sofa" : 1,  "begin" : 214,  "end" : 223 }, 
        {"sofa" : 1,  "begin" : 223,  "end" : 224 }, 
        {"sofa" : 1,  "begin" : 225,  "end" : 235 }, 
        {"sofa" : 1,  "begin" : 236,  "end" : 238 }, 
        {"sofa" : 1,  "begin" : 239,  "end" : 242 }, 
        {"sofa" : 1,  "begin" : 243,  "end" : 250 }, 
        {"sofa" : 1,  "begin" : 251,  "end" : 257 }, 
        {"sofa" : 1,  "begin" : 258,  "end" : 259 }, 
        {"sofa" : 1,  "begin" : 260,  "end" : 265 }, 
        {"sofa" : 1,  "begin" : 266,  "end" : 272 }, 
        {"sofa" : 1,  "begin" : 273,  "end" : 282 }, 
        {"sofa" : 1,  "begin" : 282,  "end" : 283 }, 
        {"sofa" : 1,  "begin" : 284,  "end" : 289 }, 
        {"sofa" : 1,  "begin" : 290,  "end" : 297 }, 
        {"sofa" : 1,  "begin" : 298,  "end" : 300 }, 
        {"sofa" : 1,  "begin" : 301,  "end" : 307 }, 
        {"sofa" : 1,  "begin" : 308,  "end" : 314 }, 
        {"sofa" : 1,  "begin" : 315,  "end" : 317 }, 
        {"sofa" : 1,  "begin" : 318,  "end" : 327 }, 
        {"sofa" : 1,  "begin" : 327,  "end" : 328 }, 
        {"sofa" : 1,  "begin" : 329,  "end" : 331 }, 
        {"sofa" : 1,  "begin" : 332,  "end" : 337 }, 
        {"sofa" : 1,  "begin" : 338,  "end" : 342 }, 
        {"sofa" : 1,  "begin" : 343,  "end" : 354 }, 
        {"sofa" : 1,  "begin" : 355,  "end" : 357 }, 
        {"sofa" : 1,  "begin" : 358,  "end" : 361 }, 
        {"sofa" : 1,  "begin" : 362,  "end" : 368 }, 
        {"sofa" : 1,  "begin" : 368,  "end" : 369 }, 
        {"sofa" : 1,  "begin" : 370,  "end" : 373 }, 
        {"sofa" : 1,  "begin" : 373,  "end" : 374 }, 
        {"sofa" : 1,  "begin" : 375,  "end" : 380 }, 
        {"sofa" : 1,  "begin" : 381,  "end" : 385 }, 
        {"sofa" : 1,  "begin" : 386,  "end" : 394 }, 
        {"sofa" : 1,  "begin" : 394,  "end" : 395 }, 
        {"sofa" : 1,  "begin" : 396,  "end" : 398 }, 
        {"sofa" : 1,  "begin" : 399,  "end" : 404 }, 
        {"sofa" : 1,  "begin" : 405,  "end" : 409 }, 
        {"sofa" : 1,  "begin" : 410,  "end" : 412 }, 
        {"sofa" : 1,  "begin" : 413,  "end" : 420 }, 
        {"sofa" : 1,  "begin" : 421,  "end" : 425 }, 
        {"sofa" : 1,  "begin" : 426,  "end" : 431 }, 
        {"sofa" : 1,  "begin" : 431,  "end" : 432 }, 
        {"sofa" : 1,  "begin" : 433,  "end" : 438 }, 
        {"sofa" : 1,  "begin" : 439,  "end" : 441 }, 
        {"sofa" : 1,  "begin" : 442,  "end" : 451 }, 
        {"sofa" : 1,  "begin" : 452,  "end" : 456 }, 
        {"sofa" : 1,  "begin" : 456,  "end" : 457 }, 
        {"sofa" : 1,  "begin" : 459,  "end" : 462 }, 
        {"sofa" : 1,  "begin" : 463,  "end" : 469 }, 
        {"sofa" : 1,  "begin" : 470,  "end" : 478 }, 
        {"sofa" : 1,  "begin" : 479,  "end" : 480 }, 
        {"sofa" : 1,  "begin" : 481,  "end" : 485 }, 
        {"sofa" : 1,  "begin" : 486,  "end" : 489 }, 
        {"sofa" : 1,  "begin" : 490,  "end" : 494 }, 
        {"sofa" : 1,  "begin" : 494,  "end" : 495 }, 
        {"sofa" : 1,  "begin" : 496,  "end" : 500 }, 
        {"sofa" : 1,  "begin" : 501,  "end" : 508 }, 
        {"sofa" : 1,  "begin" : 509,  "end" : 511 }, 
        {"sofa" : 1,  "begin" : 512,  "end" : 515 }, 
        {"sofa" : 1,  "begin" : 516,  "end" : 519 }, 
        {"sofa" : 1,  "begin" : 519,  "end" : 520 }, 
        {"sofa" : 1,  "begin" : 520,  "end" : 521 }, 
        {"sofa" : 1,  "begin" : 522,  "end" : 526 }, 
        {"sofa" : 1,  "begin" : 526,  "end" : 527 }, 
        {"sofa" : 1,  "begin" : 528,  "end" : 531 }, 
        {"sofa" : 1,  "begin" : 532,  "end" : 536 }, 
        {"sofa" : 1,  "begin" : 537,  "end" : 541 }, 
        {"sofa" : 1,  "begin" : 542,  "end" : 546 }, 
        {"sofa" : 1,  "begin" : 547,  "end" : 549 }, 
        {"sofa" : 1,  "begin" : 550,  "end" : 553 }, 
        {"sofa" : 1,  "begin" : 554,  "end" : 559 }, 
        {"sofa" : 1,  "begin" : 560,  "end" : 563 }, 
        {"sofa" : 1,  "begin" : 563,  "end" : 564 }, 
        {"sofa" : 1,  "begin" : 565,  "end" : 568 }, 
        {"sofa" : 1,  "begin" : 569,  "end" : 574 }, 
        {"sofa" : 1,  "begin" : 575,  "end" : 581 }, 
        {"sofa" : 1,  "begin" : 582,  "end" : 586 }, 
        {"sofa" : 1,  "begin" : 587,  "end" : 588 }, 
        {"sofa" : 1,  "begin" : 589,  "end" : 591 }, 
        {"sofa" : 1,  "begin" : 591,  "end" : 592 }, 
        {"sofa" : 1,  "begin" : 593,  "end" : 595 }, 
        {"sofa" : 1,  "begin" : 596,  "end" : 598 }, 
        {"sofa" : 1,  "begin" : 599,  "end" : 602 }, 
        {"sofa" : 1,  "begin" : 602,  "end" : 603 }, 
        {"sofa" : 1,  "begin" : 604,  "end" : 607 }, 
        {"sofa" : 1,  "begin" : 608,  "end" : 613 }, 
        {"sofa" : 1,  "begin" : 614,  "end" : 618 }, 
        {"sofa" : 1,  "begin" : 618,  "end" : 619 }, 
        {"sofa" : 1,  "begin" : 620,  "end" : 629 }, 
        {"sofa" : 1,  "begin" : 630,  "end" : 632 }, 
        {"sofa" : 1,  "begin" : 633,  "end" : 636 }, 
        {"sofa" : 1,  "begin" : 637,  "end" : 640 }, 
        {"sofa" : 1,  "begin" : 641,  "end" : 649 }, 
        {"sofa" : 1,  "begin" : 649,  "end" : 650 }, 
        {"sofa" : 1,  "begin" : 653,  "end" : 656 }, 
        {"sofa" : 1,  "begin" : 657,  "end" : 665 }, 
        {"sofa" : 1,  "begin" : 666,  "end" : 669 }, 
        {"sofa" : 1,  "begin" : 670,  "end" : 678 }, 
        {"sofa" : 1,  "begin" : 679,  "end" : 684 }, 
        {"sofa" : 1,  "begin" : 685,  "end" : 690 }, 
        {"sofa" : 1,  "begin" : 691,  "end" : 692 }, 
        {"sofa" : 1,  "begin" : 693,  "end" : 697 }, 
        {"sofa" : 1,  "begin" : 698,  "end" : 703 }, 
        {"sofa" : 1,  "begin" : 704,  "end" : 711 }, 
        {"sofa" : 1,  "begin" : 711,  "end" : 712 }, 
        {"sofa" : 1,  "begin" : 713,  "end" : 714 }, 
        {"sofa" : 1,  "begin" : 715,  "end" : 719 }, 
        {"sofa" : 1,  "begin" : 720,  "end" : 726 }, 
        {"sofa" : 1,  "begin" : 727,  "end" : 730 }, 
        {"sofa" : 1,  "begin" : 731,  "end" : 734 }, 
        {"sofa" : 1,  "begin" : 735,  "end" : 741 }, 
        {"sofa" : 1,  "begin" : 742,  "end" : 744 }, 
        {"sofa" : 1,  "begin" : 745,  "end" : 753 }, 
        {"sofa" : 1,  "begin" : 754,  "end" : 758 }, 
        {"sofa" : 1,  "begin" : 759,  "end" : 763 }, 
        {"sofa" : 1,  "begin" : 764,  "end" : 766 }, 
        {"sofa" : 1,  "begin" : 767,  "end" : 777 }, 
        {"sofa" : 1,  "begin" : 777,  "end" : 778 }, 
        {"sofa" : 1,  "begin" : 779,  "end" : 781 }, 
        {"sofa" : 1,  "begin" : 782,  "end" : 788 }, 
        {"sofa" : 1,  "begin" : 788,  "end" : 789 }, 
        {"sofa" : 1,  "begin" : 790,  "end" : 793 }, 
        {"sofa" : 1,  "begin" : 794,  "end" : 805 }, 
        {"sofa" : 1,  "begin" : 806,  "end" : 808 }, 
        {"sofa" : 1,  "begin" : 809,  "end" : 814 }, 
        {"sofa" : 1,  "begin" : 814,  "end" : 815 }, 
        {"sofa" : 1,  "begin" : 816,  "end" : 818 }, 
        {"sofa" : 1,  "begin" : 819,  "end" : 828 }, 
        {"sofa" : 1,  "begin" : 829,  "end" : 832 }, 
        {"sofa" : 1,  "begin" : 833,  "end" : 835 }, 
        {"sofa" : 1,  "begin" : 836,  "end" : 842 }, 
        {"sofa" : 1,  "begin" : 843,  "end" : 845 }, 
        {"sofa" : 1,  "begin" : 846,  "end" : 850 }, 
        {"sofa" : 1,  "begin" : 850,  "end" : 851 }, 
        {"sofa" : 1,  "begin" : 852,  "end" : 857 }, 
        {"sofa" : 1,  "begin" : 858,  "end" : 860 }, 
        {"sofa" : 1,  "begin" : 861,  "end" : 865 }, 
        {"sofa" : 1,  "begin" : 866,  "end" : 868 }, 
        {"sofa" : 1,  "begin" : 869,  "end" : 874 }, 
        {"sofa" : 1,  "begin" : 875,  "end" : 877 }, 
        {"sofa" : 1,  "begin" : 878,  "end" : 881 }, 
        {"sofa" : 1,  "begin" : 882,  "end" : 887 }, 
        {"sofa" : 1,  "begin" : 887,  "end" : 888 }, 
        {"sofa" : 1,  "begin" : 889,  "end" : 892 }, 
        {"sofa" : 1,  "begin" : 893,  "end" : 899 }, 
        {"sofa" : 1,  "begin" : 900,  "end" : 903 }, 
        {"sofa" : 1,  "begin" : 904,  "end" : 911 }, 
        {"sofa" : 1,  "begin" : 912,  "end" : 919 }, 
        {"sofa" : 1,  "begin" : 920,  "end" : 923 }, 
        {"sofa" : 1,  "begin" : 924,  "end" : 927 }, 
        {"sofa" : 1,  "begin" : 928,  "end" : 940 }, 
        {"sofa" : 1,  "begin" : 941,  "end" : 949 }, 
        {"sofa" : 1,  "begin" : 950,  "end" : 952 }, 
        {"sofa" : 1,  "begin" : 953,  "end" : 958 }, 
        {"sofa" : 1,  "begin" : 959,  "end" : 961 }, 
        {"sofa" : 1,  "begin" : 962,  "end" : 969 }, 
        {"sofa" : 1,  "begin" : 969,  "end" : 970 }, 
        {"sofa" : 1,  "begin" : 972,  "end" : 975 }, 
        {"sofa" : 1,  "begin" : 976,  "end" : 982 }, 
        {"sofa" : 1,  "begin" : 983,  "end" : 985 }, 
        {"sofa" : 1,  "begin" : 986,  "end" : 989 }, 
        {"sofa" : 1,  "begin" : 990,  "end" : 992 }, 
        {"sofa" : 1,  "begin" : 993,  "end" : 996 }, 
        {"sofa" : 1,  "begin" : 997,  "end" : 1001 }, 
        {"sofa" : 1,  "begin" : 1002,  "end" : 1010 }, 
        {"sofa" : 1,  "begin" : 1011,  "end" : 1017 }, 
        {"sofa" : 1,  "begin" : 1018,  "end" : 1020 }, 
        {"sofa" : 1,  "begin" : 1021,  "end" : 1027 }, 
        {"sofa" : 1,  "begin" : 1027,  "end" : 1028 }, 
        {"sofa" : 1,  "begin" : 1029,  "end" : 1032 }, 
        {"sofa" : 1,  "begin" : 1033,  "end" : 1037 }, 
        {"sofa" : 1,  "begin" : 1038,  "end" : 1043 }, 
        {"sofa" : 1,  "begin" : 1044,  "end" : 1054 }, 
        {"sofa" : 1,  "begin" : 1055,  "end" : 1062 }, 
        {"sofa" : 1,  "begin" : 1062,  "end" : 1063 }, 
        {"sofa" : 1,  "begin" : 1065,  "end" : 1066 }, 
        {"sofa" : 1,  "begin" : 1066,  "end" : 1071 }, 
        {"sofa" : 1,  "begin" : 1072,  "end" : 1077 }, 
        {"sofa" : 1,  "begin" : 1077,  "end" : 1078 }, 
        {"sofa" : 1,  "begin" : 1079,  "end" : 1085 }, 
        {"sofa" : 1,  "begin" : 1086,  "end" : 1091 }, 
        {"sofa" : 1,  "begin" : 1092,  "end" : 1096 }, 
        {"sofa" : 1,  "begin" : 1097,  "end" : 1102 }, 
        {"sofa" : 1,  "begin" : 1103,  "end" : 1106 }, 
        {"sofa" : 1,  "begin" : 1107,  "end" : 1112 }, 
        {"sofa" : 1,  "begin" : 1113,  "end" : 1117 }, 
        {"sofa" : 1,  "begin" : 1118,  "end" : 1124 }, 
        {"sofa" : 1,  "begin" : 1124,  "end" : 1125 }, 
        {"sofa" : 1,  "begin" : 1126,  "end" : 1128 }, 
        {"sofa" : 1,  "begin" : 1129,  "end" : 1132 }, 
        {"sofa" : 1,  "begin" : 1133,  "end" : 1137 }, 
        {"sofa" : 1,  "begin" : 1138,  "end" : 1140 }, 
        {"sofa" : 1,  "begin" : 1141,  "end" : 1145 }, 
        {"sofa" : 1,  "begin" : 1145,  "end" : 1146 }, 
        {"sofa" : 1,  "begin" : 1146,  "end" : 1147 }, 
        {"sofa" : 1,  "begin" : 1148,  "end" : 1154 }, 
        {"sofa" : 1,  "begin" : 1155,  "end" : 1156 }, 
        {"sofa" : 1,  "begin" : 1156,  "end" : 1157 }, 
        {"sofa" : 1,  "begin" : 1159,  "end" : 1161 }, 
        {"sofa" : 1,  "begin" : 1162,  "end" : 1164 }, 
        {"sofa" : 1,  "begin" : 1165,  "end" : 1166 }, 
        {"sofa" : 1,  "begin" : 1167,  "end" : 1172 }, 
        {"sofa" : 1,  "begin" : 1173,  "end" : 1178 }, 
        {"sofa" : 1,  "begin" : 1179,  "end" : 1186 }, 
        {"sofa" : 1,  "begin" : 1187,  "end" : 1190 }, 
        {"sofa" : 1,  "begin" : 1190,  "end" : 1191 }, 
        {"sofa" : 1,  "begin" : 1192,  "end" : 1196 }, 
        {"sofa" : 1,  "begin" : 1197,  "end" : 1200 }, 
        {"sofa" : 1,  "begin" : 1201,  "end" : 1205 }, 
        {"sofa" : 1,  "begin" : 1206,  "end" : 1214 }, 
        {"sofa" : 1,  "begin" : 1215,  "end" : 1218 }, 
        {"sofa" : 1,  "begin" : 1219,  "end" : 1226 }, 
        {"sofa" : 1,  "begin" : 1226,  "end" : 1227 }, 
        {"sofa" : 1,  "begin" : 1228,  "end" : 1231 }, 
        {"sofa" : 1,  "begin" : 1232,  "end" : 1234 }, 
        {"sofa" : 1,  "begin" : 1235,  "end" : 1237 }, 
        {"sofa" : 1,  "begin" : 1238,  "end" : 1240 }, 
        {"sofa" : 1,  "begin" : 1241,  "end" : 1247 }, 
        {"sofa" : 1,  "begin" : 1248,  "end" : 1252 }, 
        {"sofa" : 1,  "begin" : 1253,  "end" : 1255 }, 
        {"sofa" : 1,  "begin" : 1256,  "end" : 1262 }, 
        {"sofa" : 1,  "begin" : 1263,  "end" : 1265 }, 
        {"sofa" : 1,  "begin" : 1266,  "end" : 1268 }, 
        {"sofa" : 1,  "begin" : 1269,  "end" : 1273 }, 
        {"sofa" : 1,  "begin" : 1274,  "end" : 1283 }, 
        {"sofa" : 1,  "begin" : 1284,  "end" : 1291 }, 
        {"sofa" : 1,  "begin" : 1291,  "end" : 1292 }, 
        {"sofa" : 1,  "begin" : 1293,  "end" : 1296 }, 
        {"sofa" : 1,  "begin" : 1297,  "end" : 1304 }, 
        {"sofa" : 1,  "begin" : 1305,  "end" : 1308 }, 
        {"sofa" : 1,  "begin" : 1309,  "end" : 1315 }, 
        {"sofa" : 1,  "begin" : 1316,  "end" : 1320 }, 
        {"sofa" : 1,  "begin" : 1321,  "end" : 1327 }, 
        {"sofa" : 1,  "begin" : 1328,  "end" : 1339 }, 
        {"sofa" : 1,  "begin" : 1340,  "end" : 1344 }, 
        {"sofa" : 1,  "begin" : 1345,  "end" : 1353 }, 
        {"sofa" : 1,  "begin" : 1354,  "end" : 1358 }, 
        {"sofa" : 1,  "begin" : 1359,  "end" : 1361 }, 
        {"sofa" : 1,  "begin" : 1362,  "end" : 1366 }, 
        {"sofa" : 1,  "begin" : 1366,  "end" : 1367 }, 
        {"sofa" : 1,  "begin" : 1368,  "end" : 1371 }, 
        {"sofa" : 1,  "begin" : 1372,  "end" : 1383 }, 
        {"sofa" : 1,  "begin" : 1384,  "end" : 1392 }, 
        {"sofa" : 1,  "begin" : 1393,  "end" : 1402 }, 
        {"sofa" : 1,  "begin" : 1403,  "end" : 1405 }, 
        {"sofa" : 1,  "begin" : 1406,  "end" : 1409 }, 
        {"sofa" : 1,  "begin" : 1410,  "end" : 1414 }, 
        {"sofa" : 1,  "begin" : 1415,  "end" : 1424 }, 
        {"sofa" : 1,  "begin" : 1425,  "end" : 1429 }, 
        {"sofa" : 1,  "begin" : 1430,  "end" : 1433 }, 
        {"sofa" : 1,  "begin" : 1434,  "end" : 1438 }, 
        {"sofa" : 1,  "begin" : 1438,  "end" : 1439 }, 
        {"sofa" : 1,  "begin" : 1440,  "end" : 1443 }, 
        {"sofa" : 1,  "begin" : 1444,  "end" : 1451 }, 
        {"sofa" : 1,  "begin" : 1452,  "end" : 1456 }, 
        {"sofa" : 1,  "begin" : 1457,  "end" : 1459 }, 
        {"sofa" : 1,  "begin" : 1460,  "end" : 1463 }, 
        {"sofa" : 1,  "begin" : 1464,  "end" : 1470 }, 
        {"sofa" : 1,  "begin" : 1471,  "end" : 1476 }, 
        {"sofa" : 1,  "begin" : 1477,  "end" : 1483 }, 
        {"sofa" : 1,  "begin" : 1484,  "end" : 1485 }, 
        {"sofa" : 1,  "begin" : 1485,  "end" : 1490 }, 
        {"sofa" : 1,  "begin" : 1491,  "end" : 1498 }, 
        {"sofa" : 1,  "begin" : 1498,  "end" : 1499 }, 
        {"sofa" : 1,  "begin" : 1499,  "end" : 1500 }, 
        {"sofa" : 1,  "begin" : 1501,  "end" : 1503 }, 
        {"sofa" : 1,  "begin" : 1504,  "end" : 1512 }, 
        {"sofa" : 1,  "begin" : 1513,  "end" : 1514 }, 
        {"sofa" : 1,  "begin" : 1515,  "end" : 1519 }, 
        {"sofa" : 1,  "begin" : 1520,  "end" : 1524 }, 
        {"sofa" : 1,  "begin" : 1525,  "end" : 1528 }, 
        {"sofa" : 1,  "begin" : 1529,  "end" : 1534 }, 
        {"sofa" : 1,  "begin" : 1535,  "end" : 1541 }, 
        {"sofa" : 1,  "begin" : 1541,  "end" : 1542 }, 
        {"sofa" : 1,  "begin" : 1543,  "end" : 1546 }, 
        {"sofa" : 1,  "begin" : 1547,  "end" : 1549 }, 
        {"sofa" : 1,  "begin" : 1550,  "end" : 1559 }, 
        {"sofa" : 1,  "begin" : 1560,  "end" : 1566 }, 
        {"sofa" : 1,  "begin" : 1567,  "end" : 1569 }, 
        {"sofa" : 1,  "begin" : 1570,  "end" : 1573 }, 
        {"sofa" : 1,  "begin" : 1574,  "end" : 1580 }, 
        {"sofa" : 1,  "begin" : 1581,  "end" : 1584 }, 
        {"sofa" : 1,  "begin" : 1585,  "end" : 1591 }, 
        {"sofa" : 1,  "begin" : 1592,  "end" : 1598 }, 
        {"sofa" : 1,  "begin" : 1598,  "end" : 1599 }, 
        {"sofa" : 1,  "begin" : 1600,  "end" : 1602 }, 
        {"sofa" : 1,  "begin" : 1603,  "end" : 1606 }, 
        {"sofa" : 1,  "begin" : 1607,  "end" : 1611 }, 
        {"sofa" : 1,  "begin" : 1612,  "end" : 1614 }, 
        {"sofa" : 1,  "begin" : 1615,  "end" : 1618 }, 
        {"sofa" : 1,  "begin" : 1619,  "end" : 1624 }, 
        {"sofa" : 1,  "begin" : 1624,  "end" : 1625 }, 
        {"sofa" : 1,  "begin" : 1626,  "end" : 1631 }, 
        {"sofa" : 1,  "begin" : 1632,  "end" : 1638 }, 
        {"sofa" : 1,  "begin" : 1639,  "end" : 1641 }, 
        {"sofa" : 1,  "begin" : 1642,  "end" : 1646 }, 
        {"sofa" : 1,  "begin" : 1647,  "end" : 1652 }, 
        {"sofa" : 1,  "begin" : 1653,  "end" : 1658 }, 
        {"sofa" : 1,  "begin" : 1659,  "end" : 1666 }, 
        {"sofa" : 1,  "begin" : 1667,  "end" : 1671 }, 
        {"sofa" : 1,  "begin" : 1672,  "end" : 1675 }, 
        {"sofa" : 1,  "begin" : 1676,  "end" : 1680 }, 
        {"sofa" : 1,  "begin" : 1681,  "end" : 1683 }, 
        {"sofa" : 1,  "begin" : 1684,  "end" : 1687 }, 
        {"sofa" : 1,  "begin" : 1688,  "end" : 1691 }, 
        {"sofa" : 1,  "begin" : 1691,  "end" : 1692 }, 
        {"sofa" : 1,  "begin" : 1693,  "end" : 1695 }, 
        {"sofa" : 1,  "begin" : 1696,  "end" : 1703 }, 
        {"sofa" : 1,  "begin" : 1704,  "end" : 1708 }, 
        {"sofa" : 1,  "begin" : 1709,  "end" : 1712 }, 
        {"sofa" : 1,  "begin" : 1713,  "end" : 1722 }, 
        {"sofa" : 1,  "begin" : 1723,  "end" : 1725 }, 
        {"sofa" : 1,  "begin" : 1726,  "end" : 1734 }, 
        {"sofa" : 1,  "begin" : 1735,  "end" : 1737 }, 
        {"sofa" : 1,  "begin" : 1738,  "end" : 1741 }, 
        {"sofa" : 1,  "begin" : 1742,  "end" : 1748 }, 
        {"sofa" : 1,  "begin" : 1749,  "end" : 1751 }, 
        {"sofa" : 1,  "begin" : 1752,  "end" : 1757 }, 
        {"sofa" : 1,  "begin" : 1757,  "end" : 1758 }, 
        {"sofa" : 1,  "begin" : 1759,  "end" : 1762 }, 
        {"sofa" : 1,  "begin" : 1763,  "end" : 1767 }, 
        {"sofa" : 1,  "begin" : 1768,  "end" : 1773 }, 
        {"sofa" : 1,  "begin" : 1774,  "end" : 1780 }, 
        {"sofa" : 1,  "begin" : 1781,  "end" : 1784 }, 
        {"sofa" : 1,  "begin" : 1785,  "end" : 1786 }, 
        {"sofa" : 1,  "begin" : 1787,  "end" : 1790 }, 
        {"sofa" : 1,  "begin" : 1791,  "end" : 1797 }, 
        {"sofa" : 1,  "begin" : 1798,  "end" : 1800 }, 
        {"sofa" : 1,  "begin" : 1801,  "end" : 1809 }, 
        {"sofa" : 1,  "begin" : 1809,  "end" : 1810 }, 
        {"sofa" : 1,  "begin" : 1811,  "end" : 1816 }, 
        {"sofa" : 1,  "begin" : 1817,  "end" : 1820 }, 
        {"sofa" : 1,  "begin" : 1821,  "end" : 1827 }, 
        {"sofa" : 1,  "begin" : 1828,  "end" : 1833 }, 
        {"sofa" : 1,  "begin" : 1834,  "end" : 1835 }, 
        {"sofa" : 1,  "begin" : 1836,  "end" : 1840 }, 
        {"sofa" : 1,  "begin" : 1841,  "end" : 1846 }, 
        {"sofa" : 1,  "begin" : 1847,  "end" : 1854 }, 
        {"sofa" : 1,  "begin" : 1854,  "end" : 1855 }, 
        {"sofa" : 1,  "begin" : 1857,  "end" : 1864 }, 
        {"sofa" : 1,  "begin" : 1865,  "end" : 1866 }, 
        {"sofa" : 1,  "begin" : 1866,  "end" : 1875 }, 
        {"sofa" : 1,  "begin" : 1876,  "end" : 1884 }, 
        {"sofa" : 1,  "begin" : 1884,  "end" : 1885 }, 
        {"sofa" : 1,  "begin" : 1885,  "end" : 1886 }, 
        {"sofa" : 1,  "begin" : 1887,  "end" : 1890 }, 
        {"sofa" : 1,  "begin" : 1891,  "end" : 1900 }, 
        {"sofa" : 1,  "begin" : 1901,  "end" : 1902 }, 
        {"sofa" : 1,  "begin" : 1902,  "end" : 1911 }, 
        {"sofa" : 1,  "begin" : 1912,  "end" : 1916 }, 
        {"sofa" : 1,  "begin" : 1917,  "end" : 1919 }, 
        {"sofa" : 1,  "begin" : 1920,  "end" : 1921 }, 
        {"sofa" : 1,  "begin" : 1921,  "end" : 1922 }, 
        {"sofa" : 1,  "begin" : 1922,  "end" : 1923 }, 
        {"sofa" : 1,  "begin" : 1924,  "end" : 1927 }, 
        {"sofa" : 1,  "begin" : 1928,  "end" : 1931 }, 
        {"sofa" : 1,  "begin" : 1932,  "end" : 1939 }, 
        {"sofa" : 1,  "begin" : 1940,  "end" : 1946 }, 
        {"sofa" : 1,  "begin" : 1947,  "end" : 1952 }, 
        {"sofa" : 1,  "begin" : 1953,  "end" : 1956 }, 
        {"sofa" : 1,  "begin" : 1957,  "end" : 1961 }, 
        {"sofa" : 1,  "begin" : 1962,  "end" : 1972 }, 
        {"sofa" : 1,  "begin" : 1973,  "end" : 1976 }, 
        {"sofa" : 1,  "begin" : 1977,  "end" : 1986 }, 
        {"sofa" : 1,  "begin" : 1987,  "end" : 1995 }, 
        {"sofa" : 1,  "begin" : 1995,  "end" : 1996 }, 
        {"sofa" : 1,  "begin" : 1997,  "end" : 2000 }, 
        {"sofa" : 1,  "begin" : 2001,  "end" : 2003 }, 
        {"sofa" : 1,  "begin" : 2004,  "end" : 2008 }, 
        {"sofa" : 1,  "begin" : 2009,  "end" : 2016 }, 
        {"sofa" : 1,  "begin" : 2017,  "end" : 2027 }, 
        {"sofa" : 1,  "begin" : 2028,  "end" : 2032 }, 
        {"sofa" : 1,  "begin" : 2033,  "end" : 2036 }, 
        {"sofa" : 1,  "begin" : 2037,  "end" : 2039 }, 
        {"sofa" : 1,  "begin" : 2040,  "end" : 2045 }, 
        {"sofa" : 1,  "begin" : 2046,  "end" : 2053 }, 
        {"sofa" : 1,  "begin" : 2054,  "end" : 2063 }, 
        {"sofa" : 1,  "begin" : 2063,  "end" : 2064 }, 
        {"sofa" : 1,  "begin" : 2065,  "end" : 2070 }, 
        {"sofa" : 1,  "begin" : 2071,  "end" : 2079 }, 
        {"sofa" : 1,  "begin" : 2080,  "end" : 2085 }, 
        {"sofa" : 1,  "begin" : 2086,  "end" : 2095 }, 
        {"sofa" : 1,  "begin" : 2096,  "end" : 2101 }, 
        {"sofa" : 1,  "begin" : 2102,  "end" : 2105 }, 
        {"sofa" : 1,  "begin" : 2106,  "end" : 2113 }, 
        {"sofa" : 1,  "begin" : 2113,  "end" : 2114 }, 
        {"sofa" : 1,  "begin" : 2115,  "end" : 2118 }, 
        {"sofa" : 1,  "begin" : 2119,  "end" : 2125 }, 
        {"sofa" : 1,  "begin" : 2126,  "end" : 2128 }, 
        {"sofa" : 1,  "begin" : 2129,  "end" : 2131 }, 
        {"sofa" : 1,  "begin" : 2132,  "end" : 2134 }, 
        {"sofa" : 1,  "begin" : 2135,  "end" : 2140 }, 
        {"sofa" : 1,  "begin" : 2141,  "end" : 2148 }, 
        {"sofa" : 1,  "begin" : 2149,  "end" : 2151 }, 
        {"sofa" : 1,  "begin" : 2152,  "end" : 2155 }, 
        {"sofa" : 1,  "begin" : 2156,  "end" : 2161 }, 
        {"sofa" : 1,  "begin" : 2162,  "end" : 2164 }, 
        {"sofa" : 1,  "begin" : 2165,  "end" : 2171 }, 
        {"sofa" : 1,  "begin" : 2171,  "end" : 2172 }, 
        {"sofa" : 1,  "begin" : 2173,  "end" : 2176 }, 
        {"sofa" : 1,  "begin" : 2177,  "end" : 2180 }, 
        {"sofa" : 1,  "begin" : 2181,  "end" : 2187 }, 
        {"sofa" : 1,  "begin" : 2188,  "end" : 2190 }, 
        {"sofa" : 1,  "begin" : 2191,  "end" : 2198 }, 
        {"sofa" : 1,  "begin" : 2198,  "end" : 2199 }, 
        {"sofa" : 1,  "begin" : 2200,  "end" : 2211 }, 
        {"sofa" : 1,  "begin" : 2211,  "end" : 2212 }, 
        {"sofa" : 1,  "begin" : 2213,  "end" : 2218 }, 
        {"sofa" : 1,  "begin" : 2218,  "end" : 2219 }, 
        {"sofa" : 1,  "begin" : 2220,  "end" : 2223 }, 
        {"sofa" : 1,  "begin" : 2224,  "end" : 2232 }, 
        {"sofa" : 1,  "begin" : 2233,  "end" : 2236 }, 
        {"sofa" : 1,  "begin" : 2237,  "end" : 2241 }, 
        {"sofa" : 1,  "begin" : 2242,  "end" : 2251 }, 
        {"sofa" : 1,  "begin" : 2252,  "end" : 2258 }, 
        {"sofa" : 1,  "begin" : 2259,  "end" : 2263 }, 
        {"sofa" : 1,  "begin" : 2264,  "end" : 2271 }, 
        {"sofa" : 1,  "begin" : 2271,  "end" : 2272 }, 
        {"sofa" : 1,  "begin" : 2273,  "end" : 2276 }, 
        {"sofa" : 1,  "begin" : 2277,  "end" : 2279 }, 
        {"sofa" : 1,  "begin" : 2280,  "end" : 2284 }, 
        {"sofa" : 1,  "begin" : 2285,  "end" : 2286 }, 
        {"sofa" : 1,  "begin" : 2287,  "end" : 2292 }, 
        {"sofa" : 1,  "begin" : 2293,  "end" : 2298 }, 
        {"sofa" : 1,  "begin" : 2299,  "end" : 2303 }, 
        {"sofa" : 1,  "begin" : 2304,  "end" : 2308 }, 
        {"sofa" : 1,  "begin" : 2309,  "end" : 2312 }, 
        {"sofa" : 1,  "begin" : 2313,  "end" : 2316 }, 
        {"sofa" : 1,  "begin" : 2317,  "end" : 2322 }, 
        {"sofa" : 1,  "begin" : 2323,  "end" : 2333 }, 
        {"sofa" : 1,  "begin" : 2333,  "end" : 2334 }, 
        {"sofa" : 1,  "begin" : 2335,  "end" : 2338 }, 
        {"sofa" : 1,  "begin" : 2339,  "end" : 2347 }, 
        {"sofa" : 1,  "begin" : 2348,  "end" : 2353 }, 
        {"sofa" : 1,  "begin" : 2354,  "end" : 2359 }, 
        {"sofa" : 1,  "begin" : 2360,  "end" : 2365 }, 
        {"sofa" : 1,  "begin" : 2366,  "end" : 2373 }, 
        {"sofa" : 1,  "begin" : 2374,  "end" : 2377 }, 
        {"sofa" : 1,  "begin" : 2378,  "end" : 2387 }, 
        {"sofa" : 1,  "begin" : 2388,  "end" : 2396 }, 
        {"sofa" : 1,  "begin" : 2397,  "end" : 2399 }, 
        {"sofa" : 1,  "begin" : 2400,  "end" : 2411 }, 
        {"sofa" : 1,  "begin" : 2411,  "end" : 2412 }, 
        {"sofa" : 1,  "begin" : 2414,  "end" : 2417 }, 
        {"sofa" : 1,  "begin" : 2418,  "end" : 2424 }, 
        {"sofa" : 1,  "begin" : 2425,  "end" : 2431 }, 
        {"sofa" : 1,  "begin" : 2432,  "end" : 2441 }, 
        {"sofa" : 1,  "begin" : 2442,  "end" : 2445 }, 
        {"sofa" : 1,  "begin" : 2446,  "end" : 2454 }, 
        {"sofa" : 1,  "begin" : 2455,  "end" : 2461 }, 
        {"sofa" : 1,  "begin" : 2461,  "end" : 2462 }, 
        {"sofa" : 1,  "begin" : 2463,  "end" : 2467 }, 
        {"sofa" : 1,  "begin" : 2468,  "end" : 2470 }, 
        {"sofa" : 1,  "begin" : 2471,  "end" : 2479 }, 
        {"sofa" : 1,  "begin" : 2479,  "end" : 2480 }, 
        {"sofa" : 1,  "begin" : 2481,  "end" : 2486 }, 
        {"sofa" : 1,  "begin" : 2486,  "end" : 2487 }, 
        {"sofa" : 1,  "begin" : 2488,  "end" : 2498 }, 
        {"sofa" : 1,  "begin" : 2498,  "end" : 2499 }, 
        {"sofa" : 1,  "begin" : 2500,  "end" : 2508 }, 
        {"sofa" : 1,  "begin" : 2508,  "end" : 2509 }, 
        {"sofa" : 1,  "begin" : 2510,  "end" : 2515 }, 
        {"sofa" : 1,  "begin" : 2515,  "end" : 2516 }, 
        {"sofa" : 1,  "begin" : 2517,  "end" : 2525 }, 
        {"sofa" : 1,  "begin" : 2525,  "end" : 2526 }, 
        {"sofa" : 1,  "begin" : 2527,  "end" : 2535 }, 
        {"sofa" : 1,  "begin" : 2535,  "end" : 2536 }, 
        {"sofa" : 1,  "begin" : 2537,  "end" : 2546 }, 
        {"sofa" : 1,  "begin" : 2546,  "end" : 2547 }, 
        {"sofa" : 1,  "begin" : 2548,  "end" : 2551 }, 
        {"sofa" : 1,  "begin" : 2552,  "end" : 2563 }, 
        {"sofa" : 1,  "begin" : 2563,  "end" : 2564 }, 
        {"sofa" : 1,  "begin" : 2565,  "end" : 2570 }, 
        {"sofa" : 1,  "begin" : 2571,  "end" : 2576 }, 
        {"sofa" : 1,  "begin" : 2577,  "end" : 2586 }, 
        {"sofa" : 1,  "begin" : 2587,  "end" : 2591 }, 
        {"sofa" : 1,  "begin" : 2592,  "end" : 2594 }, 
        {"sofa" : 1,  "begin" : 2595,  "end" : 2607 }, 
        {"sofa" : 1,  "begin" : 2607,  "end" : 2608 }, 
        {"sofa" : 1,  "begin" : 2609,  "end" : 2617 }, 
        {"sofa" : 1,  "begin" : 2618,  "end" : 2621 }, 
        {"sofa" : 1,  "begin" : 2622,  "end" : 2633 }, 
        {"sofa" : 1,  "begin" : 2634,  "end" : 2638 }, 
        {"sofa" : 1,  "begin" : 2639,  "end" : 2641 }, 
        {"sofa" : 1,  "begin" : 2642,  "end" : 2645 }, 
        {"sofa" : 1,  "begin" : 2646,  "end" : 2652 }, 
        {"sofa" : 1,  "begin" : 2653,  "end" : 2655 }, 
        {"sofa" : 1,  "begin" : 2656,  "end" : 2661 }, 
        {"sofa" : 1,  "begin" : 2662,  "end" : 2667 }, 
        {"sofa" : 1,  "begin" : 2667,  "end" : 2668 }, 
        {"sofa" : 1,  "begin" : 2669,  "end" : 2675 }, 
        {"sofa" : 1,  "begin" : 2676,  "end" : 2678 }, 
        {"sofa" : 1,  "begin" : 2679,  "end" : 2686 }, 
        {"sofa" : 1,  "begin" : 2687,  "end" : 2690 }, 
        {"sofa" : 1,  "begin" : 2691,  "end" : 2695 }, 
        {"sofa" : 1,  "begin" : 2695,  "end" : 2696 }, 
        {"sofa" : 1,  "begin" : 2697,  "end" : 2699 }, 
        {"sofa" : 1,  "begin" : 2700,  "end" : 2702 }, 
        {"sofa" : 1,  "begin" : 2703,  "end" : 2704 }, 
        {"sofa" : 1,  "begin" : 2705,  "end" : 2709 }, 
        {"sofa" : 1,  "begin" : 2709,  "end" : 2710 }, 
        {"sofa" : 1,  "begin" : 2711,  "end" : 2716 }, 
        {"sofa" : 1,  "begin" : 2717,  "end" : 2722 }, 
        {"sofa" : 1,  "begin" : 2722,  "end" : 2723 }, 
        {"sofa" : 1,  "begin" : 2724,  "end" : 2727 }, 
        {"sofa" : 1,  "begin" : 2728,  "end" : 2730 }, 
        {"sofa" : 1,  "begin" : 2731,  "end" : 2734 }, 
        {"sofa" : 1,  "begin" : 2735,  "end" : 2738 }, 
        {"sofa" : 1,  "begin" : 2739,  "end" : 2748 }, 
        {"sofa" : 1,  "begin" : 2749,  "end" : 2758 }, 
        {"sofa" : 1,  "begin" : 2758,  "end" : 2759 } ] } }, 
  "_referenced_fss" : {
    "1" : {"_type" : "Sofa",  "sofaNum" : 1,  "sofaID" : "_InitialView",  "mimeType" : "text",  "sofaString" : "All those who have travelled in that season on\nthe coast of Genoa will no doubt remember what\ncharming bouquets and garlands are made of the cassie\nintermixed with other flowers. To perfumers it is a\nmost valuable assistant, possessing in the highest degree\na fresh floral fragrance, which\nrenders it highly useful in\ncompounds. It bears some\nresemblance to the violet, and,\nbeing much stronger, is often\nused to fortify that scent,\nwhich is naturally weak.\n\nThe cassie requires a very\ndry soil, well exposed to the\nsun’s rays. The tree does\nfive or six years old. The\nyield varies from 1 lb. to 20 lbs. for every tree, according to age and position.   The blossoms are gathered\nthree times a week after sunrise: a very strong oil\nand pomade is obtained from them by maceration. In\nAfrica, and principally in Tunis, an essential oil of\ncassie is made, which is sold at about £4 per ounce; but\nFrench and Italian flowers are not sufficiently powerful\nto yield an essence.\n\nThe violet is one of the most charming odours in\nnature, and well might Shakspeare exclaim—\n\n\"Sweet thief, whence didst thou steal thy sweet that smells.\nIf not from my lore’s breath ?\"\n\nIt is a scent which pleases all, even the most delicate\nand nervous, and it is no wonder that it should be in\nsuch universal request. The largest and almost only\nviolet plantations have hitherto been at Nice, its exceptional position rendering it the most available spot for\nthem. The species used is the double Parma violet\n(Viola odorata). It requires a very cool and shady\nground, and is generally placed in the orange and\ncitron groves, at the foot of the trees, which screen it\nwith their thick foliage from the heat of the sun. It\nflowers from the beginning of February to the middle\nof April, and each plant yields but a few ounces of\nblossoms, which are culled twice a week after sunrise.\n\nJonquil (Narcissus jonquila), and narcissus (Narcissus\nodor at a), are two bulbous plants which are also cultivated for perfumery purposes, but in much smaller\nquantities than any of those already mentioned, their\npeculiar aroma rendering their use limited. The former\nis to be found chiefly in the south of France, and the\nlatter in Algeria. Mignonnette, lilac, and hawthorn\nare also sometimes worked into pomades, but on such\na small scale that they are not worth mentioning. The\nextracts named after those flowers are generally produced by combination.\n\nThe herbal series comprises all aromatic plants, such\nas lavender, spike, peppermint, rosemary, thyme, marjoram, geranium, patchouly, and wintergreen, which\nyield essential oils by distillation.\nLavender was extensively used by the Romans in\ntheir baths, whence it derived its name. It is a nice,\nclean scent, and an old and deserving favourite. " }, 
    "7320" : {"_type" : "Span",  "sofa" : 1,  "begin" : 192,  "end" : 194,  "label" : "Smell_Source" }, 
    "7397" : {"_type" : "Span",  "sofa" : 1,  "begin" : 137,  "end" : 147,  "label" : "Smell_Source" }, 
    "7279" : {"_type" : "Span",  "sofa" : 1,  "begin" : 273,  "end" : 282,  "label" : "Smell_Word" }, 
    "7284" : {"_type" : "Span",  "sofa" : 1,  "begin" : 266,  "end" : 272,  "label" : "Quality" }, 
    "7289" : {"_type" : "Span",  "sofa" : 1,  "begin" : 260,  "end" : 265,  "label" : "Quality" }, 
    "7308" : {"_type" : "Span",  "sofa" : 1,  "begin" : 182,  "end" : 191,  "label" : "Perceiver" }, 
    "7359" : {"_type" : "Span",  "sofa" : 1,  "begin" : 329,  "end" : 331,  "label" : "Smell_Source" }, 
    "7349" : {"_type" : "Span",  "sofa" : 1,  "begin" : 426,  "end" : 431,  "label" : "Smell_Word" }, 
    "7371" : {"_type" : "Span",  "sofa" : 1,  "begin" : 452,  "end" : 456,  "label" : "Quality" }, 
    "7354" : {"_type" : "Span",  "sofa" : 1,  "begin" : 343,  "end" : 368,  "label" : "Evoked_Odorant" }, 
    "7421" : {"_type" : "Span",  "sofa" : 1,  "begin" : 819,  "end" : 828,  "label" : "Smell_Word" }, 
    "7431" : {"_type" : "Span",  "sofa" : 1,  "begin" : 833,  "end" : 842,  "label" : "Smell_Source" }, 
    "7426" : {"_type" : "Span",  "sofa" : 1,  "begin" : 829,  "end" : 832,  "label" : "Odour_Carrier" }, 
    "7450" : {"_type" : "Span",  "sofa" : 1,  "begin" : 779,  "end" : 788,  "label" : "Location" }, 
    "7455" : {"_type" : "Span",  "sofa" : 1,  "begin" : 806,  "end" : 814,  "label" : "Location" }, 
    "7416" : {"_type" : "Span",  "sofa" : 1,  "begin" : 1011,  "end" : 1017,  "label" : "Smell_Word" }, 
    "7479" : {"_type" : "Span",  "sofa" : 1,  "begin" : 986,  "end" : 1010,  "label" : "Quality" }, 
    "7474" : {"_type" : "Span",  "sofa" : 1,  "begin" : 972,  "end" : 982,  "label" : "Smell_Source" }, 
    "7498" : {"_type" : "Span",  "sofa" : 1,  "begin" : 1118,  "end" : 1124,  "label" : "Smell_Word" }, 
    "7503" : {"_type" : "Span",  "sofa" : 1,  "begin" : 1107,  "end" : 1112,  "label" : "Quality" }, 
    "7527" : {"_type" : "Span",  "sofa" : 1,  "begin" : 1159,  "end" : 1161,  "label" : "Smell_Source" }, 
    "7522" : {"_type" : "Span",  "sofa" : 1,  "begin" : 1167,  "end" : 1172,  "label" : "Smell_Word" }, 
    "7546" : {"_type" : "Span",  "sofa" : 1,  "begin" : 1187,  "end" : 1190,  "label" : "Perceiver" }, 
    "7558" : {"_type" : "Span",  "sofa" : 1,  "begin" : 1173,  "end" : 1186,  "label" : "Effect" }, 
    "7587" : {"_type" : "Span",  "sofa" : 1,  "begin" : 2065,  "end" : 2070,  "label" : "Smell_Source" }, 
    "7597" : {"_type" : "Span",  "sofa" : 1,  "begin" : 1891,  "end" : 1921,  "label" : "Smell_Source" }, 
    "7592" : {"_type" : "Span",  "sofa" : 1,  "begin" : 1857,  "end" : 1884,  "label" : "Smell_Source" }, 
    "7570" : {"_type" : "Span",  "sofa" : 1,  "begin" : 2080,  "end" : 2085,  "label" : "Smell_Word" }, 
    "7575" : {"_type" : "Span",  "sofa" : 1,  "begin" : 2071,  "end" : 2079,  "label" : "Quality" }, 
    "7628" : {"_type" : "Span",  "sofa" : 1,  "begin" : 2446,  "end" : 2454,  "label" : "Smell_Word" }, 
    "7623" : {"_type" : "Span",  "sofa" : 1,  "begin" : 2446,  "end" : 2454,  "label" : "Quality" }, 
    "7640" : {"_type" : "Span",  "sofa" : 1,  "begin" : 2455,  "end" : 2461,  "label" : "Smell_Source" }, 
    "7652" : {"_type" : "Span",  "sofa" : 1,  "begin" : 2471,  "end" : 2479,  "label" : "Smell_Source" }, 
    "7657" : {"_type" : "Span",  "sofa" : 1,  "begin" : 2481,  "end" : 2486,  "label" : "Smell_Source" }, 
    "7667" : {"_type" : "Span",  "sofa" : 1,  "begin" : 2500,  "end" : 2508,  "label" : "Smell_Source" }, 
    "7662" : {"_type" : "Span",  "sofa" : 1,  "begin" : 2488,  "end" : 2498,  "label" : "Smell_Source" }, 
    "7672" : {"_type" : "Span",  "sofa" : 1,  "begin" : 2510,  "end" : 2515,  "label" : "Smell_Source" }, 
    "7677" : {"_type" : "Span",  "sofa" : 1,  "begin" : 2517,  "end" : 2525,  "label" : "Smell_Source" }, 
    "7682" : {"_type" : "Span",  "sofa" : 1,  "begin" : 2527,  "end" : 2535,  "label" : "Smell_Source" }, 
    "7687" : {"_type" : "Span",  "sofa" : 1,  "begin" : 2537,  "end" : 2546,  "label" : "Smell_Source" }, 
    "7692" : {"_type" : "Span",  "sofa" : 1,  "begin" : 2552,  "end" : 2563,  "label" : "Smell_Source" }, 
    "7770" : {"_type" : "Span",  "sofa" : 1,  "begin" : 2697,  "end" : 2699,  "label" : "Smell_Source" }, 
    "7765" : {"_type" : "Span",  "sofa" : 1,  "begin" : 2609,  "end" : 2617,  "label" : "Smell_Source" }, 
    "7760" : {"_type" : "Span",  "sofa" : 1,  "begin" : 2717,  "end" : 2722,  "label" : "Smell_Word" }, 
    "7782" : {"_type" : "Span",  "sofa" : 1,  "begin" : 2705,  "end" : 2709,  "label" : "Quality" }, 
    "7787" : {"_type" : "Span",  "sofa" : 1,  "begin" : 2711,  "end" : 2716,  "label" : "Quality" } } }