#FORMAT=WebAnno TSV 3.3


#Text=Devorata est igitur herba terræ, et quidquid pomorum in arboribus fuit, quæ grando dimiserat : nihilque omnino virens relictum est in lignis et in herbis terræ, in cuncta Ægypto.
#Text=16 Quam ob rem festinus Pharao vocavit Moysen et Aaron, et dixit eis : Peccavi in Dominum Deum vestrum, et in vos.
#Text=17 Sed nunc dimittite peccatum mihi etiam hac vice, et rogate Dominum Deum vestrum, ut auferat a me mortem istam.
#Text=18 Egressusque Moyses de conspectu Pharaonis, oravit Dominum.
#Text=19 Qui flare fecit ventum ab occidente vehementissimum, et arreptam locustam projecit in mare Rubrum : non remansit ne una quidem in cunctis finibus Ægypti.
#Text=20 Et induravit Dominus cor Pharaonis, nec dimisit filios Israël.
#Text=21 Dixit autem Dominus ad Moysen : Extende manum tuam in cælum : et sint tenebræ super terram Ægypti tam densæ, ut palpari queant.
#Text=22 Extenditque Moyses manum in cælum : et factæ sunt tenebræ horribiles in universa terra Ægypti tribus diebus.
#Text=23 Nemo vidit fratrem suum, nec movit se de loco in quo erat : ubicumque autem habitabant filii Israël, lux erat.
#Text=24 Vocavitque Pharao Moysen et Aaron, et dixit eis : Ite, sacrificate Domino : oves tantum vestræ et armenta remaneant, parvuli vestri eant vobiscum.
#Text=25 Ait Moyses : Hostias quoque et holocausta dabis nobis, quæ offeramus Domino Deo nostro.
#Text=26 Cuncti greges pergent nobiscum ; non remanebit ex eis ungula : quæ necessaria sunt in cultum Domini Dei nostri : præsertim cum ignoremus quid debeat immolari, donec ad ipsum locum perveniamus.
#Text=27 Induravit autem Dominus cor Pharaonis, et noluit dimittere eos.
#Text=28 Dixitque Pharao ad Moysen : Recede a me, et cave ne ultra videas faciem meam : quocumque die apparueris mihi, morieris.
#Text=29 Respondit Moyses : Ita fiet ut locutus es : non videbo ultra faciem tuam.
1-1	2-10	Devorata	
1-2	11-14	est	
1-3	15-21	igitur	
1-4	22-27	herba	
1-5	28-33	terræ	
1-6	33-34	,	
1-7	35-37	et	
1-8	38-46	quidquid	
1-9	47-54	pomorum	
1-10	55-57	in	
1-11	58-67	arboribus	
1-12	68-72	fuit	
1-13	72-73	,	
1-14	74-77	quæ	
1-15	78-84	grando	
1-16	85-94	dimiserat	
1-17	95-96	:	
1-18	97-105	nihilque	
1-19	106-112	omnino	
1-20	113-119	virens	
1-21	120-128	relictum	
1-22	129-132	est	
1-23	133-135	in	
1-24	136-142	lignis	
1-25	143-145	et	
1-26	146-148	in	
1-27	149-155	herbis	
1-28	156-161	terræ	
1-29	161-162	,	
1-30	163-165	in	
1-31	166-172	cuncta	
1-32	173-179	Ægypto	
1-33	179-180	.	
1-34	181-183	16	
1-35	184-188	Quam	
1-36	189-191	ob	
1-37	192-195	rem	
1-38	196-204	festinus	
1-39	205-211	Pharao	
1-40	212-219	vocavit	
1-41	220-226	Moysen	
1-42	227-229	et	
1-43	230-235	Aaron	
1-44	235-236	,	
1-45	237-239	et	
1-46	240-245	dixit	
1-47	246-249	eis	
1-48	250-251	:	
1-49	252-259	Peccavi	
1-50	260-262	in	
1-51	263-270	Dominum	
1-52	271-275	Deum	
1-53	276-283	vestrum	
1-54	283-284	,	
1-55	285-287	et	
1-56	288-290	in	
1-57	291-294	vos	
1-58	294-295	.	
1-59	296-298	17	
1-60	299-302	Sed	
1-61	303-307	nunc	
1-62	308-317	dimittite	
1-63	318-326	peccatum	
1-64	327-331	mihi	
1-65	332-337	etiam	
1-66	338-341	hac	
1-67	342-346	vice	
1-68	346-347	,	
1-69	348-350	et	
1-70	351-357	rogate	
1-71	358-365	Dominum	
1-72	366-370	Deum	
1-73	371-378	vestrum	
1-74	378-379	,	
1-75	380-382	ut	
1-76	383-390	auferat	
1-77	391-392	a	
1-78	393-395	me	
1-79	396-402	mortem	
1-80	403-408	istam	
1-81	408-409	.	
1-82	410-412	18	
1-83	413-424	Egressusque	
1-84	425-431	Moyses	
1-85	432-434	de	
1-86	435-444	conspectu	
1-87	445-454	Pharaonis	
1-88	454-455	,	
1-89	456-462	oravit	
1-90	463-470	Dominum	
1-91	470-471	.	
1-92	472-474	19	
1-93	475-478	Qui	
1-94	479-484	flare	
1-95	485-490	fecit	
1-96	491-497	ventum	
1-97	498-500	ab	
1-98	501-510	occidente	
1-99	511-526	vehementissimum	
1-100	526-527	,	
1-101	528-530	et	
1-102	531-539	arreptam	
1-103	540-548	locustam	
1-104	549-557	projecit	
1-105	558-560	in	
1-106	561-565	mare	
1-107	566-572	Rubrum	
1-108	573-574	:	
1-109	575-578	non	
1-110	579-587	remansit	
1-111	588-590	ne	
1-112	591-594	una	
1-113	595-601	quidem	
1-114	602-604	in	
1-115	605-612	cunctis	
1-116	613-620	finibus	
1-117	621-627	Ægypti	
1-118	627-628	.	
1-119	629-631	20	
1-120	632-634	Et	
1-121	635-644	induravit	
1-122	645-652	Dominus	
1-123	653-656	cor	
1-124	657-666	Pharaonis	
1-125	666-667	,	
1-126	668-671	nec	
1-127	672-679	dimisit	
1-128	680-686	filios	
1-129	687-693	Israël	
1-130	693-694	.	
1-131	695-697	21	
1-132	698-703	Dixit	
1-133	704-709	autem	
1-134	710-717	Dominus	
1-135	718-720	ad	
1-136	721-727	Moysen	
1-137	728-729	:	
1-138	730-737	Extende	
1-139	738-743	manum	
1-140	744-748	tuam	
1-141	749-751	in	
1-142	752-757	cælum	
1-143	758-759	:	
1-144	760-762	et	
1-145	763-767	sint	
1-146	768-775	tenebræ	
1-147	776-781	super	
1-148	782-788	terram	
1-149	789-795	Ægypti	
1-150	796-799	tam	
1-151	800-805	densæ	
1-152	805-806	,	
1-153	807-809	ut	
1-154	810-817	palpari	
1-155	818-824	queant	
1-156	824-825	.	
1-157	826-828	22	
1-158	829-840	Extenditque	
1-159	841-847	Moyses	
1-160	848-853	manum	
1-161	854-856	in	
1-162	857-862	cælum	
1-163	863-864	:	
1-164	865-867	et	
1-165	868-873	factæ	
1-166	874-878	sunt	
1-167	879-886	tenebræ	
1-168	887-897	horribiles	
1-169	898-900	in	
1-170	901-909	universa	
1-171	910-915	terra	
1-172	916-922	Ægypti	
1-173	923-929	tribus	
1-174	930-936	diebus	
1-175	936-937	.	
1-176	938-940	23	
1-177	941-945	Nemo	
1-178	946-951	vidit	
1-179	952-959	fratrem	
1-180	960-964	suum	
1-181	964-965	,	
1-182	966-969	nec	
1-183	970-975	movit	
1-184	976-978	se	
1-185	979-981	de	
1-186	982-986	loco	
1-187	987-989	in	
1-188	990-993	quo	
1-189	994-998	erat	
1-190	999-1000	:	
1-191	1001-1010	ubicumque	
1-192	1011-1016	autem	
1-193	1017-1027	habitabant	
1-194	1028-1033	filii	
1-195	1034-1040	Israël	
1-196	1040-1041	,	
1-197	1042-1045	lux	
1-198	1046-1050	erat	
1-199	1050-1051	.	
1-200	1052-1054	24	
1-201	1055-1065	Vocavitque	
1-202	1066-1072	Pharao	
1-203	1073-1079	Moysen	
1-204	1080-1082	et	
1-205	1083-1088	Aaron	
1-206	1088-1089	,	
1-207	1090-1092	et	
1-208	1093-1098	dixit	
1-209	1099-1102	eis	
1-210	1103-1104	:	
1-211	1105-1108	Ite	
1-212	1108-1109	,	
1-213	1110-1121	sacrificate	
1-214	1122-1128	Domino	
1-215	1129-1130	:	
1-216	1131-1135	oves	
1-217	1136-1142	tantum	
1-218	1143-1149	vestræ	
1-219	1150-1152	et	
1-220	1153-1160	armenta	
1-221	1161-1170	remaneant	
1-222	1170-1171	,	
1-223	1172-1179	parvuli	
1-224	1180-1186	vestri	
1-225	1187-1191	eant	
1-226	1192-1200	vobiscum	
1-227	1200-1201	.	
1-228	1202-1204	25	
1-229	1205-1208	Ait	
1-230	1209-1215	Moyses	
1-231	1216-1217	:	
1-232	1218-1225	Hostias	
1-233	1226-1232	quoque	
1-234	1233-1235	et	
1-235	1236-1246	holocausta	
1-236	1247-1252	dabis	
1-237	1253-1258	nobis	
1-238	1258-1259	,	
1-239	1260-1263	quæ	
1-240	1264-1273	offeramus	
1-241	1274-1280	Domino	
1-242	1281-1284	Deo	
1-243	1285-1291	nostro	
1-244	1291-1292	.	
1-245	1293-1295	26	
1-246	1296-1302	Cuncti	
1-247	1303-1309	greges	
1-248	1310-1317	pergent	
1-249	1318-1326	nobiscum	
1-250	1327-1328	;	
1-251	1329-1332	non	
1-252	1333-1342	remanebit	
1-253	1343-1345	ex	
1-254	1346-1349	eis	
1-255	1350-1356	ungula	
1-256	1357-1358	:	
1-257	1359-1362	quæ	
1-258	1363-1373	necessaria	
1-259	1374-1378	sunt	
1-260	1379-1381	in	
1-261	1382-1388	cultum	
1-262	1389-1395	Domini	
1-263	1396-1399	Dei	
1-264	1400-1406	nostri	
1-265	1407-1408	:	
1-266	1409-1418	præsertim	
1-267	1419-1422	cum	
1-268	1423-1432	ignoremus	
1-269	1433-1437	quid	
1-270	1438-1444	debeat	
1-271	1445-1453	immolari	
1-272	1453-1454	,	
1-273	1455-1460	donec	
1-274	1461-1463	ad	
1-275	1464-1469	ipsum	
1-276	1470-1475	locum	
1-277	1476-1487	perveniamus	
1-278	1487-1488	.	
1-279	1489-1491	27	
1-280	1492-1501	Induravit	
1-281	1502-1507	autem	
1-282	1508-1515	Dominus	
1-283	1516-1519	cor	
1-284	1520-1529	Pharaonis	
1-285	1529-1530	,	
1-286	1531-1533	et	
1-287	1534-1540	noluit	
1-288	1541-1550	dimittere	
1-289	1551-1554	eos	
1-290	1554-1555	.	
1-291	1556-1558	28	
1-292	1559-1567	Dixitque	
1-293	1568-1574	Pharao	
1-294	1575-1577	ad	
1-295	1578-1584	Moysen	
1-296	1585-1586	:	
1-297	1587-1593	Recede	
1-298	1594-1595	a	
1-299	1596-1598	me	
1-300	1598-1599	,	
1-301	1600-1602	et	
1-302	1603-1607	cave	
1-303	1608-1610	ne	
1-304	1611-1616	ultra	
1-305	1617-1623	videas	
1-306	1624-1630	faciem	
1-307	1631-1635	meam	
1-308	1636-1637	:	
1-309	1638-1647	quocumque	
1-310	1648-1651	die	
1-311	1652-1662	apparueris	
1-312	1663-1667	mihi	
1-313	1667-1668	,	
1-314	1669-1677	morieris	
1-315	1677-1678	.	
1-316	1679-1681	29	
1-317	1682-1691	Respondit	
1-318	1692-1698	Moyses	
1-319	1699-1700	:	
1-320	1701-1704	Ita	
1-321	1705-1709	fiet	
1-322	1710-1712	ut	
1-323	1713-1720	locutus	
1-324	1721-1723	es	
1-325	1724-1725	:	
1-326	1726-1729	non	
1-327	1730-1736	videbo	
1-328	1737-1742	ultra	
1-329	1743-1749	faciem	
1-330	1750-1754	tuam	
1-331	1754-1755	.	

#Text=Caput 11
#Text=
#Text=
#Text=1 Et dixit Dominus ad Moysen : Adhuc una plaga tangam Pharaonem et Ægyptum, et post hæc dimittet vos, et exire compellet.
#Text=2 Dices ergo omni plebi ut postulet vir ab amico suo, et mulier a vicina sua, vasa argentea et aurea.
#Text=3 Dabit autem Dominus gratiam populo suo coram Ægyptiis.
2-1	1756-1761	Caput	
2-2	1762-1764	11	
2-3	1767-1768	1	
2-4	1769-1771	Et	
2-5	1772-1777	dixit	
2-6	1778-1785	Dominus	
2-7	1786-1788	ad	
2-8	1789-1795	Moysen	
2-9	1796-1797	:	
2-10	1798-1803	Adhuc	
2-11	1804-1807	una	
2-12	1808-1813	plaga	
2-13	1814-1820	tangam	
2-14	1821-1830	Pharaonem	
2-15	1831-1833	et	
2-16	1834-1841	Ægyptum	
2-17	1841-1842	,	
2-18	1843-1845	et	
2-19	1846-1850	post	
2-20	1851-1854	hæc	
2-21	1855-1863	dimittet	
2-22	1864-1867	vos	
2-23	1867-1868	,	
2-24	1869-1871	et	
2-25	1872-1877	exire	
2-26	1878-1887	compellet	
2-27	1887-1888	.	
2-28	1889-1890	2	
2-29	1891-1896	Dices	
2-30	1897-1901	ergo	
2-31	1902-1906	omni	
2-32	1907-1912	plebi	
2-33	1913-1915	ut	
2-34	1916-1924	postulet	
2-35	1925-1928	vir	
2-36	1929-1931	ab	
2-37	1932-1937	amico	
2-38	1938-1941	suo	
2-39	1941-1942	,	
2-40	1943-1945	et	
2-41	1946-1952	mulier	
2-42	1953-1954	a	
2-43	1955-1961	vicina	
2-44	1962-1965	sua	
2-45	1965-1966	,	
2-46	1967-1971	vasa	
2-47	1972-1980	argentea	
2-48	1981-1983	et	
2-49	1984-1989	aurea	
2-50	1989-1990	.	
2-51	1991-1992	3	
2-52	1993-1998	Dabit	
2-53	1999-2004	autem	
2-54	2005-2012	Dominus	
2-55	2013-2020	gratiam	
2-56	2021-2027	populo	
2-57	2028-2031	suo	
2-58	2032-2037	coram	
2-59	2038-2046	Ægyptiis	
2-60	2046-2047	.	

#Text=Fuitque Moyses vir magnus valde in terra Ægypti coram servis Pharaonis et omni populo.
#Text=4 Et ait : Hæc dicit Dominus : Media nocte egrediar in Ægyptum : 5 et morietur omne primogenitum in terra Ægyptiorum, a primogenito Pharaonis, qui sedet in solio ejus, usque ad primogenitum ancillæ quæ est ad molam, et omnia primogenita jumentorum.
3-1	2048-2055	Fuitque	
3-2	2056-2062	Moyses	
3-3	2063-2066	vir	
3-4	2067-2073	magnus	
3-5	2074-2079	valde	
3-6	2080-2082	in	
3-7	2083-2088	terra	
3-8	2089-2095	Ægypti	
3-9	2096-2101	coram	
3-10	2102-2108	servis	
3-11	2109-2118	Pharaonis	
3-12	2119-2121	et	
3-13	2122-2126	omni	
3-14	2127-2133	populo	
3-15	2133-2134	.	
3-16	2135-2136	4	
3-17	2137-2139	Et	
3-18	2140-2143	ait	
3-19	2144-2145	:	
3-20	2146-2149	Hæc	
3-21	2150-2155	dicit	
3-22	2156-2163	Dominus	
3-23	2164-2165	:	
3-24	2166-2171	Media	
3-25	2172-2177	nocte	
3-26	2178-2186	egrediar	
3-27	2187-2189	in	
3-28	2190-2197	Ægyptum	
3-29	2198-2199	:	
3-30	2200-2201	5	
3-31	2202-2204	et	
3-32	2205-2213	morietur	
3-33	2214-2218	omne	
3-34	2219-2231	primogenitum	
3-35	2232-2234	in	
3-36	2235-2240	terra	
3-37	2241-2251	Ægyptiorum	
3-38	2251-2252	,	
3-39	2253-2254	a	
3-40	2255-2266	primogenito	
3-41	2267-2276	Pharaonis	
3-42	2276-2277	,	
3-43	2278-2281	qui	
3-44	2282-2287	sedet	
3-45	2288-2290	in	
3-46	2291-2296	solio	
3-47	2297-2301	ejus	
3-48	2301-2302	,	
3-49	2303-2308	usque	
3-50	2309-2311	ad	
3-51	2312-2324	primogenitum	
3-52	2325-2332	ancillæ	
3-53	2333-2336	quæ	
3-54	2337-2340	est	
3-55	2341-2343	ad	
3-56	2344-2349	molam	
3-57	2349-2350	,	
3-58	2351-2353	et	
3-59	2354-2359	omnia	
3-60	2360-2371	primogenita	
3-61	2372-2382	jumentorum	
3-62	2382-2383	.	
