#FORMAT=WebAnno TSV 3.3
#T_SP=custom.Span|label
#T_RL=custom.Relation|label|BT_custom.Span


#Text=Then a distinctly wicked idea takes possession of the mind: "What a divine—what a heavenly place to loot!"
1-1	0-4	Then	_	_	_	
1-2	5-6	a	_	_	_	
1-3	7-17	distinctly	_	_	_	
1-4	18-24	wicked	_	_	_	
1-5	25-29	idea	_	_	_	
1-6	30-35	takes	_	_	_	
1-7	36-46	possession	_	_	_	
1-8	47-49	of	_	_	_	
1-9	50-53	the	_	_	_	
1-10	54-58	mind	_	_	_	
1-11	58-59	:	_	_	_	
1-12	60-61	"	_	_	_	
1-13	61-65	What	_	_	_	
1-14	66-67	a	_	_	_	
1-15	68-79	divine—what	_	_	_	
1-16	80-81	a	_	_	_	
1-17	82-90	heavenly	_	_	_	
1-18	91-96	place	_	_	_	
1-19	97-99	to	_	_	_	
1-20	100-104	loot	_	_	_	
1-21	104-105	!	_	_	_	
1-22	105-106	"	_	_	_	

#Text=This gives place to a much worse devil—that of Conservatism.
2-1	107-111	This	_	_	_	
2-2	112-117	gives	_	_	_	
2-3	118-123	place	_	_	_	
2-4	124-126	to	_	_	_	
2-5	127-128	a	_	_	_	
2-6	129-133	much	_	_	_	
2-7	134-139	worse	_	_	_	
2-8	140-150	devil—that	_	_	_	
2-9	151-153	of	_	_	_	
2-10	154-166	Conservatism	_	_	_	
2-11	166-167	.	_	_	_	

#Text=It seems not only a wrong but a criminal thing to allow natives to have any voice in the control of such a city—adorned, docked, wharfed, fronted, and reclaimed by Englishmen, existing only because England lives, and dependent for its life on England.
3-1	168-170	It	_	_	_	
3-2	171-176	seems	_	_	_	
3-3	177-180	not	_	_	_	
3-4	181-185	only	_	_	_	
3-5	186-187	a	_	_	_	
3-6	188-193	wrong	_	_	_	
3-7	194-197	but	_	_	_	
3-8	198-199	a	_	_	_	
3-9	200-208	criminal	_	_	_	
3-10	209-214	thing	_	_	_	
3-11	215-217	to	_	_	_	
3-12	218-223	allow	_	_	_	
3-13	224-231	natives	_	_	_	
3-14	232-234	to	_	_	_	
3-15	235-239	have	_	_	_	
3-16	240-243	any	_	_	_	
3-17	244-249	voice	_	_	_	
3-18	250-252	in	_	_	_	
3-19	253-256	the	_	_	_	
3-20	257-264	control	_	_	_	
3-21	265-267	of	_	_	_	
3-22	268-272	such	_	_	_	
3-23	273-274	a	_	_	_	
3-24	275-287	city—adorned	_	_	_	
3-25	287-288	,	_	_	_	
3-26	289-295	docked	_	_	_	
3-27	295-296	,	_	_	_	
3-28	297-304	wharfed	_	_	_	
3-29	304-305	,	_	_	_	
3-30	306-313	fronted	_	_	_	
3-31	313-314	,	_	_	_	
3-32	315-318	and	_	_	_	
3-33	319-328	reclaimed	_	_	_	
3-34	329-331	by	_	_	_	
3-35	332-342	Englishmen	_	_	_	
3-36	342-343	,	_	_	_	
3-37	344-352	existing	_	_	_	
3-38	353-357	only	_	_	_	
3-39	358-365	because	_	_	_	
3-40	366-373	England	_	_	_	
3-41	374-379	lives	_	_	_	
3-42	379-380	,	_	_	_	
3-43	381-384	and	_	_	_	
3-44	385-394	dependent	_	_	_	
3-45	395-398	for	_	_	_	
3-46	399-402	its	_	_	_	
3-47	403-407	life	_	_	_	
3-48	408-410	on	_	_	_	
3-49	411-418	England	_	_	_	
3-50	418-419	.	_	_	_	

#Text=All India knows of the Calcutta Municipality; but has any one thoroughly investigated the Big Calcutta Stink?
4-1	420-423	All	_	_	_	
4-2	424-429	India	_	_	_	
4-3	430-435	knows	_	_	_	
4-4	436-438	of	_	_	_	
4-5	439-442	the	_	_	_	
4-6	443-451	Calcutta	_	_	_	
4-7	452-464	Municipality	_	_	_	
4-8	464-465	;	_	_	_	
4-9	466-469	but	_	_	_	
4-10	470-473	has	_	_	_	
4-11	474-477	any	_	_	_	
4-12	478-481	one	_	_	_	
4-13	482-492	thoroughly	_	_	_	
4-14	493-505	investigated	_	_	_	
4-15	506-509	the	_	_	_	
4-16	510-513	Big	Quality	_	_	
4-17	514-522	Calcutta	Location	_	_	
4-18	523-528	Stink	Smell\_Word	*|*	4-17|4-16	
4-19	528-529	?	_	_	_	

#Text=There is only one.
5-1	530-535	There	_	_	_	
5-2	536-538	is	_	_	_	
5-3	539-543	only	_	_	_	
5-4	544-547	one	_	_	_	
5-5	547-548	.	_	_	_	

#Text=Benares is fouler in point of concentrated, pent-up muck, and there are local stenches in Peshawar which are stronger than the B.
6-1	549-556	Benares	Location	_	_	
6-2	557-559	is	_	_	_	
6-3	560-566	fouler	Smell\_Word[1]|Quality[2]	*|*|*	6-3[2_1]|6-4[3_1]|6-1[0_1]	
6-4	567-569	in	Smell\_Source[3]	_	_	
6-5	570-575	point	Smell\_Source[3]	_	_	
6-6	576-578	of	Smell\_Source[3]	_	_	
6-7	579-591	concentrated	Smell\_Source[3]	_	_	
6-8	591-592	,	Smell\_Source[3]	_	_	
6-9	593-600	pent-up	Smell\_Source[3]	_	_	
6-10	601-605	muck	Smell\_Source[3]	_	_	
6-11	605-606	,	_	_	_	
6-12	607-610	and	_	_	_	
6-13	611-616	there	_	_	_	
6-14	617-620	are	_	_	_	
6-15	621-626	local	Quality	_	_	
6-16	627-635	stenches	Smell\_Word	*|*|*	6-17[4_0]|6-15|6-21	
6-17	636-638	in	Location[4]	_	_	
6-18	639-647	Peshawar	Location[4]	_	_	
6-19	648-653	which	_	_	_	
6-20	654-657	are	_	_	_	
6-21	658-666	stronger	Quality	_	_	
6-22	667-671	than	_	_	_	
6-23	672-675	the	_	_	_	
6-24	676-677	B	_	_	_	
6-25	677-678	.	_	_	_	

#Text=C.
7-1	679-680	C	_	_	_	
7-2	680-681	.	_	_	_	

#Text=S.; but, for diffused, soul-sickening expansiveness, the reek of Calcutta beats both Benares and Peshawar.
8-1	682-683	S	_	_	_	
8-2	683-684	.	_	_	_	
8-3	684-685	;	_	_	_	
8-4	686-689	but	_	_	_	
8-5	689-690	,	_	_	_	
8-6	691-694	for	Quality[5]	_	_	
8-7	695-703	diffused	Quality[5]	_	_	
8-8	703-704	,	Quality[5]	_	_	
8-9	705-719	soul-sickening	Quality[5]	_	_	
8-10	720-733	expansiveness	Quality[5]	_	_	
8-11	733-734	,	_	_	_	
8-12	735-738	the	_	_	_	
8-13	739-743	reek	Smell\_Word	*|*|*	8-14[6_0]|8-16[7_0]|8-6[5_0]	
8-14	744-746	of	Location[6]	_	_	
8-15	747-755	Calcutta	Location[6]	_	_	
8-16	756-761	beats	Quality[7]	_	_	
8-17	762-766	both	Quality[7]	_	_	
8-18	767-774	Benares	Quality[7]	_	_	
8-19	775-778	and	Quality[7]	_	_	
8-20	779-787	Peshawar	Quality[7]	_	_	
8-21	787-788	.	_	_	_	

#Text=Bombay cloaks her stenches with a veneer of assafœtida and tobacco; Calcutta is above pretence.
9-1	789-795	Bombay	Location	_	_	
9-2	796-802	cloaks	_	_	_	
9-3	803-806	her	_	_	_	
9-4	807-815	stenches	Smell\_Word	*|*	9-1|9-6[8_0]	
9-5	816-820	with	_	_	_	
9-6	821-822	a	Smell\_Source[8]	_	_	
9-7	823-829	veneer	Smell\_Source[8]	_	_	
9-8	830-832	of	Smell\_Source[8]	_	_	
9-9	833-843	assafœtida	Smell\_Source[8]	_	_	
9-10	844-847	and	Smell\_Source[8]	_	_	
9-11	848-855	tobacco	Smell\_Source[8]	_	_	
9-12	855-856	;	_	_	_	
9-13	857-865	Calcutta	_	_	_	
9-14	866-868	is	_	_	_	
9-15	869-874	above	_	_	_	
9-16	875-883	pretence	_	_	_	
9-17	883-884	.	_	_	_	

#Text=There is no tracing back the Calcutta plague to any one source.
10-1	885-890	There	_	_	_	
10-2	891-893	is	_	_	_	
10-3	894-896	no	_	_	_	
10-4	897-904	tracing	_	_	_	
10-5	905-909	back	_	_	_	
10-6	910-913	the	_	_	_	
10-7	914-922	Calcutta	Location	_	_	
10-8	923-929	plague	Smell\_Word	*|*|*|*|*	10-7|10-9[9_0]|11-12|11-7|11-3	
10-9	930-932	to	Smell\_Source[9]	_	_	
10-10	933-936	any	Smell\_Source[9]	_	_	
10-11	937-940	one	Smell\_Source[9]	_	_	
10-12	941-947	source	Smell\_Source[9]	_	_	
10-13	947-948	.	_	_	_	

#Text=It is faint, it is sickly, and it is indescribable; but Americans at the Great Eastern Hotel say that it is something like the smell of the Chinese quarter in San Francisco.
11-1	949-951	It	_	_	_	
11-2	952-954	is	_	_	_	
11-3	955-960	faint	Quality	_	_	
11-4	960-961	,	_	_	_	
11-5	962-964	it	_	_	_	
11-6	965-967	is	_	_	_	
11-7	968-974	sickly	Quality	_	_	
11-8	974-975	,	_	_	_	
11-9	976-979	and	_	_	_	
11-10	980-982	it	_	_	_	
11-11	983-985	is	_	_	_	
11-12	986-999	indescribable	Quality	_	_	
11-13	999-1000	;	_	_	_	
11-14	1001-1004	but	_	_	_	
11-15	1005-1014	Americans	Perceiver[10]	_	_	
11-16	1015-1017	at	Perceiver[10]	_	_	
11-17	1018-1021	the	Perceiver[10]	_	_	
11-18	1022-1027	Great	Perceiver[10]	_	_	
11-19	1028-1035	Eastern	Perceiver[10]	_	_	
11-20	1036-1041	Hotel	Perceiver[10]	_	_	
11-21	1042-1045	say	_	_	_	
11-22	1046-1050	that	_	_	_	
11-23	1051-1053	it	_	_	_	
11-24	1054-1056	is	_	_	_	
11-25	1057-1066	something	_	_	_	
11-26	1067-1071	like	_	_	_	
11-27	1072-1075	the	_	_	_	
11-28	1076-1081	smell	Smell\_Word	*|*|*	11-29[11_0]|11-33[12_0]|11-15[10_0]	
11-29	1082-1084	of	Smell\_Source[11]	_	_	
11-30	1085-1088	the	Smell\_Source[11]	_	_	
11-31	1089-1096	Chinese	Smell\_Source[11]	_	_	
11-32	1097-1104	quarter	Smell\_Source[11]	_	_	
11-33	1105-1107	in	Location[12]	_	_	
11-34	1108-1111	San	Location[12]	_	_	
11-35	1112-1121	Francisco	Location[12]	_	_	
11-36	1121-1122	.	_	_	_	

#Text=It is certainly not an Indian smell.
12-1	1123-1125	It	_	_	_	
12-2	1126-1128	is	_	_	_	
12-3	1129-1138	certainly	_	_	_	
12-4	1139-1142	not	_	_	_	
12-5	1143-1145	an	_	_	_	
12-6	1146-1152	Indian	Quality	_	_	
12-7	1153-1158	smell	Smell\_Word	*	12-6	
12-8	1158-1159	.	_	_	_	

#Text=It resembles the essence of corruption that has rotted for the second time—the clammy odour of blue slime.
13-1	1160-1162	It	Smell\_Word	Anaphoric|*	12-7|13-3[13_0]	
13-2	1163-1172	resembles	_	_	_	
13-3	1173-1176	the	Evoked\_Odorant[13]	_	_	
13-4	1177-1184	essence	Evoked\_Odorant[13]	_	_	
13-5	1185-1187	of	Evoked\_Odorant[13]	_	_	
13-6	1188-1198	corruption	Evoked\_Odorant[13]	_	_	
13-7	1199-1203	that	Evoked\_Odorant[13]	_	_	
13-8	1204-1207	has	Evoked\_Odorant[13]	_	_	
13-9	1208-1214	rotted	Evoked\_Odorant[13]	_	_	
13-10	1215-1218	for	Evoked\_Odorant[13]	_	_	
13-11	1219-1222	the	Evoked\_Odorant[13]	_	_	
13-12	1223-1229	second	Evoked\_Odorant[13]	_	_	
13-13	1230-1238	time—the	Evoked\_Odorant[13]	_	_	
13-14	1239-1245	clammy	Quality	_	_	
13-15	1246-1251	odour	Smell\_Word	*|*	13-16[14_0]|13-14	
13-16	1252-1254	of	Smell\_Source[14]	_	_	
13-17	1255-1259	blue	Smell\_Source[14]	_	_	
13-18	1260-1265	slime	Smell\_Source[14]	_	_	
13-19	1265-1266	.	_	_	_	

#Text=And there is no escape from it.
14-1	1267-1270	And	_	_	_	
14-2	1271-1276	there	Quality[15]	_	_	
14-3	1277-1279	is	Quality[15]	_	_	
14-4	1280-1282	no	Quality[15]	_	_	
14-5	1283-1289	escape	Quality[15]	_	_	
14-6	1290-1294	from	_	_	_	
14-7	1295-1297	it	Smell\_Word	Anaphoric|*	12-7|14-2[15_0]	
14-8	1297-1298	.	_	_	_	

#Text=It blows across the maidan; it comes in gusts into the corridors of the Great Eastern Hotel; what they are pleased to call the "Palaces of Chowringhi" carry it; it swirls round the Bengal Club; it pours out of by-streets with sickening intensity, and the breeze of the morning is laden with it.
15-1	1299-1301	It	Smell\_Word	Anaphoric|*	12-7|15-3[16_0]	
15-2	1302-1307	blows	_	_	_	
15-3	1308-1314	across	Location[16]	_	_	
15-4	1315-1318	the	Location[16]	_	_	
15-5	1319-1325	maidan	Location[16]	_	_	
15-6	1325-1326	;	_	_	_	
15-7	1327-1329	it	Smell\_Word	Anaphoric|*|*	12-7|15-11[18_0]|15-9[17_0]	
15-8	1330-1335	comes	_	_	_	
15-9	1336-1338	in	Odour\_Carrier[17]	_	_	
15-10	1339-1344	gusts	Odour\_Carrier[17]	_	_	
15-11	1345-1349	into	Location[18]	_	_	
15-12	1350-1353	the	Location[18]	_	_	
15-13	1354-1363	corridors	Location[18]	_	_	
15-14	1364-1366	of	Location[18]	_	_	
15-15	1367-1370	the	Location[18]	_	_	
15-16	1371-1376	Great	Location[18]	_	_	
15-17	1377-1384	Eastern	Location[18]	_	_	
15-18	1385-1390	Hotel	Location[18]	_	_	
15-19	1390-1391	;	_	_	_	
15-20	1392-1396	what	_	_	_	
15-21	1397-1401	they	_	_	_	
15-22	1402-1405	are	_	_	_	
15-23	1406-1413	pleased	_	_	_	
15-24	1414-1416	to	_	_	_	
15-25	1417-1421	call	_	_	_	
15-26	1422-1425	the	Odour\_Carrier[19]	_	_	
15-27	1426-1427	"	Odour\_Carrier[19]	_	_	
15-28	1427-1434	Palaces	Odour\_Carrier[19]	_	_	
15-29	1435-1437	of	Odour\_Carrier[19]	_	_	
15-30	1438-1448	Chowringhi	Odour\_Carrier[19]	_	_	
15-31	1448-1449	"	Odour\_Carrier[19]	_	_	
15-32	1450-1455	carry	_	_	_	
15-33	1456-1458	it	Smell\_Word	Anaphoric|*	12-7|15-26[19_0]	
15-34	1458-1459	;	_	_	_	
15-35	1460-1462	it	Smell\_Word	Anaphoric|*	12-7|15-37[20_0]	
15-36	1463-1469	swirls	_	_	_	
15-37	1470-1475	round	Location[20]	_	_	
15-38	1476-1479	the	Location[20]	_	_	
15-39	1480-1486	Bengal	Location[20]	_	_	
15-40	1487-1491	Club	Location[20]	_	_	
15-41	1491-1492	;	_	_	_	
15-42	1493-1495	it	Smell\_Word	Anaphoric|*|*	12-7|15-44[21_0]|15-47[22_0]	
15-43	1496-1501	pours	_	_	_	
15-44	1502-1505	out	Location[21]	_	_	
15-45	1506-1508	of	Location[21]	_	_	
15-46	1509-1519	by-streets	Location[21]	_	_	
15-47	1520-1524	with	Quality[22]	_	_	
15-48	1525-1534	sickening	Quality[22]	_	_	
15-49	1535-1544	intensity	Quality[22]	_	_	
15-50	1544-1545	,	_	_	_	
15-51	1546-1549	and	_	_	_	
15-52	1550-1553	the	Odour\_Carrier[23]	_	_	
15-53	1554-1560	breeze	Odour\_Carrier[23]	_	_	
15-54	1561-1563	of	Time[24]	_	_	
15-55	1564-1567	the	Time[24]	_	_	
15-56	1568-1575	morning	Time[24]	_	_	
15-57	1576-1578	is	_	_	_	
15-58	1579-1584	laden	_	_	_	
15-59	1585-1589	with	_	_	_	
15-60	1590-1592	it	Smell\_Word	Anaphoric|*|*	12-7|15-52[23_0]|15-54[24_0]	
15-61	1592-1593	.	_	_	_	

#Text=It is first found, in spite of the fume of the engines, in Howrah Station.
16-1	1594-1596	It	Smell\_Word	Anaphoric|*	12-7|16-15[26_0]	
16-2	1597-1599	is	_	_	_	
16-3	1600-1605	first	_	_	_	
16-4	1606-1611	found	_	_	_	
16-5	1611-1612	,	_	_	_	
16-6	1613-1615	in	_	_	_	
16-7	1616-1621	spite	_	_	_	
16-8	1622-1624	of	_	_	_	
16-9	1625-1628	the	_	_	_	
16-10	1629-1633	fume	Smell\_Word	*	16-11[25_0]	
16-11	1634-1636	of	Smell\_Source[25]	_	_	
16-12	1637-1640	the	Smell\_Source[25]	_	_	
16-13	1641-1648	engines	Smell\_Source[25]	_	_	
16-14	1648-1649	,	_	_	_	
16-15	1650-1652	in	Location[26]	_	_	
16-16	1653-1659	Howrah	Location[26]	_	_	
16-17	1660-1667	Station	Location[26]	_	_	
16-18	1667-1668	.	_	_	_	

#Text=It seems to be worst in the little lanes at the back of Lai Bazar where the drinking-shops are, but it is nearly as bad opposite Government House and in the Public Offices.
17-1	1669-1671	It	Smell\_Word	*|*|Anaphoric	17-5|17-6[27_0]|12-7	
17-2	1672-1677	seems	_	_	_	
17-3	1678-1680	to	_	_	_	
17-4	1681-1683	be	_	_	_	
17-5	1684-1689	worst	Quality	_	_	
17-6	1690-1692	in	Location[27]	_	_	
17-7	1693-1696	the	Location[27]	_	_	
17-8	1697-1703	little	Location[27]	_	_	
17-9	1704-1709	lanes	Location[27]	_	_	
17-10	1710-1712	at	Location[27]	_	_	
17-11	1713-1716	the	Location[27]	_	_	
17-12	1717-1721	back	Location[27]	_	_	
17-13	1722-1724	of	Location[27]	_	_	
17-14	1725-1728	Lai	Location[27]	_	_	
17-15	1729-1734	Bazar	Location[27]	_	_	
17-16	1735-1740	where	_	_	_	
17-17	1741-1744	the	_	_	_	
17-18	1745-1759	drinking-shops	_	_	_	
17-19	1760-1763	are	_	_	_	
17-20	1763-1764	,	_	_	_	
17-21	1765-1768	but	_	_	_	
17-22	1769-1771	it	Smell\_Word	Anaphoric|*|*	12-7|17-24[28_0]|17-27[29_0]	
17-23	1772-1774	is	_	_	_	
17-24	1775-1781	nearly	Quality[28]	_	_	
17-25	1782-1784	as	Quality[28]	_	_	
17-26	1785-1788	bad	Quality[28]	_	_	
17-27	1789-1797	opposite	Location[29]	_	_	
17-28	1798-1808	Government	Location[29]	_	_	
17-29	1809-1814	House	Location[29]	_	_	
17-30	1815-1818	and	Location[29]	_	_	
17-31	1819-1821	in	Location[29]	_	_	
17-32	1822-1825	the	Location[29]	_	_	
17-33	1826-1832	Public	Location[29]	_	_	
17-34	1833-1840	Offices	Location[29]	_	_	
17-35	1840-1841	.	_	_	_	

#Text=The thing is intermittent.
18-1	1842-1845	The	Smell\_Word[30]	*|*	18-4[0_30]|20-7[31_30]	
18-2	1846-1851	thing	Smell\_Word[30]	_	_	
18-3	1852-1854	is	_	_	_	
18-4	1855-1867	intermittent	Quality	_	_	
18-5	1867-1868	.	_	_	_	

#Text=Six moderately pure mouthfuls of air may be drawn without offence.
19-1	1869-1872	Six	_	_	_	
19-2	1873-1883	moderately	_	_	_	
19-3	1884-1888	pure	_	_	_	
19-4	1889-1898	mouthfuls	_	_	_	
19-5	1899-1901	of	_	_	_	
19-6	1902-1905	air	_	_	_	
19-7	1906-1909	may	_	_	_	
19-8	1910-1912	be	_	_	_	
19-9	1913-1918	drawn	_	_	_	
19-10	1919-1926	without	_	_	_	
19-11	1927-1934	offence	_	_	_	
19-12	1934-1935	.	_	_	_	

#Text=Then comes the seventh wave and the queasiness of an uncultured stomach.
20-1	1936-1940	Then	_	_	_	
20-2	1941-1946	comes	_	_	_	
20-3	1947-1950	the	_	_	_	
20-4	1951-1958	seventh	_	_	_	
20-5	1959-1963	wave	_	_	_	
20-6	1964-1967	and	_	_	_	
20-7	1968-1971	the	Effect[31]	_	_	
20-8	1972-1982	queasiness	Effect[31]	_	_	
20-9	1983-1985	of	Effect[31]	_	_	
20-10	1986-1988	an	Effect[31]	_	_	
20-11	1989-1999	uncultured	Effect[31]	_	_	
20-12	2000-2007	stomach	Effect[31]	_	_	
20-13	2007-2008	.	_	_	_	

#Text=If you live long enough in Calcutta you grow used to it.
21-1	2009-2011	If	_	_	_	
21-2	2012-2015	you	_	_	_	
21-3	2016-2020	live	_	_	_	
21-4	2021-2025	long	_	_	_	
21-5	2026-2032	enough	_	_	_	
21-6	2033-2035	in	Location[32]	_	_	
21-7	2036-2044	Calcutta	Location[32]	_	_	
21-8	2045-2048	you	Perceiver	_	_	
21-9	2049-2053	grow	_	_	_	
21-10	2054-2058	used	_	_	_	
21-11	2059-2061	to	_	_	_	
21-12	2062-2064	it	Smell\_Word	*|*|Anaphoric	21-6[32_0]|21-8|18-1[30_0]	
21-13	2064-2065	.	_	_	_	

#Text=The regular residents admit the disgrace, but their answer is: "Wait till the wind blows off the Salt Lakes where all the sewage goes, and then you'll smell something."
22-1	2066-2069	The	_	_	_	
22-2	2070-2077	regular	_	_	_	
22-3	2078-2087	residents	_	_	_	
22-4	2088-2093	admit	_	_	_	
22-5	2094-2097	the	_	_	_	
22-6	2098-2106	disgrace	_	_	_	
22-7	2106-2107	,	_	_	_	
22-8	2108-2111	but	_	_	_	
22-9	2112-2117	their	_	_	_	
22-10	2118-2124	answer	_	_	_	
22-11	2125-2127	is	_	_	_	
22-12	2127-2128	:	_	_	_	
22-13	2129-2130	"	_	_	_	
22-14	2130-2134	Wait	_	_	_	
22-15	2135-2139	till	_	_	_	
22-16	2140-2143	the	Odour\_Carrier[33]	_	_	
22-17	2144-2148	wind	Odour\_Carrier[33]	_	_	
22-18	2149-2154	blows	_	_	_	
22-19	2155-2158	off	Location[34]	_	_	
22-20	2159-2162	the	Location[34]	_	_	
22-21	2163-2167	Salt	Location[34]	_	_	
22-22	2168-2173	Lakes	Location[34]	_	_	
22-23	2174-2179	where	Location[34]	_	_	
22-24	2180-2183	all	Location[34]	_	_	
22-25	2184-2187	the	Location[34]	_	_	
22-26	2188-2194	sewage	Location[34]	_	_	
22-27	2195-2199	goes	Location[34]	_	_	
22-28	2199-2200	,	_	_	_	
22-29	2201-2204	and	_	_	_	
22-30	2205-2209	then	_	_	_	
22-31	2210-2216	you'll	Perceiver	_	_	
22-32	2217-2222	smell	Smell\_Word	*|*|*|*	22-16[33_0]|22-33|22-31|22-19[34_0]	
22-33	2223-2232	something	Smell\_Source	_	_	
22-34	2232-2233	.	_	_	_	
22-35	2233-2234	"	_	_	_	

#Text=That is their defence!
23-1	2235-2239	That	_	_	_	
23-2	2240-2242	is	_	_	_	
23-3	2243-2248	their	_	_	_	
23-4	2249-2256	defence	_	_	_	
23-5	2256-2257	!	_	_	_	

#Text=Small wonder that they consider Calcutta is a fit place for a permanent Viceroy.
24-1	2258-2263	Small	_	_	_	
24-2	2264-2270	wonder	_	_	_	
24-3	2271-2275	that	_	_	_	
24-4	2276-2280	they	_	_	_	
24-5	2281-2289	consider	_	_	_	
24-6	2290-2298	Calcutta	_	_	_	
24-7	2299-2301	is	_	_	_	
24-8	2302-2303	a	_	_	_	
24-9	2304-2307	fit	_	_	_	
24-10	2308-2313	place	_	_	_	
24-11	2314-2317	for	_	_	_	
24-12	2318-2319	a	_	_	_	
24-13	2320-2329	permanent	_	_	_	
24-14	2330-2337	Viceroy	_	_	_	
24-15	2337-2338	.	_	_	_	

#Text=Englishmen who can calmly extenuate one shame by another are capable of asking for anything—and expecting to get it.
25-1	2339-2349	Englishmen	_	_	_	
25-2	2350-2353	who	_	_	_	
25-3	2354-2357	can	_	_	_	
25-4	2358-2364	calmly	_	_	_	
25-5	2365-2374	extenuate	_	_	_	
25-6	2375-2378	one	_	_	_	
25-7	2379-2384	shame	_	_	_	
25-8	2385-2387	by	_	_	_	
25-9	2388-2395	another	_	_	_	
25-10	2396-2399	are	_	_	_	
25-11	2400-2407	capable	_	_	_	
25-12	2408-2410	of	_	_	_	
25-13	2411-2417	asking	_	_	_	
25-14	2418-2421	for	_	_	_	
25-15	2422-2434	anything—and	_	_	_	
25-16	2435-2444	expecting	_	_	_	
25-17	2445-2447	to	_	_	_	
25-18	2448-2451	get	_	_	_	
25-19	2452-2454	it	_	_	_	
25-20	2454-2455	.	_	_	_	

#Text=If an up-country station holding three thousand troops and twenty civilians owned such a possession as Calcutta does, the Deputy Commissioner or the Cantonment Magistrate would have all the natives off the board of management or decently shovelled into the background until the mess was abated.
26-1	2457-2459	If	_	_	_	
26-2	2460-2462	an	_	_	_	
26-3	2463-2473	up-country	_	_	_	
26-4	2474-2481	station	_	_	_	
26-5	2482-2489	holding	_	_	_	
26-6	2490-2495	three	_	_	_	
26-7	2496-2504	thousand	_	_	_	
26-8	2505-2511	troops	_	_	_	
26-9	2512-2515	and	_	_	_	
26-10	2516-2522	twenty	_	_	_	
26-11	2523-2532	civilians	_	_	_	
26-12	2533-2538	owned	_	_	_	
26-13	2539-2543	such	_	_	_	
26-14	2544-2545	a	_	_	_	
26-15	2546-2556	possession	_	_	_	
26-16	2557-2559	as	_	_	_	
26-17	2560-2568	Calcutta	_	_	_	
26-18	2569-2573	does	_	_	_	
26-19	2573-2574	,	_	_	_	
26-20	2575-2578	the	_	_	_	
26-21	2579-2585	Deputy	_	_	_	
26-22	2586-2598	Commissioner	_	_	_	
26-23	2599-2601	or	_	_	_	
26-24	2602-2605	the	_	_	_	
26-25	2606-2616	Cantonment	_	_	_	
26-26	2617-2627	Magistrate	_	_	_	
26-27	2628-2633	would	_	_	_	
26-28	2634-2638	have	_	_	_	
26-29	2639-2642	all	_	_	_	
26-30	2643-2646	the	_	_	_	
26-31	2647-2654	natives	_	_	_	
26-32	2655-2658	off	_	_	_	
26-33	2659-2662	the	_	_	_	
26-34	2663-2668	board	_	_	_	
26-35	2669-2671	of	_	_	_	
26-36	2672-2682	management	_	_	_	
26-37	2683-2685	or	_	_	_	
26-38	2686-2694	decently	_	_	_	
26-39	2695-2704	shovelled	_	_	_	
26-40	2705-2709	into	_	_	_	
26-41	2710-2713	the	_	_	_	
26-42	2714-2724	background	_	_	_	
26-43	2725-2730	until	_	_	_	
26-44	2731-2734	the	_	_	_	
26-45	2735-2739	mess	_	_	_	
26-46	2740-2743	was	_	_	_	
26-47	2744-2750	abated	_	_	_	
26-48	2750-2751	.	_	_	_	

#Text=Then they might come on again and talk of "high-handed oppression" as much as they liked.
27-1	2752-2756	Then	_	_	_	
27-2	2757-2761	they	_	_	_	
27-3	2762-2767	might	_	_	_	
27-4	2768-2772	come	_	_	_	
27-5	2773-2775	on	_	_	_	
27-6	2776-2781	again	_	_	_	
27-7	2782-2785	and	_	_	_	
27-8	2786-2790	talk	_	_	_	
27-9	2791-2793	of	_	_	_	
27-10	2794-2795	"	_	_	_	
27-11	2795-2806	high-handed	_	_	_	
27-12	2807-2817	oppression	_	_	_	
27-13	2817-2818	"	_	_	_	
27-14	2819-2821	as	_	_	_	
27-15	2822-2826	much	_	_	_	
27-16	2827-2829	as	_	_	_	
27-17	2830-2834	they	_	_	_	
27-18	2835-2840	liked	_	_	_	
27-19	2840-2841	.	_	_	_	

#Text=That stink, to an unprejudiced nose, damns Calcutta as a City of Kings.
28-1	2842-2846	That	_	_	_	
28-2	2847-2852	stink	Smell\_Word	*|*|*	28-4[35_0]|28-10[37_0]|28-9[36_0]	
28-3	2852-2853	,	_	_	_	
28-4	2854-2856	to	Perceiver[35]	_	_	
28-5	2857-2859	an	Perceiver[35]	_	_	
28-6	2860-2872	unprejudiced	Perceiver[35]	_	_	
28-7	2873-2877	nose	Perceiver[35]	_	_	
28-8	2877-2878	,	_	_	_	
28-9	2879-2884	damns	Effect[36]	_	_	
28-10	2885-2893	Calcutta	Effect[36]|Location[37]	_	_	
28-11	2894-2896	as	Effect[36]	_	_	
28-12	2897-2898	a	Effect[36]	_	_	
28-13	2899-2903	City	Effect[36]	_	_	
28-14	2904-2906	of	Effect[36]	_	_	
28-15	2907-2912	Kings	Effect[36]	_	_	
28-16	2912-2913	.	_	_	_	

#Text=And, in spite of that stink, they allow, they even encourage, natives to look after the place!
29-1	2914-2917	And	_	_	_	
29-2	2917-2918	,	_	_	_	
29-3	2919-2921	in	_	_	_	
29-4	2922-2927	spite	_	_	_	
29-5	2928-2930	of	_	_	_	
29-6	2931-2935	that	_	_	_	
29-7	2936-2941	stink	Smell\_Word	_	_	
29-8	2941-2942	,	_	_	_	
29-9	2943-2947	they	_	_	_	
29-10	2948-2953	allow	_	_	_	
29-11	2953-2954	,	_	_	_	
29-12	2955-2959	they	_	_	_	
29-13	2960-2964	even	_	_	_	
29-14	2965-2974	encourage	_	_	_	
29-15	2974-2975	,	_	_	_	
29-16	2976-2983	natives	_	_	_	
29-17	2984-2986	to	_	_	_	
29-18	2987-2991	look	_	_	_	
29-19	2992-2997	after	_	_	_	
29-20	2998-3001	the	_	_	_	
29-21	3002-3007	place	_	_	_	
29-22	3007-3008	!	_	_	_	

#Text=The damp, drainage-soaked soil is sick with the teeming life of a hundred years, and the Municipal Board list is choked with the names of natives—men of the breed born in and raised off this surfeited muck-heap!
30-1	3009-3012	The	_	_	_	
30-2	3013-3017	damp	_	_	_	
30-3	3017-3018	,	_	_	_	
30-4	3019-3034	drainage-soaked	_	_	_	
30-5	3035-3039	soil	_	_	_	
30-6	3040-3042	is	_	_	_	
30-7	3043-3047	sick	_	_	_	
30-8	3048-3052	with	_	_	_	
30-9	3053-3056	the	_	_	_	
30-10	3057-3064	teeming	_	_	_	
30-11	3065-3069	life	_	_	_	
30-12	3070-3072	of	_	_	_	
30-13	3073-3074	a	_	_	_	
30-14	3075-3082	hundred	_	_	_	
30-15	3083-3088	years	_	_	_	
30-16	3088-3089	,	_	_	_	
30-17	3090-3093	and	_	_	_	
30-18	3094-3097	the	_	_	_	
30-19	3098-3107	Municipal	_	_	_	
30-20	3108-3113	Board	_	_	_	
30-21	3114-3118	list	_	_	_	
30-22	3119-3121	is	_	_	_	
30-23	3122-3128	choked	_	_	_	
30-24	3129-3133	with	_	_	_	
30-25	3134-3137	the	_	_	_	
30-26	3138-3143	names	_	_	_	
30-27	3144-3146	of	_	_	_	
30-28	3147-3158	natives—men	_	_	_	
30-29	3159-3161	of	_	_	_	
30-30	3162-3165	the	_	_	_	
30-31	3166-3171	breed	_	_	_	
30-32	3172-3176	born	_	_	_	
30-33	3177-3179	in	_	_	_	
30-34	3180-3183	and	_	_	_	
30-35	3184-3190	raised	_	_	_	
30-36	3191-3194	off	_	_	_	
30-37	3195-3199	this	_	_	_	
30-38	3200-3209	surfeited	_	_	_	
30-39	3210-3219	muck-heap	_	_	_	
30-40	3219-3220	!	_	_	_	

#Text=They own property, these amiable Aryans on the Municipal and the Bengal Legislative Council.
31-1	3221-3225	They	_	_	_	
31-2	3226-3229	own	_	_	_	
31-3	3230-3238	property	_	_	_	
31-4	3238-3239	,	_	_	_	
31-5	3240-3245	these	_	_	_	
31-6	3246-3253	amiable	_	_	_	
31-7	3254-3260	Aryans	_	_	_	
31-8	3261-3263	on	_	_	_	
31-9	3264-3267	the	_	_	_	
31-10	3268-3277	Municipal	_	_	_	
31-11	3278-3281	and	_	_	_	
31-12	3282-3285	the	_	_	_	
31-13	3286-3292	Bengal	_	_	_	
31-14	3293-3304	Legislative	_	_	_	
31-15	3305-3312	Council	_	_	_	
31-16	3312-3313	.	_	_	_	

#Text=Launch a proposal to tax them on that property, and they naturally howl.
32-1	3314-3320	Launch	_	_	_	
32-2	3321-3322	a	_	_	_	
32-3	3323-3331	proposal	_	_	_	
32-4	3332-3334	to	_	_	_	
32-5	3335-3338	tax	_	_	_	
32-6	3339-3343	them	_	_	_	
32-7	3344-3346	on	_	_	_	
32-8	3347-3351	that	_	_	_	
32-9	3352-3360	property	_	_	_	
32-10	3360-3361	,	_	_	_	
32-11	3362-3365	and	_	_	_	
32-12	3366-3370	they	_	_	_	
32-13	3371-3380	naturally	_	_	_	
32-14	3381-3385	howl	_	_	_	
32-15	3385-3386	.	_	_	_	

#Text=They also howl up-country, but there the halls for mass-meetings are few, and the vernacular papers fewer, and with a strong Secretary and a President whose favour is worth the having and whose wrath is undesirable, men are kept clean despite themselves, and may not poison their neighbours.
33-1	3387-3391	They	_	_	_	
33-2	3392-3396	also	_	_	_	
33-3	3397-3401	howl	_	_	_	
33-4	3402-3412	up-country	_	_	_	
33-5	3412-3413	,	_	_	_	
33-6	3414-3417	but	_	_	_	
33-7	3418-3423	there	_	_	_	
33-8	3424-3427	the	_	_	_	
33-9	3428-3433	halls	_	_	_	
33-10	3434-3437	for	_	_	_	
33-11	3438-3451	mass-meetings	_	_	_	
33-12	3452-3455	are	_	_	_	
33-13	3456-3459	few	_	_	_	
33-14	3459-3460	,	_	_	_	
33-15	3461-3464	and	_	_	_	
33-16	3465-3468	the	_	_	_	
33-17	3469-3479	vernacular	_	_	_	
33-18	3480-3486	papers	_	_	_	
33-19	3487-3492	fewer	_	_	_	
33-20	3492-3493	,	_	_	_	
33-21	3494-3497	and	_	_	_	
33-22	3498-3502	with	_	_	_	
33-23	3503-3504	a	_	_	_	
33-24	3505-3511	strong	_	_	_	
33-25	3512-3521	Secretary	_	_	_	
33-26	3522-3525	and	_	_	_	
33-27	3526-3527	a	_	_	_	
33-28	3528-3537	President	_	_	_	
33-29	3538-3543	whose	_	_	_	
33-30	3544-3550	favour	_	_	_	
33-31	3551-3553	is	_	_	_	
33-32	3554-3559	worth	_	_	_	
33-33	3560-3563	the	_	_	_	
33-34	3564-3570	having	_	_	_	
33-35	3571-3574	and	_	_	_	
33-36	3575-3580	whose	_	_	_	
33-37	3581-3586	wrath	_	_	_	
33-38	3587-3589	is	_	_	_	
33-39	3590-3601	undesirable	_	_	_	
33-40	3601-3602	,	_	_	_	
33-41	3603-3606	men	_	_	_	
33-42	3607-3610	are	_	_	_	
33-43	3611-3615	kept	_	_	_	
33-44	3616-3621	clean	_	_	_	
33-45	3622-3629	despite	_	_	_	
33-46	3630-3640	themselves	_	_	_	
33-47	3640-3641	,	_	_	_	
33-48	3642-3645	and	_	_	_	
33-49	3646-3649	may	_	_	_	
33-50	3650-3653	not	_	_	_	
33-51	3654-3660	poison	_	_	_	
33-52	3661-3666	their	_	_	_	
33-53	3667-3677	neighbours	_	_	_	
33-54	3677-3678	.	_	_	_	

#Text=Why, asks a savage, let them vote at all?
34-1	3679-3682	Why	_	_	_	
34-2	3682-3683	,	_	_	_	
34-3	3684-3688	asks	_	_	_	
34-4	3689-3690	a	_	_	_	
34-5	3691-3697	savage	_	_	_	
34-6	3697-3698	,	_	_	_	
34-7	3699-3702	let	_	_	_	
34-8	3703-3707	them	_	_	_	
34-9	3708-3712	vote	_	_	_	
34-10	3713-3715	at	_	_	_	
34-11	3716-3719	all	_	_	_	
34-12	3719-3720	?	_	_	_	

#Text=They can put up with this filthiness.
35-1	3721-3725	They	_	_	_	
35-2	3726-3729	can	_	_	_	
35-3	3730-3733	put	_	_	_	
35-4	3734-3736	up	_	_	_	
35-5	3737-3741	with	_	_	_	
35-6	3742-3746	this	_	_	_	
35-7	3747-3757	filthiness	_	_	_	
35-8	3757-3758	.	_	_	_	

#Text=They cannot have any feelings worth caring a rush for.
36-1	3759-3763	They	_	_	_	
36-2	3764-3770	cannot	_	_	_	
36-3	3771-3775	have	_	_	_	
36-4	3776-3779	any	_	_	_	
36-5	3780-3788	feelings	_	_	_	
36-6	3789-3794	worth	_	_	_	
36-7	3795-3801	caring	_	_	_	
36-8	3802-3803	a	_	_	_	
36-9	3804-3808	rush	_	_	_	
36-10	3809-3812	for	_	_	_	
36-11	3812-3813	.	_	_	_	

#Text=Let them live quietly and hide away their money under our protection, while we tax them till they know through their purses the measure of their neglect in the past, and when a little of the smell has been abolished, let us bring them back again to talk and take the credit of enlightenment.
37-1	3814-3817	Let	_	_	_	
37-2	3818-3822	them	_	_	_	
37-3	3823-3827	live	_	_	_	
37-4	3828-3835	quietly	_	_	_	
37-5	3836-3839	and	_	_	_	
37-6	3840-3844	hide	_	_	_	
37-7	3845-3849	away	_	_	_	
37-8	3850-3855	their	_	_	_	
37-9	3856-3861	money	_	_	_	
37-10	3862-3867	under	_	_	_	
37-11	3868-3871	our	_	_	_	
37-12	3872-3882	protection	_	_	_	
37-13	3882-3883	,	_	_	_	
37-14	3884-3889	while	_	_	_	
37-15	3890-3892	we	_	_	_	
37-16	3893-3896	tax	_	_	_	
37-17	3897-3901	them	_	_	_	
37-18	3902-3906	till	_	_	_	
37-19	3907-3911	they	_	_	_	
37-20	3912-3916	know	_	_	_	
37-21	3917-3924	through	_	_	_	
37-22	3925-3930	their	_	_	_	
37-23	3931-3937	purses	_	_	_	
37-24	3938-3941	the	_	_	_	
37-25	3942-3949	measure	_	_	_	
37-26	3950-3952	of	_	_	_	
37-27	3953-3958	their	_	_	_	
37-28	3959-3966	neglect	_	_	_	
37-29	3967-3969	in	_	_	_	
37-30	3970-3973	the	_	_	_	
37-31	3974-3978	past	_	_	_	
37-32	3978-3979	,	_	_	_	
37-33	3980-3983	and	_	_	_	
37-34	3984-3988	when	_	_	_	
37-35	3989-3990	a	Quality[38]	_	_	
37-36	3991-3997	little	Quality[38]	_	_	
37-37	3998-4000	of	_	_	_	
37-38	4001-4004	the	_	_	_	
37-39	4005-4010	smell	Smell\_Word	*	37-35[38_0]	
37-40	4011-4014	has	_	_	_	
37-41	4015-4019	been	_	_	_	
37-42	4020-4029	abolished	_	_	_	
37-43	4029-4030	,	_	_	_	
37-44	4031-4034	let	_	_	_	
37-45	4035-4037	us	_	_	_	
37-46	4038-4043	bring	_	_	_	
37-47	4044-4048	them	_	_	_	
37-48	4049-4053	back	_	_	_	
37-49	4054-4059	again	_	_	_	
37-50	4060-4062	to	_	_	_	
37-51	4063-4067	talk	_	_	_	
37-52	4068-4071	and	_	_	_	
37-53	4072-4076	take	_	_	_	
37-54	4077-4080	the	_	_	_	
37-55	4081-4087	credit	_	_	_	
37-56	4088-4090	of	_	_	_	
37-57	4091-4104	enlightenment	_	_	_	
37-58	4104-4105	.	_	_	_	

#Text=The better classes own their broughams and barouches; the worse can shoulder an Englishman into the kennel and talk to him as though he were a cook.
38-1	4106-4109	The	_	_	_	
38-2	4110-4116	better	_	_	_	
38-3	4117-4124	classes	_	_	_	
38-4	4125-4128	own	_	_	_	
38-5	4129-4134	their	_	_	_	
38-6	4135-4144	broughams	_	_	_	
38-7	4145-4148	and	_	_	_	
38-8	4149-4158	barouches	_	_	_	
38-9	4158-4159	;	_	_	_	
38-10	4160-4163	the	_	_	_	
38-11	4164-4169	worse	_	_	_	
38-12	4170-4173	can	_	_	_	
38-13	4174-4182	shoulder	_	_	_	
38-14	4183-4185	an	_	_	_	
38-15	4186-4196	Englishman	_	_	_	
38-16	4197-4201	into	_	_	_	
38-17	4202-4205	the	_	_	_	
38-18	4206-4212	kennel	_	_	_	
38-19	4213-4216	and	_	_	_	
38-20	4217-4221	talk	_	_	_	
38-21	4222-4224	to	_	_	_	
38-22	4225-4228	him	_	_	_	
38-23	4229-4231	as	_	_	_	
38-24	4232-4238	though	_	_	_	
38-25	4239-4241	he	_	_	_	
38-26	4242-4246	were	_	_	_	
38-27	4247-4248	a	_	_	_	
38-28	4249-4253	cook	_	_	_	
38-29	4253-4254	.	_	_	_	

#Text=They can refer to an English lady as an aurat; they are permitted a freedom—not to put it too coarsely—of speech which, if used by an Englishman toward an Englishman, would end in serious trouble.
39-1	4255-4259	They	_	_	_	
39-2	4260-4263	can	_	_	_	
39-3	4264-4269	refer	_	_	_	
39-4	4270-4272	to	_	_	_	
39-5	4273-4275	an	_	_	_	
39-6	4276-4283	English	_	_	_	
39-7	4284-4288	lady	_	_	_	
39-8	4289-4291	as	_	_	_	
39-9	4292-4294	an	_	_	_	
39-10	4295-4300	aurat	_	_	_	
39-11	4300-4301	;	_	_	_	
39-12	4302-4306	they	_	_	_	
39-13	4307-4310	are	_	_	_	
39-14	4311-4320	permitted	_	_	_	
39-15	4321-4322	a	_	_	_	
39-16	4323-4334	freedom—not	_	_	_	
39-17	4335-4337	to	_	_	_	
39-18	4338-4341	put	_	_	_	
39-19	4342-4344	it	_	_	_	
39-20	4345-4348	too	_	_	_	
39-21	4349-4360	coarsely—of	_	_	_	
39-22	4361-4367	speech	_	_	_	
39-23	4368-4373	which	_	_	_	
39-24	4373-4374	,	_	_	_	
39-25	4375-4377	if	_	_	_	
39-26	4378-4382	used	_	_	_	
39-27	4383-4385	by	_	_	_	
39-28	4386-4388	an	_	_	_	
39-29	4389-4399	Englishman	_	_	_	
39-30	4400-4406	toward	_	_	_	
39-31	4407-4409	an	_	_	_	
39-32	4410-4420	Englishman	_	_	_	
39-33	4420-4421	,	_	_	_	
39-34	4422-4427	would	_	_	_	
39-35	4428-4431	end	_	_	_	
39-36	4432-4434	in	_	_	_	
39-37	4435-4442	serious	_	_	_	
39-38	4443-4450	trouble	_	_	_	
39-39	4450-4451	.	_	_	_	

#Text=They are fenced and protected and made inviolate.
40-1	4452-4456	They	_	_	_	
40-2	4457-4460	are	_	_	_	
40-3	4461-4467	fenced	_	_	_	
40-4	4468-4471	and	_	_	_	
40-5	4472-4481	protected	_	_	_	
40-6	4482-4485	and	_	_	_	
40-7	4486-4490	made	_	_	_	
40-8	4491-4500	inviolate	_	_	_	
40-9	4500-4501	.	_	_	_	

#Text=Surely they might be content with all those things without entering into matters which they cannot, by the nature of their birth, understand.
41-1	4502-4508	Surely	_	_	_	
41-2	4509-4513	they	_	_	_	
41-3	4514-4519	might	_	_	_	
41-4	4520-4522	be	_	_	_	
41-5	4523-4530	content	_	_	_	
41-6	4531-4535	with	_	_	_	
41-7	4536-4539	all	_	_	_	
41-8	4540-4545	those	_	_	_	
41-9	4546-4552	things	_	_	_	
41-10	4553-4560	without	_	_	_	
41-11	4561-4569	entering	_	_	_	
41-12	4570-4574	into	_	_	_	
41-13	4575-4582	matters	_	_	_	
41-14	4583-4588	which	_	_	_	
41-15	4589-4593	they	_	_	_	
41-16	4594-4600	cannot	_	_	_	
41-17	4600-4601	,	_	_	_	
41-18	4602-4604	by	_	_	_	
41-19	4605-4608	the	_	_	_	
41-20	4609-4615	nature	_	_	_	
41-21	4616-4618	of	_	_	_	
41-22	4619-4624	their	_	_	_	
41-23	4625-4630	birth	_	_	_	
41-24	4630-4631	,	_	_	_	
41-25	4632-4642	understand	_	_	_	
41-26	4642-4643	.	_	_	_	

#Text=Now, whether all this genial diatribe be the outcome of an unbiassed mind or the result first of sickness caused by that ferocious stench, and secondly of headache due to day-long smoking to drown the stench, is an open question.
42-1	4645-4648	Now	_	_	_	
42-2	4648-4649	,	_	_	_	
42-3	4650-4657	whether	_	_	_	
42-4	4658-4661	all	_	_	_	
42-5	4662-4666	this	_	_	_	
42-6	4667-4673	genial	_	_	_	
42-7	4674-4682	diatribe	_	_	_	
42-8	4683-4685	be	_	_	_	
42-9	4686-4689	the	_	_	_	
42-10	4690-4697	outcome	_	_	_	
42-11	4698-4700	of	_	_	_	
42-12	4701-4703	an	_	_	_	
42-13	4704-4713	unbiassed	_	_	_	
42-14	4714-4718	mind	_	_	_	
42-15	4719-4721	or	_	_	_	
42-16	4722-4725	the	_	_	_	
42-17	4726-4732	result	_	_	_	
42-18	4733-4738	first	_	_	_	
42-19	4739-4741	of	_	_	_	
42-20	4742-4750	sickness	Effect	_	_	
42-21	4751-4757	caused	_	_	_	
42-22	4758-4760	by	_	_	_	
42-23	4761-4765	that	_	_	_	
42-24	4766-4775	ferocious	Quality	_	_	
42-25	4776-4782	stench	Smell\_Word	*|*	42-24|42-20	
42-26	4782-4783	,	_	_	_	
42-27	4784-4787	and	_	_	_	
42-28	4788-4796	secondly	_	_	_	
42-29	4797-4799	of	Effect[39]	_	_	
42-30	4800-4808	headache	Effect[39]	_	_	
42-31	4809-4812	due	_	_	_	
42-32	4813-4815	to	_	_	_	
42-33	4816-4824	day-long	Time	_	_	
42-34	4825-4832	smoking	_	_	_	
42-35	4833-4835	to	_	_	_	
42-36	4836-4841	drown	_	_	_	
42-37	4842-4845	the	_	_	_	
42-38	4846-4852	stench	Smell\_Word	*|*	42-33|42-29[39_0]	
42-39	4852-4853	,	_	_	_	
42-40	4854-4856	is	_	_	_	
42-41	4857-4859	an	_	_	_	
42-42	4860-4864	open	_	_	_	
42-43	4865-4873	question	_	_	_	
42-44	4873-4874	.	_	_	_	

#Text=Anyway, Calcutta is a fearsome place for a man not educated up to it.
43-1	4875-4881	Anyway	_	_	_	
43-2	4881-4882	,	_	_	_	
43-3	4883-4891	Calcutta	_	_	_	
43-4	4892-4894	is	_	_	_	
43-5	4895-4896	a	_	_	_	
43-6	4897-4905	fearsome	_	_	_	
43-7	4906-4911	place	_	_	_	
43-8	4912-4915	for	_	_	_	
43-9	4916-4917	a	_	_	_	
43-10	4918-4921	man	_	_	_	
43-11	4922-4925	not	_	_	_	
43-12	4926-4934	educated	_	_	_	
43-13	4935-4937	up	_	_	_	
43-14	4938-4940	to	_	_	_	
43-15	4941-4943	it	_	_	_	
43-16	4943-4944	.	_	_	_	
