#FORMAT=WebAnno TSV 3.3


#Text=Then a distinctly wicked idea takes possession of the mind: "What a divine—what a heavenly place to loot!"
1-1	0-4	Then	
1-2	5-6	a	
1-3	7-17	distinctly	
1-4	18-24	wicked	
1-5	25-29	idea	
1-6	30-35	takes	
1-7	36-46	possession	
1-8	47-49	of	
1-9	50-53	the	
1-10	54-58	mind	
1-11	58-59	:	
1-12	60-61	"	
1-13	61-65	What	
1-14	66-67	a	
1-15	68-79	divine—what	
1-16	80-81	a	
1-17	82-90	heavenly	
1-18	91-96	place	
1-19	97-99	to	
1-20	100-104	loot	
1-21	104-105	!	
1-22	105-106	"	

#Text=This gives place to a much worse devil—that of Conservatism.
2-1	107-111	This	
2-2	112-117	gives	
2-3	118-123	place	
2-4	124-126	to	
2-5	127-128	a	
2-6	129-133	much	
2-7	134-139	worse	
2-8	140-150	devil—that	
2-9	151-153	of	
2-10	154-166	Conservatism	
2-11	166-167	.	

#Text=It seems not only a wrong but a criminal thing to allow natives to have any voice in the control of such a city—adorned, docked, wharfed, fronted, and reclaimed by Englishmen, existing only because England lives, and dependent for its life on England.
3-1	168-170	It	
3-2	171-176	seems	
3-3	177-180	not	
3-4	181-185	only	
3-5	186-187	a	
3-6	188-193	wrong	
3-7	194-197	but	
3-8	198-199	a	
3-9	200-208	criminal	
3-10	209-214	thing	
3-11	215-217	to	
3-12	218-223	allow	
3-13	224-231	natives	
3-14	232-234	to	
3-15	235-239	have	
3-16	240-243	any	
3-17	244-249	voice	
3-18	250-252	in	
3-19	253-256	the	
3-20	257-264	control	
3-21	265-267	of	
3-22	268-272	such	
3-23	273-274	a	
3-24	275-287	city—adorned	
3-25	287-288	,	
3-26	289-295	docked	
3-27	295-296	,	
3-28	297-304	wharfed	
3-29	304-305	,	
3-30	306-313	fronted	
3-31	313-314	,	
3-32	315-318	and	
3-33	319-328	reclaimed	
3-34	329-331	by	
3-35	332-342	Englishmen	
3-36	342-343	,	
3-37	344-352	existing	
3-38	353-357	only	
3-39	358-365	because	
3-40	366-373	England	
3-41	374-379	lives	
3-42	379-380	,	
3-43	381-384	and	
3-44	385-394	dependent	
3-45	395-398	for	
3-46	399-402	its	
3-47	403-407	life	
3-48	408-410	on	
3-49	411-418	England	
3-50	418-419	.	

#Text=All India knows of the Calcutta Municipality; but has any one thoroughly investigated the Big Calcutta Stink?
4-1	420-423	All	
4-2	424-429	India	
4-3	430-435	knows	
4-4	436-438	of	
4-5	439-442	the	
4-6	443-451	Calcutta	
4-7	452-464	Municipality	
4-8	464-465	;	
4-9	466-469	but	
4-10	470-473	has	
4-11	474-477	any	
4-12	478-481	one	
4-13	482-492	thoroughly	
4-14	493-505	investigated	
4-15	506-509	the	
4-16	510-513	Big	
4-17	514-522	Calcutta	
4-18	523-528	Stink	
4-19	528-529	?	

#Text=There is only one.
5-1	530-535	There	
5-2	536-538	is	
5-3	539-543	only	
5-4	544-547	one	
5-5	547-548	.	

#Text=Benares is fouler in point of concentrated, pent-up muck, and there are local stenches in Peshawar which are stronger than the B.
6-1	549-556	Benares	
6-2	557-559	is	
6-3	560-566	fouler	
6-4	567-569	in	
6-5	570-575	point	
6-6	576-578	of	
6-7	579-591	concentrated	
6-8	591-592	,	
6-9	593-600	pent-up	
6-10	601-605	muck	
6-11	605-606	,	
6-12	607-610	and	
6-13	611-616	there	
6-14	617-620	are	
6-15	621-626	local	
6-16	627-635	stenches	
6-17	636-638	in	
6-18	639-647	Peshawar	
6-19	648-653	which	
6-20	654-657	are	
6-21	658-666	stronger	
6-22	667-671	than	
6-23	672-675	the	
6-24	676-677	B	
6-25	677-678	.	

#Text=C.
7-1	679-680	C	
7-2	680-681	.	

#Text=S.; but, for diffused, soul-sickening expansiveness, the reek of Calcutta beats both Benares and Peshawar.
8-1	682-683	S	
8-2	683-684	.	
8-3	684-685	;	
8-4	686-689	but	
8-5	689-690	,	
8-6	691-694	for	
8-7	695-703	diffused	
8-8	703-704	,	
8-9	705-719	soul-sickening	
8-10	720-733	expansiveness	
8-11	733-734	,	
8-12	735-738	the	
8-13	739-743	reek	
8-14	744-746	of	
8-15	747-755	Calcutta	
8-16	756-761	beats	
8-17	762-766	both	
8-18	767-774	Benares	
8-19	775-778	and	
8-20	779-787	Peshawar	
8-21	787-788	.	

#Text=Bombay cloaks her stenches with a veneer of assafœtida and tobacco; Calcutta is above pretence.
9-1	789-795	Bombay	
9-2	796-802	cloaks	
9-3	803-806	her	
9-4	807-815	stenches	
9-5	816-820	with	
9-6	821-822	a	
9-7	823-829	veneer	
9-8	830-832	of	
9-9	833-843	assafœtida	
9-10	844-847	and	
9-11	848-855	tobacco	
9-12	855-856	;	
9-13	857-865	Calcutta	
9-14	866-868	is	
9-15	869-874	above	
9-16	875-883	pretence	
9-17	883-884	.	

#Text=There is no tracing back the Calcutta plague to any one source.
10-1	885-890	There	
10-2	891-893	is	
10-3	894-896	no	
10-4	897-904	tracing	
10-5	905-909	back	
10-6	910-913	the	
10-7	914-922	Calcutta	
10-8	923-929	plague	
10-9	930-932	to	
10-10	933-936	any	
10-11	937-940	one	
10-12	941-947	source	
10-13	947-948	.	

#Text=It is faint, it is sickly, and it is indescribable; but Americans at the Great Eastern Hotel say that it is something like the smell of the Chinese quarter in San Francisco.
11-1	949-951	It	
11-2	952-954	is	
11-3	955-960	faint	
11-4	960-961	,	
11-5	962-964	it	
11-6	965-967	is	
11-7	968-974	sickly	
11-8	974-975	,	
11-9	976-979	and	
11-10	980-982	it	
11-11	983-985	is	
11-12	986-999	indescribable	
11-13	999-1000	;	
11-14	1001-1004	but	
11-15	1005-1014	Americans	
11-16	1015-1017	at	
11-17	1018-1021	the	
11-18	1022-1027	Great	
11-19	1028-1035	Eastern	
11-20	1036-1041	Hotel	
11-21	1042-1045	say	
11-22	1046-1050	that	
11-23	1051-1053	it	
11-24	1054-1056	is	
11-25	1057-1066	something	
11-26	1067-1071	like	
11-27	1072-1075	the	
11-28	1076-1081	smell	
11-29	1082-1084	of	
11-30	1085-1088	the	
11-31	1089-1096	Chinese	
11-32	1097-1104	quarter	
11-33	1105-1107	in	
11-34	1108-1111	San	
11-35	1112-1121	Francisco	
11-36	1121-1122	.	

#Text=It is certainly not an Indian smell.
12-1	1123-1125	It	
12-2	1126-1128	is	
12-3	1129-1138	certainly	
12-4	1139-1142	not	
12-5	1143-1145	an	
12-6	1146-1152	Indian	
12-7	1153-1158	smell	
12-8	1158-1159	.	

#Text=It resembles the essence of corruption that has rotted for the second time—the clammy odour of blue slime.
13-1	1160-1162	It	
13-2	1163-1172	resembles	
13-3	1173-1176	the	
13-4	1177-1184	essence	
13-5	1185-1187	of	
13-6	1188-1198	corruption	
13-7	1199-1203	that	
13-8	1204-1207	has	
13-9	1208-1214	rotted	
13-10	1215-1218	for	
13-11	1219-1222	the	
13-12	1223-1229	second	
13-13	1230-1238	time—the	
13-14	1239-1245	clammy	
13-15	1246-1251	odour	
13-16	1252-1254	of	
13-17	1255-1259	blue	
13-18	1260-1265	slime	
13-19	1265-1266	.	

#Text=And there is no escape from it.
14-1	1267-1270	And	
14-2	1271-1276	there	
14-3	1277-1279	is	
14-4	1280-1282	no	
14-5	1283-1289	escape	
14-6	1290-1294	from	
14-7	1295-1297	it	
14-8	1297-1298	.	

#Text=It blows across the maidan; it comes in gusts into the corridors of the Great Eastern Hotel; what they are pleased to call the "Palaces of Chowringhi" carry it; it swirls round the Bengal Club; it pours out of by-streets with sickening intensity, and the breeze of the morning is laden with it.
15-1	1299-1301	It	
15-2	1302-1307	blows	
15-3	1308-1314	across	
15-4	1315-1318	the	
15-5	1319-1325	maidan	
15-6	1325-1326	;	
15-7	1327-1329	it	
15-8	1330-1335	comes	
15-9	1336-1338	in	
15-10	1339-1344	gusts	
15-11	1345-1349	into	
15-12	1350-1353	the	
15-13	1354-1363	corridors	
15-14	1364-1366	of	
15-15	1367-1370	the	
15-16	1371-1376	Great	
15-17	1377-1384	Eastern	
15-18	1385-1390	Hotel	
15-19	1390-1391	;	
15-20	1392-1396	what	
15-21	1397-1401	they	
15-22	1402-1405	are	
15-23	1406-1413	pleased	
15-24	1414-1416	to	
15-25	1417-1421	call	
15-26	1422-1425	the	
15-27	1426-1427	"	
15-28	1427-1434	Palaces	
15-29	1435-1437	of	
15-30	1438-1448	Chowringhi	
15-31	1448-1449	"	
15-32	1450-1455	carry	
15-33	1456-1458	it	
15-34	1458-1459	;	
15-35	1460-1462	it	
15-36	1463-1469	swirls	
15-37	1470-1475	round	
15-38	1476-1479	the	
15-39	1480-1486	Bengal	
15-40	1487-1491	Club	
15-41	1491-1492	;	
15-42	1493-1495	it	
15-43	1496-1501	pours	
15-44	1502-1505	out	
15-45	1506-1508	of	
15-46	1509-1519	by-streets	
15-47	1520-1524	with	
15-48	1525-1534	sickening	
15-49	1535-1544	intensity	
15-50	1544-1545	,	
15-51	1546-1549	and	
15-52	1550-1553	the	
15-53	1554-1560	breeze	
15-54	1561-1563	of	
15-55	1564-1567	the	
15-56	1568-1575	morning	
15-57	1576-1578	is	
15-58	1579-1584	laden	
15-59	1585-1589	with	
15-60	1590-1592	it	
15-61	1592-1593	.	

#Text=It is first found, in spite of the fume of the engines, in Howrah Station.
16-1	1594-1596	It	
16-2	1597-1599	is	
16-3	1600-1605	first	
16-4	1606-1611	found	
16-5	1611-1612	,	
16-6	1613-1615	in	
16-7	1616-1621	spite	
16-8	1622-1624	of	
16-9	1625-1628	the	
16-10	1629-1633	fume	
16-11	1634-1636	of	
16-12	1637-1640	the	
16-13	1641-1648	engines	
16-14	1648-1649	,	
16-15	1650-1652	in	
16-16	1653-1659	Howrah	
16-17	1660-1667	Station	
16-18	1667-1668	.	

#Text=It seems to be worst in the little lanes at the back of Lai Bazar where the drinking-shops are, but it is nearly as bad opposite Government House and in the Public Offices.
17-1	1669-1671	It	
17-2	1672-1677	seems	
17-3	1678-1680	to	
17-4	1681-1683	be	
17-5	1684-1689	worst	
17-6	1690-1692	in	
17-7	1693-1696	the	
17-8	1697-1703	little	
17-9	1704-1709	lanes	
17-10	1710-1712	at	
17-11	1713-1716	the	
17-12	1717-1721	back	
17-13	1722-1724	of	
17-14	1725-1728	Lai	
17-15	1729-1734	Bazar	
17-16	1735-1740	where	
17-17	1741-1744	the	
17-18	1745-1759	drinking-shops	
17-19	1760-1763	are	
17-20	1763-1764	,	
17-21	1765-1768	but	
17-22	1769-1771	it	
17-23	1772-1774	is	
17-24	1775-1781	nearly	
17-25	1782-1784	as	
17-26	1785-1788	bad	
17-27	1789-1797	opposite	
17-28	1798-1808	Government	
17-29	1809-1814	House	
17-30	1815-1818	and	
17-31	1819-1821	in	
17-32	1822-1825	the	
17-33	1826-1832	Public	
17-34	1833-1840	Offices	
17-35	1840-1841	.	

#Text=The thing is intermittent.
18-1	1842-1845	The	
18-2	1846-1851	thing	
18-3	1852-1854	is	
18-4	1855-1867	intermittent	
18-5	1867-1868	.	

#Text=Six moderately pure mouthfuls of air may be drawn without offence.
19-1	1869-1872	Six	
19-2	1873-1883	moderately	
19-3	1884-1888	pure	
19-4	1889-1898	mouthfuls	
19-5	1899-1901	of	
19-6	1902-1905	air	
19-7	1906-1909	may	
19-8	1910-1912	be	
19-9	1913-1918	drawn	
19-10	1919-1926	without	
19-11	1927-1934	offence	
19-12	1934-1935	.	

#Text=Then comes the seventh wave and the queasiness of an uncultured stomach.
20-1	1936-1940	Then	
20-2	1941-1946	comes	
20-3	1947-1950	the	
20-4	1951-1958	seventh	
20-5	1959-1963	wave	
20-6	1964-1967	and	
20-7	1968-1971	the	
20-8	1972-1982	queasiness	
20-9	1983-1985	of	
20-10	1986-1988	an	
20-11	1989-1999	uncultured	
20-12	2000-2007	stomach	
20-13	2007-2008	.	

#Text=If you live long enough in Calcutta you grow used to it.
21-1	2009-2011	If	
21-2	2012-2015	you	
21-3	2016-2020	live	
21-4	2021-2025	long	
21-5	2026-2032	enough	
21-6	2033-2035	in	
21-7	2036-2044	Calcutta	
21-8	2045-2048	you	
21-9	2049-2053	grow	
21-10	2054-2058	used	
21-11	2059-2061	to	
21-12	2062-2064	it	
21-13	2064-2065	.	

#Text=The regular residents admit the disgrace, but their answer is: "Wait till the wind blows off the Salt Lakes where all the sewage goes, and then you'll smell something."
22-1	2066-2069	The	
22-2	2070-2077	regular	
22-3	2078-2087	residents	
22-4	2088-2093	admit	
22-5	2094-2097	the	
22-6	2098-2106	disgrace	
22-7	2106-2107	,	
22-8	2108-2111	but	
22-9	2112-2117	their	
22-10	2118-2124	answer	
22-11	2125-2127	is	
22-12	2127-2128	:	
22-13	2129-2130	"	
22-14	2130-2134	Wait	
22-15	2135-2139	till	
22-16	2140-2143	the	
22-17	2144-2148	wind	
22-18	2149-2154	blows	
22-19	2155-2158	off	
22-20	2159-2162	the	
22-21	2163-2167	Salt	
22-22	2168-2173	Lakes	
22-23	2174-2179	where	
22-24	2180-2183	all	
22-25	2184-2187	the	
22-26	2188-2194	sewage	
22-27	2195-2199	goes	
22-28	2199-2200	,	
22-29	2201-2204	and	
22-30	2205-2209	then	
22-31	2210-2216	you'll	
22-32	2217-2222	smell	
22-33	2223-2232	something	
22-34	2232-2233	.	
22-35	2233-2234	"	

#Text=That is their defence!
23-1	2235-2239	That	
23-2	2240-2242	is	
23-3	2243-2248	their	
23-4	2249-2256	defence	
23-5	2256-2257	!	

#Text=Small wonder that they consider Calcutta is a fit place for a permanent Viceroy.
24-1	2258-2263	Small	
24-2	2264-2270	wonder	
24-3	2271-2275	that	
24-4	2276-2280	they	
24-5	2281-2289	consider	
24-6	2290-2298	Calcutta	
24-7	2299-2301	is	
24-8	2302-2303	a	
24-9	2304-2307	fit	
24-10	2308-2313	place	
24-11	2314-2317	for	
24-12	2318-2319	a	
24-13	2320-2329	permanent	
24-14	2330-2337	Viceroy	
24-15	2337-2338	.	

#Text=Englishmen who can calmly extenuate one shame by another are capable of asking for anything—and expecting to get it.
25-1	2339-2349	Englishmen	
25-2	2350-2353	who	
25-3	2354-2357	can	
25-4	2358-2364	calmly	
25-5	2365-2374	extenuate	
25-6	2375-2378	one	
25-7	2379-2384	shame	
25-8	2385-2387	by	
25-9	2388-2395	another	
25-10	2396-2399	are	
25-11	2400-2407	capable	
25-12	2408-2410	of	
25-13	2411-2417	asking	
25-14	2418-2421	for	
25-15	2422-2434	anything—and	
25-16	2435-2444	expecting	
25-17	2445-2447	to	
25-18	2448-2451	get	
25-19	2452-2454	it	
25-20	2454-2455	.	

#Text=If an up-country station holding three thousand troops and twenty civilians owned such a possession as Calcutta does, the Deputy Commissioner or the Cantonment Magistrate would have all the natives off the board of management or decently shovelled into the background until the mess was abated.
26-1	2457-2459	If	
26-2	2460-2462	an	
26-3	2463-2473	up-country	
26-4	2474-2481	station	
26-5	2482-2489	holding	
26-6	2490-2495	three	
26-7	2496-2504	thousand	
26-8	2505-2511	troops	
26-9	2512-2515	and	
26-10	2516-2522	twenty	
26-11	2523-2532	civilians	
26-12	2533-2538	owned	
26-13	2539-2543	such	
26-14	2544-2545	a	
26-15	2546-2556	possession	
26-16	2557-2559	as	
26-17	2560-2568	Calcutta	
26-18	2569-2573	does	
26-19	2573-2574	,	
26-20	2575-2578	the	
26-21	2579-2585	Deputy	
26-22	2586-2598	Commissioner	
26-23	2599-2601	or	
26-24	2602-2605	the	
26-25	2606-2616	Cantonment	
26-26	2617-2627	Magistrate	
26-27	2628-2633	would	
26-28	2634-2638	have	
26-29	2639-2642	all	
26-30	2643-2646	the	
26-31	2647-2654	natives	
26-32	2655-2658	off	
26-33	2659-2662	the	
26-34	2663-2668	board	
26-35	2669-2671	of	
26-36	2672-2682	management	
26-37	2683-2685	or	
26-38	2686-2694	decently	
26-39	2695-2704	shovelled	
26-40	2705-2709	into	
26-41	2710-2713	the	
26-42	2714-2724	background	
26-43	2725-2730	until	
26-44	2731-2734	the	
26-45	2735-2739	mess	
26-46	2740-2743	was	
26-47	2744-2750	abated	
26-48	2750-2751	.	

#Text=Then they might come on again and talk of "high-handed oppression" as much as they liked.
27-1	2752-2756	Then	
27-2	2757-2761	they	
27-3	2762-2767	might	
27-4	2768-2772	come	
27-5	2773-2775	on	
27-6	2776-2781	again	
27-7	2782-2785	and	
27-8	2786-2790	talk	
27-9	2791-2793	of	
27-10	2794-2795	"	
27-11	2795-2806	high-handed	
27-12	2807-2817	oppression	
27-13	2817-2818	"	
27-14	2819-2821	as	
27-15	2822-2826	much	
27-16	2827-2829	as	
27-17	2830-2834	they	
27-18	2835-2840	liked	
27-19	2840-2841	.	

#Text=That stink, to an unprejudiced nose, damns Calcutta as a City of Kings.
28-1	2842-2846	That	
28-2	2847-2852	stink	
28-3	2852-2853	,	
28-4	2854-2856	to	
28-5	2857-2859	an	
28-6	2860-2872	unprejudiced	
28-7	2873-2877	nose	
28-8	2877-2878	,	
28-9	2879-2884	damns	
28-10	2885-2893	Calcutta	
28-11	2894-2896	as	
28-12	2897-2898	a	
28-13	2899-2903	City	
28-14	2904-2906	of	
28-15	2907-2912	Kings	
28-16	2912-2913	.	

#Text=And, in spite of that stink, they allow, they even encourage, natives to look after the place!
29-1	2914-2917	And	
29-2	2917-2918	,	
29-3	2919-2921	in	
29-4	2922-2927	spite	
29-5	2928-2930	of	
29-6	2931-2935	that	
29-7	2936-2941	stink	
29-8	2941-2942	,	
29-9	2943-2947	they	
29-10	2948-2953	allow	
29-11	2953-2954	,	
29-12	2955-2959	they	
29-13	2960-2964	even	
29-14	2965-2974	encourage	
29-15	2974-2975	,	
29-16	2976-2983	natives	
29-17	2984-2986	to	
29-18	2987-2991	look	
29-19	2992-2997	after	
29-20	2998-3001	the	
29-21	3002-3007	place	
29-22	3007-3008	!	

#Text=The damp, drainage-soaked soil is sick with the teeming life of a hundred years, and the Municipal Board list is choked with the names of natives—men of the breed born in and raised off this surfeited muck-heap!
30-1	3009-3012	The	
30-2	3013-3017	damp	
30-3	3017-3018	,	
30-4	3019-3034	drainage-soaked	
30-5	3035-3039	soil	
30-6	3040-3042	is	
30-7	3043-3047	sick	
30-8	3048-3052	with	
30-9	3053-3056	the	
30-10	3057-3064	teeming	
30-11	3065-3069	life	
30-12	3070-3072	of	
30-13	3073-3074	a	
30-14	3075-3082	hundred	
30-15	3083-3088	years	
30-16	3088-3089	,	
30-17	3090-3093	and	
30-18	3094-3097	the	
30-19	3098-3107	Municipal	
30-20	3108-3113	Board	
30-21	3114-3118	list	
30-22	3119-3121	is	
30-23	3122-3128	choked	
30-24	3129-3133	with	
30-25	3134-3137	the	
30-26	3138-3143	names	
30-27	3144-3146	of	
30-28	3147-3158	natives—men	
30-29	3159-3161	of	
30-30	3162-3165	the	
30-31	3166-3171	breed	
30-32	3172-3176	born	
30-33	3177-3179	in	
30-34	3180-3183	and	
30-35	3184-3190	raised	
30-36	3191-3194	off	
30-37	3195-3199	this	
30-38	3200-3209	surfeited	
30-39	3210-3219	muck-heap	
30-40	3219-3220	!	

#Text=They own property, these amiable Aryans on the Municipal and the Bengal Legislative Council.
31-1	3221-3225	They	
31-2	3226-3229	own	
31-3	3230-3238	property	
31-4	3238-3239	,	
31-5	3240-3245	these	
31-6	3246-3253	amiable	
31-7	3254-3260	Aryans	
31-8	3261-3263	on	
31-9	3264-3267	the	
31-10	3268-3277	Municipal	
31-11	3278-3281	and	
31-12	3282-3285	the	
31-13	3286-3292	Bengal	
31-14	3293-3304	Legislative	
31-15	3305-3312	Council	
31-16	3312-3313	.	

#Text=Launch a proposal to tax them on that property, and they naturally howl.
32-1	3314-3320	Launch	
32-2	3321-3322	a	
32-3	3323-3331	proposal	
32-4	3332-3334	to	
32-5	3335-3338	tax	
32-6	3339-3343	them	
32-7	3344-3346	on	
32-8	3347-3351	that	
32-9	3352-3360	property	
32-10	3360-3361	,	
32-11	3362-3365	and	
32-12	3366-3370	they	
32-13	3371-3380	naturally	
32-14	3381-3385	howl	
32-15	3385-3386	.	

#Text=They also howl up-country, but there the halls for mass-meetings are few, and the vernacular papers fewer, and with a strong Secretary and a President whose favour is worth the having and whose wrath is undesirable, men are kept clean despite themselves, and may not poison their neighbours.
33-1	3387-3391	They	
33-2	3392-3396	also	
33-3	3397-3401	howl	
33-4	3402-3412	up-country	
33-5	3412-3413	,	
33-6	3414-3417	but	
33-7	3418-3423	there	
33-8	3424-3427	the	
33-9	3428-3433	halls	
33-10	3434-3437	for	
33-11	3438-3451	mass-meetings	
33-12	3452-3455	are	
33-13	3456-3459	few	
33-14	3459-3460	,	
33-15	3461-3464	and	
33-16	3465-3468	the	
33-17	3469-3479	vernacular	
33-18	3480-3486	papers	
33-19	3487-3492	fewer	
33-20	3492-3493	,	
33-21	3494-3497	and	
33-22	3498-3502	with	
33-23	3503-3504	a	
33-24	3505-3511	strong	
33-25	3512-3521	Secretary	
33-26	3522-3525	and	
33-27	3526-3527	a	
33-28	3528-3537	President	
33-29	3538-3543	whose	
33-30	3544-3550	favour	
33-31	3551-3553	is	
33-32	3554-3559	worth	
33-33	3560-3563	the	
33-34	3564-3570	having	
33-35	3571-3574	and	
33-36	3575-3580	whose	
33-37	3581-3586	wrath	
33-38	3587-3589	is	
33-39	3590-3601	undesirable	
33-40	3601-3602	,	
33-41	3603-3606	men	
33-42	3607-3610	are	
33-43	3611-3615	kept	
33-44	3616-3621	clean	
33-45	3622-3629	despite	
33-46	3630-3640	themselves	
33-47	3640-3641	,	
33-48	3642-3645	and	
33-49	3646-3649	may	
33-50	3650-3653	not	
33-51	3654-3660	poison	
33-52	3661-3666	their	
33-53	3667-3677	neighbours	
33-54	3677-3678	.	

#Text=Why, asks a savage, let them vote at all?
34-1	3679-3682	Why	
34-2	3682-3683	,	
34-3	3684-3688	asks	
34-4	3689-3690	a	
34-5	3691-3697	savage	
34-6	3697-3698	,	
34-7	3699-3702	let	
34-8	3703-3707	them	
34-9	3708-3712	vote	
34-10	3713-3715	at	
34-11	3716-3719	all	
34-12	3719-3720	?	

#Text=They can put up with this filthiness.
35-1	3721-3725	They	
35-2	3726-3729	can	
35-3	3730-3733	put	
35-4	3734-3736	up	
35-5	3737-3741	with	
35-6	3742-3746	this	
35-7	3747-3757	filthiness	
35-8	3757-3758	.	

#Text=They cannot have any feelings worth caring a rush for.
36-1	3759-3763	They	
36-2	3764-3770	cannot	
36-3	3771-3775	have	
36-4	3776-3779	any	
36-5	3780-3788	feelings	
36-6	3789-3794	worth	
36-7	3795-3801	caring	
36-8	3802-3803	a	
36-9	3804-3808	rush	
36-10	3809-3812	for	
36-11	3812-3813	.	

#Text=Let them live quietly and hide away their money under our protection, while we tax them till they know through their purses the measure of their neglect in the past, and when a little of the smell has been abolished, let us bring them back again to talk and take the credit of enlightenment.
37-1	3814-3817	Let	
37-2	3818-3822	them	
37-3	3823-3827	live	
37-4	3828-3835	quietly	
37-5	3836-3839	and	
37-6	3840-3844	hide	
37-7	3845-3849	away	
37-8	3850-3855	their	
37-9	3856-3861	money	
37-10	3862-3867	under	
37-11	3868-3871	our	
37-12	3872-3882	protection	
37-13	3882-3883	,	
37-14	3884-3889	while	
37-15	3890-3892	we	
37-16	3893-3896	tax	
37-17	3897-3901	them	
37-18	3902-3906	till	
37-19	3907-3911	they	
37-20	3912-3916	know	
37-21	3917-3924	through	
37-22	3925-3930	their	
37-23	3931-3937	purses	
37-24	3938-3941	the	
37-25	3942-3949	measure	
37-26	3950-3952	of	
37-27	3953-3958	their	
37-28	3959-3966	neglect	
37-29	3967-3969	in	
37-30	3970-3973	the	
37-31	3974-3978	past	
37-32	3978-3979	,	
37-33	3980-3983	and	
37-34	3984-3988	when	
37-35	3989-3990	a	
37-36	3991-3997	little	
37-37	3998-4000	of	
37-38	4001-4004	the	
37-39	4005-4010	smell	
37-40	4011-4014	has	
37-41	4015-4019	been	
37-42	4020-4029	abolished	
37-43	4029-4030	,	
37-44	4031-4034	let	
37-45	4035-4037	us	
37-46	4038-4043	bring	
37-47	4044-4048	them	
37-48	4049-4053	back	
37-49	4054-4059	again	
37-50	4060-4062	to	
37-51	4063-4067	talk	
37-52	4068-4071	and	
37-53	4072-4076	take	
37-54	4077-4080	the	
37-55	4081-4087	credit	
37-56	4088-4090	of	
37-57	4091-4104	enlightenment	
37-58	4104-4105	.	

#Text=The better classes own their broughams and barouches; the worse can shoulder an Englishman into the kennel and talk to him as though he were a cook.
38-1	4106-4109	The	
38-2	4110-4116	better	
38-3	4117-4124	classes	
38-4	4125-4128	own	
38-5	4129-4134	their	
38-6	4135-4144	broughams	
38-7	4145-4148	and	
38-8	4149-4158	barouches	
38-9	4158-4159	;	
38-10	4160-4163	the	
38-11	4164-4169	worse	
38-12	4170-4173	can	
38-13	4174-4182	shoulder	
38-14	4183-4185	an	
38-15	4186-4196	Englishman	
38-16	4197-4201	into	
38-17	4202-4205	the	
38-18	4206-4212	kennel	
38-19	4213-4216	and	
38-20	4217-4221	talk	
38-21	4222-4224	to	
38-22	4225-4228	him	
38-23	4229-4231	as	
38-24	4232-4238	though	
38-25	4239-4241	he	
38-26	4242-4246	were	
38-27	4247-4248	a	
38-28	4249-4253	cook	
38-29	4253-4254	.	

#Text=They can refer to an English lady as an aurat; they are permitted a freedom—not to put it too coarsely—of speech which, if used by an Englishman toward an Englishman, would end in serious trouble.
39-1	4255-4259	They	
39-2	4260-4263	can	
39-3	4264-4269	refer	
39-4	4270-4272	to	
39-5	4273-4275	an	
39-6	4276-4283	English	
39-7	4284-4288	lady	
39-8	4289-4291	as	
39-9	4292-4294	an	
39-10	4295-4300	aurat	
39-11	4300-4301	;	
39-12	4302-4306	they	
39-13	4307-4310	are	
39-14	4311-4320	permitted	
39-15	4321-4322	a	
39-16	4323-4334	freedom—not	
39-17	4335-4337	to	
39-18	4338-4341	put	
39-19	4342-4344	it	
39-20	4345-4348	too	
39-21	4349-4360	coarsely—of	
39-22	4361-4367	speech	
39-23	4368-4373	which	
39-24	4373-4374	,	
39-25	4375-4377	if	
39-26	4378-4382	used	
39-27	4383-4385	by	
39-28	4386-4388	an	
39-29	4389-4399	Englishman	
39-30	4400-4406	toward	
39-31	4407-4409	an	
39-32	4410-4420	Englishman	
39-33	4420-4421	,	
39-34	4422-4427	would	
39-35	4428-4431	end	
39-36	4432-4434	in	
39-37	4435-4442	serious	
39-38	4443-4450	trouble	
39-39	4450-4451	.	

#Text=They are fenced and protected and made inviolate.
40-1	4452-4456	They	
40-2	4457-4460	are	
40-3	4461-4467	fenced	
40-4	4468-4471	and	
40-5	4472-4481	protected	
40-6	4482-4485	and	
40-7	4486-4490	made	
40-8	4491-4500	inviolate	
40-9	4500-4501	.	

#Text=Surely they might be content with all those things without entering into matters which they cannot, by the nature of their birth, understand.
41-1	4502-4508	Surely	
41-2	4509-4513	they	
41-3	4514-4519	might	
41-4	4520-4522	be	
41-5	4523-4530	content	
41-6	4531-4535	with	
41-7	4536-4539	all	
41-8	4540-4545	those	
41-9	4546-4552	things	
41-10	4553-4560	without	
41-11	4561-4569	entering	
41-12	4570-4574	into	
41-13	4575-4582	matters	
41-14	4583-4588	which	
41-15	4589-4593	they	
41-16	4594-4600	cannot	
41-17	4600-4601	,	
41-18	4602-4604	by	
41-19	4605-4608	the	
41-20	4609-4615	nature	
41-21	4616-4618	of	
41-22	4619-4624	their	
41-23	4625-4630	birth	
41-24	4630-4631	,	
41-25	4632-4642	understand	
41-26	4642-4643	.	

#Text=Now, whether all this genial diatribe be the outcome of an unbiassed mind or the result first of sickness caused by that ferocious stench, and secondly of headache due to day-long smoking to drown the stench, is an open question.
42-1	4645-4648	Now	
42-2	4648-4649	,	
42-3	4650-4657	whether	
42-4	4658-4661	all	
42-5	4662-4666	this	
42-6	4667-4673	genial	
42-7	4674-4682	diatribe	
42-8	4683-4685	be	
42-9	4686-4689	the	
42-10	4690-4697	outcome	
42-11	4698-4700	of	
42-12	4701-4703	an	
42-13	4704-4713	unbiassed	
42-14	4714-4718	mind	
42-15	4719-4721	or	
42-16	4722-4725	the	
42-17	4726-4732	result	
42-18	4733-4738	first	
42-19	4739-4741	of	
42-20	4742-4750	sickness	
42-21	4751-4757	caused	
42-22	4758-4760	by	
42-23	4761-4765	that	
42-24	4766-4775	ferocious	
42-25	4776-4782	stench	
42-26	4782-4783	,	
42-27	4784-4787	and	
42-28	4788-4796	secondly	
42-29	4797-4799	of	
42-30	4800-4808	headache	
42-31	4809-4812	due	
42-32	4813-4815	to	
42-33	4816-4824	day-long	
42-34	4825-4832	smoking	
42-35	4833-4835	to	
42-36	4836-4841	drown	
42-37	4842-4845	the	
42-38	4846-4852	stench	
42-39	4852-4853	,	
42-40	4854-4856	is	
42-41	4857-4859	an	
42-42	4860-4864	open	
42-43	4865-4873	question	
42-44	4873-4874	.	

#Text=Anyway, Calcutta is a fearsome place for a man not educated up to it.
43-1	4875-4881	Anyway	
43-2	4881-4882	,	
43-3	4883-4891	Calcutta	
43-4	4892-4894	is	
43-5	4895-4896	a	
43-6	4897-4905	fearsome	
43-7	4906-4911	place	
43-8	4912-4915	for	
43-9	4916-4917	a	
43-10	4918-4921	man	
43-11	4922-4925	not	
43-12	4926-4934	educated	
43-13	4935-4937	up	
43-14	4938-4940	to	
43-15	4941-4943	it	
43-16	4943-4944	.	
