#FORMAT=WebAnno TSV 3.3
#T_SP=custom.Span|label
#T_RL=custom.Relation|label|BT_custom.Span


#Text=Waar de-5 28.
1-1	2-6	Waar	_	_	_	
1-2	7-9	de	_	_	_	
1-3	9-10	-	_	_	_	
1-4	10-11	5	_	_	_	
1-5	12-14	28	_	_	_	
1-6	14-15	.	_	_	_	

#Text=zene g tende zich in platte tafeltjes of dobbelteenen deelen, welke kentekenen Punius zy-
#Text=
#Text=vonden
#Text=
#Text=445-nen
#Text=Mgyrodamas toeschryft:
#Text=Den besten hier van vind men op Leytimor in de val-
#Text=
#Text=2 8 12 NW nn wv.
2-1	18-22	zene	_	_	_	
2-2	23-24	g	_	_	_	
2-3	25-30	tende	_	_	_	
2-4	31-35	zich	_	_	_	
2-5	36-38	in	_	_	_	
2-6	39-45	platte	_	_	_	
2-7	46-55	tafeltjes	_	_	_	
2-8	56-58	of	_	_	_	
2-9	59-71	dobbelteenen	_	_	_	
2-10	72-78	deelen	_	_	_	
2-11	78-79	,	_	_	_	
2-12	80-85	welke	_	_	_	
2-13	86-96	kentekenen	_	_	_	
2-14	97-103	Punius	_	_	_	
2-15	104-106	zy	_	_	_	
2-16	106-107	-	_	_	_	
2-17	109-115	vonden	_	_	_	
2-18	117-120	445	_	_	_	
2-19	120-121	-	_	_	_	
2-20	121-124	nen	_	_	_	
2-21	125-135	Mgyrodamas	_	_	_	
2-22	136-146	toeschryft	_	_	_	
2-23	146-147	:	_	_	_	
2-24	148-151	Den	_	_	_	
2-25	152-158	besten	_	_	_	
2-26	159-163	hier	_	_	_	
2-27	164-167	van	_	_	_	
2-28	168-172	vind	_	_	_	
2-29	173-176	men	_	_	_	
2-30	177-179	op	_	_	_	
2-31	180-188	Leytimor	_	_	_	
2-32	189-191	in	_	_	_	
2-33	192-194	de	_	_	_	
2-34	195-198	val	_	_	_	
2-35	198-199	-	_	_	_	
2-36	201-202	2	_	_	_	
2-37	203-204	8	_	_	_	
2-38	205-207	12	_	_	_	
2-39	208-210	NW	_	_	_	
2-40	211-213	nn	_	_	_	
2-41	214-216	wv	_	_	_	
2-42	216-217	.	_	_	_	

#Text=EE)
#Text=
#Text=
#Text=RARITEIT-KAMER.
3-1	220-222	EE	_	_	_	
3-2	222-223	)	_	_	_	
3-3	226-240	RARITEIT-KAMER	_	_	_	
3-4	240-241	.	_	_	_	

#Text=II Boek.
#Text=331 
#Text=
#Text=ven schorsse bedekt.
4-1	242-244	II	_	_	_	
4-2	245-249	Boek	_	_	_	
4-3	249-250	.	_	_	_	
4-4	251-254	331	_	_	_	
4-5	257-260	ven	_	_	_	
4-6	261-269	schorsse	_	_	_	
4-7	270-276	bedekt	_	_	_	
4-8	276-277	.	_	_	_	

#Text=In de naaste rivier van den rooden berg vind men een slegter soorte
#Text=
#Text=
#Text=Batu goela, meest van langwerpige stukjes t zaamen gezet, gelyk een groven Amr-
#Text=
#Text=anthus, zonder tafelen of vlakten:
#Text=Batu Goela verschilt van het krystal, behalven 
#Text=
#Text=aan de figuur, ook hier in, dat Batu goela altyd een dooven glans heeft, met een
#Text=
#Text=kleine slag bryzelt, by nacht tegen malkander geslagen gansch niet vuurt, ook in
#Text=
#Text='t vrywen geen keyachtigen reuk van zich geeft, al het welk 't krystal doen moet:
#Text=
#Text=
#Text=Men zoude dit Amboinsehe Bata goela vergelyken konnen met dat onvolmaakte slach 1.
#Text=eee 
#Text=
#Text=van bastaatt krystal, 't welk men in Zwitserland Gletscher noemt, 't welk egter haar & nee
#Text=
#Text=oorspronk zoo 't schynt niet uit eenen steenzap, welken de koude vochtige klippen uit-886.
5-1	278-280	In	Location[1]	_	_	
5-2	281-283	de	Location[1]	_	_	
5-3	284-290	naaste	Location[1]	_	_	
5-4	291-297	rivier	Location[1]	_	_	
5-5	298-301	van	Location[1]	_	_	
5-6	302-305	den	Location[1]	_	_	
5-7	306-312	rooden	Location[1]	_	_	
5-8	313-317	berg	Location[1]	_	_	
5-9	318-322	vind	_	_	_	
5-10	323-326	men	_	_	_	
5-11	327-330	een	_	_	_	
5-12	331-338	slegter	_	_	_	
5-13	339-345	soorte	_	_	_	
5-14	348-352	Batu	_	_	_	
5-15	353-358	goela	_	_	_	
5-16	358-359	,	_	_	_	
5-17	360-365	meest	_	_	_	
5-18	366-369	van	_	_	_	
5-19	370-381	langwerpige	_	_	_	
5-20	382-389	stukjes	_	_	_	
5-21	390-391	t	_	_	_	
5-22	392-398	zaamen	_	_	_	
5-23	399-404	gezet	_	_	_	
5-24	404-405	,	_	_	_	
5-25	406-411	gelyk	_	_	_	
5-26	412-415	een	_	_	_	
5-27	416-422	groven	_	_	_	
5-28	423-426	Amr	_	_	_	
5-29	426-427	-	_	_	_	
5-30	429-435	anthus	_	_	_	
5-31	435-436	,	_	_	_	
5-32	437-443	zonder	_	_	_	
5-33	444-451	tafelen	_	_	_	
5-34	452-454	of	_	_	_	
5-35	455-462	vlakten	_	_	_	
5-36	462-463	:	_	_	_	
5-37	464-468	Batu	Smell\_Source[2]	_	_	
5-38	469-474	Goela	Smell\_Source[2]	_	_	
5-39	475-484	verschilt	_	_	_	
5-40	485-488	van	_	_	_	
5-41	489-492	het	_	_	_	
5-42	493-500	krystal	_	_	_	
5-43	500-501	,	_	_	_	
5-44	502-510	behalven	_	_	_	
5-45	513-516	aan	_	_	_	
5-46	517-519	de	_	_	_	
5-47	520-526	figuur	_	_	_	
5-48	526-527	,	_	_	_	
5-49	528-531	ook	_	_	_	
5-50	532-536	hier	_	_	_	
5-51	537-539	in	_	_	_	
5-52	539-540	,	_	_	_	
5-53	541-544	dat	_	_	_	
5-54	545-549	Batu	_	_	_	
5-55	550-555	goela	_	_	_	
5-56	556-561	altyd	_	_	_	
5-57	562-565	een	_	_	_	
5-58	566-572	dooven	_	_	_	
5-59	573-578	glans	_	_	_	
5-60	579-584	heeft	_	_	_	
5-61	584-585	,	_	_	_	
5-62	586-589	met	_	_	_	
5-63	590-593	een	_	_	_	
5-64	595-601	kleine	_	_	_	
5-65	602-606	slag	_	_	_	
5-66	607-614	bryzelt	_	_	_	
5-67	614-615	,	_	_	_	
5-68	616-618	by	_	_	_	
5-69	619-624	nacht	_	_	_	
5-70	625-630	tegen	_	_	_	
5-71	631-640	malkander	_	_	_	
5-72	641-649	geslagen	_	_	_	
5-73	650-656	gansch	_	_	_	
5-74	657-661	niet	_	_	_	
5-75	662-667	vuurt	_	_	_	
5-76	667-668	,	_	_	_	
5-77	669-672	ook	_	_	_	
5-78	673-675	in	Circumstances[3]	_	_	
5-79	677-678	'	Circumstances[3]	_	_	
5-80	678-679	t	Circumstances[3]	_	_	
5-81	680-686	vrywen	Circumstances[3]	_	_	
5-82	687-691	geen	_	_	_	
5-83	692-703	keyachtigen	Quality	_	_	
5-84	704-708	reuk	Smell\_Word	*|*|*|*	5-83|5-78[3_0]|5-37[2_0]|5-1[1_0]	
5-85	709-712	van	_	_	_	
5-86	713-717	zich	_	_	_	
5-87	718-723	geeft	_	_	_	
5-88	723-724	,	_	_	_	
5-89	725-727	al	_	_	_	
5-90	728-731	het	_	_	_	
5-91	732-736	welk	_	_	_	
5-92	737-738	'	_	_	_	
5-93	738-739	t	_	_	_	
5-94	740-747	krystal	_	_	_	
5-95	748-752	doen	_	_	_	
5-96	753-757	moet	_	_	_	
5-97	757-758	:	_	_	_	
5-98	761-764	Men	_	_	_	
5-99	765-770	zoude	_	_	_	
5-100	771-774	dit	_	_	_	
5-101	775-785	Amboinsehe	_	_	_	
5-102	786-790	Bata	_	_	_	
5-103	791-796	goela	_	_	_	
5-104	797-807	vergelyken	_	_	_	
5-105	808-814	konnen	_	_	_	
5-106	815-818	met	_	_	_	
5-107	819-822	dat	_	_	_	
5-108	823-834	onvolmaakte	_	_	_	
5-109	835-840	slach	_	_	_	
5-110	841-842	1	_	_	_	
5-111	842-843	.	_	_	_	
5-112	844-847	eee	_	_	_	
5-113	850-853	van	_	_	_	
5-114	854-862	bastaatt	_	_	_	
5-115	863-870	krystal	_	_	_	
5-116	870-871	,	_	_	_	
5-117	872-873	'	_	_	_	
5-118	873-874	t	_	_	_	
5-119	875-879	welk	_	_	_	
5-120	880-883	men	_	_	_	
5-121	884-886	in	_	_	_	
5-122	887-898	Zwitserland	_	_	_	
5-123	899-908	Gletscher	_	_	_	
5-124	909-914	noemt	_	_	_	
5-125	914-915	,	_	_	_	
5-126	916-917	'	_	_	_	
5-127	917-918	t	_	_	_	
5-128	919-923	welk	_	_	_	
5-129	924-929	egter	_	_	_	
5-130	930-934	haar	_	_	_	
5-131	935-936	&	_	_	_	
5-132	937-940	nee	_	_	_	
5-133	942-951	oorspronk	_	_	_	
5-134	952-955	zoo	_	_	_	
5-135	956-957	'	_	_	_	
5-136	957-958	t	_	_	_	
5-137	959-965	schynt	_	_	_	
5-138	966-970	niet	_	_	_	
5-139	971-974	uit	_	_	_	
5-140	975-980	eenen	_	_	_	
5-141	981-989	steenzap	_	_	_	
5-142	989-990	,	_	_	_	
5-143	991-997	welken	_	_	_	
5-144	998-1000	de	_	_	_	
5-145	1001-1006	koude	_	_	_	
5-146	1007-1015	vochtige	_	_	_	
5-147	1016-1023	klippen	_	_	_	
5-148	1024-1027	uit	_	_	_	
5-149	1027-1028	-	_	_	_	
5-150	1028-1031	886	_	_	_	
5-151	1031-1032	.	_	_	_	

#Text=zweeten, maar uit een veroudert ys heeft.
#Text=scher.
6-1	1035-1042	zweeten	_	_	_	
6-2	1042-1043	,	_	_	_	
6-3	1044-1048	maar	_	_	_	
6-4	1049-1052	uit	_	_	_	
6-5	1053-1056	een	_	_	_	
6-6	1057-1066	veroudert	_	_	_	
6-7	1067-1069	ys	_	_	_	
6-8	1070-1075	heeft	_	_	_	
6-9	1075-1076	.	_	_	_	
6-10	1077-1082	scher	_	_	_	
6-11	1082-1083	.	_	_	_	

#Text=d Argytodamas, door den Hr Rumphits beschreven, die ons geene afbeeldingen van de-
#Text=
#Text=zelve geeft, veel ligt om dat het by zyn Ed meest gedaaiteloog zaaken zyn, gelyk
#Text=
#Text=wy ook verstheide ebben , zynde maar ruuwe klonten, en niet waardig af te beelden :
#Text=
#Text=
#Text=DW de bergwerkers alhier Krystal talk, af ook welglets-Kiystal genaamt;
#Text=
#Text=
#Text=zoaar van verscheide soorten zyn, doch onder dezelve munten zit, te in Engeland,
#Text=
#Text=on gel ingonderheit tot Cornuwal, gevonden worden:
#Text=Zy zyn schoon zilverglangig,
#Text=
#Text=git en meest doorschynend;
#Text=Haar gedaante is die altoos van een scheeve ruit, flat &n
#Text=
#Text=naar de kanten met een lyst scherp toeloopende, als of degetve gesleegen waaren; echter
#Text=
#Text=zyn zy zoo natuurlyk gegroeit, ten bewys is, dat veeltyds in't midden, ook welop de zy-
#Text=
#Text=de van dezelve wederom een andere van die gedaante ter halver wege uitsteekt.
7-1	1086-1087	d	_	_	_	
7-2	1088-1099	Argytodamas	_	_	_	
7-3	1099-1100	,	_	_	_	
7-4	1101-1105	door	_	_	_	
7-5	1106-1109	den	_	_	_	
7-6	1110-1112	Hr	_	_	_	
7-7	1113-1121	Rumphits	_	_	_	
7-8	1122-1132	beschreven	_	_	_	
7-9	1132-1133	,	_	_	_	
7-10	1134-1137	die	_	_	_	
7-11	1138-1141	ons	_	_	_	
7-12	1142-1147	geene	_	_	_	
7-13	1148-1160	afbeeldingen	_	_	_	
7-14	1161-1164	van	_	_	_	
7-15	1165-1167	de	_	_	_	
7-16	1167-1168	-	_	_	_	
7-17	1170-1175	zelve	_	_	_	
7-18	1176-1181	geeft	_	_	_	
7-19	1181-1182	,	_	_	_	
7-20	1183-1187	veel	_	_	_	
7-21	1188-1192	ligt	_	_	_	
7-22	1193-1195	om	_	_	_	
7-23	1196-1199	dat	_	_	_	
7-24	1200-1203	het	_	_	_	
7-25	1204-1206	by	_	_	_	
7-26	1207-1210	zyn	_	_	_	
7-27	1211-1213	Ed	_	_	_	
7-28	1214-1219	meest	_	_	_	
7-29	1220-1232	gedaaiteloog	_	_	_	
7-30	1233-1239	zaaken	_	_	_	
7-31	1240-1243	zyn	_	_	_	
7-32	1243-1244	,	_	_	_	
7-33	1245-1250	gelyk	_	_	_	
7-34	1252-1254	wy	_	_	_	
7-35	1255-1258	ook	_	_	_	
7-36	1259-1269	verstheide	_	_	_	
7-37	1270-1275	ebben	_	_	_	
7-38	1276-1277	,	_	_	_	
7-39	1278-1283	zynde	_	_	_	
7-40	1284-1288	maar	_	_	_	
7-41	1289-1294	ruuwe	_	_	_	
7-42	1295-1302	klonten	_	_	_	
7-43	1302-1303	,	_	_	_	
7-44	1304-1306	en	_	_	_	
7-45	1307-1311	niet	_	_	_	
7-46	1312-1319	waardig	_	_	_	
7-47	1320-1322	af	_	_	_	
7-48	1323-1325	te	_	_	_	
7-49	1326-1333	beelden	_	_	_	
7-50	1334-1335	:	_	_	_	
7-51	1338-1340	DW	_	_	_	
7-52	1341-1343	de	_	_	_	
7-53	1344-1355	bergwerkers	_	_	_	
7-54	1356-1362	alhier	_	_	_	
7-55	1363-1370	Krystal	_	_	_	
7-56	1371-1375	talk	_	_	_	
7-57	1375-1376	,	_	_	_	
7-58	1377-1379	af	_	_	_	
7-59	1380-1383	ook	_	_	_	
7-60	1384-1400	welglets-Kiystal	_	_	_	
7-61	1401-1408	genaamt	_	_	_	
7-62	1408-1409	;	_	_	_	
7-63	1412-1417	zoaar	_	_	_	
7-64	1418-1421	van	_	_	_	
7-65	1422-1432	verscheide	_	_	_	
7-66	1433-1440	soorten	_	_	_	
7-67	1441-1444	zyn	_	_	_	
7-68	1444-1445	,	_	_	_	
7-69	1446-1450	doch	_	_	_	
7-70	1451-1456	onder	_	_	_	
7-71	1457-1464	dezelve	_	_	_	
7-72	1465-1471	munten	_	_	_	
7-73	1472-1475	zit	_	_	_	
7-74	1475-1476	,	_	_	_	
7-75	1477-1479	te	_	_	_	
7-76	1480-1482	in	_	_	_	
7-77	1483-1491	Engeland	_	_	_	
7-78	1491-1492	,	_	_	_	
7-79	1494-1496	on	_	_	_	
7-80	1497-1500	gel	_	_	_	
7-81	1501-1513	ingonderheit	_	_	_	
7-82	1514-1517	tot	_	_	_	
7-83	1518-1526	Cornuwal	_	_	_	
7-84	1526-1527	,	_	_	_	
7-85	1528-1536	gevonden	_	_	_	
7-86	1537-1543	worden	_	_	_	
7-87	1543-1544	:	_	_	_	
7-88	1545-1547	Zy	_	_	_	
7-89	1548-1551	zyn	_	_	_	
7-90	1552-1558	schoon	_	_	_	
7-91	1559-1572	zilverglangig	_	_	_	
7-92	1572-1573	,	_	_	_	
7-93	1575-1578	git	_	_	_	
7-94	1579-1581	en	_	_	_	
7-95	1582-1587	meest	_	_	_	
7-96	1588-1600	doorschynend	_	_	_	
7-97	1600-1601	;	_	_	_	
7-98	1602-1606	Haar	_	_	_	
7-99	1607-1615	gedaante	_	_	_	
7-100	1616-1618	is	_	_	_	
7-101	1619-1622	die	_	_	_	
7-102	1623-1629	altoos	_	_	_	
7-103	1630-1633	van	_	_	_	
7-104	1634-1637	een	_	_	_	
7-105	1638-1645	scheeve	_	_	_	
7-106	1646-1650	ruit	_	_	_	
7-107	1650-1651	,	_	_	_	
7-108	1652-1656	flat	_	_	_	
7-109	1657-1658	&	_	_	_	
7-110	1658-1659	n	_	_	_	
7-111	1661-1665	naar	_	_	_	
7-112	1666-1668	de	_	_	_	
7-113	1669-1675	kanten	_	_	_	
7-114	1676-1679	met	_	_	_	
7-115	1680-1683	een	_	_	_	
7-116	1684-1688	lyst	_	_	_	
7-117	1689-1695	scherp	_	_	_	
7-118	1696-1707	toeloopende	_	_	_	
7-119	1707-1708	,	_	_	_	
7-120	1709-1712	als	_	_	_	
7-121	1713-1715	of	_	_	_	
7-122	1716-1723	degetve	_	_	_	
7-123	1724-1733	gesleegen	_	_	_	
7-124	1734-1740	waaren	_	_	_	
7-125	1740-1741	;	_	_	_	
7-126	1742-1748	echter	_	_	_	
7-127	1750-1753	zyn	_	_	_	
7-128	1754-1756	zy	_	_	_	
7-129	1757-1760	zoo	_	_	_	
7-130	1761-1770	natuurlyk	_	_	_	
7-131	1771-1779	gegroeit	_	_	_	
7-132	1779-1780	,	_	_	_	
7-133	1781-1784	ten	_	_	_	
7-134	1785-1790	bewys	_	_	_	
7-135	1791-1793	is	_	_	_	
7-136	1793-1794	,	_	_	_	
7-137	1795-1798	dat	_	_	_	
7-138	1799-1807	veeltyds	_	_	_	
7-139	1808-1812	in't	_	_	_	
7-140	1813-1819	midden	_	_	_	
7-141	1819-1820	,	_	_	_	
7-142	1821-1824	ook	_	_	_	
7-143	1825-1830	welop	_	_	_	
7-144	1831-1833	de	_	_	_	
7-145	1834-1836	zy	_	_	_	
7-146	1836-1837	-	_	_	_	
7-147	1839-1841	de	_	_	_	
7-148	1842-1845	van	_	_	_	
7-149	1846-1853	dezelve	_	_	_	
7-150	1854-1861	wederom	_	_	_	
7-151	1862-1865	een	_	_	_	
7-152	1866-1872	andere	_	_	_	
7-153	1873-1876	van	_	_	_	
7-154	1877-1880	die	_	_	_	
7-155	1881-1889	gedaante	_	_	_	
7-156	1890-1893	ter	_	_	_	
7-157	1894-1900	halver	_	_	_	
7-158	1901-1905	wege	_	_	_	
7-159	1906-1915	uitsteekt	_	_	_	
7-160	1915-1916	.	_	_	_	
